solid OpenSCAD_Model
  facet normal -1 0 0
    outer loop
      vertex 0 -7.5 0
      vertex 0 -5.658762136631632 1.6560639767638252
      vertex 0 -5.304405598179686 0.9374999999999999
    endloop
  endfacet
  facet normal -1 0 0
    outer loop
      vertex 0 -7.5 0
      vertex 0 -7.5 2.4
      vertex 0 -5.658762136631632 1.6560639767638252
    endloop
  endfacet
  facet normal -1 0 0
    outer loop
      vertex 0 -7.5 0
      vertex 0 -4.859289209283816 0.2713362473215859
      vertex 0 -4.621333706826004 0
    endloop
  endfacet
  facet normal -1 0 0
    outer loop
      vertex 0 -7.5 0
      vertex 0 -5.304405598179686 0.9374999999999999
      vertex 0 -4.859289209283816 0.2713362473215859
    endloop
  endfacet
  facet normal -1 0 0
    outer loop
      vertex 0 -7.5 2.4
      vertex 0 -5.916295686020543 2.4147333487470606
      vertex 0 -5.658762136631632 1.6560639767638252
    endloop
  endfacet
  facet normal -1 0 0
    outer loop
      vertex 0 -7.5 2.4
      vertex 0 -6.072599775914589 3.2005270726521844
      vertex 0 -5.916295686020543 2.4147333487470606
    endloop
  endfacet
  facet normal 0 -1 0
    outer loop
      vertex 0 -7.5 2.4
      vertex 18 -7.5 2.4
      vertex 7 -7.5 3.6
    endloop
  endfacet
  facet normal 0 1 0
    outer loop
      vertex 4.063470165672657 -3.2 2.4
      vertex 4.258151934502942 -3.2 2.6745166004060956
      vertex 7 -3.2 3.6
    endloop
  endfacet
  facet normal 0 1 0
    outer loop
      vertex 4.258151934502942 -3.2 2.6745166004060956
      vertex 4.499385956300375 -3.2 3.1425625842204075
      vertex 7 -3.2 3.6
    endloop
  endfacet
  facet normal 0 1 0
    outer loop
      vertex 4.063470165672657 -3.2 2.4
      vertex 7 -3.2 3.6
      vertex 11 -3.2 3.6
    endloop
  endfacet
  facet normal -1 0 0
    outer loop
      vertex 0 -7.5 2.4
      vertex 0 -7.5 6.4
      vertex 0 -6.072599775914589 3.2005270726521844
    endloop
  endfacet
  facet normal -1 0 0
    outer loop
      vertex 0 -7.5 6.4
      vertex 0 -6.125 4
      vertex 0 -6.072599775914589 3.2005270726521844
    endloop
  endfacet
  facet normal -1 0 0
    outer loop
      vertex 0 -7.5 6.4
      vertex 0 -6.072599775914589 4.799472927347816
      vertex 0 -6.125 4
    endloop
  endfacet
  facet normal -1 0 0
    outer loop
      vertex 0 -7.5 6.4
      vertex 0 -5.916295686020543 5.585266651252939
      vertex 0 -6.072599775914589 4.799472927347816
    endloop
  endfacet
  facet normal -1 0 0
    outer loop
      vertex 0 -7.5 6.4
      vertex 0 -5.658762136631632 6.343936023236175
      vertex 0 -5.916295686020543 5.585266651252939
    endloop
  endfacet
  facet normal -1 0 0
    outer loop
      vertex 0 -7.5 6.4
      vertex 0 -5.631114442925425 6.4
      vertex 0 -5.658762136631632 6.343936023236175
    endloop
  endfacet
  facet normal 0 -1 0
    outer loop
      vertex 0 -7.5 2.4
      vertex 7 -7.5 6.4
      vertex 0 -7.5 6.4
    endloop
  endfacet
  facet normal 0 0 1
    outer loop
      vertex 0 -7.5 6.4
      vertex 7 -7.5 6.4
      vertex 0 -5.631114442925425 6.4
    endloop
  endfacet
  facet normal 0 0 1
    outer loop
      vertex 0 -5.631114442925425 6.4
      vertex 7 -7.5 6.4
      vertex 2.1199999999999983 -4.156921938165306 6.4
    endloop
  endfacet
  facet normal 0 0 1
    outer loop
      vertex 7 -3.2 6.4
      vertex 3.3957739506466953 -3.2 6.4
      vertex 2.1199999999999983 -4.156921938165306 6.4
    endloop
  endfacet
  facet normal 0 -1 0
    outer loop
      vertex 0 -7.5 2.4
      vertex 7 -7.5 3.6
      vertex 7 -7.5 6.4
    endloop
  endfacet
  facet normal 0 0 1
    outer loop
      vertex 7 -7.5 6.4
      vertex 7 -3.2 6.4
      vertex 2.1199999999999983 -4.156921938165306 6.4
    endloop
  endfacet
  facet normal 0 1 0
    outer loop
      vertex 4.499385956300375 -3.2 3.1425625842204075
      vertex 4.635819721829618 -3.2 3.578712007720333
      vertex 7 -3.2 3.6
    endloop
  endfacet
  facet normal 0 1 0
    outer loop
      vertex 4.635819721829618 -3.2 3.578712007720333
      vertex 4.68 -3.2 4
      vertex 7 -3.2 3.6
    endloop
  endfacet
  facet normal 0 1 0
    outer loop
      vertex 7 -3.2 3.6
      vertex 4.68 -3.2 4
      vertex 4.635819721829618 -3.2 4.421287992279667
    endloop
  endfacet
  facet normal 0 1 0
    outer loop
      vertex 7 -3.2 3.6
      vertex 4.635819721829618 -3.2 4.421287992279667
      vertex 4.499385956300375 -3.2 4.857437415779593
    endloop
  endfacet
  facet normal 0 1 0
    outer loop
      vertex 7 -3.2 3.6
      vertex 4.499385956300375 -3.2 4.857437415779593
      vertex 4.258151934502942 -3.2 5.325483399593904
    endloop
  endfacet
  facet normal 0 1 0
    outer loop
      vertex 3.8879332434982317 -3.2 5.847520861406802
      vertex 7 -3.2 3.6
      vertex 4.258151934502942 -3.2 5.325483399593904
    endloop
  endfacet
  facet normal 0 1 0
    outer loop
      vertex 3.8879332434982317 -3.2 5.847520861406802
      vertex 7 -3.2 6.4
      vertex 7 -3.2 3.6
    endloop
  endfacet
  facet normal 0 1 0
    outer loop
      vertex 7 -3.2 6.4
      vertex 3.8879332434982317 -3.2 5.847520861406802
      vertex 3.3957739506466953 -3.2 6.4
    endloop
  endfacet
  facet normal 0 -1 0
    outer loop
      vertex 18 -7.5 2.4
      vertex 11 -7.5 3.6
      vertex 7 -7.5 3.6
    endloop
  endfacet
  facet normal 0 1 0
    outer loop
      vertex 4.063470165672657 -3.2 2.4
      vertex 11 -3.2 3.6
      vertex 13.936529834327343 -3.2 2.4
    endloop
  endfacet
  facet normal 0 1 0
    outer loop
      vertex 13.936529834327343 -3.2 2.4
      vertex 11 -3.2 3.6
      vertex 13.741848065497058 -3.2 2.6745166004060956
    endloop
  endfacet
  facet normal 0 1 0
    outer loop
      vertex 11 -3.2 3.6
      vertex 13.500614043699626 -3.2 3.1425625842204075
      vertex 13.741848065497058 -3.2 2.6745166004060956
    endloop
  endfacet
  facet normal 1 0 0
    outer loop
      vertex 18 -7.5 2.4
      vertex 18 -5.911294388041034 2.4
      vertex 18 -5.9162956860205425 2.4147333487470606
    endloop
  endfacet
  facet normal 1 0 0
    outer loop
      vertex 18 -7.5 2.4
      vertex 18 -5.9162956860205425 2.4147333487470606
      vertex 18 -6.072599775914588 3.2005270726521844
    endloop
  endfacet
  facet normal 0 -1 0
    outer loop
      vertex 18 -7.5 6.4
      vertex 11 -7.5 6.4
      vertex 11 -7.5 3.6
    endloop
  endfacet
  facet normal 0 0 1
    outer loop
      vertex 11 -3.2 6.4
      vertex 11 -7.5 6.4
      vertex 14.604226049353304 -3.2 6.4
    endloop
  endfacet
  facet normal 0 1 0
    outer loop
      vertex 13.500614043699626 -3.2 3.1425625842204075
      vertex 11 -3.2 3.6
      vertex 11 -3.2 6.4
    endloop
  endfacet
  facet normal 0 1 0
    outer loop
      vertex 11 -3.2 6.4
      vertex 13.364180278170382 -3.2 3.578712007720333
      vertex 13.500614043699626 -3.2 3.1425625842204075
    endloop
  endfacet
  facet normal 0 1 0
    outer loop
      vertex 11 -3.2 6.4
      vertex 13.32 -3.2 4
      vertex 13.364180278170382 -3.2 3.578712007720333
    endloop
  endfacet
  facet normal 0 1 0
    outer loop
      vertex 11 -3.2 6.4
      vertex 13.364180278170382 -3.2 4.421287992279667
      vertex 13.32 -3.2 4
    endloop
  endfacet
  facet normal 0 1 0
    outer loop
      vertex 11 -3.2 6.4
      vertex 13.500614043699626 -3.2 4.857437415779592
      vertex 13.364180278170382 -3.2 4.421287992279667
    endloop
  endfacet
  facet normal 0 1 0
    outer loop
      vertex 11 -3.2 6.4
      vertex 13.741848065497058 -3.2 5.325483399593904
      vertex 13.500614043699626 -3.2 4.857437415779592
    endloop
  endfacet
  facet normal 0 1 0
    outer loop
      vertex 11 -3.2 6.4
      vertex 14.112066756501768 -3.2 5.847520861406803
      vertex 13.741848065497058 -3.2 5.325483399593904
    endloop
  endfacet
  facet normal 0 1 0
    outer loop
      vertex 11 -3.2 6.4
      vertex 14.604226049353304 -3.2 6.4
      vertex 14.112066756501768 -3.2 5.847520861406803
    endloop
  endfacet
  facet normal 0 -1 0
    outer loop
      vertex 18 -7.5 2.4
      vertex 18 -7.5 6.4
      vertex 11 -7.5 3.6
    endloop
  endfacet
  facet normal 1 0 0
    outer loop
      vertex 18 -7.5 2.4
      vertex 18 -6.072599775914588 3.2005270726521844
      vertex 18 -6.124999999999999 4
    endloop
  endfacet
  facet normal 1 0 0
    outer loop
      vertex 18 -7.5 2.4
      vertex 18 -6.124999999999999 4
      vertex 18 -7.5 6.4
    endloop
  endfacet
  facet normal 0 0 1
    outer loop
      vertex 18 -7.5 6.4
      vertex 15.88 -4.156921938165305 6.4
      vertex 11 -7.5 6.4
    endloop
  endfacet
  facet normal 0 0 1
    outer loop
      vertex 11 -7.5 6.4
      vertex 15.88 -4.156921938165305 6.4
      vertex 14.604226049353304 -3.2 6.4
    endloop
  endfacet
  facet normal 1 0 0
    outer loop
      vertex 18 -7.5 6.4
      vertex 18 -6.124999999999999 4
      vertex 18 -6.072599775914588 4.799472927347816
    endloop
  endfacet
  facet normal 1 0 0
    outer loop
      vertex 18 -7.5 6.4
      vertex 18 -6.072599775914588 4.799472927347816
      vertex 18 -5.9162956860205425 5.5852666512529385
    endloop
  endfacet
  facet normal 1 0 0
    outer loop
      vertex 18 -7.5 6.4
      vertex 18 -5.9162956860205425 5.5852666512529385
      vertex 18 -5.658762136631631 6.343936023236174
    endloop
  endfacet
  facet normal 1 0 0
    outer loop
      vertex 18 -7.5 6.4
      vertex 18 -5.658762136631631 6.343936023236174
      vertex 18 -5.6311144429254245 6.4
    endloop
  endfacet
  facet normal 0 0 1
    outer loop
      vertex 18 -7.5 6.4
      vertex 18 -5.6311144429254245 6.4
      vertex 15.88 -4.156921938165305 6.4
    endloop
  endfacet
  facet normal -1 0 0
    outer loop
      vertex 0 7.5 0
      vertex 0 4.621333706826004 0
      vertex 0 4.859289209283816 0.2713362473215859
    endloop
  endfacet
  facet normal -1 0 0
    outer loop
      vertex 0 7.5 0
      vertex 0 4.859289209283816 0.2713362473215859
      vertex 0 5.304405598179686 0.9374999999999999
    endloop
  endfacet
  facet normal -1 0 0
    outer loop
      vertex 0 7.5 0
      vertex 0 5.304405598179686 0.9374999999999999
      vertex 0 5.658762136631632 1.6560639767638252
    endloop
  endfacet
  facet normal -1 0 0
    outer loop
      vertex 0 7.5 0
      vertex 0 5.658762136631632 1.6560639767638252
      vertex 0 7.5 2.4
    endloop
  endfacet
  facet normal -1 0 0
    outer loop
      vertex 0 7.5 2.4
      vertex 0 5.658762136631632 1.6560639767638252
      vertex 0 5.916295686020543 2.4147333487470606
    endloop
  endfacet
  facet normal -1 0 0
    outer loop
      vertex 0 7.5 2.4
      vertex 0 5.916295686020543 2.4147333487470606
      vertex 0 6.072599775914589 3.2005270726521844
    endloop
  endfacet
  facet normal 0 -1 0
    outer loop
      vertex 4.063470165672657 3.2 2.4
      vertex 7 3.2 3.6
      vertex 4.258151934502942 3.2 2.6745166004060956
    endloop
  endfacet
  facet normal 0 -1 0
    outer loop
      vertex 4.499385956300375 3.2 3.1425625842204075
      vertex 4.258151934502942 3.2 2.6745166004060956
      vertex 7 3.2 3.6
    endloop
  endfacet
  facet normal 0 -1 0
    outer loop
      vertex 4.063470165672657 3.2 2.4
      vertex 7.9205390337802655 3.2 3.6
      vertex 7 3.2 3.6
    endloop
  endfacet
  facet normal 0 -1 0
    outer loop
      vertex 4.063470165672657 3.2 2.4
      vertex 11 3.2 3.6
      vertex 7.9205390337802655 3.2 3.6
    endloop
  endfacet
  facet normal 0 1 0
    outer loop
      vertex 0 7.5 2.4
      vertex 7 7.5 3.6
      vertex 11 7.5 3.6
    endloop
  endfacet
  facet normal -1 0 0
    outer loop
      vertex 0 7.5 2.4
      vertex 0 6.072599775914589 3.2005270726521844
      vertex 0 6.125 4
    endloop
  endfacet
  facet normal -1 0 0
    outer loop
      vertex 0 7.5 2.4
      vertex 0 6.125 4
      vertex 0 7.5 6.4
    endloop
  endfacet
  facet normal 0 1 0
    outer loop
      vertex 0 7.5 2.4
      vertex 0 7.5 6.4
      vertex 7 7.5 3.6
    endloop
  endfacet
  facet normal 0 0 1
    outer loop
      vertex 0 7.5 6.4
      vertex 0 5.631114442925425 6.4
      vertex 2.1199999999999983 4.156921938165306 6.4
    endloop
  endfacet
  facet normal -1 0 0
    outer loop
      vertex 0 7.5 6.4
      vertex 0 6.125 4
      vertex 0 6.072599775914589 4.799472927347816
    endloop
  endfacet
  facet normal -1 0 0
    outer loop
      vertex 0 7.5 6.4
      vertex 0 6.072599775914589 4.799472927347816
      vertex 0 5.916295686020543 5.585266651252939
    endloop
  endfacet
  facet normal -1 0 0
    outer loop
      vertex 0 7.5 6.4
      vertex 0 5.916295686020543 5.585266651252939
      vertex 0 5.658762136631632 6.343936023236175
    endloop
  endfacet
  facet normal -1 0 0
    outer loop
      vertex 0 7.5 6.4
      vertex 0 5.658762136631632 6.343936023236175
      vertex 0 5.631114442925425 6.4
    endloop
  endfacet
  facet normal 0 0 1
    outer loop
      vertex 7 7.5 6.4
      vertex 2.1199999999999983 4.156921938165306 6.4
      vertex 3.3957739506466953 3.2 6.4
    endloop
  endfacet
  facet normal 0 0 1
    outer loop
      vertex 0 7.5 6.4
      vertex 2.1199999999999983 4.156921938165306 6.4
      vertex 7 7.5 6.4
    endloop
  endfacet
  facet normal 0 -1 0
    outer loop
      vertex 4.499385956300375 3.2 3.1425625842204075
      vertex 7 3.2 6.4
      vertex 4.635819721829618 3.2 3.578712007720333
    endloop
  endfacet
  facet normal 0 -1 0
    outer loop
      vertex 7 3.2 6.4
      vertex 4.68 3.2 4
      vertex 4.635819721829618 3.2 3.578712007720333
    endloop
  endfacet
  facet normal 0 -1 0
    outer loop
      vertex 4.499385956300375 3.2 3.1425625842204075
      vertex 7 3.2 3.6
      vertex 7 3.2 6.4
    endloop
  endfacet
  facet normal 0 -1 0
    outer loop
      vertex 4.635819721829618 3.2 4.421287992279667
      vertex 4.68 3.2 4
      vertex 7 3.2 6.4
    endloop
  endfacet
  facet normal 0 -1 0
    outer loop
      vertex 4.499385956300375 3.2 4.857437415779593
      vertex 4.635819721829618 3.2 4.421287992279667
      vertex 7 3.2 6.4
    endloop
  endfacet
  facet normal 0 -1 0
    outer loop
      vertex 4.499385956300375 3.2 4.857437415779593
      vertex 7 3.2 6.4
      vertex 4.258151934502942 3.2 5.325483399593904
    endloop
  endfacet
  facet normal 0 -1 0
    outer loop
      vertex 7 3.2 6.4
      vertex 3.8879332434982317 3.2 5.847520861406802
      vertex 4.258151934502942 3.2 5.325483399593904
    endloop
  endfacet
  facet normal 0 -1 0
    outer loop
      vertex 3.3957739506466953 3.2 6.4
      vertex 3.8879332434982317 3.2 5.847520861406802
      vertex 7 3.2 6.4
    endloop
  endfacet
  facet normal 0 0 1
    outer loop
      vertex 3.3957739506466953 3.2 6.4
      vertex 7 3.2 6.4
      vertex 7 7.5 6.4
    endloop
  endfacet
  facet normal 0 1 0
    outer loop
      vertex 0 7.5 6.4
      vertex 7 7.5 6.4
      vertex 7 7.5 3.6
    endloop
  endfacet
  facet normal 0 -1 0
    outer loop
      vertex 4.063470165672657 3.2 2.4
      vertex 13.936529834327343 3.2 2.4
      vertex 11 3.2 3.6
    endloop
  endfacet
  facet normal 0 -1 0
    outer loop
      vertex 13.936529834327343 3.2 2.4
      vertex 13.741848065497058 3.2 2.6745166004060956
      vertex 11 3.2 3.6
    endloop
  endfacet
  facet normal 0 -1 0
    outer loop
      vertex 11 3.2 3.6
      vertex 13.741848065497058 3.2 2.6745166004060956
      vertex 13.500614043699626 3.2 3.1425625842204075
    endloop
  endfacet
  facet normal 0 1 0
    outer loop
      vertex 0 7.5 2.4
      vertex 11 7.5 3.6
      vertex 18 7.5 2.4
    endloop
  endfacet
  facet normal 1 0 0
    outer loop
      vertex 18 7.443961772371851 0.08340573414422241
      vertex 18 7.5 0.05454545454545455
      vertex 18 7.5 0.075
    endloop
  endfacet
  facet normal 1 0 0
    outer loop
      vertex 18 7.5 2.4
      vertex 18 5.9162956860205425 2.4147333487470606
      vertex 18 5.911294388041034 2.4
    endloop
  endfacet
  facet normal 1 0 0
    outer loop
      vertex 18 7.5 2.4
      vertex 18 6.072599775914588 3.2005270726521844
      vertex 18 5.9162956860205425 2.4147333487470606
    endloop
  endfacet
  facet normal 0 -1 0
    outer loop
      vertex 11 3.2 3.6
      vertex 13.500614043699626 3.2 3.1425625842204075
      vertex 13.364180278170382 3.2 3.578712007720333
    endloop
  endfacet
  facet normal 0 -1 0
    outer loop
      vertex 11 3.2 3.6
      vertex 13.364180278170382 3.2 3.578712007720333
      vertex 13.32 3.2 4
    endloop
  endfacet
  facet normal 0 -1 0
    outer loop
      vertex 11 3.2 3.6
      vertex 13.32 3.2 4
      vertex 13.364180278170382 3.2 4.421287992279667
    endloop
  endfacet
  facet normal 0 -1 0
    outer loop
      vertex 11 3.2 3.6
      vertex 13.364180278170382 3.2 4.421287992279667
      vertex 13.500614043699626 3.2 4.857437415779592
    endloop
  endfacet
  facet normal 0 -1 0
    outer loop
      vertex 11 3.2 3.6
      vertex 13.500614043699626 3.2 4.857437415779592
      vertex 13.741848065497058 3.2 5.325483399593904
    endloop
  endfacet
  facet normal 0 -1 0
    outer loop
      vertex 14.112066756501768 3.2 5.847520861406803
      vertex 11 3.2 6.4
      vertex 11 3.2 3.6
    endloop
  endfacet
  facet normal 0 -1 0
    outer loop
      vertex 11 3.2 3.6
      vertex 13.741848065497058 3.2 5.325483399593904
      vertex 14.112066756501768 3.2 5.847520861406803
    endloop
  endfacet
  facet normal 0 -1 0
    outer loop
      vertex 11 3.2 6.4
      vertex 14.112066756501768 3.2 5.847520861406803
      vertex 14.604226049353304 3.2 6.4
    endloop
  endfacet
  facet normal 0 1 0
    outer loop
      vertex 18 7.5 2.4
      vertex 11 7.5 3.6
      vertex 11 7.5 6.4
    endloop
  endfacet
  facet normal 0 0 1
    outer loop
      vertex 11 7.5 6.4
      vertex 11 3.2 6.4
      vertex 15.880000000000003 4.156921938165306 6.4
    endloop
  endfacet
  facet normal 0 0 1
    outer loop
      vertex 14.604226049353304 3.2 6.4
      vertex 15.880000000000003 4.156921938165306 6.4
      vertex 11 3.2 6.4
    endloop
  endfacet
  facet normal 1 0 0
    outer loop
      vertex 18 7.5 6.4
      vertex 18 6.124999999999999 4
      vertex 18 6.072599775914588 3.2005270726521844
    endloop
  endfacet
  facet normal 1 0 0
    outer loop
      vertex 18 7.5 2.4
      vertex 18 7.5 6.4
      vertex 18 6.072599775914588 3.2005270726521844
    endloop
  endfacet
  facet normal 0 0 1
    outer loop
      vertex 11 7.5 6.4
      vertex 15.880000000000003 4.156921938165306 6.4
      vertex 18 5.6311144429254245 6.4
    endloop
  endfacet
  facet normal 0 1 0
    outer loop
      vertex 18 7.5 2.4
      vertex 11 7.5 6.4
      vertex 18 7.5 6.4
    endloop
  endfacet
  facet normal 0 0 1
    outer loop
      vertex 18 7.5 6.4
      vertex 11 7.5 6.4
      vertex 18 5.6311144429254245 6.4
    endloop
  endfacet
  facet normal 1 0 0
    outer loop
      vertex 18 7.5 6.4
      vertex 18 6.072599775914588 4.799472927347816
      vertex 18 6.124999999999999 4
    endloop
  endfacet
  facet normal 1 0 0
    outer loop
      vertex 18 7.5 6.4
      vertex 18 5.9162956860205425 5.5852666512529385
      vertex 18 6.072599775914588 4.799472927347816
    endloop
  endfacet
  facet normal 1 0 0
    outer loop
      vertex 18 7.5 6.4
      vertex 18 5.658762136631631 6.343936023236174
      vertex 18 5.9162956860205425 5.5852666512529385
    endloop
  endfacet
  facet normal 1 0 0
    outer loop
      vertex 18 7.5 6.4
      vertex 18 5.6311144429254245 6.4
      vertex 18 5.658762136631631 6.343936023236174
    endloop
  endfacet
  facet normal -1 0 0
    outer loop
      vertex 0 -8 0
      vertex 0 -8 2.4
      vertex 0 -7.5 0
    endloop
  endfacet
  facet normal -1 0 0
    outer loop
      vertex 0 -7.5 0
      vertex 0 -8 2.4
      vertex 0 -7.5 2.4
    endloop
  endfacet
  facet normal 0 0 -1
    outer loop
      vertex 0 -8 0
      vertex 8.15 -6.472243186433546 0
      vertex 8.349438164979347 -6.570595205269187 0
    endloop
  endfacet
  facet normal 0 0 -1
    outer loop
      vertex 0 -8 0
      vertex 7.527756813566454 -5.85 0
      vertex 7.651299321504901 -6.034894429314825 0
    endloop
  endfacet
  facet normal 0 0 -1
    outer loop
      vertex 0 -8 0
      vertex 7.429404794730813 -5.650561835020652 0
      vertex 7.527756813566454 -5.85 0
    endloop
  endfacet
  facet normal 0 0 -1
    outer loop
      vertex 0 -8 0
      vertex 7.357926095308584 -5.439992376674285 0
      vertex 7.429404794730813 -5.650561835020652 0
    endloop
  endfacet
  facet normal 0 0 -1
    outer loop
      vertex 0 -8 0
      vertex 7.314543735664523 -5.221894526774087 0
      vertex 7.357926095308584 -5.439992376674285 0
    endloop
  endfacet
  facet normal 0 0 -1
    outer loop
      vertex 0 -8 0
      vertex 7.3 -5 0
      vertex 7.314543735664523 -5.221894526774087 0
    endloop
  endfacet
  facet normal 0 0 -1
    outer loop
      vertex 0 -8 0
      vertex 7.797918471982869 -6.202081528017131 0
      vertex 7.965105570685175 -6.348700678495099 0
    endloop
  endfacet
  facet normal 0 0 -1
    outer loop
      vertex 0 -8 0
      vertex 7.651299321504901 -6.034894429314825 0
      vertex 7.797918471982869 -6.202081528017131 0
    endloop
  endfacet
  facet normal 0 0 -1
    outer loop
      vertex 0 -8 0
      vertex 7.965105570685175 -6.348700678495099 0
      vertex 8.15 -6.472243186433546 0
    endloop
  endfacet
  facet normal 0 0 -1
    outer loop
      vertex 0 -8 0
      vertex 8.349438164979347 -6.570595205269187 0
      vertex 8.560007623325715 -6.642073904691416 0
    endloop
  endfacet
  facet normal 0 0 -1
    outer loop
      vertex 0 -8 0
      vertex 8.560007623325715 -6.642073904691416 0
      vertex 8.778105473225912 -6.685456264335477 0
    endloop
  endfacet
  facet normal 0 -1 0
    outer loop
      vertex 0 -8 0
      vertex 18 -8 2.4
      vertex 0 -8 2.4
    endloop
  endfacet
  facet normal 0 0 -1
    outer loop
      vertex 0 -8 0
      vertex 7.314543735664523 -4.778105473225913 0
      vertex 7.3 -5 0
    endloop
  endfacet
  facet normal 0 0 -1
    outer loop
      vertex 0 -8 0
      vertex 7.357926095308584 -4.560007623325715 0
      vertex 7.314543735664523 -4.778105473225913 0
    endloop
  endfacet
  facet normal 0 0 -1
    outer loop
      vertex 0 -8 0
      vertex 7.429404794730813 -4.349438164979348 0
      vertex 7.357926095308584 -4.560007623325715 0
    endloop
  endfacet
  facet normal 0 0 -1
    outer loop
      vertex 0 -8 0
      vertex 7.527756813566454 -4.15 0
      vertex 7.429404794730813 -4.349438164979348 0
    endloop
  endfacet
  facet normal 0 0 -1
    outer loop
      vertex 0 -8 0
      vertex 7.651299321504901 -3.965105570685175 0
      vertex 7.527756813566454 -4.15 0
    endloop
  endfacet
  facet normal 0 0 -1
    outer loop
      vertex 0 -8 0
      vertex 7.797918471982869 -3.797918471982869 0
      vertex 7.651299321504901 -3.965105570685175 0
    endloop
  endfacet
  facet normal 0 0 -1
    outer loop
      vertex 0 -8 0
      vertex 7.965105570685175 -3.6512993215049003 0
      vertex 7.797918471982869 -3.797918471982869 0
    endloop
  endfacet
  facet normal 0 0 -1
    outer loop
      vertex 0 -8 0
      vertex 0 -7.5 0
      vertex 14.825767554624532 1.0717967697244908 0
    endloop
  endfacet
  facet normal 0 0 -1
    outer loop
      vertex 0 -8 0
      vertex 8.778105473225912 -6.685456264335477 0
      vertex 18 -8 0
    endloop
  endfacet
  facet normal 0 0 1
    outer loop
      vertex 0 -8 2.4
      vertex 18 -8 2.4
      vertex 0 -7.5 2.4
    endloop
  endfacet
  facet normal 0 0 -1
    outer loop
      vertex 0 -7.5 0
      vertex 0 -4.621333706826004 0
      vertex 14.825767554624532 1.0717967697244908 0
    endloop
  endfacet
  facet normal 0 0 -1
    outer loop
      vertex 14.825767554624532 1.0717967697244908 0
      vertex 0 -4.621333706826004 0
      vertex 0.7490332008121934 -4 0
    endloop
  endfacet
  facet normal 0 0 -1
    outer loop
      vertex 14.825767554624532 1.0717967697244908 0
      vertex 0.7490332008121934 -4 0
      vertex 1.7329765503343084 -3.069307951915841 0
    endloop
  endfacet
  facet normal 0 0 -1
    outer loop
      vertex 14.825767554624532 1.0717967697244908 0
      vertex 1.7329765503343084 -3.069307951915841 0
      vertex 2.4099165543727903 -2.309401076758503 0
    endloop
  endfacet
  facet normal 0 0 -1
    outer loop
      vertex 0 -8 0
      vertex 14.825767554624532 1.0717967697244908 0
      vertex 7.965105570685175 -3.6512993215049003 0
    endloop
  endfacet
  facet normal 0 0 -1
    outer loop
      vertex 15.590083445627211 2.3094010767585034 0
      vertex 2.4099165543727903 -2.309401076758503 0
      vertex 2.8726899181286787 -1.6568542494923801 0
    endloop
  endfacet
  facet normal 0 0 -1
    outer loop
      vertex 15.590083445627211 2.3094010767585034 0
      vertex 2.8726899181286787 -1.6568542494923801 0
      vertex 3.174232445375469 -1.0717967697244908 0
    endloop
  endfacet
  facet normal 0 0 1
    outer loop
      vertex 13.936529834327343 -3.2 2.4
      vertex 4.68 -2.7712812921102037 2.4
      vertex 4.063470165672657 -3.2 2.4
    endloop
  endfacet
  facet normal 0 0 1
    outer loop
      vertex 13.936529834327343 -3.2 2.4
      vertex 5 -2.531258347561386 2.4
      vertex 4.68 -2.7712812921102037 2.4
    endloop
  endfacet
  facet normal 0 0 -1
    outer loop
      vertex 1.7329765503343082 3.069307951915841 0
      vertex 0.7490332008121933 4 0
      vertex 7.314543735664523 4.778105473225913 0
    endloop
  endfacet
  facet normal -1 0 0
    outer loop
      vertex 0 7.5 0
      vertex 0 7.5 2.4
      vertex 0 8 0
    endloop
  endfacet
  facet normal -1 0 0
    outer loop
      vertex 0 8 0
      vertex 0 7.5 2.4
      vertex 0 8 2.4
    endloop
  endfacet
  facet normal 0 0 -1
    outer loop
      vertex 0 4.621333706826004 0
      vertex 7.314543735664523 4.778105473225913 0
      vertex 0.7490332008121933 4 0
    endloop
  endfacet
  facet normal 0 0 -1
    outer loop
      vertex 0 7.5 0
      vertex 7.314543735664523 4.778105473225913 0
      vertex 0 4.621333706826004 0
    endloop
  endfacet
  facet normal 0 0 -1
    outer loop
      vertex 0 7.5 0
      vertex 0 8 0
      vertex 7.527756813566454 5.85 0
    endloop
  endfacet
  facet normal 0 0 -1
    outer loop
      vertex 1.7329765503343082 3.069307951915841 0
      vertex 7.429404794730813 4.349438164979348 0
      vertex 7.527756813566454 4.15 0
    endloop
  endfacet
  facet normal 0 0 -1
    outer loop
      vertex 1.7329765503343082 3.069307951915841 0
      vertex 7.357926095308584 4.560007623325715 0
      vertex 7.429404794730813 4.349438164979348 0
    endloop
  endfacet
  facet normal 0 0 -1
    outer loop
      vertex 1.7329765503343082 3.069307951915841 0
      vertex 7.965105570685175 3.6512993215049003 0
      vertex 8.15 3.5277568135664543 0
    endloop
  endfacet
  facet normal 0 0 -1
    outer loop
      vertex 1.7329765503343082 3.069307951915841 0
      vertex 8.15 3.5277568135664543 0
      vertex 8.349438164979347 3.4294047947308126 0
    endloop
  endfacet
  facet normal 0 0 -1
    outer loop
      vertex 1.7329765503343082 3.069307951915841 0
      vertex 7.651299321504901 3.965105570685175 0
      vertex 7.797918471982869 3.797918471982869 0
    endloop
  endfacet
  facet normal 0 0 -1
    outer loop
      vertex 1.7329765503343082 3.069307951915841 0
      vertex 7.527756813566454 4.15 0
      vertex 7.651299321504901 3.965105570685175 0
    endloop
  endfacet
  facet normal 0 0 -1
    outer loop
      vertex 1.7329765503343082 3.069307951915841 0
      vertex 7.797918471982869 3.797918471982869 0
      vertex 7.965105570685175 3.6512993215049003 0
    endloop
  endfacet
  facet normal 0 0 -1
    outer loop
      vertex 1.7329765503343082 3.069307951915841 0
      vertex 8.560007623325715 3.357926095308584 0
      vertex 8.778105473225912 3.3145437356645227 0
    endloop
  endfacet
  facet normal 0 0 -1
    outer loop
      vertex 1.7329765503343082 3.069307951915841 0
      vertex 8.349438164979347 3.4294047947308126 0
      vertex 8.560007623325715 3.357926095308584 0
    endloop
  endfacet
  facet normal 0 0 -1
    outer loop
      vertex 1.7329765503343082 3.069307951915841 0
      vertex 8.778105473225912 3.3145437356645227 0
      vertex 9 3.3 0
    endloop
  endfacet
  facet normal 0 0 -1
    outer loop
      vertex 15.590083445627211 2.3094010767585034 0
      vertex 3.174232445375469 -1.0717967697244908 0
      vertex 3.3447746522870228 -0.5266099903495833 0
    endloop
  endfacet
  facet normal 0 0 -1
    outer loop
      vertex 15.590083445627211 2.3094010767585034 0
      vertex 3.3447746522870228 -0.5266099903495833 0
      vertex 3.4 0 0
    endloop
  endfacet
  facet normal 0 0 -1
    outer loop
      vertex 15.590083445627211 2.3094010767585034 0
      vertex 3.4 0 0
      vertex 3.3447746522870228 0.5266099903495833 0
    endloop
  endfacet
  facet normal 0 0 -1
    outer loop
      vertex 3.174232445375469 1.0717967697244908 0
      vertex 2.8726899181286787 1.6568542494923801 0
      vertex 15.590083445627211 2.3094010767585034 0
    endloop
  endfacet
  facet normal 0 0 -1
    outer loop
      vertex 15.590083445627211 2.3094010767585034 0
      vertex 3.3447746522870228 0.5266099903495833 0
      vertex 3.174232445375469 1.0717967697244908 0
    endloop
  endfacet
  facet normal 0 0 -1
    outer loop
      vertex 2.8726899181286787 1.6568542494923801 0
      vertex 2.4099165543727903 2.309401076758503 0
      vertex 15.590083445627211 2.3094010767585034 0
    endloop
  endfacet
  facet normal 0 0 -1
    outer loop
      vertex 2.4099165543727903 2.309401076758503 0
      vertex 1.7329765503343082 3.069307951915841 0
      vertex 16.267023449665693 3.069307951915841 0
    endloop
  endfacet
  facet normal 0 0 1
    outer loop
      vertex 4.063470165672657 3.2 2.4
      vertex 4.68 2.7712812921102037 2.4
      vertex 13 2.531258347561386 2.4
    endloop
  endfacet
  facet normal 0 0 1
    outer loop
      vertex 4.68 2.7712812921102037 2.4
      vertex 5 2.531258347561386 2.4
      vertex 13 2.531258347561386 2.4
    endloop
  endfacet
  facet normal 0 0 -1
    outer loop
      vertex 1.7329765503343082 3.069307951915841 0
      vertex 7.314543735664523 4.778105473225913 0
      vertex 7.357926095308584 4.560007623325715 0
    endloop
  endfacet
  facet normal 0 0 -1
    outer loop
      vertex 0 7.5 0
      vertex 7.3 5 0
      vertex 7.314543735664523 4.778105473225913 0
    endloop
  endfacet
  facet normal 0 0 -1
    outer loop
      vertex 0 7.5 0
      vertex 7.314543735664523 5.221894526774087 0
      vertex 7.3 5 0
    endloop
  endfacet
  facet normal 0 0 -1
    outer loop
      vertex 0 7.5 0
      vertex 7.357926095308584 5.439992376674285 0
      vertex 7.314543735664523 5.221894526774087 0
    endloop
  endfacet
  facet normal 0 0 -1
    outer loop
      vertex 0 7.5 0
      vertex 7.429404794730813 5.650561835020652 0
      vertex 7.357926095308584 5.439992376674285 0
    endloop
  endfacet
  facet normal 0 0 -1
    outer loop
      vertex 0 7.5 0
      vertex 7.527756813566454 5.85 0
      vertex 7.429404794730813 5.650561835020652 0
    endloop
  endfacet
  facet normal 0 0 -1
    outer loop
      vertex 0 8 0
      vertex 7.651299321504901 6.034894429314825 0
      vertex 7.527756813566454 5.85 0
    endloop
  endfacet
  facet normal 0 0 -1
    outer loop
      vertex 0 8 0
      vertex 7.797918471982869 6.202081528017131 0
      vertex 7.651299321504901 6.034894429314825 0
    endloop
  endfacet
  facet normal 0 0 -1
    outer loop
      vertex 0 8 0
      vertex 7.965105570685175 6.348700678495099 0
      vertex 7.797918471982869 6.202081528017131 0
    endloop
  endfacet
  facet normal 0 0 -1
    outer loop
      vertex 0 8 0
      vertex 8.15 6.472243186433546 0
      vertex 7.965105570685175 6.348700678495099 0
    endloop
  endfacet
  facet normal 0 0 -1
    outer loop
      vertex 0 8 0
      vertex 8.349438164979347 6.570595205269187 0
      vertex 8.15 6.472243186433546 0
    endloop
  endfacet
  facet normal 0 0 -1
    outer loop
      vertex 0 8 0
      vertex 8.560007623325715 6.642073904691416 0
      vertex 8.349438164979347 6.570595205269187 0
    endloop
  endfacet
  facet normal 0 0 -1
    outer loop
      vertex 0 8 0
      vertex 8.778105473225912 6.685456264335477 0
      vertex 8.560007623325715 6.642073904691416 0
    endloop
  endfacet
  facet normal 0 0 -1
    outer loop
      vertex 0 8 0
      vertex 9 6.7 0
      vertex 8.778105473225912 6.685456264335477 0
    endloop
  endfacet
  facet normal 0 0 -1
    outer loop
      vertex 0 8 0
      vertex 9.221894526774088 6.685456264335477 0
      vertex 9 6.7 0
    endloop
  endfacet
  facet normal 0 1 0
    outer loop
      vertex 0 8 0
      vertex 0 8 2.4
      vertex 18 8 0
    endloop
  endfacet
  facet normal 0 0 1
    outer loop
      vertex 0 7.5 2.4
      vertex 18 7.5 2.4
      vertex 0 8 2.4
    endloop
  endfacet
  facet normal 0 0 -1
    outer loop
      vertex 18 -8 0
      vertex 8.778105473225912 -6.685456264335477 0
      vertex 9 -6.7 0
    endloop
  endfacet
  facet normal 0 0 -1
    outer loop
      vertex 18 -8 0
      vertex 9 -6.7 0
      vertex 9.221894526774088 -6.685456264335477 0
    endloop
  endfacet
  facet normal 0 0 -1
    outer loop
      vertex 18 -8 0
      vertex 9.221894526774088 -6.685456264335477 0
      vertex 9.439992376674285 -6.642073904691416 0
    endloop
  endfacet
  facet normal 0 0 -1
    outer loop
      vertex 18 -8 0
      vertex 9.439992376674285 -6.642073904691416 0
      vertex 9.650561835020653 -6.570595205269187 0
    endloop
  endfacet
  facet normal 0 -1 0
    outer loop
      vertex 0 -8 0
      vertex 18 -8 0
      vertex 18 -8 2.4
    endloop
  endfacet
  facet normal 0 0 -1
    outer loop
      vertex 18 -8 0
      vertex 9.650561835020653 -6.570595205269187 0
      vertex 9.85 -6.472243186433546 0
    endloop
  endfacet
  facet normal 0 0 -1
    outer loop
      vertex 18 -8 0
      vertex 9.85 -6.472243186433546 0
      vertex 10.034894429314825 -6.348700678495099 0
    endloop
  endfacet
  facet normal 0 0 -1
    outer loop
      vertex 18 -8 0
      vertex 10.034894429314825 -6.348700678495099 0
      vertex 10.20208152801713 -6.202081528017131 0
    endloop
  endfacet
  facet normal 0 0 -1
    outer loop
      vertex 18 -8 0
      vertex 10.20208152801713 -6.202081528017131 0
      vertex 10.3487006784951 -6.034894429314825 0
    endloop
  endfacet
  facet normal 0 0 -1
    outer loop
      vertex 18 -8 0
      vertex 10.3487006784951 -6.034894429314825 0
      vertex 10.472243186433545 -5.85 0
    endloop
  endfacet
  facet normal 0 0 -1
    outer loop
      vertex 18 -8 0
      vertex 10.472243186433545 -5.85 0
      vertex 10.570595205269187 -5.650561835020652 0
    endloop
  endfacet
  facet normal 0 0 -1
    outer loop
      vertex 18 -8 0
      vertex 10.570595205269187 -5.650561835020652 0
      vertex 10.642073904691417 -5.439992376674285 0
    endloop
  endfacet
  facet normal 0 0 -1
    outer loop
      vertex 18 -8 0
      vertex 10.642073904691417 -5.439992376674285 0
      vertex 10.685456264335478 -5.221894526774087 0
    endloop
  endfacet
  facet normal 0 0 -1
    outer loop
      vertex 10.685456264335478 -5.221894526774087 0
      vertex 10.7 -5 0
      vertex 16.267023449665693 -3.069307951915841 0
    endloop
  endfacet
  facet normal 0 0 -1
    outer loop
      vertex 10.7 -5 0
      vertex 10.685456264335478 -4.778105473225913 0
      vertex 16.267023449665693 -3.069307951915841 0
    endloop
  endfacet
  facet normal 0 0 1
    outer loop
      vertex 0 -7.5 2.4
      vertex 18 -8 2.4
      vertex 18 -7.5 2.4
    endloop
  endfacet
  facet normal 0 0 -1
    outer loop
      vertex 14.825767554624532 1.0717967697244908 0
      vertex 8.15 -3.5277568135664543 0
      vertex 7.965105570685175 -3.6512993215049003 0
    endloop
  endfacet
  facet normal 0 0 -1
    outer loop
      vertex 9.221894526774088 -3.3145437356645227 0
      vertex 9 -3.3 0
      vertex 14.655225347712978 0.5266099903495833 0
    endloop
  endfacet
  facet normal 0 0 -1
    outer loop
      vertex 9.650561835020653 -3.4294047947308126 0
      vertex 9.439992376674285 -3.357926095308584 0
      vertex 14.600000000000001 0 0
    endloop
  endfacet
  facet normal 0 0 -1
    outer loop
      vertex 9.439992376674285 -3.357926095308584 0
      vertex 9.221894526774088 -3.3145437356645227 0
      vertex 14.655225347712978 0.5266099903495833 0
    endloop
  endfacet
  facet normal 0 0 -1
    outer loop
      vertex 14.825767554624532 1.0717967697244908 0
      vertex 8.349438164979347 -3.4294047947308126 0
      vertex 8.15 -3.5277568135664543 0
    endloop
  endfacet
  facet normal 0 0 -1
    outer loop
      vertex 14.825767554624532 1.0717967697244908 0
      vertex 8.560007623325715 -3.357926095308584 0
      vertex 8.349438164979347 -3.4294047947308126 0
    endloop
  endfacet
  facet normal 0 0 -1
    outer loop
      vertex 14.825767554624532 1.0717967697244908 0
      vertex 8.778105473225912 -3.3145437356645227 0
      vertex 8.560007623325715 -3.357926095308584 0
    endloop
  endfacet
  facet normal 0 0 -1
    outer loop
      vertex 8.778105473225912 -3.3145437356645227 0
      vertex 14.825767554624532 1.0717967697244908 0
      vertex 9 -3.3 0
    endloop
  endfacet
  facet normal 0 0 -1
    outer loop
      vertex 10.685456264335478 -4.778105473225913 0
      vertex 10.642073904691417 -4.560007623325715 0
      vertex 15.590083445627211 -2.309401076758503 0
    endloop
  endfacet
  facet normal 0 0 -1
    outer loop
      vertex 10.642073904691417 -4.560007623325715 0
      vertex 10.570595205269187 -4.349438164979348 0
      vertex 15.590083445627211 -2.309401076758503 0
    endloop
  endfacet
  facet normal 0 0 -1
    outer loop
      vertex 10.570595205269187 -4.349438164979348 0
      vertex 10.472243186433545 -4.15 0
      vertex 15.127310081871322 -1.6568542494923801 0
    endloop
  endfacet
  facet normal 0 0 -1
    outer loop
      vertex 10.472243186433545 -4.15 0
      vertex 10.3487006784951 -3.965105570685175 0
      vertex 15.127310081871322 -1.6568542494923801 0
    endloop
  endfacet
  facet normal 0 0 -1
    outer loop
      vertex 10.034894429314825 -3.6512993215049003 0
      vertex 9.85 -3.5277568135664543 0
      vertex 14.655225347712978 -0.5266099903495833 0
    endloop
  endfacet
  facet normal 0 0 -1
    outer loop
      vertex 10.3487006784951 -3.965105570685175 0
      vertex 10.20208152801713 -3.797918471982869 0
      vertex 14.825767554624532 -1.0717967697244908 0
    endloop
  endfacet
  facet normal 0 0 -1
    outer loop
      vertex 10.20208152801713 -3.797918471982869 0
      vertex 10.034894429314825 -3.6512993215049003 0
      vertex 14.825767554624532 -1.0717967697244908 0
    endloop
  endfacet
  facet normal 0 0 -1
    outer loop
      vertex 9.85 -3.5277568135664543 0
      vertex 9.650561835020653 -3.4294047947308126 0
      vertex 14.600000000000001 0 0
    endloop
  endfacet
  facet normal 0 0 -1
    outer loop
      vertex 10.3487006784951 -3.965105570685175 0
      vertex 14.825767554624532 -1.0717967697244908 0
      vertex 15.127310081871322 -1.6568542494923801 0
    endloop
  endfacet
  facet normal 0 0 -1
    outer loop
      vertex 10.034894429314825 -3.6512993215049003 0
      vertex 14.655225347712978 -0.5266099903495833 0
      vertex 14.825767554624532 -1.0717967697244908 0
    endloop
  endfacet
  facet normal 0 0 -1
    outer loop
      vertex 9.85 -3.5277568135664543 0
      vertex 14.600000000000001 0 0
      vertex 14.655225347712978 -0.5266099903495833 0
    endloop
  endfacet
  facet normal 0 0 -1
    outer loop
      vertex 9.439992376674285 -3.357926095308584 0
      vertex 14.655225347712978 0.5266099903495833 0
      vertex 14.600000000000001 0 0
    endloop
  endfacet
  facet normal 0 0 -1
    outer loop
      vertex 9 -3.3 0
      vertex 14.825767554624532 1.0717967697244908 0
      vertex 14.655225347712978 0.5266099903495833 0
    endloop
  endfacet
  facet normal 0 0 1
    outer loop
      vertex 5 -2.531258347561386 2.4
      vertex 13.32 -2.7712812921102037 2.4
      vertex 13 -2.531258347561386 2.4
    endloop
  endfacet
  facet normal 0 0 1
    outer loop
      vertex 13.936529834327343 -3.2 2.4
      vertex 13.32 -2.7712812921102037 2.4
      vertex 5 -2.531258347561386 2.4
    endloop
  endfacet
  facet normal 0 0 -1
    outer loop
      vertex 18 -8 0
      vertex 10.685456264335478 -5.221894526774087 0
      vertex 16.267023449665693 -3.069307951915841 0
    endloop
  endfacet
  facet normal 1 0 0
    outer loop
      vertex 18 -8 0
      vertex 18 -4.859289209283815 0.27133624732158657
      vertex 18 -5.304405598179685 0.9375000000000004
    endloop
  endfacet
  facet normal 1 0 0
    outer loop
      vertex 18 -8 0
      vertex 18 -7.5 2.4
      vertex 18 -8 2.4
    endloop
  endfacet
  facet normal 1 0 0
    outer loop
      vertex 18 -8 0
      vertex 18 -5.911294388041034 2.4
      vertex 18 -7.5 2.4
    endloop
  endfacet
  facet normal 1 0 0
    outer loop
      vertex 18 -8 0
      vertex 18 -5.304405598179685 0.9375000000000004
      vertex 18 -5.658762136631631 1.6560639767638257
    endloop
  endfacet
  facet normal 1 0 0
    outer loop
      vertex 18 -8 0
      vertex 18 -5.658762136631631 1.6560639767638257
      vertex 18 -5.911294388041034 2.4
    endloop
  endfacet
  facet normal 0 0 -1
    outer loop
      vertex 18 -8 0
      vertex 16.267023449665693 -3.069307951915841 0
      vertex 17.250966799187808 -4 0
    endloop
  endfacet
  facet normal 1 0 0
    outer loop
      vertex 18 -8 0
      vertex 18 -4.621333706826003 0
      vertex 18 -4.859289209283815 0.27133624732158657
    endloop
  endfacet
  facet normal 0 0 -1
    outer loop
      vertex 18 -8 0
      vertex 17.250966799187808 -4 0
      vertex 18 -4.621333706826003 0
    endloop
  endfacet
  facet normal 0 0 -1
    outer loop
      vertex 10.685456264335478 -4.778105473225913 0
      vertex 15.590083445627211 -2.309401076758503 0
      vertex 16.267023449665693 -3.069307951915841 0
    endloop
  endfacet
  facet normal 0 0 -1
    outer loop
      vertex 10.570595205269187 -4.349438164979348 0
      vertex 15.127310081871322 -1.6568542494923801 0
      vertex 15.590083445627211 -2.309401076758503 0
    endloop
  endfacet
  facet normal 0 0 -1
    outer loop
      vertex 14.825767554624532 1.0717967697244908 0
      vertex 2.4099165543727903 -2.309401076758503 0
      vertex 15.127310081871322 1.6568542494923804 0
    endloop
  endfacet
  facet normal 0 0 -1
    outer loop
      vertex 2.4099165543727903 -2.309401076758503 0
      vertex 15.590083445627211 2.3094010767585034 0
      vertex 15.127310081871322 1.6568542494923804 0
    endloop
  endfacet
  facet normal 0 0 -1
    outer loop
      vertex 1.7329765503343082 3.069307951915841 0
      vertex 9 3.3 0
      vertex 16.267023449665693 3.069307951915841 0
    endloop
  endfacet
  facet normal 0 0 -1
    outer loop
      vertex 2.4099165543727903 2.309401076758503 0
      vertex 16.267023449665693 3.069307951915841 0
      vertex 15.590083445627211 2.3094010767585034 0
    endloop
  endfacet
  facet normal 0 0 -1
    outer loop
      vertex 16.267023449665693 3.069307951915841 0
      vertex 9 3.3 0
      vertex 9.221894526774088 3.3145437356645227 0
    endloop
  endfacet
  facet normal 0 0 -1
    outer loop
      vertex 16.267023449665693 3.069307951915841 0
      vertex 9.221894526774088 3.3145437356645227 0
      vertex 9.439992376674285 3.357926095308584 0
    endloop
  endfacet
  facet normal 0 0 -1
    outer loop
      vertex 16.267023449665693 3.069307951915841 0
      vertex 9.439992376674285 3.357926095308584 0
      vertex 9.650561835020653 3.4294047947308126 0
    endloop
  endfacet
  facet normal 0 0 -1
    outer loop
      vertex 16.267023449665693 3.069307951915841 0
      vertex 9.650561835020653 3.4294047947308126 0
      vertex 9.85 3.5277568135664543 0
    endloop
  endfacet
  facet normal 0 0 -1
    outer loop
      vertex 16.267023449665693 3.069307951915841 0
      vertex 9.85 3.5277568135664543 0
      vertex 10.034894429314825 3.6512993215049003 0
    endloop
  endfacet
  facet normal 0 0 -1
    outer loop
      vertex 16.267023449665693 3.069307951915841 0
      vertex 10.034894429314825 3.6512993215049003 0
      vertex 10.20208152801713 3.797918471982869 0
    endloop
  endfacet
  facet normal 0 0 -1
    outer loop
      vertex 16.267023449665693 3.069307951915841 0
      vertex 10.20208152801713 3.797918471982869 0
      vertex 10.3487006784951 3.965105570685175 0
    endloop
  endfacet
  facet normal 0 0 -1
    outer loop
      vertex 16.267023449665693 3.069307951915841 0
      vertex 10.3487006784951 3.965105570685175 0
      vertex 10.472243186433545 4.15 0
    endloop
  endfacet
  facet normal 0 0 -1
    outer loop
      vertex 16.267023449665693 3.069307951915841 0
      vertex 10.472243186433545 4.15 0
      vertex 10.570595205269187 4.349438164979348 0
    endloop
  endfacet
  facet normal 0 0 -1
    outer loop
      vertex 16.267023449665693 3.069307951915841 0
      vertex 10.570595205269187 4.349438164979348 0
      vertex 10.642073904691417 4.560007623325715 0
    endloop
  endfacet
  facet normal 0 0 1
    outer loop
      vertex 4.063470165672657 3.2 2.4
      vertex 13 2.531258347561386 2.4
      vertex 13.32 2.7712812921102037 2.4
    endloop
  endfacet
  facet normal 0 0 1
    outer loop
      vertex 4.063470165672657 3.2 2.4
      vertex 13.32 2.7712812921102037 2.4
      vertex 13.936529834327343 3.2 2.4
    endloop
  endfacet
  facet normal 0 0 -1
    outer loop
      vertex 0 8 0
      vertex 18 8 0
      vertex 9.221894526774088 6.685456264335477 0
    endloop
  endfacet
  facet normal 0 0 -1
    outer loop
      vertex 16.267023449665693 3.069307951915841 0
      vertex 10.642073904691417 4.560007623325715 0
      vertex 10.685456264335478 4.778105473225913 0
    endloop
  endfacet
  facet normal 0 0 -1
    outer loop
      vertex 16.267023449665693 3.069307951915841 0
      vertex 10.685456264335478 4.778105473225913 0
      vertex 10.7 5 0
    endloop
  endfacet
  facet normal 0 0 -1
    outer loop
      vertex 16.267023449665693 3.069307951915841 0
      vertex 10.7 5 0
      vertex 10.685456264335478 5.221894526774087 0
    endloop
  endfacet
  facet normal 0 0 -1
    outer loop
      vertex 16.267023449665693 3.069307951915841 0
      vertex 10.685456264335478 5.221894526774087 0
      vertex 10.642073904691417 5.439992376674285 0
    endloop
  endfacet
  facet normal 0 0 -1
    outer loop
      vertex 10.642073904691417 5.439992376674285 0
      vertex 10.570595205269187 5.650561835020652 0
      vertex 17.250966799187808 4 0
    endloop
  endfacet
  facet normal 0 0 -1
    outer loop
      vertex 18 8 0
      vertex 9.439992376674285 6.642073904691416 0
      vertex 9.221894526774088 6.685456264335477 0
    endloop
  endfacet
  facet normal 0 0 -1
    outer loop
      vertex 18 8 0
      vertex 9.650561835020653 6.570595205269187 0
      vertex 9.439992376674285 6.642073904691416 0
    endloop
  endfacet
  facet normal 0 0 -1
    outer loop
      vertex 18 8 0
      vertex 10.034894429314825 6.348700678495099 0
      vertex 9.85 6.472243186433546 0
    endloop
  endfacet
  facet normal 0 0 -1
    outer loop
      vertex 18 8 0
      vertex 10.3487006784951 6.034894429314825 0
      vertex 10.20208152801713 6.202081528017131 0
    endloop
  endfacet
  facet normal 0 0 -1
    outer loop
      vertex 18 8 0
      vertex 10.20208152801713 6.202081528017131 0
      vertex 10.034894429314825 6.348700678495099 0
    endloop
  endfacet
  facet normal 0 0 -1
    outer loop
      vertex 18 8 0
      vertex 10.570595205269187 5.650561835020652 0
      vertex 10.472243186433545 5.85 0
    endloop
  endfacet
  facet normal 0 0 -1
    outer loop
      vertex 18 8 0
      vertex 10.472243186433545 5.85 0
      vertex 10.3487006784951 6.034894429314825 0
    endloop
  endfacet
  facet normal 0 0 -1
    outer loop
      vertex 18 8 0
      vertex 9.85 6.472243186433546 0
      vertex 9.650561835020653 6.570595205269187 0
    endloop
  endfacet
  facet normal 0 1 0
    outer loop
      vertex 0 8 2.4
      vertex 18 8 2.4
      vertex 18 8 0
    endloop
  endfacet
  facet normal 0 0 1
    outer loop
      vertex 0 8 2.4
      vertex 18 7.5 2.4
      vertex 18 8 2.4
    endloop
  endfacet
  facet normal 0 0 -1
    outer loop
      vertex 16.267023449665693 3.069307951915841 0
      vertex 10.642073904691417 5.439992376674285 0
      vertex 17.250966799187808 4 0
    endloop
  endfacet
  facet normal 0 0 -1
    outer loop
      vertex 18 4.621333706826003 0
      vertex 17.250966799187808 4 0
      vertex 10.570595205269187 5.650561835020652 0
    endloop
  endfacet
  facet normal 0 0 -1
    outer loop
      vertex 18 8 0
      vertex 18 4.621333706826003 0
      vertex 10.570595205269187 5.650561835020652 0
    endloop
  endfacet
  facet normal 1 0 0
    outer loop
      vertex 18 7.443961772371851 0.08340573414422241
      vertex 18 4.859289209283815 0.27133624732158657
      vertex 18 4.621333706826003 0
    endloop
  endfacet
  facet normal 1 0 0
    outer loop
      vertex 18 7.443961772371851 0.08340573414422241
      vertex 18 5.304405598179685 0.9375000000000004
      vertex 18 4.859289209283815 0.27133624732158657
    endloop
  endfacet
  facet normal 1 0 0
    outer loop
      vertex 18 7.443961772371851 0.08340573414422241
      vertex 18 4.621333706826003 0
      vertex 18 7.5 0.05454545454545455
    endloop
  endfacet
  facet normal 1 0 0
    outer loop
      vertex 18 7.5 0.05454545454545455
      vertex 18 4.621333706826003 0
      vertex 18 8 0
    endloop
  endfacet
  facet normal 1 0 0
    outer loop
      vertex 18 7.5 0.05454545454545455
      vertex 18 8 0
      vertex 18 7.5 0.075
    endloop
  endfacet
  facet normal 1 0 0
    outer loop
      vertex 18 7.443961772371851 0.08340573414422241
      vertex 18 5.658762136631631 1.6560639767638257
      vertex 18 5.304405598179685 0.9375000000000004
    endloop
  endfacet
  facet normal 1 0 0
    outer loop
      vertex 18 7.443961772371851 0.08340573414422241
      vertex 18 7.5 0.075
      vertex 18 8 2.4
    endloop
  endfacet
  facet normal 1 0 0
    outer loop
      vertex 18 7.5 0.075
      vertex 18 8 0
      vertex 18 8 2.4
    endloop
  endfacet
  facet normal 1 0 0
    outer loop
      vertex 18 7.443961772371851 0.08340573414422241
      vertex 18 8 2.4
      vertex 18 5.658762136631631 1.6560639767638257
    endloop
  endfacet
  facet normal 1 0 0
    outer loop
      vertex 18 7.5 2.4
      vertex 18 5.911294388041034 2.4
      vertex 18 5.658762136631631 1.6560639767638257
    endloop
  endfacet
  facet normal 1 0 0
    outer loop
      vertex 18 7.5 2.4
      vertex 18 5.658762136631631 1.6560639767638257
      vertex 18 8 2.4
    endloop
  endfacet
  facet normal 0.6593458151000658 0.7518398074789799 0
    outer loop
      vertex 7.797918471982869 -6.202081528017131 3.6
      vertex 7.965105570685175 -6.348700678495099 0
      vertex 7.797918471982869 -6.202081528017131 0
    endloop
  endfacet
  facet normal 0.7518398074789799 0.6593458151000658 0
    outer loop
      vertex 7.651299321504901 -6.034894429314825 3.6
      vertex 7.797918471982869 -6.202081528017131 0
      vertex 7.651299321504901 -6.034894429314825 0
    endloop
  endfacet
  facet normal 0.44228869021900274 0.8968727415326876 0
    outer loop
      vertex 8.15 -6.472243186433546 3.6
      vertex 8.349438164979347 -6.570595205269187 0
      vertex 8.15 -6.472243186433546 0
    endloop
  endfacet
  facet normal 0.3214394653031597 0.9469301294951064 0
    outer loop
      vertex 8.349438164979347 -6.570595205269187 3.6
      vertex 8.560007623325715 -6.642073904691416 0
      vertex 8.349438164979347 -6.570595205269187 0
    endloop
  endfacet
  facet normal 0.5555702330196033 0.8314696123025446 0
    outer loop
      vertex 7.965105570685175 -6.348700678495099 3.6
      vertex 8.15 -6.472243186433546 0
      vertex 7.965105570685175 -6.348700678495099 0
    endloop
  endfacet
  facet normal 0.19509032201612841 0.9807852804032304 0
    outer loop
      vertex 8.560007623325715 -6.642073904691416 3.6
      vertex 8.778105473225912 -6.685456264335477 0
      vertex 8.560007623325715 -6.642073904691416 0
    endloop
  endfacet
  facet normal 0.06540312923014528 0.9978589232386033 0
    outer loop
      vertex 8.778105473225912 -6.685456264335477 3.6
      vertex 9 -6.7 0
      vertex 8.778105473225912 -6.685456264335477 0
    endloop
  endfacet
  facet normal 0.9978589232386033 0.06540312923014555 0
    outer loop
      vertex 7.3 -5 3.6
      vertex 7.314543735664523 -5.221894526774087 0
      vertex 7.3 -5 0
    endloop
  endfacet
  facet normal 0.8314696123025446 0.5555702330196033 0
    outer loop
      vertex 7.527756813566454 -5.85 3.6
      vertex 7.651299321504901 -6.034894429314825 0
      vertex 7.527756813566454 -5.85 0
    endloop
  endfacet
  facet normal 0.9469301294951059 0.3214394653031609 0
    outer loop
      vertex 7.357926095308584 -5.439992376674285 3.6
      vertex 7.429404794730813 -5.650561835020652 0
      vertex 7.357926095308584 -5.439992376674285 0
    endloop
  endfacet
  facet normal 0.8968727415326884 0.4422886902190012 0
    outer loop
      vertex 7.429404794730813 -5.650561835020652 3.6
      vertex 7.527756813566454 -5.85 0
      vertex 7.429404794730813 -5.650561835020652 0
    endloop
  endfacet
  facet normal 0.9807852804032305 0.19509032201612764 0
    outer loop
      vertex 7.314543735664523 -5.221894526774087 3.6
      vertex 7.357926095308584 -5.439992376674285 0
      vertex 7.314543735664523 -5.221894526774087 0
    endloop
  endfacet
  facet normal 0.9978589232386033 -0.06540312923014555 0
    outer loop
      vertex 7.314543735664523 -4.778105473225913 3.6
      vertex 7.3 -5 0
      vertex 7.314543735664523 -4.778105473225913 0
    endloop
  endfacet
  facet normal 0.9807852804032305 -0.19509032201612764 0
    outer loop
      vertex 7.357926095308584 -4.560007623325715 3.6
      vertex 7.314543735664523 -4.778105473225913 0
      vertex 7.357926095308584 -4.560007623325715 0
    endloop
  endfacet
  facet normal 0.9469301294951059 -0.3214394653031609 0
    outer loop
      vertex 7.429404794730813 -4.349438164979348 3.6
      vertex 7.357926095308584 -4.560007623325715 0
      vertex 7.429404794730813 -4.349438164979348 0
    endloop
  endfacet
  facet normal 0.8968727415326884 -0.4422886902190012 0
    outer loop
      vertex 7.527756813566454 -4.15 3.6
      vertex 7.429404794730813 -4.349438164979348 0
      vertex 7.527756813566454 -4.15 0
    endloop
  endfacet
  facet normal 0.8314696123025446 -0.5555702330196033 0
    outer loop
      vertex 7.651299321504901 -3.965105570685175 3.6
      vertex 7.527756813566454 -4.15 0
      vertex 7.651299321504901 -3.965105570685175 0
    endloop
  endfacet
  facet normal 0.7518398074789799 0.6593458151000658 0
    outer loop
      vertex 7.797918471982869 -6.202081528017131 3.6
      vertex 7.797918471982869 -6.202081528017131 0
      vertex 7.651299321504901 -6.034894429314825 3.6
    endloop
  endfacet
  facet normal 0.44228869021900274 0.8968727415326876 0
    outer loop
      vertex 8.349438164979347 -6.570595205269187 3.6
      vertex 8.349438164979347 -6.570595205269187 0
      vertex 8.15 -6.472243186433546 3.6
    endloop
  endfacet
  facet normal 0.6593458151000658 0.7518398074789799 0
    outer loop
      vertex 7.965105570685175 -6.348700678495099 3.6
      vertex 7.965105570685175 -6.348700678495099 0
      vertex 7.797918471982869 -6.202081528017131 3.6
    endloop
  endfacet
  facet normal 0.5555702330196033 0.8314696123025446 5.10729103702935e-19
    outer loop
      vertex 7.965105570685175 -6.348700678495099 3.6
      vertex 8.15 -6.472243186433546 3.6
      vertex 8.15 -6.472243186433546 0
    endloop
  endfacet
  facet normal 0.3214394653031597 0.9469301294951064 1.0361592621541094e-18
    outer loop
      vertex 8.349438164979347 -6.570595205269187 3.6
      vertex 8.560007623325715 -6.642073904691416 3.6
      vertex 8.560007623325715 -6.642073904691416 0
    endloop
  endfacet
  facet normal 0.19509032201612841 0.9807852804032304 8.09332069712715e-19
    outer loop
      vertex 8.560007623325715 -6.642073904691416 3.6
      vertex 8.778105473225912 -6.685456264335477 3.6
      vertex 8.778105473225912 -6.685456264335477 0
    endloop
  endfacet
  facet normal 0.06540312923014528 0.9978589232386033 -3.816243924867871e-20
    outer loop
      vertex 8.778105473225912 -6.685456264335477 3.6
      vertex 9 -6.7 3.6
      vertex 9 -6.7 0
    endloop
  endfacet
  facet normal 0.9978589232386033 0.06540312923014555 0
    outer loop
      vertex 7.314543735664523 -5.221894526774087 3.6
      vertex 7.314543735664523 -5.221894526774087 0
      vertex 7.3 -5 3.6
    endloop
  endfacet
  facet normal 0.8968727415326884 0.4422886902190012 1.7090054136610089e-18
    outer loop
      vertex 7.429404794730813 -5.650561835020652 3.6
      vertex 7.527756813566454 -5.85 3.6
      vertex 7.527756813566454 -5.85 0
    endloop
  endfacet
  facet normal 0.9469301294951059 0.3214394653031609 0
    outer loop
      vertex 7.429404794730813 -5.650561835020652 3.6
      vertex 7.429404794730813 -5.650561835020652 0
      vertex 7.357926095308584 -5.439992376674285 3.6
    endloop
  endfacet
  facet normal 0.8314696123025446 0.5555702330196033 5.10729103702935e-19
    outer loop
      vertex 7.527756813566454 -5.85 3.6
      vertex 7.651299321504901 -6.034894429314825 3.6
      vertex 7.651299321504901 -6.034894429314825 0
    endloop
  endfacet
  facet normal 0.9807852804032305 0.19509032201612764 0
    outer loop
      vertex 7.357926095308584 -5.439992376674285 3.6
      vertex 7.357926095308584 -5.439992376674285 0
      vertex 7.314543735664523 -5.221894526774087 3.6
    endloop
  endfacet
  facet normal 0.9978589232386033 -0.06540312923014555 0
    outer loop
      vertex 7.3 -5 3.6
      vertex 7.3 -5 0
      vertex 7.314543735664523 -4.778105473225913 3.6
    endloop
  endfacet
  facet normal 0.9807852804032305 -0.19509032201612764 0
    outer loop
      vertex 7.314543735664523 -4.778105473225913 3.6
      vertex 7.314543735664523 -4.778105473225913 0
      vertex 7.357926095308584 -4.560007623325715 3.6
    endloop
  endfacet
  facet normal 0.9469301294951059 -0.3214394653031609 0
    outer loop
      vertex 7.357926095308584 -4.560007623325715 3.6
      vertex 7.357926095308584 -4.560007623325715 0
      vertex 7.429404794730813 -4.349438164979348 3.6
    endloop
  endfacet
  facet normal 0.8968727415326884 -0.4422886902190012 0
    outer loop
      vertex 7.429404794730813 -4.349438164979348 3.6
      vertex 7.429404794730813 -4.349438164979348 0
      vertex 7.527756813566454 -4.15 3.6
    endloop
  endfacet
  facet normal 0.8314696123025446 -0.5555702330196033 0
    outer loop
      vertex 7.527756813566454 -4.15 3.6
      vertex 7.527756813566454 -4.15 0
      vertex 7.651299321504901 -3.965105570685175 3.6
    endloop
  endfacet
  facet normal 0.7518398074789799 -0.6593458151000658 0
    outer loop
      vertex 7.797918471982869 -3.797918471982869 3.6
      vertex 7.651299321504901 -3.965105570685175 0
      vertex 7.797918471982869 -3.797918471982869 0
    endloop
  endfacet
  facet normal 0.6593458151000671 -0.751839807478979 0
    outer loop
      vertex 7.965105570685175 -3.6512993215049003 3.6
      vertex 7.797918471982869 -3.797918471982869 0
      vertex 7.965105570685175 -3.6512993215049003 0
    endloop
  endfacet
  facet normal 0.555570233019602 -0.8314696123025455 0
    outer loop
      vertex 8.15 -3.5277568135664543 3.6
      vertex 7.965105570685175 -3.6512993215049003 0
      vertex 8.15 -3.5277568135664543 0
    endloop
  endfacet
  facet normal 0.44228869021900274 -0.8968727415326876 0
    outer loop
      vertex 8.349438164979347 -3.4294047947308126 3.6
      vertex 8.15 -3.5277568135664543 0
      vertex 8.349438164979347 -3.4294047947308126 0
    endloop
  endfacet
  facet normal 0.3214394653031597 -0.9469301294951064 0
    outer loop
      vertex 8.560007623325715 -3.357926095308584 3.6
      vertex 8.349438164979347 -3.4294047947308126 0
      vertex 8.560007623325715 -3.357926095308584 0
    endloop
  endfacet
  facet normal 0.19509032201612841 -0.9807852804032304 0
    outer loop
      vertex 8.778105473225912 -3.3145437356645227 3.6
      vertex 8.560007623325715 -3.357926095308584 0
      vertex 8.778105473225912 -3.3145437356645227 0
    endloop
  endfacet
  facet normal 0.06540312923014528 -0.9978589232386033 0
    outer loop
      vertex 9 -3.3 3.6
      vertex 8.778105473225912 -3.3145437356645227 0
      vertex 9 -3.3 0
    endloop
  endfacet
  facet normal 0.7518398074789799 -0.6593458151000658 0
    outer loop
      vertex 7.651299321504901 -3.965105570685175 3.6
      vertex 7.651299321504901 -3.965105570685175 0
      vertex 7.797918471982869 -3.797918471982869 3.6
    endloop
  endfacet
  facet normal 0.6593458151000671 -0.751839807478979 0
    outer loop
      vertex 7.797918471982869 -3.797918471982869 3.6
      vertex 7.797918471982869 -3.797918471982869 0
      vertex 7.965105570685175 -3.6512993215049003 3.6
    endloop
  endfacet
  facet normal 0.555570233019602 -0.8314696123025455 0
    outer loop
      vertex 7.965105570685175 -3.6512993215049003 3.6
      vertex 7.965105570685175 -3.6512993215049003 0
      vertex 8.15 -3.5277568135664543 3.6
    endloop
  endfacet
  facet normal 0.44228869021900274 -0.8968727415326876 0
    outer loop
      vertex 8.15 -3.5277568135664543 3.6
      vertex 8.15 -3.5277568135664543 0
      vertex 8.349438164979347 -3.4294047947308126 3.6
    endloop
  endfacet
  facet normal 0.3214394653031597 -0.9469301294951064 0
    outer loop
      vertex 8.349438164979347 -3.4294047947308126 3.6
      vertex 8.349438164979347 -3.4294047947308126 0
      vertex 8.560007623325715 -3.357926095308584 3.6
    endloop
  endfacet
  facet normal 0.19509032201612841 -0.9807852804032304 0
    outer loop
      vertex 8.560007623325715 -3.357926095308584 3.6
      vertex 8.560007623325715 -3.357926095308584 0
      vertex 8.778105473225912 -3.3145437356645227 3.6
    endloop
  endfacet
  facet normal 0.06540312923014528 -0.9978589232386033 0
    outer loop
      vertex 8.778105473225912 -3.3145437356645227 3.6
      vertex 8.778105473225912 -3.3145437356645227 0
      vertex 9 -3.3 3.6
    endloop
  endfacet
  facet normal -0.06540312923014528 0.9978589232386033 0
    outer loop
      vertex 9 -6.7 3.6
      vertex 9.221894526774088 -6.685456264335477 0
      vertex 9 -6.7 0
    endloop
  endfacet
  facet normal -0.19509032201612841 0.9807852804032304 0
    outer loop
      vertex 9.221894526774088 -6.685456264335477 3.6
      vertex 9.439992376674285 -6.642073904691416 0
      vertex 9.221894526774088 -6.685456264335477 0
    endloop
  endfacet
  facet normal -0.3214394653031597 0.9469301294951064 0
    outer loop
      vertex 9.439992376674285 -6.642073904691416 3.6
      vertex 9.650561835020653 -6.570595205269187 0
      vertex 9.439992376674285 -6.642073904691416 0
    endloop
  endfacet
  facet normal -0.44228869021900274 0.8968727415326876 0
    outer loop
      vertex 9.650561835020653 -6.570595205269187 3.6
      vertex 9.85 -6.472243186433546 0
      vertex 9.650561835020653 -6.570595205269187 0
    endloop
  endfacet
  facet normal -0.5555702330196033 0.8314696123025446 0
    outer loop
      vertex 9.85 -6.472243186433546 3.6
      vertex 10.034894429314825 -6.348700678495099 0
      vertex 9.85 -6.472243186433546 0
    endloop
  endfacet
  facet normal -0.659345815100068 0.7518398074789784 0
    outer loop
      vertex 10.034894429314825 -6.348700678495099 3.6
      vertex 10.20208152801713 -6.202081528017131 0
      vertex 10.034894429314825 -6.348700678495099 0
    endloop
  endfacet
  facet normal -0.751839807478978 0.6593458151000681 0
    outer loop
      vertex 10.20208152801713 -6.202081528017131 3.6
      vertex 10.3487006784951 -6.034894429314825 0
      vertex 10.20208152801713 -6.202081528017131 0
    endloop
  endfacet
  facet normal -0.8314696123025463 0.5555702330196005 0
    outer loop
      vertex 10.3487006784951 -6.034894429314825 3.6
      vertex 10.472243186433545 -5.85 0
      vertex 10.3487006784951 -6.034894429314825 0
    endloop
  endfacet
  facet normal -0.8968727415326868 0.4422886902190044 0
    outer loop
      vertex 10.472243186433545 -5.85 3.6
      vertex 10.570595205269187 -5.650561835020652 0
      vertex 10.472243186433545 -5.85 0
    endloop
  endfacet
  facet normal -0.9469301294951047 0.3214394653031645 0
    outer loop
      vertex 10.570595205269187 -5.650561835020652 3.6
      vertex 10.642073904691417 -5.439992376674285 0
      vertex 10.570595205269187 -5.650561835020652 0
    endloop
  endfacet
  facet normal -0.9807852804032305 0.19509032201612764 0
    outer loop
      vertex 10.642073904691417 -5.439992376674285 3.6
      vertex 10.685456264335478 -5.221894526774087 0
      vertex 10.642073904691417 -5.439992376674285 0
    endloop
  endfacet
  facet normal -0.9978589232386038 0.0654031292301376 0
    outer loop
      vertex 10.685456264335478 -5.221894526774087 3.6
      vertex 10.7 -5 0
      vertex 10.685456264335478 -5.221894526774087 0
    endloop
  endfacet
  facet normal -0.9807852804032305 -0.19509032201612764 0
    outer loop
      vertex 10.685456264335478 -4.778105473225913 3.6
      vertex 10.642073904691417 -4.560007623325715 0
      vertex 10.685456264335478 -4.778105473225913 0
    endloop
  endfacet
  facet normal -0.8968727415326868 -0.4422886902190044 0
    outer loop
      vertex 10.570595205269187 -4.349438164979348 3.6
      vertex 10.472243186433545 -4.15 0
      vertex 10.570595205269187 -4.349438164979348 0
    endloop
  endfacet
  facet normal -0.9469301294951047 -0.3214394653031645 0
    outer loop
      vertex 10.642073904691417 -4.560007623325715 3.6
      vertex 10.570595205269187 -4.349438164979348 0
      vertex 10.642073904691417 -4.560007623325715 0
    endloop
  endfacet
  facet normal -0.8314696123025463 -0.5555702330196005 0
    outer loop
      vertex 10.472243186433545 -4.15 3.6
      vertex 10.3487006784951 -3.965105570685175 0
      vertex 10.472243186433545 -4.15 0
    endloop
  endfacet
  facet normal -0.9978589232386038 -0.0654031292301376 0
    outer loop
      vertex 10.7 -5 3.6
      vertex 10.685456264335478 -4.778105473225913 0
      vertex 10.7 -5 0
    endloop
  endfacet
  facet normal -0.06540312923014528 0.9978589232386033 3.816243924867871e-20
    outer loop
      vertex 9 -6.7 3.6
      vertex 9.221894526774088 -6.685456264335477 3.6
      vertex 9.221894526774088 -6.685456264335477 0
    endloop
  endfacet
  facet normal -0.19509032201612841 0.9807852804032304 -8.09332069712715e-19
    outer loop
      vertex 9.221894526774088 -6.685456264335477 3.6
      vertex 9.439992376674285 -6.642073904691416 3.6
      vertex 9.439992376674285 -6.642073904691416 0
    endloop
  endfacet
  facet normal -0.3214394653031597 0.9469301294951064 -1.0361592621541094e-18
    outer loop
      vertex 9.439992376674285 -6.642073904691416 3.6
      vertex 9.650561835020653 -6.570595205269187 3.6
      vertex 9.650561835020653 -6.570595205269187 0
    endloop
  endfacet
  facet normal -0.44228869021900274 0.8968727415326876 1.852965735741739e-18
    outer loop
      vertex 9.650561835020653 -6.570595205269187 3.6
      vertex 9.85 -6.472243186433546 3.6
      vertex 9.85 -6.472243186433546 0
    endloop
  endfacet
  facet normal -0.5555702330196033 0.8314696123025446 -5.10729103702935e-19
    outer loop
      vertex 9.85 -6.472243186433546 3.6
      vertex 10.034894429314825 -6.348700678495099 3.6
      vertex 10.034894429314825 -6.348700678495099 0
    endloop
  endfacet
  facet normal -0.659345815100068 0.7518398074789784 -1.03424936532676e-18
    outer loop
      vertex 10.034894429314825 -6.348700678495099 3.6
      vertex 10.20208152801713 -6.202081528017131 3.6
      vertex 10.20208152801713 -6.202081528017131 0
    endloop
  endfacet
  facet normal -0.751839807478978 0.6593458151000681 4.150106227777861e-19
    outer loop
      vertex 10.20208152801713 -6.202081528017131 3.6
      vertex 10.3487006784951 -6.034894429314825 3.6
      vertex 10.3487006784951 -6.034894429314825 0
    endloop
  endfacet
  facet normal -0.8314696123025463 0.5555702330196005 -1.9538094261999807e-18
    outer loop
      vertex 10.3487006784951 -6.034894429314825 3.6
      vertex 10.472243186433545 -5.85 3.6
      vertex 10.472243186433545 -5.85 0
    endloop
  endfacet
  facet normal -0.8968727415326868 0.4422886902190044 -1.4655684376530527e-18
    outer loop
      vertex 10.472243186433545 -5.85 3.6
      vertex 10.570595205269187 -5.650561835020652 3.6
      vertex 10.570595205269187 -5.650561835020652 0
    endloop
  endfacet
  facet normal -0.9469301294951047 0.3214394653031645 -5.714150769845857e-19
    outer loop
      vertex 10.570595205269187 -5.650561835020652 3.6
      vertex 10.642073904691417 -5.439992376674285 3.6
      vertex 10.642073904691417 -5.439992376674285 0
    endloop
  endfacet
  facet normal -0.9807852804032305 0.19509032201612764 -3.5043960349383446e-19
    outer loop
      vertex 10.642073904691417 -5.439992376674285 3.6
      vertex 10.685456264335478 -5.221894526774087 3.6
      vertex 10.685456264335478 -5.221894526774087 0
    endloop
  endfacet
  facet normal -0.9978589232386038 0.0654031292301376 2.1934588828933734e-19
    outer loop
      vertex 10.685456264335478 -5.221894526774087 3.6
      vertex 10.7 -5 3.6
      vertex 10.7 -5 0
    endloop
  endfacet
  facet normal -0.9807852804032305 -0.19509032201612764 3.5043960349383446e-19
    outer loop
      vertex 10.685456264335478 -4.778105473225913 3.6
      vertex 10.642073904691417 -4.560007623325715 3.6
      vertex 10.642073904691417 -4.560007623325715 0
    endloop
  endfacet
  facet normal -0.8314696123025463 -0.5555702330196005 1.9538094261999807e-18
    outer loop
      vertex 10.472243186433545 -4.15 3.6
      vertex 10.3487006784951 -3.965105570685175 3.6
      vertex 10.3487006784951 -3.965105570685175 0
    endloop
  endfacet
  facet normal -0.9469301294951047 -0.3214394653031645 5.714150769845857e-19
    outer loop
      vertex 10.642073904691417 -4.560007623325715 3.6
      vertex 10.570595205269187 -4.349438164979348 3.6
      vertex 10.570595205269187 -4.349438164979348 0
    endloop
  endfacet
  facet normal -0.8968727415326868 -0.4422886902190044 0
    outer loop
      vertex 10.472243186433545 -4.15 3.6
      vertex 10.472243186433545 -4.15 0
      vertex 10.570595205269187 -4.349438164979348 3.6
    endloop
  endfacet
  facet normal -0.9978589232386038 -0.0654031292301376 -2.1934588828933734e-19
    outer loop
      vertex 10.7 -5 3.6
      vertex 10.685456264335478 -4.778105473225913 3.6
      vertex 10.685456264335478 -4.778105473225913 0
    endloop
  endfacet
  facet normal -0.06540312923014528 -0.9978589232386033 0
    outer loop
      vertex 9.221894526774088 -3.3145437356645227 3.6
      vertex 9 -3.3 0
      vertex 9.221894526774088 -3.3145437356645227 0
    endloop
  endfacet
  facet normal -0.19509032201612841 -0.9807852804032304 0
    outer loop
      vertex 9.439992376674285 -3.357926095308584 3.6
      vertex 9.221894526774088 -3.3145437356645227 0
      vertex 9.439992376674285 -3.357926095308584 0
    endloop
  endfacet
  facet normal -0.555570233019602 -0.8314696123025455 0
    outer loop
      vertex 10.034894429314825 -3.6512993215049003 3.6
      vertex 9.85 -3.5277568135664543 0
      vertex 10.034894429314825 -3.6512993215049003 0
    endloop
  endfacet
  facet normal -0.3214394653031597 -0.9469301294951064 0
    outer loop
      vertex 9.650561835020653 -3.4294047947308126 3.6
      vertex 9.439992376674285 -3.357926095308584 0
      vertex 9.650561835020653 -3.4294047947308126 0
    endloop
  endfacet
  facet normal -0.44228869021900274 -0.8968727415326876 0
    outer loop
      vertex 9.85 -3.5277568135664543 3.6
      vertex 9.650561835020653 -3.4294047947308126 0
      vertex 9.85 -3.5277568135664543 0
    endloop
  endfacet
  facet normal -0.751839807478978 -0.6593458151000681 0
    outer loop
      vertex 10.3487006784951 -3.965105570685175 3.6
      vertex 10.20208152801713 -3.797918471982869 0
      vertex 10.3487006784951 -3.965105570685175 0
    endloop
  endfacet
  facet normal -0.6593458151000691 -0.7518398074789773 0
    outer loop
      vertex 10.20208152801713 -3.797918471982869 3.6
      vertex 10.034894429314825 -3.6512993215049003 0
      vertex 10.20208152801713 -3.797918471982869 0
    endloop
  endfacet
  facet normal -0.06540312923014528 -0.9978589232386033 0
    outer loop
      vertex 9 -3.3 3.6
      vertex 9 -3.3 0
      vertex 9.221894526774088 -3.3145437356645227 3.6
    endloop
  endfacet
  facet normal -0.19509032201612841 -0.9807852804032304 0
    outer loop
      vertex 9.221894526774088 -3.3145437356645227 3.6
      vertex 9.221894526774088 -3.3145437356645227 0
      vertex 9.439992376674285 -3.357926095308584 3.6
    endloop
  endfacet
  facet normal -0.3214394653031597 -0.9469301294951064 0
    outer loop
      vertex 9.439992376674285 -3.357926095308584 3.6
      vertex 9.439992376674285 -3.357926095308584 0
      vertex 9.650561835020653 -3.4294047947308126 3.6
    endloop
  endfacet
  facet normal -0.555570233019602 -0.8314696123025455 0
    outer loop
      vertex 9.85 -3.5277568135664543 3.6
      vertex 9.85 -3.5277568135664543 0
      vertex 10.034894429314825 -3.6512993215049003 3.6
    endloop
  endfacet
  facet normal -0.6593458151000691 -0.7518398074789773 -6.990936853397554e-19
    outer loop
      vertex 10.20208152801713 -3.797918471982869 3.6
      vertex 10.034894429314825 -3.6512993215049003 3.6
      vertex 10.034894429314825 -3.6512993215049003 0
    endloop
  endfacet
  facet normal -0.44228869021900274 -0.8968727415326876 -1.852965735741739e-18
    outer loop
      vertex 9.85 -3.5277568135664543 3.6
      vertex 9.650561835020653 -3.4294047947308126 3.6
      vertex 9.650561835020653 -3.4294047947308126 0
    endloop
  endfacet
  facet normal -0.751839807478978 -0.6593458151000681 0
    outer loop
      vertex 10.20208152801713 -3.797918471982869 3.6
      vertex 10.20208152801713 -3.797918471982869 0
      vertex 10.3487006784951 -3.965105570685175 3.6
    endloop
  endfacet
  facet normal 0.6593458151000671 0.751839807478979 0
    outer loop
      vertex 7.797918471982869 3.797918471982869 3.6
      vertex 7.965105570685175 3.6512993215049003 0
      vertex 7.797918471982869 3.797918471982869 0
    endloop
  endfacet
  facet normal 0.7518398074789799 0.6593458151000658 0
    outer loop
      vertex 7.651299321504901 3.965105570685175 3.6
      vertex 7.797918471982869 3.797918471982869 0
      vertex 7.651299321504901 3.965105570685175 0
    endloop
  endfacet
  facet normal 0.44228869021900274 0.8968727415326876 0
    outer loop
      vertex 8.15 3.5277568135664543 3.6
      vertex 8.349438164979347 3.4294047947308126 0
      vertex 8.15 3.5277568135664543 0
    endloop
  endfacet
  facet normal 0.3214394653031597 0.9469301294951064 0
    outer loop
      vertex 8.349438164979347 3.4294047947308126 3.6
      vertex 8.560007623325715 3.357926095308584 0
      vertex 8.349438164979347 3.4294047947308126 0
    endloop
  endfacet
  facet normal 0.555570233019602 0.8314696123025455 0
    outer loop
      vertex 7.965105570685175 3.6512993215049003 3.6
      vertex 8.15 3.5277568135664543 0
      vertex 7.965105570685175 3.6512993215049003 0
    endloop
  endfacet
  facet normal 0.19509032201612841 0.9807852804032304 0
    outer loop
      vertex 8.560007623325715 3.357926095308584 3.6
      vertex 8.778105473225912 3.3145437356645227 0
      vertex 8.560007623325715 3.357926095308584 0
    endloop
  endfacet
  facet normal 0.06540312923014528 0.9978589232386033 0
    outer loop
      vertex 8.778105473225912 3.3145437356645227 3.6
      vertex 9 3.3 0
      vertex 8.778105473225912 3.3145437356645227 0
    endloop
  endfacet
  facet normal 0.7518398074789799 0.6593458151000658 -1.282238688834815e-18
    outer loop
      vertex 7.651299321504901 3.965105570685175 3.6
      vertex 7.797918471982869 3.797918471982869 3.6
      vertex 7.797918471982869 3.797918471982869 0
    endloop
  endfacet
  facet normal 0.44228869021900274 0.8968727415326876 0
    outer loop
      vertex 8.349438164979347 3.4294047947308126 3.6
      vertex 8.349438164979347 3.4294047947308126 0
      vertex 8.15 3.5277568135664543 3.6
    endloop
  endfacet
  facet normal 0.6593458151000671 0.751839807478979 0
    outer loop
      vertex 7.965105570685175 3.6512993215049003 3.6
      vertex 7.965105570685175 3.6512993215049003 0
      vertex 7.797918471982869 3.797918471982869 3.6
    endloop
  endfacet
  facet normal 0.555570233019602 0.8314696123025455 -9.346878187440548e-19
    outer loop
      vertex 7.965105570685175 3.6512993215049003 3.6
      vertex 8.15 3.5277568135664543 3.6
      vertex 8.15 3.5277568135664543 0
    endloop
  endfacet
  facet normal 0.3214394653031597 0.9469301294951064 1.0361592621541094e-18
    outer loop
      vertex 8.349438164979347 3.4294047947308126 3.6
      vertex 8.560007623325715 3.357926095308584 3.6
      vertex 8.560007623325715 3.357926095308584 0
    endloop
  endfacet
  facet normal 0.19509032201612841 0.9807852804032304 8.09332069712715e-19
    outer loop
      vertex 8.560007623325715 3.357926095308584 3.6
      vertex 8.778105473225912 3.3145437356645227 3.6
      vertex 8.778105473225912 3.3145437356645227 0
    endloop
  endfacet
  facet normal 0.06540312923014528 0.9978589232386033 -3.816243924867871e-20
    outer loop
      vertex 8.778105473225912 3.3145437356645227 3.6
      vertex 9 3.3 3.6
      vertex 9 3.3 0
    endloop
  endfacet
  facet normal 0.9978589232386033 0.06540312923014555 0
    outer loop
      vertex 7.3 5 3.6
      vertex 7.314543735664523 4.778105473225913 0
      vertex 7.3 5 0
    endloop
  endfacet
  facet normal 0.8314696123025446 0.5555702330196033 0
    outer loop
      vertex 7.527756813566454 4.15 3.6
      vertex 7.651299321504901 3.965105570685175 0
      vertex 7.527756813566454 4.15 0
    endloop
  endfacet
  facet normal 0.9469301294951059 0.3214394653031609 0
    outer loop
      vertex 7.357926095308584 4.560007623325715 3.6
      vertex 7.429404794730813 4.349438164979348 0
      vertex 7.357926095308584 4.560007623325715 0
    endloop
  endfacet
  facet normal 0.8968727415326884 0.4422886902190012 0
    outer loop
      vertex 7.429404794730813 4.349438164979348 3.6
      vertex 7.527756813566454 4.15 0
      vertex 7.429404794730813 4.349438164979348 0
    endloop
  endfacet
  facet normal 0.9807852804032305 0.19509032201612764 0
    outer loop
      vertex 7.314543735664523 4.778105473225913 3.6
      vertex 7.357926095308584 4.560007623325715 0
      vertex 7.314543735664523 4.778105473225913 0
    endloop
  endfacet
  facet normal 0.9978589232386033 -0.06540312923014555 0
    outer loop
      vertex 7.314543735664523 5.221894526774087 3.6
      vertex 7.3 5 0
      vertex 7.314543735664523 5.221894526774087 0
    endloop
  endfacet
  facet normal 0.9807852804032305 -0.19509032201612764 0
    outer loop
      vertex 7.357926095308584 5.439992376674285 3.6
      vertex 7.314543735664523 5.221894526774087 0
      vertex 7.357926095308584 5.439992376674285 0
    endloop
  endfacet
  facet normal 0.9469301294951059 -0.3214394653031609 0
    outer loop
      vertex 7.429404794730813 5.650561835020652 3.6
      vertex 7.357926095308584 5.439992376674285 0
      vertex 7.429404794730813 5.650561835020652 0
    endloop
  endfacet
  facet normal 0.8968727415326884 -0.4422886902190012 0
    outer loop
      vertex 7.527756813566454 5.85 3.6
      vertex 7.429404794730813 5.650561835020652 0
      vertex 7.527756813566454 5.85 0
    endloop
  endfacet
  facet normal 0.8314696123025446 -0.5555702330196033 0
    outer loop
      vertex 7.651299321504901 6.034894429314825 3.6
      vertex 7.527756813566454 5.85 0
      vertex 7.651299321504901 6.034894429314825 0
    endloop
  endfacet
  facet normal 0.7518398074789799 -0.6593458151000658 0
    outer loop
      vertex 7.797918471982869 6.202081528017131 3.6
      vertex 7.651299321504901 6.034894429314825 0
      vertex 7.797918471982869 6.202081528017131 0
    endloop
  endfacet
  facet normal 0.6593458151000658 -0.7518398074789799 0
    outer loop
      vertex 7.965105570685175 6.348700678495099 3.6
      vertex 7.797918471982869 6.202081528017131 0
      vertex 7.965105570685175 6.348700678495099 0
    endloop
  endfacet
  facet normal 0.5555702330196033 -0.8314696123025446 0
    outer loop
      vertex 8.15 6.472243186433546 3.6
      vertex 7.965105570685175 6.348700678495099 0
      vertex 8.15 6.472243186433546 0
    endloop
  endfacet
  facet normal 0.44228869021900274 -0.8968727415326876 0
    outer loop
      vertex 8.349438164979347 6.570595205269187 3.6
      vertex 8.15 6.472243186433546 0
      vertex 8.349438164979347 6.570595205269187 0
    endloop
  endfacet
  facet normal 0.3214394653031597 -0.9469301294951064 0
    outer loop
      vertex 8.560007623325715 6.642073904691416 3.6
      vertex 8.349438164979347 6.570595205269187 0
      vertex 8.560007623325715 6.642073904691416 0
    endloop
  endfacet
  facet normal 0.19509032201612841 -0.9807852804032304 0
    outer loop
      vertex 8.778105473225912 6.685456264335477 3.6
      vertex 8.560007623325715 6.642073904691416 0
      vertex 8.778105473225912 6.685456264335477 0
    endloop
  endfacet
  facet normal 0.06540312923014528 -0.9978589232386033 0
    outer loop
      vertex 9 6.7 3.6
      vertex 8.778105473225912 6.685456264335477 0
      vertex 9 6.7 0
    endloop
  endfacet
  facet normal 0.9978589232386033 0.06540312923014555 0
    outer loop
      vertex 7.314543735664523 4.778105473225913 3.6
      vertex 7.314543735664523 4.778105473225913 0
      vertex 7.3 5 3.6
    endloop
  endfacet
  facet normal 0.8968727415326884 0.4422886902190012 1.7090054136610089e-18
    outer loop
      vertex 7.429404794730813 4.349438164979348 3.6
      vertex 7.527756813566454 4.15 3.6
      vertex 7.527756813566454 4.15 0
    endloop
  endfacet
  facet normal 0.9469301294951059 0.3214394653031609 0
    outer loop
      vertex 7.429404794730813 4.349438164979348 3.6
      vertex 7.429404794730813 4.349438164979348 0
      vertex 7.357926095308584 4.560007623325715 3.6
    endloop
  endfacet
  facet normal 0.8314696123025446 0.5555702330196033 0
    outer loop
      vertex 7.651299321504901 3.965105570685175 3.6
      vertex 7.651299321504901 3.965105570685175 0
      vertex 7.527756813566454 4.15 3.6
    endloop
  endfacet
  facet normal 0.9807852804032305 0.19509032201612764 0
    outer loop
      vertex 7.357926095308584 4.560007623325715 3.6
      vertex 7.357926095308584 4.560007623325715 0
      vertex 7.314543735664523 4.778105473225913 3.6
    endloop
  endfacet
  facet normal 0.9978589232386033 -0.06540312923014555 0
    outer loop
      vertex 7.3 5 3.6
      vertex 7.3 5 0
      vertex 7.314543735664523 5.221894526774087 3.6
    endloop
  endfacet
  facet normal 0.9807852804032305 -0.19509032201612764 0
    outer loop
      vertex 7.314543735664523 5.221894526774087 3.6
      vertex 7.314543735664523 5.221894526774087 0
      vertex 7.357926095308584 5.439992376674285 3.6
    endloop
  endfacet
  facet normal 0.9469301294951059 -0.3214394653031609 0
    outer loop
      vertex 7.357926095308584 5.439992376674285 3.6
      vertex 7.357926095308584 5.439992376674285 0
      vertex 7.429404794730813 5.650561835020652 3.6
    endloop
  endfacet
  facet normal 0.8968727415326884 -0.4422886902190012 0
    outer loop
      vertex 7.429404794730813 5.650561835020652 3.6
      vertex 7.429404794730813 5.650561835020652 0
      vertex 7.527756813566454 5.85 3.6
    endloop
  endfacet
  facet normal 0.8314696123025446 -0.5555702330196033 0
    outer loop
      vertex 7.527756813566454 5.85 3.6
      vertex 7.527756813566454 5.85 0
      vertex 7.651299321504901 6.034894429314825 3.6
    endloop
  endfacet
  facet normal 0.7518398074789799 -0.6593458151000658 0
    outer loop
      vertex 7.651299321504901 6.034894429314825 3.6
      vertex 7.651299321504901 6.034894429314825 0
      vertex 7.797918471982869 6.202081528017131 3.6
    endloop
  endfacet
  facet normal 0.6593458151000658 -0.7518398074789799 0
    outer loop
      vertex 7.797918471982869 6.202081528017131 3.6
      vertex 7.797918471982869 6.202081528017131 0
      vertex 7.965105570685175 6.348700678495099 3.6
    endloop
  endfacet
  facet normal 0.5555702330196033 -0.8314696123025446 0
    outer loop
      vertex 7.965105570685175 6.348700678495099 3.6
      vertex 7.965105570685175 6.348700678495099 0
      vertex 8.15 6.472243186433546 3.6
    endloop
  endfacet
  facet normal 0.44228869021900274 -0.8968727415326876 0
    outer loop
      vertex 8.15 6.472243186433546 3.6
      vertex 8.15 6.472243186433546 0
      vertex 8.349438164979347 6.570595205269187 3.6
    endloop
  endfacet
  facet normal 0.3214394653031597 -0.9469301294951064 0
    outer loop
      vertex 8.349438164979347 6.570595205269187 3.6
      vertex 8.349438164979347 6.570595205269187 0
      vertex 8.560007623325715 6.642073904691416 3.6
    endloop
  endfacet
  facet normal 0.19509032201612841 -0.9807852804032304 0
    outer loop
      vertex 8.560007623325715 6.642073904691416 3.6
      vertex 8.560007623325715 6.642073904691416 0
      vertex 8.778105473225912 6.685456264335477 3.6
    endloop
  endfacet
  facet normal 0.06540312923014528 -0.9978589232386033 0
    outer loop
      vertex 8.778105473225912 6.685456264335477 3.6
      vertex 8.778105473225912 6.685456264335477 0
      vertex 9 6.7 3.6
    endloop
  endfacet
  facet normal -0.06540312923014528 0.9978589232386033 0
    outer loop
      vertex 9 3.3 3.6
      vertex 9.221894526774088 3.3145437356645227 0
      vertex 9 3.3 0
    endloop
  endfacet
  facet normal -0.19509032201612841 0.9807852804032304 0
    outer loop
      vertex 9.221894526774088 3.3145437356645227 3.6
      vertex 9.439992376674285 3.357926095308584 0
      vertex 9.221894526774088 3.3145437356645227 0
    endloop
  endfacet
  facet normal -0.3214394653031597 0.9469301294951064 0
    outer loop
      vertex 9.439992376674285 3.357926095308584 3.6
      vertex 9.650561835020653 3.4294047947308126 0
      vertex 9.439992376674285 3.357926095308584 0
    endloop
  endfacet
  facet normal -0.44228869021900274 0.8968727415326876 0
    outer loop
      vertex 9.650561835020653 3.4294047947308126 3.6
      vertex 9.85 3.5277568135664543 0
      vertex 9.650561835020653 3.4294047947308126 0
    endloop
  endfacet
  facet normal -0.555570233019602 0.8314696123025455 0
    outer loop
      vertex 9.85 3.5277568135664543 3.6
      vertex 10.034894429314825 3.6512993215049003 0
      vertex 9.85 3.5277568135664543 0
    endloop
  endfacet
  facet normal -0.6593458151000691 0.7518398074789773 0
    outer loop
      vertex 10.034894429314825 3.6512993215049003 3.6
      vertex 10.20208152801713 3.797918471982869 0
      vertex 10.034894429314825 3.6512993215049003 0
    endloop
  endfacet
  facet normal -0.751839807478978 0.6593458151000681 0
    outer loop
      vertex 10.20208152801713 3.797918471982869 3.6
      vertex 10.3487006784951 3.965105570685175 0
      vertex 10.20208152801713 3.797918471982869 0
    endloop
  endfacet
  facet normal -0.06540312923014528 0.9978589232386033 3.816243924867871e-20
    outer loop
      vertex 9 3.3 3.6
      vertex 9.221894526774088 3.3145437356645227 3.6
      vertex 9.221894526774088 3.3145437356645227 0
    endloop
  endfacet
  facet normal -0.19509032201612841 0.9807852804032304 -8.09332069712715e-19
    outer loop
      vertex 9.221894526774088 3.3145437356645227 3.6
      vertex 9.439992376674285 3.357926095308584 3.6
      vertex 9.439992376674285 3.357926095308584 0
    endloop
  endfacet
  facet normal -0.3214394653031597 0.9469301294951064 -1.0361592621541094e-18
    outer loop
      vertex 9.439992376674285 3.357926095308584 3.6
      vertex 9.650561835020653 3.4294047947308126 3.6
      vertex 9.650561835020653 3.4294047947308126 0
    endloop
  endfacet
  facet normal -0.44228869021900274 0.8968727415326876 1.852965735741739e-18
    outer loop
      vertex 9.650561835020653 3.4294047947308126 3.6
      vertex 9.85 3.5277568135664543 3.6
      vertex 9.85 3.5277568135664543 0
    endloop
  endfacet
  facet normal -0.555570233019602 0.8314696123025455 9.346878187440548e-19
    outer loop
      vertex 9.85 3.5277568135664543 3.6
      vertex 10.034894429314825 3.6512993215049003 3.6
      vertex 10.034894429314825 3.6512993215049003 0
    endloop
  endfacet
  facet normal -0.6593458151000691 0.7518398074789773 6.990936853397554e-19
    outer loop
      vertex 10.034894429314825 3.6512993215049003 3.6
      vertex 10.20208152801713 3.797918471982869 3.6
      vertex 10.20208152801713 3.797918471982869 0
    endloop
  endfacet
  facet normal -0.751839807478978 0.6593458151000681 4.150106227777861e-19
    outer loop
      vertex 10.20208152801713 3.797918471982869 3.6
      vertex 10.3487006784951 3.965105570685175 3.6
      vertex 10.3487006784951 3.965105570685175 0
    endloop
  endfacet
  facet normal -0.8314696123025463 0.5555702330196005 0
    outer loop
      vertex 10.3487006784951 3.965105570685175 3.6
      vertex 10.472243186433545 4.15 0
      vertex 10.3487006784951 3.965105570685175 0
    endloop
  endfacet
  facet normal -0.8968727415326868 0.4422886902190044 0
    outer loop
      vertex 10.472243186433545 4.15 3.6
      vertex 10.570595205269187 4.349438164979348 0
      vertex 10.472243186433545 4.15 0
    endloop
  endfacet
  facet normal -0.9469301294951047 0.3214394653031645 0
    outer loop
      vertex 10.570595205269187 4.349438164979348 3.6
      vertex 10.642073904691417 4.560007623325715 0
      vertex 10.570595205269187 4.349438164979348 0
    endloop
  endfacet
  facet normal -0.9807852804032305 0.19509032201612764 0
    outer loop
      vertex 10.642073904691417 4.560007623325715 3.6
      vertex 10.685456264335478 4.778105473225913 0
      vertex 10.642073904691417 4.560007623325715 0
    endloop
  endfacet
  facet normal -0.9978589232386038 0.0654031292301376 0
    outer loop
      vertex 10.685456264335478 4.778105473225913 3.6
      vertex 10.7 5 0
      vertex 10.685456264335478 4.778105473225913 0
    endloop
  endfacet
  facet normal -0.9807852804032305 -0.19509032201612764 0
    outer loop
      vertex 10.685456264335478 5.221894526774087 3.6
      vertex 10.642073904691417 5.439992376674285 0
      vertex 10.685456264335478 5.221894526774087 0
    endloop
  endfacet
  facet normal -0.8968727415326868 -0.4422886902190044 0
    outer loop
      vertex 10.570595205269187 5.650561835020652 3.6
      vertex 10.472243186433545 5.85 0
      vertex 10.570595205269187 5.650561835020652 0
    endloop
  endfacet
  facet normal -0.9469301294951047 -0.3214394653031645 0
    outer loop
      vertex 10.642073904691417 5.439992376674285 3.6
      vertex 10.570595205269187 5.650561835020652 0
      vertex 10.642073904691417 5.439992376674285 0
    endloop
  endfacet
  facet normal -0.8314696123025463 -0.5555702330196005 0
    outer loop
      vertex 10.472243186433545 5.85 3.6
      vertex 10.3487006784951 6.034894429314825 0
      vertex 10.472243186433545 5.85 0
    endloop
  endfacet
  facet normal -0.9978589232386038 -0.0654031292301376 0
    outer loop
      vertex 10.7 5 3.6
      vertex 10.685456264335478 5.221894526774087 0
      vertex 10.7 5 0
    endloop
  endfacet
  facet normal -0.06540312923014528 -0.9978589232386033 0
    outer loop
      vertex 9.221894526774088 6.685456264335477 3.6
      vertex 9 6.7 0
      vertex 9.221894526774088 6.685456264335477 0
    endloop
  endfacet
  facet normal -0.19509032201612841 -0.9807852804032304 0
    outer loop
      vertex 9.439992376674285 6.642073904691416 3.6
      vertex 9.221894526774088 6.685456264335477 0
      vertex 9.439992376674285 6.642073904691416 0
    endloop
  endfacet
  facet normal -0.5555702330196033 -0.8314696123025446 0
    outer loop
      vertex 10.034894429314825 6.348700678495099 3.6
      vertex 9.85 6.472243186433546 0
      vertex 10.034894429314825 6.348700678495099 0
    endloop
  endfacet
  facet normal -0.3214394653031597 -0.9469301294951064 0
    outer loop
      vertex 9.650561835020653 6.570595205269187 3.6
      vertex 9.439992376674285 6.642073904691416 0
      vertex 9.650561835020653 6.570595205269187 0
    endloop
  endfacet
  facet normal -0.44228869021900274 -0.8968727415326876 0
    outer loop
      vertex 9.85 6.472243186433546 3.6
      vertex 9.650561835020653 6.570595205269187 0
      vertex 9.85 6.472243186433546 0
    endloop
  endfacet
  facet normal -0.751839807478978 -0.6593458151000681 0
    outer loop
      vertex 10.3487006784951 6.034894429314825 3.6
      vertex 10.20208152801713 6.202081528017131 0
      vertex 10.3487006784951 6.034894429314825 0
    endloop
  endfacet
  facet normal -0.659345815100068 -0.7518398074789784 0
    outer loop
      vertex 10.20208152801713 6.202081528017131 3.6
      vertex 10.034894429314825 6.348700678495099 0
      vertex 10.20208152801713 6.202081528017131 0
    endloop
  endfacet
  facet normal -0.8314696123025463 0.5555702330196005 -1.9538094261999807e-18
    outer loop
      vertex 10.3487006784951 3.965105570685175 3.6
      vertex 10.472243186433545 4.15 3.6
      vertex 10.472243186433545 4.15 0
    endloop
  endfacet
  facet normal -0.8968727415326868 0.4422886902190044 -1.4655684376530527e-18
    outer loop
      vertex 10.472243186433545 4.15 3.6
      vertex 10.570595205269187 4.349438164979348 3.6
      vertex 10.570595205269187 4.349438164979348 0
    endloop
  endfacet
  facet normal -0.9469301294951047 0.3214394653031645 -5.714150769845857e-19
    outer loop
      vertex 10.570595205269187 4.349438164979348 3.6
      vertex 10.642073904691417 4.560007623325715 3.6
      vertex 10.642073904691417 4.560007623325715 0
    endloop
  endfacet
  facet normal -0.9807852804032305 0.19509032201612764 -3.5043960349383446e-19
    outer loop
      vertex 10.642073904691417 4.560007623325715 3.6
      vertex 10.685456264335478 4.778105473225913 3.6
      vertex 10.685456264335478 4.778105473225913 0
    endloop
  endfacet
  facet normal -0.9978589232386038 0.0654031292301376 2.1934588828933734e-19
    outer loop
      vertex 10.685456264335478 4.778105473225913 3.6
      vertex 10.7 5 3.6
      vertex 10.7 5 0
    endloop
  endfacet
  facet normal -0.9807852804032305 -0.19509032201612764 3.5043960349383446e-19
    outer loop
      vertex 10.685456264335478 5.221894526774087 3.6
      vertex 10.642073904691417 5.439992376674285 3.6
      vertex 10.642073904691417 5.439992376674285 0
    endloop
  endfacet
  facet normal -0.8314696123025463 -0.5555702330196005 0
    outer loop
      vertex 10.3487006784951 6.034894429314825 3.6
      vertex 10.3487006784951 6.034894429314825 0
      vertex 10.472243186433545 5.85 3.6
    endloop
  endfacet
  facet normal -0.9469301294951047 -0.3214394653031645 5.714150769845857e-19
    outer loop
      vertex 10.642073904691417 5.439992376674285 3.6
      vertex 10.570595205269187 5.650561835020652 3.6
      vertex 10.570595205269187 5.650561835020652 0
    endloop
  endfacet
  facet normal -0.8968727415326868 -0.4422886902190044 0
    outer loop
      vertex 10.472243186433545 5.85 3.6
      vertex 10.472243186433545 5.85 0
      vertex 10.570595205269187 5.650561835020652 3.6
    endloop
  endfacet
  facet normal -0.9978589232386038 -0.0654031292301376 -2.1934588828933734e-19
    outer loop
      vertex 10.7 5 3.6
      vertex 10.685456264335478 5.221894526774087 3.6
      vertex 10.685456264335478 5.221894526774087 0
    endloop
  endfacet
  facet normal -0.06540312923014528 -0.9978589232386033 0
    outer loop
      vertex 9 6.7 3.6
      vertex 9 6.7 0
      vertex 9.221894526774088 6.685456264335477 3.6
    endloop
  endfacet
  facet normal -0.19509032201612841 -0.9807852804032304 0
    outer loop
      vertex 9.221894526774088 6.685456264335477 3.6
      vertex 9.221894526774088 6.685456264335477 0
      vertex 9.439992376674285 6.642073904691416 3.6
    endloop
  endfacet
  facet normal -0.3214394653031597 -0.9469301294951064 0
    outer loop
      vertex 9.439992376674285 6.642073904691416 3.6
      vertex 9.439992376674285 6.642073904691416 0
      vertex 9.650561835020653 6.570595205269187 3.6
    endloop
  endfacet
  facet normal -0.5555702330196033 -0.8314696123025446 0
    outer loop
      vertex 9.85 6.472243186433546 3.6
      vertex 9.85 6.472243186433546 0
      vertex 10.034894429314825 6.348700678495099 3.6
    endloop
  endfacet
  facet normal -0.659345815100068 -0.7518398074789784 1.03424936532676e-18
    outer loop
      vertex 10.20208152801713 6.202081528017131 3.6
      vertex 10.034894429314825 6.348700678495099 3.6
      vertex 10.034894429314825 6.348700678495099 0
    endloop
  endfacet
  facet normal -0.44228869021900274 -0.8968727415326876 -1.852965735741739e-18
    outer loop
      vertex 9.85 6.472243186433546 3.6
      vertex 9.650561835020653 6.570595205269187 3.6
      vertex 9.650561835020653 6.570595205269187 0
    endloop
  endfacet
  facet normal -0.751839807478978 -0.6593458151000681 -4.150106227777861e-19
    outer loop
      vertex 10.3487006784951 6.034894429314825 3.6
      vertex 10.20208152801713 6.202081528017131 3.6
      vertex 10.20208152801713 6.202081528017131 0
    endloop
  endfacet
  facet normal 0 0.555570233019602 0.8314696123025455
    outer loop
      vertex 5 -1.5 1.401923788646684
      vertex 5 -1.826284287026162 1.6199399791262943
      vertex 13 -1.5 1.401923788646684
    endloop
  endfacet
  facet normal -4.744187855686817e-19 0.4422886902190006 0.8968727415326888
    outer loop
      vertex 5 -1.5 1.401923788646684
      vertex 13 -1.1480502970952693 1.22836140246614
      vertex 5 -1.1480502970952693 1.22836140246614
    endloop
  endfacet
  facet normal 1.0324959341665063e-18 0.32143946530316264 0.9469301294951054
    outer loop
      vertex 5 -1.1480502970952693 1.22836140246614
      vertex 13 -0.7764571353075622 1.102222521132795
      vertex 5 -0.7764571353075622 1.102222521132795
    endloop
  endfacet
  facet normal -2.14176760403304e-19 0.1950903220161273 0.9807852804032305
    outer loop
      vertex 5 -0.7764571353075622 1.102222521132795
      vertex 13 -0.3915785766601547 1.025665415878569
      vertex 5 -0.3915785766601547 1.025665415878569
    endloop
  endfacet
  facet normal 1.6120906163544818e-19 0.06540312923014358 0.9978589232386035
    outer loop
      vertex 5 -0.3915785766601547 1.025665415878569
      vertex 13 0 1
      vertex 5 0 1
    endloop
  endfacet
  facet normal 0 0.7518398074789775 0.6593458151000688
    outer loop
      vertex 5 -2.121320343559643 1.8786796564403572
      vertex 5 -2.3800600208737057 2.173715712973838
      vertex 13 -2.121320343559643 1.8786796564403572
    endloop
  endfacet
  facet normal 0 0.8314696123025457 0.5555702330196015
    outer loop
      vertex 5 -2.3800600208737057 2.173715712973838
      vertex 5 -2.531258347561386 2.4
      vertex 13 -2.3800600208737057 2.173715712973838
    endloop
  endfacet
  facet normal -9.68944205920434e-19 0.6593458151000686 0.7518398074789777
    outer loop
      vertex 5 -2.121320343559643 1.8786796564403572
      vertex 13 -1.826284287026162 1.6199399791262943
      vertex 5 -1.826284287026162 1.6199399791262943
    endloop
  endfacet
  facet normal -1.6120906163544818e-19 -0.06540312923014358 0.9978589232386035
    outer loop
      vertex 5 0 1
      vertex 13 0.3915785766601547 1.025665415878569
      vertex 5 0.3915785766601547 1.025665415878569
    endloop
  endfacet
  facet normal 2.14176760403304e-19 -0.1950903220161273 0.9807852804032305
    outer loop
      vertex 5 0.3915785766601547 1.025665415878569
      vertex 13 0.7764571353075622 1.102222521132795
      vertex 5 0.7764571353075622 1.102222521132795
    endloop
  endfacet
  facet normal -1.0324959341665063e-18 -0.32143946530316264 0.9469301294951054
    outer loop
      vertex 5 0.7764571353075622 1.102222521132795
      vertex 13 1.1480502970952693 1.22836140246614
      vertex 5 1.1480502970952693 1.22836140246614
    endloop
  endfacet
  facet normal 4.744187855686817e-19 -0.4422886902190006 0.8968727415326888
    outer loop
      vertex 5 1.1480502970952693 1.22836140246614
      vertex 13 1.5 1.401923788646684
      vertex 5 1.5 1.401923788646684
    endloop
  endfacet
  facet normal -1.6270807056985695e-18 -0.555570233019602 0.8314696123025455
    outer loop
      vertex 5 1.5 1.401923788646684
      vertex 13 1.826284287026162 1.6199399791262943
      vertex 5 1.826284287026162 1.6199399791262943
    endloop
  endfacet
  facet normal 9.68944205920434e-19 -0.6593458151000686 0.7518398074789777
    outer loop
      vertex 5 1.826284287026162 1.6199399791262943
      vertex 13 2.121320343559643 1.8786796564403572
      vertex 5 2.121320343559643 1.8786796564403572
    endloop
  endfacet
  facet normal 3.5079138101739455e-19 -0.7518398074789775 0.6593458151000688
    outer loop
      vertex 5 2.121320343559643 1.8786796564403572
      vertex 13 2.3800600208737057 2.173715712973838
      vertex 5 2.3800600208737057 2.173715712973838
    endloop
  endfacet
  facet normal 2.9640749730101484e-19 -0.8314696123025457 0.5555702330196015
    outer loop
      vertex 5 2.3800600208737057 2.173715712973838
      vertex 13 2.531258347561386 2.4
      vertex 5 2.531258347561386 2.4
    endloop
  endfacet
  facet normal 0 0.32143946530316264 0.9469301294951054
    outer loop
      vertex 5 -1.1480502970952693 1.22836140246614
      vertex 13 -1.1480502970952693 1.22836140246614
      vertex 13 -0.7764571353075622 1.102222521132795
    endloop
  endfacet
  facet normal 0 0.555570233019602 0.8314696123025455
    outer loop
      vertex 5 -1.826284287026162 1.6199399791262943
      vertex 13 -1.826284287026162 1.6199399791262943
      vertex 13 -1.5 1.401923788646684
    endloop
  endfacet
  facet normal 0 0.4422886902190006 0.8968727415326888
    outer loop
      vertex 5 -1.5 1.401923788646684
      vertex 13 -1.5 1.401923788646684
      vertex 13 -1.1480502970952693 1.22836140246614
    endloop
  endfacet
  facet normal 0 0.1950903220161273 0.9807852804032305
    outer loop
      vertex 5 -0.7764571353075622 1.102222521132795
      vertex 13 -0.7764571353075622 1.102222521132795
      vertex 13 -0.3915785766601547 1.025665415878569
    endloop
  endfacet
  facet normal 0 0.06540312923014358 0.9978589232386035
    outer loop
      vertex 5 -0.3915785766601547 1.025665415878569
      vertex 13 -0.3915785766601547 1.025665415878569
      vertex 13 0 1
    endloop
  endfacet
  facet normal 0 0.6593458151000686 0.7518398074789777
    outer loop
      vertex 5 -2.121320343559643 1.8786796564403572
      vertex 13 -2.121320343559643 1.8786796564403572
      vertex 13 -1.826284287026162 1.6199399791262943
    endloop
  endfacet
  facet normal 0 0.7518398074789775 0.6593458151000688
    outer loop
      vertex 5 -2.3800600208737057 2.173715712973838
      vertex 13 -2.3800600208737057 2.173715712973838
      vertex 13 -2.121320343559643 1.8786796564403572
    endloop
  endfacet
  facet normal -2.9640749730101484e-19 0.8314696123025457 0.5555702330196015
    outer loop
      vertex 13 -2.3800600208737057 2.173715712973838
      vertex 5 -2.531258347561386 2.4
      vertex 13 -2.531258347561386 2.4
    endloop
  endfacet
  facet normal 0 -0.06540312923014358 0.9978589232386035
    outer loop
      vertex 5 0 1
      vertex 13 0 1
      vertex 13 0.3915785766601547 1.025665415878569
    endloop
  endfacet
  facet normal 0 -0.1950903220161273 0.9807852804032305
    outer loop
      vertex 5 0.3915785766601547 1.025665415878569
      vertex 13 0.3915785766601547 1.025665415878569
      vertex 13 0.7764571353075622 1.102222521132795
    endloop
  endfacet
  facet normal 0 -0.32143946530316264 0.9469301294951054
    outer loop
      vertex 5 0.7764571353075622 1.102222521132795
      vertex 13 0.7764571353075622 1.102222521132795
      vertex 13 1.1480502970952693 1.22836140246614
    endloop
  endfacet
  facet normal 0 -0.4422886902190006 0.8968727415326888
    outer loop
      vertex 5 1.1480502970952693 1.22836140246614
      vertex 13 1.1480502970952693 1.22836140246614
      vertex 13 1.5 1.401923788646684
    endloop
  endfacet
  facet normal 0 -0.555570233019602 0.8314696123025455
    outer loop
      vertex 5 1.5 1.401923788646684
      vertex 13 1.5 1.401923788646684
      vertex 13 1.826284287026162 1.6199399791262943
    endloop
  endfacet
  facet normal 0 -0.6593458151000686 0.7518398074789777
    outer loop
      vertex 5 1.826284287026162 1.6199399791262943
      vertex 13 1.826284287026162 1.6199399791262943
      vertex 13 2.121320343559643 1.8786796564403572
    endloop
  endfacet
  facet normal 0 -0.7518398074789775 0.6593458151000688
    outer loop
      vertex 5 2.121320343559643 1.8786796564403572
      vertex 13 2.121320343559643 1.8786796564403572
      vertex 13 2.3800600208737057 2.173715712973838
    endloop
  endfacet
  facet normal 0 -0.8314696123025457 0.5555702330196015
    outer loop
      vertex 5 2.3800600208737057 2.173715712973838
      vertex 13 2.3800600208737057 2.173715712973838
      vertex 13 2.531258347561386 2.4
    endloop
  endfacet
  facet normal 0.5291821903921005 0.7055088056010038 0.47140591276654936
    outer loop
      vertex 13 -2.3800600208737057 2.173715712973838
      vertex 13 -2.531258347561386 2.4
      vertex 13.32 -2.7712812921102037 2.4
    endloop
  endfacet
  facet normal 0.529182190392101 0.637942261183655 0.5594603478064405
    outer loop
      vertex 18 -4.621333706826003 0
      vertex 17.250966799187808 -4 0
      vertex 18 -4.859289209283815 0.27133624732158657
    endloop
  endfacet
  facet normal 0.5291821903921005 0.7055088056010037 0.47140591276654953
    outer loop
      vertex 13 -2.3800600208737057 2.173715712973838
      vertex 18 -5.304405598179685 0.9375000000000004
      vertex 18 -4.859289209283815 0.27133624732158657
    endloop
  endfacet
  facet normal 0.5291821903921006 0.7610038987505254 0.37528559186081034
    outer loop
      vertex 13.936529834327343 -3.2 2.4
      vertex 13.741848065497058 -3.2 2.6745166004060956
      vertex 18 -5.658762136631631 1.6560639767638257
    endloop
  endfacet
  facet normal 0.5291821903921006 0.8034780042022838 0.2727440304295102
    outer loop
      vertex 13.500614043699626 -3.2 3.1425625842204075
      vertex 18 -5.9162956860205425 2.4147333487470606
      vertex 13.741848065497058 -3.2 2.6745166004060956
    endloop
  endfacet
  facet normal 0.5291821903921005 0.7610038987505248 0.3752855918608117
    outer loop
      vertex 18 -5.658762136631631 1.6560639767638257
      vertex 18 -5.304405598179685 0.9375000000000004
      vertex 13.32 -2.7712812921102037 2.4
    endloop
  endfacet
  facet normal 0.5291821903921006 0.8034780042022835 0.27274403042951095
    outer loop
      vertex 18 -5.911294388041034 2.4
      vertex 18 -5.658762136631631 1.6560639767638257
      vertex 13.741848065497058 -3.2 2.6745166004060956
    endloop
  endfacet
  facet normal 0.529182190392103 0.8034780042022899 0.272744030429487
    outer loop
      vertex 18 -5.911294388041034 2.4
      vertex 13.741848065497058 -3.2 2.6745166004060956
      vertex 18 -5.9162956860205425 2.4147333487470606
    endloop
  endfacet
  facet normal 0.5291821903921006 0.8322043782359528 0.16553574301862972
    outer loop
      vertex 18 -6.072599775914588 3.2005270726521844
      vertex 18 -5.9162956860205425 2.4147333487470606
      vertex 13.500614043699626 -3.2 3.1425625842204075
    endloop
  endfacet
  facet normal 0.5291821903921007 0.5594603478064415 0.6379422611836546
    outer loop
      vertex 13 -2.121320343559643 1.8786796564403572
      vertex 17.250966799187808 -4 0
      vertex 16.267023449665693 -3.069307951915841 0
    endloop
  endfacet
  facet normal 0.5291821903921005 0.4714059127665492 0.7055088056010043
    outer loop
      vertex 13 -1.826284287026162 1.6199399791262943
      vertex 16.267023449665693 -3.069307951915841 0
      vertex 15.590083445627211 -2.309401076758503 0
    endloop
  endfacet
  facet normal 0.5291821903921003 0.5594603478064419 0.637942261183654
    outer loop
      vertex 13 -2.121320343559643 1.8786796564403572
      vertex 16.267023449665693 -3.069307951915841 0
      vertex 13 -1.826284287026162 1.6199399791262943
    endloop
  endfacet
  facet normal 0.5291821903921005 0.6379422611836539 0.5594603478064423
    outer loop
      vertex 13 -2.121320343559643 1.8786796564403572
      vertex 13 -2.3800600208737057 2.173715712973838
      vertex 18 -4.859289209283815 0.27133624732158657
    endloop
  endfacet
  facet normal 0.5291821903921003 0.37528559186081206 0.7610038987505247
    outer loop
      vertex 13 -1.5 1.401923788646684
      vertex 15.590083445627211 -2.309401076758503 0
      vertex 15.127310081871322 -1.6568542494923801 0
    endloop
  endfacet
  facet normal 0.5291821903921007 0.2727440304295105 0.8034780042022837
    outer loop
      vertex 13 -1.1480502970952693 1.22836140246614
      vertex 15.127310081871322 -1.6568542494923801 0
      vertex 14.825767554624532 -1.0717967697244908 0
    endloop
  endfacet
  facet normal 0.5291821903921005 0.1655357430186292 0.832204378235953
    outer loop
      vertex 13 -0.7764571353075622 1.102222521132795
      vertex 14.825767554624532 -1.0717967697244908 0
      vertex 14.655225347712978 -0.5266099903495833 0
    endloop
  endfacet
  facet normal 0.5291821903921003 0.055495093149520815 0.8466915046273613
    outer loop
      vertex 13 0 1
      vertex 14.655225347712978 -0.5266099903495833 0
      vertex 14.600000000000001 0 0
    endloop
  endfacet
  facet normal 0.5291821903921005 0.2727440304295114 0.8034780042022833
    outer loop
      vertex 13 -1.1480502970952693 1.22836140246614
      vertex 14.825767554624532 -1.0717967697244908 0
      vertex 13 -0.7764571353075622 1.102222521132795
    endloop
  endfacet
  facet normal 0.5291821903921006 0.16553574301862892 0.832204378235953
    outer loop
      vertex 13 -0.7764571353075622 1.102222521132795
      vertex 14.655225347712978 -0.5266099903495833 0
      vertex 13 -0.3915785766601547 1.025665415878569
    endloop
  endfacet
  facet normal 0.5291821903921006 0.05549509314952198 0.8466915046273611
    outer loop
      vertex 13 -0.3915785766601547 1.025665415878569
      vertex 14.655225347712978 -0.5266099903495833 0
      vertex 13 0 1
    endloop
  endfacet
  facet normal 0.5291821903921003 0.47140591276654975 0.7055088056010037
    outer loop
      vertex 13 -1.5 1.401923788646684
      vertex 13 -1.826284287026162 1.6199399791262943
      vertex 15.590083445627211 -2.309401076758503 0
    endloop
  endfacet
  facet normal 0.5291821903921007 0.37528559186081045 0.7610038987505252
    outer loop
      vertex 13 -1.5 1.401923788646684
      vertex 15.127310081871322 -1.6568542494923801 0
      vertex 13 -1.1480502970952693 1.22836140246614
    endloop
  endfacet
  facet normal 0.5291821903921007 0.6379422611836549 0.5594603478064412
    outer loop
      vertex 13 -2.121320343559643 1.8786796564403572
      vertex 18 -4.859289209283815 0.27133624732158657
      vertex 17.250966799187808 -4 0
    endloop
  endfacet
  facet normal 0.5291821903921005 0.7055088056010039 0.47140591276654925
    outer loop
      vertex 13 -2.3800600208737057 2.173715712973838
      vertex 13.32 -2.7712812921102037 2.4
      vertex 18 -5.304405598179685 0.9375000000000004
    endloop
  endfacet
  facet normal 0.5291821903921002 0.7610038987505238 0.3752855918608138
    outer loop
      vertex 13.936529834327343 -3.2 2.4
      vertex 18 -5.658762136631631 1.6560639767638257
      vertex 13.32 -2.7712812921102037 2.4
    endloop
  endfacet
  facet normal 0.5291821903921003 0.8322043782359526 0.16553574301863036
    outer loop
      vertex 13.500614043699626 -3.2 3.1425625842204075
      vertex 13.364180278170382 -3.2 3.578712007720333
      vertex 18 -6.072599775914588 3.2005270726521844
    endloop
  endfacet
  facet normal 0.5291821903921006 0.8466915046273611 0.055495093149521266
    outer loop
      vertex 13.364180278170382 -3.2 3.578712007720333
      vertex 13.32 -3.2 4
      vertex 18 -6.124999999999999 4
    endloop
  endfacet
  facet normal 0.5291821903921005 0.8466915046273611 -0.05549509314952126
    outer loop
      vertex 13.364180278170382 -3.2 4.421287992279667
      vertex 18 -6.072599775914588 4.799472927347816
      vertex 13.32 -3.2 4
    endloop
  endfacet
  facet normal 0.5291821903921005 0.8466915046273611 0.05549509314952145
    outer loop
      vertex 18 -6.124999999999999 4
      vertex 18 -6.072599775914588 3.2005270726521844
      vertex 13.364180278170382 -3.2 3.578712007720333
    endloop
  endfacet
  facet normal 0.5291821903921005 0.8466915046273611 -0.05549509314952142
    outer loop
      vertex 18 -6.124999999999999 4
      vertex 13.32 -3.2 4
      vertex 18 -6.072599775914588 4.799472927347816
    endloop
  endfacet
  facet normal 0.5291821903921006 0.8322043782359526 -0.16553574301863058
    outer loop
      vertex 13.364180278170382 -3.2 4.421287992279667
      vertex 13.500614043699626 -3.2 4.857437415779592
      vertex 18 -5.9162956860205425 5.5852666512529385
    endloop
  endfacet
  facet normal 0.5291821903921005 0.8034780042022837 -0.2727440304295101
    outer loop
      vertex 13.500614043699626 -3.2 4.857437415779592
      vertex 13.741848065497058 -3.2 5.325483399593904
      vertex 18 -5.658762136631631 6.343936023236174
    endloop
  endfacet
  facet normal 0.5291821903921005 0.8322043782359527 -0.16553574301862994
    outer loop
      vertex 18 -6.072599775914588 4.799472927347816
      vertex 13.364180278170382 -3.2 4.421287992279667
      vertex 18 -5.9162956860205425 5.5852666512529385
    endloop
  endfacet
  facet normal 0.5291821903921006 0.8034780042022838 -0.27274403042951034
    outer loop
      vertex 13.500614043699626 -3.2 4.857437415779592
      vertex 18 -5.658762136631631 6.343936023236174
      vertex 18 -5.9162956860205425 5.5852666512529385
    endloop
  endfacet
  facet normal 0.5291821903921006 0.7610038987505249 -0.37528559186081134
    outer loop
      vertex 13.741848065497058 -3.2 5.325483399593904
      vertex 15.88 -4.156921938165305 6.4
      vertex 18 -5.6311144429254245 6.4
    endloop
  endfacet
  facet normal 0.5291821903921002 0.7610038987505255 -0.37528559186081045
    outer loop
      vertex 13.741848065497058 -3.2 5.325483399593904
      vertex 18 -5.6311144429254245 6.4
      vertex 18 -5.658762136631631 6.343936023236174
    endloop
  endfacet
  facet normal 0.5291821903921003 0.7610038987505255 -0.3752855918608103
    outer loop
      vertex 13.741848065497058 -3.2 5.325483399593904
      vertex 14.112066756501768 -3.2 5.847520861406803
      vertex 15.88 -4.156921938165305 6.4
    endloop
  endfacet
  facet normal 0.5291821903921003 0.7055088056010043 -0.47140591276654914
    outer loop
      vertex 14.604226049353304 -3.2 6.4
      vertex 15.88 -4.156921938165305 6.4
      vertex 14.112066756501768 -3.2 5.847520861406803
    endloop
  endfacet
  facet normal 0.5291821903921003 -0.7055088056010038 0.47140591276654936
    outer loop
      vertex 13 2.3800600208737057 2.173715712973838
      vertex 13.32 2.7712812921102037 2.4
      vertex 13 2.531258347561386 2.4
    endloop
  endfacet
  facet normal 0.5291821903921006 -0.05549509314952092 0.8466915046273612
    outer loop
      vertex 13 0.3915785766601547 1.025665415878569
      vertex 14.600000000000001 0 0
      vertex 14.655225347712978 0.5266099903495833 0
    endloop
  endfacet
  facet normal 0.5291821903921006 -0.16553574301862936 0.8322043782359531
    outer loop
      vertex 13 0.7764571353075622 1.102222521132795
      vertex 14.655225347712978 0.5266099903495833 0
      vertex 14.825767554624532 1.0717967697244908 0
    endloop
  endfacet
  facet normal 0.5291821903921002 -0.055495093149521994 0.8466915046273612
    outer loop
      vertex 13 0 1
      vertex 14.600000000000001 0 0
      vertex 13 0.3915785766601547 1.025665415878569
    endloop
  endfacet
  facet normal 0.5291821903921006 -0.16553574301862892 0.832204378235953
    outer loop
      vertex 13 0.3915785766601547 1.025665415878569
      vertex 14.655225347712978 0.5266099903495833 0
      vertex 13 0.7764571353075622 1.102222521132795
    endloop
  endfacet
  facet normal 0.5291821903921005 -0.2727440304295114 0.8034780042022833
    outer loop
      vertex 13 0.7764571353075622 1.102222521132795
      vertex 14.825767554624532 1.0717967697244908 0
      vertex 13 1.1480502970952693 1.22836140246614
    endloop
  endfacet
  facet normal 0.5291821903921007 -0.2727440304295104 0.8034780042022835
    outer loop
      vertex 13 1.1480502970952693 1.22836140246614
      vertex 14.825767554624532 1.0717967697244908 0
      vertex 15.127310081871322 1.6568542494923804 0
    endloop
  endfacet
  facet normal 0.5291821903921005 -0.3752855918608119 0.7610038987505247
    outer loop
      vertex 13 1.5 1.401923788646684
      vertex 15.127310081871322 1.6568542494923804 0
      vertex 15.590083445627211 2.3094010767585034 0
    endloop
  endfacet
  facet normal 0.5291821903921007 -0.37528559186081045 0.7610038987505252
    outer loop
      vertex 13 1.1480502970952693 1.22836140246614
      vertex 15.127310081871322 1.6568542494923804 0
      vertex 13 1.5 1.401923788646684
    endloop
  endfacet
  facet normal 0.5291821903921005 -0.47140591276654975 0.7055088056010037
    outer loop
      vertex 13 1.5 1.401923788646684
      vertex 15.590083445627211 2.3094010767585034 0
      vertex 13 1.826284287026162 1.6199399791262943
    endloop
  endfacet
  facet normal 0.5291821903921005 -0.47140591276654925 0.705508805601004
    outer loop
      vertex 13 1.826284287026162 1.6199399791262943
      vertex 15.590083445627211 2.3094010767585034 0
      vertex 16.267023449665693 3.069307951915841 0
    endloop
  endfacet
  facet normal 0.5291821903921006 -0.5594603478064414 0.6379422611836548
    outer loop
      vertex 13 2.121320343559643 1.8786796564403572
      vertex 16.267023449665693 3.069307951915841 0
      vertex 17.250966799187808 4 0
    endloop
  endfacet
  facet normal 0.5291821903921003 -0.5594603478064419 0.637942261183654
    outer loop
      vertex 13 1.826284287026162 1.6199399791262943
      vertex 16.267023449665693 3.069307951915841 0
      vertex 13 2.121320343559643 1.8786796564403572
    endloop
  endfacet
  facet normal 0.5291821903921006 -0.6379422611836539 0.5594603478064423
    outer loop
      vertex 13 2.121320343559643 1.8786796564403572
      vertex 18 4.621333706826003 0
      vertex 13 2.3800600208737057 2.173715712973838
    endloop
  endfacet
  facet normal 0.5291821903921008 -0.6379422611836545 0.5594603478064414
    outer loop
      vertex 13 2.121320343559643 1.8786796564403572
      vertex 17.250966799187808 4 0
      vertex 18 4.621333706826003 0
    endloop
  endfacet
  facet normal 0.5291821903921006 -0.6379422611836554 0.5594603478064407
    outer loop
      vertex 13 2.3800600208737057 2.173715712973838
      vertex 18 4.621333706826003 0
      vertex 18 4.859289209283815 0.27133624732158657
    endloop
  endfacet
  facet normal 0.5291821903921005 -0.7055088056010039 0.4714059127665493
    outer loop
      vertex 13 2.3800600208737057 2.173715712973838
      vertex 18 4.859289209283815 0.27133624732158657
      vertex 13.32 2.7712812921102037 2.4
    endloop
  endfacet
  facet normal 0.5291821903921005 -0.7610038987505242 0.37528559186081273
    outer loop
      vertex 13.32 2.7712812921102037 2.4
      vertex 18 5.304405598179685 0.9375000000000004
      vertex 13.936529834327343 3.2 2.4
    endloop
  endfacet
  facet normal 0.5291821903921005 -0.7055088056010037 0.4714059127665495
    outer loop
      vertex 13.32 2.7712812921102037 2.4
      vertex 18 4.859289209283815 0.27133624732158657
      vertex 18 5.304405598179685 0.9375000000000004
    endloop
  endfacet
  facet normal 0.5291821903921006 -0.7610038987505254 0.37528559186081034
    outer loop
      vertex 13.936529834327343 3.2 2.4
      vertex 18 5.658762136631631 1.6560639767638257
      vertex 13.741848065497058 3.2 2.6745166004060956
    endloop
  endfacet
  facet normal 0.5291821903921005 -0.8034780042022837 0.2727440304295101
    outer loop
      vertex 13.741848065497058 3.2 2.6745166004060956
      vertex 18 5.658762136631631 1.6560639767638257
      vertex 13.500614043699626 3.2 3.1425625842204075
    endloop
  endfacet
  facet normal 0.5291821903921006 -0.8322043782359527 0.16553574301863042
    outer loop
      vertex 13.500614043699626 3.2 3.1425625842204075
      vertex 18 5.9162956860205425 2.4147333487470606
      vertex 13.364180278170382 3.2 3.578712007720333
    endloop
  endfacet
  facet normal 0.5291821903921006 -0.7610038987505249 0.37528559186081156
    outer loop
      vertex 13.936529834327343 3.2 2.4
      vertex 18 5.304405598179685 0.9375000000000004
      vertex 18 5.658762136631631 1.6560639767638257
    endloop
  endfacet
  facet normal 0.5291821903921006 -0.8034780042022835 0.2727440304295109
    outer loop
      vertex 18 5.911294388041034 2.4
      vertex 13.500614043699626 3.2 3.1425625842204075
      vertex 18 5.658762136631631 1.6560639767638257
    endloop
  endfacet
  facet normal 0.5291821903921013 -0.803478004202291 0.27274403042948747
    outer loop
      vertex 18 5.911294388041034 2.4
      vertex 18 5.9162956860205425 2.4147333487470606
      vertex 13.500614043699626 3.2 3.1425625842204075
    endloop
  endfacet
  facet normal 0.5291821903921006 -0.832204378235953 0.16553574301862972
    outer loop
      vertex 18 6.072599775914588 3.2005270726521844
      vertex 13.364180278170382 3.2 3.578712007720333
      vertex 18 5.9162956860205425 2.4147333487470606
    endloop
  endfacet
  facet normal 0.5291821903921002 -0.7055088056010044 -0.471405912766549
    outer loop
      vertex 15.880000000000003 4.156921938165306 6.4
      vertex 14.604226049353304 3.2 6.4
      vertex 14.112066756501768 3.2 5.847520861406803
    endloop
  endfacet
  facet normal 0.5291821903921005 -0.8466915046273611 0.05549509314952126
    outer loop
      vertex 13.364180278170382 3.2 3.578712007720333
      vertex 18 6.072599775914588 3.2005270726521844
      vertex 13.32 3.2 4
    endloop
  endfacet
  facet normal 0.5291821903921006 -0.8466915046273611 -0.055495093149521266
    outer loop
      vertex 13.32 3.2 4
      vertex 18 6.124999999999999 4
      vertex 13.364180278170382 3.2 4.421287992279667
    endloop
  endfacet
  facet normal 0.5291821903921005 -0.8322043782359527 -0.16553574301863053
    outer loop
      vertex 13.500614043699626 3.2 4.857437415779592
      vertex 13.364180278170382 3.2 4.421287992279667
      vertex 18 6.072599775914588 4.799472927347816
    endloop
  endfacet
  facet normal 0.5291821903921005 -0.8466915046273611 0.05549509314952145
    outer loop
      vertex 18 6.124999999999999 4
      vertex 13.32 3.2 4
      vertex 18 6.072599775914588 3.2005270726521844
    endloop
  endfacet
  facet normal 0.5291821903921007 -0.8466915046273612 -0.05549509314952124
    outer loop
      vertex 13.364180278170382 3.2 4.421287992279667
      vertex 18 6.124999999999999 4
      vertex 18 6.072599775914588 4.799472927347816
    endloop
  endfacet
  facet normal 0.5291821903921006 -0.8034780042022838 -0.2727440304295102
    outer loop
      vertex 13.741848065497058 3.2 5.325483399593904
      vertex 13.500614043699626 3.2 4.857437415779592
      vertex 18 5.9162956860205425 5.5852666512529385
    endloop
  endfacet
  facet normal 0.5291821903921006 -0.7610038987505253 -0.37528559186081045
    outer loop
      vertex 14.112066756501768 3.2 5.847520861406803
      vertex 13.741848065497058 3.2 5.325483399593904
      vertex 18 5.658762136631631 6.343936023236174
    endloop
  endfacet
  facet normal 0.5291821903921006 -0.8322043782359527 -0.16553574301863
    outer loop
      vertex 18 6.072599775914588 4.799472927347816
      vertex 18 5.9162956860205425 5.5852666512529385
      vertex 13.500614043699626 3.2 4.857437415779592
    endloop
  endfacet
  facet normal 0.5291821903921006 -0.8034780042022838 -0.2727440304295103
    outer loop
      vertex 18 5.9162956860205425 5.5852666512529385
      vertex 18 5.658762136631631 6.343936023236174
      vertex 13.741848065497058 3.2 5.325483399593904
    endloop
  endfacet
  facet normal 0.5291821903921002 -0.7610038987505244 -0.37528559186081273
    outer loop
      vertex 14.112066756501768 3.2 5.847520861406803
      vertex 18 5.658762136631631 6.343936023236174
      vertex 15.880000000000003 4.156921938165306 6.4
    endloop
  endfacet
  facet normal 0.5291821903921007 -0.761003898750525 -0.3752855918608112
    outer loop
      vertex 18 5.6311144429254245 6.4
      vertex 15.880000000000003 4.156921938165306 6.4
      vertex 18 5.658762136631631 6.343936023236174
    endloop
  endfacet
  facet normal -0.5291821903921006 0.7055088056010038 0.4714059127665495
    outer loop
      vertex 0 -5.304405598179686 0.9374999999999999
      vertex 4.68 -2.7712812921102037 2.4
      vertex 0 -4.859289209283816 0.2713362473215859
    endloop
  endfacet
  facet normal -0.5291821903921006 0.7610038987505249 0.3752855918608116
    outer loop
      vertex 4.063470165672657 -3.2 2.4
      vertex 0 -5.304405598179686 0.9374999999999999
      vertex 0 -5.658762136631632 1.6560639767638252
    endloop
  endfacet
  facet normal -0.5291821903921006 0.8322043782359527 0.1655357430186297
    outer loop
      vertex 0 -6.072599775914589 3.2005270726521844
      vertex 4.635819721829618 -3.2 3.578712007720333
      vertex 0 -5.916295686020543 2.4147333487470606
    endloop
  endfacet
  facet normal -0.5291821903921006 0.8034780042022837 0.27274403042951034
    outer loop
      vertex 0 -5.658762136631632 1.6560639767638252
      vertex 0 -5.916295686020543 2.4147333487470606
      vertex 4.499385956300375 -3.2 3.1425625842204075
    endloop
  endfacet
  facet normal -0.5291821903921007 0.7610038987505252 0.3752855918608104
    outer loop
      vertex 4.063470165672657 -3.2 2.4
      vertex 0 -5.658762136631632 1.6560639767638252
      vertex 4.258151934502942 -3.2 2.6745166004060956
    endloop
  endfacet
  facet normal -0.5291821903921007 0.8034780042022832 0.27274403042951123
    outer loop
      vertex 4.258151934502942 -3.2 2.6745166004060956
      vertex 0 -5.658762136631632 1.6560639767638252
      vertex 4.499385956300375 -3.2 3.1425625842204075
    endloop
  endfacet
  facet normal -0.5291821903921006 0.832204378235953 0.16553574301862936
    outer loop
      vertex 4.499385956300375 -3.2 3.1425625842204075
      vertex 0 -5.916295686020543 2.4147333487470606
      vertex 4.635819721829618 -3.2 3.578712007720333
    endloop
  endfacet
  facet normal -0.5291821903921009 0.6379422611836545 0.5594603478064414
    outer loop
      vertex 5 -2.121320343559643 1.8786796564403572
      vertex 0.7490332008121934 -4 0
      vertex 0 -4.621333706826004 0
    endloop
  endfacet
  facet normal -0.5291821903921005 0.6379422611836544 0.5594603478064417
    outer loop
      vertex 5 -2.3800600208737057 2.173715712973838
      vertex 0 -4.621333706826004 0
      vertex 0 -4.859289209283816 0.2713362473215859
    endloop
  endfacet
  facet normal -0.5291821903921007 0.5594603478064418 0.637942261183654
    outer loop
      vertex 5 -2.121320343559643 1.8786796564403572
      vertex 1.7329765503343084 -3.069307951915841 0
      vertex 0.7490332008121934 -4 0
    endloop
  endfacet
  facet normal -0.5291821903921006 0.47140591276654936 0.7055088056010038
    outer loop
      vertex 5 -1.826284287026162 1.6199399791262943
      vertex 2.4099165543727903 -2.309401076758503 0
      vertex 1.7329765503343084 -3.069307951915841 0
    endloop
  endfacet
  facet normal -0.5291821903921007 0.6379422611836538 0.5594603478064422
    outer loop
      vertex 5 -2.121320343559643 1.8786796564403572
      vertex 0 -4.621333706826004 0
      vertex 5 -2.3800600208737057 2.173715712973838
    endloop
  endfacet
  facet normal -0.5291821903921007 0.5594603478064419 0.637942261183654
    outer loop
      vertex 5 -2.121320343559643 1.8786796564403572
      vertex 5 -1.826284287026162 1.6199399791262943
      vertex 1.7329765503343084 -3.069307951915841 0
    endloop
  endfacet
  facet normal -0.5291821903921006 0.37528559186081123 0.7610038987505249
    outer loop
      vertex 5 -1.5 1.401923788646684
      vertex 2.8726899181286787 -1.6568542494923801 0
      vertex 2.4099165543727903 -2.309401076758503 0
    endloop
  endfacet
  facet normal -0.5291821903921007 0.2727440304295108 0.8034780042022833
    outer loop
      vertex 5 -1.1480502970952693 1.22836140246614
      vertex 3.174232445375469 -1.0717967697244908 0
      vertex 2.8726899181286787 -1.6568542494923801 0
    endloop
  endfacet
  facet normal -0.5291821903921007 0.1655357430186295 0.8322043782359528
    outer loop
      vertex 5 -0.7764571353075622 1.102222521132795
      vertex 3.3447746522870228 -0.5266099903495833 0
      vertex 3.174232445375469 -1.0717967697244908 0
    endloop
  endfacet
  facet normal -0.5291821903921007 0.05549509314952135 0.846691504627361
    outer loop
      vertex 5 -0.3915785766601547 1.025665415878569
      vertex 3.4 0 0
      vertex 3.3447746522870228 -0.5266099903495833 0
    endloop
  endfacet
  facet normal -0.5291821903921007 0.2727440304295114 0.8034780042022833
    outer loop
      vertex 5 -1.1480502970952693 1.22836140246614
      vertex 5 -0.7764571353075622 1.102222521132795
      vertex 3.174232445375469 -1.0717967697244908 0
    endloop
  endfacet
  facet normal -0.5291821903921008 0.16553574301862892 0.8322043782359528
    outer loop
      vertex 5 -0.7764571353075622 1.102222521132795
      vertex 5 -0.3915785766601547 1.025665415878569
      vertex 3.3447746522870228 -0.5266099903495833 0
    endloop
  endfacet
  facet normal -0.5291821903921006 0.05549509314952198 0.8466915046273611
    outer loop
      vertex 5 -0.3915785766601547 1.025665415878569
      vertex 5 0 1
      vertex 3.4 0 0
    endloop
  endfacet
  facet normal -0.5291821903921006 0.47140591276654964 0.7055088056010036
    outer loop
      vertex 5 -1.5 1.401923788646684
      vertex 2.4099165543727903 -2.309401076758503 0
      vertex 5 -1.826284287026162 1.6199399791262943
    endloop
  endfacet
  facet normal -0.5291821903921007 0.3752855918608104 0.7610038987505252
    outer loop
      vertex 5 -1.5 1.401923788646684
      vertex 5 -1.1480502970952693 1.22836140246614
      vertex 2.8726899181286787 -1.6568542494923801 0
    endloop
  endfacet
  facet normal -0.5291821903921005 0.7610038987505243 0.37528559186081273
    outer loop
      vertex 0 -5.304405598179686 0.9374999999999999
      vertex 4.063470165672657 -3.2 2.4
      vertex 4.68 -2.7712812921102037 2.4
    endloop
  endfacet
  facet normal -0.5291821903921007 0.7055088056010039 0.47140591276654925
    outer loop
      vertex 5 -2.3800600208737057 2.173715712973838
      vertex 0 -4.859289209283816 0.2713362473215859
      vertex 4.68 -2.7712812921102037 2.4
    endloop
  endfacet
  facet normal -0.5291821903921003 0.7055088056010038 0.47140591276654936
    outer loop
      vertex 5 -2.3800600208737057 2.173715712973838
      vertex 4.68 -2.7712812921102037 2.4
      vertex 5 -2.531258347561386 2.4
    endloop
  endfacet
  facet normal -0.5291821903921006 0.8466915046273611 0.05549509314952145
    outer loop
      vertex 0 -6.072599775914589 3.2005270726521844
      vertex 0 -6.125 4
      vertex 4.68 -3.2 4
    endloop
  endfacet
  facet normal -0.5291821903921006 0.846691504627361 -0.05549509314952141
    outer loop
      vertex 0 -6.125 4
      vertex 0 -6.072599775914589 4.799472927347816
      vertex 4.635819721829618 -3.2 4.421287992279667
    endloop
  endfacet
  facet normal -0.5291821903921007 0.8466915046273612 0.055495093149520905
    outer loop
      vertex 0 -6.072599775914589 3.2005270726521844
      vertex 4.68 -3.2 4
      vertex 4.635819721829618 -3.2 3.578712007720333
    endloop
  endfacet
  facet normal -0.5291821903921007 0.8466915046273611 -0.05549509314952128
    outer loop
      vertex 4.635819721829618 -3.2 4.421287992279667
      vertex 4.68 -3.2 4
      vertex 0 -6.125 4
    endloop
  endfacet
  facet normal -0.5291821903921007 0.8322043782359528 -0.16553574301862917
    outer loop
      vertex 4.499385956300375 -3.2 4.857437415779593
      vertex 4.635819721829618 -3.2 4.421287992279667
      vertex 0 -6.072599775914589 4.799472927347816
    endloop
  endfacet
  facet normal -0.5291821903921006 0.8322043782359527 -0.16553574301862978
    outer loop
      vertex 0 -6.072599775914589 4.799472927347816
      vertex 0 -5.916295686020543 5.585266651252939
      vertex 4.499385956300375 -3.2 4.857437415779593
    endloop
  endfacet
  facet normal -0.5291821903920996 0.7610038987505232 -0.3752855918608163
    outer loop
      vertex 0 -5.631114442925425 6.4
      vertex 2.1199999999999983 -4.156921938165306 6.4
      vertex 0 -5.658762136631632 6.343936023236175
    endloop
  endfacet
  facet normal -0.5291821903921007 0.8034780042022835 -0.27274403042951023
    outer loop
      vertex 0 -5.916295686020543 5.585266651252939
      vertex 0 -5.658762136631632 6.343936023236175
      vertex 4.258151934502942 -3.2 5.325483399593904
    endloop
  endfacet
  facet normal -0.5291821903921006 0.7610038987505245 -0.37528559186081223
    outer loop
      vertex 0 -5.658762136631632 6.343936023236175
      vertex 2.1199999999999983 -4.156921938165306 6.4
      vertex 3.8879332434982317 -3.2 5.847520861406802
    endloop
  endfacet
  facet normal -0.5291821903921006 0.8034780042022832 -0.2727440304295117
    outer loop
      vertex 4.258151934502942 -3.2 5.325483399593904
      vertex 4.499385956300375 -3.2 4.857437415779593
      vertex 0 -5.916295686020543 5.585266651252939
    endloop
  endfacet
  facet normal -0.5291821903921007 0.7610038987505249 -0.3752855918608112
    outer loop
      vertex 3.8879332434982317 -3.2 5.847520861406802
      vertex 4.258151934502942 -3.2 5.325483399593904
      vertex 0 -5.658762136631632 6.343936023236175
    endloop
  endfacet
  facet normal -0.5291821903921006 0.705508805601004 -0.471405912766549
    outer loop
      vertex 2.1199999999999983 -4.156921938165306 6.4
      vertex 3.3957739506466953 -3.2 6.4
      vertex 3.8879332434982317 -3.2 5.847520861406802
    endloop
  endfacet
  facet normal -0.5291821903921005 -0.6379422611836545 0.5594603478064414
    outer loop
      vertex 5 2.121320343559643 1.8786796564403572
      vertex 0 4.859289209283816 0.2713362473215859
      vertex 0.7490332008121933 4 0
    endloop
  endfacet
  facet normal -0.5291821903921007 -0.0554950931495213 0.8466915046273611
    outer loop
      vertex 5 0 1
      vertex 3.3447746522870228 0.5266099903495833 0
      vertex 3.4 0 0
    endloop
  endfacet
  facet normal -0.5291821903921007 -0.16553574301862936 0.8322043782359528
    outer loop
      vertex 5 0.7764571353075622 1.102222521132795
      vertex 3.174232445375469 1.0717967697244908 0
      vertex 3.3447746522870228 0.5266099903495833 0
    endloop
  endfacet
  facet normal -0.5291821903921007 -0.055495093149521973 0.8466915046273609
    outer loop
      vertex 5 0 1
      vertex 5 0.3915785766601547 1.025665415878569
      vertex 3.3447746522870228 0.5266099903495833 0
    endloop
  endfacet
  facet normal -0.5291821903921008 -0.16553574301862892 0.8322043782359528
    outer loop
      vertex 5 0.3915785766601547 1.025665415878569
      vertex 5 0.7764571353075622 1.102222521132795
      vertex 3.3447746522870228 0.5266099903495833 0
    endloop
  endfacet
  facet normal -0.5291821903921007 -0.2727440304295114 0.8034780042022833
    outer loop
      vertex 5 0.7764571353075622 1.102222521132795
      vertex 5 1.1480502970952693 1.22836140246614
      vertex 3.174232445375469 1.0717967697244908 0
    endloop
  endfacet
  facet normal -0.5291821903921007 -0.27274403042951095 0.8034780042022833
    outer loop
      vertex 5 1.1480502970952693 1.22836140246614
      vertex 2.8726899181286787 1.6568542494923801 0
      vertex 3.174232445375469 1.0717967697244908 0
    endloop
  endfacet
  facet normal -0.5291821903921007 -0.37528559186081106 0.761003898750525
    outer loop
      vertex 5 1.5 1.401923788646684
      vertex 2.4099165543727903 2.309401076758503 0
      vertex 2.8726899181286787 1.6568542494923801 0
    endloop
  endfacet
  facet normal -0.5291821903921007 -0.3752855918608104 0.7610038987505252
    outer loop
      vertex 5 1.1480502970952693 1.22836140246614
      vertex 5 1.5 1.401923788646684
      vertex 2.8726899181286787 1.6568542494923801 0
    endloop
  endfacet
  facet normal -0.5291821903921006 -0.47140591276654964 0.7055088056010036
    outer loop
      vertex 5 1.5 1.401923788646684
      vertex 5 1.826284287026162 1.6199399791262943
      vertex 2.4099165543727903 2.309401076758503 0
    endloop
  endfacet
  facet normal -0.5291821903921007 -0.4714059127665495 0.7055088056010038
    outer loop
      vertex 5 1.826284287026162 1.6199399791262943
      vertex 1.7329765503343082 3.069307951915841 0
      vertex 2.4099165543727903 2.309401076758503 0
    endloop
  endfacet
  facet normal -0.5291821903921007 -0.5594603478064417 0.6379422611836542
    outer loop
      vertex 5 2.121320343559643 1.8786796564403572
      vertex 0.7490332008121933 4 0
      vertex 1.7329765503343082 3.069307951915841 0
    endloop
  endfacet
  facet normal -0.5291821903921007 -0.6379422611836539 0.5594603478064423
    outer loop
      vertex 5 2.121320343559643 1.8786796564403572
      vertex 5 2.3800600208737057 2.173715712973838
      vertex 0 4.859289209283816 0.2713362473215859
    endloop
  endfacet
  facet normal -0.5291821903921007 -0.5594603478064419 0.637942261183654
    outer loop
      vertex 5 1.826284287026162 1.6199399791262943
      vertex 5 2.121320343559643 1.8786796564403572
      vertex 1.7329765503343082 3.069307951915841 0
    endloop
  endfacet
  facet normal -0.5291821903921006 -0.7055088056010039 0.47140591276654914
    outer loop
      vertex 5 2.3800600208737057 2.173715712973838
      vertex 4.68 2.7712812921102037 2.4
      vertex 0 5.304405598179686 0.9374999999999999
    endloop
  endfacet
  facet normal -0.5291821903921005 -0.7610038987505241 0.375285591860813
    outer loop
      vertex 4.063470165672657 3.2 2.4
      vertex 0 5.658762136631632 1.6560639767638252
      vertex 4.68 2.7712812921102037 2.4
    endloop
  endfacet
  facet normal -0.5291821903921008 -0.6379422611836544 0.5594603478064414
    outer loop
      vertex 0 4.621333706826004 0
      vertex 0.7490332008121933 4 0
      vertex 0 4.859289209283816 0.2713362473215859
    endloop
  endfacet
  facet normal -0.5291821903921006 -0.7055088056010037 0.47140591276654953
    outer loop
      vertex 5 2.3800600208737057 2.173715712973838
      vertex 0 5.304405598179686 0.9374999999999999
      vertex 0 4.859289209283816 0.2713362473215859
    endloop
  endfacet
  facet normal -0.5291821903921007 -0.7610038987505247 0.37528559186081156
    outer loop
      vertex 0 5.658762136631632 1.6560639767638252
      vertex 0 5.304405598179686 0.9374999999999999
      vertex 4.68 2.7712812921102037 2.4
    endloop
  endfacet
  facet normal -0.5291821903921007 -0.8034780042022835 0.2727440304295103
    outer loop
      vertex 0 5.658762136631632 1.6560639767638252
      vertex 4.258151934502942 3.2 2.6745166004060956
      vertex 0 5.916295686020543 2.4147333487470606
    endloop
  endfacet
  facet normal -0.5291821903921006 -0.8322043782359527 0.1655357430186297
    outer loop
      vertex 0 5.916295686020543 2.4147333487470606
      vertex 4.499385956300375 3.2 3.1425625842204075
      vertex 0 6.072599775914589 3.2005270726521844
    endloop
  endfacet
  facet normal -0.5291821903921007 -0.7610038987505252 0.3752855918608104
    outer loop
      vertex 4.063470165672657 3.2 2.4
      vertex 4.258151934502942 3.2 2.6745166004060956
      vertex 0 5.658762136631632 1.6560639767638252
    endloop
  endfacet
  facet normal -0.5291821903921006 -0.8034780042022835 0.27274403042951095
    outer loop
      vertex 0 5.916295686020543 2.4147333487470606
      vertex 4.258151934502942 3.2 2.6745166004060956
      vertex 4.499385956300375 3.2 3.1425625842204075
    endloop
  endfacet
  facet normal -0.5291821903921005 -0.7055088056010038 0.47140591276654936
    outer loop
      vertex 5 2.3800600208737057 2.173715712973838
      vertex 5 2.531258347561386 2.4
      vertex 4.68 2.7712812921102037 2.4
    endloop
  endfacet
  facet normal -0.5291821903921006 -0.705508805601004 -0.471405912766549
    outer loop
      vertex 3.3957739506466953 3.2 6.4
      vertex 2.1199999999999983 4.156921938165306 6.4
      vertex 3.8879332434982317 3.2 5.847520861406802
    endloop
  endfacet
  facet normal -0.5291821903921006 -0.761003898750525 -0.37528559186081106
    outer loop
      vertex 4.258151934502942 3.2 5.325483399593904
      vertex 3.8879332434982317 3.2 5.847520861406802
      vertex 2.1199999999999983 4.156921938165306 6.4
    endloop
  endfacet
  facet normal -0.5291821903921006 -0.846691504627361 0.05549509314952144
    outer loop
      vertex 0 6.072599775914589 3.2005270726521844
      vertex 4.635819721829618 3.2 3.578712007720333
      vertex 0 6.125 4
    endloop
  endfacet
  facet normal -0.5291821903921007 -0.8466915046273611 -0.05549509314952142
    outer loop
      vertex 0 6.125 4
      vertex 4.68 3.2 4
      vertex 0 6.072599775914589 4.799472927347816
    endloop
  endfacet
  facet normal -0.5291821903921006 -0.8322043782359527 0.1655357430186293
    outer loop
      vertex 4.499385956300375 3.2 3.1425625842204075
      vertex 4.635819721829618 3.2 3.578712007720333
      vertex 0 6.072599775914589 3.2005270726521844
    endloop
  endfacet
  facet normal -0.5291821903921007 -0.8466915046273611 0.05549509314952125
    outer loop
      vertex 0 6.125 4
      vertex 4.635819721829618 3.2 3.578712007720333
      vertex 4.68 3.2 4
    endloop
  endfacet
  facet normal -0.5291821903921007 -0.8466915046273612 -0.055495093149520905
    outer loop
      vertex 0 6.072599775914589 4.799472927347816
      vertex 4.68 3.2 4
      vertex 4.635819721829618 3.2 4.421287992279667
    endloop
  endfacet
  facet normal -0.5291821903921006 -0.8034780042022837 -0.27274403042951023
    outer loop
      vertex 0 5.658762136631632 6.343936023236175
      vertex 0 5.916295686020543 5.585266651252939
      vertex 4.499385956300375 3.2 4.857437415779593
    endloop
  endfacet
  facet normal -0.5291821903921007 -0.8322043782359527 -0.16553574301862978
    outer loop
      vertex 0 6.072599775914589 4.799472927347816
      vertex 4.635819721829618 3.2 4.421287992279667
      vertex 0 5.916295686020543 5.585266651252939
    endloop
  endfacet
  facet normal -0.5291821903921006 -0.7610038987505227 -0.37528559186081595
    outer loop
      vertex 0 5.631114442925425 6.4
      vertex 0 5.658762136631632 6.343936023236175
      vertex 4.258151934502942 3.2 5.325483399593904
    endloop
  endfacet
  facet normal -0.5291821903921007 -0.7610038987505248 -0.3752855918608114
    outer loop
      vertex 0 5.631114442925425 6.4
      vertex 4.258151934502942 3.2 5.325483399593904
      vertex 2.1199999999999983 4.156921938165306 6.4
    endloop
  endfacet
  facet normal -0.5291821903921006 -0.8322043782359528 -0.16553574301862917
    outer loop
      vertex 4.499385956300375 3.2 4.857437415779593
      vertex 0 5.916295686020543 5.585266651252939
      vertex 4.635819721829618 3.2 4.421287992279667
    endloop
  endfacet
  facet normal -0.5291821903921007 -0.803478004202283 -0.2727440304295121
    outer loop
      vertex 0 5.658762136631632 6.343936023236175
      vertex 4.499385956300375 3.2 4.857437415779593
      vertex 4.258151934502942 3.2 5.325483399593904
    endloop
  endfacet
  facet normal 0 0 1
    outer loop
      vertex 7.429404794730813 -5.650561835020652 3.6
      vertex 7.357926095308584 -5.439992376674285 3.6
      vertex 7 -7.5 3.6
    endloop
  endfacet
  facet normal 0 0 1
    outer loop
      vertex 7.357926095308584 -5.439992376674285 3.6
      vertex 7.314543735664523 -5.221894526774087 3.6
      vertex 7 -7.5 3.6
    endloop
  endfacet
  facet normal 0 0 1
    outer loop
      vertex 7.965105570685175 -6.348700678495099 3.6
      vertex 7.797918471982869 -6.202081528017131 3.6
      vertex 7 -7.5 3.6
    endloop
  endfacet
  facet normal 0 0 1
    outer loop
      vertex 7.797918471982869 -6.202081528017131 3.6
      vertex 7.651299321504901 -6.034894429314825 3.6
      vertex 7 -7.5 3.6
    endloop
  endfacet
  facet normal 0 0 1
    outer loop
      vertex 7.965105570685175 -6.348700678495099 3.6
      vertex 7 -7.5 3.6
      vertex 8.15 -6.472243186433546 3.6
    endloop
  endfacet
  facet normal 0 0 1
    outer loop
      vertex 8.349438164979347 -6.570595205269187 3.6
      vertex 8.15 -6.472243186433546 3.6
      vertex 7 -7.5 3.6
    endloop
  endfacet
  facet normal 0 0 1
    outer loop
      vertex 7.527756813566454 -5.85 3.6
      vertex 7 -7.5 3.6
      vertex 7.651299321504901 -6.034894429314825 3.6
    endloop
  endfacet
  facet normal 0 0 1
    outer loop
      vertex 7.429404794730813 -5.650561835020652 3.6
      vertex 7 -7.5 3.6
      vertex 7.527756813566454 -5.85 3.6
    endloop
  endfacet
  facet normal 0 0 1
    outer loop
      vertex 8.349438164979347 -6.570595205269187 3.6
      vertex 7 -7.5 3.6
      vertex 8.560007623325715 -6.642073904691416 3.6
    endloop
  endfacet
  facet normal 0 0 1
    outer loop
      vertex 8.560007623325715 -6.642073904691416 3.6
      vertex 7 -7.5 3.6
      vertex 8.778105473225912 -6.685456264335477 3.6
    endloop
  endfacet
  facet normal 0 0 1
    outer loop
      vertex 8.778105473225912 -6.685456264335477 3.6
      vertex 7 -7.5 3.6
      vertex 9 -6.7 3.6
    endloop
  endfacet
  facet normal 0 0 1
    outer loop
      vertex 9 -6.7 3.6
      vertex 7 -7.5 3.6
      vertex 9.221894526774088 -6.685456264335477 3.6
    endloop
  endfacet
  facet normal 0 0 1
    outer loop
      vertex 9.221894526774088 -6.685456264335477 3.6
      vertex 7 -7.5 3.6
      vertex 9.439992376674285 -6.642073904691416 3.6
    endloop
  endfacet
  facet normal 0 0 1
    outer loop
      vertex 9.439992376674285 -6.642073904691416 3.6
      vertex 7 -7.5 3.6
      vertex 9.650561835020653 -6.570595205269187 3.6
    endloop
  endfacet
  facet normal 1 0 0
    outer loop
      vertex 7 -3.2 3.6
      vertex 7 -7.5 6.4
      vertex 7 -7.5 3.6
    endloop
  endfacet
  facet normal 0 0 1
    outer loop
      vertex 7.314543735664523 -5.221894526774087 3.6
      vertex 7.3 -5 3.6
      vertex 7 -7.5 3.6
    endloop
  endfacet
  facet normal 0 0 1
    outer loop
      vertex 7.3 -5 3.6
      vertex 7.314543735664523 -4.778105473225913 3.6
      vertex 7 -7.5 3.6
    endloop
  endfacet
  facet normal 0 0 1
    outer loop
      vertex 7.314543735664523 -4.778105473225913 3.6
      vertex 7 -3.2 3.6
      vertex 7 -7.5 3.6
    endloop
  endfacet
  facet normal 0 0 1
    outer loop
      vertex 7.314543735664523 -4.778105473225913 3.6
      vertex 7.357926095308584 -4.560007623325715 3.6
      vertex 7 -3.2 3.6
    endloop
  endfacet
  facet normal 0 0 1
    outer loop
      vertex 7.357926095308584 -4.560007623325715 3.6
      vertex 7.429404794730813 -4.349438164979348 3.6
      vertex 7 -3.2 3.6
    endloop
  endfacet
  facet normal 1 0 0
    outer loop
      vertex 7 -3.2 6.4
      vertex 7 -7.5 6.4
      vertex 7 -3.2 3.6
    endloop
  endfacet
  facet normal 0 0 1
    outer loop
      vertex 7.429404794730813 -4.349438164979348 3.6
      vertex 7.527756813566454 -4.15 3.6
      vertex 7 -3.2 3.6
    endloop
  endfacet
  facet normal 0 0 1
    outer loop
      vertex 7.527756813566454 -4.15 3.6
      vertex 7.651299321504901 -3.965105570685175 3.6
      vertex 7 -3.2 3.6
    endloop
  endfacet
  facet normal 0 0 1
    outer loop
      vertex 7.651299321504901 -3.965105570685175 3.6
      vertex 7.797918471982869 -3.797918471982869 3.6
      vertex 7 -3.2 3.6
    endloop
  endfacet
  facet normal 0 0 1
    outer loop
      vertex 7.797918471982869 -3.797918471982869 3.6
      vertex 7.965105570685175 -3.6512993215049003 3.6
      vertex 7 -3.2 3.6
    endloop
  endfacet
  facet normal 0 0 1
    outer loop
      vertex 7.965105570685175 -3.6512993215049003 3.6
      vertex 8.15 -3.5277568135664543 3.6
      vertex 7 -3.2 3.6
    endloop
  endfacet
  facet normal 0 0 1
    outer loop
      vertex 8.15 -3.5277568135664543 3.6
      vertex 8.349438164979347 -3.4294047947308126 3.6
      vertex 7 -3.2 3.6
    endloop
  endfacet
  facet normal 0 0 1
    outer loop
      vertex 8.349438164979347 -3.4294047947308126 3.6
      vertex 8.560007623325715 -3.357926095308584 3.6
      vertex 7 -3.2 3.6
    endloop
  endfacet
  facet normal 0 0 1
    outer loop
      vertex 8.560007623325715 -3.357926095308584 3.6
      vertex 8.778105473225912 -3.3145437356645227 3.6
      vertex 7 -3.2 3.6
    endloop
  endfacet
  facet normal 0 0 1
    outer loop
      vertex 8.778105473225912 -3.3145437356645227 3.6
      vertex 9 -3.3 3.6
      vertex 7 -3.2 3.6
    endloop
  endfacet
  facet normal 0 0 1
    outer loop
      vertex 7.965105570685175 3.6512993215049003 3.6
      vertex 7 3.2 3.6
      vertex 8.15 3.5277568135664543 3.6
    endloop
  endfacet
  facet normal 0 0 1
    outer loop
      vertex 8.349438164979347 3.4294047947308126 3.6
      vertex 7 3.2 3.6
      vertex 7.9205390337802655 3.2 3.6
    endloop
  endfacet
  facet normal 0 0 1
    outer loop
      vertex 8.349438164979347 3.4294047947308126 3.6
      vertex 8.15 3.5277568135664543 3.6
      vertex 7 3.2 3.6
    endloop
  endfacet
  facet normal 0 0 1
    outer loop
      vertex 7.965105570685175 3.6512993215049003 3.6
      vertex 7.797918471982869 3.797918471982869 3.6
      vertex 7 3.2 3.6
    endloop
  endfacet
  facet normal 0 0 1
    outer loop
      vertex 7.651299321504901 3.965105570685175 3.6
      vertex 7 3.2 3.6
      vertex 7.797918471982869 3.797918471982869 3.6
    endloop
  endfacet
  facet normal 0 0 1
    outer loop
      vertex 7.651299321504901 3.965105570685175 3.6
      vertex 7.527756813566454 4.15 3.6
      vertex 7 3.2 3.6
    endloop
  endfacet
  facet normal 0 0 1
    outer loop
      vertex 7.429404794730813 4.349438164979348 3.6
      vertex 7 3.2 3.6
      vertex 7.527756813566454 4.15 3.6
    endloop
  endfacet
  facet normal 0 0 1
    outer loop
      vertex 8.349438164979347 3.4294047947308126 3.6
      vertex 7.9205390337802655 3.2 3.6
      vertex 8.560007623325715 3.357926095308584 3.6
    endloop
  endfacet
  facet normal 0 0 1
    outer loop
      vertex 8.560007623325715 3.357926095308584 3.6
      vertex 7.9205390337802655 3.2 3.6
      vertex 8.778105473225912 3.3145437356645227 3.6
    endloop
  endfacet
  facet normal 0 0 1
    outer loop
      vertex 8.778105473225912 3.3145437356645227 3.6
      vertex 7.9205390337802655 3.2 3.6
      vertex 9 3.3 3.6
    endloop
  endfacet
  facet normal 0 0 1
    outer loop
      vertex 9 3.3 3.6
      vertex 7.9205390337802655 3.2 3.6
      vertex 9.221894526774088 3.3145437356645227 3.6
    endloop
  endfacet
  facet normal 0 0 1
    outer loop
      vertex 7.429404794730813 4.349438164979348 3.6
      vertex 7.357926095308584 4.560007623325715 3.6
      vertex 7 3.2 3.6
    endloop
  endfacet
  facet normal 0 0 1
    outer loop
      vertex 7.357926095308584 4.560007623325715 3.6
      vertex 7.314543735664523 4.778105473225913 3.6
      vertex 7 3.2 3.6
    endloop
  endfacet
  facet normal 0 0 1
    outer loop
      vertex 7.314543735664523 4.778105473225913 3.6
      vertex 7.3 5 3.6
      vertex 7 3.2 3.6
    endloop
  endfacet
  facet normal 0 0 1
    outer loop
      vertex 7.3 5 3.6
      vertex 7 7.5 3.6
      vertex 7 3.2 3.6
    endloop
  endfacet
  facet normal 0 0 1
    outer loop
      vertex 7.3 5 3.6
      vertex 7.314543735664523 5.221894526774087 3.6
      vertex 7 7.5 3.6
    endloop
  endfacet
  facet normal 1 0 0
    outer loop
      vertex 7 7.5 3.6
      vertex 7 3.2 6.4
      vertex 7 3.2 3.6
    endloop
  endfacet
  facet normal 0 0 1
    outer loop
      vertex 7.314543735664523 5.221894526774087 3.6
      vertex 7.357926095308584 5.439992376674285 3.6
      vertex 7 7.5 3.6
    endloop
  endfacet
  facet normal 0 0 1
    outer loop
      vertex 7.357926095308584 5.439992376674285 3.6
      vertex 7.429404794730813 5.650561835020652 3.6
      vertex 7 7.5 3.6
    endloop
  endfacet
  facet normal 0 0 1
    outer loop
      vertex 7.429404794730813 5.650561835020652 3.6
      vertex 7.527756813566454 5.85 3.6
      vertex 7 7.5 3.6
    endloop
  endfacet
  facet normal 0 0 1
    outer loop
      vertex 7.527756813566454 5.85 3.6
      vertex 7.651299321504901 6.034894429314825 3.6
      vertex 7 7.5 3.6
    endloop
  endfacet
  facet normal 0 0 1
    outer loop
      vertex 7.651299321504901 6.034894429314825 3.6
      vertex 7.797918471982869 6.202081528017131 3.6
      vertex 7 7.5 3.6
    endloop
  endfacet
  facet normal 0 0 1
    outer loop
      vertex 7.797918471982869 6.202081528017131 3.6
      vertex 7.965105570685175 6.348700678495099 3.6
      vertex 7 7.5 3.6
    endloop
  endfacet
  facet normal 0 0 1
    outer loop
      vertex 7.965105570685175 6.348700678495099 3.6
      vertex 8.15 6.472243186433546 3.6
      vertex 7 7.5 3.6
    endloop
  endfacet
  facet normal 0 0 1
    outer loop
      vertex 8.15 6.472243186433546 3.6
      vertex 8.349438164979347 6.570595205269187 3.6
      vertex 7 7.5 3.6
    endloop
  endfacet
  facet normal 0 0 1
    outer loop
      vertex 8.349438164979347 6.570595205269187 3.6
      vertex 11 7.5 3.6
      vertex 7 7.5 3.6
    endloop
  endfacet
  facet normal 1 0 0
    outer loop
      vertex 7 7.5 3.6
      vertex 7 7.5 6.4
      vertex 7 3.2 6.4
    endloop
  endfacet
  facet normal 0 0 1
    outer loop
      vertex 9.650561835020653 -6.570595205269187 3.6
      vertex 7 -7.5 3.6
      vertex 11 -7.5 3.6
    endloop
  endfacet
  facet normal 0 0 1
    outer loop
      vertex 9.650561835020653 -6.570595205269187 3.6
      vertex 11 -7.5 3.6
      vertex 9.85 -6.472243186433546 3.6
    endloop
  endfacet
  facet normal 0 0 1
    outer loop
      vertex 9.85 -6.472243186433546 3.6
      vertex 11 -7.5 3.6
      vertex 10.034894429314825 -6.348700678495099 3.6
    endloop
  endfacet
  facet normal 0 0 1
    outer loop
      vertex 10.034894429314825 -6.348700678495099 3.6
      vertex 11 -7.5 3.6
      vertex 10.20208152801713 -6.202081528017131 3.6
    endloop
  endfacet
  facet normal 0 0 1
    outer loop
      vertex 10.20208152801713 -6.202081528017131 3.6
      vertex 11 -7.5 3.6
      vertex 10.3487006784951 -6.034894429314825 3.6
    endloop
  endfacet
  facet normal 0 0 1
    outer loop
      vertex 10.3487006784951 -6.034894429314825 3.6
      vertex 11 -7.5 3.6
      vertex 10.472243186433545 -5.85 3.6
    endloop
  endfacet
  facet normal 0 0 1
    outer loop
      vertex 10.472243186433545 -5.85 3.6
      vertex 11 -7.5 3.6
      vertex 10.570595205269187 -5.650561835020652 3.6
    endloop
  endfacet
  facet normal 0 0 1
    outer loop
      vertex 10.570595205269187 -5.650561835020652 3.6
      vertex 11 -7.5 3.6
      vertex 10.642073904691417 -5.439992376674285 3.6
    endloop
  endfacet
  facet normal 0 0 1
    outer loop
      vertex 10.642073904691417 -5.439992376674285 3.6
      vertex 11 -7.5 3.6
      vertex 10.685456264335478 -5.221894526774087 3.6
    endloop
  endfacet
  facet normal 0 0 1
    outer loop
      vertex 10.685456264335478 -5.221894526774087 3.6
      vertex 11 -7.5 3.6
      vertex 10.7 -5 3.6
    endloop
  endfacet
  facet normal 0 0 1
    outer loop
      vertex 10.7 -5 3.6
      vertex 11 -7.5 3.6
      vertex 11 -3.2 3.6
    endloop
  endfacet
  facet normal 0 0 1
    outer loop
      vertex 10.7 -5 3.6
      vertex 11 -3.2 3.6
      vertex 10.685456264335478 -4.778105473225913 3.6
    endloop
  endfacet
  facet normal 0 0 1
    outer loop
      vertex 10.685456264335478 -4.778105473225913 3.6
      vertex 11 -3.2 3.6
      vertex 10.642073904691417 -4.560007623325715 3.6
    endloop
  endfacet
  facet normal 0 0 1
    outer loop
      vertex 10.642073904691417 -4.560007623325715 3.6
      vertex 11 -3.2 3.6
      vertex 10.570595205269187 -4.349438164979348 3.6
    endloop
  endfacet
  facet normal -1 0 0
    outer loop
      vertex 11 -3.2 3.6
      vertex 11 -7.5 3.6
      vertex 11 -3.2 6.4
    endloop
  endfacet
  facet normal -1 0 0
    outer loop
      vertex 11 -7.5 3.6
      vertex 11 -7.5 6.4
      vertex 11 -3.2 6.4
    endloop
  endfacet
  facet normal 0 0 1
    outer loop
      vertex 9 -3.3 3.6
      vertex 11 -3.2 3.6
      vertex 7 -3.2 3.6
    endloop
  endfacet
  facet normal 0 0 1
    outer loop
      vertex 9 -3.3 3.6
      vertex 9.221894526774088 -3.3145437356645227 3.6
      vertex 11 -3.2 3.6
    endloop
  endfacet
  facet normal 0 0 1
    outer loop
      vertex 9.221894526774088 -3.3145437356645227 3.6
      vertex 9.439992376674285 -3.357926095308584 3.6
      vertex 11 -3.2 3.6
    endloop
  endfacet
  facet normal 0 0 1
    outer loop
      vertex 9.439992376674285 -3.357926095308584 3.6
      vertex 9.650561835020653 -3.4294047947308126 3.6
      vertex 11 -3.2 3.6
    endloop
  endfacet
  facet normal 0 0 1
    outer loop
      vertex 10.472243186433545 -4.15 3.6
      vertex 10.570595205269187 -4.349438164979348 3.6
      vertex 11 -3.2 3.6
    endloop
  endfacet
  facet normal 0 0 1
    outer loop
      vertex 10.472243186433545 -4.15 3.6
      vertex 11 -3.2 3.6
      vertex 10.3487006784951 -3.965105570685175 3.6
    endloop
  endfacet
  facet normal 0 0 1
    outer loop
      vertex 10.20208152801713 -3.797918471982869 3.6
      vertex 10.3487006784951 -3.965105570685175 3.6
      vertex 11 -3.2 3.6
    endloop
  endfacet
  facet normal 0 0 1
    outer loop
      vertex 10.20208152801713 -3.797918471982869 3.6
      vertex 11 -3.2 3.6
      vertex 10.034894429314825 -3.6512993215049003 3.6
    endloop
  endfacet
  facet normal 0 0 1
    outer loop
      vertex 9.85 -3.5277568135664543 3.6
      vertex 11 -3.2 3.6
      vertex 9.650561835020653 -3.4294047947308126 3.6
    endloop
  endfacet
  facet normal 0 0 1
    outer loop
      vertex 9.85 -3.5277568135664543 3.6
      vertex 10.034894429314825 -3.6512993215049003 3.6
      vertex 11 -3.2 3.6
    endloop
  endfacet
  facet normal 0 0 1
    outer loop
      vertex 9.221894526774088 3.3145437356645227 3.6
      vertex 7.9205390337802655 3.2 3.6
      vertex 11 3.2 3.6
    endloop
  endfacet
  facet normal 0 0 1
    outer loop
      vertex 9.221894526774088 3.3145437356645227 3.6
      vertex 11 3.2 3.6
      vertex 9.439992376674285 3.357926095308584 3.6
    endloop
  endfacet
  facet normal 0 0 1
    outer loop
      vertex 9.439992376674285 3.357926095308584 3.6
      vertex 11 3.2 3.6
      vertex 9.650561835020653 3.4294047947308126 3.6
    endloop
  endfacet
  facet normal 0 0 1
    outer loop
      vertex 9.650561835020653 3.4294047947308126 3.6
      vertex 11 3.2 3.6
      vertex 9.85 3.5277568135664543 3.6
    endloop
  endfacet
  facet normal 0 0 1
    outer loop
      vertex 9.85 3.5277568135664543 3.6
      vertex 11 3.2 3.6
      vertex 10.034894429314825 3.6512993215049003 3.6
    endloop
  endfacet
  facet normal 0 0 1
    outer loop
      vertex 10.034894429314825 3.6512993215049003 3.6
      vertex 11 3.2 3.6
      vertex 10.20208152801713 3.797918471982869 3.6
    endloop
  endfacet
  facet normal 0 0 1
    outer loop
      vertex 10.20208152801713 3.797918471982869 3.6
      vertex 11 3.2 3.6
      vertex 10.3487006784951 3.965105570685175 3.6
    endloop
  endfacet
  facet normal 0 0 1
    outer loop
      vertex 10.3487006784951 3.965105570685175 3.6
      vertex 11 3.2 3.6
      vertex 10.472243186433545 4.15 3.6
    endloop
  endfacet
  facet normal 0 0 1
    outer loop
      vertex 10.472243186433545 4.15 3.6
      vertex 11 3.2 3.6
      vertex 10.570595205269187 4.349438164979348 3.6
    endloop
  endfacet
  facet normal 0 0 1
    outer loop
      vertex 10.570595205269187 4.349438164979348 3.6
      vertex 11 3.2 3.6
      vertex 10.642073904691417 4.560007623325715 3.6
    endloop
  endfacet
  facet normal 0 0 1
    outer loop
      vertex 10.642073904691417 4.560007623325715 3.6
      vertex 11 3.2 3.6
      vertex 10.685456264335478 4.778105473225913 3.6
    endloop
  endfacet
  facet normal 0 0 1
    outer loop
      vertex 10.685456264335478 4.778105473225913 3.6
      vertex 11 3.2 3.6
      vertex 11 7.5 3.6
    endloop
  endfacet
  facet normal 0 0 1
    outer loop
      vertex 10.685456264335478 4.778105473225913 3.6
      vertex 11 7.5 3.6
      vertex 10.7 5 3.6
    endloop
  endfacet
  facet normal 0 0 1
    outer loop
      vertex 10.7 5 3.6
      vertex 11 7.5 3.6
      vertex 10.685456264335478 5.221894526774087 3.6
    endloop
  endfacet
  facet normal 0 0 1
    outer loop
      vertex 8.349438164979347 6.570595205269187 3.6
      vertex 8.560007623325715 6.642073904691416 3.6
      vertex 11 7.5 3.6
    endloop
  endfacet
  facet normal 0 0 1
    outer loop
      vertex 8.560007623325715 6.642073904691416 3.6
      vertex 8.778105473225912 6.685456264335477 3.6
      vertex 11 7.5 3.6
    endloop
  endfacet
  facet normal 0 0 1
    outer loop
      vertex 8.778105473225912 6.685456264335477 3.6
      vertex 9 6.7 3.6
      vertex 11 7.5 3.6
    endloop
  endfacet
  facet normal 0 0 1
    outer loop
      vertex 9 6.7 3.6
      vertex 9.221894526774088 6.685456264335477 3.6
      vertex 11 7.5 3.6
    endloop
  endfacet
  facet normal 0 0 1
    outer loop
      vertex 9.221894526774088 6.685456264335477 3.6
      vertex 9.439992376674285 6.642073904691416 3.6
      vertex 11 7.5 3.6
    endloop
  endfacet
  facet normal 0 0 1
    outer loop
      vertex 9.439992376674285 6.642073904691416 3.6
      vertex 9.650561835020653 6.570595205269187 3.6
      vertex 11 7.5 3.6
    endloop
  endfacet
  facet normal 0 0 1
    outer loop
      vertex 10.472243186433545 5.85 3.6
      vertex 10.570595205269187 5.650561835020652 3.6
      vertex 11 7.5 3.6
    endloop
  endfacet
  facet normal 0 0 1
    outer loop
      vertex 10.3487006784951 6.034894429314825 3.6
      vertex 10.472243186433545 5.85 3.6
      vertex 11 7.5 3.6
    endloop
  endfacet
  facet normal 0 0 1
    outer loop
      vertex 9.85 6.472243186433546 3.6
      vertex 11 7.5 3.6
      vertex 9.650561835020653 6.570595205269187 3.6
    endloop
  endfacet
  facet normal 0 0 1
    outer loop
      vertex 9.85 6.472243186433546 3.6
      vertex 10.034894429314825 6.348700678495099 3.6
      vertex 11 7.5 3.6
    endloop
  endfacet
  facet normal 0 0 1
    outer loop
      vertex 10.3487006784951 6.034894429314825 3.6
      vertex 11 7.5 3.6
      vertex 10.20208152801713 6.202081528017131 3.6
    endloop
  endfacet
  facet normal 0 0 1
    outer loop
      vertex 10.20208152801713 6.202081528017131 3.6
      vertex 11 7.5 3.6
      vertex 10.034894429314825 6.348700678495099 3.6
    endloop
  endfacet
  facet normal 0 0 1
    outer loop
      vertex 10.685456264335478 5.221894526774087 3.6
      vertex 11 7.5 3.6
      vertex 10.642073904691417 5.439992376674285 3.6
    endloop
  endfacet
  facet normal 0 0 1
    outer loop
      vertex 10.642073904691417 5.439992376674285 3.6
      vertex 11 7.5 3.6
      vertex 10.570595205269187 5.650561835020652 3.6
    endloop
  endfacet
  facet normal -1 0 0
    outer loop
      vertex 11 7.5 3.6
      vertex 11 3.2 3.6
      vertex 11 7.5 6.4
    endloop
  endfacet
  facet normal -1 0 0
    outer loop
      vertex 11 3.2 6.4
      vertex 11 7.5 6.4
      vertex 11 3.2 3.6
    endloop
  endfacet
endsolid OpenSCAD_Model
