solid OpenSCAD_Model
  facet normal -1 0 0
    outer loop
      vertex 12.9 11 -9.5
      vertex 12.9 9.588686519119738 -6.102766835309655
      vertex 12.9 9.588686519119738 7.350000000000001
    endloop
  endfacet
  facet normal -1 0 0
    outer loop
      vertex 12.9 4 4.226845145749523
      vertex 12.9 4 7.350000000000001
      vertex 12.9 4.199071231831837 4.346163850269173
    endloop
  endfacet
  facet normal -1 0 0
    outer loop
      vertex 12.9 4.199071231831837 4.346163850269173
      vertex 12.9 4 7.350000000000001
      vertex 12.9 5.075650713448118 4.760755068342747
    endloop
  endfacet
  facet normal -1 0 0
    outer loop
      vertex 12.9 4 7.350000000000001
      vertex 12.9 6.411313480880262 7.350000000000001
      vertex 12.9 5.075650713448118 4.760755068342747
    endloop
  endfacet
  facet normal 0 0 1
    outer loop
      vertex 12.9 4 7.350000000000001
      vertex 13.006516048667415 6.373201429255245 7.350000000000001
      vertex 12.9 6.411313480880262 7.350000000000001
    endloop
  endfacet
  facet normal 0 0 1
    outer loop
      vertex 12.9 4 7.350000000000001
      vertex 13.168346452572582 6.332665023314508 7.350000000000001
      vertex 13.006516048667415 6.373201429255245 7.350000000000001
    endloop
  endfacet
  facet normal -1 0 0
    outer loop
      vertex 12.9 5.075650713448118 4.760755068342747
      vertex 12.9 6.411313480880262 7.350000000000001
      vertex 12.9 6.411313480880262 1.5456239781668009
    endloop
  endfacet
  facet normal 0 0 1
    outer loop
      vertex 12.9 4 7.350000000000001
      vertex 13.333370861439747 6.308185964657265 7.350000000000001
      vertex 13.168346452572582 6.332665023314508 7.350000000000001
    endloop
  endfacet
  facet normal 0 0 1
    outer loop
      vertex 12.9 4 7.350000000000001
      vertex 13.5 6.3 7.350000000000001
      vertex 13.333370861439747 6.308185964657265 7.350000000000001
    endloop
  endfacet
  facet normal -1 0 0
    outer loop
      vertex 12.9 11 -9.5
      vertex 12.9 9.588686519119738 7.350000000000001
      vertex 12.9 11 6.170523890138319
    endloop
  endfacet
  facet normal 0 0 1
    outer loop
      vertex 12.9 11 7.350000000000001
      vertex 12.9 9.588686519119738 7.350000000000001
      vertex 13.006516048667415 9.626798570744755 7.350000000000001
    endloop
  endfacet
  facet normal -1 0 0
    outer loop
      vertex 12.9 11 6.170523890138319
      vertex 12.9 9.588686519119738 7.350000000000001
      vertex 12.9 11 7.350000000000001
    endloop
  endfacet
  facet normal 0 0 1
    outer loop
      vertex 12.9 11 7.350000000000001
      vertex 13.006516048667415 9.626798570744755 7.350000000000001
      vertex 13.168346452572582 9.667334976685492 7.350000000000001
    endloop
  endfacet
  facet normal 0 0 1
    outer loop
      vertex 12.9 11 7.350000000000001
      vertex 13.168346452572582 9.667334976685492 7.350000000000001
      vertex 13.333370861439747 9.691814035342734 7.350000000000001
    endloop
  endfacet
  facet normal 0 0 1
    outer loop
      vertex 12.9 11 7.350000000000001
      vertex 13.333370861439747 9.691814035342734 7.350000000000001
      vertex 13.29375 11 7.350000000000001
    endloop
  endfacet
  facet normal 0 0 1
    outer loop
      vertex 12.9 4 7.350000000000001
      vertex 13.666629138560253 6.308185964657265 7.350000000000001
      vertex 13.5 6.3 7.350000000000001
    endloop
  endfacet
  facet normal 0 0 1
    outer loop
      vertex 12.9 4 7.350000000000001
      vertex 13.831653547427418 6.332665023314508 7.350000000000001
      vertex 13.666629138560253 6.308185964657265 7.350000000000001
    endloop
  endfacet
  facet normal 0 0 1
    outer loop
      vertex 13.29375 11 7.350000000000001
      vertex 13.333370861439747 9.691814035342734 7.350000000000001
      vertex 13.5 9.7 7.350000000000001
    endloop
  endfacet
  facet normal 0 0 1
    outer loop
      vertex 13.29375 11 7.350000000000001
      vertex 13.5 9.7 7.350000000000001
      vertex 13.666629138560253 9.691814035342734 7.350000000000001
    endloop
  endfacet
  facet normal 0 0 1
    outer loop
      vertex 13.29375 11 7.350000000000001
      vertex 13.666629138560253 9.691814035342734 7.350000000000001
      vertex 13.831653547427418 9.667334976685492 7.350000000000001
    endloop
  endfacet
  facet normal 0 -1 0
    outer loop
      vertex 12.9 4 4.226845145749523
      vertex 16.049999999999997 4 7.350000000000001
      vertex 12.9 4 7.350000000000001
    endloop
  endfacet
  facet normal 0 0 1
    outer loop
      vertex 12.9 4 7.350000000000001
      vertex 16.049999999999997 4 7.350000000000001
      vertex 13.831653547427418 6.332665023314508 7.350000000000001
    endloop
  endfacet
  facet normal 0 0 1
    outer loop
      vertex 13.29375 11 7.350000000000001
      vertex 13.831653547427418 9.667334976685492 7.350000000000001
      vertex 15.656249999999998 12 7.350000000000001
    endloop
  endfacet
  facet normal 0 0 1
    outer loop
      vertex 16.049999999999997 4 7.350000000000001
      vertex 13.993483951332585 6.373201429255245 7.350000000000001
      vertex 13.831653547427418 6.332665023314508 7.350000000000001
    endloop
  endfacet
  facet normal 0 0 1
    outer loop
      vertex 16.049999999999997 4 7.350000000000001
      vertex 14.150561835020653 6.429404794730813 7.350000000000001
      vertex 13.993483951332585 6.373201429255245 7.350000000000001
    endloop
  endfacet
  facet normal 0 0 1
    outer loop
      vertex 16.049999999999997 4 7.350000000000001
      vertex 14.301374452604197 6.500733850607796 7.350000000000001
      vertex 14.150561835020653 6.429404794730813 7.350000000000001
    endloop
  endfacet
  facet normal 0 0 1
    outer loop
      vertex 15.656249999999998 12 7.350000000000001
      vertex 13.831653547427418 9.667334976685492 7.350000000000001
      vertex 13.993483951332585 9.626798570744755 7.350000000000001
    endloop
  endfacet
  facet normal 0 0 1
    outer loop
      vertex 15.656249999999998 12 7.350000000000001
      vertex 13.993483951332585 9.626798570744755 7.350000000000001
      vertex 14.150561835020653 9.570595205269187 7.350000000000001
    endloop
  endfacet
  facet normal 0 0 1
    outer loop
      vertex 15.656249999999998 12 7.350000000000001
      vertex 14.150561835020653 9.570595205269187 7.350000000000001
      vertex 14.301374452604197 9.499266149392204 7.350000000000001
    endloop
  endfacet
  facet normal 0 0 1
    outer loop
      vertex 15.656249999999998 12 7.350000000000001
      vertex 14.301374452604197 9.499266149392204 7.350000000000001
      vertex 14.444469396133323 9.413498340914327 7.350000000000001
    endloop
  endfacet
  facet normal 0 0 1
    outer loop
      vertex 15.656249999999998 12 7.350000000000001
      vertex 14.444469396133323 9.413498340914327 7.350000000000001
      vertex 14.5 9.372314038221791 7.350000000000001
    endloop
  endfacet
  facet normal 0 -1 0
    outer loop
      vertex 12.9 4 4.226845145749523
      vertex 16.049999999999997 4 4.226845145749523
      vertex 16.049999999999997 4 7.350000000000001
    endloop
  endfacet
  facet normal 0 0 1
    outer loop
      vertex 16.049999999999997 4 7.350000000000001
      vertex 14.444469396133323 6.586501659085673 7.350000000000001
      vertex 14.301374452604197 6.500733850607796 7.350000000000001
    endloop
  endfacet
  facet normal 0 0 1
    outer loop
      vertex 16.049999999999997 4 7.350000000000001
      vertex 14.5 6.62768596177821 7.350000000000001
      vertex 14.444469396133323 6.586501659085673 7.350000000000001
    endloop
  endfacet
  facet normal 0 0 1
    outer loop
      vertex 16.049999999999997 4 7.350000000000001
      vertex 14.555530603866677 6.586501659085673 7.350000000000001
      vertex 14.5 6.62768596177821 7.350000000000001
    endloop
  endfacet
  facet normal 0 0 1
    outer loop
      vertex 16.049999999999997 4 7.350000000000001
      vertex 14.698625547395803 6.500733850607796 7.350000000000001
      vertex 14.555530603866677 6.586501659085673 7.350000000000001
    endloop
  endfacet
  facet normal 0 0 1
    outer loop
      vertex 16.049999999999997 4 7.350000000000001
      vertex 14.849438164979347 6.429404794730813 7.350000000000001
      vertex 14.698625547395803 6.500733850607796 7.350000000000001
    endloop
  endfacet
  facet normal 0 0 1
    outer loop
      vertex 15.656249999999998 12 7.350000000000001
      vertex 14.5 9.372314038221791 7.350000000000001
      vertex 14.555530603866677 9.413498340914327 7.350000000000001
    endloop
  endfacet
  facet normal 0 0 1
    outer loop
      vertex 15.656249999999998 12 7.350000000000001
      vertex 14.555530603866677 9.413498340914327 7.350000000000001
      vertex 14.698625547395803 9.499266149392204 7.350000000000001
    endloop
  endfacet
  facet normal 0 0 1
    outer loop
      vertex 15.656249999999998 12 7.350000000000001
      vertex 14.698625547395803 9.499266149392204 7.350000000000001
      vertex 14.849438164979347 9.570595205269187 7.350000000000001
    endloop
  endfacet
  facet normal 0 0 1
    outer loop
      vertex 15.656249999999998 12 7.350000000000001
      vertex 14.849438164979347 9.570595205269187 7.350000000000001
      vertex 15.006516048667415 9.626798570744755 7.350000000000001
    endloop
  endfacet
  facet normal 0 0 1
    outer loop
      vertex 16.049999999999997 4 7.350000000000001
      vertex 15.006516048667415 6.373201429255245 7.350000000000001
      vertex 14.849438164979347 6.429404794730813 7.350000000000001
    endloop
  endfacet
  facet normal 0 0 1
    outer loop
      vertex 16.049999999999997 4 7.350000000000001
      vertex 15.168346452572582 6.332665023314508 7.350000000000001
      vertex 15.006516048667415 6.373201429255245 7.350000000000001
    endloop
  endfacet
  facet normal 0 0 1
    outer loop
      vertex 16.049999999999997 4 7.350000000000001
      vertex 15.333370861439747 6.308185964657265 7.350000000000001
      vertex 15.168346452572582 6.332665023314508 7.350000000000001
    endloop
  endfacet
  facet normal 0 0 1
    outer loop
      vertex 16.049999999999997 4 7.350000000000001
      vertex 15.5 6.3 7.350000000000001
      vertex 15.333370861439747 6.308185964657265 7.350000000000001
    endloop
  endfacet
  facet normal 0 0 1
    outer loop
      vertex 15.656249999999998 12 7.350000000000001
      vertex 15.006516048667415 9.626798570744755 7.350000000000001
      vertex 15.168346452572582 9.667334976685492 7.350000000000001
    endloop
  endfacet
  facet normal 0 0 1
    outer loop
      vertex 15.656249999999998 12 7.350000000000001
      vertex 15.168346452572582 9.667334976685492 7.350000000000001
      vertex 15.333370861439747 9.691814035342734 7.350000000000001
    endloop
  endfacet
  facet normal 0 0 1
    outer loop
      vertex 15.656249999999998 12 7.350000000000001
      vertex 15.333370861439747 9.691814035342734 7.350000000000001
      vertex 15.5 9.7 7.350000000000001
    endloop
  endfacet
  facet normal 0 0 1
    outer loop
      vertex 15.656249999999998 12 7.350000000000001
      vertex 15.5 9.7 7.350000000000001
      vertex 15.666629138560253 9.691814035342734 7.350000000000001
    endloop
  endfacet
  facet normal 1 0 0
    outer loop
      vertex 16.049999999999997 4 4.226845145749523
      vertex 16.049999999999997 4 -2.789427093096531
      vertex 16.049999999999997 4.422866170956541 -2.3228661709565417
    endloop
  endfacet
  facet normal 1 0 0
    outer loop
      vertex 16.049999999999997 4 4.226845145749523
      vertex 16.049999999999997 4.422866170956541 -2.3228661709565417
      vertex 16.049999999999997 5.160908165738998 -1.6539438983682189
    endloop
  endfacet
  facet normal 1 0 0
    outer loop
      vertex 16.049999999999997 4 4.226845145749523
      vertex 16.049999999999997 5.160908165738998 -1.6539438983682189
      vertex 16.049999999999997 5.960962134851037 -1.0605834351291659
    endloop
  endfacet
  facet normal 1 0 0
    outer loop
      vertex 16.049999999999997 4 4.226845145749523
      vertex 16.049999999999997 5.960962134851037 -1.0605834351291659
      vertex 16.049999999999997 6.393423194814535 -0.8013762510714105
    endloop
  endfacet
  facet normal 0 0 1
    outer loop
      vertex 16.049999999999997 4 7.350000000000001
      vertex 15.666629138560253 6.308185964657265 7.350000000000001
      vertex 15.5 6.3 7.350000000000001
    endloop
  endfacet
  facet normal 0 0 1
    outer loop
      vertex 16.049999999999997 4 7.350000000000001
      vertex 15.831653547427418 6.332665023314508 7.350000000000001
      vertex 15.666629138560253 6.308185964657265 7.350000000000001
    endloop
  endfacet
  facet normal 1 0 0
    outer loop
      vertex 16.049999999999997 4 4.226845145749523
      vertex 16.049999999999997 6.393423194814535 -0.8013762510714105
      vertex 16.049999999999997 6.393423194814535 7.350000000000001
    endloop
  endfacet
  facet normal 1 0 0
    outer loop
      vertex 16.049999999999997 4 4.226845145749523
      vertex 16.049999999999997 6.393423194814535 7.350000000000001
      vertex 16.049999999999997 4 7.350000000000001
    endloop
  endfacet
  facet normal 0 0 1
    outer loop
      vertex 16.049999999999997 4 7.350000000000001
      vertex 15.993483951332585 6.373201429255245 7.350000000000001
      vertex 15.831653547427418 6.332665023314508 7.350000000000001
    endloop
  endfacet
  facet normal 0 0 1
    outer loop
      vertex 16.049999999999997 4 7.350000000000001
      vertex 16.049999999999997 6.393423194814535 7.350000000000001
      vertex 15.993483951332585 6.373201429255245 7.350000000000001
    endloop
  endfacet
  facet normal 1 0 0
    outer loop
      vertex 16.049999999999997 9.606576805185465 0.45165003415316884
      vertex 16.049999999999997 9.619833231536298 0.4549705960927888
      vertex 16.049999999999997 9.606576805185465 7.350000000000001
    endloop
  endfacet
  facet normal 1 0 0
    outer loop
      vertex 16.049999999999997 10.60512602565496 0.601124975722799
      vertex 16.049999999999997 9.606576805185465 7.350000000000001
      vertex 16.049999999999997 9.619833231536298 0.4549705960927888
    endloop
  endfacet
  facet normal 1 0 0
    outer loop
      vertex 16.049999999999997 11.6 0.6500000000000004
      vertex 16.049999999999997 9.606576805185465 7.350000000000001
      vertex 16.049999999999997 10.60512602565496 0.601124975722799
    endloop
  endfacet
  facet normal 0 0 1
    outer loop
      vertex 15.656249999999998 12 7.350000000000001
      vertex 15.666629138560253 9.691814035342734 7.350000000000001
      vertex 15.831653547427418 9.667334976685492 7.350000000000001
    endloop
  endfacet
  facet normal 0 0 1
    outer loop
      vertex 15.656249999999998 12 7.350000000000001
      vertex 15.831653547427418 9.667334976685492 7.350000000000001
      vertex 16.049999999999997 12 7.350000000000001
    endloop
  endfacet
  facet normal 1 0 0
    outer loop
      vertex 16.049999999999997 12 7.350000000000001
      vertex 16.049999999999997 9.606576805185465 7.350000000000001
      vertex 16.049999999999997 11.6 0.6500000000000004
    endloop
  endfacet
  facet normal 0 0 1
    outer loop
      vertex 16.049999999999997 12 7.350000000000001
      vertex 15.831653547427418 9.667334976685492 7.350000000000001
      vertex 15.993483951332585 9.626798570744755 7.350000000000001
    endloop
  endfacet
  facet normal 0 0 1
    outer loop
      vertex 16.049999999999997 12 7.350000000000001
      vertex 15.993483951332585 9.626798570744755 7.350000000000001
      vertex 16.049999999999997 9.606576805185465 7.350000000000001
    endloop
  endfacet
  facet normal 1 0 0
    outer loop
      vertex 16.049999999999997 12 7.350000000000001
      vertex 16.049999999999997 11.6 0.6500000000000004
      vertex 16.049999999999997 12 0.6303492600922135
    endloop
  endfacet
  facet normal -1 0 0
    outer loop
      vertex 12.9 11 6.170523890138319
      vertex 12.9 11 7.350000000000001
      vertex 12.9 11.6 6.199999999999999
    endloop
  endfacet
  facet normal -1 0 0
    outer loop
      vertex 12.9 11 7.350000000000001
      vertex 12.9 13.138869103174102 6.124400208753491
      vertex 12.9 11.6 6.199999999999999
    endloop
  endfacet
  facet normal -1 0 0
    outer loop
      vertex 12.9 11 7.350000000000001
      vertex 12.9 13.411313480880262 7.350000000000001
      vertex 12.9 13.138869103174102 6.124400208753491
    endloop
  endfacet
  facet normal 0 0 1
    outer loop
      vertex 12.9 11 7.350000000000001
      vertex 13.006516048667415 13.373201429255245 7.350000000000001
      vertex 12.9 13.411313480880262 7.350000000000001
    endloop
  endfacet
  facet normal -1 0 0
    outer loop
      vertex 12.9 13.138869103174102 6.124400208753491
      vertex 12.9 13.411313480880262 7.350000000000001
      vertex 12.9 13.411313480880262 6.083986902937177
    endloop
  endfacet
  facet normal 0 0 1
    outer loop
      vertex 12.9 11 7.350000000000001
      vertex 13.168346452572582 13.332665023314508 7.350000000000001
      vertex 13.006516048667415 13.373201429255245 7.350000000000001
    endloop
  endfacet
  facet normal 0 0 1
    outer loop
      vertex 12.9 11 7.350000000000001
      vertex 13.29375 11 7.350000000000001
      vertex 13.168346452572582 13.332665023314508 7.350000000000001
    endloop
  endfacet
  facet normal 0 0 1
    outer loop
      vertex 13.29375 11 7.350000000000001
      vertex 13.333370861439747 13.308185964657266 7.350000000000001
      vertex 13.168346452572582 13.332665023314508 7.350000000000001
    endloop
  endfacet
  facet normal -1 0 0
    outer loop
      vertex 12.9 17.60812988813191 5.004908660427201
      vertex 12.9 16.588686519119737 5.36967133041591
      vertex 12.9 16.588686519119737 7.350000000000001
    endloop
  endfacet
  facet normal 0 0 1
    outer loop
      vertex 12.9 19 7.350000000000001
      vertex 12.9 16.588686519119737 7.350000000000001
      vertex 13.006516048667415 16.626798570744754 7.350000000000001
    endloop
  endfacet
  facet normal 0 0 1
    outer loop
      vertex 12.9 19 7.350000000000001
      vertex 13.006516048667415 16.626798570744754 7.350000000000001
      vertex 13.168346452572582 16.667334976685492 7.350000000000001
    endloop
  endfacet
  facet normal -1 0 0
    outer loop
      vertex 12.9 17.60812988813191 5.004908660427201
      vertex 12.9 16.588686519119737 7.350000000000001
      vertex 12.9 19 7.350000000000001
    endloop
  endfacet
  facet normal -1 0 0
    outer loop
      vertex 12.9 17.60812988813191 5.004908660427201
      vertex 12.9 19 7.350000000000001
      vertex 12.9 19 4.346603124897682
    endloop
  endfacet
  facet normal 0 0 1
    outer loop
      vertex 12.9 19 7.350000000000001
      vertex 13.168346452572582 16.667334976685492 7.350000000000001
      vertex 13.333370861439747 16.691814035342734 7.350000000000001
    endloop
  endfacet
  facet normal 0 0 1
    outer loop
      vertex 12.9 19 7.350000000000001
      vertex 13.333370861439747 16.691814035342734 7.350000000000001
      vertex 13.5 16.7 7.350000000000001
    endloop
  endfacet
  facet normal 0 0 1
    outer loop
      vertex 13.29375 11 7.350000000000001
      vertex 13.5 13.3 7.350000000000001
      vertex 13.333370861439747 13.308185964657266 7.350000000000001
    endloop
  endfacet
  facet normal 0 0 1
    outer loop
      vertex 13.29375 11 7.350000000000001
      vertex 13.666629138560253 13.308185964657266 7.350000000000001
      vertex 13.5 13.3 7.350000000000001
    endloop
  endfacet
  facet normal 0 0 1
    outer loop
      vertex 13.29375 11 7.350000000000001
      vertex 13.831653547427418 13.332665023314508 7.350000000000001
      vertex 13.666629138560253 13.308185964657266 7.350000000000001
    endloop
  endfacet
  facet normal 0 0 1
    outer loop
      vertex 12.9 19 7.350000000000001
      vertex 13.5 16.7 7.350000000000001
      vertex 13.666629138560253 16.691814035342734 7.350000000000001
    endloop
  endfacet
  facet normal 0 0 1
    outer loop
      vertex 12.9 19 7.350000000000001
      vertex 13.666629138560253 16.691814035342734 7.350000000000001
      vertex 13.831653547427418 16.667334976685492 7.350000000000001
    endloop
  endfacet
  facet normal 0 0 1
    outer loop
      vertex 13.29375 11 7.350000000000001
      vertex 13.993483951332585 13.373201429255245 7.350000000000001
      vertex 13.831653547427418 13.332665023314508 7.350000000000001
    endloop
  endfacet
  facet normal 0 0 1
    outer loop
      vertex 13.29375 11 7.350000000000001
      vertex 14.150561835020653 13.429404794730813 7.350000000000001
      vertex 13.993483951332585 13.373201429255245 7.350000000000001
    endloop
  endfacet
  facet normal 0 0 1
    outer loop
      vertex 13.29375 11 7.350000000000001
      vertex 14.301374452604197 13.500733850607796 7.350000000000001
      vertex 14.150561835020653 13.429404794730813 7.350000000000001
    endloop
  endfacet
  facet normal 0 0 1
    outer loop
      vertex 13.29375 11 7.350000000000001
      vertex 14.444469396133323 13.586501659085673 7.350000000000001
      vertex 14.301374452604197 13.500733850607796 7.350000000000001
    endloop
  endfacet
  facet normal 0 1 0
    outer loop
      vertex 12.9 19 4.346603124897682
      vertex 12.9 19 7.350000000000001
      vertex 16.049999999999997 19 4.346603124897682
    endloop
  endfacet
  facet normal 0 0 1
    outer loop
      vertex 13.29375 11 7.350000000000001
      vertex 14.555530603866677 13.586501659085673 7.350000000000001
      vertex 14.444469396133323 13.586501659085673 7.350000000000001
    endloop
  endfacet
  facet normal 0 0 1
    outer loop
      vertex 13.29375 11 7.350000000000001
      vertex 14.698625547395803 13.500733850607796 7.350000000000001
      vertex 14.555530603866677 13.586501659085673 7.350000000000001
    endloop
  endfacet
  facet normal 0 0 1
    outer loop
      vertex 13.29375 11 7.350000000000001
      vertex 14.849438164979347 13.429404794730813 7.350000000000001
      vertex 14.698625547395803 13.500733850607796 7.350000000000001
    endloop
  endfacet
  facet normal 0 0 1
    outer loop
      vertex 13.29375 11 7.350000000000001
      vertex 15.006516048667415 13.373201429255245 7.350000000000001
      vertex 14.849438164979347 13.429404794730813 7.350000000000001
    endloop
  endfacet
  facet normal 0 0 1
    outer loop
      vertex 12.9 19 7.350000000000001
      vertex 13.831653547427418 16.667334976685492 7.350000000000001
      vertex 16.049999999999997 19 7.350000000000001
    endloop
  endfacet
  facet normal 0 0 1
    outer loop
      vertex 13.29375 11 7.350000000000001
      vertex 15.656249999999998 12 7.350000000000001
      vertex 15.006516048667415 13.373201429255245 7.350000000000001
    endloop
  endfacet
  facet normal 0 0 1
    outer loop
      vertex 14.444469396133323 13.586501659085673 7.350000000000001
      vertex 14.555530603866677 13.586501659085673 7.350000000000001
      vertex 14.5 13.627685961778209 7.350000000000001
    endloop
  endfacet
  facet normal 0 0 1
    outer loop
      vertex 14.5 16.372314038221788 7.350000000000001
      vertex 14.555530603866677 16.413498340914327 7.350000000000001
      vertex 14.444469396133323 16.413498340914327 7.350000000000001
    endloop
  endfacet
  facet normal 0 0 1
    outer loop
      vertex 16.049999999999997 19 7.350000000000001
      vertex 13.831653547427418 16.667334976685492 7.350000000000001
      vertex 13.993483951332585 16.626798570744754 7.350000000000001
    endloop
  endfacet
  facet normal 0 0 1
    outer loop
      vertex 16.049999999999997 19 7.350000000000001
      vertex 13.993483951332585 16.626798570744754 7.350000000000001
      vertex 14.150561835020653 16.570595205269186 7.350000000000001
    endloop
  endfacet
  facet normal 0 0 1
    outer loop
      vertex 16.049999999999997 19 7.350000000000001
      vertex 14.150561835020653 16.570595205269186 7.350000000000001
      vertex 14.301374452604197 16.499266149392202 7.350000000000001
    endloop
  endfacet
  facet normal 0 0 1
    outer loop
      vertex 16.049999999999997 19 7.350000000000001
      vertex 14.301374452604197 16.499266149392202 7.350000000000001
      vertex 14.444469396133323 16.413498340914327 7.350000000000001
    endloop
  endfacet
  facet normal 0 0 1
    outer loop
      vertex 16.049999999999997 19 7.350000000000001
      vertex 14.444469396133323 16.413498340914327 7.350000000000001
      vertex 14.555530603866677 16.413498340914327 7.350000000000001
    endloop
  endfacet
  facet normal 0 1 0
    outer loop
      vertex 12.9 19 7.350000000000001
      vertex 16.049999999999997 19 7.350000000000001
      vertex 16.049999999999997 19 4.346603124897682
    endloop
  endfacet
  facet normal 0 0 1
    outer loop
      vertex 16.049999999999997 19 7.350000000000001
      vertex 14.555530603866677 16.413498340914327 7.350000000000001
      vertex 14.698625547395803 16.499266149392202 7.350000000000001
    endloop
  endfacet
  facet normal 0 0 1
    outer loop
      vertex 16.049999999999997 19 7.350000000000001
      vertex 14.698625547395803 16.499266149392202 7.350000000000001
      vertex 14.849438164979347 16.570595205269186 7.350000000000001
    endloop
  endfacet
  facet normal 0 0 1
    outer loop
      vertex 15.656249999999998 12 7.350000000000001
      vertex 15.168346452572582 13.332665023314508 7.350000000000001
      vertex 15.006516048667415 13.373201429255245 7.350000000000001
    endloop
  endfacet
  facet normal 0 0 1
    outer loop
      vertex 15.656249999999998 12 7.350000000000001
      vertex 15.333370861439747 13.308185964657266 7.350000000000001
      vertex 15.168346452572582 13.332665023314508 7.350000000000001
    endloop
  endfacet
  facet normal 0 0 1
    outer loop
      vertex 15.656249999999998 12 7.350000000000001
      vertex 15.5 13.3 7.350000000000001
      vertex 15.333370861439747 13.308185964657266 7.350000000000001
    endloop
  endfacet
  facet normal 0 0 1
    outer loop
      vertex 15.656249999999998 12 7.350000000000001
      vertex 15.666629138560253 13.308185964657266 7.350000000000001
      vertex 15.5 13.3 7.350000000000001
    endloop
  endfacet
  facet normal 0 0 1
    outer loop
      vertex 16.049999999999997 19 7.350000000000001
      vertex 14.849438164979347 16.570595205269186 7.350000000000001
      vertex 15.006516048667415 16.626798570744754 7.350000000000001
    endloop
  endfacet
  facet normal 0 0 1
    outer loop
      vertex 16.049999999999997 19 7.350000000000001
      vertex 15.006516048667415 16.626798570744754 7.350000000000001
      vertex 15.168346452572582 16.667334976685492 7.350000000000001
    endloop
  endfacet
  facet normal 0 0 1
    outer loop
      vertex 16.049999999999997 19 7.350000000000001
      vertex 15.168346452572582 16.667334976685492 7.350000000000001
      vertex 15.333370861439747 16.691814035342734 7.350000000000001
    endloop
  endfacet
  facet normal 0 0 1
    outer loop
      vertex 16.049999999999997 19 7.350000000000001
      vertex 15.333370861439747 16.691814035342734 7.350000000000001
      vertex 15.5 16.7 7.350000000000001
    endloop
  endfacet
  facet normal 1 0 0
    outer loop
      vertex 16.049999999999997 12.49603172168906 6.155980784219904
      vertex 16.049999999999997 12 0.6303492600922135
      vertex 16.049999999999997 12.59487397434504 0.601124975722799
    endloop
  endfacet
  facet normal 1 0 0
    outer loop
      vertex 16.049999999999997 13.393423194814535 3.9958313096250135
      vertex 16.049999999999997 12.59487397434504 0.601124975722799
      vertex 16.049999999999997 13.393423194814535 0.4826713885064782
    endloop
  endfacet
  facet normal 0 0 1
    outer loop
      vertex 15.656249999999998 12 7.350000000000001
      vertex 16.049999999999997 12 7.350000000000001
      vertex 15.666629138560253 13.308185964657266 7.350000000000001
    endloop
  endfacet
  facet normal 0 0 1
    outer loop
      vertex 16.049999999999997 12 7.350000000000001
      vertex 15.831653547427418 13.332665023314508 7.350000000000001
      vertex 15.666629138560253 13.308185964657266 7.350000000000001
    endloop
  endfacet
  facet normal 1 0 0
    outer loop
      vertex 16.049999999999997 12.49603172168906 6.155980784219904
      vertex 16.049999999999997 12 7.350000000000001
      vertex 16.049999999999997 12 0.6303492600922135
    endloop
  endfacet
  facet normal 1 0 0
    outer loop
      vertex 16.049999999999997 12.49603172168906 6.155980784219904
      vertex 16.049999999999997 12.59487397434504 0.601124975722799
      vertex 16.049999999999997 13.393423194814535 3.9958313096250135
    endloop
  endfacet
  facet normal 1 0 0
    outer loop
      vertex 16.049999999999997 12.49603172168906 6.155980784219904
      vertex 16.049999999999997 13.138869103174102 6.124400208753491
      vertex 16.049999999999997 12 7.350000000000001
    endloop
  endfacet
  facet normal 0 0 1
    outer loop
      vertex 16.049999999999997 12 7.350000000000001
      vertex 15.993483951332585 13.373201429255245 7.350000000000001
      vertex 15.831653547427418 13.332665023314508 7.350000000000001
    endloop
  endfacet
  facet normal 1 0 0
    outer loop
      vertex 16.049999999999997 12 7.350000000000001
      vertex 16.049999999999997 13.138869103174102 6.124400208753491
      vertex 16.049999999999997 13.393423194814535 7.350000000000001
    endloop
  endfacet
  facet normal 0 0 1
    outer loop
      vertex 16.049999999999997 12 7.350000000000001
      vertex 16.049999999999997 13.393423194814535 7.350000000000001
      vertex 15.993483951332585 13.373201429255245 7.350000000000001
    endloop
  endfacet
  facet normal 1 0 0
    outer loop
      vertex 16.049999999999997 13.138869103174102 6.124400208753491
      vertex 16.049999999999997 13.393423194814535 6.08664067618808
      vertex 16.049999999999997 13.393423194814535 7.350000000000001
    endloop
  endfacet
  facet normal 0 0 1
    outer loop
      vertex 16.049999999999997 19 7.350000000000001
      vertex 15.5 16.7 7.350000000000001
      vertex 15.666629138560253 16.691814035342734 7.350000000000001
    endloop
  endfacet
  facet normal 0 0 1
    outer loop
      vertex 16.049999999999997 19 7.350000000000001
      vertex 15.666629138560253 16.691814035342734 7.350000000000001
      vertex 15.831653547427418 16.667334976685492 7.350000000000001
    endloop
  endfacet
  facet normal 0 0 1
    outer loop
      vertex 16.049999999999997 19 7.350000000000001
      vertex 15.831653547427418 16.667334976685492 7.350000000000001
      vertex 15.993483951332585 16.626798570744754 7.350000000000001
    endloop
  endfacet
  facet normal 1 0 0
    outer loop
      vertex 16.049999999999997 19 7.350000000000001
      vertex 16.049999999999997 16.606576805185465 7.350000000000001
      vertex 16.049999999999997 16.606576805185465 5.363270083705639
    endloop
  endfacet
  facet normal 0 0 1
    outer loop
      vertex 16.049999999999997 19 7.350000000000001
      vertex 15.993483951332585 16.626798570744754 7.350000000000001
      vertex 16.049999999999997 16.606576805185465 7.350000000000001
    endloop
  endfacet
  facet normal 1 0 0
    outer loop
      vertex 16.049999999999997 17.60812988813191 5.004908660427201
      vertex 16.049999999999997 19 7.350000000000001
      vertex 16.049999999999997 16.606576805185465 5.363270083705639
    endloop
  endfacet
  facet normal 1 0 0
    outer loop
      vertex 16.049999999999997 17.60812988813191 5.004908660427201
      vertex 16.049999999999997 19 4.346603124897682
      vertex 16.049999999999997 19 7.350000000000001
    endloop
  endfacet
  facet normal -1 0 0
    outer loop
      vertex 12.9 -2.2461638502691734 -16.900928768168164
      vertex 12.9 -2.9049086604272016 -15.50812988813191
      vertex 12.9 -2.147025710494341 -10.992777090008296
    endloop
  endfacet
  facet normal -1 0 0
    outer loop
      vertex 12.9 -2.9049086604272016 -15.50812988813191
      vertex 12.9 -3.423963270995678 -14.057469432895058
      vertex 12.9 -2.8333553495294033 -10.747204418453817
    endloop
  endfacet
  facet normal -1 0 0
    outer loop
      vertex 12.9 -1.4540729131499592 -18.222452658407754
      vertex 12.9 -2.2461638502691734 -16.900928768168164
      vertex 12.9 -1.4259748514523654 -10.885819298766929
    endloop
  endfacet
  facet normal -1 0 0
    outer loop
      vertex 12.9 -0.5362641177949712 -19.459974561369236
      vertex 12.9 -1.4540729131499592 -18.222452658407754
      vertex 12.9 -0.5288220793951544 -9.792635483024192
    endloop
  endfacet
  facet normal -1 0 0
    outer loop
      vertex 12.9 -1.4540729131499592 -18.222452658407754
      vertex 12.9 -1.4259748514523654 -10.885819298766929
      vertex 12.9 -1.2929048947610036 -10.822881896522533
    endloop
  endfacet
  facet normal -1 0 0
    outer loop
      vertex 12.9 -1.4540729131499592 -18.222452658407754
      vertex 12.9 -1.2929048947610036 -10.822881896522533
      vertex 12.9 -1.1666446504705967 -10.747204418453817
    endloop
  endfacet
  facet normal -1 0 0
    outer loop
      vertex 12.9 -1.4540729131499592 -18.222452658407754
      vertex 12.9 -1.1666446504705967 -10.747204418453817
      vertex 12.9 -1.0484100737545319 -10.659515680044105
    endloop
  endfacet
  facet normal -1 0 0
    outer loop
      vertex 12.9 -1.4540729131499592 -18.222452658407754
      vertex 12.9 -1.0484100737545319 -10.659515680044105
      vertex 12.9 -0.9393398282201786 -10.560660171779821
    endloop
  endfacet
  facet normal -1 0 0
    outer loop
      vertex 12.9 -1.4540729131499592 -18.222452658407754
      vertex 12.9 -0.9393398282201786 -10.560660171779821
      vertex 12.9 -0.8404843199558945 -10.451589926245468
    endloop
  endfacet
  facet normal -1 0 0
    outer loop
      vertex 12.9 -1.4540729131499592 -18.222452658407754
      vertex 12.9 -0.8404843199558945 -10.451589926245468
      vertex 12.9 -0.7527955815461822 -10.333355349529404
    endloop
  endfacet
  facet normal -1 0 0
    outer loop
      vertex 12.9 -3.423963270995678 -14.057469432895058
      vertex 12.9 -3.7983289023307183 -12.562918055653213
      vertex 12.9 -3.38581929876693 -10.074025148547635
    endloop
  endfacet
  facet normal -1 0 0
    outer loop
      vertex 12.9 -3.423963270995678 -14.057469432895058
      vertex 12.9 -3.0606601717798214 -10.560660171779821
      vertex 12.9 -2.951589926245468 -10.659515680044105
    endloop
  endfacet
  facet normal -1 0 0
    outer loop
      vertex 12.9 -3.423963270995678 -14.057469432895058
      vertex 12.9 -3.247204418453818 -10.333355349529404
      vertex 12.9 -3.1595156800441053 -10.451589926245468
    endloop
  endfacet
  facet normal -1 0 0
    outer loop
      vertex 12.9 -3.423963270995678 -14.057469432895058
      vertex 12.9 -3.3228818965225324 -10.207095105238997
      vertex 12.9 -3.247204418453818 -10.333355349529404
    endloop
  endfacet
  facet normal -1 0 0
    outer loop
      vertex 12.9 -3.423963270995678 -14.057469432895058
      vertex 12.9 -3.1595156800441053 -10.451589926245468
      vertex 12.9 -3.0606601717798214 -10.560660171779821
    endloop
  endfacet
  facet normal -1 0 0
    outer loop
      vertex 12.9 -3.423963270995678 -14.057469432895058
      vertex 12.9 -3.38581929876693 -10.074025148547635
      vertex 12.9 -3.3228818965225324 -10.207095105238997
    endloop
  endfacet
  facet normal -1 0 0
    outer loop
      vertex 12.9 -2.9049086604272016 -15.50812988813191
      vertex 12.9 -2.8333553495294033 -10.747204418453817
      vertex 12.9 -2.7070951052389964 -10.822881896522533
    endloop
  endfacet
  facet normal -1 0 0
    outer loop
      vertex 12.9 -2.9049086604272016 -15.50812988813191
      vertex 12.9 -2.7070951052389964 -10.822881896522533
      vertex 12.9 -2.5740251485476344 -10.885819298766929
    endloop
  endfacet
  facet normal -1 0 0
    outer loop
      vertex 12.9 -2.9049086604272016 -15.50812988813191
      vertex 12.9 -2.5740251485476344 -10.885819298766929
      vertex 12.9 -2.4354270158816935 -10.935410503598312
    endloop
  endfacet
  facet normal -1 0 0
    outer loop
      vertex 12.9 -2.9049086604272016 -15.50812988813191
      vertex 12.9 -2.2926354830241924 -10.971177920604845
      vertex 12.9 -2.147025710494341 -10.992777090008296
    endloop
  endfacet
  facet normal -1 0 0
    outer loop
      vertex 12.9 -2.9049086604272016 -15.50812988813191
      vertex 12.9 -2.4354270158816935 -10.935410503598312
      vertex 12.9 -2.2926354830241924 -10.971177920604845
    endloop
  endfacet
  facet normal -1 0 0
    outer loop
      vertex 12.9 -3.423963270995678 -14.057469432895058
      vertex 12.9 -2.951589926245468 -10.659515680044105
      vertex 12.9 -2.8333553495294033 -10.747204418453817
    endloop
  endfacet
  facet normal -1 0 0
    outer loop
      vertex 12.9 -3.7983289023307183 -12.562918055653213
      vertex 12.9 -4.024400208753491 -11.0388691031741
      vertex 12.9 -3.7983289023307183 -6.437081944346787
    endloop
  endfacet
  facet normal -1 0 0
    outer loop
      vertex 12.9 -3.7983289023307183 -12.562918055653213
      vertex 12.9 -3.4354105035983133 -9.935427015881693
      vertex 12.9 -3.38581929876693 -10.074025148547635
    endloop
  endfacet
  facet normal -1 0 0
    outer loop
      vertex 12.9 -3.7983289023307183 -12.562918055653213
      vertex 12.9 -3.4711779206048456 -9.792635483024192
      vertex 12.9 -3.4354105035983133 -9.935427015881693
    endloop
  endfacet
  facet normal -1 0 0
    outer loop
      vertex 12.9 -3.7983289023307183 -12.562918055653213
      vertex 12.9 -3.4927770900082953 -9.647025710494342
      vertex 12.9 -3.4711779206048456 -9.792635483024192
    endloop
  endfacet
  facet normal -1 0 0
    outer loop
      vertex 12.9 -3.7983289023307183 -12.562918055653213
      vertex 12.9 -3.5 -9.5
      vertex 12.9 -3.4927770900082953 -9.647025710494342
    endloop
  endfacet
  facet normal -1 0 0
    outer loop
      vertex 12.9 -4.024400208753491 -11.0388691031741
      vertex 12.9 -4.1 -9.5
      vertex 12.9 -4.024400208753491 -7.961130896825899
    endloop
  endfacet
  facet normal -1 0 0
    outer loop
      vertex 12.9 -3.7983289023307183 -12.562918055653213
      vertex 12.9 -3.423963270995678 -4.942530567104941
      vertex 12.9 -3.5 -9.5
    endloop
  endfacet
  facet normal -1 0 0
    outer loop
      vertex 12.9 -2.2461638502691734 -16.900928768168164
      vertex 12.9 -2.147025710494341 -10.992777090008296
      vertex 12.9 -2 -11
    endloop
  endfacet
  facet normal -1 0 0
    outer loop
      vertex 12.9 -2.2461638502691734 -16.900928768168164
      vertex 12.9 -2 -11
      vertex 12.9 -1.8529742895056591 -10.992777090008296
    endloop
  endfacet
  facet normal -1 0 0
    outer loop
      vertex 12.9 -2.2461638502691734 -16.900928768168164
      vertex 12.9 -1.8529742895056591 -10.992777090008296
      vertex 12.9 -1.7073645169758076 -10.971177920604845
    endloop
  endfacet
  facet normal -1 0 0
    outer loop
      vertex 12.9 -2.2461638502691734 -16.900928768168164
      vertex 12.9 -1.7073645169758076 -10.971177920604845
      vertex 12.9 -1.5645729841183065 -10.935410503598312
    endloop
  endfacet
  facet normal -1 0 0
    outer loop
      vertex 12.9 -2.2461638502691734 -16.900928768168164
      vertex 12.9 -1.5645729841183065 -10.935410503598312
      vertex 12.9 -1.4259748514523654 -10.885819298766929
    endloop
  endfacet
  facet normal -1 0 0
    outer loop
      vertex 12.9 -1.4540729131499592 -18.222452658407754
      vertex 12.9 -0.7527955815461822 -10.333355349529404
      vertex 12.9 -0.6771181034774674 -10.207095105238997
    endloop
  endfacet
  facet normal -1 0 0
    outer loop
      vertex 12.9 -1.4540729131499592 -18.222452658407754
      vertex 12.9 -0.6771181034774674 -10.207095105238997
      vertex 12.9 -0.61418070123307 -10.074025148547635
    endloop
  endfacet
  facet normal -1 0 0
    outer loop
      vertex 12.9 -1.4540729131499592 -18.222452658407754
      vertex 12.9 -0.61418070123307 -10.074025148547635
      vertex 12.9 -0.5645894964016867 -9.935427015881693
    endloop
  endfacet
  facet normal -1 0 0
    outer loop
      vertex 12.9 -1.4540729131499592 -18.222452658407754
      vertex 12.9 -0.5645894964016867 -9.935427015881693
      vertex 12.9 -0.5288220793951544 -9.792635483024192
    endloop
  endfacet
  facet normal -1 0 0
    outer loop
      vertex 12.9 -0.5362641177949712 -19.459974561369236
      vertex 12.9 -0.5288220793951544 -9.792635483024192
      vertex 12.9 -0.5072229099917047 -9.647025710494342
    endloop
  endfacet
  facet normal -1 0 0
    outer loop
      vertex 12.9 -0.5362641177949712 -19.459974561369236
      vertex 12.9 -0.5072229099917047 -9.647025710494342
      vertex 12.9 0.4984235353712041 1.6015764646287955
    endloop
  endfacet
  facet normal -1 0 0
    outer loop
      vertex 12.9 1.640025438630765 -21.636264117794973
      vertex 12.9 0.4984235353712041 -20.601576464628796
      vertex 12.9 1.640025438630765 2.636264117794971
    endloop
  endfacet
  facet normal -1 0 0
    outer loop
      vertex 12.9 1.640025438630765 -21.636264117794973
      vertex 12.9 2.877547341592246 3.554072913149959
      vertex 12.9 2.877547341592246 -22.55407291314996
    endloop
  endfacet
  facet normal -1 0 0
    outer loop
      vertex 12.9 -0.5362641177949712 -19.459974561369236
      vertex 12.9 0.4984235353712041 1.6015764646287955
      vertex 12.9 0.4984235353712041 -20.601576464628796
    endloop
  endfacet
  facet normal -1 0 0
    outer loop
      vertex 12.9 4.199071231831837 -23.34616385026917
      vertex 12.9 5.624947698973673 -15.475052301026327
      vertex 12.9 5.7303822696568805 -15.570612625681802
    endloop
  endfacet
  facet normal -1 0 0
    outer loop
      vertex 12.9 4.199071231831837 -23.34616385026917
      vertex 12.9 5.844675693815743 -15.655378406144523
      vertex 12.9 5.9667272632964705 -15.728533301610948
    endloop
  endfacet
  facet normal -1 0 0
    outer loop
      vertex 12.9 4.199071231831837 -23.34616385026917
      vertex 12.9 5.7303822696568805 -15.570612625681802
      vertex 12.9 5.844675693815743 -15.655378406144523
    endloop
  endfacet
  facet normal -1 0 0
    outer loop
      vertex 12.9 4.199071231831837 -23.34616385026917
      vertex 12.9 5.9667272632964705 -15.728533301610948
      vertex 12.9 6.095361554764787 -15.7893727904472
    endloop
  endfacet
  facet normal -1 0 0
    outer loop
      vertex 12.9 4.199071231831837 -23.34616385026917
      vertex 12.9 6.229339749675196 -15.837310955117536
      vertex 12.9 6.36737156477078 -15.871886124890517
    endloop
  endfacet
  facet normal -1 0 0
    outer loop
      vertex 12.9 4.199071231831837 -23.34616385026917
      vertex 12.9 6.36737156477078 -15.871886124890517
      vertex 12.9 6.508127678216304 -15.89276532198052
    endloop
  endfacet
  facet normal -1 0 0
    outer loop
      vertex 12.9 4.199071231831837 -23.34616385026917
      vertex 12.9 6.095361554764787 -15.7893727904472
      vertex 12.9 6.229339749675196 -15.837310955117536
    endloop
  endfacet
  facet normal -1 0 0
    outer loop
      vertex 12.9 4.199071231831837 -23.34616385026917
      vertex 12.9 5.310627209552801 -15.004638445235212
      vertex 12.9 5.371466698389052 -15.133272736703528
    endloop
  endfacet
  facet normal -1 0 0
    outer loop
      vertex 12.9 4.199071231831837 -23.34616385026917
      vertex 12.9 4.857884165391273 -14.45
      vertex 12.9 5.310627209552801 -15.004638445235212
    endloop
  endfacet
  facet normal -1 0 0
    outer loop
      vertex 12.9 4.199071231831837 -23.34616385026917
      vertex 12.9 5.4446215938554765 -15.255324306184256
      vertex 12.9 5.529387374318198 -15.36961773034312
    endloop
  endfacet
  facet normal -1 0 0
    outer loop
      vertex 12.9 4.199071231831837 -23.34616385026917
      vertex 12.9 5.371466698389052 -15.133272736703528
      vertex 12.9 5.4446215938554765 -15.255324306184256
    endloop
  endfacet
  facet normal -1 0 0
    outer loop
      vertex 12.9 4.199071231831837 -23.34616385026917
      vertex 12.9 5.529387374318198 -15.36961773034312
      vertex 12.9 5.624947698973673 -15.475052301026327
    endloop
  endfacet
  facet normal -1 0 0
    outer loop
      vertex 12.9 4.199071231831837 -23.34616385026917
      vertex 12.9 9.588686519119738 -14.5
      vertex 12.9 5.59187011186809 -24.0049086604272
    endloop
  endfacet
  facet normal -1 0 0
    outer loop
      vertex 12.9 5.59187011186809 -24.0049086604272
      vertex 12.9 9.588686519119738 -14.5
      vertex 12.9 7.042530567104941 -24.52396327099568
    endloop
  endfacet
  facet normal -1 0 0
    outer loop
      vertex 12.9 4.199071231831837 -23.34616385026917
      vertex 12.9 6.508127678216304 -15.89276532198052
      vertex 12.9 6.650252531694166 -15.899747468305833
    endloop
  endfacet
  facet normal -1 0 0
    outer loop
      vertex 12.9 4.199071231831837 -23.34616385026917
      vertex 12.9 6.650252531694166 -15.899747468305833
      vertex 12.9 6.79237738517203 -15.89276532198052
    endloop
  endfacet
  facet normal -1 0 0
    outer loop
      vertex 12.9 4.199071231831837 -23.34616385026917
      vertex 12.9 6.79237738517203 -15.89276532198052
      vertex 12.9 6.933133498617552 -15.871886124890517
    endloop
  endfacet
  facet normal -1 0 0
    outer loop
      vertex 12.9 4.199071231831837 -23.34616385026917
      vertex 12.9 6.933133498617552 -15.871886124890517
      vertex 12.9 7.071165313713138 -15.837310955117536
    endloop
  endfacet
  facet normal -1 0 0
    outer loop
      vertex 12.9 4.199071231831837 -23.34616385026917
      vertex 12.9 7.071165313713138 -15.837310955117536
      vertex 12.9 7.2051435086235465 -15.7893727904472
    endloop
  endfacet
  facet normal -1 0 0
    outer loop
      vertex 12.9 4.199071231831837 -23.34616385026917
      vertex 12.9 7.2051435086235465 -15.7893727904472
      vertex 12.9 7.333777800091863 -15.728533301610948
    endloop
  endfacet
  facet normal -1 0 0
    outer loop
      vertex 12.9 4.199071231831837 -23.34616385026917
      vertex 12.9 7.333777800091863 -15.728533301610948
      vertex 12.9 7.45582936957259 -15.655378406144525
    endloop
  endfacet
  facet normal -1 0 0
    outer loop
      vertex 12.9 4.199071231831837 -23.34616385026917
      vertex 12.9 7.45582936957259 -15.655378406144525
      vertex 12.9 7.570122793731453 -15.5706126256818
    endloop
  endfacet
  facet normal -1 0 0
    outer loop
      vertex 12.9 4.199071231831837 -23.34616385026917
      vertex 12.9 7.570122793731453 -15.5706126256818
      vertex 12.9 7.6755573644146615 -15.475052301026327
    endloop
  endfacet
  facet normal -1 0 0
    outer loop
      vertex 12.9 4.199071231831837 -23.34616385026917
      vertex 12.9 7.6755573644146615 -15.475052301026327
      vertex 12.9 7.771117689070135 -15.36961773034312
    endloop
  endfacet
  facet normal -1 0 0
    outer loop
      vertex 12.9 4.199071231831837 -23.34616385026917
      vertex 12.9 7.771117689070135 -15.36961773034312
      vertex 12.9 7.855883469532857 -15.255324306184256
    endloop
  endfacet
  facet normal -1 0 0
    outer loop
      vertex 12.9 4.199071231831837 -23.34616385026917
      vertex 12.9 7.855883469532857 -15.255324306184256
      vertex 12.9 7.929038364999281 -15.13327273670353
    endloop
  endfacet
  facet normal -1 0 0
    outer loop
      vertex 12.9 4.199071231831837 -23.34616385026917
      vertex 12.9 7.929038364999281 -15.13327273670353
      vertex 12.9 7.989877853835533 -15.004638445235212
    endloop
  endfacet
  facet normal -1 0 0
    outer loop
      vertex 12.9 4.199071231831837 -23.34616385026917
      vertex 12.9 7.989877853835533 -15.004638445235212
      vertex 12.9 9.588686519119738 -14.5
    endloop
  endfacet
  facet normal -1 0 0
    outer loop
      vertex 12.9 7.042530567104941 -24.52396327099568
      vertex 12.9 11.142115834608726 -14.45
      vertex 12.9 8.537081944346786 -24.898328902330718
    endloop
  endfacet
  facet normal -1 0 0
    outer loop
      vertex 12.9 8.537081944346786 -24.898328902330718
      vertex 12.9 11.142115834608726 -14.45
      vertex 12.9 10.061130896825897 -25.124400208753492
    endloop
  endfacet
  facet normal -1 0 0
    outer loop
      vertex 12.9 10.061130896825897 -25.124400208753492
      vertex 12.9 11.142115834608726 -14.45
      vertex 12.9 11.6 -25.2
    endloop
  endfacet
  facet normal -1 0 0
    outer loop
      vertex 12.9 7.042530567104941 -24.52396327099568
      vertex 12.9 9.588686519119738 -14.5
      vertex 12.9 11.142115834608726 -14.45
    endloop
  endfacet
  facet normal -1 0 0
    outer loop
      vertex 12.9 11.6 -25.2
      vertex 12.9 11.142115834608726 -14.45
      vertex 12.9 11.142115834608726 -11.85
    endloop
  endfacet
  facet normal -1 0 0
    outer loop
      vertex 12.9 4.199071231831837 -23.34616385026917
      vertex 12.9 4.857884165391273 -11.85
      vertex 12.9 4.857884165391273 -14.45
    endloop
  endfacet
  facet normal -1 0 0
    outer loop
      vertex 12.9 2.877547341592246 -22.55407291314996
      vertex 12.9 5.075650713448118 4.760755068342747
      vertex 12.9 4.199071231831837 -23.34616385026917
    endloop
  endfacet
  facet normal -1 0 0
    outer loop
      vertex 12.9 5.310627209552801 -15.004638445235212
      vertex 12.9 4.857884165391273 -14.45
      vertex 12.9 5.262689044882464 -14.870660250324804
    endloop
  endfacet
  facet normal -1 0 0
    outer loop
      vertex 12.9 4.857884165391273 -14.45
      vertex 12.9 5.207234678019481 -14.591872321783697
      vertex 12.9 5.228113875109482 -14.73262843522922
    endloop
  endfacet
  facet normal -1 0 0
    outer loop
      vertex 12.9 5.262689044882464 -14.870660250324804
      vertex 12.9 4.857884165391273 -14.45
      vertex 12.9 5.228113875109482 -14.73262843522922
    endloop
  endfacet
  facet normal -1 0 0
    outer loop
      vertex 12.9 5.200264937780768 -14.45
      vertex 12.9 5.207234678019481 -14.591872321783697
      vertex 12.9 4.857884165391273 -14.45
    endloop
  endfacet
  facet normal -1 0 0
    outer loop
      vertex 12.9 4.199071231831837 -23.34616385026917
      vertex 12.9 5.075650713448118 4.760755068342747
      vertex 12.9 4.857884165391273 -11.85
    endloop
  endfacet
  facet normal -1 0 0
    outer loop
      vertex 12.9 4.857884165391273 -11.85
      vertex 12.9 5.7303822696568805 -5.671117689070135
      vertex 12.9 6.411313480880262 -11.85
    endloop
  endfacet
  facet normal -1 0 0
    outer loop
      vertex 12.9 8.03781601850587 -14.870660250324804
      vertex 12.9 9.588686519119738 -14.5
      vertex 12.9 7.989877853835533 -15.004638445235212
    endloop
  endfacet
  facet normal -1 0 0
    outer loop
      vertex 12.9 8.07239118827885 -14.73262843522922
      vertex 12.9 9.588686519119738 -14.5
      vertex 12.9 8.03781601850587 -14.870660250324804
    endloop
  endfacet
  facet normal -1 0 0
    outer loop
      vertex 12.9 8.093270385368852 -14.591872321783697
      vertex 12.9 9.588686519119738 -14.5
      vertex 12.9 8.07239118827885 -14.73262843522922
    endloop
  endfacet
  facet normal -1 0 0
    outer loop
      vertex 12.9 8.097783783119093 -14.5
      vertex 12.9 9.588686519119738 -14.5
      vertex 12.9 8.093270385368852 -14.591872321783697
    endloop
  endfacet
  facet normal -1 0 0
    outer loop
      vertex 12.9 11.142115834608726 -14.45
      vertex 12.9 9.588686519119738 -14.5
      vertex 12.9 9.588686519119738 -14.45
    endloop
  endfacet
  facet normal -1 0 0
    outer loop
      vertex 12.9 11 -9.5
      vertex 12.9 11.142115834608726 -11.85
      vertex 12.9 9.588686519119738 -11.85
    endloop
  endfacet
  facet normal -1 0 0
    outer loop
      vertex 12.9 11 -9.5
      vertex 12.9 9.588686519119738 -11.85
      vertex 12.9 9.588686519119738 -6.102766835309655
    endloop
  endfacet
  facet normal -1 0 0
    outer loop
      vertex 12.9 11 6.170523890138319
      vertex 12.9 11.6 -25.2
      vertex 12.9 11.142115834608726 -11.85
    endloop
  endfacet
  facet normal 0 -0.7409511253549579 -0.6715589548470197
    outer loop
      vertex 12.9 -0.5362641177949712 -19.459974561369236
      vertex 12.9 0.4984235353712041 -20.601576464628796
      vertex 16.049999999999997 -0.5362641177949712 -19.459974561369236
    endloop
  endfacet
  facet normal -2.0619087691626027e-17 -0.8577286100002716 -0.5141027441932225
    outer loop
      vertex 12.9 -1.4540729131499592 -18.222452658407754
      vertex 16.049999999999997 -2.2461638502691734 -16.900928768168164
      vertex 12.9 -2.2461638502691734 -16.900928768168164
    endloop
  endfacet
  facet normal -5.5822192269078755e-18 -0.8032075314806462 -0.5956993044924316
    outer loop
      vertex 12.9 -0.5362641177949712 -19.459974561369236
      vertex 16.049999999999997 -1.4540729131499592 -18.222452658407754
      vertex 12.9 -1.4540729131499592 -18.222452658407754
    endloop
  endfacet
  facet normal 0 -0.6715589548470198 -0.740951125354958
    outer loop
      vertex 12.9 1.640025438630765 -21.636264117794973
      vertex 16.049999999999997 1.640025438630765 -21.636264117794973
      vertex 12.9 0.4984235353712041 -20.601576464628796
    endloop
  endfacet
  facet normal 5.519160186898717e-18 -0.5956993044924314 -0.8032075314806463
    outer loop
      vertex 12.9 1.640025438630765 -21.636264117794973
      vertex 12.9 2.877547341592246 -22.55407291314996
      vertex 16.049999999999997 2.877547341592246 -22.55407291314996
    endloop
  endfacet
  facet normal 1.1018454065885522e-17 -0.9039892931234434 -0.427555093430282
    outer loop
      vertex 12.9 -2.2461638502691734 -16.900928768168164
      vertex 16.049999999999997 -2.9049086604272016 -15.50812988813191
      vertex 12.9 -2.9049086604272016 -15.50812988813191
    endloop
  endfacet
  facet normal -1.1029105071905569e-18 -0.9415440651830211 -0.3368898533922194
    outer loop
      vertex 12.9 -2.9049086604272016 -15.50812988813191
      vertex 16.049999999999997 -3.423963270995678 -14.057469432895058
      vertex 12.9 -3.423963270995678 -14.057469432895058
    endloop
  endfacet
  facet normal 8.563991758738105e-18 -0.9700312531945436 -0.2429801799032649
    outer loop
      vertex 12.9 -3.423963270995678 -14.057469432895058
      vertex 16.049999999999997 -3.7983289023307183 -12.562918055653213
      vertex 12.9 -3.7983289023307183 -12.562918055653213
    endloop
  endfacet
  facet normal 5.559005741638232e-18 -0.9891765099647811 -0.14673047445536141
    outer loop
      vertex 12.9 -3.7983289023307183 -12.562918055653213
      vertex 16.049999999999997 -4.024400208753491 -11.0388691031741
      vertex 12.9 -4.024400208753491 -11.0388691031741
    endloop
  endfacet
  facet normal 1.2245979807220283e-18 -0.9987954562051723 -0.049067674327417946
    outer loop
      vertex 12.9 -4.024400208753491 -11.0388691031741
      vertex 16.049999999999997 -4.1 -9.5
      vertex 12.9 -4.1 -9.5
    endloop
  endfacet
  facet normal -6.020863248296375e-18 -0.4275550934302833 -0.9039892931234427
    outer loop
      vertex 12.9 4.199071231831837 -23.34616385026917
      vertex 12.9 5.59187011186809 -24.0049086604272
      vertex 16.049999999999997 5.59187011186809 -24.0049086604272
    endloop
  endfacet
  facet normal -9.846293196463517e-18 -0.5141027441932212 -0.8577286100002723
    outer loop
      vertex 12.9 2.877547341592246 -22.55407291314996
      vertex 12.9 4.199071231831837 -23.34616385026917
      vertex 16.049999999999997 4.199071231831837 -23.34616385026917
    endloop
  endfacet
  facet normal -2.4326845753763833e-18 -0.3368898533922205 -0.9415440651830206
    outer loop
      vertex 12.9 5.59187011186809 -24.0049086604272
      vertex 12.9 7.042530567104941 -24.52396327099568
      vertex 16.049999999999997 7.042530567104941 -24.52396327099568
    endloop
  endfacet
  facet normal 6.685827124754983e-18 -0.2429801799032637 -0.9700312531945441
    outer loop
      vertex 12.9 7.042530567104941 -24.52396327099568
      vertex 12.9 8.537081944346786 -24.898328902330718
      vertex 16.049999999999997 8.537081944346786 -24.898328902330718
    endloop
  endfacet
  facet normal -5.635023402297547e-19 -0.14673047445536272 -0.9891765099647809
    outer loop
      vertex 12.9 8.537081944346786 -24.898328902330718
      vertex 12.9 10.061130896825897 -25.124400208753492
      vertex 16.049999999999997 10.061130896825897 -25.124400208753492
    endloop
  endfacet
  facet normal -7.813959830724974e-19 -0.049067674327416724 -0.9987954562051723
    outer loop
      vertex 12.9 10.061130896825897 -25.124400208753492
      vertex 12.9 11.6 -25.2
      vertex 16.049999999999997 11.6 -25.2
    endloop
  endfacet
  facet normal -1 0 0
    outer loop
      vertex 12.9 -4.024400208753491 -11.0388691031741
      vertex 12.9 -4.024400208753491 -7.961130896825899
      vertex 12.9 -3.7983289023307183 -6.437081944346787
    endloop
  endfacet
  facet normal -1 0 0
    outer loop
      vertex 12.9 -3.7983289023307183 -12.562918055653213
      vertex 12.9 -3.7983289023307183 -6.437081944346787
      vertex 12.9 -3.423963270995678 -4.942530567104941
    endloop
  endfacet
  facet normal -1 0 0
    outer loop
      vertex 12.9 -3.423963270995678 -4.942530567104941
      vertex 12.9 -3.4927770900082953 -9.352974289505658
      vertex 12.9 -3.5 -9.5
    endloop
  endfacet
  facet normal -1 0 0
    outer loop
      vertex 12.9 -3.423963270995678 -4.942530567104941
      vertex 12.9 -3.4711779206048456 -9.207364516975808
      vertex 12.9 -3.4927770900082953 -9.352974289505658
    endloop
  endfacet
  facet normal -1 0 0
    outer loop
      vertex 12.9 -3.423963270995678 -4.942530567104941
      vertex 12.9 -3.4354105035983133 -9.064572984118307
      vertex 12.9 -3.4711779206048456 -9.207364516975808
    endloop
  endfacet
  facet normal -1 0 0
    outer loop
      vertex 12.9 -3.423963270995678 -4.942530567104941
      vertex 12.9 -3.38581929876693 -8.925974851452365
      vertex 12.9 -3.4354105035983133 -9.064572984118307
    endloop
  endfacet
  facet normal -1 0 0
    outer loop
      vertex 12.9 -3.423963270995678 -4.942530567104941
      vertex 12.9 -3.3228818965225324 -8.792904894761003
      vertex 12.9 -3.38581929876693 -8.925974851452365
    endloop
  endfacet
  facet normal -1 0 0
    outer loop
      vertex 12.9 -3.423963270995678 -4.942530567104941
      vertex 12.9 -3.247204418453818 -8.666644650470596
      vertex 12.9 -3.3228818965225324 -8.792904894761003
    endloop
  endfacet
  facet normal -1 0 0
    outer loop
      vertex 12.9 -3.423963270995678 -4.942530567104941
      vertex 12.9 -3.1595156800441053 -8.548410073754532
      vertex 12.9 -3.247204418453818 -8.666644650470596
    endloop
  endfacet
  facet normal -1 0 0
    outer loop
      vertex 12.9 -3.423963270995678 -4.942530567104941
      vertex 12.9 -2.9049086604272016 -3.4918701118680904
      vertex 12.9 -3.1595156800441053 -8.548410073754532
    endloop
  endfacet
  facet normal -1 0 0
    outer loop
      vertex 12.9 -2.9049086604272016 -3.4918701118680904
      vertex 12.9 -3.0606601717798214 -8.439339828220179
      vertex 12.9 -3.1595156800441053 -8.548410073754532
    endloop
  endfacet
  facet normal -1 0 0
    outer loop
      vertex 12.9 -2.9049086604272016 -3.4918701118680904
      vertex 12.9 -2.951589926245468 -8.340484319955895
      vertex 12.9 -3.0606601717798214 -8.439339828220179
    endloop
  endfacet
  facet normal -1 0 0
    outer loop
      vertex 12.9 -2.9049086604272016 -3.4918701118680904
      vertex 12.9 -2.8333553495294033 -8.252795581546183
      vertex 12.9 -2.951589926245468 -8.340484319955895
    endloop
  endfacet
  facet normal -1 0 0
    outer loop
      vertex 12.9 -2.9049086604272016 -3.4918701118680904
      vertex 12.9 -2.7070951052389964 -8.177118103477467
      vertex 12.9 -2.8333553495294033 -8.252795581546183
    endloop
  endfacet
  facet normal -1 0 0
    outer loop
      vertex 12.9 -2.9049086604272016 -3.4918701118680904
      vertex 12.9 -2.5740251485476344 -8.114180701233071
      vertex 12.9 -2.7070951052389964 -8.177118103477467
    endloop
  endfacet
  facet normal -1 0 0
    outer loop
      vertex 12.9 -2.2461638502691734 -2.0990712318318376
      vertex 12.9 -2.4354270158816935 -8.064589496401688
      vertex 12.9 -2.5740251485476344 -8.114180701233071
    endloop
  endfacet
  facet normal -1 0 0
    outer loop
      vertex 12.9 -2.2461638502691734 -2.0990712318318376
      vertex 12.9 -2.2926354830241924 -8.028822079395155
      vertex 12.9 -2.4354270158816935 -8.064589496401688
    endloop
  endfacet
  facet normal -1 0 0
    outer loop
      vertex 12.9 -2.2461638502691734 -2.0990712318318376
      vertex 12.9 -2.147025710494341 -8.007222909991704
      vertex 12.9 -2.2926354830241924 -8.028822079395155
    endloop
  endfacet
  facet normal -1 0 0
    outer loop
      vertex 12.9 -2.2461638502691734 -2.0990712318318376
      vertex 12.9 -2 -8
      vertex 12.9 -2.147025710494341 -8.007222909991704
    endloop
  endfacet
  facet normal -1 0 0
    outer loop
      vertex 12.9 -2.2461638502691734 -2.0990712318318376
      vertex 12.9 -1.8529742895056591 -8.007222909991704
      vertex 12.9 -2 -8
    endloop
  endfacet
  facet normal -1 0 0
    outer loop
      vertex 12.9 -1.4540729131499592 -0.7775473415922463
      vertex 12.9 -1.7073645169758076 -8.028822079395155
      vertex 12.9 -1.8529742895056591 -8.007222909991704
    endloop
  endfacet
  facet normal -1 0 0
    outer loop
      vertex 12.9 -1.4540729131499592 -0.7775473415922463
      vertex 12.9 -1.5645729841183065 -8.064589496401688
      vertex 12.9 -1.7073645169758076 -8.028822079395155
    endloop
  endfacet
  facet normal -1 0 0
    outer loop
      vertex 12.9 -1.4540729131499592 -0.7775473415922463
      vertex 12.9 -1.4259748514523654 -8.114180701233071
      vertex 12.9 -1.5645729841183065 -8.064589496401688
    endloop
  endfacet
  facet normal -1 0 0
    outer loop
      vertex 12.9 -1.4540729131499592 -0.7775473415922463
      vertex 12.9 -1.2929048947610036 -8.177118103477467
      vertex 12.9 -1.4259748514523654 -8.114180701233071
    endloop
  endfacet
  facet normal -1 0 0
    outer loop
      vertex 12.9 -1.4540729131499592 -0.7775473415922463
      vertex 12.9 -1.1666446504705967 -8.252795581546183
      vertex 12.9 -1.2929048947610036 -8.177118103477467
    endloop
  endfacet
  facet normal -1 0 0
    outer loop
      vertex 12.9 -1.4540729131499592 -0.7775473415922463
      vertex 12.9 -1.0484100737545319 -8.340484319955895
      vertex 12.9 -1.1666446504705967 -8.252795581546183
    endloop
  endfacet
  facet normal -1 0 0
    outer loop
      vertex 12.9 -0.5362641177949712 0.45997456136923454
      vertex 12.9 -0.9393398282201786 -8.439339828220179
      vertex 12.9 -1.0484100737545319 -8.340484319955895
    endloop
  endfacet
  facet normal -1 0 0
    outer loop
      vertex 12.9 -0.5362641177949712 0.45997456136923454
      vertex 12.9 -0.8404843199558945 -8.548410073754532
      vertex 12.9 -0.9393398282201786 -8.439339828220179
    endloop
  endfacet
  facet normal -1 0 0
    outer loop
      vertex 12.9 -0.5362641177949712 0.45997456136923454
      vertex 12.9 -0.7527955815461822 -8.666644650470596
      vertex 12.9 -0.8404843199558945 -8.548410073754532
    endloop
  endfacet
  facet normal -1 0 0
    outer loop
      vertex 12.9 -0.5362641177949712 0.45997456136923454
      vertex 12.9 -0.61418070123307 -8.925974851452365
      vertex 12.9 -0.6771181034774674 -8.792904894761003
    endloop
  endfacet
  facet normal -1 0 0
    outer loop
      vertex 12.9 -0.5362641177949712 0.45997456136923454
      vertex 12.9 -0.5645894964016867 -9.064572984118307
      vertex 12.9 -0.61418070123307 -8.925974851452365
    endloop
  endfacet
  facet normal -1 0 0
    outer loop
      vertex 12.9 -0.5362641177949712 0.45997456136923454
      vertex 12.9 -0.6771181034774674 -8.792904894761003
      vertex 12.9 -0.7527955815461822 -8.666644650470596
    endloop
  endfacet
  facet normal -1 0 0
    outer loop
      vertex 12.9 0.4984235353712041 1.6015764646287955
      vertex 12.9 -0.5072229099917047 -9.352974289505658
      vertex 12.9 -0.5288220793951544 -9.207364516975808
    endloop
  endfacet
  facet normal -1 0 0
    outer loop
      vertex 12.9 0.4984235353712041 1.6015764646287955
      vertex 12.9 -0.5288220793951544 -9.207364516975808
      vertex 12.9 -0.5645894964016867 -9.064572984118307
    endloop
  endfacet
  facet normal -1 0 0
    outer loop
      vertex 12.9 -2.9049086604272016 -3.4918701118680904
      vertex 12.9 -2.2461638502691734 -2.0990712318318376
      vertex 12.9 -2.5740251485476344 -8.114180701233071
    endloop
  endfacet
  facet normal -1 0 0
    outer loop
      vertex 12.9 -2.2461638502691734 -2.0990712318318376
      vertex 12.9 -1.4540729131499592 -0.7775473415922463
      vertex 12.9 -1.8529742895056591 -8.007222909991704
    endloop
  endfacet
  facet normal -1 0 0
    outer loop
      vertex 12.9 -1.4540729131499592 -0.7775473415922463
      vertex 12.9 -0.5362641177949712 0.45997456136923454
      vertex 12.9 -1.0484100737545319 -8.340484319955895
    endloop
  endfacet
  facet normal -1 0 0
    outer loop
      vertex 12.9 -0.5362641177949712 0.45997456136923454
      vertex 12.9 0.4984235353712041 1.6015764646287955
      vertex 12.9 -0.5645894964016867 -9.064572984118307
    endloop
  endfacet
  facet normal -1 0 0
    outer loop
      vertex 12.9 0.4984235353712041 1.6015764646287955
      vertex 12.9 -0.5072229099917047 -9.647025710494342
      vertex 12.9 -0.5 -9.5
    endloop
  endfacet
  facet normal -1 0 0
    outer loop
      vertex 12.9 0.4984235353712041 1.6015764646287955
      vertex 12.9 -0.5 -9.5
      vertex 12.9 -0.5072229099917047 -9.352974289505658
    endloop
  endfacet
  facet normal -1 0 0
    outer loop
      vertex 12.9 0.4984235353712041 -20.601576464628796
      vertex 12.9 0.4984235353712041 1.6015764646287955
      vertex 12.9 1.640025438630765 2.636264117794971
    endloop
  endfacet
  facet normal -1 0 0
    outer loop
      vertex 12.9 1.640025438630765 -21.636264117794973
      vertex 12.9 1.640025438630765 2.636264117794971
      vertex 12.9 2.877547341592246 3.554072913149959
    endloop
  endfacet
  facet normal -1 0 0
    outer loop
      vertex 12.9 2.877547341592246 -22.55407291314996
      vertex 12.9 2.877547341592246 3.554072913149959
      vertex 12.9 4 4.226845145749523
    endloop
  endfacet
  facet normal -1 0 0
    outer loop
      vertex 12.9 2.877547341592246 -22.55407291314996
      vertex 12.9 4 4.226845145749523
      vertex 12.9 4.199071231831837 4.346163850269173
    endloop
  endfacet
  facet normal -1 0 0
    outer loop
      vertex 12.9 4.857884165391273 -11.85
      vertex 12.9 5.262689044882464 -4.971165313713138
      vertex 12.9 5.3106272095528 -5.105143508623547
    endloop
  endfacet
  facet normal -1 0 0
    outer loop
      vertex 12.9 4.857884165391273 -11.85
      vertex 12.9 5.3106272095528 -5.105143508623547
      vertex 12.9 5.371466698389052 -5.233777800091864
    endloop
  endfacet
  facet normal -1 0 0
    outer loop
      vertex 12.9 4.857884165391273 -11.85
      vertex 12.9 5.228113875109482 -4.833133498617553
      vertex 12.9 5.262689044882464 -4.971165313713138
    endloop
  endfacet
  facet normal -1 0 0
    outer loop
      vertex 12.9 4.857884165391273 -11.85
      vertex 12.9 5.207234678019481 -4.692377385172031
      vertex 12.9 5.228113875109482 -4.833133498617553
    endloop
  endfacet
  facet normal -1 0 0
    outer loop
      vertex 12.9 4.857884165391273 -11.85
      vertex 12.9 5.200252531694167 -4.550252531694166
      vertex 12.9 5.207234678019481 -4.692377385172031
    endloop
  endfacet
  facet normal -1 0 0
    outer loop
      vertex 12.9 4.857884165391273 -11.85
      vertex 12.9 5.624947698973673 -5.575557364414662
      vertex 12.9 5.7303822696568805 -5.671117689070135
    endloop
  endfacet
  facet normal -1 0 0
    outer loop
      vertex 12.9 4.857884165391273 -11.85
      vertex 12.9 5.444621593855476 -5.35582936957259
      vertex 12.9 5.5293873743181985 -5.470122793731453
    endloop
  endfacet
  facet normal -1 0 0
    outer loop
      vertex 12.9 4.857884165391273 -11.85
      vertex 12.9 5.5293873743181985 -5.470122793731453
      vertex 12.9 5.624947698973673 -5.575557364414662
    endloop
  endfacet
  facet normal -1 0 0
    outer loop
      vertex 12.9 4.857884165391273 -11.85
      vertex 12.9 5.371466698389052 -5.233777800091864
      vertex 12.9 5.444621593855476 -5.35582936957259
    endloop
  endfacet
  facet normal -1 0 0
    outer loop
      vertex 12.9 6.411313480880262 -11.85
      vertex 12.9 6.229339749675196 -5.93781601850587
      vertex 12.9 6.367371564770781 -5.972391188278851
    endloop
  endfacet
  facet normal -1 0 0
    outer loop
      vertex 12.9 6.411313480880262 -11.85
      vertex 12.9 6.367371564770781 -5.972391188278851
      vertex 12.9 6.411313480880262 -5.978909355799279
    endloop
  endfacet
  facet normal -1 0 0
    outer loop
      vertex 12.9 5.96672726329647 -5.829038364999281
      vertex 12.9 6.411313480880262 -11.85
      vertex 12.9 5.844675693815743 -5.755883469532858
    endloop
  endfacet
  facet normal -1 0 0
    outer loop
      vertex 12.9 5.844675693815743 -5.755883469532858
      vertex 12.9 6.411313480880262 -11.85
      vertex 12.9 5.7303822696568805 -5.671117689070135
    endloop
  endfacet
  facet normal -1 0 0
    outer loop
      vertex 12.9 6.411313480880262 -11.85
      vertex 12.9 5.96672726329647 -5.829038364999281
      vertex 12.9 6.095361554764787 -5.889877853835533
    endloop
  endfacet
  facet normal -1 0 0
    outer loop
      vertex 12.9 6.411313480880262 -11.85
      vertex 12.9 6.095361554764787 -5.889877853835533
      vertex 12.9 6.229339749675196 -5.93781601850587
    endloop
  endfacet
  facet normal -1 0 0
    outer loop
      vertex 12.9 2.877547341592246 -22.55407291314996
      vertex 12.9 4.199071231831837 4.346163850269173
      vertex 12.9 5.075650713448118 4.760755068342747
    endloop
  endfacet
  facet normal -1 0 0
    outer loop
      vertex 12.9 5.075650713448118 4.760755068342747
      vertex 12.9 5.200252531694167 -4.550252531694166
      vertex 12.9 4.857884165391273 -11.85
    endloop
  endfacet
  facet normal -1 0 0
    outer loop
      vertex 12.9 5.075650713448118 4.760755068342747
      vertex 12.9 5.207234678019481 -4.408127678216304
      vertex 12.9 5.200252531694167 -4.550252531694166
    endloop
  endfacet
  facet normal -1 0 0
    outer loop
      vertex 12.9 5.075650713448118 4.760755068342747
      vertex 12.9 5.228113875109482 -4.26737156477078
      vertex 12.9 5.207234678019481 -4.408127678216304
    endloop
  endfacet
  facet normal -1 0 0
    outer loop
      vertex 12.9 5.075650713448118 4.760755068342747
      vertex 12.9 5.262689044882464 -4.1293397496751965
      vertex 12.9 5.228113875109482 -4.26737156477078
    endloop
  endfacet
  facet normal -1 0 0
    outer loop
      vertex 12.9 5.075650713448118 4.760755068342747
      vertex 12.9 5.310627209552801 -3.995361554764787
      vertex 12.9 5.262689044882464 -4.1293397496751965
    endloop
  endfacet
  facet normal -1 0 0
    outer loop
      vertex 12.9 5.075650713448118 4.760755068342747
      vertex 12.9 5.371466698389052 -3.866727263296471
      vertex 12.9 5.310627209552801 -3.995361554764787
    endloop
  endfacet
  facet normal -1 0 0
    outer loop
      vertex 12.9 5.075650713448118 4.760755068342747
      vertex 12.9 5.4446215938554765 -3.7446756938157435
      vertex 12.9 5.371466698389052 -3.866727263296471
    endloop
  endfacet
  facet normal -1 0 0
    outer loop
      vertex 12.9 5.4446215938554765 -3.7446756938157435
      vertex 12.9 6.411313480880262 1.5456239781668009
      vertex 12.9 5.529387374318198 -3.630382269656881
    endloop
  endfacet
  facet normal -1 0 0
    outer loop
      vertex 12.9 5.529387374318198 -3.630382269656881
      vertex 12.9 6.411313480880262 1.5456239781668009
      vertex 12.9 5.624947698973673 -3.5249476989736737
    endloop
  endfacet
  facet normal -1 0 0
    outer loop
      vertex 12.9 5.624947698973673 -3.5249476989736737
      vertex 12.9 6.411313480880262 1.5456239781668009
      vertex 12.9 5.7303822696568805 -3.429387374318198
    endloop
  endfacet
  facet normal -1 0 0
    outer loop
      vertex 12.9 5.7303822696568805 -3.429387374318198
      vertex 12.9 6.411313480880262 1.5456239781668009
      vertex 12.9 5.844675693815743 -3.344621593855477
    endloop
  endfacet
  facet normal -1 0 0
    outer loop
      vertex 12.9 5.844675693815743 -3.344621593855477
      vertex 12.9 6.411313480880262 1.5456239781668009
      vertex 12.9 5.9667272632964705 -3.2714666983890526
    endloop
  endfacet
  facet normal -1 0 0
    outer loop
      vertex 12.9 5.9667272632964705 -3.2714666983890526
      vertex 12.9 6.411313480880262 1.5456239781668009
      vertex 12.9 6.095361554764787 -3.2106272095528015
    endloop
  endfacet
  facet normal -1 0 0
    outer loop
      vertex 12.9 6.095361554764787 -3.2106272095528015
      vertex 12.9 6.411313480880262 1.5456239781668009
      vertex 12.9 6.229339749675196 -3.1626890448824643
    endloop
  endfacet
  facet normal -1 0 0
    outer loop
      vertex 12.9 6.229339749675196 -3.1626890448824643
      vertex 12.9 6.411313480880262 1.5456239781668009
      vertex 12.9 6.36737156477078 -3.1281138751094826
    endloop
  endfacet
  facet normal -1 0 0
    outer loop
      vertex 12.9 6.36737156477078 -3.1281138751094826
      vertex 12.9 6.411313480880262 1.5456239781668009
      vertex 12.9 6.411313480880262 -3.1215957075890555
    endloop
  endfacet
  facet normal -1 0 0
    outer loop
      vertex 12.9 11 -9.5
      vertex 12.9 11 6.170523890138319
      vertex 12.9 11.142115834608726 -11.85
    endloop
  endfacet
  facet normal -1 0 0
    outer loop
      vertex 12.9 11 6.170523890138319
      vertex 12.9 11.6 6.199999999999999
      vertex 12.9 11.6 -25.2
    endloop
  endfacet
  facet normal -1 0 0
    outer loop
      vertex 12.9 5.075650713448118 4.760755068342747
      vertex 12.9 6.411313480880262 1.5456239781668009
      vertex 12.9 5.4446215938554765 -3.7446756938157435
    endloop
  endfacet
  facet normal 1.1727380672612984e-18 -0.9987954562051725 0.049067674327417925
    outer loop
      vertex 12.9 -4.1 -9.5
      vertex 16.049999999999997 -4.024400208753491 -7.961130896825899
      vertex 12.9 -4.024400208753491 -7.961130896825899
    endloop
  endfacet
  facet normal -1.1799191887038235e-18 -0.9891765099647811 0.1467304744553615
    outer loop
      vertex 12.9 -4.024400208753491 -7.961130896825899
      vertex 16.049999999999997 -3.7983289023307183 -6.437081944346787
      vertex 12.9 -3.7983289023307183 -6.437081944346787
    endloop
  endfacet
  facet normal -8.680084820039687e-18 -0.9700312531945438 0.24298017990326476
    outer loop
      vertex 12.9 -3.7983289023307183 -6.437081944346787
      vertex 16.049999999999997 -3.423963270995678 -4.942530567104941
      vertex 12.9 -3.423963270995678 -4.942530567104941
    endloop
  endfacet
  facet normal -2.3841912287448763e-18 -0.941544065183021 0.3368898533922195
    outer loop
      vertex 12.9 -3.423963270995678 -4.942530567104941
      vertex 16.049999999999997 -2.9049086604272016 -3.4918701118680904
      vertex 12.9 -2.9049086604272016 -3.4918701118680904
    endloop
  endfacet
  facet normal -4.93728613770367e-19 -0.9039892931234431 0.42755509343028236
    outer loop
      vertex 12.9 -2.9049086604272016 -3.4918701118680904
      vertex 16.049999999999997 -2.2461638502691734 -2.0990712318318376
      vertex 12.9 -2.2461638502691734 -2.0990712318318376
    endloop
  endfacet
  facet normal -9.726569183111832e-18 -0.8577286100002719 0.5141027441932221
    outer loop
      vertex 12.9 -2.2461638502691734 -2.0990712318318376
      vertex 16.049999999999997 -1.4540729131499592 -0.7775473415922463
      vertex 12.9 -1.4540729131499592 -0.7775473415922463
    endloop
  endfacet
  facet normal -1.0086285155191413e-17 -0.8032075314806458 0.5956993044924322
    outer loop
      vertex 12.9 -1.4540729131499592 -0.7775473415922463
      vertex 16.049999999999997 -0.5362641177949712 0.45997456136923454
      vertex 12.9 -0.5362641177949712 0.45997456136923454
    endloop
  endfacet
  facet normal -1.208014931183965e-17 -0.7409511253549584 0.6715589548470191
    outer loop
      vertex 12.9 -0.5362641177949712 0.45997456136923454
      vertex 16.049999999999997 0.4984235353712041 1.6015764646287955
      vertex 12.9 0.4984235353712041 1.6015764646287955
    endloop
  endfacet
  facet normal 0 -0.6715589548470191 0.7409511253549584
    outer loop
      vertex 12.9 0.4984235353712041 1.6015764646287955
      vertex 16.049999999999997 0.4984235353712041 1.6015764646287955
      vertex 12.9 1.640025438630765 2.636264117794971
    endloop
  endfacet
  facet normal 0 -0.5956993044924322 0.8032075314806458
    outer loop
      vertex 12.9 1.640025438630765 2.636264117794971
      vertex 16.049999999999997 1.640025438630765 2.636264117794971
      vertex 12.9 2.877547341592246 3.554072913149959
    endloop
  endfacet
  facet normal 0 -0.5141027441932219 0.8577286100002719
    outer loop
      vertex 12.9 2.877547341592246 3.554072913149959
      vertex 16.049999999999997 2.877547341592246 3.554072913149959
      vertex 12.9 4 4.226845145749523
    endloop
  endfacet
  facet normal -1 0 0
    outer loop
      vertex 12.9 11.6 -25.2
      vertex 12.9 11.857884165391274 -14.45
      vertex 12.9 13.138869103174102 -25.124400208753492
    endloop
  endfacet
  facet normal -1 0 0
    outer loop
      vertex 12.9 13.138869103174102 -25.124400208753492
      vertex 12.9 15.102216216880906 -14.5
      vertex 12.9 14.662918055653213 -24.898328902330718
    endloop
  endfacet
  facet normal -1 0 0
    outer loop
      vertex 12.9 13.138869103174102 -25.124400208753492
      vertex 12.9 11.857884165391274 -14.45
      vertex 12.9 13.411313480880262 -14.5
    endloop
  endfacet
  facet normal -1 0 0
    outer loop
      vertex 12.9 13.138869103174102 -25.124400208753492
      vertex 12.9 13.411313480880262 -14.5
      vertex 12.9 15.102216216880906 -14.5
    endloop
  endfacet
  facet normal -1 0 0
    outer loop
      vertex 12.9 14.662918055653213 -24.898328902330718
      vertex 12.9 15.16218398149413 -14.870660250324804
      vertex 12.9 15.210122146164466 -15.004638445235212
    endloop
  endfacet
  facet normal -1 0 0
    outer loop
      vertex 12.9 14.662918055653213 -24.898328902330718
      vertex 12.9 15.12760881172115 -14.73262843522922
      vertex 12.9 15.16218398149413 -14.870660250324804
    endloop
  endfacet
  facet normal -1 0 0
    outer loop
      vertex 12.9 14.662918055653213 -24.898328902330718
      vertex 12.9 15.524442635585338 -15.475052301026327
      vertex 12.9 15.629877206268546 -15.5706126256818
    endloop
  endfacet
  facet normal -1 0 0
    outer loop
      vertex 12.9 14.662918055653213 -24.898328902330718
      vertex 12.9 15.629877206268546 -15.5706126256818
      vertex 12.9 15.744170630427408 -15.655378406144525
    endloop
  endfacet
  facet normal -1 0 0
    outer loop
      vertex 12.9 14.662918055653213 -24.898328902330718
      vertex 12.9 15.744170630427408 -15.655378406144525
      vertex 12.9 15.866222199908137 -15.728533301610948
    endloop
  endfacet
  facet normal -1 0 0
    outer loop
      vertex 12.9 14.662918055653213 -24.898328902330718
      vertex 12.9 15.866222199908137 -15.728533301610948
      vertex 12.9 15.994856491376453 -15.7893727904472
    endloop
  endfacet
  facet normal -1 0 0
    outer loop
      vertex 12.9 14.662918055653213 -24.898328902330718
      vertex 12.9 15.344116530467142 -15.255324306184256
      vertex 12.9 15.428882310929865 -15.36961773034312
    endloop
  endfacet
  facet normal -1 0 0
    outer loop
      vertex 12.9 14.662918055653213 -24.898328902330718
      vertex 12.9 15.270961635000718 -15.13327273670353
      vertex 12.9 15.344116530467142 -15.255324306184256
    endloop
  endfacet
  facet normal -1 0 0
    outer loop
      vertex 12.9 14.662918055653213 -24.898328902330718
      vertex 12.9 15.210122146164466 -15.004638445235212
      vertex 12.9 15.270961635000718 -15.13327273670353
    endloop
  endfacet
  facet normal -1 0 0
    outer loop
      vertex 12.9 14.662918055653213 -24.898328902330718
      vertex 12.9 15.428882310929865 -15.36961773034312
      vertex 12.9 15.524442635585338 -15.475052301026327
    endloop
  endfacet
  facet normal -1 0 0
    outer loop
      vertex 12.9 14.662918055653213 -24.898328902330718
      vertex 12.9 15.106729614631147 -14.591872321783697
      vertex 12.9 15.12760881172115 -14.73262843522922
    endloop
  endfacet
  facet normal -1 0 0
    outer loop
      vertex 12.9 14.662918055653213 -24.898328902330718
      vertex 12.9 15.102216216880906 -14.5
      vertex 12.9 15.106729614631147 -14.591872321783697
    endloop
  endfacet
  facet normal -1 0 0
    outer loop
      vertex 12.9 14.662918055653213 -24.898328902330718
      vertex 12.9 16.266866501382445 -15.871886124890517
      vertex 12.9 16.15746943289506 -24.52396327099568
    endloop
  endfacet
  facet normal -1 0 0
    outer loop
      vertex 12.9 16.15746943289506 -24.52396327099568
      vertex 12.9 16.691872321783695 -15.89276532198052
      vertex 12.9 17.60812988813191 -24.0049086604272
    endloop
  endfacet
  facet normal -1 0 0
    outer loop
      vertex 12.9 14.662918055653213 -24.898328902330718
      vertex 12.9 16.12883468628686 -15.837310955117536
      vertex 12.9 16.266866501382445 -15.871886124890517
    endloop
  endfacet
  facet normal -1 0 0
    outer loop
      vertex 12.9 14.662918055653213 -24.898328902330718
      vertex 12.9 15.994856491376453 -15.7893727904472
      vertex 12.9 16.12883468628686 -15.837310955117536
    endloop
  endfacet
  facet normal -1 0 0
    outer loop
      vertex 12.9 16.15746943289506 -24.52396327099568
      vertex 12.9 16.266866501382445 -15.871886124890517
      vertex 12.9 16.407622614827968 -15.89276532198052
    endloop
  endfacet
  facet normal -1 0 0
    outer loop
      vertex 12.9 16.15746943289506 -24.52396327099568
      vertex 12.9 16.407622614827968 -15.89276532198052
      vertex 12.9 16.54974746830583 -15.899747468305833
    endloop
  endfacet
  facet normal -1 0 0
    outer loop
      vertex 12.9 16.15746943289506 -24.52396327099568
      vertex 12.9 16.54974746830583 -15.899747468305833
      vertex 12.9 16.691872321783695 -15.89276532198052
    endloop
  endfacet
  facet normal -1 0 0
    outer loop
      vertex 12.9 17.60812988813191 -24.0049086604272
      vertex 12.9 16.691872321783695 -15.89276532198052
      vertex 12.9 16.832628435229218 -15.871886124890517
    endloop
  endfacet
  facet normal -1 0 0
    outer loop
      vertex 12.9 17.60812988813191 -24.0049086604272
      vertex 12.9 16.832628435229218 -15.871886124890517
      vertex 12.9 16.970660250324805 -15.837310955117536
    endloop
  endfacet
  facet normal -1 0 0
    outer loop
      vertex 12.9 17.60812988813191 -24.0049086604272
      vertex 12.9 16.970660250324805 -15.837310955117536
      vertex 12.9 17.104638445235214 -15.7893727904472
    endloop
  endfacet
  facet normal -1 0 0
    outer loop
      vertex 12.9 17.60812988813191 -24.0049086604272
      vertex 12.9 17.104638445235214 -15.7893727904472
      vertex 12.9 17.23327273670353 -15.728533301610948
    endloop
  endfacet
  facet normal -1 0 0
    outer loop
      vertex 12.9 17.60812988813191 -24.0049086604272
      vertex 12.9 17.23327273670353 -15.728533301610948
      vertex 12.9 17.355324306184258 -15.655378406144523
    endloop
  endfacet
  facet normal -1 0 0
    outer loop
      vertex 12.9 17.60812988813191 -24.0049086604272
      vertex 12.9 17.355324306184258 -15.655378406144523
      vertex 12.9 17.469617730343117 -15.570612625681802
    endloop
  endfacet
  facet normal -1 0 0
    outer loop
      vertex 12.9 17.60812988813191 -24.0049086604272
      vertex 12.9 18.142115834608724 -14.45
      vertex 12.9 19.000928768168162 -23.34616385026917
    endloop
  endfacet
  facet normal -1 0 0
    outer loop
      vertex 12.9 17.60812988813191 -24.0049086604272
      vertex 12.9 17.469617730343117 -15.570612625681802
      vertex 12.9 17.575052301026325 -15.475052301026327
    endloop
  endfacet
  facet normal -1 0 0
    outer loop
      vertex 12.9 17.60812988813191 -24.0049086604272
      vertex 12.9 17.575052301026325 -15.475052301026327
      vertex 12.9 17.6706126256818 -15.36961773034312
    endloop
  endfacet
  facet normal -1 0 0
    outer loop
      vertex 12.9 17.60812988813191 -24.0049086604272
      vertex 12.9 17.6706126256818 -15.36961773034312
      vertex 12.9 17.755378406144523 -15.255324306184256
    endloop
  endfacet
  facet normal -1 0 0
    outer loop
      vertex 12.9 17.60812988813191 -24.0049086604272
      vertex 12.9 17.755378406144523 -15.255324306184256
      vertex 12.9 17.828533301610946 -15.133272736703528
    endloop
  endfacet
  facet normal -1 0 0
    outer loop
      vertex 12.9 17.60812988813191 -24.0049086604272
      vertex 12.9 17.828533301610946 -15.133272736703528
      vertex 12.9 17.889372790447197 -15.004638445235212
    endloop
  endfacet
  facet normal -1 0 0
    outer loop
      vertex 12.9 17.60812988813191 -24.0049086604272
      vertex 12.9 17.889372790447197 -15.004638445235212
      vertex 12.9 17.937310955117535 -14.870660250324804
    endloop
  endfacet
  facet normal -1 0 0
    outer loop
      vertex 12.9 17.60812988813191 -24.0049086604272
      vertex 12.9 17.937310955117535 -14.870660250324804
      vertex 12.9 17.971886124890517 -14.73262843522922
    endloop
  endfacet
  facet normal -1 0 0
    outer loop
      vertex 12.9 17.60812988813191 -24.0049086604272
      vertex 12.9 17.971886124890517 -14.73262843522922
      vertex 12.9 17.992765321980517 -14.591872321783697
    endloop
  endfacet
  facet normal -1 0 0
    outer loop
      vertex 12.9 17.60812988813191 -24.0049086604272
      vertex 12.9 17.992765321980517 -14.591872321783697
      vertex 12.9 17.999735062219234 -14.45
    endloop
  endfacet
  facet normal -1 0 0
    outer loop
      vertex 12.9 17.60812988813191 -24.0049086604272
      vertex 12.9 17.999735062219234 -14.45
      vertex 12.9 18.142115834608724 -14.45
    endloop
  endfacet
  facet normal -1 0 0
    outer loop
      vertex 12.9 11.857884165391274 -14.45
      vertex 12.9 13.411313480880262 -14.45
      vertex 12.9 13.411313480880262 -14.5
    endloop
  endfacet
  facet normal -1 0 0
    outer loop
      vertex 12.9 11.6 -25.2
      vertex 12.9 11.6 6.199999999999999
      vertex 12.9 11.857884165391274 -14.45
    endloop
  endfacet
  facet normal -1 0 0
    outer loop
      vertex 12.9 16.588686519119737 -11.85
      vertex 12.9 17.104638445235214 -5.889877853835533
      vertex 12.9 16.859672941788617 -11.85
    endloop
  endfacet
  facet normal -1 0 0
    outer loop
      vertex 12.9 19.000928768168162 -23.34616385026917
      vertex 12.9 18.142115834608724 -14.45
      vertex 12.9 19.000928768168162 4.346163850269173
    endloop
  endfacet
  facet normal -1 0 0
    outer loop
      vertex 12.9 16.859672941788617 -11.85
      vertex 12.9 17.6706126256818 -5.470122793731453
      vertex 12.9 18.142115834608724 -11.85
    endloop
  endfacet
  facet normal -1 0 0
    outer loop
      vertex 12.9 19.000928768168162 -23.34616385026917
      vertex 12.9 20.322452658407755 3.554072913149959
      vertex 12.9 20.322452658407755 -22.55407291314996
    endloop
  endfacet
  facet normal -1 0 0
    outer loop
      vertex 12.9 20.322452658407755 -22.55407291314996
      vertex 12.9 21.559974561369234 2.636264117794971
      vertex 12.9 21.559974561369234 -21.636264117794973
    endloop
  endfacet
  facet normal -1 0 0
    outer loop
      vertex 12.9 21.559974561369234 -21.636264117794973
      vertex 12.9 22.701576464628793 1.6015764646287955
      vertex 12.9 22.701576464628793 -20.601576464628796
    endloop
  endfacet
  facet normal -1 0 0
    outer loop
      vertex 12.9 22.701576464628793 -20.601576464628796
      vertex 12.9 23.73626411779497 0.45997456136923454
      vertex 12.9 23.73626411779497 -19.459974561369236
    endloop
  endfacet
  facet normal -1 0 0
    outer loop
      vertex 12.9 23.73626411779497 -19.459974561369236
      vertex 12.9 24.65407291314996 -0.7775473415922463
      vertex 12.9 24.65407291314996 -18.222452658407754
    endloop
  endfacet
  facet normal -1 0 0
    outer loop
      vertex 12.9 24.65407291314996 -18.222452658407754
      vertex 12.9 25.446163850269173 -2.0990712318318376
      vertex 12.9 25.446163850269173 -16.900928768168164
    endloop
  endfacet
  facet normal -1 0 0
    outer loop
      vertex 12.9 25.446163850269173 -16.900928768168164
      vertex 12.9 26.1049086604272 -3.4918701118680904
      vertex 12.9 26.1049086604272 -15.50812988813191
    endloop
  endfacet
  facet normal -1 0 0
    outer loop
      vertex 12.9 26.1049086604272 -15.50812988813191
      vertex 12.9 26.623963270995677 -4.942530567104941
      vertex 12.9 26.623963270995677 -14.057469432895058
    endloop
  endfacet
  facet normal -1 0 0
    outer loop
      vertex 12.9 26.623963270995677 -14.057469432895058
      vertex 12.9 26.99832890233072 -6.437081944346787
      vertex 12.9 26.99832890233072 -12.562918055653213
    endloop
  endfacet
  facet normal -1 0 0
    outer loop
      vertex 12.9 26.99832890233072 -12.562918055653213
      vertex 12.9 27.22440020875349 -7.961130896825899
      vertex 12.9 27.22440020875349 -11.0388691031741
    endloop
  endfacet
  facet normal -1 0 0
    outer loop
      vertex 12.9 27.22440020875349 -11.0388691031741
      vertex 12.9 27.22440020875349 -7.961130896825899
      vertex 12.9 27.299999999999997 -9.5
    endloop
  endfacet
  facet normal -1 0 0
    outer loop
      vertex 12.9 26.99832890233072 -12.562918055653213
      vertex 12.9 26.99832890233072 -6.437081944346787
      vertex 12.9 27.22440020875349 -7.961130896825899
    endloop
  endfacet
  facet normal 7.813959830724974e-19 0.049067674327416724 -0.9987954562051723
    outer loop
      vertex 12.9 11.6 -25.2
      vertex 12.9 13.138869103174102 -25.124400208753492
      vertex 16.049999999999997 13.138869103174102 -25.124400208753492
    endloop
  endfacet
  facet normal 5.635023402297547e-19 0.14673047445536272 -0.9891765099647809
    outer loop
      vertex 12.9 13.138869103174102 -25.124400208753492
      vertex 12.9 14.662918055653213 -24.898328902330718
      vertex 16.049999999999997 14.662918055653213 -24.898328902330718
    endloop
  endfacet
  facet normal -6.801920186056891e-18 0.2429801799032636 -0.9700312531945441
    outer loop
      vertex 12.9 14.662918055653213 -24.898328902330718
      vertex 12.9 16.15746943289506 -24.52396327099568
      vertex 16.049999999999997 16.15746943289506 -24.52396327099568
    endloop
  endfacet
  facet normal -1.0544171605593747e-18 0.3368898533922207 -0.9415440651830206
    outer loop
      vertex 12.9 16.15746943289506 -24.52396327099568
      vertex 12.9 17.60812988813191 -24.0049086604272
      vertex 16.049999999999997 17.60812988813191 -24.0049086604272
    endloop
  endfacet
  facet normal 6.020863248296375e-18 0.4275550934302833 -0.9039892931234427
    outer loop
      vertex 12.9 17.60812988813191 -24.0049086604272
      vertex 12.9 19.000928768168162 -23.34616385026917
      vertex 16.049999999999997 19.000928768168162 -23.34616385026917
    endloop
  endfacet
  facet normal -2.049936367827497e-17 0.5141027441932208 -0.8577286100002727
    outer loop
      vertex 12.9 19.000928768168162 -23.34616385026917
      vertex 12.9 20.322452658407755 -22.55407291314996
      vertex 16.049999999999997 20.322452658407755 -22.55407291314996
    endloop
  endfacet
  facet normal -2.118766456899739e-17 0.5956993044924319 -0.8032075314806459
    outer loop
      vertex 12.9 20.322452658407755 -22.55407291314996
      vertex 12.9 21.559974561369234 -21.636264117794973
      vertex 16.049999999999997 21.559974561369234 -21.636264117794973
    endloop
  endfacet
  facet normal -1.86997387984274e-17 0.6715589548470202 -0.7409511253549574
    outer loop
      vertex 12.9 21.559974561369234 -21.636264117794973
      vertex 12.9 22.701576464628793 -20.601576464628796
      vertex 16.049999999999997 22.701576464628793 -20.601576464628796
    endloop
  endfacet
  facet normal 0 0.7409511253549574 -0.6715589548470202
    outer loop
      vertex 12.9 22.701576464628793 -20.601576464628796
      vertex 12.9 23.73626411779497 -19.459974561369236
      vertex 16.049999999999997 22.701576464628793 -20.601576464628796
    endloop
  endfacet
  facet normal 0 0.8032075314806457 -0.5956993044924324
    outer loop
      vertex 12.9 23.73626411779497 -19.459974561369236
      vertex 12.9 24.65407291314996 -18.222452658407754
      vertex 16.049999999999997 23.73626411779497 -19.459974561369236
    endloop
  endfacet
  facet normal 0 0.857728610000272 -0.5141027441932217
    outer loop
      vertex 12.9 24.65407291314996 -18.222452658407754
      vertex 12.9 25.446163850269173 -16.900928768168164
      vertex 16.049999999999997 24.65407291314996 -18.222452658407754
    endloop
  endfacet
  facet normal 0 0.9039892931234439 -0.42755509343028103
    outer loop
      vertex 12.9 25.446163850269173 -16.900928768168164
      vertex 12.9 26.1049086604272 -15.50812988813191
      vertex 16.049999999999997 25.446163850269173 -16.900928768168164
    endloop
  endfacet
  facet normal 0 0.9415440651830207 -0.33688985339222033
    outer loop
      vertex 12.9 26.1049086604272 -15.50812988813191
      vertex 12.9 26.623963270995677 -14.057469432895058
      vertex 16.049999999999997 26.1049086604272 -15.50812988813191
    endloop
  endfacet
  facet normal 0 0.9700312531945435 -0.242980179903266
    outer loop
      vertex 12.9 26.623963270995677 -14.057469432895058
      vertex 12.9 26.99832890233072 -12.562918055653213
      vertex 16.049999999999997 26.623963270995677 -14.057469432895058
    endloop
  endfacet
  facet normal 0 0.9891765099647811 -0.14673047445536028
    outer loop
      vertex 12.9 26.99832890233072 -12.562918055653213
      vertex 12.9 27.22440020875349 -11.0388691031741
      vertex 16.049999999999997 26.99832890233072 -12.562918055653213
    endloop
  endfacet
  facet normal 0 0.9987954562051723 -0.04906767432741679
    outer loop
      vertex 12.9 27.22440020875349 -11.0388691031741
      vertex 12.9 27.299999999999997 -9.5
      vertex 16.049999999999997 27.22440020875349 -11.0388691031741
    endloop
  endfacet
  facet normal 0 0.9987954562051725 0.04906767432741677
    outer loop
      vertex 12.9 27.299999999999997 -9.5
      vertex 12.9 27.22440020875349 -7.961130896825899
      vertex 16.049999999999997 27.299999999999997 -9.5
    endloop
  endfacet
  facet normal -1 0 0
    outer loop
      vertex 12.9 11.6 6.199999999999999
      vertex 12.9 11.857884165391274 -11.85
      vertex 12.9 11.857884165391274 -14.45
    endloop
  endfacet
  facet normal -1 0 0
    outer loop
      vertex 12.9 13.138869103174102 6.124400208753491
      vertex 12.9 13.411313480880262 -11.85
      vertex 12.9 11.857884165391274 -11.85
    endloop
  endfacet
  facet normal -1 0 0
    outer loop
      vertex 12.9 16.588686519119737 -11.85
      vertex 12.9 16.588686519119737 -5.998339578794668
      vertex 12.9 16.691872321783695 -5.993270385368852
    endloop
  endfacet
  facet normal -1 0 0
    outer loop
      vertex 12.9 16.588686519119737 -11.85
      vertex 12.9 16.691872321783695 -5.993270385368852
      vertex 12.9 16.832628435229218 -5.972391188278851
    endloop
  endfacet
  facet normal -1 0 0
    outer loop
      vertex 12.9 16.588686519119737 -11.85
      vertex 12.9 16.832628435229218 -5.972391188278851
      vertex 12.9 16.970660250324805 -5.93781601850587
    endloop
  endfacet
  facet normal -1 0 0
    outer loop
      vertex 12.9 16.588686519119737 -11.85
      vertex 12.9 16.970660250324805 -5.93781601850587
      vertex 12.9 17.104638445235214 -5.889877853835533
    endloop
  endfacet
  facet normal -1 0 0
    outer loop
      vertex 12.9 16.859672941788617 -11.85
      vertex 12.9 17.104638445235214 -5.889877853835533
      vertex 12.9 17.23327273670353 -5.829038364999281
    endloop
  endfacet
  facet normal -1 0 0
    outer loop
      vertex 12.9 16.859672941788617 -11.85
      vertex 12.9 17.23327273670353 -5.829038364999281
      vertex 12.9 17.355324306184258 -5.755883469532858
    endloop
  endfacet
  facet normal -1 0 0
    outer loop
      vertex 12.9 16.859672941788617 -11.85
      vertex 12.9 17.355324306184258 -5.755883469532858
      vertex 12.9 17.469617730343117 -5.671117689070135
    endloop
  endfacet
  facet normal -1 0 0
    outer loop
      vertex 12.9 16.859672941788617 -11.85
      vertex 12.9 17.469617730343117 -5.671117689070135
      vertex 12.9 17.575052301026325 -5.575557364414662
    endloop
  endfacet
  facet normal -1 0 0
    outer loop
      vertex 12.9 16.859672941788617 -11.85
      vertex 12.9 17.575052301026325 -5.575557364414662
      vertex 12.9 17.6706126256818 -5.470122793731453
    endloop
  endfacet
  facet normal -1 0 0
    outer loop
      vertex 12.9 18.142115834608724 -11.85
      vertex 12.9 17.6706126256818 -5.470122793731453
      vertex 12.9 17.755378406144523 -5.35582936957259
    endloop
  endfacet
  facet normal -1 0 0
    outer loop
      vertex 12.9 18.142115834608724 -11.85
      vertex 12.9 17.755378406144523 -5.35582936957259
      vertex 12.9 17.828533301610946 -5.233777800091864
    endloop
  endfacet
  facet normal -1 0 0
    outer loop
      vertex 12.9 18.142115834608724 -11.85
      vertex 12.9 17.828533301610946 -5.233777800091864
      vertex 12.9 17.889372790447197 -5.105143508623547
    endloop
  endfacet
  facet normal -1 0 0
    outer loop
      vertex 12.9 18.142115834608724 -11.85
      vertex 12.9 17.889372790447197 -5.105143508623547
      vertex 12.9 17.937310955117535 -4.971165313713138
    endloop
  endfacet
  facet normal -1 0 0
    outer loop
      vertex 12.9 18.142115834608724 -11.85
      vertex 12.9 17.937310955117535 -4.971165313713138
      vertex 12.9 17.971886124890517 -4.833133498617553
    endloop
  endfacet
  facet normal -1 0 0
    outer loop
      vertex 12.9 18.142115834608724 -11.85
      vertex 12.9 17.971886124890517 -4.833133498617553
      vertex 12.9 17.992765321980517 -4.692377385172031
    endloop
  endfacet
  facet normal -1 0 0
    outer loop
      vertex 12.9 19.000928768168162 4.346163850269173
      vertex 12.9 18.142115834608724 -14.45
      vertex 12.9 18.142115834608724 -11.85
    endloop
  endfacet
  facet normal -1 0 0
    outer loop
      vertex 12.9 19.000928768168162 -23.34616385026917
      vertex 12.9 19.000928768168162 4.346163850269173
      vertex 12.9 20.322452658407755 3.554072913149959
    endloop
  endfacet
  facet normal -1 0 0
    outer loop
      vertex 12.9 19 4.346603124897682
      vertex 12.9 18.142115834608724 -11.85
      vertex 12.9 17.992765321980517 -4.692377385172031
    endloop
  endfacet
  facet normal -1 0 0
    outer loop
      vertex 12.9 19 4.346603124897682
      vertex 12.9 17.992765321980517 -4.692377385172031
      vertex 12.9 17.999747468305834 -4.550252531694166
    endloop
  endfacet
  facet normal -1 0 0
    outer loop
      vertex 12.9 19 4.346603124897682
      vertex 12.9 17.999747468305834 -4.550252531694166
      vertex 12.9 17.992765321980517 -4.408127678216304
    endloop
  endfacet
  facet normal -1 0 0
    outer loop
      vertex 12.9 19 4.346603124897682
      vertex 12.9 17.992765321980517 -4.408127678216304
      vertex 12.9 17.971886124890517 -4.26737156477078
    endloop
  endfacet
  facet normal -1 0 0
    outer loop
      vertex 12.9 19 4.346603124897682
      vertex 12.9 17.971886124890517 -4.26737156477078
      vertex 12.9 17.937310955117535 -4.1293397496751965
    endloop
  endfacet
  facet normal -1 0 0
    outer loop
      vertex 12.9 19 4.346603124897682
      vertex 12.9 17.828533301610946 -3.866727263296471
      vertex 12.9 17.755378406144523 -3.7446756938157435
    endloop
  endfacet
  facet normal -1 0 0
    outer loop
      vertex 12.9 19 4.346603124897682
      vertex 12.9 17.6706126256818 -3.630382269656881
      vertex 12.9 17.575052301026325 -3.5249476989736737
    endloop
  endfacet
  facet normal -1 0 0
    outer loop
      vertex 12.9 19 4.346603124897682
      vertex 12.9 17.755378406144523 -3.7446756938157435
      vertex 12.9 17.6706126256818 -3.630382269656881
    endloop
  endfacet
  facet normal -1 0 0
    outer loop
      vertex 12.9 19 4.346603124897682
      vertex 12.9 17.937310955117535 -4.1293397496751965
      vertex 12.9 17.889372790447197 -3.995361554764787
    endloop
  endfacet
  facet normal -1 0 0
    outer loop
      vertex 12.9 19 4.346603124897682
      vertex 12.9 17.889372790447197 -3.995361554764787
      vertex 12.9 17.828533301610946 -3.866727263296471
    endloop
  endfacet
  facet normal -1 0 0
    outer loop
      vertex 12.9 19.000928768168162 4.346163850269173
      vertex 12.9 18.142115834608724 -11.85
      vertex 12.9 19 4.346603124897682
    endloop
  endfacet
  facet normal -1 0 0
    outer loop
      vertex 12.9 11.6 6.199999999999999
      vertex 12.9 13.138869103174102 6.124400208753491
      vertex 12.9 11.857884165391274 -11.85
    endloop
  endfacet
  facet normal -1 0 0
    outer loop
      vertex 12.9 13.138869103174102 6.124400208753491
      vertex 12.9 13.411313480880262 6.083986902937177
      vertex 12.9 13.411313480880262 -11.85
    endloop
  endfacet
  facet normal -1 0 0
    outer loop
      vertex 12.9 16.588686519119737 -3.1021654845936677
      vertex 12.9 16.588686519119737 5.36967133041591
      vertex 12.9 16.691872321783695 -3.1072346780194815
    endloop
  endfacet
  facet normal -1 0 0
    outer loop
      vertex 12.9 16.691872321783695 -3.1072346780194815
      vertex 12.9 16.588686519119737 5.36967133041591
      vertex 12.9 16.832628435229218 -3.1281138751094826
    endloop
  endfacet
  facet normal -1 0 0
    outer loop
      vertex 12.9 16.832628435229218 -3.1281138751094826
      vertex 12.9 16.588686519119737 5.36967133041591
      vertex 12.9 16.970660250324805 -3.1626890448824643
    endloop
  endfacet
  facet normal -1 0 0
    outer loop
      vertex 12.9 16.970660250324805 -3.1626890448824643
      vertex 12.9 16.588686519119737 5.36967133041591
      vertex 12.9 17.104638445235214 -3.2106272095528015
    endloop
  endfacet
  facet normal -1 0 0
    outer loop
      vertex 12.9 17.60812988813191 5.004908660427201
      vertex 12.9 17.355324306184258 -3.344621593855477
      vertex 12.9 17.23327273670353 -3.2714666983890526
    endloop
  endfacet
  facet normal -1 0 0
    outer loop
      vertex 12.9 17.60812988813191 5.004908660427201
      vertex 12.9 17.469617730343117 -3.429387374318198
      vertex 12.9 17.355324306184258 -3.344621593855477
    endloop
  endfacet
  facet normal -1 0 0
    outer loop
      vertex 12.9 17.60812988813191 5.004908660427201
      vertex 12.9 17.23327273670353 -3.2714666983890526
      vertex 12.9 17.104638445235214 -3.2106272095528015
    endloop
  endfacet
  facet normal -1 0 0
    outer loop
      vertex 12.9 17.60812988813191 5.004908660427201
      vertex 12.9 17.104638445235214 -3.2106272095528015
      vertex 12.9 16.588686519119737 5.36967133041591
    endloop
  endfacet
  facet normal -1 0 0
    outer loop
      vertex 12.9 17.60812988813191 5.004908660427201
      vertex 12.9 17.575052301026325 -3.5249476989736737
      vertex 12.9 17.469617730343117 -3.429387374318198
    endloop
  endfacet
  facet normal -1 0 0
    outer loop
      vertex 12.9 17.60812988813191 5.004908660427201
      vertex 12.9 19 4.346603124897682
      vertex 12.9 17.575052301026325 -3.5249476989736737
    endloop
  endfacet
  facet normal -1 0 0
    outer loop
      vertex 12.9 20.322452658407755 -22.55407291314996
      vertex 12.9 20.322452658407755 3.554072913149959
      vertex 12.9 21.559974561369234 2.636264117794971
    endloop
  endfacet
  facet normal -1 0 0
    outer loop
      vertex 12.9 21.559974561369234 -21.636264117794973
      vertex 12.9 21.559974561369234 2.636264117794971
      vertex 12.9 22.701576464628793 1.6015764646287955
    endloop
  endfacet
  facet normal -1 0 0
    outer loop
      vertex 12.9 22.701576464628793 -20.601576464628796
      vertex 12.9 22.701576464628793 1.6015764646287955
      vertex 12.9 23.73626411779497 0.45997456136923454
    endloop
  endfacet
  facet normal -1 0 0
    outer loop
      vertex 12.9 24.65407291314996 -18.222452658407754
      vertex 12.9 24.65407291314996 -0.7775473415922463
      vertex 12.9 25.446163850269173 -2.0990712318318376
    endloop
  endfacet
  facet normal -1 0 0
    outer loop
      vertex 12.9 23.73626411779497 -19.459974561369236
      vertex 12.9 23.73626411779497 0.45997456136923454
      vertex 12.9 24.65407291314996 -0.7775473415922463
    endloop
  endfacet
  facet normal -1 0 0
    outer loop
      vertex 12.9 26.1049086604272 -15.50812988813191
      vertex 12.9 26.1049086604272 -3.4918701118680904
      vertex 12.9 26.623963270995677 -4.942530567104941
    endloop
  endfacet
  facet normal -1 0 0
    outer loop
      vertex 12.9 25.446163850269173 -16.900928768168164
      vertex 12.9 25.446163850269173 -2.0990712318318376
      vertex 12.9 26.1049086604272 -3.4918701118680904
    endloop
  endfacet
  facet normal -1 0 0
    outer loop
      vertex 12.9 26.623963270995677 -14.057469432895058
      vertex 12.9 26.623963270995677 -4.942530567104941
      vertex 12.9 26.99832890233072 -6.437081944346787
    endloop
  endfacet
  facet normal 0 0.5141027441932216 0.8577286100002722
    outer loop
      vertex 12.9 19.000928768168162 4.346163850269173
      vertex 16.049999999999997 19.000928768168162 4.346163850269173
      vertex 12.9 20.322452658407755 3.554072913149959
    endloop
  endfacet
  facet normal -6.412541336097761e-21 0.4275550934299711 0.9039892931235904
    outer loop
      vertex 12.9 19.000928768168162 4.346163850269173
      vertex 12.9 19 4.346603124897682
      vertex 16.049999999999997 19 4.346603124897682
    endloop
  endfacet
  facet normal 0 0.9891765099647811 0.14673047445536036
    outer loop
      vertex 12.9 27.22440020875349 -7.961130896825899
      vertex 12.9 26.99832890233072 -6.437081944346787
      vertex 16.049999999999997 27.22440020875349 -7.961130896825899
    endloop
  endfacet
  facet normal 0 0.9700312531945435 0.24298017990326587
    outer loop
      vertex 12.9 26.99832890233072 -6.437081944346787
      vertex 12.9 26.623963270995677 -4.942530567104941
      vertex 16.049999999999997 26.99832890233072 -6.437081944346787
    endloop
  endfacet
  facet normal 0 0.8577286100002723 0.5141027441932212
    outer loop
      vertex 12.9 25.446163850269173 -2.0990712318318376
      vertex 12.9 24.65407291314996 -0.7775473415922463
      vertex 16.049999999999997 25.446163850269173 -2.0990712318318376
    endloop
  endfacet
  facet normal 0 0.9039892931234437 0.4275550934302814
    outer loop
      vertex 12.9 26.1049086604272 -3.4918701118680904
      vertex 12.9 25.446163850269173 -2.0990712318318376
      vertex 16.049999999999997 26.1049086604272 -3.4918701118680904
    endloop
  endfacet
  facet normal 0 0.9415440651830206 0.3368898533922205
    outer loop
      vertex 12.9 26.623963270995677 -4.942530567104941
      vertex 12.9 26.1049086604272 -3.4918701118680904
      vertex 16.049999999999997 26.623963270995677 -4.942530567104941
    endloop
  endfacet
  facet normal -1.9996627467584253e-17 0.5956993044924326 0.8032075314806454
    outer loop
      vertex 12.9 21.559974561369234 2.636264117794971
      vertex 12.9 20.322452658407755 3.554072913149959
      vertex 16.049999999999997 20.322452658407755 3.554072913149959
    endloop
  endfacet
  facet normal 0 0.6715589548470197 0.7409511253549579
    outer loop
      vertex 12.9 21.559974561369234 2.636264117794971
      vertex 16.049999999999997 21.559974561369234 2.636264117794971
      vertex 12.9 22.701576464628793 1.6015764646287955
    endloop
  endfacet
  facet normal 1.4653410123484102e-17 0.8032075314806453 0.5956993044924329
    outer loop
      vertex 12.9 23.73626411779497 0.45997456136923454
      vertex 16.049999999999997 24.65407291314996 -0.7775473415922463
      vertex 12.9 24.65407291314996 -0.7775473415922463
    endloop
  endfacet
  facet normal 6.003664519017498e-18 0.740951125354958 0.6715589548470198
    outer loop
      vertex 12.9 22.701576464628793 1.6015764646287955
      vertex 16.049999999999997 23.73626411779497 0.45997456136923454
      vertex 12.9 23.73626411779497 0.45997456136923454
    endloop
  endfacet
  facet normal 0 -0.8577286100002716 -0.5141027441932225
    outer loop
      vertex 12.9 -1.4540729131499592 -18.222452658407754
      vertex 16.049999999999997 -1.4540729131499592 -18.222452658407754
      vertex 16.049999999999997 -2.2461638502691734 -16.900928768168164
    endloop
  endfacet
  facet normal 0 -0.8032075314806462 -0.5956993044924316
    outer loop
      vertex 12.9 -0.5362641177949712 -19.459974561369236
      vertex 16.049999999999997 -0.5362641177949712 -19.459974561369236
      vertex 16.049999999999997 -1.4540729131499592 -18.222452658407754
    endloop
  endfacet
  facet normal 0 -0.5956993044924314 -0.8032075314806463
    outer loop
      vertex 12.9 1.640025438630765 -21.636264117794973
      vertex 16.049999999999997 2.877547341592246 -22.55407291314996
      vertex 16.049999999999997 1.640025438630765 -21.636264117794973
    endloop
  endfacet
  facet normal 0 -0.5141027441932212 -0.8577286100002723
    outer loop
      vertex 12.9 2.877547341592246 -22.55407291314996
      vertex 16.049999999999997 4.199071231831837 -23.34616385026917
      vertex 16.049999999999997 2.877547341592246 -22.55407291314996
    endloop
  endfacet
  facet normal 0 -0.7409511253549579 -0.6715589548470197
    outer loop
      vertex 12.9 0.4984235353712041 -20.601576464628796
      vertex 16.049999999999997 0.4984235353712041 -20.601576464628796
      vertex 16.049999999999997 -0.5362641177949712 -19.459974561369236
    endloop
  endfacet
  facet normal 0 -0.6715589548470198 -0.740951125354958
    outer loop
      vertex 12.9 0.4984235353712041 -20.601576464628796
      vertex 16.049999999999997 1.640025438630765 -21.636264117794973
      vertex 16.049999999999997 0.4984235353712041 -20.601576464628796
    endloop
  endfacet
  facet normal 0 -0.9039892931234434 -0.427555093430282
    outer loop
      vertex 12.9 -2.2461638502691734 -16.900928768168164
      vertex 16.049999999999997 -2.2461638502691734 -16.900928768168164
      vertex 16.049999999999997 -2.9049086604272016 -15.50812988813191
    endloop
  endfacet
  facet normal 0 -0.9700312531945436 -0.2429801799032649
    outer loop
      vertex 12.9 -3.423963270995678 -14.057469432895058
      vertex 16.049999999999997 -3.423963270995678 -14.057469432895058
      vertex 16.049999999999997 -3.7983289023307183 -12.562918055653213
    endloop
  endfacet
  facet normal 0 -0.9415440651830211 -0.3368898533922194
    outer loop
      vertex 12.9 -2.9049086604272016 -15.50812988813191
      vertex 16.049999999999997 -2.9049086604272016 -15.50812988813191
      vertex 16.049999999999997 -3.423963270995678 -14.057469432895058
    endloop
  endfacet
  facet normal 0 -0.9891765099647811 -0.14673047445536141
    outer loop
      vertex 12.9 -3.7983289023307183 -12.562918055653213
      vertex 16.049999999999997 -3.7983289023307183 -12.562918055653213
      vertex 16.049999999999997 -4.024400208753491 -11.0388691031741
    endloop
  endfacet
  facet normal 0 -0.9987954562051723 -0.049067674327417946
    outer loop
      vertex 12.9 -4.024400208753491 -11.0388691031741
      vertex 16.049999999999997 -4.024400208753491 -11.0388691031741
      vertex 16.049999999999997 -4.1 -9.5
    endloop
  endfacet
  facet normal 0 -0.9987954562051725 0.049067674327417925
    outer loop
      vertex 12.9 -4.1 -9.5
      vertex 16.049999999999997 -4.1 -9.5
      vertex 16.049999999999997 -4.024400208753491 -7.961130896825899
    endloop
  endfacet
  facet normal 0 -0.4275550934302833 -0.9039892931234427
    outer loop
      vertex 12.9 4.199071231831837 -23.34616385026917
      vertex 16.049999999999997 5.59187011186809 -24.0049086604272
      vertex 16.049999999999997 4.199071231831837 -23.34616385026917
    endloop
  endfacet
  facet normal 0 -0.3368898533922205 -0.9415440651830206
    outer loop
      vertex 12.9 5.59187011186809 -24.0049086604272
      vertex 16.049999999999997 7.042530567104941 -24.52396327099568
      vertex 16.049999999999997 5.59187011186809 -24.0049086604272
    endloop
  endfacet
  facet normal 0 -0.2429801799032637 -0.9700312531945441
    outer loop
      vertex 12.9 7.042530567104941 -24.52396327099568
      vertex 16.049999999999997 8.537081944346786 -24.898328902330718
      vertex 16.049999999999997 7.042530567104941 -24.52396327099568
    endloop
  endfacet
  facet normal 0 -0.14673047445536272 -0.9891765099647809
    outer loop
      vertex 12.9 8.537081944346786 -24.898328902330718
      vertex 16.049999999999997 10.061130896825897 -25.124400208753492
      vertex 16.049999999999997 8.537081944346786 -24.898328902330718
    endloop
  endfacet
  facet normal 0 -0.049067674327416724 -0.9987954562051723
    outer loop
      vertex 12.9 10.061130896825897 -25.124400208753492
      vertex 16.049999999999997 11.6 -25.2
      vertex 16.049999999999997 10.061130896825897 -25.124400208753492
    endloop
  endfacet
  facet normal 1 0 0
    outer loop
      vertex 16.049999999999997 1.640025438630765 -21.636264117794973
      vertex 16.049999999999997 2.877547341592246 -22.55407291314996
      vertex 16.049999999999997 2.2226227450104385 -13.384236838505661
    endloop
  endfacet
  facet normal 1 0 0
    outer loop
      vertex 16.049999999999997 2.877547341592246 -22.55407291314996
      vertex 16.049999999999997 4.199071231831837 -23.34616385026917
      vertex 16.049999999999997 3.7539438983682185 -15.939091834261003
    endloop
  endfacet
  facet normal 1 0 0
    outer loop
      vertex 16.049999999999997 2.877547341592246 -22.55407291314996
      vertex 16.049999999999997 3.1605834351291655 -15.139037865148962
      vertex 16.049999999999997 2.6484991668641964 -14.284676878783877
    endloop
  endfacet
  facet normal 1 0 0
    outer loop
      vertex 16.049999999999997 2.877547341592246 -22.55407291314996
      vertex 16.049999999999997 3.7539438983682185 -15.939091834261003
      vertex 16.049999999999997 3.1605834351291655 -15.139037865148962
    endloop
  endfacet
  facet normal 1 0 0
    outer loop
      vertex 16.049999999999997 -0.5362641177949712 -19.459974561369236
      vertex 16.049999999999997 0.4984235353712041 -20.601576464628796
      vertex 16.049999999999997 -0.5362641177949712 0.45997456136923454
    endloop
  endfacet
  facet normal 1 0 0
    outer loop
      vertex 16.049999999999997 -3.423963270995678 -14.057469432895058
      vertex 16.049999999999997 -3.7983289023307183 -6.437081944346787
      vertex 16.049999999999997 -3.7983289023307183 -12.562918055653213
    endloop
  endfacet
  facet normal 1 0 0
    outer loop
      vertex 16.049999999999997 -2.9049086604272016 -15.50812988813191
      vertex 16.049999999999997 -3.423963270995678 -4.942530567104941
      vertex 16.049999999999997 -3.423963270995678 -14.057469432895058
    endloop
  endfacet
  facet normal 1 0 0
    outer loop
      vertex 16.049999999999997 -2.2461638502691734 -16.900928768168164
      vertex 16.049999999999997 -2.9049086604272016 -3.4918701118680904
      vertex 16.049999999999997 -2.9049086604272016 -15.50812988813191
    endloop
  endfacet
  facet normal 1 0 0
    outer loop
      vertex 16.049999999999997 -3.7983289023307183 -12.562918055653213
      vertex 16.049999999999997 -4.024400208753491 -7.961130896825899
      vertex 16.049999999999997 -4.024400208753491 -11.0388691031741
    endloop
  endfacet
  facet normal 1 0 0
    outer loop
      vertex 16.049999999999997 -4.024400208753491 -11.0388691031741
      vertex 16.049999999999997 -4.024400208753491 -7.961130896825899
      vertex 16.049999999999997 -4.1 -9.5
    endloop
  endfacet
  facet normal 1 0 0
    outer loop
      vertex 16.049999999999997 -3.7983289023307183 -12.562918055653213
      vertex 16.049999999999997 -3.7983289023307183 -6.437081944346787
      vertex 16.049999999999997 -4.024400208753491 -7.961130896825899
    endloop
  endfacet
  facet normal 1 0 0
    outer loop
      vertex 16.049999999999997 -1.4540729131499592 -18.222452658407754
      vertex 16.049999999999997 -2.2461638502691734 -2.0990712318318376
      vertex 16.049999999999997 -2.2461638502691734 -16.900928768168164
    endloop
  endfacet
  facet normal 1 0 0
    outer loop
      vertex 16.049999999999997 -0.5362641177949712 -19.459974561369236
      vertex 16.049999999999997 -1.4540729131499592 -0.7775473415922463
      vertex 16.049999999999997 -1.4540729131499592 -18.222452658407754
    endloop
  endfacet
  facet normal 1 0 0
    outer loop
      vertex 16.049999999999997 1.640025438630765 -21.636264117794973
      vertex 16.049999999999997 1.8870555923180792 -12.446389474132793
      vertex 16.049999999999997 1.6450294039072109 -11.480166768463702
    endloop
  endfacet
  facet normal 1 0 0
    outer loop
      vertex 16.049999999999997 1.640025438630765 -21.636264117794973
      vertex 16.049999999999997 1.6450294039072109 -11.480166768463702
      vertex 16.049999999999997 1.4988750242772007 -10.49487397434504
    endloop
  endfacet
  facet normal 1 0 0
    outer loop
      vertex 16.049999999999997 1.640025438630765 -21.636264117794973
      vertex 16.049999999999997 0.4984235353712041 1.6015764646287955
      vertex 16.049999999999997 0.4984235353712041 -20.601576464628796
    endloop
  endfacet
  facet normal 1 0 0
    outer loop
      vertex 16.049999999999997 2.877547341592246 -22.55407291314996
      vertex 16.049999999999997 2.6484991668641964 -14.284676878783877
      vertex 16.049999999999997 2.2226227450104385 -13.384236838505661
    endloop
  endfacet
  facet normal 1 0 0
    outer loop
      vertex 16.049999999999997 1.640025438630765 -21.636264117794973
      vertex 16.049999999999997 2.2226227450104385 -13.384236838505661
      vertex 16.049999999999997 1.8870555923180792 -12.446389474132793
    endloop
  endfacet
  facet normal 1 0 0
    outer loop
      vertex 16.049999999999997 1.640025438630765 -21.636264117794973
      vertex 16.049999999999997 1.4988750242772007 -10.49487397434504
      vertex 16.049999999999997 0.4984235353712041 1.6015764646287955
    endloop
  endfacet
  facet normal 1 0 0
    outer loop
      vertex 16.049999999999997 4.199071231831837 -23.34616385026917
      vertex 16.049999999999997 5.59187011186809 -24.0049086604272
      vertex 16.049999999999997 4.422866170956541 -16.67713382904346
    endloop
  endfacet
  facet normal 1 0 0
    outer loop
      vertex 16.049999999999997 5.59187011186809 -24.0049086604272
      vertex 16.049999999999997 7.042530567104941 -24.52396327099568
      vertex 16.049999999999997 5.160908165738998 -17.34605610163178
    endloop
  endfacet
  facet normal 1 0 0
    outer loop
      vertex 16.049999999999997 7.042530567104941 -24.52396327099568
      vertex 16.049999999999997 8.537081944346786 -24.898328902330718
      vertex 16.049999999999997 5.960962134851037 -17.939416564870832
    endloop
  endfacet
  facet normal 1 0 0
    outer loop
      vertex 16.049999999999997 5.59187011186809 -24.0049086604272
      vertex 16.049999999999997 5.160908165738998 -17.34605610163178
      vertex 16.049999999999997 4.422866170956541 -16.67713382904346
    endloop
  endfacet
  facet normal 1 0 0
    outer loop
      vertex 16.049999999999997 4.199071231831837 -23.34616385026917
      vertex 16.049999999999997 4.422866170956541 -16.67713382904346
      vertex 16.049999999999997 3.7539438983682185 -15.939091834261003
    endloop
  endfacet
  facet normal 1 0 0
    outer loop
      vertex 16.049999999999997 7.042530567104941 -24.52396327099568
      vertex 16.049999999999997 5.960962134851037 -17.939416564870832
      vertex 16.049999999999997 5.160908165738998 -17.34605610163178
    endloop
  endfacet
  facet normal 1 0 0
    outer loop
      vertex 16.049999999999997 8.537081944346786 -24.898328902330718
      vertex 16.049999999999997 6.815323121216124 -18.451500833135803
      vertex 16.049999999999997 5.960962134851037 -17.939416564870832
    endloop
  endfacet
  facet normal 1 0 0
    outer loop
      vertex 16.049999999999997 8.537081944346786 -24.898328902330718
      vertex 16.049999999999997 10.061130896825897 -25.124400208753492
      vertex 16.049999999999997 6.815323121216124 -18.451500833135803
    endloop
  endfacet
  facet normal 1 0 0
    outer loop
      vertex 16.049999999999997 10.061130896825897 -25.124400208753492
      vertex 16.049999999999997 11.6 -25.2
      vertex 16.049999999999997 8.653610525867206 -19.21294440768192
    endloop
  endfacet
  facet normal 1 0 0
    outer loop
      vertex 16.049999999999997 11.6 -25.2
      vertex 16.049999999999997 9.619833231536298 -19.45497059609279
      vertex 16.049999999999997 8.653610525867206 -19.21294440768192
    endloop
  endfacet
  facet normal 1 0 0
    outer loop
      vertex 16.049999999999997 11.6 -25.2
      vertex 16.049999999999997 10.60512602565496 -19.601124975722797
      vertex 16.049999999999997 9.619833231536298 -19.45497059609279
    endloop
  endfacet
  facet normal 1 0 0
    outer loop
      vertex 16.049999999999997 11.6 -25.2
      vertex 16.049999999999997 11.6 -19.65
      vertex 16.049999999999997 10.60512602565496 -19.601124975722797
    endloop
  endfacet
  facet normal 1 0 0
    outer loop
      vertex 16.049999999999997 10.061130896825897 -25.124400208753492
      vertex 16.049999999999997 7.715763161494339 -18.87737725498956
      vertex 16.049999999999997 6.815323121216124 -18.451500833135803
    endloop
  endfacet
  facet normal 1 0 0
    outer loop
      vertex 16.049999999999997 10.061130896825897 -25.124400208753492
      vertex 16.049999999999997 8.653610525867206 -19.21294440768192
      vertex 16.049999999999997 7.715763161494339 -18.87737725498956
    endloop
  endfacet
  facet normal 0 -0.9891765099647811 0.1467304744553615
    outer loop
      vertex 12.9 -4.024400208753491 -7.961130896825899
      vertex 16.049999999999997 -4.024400208753491 -7.961130896825899
      vertex 16.049999999999997 -3.7983289023307183 -6.437081944346787
    endloop
  endfacet
  facet normal 0 -0.9700312531945438 0.24298017990326476
    outer loop
      vertex 12.9 -3.7983289023307183 -6.437081944346787
      vertex 16.049999999999997 -3.7983289023307183 -6.437081944346787
      vertex 16.049999999999997 -3.423963270995678 -4.942530567104941
    endloop
  endfacet
  facet normal 0 -0.941544065183021 0.3368898533922195
    outer loop
      vertex 12.9 -3.423963270995678 -4.942530567104941
      vertex 16.049999999999997 -3.423963270995678 -4.942530567104941
      vertex 16.049999999999997 -2.9049086604272016 -3.4918701118680904
    endloop
  endfacet
  facet normal 0 -0.9039892931234431 0.42755509343028236
    outer loop
      vertex 12.9 -2.9049086604272016 -3.4918701118680904
      vertex 16.049999999999997 -2.9049086604272016 -3.4918701118680904
      vertex 16.049999999999997 -2.2461638502691734 -2.0990712318318376
    endloop
  endfacet
  facet normal 0 -0.8577286100002719 0.5141027441932221
    outer loop
      vertex 12.9 -2.2461638502691734 -2.0990712318318376
      vertex 16.049999999999997 -2.2461638502691734 -2.0990712318318376
      vertex 16.049999999999997 -1.4540729131499592 -0.7775473415922463
    endloop
  endfacet
  facet normal 0 -0.8032075314806458 0.5956993044924322
    outer loop
      vertex 12.9 -1.4540729131499592 -0.7775473415922463
      vertex 16.049999999999997 -1.4540729131499592 -0.7775473415922463
      vertex 16.049999999999997 -0.5362641177949712 0.45997456136923454
    endloop
  endfacet
  facet normal 0 -0.7409511253549584 0.6715589548470191
    outer loop
      vertex 12.9 -0.5362641177949712 0.45997456136923454
      vertex 16.049999999999997 -0.5362641177949712 0.45997456136923454
      vertex 16.049999999999997 0.4984235353712041 1.6015764646287955
    endloop
  endfacet
  facet normal 0 -0.6715589548470191 0.7409511253549584
    outer loop
      vertex 12.9 1.640025438630765 2.636264117794971
      vertex 16.049999999999997 0.4984235353712041 1.6015764646287955
      vertex 16.049999999999997 1.640025438630765 2.636264117794971
    endloop
  endfacet
  facet normal 0 -0.5956993044924322 0.8032075314806458
    outer loop
      vertex 12.9 2.877547341592246 3.554072913149959
      vertex 16.049999999999997 1.640025438630765 2.636264117794971
      vertex 16.049999999999997 2.877547341592246 3.554072913149959
    endloop
  endfacet
  facet normal 0 -0.5141027441932219 0.8577286100002719
    outer loop
      vertex 12.9 4 4.226845145749523
      vertex 16.049999999999997 2.877547341592246 3.554072913149959
      vertex 16.049999999999997 4 4.226845145749523
    endloop
  endfacet
  facet normal 1 0 0
    outer loop
      vertex 16.049999999999997 -3.423963270995678 -14.057469432895058
      vertex 16.049999999999997 -3.423963270995678 -4.942530567104941
      vertex 16.049999999999997 -3.7983289023307183 -6.437081944346787
    endloop
  endfacet
  facet normal 1 0 0
    outer loop
      vertex 16.049999999999997 -2.9049086604272016 -15.50812988813191
      vertex 16.049999999999997 -2.9049086604272016 -3.4918701118680904
      vertex 16.049999999999997 -3.423963270995678 -4.942530567104941
    endloop
  endfacet
  facet normal 1 0 0
    outer loop
      vertex 16.049999999999997 -2.2461638502691734 -16.900928768168164
      vertex 16.049999999999997 -2.2461638502691734 -2.0990712318318376
      vertex 16.049999999999997 -2.9049086604272016 -3.4918701118680904
    endloop
  endfacet
  facet normal 1 0 0
    outer loop
      vertex 16.049999999999997 -1.4540729131499592 -18.222452658407754
      vertex 16.049999999999997 -1.4540729131499592 -0.7775473415922463
      vertex 16.049999999999997 -2.2461638502691734 -2.0990712318318376
    endloop
  endfacet
  facet normal 1 0 0
    outer loop
      vertex 16.049999999999997 -0.5362641177949712 -19.459974561369236
      vertex 16.049999999999997 -0.5362641177949712 0.45997456136923454
      vertex 16.049999999999997 -1.4540729131499592 -0.7775473415922463
    endloop
  endfacet
  facet normal 1 0 0
    outer loop
      vertex 16.049999999999997 0.4984235353712041 -20.601576464628796
      vertex 16.049999999999997 0.4984235353712041 1.6015764646287955
      vertex 16.049999999999997 -0.5362641177949712 0.45997456136923454
    endloop
  endfacet
  facet normal 1 0 0
    outer loop
      vertex 16.049999999999997 0.4984235353712041 1.6015764646287955
      vertex 16.049999999999997 1.4988750242772007 -10.49487397434504
      vertex 16.049999999999997 1.4499999999999993 -9.5
    endloop
  endfacet
  facet normal 1 0 0
    outer loop
      vertex 16.049999999999997 0.4984235353712041 1.6015764646287955
      vertex 16.049999999999997 1.4499999999999993 -9.5
      vertex 16.049999999999997 1.4988750242772007 -8.50512602565496
    endloop
  endfacet
  facet normal 1 0 0
    outer loop
      vertex 16.049999999999997 0.4984235353712041 1.6015764646287955
      vertex 16.049999999999997 1.4988750242772007 -8.50512602565496
      vertex 16.049999999999997 1.6450294039072109 -7.519833231536298
    endloop
  endfacet
  facet normal 1 0 0
    outer loop
      vertex 16.049999999999997 1.640025438630765 2.636264117794971
      vertex 16.049999999999997 1.6450294039072109 -7.519833231536298
      vertex 16.049999999999997 1.8870555923180792 -6.553610525867207
    endloop
  endfacet
  facet normal 1 0 0
    outer loop
      vertex 16.049999999999997 0.4984235353712041 1.6015764646287955
      vertex 16.049999999999997 1.6450294039072109 -7.519833231536298
      vertex 16.049999999999997 1.640025438630765 2.636264117794971
    endloop
  endfacet
  facet normal 1 0 0
    outer loop
      vertex 16.049999999999997 1.640025438630765 2.636264117794971
      vertex 16.049999999999997 1.8870555923180792 -6.553610525867207
      vertex 16.049999999999997 2.2226227450104385 -5.615763161494339
    endloop
  endfacet
  facet normal 1 0 0
    outer loop
      vertex 16.049999999999997 1.640025438630765 2.636264117794971
      vertex 16.049999999999997 2.2226227450104385 -5.615763161494339
      vertex 16.049999999999997 2.6484991668641964 -4.715323121216124
    endloop
  endfacet
  facet normal 1 0 0
    outer loop
      vertex 16.049999999999997 1.640025438630765 2.636264117794971
      vertex 16.049999999999997 2.6484991668641964 -4.715323121216124
      vertex 16.049999999999997 3.1605834351291655 -3.8609621348510377
    endloop
  endfacet
  facet normal 1 0 0
    outer loop
      vertex 16.049999999999997 2.877547341592246 3.554072913149959
      vertex 16.049999999999997 3.1605834351291655 -3.8609621348510377
      vertex 16.049999999999997 3.7539438983682185 -3.060908165738998
    endloop
  endfacet
  facet normal 1 0 0
    outer loop
      vertex 16.049999999999997 1.640025438630765 2.636264117794971
      vertex 16.049999999999997 3.1605834351291655 -3.8609621348510377
      vertex 16.049999999999997 2.877547341592246 3.554072913149959
    endloop
  endfacet
  facet normal 1 0 0
    outer loop
      vertex 16.049999999999997 2.877547341592246 3.554072913149959
      vertex 16.049999999999997 3.7539438983682185 -3.060908165738998
      vertex 16.049999999999997 4 -2.789427093096531
    endloop
  endfacet
  facet normal 1 0 0
    outer loop
      vertex 16.049999999999997 2.877547341592246 3.554072913149959
      vertex 16.049999999999997 4 -2.789427093096531
      vertex 16.049999999999997 4 4.226845145749523
    endloop
  endfacet
  facet normal 0 0.049067674327416724 -0.9987954562051723
    outer loop
      vertex 12.9 11.6 -25.2
      vertex 16.049999999999997 13.138869103174102 -25.124400208753492
      vertex 16.049999999999997 11.6 -25.2
    endloop
  endfacet
  facet normal 0 0.14673047445536272 -0.9891765099647809
    outer loop
      vertex 12.9 13.138869103174102 -25.124400208753492
      vertex 16.049999999999997 14.662918055653213 -24.898328902330718
      vertex 16.049999999999997 13.138869103174102 -25.124400208753492
    endloop
  endfacet
  facet normal 0 0.2429801799032636 -0.9700312531945441
    outer loop
      vertex 12.9 14.662918055653213 -24.898328902330718
      vertex 16.049999999999997 16.15746943289506 -24.52396327099568
      vertex 16.049999999999997 14.662918055653213 -24.898328902330718
    endloop
  endfacet
  facet normal 0 0.3368898533922207 -0.9415440651830206
    outer loop
      vertex 12.9 16.15746943289506 -24.52396327099568
      vertex 16.049999999999997 17.60812988813191 -24.0049086604272
      vertex 16.049999999999997 16.15746943289506 -24.52396327099568
    endloop
  endfacet
  facet normal 0 0.4275550934302833 -0.9039892931234427
    outer loop
      vertex 12.9 17.60812988813191 -24.0049086604272
      vertex 16.049999999999997 19.000928768168162 -23.34616385026917
      vertex 16.049999999999997 17.60812988813191 -24.0049086604272
    endloop
  endfacet
  facet normal 0 0.5141027441932208 -0.8577286100002727
    outer loop
      vertex 12.9 19.000928768168162 -23.34616385026917
      vertex 16.049999999999997 20.322452658407755 -22.55407291314996
      vertex 16.049999999999997 19.000928768168162 -23.34616385026917
    endloop
  endfacet
  facet normal 0 0.5956993044924319 -0.8032075314806459
    outer loop
      vertex 12.9 20.322452658407755 -22.55407291314996
      vertex 16.049999999999997 21.559974561369234 -21.636264117794973
      vertex 16.049999999999997 20.322452658407755 -22.55407291314996
    endloop
  endfacet
  facet normal 0 0.6715589548470202 -0.7409511253549574
    outer loop
      vertex 12.9 21.559974561369234 -21.636264117794973
      vertex 16.049999999999997 22.701576464628793 -20.601576464628796
      vertex 16.049999999999997 21.559974561369234 -21.636264117794973
    endloop
  endfacet
  facet normal 0 0.7409511253549574 -0.6715589548470202
    outer loop
      vertex 12.9 23.73626411779497 -19.459974561369236
      vertex 16.049999999999997 23.73626411779497 -19.459974561369236
      vertex 16.049999999999997 22.701576464628793 -20.601576464628796
    endloop
  endfacet
  facet normal 0 0.8032075314806457 -0.5956993044924324
    outer loop
      vertex 12.9 24.65407291314996 -18.222452658407754
      vertex 16.049999999999997 24.65407291314996 -18.222452658407754
      vertex 16.049999999999997 23.73626411779497 -19.459974561369236
    endloop
  endfacet
  facet normal 0 0.857728610000272 -0.5141027441932217
    outer loop
      vertex 12.9 25.446163850269173 -16.900928768168164
      vertex 16.049999999999997 25.446163850269173 -16.900928768168164
      vertex 16.049999999999997 24.65407291314996 -18.222452658407754
    endloop
  endfacet
  facet normal 0 0.9039892931234439 -0.42755509343028103
    outer loop
      vertex 12.9 26.1049086604272 -15.50812988813191
      vertex 16.049999999999997 26.1049086604272 -15.50812988813191
      vertex 16.049999999999997 25.446163850269173 -16.900928768168164
    endloop
  endfacet
  facet normal 0 0.9415440651830207 -0.33688985339222033
    outer loop
      vertex 12.9 26.623963270995677 -14.057469432895058
      vertex 16.049999999999997 26.623963270995677 -14.057469432895058
      vertex 16.049999999999997 26.1049086604272 -15.50812988813191
    endloop
  endfacet
  facet normal 0 0.9700312531945435 -0.242980179903266
    outer loop
      vertex 12.9 26.99832890233072 -12.562918055653213
      vertex 16.049999999999997 26.99832890233072 -12.562918055653213
      vertex 16.049999999999997 26.623963270995677 -14.057469432895058
    endloop
  endfacet
  facet normal 0 0.9891765099647811 -0.14673047445536028
    outer loop
      vertex 12.9 27.22440020875349 -11.0388691031741
      vertex 16.049999999999997 27.22440020875349 -11.0388691031741
      vertex 16.049999999999997 26.99832890233072 -12.562918055653213
    endloop
  endfacet
  facet normal 0 0.9987954562051723 -0.04906767432741679
    outer loop
      vertex 12.9 27.299999999999997 -9.5
      vertex 16.049999999999997 27.299999999999997 -9.5
      vertex 16.049999999999997 27.22440020875349 -11.0388691031741
    endloop
  endfacet
  facet normal 1 0 0
    outer loop
      vertex 16.049999999999997 11.6 -25.2
      vertex 16.049999999999997 13.138869103174102 -25.124400208753492
      vertex 16.049999999999997 11.6 -19.65
    endloop
  endfacet
  facet normal 1 0 0
    outer loop
      vertex 16.049999999999997 13.138869103174102 -25.124400208753492
      vertex 16.049999999999997 14.662918055653213 -24.898328902330718
      vertex 16.049999999999997 12.59487397434504 -19.601124975722797
    endloop
  endfacet
  facet normal 1 0 0
    outer loop
      vertex 16.049999999999997 13.138869103174102 -25.124400208753492
      vertex 16.049999999999997 12.59487397434504 -19.601124975722797
      vertex 16.049999999999997 11.6 -19.65
    endloop
  endfacet
  facet normal 1 0 0
    outer loop
      vertex 16.049999999999997 14.662918055653213 -24.898328902330718
      vertex 16.049999999999997 13.580166768463702 -19.45497059609279
      vertex 16.049999999999997 12.59487397434504 -19.601124975722797
    endloop
  endfacet
  facet normal 1 0 0
    outer loop
      vertex 16.049999999999997 14.662918055653213 -24.898328902330718
      vertex 16.049999999999997 16.15746943289506 -24.52396327099568
      vertex 16.049999999999997 13.580166768463702 -19.45497059609279
    endloop
  endfacet
  facet normal 1 0 0
    outer loop
      vertex 16.049999999999997 16.15746943289506 -24.52396327099568
      vertex 16.049999999999997 14.546389474132793 -19.21294440768192
      vertex 16.049999999999997 13.580166768463702 -19.45497059609279
    endloop
  endfacet
  facet normal 1 0 0
    outer loop
      vertex 16.049999999999997 16.15746943289506 -24.52396327099568
      vertex 16.049999999999997 17.60812988813191 -24.0049086604272
      vertex 16.049999999999997 14.546389474132793 -19.21294440768192
    endloop
  endfacet
  facet normal 1 0 0
    outer loop
      vertex 16.049999999999997 17.60812988813191 -24.0049086604272
      vertex 16.049999999999997 19.000928768168162 -23.34616385026917
      vertex 16.049999999999997 15.48423683850566 -18.87737725498956
    endloop
  endfacet
  facet normal 1 0 0
    outer loop
      vertex 16.049999999999997 17.60812988813191 -24.0049086604272
      vertex 16.049999999999997 15.48423683850566 -18.87737725498956
      vertex 16.049999999999997 14.546389474132793 -19.21294440768192
    endloop
  endfacet
  facet normal 1 0 0
    outer loop
      vertex 16.049999999999997 19.000928768168162 -23.34616385026917
      vertex 16.049999999999997 16.384676878783875 -18.451500833135803
      vertex 16.049999999999997 15.48423683850566 -18.87737725498956
    endloop
  endfacet
  facet normal 1 0 0
    outer loop
      vertex 16.049999999999997 19.000928768168162 -23.34616385026917
      vertex 16.049999999999997 17.239037865148962 -17.939416564870832
      vertex 16.049999999999997 16.384676878783875 -18.451500833135803
    endloop
  endfacet
  facet normal 1 0 0
    outer loop
      vertex 16.049999999999997 19.000928768168162 -23.34616385026917
      vertex 16.049999999999997 18.039091834261 -17.34605610163178
      vertex 16.049999999999997 17.239037865148962 -17.939416564870832
    endloop
  endfacet
  facet normal 1 0 0
    outer loop
      vertex 16.049999999999997 19.000928768168162 -23.34616385026917
      vertex 16.049999999999997 20.322452658407755 -22.55407291314996
      vertex 16.049999999999997 18.777133829043457 -16.67713382904346
    endloop
  endfacet
  facet normal 1 0 0
    outer loop
      vertex 16.049999999999997 19.000928768168162 -23.34616385026917
      vertex 16.049999999999997 18.777133829043457 -16.67713382904346
      vertex 16.049999999999997 18.039091834261 -17.34605610163178
    endloop
  endfacet
  facet normal 1 0 0
    outer loop
      vertex 16.049999999999997 20.322452658407755 -22.55407291314996
      vertex 16.049999999999997 21.559974561369234 -21.636264117794973
      vertex 16.049999999999997 20.039416564870834 -15.139037865148962
    endloop
  endfacet
  facet normal 1 0 0
    outer loop
      vertex 16.049999999999997 20.322452658407755 -22.55407291314996
      vertex 16.049999999999997 19.446056101631783 -15.939091834261003
      vertex 16.049999999999997 18.777133829043457 -16.67713382904346
    endloop
  endfacet
  facet normal 1 0 0
    outer loop
      vertex 16.049999999999997 20.322452658407755 -22.55407291314996
      vertex 16.049999999999997 20.039416564870834 -15.139037865148962
      vertex 16.049999999999997 19.446056101631783 -15.939091834261003
    endloop
  endfacet
  facet normal 1 0 0
    outer loop
      vertex 16.049999999999997 21.559974561369234 -21.636264117794973
      vertex 16.049999999999997 22.701576464628793 -20.601576464628796
      vertex 16.049999999999997 21.554970596092787 -11.480166768463702
    endloop
  endfacet
  facet normal 1 0 0
    outer loop
      vertex 16.049999999999997 21.559974561369234 -21.636264117794973
      vertex 16.049999999999997 20.551500833135805 -14.284676878783877
      vertex 16.049999999999997 20.039416564870834 -15.139037865148962
    endloop
  endfacet
  facet normal 1 0 0
    outer loop
      vertex 16.049999999999997 21.559974561369234 -21.636264117794973
      vertex 16.049999999999997 20.977377254989563 -13.384236838505661
      vertex 16.049999999999997 20.551500833135805 -14.284676878783877
    endloop
  endfacet
  facet normal 1 0 0
    outer loop
      vertex 16.049999999999997 21.559974561369234 -21.636264117794973
      vertex 16.049999999999997 21.31294440768192 -12.446389474132793
      vertex 16.049999999999997 20.977377254989563 -13.384236838505661
    endloop
  endfacet
  facet normal 1 0 0
    outer loop
      vertex 16.049999999999997 21.559974561369234 -21.636264117794973
      vertex 16.049999999999997 21.554970596092787 -11.480166768463702
      vertex 16.049999999999997 21.31294440768192 -12.446389474132793
    endloop
  endfacet
  facet normal 1 0 0
    outer loop
      vertex 16.049999999999997 22.701576464628793 -20.601576464628796
      vertex 16.049999999999997 21.7011249757228 -10.49487397434504
      vertex 16.049999999999997 21.554970596092787 -11.480166768463702
    endloop
  endfacet
  facet normal 1 0 0
    outer loop
      vertex 16.049999999999997 22.701576464628793 -20.601576464628796
      vertex 16.049999999999997 21.75 -9.5
      vertex 16.049999999999997 21.7011249757228 -10.49487397434504
    endloop
  endfacet
  facet normal 1 0 0
    outer loop
      vertex 16.049999999999997 22.701576464628793 -20.601576464628796
      vertex 16.049999999999997 21.7011249757228 -8.50512602565496
      vertex 16.049999999999997 21.75 -9.5
    endloop
  endfacet
  facet normal 1 0 0
    outer loop
      vertex 16.049999999999997 22.701576464628793 -20.601576464628796
      vertex 16.049999999999997 23.73626411779497 -19.459974561369236
      vertex 16.049999999999997 22.701576464628793 1.6015764646287955
    endloop
  endfacet
  facet normal 1 0 0
    outer loop
      vertex 16.049999999999997 23.73626411779497 -19.459974561369236
      vertex 16.049999999999997 24.65407291314996 -18.222452658407754
      vertex 16.049999999999997 23.73626411779497 0.45997456136923454
    endloop
  endfacet
  facet normal 1 0 0
    outer loop
      vertex 16.049999999999997 24.65407291314996 -18.222452658407754
      vertex 16.049999999999997 25.446163850269173 -16.900928768168164
      vertex 16.049999999999997 24.65407291314996 -0.7775473415922463
    endloop
  endfacet
  facet normal 1 0 0
    outer loop
      vertex 16.049999999999997 25.446163850269173 -16.900928768168164
      vertex 16.049999999999997 26.1049086604272 -15.50812988813191
      vertex 16.049999999999997 25.446163850269173 -2.0990712318318376
    endloop
  endfacet
  facet normal 1 0 0
    outer loop
      vertex 16.049999999999997 26.1049086604272 -15.50812988813191
      vertex 16.049999999999997 26.623963270995677 -14.057469432895058
      vertex 16.049999999999997 26.1049086604272 -3.4918701118680904
    endloop
  endfacet
  facet normal 1 0 0
    outer loop
      vertex 16.049999999999997 26.623963270995677 -14.057469432895058
      vertex 16.049999999999997 26.99832890233072 -12.562918055653213
      vertex 16.049999999999997 26.623963270995677 -4.942530567104941
    endloop
  endfacet
  facet normal 1 0 0
    outer loop
      vertex 16.049999999999997 26.99832890233072 -12.562918055653213
      vertex 16.049999999999997 27.22440020875349 -11.0388691031741
      vertex 16.049999999999997 26.99832890233072 -6.437081944346787
    endloop
  endfacet
  facet normal 1 0 0
    outer loop
      vertex 16.049999999999997 27.22440020875349 -11.0388691031741
      vertex 16.049999999999997 27.299999999999997 -9.5
      vertex 16.049999999999997 27.22440020875349 -7.961130896825899
    endloop
  endfacet
  facet normal 0 0.4275550934299711 0.9039892931235904
    outer loop
      vertex 12.9 19.000928768168162 4.346163850269173
      vertex 16.049999999999997 19 4.346603124897682
      vertex 16.049999999999997 19.000928768168162 4.346163850269173
    endloop
  endfacet
  facet normal 0 0.9987954562051725 0.04906767432741677
    outer loop
      vertex 12.9 27.22440020875349 -7.961130896825899
      vertex 16.049999999999997 27.22440020875349 -7.961130896825899
      vertex 16.049999999999997 27.299999999999997 -9.5
    endloop
  endfacet
  facet normal 0 0.9891765099647811 0.14673047445536036
    outer loop
      vertex 12.9 26.99832890233072 -6.437081944346787
      vertex 16.049999999999997 26.99832890233072 -6.437081944346787
      vertex 16.049999999999997 27.22440020875349 -7.961130896825899
    endloop
  endfacet
  facet normal 0 0.9700312531945435 0.24298017990326587
    outer loop
      vertex 12.9 26.623963270995677 -4.942530567104941
      vertex 16.049999999999997 26.623963270995677 -4.942530567104941
      vertex 16.049999999999997 26.99832890233072 -6.437081944346787
    endloop
  endfacet
  facet normal 0 0.8577286100002723 0.5141027441932212
    outer loop
      vertex 12.9 24.65407291314996 -0.7775473415922463
      vertex 16.049999999999997 24.65407291314996 -0.7775473415922463
      vertex 16.049999999999997 25.446163850269173 -2.0990712318318376
    endloop
  endfacet
  facet normal 0 0.9415440651830206 0.3368898533922205
    outer loop
      vertex 12.9 26.1049086604272 -3.4918701118680904
      vertex 16.049999999999997 26.1049086604272 -3.4918701118680904
      vertex 16.049999999999997 26.623963270995677 -4.942530567104941
    endloop
  endfacet
  facet normal 0 0.9039892931234437 0.4275550934302814
    outer loop
      vertex 12.9 25.446163850269173 -2.0990712318318376
      vertex 16.049999999999997 25.446163850269173 -2.0990712318318376
      vertex 16.049999999999997 26.1049086604272 -3.4918701118680904
    endloop
  endfacet
  facet normal 0 0.5956993044924326 0.8032075314806454
    outer loop
      vertex 12.9 21.559974561369234 2.636264117794971
      vertex 16.049999999999997 20.322452658407755 3.554072913149959
      vertex 16.049999999999997 21.559974561369234 2.636264117794971
    endloop
  endfacet
  facet normal 0 0.740951125354958 0.6715589548470198
    outer loop
      vertex 12.9 22.701576464628793 1.6015764646287955
      vertex 16.049999999999997 22.701576464628793 1.6015764646287955
      vertex 16.049999999999997 23.73626411779497 0.45997456136923454
    endloop
  endfacet
  facet normal 0 0.6715589548470197 0.7409511253549579
    outer loop
      vertex 12.9 22.701576464628793 1.6015764646287955
      vertex 16.049999999999997 21.559974561369234 2.636264117794971
      vertex 16.049999999999997 22.701576464628793 1.6015764646287955
    endloop
  endfacet
  facet normal 0 0.5141027441932216 0.8577286100002722
    outer loop
      vertex 12.9 20.322452658407755 3.554072913149959
      vertex 16.049999999999997 19.000928768168162 4.346163850269173
      vertex 16.049999999999997 20.322452658407755 3.554072913149959
    endloop
  endfacet
  facet normal 0 0.8032075314806453 0.5956993044924329
    outer loop
      vertex 12.9 23.73626411779497 0.45997456136923454
      vertex 16.049999999999997 23.73626411779497 0.45997456136923454
      vertex 16.049999999999997 24.65407291314996 -0.7775473415922463
    endloop
  endfacet
  facet normal 1 0 0
    outer loop
      vertex 16.049999999999997 12.49603172168906 6.155980784219904
      vertex 16.049999999999997 13.393423194814535 6.08664067618808
      vertex 16.049999999999997 13.138869103174102 6.124400208753491
    endloop
  endfacet
  facet normal 1 0 0
    outer loop
      vertex 16.049999999999997 12.49603172168906 6.155980784219904
      vertex 16.049999999999997 13.393423194814535 3.9958313096250135
      vertex 16.049999999999997 13.393423194814535 6.08664067618808
    endloop
  endfacet
  facet normal 1 0 0
    outer loop
      vertex 16.049999999999997 17.239037865148962 -1.0605834351291659
      vertex 16.049999999999997 16.606576805185465 5.363270083705639
      vertex 16.049999999999997 16.606576805185462 -0.6815008643350253
    endloop
  endfacet
  facet normal 1 0 0
    outer loop
      vertex 16.049999999999997 18.039091834261 -1.6539438983682189
      vertex 16.049999999999997 16.606576805185465 5.363270083705639
      vertex 16.049999999999997 17.239037865148962 -1.0605834351291659
    endloop
  endfacet
  facet normal 1 0 0
    outer loop
      vertex 16.049999999999997 16.606576805185465 5.363270083705639
      vertex 16.049999999999997 18.039091834261 -1.6539438983682189
      vertex 16.049999999999997 18.777133829043457 -2.3228661709565417
    endloop
  endfacet
  facet normal 1 0 0
    outer loop
      vertex 16.049999999999997 19 4.346603124897682
      vertex 16.049999999999997 18.777133829043457 -2.3228661709565417
      vertex 16.049999999999997 19.446056101631783 -3.060908165738998
    endloop
  endfacet
  facet normal 1 0 0
    outer loop
      vertex 16.049999999999997 17.60812988813191 5.004908660427201
      vertex 16.049999999999997 16.606576805185465 5.363270083705639
      vertex 16.049999999999997 18.777133829043457 -2.3228661709565417
    endloop
  endfacet
  facet normal 1 0 0
    outer loop
      vertex 16.049999999999997 17.60812988813191 5.004908660427201
      vertex 16.049999999999997 18.777133829043457 -2.3228661709565417
      vertex 16.049999999999997 19 4.346603124897682
    endloop
  endfacet
  facet normal 1 0 0
    outer loop
      vertex 16.049999999999997 19.000928768168162 4.346163850269173
      vertex 16.049999999999997 19 4.346603124897682
      vertex 16.049999999999997 19.446056101631783 -3.060908165738998
    endloop
  endfacet
  facet normal 1 0 0
    outer loop
      vertex 16.049999999999997 22.701576464628793 -20.601576464628796
      vertex 16.049999999999997 21.559974561369234 2.636264117794971
      vertex 16.049999999999997 21.7011249757228 -8.50512602565496
    endloop
  endfacet
  facet normal 1 0 0
    outer loop
      vertex 16.049999999999997 22.701576464628793 -20.601576464628796
      vertex 16.049999999999997 22.701576464628793 1.6015764646287955
      vertex 16.049999999999997 21.559974561369234 2.636264117794971
    endloop
  endfacet
  facet normal 1 0 0
    outer loop
      vertex 16.049999999999997 21.559974561369234 2.636264117794971
      vertex 16.049999999999997 20.977377254989563 -5.615763161494339
      vertex 16.049999999999997 21.31294440768192 -6.553610525867207
    endloop
  endfacet
  facet normal 1 0 0
    outer loop
      vertex 16.049999999999997 20.322452658407755 3.554072913149959
      vertex 16.049999999999997 19.446056101631783 -3.060908165738998
      vertex 16.049999999999997 20.039416564870834 -3.8609621348510377
    endloop
  endfacet
  facet normal 1 0 0
    outer loop
      vertex 16.049999999999997 20.322452658407755 3.554072913149959
      vertex 16.049999999999997 20.039416564870834 -3.8609621348510377
      vertex 16.049999999999997 20.551500833135805 -4.715323121216124
    endloop
  endfacet
  facet normal 1 0 0
    outer loop
      vertex 16.049999999999997 20.322452658407755 3.554072913149959
      vertex 16.049999999999997 20.551500833135805 -4.715323121216124
      vertex 16.049999999999997 20.977377254989563 -5.615763161494339
    endloop
  endfacet
  facet normal 1 0 0
    outer loop
      vertex 16.049999999999997 21.559974561369234 2.636264117794971
      vertex 16.049999999999997 21.554970596092787 -7.519833231536298
      vertex 16.049999999999997 21.7011249757228 -8.50512602565496
    endloop
  endfacet
  facet normal 1 0 0
    outer loop
      vertex 16.049999999999997 21.559974561369234 2.636264117794971
      vertex 16.049999999999997 21.31294440768192 -6.553610525867207
      vertex 16.049999999999997 21.554970596092787 -7.519833231536298
    endloop
  endfacet
  facet normal 1 0 0
    outer loop
      vertex 16.049999999999997 24.65407291314996 -18.222452658407754
      vertex 16.049999999999997 24.65407291314996 -0.7775473415922463
      vertex 16.049999999999997 23.73626411779497 0.45997456136923454
    endloop
  endfacet
  facet normal 1 0 0
    outer loop
      vertex 16.049999999999997 23.73626411779497 -19.459974561369236
      vertex 16.049999999999997 23.73626411779497 0.45997456136923454
      vertex 16.049999999999997 22.701576464628793 1.6015764646287955
    endloop
  endfacet
  facet normal 1 0 0
    outer loop
      vertex 16.049999999999997 25.446163850269173 -16.900928768168164
      vertex 16.049999999999997 25.446163850269173 -2.0990712318318376
      vertex 16.049999999999997 24.65407291314996 -0.7775473415922463
    endloop
  endfacet
  facet normal 1 0 0
    outer loop
      vertex 16.049999999999997 26.1049086604272 -15.50812988813191
      vertex 16.049999999999997 26.1049086604272 -3.4918701118680904
      vertex 16.049999999999997 25.446163850269173 -2.0990712318318376
    endloop
  endfacet
  facet normal 1 0 0
    outer loop
      vertex 16.049999999999997 27.22440020875349 -11.0388691031741
      vertex 16.049999999999997 27.22440020875349 -7.961130896825899
      vertex 16.049999999999997 26.99832890233072 -6.437081944346787
    endloop
  endfacet
  facet normal 1 0 0
    outer loop
      vertex 16.049999999999997 26.99832890233072 -12.562918055653213
      vertex 16.049999999999997 26.99832890233072 -6.437081944346787
      vertex 16.049999999999997 26.623963270995677 -4.942530567104941
    endloop
  endfacet
  facet normal 1 0 0
    outer loop
      vertex 16.049999999999997 26.623963270995677 -14.057469432895058
      vertex 16.049999999999997 26.623963270995677 -4.942530567104941
      vertex 16.049999999999997 26.1049086604272 -3.4918701118680904
    endloop
  endfacet
  facet normal 1 0 0
    outer loop
      vertex 16.049999999999997 21.559974561369234 2.636264117794971
      vertex 16.049999999999997 20.322452658407755 3.554072913149959
      vertex 16.049999999999997 20.977377254989563 -5.615763161494339
    endloop
  endfacet
  facet normal 1 0 0
    outer loop
      vertex 16.049999999999997 19.000928768168162 4.346163850269173
      vertex 16.049999999999997 19.446056101631783 -3.060908165738998
      vertex 16.049999999999997 20.322452658407755 3.554072913149959
    endloop
  endfacet
  facet normal -1.91562965848191e-15 -0.04906767432743159 0.9987954562051717
    outer loop
      vertex 13.006516048667415 16.626798570744754 -5.996467253760079
      vertex 12.9 16.691872321783695 -5.993270385368852
      vertex 12.9 16.588686519119737 -5.998339578794668
    endloop
  endfacet
  facet normal 8.235791213087179e-16 -0.049067674327427105 0.998795456205172
    outer loop
      vertex 13.006516048667415 16.626798570744754 -5.996467253760079
      vertex 13.168346452572582 16.667334976685492 -5.994475827835234
      vertex 12.9 16.691872321783695 -5.993270385368852
    endloop
  endfacet
  facet normal 0 -0.14673047445536025 0.9891765099647812
    outer loop
      vertex 13.334557309201701 16.691872321783695 -5.993270385368852
      vertex 12.9 16.832628435229218 -5.972391188278851
      vertex 12.9 16.691872321783695 -5.993270385368852
    endloop
  endfacet
  facet normal 3.6340457331318855e-16 -0.04906767432743213 0.9987954562051717
    outer loop
      vertex 13.168346452572582 16.667334976685492 -5.994475827835234
      vertex 13.333370861439747 16.691814035342734 -5.993273248798081
      vertex 12.9 16.691872321783695 -5.993270385368852
    endloop
  endfacet
  facet normal -1.403561625805348e-22 -0.0490676743301284 0.9987954562050393
    outer loop
      vertex 13.333370861439747 16.691814035342734 -5.993273248798081
      vertex 13.334557309201701 16.691872321783695 -5.993270385368852
      vertex 12.9 16.691872321783695 -5.993270385368852
    endloop
  endfacet
  facet normal -1.4585326788763303e-15 -0.14673047445536466 0.9891765099647806
    outer loop
      vertex 13.334557309201701 16.691872321783695 -5.993270385368852
      vertex 13.5 16.7 -5.992064758194243
      vertex 12.9 16.832628435229218 -5.972391188278851
    endloop
  endfacet
  facet normal 2.598411638470026e-16 -0.04906767432741443 -0.9987954562051725
    outer loop
      vertex 13.006516048667415 16.626798570744754 -3.104037809628256
      vertex 12.9 16.588686519119737 -3.1021654845936677
      vertex 12.9 16.691872321783695 -3.1072346780194815
    endloop
  endfacet
  facet normal 3.4501198226616767e-16 -0.04906767432741429 -0.9987954562051725
    outer loop
      vertex 13.006516048667415 16.626798570744754 -3.104037809628256
      vertex 12.9 16.691872321783695 -3.1072346780194815
      vertex 13.168346452572582 16.667334976685492 -3.1060292355531005
    endloop
  endfacet
  facet normal 3.660323534712445e-16 -0.04906767432741407 -0.9987954562051725
    outer loop
      vertex 13.168346452572582 16.667334976685492 -3.1060292355531005
      vertex 12.9 16.691872321783695 -3.1072346780194815
      vertex 13.333370861439747 16.691814035342734 -3.1072318145902527
    endloop
  endfacet
  facet normal 1.403561625805348e-22 -0.04906767433012841 -0.9987954562050392
    outer loop
      vertex 13.333370861439747 16.691814035342734 -3.1072318145902527
      vertex 12.9 16.691872321783695 -3.1072346780194815
      vertex 13.334557309201701 16.691872321783695 -3.1072346780194815
    endloop
  endfacet
  facet normal 0 -0.24298017990325602 0.9700312531945461
    outer loop
      vertex 15.649999999999999 16.832628435229218 -5.972391188278851
      vertex 12.9 16.970660250324805 -5.93781601850587
      vertex 12.9 16.832628435229218 -5.972391188278851
    endloop
  endfacet
  facet normal 0 -0.3368898533922232 0.9415440651830196
    outer loop
      vertex 15.649999999999999 16.970660250324805 -5.93781601850587
      vertex 12.9 17.104638445235214 -5.889877853835533
      vertex 12.9 16.970660250324805 -5.93781601850587
    endloop
  endfacet
  facet normal 0 -0.42755509343028886 0.9039892931234401
    outer loop
      vertex 15.649999999999999 17.104638445235214 -5.889877853835533
      vertex 12.9 17.23327273670353 -5.829038364999281
      vertex 12.9 17.104638445235214 -5.889877853835533
    endloop
  endfacet
  facet normal 0 -0.5141027441932126 0.8577286100002776
    outer loop
      vertex 15.649999999999999 17.23327273670353 -5.829038364999281
      vertex 12.9 17.355324306184258 -5.755883469532858
      vertex 12.9 17.23327273670353 -5.829038364999281
    endloop
  endfacet
  facet normal 0 -0.5956993044924496 0.803207531480633
    outer loop
      vertex 15.649999999999999 17.355324306184258 -5.755883469532858
      vertex 12.9 17.469617730343117 -5.671117689070135
      vertex 12.9 17.355324306184258 -5.755883469532858
    endloop
  endfacet
  facet normal 0 -0.6715589548470116 0.7409511253549652
    outer loop
      vertex 15.649999999999999 17.469617730343117 -5.671117689070135
      vertex 12.9 17.575052301026325 -5.575557364414662
      vertex 12.9 17.469617730343117 -5.671117689070135
    endloop
  endfacet
  facet normal 0 -0.7409511253549556 0.6715589548470222
    outer loop
      vertex 15.649999999999999 17.575052301026325 -5.575557364414662
      vertex 12.9 17.6706126256818 -5.470122793731453
      vertex 12.9 17.575052301026325 -5.575557364414662
    endloop
  endfacet
  facet normal 0 -0.8032075314806477 0.5956993044924296
    outer loop
      vertex 15.649999999999999 17.6706126256818 -5.470122793731453
      vertex 12.9 17.755378406144523 -5.35582936957259
      vertex 12.9 17.6706126256818 -5.470122793731453
    endloop
  endfacet
  facet normal 0 -0.8577286100002742 0.514102744193218
    outer loop
      vertex 15.649999999999999 17.755378406144523 -5.35582936957259
      vertex 12.9 17.828533301610946 -5.233777800091864
      vertex 12.9 17.755378406144523 -5.35582936957259
    endloop
  endfacet
  facet normal 0 -0.9039892931234437 0.4275550934302813
    outer loop
      vertex 15.649999999999999 17.828533301610946 -5.233777800091864
      vertex 12.9 17.889372790447197 -5.105143508623547
      vertex 12.9 17.828533301610946 -5.233777800091864
    endloop
  endfacet
  facet normal 0 -0.9415440651830177 0.3368898533922288
    outer loop
      vertex 15.649999999999999 17.889372790447197 -5.105143508623547
      vertex 12.9 17.937310955117535 -4.971165313713138
      vertex 12.9 17.889372790447197 -5.105143508623547
    endloop
  endfacet
  facet normal 0 -0.9700312531945438 0.2429801799032648
    outer loop
      vertex 15.649999999999999 17.937310955117535 -4.971165313713138
      vertex 12.9 17.971886124890517 -4.833133498617553
      vertex 12.9 17.937310955117535 -4.971165313713138
    endloop
  endfacet
  facet normal 0 -0.1467304744553582 0.9891765099647813
    outer loop
      vertex 13.5 16.7 -5.992064758194243
      vertex 15.5 16.7 -5.992064758194243
      vertex 12.9 16.832628435229218 -5.972391188278851
    endloop
  endfacet
  facet normal 0 -0.14673047445536028 -0.9891765099647812
    outer loop
      vertex 15.649999999999999 16.832628435229218 -3.1281138751094826
      vertex 12.9 16.691872321783695 -3.1072346780194815
      vertex 12.9 16.832628435229218 -3.1281138751094826
    endloop
  endfacet
  facet normal 0 -0.24298017990326187 -0.9700312531945445
    outer loop
      vertex 15.649999999999999 16.970660250324805 -3.1626890448824643
      vertex 12.9 16.832628435229218 -3.1281138751094826
      vertex 12.9 16.970660250324805 -3.1626890448824643
    endloop
  endfacet
  facet normal 0 -0.5956993044924415 -0.8032075314806388
    outer loop
      vertex 15.649999999999999 17.469617730343117 -3.429387374318198
      vertex 12.9 17.355324306184258 -3.344621593855477
      vertex 12.9 17.469617730343117 -3.429387374318198
    endloop
  endfacet
  facet normal 0 -0.3368898533922232 -0.9415440651830196
    outer loop
      vertex 15.649999999999999 17.104638445235214 -3.2106272095528015
      vertex 12.9 16.970660250324805 -3.1626890448824643
      vertex 12.9 17.104638445235214 -3.2106272095528015
    endloop
  endfacet
  facet normal 0 -0.42755509343028375 -0.9039892931234426
    outer loop
      vertex 15.649999999999999 17.23327273670353 -3.2714666983890526
      vertex 12.9 17.104638445235214 -3.2106272095528015
      vertex 12.9 17.23327273670353 -3.2714666983890526
    endloop
  endfacet
  facet normal 0 -0.5141027441932171 -0.8577286100002748
    outer loop
      vertex 15.649999999999999 17.355324306184258 -3.344621593855477
      vertex 12.9 17.23327273670353 -3.2714666983890526
      vertex 12.9 17.355324306184258 -3.344621593855477
    endloop
  endfacet
  facet normal 0 -0.970031253194543 -0.24298017990326773
    outer loop
      vertex 15.649999999999999 17.971886124890517 -4.26737156477078
      vertex 12.9 17.937310955117535 -4.1293397496751965
      vertex 12.9 17.971886124890517 -4.26737156477078
    endloop
  endfacet
  facet normal 0 -0.9415440651830184 -0.3368898533922268
    outer loop
      vertex 15.649999999999999 17.937310955117535 -4.1293397496751965
      vertex 12.9 17.889372790447197 -3.995361554764787
      vertex 12.9 17.937310955117535 -4.1293397496751965
    endloop
  endfacet
  facet normal 0 -0.9039892931234426 -0.42755509343028375
    outer loop
      vertex 15.649999999999999 17.889372790447197 -3.995361554764787
      vertex 12.9 17.828533301610946 -3.866727263296471
      vertex 12.9 17.889372790447197 -3.995361554764787
    endloop
  endfacet
  facet normal 0 -0.9891765099647819 0.14673047445535506
    outer loop
      vertex 15.649999999999999 17.971886124890517 -4.833133498617553
      vertex 12.9 17.992765321980517 -4.692377385172031
      vertex 12.9 17.971886124890517 -4.833133498617553
    endloop
  endfacet
  facet normal 0 -0.9987954562051715 0.04906767432743507
    outer loop
      vertex 15.649999999999999 17.992765321980517 -4.692377385172031
      vertex 12.9 17.999747468305834 -4.550252531694166
      vertex 12.9 17.992765321980517 -4.692377385172031
    endloop
  endfacet
  facet normal 0 -0.9987954562051715 -0.04906767432743568
    outer loop
      vertex 15.649999999999999 17.999747468305834 -4.550252531694166
      vertex 12.9 17.992765321980517 -4.408127678216304
      vertex 12.9 17.999747468305834 -4.550252531694166
    endloop
  endfacet
  facet normal 0 -0.9891765099647822 -0.14673047445535325
    outer loop
      vertex 15.649999999999999 17.992765321980517 -4.408127678216304
      vertex 12.9 17.971886124890517 -4.26737156477078
      vertex 12.9 17.992765321980517 -4.408127678216304
    endloop
  endfacet
  facet normal 0 -0.7409511253549499 -0.6715589548470283
    outer loop
      vertex 15.649999999999999 17.6706126256818 -3.630382269656881
      vertex 12.9 17.575052301026325 -3.5249476989736737
      vertex 12.9 17.6706126256818 -3.630382269656881
    endloop
  endfacet
  facet normal 0 -0.8032075314806477 -0.5956993044924296
    outer loop
      vertex 15.649999999999999 17.755378406144523 -3.7446756938157435
      vertex 12.9 17.6706126256818 -3.630382269656881
      vertex 12.9 17.755378406144523 -3.7446756938157435
    endloop
  endfacet
  facet normal 0 -0.6715589548470219 -0.7409511253549559
    outer loop
      vertex 15.649999999999999 17.575052301026325 -3.5249476989736737
      vertex 12.9 17.469617730343117 -3.429387374318198
      vertex 12.9 17.575052301026325 -3.5249476989736737
    endloop
  endfacet
  facet normal 0 -0.857728610000276 -0.5141027441932153
    outer loop
      vertex 15.649999999999999 17.828533301610946 -3.866727263296471
      vertex 12.9 17.755378406144523 -3.7446756938157435
      vertex 12.9 17.828533301610946 -3.866727263296471
    endloop
  endfacet
  facet normal 0 -0.14673047445536025 -0.9891765099647812
    outer loop
      vertex 13.334557309201701 16.691872321783695 -3.1072346780194815
      vertex 12.9 16.691872321783695 -3.1072346780194815
      vertex 15.649999999999999 16.832628435229218 -3.1281138751094826
    endloop
  endfacet
  facet normal 0 -0.04906767433012841 0.9987954562050392
    outer loop
      vertex 13.666629138560253 16.691814035342734 -5.993273248798081
      vertex 15.333370861439747 16.691814035342734 -5.993273248798081
      vertex 13.665442690798299 16.691872321783695 -5.993270385368852
    endloop
  endfacet
  facet normal 0 -0.14673047445539372 0.9891765099647762
    outer loop
      vertex 13.5 16.7 -5.992064758194243
      vertex 13.665442690798299 16.691872321783695 -5.993270385368852
      vertex 15.5 16.7 -5.992064758194243
    endloop
  endfacet
  facet normal 0 -0.049067674327429686 0.9987954562051718
    outer loop
      vertex 13.666629138560253 16.691814035342734 -5.993273248798081
      vertex 13.831653547427418 16.667334976685492 -5.994475827835234
      vertex 15.333370861439747 16.691814035342734 -5.993273248798081
    endloop
  endfacet
  facet normal 0 -0.04906767432742383 0.9987954562051721
    outer loop
      vertex 13.831653547427418 16.667334976685492 -5.994475827835234
      vertex 13.993483951332585 16.626798570744754 -5.996467253760079
      vertex 15.168346452572582 16.667334976685492 -5.994475827835234
    endloop
  endfacet
  facet normal 0 -0.04906767432740996 0.9987954562051728
    outer loop
      vertex 13.993483951332585 16.626798570744754 -5.996467253760079
      vertex 14.150561835020653 16.570595205269186 -5.999228348052335
      vertex 15.006516048667415 16.626798570744754 -5.996467253760079
    endloop
  endfacet
  facet normal 0 -0.04906767432744063 0.9987954562051713
    outer loop
      vertex 14.150561835020653 16.570595205269186 -5.999228348052335
      vertex 14.194640671386566 16.54974746830583 -6.0002525316941675
      vertex 14.849438164979347 16.570595205269186 -5.999228348052335
    endloop
  endfacet
  facet normal 0 0.04906767432741914 0.9987954562051724
    outer loop
      vertex 14.194640671386566 16.54974746830583 -6.0002525316941675
      vertex 14.301374452604197 16.499266149392202 -5.997772543523733
      vertex 14.805359328613433 16.54974746830583 -6.0002525316941675
    endloop
  endfacet
  facet normal 5.085445331350956e-15 -0.14673047445544213 -0.9891765099647689
    outer loop
      vertex 13.334557309201701 16.691872321783695 -3.1072346780194815
      vertex 15.649999999999999 16.832628435229218 -3.1281138751094826
      vertex 13.5 16.7 -3.1084403051940908
    endloop
  endfacet
  facet normal 1.7575624367046727e-20 -0.14673047445534082 -0.989176509964784
    outer loop
      vertex 13.5 16.7 -3.1084403051940908
      vertex 15.334557309201701 16.691872321783695 -3.1072346780194815
      vertex 13.665442690798299 16.691872321783695 -3.1072346780194815
    endloop
  endfacet
  facet normal 3.654200596434565e-23 -0.049067674330128416 -0.9987954562050393
    outer loop
      vertex 13.666629138560253 16.691814035342734 -3.1072318145902527
      vertex 13.665442690798299 16.691872321783695 -3.1072346780194815
      vertex 15.334557309201701 16.691872321783695 -3.1072346780194815
    endloop
  endfacet
  facet normal 1.386424889396654e-19 -0.04906767432742383 -0.9987954562051721
    outer loop
      vertex 13.831653547427418 16.667334976685492 -3.1060292355531005
      vertex 15.006516048667415 16.626798570744754 -3.1040378096282555
      vertex 13.993483951332585 16.626798570744754 -3.1040378096282555
    endloop
  endfacet
  facet normal -9.514640472965454e-17 -0.04906767432741224 -0.9987954562051726
    outer loop
      vertex 13.666629138560253 16.691814035342734 -3.1072318145902527
      vertex 15.334557309201701 16.691872321783695 -3.1072346780194815
      vertex 13.831653547427418 16.667334976685492 -3.1060292355531005
    endloop
  endfacet
  facet normal -8.19408764498841e-20 -0.04906767432740995 -0.9987954562051728
    outer loop
      vertex 13.993483951332585 16.626798570744754 -3.1040378096282555
      vertex 14.849438164979347 16.570595205269186 -3.1012767153359992
      vertex 14.150561835020653 16.570595205269186 -3.1012767153359992
    endloop
  endfacet
  facet normal 2.732176178245228e-18 0.04906767432741515 -0.9987954562051725
    outer loop
      vertex 14.301374452604197 16.499266149392202 -3.1027325198646016
      vertex 14.555530603866677 16.413498340914327 -3.1069460221067504
      vertex 14.444469396133323 16.413498340914327 -3.1069460221067504
    endloop
  endfacet
  facet normal -4.172253730724688e-20 -0.04906767432741941 -0.9987954562051723
    outer loop
      vertex 14.150561835020653 16.570595205269186 -3.1012767153359992
      vertex 14.805359328613433 16.54974746830583 -3.100252531694167
      vertex 14.194640671386566 16.54974746830583 -3.100252531694167
    endloop
  endfacet
  facet normal 1.1161522659709872e-15 0.049067674327421484 -0.9987954562051722
    outer loop
      vertex 14.194640671386566 16.54974746830583 -3.100252531694167
      vertex 14.698625547395803 16.499266149392202 -3.102732519864601
      vertex 14.301374452604197 16.499266149392202 -3.1027325198646016
    endloop
  endfacet
  facet normal 0 0.04906767432737262 0.9987954562051746
    outer loop
      vertex 14.444469396133323 16.413498340914327 -5.993559041281583
      vertex 14.452391895639176 16.40762261482797 -5.993270385368852
      vertex 14.555530603866677 16.413498340914327 -5.993559041281583
    endloop
  endfacet
  facet normal 0 0.04906767432743063 0.9987954562051717
    outer loop
      vertex 14.301374452604197 16.499266149392202 -5.997772543523733
      vertex 14.444469396133323 16.413498340914327 -5.993559041281583
      vertex 14.698625547395803 16.499266149392202 -5.997772543523733
    endloop
  endfacet
  facet normal 0 0.14673047445534132 0.9891765099647839
    outer loop
      vertex 14.452391895639176 16.40762261482797 -5.993270385368852
      vertex 14.5 16.372314038221788 -5.988032852789401
      vertex 14.547608104360824 16.40762261482797 -5.993270385368852
    endloop
  endfacet
  facet normal 0 0.04906767432737262 0.9987954562051746
    outer loop
      vertex 14.452391895639176 16.40762261482797 -5.993270385368852
      vertex 14.547608104360824 16.40762261482797 -5.993270385368852
      vertex 14.555530603866677 16.413498340914327 -5.993559041281583
    endloop
  endfacet
  facet normal 0 0.04906767432743063 0.9987954562051718
    outer loop
      vertex 14.444469396133323 16.413498340914327 -5.993559041281583
      vertex 14.555530603866677 16.413498340914327 -5.993559041281583
      vertex 14.698625547395803 16.499266149392202 -5.997772543523733
    endloop
  endfacet
  facet normal 0 0.04906767432741914 0.9987954562051723
    outer loop
      vertex 14.301374452604197 16.499266149392202 -5.997772543523733
      vertex 14.698625547395803 16.499266149392202 -5.997772543523733
      vertex 14.805359328613433 16.54974746830583 -6.0002525316941675
    endloop
  endfacet
  facet normal 0 -0.04906767432744063 0.9987954562051714
    outer loop
      vertex 14.194640671386566 16.54974746830583 -6.0002525316941675
      vertex 14.805359328613433 16.54974746830583 -6.0002525316941675
      vertex 14.849438164979347 16.570595205269186 -5.999228348052335
    endloop
  endfacet
  facet normal 0 -0.04906767432740995 0.9987954562051728
    outer loop
      vertex 14.150561835020653 16.570595205269186 -5.999228348052335
      vertex 14.849438164979347 16.570595205269186 -5.999228348052335
      vertex 15.006516048667415 16.626798570744754 -5.996467253760079
    endloop
  endfacet
  facet normal 4.623981067828872e-19 -0.1467304744553582 0.9891765099647816
    outer loop
      vertex 15.5 16.7 -5.992064758194243
      vertex 15.649999999999999 16.832628435229218 -5.972391188278851
      vertex 12.9 16.832628435229218 -5.972391188278851
    endloop
  endfacet
  facet normal 0 -0.04906767432742383 0.9987954562051721
    outer loop
      vertex 13.993483951332585 16.626798570744754 -5.996467253760079
      vertex 15.006516048667415 16.626798570744754 -5.996467253760079
      vertex 15.168346452572582 16.667334976685492 -5.994475827835234
    endloop
  endfacet
  facet normal 6.687316508876068e-19 -0.24298017990325602 0.9700312531945461
    outer loop
      vertex 15.649999999999999 16.832628435229218 -5.972391188278851
      vertex 15.649999999999999 16.970660250324805 -5.93781601850587
      vertex 12.9 16.970660250324805 -5.93781601850587
    endloop
  endfacet
  facet normal -6.082105780272526e-19 -0.3368898533922232 0.9415440651830196
    outer loop
      vertex 15.649999999999999 16.970660250324805 -5.93781601850587
      vertex 15.649999999999999 17.104638445235214 -5.889877853835533
      vertex 12.9 17.104638445235214 -5.889877853835533
    endloop
  endfacet
  facet normal -9.049950126528293e-19 -0.42755509343028886 0.9039892931234401
    outer loop
      vertex 15.649999999999999 17.104638445235214 -5.889877853835533
      vertex 15.649999999999999 17.23327273670353 -5.829038364999281
      vertex 12.9 17.23327273670353 -5.829038364999281
    endloop
  endfacet
  facet normal 2.101182599718102e-18 -0.5141027441932126 0.8577286100002776
    outer loop
      vertex 15.649999999999999 17.23327273670353 -5.829038364999281
      vertex 15.649999999999999 17.355324306184258 -5.755883469532858
      vertex 12.9 17.355324306184258 -5.755883469532858
    endloop
  endfacet
  facet normal 3.4034731321900713e-19 -0.5956993044924496 0.803207531480633
    outer loop
      vertex 15.649999999999999 17.355324306184258 -5.755883469532858
      vertex 15.649999999999999 17.469617730343117 -5.671117689070135
      vertex 12.9 17.469617730343117 -5.671117689070135
    endloop
  endfacet
  facet normal 0 -0.04906767432742967 0.9987954562051717
    outer loop
      vertex 13.831653547427418 16.667334976685492 -5.994475827835234
      vertex 15.168346452572582 16.667334976685492 -5.994475827835234
      vertex 15.333370861439747 16.691814035342734 -5.993273248798081
    endloop
  endfacet
  facet normal 0 -0.04906767433012841 0.9987954562050393
    outer loop
      vertex 13.665442690798299 16.691872321783695 -5.993270385368852
      vertex 15.333370861439747 16.691814035342734 -5.993273248798081
      vertex 15.334557309201701 16.691872321783695 -5.993270385368852
    endloop
  endfacet
  facet normal 0 -0.14673047445539372 0.9891765099647764
    outer loop
      vertex 13.665442690798299 16.691872321783695 -5.993270385368852
      vertex 15.334557309201701 16.691872321783695 -5.993270385368852
      vertex 15.5 16.7 -5.992064758194243
    endloop
  endfacet
  facet normal 1.1539661620867148e-18 -0.6715589548470116 0.7409511253549652
    outer loop
      vertex 15.649999999999999 17.469617730343117 -5.671117689070135
      vertex 15.649999999999999 17.575052301026325 -5.575557364414662
      vertex 12.9 17.575052301026325 -5.575557364414662
    endloop
  endfacet
  facet normal 5.195368680211107e-19 -0.7409511253549556 0.6715589548470222
    outer loop
      vertex 15.649999999999999 17.575052301026325 -5.575557364414662
      vertex 15.649999999999999 17.6706126256818 -5.470122793731453
      vertex 12.9 17.6706126256818 -5.470122793731453
    endloop
  endfacet
  facet normal -1.5931248622272942e-18 -0.8032075314806477 0.5956993044924296
    outer loop
      vertex 15.649999999999999 17.6706126256818 -5.470122793731453
      vertex 15.649999999999999 17.755378406144523 -5.35582936957259
      vertex 12.9 17.755378406144523 -5.35582936957259
    endloop
  endfacet
  facet normal -1.9356237455625333e-18 -0.8577286100002742 0.514102744193218
    outer loop
      vertex 15.649999999999999 17.755378406144523 -5.35582936957259
      vertex 15.649999999999999 17.828533301610946 -5.233777800091864
      vertex 12.9 17.828533301610946 -5.233777800091864
    endloop
  endfacet
  facet normal 3.764313943303334e-19 -0.9039892931234437 0.4275550934302813
    outer loop
      vertex 15.649999999999999 17.828533301610946 -5.233777800091864
      vertex 15.649999999999999 17.889372790447197 -5.105143508623547
      vertex 12.9 17.889372790447197 -5.105143508623547
    endloop
  endfacet
  facet normal -1.7893121743715087e-19 -0.9415440651830177 0.3368898533922288
    outer loop
      vertex 15.649999999999999 17.889372790447197 -5.105143508623547
      vertex 15.649999999999999 17.937310955117535 -4.971165313713138
      vertex 12.9 17.937310955117535 -4.971165313713138
    endloop
  endfacet
  facet normal -3.6277392263352616e-19 -0.9700312531945438 0.2429801799032648
    outer loop
      vertex 15.649999999999999 17.937310955117535 -4.971165313713138
      vertex 15.649999999999999 17.971886124890517 -4.833133498617553
      vertex 12.9 17.971886124890517 -4.833133498617553
    endloop
  endfacet
  facet normal 7.15501151030871e-20 0.04906767432741833 -0.9987954562051724
    outer loop
      vertex 14.444469396133323 16.413498340914327 -3.1069460221067504
      vertex 14.54760810436082 16.407622614827968 -3.1072346780194815
      vertex 14.45239189563918 16.407622614827968 -3.1072346780194815
    endloop
  endfacet
  facet normal 0 0.14673047445535572 -0.9891765099647818
    outer loop
      vertex 14.45239189563918 16.407622614827968 -3.1072346780194815
      vertex 14.54760810436082 16.407622614827968 -3.1072346780194815
      vertex 14.5 16.372314038221788 -3.1124722105989324
    endloop
  endfacet
  facet normal 0 0.04906767432741834 -0.9987954562051724
    outer loop
      vertex 14.444469396133323 16.413498340914327 -3.1069460221067504
      vertex 14.555530603866677 16.413498340914327 -3.1069460221067504
      vertex 14.54760810436082 16.407622614827968 -3.1072346780194815
    endloop
  endfacet
  facet normal 1.1165589994929322e-15 0.04906767432741846 -0.9987954562051725
    outer loop
      vertex 14.301374452604197 16.499266149392202 -3.1027325198646016
      vertex 14.698625547395803 16.499266149392202 -3.102732519864601
      vertex 14.555530603866677 16.413498340914327 -3.1069460221067504
    endloop
  endfacet
  facet normal 0 0.04906767432741037 -0.9987954562051728
    outer loop
      vertex 14.194640671386566 16.54974746830583 -3.100252531694167
      vertex 14.805359328613433 16.54974746830583 -3.100252531694167
      vertex 14.698625547395803 16.499266149392202 -3.102732519864601
    endloop
  endfacet
  facet normal 0 -0.0490676743274194 -0.9987954562051724
    outer loop
      vertex 14.150561835020653 16.570595205269186 -3.1012767153359992
      vertex 14.849438164979347 16.570595205269186 -3.1012767153359992
      vertex 14.805359328613433 16.54974746830583 -3.100252531694167
    endloop
  endfacet
  facet normal 0 -0.04906767432740996 -0.9987954562051728
    outer loop
      vertex 13.993483951332585 16.626798570744754 -3.1040378096282555
      vertex 15.006516048667415 16.626798570744754 -3.1040378096282555
      vertex 14.849438164979347 16.570595205269186 -3.1012767153359992
    endloop
  endfacet
  facet normal 0 -0.04906767432742383 -0.9987954562051721
    outer loop
      vertex 13.831653547427418 16.667334976685492 -3.1060292355531005
      vertex 15.168346452572582 16.667334976685492 -3.1060292355531005
      vertex 15.006516048667415 16.626798570744754 -3.1040378096282555
    endloop
  endfacet
  facet normal 0 -0.24298017990326187 -0.9700312531945445
    outer loop
      vertex 15.649999999999999 16.832628435229218 -3.1281138751094826
      vertex 12.9 16.832628435229218 -3.1281138751094826
      vertex 15.649999999999999 16.970660250324805 -3.1626890448824643
    endloop
  endfacet
  facet normal 0 -0.5956993044924415 -0.8032075314806388
    outer loop
      vertex 15.649999999999999 17.355324306184258 -3.344621593855477
      vertex 12.9 17.355324306184258 -3.344621593855477
      vertex 15.649999999999999 17.469617730343117 -3.429387374318198
    endloop
  endfacet
  facet normal 0 -0.3368898533922232 -0.9415440651830196
    outer loop
      vertex 15.649999999999999 16.970660250324805 -3.1626890448824643
      vertex 12.9 16.970660250324805 -3.1626890448824643
      vertex 15.649999999999999 17.104638445235214 -3.2106272095528015
    endloop
  endfacet
  facet normal 0 -0.42755509343028375 -0.9039892931234426
    outer loop
      vertex 15.649999999999999 17.104638445235214 -3.2106272095528015
      vertex 12.9 17.104638445235214 -3.2106272095528015
      vertex 15.649999999999999 17.23327273670353 -3.2714666983890526
    endloop
  endfacet
  facet normal 0 -0.5141027441932171 -0.8577286100002748
    outer loop
      vertex 15.649999999999999 17.23327273670353 -3.2714666983890526
      vertex 12.9 17.23327273670353 -3.2714666983890526
      vertex 15.649999999999999 17.355324306184258 -3.344621593855477
    endloop
  endfacet
  facet normal 0 -0.049067674327411596 -0.9987954562051726
    outer loop
      vertex 13.831653547427418 16.667334976685492 -3.1060292355531005
      vertex 15.333370861439747 16.691814035342734 -3.1072318145902527
      vertex 15.168346452572582 16.667334976685492 -3.1060292355531005
    endloop
  endfacet
  facet normal 0 -0.14673047445534085 -0.9891765099647842
    outer loop
      vertex 13.5 16.7 -3.1084403051940908
      vertex 15.5 16.7 -3.1084403051940908
      vertex 15.334557309201701 16.691872321783695 -3.1072346780194815
    endloop
  endfacet
  facet normal 6.645243005479956e-14 -0.04906767433147447 -0.9987954562049731
    outer loop
      vertex 13.831653547427418 16.667334976685492 -3.1060292355531005
      vertex 15.334557309201701 16.691872321783695 -3.1072346780194815
      vertex 15.333370861439747 16.691814035342734 -3.1072318145902527
    endloop
  endfacet
  facet normal -5.848317901037707e-20 -0.970031253194543 -0.24298017990326773
    outer loop
      vertex 15.649999999999999 17.971886124890517 -4.26737156477078
      vertex 15.649999999999999 17.937310955117535 -4.1293397496751965
      vertex 12.9 17.937310955117535 -4.1293397496751965
    endloop
  endfacet
  facet normal 2.8772278344544826e-19 -0.9039892931234426 -0.42755509343028375
    outer loop
      vertex 15.649999999999999 17.889372790447197 -3.995361554764787
      vertex 15.649999999999999 17.828533301610946 -3.866727263296471
      vertex 12.9 17.828533301610946 -3.866727263296471
    endloop
  endfacet
  facet normal -1.7632260118698378e-20 -0.9415440651830184 -0.3368898533922268
    outer loop
      vertex 15.649999999999999 17.937310955117535 -4.1293397496751965
      vertex 15.649999999999999 17.889372790447197 -3.995361554764787
      vertex 12.9 17.889372790447197 -3.995361554764787
    endloop
  endfacet
  facet normal 3.427198691668378e-19 -0.9891765099647819 0.14673047445535506
    outer loop
      vertex 15.649999999999999 17.971886124890517 -4.833133498617553
      vertex 15.649999999999999 17.992765321980517 -4.692377385172031
      vertex 12.9 17.992765321980517 -4.692377385172031
    endloop
  endfacet
  facet normal 1.1980277266946303e-19 -0.9987954562051715 0.04906767432743507
    outer loop
      vertex 15.649999999999999 17.992765321980517 -4.692377385172031
      vertex 15.649999999999999 17.999747468305834 -4.550252531694166
      vertex 12.9 17.999747468305834 -4.550252531694166
    endloop
  endfacet
  facet normal -1.0226996362301917e-20 -0.9987954562051715 -0.04906767432743568
    outer loop
      vertex 15.649999999999999 17.999747468305834 -4.550252531694166
      vertex 15.649999999999999 17.992765321980517 -4.408127678216304
      vertex 12.9 17.992765321980517 -4.408127678216304
    endloop
  endfacet
  facet normal 1.87927663441846e-19 -0.9891765099647822 -0.14673047445535325
    outer loop
      vertex 15.649999999999999 17.992765321980517 -4.408127678216304
      vertex 15.649999999999999 17.971886124890517 -4.26737156477078
      vertex 12.9 17.971886124890517 -4.26737156477078
    endloop
  endfacet
  facet normal 1.5931248622272942e-18 -0.8032075314806477 -0.5956993044924296
    outer loop
      vertex 15.649999999999999 17.755378406144523 -3.7446756938157435
      vertex 15.649999999999999 17.6706126256818 -3.630382269656881
      vertex 12.9 17.6706126256818 -3.630382269656881
    endloop
  endfacet
  facet normal -9.212327787471643e-19 -0.6715589548470219 -0.7409511253549559
    outer loop
      vertex 15.649999999999999 17.575052301026325 -3.5249476989736737
      vertex 15.649999999999999 17.469617730343117 -3.429387374318198
      vertex 12.9 17.469617730343117 -3.429387374318198
    endloop
  endfacet
  facet normal 0 -0.7409511253549499 -0.6715589548470283
    outer loop
      vertex 15.649999999999999 17.575052301026325 -3.5249476989736737
      vertex 12.9 17.575052301026325 -3.5249476989736737
      vertex 15.649999999999999 17.6706126256818 -3.630382269656881
    endloop
  endfacet
  facet normal 0 -0.857728610000276 -0.5141027441932153
    outer loop
      vertex 15.649999999999999 17.755378406144523 -3.7446756938157435
      vertex 12.9 17.755378406144523 -3.7446756938157435
      vertex 15.649999999999999 17.828533301610946 -3.866727263296471
    endloop
  endfacet
  facet normal 0 -0.14673047445536144 -0.9891765099647809
    outer loop
      vertex 13.5 16.7 -3.1084403051940908
      vertex 15.649999999999999 16.832628435229218 -3.1281138751094826
      vertex 15.5 16.7 -3.1084403051940908
    endloop
  endfacet
  facet normal 4.476353537243088e-15 -0.14673047445536316 0.9891765099647808
    outer loop
      vertex 15.5 16.7 -5.992064758194243
      vertex 15.649999999999999 16.69263097253458 -5.993157850160523
      vertex 15.649999999999999 16.832628435229218 -5.972391188278851
    endloop
  endfacet
  facet normal -1.2268846773810535e-15 -0.1467304744553601 -0.9891765099647812
    outer loop
      vertex 15.5 16.7 -3.1084403051940908
      vertex 15.649999999999999 16.832628435229218 -3.1281138751094826
      vertex 15.649999999999999 16.69263097253458 -3.107347213227811
    endloop
  endfacet
  facet normal 0 0.9987954562051717 0.049067674327430165
    outer loop
      vertex 14.150561835020653 15.102216216880906 -14.5
      vertex 12.9 15.106729614631147 -14.591872321783697
      vertex 12.9 15.102216216880906 -14.5
    endloop
  endfacet
  facet normal 0 0.9039892931234399 0.4275550934302891
    outer loop
      vertex 15.649999999999999 15.210122146164466 -15.004638445235212
      vertex 12.9 15.270961635000718 -15.13327273670353
      vertex 12.9 15.210122146164466 -15.004638445235212
    endloop
  endfacet
  facet normal 0 0.8032075314806417 0.5956993044924376
    outer loop
      vertex 15.649999999999999 15.344116530467142 -15.255324306184256
      vertex 12.9 15.428882310929865 -15.36961773034312
      vertex 12.9 15.344116530467142 -15.255324306184256
    endloop
  endfacet
  facet normal 0 0.7409511253549652 0.6715589548470116
    outer loop
      vertex 15.649999999999999 15.428882310929865 -15.36961773034312
      vertex 12.9 15.524442635585338 -15.475052301026327
      vertex 12.9 15.428882310929865 -15.36961773034312
    endloop
  endfacet
  facet normal 0 0.8577286100002742 0.514102744193218
    outer loop
      vertex 15.649999999999999 15.270961635000718 -15.13327273670353
      vertex 12.9 15.344116530467142 -15.255324306184256
      vertex 12.9 15.270961635000718 -15.13327273670353
    endloop
  endfacet
  facet normal 0 0.9987954562051717 0.049067674327430165
    outer loop
      vertex 14.150561835020653 15.102216216880906 -14.5
      vertex 14.158065158802863 15.102216216880906 -14.5
      vertex 12.9 15.106729614631147 -14.591872321783697
    endloop
  endfacet
  facet normal 0 0.9987954562051718 0.04906767432743016
    outer loop
      vertex 14.158065158802863 15.102216216880906 -14.5
      vertex 14.372714646662102 15.102216216880906 -14.5
      vertex 12.9 15.106729614631147 -14.591872321783697
    endloop
  endfacet
  facet normal 0 0.9700312531945459 0.24298017990325596
    outer loop
      vertex 15.649999999999999 15.12760881172115 -14.73262843522922
      vertex 12.9 15.16218398149413 -14.870660250324804
      vertex 12.9 15.12760881172115 -14.73262843522922
    endloop
  endfacet
  facet normal 0 0.9415440651830216 0.3368898533922177
    outer loop
      vertex 15.649999999999999 15.16218398149413 -14.870660250324804
      vertex 12.9 15.210122146164466 -15.004638445235212
      vertex 12.9 15.16218398149413 -14.870660250324804
    endloop
  endfacet
  facet normal 0 0.9891765099647803 0.14673047445536638
    outer loop
      vertex 15.649999999999999 15.106729614631147 -14.591872321783697
      vertex 12.9 15.12760881172115 -14.73262843522922
      vertex 12.9 15.106729614631147 -14.591872321783697
    endloop
  endfacet
  facet normal -2.418642872063736e-13 0.9987954562049818 0.04906767433129791
    outer loop
      vertex 14.372714646662102 15.102216216880906 -14.5
      vertex 14.380050236220546 15.102216216880908 -14.5
      vertex 12.9 15.106729614631147 -14.591872321783697
    endloop
  endfacet
  facet normal 2.012201924152488e-14 0.9987954562051886 0.04906767432708751
    outer loop
      vertex 14.380050236220546 15.102216216880908 -14.5
      vertex 14.468223153585152 15.102216216880906 -14.5
      vertex 12.9 15.106729614631147 -14.591872321783697
    endloop
  endfacet
  facet normal 0 0.5956993044924456 0.8032075314806358
    outer loop
      vertex 15.649999999999999 15.629877206268546 -15.5706126256818
      vertex 12.9 15.744170630427408 -15.655378406144525
      vertex 12.9 15.629877206268546 -15.5706126256818
    endloop
  endfacet
  facet normal 0 0.5141027441932126 0.8577286100002776
    outer loop
      vertex 15.649999999999999 15.744170630427408 -15.655378406144525
      vertex 12.9 15.866222199908137 -15.728533301610948
      vertex 12.9 15.744170630427408 -15.655378406144525
    endloop
  endfacet
  facet normal 0 0.42755509343028375 0.9039892931234426
    outer loop
      vertex 15.649999999999999 15.866222199908137 -15.728533301610948
      vertex 12.9 15.994856491376453 -15.7893727904472
      vertex 12.9 15.866222199908137 -15.728533301610948
    endloop
  endfacet
  facet normal 0 0.6715589548470116 0.7409511253549652
    outer loop
      vertex 15.649999999999999 15.524442635585338 -15.475052301026327
      vertex 12.9 15.629877206268546 -15.5706126256818
      vertex 12.9 15.524442635585338 -15.475052301026327
    endloop
  endfacet
  facet normal 0 0.3368898533922177 0.9415440651830216
    outer loop
      vertex 15.649999999999999 15.994856491376453 -15.7893727904472
      vertex 12.9 16.12883468628686 -15.837310955117536
      vertex 12.9 15.994856491376453 -15.7893727904472
    endloop
  endfacet
  facet normal 0 0.24298017990326773 0.970031253194543
    outer loop
      vertex 15.649999999999999 16.12883468628686 -15.837310955117536
      vertex 12.9 16.266866501382445 -15.871886124890517
      vertex 12.9 16.12883468628686 -15.837310955117536
    endloop
  endfacet
  facet normal 0 0.14673047445536638 0.9891765099647803
    outer loop
      vertex 15.649999999999999 16.266866501382445 -15.871886124890517
      vertex 12.9 16.407622614827968 -15.89276532198052
      vertex 12.9 16.266866501382445 -15.871886124890517
    endloop
  endfacet
  facet normal 0 0.04906767432741047 0.9987954562051728
    outer loop
      vertex 15.649999999999999 16.407622614827968 -15.89276532198052
      vertex 12.9 16.54974746830583 -15.899747468305833
      vertex 12.9 16.407622614827968 -15.89276532198052
    endloop
  endfacet
  facet normal 0 -0.04906767432741047 0.9987954562051728
    outer loop
      vertex 15.649999999999999 16.54974746830583 -15.899747468305833
      vertex 12.9 16.691872321783695 -15.89276532198052
      vertex 12.9 16.54974746830583 -15.899747468305833
    endloop
  endfacet
  facet normal 0 -0.14673047445536638 0.9891765099647803
    outer loop
      vertex 15.649999999999999 16.691872321783695 -15.89276532198052
      vertex 12.9 16.832628435229218 -15.871886124890517
      vertex 12.9 16.691872321783695 -15.89276532198052
    endloop
  endfacet
  facet normal 0 -0.24298017990326187 0.9700312531945445
    outer loop
      vertex 15.649999999999999 16.832628435229218 -15.871886124890517
      vertex 12.9 16.970660250324805 -15.837310955117536
      vertex 12.9 16.832628435229218 -15.871886124890517
    endloop
  endfacet
  facet normal 0 -0.3368898533922177 0.9415440651830216
    outer loop
      vertex 15.649999999999999 16.970660250324805 -15.837310955117536
      vertex 12.9 17.104638445235214 -15.7893727904472
      vertex 12.9 16.970660250324805 -15.837310955117536
    endloop
  endfacet
  facet normal 0 -0.42755509343028375 0.9039892931234426
    outer loop
      vertex 15.649999999999999 17.104638445235214 -15.7893727904472
      vertex 12.9 17.23327273670353 -15.728533301610948
      vertex 12.9 17.104638445235214 -15.7893727904472
    endloop
  endfacet
  facet normal 0 -0.5141027441932218 0.8577286100002721
    outer loop
      vertex 15.649999999999999 17.23327273670353 -15.728533301610948
      vertex 12.9 17.355324306184258 -15.655378406144523
      vertex 12.9 17.23327273670353 -15.728533301610948
    endloop
  endfacet
  facet normal 0 -0.5956993044924415 0.8032075314806388
    outer loop
      vertex 15.649999999999999 17.355324306184258 -15.655378406144523
      vertex 12.9 17.469617730343117 -15.570612625681802
      vertex 12.9 17.355324306184258 -15.655378406144523
    endloop
  endfacet
  facet normal 0 -0.6715589548470184 0.740951125354959
    outer loop
      vertex 15.649999999999999 17.469617730343117 -15.570612625681802
      vertex 12.9 17.575052301026325 -15.475052301026327
      vertex 12.9 17.469617730343117 -15.570612625681802
    endloop
  endfacet
  facet normal 0 -0.7409511253549529 0.6715589548470254
    outer loop
      vertex 15.649999999999999 17.575052301026325 -15.475052301026327
      vertex 12.9 17.6706126256818 -15.36961773034312
      vertex 12.9 17.575052301026325 -15.475052301026327
    endloop
  endfacet
  facet normal 0 -0.8032075314806477 0.5956993044924296
    outer loop
      vertex 15.649999999999999 17.6706126256818 -15.36961773034312
      vertex 12.9 17.755378406144523 -15.255324306184256
      vertex 12.9 17.6706126256818 -15.36961773034312
    endloop
  endfacet
  facet normal 0 -0.8577286100002776 0.5141027441932126
    outer loop
      vertex 15.649999999999999 17.755378406144523 -15.255324306184256
      vertex 12.9 17.828533301610946 -15.133272736703528
      vertex 12.9 17.755378406144523 -15.255324306184256
    endloop
  endfacet
  facet normal 0 -0.9039892931234426 0.42755509343028375
    outer loop
      vertex 15.649999999999999 17.828533301610946 -15.133272736703528
      vertex 12.9 17.889372790447197 -15.004638445235212
      vertex 12.9 17.828533301610946 -15.133272736703528
    endloop
  endfacet
  facet normal 0 -0.9415440651830177 0.3368898533922288
    outer loop
      vertex 15.649999999999999 17.889372790447197 -15.004638445235212
      vertex 12.9 17.937310955117535 -14.870660250324804
      vertex 12.9 17.889372790447197 -15.004638445235212
    endloop
  endfacet
  facet normal 0 -0.970031253194543 0.24298017990326773
    outer loop
      vertex 15.649999999999999 17.937310955117535 -14.870660250324804
      vertex 12.9 17.971886124890517 -14.73262843522922
      vertex 12.9 17.937310955117535 -14.870660250324804
    endloop
  endfacet
  facet normal 0 -0.9891765099647821 0.14673047445535417
    outer loop
      vertex 15.649999999999999 17.971886124890517 -14.73262843522922
      vertex 12.9 17.992765321980517 -14.591872321783697
      vertex 12.9 17.971886124890517 -14.73262843522922
    endloop
  endfacet
  facet normal 0 -0.9987954562051713 0.04906767432743974
    outer loop
      vertex 15.649999999999999 17.992765321980517 -14.591872321783697
      vertex 12.9 17.999735062219234 -14.45
      vertex 12.9 17.992765321980517 -14.591872321783697
    endloop
  endfacet
  facet normal 0 0.9987954562051718 0.04906767432743016
    outer loop
      vertex 14.468223153585152 15.102216216880906 -14.5
      vertex 15.649999999999999 15.102216216880906 -14.5
      vertex 12.9 15.106729614631147 -14.591872321783697
    endloop
  endfacet
  facet normal 0 -0.9987954562051714 0.04906767432743975
    outer loop
      vertex 14.568642655282735 17.999735062219234 -14.45
      vertex 12.9 17.999735062219234 -14.45
      vertex 15.649999999999999 17.992765321980517 -14.591872321783697
    endloop
  endfacet
  facet normal 1.9395888630058066e-19 0.9039892931234399 0.4275550934302891
    outer loop
      vertex 15.649999999999999 15.210122146164466 -15.004638445235212
      vertex 15.649999999999999 15.270961635000718 -15.13327273670353
      vertex 12.9 15.270961635000718 -15.13327273670353
    endloop
  endfacet
  facet normal 0 0.8032075314806417 0.5956993044924376
    outer loop
      vertex 15.649999999999999 15.428882310929865 -15.36961773034312
      vertex 12.9 15.428882310929865 -15.36961773034312
      vertex 15.649999999999999 15.344116530467142 -15.255324306184256
    endloop
  endfacet
  facet normal -1.1539661620867148e-18 0.7409511253549652 0.6715589548470116
    outer loop
      vertex 15.649999999999999 15.428882310929865 -15.36961773034312
      vertex 15.649999999999999 15.524442635585338 -15.475052301026327
      vertex 12.9 15.524442635585338 -15.475052301026327
    endloop
  endfacet
  facet normal 1.9356237455625333e-18 0.8577286100002742 0.514102744193218
    outer loop
      vertex 15.649999999999999 15.270961635000718 -15.13327273670353
      vertex 15.649999999999999 15.344116530467142 -15.255324306184256
      vertex 12.9 15.344116530467142 -15.255324306184256
    endloop
  endfacet
  facet normal 0 0.9700312531945459 0.24298017990325596
    outer loop
      vertex 15.649999999999999 15.16218398149413 -14.870660250324804
      vertex 12.9 15.16218398149413 -14.870660250324804
      vertex 15.649999999999999 15.12760881172115 -14.73262843522922
    endloop
  endfacet
  facet normal 0 0.9415440651830216 0.3368898533922177
    outer loop
      vertex 15.649999999999999 15.210122146164466 -15.004638445235212
      vertex 12.9 15.210122146164466 -15.004638445235212
      vertex 15.649999999999999 15.16218398149413 -14.870660250324804
    endloop
  endfacet
  facet normal 0 0.9891765099647803 0.14673047445536638
    outer loop
      vertex 15.649999999999999 15.12760881172115 -14.73262843522922
      vertex 12.9 15.12760881172115 -14.73262843522922
      vertex 15.649999999999999 15.106729614631147 -14.591872321783697
    endloop
  endfacet
  facet normal 0 0.9987954562051717 0.04906767432743015
    outer loop
      vertex 15.649999999999999 15.106729614631147 -14.591872321783697
      vertex 12.9 15.106729614631147 -14.591872321783697
      vertex 15.649999999999999 15.102216216880906 -14.5
    endloop
  endfacet
  facet normal 0 0.6715589548470116 0.7409511253549652
    outer loop
      vertex 15.649999999999999 15.629877206268546 -15.5706126256818
      vertex 12.9 15.629877206268546 -15.5706126256818
      vertex 15.649999999999999 15.524442635585338 -15.475052301026327
    endloop
  endfacet
  facet normal 1.2698095697696e-18 0.5956993044924456 0.8032075314806358
    outer loop
      vertex 15.649999999999999 15.629877206268546 -15.5706126256818
      vertex 15.649999999999999 15.744170630427408 -15.655378406144525
      vertex 12.9 15.744170630427408 -15.655378406144525
    endloop
  endfacet
  facet normal -2.101182599718102e-18 0.5141027441932126 0.8577286100002776
    outer loop
      vertex 15.649999999999999 15.744170630427408 -15.655378406144525
      vertex 15.649999999999999 15.866222199908137 -15.728533301610948
      vertex 12.9 15.866222199908137 -15.728533301610948
    endloop
  endfacet
  facet normal 2.8772278344544826e-19 0.42755509343028375 0.9039892931234426
    outer loop
      vertex 15.649999999999999 15.866222199908137 -15.728533301610948
      vertex 15.649999999999999 15.994856491376453 -15.7893727904472
      vertex 12.9 15.994856491376453 -15.7893727904472
    endloop
  endfacet
  facet normal 1.0374899386173562e-18 0.3368898533922177 0.9415440651830216
    outer loop
      vertex 15.649999999999999 15.994856491376453 -15.7893727904472
      vertex 15.649999999999999 16.12883468628686 -15.837310955117536
      vertex 12.9 16.12883468628686 -15.837310955117536
    endloop
  endfacet
  facet normal -5.848317901037707e-20 0.24298017990326773 0.970031253194543
    outer loop
      vertex 15.649999999999999 16.12883468628686 -15.837310955117536
      vertex 15.649999999999999 16.266866501382445 -15.871886124890517
      vertex 12.9 16.266866501382445 -15.871886124890517
    endloop
  endfacet
  facet normal 4.356860836376345e-19 0.14673047445536638 0.9891765099647803
    outer loop
      vertex 15.649999999999999 16.266866501382445 -15.871886124890517
      vertex 15.649999999999999 16.407622614827968 -15.89276532198052
      vertex 12.9 16.407622614827968 -15.89276532198052
    endloop
  endfacet
  facet normal -2.4231030215847866e-20 0.04906767432741047 0.9987954562051728
    outer loop
      vertex 15.649999999999999 16.407622614827968 -15.89276532198052
      vertex 15.649999999999999 16.54974746830583 -15.899747468305833
      vertex 12.9 16.54974746830583 -15.899747468305833
    endloop
  endfacet
  facet normal 2.4231030215847866e-20 -0.04906767432741047 0.9987954562051728
    outer loop
      vertex 15.649999999999999 16.54974746830583 -15.899747468305833
      vertex 15.649999999999999 16.691872321783695 -15.89276532198052
      vertex 12.9 16.691872321783695 -15.89276532198052
    endloop
  endfacet
  facet normal -4.356860836376345e-19 -0.14673047445536638 0.9891765099647803
    outer loop
      vertex 15.649999999999999 16.691872321783695 -15.89276532198052
      vertex 15.649999999999999 16.832628435229218 -15.871886124890517
      vertex 12.9 16.832628435229218 -15.871886124890517
    endloop
  endfacet
  facet normal -7.840310242774192e-19 -0.24298017990326187 0.9700312531945445
    outer loop
      vertex 15.649999999999999 16.832628435229218 -15.871886124890517
      vertex 15.649999999999999 16.970660250324805 -15.837310955117536
      vertex 12.9 16.970660250324805 -15.837310955117536
    endloop
  endfacet
  facet normal -1.0374899386173562e-18 -0.3368898533922177 0.9415440651830216
    outer loop
      vertex 15.649999999999999 16.970660250324805 -15.837310955117536
      vertex 15.649999999999999 17.104638445235214 -15.7893727904472
      vertex 12.9 17.104638445235214 -15.7893727904472
    endloop
  endfacet
  facet normal -2.8772278344544826e-19 -0.42755509343028375 0.9039892931234426
    outer loop
      vertex 15.649999999999999 17.104638445235214 -15.7893727904472
      vertex 15.649999999999999 17.23327273670353 -15.728533301610948
      vertex 12.9 17.23327273670353 -15.728533301610948
    endloop
  endfacet
  facet normal 2.0160994422506207e-18 -0.5141027441932218 0.8577286100002721
    outer loop
      vertex 15.649999999999999 17.23327273670353 -15.728533301610948
      vertex 15.649999999999999 17.355324306184258 -15.655378406144523
      vertex 12.9 17.355324306184258 -15.655378406144523
    endloop
  endfacet
  facet normal 1.7868966700629607e-19 -0.5956993044924415 0.8032075314806388
    outer loop
      vertex 15.649999999999999 17.355324306184258 -15.655378406144523
      vertex 15.649999999999999 17.469617730343117 -15.570612625681802
      vertex 12.9 17.469617730343117 -15.570612625681802
    endloop
  endfacet
  facet normal 9.988105731936804e-19 -0.6715589548470184 0.740951125354959
    outer loop
      vertex 15.649999999999999 17.469617730343117 -15.570612625681802
      vertex 15.649999999999999 17.575052301026325 -15.475052301026327
      vertex 12.9 17.575052301026325 -15.475052301026327
    endloop
  endfacet
  facet normal 8.436549843006487e-19 -0.7409511253549529 0.6715589548470254
    outer loop
      vertex 15.649999999999999 17.575052301026325 -15.475052301026327
      vertex 15.649999999999999 17.6706126256818 -15.36961773034312
      vertex 12.9 17.6706126256818 -15.36961773034312
    endloop
  endfacet
  facet normal -1.5931248622272942e-18 -0.8032075314806477 0.5956993044924296
    outer loop
      vertex 15.649999999999999 17.6706126256818 -15.36961773034312
      vertex 15.649999999999999 17.755378406144523 -15.255324306184256
      vertex 12.9 17.755378406144523 -15.255324306184256
    endloop
  endfacet
  facet normal 2.101182599718102e-18 -0.8577286100002776 0.5141027441932126
    outer loop
      vertex 15.649999999999999 17.755378406144523 -15.255324306184256
      vertex 15.649999999999999 17.828533301610946 -15.133272736703528
      vertex 12.9 17.828533301610946 -15.133272736703528
    endloop
  endfacet
  facet normal -2.8772278344544826e-19 -0.9039892931234426 0.42755509343028375
    outer loop
      vertex 15.649999999999999 17.828533301610946 -15.133272736703528
      vertex 15.649999999999999 17.889372790447197 -15.004638445235212
      vertex 12.9 17.889372790447197 -15.004638445235212
    endloop
  endfacet
  facet normal -1.7893121743715087e-19 -0.9415440651830177 0.3368898533922288
    outer loop
      vertex 15.649999999999999 17.889372790447197 -15.004638445235212
      vertex 15.649999999999999 17.937310955117535 -14.870660250324804
      vertex 12.9 17.937310955117535 -14.870660250324804
    endloop
  endfacet
  facet normal 5.848317901037707e-20 -0.970031253194543 0.24298017990326773
    outer loop
      vertex 15.649999999999999 17.937310955117535 -14.870660250324804
      vertex 15.649999999999999 17.971886124890517 -14.73262843522922
      vertex 12.9 17.971886124890517 -14.73262843522922
    endloop
  endfacet
  facet normal 7.739610286249427e-20 -0.9891765099647821 0.14673047445535417
    outer loop
      vertex 15.649999999999999 17.971886124890517 -14.73262843522922
      vertex 15.649999999999999 17.992765321980517 -14.591872321783697
      vertex 12.9 17.992765321980517 -14.591872321783697
    endloop
  endfacet
  facet normal 0 -0.9987954562051714 0.04906767432743975
    outer loop
      vertex 14.568642655282735 17.999735062219234 -14.45
      vertex 15.649999999999999 17.992765321980517 -14.591872321783697
      vertex 15.649999999999999 17.999735062219234 -14.45
    endloop
  endfacet
  facet normal 0 0.9987954562051725 0.049067674327414795
    outer loop
      vertex 14.134418138069035 5.200264937780768 -14.45
      vertex 12.9 5.207234678019481 -14.591872321783697
      vertex 12.9 5.200264937780768 -14.45
    endloop
  endfacet
  facet normal 0 0.9039892931234426 0.42755509343028375
    outer loop
      vertex 15.649999999999999 5.310627209552801 -15.004638445235212
      vertex 12.9 5.371466698389052 -15.133272736703528
      vertex 12.9 5.310627209552801 -15.004638445235212
    endloop
  endfacet
  facet normal 0 0.8577286100002748 0.5141027441932171
    outer loop
      vertex 15.649999999999999 5.371466698389052 -15.133272736703528
      vertex 12.9 5.4446215938554765 -15.255324306184256
      vertex 12.9 5.371466698389052 -15.133272736703528
    endloop
  endfacet
  facet normal 0 0.8032075314806477 0.5956993044924296
    outer loop
      vertex 15.649999999999999 5.4446215938554765 -15.255324306184256
      vertex 12.9 5.529387374318198 -15.36961773034312
      vertex 12.9 5.4446215938554765 -15.255324306184256
    endloop
  endfacet
  facet normal 0 0.7409511253549559 0.6715589548470219
    outer loop
      vertex 15.649999999999999 5.529387374318198 -15.36961773034312
      vertex 12.9 5.624947698973673 -15.475052301026327
      vertex 12.9 5.529387374318198 -15.36961773034312
    endloop
  endfacet
  facet normal 0 0.6715589548470215 0.7409511253549562
    outer loop
      vertex 15.649999999999999 5.624947698973673 -15.475052301026327
      vertex 12.9 5.7303822696568805 -15.570612625681802
      vertex 12.9 5.624947698973673 -15.475052301026327
    endloop
  endfacet
  facet normal 0 0.9987954562051725 0.04906767432741479
    outer loop
      vertex 14.134418138069035 5.200264937780768 -14.45
      vertex 14.179484931116429 5.200264937780768 -14.45
      vertex 12.9 5.207234678019481 -14.591872321783697
    endloop
  endfacet
  facet normal 0 0.9891765099647812 0.14673047445536028
    outer loop
      vertex 15.649999999999999 5.207234678019481 -14.591872321783697
      vertex 12.9 5.228113875109482 -14.73262843522922
      vertex 12.9 5.207234678019481 -14.591872321783697
    endloop
  endfacet
  facet normal 0 0.9415440651830196 0.3368898533922232
    outer loop
      vertex 15.649999999999999 5.262689044882464 -14.870660250324804
      vertex 12.9 5.310627209552801 -15.004638445235212
      vertex 12.9 5.262689044882464 -14.870660250324804
    endloop
  endfacet
  facet normal 0 0.970031253194543 0.24298017990326773
    outer loop
      vertex 15.649999999999999 5.228113875109482 -14.73262843522922
      vertex 12.9 5.262689044882464 -14.870660250324804
      vertex 12.9 5.228113875109482 -14.73262843522922
    endloop
  endfacet
  facet normal 0 0.9987954562051726 0.04906767432741479
    outer loop
      vertex 14.179484931116429 5.200264937780768 -14.45
      vertex 14.427802935746518 5.200264937780768 -14.45
      vertex 12.9 5.207234678019481 -14.591872321783697
    endloop
  endfacet
  facet normal 0 0.5956993044924296 0.8032075314806477
    outer loop
      vertex 15.649999999999999 5.7303822696568805 -15.570612625681802
      vertex 12.9 5.844675693815743 -15.655378406144523
      vertex 12.9 5.7303822696568805 -15.570612625681802
    endloop
  endfacet
  facet normal 0 0.5141027441932244 0.8577286100002703
    outer loop
      vertex 15.649999999999999 5.844675693815743 -15.655378406144523
      vertex 12.9 5.9667272632964705 -15.728533301610948
      vertex 12.9 5.844675693815743 -15.655378406144523
    endloop
  endfacet
  facet normal 0 0.3368898533922158 0.9415440651830224
    outer loop
      vertex 15.649999999999999 6.095361554764787 -15.7893727904472
      vertex 12.9 6.229339749675196 -15.837310955117536
      vertex 12.9 6.095361554764787 -15.7893727904472
    endloop
  endfacet
  facet normal 0 0.42755509343028375 0.9039892931234426
    outer loop
      vertex 15.649999999999999 5.9667272632964705 -15.728533301610948
      vertex 12.9 6.095361554764787 -15.7893727904472
      vertex 12.9 5.9667272632964705 -15.728533301610948
    endloop
  endfacet
  facet normal 0 0.24298017990326773 0.970031253194543
    outer loop
      vertex 15.649999999999999 6.229339749675196 -15.837310955117536
      vertex 12.9 6.36737156477078 -15.871886124890517
      vertex 12.9 6.229339749675196 -15.837310955117536
    endloop
  endfacet
  facet normal 0 0.14673047445536547 0.9891765099647803
    outer loop
      vertex 15.649999999999999 6.36737156477078 -15.871886124890517
      vertex 12.9 6.508127678216304 -15.89276532198052
      vertex 12.9 6.36737156477078 -15.871886124890517
    endloop
  endfacet
  facet normal 0 0.04906767432741078 0.9987954562051728
    outer loop
      vertex 15.649999999999999 6.508127678216304 -15.89276532198052
      vertex 12.9 6.650252531694166 -15.899747468305833
      vertex 12.9 6.508127678216304 -15.89276532198052
    endloop
  endfacet
  facet normal 0 -0.04906767432741017 0.9987954562051728
    outer loop
      vertex 15.649999999999999 6.650252531694166 -15.899747468305833
      vertex 12.9 6.79237738517203 -15.89276532198052
      vertex 12.9 6.650252531694166 -15.899747468305833
    endloop
  endfacet
  facet normal 0 -0.1467304744553673 0.9891765099647802
    outer loop
      vertex 15.649999999999999 6.79237738517203 -15.89276532198052
      vertex 12.9 6.933133498617552 -15.871886124890517
      vertex 12.9 6.79237738517203 -15.89276532198052
    endloop
  endfacet
  facet normal 0 -0.2429801799032648 0.9700312531945438
    outer loop
      vertex 15.649999999999999 6.933133498617552 -15.871886124890517
      vertex 12.9 7.071165313713138 -15.837310955117536
      vertex 12.9 6.933133498617552 -15.871886124890517
    endloop
  endfacet
  facet normal 0 -0.3368898533922177 0.9415440651830216
    outer loop
      vertex 15.649999999999999 7.071165313713138 -15.837310955117536
      vertex 12.9 7.2051435086235465 -15.7893727904472
      vertex 12.9 7.071165313713138 -15.837310955117536
    endloop
  endfacet
  facet normal 0 -0.4275550934302813 0.9039892931234437
    outer loop
      vertex 15.649999999999999 7.2051435086235465 -15.7893727904472
      vertex 12.9 7.333777800091863 -15.728533301610948
      vertex 12.9 7.2051435086235465 -15.7893727904472
    endloop
  endfacet
  facet normal 0 -0.514102744193218 0.8577286100002742
    outer loop
      vertex 15.649999999999999 7.333777800091863 -15.728533301610948
      vertex 12.9 7.45582936957259 -15.655378406144525
      vertex 12.9 7.333777800091863 -15.728533301610948
    endloop
  endfacet
  facet normal 0 -0.5956993044924456 0.8032075314806358
    outer loop
      vertex 15.649999999999999 7.45582936957259 -15.655378406144525
      vertex 12.9 7.570122793731453 -15.5706126256818
      vertex 12.9 7.45582936957259 -15.655378406144525
    endloop
  endfacet
  facet normal 0 -0.6715589548470086 0.740951125354968
    outer loop
      vertex 15.649999999999999 7.570122793731453 -15.5706126256818
      vertex 12.9 7.6755573644146615 -15.475052301026327
      vertex 12.9 7.570122793731453 -15.5706126256818
    endloop
  endfacet
  facet normal 0 -0.7409511253549652 0.6715589548470116
    outer loop
      vertex 15.649999999999999 7.6755573644146615 -15.475052301026327
      vertex 12.9 7.771117689070135 -15.36961773034312
      vertex 12.9 7.6755573644146615 -15.475052301026327
    endloop
  endfacet
  facet normal 0 -0.8032075314806417 0.5956993044924376
    outer loop
      vertex 15.649999999999999 7.771117689070135 -15.36961773034312
      vertex 12.9 7.855883469532857 -15.255324306184256
      vertex 12.9 7.771117689070135 -15.36961773034312
    endloop
  endfacet
  facet normal 0 -0.8577286100002742 0.514102744193218
    outer loop
      vertex 15.649999999999999 7.855883469532857 -15.255324306184256
      vertex 12.9 7.929038364999281 -15.13327273670353
      vertex 12.9 7.855883469532857 -15.255324306184256
    endloop
  endfacet
  facet normal 0 -0.9039892931234423 0.427555093430284
    outer loop
      vertex 15.649999999999999 7.929038364999281 -15.13327273670353
      vertex 12.9 7.989877853835533 -15.004638445235212
      vertex 12.9 7.929038364999281 -15.13327273670353
    endloop
  endfacet
  facet normal 0 -0.9415440651830196 0.3368898533922232
    outer loop
      vertex 15.649999999999999 7.989877853835533 -15.004638445235212
      vertex 12.9 8.03781601850587 -14.870660250324804
      vertex 12.9 7.989877853835533 -15.004638445235212
    endloop
  endfacet
  facet normal 0 -0.9700312531945459 0.24298017990325596
    outer loop
      vertex 15.649999999999999 8.03781601850587 -14.870660250324804
      vertex 12.9 8.07239118827885 -14.73262843522922
      vertex 12.9 8.03781601850587 -14.870660250324804
    endloop
  endfacet
  facet normal 0 -0.9891765099647803 0.14673047445536638
    outer loop
      vertex 15.649999999999999 8.07239118827885 -14.73262843522922
      vertex 12.9 8.093270385368852 -14.591872321783697
      vertex 12.9 8.07239118827885 -14.73262843522922
    endloop
  endfacet
  facet normal 0 -0.9987954562051717 0.04906767432743015
    outer loop
      vertex 15.649999999999999 8.093270385368852 -14.591872321783697
      vertex 12.9 8.097783783119093 -14.5
      vertex 12.9 8.093270385368852 -14.591872321783697
    endloop
  endfacet
  facet normal 0 0.9987954562051726 0.049067674327414795
    outer loop
      vertex 14.427802935746518 5.200264937780768 -14.45
      vertex 15.649999999999999 5.200264937780768 -14.45
      vertex 12.9 5.207234678019481 -14.591872321783697
    endloop
  endfacet
  facet normal -1.065523067473903e-15 -0.9987954562051734 0.04906767432739834
    outer loop
      vertex 14.565113777403424 8.097783783119091 -14.5
      vertex 12.9 8.097783783119093 -14.5
      vertex 15.649999999999999 8.093270385368852 -14.591872321783697
    endloop
  endfacet
  facet normal 0 0.6715589548470215 0.7409511253549562
    outer loop
      vertex 15.649999999999999 5.7303822696568805 -15.570612625681802
      vertex 12.9 5.7303822696568805 -15.570612625681802
      vertex 15.649999999999999 5.624947698973673 -15.475052301026327
    endloop
  endfacet
  facet normal 1.5789143197024935e-19 0.8577286100002748 0.5141027441932171
    outer loop
      vertex 15.649999999999999 5.371466698389052 -15.133272736703528
      vertex 15.649999999999999 5.4446215938554765 -15.255324306184256
      vertex 12.9 5.4446215938554765 -15.255324306184256
    endloop
  endfacet
  facet normal 0 0.9039892931234426 0.42755509343028375
    outer loop
      vertex 15.649999999999999 5.371466698389052 -15.133272736703528
      vertex 12.9 5.371466698389052 -15.133272736703528
      vertex 15.649999999999999 5.310627209552801 -15.004638445235212
    endloop
  endfacet
  facet normal 0 0.8032075314806477 0.5956993044924296
    outer loop
      vertex 15.649999999999999 5.529387374318198 -15.36961773034312
      vertex 12.9 5.529387374318198 -15.36961773034312
      vertex 15.649999999999999 5.4446215938554765 -15.255324306184256
    endloop
  endfacet
  facet normal -9.212327787471643e-19 0.7409511253549559 0.6715589548470219
    outer loop
      vertex 15.649999999999999 5.529387374318198 -15.36961773034312
      vertex 15.649999999999999 5.624947698973673 -15.475052301026327
      vertex 12.9 5.624947698973673 -15.475052301026327
    endloop
  endfacet
  facet normal 0 0.9891765099647812 0.14673047445536028
    outer loop
      vertex 15.649999999999999 5.228113875109482 -14.73262843522922
      vertex 12.9 5.228113875109482 -14.73262843522922
      vertex 15.649999999999999 5.207234678019481 -14.591872321783697
    endloop
  endfacet
  facet normal 0 0.9987954562051726 0.049067674327414795
    outer loop
      vertex 15.649999999999999 5.207234678019481 -14.591872321783697
      vertex 12.9 5.207234678019481 -14.591872321783697
      vertex 15.649999999999999 5.200264937780768 -14.45
    endloop
  endfacet
  facet normal 6.082105780272526e-19 0.9415440651830196 0.3368898533922232
    outer loop
      vertex 15.649999999999999 5.262689044882464 -14.870660250324804
      vertex 15.649999999999999 5.310627209552801 -15.004638445235212
      vertex 12.9 5.310627209552801 -15.004638445235212
    endloop
  endfacet
  facet normal 0 0.970031253194543 0.24298017990326773
    outer loop
      vertex 15.649999999999999 5.262689044882464 -14.870660250324804
      vertex 12.9 5.262689044882464 -14.870660250324804
      vertex 15.649999999999999 5.228113875109482 -14.73262843522922
    endloop
  endfacet
  facet normal 1.5931248622272942e-18 0.5956993044924296 0.8032075314806477
    outer loop
      vertex 15.649999999999999 5.7303822696568805 -15.570612625681802
      vertex 15.649999999999999 5.844675693815743 -15.655378406144523
      vertex 12.9 5.844675693815743 -15.655378406144523
    endloop
  endfacet
  facet normal 0 0.5141027441932244 0.8577286100002703
    outer loop
      vertex 15.649999999999999 5.9667272632964705 -15.728533301610948
      vertex 12.9 5.9667272632964705 -15.728533301610948
      vertex 15.649999999999999 5.844675693815743 -15.655378406144523
    endloop
  endfacet
  facet normal 8.409264610655331e-19 0.3368898533922158 0.9415440651830224
    outer loop
      vertex 15.649999999999999 6.095361554764787 -15.7893727904472
      vertex 15.649999999999999 6.229339749675196 -15.837310955117536
      vertex 12.9 6.229339749675196 -15.837310955117536
    endloop
  endfacet
  facet normal 2.8772278344544826e-19 0.42755509343028375 0.9039892931234426
    outer loop
      vertex 15.649999999999999 5.9667272632964705 -15.728533301610948
      vertex 15.649999999999999 6.095361554764787 -15.7893727904472
      vertex 12.9 6.095361554764787 -15.7893727904472
    endloop
  endfacet
  facet normal -5.848317901037707e-20 0.24298017990326773 0.970031253194543
    outer loop
      vertex 15.649999999999999 6.229339749675196 -15.837310955117536
      vertex 15.649999999999999 6.36737156477078 -15.871886124890517
      vertex 12.9 6.36737156477078 -15.871886124890517
    endloop
  endfacet
  facet normal -4.072563765393717e-19 0.14673047445536547 0.9891765099647803
    outer loop
      vertex 15.649999999999999 6.36737156477078 -15.871886124890517
      vertex 15.649999999999999 6.508127678216304 -15.89276532198052
      vertex 12.9 6.508127678216304 -15.89276532198052
    endloop
  endfacet
  facet normal -2.465096986896603e-19 0.04906767432741078 0.9987954562051728
    outer loop
      vertex 15.649999999999999 6.508127678216304 -15.89276532198052
      vertex 15.649999999999999 6.650252531694166 -15.899747468305833
      vertex 12.9 6.650252531694166 -15.899747468305833
    endloop
  endfacet
  facet normal -1.9804763825796178e-19 -0.04906767432741017 0.9987954562051728
    outer loop
      vertex 15.649999999999999 6.650252531694166 -15.899747468305833
      vertex 15.649999999999999 6.79237738517203 -15.89276532198052
      vertex 12.9 6.79237738517203 -15.89276532198052
    endloop
  endfacet
  facet normal -1.7036231733732647e-19 -0.1467304744553673 0.9891765099647802
    outer loop
      vertex 15.649999999999999 6.79237738517203 -15.89276532198052
      vertex 15.649999999999999 6.933133498617552 -15.871886124890517
      vertex 12.9 6.933133498617552 -15.871886124890517
    endloop
  endfacet
  facet normal -3.6277392263352616e-19 -0.2429801799032648 0.9700312531945438
    outer loop
      vertex 15.649999999999999 6.933133498617552 -15.871886124890517
      vertex 15.649999999999999 7.071165313713138 -15.837310955117536
      vertex 12.9 7.071165313713138 -15.837310955117536
    endloop
  endfacet
  facet normal -1.0374899386173562e-18 -0.3368898533922177 0.9415440651830216
    outer loop
      vertex 15.649999999999999 7.071165313713138 -15.837310955117536
      vertex 15.649999999999999 7.2051435086235465 -15.7893727904472
      vertex 12.9 7.2051435086235465 -15.7893727904472
    endloop
  endfacet
  facet normal 3.764313943303334e-19 -0.4275550934302813 0.9039892931234437
    outer loop
      vertex 15.649999999999999 7.2051435086235465 -15.7893727904472
      vertex 15.649999999999999 7.333777800091863 -15.728533301610948
      vertex 12.9 7.333777800091863 -15.728533301610948
    endloop
  endfacet
  facet normal -1.9356237455625333e-18 -0.514102744193218 0.8577286100002742
    outer loop
      vertex 15.649999999999999 7.333777800091863 -15.728533301610948
      vertex 15.649999999999999 7.45582936957259 -15.655378406144525
      vertex 12.9 7.45582936957259 -15.655378406144525
    endloop
  endfacet
  facet normal -1.2698095697696e-18 -0.5956993044924456 0.8032075314806358
    outer loop
      vertex 15.649999999999999 7.45582936957259 -15.655378406144525
      vertex 15.649999999999999 7.570122793731453 -15.5706126256818
      vertex 12.9 7.570122793731453 -15.5706126256818
    endloop
  endfacet
  facet normal 8.298480457991066e-19 -0.6715589548470086 0.740951125354968
    outer loop
      vertex 15.649999999999999 7.570122793731453 -15.5706126256818
      vertex 15.649999999999999 7.6755573644146615 -15.475052301026327
      vertex 12.9 7.6755573644146615 -15.475052301026327
    endloop
  endfacet
  facet normal 1.1539661620867148e-18 -0.7409511253549652 0.6715589548470116
    outer loop
      vertex 15.649999999999999 7.6755573644146615 -15.475052301026327
      vertex 15.649999999999999 7.771117689070135 -15.36961773034312
      vertex 12.9 7.771117689070135 -15.36961773034312
    endloop
  endfacet
  facet normal -1.4314672159984459e-18 -0.8032075314806417 0.5956993044924376
    outer loop
      vertex 15.649999999999999 7.771117689070135 -15.36961773034312
      vertex 15.649999999999999 7.855883469532857 -15.255324306184256
      vertex 12.9 7.855883469532857 -15.255324306184256
    endloop
  endfacet
  facet normal -1.9356237455625333e-18 -0.8577286100002742 0.514102744193218
    outer loop
      vertex 15.649999999999999 7.855883469532857 -15.255324306184256
      vertex 15.649999999999999 7.929038364999281 -15.13327273670353
      vertex 12.9 7.929038364999281 -15.13327273670353
    endloop
  endfacet
  facet normal 4.233133429027618e-19 -0.9039892931234423 0.427555093430284
    outer loop
      vertex 15.649999999999999 7.929038364999281 -15.13327273670353
      vertex 15.649999999999999 7.989877853835533 -15.004638445235212
      vertex 12.9 7.989877853835533 -15.004638445235212
    endloop
  endfacet
  facet normal -6.082105780272526e-19 -0.9415440651830196 0.3368898533922232
    outer loop
      vertex 15.649999999999999 7.989877853835533 -15.004638445235212
      vertex 15.649999999999999 8.03781601850587 -14.870660250324804
      vertex 12.9 8.03781601850587 -14.870660250324804
    endloop
  endfacet
  facet normal 7.474760764019845e-19 -0.9700312531945459 0.24298017990325596
    outer loop
      vertex 15.649999999999999 8.03781601850587 -14.870660250324804
      vertex 15.649999999999999 8.07239118827885 -14.73262843522922
      vertex 12.9 8.07239118827885 -14.73262843522922
    endloop
  endfacet
  facet normal -4.356860836376345e-19 -0.9891765099647803 0.14673047445536638
    outer loop
      vertex 15.649999999999999 8.07239118827885 -14.73262843522922
      vertex 15.649999999999999 8.093270385368852 -14.591872321783697
      vertex 12.9 8.093270385368852 -14.591872321783697
    endloop
  endfacet
  facet normal 0 -0.9987954562051727 0.049067674327410896
    outer loop
      vertex 14.565113777403424 8.097783783119091 -14.5
      vertex 15.649999999999999 8.093270385368852 -14.591872321783697
      vertex 14.629775133733347 8.097783783119091 -14.5
    endloop
  endfacet
  facet normal 1.95546496006366e-13 -0.9987954562050664 0.04906767432957718
    outer loop
      vertex 14.629775133733347 8.097783783119091 -14.5
      vertex 15.649999999999999 8.093270385368852 -14.591872321783697
      vertex 14.638848255349057 8.097783783119093 -14.5
    endloop
  endfacet
  facet normal 0 -0.9987954562051718 0.04906767432743016
    outer loop
      vertex 14.638848255349057 8.097783783119093 -14.5
      vertex 15.649999999999999 8.093270385368852 -14.591872321783697
      vertex 15.649999999999999 8.097783783119093 -14.5
    endloop
  endfacet
  facet normal 6.498365010542789e-16 0.14673047445537232 0.9891765099647795
    outer loop
      vertex 13.006516048667415 6.373201429255245 -5.973255966984369
      vertex 12.9 6.411313480880262 -5.978909355799279
      vertex 12.9 6.367371564770781 -5.972391188278851
    endloop
  endfacet
  facet normal -4.772391272476461e-19 0.14673047445538395 0.9891765099647778
    outer loop
      vertex 13.006516048667415 6.373201429255245 -5.973255966984369
      vertex 12.9 6.367371564770781 -5.972391188278851
      vertex 13.029790172318448 6.367371564770781 -5.972391188278851
    endloop
  endfacet
  facet normal 0 0.24298017990327622 0.9700312531945409
    outer loop
      vertex 13.029790172318448 6.367371564770781 -5.972391188278851
      vertex 12.9 6.367371564770781 -5.972391188278851
      vertex 13.168346452572582 6.332665023314508 -5.9636976522107155
    endloop
  endfacet
  facet normal -1.528771126084648e-16 0.2429801799032604 0.9700312531945449
    outer loop
      vertex 13.333370861439747 6.308185964657265 -5.957565967219319
      vertex 12.9 6.367371564770781 -5.972391188278851
      vertex 12.9 6.229339749675196 -5.93781601850587
    endloop
  endfacet
  facet normal -3.846783108707381e-14 0.2429801799029963 0.970031253194611
    outer loop
      vertex 13.168346452572582 6.332665023314508 -5.9636976522107155
      vertex 12.9 6.367371564770781 -5.972391188278851
      vertex 13.333370861439747 6.308185964657265 -5.957565967219319
    endloop
  endfacet
  facet normal 2.423019892823129e-15 0.2429801799032471 0.9700312531945483
    outer loop
      vertex 13.333370861439747 6.308185964657265 -5.957565967219319
      vertex 12.9 6.229339749675196 -5.93781601850587
      vertex 13.5 6.3 -5.955515489816087
    endloop
  endfacet
  facet normal 1.3630292760768822e-16 0.1467304744553596 -0.9891765099647812
    outer loop
      vertex 13.006516048667415 6.373201429255245 -3.1272490964039648
      vertex 12.9 6.36737156477078 -3.1281138751094826
      vertex 12.9 6.411313480880262 -3.1215957075890555
    endloop
  endfacet
  facet normal 0 0.24298017990326773 -0.970031253194543
    outer loop
      vertex 13.029790172318451 6.36737156477078 -3.1281138751094826
      vertex 12.9 6.229339749675196 -3.1626890448824643
      vertex 12.9 6.36737156477078 -3.1281138751094826
    endloop
  endfacet
  facet normal 2.4048921650846956e-19 0.14673047445536208 -0.989176509964781
    outer loop
      vertex 13.006516048667415 6.373201429255245 -3.1272490964039648
      vertex 13.029790172318451 6.36737156477078 -3.1281138751094826
      vertex 12.9 6.36737156477078 -3.1281138751094826
    endloop
  endfacet
  facet normal -5.859213229512051e-16 0.24298017990326823 -0.9700312531945429
    outer loop
      vertex 13.029790172318451 6.36737156477078 -3.1281138751094826
      vertex 13.168346452572582 6.332665023314508 -3.136807411177618
      vertex 12.9 6.229339749675196 -3.1626890448824643
    endloop
  endfacet
  facet normal 1.1215196884387403e-15 0.24298017990326412 -0.970031253194544
    outer loop
      vertex 13.168346452572582 6.332665023314508 -3.136807411177618
      vertex 13.333370861439747 6.308185964657265 -3.142939096169015
      vertex 12.9 6.229339749675196 -3.1626890448824643
    endloop
  endfacet
  facet normal -1.2259534823422648e-15 0.24298017990327625 -0.9700312531945409
    outer loop
      vertex 13.333370861439747 6.308185964657265 -3.142939096169015
      vertex 13.5 6.3 -3.1449895735722473
      vertex 12.9 6.229339749675196 -3.1626890448824643
    endloop
  endfacet
  facet normal 0 0.7409511253549619 0.6715589548470154
    outer loop
      vertex 15.649999999999999 5.5293873743181985 -5.470122793731453
      vertex 12.9 5.624947698973673 -5.575557364414662
      vertex 12.9 5.5293873743181985 -5.470122793731453
    endloop
  endfacet
  facet normal 0 0.8032075314806417 0.5956993044924376
    outer loop
      vertex 15.649999999999999 5.444621593855476 -5.35582936957259
      vertex 12.9 5.5293873743181985 -5.470122793731453
      vertex 12.9 5.444621593855476 -5.35582936957259
    endloop
  endfacet
  facet normal 0 0.6715589548470148 0.7409511253549624
    outer loop
      vertex 15.649999999999999 5.624947698973673 -5.575557364414662
      vertex 12.9 5.7303822696568805 -5.671117689070135
      vertex 12.9 5.624947698973673 -5.575557364414662
    endloop
  endfacet
  facet normal 0 0.9039892931234415 0.42755509343028647
    outer loop
      vertex 15.649999999999999 5.3106272095528 -5.105143508623547
      vertex 12.9 5.371466698389052 -5.233777800091864
      vertex 12.9 5.3106272095528 -5.105143508623547
    endloop
  endfacet
  facet normal 0 0.8577286100002742 0.514102744193218
    outer loop
      vertex 15.649999999999999 5.371466698389052 -5.233777800091864
      vertex 12.9 5.444621593855476 -5.35582936957259
      vertex 12.9 5.371466698389052 -5.233777800091864
    endloop
  endfacet
  facet normal 0 0.9415440651830216 0.3368898533922177
    outer loop
      vertex 15.649999999999999 5.262689044882464 -4.971165313713138
      vertex 12.9 5.3106272095528 -5.105143508623547
      vertex 12.9 5.262689044882464 -4.971165313713138
    endloop
  endfacet
  facet normal 0 0.9700312531945438 0.2429801799032648
    outer loop
      vertex 15.649999999999999 5.228113875109482 -4.833133498617553
      vertex 12.9 5.262689044882464 -4.971165313713138
      vertex 12.9 5.228113875109482 -4.833133498617553
    endloop
  endfacet
  facet normal 0 0.3368898533922213 0.9415440651830204
    outer loop
      vertex 15.649999999999999 6.095361554764787 -5.889877853835533
      vertex 12.9 6.229339749675196 -5.93781601850587
      vertex 12.9 6.095361554764787 -5.889877853835533
    endloop
  endfacet
  facet normal 0 0.5956993044924376 0.8032075314806417
    outer loop
      vertex 15.649999999999999 5.7303822696568805 -5.671117689070135
      vertex 12.9 5.844675693815743 -5.755883469532858
      vertex 12.9 5.7303822696568805 -5.671117689070135
    endloop
  endfacet
  facet normal 0 0.514102744193218 0.8577286100002742
    outer loop
      vertex 15.649999999999999 5.844675693815743 -5.755883469532858
      vertex 12.9 5.96672726329647 -5.829038364999281
      vertex 12.9 5.844675693815743 -5.755883469532858
    endloop
  endfacet
  facet normal 0 0.42755509343028647 0.9039892931234415
    outer loop
      vertex 15.649999999999999 5.96672726329647 -5.829038364999281
      vertex 12.9 6.095361554764787 -5.889877853835533
      vertex 12.9 5.96672726329647 -5.829038364999281
    endloop
  endfacet
  facet normal -1.8906678032871609e-19 0.24298017990326645 0.9700312531945434
    outer loop
      vertex 13.5 6.3 -5.955515489816087
      vertex 12.9 6.229339749675196 -5.93781601850587
      vertex 15.649999999999999 6.229339749675196 -5.93781601850587
    endloop
  endfacet
  facet normal 0 0.9891765099647811 0.1467304744553612
    outer loop
      vertex 15.649999999999999 5.207234678019481 -4.692377385172031
      vertex 12.9 5.228113875109482 -4.833133498617553
      vertex 12.9 5.207234678019481 -4.692377385172031
    endloop
  endfacet
  facet normal 0 0.9987954562051725 0.04906767432741639
    outer loop
      vertex 15.649999999999999 5.200252531694167 -4.550252531694166
      vertex 12.9 5.207234678019481 -4.692377385172031
      vertex 12.9 5.200252531694167 -4.550252531694166
    endloop
  endfacet
  facet normal 0 0.9987954562051724 -0.049067674327417
    outer loop
      vertex 15.649999999999999 5.207234678019481 -4.408127678216304
      vertex 12.9 5.200252531694167 -4.550252531694166
      vertex 12.9 5.207234678019481 -4.408127678216304
    endloop
  endfacet
  facet normal 0 0.9891765099647813 -0.14673047445535936
    outer loop
      vertex 15.649999999999999 5.228113875109482 -4.26737156477078
      vertex 12.9 5.207234678019481 -4.408127678216304
      vertex 12.9 5.228113875109482 -4.26737156477078
    endloop
  endfacet
  facet normal 0 0.970031253194543 -0.24298017990326773
    outer loop
      vertex 15.649999999999999 5.262689044882464 -4.1293397496751965
      vertex 12.9 5.228113875109482 -4.26737156477078
      vertex 12.9 5.262689044882464 -4.1293397496751965
    endloop
  endfacet
  facet normal 0 0.9415440651830204 -0.3368898533922213
    outer loop
      vertex 15.649999999999999 5.310627209552801 -3.995361554764787
      vertex 12.9 5.262689044882464 -4.1293397496751965
      vertex 12.9 5.310627209552801 -3.995361554764787
    endloop
  endfacet
  facet normal 0 0.9039892931234426 -0.42755509343028375
    outer loop
      vertex 15.649999999999999 5.371466698389052 -3.866727263296471
      vertex 12.9 5.310627209552801 -3.995361554764787
      vertex 12.9 5.371466698389052 -3.866727263296471
    endloop
  endfacet
  facet normal 0 0.8577286100002732 -0.5141027441932199
    outer loop
      vertex 15.649999999999999 5.4446215938554765 -3.7446756938157435
      vertex 12.9 5.371466698389052 -3.866727263296471
      vertex 12.9 5.4446215938554765 -3.7446756938157435
    endloop
  endfacet
  facet normal 0 0.8032075314806477 -0.5956993044924296
    outer loop
      vertex 15.649999999999999 5.529387374318198 -3.630382269656881
      vertex 12.9 5.4446215938554765 -3.7446756938157435
      vertex 12.9 5.529387374318198 -3.630382269656881
    endloop
  endfacet
  facet normal 0 0.7409511253549531 -0.6715589548470251
    outer loop
      vertex 15.649999999999999 5.624947698973673 -3.5249476989736737
      vertex 12.9 5.529387374318198 -3.630382269656881
      vertex 12.9 5.624947698973673 -3.5249476989736737
    endloop
  endfacet
  facet normal 0 0.6715589548470251 -0.7409511253549531
    outer loop
      vertex 15.649999999999999 5.7303822696568805 -3.429387374318198
      vertex 12.9 5.624947698973673 -3.5249476989736737
      vertex 12.9 5.7303822696568805 -3.429387374318198
    endloop
  endfacet
  facet normal 0 0.5956993044924296 -0.8032075314806477
    outer loop
      vertex 15.649999999999999 5.844675693815743 -3.344621593855477
      vertex 12.9 5.7303822696568805 -3.429387374318198
      vertex 12.9 5.844675693815743 -3.344621593855477
    endloop
  endfacet
  facet normal 0 0.5141027441932199 -0.8577286100002732
    outer loop
      vertex 15.649999999999999 5.9667272632964705 -3.2714666983890526
      vertex 12.9 5.844675693815743 -3.344621593855477
      vertex 12.9 5.9667272632964705 -3.2714666983890526
    endloop
  endfacet
  facet normal 0 0.42755509343028375 -0.9039892931234426
    outer loop
      vertex 15.649999999999999 6.095361554764787 -3.2106272095528015
      vertex 12.9 5.9667272632964705 -3.2714666983890526
      vertex 12.9 6.095361554764787 -3.2106272095528015
    endloop
  endfacet
  facet normal 0 0.3368898533922213 -0.9415440651830204
    outer loop
      vertex 15.649999999999999 6.229339749675196 -3.1626890448824643
      vertex 12.9 6.095361554764787 -3.2106272095528015
      vertex 12.9 6.229339749675196 -3.1626890448824643
    endloop
  endfacet
  facet normal 3.097099636215117e-17 0.24298017990326617 -0.9700312531945434
    outer loop
      vertex 13.5 6.3 -3.1449895735722473
      vertex 15.168346452572582 6.332665023314508 -3.136807411177618
      vertex 12.9 6.229339749675196 -3.1626890448824643
    endloop
  endfacet
  facet normal 2.0283497655540856e-20 0.2429801799032007 0.9700312531945597
    outer loop
      vertex 13.5 6.3 -5.955515489816087
      vertex 15.333370861439747 6.308185964657265 -5.957565967219319
      vertex 13.666629138560253 6.308185964657265 -5.957565967219319
    endloop
  endfacet
  facet normal -6.02959369763394e-22 0.24298017990327347 0.9700312531945414
    outer loop
      vertex 13.666629138560253 6.308185964657265 -5.957565967219319
      vertex 15.168346452572582 6.332665023314508 -5.963697652210716
      vertex 13.831653547427418 6.332665023314508 -5.963697652210716
    endloop
  endfacet
  facet normal -1.3986774114381626e-19 0.2429801799032529 0.9700312531945467
    outer loop
      vertex 13.831653547427418 6.332665023314508 -5.963697652210716
      vertex 15.029790172318448 6.367371564770781 -5.972391188278851
      vertex 13.970209827681552 6.367371564770781 -5.972391188278851
    endloop
  endfacet
  facet normal 0 0.14673047445538392 0.9891765099647777
    outer loop
      vertex 13.970209827681552 6.367371564770781 -5.972391188278851
      vertex 15.029790172318448 6.367371564770781 -5.972391188278851
      vertex 13.993483951332585 6.373201429255245 -5.973255966984369
    endloop
  endfacet
  facet normal 1.2574091244990649e-15 0.1467304744553422 0.9891765099647838
    outer loop
      vertex 13.993483951332585 6.373201429255245 -5.973255966984369
      vertex 14.849438164979347 6.429404794730813 -5.981592948705166
      vertex 14.150561835020653 6.429404794730813 -5.981592948705165
    endloop
  endfacet
  facet normal 1.3502843138512258e-18 0.14673047445537574 0.9891765099647789
    outer loop
      vertex 14.150561835020653 6.429404794730813 -5.981592948705165
      vertex 14.698625547395803 6.500733850607796 -5.9921736146488565
      vertex 14.301374452604197 6.500733850607796 -5.9921736146488565
    endloop
  endfacet
  facet normal 1.8389640805525708e-19 0.1467304744553034 0.9891765099647896
    outer loop
      vertex 14.301374452604197 6.500733850607796 -5.9921736146488565
      vertex 14.686289691287548 6.508127678216304 -5.993270385368852
      vertex 14.313710308712452 6.508127678216304 -5.993270385368852
    endloop
  endfacet
  facet normal -1.7114166090859821e-18 0.049067674327428625 0.9987954562051718
    outer loop
      vertex 14.313710308712452 6.508127678216304 -5.993270385368852
      vertex 14.555530603866677 6.586501659085673 -5.997120652152858
      vertex 14.444469396133323 6.586501659085673 -5.997120652152858
    endloop
  endfacet
  facet normal -1.108587035599025e-15 0.2429801799033209 -0.9700312531945298
    outer loop
      vertex 13.5 6.3 -3.1449895735722473
      vertex 13.666629138560253 6.308185964657265 -3.142939096169015
      vertex 15.168346452572582 6.332665023314508 -3.136807411177618
    endloop
  endfacet
  facet normal -5.154466678494546e-20 0.24298017990325693 -0.9700312531945456
    outer loop
      vertex 13.666629138560253 6.308185964657265 -3.142939096169015
      vertex 13.831653547427418 6.332665023314508 -3.136807411177618
      vertex 15.168346452572582 6.332665023314508 -3.136807411177618
    endloop
  endfacet
  facet normal 0 0.24298017990327045 -0.9700312531945423
    outer loop
      vertex 13.831653547427418 6.332665023314508 -3.136807411177618
      vertex 13.970209827681549 6.36737156477078 -3.1281138751094826
      vertex 15.168346452572582 6.332665023314508 -3.136807411177618
    endloop
  endfacet
  facet normal 3.081159711867145e-20 0.14673047445536205 -0.9891765099647809
    outer loop
      vertex 13.970209827681549 6.36737156477078 -3.1281138751094826
      vertex 13.993483951332585 6.373201429255245 -3.1272490964039648
      vertex 15.006516048667415 6.373201429255245 -3.1272490964039648
    endloop
  endfacet
  facet normal 0 0.14673047445536094 -0.9891765099647811
    outer loop
      vertex 13.993483951332585 6.373201429255245 -3.1272490964039648
      vertex 14.150561835020653 6.429404794730813 -3.1189121146831678
      vertex 15.006516048667415 6.373201429255245 -3.1272490964039648
    endloop
  endfacet
  facet normal -6.285555768335519e-16 0.14673047445535897 -0.9891765099647815
    outer loop
      vertex 14.150561835020653 6.429404794730813 -3.1189121146831678
      vertex 14.301374452604197 6.500733850607796 -3.1083314487394778
      vertex 14.849438164979347 6.429404794730813 -3.118912114683168
    endloop
  endfacet
  facet normal 0 0.14673047445536153 -0.989176509964781
    outer loop
      vertex 14.301374452604197 6.500733850607796 -3.1083314487394778
      vertex 14.313710308712452 6.508127678216304 -3.1072346780194815
      vertex 14.698625547395803 6.500733850607796 -3.1083314487394778
    endloop
  endfacet
  facet normal -2.4796667488087488e-16 0.24298017990327195 -0.970031253194542
    outer loop
      vertex 15.168346452572582 6.332665023314508 -3.136807411177618
      vertex 15.333370861439747 6.308185964657265 -3.1429390961690156
      vertex 12.9 6.229339749675196 -3.1626890448824643
    endloop
  endfacet
  facet normal 0 0.0490676743274172 0.9987954562051724
    outer loop
      vertex 14.444469396133323 6.586501659085673 -5.997120652152858
      vertex 14.555530603866677 6.586501659085673 -5.997120652152858
      vertex 14.5 6.62768596177821 -5.999143907204094
    endloop
  endfacet
  facet normal 0 0.049067674327428625 0.998795456205172
    outer loop
      vertex 14.313710308712452 6.508127678216304 -5.993270385368852
      vertex 14.686289691287548 6.508127678216304 -5.993270385368852
      vertex 14.555530603866677 6.586501659085673 -5.997120652152858
    endloop
  endfacet
  facet normal 0 0.1467304744553034 0.9891765099647897
    outer loop
      vertex 14.301374452604197 6.500733850607796 -5.9921736146488565
      vertex 14.698625547395803 6.500733850607796 -5.9921736146488565
      vertex 14.686289691287548 6.508127678216304 -5.993270385368852
    endloop
  endfacet
  facet normal 1.2571111536671022e-15 0.14673047445536627 0.9891765099647802
    outer loop
      vertex 14.150561835020653 6.429404794730813 -5.981592948705165
      vertex 14.849438164979347 6.429404794730813 -5.981592948705166
      vertex 14.698625547395803 6.500733850607796 -5.9921736146488565
    endloop
  endfacet
  facet normal 0 0.14673047445536094 0.9891765099647811
    outer loop
      vertex 13.993483951332585 6.373201429255245 -5.973255966984369
      vertex 15.006516048667415 6.373201429255245 -5.973255966984369
      vertex 14.849438164979347 6.429404794730813 -5.981592948705166
    endloop
  endfacet
  facet normal 0 0.6715589548470148 0.7409511253549624
    outer loop
      vertex 15.649999999999999 5.7303822696568805 -5.671117689070135
      vertex 12.9 5.7303822696568805 -5.671117689070135
      vertex 15.649999999999999 5.624947698973673 -5.575557364414662
    endloop
  endfacet
  facet normal 0 0.8032075314806417 0.5956993044924376
    outer loop
      vertex 15.649999999999999 5.5293873743181985 -5.470122793731453
      vertex 12.9 5.5293873743181985 -5.470122793731453
      vertex 15.649999999999999 5.444621593855476 -5.35582936957259
    endloop
  endfacet
  facet normal -6.746924569101074e-19 0.7409511253549619 0.6715589548470154
    outer loop
      vertex 15.649999999999999 5.5293873743181985 -5.470122793731453
      vertex 15.649999999999999 5.624947698973673 -5.575557364414662
      vertex 12.9 5.624947698973673 -5.575557364414662
    endloop
  endfacet
  facet normal 1.9356237455625333e-18 0.8577286100002742 0.514102744193218
    outer loop
      vertex 15.649999999999999 5.371466698389052 -5.233777800091864
      vertex 15.649999999999999 5.444621593855476 -5.35582936957259
      vertex 12.9 5.444621593855476 -5.35582936957259
    endloop
  endfacet
  facet normal 0 0.9039892931234415 0.42755509343028647
    outer loop
      vertex 15.649999999999999 5.371466698389052 -5.233777800091864
      vertex 12.9 5.371466698389052 -5.233777800091864
      vertex 15.649999999999999 5.3106272095528 -5.105143508623547
    endloop
  endfacet
  facet normal 0 0.9415440651830216 0.3368898533922177
    outer loop
      vertex 15.649999999999999 5.3106272095528 -5.105143508623547
      vertex 12.9 5.3106272095528 -5.105143508623547
      vertex 15.649999999999999 5.262689044882464 -4.971165313713138
    endloop
  endfacet
  facet normal 0 0.9700312531945438 0.2429801799032648
    outer loop
      vertex 15.649999999999999 5.262689044882464 -4.971165313713138
      vertex 12.9 5.262689044882464 -4.971165313713138
      vertex 15.649999999999999 5.228113875109482 -4.833133498617553
    endloop
  endfacet
  facet normal 0 0.24298017990325288 0.9700312531945467
    outer loop
      vertex 13.831653547427418 6.332665023314508 -5.963697652210716
      vertex 15.168346452572582 6.332665023314508 -5.963697652210716
      vertex 15.029790172318448 6.367371564770781 -5.972391188278851
    endloop
  endfacet
  facet normal 0 0.14673047445538392 0.9891765099647777
    outer loop
      vertex 13.993483951332585 6.373201429255245 -5.973255966984369
      vertex 15.029790172318448 6.367371564770781 -5.972391188278851
      vertex 15.006516048667415 6.373201429255245 -5.973255966984369
    endloop
  endfacet
  facet normal 4.1164710047341644e-19 0.3368898533922213 0.9415440651830204
    outer loop
      vertex 15.649999999999999 6.095361554764787 -5.889877853835533
      vertex 15.649999999999999 6.229339749675196 -5.93781601850587
      vertex 12.9 6.229339749675196 -5.93781601850587
    endloop
  endfacet
  facet normal 0 0.2429801799032735 0.9700312531945415
    outer loop
      vertex 13.666629138560253 6.308185964657265 -5.957565967219319
      vertex 15.333370861439747 6.308185964657265 -5.957565967219319
      vertex 15.168346452572582 6.332665023314508 -5.963697652210716
    endloop
  endfacet
  facet normal 1.4314672159984459e-18 0.5956993044924376 0.8032075314806417
    outer loop
      vertex 15.649999999999999 5.7303822696568805 -5.671117689070135
      vertex 15.649999999999999 5.844675693815743 -5.755883469532858
      vertex 12.9 5.844675693815743 -5.755883469532858
    endloop
  endfacet
  facet normal 1.9356237455625333e-18 0.514102744193218 0.8577286100002742
    outer loop
      vertex 15.649999999999999 5.844675693815743 -5.755883469532858
      vertex 15.649999999999999 5.96672726329647 -5.829038364999281
      vertex 12.9 5.96672726329647 -5.829038364999281
    endloop
  endfacet
  facet normal 2.4084083487503e-19 0.42755509343028647 0.9039892931234415
    outer loop
      vertex 15.649999999999999 5.96672726329647 -5.829038364999281
      vertex 15.649999999999999 6.095361554764787 -5.889877853835533
      vertex 12.9 6.095361554764787 -5.889877853835533
    endloop
  endfacet
  facet normal -4.3078041276102805e-16 0.24298017990329146 0.9700312531945372
    outer loop
      vertex 13.5 6.3 -5.955515489816087
      vertex 15.5 6.3 -5.9555154898160865
      vertex 15.333370861439747 6.308185964657265 -5.957565967219319
    endloop
  endfacet
  facet normal 0 0.04906767432741733 -0.9987954562051724
    outer loop
      vertex 14.313710308712452 6.508127678216304 -3.1072346780194815
      vertex 14.444469396133323 6.586501659085673 -3.103384411235477
      vertex 14.686289691287548 6.508127678216304 -3.1072346780194815
    endloop
  endfacet
  facet normal 0 0.0490676743274172 -0.9987954562051724
    outer loop
      vertex 14.444469396133323 6.586501659085673 -3.103384411235477
      vertex 14.5 6.62768596177821 -3.1013611561842405
      vertex 14.555530603866677 6.586501659085673 -3.103384411235477
    endloop
  endfacet
  facet normal 0 0.14673047445536153 -0.989176509964781
    outer loop
      vertex 14.313710308712452 6.508127678216304 -3.1072346780194815
      vertex 14.686289691287548 6.508127678216304 -3.1072346780194815
      vertex 14.698625547395803 6.500733850607796 -3.1083314487394778
    endloop
  endfacet
  facet normal 0 0.04906767432741733 -0.9987954562051725
    outer loop
      vertex 14.444469396133323 6.586501659085673 -3.103384411235477
      vertex 14.555530603866677 6.586501659085673 -3.103384411235477
      vertex 14.686289691287548 6.508127678216304 -3.1072346780194815
    endloop
  endfacet
  facet normal 3.021416343743068e-16 0.24298017990325596 -0.970031253194546
    outer loop
      vertex 15.333370861439747 6.308185964657265 -3.1429390961690156
      vertex 15.5 6.3 -3.1449895735722473
      vertex 12.9 6.229339749675196 -3.1626890448824643
    endloop
  endfacet
  facet normal 0 0.14673047445536366 -0.9891765099647806
    outer loop
      vertex 14.301374452604197 6.500733850607796 -3.1083314487394778
      vertex 14.698625547395803 6.500733850607796 -3.1083314487394778
      vertex 14.849438164979347 6.429404794730813 -3.118912114683168
    endloop
  endfacet
  facet normal 0 0.14673047445536203 -0.9891765099647809
    outer loop
      vertex 13.970209827681549 6.36737156477078 -3.1281138751094826
      vertex 15.006516048667415 6.373201429255245 -3.1272490964039648
      vertex 15.029790172318451 6.36737156477078 -3.1281138751094826
    endloop
  endfacet
  facet normal -6.285555768335526e-16 0.14673047445535156 -0.9891765099647825
    outer loop
      vertex 14.150561835020653 6.429404794730813 -3.1189121146831678
      vertex 14.849438164979347 6.429404794730813 -3.118912114683168
      vertex 15.006516048667415 6.373201429255245 -3.1272490964039648
    endloop
  endfacet
  facet normal 0 0.9891765099647811 0.1467304744553612
    outer loop
      vertex 15.649999999999999 5.228113875109482 -4.833133498617553
      vertex 12.9 5.228113875109482 -4.833133498617553
      vertex 15.649999999999999 5.207234678019481 -4.692377385172031
    endloop
  endfacet
  facet normal 0 0.9987954562051725 0.04906767432741639
    outer loop
      vertex 15.649999999999999 5.207234678019481 -4.692377385172031
      vertex 12.9 5.207234678019481 -4.692377385172031
      vertex 15.649999999999999 5.200252531694167 -4.550252531694166
    endloop
  endfacet
  facet normal 0 0.9987954562051724 -0.049067674327417
    outer loop
      vertex 15.649999999999999 5.200252531694167 -4.550252531694166
      vertex 12.9 5.200252531694167 -4.550252531694166
      vertex 15.649999999999999 5.207234678019481 -4.408127678216304
    endloop
  endfacet
  facet normal 0 0.9891765099647813 -0.14673047445535936
    outer loop
      vertex 15.649999999999999 5.207234678019481 -4.408127678216304
      vertex 12.9 5.207234678019481 -4.408127678216304
      vertex 15.649999999999999 5.228113875109482 -4.26737156477078
    endloop
  endfacet
  facet normal 0 0.970031253194543 -0.24298017990326773
    outer loop
      vertex 15.649999999999999 5.228113875109482 -4.26737156477078
      vertex 12.9 5.228113875109482 -4.26737156477078
      vertex 15.649999999999999 5.262689044882464 -4.1293397496751965
    endloop
  endfacet
  facet normal 0 0.9415440651830204 -0.3368898533922213
    outer loop
      vertex 15.649999999999999 5.262689044882464 -4.1293397496751965
      vertex 12.9 5.262689044882464 -4.1293397496751965
      vertex 15.649999999999999 5.310627209552801 -3.995361554764787
    endloop
  endfacet
  facet normal 0 0.9039892931234426 -0.42755509343028375
    outer loop
      vertex 15.649999999999999 5.310627209552801 -3.995361554764787
      vertex 12.9 5.310627209552801 -3.995361554764787
      vertex 15.649999999999999 5.371466698389052 -3.866727263296471
    endloop
  endfacet
  facet normal 0 0.8577286100002732 -0.5141027441932199
    outer loop
      vertex 15.649999999999999 5.371466698389052 -3.866727263296471
      vertex 12.9 5.371466698389052 -3.866727263296471
      vertex 15.649999999999999 5.4446215938554765 -3.7446756938157435
    endloop
  endfacet
  facet normal 0 0.8032075314806477 -0.5956993044924296
    outer loop
      vertex 15.649999999999999 5.4446215938554765 -3.7446756938157435
      vertex 12.9 5.4446215938554765 -3.7446756938157435
      vertex 15.649999999999999 5.529387374318198 -3.630382269656881
    endloop
  endfacet
  facet normal 0 0.7409511253549531 -0.6715589548470251
    outer loop
      vertex 15.649999999999999 5.529387374318198 -3.630382269656881
      vertex 12.9 5.529387374318198 -3.630382269656881
      vertex 15.649999999999999 5.624947698973673 -3.5249476989736737
    endloop
  endfacet
  facet normal 0 0.6715589548470251 -0.7409511253549531
    outer loop
      vertex 15.649999999999999 5.624947698973673 -3.5249476989736737
      vertex 12.9 5.624947698973673 -3.5249476989736737
      vertex 15.649999999999999 5.7303822696568805 -3.429387374318198
    endloop
  endfacet
  facet normal 1.8906678032871609e-19 0.2429801799032664 -0.9700312531945434
    outer loop
      vertex 15.5 6.3 -3.1449895735722473
      vertex 15.649999999999999 6.229339749675196 -3.1626890448824643
      vertex 12.9 6.229339749675196 -3.1626890448824643
    endloop
  endfacet
  facet normal 0 0.5956993044924296 -0.8032075314806477
    outer loop
      vertex 15.649999999999999 5.7303822696568805 -3.429387374318198
      vertex 12.9 5.7303822696568805 -3.429387374318198
      vertex 15.649999999999999 5.844675693815743 -3.344621593855477
    endloop
  endfacet
  facet normal 0 0.5141027441932199 -0.8577286100002732
    outer loop
      vertex 15.649999999999999 5.844675693815743 -3.344621593855477
      vertex 12.9 5.844675693815743 -3.344621593855477
      vertex 15.649999999999999 5.9667272632964705 -3.2714666983890526
    endloop
  endfacet
  facet normal 0 0.42755509343028375 -0.9039892931234426
    outer loop
      vertex 15.649999999999999 5.9667272632964705 -3.2714666983890526
      vertex 12.9 5.9667272632964705 -3.2714666983890526
      vertex 15.649999999999999 6.095361554764787 -3.2106272095528015
    endloop
  endfacet
  facet normal 0 0.3368898533922213 -0.9415440651830204
    outer loop
      vertex 15.649999999999999 6.095361554764787 -3.2106272095528015
      vertex 12.9 6.095361554764787 -3.2106272095528015
      vertex 15.649999999999999 6.229339749675196 -3.1626890448824643
    endloop
  endfacet
  facet normal 0 0.24298017990327042 -0.9700312531945423
    outer loop
      vertex 13.970209827681549 6.36737156477078 -3.1281138751094826
      vertex 15.029790172318451 6.36737156477078 -3.1281138751094826
      vertex 15.168346452572582 6.332665023314508 -3.136807411177618
    endloop
  endfacet
  facet normal -4.3078041276103215e-16 0.2429801799032541 0.9700312531945464
    outer loop
      vertex 13.5 6.3 -5.955515489816087
      vertex 15.649999999999999 6.229339749675196 -5.93781601850587
      vertex 15.5 6.3 -5.9555154898160865
    endloop
  endfacet
  facet normal 3.342176204836664e-16 0.24298017990325563 0.9700312531945461
    outer loop
      vertex 15.5 6.3 -5.9555154898160865
      vertex 15.649999999999999 6.229339749675196 -5.93781601850587
      vertex 15.649999999999999 6.30736902746542 -5.957361335105466
    endloop
  endfacet
  facet normal -2.0777721430763952e-16 0.24298017990326604 -0.9700312531945435
    outer loop
      vertex 15.5 6.3 -3.1449895735722473
      vertex 15.649999999999999 6.30736902746542 -3.143143728282868
      vertex 15.649999999999999 6.229339749675196 -3.1626890448824643
    endloop
  endfacet
  facet normal 1 0 0
    outer loop
      vertex 15.649999999999999 2.6484991668641964 -14.284676878783877
      vertex 15.649999999999999 4.80736902746542 -11.85
      vertex 15.649999999999999 2.2226227450104385 -13.384236838505661
    endloop
  endfacet
  facet normal 1 0 0
    outer loop
      vertex 15.649999999999999 2.6484991668641964 -14.284676878783877
      vertex 15.649999999999999 3.1605834351291655 -15.139037865148962
      vertex 15.649999999999999 4.80736902746542 -11.85
    endloop
  endfacet
  facet normal 1 0 0
    outer loop
      vertex 15.649999999999999 2.2226227450104385 -13.384236838505661
      vertex 15.649999999999999 4.80736902746542 -11.85
      vertex 15.649999999999999 1.8870555923180792 -12.446389474132793
    endloop
  endfacet
  facet normal 1 0 0
    outer loop
      vertex 15.649999999999999 1.8870555923180792 -12.446389474132793
      vertex 15.649999999999999 4.80736902746542 -11.85
      vertex 15.649999999999999 1.6450294039072109 -11.480166768463702
    endloop
  endfacet
  facet normal 1 0 0
    outer loop
      vertex 15.649999999999999 1.6450294039072109 -11.480166768463702
      vertex 15.649999999999999 6.30736902746542 -5.957361335105466
      vertex 15.649999999999999 1.4988750242772007 -10.49487397434504
    endloop
  endfacet
  facet normal 0 0.8032075314806459 0.595699304492432
    outer loop
      vertex 15.649999999999999 3.1605834351291655 -15.139037865148962
      vertex 16.049999999999997 3.1605834351291655 -15.139037865148962
      vertex 15.649999999999999 3.7539438983682185 -15.939091834261003
    endloop
  endfacet
  facet normal -6.367790293239106e-20 0.9039892931234432 0.42755509343028236
    outer loop
      vertex 15.649999999999999 2.6484991668641964 -14.284676878783877
      vertex 15.649999999999999 2.2226227450104385 -13.384236838505661
      vertex 16.049999999999997 2.2226227450104385 -13.384236838505661
    endloop
  endfacet
  facet normal 0 0.857728610000272 0.514102744193222
    outer loop
      vertex 15.649999999999999 2.6484991668641964 -14.284676878783877
      vertex 16.049999999999997 2.6484991668641964 -14.284676878783877
      vertex 15.649999999999999 3.1605834351291655 -15.139037865148962
    endloop
  endfacet
  facet normal 0 0.8032075314806459 0.595699304492432
    outer loop
      vertex 15.649999999999999 3.7539438983682185 -15.939091834261003
      vertex 16.049999999999997 3.1605834351291655 -15.139037865148962
      vertex 16.049999999999997 3.7539438983682185 -15.939091834261003
    endloop
  endfacet
  facet normal 0 0.9415440651830207 0.33688985339222016
    outer loop
      vertex 15.649999999999999 2.2226227450104385 -13.384236838505661
      vertex 16.049999999999997 1.8870555923180792 -12.446389474132793
      vertex 16.049999999999997 2.2226227450104385 -13.384236838505661
    endloop
  endfacet
  facet normal 0 0.9039892931234432 0.42755509343028236
    outer loop
      vertex 15.649999999999999 2.6484991668641964 -14.284676878783877
      vertex 16.049999999999997 2.2226227450104385 -13.384236838505661
      vertex 16.049999999999997 2.6484991668641964 -14.284676878783877
    endloop
  endfacet
  facet normal 0 0.857728610000272 0.514102744193222
    outer loop
      vertex 15.649999999999999 3.1605834351291655 -15.139037865148962
      vertex 16.049999999999997 2.6484991668641964 -14.284676878783877
      vertex 16.049999999999997 3.1605834351291655 -15.139037865148962
    endloop
  endfacet
  facet normal 7.285029973917824e-18 0.9700312531945441 0.2429801799032631
    outer loop
      vertex 15.649999999999999 1.8870555923180792 -12.446389474132793
      vertex 15.649999999999999 1.6450294039072109 -11.480166768463702
      vertex 16.049999999999997 1.6450294039072109 -11.480166768463702
    endloop
  endfacet
  facet normal -8.562703698207309e-18 0.9891765099647808 0.1467304744553626
    outer loop
      vertex 15.649999999999999 1.6450294039072109 -11.480166768463702
      vertex 15.649999999999999 1.4988750242772007 -10.49487397434504
      vertex 16.049999999999997 1.4988750242772007 -10.49487397434504
    endloop
  endfacet
  facet normal 3.589435751817708e-18 0.9987954562051724 0.049067674327417765
    outer loop
      vertex 15.649999999999999 1.4988750242772007 -10.49487397434504
      vertex 15.649999999999999 1.4499999999999993 -9.5
      vertex 16.049999999999997 1.4499999999999993 -9.5
    endloop
  endfacet
  facet normal 1.2702632340994442e-17 0.9415440651830207 0.33688985339222016
    outer loop
      vertex 15.649999999999999 2.2226227450104385 -13.384236838505661
      vertex 15.649999999999999 1.8870555923180792 -12.446389474132793
      vertex 16.049999999999997 1.8870555923180792 -12.446389474132793
    endloop
  endfacet
  facet normal 0 0.9891765099647808 0.1467304744553626
    outer loop
      vertex 15.649999999999999 1.6450294039072109 -11.480166768463702
      vertex 16.049999999999997 1.4988750242772007 -10.49487397434504
      vertex 16.049999999999997 1.6450294039072109 -11.480166768463702
    endloop
  endfacet
  facet normal 0 0.9987954562051724 0.049067674327417765
    outer loop
      vertex 15.649999999999999 1.4988750242772007 -10.49487397434504
      vertex 16.049999999999997 1.4499999999999993 -9.5
      vertex 16.049999999999997 1.4988750242772007 -10.49487397434504
    endloop
  endfacet
  facet normal 0 0.9987954562051724 -0.049067674327417765
    outer loop
      vertex 15.649999999999999 1.4499999999999993 -9.5
      vertex 16.049999999999997 1.4988750242772007 -8.50512602565496
      vertex 16.049999999999997 1.4499999999999993 -9.5
    endloop
  endfacet
  facet normal 0 0.9700312531945441 0.2429801799032631
    outer loop
      vertex 15.649999999999999 1.8870555923180792 -12.446389474132793
      vertex 16.049999999999997 1.6450294039072109 -11.480166768463702
      vertex 16.049999999999997 1.8870555923180792 -12.446389474132793
    endloop
  endfacet
  facet normal 1 0 0
    outer loop
      vertex 15.649999999999999 5.960962134851037 -17.939416564870832
      vertex 15.649999999999999 17.239037865148962 -17.939416564870832
      vertex 15.649999999999999 5.160908165738998 -17.34605610163178
    endloop
  endfacet
  facet normal 1 0 0
    outer loop
      vertex 15.649999999999999 5.160908165738998 -17.34605610163178
      vertex 15.649999999999999 18.039091834261 -17.34605610163178
      vertex 15.649999999999999 4.422866170956541 -16.67713382904346
    endloop
  endfacet
  facet normal 1 0 0
    outer loop
      vertex 15.649999999999999 7.715763161494339 -18.87737725498956
      vertex 15.649999999999999 8.653610525867206 -19.21294440768192
      vertex 15.649999999999999 14.546389474132793 -19.21294440768192
    endloop
  endfacet
  facet normal 1 0 0
    outer loop
      vertex 15.649999999999999 8.653610525867206 -19.21294440768192
      vertex 15.649999999999999 9.619833231536298 -19.45497059609279
      vertex 15.649999999999999 13.580166768463702 -19.45497059609279
    endloop
  endfacet
  facet normal 1 0 0
    outer loop
      vertex 15.649999999999999 9.619833231536298 -19.45497059609279
      vertex 15.649999999999999 10.60512602565496 -19.601124975722797
      vertex 15.649999999999999 12.59487397434504 -19.601124975722797
    endloop
  endfacet
  facet normal 1 0 0
    outer loop
      vertex 15.649999999999999 6.815323121216124 -18.451500833135803
      vertex 15.649999999999999 7.715763161494339 -18.87737725498956
      vertex 15.649999999999999 15.48423683850566 -18.87737725498956
    endloop
  endfacet
  facet normal 1 0 0
    outer loop
      vertex 15.649999999999999 5.960962134851037 -17.939416564870832
      vertex 15.649999999999999 6.815323121216124 -18.451500833135803
      vertex 15.649999999999999 16.384676878783875 -18.451500833135803
    endloop
  endfacet
  facet normal -5.5302394912824695e-17 0.5956993044924314 0.8032075314806464
    outer loop
      vertex 15.649999999999999 5.960962134851037 -17.939416564870832
      vertex 15.649999999999999 5.160908165738998 -17.34605610163178
      vertex 16.049999999999997 5.160908165738998 -17.34605610163178
    endloop
  endfacet
  facet normal 0 0.5141027441932229 0.8577286100002713
    outer loop
      vertex 15.649999999999999 5.960962134851037 -17.939416564870832
      vertex 16.049999999999997 5.960962134851037 -17.939416564870832
      vertex 15.649999999999999 6.815323121216124 -18.451500833135803
    endloop
  endfacet
  facet normal 0 0.42755509343028275 0.903989293123443
    outer loop
      vertex 15.649999999999999 6.815323121216124 -18.451500833135803
      vertex 16.049999999999997 6.815323121216124 -18.451500833135803
      vertex 15.649999999999999 7.715763161494339 -18.87737725498956
    endloop
  endfacet
  facet normal 0 0.6715589548470176 0.7409511253549599
    outer loop
      vertex 15.649999999999999 5.160908165738998 -17.34605610163178
      vertex 16.049999999999997 4.422866170956541 -16.67713382904346
      vertex 16.049999999999997 5.160908165738998 -17.34605610163178
    endloop
  endfacet
  facet normal 0 0.5956993044924314 0.8032075314806464
    outer loop
      vertex 15.649999999999999 5.960962134851037 -17.939416564870832
      vertex 16.049999999999997 5.160908165738998 -17.34605610163178
      vertex 16.049999999999997 5.960962134851037 -17.939416564870832
    endloop
  endfacet
  facet normal 0 0.5141027441932229 0.8577286100002713
    outer loop
      vertex 15.649999999999999 6.815323121216124 -18.451500833135803
      vertex 16.049999999999997 5.960962134851037 -17.939416564870832
      vertex 16.049999999999997 6.815323121216124 -18.451500833135803
    endloop
  endfacet
  facet normal 0 0.42755509343028275 0.903989293123443
    outer loop
      vertex 15.649999999999999 7.715763161494339 -18.87737725498956
      vertex 16.049999999999997 6.815323121216124 -18.451500833135803
      vertex 16.049999999999997 7.715763161494339 -18.87737725498956
    endloop
  endfacet
  facet normal 0 0.2429801799032631 0.9700312531945441
    outer loop
      vertex 15.649999999999999 8.653610525867206 -19.21294440768192
      vertex 16.049999999999997 8.653610525867206 -19.21294440768192
      vertex 15.649999999999999 9.619833231536298 -19.45497059609279
    endloop
  endfacet
  facet normal 0 0.33688985339222016 0.9415440651830207
    outer loop
      vertex 15.649999999999999 7.715763161494339 -18.87737725498956
      vertex 16.049999999999997 7.715763161494339 -18.87737725498956
      vertex 15.649999999999999 8.653610525867206 -19.21294440768192
    endloop
  endfacet
  facet normal 0 0.14673047445536086 0.9891765099647811
    outer loop
      vertex 15.649999999999999 9.619833231536298 -19.45497059609279
      vertex 16.049999999999997 9.619833231536298 -19.45497059609279
      vertex 15.649999999999999 10.60512602565496 -19.601124975722797
    endloop
  endfacet
  facet normal 0 0.049067674327417765 0.9987954562051724
    outer loop
      vertex 15.649999999999999 10.60512602565496 -19.601124975722797
      vertex 16.049999999999997 10.60512602565496 -19.601124975722797
      vertex 15.649999999999999 11.6 -19.65
    endloop
  endfacet
  facet normal 0 0.33688985339222016 0.9415440651830207
    outer loop
      vertex 15.649999999999999 8.653610525867206 -19.21294440768192
      vertex 16.049999999999997 7.715763161494339 -18.87737725498956
      vertex 16.049999999999997 8.653610525867206 -19.21294440768192
    endloop
  endfacet
  facet normal 0 0.2429801799032631 0.9700312531945441
    outer loop
      vertex 15.649999999999999 9.619833231536298 -19.45497059609279
      vertex 16.049999999999997 8.653610525867206 -19.21294440768192
      vertex 16.049999999999997 9.619833231536298 -19.45497059609279
    endloop
  endfacet
  facet normal 0 0.14673047445536086 0.9891765099647811
    outer loop
      vertex 15.649999999999999 10.60512602565496 -19.601124975722797
      vertex 16.049999999999997 9.619833231536298 -19.45497059609279
      vertex 16.049999999999997 10.60512602565496 -19.601124975722797
    endloop
  endfacet
  facet normal 0 0.049067674327417765 0.9987954562051724
    outer loop
      vertex 15.649999999999999 11.6 -19.65
      vertex 16.049999999999997 10.60512602565496 -19.601124975722797
      vertex 16.049999999999997 11.6 -19.65
    endloop
  endfacet
  facet normal 1 0 0
    outer loop
      vertex 15.649999999999999 3.1605834351291655 -15.139037865148962
      vertex 15.649999999999999 3.7539438983682185 -15.939091834261003
      vertex 15.649999999999999 5.371466698389052 -15.133272736703528
    endloop
  endfacet
  facet normal 1 0 0
    outer loop
      vertex 15.649999999999999 3.1605834351291655 -15.139037865148962
      vertex 15.649999999999999 5.371466698389052 -15.133272736703528
      vertex 15.649999999999999 5.310627209552801 -15.004638445235212
    endloop
  endfacet
  facet normal 1 0 0
    outer loop
      vertex 15.649999999999999 3.7539438983682185 -15.939091834261003
      vertex 15.649999999999999 5.624947698973673 -15.475052301026327
      vertex 15.649999999999999 5.529387374318198 -15.36961773034312
    endloop
  endfacet
  facet normal 1 0 0
    outer loop
      vertex 15.649999999999999 3.7539438983682185 -15.939091834261003
      vertex 15.649999999999999 5.7303822696568805 -15.570612625681802
      vertex 15.649999999999999 5.624947698973673 -15.475052301026327
    endloop
  endfacet
  facet normal 1 0 0
    outer loop
      vertex 15.649999999999999 3.7539438983682185 -15.939091834261003
      vertex 15.649999999999999 5.844675693815743 -15.655378406144523
      vertex 15.649999999999999 5.7303822696568805 -15.570612625681802
    endloop
  endfacet
  facet normal 1 0 0
    outer loop
      vertex 15.649999999999999 3.7539438983682185 -15.939091834261003
      vertex 15.649999999999999 5.9667272632964705 -15.728533301610948
      vertex 15.649999999999999 5.844675693815743 -15.655378406144523
    endloop
  endfacet
  facet normal 1 0 0
    outer loop
      vertex 15.649999999999999 3.7539438983682185 -15.939091834261003
      vertex 15.649999999999999 5.529387374318198 -15.36961773034312
      vertex 15.649999999999999 5.4446215938554765 -15.255324306184256
    endloop
  endfacet
  facet normal 1 0 0
    outer loop
      vertex 15.649999999999999 3.7539438983682185 -15.939091834261003
      vertex 15.649999999999999 5.4446215938554765 -15.255324306184256
      vertex 15.649999999999999 5.371466698389052 -15.133272736703528
    endloop
  endfacet
  facet normal 1 0 0
    outer loop
      vertex 15.649999999999999 3.7539438983682185 -15.939091834261003
      vertex 15.649999999999999 6.095361554764787 -15.7893727904472
      vertex 15.649999999999999 5.9667272632964705 -15.728533301610948
    endloop
  endfacet
  facet normal 1 0 0
    outer loop
      vertex 15.649999999999999 3.7539438983682185 -15.939091834261003
      vertex 15.649999999999999 6.229339749675196 -15.837310955117536
      vertex 15.649999999999999 6.095361554764787 -15.7893727904472
    endloop
  endfacet
  facet normal 1 0 0
    outer loop
      vertex 15.649999999999999 3.7539438983682185 -15.939091834261003
      vertex 15.649999999999999 6.36737156477078 -15.871886124890517
      vertex 15.649999999999999 6.229339749675196 -15.837310955117536
    endloop
  endfacet
  facet normal 1 0 0
    outer loop
      vertex 15.649999999999999 3.7539438983682185 -15.939091834261003
      vertex 15.649999999999999 6.508127678216304 -15.89276532198052
      vertex 15.649999999999999 6.36737156477078 -15.871886124890517
    endloop
  endfacet
  facet normal 1 0 0
    outer loop
      vertex 15.649999999999999 3.7539438983682185 -15.939091834261003
      vertex 15.649999999999999 6.650252531694166 -15.899747468305833
      vertex 15.649999999999999 6.508127678216304 -15.89276532198052
    endloop
  endfacet
  facet normal 1 0 0
    outer loop
      vertex 15.649999999999999 3.1605834351291655 -15.139037865148962
      vertex 15.649999999999999 5.207234678019481 -14.591872321783697
      vertex 15.649999999999999 4.80736902746542 -14.45
    endloop
  endfacet
  facet normal 1 0 0
    outer loop
      vertex 15.649999999999999 3.1605834351291655 -15.139037865148962
      vertex 15.649999999999999 5.310627209552801 -15.004638445235212
      vertex 15.649999999999999 5.262689044882464 -14.870660250324804
    endloop
  endfacet
  facet normal 1 0 0
    outer loop
      vertex 15.649999999999999 3.1605834351291655 -15.139037865148962
      vertex 15.649999999999999 5.262689044882464 -14.870660250324804
      vertex 15.649999999999999 5.228113875109482 -14.73262843522922
    endloop
  endfacet
  facet normal 1 0 0
    outer loop
      vertex 15.649999999999999 3.1605834351291655 -15.139037865148962
      vertex 15.649999999999999 5.228113875109482 -14.73262843522922
      vertex 15.649999999999999 5.207234678019481 -14.591872321783697
    endloop
  endfacet
  facet normal 1 0 0
    outer loop
      vertex 15.649999999999999 3.1605834351291655 -15.139037865148962
      vertex 15.649999999999999 4.80736902746542 -14.45
      vertex 15.649999999999999 4.80736902746542 -11.85
    endloop
  endfacet
  facet normal 1 0 0
    outer loop
      vertex 15.649999999999999 4.80736902746542 -14.45
      vertex 15.649999999999999 5.207234678019481 -14.591872321783697
      vertex 15.649999999999999 5.200264937780768 -14.45
    endloop
  endfacet
  facet normal 1 0 0
    outer loop
      vertex 15.649999999999999 1.6450294039072109 -11.480166768463702
      vertex 15.649999999999999 4.80736902746542 -11.85
      vertex 15.649999999999999 6.30736902746542 -11.85
    endloop
  endfacet
  facet normal 1 0 0
    outer loop
      vertex 15.649999999999999 1.6450294039072109 -11.480166768463702
      vertex 15.649999999999999 6.30736902746542 -11.85
      vertex 15.649999999999999 6.30736902746542 -5.957361335105466
    endloop
  endfacet
  facet normal 1 0 0
    outer loop
      vertex 15.649999999999999 4.422866170956541 -16.67713382904346
      vertex 15.649999999999999 18.777133829043457 -16.67713382904346
      vertex 15.649999999999999 3.7539438983682185 -15.939091834261003
    endloop
  endfacet
  facet normal 1 0 0
    outer loop
      vertex 15.649999999999999 8.093270385368852 -14.591872321783697
      vertex 15.649999999999999 9.692630972534579 -14.5
      vertex 15.649999999999999 8.097783783119093 -14.5
    endloop
  endfacet
  facet normal 1 0 0
    outer loop
      vertex 15.649999999999999 3.7539438983682185 -15.939091834261003
      vertex 15.649999999999999 19.446056101631783 -15.939091834261003
      vertex 15.649999999999999 6.650252531694166 -15.899747468305833
    endloop
  endfacet
  facet normal 1 0 0
    outer loop
      vertex 15.649999999999999 6.79237738517203 -15.89276532198052
      vertex 15.649999999999999 16.266866501382445 -15.871886124890517
      vertex 15.649999999999999 6.933133498617552 -15.871886124890517
    endloop
  endfacet
  facet normal 1 0 0
    outer loop
      vertex 15.649999999999999 6.933133498617552 -15.871886124890517
      vertex 15.649999999999999 16.12883468628686 -15.837310955117536
      vertex 15.649999999999999 7.071165313713138 -15.837310955117536
    endloop
  endfacet
  facet normal 1 0 0
    outer loop
      vertex 15.649999999999999 7.071165313713138 -15.837310955117536
      vertex 15.649999999999999 15.994856491376453 -15.7893727904472
      vertex 15.649999999999999 7.2051435086235465 -15.7893727904472
    endloop
  endfacet
  facet normal 1 0 0
    outer loop
      vertex 15.649999999999999 7.2051435086235465 -15.7893727904472
      vertex 15.649999999999999 15.866222199908137 -15.728533301610948
      vertex 15.649999999999999 7.333777800091863 -15.728533301610948
    endloop
  endfacet
  facet normal 1 0 0
    outer loop
      vertex 15.649999999999999 7.333777800091863 -15.728533301610948
      vertex 15.649999999999999 15.866222199908137 -15.728533301610948
      vertex 15.649999999999999 7.45582936957259 -15.655378406144525
    endloop
  endfacet
  facet normal 1 0 0
    outer loop
      vertex 15.649999999999999 7.45582936957259 -15.655378406144525
      vertex 15.649999999999999 15.866222199908137 -15.728533301610948
      vertex 15.649999999999999 7.570122793731453 -15.5706126256818
    endloop
  endfacet
  facet normal 1 0 0
    outer loop
      vertex 15.649999999999999 7.570122793731453 -15.5706126256818
      vertex 15.649999999999999 15.866222199908137 -15.728533301610948
      vertex 15.649999999999999 7.6755573644146615 -15.475052301026327
    endloop
  endfacet
  facet normal 1 0 0
    outer loop
      vertex 15.649999999999999 7.771117689070135 -15.36961773034312
      vertex 15.649999999999999 15.344116530467142 -15.255324306184256
      vertex 15.649999999999999 7.855883469532857 -15.255324306184256
    endloop
  endfacet
  facet normal 1 0 0
    outer loop
      vertex 15.649999999999999 7.855883469532857 -15.255324306184256
      vertex 15.649999999999999 15.270961635000718 -15.13327273670353
      vertex 15.649999999999999 7.929038364999281 -15.13327273670353
    endloop
  endfacet
  facet normal 1 0 0
    outer loop
      vertex 15.649999999999999 7.6755573644146615 -15.475052301026327
      vertex 15.649999999999999 15.866222199908137 -15.728533301610948
      vertex 15.649999999999999 7.771117689070135 -15.36961773034312
    endloop
  endfacet
  facet normal 1 0 0
    outer loop
      vertex 15.649999999999999 7.929038364999281 -15.13327273670353
      vertex 15.649999999999999 15.210122146164466 -15.004638445235212
      vertex 15.649999999999999 7.989877853835533 -15.004638445235212
    endloop
  endfacet
  facet normal 1 0 0
    outer loop
      vertex 15.649999999999999 6.650252531694166 -15.899747468305833
      vertex 15.649999999999999 19.446056101631783 -15.939091834261003
      vertex 15.649999999999999 6.79237738517203 -15.89276532198052
    endloop
  endfacet
  facet normal 1 0 0
    outer loop
      vertex 15.649999999999999 7.989877853835533 -15.004638445235212
      vertex 15.649999999999999 15.210122146164466 -15.004638445235212
      vertex 15.649999999999999 8.03781601850587 -14.870660250324804
    endloop
  endfacet
  facet normal 1 0 0
    outer loop
      vertex 15.649999999999999 8.03781601850587 -14.870660250324804
      vertex 15.649999999999999 15.16218398149413 -14.870660250324804
      vertex 15.649999999999999 8.07239118827885 -14.73262843522922
    endloop
  endfacet
  facet normal 1 0 0
    outer loop
      vertex 15.649999999999999 8.07239118827885 -14.73262843522922
      vertex 15.649999999999999 15.16218398149413 -14.870660250324804
      vertex 15.649999999999999 8.093270385368852 -14.591872321783697
    endloop
  endfacet
  facet normal 1 0 0
    outer loop
      vertex 15.649999999999999 9.692630972534579 -14.5
      vertex 15.649999999999999 11.19263097253458 -14.45
      vertex 15.649999999999999 9.692630972534579 -14.45
    endloop
  endfacet
  facet normal 1 0 0
    outer loop
      vertex 15.649999999999999 8.093270385368852 -14.591872321783697
      vertex 15.649999999999999 13.307369027465421 -14.45
      vertex 15.649999999999999 9.692630972534579 -14.5
    endloop
  endfacet
  facet normal 1 0 0
    outer loop
      vertex 15.649999999999999 9.692630972534579 -14.5
      vertex 15.649999999999999 11.80736902746542 -14.45
      vertex 15.649999999999999 11.19263097253458 -14.45
    endloop
  endfacet
  facet normal 1 0 0
    outer loop
      vertex 15.649999999999999 8.093270385368852 -14.591872321783697
      vertex 15.649999999999999 13.307369027465421 -14.5
      vertex 15.649999999999999 13.307369027465421 -14.45
    endloop
  endfacet
  facet normal 1 0 0
    outer loop
      vertex 15.649999999999999 11.19263097253458 -14.45
      vertex 15.649999999999999 11.80736902746542 -14.45
      vertex 15.649999999999999 11.281444293928928 -12.73435036168464
    endloop
  endfacet
  facet normal 1 0 0
    outer loop
      vertex 15.649999999999999 11.19263097253458 -14.45
      vertex 15.649999999999999 11.281444293928928 -12.73435036168464
      vertex 15.649999999999999 11.19263097253458 -12.721176149949049
    endloop
  endfacet
  facet normal 1 0 0
    outer loop
      vertex 15.649999999999999 11.80736902746542 -14.45
      vertex 15.649999999999999 11.6 -12.75
      vertex 15.649999999999999 11.281444293928928 -12.73435036168464
    endloop
  endfacet
  facet normal 6.895427570814981e-17 0.7409511253549594 0.671558954847018
    outer loop
      vertex 15.649999999999999 4.422866170956541 -16.67713382904346
      vertex 15.649999999999999 3.7539438983682185 -15.939091834261003
      vertex 16.049999999999997 3.7539438983682185 -15.939091834261003
    endloop
  endfacet
  facet normal 4.229751017579325e-17 0.6715589548470176 0.7409511253549599
    outer loop
      vertex 15.649999999999999 5.160908165738998 -17.34605610163178
      vertex 15.649999999999999 4.422866170956541 -16.67713382904346
      vertex 16.049999999999997 4.422866170956541 -16.67713382904346
    endloop
  endfacet
  facet normal 0 0.7409511253549594 0.671558954847018
    outer loop
      vertex 15.649999999999999 4.422866170956541 -16.67713382904346
      vertex 16.049999999999997 3.7539438983682185 -15.939091834261003
      vertex 16.049999999999997 4.422866170956541 -16.67713382904346
    endloop
  endfacet
  facet normal 1 0 0
    outer loop
      vertex 15.649999999999999 1.4988750242772007 -10.49487397434504
      vertex 15.649999999999999 6.30736902746542 -5.957361335105466
      vertex 15.649999999999999 1.4499999999999993 -9.5
    endloop
  endfacet
  facet normal 1 0 0
    outer loop
      vertex 15.649999999999999 1.4499999999999993 -9.5
      vertex 15.649999999999999 6.30736902746542 -5.957361335105466
      vertex 15.649999999999999 1.4988750242772007 -8.50512602565496
    endloop
  endfacet
  facet normal 1 0 0
    outer loop
      vertex 15.649999999999999 1.4988750242772007 -8.50512602565496
      vertex 15.649999999999999 6.30736902746542 -5.957361335105466
      vertex 15.649999999999999 1.6450294039072109 -7.519833231536298
    endloop
  endfacet
  facet normal 1 0 0
    outer loop
      vertex 15.649999999999999 1.6450294039072109 -7.519833231536298
      vertex 15.649999999999999 6.30736902746542 -5.957361335105466
      vertex 15.649999999999999 1.8870555923180792 -6.553610525867207
    endloop
  endfacet
  facet normal 1 0 0
    outer loop
      vertex 15.649999999999999 1.8870555923180792 -6.553610525867207
      vertex 15.649999999999999 5.844675693815743 -5.755883469532858
      vertex 15.649999999999999 2.2226227450104385 -5.615763161494339
    endloop
  endfacet
  facet normal 1 0 0
    outer loop
      vertex 15.649999999999999 2.2226227450104385 -5.615763161494339
      vertex 15.649999999999999 5.371466698389052 -5.233777800091864
      vertex 15.649999999999999 2.6484991668641964 -4.715323121216124
    endloop
  endfacet
  facet normal 1 0 0
    outer loop
      vertex 15.649999999999999 2.6484991668641964 -4.715323121216124
      vertex 15.649999999999999 5.207234678019481 -4.692377385172031
      vertex 15.649999999999999 3.1605834351291655 -3.8609621348510377
    endloop
  endfacet
  facet normal -3.589435751817708e-18 0.9987954562051724 -0.049067674327417765
    outer loop
      vertex 15.649999999999999 1.4499999999999993 -9.5
      vertex 15.649999999999999 1.4988750242772007 -8.50512602565496
      vertex 16.049999999999997 1.4988750242772007 -8.50512602565496
    endloop
  endfacet
  facet normal 8.562703698207309e-18 0.9891765099647808 -0.1467304744553626
    outer loop
      vertex 15.649999999999999 1.4988750242772007 -8.50512602565496
      vertex 15.649999999999999 1.6450294039072109 -7.519833231536298
      vertex 16.049999999999997 1.6450294039072109 -7.519833231536298
    endloop
  endfacet
  facet normal -7.285029973917824e-18 0.9700312531945441 -0.2429801799032631
    outer loop
      vertex 15.649999999999999 1.6450294039072109 -7.519833231536298
      vertex 15.649999999999999 1.8870555923180792 -6.553610525867207
      vertex 16.049999999999997 1.8870555923180792 -6.553610525867207
    endloop
  endfacet
  facet normal -1.2702632340994442e-17 0.9415440651830207 -0.33688985339222016
    outer loop
      vertex 15.649999999999999 1.8870555923180792 -6.553610525867207
      vertex 15.649999999999999 2.2226227450104385 -5.615763161494339
      vertex 16.049999999999997 2.2226227450104385 -5.615763161494339
    endloop
  endfacet
  facet normal 2.5974939158850153e-17 0.903989293123443 -0.42755509343028275
    outer loop
      vertex 15.649999999999999 2.2226227450104385 -5.615763161494339
      vertex 15.649999999999999 2.6484991668641964 -4.715323121216124
      vertex 16.049999999999997 2.6484991668641964 -4.715323121216124
    endloop
  endfacet
  facet normal 0 0.9891765099647808 -0.1467304744553626
    outer loop
      vertex 15.649999999999999 1.4988750242772007 -8.50512602565496
      vertex 16.049999999999997 1.6450294039072109 -7.519833231536298
      vertex 16.049999999999997 1.4988750242772007 -8.50512602565496
    endloop
  endfacet
  facet normal 0 0.9700312531945441 -0.2429801799032631
    outer loop
      vertex 15.649999999999999 1.6450294039072109 -7.519833231536298
      vertex 16.049999999999997 1.8870555923180792 -6.553610525867207
      vertex 16.049999999999997 1.6450294039072109 -7.519833231536298
    endloop
  endfacet
  facet normal 0 0.9415440651830207 -0.33688985339222016
    outer loop
      vertex 15.649999999999999 1.8870555923180792 -6.553610525867207
      vertex 16.049999999999997 2.2226227450104385 -5.615763161494339
      vertex 16.049999999999997 1.8870555923180792 -6.553610525867207
    endloop
  endfacet
  facet normal 0 0.903989293123443 -0.42755509343028275
    outer loop
      vertex 15.649999999999999 2.2226227450104385 -5.615763161494339
      vertex 16.049999999999997 2.6484991668641964 -4.715323121216124
      vertex 16.049999999999997 2.2226227450104385 -5.615763161494339
    endloop
  endfacet
  facet normal -5.490679287067877e-17 0.8577286100002721 -0.5141027441932216
    outer loop
      vertex 15.649999999999999 2.6484991668641964 -4.715323121216124
      vertex 15.649999999999999 3.1605834351291655 -3.8609621348510377
      vertex 16.049999999999997 3.1605834351291655 -3.8609621348510377
    endloop
  endfacet
  facet normal -1.8694819301127663e-19 0.8032075314806455 -0.5956993044924325
    outer loop
      vertex 15.649999999999999 3.1605834351291655 -3.8609621348510377
      vertex 15.649999999999999 3.7539438983682185 -3.060908165738998
      vertex 16.049999999999997 3.7539438983682185 -3.060908165738998
    endloop
  endfacet
  facet normal 0 0.8577286100002721 -0.5141027441932216
    outer loop
      vertex 15.649999999999999 2.6484991668641964 -4.715323121216124
      vertex 16.049999999999997 3.1605834351291655 -3.8609621348510377
      vertex 16.049999999999997 2.6484991668641964 -4.715323121216124
    endloop
  endfacet
  facet normal 0 0.8032075314806455 -0.5956993044924325
    outer loop
      vertex 15.649999999999999 3.1605834351291655 -3.8609621348510377
      vertex 16.049999999999997 3.7539438983682185 -3.060908165738998
      vertex 16.049999999999997 3.1605834351291655 -3.8609621348510377
    endloop
  endfacet
  facet normal 1 0 0
    outer loop
      vertex 15.649999999999999 1.8870555923180792 -6.553610525867207
      vertex 15.649999999999999 5.96672726329647 -5.829038364999281
      vertex 15.649999999999999 5.844675693815743 -5.755883469532858
    endloop
  endfacet
  facet normal 1 0 0
    outer loop
      vertex 15.649999999999999 1.8870555923180792 -6.553610525867207
      vertex 15.649999999999999 6.095361554764787 -5.889877853835533
      vertex 15.649999999999999 5.96672726329647 -5.829038364999281
    endloop
  endfacet
  facet normal 1 0 0
    outer loop
      vertex 15.649999999999999 2.2226227450104385 -5.615763161494339
      vertex 15.649999999999999 5.444621593855476 -5.35582936957259
      vertex 15.649999999999999 5.371466698389052 -5.233777800091864
    endloop
  endfacet
  facet normal 1 0 0
    outer loop
      vertex 15.649999999999999 2.2226227450104385 -5.615763161494339
      vertex 15.649999999999999 5.624947698973673 -5.575557364414662
      vertex 15.649999999999999 5.5293873743181985 -5.470122793731453
    endloop
  endfacet
  facet normal 1 0 0
    outer loop
      vertex 15.649999999999999 2.2226227450104385 -5.615763161494339
      vertex 15.649999999999999 5.5293873743181985 -5.470122793731453
      vertex 15.649999999999999 5.444621593855476 -5.35582936957259
    endloop
  endfacet
  facet normal 1 0 0
    outer loop
      vertex 15.649999999999999 5.7303822696568805 -5.671117689070135
      vertex 15.649999999999999 5.624947698973673 -5.575557364414662
      vertex 15.649999999999999 2.2226227450104385 -5.615763161494339
    endloop
  endfacet
  facet normal 1 0 0
    outer loop
      vertex 15.649999999999999 5.7303822696568805 -5.671117689070135
      vertex 15.649999999999999 2.2226227450104385 -5.615763161494339
      vertex 15.649999999999999 5.844675693815743 -5.755883469532858
    endloop
  endfacet
  facet normal 1 0 0
    outer loop
      vertex 15.649999999999999 2.6484991668641964 -4.715323121216124
      vertex 15.649999999999999 5.371466698389052 -5.233777800091864
      vertex 15.649999999999999 5.3106272095528 -5.105143508623547
    endloop
  endfacet
  facet normal 1 0 0
    outer loop
      vertex 15.649999999999999 2.6484991668641964 -4.715323121216124
      vertex 15.649999999999999 5.3106272095528 -5.105143508623547
      vertex 15.649999999999999 5.262689044882464 -4.971165313713138
    endloop
  endfacet
  facet normal 1 0 0
    outer loop
      vertex 15.649999999999999 1.8870555923180792 -6.553610525867207
      vertex 15.649999999999999 6.30736902746542 -5.957361335105466
      vertex 15.649999999999999 6.229339749675196 -5.93781601850587
    endloop
  endfacet
  facet normal 1 0 0
    outer loop
      vertex 15.649999999999999 1.8870555923180792 -6.553610525867207
      vertex 15.649999999999999 6.229339749675196 -5.93781601850587
      vertex 15.649999999999999 6.095361554764787 -5.889877853835533
    endloop
  endfacet
  facet normal 1 0 0
    outer loop
      vertex 15.649999999999999 2.6484991668641964 -4.715323121216124
      vertex 15.649999999999999 5.228113875109482 -4.833133498617553
      vertex 15.649999999999999 5.207234678019481 -4.692377385172031
    endloop
  endfacet
  facet normal 1 0 0
    outer loop
      vertex 15.649999999999999 2.6484991668641964 -4.715323121216124
      vertex 15.649999999999999 5.262689044882464 -4.971165313713138
      vertex 15.649999999999999 5.228113875109482 -4.833133498617553
    endloop
  endfacet
  facet normal 1 0 0
    outer loop
      vertex 15.649999999999999 3.1605834351291655 -3.8609621348510377
      vertex 15.649999999999999 5.207234678019481 -4.692377385172031
      vertex 15.649999999999999 5.200252531694167 -4.550252531694166
    endloop
  endfacet
  facet normal 1 0 0
    outer loop
      vertex 15.649999999999999 3.1605834351291655 -3.8609621348510377
      vertex 15.649999999999999 5.200252531694167 -4.550252531694166
      vertex 15.649999999999999 5.207234678019481 -4.408127678216304
    endloop
  endfacet
  facet normal 1 0 0
    outer loop
      vertex 15.649999999999999 3.1605834351291655 -3.8609621348510377
      vertex 15.649999999999999 5.207234678019481 -4.408127678216304
      vertex 15.649999999999999 5.228113875109482 -4.26737156477078
    endloop
  endfacet
  facet normal 1 0 0
    outer loop
      vertex 15.649999999999999 3.1605834351291655 -3.8609621348510377
      vertex 15.649999999999999 5.228113875109482 -4.26737156477078
      vertex 15.649999999999999 5.262689044882464 -4.1293397496751965
    endloop
  endfacet
  facet normal 1 0 0
    outer loop
      vertex 15.649999999999999 3.1605834351291655 -3.8609621348510377
      vertex 15.649999999999999 5.262689044882464 -4.1293397496751965
      vertex 15.649999999999999 5.310627209552801 -3.995361554764787
    endloop
  endfacet
  facet normal 1 0 0
    outer loop
      vertex 15.649999999999999 3.1605834351291655 -3.8609621348510377
      vertex 15.649999999999999 5.310627209552801 -3.995361554764787
      vertex 15.649999999999999 5.371466698389052 -3.866727263296471
    endloop
  endfacet
  facet normal 1 0 0
    outer loop
      vertex 15.649999999999999 3.1605834351291655 -3.8609621348510377
      vertex 15.649999999999999 5.4446215938554765 -3.7446756938157435
      vertex 15.649999999999999 3.7539438983682185 -3.060908165738998
    endloop
  endfacet
  facet normal 1 0 0
    outer loop
      vertex 15.649999999999999 3.1605834351291655 -3.8609621348510377
      vertex 15.649999999999999 5.371466698389052 -3.866727263296471
      vertex 15.649999999999999 5.4446215938554765 -3.7446756938157435
    endloop
  endfacet
  facet normal 1 0 0
    outer loop
      vertex 15.649999999999999 3.7539438983682185 -3.060908165738998
      vertex 15.649999999999999 5.4446215938554765 -3.7446756938157435
      vertex 15.649999999999999 5.529387374318198 -3.630382269656881
    endloop
  endfacet
  facet normal 1 0 0
    outer loop
      vertex 15.649999999999999 3.7539438983682185 -3.060908165738998
      vertex 15.649999999999999 5.529387374318198 -3.630382269656881
      vertex 15.649999999999999 5.624947698973673 -3.5249476989736737
    endloop
  endfacet
  facet normal 1 0 0
    outer loop
      vertex 15.649999999999999 3.7539438983682185 -3.060908165738998
      vertex 15.649999999999999 5.624947698973673 -3.5249476989736737
      vertex 15.649999999999999 5.7303822696568805 -3.429387374318198
    endloop
  endfacet
  facet normal 1 0 0
    outer loop
      vertex 15.649999999999999 3.7539438983682185 -3.060908165738998
      vertex 15.649999999999999 5.7303822696568805 -3.429387374318198
      vertex 15.649999999999999 5.844675693815743 -3.344621593855477
    endloop
  endfacet
  facet normal 1 0 0
    outer loop
      vertex 15.649999999999999 3.7539438983682185 -3.060908165738998
      vertex 15.649999999999999 5.844675693815743 -3.344621593855477
      vertex 15.649999999999999 5.9667272632964705 -3.2714666983890526
    endloop
  endfacet
  facet normal 1 0 0
    outer loop
      vertex 15.649999999999999 3.7539438983682185 -3.060908165738998
      vertex 15.649999999999999 5.9667272632964705 -3.2714666983890526
      vertex 15.649999999999999 6.095361554764787 -3.2106272095528015
    endloop
  endfacet
  facet normal 1 0 0
    outer loop
      vertex 15.649999999999999 3.7539438983682185 -3.060908165738998
      vertex 15.649999999999999 6.095361554764787 -3.2106272095528015
      vertex 15.649999999999999 6.229339749675196 -3.1626890448824643
    endloop
  endfacet
  facet normal 1 0 0
    outer loop
      vertex 15.649999999999999 3.7539438983682185 -3.060908165738998
      vertex 15.649999999999999 6.30736902746542 -0.852955134027674
      vertex 15.649999999999999 4.422866170956541 -2.3228661709565417
    endloop
  endfacet
  facet normal 1 0 0
    outer loop
      vertex 15.649999999999999 3.7539438983682185 -3.060908165738998
      vertex 15.649999999999999 6.229339749675196 -3.1626890448824643
      vertex 15.649999999999999 6.30736902746542 -0.852955134027674
    endloop
  endfacet
  facet normal 1 0 0
    outer loop
      vertex 15.649999999999999 4.422866170956541 -2.3228661709565417
      vertex 15.649999999999999 6.30736902746542 -0.852955134027674
      vertex 15.649999999999999 5.160908165738998 -1.6539438983682189
    endloop
  endfacet
  facet normal 1 0 0
    outer loop
      vertex 15.649999999999999 6.229339749675196 -3.1626890448824643
      vertex 15.649999999999999 6.30736902746542 -3.143143728282868
      vertex 15.649999999999999 6.30736902746542 -0.852955134027674
    endloop
  endfacet
  facet normal 1 0 0
    outer loop
      vertex 15.649999999999999 5.160908165738998 -1.6539438983682189
      vertex 15.649999999999999 6.30736902746542 -0.852955134027674
      vertex 15.649999999999999 5.960962134851037 -1.0605834351291659
    endloop
  endfacet
  facet normal -4.3163993857721e-15 0.5141027441932216 -0.8577286100002721
    outer loop
      vertex 15.649999999999999 5.960962134851037 -1.0605834351291659
      vertex 15.649999999999999 6.30736902746542 -0.852955134027674
      vertex 15.666629138560253 6.308185964657265 -0.852465480718615
    endloop
  endfacet
  facet normal 1 0 0
    outer loop
      vertex 15.649999999999999 9.692630972534579 -6.8731983990415415
      vertex 15.649999999999999 9.794396742686292 -6.797723760016728
      vertex 15.649999999999999 9.692630972534579 0.4657691208943297
    endloop
  endfacet
  facet normal 1 0 0
    outer loop
      vertex 15.649999999999999 9.794396742686292 -6.797723760016728
      vertex 15.649999999999999 10.067960605315507 -6.633755890867846
      vertex 15.649999999999999 9.692630972534579 0.4657691208943297
    endloop
  endfacet
  facet normal 1 0 0
    outer loop
      vertex 15.649999999999999 10.067960605315507 -6.633755890867846
      vertex 15.649999999999999 10.356278844813458 -6.4973915193383185
      vertex 15.649999999999999 9.692630972534579 0.4657691208943297
    endloop
  endfacet
  facet normal 1 0 0
    outer loop
      vertex 15.649999999999999 10.356278844813458 -6.4973915193383185
      vertex 15.649999999999999 10.656574798922996 -6.389943908870322
      vertex 15.649999999999999 9.692630972534579 0.4657691208943297
    endloop
  endfacet
  facet normal 1 0 0
    outer loop
      vertex 15.649999999999999 10.656574798922996 -6.389943908870322
      vertex 15.649999999999999 10.965956453447582 -6.312447838689501
      vertex 15.649999999999999 9.692630972534579 0.4657691208943297
    endloop
  endfacet
  facet normal 1 0 0
    outer loop
      vertex 15.649999999999999 10.965956453447582 -6.312447838689501
      vertex 15.649999999999999 11.281444293928928 -6.2656496383153595
      vertex 15.649999999999999 9.692630972534579 0.4657691208943297
    endloop
  endfacet
  facet normal 1 0 0
    outer loop
      vertex 15.649999999999999 11.281444293928928 -6.2656496383153595
      vertex 15.649999999999999 11.6 -6.25
      vertex 15.649999999999999 9.692630972534579 0.4657691208943297
    endloop
  endfacet
  facet normal 1 0 0
    outer loop
      vertex 15.649999999999999 11.6 -6.25
      vertex 15.649999999999999 11.918555706071071 -6.2656496383153595
      vertex 15.649999999999999 9.692630972534579 0.4657691208943297
    endloop
  endfacet
  facet normal -1.895282584081326e-16 0.7409511253549594 -0.671558954847018
    outer loop
      vertex 15.649999999999999 3.7539438983682185 -3.060908165738998
      vertex 15.649999999999999 4.422866170956541 -2.3228661709565417
      vertex 16.049999999999997 4 -2.789427093096531
    endloop
  endfacet
  facet normal -6.895427570814981e-17 0.671558954847018 -0.7409511253549594
    outer loop
      vertex 15.649999999999999 4.422866170956541 -2.3228661709565417
      vertex 15.649999999999999 5.160908165738998 -1.6539438983682189
      vertex 16.049999999999997 5.160908165738998 -1.6539438983682189
    endloop
  endfacet
  facet normal -1.8694819301127663e-19 0.5956993044924325 -0.8032075314806455
    outer loop
      vertex 15.649999999999999 5.160908165738998 -1.6539438983682189
      vertex 15.649999999999999 5.960962134851037 -1.0605834351291659
      vertex 16.049999999999997 5.960962134851037 -1.0605834351291659
    endloop
  endfacet
  facet normal 2.0619368834847791e-16 0.5141027441932214 -0.8577286100002722
    outer loop
      vertex 15.649999999999999 5.960962134851037 -1.0605834351291659
      vertex 15.666629138560253 6.308185964657265 -0.852465480718615
      vertex 15.831653547427418 6.332665023314508 -0.8377932976012168
    endloop
  endfacet
  facet normal 7.829457407183609e-16 0.5141027441932211 -0.8577286100002723
    outer loop
      vertex 15.649999999999999 5.960962134851037 -1.0605834351291659
      vertex 15.831653547427418 6.332665023314508 -0.8377932976012168
      vertex 15.993483951332585 6.373201429255245 -0.8134967109059723
    endloop
  endfacet
  facet normal 0 0.7409511253549592 -0.6715589548470182
    outer loop
      vertex 15.649999999999999 3.7539438983682185 -3.060908165738998
      vertex 16.049999999999997 4 -2.789427093096531
      vertex 16.049999999999997 3.7539438983682185 -3.060908165738998
    endloop
  endfacet
  facet normal 0 0.7409511253549595 -0.671558954847018
    outer loop
      vertex 15.649999999999999 4.422866170956541 -2.3228661709565417
      vertex 16.049999999999997 4.422866170956541 -2.3228661709565417
      vertex 16.049999999999997 4 -2.789427093096531
    endloop
  endfacet
  facet normal 0 0.671558954847018 -0.7409511253549594
    outer loop
      vertex 15.649999999999999 4.422866170956541 -2.3228661709565417
      vertex 16.049999999999997 5.160908165738998 -1.6539438983682189
      vertex 16.049999999999997 4.422866170956541 -2.3228661709565417
    endloop
  endfacet
  facet normal 0 0.5956993044924325 -0.8032075314806455
    outer loop
      vertex 15.649999999999999 5.160908165738998 -1.6539438983682189
      vertex 16.049999999999997 5.960962134851037 -1.0605834351291659
      vertex 16.049999999999997 5.160908165738998 -1.6539438983682189
    endloop
  endfacet
  facet normal -4.1798929027212455e-15 0.5141027441932241 -0.8577286100002707
    outer loop
      vertex 15.649999999999999 5.960962134851037 -1.0605834351291659
      vertex 15.993483951332585 6.373201429255245 -0.8134967109059723
      vertex 16.049999999999997 6.393423194814535 -0.8013762510714105
    endloop
  endfacet
  facet normal 0 0.5141027441932214 -0.8577286100002723
    outer loop
      vertex 15.649999999999999 5.960962134851037 -1.0605834351291659
      vertex 16.049999999999997 6.393423194814535 -0.8013762510714105
      vertex 16.049999999999997 5.960962134851037 -1.0605834351291659
    endloop
  endfacet
  facet normal 6.271806255198754e-15 0.1467304744553626 -0.9891765099647808
    outer loop
      vertex 15.649999999999999 9.692630972534579 0.4657691208943297
      vertex 15.649999999999999 10.60512602565496 0.601124975722799
      vertex 15.666629138560253 9.691814035342734 0.46564793970922075
    endloop
  endfacet
  facet normal 1 0 0
    outer loop
      vertex 15.649999999999999 9.692630972534579 0.4657691208943297
      vertex 15.649999999999999 13.307369027465421 0.49543631840199925
      vertex 15.649999999999999 10.60512602565496 0.601124975722799
    endloop
  endfacet
  facet normal 2.363984768862084e-18 0.1467304744553625 -0.9891765099647808
    outer loop
      vertex 15.666629138560253 9.691814035342734 0.46564793970922075
      vertex 15.649999999999999 10.60512602565496 0.601124975722799
      vertex 16.049999999999997 10.60512602565496 0.601124975722799
    endloop
  endfacet
  facet normal -5.926140288969342e-16 0.14673047445536275 -0.9891765099647808
    outer loop
      vertex 15.666629138560253 9.691814035342734 0.46564793970922075
      vertex 16.049999999999997 10.60512602565496 0.601124975722799
      vertex 15.831653547427418 9.667334976685492 0.4620168143692895
    endloop
  endfacet
  facet normal -3.589435751817708e-18 0.049067674327417765 -0.9987954562051724
    outer loop
      vertex 15.649999999999999 10.60512602565496 0.601124975722799
      vertex 15.649999999999999 11.6 0.6500000000000004
      vertex 16.049999999999997 11.6 0.6500000000000004
    endloop
  endfacet
  facet normal 0 0.24298017990326917 -0.9700312531945425
    outer loop
      vertex 16.01295077031711 9.619833231536298 0.4549705960927888
      vertex 16.049999999999997 9.619833231536298 0.4549705960927888
      vertex 16.049999999999997 9.606576805185465 0.45165003415316884
    endloop
  endfacet
  facet normal 0 0.049067674327417765 -0.9987954562051724
    outer loop
      vertex 15.649999999999999 10.60512602565496 0.601124975722799
      vertex 16.049999999999997 11.6 0.6500000000000004
      vertex 16.049999999999997 10.60512602565496 0.601124975722799
    endloop
  endfacet
  facet normal 1.435268926956162e-17 0.1467304744553626 -0.9891765099647809
    outer loop
      vertex 15.831653547427418 9.667334976685492 0.4620168143692895
      vertex 16.049999999999997 10.60512602565496 0.601124975722799
      vertex 15.993483951332585 9.626798570744755 0.456003806562815
    endloop
  endfacet
  facet normal -7.380804559273458e-16 0.14673047445536264 -0.9891765099647809
    outer loop
      vertex 15.993483951332585 9.626798570744755 0.456003806562815
      vertex 16.049999999999997 10.60512602565496 0.601124975722799
      vertex 16.01295077031711 9.619833231536298 0.4549705960927888
    endloop
  endfacet
  facet normal 0 0.14673047445536264 -0.9891765099647809
    outer loop
      vertex 16.01295077031711 9.619833231536298 0.4549705960927888
      vertex 16.049999999999997 10.60512602565496 0.601124975722799
      vertex 16.049999999999997 9.619833231536298 0.4549705960927888
    endloop
  endfacet
  facet normal 1 0 0
    outer loop
      vertex 15.649999999999999 10.60512602565496 -19.601124975722797
      vertex 15.649999999999999 11.6 -19.65
      vertex 15.649999999999999 12.59487397434504 -19.601124975722797
    endloop
  endfacet
  facet normal 1 0 0
    outer loop
      vertex 15.649999999999999 9.619833231536298 -19.45497059609279
      vertex 15.649999999999999 12.59487397434504 -19.601124975722797
      vertex 15.649999999999999 13.580166768463702 -19.45497059609279
    endloop
  endfacet
  facet normal 1 0 0
    outer loop
      vertex 15.649999999999999 8.653610525867206 -19.21294440768192
      vertex 15.649999999999999 13.580166768463702 -19.45497059609279
      vertex 15.649999999999999 14.546389474132793 -19.21294440768192
    endloop
  endfacet
  facet normal 1 0 0
    outer loop
      vertex 15.649999999999999 7.715763161494339 -18.87737725498956
      vertex 15.649999999999999 14.546389474132793 -19.21294440768192
      vertex 15.649999999999999 15.48423683850566 -18.87737725498956
    endloop
  endfacet
  facet normal 1 0 0
    outer loop
      vertex 15.649999999999999 6.815323121216124 -18.451500833135803
      vertex 15.649999999999999 15.48423683850566 -18.87737725498956
      vertex 15.649999999999999 16.384676878783875 -18.451500833135803
    endloop
  endfacet
  facet normal 1 0 0
    outer loop
      vertex 15.649999999999999 5.960962134851037 -17.939416564870832
      vertex 15.649999999999999 16.384676878783875 -18.451500833135803
      vertex 15.649999999999999 17.239037865148962 -17.939416564870832
    endloop
  endfacet
  facet normal 1 0 0
    outer loop
      vertex 15.649999999999999 5.160908165738998 -17.34605610163178
      vertex 15.649999999999999 17.239037865148962 -17.939416564870832
      vertex 15.649999999999999 18.039091834261 -17.34605610163178
    endloop
  endfacet
  facet normal 0 -0.049067674327417765 0.9987954562051724
    outer loop
      vertex 15.649999999999999 11.6 -19.65
      vertex 16.049999999999997 11.6 -19.65
      vertex 15.649999999999999 12.59487397434504 -19.601124975722797
    endloop
  endfacet
  facet normal 0 -0.14673047445536086 0.9891765099647811
    outer loop
      vertex 15.649999999999999 12.59487397434504 -19.601124975722797
      vertex 16.049999999999997 12.59487397434504 -19.601124975722797
      vertex 15.649999999999999 13.580166768463702 -19.45497059609279
    endloop
  endfacet
  facet normal 0 -0.2429801799032631 0.9700312531945441
    outer loop
      vertex 15.649999999999999 13.580166768463702 -19.45497059609279
      vertex 16.049999999999997 13.580166768463702 -19.45497059609279
      vertex 15.649999999999999 14.546389474132793 -19.21294440768192
    endloop
  endfacet
  facet normal 0 -0.33688985339222016 0.9415440651830207
    outer loop
      vertex 15.649999999999999 14.546389474132793 -19.21294440768192
      vertex 16.049999999999997 14.546389474132793 -19.21294440768192
      vertex 15.649999999999999 15.48423683850566 -18.87737725498956
    endloop
  endfacet
  facet normal 0 -0.049067674327417765 0.9987954562051724
    outer loop
      vertex 15.649999999999999 12.59487397434504 -19.601124975722797
      vertex 16.049999999999997 11.6 -19.65
      vertex 16.049999999999997 12.59487397434504 -19.601124975722797
    endloop
  endfacet
  facet normal 0 -0.14673047445536086 0.9891765099647811
    outer loop
      vertex 15.649999999999999 13.580166768463702 -19.45497059609279
      vertex 16.049999999999997 12.59487397434504 -19.601124975722797
      vertex 16.049999999999997 13.580166768463702 -19.45497059609279
    endloop
  endfacet
  facet normal 0 -0.2429801799032631 0.9700312531945441
    outer loop
      vertex 15.649999999999999 14.546389474132793 -19.21294440768192
      vertex 16.049999999999997 13.580166768463702 -19.45497059609279
      vertex 16.049999999999997 14.546389474132793 -19.21294440768192
    endloop
  endfacet
  facet normal 0 -0.33688985339222016 0.9415440651830207
    outer loop
      vertex 15.649999999999999 15.48423683850566 -18.87737725498956
      vertex 16.049999999999997 14.546389474132793 -19.21294440768192
      vertex 16.049999999999997 15.48423683850566 -18.87737725498956
    endloop
  endfacet
  facet normal 0 -0.42755509343028303 0.9039892931234428
    outer loop
      vertex 15.649999999999999 15.48423683850566 -18.87737725498956
      vertex 16.049999999999997 15.48423683850566 -18.87737725498956
      vertex 15.649999999999999 16.384676878783875 -18.451500833135803
    endloop
  endfacet
  facet normal 0 -0.5141027441932225 0.8577286100002716
    outer loop
      vertex 15.649999999999999 16.384676878783875 -18.451500833135803
      vertex 16.049999999999997 16.384676878783875 -18.451500833135803
      vertex 15.649999999999999 17.239037865148962 -17.939416564870832
    endloop
  endfacet
  facet normal 0 -0.5956993044924318 0.803207531480646
    outer loop
      vertex 15.649999999999999 17.239037865148962 -17.939416564870832
      vertex 16.049999999999997 17.239037865148962 -17.939416564870832
      vertex 15.649999999999999 18.039091834261 -17.34605610163178
    endloop
  endfacet
  facet normal 0 -0.6715589548470176 0.7409511253549599
    outer loop
      vertex 15.649999999999999 18.039091834261 -17.34605610163178
      vertex 16.049999999999997 18.039091834261 -17.34605610163178
      vertex 15.649999999999999 18.777133829043457 -16.67713382904346
    endloop
  endfacet
  facet normal 0 -0.42755509343028303 0.9039892931234428
    outer loop
      vertex 15.649999999999999 16.384676878783875 -18.451500833135803
      vertex 16.049999999999997 15.48423683850566 -18.87737725498956
      vertex 16.049999999999997 16.384676878783875 -18.451500833135803
    endloop
  endfacet
  facet normal 0 -0.5141027441932225 0.8577286100002716
    outer loop
      vertex 15.649999999999999 17.239037865148962 -17.939416564870832
      vertex 16.049999999999997 16.384676878783875 -18.451500833135803
      vertex 16.049999999999997 17.239037865148962 -17.939416564870832
    endloop
  endfacet
  facet normal 0 -0.5956993044924318 0.803207531480646
    outer loop
      vertex 15.649999999999999 18.039091834261 -17.34605610163178
      vertex 16.049999999999997 17.239037865148962 -17.939416564870832
      vertex 16.049999999999997 18.039091834261 -17.34605610163178
    endloop
  endfacet
  facet normal 1 0 0
    outer loop
      vertex 15.649999999999999 7.071165313713138 -15.837310955117536
      vertex 15.649999999999999 16.12883468628686 -15.837310955117536
      vertex 15.649999999999999 15.994856491376453 -15.7893727904472
    endloop
  endfacet
  facet normal 1 0 0
    outer loop
      vertex 15.649999999999999 7.2051435086235465 -15.7893727904472
      vertex 15.649999999999999 15.994856491376453 -15.7893727904472
      vertex 15.649999999999999 15.866222199908137 -15.728533301610948
    endloop
  endfacet
  facet normal 1 0 0
    outer loop
      vertex 15.649999999999999 7.855883469532857 -15.255324306184256
      vertex 15.649999999999999 15.344116530467142 -15.255324306184256
      vertex 15.649999999999999 15.270961635000718 -15.13327273670353
    endloop
  endfacet
  facet normal 1 0 0
    outer loop
      vertex 15.649999999999999 7.929038364999281 -15.13327273670353
      vertex 15.649999999999999 15.270961635000718 -15.13327273670353
      vertex 15.649999999999999 15.210122146164466 -15.004638445235212
    endloop
  endfacet
  facet normal 1 0 0
    outer loop
      vertex 15.649999999999999 7.771117689070135 -15.36961773034312
      vertex 15.649999999999999 15.428882310929865 -15.36961773034312
      vertex 15.649999999999999 15.344116530467142 -15.255324306184256
    endloop
  endfacet
  facet normal 1 0 0
    outer loop
      vertex 15.649999999999999 7.771117689070135 -15.36961773034312
      vertex 15.649999999999999 15.524442635585338 -15.475052301026327
      vertex 15.649999999999999 15.428882310929865 -15.36961773034312
    endloop
  endfacet
  facet normal 1 0 0
    outer loop
      vertex 15.649999999999999 7.771117689070135 -15.36961773034312
      vertex 15.649999999999999 15.629877206268546 -15.5706126256818
      vertex 15.649999999999999 15.524442635585338 -15.475052301026327
    endloop
  endfacet
  facet normal 1 0 0
    outer loop
      vertex 15.649999999999999 7.771117689070135 -15.36961773034312
      vertex 15.649999999999999 15.744170630427408 -15.655378406144525
      vertex 15.649999999999999 15.629877206268546 -15.5706126256818
    endloop
  endfacet
  facet normal 1 0 0
    outer loop
      vertex 15.649999999999999 6.933133498617552 -15.871886124890517
      vertex 15.649999999999999 16.266866501382445 -15.871886124890517
      vertex 15.649999999999999 16.12883468628686 -15.837310955117536
    endloop
  endfacet
  facet normal 1 0 0
    outer loop
      vertex 15.649999999999999 6.79237738517203 -15.89276532198052
      vertex 15.649999999999999 16.407622614827968 -15.89276532198052
      vertex 15.649999999999999 16.266866501382445 -15.871886124890517
    endloop
  endfacet
  facet normal 1 0 0
    outer loop
      vertex 15.649999999999999 6.79237738517203 -15.89276532198052
      vertex 15.649999999999999 16.54974746830583 -15.899747468305833
      vertex 15.649999999999999 16.407622614827968 -15.89276532198052
    endloop
  endfacet
  facet normal 1 0 0
    outer loop
      vertex 15.649999999999999 7.771117689070135 -15.36961773034312
      vertex 15.649999999999999 15.866222199908137 -15.728533301610948
      vertex 15.649999999999999 15.744170630427408 -15.655378406144525
    endloop
  endfacet
  facet normal 1 0 0
    outer loop
      vertex 15.649999999999999 9.692630972534579 -14.5
      vertex 15.649999999999999 13.307369027465421 -14.45
      vertex 15.649999999999999 11.80736902746542 -14.45
    endloop
  endfacet
  facet normal 1 0 0
    outer loop
      vertex 15.649999999999999 8.093270385368852 -14.591872321783697
      vertex 15.649999999999999 15.106729614631147 -14.591872321783697
      vertex 15.649999999999999 13.307369027465421 -14.5
    endloop
  endfacet
  facet normal 1 0 0
    outer loop
      vertex 15.649999999999999 11.80736902746542 -14.45
      vertex 15.649999999999999 11.80736902746542 -12.739812612940867
      vertex 15.649999999999999 11.6 -12.75
    endloop
  endfacet
  facet normal 1 0 0
    outer loop
      vertex 15.649999999999999 8.03781601850587 -14.870660250324804
      vertex 15.649999999999999 15.210122146164466 -15.004638445235212
      vertex 15.649999999999999 15.16218398149413 -14.870660250324804
    endloop
  endfacet
  facet normal 1 0 0
    outer loop
      vertex 15.649999999999999 8.093270385368852 -14.591872321783697
      vertex 15.649999999999999 15.16218398149413 -14.870660250324804
      vertex 15.649999999999999 15.12760881172115 -14.73262843522922
    endloop
  endfacet
  facet normal 1 0 0
    outer loop
      vertex 15.649999999999999 8.093270385368852 -14.591872321783697
      vertex 15.649999999999999 15.12760881172115 -14.73262843522922
      vertex 15.649999999999999 15.106729614631147 -14.591872321783697
    endloop
  endfacet
  facet normal 1 0 0
    outer loop
      vertex 15.649999999999999 4.422866170956541 -16.67713382904346
      vertex 15.649999999999999 18.039091834261 -17.34605610163178
      vertex 15.649999999999999 18.777133829043457 -16.67713382904346
    endloop
  endfacet
  facet normal 1 0 0
    outer loop
      vertex 15.649999999999999 3.7539438983682185 -15.939091834261003
      vertex 15.649999999999999 18.777133829043457 -16.67713382904346
      vertex 15.649999999999999 19.446056101631783 -15.939091834261003
    endloop
  endfacet
  facet normal 1 0 0
    outer loop
      vertex 15.649999999999999 6.79237738517203 -15.89276532198052
      vertex 15.649999999999999 19.446056101631783 -15.939091834261003
      vertex 15.649999999999999 16.54974746830583 -15.899747468305833
    endloop
  endfacet
  facet normal 1 0 0
    outer loop
      vertex 15.649999999999999 13.307369027465421 -14.5
      vertex 15.649999999999999 15.106729614631147 -14.591872321783697
      vertex 15.649999999999999 15.102216216880906 -14.5
    endloop
  endfacet
  facet normal 1 0 0
    outer loop
      vertex 15.649999999999999 16.54974746830583 -15.899747468305833
      vertex 15.649999999999999 19.446056101631783 -15.939091834261003
      vertex 15.649999999999999 16.691872321783695 -15.89276532198052
    endloop
  endfacet
  facet normal 1 0 0
    outer loop
      vertex 15.649999999999999 16.691872321783695 -15.89276532198052
      vertex 15.649999999999999 19.446056101631783 -15.939091834261003
      vertex 15.649999999999999 16.832628435229218 -15.871886124890517
    endloop
  endfacet
  facet normal 1 0 0
    outer loop
      vertex 15.649999999999999 16.832628435229218 -15.871886124890517
      vertex 15.649999999999999 19.446056101631783 -15.939091834261003
      vertex 15.649999999999999 16.970660250324805 -15.837310955117536
    endloop
  endfacet
  facet normal 1 0 0
    outer loop
      vertex 15.649999999999999 16.970660250324805 -15.837310955117536
      vertex 15.649999999999999 19.446056101631783 -15.939091834261003
      vertex 15.649999999999999 17.104638445235214 -15.7893727904472
    endloop
  endfacet
  facet normal 1 0 0
    outer loop
      vertex 15.649999999999999 17.104638445235214 -15.7893727904472
      vertex 15.649999999999999 19.446056101631783 -15.939091834261003
      vertex 15.649999999999999 17.23327273670353 -15.728533301610948
    endloop
  endfacet
  facet normal 1 0 0
    outer loop
      vertex 15.649999999999999 17.23327273670353 -15.728533301610948
      vertex 15.649999999999999 19.446056101631783 -15.939091834261003
      vertex 15.649999999999999 17.355324306184258 -15.655378406144523
    endloop
  endfacet
  facet normal 1 0 0
    outer loop
      vertex 15.649999999999999 17.355324306184258 -15.655378406144523
      vertex 15.649999999999999 19.446056101631783 -15.939091834261003
      vertex 15.649999999999999 17.469617730343117 -15.570612625681802
    endloop
  endfacet
  facet normal 1 0 0
    outer loop
      vertex 15.649999999999999 17.469617730343117 -15.570612625681802
      vertex 15.649999999999999 19.446056101631783 -15.939091834261003
      vertex 15.649999999999999 17.575052301026325 -15.475052301026327
    endloop
  endfacet
  facet normal 1 0 0
    outer loop
      vertex 15.649999999999999 17.575052301026325 -15.475052301026327
      vertex 15.649999999999999 19.446056101631783 -15.939091834261003
      vertex 15.649999999999999 17.6706126256818 -15.36961773034312
    endloop
  endfacet
  facet normal 1 0 0
    outer loop
      vertex 15.649999999999999 17.6706126256818 -15.36961773034312
      vertex 15.649999999999999 19.446056101631783 -15.939091834261003
      vertex 15.649999999999999 17.755378406144523 -15.255324306184256
    endloop
  endfacet
  facet normal 1 0 0
    outer loop
      vertex 15.649999999999999 17.755378406144523 -15.255324306184256
      vertex 15.649999999999999 20.039416564870834 -15.139037865148962
      vertex 15.649999999999999 17.828533301610946 -15.133272736703528
    endloop
  endfacet
  facet normal 1 0 0
    outer loop
      vertex 15.649999999999999 17.828533301610946 -15.133272736703528
      vertex 15.649999999999999 20.039416564870834 -15.139037865148962
      vertex 15.649999999999999 17.889372790447197 -15.004638445235212
    endloop
  endfacet
  facet normal 1 0 0
    outer loop
      vertex 15.649999999999999 17.755378406144523 -15.255324306184256
      vertex 15.649999999999999 19.446056101631783 -15.939091834261003
      vertex 15.649999999999999 20.039416564870834 -15.139037865148962
    endloop
  endfacet
  facet normal 1 0 0
    outer loop
      vertex 15.649999999999999 17.889372790447197 -15.004638445235212
      vertex 15.649999999999999 20.039416564870834 -15.139037865148962
      vertex 15.649999999999999 17.937310955117535 -14.870660250324804
    endloop
  endfacet
  facet normal 1 0 0
    outer loop
      vertex 15.649999999999999 17.937310955117535 -14.870660250324804
      vertex 15.649999999999999 20.039416564870834 -15.139037865148962
      vertex 15.649999999999999 17.971886124890517 -14.73262843522922
    endloop
  endfacet
  facet normal 1 0 0
    outer loop
      vertex 15.649999999999999 17.971886124890517 -14.73262843522922
      vertex 15.649999999999999 20.039416564870834 -15.139037865148962
      vertex 15.649999999999999 17.992765321980517 -14.591872321783697
    endloop
  endfacet
  facet normal 1 0 0
    outer loop
      vertex 15.649999999999999 17.992765321980517 -14.591872321783697
      vertex 15.649999999999999 20.039416564870834 -15.139037865148962
      vertex 15.649999999999999 17.999735062219234 -14.45
    endloop
  endfacet
  facet normal 1 0 0
    outer loop
      vertex 15.649999999999999 17.999735062219234 -14.45
      vertex 15.649999999999999 20.039416564870834 -15.139037865148962
      vertex 15.649999999999999 18.19263097253458 -14.45
    endloop
  endfacet
  facet normal 1 0 0
    outer loop
      vertex 15.649999999999999 18.19263097253458 -14.45
      vertex 15.649999999999999 21.554970596092787 -11.480166768463702
      vertex 15.649999999999999 18.19263097253458 -11.85
    endloop
  endfacet
  facet normal 1 0 0
    outer loop
      vertex 15.649999999999999 16.69263097253458 -11.85
      vertex 15.649999999999999 18.19263097253458 -11.85
      vertex 15.649999999999999 21.554970596092787 -11.480166768463702
    endloop
  endfacet
  facet normal 0 -0.7409511253549581 0.6715589548470196
    outer loop
      vertex 15.649999999999999 18.777133829043457 -16.67713382904346
      vertex 16.049999999999997 18.777133829043457 -16.67713382904346
      vertex 15.649999999999999 19.446056101631783 -15.939091834261003
    endloop
  endfacet
  facet normal 0 -0.6715589548470176 0.7409511253549599
    outer loop
      vertex 15.649999999999999 18.777133829043457 -16.67713382904346
      vertex 16.049999999999997 18.039091834261 -17.34605610163178
      vertex 16.049999999999997 18.777133829043457 -16.67713382904346
    endloop
  endfacet
  facet normal 0 -0.7409511253549581 0.6715589548470196
    outer loop
      vertex 15.649999999999999 19.446056101631783 -15.939091834261003
      vertex 16.049999999999997 18.777133829043457 -16.67713382904346
      vertex 16.049999999999997 19.446056101631783 -15.939091834261003
    endloop
  endfacet
  facet normal 1 0 0
    outer loop
      vertex 15.649999999999999 18.19263097253458 -14.45
      vertex 15.649999999999999 20.039416564870834 -15.139037865148962
      vertex 15.649999999999999 20.551500833135805 -14.284676878783877
    endloop
  endfacet
  facet normal 1 0 0
    outer loop
      vertex 15.649999999999999 18.19263097253458 -14.45
      vertex 15.649999999999999 20.551500833135805 -14.284676878783877
      vertex 15.649999999999999 20.977377254989563 -13.384236838505661
    endloop
  endfacet
  facet normal 1 0 0
    outer loop
      vertex 15.649999999999999 18.19263097253458 -14.45
      vertex 15.649999999999999 20.977377254989563 -13.384236838505661
      vertex 15.649999999999999 21.31294440768192 -12.446389474132793
    endloop
  endfacet
  facet normal 1 0 0
    outer loop
      vertex 15.649999999999999 18.19263097253458 -14.45
      vertex 15.649999999999999 21.31294440768192 -12.446389474132793
      vertex 15.649999999999999 21.554970596092787 -11.480166768463702
    endloop
  endfacet
  facet normal 1 0 0
    outer loop
      vertex 15.649999999999999 16.69263097253458 -11.85
      vertex 15.649999999999999 21.554970596092787 -11.480166768463702
      vertex 15.649999999999999 21.7011249757228 -10.49487397434504
    endloop
  endfacet
  facet normal 1 0 0
    outer loop
      vertex 15.649999999999999 16.69263097253458 -11.85
      vertex 15.649999999999999 21.7011249757228 -10.49487397434504
      vertex 15.649999999999999 21.75 -9.5
    endloop
  endfacet
  facet normal 1 0 0
    outer loop
      vertex 15.649999999999999 16.69263097253458 -11.85
      vertex 15.649999999999999 21.75 -9.5
      vertex 15.649999999999999 21.7011249757228 -8.50512602565496
    endloop
  endfacet
  facet normal 1 0 0
    outer loop
      vertex 15.649999999999999 16.69263097253458 -11.85
      vertex 15.649999999999999 21.7011249757228 -8.50512602565496
      vertex 15.649999999999999 21.554970596092787 -7.519833231536298
    endloop
  endfacet
  facet normal 0 -0.8032075314806467 0.5956993044924309
    outer loop
      vertex 15.649999999999999 19.446056101631783 -15.939091834261003
      vertex 16.049999999999997 19.446056101631783 -15.939091834261003
      vertex 15.649999999999999 20.039416564870834 -15.139037865148962
    endloop
  endfacet
  facet normal 0 -0.8577286100002711 0.5141027441932233
    outer loop
      vertex 15.649999999999999 20.039416564870834 -15.139037865148962
      vertex 16.049999999999997 20.039416564870834 -15.139037865148962
      vertex 15.649999999999999 20.551500833135805 -14.284676878783877
    endloop
  endfacet
  facet normal 0 -0.9039892931234432 0.42755509343028236
    outer loop
      vertex 15.649999999999999 20.551500833135805 -14.284676878783877
      vertex 16.049999999999997 20.551500833135805 -14.284676878783877
      vertex 15.649999999999999 20.977377254989563 -13.384236838505661
    endloop
  endfacet
  facet normal 0 -0.9415440651830219 0.33688985339221705
    outer loop
      vertex 15.649999999999999 20.977377254989563 -13.384236838505661
      vertex 16.049999999999997 20.977377254989563 -13.384236838505661
      vertex 15.649999999999999 21.31294440768192 -12.446389474132793
    endloop
  endfacet
  facet normal 0 -0.8032075314806467 0.5956993044924309
    outer loop
      vertex 15.649999999999999 20.039416564870834 -15.139037865148962
      vertex 16.049999999999997 19.446056101631783 -15.939091834261003
      vertex 16.049999999999997 20.039416564870834 -15.139037865148962
    endloop
  endfacet
  facet normal 0 -0.8577286100002711 0.5141027441932233
    outer loop
      vertex 15.649999999999999 20.551500833135805 -14.284676878783877
      vertex 16.049999999999997 20.039416564870834 -15.139037865148962
      vertex 16.049999999999997 20.551500833135805 -14.284676878783877
    endloop
  endfacet
  facet normal 0 -0.9039892931234432 0.42755509343028236
    outer loop
      vertex 15.649999999999999 20.977377254989563 -13.384236838505661
      vertex 16.049999999999997 20.551500833135805 -14.284676878783877
      vertex 16.049999999999997 20.977377254989563 -13.384236838505661
    endloop
  endfacet
  facet normal 0 -0.9700312531945441 0.2429801799032631
    outer loop
      vertex 15.649999999999999 21.31294440768192 -12.446389474132793
      vertex 16.049999999999997 21.31294440768192 -12.446389474132793
      vertex 15.649999999999999 21.554970596092787 -11.480166768463702
    endloop
  endfacet
  facet normal 0 -0.9891765099647806 0.14673047445536433
    outer loop
      vertex 15.649999999999999 21.554970596092787 -11.480166768463702
      vertex 16.049999999999997 21.554970596092787 -11.480166768463702
      vertex 15.649999999999999 21.7011249757228 -10.49487397434504
    endloop
  endfacet
  facet normal 0 -0.9987954562051724 0.049067674327417765
    outer loop
      vertex 15.649999999999999 21.7011249757228 -10.49487397434504
      vertex 16.049999999999997 21.7011249757228 -10.49487397434504
      vertex 15.649999999999999 21.75 -9.5
    endloop
  endfacet
  facet normal 0 -0.9987954562051724 -0.049067674327417765
    outer loop
      vertex 15.649999999999999 21.75 -9.5
      vertex 16.049999999999997 21.75 -9.5
      vertex 15.649999999999999 21.7011249757228 -8.50512602565496
    endloop
  endfacet
  facet normal 0 -0.9415440651830219 0.33688985339221705
    outer loop
      vertex 15.649999999999999 21.31294440768192 -12.446389474132793
      vertex 16.049999999999997 20.977377254989563 -13.384236838505661
      vertex 16.049999999999997 21.31294440768192 -12.446389474132793
    endloop
  endfacet
  facet normal 0 -0.9700312531945441 0.2429801799032631
    outer loop
      vertex 15.649999999999999 21.554970596092787 -11.480166768463702
      vertex 16.049999999999997 21.31294440768192 -12.446389474132793
      vertex 16.049999999999997 21.554970596092787 -11.480166768463702
    endloop
  endfacet
  facet normal 0 -0.9891765099647806 0.14673047445536433
    outer loop
      vertex 15.649999999999999 21.7011249757228 -10.49487397434504
      vertex 16.049999999999997 21.554970596092787 -11.480166768463702
      vertex 16.049999999999997 21.7011249757228 -10.49487397434504
    endloop
  endfacet
  facet normal 0 -0.9987954562051724 0.049067674327417765
    outer loop
      vertex 15.649999999999999 21.75 -9.5
      vertex 16.049999999999997 21.7011249757228 -10.49487397434504
      vertex 16.049999999999997 21.75 -9.5
    endloop
  endfacet
  facet normal 1 0 0
    outer loop
      vertex 15.649999999999999 11.918555706071071 -6.2656496383153595
      vertex 15.649999999999999 12.234043546552417 -6.312447838689501
      vertex 15.649999999999999 13.307369027465421 0.49543631840199925
    endloop
  endfacet
  facet normal 1 0 0
    outer loop
      vertex 15.649999999999999 12.234043546552417 -6.312447838689501
      vertex 15.649999999999999 12.543425201077003 -6.389943908870322
      vertex 15.649999999999999 13.307369027465421 0.49543631840199925
    endloop
  endfacet
  facet normal 1 0 0
    outer loop
      vertex 15.649999999999999 12.543425201077003 -6.389943908870322
      vertex 15.649999999999999 12.843721155186541 -6.4973915193383185
      vertex 15.649999999999999 13.307369027465421 0.49543631840199925
    endloop
  endfacet
  facet normal 1 0 0
    outer loop
      vertex 15.649999999999999 12.843721155186541 -6.4973915193383185
      vertex 15.649999999999999 13.132039394684492 -6.633755890867846
      vertex 15.649999999999999 13.307369027465421 0.49543631840199925
    endloop
  endfacet
  facet normal 1 0 0
    outer loop
      vertex 15.649999999999999 13.132039394684492 -6.633755890867846
      vertex 15.649999999999999 13.307369027465421 -6.738844428547657
      vertex 15.649999999999999 13.307369027465421 0.49543631840199925
    endloop
  endfacet
  facet normal 1 0 0
    outer loop
      vertex 15.649999999999999 11.918555706071071 -6.2656496383153595
      vertex 15.649999999999999 13.307369027465421 0.49543631840199925
      vertex 15.649999999999999 9.692630972534579 0.4657691208943297
    endloop
  endfacet
  facet normal 1 0 0
    outer loop
      vertex 15.649999999999999 16.69263097253458 -11.85
      vertex 15.649999999999999 16.832628435229218 -5.972391188278851
      vertex 15.649999999999999 16.69263097253458 -5.993157850160523
    endloop
  endfacet
  facet normal 1 0 0
    outer loop
      vertex 15.649999999999999 16.69263097253458 -11.85
      vertex 15.649999999999999 21.31294440768192 -6.553610525867207
      vertex 15.649999999999999 16.832628435229218 -5.972391188278851
    endloop
  endfacet
  facet normal 1 0 0
    outer loop
      vertex 15.649999999999999 16.832628435229218 -5.972391188278851
      vertex 15.649999999999999 21.31294440768192 -6.553610525867207
      vertex 15.649999999999999 16.970660250324805 -5.93781601850587
    endloop
  endfacet
  facet normal 1 0 0
    outer loop
      vertex 15.649999999999999 16.970660250324805 -5.93781601850587
      vertex 15.649999999999999 21.31294440768192 -6.553610525867207
      vertex 15.649999999999999 17.104638445235214 -5.889877853835533
    endloop
  endfacet
  facet normal 1 0 0
    outer loop
      vertex 15.649999999999999 17.104638445235214 -5.889877853835533
      vertex 15.649999999999999 21.31294440768192 -6.553610525867207
      vertex 15.649999999999999 17.23327273670353 -5.829038364999281
    endloop
  endfacet
  facet normal 1 0 0
    outer loop
      vertex 15.649999999999999 17.23327273670353 -5.829038364999281
      vertex 15.649999999999999 21.31294440768192 -6.553610525867207
      vertex 15.649999999999999 17.355324306184258 -5.755883469532858
    endloop
  endfacet
  facet normal 1 0 0
    outer loop
      vertex 15.649999999999999 17.355324306184258 -5.755883469532858
      vertex 15.649999999999999 21.31294440768192 -6.553610525867207
      vertex 15.649999999999999 17.469617730343117 -5.671117689070135
    endloop
  endfacet
  facet normal 1 0 0
    outer loop
      vertex 15.649999999999999 17.469617730343117 -5.671117689070135
      vertex 15.649999999999999 20.977377254989563 -5.615763161494339
      vertex 15.649999999999999 17.575052301026325 -5.575557364414662
    endloop
  endfacet
  facet normal 1 0 0
    outer loop
      vertex 15.649999999999999 17.575052301026325 -5.575557364414662
      vertex 15.649999999999999 20.977377254989563 -5.615763161494339
      vertex 15.649999999999999 17.6706126256818 -5.470122793731453
    endloop
  endfacet
  facet normal 1 0 0
    outer loop
      vertex 15.649999999999999 17.6706126256818 -5.470122793731453
      vertex 15.649999999999999 20.977377254989563 -5.615763161494339
      vertex 15.649999999999999 17.755378406144523 -5.35582936957259
    endloop
  endfacet
  facet normal 1 0 0
    outer loop
      vertex 15.649999999999999 17.755378406144523 -5.35582936957259
      vertex 15.649999999999999 20.551500833135805 -4.715323121216124
      vertex 15.649999999999999 17.828533301610946 -5.233777800091864
    endloop
  endfacet
  facet normal 1 0 0
    outer loop
      vertex 15.649999999999999 17.828533301610946 -5.233777800091864
      vertex 15.649999999999999 20.551500833135805 -4.715323121216124
      vertex 15.649999999999999 17.889372790447197 -5.105143508623547
    endloop
  endfacet
  facet normal 1 0 0
    outer loop
      vertex 15.649999999999999 17.889372790447197 -5.105143508623547
      vertex 15.649999999999999 20.551500833135805 -4.715323121216124
      vertex 15.649999999999999 17.937310955117535 -4.971165313713138
    endloop
  endfacet
  facet normal 1 0 0
    outer loop
      vertex 15.649999999999999 16.69263097253458 -3.107347213227811
      vertex 15.649999999999999 18.039091834261 -1.6539438983682189
      vertex 15.649999999999999 17.239037865148962 -1.0605834351291659
    endloop
  endfacet
  facet normal 1 0 0
    outer loop
      vertex 15.649999999999999 16.69263097253458 -3.107347213227811
      vertex 15.649999999999999 17.239037865148962 -1.0605834351291659
      vertex 15.649999999999999 16.69263097253458 -0.73307974729129
    endloop
  endfacet
  facet normal -1.476974894097188e-14 -0.5141027441932212 -0.8577286100002723
    outer loop
      vertex 15.649999999999999 16.69263097253458 -0.73307974729129
      vertex 15.649999999999999 17.239037865148962 -1.0605834351291659
      vertex 15.666629138560253 16.691814035342734 -0.7325900939822307
    endloop
  endfacet
  facet normal 1 0 0
    outer loop
      vertex 15.649999999999999 16.69263097253458 -3.107347213227811
      vertex 15.649999999999999 16.832628435229218 -3.1281138751094826
      vertex 15.649999999999999 19.446056101631783 -3.060908165738998
    endloop
  endfacet
  facet normal 1 0 0
    outer loop
      vertex 15.649999999999999 16.832628435229218 -3.1281138751094826
      vertex 15.649999999999999 16.970660250324805 -3.1626890448824643
      vertex 15.649999999999999 19.446056101631783 -3.060908165738998
    endloop
  endfacet
  facet normal 1 0 0
    outer loop
      vertex 15.649999999999999 16.970660250324805 -3.1626890448824643
      vertex 15.649999999999999 17.104638445235214 -3.2106272095528015
      vertex 15.649999999999999 19.446056101631783 -3.060908165738998
    endloop
  endfacet
  facet normal 1 0 0
    outer loop
      vertex 15.649999999999999 17.104638445235214 -3.2106272095528015
      vertex 15.649999999999999 17.23327273670353 -3.2714666983890526
      vertex 15.649999999999999 19.446056101631783 -3.060908165738998
    endloop
  endfacet
  facet normal 1 0 0
    outer loop
      vertex 15.649999999999999 17.575052301026325 -3.5249476989736737
      vertex 15.649999999999999 19.446056101631783 -3.060908165738998
      vertex 15.649999999999999 17.469617730343117 -3.429387374318198
    endloop
  endfacet
  facet normal 1 0 0
    outer loop
      vertex 15.649999999999999 17.755378406144523 -3.7446756938157435
      vertex 15.649999999999999 17.828533301610946 -3.866727263296471
      vertex 15.649999999999999 19.446056101631783 -3.060908165738998
    endloop
  endfacet
  facet normal 1 0 0
    outer loop
      vertex 15.649999999999999 17.755378406144523 -3.7446756938157435
      vertex 15.649999999999999 19.446056101631783 -3.060908165738998
      vertex 15.649999999999999 17.6706126256818 -3.630382269656881
    endloop
  endfacet
  facet normal 1 0 0
    outer loop
      vertex 15.649999999999999 17.575052301026325 -3.5249476989736737
      vertex 15.649999999999999 17.6706126256818 -3.630382269656881
      vertex 15.649999999999999 19.446056101631783 -3.060908165738998
    endloop
  endfacet
  facet normal 1 0 0
    outer loop
      vertex 15.649999999999999 17.23327273670353 -3.2714666983890526
      vertex 15.649999999999999 17.355324306184258 -3.344621593855477
      vertex 15.649999999999999 19.446056101631783 -3.060908165738998
    endloop
  endfacet
  facet normal 1 0 0
    outer loop
      vertex 15.649999999999999 17.355324306184258 -3.344621593855477
      vertex 15.649999999999999 17.469617730343117 -3.429387374318198
      vertex 15.649999999999999 19.446056101631783 -3.060908165738998
    endloop
  endfacet
  facet normal 1 0 0
    outer loop
      vertex 15.649999999999999 16.69263097253458 -3.107347213227811
      vertex 15.649999999999999 19.446056101631783 -3.060908165738998
      vertex 15.649999999999999 18.777133829043457 -2.3228661709565417
    endloop
  endfacet
  facet normal 1 0 0
    outer loop
      vertex 15.649999999999999 17.992765321980517 -4.692377385172031
      vertex 15.649999999999999 20.039416564870834 -3.8609621348510377
      vertex 15.649999999999999 17.999747468305834 -4.550252531694166
    endloop
  endfacet
  facet normal 1 0 0
    outer loop
      vertex 15.649999999999999 17.937310955117535 -4.971165313713138
      vertex 15.649999999999999 20.551500833135805 -4.715323121216124
      vertex 15.649999999999999 17.971886124890517 -4.833133498617553
    endloop
  endfacet
  facet normal 1 0 0
    outer loop
      vertex 15.649999999999999 17.971886124890517 -4.833133498617553
      vertex 15.649999999999999 20.551500833135805 -4.715323121216124
      vertex 15.649999999999999 17.992765321980517 -4.692377385172031
    endloop
  endfacet
  facet normal 1 0 0
    outer loop
      vertex 15.649999999999999 17.999747468305834 -4.550252531694166
      vertex 15.649999999999999 20.039416564870834 -3.8609621348510377
      vertex 15.649999999999999 17.992765321980517 -4.408127678216304
    endloop
  endfacet
  facet normal 1 0 0
    outer loop
      vertex 15.649999999999999 17.992765321980517 -4.408127678216304
      vertex 15.649999999999999 20.039416564870834 -3.8609621348510377
      vertex 15.649999999999999 17.971886124890517 -4.26737156477078
    endloop
  endfacet
  facet normal 1 0 0
    outer loop
      vertex 15.649999999999999 17.889372790447197 -3.995361554764787
      vertex 15.649999999999999 20.039416564870834 -3.8609621348510377
      vertex 15.649999999999999 17.828533301610946 -3.866727263296471
    endloop
  endfacet
  facet normal 1 0 0
    outer loop
      vertex 15.649999999999999 17.971886124890517 -4.26737156477078
      vertex 15.649999999999999 20.039416564870834 -3.8609621348510377
      vertex 15.649999999999999 17.937310955117535 -4.1293397496751965
    endloop
  endfacet
  facet normal 1 0 0
    outer loop
      vertex 15.649999999999999 17.937310955117535 -4.1293397496751965
      vertex 15.649999999999999 20.039416564870834 -3.8609621348510377
      vertex 15.649999999999999 17.889372790447197 -3.995361554764787
    endloop
  endfacet
  facet normal 1 0 0
    outer loop
      vertex 15.649999999999999 17.828533301610946 -3.866727263296471
      vertex 15.649999999999999 20.039416564870834 -3.8609621348510377
      vertex 15.649999999999999 19.446056101631783 -3.060908165738998
    endloop
  endfacet
  facet normal 1 0 0
    outer loop
      vertex 15.649999999999999 16.69263097253458 -3.107347213227811
      vertex 15.649999999999999 18.777133829043457 -2.3228661709565417
      vertex 15.649999999999999 18.039091834261 -1.6539438983682189
    endloop
  endfacet
  facet normal -3.8587764288193177e-17 -0.5141027441932209 -0.8577286100002726
    outer loop
      vertex 15.666629138560253 16.691814035342734 -0.7325900939822307
      vertex 15.649999999999999 17.239037865148962 -1.0605834351291659
      vertex 16.049999999999997 17.239037865148962 -1.0605834351291659
    endloop
  endfacet
  facet normal 1.1565907003872435e-15 -0.5141027441932214 -0.8577286100002722
    outer loop
      vertex 15.666629138560253 16.691814035342734 -0.7325900939822307
      vertex 16.049999999999997 17.239037865148962 -1.0605834351291659
      vertex 15.831653547427418 16.667334976685492 -0.7179179108648328
    endloop
  endfacet
  facet normal 6.898104200862926e-17 -0.5956993044924329 -0.8032075314806452
    outer loop
      vertex 15.649999999999999 17.239037865148962 -1.0605834351291659
      vertex 15.649999999999999 18.039091834261 -1.6539438983682189
      vertex 16.049999999999997 18.039091834261 -1.6539438983682189
    endloop
  endfacet
  facet normal 6.895427570814981e-17 -0.671558954847018 -0.7409511253549594
    outer loop
      vertex 15.649999999999999 18.039091834261 -1.6539438983682189
      vertex 15.649999999999999 18.777133829043457 -2.3228661709565417
      vertex 16.049999999999997 18.777133829043457 -2.3228661709565417
    endloop
  endfacet
  facet normal 9.599675262356568e-18 -0.7409511253549581 -0.6715589548470196
    outer loop
      vertex 15.649999999999999 18.777133829043457 -2.3228661709565417
      vertex 15.649999999999999 19.446056101631783 -3.060908165738998
      vertex 16.049999999999997 19.446056101631783 -3.060908165738998
    endloop
  endfacet
  facet normal -1.1367712920742625e-15 -0.5141027441932209 -0.8577286100002727
    outer loop
      vertex 15.831653547427418 16.667334976685492 -0.7179179108648328
      vertex 16.049999999999997 17.239037865148962 -1.0605834351291659
      vertex 15.993483951332585 16.626798570744754 -0.6936213241695877
    endloop
  endfacet
  facet normal -9.96934756817049e-15 -0.5141027441932203 -0.857728610000273
    outer loop
      vertex 15.993483951332585 16.626798570744754 -0.6936213241695877
      vertex 16.049999999999997 17.239037865148962 -1.0605834351291659
      vertex 16.049999999999997 16.606576805185462 -0.6815008643350253
    endloop
  endfacet
  facet normal 0 -0.671558954847018 -0.7409511253549594
    outer loop
      vertex 15.649999999999999 18.039091834261 -1.6539438983682189
      vertex 16.049999999999997 18.777133829043457 -2.3228661709565417
      vertex 16.049999999999997 18.039091834261 -1.6539438983682189
    endloop
  endfacet
  facet normal 0 -0.5956993044924329 -0.8032075314806452
    outer loop
      vertex 15.649999999999999 17.239037865148962 -1.0605834351291659
      vertex 16.049999999999997 18.039091834261 -1.6539438983682189
      vertex 16.049999999999997 17.239037865148962 -1.0605834351291659
    endloop
  endfacet
  facet normal 0 -0.7409511253549581 -0.6715589548470196
    outer loop
      vertex 15.649999999999999 18.777133829043457 -2.3228661709565417
      vertex 16.049999999999997 19.446056101631783 -3.060908165738998
      vertex 16.049999999999997 18.777133829043457 -2.3228661709565417
    endloop
  endfacet
  facet normal 1 0 0
    outer loop
      vertex 15.649999999999999 10.60512602565496 0.601124975722799
      vertex 15.649999999999999 12.59487397434504 0.601124975722799
      vertex 15.649999999999999 11.6 0.6500000000000004
    endloop
  endfacet
  facet normal 1 0 0
    outer loop
      vertex 15.649999999999999 10.60512602565496 0.601124975722799
      vertex 15.649999999999999 13.307369027465421 0.49543631840199925
      vertex 15.649999999999999 12.59487397434504 0.601124975722799
    endloop
  endfacet
  facet normal -3.818911696535664e-15 -0.14673047445536264 -0.9891765099647808
    outer loop
      vertex 15.649999999999999 12.59487397434504 0.601124975722799
      vertex 15.649999999999999 13.307369027465421 0.49543631840199925
      vertex 15.666629138560253 13.308185964657266 0.49531513721689013
    endloop
  endfacet
  facet normal 9.550050456224635e-17 -0.1467304744553627 -0.9891765099647808
    outer loop
      vertex 15.649999999999999 12.59487397434504 0.601124975722799
      vertex 15.666629138560253 13.308185964657266 0.49531513721689013
      vertex 15.831653547427418 13.332665023314508 0.491684011876959
    endloop
  endfacet
  facet normal 3.589435751817708e-18 -0.049067674327417765 -0.9987954562051724
    outer loop
      vertex 15.649999999999999 11.6 0.6500000000000004
      vertex 15.649999999999999 12.59487397434504 0.601124975722799
      vertex 16.049999999999997 12.59487397434504 0.601124975722799
    endloop
  endfacet
  facet normal 4.486472995005903e-16 -0.1467304744553628 -0.9891765099647808
    outer loop
      vertex 15.649999999999999 12.59487397434504 0.601124975722799
      vertex 15.831653547427418 13.332665023314508 0.491684011876959
      vertex 15.993483951332585 13.373201429255245 0.4856710040704845
    endloop
  endfacet
  facet normal 0 -0.0490676743274179 -0.9987954562051724
    outer loop
      vertex 15.649999999999999 11.6 0.6500000000000004
      vertex 16.049999999999997 12 0.6303492600922135
      vertex 16.049999999999997 11.6 0.6500000000000004
    endloop
  endfacet
  facet normal -2.330018820631925e-16 -0.049067674327417675 -0.9987954562051724
    outer loop
      vertex 15.649999999999999 11.6 0.6500000000000004
      vertex 16.049999999999997 12.59487397434504 0.601124975722799
      vertex 16.049999999999997 12 0.6303492600922135
    endloop
  endfacet
  facet normal -1.0869611355941645e-15 -0.14673047445536233 -0.989176509964781
    outer loop
      vertex 15.649999999999999 12.59487397434504 0.601124975722799
      vertex 15.993483951332585 13.373201429255245 0.4856710040704845
      vertex 16.049999999999997 13.393423194814535 0.4826713885064782
    endloop
  endfacet
  facet normal 0 -0.14673047445536266 -0.9891765099647808
    outer loop
      vertex 15.649999999999999 12.59487397434504 0.601124975722799
      vertex 16.049999999999997 13.393423194814535 0.4826713885064782
      vertex 16.049999999999997 12.59487397434504 0.601124975722799
    endloop
  endfacet
  facet normal 1 0 0
    outer loop
      vertex 15.649999999999999 16.69263097253458 -11.85
      vertex 15.649999999999999 21.554970596092787 -7.519833231536298
      vertex 15.649999999999999 21.31294440768192 -6.553610525867207
    endloop
  endfacet
  facet normal 1 0 0
    outer loop
      vertex 15.649999999999999 17.469617730343117 -5.671117689070135
      vertex 15.649999999999999 21.31294440768192 -6.553610525867207
      vertex 15.649999999999999 20.977377254989563 -5.615763161494339
    endloop
  endfacet
  facet normal 1 0 0
    outer loop
      vertex 15.649999999999999 17.755378406144523 -5.35582936957259
      vertex 15.649999999999999 20.977377254989563 -5.615763161494339
      vertex 15.649999999999999 20.551500833135805 -4.715323121216124
    endloop
  endfacet
  facet normal 1 0 0
    outer loop
      vertex 15.649999999999999 17.992765321980517 -4.692377385172031
      vertex 15.649999999999999 20.551500833135805 -4.715323121216124
      vertex 15.649999999999999 20.039416564870834 -3.8609621348510377
    endloop
  endfacet
  facet normal 0 -0.9415440651830219 -0.33688985339221705
    outer loop
      vertex 15.649999999999999 21.31294440768192 -6.553610525867207
      vertex 16.049999999999997 21.31294440768192 -6.553610525867207
      vertex 15.649999999999999 20.977377254989563 -5.615763161494339
    endloop
  endfacet
  facet normal -2.5974939158850153e-17 -0.903989293123443 -0.42755509343028275
    outer loop
      vertex 15.649999999999999 20.551500833135805 -4.715323121216124
      vertex 15.649999999999999 20.977377254989563 -5.615763161494339
      vertex 16.049999999999997 20.977377254989563 -5.615763161494339
    endloop
  endfacet
  facet normal 0 -0.9891765099647806 -0.14673047445536433
    outer loop
      vertex 15.649999999999999 21.7011249757228 -8.50512602565496
      vertex 16.049999999999997 21.7011249757228 -8.50512602565496
      vertex 15.649999999999999 21.554970596092787 -7.519833231536298
    endloop
  endfacet
  facet normal 0 -0.9700312531945441 -0.2429801799032631
    outer loop
      vertex 15.649999999999999 21.554970596092787 -7.519833231536298
      vertex 16.049999999999997 21.554970596092787 -7.519833231536298
      vertex 15.649999999999999 21.31294440768192 -6.553610525867207
    endloop
  endfacet
  facet normal 0 -0.9700312531945441 -0.2429801799032631
    outer loop
      vertex 15.649999999999999 21.31294440768192 -6.553610525867207
      vertex 16.049999999999997 21.554970596092787 -7.519833231536298
      vertex 16.049999999999997 21.31294440768192 -6.553610525867207
    endloop
  endfacet
  facet normal 0 -0.9415440651830219 -0.33688985339221705
    outer loop
      vertex 15.649999999999999 20.977377254989563 -5.615763161494339
      vertex 16.049999999999997 21.31294440768192 -6.553610525867207
      vertex 16.049999999999997 20.977377254989563 -5.615763161494339
    endloop
  endfacet
  facet normal 0 -0.903989293123443 -0.42755509343028275
    outer loop
      vertex 15.649999999999999 20.551500833135805 -4.715323121216124
      vertex 16.049999999999997 20.977377254989563 -5.615763161494339
      vertex 16.049999999999997 20.551500833135805 -4.715323121216124
    endloop
  endfacet
  facet normal 0 -0.9987954562051724 -0.049067674327417765
    outer loop
      vertex 15.649999999999999 21.7011249757228 -8.50512602565496
      vertex 16.049999999999997 21.75 -9.5
      vertex 16.049999999999997 21.7011249757228 -8.50512602565496
    endloop
  endfacet
  facet normal 0 -0.9891765099647806 -0.14673047445536433
    outer loop
      vertex 15.649999999999999 21.554970596092787 -7.519833231536298
      vertex 16.049999999999997 21.7011249757228 -8.50512602565496
      vertex 16.049999999999997 21.554970596092787 -7.519833231536298
    endloop
  endfacet
  facet normal 7.598806219834907e-18 -0.8577286100002713 -0.5141027441932229
    outer loop
      vertex 15.649999999999999 20.039416564870834 -3.8609621348510377
      vertex 15.649999999999999 20.551500833135805 -4.715323121216124
      vertex 16.049999999999997 20.551500833135805 -4.715323121216124
    endloop
  endfacet
  facet normal -5.5302394912824695e-17 -0.8032075314806464 -0.5956993044924314
    outer loop
      vertex 15.649999999999999 19.446056101631783 -3.060908165738998
      vertex 15.649999999999999 20.039416564870834 -3.8609621348510377
      vertex 16.049999999999997 20.039416564870834 -3.8609621348510377
    endloop
  endfacet
  facet normal 0 -0.8577286100002713 -0.5141027441932229
    outer loop
      vertex 15.649999999999999 20.039416564870834 -3.8609621348510377
      vertex 16.049999999999997 20.551500833135805 -4.715323121216124
      vertex 16.049999999999997 20.039416564870834 -3.8609621348510377
    endloop
  endfacet
  facet normal 0 -0.8032075314806464 -0.5956993044924314
    outer loop
      vertex 15.649999999999999 19.446056101631783 -3.060908165738998
      vertex 16.049999999999997 20.039416564870834 -3.8609621348510377
      vertex 16.049999999999997 19.446056101631783 -3.060908165738998
    endloop
  endfacet
  facet normal 1 0 0
    outer loop
      vertex 14.399999999999999 11.069450894636763 -12.702904111449026
      vertex 14.399999999999999 11.281444293928928 -12.73435036168464
      vertex 14.399999999999999 11.918555706071071 -12.73435036168464
    endloop
  endfacet
  facet normal 3.4715262467301405e-15 0.14673047445536078 0.9891765099647811
    outer loop
      vertex 14.399999999999999 11.069450894636763 -12.702904111449026
      vertex 14.428910967214279 11.062209074343068 -12.701829888884186
      vertex 14.399999999999999 11.281444293928928 -12.73435036168464
    endloop
  endfacet
  facet normal 1 0 0
    outer loop
      vertex 14.399999999999999 11.069450894636763 -12.702904111449026
      vertex 14.399999999999999 11.930549105363237 -11.85
      vertex 14.399999999999999 11.069450894636763 -11.85
    endloop
  endfacet
  facet normal -8.120360013042355e-15 0.14673047445535928 0.9891765099647813
    outer loop
      vertex 14.428910967214279 11.062209074343068 -12.701829888884186
      vertex 14.5 11.036773011689622 -12.6980568054114
      vertex 14.399999999999999 11.281444293928928 -12.73435036168464
    endloop
  endfacet
  facet normal 1 0 0
    outer loop
      vertex 14.399999999999999 9.440152271211407 -11.85
      vertex 14.399999999999999 11.069450894636763 -11.85
      vertex 14.399999999999999 13.559847728788593 -6.91211925654552
    endloop
  endfacet
  facet normal -7.971220069719111e-15 0.6715589548470121 -0.7409511253549649
    outer loop
      vertex 14.399999999999999 9.440152271211407 -7.076601090345022
      vertex 14.399999999999999 9.538221826468153 -6.987716026571105
      vertex 14.444469396133323 9.413498340914327 -7.100758804613014
    endloop
  endfacet
  facet normal 6.277608132998592e-15 0.6715589548470149 -0.7409511253549622
    outer loop
      vertex 14.444469396133323 9.413498340914327 -7.100758804613014
      vertex 14.399999999999999 9.538221826468153 -6.987716026571105
      vertex 14.5 9.372314038221791 -7.138086080766421
    endloop
  endfacet
  facet normal 1 0 0
    outer loop
      vertex 14.399999999999999 9.440152271211407 -11.85
      vertex 14.399999999999999 13.559847728788593 -6.91211925654552
      vertex 14.399999999999999 9.440152271211407 -7.076601090345022
    endloop
  endfacet
  facet normal 1 0 0
    outer loop
      vertex 14.399999999999999 9.440152271211407 -7.076601090345022
      vertex 14.399999999999999 13.559847728788593 -6.91211925654552
      vertex 14.399999999999999 9.538221826468153 -6.987716026571105
    endloop
  endfacet
  facet normal 1 0 0
    outer loop
      vertex 14.399999999999999 9.538221826468153 -6.987716026571105
      vertex 14.399999999999999 13.559847728788593 -6.91211925654552
      vertex 14.399999999999999 9.794396742686292 -6.797723760016728
    endloop
  endfacet
  facet normal 1 0 0
    outer loop
      vertex 14.399999999999999 9.794396742686292 -6.797723760016728
      vertex 14.399999999999999 13.405603257313707 -6.797723760016728
      vertex 14.399999999999999 10.067960605315507 -6.633755890867846
    endloop
  endfacet
  facet normal 1 0 0
    outer loop
      vertex 14.399999999999999 10.067960605315507 -6.633755890867846
      vertex 14.399999999999999 13.132039394684492 -6.633755890867846
      vertex 14.399999999999999 10.356278844813458 -6.4973915193383185
    endloop
  endfacet
  facet normal 1 0 0
    outer loop
      vertex 14.399999999999999 10.356278844813458 -6.4973915193383185
      vertex 14.399999999999999 12.843721155186541 -6.4973915193383185
      vertex 14.399999999999999 10.656574798922996 -6.389943908870322
    endloop
  endfacet
  facet normal 1 0 0
    outer loop
      vertex 14.399999999999999 10.656574798922996 -6.389943908870322
      vertex 14.399999999999999 12.543425201077003 -6.389943908870322
      vertex 14.399999999999999 10.965956453447582 -6.312447838689501
    endloop
  endfacet
  facet normal 1 0 0
    outer loop
      vertex 14.399999999999999 10.965956453447582 -6.312447838689501
      vertex 14.399999999999999 12.234043546552417 -6.312447838689501
      vertex 14.399999999999999 11.281444293928928 -6.2656496383153595
    endloop
  endfacet
  facet normal 1 0 0
    outer loop
      vertex 14.399999999999999 11.281444293928928 -12.73435036168464
      vertex 14.399999999999999 11.6 -12.75
      vertex 14.399999999999999 11.918555706071071 -12.73435036168464
    endloop
  endfacet
  facet normal 1 0 0
    outer loop
      vertex 14.399999999999999 11.069450894636763 -12.702904111449026
      vertex 14.399999999999999 11.918555706071071 -12.73435036168464
      vertex 14.399999999999999 11.930549105363237 -12.732571308956695
    endloop
  endfacet
  facet normal 1.1823700981813028e-14 -0.14673047445539336 0.9891765099647762
    outer loop
      vertex 14.399999999999999 11.918555706071071 -12.73435036168464
      vertex 14.428910967214279 11.937790925656932 -12.731497086391855
      vertex 14.399999999999999 11.930549105363237 -12.732571308956695
    endloop
  endfacet
  facet normal 1 0 0
    outer loop
      vertex 14.399999999999999 11.069450894636763 -12.702904111449026
      vertex 14.399999999999999 11.930549105363237 -12.732571308956695
      vertex 14.399999999999999 11.930549105363237 -11.85
    endloop
  endfacet
  facet normal -4.3290656914478224e-15 -0.14673047445536955 0.9891765099647798
    outer loop
      vertex 14.399999999999999 11.918555706071071 -12.73435036168464
      vertex 14.5 11.963226988310378 -12.727724002919068
      vertex 14.428910967214279 11.937790925656932 -12.731497086391855
    endloop
  endfacet
  facet normal 1 0 0
    outer loop
      vertex 14.399999999999999 11.069450894636763 -11.85
      vertex 14.399999999999999 11.930549105363237 -11.85
      vertex 14.399999999999999 13.559847728788593 -6.91211925654552
    endloop
  endfacet
  facet normal 1 0 0
    outer loop
      vertex 14.399999999999999 11.930549105363237 -11.85
      vertex 14.399999999999999 12.526287182794267 -11.85
      vertex 14.399999999999999 13.559847728788593 -6.91211925654552
    endloop
  endfacet
  facet normal 1 0 0
    outer loop
      vertex 14.399999999999999 12.526287182794267 -11.85
      vertex 14.399999999999999 13.559847728788593 -11.85
      vertex 14.399999999999999 13.559847728788593 -6.91211925654552
    endloop
  endfacet
  facet normal 1 0 0
    outer loop
      vertex 14.399999999999999 10.656574798922996 -6.389943908870322
      vertex 14.399999999999999 12.843721155186541 -6.4973915193383185
      vertex 14.399999999999999 12.543425201077003 -6.389943908870322
    endloop
  endfacet
  facet normal 1 0 0
    outer loop
      vertex 14.399999999999999 11.281444293928928 -6.2656496383153595
      vertex 14.399999999999999 11.918555706071071 -6.2656496383153595
      vertex 14.399999999999999 11.6 -6.25
    endloop
  endfacet
  facet normal 1 0 0
    outer loop
      vertex 14.399999999999999 11.281444293928928 -6.2656496383153595
      vertex 14.399999999999999 12.234043546552417 -6.312447838689501
      vertex 14.399999999999999 11.918555706071071 -6.2656496383153595
    endloop
  endfacet
  facet normal 1 0 0
    outer loop
      vertex 14.399999999999999 10.965956453447582 -6.312447838689501
      vertex 14.399999999999999 12.543425201077003 -6.389943908870322
      vertex 14.399999999999999 12.234043546552417 -6.312447838689501
    endloop
  endfacet
  facet normal 1 0 0
    outer loop
      vertex 14.399999999999999 10.067960605315507 -6.633755890867846
      vertex 14.399999999999999 13.405603257313707 -6.797723760016728
      vertex 14.399999999999999 13.132039394684492 -6.633755890867846
    endloop
  endfacet
  facet normal 1 0 0
    outer loop
      vertex 14.399999999999999 9.794396742686292 -6.797723760016728
      vertex 14.399999999999999 13.559847728788593 -6.91211925654552
      vertex 14.399999999999999 13.405603257313707 -6.797723760016728
    endloop
  endfacet
  facet normal 1 0 0
    outer loop
      vertex 14.399999999999999 10.356278844813458 -6.4973915193383185
      vertex 14.399999999999999 13.132039394684492 -6.633755890867846
      vertex 14.399999999999999 12.843721155186541 -6.4973915193383185
    endloop
  endfacet
  facet normal 1.0878036881534355e-14 -0.5956993044924361 -0.8032075314806428
    outer loop
      vertex 14.399999999999999 13.405603257313707 -6.797723760016728
      vertex 14.399999999999999 13.559847728788593 -6.91211925654552
      vertex 14.444469396133323 13.586501659085673 -6.931887158510645
    endloop
  endfacet
  facet normal -1.3637968893518887e-17 -0.5956993044924344 -0.8032075314806442
    outer loop
      vertex 14.399999999999999 13.405603257313707 -6.797723760016728
      vertex 14.444469396133323 13.586501659085673 -6.931887158510645
      vertex 14.555530603866677 13.586501659085673 -6.931887158510645
    endloop
  endfacet
  facet normal 6.0292635969371346e-15 0.14673047445536494 0.9891765099647805
    outer loop
      vertex 14.399999999999999 11.281444293928928 -12.73435036168464
      vertex 14.5 11.036773011689622 -12.6980568054114
      vertex 14.571089032785721 11.062209074343068 -12.701829888884186
    endloop
  endfacet
  facet normal -2.4026062624428704e-15 0.1467304744553585 0.9891765099647815
    outer loop
      vertex 14.399999999999999 11.281444293928928 -12.73435036168464
      vertex 14.571089032785721 11.062209074343068 -12.701829888884186
      vertex 14.87571096954839 11.138512897290337 -12.71314849181402
    endloop
  endfacet
  facet normal 2.4052014884916585e-19 0.04906767432741605 0.9987954562051725
    outer loop
      vertex 14.399999999999999 11.281444293928928 -12.73435036168464
      vertex 15.649999999999999 11.6 -12.75
      vertex 14.399999999999999 11.6 -12.75
    endloop
  endfacet
  facet normal -5.384514450145652e-16 0.14673047445536455 0.9891765099647806
    outer loop
      vertex 14.399999999999999 11.281444293928928 -12.73435036168464
      vertex 14.87571096954839 11.138512897290337 -12.71314849181402
      vertex 15.186345150945407 11.18459112535103 -12.71998355127742
    endloop
  endfacet
  facet normal 0 0.14673047445536883 0.9891765099647799
    outer loop
      vertex 14.399999999999999 11.281444293928928 -12.73435036168464
      vertex 15.186345150945407 11.18459112535103 -12.71998355127742
      vertex 15.649999999999999 11.281444293928928 -12.73435036168464
    endloop
  endfacet
  facet normal 0 0.04906767432741605 0.9987954562051725
    outer loop
      vertex 14.399999999999999 11.281444293928928 -12.73435036168464
      vertex 15.649999999999999 11.281444293928928 -12.73435036168464
      vertex 15.649999999999999 11.6 -12.75
    endloop
  endfacet
  facet normal 2.109014181486845e-15 0.146730474455359 0.9891765099647815
    outer loop
      vertex 15.186345150945407 11.18459112535103 -12.71998355127742
      vertex 15.5 11.2 -12.72226924191533
      vertex 15.649999999999999 11.281444293928928 -12.73435036168464
    endloop
  endfacet
  facet normal -4.123272331056132e-15 0.1467304744553702 0.9891765099647797
    outer loop
      vertex 15.5 11.2 -12.72226924191533
      vertex 15.649999999999999 11.19263097253458 -12.721176149949049
      vertex 15.649999999999999 11.281444293928928 -12.73435036168464
    endloop
  endfacet
  facet normal -1.0469847071319413e-14 0.6715589548470092 -0.7409511253549672
    outer loop
      vertex 14.399999999999999 9.538221826468153 -6.987716026571105
      vertex 14.555530603866677 9.413498340914327 -7.100758804613015
      vertex 14.5 9.372314038221791 -7.138086080766421
    endloop
  endfacet
  facet normal 0 0.5956993044924356 -0.8032075314806433
    outer loop
      vertex 14.399999999999999 9.538221826468153 -6.987716026571105
      vertex 14.399999999999999 9.794396742686292 -6.797723760016728
      vertex 14.780990406390927 9.538221826468153 -6.987716026571105
    endloop
  endfacet
  facet normal 1.880575892397733e-16 0.6715589548470168 -0.7409511253549607
    outer loop
      vertex 14.399999999999999 9.538221826468153 -6.987716026571105
      vertex 14.698625547395803 9.499266149392204 -7.023023394206115
      vertex 14.555530603866677 9.413498340914327 -7.100758804613015
    endloop
  endfacet
  facet normal 0 0.6715589548470159 -0.7409511253549613
    outer loop
      vertex 14.399999999999999 9.538221826468153 -6.987716026571105
      vertex 14.780990406390927 9.538221826468153 -6.987716026571105
      vertex 14.698625547395803 9.499266149392204 -7.023023394206115
    endloop
  endfacet
  facet normal 8.95694676446694e-16 0.5956993044924362 -0.8032075314806428
    outer loop
      vertex 14.399999999999999 9.794396742686292 -6.797723760016728
      vertex 14.849438164979347 9.570595205269187 -6.963706292498646
      vertex 14.780990406390927 9.538221826468153 -6.987716026571105
    endloop
  endfacet
  facet normal -2.34886919387624e-16 0.5956993044924349 -0.8032075314806437
    outer loop
      vertex 14.399999999999999 9.794396742686292 -6.797723760016728
      vertex 15.006516048667415 9.626798570744755 -6.922023035791364
      vertex 14.849438164979347 9.570595205269187 -6.963706292498646
    endloop
  endfacet
  facet normal 0 0.5141027441932218 -0.857728610000272
    outer loop
      vertex 14.399999999999999 9.794396742686292 -6.797723760016728
      vertex 14.399999999999999 10.067960605315507 -6.633755890867846
      vertex 15.649999999999999 9.794396742686292 -6.797723760016728
    endloop
  endfacet
  facet normal 0 0.4275550934302805 -0.903989293123444
    outer loop
      vertex 14.399999999999999 10.067960605315507 -6.633755890867846
      vertex 14.399999999999999 10.356278844813458 -6.4973915193383185
      vertex 15.649999999999999 10.067960605315507 -6.633755890867846
    endloop
  endfacet
  facet normal 0 0.33688985339222033 -0.9415440651830206
    outer loop
      vertex 14.399999999999999 10.356278844813458 -6.4973915193383185
      vertex 14.399999999999999 10.656574798922996 -6.389943908870322
      vertex 15.649999999999999 10.356278844813458 -6.4973915193383185
    endloop
  endfacet
  facet normal 8.581977323471511e-16 0.5956993044924376 -0.8032075314806418
    outer loop
      vertex 14.399999999999999 9.794396742686292 -6.797723760016728
      vertex 15.168346452572582 9.667334976685492 -6.891959188181511
      vertex 15.006516048667415 9.626798570744755 -6.922023035791364
    endloop
  endfacet
  facet normal 0 0.24298017990326695 -0.9700312531945433
    outer loop
      vertex 14.399999999999999 10.656574798922996 -6.389943908870322
      vertex 14.399999999999999 10.965956453447582 -6.312447838689501
      vertex 15.649999999999999 10.656574798922996 -6.389943908870322
    endloop
  endfacet
  facet normal 0 0.14673047445536208 -0.989176509964781
    outer loop
      vertex 14.399999999999999 10.965956453447582 -6.312447838689501
      vertex 14.399999999999999 11.281444293928928 -6.2656496383153595
      vertex 15.649999999999999 10.965956453447582 -6.312447838689501
    endloop
  endfacet
  facet normal 0 0.04906767432741605 -0.9987954562051725
    outer loop
      vertex 14.399999999999999 11.281444293928928 -6.2656496383153595
      vertex 14.399999999999999 11.6 -6.25
      vertex 15.649999999999999 11.281444293928928 -6.2656496383153595
    endloop
  endfacet
  facet normal -5.530986071520058e-16 0.5956993044924319 -0.803207531480646
    outer loop
      vertex 14.399999999999999 9.794396742686292 -6.797723760016728
      vertex 15.333370861439747 9.691814035342734 -6.873804280956143
      vertex 15.168346452572582 9.667334976685492 -6.891959188181511
    endloop
  endfacet
  facet normal 0 0.5956993044924352 -0.8032075314806436
    outer loop
      vertex 14.399999999999999 9.794396742686292 -6.797723760016728
      vertex 15.649999999999999 9.794396742686292 -6.797723760016728
      vertex 15.333370861439747 9.691814035342734 -6.873804280956143
    endloop
  endfacet
  facet normal 0 0.5141027441932218 -0.857728610000272
    outer loop
      vertex 14.399999999999999 10.067960605315507 -6.633755890867846
      vertex 15.649999999999999 10.067960605315507 -6.633755890867846
      vertex 15.649999999999999 9.794396742686292 -6.797723760016728
    endloop
  endfacet
  facet normal 0 0.4275550934302805 -0.903989293123444
    outer loop
      vertex 14.399999999999999 10.356278844813458 -6.4973915193383185
      vertex 15.649999999999999 10.356278844813458 -6.4973915193383185
      vertex 15.649999999999999 10.067960605315507 -6.633755890867846
    endloop
  endfacet
  facet normal 0 0.33688985339222033 -0.9415440651830206
    outer loop
      vertex 14.399999999999999 10.656574798922996 -6.389943908870322
      vertex 15.649999999999999 10.656574798922996 -6.389943908870322
      vertex 15.649999999999999 10.356278844813458 -6.4973915193383185
    endloop
  endfacet
  facet normal 0 0.24298017990326695 -0.9700312531945433
    outer loop
      vertex 14.399999999999999 10.965956453447582 -6.312447838689501
      vertex 15.649999999999999 10.965956453447582 -6.312447838689501
      vertex 15.649999999999999 10.656574798922996 -6.389943908870322
    endloop
  endfacet
  facet normal 0 0.14673047445536208 -0.989176509964781
    outer loop
      vertex 14.399999999999999 11.281444293928928 -6.2656496383153595
      vertex 15.649999999999999 11.281444293928928 -6.2656496383153595
      vertex 15.649999999999999 10.965956453447582 -6.312447838689501
    endloop
  endfacet
  facet normal 0 0.04906767432741605 -0.9987954562051725
    outer loop
      vertex 14.399999999999999 11.6 -6.25
      vertex 15.649999999999999 11.6 -6.25
      vertex 15.649999999999999 11.281444293928928 -6.2656496383153595
    endloop
  endfacet
  facet normal -1.0526072055361717e-15 0.5956993044924374 -0.803207531480642
    outer loop
      vertex 15.333370861439747 9.691814035342734 -6.873804280956143
      vertex 15.649999999999999 9.794396742686292 -6.797723760016728
      vertex 15.5 9.7 -6.867733155796318
    endloop
  endfacet
  facet normal -6.425210099492716e-16 0.5956993044924369 -0.8032075314806422
    outer loop
      vertex 15.5 9.7 -6.867733155796318
      vertex 15.649999999999999 9.794396742686292 -6.797723760016728
      vertex 15.649999999999999 9.692630972534579 -6.8731983990415415
    endloop
  endfacet
  facet normal -1.2128843838809349e-18 -0.04906767432741605 0.9987954562051724
    outer loop
      vertex 14.399999999999999 11.6 -12.75
      vertex 14.647880333902435 11.918555706071071 -12.73435036168464
      vertex 14.399999999999999 11.918555706071071 -12.73435036168464
    endloop
  endfacet
  facet normal 4.797415234593797e-16 -0.14673047445538018 0.9891765099647782
    outer loop
      vertex 14.399999999999999 11.918555706071071 -12.73435036168464
      vertex 14.571089032785721 11.937790925656932 -12.731497086391855
      vertex 14.5 11.963226988310378 -12.727724002919068
    endloop
  endfacet
  facet normal 0 -0.14673047445537601 0.9891765099647789
    outer loop
      vertex 14.399999999999999 11.918555706071071 -12.73435036168464
      vertex 14.647880333902435 11.918555706071071 -12.73435036168464
      vertex 14.571089032785721 11.937790925656932 -12.731497086391855
    endloop
  endfacet
  facet normal -2.1142092956709954e-15 -0.049067674327414414 0.9987954562051726
    outer loop
      vertex 14.399999999999999 11.6 -12.75
      vertex 14.87571096954839 11.861487102709663 -12.737153962388529
      vertex 14.647880333902435 11.918555706071071 -12.73435036168464
    endloop
  endfacet
  facet normal 2.0859943298630603e-15 -0.04906767432742202 0.9987954562051722
    outer loop
      vertex 14.399999999999999 11.6 -12.75
      vertex 15.186345150945407 11.81540887464897 -12.73941764057611
      vertex 14.87571096954839 11.861487102709663 -12.737153962388529
    endloop
  endfacet
  facet normal 0 -0.049067674327414434 0.9987954562051726
    outer loop
      vertex 14.399999999999999 11.6 -12.75
      vertex 15.649999999999999 11.6 -12.75
      vertex 15.186345150945407 11.81540887464897 -12.73941764057611
    endloop
  endfacet
  facet normal 6.407733685103128e-16 -0.049067674327413054 0.9987954562051726
    outer loop
      vertex 15.186345150945407 11.81540887464897 -12.73941764057611
      vertex 15.649999999999999 11.6 -12.75
      vertex 15.5 11.8 -12.740174630046107
    endloop
  endfacet
  facet normal -4.3807543381281936e-16 -0.049067674327413865 0.9987954562051726
    outer loop
      vertex 15.5 11.8 -12.740174630046107
      vertex 15.649999999999999 11.6 -12.75
      vertex 15.649999999999999 11.80736902746542 -12.739812612940867
    endloop
  endfacet
  facet normal -8.832296195186674e-16 -0.5956993044924339 -0.8032075314806445
    outer loop
      vertex 14.399999999999999 13.405603257313707 -6.797723760016728
      vertex 14.555530603866677 13.586501659085673 -6.931887158510645
      vertex 14.698625547395803 13.500733850607796 -6.868277416500472
    endloop
  endfacet
  facet normal -7.122711913505057e-16 -0.5956993044924342 -0.8032075314806443
    outer loop
      vertex 14.399999999999999 13.405603257313707 -6.797723760016728
      vertex 14.698625547395803 13.500733850607796 -6.868277416500472
      vertex 14.849438164979347 13.429404794730813 -6.815376183244239
    endloop
  endfacet
  facet normal 0 -0.5956993044924337 -0.8032075314806446
    outer loop
      vertex 14.444469396133323 13.586501659085673 -6.931887158510645
      vertex 14.5 13.627685961778209 -6.962431519100397
      vertex 14.555530603866677 13.586501659085673 -6.931887158510645
    endloop
  endfacet
  facet normal 0 -0.5956993044924429 -0.8032075314806378
    outer loop
      vertex 14.399999999999999 13.405603257313707 -6.797723760016728
      vertex 14.849438164979347 13.429404794730813 -6.815376183244239
      vertex 14.915959005757582 13.405603257313707 -6.797723760016728
    endloop
  endfacet
  facet normal 0 -0.04906767432741605 -0.9987954562051725
    outer loop
      vertex 14.399999999999999 11.6 -6.25
      vertex 14.399999999999999 11.918555706071071 -6.2656496383153595
      vertex 15.649999999999999 11.6 -6.25
    endloop
  endfacet
  facet normal 0 -0.14673047445536208 -0.989176509964781
    outer loop
      vertex 14.399999999999999 11.918555706071071 -6.2656496383153595
      vertex 14.399999999999999 12.234043546552417 -6.312447838689501
      vertex 15.649999999999999 11.918555706071071 -6.2656496383153595
    endloop
  endfacet
  facet normal 0 -0.24298017990326695 -0.9700312531945433
    outer loop
      vertex 14.399999999999999 12.234043546552417 -6.312447838689501
      vertex 14.399999999999999 12.543425201077003 -6.389943908870322
      vertex 15.649999999999999 12.234043546552417 -6.312447838689501
    endloop
  endfacet
  facet normal 0 -0.33688985339222033 -0.9415440651830206
    outer loop
      vertex 14.399999999999999 12.543425201077003 -6.389943908870322
      vertex 14.399999999999999 12.843721155186541 -6.4973915193383185
      vertex 15.649999999999999 12.543425201077003 -6.389943908870322
    endloop
  endfacet
  facet normal 0 -0.4275550934302805 -0.903989293123444
    outer loop
      vertex 14.399999999999999 12.843721155186541 -6.4973915193383185
      vertex 14.399999999999999 13.132039394684492 -6.633755890867846
      vertex 15.649999999999999 12.843721155186541 -6.4973915193383185
    endloop
  endfacet
  facet normal 0 -0.5141027441932317 -0.8577286100002662
    outer loop
      vertex 14.399999999999999 13.405603257313707 -6.797723760016728
      vertex 14.915959005757582 13.405603257313707 -6.797723760016728
      vertex 15.006516048667415 13.373201429255245 -6.778302851669357
    endloop
  endfacet
  facet normal 0 -0.5141027441932218 -0.857728610000272
    outer loop
      vertex 14.399999999999999 13.132039394684492 -6.633755890867846
      vertex 14.399999999999999 13.405603257313707 -6.797723760016728
      vertex 15.649999999999999 13.132039394684492 -6.633755890867846
    endloop
  endfacet
  facet normal 1.3656191751738289e-15 -0.5141027441932128 -0.8577286100002773
    outer loop
      vertex 14.399999999999999 13.405603257313707 -6.797723760016728
      vertex 15.006516048667415 13.373201429255245 -6.778302851669357
      vertex 15.168346452572582 13.332665023314508 -6.754006264974113
    endloop
  endfacet
  facet normal 3.6312951389093413e-16 -0.5141027441932207 -0.8577286100002728
    outer loop
      vertex 14.399999999999999 13.405603257313707 -6.797723760016728
      vertex 15.168346452572582 13.332665023314508 -6.754006264974113
      vertex 15.649999999999999 13.132039394684492 -6.633755890867846
    endloop
  endfacet
  facet normal 0 -0.04906767432741605 -0.9987954562051725
    outer loop
      vertex 14.399999999999999 11.918555706071071 -6.2656496383153595
      vertex 15.649999999999999 11.918555706071071 -6.2656496383153595
      vertex 15.649999999999999 11.6 -6.25
    endloop
  endfacet
  facet normal 0 -0.14673047445536208 -0.989176509964781
    outer loop
      vertex 14.399999999999999 12.234043546552417 -6.312447838689501
      vertex 15.649999999999999 12.234043546552417 -6.312447838689501
      vertex 15.649999999999999 11.918555706071071 -6.2656496383153595
    endloop
  endfacet
  facet normal 0 -0.24298017990326695 -0.9700312531945433
    outer loop
      vertex 14.399999999999999 12.543425201077003 -6.389943908870322
      vertex 15.649999999999999 12.543425201077003 -6.389943908870322
      vertex 15.649999999999999 12.234043546552417 -6.312447838689501
    endloop
  endfacet
  facet normal 0 -0.33688985339222033 -0.9415440651830206
    outer loop
      vertex 14.399999999999999 12.843721155186541 -6.4973915193383185
      vertex 15.649999999999999 12.843721155186541 -6.4973915193383185
      vertex 15.649999999999999 12.543425201077003 -6.389943908870322
    endloop
  endfacet
  facet normal 0 -0.4275550934302805 -0.903989293123444
    outer loop
      vertex 14.399999999999999 13.132039394684492 -6.633755890867846
      vertex 15.649999999999999 13.132039394684492 -6.633755890867846
      vertex 15.649999999999999 12.843721155186541 -6.4973915193383185
    endloop
  endfacet
  facet normal 9.704294357634836e-17 -0.5141027441932211 -0.8577286100002725
    outer loop
      vertex 15.168346452572582 13.332665023314508 -6.754006264974113
      vertex 15.333370861439747 13.308185964657266 -6.739334081856716
      vertex 15.649999999999999 13.132039394684492 -6.633755890867846
    endloop
  endfacet
  facet normal -4.58033794248983e-16 -0.5141027441932219 -0.857728610000272
    outer loop
      vertex 15.333370861439747 13.308185964657266 -6.739334081856716
      vertex 15.5 13.3 -6.734427603461215
      vertex 15.649999999999999 13.132039394684492 -6.633755890867846
    endloop
  endfacet
  facet normal -1.3797083168635688e-16 -0.5141027441932216 -0.8577286100002721
    outer loop
      vertex 15.5 13.3 -6.734427603461215
      vertex 15.649999999999999 13.307369027465421 -6.738844428547657
      vertex 15.649999999999999 13.132039394684492 -6.633755890867846
    endloop
  endfacet
  facet normal 0.33688985339222005 0.9415440651830208 0
    outer loop
      vertex 13.006516048667415 6.373201429255245 -11.85
      vertex 12.9 6.411313480880262 -11.85
      vertex 13.006516048667415 6.373201429255245 -5.973255966984369
    endloop
  endfacet
  facet normal 0.2429801799032638 0.970031253194544 5.154429508639809e-19
    outer loop
      vertex 13.006516048667415 6.373201429255245 -11.85
      vertex 13.029790172318448 6.367371564770781 -5.972391188278851
      vertex 13.168346452572582 6.332665023314508 -11.85
    endloop
  endfacet
  facet normal 0.1467304744553621 0.9891765099647809 0
    outer loop
      vertex 13.168346452572582 6.332665023314508 -11.85
      vertex 13.168346452572582 6.332665023314508 -5.9636976522107155
      vertex 13.333370861439747 6.308185964657265 -11.85
    endloop
  endfacet
  facet normal 0.33688985339222005 -0.9415440651830208 -6.419144401657682e-17
    outer loop
      vertex 13.006516048667415 9.626798570744755 -14.5
      vertex 12.9 9.588686519119738 -14.45
      vertex 12.9 9.588686519119738 -14.5
    endloop
  endfacet
  facet normal 0.33688985339222005 -0.9415440651830208 0
    outer loop
      vertex 13.006516048667415 9.626798570744755 -14.5
      vertex 13.006516048667415 9.626798570744755 -14.45
      vertex 12.9 9.588686519119738 -14.45
    endloop
  endfacet
  facet normal 0 0 1
    outer loop
      vertex 13.006516048667415 9.626798570744755 -14.5
      vertex 12.9 9.588686519119738 -14.5
      vertex 13.168346452572582 9.667334976685492 -14.5
    endloop
  endfacet
  facet normal 0.2429801799032638 -0.9700312531945441 0
    outer loop
      vertex 13.006516048667415 9.626798570744755 -14.5
      vertex 13.168346452572582 9.667334976685492 -14.5
      vertex 13.006516048667415 9.626798570744755 -14.45
    endloop
  endfacet
  facet normal 0.2429801799032638 -0.9700312531945441 -5.1455034321714075e-17
    outer loop
      vertex 13.006516048667415 9.626798570744755 -14.45
      vertex 13.168346452572582 9.667334976685492 -14.5
      vertex 13.168346452572582 9.667334976685492 -14.45
    endloop
  endfacet
  facet normal 0 0 1
    outer loop
      vertex 13.168346452572582 9.667334976685492 -14.5
      vertex 12.9 9.588686519119738 -14.5
      vertex 13.333370861439747 9.691814035342734 -14.5
    endloop
  endfacet
  facet normal 0.1467304744553569 -0.9891765099647816 0
    outer loop
      vertex 13.168346452572582 9.667334976685492 -14.5
      vertex 13.333370861439747 9.691814035342734 -14.5
      vertex 13.168346452572582 9.667334976685492 -14.45
    endloop
  endfacet
  facet normal 0 0 1
    outer loop
      vertex 13.333370861439747 9.691814035342734 -14.5
      vertex 12.9 9.588686519119738 -14.5
      vertex 13.5 9.7 -14.5
    endloop
  endfacet
  facet normal 0.1467304744553569 -0.9891765099647816 3.871458542313111e-17
    outer loop
      vertex 13.168346452572582 9.667334976685492 -14.45
      vertex 13.333370861439747 9.691814035342734 -14.5
      vertex 13.333370861439747 9.691814035342734 -14.45
    endloop
  endfacet
  facet normal 0.33688985339222005 -0.9415440651830208 -5.584551920648959e-19
    outer loop
      vertex 13.006516048667415 9.626798570744755 -11.85
      vertex 12.9 9.588686519119738 -6.102766835309655
      vertex 12.9 9.588686519119738 -11.85
    endloop
  endfacet
  facet normal 0.04906767432741787 0.9987954562051724 0
    outer loop
      vertex 13.333370861439747 6.308185964657265 -11.85
      vertex 13.333370861439747 6.308185964657265 -5.957565967219319
      vertex 13.5 6.3 -11.85
    endloop
  endfacet
  facet normal -0.04906767432741787 0.9987954562051724 3.453785978811636e-20
    outer loop
      vertex 13.5 6.3 -11.85
      vertex 13.666629138560253 6.308185964657265 -5.957565967219319
      vertex 13.666629138560253 6.308185964657265 -11.85
    endloop
  endfacet
  facet normal 0 0 1
    outer loop
      vertex 14.565113777403424 8.097783783119091 -14.5
      vertex 12.9 9.588686519119738 -14.5
      vertex 12.9 8.097783783119093 -14.5
    endloop
  endfacet
  facet normal 0 0 1
    outer loop
      vertex 13.5 9.7 -14.5
      vertex 12.9 9.588686519119738 -14.5
      vertex 13.666629138560253 9.691814035342734 -14.5
    endloop
  endfacet
  facet normal 0.04906767432741787 -0.9987954562051724 0
    outer loop
      vertex 13.333370861439747 9.691814035342734 -14.5
      vertex 13.5 9.7 -14.5
      vertex 13.333370861439747 9.691814035342734 -14.45
    endloop
  endfacet
  facet normal 0.04906767432741787 -0.9987954562051724 4.070241208698026e-18
    outer loop
      vertex 13.333370861439747 9.691814035342734 -14.45
      vertex 13.5 9.7 -14.5
      vertex 13.5 9.7 -14.45
    endloop
  endfacet
  facet normal 0 0 1
    outer loop
      vertex 13.666629138560253 9.691814035342734 -14.5
      vertex 12.9 9.588686519119738 -14.5
      vertex 13.831653547427418 9.667334976685492 -14.5
    endloop
  endfacet
  facet normal 0 0 1
    outer loop
      vertex 13.831653547427418 9.667334976685492 -14.5
      vertex 12.9 9.588686519119738 -14.5
      vertex 13.993483951332585 9.626798570744755 -14.5
    endloop
  endfacet
  facet normal 0 0 1
    outer loop
      vertex 13.993483951332585 9.626798570744755 -14.5
      vertex 12.9 9.588686519119738 -14.5
      vertex 14.150561835020653 9.570595205269187 -14.5
    endloop
  endfacet
  facet normal -0.04906767432741787 -0.9987954562051724 0
    outer loop
      vertex 13.5 9.7 -14.5
      vertex 13.666629138560253 9.691814035342734 -14.5
      vertex 13.5 9.7 -14.45
    endloop
  endfacet
  facet normal -0.04906767432741787 -0.9987954562051724 -4.070241208698026e-18
    outer loop
      vertex 13.5 9.7 -14.45
      vertex 13.666629138560253 9.691814035342734 -14.5
      vertex 13.666629138560253 9.691814035342734 -14.45
    endloop
  endfacet
  facet normal -0.14673047445536214 0.9891765099647809 3.1559974590777323e-19
    outer loop
      vertex 13.666629138560253 6.308185964657265 -11.85
      vertex 13.831653547427418 6.332665023314508 -5.963697652210716
      vertex 13.831653547427418 6.332665023314508 -11.85
    endloop
  endfacet
  facet normal -0.24298017990326376 0.9700312531945441 -4.377852262463678e-19
    outer loop
      vertex 13.831653547427418 6.332665023314508 -11.85
      vertex 13.993483951332585 6.373201429255245 -5.973255966984369
      vertex 13.993483951332585 6.373201429255245 -11.85
    endloop
  endfacet
  facet normal 0 0 1
    outer loop
      vertex 14.150561835020653 9.570595205269187 -14.5
      vertex 12.9 9.588686519119738 -14.5
      vertex 14.301374452604197 9.499266149392204 -14.5
    endloop
  endfacet
  facet normal 0 0 1
    outer loop
      vertex 14.301374452604197 9.499266149392204 -14.5
      vertex 12.9 9.588686519119738 -14.5
      vertex 14.444469396133323 9.413498340914327 -14.5
    endloop
  endfacet
  facet normal -0.1467304744553569 -0.9891765099647816 0
    outer loop
      vertex 13.666629138560253 9.691814035342734 -14.5
      vertex 13.831653547427418 9.667334976685492 -14.5
      vertex 13.666629138560253 9.691814035342734 -14.45
    endloop
  endfacet
  facet normal -0.14673047445535986 -0.9891765099647812 -9.882182698430163e-15
    outer loop
      vertex 13.666629138560253 9.691814035342734 -14.45
      vertex 13.831653547427418 9.667334976685492 -14.5
      vertex 13.739786296536721 9.680962196068796 -14.45
    endloop
  endfacet
  facet normal -0.14673047445533915 -0.9891765099647842 2.896346184817953e-14
    outer loop
      vertex 13.739786296536721 9.680962196068796 -14.45
      vertex 13.831653547427418 9.667334976685492 -14.5
      vertex 13.823757080808754 9.668506306859436 -14.45
    endloop
  endfacet
  facet normal -0.1467304744555186 -0.9891765099647577 8.2726431504244305e-19
    outer loop
      vertex 13.823757080808754 9.668506306859436 -14.45
      vertex 13.831653547427418 9.667334976685492 -14.5
      vertex 13.831653547427418 9.667334976685492 -14.45
    endloop
  endfacet
  facet normal 0 0 1
    outer loop
      vertex 14.444469396133323 9.413498340914327 -14.5
      vertex 12.9 9.588686519119738 -14.5
      vertex 14.555530603866677 8.847204477493904 -14.5
    endloop
  endfacet
  facet normal 0 0 1
    outer loop
      vertex 14.565113777403424 8.097783783119091 -14.5
      vertex 14.555530603866677 8.847204477493904 -14.5
      vertex 12.9 9.588686519119738 -14.5
    endloop
  endfacet
  facet normal -0.3368898533922202 -0.9415440651830207 0
    outer loop
      vertex 13.993483951332585 9.626798570744755 -14.5
      vertex 14.150561835020653 9.570595205269187 -14.5
      vertex 13.993483951332585 9.626798570744755 -14.45
    endloop
  endfacet
  facet normal -0.33688985339223343 -0.941544065183016 -4.672706508245559e-14
    outer loop
      vertex 13.993483951332585 9.626798570744755 -14.45
      vertex 14.150561835020653 9.570595205269187 -14.5
      vertex 14.043426036188404 9.608929007048967 -14.45
    endloop
  endfacet
  facet normal -0.2429801799032638 -0.9700312531945441 0
    outer loop
      vertex 13.831653547427418 9.667334976685492 -14.5
      vertex 13.993483951332585 9.626798570744755 -14.5
      vertex 13.831653547427418 9.667334976685492 -14.45
    endloop
  endfacet
  facet normal -0.2429801799032638 -0.9700312531945441 5.1455034321714075e-17
    outer loop
      vertex 13.831653547427418 9.667334976685492 -14.45
      vertex 13.993483951332585 9.626798570744755 -14.5
      vertex 13.993483951332585 9.626798570744755 -14.45
    endloop
  endfacet
  facet normal -0.3368898533922202 0.9415440651830207 3.580181126754468e-19
    outer loop
      vertex 13.993483951332585 6.373201429255245 -11.85
      vertex 14.150561835020653 6.429404794730813 -5.981592948705165
      vertex 14.150561835020653 6.429404794730813 -11.85
    endloop
  endfacet
  facet normal -0.4275550934302793 0.9039892931234446 -5.033292600859004e-19
    outer loop
      vertex 14.150561835020653 6.429404794730813 -11.85
      vertex 14.301374452604197 6.500733850607796 -5.9921736146488565
      vertex 14.301374452604197 6.500733850607796 -11.85
    endloop
  endfacet
  facet normal -0.5141027441932279 0.8577286100002683 5.337828636208782e-19
    outer loop
      vertex 14.301374452604197 6.500733850607796 -11.85
      vertex 14.444469396133323 6.586501659085673 -5.997120652152858
      vertex 14.444469396133323 6.586501659085673 -11.85
    endloop
  endfacet
  facet normal -0.5956993044924282 0.8032075314806487 0
    outer loop
      vertex 14.444469396133323 6.586501659085673 -11.85
      vertex 14.444469396133323 6.586501659085673 -5.997120652152858
      vertex 14.5 6.62768596177821 -11.85
    endloop
  endfacet
  facet normal -0.336889853392191 -0.9415440651830311 5.581077683598438e-14
    outer loop
      vertex 14.043426036188404 9.608929007048967 -14.45
      vertex 14.150561835020653 9.570595205269187 -14.5
      vertex 14.097611541318773 9.589541123301005 -14.45
    endloop
  endfacet
  facet normal -0.3368898533922377 -0.9415440651830145 -9.783855449508986e-18
    outer loop
      vertex 14.097611541318773 9.589541123301005 -14.45
      vertex 14.150561835020653 9.570595205269187 -14.5
      vertex 14.150561835020653 9.570595205269187 -14.45
    endloop
  endfacet
  facet normal -0.4275550934302793 -0.9039892931234446 0
    outer loop
      vertex 14.150561835020653 9.570595205269187 -14.5
      vertex 14.301374452604197 9.499266149392204 -14.5
      vertex 14.150561835020653 9.570595205269187 -14.45
    endloop
  endfacet
  facet normal -0.4275550934302793 -0.9039892931234446 5.896830840500828e-17
    outer loop
      vertex 14.150561835020653 9.570595205269187 -14.45
      vertex 14.301374452604197 9.499266149392204 -14.5
      vertex 14.301374452604197 9.499266149392204 -14.45
    endloop
  endfacet
  facet normal -0.514102744193228 -0.8577286100002685 0
    outer loop
      vertex 14.301374452604197 9.499266149392204 -14.5
      vertex 14.444469396133323 9.413498340914327 -14.5
      vertex 14.301374452604197 9.499266149392204 -14.45
    endloop
  endfacet
  facet normal -0.5141027441932275 -0.8577286100002686 1.3501452364217436e-15
    outer loop
      vertex 14.301374452604197 9.499266149392204 -14.45
      vertex 14.444469396133323 9.413498340914327 -14.5
      vertex 14.440328290538602 9.415980424087744 -14.45
    endloop
  endfacet
  facet normal -0.5141027441932403 -0.857728610000261 0
    outer loop
      vertex 14.444469396133323 9.413498340914327 -14.5
      vertex 14.444469396133323 9.413498340914327 -14.45
      vertex 14.440328290538602 9.415980424087744 -14.45
    endloop
  endfacet
  facet normal -0.5956993044924199 -0.8032075314806548 0
    outer loop
      vertex 14.444469396133323 9.413498340914327 -14.5
      vertex 14.5 9.372314038221791 -14.45
      vertex 14.444469396133323 9.413498340914327 -14.45
    endloop
  endfacet
  facet normal 0.33688985339222 0.9415440651830208 5.46673930847789e-19
    outer loop
      vertex 13.006516048667415 6.373201429255245 -5.973255966984369
      vertex 12.9 6.411313480880262 -11.85
      vertex 12.9 6.411313480880262 -5.978909355799279
    endloop
  endfacet
  facet normal 0.2429801799032639 0.970031253194544 0
    outer loop
      vertex 13.006516048667415 6.373201429255245 -11.85
      vertex 13.006516048667415 6.373201429255245 -5.973255966984369
      vertex 13.029790172318448 6.367371564770781 -5.972391188278851
    endloop
  endfacet
  facet normal 0.24298017990326373 0.9700312531945441 0
    outer loop
      vertex 13.168346452572582 6.332665023314508 -11.85
      vertex 13.029790172318448 6.367371564770781 -5.972391188278851
      vertex 13.168346452572582 6.332665023314508 -5.9636976522107155
    endloop
  endfacet
  facet normal 0.14673047445536214 0.989176509964781 0
    outer loop
      vertex 13.333370861439747 6.308185964657265 -11.85
      vertex 13.168346452572582 6.332665023314508 -5.9636976522107155
      vertex 13.333370861439747 6.308185964657265 -5.957565967219319
    endloop
  endfacet
  facet normal 0.33688985339222005 0.9415440651830207 6.876839782417689e-19
    outer loop
      vertex 13.006516048667415 6.373201429255245 -3.1272490964039648
      vertex 12.9 6.411313480880262 -3.1215957075890555
      vertex 12.9 6.411313480880262 1.5456239781668009
    endloop
  endfacet
  facet normal 0.24298017990326376 -0.970031253194544 -1.3399748521279892e-19
    outer loop
      vertex 13.006516048667415 9.626798570744755 -11.85
      vertex 13.168346452572582 9.667334976685492 -11.85
      vertex 13.168346452572582 9.667334976685492 7.350000000000001
    endloop
  endfacet
  facet normal 0.14673047445535692 -0.9891765099647817 1.008192328727387e-19
    outer loop
      vertex 13.168346452572582 9.667334976685492 -11.85
      vertex 13.333370861439747 9.691814035342734 -11.85
      vertex 13.333370861439747 9.691814035342734 7.350000000000001
    endloop
  endfacet
  facet normal 0.33688985339222005 -0.9415440651830208 -2.3858082431077887e-19
    outer loop
      vertex 13.006516048667415 9.626798570744755 -11.85
      vertex 12.9 9.588686519119738 7.350000000000001
      vertex 12.9 9.588686519119738 -6.102766835309655
    endloop
  endfacet
  facet normal 0.04906767432741787 0.9987954562051724 -3.452584531917864e-20
    outer loop
      vertex 13.333370861439747 6.308185964657265 -5.957565967219319
      vertex 13.5 6.3 -5.955515489816087
      vertex 13.5 6.3 -11.85
    endloop
  endfacet
  facet normal -0.04906767432741787 0.9987954562051724 0
    outer loop
      vertex 13.5 6.3 -11.85
      vertex 13.5 6.3 -5.955515489816087
      vertex 13.666629138560253 6.308185964657265 -5.957565967219319
    endloop
  endfacet
  facet normal 0.049067674327417876 -0.9987954562051724 1.0599586480984593e-20
    outer loop
      vertex 13.333370861439747 9.691814035342734 -11.85
      vertex 13.5 9.7 -11.85
      vertex 13.5 9.7 7.350000000000001
    endloop
  endfacet
  facet normal -0.049067674327417876 -0.9987954562051724 -1.0599586480984593e-20
    outer loop
      vertex 13.5 9.7 -11.85
      vertex 13.666629138560253 9.691814035342734 -11.85
      vertex 13.666629138560253 9.691814035342734 7.350000000000001
    endloop
  endfacet
  facet normal 0.24298017990326382 0.970031253194544 0
    outer loop
      vertex 13.006516048667415 6.373201429255245 -3.1272490964039648
      vertex 13.006516048667415 6.373201429255245 7.350000000000001
      vertex 13.029790172318451 6.36737156477078 -3.1281138751094826
    endloop
  endfacet
  facet normal 0.33688985339222005 0.9415440651830208 0
    outer loop
      vertex 13.006516048667415 6.373201429255245 -3.1272490964039648
      vertex 12.9 6.411313480880262 1.5456239781668009
      vertex 13.006516048667415 6.373201429255245 7.350000000000001
    endloop
  endfacet
  facet normal 0.2429801799032637 0.970031253194544 -3.844321370798405e-20
    outer loop
      vertex 13.029790172318451 6.36737156477078 -3.1281138751094826
      vertex 13.168346452572582 6.332665023314508 7.350000000000001
      vertex 13.168346452572582 6.332665023314508 -3.136807411177618
    endloop
  endfacet
  facet normal 0.14673047445536214 0.989176509964781 -1.7704434460854548e-19
    outer loop
      vertex 13.168346452572582 6.332665023314508 -3.136807411177618
      vertex 13.333370861439747 6.308185964657265 7.350000000000001
      vertex 13.333370861439747 6.308185964657265 -3.142939096169015
    endloop
  endfacet
  facet normal 0.24298017990326376 0.970031253194544 -1.3009303874061673e-19
    outer loop
      vertex 13.029790172318451 6.36737156477078 -3.1281138751094826
      vertex 13.006516048667415 6.373201429255245 7.350000000000001
      vertex 13.168346452572582 6.332665023314508 7.350000000000001
    endloop
  endfacet
  facet normal 0.33688985339222005 0.9415440651830208 5.529573185396774e-19
    outer loop
      vertex 13.006516048667415 6.373201429255245 7.350000000000001
      vertex 12.9 6.411313480880262 1.5456239781668009
      vertex 12.9 6.411313480880262 7.350000000000001
    endloop
  endfacet
  facet normal 0.14673047445536214 0.989176509964781 0
    outer loop
      vertex 13.168346452572582 6.332665023314508 -3.136807411177618
      vertex 13.168346452572582 6.332665023314508 7.350000000000001
      vertex 13.333370861439747 6.308185964657265 7.350000000000001
    endloop
  endfacet
  facet normal 0.33688985339222005 -0.9415440651830208 0
    outer loop
      vertex 13.006516048667415 9.626798570744755 -11.85
      vertex 13.006516048667415 9.626798570744755 7.350000000000001
      vertex 12.9 9.588686519119738 7.350000000000001
    endloop
  endfacet
  facet normal 0.24298017990326376 -0.970031253194544 0
    outer loop
      vertex 13.006516048667415 9.626798570744755 -11.85
      vertex 13.168346452572582 9.667334976685492 7.350000000000001
      vertex 13.006516048667415 9.626798570744755 7.350000000000001
    endloop
  endfacet
  facet normal 0.14673047445535692 -0.9891765099647817 0
    outer loop
      vertex 13.168346452572582 9.667334976685492 -11.85
      vertex 13.333370861439747 9.691814035342734 7.350000000000001
      vertex 13.168346452572582 9.667334976685492 7.350000000000001
    endloop
  endfacet
  facet normal 0.049067674327417876 0.9987954562051725 -1.9391354227485284e-20
    outer loop
      vertex 13.333370861439747 6.308185964657265 -3.142939096169015
      vertex 13.5 6.3 7.350000000000001
      vertex 13.5 6.3 -3.1449895735722473
    endloop
  endfacet
  facet normal -0.04906767432741786 0.9987954562051724 0
    outer loop
      vertex 13.5 6.3 -3.1449895735722473
      vertex 13.5 6.3 7.350000000000001
      vertex 13.666629138560253 6.308185964657265 -3.142939096169015
    endloop
  endfacet
  facet normal 0.04906767432741787 0.9987954562051724 0
    outer loop
      vertex 13.333370861439747 6.308185964657265 -3.142939096169015
      vertex 13.333370861439747 6.308185964657265 7.350000000000001
      vertex 13.5 6.3 7.350000000000001
    endloop
  endfacet
  facet normal -0.04906767432741787 0.9987954562051724 0
    outer loop
      vertex 13.666629138560253 6.308185964657265 -3.142939096169015
      vertex 13.5 6.3 7.350000000000001
      vertex 13.666629138560253 6.308185964657265 7.350000000000001
    endloop
  endfacet
  facet normal 0.049067674327417876 -0.9987954562051724 0
    outer loop
      vertex 13.333370861439747 9.691814035342734 -11.85
      vertex 13.5 9.7 7.350000000000001
      vertex 13.333370861439747 9.691814035342734 7.350000000000001
    endloop
  endfacet
  facet normal -0.049067674327417876 -0.9987954562051724 0
    outer loop
      vertex 13.5 9.7 -11.85
      vertex 13.666629138560253 9.691814035342734 7.350000000000001
      vertex 13.5 9.7 7.350000000000001
    endloop
  endfacet
  facet normal -0.14673047445536214 0.989176509964781 0
    outer loop
      vertex 13.666629138560253 6.308185964657265 -11.85
      vertex 13.666629138560253 6.308185964657265 -5.957565967219319
      vertex 13.831653547427418 6.332665023314508 -5.963697652210716
    endloop
  endfacet
  facet normal -0.24298017990326373 0.970031253194544 0
    outer loop
      vertex 13.831653547427418 6.332665023314508 -11.85
      vertex 13.831653547427418 6.332665023314508 -5.963697652210716
      vertex 13.970209827681552 6.367371564770781 -5.972391188278851
    endloop
  endfacet
  facet normal -0.24298017990326395 0.9700312531945439 5.148801711077653e-18
    outer loop
      vertex 13.831653547427418 6.332665023314508 -11.85
      vertex 13.970209827681552 6.367371564770781 -5.972391188278851
      vertex 13.993483951332585 6.373201429255245 -5.973255966984369
    endloop
  endfacet
  facet normal -0.3368898533922202 0.9415440651830208 0
    outer loop
      vertex 13.993483951332585 6.373201429255245 -11.85
      vertex 13.993483951332585 6.373201429255245 -5.973255966984369
      vertex 14.150561835020653 6.429404794730813 -5.981592948705165
    endloop
  endfacet
  facet normal -0.14673047445535692 -0.9891765099647817 -1.008192328727387e-19
    outer loop
      vertex 13.666629138560253 9.691814035342734 -11.85
      vertex 13.831653547427418 9.667334976685492 -11.85
      vertex 13.831653547427418 9.667334976685492 7.350000000000001
    endloop
  endfacet
  facet normal -0.24298017990326376 -0.970031253194544 1.3399748521279892e-19
    outer loop
      vertex 13.831653547427418 9.667334976685492 -11.85
      vertex 13.993483951332585 9.626798570744755 -11.85
      vertex 13.993483951332585 9.626798570744755 7.350000000000001
    endloop
  endfacet
  facet normal -0.4275550934302793 0.9039892931234447 0
    outer loop
      vertex 14.150561835020653 6.429404794730813 -11.85
      vertex 14.150561835020653 6.429404794730813 -5.981592948705165
      vertex 14.301374452604197 6.500733850607796 -5.9921736146488565
    endloop
  endfacet
  facet normal -0.5141027441932393 0.8577286100002616 0
    outer loop
      vertex 14.301374452604197 6.500733850607796 -11.85
      vertex 14.301374452604197 6.500733850607796 -5.9921736146488565
      vertex 14.313710308712452 6.508127678216304 -5.993270385368852
    endloop
  endfacet
  facet normal -0.5141027441932269 0.857728610000269 -3.599382324934875e-17
    outer loop
      vertex 14.301374452604197 6.500733850607796 -11.85
      vertex 14.313710308712452 6.508127678216304 -5.993270385368852
      vertex 14.444469396133323 6.586501659085673 -5.997120652152858
    endloop
  endfacet
  facet normal -0.3368898533922202 -0.9415440651830207 -1.094268758810344e-19
    outer loop
      vertex 13.993483951332585 9.626798570744755 -11.85
      vertex 14.150561835020653 9.570595205269187 -11.85
      vertex 14.150561835020653 9.570595205269187 7.350000000000001
    endloop
  endfacet
  facet normal -0.42755509343027925 -0.9039892931234447 1.5356330313804454e-19
    outer loop
      vertex 14.150561835020653 9.570595205269187 -11.85
      vertex 14.301374452604197 9.499266149392204 -11.85
      vertex 14.301374452604197 9.499266149392204 7.350000000000001
    endloop
  endfacet
  facet normal -0.5141027441932249 -0.8577286100002702 0
    outer loop
      vertex 14.301374452604197 9.499266149392204 -11.85
      vertex 14.399999999999999 9.440152271211407 -11.85
      vertex 14.301374452604197 9.499266149392204 7.350000000000001
    endloop
  endfacet
  facet normal -0.5141027441932248 -0.8577286100002702 0
    outer loop
      vertex 14.399999999999999 9.440152271211407 -11.85
      vertex 14.399999999999999 9.440152271211407 -7.076601090345022
      vertex 14.301374452604197 9.499266149392204 7.350000000000001
    endloop
  endfacet
  facet normal -0.5141027441932347 -0.8577286100002645 -1.3269651512962924e-19
    outer loop
      vertex 14.399999999999999 9.440152271211407 -7.076601090345022
      vertex 14.444469396133323 9.413498340914327 -7.100758804613014
      vertex 14.444469396133323 9.413498340914327 7.350000000000001
    endloop
  endfacet
  facet normal -0.14673047445536214 0.989176509964781 0
    outer loop
      vertex 13.666629138560253 6.308185964657265 -3.142939096169015
      vertex 13.666629138560253 6.308185964657265 7.350000000000001
      vertex 13.831653547427418 6.332665023314508 -3.136807411177618
    endloop
  endfacet
  facet normal -0.2429801799032638 0.9700312531945441 0
    outer loop
      vertex 13.831653547427418 6.332665023314508 -3.136807411177618
      vertex 13.831653547427418 6.332665023314508 7.350000000000001
      vertex 13.970209827681549 6.36737156477078 -3.1281138751094826
    endloop
  endfacet
  facet normal -0.24298017990326382 0.970031253194544 -8.081537333184769e-19
    outer loop
      vertex 13.970209827681549 6.36737156477078 -3.1281138751094826
      vertex 13.831653547427418 6.332665023314508 7.350000000000001
      vertex 13.993483951332585 6.373201429255245 -3.1272490964039648
    endloop
  endfacet
  facet normal -0.3368898533922202 0.9415440651830207 0
    outer loop
      vertex 13.993483951332585 6.373201429255245 -3.1272490964039648
      vertex 13.993483951332585 6.373201429255245 7.350000000000001
      vertex 14.150561835020653 6.429404794730813 -3.1189121146831678
    endloop
  endfacet
  facet normal -0.14673047445536214 0.989176509964781 0
    outer loop
      vertex 13.831653547427418 6.332665023314508 -3.136807411177618
      vertex 13.666629138560253 6.308185964657265 7.350000000000001
      vertex 13.831653547427418 6.332665023314508 7.350000000000001
    endloop
  endfacet
  facet normal -0.24298017990326376 0.970031253194544 0
    outer loop
      vertex 13.993483951332585 6.373201429255245 -3.1272490964039648
      vertex 13.831653547427418 6.332665023314508 7.350000000000001
      vertex 13.993483951332585 6.373201429255245 7.350000000000001
    endloop
  endfacet
  facet normal -0.14673047445535692 -0.9891765099647817 0
    outer loop
      vertex 13.666629138560253 9.691814035342734 -11.85
      vertex 13.831653547427418 9.667334976685492 7.350000000000001
      vertex 13.666629138560253 9.691814035342734 7.350000000000001
    endloop
  endfacet
  facet normal -0.3368898533922202 -0.9415440651830207 0
    outer loop
      vertex 13.993483951332585 9.626798570744755 -11.85
      vertex 14.150561835020653 9.570595205269187 7.350000000000001
      vertex 13.993483951332585 9.626798570744755 7.350000000000001
    endloop
  endfacet
  facet normal -0.24298017990326376 -0.970031253194544 0
    outer loop
      vertex 13.831653547427418 9.667334976685492 -11.85
      vertex 13.993483951332585 9.626798570744755 7.350000000000001
      vertex 13.831653547427418 9.667334976685492 7.350000000000001
    endloop
  endfacet
  facet normal -0.42755509343027925 0.9039892931234446 0
    outer loop
      vertex 14.150561835020653 6.429404794730813 -3.1189121146831678
      vertex 14.150561835020653 6.429404794730813 7.350000000000001
      vertex 14.301374452604197 6.500733850607796 -3.1083314487394778
    endloop
  endfacet
  facet normal -0.5141027441932394 0.8577286100002615 0
    outer loop
      vertex 14.301374452604197 6.500733850607796 -3.1083314487394778
      vertex 14.301374452604197 6.500733850607796 7.350000000000001
      vertex 14.313710308712452 6.508127678216304 -3.1072346780194815
    endloop
  endfacet
  facet normal -0.5141027441932268 0.857728610000269 2.0117393045079502e-17
    outer loop
      vertex 14.313710308712452 6.508127678216304 -3.1072346780194815
      vertex 14.301374452604197 6.500733850607796 7.350000000000001
      vertex 14.444469396133323 6.586501659085673 -3.103384411235477
    endloop
  endfacet
  facet normal -0.5956993044924282 0.8032075314806487 0
    outer loop
      vertex 14.444469396133323 6.586501659085673 -3.103384411235477
      vertex 14.444469396133323 6.586501659085673 7.350000000000001
      vertex 14.5 6.62768596177821 -3.1013611561842405
    endloop
  endfacet
  facet normal -0.3368898533922202 0.9415440651830207 0
    outer loop
      vertex 14.150561835020653 6.429404794730813 -3.1189121146831678
      vertex 13.993483951332585 6.373201429255245 7.350000000000001
      vertex 14.150561835020653 6.429404794730813 7.350000000000001
    endloop
  endfacet
  facet normal -0.4275550934302793 0.9039892931234447 0
    outer loop
      vertex 14.301374452604197 6.500733850607796 -3.1083314487394778
      vertex 14.150561835020653 6.429404794730813 7.350000000000001
      vertex 14.301374452604197 6.500733850607796 7.350000000000001
    endloop
  endfacet
  facet normal -0.5141027441932279 0.8577286100002683 0
    outer loop
      vertex 14.444469396133323 6.586501659085673 -3.103384411235477
      vertex 14.301374452604197 6.500733850607796 7.350000000000001
      vertex 14.444469396133323 6.586501659085673 7.350000000000001
    endloop
  endfacet
  facet normal -0.42755509343027925 -0.9039892931234447 0
    outer loop
      vertex 14.150561835020653 9.570595205269187 -11.85
      vertex 14.301374452604197 9.499266149392204 7.350000000000001
      vertex 14.150561835020653 9.570595205269187 7.350000000000001
    endloop
  endfacet
  facet normal -0.514102744193228 -0.8577286100002685 -2.8405916955620516e-17
    outer loop
      vertex 14.399999999999999 9.440152271211407 -7.076601090345022
      vertex 14.444469396133323 9.413498340914327 7.350000000000001
      vertex 14.301374452604197 9.499266149392204 7.350000000000001
    endloop
  endfacet
  facet normal -0.5956993044924199 -0.8032075314806548 0
    outer loop
      vertex 14.444469396133323 9.413498340914327 -7.100758804613014
      vertex 14.5 9.372314038221791 7.350000000000001
      vertex 14.444469396133323 9.413498340914327 7.350000000000001
    endloop
  endfacet
  facet normal -0.5956993044924199 -0.8032075314806548 -1.7228866274881196e-17
    outer loop
      vertex 14.444469396133323 9.413498340914327 -14.5
      vertex 14.5 9.372314038221791 -14.5
      vertex 14.5 9.372314038221791 -14.45
    endloop
  endfacet
  facet normal 0 0 1
    outer loop
      vertex 14.444469396133323 9.413498340914327 -14.5
      vertex 14.555530603866677 8.847204477493904 -14.5
      vertex 14.5 9.372314038221791 -14.5
    endloop
  endfacet
  facet normal 0 0 1
    outer loop
      vertex 14.555530603866677 8.847204477493904 -14.5
      vertex 14.551626345251048 9.334025331064323 -14.5
      vertex 14.5 9.372314038221791 -14.5
    endloop
  endfacet
  facet normal 0 0 1
    outer loop
      vertex 14.629775133733347 8.097783783119091 -14.5
      vertex 14.638848255349057 8.097783783119093 -14.5
      vertex 14.698625547395803 9.131733426367123 -14.5
    endloop
  endfacet
  facet normal 0 0 1
    outer loop
      vertex 14.629775133733347 8.097783783119091 -14.5
      vertex 14.698625547395803 9.131733426367123 -14.5
      vertex 14.684795481337394 9.217748687488841 -14.5
    endloop
  endfacet
  facet normal -0.5956993044924281 0.8032075314806487 -1.4580354207072052e-19
    outer loop
      vertex 14.444469396133323 6.586501659085673 -5.997120652152858
      vertex 14.5 6.62768596177821 -5.999143907204094
      vertex 14.5 6.62768596177821 -11.85
    endloop
  endfacet
  facet normal -0.5956993044924199 -0.8032075314806549 -5.945873795488254e-20
    outer loop
      vertex 14.444469396133323 9.413498340914327 -7.100758804613014
      vertex 14.5 9.372314038221791 -7.138086080766421
      vertex 14.5 9.372314038221791 7.350000000000001
    endloop
  endfacet
  facet normal -0.5956993044924282 0.8032075314806488 0
    outer loop
      vertex 14.5 6.62768596177821 -3.1013611561842405
      vertex 14.444469396133323 6.586501659085673 7.350000000000001
      vertex 14.5 6.62768596177821 7.350000000000001
    endloop
  endfacet
  facet normal 0.14673047445536044 0.9891765099647812 0
    outer loop
      vertex 13.186345150945407 4.81540887464897 -14.45
      vertex 12.9 4.857884165391273 -14.45
      vertex 13.186345150945407 4.81540887464897 -11.85
    endloop
  endfacet
  facet normal 0.14673047445536044 0.9891765099647812 -4.119764377270377e-19
    outer loop
      vertex 13.186345150945407 4.81540887464897 -11.85
      vertex 12.9 4.857884165391273 -14.45
      vertex 12.9 4.857884165391273 -11.85
    endloop
  endfacet
  facet normal 0 0 -1
    outer loop
      vertex 13.186345150945407 4.81540887464897 -11.85
      vertex 12.9 4.857884165391273 -11.85
      vertex 13.006516048667415 6.373201429255245 -11.85
    endloop
  endfacet
  facet normal 0 0 -1
    outer loop
      vertex 13.006516048667415 6.373201429255245 -11.85
      vertex 12.9 4.857884165391273 -11.85
      vertex 12.9 6.411313480880262 -11.85
    endloop
  endfacet
  facet normal 0.04906767432741823 0.9987954562051724 0
    outer loop
      vertex 13.186345150945407 4.81540887464897 -14.45
      vertex 13.186345150945407 4.81540887464897 -11.85
      vertex 13.5 4.8 -11.85
    endloop
  endfacet
  facet normal 0 0 -1
    outer loop
      vertex 13.186345150945407 4.81540887464897 -11.85
      vertex 13.006516048667415 6.373201429255245 -11.85
      vertex 13.168346452572582 6.332665023314508 -11.85
    endloop
  endfacet
  facet normal 0 0 -1
    outer loop
      vertex 13.186345150945407 4.81540887464897 -11.85
      vertex 13.168346452572582 6.332665023314508 -11.85
      vertex 13.333370861439747 6.308185964657265 -11.85
    endloop
  endfacet
  facet normal 0 0 1
    outer loop
      vertex 13.006516048667415 9.626798570744755 -14.45
      vertex 12.9 11.142115834608726 -14.45
      vertex 12.9 9.588686519119738 -14.45
    endloop
  endfacet
  facet normal 0.14673047445536344 -0.9891765099647807 -4.898677979384288e-19
    outer loop
      vertex 13.186345150945407 11.18459112535103 -14.45
      vertex 12.9 11.142115834608726 -11.85
      vertex 12.9 11.142115834608726 -14.45
    endloop
  endfacet
  facet normal 0 0 1
    outer loop
      vertex 13.006516048667415 9.626798570744755 -14.45
      vertex 13.168346452572582 9.667334976685492 -14.45
      vertex 12.9 11.142115834608726 -14.45
    endloop
  endfacet
  facet normal 0 0 1
    outer loop
      vertex 13.168346452572582 9.667334976685492 -14.45
      vertex 13.333370861439747 9.691814035342734 -14.45
      vertex 12.9 11.142115834608726 -14.45
    endloop
  endfacet
  facet normal 0 0 1
    outer loop
      vertex 13.333370861439747 9.691814035342734 -14.45
      vertex 13.5 9.7 -14.45
      vertex 12.9 11.142115834608726 -14.45
    endloop
  endfacet
  facet normal 0 0 1
    outer loop
      vertex 13.186345150945407 11.18459112535103 -14.45
      vertex 12.9 11.142115834608726 -14.45
      vertex 13.5 9.7 -14.45
    endloop
  endfacet
  facet normal 0.049067674327415406 -0.9987954562051725 0
    outer loop
      vertex 13.186345150945407 11.18459112535103 -14.45
      vertex 13.5 11.2 -14.45
      vertex 13.186345150945407 11.18459112535103 -11.85
    endloop
  endfacet
  facet normal 0 0 -1
    outer loop
      vertex 13.006516048667415 9.626798570744755 -11.85
      vertex 12.9 9.588686519119738 -11.85
      vertex 12.9 11.142115834608726 -11.85
    endloop
  endfacet
  facet normal 0 0 -1
    outer loop
      vertex 13.006516048667415 9.626798570744755 -11.85
      vertex 12.9 11.142115834608726 -11.85
      vertex 13.168346452572582 9.667334976685492 -11.85
    endloop
  endfacet
  facet normal 0.14673047445536344 -0.9891765099647807 0
    outer loop
      vertex 13.186345150945407 11.18459112535103 -14.45
      vertex 13.186345150945407 11.18459112535103 -11.85
      vertex 12.9 11.142115834608726 -11.85
    endloop
  endfacet
  facet normal 0 0 -1
    outer loop
      vertex 13.168346452572582 9.667334976685492 -11.85
      vertex 12.9 11.142115834608726 -11.85
      vertex 13.333370861439747 9.691814035342734 -11.85
    endloop
  endfacet
  facet normal 0 0 -1
    outer loop
      vertex 13.333370861439747 9.691814035342734 -11.85
      vertex 12.9 11.142115834608726 -11.85
      vertex 13.186345150945407 11.18459112535103 -11.85
    endloop
  endfacet
  facet normal 0 0 1
    outer loop
      vertex 14.134418138069035 5.200264937780768 -14.45
      vertex 12.9 5.200264937780768 -14.45
      vertex 12.9 4.857884165391273 -14.45
    endloop
  endfacet
  facet normal 0 0 1
    outer loop
      vertex 13.186345150945407 4.81540887464897 -14.45
      vertex 14.134418138069035 5.200264937780768 -14.45
      vertex 12.9 4.857884165391273 -14.45
    endloop
  endfacet
  facet normal 0.04906767432741823 0.9987954562051724 -3.5097571422738186e-19
    outer loop
      vertex 13.186345150945407 4.81540887464897 -14.45
      vertex 13.5 4.8 -11.85
      vertex 13.5 4.8 -14.45
    endloop
  endfacet
  facet normal 0 0 1
    outer loop
      vertex 13.186345150945407 4.81540887464897 -14.45
      vertex 13.5 4.8 -14.45
      vertex 14.134418138069035 5.200264937780768 -14.45
    endloop
  endfacet
  facet normal 0 0 -1
    outer loop
      vertex 13.186345150945407 4.81540887464897 -11.85
      vertex 13.333370861439747 6.308185964657265 -11.85
      vertex 13.5 4.8 -11.85
    endloop
  endfacet
  facet normal 0 0 -1
    outer loop
      vertex 13.333370861439747 6.308185964657265 -11.85
      vertex 13.5 6.3 -11.85
      vertex 13.5 4.8 -11.85
    endloop
  endfacet
  facet normal -0.04906767432741823 0.9987954562051724 0
    outer loop
      vertex 13.5 4.8 -14.45
      vertex 13.5 4.8 -11.85
      vertex 13.813654849054593 4.81540887464897 -11.85
    endloop
  endfacet
  facet normal 0 0 -1
    outer loop
      vertex 13.5 4.8 -11.85
      vertex 13.666629138560253 6.308185964657265 -11.85
      vertex 13.813654849054593 4.81540887464897 -11.85
    endloop
  endfacet
  facet normal 0 0 -1
    outer loop
      vertex 13.5 4.8 -11.85
      vertex 13.5 6.3 -11.85
      vertex 13.666629138560253 6.308185964657265 -11.85
    endloop
  endfacet
  facet normal 0 0 1
    outer loop
      vertex 13.186345150945407 11.18459112535103 -14.45
      vertex 13.5 9.7 -14.45
      vertex 13.5 11.2 -14.45
    endloop
  endfacet
  facet normal 0 0 1
    outer loop
      vertex 13.5 9.7 -14.45
      vertex 13.666629138560253 9.691814035342734 -14.45
      vertex 13.767647957637381 10.248099336581669 -14.45
    endloop
  endfacet
  facet normal 0 0 1
    outer loop
      vertex 13.5 9.7 -14.45
      vertex 13.813654849054593 11.18459112535103 -14.45
      vertex 13.5 11.2 -14.45
    endloop
  endfacet
  facet normal -0.049067674327415406 -0.9987954562051725 0
    outer loop
      vertex 13.5 11.2 -14.45
      vertex 13.813654849054593 11.18459112535103 -14.45
      vertex 13.5 11.2 -11.85
    endloop
  endfacet
  facet normal 0 0 -1
    outer loop
      vertex 13.333370861439747 9.691814035342734 -11.85
      vertex 13.186345150945407 11.18459112535103 -11.85
      vertex 13.5 9.7 -11.85
    endloop
  endfacet
  facet normal 0.049067674327415406 -0.9987954562051725 0
    outer loop
      vertex 13.5 11.2 -14.45
      vertex 13.5 11.2 -11.85
      vertex 13.186345150945407 11.18459112535103 -11.85
    endloop
  endfacet
  facet normal 0 0 -1
    outer loop
      vertex 13.186345150945407 11.18459112535103 -11.85
      vertex 13.5 11.2 -11.85
      vertex 13.5 9.7 -11.85
    endloop
  endfacet
  facet normal 0 0 -1
    outer loop
      vertex 13.5 9.7 -11.85
      vertex 13.5 11.2 -11.85
      vertex 13.666629138560253 9.691814035342734 -11.85
    endloop
  endfacet
  facet normal 0 0 -1
    outer loop
      vertex 13.666629138560253 9.691814035342734 -11.85
      vertex 13.5 11.2 -11.85
      vertex 13.831653547427418 9.667334976685492 -11.85
    endloop
  endfacet
  facet normal -0.04906767432741823 0.9987954562051724 3.5097571422738186e-19
    outer loop
      vertex 13.5 4.8 -14.45
      vertex 13.813654849054593 4.81540887464897 -11.85
      vertex 13.813654849054593 4.81540887464897 -14.45
    endloop
  endfacet
  facet normal 0 0 1
    outer loop
      vertex 13.5 4.8 -14.45
      vertex 13.813654849054593 4.81540887464897 -14.45
      vertex 14.134418138069035 5.200264937780768 -14.45
    endloop
  endfacet
  facet normal 0 0 1
    outer loop
      vertex 13.813654849054593 4.81540887464897 -14.45
      vertex 14.12428903045161 4.8614871027096624 -14.45
      vertex 14.131764934779918 5.111525978709541 -14.45
    endloop
  endfacet
  facet normal 0 0 1
    outer loop
      vertex 13.813654849054593 4.81540887464897 -14.45
      vertex 14.131764934779918 5.111525978709541 -14.45
      vertex 14.134418138069035 5.200264937780768 -14.45
    endloop
  endfacet
  facet normal -0.1467304744553617 0.989176509964781 -1.0588918835427178e-18
    outer loop
      vertex 13.813654849054593 4.81540887464897 -14.45
      vertex 14.12428903045161 4.8614871027096624 -11.85
      vertex 14.12428903045161 4.8614871027096624 -14.45
    endloop
  endfacet
  facet normal 0 0 -1
    outer loop
      vertex 13.813654849054593 4.81540887464897 -11.85
      vertex 13.666629138560253 6.308185964657265 -11.85
      vertex 13.831653547427418 6.332665023314508 -11.85
    endloop
  endfacet
  facet normal -0.1467304744553617 0.989176509964781 0
    outer loop
      vertex 13.813654849054593 4.81540887464897 -14.45
      vertex 13.813654849054593 4.81540887464897 -11.85
      vertex 14.12428903045161 4.8614871027096624 -11.85
    endloop
  endfacet
  facet normal 0 0 -1
    outer loop
      vertex 13.813654849054593 4.81540887464897 -11.85
      vertex 13.831653547427418 6.332665023314508 -11.85
      vertex 14.12428903045161 4.8614871027096624 -11.85
    endloop
  endfacet
  facet normal 0 0 -1
    outer loop
      vertex 14.12428903045161 4.8614871027096624 -11.85
      vertex 13.831653547427418 6.332665023314508 -11.85
      vertex 13.993483951332585 6.373201429255245 -11.85
    endloop
  endfacet
  facet normal 0 0 1
    outer loop
      vertex 13.666629138560253 9.691814035342734 -14.45
      vertex 13.739786296536721 9.680962196068796 -14.45
      vertex 13.767647957637381 10.248099336581669 -14.45
    endloop
  endfacet
  facet normal 0 0 1
    outer loop
      vertex 13.5 9.7 -14.45
      vertex 13.767647957637381 10.248099336581669 -14.45
      vertex 13.813654849054593 11.18459112535103 -14.45
    endloop
  endfacet
  facet normal 0 0 1
    outer loop
      vertex 13.823757080808754 9.668506306859436 -14.45
      vertex 13.831653547427418 9.667334976685492 -14.45
      vertex 13.823257235764341 9.74352017526724 -14.45
    endloop
  endfacet
  facet normal 0 0 1
    outer loop
      vertex 13.823257235764341 9.74352017526724 -14.45
      vertex 13.813654849054593 11.18459112535103 -14.45
      vertex 13.767647957637381 10.248099336581669 -14.45
    endloop
  endfacet
  facet normal 0 0 1
    outer loop
      vertex 13.831653547427418 9.667334976685492 -14.45
      vertex 13.993483951332585 9.626798570744755 -14.45
      vertex 13.823257235764341 9.74352017526724 -14.45
    endloop
  endfacet
  facet normal 0 0 1
    outer loop
      vertex 13.823257235764341 9.74352017526724 -14.45
      vertex 13.993483951332585 9.626798570744755 -14.45
      vertex 13.813654849054593 11.18459112535103 -14.45
    endloop
  endfacet
  facet normal 0 0 1
    outer loop
      vertex 13.813654849054593 11.18459112535103 -14.45
      vertex 13.993483951332585 9.626798570744755 -14.45
      vertex 14.073472359439059 10.177277637024174 -14.45
    endloop
  endfacet
  facet normal -0.14673047445536444 -0.9891765099647807 0
    outer loop
      vertex 13.813654849054593 11.18459112535103 -14.45
      vertex 14.12428903045161 11.138512897290337 -14.45
      vertex 13.813654849054593 11.18459112535103 -11.85
    endloop
  endfacet
  facet normal 0 0 1
    outer loop
      vertex 13.993483951332585 9.626798570744755 -14.45
      vertex 14.043426036188404 9.608929007048967 -14.45
      vertex 14.073472359439059 10.177277637024174 -14.45
    endloop
  endfacet
  facet normal 0 0 1
    outer loop
      vertex 13.813654849054593 11.18459112535103 -14.45
      vertex 14.073472359439059 10.177277637024174 -14.45
      vertex 14.12428903045161 11.138512897290337 -14.45
    endloop
  endfacet
  facet normal -0.049067674327415406 -0.9987954562051725 0
    outer loop
      vertex 13.813654849054593 11.18459112535103 -14.45
      vertex 13.813654849054593 11.18459112535103 -11.85
      vertex 13.5 11.2 -11.85
    endloop
  endfacet
  facet normal 0 0 -1
    outer loop
      vertex 13.831653547427418 9.667334976685492 -11.85
      vertex 13.5 11.2 -11.85
      vertex 13.813654849054593 11.18459112535103 -11.85
    endloop
  endfacet
  facet normal 0 0 -1
    outer loop
      vertex 13.831653547427418 9.667334976685492 -11.85
      vertex 13.813654849054593 11.18459112535103 -11.85
      vertex 13.993483951332585 9.626798570744755 -11.85
    endloop
  endfacet
  facet normal 0 0 -1
    outer loop
      vertex 13.813654849054593 11.18459112535103 -11.85
      vertex 14.150561835020653 9.570595205269187 -11.85
      vertex 13.993483951332585 9.626798570744755 -11.85
    endloop
  endfacet
  facet normal -0.14673047445536444 -0.9891765099647807 0
    outer loop
      vertex 14.12428903045161 11.138512897290337 -14.45
      vertex 14.12428903045161 11.138512897290337 -11.85
      vertex 13.813654849054593 11.18459112535103 -11.85
    endloop
  endfacet
  facet normal 0 0 -1
    outer loop
      vertex 13.813654849054593 11.18459112535103 -11.85
      vertex 14.12428903045161 11.138512897290337 -11.85
      vertex 14.150561835020653 9.570595205269187 -11.85
    endloop
  endfacet
  facet normal 0 0 1
    outer loop
      vertex 14.12428903045161 4.8614871027096624 -14.45
      vertex 14.16264725386795 5.096919729583066 -14.45
      vertex 14.131764934779918 5.111525978709541 -14.45
    endloop
  endfacet
  facet normal 0 0 1
    outer loop
      vertex 14.12428903045161 4.8614871027096624 -14.45
      vertex 14.428695886162068 4.988740008194853 -14.45
      vertex 14.16264725386795 5.096919729583066 -14.45
    endloop
  endfacet
  facet normal 0 0 1
    outer loop
      vertex 14.16264725386795 5.096919729583066 -14.45
      vertex 14.427802935746518 5.200264937780768 -14.45
      vertex 14.179484931116429 5.200264937780768 -14.45
    endloop
  endfacet
  facet normal 0 0 1
    outer loop
      vertex 14.12428903045161 4.8614871027096624 -14.45
      vertex 14.428910967214279 4.937790925656932 -14.45
      vertex 14.428695886162068 4.988740008194853 -14.45
    endloop
  endfacet
  facet normal 0 0 1
    outer loop
      vertex 14.16264725386795 5.096919729583066 -14.45
      vertex 14.428695886162068 4.988740008194853 -14.45
      vertex 14.427802935746518 5.200264937780768 -14.45
    endloop
  endfacet
  facet normal -0.24298017990326629 0.9700312531945434 1.2319627630777083e-18
    outer loop
      vertex 14.12428903045161 4.8614871027096624 -14.45
      vertex 14.428910967214279 4.937790925656932 -11.85
      vertex 14.428910967214279 4.937790925656932 -14.45
    endloop
  endfacet
  facet normal 0 0 1
    outer loop
      vertex 14.428910967214279 4.937790925656932 -14.45
      vertex 14.5 4.963226988310378 -14.45
      vertex 14.428695886162068 4.988740008194853 -14.45
    endloop
  endfacet
  facet normal -0.24298017990326629 0.9700312531945434 0
    outer loop
      vertex 14.12428903045161 4.8614871027096624 -14.45
      vertex 14.12428903045161 4.8614871027096624 -11.85
      vertex 14.428910967214279 4.937790925656932 -11.85
    endloop
  endfacet
  facet normal 0 0 -1
    outer loop
      vertex 14.12428903045161 4.8614871027096624 -11.85
      vertex 14.150561835020653 6.429404794730813 -11.85
      vertex 14.428910967214279 4.937790925656932 -11.85
    endloop
  endfacet
  facet normal 0 0 -1
    outer loop
      vertex 14.12428903045161 4.8614871027096624 -11.85
      vertex 13.993483951332585 6.373201429255245 -11.85
      vertex 14.150561835020653 6.429404794730813 -11.85
    endloop
  endfacet
  facet normal -0.33688985339220945 0.9415440651830246 0
    outer loop
      vertex 14.428910967214279 4.937790925656932 -14.45
      vertex 14.428910967214279 4.937790925656932 -11.85
      vertex 14.5 4.963226988310378 -11.85
    endloop
  endfacet
  facet normal 0 0 -1
    outer loop
      vertex 14.428910967214279 4.937790925656932 -11.85
      vertex 14.301374452604197 6.500733850607796 -11.85
      vertex 14.472698369469867 5.5079454608965115 -11.85
    endloop
  endfacet
  facet normal 0 0 -1
    outer loop
      vertex 14.428910967214279 4.937790925656932 -11.85
      vertex 14.472698369469867 5.5079454608965115 -11.85
      vertex 14.5 4.963226988310378 -11.85
    endloop
  endfacet
  facet normal 0 0 -1
    outer loop
      vertex 14.428910967214279 4.937790925656932 -11.85
      vertex 14.150561835020653 6.429404794730813 -11.85
      vertex 14.301374452604197 6.500733850607796 -11.85
    endloop
  endfacet
  facet normal 0 0 -1
    outer loop
      vertex 14.472698369469867 5.5079454608965115 -11.85
      vertex 14.301374452604197 6.500733850607796 -11.85
      vertex 14.5 5.863439225411919 -11.85
    endloop
  endfacet
  facet normal 0 0 -1
    outer loop
      vertex 14.301374452604197 6.500733850607796 -11.85
      vertex 14.444469396133323 6.586501659085673 -11.85
      vertex 14.5 5.863439225411919 -11.85
    endloop
  endfacet
  facet normal 0 0 1
    outer loop
      vertex 14.097611541318773 9.589541123301005 -14.45
      vertex 14.150561835020653 9.570595205269187 -14.45
      vertex 14.10364443059815 9.939828032343602 -14.45
    endloop
  endfacet
  facet normal 0 0 1
    outer loop
      vertex 14.10364443059815 9.939828032343602 -14.45
      vertex 14.12428903045161 11.138512897290337 -14.45
      vertex 14.073472359439059 10.177277637024174 -14.45
    endloop
  endfacet
  facet normal 0 0 1
    outer loop
      vertex 14.150561835020653 9.570595205269187 -14.45
      vertex 14.425345690824047 10.217655083141015 -14.45
      vertex 14.10364443059815 9.939828032343602 -14.45
    endloop
  endfacet
  facet normal 0 0 1
    outer loop
      vertex 14.10364443059815 9.939828032343602 -14.45
      vertex 14.428910967214279 11.062209074343068 -14.45
      vertex 14.12428903045161 11.138512897290337 -14.45
    endloop
  endfacet
  facet normal -0.24298017990326362 -0.9700312531945441 0
    outer loop
      vertex 14.12428903045161 11.138512897290337 -14.45
      vertex 14.428910967214279 11.062209074343068 -14.45
      vertex 14.12428903045161 11.138512897290337 -11.85
    endloop
  endfacet
  facet normal 0 0 1
    outer loop
      vertex 14.440328290538602 9.415980424087744 -14.45
      vertex 14.444469396133323 9.413498340914327 -14.45
      vertex 14.447747977023296 9.456188650621598 -14.45
    endloop
  endfacet
  facet normal 0 0 1
    outer loop
      vertex 14.444469396133323 9.413498340914327 -14.45
      vertex 14.5 9.372314038221791 -14.45
      vertex 14.447747977023296 9.456188650621598 -14.45
    endloop
  endfacet
  facet normal 0 0 1
    outer loop
      vertex 14.150561835020653 9.570595205269187 -14.45
      vertex 14.301374452604197 9.499266149392204 -14.45
      vertex 14.425345690824047 10.217655083141015 -14.45
    endloop
  endfacet
  facet normal 0 0 1
    outer loop
      vertex 14.10364443059815 9.939828032343602 -14.45
      vertex 14.425345690824047 10.217655083141015 -14.45
      vertex 14.428695886162068 11.011259991805147 -14.45
    endloop
  endfacet
  facet normal 0 0 1
    outer loop
      vertex 14.10364443059815 9.939828032343602 -14.45
      vertex 14.428695886162068 11.011259991805147 -14.45
      vertex 14.428910967214279 11.062209074343068 -14.45
    endloop
  endfacet
  facet normal -0.24298017990326715 -0.9700312531945432 -4.4021002183433516e-16
    outer loop
      vertex 14.428910967214279 11.062209074343068 -14.45
      vertex 14.399999999999999 11.069450894636763 -12.702904111449026
      vertex 14.12428903045161 11.138512897290337 -11.85
    endloop
  endfacet
  facet normal 0 0 1
    outer loop
      vertex 14.301374452604197 9.499266149392204 -14.45
      vertex 14.440328290538602 9.415980424087744 -14.45
      vertex 14.425345690824047 10.217655083141015 -14.45
    endloop
  endfacet
  facet normal 0 0 1
    outer loop
      vertex 14.428695886162068 11.011259991805147 -14.45
      vertex 14.5 11.036773011689622 -14.45
      vertex 14.428910967214279 11.062209074343068 -14.45
    endloop
  endfacet
  facet normal -0.24298017990324214 -0.9700312531945495 0
    outer loop
      vertex 14.428910967214279 11.062209074343068 -14.45
      vertex 14.428910967214279 11.062209074343068 -12.701829888884186
      vertex 14.399999999999999 11.069450894636763 -12.702904111449026
    endloop
  endfacet
  facet normal -0.33688985339220934 -0.9415440651830245 0
    outer loop
      vertex 14.428910967214279 11.062209074343068 -14.45
      vertex 14.5 11.036773011689622 -12.6980568054114
      vertex 14.428910967214279 11.062209074343068 -12.701829888884186
    endloop
  endfacet
  facet normal 0 0 -1
    outer loop
      vertex 14.150561835020653 9.570595205269187 -11.85
      vertex 14.12428903045161 11.138512897290337 -11.85
      vertex 14.301374452604197 9.499266149392204 -11.85
    endloop
  endfacet
  facet normal 0 0 -1
    outer loop
      vertex 14.301374452604197 9.499266149392204 -11.85
      vertex 14.12428903045161 11.138512897290337 -11.85
      vertex 14.399999999999999 11.069450894636763 -11.85
    endloop
  endfacet
  facet normal 0 0 -1
    outer loop
      vertex 14.301374452604197 9.499266149392204 -11.85
      vertex 14.399999999999999 11.069450894636763 -11.85
      vertex 14.399999999999999 9.440152271211407 -11.85
    endloop
  endfacet
  facet normal -0.24298017990326584 -0.9700312531945434 0
    outer loop
      vertex 14.399999999999999 11.069450894636763 -12.702904111449026
      vertex 14.399999999999999 11.069450894636763 -11.85
      vertex 14.12428903045161 11.138512897290337 -11.85
    endloop
  endfacet
  facet normal -0.33688985339220945 0.9415440651830246 1.3041957828617327e-19
    outer loop
      vertex 14.428910967214279 4.937790925656932 -14.45
      vertex 14.5 4.963226988310378 -11.85
      vertex 14.5 4.963226988310378 -14.45
    endloop
  endfacet
  facet normal 0 0 -1
    outer loop
      vertex 14.472698369469867 5.5079454608965115 -11.85
      vertex 14.562820650125559 4.985704576342001 -11.85
      vertex 14.5 4.963226988310378 -11.85
    endloop
  endfacet
  facet normal 0 0 -1
    outer loop
      vertex 14.444469396133323 6.586501659085673 -11.85
      vertex 14.5 6.62768596177821 -11.85
      vertex 14.5 5.863439225411919 -11.85
    endloop
  endfacet
  facet normal 0 0 -1
    outer loop
      vertex 14.70967469315295 5.880573838916647 -11.85
      vertex 14.577213644621082 6.388608423085653 -11.85
      vertex 14.598895044443726 6.560510013661769 -11.85
    endloop
  endfacet
  facet normal 0 0 -1
    outer loop
      vertex 14.70967469315295 5.880573838916647 -11.85
      vertex 14.730061631575962 6.485865690098626 -11.85
      vertex 14.833966466722467 6.257672514853623 -11.85
    endloop
  endfacet
  facet normal 0 0 -1
    outer loop
      vertex 14.70967469315295 5.880573838916647 -11.85
      vertex 14.833966466722467 6.257672514853623 -11.85
      vertex 14.767833420073968 5.523610960161548 -11.85
    endloop
  endfacet
  facet normal 0 0 -1
    outer loop
      vertex 14.730061631575962 6.485865690098626 -11.85
      vertex 14.828536271810846 6.439290653948957 -11.85
      vertex 14.833966466722467 6.257672514853623 -11.85
    endloop
  endfacet
  facet normal -0.3368898533922094 -0.9415440651830247 -1.935513118184619e-19
    outer loop
      vertex 14.428910967214279 11.062209074343068 -14.45
      vertex 14.5 11.036773011689622 -14.45
      vertex 14.5 11.036773011689622 -12.6980568054114
    endloop
  endfacet
  facet normal 0 0 -1
    outer loop
      vertex 15.007407263580285 5.827868296668801 -11.85
      vertex 14.904581283900658 6.40967427128964 -11.85
      vertex 15.006650825242414 6.290731835465498 -11.85
    endloop
  endfacet
  facet normal 0 0 -1
    outer loop
      vertex 15.006650825242414 6.290731835465498 -11.85
      vertex 14.904581283900658 6.40967427128964 -11.85
      vertex 14.996154463855861 6.376908863582704 -11.85
    endloop
  endfacet
  facet normal 0 0 -1
    outer loop
      vertex 15.165261384348401 5.768254115355335 -11.85
      vertex 15.176742764235659 6.256479824732761 -11.85
      vertex 15.180379893133141 5.710640446013392 -11.85
    endloop
  endfacet
  facet normal 0 0 -1
    outer loop
      vertex 15.375904196142109 5.869994540539361 -11.85
      vertex 15.176742764235659 6.256479824732761 -11.85
      vertex 15.176354054521859 6.314815142139141 -11.85
    endloop
  endfacet
  facet normal 0 0 -1
    outer loop
      vertex 15.375904196142109 5.869994540539361 -11.85
      vertex 15.355847786290196 6.218841786535087 -11.85
      vertex 15.5 5.593370481644314 -11.85
    endloop
  endfacet
  facet normal 0 0 -1
    outer loop
      vertex 15.448362688146975 5.851101629665597 -11.85
      vertex 15.5 5.593370481644314 -11.85
      vertex 15.355847786290196 6.218841786535087 -11.85
    endloop
  endfacet
  facet normal 0 0 -1
    outer loop
      vertex 15.448362688146975 5.851101629665597 -11.85
      vertex 15.5 6.3 -11.85
      vertex 15.5 5.593370481644314 -11.85
    endloop
  endfacet
  facet normal 0.33688985339222005 0.9415440651830208 6.419144401657682e-17
    outer loop
      vertex 13.006516048667415 13.373201429255245 -14.45
      vertex 12.9 13.411313480880262 -14.5
      vertex 12.9 13.411313480880262 -14.45
    endloop
  endfacet
  facet normal 0.33688985339222005 0.9415440651830208 0
    outer loop
      vertex 13.006516048667415 13.373201429255245 -14.5
      vertex 12.9 13.411313480880262 -14.5
      vertex 13.006516048667415 13.373201429255245 -14.45
    endloop
  endfacet
  facet normal 0.2429801799032638 0.9700312531945441 0
    outer loop
      vertex 13.006516048667415 13.373201429255245 -14.5
      vertex 13.006516048667415 13.373201429255245 -14.45
      vertex 13.168346452572582 13.332665023314508 -14.5
    endloop
  endfacet
  facet normal 0 0 1
    outer loop
      vertex 13.006516048667415 13.373201429255245 -14.5
      vertex 12.9 15.102216216880906 -14.5
      vertex 12.9 13.411313480880262 -14.5
    endloop
  endfacet
  facet normal 0.2429801799032638 0.9700312531945441 5.1455034321714075e-17
    outer loop
      vertex 13.006516048667415 13.373201429255245 -14.45
      vertex 13.168346452572582 13.332665023314508 -14.45
      vertex 13.168346452572582 13.332665023314508 -14.5
    endloop
  endfacet
  facet normal 0.1467304744553569 0.9891765099647816 0
    outer loop
      vertex 13.168346452572582 13.332665023314508 -14.5
      vertex 13.168346452572582 13.332665023314508 -14.45
      vertex 13.333370861439747 13.308185964657266 -14.5
    endloop
  endfacet
  facet normal 0.1467304744553569 0.9891765099647816 -3.871458542313111e-17
    outer loop
      vertex 13.168346452572582 13.332665023314508 -14.45
      vertex 13.333370861439747 13.308185964657266 -14.45
      vertex 13.333370861439747 13.308185964657266 -14.5
    endloop
  endfacet
  facet normal 0.3368898533922526 -0.9415440651830091 -6.673338949859322e-16
    outer loop
      vertex 12.95095340497493 16.606917938940224 -11.85
      vertex 13.006516048667415 16.626798570744754 -5.996467253760079
      vertex 12.9 16.588686519119737 -11.85
    endloop
  endfacet
  facet normal 0.33688985339219024 -0.9415440651830315 3.0408579302534343e-19
    outer loop
      vertex 12.95095340497493 16.606917938940224 -11.85
      vertex 13.006516048667415 16.626798570744754 -11.85
      vertex 13.006516048667415 16.626798570744754 -5.996467253760079
    endloop
  endfacet
  facet normal 0.24298017990327378 -0.9700312531945415 -5.876158820104698e-20
    outer loop
      vertex 13.006516048667415 16.626798570744754 -11.85
      vertex 13.168346452572582 16.667334976685492 -11.85
      vertex 13.168346452572582 16.667334976685492 -5.994475827835234
    endloop
  endfacet
  facet normal 0.14673047445530554 -0.9891765099647892 0
    outer loop
      vertex 13.168346452572582 16.667334976685492 -11.85
      vertex 13.186345150945407 16.67000483138303 -11.85
      vertex 13.168346452572582 16.667334976685492 -5.994475827835234
    endloop
  endfacet
  facet normal 0.1467304744553914 -0.9891765099647766 -7.2406555731443e-16
    outer loop
      vertex 13.186345150945407 16.67000483138303 -11.85
      vertex 13.230141272767828 16.67650137236391 -11.85
      vertex 13.333370861439747 16.691814035342734 -5.993273248798081
    endloop
  endfacet
  facet normal 0.04906767432741787 0.9987954562051724 0
    outer loop
      vertex 13.333370861439747 13.308185964657266 -14.5
      vertex 13.333370861439747 13.308185964657266 -14.45
      vertex 13.5 13.3 -14.5
    endloop
  endfacet
  facet normal 0.04906767432741787 0.9987954562051724 -4.070241208698026e-18
    outer loop
      vertex 13.333370861439747 13.308185964657266 -14.45
      vertex 13.5 13.3 -14.45
      vertex 13.5 13.3 -14.5
    endloop
  endfacet
  facet normal 0 0 1
    outer loop
      vertex 13.006516048667415 13.373201429255245 -14.5
      vertex 14.150561835020653 15.102216216880906 -14.5
      vertex 12.9 15.102216216880906 -14.5
    endloop
  endfacet
  facet normal 0 0 1
    outer loop
      vertex 13.006516048667415 13.373201429255245 -14.5
      vertex 13.168346452572582 13.332665023314508 -14.5
      vertex 14.150561835020653 15.102216216880906 -14.5
    endloop
  endfacet
  facet normal -0.04906767432741787 0.9987954562051724 0
    outer loop
      vertex 13.5 13.3 -14.5
      vertex 13.5 13.3 -14.45
      vertex 13.666629138560253 13.308185964657266 -14.5
    endloop
  endfacet
  facet normal -0.04906767432741787 0.9987954562051724 4.070241208698026e-18
    outer loop
      vertex 13.5 13.3 -14.45
      vertex 13.666629138560253 13.308185964657266 -14.45
      vertex 13.666629138560253 13.308185964657266 -14.5
    endloop
  endfacet
  facet normal 0 0 1
    outer loop
      vertex 13.168346452572582 13.332665023314508 -14.5
      vertex 13.333370861439747 13.308185964657266 -14.5
      vertex 14.150561835020653 15.102216216880906 -14.5
    endloop
  endfacet
  facet normal 0 0 1
    outer loop
      vertex 13.333370861439747 13.308185964657266 -14.5
      vertex 13.5 13.3 -14.5
      vertex 14.150561835020653 15.102216216880906 -14.5
    endloop
  endfacet
  facet normal 0.14673047445535126 -0.9891765099647825 1.3520087266737807e-20
    outer loop
      vertex 13.230141272767828 16.67650137236391 -11.85
      vertex 13.333370861439747 16.691814035342734 -11.85
      vertex 13.333370861439747 16.691814035342734 -5.993273248798081
    endloop
  endfacet
  facet normal 0.04906767432741786 -0.9987954562051724 3.4741261559622485e-20
    outer loop
      vertex 13.333370861439747 16.691814035342734 -11.85
      vertex 13.5 16.7 -11.85
      vertex 13.5 16.7 -5.992064758194243
    endloop
  endfacet
  facet normal -0.04906767432739832 -0.9987954562051733 -5.548456319179318e-16
    outer loop
      vertex 13.5 16.7 -11.85
      vertex 13.511326586618075 16.699443560480812 -11.85
      vertex 13.665442690798299 16.691872321783695 -5.993270385368852
    endloop
  endfacet
  facet normal -0.04906767432740475 -0.9987954562051731 -3.8515514683361573e-16
    outer loop
      vertex 13.511326586618075 16.699443560480812 -11.85
      vertex 13.573868552517872 16.696371070717767 -11.85
      vertex 13.665442690798299 16.691872321783695 -5.993270385368852
    endloop
  endfacet
  facet normal -0.04906767432742909 -0.9987954562051718 -3.6501259460437e-18
    outer loop
      vertex 13.573868552517872 16.696371070717767 -11.85
      vertex 13.666629138560253 16.691814035342734 -11.85
      vertex 13.665442690798299 16.691872321783695 -5.993270385368852
    endloop
  endfacet
  facet normal -0.1467304744553569 0.9891765099647816 0
    outer loop
      vertex 13.666629138560253 13.308185964657266 -14.5
      vertex 13.666629138560253 13.308185964657266 -14.45
      vertex 13.831653547427418 13.332665023314508 -14.5
    endloop
  endfacet
  facet normal -0.1467304744553569 0.9891765099647816 3.871458542313111e-17
    outer loop
      vertex 13.666629138560253 13.308185964657266 -14.45
      vertex 13.831653547427418 13.332665023314508 -14.45
      vertex 13.831653547427418 13.332665023314508 -14.5
    endloop
  endfacet
  facet normal 0 0 1
    outer loop
      vertex 13.5 13.3 -14.5
      vertex 13.666629138560253 13.308185964657266 -14.5
      vertex 14.150561835020653 15.102216216880906 -14.5
    endloop
  endfacet
  facet normal 0 0 1
    outer loop
      vertex 13.666629138560253 13.308185964657266 -14.5
      vertex 13.831653547427418 13.332665023314508 -14.5
      vertex 14.150561835020653 15.102216216880906 -14.5
    endloop
  endfacet
  facet normal -0.2429801799032638 0.9700312531945441 0
    outer loop
      vertex 13.831653547427418 13.332665023314508 -14.5
      vertex 13.831653547427418 13.332665023314508 -14.45
      vertex 13.993483951332585 13.373201429255245 -14.5
    endloop
  endfacet
  facet normal -0.2429801799032638 0.9700312531945441 -5.1455034321714075e-17
    outer loop
      vertex 13.831653547427418 13.332665023314508 -14.45
      vertex 13.993483951332585 13.373201429255245 -14.45
      vertex 13.993483951332585 13.373201429255245 -14.5
    endloop
  endfacet
  facet normal -0.3368898533922202 0.9415440651830207 0
    outer loop
      vertex 13.993483951332585 13.373201429255245 -14.5
      vertex 13.993483951332585 13.373201429255245 -14.45
      vertex 14.150561835020653 13.429404794730813 -14.5
    endloop
  endfacet
  facet normal 0 0 1
    outer loop
      vertex 13.831653547427418 13.332665023314508 -14.5
      vertex 13.993483951332585 13.373201429255245 -14.5
      vertex 14.150561835020653 15.102216216880906 -14.5
    endloop
  endfacet
  facet normal -0.1467304744553632 -0.9891765099647808 1.81144110146428e-16
    outer loop
      vertex 13.666629138560253 16.691814035342734 -11.85
      vertex 13.813654849054593 16.67000483138303 -11.85
      vertex 13.831653547427418 16.667334976685492 -5.994475827835234
    endloop
  endfacet
  facet normal -0.14673047445530554 -0.9891765099647892 5.705635456892477e-21
    outer loop
      vertex 13.813654849054593 16.67000483138303 -11.85
      vertex 13.831653547427418 16.667334976685492 -11.85
      vertex 13.831653547427418 16.667334976685492 -5.994475827835234
    endloop
  endfacet
  facet normal -0.24298017990324566 -0.9700312531945485 -8.259365337554629e-16
    outer loop
      vertex 13.831653547427418 16.667334976685492 -11.85
      vertex 13.888897284481132 16.652996167000918 -11.85
      vertex 13.993483951332585 16.626798570744754 -5.996467253760079
    endloop
  endfacet
  facet normal -0.24298017990328918 -0.9700312531945376 -1.272920981034088e-19
    outer loop
      vertex 13.888897284481132 16.652996167000918 -11.85
      vertex 13.993483951332585 16.626798570744754 -11.85
      vertex 13.993483951332585 16.626798570744754 -5.996467253760079
    endloop
  endfacet
  facet normal -0.3368898533922202 0.9415440651830207 4.201992033831661e-17
    outer loop
      vertex 13.993483951332585 13.373201429255245 -14.45
      vertex 14.150561835020653 13.429404794730813 -14.45
      vertex 14.150561835020653 13.429404794730813 -14.5
    endloop
  endfacet
  facet normal -0.4275550934302793 0.9039892931234446 0
    outer loop
      vertex 14.150561835020653 13.429404794730813 -14.5
      vertex 14.150561835020653 13.429404794730813 -14.45
      vertex 14.301374452604197 13.500733850607796 -14.5
    endloop
  endfacet
  facet normal -0.4275550934302793 0.9039892931234446 -5.896830840500828e-17
    outer loop
      vertex 14.150561835020653 13.429404794730813 -14.45
      vertex 14.301374452604197 13.500733850607796 -14.45
      vertex 14.301374452604197 13.500733850607796 -14.5
    endloop
  endfacet
  facet normal 0 0 1
    outer loop
      vertex 13.993483951332585 13.373201429255245 -14.5
      vertex 14.150561835020653 13.429404794730813 -14.5
      vertex 14.150561835020653 13.969155455547858 -14.5
    endloop
  endfacet
  facet normal 0 0 1
    outer loop
      vertex 13.993483951332585 13.373201429255245 -14.5
      vertex 14.150561835020653 13.969155455547858 -14.5
      vertex 14.150561835020653 15.102216216880906 -14.5
    endloop
  endfacet
  facet normal 0 0 1
    outer loop
      vertex 14.150561835020653 13.429404794730813 -14.5
      vertex 14.175430769210402 13.935623579498206 -14.5
      vertex 14.150561835020653 13.969155455547858 -14.5
    endloop
  endfacet
  facet normal 0 0 1
    outer loop
      vertex 14.150561835020653 13.429404794730813 -14.5
      vertex 14.301374452604197 13.794786153730545 -14.5
      vertex 14.175430769210402 13.935623579498206 -14.5
    endloop
  endfacet
  facet normal 0 0 1
    outer loop
      vertex 14.175430769210402 13.935623579498206 -14.5
      vertex 14.301374452604197 13.868266573632877 -14.5
      vertex 14.185882229283347 14.148367936646864 -14.5
    endloop
  endfacet
  facet normal 0 0 1
    outer loop
      vertex 14.150561835020653 13.429404794730813 -14.5
      vertex 14.301374452604197 13.500733850607796 -14.5
      vertex 14.301374452604197 13.794786153730545 -14.5
    endloop
  endfacet
  facet normal 0 0 1
    outer loop
      vertex 14.301374452604197 13.794786153730545 -14.5
      vertex 14.301374452604197 13.868266573632877 -14.5
      vertex 14.175430769210402 13.935623579498206 -14.5
    endloop
  endfacet
  facet normal 0 0 1
    outer loop
      vertex 14.185882229283347 14.148367936646864 -14.5
      vertex 14.372714646662102 15.102216216880906 -14.5
      vertex 14.158065158802863 15.102216216880906 -14.5
    endloop
  endfacet
  facet normal -0.514102744193228 0.8577286100002685 0
    outer loop
      vertex 14.301374452604197 13.500733850607796 -14.5
      vertex 14.301374452604197 13.500733850607796 -14.45
      vertex 14.444469396133323 13.586501659085673 -14.5
    endloop
  endfacet
  facet normal -0.514102744193228 0.8577286100002685 6.248333397442602e-17
    outer loop
      vertex 14.301374452604197 13.500733850607796 -14.45
      vertex 14.444469396133323 13.586501659085673 -14.45
      vertex 14.444469396133323 13.586501659085673 -14.5
    endloop
  endfacet
  facet normal 0 0 1
    outer loop
      vertex 14.301374452604197 13.500733850607796 -14.5
      vertex 14.315204518662606 13.782251312511159 -14.5
      vertex 14.301374452604197 13.794786153730545 -14.5
    endloop
  endfacet
  facet normal 0 0 1
    outer loop
      vertex 14.185882229283347 14.148367936646864 -14.5
      vertex 14.301374452604197 13.868266573632877 -14.5
      vertex 14.372714646662102 15.102216216880906 -14.5
    endloop
  endfacet
  facet normal 0 0 1
    outer loop
      vertex 14.301374452604197 13.500733850607796 -14.5
      vertex 14.444469396133323 13.668870264470746 -14.5
      vertex 14.315204518662606 13.782251312511159 -14.5
    endloop
  endfacet
  facet normal 0 0 1
    outer loop
      vertex 14.301374452604197 13.500733850607796 -14.5
      vertex 14.444469396133323 13.586501659085673 -14.5
      vertex 14.444469396133323 13.668870264470746 -14.5
    endloop
  endfacet
  facet normal 0 0 1
    outer loop
      vertex 14.315204518662606 13.782251312511159 -14.5
      vertex 14.444469396133323 13.668870264470746 -14.5
      vertex 14.444469396133323 14.152795522506096 -14.5
    endloop
  endfacet
  facet normal 0 0 1
    outer loop
      vertex 14.315204518662606 13.782251312511159 -14.5
      vertex 14.444469396133323 14.152795522506096 -14.5
      vertex 14.380050236220546 15.102216216880908 -14.5
    endloop
  endfacet
  facet normal -0.5956993044924199 0.8032075314806548 0
    outer loop
      vertex 14.444469396133323 13.586501659085673 -14.5
      vertex 14.444469396133323 13.586501659085673 -14.45
      vertex 14.5 13.627685961778209 -14.5
    endloop
  endfacet
  facet normal 0 0 1
    outer loop
      vertex 14.444469396133323 13.586501659085673 -14.5
      vertex 14.5 13.627685961778209 -14.5
      vertex 14.444469396133323 13.668870264470746 -14.5
    endloop
  endfacet
  facet normal 0 0 1
    outer loop
      vertex 14.444469396133323 14.152795522506096 -14.5
      vertex 14.468223153585152 15.102216216880906 -14.5
      vertex 14.380050236220546 15.102216216880908 -14.5
    endloop
  endfacet
  facet normal -0.5141027441932327 0.8577286100002656 -2.0943484193153495e-19
    outer loop
      vertex 14.350676773425802 13.530284524485252 -11.85
      vertex 14.399999999999999 13.559847728788593 -6.91211925654552
      vertex 14.399999999999999 13.559847728788593 -11.85
    endloop
  endfacet
  facet normal -0.33688985339222044 -0.9415440651830206 5.979592346417461e-18
    outer loop
      vertex 13.993483951332585 16.626798570744754 -11.85
      vertex 14.12428903045161 16.579995765058968 -11.85
      vertex 14.150561835020653 16.570595205269186 -5.999228348052335
    endloop
  endfacet
  facet normal -0.3368898533922193 -0.941544065183021 4.69141087320357e-20
    outer loop
      vertex 14.12428903045161 16.579995765058968 -11.85
      vertex 14.150561835020653 16.570595205269186 -11.85
      vertex 14.150561835020653 16.570595205269186 -5.999228348052335
    endloop
  endfacet
  facet normal -0.42755509343029363 -0.9039892931234379 6.361524945354433e-17
    outer loop
      vertex 14.150561835020653 16.570595205269186 -11.85
      vertex 14.202523224240087 16.546019298462014 -11.85
      vertex 14.194640671386566 16.54974746830583 -6.0002525316941675
    endloop
  endfacet
  facet normal -0.42755509343027176 -0.9039892931234482 -5.962638724262034e-19
    outer loop
      vertex 14.202523224240087 16.546019298462014 -11.85
      vertex 14.301374452604197 16.499266149392202 -11.85
      vertex 14.301374452604197 16.499266149392202 -5.997772543523733
    endloop
  endfacet
  facet normal -0.5141027441932198 -0.8577286100002732 -7.024888711266192e-18
    outer loop
      vertex 14.301374452604197 16.499266149392202 -11.85
      vertex 14.428910967214279 16.422823704332732 -11.85
      vertex 14.444469396133323 16.413498340914327 -5.993559041281583
    endloop
  endfacet
  facet normal -0.5141027441932218 -0.8577286100002719 -7.968250349516202e-20
    outer loop
      vertex 14.428910967214279 16.422823704332732 -11.85
      vertex 14.444469396133323 16.413498340914327 -11.85
      vertex 14.444469396133323 16.413498340914327 -5.993559041281583
    endloop
  endfacet
  facet normal 0.33688985339222005 0.9415440651830208 0
    outer loop
      vertex 13.006516048667415 13.373201429255245 -11.85
      vertex 12.9 13.411313480880262 -11.85
      vertex 13.006516048667415 13.373201429255245 7.350000000000001
    endloop
  endfacet
  facet normal 0.2429801799032737 0.9700312531945415 0
    outer loop
      vertex 13.006516048667415 13.373201429255245 -11.85
      vertex 13.006516048667415 13.373201429255245 7.350000000000001
      vertex 13.111102715518868 13.347003832999082 -11.85
    endloop
  endfacet
  facet normal 0.24298017990325377 0.9700312531945465 -1.151537767637601e-16
    outer loop
      vertex 13.111102715518868 13.347003832999082 -11.85
      vertex 13.006516048667415 13.373201429255245 7.350000000000001
      vertex 13.16219020568206 13.334207082884301 -11.85
    endloop
  endfacet
  facet normal 0.2429801799031784 0.9700312531945654 -7.642844315372042e-16
    outer loop
      vertex 13.16219020568206 13.334207082884301 -11.85
      vertex 13.006516048667415 13.373201429255245 7.350000000000001
      vertex 13.168346452572582 13.332665023314508 -11.85
    endloop
  endfacet
  facet normal 0.14673047445535692 0.9891765099647817 0
    outer loop
      vertex 13.168346452572582 13.332665023314508 -11.85
      vertex 13.168346452572582 13.332665023314508 7.350000000000001
      vertex 13.333370861439747 13.308185964657266 -11.85
    endloop
  endfacet
  facet normal 0.33688985339222005 -0.9415440651830208 -5.484891415089624e-19
    outer loop
      vertex 13.006516048667415 16.626798570744754 -5.996467253760079
      vertex 12.9 16.588686519119737 -5.998339578794668
      vertex 12.9 16.588686519119737 -11.85
    endloop
  endfacet
  facet normal 0.2429801799032738 -0.9700312531945415 0
    outer loop
      vertex 13.006516048667415 16.626798570744754 -11.85
      vertex 13.168346452572582 16.667334976685492 -5.994475827835234
      vertex 13.006516048667415 16.626798570744754 -5.996467253760079
    endloop
  endfacet
  facet normal 0.1467304744553569 -0.9891765099647817 1.613949805178781e-16
    outer loop
      vertex 13.186345150945407 16.67000483138303 -11.85
      vertex 13.333370861439747 16.691814035342734 -5.993273248798081
      vertex 13.168346452572582 16.667334976685492 -5.994475827835234
    endloop
  endfacet
  facet normal 0.049067674327417876 0.9987954562051724 0
    outer loop
      vertex 13.333370861439747 13.308185964657266 -11.85
      vertex 13.333370861439747 13.308185964657266 7.350000000000001
      vertex 13.5 13.3 -11.85
    endloop
  endfacet
  facet normal -0.049067674327417876 0.9987954562051724 0
    outer loop
      vertex 13.5 13.3 -11.85
      vertex 13.5 13.3 7.350000000000001
      vertex 13.666629138560253 13.308185964657266 -11.85
    endloop
  endfacet
  facet normal 0.04906767432741108 -0.9987954562051727 0
    outer loop
      vertex 13.333370861439747 16.691814035342734 -11.85
      vertex 13.334557309201701 16.691872321783695 -5.993270385368852
      vertex 13.333370861439747 16.691814035342734 -5.993273248798081
    endloop
  endfacet
  facet normal 0.04906767432741792 -0.9987954562051724 -1.3869484071450413e-18
    outer loop
      vertex 13.333370861439747 16.691814035342734 -11.85
      vertex 13.5 16.7 -5.992064758194243
      vertex 13.334557309201701 16.691872321783695 -5.993270385368852
    endloop
  endfacet
  facet normal -0.04906767432741792 -0.9987954562051724 0
    outer loop
      vertex 13.5 16.7 -11.85
      vertex 13.665442690798299 16.691872321783695 -5.993270385368852
      vertex 13.5 16.7 -5.992064758194243
    endloop
  endfacet
  facet normal -0.04906767432741108 -0.9987954562051727 0
    outer loop
      vertex 13.666629138560253 16.691814035342734 -11.85
      vertex 13.666629138560253 16.691814035342734 -5.993273248798081
      vertex 13.665442690798299 16.691872321783695 -5.993270385368852
    endloop
  endfacet
  facet normal 0.33688985339222 0.9415440651830208 0
    outer loop
      vertex 12.9 13.411313480880262 6.083986902937177
      vertex 13.006516048667415 13.373201429255245 7.350000000000001
      vertex 12.9 13.411313480880262 -11.85
    endloop
  endfacet
  facet normal 0.24298017990326376 0.970031253194544 0
    outer loop
      vertex 13.168346452572582 13.332665023314508 -11.85
      vertex 13.006516048667415 13.373201429255245 7.350000000000001
      vertex 13.168346452572582 13.332665023314508 7.350000000000001
    endloop
  endfacet
  facet normal 0.14673047445535692 0.9891765099647817 0
    outer loop
      vertex 13.333370861439747 13.308185964657266 -11.85
      vertex 13.168346452572582 13.332665023314508 7.350000000000001
      vertex 13.333370861439747 13.308185964657266 7.350000000000001
    endloop
  endfacet
  facet normal 0.33688985339222005 0.9415440651830208 0
    outer loop
      vertex 12.9 13.411313480880262 7.350000000000001
      vertex 13.006516048667415 13.373201429255245 7.350000000000001
      vertex 12.9 13.411313480880262 6.083986902937177
    endloop
  endfacet
  facet normal 0.33688985339222 -0.9415440651830208 -3.788519858105007e-19
    outer loop
      vertex 13.006516048667415 16.626798570744754 -3.104037809628256
      vertex 12.9 16.588686519119737 5.36967133041591
      vertex 12.9 16.588686519119737 -3.1021654845936677
    endloop
  endfacet
  facet normal 0.33688985339222 -0.9415440651830207 0
    outer loop
      vertex 13.006516048667415 16.626798570744754 -3.104037809628256
      vertex 13.006516048667415 16.626798570744754 7.350000000000001
      vertex 12.9 16.588686519119737 5.36967133041591
    endloop
  endfacet
  facet normal 0.24298017990327378 -0.9700312531945415 -3.290732001169863e-20
    outer loop
      vertex 13.006516048667415 16.626798570744754 -3.104037809628256
      vertex 13.168346452572582 16.667334976685492 -3.1060292355531005
      vertex 13.168346452572582 16.667334976685492 7.350000000000001
    endloop
  endfacet
  facet normal 0.14673047445535692 -0.9891765099647816 1.851091479540306e-19
    outer loop
      vertex 13.168346452572582 16.667334976685492 -3.1060292355531005
      vertex 13.333370861439747 16.691814035342734 -3.1072318145902527
      vertex 13.333370861439747 16.691814035342734 7.350000000000001
    endloop
  endfacet
  facet normal 0.2429801799032738 -0.9700312531945415 0
    outer loop
      vertex 13.006516048667415 16.626798570744754 -3.104037809628256
      vertex 13.168346452572582 16.667334976685492 7.350000000000001
      vertex 13.006516048667415 16.626798570744754 7.350000000000001
    endloop
  endfacet
  facet normal 0.33688985339222 -0.9415440651830207 0
    outer loop
      vertex 12.9 16.588686519119737 5.36967133041591
      vertex 13.006516048667415 16.626798570744754 7.350000000000001
      vertex 12.9 16.588686519119737 7.350000000000001
    endloop
  endfacet
  facet normal 0.14673047445535692 -0.9891765099647817 0
    outer loop
      vertex 13.168346452572582 16.667334976685492 -3.1060292355531005
      vertex 13.333370861439747 16.691814035342734 7.350000000000001
      vertex 13.168346452572582 16.667334976685492 7.350000000000001
    endloop
  endfacet
  facet normal 0.049067674327417876 0.9987954562051724 0
    outer loop
      vertex 13.5 13.3 -11.85
      vertex 13.333370861439747 13.308185964657266 7.350000000000001
      vertex 13.5 13.3 7.350000000000001
    endloop
  endfacet
  facet normal -0.049067674327417876 0.9987954562051724 0
    outer loop
      vertex 13.666629138560253 13.308185964657266 -11.85
      vertex 13.5 13.3 7.350000000000001
      vertex 13.666629138560253 13.308185964657266 7.350000000000001
    endloop
  endfacet
  facet normal 0.0490676743274111 -0.9987954562051728 1.0825320879575334e-16
    outer loop
      vertex 13.333370861439747 16.691814035342734 -3.1072318145902527
      vertex 13.334557309201701 16.691872321783695 -3.1072346780194815
      vertex 13.5 16.7 7.350000000000001
    endloop
  endfacet
  facet normal 0.04906767432741792 -0.9987954562051723 -1.028470231103616e-20
    outer loop
      vertex 13.334557309201701 16.691872321783695 -3.1072346780194815
      vertex 13.5 16.7 -3.1084403051940908
      vertex 13.5 16.7 7.350000000000001
    endloop
  endfacet
  facet normal -0.04906767432741791 -0.9987954562051725 8.261898248457984e-19
    outer loop
      vertex 13.5 16.7 -3.1084403051940908
      vertex 13.665442690798299 16.691872321783695 -3.1072346780194815
      vertex 13.666629138560253 16.691814035342734 7.350000000000001
    endloop
  endfacet
  facet normal -0.0490676743274111 -0.9987954562051727 0
    outer loop
      vertex 13.666629138560253 16.691814035342734 -3.1072318145902527
      vertex 13.666629138560253 16.691814035342734 7.350000000000001
      vertex 13.665442690798299 16.691872321783695 -3.1072346780194815
    endloop
  endfacet
  facet normal 0.04906767432741787 -0.9987954562051725 0
    outer loop
      vertex 13.333370861439747 16.691814035342734 -3.1072318145902527
      vertex 13.5 16.7 7.350000000000001
      vertex 13.333370861439747 16.691814035342734 7.350000000000001
    endloop
  endfacet
  facet normal -0.04906767432741786 -0.9987954562051724 0
    outer loop
      vertex 13.5 16.7 -3.1084403051940908
      vertex 13.666629138560253 16.691814035342734 7.350000000000001
      vertex 13.5 16.7 7.350000000000001
    endloop
  endfacet
  facet normal -0.14673047445535692 0.9891765099647817 0
    outer loop
      vertex 13.666629138560253 13.308185964657266 -11.85
      vertex 13.666629138560253 13.308185964657266 7.350000000000001
      vertex 13.831653547427418 13.332665023314508 -11.85
    endloop
  endfacet
  facet normal -0.24298017990326376 0.970031253194544 0
    outer loop
      vertex 13.831653547427418 13.332665023314508 -11.85
      vertex 13.831653547427418 13.332665023314508 7.350000000000001
      vertex 13.993483951332585 13.373201429255245 -11.85
    endloop
  endfacet
  facet normal -0.3368898533922202 0.9415440651830207 0
    outer loop
      vertex 13.993483951332585 13.373201429255245 -11.85
      vertex 13.993483951332585 13.373201429255245 7.350000000000001
      vertex 14.150561835020653 13.429404794730813 -11.85
    endloop
  endfacet
  facet normal -0.1467304744553569 -0.9891765099647816 0
    outer loop
      vertex 13.666629138560253 16.691814035342734 -11.85
      vertex 13.831653547427418 16.667334976685492 -5.994475827835234
      vertex 13.666629138560253 16.691814035342734 -5.993273248798081
    endloop
  endfacet
  facet normal -0.24298017990327378 -0.9700312531945415 0
    outer loop
      vertex 13.831653547427418 16.667334976685492 -11.85
      vertex 13.993483951332585 16.626798570744754 -5.996467253760079
      vertex 13.831653547427418 16.667334976685492 -5.994475827835234
    endloop
  endfacet
  facet normal -0.3368898533922203 -0.9415440651830207 0
    outer loop
      vertex 13.993483951332585 16.626798570744754 -11.85
      vertex 14.150561835020653 16.570595205269186 -5.999228348052335
      vertex 13.993483951332585 16.626798570744754 -5.996467253760079
    endloop
  endfacet
  facet normal -0.42755509343027925 0.9039892931234447 0
    outer loop
      vertex 14.150561835020653 13.429404794730813 -11.85
      vertex 14.150561835020653 13.429404794730813 7.350000000000001
      vertex 14.301374452604197 13.500733850607796 -11.85
    endloop
  endfacet
  facet normal -0.5141027441932171 0.857728610000275 0
    outer loop
      vertex 14.301374452604197 13.500733850607796 -11.85
      vertex 14.301374452604197 13.500733850607796 7.350000000000001
      vertex 14.350676773425802 13.530284524485252 -11.85
    endloop
  endfacet
  facet normal -0.5141027441932294 0.8577286100002675 -4.320512567494284e-17
    outer loop
      vertex 14.350676773425802 13.530284524485252 -11.85
      vertex 14.301374452604197 13.500733850607796 7.350000000000001
      vertex 14.399999999999999 13.559847728788593 -6.91211925654552
    endloop
  endfacet
  facet normal -0.5141027441932347 0.8577286100002643 1.3426554299641468e-19
    outer loop
      vertex 14.399999999999999 13.559847728788593 -6.91211925654552
      vertex 14.444469396133323 13.586501659085673 7.350000000000001
      vertex 14.444469396133323 13.586501659085673 -6.931887158510645
    endloop
  endfacet
  facet normal -0.5956993044924199 0.8032075314806549 0
    outer loop
      vertex 14.444469396133323 13.586501659085673 -6.931887158510645
      vertex 14.444469396133323 13.586501659085673 7.350000000000001
      vertex 14.5 13.627685961778209 -6.962431519100397
    endloop
  endfacet
  facet normal -0.4275550934302867 -0.9039892931234411 0
    outer loop
      vertex 14.150561835020653 16.570595205269186 -11.85
      vertex 14.194640671386566 16.54974746830583 -6.0002525316941675
      vertex 14.150561835020653 16.570595205269186 -5.999228348052335
    endloop
  endfacet
  facet normal -0.4275550934302763 -0.9039892931234461 9.254493138628533e-17
    outer loop
      vertex 14.202523224240087 16.546019298462014 -11.85
      vertex 14.301374452604197 16.499266149392202 -5.997772543523733
      vertex 14.194640671386566 16.54974746830583 -6.0002525316941675
    endloop
  endfacet
  facet normal -0.51410274419322 -0.857728610000273 0
    outer loop
      vertex 14.301374452604197 16.499266149392202 -11.85
      vertex 14.444469396133323 16.413498340914327 -5.993559041281583
      vertex 14.301374452604197 16.499266149392202 -5.997772543523733
    endloop
  endfacet
  facet normal -0.5956993044924151 -0.8032075314806584 0
    outer loop
      vertex 14.444469396133323 16.413498340914327 -11.85
      vertex 14.452391895639176 16.40762261482797 -5.993270385368852
      vertex 14.444469396133323 16.413498340914327 -5.993559041281583
    endloop
  endfacet
  facet normal -0.5956993044924594 -0.8032075314806256 9.294132485377459e-17
    outer loop
      vertex 14.444469396133323 16.413498340914327 -11.85
      vertex 14.5 16.372314038221788 -5.988032852789401
      vertex 14.452391895639176 16.40762261482797 -5.993270385368852
    endloop
  endfacet
  facet normal -0.14673047445535692 0.9891765099647817 0
    outer loop
      vertex 13.831653547427418 13.332665023314508 -11.85
      vertex 13.666629138560253 13.308185964657266 7.350000000000001
      vertex 13.831653547427418 13.332665023314508 7.350000000000001
    endloop
  endfacet
  facet normal -0.24298017990326376 0.970031253194544 0
    outer loop
      vertex 13.993483951332585 13.373201429255245 -11.85
      vertex 13.831653547427418 13.332665023314508 7.350000000000001
      vertex 13.993483951332585 13.373201429255245 7.350000000000001
    endloop
  endfacet
  facet normal -0.14673047445535692 -0.9891765099647817 -1.851304379079796e-19
    outer loop
      vertex 13.666629138560253 16.691814035342734 -3.1072318145902527
      vertex 13.831653547427418 16.667334976685492 -3.1060292355531005
      vertex 13.831653547427418 16.667334976685492 7.350000000000001
    endloop
  endfacet
  facet normal -0.24298017990327384 -0.9700312531945415 3.2913588641235076e-20
    outer loop
      vertex 13.831653547427418 16.667334976685492 -3.1060292355531005
      vertex 13.993483951332585 16.626798570744754 -3.1040378096282555
      vertex 13.993483951332585 16.626798570744754 7.350000000000001
    endloop
  endfacet
  facet normal -0.14673047445535692 -0.9891765099647818 0
    outer loop
      vertex 13.666629138560253 16.691814035342734 -3.1072318145902527
      vertex 13.831653547427418 16.667334976685492 7.350000000000001
      vertex 13.666629138560253 16.691814035342734 7.350000000000001
    endloop
  endfacet
  facet normal -0.24298017990327378 -0.9700312531945415 0
    outer loop
      vertex 13.831653547427418 16.667334976685492 -3.1060292355531005
      vertex 13.993483951332585 16.626798570744754 7.350000000000001
      vertex 13.831653547427418 16.667334976685492 7.350000000000001
    endloop
  endfacet
  facet normal -0.3368898533922202 -0.9415440651830207 0
    outer loop
      vertex 13.993483951332585 16.626798570744754 -3.1040378096282555
      vertex 14.150561835020653 16.570595205269186 7.350000000000001
      vertex 13.993483951332585 16.626798570744754 7.350000000000001
    endloop
  endfacet
  facet normal -0.3368898533922202 0.9415440651830207 0
    outer loop
      vertex 14.150561835020653 13.429404794730813 -11.85
      vertex 13.993483951332585 13.373201429255245 7.350000000000001
      vertex 14.150561835020653 13.429404794730813 7.350000000000001
    endloop
  endfacet
  facet normal -0.42755509343027925 0.9039892931234447 0
    outer loop
      vertex 14.301374452604197 13.500733850607796 -11.85
      vertex 14.150561835020653 13.429404794730813 7.350000000000001
      vertex 14.301374452604197 13.500733850607796 7.350000000000001
    endloop
  endfacet
  facet normal -0.5141027441932279 0.8577286100002683 -2.871603707761894e-17
    outer loop
      vertex 14.399999999999999 13.559847728788593 -6.91211925654552
      vertex 14.301374452604197 13.500733850607796 7.350000000000001
      vertex 14.444469396133323 13.586501659085673 7.350000000000001
    endloop
  endfacet
  facet normal -0.3368898533922203 -0.9415440651830207 -2.0102769012257611e-19
    outer loop
      vertex 13.993483951332585 16.626798570744754 -3.1040378096282555
      vertex 14.150561835020653 16.570595205269186 -3.1012767153359992
      vertex 14.150561835020653 16.570595205269186 7.350000000000001
    endloop
  endfacet
  facet normal -0.42755509343028675 -0.9039892931234412 0
    outer loop
      vertex 14.150561835020653 16.570595205269186 -3.1012767153359992
      vertex 14.194640671386566 16.54974746830583 -3.100252531694167
      vertex 14.150561835020653 16.570595205269186 7.350000000000001
    endloop
  endfacet
  facet normal -0.42755509343027626 -0.903989293123446 -1.6574823127202543e-20
    outer loop
      vertex 14.194640671386566 16.54974746830583 -3.100252531694167
      vertex 14.301374452604197 16.499266149392202 -3.1027325198646016
      vertex 14.301374452604197 16.499266149392202 7.350000000000001
    endloop
  endfacet
  facet normal -0.5141027441932201 -0.8577286100002731 2.2748153605020537e-19
    outer loop
      vertex 14.301374452604197 16.499266149392202 -3.1027325198646016
      vertex 14.444469396133323 16.413498340914327 -3.1069460221067504
      vertex 14.444469396133323 16.413498340914327 7.350000000000001
    endloop
  endfacet
  facet normal -0.5956993044924751 -0.8032075314806139 1.8120538704030645e-16
    outer loop
      vertex 14.444469396133323 16.413498340914327 -3.1069460221067504
      vertex 14.45239189563918 16.407622614827968 -3.1072346780194815
      vertex 14.5 16.372314038221788 7.350000000000001
    endloop
  endfacet
  facet normal -0.42755509343027936 -0.9039892931234447 3.7974521706468154e-17
    outer loop
      vertex 14.194640671386566 16.54974746830583 -3.100252531694167
      vertex 14.301374452604197 16.499266149392202 7.350000000000001
      vertex 14.150561835020653 16.570595205269186 7.350000000000001
    endloop
  endfacet
  facet normal -0.51410274419322 -0.8577286100002731 0
    outer loop
      vertex 14.301374452604197 16.499266149392202 -3.1027325198646016
      vertex 14.444469396133323 16.413498340914327 7.350000000000001
      vertex 14.301374452604197 16.499266149392202 7.350000000000001
    endloop
  endfacet
  facet normal -0.595699304492453 -0.8032075314806303 0
    outer loop
      vertex 14.444469396133323 16.413498340914327 -3.1069460221067504
      vertex 14.5 16.372314038221788 7.350000000000001
      vertex 14.444469396133323 16.413498340914327 7.350000000000001
    endloop
  endfacet
  facet normal -0.5956993044924199 0.8032075314806548 1.7228866274881196e-17
    outer loop
      vertex 14.444469396133323 13.586501659085673 -14.45
      vertex 14.5 13.627685961778209 -14.45
      vertex 14.5 13.627685961778209 -14.5
    endloop
  endfacet
  facet normal -0.5956993044924531 -0.8032075314806302 -4.712215858204656e-20
    outer loop
      vertex 14.444469396133323 16.413498340914327 -11.85
      vertex 14.5 16.372314038221788 -11.85
      vertex 14.5 16.372314038221788 -5.988032852789401
    endloop
  endfacet
  facet normal -0.5956993044924199 0.8032075314806548 0
    outer loop
      vertex 14.5 13.627685961778209 -6.962431519100397
      vertex 14.444469396133323 13.586501659085673 7.350000000000001
      vertex 14.5 13.627685961778209 7.350000000000001
    endloop
  endfacet
  facet normal -0.5956993044924493 -0.803207531480633 3.746653604868782e-20
    outer loop
      vertex 14.45239189563918 16.407622614827968 -3.1072346780194815
      vertex 14.5 16.372314038221788 -3.1124722105989324
      vertex 14.5 16.372314038221788 7.350000000000001
    endloop
  endfacet
  facet normal 0 0 1
    outer loop
      vertex 13.006516048667415 13.373201429255245 -14.45
      vertex 12.9 13.411313480880262 -14.45
      vertex 12.9 11.857884165391274 -14.45
    endloop
  endfacet
  facet normal 0 0 1
    outer loop
      vertex 13.186345150945407 11.81540887464897 -14.45
      vertex 13.168346452572582 13.332665023314508 -14.45
      vertex 12.9 11.857884165391274 -14.45
    endloop
  endfacet
  facet normal 0.14673047445536344 0.9891765099647807 0
    outer loop
      vertex 13.186345150945407 11.81540887464897 -14.45
      vertex 12.9 11.857884165391274 -14.45
      vertex 13.186345150945407 11.81540887464897 -11.85
    endloop
  endfacet
  facet normal 0 0 1
    outer loop
      vertex 13.006516048667415 13.373201429255245 -14.45
      vertex 12.9 11.857884165391274 -14.45
      vertex 13.168346452572582 13.332665023314508 -14.45
    endloop
  endfacet
  facet normal 0 0 1
    outer loop
      vertex 13.186345150945407 11.81540887464897 -14.45
      vertex 13.333370861439747 13.308185964657266 -14.45
      vertex 13.168346452572582 13.332665023314508 -14.45
    endloop
  endfacet
  facet normal 0.14673047445536344 0.9891765099647807 4.898677979384288e-19
    outer loop
      vertex 13.186345150945407 11.81540887464897 -11.85
      vertex 12.9 11.857884165391274 -14.45
      vertex 12.9 11.857884165391274 -11.85
    endloop
  endfacet
  facet normal 0 0 -1
    outer loop
      vertex 13.006516048667415 13.373201429255245 -11.85
      vertex 12.9 11.857884165391274 -11.85
      vertex 12.9 13.411313480880262 -11.85
    endloop
  endfacet
  facet normal 0 0 -1
    outer loop
      vertex 13.186345150945407 11.81540887464897 -11.85
      vertex 12.9 11.857884165391274 -11.85
      vertex 13.135544380292963 12.849482316989198 -11.85
    endloop
  endfacet
  facet normal 0 0 -1
    outer loop
      vertex 13.135544380292963 12.849482316989198 -11.85
      vertex 12.9 11.857884165391274 -11.85
      vertex 13.006516048667415 13.373201429255245 -11.85
    endloop
  endfacet
  facet normal 0 0 -1
    outer loop
      vertex 13.135544380292963 12.849482316989198 -11.85
      vertex 13.006516048667415 13.373201429255245 -11.85
      vertex 13.111102715518868 13.347003832999082 -11.85
    endloop
  endfacet
  facet normal 0 0 -1
    outer loop
      vertex 13.135544380292963 12.849482316989198 -11.85
      vertex 13.16219020568206 13.334207082884301 -11.85
      vertex 13.168346452572582 13.332665023314508 -11.85
    endloop
  endfacet
  facet normal 0.049067674327415406 0.9987954562051725 0
    outer loop
      vertex 13.186345150945407 11.81540887464897 -14.45
      vertex 13.186345150945407 11.81540887464897 -11.85
      vertex 13.5 11.8 -11.85
    endloop
  endfacet
  facet normal 0 0 -1
    outer loop
      vertex 13.186345150945407 11.81540887464897 -11.85
      vertex 13.135544380292963 12.849482316989198 -11.85
      vertex 13.333370861439747 13.308185964657266 -11.85
    endloop
  endfacet
  facet normal 0 0 -1
    outer loop
      vertex 13.135544380292963 12.849482316989198 -11.85
      vertex 13.168346452572582 13.332665023314508 -11.85
      vertex 13.333370861439747 13.308185964657266 -11.85
    endloop
  endfacet
  facet normal 0.14673047445536944 -0.9891765099647798 1.1284192367829686e-20
    outer loop
      vertex 13.186345150945407 18.18459112535103 -14.45
      vertex 12.9 18.142115834608724 -11.85
      vertex 12.9 18.142115834608724 -14.45
    endloop
  endfacet
  facet normal 0 0 1
    outer loop
      vertex 13.186345150945407 18.18459112535103 -14.45
      vertex 12.9 18.142115834608724 -14.45
      vertex 13.5 18.2 -14.45
    endloop
  endfacet
  facet normal 0.049067674327415406 -0.9987954562051725 0
    outer loop
      vertex 13.186345150945407 18.18459112535103 -14.45
      vertex 13.5 18.2 -14.45
      vertex 13.186345150945407 18.18459112535103 -11.85
    endloop
  endfacet
  facet normal 0 0 -1
    outer loop
      vertex 12.936142286856441 16.908405174290987 -11.85
      vertex 12.9 16.859672941788617 -11.85
      vertex 12.9 18.142115834608724 -11.85
    endloop
  endfacet
  facet normal 0 0 -1
    outer loop
      vertex 12.95095340497493 16.606917938940224 -11.85
      vertex 12.936142286856441 16.908405174290987 -11.85
      vertex 13.006516048667415 16.626798570744754 -11.85
    endloop
  endfacet
  facet normal 0 0 -1
    outer loop
      vertex 12.936142286856441 16.908405174290987 -11.85
      vertex 13.186345150945407 17.206567696062002 -11.85
      vertex 13.006516048667415 16.626798570744754 -11.85
    endloop
  endfacet
  facet normal 0 0 -1
    outer loop
      vertex 12.936142286856441 16.908405174290987 -11.85
      vertex 12.9 18.142115834608724 -11.85
      vertex 13.186345150945407 17.206567696062002 -11.85
    endloop
  endfacet
  facet normal 0.14673047445536944 -0.9891765099647798 0
    outer loop
      vertex 13.186345150945407 18.18459112535103 -14.45
      vertex 13.186345150945407 18.18459112535103 -11.85
      vertex 12.9 18.142115834608724 -11.85
    endloop
  endfacet
  facet normal 0 0 -1
    outer loop
      vertex 13.186345150945407 17.206567696062002 -11.85
      vertex 12.9 18.142115834608724 -11.85
      vertex 13.186345150945407 18.18459112535103 -11.85
    endloop
  endfacet
  facet normal 0 0 -1
    outer loop
      vertex 13.006516048667415 16.626798570744754 -11.85
      vertex 13.186345150945407 17.206567696062002 -11.85
      vertex 13.168346452572582 16.667334976685492 -11.85
    endloop
  endfacet
  facet normal 0 0 -1
    outer loop
      vertex 13.168346452572582 16.667334976685492 -11.85
      vertex 13.186345150945407 17.206567696062002 -11.85
      vertex 13.186345150945407 16.67000483138303 -11.85
    endloop
  endfacet
  facet normal 0 0 -1
    outer loop
      vertex 13.230141272767828 16.67650137236391 -11.85
      vertex 13.237258300203047 17.148230163950988 -11.85
      vertex 13.333370861439747 16.691814035342734 -11.85
    endloop
  endfacet
  facet normal 0 0 -1
    outer loop
      vertex 13.186345150945407 17.206567696062002 -11.85
      vertex 13.186345150945407 18.18459112535103 -11.85
      vertex 13.231921955736006 17.256853950985626 -11.85
    endloop
  endfacet
  facet normal 0 0 1
    outer loop
      vertex 13.186345150945407 11.81540887464897 -14.45
      vertex 13.5 11.8 -14.45
      vertex 13.333370861439747 13.308185964657266 -14.45
    endloop
  endfacet
  facet normal 0.049067674327415406 0.9987954562051725 -1.5703454345203732e-19
    outer loop
      vertex 13.186345150945407 11.81540887464897 -14.45
      vertex 13.5 11.8 -11.85
      vertex 13.5 11.8 -14.45
    endloop
  endfacet
  facet normal 0 0 1
    outer loop
      vertex 13.333370861439747 13.308185964657266 -14.45
      vertex 13.5 11.8 -14.45
      vertex 13.5 13.3 -14.45
    endloop
  endfacet
  facet normal 0 0 1
    outer loop
      vertex 13.5 11.8 -14.45
      vertex 13.813654849054593 11.81540887464897 -14.45
      vertex 13.5 13.3 -14.45
    endloop
  endfacet
  facet normal 0 0 1
    outer loop
      vertex 13.813654849054593 11.81540887464897 -14.45
      vertex 13.666629138560253 13.308185964657266 -14.45
      vertex 13.5 13.3 -14.45
    endloop
  endfacet
  facet normal 0 0 -1
    outer loop
      vertex 13.186345150945407 11.81540887464897 -11.85
      vertex 13.333370861439747 13.308185964657266 -11.85
      vertex 13.5 13.3 -11.85
    endloop
  endfacet
  facet normal 0 0 -1
    outer loop
      vertex 13.186345150945407 11.81540887464897 -11.85
      vertex 13.5 13.3 -11.85
      vertex 13.5 11.8 -11.85
    endloop
  endfacet
  facet normal 0 0 -1
    outer loop
      vertex 13.5 11.8 -11.85
      vertex 13.5 13.3 -11.85
      vertex 13.666629138560253 13.308185964657266 -11.85
    endloop
  endfacet
  facet normal -0.049067674327415406 0.9987954562051725 0
    outer loop
      vertex 13.5 11.8 -14.45
      vertex 13.5 11.8 -11.85
      vertex 13.813654849054593 11.81540887464897 -11.85
    endloop
  endfacet
  facet normal 0 0 -1
    outer loop
      vertex 13.5 11.8 -11.85
      vertex 13.666629138560253 13.308185964657266 -11.85
      vertex 13.831653547427418 13.332665023314508 -11.85
    endloop
  endfacet
  facet normal 0 0 1
    outer loop
      vertex 13.5 18.2 -14.45
      vertex 12.9 18.142115834608724 -14.45
      vertex 13.813654849054593 18.18459112535103 -14.45
    endloop
  endfacet
  facet normal 0 0 1
    outer loop
      vertex 14.568642655282735 17.999735062219234 -14.45
      vertex 12.9 18.142115834608724 -14.45
      vertex 12.9 17.999735062219234 -14.45
    endloop
  endfacet
  facet normal 0 0 1
    outer loop
      vertex 13.813654849054593 18.18459112535103 -14.45
      vertex 12.9 18.142115834608724 -14.45
      vertex 14.12428903045161 18.138512897290337 -14.45
    endloop
  endfacet
  facet normal -0.049067674327415406 -0.9987954562051725 0
    outer loop
      vertex 13.5 18.2 -14.45
      vertex 13.813654849054593 18.18459112535103 -14.45
      vertex 13.5 18.2 -11.85
    endloop
  endfacet
  facet normal 0 0 -1
    outer loop
      vertex 13.237258300203047 17.148230163950988 -11.85
      vertex 13.231921955736006 17.256853950985626 -11.85
      vertex 13.5 17.49592636062078 -11.85
    endloop
  endfacet
  facet normal 0 0 -1
    outer loop
      vertex 13.333370861439747 16.691814035342734 -11.85
      vertex 13.237258300203047 17.148230163950988 -11.85
      vertex 13.5 16.861778437367494 -11.85
    endloop
  endfacet
  facet normal 0 0 -1
    outer loop
      vertex 13.237258300203047 17.148230163950988 -11.85
      vertex 13.5 17.49592636062078 -11.85
      vertex 13.5 16.861778437367494 -11.85
    endloop
  endfacet
  facet normal 0 0 -1
    outer loop
      vertex 13.333370861439747 16.691814035342734 -11.85
      vertex 13.5 16.861778437367494 -11.85
      vertex 13.5 16.7 -11.85
    endloop
  endfacet
  facet normal 0 0 -1
    outer loop
      vertex 13.186345150945407 18.18459112535103 -11.85
      vertex 13.5 17.49592636062078 -11.85
      vertex 13.231921955736006 17.256853950985626 -11.85
    endloop
  endfacet
  facet normal 0.049067674327415406 -0.9987954562051725 0
    outer loop
      vertex 13.5 18.2 -14.45
      vertex 13.5 18.2 -11.85
      vertex 13.186345150945407 18.18459112535103 -11.85
    endloop
  endfacet
  facet normal 0 0 -1
    outer loop
      vertex 13.186345150945407 18.18459112535103 -11.85
      vertex 13.5 18.2 -11.85
      vertex 13.5 17.49592636062078 -11.85
    endloop
  endfacet
  facet normal 0 0 -1
    outer loop
      vertex 13.5 16.7 -11.85
      vertex 13.5 16.861778437367494 -11.85
      vertex 13.511326586618075 16.699443560480812 -11.85
    endloop
  endfacet
  facet normal 0 0 -1
    outer loop
      vertex 13.573868552517872 16.696371070717767 -11.85
      vertex 13.533372976994478 17.520677447239457 -11.85
      vertex 13.666629138560253 16.691814035342734 -11.85
    endloop
  endfacet
  facet normal 0 0 -1
    outer loop
      vertex 13.666629138560253 16.691814035342734 -11.85
      vertex 13.533372976994478 17.520677447239457 -11.85
      vertex 13.813654849054593 16.67000483138303 -11.85
    endloop
  endfacet
  facet normal 0 0 -1
    outer loop
      vertex 13.5 17.49592636062078 -11.85
      vertex 13.5 18.2 -11.85
      vertex 13.533372976994478 17.520677447239457 -11.85
    endloop
  endfacet
  facet normal 0 0 -1
    outer loop
      vertex 13.533372976994478 17.520677447239457 -11.85
      vertex 13.5 18.2 -11.85
      vertex 13.813654849054593 17.715533518344277 -11.85
    endloop
  endfacet
  facet normal -0.049067674327415406 0.9987954562051725 1.5703454345203732e-19
    outer loop
      vertex 13.5 11.8 -14.45
      vertex 13.813654849054593 11.81540887464897 -11.85
      vertex 13.813654849054593 11.81540887464897 -14.45
    endloop
  endfacet
  facet normal 0 0 1
    outer loop
      vertex 13.813654849054593 11.81540887464897 -14.45
      vertex 13.831653547427418 13.332665023314508 -14.45
      vertex 13.666629138560253 13.308185964657266 -14.45
    endloop
  endfacet
  facet normal 0 0 1
    outer loop
      vertex 13.813654849054593 11.81540887464897 -14.45
      vertex 14.12428903045161 11.861487102709663 -14.45
      vertex 13.831653547427418 13.332665023314508 -14.45
    endloop
  endfacet
  facet normal -0.14673047445536444 0.9891765099647807 -9.639194674105277e-19
    outer loop
      vertex 13.813654849054593 11.81540887464897 -14.45
      vertex 14.12428903045161 11.861487102709663 -11.85
      vertex 14.12428903045161 11.861487102709663 -14.45
    endloop
  endfacet
  facet normal 0 0 1
    outer loop
      vertex 14.12428903045161 11.861487102709663 -14.45
      vertex 13.993483951332585 13.373201429255245 -14.45
      vertex 13.831653547427418 13.332665023314508 -14.45
    endloop
  endfacet
  facet normal 0 0 -1
    outer loop
      vertex 13.5 11.8 -11.85
      vertex 13.831653547427418 13.332665023314508 -11.85
      vertex 13.813654849054593 11.81540887464897 -11.85
    endloop
  endfacet
  facet normal 0 0 -1
    outer loop
      vertex 13.813654849054593 11.81540887464897 -11.85
      vertex 13.831653547427418 13.332665023314508 -11.85
      vertex 13.993483951332585 13.373201429255245 -11.85
    endloop
  endfacet
  facet normal -0.14673047445536444 0.9891765099647807 0
    outer loop
      vertex 13.813654849054593 11.81540887464897 -14.45
      vertex 13.813654849054593 11.81540887464897 -11.85
      vertex 14.12428903045161 11.861487102709663 -11.85
    endloop
  endfacet
  facet normal 0 0 -1
    outer loop
      vertex 13.813654849054593 11.81540887464897 -11.85
      vertex 13.993483951332585 13.373201429255245 -11.85
      vertex 14.12428903045161 11.861487102709663 -11.85
    endloop
  endfacet
  facet normal 0 0 1
    outer loop
      vertex 14.12428903045161 18.138512897290337 -14.45
      vertex 12.9 18.142115834608724 -14.45
      vertex 14.428910967214279 18.06220907434307 -14.45
    endloop
  endfacet
  facet normal 0 0 1
    outer loop
      vertex 14.428910967214279 18.06220907434307 -14.45
      vertex 12.9 18.142115834608724 -14.45
      vertex 14.5 18.036773011689622 -14.45
    endloop
  endfacet
  facet normal -0.14673047445536444 -0.9891765099647807 0
    outer loop
      vertex 13.813654849054593 18.18459112535103 -14.45
      vertex 14.12428903045161 18.138512897290337 -14.45
      vertex 13.813654849054593 18.18459112535103 -11.85
    endloop
  endfacet
  facet normal 0 0 1
    outer loop
      vertex 14.5 18.036773011689622 -14.45
      vertex 12.9 18.142115834608724 -14.45
      vertex 14.568633017048548 18.012215725518573 -14.45
    endloop
  endfacet
  facet normal 0 0 1
    outer loop
      vertex 14.568642655282735 17.999735062219234 -14.45
      vertex 14.568633017048548 18.012215725518573 -14.45
      vertex 12.9 18.142115834608724 -14.45
    endloop
  endfacet
  facet normal 0 0 -1
    outer loop
      vertex 13.813654849054593 16.67000483138303 -11.85
      vertex 13.533372976994478 17.520677447239457 -11.85
      vertex 13.813654849054593 17.715533518344277 -11.85
    endloop
  endfacet
  facet normal -0.049067674327415406 -0.9987954562051725 0
    outer loop
      vertex 13.813654849054593 18.18459112535103 -14.45
      vertex 13.813654849054593 18.18459112535103 -11.85
      vertex 13.5 18.2 -11.85
    endloop
  endfacet
  facet normal 0 0 -1
    outer loop
      vertex 13.5 18.2 -11.85
      vertex 13.813654849054593 18.18459112535103 -11.85
      vertex 13.813654849054593 17.715533518344277 -11.85
    endloop
  endfacet
  facet normal 0 0 -1
    outer loop
      vertex 13.813654849054593 17.715533518344277 -11.85
      vertex 13.813654849054593 18.18459112535103 -11.85
      vertex 13.836039057426719 17.72895009652126 -11.85
    endloop
  endfacet
  facet normal 0 0 -1
    outer loop
      vertex 13.888897284481132 16.652996167000918 -11.85
      vertex 13.836039057426719 17.72895009652126 -11.85
      vertex 13.993483951332585 16.626798570744754 -11.85
    endloop
  endfacet
  facet normal 0 0 -1
    outer loop
      vertex 13.836039057426719 17.72895009652126 -11.85
      vertex 14.12428903045161 16.579995765058968 -11.85
      vertex 13.993483951332585 16.626798570744754 -11.85
    endloop
  endfacet
  facet normal 0 0 -1
    outer loop
      vertex 13.836039057426719 17.72895009652126 -11.85
      vertex 14.12428903045161 17.884938181875235 -11.85
      vertex 14.12428903045161 16.579995765058968 -11.85
    endloop
  endfacet
  facet normal 0 0 -1
    outer loop
      vertex 13.836039057426719 17.72895009652126 -11.85
      vertex 13.813654849054593 18.18459112535103 -11.85
      vertex 14.12428903045161 17.884938181875235 -11.85
    endloop
  endfacet
  facet normal -0.14673047445536444 -0.9891765099647807 0
    outer loop
      vertex 14.12428903045161 18.138512897290337 -14.45
      vertex 14.12428903045161 18.138512897290337 -11.85
      vertex 13.813654849054593 18.18459112535103 -11.85
    endloop
  endfacet
  facet normal 0 0 -1
    outer loop
      vertex 13.813654849054593 18.18459112535103 -11.85
      vertex 14.12428903045161 18.138512897290337 -11.85
      vertex 14.12428903045161 17.884938181875235 -11.85
    endloop
  endfacet
  facet normal 0 0 1
    outer loop
      vertex 14.12428903045161 11.861487102709663 -14.45
      vertex 14.150561835020653 13.429404794730813 -14.45
      vertex 13.993483951332585 13.373201429255245 -14.45
    endloop
  endfacet
  facet normal 0 0 1
    outer loop
      vertex 14.12428903045161 11.861487102709663 -14.45
      vertex 14.428910967214279 11.937790925656932 -14.45
      vertex 14.150561835020653 13.429404794730813 -14.45
    endloop
  endfacet
  facet normal -0.2429801799032636 0.970031253194544 -3.833960372096441e-16
    outer loop
      vertex 14.12428903045161 11.861487102709663 -14.45
      vertex 14.399999999999999 11.930549105363237 -12.732571308956695
      vertex 14.428910967214279 11.937790925656932 -14.45
    endloop
  endfacet
  facet normal -0.24298017990326584 0.9700312531945435 -6.5646688243564385e-18
    outer loop
      vertex 14.12428903045161 11.861487102709663 -14.45
      vertex 14.399999999999999 11.930549105363237 -11.85
      vertex 14.399999999999999 11.930549105363237 -12.732571308956695
    endloop
  endfacet
  facet normal 0 0 1
    outer loop
      vertex 14.428910967214279 11.937790925656932 -14.45
      vertex 14.301374452604197 13.500733850607796 -14.45
      vertex 14.150561835020653 13.429404794730813 -14.45
    endloop
  endfacet
  facet normal -0.24298017990324214 0.9700312531945495 0
    outer loop
      vertex 14.428910967214279 11.937790925656932 -14.45
      vertex 14.399999999999999 11.930549105363237 -12.732571308956695
      vertex 14.428910967214279 11.937790925656932 -12.731497086391855
    endloop
  endfacet
  facet normal -0.3368898533922094 0.9415440651830245 0
    outer loop
      vertex 14.428910967214279 11.937790925656932 -14.45
      vertex 14.428910967214279 11.937790925656932 -12.731497086391855
      vertex 14.5 11.963226988310378 -14.45
    endloop
  endfacet
  facet normal 0 0 1
    outer loop
      vertex 14.428910967214279 11.937790925656932 -14.45
      vertex 14.444469396133323 13.586501659085673 -14.45
      vertex 14.301374452604197 13.500733850607796 -14.45
    endloop
  endfacet
  facet normal 0 0 1
    outer loop
      vertex 14.428910967214279 11.937790925656932 -14.45
      vertex 14.5 13.627685961778209 -14.45
      vertex 14.444469396133323 13.586501659085673 -14.45
    endloop
  endfacet
  facet normal 0 0 -1
    outer loop
      vertex 14.12428903045161 11.861487102709663 -11.85
      vertex 13.993483951332585 13.373201429255245 -11.85
      vertex 14.150561835020653 13.429404794730813 -11.85
    endloop
  endfacet
  facet normal -0.24298017990326587 0.9700312531945435 0
    outer loop
      vertex 14.12428903045161 11.861487102709663 -14.45
      vertex 14.12428903045161 11.861487102709663 -11.85
      vertex 14.399999999999999 11.930549105363237 -11.85
    endloop
  endfacet
  facet normal 0 0 -1
    outer loop
      vertex 14.12428903045161 11.861487102709663 -11.85
      vertex 14.150561835020653 13.429404794730813 -11.85
      vertex 14.399999999999999 12.526287182794267 -11.85
    endloop
  endfacet
  facet normal 0 0 -1
    outer loop
      vertex 14.12428903045161 11.861487102709663 -11.85
      vertex 14.399999999999999 12.526287182794267 -11.85
      vertex 14.399999999999999 11.930549105363237 -11.85
    endloop
  endfacet
  facet normal 0 0 -1
    outer loop
      vertex 14.150561835020653 13.429404794730813 -11.85
      vertex 14.301374452604197 13.500733850607796 -11.85
      vertex 14.399999999999999 12.526287182794267 -11.85
    endloop
  endfacet
  facet normal 0 0 -1
    outer loop
      vertex 14.399999999999999 12.526287182794267 -11.85
      vertex 14.301374452604197 13.500733850607796 -11.85
      vertex 14.350676773425802 13.530284524485252 -11.85
    endloop
  endfacet
  facet normal -0.24298017990325832 -0.9700312531945454 0
    outer loop
      vertex 14.12428903045161 18.138512897290337 -14.45
      vertex 14.428910967214279 18.06220907434307 -14.45
      vertex 14.12428903045161 18.138512897290337 -11.85
    endloop
  endfacet
  facet normal 0 0 -1
    outer loop
      vertex 14.202523224240087 16.546019298462014 -11.85
      vertex 14.136463480767151 17.890696268040326 -11.85
      vertex 14.301374452604197 16.499266149392202 -11.85
    endloop
  endfacet
  facet normal 0 0 -1
    outer loop
      vertex 14.12428903045161 17.884938181875235 -11.85
      vertex 14.12428903045161 18.138512897290337 -11.85
      vertex 14.136463480767151 17.890696268040326 -11.85
    endloop
  endfacet
  facet normal 0 0 -1
    outer loop
      vertex 14.136463480767151 17.890696268040326 -11.85
      vertex 14.12428903045161 18.138512897290337 -11.85
      vertex 14.428910967214279 18.011336949036174 -11.85
    endloop
  endfacet
  facet normal 0 0 -1
    outer loop
      vertex 14.301374452604197 16.499266149392202 -11.85
      vertex 14.136463480767151 17.890696268040326 -11.85
      vertex 14.428910967214279 18.011336949036174 -11.85
    endloop
  endfacet
  facet normal 0 0 -1
    outer loop
      vertex 14.301374452604197 16.499266149392202 -11.85
      vertex 14.428910967214279 18.011336949036174 -11.85
      vertex 14.428910967214279 16.422823704332732 -11.85
    endloop
  endfacet
  facet normal -0.24298017990325832 -0.9700312531945454 0
    outer loop
      vertex 14.428910967214279 18.06220907434307 -14.45
      vertex 14.428910967214279 18.06220907434307 -11.85
      vertex 14.12428903045161 18.138512897290337 -11.85
    endloop
  endfacet
  facet normal 0 0 -1
    outer loop
      vertex 14.12428903045161 18.138512897290337 -11.85
      vertex 14.428910967214279 18.06220907434307 -11.85
      vertex 14.428910967214279 18.011336949036174 -11.85
    endloop
  endfacet
  facet normal -0.33688985339223027 -0.9415440651830171 0
    outer loop
      vertex 14.428910967214279 18.06220907434307 -14.45
      vertex 14.5 18.036773011689622 -11.85
      vertex 14.428910967214279 18.06220907434307 -11.85
    endloop
  endfacet
  facet normal 0 0 -1
    outer loop
      vertex 14.428910967214279 18.011336949036174 -11.85
      vertex 14.428910967214279 18.06220907434307 -11.85
      vertex 14.5 18.036773011689622 -11.85
    endloop
  endfacet
  facet normal 0 0 1
    outer loop
      vertex 14.428910967214279 11.937790925656932 -14.45
      vertex 14.5 11.963226988310378 -14.45
      vertex 14.5 13.627685961778209 -14.45
    endloop
  endfacet
  facet normal 0 0 1
    outer loop
      vertex 14.5 11.963226988310378 -14.45
      vertex 14.573632936445657 11.989573274247823 -14.45
      vertex 14.5 13.627685961778209 -14.45
    endloop
  endfacet
  facet normal -0.33688985339220945 0.9415440651830246 1.9688534481045564e-19
    outer loop
      vertex 14.428910967214279 11.937790925656932 -12.731497086391855
      vertex 14.5 11.963226988310378 -12.727724002919068
      vertex 14.5 11.963226988310378 -14.45
    endloop
  endfacet
  facet normal 0 0 1
    outer loop
      vertex 14.573632936445657 11.989573274247823 -14.45
      vertex 14.555530603866677 13.586501659085673 -14.45
      vertex 14.5 13.627685961778209 -14.45
    endloop
  endfacet
  facet normal 0 0 1
    outer loop
      vertex 14.573632936445657 11.989573274247823 -14.45
      vertex 14.649323226574198 13.530284524485252 -14.45
      vertex 14.555530603866677 13.586501659085673 -14.45
    endloop
  endfacet
  facet normal -0.33688985339223027 -0.9415440651830171 -5.295739899826072e-19
    outer loop
      vertex 14.428910967214279 18.06220907434307 -14.45
      vertex 14.5 18.036773011689622 -14.45
      vertex 14.5 18.036773011689622 -11.85
    endloop
  endfacet
  facet normal 0 0 1
    outer loop
      vertex 14.87571096954839 12.115061818124763 -14.45
      vertex 14.88846463126491 12.12109385088031 -14.45
      vertex 14.87571096954839 13.42000423494103 -14.45
    endloop
  endfacet
  facet normal 0 0 1
    outer loop
      vertex 14.88846463126491 12.12109385088031 -14.45
      vertex 14.95095340497493 13.393082061059776 -14.45
      vertex 14.87571096954839 13.42000423494103 -14.45
    endloop
  endfacet
  facet normal 0 0 1
    outer loop
      vertex 15.186345150945407 12.284466481655722 -14.45
      vertex 15.210087581284279 12.298697146750392 -14.45
      vertex 15.186345150945407 13.32999516861697 -14.45
    endloop
  endfacet
  facet normal 0 0 1
    outer loop
      vertex 15.210087581284279 12.298697146750392 -14.45
      vertex 15.26021370346328 13.319037803931204 -14.45
      vertex 15.186345150945407 13.32999516861697 -14.45
    endloop
  endfacet
  facet normal 0.5956993044924281 0.8032075314806487 0
    outer loop
      vertex 14.5 6.62768596177821 -11.85
      vertex 14.5 6.62768596177821 -5.999143907204094
      vertex 14.555530603866677 6.586501659085673 -11.85
    endloop
  endfacet
  facet normal 0.5141027441932267 0.8577286100002691 0
    outer loop
      vertex 14.555530603866677 6.586501659085673 -11.85
      vertex 14.555530603866677 6.586501659085673 -5.997120652152858
      vertex 14.598895044443726 6.560510013661769 -11.85
    endloop
  endfacet
  facet normal 0.5141027441932284 0.857728610000268 1.7978103773392836e-17
    outer loop
      vertex 14.598895044443726 6.560510013661769 -11.85
      vertex 14.555530603866677 6.586501659085673 -5.997120652152858
      vertex 14.698625547395803 6.500733850607796 -11.85
    endloop
  endfacet
  facet normal 0.4275550934302979 0.9039892931234359 0
    outer loop
      vertex 14.698625547395803 6.500733850607796 -11.85
      vertex 14.698625547395803 6.500733850607796 -5.9921736146488565
      vertex 14.730061631575962 6.485865690098626 -11.85
    endloop
  endfacet
  facet normal 0.427555093430274 0.9039892931234472 -1.5690480835723783e-16
    outer loop
      vertex 14.730061631575962 6.485865690098626 -11.85
      vertex 14.698625547395803 6.500733850607796 -5.9921736146488565
      vertex 14.828536271810846 6.439290653948957 -11.85
    endloop
  endfacet
  facet normal 0.42755509343027653 0.9039892931234459 -8.671208043409515e-17
    outer loop
      vertex 14.828536271810846 6.439290653948957 -11.85
      vertex 14.698625547395803 6.500733850607796 -5.9921736146488565
      vertex 14.849438164979347 6.429404794730813 -11.85
    endloop
  endfacet
  facet normal 0.3368898533922182 0.9415440651830214 0
    outer loop
      vertex 14.849438164979347 6.429404794730813 -11.85
      vertex 14.849438164979347 6.429404794730813 -5.981592948705166
      vertex 14.904581283900658 6.40967427128964 -11.85
    endloop
  endfacet
  facet normal 0.5956993044924199 -0.8032075314806548 0
    outer loop
      vertex 14.5 9.372314038221791 -14.5
      vertex 14.555530603866677 9.413498340914327 -14.5
      vertex 14.5 9.372314038221791 -14.45
    endloop
  endfacet
  facet normal 0 0 1
    outer loop
      vertex 14.5 9.372314038221791 -14.5
      vertex 14.551626345251048 9.334025331064323 -14.5
      vertex 14.555530603866677 9.413498340914327 -14.5
    endloop
  endfacet
  facet normal 0.5956993044924199 -0.8032075314806548 1.7228866274881196e-17
    outer loop
      vertex 14.5 9.372314038221791 -14.45
      vertex 14.555530603866677 9.413498340914327 -14.5
      vertex 14.555530603866677 9.413498340914327 -14.45
    endloop
  endfacet
  facet normal 0 0 1
    outer loop
      vertex 14.555530603866677 8.847204477493904 -14.5
      vertex 14.555530603866677 9.413498340914327 -14.5
      vertex 14.551626345251048 9.334025331064323 -14.5
    endloop
  endfacet
  facet normal 0 0 1
    outer loop
      vertex 14.565113777403424 8.097783783119091 -14.5
      vertex 14.629775133733347 8.097783783119091 -14.5
      vertex 14.555530603866677 8.847204477493904 -14.5
    endloop
  endfacet
  facet normal 0 0 1
    outer loop
      vertex 14.555530603866677 8.847204477493904 -14.5
      vertex 14.684795481337394 9.217748687488841 -14.5
      vertex 14.555530603866677 9.413498340914327 -14.5
    endloop
  endfacet
  facet normal 0.514102744193228 -0.8577286100002685 0
    outer loop
      vertex 14.555530603866677 9.413498340914327 -14.5
      vertex 14.698625547395803 9.499266149392204 -14.5
      vertex 14.555530603866677 9.413498340914327 -14.45
    endloop
  endfacet
  facet normal 0 0 1
    outer loop
      vertex 14.629775133733347 8.097783783119091 -14.5
      vertex 14.684795481337394 9.217748687488841 -14.5
      vertex 14.555530603866677 8.847204477493904 -14.5
    endloop
  endfacet
  facet normal 0 0 1
    outer loop
      vertex 14.555530603866677 9.413498340914327 -14.5
      vertex 14.684795481337394 9.217748687488841 -14.5
      vertex 14.698625547395803 9.499266149392204 -14.5
    endloop
  endfacet
  facet normal 0.514102744193228 -0.8577286100002685 6.248333397442602e-17
    outer loop
      vertex 14.555530603866677 9.413498340914327 -14.45
      vertex 14.698625547395803 9.499266149392204 -14.5
      vertex 14.698625547395803 9.499266149392204 -14.45
    endloop
  endfacet
  facet normal 0 0 1
    outer loop
      vertex 14.684795481337394 9.217748687488841 -14.5
      vertex 14.698625547395803 9.131733426367123 -14.5
      vertex 14.698625547395803 9.499266149392204 -14.5
    endloop
  endfacet
  facet normal 0 0 1
    outer loop
      vertex 14.638848255349057 8.097783783119093 -14.5
      vertex 14.849438164979347 9.570595205269187 -14.5
      vertex 14.698625547395803 9.131733426367123 -14.5
    endloop
  endfacet
  facet normal 0 0 1
    outer loop
      vertex 14.698625547395803 9.131733426367123 -14.5
      vertex 14.849438164979347 9.570595205269187 -14.5
      vertex 14.698625547395803 9.499266149392204 -14.5
    endloop
  endfacet
  facet normal 0.4275550934302793 -0.9039892931234446 0
    outer loop
      vertex 14.698625547395803 9.499266149392204 -14.5
      vertex 14.849438164979347 9.570595205269187 -14.5
      vertex 14.698625547395803 9.499266149392204 -14.45
    endloop
  endfacet
  facet normal 0.4275550934302793 -0.9039892931234446 -5.896830840500828e-17
    outer loop
      vertex 14.698625547395803 9.499266149392204 -14.45
      vertex 14.849438164979347 9.570595205269187 -14.5
      vertex 14.849438164979347 9.570595205269187 -14.45
    endloop
  endfacet
  facet normal 0 0 1
    outer loop
      vertex 14.638848255349057 8.097783783119093 -14.5
      vertex 15.006516048667415 9.626798570744755 -14.5
      vertex 14.849438164979347 9.570595205269187 -14.5
    endloop
  endfacet
  facet normal 0.33688985339221994 0.9415440651830208 1.7971312073060525e-17
    outer loop
      vertex 14.904581283900658 6.40967427128964 -11.85
      vertex 14.849438164979347 6.429404794730813 -5.981592948705166
      vertex 14.996154463855861 6.376908863582704 -11.85
    endloop
  endfacet
  facet normal 0.33688985339223404 0.9415440651830159 4.1484025311623127e-16
    outer loop
      vertex 14.996154463855861 6.376908863582704 -11.85
      vertex 14.849438164979347 6.429404794730813 -5.981592948705166
      vertex 15.006516048667415 6.373201429255245 -11.85
    endloop
  endfacet
  facet normal 0.2429801799032638 0.970031253194544 5.154429508639809e-19
    outer loop
      vertex 15.006516048667415 6.373201429255245 -11.85
      vertex 15.029790172318448 6.367371564770781 -5.972391188278851
      vertex 15.168346452572582 6.332665023314508 -11.85
    endloop
  endfacet
  facet normal 0.14673047445536214 0.9891765099647809 0
    outer loop
      vertex 15.168346452572582 6.332665023314508 -11.85
      vertex 15.168346452572582 6.332665023314508 -5.963697652210716
      vertex 15.333370861439747 6.308185964657265 -11.85
    endloop
  endfacet
  facet normal 0.3368898533922202 -0.9415440651830207 0
    outer loop
      vertex 14.849438164979347 9.570595205269187 -14.5
      vertex 15.006516048667415 9.626798570744755 -14.5
      vertex 14.849438164979347 9.570595205269187 -14.45
    endloop
  endfacet
  facet normal 0.3368898533922202 -0.9415440651830207 4.201992033831661e-17
    outer loop
      vertex 14.849438164979347 9.570595205269187 -14.45
      vertex 15.006516048667415 9.626798570744755 -14.5
      vertex 15.006516048667415 9.626798570744755 -14.45
    endloop
  endfacet
  facet normal 0 0 1
    outer loop
      vertex 14.638848255349057 8.097783783119093 -14.5
      vertex 15.333370861439747 9.691814035342734 -14.5
      vertex 15.006516048667415 9.626798570744755 -14.5
    endloop
  endfacet
  facet normal 0.2429801799032638 -0.9700312531945441 0
    outer loop
      vertex 15.006516048667415 9.626798570744755 -14.5
      vertex 15.168346452572582 9.667334976685492 -14.5
      vertex 15.006516048667415 9.626798570744755 -14.45
    endloop
  endfacet
  facet normal 0 0 1
    outer loop
      vertex 14.638848255349057 8.097783783119093 -14.5
      vertex 15.5 9.7 -14.5
      vertex 15.333370861439747 9.691814035342734 -14.5
    endloop
  endfacet
  facet normal 0.2429801799032638 -0.9700312531945441 -5.1455034321714075e-17
    outer loop
      vertex 15.006516048667415 9.626798570744755 -14.45
      vertex 15.168346452572582 9.667334976685492 -14.5
      vertex 15.168346452572582 9.667334976685492 -14.45
    endloop
  endfacet
  facet normal 0 0 1
    outer loop
      vertex 15.006516048667415 9.626798570744755 -14.5
      vertex 15.333370861439747 9.691814035342734 -14.5
      vertex 15.168346452572582 9.667334976685492 -14.5
    endloop
  endfacet
  facet normal 0.1467304744553569 -0.9891765099647816 0
    outer loop
      vertex 15.168346452572582 9.667334976685492 -14.5
      vertex 15.333370861439747 9.691814035342734 -14.5
      vertex 15.168346452572582 9.667334976685492 -14.45
    endloop
  endfacet
  facet normal 0.04906767432741787 0.9987954562051724 0
    outer loop
      vertex 15.333370861439747 6.308185964657265 -11.85
      vertex 15.333370861439747 6.308185964657265 -5.957565967219319
      vertex 15.5 6.3 -11.85
    endloop
  endfacet
  facet normal -0.04906767432741721 0.9987954562051724 -1.2096014134204496e-19
    outer loop
      vertex 15.5 6.3 -11.85
      vertex 15.649999999999999 6.30736902746542 -5.957361335105466
      vertex 15.649999999999999 6.30736902746542 -11.85
    endloop
  endfacet
  facet normal 0 0 1
    outer loop
      vertex 14.638848255349057 8.097783783119093 -14.5
      vertex 15.649999999999999 8.097783783119093 -14.5
      vertex 15.5 9.7 -14.5
    endloop
  endfacet
  facet normal 0.1467304744553569 -0.9891765099647816 3.871458542313111e-17
    outer loop
      vertex 15.168346452572582 9.667334976685492 -14.45
      vertex 15.333370861439747 9.691814035342734 -14.5
      vertex 15.333370861439747 9.691814035342734 -14.45
    endloop
  endfacet
  facet normal 0.04906767432741787 -0.9987954562051724 0
    outer loop
      vertex 15.333370861439747 9.691814035342734 -14.5
      vertex 15.5 9.7 -14.5
      vertex 15.333370861439747 9.691814035342734 -14.45
    endloop
  endfacet
  facet normal 0.04906767432741787 -0.9987954562051724 4.070241208698026e-18
    outer loop
      vertex 15.333370861439747 9.691814035342734 -14.45
      vertex 15.5 9.7 -14.5
      vertex 15.5 9.7 -14.45
    endloop
  endfacet
  facet normal 0 0 1
    outer loop
      vertex 15.649999999999999 8.097783783119093 -14.5
      vertex 15.649999999999999 9.692630972534579 -14.5
      vertex 15.5 9.7 -14.5
    endloop
  endfacet
  facet normal -0.04906767432742311 -0.9987954562051722 0
    outer loop
      vertex 15.5 9.7 -14.5
      vertex 15.649999999999999 9.692630972534579 -14.5
      vertex 15.5 9.7 -14.45
    endloop
  endfacet
  facet normal -0.04906767432742311 -0.9987954562051722 2.704595278645593e-18
    outer loop
      vertex 15.5 9.7 -14.45
      vertex 15.649999999999999 9.692630972534579 -14.5
      vertex 15.649999999999999 9.692630972534579 -14.45
    endloop
  endfacet
  facet normal 0.5956993044924282 0.8032075314806487 0
    outer loop
      vertex 14.555530603866677 6.586501659085673 -11.85
      vertex 14.5 6.62768596177821 -5.999143907204094
      vertex 14.555530603866677 6.586501659085673 -5.997120652152858
    endloop
  endfacet
  facet normal 0.5141027441932268 0.857728610000269 -3.5882581387087257e-17
    outer loop
      vertex 14.698625547395803 6.500733850607796 -11.85
      vertex 14.555530603866677 6.586501659085673 -5.997120652152858
      vertex 14.686289691287548 6.508127678216304 -5.993270385368852
    endloop
  endfacet
  facet normal 0.5141027441932393 0.8577286100002616 0
    outer loop
      vertex 14.698625547395803 6.500733850607796 -11.85
      vertex 14.686289691287548 6.508127678216304 -5.993270385368852
      vertex 14.698625547395803 6.500733850607796 -5.9921736146488565
    endloop
  endfacet
  facet normal 0.4275550934302793 0.9039892931234446 0
    outer loop
      vertex 14.849438164979347 6.429404794730813 -11.85
      vertex 14.698625547395803 6.500733850607796 -5.9921736146488565
      vertex 14.849438164979347 6.429404794730813 -5.981592948705166
    endloop
  endfacet
  facet normal 0.5956993044924199 -0.8032075314806548 0
    outer loop
      vertex 14.5 9.372314038221791 -7.138086080766421
      vertex 14.555530603866677 9.413498340914327 -7.100758804613015
      vertex 14.5 9.372314038221791 7.350000000000001
    endloop
  endfacet
  facet normal 0.5141027441932279 -0.8577286100002683 0
    outer loop
      vertex 14.555530603866677 9.413498340914327 -7.100758804613015
      vertex 14.698625547395803 9.499266149392204 -7.023023394206115
      vertex 14.555530603866677 9.413498340914327 7.350000000000001
    endloop
  endfacet
  facet normal 0.4275550934302796 -0.9039892931234446 0
    outer loop
      vertex 14.698625547395803 9.499266149392204 -7.023023394206115
      vertex 14.780990406390927 9.538221826468153 -6.987716026571105
      vertex 14.698625547395803 9.499266149392204 7.350000000000001
    endloop
  endfacet
  facet normal 0.42755509343027914 -0.9039892931234449 -1.257890735355935e-20
    outer loop
      vertex 14.780990406390927 9.538221826468153 -6.987716026571105
      vertex 14.849438164979347 9.570595205269187 -6.963706292498646
      vertex 14.849438164979347 9.570595205269187 7.350000000000001
    endloop
  endfacet
  facet normal 0.3368898533922202 0.9415440651830208 0
    outer loop
      vertex 15.006516048667415 6.373201429255245 -11.85
      vertex 14.849438164979347 6.429404794730813 -5.981592948705166
      vertex 15.006516048667415 6.373201429255245 -5.973255966984369
    endloop
  endfacet
  facet normal 0.2429801799032639 0.970031253194544 0
    outer loop
      vertex 15.006516048667415 6.373201429255245 -11.85
      vertex 15.006516048667415 6.373201429255245 -5.973255966984369
      vertex 15.029790172318448 6.367371564770781 -5.972391188278851
    endloop
  endfacet
  facet normal 0.24298017990326373 0.970031253194544 0
    outer loop
      vertex 15.168346452572582 6.332665023314508 -11.85
      vertex 15.029790172318448 6.367371564770781 -5.972391188278851
      vertex 15.168346452572582 6.332665023314508 -5.963697652210716
    endloop
  endfacet
  facet normal 0.3368898533922202 -0.9415440651830206 0
    outer loop
      vertex 14.849438164979347 9.570595205269187 -6.963706292498646
      vertex 15.006516048667415 9.626798570744755 -6.922023035791364
      vertex 14.849438164979347 9.570595205269187 7.350000000000001
    endloop
  endfacet
  facet normal 0.24298017990326376 -0.970031253194544 0
    outer loop
      vertex 15.006516048667415 9.626798570744755 -6.922023035791364
      vertex 15.168346452572582 9.667334976685492 -6.891959188181511
      vertex 15.006516048667415 9.626798570744755 7.350000000000001
    endloop
  endfacet
  facet normal 0.14673047445535692 -0.9891765099647817 0
    outer loop
      vertex 15.168346452572582 9.667334976685492 -6.891959188181511
      vertex 15.333370861439747 9.691814035342734 -6.873804280956143
      vertex 15.168346452572582 9.667334976685492 7.350000000000001
    endloop
  endfacet
  facet normal 0.5956993044924282 0.8032075314806488 8.160759318855615e-20
    outer loop
      vertex 14.5 6.62768596177821 -3.1013611561842405
      vertex 14.555530603866677 6.586501659085673 7.350000000000001
      vertex 14.555530603866677 6.586501659085673 -3.103384411235477
    endloop
  endfacet
  facet normal 0.5141027441932268 0.857728610000269 0
    outer loop
      vertex 14.555530603866677 6.586501659085673 -3.103384411235477
      vertex 14.555530603866677 6.586501659085673 7.350000000000001
      vertex 14.686289691287548 6.508127678216304 -3.1072346780194815
    endloop
  endfacet
  facet normal 0.5141027441932394 0.8577286100002615 -5.006059612280838e-21
    outer loop
      vertex 14.686289691287548 6.508127678216304 -3.1072346780194815
      vertex 14.698625547395803 6.500733850607796 7.350000000000001
      vertex 14.698625547395803 6.500733850607796 -3.1083314487394778
    endloop
  endfacet
  facet normal 0.42755509343027925 0.9039892931234446 2.816353206476112e-19
    outer loop
      vertex 14.698625547395803 6.500733850607796 -3.1083314487394778
      vertex 14.849438164979347 6.429404794730813 7.350000000000001
      vertex 14.849438164979347 6.429404794730813 -3.118912114683168
    endloop
  endfacet
  facet normal 0.5956993044924282 0.8032075314806488 0
    outer loop
      vertex 14.5 6.62768596177821 -3.1013611561842405
      vertex 14.5 6.62768596177821 7.350000000000001
      vertex 14.555530603866677 6.586501659085673 7.350000000000001
    endloop
  endfacet
  facet normal 0.5141027441932279 0.8577286100002683 1.8403646704849698e-17
    outer loop
      vertex 14.686289691287548 6.508127678216304 -3.1072346780194815
      vertex 14.555530603866677 6.586501659085673 7.350000000000001
      vertex 14.698625547395803 6.500733850607796 7.350000000000001
    endloop
  endfacet
  facet normal 0.4275550934302793 0.9039892931234447 0
    outer loop
      vertex 14.698625547395803 6.500733850607796 -3.1083314487394778
      vertex 14.698625547395803 6.500733850607796 7.350000000000001
      vertex 14.849438164979347 6.429404794730813 7.350000000000001
    endloop
  endfacet
  facet normal 0.5956993044924199 -0.8032075314806548 0
    outer loop
      vertex 14.555530603866677 9.413498340914327 -7.100758804613015
      vertex 14.555530603866677 9.413498340914327 7.350000000000001
      vertex 14.5 9.372314038221791 7.350000000000001
    endloop
  endfacet
  facet normal 0.5141027441932279 -0.8577286100002685 0
    outer loop
      vertex 14.698625547395803 9.499266149392204 -7.023023394206115
      vertex 14.698625547395803 9.499266149392204 7.350000000000001
      vertex 14.555530603866677 9.413498340914327 7.350000000000001
    endloop
  endfacet
  facet normal 0.4275550934302793 -0.9039892931234446 -1.353462110597463e-18
    outer loop
      vertex 14.780990406390927 9.538221826468153 -6.987716026571105
      vertex 14.849438164979347 9.570595205269187 7.350000000000001
      vertex 14.698625547395803 9.499266149392204 7.350000000000001
    endloop
  endfacet
  facet normal 0.3368898533922203 0.9415440651830207 -2.0052935628274516e-19
    outer loop
      vertex 14.849438164979347 6.429404794730813 -3.118912114683168
      vertex 15.006516048667415 6.373201429255245 7.350000000000001
      vertex 15.006516048667415 6.373201429255245 -3.1272490964039648
    endloop
  endfacet
  facet normal 0.24298017990326382 0.970031253194544 0
    outer loop
      vertex 15.006516048667415 6.373201429255245 -3.1272490964039648
      vertex 15.006516048667415 6.373201429255245 7.350000000000001
      vertex 15.029790172318451 6.36737156477078 -3.1281138751094826
    endloop
  endfacet
  facet normal 0.2429801799032637 0.970031253194544 -3.844321370798405e-20
    outer loop
      vertex 15.029790172318451 6.36737156477078 -3.1281138751094826
      vertex 15.168346452572582 6.332665023314508 7.350000000000001
      vertex 15.168346452572582 6.332665023314508 -3.136807411177618
    endloop
  endfacet
  facet normal 0.3368898533922202 0.9415440651830207 0
    outer loop
      vertex 14.849438164979347 6.429404794730813 -3.118912114683168
      vertex 14.849438164979347 6.429404794730813 7.350000000000001
      vertex 15.006516048667415 6.373201429255245 7.350000000000001
    endloop
  endfacet
  facet normal 0.24298017990326376 0.970031253194544 -1.3009303874061673e-19
    outer loop
      vertex 15.029790172318451 6.36737156477078 -3.1281138751094826
      vertex 15.006516048667415 6.373201429255245 7.350000000000001
      vertex 15.168346452572582 6.332665023314508 7.350000000000001
    endloop
  endfacet
  facet normal 0.14673047445536214 0.989176509964781 0
    outer loop
      vertex 15.168346452572582 6.332665023314508 -3.136807411177618
      vertex 15.168346452572582 6.332665023314508 7.350000000000001
      vertex 15.333370861439747 6.308185964657265 7.350000000000001
    endloop
  endfacet
  facet normal 0.3368898533922202 -0.9415440651830208 0
    outer loop
      vertex 15.006516048667415 9.626798570744755 -6.922023035791364
      vertex 15.006516048667415 9.626798570744755 7.350000000000001
      vertex 14.849438164979347 9.570595205269187 7.350000000000001
    endloop
  endfacet
  facet normal 0.24298017990326373 -0.970031253194544 0
    outer loop
      vertex 15.168346452572582 9.667334976685492 -6.891959188181511
      vertex 15.168346452572582 9.667334976685492 7.350000000000001
      vertex 15.006516048667415 9.626798570744755 7.350000000000001
    endloop
  endfacet
  facet normal 0.14673047445536214 0.989176509964781 0
    outer loop
      vertex 15.333370861439747 6.308185964657265 -11.85
      vertex 15.168346452572582 6.332665023314508 -5.963697652210716
      vertex 15.333370861439747 6.308185964657265 -5.957565967219319
    endloop
  endfacet
  facet normal 0.04906767432741786 0.9987954562051724 0
    outer loop
      vertex 15.5 6.3 -11.85
      vertex 15.333370861439747 6.308185964657265 -5.957565967219319
      vertex 15.5 6.3 -5.9555154898160865
    endloop
  endfacet
  facet normal -0.04906767432741721 0.9987954562051724 0
    outer loop
      vertex 15.5 6.3 -11.85
      vertex 15.5 6.3 -5.9555154898160865
      vertex 15.649999999999999 6.30736902746542 -5.957361335105466
    endloop
  endfacet
  facet normal -0.04906767432741721 0.9987954562051725 -3.112295675435618e-19
    outer loop
      vertex 15.5 6.3 -3.1449895735722473
      vertex 15.649999999999999 6.30736902746542 -0.852955134027674
      vertex 15.649999999999999 6.30736902746542 -3.143143728282868
    endloop
  endfacet
  facet normal 0.04906767432741787 -0.9987954562051724 0
    outer loop
      vertex 15.333370861439747 9.691814035342734 -6.873804280956143
      vertex 15.5 9.7 -6.867733155796318
      vertex 15.333370861439747 9.691814035342734 7.350000000000001
    endloop
  endfacet
  facet normal -0.049067674327423115 -0.9987954562051722 1.8426265488290818e-20
    outer loop
      vertex 15.5 9.7 -6.867733155796318
      vertex 15.649999999999999 9.692630972534579 -6.8731983990415415
      vertex 15.649999999999999 9.692630972534579 0.4657691208943297
    endloop
  endfacet
  facet normal 0.14673047445536214 0.989176509964781 -1.7704434460854548e-19
    outer loop
      vertex 15.168346452572582 6.332665023314508 -3.136807411177618
      vertex 15.333370861439747 6.308185964657265 7.350000000000001
      vertex 15.333370861439747 6.308185964657265 -3.1429390961690156
    endloop
  endfacet
  facet normal 0.049067674327417876 0.9987954562051725 -1.9391354227485284e-20
    outer loop
      vertex 15.333370861439747 6.308185964657265 -3.1429390961690156
      vertex 15.5 6.3 7.350000000000001
      vertex 15.5 6.3 -3.1449895735722473
    endloop
  endfacet
  facet normal -0.04906767432741722 0.9987954562051725 0
    outer loop
      vertex 15.5 6.3 -3.1449895735722473
      vertex 15.5 6.3 7.350000000000001
      vertex 15.649999999999999 6.30736902746542 -0.852955134027674
    endloop
  endfacet
  facet normal -0.04906767432742379 0.9987954562051721 -1.2063608224074928e-16
    outer loop
      vertex 15.649999999999999 6.30736902746542 -0.852955134027674
      vertex 15.5 6.3 7.350000000000001
      vertex 15.666629138560253 6.308185964657265 -0.852465480718615
    endloop
  endfacet
  facet normal 0.04906767432741787 0.9987954562051724 0
    outer loop
      vertex 15.333370861439747 6.308185964657265 -3.1429390961690156
      vertex 15.333370861439747 6.308185964657265 7.350000000000001
      vertex 15.5 6.3 7.350000000000001
    endloop
  endfacet
  facet normal -0.04906767432741787 0.9987954562051724 0
    outer loop
      vertex 15.666629138560253 6.308185964657265 -0.852465480718615
      vertex 15.5 6.3 7.350000000000001
      vertex 15.666629138560253 6.308185964657265 7.350000000000001
    endloop
  endfacet
  facet normal 0.14673047445535692 -0.9891765099647817 0
    outer loop
      vertex 15.333370861439747 9.691814035342734 -6.873804280956143
      vertex 15.333370861439747 9.691814035342734 7.350000000000001
      vertex 15.168346452572582 9.667334976685492 7.350000000000001
    endloop
  endfacet
  facet normal 0.04906767432741786 -0.9987954562051723 0
    outer loop
      vertex 15.5 9.7 -6.867733155796318
      vertex 15.5 9.7 7.350000000000001
      vertex 15.333370861439747 9.691814035342734 7.350000000000001
    endloop
  endfacet
  facet normal -0.04906767432742311 -0.9987954562051722 0
    outer loop
      vertex 15.5 9.7 -6.867733155796318
      vertex 15.649999999999999 9.692630972534579 0.4657691208943297
      vertex 15.5 9.7 7.350000000000001
    endloop
  endfacet
  facet normal -0.049067674327417876 -0.9987954562051724 1.145108133780234e-16
    outer loop
      vertex 15.649999999999999 9.692630972534579 0.4657691208943297
      vertex 15.666629138560253 9.691814035342734 7.350000000000001
      vertex 15.5 9.7 7.350000000000001
    endloop
  endfacet
  facet normal -0.14673047445536214 0.989176509964781 0
    outer loop
      vertex 15.666629138560253 6.308185964657265 -0.852465480718615
      vertex 15.666629138560253 6.308185964657265 7.350000000000001
      vertex 15.831653547427418 6.332665023314508 -0.8377932976012168
    endloop
  endfacet
  facet normal -0.2429801799032638 0.9700312531945441 0
    outer loop
      vertex 15.831653547427418 6.332665023314508 -0.8377932976012168
      vertex 15.831653547427418 6.332665023314508 7.350000000000001
      vertex 15.993483951332585 6.373201429255245 -0.8134967109059723
    endloop
  endfacet
  facet normal -0.33688985339222044 0.9415440651830207 2.113851798164448e-19
    outer loop
      vertex 15.993483951332585 6.373201429255245 -0.8134967109059723
      vertex 16.049999999999997 6.393423194814535 7.350000000000001
      vertex 16.049999999999997 6.393423194814535 -0.8013762510714105
    endloop
  endfacet
  facet normal -0.14673047445536214 0.989176509964781 0
    outer loop
      vertex 15.831653547427418 6.332665023314508 -0.8377932976012168
      vertex 15.666629138560253 6.308185964657265 7.350000000000001
      vertex 15.831653547427418 6.332665023314508 7.350000000000001
    endloop
  endfacet
  facet normal -0.2429801799032638 0.970031253194544 0
    outer loop
      vertex 15.993483951332585 6.373201429255245 -0.8134967109059723
      vertex 15.831653547427418 6.332665023314508 7.350000000000001
      vertex 15.993483951332585 6.373201429255245 7.350000000000001
    endloop
  endfacet
  facet normal -0.33688985339222044 0.9415440651830207 0
    outer loop
      vertex 15.993483951332585 6.373201429255245 -0.8134967109059723
      vertex 15.993483951332585 6.373201429255245 7.350000000000001
      vertex 16.049999999999997 6.393423194814535 7.350000000000001
    endloop
  endfacet
  facet normal -0.04906767432737058 -0.9987954562051747 6.071293583522248e-21
    outer loop
      vertex 15.649999999999999 9.692630972534579 0.4657691208943297
      vertex 15.666629138560253 9.691814035342734 0.46564793970922075
      vertex 15.666629138560253 9.691814035342734 7.350000000000001
    endloop
  endfacet
  facet normal -0.14673047445535692 -0.9891765099647817 -2.810299065762505e-19
    outer loop
      vertex 15.666629138560253 9.691814035342734 0.46564793970922075
      vertex 15.831653547427418 9.667334976685492 0.4620168143692895
      vertex 15.831653547427418 9.667334976685492 7.350000000000001
    endloop
  endfacet
  facet normal -0.3368898533922327 -0.9415440651830163 1.1357836349766705e-16
    outer loop
      vertex 15.993483951332585 9.626798570744755 0.456003806562815
      vertex 16.01295077031711 9.619833231536298 0.4549705960927888
      vertex 16.049999999999997 9.606576805185465 7.350000000000001
    endloop
  endfacet
  facet normal -0.33688985339221406 -0.941544065183023 -8.520304677333757e-20
    outer loop
      vertex 16.01295077031711 9.619833231536298 0.4549705960927888
      vertex 16.049999999999997 9.606576805185465 0.45165003415316884
      vertex 16.049999999999997 9.606576805185465 7.350000000000001
    endloop
  endfacet
  facet normal -0.2429801799032638 -0.970031253194544 3.731872841088741e-19
    outer loop
      vertex 15.831653547427418 9.667334976685492 0.4620168143692895
      vertex 15.993483951332585 9.626798570744755 0.456003806562815
      vertex 15.993483951332585 9.626798570744755 7.350000000000001
    endloop
  endfacet
  facet normal -0.14673047445535695 -0.9891765099647818 0
    outer loop
      vertex 15.666629138560253 9.691814035342734 0.46564793970922075
      vertex 15.831653547427418 9.667334976685492 7.350000000000001
      vertex 15.666629138560253 9.691814035342734 7.350000000000001
    endloop
  endfacet
  facet normal -0.33688985339222044 -0.9415440651830206 0
    outer loop
      vertex 15.993483951332585 9.626798570744755 0.456003806562815
      vertex 16.049999999999997 9.606576805185465 7.350000000000001
      vertex 15.993483951332585 9.626798570744755 7.350000000000001
    endloop
  endfacet
  facet normal -0.2429801799032637 -0.970031253194544 0
    outer loop
      vertex 15.831653547427418 9.667334976685492 0.4620168143692895
      vertex 15.993483951332585 9.626798570744755 7.350000000000001
      vertex 15.831653547427418 9.667334976685492 7.350000000000001
    endloop
  endfacet
  facet normal 0 0 1
    outer loop
      vertex 13.739786296536721 9.680962196068796 -14.45
      vertex 13.823257235764341 9.74352017526724 -14.45
      vertex 13.767647957637381 10.248099336581669 -14.45
    endloop
  endfacet
  facet normal 0 0 1
    outer loop
      vertex 13.739786296536721 9.680962196068796 -14.45
      vertex 13.823757080808754 9.668506306859436 -14.45
      vertex 13.823257235764341 9.74352017526724 -14.45
    endloop
  endfacet
  facet normal 0 0 1
    outer loop
      vertex 14.043426036188404 9.608929007048967 -14.45
      vertex 14.10364443059815 9.939828032343602 -14.45
      vertex 14.073472359439059 10.177277637024174 -14.45
    endloop
  endfacet
  facet normal 0 0 1
    outer loop
      vertex 14.131764934779918 5.111525978709541 -14.45
      vertex 14.179484931116429 5.200264937780768 -14.45
      vertex 14.134418138069035 5.200264937780768 -14.45
    endloop
  endfacet
  facet normal 0 0 1
    outer loop
      vertex 14.131764934779918 5.111525978709541 -14.45
      vertex 14.16264725386795 5.096919729583066 -14.45
      vertex 14.179484931116429 5.200264937780768 -14.45
    endloop
  endfacet
  facet normal 0 0 1
    outer loop
      vertex 14.043426036188404 9.608929007048967 -14.45
      vertex 14.097611541318773 9.589541123301005 -14.45
      vertex 14.10364443059815 9.939828032343602 -14.45
    endloop
  endfacet
  facet normal 0 0 1
    outer loop
      vertex 14.440328290538602 9.415980424087744 -14.45
      vertex 14.447747977023296 9.456188650621598 -14.45
      vertex 14.425345690824047 10.217655083141015 -14.45
    endloop
  endfacet
  facet normal 0 0 1
    outer loop
      vertex 14.425345690824047 10.217655083141015 -14.45
      vertex 14.5 11.036773011689622 -14.45
      vertex 14.428695886162068 11.011259991805147 -14.45
    endloop
  endfacet
  facet normal 0.33688985339220945 0.9415440651830246 0
    outer loop
      vertex 14.5 4.963226988310378 -14.45
      vertex 14.5 4.963226988310378 -11.85
      vertex 14.571089032785721 4.937790925656932 -14.45
    endloop
  endfacet
  facet normal 0 0 1
    outer loop
      vertex 14.428695886162068 4.988740008194853 -14.45
      vertex 15.649999999999999 5.200264937780768 -14.45
      vertex 14.427802935746518 5.200264937780768 -14.45
    endloop
  endfacet
  facet normal 0 0 1
    outer loop
      vertex 14.428695886162068 4.988740008194853 -14.45
      vertex 14.5 4.963226988310378 -14.45
      vertex 15.649999999999999 5.200264937780768 -14.45
    endloop
  endfacet
  facet normal 0.24298017990326629 0.9700312531945434 -1.2319627630777083e-18
    outer loop
      vertex 14.571089032785721 4.937790925656932 -14.45
      vertex 14.87571096954839 4.8614871027096624 -11.85
      vertex 14.87571096954839 4.8614871027096624 -14.45
    endloop
  endfacet
  facet normal 0.33688985339220945 0.9415440651830246 0
    outer loop
      vertex 14.571089032785721 4.937790925656932 -14.45
      vertex 14.5 4.963226988310378 -11.85
      vertex 14.571089032785721 4.937790925656932 -11.85
    endloop
  endfacet
  facet normal 0 0 -1
    outer loop
      vertex 14.472698369469867 5.5079454608965115 -11.85
      vertex 14.5 5.863439225411919 -11.85
      vertex 14.562820650125559 4.985704576342001 -11.85
    endloop
  endfacet
  facet normal 0 0 -1
    outer loop
      vertex 14.5 4.963226988310378 -11.85
      vertex 14.562820650125559 4.985704576342001 -11.85
      vertex 14.571089032785721 4.937790925656932 -11.85
    endloop
  endfacet
  facet normal 0 0 -1
    outer loop
      vertex 14.562820650125559 4.985704576342001 -11.85
      vertex 14.5 5.863439225411919 -11.85
      vertex 14.571089032785721 4.937790925656932 -11.85
    endloop
  endfacet
  facet normal 0 0 -1
    outer loop
      vertex 14.571089032785721 4.937790925656932 -11.85
      vertex 14.5 5.863439225411919 -11.85
      vertex 14.577213644621082 6.388608423085653 -11.85
    endloop
  endfacet
  facet normal 0 0 -1
    outer loop
      vertex 14.5 5.863439225411919 -11.85
      vertex 14.5 6.62768596177821 -11.85
      vertex 14.577213644621082 6.388608423085653 -11.85
    endloop
  endfacet
  facet normal 0 0 -1
    outer loop
      vertex 14.5 6.62768596177821 -11.85
      vertex 14.555530603866677 6.586501659085673 -11.85
      vertex 14.577213644621082 6.388608423085653 -11.85
    endloop
  endfacet
  facet normal 0 0 -1
    outer loop
      vertex 14.571089032785721 4.937790925656932 -11.85
      vertex 14.577213644621082 6.388608423085653 -11.85
      vertex 14.70967469315295 5.880573838916647 -11.85
    endloop
  endfacet
  facet normal 0 0 -1
    outer loop
      vertex 14.555530603866677 6.586501659085673 -11.85
      vertex 14.598895044443726 6.560510013661769 -11.85
      vertex 14.577213644621082 6.388608423085653 -11.85
    endloop
  endfacet
  facet normal 0 0 -1
    outer loop
      vertex 14.70967469315295 5.880573838916647 -11.85
      vertex 14.598895044443726 6.560510013661769 -11.85
      vertex 14.698625547395803 6.500733850607796 -11.85
    endloop
  endfacet
  facet normal 0.24298017990326629 0.9700312531945434 0
    outer loop
      vertex 14.571089032785721 4.937790925656932 -14.45
      vertex 14.571089032785721 4.937790925656932 -11.85
      vertex 14.87571096954839 4.8614871027096624 -11.85
    endloop
  endfacet
  facet normal 0 0 -1
    outer loop
      vertex 14.571089032785721 4.937790925656932 -11.85
      vertex 14.70967469315295 5.880573838916647 -11.85
      vertex 14.767833420073968 5.523610960161548 -11.85
    endloop
  endfacet
  facet normal 0 0 -1
    outer loop
      vertex 14.571089032785721 4.937790925656932 -11.85
      vertex 14.767833420073968 5.523610960161548 -11.85
      vertex 14.87571096954839 4.8614871027096624 -11.85
    endloop
  endfacet
  facet normal 0 0 -1
    outer loop
      vertex 14.87571096954839 4.8614871027096624 -11.85
      vertex 14.767833420073968 5.523610960161548 -11.85
      vertex 14.833966466722467 6.257672514853623 -11.85
    endloop
  endfacet
  facet normal 0 0 -1
    outer loop
      vertex 14.70967469315295 5.880573838916647 -11.85
      vertex 14.698625547395803 6.500733850607796 -11.85
      vertex 14.730061631575962 6.485865690098626 -11.85
    endloop
  endfacet
  facet normal 0 0 -1
    outer loop
      vertex 14.833966466722467 6.257672514853623 -11.85
      vertex 14.828536271810846 6.439290653948957 -11.85
      vertex 14.849438164979347 6.429404794730813 -11.85
    endloop
  endfacet
  facet normal 0 0 -1
    outer loop
      vertex 14.833966466722467 6.257672514853623 -11.85
      vertex 14.849438164979347 6.429404794730813 -11.85
      vertex 14.904581283900658 6.40967427128964 -11.85
    endloop
  endfacet
  facet normal 0 0 1
    outer loop
      vertex 14.447747977023296 9.456188650621598 -14.45
      vertex 14.5 9.372314038221791 -14.45
      vertex 14.555530603866677 9.413498340914327 -14.45
    endloop
  endfacet
  facet normal 0 0 1
    outer loop
      vertex 14.447747977023296 9.456188650621598 -14.45
      vertex 14.571089032785721 11.062209074343068 -14.45
      vertex 14.425345690824047 10.217655083141015 -14.45
    endloop
  endfacet
  facet normal 0 0 1
    outer loop
      vertex 14.447747977023296 9.456188650621598 -14.45
      vertex 14.555530603866677 9.413498340914327 -14.45
      vertex 14.571089032785721 11.062209074343068 -14.45
    endloop
  endfacet
  facet normal 0 0 1
    outer loop
      vertex 14.425345690824047 10.217655083141015 -14.45
      vertex 14.571089032785721 11.062209074343068 -14.45
      vertex 14.5 11.036773011689622 -14.45
    endloop
  endfacet
  facet normal 0.3368898533922094 -0.9415440651830247 0
    outer loop
      vertex 14.5 11.036773011689622 -14.45
      vertex 14.571089032785721 11.062209074343068 -12.701829888884186
      vertex 14.5 11.036773011689622 -12.6980568054114
    endloop
  endfacet
  facet normal 0.33688985339220934 -0.9415440651830245 1.9396905449185213e-19
    outer loop
      vertex 14.5 11.036773011689622 -14.45
      vertex 14.571089032785721 11.062209074343068 -14.45
      vertex 14.571089032785721 11.062209074343068 -12.701829888884186
    endloop
  endfacet
  facet normal 0 0 1
    outer loop
      vertex 14.555530603866677 9.413498340914327 -14.45
      vertex 14.698625547395803 9.499266149392204 -14.45
      vertex 14.571089032785721 11.062209074343068 -14.45
    endloop
  endfacet
  facet normal 0 0 1
    outer loop
      vertex 14.698625547395803 9.499266149392204 -14.45
      vertex 14.87571096954839 11.138512897290337 -14.45
      vertex 14.571089032785721 11.062209074343068 -14.45
    endloop
  endfacet
  facet normal 0.24298017990326362 -0.9700312531945442 0
    outer loop
      vertex 14.571089032785721 11.062209074343068 -14.45
      vertex 14.87571096954839 11.138512897290337 -12.71314849181402
      vertex 14.571089032785721 11.062209074343068 -12.701829888884186
    endloop
  endfacet
  facet normal 0 0 1
    outer loop
      vertex 14.698625547395803 9.499266149392204 -14.45
      vertex 14.849438164979347 9.570595205269187 -14.45
      vertex 14.87571096954839 11.138512897290337 -14.45
    endloop
  endfacet
  facet normal 0.24298017990326365 -0.9700312531945442 1.95096435777e-18
    outer loop
      vertex 14.571089032785721 11.062209074343068 -14.45
      vertex 14.87571096954839 11.138512897290337 -14.45
      vertex 14.87571096954839 11.138512897290337 -12.71314849181402
    endloop
  endfacet
  facet normal 0 0 1
    outer loop
      vertex 14.5 4.963226988310378 -14.45
      vertex 14.571089032785721 4.937790925656932 -14.45
      vertex 15.649999999999999 5.200264937780768 -14.45
    endloop
  endfacet
  facet normal 0 0 1
    outer loop
      vertex 14.571089032785721 4.937790925656932 -14.45
      vertex 14.87571096954839 4.8614871027096624 -14.45
      vertex 15.649999999999999 5.200264937780768 -14.45
    endloop
  endfacet
  facet normal 0.1467304744553617 0.989176509964781 1.0588918835427178e-18
    outer loop
      vertex 14.87571096954839 4.8614871027096624 -14.45
      vertex 15.186345150945407 4.81540887464897 -11.85
      vertex 15.186345150945407 4.81540887464897 -14.45
    endloop
  endfacet
  facet normal 0 0 1
    outer loop
      vertex 14.87571096954839 4.8614871027096624 -14.45
      vertex 15.186345150945407 4.81540887464897 -14.45
      vertex 15.649999999999999 5.200264937780768 -14.45
    endloop
  endfacet
  facet normal 0 0 -1
    outer loop
      vertex 14.87571096954839 4.8614871027096624 -11.85
      vertex 14.833966466722467 6.257672514853623 -11.85
      vertex 15.007407263580285 5.827868296668801 -11.85
    endloop
  endfacet
  facet normal 0.1467304744553617 0.989176509964781 0
    outer loop
      vertex 14.87571096954839 4.8614871027096624 -14.45
      vertex 14.87571096954839 4.8614871027096624 -11.85
      vertex 15.186345150945407 4.81540887464897 -11.85
    endloop
  endfacet
  facet normal 0 0 -1
    outer loop
      vertex 14.87571096954839 4.8614871027096624 -11.85
      vertex 15.007407263580285 5.827868296668801 -11.85
      vertex 15.186345150945407 4.81540887464897 -11.85
    endloop
  endfacet
  facet normal 0 0 -1
    outer loop
      vertex 15.007407263580285 5.827868296668801 -11.85
      vertex 14.833966466722467 6.257672514853623 -11.85
      vertex 14.904581283900658 6.40967427128964 -11.85
    endloop
  endfacet
  facet normal 0 0 -1
    outer loop
      vertex 15.006650825242414 6.290731835465498 -11.85
      vertex 14.996154463855861 6.376908863582704 -11.85
      vertex 15.006516048667415 6.373201429255245 -11.85
    endloop
  endfacet
  facet normal 0 0 -1
    outer loop
      vertex 15.006650825242414 6.290731835465498 -11.85
      vertex 15.006516048667415 6.373201429255245 -11.85
      vertex 15.168346452572582 6.332665023314508 -11.85
    endloop
  endfacet
  facet normal 0 0 -1
    outer loop
      vertex 15.007407263580285 5.827868296668801 -11.85
      vertex 15.006650825242414 6.290731835465498 -11.85
      vertex 15.186345150945407 4.81540887464897 -11.85
    endloop
  endfacet
  facet normal 0 0 -1
    outer loop
      vertex 15.186345150945407 4.81540887464897 -11.85
      vertex 15.006650825242414 6.290731835465498 -11.85
      vertex 15.165261384348401 5.768254115355335 -11.85
    endloop
  endfacet
  facet normal 0 0 -1
    outer loop
      vertex 15.186345150945407 4.81540887464897 -11.85
      vertex 15.165261384348401 5.768254115355335 -11.85
      vertex 15.180379893133141 5.710640446013392 -11.85
    endloop
  endfacet
  facet normal 0 0 -1
    outer loop
      vertex 15.165261384348401 5.768254115355335 -11.85
      vertex 15.006650825242414 6.290731835465498 -11.85
      vertex 15.168346452572582 6.332665023314508 -11.85
    endloop
  endfacet
  facet normal 0 0 -1
    outer loop
      vertex 15.165261384348401 5.768254115355335 -11.85
      vertex 15.168346452572582 6.332665023314508 -11.85
      vertex 15.176354054521859 6.314815142139141 -11.85
    endloop
  endfacet
  facet normal 0 0 -1
    outer loop
      vertex 15.165261384348401 5.768254115355335 -11.85
      vertex 15.176354054521859 6.314815142139141 -11.85
      vertex 15.176742764235659 6.256479824732761 -11.85
    endloop
  endfacet
  facet normal 0 0 -1
    outer loop
      vertex 15.180379893133141 5.710640446013392 -11.85
      vertex 15.176742764235659 6.256479824732761 -11.85
      vertex 15.375904196142109 5.869994540539361 -11.85
    endloop
  endfacet
  facet normal 0 0 -1
    outer loop
      vertex 15.168346452572582 6.332665023314508 -11.85
      vertex 15.333370861439747 6.308185964657265 -11.85
      vertex 15.176354054521859 6.314815142139141 -11.85
    endloop
  endfacet
  facet normal 0 0 1
    outer loop
      vertex 14.849438164979347 9.570595205269187 -14.45
      vertex 15.006516048667415 9.626798570744755 -14.45
      vertex 14.87571096954839 11.138512897290337 -14.45
    endloop
  endfacet
  facet normal 0 0 1
    outer loop
      vertex 15.006516048667415 9.626798570744755 -14.45
      vertex 15.186345150945407 11.18459112535103 -14.45
      vertex 14.87571096954839 11.138512897290337 -14.45
    endloop
  endfacet
  facet normal 0.14673047445536444 -0.9891765099647805 0
    outer loop
      vertex 14.87571096954839 11.138512897290337 -14.45
      vertex 15.186345150945407 11.18459112535103 -12.71998355127742
      vertex 14.87571096954839 11.138512897290337 -12.71314849181402
    endloop
  endfacet
  facet normal 0 0 1
    outer loop
      vertex 15.006516048667415 9.626798570744755 -14.45
      vertex 15.168346452572582 9.667334976685492 -14.45
      vertex 15.186345150945407 11.18459112535103 -14.45
    endloop
  endfacet
  facet normal 0.1467304744553644 -0.9891765099647806 -1.4486513218518284e-18
    outer loop
      vertex 14.87571096954839 11.138512897290337 -14.45
      vertex 15.186345150945407 11.18459112535103 -14.45
      vertex 15.186345150945407 11.18459112535103 -12.71998355127742
    endloop
  endfacet
  facet normal 0 0 1
    outer loop
      vertex 15.168346452572582 9.667334976685492 -14.45
      vertex 15.333370861439747 9.691814035342734 -14.45
      vertex 15.186345150945407 11.18459112535103 -14.45
    endloop
  endfacet
  facet normal 0 0 1
    outer loop
      vertex 15.186345150945407 4.81540887464897 -14.45
      vertex 15.5 4.8 -14.45
      vertex 15.649999999999999 5.200264937780768 -14.45
    endloop
  endfacet
  facet normal 0.04906767432741823 0.9987954562051724 -3.5097571422738186e-19
    outer loop
      vertex 15.186345150945407 4.81540887464897 -14.45
      vertex 15.5 4.8 -11.85
      vertex 15.5 4.8 -14.45
    endloop
  endfacet
  facet normal 0 0 1
    outer loop
      vertex 15.5 4.8 -14.45
      vertex 15.649999999999999 4.80736902746542 -14.45
      vertex 15.649999999999999 5.200264937780768 -14.45
    endloop
  endfacet
  facet normal -0.0490676743274172 0.9987954562051723 -2.741440022243238e-19
    outer loop
      vertex 15.5 4.8 -14.45
      vertex 15.649999999999999 4.80736902746542 -11.85
      vertex 15.649999999999999 4.80736902746542 -14.45
    endloop
  endfacet
  facet normal 0.04906767432741823 0.9987954562051724 0
    outer loop
      vertex 15.186345150945407 4.81540887464897 -14.45
      vertex 15.186345150945407 4.81540887464897 -11.85
      vertex 15.5 4.8 -11.85
    endloop
  endfacet
  facet normal 0 0 -1
    outer loop
      vertex 15.186345150945407 4.81540887464897 -11.85
      vertex 15.180379893133141 5.710640446013392 -11.85
      vertex 15.5 4.8 -11.85
    endloop
  endfacet
  facet normal 0 0 -1
    outer loop
      vertex 15.180379893133141 5.710640446013392 -11.85
      vertex 15.375904196142109 5.869994540539361 -11.85
      vertex 15.5 4.8 -11.85
    endloop
  endfacet
  facet normal 0 0 -1
    outer loop
      vertex 15.5 4.8 -11.85
      vertex 15.375904196142109 5.869994540539361 -11.85
      vertex 15.5 5.593370481644314 -11.85
    endloop
  endfacet
  facet normal 0 0 -1
    outer loop
      vertex 15.375904196142109 5.869994540539361 -11.85
      vertex 15.176354054521859 6.314815142139141 -11.85
      vertex 15.333370861439747 6.308185964657265 -11.85
    endloop
  endfacet
  facet normal 0 0 -1
    outer loop
      vertex 15.375904196142109 5.869994540539361 -11.85
      vertex 15.333370861439747 6.308185964657265 -11.85
      vertex 15.355847786290196 6.218841786535087 -11.85
    endloop
  endfacet
  facet normal 0 0 -1
    outer loop
      vertex 15.333370861439747 6.308185964657265 -11.85
      vertex 15.5 6.3 -11.85
      vertex 15.355847786290196 6.218841786535087 -11.85
    endloop
  endfacet
  facet normal 0 0 -1
    outer loop
      vertex 15.448362688146975 5.851101629665597 -11.85
      vertex 15.355847786290196 6.218841786535087 -11.85
      vertex 15.5 6.3 -11.85
    endloop
  endfacet
  facet normal -0.0490676743274172 0.9987954562051723 0
    outer loop
      vertex 15.5 4.8 -14.45
      vertex 15.5 4.8 -11.85
      vertex 15.649999999999999 4.80736902746542 -11.85
    endloop
  endfacet
  facet normal 0 0 -1
    outer loop
      vertex 15.5 4.8 -11.85
      vertex 15.5 5.593370481644314 -11.85
      vertex 15.649999999999999 6.30736902746542 -11.85
    endloop
  endfacet
  facet normal 0 0 -1
    outer loop
      vertex 15.5 4.8 -11.85
      vertex 15.649999999999999 6.30736902746542 -11.85
      vertex 15.649999999999999 4.80736902746542 -11.85
    endloop
  endfacet
  facet normal 0 0 -1
    outer loop
      vertex 15.5 5.593370481644314 -11.85
      vertex 15.5 6.3 -11.85
      vertex 15.649999999999999 6.30736902746542 -11.85
    endloop
  endfacet
  facet normal 0 0 1
    outer loop
      vertex 15.333370861439747 9.691814035342734 -14.45
      vertex 15.5 11.2 -14.45
      vertex 15.186345150945407 11.18459112535103 -14.45
    endloop
  endfacet
  facet normal 0.0490676743274154 -0.9987954562051724 0
    outer loop
      vertex 15.186345150945407 11.18459112535103 -14.45
      vertex 15.5 11.2 -12.72226924191533
      vertex 15.186345150945407 11.18459112535103 -12.71998355127742
    endloop
  endfacet
  facet normal 0 0 1
    outer loop
      vertex 15.333370861439747 9.691814035342734 -14.45
      vertex 15.5 9.7 -14.45
      vertex 15.5 11.2 -14.45
    endloop
  endfacet
  facet normal 0.04906767432741541 -0.9987954562051725 2.3631564760004586e-19
    outer loop
      vertex 15.186345150945407 11.18459112535103 -14.45
      vertex 15.5 11.2 -14.45
      vertex 15.5 11.2 -12.72226924191533
    endloop
  endfacet
  facet normal 0 0 1
    outer loop
      vertex 15.5 9.7 -14.45
      vertex 15.649999999999999 9.692630972534579 -14.45
      vertex 15.5 11.2 -14.45
    endloop
  endfacet
  facet normal -0.04906767432741131 -0.9987954562051727 0
    outer loop
      vertex 15.5 11.2 -14.45
      vertex 15.649999999999999 11.19263097253458 -14.45
      vertex 15.5 11.2 -12.72226924191533
    endloop
  endfacet
  facet normal 0 0 1
    outer loop
      vertex 15.5 11.2 -14.45
      vertex 15.649999999999999 9.692630972534579 -14.45
      vertex 15.649999999999999 11.19263097253458 -14.45
    endloop
  endfacet
  facet normal -0.049067674327411305 -0.9987954562051727 -8.88133033389633e-20
    outer loop
      vertex 15.5 11.2 -12.72226924191533
      vertex 15.649999999999999 11.19263097253458 -14.45
      vertex 15.649999999999999 11.19263097253458 -12.721176149949049
    endloop
  endfacet
  facet normal 0 0 1
    outer loop
      vertex 14.150561835020653 13.969155455547858 -14.5
      vertex 14.175430769210402 13.935623579498206 -14.5
      vertex 14.185882229283347 14.148367936646864 -14.5
    endloop
  endfacet
  facet normal 0 0 1
    outer loop
      vertex 14.150561835020653 13.969155455547858 -14.5
      vertex 14.185882229283347 14.148367936646864 -14.5
      vertex 14.150561835020653 15.102216216880906 -14.5
    endloop
  endfacet
  facet normal 0 0 1
    outer loop
      vertex 14.185882229283347 14.148367936646864 -14.5
      vertex 14.158065158802863 15.102216216880906 -14.5
      vertex 14.150561835020653 15.102216216880906 -14.5
    endloop
  endfacet
  facet normal 0 0 1
    outer loop
      vertex 14.301374452604197 13.794786153730545 -14.5
      vertex 14.315204518662606 13.782251312511159 -14.5
      vertex 14.380050236220546 15.102216216880908 -14.5
    endloop
  endfacet
  facet normal 0 0 1
    outer loop
      vertex 14.301374452604197 13.794786153730545 -14.5
      vertex 14.380050236220546 15.102216216880908 -14.5
      vertex 14.301374452604197 13.868266573632877 -14.5
    endloop
  endfacet
  facet normal 0 0 1
    outer loop
      vertex 14.301374452604197 13.868266573632877 -14.5
      vertex 14.380050236220546 15.102216216880908 -14.5
      vertex 14.372714646662102 15.102216216880906 -14.5
    endloop
  endfacet
  facet normal 0 0 1
    outer loop
      vertex 14.444469396133323 13.668870264470746 -14.5
      vertex 14.5 13.627685961778209 -14.5
      vertex 14.444469396133323 14.152795522506096 -14.5
    endloop
  endfacet
  facet normal 0.514102744193228 0.8577286100002685 1.451167041097337e-14
    outer loop
      vertex 14.555530603866677 13.586501659085673 -14.5
      vertex 14.649323226574198 13.530284524485252 -14.45
      vertex 14.698625547395803 13.500733850607796 -14.5
    endloop
  endfacet
  facet normal 0 0 1
    outer loop
      vertex 14.444469396133323 14.152795522506096 -14.5
      vertex 14.5 13.627685961778209 -14.5
      vertex 14.555530603866677 13.586501659085673 -14.5
    endloop
  endfacet
  facet normal 0.5956993044924199 0.8032075314806548 0
    outer loop
      vertex 14.5 13.627685961778209 -14.5
      vertex 14.5 13.627685961778209 -14.45
      vertex 14.555530603866677 13.586501659085673 -14.5
    endloop
  endfacet
  facet normal 0.5956993044924199 0.8032075314806548 -1.7228866274881196e-17
    outer loop
      vertex 14.5 13.627685961778209 -14.45
      vertex 14.555530603866677 13.586501659085673 -14.45
      vertex 14.555530603866677 13.586501659085673 -14.5
    endloop
  endfacet
  facet normal 0.5141027441932335 0.8577286100002649 0
    outer loop
      vertex 14.555530603866677 13.586501659085673 -14.5
      vertex 14.555530603866677 13.586501659085673 -14.45
      vertex 14.649323226574198 13.530284524485252 -14.45
    endloop
  endfacet
  facet normal 0.5141027441932171 0.857728610000275 -1.457391671183266e-17
    outer loop
      vertex 14.649323226574198 13.530284524485252 -14.45
      vertex 14.698625547395803 13.500733850607796 -14.45
      vertex 14.698625547395803 13.500733850607796 -14.5
    endloop
  endfacet
  facet normal 0.4275550934302793 0.9039892931234446 0
    outer loop
      vertex 14.698625547395803 13.500733850607796 -14.5
      vertex 14.698625547395803 13.500733850607796 -14.45
      vertex 14.849438164979347 13.429404794730813 -14.5
    endloop
  endfacet
  facet normal 0.4275550934302793 0.9039892931234446 5.896830840500828e-17
    outer loop
      vertex 14.698625547395803 13.500733850607796 -14.45
      vertex 14.849438164979347 13.429404794730813 -14.45
      vertex 14.849438164979347 13.429404794730813 -14.5
    endloop
  endfacet
  facet normal 0.3368898533922193 0.9415440651830211 0
    outer loop
      vertex 14.849438164979347 13.429404794730813 -14.5
      vertex 14.849438164979347 13.429404794730813 -14.45
      vertex 14.87571096954839 13.42000423494103 -14.45
    endloop
  endfacet
  facet normal 0 0 1
    outer loop
      vertex 14.444469396133323 14.152795522506096 -14.5
      vertex 15.649999999999999 15.102216216880906 -14.5
      vertex 14.468223153585152 15.102216216880906 -14.5
    endloop
  endfacet
  facet normal 0.5956993044924532 -0.8032075314806303 4.7166623459660535e-20
    outer loop
      vertex 14.5 16.372314038221788 -11.85
      vertex 14.555530603866677 16.413498340914327 -11.85
      vertex 14.555530603866677 16.413498340914327 -5.993559041281583
    endloop
  endfacet
  facet normal 0.51410274419322 -0.857728610000273 -4.064712387196285e-19
    outer loop
      vertex 14.555530603866677 16.413498340914327 -11.85
      vertex 14.698625547395803 16.499266149392202 -11.85
      vertex 14.698625547395803 16.499266149392202 -5.997772543523733
    endloop
  endfacet
  facet normal 0.4275550934302793 -0.9039892931234446 6.161334058021473e-17
    outer loop
      vertex 14.698625547395803 16.499266149392202 -11.85
      vertex 14.849438164979347 16.570595205269186 -11.85
      vertex 14.805359328613433 16.54974746830583 -6.0002525316941675
    endloop
  endfacet
  facet normal 0.3368898533922202 0.9415440651830207 -5.727013825777078e-16
    outer loop
      vertex 14.849438164979347 13.429404794730813 -14.5
      vertex 14.87571096954839 13.42000423494103 -14.45
      vertex 15.006516048667415 13.373201429255245 -14.5
    endloop
  endfacet
  facet normal 0.33688985339222305 0.9415440651830197 7.668785940824665e-15
    outer loop
      vertex 14.87571096954839 13.42000423494103 -14.45
      vertex 14.95095340497493 13.393082061059776 -14.45
      vertex 15.006516048667415 13.373201429255245 -14.5
    endloop
  endfacet
  facet normal 0.3368898533922169 0.9415440651830218 2.5457616946358563e-17
    outer loop
      vertex 14.95095340497493 13.393082061059776 -14.45
      vertex 15.006516048667415 13.373201429255245 -14.45
      vertex 15.006516048667415 13.373201429255245 -14.5
    endloop
  endfacet
  facet normal 0.2429801799032638 0.9700312531945441 0
    outer loop
      vertex 15.006516048667415 13.373201429255245 -14.5
      vertex 15.006516048667415 13.373201429255245 -14.45
      vertex 15.168346452572582 13.332665023314508 -14.5
    endloop
  endfacet
  facet normal 0 0 1
    outer loop
      vertex 14.444469396133323 14.152795522506096 -14.5
      vertex 14.555530603866677 13.586501659085673 -14.5
      vertex 15.649999999999999 15.102216216880906 -14.5
    endloop
  endfacet
  facet normal 0 0 1
    outer loop
      vertex 14.555530603866677 13.586501659085673 -14.5
      vertex 14.698625547395803 13.500733850607796 -14.5
      vertex 15.649999999999999 15.102216216880906 -14.5
    endloop
  endfacet
  facet normal 0.2429801799032638 0.9700312531945441 5.1455034321714075e-17
    outer loop
      vertex 15.006516048667415 13.373201429255245 -14.45
      vertex 15.168346452572582 13.332665023314508 -14.45
      vertex 15.168346452572582 13.332665023314508 -14.5
    endloop
  endfacet
  facet normal 0.14673047445540108 0.9891765099647752 0
    outer loop
      vertex 15.168346452572582 13.332665023314508 -14.5
      vertex 15.168346452572582 13.332665023314508 -14.45
      vertex 15.186345150945407 13.32999516861697 -14.45
    endloop
  endfacet
  facet normal 0.1467304744553569 0.9891765099647816 1.6245865081719057e-14
    outer loop
      vertex 15.168346452572582 13.332665023314508 -14.5
      vertex 15.186345150945407 13.32999516861697 -14.45
      vertex 15.333370861439747 13.308185964657266 -14.5
    endloop
  endfacet
  facet normal 0.1467304744553398 0.9891765099647842 -3.5218067017402765e-14
    outer loop
      vertex 15.186345150945407 13.32999516861697 -14.45
      vertex 15.26021370346328 13.319037803931204 -14.45
      vertex 15.333370861439747 13.308185964657266 -14.5
    endloop
  endfacet
  facet normal 0 0 1
    outer loop
      vertex 14.698625547395803 13.500733850607796 -14.5
      vertex 14.849438164979347 13.429404794730813 -14.5
      vertex 15.649999999999999 15.102216216880906 -14.5
    endloop
  endfacet
  facet normal 0 0 1
    outer loop
      vertex 14.849438164979347 13.429404794730813 -14.5
      vertex 15.006516048667415 13.373201429255245 -14.5
      vertex 15.649999999999999 15.102216216880906 -14.5
    endloop
  endfacet
  facet normal 0.3368898533922203 -0.9415440651830207 3.58927865956752e-19
    outer loop
      vertex 14.849438164979347 16.570595205269186 -11.85
      vertex 15.006516048667415 16.626798570744754 -11.85
      vertex 15.006516048667415 16.626798570744754 -5.996467253760079
    endloop
  endfacet
  facet normal 0.24298017990327378 -0.9700312531945415 -5.876158820104698e-20
    outer loop
      vertex 15.006516048667415 16.626798570744754 -11.85
      vertex 15.168346452572582 16.667334976685492 -11.85
      vertex 15.168346452572582 16.667334976685492 -5.994475827835234
    endloop
  endfacet
  facet normal 0.14673047445536336 0.9891765099647808 9.58471815374592e-18
    outer loop
      vertex 15.26021370346328 13.319037803931204 -14.45
      vertex 15.333370861439747 13.308185964657266 -14.45
      vertex 15.333370861439747 13.308185964657266 -14.5
    endloop
  endfacet
  facet normal 0.04906767432741787 0.9987954562051724 0
    outer loop
      vertex 15.333370861439747 13.308185964657266 -14.5
      vertex 15.333370861439747 13.308185964657266 -14.45
      vertex 15.5 13.3 -14.5
    endloop
  endfacet
  facet normal 0.04906767432741787 0.9987954562051724 -4.070241208698026e-18
    outer loop
      vertex 15.333370861439747 13.308185964657266 -14.45
      vertex 15.5 13.3 -14.45
      vertex 15.5 13.3 -14.5
    endloop
  endfacet
  facet normal 0 0 1
    outer loop
      vertex 15.006516048667415 13.373201429255245 -14.5
      vertex 15.168346452572582 13.332665023314508 -14.5
      vertex 15.649999999999999 15.102216216880906 -14.5
    endloop
  endfacet
  facet normal 0 0 1
    outer loop
      vertex 15.168346452572582 13.332665023314508 -14.5
      vertex 15.333370861439747 13.308185964657266 -14.5
      vertex 15.649999999999999 15.102216216880906 -14.5
    endloop
  endfacet
  facet normal -0.04906767432742311 0.9987954562051722 0
    outer loop
      vertex 15.5 13.3 -14.5
      vertex 15.5 13.3 -14.45
      vertex 15.649999999999999 13.307369027465421 -14.45
    endloop
  endfacet
  facet normal -0.04906767432742311 0.9987954562051722 -2.704595278645593e-18
    outer loop
      vertex 15.5 13.3 -14.5
      vertex 15.649999999999999 13.307369027465421 -14.45
      vertex 15.649999999999999 13.307369027465421 -14.5
    endloop
  endfacet
  facet normal 0 0 1
    outer loop
      vertex 15.333370861439747 13.308185964657266 -14.5
      vertex 15.5 13.3 -14.5
      vertex 15.649999999999999 15.102216216880906 -14.5
    endloop
  endfacet
  facet normal 0 0 1
    outer loop
      vertex 15.5 13.3 -14.5
      vertex 15.649999999999999 13.307369027465421 -14.5
      vertex 15.649999999999999 15.102216216880906 -14.5
    endloop
  endfacet
  facet normal 0.1467304744553569 -0.9891765099647816 3.305138438905883e-19
    outer loop
      vertex 15.168346452572582 16.667334976685492 -11.85
      vertex 15.333370861439747 16.691814035342734 -11.85
      vertex 15.333370861439747 16.691814035342734 -5.993273248798081
    endloop
  endfacet
  facet normal 0.04906767432741786 -0.9987954562051724 3.4741261559622485e-20
    outer loop
      vertex 15.333370861439747 16.691814035342734 -11.85
      vertex 15.5 16.7 -11.85
      vertex 15.5 16.7 -5.992064758194243
    endloop
  endfacet
  facet normal -0.049067674327411305 -0.9987954562051726 -2.6215928837764183e-20
    outer loop
      vertex 15.5 16.7 -11.85
      vertex 15.649999999999999 16.69263097253458 -11.85
      vertex 15.649999999999999 16.69263097253458 -5.993157850160523
    endloop
  endfacet
  facet normal 0.514102744193228 0.8577286100002685 0
    outer loop
      vertex 14.555530603866677 13.586501659085673 -6.931887158510645
      vertex 14.555530603866677 13.586501659085673 7.350000000000001
      vertex 14.698625547395803 13.500733850607796 -6.868277416500472
    endloop
  endfacet
  facet normal 0.5956993044924199 0.8032075314806548 0
    outer loop
      vertex 14.5 13.627685961778209 -6.962431519100397
      vertex 14.5 13.627685961778209 7.350000000000001
      vertex 14.555530603866677 13.586501659085673 -6.931887158510645
    endloop
  endfacet
  facet normal 0.42755509343027936 0.9039892931234447 0
    outer loop
      vertex 14.698625547395803 13.500733850607796 -6.868277416500472
      vertex 14.698625547395803 13.500733850607796 7.350000000000001
      vertex 14.849438164979347 13.429404794730813 -6.815376183244239
    endloop
  endfacet
  facet normal 0.5956993044924594 -0.8032075314806256 0
    outer loop
      vertex 14.5 16.372314038221788 -11.85
      vertex 14.547608104360824 16.40762261482797 -5.993270385368852
      vertex 14.5 16.372314038221788 -5.988032852789401
    endloop
  endfacet
  facet normal 0.5956993044924153 -0.8032075314806583 5.60463881978624e-16
    outer loop
      vertex 14.5 16.372314038221788 -11.85
      vertex 14.555530603866677 16.413498340914327 -5.993559041281583
      vertex 14.547608104360824 16.40762261482797 -5.993270385368852
    endloop
  endfacet
  facet normal 0.51410274419322 -0.8577286100002731 0
    outer loop
      vertex 14.555530603866677 16.413498340914327 -11.85
      vertex 14.698625547395803 16.499266149392202 -5.997772543523733
      vertex 14.555530603866677 16.413498340914327 -5.993559041281583
    endloop
  endfacet
  facet normal 0.4275550934302821 -0.9039892931234433 0
    outer loop
      vertex 14.698625547395803 16.499266149392202 -11.85
      vertex 14.805359328613433 16.54974746830583 -6.0002525316941675
      vertex 14.698625547395803 16.499266149392202 -5.997772543523733
    endloop
  endfacet
  facet normal 0.42755509343027254 -0.9039892931234478 0
    outer loop
      vertex 14.849438164979347 16.570595205269186 -11.85
      vertex 14.849438164979347 16.570595205269186 -5.999228348052335
      vertex 14.805359328613433 16.54974746830583 -6.0002525316941675
    endloop
  endfacet
  facet normal 0.33688985339222227 0.94154406518302 0
    outer loop
      vertex 14.849438164979347 13.429404794730813 -6.815376183244239
      vertex 14.849438164979347 13.429404794730813 7.350000000000001
      vertex 14.915959005757582 13.405603257313707 -6.797723760016728
    endloop
  endfacet
  facet normal 0.3368898533922187 0.9415440651830213 -1.9090061446841627e-17
    outer loop
      vertex 14.915959005757582 13.405603257313707 -6.797723760016728
      vertex 14.849438164979347 13.429404794730813 7.350000000000001
      vertex 15.006516048667415 13.373201429255245 -6.778302851669357
    endloop
  endfacet
  facet normal 0.24298017990326376 0.9700312531945441 0
    outer loop
      vertex 15.006516048667415 13.373201429255245 -6.778302851669357
      vertex 15.006516048667415 13.373201429255245 7.350000000000001
      vertex 15.168346452572582 13.332665023314508 -6.754006264974113
    endloop
  endfacet
  facet normal 0.14673047445535692 0.9891765099647817 0
    outer loop
      vertex 15.168346452572582 13.332665023314508 -6.754006264974113
      vertex 15.168346452572582 13.332665023314508 7.350000000000001
      vertex 15.333370861439747 13.308185964657266 -6.739334081856716
    endloop
  endfacet
  facet normal 0.3368898533922202 -0.9415440651830207 0
    outer loop
      vertex 14.849438164979347 16.570595205269186 -11.85
      vertex 15.006516048667415 16.626798570744754 -5.996467253760079
      vertex 14.849438164979347 16.570595205269186 -5.999228348052335
    endloop
  endfacet
  facet normal 0.2429801799032738 -0.9700312531945415 0
    outer loop
      vertex 15.006516048667415 16.626798570744754 -11.85
      vertex 15.168346452572582 16.667334976685492 -5.994475827835234
      vertex 15.006516048667415 16.626798570744754 -5.996467253760079
    endloop
  endfacet
  facet normal 0.1467304744553569 -0.9891765099647816 0
    outer loop
      vertex 15.168346452572582 16.667334976685492 -11.85
      vertex 15.333370861439747 16.691814035342734 -5.993273248798081
      vertex 15.168346452572582 16.667334976685492 -5.994475827835234
    endloop
  endfacet
  facet normal 0.5141027441932279 0.8577286100002685 0
    outer loop
      vertex 14.698625547395803 13.500733850607796 -6.868277416500472
      vertex 14.555530603866677 13.586501659085673 7.350000000000001
      vertex 14.698625547395803 13.500733850607796 7.350000000000001
    endloop
  endfacet
  facet normal 0.5956993044924199 0.8032075314806549 0
    outer loop
      vertex 14.555530603866677 13.586501659085673 -6.931887158510645
      vertex 14.5 13.627685961778209 7.350000000000001
      vertex 14.555530603866677 13.586501659085673 7.350000000000001
    endloop
  endfacet
  facet normal 0.4275550934302793 0.9039892931234447 0
    outer loop
      vertex 14.849438164979347 13.429404794730813 -6.815376183244239
      vertex 14.698625547395803 13.500733850607796 7.350000000000001
      vertex 14.849438164979347 13.429404794730813 7.350000000000001
    endloop
  endfacet
  facet normal 0.5956993044924493 -0.8032075314806328 3.0017915426025865e-17
    outer loop
      vertex 14.5 16.372314038221788 -3.1124722105989324
      vertex 14.54760810436082 16.407622614827968 -3.1072346780194815
      vertex 14.555530603866677 16.413498340914327 7.350000000000001
    endloop
  endfacet
  facet normal 0.5956993044924751 -0.8032075314806139 3.1430112369479764e-20
    outer loop
      vertex 14.54760810436082 16.407622614827968 -3.1072346780194815
      vertex 14.555530603866677 16.413498340914327 -3.1069460221067504
      vertex 14.555530603866677 16.413498340914327 7.350000000000001
    endloop
  endfacet
  facet normal 0.51410274419322 -0.8577286100002731 -2.2757323398281517e-19
    outer loop
      vertex 14.555530603866677 16.413498340914327 -3.1069460221067504
      vertex 14.698625547395803 16.499266149392202 -3.102732519864601
      vertex 14.698625547395803 16.499266149392202 7.350000000000001
    endloop
  endfacet
  facet normal 0.42755509343028214 -0.9039892931234432 -4.86702392992395e-17
    outer loop
      vertex 14.698625547395803 16.499266149392202 -3.102732519864601
      vertex 14.805359328613433 16.54974746830583 -3.100252531694167
      vertex 14.849438164979347 16.570595205269186 7.350000000000001
    endloop
  endfacet
  facet normal 0.42755509343027265 -0.903989293123448 -4.248782843641544e-20
    outer loop
      vertex 14.805359328613433 16.54974746830583 -3.100252531694167
      vertex 14.849438164979347 16.570595205269186 -3.1012767153359992
      vertex 14.849438164979347 16.570595205269186 7.350000000000001
    endloop
  endfacet
  facet normal 0.595699304492453 -0.8032075314806303 0
    outer loop
      vertex 14.5 16.372314038221788 -3.1124722105989324
      vertex 14.555530603866677 16.413498340914327 7.350000000000001
      vertex 14.5 16.372314038221788 7.350000000000001
    endloop
  endfacet
  facet normal 0.51410274419322 -0.8577286100002731 0
    outer loop
      vertex 14.555530603866677 16.413498340914327 -3.1069460221067504
      vertex 14.698625547395803 16.499266149392202 7.350000000000001
      vertex 14.555530603866677 16.413498340914327 7.350000000000001
    endloop
  endfacet
  facet normal 0.4275550934302793 -0.9039892931234446 0
    outer loop
      vertex 14.698625547395803 16.499266149392202 -3.102732519864601
      vertex 14.849438164979347 16.570595205269186 7.350000000000001
      vertex 14.698625547395803 16.499266149392202 7.350000000000001
    endloop
  endfacet
  facet normal 0.3368898533922203 0.9415440651830207 0
    outer loop
      vertex 15.006516048667415 13.373201429255245 -6.778302851669357
      vertex 14.849438164979347 13.429404794730813 7.350000000000001
      vertex 15.006516048667415 13.373201429255245 7.350000000000001
    endloop
  endfacet
  facet normal 0.24298017990326373 0.970031253194544 0
    outer loop
      vertex 15.168346452572582 13.332665023314508 -6.754006264974113
      vertex 15.006516048667415 13.373201429255245 7.350000000000001
      vertex 15.168346452572582 13.332665023314508 7.350000000000001
    endloop
  endfacet
  facet normal 0.3368898533922202 -0.9415440651830208 2.0097459519237873e-19
    outer loop
      vertex 14.849438164979347 16.570595205269186 -3.1012767153359992
      vertex 15.006516048667415 16.626798570744754 -3.1040378096282555
      vertex 15.006516048667415 16.626798570744754 7.350000000000001
    endloop
  endfacet
  facet normal 0.24298017990327378 -0.9700312531945415 -3.290732001169863e-20
    outer loop
      vertex 15.006516048667415 16.626798570744754 -3.1040378096282555
      vertex 15.168346452572582 16.667334976685492 -3.1060292355531005
      vertex 15.168346452572582 16.667334976685492 7.350000000000001
    endloop
  endfacet
  facet normal 0.3368898533922202 -0.9415440651830207 0
    outer loop
      vertex 14.849438164979347 16.570595205269186 -3.1012767153359992
      vertex 15.006516048667415 16.626798570744754 7.350000000000001
      vertex 14.849438164979347 16.570595205269186 7.350000000000001
    endloop
  endfacet
  facet normal 0.2429801799032738 -0.9700312531945415 0
    outer loop
      vertex 15.006516048667415 16.626798570744754 -3.1040378096282555
      vertex 15.168346452572582 16.667334976685492 7.350000000000001
      vertex 15.006516048667415 16.626798570744754 7.350000000000001
    endloop
  endfacet
  facet normal 0.14673047445535692 -0.9891765099647817 0
    outer loop
      vertex 15.168346452572582 16.667334976685492 -3.1060292355531005
      vertex 15.333370861439747 16.691814035342734 7.350000000000001
      vertex 15.168346452572582 16.667334976685492 7.350000000000001
    endloop
  endfacet
  facet normal 0.04906767432741786 0.9987954562051723 0
    outer loop
      vertex 15.333370861439747 13.308185964657266 -6.739334081856716
      vertex 15.333370861439747 13.308185964657266 7.350000000000001
      vertex 15.5 13.3 -6.734427603461215
    endloop
  endfacet
  facet normal -0.049067674327423115 0.9987954562051722 0
    outer loop
      vertex 15.5 13.3 -6.734427603461215
      vertex 15.5 13.3 7.350000000000001
      vertex 15.649999999999999 13.307369027465421 -6.738844428547657
    endloop
  endfacet
  facet normal 0.04906767432741108 -0.9987954562051727 0
    outer loop
      vertex 15.333370861439747 16.691814035342734 -11.85
      vertex 15.334557309201701 16.691872321783695 -5.993270385368852
      vertex 15.333370861439747 16.691814035342734 -5.993273248798081
    endloop
  endfacet
  facet normal 0.04906767432741792 -0.9987954562051724 -1.3869484071450413e-18
    outer loop
      vertex 15.333370861439747 16.691814035342734 -11.85
      vertex 15.5 16.7 -5.992064758194243
      vertex 15.334557309201701 16.691872321783695 -5.993270385368852
    endloop
  endfacet
  facet normal -0.049067674327411305 -0.9987954562051726 0
    outer loop
      vertex 15.5 16.7 -11.85
      vertex 15.649999999999999 16.69263097253458 -5.993157850160523
      vertex 15.5 16.7 -5.992064758194243
    endloop
  endfacet
  facet normal -0.04906767432741132 -0.9987954562051728 -6.466944403571871e-20
    outer loop
      vertex 15.5 16.7 -3.1084403051940908
      vertex 15.649999999999999 16.69263097253458 -3.107347213227811
      vertex 15.649999999999999 16.69263097253458 -0.73307974729129
    endloop
  endfacet
  facet normal 0.14673047445535692 0.9891765099647817 0
    outer loop
      vertex 15.333370861439747 13.308185964657266 -6.739334081856716
      vertex 15.168346452572582 13.332665023314508 7.350000000000001
      vertex 15.333370861439747 13.308185964657266 7.350000000000001
    endloop
  endfacet
  facet normal 0.04906767432741786 0.9987954562051724 0
    outer loop
      vertex 15.5 13.3 -6.734427603461215
      vertex 15.333370861439747 13.308185964657266 7.350000000000001
      vertex 15.5 13.3 7.350000000000001
    endloop
  endfacet
  facet normal -0.0490676743274231 0.9987954562051721 0
    outer loop
      vertex 15.649999999999999 13.307369027465421 -6.738844428547657
      vertex 15.5 13.3 7.350000000000001
      vertex 15.649999999999999 13.307369027465421 0.49543631840199925
    endloop
  endfacet
  facet normal -0.04906767432741787 0.9987954562051725 1.1500577405295874e-16
    outer loop
      vertex 15.649999999999999 13.307369027465421 0.49543631840199925
      vertex 15.5 13.3 7.350000000000001
      vertex 15.666629138560253 13.308185964657266 7.350000000000001
    endloop
  endfacet
  facet normal 0.14673047445535692 -0.9891765099647816 1.851091479540306e-19
    outer loop
      vertex 15.168346452572582 16.667334976685492 -3.1060292355531005
      vertex 15.333370861439747 16.691814035342734 -3.1072318145902527
      vertex 15.333370861439747 16.691814035342734 7.350000000000001
    endloop
  endfacet
  facet normal 0.0490676743274111 -0.9987954562051728 1.0825320879575334e-16
    outer loop
      vertex 15.333370861439747 16.691814035342734 -3.1072318145902527
      vertex 15.334557309201701 16.691872321783695 -3.1072346780194815
      vertex 15.5 16.7 7.350000000000001
    endloop
  endfacet
  facet normal 0.04906767432741792 -0.9987954562051723 -1.028470231103616e-20
    outer loop
      vertex 15.334557309201701 16.691872321783695 -3.1072346780194815
      vertex 15.5 16.7 -3.1084403051940908
      vertex 15.5 16.7 7.350000000000001
    endloop
  endfacet
  facet normal -0.04906767432740909 -0.9987954562051727 -1.399875851392948e-16
    outer loop
      vertex 15.5 16.7 -3.1084403051940908
      vertex 15.649999999999999 16.69263097253458 -0.73307974729129
      vertex 15.666629138560253 16.691814035342734 7.350000000000001
    endloop
  endfacet
  facet normal 0.04906767432741787 -0.9987954562051725 0
    outer loop
      vertex 15.333370861439747 16.691814035342734 -3.1072318145902527
      vertex 15.5 16.7 7.350000000000001
      vertex 15.333370861439747 16.691814035342734 7.350000000000001
    endloop
  endfacet
  facet normal -0.04906767432741786 -0.9987954562051724 0
    outer loop
      vertex 15.5 16.7 -3.1084403051940908
      vertex 15.666629138560253 16.691814035342734 7.350000000000001
      vertex 15.5 16.7 7.350000000000001
    endloop
  endfacet
  facet normal -0.04906767432737058 0.9987954562051746 -6.09757024969655e-21
    outer loop
      vertex 15.649999999999999 13.307369027465421 0.49543631840199925
      vertex 15.666629138560253 13.308185964657266 7.350000000000001
      vertex 15.666629138560253 13.308185964657266 0.49531513721689013
    endloop
  endfacet
  facet normal -0.1467304744553569 0.9891765099647816 0
    outer loop
      vertex 15.666629138560253 13.308185964657266 0.49531513721689013
      vertex 15.666629138560253 13.308185964657266 7.350000000000001
      vertex 15.831653547427418 13.332665023314508 0.491684011876959
    endloop
  endfacet
  facet normal -0.2429801799032638 0.970031253194544 0
    outer loop
      vertex 15.831653547427418 13.332665023314508 0.491684011876959
      vertex 15.831653547427418 13.332665023314508 7.350000000000001
      vertex 15.993483951332585 13.373201429255245 0.4856710040704845
    endloop
  endfacet
  facet normal -0.33688985339222044 0.9415440651830206 4.904644745109202e-19
    outer loop
      vertex 15.993483951332585 13.373201429255245 0.4856710040704845
      vertex 16.049999999999997 13.393423194814535 3.9958313096250135
      vertex 16.049999999999997 13.393423194814535 0.4826713885064782
    endloop
  endfacet
  facet normal -0.14673047445535692 0.9891765099647817 0
    outer loop
      vertex 15.831653547427418 13.332665023314508 0.491684011876959
      vertex 15.666629138560253 13.308185964657266 7.350000000000001
      vertex 15.831653547427418 13.332665023314508 7.350000000000001
    endloop
  endfacet
  facet normal -0.24298017990326376 0.9700312531945441 0
    outer loop
      vertex 15.993483951332585 13.373201429255245 0.4856710040704845
      vertex 15.831653547427418 13.332665023314508 7.350000000000001
      vertex 15.993483951332585 13.373201429255245 7.350000000000001
    endloop
  endfacet
  facet normal -0.3368898533922204 0.9415440651830206 8.2412110933704e-19
    outer loop
      vertex 15.993483951332585 13.373201429255245 0.4856710040704845
      vertex 16.049999999999997 13.393423194814535 6.08664067618808
      vertex 16.049999999999997 13.393423194814535 3.9958313096250135
    endloop
  endfacet
  facet normal -0.3368898533922204 0.9415440651830207 0
    outer loop
      vertex 15.993483951332585 13.373201429255245 0.4856710040704845
      vertex 15.993483951332585 13.373201429255245 7.350000000000001
      vertex 16.049999999999997 13.393423194814535 6.08664067618808
    endloop
  endfacet
  facet normal -0.3368898533922204 0.9415440651830207 0
    outer loop
      vertex 16.049999999999997 13.393423194814535 6.08664067618808
      vertex 15.993483951332585 13.373201429255245 7.350000000000001
      vertex 16.049999999999997 13.393423194814535 7.350000000000001
    endloop
  endfacet
  facet normal -0.04906767432747701 -0.9987954562051695 6.233792397186019e-21
    outer loop
      vertex 15.649999999999999 16.69263097253458 -0.73307974729129
      vertex 15.666629138560253 16.691814035342734 -0.7325900939822307
      vertex 15.666629138560253 16.691814035342734 7.350000000000001
    endloop
  endfacet
  facet normal -0.14673047445535692 -0.9891765099647817 -2.3992922245153143e-19
    outer loop
      vertex 15.666629138560253 16.691814035342734 -0.7325900939822307
      vertex 15.831653547427418 16.667334976685492 -0.7179179108648328
      vertex 15.831653547427418 16.667334976685492 7.350000000000001
    endloop
  endfacet
  facet normal -0.24298017990327375 -0.9700312531945415 4.2776740256546674e-20
    outer loop
      vertex 15.831653547427418 16.667334976685492 -0.7179179108648328
      vertex 15.993483951332585 16.626798570744754 -0.6936213241695877
      vertex 15.993483951332585 16.626798570744754 7.350000000000001
    endloop
  endfacet
  facet normal -0.3368898533922468 -0.9415440651830111 5.531040945218435e-16
    outer loop
      vertex 15.993483951332585 16.626798570744754 -0.6936213241695877
      vertex 16.049999999999997 16.606576805185462 -0.6815008643350253
      vertex 16.049999999999997 16.606576805185465 5.363270083705639
    endloop
  endfacet
  facet normal -0.14673047445535692 -0.9891765099647817 0
    outer loop
      vertex 15.666629138560253 16.691814035342734 -0.7325900939822307
      vertex 15.831653547427418 16.667334976685492 7.350000000000001
      vertex 15.666629138560253 16.691814035342734 7.350000000000001
    endloop
  endfacet
  facet normal -0.2429801799032738 -0.9700312531945415 0
    outer loop
      vertex 15.831653547427418 16.667334976685492 -0.7179179108648328
      vertex 15.993483951332585 16.626798570744754 7.350000000000001
      vertex 15.831653547427418 16.667334976685492 7.350000000000001
    endloop
  endfacet
  facet normal -0.3368898533921942 -0.94154406518303 0
    outer loop
      vertex 15.993483951332585 16.626798570744754 -0.6936213241695877
      vertex 16.049999999999997 16.606576805185465 5.363270083705639
      vertex 15.993483951332585 16.626798570744754 7.350000000000001
    endloop
  endfacet
  facet normal -0.33688985339219424 -0.94154406518303 0
    outer loop
      vertex 16.049999999999997 16.606576805185465 7.350000000000001
      vertex 15.993483951332585 16.626798570744754 7.350000000000001
      vertex 16.049999999999997 16.606576805185465 5.363270083705639
    endloop
  endfacet
  facet normal 0 0 -1
    outer loop
      vertex 13.135544380292963 12.849482316989198 -11.85
      vertex 13.111102715518868 13.347003832999082 -11.85
      vertex 13.16219020568206 13.334207082884301 -11.85
    endloop
  endfacet
  facet normal 0 0 -1
    outer loop
      vertex 12.936142286856441 16.908405174290987 -11.85
      vertex 12.9 16.588686519119737 -11.85
      vertex 12.9 16.859672941788617 -11.85
    endloop
  endfacet
  facet normal 0 0 -1
    outer loop
      vertex 12.95095340497493 16.606917938940224 -11.85
      vertex 12.9 16.588686519119737 -11.85
      vertex 12.936142286856441 16.908405174290987 -11.85
    endloop
  endfacet
  facet normal 0 0 -1
    outer loop
      vertex 13.186345150945407 16.67000483138303 -11.85
      vertex 13.237258300203047 17.148230163950988 -11.85
      vertex 13.230141272767828 16.67650137236391 -11.85
    endloop
  endfacet
  facet normal 0 0 -1
    outer loop
      vertex 13.186345150945407 16.67000483138303 -11.85
      vertex 13.186345150945407 17.206567696062002 -11.85
      vertex 13.237258300203047 17.148230163950988 -11.85
    endloop
  endfacet
  facet normal 0 0 -1
    outer loop
      vertex 13.186345150945407 17.206567696062002 -11.85
      vertex 13.231921955736006 17.256853950985626 -11.85
      vertex 13.237258300203047 17.148230163950988 -11.85
    endloop
  endfacet
  facet normal 0 0 -1
    outer loop
      vertex 13.511326586618075 16.699443560480812 -11.85
      vertex 13.5 16.861778437367494 -11.85
      vertex 13.573868552517872 16.696371070717767 -11.85
    endloop
  endfacet
  facet normal 0 0 -1
    outer loop
      vertex 13.5 16.861778437367494 -11.85
      vertex 13.5 17.49592636062078 -11.85
      vertex 13.533372976994478 17.520677447239457 -11.85
    endloop
  endfacet
  facet normal 0 0 -1
    outer loop
      vertex 13.5 16.861778437367494 -11.85
      vertex 13.533372976994478 17.520677447239457 -11.85
      vertex 13.573868552517872 16.696371070717767 -11.85
    endloop
  endfacet
  facet normal 0 0 -1
    outer loop
      vertex 13.813654849054593 16.67000483138303 -11.85
      vertex 13.836039057426719 17.72895009652126 -11.85
      vertex 13.831653547427418 16.667334976685492 -11.85
    endloop
  endfacet
  facet normal 0 0 -1
    outer loop
      vertex 13.813654849054593 16.67000483138303 -11.85
      vertex 13.813654849054593 17.715533518344277 -11.85
      vertex 13.836039057426719 17.72895009652126 -11.85
    endloop
  endfacet
  facet normal 0 0 -1
    outer loop
      vertex 13.831653547427418 16.667334976685492 -11.85
      vertex 13.836039057426719 17.72895009652126 -11.85
      vertex 13.888897284481132 16.652996167000918 -11.85
    endloop
  endfacet
  facet normal 0 0 -1
    outer loop
      vertex 14.399999999999999 12.526287182794267 -11.85
      vertex 14.350676773425802 13.530284524485252 -11.85
      vertex 14.399999999999999 13.559847728788593 -11.85
    endloop
  endfacet
  facet normal 0 0 -1
    outer loop
      vertex 14.12428903045161 16.579995765058968 -11.85
      vertex 14.12428903045161 17.884938181875235 -11.85
      vertex 14.136463480767151 17.890696268040326 -11.85
    endloop
  endfacet
  facet normal 0 0 -1
    outer loop
      vertex 14.12428903045161 16.579995765058968 -11.85
      vertex 14.136463480767151 17.890696268040326 -11.85
      vertex 14.150561835020653 16.570595205269186 -11.85
    endloop
  endfacet
  facet normal 0 0 -1
    outer loop
      vertex 14.150561835020653 16.570595205269186 -11.85
      vertex 14.136463480767151 17.890696268040326 -11.85
      vertex 14.202523224240087 16.546019298462014 -11.85
    endloop
  endfacet
  facet normal 0 0 -1
    outer loop
      vertex 14.428910967214279 16.422823704332732 -11.85
      vertex 14.428910967214279 18.011336949036174 -11.85
      vertex 14.444469396133323 16.413498340914327 -11.85
    endloop
  endfacet
  facet normal 0 0 -1
    outer loop
      vertex 14.444469396133323 16.413498340914327 -11.85
      vertex 14.428910967214279 18.011336949036174 -11.85
      vertex 14.5 18.036773011689622 -11.85
    endloop
  endfacet
  facet normal 0 0 1
    outer loop
      vertex 14.5 11.963226988310378 -14.45
      vertex 14.571089032785721 11.937790925656932 -14.45
      vertex 14.573632936445657 11.989573274247823 -14.45
    endloop
  endfacet
  facet normal 0.3368898533922094 0.9415440651830246 0
    outer loop
      vertex 14.5 11.963226988310378 -14.45
      vertex 14.5 11.963226988310378 -12.727724002919068
      vertex 14.571089032785721 11.937790925656932 -14.45
    endloop
  endfacet
  facet normal 0.3368898533922094 0.9415440651830245 0
    outer loop
      vertex 14.571089032785721 11.937790925656932 -14.45
      vertex 14.5 11.963226988310378 -12.727724002919068
      vertex 14.571089032785721 11.937790925656932 -12.731497086391855
    endloop
  endfacet
  facet normal 0.24298017990326232 0.9700312531945444 0
    outer loop
      vertex 14.571089032785721 11.937790925656932 -14.45
      vertex 14.571089032785721 11.937790925656932 -12.731497086391855
      vertex 14.647880333902435 11.918555706071071 -12.73435036168464
    endloop
  endfacet
  facet normal 0 0 1
    outer loop
      vertex 14.573632936445657 11.989573274247823 -14.45
      vertex 14.698625547395803 13.500733850607796 -14.45
      vertex 14.649323226574198 13.530284524485252 -14.45
    endloop
  endfacet
  facet normal 0 0 1
    outer loop
      vertex 14.571089032785721 11.937790925656932 -14.45
      vertex 14.87571096954839 11.861487102709663 -14.45
      vertex 14.573632936445657 11.989573274247823 -14.45
    endloop
  endfacet
  facet normal 0 0 1
    outer loop
      vertex 14.573632936445657 11.989573274247823 -14.45
      vertex 14.87571096954839 12.115061818124763 -14.45
      vertex 14.698625547395803 13.500733850607796 -14.45
    endloop
  endfacet
  facet normal 0.24298017990326362 0.9700312531945442 -6.0769506242145e-17
    outer loop
      vertex 14.571089032785721 11.937790925656932 -14.45
      vertex 14.647880333902435 11.918555706071071 -12.73435036168464
      vertex 14.87571096954839 11.861487102709663 -14.45
    endloop
  endfacet
  facet normal 0 0 1
    outer loop
      vertex 14.573632936445657 11.989573274247823 -14.45
      vertex 14.87571096954839 11.861487102709663 -14.45
      vertex 14.87571096954839 12.115061818124763 -14.45
    endloop
  endfacet
  facet normal 0.24298017990326407 0.970031253194544 0
    outer loop
      vertex 14.87571096954839 11.861487102709663 -14.45
      vertex 14.647880333902435 11.918555706071071 -12.73435036168464
      vertex 14.87571096954839 11.861487102709663 -12.737153962388529
    endloop
  endfacet
  facet normal 0 0 1
    outer loop
      vertex 14.87571096954839 12.115061818124763 -14.45
      vertex 14.849438164979347 13.429404794730813 -14.45
      vertex 14.698625547395803 13.500733850607796 -14.45
    endloop
  endfacet
  facet normal 0 0 1
    outer loop
      vertex 14.87571096954839 12.115061818124763 -14.45
      vertex 14.87571096954839 13.42000423494103 -14.45
      vertex 14.849438164979347 13.429404794730813 -14.45
    endloop
  endfacet
  facet normal 0 0 1
    outer loop
      vertex 14.5 18.036773011689622 -14.45
      vertex 14.568633017048548 18.012215725518573 -14.45
      vertex 14.571089032785721 18.06220907434307 -14.45
    endloop
  endfacet
  facet normal 0 0 1
    outer loop
      vertex 14.568642655282735 17.999735062219234 -14.45
      vertex 14.571089032785721 18.06220907434307 -14.45
      vertex 14.568633017048548 18.012215725518573 -14.45
    endloop
  endfacet
  facet normal 0.33688985339223027 -0.9415440651830171 0
    outer loop
      vertex 14.5 18.036773011689622 -14.45
      vertex 14.571089032785721 18.06220907434307 -14.45
      vertex 14.5 18.036773011689622 -11.85
    endloop
  endfacet
  facet normal 0 0 1
    outer loop
      vertex 14.568642655282735 17.999735062219234 -14.45
      vertex 14.87571096954839 18.138512897290337 -14.45
      vertex 14.571089032785721 18.06220907434307 -14.45
    endloop
  endfacet
  facet normal 0.24298017990325832 -0.9700312531945454 0
    outer loop
      vertex 14.571089032785721 18.06220907434307 -14.45
      vertex 14.87571096954839 18.138512897290337 -14.45
      vertex 14.571089032785721 18.06220907434307 -11.85
    endloop
  endfacet
  facet normal 0 0 -1
    outer loop
      vertex 14.444469396133323 16.413498340914327 -11.85
      vertex 14.571089032785721 18.06220907434307 -11.85
      vertex 14.5 16.372314038221788 -11.85
    endloop
  endfacet
  facet normal 0 0 -1
    outer loop
      vertex 14.5 16.372314038221788 -11.85
      vertex 14.571089032785721 18.06220907434307 -11.85
      vertex 14.555530603866677 16.413498340914327 -11.85
    endloop
  endfacet
  facet normal 0 0 -1
    outer loop
      vertex 14.555530603866677 16.413498340914327 -11.85
      vertex 14.571089032785721 18.06220907434307 -11.85
      vertex 14.698625547395803 16.499266149392202 -11.85
    endloop
  endfacet
  facet normal 0.33688985339223027 -0.9415440651830171 0
    outer loop
      vertex 14.571089032785721 18.06220907434307 -14.45
      vertex 14.571089032785721 18.06220907434307 -11.85
      vertex 14.5 18.036773011689622 -11.85
    endloop
  endfacet
  facet normal 0 0 -1
    outer loop
      vertex 14.444469396133323 16.413498340914327 -11.85
      vertex 14.5 18.036773011689622 -11.85
      vertex 14.571089032785721 18.06220907434307 -11.85
    endloop
  endfacet
  facet normal 0 0 -1
    outer loop
      vertex 14.698625547395803 16.499266149392202 -11.85
      vertex 14.571089032785721 18.06220907434307 -11.85
      vertex 14.849438164979347 16.570595205269186 -11.85
    endloop
  endfacet
  facet normal 0 0 -1
    outer loop
      vertex 14.849438164979347 16.570595205269186 -11.85
      vertex 14.571089032785721 18.06220907434307 -11.85
      vertex 14.87571096954839 18.138512897290337 -11.85
    endloop
  endfacet
  facet normal 0.24298017990325832 -0.9700312531945454 0
    outer loop
      vertex 14.87571096954839 18.138512897290337 -14.45
      vertex 14.87571096954839 18.138512897290337 -11.85
      vertex 14.571089032785721 18.06220907434307 -11.85
    endloop
  endfacet
  facet normal 0 0 1
    outer loop
      vertex 14.87571096954839 11.861487102709663 -14.45
      vertex 14.88846463126491 12.12109385088031 -14.45
      vertex 14.87571096954839 12.115061818124763 -14.45
    endloop
  endfacet
  facet normal 0 0 1
    outer loop
      vertex 14.87571096954839 11.861487102709663 -14.45
      vertex 15.186345150945407 11.81540887464897 -14.45
      vertex 14.88846463126491 12.12109385088031 -14.45
    endloop
  endfacet
  facet normal 0.14673047445536447 0.9891765099647806 0
    outer loop
      vertex 14.87571096954839 11.861487102709663 -14.45
      vertex 14.87571096954839 11.861487102709663 -12.737153962388529
      vertex 15.186345150945407 11.81540887464897 -14.45
    endloop
  endfacet
  facet normal 0 0 1
    outer loop
      vertex 14.88846463126491 12.12109385088031 -14.45
      vertex 15.186345150945407 12.284466481655722 -14.45
      vertex 14.95095340497493 13.393082061059776 -14.45
    endloop
  endfacet
  facet normal 0 0 1
    outer loop
      vertex 14.95095340497493 13.393082061059776 -14.45
      vertex 15.186345150945407 12.284466481655722 -14.45
      vertex 15.006516048667415 13.373201429255245 -14.45
    endloop
  endfacet
  facet normal 0 0 1
    outer loop
      vertex 14.88846463126491 12.12109385088031 -14.45
      vertex 15.186345150945407 11.81540887464897 -14.45
      vertex 15.186345150945407 12.284466481655722 -14.45
    endloop
  endfacet
  facet normal 0.14673047445536447 0.9891765099647806 1.4651095876561234e-18
    outer loop
      vertex 14.87571096954839 11.861487102709663 -12.737153962388529
      vertex 15.186345150945407 11.81540887464897 -12.73941764057611
      vertex 15.186345150945407 11.81540887464897 -14.45
    endloop
  endfacet
  facet normal 0 0 1
    outer loop
      vertex 15.006516048667415 13.373201429255245 -14.45
      vertex 15.186345150945407 12.284466481655722 -14.45
      vertex 15.168346452572582 13.332665023314508 -14.45
    endloop
  endfacet
  facet normal 0 0 1
    outer loop
      vertex 15.186345150945407 11.81540887464897 -14.45
      vertex 15.210087581284279 12.298697146750392 -14.45
      vertex 15.186345150945407 12.284466481655722 -14.45
    endloop
  endfacet
  facet normal 0 0 1
    outer loop
      vertex 15.186345150945407 12.284466481655722 -14.45
      vertex 15.186345150945407 13.32999516861697 -14.45
      vertex 15.168346452572582 13.332665023314508 -14.45
    endloop
  endfacet
  facet normal 0 0 1
    outer loop
      vertex 14.568642655282735 17.999735062219234 -14.45
      vertex 15.186345150945407 18.18459112535103 -14.45
      vertex 14.87571096954839 18.138512897290337 -14.45
    endloop
  endfacet
  facet normal 0.14673047445536444 -0.9891765099647807 0
    outer loop
      vertex 14.87571096954839 18.138512897290337 -14.45
      vertex 15.186345150945407 18.18459112535103 -14.45
      vertex 14.87571096954839 18.138512897290337 -11.85
    endloop
  endfacet
  facet normal 0 0 1
    outer loop
      vertex 14.568642655282735 17.999735062219234 -14.45
      vertex 15.5 18.2 -14.45
      vertex 15.186345150945407 18.18459112535103 -14.45
    endloop
  endfacet
  facet normal 0 0 1
    outer loop
      vertex 14.568642655282735 17.999735062219234 -14.45
      vertex 15.649999999999999 18.19263097253458 -14.45
      vertex 15.5 18.2 -14.45
    endloop
  endfacet
  facet normal 0 0 -1
    outer loop
      vertex 14.849438164979347 16.570595205269186 -11.85
      vertex 14.87571096954839 18.138512897290337 -11.85
      vertex 15.006516048667415 16.626798570744754 -11.85
    endloop
  endfacet
  facet normal 0 0 -1
    outer loop
      vertex 15.006516048667415 16.626798570744754 -11.85
      vertex 14.87571096954839 18.138512897290337 -11.85
      vertex 15.168346452572582 16.667334976685492 -11.85
    endloop
  endfacet
  facet normal 0 0 -1
    outer loop
      vertex 15.168346452572582 16.667334976685492 -11.85
      vertex 15.186345150945407 18.18459112535103 -11.85
      vertex 15.333370861439747 16.691814035342734 -11.85
    endloop
  endfacet
  facet normal 0.14673047445536444 -0.9891765099647807 0
    outer loop
      vertex 15.186345150945407 18.18459112535103 -14.45
      vertex 15.186345150945407 18.18459112535103 -11.85
      vertex 14.87571096954839 18.138512897290337 -11.85
    endloop
  endfacet
  facet normal 0 0 -1
    outer loop
      vertex 14.87571096954839 18.138512897290337 -11.85
      vertex 15.186345150945407 18.18459112535103 -11.85
      vertex 15.168346452572582 16.667334976685492 -11.85
    endloop
  endfacet
  facet normal 0 0 1
    outer loop
      vertex 15.186345150945407 11.81540887464897 -14.45
      vertex 15.5 11.8 -14.45
      vertex 15.210087581284279 12.298697146750392 -14.45
    endloop
  endfacet
  facet normal 0 0 1
    outer loop
      vertex 15.5 11.8 -14.45
      vertex 15.26021370346328 13.319037803931204 -14.45
      vertex 15.210087581284279 12.298697146750392 -14.45
    endloop
  endfacet
  facet normal 0.04906767432741541 0.9987954562051726 0
    outer loop
      vertex 15.186345150945407 11.81540887464897 -14.45
      vertex 15.186345150945407 11.81540887464897 -12.73941764057611
      vertex 15.5 11.8 -14.45
    endloop
  endfacet
  facet normal 0.04906767432741541 0.9987954562051725 0
    outer loop
      vertex 15.5 11.8 -14.45
      vertex 15.186345150945407 11.81540887464897 -12.73941764057611
      vertex 15.5 11.8 -12.740174630046107
    endloop
  endfacet
  facet normal 0 0 1
    outer loop
      vertex 15.5 11.8 -14.45
      vertex 15.333370861439747 13.308185964657266 -14.45
      vertex 15.26021370346328 13.319037803931204 -14.45
    endloop
  endfacet
  facet normal 0 0 1
    outer loop
      vertex 15.5 11.8 -14.45
      vertex 15.649999999999999 11.80736902746542 -14.45
      vertex 15.333370861439747 13.308185964657266 -14.45
    endloop
  endfacet
  facet normal -0.04906767432741131 0.9987954562051727 0
    outer loop
      vertex 15.5 11.8 -14.45
      vertex 15.5 11.8 -12.740174630046107
      vertex 15.649999999999999 11.80736902746542 -14.45
    endloop
  endfacet
  facet normal 0 0 1
    outer loop
      vertex 15.333370861439747 13.308185964657266 -14.45
      vertex 15.649999999999999 11.80736902746542 -14.45
      vertex 15.5 13.3 -14.45
    endloop
  endfacet
  facet normal -0.04906767432741132 0.9987954562051727 8.978113052175173e-20
    outer loop
      vertex 15.5 11.8 -12.740174630046107
      vertex 15.649999999999999 11.80736902746542 -12.739812612940867
      vertex 15.649999999999999 11.80736902746542 -14.45
    endloop
  endfacet
  facet normal 0 0 1
    outer loop
      vertex 15.5 13.3 -14.45
      vertex 15.649999999999999 11.80736902746542 -14.45
      vertex 15.649999999999999 13.307369027465421 -14.45
    endloop
  endfacet
  facet normal 0 0 1
    outer loop
      vertex 14.568642655282735 17.999735062219234 -14.45
      vertex 15.649999999999999 17.999735062219234 -14.45
      vertex 15.649999999999999 18.19263097253458 -14.45
    endloop
  endfacet
  facet normal 0.049067674327415406 -0.9987954562051725 0
    outer loop
      vertex 15.186345150945407 18.18459112535103 -14.45
      vertex 15.5 18.2 -14.45
      vertex 15.186345150945407 18.18459112535103 -11.85
    endloop
  endfacet
  facet normal -0.04906767432741131 -0.9987954562051727 0
    outer loop
      vertex 15.5 18.2 -14.45
      vertex 15.649999999999999 18.19263097253458 -14.45
      vertex 15.5 18.2 -11.85
    endloop
  endfacet
  facet normal 0 0 -1
    outer loop
      vertex 15.333370861439747 16.691814035342734 -11.85
      vertex 15.186345150945407 18.18459112535103 -11.85
      vertex 15.5 16.7 -11.85
    endloop
  endfacet
  facet normal 0.049067674327415406 -0.9987954562051725 0
    outer loop
      vertex 15.5 18.2 -14.45
      vertex 15.5 18.2 -11.85
      vertex 15.186345150945407 18.18459112535103 -11.85
    endloop
  endfacet
  facet normal 0 0 -1
    outer loop
      vertex 15.5 16.7 -11.85
      vertex 15.186345150945407 18.18459112535103 -11.85
      vertex 15.5 18.2 -11.85
    endloop
  endfacet
  facet normal 0 0 -1
    outer loop
      vertex 15.5 16.7 -11.85
      vertex 15.649999999999999 18.19263097253458 -11.85
      vertex 15.649999999999999 16.69263097253458 -11.85
    endloop
  endfacet
  facet normal 0 0 -1
    outer loop
      vertex 15.5 16.7 -11.85
      vertex 15.5 18.2 -11.85
      vertex 15.649999999999999 18.19263097253458 -11.85
    endloop
  endfacet
  facet normal -0.04906767432741131 -0.9987954562051727 0
    outer loop
      vertex 15.649999999999999 18.19263097253458 -14.45
      vertex 15.649999999999999 18.19263097253458 -11.85
      vertex 15.5 18.2 -11.85
    endloop
  endfacet
  facet normal 0 0.1467304744553734 0.9891765099647792
    outer loop
      vertex 12.950000000000001 -2.2926354830241924 -10.971177920604845
      vertex 12.9 -2.147025710494341 -10.992777090008296
      vertex 12.9 -2.2926354830241924 -10.971177920604845
    endloop
  endfacet
  facet normal 2.0811449649127757e-17 0.1467304744553734 0.9891765099647792
    outer loop
      vertex 12.950000000000001 -2.2926354830241924 -10.971177920604845
      vertex 12.950000000000001 -2.147025710494341 -10.992777090008296
      vertex 12.9 -2.147025710494341 -10.992777090008296
    endloop
  endfacet
  facet normal 0 0.7409511253549593 0.6715589548470181
    outer loop
      vertex 12.950000000000001 -3.1595156800441053 -10.451589926245468
      vertex 12.9 -3.0606601717798214 -10.560660171779821
      vertex 12.9 -3.1595156800441053 -10.451589926245468
    endloop
  endfacet
  facet normal 0 0.903989293123443 0.42755509343028275
    outer loop
      vertex 12.950000000000001 -3.38581929876693 -10.074025148547635
      vertex 12.9 -3.3228818965225324 -10.207095105238997
      vertex 12.9 -3.38581929876693 -10.074025148547635
    endloop
  endfacet
  facet normal 0 0.9415440651830213 0.3368898533922187
    outer loop
      vertex 12.950000000000001 -3.4354105035983133 -9.935427015881693
      vertex 12.9 -3.38581929876693 -10.074025148547635
      vertex 12.9 -3.4354105035983133 -9.935427015881693
    endloop
  endfacet
  facet normal 0 0.8577286100002722 0.5141027441932214
    outer loop
      vertex 12.950000000000001 -3.3228818965225324 -10.207095105238997
      vertex 12.9 -3.247204418453818 -10.333355349529404
      vertex 12.9 -3.3228818965225324 -10.207095105238997
    endloop
  endfacet
  facet normal 0 0.8032075314806435 0.5956993044924352
    outer loop
      vertex 12.950000000000001 -3.247204418453818 -10.333355349529404
      vertex 12.9 -3.1595156800441053 -10.451589926245468
      vertex 12.9 -3.247204418453818 -10.333355349529404
    endloop
  endfacet
  facet normal 0 0.9415440651830213 0.3368898533922187
    outer loop
      vertex 12.950000000000001 -3.38581929876693 -10.074025148547635
      vertex 12.9 -3.38581929876693 -10.074025148547635
      vertex 12.950000000000001 -3.4354105035983133 -9.935427015881693
    endloop
  endfacet
  facet normal 7.03112677447333e-17 0.8577286100002722 0.5141027441932214
    outer loop
      vertex 12.950000000000001 -3.3228818965225324 -10.207095105238997
      vertex 12.950000000000001 -3.247204418453818 -10.333355349529404
      vertex 12.9 -3.247204418453818 -10.333355349529404
    endloop
  endfacet
  facet normal 1.3505867054226262e-17 0.8032075314806435 0.5956993044924352
    outer loop
      vertex 12.950000000000001 -3.247204418453818 -10.333355349529404
      vertex 12.950000000000001 -3.1595156800441053 -10.451589926245468
      vertex 12.9 -3.1595156800441053 -10.451589926245468
    endloop
  endfacet
  facet normal 0 0.903989293123443 0.42755509343028275
    outer loop
      vertex 12.950000000000001 -3.3228818965225324 -10.207095105238997
      vertex 12.9 -3.3228818965225324 -10.207095105238997
      vertex 12.950000000000001 -3.38581929876693 -10.074025148547635
    endloop
  endfacet
  facet normal 0 0.9700312531945441 0.24298017990326345
    outer loop
      vertex 12.950000000000001 -3.4711779206048456 -9.792635483024192
      vertex 12.9 -3.4354105035983133 -9.935427015881693
      vertex 12.9 -3.4711779206048456 -9.792635483024192
    endloop
  endfacet
  facet normal 0 0.9891765099647808 0.1467304744553629
    outer loop
      vertex 12.950000000000001 -3.4927770900082953 -9.647025710494342
      vertex 12.9 -3.4711779206048456 -9.792635483024192
      vertex 12.9 -3.4927770900082953 -9.647025710494342
    endloop
  endfacet
  facet normal 0 0.9987954562051724 0.04906767432741805
    outer loop
      vertex 12.950000000000001 -3.5 -9.5
      vertex 12.9 -3.4927770900082953 -9.647025710494342
      vertex 12.9 -3.5 -9.5
    endloop
  endfacet
  facet normal 0 0.9700312531945441 0.24298017990326345
    outer loop
      vertex 12.950000000000001 -3.4354105035983133 -9.935427015881693
      vertex 12.9 -3.4354105035983133 -9.935427015881693
      vertex 12.950000000000001 -3.4711779206048456 -9.792635483024192
    endloop
  endfacet
  facet normal 0 0.9891765099647808 0.1467304744553629
    outer loop
      vertex 12.950000000000001 -3.4711779206048456 -9.792635483024192
      vertex 12.9 -3.4711779206048456 -9.792635483024192
      vertex 12.950000000000001 -3.4927770900082953 -9.647025710494342
    endloop
  endfacet
  facet normal 0 0.9987954562051724 0.04906767432741805
    outer loop
      vertex 12.950000000000001 -3.4927770900082953 -9.647025710494342
      vertex 12.9 -3.4927770900082953 -9.647025710494342
      vertex 12.950000000000001 -3.5 -9.5
    endloop
  endfacet
  facet normal 0 0.9987954562051724 -0.04906767432741805
    outer loop
      vertex 12.950000000000001 -3.5 -9.5
      vertex 12.9 -3.5 -9.5
      vertex 12.950000000000001 -3.4927770900082953 -9.352974289505658
    endloop
  endfacet
  facet normal 0 0.9987954562051724 -0.04906767432741805
    outer loop
      vertex 12.950000000000001 -3.4927770900082953 -9.352974289505658
      vertex 12.9 -3.5 -9.5
      vertex 12.9 -3.4927770900082953 -9.352974289505658
    endloop
  endfacet
  facet normal 0 0.9891765099647808 -0.1467304744553629
    outer loop
      vertex 12.950000000000001 -3.4711779206048456 -9.207364516975808
      vertex 12.9 -3.4927770900082953 -9.352974289505658
      vertex 12.9 -3.4711779206048456 -9.207364516975808
    endloop
  endfacet
  facet normal 0 0.9700312531945441 -0.24298017990326345
    outer loop
      vertex 12.950000000000001 -3.4354105035983133 -9.064572984118307
      vertex 12.9 -3.4711779206048456 -9.207364516975808
      vertex 12.9 -3.4354105035983133 -9.064572984118307
    endloop
  endfacet
  facet normal 0 0.9415440651830213 -0.3368898533922187
    outer loop
      vertex 12.950000000000001 -3.38581929876693 -8.925974851452365
      vertex 12.9 -3.4354105035983133 -9.064572984118307
      vertex 12.9 -3.38581929876693 -8.925974851452365
    endloop
  endfacet
  facet normal 0 0.9891765099647808 -0.1467304744553629
    outer loop
      vertex 12.950000000000001 -3.4927770900082953 -9.352974289505658
      vertex 12.9 -3.4927770900082953 -9.352974289505658
      vertex 12.950000000000001 -3.4711779206048456 -9.207364516975808
    endloop
  endfacet
  facet normal 0 0.9700312531945441 -0.24298017990326345
    outer loop
      vertex 12.950000000000001 -3.4711779206048456 -9.207364516975808
      vertex 12.9 -3.4711779206048456 -9.207364516975808
      vertex 12.950000000000001 -3.4354105035983133 -9.064572984118307
    endloop
  endfacet
  facet normal 0 0.9415440651830213 -0.3368898533922187
    outer loop
      vertex 12.950000000000001 -3.4354105035983133 -9.064572984118307
      vertex 12.9 -3.4354105035983133 -9.064572984118307
      vertex 12.950000000000001 -3.38581929876693 -8.925974851452365
    endloop
  endfacet
  facet normal -1 0 0
    outer loop
      vertex 12.950000000000001 -3.38581929876693 -10.074025148547635
      vertex 12.950000000000001 -3.4354105035983133 -9.935427015881693
      vertex 12.950000000000001 -3.4354105035983133 -9.064572984118307
    endloop
  endfacet
  facet normal -1 0 0
    outer loop
      vertex 12.950000000000001 -3.3228818965225324 -10.207095105238997
      vertex 12.950000000000001 -3.38581929876693 -10.074025148547635
      vertex 12.950000000000001 -3.38581929876693 -8.925974851452365
    endloop
  endfacet
  facet normal -1 0 0
    outer loop
      vertex 12.950000000000001 -3.4927770900082953 -9.647025710494342
      vertex 12.950000000000001 -3.5 -9.5
      vertex 12.950000000000001 -3.4927770900082953 -9.352974289505658
    endloop
  endfacet
  facet normal -1 0 0
    outer loop
      vertex 12.950000000000001 -3.4354105035983133 -9.935427015881693
      vertex 12.950000000000001 -3.4711779206048456 -9.792635483024192
      vertex 12.950000000000001 -3.4711779206048456 -9.207364516975808
    endloop
  endfacet
  facet normal -1 0 0
    outer loop
      vertex 12.950000000000001 -3.4711779206048456 -9.792635483024192
      vertex 12.950000000000001 -3.4927770900082953 -9.647025710494342
      vertex 12.950000000000001 -3.4927770900082953 -9.352974289505658
    endloop
  endfacet
  facet normal -1 0 0
    outer loop
      vertex 12.950000000000001 -3.4711779206048456 -9.792635483024192
      vertex 12.950000000000001 -3.4927770900082953 -9.352974289505658
      vertex 12.950000000000001 -3.4711779206048456 -9.207364516975808
    endloop
  endfacet
  facet normal -1 0 0
    outer loop
      vertex 12.950000000000001 -3.3228818965225324 -10.207095105238997
      vertex 12.950000000000001 -3.3228818965225324 -8.792904894761003
      vertex 12.950000000000001 -3.247204418453818 -10.333355349529404
    endloop
  endfacet
  facet normal -1 0 0
    outer loop
      vertex 12.950000000000001 -3.247204418453818 -10.333355349529404
      vertex 12.950000000000001 -3.247204418453818 -8.666644650470596
      vertex 12.950000000000001 -3.1595156800441053 -10.451589926245468
    endloop
  endfacet
  facet normal -1 0 0
    outer loop
      vertex 12.950000000000001 -3.1595156800441053 -10.451589926245468
      vertex 12.950000000000001 -3.1595156800441053 -8.548410073754532
      vertex 12.950000000000001 -3.0606601717798214 -10.560660171779821
    endloop
  endfacet
  facet normal -1 0 0
    outer loop
      vertex 12.950000000000001 -3.4354105035983133 -9.935427015881693
      vertex 12.950000000000001 -3.4711779206048456 -9.207364516975808
      vertex 12.950000000000001 -3.4354105035983133 -9.064572984118307
    endloop
  endfacet
  facet normal -1 0 0
    outer loop
      vertex 12.950000000000001 -3.38581929876693 -10.074025148547635
      vertex 12.950000000000001 -3.4354105035983133 -9.064572984118307
      vertex 12.950000000000001 -3.38581929876693 -8.925974851452365
    endloop
  endfacet
  facet normal -1 0 0
    outer loop
      vertex 12.950000000000001 -3.3228818965225324 -10.207095105238997
      vertex 12.950000000000001 -3.38581929876693 -8.925974851452365
      vertex 12.950000000000001 -3.3228818965225324 -8.792904894761003
    endloop
  endfacet
  facet normal -1 0 0
    outer loop
      vertex 12.950000000000001 -3.247204418453818 -10.333355349529404
      vertex 12.950000000000001 -3.3228818965225324 -8.792904894761003
      vertex 12.950000000000001 -3.247204418453818 -8.666644650470596
    endloop
  endfacet
  facet normal -1 0 0
    outer loop
      vertex 12.950000000000001 -3.1595156800441053 -10.451589926245468
      vertex 12.950000000000001 -3.247204418453818 -8.666644650470596
      vertex 12.950000000000001 -3.1595156800441053 -8.548410073754532
    endloop
  endfacet
  facet normal 0 0.6715589548470183 0.7409511253549591
    outer loop
      vertex 12.950000000000001 -3.0606601717798214 -10.560660171779821
      vertex 12.9 -2.951589926245468 -10.659515680044105
      vertex 12.9 -3.0606601717798214 -10.560660171779821
    endloop
  endfacet
  facet normal 0 0.5956993044924319 0.803207531480646
    outer loop
      vertex 12.950000000000001 -2.951589926245468 -10.659515680044105
      vertex 12.9 -2.8333553495294033 -10.747204418453817
      vertex 12.9 -2.951589926245468 -10.659515680044105
    endloop
  endfacet
  facet normal 0 0.5141027441932281 0.8577286100002682
    outer loop
      vertex 12.950000000000001 -2.8333553495294033 -10.747204418453817
      vertex 12.9 -2.7070951052389964 -10.822881896522533
      vertex 12.9 -2.8333553495294033 -10.747204418453817
    endloop
  endfacet
  facet normal 0 0.42755509343027176 0.9039892931234483
    outer loop
      vertex 12.950000000000001 -2.7070951052389964 -10.822881896522533
      vertex 12.9 -2.5740251485476344 -10.885819298766929
      vertex 12.9 -2.7070951052389964 -10.822881896522533
    endloop
  endfacet
  facet normal 8.904285118585053e-17 0.7409511253549593 0.6715589548470181
    outer loop
      vertex 12.950000000000001 -3.1595156800441053 -10.451589926245468
      vertex 12.950000000000001 -3.0606601717798214 -10.560660171779821
      vertex 12.9 -3.0606601717798214 -10.560660171779821
    endloop
  endfacet
  facet normal 3.5071203444273894e-17 0.6715589548470183 0.7409511253549591
    outer loop
      vertex 12.950000000000001 -3.0606601717798214 -10.560660171779821
      vertex 12.950000000000001 -2.951589926245468 -10.659515680044105
      vertex 12.9 -2.951589926245468 -10.659515680044105
    endloop
  endfacet
  facet normal -2.8981115047540543e-17 0.5956993044924319 0.803207531480646
    outer loop
      vertex 12.950000000000001 -2.951589926245468 -10.659515680044105
      vertex 12.950000000000001 -2.8333553495294033 -10.747204418453817
      vertex 12.9 -2.8333553495294033 -10.747204418453817
    endloop
  endfacet
  facet normal 7.78845908209932e-17 0.5141027441932281 0.8577286100002682
    outer loop
      vertex 12.950000000000001 -2.8333553495294033 -10.747204418453817
      vertex 12.950000000000001 -2.7070951052389964 -10.822881896522533
      vertex 12.9 -2.7070951052389964 -10.822881896522533
    endloop
  endfacet
  facet normal 0 0.3368898533922216 0.9415440651830203
    outer loop
      vertex 12.950000000000001 -2.5740251485476344 -10.885819298766929
      vertex 12.9 -2.4354270158816935 -10.935410503598312
      vertex 12.9 -2.5740251485476344 -10.885819298766929
    endloop
  endfacet
  facet normal 0 0.24298017990326345 0.9700312531945441
    outer loop
      vertex 12.950000000000001 -2.4354270158816935 -10.935410503598312
      vertex 12.9 -2.2926354830241924 -10.971177920604845
      vertex 12.9 -2.4354270158816935 -10.935410503598312
    endloop
  endfacet
  facet normal -7.210099458611011e-18 0.42755509343027176 0.9039892931234483
    outer loop
      vertex 12.950000000000001 -2.7070951052389964 -10.822881896522533
      vertex 12.950000000000001 -2.5740251485476344 -10.885819298766929
      vertex 12.9 -2.5740251485476344 -10.885819298766929
    endloop
  endfacet
  facet normal 0 0.3368898533922216 0.9415440651830203
    outer loop
      vertex 12.950000000000001 -2.4354270158816935 -10.935410503598312
      vertex 12.9 -2.4354270158816935 -10.935410503598312
      vertex 12.950000000000001 -2.5740251485476344 -10.885819298766929
    endloop
  endfacet
  facet normal 2.952460386835421e-18 0.24298017990326345 0.9700312531945441
    outer loop
      vertex 12.950000000000001 -2.4354270158816935 -10.935410503598312
      vertex 12.950000000000001 -2.2926354830241924 -10.971177920604845
      vertex 12.9 -2.2926354830241924 -10.971177920604845
    endloop
  endfacet
  facet normal -1 0 0
    outer loop
      vertex 12.950000000000001 -2.7070951052389964 -10.822881896522533
      vertex 12.950000000000001 -2.7070951052389964 -8.177118103477467
      vertex 12.950000000000001 -2.5740251485476344 -10.885819298766929
    endloop
  endfacet
  facet normal -1 0 0
    outer loop
      vertex 12.950000000000001 -2.4354270158816935 -10.935410503598312
      vertex 12.950000000000001 -2.5740251485476344 -10.885819298766929
      vertex 12.950000000000001 -2.5740251485476344 -8.114180701233071
    endloop
  endfacet
  facet normal -1 0 0
    outer loop
      vertex 12.950000000000001 -2.4354270158816935 -10.935410503598312
      vertex 12.950000000000001 -2.4354270158816935 -8.064589496401688
      vertex 12.950000000000001 -2.2926354830241924 -10.971177920604845
    endloop
  endfacet
  facet normal -1 0 0
    outer loop
      vertex 12.950000000000001 -2.2926354830241924 -10.971177920604845
      vertex 12.950000000000001 -2.2926354830241924 -8.028822079395155
      vertex 12.950000000000001 -2.147025710494341 -10.992777090008296
    endloop
  endfacet
  facet normal -1 0 0
    outer loop
      vertex 12.950000000000001 -3.0606601717798214 -10.560660171779821
      vertex 12.950000000000001 -3.0606601717798214 -8.439339828220179
      vertex 12.950000000000001 -2.951589926245468 -10.659515680044105
    endloop
  endfacet
  facet normal -1 0 0
    outer loop
      vertex 12.950000000000001 -2.951589926245468 -10.659515680044105
      vertex 12.950000000000001 -2.951589926245468 -8.340484319955895
      vertex 12.950000000000001 -2.8333553495294033 -10.747204418453817
    endloop
  endfacet
  facet normal -1 0 0
    outer loop
      vertex 12.950000000000001 -2.8333553495294033 -10.747204418453817
      vertex 12.950000000000001 -2.8333553495294033 -8.252795581546183
      vertex 12.950000000000001 -2.7070951052389964 -10.822881896522533
    endloop
  endfacet
  facet normal -1 0 0
    outer loop
      vertex 12.950000000000001 -3.0606601717798214 -10.560660171779821
      vertex 12.950000000000001 -3.1595156800441053 -8.548410073754532
      vertex 12.950000000000001 -3.0606601717798214 -8.439339828220179
    endloop
  endfacet
  facet normal -1 0 0
    outer loop
      vertex 12.950000000000001 -2.951589926245468 -10.659515680044105
      vertex 12.950000000000001 -3.0606601717798214 -8.439339828220179
      vertex 12.950000000000001 -2.951589926245468 -8.340484319955895
    endloop
  endfacet
  facet normal -1 0 0
    outer loop
      vertex 12.950000000000001 -2.8333553495294033 -10.747204418453817
      vertex 12.950000000000001 -2.951589926245468 -8.340484319955895
      vertex 12.950000000000001 -2.8333553495294033 -8.252795581546183
    endloop
  endfacet
  facet normal -1 0 0
    outer loop
      vertex 12.950000000000001 -2.7070951052389964 -10.822881896522533
      vertex 12.950000000000001 -2.8333553495294033 -8.252795581546183
      vertex 12.950000000000001 -2.7070951052389964 -8.177118103477467
    endloop
  endfacet
  facet normal -1 0 0
    outer loop
      vertex 12.950000000000001 -2.5740251485476344 -10.885819298766929
      vertex 12.950000000000001 -2.7070951052389964 -8.177118103477467
      vertex 12.950000000000001 -2.5740251485476344 -8.114180701233071
    endloop
  endfacet
  facet normal -1 0 0
    outer loop
      vertex 12.950000000000001 -2.4354270158816935 -10.935410503598312
      vertex 12.950000000000001 -2.5740251485476344 -8.114180701233071
      vertex 12.950000000000001 -2.4354270158816935 -8.064589496401688
    endloop
  endfacet
  facet normal -1 0 0
    outer loop
      vertex 12.950000000000001 -2.2926354830241924 -10.971177920604845
      vertex 12.950000000000001 -2.4354270158816935 -8.064589496401688
      vertex 12.950000000000001 -2.2926354830241924 -8.028822079395155
    endloop
  endfacet
  facet normal -1 0 0
    outer loop
      vertex 12.950000000000001 -2.147025710494341 -10.992777090008296
      vertex 12.950000000000001 -2.2926354830241924 -8.028822079395155
      vertex 12.950000000000001 -2.147025710494341 -8.007222909991704
    endloop
  endfacet
  facet normal 0 0.049067674327412325 0.9987954562051726
    outer loop
      vertex 12.950000000000001 -2.147025710494341 -10.992777090008296
      vertex 12.9 -2 -11
      vertex 12.9 -2.147025710494341 -10.992777090008296
    endloop
  endfacet
  facet normal 0 -0.049067674327412325 0.9987954562051726
    outer loop
      vertex 12.950000000000001 -2 -11
      vertex 12.9 -1.8529742895056591 -10.992777090008296
      vertex 12.9 -2 -11
    endloop
  endfacet
  facet normal 0 -0.1467304744553734 0.9891765099647792
    outer loop
      vertex 12.950000000000001 -1.8529742895056591 -10.992777090008296
      vertex 12.9 -1.7073645169758076 -10.971177920604845
      vertex 12.9 -1.8529742895056591 -10.992777090008296
    endloop
  endfacet
  facet normal 1.462861227114387e-17 0.049067674327412325 0.9987954562051726
    outer loop
      vertex 12.950000000000001 -2.147025710494341 -10.992777090008296
      vertex 12.950000000000001 -2 -11
      vertex 12.9 -2 -11
    endloop
  endfacet
  facet normal -1.462861227114387e-17 -0.049067674327412325 0.9987954562051726
    outer loop
      vertex 12.950000000000001 -2 -11
      vertex 12.950000000000001 -1.8529742895056591 -10.992777090008296
      vertex 12.9 -1.8529742895056591 -10.992777090008296
    endloop
  endfacet
  facet normal -2.0811449649127757e-17 -0.1467304744553734 0.9891765099647792
    outer loop
      vertex 12.950000000000001 -1.8529742895056591 -10.992777090008296
      vertex 12.950000000000001 -1.7073645169758076 -10.971177920604845
      vertex 12.9 -1.7073645169758076 -10.971177920604845
    endloop
  endfacet
  facet normal 0 -0.24298017990326345 0.9700312531945441
    outer loop
      vertex 12.950000000000001 -1.7073645169758076 -10.971177920604845
      vertex 12.9 -1.5645729841183065 -10.935410503598312
      vertex 12.9 -1.7073645169758076 -10.971177920604845
    endloop
  endfacet
  facet normal 0 -0.33688985339222116 0.9415440651830205
    outer loop
      vertex 12.950000000000001 -1.5645729841183065 -10.935410503598312
      vertex 12.9 -1.4259748514523654 -10.885819298766929
      vertex 12.9 -1.5645729841183065 -10.935410503598312
    endloop
  endfacet
  facet normal 0 -0.4275550934302723 0.903989293123448
    outer loop
      vertex 12.950000000000001 -1.4259748514523654 -10.885819298766929
      vertex 12.9 -1.2929048947610036 -10.822881896522533
      vertex 12.9 -1.4259748514523654 -10.885819298766929
    endloop
  endfacet
  facet normal 0 -0.5141027441932281 0.8577286100002682
    outer loop
      vertex 12.950000000000001 -1.2929048947610036 -10.822881896522533
      vertex 12.9 -1.1666446504705967 -10.747204418453817
      vertex 12.9 -1.2929048947610036 -10.822881896522533
    endloop
  endfacet
  facet normal -2.952460386835421e-18 -0.24298017990326345 0.9700312531945441
    outer loop
      vertex 12.950000000000001 -1.7073645169758076 -10.971177920604845
      vertex 12.950000000000001 -1.5645729841183065 -10.935410503598312
      vertex 12.9 -1.5645729841183065 -10.935410503598312
    endloop
  endfacet
  facet normal 5.417165283633537e-17 -0.33688985339222116 0.9415440651830205
    outer loop
      vertex 12.950000000000001 -1.5645729841183065 -10.935410503598312
      vertex 12.950000000000001 -1.4259748514523654 -10.885819298766929
      vertex 12.9 -1.4259748514523654 -10.885819298766929
    endloop
  endfacet
  facet normal -5.985663316165405e-18 -0.4275550934302723 0.903989293123448
    outer loop
      vertex 12.950000000000001 -1.4259748514523654 -10.885819298766929
      vertex 12.950000000000001 -1.2929048947610036 -10.822881896522533
      vertex 12.9 -1.2929048947610036 -10.822881896522533
    endloop
  endfacet
  facet normal -7.78845908209932e-17 -0.5141027441932281 0.8577286100002682
    outer loop
      vertex 12.950000000000001 -1.2929048947610036 -10.822881896522533
      vertex 12.950000000000001 -1.1666446504705967 -10.747204418453817
      vertex 12.9 -1.1666446504705967 -10.747204418453817
    endloop
  endfacet
  facet normal -1 0 0
    outer loop
      vertex 12.950000000000001 -2.147025710494341 -10.992777090008296
      vertex 12.950000000000001 -2.147025710494341 -8.007222909991704
      vertex 12.950000000000001 -2 -11
    endloop
  endfacet
  facet normal -1 0 0
    outer loop
      vertex 12.950000000000001 -2 -11
      vertex 12.950000000000001 -2 -8
      vertex 12.950000000000001 -1.8529742895056591 -10.992777090008296
    endloop
  endfacet
  facet normal -1 0 0
    outer loop
      vertex 12.950000000000001 -1.8529742895056591 -10.992777090008296
      vertex 12.950000000000001 -1.8529742895056591 -8.007222909991704
      vertex 12.950000000000001 -1.7073645169758076 -10.971177920604845
    endloop
  endfacet
  facet normal -1 0 0
    outer loop
      vertex 12.950000000000001 -1.7073645169758076 -10.971177920604845
      vertex 12.950000000000001 -1.7073645169758076 -8.028822079395155
      vertex 12.950000000000001 -1.5645729841183065 -10.935410503598312
    endloop
  endfacet
  facet normal -1 0 0
    outer loop
      vertex 12.950000000000001 -1.5645729841183065 -10.935410503598312
      vertex 12.950000000000001 -1.5645729841183065 -8.064589496401688
      vertex 12.950000000000001 -1.4259748514523654 -10.885819298766929
    endloop
  endfacet
  facet normal -1 0 0
    outer loop
      vertex 12.950000000000001 -2 -11
      vertex 12.950000000000001 -2.147025710494341 -8.007222909991704
      vertex 12.950000000000001 -2 -8
    endloop
  endfacet
  facet normal -1 0 0
    outer loop
      vertex 12.950000000000001 -1.8529742895056591 -10.992777090008296
      vertex 12.950000000000001 -2 -8
      vertex 12.950000000000001 -1.8529742895056591 -8.007222909991704
    endloop
  endfacet
  facet normal -1 0 0
    outer loop
      vertex 12.950000000000001 -1.7073645169758076 -10.971177920604845
      vertex 12.950000000000001 -1.8529742895056591 -8.007222909991704
      vertex 12.950000000000001 -1.7073645169758076 -8.028822079395155
    endloop
  endfacet
  facet normal -1 0 0
    outer loop
      vertex 12.950000000000001 -1.4259748514523654 -10.885819298766929
      vertex 12.950000000000001 -1.4259748514523654 -8.114180701233071
      vertex 12.950000000000001 -1.2929048947610036 -10.822881896522533
    endloop
  endfacet
  facet normal -1 0 0
    outer loop
      vertex 12.950000000000001 -1.2929048947610036 -10.822881896522533
      vertex 12.950000000000001 -1.2929048947610036 -8.177118103477467
      vertex 12.950000000000001 -1.1666446504705967 -10.747204418453817
    endloop
  endfacet
  facet normal -1 0 0
    outer loop
      vertex 12.950000000000001 -1.5645729841183065 -10.935410503598312
      vertex 12.950000000000001 -1.7073645169758076 -8.028822079395155
      vertex 12.950000000000001 -1.5645729841183065 -8.064589496401688
    endloop
  endfacet
  facet normal -1 0 0
    outer loop
      vertex 12.950000000000001 -1.4259748514523654 -10.885819298766929
      vertex 12.950000000000001 -1.5645729841183065 -8.064589496401688
      vertex 12.950000000000001 -1.4259748514523654 -8.114180701233071
    endloop
  endfacet
  facet normal -1 0 0
    outer loop
      vertex 12.950000000000001 -1.2929048947610036 -10.822881896522533
      vertex 12.950000000000001 -1.4259748514523654 -8.114180701233071
      vertex 12.950000000000001 -1.2929048947610036 -8.177118103477467
    endloop
  endfacet
  facet normal -1 0 0
    outer loop
      vertex 12.950000000000001 -1.1666446504705967 -10.747204418453817
      vertex 12.950000000000001 -1.2929048947610036 -8.177118103477467
      vertex 12.950000000000001 -1.1666446504705967 -8.252795581546183
    endloop
  endfacet
  facet normal 0 -0.5956993044924319 0.803207531480646
    outer loop
      vertex 12.950000000000001 -1.1666446504705967 -10.747204418453817
      vertex 12.9 -1.0484100737545319 -10.659515680044105
      vertex 12.9 -1.1666446504705967 -10.747204418453817
    endloop
  endfacet
  facet normal 0 -0.6715589548470183 0.7409511253549591
    outer loop
      vertex 12.950000000000001 -1.0484100737545319 -10.659515680044105
      vertex 12.9 -0.9393398282201786 -10.560660171779821
      vertex 12.9 -1.0484100737545319 -10.659515680044105
    endloop
  endfacet
  facet normal 0 -0.7409511253549586 0.671558954847019
    outer loop
      vertex 12.950000000000001 -0.9393398282201786 -10.560660171779821
      vertex 12.9 -0.8404843199558945 -10.451589926245468
      vertex 12.9 -0.9393398282201786 -10.560660171779821
    endloop
  endfacet
  facet normal 2.8981115047540543e-17 -0.5956993044924319 0.803207531480646
    outer loop
      vertex 12.950000000000001 -1.1666446504705967 -10.747204418453817
      vertex 12.950000000000001 -1.0484100737545319 -10.659515680044105
      vertex 12.9 -1.0484100737545319 -10.659515680044105
    endloop
  endfacet
  facet normal -3.5071203444273894e-17 -0.6715589548470183 0.7409511253549591
    outer loop
      vertex 12.950000000000001 -1.0484100737545319 -10.659515680044105
      vertex 12.950000000000001 -0.9393398282201786 -10.560660171779821
      vertex 12.9 -0.9393398282201786 -10.560660171779821
    endloop
  endfacet
  facet normal -9.823683152033275e-17 -0.7409511253549586 0.671558954847019
    outer loop
      vertex 12.950000000000001 -0.9393398282201786 -10.560660171779821
      vertex 12.950000000000001 -0.8404843199558945 -10.451589926245468
      vertex 12.9 -0.8404843199558945 -10.451589926245468
    endloop
  endfacet
  facet normal 0 -0.8032075314806443 0.5956993044924342
    outer loop
      vertex 12.950000000000001 -0.8404843199558945 -10.451589926245468
      vertex 12.9 -0.7527955815461822 -10.333355349529404
      vertex 12.9 -0.8404843199558945 -10.451589926245468
    endloop
  endfacet
  facet normal 0 -0.8577286100002716 0.5141027441932225
    outer loop
      vertex 12.950000000000001 -0.7527955815461822 -10.333355349529404
      vertex 12.9 -0.6771181034774674 -10.207095105238997
      vertex 12.9 -0.7527955815461822 -10.333355349529404
    endloop
  endfacet
  facet normal -4.509458460016244e-17 -0.8032075314806443 0.5956993044924342
    outer loop
      vertex 12.950000000000001 -0.8404843199558945 -10.451589926245468
      vertex 12.950000000000001 -0.7527955815461822 -10.333355349529404
      vertex 12.9 -0.7527955815461822 -10.333355349529404
    endloop
  endfacet
  facet normal -3.2291607563414553e-17 -0.8577286100002716 0.5141027441932225
    outer loop
      vertex 12.950000000000001 -0.7527955815461822 -10.333355349529404
      vertex 12.950000000000001 -0.6771181034774674 -10.207095105238997
      vertex 12.9 -0.6771181034774674 -10.207095105238997
    endloop
  endfacet
  facet normal 0 -0.9039892931234436 0.4275550934302815
    outer loop
      vertex 12.950000000000001 -0.6771181034774674 -10.207095105238997
      vertex 12.9 -0.61418070123307 -10.074025148547635
      vertex 12.9 -0.6771181034774674 -10.207095105238997
    endloop
  endfacet
  facet normal 0 -0.9415440651830213 0.3368898533922187
    outer loop
      vertex 12.950000000000001 -0.61418070123307 -10.074025148547635
      vertex 12.9 -0.5645894964016867 -9.935427015881693
      vertex 12.9 -0.61418070123307 -10.074025148547635
    endloop
  endfacet
  facet normal 3.518812109954403e-17 -0.9039892931234436 0.4275550934302815
    outer loop
      vertex 12.950000000000001 -0.6771181034774674 -10.207095105238997
      vertex 12.950000000000001 -0.61418070123307 -10.074025148547635
      vertex 12.9 -0.61418070123307 -10.074025148547635
    endloop
  endfacet
  facet normal -7.492000444539709e-18 -0.9415440651830213 0.3368898533922187
    outer loop
      vertex 12.950000000000001 -0.61418070123307 -10.074025148547635
      vertex 12.950000000000001 -0.5645894964016867 -9.935427015881693
      vertex 12.9 -0.5645894964016867 -9.935427015881693
    endloop
  endfacet
  facet normal 0 -0.9700312531945441 0.24298017990326345
    outer loop
      vertex 12.950000000000001 -0.5645894964016867 -9.935427015881693
      vertex 12.9 -0.5288220793951544 -9.792635483024192
      vertex 12.9 -0.5645894964016867 -9.935427015881693
    endloop
  endfacet
  facet normal 0 -0.9891765099647808 0.1467304744553629
    outer loop
      vertex 12.950000000000001 -0.5288220793951544 -9.792635483024192
      vertex 12.9 -0.5072229099917047 -9.647025710494342
      vertex 12.9 -0.5288220793951544 -9.792635483024192
    endloop
  endfacet
  facet normal 0 -0.9987954562051724 0.04906767432741805
    outer loop
      vertex 12.950000000000001 -0.5072229099917047 -9.647025710494342
      vertex 12.9 -0.5 -9.5
      vertex 12.9 -0.5072229099917047 -9.647025710494342
    endloop
  endfacet
  facet normal 0 -0.9987954562051724 -0.04906767432741805
    outer loop
      vertex 12.950000000000001 -0.5 -9.5
      vertex 12.9 -0.5072229099917047 -9.352974289505658
      vertex 12.9 -0.5 -9.5
    endloop
  endfacet
  facet normal -2.952460386835421e-18 -0.9700312531945441 0.24298017990326345
    outer loop
      vertex 12.950000000000001 -0.5645894964016867 -9.935427015881693
      vertex 12.950000000000001 -0.5288220793951544 -9.792635483024192
      vertex 12.9 -0.5288220793951544 -9.792635483024192
    endloop
  endfacet
  facet normal -7.275504145545249e-18 -0.9891765099647808 0.1467304744553629
    outer loop
      vertex 12.950000000000001 -0.5288220793951544 -9.792635483024192
      vertex 12.950000000000001 -0.5072229099917047 -9.647025710494342
      vertex 12.9 -0.5072229099917047 -9.647025710494342
    endloop
  endfacet
  facet normal 9.009736048734289e-18 -0.9987954562051724 0.04906767432741805
    outer loop
      vertex 12.950000000000001 -0.5072229099917047 -9.647025710494342
      vertex 12.950000000000001 -0.5 -9.5
      vertex 12.9 -0.5 -9.5
    endloop
  endfacet
  facet normal 0 -0.9891765099647808 -0.1467304744553629
    outer loop
      vertex 12.950000000000001 -0.5072229099917047 -9.352974289505658
      vertex 12.9 -0.5288220793951544 -9.207364516975808
      vertex 12.9 -0.5072229099917047 -9.352974289505658
    endloop
  endfacet
  facet normal 0 -0.9415440651830213 -0.3368898533922187
    outer loop
      vertex 12.950000000000001 -0.5645894964016867 -9.064572984118307
      vertex 12.9 -0.61418070123307 -8.925974851452365
      vertex 12.9 -0.5645894964016867 -9.064572984118307
    endloop
  endfacet
  facet normal 0 -0.9700312531945441 -0.24298017990326345
    outer loop
      vertex 12.950000000000001 -0.5288220793951544 -9.207364516975808
      vertex 12.9 -0.5645894964016867 -9.064572984118307
      vertex 12.9 -0.5288220793951544 -9.207364516975808
    endloop
  endfacet
  facet normal -9.009736048734289e-18 -0.9987954562051724 -0.04906767432741805
    outer loop
      vertex 12.950000000000001 -0.5 -9.5
      vertex 12.950000000000001 -0.5072229099917047 -9.352974289505658
      vertex 12.9 -0.5072229099917047 -9.352974289505658
    endloop
  endfacet
  facet normal 7.275504145545249e-18 -0.9891765099647808 -0.1467304744553629
    outer loop
      vertex 12.950000000000001 -0.5072229099917047 -9.352974289505658
      vertex 12.950000000000001 -0.5288220793951544 -9.207364516975808
      vertex 12.9 -0.5288220793951544 -9.207364516975808
    endloop
  endfacet
  facet normal 2.952460386835421e-18 -0.9700312531945441 -0.24298017990326345
    outer loop
      vertex 12.950000000000001 -0.5288220793951544 -9.207364516975808
      vertex 12.950000000000001 -0.5645894964016867 -9.064572984118307
      vertex 12.9 -0.5645894964016867 -9.064572984118307
    endloop
  endfacet
  facet normal 7.492000444539709e-18 -0.9415440651830213 -0.3368898533922187
    outer loop
      vertex 12.950000000000001 -0.5645894964016867 -9.064572984118307
      vertex 12.950000000000001 -0.61418070123307 -8.925974851452365
      vertex 12.9 -0.61418070123307 -8.925974851452365
    endloop
  endfacet
  facet normal -1 0 0
    outer loop
      vertex 12.950000000000001 -1.1666446504705967 -10.747204418453817
      vertex 12.950000000000001 -1.1666446504705967 -8.252795581546183
      vertex 12.950000000000001 -1.0484100737545319 -10.659515680044105
    endloop
  endfacet
  facet normal -1 0 0
    outer loop
      vertex 12.950000000000001 -1.0484100737545319 -10.659515680044105
      vertex 12.950000000000001 -1.0484100737545319 -8.340484319955895
      vertex 12.950000000000001 -0.9393398282201786 -10.560660171779821
    endloop
  endfacet
  facet normal -1 0 0
    outer loop
      vertex 12.950000000000001 -0.9393398282201786 -10.560660171779821
      vertex 12.950000000000001 -0.9393398282201786 -8.439339828220179
      vertex 12.950000000000001 -0.8404843199558945 -10.451589926245468
    endloop
  endfacet
  facet normal -1 0 0
    outer loop
      vertex 12.950000000000001 -0.8404843199558945 -10.451589926245468
      vertex 12.950000000000001 -0.8404843199558945 -8.548410073754532
      vertex 12.950000000000001 -0.7527955815461822 -10.333355349529404
    endloop
  endfacet
  facet normal -1 0 0
    outer loop
      vertex 12.950000000000001 -0.7527955815461822 -10.333355349529404
      vertex 12.950000000000001 -0.7527955815461822 -8.666644650470596
      vertex 12.950000000000001 -0.6771181034774674 -10.207095105238997
    endloop
  endfacet
  facet normal -1 0 0
    outer loop
      vertex 12.950000000000001 -1.0484100737545319 -10.659515680044105
      vertex 12.950000000000001 -1.1666446504705967 -8.252795581546183
      vertex 12.950000000000001 -1.0484100737545319 -8.340484319955895
    endloop
  endfacet
  facet normal -1 0 0
    outer loop
      vertex 12.950000000000001 -0.9393398282201786 -10.560660171779821
      vertex 12.950000000000001 -1.0484100737545319 -8.340484319955895
      vertex 12.950000000000001 -0.9393398282201786 -8.439339828220179
    endloop
  endfacet
  facet normal -1 0 0
    outer loop
      vertex 12.950000000000001 -0.7527955815461822 -10.333355349529404
      vertex 12.950000000000001 -0.8404843199558945 -8.548410073754532
      vertex 12.950000000000001 -0.7527955815461822 -8.666644650470596
    endloop
  endfacet
  facet normal -1 0 0
    outer loop
      vertex 12.950000000000001 -0.6771181034774674 -10.207095105238997
      vertex 12.950000000000001 -0.7527955815461822 -8.666644650470596
      vertex 12.950000000000001 -0.6771181034774674 -8.792904894761003
    endloop
  endfacet
  facet normal -1 0 0
    outer loop
      vertex 12.950000000000001 -0.8404843199558945 -10.451589926245468
      vertex 12.950000000000001 -0.9393398282201786 -8.439339828220179
      vertex 12.950000000000001 -0.8404843199558945 -8.548410073754532
    endloop
  endfacet
  facet normal -1 0 0
    outer loop
      vertex 12.950000000000001 -0.6771181034774674 -10.207095105238997
      vertex 12.950000000000001 -0.6771181034774674 -8.792904894761003
      vertex 12.950000000000001 -0.61418070123307 -10.074025148547635
    endloop
  endfacet
  facet normal -1 0 0
    outer loop
      vertex 12.950000000000001 -0.61418070123307 -10.074025148547635
      vertex 12.950000000000001 -0.61418070123307 -8.925974851452365
      vertex 12.950000000000001 -0.5645894964016867 -9.935427015881693
    endloop
  endfacet
  facet normal -1 0 0
    outer loop
      vertex 12.950000000000001 -0.5645894964016867 -9.935427015881693
      vertex 12.950000000000001 -0.5645894964016867 -9.064572984118307
      vertex 12.950000000000001 -0.5288220793951544 -9.792635483024192
    endloop
  endfacet
  facet normal -1 0 0
    outer loop
      vertex 12.950000000000001 -0.5288220793951544 -9.792635483024192
      vertex 12.950000000000001 -0.5288220793951544 -9.207364516975808
      vertex 12.950000000000001 -0.5072229099917047 -9.647025710494342
    endloop
  endfacet
  facet normal -1 0 0
    outer loop
      vertex 12.950000000000001 -0.5072229099917047 -9.647025710494342
      vertex 12.950000000000001 -0.5072229099917047 -9.352974289505658
      vertex 12.950000000000001 -0.5 -9.5
    endloop
  endfacet
  facet normal -1 0 0
    outer loop
      vertex 12.950000000000001 -0.5645894964016867 -9.935427015881693
      vertex 12.950000000000001 -0.61418070123307 -8.925974851452365
      vertex 12.950000000000001 -0.5645894964016867 -9.064572984118307
    endloop
  endfacet
  facet normal -1 0 0
    outer loop
      vertex 12.950000000000001 -0.61418070123307 -10.074025148547635
      vertex 12.950000000000001 -0.6771181034774674 -8.792904894761003
      vertex 12.950000000000001 -0.61418070123307 -8.925974851452365
    endloop
  endfacet
  facet normal -1 0 0
    outer loop
      vertex 12.950000000000001 -0.5072229099917047 -9.647025710494342
      vertex 12.950000000000001 -0.5288220793951544 -9.207364516975808
      vertex 12.950000000000001 -0.5072229099917047 -9.352974289505658
    endloop
  endfacet
  facet normal -1 0 0
    outer loop
      vertex 12.950000000000001 -0.5288220793951544 -9.792635483024192
      vertex 12.950000000000001 -0.5645894964016867 -9.064572984118307
      vertex 12.950000000000001 -0.5288220793951544 -9.207364516975808
    endloop
  endfacet
  facet normal 0 0.903989293123443 -0.42755509343028275
    outer loop
      vertex 12.950000000000001 -3.3228818965225324 -8.792904894761003
      vertex 12.9 -3.38581929876693 -8.925974851452365
      vertex 12.9 -3.3228818965225324 -8.792904894761003
    endloop
  endfacet
  facet normal 0 0.8577286100002722 -0.5141027441932214
    outer loop
      vertex 12.950000000000001 -3.247204418453818 -8.666644650470596
      vertex 12.9 -3.3228818965225324 -8.792904894761003
      vertex 12.9 -3.247204418453818 -8.666644650470596
    endloop
  endfacet
  facet normal 0 0.8032075314806435 -0.5956993044924352
    outer loop
      vertex 12.950000000000001 -3.1595156800441053 -8.548410073754532
      vertex 12.9 -3.247204418453818 -8.666644650470596
      vertex 12.9 -3.1595156800441053 -8.548410073754532
    endloop
  endfacet
  facet normal 0 0.903989293123443 -0.42755509343028275
    outer loop
      vertex 12.950000000000001 -3.38581929876693 -8.925974851452365
      vertex 12.9 -3.38581929876693 -8.925974851452365
      vertex 12.950000000000001 -3.3228818965225324 -8.792904894761003
    endloop
  endfacet
  facet normal 0 0.8577286100002722 -0.5141027441932214
    outer loop
      vertex 12.950000000000001 -3.3228818965225324 -8.792904894761003
      vertex 12.9 -3.3228818965225324 -8.792904894761003
      vertex 12.950000000000001 -3.247204418453818 -8.666644650470596
    endloop
  endfacet
  facet normal 0 0.8032075314806435 -0.5956993044924352
    outer loop
      vertex 12.950000000000001 -3.247204418453818 -8.666644650470596
      vertex 12.9 -3.247204418453818 -8.666644650470596
      vertex 12.950000000000001 -3.1595156800441053 -8.548410073754532
    endloop
  endfacet
  facet normal 0 0.7409511253549593 -0.6715589548470181
    outer loop
      vertex 12.950000000000001 -3.1595156800441053 -8.548410073754532
      vertex 12.9 -3.1595156800441053 -8.548410073754532
      vertex 12.950000000000001 -3.0606601717798214 -8.439339828220179
    endloop
  endfacet
  facet normal 0 0.7409511253549593 -0.6715589548470181
    outer loop
      vertex 12.950000000000001 -3.0606601717798214 -8.439339828220179
      vertex 12.9 -3.1595156800441053 -8.548410073754532
      vertex 12.9 -3.0606601717798214 -8.439339828220179
    endloop
  endfacet
  facet normal 0 0.6715589548470183 -0.7409511253549591
    outer loop
      vertex 12.950000000000001 -2.951589926245468 -8.340484319955895
      vertex 12.9 -3.0606601717798214 -8.439339828220179
      vertex 12.9 -2.951589926245468 -8.340484319955895
    endloop
  endfacet
  facet normal 0 0.5956993044924319 -0.803207531480646
    outer loop
      vertex 12.950000000000001 -2.8333553495294033 -8.252795581546183
      vertex 12.9 -2.951589926245468 -8.340484319955895
      vertex 12.9 -2.8333553495294033 -8.252795581546183
    endloop
  endfacet
  facet normal 0 0.5141027441932281 -0.8577286100002682
    outer loop
      vertex 12.950000000000001 -2.7070951052389964 -8.177118103477467
      vertex 12.9 -2.8333553495294033 -8.252795581546183
      vertex 12.9 -2.7070951052389964 -8.177118103477467
    endloop
  endfacet
  facet normal 0 0.6715589548470183 -0.7409511253549591
    outer loop
      vertex 12.950000000000001 -3.0606601717798214 -8.439339828220179
      vertex 12.9 -3.0606601717798214 -8.439339828220179
      vertex 12.950000000000001 -2.951589926245468 -8.340484319955895
    endloop
  endfacet
  facet normal 0 0.5956993044924319 -0.803207531480646
    outer loop
      vertex 12.950000000000001 -2.951589926245468 -8.340484319955895
      vertex 12.9 -2.951589926245468 -8.340484319955895
      vertex 12.950000000000001 -2.8333553495294033 -8.252795581546183
    endloop
  endfacet
  facet normal 0 0.5141027441932281 -0.8577286100002682
    outer loop
      vertex 12.950000000000001 -2.8333553495294033 -8.252795581546183
      vertex 12.9 -2.8333553495294033 -8.252795581546183
      vertex 12.950000000000001 -2.7070951052389964 -8.177118103477467
    endloop
  endfacet
  facet normal 0 0.42755509343027176 -0.9039892931234483
    outer loop
      vertex 12.950000000000001 -2.7070951052389964 -8.177118103477467
      vertex 12.9 -2.7070951052389964 -8.177118103477467
      vertex 12.950000000000001 -2.5740251485476344 -8.114180701233071
    endloop
  endfacet
  facet normal 0 0.42755509343027176 -0.9039892931234483
    outer loop
      vertex 12.950000000000001 -2.5740251485476344 -8.114180701233071
      vertex 12.9 -2.7070951052389964 -8.177118103477467
      vertex 12.9 -2.5740251485476344 -8.114180701233071
    endloop
  endfacet
  facet normal 0 0.3368898533922216 -0.9415440651830203
    outer loop
      vertex 12.950000000000001 -2.4354270158816935 -8.064589496401688
      vertex 12.9 -2.5740251485476344 -8.114180701233071
      vertex 12.9 -2.4354270158816935 -8.064589496401688
    endloop
  endfacet
  facet normal 0 0.24298017990326345 -0.9700312531945441
    outer loop
      vertex 12.950000000000001 -2.2926354830241924 -8.028822079395155
      vertex 12.9 -2.4354270158816935 -8.064589496401688
      vertex 12.9 -2.2926354830241924 -8.028822079395155
    endloop
  endfacet
  facet normal 0 0.1467304744553734 -0.9891765099647792
    outer loop
      vertex 12.950000000000001 -2.147025710494341 -8.007222909991704
      vertex 12.9 -2.2926354830241924 -8.028822079395155
      vertex 12.9 -2.147025710494341 -8.007222909991704
    endloop
  endfacet
  facet normal 0 0.3368898533922216 -0.9415440651830203
    outer loop
      vertex 12.950000000000001 -2.5740251485476344 -8.114180701233071
      vertex 12.9 -2.5740251485476344 -8.114180701233071
      vertex 12.950000000000001 -2.4354270158816935 -8.064589496401688
    endloop
  endfacet
  facet normal 0 0.24298017990326345 -0.9700312531945441
    outer loop
      vertex 12.950000000000001 -2.4354270158816935 -8.064589496401688
      vertex 12.9 -2.4354270158816935 -8.064589496401688
      vertex 12.950000000000001 -2.2926354830241924 -8.028822079395155
    endloop
  endfacet
  facet normal 0 0.1467304744553734 -0.9891765099647792
    outer loop
      vertex 12.950000000000001 -2.2926354830241924 -8.028822079395155
      vertex 12.9 -2.2926354830241924 -8.028822079395155
      vertex 12.950000000000001 -2.147025710494341 -8.007222909991704
    endloop
  endfacet
  facet normal 0 0.049067674327412325 -0.9987954562051726
    outer loop
      vertex 12.950000000000001 -2 -8
      vertex 12.9 -2.147025710494341 -8.007222909991704
      vertex 12.9 -2 -8
    endloop
  endfacet
  facet normal 0 -0.049067674327412325 -0.9987954562051726
    outer loop
      vertex 12.950000000000001 -1.8529742895056591 -8.007222909991704
      vertex 12.9 -2 -8
      vertex 12.9 -1.8529742895056591 -8.007222909991704
    endloop
  endfacet
  facet normal 0 -0.1467304744553734 -0.9891765099647792
    outer loop
      vertex 12.950000000000001 -1.7073645169758076 -8.028822079395155
      vertex 12.9 -1.8529742895056591 -8.007222909991704
      vertex 12.9 -1.7073645169758076 -8.028822079395155
    endloop
  endfacet
  facet normal 0 0.049067674327412325 -0.9987954562051726
    outer loop
      vertex 12.950000000000001 -2.147025710494341 -8.007222909991704
      vertex 12.9 -2.147025710494341 -8.007222909991704
      vertex 12.950000000000001 -2 -8
    endloop
  endfacet
  facet normal 0 -0.049067674327412325 -0.9987954562051726
    outer loop
      vertex 12.950000000000001 -2 -8
      vertex 12.9 -2 -8
      vertex 12.950000000000001 -1.8529742895056591 -8.007222909991704
    endloop
  endfacet
  facet normal 0 -0.1467304744553734 -0.9891765099647792
    outer loop
      vertex 12.950000000000001 -1.8529742895056591 -8.007222909991704
      vertex 12.9 -1.8529742895056591 -8.007222909991704
      vertex 12.950000000000001 -1.7073645169758076 -8.028822079395155
    endloop
  endfacet
  facet normal 2.952460386835421e-18 -0.24298017990326345 -0.9700312531945441
    outer loop
      vertex 12.950000000000001 -1.5645729841183065 -8.064589496401688
      vertex 12.950000000000001 -1.7073645169758076 -8.028822079395155
      vertex 12.9 -1.7073645169758076 -8.028822079395155
    endloop
  endfacet
  facet normal 0 -0.24298017990326345 -0.9700312531945441
    outer loop
      vertex 12.950000000000001 -1.5645729841183065 -8.064589496401688
      vertex 12.9 -1.7073645169758076 -8.028822079395155
      vertex 12.9 -1.5645729841183065 -8.064589496401688
    endloop
  endfacet
  facet normal 0 -0.33688985339222116 -0.9415440651830205
    outer loop
      vertex 12.950000000000001 -1.4259748514523654 -8.114180701233071
      vertex 12.9 -1.5645729841183065 -8.064589496401688
      vertex 12.9 -1.4259748514523654 -8.114180701233071
    endloop
  endfacet
  facet normal 0 -0.5141027441932281 -0.8577286100002682
    outer loop
      vertex 12.950000000000001 -1.1666446504705967 -8.252795581546183
      vertex 12.9 -1.2929048947610036 -8.177118103477467
      vertex 12.9 -1.1666446504705967 -8.252795581546183
    endloop
  endfacet
  facet normal 0 -0.4275550934302723 -0.903989293123448
    outer loop
      vertex 12.950000000000001 -1.2929048947610036 -8.177118103477467
      vertex 12.9 -1.4259748514523654 -8.114180701233071
      vertex 12.9 -1.2929048947610036 -8.177118103477467
    endloop
  endfacet
  facet normal 0 -0.33688985339222116 -0.9415440651830205
    outer loop
      vertex 12.950000000000001 -1.5645729841183065 -8.064589496401688
      vertex 12.9 -1.5645729841183065 -8.064589496401688
      vertex 12.950000000000001 -1.4259748514523654 -8.114180701233071
    endloop
  endfacet
  facet normal 0 -0.5141027441932281 -0.8577286100002682
    outer loop
      vertex 12.950000000000001 -1.2929048947610036 -8.177118103477467
      vertex 12.9 -1.2929048947610036 -8.177118103477467
      vertex 12.950000000000001 -1.1666446504705967 -8.252795581546183
    endloop
  endfacet
  facet normal 0 -0.4275550934302723 -0.903989293123448
    outer loop
      vertex 12.950000000000001 -1.4259748514523654 -8.114180701233071
      vertex 12.9 -1.4259748514523654 -8.114180701233071
      vertex 12.950000000000001 -1.2929048947610036 -8.177118103477467
    endloop
  endfacet
  facet normal 0 -0.8577286100002716 -0.5141027441932225
    outer loop
      vertex 12.950000000000001 -0.6771181034774674 -8.792904894761003
      vertex 12.9 -0.7527955815461822 -8.666644650470596
      vertex 12.9 -0.6771181034774674 -8.792904894761003
    endloop
  endfacet
  facet normal 0 -0.7409511253549586 -0.671558954847019
    outer loop
      vertex 12.950000000000001 -0.8404843199558945 -8.548410073754532
      vertex 12.9 -0.9393398282201786 -8.439339828220179
      vertex 12.9 -0.8404843199558945 -8.548410073754532
    endloop
  endfacet
  facet normal 0 -0.8032075314806443 -0.5956993044924342
    outer loop
      vertex 12.950000000000001 -0.7527955815461822 -8.666644650470596
      vertex 12.9 -0.8404843199558945 -8.548410073754532
      vertex 12.9 -0.7527955815461822 -8.666644650470596
    endloop
  endfacet
  facet normal 0 -0.8577286100002716 -0.5141027441932225
    outer loop
      vertex 12.950000000000001 -0.7527955815461822 -8.666644650470596
      vertex 12.9 -0.7527955815461822 -8.666644650470596
      vertex 12.950000000000001 -0.6771181034774674 -8.792904894761003
    endloop
  endfacet
  facet normal 0 -0.8032075314806443 -0.5956993044924342
    outer loop
      vertex 12.950000000000001 -0.8404843199558945 -8.548410073754532
      vertex 12.9 -0.8404843199558945 -8.548410073754532
      vertex 12.950000000000001 -0.7527955815461822 -8.666644650470596
    endloop
  endfacet
  facet normal 0 -0.7409511253549586 -0.671558954847019
    outer loop
      vertex 12.950000000000001 -0.9393398282201786 -8.439339828220179
      vertex 12.9 -0.9393398282201786 -8.439339828220179
      vertex 12.950000000000001 -0.8404843199558945 -8.548410073754532
    endloop
  endfacet
  facet normal 0 -0.5956993044924319 -0.803207531480646
    outer loop
      vertex 12.950000000000001 -1.0484100737545319 -8.340484319955895
      vertex 12.9 -1.1666446504705967 -8.252795581546183
      vertex 12.9 -1.0484100737545319 -8.340484319955895
    endloop
  endfacet
  facet normal 0 -0.6715589548470183 -0.7409511253549591
    outer loop
      vertex 12.950000000000001 -0.9393398282201786 -8.439339828220179
      vertex 12.9 -1.0484100737545319 -8.340484319955895
      vertex 12.9 -0.9393398282201786 -8.439339828220179
    endloop
  endfacet
  facet normal 0 -0.5956993044924319 -0.803207531480646
    outer loop
      vertex 12.950000000000001 -1.1666446504705967 -8.252795581546183
      vertex 12.9 -1.1666446504705967 -8.252795581546183
      vertex 12.950000000000001 -1.0484100737545319 -8.340484319955895
    endloop
  endfacet
  facet normal 0 -0.6715589548470183 -0.7409511253549591
    outer loop
      vertex 12.950000000000001 -1.0484100737545319 -8.340484319955895
      vertex 12.9 -1.0484100737545319 -8.340484319955895
      vertex 12.950000000000001 -0.9393398282201786 -8.439339828220179
    endloop
  endfacet
  facet normal 0 -0.9039892931234436 -0.4275550934302815
    outer loop
      vertex 12.950000000000001 -0.61418070123307 -8.925974851452365
      vertex 12.9 -0.6771181034774674 -8.792904894761003
      vertex 12.9 -0.61418070123307 -8.925974851452365
    endloop
  endfacet
  facet normal 0 -0.9039892931234436 -0.4275550934302815
    outer loop
      vertex 12.950000000000001 -0.6771181034774674 -8.792904894761003
      vertex 12.9 -0.6771181034774674 -8.792904894761003
      vertex 12.950000000000001 -0.61418070123307 -8.925974851452365
    endloop
  endfacet
endsolid OpenSCAD_Model
