solid OpenSCAD_Model
  facet normal 0 -1 0
    outer loop
      vertex 57.5 -8 -25.2
      vertex 55 -8 -22.2
      vertex 55 -8 -22.25
    endloop
  endfacet
  facet normal -0.762895600573906 0 -0.6465216954016154
    outer loop
      vertex 57.5 -8 -25.2
      vertex 55 -8 -22.25
      vertex 57.5 8 -25.2
    endloop
  endfacet
  facet normal -1 0 0
    outer loop
      vertex 55 -8 -22.25
      vertex 55 -8 -22.2
      vertex 55 8 -22.2
    endloop
  endfacet
  facet normal 0 0 1
    outer loop
      vertex 55 -8 -22.2
      vertex 61.08330911551766 -1.3719248602991996 -22.2
      vertex 60.8332738110422 -1.1667261889578033 -22.2
    endloop
  endfacet
  facet normal 0 0 1
    outer loop
      vertex 55 -8 -22.2
      vertex 62 -1.65 -22.2
      vertex 61.67810096867339 -1.6182957126653301 -22.2
    endloop
  endfacet
  facet normal 0 0 1
    outer loop
      vertex 55 -8 -22.2
      vertex 61.3685723365976 -1.524401228643623 -22.2
      vertex 61.08330911551766 -1.3719248602991996 -22.2
    endloop
  endfacet
  facet normal 0 0 1
    outer loop
      vertex 55 -8 -22.2
      vertex 61.67810096867339 -1.6182957126653301 -22.2
      vertex 61.3685723365976 -1.524401228643623 -22.2
    endloop
  endfacet
  facet normal 0 0 1
    outer loop
      vertex 55 -8 -22.2
      vertex 60.8332738110422 -1.1667261889578033 -22.2
      vertex 60.6280751397008 -0.9166908844823436 -22.2
    endloop
  endfacet
  facet normal 0 0 1
    outer loop
      vertex 55 -8 -22.2
      vertex 60.6280751397008 -0.9166908844823436 -22.2
      vertex 60.475598771356374 -0.6314276634023981 -22.2
    endloop
  endfacet
  facet normal 0 0 1
    outer loop
      vertex 55 -8 -22.2
      vertex 60.475598771356374 -0.6314276634023981 -22.2
      vertex 60.38170428733467 -0.3218990313266116 -22.2
    endloop
  endfacet
  facet normal 0 0 1
    outer loop
      vertex 55 -8 -22.2
      vertex 60.38170428733467 -0.3218990313266116 -22.2
      vertex 60.35 0 -22.2
    endloop
  endfacet
  facet normal 0 0 1
    outer loop
      vertex 55 -8 -22.2
      vertex 60.35 0 -22.2
      vertex 60.38170428733467 0.3218990313266116 -22.2
    endloop
  endfacet
  facet normal 0 0 1
    outer loop
      vertex 55 -8 -22.2
      vertex 60.38170428733467 0.3218990313266116 -22.2
      vertex 60.475598771356374 0.6314276634023981 -22.2
    endloop
  endfacet
  facet normal 0 0 1
    outer loop
      vertex 55 -8 -22.2
      vertex 60.475598771356374 0.6314276634023981 -22.2
      vertex 60.6280751397008 0.9166908844823436 -22.2
    endloop
  endfacet
  facet normal 0 0 1
    outer loop
      vertex 55 -8 -22.2
      vertex 62.32189903132661 -1.6182957126653301 -22.2
      vertex 62 -1.65 -22.2
    endloop
  endfacet
  facet normal 0 0 1
    outer loop
      vertex 55 -8 -22.2
      vertex 62.6314276634024 -1.524401228643623 -22.2
      vertex 62.32189903132661 -1.6182957126653301 -22.2
    endloop
  endfacet
  facet normal 0 0 1
    outer loop
      vertex 55 -8 -22.2
      vertex 62.91669088448234 -1.3719248602991996 -22.2
      vertex 62.6314276634024 -1.524401228643623 -22.2
    endloop
  endfacet
  facet normal 0 0 1
    outer loop
      vertex 55 -8 -22.2
      vertex 63.1667261889578 -1.1667261889578033 -22.2
      vertex 62.91669088448234 -1.3719248602991996 -22.2
    endloop
  endfacet
  facet normal 0 -1 0
    outer loop
      vertex 57.5 -8 -25.2
      vertex 89.5 -8 -25.2
      vertex 55 -8 -22.2
    endloop
  endfacet
  facet normal 0 0 -1
    outer loop
      vertex 57.5 -8 -25.2
      vertex 57.5 8 -25.2
      vertex 89.5 -8 -25.2
    endloop
  endfacet
  facet normal 0 0 1
    outer loop
      vertex 55 -8 -22.2
      vertex 82.83327381104219 -1.1667261889578033 -22.2
      vertex 82.6280751397008 -0.9166908844823436 -22.2
    endloop
  endfacet
  facet normal 0 0 1
    outer loop
      vertex 55 -8 -22.2
      vertex 82.6280751397008 -0.9166908844823436 -22.2
      vertex 82.47559877135637 -0.6314276634023981 -22.2
    endloop
  endfacet
  facet normal 0 0 1
    outer loop
      vertex 55 -8 -22.2
      vertex 82.47559877135637 -0.6314276634023981 -22.2
      vertex 82.38170428733467 -0.3218990313266116 -22.2
    endloop
  endfacet
  facet normal 0 0 1
    outer loop
      vertex 55 -8 -22.2
      vertex 82.38170428733467 -0.3218990313266116 -22.2
      vertex 82.35 0 -22.2
    endloop
  endfacet
  facet normal 0 0 1
    outer loop
      vertex 55 -8 -22.2
      vertex 82.35 0 -22.2
      vertex 82.38170428733467 0.3218990313266116 -22.2
    endloop
  endfacet
  facet normal 0 0 1
    outer loop
      vertex 55 -8 -22.2
      vertex 82.38170428733467 0.3218990313266116 -22.2
      vertex 82.47559877135637 0.6314276634023981 -22.2
    endloop
  endfacet
  facet normal 0 0 1
    outer loop
      vertex 55 -8 -22.2
      vertex 82.47559877135637 0.6314276634023981 -22.2
      vertex 82.6280751397008 0.9166908844823436 -22.2
    endloop
  endfacet
  facet normal 0 0 1
    outer loop
      vertex 55 -8 -22.2
      vertex 92 8 -22.2
      vertex 63.1667261889578 -1.1667261889578033 -22.2
    endloop
  endfacet
  facet normal 0 0 1
    outer loop
      vertex 55 -8 -22.2
      vertex 82.6280751397008 0.9166908844823436 -22.2
      vertex 82.83327381104219 1.1667261889578033 -22.2
    endloop
  endfacet
  facet normal -0.762895600573906 0 -0.6465216954016154
    outer loop
      vertex 55 -8 -22.25
      vertex 55 8 -22.25
      vertex 57.5 8 -25.2
    endloop
  endfacet
  facet normal 0 0 1
    outer loop
      vertex 55 -8 -22.2
      vertex 60.6280751397008 0.9166908844823436 -22.2
      vertex 55 8 -22.2
    endloop
  endfacet
  facet normal -1 0 0
    outer loop
      vertex 55 -8 -22.25
      vertex 55 8 -22.2
      vertex 55 8 -22.25
    endloop
  endfacet
  facet normal 0 0 1
    outer loop
      vertex 55 8 -22.2
      vertex 60.6280751397008 0.9166908844823436 -22.2
      vertex 60.8332738110422 1.1667261889578033 -22.2
    endloop
  endfacet
  facet normal 0 0 1
    outer loop
      vertex 55 8 -22.2
      vertex 60.8332738110422 1.1667261889578033 -22.2
      vertex 61.08330911551766 1.3719248602991996 -22.2
    endloop
  endfacet
  facet normal 0 0 1
    outer loop
      vertex 55 8 -22.2
      vertex 61.08330911551766 1.3719248602991996 -22.2
      vertex 61.3685723365976 1.524401228643623 -22.2
    endloop
  endfacet
  facet normal 0 0 1
    outer loop
      vertex 55 8 -22.2
      vertex 61.3685723365976 1.524401228643623 -22.2
      vertex 61.67810096867339 1.6182957126653301 -22.2
    endloop
  endfacet
  facet normal 0 0 1
    outer loop
      vertex 55 8 -22.2
      vertex 61.67810096867339 1.6182957126653301 -22.2
      vertex 62 1.65 -22.2
    endloop
  endfacet
  facet normal 0 0 1
    outer loop
      vertex 55 8 -22.2
      vertex 62.32189903132661 1.6182957126653301 -22.2
      vertex 62.6314276634024 1.524401228643623 -22.2
    endloop
  endfacet
  facet normal 0 0 1
    outer loop
      vertex 55 8 -22.2
      vertex 62.6314276634024 1.524401228643623 -22.2
      vertex 62.91669088448234 1.3719248602991996 -22.2
    endloop
  endfacet
  facet normal 0 0 1
    outer loop
      vertex 55 8 -22.2
      vertex 62 1.65 -22.2
      vertex 62.32189903132661 1.6182957126653301 -22.2
    endloop
  endfacet
  facet normal 0 0 1
    outer loop
      vertex 55 8 -22.2
      vertex 62.91669088448234 1.3719248602991996 -22.2
      vertex 63.1667261889578 1.1667261889578033 -22.2
    endloop
  endfacet
  facet normal 0 1 0
    outer loop
      vertex 57.5 8 -25.2
      vertex 55 8 -22.25
      vertex 55 8 -22.2
    endloop
  endfacet
  facet normal 0 0 1
    outer loop
      vertex 92 8 -22.2
      vertex 63.3719248602992 -0.9166908844823436 -22.2
      vertex 63.1667261889578 -1.1667261889578033 -22.2
    endloop
  endfacet
  facet normal 0 0 1
    outer loop
      vertex 92 8 -22.2
      vertex 63.524401228643626 -0.6314276634023981 -22.2
      vertex 63.3719248602992 -0.9166908844823436 -22.2
    endloop
  endfacet
  facet normal 0 0 1
    outer loop
      vertex 92 8 -22.2
      vertex 63.61829571266533 -0.3218990313266116 -22.2
      vertex 63.524401228643626 -0.6314276634023981 -22.2
    endloop
  endfacet
  facet normal 0 0 1
    outer loop
      vertex 92 8 -22.2
      vertex 63.65 0 -22.2
      vertex 63.61829571266533 -0.3218990313266116 -22.2
    endloop
  endfacet
  facet normal 0 0 1
    outer loop
      vertex 92 8 -22.2
      vertex 63.61829571266533 0.3218990313266116 -22.2
      vertex 63.65 0 -22.2
    endloop
  endfacet
  facet normal 0 0 1
    outer loop
      vertex 92 8 -22.2
      vertex 63.524401228643626 0.6314276634023981 -22.2
      vertex 63.61829571266533 0.3218990313266116 -22.2
    endloop
  endfacet
  facet normal 0 0 1
    outer loop
      vertex 92 8 -22.2
      vertex 63.1667261889578 1.1667261889578033 -22.2
      vertex 63.3719248602992 0.9166908844823436 -22.2
    endloop
  endfacet
  facet normal 0 0 1
    outer loop
      vertex 92 8 -22.2
      vertex 63.3719248602992 0.9166908844823436 -22.2
      vertex 63.524401228643626 0.6314276634023981 -22.2
    endloop
  endfacet
  facet normal 0 1 0
    outer loop
      vertex 57.5 8 -25.2
      vertex 55 8 -22.2
      vertex 92 8 -22.2
    endloop
  endfacet
  facet normal 0 0 1
    outer loop
      vertex 55 8 -22.2
      vertex 63.1667261889578 1.1667261889578033 -22.2
      vertex 92 8 -22.2
    endloop
  endfacet
  facet normal 0 -1 0
    outer loop
      vertex 55 -8 -22.2
      vertex 89.5 -8 -25.2
      vertex 92 -8 -22.2
    endloop
  endfacet
  facet normal 0 0 1
    outer loop
      vertex 55 -8 -22.2
      vertex 92 -8 -22.2
      vertex 84.32189903132661 -1.6182957126653301 -22.2
    endloop
  endfacet
  facet normal 0 0 1
    outer loop
      vertex 55 -8 -22.2
      vertex 83.08330911551765 -1.3719248602991996 -22.2
      vertex 82.83327381104219 -1.1667261889578033 -22.2
    endloop
  endfacet
  facet normal 0 0 1
    outer loop
      vertex 55 -8 -22.2
      vertex 83.36857233659761 -1.524401228643623 -22.2
      vertex 83.08330911551765 -1.3719248602991996 -22.2
    endloop
  endfacet
  facet normal 0 0 1
    outer loop
      vertex 55 -8 -22.2
      vertex 83.67810096867339 -1.6182957126653301 -22.2
      vertex 83.36857233659761 -1.524401228643623 -22.2
    endloop
  endfacet
  facet normal 0 0 1
    outer loop
      vertex 55 -8 -22.2
      vertex 84 -1.65 -22.2
      vertex 83.67810096867339 -1.6182957126653301 -22.2
    endloop
  endfacet
  facet normal 0 0 1
    outer loop
      vertex 55 -8 -22.2
      vertex 84.32189903132661 -1.6182957126653301 -22.2
      vertex 84 -1.65 -22.2
    endloop
  endfacet
  facet normal 0 0 1
    outer loop
      vertex 55 -8 -22.2
      vertex 82.83327381104219 1.1667261889578033 -22.2
      vertex 83.08330911551765 1.3719248602991996 -22.2
    endloop
  endfacet
  facet normal 0 -1 0
    outer loop
      vertex 89.5 -8 -25.2
      vertex 92 -8 -22.25
      vertex 92 -8 -22.2
    endloop
  endfacet
  facet normal 0.762895600573906 0 -0.6465216954016154
    outer loop
      vertex 89.5 -8 -25.2
      vertex 92 8 -22.25
      vertex 92 -8 -22.25
    endloop
  endfacet
  facet normal 0 0 1
    outer loop
      vertex 92 -8 -22.2
      vertex 84.63142766340239 -1.524401228643623 -22.2
      vertex 84.32189903132661 -1.6182957126653301 -22.2
    endloop
  endfacet
  facet normal 0 0 1
    outer loop
      vertex 92 -8 -22.2
      vertex 84.91669088448235 -1.3719248602991996 -22.2
      vertex 84.63142766340239 -1.524401228643623 -22.2
    endloop
  endfacet
  facet normal 0 0 1
    outer loop
      vertex 92 -8 -22.2
      vertex 85.16672618895781 -1.1667261889578033 -22.2
      vertex 84.91669088448235 -1.3719248602991996 -22.2
    endloop
  endfacet
  facet normal 0 0 1
    outer loop
      vertex 92 -8 -22.2
      vertex 85.3719248602992 -0.9166908844823436 -22.2
      vertex 85.16672618895781 -1.1667261889578033 -22.2
    endloop
  endfacet
  facet normal 0 0 1
    outer loop
      vertex 92 -8 -22.2
      vertex 85.52440122864363 -0.6314276634023981 -22.2
      vertex 85.3719248602992 -0.9166908844823436 -22.2
    endloop
  endfacet
  facet normal 0 0 1
    outer loop
      vertex 92 -8 -22.2
      vertex 85.61829571266533 -0.3218990313266116 -22.2
      vertex 85.52440122864363 -0.6314276634023981 -22.2
    endloop
  endfacet
  facet normal 0 0 1
    outer loop
      vertex 92 -8 -22.2
      vertex 85.65 0 -22.2
      vertex 85.61829571266533 -0.3218990313266116 -22.2
    endloop
  endfacet
  facet normal 1 0 0
    outer loop
      vertex 92 -8 -22.25
      vertex 92 8 -22.25
      vertex 92 -8 -22.2
    endloop
  endfacet
  facet normal 0 0 -1
    outer loop
      vertex 57.5 8 -25.2
      vertex 89.5 8 -25.2
      vertex 89.5 -8 -25.2
    endloop
  endfacet
  facet normal 0 0 1
    outer loop
      vertex 55 -8 -22.2
      vertex 83.08330911551765 1.3719248602991996 -22.2
      vertex 92 8 -22.2
    endloop
  endfacet
  facet normal 0 1 0
    outer loop
      vertex 57.5 8 -25.2
      vertex 92 8 -22.25
      vertex 89.5 8 -25.2
    endloop
  endfacet
  facet normal 0 1 0
    outer loop
      vertex 57.5 8 -25.2
      vertex 92 8 -22.2
      vertex 92 8 -22.25
    endloop
  endfacet
  facet normal 0.762895600573906 0 -0.6465216954016154
    outer loop
      vertex 89.5 -8 -25.2
      vertex 89.5 8 -25.2
      vertex 92 8 -22.25
    endloop
  endfacet
  facet normal 0 0 1
    outer loop
      vertex 92 8 -22.2
      vertex 83.08330911551765 1.3719248602991996 -22.2
      vertex 83.36857233659761 1.524401228643623 -22.2
    endloop
  endfacet
  facet normal 0 0 1
    outer loop
      vertex 92 8 -22.2
      vertex 83.36857233659761 1.524401228643623 -22.2
      vertex 83.67810096867339 1.6182957126653301 -22.2
    endloop
  endfacet
  facet normal 0 0 1
    outer loop
      vertex 92 8 -22.2
      vertex 83.67810096867339 1.6182957126653301 -22.2
      vertex 84 1.65 -22.2
    endloop
  endfacet
  facet normal 0 0 1
    outer loop
      vertex 92 8 -22.2
      vertex 84 1.65 -22.2
      vertex 84.32189903132661 1.6182957126653301 -22.2
    endloop
  endfacet
  facet normal 0 0 1
    outer loop
      vertex 92 8 -22.2
      vertex 84.32189903132661 1.6182957126653301 -22.2
      vertex 84.63142766340239 1.524401228643623 -22.2
    endloop
  endfacet
  facet normal 0 0 1
    outer loop
      vertex 92 8 -22.2
      vertex 84.91669088448235 1.3719248602991996 -22.2
      vertex 85.16672618895781 1.1667261889578033 -22.2
    endloop
  endfacet
  facet normal 0 0 1
    outer loop
      vertex 92 8 -22.2
      vertex 84.63142766340239 1.524401228643623 -22.2
      vertex 84.91669088448235 1.3719248602991996 -22.2
    endloop
  endfacet
  facet normal 0 0 1
    outer loop
      vertex 92 -8 -22.2
      vertex 92 8 -22.2
      vertex 85.65 0 -22.2
    endloop
  endfacet
  facet normal 0 0 1
    outer loop
      vertex 92 8 -22.2
      vertex 85.61829571266533 0.3218990313266116 -22.2
      vertex 85.65 0 -22.2
    endloop
  endfacet
  facet normal 0 0 1
    outer loop
      vertex 92 8 -22.2
      vertex 85.52440122864363 0.6314276634023981 -22.2
      vertex 85.61829571266533 0.3218990313266116 -22.2
    endloop
  endfacet
  facet normal 0 0 1
    outer loop
      vertex 92 8 -22.2
      vertex 85.3719248602992 0.9166908844823436 -22.2
      vertex 85.52440122864363 0.6314276634023981 -22.2
    endloop
  endfacet
  facet normal 0 0 1
    outer loop
      vertex 92 8 -22.2
      vertex 85.16672618895781 1.1667261889578033 -22.2
      vertex 85.3719248602992 0.9166908844823436 -22.2
    endloop
  endfacet
  facet normal 1 0 0
    outer loop
      vertex 92 -8 -22.2
      vertex 92 8 -22.25
      vertex 92 8 -22.2
    endloop
  endfacet
  facet normal 0 0 -1
    outer loop
      vertex 60.69185245480489 -1.308147545195113 -19.75
      vertex 60.6280751397008 -0.9166908844823436 -19.75
      vertex 60.8332738110422 -1.1667261889578033 -19.75
    endloop
  endfacet
  facet normal 0 0 -1
    outer loop
      vertex 60.69185245480489 -1.308147545195113 -19.75
      vertex 60.46178121724029 -1.027804931086264 -19.75
      vertex 60.6280751397008 -0.9166908844823436 -19.75
    endloop
  endfacet
  facet normal 0 0 -1
    outer loop
      vertex 61.29203565012458 -1.7091771351458807 -19.75
      vertex 60.972195068913734 -1.5382187827597087 -19.75
      vertex 61.08330911551766 -1.3719248602991996 -19.75
    endloop
  endfacet
  facet normal 0 0 -1
    outer loop
      vertex 61.29203565012458 -1.7091771351458807 -19.75
      vertex 61.08330911551766 -1.3719248602991996 -19.75
      vertex 61.3685723365976 -1.524401228643623 -19.75
    endloop
  endfacet
  facet normal 0 0 -1
    outer loop
      vertex 61.63908290427016 -1.8144527687459764 -19.75
      vertex 61.67810096867339 -1.6182957126653301 -19.75
      vertex 62 -1.85 -19.75
    endloop
  endfacet
  facet normal 0 0 -1
    outer loop
      vertex 61.63908290427016 -1.8144527687459764 -19.75
      vertex 61.29203565012458 -1.7091771351458807 -19.75
      vertex 61.3685723365976 -1.524401228643623 -19.75
    endloop
  endfacet
  facet normal 0 0 -1
    outer loop
      vertex 61.63908290427016 -1.8144527687459764 -19.75
      vertex 61.3685723365976 -1.524401228643623 -19.75
      vertex 61.67810096867339 -1.6182957126653301 -19.75
    endloop
  endfacet
  facet normal 0 0 -1
    outer loop
      vertex 61.67810096867339 -1.6182957126653301 -19.75
      vertex 62 -1.65 -19.75
      vertex 62 -1.85 -19.75
    endloop
  endfacet
  facet normal 0 0 -1
    outer loop
      vertex 60.972195068913734 -1.5382187827597087 -19.75
      vertex 60.69185245480489 -1.308147545195113 -19.75
      vertex 60.8332738110422 -1.1667261889578033 -19.75
    endloop
  endfacet
  facet normal 0 0 -1
    outer loop
      vertex 60.972195068913734 -1.5382187827597087 -19.75
      vertex 60.8332738110422 -1.1667261889578033 -19.75
      vertex 61.08330911551766 -1.3719248602991996 -19.75
    endloop
  endfacet
  facet normal 0 0 -1
    outer loop
      vertex 60.46178121724029 -1.027804931086264 -19.75
      vertex 60.475598771356374 -0.6314276634023981 -19.75
      vertex 60.6280751397008 -0.9166908844823436 -19.75
    endloop
  endfacet
  facet normal 0 0 -1
    outer loop
      vertex 60.46178121724029 -1.027804931086264 -19.75
      vertex 60.29082286485412 -0.7079643498754161 -19.75
      vertex 60.38170428733467 -0.3218990313266116 -19.75
    endloop
  endfacet
  facet normal 0 0 -1
    outer loop
      vertex 60.46178121724029 -1.027804931086264 -19.75
      vertex 60.38170428733467 -0.3218990313266116 -19.75
      vertex 60.475598771356374 -0.6314276634023981 -19.75
    endloop
  endfacet
  facet normal 0 0 -1
    outer loop
      vertex 60.29082286485412 -0.7079643498754161 -19.75
      vertex 60.35 0 -19.75
      vertex 60.38170428733467 -0.3218990313266116 -19.75
    endloop
  endfacet
  facet normal 0 0 -1
    outer loop
      vertex 60.29082286485412 -0.7079643498754161 -19.75
      vertex 60.18554723125402 -0.36091709572983727 -19.75
      vertex 60.29082286485412 0.7079643498754161 -19.75
    endloop
  endfacet
  facet normal 0 0 -1
    outer loop
      vertex 62 -1.85 -19.75
      vertex 62 -1.65 -19.75
      vertex 62.36091709572984 -1.8144527687459764 -19.75
    endloop
  endfacet
  facet normal 0 0 -1
    outer loop
      vertex 62.36091709572984 -1.8144527687459764 -19.75
      vertex 62 -1.65 -19.75
      vertex 62.32189903132661 -1.6182957126653301 -19.75
    endloop
  endfacet
  facet normal 0 0 -1
    outer loop
      vertex 62.36091709572984 -1.8144527687459764 -19.75
      vertex 62.32189903132661 -1.6182957126653301 -19.75
      vertex 62.70796434987542 -1.7091771351458807 -19.75
    endloop
  endfacet
  facet normal 0 0 -1
    outer loop
      vertex 62.70796434987542 -1.7091771351458807 -19.75
      vertex 62.32189903132661 -1.6182957126653301 -19.75
      vertex 62.6314276634024 -1.524401228643623 -19.75
    endloop
  endfacet
  facet normal 0 0 -1
    outer loop
      vertex 62.70796434987542 -1.7091771351458807 -19.75
      vertex 62.6314276634024 -1.524401228643623 -19.75
      vertex 63.027804931086266 -1.5382187827597087 -19.75
    endloop
  endfacet
  facet normal 0 0 -1
    outer loop
      vertex 62.6314276634024 -1.524401228643623 -19.75
      vertex 62.91669088448234 -1.3719248602991996 -19.75
      vertex 63.027804931086266 -1.5382187827597087 -19.75
    endloop
  endfacet
  facet normal 0 0 -1
    outer loop
      vertex 63.027804931086266 -1.5382187827597087 -19.75
      vertex 62.91669088448234 -1.3719248602991996 -19.75
      vertex 63.30814754519511 -1.308147545195113 -19.75
    endloop
  endfacet
  facet normal 0 0 -1
    outer loop
      vertex 62.91669088448234 -1.3719248602991996 -19.75
      vertex 63.1667261889578 -1.1667261889578033 -19.75
      vertex 63.30814754519511 -1.308147545195113 -19.75
    endloop
  endfacet
  facet normal 0 0 -1
    outer loop
      vertex 63.30814754519511 -1.308147545195113 -19.75
      vertex 63.1667261889578 -1.1667261889578033 -19.75
      vertex 63.53821878275971 -1.027804931086264 -19.75
    endloop
  endfacet
  facet normal 0 0 -1
    outer loop
      vertex 63.1667261889578 -1.1667261889578033 -19.75
      vertex 63.3719248602992 -0.9166908844823436 -19.75
      vertex 63.53821878275971 -1.027804931086264 -19.75
    endloop
  endfacet
  facet normal 0 0 -1
    outer loop
      vertex 63.53821878275971 -1.027804931086264 -19.75
      vertex 63.3719248602992 -0.9166908844823436 -19.75
      vertex 63.524401228643626 -0.6314276634023981 -19.75
    endloop
  endfacet
  facet normal 0 0 -1
    outer loop
      vertex 63.53821878275971 -1.027804931086264 -19.75
      vertex 63.524401228643626 -0.6314276634023981 -19.75
      vertex 63.70917713514588 -0.7079643498754161 -19.75
    endloop
  endfacet
  facet normal 0 0 -1
    outer loop
      vertex 63.70917713514588 -0.7079643498754161 -19.75
      vertex 63.524401228643626 -0.6314276634023981 -19.75
      vertex 63.61829571266533 -0.3218990313266116 -19.75
    endloop
  endfacet
  facet normal 0 0 -1
    outer loop
      vertex 63.70917713514588 -0.7079643498754161 -19.75
      vertex 63.61829571266533 -0.3218990313266116 -19.75
      vertex 63.65 0 -19.75
    endloop
  endfacet
  facet normal 0 0 -1
    outer loop
      vertex 63.70917713514588 -0.7079643498754161 -19.75
      vertex 63.81445276874598 0.36091709572983727 -19.75
      vertex 63.81445276874598 -0.36091709572983727 -19.75
    endloop
  endfacet
  facet normal -0.7730104533627391 -0.6343932841636429 -1.652221750891831e-17
    outer loop
      vertex 60.69185245480489 -1.308147545195113 -19.75
      vertex 60.46178121724029 -1.027804931086264 -18.95
      vertex 60.46178121724029 -1.027804931086264 -19.75
    endloop
  endfacet
  facet normal -0.7730104533627391 -0.6343932841636429 0
    outer loop
      vertex 60.69185245480489 -1.308147545195113 -19.75
      vertex 60.69185245480489 -1.308147545195113 -18.95
      vertex 60.46178121724029 -1.027804931086264 -18.95
    endloop
  endfacet
  facet normal -0.47139673682599853 -0.8819212643483545 0
    outer loop
      vertex 61.29203565012458 -1.7091771351458807 -19.75
      vertex 61.29203565012458 -1.7091771351458807 -18.95
      vertex 60.972195068913734 -1.5382187827597087 -19.75
    endloop
  endfacet
  facet normal -0.2902846772544619 -0.9569403357322089 0
    outer loop
      vertex 61.63908290427016 -1.8144527687459764 -19.75
      vertex 61.63908290427016 -1.8144527687459764 -18.95
      vertex 61.29203565012458 -1.7091771351458807 -19.75
    endloop
  endfacet
  facet normal -0.09801714032956027 -0.9951847266721969 -2.9704559947041907e-18
    outer loop
      vertex 61.63908290427016 -1.8144527687459764 -19.75
      vertex 62 -1.85 -19.75
      vertex 62 -1.85 -18.95
    endloop
  endfacet
  facet normal -0.47139673682599853 -0.8819212643483545 0
    outer loop
      vertex 60.972195068913734 -1.5382187827597087 -19.75
      vertex 61.29203565012458 -1.7091771351458807 -18.95
      vertex 60.972195068913734 -1.5382187827597087 -18.95
    endloop
  endfacet
  facet normal -0.09801714032956027 -0.9951847266721969 0
    outer loop
      vertex 61.63908290427016 -1.8144527687459764 -19.75
      vertex 62 -1.85 -18.95
      vertex 61.63908290427016 -1.8144527687459764 -18.95
    endloop
  endfacet
  facet normal -0.2902846772544619 -0.9569403357322089 0
    outer loop
      vertex 61.29203565012458 -1.7091771351458807 -19.75
      vertex 61.63908290427016 -1.8144527687459764 -18.95
      vertex 61.29203565012458 -1.7091771351458807 -18.95
    endloop
  endfacet
  facet normal -0.6343932841636484 -0.7730104533627344 0
    outer loop
      vertex 60.972195068913734 -1.5382187827597087 -19.75
      vertex 60.972195068913734 -1.5382187827597087 -18.95
      vertex 60.69185245480489 -1.308147545195113 -19.75
    endloop
  endfacet
  facet normal -0.6343932841636484 -0.7730104533627344 1.1203959358837657e-17
    outer loop
      vertex 60.972195068913734 -1.5382187827597087 -18.95
      vertex 60.69185245480489 -1.308147545195113 -18.95
      vertex 60.69185245480489 -1.308147545195113 -19.75
    endloop
  endfacet
  facet normal 0 0 1
    outer loop
      vertex 60.69185245480489 -1.308147545195113 -18.95
      vertex 60.8332738110422 -1.1667261889578033 -18.95
      vertex 60.46178121724029 -1.027804931086264 -18.95
    endloop
  endfacet
  facet normal 0 0 1
    outer loop
      vertex 60.8332738110422 -1.1667261889578033 -18.95
      vertex 60.6280751397008 -0.9166908844823436 -18.95
      vertex 60.46178121724029 -1.027804931086264 -18.95
    endloop
  endfacet
  facet normal 0 0 1
    outer loop
      vertex 61.29203565012458 -1.7091771351458807 -18.95
      vertex 61.3685723365976 -1.524401228643623 -18.95
      vertex 60.972195068913734 -1.5382187827597087 -18.95
    endloop
  endfacet
  facet normal 0 0 1
    outer loop
      vertex 61.63908290427016 -1.8144527687459764 -18.95
      vertex 62 -1.85 -18.95
      vertex 62 -1.65 -18.95
    endloop
  endfacet
  facet normal 0 0 1
    outer loop
      vertex 61.63908290427016 -1.8144527687459764 -18.95
      vertex 61.67810096867339 -1.6182957126653301 -18.95
      vertex 61.29203565012458 -1.7091771351458807 -18.95
    endloop
  endfacet
  facet normal 0 0 1
    outer loop
      vertex 61.29203565012458 -1.7091771351458807 -18.95
      vertex 61.67810096867339 -1.6182957126653301 -18.95
      vertex 61.3685723365976 -1.524401228643623 -18.95
    endloop
  endfacet
  facet normal 0 0 1
    outer loop
      vertex 61.63908290427016 -1.8144527687459764 -18.95
      vertex 62 -1.65 -18.95
      vertex 61.67810096867339 -1.6182957126653301 -18.95
    endloop
  endfacet
  facet normal 0 0 1
    outer loop
      vertex 60.972195068913734 -1.5382187827597087 -18.95
      vertex 61.08330911551766 -1.3719248602991996 -18.95
      vertex 60.69185245480489 -1.308147545195113 -18.95
    endloop
  endfacet
  facet normal 0 0 1
    outer loop
      vertex 60.69185245480489 -1.308147545195113 -18.95
      vertex 61.08330911551766 -1.3719248602991996 -18.95
      vertex 60.8332738110422 -1.1667261889578033 -18.95
    endloop
  endfacet
  facet normal 0 0 1
    outer loop
      vertex 60.972195068913734 -1.5382187827597087 -18.95
      vertex 61.3685723365976 -1.524401228643623 -18.95
      vertex 61.08330911551766 -1.3719248602991996 -18.95
    endloop
  endfacet
  facet normal -0.8819212643483543 -0.47139673682599903 2.1035772634859505e-18
    outer loop
      vertex 60.46178121724029 -1.027804931086264 -19.75
      vertex 60.29082286485412 -0.7079643498754161 -18.95
      vertex 60.29082286485412 -0.7079643498754161 -19.75
    endloop
  endfacet
  facet normal -0.8819212643483543 -0.47139673682599903 0
    outer loop
      vertex 60.46178121724029 -1.027804931086264 -19.75
      vertex 60.46178121724029 -1.027804931086264 -18.95
      vertex 60.29082286485412 -0.7079643498754161 -18.95
    endloop
  endfacet
  facet normal -0.9569403357322049 -0.29028467725447554 0
    outer loop
      vertex 60.29082286485412 -0.7079643498754161 -19.75
      vertex 60.29082286485412 -0.7079643498754161 -18.95
      vertex 60.18554723125402 -0.36091709572983727 -18.95
    endloop
  endfacet
  facet normal -0.9951847266721975 -0.09801714032955464 2.7797322966391384e-18
    outer loop
      vertex 60.18554723125402 -0.36091709572983727 -19.75
      vertex 60.15 0 -18.95
      vertex 60.15 0 -19.75
    endloop
  endfacet
  facet normal -0.9569403357322049 -0.29028467725447554 9.90313779909529e-19
    outer loop
      vertex 60.29082286485412 -0.7079643498754161 -19.75
      vertex 60.18554723125402 -0.36091709572983727 -18.95
      vertex 60.18554723125402 -0.36091709572983727 -19.75
    endloop
  endfacet
  facet normal -0.9951847266721975 -0.09801714032955464 0
    outer loop
      vertex 60.18554723125402 -0.36091709572983727 -19.75
      vertex 60.18554723125402 -0.36091709572983727 -18.95
      vertex 60.15 0 -18.95
    endloop
  endfacet
  facet normal 0 0 1
    outer loop
      vertex 60.46178121724029 -1.027804931086264 -18.95
      vertex 60.475598771356374 -0.6314276634023981 -18.95
      vertex 60.29082286485412 -0.7079643498754161 -18.95
    endloop
  endfacet
  facet normal 0 0 1
    outer loop
      vertex 60.46178121724029 -1.027804931086264 -18.95
      vertex 60.6280751397008 -0.9166908844823436 -18.95
      vertex 60.475598771356374 -0.6314276634023981 -18.95
    endloop
  endfacet
  facet normal 0 0 1
    outer loop
      vertex 60.29082286485412 -0.7079643498754161 -18.95
      vertex 60.475598771356374 -0.6314276634023981 -18.95
      vertex 60.38170428733467 -0.3218990313266116 -18.95
    endloop
  endfacet
  facet normal 0 0 1
    outer loop
      vertex 60.29082286485412 -0.7079643498754161 -18.95
      vertex 60.38170428733467 -0.3218990313266116 -18.95
      vertex 60.35 0 -18.95
    endloop
  endfacet
  facet normal 0 0 1
    outer loop
      vertex 60.29082286485412 -0.7079643498754161 -18.95
      vertex 60.18554723125402 0.36091709572983727 -18.95
      vertex 60.18554723125402 -0.36091709572983727 -18.95
    endloop
  endfacet
  facet normal 0.09801714032956027 -0.9951847266721969 2.9704559947041907e-18
    outer loop
      vertex 62 -1.85 -19.75
      vertex 62.36091709572984 -1.8144527687459764 -19.75
      vertex 62.36091709572984 -1.8144527687459764 -18.95
    endloop
  endfacet
  facet normal 0.2902846772544619 -0.9569403357322089 -8.67384849553268e-18
    outer loop
      vertex 62.36091709572984 -1.8144527687459764 -19.75
      vertex 62.70796434987542 -1.7091771351458807 -19.75
      vertex 62.70796434987542 -1.7091771351458807 -18.95
    endloop
  endfacet
  facet normal 0.47139673682599853 -0.8819212643483545 5.6501772677432414e-18
    outer loop
      vertex 62.70796434987542 -1.7091771351458807 -19.75
      vertex 63.027804931086266 -1.5382187827597087 -19.75
      vertex 63.027804931086266 -1.5382187827597087 -18.95
    endloop
  endfacet
  facet normal 0.09801714032956027 -0.9951847266721969 0
    outer loop
      vertex 62 -1.85 -19.75
      vertex 62.36091709572984 -1.8144527687459764 -18.95
      vertex 62 -1.85 -18.95
    endloop
  endfacet
  facet normal 0.2902846772544619 -0.9569403357322089 0
    outer loop
      vertex 62.36091709572984 -1.8144527687459764 -19.75
      vertex 62.70796434987542 -1.7091771351458807 -18.95
      vertex 62.36091709572984 -1.8144527687459764 -18.95
    endloop
  endfacet
  facet normal 0.47139673682599853 -0.8819212643483545 0
    outer loop
      vertex 62.70796434987542 -1.7091771351458807 -19.75
      vertex 63.027804931086266 -1.5382187827597087 -18.95
      vertex 62.70796434987542 -1.7091771351458807 -18.95
    endloop
  endfacet
  facet normal 0.6343932841636484 -0.7730104533627344 -1.1203959358837657e-17
    outer loop
      vertex 63.027804931086266 -1.5382187827597087 -19.75
      vertex 63.30814754519511 -1.308147545195113 -19.75
      vertex 63.30814754519511 -1.308147545195113 -18.95
    endloop
  endfacet
  facet normal 0.7730104533627391 -0.6343932841636429 0
    outer loop
      vertex 63.30814754519511 -1.308147545195113 -19.75
      vertex 63.53821878275971 -1.027804931086264 -19.75
      vertex 63.30814754519511 -1.308147545195113 -18.95
    endloop
  endfacet
  facet normal 0.6343932841636484 -0.7730104533627344 0
    outer loop
      vertex 63.027804931086266 -1.5382187827597087 -19.75
      vertex 63.30814754519511 -1.308147545195113 -18.95
      vertex 63.027804931086266 -1.5382187827597087 -18.95
    endloop
  endfacet
  facet normal 0.7730104533627391 -0.6343932841636429 1.652221750891831e-17
    outer loop
      vertex 63.30814754519511 -1.308147545195113 -18.95
      vertex 63.53821878275971 -1.027804931086264 -19.75
      vertex 63.53821878275971 -1.027804931086264 -18.95
    endloop
  endfacet
  facet normal 0 0 1
    outer loop
      vertex 62 -1.85 -18.95
      vertex 62.36091709572984 -1.8144527687459764 -18.95
      vertex 62.32189903132661 -1.6182957126653301 -18.95
    endloop
  endfacet
  facet normal 0 0 1
    outer loop
      vertex 62 -1.85 -18.95
      vertex 62.32189903132661 -1.6182957126653301 -18.95
      vertex 62 -1.65 -18.95
    endloop
  endfacet
  facet normal 0 0 1
    outer loop
      vertex 62.36091709572984 -1.8144527687459764 -18.95
      vertex 62.6314276634024 -1.524401228643623 -18.95
      vertex 62.32189903132661 -1.6182957126653301 -18.95
    endloop
  endfacet
  facet normal 0 0 1
    outer loop
      vertex 62.36091709572984 -1.8144527687459764 -18.95
      vertex 62.70796434987542 -1.7091771351458807 -18.95
      vertex 62.6314276634024 -1.524401228643623 -18.95
    endloop
  endfacet
  facet normal 0 0 1
    outer loop
      vertex 62.70796434987542 -1.7091771351458807 -18.95
      vertex 62.91669088448234 -1.3719248602991996 -18.95
      vertex 62.6314276634024 -1.524401228643623 -18.95
    endloop
  endfacet
  facet normal 0 0 1
    outer loop
      vertex 62.70796434987542 -1.7091771351458807 -18.95
      vertex 63.027804931086266 -1.5382187827597087 -18.95
      vertex 62.91669088448234 -1.3719248602991996 -18.95
    endloop
  endfacet
  facet normal 0 0 1
    outer loop
      vertex 63.027804931086266 -1.5382187827597087 -18.95
      vertex 63.1667261889578 -1.1667261889578033 -18.95
      vertex 62.91669088448234 -1.3719248602991996 -18.95
    endloop
  endfacet
  facet normal 0 0 1
    outer loop
      vertex 63.027804931086266 -1.5382187827597087 -18.95
      vertex 63.30814754519511 -1.308147545195113 -18.95
      vertex 63.1667261889578 -1.1667261889578033 -18.95
    endloop
  endfacet
  facet normal 0 0 1
    outer loop
      vertex 63.30814754519511 -1.308147545195113 -18.95
      vertex 63.3719248602992 -0.9166908844823436 -18.95
      vertex 63.1667261889578 -1.1667261889578033 -18.95
    endloop
  endfacet
  facet normal 0 0 1
    outer loop
      vertex 63.30814754519511 -1.308147545195113 -18.95
      vertex 63.53821878275971 -1.027804931086264 -18.95
      vertex 63.3719248602992 -0.9166908844823436 -18.95
    endloop
  endfacet
  facet normal 0.8819212643483543 -0.47139673682599903 0
    outer loop
      vertex 63.53821878275971 -1.027804931086264 -19.75
      vertex 63.70917713514588 -0.7079643498754161 -19.75
      vertex 63.53821878275971 -1.027804931086264 -18.95
    endloop
  endfacet
  facet normal 0.9569403357322049 -0.29028467725447554 0
    outer loop
      vertex 63.70917713514588 -0.7079643498754161 -19.75
      vertex 63.81445276874598 -0.36091709572983727 -19.75
      vertex 63.70917713514588 -0.7079643498754161 -18.95
    endloop
  endfacet
  facet normal 0.8819212643483543 -0.47139673682599903 -2.1035772634859505e-18
    outer loop
      vertex 63.53821878275971 -1.027804931086264 -18.95
      vertex 63.70917713514588 -0.7079643498754161 -19.75
      vertex 63.70917713514588 -0.7079643498754161 -18.95
    endloop
  endfacet
  facet normal 0.9951847266721975 -0.09801714032955464 0
    outer loop
      vertex 63.81445276874598 -0.36091709572983727 -19.75
      vertex 63.85 0 -19.75
      vertex 63.81445276874598 -0.36091709572983727 -18.95
    endloop
  endfacet
  facet normal 0.9569403357322049 -0.29028467725447554 -9.90313779909529e-19
    outer loop
      vertex 63.70917713514588 -0.7079643498754161 -18.95
      vertex 63.81445276874598 -0.36091709572983727 -19.75
      vertex 63.81445276874598 -0.36091709572983727 -18.95
    endloop
  endfacet
  facet normal 0.9951847266721975 -0.09801714032955464 -2.7797322966391384e-18
    outer loop
      vertex 63.81445276874598 -0.36091709572983727 -18.95
      vertex 63.85 0 -19.75
      vertex 63.85 0 -18.95
    endloop
  endfacet
  facet normal 0 0 1
    outer loop
      vertex 63.53821878275971 -1.027804931086264 -18.95
      vertex 63.524401228643626 -0.6314276634023981 -18.95
      vertex 63.3719248602992 -0.9166908844823436 -18.95
    endloop
  endfacet
  facet normal 0 0 1
    outer loop
      vertex 63.53821878275971 -1.027804931086264 -18.95
      vertex 63.61829571266533 -0.3218990313266116 -18.95
      vertex 63.524401228643626 -0.6314276634023981 -18.95
    endloop
  endfacet
  facet normal 0 0 1
    outer loop
      vertex 63.53821878275971 -1.027804931086264 -18.95
      vertex 63.70917713514588 -0.7079643498754161 -18.95
      vertex 63.61829571266533 -0.3218990313266116 -18.95
    endloop
  endfacet
  facet normal 0 0 1
    outer loop
      vertex 63.70917713514588 -0.7079643498754161 -18.95
      vertex 63.65 0 -18.95
      vertex 63.61829571266533 -0.3218990313266116 -18.95
    endloop
  endfacet
  facet normal 0 0 1
    outer loop
      vertex 63.70917713514588 -0.7079643498754161 -18.95
      vertex 63.81445276874598 -0.36091709572983727 -18.95
      vertex 63.70917713514588 0.7079643498754161 -18.95
    endloop
  endfacet
  facet normal 0 0 -1
    outer loop
      vertex 60.18554723125402 -0.36091709572983727 -19.75
      vertex 60.15 0 -19.75
      vertex 60.18554723125402 0.36091709572983727 -19.75
    endloop
  endfacet
  facet normal 0 0 -1
    outer loop
      vertex 60.29082286485412 -0.7079643498754161 -19.75
      vertex 60.29082286485412 0.7079643498754161 -19.75
      vertex 60.35 0 -19.75
    endloop
  endfacet
  facet normal 0 0 -1
    outer loop
      vertex 60.18554723125402 -0.36091709572983727 -19.75
      vertex 60.18554723125402 0.36091709572983727 -19.75
      vertex 60.29082286485412 0.7079643498754161 -19.75
    endloop
  endfacet
  facet normal 0 0 -1
    outer loop
      vertex 60.35 0 -19.75
      vertex 60.29082286485412 0.7079643498754161 -19.75
      vertex 60.38170428733467 0.3218990313266116 -19.75
    endloop
  endfacet
  facet normal 0 0 -1
    outer loop
      vertex 60.38170428733467 0.3218990313266116 -19.75
      vertex 60.29082286485412 0.7079643498754161 -19.75
      vertex 60.475598771356374 0.6314276634023981 -19.75
    endloop
  endfacet
  facet normal 0 0 -1
    outer loop
      vertex 60.475598771356374 0.6314276634023981 -19.75
      vertex 60.29082286485412 0.7079643498754161 -19.75
      vertex 60.46178121724029 1.027804931086264 -19.75
    endloop
  endfacet
  facet normal 0 0 -1
    outer loop
      vertex 60.475598771356374 0.6314276634023981 -19.75
      vertex 60.46178121724029 1.027804931086264 -19.75
      vertex 60.6280751397008 0.9166908844823436 -19.75
    endloop
  endfacet
  facet normal 0 0 -1
    outer loop
      vertex 60.6280751397008 0.9166908844823436 -19.75
      vertex 60.46178121724029 1.027804931086264 -19.75
      vertex 60.8332738110422 1.1667261889578033 -19.75
    endloop
  endfacet
  facet normal 0 0 -1
    outer loop
      vertex 60.46178121724029 1.027804931086264 -19.75
      vertex 60.69185245480489 1.308147545195113 -19.75
      vertex 60.8332738110422 1.1667261889578033 -19.75
    endloop
  endfacet
  facet normal 0 0 -1
    outer loop
      vertex 60.8332738110422 1.1667261889578033 -19.75
      vertex 60.69185245480489 1.308147545195113 -19.75
      vertex 61.08330911551766 1.3719248602991996 -19.75
    endloop
  endfacet
  facet normal 0 0 -1
    outer loop
      vertex 60.69185245480489 1.308147545195113 -19.75
      vertex 60.972195068913734 1.5382187827597087 -19.75
      vertex 61.08330911551766 1.3719248602991996 -19.75
    endloop
  endfacet
  facet normal 0 0 -1
    outer loop
      vertex 61.08330911551766 1.3719248602991996 -19.75
      vertex 60.972195068913734 1.5382187827597087 -19.75
      vertex 61.3685723365976 1.524401228643623 -19.75
    endloop
  endfacet
  facet normal 0 0 -1
    outer loop
      vertex 60.972195068913734 1.5382187827597087 -19.75
      vertex 61.29203565012458 1.7091771351458807 -19.75
      vertex 61.3685723365976 1.524401228643623 -19.75
    endloop
  endfacet
  facet normal 0 0 -1
    outer loop
      vertex 61.3685723365976 1.524401228643623 -19.75
      vertex 61.29203565012458 1.7091771351458807 -19.75
      vertex 61.67810096867339 1.6182957126653301 -19.75
    endloop
  endfacet
  facet normal 0 0 -1
    outer loop
      vertex 61.67810096867339 1.6182957126653301 -19.75
      vertex 61.29203565012458 1.7091771351458807 -19.75
      vertex 61.63908290427016 1.8144527687459764 -19.75
    endloop
  endfacet
  facet normal 0 0 -1
    outer loop
      vertex 61.67810096867339 1.6182957126653301 -19.75
      vertex 61.63908290427016 1.8144527687459764 -19.75
      vertex 62 1.65 -19.75
    endloop
  endfacet
  facet normal 0 0 -1
    outer loop
      vertex 61.63908290427016 1.8144527687459764 -19.75
      vertex 62 1.85 -19.75
      vertex 62 1.65 -19.75
    endloop
  endfacet
  facet normal 0 0 -1
    outer loop
      vertex 63.65 0 -19.75
      vertex 63.61829571266533 0.3218990313266116 -19.75
      vertex 63.70917713514588 0.7079643498754161 -19.75
    endloop
  endfacet
  facet normal 0 0 -1
    outer loop
      vertex 63.70917713514588 -0.7079643498754161 -19.75
      vertex 63.65 0 -19.75
      vertex 63.70917713514588 0.7079643498754161 -19.75
    endloop
  endfacet
  facet normal 0 0 -1
    outer loop
      vertex 63.70917713514588 -0.7079643498754161 -19.75
      vertex 63.70917713514588 0.7079643498754161 -19.75
      vertex 63.81445276874598 0.36091709572983727 -19.75
    endloop
  endfacet
  facet normal 0 0 -1
    outer loop
      vertex 63.81445276874598 -0.36091709572983727 -19.75
      vertex 63.81445276874598 0.36091709572983727 -19.75
      vertex 63.85 0 -19.75
    endloop
  endfacet
  facet normal 0 0 -1
    outer loop
      vertex 63.61829571266533 0.3218990313266116 -19.75
      vertex 63.524401228643626 0.6314276634023981 -19.75
      vertex 63.53821878275971 1.027804931086264 -19.75
    endloop
  endfacet
  facet normal 0 0 -1
    outer loop
      vertex 63.61829571266533 0.3218990313266116 -19.75
      vertex 63.53821878275971 1.027804931086264 -19.75
      vertex 63.70917713514588 0.7079643498754161 -19.75
    endloop
  endfacet
  facet normal 0 0 -1
    outer loop
      vertex 63.524401228643626 0.6314276634023981 -19.75
      vertex 63.3719248602992 0.9166908844823436 -19.75
      vertex 63.53821878275971 1.027804931086264 -19.75
    endloop
  endfacet
  facet normal 0 0 -1
    outer loop
      vertex 63.1667261889578 1.1667261889578033 -19.75
      vertex 62.91669088448234 1.3719248602991996 -19.75
      vertex 63.027804931086266 1.5382187827597087 -19.75
    endloop
  endfacet
  facet normal 0 0 -1
    outer loop
      vertex 62.32189903132661 1.6182957126653301 -19.75
      vertex 62 1.65 -19.75
      vertex 62 1.85 -19.75
    endloop
  endfacet
  facet normal 0 0 -1
    outer loop
      vertex 62.32189903132661 1.6182957126653301 -19.75
      vertex 62.36091709572984 1.8144527687459764 -19.75
      vertex 62.6314276634024 1.524401228643623 -19.75
    endloop
  endfacet
  facet normal 0 0 -1
    outer loop
      vertex 62.32189903132661 1.6182957126653301 -19.75
      vertex 62 1.85 -19.75
      vertex 62.36091709572984 1.8144527687459764 -19.75
    endloop
  endfacet
  facet normal 0 0 -1
    outer loop
      vertex 62.91669088448234 1.3719248602991996 -19.75
      vertex 62.6314276634024 1.524401228643623 -19.75
      vertex 62.70796434987542 1.7091771351458807 -19.75
    endloop
  endfacet
  facet normal 0 0 -1
    outer loop
      vertex 62.6314276634024 1.524401228643623 -19.75
      vertex 62.36091709572984 1.8144527687459764 -19.75
      vertex 62.70796434987542 1.7091771351458807 -19.75
    endloop
  endfacet
  facet normal 0 0 -1
    outer loop
      vertex 62.91669088448234 1.3719248602991996 -19.75
      vertex 62.70796434987542 1.7091771351458807 -19.75
      vertex 63.027804931086266 1.5382187827597087 -19.75
    endloop
  endfacet
  facet normal 0 0 -1
    outer loop
      vertex 63.3719248602992 0.9166908844823436 -19.75
      vertex 63.1667261889578 1.1667261889578033 -19.75
      vertex 63.30814754519511 1.308147545195113 -19.75
    endloop
  endfacet
  facet normal 0 0 -1
    outer loop
      vertex 63.3719248602992 0.9166908844823436 -19.75
      vertex 63.30814754519511 1.308147545195113 -19.75
      vertex 63.53821878275971 1.027804931086264 -19.75
    endloop
  endfacet
  facet normal 0 0 -1
    outer loop
      vertex 63.1667261889578 1.1667261889578033 -19.75
      vertex 63.027804931086266 1.5382187827597087 -19.75
      vertex 63.30814754519511 1.308147545195113 -19.75
    endloop
  endfacet
  facet normal -0.9951847266721975 0.09801714032955464 -2.7797322966391384e-18
    outer loop
      vertex 60.15 0 -19.75
      vertex 60.18554723125402 0.36091709572983727 -18.95
      vertex 60.18554723125402 0.36091709572983727 -19.75
    endloop
  endfacet
  facet normal -0.9951847266721975 0.09801714032955464 0
    outer loop
      vertex 60.15 0 -19.75
      vertex 60.15 0 -18.95
      vertex 60.18554723125402 0.36091709572983727 -18.95
    endloop
  endfacet
  facet normal -0.9569403357322049 0.29028467725447554 0
    outer loop
      vertex 60.18554723125402 0.36091709572983727 -19.75
      vertex 60.18554723125402 0.36091709572983727 -18.95
      vertex 60.29082286485412 0.7079643498754161 -18.95
    endloop
  endfacet
  facet normal -0.9569403357322049 0.29028467725447554 -9.90313779909529e-19
    outer loop
      vertex 60.18554723125402 0.36091709572983727 -19.75
      vertex 60.29082286485412 0.7079643498754161 -18.95
      vertex 60.29082286485412 0.7079643498754161 -19.75
    endloop
  endfacet
  facet normal -0.8819212643483543 0.47139673682599903 -2.1035772634859505e-18
    outer loop
      vertex 60.29082286485412 0.7079643498754161 -19.75
      vertex 60.46178121724029 1.027804931086264 -18.95
      vertex 60.46178121724029 1.027804931086264 -19.75
    endloop
  endfacet
  facet normal -0.8819212643483543 0.47139673682599903 0
    outer loop
      vertex 60.29082286485412 0.7079643498754161 -19.75
      vertex 60.29082286485412 0.7079643498754161 -18.95
      vertex 60.46178121724029 1.027804931086264 -18.95
    endloop
  endfacet
  facet normal 0 0 1
    outer loop
      vertex 60.18554723125402 -0.36091709572983727 -18.95
      vertex 60.18554723125402 0.36091709572983727 -18.95
      vertex 60.15 0 -18.95
    endloop
  endfacet
  facet normal 0 0 1
    outer loop
      vertex 60.29082286485412 -0.7079643498754161 -18.95
      vertex 60.35 0 -18.95
      vertex 60.29082286485412 0.7079643498754161 -18.95
    endloop
  endfacet
  facet normal 0 0 1
    outer loop
      vertex 60.29082286485412 -0.7079643498754161 -18.95
      vertex 60.29082286485412 0.7079643498754161 -18.95
      vertex 60.18554723125402 0.36091709572983727 -18.95
    endloop
  endfacet
  facet normal 0 0 1
    outer loop
      vertex 60.35 0 -18.95
      vertex 60.38170428733467 0.3218990313266116 -18.95
      vertex 60.29082286485412 0.7079643498754161 -18.95
    endloop
  endfacet
  facet normal 0 0 1
    outer loop
      vertex 60.38170428733467 0.3218990313266116 -18.95
      vertex 60.46178121724029 1.027804931086264 -18.95
      vertex 60.29082286485412 0.7079643498754161 -18.95
    endloop
  endfacet
  facet normal 0 0 1
    outer loop
      vertex 60.38170428733467 0.3218990313266116 -18.95
      vertex 60.475598771356374 0.6314276634023981 -18.95
      vertex 60.46178121724029 1.027804931086264 -18.95
    endloop
  endfacet
  facet normal 0 0 1
    outer loop
      vertex 60.475598771356374 0.6314276634023981 -18.95
      vertex 60.6280751397008 0.9166908844823436 -18.95
      vertex 60.46178121724029 1.027804931086264 -18.95
    endloop
  endfacet
  facet normal -0.7730104533627391 0.6343932841636429 1.652221750891831e-17
    outer loop
      vertex 60.46178121724029 1.027804931086264 -19.75
      vertex 60.69185245480489 1.308147545195113 -18.95
      vertex 60.69185245480489 1.308147545195113 -19.75
    endloop
  endfacet
  facet normal -0.7730104533627391 0.6343932841636429 0
    outer loop
      vertex 60.46178121724029 1.027804931086264 -19.75
      vertex 60.46178121724029 1.027804931086264 -18.95
      vertex 60.69185245480489 1.308147545195113 -18.95
    endloop
  endfacet
  facet normal -0.6343932841636484 0.7730104533627344 0
    outer loop
      vertex 60.69185245480489 1.308147545195113 -19.75
      vertex 60.69185245480489 1.308147545195113 -18.95
      vertex 60.972195068913734 1.5382187827597087 -19.75
    endloop
  endfacet
  facet normal -0.6343932841636484 0.7730104533627344 -1.1203959358837657e-17
    outer loop
      vertex 60.69185245480489 1.308147545195113 -18.95
      vertex 60.972195068913734 1.5382187827597087 -18.95
      vertex 60.972195068913734 1.5382187827597087 -19.75
    endloop
  endfacet
  facet normal -0.47139673682599853 0.8819212643483545 0
    outer loop
      vertex 60.972195068913734 1.5382187827597087 -19.75
      vertex 60.972195068913734 1.5382187827597087 -18.95
      vertex 61.29203565012458 1.7091771351458807 -19.75
    endloop
  endfacet
  facet normal -0.2902846772544619 0.9569403357322089 0
    outer loop
      vertex 61.29203565012458 1.7091771351458807 -19.75
      vertex 61.29203565012458 1.7091771351458807 -18.95
      vertex 61.63908290427016 1.8144527687459764 -19.75
    endloop
  endfacet
  facet normal -0.09801714032956027 0.9951847266721969 0
    outer loop
      vertex 61.63908290427016 1.8144527687459764 -19.75
      vertex 61.63908290427016 1.8144527687459764 -18.95
      vertex 62 1.85 -19.75
    endloop
  endfacet
  facet normal -0.47139673682599853 0.8819212643483545 0
    outer loop
      vertex 61.29203565012458 1.7091771351458807 -19.75
      vertex 60.972195068913734 1.5382187827597087 -18.95
      vertex 61.29203565012458 1.7091771351458807 -18.95
    endloop
  endfacet
  facet normal -0.2902846772544619 0.9569403357322089 0
    outer loop
      vertex 61.63908290427016 1.8144527687459764 -19.75
      vertex 61.29203565012458 1.7091771351458807 -18.95
      vertex 61.63908290427016 1.8144527687459764 -18.95
    endloop
  endfacet
  facet normal -0.09801714032956027 0.9951847266721969 0
    outer loop
      vertex 62 1.85 -19.75
      vertex 61.63908290427016 1.8144527687459764 -18.95
      vertex 62 1.85 -18.95
    endloop
  endfacet
  facet normal 0 0 1
    outer loop
      vertex 60.6280751397008 0.9166908844823436 -18.95
      vertex 60.69185245480489 1.308147545195113 -18.95
      vertex 60.46178121724029 1.027804931086264 -18.95
    endloop
  endfacet
  facet normal 0 0 1
    outer loop
      vertex 60.6280751397008 0.9166908844823436 -18.95
      vertex 60.8332738110422 1.1667261889578033 -18.95
      vertex 60.69185245480489 1.308147545195113 -18.95
    endloop
  endfacet
  facet normal 0 0 1
    outer loop
      vertex 60.8332738110422 1.1667261889578033 -18.95
      vertex 60.972195068913734 1.5382187827597087 -18.95
      vertex 60.69185245480489 1.308147545195113 -18.95
    endloop
  endfacet
  facet normal 0 0 1
    outer loop
      vertex 60.8332738110422 1.1667261889578033 -18.95
      vertex 61.08330911551766 1.3719248602991996 -18.95
      vertex 60.972195068913734 1.5382187827597087 -18.95
    endloop
  endfacet
  facet normal 0 0 1
    outer loop
      vertex 61.08330911551766 1.3719248602991996 -18.95
      vertex 61.29203565012458 1.7091771351458807 -18.95
      vertex 60.972195068913734 1.5382187827597087 -18.95
    endloop
  endfacet
  facet normal 0 0 1
    outer loop
      vertex 61.08330911551766 1.3719248602991996 -18.95
      vertex 61.3685723365976 1.524401228643623 -18.95
      vertex 61.29203565012458 1.7091771351458807 -18.95
    endloop
  endfacet
  facet normal 0 0 1
    outer loop
      vertex 61.3685723365976 1.524401228643623 -18.95
      vertex 61.63908290427016 1.8144527687459764 -18.95
      vertex 61.29203565012458 1.7091771351458807 -18.95
    endloop
  endfacet
  facet normal 0 0 1
    outer loop
      vertex 61.3685723365976 1.524401228643623 -18.95
      vertex 61.67810096867339 1.6182957126653301 -18.95
      vertex 61.63908290427016 1.8144527687459764 -18.95
    endloop
  endfacet
  facet normal 0 0 1
    outer loop
      vertex 61.67810096867339 1.6182957126653301 -18.95
      vertex 62 1.65 -18.95
      vertex 62 1.85 -18.95
    endloop
  endfacet
  facet normal 0 0 1
    outer loop
      vertex 61.67810096867339 1.6182957126653301 -18.95
      vertex 62 1.85 -18.95
      vertex 61.63908290427016 1.8144527687459764 -18.95
    endloop
  endfacet
  facet normal 0.9951847266721975 0.09801714032955464 0
    outer loop
      vertex 63.85 0 -19.75
      vertex 63.81445276874598 0.36091709572983727 -19.75
      vertex 63.85 0 -18.95
    endloop
  endfacet
  facet normal 0.9569403357322049 0.29028467725447554 0
    outer loop
      vertex 63.81445276874598 0.36091709572983727 -19.75
      vertex 63.70917713514588 0.7079643498754161 -19.75
      vertex 63.81445276874598 0.36091709572983727 -18.95
    endloop
  endfacet
  facet normal 0.9951847266721975 0.09801714032955464 0
    outer loop
      vertex 63.81445276874598 0.36091709572983727 -19.75
      vertex 63.81445276874598 0.36091709572983727 -18.95
      vertex 63.85 0 -18.95
    endloop
  endfacet
  facet normal 0.8819212643483543 0.47139673682599903 0
    outer loop
      vertex 63.70917713514588 0.7079643498754161 -19.75
      vertex 63.53821878275971 1.027804931086264 -19.75
      vertex 63.70917713514588 0.7079643498754161 -18.95
    endloop
  endfacet
  facet normal 0.8819212643483543 0.47139673682599903 2.1035772634859505e-18
    outer loop
      vertex 63.70917713514588 0.7079643498754161 -18.95
      vertex 63.53821878275971 1.027804931086264 -19.75
      vertex 63.53821878275971 1.027804931086264 -18.95
    endloop
  endfacet
  facet normal 0.9569403357322049 0.29028467725447554 9.90313779909529e-19
    outer loop
      vertex 63.81445276874598 0.36091709572983727 -18.95
      vertex 63.70917713514588 0.7079643498754161 -19.75
      vertex 63.70917713514588 0.7079643498754161 -18.95
    endloop
  endfacet
  facet normal 0 0 1
    outer loop
      vertex 63.65 0 -18.95
      vertex 63.70917713514588 0.7079643498754161 -18.95
      vertex 63.61829571266533 0.3218990313266116 -18.95
    endloop
  endfacet
  facet normal 0 0 1
    outer loop
      vertex 63.70917713514588 -0.7079643498754161 -18.95
      vertex 63.70917713514588 0.7079643498754161 -18.95
      vertex 63.65 0 -18.95
    endloop
  endfacet
  facet normal 0 0 1
    outer loop
      vertex 63.81445276874598 -0.36091709572983727 -18.95
      vertex 63.85 0 -18.95
      vertex 63.81445276874598 0.36091709572983727 -18.95
    endloop
  endfacet
  facet normal 0 0 1
    outer loop
      vertex 63.81445276874598 -0.36091709572983727 -18.95
      vertex 63.81445276874598 0.36091709572983727 -18.95
      vertex 63.70917713514588 0.7079643498754161 -18.95
    endloop
  endfacet
  facet normal 0 0 1
    outer loop
      vertex 63.61829571266533 0.3218990313266116 -18.95
      vertex 63.70917713514588 0.7079643498754161 -18.95
      vertex 63.524401228643626 0.6314276634023981 -18.95
    endloop
  endfacet
  facet normal 0 0 1
    outer loop
      vertex 63.524401228643626 0.6314276634023981 -18.95
      vertex 63.53821878275971 1.027804931086264 -18.95
      vertex 63.3719248602992 0.9166908844823436 -18.95
    endloop
  endfacet
  facet normal 0 0 1
    outer loop
      vertex 63.524401228643626 0.6314276634023981 -18.95
      vertex 63.70917713514588 0.7079643498754161 -18.95
      vertex 63.53821878275971 1.027804931086264 -18.95
    endloop
  endfacet
  facet normal 0.09801714032956027 0.9951847266721969 0
    outer loop
      vertex 62 1.85 -19.75
      vertex 62 1.85 -18.95
      vertex 62.36091709572984 1.8144527687459764 -19.75
    endloop
  endfacet
  facet normal 0.2902846772544619 0.9569403357322089 0
    outer loop
      vertex 62.36091709572984 1.8144527687459764 -19.75
      vertex 62.36091709572984 1.8144527687459764 -18.95
      vertex 62.70796434987542 1.7091771351458807 -19.75
    endloop
  endfacet
  facet normal 0.47139673682599853 0.8819212643483545 -5.6501772677432414e-18
    outer loop
      vertex 63.027804931086266 1.5382187827597087 -19.75
      vertex 62.70796434987542 1.7091771351458807 -19.75
      vertex 62.70796434987542 1.7091771351458807 -18.95
    endloop
  endfacet
  facet normal 0.09801714032956027 0.9951847266721969 0
    outer loop
      vertex 62.36091709572984 1.8144527687459764 -19.75
      vertex 62 1.85 -18.95
      vertex 62.36091709572984 1.8144527687459764 -18.95
    endloop
  endfacet
  facet normal 0.2902846772544619 0.9569403357322089 0
    outer loop
      vertex 62.70796434987542 1.7091771351458807 -19.75
      vertex 62.36091709572984 1.8144527687459764 -18.95
      vertex 62.70796434987542 1.7091771351458807 -18.95
    endloop
  endfacet
  facet normal 0.47139673682599853 0.8819212643483545 0
    outer loop
      vertex 63.027804931086266 1.5382187827597087 -19.75
      vertex 62.70796434987542 1.7091771351458807 -18.95
      vertex 63.027804931086266 1.5382187827597087 -18.95
    endloop
  endfacet
  facet normal 0.7730104533627391 0.6343932841636429 -1.652221750891831e-17
    outer loop
      vertex 63.30814754519511 1.308147545195113 -19.75
      vertex 63.53821878275971 1.027804931086264 -18.95
      vertex 63.53821878275971 1.027804931086264 -19.75
    endloop
  endfacet
  facet normal 0.6343932841636484 0.7730104533627344 1.1203959358837657e-17
    outer loop
      vertex 63.30814754519511 1.308147545195113 -19.75
      vertex 63.027804931086266 1.5382187827597087 -19.75
      vertex 63.027804931086266 1.5382187827597087 -18.95
    endloop
  endfacet
  facet normal 0.7730104533627391 0.6343932841636429 0
    outer loop
      vertex 63.30814754519511 1.308147545195113 -19.75
      vertex 63.30814754519511 1.308147545195113 -18.95
      vertex 63.53821878275971 1.027804931086264 -18.95
    endloop
  endfacet
  facet normal 0.6343932841636484 0.7730104533627344 0
    outer loop
      vertex 63.30814754519511 1.308147545195113 -19.75
      vertex 63.027804931086266 1.5382187827597087 -18.95
      vertex 63.30814754519511 1.308147545195113 -18.95
    endloop
  endfacet
  facet normal 0 0 1
    outer loop
      vertex 62.91669088448234 1.3719248602991996 -18.95
      vertex 63.027804931086266 1.5382187827597087 -18.95
      vertex 62.6314276634024 1.524401228643623 -18.95
    endloop
  endfacet
  facet normal 0 0 1
    outer loop
      vertex 62.91669088448234 1.3719248602991996 -18.95
      vertex 63.30814754519511 1.308147545195113 -18.95
      vertex 63.027804931086266 1.5382187827597087 -18.95
    endloop
  endfacet
  facet normal 0 0 1
    outer loop
      vertex 62.32189903132661 1.6182957126653301 -18.95
      vertex 62.36091709572984 1.8144527687459764 -18.95
      vertex 62 1.65 -18.95
    endloop
  endfacet
  facet normal 0 0 1
    outer loop
      vertex 62.32189903132661 1.6182957126653301 -18.95
      vertex 62.70796434987542 1.7091771351458807 -18.95
      vertex 62.36091709572984 1.8144527687459764 -18.95
    endloop
  endfacet
  facet normal 0 0 1
    outer loop
      vertex 62 1.65 -18.95
      vertex 62.36091709572984 1.8144527687459764 -18.95
      vertex 62 1.85 -18.95
    endloop
  endfacet
  facet normal 0 0 1
    outer loop
      vertex 62.32189903132661 1.6182957126653301 -18.95
      vertex 62.6314276634024 1.524401228643623 -18.95
      vertex 62.70796434987542 1.7091771351458807 -18.95
    endloop
  endfacet
  facet normal 0 0 1
    outer loop
      vertex 62.6314276634024 1.524401228643623 -18.95
      vertex 63.027804931086266 1.5382187827597087 -18.95
      vertex 62.70796434987542 1.7091771351458807 -18.95
    endloop
  endfacet
  facet normal 0 0 1
    outer loop
      vertex 63.3719248602992 0.9166908844823436 -18.95
      vertex 63.53821878275971 1.027804931086264 -18.95
      vertex 63.1667261889578 1.1667261889578033 -18.95
    endloop
  endfacet
  facet normal 0 0 1
    outer loop
      vertex 63.1667261889578 1.1667261889578033 -18.95
      vertex 63.53821878275971 1.027804931086264 -18.95
      vertex 63.30814754519511 1.308147545195113 -18.95
    endloop
  endfacet
  facet normal 0 0 1
    outer loop
      vertex 63.1667261889578 1.1667261889578033 -18.95
      vertex 63.30814754519511 1.308147545195113 -18.95
      vertex 62.91669088448234 1.3719248602991996 -18.95
    endloop
  endfacet
  facet normal 0 0 -1
    outer loop
      vertex 82.69185245480489 -1.308147545195113 -19.75
      vertex 82.6280751397008 -0.9166908844823436 -19.75
      vertex 82.83327381104219 -1.1667261889578033 -19.75
    endloop
  endfacet
  facet normal 0 0 -1
    outer loop
      vertex 82.46178121724029 -1.027804931086264 -19.75
      vertex 82.6280751397008 -0.9166908844823436 -19.75
      vertex 82.69185245480489 -1.308147545195113 -19.75
    endloop
  endfacet
  facet normal 0 0 -1
    outer loop
      vertex 82.46178121724029 -1.027804931086264 -19.75
      vertex 82.47559877135637 -0.6314276634023981 -19.75
      vertex 82.6280751397008 -0.9166908844823436 -19.75
    endloop
  endfacet
  facet normal 0 0 -1
    outer loop
      vertex 82.46178121724029 -1.027804931086264 -19.75
      vertex 82.29082286485412 -0.7079643498754161 -19.75
      vertex 82.38170428733467 -0.3218990313266116 -19.75
    endloop
  endfacet
  facet normal 0 0 -1
    outer loop
      vertex 82.46178121724029 -1.027804931086264 -19.75
      vertex 82.38170428733467 -0.3218990313266116 -19.75
      vertex 82.47559877135637 -0.6314276634023981 -19.75
    endloop
  endfacet
  facet normal 0 0 -1
    outer loop
      vertex 82.29082286485412 -0.7079643498754161 -19.75
      vertex 82.35 0 -19.75
      vertex 82.38170428733467 -0.3218990313266116 -19.75
    endloop
  endfacet
  facet normal 0 0 -1
    outer loop
      vertex 82.29082286485412 -0.7079643498754161 -19.75
      vertex 82.18554723125402 -0.36091709572983727 -19.75
      vertex 82.29082286485412 0.7079643498754161 -19.75
    endloop
  endfacet
  facet normal 0 0 -1
    outer loop
      vertex 83.29203565012459 -1.7091771351458807 -19.75
      vertex 82.97219506891373 -1.5382187827597087 -19.75
      vertex 83.08330911551765 -1.3719248602991996 -19.75
    endloop
  endfacet
  facet normal 0 0 -1
    outer loop
      vertex 83.29203565012459 -1.7091771351458807 -19.75
      vertex 83.08330911551765 -1.3719248602991996 -19.75
      vertex 83.36857233659761 -1.524401228643623 -19.75
    endloop
  endfacet
  facet normal 0 0 -1
    outer loop
      vertex 83.63908290427017 -1.8144527687459764 -19.75
      vertex 83.67810096867339 -1.6182957126653301 -19.75
      vertex 84 -1.85 -19.75
    endloop
  endfacet
  facet normal 0 0 -1
    outer loop
      vertex 83.29203565012459 -1.7091771351458807 -19.75
      vertex 83.36857233659761 -1.524401228643623 -19.75
      vertex 83.63908290427017 -1.8144527687459764 -19.75
    endloop
  endfacet
  facet normal 0 0 -1
    outer loop
      vertex 83.63908290427017 -1.8144527687459764 -19.75
      vertex 83.36857233659761 -1.524401228643623 -19.75
      vertex 83.67810096867339 -1.6182957126653301 -19.75
    endloop
  endfacet
  facet normal 0 0 -1
    outer loop
      vertex 84 -1.85 -19.75
      vertex 83.67810096867339 -1.6182957126653301 -19.75
      vertex 84 -1.65 -19.75
    endloop
  endfacet
  facet normal 0 0 -1
    outer loop
      vertex 82.97219506891373 -1.5382187827597087 -19.75
      vertex 82.69185245480489 -1.308147545195113 -19.75
      vertex 82.83327381104219 -1.1667261889578033 -19.75
    endloop
  endfacet
  facet normal 0 0 -1
    outer loop
      vertex 82.97219506891373 -1.5382187827597087 -19.75
      vertex 82.83327381104219 -1.1667261889578033 -19.75
      vertex 83.08330911551765 -1.3719248602991996 -19.75
    endloop
  endfacet
  facet normal 0 0 -1
    outer loop
      vertex 84 -1.85 -19.75
      vertex 84 -1.65 -19.75
      vertex 84.36091709572983 -1.8144527687459764 -19.75
    endloop
  endfacet
  facet normal 0 0 -1
    outer loop
      vertex 84 -1.65 -19.75
      vertex 84.32189903132661 -1.6182957126653301 -19.75
      vertex 84.36091709572983 -1.8144527687459764 -19.75
    endloop
  endfacet
  facet normal 0 0 -1
    outer loop
      vertex 84.36091709572983 -1.8144527687459764 -19.75
      vertex 84.32189903132661 -1.6182957126653301 -19.75
      vertex 84.70796434987541 -1.7091771351458807 -19.75
    endloop
  endfacet
  facet normal 0 0 -1
    outer loop
      vertex 84.70796434987541 -1.7091771351458807 -19.75
      vertex 84.32189903132661 -1.6182957126653301 -19.75
      vertex 84.63142766340239 -1.524401228643623 -19.75
    endloop
  endfacet
  facet normal 0 0 -1
    outer loop
      vertex 84.70796434987541 -1.7091771351458807 -19.75
      vertex 84.63142766340239 -1.524401228643623 -19.75
      vertex 85.02780493108627 -1.5382187827597087 -19.75
    endloop
  endfacet
  facet normal 0 0 -1
    outer loop
      vertex 84.63142766340239 -1.524401228643623 -19.75
      vertex 84.91669088448235 -1.3719248602991996 -19.75
      vertex 85.02780493108627 -1.5382187827597087 -19.75
    endloop
  endfacet
  facet normal 0 0 -1
    outer loop
      vertex 85.02780493108627 -1.5382187827597087 -19.75
      vertex 84.91669088448235 -1.3719248602991996 -19.75
      vertex 85.30814754519511 -1.308147545195113 -19.75
    endloop
  endfacet
  facet normal 0 0 -1
    outer loop
      vertex 84.91669088448235 -1.3719248602991996 -19.75
      vertex 85.16672618895781 -1.1667261889578033 -19.75
      vertex 85.30814754519511 -1.308147545195113 -19.75
    endloop
  endfacet
  facet normal 0 0 -1
    outer loop
      vertex 85.30814754519511 -1.308147545195113 -19.75
      vertex 85.16672618895781 -1.1667261889578033 -19.75
      vertex 85.53821878275971 -1.027804931086264 -19.75
    endloop
  endfacet
  facet normal 0 0 -1
    outer loop
      vertex 85.16672618895781 -1.1667261889578033 -19.75
      vertex 85.3719248602992 -0.9166908844823436 -19.75
      vertex 85.53821878275971 -1.027804931086264 -19.75
    endloop
  endfacet
  facet normal 0 0 -1
    outer loop
      vertex 85.53821878275971 -1.027804931086264 -19.75
      vertex 85.3719248602992 -0.9166908844823436 -19.75
      vertex 85.52440122864363 -0.6314276634023981 -19.75
    endloop
  endfacet
  facet normal 0 0 -1
    outer loop
      vertex 85.53821878275971 -1.027804931086264 -19.75
      vertex 85.52440122864363 -0.6314276634023981 -19.75
      vertex 85.70917713514588 -0.7079643498754161 -19.75
    endloop
  endfacet
  facet normal 0 0 -1
    outer loop
      vertex 85.70917713514588 -0.7079643498754161 -19.75
      vertex 85.52440122864363 -0.6314276634023981 -19.75
      vertex 85.61829571266533 -0.3218990313266116 -19.75
    endloop
  endfacet
  facet normal 0 0 -1
    outer loop
      vertex 85.70917713514588 -0.7079643498754161 -19.75
      vertex 85.61829571266533 -0.3218990313266116 -19.75
      vertex 85.65 0 -19.75
    endloop
  endfacet
  facet normal 0 0 -1
    outer loop
      vertex 85.70917713514588 -0.7079643498754161 -19.75
      vertex 85.81445276874598 0.36091709572983727 -19.75
      vertex 85.81445276874598 -0.36091709572983727 -19.75
    endloop
  endfacet
  facet normal -0.7730104533627296 -0.6343932841636547 0
    outer loop
      vertex 82.46178121724029 -1.027804931086264 -19.75
      vertex 82.69185245480489 -1.308147545195113 -19.75
      vertex 82.46178121724029 -1.027804931086264 -18.95
    endloop
  endfacet
  facet normal -0.7730104533627296 -0.6343932841636547 5.700055931161018e-18
    outer loop
      vertex 82.46178121724029 -1.027804931086264 -18.95
      vertex 82.69185245480489 -1.308147545195113 -19.75
      vertex 82.69185245480489 -1.308147545195113 -18.95
    endloop
  endfacet
  facet normal 0 0 1
    outer loop
      vertex 82.46178121724029 -1.027804931086264 -18.95
      vertex 82.69185245480489 -1.308147545195113 -18.95
      vertex 82.83327381104219 -1.1667261889578033 -18.95
    endloop
  endfacet
  facet normal 0 0 1
    outer loop
      vertex 82.46178121724029 -1.027804931086264 -18.95
      vertex 82.83327381104219 -1.1667261889578033 -18.95
      vertex 82.6280751397008 -0.9166908844823436 -18.95
    endloop
  endfacet
  facet normal -0.8819212643483624 -0.4713967368259839 -9.453918258894352e-18
    outer loop
      vertex 82.46178121724029 -1.027804931086264 -19.75
      vertex 82.29082286485412 -0.7079643498754161 -18.95
      vertex 82.29082286485412 -0.7079643498754161 -19.75
    endloop
  endfacet
  facet normal -0.8819212643483624 -0.4713967368259839 0
    outer loop
      vertex 82.46178121724029 -1.027804931086264 -19.75
      vertex 82.46178121724029 -1.027804931086264 -18.95
      vertex 82.29082286485412 -0.7079643498754161 -18.95
    endloop
  endfacet
  facet normal -0.9569403357322049 -0.29028467725447554 0
    outer loop
      vertex 82.29082286485412 -0.7079643498754161 -19.75
      vertex 82.29082286485412 -0.7079643498754161 -18.95
      vertex 82.18554723125402 -0.36091709572983727 -18.95
    endloop
  endfacet
  facet normal -0.9951847266721994 -0.09801714032953524 -1.3074428986310764e-18
    outer loop
      vertex 82.18554723125402 -0.36091709572983727 -19.75
      vertex 82.15 0 -18.95
      vertex 82.15 0 -19.75
    endloop
  endfacet
  facet normal -0.9569403357322049 -0.29028467725447554 9.90313779909529e-19
    outer loop
      vertex 82.29082286485412 -0.7079643498754161 -19.75
      vertex 82.18554723125402 -0.36091709572983727 -18.95
      vertex 82.18554723125402 -0.36091709572983727 -19.75
    endloop
  endfacet
  facet normal -0.9951847266721994 -0.09801714032953524 0
    outer loop
      vertex 82.18554723125402 -0.36091709572983727 -19.75
      vertex 82.18554723125402 -0.36091709572983727 -18.95
      vertex 82.15 0 -18.95
    endloop
  endfacet
  facet normal 0 0 1
    outer loop
      vertex 82.46178121724029 -1.027804931086264 -18.95
      vertex 82.47559877135637 -0.6314276634023981 -18.95
      vertex 82.29082286485412 -0.7079643498754161 -18.95
    endloop
  endfacet
  facet normal 0 0 1
    outer loop
      vertex 82.46178121724029 -1.027804931086264 -18.95
      vertex 82.6280751397008 -0.9166908844823436 -18.95
      vertex 82.47559877135637 -0.6314276634023981 -18.95
    endloop
  endfacet
  facet normal 0 0 1
    outer loop
      vertex 82.29082286485412 -0.7079643498754161 -18.95
      vertex 82.47559877135637 -0.6314276634023981 -18.95
      vertex 82.38170428733467 -0.3218990313266116 -18.95
    endloop
  endfacet
  facet normal 0 0 1
    outer loop
      vertex 82.29082286485412 -0.7079643498754161 -18.95
      vertex 82.38170428733467 -0.3218990313266116 -18.95
      vertex 82.35 0 -18.95
    endloop
  endfacet
  facet normal 0 0 1
    outer loop
      vertex 82.29082286485412 -0.7079643498754161 -18.95
      vertex 82.18554723125402 0.36091709572983727 -18.95
      vertex 82.18554723125402 -0.36091709572983727 -18.95
    endloop
  endfacet
  facet normal -0.4713967368259904 -0.881921264348359 0
    outer loop
      vertex 83.29203565012459 -1.7091771351458807 -19.75
      vertex 83.29203565012459 -1.7091771351458807 -18.95
      vertex 82.97219506891373 -1.5382187827597087 -19.75
    endloop
  endfacet
  facet normal -0.2902846772544619 -0.9569403357322089 8.67384849553268e-18
    outer loop
      vertex 83.29203565012459 -1.7091771351458807 -19.75
      vertex 83.63908290427017 -1.8144527687459764 -19.75
      vertex 83.63908290427017 -1.8144527687459764 -18.95
    endloop
  endfacet
  facet normal -0.09801714032956219 -0.9951847266721968 6.257346030344215e-19
    outer loop
      vertex 83.63908290427017 -1.8144527687459764 -19.75
      vertex 84 -1.85 -19.75
      vertex 84 -1.85 -18.95
    endloop
  endfacet
  facet normal -0.4713967368259904 -0.881921264348359 0
    outer loop
      vertex 82.97219506891373 -1.5382187827597087 -19.75
      vertex 83.29203565012459 -1.7091771351458807 -18.95
      vertex 82.97219506891373 -1.5382187827597087 -18.95
    endloop
  endfacet
  facet normal -0.09801714032956219 -0.9951847266721968 0
    outer loop
      vertex 83.63908290427017 -1.8144527687459764 -19.75
      vertex 84 -1.85 -18.95
      vertex 83.63908290427017 -1.8144527687459764 -18.95
    endloop
  endfacet
  facet normal -0.2902846772544619 -0.9569403357322089 0
    outer loop
      vertex 83.29203565012459 -1.7091771351458807 -19.75
      vertex 83.63908290427017 -1.8144527687459764 -18.95
      vertex 83.29203565012459 -1.7091771351458807 -18.95
    endloop
  endfacet
  facet normal -0.6343932841636484 -0.7730104533627344 0
    outer loop
      vertex 82.97219506891373 -1.5382187827597087 -19.75
      vertex 82.97219506891373 -1.5382187827597087 -18.95
      vertex 82.69185245480489 -1.308147545195113 -19.75
    endloop
  endfacet
  facet normal -0.6343932841636484 -0.7730104533627344 1.1203959358837657e-17
    outer loop
      vertex 82.97219506891373 -1.5382187827597087 -18.95
      vertex 82.69185245480489 -1.308147545195113 -18.95
      vertex 82.69185245480489 -1.308147545195113 -19.75
    endloop
  endfacet
  facet normal 0.09801714032956219 -0.9951847266721968 -6.257346030344215e-19
    outer loop
      vertex 84 -1.85 -19.75
      vertex 84.36091709572983 -1.8144527687459764 -19.75
      vertex 84.36091709572983 -1.8144527687459764 -18.95
    endloop
  endfacet
  facet normal 0.2902846772544619 -0.9569403357322089 -8.67384849553268e-18
    outer loop
      vertex 84.36091709572983 -1.8144527687459764 -19.75
      vertex 84.70796434987541 -1.7091771351458807 -19.75
      vertex 84.70796434987541 -1.7091771351458807 -18.95
    endloop
  endfacet
  facet normal 0.4713967368259904 -0.881921264348359 7.117518777710455e-18
    outer loop
      vertex 84.70796434987541 -1.7091771351458807 -19.75
      vertex 85.02780493108627 -1.5382187827597087 -19.75
      vertex 85.02780493108627 -1.5382187827597087 -18.95
    endloop
  endfacet
  facet normal 0.09801714032956219 -0.9951847266721968 0
    outer loop
      vertex 84 -1.85 -19.75
      vertex 84.36091709572983 -1.8144527687459764 -18.95
      vertex 84 -1.85 -18.95
    endloop
  endfacet
  facet normal 0.2902846772544619 -0.9569403357322089 0
    outer loop
      vertex 84.36091709572983 -1.8144527687459764 -19.75
      vertex 84.70796434987541 -1.7091771351458807 -18.95
      vertex 84.36091709572983 -1.8144527687459764 -18.95
    endloop
  endfacet
  facet normal 0.4713967368259904 -0.881921264348359 0
    outer loop
      vertex 84.70796434987541 -1.7091771351458807 -19.75
      vertex 85.02780493108627 -1.5382187827597087 -18.95
      vertex 84.70796434987541 -1.7091771351458807 -18.95
    endloop
  endfacet
  facet normal 0 0 1
    outer loop
      vertex 83.29203565012459 -1.7091771351458807 -18.95
      vertex 83.36857233659761 -1.524401228643623 -18.95
      vertex 82.97219506891373 -1.5382187827597087 -18.95
    endloop
  endfacet
  facet normal 0 0 1
    outer loop
      vertex 83.63908290427017 -1.8144527687459764 -18.95
      vertex 84 -1.85 -18.95
      vertex 84 -1.65 -18.95
    endloop
  endfacet
  facet normal 0 0 1
    outer loop
      vertex 83.29203565012459 -1.7091771351458807 -18.95
      vertex 83.63908290427017 -1.8144527687459764 -18.95
      vertex 83.67810096867339 -1.6182957126653301 -18.95
    endloop
  endfacet
  facet normal 0 0 1
    outer loop
      vertex 83.29203565012459 -1.7091771351458807 -18.95
      vertex 83.67810096867339 -1.6182957126653301 -18.95
      vertex 83.36857233659761 -1.524401228643623 -18.95
    endloop
  endfacet
  facet normal 0 0 1
    outer loop
      vertex 83.63908290427017 -1.8144527687459764 -18.95
      vertex 84 -1.65 -18.95
      vertex 83.67810096867339 -1.6182957126653301 -18.95
    endloop
  endfacet
  facet normal 0 0 1
    outer loop
      vertex 82.97219506891373 -1.5382187827597087 -18.95
      vertex 83.08330911551765 -1.3719248602991996 -18.95
      vertex 82.69185245480489 -1.308147545195113 -18.95
    endloop
  endfacet
  facet normal 0 0 1
    outer loop
      vertex 82.69185245480489 -1.308147545195113 -18.95
      vertex 83.08330911551765 -1.3719248602991996 -18.95
      vertex 82.83327381104219 -1.1667261889578033 -18.95
    endloop
  endfacet
  facet normal 0 0 1
    outer loop
      vertex 82.97219506891373 -1.5382187827597087 -18.95
      vertex 83.36857233659761 -1.524401228643623 -18.95
      vertex 83.08330911551765 -1.3719248602991996 -18.95
    endloop
  endfacet
  facet normal 0 0 1
    outer loop
      vertex 84 -1.85 -18.95
      vertex 84.36091709572983 -1.8144527687459764 -18.95
      vertex 84.32189903132661 -1.6182957126653301 -18.95
    endloop
  endfacet
  facet normal 0 0 1
    outer loop
      vertex 84 -1.85 -18.95
      vertex 84.32189903132661 -1.6182957126653301 -18.95
      vertex 84 -1.65 -18.95
    endloop
  endfacet
  facet normal 0 0 1
    outer loop
      vertex 84.36091709572983 -1.8144527687459764 -18.95
      vertex 84.63142766340239 -1.524401228643623 -18.95
      vertex 84.32189903132661 -1.6182957126653301 -18.95
    endloop
  endfacet
  facet normal 0 0 1
    outer loop
      vertex 84.36091709572983 -1.8144527687459764 -18.95
      vertex 84.70796434987541 -1.7091771351458807 -18.95
      vertex 84.63142766340239 -1.524401228643623 -18.95
    endloop
  endfacet
  facet normal 0 0 1
    outer loop
      vertex 84.70796434987541 -1.7091771351458807 -18.95
      vertex 84.91669088448235 -1.3719248602991996 -18.95
      vertex 84.63142766340239 -1.524401228643623 -18.95
    endloop
  endfacet
  facet normal 0 0 1
    outer loop
      vertex 84.70796434987541 -1.7091771351458807 -18.95
      vertex 85.02780493108627 -1.5382187827597087 -18.95
      vertex 84.91669088448235 -1.3719248602991996 -18.95
    endloop
  endfacet
  facet normal 0 0 1
    outer loop
      vertex 85.02780493108627 -1.5382187827597087 -18.95
      vertex 85.16672618895781 -1.1667261889578033 -18.95
      vertex 84.91669088448235 -1.3719248602991996 -18.95
    endloop
  endfacet
  facet normal 0.6343932841636484 -0.7730104533627344 -1.1203959358837657e-17
    outer loop
      vertex 85.02780493108627 -1.5382187827597087 -19.75
      vertex 85.30814754519511 -1.308147545195113 -19.75
      vertex 85.30814754519511 -1.308147545195113 -18.95
    endloop
  endfacet
  facet normal 0.7730104533627296 -0.6343932841636547 0
    outer loop
      vertex 85.30814754519511 -1.308147545195113 -19.75
      vertex 85.53821878275971 -1.027804931086264 -19.75
      vertex 85.30814754519511 -1.308147545195113 -18.95
    endloop
  endfacet
  facet normal 0.6343932841636484 -0.7730104533627344 0
    outer loop
      vertex 85.02780493108627 -1.5382187827597087 -19.75
      vertex 85.30814754519511 -1.308147545195113 -18.95
      vertex 85.02780493108627 -1.5382187827597087 -18.95
    endloop
  endfacet
  facet normal 0.7730104533627296 -0.6343932841636547 0
    outer loop
      vertex 85.53821878275971 -1.027804931086264 -19.75
      vertex 85.53821878275971 -1.027804931086264 -18.95
      vertex 85.30814754519511 -1.308147545195113 -18.95
    endloop
  endfacet
  facet normal 0 0 1
    outer loop
      vertex 85.02780493108627 -1.5382187827597087 -18.95
      vertex 85.30814754519511 -1.308147545195113 -18.95
      vertex 85.16672618895781 -1.1667261889578033 -18.95
    endloop
  endfacet
  facet normal 0 0 1
    outer loop
      vertex 85.30814754519511 -1.308147545195113 -18.95
      vertex 85.3719248602992 -0.9166908844823436 -18.95
      vertex 85.16672618895781 -1.1667261889578033 -18.95
    endloop
  endfacet
  facet normal 0 0 1
    outer loop
      vertex 85.30814754519511 -1.308147545195113 -18.95
      vertex 85.53821878275971 -1.027804931086264 -18.95
      vertex 85.3719248602992 -0.9166908844823436 -18.95
    endloop
  endfacet
  facet normal 0.8819212643483624 -0.4713967368259839 0
    outer loop
      vertex 85.53821878275971 -1.027804931086264 -19.75
      vertex 85.70917713514588 -0.7079643498754161 -19.75
      vertex 85.53821878275971 -1.027804931086264 -18.95
    endloop
  endfacet
  facet normal 0.9569403357322049 -0.29028467725447554 0
    outer loop
      vertex 85.70917713514588 -0.7079643498754161 -19.75
      vertex 85.81445276874598 -0.36091709572983727 -19.75
      vertex 85.70917713514588 -0.7079643498754161 -18.95
    endloop
  endfacet
  facet normal 0.8819212643483624 -0.4713967368259839 9.453918258894352e-18
    outer loop
      vertex 85.53821878275971 -1.027804931086264 -18.95
      vertex 85.70917713514588 -0.7079643498754161 -19.75
      vertex 85.70917713514588 -0.7079643498754161 -18.95
    endloop
  endfacet
  facet normal 0.9951847266721994 -0.09801714032953524 0
    outer loop
      vertex 85.81445276874598 -0.36091709572983727 -19.75
      vertex 85.85 0 -19.75
      vertex 85.81445276874598 -0.36091709572983727 -18.95
    endloop
  endfacet
  facet normal 0.9569403357322049 -0.29028467725447554 -9.90313779909529e-19
    outer loop
      vertex 85.70917713514588 -0.7079643498754161 -18.95
      vertex 85.81445276874598 -0.36091709572983727 -19.75
      vertex 85.81445276874598 -0.36091709572983727 -18.95
    endloop
  endfacet
  facet normal 0.9951847266721994 -0.09801714032953524 1.3074428986310764e-18
    outer loop
      vertex 85.81445276874598 -0.36091709572983727 -18.95
      vertex 85.85 0 -19.75
      vertex 85.85 0 -18.95
    endloop
  endfacet
  facet normal 0 0 1
    outer loop
      vertex 85.53821878275971 -1.027804931086264 -18.95
      vertex 85.52440122864363 -0.6314276634023981 -18.95
      vertex 85.3719248602992 -0.9166908844823436 -18.95
    endloop
  endfacet
  facet normal 0 0 1
    outer loop
      vertex 85.53821878275971 -1.027804931086264 -18.95
      vertex 85.61829571266533 -0.3218990313266116 -18.95
      vertex 85.52440122864363 -0.6314276634023981 -18.95
    endloop
  endfacet
  facet normal 0 0 1
    outer loop
      vertex 85.53821878275971 -1.027804931086264 -18.95
      vertex 85.70917713514588 -0.7079643498754161 -18.95
      vertex 85.61829571266533 -0.3218990313266116 -18.95
    endloop
  endfacet
  facet normal 0 0 1
    outer loop
      vertex 85.70917713514588 -0.7079643498754161 -18.95
      vertex 85.65 0 -18.95
      vertex 85.61829571266533 -0.3218990313266116 -18.95
    endloop
  endfacet
  facet normal 0 0 1
    outer loop
      vertex 85.70917713514588 -0.7079643498754161 -18.95
      vertex 85.81445276874598 -0.36091709572983727 -18.95
      vertex 85.70917713514588 0.7079643498754161 -18.95
    endloop
  endfacet
  facet normal 0 0 -1
    outer loop
      vertex 82.18554723125402 -0.36091709572983727 -19.75
      vertex 82.15 0 -19.75
      vertex 82.18554723125402 0.36091709572983727 -19.75
    endloop
  endfacet
  facet normal 0 0 -1
    outer loop
      vertex 82.29082286485412 -0.7079643498754161 -19.75
      vertex 82.29082286485412 0.7079643498754161 -19.75
      vertex 82.35 0 -19.75
    endloop
  endfacet
  facet normal 0 0 -1
    outer loop
      vertex 82.18554723125402 -0.36091709572983727 -19.75
      vertex 82.18554723125402 0.36091709572983727 -19.75
      vertex 82.29082286485412 0.7079643498754161 -19.75
    endloop
  endfacet
  facet normal 0 0 -1
    outer loop
      vertex 82.35 0 -19.75
      vertex 82.29082286485412 0.7079643498754161 -19.75
      vertex 82.38170428733467 0.3218990313266116 -19.75
    endloop
  endfacet
  facet normal 0 0 -1
    outer loop
      vertex 82.38170428733467 0.3218990313266116 -19.75
      vertex 82.29082286485412 0.7079643498754161 -19.75
      vertex 82.47559877135637 0.6314276634023981 -19.75
    endloop
  endfacet
  facet normal 0 0 -1
    outer loop
      vertex 82.47559877135637 0.6314276634023981 -19.75
      vertex 82.29082286485412 0.7079643498754161 -19.75
      vertex 82.46178121724029 1.027804931086264 -19.75
    endloop
  endfacet
  facet normal 0 0 -1
    outer loop
      vertex 82.47559877135637 0.6314276634023981 -19.75
      vertex 82.46178121724029 1.027804931086264 -19.75
      vertex 82.6280751397008 0.9166908844823436 -19.75
    endloop
  endfacet
  facet normal 0 0 -1
    outer loop
      vertex 82.6280751397008 0.9166908844823436 -19.75
      vertex 82.46178121724029 1.027804931086264 -19.75
      vertex 82.83327381104219 1.1667261889578033 -19.75
    endloop
  endfacet
  facet normal 0 0 -1
    outer loop
      vertex 82.46178121724029 1.027804931086264 -19.75
      vertex 82.69185245480489 1.308147545195113 -19.75
      vertex 82.83327381104219 1.1667261889578033 -19.75
    endloop
  endfacet
  facet normal 0 0 -1
    outer loop
      vertex 82.83327381104219 1.1667261889578033 -19.75
      vertex 82.69185245480489 1.308147545195113 -19.75
      vertex 83.08330911551765 1.3719248602991996 -19.75
    endloop
  endfacet
  facet normal 0 0 -1
    outer loop
      vertex 82.69185245480489 1.308147545195113 -19.75
      vertex 82.97219506891373 1.5382187827597087 -19.75
      vertex 83.08330911551765 1.3719248602991996 -19.75
    endloop
  endfacet
  facet normal 0 0 -1
    outer loop
      vertex 83.08330911551765 1.3719248602991996 -19.75
      vertex 82.97219506891373 1.5382187827597087 -19.75
      vertex 83.36857233659761 1.524401228643623 -19.75
    endloop
  endfacet
  facet normal 0 0 -1
    outer loop
      vertex 82.97219506891373 1.5382187827597087 -19.75
      vertex 83.29203565012459 1.7091771351458807 -19.75
      vertex 83.36857233659761 1.524401228643623 -19.75
    endloop
  endfacet
  facet normal 0 0 -1
    outer loop
      vertex 83.36857233659761 1.524401228643623 -19.75
      vertex 83.29203565012459 1.7091771351458807 -19.75
      vertex 83.67810096867339 1.6182957126653301 -19.75
    endloop
  endfacet
  facet normal 0 0 -1
    outer loop
      vertex 83.67810096867339 1.6182957126653301 -19.75
      vertex 83.29203565012459 1.7091771351458807 -19.75
      vertex 83.63908290427017 1.8144527687459764 -19.75
    endloop
  endfacet
  facet normal 0 0 -1
    outer loop
      vertex 83.67810096867339 1.6182957126653301 -19.75
      vertex 83.63908290427017 1.8144527687459764 -19.75
      vertex 84 1.65 -19.75
    endloop
  endfacet
  facet normal 0 0 -1
    outer loop
      vertex 84 1.65 -19.75
      vertex 83.63908290427017 1.8144527687459764 -19.75
      vertex 84 1.85 -19.75
    endloop
  endfacet
  facet normal 0 0 -1
    outer loop
      vertex 84.91669088448235 1.3719248602991996 -19.75
      vertex 85.02780493108627 1.5382187827597087 -19.75
      vertex 85.16672618895781 1.1667261889578033 -19.75
    endloop
  endfacet
  facet normal 0 0 -1
    outer loop
      vertex 84 1.65 -19.75
      vertex 84 1.85 -19.75
      vertex 84.32189903132661 1.6182957126653301 -19.75
    endloop
  endfacet
  facet normal 0 0 -1
    outer loop
      vertex 84.63142766340239 1.524401228643623 -19.75
      vertex 84.32189903132661 1.6182957126653301 -19.75
      vertex 84.36091709572983 1.8144527687459764 -19.75
    endloop
  endfacet
  facet normal 0 0 -1
    outer loop
      vertex 84 1.85 -19.75
      vertex 84.36091709572983 1.8144527687459764 -19.75
      vertex 84.32189903132661 1.6182957126653301 -19.75
    endloop
  endfacet
  facet normal 0 0 -1
    outer loop
      vertex 84.91669088448235 1.3719248602991996 -19.75
      vertex 84.63142766340239 1.524401228643623 -19.75
      vertex 84.70796434987541 1.7091771351458807 -19.75
    endloop
  endfacet
  facet normal 0 0 -1
    outer loop
      vertex 84.63142766340239 1.524401228643623 -19.75
      vertex 84.36091709572983 1.8144527687459764 -19.75
      vertex 84.70796434987541 1.7091771351458807 -19.75
    endloop
  endfacet
  facet normal 0 0 -1
    outer loop
      vertex 84.91669088448235 1.3719248602991996 -19.75
      vertex 84.70796434987541 1.7091771351458807 -19.75
      vertex 85.02780493108627 1.5382187827597087 -19.75
    endloop
  endfacet
  facet normal 0 0 -1
    outer loop
      vertex 85.70917713514588 -0.7079643498754161 -19.75
      vertex 85.65 0 -19.75
      vertex 85.70917713514588 0.7079643498754161 -19.75
    endloop
  endfacet
  facet normal 0 0 -1
    outer loop
      vertex 85.70917713514588 -0.7079643498754161 -19.75
      vertex 85.70917713514588 0.7079643498754161 -19.75
      vertex 85.81445276874598 0.36091709572983727 -19.75
    endloop
  endfacet
  facet normal 0 0 -1
    outer loop
      vertex 85.81445276874598 -0.36091709572983727 -19.75
      vertex 85.81445276874598 0.36091709572983727 -19.75
      vertex 85.85 0 -19.75
    endloop
  endfacet
  facet normal 0 0 -1
    outer loop
      vertex 85.65 0 -19.75
      vertex 85.61829571266533 0.3218990313266116 -19.75
      vertex 85.70917713514588 0.7079643498754161 -19.75
    endloop
  endfacet
  facet normal 0 0 -1
    outer loop
      vertex 85.61829571266533 0.3218990313266116 -19.75
      vertex 85.52440122864363 0.6314276634023981 -19.75
      vertex 85.53821878275971 1.027804931086264 -19.75
    endloop
  endfacet
  facet normal 0 0 -1
    outer loop
      vertex 85.61829571266533 0.3218990313266116 -19.75
      vertex 85.53821878275971 1.027804931086264 -19.75
      vertex 85.70917713514588 0.7079643498754161 -19.75
    endloop
  endfacet
  facet normal 0 0 -1
    outer loop
      vertex 85.52440122864363 0.6314276634023981 -19.75
      vertex 85.3719248602992 0.9166908844823436 -19.75
      vertex 85.53821878275971 1.027804931086264 -19.75
    endloop
  endfacet
  facet normal 0 0 -1
    outer loop
      vertex 85.3719248602992 0.9166908844823436 -19.75
      vertex 85.16672618895781 1.1667261889578033 -19.75
      vertex 85.30814754519511 1.308147545195113 -19.75
    endloop
  endfacet
  facet normal 0 0 -1
    outer loop
      vertex 85.3719248602992 0.9166908844823436 -19.75
      vertex 85.30814754519511 1.308147545195113 -19.75
      vertex 85.53821878275971 1.027804931086264 -19.75
    endloop
  endfacet
  facet normal 0 0 -1
    outer loop
      vertex 85.16672618895781 1.1667261889578033 -19.75
      vertex 85.02780493108627 1.5382187827597087 -19.75
      vertex 85.30814754519511 1.308147545195113 -19.75
    endloop
  endfacet
  facet normal -0.9951847266721994 0.09801714032953524 1.3074428986310764e-18
    outer loop
      vertex 82.15 0 -19.75
      vertex 82.18554723125402 0.36091709572983727 -18.95
      vertex 82.18554723125402 0.36091709572983727 -19.75
    endloop
  endfacet
  facet normal -0.9951847266721994 0.09801714032953524 0
    outer loop
      vertex 82.15 0 -19.75
      vertex 82.15 0 -18.95
      vertex 82.18554723125402 0.36091709572983727 -18.95
    endloop
  endfacet
  facet normal -0.9569403357322049 0.29028467725447554 0
    outer loop
      vertex 82.18554723125402 0.36091709572983727 -19.75
      vertex 82.18554723125402 0.36091709572983727 -18.95
      vertex 82.29082286485412 0.7079643498754161 -18.95
    endloop
  endfacet
  facet normal -0.9569403357322049 0.29028467725447554 -9.90313779909529e-19
    outer loop
      vertex 82.18554723125402 0.36091709572983727 -19.75
      vertex 82.29082286485412 0.7079643498754161 -18.95
      vertex 82.29082286485412 0.7079643498754161 -19.75
    endloop
  endfacet
  facet normal -0.8819212643483624 0.4713967368259839 9.453918258894352e-18
    outer loop
      vertex 82.29082286485412 0.7079643498754161 -19.75
      vertex 82.46178121724029 1.027804931086264 -18.95
      vertex 82.46178121724029 1.027804931086264 -19.75
    endloop
  endfacet
  facet normal -0.8819212643483624 0.4713967368259839 0
    outer loop
      vertex 82.29082286485412 0.7079643498754161 -19.75
      vertex 82.29082286485412 0.7079643498754161 -18.95
      vertex 82.46178121724029 1.027804931086264 -18.95
    endloop
  endfacet
  facet normal 0 0 1
    outer loop
      vertex 82.18554723125402 -0.36091709572983727 -18.95
      vertex 82.18554723125402 0.36091709572983727 -18.95
      vertex 82.15 0 -18.95
    endloop
  endfacet
  facet normal 0 0 1
    outer loop
      vertex 82.29082286485412 -0.7079643498754161 -18.95
      vertex 82.35 0 -18.95
      vertex 82.29082286485412 0.7079643498754161 -18.95
    endloop
  endfacet
  facet normal 0 0 1
    outer loop
      vertex 82.29082286485412 -0.7079643498754161 -18.95
      vertex 82.29082286485412 0.7079643498754161 -18.95
      vertex 82.18554723125402 0.36091709572983727 -18.95
    endloop
  endfacet
  facet normal 0 0 1
    outer loop
      vertex 82.35 0 -18.95
      vertex 82.38170428733467 0.3218990313266116 -18.95
      vertex 82.29082286485412 0.7079643498754161 -18.95
    endloop
  endfacet
  facet normal 0 0 1
    outer loop
      vertex 82.38170428733467 0.3218990313266116 -18.95
      vertex 82.46178121724029 1.027804931086264 -18.95
      vertex 82.29082286485412 0.7079643498754161 -18.95
    endloop
  endfacet
  facet normal 0 0 1
    outer loop
      vertex 82.38170428733467 0.3218990313266116 -18.95
      vertex 82.47559877135637 0.6314276634023981 -18.95
      vertex 82.46178121724029 1.027804931086264 -18.95
    endloop
  endfacet
  facet normal 0 0 1
    outer loop
      vertex 82.47559877135637 0.6314276634023981 -18.95
      vertex 82.6280751397008 0.9166908844823436 -18.95
      vertex 82.46178121724029 1.027804931086264 -18.95
    endloop
  endfacet
  facet normal -0.7730104533627296 0.6343932841636547 -5.700055931161018e-18
    outer loop
      vertex 82.46178121724029 1.027804931086264 -19.75
      vertex 82.69185245480489 1.308147545195113 -18.95
      vertex 82.69185245480489 1.308147545195113 -19.75
    endloop
  endfacet
  facet normal -0.7730104533627296 0.6343932841636547 0
    outer loop
      vertex 82.46178121724029 1.027804931086264 -19.75
      vertex 82.46178121724029 1.027804931086264 -18.95
      vertex 82.69185245480489 1.308147545195113 -18.95
    endloop
  endfacet
  facet normal 0 0 1
    outer loop
      vertex 82.6280751397008 0.9166908844823436 -18.95
      vertex 82.69185245480489 1.308147545195113 -18.95
      vertex 82.46178121724029 1.027804931086264 -18.95
    endloop
  endfacet
  facet normal 0 0 1
    outer loop
      vertex 82.6280751397008 0.9166908844823436 -18.95
      vertex 82.83327381104219 1.1667261889578033 -18.95
      vertex 82.69185245480489 1.308147545195113 -18.95
    endloop
  endfacet
  facet normal -0.6343932841636484 0.7730104533627344 0
    outer loop
      vertex 82.69185245480489 1.308147545195113 -19.75
      vertex 82.69185245480489 1.308147545195113 -18.95
      vertex 82.97219506891373 1.5382187827597087 -19.75
    endloop
  endfacet
  facet normal -0.6343932841636484 0.7730104533627344 -1.1203959358837657e-17
    outer loop
      vertex 82.69185245480489 1.308147545195113 -18.95
      vertex 82.97219506891373 1.5382187827597087 -18.95
      vertex 82.97219506891373 1.5382187827597087 -19.75
    endloop
  endfacet
  facet normal -0.4713967368259904 0.881921264348359 0
    outer loop
      vertex 82.97219506891373 1.5382187827597087 -19.75
      vertex 82.97219506891373 1.5382187827597087 -18.95
      vertex 83.29203565012459 1.7091771351458807 -19.75
    endloop
  endfacet
  facet normal -0.2902846772544619 0.9569403357322089 0
    outer loop
      vertex 83.29203565012459 1.7091771351458807 -19.75
      vertex 83.29203565012459 1.7091771351458807 -18.95
      vertex 83.63908290427017 1.8144527687459764 -19.75
    endloop
  endfacet
  facet normal -0.09801714032956219 0.9951847266721968 0
    outer loop
      vertex 83.63908290427017 1.8144527687459764 -19.75
      vertex 83.63908290427017 1.8144527687459764 -18.95
      vertex 84 1.85 -19.75
    endloop
  endfacet
  facet normal -0.4713967368259904 0.881921264348359 0
    outer loop
      vertex 83.29203565012459 1.7091771351458807 -19.75
      vertex 82.97219506891373 1.5382187827597087 -18.95
      vertex 83.29203565012459 1.7091771351458807 -18.95
    endloop
  endfacet
  facet normal -0.2902846772544619 0.9569403357322089 0
    outer loop
      vertex 83.63908290427017 1.8144527687459764 -19.75
      vertex 83.29203565012459 1.7091771351458807 -18.95
      vertex 83.63908290427017 1.8144527687459764 -18.95
    endloop
  endfacet
  facet normal -0.09801714032956219 0.9951847266721968 0
    outer loop
      vertex 84 1.85 -19.75
      vertex 83.63908290427017 1.8144527687459764 -18.95
      vertex 84 1.85 -18.95
    endloop
  endfacet
  facet normal 0.09801714032956219 0.9951847266721968 0
    outer loop
      vertex 84 1.85 -19.75
      vertex 84 1.85 -18.95
      vertex 84.36091709572983 1.8144527687459764 -19.75
    endloop
  endfacet
  facet normal 0.2902846772544619 0.9569403357322089 8.67384849553268e-18
    outer loop
      vertex 84.70796434987541 1.7091771351458807 -19.75
      vertex 84.36091709572983 1.8144527687459764 -19.75
      vertex 84.36091709572983 1.8144527687459764 -18.95
    endloop
  endfacet
  facet normal 0.4713967368259904 0.881921264348359 -7.117518777710455e-18
    outer loop
      vertex 85.02780493108627 1.5382187827597087 -19.75
      vertex 84.70796434987541 1.7091771351458807 -19.75
      vertex 84.70796434987541 1.7091771351458807 -18.95
    endloop
  endfacet
  facet normal 0.09801714032956219 0.9951847266721968 0
    outer loop
      vertex 84.36091709572983 1.8144527687459764 -19.75
      vertex 84 1.85 -18.95
      vertex 84.36091709572983 1.8144527687459764 -18.95
    endloop
  endfacet
  facet normal 0.2902846772544619 0.9569403357322089 0
    outer loop
      vertex 84.70796434987541 1.7091771351458807 -19.75
      vertex 84.36091709572983 1.8144527687459764 -18.95
      vertex 84.70796434987541 1.7091771351458807 -18.95
    endloop
  endfacet
  facet normal 0.4713967368259904 0.881921264348359 0
    outer loop
      vertex 85.02780493108627 1.5382187827597087 -19.75
      vertex 84.70796434987541 1.7091771351458807 -18.95
      vertex 85.02780493108627 1.5382187827597087 -18.95
    endloop
  endfacet
  facet normal 0 0 1
    outer loop
      vertex 82.83327381104219 1.1667261889578033 -18.95
      vertex 82.97219506891373 1.5382187827597087 -18.95
      vertex 82.69185245480489 1.308147545195113 -18.95
    endloop
  endfacet
  facet normal 0 0 1
    outer loop
      vertex 82.83327381104219 1.1667261889578033 -18.95
      vertex 83.08330911551765 1.3719248602991996 -18.95
      vertex 82.97219506891373 1.5382187827597087 -18.95
    endloop
  endfacet
  facet normal 0 0 1
    outer loop
      vertex 83.08330911551765 1.3719248602991996 -18.95
      vertex 83.29203565012459 1.7091771351458807 -18.95
      vertex 82.97219506891373 1.5382187827597087 -18.95
    endloop
  endfacet
  facet normal 0 0 1
    outer loop
      vertex 83.08330911551765 1.3719248602991996 -18.95
      vertex 83.36857233659761 1.524401228643623 -18.95
      vertex 83.29203565012459 1.7091771351458807 -18.95
    endloop
  endfacet
  facet normal 0 0 1
    outer loop
      vertex 83.36857233659761 1.524401228643623 -18.95
      vertex 83.63908290427017 1.8144527687459764 -18.95
      vertex 83.29203565012459 1.7091771351458807 -18.95
    endloop
  endfacet
  facet normal 0 0 1
    outer loop
      vertex 83.36857233659761 1.524401228643623 -18.95
      vertex 83.67810096867339 1.6182957126653301 -18.95
      vertex 83.63908290427017 1.8144527687459764 -18.95
    endloop
  endfacet
  facet normal 0 0 1
    outer loop
      vertex 83.67810096867339 1.6182957126653301 -18.95
      vertex 84 1.65 -18.95
      vertex 84 1.85 -18.95
    endloop
  endfacet
  facet normal 0 0 1
    outer loop
      vertex 83.67810096867339 1.6182957126653301 -18.95
      vertex 84 1.85 -18.95
      vertex 83.63908290427017 1.8144527687459764 -18.95
    endloop
  endfacet
  facet normal 0 0 1
    outer loop
      vertex 84.91669088448235 1.3719248602991996 -18.95
      vertex 85.02780493108627 1.5382187827597087 -18.95
      vertex 84.63142766340239 1.524401228643623 -18.95
    endloop
  endfacet
  facet normal 0 0 1
    outer loop
      vertex 84 1.65 -18.95
      vertex 84.32189903132661 1.6182957126653301 -18.95
      vertex 84.36091709572983 1.8144527687459764 -18.95
    endloop
  endfacet
  facet normal 0 0 1
    outer loop
      vertex 84.32189903132661 1.6182957126653301 -18.95
      vertex 84.70796434987541 1.7091771351458807 -18.95
      vertex 84.36091709572983 1.8144527687459764 -18.95
    endloop
  endfacet
  facet normal 0 0 1
    outer loop
      vertex 84 1.65 -18.95
      vertex 84.36091709572983 1.8144527687459764 -18.95
      vertex 84 1.85 -18.95
    endloop
  endfacet
  facet normal 0 0 1
    outer loop
      vertex 84.63142766340239 1.524401228643623 -18.95
      vertex 84.70796434987541 1.7091771351458807 -18.95
      vertex 84.32189903132661 1.6182957126653301 -18.95
    endloop
  endfacet
  facet normal 0 0 1
    outer loop
      vertex 84.63142766340239 1.524401228643623 -18.95
      vertex 85.02780493108627 1.5382187827597087 -18.95
      vertex 84.70796434987541 1.7091771351458807 -18.95
    endloop
  endfacet
  facet normal 0.9951847266721994 0.09801714032953524 0
    outer loop
      vertex 85.85 0 -19.75
      vertex 85.81445276874598 0.36091709572983727 -19.75
      vertex 85.85 0 -18.95
    endloop
  endfacet
  facet normal 0.9569403357322049 0.29028467725447554 0
    outer loop
      vertex 85.81445276874598 0.36091709572983727 -19.75
      vertex 85.70917713514588 0.7079643498754161 -19.75
      vertex 85.81445276874598 0.36091709572983727 -18.95
    endloop
  endfacet
  facet normal 0.9951847266721994 0.09801714032953524 0
    outer loop
      vertex 85.81445276874598 0.36091709572983727 -19.75
      vertex 85.81445276874598 0.36091709572983727 -18.95
      vertex 85.85 0 -18.95
    endloop
  endfacet
  facet normal 0.8819212643483624 0.4713967368259839 0
    outer loop
      vertex 85.70917713514588 0.7079643498754161 -19.75
      vertex 85.53821878275971 1.027804931086264 -19.75
      vertex 85.70917713514588 0.7079643498754161 -18.95
    endloop
  endfacet
  facet normal 0.8819212643483624 0.4713967368259839 -9.453918258894352e-18
    outer loop
      vertex 85.70917713514588 0.7079643498754161 -18.95
      vertex 85.53821878275971 1.027804931086264 -19.75
      vertex 85.53821878275971 1.027804931086264 -18.95
    endloop
  endfacet
  facet normal 0.9569403357322049 0.29028467725447554 9.90313779909529e-19
    outer loop
      vertex 85.81445276874598 0.36091709572983727 -18.95
      vertex 85.70917713514588 0.7079643498754161 -19.75
      vertex 85.70917713514588 0.7079643498754161 -18.95
    endloop
  endfacet
  facet normal 0 0 1
    outer loop
      vertex 85.70917713514588 -0.7079643498754161 -18.95
      vertex 85.70917713514588 0.7079643498754161 -18.95
      vertex 85.65 0 -18.95
    endloop
  endfacet
  facet normal 0 0 1
    outer loop
      vertex 85.81445276874598 -0.36091709572983727 -18.95
      vertex 85.85 0 -18.95
      vertex 85.81445276874598 0.36091709572983727 -18.95
    endloop
  endfacet
  facet normal 0 0 1
    outer loop
      vertex 85.81445276874598 -0.36091709572983727 -18.95
      vertex 85.81445276874598 0.36091709572983727 -18.95
      vertex 85.70917713514588 0.7079643498754161 -18.95
    endloop
  endfacet
  facet normal 0 0 1
    outer loop
      vertex 85.65 0 -18.95
      vertex 85.70917713514588 0.7079643498754161 -18.95
      vertex 85.61829571266533 0.3218990313266116 -18.95
    endloop
  endfacet
  facet normal 0 0 1
    outer loop
      vertex 85.61829571266533 0.3218990313266116 -18.95
      vertex 85.70917713514588 0.7079643498754161 -18.95
      vertex 85.52440122864363 0.6314276634023981 -18.95
    endloop
  endfacet
  facet normal 0 0 1
    outer loop
      vertex 85.52440122864363 0.6314276634023981 -18.95
      vertex 85.53821878275971 1.027804931086264 -18.95
      vertex 85.3719248602992 0.9166908844823436 -18.95
    endloop
  endfacet
  facet normal 0 0 1
    outer loop
      vertex 85.52440122864363 0.6314276634023981 -18.95
      vertex 85.70917713514588 0.7079643498754161 -18.95
      vertex 85.53821878275971 1.027804931086264 -18.95
    endloop
  endfacet
  facet normal 0.7730104533627296 0.6343932841636547 0
    outer loop
      vertex 85.53821878275971 1.027804931086264 -19.75
      vertex 85.30814754519511 1.308147545195113 -19.75
      vertex 85.53821878275971 1.027804931086264 -18.95
    endloop
  endfacet
  facet normal 0.6343932841636484 0.7730104533627344 1.1203959358837657e-17
    outer loop
      vertex 85.30814754519511 1.308147545195113 -19.75
      vertex 85.02780493108627 1.5382187827597087 -19.75
      vertex 85.02780493108627 1.5382187827597087 -18.95
    endloop
  endfacet
  facet normal 0.7730104533627296 0.6343932841636547 0
    outer loop
      vertex 85.30814754519511 1.308147545195113 -19.75
      vertex 85.30814754519511 1.308147545195113 -18.95
      vertex 85.53821878275971 1.027804931086264 -18.95
    endloop
  endfacet
  facet normal 0.6343932841636484 0.7730104533627344 0
    outer loop
      vertex 85.30814754519511 1.308147545195113 -19.75
      vertex 85.02780493108627 1.5382187827597087 -18.95
      vertex 85.30814754519511 1.308147545195113 -18.95
    endloop
  endfacet
  facet normal 0 0 1
    outer loop
      vertex 85.53821878275971 1.027804931086264 -18.95
      vertex 85.30814754519511 1.308147545195113 -18.95
      vertex 85.16672618895781 1.1667261889578033 -18.95
    endloop
  endfacet
  facet normal 0 0 1
    outer loop
      vertex 85.3719248602992 0.9166908844823436 -18.95
      vertex 85.53821878275971 1.027804931086264 -18.95
      vertex 85.16672618895781 1.1667261889578033 -18.95
    endloop
  endfacet
  facet normal 0 0 1
    outer loop
      vertex 84.91669088448235 1.3719248602991996 -18.95
      vertex 85.16672618895781 1.1667261889578033 -18.95
      vertex 85.30814754519511 1.308147545195113 -18.95
    endloop
  endfacet
  facet normal 0 0 1
    outer loop
      vertex 84.91669088448235 1.3719248602991996 -18.95
      vertex 85.30814754519511 1.308147545195113 -18.95
      vertex 85.02780493108627 1.5382187827597087 -18.95
    endloop
  endfacet
  facet normal 0 0 -1
    outer loop
      vertex 60.69185245480489 -1.308147545195113 -17.25
      vertex 60.6280751397008 -0.9166908844823436 -17.25
      vertex 60.8332738110422 -1.1667261889578033 -17.25
    endloop
  endfacet
  facet normal 0 0 -1
    outer loop
      vertex 60.69185245480489 -1.308147545195113 -17.25
      vertex 60.46178121724029 -1.027804931086264 -17.25
      vertex 60.6280751397008 -0.9166908844823436 -17.25
    endloop
  endfacet
  facet normal 0 0 -1
    outer loop
      vertex 61.29203565012458 -1.7091771351458807 -17.25
      vertex 60.972195068913734 -1.5382187827597087 -17.25
      vertex 61.08330911551766 -1.3719248602991996 -17.25
    endloop
  endfacet
  facet normal 0 0 -1
    outer loop
      vertex 61.29203565012458 -1.7091771351458807 -17.25
      vertex 61.08330911551766 -1.3719248602991996 -17.25
      vertex 61.3685723365976 -1.524401228643623 -17.25
    endloop
  endfacet
  facet normal 0 0 -1
    outer loop
      vertex 61.63908290427016 -1.8144527687459764 -17.25
      vertex 61.67810096867339 -1.6182957126653301 -17.25
      vertex 62 -1.85 -17.25
    endloop
  endfacet
  facet normal 0 0 -1
    outer loop
      vertex 61.63908290427016 -1.8144527687459764 -17.25
      vertex 61.29203565012458 -1.7091771351458807 -17.25
      vertex 61.3685723365976 -1.524401228643623 -17.25
    endloop
  endfacet
  facet normal 0 0 -1
    outer loop
      vertex 61.63908290427016 -1.8144527687459764 -17.25
      vertex 61.3685723365976 -1.524401228643623 -17.25
      vertex 61.67810096867339 -1.6182957126653301 -17.25
    endloop
  endfacet
  facet normal 0 0 -1
    outer loop
      vertex 61.67810096867339 -1.6182957126653301 -17.25
      vertex 62 -1.65 -17.25
      vertex 62 -1.85 -17.25
    endloop
  endfacet
  facet normal 0 0 -1
    outer loop
      vertex 60.972195068913734 -1.5382187827597087 -17.25
      vertex 60.69185245480489 -1.308147545195113 -17.25
      vertex 60.8332738110422 -1.1667261889578033 -17.25
    endloop
  endfacet
  facet normal 0 0 -1
    outer loop
      vertex 60.972195068913734 -1.5382187827597087 -17.25
      vertex 60.8332738110422 -1.1667261889578033 -17.25
      vertex 61.08330911551766 -1.3719248602991996 -17.25
    endloop
  endfacet
  facet normal 0 0 -1
    outer loop
      vertex 60.46178121724029 -1.027804931086264 -17.25
      vertex 60.475598771356374 -0.6314276634023981 -17.25
      vertex 60.6280751397008 -0.9166908844823436 -17.25
    endloop
  endfacet
  facet normal 0 0 -1
    outer loop
      vertex 60.46178121724029 -1.027804931086264 -17.25
      vertex 60.29082286485412 -0.7079643498754161 -17.25
      vertex 60.38170428733467 -0.3218990313266116 -17.25
    endloop
  endfacet
  facet normal 0 0 -1
    outer loop
      vertex 60.46178121724029 -1.027804931086264 -17.25
      vertex 60.38170428733467 -0.3218990313266116 -17.25
      vertex 60.475598771356374 -0.6314276634023981 -17.25
    endloop
  endfacet
  facet normal 0 0 -1
    outer loop
      vertex 60.29082286485412 -0.7079643498754161 -17.25
      vertex 60.35 0 -17.25
      vertex 60.38170428733467 -0.3218990313266116 -17.25
    endloop
  endfacet
  facet normal 0 0 -1
    outer loop
      vertex 60.29082286485412 -0.7079643498754161 -17.25
      vertex 60.18554723125402 -0.36091709572983727 -17.25
      vertex 60.29082286485412 0.7079643498754161 -17.25
    endloop
  endfacet
  facet normal 0 0 -1
    outer loop
      vertex 62 -1.85 -17.25
      vertex 62 -1.65 -17.25
      vertex 62.36091709572984 -1.8144527687459764 -17.25
    endloop
  endfacet
  facet normal 0 0 -1
    outer loop
      vertex 62.36091709572984 -1.8144527687459764 -17.25
      vertex 62 -1.65 -17.25
      vertex 62.32189903132661 -1.6182957126653301 -17.25
    endloop
  endfacet
  facet normal 0 0 -1
    outer loop
      vertex 62.36091709572984 -1.8144527687459764 -17.25
      vertex 62.32189903132661 -1.6182957126653301 -17.25
      vertex 62.70796434987542 -1.7091771351458807 -17.25
    endloop
  endfacet
  facet normal 0 0 -1
    outer loop
      vertex 62.70796434987542 -1.7091771351458807 -17.25
      vertex 62.32189903132661 -1.6182957126653301 -17.25
      vertex 62.6314276634024 -1.524401228643623 -17.25
    endloop
  endfacet
  facet normal 0 0 -1
    outer loop
      vertex 62.70796434987542 -1.7091771351458807 -17.25
      vertex 62.6314276634024 -1.524401228643623 -17.25
      vertex 63.027804931086266 -1.5382187827597087 -17.25
    endloop
  endfacet
  facet normal 0 0 -1
    outer loop
      vertex 62.6314276634024 -1.524401228643623 -17.25
      vertex 62.91669088448234 -1.3719248602991996 -17.25
      vertex 63.027804931086266 -1.5382187827597087 -17.25
    endloop
  endfacet
  facet normal 0 0 -1
    outer loop
      vertex 63.027804931086266 -1.5382187827597087 -17.25
      vertex 62.91669088448234 -1.3719248602991996 -17.25
      vertex 63.30814754519511 -1.308147545195113 -17.25
    endloop
  endfacet
  facet normal 0 0 -1
    outer loop
      vertex 62.91669088448234 -1.3719248602991996 -17.25
      vertex 63.1667261889578 -1.1667261889578033 -17.25
      vertex 63.30814754519511 -1.308147545195113 -17.25
    endloop
  endfacet
  facet normal 0 0 -1
    outer loop
      vertex 63.30814754519511 -1.308147545195113 -17.25
      vertex 63.1667261889578 -1.1667261889578033 -17.25
      vertex 63.53821878275971 -1.027804931086264 -17.25
    endloop
  endfacet
  facet normal 0 0 -1
    outer loop
      vertex 63.1667261889578 -1.1667261889578033 -17.25
      vertex 63.3719248602992 -0.9166908844823436 -17.25
      vertex 63.53821878275971 -1.027804931086264 -17.25
    endloop
  endfacet
  facet normal 0 0 -1
    outer loop
      vertex 63.53821878275971 -1.027804931086264 -17.25
      vertex 63.3719248602992 -0.9166908844823436 -17.25
      vertex 63.524401228643626 -0.6314276634023981 -17.25
    endloop
  endfacet
  facet normal 0 0 -1
    outer loop
      vertex 63.53821878275971 -1.027804931086264 -17.25
      vertex 63.524401228643626 -0.6314276634023981 -17.25
      vertex 63.70917713514588 -0.7079643498754161 -17.25
    endloop
  endfacet
  facet normal 0 0 -1
    outer loop
      vertex 63.70917713514588 -0.7079643498754161 -17.25
      vertex 63.524401228643626 -0.6314276634023981 -17.25
      vertex 63.61829571266533 -0.3218990313266116 -17.25
    endloop
  endfacet
  facet normal 0 0 -1
    outer loop
      vertex 63.70917713514588 -0.7079643498754161 -17.25
      vertex 63.61829571266533 -0.3218990313266116 -17.25
      vertex 63.65 0 -17.25
    endloop
  endfacet
  facet normal 0 0 -1
    outer loop
      vertex 63.70917713514588 -0.7079643498754161 -17.25
      vertex 63.81445276874598 0.36091709572983727 -17.25
      vertex 63.81445276874598 -0.36091709572983727 -17.25
    endloop
  endfacet
  facet normal -0.7730104533627391 -0.6343932841636429 -1.652221750891831e-17
    outer loop
      vertex 60.69185245480489 -1.308147545195113 -17.25
      vertex 60.46178121724029 -1.027804931086264 -16.45
      vertex 60.46178121724029 -1.027804931086264 -17.25
    endloop
  endfacet
  facet normal -0.7730104533627391 -0.6343932841636429 0
    outer loop
      vertex 60.69185245480489 -1.308147545195113 -17.25
      vertex 60.69185245480489 -1.308147545195113 -16.45
      vertex 60.46178121724029 -1.027804931086264 -16.45
    endloop
  endfacet
  facet normal 0 0 1
    outer loop
      vertex 60.69185245480489 -1.308147545195113 -16.45
      vertex 60.8332738110422 -1.1667261889578033 -16.45
      vertex 60.46178121724029 -1.027804931086264 -16.45
    endloop
  endfacet
  facet normal 0 0 1
    outer loop
      vertex 60.8332738110422 -1.1667261889578033 -16.45
      vertex 60.6280751397008 -0.9166908844823436 -16.45
      vertex 60.46178121724029 -1.027804931086264 -16.45
    endloop
  endfacet
  facet normal -0.47139673682599853 -0.8819212643483545 0
    outer loop
      vertex 61.29203565012458 -1.7091771351458807 -17.25
      vertex 61.29203565012458 -1.7091771351458807 -16.45
      vertex 60.972195068913734 -1.5382187827597087 -17.25
    endloop
  endfacet
  facet normal -0.47139673682599853 -0.8819212643483545 -5.6501772677432414e-18
    outer loop
      vertex 61.29203565012458 -1.7091771351458807 -16.45
      vertex 60.972195068913734 -1.5382187827597087 -16.45
      vertex 60.972195068913734 -1.5382187827597087 -17.25
    endloop
  endfacet
  facet normal -0.2902846772544619 -0.9569403357322089 0
    outer loop
      vertex 61.63908290427016 -1.8144527687459764 -17.25
      vertex 61.63908290427016 -1.8144527687459764 -16.45
      vertex 61.29203565012458 -1.7091771351458807 -17.25
    endloop
  endfacet
  facet normal -0.09801714032956027 -0.9951847266721969 -2.9704559947041907e-18
    outer loop
      vertex 61.63908290427016 -1.8144527687459764 -17.25
      vertex 62 -1.85 -17.25
      vertex 62 -1.85 -16.45
    endloop
  endfacet
  facet normal -0.09801714032956027 -0.9951847266721969 0
    outer loop
      vertex 61.63908290427016 -1.8144527687459764 -17.25
      vertex 62 -1.85 -16.45
      vertex 61.63908290427016 -1.8144527687459764 -16.45
    endloop
  endfacet
  facet normal -0.2902846772544619 -0.9569403357322089 0
    outer loop
      vertex 61.29203565012458 -1.7091771351458807 -17.25
      vertex 61.63908290427016 -1.8144527687459764 -16.45
      vertex 61.29203565012458 -1.7091771351458807 -16.45
    endloop
  endfacet
  facet normal 0 0 1
    outer loop
      vertex 61.29203565012458 -1.7091771351458807 -16.45
      vertex 61.3685723365976 -1.524401228643623 -16.45
      vertex 60.972195068913734 -1.5382187827597087 -16.45
    endloop
  endfacet
  facet normal 0 0 1
    outer loop
      vertex 61.63908290427016 -1.8144527687459764 -16.45
      vertex 62 -1.85 -16.45
      vertex 62 -1.65 -16.45
    endloop
  endfacet
  facet normal 0 0 1
    outer loop
      vertex 61.63908290427016 -1.8144527687459764 -16.45
      vertex 61.67810096867339 -1.6182957126653301 -16.45
      vertex 61.29203565012458 -1.7091771351458807 -16.45
    endloop
  endfacet
  facet normal 0 0 1
    outer loop
      vertex 61.29203565012458 -1.7091771351458807 -16.45
      vertex 61.67810096867339 -1.6182957126653301 -16.45
      vertex 61.3685723365976 -1.524401228643623 -16.45
    endloop
  endfacet
  facet normal 0 0 1
    outer loop
      vertex 61.63908290427016 -1.8144527687459764 -16.45
      vertex 62 -1.65 -16.45
      vertex 61.67810096867339 -1.6182957126653301 -16.45
    endloop
  endfacet
  facet normal -0.6343932841636484 -0.7730104533627344 0
    outer loop
      vertex 60.972195068913734 -1.5382187827597087 -17.25
      vertex 60.972195068913734 -1.5382187827597087 -16.45
      vertex 60.69185245480489 -1.308147545195113 -17.25
    endloop
  endfacet
  facet normal -0.6343932841636484 -0.7730104533627344 1.1203959358837657e-17
    outer loop
      vertex 60.972195068913734 -1.5382187827597087 -16.45
      vertex 60.69185245480489 -1.308147545195113 -16.45
      vertex 60.69185245480489 -1.308147545195113 -17.25
    endloop
  endfacet
  facet normal 0 0 1
    outer loop
      vertex 60.972195068913734 -1.5382187827597087 -16.45
      vertex 61.08330911551766 -1.3719248602991996 -16.45
      vertex 60.69185245480489 -1.308147545195113 -16.45
    endloop
  endfacet
  facet normal 0 0 1
    outer loop
      vertex 60.69185245480489 -1.308147545195113 -16.45
      vertex 61.08330911551766 -1.3719248602991996 -16.45
      vertex 60.8332738110422 -1.1667261889578033 -16.45
    endloop
  endfacet
  facet normal 0 0 1
    outer loop
      vertex 60.972195068913734 -1.5382187827597087 -16.45
      vertex 61.3685723365976 -1.524401228643623 -16.45
      vertex 61.08330911551766 -1.3719248602991996 -16.45
    endloop
  endfacet
  facet normal -0.8819212643483543 -0.47139673682599903 2.1035772634859505e-18
    outer loop
      vertex 60.46178121724029 -1.027804931086264 -17.25
      vertex 60.29082286485412 -0.7079643498754161 -16.45
      vertex 60.29082286485412 -0.7079643498754161 -17.25
    endloop
  endfacet
  facet normal -0.8819212643483543 -0.47139673682599903 0
    outer loop
      vertex 60.46178121724029 -1.027804931086264 -17.25
      vertex 60.46178121724029 -1.027804931086264 -16.45
      vertex 60.29082286485412 -0.7079643498754161 -16.45
    endloop
  endfacet
  facet normal -0.9569403357322049 -0.29028467725447554 0
    outer loop
      vertex 60.29082286485412 -0.7079643498754161 -17.25
      vertex 60.29082286485412 -0.7079643498754161 -16.45
      vertex 60.18554723125402 -0.36091709572983727 -16.45
    endloop
  endfacet
  facet normal 0 0 1
    outer loop
      vertex 60.46178121724029 -1.027804931086264 -16.45
      vertex 60.475598771356374 -0.6314276634023981 -16.45
      vertex 60.29082286485412 -0.7079643498754161 -16.45
    endloop
  endfacet
  facet normal 0 0 1
    outer loop
      vertex 60.46178121724029 -1.027804931086264 -16.45
      vertex 60.6280751397008 -0.9166908844823436 -16.45
      vertex 60.475598771356374 -0.6314276634023981 -16.45
    endloop
  endfacet
  facet normal 0 0 1
    outer loop
      vertex 60.29082286485412 -0.7079643498754161 -16.45
      vertex 60.475598771356374 -0.6314276634023981 -16.45
      vertex 60.38170428733467 -0.3218990313266116 -16.45
    endloop
  endfacet
  facet normal -0.9951847266721975 -0.09801714032955464 2.7797322966391384e-18
    outer loop
      vertex 60.18554723125402 -0.36091709572983727 -17.25
      vertex 60.15 0 -16.45
      vertex 60.15 0 -17.25
    endloop
  endfacet
  facet normal -0.9951847266721975 -0.09801714032955464 0
    outer loop
      vertex 60.18554723125402 -0.36091709572983727 -17.25
      vertex 60.18554723125402 -0.36091709572983727 -16.45
      vertex 60.15 0 -16.45
    endloop
  endfacet
  facet normal -0.9569403357322049 -0.29028467725447554 9.90313779909529e-19
    outer loop
      vertex 60.29082286485412 -0.7079643498754161 -17.25
      vertex 60.18554723125402 -0.36091709572983727 -16.45
      vertex 60.18554723125402 -0.36091709572983727 -17.25
    endloop
  endfacet
  facet normal 0 0 1
    outer loop
      vertex 60.29082286485412 -0.7079643498754161 -16.45
      vertex 60.38170428733467 -0.3218990313266116 -16.45
      vertex 60.35 0 -16.45
    endloop
  endfacet
  facet normal 0 0 1
    outer loop
      vertex 60.29082286485412 -0.7079643498754161 -16.45
      vertex 60.18554723125402 0.36091709572983727 -16.45
      vertex 60.18554723125402 -0.36091709572983727 -16.45
    endloop
  endfacet
  facet normal 0.09801714032956027 -0.9951847266721969 2.9704559947041907e-18
    outer loop
      vertex 62 -1.85 -17.25
      vertex 62.36091709572984 -1.8144527687459764 -17.25
      vertex 62.36091709572984 -1.8144527687459764 -16.45
    endloop
  endfacet
  facet normal 0.09801714032956027 -0.9951847266721969 0
    outer loop
      vertex 62 -1.85 -17.25
      vertex 62.36091709572984 -1.8144527687459764 -16.45
      vertex 62 -1.85 -16.45
    endloop
  endfacet
  facet normal 0.2902846772544619 -0.9569403357322089 0
    outer loop
      vertex 62.36091709572984 -1.8144527687459764 -17.25
      vertex 62.70796434987542 -1.7091771351458807 -16.45
      vertex 62.36091709572984 -1.8144527687459764 -16.45
    endloop
  endfacet
  facet normal 0.2902846772544619 -0.9569403357322089 -8.67384849553268e-18
    outer loop
      vertex 62.36091709572984 -1.8144527687459764 -17.25
      vertex 62.70796434987542 -1.7091771351458807 -17.25
      vertex 62.70796434987542 -1.7091771351458807 -16.45
    endloop
  endfacet
  facet normal 0.47139673682599853 -0.8819212643483545 5.6501772677432414e-18
    outer loop
      vertex 62.70796434987542 -1.7091771351458807 -17.25
      vertex 63.027804931086266 -1.5382187827597087 -17.25
      vertex 63.027804931086266 -1.5382187827597087 -16.45
    endloop
  endfacet
  facet normal 0.47139673682599853 -0.8819212643483545 0
    outer loop
      vertex 62.70796434987542 -1.7091771351458807 -17.25
      vertex 63.027804931086266 -1.5382187827597087 -16.45
      vertex 62.70796434987542 -1.7091771351458807 -16.45
    endloop
  endfacet
  facet normal 0 0 1
    outer loop
      vertex 62 -1.85 -16.45
      vertex 62.36091709572984 -1.8144527687459764 -16.45
      vertex 62.32189903132661 -1.6182957126653301 -16.45
    endloop
  endfacet
  facet normal 0 0 1
    outer loop
      vertex 62 -1.85 -16.45
      vertex 62.32189903132661 -1.6182957126653301 -16.45
      vertex 62 -1.65 -16.45
    endloop
  endfacet
  facet normal 0 0 1
    outer loop
      vertex 62.36091709572984 -1.8144527687459764 -16.45
      vertex 62.6314276634024 -1.524401228643623 -16.45
      vertex 62.32189903132661 -1.6182957126653301 -16.45
    endloop
  endfacet
  facet normal 0 0 1
    outer loop
      vertex 62.36091709572984 -1.8144527687459764 -16.45
      vertex 62.70796434987542 -1.7091771351458807 -16.45
      vertex 62.6314276634024 -1.524401228643623 -16.45
    endloop
  endfacet
  facet normal 0 0 1
    outer loop
      vertex 62.70796434987542 -1.7091771351458807 -16.45
      vertex 62.91669088448234 -1.3719248602991996 -16.45
      vertex 62.6314276634024 -1.524401228643623 -16.45
    endloop
  endfacet
  facet normal 0 0 1
    outer loop
      vertex 62.70796434987542 -1.7091771351458807 -16.45
      vertex 63.027804931086266 -1.5382187827597087 -16.45
      vertex 62.91669088448234 -1.3719248602991996 -16.45
    endloop
  endfacet
  facet normal 0 0 1
    outer loop
      vertex 63.027804931086266 -1.5382187827597087 -16.45
      vertex 63.1667261889578 -1.1667261889578033 -16.45
      vertex 62.91669088448234 -1.3719248602991996 -16.45
    endloop
  endfacet
  facet normal 0.6343932841636484 -0.7730104533627344 -1.1203959358837657e-17
    outer loop
      vertex 63.027804931086266 -1.5382187827597087 -17.25
      vertex 63.30814754519511 -1.308147545195113 -17.25
      vertex 63.30814754519511 -1.308147545195113 -16.45
    endloop
  endfacet
  facet normal 0.6343932841636484 -0.7730104533627344 0
    outer loop
      vertex 63.027804931086266 -1.5382187827597087 -17.25
      vertex 63.30814754519511 -1.308147545195113 -16.45
      vertex 63.027804931086266 -1.5382187827597087 -16.45
    endloop
  endfacet
  facet normal 0.7730104533627391 -0.6343932841636429 0
    outer loop
      vertex 63.30814754519511 -1.308147545195113 -17.25
      vertex 63.53821878275971 -1.027804931086264 -17.25
      vertex 63.30814754519511 -1.308147545195113 -16.45
    endloop
  endfacet
  facet normal 0.7730104533627391 -0.6343932841636429 1.652221750891831e-17
    outer loop
      vertex 63.30814754519511 -1.308147545195113 -16.45
      vertex 63.53821878275971 -1.027804931086264 -17.25
      vertex 63.53821878275971 -1.027804931086264 -16.45
    endloop
  endfacet
  facet normal 0 0 1
    outer loop
      vertex 63.027804931086266 -1.5382187827597087 -16.45
      vertex 63.30814754519511 -1.308147545195113 -16.45
      vertex 63.1667261889578 -1.1667261889578033 -16.45
    endloop
  endfacet
  facet normal 0 0 1
    outer loop
      vertex 63.30814754519511 -1.308147545195113 -16.45
      vertex 63.3719248602992 -0.9166908844823436 -16.45
      vertex 63.1667261889578 -1.1667261889578033 -16.45
    endloop
  endfacet
  facet normal 0 0 1
    outer loop
      vertex 63.30814754519511 -1.308147545195113 -16.45
      vertex 63.53821878275971 -1.027804931086264 -16.45
      vertex 63.3719248602992 -0.9166908844823436 -16.45
    endloop
  endfacet
  facet normal 0.8819212643483543 -0.47139673682599903 0
    outer loop
      vertex 63.53821878275971 -1.027804931086264 -17.25
      vertex 63.70917713514588 -0.7079643498754161 -17.25
      vertex 63.53821878275971 -1.027804931086264 -16.45
    endloop
  endfacet
  facet normal 0.8819212643483543 -0.47139673682599903 -2.1035772634859505e-18
    outer loop
      vertex 63.53821878275971 -1.027804931086264 -16.45
      vertex 63.70917713514588 -0.7079643498754161 -17.25
      vertex 63.70917713514588 -0.7079643498754161 -16.45
    endloop
  endfacet
  facet normal 0.9569403357322049 -0.29028467725447554 0
    outer loop
      vertex 63.70917713514588 -0.7079643498754161 -17.25
      vertex 63.81445276874598 -0.36091709572983727 -17.25
      vertex 63.70917713514588 -0.7079643498754161 -16.45
    endloop
  endfacet
  facet normal 0 0 1
    outer loop
      vertex 63.53821878275971 -1.027804931086264 -16.45
      vertex 63.524401228643626 -0.6314276634023981 -16.45
      vertex 63.3719248602992 -0.9166908844823436 -16.45
    endloop
  endfacet
  facet normal 0 0 1
    outer loop
      vertex 63.53821878275971 -1.027804931086264 -16.45
      vertex 63.61829571266533 -0.3218990313266116 -16.45
      vertex 63.524401228643626 -0.6314276634023981 -16.45
    endloop
  endfacet
  facet normal 0 0 1
    outer loop
      vertex 63.53821878275971 -1.027804931086264 -16.45
      vertex 63.70917713514588 -0.7079643498754161 -16.45
      vertex 63.61829571266533 -0.3218990313266116 -16.45
    endloop
  endfacet
  facet normal 0.9569403357322049 -0.29028467725447554 -9.90313779909529e-19
    outer loop
      vertex 63.70917713514588 -0.7079643498754161 -16.45
      vertex 63.81445276874598 -0.36091709572983727 -17.25
      vertex 63.81445276874598 -0.36091709572983727 -16.45
    endloop
  endfacet
  facet normal 0.9951847266721975 -0.09801714032955464 0
    outer loop
      vertex 63.81445276874598 -0.36091709572983727 -17.25
      vertex 63.85 0 -17.25
      vertex 63.81445276874598 -0.36091709572983727 -16.45
    endloop
  endfacet
  facet normal 0.9951847266721975 -0.09801714032955464 -2.7797322966391384e-18
    outer loop
      vertex 63.81445276874598 -0.36091709572983727 -16.45
      vertex 63.85 0 -17.25
      vertex 63.85 0 -16.45
    endloop
  endfacet
  facet normal 0 0 1
    outer loop
      vertex 63.70917713514588 -0.7079643498754161 -16.45
      vertex 63.65 0 -16.45
      vertex 63.61829571266533 -0.3218990313266116 -16.45
    endloop
  endfacet
  facet normal 0 0 1
    outer loop
      vertex 63.70917713514588 -0.7079643498754161 -16.45
      vertex 63.81445276874598 -0.36091709572983727 -16.45
      vertex 63.70917713514588 0.7079643498754161 -16.45
    endloop
  endfacet
  facet normal 0 0 -1
    outer loop
      vertex 60.18554723125402 -0.36091709572983727 -17.25
      vertex 60.15 0 -17.25
      vertex 60.18554723125402 0.36091709572983727 -17.25
    endloop
  endfacet
  facet normal 0 0 -1
    outer loop
      vertex 60.29082286485412 -0.7079643498754161 -17.25
      vertex 60.29082286485412 0.7079643498754161 -17.25
      vertex 60.35 0 -17.25
    endloop
  endfacet
  facet normal 0 0 -1
    outer loop
      vertex 60.18554723125402 -0.36091709572983727 -17.25
      vertex 60.18554723125402 0.36091709572983727 -17.25
      vertex 60.29082286485412 0.7079643498754161 -17.25
    endloop
  endfacet
  facet normal 0 0 -1
    outer loop
      vertex 60.35 0 -17.25
      vertex 60.29082286485412 0.7079643498754161 -17.25
      vertex 60.38170428733467 0.3218990313266116 -17.25
    endloop
  endfacet
  facet normal 0 0 -1
    outer loop
      vertex 60.38170428733467 0.3218990313266116 -17.25
      vertex 60.29082286485412 0.7079643498754161 -17.25
      vertex 60.475598771356374 0.6314276634023981 -17.25
    endloop
  endfacet
  facet normal 0 0 -1
    outer loop
      vertex 60.475598771356374 0.6314276634023981 -17.25
      vertex 60.29082286485412 0.7079643498754161 -17.25
      vertex 60.46178121724029 1.027804931086264 -17.25
    endloop
  endfacet
  facet normal 0 0 -1
    outer loop
      vertex 60.475598771356374 0.6314276634023981 -17.25
      vertex 60.46178121724029 1.027804931086264 -17.25
      vertex 60.6280751397008 0.9166908844823436 -17.25
    endloop
  endfacet
  facet normal 0 0 -1
    outer loop
      vertex 60.6280751397008 0.9166908844823436 -17.25
      vertex 60.46178121724029 1.027804931086264 -17.25
      vertex 60.8332738110422 1.1667261889578033 -17.25
    endloop
  endfacet
  facet normal 0 0 -1
    outer loop
      vertex 60.46178121724029 1.027804931086264 -17.25
      vertex 60.69185245480489 1.308147545195113 -17.25
      vertex 60.8332738110422 1.1667261889578033 -17.25
    endloop
  endfacet
  facet normal 0 0 -1
    outer loop
      vertex 60.8332738110422 1.1667261889578033 -17.25
      vertex 60.69185245480489 1.308147545195113 -17.25
      vertex 61.08330911551766 1.3719248602991996 -17.25
    endloop
  endfacet
  facet normal 0 0 -1
    outer loop
      vertex 60.69185245480489 1.308147545195113 -17.25
      vertex 60.972195068913734 1.5382187827597087 -17.25
      vertex 61.08330911551766 1.3719248602991996 -17.25
    endloop
  endfacet
  facet normal 0 0 -1
    outer loop
      vertex 61.08330911551766 1.3719248602991996 -17.25
      vertex 60.972195068913734 1.5382187827597087 -17.25
      vertex 61.3685723365976 1.524401228643623 -17.25
    endloop
  endfacet
  facet normal 0 0 -1
    outer loop
      vertex 60.972195068913734 1.5382187827597087 -17.25
      vertex 61.29203565012458 1.7091771351458807 -17.25
      vertex 61.3685723365976 1.524401228643623 -17.25
    endloop
  endfacet
  facet normal 0 0 -1
    outer loop
      vertex 61.3685723365976 1.524401228643623 -17.25
      vertex 61.29203565012458 1.7091771351458807 -17.25
      vertex 61.67810096867339 1.6182957126653301 -17.25
    endloop
  endfacet
  facet normal 0 0 -1
    outer loop
      vertex 61.67810096867339 1.6182957126653301 -17.25
      vertex 61.29203565012458 1.7091771351458807 -17.25
      vertex 61.63908290427016 1.8144527687459764 -17.25
    endloop
  endfacet
  facet normal 0 0 -1
    outer loop
      vertex 61.67810096867339 1.6182957126653301 -17.25
      vertex 61.63908290427016 1.8144527687459764 -17.25
      vertex 62 1.65 -17.25
    endloop
  endfacet
  facet normal 0 0 -1
    outer loop
      vertex 61.63908290427016 1.8144527687459764 -17.25
      vertex 62 1.85 -17.25
      vertex 62 1.65 -17.25
    endloop
  endfacet
  facet normal 0 0 -1
    outer loop
      vertex 63.65 0 -17.25
      vertex 63.61829571266533 0.3218990313266116 -17.25
      vertex 63.70917713514588 0.7079643498754161 -17.25
    endloop
  endfacet
  facet normal 0 0 -1
    outer loop
      vertex 63.70917713514588 -0.7079643498754161 -17.25
      vertex 63.65 0 -17.25
      vertex 63.70917713514588 0.7079643498754161 -17.25
    endloop
  endfacet
  facet normal 0 0 -1
    outer loop
      vertex 63.70917713514588 -0.7079643498754161 -17.25
      vertex 63.70917713514588 0.7079643498754161 -17.25
      vertex 63.81445276874598 0.36091709572983727 -17.25
    endloop
  endfacet
  facet normal 0 0 -1
    outer loop
      vertex 63.81445276874598 -0.36091709572983727 -17.25
      vertex 63.81445276874598 0.36091709572983727 -17.25
      vertex 63.85 0 -17.25
    endloop
  endfacet
  facet normal 0 0 -1
    outer loop
      vertex 63.61829571266533 0.3218990313266116 -17.25
      vertex 63.524401228643626 0.6314276634023981 -17.25
      vertex 63.53821878275971 1.027804931086264 -17.25
    endloop
  endfacet
  facet normal 0 0 -1
    outer loop
      vertex 63.61829571266533 0.3218990313266116 -17.25
      vertex 63.53821878275971 1.027804931086264 -17.25
      vertex 63.70917713514588 0.7079643498754161 -17.25
    endloop
  endfacet
  facet normal 0 0 -1
    outer loop
      vertex 63.524401228643626 0.6314276634023981 -17.25
      vertex 63.3719248602992 0.9166908844823436 -17.25
      vertex 63.53821878275971 1.027804931086264 -17.25
    endloop
  endfacet
  facet normal 0 0 -1
    outer loop
      vertex 63.1667261889578 1.1667261889578033 -17.25
      vertex 62.91669088448234 1.3719248602991996 -17.25
      vertex 63.027804931086266 1.5382187827597087 -17.25
    endloop
  endfacet
  facet normal 0 0 -1
    outer loop
      vertex 62.32189903132661 1.6182957126653301 -17.25
      vertex 62 1.65 -17.25
      vertex 62 1.85 -17.25
    endloop
  endfacet
  facet normal 0 0 -1
    outer loop
      vertex 62.32189903132661 1.6182957126653301 -17.25
      vertex 62.36091709572984 1.8144527687459764 -17.25
      vertex 62.6314276634024 1.524401228643623 -17.25
    endloop
  endfacet
  facet normal 0 0 -1
    outer loop
      vertex 62.32189903132661 1.6182957126653301 -17.25
      vertex 62 1.85 -17.25
      vertex 62.36091709572984 1.8144527687459764 -17.25
    endloop
  endfacet
  facet normal 0 0 -1
    outer loop
      vertex 62.91669088448234 1.3719248602991996 -17.25
      vertex 62.6314276634024 1.524401228643623 -17.25
      vertex 62.70796434987542 1.7091771351458807 -17.25
    endloop
  endfacet
  facet normal 0 0 -1
    outer loop
      vertex 62.6314276634024 1.524401228643623 -17.25
      vertex 62.36091709572984 1.8144527687459764 -17.25
      vertex 62.70796434987542 1.7091771351458807 -17.25
    endloop
  endfacet
  facet normal 0 0 -1
    outer loop
      vertex 62.91669088448234 1.3719248602991996 -17.25
      vertex 62.70796434987542 1.7091771351458807 -17.25
      vertex 63.027804931086266 1.5382187827597087 -17.25
    endloop
  endfacet
  facet normal 0 0 -1
    outer loop
      vertex 63.3719248602992 0.9166908844823436 -17.25
      vertex 63.1667261889578 1.1667261889578033 -17.25
      vertex 63.30814754519511 1.308147545195113 -17.25
    endloop
  endfacet
  facet normal 0 0 -1
    outer loop
      vertex 63.3719248602992 0.9166908844823436 -17.25
      vertex 63.30814754519511 1.308147545195113 -17.25
      vertex 63.53821878275971 1.027804931086264 -17.25
    endloop
  endfacet
  facet normal 0 0 -1
    outer loop
      vertex 63.1667261889578 1.1667261889578033 -17.25
      vertex 63.027804931086266 1.5382187827597087 -17.25
      vertex 63.30814754519511 1.308147545195113 -17.25
    endloop
  endfacet
  facet normal -0.9951847266721975 0.09801714032955464 -2.7797322966391384e-18
    outer loop
      vertex 60.15 0 -17.25
      vertex 60.18554723125402 0.36091709572983727 -16.45
      vertex 60.18554723125402 0.36091709572983727 -17.25
    endloop
  endfacet
  facet normal -0.9951847266721975 0.09801714032955464 0
    outer loop
      vertex 60.15 0 -17.25
      vertex 60.15 0 -16.45
      vertex 60.18554723125402 0.36091709572983727 -16.45
    endloop
  endfacet
  facet normal -0.9569403357322049 0.29028467725447554 0
    outer loop
      vertex 60.18554723125402 0.36091709572983727 -17.25
      vertex 60.18554723125402 0.36091709572983727 -16.45
      vertex 60.29082286485412 0.7079643498754161 -16.45
    endloop
  endfacet
  facet normal 0 0 1
    outer loop
      vertex 60.18554723125402 -0.36091709572983727 -16.45
      vertex 60.18554723125402 0.36091709572983727 -16.45
      vertex 60.15 0 -16.45
    endloop
  endfacet
  facet normal 0 0 1
    outer loop
      vertex 60.29082286485412 -0.7079643498754161 -16.45
      vertex 60.35 0 -16.45
      vertex 60.29082286485412 0.7079643498754161 -16.45
    endloop
  endfacet
  facet normal 0 0 1
    outer loop
      vertex 60.29082286485412 -0.7079643498754161 -16.45
      vertex 60.29082286485412 0.7079643498754161 -16.45
      vertex 60.18554723125402 0.36091709572983727 -16.45
    endloop
  endfacet
  facet normal 0 0 1
    outer loop
      vertex 60.35 0 -16.45
      vertex 60.38170428733467 0.3218990313266116 -16.45
      vertex 60.29082286485412 0.7079643498754161 -16.45
    endloop
  endfacet
  facet normal -0.9569403357322049 0.29028467725447554 -9.90313779909529e-19
    outer loop
      vertex 60.18554723125402 0.36091709572983727 -17.25
      vertex 60.29082286485412 0.7079643498754161 -16.45
      vertex 60.29082286485412 0.7079643498754161 -17.25
    endloop
  endfacet
  facet normal -0.8819212643483543 0.47139673682599903 -2.1035772634859505e-18
    outer loop
      vertex 60.29082286485412 0.7079643498754161 -17.25
      vertex 60.46178121724029 1.027804931086264 -16.45
      vertex 60.46178121724029 1.027804931086264 -17.25
    endloop
  endfacet
  facet normal -0.8819212643483543 0.47139673682599903 0
    outer loop
      vertex 60.29082286485412 0.7079643498754161 -17.25
      vertex 60.29082286485412 0.7079643498754161 -16.45
      vertex 60.46178121724029 1.027804931086264 -16.45
    endloop
  endfacet
  facet normal 0 0 1
    outer loop
      vertex 60.38170428733467 0.3218990313266116 -16.45
      vertex 60.46178121724029 1.027804931086264 -16.45
      vertex 60.29082286485412 0.7079643498754161 -16.45
    endloop
  endfacet
  facet normal 0 0 1
    outer loop
      vertex 60.38170428733467 0.3218990313266116 -16.45
      vertex 60.475598771356374 0.6314276634023981 -16.45
      vertex 60.46178121724029 1.027804931086264 -16.45
    endloop
  endfacet
  facet normal 0 0 1
    outer loop
      vertex 60.475598771356374 0.6314276634023981 -16.45
      vertex 60.6280751397008 0.9166908844823436 -16.45
      vertex 60.46178121724029 1.027804931086264 -16.45
    endloop
  endfacet
  facet normal -0.7730104533627391 0.6343932841636429 1.652221750891831e-17
    outer loop
      vertex 60.46178121724029 1.027804931086264 -17.25
      vertex 60.69185245480489 1.308147545195113 -16.45
      vertex 60.69185245480489 1.308147545195113 -17.25
    endloop
  endfacet
  facet normal -0.7730104533627391 0.6343932841636429 0
    outer loop
      vertex 60.46178121724029 1.027804931086264 -17.25
      vertex 60.46178121724029 1.027804931086264 -16.45
      vertex 60.69185245480489 1.308147545195113 -16.45
    endloop
  endfacet
  facet normal 0 0 1
    outer loop
      vertex 60.6280751397008 0.9166908844823436 -16.45
      vertex 60.69185245480489 1.308147545195113 -16.45
      vertex 60.46178121724029 1.027804931086264 -16.45
    endloop
  endfacet
  facet normal 0 0 1
    outer loop
      vertex 60.6280751397008 0.9166908844823436 -16.45
      vertex 60.8332738110422 1.1667261889578033 -16.45
      vertex 60.69185245480489 1.308147545195113 -16.45
    endloop
  endfacet
  facet normal -0.6343932841636484 0.7730104533627344 0
    outer loop
      vertex 60.69185245480489 1.308147545195113 -17.25
      vertex 60.69185245480489 1.308147545195113 -16.45
      vertex 60.972195068913734 1.5382187827597087 -17.25
    endloop
  endfacet
  facet normal -0.6343932841636484 0.7730104533627344 -1.1203959358837657e-17
    outer loop
      vertex 60.69185245480489 1.308147545195113 -16.45
      vertex 60.972195068913734 1.5382187827597087 -16.45
      vertex 60.972195068913734 1.5382187827597087 -17.25
    endloop
  endfacet
  facet normal 0 0 1
    outer loop
      vertex 60.8332738110422 1.1667261889578033 -16.45
      vertex 60.972195068913734 1.5382187827597087 -16.45
      vertex 60.69185245480489 1.308147545195113 -16.45
    endloop
  endfacet
  facet normal 0 0 1
    outer loop
      vertex 60.8332738110422 1.1667261889578033 -16.45
      vertex 61.08330911551766 1.3719248602991996 -16.45
      vertex 60.972195068913734 1.5382187827597087 -16.45
    endloop
  endfacet
  facet normal -0.47139673682599853 0.8819212643483545 0
    outer loop
      vertex 60.972195068913734 1.5382187827597087 -17.25
      vertex 60.972195068913734 1.5382187827597087 -16.45
      vertex 61.29203565012458 1.7091771351458807 -17.25
    endloop
  endfacet
  facet normal -0.47139673682599853 0.8819212643483545 5.6501772677432414e-18
    outer loop
      vertex 60.972195068913734 1.5382187827597087 -16.45
      vertex 61.29203565012458 1.7091771351458807 -16.45
      vertex 61.29203565012458 1.7091771351458807 -17.25
    endloop
  endfacet
  facet normal -0.2902846772544619 0.9569403357322089 0
    outer loop
      vertex 61.29203565012458 1.7091771351458807 -17.25
      vertex 61.29203565012458 1.7091771351458807 -16.45
      vertex 61.63908290427016 1.8144527687459764 -17.25
    endloop
  endfacet
  facet normal -0.09801714032956027 0.9951847266721969 0
    outer loop
      vertex 61.63908290427016 1.8144527687459764 -17.25
      vertex 61.63908290427016 1.8144527687459764 -16.45
      vertex 62 1.85 -17.25
    endloop
  endfacet
  facet normal -0.2902846772544619 0.9569403357322089 0
    outer loop
      vertex 61.63908290427016 1.8144527687459764 -17.25
      vertex 61.29203565012458 1.7091771351458807 -16.45
      vertex 61.63908290427016 1.8144527687459764 -16.45
    endloop
  endfacet
  facet normal -0.09801714032956027 0.9951847266721969 2.9704559947041907e-18
    outer loop
      vertex 61.63908290427016 1.8144527687459764 -16.45
      vertex 62 1.85 -16.45
      vertex 62 1.85 -17.25
    endloop
  endfacet
  facet normal 0 0 1
    outer loop
      vertex 61.08330911551766 1.3719248602991996 -16.45
      vertex 61.29203565012458 1.7091771351458807 -16.45
      vertex 60.972195068913734 1.5382187827597087 -16.45
    endloop
  endfacet
  facet normal 0 0 1
    outer loop
      vertex 61.08330911551766 1.3719248602991996 -16.45
      vertex 61.3685723365976 1.524401228643623 -16.45
      vertex 61.29203565012458 1.7091771351458807 -16.45
    endloop
  endfacet
  facet normal 0 0 1
    outer loop
      vertex 61.3685723365976 1.524401228643623 -16.45
      vertex 61.63908290427016 1.8144527687459764 -16.45
      vertex 61.29203565012458 1.7091771351458807 -16.45
    endloop
  endfacet
  facet normal 0 0 1
    outer loop
      vertex 61.3685723365976 1.524401228643623 -16.45
      vertex 61.67810096867339 1.6182957126653301 -16.45
      vertex 61.63908290427016 1.8144527687459764 -16.45
    endloop
  endfacet
  facet normal 0 0 1
    outer loop
      vertex 61.67810096867339 1.6182957126653301 -16.45
      vertex 62 1.65 -16.45
      vertex 62 1.85 -16.45
    endloop
  endfacet
  facet normal 0 0 1
    outer loop
      vertex 61.67810096867339 1.6182957126653301 -16.45
      vertex 62 1.85 -16.45
      vertex 61.63908290427016 1.8144527687459764 -16.45
    endloop
  endfacet
  facet normal 0.9951847266721975 0.09801714032955464 0
    outer loop
      vertex 63.85 0 -17.25
      vertex 63.81445276874598 0.36091709572983727 -17.25
      vertex 63.85 0 -16.45
    endloop
  endfacet
  facet normal 0.9951847266721975 0.09801714032955464 2.7797322966391384e-18
    outer loop
      vertex 63.85 0 -16.45
      vertex 63.81445276874598 0.36091709572983727 -17.25
      vertex 63.81445276874598 0.36091709572983727 -16.45
    endloop
  endfacet
  facet normal 0.9569403357322049 0.29028467725447554 0
    outer loop
      vertex 63.81445276874598 0.36091709572983727 -17.25
      vertex 63.70917713514588 0.7079643498754161 -17.25
      vertex 63.81445276874598 0.36091709572983727 -16.45
    endloop
  endfacet
  facet normal 0 0 1
    outer loop
      vertex 63.65 0 -16.45
      vertex 63.70917713514588 0.7079643498754161 -16.45
      vertex 63.61829571266533 0.3218990313266116 -16.45
    endloop
  endfacet
  facet normal 0 0 1
    outer loop
      vertex 63.70917713514588 -0.7079643498754161 -16.45
      vertex 63.70917713514588 0.7079643498754161 -16.45
      vertex 63.65 0 -16.45
    endloop
  endfacet
  facet normal 0 0 1
    outer loop
      vertex 63.81445276874598 -0.36091709572983727 -16.45
      vertex 63.85 0 -16.45
      vertex 63.81445276874598 0.36091709572983727 -16.45
    endloop
  endfacet
  facet normal 0 0 1
    outer loop
      vertex 63.81445276874598 -0.36091709572983727 -16.45
      vertex 63.81445276874598 0.36091709572983727 -16.45
      vertex 63.70917713514588 0.7079643498754161 -16.45
    endloop
  endfacet
  facet normal 0.8819212643483543 0.47139673682599903 0
    outer loop
      vertex 63.70917713514588 0.7079643498754161 -17.25
      vertex 63.53821878275971 1.027804931086264 -17.25
      vertex 63.70917713514588 0.7079643498754161 -16.45
    endloop
  endfacet
  facet normal 0.8819212643483543 0.47139673682599903 2.1035772634859505e-18
    outer loop
      vertex 63.70917713514588 0.7079643498754161 -16.45
      vertex 63.53821878275971 1.027804931086264 -17.25
      vertex 63.53821878275971 1.027804931086264 -16.45
    endloop
  endfacet
  facet normal 0.9569403357322049 0.29028467725447554 9.90313779909529e-19
    outer loop
      vertex 63.81445276874598 0.36091709572983727 -16.45
      vertex 63.70917713514588 0.7079643498754161 -17.25
      vertex 63.70917713514588 0.7079643498754161 -16.45
    endloop
  endfacet
  facet normal 0 0 1
    outer loop
      vertex 63.61829571266533 0.3218990313266116 -16.45
      vertex 63.70917713514588 0.7079643498754161 -16.45
      vertex 63.524401228643626 0.6314276634023981 -16.45
    endloop
  endfacet
  facet normal 0 0 1
    outer loop
      vertex 63.524401228643626 0.6314276634023981 -16.45
      vertex 63.53821878275971 1.027804931086264 -16.45
      vertex 63.3719248602992 0.9166908844823436 -16.45
    endloop
  endfacet
  facet normal 0 0 1
    outer loop
      vertex 63.524401228643626 0.6314276634023981 -16.45
      vertex 63.70917713514588 0.7079643498754161 -16.45
      vertex 63.53821878275971 1.027804931086264 -16.45
    endloop
  endfacet
  facet normal 0 0 1
    outer loop
      vertex 62.91669088448234 1.3719248602991996 -16.45
      vertex 63.027804931086266 1.5382187827597087 -16.45
      vertex 62.6314276634024 1.524401228643623 -16.45
    endloop
  endfacet
  facet normal 0 0 1
    outer loop
      vertex 62.91669088448234 1.3719248602991996 -16.45
      vertex 63.30814754519511 1.308147545195113 -16.45
      vertex 63.027804931086266 1.5382187827597087 -16.45
    endloop
  endfacet
  facet normal 0.09801714032956027 0.9951847266721969 0
    outer loop
      vertex 62 1.85 -17.25
      vertex 62 1.85 -16.45
      vertex 62.36091709572984 1.8144527687459764 -17.25
    endloop
  endfacet
  facet normal 0.2902846772544619 0.9569403357322089 0
    outer loop
      vertex 62.36091709572984 1.8144527687459764 -17.25
      vertex 62.36091709572984 1.8144527687459764 -16.45
      vertex 62.70796434987542 1.7091771351458807 -17.25
    endloop
  endfacet
  facet normal 0.09801714032956027 0.9951847266721969 0
    outer loop
      vertex 62.36091709572984 1.8144527687459764 -17.25
      vertex 62 1.85 -16.45
      vertex 62.36091709572984 1.8144527687459764 -16.45
    endloop
  endfacet
  facet normal 0.47139673682599853 0.8819212643483545 -5.6501772677432414e-18
    outer loop
      vertex 63.027804931086266 1.5382187827597087 -17.25
      vertex 62.70796434987542 1.7091771351458807 -17.25
      vertex 62.70796434987542 1.7091771351458807 -16.45
    endloop
  endfacet
  facet normal 0.2902846772544619 0.9569403357322089 0
    outer loop
      vertex 62.70796434987542 1.7091771351458807 -17.25
      vertex 62.36091709572984 1.8144527687459764 -16.45
      vertex 62.70796434987542 1.7091771351458807 -16.45
    endloop
  endfacet
  facet normal 0.47139673682599853 0.8819212643483545 0
    outer loop
      vertex 63.027804931086266 1.5382187827597087 -17.25
      vertex 62.70796434987542 1.7091771351458807 -16.45
      vertex 63.027804931086266 1.5382187827597087 -16.45
    endloop
  endfacet
  facet normal 0 0 1
    outer loop
      vertex 62.32189903132661 1.6182957126653301 -16.45
      vertex 62.36091709572984 1.8144527687459764 -16.45
      vertex 62 1.65 -16.45
    endloop
  endfacet
  facet normal 0 0 1
    outer loop
      vertex 62.32189903132661 1.6182957126653301 -16.45
      vertex 62.70796434987542 1.7091771351458807 -16.45
      vertex 62.36091709572984 1.8144527687459764 -16.45
    endloop
  endfacet
  facet normal 0 0 1
    outer loop
      vertex 62 1.65 -16.45
      vertex 62.36091709572984 1.8144527687459764 -16.45
      vertex 62 1.85 -16.45
    endloop
  endfacet
  facet normal 0 0 1
    outer loop
      vertex 62.32189903132661 1.6182957126653301 -16.45
      vertex 62.6314276634024 1.524401228643623 -16.45
      vertex 62.70796434987542 1.7091771351458807 -16.45
    endloop
  endfacet
  facet normal 0 0 1
    outer loop
      vertex 62.6314276634024 1.524401228643623 -16.45
      vertex 63.027804931086266 1.5382187827597087 -16.45
      vertex 62.70796434987542 1.7091771351458807 -16.45
    endloop
  endfacet
  facet normal 0.7730104533627391 0.6343932841636429 -1.652221750891831e-17
    outer loop
      vertex 63.30814754519511 1.308147545195113 -17.25
      vertex 63.53821878275971 1.027804931086264 -16.45
      vertex 63.53821878275971 1.027804931086264 -17.25
    endloop
  endfacet
  facet normal 0.7730104533627391 0.6343932841636429 0
    outer loop
      vertex 63.30814754519511 1.308147545195113 -17.25
      vertex 63.30814754519511 1.308147545195113 -16.45
      vertex 63.53821878275971 1.027804931086264 -16.45
    endloop
  endfacet
  facet normal 0.6343932841636484 0.7730104533627344 1.1203959358837657e-17
    outer loop
      vertex 63.30814754519511 1.308147545195113 -17.25
      vertex 63.027804931086266 1.5382187827597087 -17.25
      vertex 63.027804931086266 1.5382187827597087 -16.45
    endloop
  endfacet
  facet normal 0.6343932841636484 0.7730104533627344 0
    outer loop
      vertex 63.30814754519511 1.308147545195113 -17.25
      vertex 63.027804931086266 1.5382187827597087 -16.45
      vertex 63.30814754519511 1.308147545195113 -16.45
    endloop
  endfacet
  facet normal 0 0 1
    outer loop
      vertex 63.3719248602992 0.9166908844823436 -16.45
      vertex 63.53821878275971 1.027804931086264 -16.45
      vertex 63.1667261889578 1.1667261889578033 -16.45
    endloop
  endfacet
  facet normal 0 0 1
    outer loop
      vertex 63.1667261889578 1.1667261889578033 -16.45
      vertex 63.53821878275971 1.027804931086264 -16.45
      vertex 63.30814754519511 1.308147545195113 -16.45
    endloop
  endfacet
  facet normal 0 0 1
    outer loop
      vertex 63.1667261889578 1.1667261889578033 -16.45
      vertex 63.30814754519511 1.308147545195113 -16.45
      vertex 62.91669088448234 1.3719248602991996 -16.45
    endloop
  endfacet
  facet normal 0 0 -1
    outer loop
      vertex 82.69185245480489 -1.308147545195113 -17.25
      vertex 82.6280751397008 -0.9166908844823436 -17.25
      vertex 82.83327381104219 -1.1667261889578033 -17.25
    endloop
  endfacet
  facet normal 0 0 -1
    outer loop
      vertex 82.46178121724029 -1.027804931086264 -17.25
      vertex 82.6280751397008 -0.9166908844823436 -17.25
      vertex 82.69185245480489 -1.308147545195113 -17.25
    endloop
  endfacet
  facet normal 0 0 -1
    outer loop
      vertex 82.46178121724029 -1.027804931086264 -17.25
      vertex 82.47559877135637 -0.6314276634023981 -17.25
      vertex 82.6280751397008 -0.9166908844823436 -17.25
    endloop
  endfacet
  facet normal 0 0 -1
    outer loop
      vertex 82.46178121724029 -1.027804931086264 -17.25
      vertex 82.29082286485412 -0.7079643498754161 -17.25
      vertex 82.38170428733467 -0.3218990313266116 -17.25
    endloop
  endfacet
  facet normal 0 0 -1
    outer loop
      vertex 82.46178121724029 -1.027804931086264 -17.25
      vertex 82.38170428733467 -0.3218990313266116 -17.25
      vertex 82.47559877135637 -0.6314276634023981 -17.25
    endloop
  endfacet
  facet normal 0 0 -1
    outer loop
      vertex 82.29082286485412 -0.7079643498754161 -17.25
      vertex 82.35 0 -17.25
      vertex 82.38170428733467 -0.3218990313266116 -17.25
    endloop
  endfacet
  facet normal 0 0 -1
    outer loop
      vertex 82.29082286485412 -0.7079643498754161 -17.25
      vertex 82.18554723125402 -0.36091709572983727 -17.25
      vertex 82.29082286485412 0.7079643498754161 -17.25
    endloop
  endfacet
  facet normal -0.7730104533627296 -0.6343932841636547 0
    outer loop
      vertex 82.46178121724029 -1.027804931086264 -17.25
      vertex 82.69185245480489 -1.308147545195113 -17.25
      vertex 82.46178121724029 -1.027804931086264 -16.45
    endloop
  endfacet
  facet normal -0.7730104533627296 -0.6343932841636547 5.700055931161018e-18
    outer loop
      vertex 82.46178121724029 -1.027804931086264 -16.45
      vertex 82.69185245480489 -1.308147545195113 -17.25
      vertex 82.69185245480489 -1.308147545195113 -16.45
    endloop
  endfacet
  facet normal 0 0 1
    outer loop
      vertex 82.46178121724029 -1.027804931086264 -16.45
      vertex 82.69185245480489 -1.308147545195113 -16.45
      vertex 82.83327381104219 -1.1667261889578033 -16.45
    endloop
  endfacet
  facet normal 0 0 1
    outer loop
      vertex 82.46178121724029 -1.027804931086264 -16.45
      vertex 82.83327381104219 -1.1667261889578033 -16.45
      vertex 82.6280751397008 -0.9166908844823436 -16.45
    endloop
  endfacet
  facet normal -0.8819212643483624 -0.4713967368259839 -9.453918258894352e-18
    outer loop
      vertex 82.46178121724029 -1.027804931086264 -17.25
      vertex 82.29082286485412 -0.7079643498754161 -16.45
      vertex 82.29082286485412 -0.7079643498754161 -17.25
    endloop
  endfacet
  facet normal -0.8819212643483624 -0.4713967368259839 0
    outer loop
      vertex 82.46178121724029 -1.027804931086264 -17.25
      vertex 82.46178121724029 -1.027804931086264 -16.45
      vertex 82.29082286485412 -0.7079643498754161 -16.45
    endloop
  endfacet
  facet normal -0.9569403357322049 -0.29028467725447554 0
    outer loop
      vertex 82.29082286485412 -0.7079643498754161 -17.25
      vertex 82.29082286485412 -0.7079643498754161 -16.45
      vertex 82.18554723125402 -0.36091709572983727 -16.45
    endloop
  endfacet
  facet normal 0 0 1
    outer loop
      vertex 82.46178121724029 -1.027804931086264 -16.45
      vertex 82.47559877135637 -0.6314276634023981 -16.45
      vertex 82.29082286485412 -0.7079643498754161 -16.45
    endloop
  endfacet
  facet normal 0 0 1
    outer loop
      vertex 82.46178121724029 -1.027804931086264 -16.45
      vertex 82.6280751397008 -0.9166908844823436 -16.45
      vertex 82.47559877135637 -0.6314276634023981 -16.45
    endloop
  endfacet
  facet normal 0 0 1
    outer loop
      vertex 82.29082286485412 -0.7079643498754161 -16.45
      vertex 82.47559877135637 -0.6314276634023981 -16.45
      vertex 82.38170428733467 -0.3218990313266116 -16.45
    endloop
  endfacet
  facet normal -0.9951847266721994 -0.09801714032953524 -1.3074428986310764e-18
    outer loop
      vertex 82.18554723125402 -0.36091709572983727 -17.25
      vertex 82.15 0 -16.45
      vertex 82.15 0 -17.25
    endloop
  endfacet
  facet normal -0.9569403357322049 -0.29028467725447554 9.90313779909529e-19
    outer loop
      vertex 82.29082286485412 -0.7079643498754161 -17.25
      vertex 82.18554723125402 -0.36091709572983727 -16.45
      vertex 82.18554723125402 -0.36091709572983727 -17.25
    endloop
  endfacet
  facet normal -0.9951847266721994 -0.09801714032953524 0
    outer loop
      vertex 82.18554723125402 -0.36091709572983727 -17.25
      vertex 82.18554723125402 -0.36091709572983727 -16.45
      vertex 82.15 0 -16.45
    endloop
  endfacet
  facet normal 0 0 1
    outer loop
      vertex 82.29082286485412 -0.7079643498754161 -16.45
      vertex 82.38170428733467 -0.3218990313266116 -16.45
      vertex 82.35 0 -16.45
    endloop
  endfacet
  facet normal 0 0 1
    outer loop
      vertex 82.29082286485412 -0.7079643498754161 -16.45
      vertex 82.18554723125402 0.36091709572983727 -16.45
      vertex 82.18554723125402 -0.36091709572983727 -16.45
    endloop
  endfacet
  facet normal 0 0 -1
    outer loop
      vertex 83.29203565012459 -1.7091771351458807 -17.25
      vertex 82.97219506891373 -1.5382187827597087 -17.25
      vertex 83.08330911551765 -1.3719248602991996 -17.25
    endloop
  endfacet
  facet normal 0 0 -1
    outer loop
      vertex 83.29203565012459 -1.7091771351458807 -17.25
      vertex 83.08330911551765 -1.3719248602991996 -17.25
      vertex 83.36857233659761 -1.524401228643623 -17.25
    endloop
  endfacet
  facet normal 0 0 -1
    outer loop
      vertex 83.63908290427017 -1.8144527687459764 -17.25
      vertex 83.67810096867339 -1.6182957126653301 -17.25
      vertex 84 -1.85 -17.25
    endloop
  endfacet
  facet normal 0 0 -1
    outer loop
      vertex 83.29203565012459 -1.7091771351458807 -17.25
      vertex 83.36857233659761 -1.524401228643623 -17.25
      vertex 83.63908290427017 -1.8144527687459764 -17.25
    endloop
  endfacet
  facet normal 0 0 -1
    outer loop
      vertex 83.63908290427017 -1.8144527687459764 -17.25
      vertex 83.36857233659761 -1.524401228643623 -17.25
      vertex 83.67810096867339 -1.6182957126653301 -17.25
    endloop
  endfacet
  facet normal 0 0 -1
    outer loop
      vertex 84 -1.85 -17.25
      vertex 83.67810096867339 -1.6182957126653301 -17.25
      vertex 84 -1.65 -17.25
    endloop
  endfacet
  facet normal 0 0 -1
    outer loop
      vertex 82.97219506891373 -1.5382187827597087 -17.25
      vertex 82.69185245480489 -1.308147545195113 -17.25
      vertex 82.83327381104219 -1.1667261889578033 -17.25
    endloop
  endfacet
  facet normal 0 0 -1
    outer loop
      vertex 82.97219506891373 -1.5382187827597087 -17.25
      vertex 82.83327381104219 -1.1667261889578033 -17.25
      vertex 83.08330911551765 -1.3719248602991996 -17.25
    endloop
  endfacet
  facet normal 0 0 -1
    outer loop
      vertex 84 -1.85 -17.25
      vertex 84 -1.65 -17.25
      vertex 84.36091709572983 -1.8144527687459764 -17.25
    endloop
  endfacet
  facet normal 0 0 -1
    outer loop
      vertex 84 -1.65 -17.25
      vertex 84.32189903132661 -1.6182957126653301 -17.25
      vertex 84.36091709572983 -1.8144527687459764 -17.25
    endloop
  endfacet
  facet normal 0 0 -1
    outer loop
      vertex 84.36091709572983 -1.8144527687459764 -17.25
      vertex 84.32189903132661 -1.6182957126653301 -17.25
      vertex 84.70796434987541 -1.7091771351458807 -17.25
    endloop
  endfacet
  facet normal 0 0 -1
    outer loop
      vertex 84.70796434987541 -1.7091771351458807 -17.25
      vertex 84.32189903132661 -1.6182957126653301 -17.25
      vertex 84.63142766340239 -1.524401228643623 -17.25
    endloop
  endfacet
  facet normal 0 0 -1
    outer loop
      vertex 84.70796434987541 -1.7091771351458807 -17.25
      vertex 84.63142766340239 -1.524401228643623 -17.25
      vertex 85.02780493108627 -1.5382187827597087 -17.25
    endloop
  endfacet
  facet normal 0 0 -1
    outer loop
      vertex 84.63142766340239 -1.524401228643623 -17.25
      vertex 84.91669088448235 -1.3719248602991996 -17.25
      vertex 85.02780493108627 -1.5382187827597087 -17.25
    endloop
  endfacet
  facet normal 0 0 -1
    outer loop
      vertex 85.02780493108627 -1.5382187827597087 -17.25
      vertex 84.91669088448235 -1.3719248602991996 -17.25
      vertex 85.30814754519511 -1.308147545195113 -17.25
    endloop
  endfacet
  facet normal 0 0 -1
    outer loop
      vertex 84.91669088448235 -1.3719248602991996 -17.25
      vertex 85.16672618895781 -1.1667261889578033 -17.25
      vertex 85.30814754519511 -1.308147545195113 -17.25
    endloop
  endfacet
  facet normal 0 0 -1
    outer loop
      vertex 85.30814754519511 -1.308147545195113 -17.25
      vertex 85.16672618895781 -1.1667261889578033 -17.25
      vertex 85.53821878275971 -1.027804931086264 -17.25
    endloop
  endfacet
  facet normal 0 0 -1
    outer loop
      vertex 85.16672618895781 -1.1667261889578033 -17.25
      vertex 85.3719248602992 -0.9166908844823436 -17.25
      vertex 85.53821878275971 -1.027804931086264 -17.25
    endloop
  endfacet
  facet normal 0 0 -1
    outer loop
      vertex 85.53821878275971 -1.027804931086264 -17.25
      vertex 85.3719248602992 -0.9166908844823436 -17.25
      vertex 85.52440122864363 -0.6314276634023981 -17.25
    endloop
  endfacet
  facet normal 0 0 -1
    outer loop
      vertex 85.53821878275971 -1.027804931086264 -17.25
      vertex 85.52440122864363 -0.6314276634023981 -17.25
      vertex 85.70917713514588 -0.7079643498754161 -17.25
    endloop
  endfacet
  facet normal 0 0 -1
    outer loop
      vertex 85.70917713514588 -0.7079643498754161 -17.25
      vertex 85.52440122864363 -0.6314276634023981 -17.25
      vertex 85.61829571266533 -0.3218990313266116 -17.25
    endloop
  endfacet
  facet normal 0 0 -1
    outer loop
      vertex 85.70917713514588 -0.7079643498754161 -17.25
      vertex 85.61829571266533 -0.3218990313266116 -17.25
      vertex 85.65 0 -17.25
    endloop
  endfacet
  facet normal 0 0 -1
    outer loop
      vertex 85.70917713514588 -0.7079643498754161 -17.25
      vertex 85.81445276874598 0.36091709572983727 -17.25
      vertex 85.81445276874598 -0.36091709572983727 -17.25
    endloop
  endfacet
  facet normal -0.4713967368259904 -0.881921264348359 0
    outer loop
      vertex 83.29203565012459 -1.7091771351458807 -17.25
      vertex 83.29203565012459 -1.7091771351458807 -16.45
      vertex 82.97219506891373 -1.5382187827597087 -17.25
    endloop
  endfacet
  facet normal -0.4713967368259904 -0.881921264348359 -7.117518777710455e-18
    outer loop
      vertex 83.29203565012459 -1.7091771351458807 -16.45
      vertex 82.97219506891373 -1.5382187827597087 -16.45
      vertex 82.97219506891373 -1.5382187827597087 -17.25
    endloop
  endfacet
  facet normal -0.2902846772544619 -0.9569403357322089 8.67384849553268e-18
    outer loop
      vertex 83.29203565012459 -1.7091771351458807 -17.25
      vertex 83.63908290427017 -1.8144527687459764 -17.25
      vertex 83.63908290427017 -1.8144527687459764 -16.45
    endloop
  endfacet
  facet normal -0.09801714032956219 -0.9951847266721968 6.257346030344215e-19
    outer loop
      vertex 83.63908290427017 -1.8144527687459764 -17.25
      vertex 84 -1.85 -17.25
      vertex 84 -1.85 -16.45
    endloop
  endfacet
  facet normal -0.09801714032956219 -0.9951847266721968 0
    outer loop
      vertex 83.63908290427017 -1.8144527687459764 -17.25
      vertex 84 -1.85 -16.45
      vertex 83.63908290427017 -1.8144527687459764 -16.45
    endloop
  endfacet
  facet normal -0.2902846772544619 -0.9569403357322089 0
    outer loop
      vertex 83.29203565012459 -1.7091771351458807 -17.25
      vertex 83.63908290427017 -1.8144527687459764 -16.45
      vertex 83.29203565012459 -1.7091771351458807 -16.45
    endloop
  endfacet
  facet normal 0 0 1
    outer loop
      vertex 83.29203565012459 -1.7091771351458807 -16.45
      vertex 83.36857233659761 -1.524401228643623 -16.45
      vertex 82.97219506891373 -1.5382187827597087 -16.45
    endloop
  endfacet
  facet normal 0 0 1
    outer loop
      vertex 83.63908290427017 -1.8144527687459764 -16.45
      vertex 84 -1.85 -16.45
      vertex 84 -1.65 -16.45
    endloop
  endfacet
  facet normal 0 0 1
    outer loop
      vertex 83.29203565012459 -1.7091771351458807 -16.45
      vertex 83.63908290427017 -1.8144527687459764 -16.45
      vertex 83.67810096867339 -1.6182957126653301 -16.45
    endloop
  endfacet
  facet normal 0 0 1
    outer loop
      vertex 83.29203565012459 -1.7091771351458807 -16.45
      vertex 83.67810096867339 -1.6182957126653301 -16.45
      vertex 83.36857233659761 -1.524401228643623 -16.45
    endloop
  endfacet
  facet normal 0 0 1
    outer loop
      vertex 83.63908290427017 -1.8144527687459764 -16.45
      vertex 84 -1.65 -16.45
      vertex 83.67810096867339 -1.6182957126653301 -16.45
    endloop
  endfacet
  facet normal -0.6343932841636484 -0.7730104533627344 0
    outer loop
      vertex 82.97219506891373 -1.5382187827597087 -17.25
      vertex 82.97219506891373 -1.5382187827597087 -16.45
      vertex 82.69185245480489 -1.308147545195113 -17.25
    endloop
  endfacet
  facet normal -0.6343932841636484 -0.7730104533627344 1.1203959358837657e-17
    outer loop
      vertex 82.97219506891373 -1.5382187827597087 -16.45
      vertex 82.69185245480489 -1.308147545195113 -16.45
      vertex 82.69185245480489 -1.308147545195113 -17.25
    endloop
  endfacet
  facet normal 0 0 1
    outer loop
      vertex 82.97219506891373 -1.5382187827597087 -16.45
      vertex 83.08330911551765 -1.3719248602991996 -16.45
      vertex 82.69185245480489 -1.308147545195113 -16.45
    endloop
  endfacet
  facet normal 0 0 1
    outer loop
      vertex 82.69185245480489 -1.308147545195113 -16.45
      vertex 83.08330911551765 -1.3719248602991996 -16.45
      vertex 82.83327381104219 -1.1667261889578033 -16.45
    endloop
  endfacet
  facet normal 0 0 1
    outer loop
      vertex 82.97219506891373 -1.5382187827597087 -16.45
      vertex 83.36857233659761 -1.524401228643623 -16.45
      vertex 83.08330911551765 -1.3719248602991996 -16.45
    endloop
  endfacet
  facet normal 0.09801714032956219 -0.9951847266721968 -6.257346030344215e-19
    outer loop
      vertex 84 -1.85 -17.25
      vertex 84.36091709572983 -1.8144527687459764 -17.25
      vertex 84.36091709572983 -1.8144527687459764 -16.45
    endloop
  endfacet
  facet normal 0.09801714032956219 -0.9951847266721968 0
    outer loop
      vertex 84 -1.85 -17.25
      vertex 84.36091709572983 -1.8144527687459764 -16.45
      vertex 84 -1.85 -16.45
    endloop
  endfacet
  facet normal 0.2902846772544619 -0.9569403357322089 0
    outer loop
      vertex 84.36091709572983 -1.8144527687459764 -17.25
      vertex 84.70796434987541 -1.7091771351458807 -16.45
      vertex 84.36091709572983 -1.8144527687459764 -16.45
    endloop
  endfacet
  facet normal 0.2902846772544619 -0.9569403357322089 -8.67384849553268e-18
    outer loop
      vertex 84.36091709572983 -1.8144527687459764 -17.25
      vertex 84.70796434987541 -1.7091771351458807 -17.25
      vertex 84.70796434987541 -1.7091771351458807 -16.45
    endloop
  endfacet
  facet normal 0.4713967368259904 -0.881921264348359 7.117518777710455e-18
    outer loop
      vertex 84.70796434987541 -1.7091771351458807 -17.25
      vertex 85.02780493108627 -1.5382187827597087 -17.25
      vertex 85.02780493108627 -1.5382187827597087 -16.45
    endloop
  endfacet
  facet normal 0.4713967368259904 -0.881921264348359 0
    outer loop
      vertex 84.70796434987541 -1.7091771351458807 -17.25
      vertex 85.02780493108627 -1.5382187827597087 -16.45
      vertex 84.70796434987541 -1.7091771351458807 -16.45
    endloop
  endfacet
  facet normal 0 0 1
    outer loop
      vertex 84 -1.85 -16.45
      vertex 84.36091709572983 -1.8144527687459764 -16.45
      vertex 84.32189903132661 -1.6182957126653301 -16.45
    endloop
  endfacet
  facet normal 0 0 1
    outer loop
      vertex 84 -1.85 -16.45
      vertex 84.32189903132661 -1.6182957126653301 -16.45
      vertex 84 -1.65 -16.45
    endloop
  endfacet
  facet normal 0 0 1
    outer loop
      vertex 84.36091709572983 -1.8144527687459764 -16.45
      vertex 84.63142766340239 -1.524401228643623 -16.45
      vertex 84.32189903132661 -1.6182957126653301 -16.45
    endloop
  endfacet
  facet normal 0 0 1
    outer loop
      vertex 84.36091709572983 -1.8144527687459764 -16.45
      vertex 84.70796434987541 -1.7091771351458807 -16.45
      vertex 84.63142766340239 -1.524401228643623 -16.45
    endloop
  endfacet
  facet normal 0 0 1
    outer loop
      vertex 84.70796434987541 -1.7091771351458807 -16.45
      vertex 84.91669088448235 -1.3719248602991996 -16.45
      vertex 84.63142766340239 -1.524401228643623 -16.45
    endloop
  endfacet
  facet normal 0 0 1
    outer loop
      vertex 84.70796434987541 -1.7091771351458807 -16.45
      vertex 85.02780493108627 -1.5382187827597087 -16.45
      vertex 84.91669088448235 -1.3719248602991996 -16.45
    endloop
  endfacet
  facet normal 0 0 1
    outer loop
      vertex 85.02780493108627 -1.5382187827597087 -16.45
      vertex 85.16672618895781 -1.1667261889578033 -16.45
      vertex 84.91669088448235 -1.3719248602991996 -16.45
    endloop
  endfacet
  facet normal 0.6343932841636484 -0.7730104533627344 -1.1203959358837657e-17
    outer loop
      vertex 85.02780493108627 -1.5382187827597087 -17.25
      vertex 85.30814754519511 -1.308147545195113 -17.25
      vertex 85.30814754519511 -1.308147545195113 -16.45
    endloop
  endfacet
  facet normal 0.6343932841636484 -0.7730104533627344 0
    outer loop
      vertex 85.02780493108627 -1.5382187827597087 -17.25
      vertex 85.30814754519511 -1.308147545195113 -16.45
      vertex 85.02780493108627 -1.5382187827597087 -16.45
    endloop
  endfacet
  facet normal 0.7730104533627296 -0.6343932841636547 0
    outer loop
      vertex 85.30814754519511 -1.308147545195113 -17.25
      vertex 85.53821878275971 -1.027804931086264 -17.25
      vertex 85.30814754519511 -1.308147545195113 -16.45
    endloop
  endfacet
  facet normal 0.7730104533627296 -0.6343932841636547 -5.700055931161018e-18
    outer loop
      vertex 85.30814754519511 -1.308147545195113 -16.45
      vertex 85.53821878275971 -1.027804931086264 -17.25
      vertex 85.53821878275971 -1.027804931086264 -16.45
    endloop
  endfacet
  facet normal 0 0 1
    outer loop
      vertex 85.02780493108627 -1.5382187827597087 -16.45
      vertex 85.30814754519511 -1.308147545195113 -16.45
      vertex 85.16672618895781 -1.1667261889578033 -16.45
    endloop
  endfacet
  facet normal 0 0 1
    outer loop
      vertex 85.30814754519511 -1.308147545195113 -16.45
      vertex 85.3719248602992 -0.9166908844823436 -16.45
      vertex 85.16672618895781 -1.1667261889578033 -16.45
    endloop
  endfacet
  facet normal 0 0 1
    outer loop
      vertex 85.30814754519511 -1.308147545195113 -16.45
      vertex 85.53821878275971 -1.027804931086264 -16.45
      vertex 85.3719248602992 -0.9166908844823436 -16.45
    endloop
  endfacet
  facet normal 0.8819212643483624 -0.4713967368259839 0
    outer loop
      vertex 85.53821878275971 -1.027804931086264 -17.25
      vertex 85.70917713514588 -0.7079643498754161 -17.25
      vertex 85.53821878275971 -1.027804931086264 -16.45
    endloop
  endfacet
  facet normal 0.8819212643483624 -0.4713967368259839 9.453918258894352e-18
    outer loop
      vertex 85.53821878275971 -1.027804931086264 -16.45
      vertex 85.70917713514588 -0.7079643498754161 -17.25
      vertex 85.70917713514588 -0.7079643498754161 -16.45
    endloop
  endfacet
  facet normal 0.9569403357322049 -0.29028467725447554 0
    outer loop
      vertex 85.70917713514588 -0.7079643498754161 -17.25
      vertex 85.81445276874598 -0.36091709572983727 -17.25
      vertex 85.70917713514588 -0.7079643498754161 -16.45
    endloop
  endfacet
  facet normal 0 0 1
    outer loop
      vertex 85.53821878275971 -1.027804931086264 -16.45
      vertex 85.52440122864363 -0.6314276634023981 -16.45
      vertex 85.3719248602992 -0.9166908844823436 -16.45
    endloop
  endfacet
  facet normal 0 0 1
    outer loop
      vertex 85.53821878275971 -1.027804931086264 -16.45
      vertex 85.61829571266533 -0.3218990313266116 -16.45
      vertex 85.52440122864363 -0.6314276634023981 -16.45
    endloop
  endfacet
  facet normal 0 0 1
    outer loop
      vertex 85.53821878275971 -1.027804931086264 -16.45
      vertex 85.70917713514588 -0.7079643498754161 -16.45
      vertex 85.61829571266533 -0.3218990313266116 -16.45
    endloop
  endfacet
  facet normal 0.9569403357322049 -0.29028467725447554 -9.90313779909529e-19
    outer loop
      vertex 85.70917713514588 -0.7079643498754161 -16.45
      vertex 85.81445276874598 -0.36091709572983727 -17.25
      vertex 85.81445276874598 -0.36091709572983727 -16.45
    endloop
  endfacet
  facet normal 0.9951847266721994 -0.09801714032953524 0
    outer loop
      vertex 85.81445276874598 -0.36091709572983727 -17.25
      vertex 85.85 0 -17.25
      vertex 85.81445276874598 -0.36091709572983727 -16.45
    endloop
  endfacet
  facet normal 0.9951847266721994 -0.09801714032953524 1.3074428986310764e-18
    outer loop
      vertex 85.81445276874598 -0.36091709572983727 -16.45
      vertex 85.85 0 -17.25
      vertex 85.85 0 -16.45
    endloop
  endfacet
  facet normal 0 0 1
    outer loop
      vertex 85.70917713514588 -0.7079643498754161 -16.45
      vertex 85.65 0 -16.45
      vertex 85.61829571266533 -0.3218990313266116 -16.45
    endloop
  endfacet
  facet normal 0 0 1
    outer loop
      vertex 85.70917713514588 -0.7079643498754161 -16.45
      vertex 85.81445276874598 -0.36091709572983727 -16.45
      vertex 85.70917713514588 0.7079643498754161 -16.45
    endloop
  endfacet
  facet normal 0 0 -1
    outer loop
      vertex 82.18554723125402 -0.36091709572983727 -17.25
      vertex 82.15 0 -17.25
      vertex 82.18554723125402 0.36091709572983727 -17.25
    endloop
  endfacet
  facet normal 0 0 -1
    outer loop
      vertex 82.29082286485412 -0.7079643498754161 -17.25
      vertex 82.29082286485412 0.7079643498754161 -17.25
      vertex 82.35 0 -17.25
    endloop
  endfacet
  facet normal 0 0 -1
    outer loop
      vertex 82.18554723125402 -0.36091709572983727 -17.25
      vertex 82.18554723125402 0.36091709572983727 -17.25
      vertex 82.29082286485412 0.7079643498754161 -17.25
    endloop
  endfacet
  facet normal 0 0 -1
    outer loop
      vertex 82.35 0 -17.25
      vertex 82.29082286485412 0.7079643498754161 -17.25
      vertex 82.38170428733467 0.3218990313266116 -17.25
    endloop
  endfacet
  facet normal 0 0 -1
    outer loop
      vertex 82.38170428733467 0.3218990313266116 -17.25
      vertex 82.29082286485412 0.7079643498754161 -17.25
      vertex 82.47559877135637 0.6314276634023981 -17.25
    endloop
  endfacet
  facet normal 0 0 -1
    outer loop
      vertex 82.47559877135637 0.6314276634023981 -17.25
      vertex 82.29082286485412 0.7079643498754161 -17.25
      vertex 82.46178121724029 1.027804931086264 -17.25
    endloop
  endfacet
  facet normal 0 0 -1
    outer loop
      vertex 82.47559877135637 0.6314276634023981 -17.25
      vertex 82.46178121724029 1.027804931086264 -17.25
      vertex 82.6280751397008 0.9166908844823436 -17.25
    endloop
  endfacet
  facet normal 0 0 -1
    outer loop
      vertex 82.6280751397008 0.9166908844823436 -17.25
      vertex 82.46178121724029 1.027804931086264 -17.25
      vertex 82.83327381104219 1.1667261889578033 -17.25
    endloop
  endfacet
  facet normal 0 0 -1
    outer loop
      vertex 82.46178121724029 1.027804931086264 -17.25
      vertex 82.69185245480489 1.308147545195113 -17.25
      vertex 82.83327381104219 1.1667261889578033 -17.25
    endloop
  endfacet
  facet normal -0.9951847266721994 0.09801714032953524 0
    outer loop
      vertex 82.15 0 -17.25
      vertex 82.15 0 -16.45
      vertex 82.18554723125402 0.36091709572983727 -16.45
    endloop
  endfacet
  facet normal -0.9951847266721994 0.09801714032953524 1.3074428986310764e-18
    outer loop
      vertex 82.15 0 -17.25
      vertex 82.18554723125402 0.36091709572983727 -16.45
      vertex 82.18554723125402 0.36091709572983727 -17.25
    endloop
  endfacet
  facet normal -0.9569403357322049 0.29028467725447554 0
    outer loop
      vertex 82.18554723125402 0.36091709572983727 -17.25
      vertex 82.18554723125402 0.36091709572983727 -16.45
      vertex 82.29082286485412 0.7079643498754161 -16.45
    endloop
  endfacet
  facet normal 0 0 1
    outer loop
      vertex 82.18554723125402 -0.36091709572983727 -16.45
      vertex 82.18554723125402 0.36091709572983727 -16.45
      vertex 82.15 0 -16.45
    endloop
  endfacet
  facet normal 0 0 1
    outer loop
      vertex 82.29082286485412 -0.7079643498754161 -16.45
      vertex 82.35 0 -16.45
      vertex 82.29082286485412 0.7079643498754161 -16.45
    endloop
  endfacet
  facet normal 0 0 1
    outer loop
      vertex 82.29082286485412 -0.7079643498754161 -16.45
      vertex 82.29082286485412 0.7079643498754161 -16.45
      vertex 82.18554723125402 0.36091709572983727 -16.45
    endloop
  endfacet
  facet normal 0 0 1
    outer loop
      vertex 82.35 0 -16.45
      vertex 82.38170428733467 0.3218990313266116 -16.45
      vertex 82.29082286485412 0.7079643498754161 -16.45
    endloop
  endfacet
  facet normal -0.9569403357322049 0.29028467725447554 -9.90313779909529e-19
    outer loop
      vertex 82.18554723125402 0.36091709572983727 -17.25
      vertex 82.29082286485412 0.7079643498754161 -16.45
      vertex 82.29082286485412 0.7079643498754161 -17.25
    endloop
  endfacet
  facet normal -0.8819212643483624 0.4713967368259839 9.453918258894352e-18
    outer loop
      vertex 82.29082286485412 0.7079643498754161 -17.25
      vertex 82.46178121724029 1.027804931086264 -16.45
      vertex 82.46178121724029 1.027804931086264 -17.25
    endloop
  endfacet
  facet normal -0.8819212643483624 0.4713967368259839 0
    outer loop
      vertex 82.29082286485412 0.7079643498754161 -17.25
      vertex 82.29082286485412 0.7079643498754161 -16.45
      vertex 82.46178121724029 1.027804931086264 -16.45
    endloop
  endfacet
  facet normal 0 0 1
    outer loop
      vertex 82.38170428733467 0.3218990313266116 -16.45
      vertex 82.46178121724029 1.027804931086264 -16.45
      vertex 82.29082286485412 0.7079643498754161 -16.45
    endloop
  endfacet
  facet normal 0 0 1
    outer loop
      vertex 82.38170428733467 0.3218990313266116 -16.45
      vertex 82.47559877135637 0.6314276634023981 -16.45
      vertex 82.46178121724029 1.027804931086264 -16.45
    endloop
  endfacet
  facet normal 0 0 1
    outer loop
      vertex 82.47559877135637 0.6314276634023981 -16.45
      vertex 82.6280751397008 0.9166908844823436 -16.45
      vertex 82.46178121724029 1.027804931086264 -16.45
    endloop
  endfacet
  facet normal -0.7730104533627296 0.6343932841636547 -5.700055931161018e-18
    outer loop
      vertex 82.46178121724029 1.027804931086264 -17.25
      vertex 82.69185245480489 1.308147545195113 -16.45
      vertex 82.69185245480489 1.308147545195113 -17.25
    endloop
  endfacet
  facet normal -0.7730104533627296 0.6343932841636547 0
    outer loop
      vertex 82.46178121724029 1.027804931086264 -17.25
      vertex 82.46178121724029 1.027804931086264 -16.45
      vertex 82.69185245480489 1.308147545195113 -16.45
    endloop
  endfacet
  facet normal 0 0 1
    outer loop
      vertex 82.6280751397008 0.9166908844823436 -16.45
      vertex 82.69185245480489 1.308147545195113 -16.45
      vertex 82.46178121724029 1.027804931086264 -16.45
    endloop
  endfacet
  facet normal 0 0 1
    outer loop
      vertex 82.6280751397008 0.9166908844823436 -16.45
      vertex 82.83327381104219 1.1667261889578033 -16.45
      vertex 82.69185245480489 1.308147545195113 -16.45
    endloop
  endfacet
  facet normal 0 0 -1
    outer loop
      vertex 82.83327381104219 1.1667261889578033 -17.25
      vertex 82.69185245480489 1.308147545195113 -17.25
      vertex 83.08330911551765 1.3719248602991996 -17.25
    endloop
  endfacet
  facet normal 0 0 -1
    outer loop
      vertex 82.69185245480489 1.308147545195113 -17.25
      vertex 82.97219506891373 1.5382187827597087 -17.25
      vertex 83.08330911551765 1.3719248602991996 -17.25
    endloop
  endfacet
  facet normal 0 0 -1
    outer loop
      vertex 83.08330911551765 1.3719248602991996 -17.25
      vertex 82.97219506891373 1.5382187827597087 -17.25
      vertex 83.36857233659761 1.524401228643623 -17.25
    endloop
  endfacet
  facet normal 0 0 -1
    outer loop
      vertex 82.97219506891373 1.5382187827597087 -17.25
      vertex 83.29203565012459 1.7091771351458807 -17.25
      vertex 83.36857233659761 1.524401228643623 -17.25
    endloop
  endfacet
  facet normal 0 0 -1
    outer loop
      vertex 83.36857233659761 1.524401228643623 -17.25
      vertex 83.29203565012459 1.7091771351458807 -17.25
      vertex 83.67810096867339 1.6182957126653301 -17.25
    endloop
  endfacet
  facet normal 0 0 -1
    outer loop
      vertex 83.67810096867339 1.6182957126653301 -17.25
      vertex 83.29203565012459 1.7091771351458807 -17.25
      vertex 83.63908290427017 1.8144527687459764 -17.25
    endloop
  endfacet
  facet normal 0 0 -1
    outer loop
      vertex 83.67810096867339 1.6182957126653301 -17.25
      vertex 83.63908290427017 1.8144527687459764 -17.25
      vertex 84 1.65 -17.25
    endloop
  endfacet
  facet normal 0 0 -1
    outer loop
      vertex 84 1.65 -17.25
      vertex 83.63908290427017 1.8144527687459764 -17.25
      vertex 84 1.85 -17.25
    endloop
  endfacet
  facet normal 0 0 -1
    outer loop
      vertex 84.91669088448235 1.3719248602991996 -17.25
      vertex 85.02780493108627 1.5382187827597087 -17.25
      vertex 85.16672618895781 1.1667261889578033 -17.25
    endloop
  endfacet
  facet normal 0 0 -1
    outer loop
      vertex 84 1.65 -17.25
      vertex 84 1.85 -17.25
      vertex 84.32189903132661 1.6182957126653301 -17.25
    endloop
  endfacet
  facet normal 0 0 -1
    outer loop
      vertex 84.63142766340239 1.524401228643623 -17.25
      vertex 84.32189903132661 1.6182957126653301 -17.25
      vertex 84.36091709572983 1.8144527687459764 -17.25
    endloop
  endfacet
  facet normal 0 0 -1
    outer loop
      vertex 84 1.85 -17.25
      vertex 84.36091709572983 1.8144527687459764 -17.25
      vertex 84.32189903132661 1.6182957126653301 -17.25
    endloop
  endfacet
  facet normal 0 0 -1
    outer loop
      vertex 84.91669088448235 1.3719248602991996 -17.25
      vertex 84.63142766340239 1.524401228643623 -17.25
      vertex 84.70796434987541 1.7091771351458807 -17.25
    endloop
  endfacet
  facet normal 0 0 -1
    outer loop
      vertex 84.63142766340239 1.524401228643623 -17.25
      vertex 84.36091709572983 1.8144527687459764 -17.25
      vertex 84.70796434987541 1.7091771351458807 -17.25
    endloop
  endfacet
  facet normal 0 0 -1
    outer loop
      vertex 84.91669088448235 1.3719248602991996 -17.25
      vertex 84.70796434987541 1.7091771351458807 -17.25
      vertex 85.02780493108627 1.5382187827597087 -17.25
    endloop
  endfacet
  facet normal 0 0 -1
    outer loop
      vertex 85.70917713514588 -0.7079643498754161 -17.25
      vertex 85.65 0 -17.25
      vertex 85.70917713514588 0.7079643498754161 -17.25
    endloop
  endfacet
  facet normal 0 0 -1
    outer loop
      vertex 85.70917713514588 -0.7079643498754161 -17.25
      vertex 85.70917713514588 0.7079643498754161 -17.25
      vertex 85.81445276874598 0.36091709572983727 -17.25
    endloop
  endfacet
  facet normal 0 0 -1
    outer loop
      vertex 85.81445276874598 -0.36091709572983727 -17.25
      vertex 85.81445276874598 0.36091709572983727 -17.25
      vertex 85.85 0 -17.25
    endloop
  endfacet
  facet normal 0 0 -1
    outer loop
      vertex 85.65 0 -17.25
      vertex 85.61829571266533 0.3218990313266116 -17.25
      vertex 85.70917713514588 0.7079643498754161 -17.25
    endloop
  endfacet
  facet normal 0 0 -1
    outer loop
      vertex 85.61829571266533 0.3218990313266116 -17.25
      vertex 85.52440122864363 0.6314276634023981 -17.25
      vertex 85.53821878275971 1.027804931086264 -17.25
    endloop
  endfacet
  facet normal 0 0 -1
    outer loop
      vertex 85.61829571266533 0.3218990313266116 -17.25
      vertex 85.53821878275971 1.027804931086264 -17.25
      vertex 85.70917713514588 0.7079643498754161 -17.25
    endloop
  endfacet
  facet normal 0 0 -1
    outer loop
      vertex 85.52440122864363 0.6314276634023981 -17.25
      vertex 85.3719248602992 0.9166908844823436 -17.25
      vertex 85.53821878275971 1.027804931086264 -17.25
    endloop
  endfacet
  facet normal 0 0 -1
    outer loop
      vertex 85.3719248602992 0.9166908844823436 -17.25
      vertex 85.16672618895781 1.1667261889578033 -17.25
      vertex 85.30814754519511 1.308147545195113 -17.25
    endloop
  endfacet
  facet normal 0 0 -1
    outer loop
      vertex 85.3719248602992 0.9166908844823436 -17.25
      vertex 85.30814754519511 1.308147545195113 -17.25
      vertex 85.53821878275971 1.027804931086264 -17.25
    endloop
  endfacet
  facet normal 0 0 -1
    outer loop
      vertex 85.16672618895781 1.1667261889578033 -17.25
      vertex 85.02780493108627 1.5382187827597087 -17.25
      vertex 85.30814754519511 1.308147545195113 -17.25
    endloop
  endfacet
  facet normal -0.6343932841636484 0.7730104533627344 0
    outer loop
      vertex 82.69185245480489 1.308147545195113 -17.25
      vertex 82.69185245480489 1.308147545195113 -16.45
      vertex 82.97219506891373 1.5382187827597087 -17.25
    endloop
  endfacet
  facet normal -0.6343932841636484 0.7730104533627344 -1.1203959358837657e-17
    outer loop
      vertex 82.69185245480489 1.308147545195113 -16.45
      vertex 82.97219506891373 1.5382187827597087 -16.45
      vertex 82.97219506891373 1.5382187827597087 -17.25
    endloop
  endfacet
  facet normal 0 0 1
    outer loop
      vertex 82.83327381104219 1.1667261889578033 -16.45
      vertex 82.97219506891373 1.5382187827597087 -16.45
      vertex 82.69185245480489 1.308147545195113 -16.45
    endloop
  endfacet
  facet normal 0 0 1
    outer loop
      vertex 82.83327381104219 1.1667261889578033 -16.45
      vertex 83.08330911551765 1.3719248602991996 -16.45
      vertex 82.97219506891373 1.5382187827597087 -16.45
    endloop
  endfacet
  facet normal -0.4713967368259904 0.881921264348359 0
    outer loop
      vertex 82.97219506891373 1.5382187827597087 -17.25
      vertex 82.97219506891373 1.5382187827597087 -16.45
      vertex 83.29203565012459 1.7091771351458807 -17.25
    endloop
  endfacet
  facet normal -0.4713967368259904 0.881921264348359 7.117518777710455e-18
    outer loop
      vertex 82.97219506891373 1.5382187827597087 -16.45
      vertex 83.29203565012459 1.7091771351458807 -16.45
      vertex 83.29203565012459 1.7091771351458807 -17.25
    endloop
  endfacet
  facet normal -0.2902846772544619 0.9569403357322089 0
    outer loop
      vertex 83.29203565012459 1.7091771351458807 -17.25
      vertex 83.29203565012459 1.7091771351458807 -16.45
      vertex 83.63908290427017 1.8144527687459764 -17.25
    endloop
  endfacet
  facet normal -0.09801714032956219 0.9951847266721968 0
    outer loop
      vertex 83.63908290427017 1.8144527687459764 -17.25
      vertex 83.63908290427017 1.8144527687459764 -16.45
      vertex 84 1.85 -17.25
    endloop
  endfacet
  facet normal -0.2902846772544619 0.9569403357322089 0
    outer loop
      vertex 83.63908290427017 1.8144527687459764 -17.25
      vertex 83.29203565012459 1.7091771351458807 -16.45
      vertex 83.63908290427017 1.8144527687459764 -16.45
    endloop
  endfacet
  facet normal -0.09801714032956219 0.9951847266721968 0
    outer loop
      vertex 84 1.85 -17.25
      vertex 83.63908290427017 1.8144527687459764 -16.45
      vertex 84 1.85 -16.45
    endloop
  endfacet
  facet normal 0 0 1
    outer loop
      vertex 83.08330911551765 1.3719248602991996 -16.45
      vertex 83.29203565012459 1.7091771351458807 -16.45
      vertex 82.97219506891373 1.5382187827597087 -16.45
    endloop
  endfacet
  facet normal 0 0 1
    outer loop
      vertex 83.08330911551765 1.3719248602991996 -16.45
      vertex 83.36857233659761 1.524401228643623 -16.45
      vertex 83.29203565012459 1.7091771351458807 -16.45
    endloop
  endfacet
  facet normal 0 0 1
    outer loop
      vertex 83.36857233659761 1.524401228643623 -16.45
      vertex 83.63908290427017 1.8144527687459764 -16.45
      vertex 83.29203565012459 1.7091771351458807 -16.45
    endloop
  endfacet
  facet normal 0 0 1
    outer loop
      vertex 83.36857233659761 1.524401228643623 -16.45
      vertex 83.67810096867339 1.6182957126653301 -16.45
      vertex 83.63908290427017 1.8144527687459764 -16.45
    endloop
  endfacet
  facet normal 0 0 1
    outer loop
      vertex 83.67810096867339 1.6182957126653301 -16.45
      vertex 84 1.65 -16.45
      vertex 84 1.85 -16.45
    endloop
  endfacet
  facet normal 0 0 1
    outer loop
      vertex 83.67810096867339 1.6182957126653301 -16.45
      vertex 84 1.85 -16.45
      vertex 83.63908290427017 1.8144527687459764 -16.45
    endloop
  endfacet
  facet normal 0 0 1
    outer loop
      vertex 84.91669088448235 1.3719248602991996 -16.45
      vertex 85.02780493108627 1.5382187827597087 -16.45
      vertex 84.63142766340239 1.524401228643623 -16.45
    endloop
  endfacet
  facet normal 0.09801714032956219 0.9951847266721968 0
    outer loop
      vertex 84 1.85 -17.25
      vertex 84 1.85 -16.45
      vertex 84.36091709572983 1.8144527687459764 -17.25
    endloop
  endfacet
  facet normal 0.2902846772544619 0.9569403357322089 8.67384849553268e-18
    outer loop
      vertex 84.70796434987541 1.7091771351458807 -17.25
      vertex 84.36091709572983 1.8144527687459764 -17.25
      vertex 84.36091709572983 1.8144527687459764 -16.45
    endloop
  endfacet
  facet normal 0.09801714032956219 0.9951847266721968 6.257346030344215e-19
    outer loop
      vertex 84 1.85 -16.45
      vertex 84.36091709572983 1.8144527687459764 -16.45
      vertex 84.36091709572983 1.8144527687459764 -17.25
    endloop
  endfacet
  facet normal 0.4713967368259904 0.881921264348359 -7.117518777710455e-18
    outer loop
      vertex 85.02780493108627 1.5382187827597087 -17.25
      vertex 84.70796434987541 1.7091771351458807 -17.25
      vertex 84.70796434987541 1.7091771351458807 -16.45
    endloop
  endfacet
  facet normal 0.2902846772544619 0.9569403357322089 0
    outer loop
      vertex 84.70796434987541 1.7091771351458807 -17.25
      vertex 84.36091709572983 1.8144527687459764 -16.45
      vertex 84.70796434987541 1.7091771351458807 -16.45
    endloop
  endfacet
  facet normal 0.4713967368259904 0.881921264348359 0
    outer loop
      vertex 85.02780493108627 1.5382187827597087 -17.25
      vertex 84.70796434987541 1.7091771351458807 -16.45
      vertex 85.02780493108627 1.5382187827597087 -16.45
    endloop
  endfacet
  facet normal 0 0 1
    outer loop
      vertex 84 1.65 -16.45
      vertex 84.32189903132661 1.6182957126653301 -16.45
      vertex 84.36091709572983 1.8144527687459764 -16.45
    endloop
  endfacet
  facet normal 0 0 1
    outer loop
      vertex 84.32189903132661 1.6182957126653301 -16.45
      vertex 84.70796434987541 1.7091771351458807 -16.45
      vertex 84.36091709572983 1.8144527687459764 -16.45
    endloop
  endfacet
  facet normal 0 0 1
    outer loop
      vertex 84 1.65 -16.45
      vertex 84.36091709572983 1.8144527687459764 -16.45
      vertex 84 1.85 -16.45
    endloop
  endfacet
  facet normal 0 0 1
    outer loop
      vertex 84.63142766340239 1.524401228643623 -16.45
      vertex 84.70796434987541 1.7091771351458807 -16.45
      vertex 84.32189903132661 1.6182957126653301 -16.45
    endloop
  endfacet
  facet normal 0 0 1
    outer loop
      vertex 84.63142766340239 1.524401228643623 -16.45
      vertex 85.02780493108627 1.5382187827597087 -16.45
      vertex 84.70796434987541 1.7091771351458807 -16.45
    endloop
  endfacet
  facet normal 0.9951847266721994 0.09801714032953524 0
    outer loop
      vertex 85.85 0 -17.25
      vertex 85.81445276874598 0.36091709572983727 -17.25
      vertex 85.85 0 -16.45
    endloop
  endfacet
  facet normal 0.9951847266721994 0.09801714032953524 -1.3074428986310764e-18
    outer loop
      vertex 85.85 0 -16.45
      vertex 85.81445276874598 0.36091709572983727 -17.25
      vertex 85.81445276874598 0.36091709572983727 -16.45
    endloop
  endfacet
  facet normal 0.9569403357322049 0.29028467725447554 0
    outer loop
      vertex 85.81445276874598 0.36091709572983727 -17.25
      vertex 85.70917713514588 0.7079643498754161 -17.25
      vertex 85.81445276874598 0.36091709572983727 -16.45
    endloop
  endfacet
  facet normal 0 0 1
    outer loop
      vertex 85.70917713514588 -0.7079643498754161 -16.45
      vertex 85.70917713514588 0.7079643498754161 -16.45
      vertex 85.65 0 -16.45
    endloop
  endfacet
  facet normal 0 0 1
    outer loop
      vertex 85.81445276874598 -0.36091709572983727 -16.45
      vertex 85.85 0 -16.45
      vertex 85.81445276874598 0.36091709572983727 -16.45
    endloop
  endfacet
  facet normal 0 0 1
    outer loop
      vertex 85.81445276874598 -0.36091709572983727 -16.45
      vertex 85.81445276874598 0.36091709572983727 -16.45
      vertex 85.70917713514588 0.7079643498754161 -16.45
    endloop
  endfacet
  facet normal 0 0 1
    outer loop
      vertex 85.65 0 -16.45
      vertex 85.70917713514588 0.7079643498754161 -16.45
      vertex 85.61829571266533 0.3218990313266116 -16.45
    endloop
  endfacet
  facet normal 0.8819212643483624 0.4713967368259839 -9.453918258894352e-18
    outer loop
      vertex 85.70917713514588 0.7079643498754161 -16.45
      vertex 85.53821878275971 1.027804931086264 -17.25
      vertex 85.53821878275971 1.027804931086264 -16.45
    endloop
  endfacet
  facet normal 0.9569403357322049 0.29028467725447554 9.90313779909529e-19
    outer loop
      vertex 85.81445276874598 0.36091709572983727 -16.45
      vertex 85.70917713514588 0.7079643498754161 -17.25
      vertex 85.70917713514588 0.7079643498754161 -16.45
    endloop
  endfacet
  facet normal 0.8819212643483624 0.4713967368259839 0
    outer loop
      vertex 85.70917713514588 0.7079643498754161 -17.25
      vertex 85.53821878275971 1.027804931086264 -17.25
      vertex 85.70917713514588 0.7079643498754161 -16.45
    endloop
  endfacet
  facet normal 0 0 1
    outer loop
      vertex 85.61829571266533 0.3218990313266116 -16.45
      vertex 85.70917713514588 0.7079643498754161 -16.45
      vertex 85.52440122864363 0.6314276634023981 -16.45
    endloop
  endfacet
  facet normal 0 0 1
    outer loop
      vertex 85.52440122864363 0.6314276634023981 -16.45
      vertex 85.53821878275971 1.027804931086264 -16.45
      vertex 85.3719248602992 0.9166908844823436 -16.45
    endloop
  endfacet
  facet normal 0 0 1
    outer loop
      vertex 85.52440122864363 0.6314276634023981 -16.45
      vertex 85.70917713514588 0.7079643498754161 -16.45
      vertex 85.53821878275971 1.027804931086264 -16.45
    endloop
  endfacet
  facet normal 0.7730104533627296 0.6343932841636547 0
    outer loop
      vertex 85.53821878275971 1.027804931086264 -17.25
      vertex 85.30814754519511 1.308147545195113 -17.25
      vertex 85.53821878275971 1.027804931086264 -16.45
    endloop
  endfacet
  facet normal 0.7730104533627296 0.6343932841636547 5.700055931161018e-18
    outer loop
      vertex 85.53821878275971 1.027804931086264 -16.45
      vertex 85.30814754519511 1.308147545195113 -17.25
      vertex 85.30814754519511 1.308147545195113 -16.45
    endloop
  endfacet
  facet normal 0.6343932841636484 0.7730104533627344 1.1203959358837657e-17
    outer loop
      vertex 85.30814754519511 1.308147545195113 -17.25
      vertex 85.02780493108627 1.5382187827597087 -17.25
      vertex 85.02780493108627 1.5382187827597087 -16.45
    endloop
  endfacet
  facet normal 0.6343932841636484 0.7730104533627344 0
    outer loop
      vertex 85.30814754519511 1.308147545195113 -17.25
      vertex 85.02780493108627 1.5382187827597087 -16.45
      vertex 85.30814754519511 1.308147545195113 -16.45
    endloop
  endfacet
  facet normal 0 0 1
    outer loop
      vertex 85.53821878275971 1.027804931086264 -16.45
      vertex 85.30814754519511 1.308147545195113 -16.45
      vertex 85.16672618895781 1.1667261889578033 -16.45
    endloop
  endfacet
  facet normal 0 0 1
    outer loop
      vertex 85.3719248602992 0.9166908844823436 -16.45
      vertex 85.53821878275971 1.027804931086264 -16.45
      vertex 85.16672618895781 1.1667261889578033 -16.45
    endloop
  endfacet
  facet normal 0 0 1
    outer loop
      vertex 84.91669088448235 1.3719248602991996 -16.45
      vertex 85.16672618895781 1.1667261889578033 -16.45
      vertex 85.30814754519511 1.308147545195113 -16.45
    endloop
  endfacet
  facet normal 0 0 1
    outer loop
      vertex 84.91669088448235 1.3719248602991996 -16.45
      vertex 85.30814754519511 1.308147545195113 -16.45
      vertex 85.02780493108627 1.5382187827597087 -16.45
    endloop
  endfacet
  facet normal -0.7730104533627319 -0.6343932841636518 0
    outer loop
      vertex 60.8332738110422 -1.1667261889578033 -19.75
      vertex 60.6280751397008 -0.9166908844823436 -22.2
      vertex 60.8332738110422 -1.1667261889578033 -22.2
    endloop
  endfacet
  facet normal -0.2902846772544599 -0.9569403357322096 0
    outer loop
      vertex 61.67810096867339 -1.6182957126653301 -19.75
      vertex 61.3685723365976 -1.524401228643623 -22.2
      vertex 61.67810096867339 -1.6182957126653301 -22.2
    endloop
  endfacet
  facet normal -0.09801714032956149 -0.9951847266721967 0
    outer loop
      vertex 62 -1.65 -19.75
      vertex 61.67810096867339 -1.6182957126653301 -22.2
      vertex 62 -1.65 -22.2
    endloop
  endfacet
  facet normal -0.6343932841636445 -0.7730104533627377 0
    outer loop
      vertex 61.08330911551766 -1.3719248602991996 -19.75
      vertex 60.8332738110422 -1.1667261889578033 -22.2
      vertex 61.08330911551766 -1.3719248602991996 -22.2
    endloop
  endfacet
  facet normal -0.4713967368259993 -0.8819212643483542 0
    outer loop
      vertex 61.3685723365976 -1.524401228643623 -19.75
      vertex 61.08330911551766 -1.3719248602991996 -22.2
      vertex 61.3685723365976 -1.524401228643623 -22.2
    endloop
  endfacet
  facet normal -0.8819212643483552 -0.4713967368259977 0
    outer loop
      vertex 60.6280751397008 -0.9166908844823436 -19.75
      vertex 60.475598771356374 -0.6314276634023981 -22.2
      vertex 60.6280751397008 -0.9166908844823436 -22.2
    endloop
  endfacet
  facet normal -0.9569403357322122 -0.2902846772544516 0
    outer loop
      vertex 60.475598771356374 -0.6314276634023981 -19.75
      vertex 60.38170428733467 -0.3218990313266116 -22.2
      vertex 60.475598771356374 -0.6314276634023981 -22.2
    endloop
  endfacet
  facet normal -0.995184726672197 -0.09801714032955937 0
    outer loop
      vertex 60.38170428733467 -0.3218990313266116 -19.75
      vertex 60.35 0 -22.2
      vertex 60.38170428733467 -0.3218990313266116 -22.2
    endloop
  endfacet
  facet normal 0.09801714032956149 -0.9951847266721967 0
    outer loop
      vertex 62.32189903132661 -1.6182957126653301 -19.75
      vertex 62 -1.65 -22.2
      vertex 62.32189903132661 -1.6182957126653301 -22.2
    endloop
  endfacet
  facet normal 0.2902846772544599 -0.9569403357322096 0
    outer loop
      vertex 62.6314276634024 -1.524401228643623 -19.75
      vertex 62.32189903132661 -1.6182957126653301 -22.2
      vertex 62.6314276634024 -1.524401228643623 -22.2
    endloop
  endfacet
  facet normal 0.4713967368259993 -0.8819212643483542 0
    outer loop
      vertex 62.91669088448234 -1.3719248602991996 -19.75
      vertex 62.6314276634024 -1.524401228643623 -22.2
      vertex 62.91669088448234 -1.3719248602991996 -22.2
    endloop
  endfacet
  facet normal 0.6343932841636445 -0.7730104533627377 0
    outer loop
      vertex 63.1667261889578 -1.1667261889578033 -19.75
      vertex 62.91669088448234 -1.3719248602991996 -22.2
      vertex 63.1667261889578 -1.1667261889578033 -22.2
    endloop
  endfacet
  facet normal 0.7730104533627319 -0.6343932841636518 0
    outer loop
      vertex 63.3719248602992 -0.9166908844823436 -19.75
      vertex 63.1667261889578 -1.1667261889578033 -22.2
      vertex 63.3719248602992 -0.9166908844823436 -22.2
    endloop
  endfacet
  facet normal 0.8819212643483552 -0.4713967368259977 0
    outer loop
      vertex 63.524401228643626 -0.6314276634023981 -19.75
      vertex 63.3719248602992 -0.9166908844823436 -22.2
      vertex 63.524401228643626 -0.6314276634023981 -22.2
    endloop
  endfacet
  facet normal 0.9569403357322122 -0.2902846772544516 0
    outer loop
      vertex 63.61829571266533 -0.3218990313266116 -19.75
      vertex 63.524401228643626 -0.6314276634023981 -22.2
      vertex 63.61829571266533 -0.3218990313266116 -22.2
    endloop
  endfacet
  facet normal 0.995184726672197 -0.09801714032955937 0
    outer loop
      vertex 63.65 0 -19.75
      vertex 63.61829571266533 -0.3218990313266116 -22.2
      vertex 63.65 0 -22.2
    endloop
  endfacet
  facet normal -0.7730104533627319 -0.6343932841636518 -2.549307807311702e-18
    outer loop
      vertex 60.8332738110422 -1.1667261889578033 -19.75
      vertex 60.6280751397008 -0.9166908844823436 -19.75
      vertex 60.6280751397008 -0.9166908844823436 -22.2
    endloop
  endfacet
  facet normal -0.2902846772544599 -0.9569403357322096 1.2409512010002563e-18
    outer loop
      vertex 61.67810096867339 -1.6182957126653301 -19.75
      vertex 61.3685723365976 -1.524401228643623 -19.75
      vertex 61.3685723365976 -1.524401228643623 -22.2
    endloop
  endfacet
  facet normal -0.09801714032956149 -0.9951847266721967 0
    outer loop
      vertex 61.67810096867339 -1.6182957126653301 -19.75
      vertex 61.67810096867339 -1.6182957126653301 -22.2
      vertex 62 -1.65 -19.75
    endloop
  endfacet
  facet normal -0.4713967368259993 -0.8819212643483542 -1.2126694193970922e-18
    outer loop
      vertex 61.3685723365976 -1.524401228643623 -19.75
      vertex 61.08330911551766 -1.3719248602991996 -19.75
      vertex 61.08330911551766 -1.3719248602991996 -22.2
    endloop
  endfacet
  facet normal -0.6343932841636445 -0.7730104533627377 0
    outer loop
      vertex 60.8332738110422 -1.1667261889578033 -19.75
      vertex 60.8332738110422 -1.1667261889578033 -22.2
      vertex 61.08330911551766 -1.3719248602991996 -19.75
    endloop
  endfacet
  facet normal -0.8819212643483552 -0.4713967368259977 -3.624634578176181e-18
    outer loop
      vertex 60.6280751397008 -0.9166908844823436 -19.75
      vertex 60.475598771356374 -0.6314276634023981 -19.75
      vertex 60.475598771356374 -0.6314276634023981 -22.2
    endloop
  endfacet
  facet normal -0.9569403357322122 -0.2902846772544516 7.275792874919467e-19
    outer loop
      vertex 60.475598771356374 -0.6314276634023981 -19.75
      vertex 60.38170428733467 -0.3218990313266116 -19.75
      vertex 60.38170428733467 -0.3218990313266116 -22.2
    endloop
  endfacet
  facet normal -0.995184726672197 -0.09801714032955937 -3.560197466415527e-19
    outer loop
      vertex 60.38170428733467 -0.3218990313266116 -19.75
      vertex 60.35 0 -19.75
      vertex 60.35 0 -22.2
    endloop
  endfacet
  facet normal 0.09801714032956149 -0.9951847266721967 0
    outer loop
      vertex 62 -1.65 -19.75
      vertex 62 -1.65 -22.2
      vertex 62.32189903132661 -1.6182957126653301 -19.75
    endloop
  endfacet
  facet normal 0.2902846772544599 -0.9569403357322096 0
    outer loop
      vertex 62.32189903132661 -1.6182957126653301 -19.75
      vertex 62.32189903132661 -1.6182957126653301 -22.2
      vertex 62.6314276634024 -1.524401228643623 -19.75
    endloop
  endfacet
  facet normal 0.4713967368259993 -0.8819212643483542 0
    outer loop
      vertex 62.6314276634024 -1.524401228643623 -19.75
      vertex 62.6314276634024 -1.524401228643623 -22.2
      vertex 62.91669088448234 -1.3719248602991996 -19.75
    endloop
  endfacet
  facet normal 0.6343932841636445 -0.7730104533627377 0
    outer loop
      vertex 62.91669088448234 -1.3719248602991996 -19.75
      vertex 62.91669088448234 -1.3719248602991996 -22.2
      vertex 63.1667261889578 -1.1667261889578033 -19.75
    endloop
  endfacet
  facet normal 0.7730104533627319 -0.6343932841636518 0
    outer loop
      vertex 63.1667261889578 -1.1667261889578033 -19.75
      vertex 63.1667261889578 -1.1667261889578033 -22.2
      vertex 63.3719248602992 -0.9166908844823436 -19.75
    endloop
  endfacet
  facet normal 0.8819212643483552 -0.4713967368259977 0
    outer loop
      vertex 63.3719248602992 -0.9166908844823436 -19.75
      vertex 63.3719248602992 -0.9166908844823436 -22.2
      vertex 63.524401228643626 -0.6314276634023981 -19.75
    endloop
  endfacet
  facet normal 0.9569403357322122 -0.2902846772544516 0
    outer loop
      vertex 63.524401228643626 -0.6314276634023981 -19.75
      vertex 63.524401228643626 -0.6314276634023981 -22.2
      vertex 63.61829571266533 -0.3218990313266116 -19.75
    endloop
  endfacet
  facet normal 0.995184726672197 -0.09801714032955937 0
    outer loop
      vertex 63.61829571266533 -0.3218990313266116 -19.75
      vertex 63.61829571266533 -0.3218990313266116 -22.2
      vertex 63.65 0 -19.75
    endloop
  endfacet
  facet normal -0.7730104533627319 -0.6343932841636517 -3.674002428184512e-18
    outer loop
      vertex 60.8332738110422 -1.1667261889578033 -18.95
      vertex 60.6280751397008 -0.9166908844823436 -17.25
      vertex 60.6280751397008 -0.9166908844823436 -18.95
    endloop
  endfacet
  facet normal -0.29028467725445994 -0.9569403357322097 1.7884296720297814e-18
    outer loop
      vertex 61.67810096867339 -1.6182957126653301 -18.95
      vertex 61.3685723365976 -1.524401228643623 -17.25
      vertex 61.3685723365976 -1.524401228643623 -18.95
    endloop
  endfacet
  facet normal -0.09801714032956148 -0.9951847266721968 0
    outer loop
      vertex 61.67810096867339 -1.6182957126653301 -18.95
      vertex 62 -1.65 -18.95
      vertex 61.67810096867339 -1.6182957126653301 -17.25
    endloop
  endfacet
  facet normal -0.47139673682599936 -0.8819212643483542 -1.747670633836986e-18
    outer loop
      vertex 61.3685723365976 -1.524401228643623 -18.95
      vertex 61.08330911551766 -1.3719248602991996 -17.25
      vertex 61.08330911551766 -1.3719248602991996 -18.95
    endloop
  endfacet
  facet normal -0.6343932841636445 -0.7730104533627377 0
    outer loop
      vertex 60.8332738110422 -1.1667261889578033 -18.95
      vertex 61.08330911551766 -1.3719248602991996 -18.95
      vertex 60.8332738110422 -1.1667261889578033 -17.25
    endloop
  endfacet
  facet normal -0.881921264348355 -0.47139673682599764 -5.223738068548026e-18
    outer loop
      vertex 60.6280751397008 -0.9166908844823436 -18.95
      vertex 60.475598771356374 -0.6314276634023981 -17.25
      vertex 60.475598771356374 -0.6314276634023981 -18.95
    endloop
  endfacet
  facet normal -0.9569403357322122 -0.2902846772544516 1.0485701496207468e-18
    outer loop
      vertex 60.475598771356374 -0.6314276634023981 -18.95
      vertex 60.38170428733467 -0.3218990313266116 -17.25
      vertex 60.38170428733467 -0.3218990313266116 -18.95
    endloop
  endfacet
  facet normal -0.995184726672197 -0.09801714032955935 -5.130872819245907e-19
    outer loop
      vertex 60.38170428733467 -0.3218990313266116 -18.95
      vertex 60.35 0 -17.25
      vertex 60.35 0 -18.95
    endloop
  endfacet
  facet normal 0.09801714032956148 -0.9951847266721968 0
    outer loop
      vertex 62 -1.65 -18.95
      vertex 62.32189903132661 -1.6182957126653301 -18.95
      vertex 62 -1.65 -17.25
    endloop
  endfacet
  facet normal 0.29028467725445994 -0.9569403357322097 0
    outer loop
      vertex 62.32189903132661 -1.6182957126653301 -18.95
      vertex 62.6314276634024 -1.524401228643623 -18.95
      vertex 62.32189903132661 -1.6182957126653301 -17.25
    endloop
  endfacet
  facet normal 0.47139673682599936 -0.8819212643483542 0
    outer loop
      vertex 62.6314276634024 -1.524401228643623 -18.95
      vertex 62.91669088448234 -1.3719248602991996 -18.95
      vertex 62.6314276634024 -1.524401228643623 -17.25
    endloop
  endfacet
  facet normal 0.6343932841636445 -0.7730104533627377 0
    outer loop
      vertex 62.91669088448234 -1.3719248602991996 -18.95
      vertex 63.1667261889578 -1.1667261889578033 -18.95
      vertex 62.91669088448234 -1.3719248602991996 -17.25
    endloop
  endfacet
  facet normal 0.7730104533627319 -0.6343932841636517 0
    outer loop
      vertex 63.1667261889578 -1.1667261889578033 -18.95
      vertex 63.3719248602992 -0.9166908844823436 -18.95
      vertex 63.1667261889578 -1.1667261889578033 -17.25
    endloop
  endfacet
  facet normal 0.881921264348355 -0.47139673682599764 0
    outer loop
      vertex 63.3719248602992 -0.9166908844823436 -18.95
      vertex 63.524401228643626 -0.6314276634023981 -18.95
      vertex 63.3719248602992 -0.9166908844823436 -17.25
    endloop
  endfacet
  facet normal 0.9569403357322122 -0.2902846772544516 0
    outer loop
      vertex 63.524401228643626 -0.6314276634023981 -18.95
      vertex 63.61829571266533 -0.3218990313266116 -18.95
      vertex 63.524401228643626 -0.6314276634023981 -17.25
    endloop
  endfacet
  facet normal 0.995184726672197 -0.09801714032955935 0
    outer loop
      vertex 63.61829571266533 -0.3218990313266116 -18.95
      vertex 63.65 0 -18.95
      vertex 63.61829571266533 -0.3218990313266116 -17.25
    endloop
  endfacet
  facet normal -0.7730104533627319 -0.6343932841636517 0
    outer loop
      vertex 60.8332738110422 -1.1667261889578033 -18.95
      vertex 60.8332738110422 -1.1667261889578033 -17.25
      vertex 60.6280751397008 -0.9166908844823436 -17.25
    endloop
  endfacet
  facet normal -0.29028467725445994 -0.9569403357322097 0
    outer loop
      vertex 61.67810096867339 -1.6182957126653301 -18.95
      vertex 61.67810096867339 -1.6182957126653301 -17.25
      vertex 61.3685723365976 -1.524401228643623 -17.25
    endloop
  endfacet
  facet normal -0.09801714032956148 -0.9951847266721968 0
    outer loop
      vertex 62 -1.65 -18.95
      vertex 62 -1.65 -17.25
      vertex 61.67810096867339 -1.6182957126653301 -17.25
    endloop
  endfacet
  facet normal -0.6343932841636445 -0.7730104533627377 0
    outer loop
      vertex 61.08330911551766 -1.3719248602991996 -18.95
      vertex 61.08330911551766 -1.3719248602991996 -17.25
      vertex 60.8332738110422 -1.1667261889578033 -17.25
    endloop
  endfacet
  facet normal -0.47139673682599936 -0.8819212643483542 0
    outer loop
      vertex 61.3685723365976 -1.524401228643623 -18.95
      vertex 61.3685723365976 -1.524401228643623 -17.25
      vertex 61.08330911551766 -1.3719248602991996 -17.25
    endloop
  endfacet
  facet normal -0.881921264348355 -0.47139673682599764 0
    outer loop
      vertex 60.6280751397008 -0.9166908844823436 -18.95
      vertex 60.6280751397008 -0.9166908844823436 -17.25
      vertex 60.475598771356374 -0.6314276634023981 -17.25
    endloop
  endfacet
  facet normal -0.9569403357322122 -0.2902846772544516 0
    outer loop
      vertex 60.475598771356374 -0.6314276634023981 -18.95
      vertex 60.475598771356374 -0.6314276634023981 -17.25
      vertex 60.38170428733467 -0.3218990313266116 -17.25
    endloop
  endfacet
  facet normal -0.995184726672197 -0.09801714032955935 0
    outer loop
      vertex 60.38170428733467 -0.3218990313266116 -18.95
      vertex 60.38170428733467 -0.3218990313266116 -17.25
      vertex 60.35 0 -17.25
    endloop
  endfacet
  facet normal 0.09801714032956148 -0.9951847266721968 0
    outer loop
      vertex 62.32189903132661 -1.6182957126653301 -18.95
      vertex 62.32189903132661 -1.6182957126653301 -17.25
      vertex 62 -1.65 -17.25
    endloop
  endfacet
  facet normal 0.29028467725445994 -0.9569403357322097 0
    outer loop
      vertex 62.6314276634024 -1.524401228643623 -18.95
      vertex 62.6314276634024 -1.524401228643623 -17.25
      vertex 62.32189903132661 -1.6182957126653301 -17.25
    endloop
  endfacet
  facet normal 0.47139673682599936 -0.8819212643483542 0
    outer loop
      vertex 62.91669088448234 -1.3719248602991996 -18.95
      vertex 62.91669088448234 -1.3719248602991996 -17.25
      vertex 62.6314276634024 -1.524401228643623 -17.25
    endloop
  endfacet
  facet normal 0.6343932841636445 -0.7730104533627377 0
    outer loop
      vertex 63.1667261889578 -1.1667261889578033 -18.95
      vertex 63.1667261889578 -1.1667261889578033 -17.25
      vertex 62.91669088448234 -1.3719248602991996 -17.25
    endloop
  endfacet
  facet normal 0.7730104533627319 -0.6343932841636517 0
    outer loop
      vertex 63.3719248602992 -0.9166908844823436 -18.95
      vertex 63.3719248602992 -0.9166908844823436 -17.25
      vertex 63.1667261889578 -1.1667261889578033 -17.25
    endloop
  endfacet
  facet normal 0.881921264348355 -0.47139673682599764 0
    outer loop
      vertex 63.524401228643626 -0.6314276634023981 -18.95
      vertex 63.524401228643626 -0.6314276634023981 -17.25
      vertex 63.3719248602992 -0.9166908844823436 -17.25
    endloop
  endfacet
  facet normal 0.9569403357322122 -0.2902846772544516 0
    outer loop
      vertex 63.61829571266533 -0.3218990313266116 -18.95
      vertex 63.61829571266533 -0.3218990313266116 -17.25
      vertex 63.524401228643626 -0.6314276634023981 -17.25
    endloop
  endfacet
  facet normal 0.995184726672197 -0.09801714032955935 5.130872819245907e-19
    outer loop
      vertex 63.61829571266533 -0.3218990313266116 -17.25
      vertex 63.65 0 -18.95
      vertex 63.65 0 -17.25
    endloop
  endfacet
  facet normal -0.7730104533627319 -0.6343932841636517 -2.8390018763243955e-18
    outer loop
      vertex 60.8332738110422 -1.1667261889578033 -16.45
      vertex 60.6280751397008 -0.9166908844823436 -14.25
      vertex 60.6280751397008 -0.9166908844823436 -16.45
    endloop
  endfacet
  facet normal -0.2902846772544599 -0.9569403357322096 1.3819683829321036e-18
    outer loop
      vertex 61.67810096867339 -1.6182957126653301 -16.45
      vertex 61.3685723365976 -1.524401228643623 -14.25
      vertex 61.3685723365976 -1.524401228643623 -16.45
    endloop
  endfacet
  facet normal -0.09801714032956149 -0.9951847266721967 0
    outer loop
      vertex 61.67810096867339 -1.6182957126653301 -16.45
      vertex 62 -1.65 -16.45
      vertex 61.67810096867339 -1.6182957126653301 -14.25
    endloop
  endfacet
  facet normal -0.4713967368259993 -0.8819212643483542 -1.3504727625103982e-18
    outer loop
      vertex 61.3685723365976 -1.524401228643623 -16.45
      vertex 61.08330911551766 -1.3719248602991996 -14.25
      vertex 61.08330911551766 -1.3719248602991996 -16.45
    endloop
  endfacet
  facet normal -0.6343932841636446 -0.7730104533627378 0
    outer loop
      vertex 60.8332738110422 -1.1667261889578033 -16.45
      vertex 61.08330911551766 -1.3719248602991996 -16.45
      vertex 60.8332738110422 -1.1667261889578033 -14.25
    endloop
  endfacet
  facet normal -0.881921264348355 -0.47139673682599764 -4.036524871150747e-18
    outer loop
      vertex 60.6280751397008 -0.9166908844823436 -16.45
      vertex 60.475598771356374 -0.6314276634023981 -14.25
      vertex 60.475598771356374 -0.6314276634023981 -16.45
    endloop
  endfacet
  facet normal -0.956940335732212 -0.29028467725445156 8.102587519796678e-19
    outer loop
      vertex 60.475598771356374 -0.6314276634023981 -16.45
      vertex 60.38170428733467 -0.3218990313266116 -14.25
      vertex 60.38170428733467 -0.3218990313266116 -16.45
    endloop
  endfacet
  facet normal -0.9951847266721969 -0.09801714032955934 -3.9647653603263816e-19
    outer loop
      vertex 60.38170428733467 -0.3218990313266116 -16.45
      vertex 60.35 0 -14.25
      vertex 60.35 0 -16.45
    endloop
  endfacet
  facet normal 0.09801714032956149 -0.9951847266721967 0
    outer loop
      vertex 62 -1.65 -16.45
      vertex 62.32189903132661 -1.6182957126653301 -16.45
      vertex 62 -1.65 -14.25
    endloop
  endfacet
  facet normal 0.2902846772544599 -0.9569403357322096 0
    outer loop
      vertex 62.32189903132661 -1.6182957126653301 -16.45
      vertex 62.6314276634024 -1.524401228643623 -16.45
      vertex 62.32189903132661 -1.6182957126653301 -14.25
    endloop
  endfacet
  facet normal 0.4713967368259993 -0.8819212643483542 0
    outer loop
      vertex 62.6314276634024 -1.524401228643623 -16.45
      vertex 62.91669088448234 -1.3719248602991996 -16.45
      vertex 62.6314276634024 -1.524401228643623 -14.25
    endloop
  endfacet
  facet normal 0.6343932841636446 -0.7730104533627378 0
    outer loop
      vertex 62.91669088448234 -1.3719248602991996 -16.45
      vertex 63.1667261889578 -1.1667261889578033 -16.45
      vertex 62.91669088448234 -1.3719248602991996 -14.25
    endloop
  endfacet
  facet normal 0.7730104533627319 -0.6343932841636517 0
    outer loop
      vertex 63.1667261889578 -1.1667261889578033 -16.45
      vertex 63.3719248602992 -0.9166908844823436 -16.45
      vertex 63.1667261889578 -1.1667261889578033 -14.25
    endloop
  endfacet
  facet normal 0.881921264348355 -0.47139673682599764 0
    outer loop
      vertex 63.3719248602992 -0.9166908844823436 -16.45
      vertex 63.524401228643626 -0.6314276634023981 -16.45
      vertex 63.3719248602992 -0.9166908844823436 -14.25
    endloop
  endfacet
  facet normal 0.956940335732212 -0.29028467725445156 0
    outer loop
      vertex 63.524401228643626 -0.6314276634023981 -16.45
      vertex 63.61829571266533 -0.3218990313266116 -16.45
      vertex 63.524401228643626 -0.6314276634023981 -14.25
    endloop
  endfacet
  facet normal 0.9951847266721969 -0.09801714032955934 0
    outer loop
      vertex 63.61829571266533 -0.3218990313266116 -16.45
      vertex 63.65 0 -16.45
      vertex 63.61829571266533 -0.3218990313266116 -14.25
    endloop
  endfacet
  facet normal -0.7730104533627319 -0.6343932841636517 0
    outer loop
      vertex 60.8332738110422 -1.1667261889578033 -16.45
      vertex 60.8332738110422 -1.1667261889578033 -14.25
      vertex 60.6280751397008 -0.9166908844823436 -14.25
    endloop
  endfacet
  facet normal -0.2902846772544599 -0.9569403357322096 0
    outer loop
      vertex 61.67810096867339 -1.6182957126653301 -16.45
      vertex 61.67810096867339 -1.6182957126653301 -14.25
      vertex 61.3685723365976 -1.524401228643623 -14.25
    endloop
  endfacet
  facet normal -0.09801714032956149 -0.9951847266721967 0
    outer loop
      vertex 62 -1.65 -16.45
      vertex 62 -1.65 -14.25
      vertex 61.67810096867339 -1.6182957126653301 -14.25
    endloop
  endfacet
  facet normal -0.6343932841636446 -0.7730104533627378 0
    outer loop
      vertex 61.08330911551766 -1.3719248602991996 -16.45
      vertex 61.08330911551766 -1.3719248602991996 -14.25
      vertex 60.8332738110422 -1.1667261889578033 -14.25
    endloop
  endfacet
  facet normal -0.4713967368259993 -0.8819212643483542 0
    outer loop
      vertex 61.3685723365976 -1.524401228643623 -16.45
      vertex 61.3685723365976 -1.524401228643623 -14.25
      vertex 61.08330911551766 -1.3719248602991996 -14.25
    endloop
  endfacet
  facet normal -0.881921264348355 -0.47139673682599764 0
    outer loop
      vertex 60.6280751397008 -0.9166908844823436 -16.45
      vertex 60.6280751397008 -0.9166908844823436 -14.25
      vertex 60.475598771356374 -0.6314276634023981 -14.25
    endloop
  endfacet
  facet normal -0.956940335732212 -0.29028467725445156 0
    outer loop
      vertex 60.475598771356374 -0.6314276634023981 -16.45
      vertex 60.475598771356374 -0.6314276634023981 -14.25
      vertex 60.38170428733467 -0.3218990313266116 -14.25
    endloop
  endfacet
  facet normal -0.9951847266721969 -0.09801714032955934 0
    outer loop
      vertex 60.38170428733467 -0.3218990313266116 -16.45
      vertex 60.38170428733467 -0.3218990313266116 -14.25
      vertex 60.35 0 -14.25
    endloop
  endfacet
  facet normal 0 0 1
    outer loop
      vertex 60.8332738110422 -1.1667261889578033 -14.25
      vertex 60.6280751397008 0.9166908844823436 -14.25
      vertex 60.6280751397008 -0.9166908844823436 -14.25
    endloop
  endfacet
  facet normal 0 0 1
    outer loop
      vertex 60.6280751397008 -0.9166908844823436 -14.25
      vertex 60.475598771356374 0.6314276634023981 -14.25
      vertex 60.475598771356374 -0.6314276634023981 -14.25
    endloop
  endfacet
  facet normal 0 0 1
    outer loop
      vertex 60.475598771356374 -0.6314276634023981 -14.25
      vertex 60.38170428733467 0.3218990313266116 -14.25
      vertex 60.38170428733467 -0.3218990313266116 -14.25
    endloop
  endfacet
  facet normal 0 0 1
    outer loop
      vertex 61.3685723365976 -1.524401228643623 -14.25
      vertex 61.08330911551766 1.3719248602991996 -14.25
      vertex 61.08330911551766 -1.3719248602991996 -14.25
    endloop
  endfacet
  facet normal 0 0 1
    outer loop
      vertex 61.67810096867339 -1.6182957126653301 -14.25
      vertex 61.3685723365976 1.524401228643623 -14.25
      vertex 61.3685723365976 -1.524401228643623 -14.25
    endloop
  endfacet
  facet normal 0 0 1
    outer loop
      vertex 61.67810096867339 -1.6182957126653301 -14.25
      vertex 62 -1.65 -14.25
      vertex 61.67810096867339 1.6182957126653301 -14.25
    endloop
  endfacet
  facet normal 0 0 1
    outer loop
      vertex 60.8332738110422 -1.1667261889578033 -14.25
      vertex 61.08330911551766 -1.3719248602991996 -14.25
      vertex 60.8332738110422 1.1667261889578033 -14.25
    endloop
  endfacet
  facet normal 0.09801714032956149 -0.9951847266721967 0
    outer loop
      vertex 62.32189903132661 -1.6182957126653301 -16.45
      vertex 62.32189903132661 -1.6182957126653301 -14.25
      vertex 62 -1.65 -14.25
    endloop
  endfacet
  facet normal 0.2902846772544599 -0.9569403357322096 0
    outer loop
      vertex 62.6314276634024 -1.524401228643623 -16.45
      vertex 62.6314276634024 -1.524401228643623 -14.25
      vertex 62.32189903132661 -1.6182957126653301 -14.25
    endloop
  endfacet
  facet normal 0.4713967368259993 -0.8819212643483542 0
    outer loop
      vertex 62.91669088448234 -1.3719248602991996 -16.45
      vertex 62.91669088448234 -1.3719248602991996 -14.25
      vertex 62.6314276634024 -1.524401228643623 -14.25
    endloop
  endfacet
  facet normal 0.6343932841636446 -0.7730104533627378 0
    outer loop
      vertex 63.1667261889578 -1.1667261889578033 -16.45
      vertex 63.1667261889578 -1.1667261889578033 -14.25
      vertex 62.91669088448234 -1.3719248602991996 -14.25
    endloop
  endfacet
  facet normal 0.7730104533627319 -0.6343932841636517 2.8390018763243955e-18
    outer loop
      vertex 63.1667261889578 -1.1667261889578033 -14.25
      vertex 63.3719248602992 -0.9166908844823436 -16.45
      vertex 63.3719248602992 -0.9166908844823436 -14.25
    endloop
  endfacet
  facet normal 0.881921264348355 -0.47139673682599764 0
    outer loop
      vertex 63.524401228643626 -0.6314276634023981 -16.45
      vertex 63.524401228643626 -0.6314276634023981 -14.25
      vertex 63.3719248602992 -0.9166908844823436 -14.25
    endloop
  endfacet
  facet normal 0.956940335732212 -0.29028467725445156 0
    outer loop
      vertex 63.61829571266533 -0.3218990313266116 -16.45
      vertex 63.61829571266533 -0.3218990313266116 -14.25
      vertex 63.524401228643626 -0.6314276634023981 -14.25
    endloop
  endfacet
  facet normal 0.9951847266721969 -0.09801714032955934 3.9647653603263816e-19
    outer loop
      vertex 63.61829571266533 -0.3218990313266116 -14.25
      vertex 63.65 0 -16.45
      vertex 63.65 0 -14.25
    endloop
  endfacet
  facet normal 0 0 1
    outer loop
      vertex 62 -1.65 -14.25
      vertex 62.32189903132661 -1.6182957126653301 -14.25
      vertex 62 1.65 -14.25
    endloop
  endfacet
  facet normal 0 0 1
    outer loop
      vertex 62.32189903132661 -1.6182957126653301 -14.25
      vertex 62.6314276634024 -1.524401228643623 -14.25
      vertex 62.32189903132661 1.6182957126653301 -14.25
    endloop
  endfacet
  facet normal 0 0 1
    outer loop
      vertex 62.6314276634024 -1.524401228643623 -14.25
      vertex 62.91669088448234 -1.3719248602991996 -14.25
      vertex 62.6314276634024 1.524401228643623 -14.25
    endloop
  endfacet
  facet normal 0 0 1
    outer loop
      vertex 62.91669088448234 -1.3719248602991996 -14.25
      vertex 63.1667261889578 -1.1667261889578033 -14.25
      vertex 62.91669088448234 1.3719248602991996 -14.25
    endloop
  endfacet
  facet normal 0 0 1
    outer loop
      vertex 63.1667261889578 -1.1667261889578033 -14.25
      vertex 63.3719248602992 -0.9166908844823436 -14.25
      vertex 63.1667261889578 1.1667261889578033 -14.25
    endloop
  endfacet
  facet normal 0 0 1
    outer loop
      vertex 63.3719248602992 -0.9166908844823436 -14.25
      vertex 63.524401228643626 -0.6314276634023981 -14.25
      vertex 63.3719248602992 0.9166908844823436 -14.25
    endloop
  endfacet
  facet normal 0 0 1
    outer loop
      vertex 63.524401228643626 -0.6314276634023981 -14.25
      vertex 63.61829571266533 -0.3218990313266116 -14.25
      vertex 63.524401228643626 0.6314276634023981 -14.25
    endloop
  endfacet
  facet normal -0.995184726672197 0.09801714032955937 0
    outer loop
      vertex 60.35 0 -19.75
      vertex 60.38170428733467 0.3218990313266116 -22.2
      vertex 60.35 0 -22.2
    endloop
  endfacet
  facet normal -0.9569403357322122 0.2902846772544516 0
    outer loop
      vertex 60.38170428733467 0.3218990313266116 -19.75
      vertex 60.475598771356374 0.6314276634023981 -22.2
      vertex 60.38170428733467 0.3218990313266116 -22.2
    endloop
  endfacet
  facet normal -0.8819212643483552 0.4713967368259977 0
    outer loop
      vertex 60.475598771356374 0.6314276634023981 -19.75
      vertex 60.6280751397008 0.9166908844823436 -22.2
      vertex 60.475598771356374 0.6314276634023981 -22.2
    endloop
  endfacet
  facet normal -0.7730104533627319 0.6343932841636518 0
    outer loop
      vertex 60.6280751397008 0.9166908844823436 -19.75
      vertex 60.8332738110422 1.1667261889578033 -22.2
      vertex 60.6280751397008 0.9166908844823436 -22.2
    endloop
  endfacet
  facet normal -0.6343932841636445 0.7730104533627377 0
    outer loop
      vertex 60.8332738110422 1.1667261889578033 -19.75
      vertex 61.08330911551766 1.3719248602991996 -22.2
      vertex 60.8332738110422 1.1667261889578033 -22.2
    endloop
  endfacet
  facet normal -0.4713967368259993 0.8819212643483542 0
    outer loop
      vertex 61.08330911551766 1.3719248602991996 -19.75
      vertex 61.3685723365976 1.524401228643623 -22.2
      vertex 61.08330911551766 1.3719248602991996 -22.2
    endloop
  endfacet
  facet normal -0.2902846772544599 0.9569403357322096 0
    outer loop
      vertex 61.3685723365976 1.524401228643623 -19.75
      vertex 61.67810096867339 1.6182957126653301 -22.2
      vertex 61.3685723365976 1.524401228643623 -22.2
    endloop
  endfacet
  facet normal -0.09801714032956149 0.9951847266721967 0
    outer loop
      vertex 61.67810096867339 1.6182957126653301 -19.75
      vertex 62 1.65 -22.2
      vertex 61.67810096867339 1.6182957126653301 -22.2
    endloop
  endfacet
  facet normal 0.995184726672197 0.09801714032955937 0
    outer loop
      vertex 63.61829571266533 0.3218990313266116 -19.75
      vertex 63.65 0 -22.2
      vertex 63.61829571266533 0.3218990313266116 -22.2
    endloop
  endfacet
  facet normal 0.9569403357322122 0.2902846772544516 0
    outer loop
      vertex 63.524401228643626 0.6314276634023981 -19.75
      vertex 63.61829571266533 0.3218990313266116 -22.2
      vertex 63.524401228643626 0.6314276634023981 -22.2
    endloop
  endfacet
  facet normal 0.8819212643483552 0.4713967368259977 0
    outer loop
      vertex 63.3719248602992 0.9166908844823436 -19.75
      vertex 63.524401228643626 0.6314276634023981 -22.2
      vertex 63.3719248602992 0.9166908844823436 -22.2
    endloop
  endfacet
  facet normal 0.4713967368259993 0.8819212643483542 0
    outer loop
      vertex 62.6314276634024 1.524401228643623 -19.75
      vertex 62.91669088448234 1.3719248602991996 -22.2
      vertex 62.6314276634024 1.524401228643623 -22.2
    endloop
  endfacet
  facet normal 0.6343932841636445 0.7730104533627377 0
    outer loop
      vertex 62.91669088448234 1.3719248602991996 -19.75
      vertex 63.1667261889578 1.1667261889578033 -22.2
      vertex 62.91669088448234 1.3719248602991996 -22.2
    endloop
  endfacet
  facet normal 0.09801714032956149 0.9951847266721967 0
    outer loop
      vertex 62 1.65 -19.75
      vertex 62.32189903132661 1.6182957126653301 -22.2
      vertex 62 1.65 -22.2
    endloop
  endfacet
  facet normal 0.2902846772544599 0.9569403357322096 0
    outer loop
      vertex 62.32189903132661 1.6182957126653301 -19.75
      vertex 62.6314276634024 1.524401228643623 -22.2
      vertex 62.32189903132661 1.6182957126653301 -22.2
    endloop
  endfacet
  facet normal 0.7730104533627319 0.6343932841636518 0
    outer loop
      vertex 63.1667261889578 1.1667261889578033 -19.75
      vertex 63.3719248602992 0.9166908844823436 -22.2
      vertex 63.1667261889578 1.1667261889578033 -22.2
    endloop
  endfacet
  facet normal -0.995184726672197 0.09801714032955937 3.560197466415527e-19
    outer loop
      vertex 60.35 0 -19.75
      vertex 60.38170428733467 0.3218990313266116 -19.75
      vertex 60.38170428733467 0.3218990313266116 -22.2
    endloop
  endfacet
  facet normal -0.9569403357322122 0.2902846772544516 -7.275792874919467e-19
    outer loop
      vertex 60.38170428733467 0.3218990313266116 -19.75
      vertex 60.475598771356374 0.6314276634023981 -19.75
      vertex 60.475598771356374 0.6314276634023981 -22.2
    endloop
  endfacet
  facet normal -0.8819212643483552 0.4713967368259977 3.624634578176181e-18
    outer loop
      vertex 60.475598771356374 0.6314276634023981 -19.75
      vertex 60.6280751397008 0.9166908844823436 -19.75
      vertex 60.6280751397008 0.9166908844823436 -22.2
    endloop
  endfacet
  facet normal -0.7730104533627319 0.6343932841636518 2.549307807311702e-18
    outer loop
      vertex 60.6280751397008 0.9166908844823436 -19.75
      vertex 60.8332738110422 1.1667261889578033 -19.75
      vertex 60.8332738110422 1.1667261889578033 -22.2
    endloop
  endfacet
  facet normal -0.6343932841636445 0.7730104533627377 -2.3400995717913983e-19
    outer loop
      vertex 60.8332738110422 1.1667261889578033 -19.75
      vertex 61.08330911551766 1.3719248602991996 -19.75
      vertex 61.08330911551766 1.3719248602991996 -22.2
    endloop
  endfacet
  facet normal -0.4713967368259993 0.8819212643483542 1.2126694193970922e-18
    outer loop
      vertex 61.08330911551766 1.3719248602991996 -19.75
      vertex 61.3685723365976 1.524401228643623 -19.75
      vertex 61.3685723365976 1.524401228643623 -22.2
    endloop
  endfacet
  facet normal -0.2902846772544599 0.9569403357322096 -1.2409512010002563e-18
    outer loop
      vertex 61.3685723365976 1.524401228643623 -19.75
      vertex 61.67810096867339 1.6182957126653301 -19.75
      vertex 61.67810096867339 1.6182957126653301 -22.2
    endloop
  endfacet
  facet normal -0.09801714032956149 0.9951847266721967 -2.187249986059959e-19
    outer loop
      vertex 61.67810096867339 1.6182957126653301 -19.75
      vertex 62 1.65 -19.75
      vertex 62 1.65 -22.2
    endloop
  endfacet
  facet normal 0.995184726672197 0.09801714032955937 0
    outer loop
      vertex 63.65 0 -19.75
      vertex 63.65 0 -22.2
      vertex 63.61829571266533 0.3218990313266116 -19.75
    endloop
  endfacet
  facet normal 0.9569403357322122 0.2902846772544516 0
    outer loop
      vertex 63.61829571266533 0.3218990313266116 -19.75
      vertex 63.61829571266533 0.3218990313266116 -22.2
      vertex 63.524401228643626 0.6314276634023981 -19.75
    endloop
  endfacet
  facet normal 0.8819212643483552 0.4713967368259977 0
    outer loop
      vertex 63.524401228643626 0.6314276634023981 -19.75
      vertex 63.524401228643626 0.6314276634023981 -22.2
      vertex 63.3719248602992 0.9166908844823436 -19.75
    endloop
  endfacet
  facet normal 0.6343932841636445 0.7730104533627377 0
    outer loop
      vertex 63.1667261889578 1.1667261889578033 -19.75
      vertex 63.1667261889578 1.1667261889578033 -22.2
      vertex 62.91669088448234 1.3719248602991996 -19.75
    endloop
  endfacet
  facet normal 0.4713967368259993 0.8819212643483542 0
    outer loop
      vertex 62.91669088448234 1.3719248602991996 -19.75
      vertex 62.91669088448234 1.3719248602991996 -22.2
      vertex 62.6314276634024 1.524401228643623 -19.75
    endloop
  endfacet
  facet normal 0.09801714032956149 0.9951847266721967 0
    outer loop
      vertex 62.32189903132661 1.6182957126653301 -19.75
      vertex 62.32189903132661 1.6182957126653301 -22.2
      vertex 62 1.65 -19.75
    endloop
  endfacet
  facet normal 0.2902846772544599 0.9569403357322096 1.2409512010002563e-18
    outer loop
      vertex 62.32189903132661 1.6182957126653301 -19.75
      vertex 62.6314276634024 1.524401228643623 -19.75
      vertex 62.6314276634024 1.524401228643623 -22.2
    endloop
  endfacet
  facet normal 0.7730104533627319 0.6343932841636518 0
    outer loop
      vertex 63.3719248602992 0.9166908844823436 -19.75
      vertex 63.3719248602992 0.9166908844823436 -22.2
      vertex 63.1667261889578 1.1667261889578033 -19.75
    endloop
  endfacet
  facet normal -0.995184726672197 0.09801714032955935 5.130872819245907e-19
    outer loop
      vertex 60.35 0 -18.95
      vertex 60.38170428733467 0.3218990313266116 -17.25
      vertex 60.38170428733467 0.3218990313266116 -18.95
    endloop
  endfacet
  facet normal -0.9569403357322122 0.2902846772544516 -1.0485701496207468e-18
    outer loop
      vertex 60.38170428733467 0.3218990313266116 -18.95
      vertex 60.475598771356374 0.6314276634023981 -17.25
      vertex 60.475598771356374 0.6314276634023981 -18.95
    endloop
  endfacet
  facet normal -0.881921264348355 0.47139673682599764 5.223738068548026e-18
    outer loop
      vertex 60.475598771356374 0.6314276634023981 -18.95
      vertex 60.6280751397008 0.9166908844823436 -17.25
      vertex 60.6280751397008 0.9166908844823436 -18.95
    endloop
  endfacet
  facet normal -0.7730104533627319 0.6343932841636517 3.674002428184512e-18
    outer loop
      vertex 60.6280751397008 0.9166908844823436 -18.95
      vertex 60.8332738110422 1.1667261889578033 -17.25
      vertex 60.8332738110422 1.1667261889578033 -18.95
    endloop
  endfacet
  facet normal -0.6343932841636445 0.7730104533627377 -3.372496441699369e-19
    outer loop
      vertex 60.8332738110422 1.1667261889578033 -18.95
      vertex 61.08330911551766 1.3719248602991996 -17.25
      vertex 61.08330911551766 1.3719248602991996 -18.95
    endloop
  endfacet
  facet normal -0.47139673682599936 0.8819212643483542 1.747670633836986e-18
    outer loop
      vertex 61.08330911551766 1.3719248602991996 -18.95
      vertex 61.3685723365976 1.524401228643623 -17.25
      vertex 61.3685723365976 1.524401228643623 -18.95
    endloop
  endfacet
  facet normal -0.29028467725445994 0.9569403357322097 -1.7884296720297814e-18
    outer loop
      vertex 61.3685723365976 1.524401228643623 -18.95
      vertex 61.67810096867339 1.6182957126653301 -17.25
      vertex 61.67810096867339 1.6182957126653301 -18.95
    endloop
  endfacet
  facet normal -0.09801714032956148 0.9951847266721968 -3.1522132152040587e-19
    outer loop
      vertex 61.67810096867339 1.6182957126653301 -18.95
      vertex 62 1.65 -17.25
      vertex 62 1.65 -18.95
    endloop
  endfacet
  facet normal 0.995184726672197 0.09801714032955935 0
    outer loop
      vertex 63.65 0 -18.95
      vertex 63.61829571266533 0.3218990313266116 -18.95
      vertex 63.65 0 -17.25
    endloop
  endfacet
  facet normal 0.9569403357322122 0.2902846772544516 0
    outer loop
      vertex 63.61829571266533 0.3218990313266116 -18.95
      vertex 63.524401228643626 0.6314276634023981 -18.95
      vertex 63.61829571266533 0.3218990313266116 -17.25
    endloop
  endfacet
  facet normal 0.881921264348355 0.47139673682599764 0
    outer loop
      vertex 63.524401228643626 0.6314276634023981 -18.95
      vertex 63.3719248602992 0.9166908844823436 -18.95
      vertex 63.524401228643626 0.6314276634023981 -17.25
    endloop
  endfacet
  facet normal 0.6343932841636445 0.7730104533627377 0
    outer loop
      vertex 63.1667261889578 1.1667261889578033 -18.95
      vertex 62.91669088448234 1.3719248602991996 -18.95
      vertex 63.1667261889578 1.1667261889578033 -17.25
    endloop
  endfacet
  facet normal 0.47139673682599936 0.8819212643483542 0
    outer loop
      vertex 62.91669088448234 1.3719248602991996 -18.95
      vertex 62.6314276634024 1.524401228643623 -18.95
      vertex 62.91669088448234 1.3719248602991996 -17.25
    endloop
  endfacet
  facet normal 0.09801714032956148 0.9951847266721968 0
    outer loop
      vertex 62.32189903132661 1.6182957126653301 -18.95
      vertex 62 1.65 -18.95
      vertex 62.32189903132661 1.6182957126653301 -17.25
    endloop
  endfacet
  facet normal 0.29028467725445994 0.9569403357322097 1.7884296720297814e-18
    outer loop
      vertex 62.32189903132661 1.6182957126653301 -18.95
      vertex 62.6314276634024 1.524401228643623 -17.25
      vertex 62.6314276634024 1.524401228643623 -18.95
    endloop
  endfacet
  facet normal 0.7730104533627319 0.6343932841636517 0
    outer loop
      vertex 63.3719248602992 0.9166908844823436 -18.95
      vertex 63.1667261889578 1.1667261889578033 -18.95
      vertex 63.3719248602992 0.9166908844823436 -17.25
    endloop
  endfacet
  facet normal -0.995184726672197 0.09801714032955935 0
    outer loop
      vertex 60.35 0 -18.95
      vertex 60.35 0 -17.25
      vertex 60.38170428733467 0.3218990313266116 -17.25
    endloop
  endfacet
  facet normal -0.9569403357322122 0.2902846772544516 0
    outer loop
      vertex 60.38170428733467 0.3218990313266116 -18.95
      vertex 60.38170428733467 0.3218990313266116 -17.25
      vertex 60.475598771356374 0.6314276634023981 -17.25
    endloop
  endfacet
  facet normal -0.881921264348355 0.47139673682599764 0
    outer loop
      vertex 60.475598771356374 0.6314276634023981 -18.95
      vertex 60.475598771356374 0.6314276634023981 -17.25
      vertex 60.6280751397008 0.9166908844823436 -17.25
    endloop
  endfacet
  facet normal -0.7730104533627319 0.6343932841636517 0
    outer loop
      vertex 60.6280751397008 0.9166908844823436 -18.95
      vertex 60.6280751397008 0.9166908844823436 -17.25
      vertex 60.8332738110422 1.1667261889578033 -17.25
    endloop
  endfacet
  facet normal -0.6343932841636445 0.7730104533627377 0
    outer loop
      vertex 60.8332738110422 1.1667261889578033 -18.95
      vertex 60.8332738110422 1.1667261889578033 -17.25
      vertex 61.08330911551766 1.3719248602991996 -17.25
    endloop
  endfacet
  facet normal -0.47139673682599936 0.8819212643483542 0
    outer loop
      vertex 61.08330911551766 1.3719248602991996 -18.95
      vertex 61.08330911551766 1.3719248602991996 -17.25
      vertex 61.3685723365976 1.524401228643623 -17.25
    endloop
  endfacet
  facet normal -0.29028467725445994 0.9569403357322097 0
    outer loop
      vertex 61.3685723365976 1.524401228643623 -18.95
      vertex 61.3685723365976 1.524401228643623 -17.25
      vertex 61.67810096867339 1.6182957126653301 -17.25
    endloop
  endfacet
  facet normal -0.09801714032956148 0.9951847266721968 0
    outer loop
      vertex 61.67810096867339 1.6182957126653301 -18.95
      vertex 61.67810096867339 1.6182957126653301 -17.25
      vertex 62 1.65 -17.25
    endloop
  endfacet
  facet normal 0.995184726672197 0.09801714032955935 0
    outer loop
      vertex 63.61829571266533 0.3218990313266116 -18.95
      vertex 63.61829571266533 0.3218990313266116 -17.25
      vertex 63.65 0 -17.25
    endloop
  endfacet
  facet normal 0.9569403357322122 0.2902846772544516 0
    outer loop
      vertex 63.524401228643626 0.6314276634023981 -18.95
      vertex 63.524401228643626 0.6314276634023981 -17.25
      vertex 63.61829571266533 0.3218990313266116 -17.25
    endloop
  endfacet
  facet normal 0.881921264348355 0.47139673682599764 0
    outer loop
      vertex 63.3719248602992 0.9166908844823436 -18.95
      vertex 63.3719248602992 0.9166908844823436 -17.25
      vertex 63.524401228643626 0.6314276634023981 -17.25
    endloop
  endfacet
  facet normal 0.47139673682599936 0.8819212643483542 0
    outer loop
      vertex 62.6314276634024 1.524401228643623 -18.95
      vertex 62.6314276634024 1.524401228643623 -17.25
      vertex 62.91669088448234 1.3719248602991996 -17.25
    endloop
  endfacet
  facet normal 0.6343932841636445 0.7730104533627377 0
    outer loop
      vertex 62.91669088448234 1.3719248602991996 -18.95
      vertex 62.91669088448234 1.3719248602991996 -17.25
      vertex 63.1667261889578 1.1667261889578033 -17.25
    endloop
  endfacet
  facet normal 0.09801714032956148 0.9951847266721968 0
    outer loop
      vertex 62 1.65 -18.95
      vertex 62 1.65 -17.25
      vertex 62.32189903132661 1.6182957126653301 -17.25
    endloop
  endfacet
  facet normal 0.29028467725445994 0.9569403357322097 0
    outer loop
      vertex 62.32189903132661 1.6182957126653301 -18.95
      vertex 62.32189903132661 1.6182957126653301 -17.25
      vertex 62.6314276634024 1.524401228643623 -17.25
    endloop
  endfacet
  facet normal 0.7730104533627319 0.6343932841636517 0
    outer loop
      vertex 63.1667261889578 1.1667261889578033 -18.95
      vertex 63.1667261889578 1.1667261889578033 -17.25
      vertex 63.3719248602992 0.9166908844823436 -17.25
    endloop
  endfacet
  facet normal -0.9951847266721969 0.09801714032955934 3.9647653603263816e-19
    outer loop
      vertex 60.35 0 -16.45
      vertex 60.38170428733467 0.3218990313266116 -14.25
      vertex 60.38170428733467 0.3218990313266116 -16.45
    endloop
  endfacet
  facet normal -0.956940335732212 0.29028467725445156 -8.102587519796678e-19
    outer loop
      vertex 60.38170428733467 0.3218990313266116 -16.45
      vertex 60.475598771356374 0.6314276634023981 -14.25
      vertex 60.475598771356374 0.6314276634023981 -16.45
    endloop
  endfacet
  facet normal -0.881921264348355 0.47139673682599764 4.036524871150747e-18
    outer loop
      vertex 60.475598771356374 0.6314276634023981 -16.45
      vertex 60.6280751397008 0.9166908844823436 -14.25
      vertex 60.6280751397008 0.9166908844823436 -16.45
    endloop
  endfacet
  facet normal -0.7730104533627319 0.6343932841636517 2.8390018763243955e-18
    outer loop
      vertex 60.6280751397008 0.9166908844823436 -16.45
      vertex 60.8332738110422 1.1667261889578033 -14.25
      vertex 60.8332738110422 1.1667261889578033 -16.45
    endloop
  endfacet
  facet normal -0.6343932841636446 0.7730104533627378 -2.606019977676785e-19
    outer loop
      vertex 60.8332738110422 1.1667261889578033 -16.45
      vertex 61.08330911551766 1.3719248602991996 -14.25
      vertex 61.08330911551766 1.3719248602991996 -16.45
    endloop
  endfacet
  facet normal -0.4713967368259993 0.8819212643483542 1.3504727625103982e-18
    outer loop
      vertex 61.08330911551766 1.3719248602991996 -16.45
      vertex 61.3685723365976 1.524401228643623 -14.25
      vertex 61.3685723365976 1.524401228643623 -16.45
    endloop
  endfacet
  facet normal -0.2902846772544599 0.9569403357322096 -1.3819683829321036e-18
    outer loop
      vertex 61.3685723365976 1.524401228643623 -16.45
      vertex 61.67810096867339 1.6182957126653301 -14.25
      vertex 61.67810096867339 1.6182957126653301 -16.45
    endloop
  endfacet
  facet normal -0.09801714032956149 0.9951847266721967 -2.4358011208394994e-19
    outer loop
      vertex 61.67810096867339 1.6182957126653301 -16.45
      vertex 62 1.65 -14.25
      vertex 62 1.65 -16.45
    endloop
  endfacet
  facet normal 0.9951847266721969 0.09801714032955934 0
    outer loop
      vertex 63.65 0 -16.45
      vertex 63.61829571266533 0.3218990313266116 -16.45
      vertex 63.65 0 -14.25
    endloop
  endfacet
  facet normal 0.956940335732212 0.29028467725445156 0
    outer loop
      vertex 63.61829571266533 0.3218990313266116 -16.45
      vertex 63.524401228643626 0.6314276634023981 -16.45
      vertex 63.61829571266533 0.3218990313266116 -14.25
    endloop
  endfacet
  facet normal 0.881921264348355 0.47139673682599764 0
    outer loop
      vertex 63.524401228643626 0.6314276634023981 -16.45
      vertex 63.3719248602992 0.9166908844823436 -16.45
      vertex 63.524401228643626 0.6314276634023981 -14.25
    endloop
  endfacet
  facet normal 0.6343932841636446 0.7730104533627378 0
    outer loop
      vertex 63.1667261889578 1.1667261889578033 -16.45
      vertex 62.91669088448234 1.3719248602991996 -16.45
      vertex 63.1667261889578 1.1667261889578033 -14.25
    endloop
  endfacet
  facet normal 0.4713967368259993 0.8819212643483542 0
    outer loop
      vertex 62.91669088448234 1.3719248602991996 -16.45
      vertex 62.6314276634024 1.524401228643623 -16.45
      vertex 62.91669088448234 1.3719248602991996 -14.25
    endloop
  endfacet
  facet normal 0.09801714032956149 0.9951847266721967 0
    outer loop
      vertex 62.32189903132661 1.6182957126653301 -16.45
      vertex 62 1.65 -16.45
      vertex 62.32189903132661 1.6182957126653301 -14.25
    endloop
  endfacet
  facet normal 0.2902846772544599 0.9569403357322096 1.3819683829321036e-18
    outer loop
      vertex 62.32189903132661 1.6182957126653301 -16.45
      vertex 62.6314276634024 1.524401228643623 -14.25
      vertex 62.6314276634024 1.524401228643623 -16.45
    endloop
  endfacet
  facet normal 0.7730104533627319 0.6343932841636517 0
    outer loop
      vertex 63.3719248602992 0.9166908844823436 -16.45
      vertex 63.1667261889578 1.1667261889578033 -16.45
      vertex 63.3719248602992 0.9166908844823436 -14.25
    endloop
  endfacet
  facet normal -0.9951847266721969 0.09801714032955934 0
    outer loop
      vertex 60.35 0 -16.45
      vertex 60.35 0 -14.25
      vertex 60.38170428733467 0.3218990313266116 -14.25
    endloop
  endfacet
  facet normal -0.956940335732212 0.29028467725445156 0
    outer loop
      vertex 60.38170428733467 0.3218990313266116 -16.45
      vertex 60.38170428733467 0.3218990313266116 -14.25
      vertex 60.475598771356374 0.6314276634023981 -14.25
    endloop
  endfacet
  facet normal -0.881921264348355 0.47139673682599764 0
    outer loop
      vertex 60.475598771356374 0.6314276634023981 -16.45
      vertex 60.475598771356374 0.6314276634023981 -14.25
      vertex 60.6280751397008 0.9166908844823436 -14.25
    endloop
  endfacet
  facet normal 0 0 1
    outer loop
      vertex 60.38170428733467 -0.3218990313266116 -14.25
      vertex 60.38170428733467 0.3218990313266116 -14.25
      vertex 60.35 0 -14.25
    endloop
  endfacet
  facet normal 0 0 1
    outer loop
      vertex 60.475598771356374 -0.6314276634023981 -14.25
      vertex 60.475598771356374 0.6314276634023981 -14.25
      vertex 60.38170428733467 0.3218990313266116 -14.25
    endloop
  endfacet
  facet normal 0 0 1
    outer loop
      vertex 60.6280751397008 -0.9166908844823436 -14.25
      vertex 60.6280751397008 0.9166908844823436 -14.25
      vertex 60.475598771356374 0.6314276634023981 -14.25
    endloop
  endfacet
  facet normal 0 0 1
    outer loop
      vertex 60.8332738110422 -1.1667261889578033 -14.25
      vertex 60.8332738110422 1.1667261889578033 -14.25
      vertex 60.6280751397008 0.9166908844823436 -14.25
    endloop
  endfacet
  facet normal 0 0 1
    outer loop
      vertex 61.08330911551766 -1.3719248602991996 -14.25
      vertex 61.08330911551766 1.3719248602991996 -14.25
      vertex 60.8332738110422 1.1667261889578033 -14.25
    endloop
  endfacet
  facet normal 0 0 1
    outer loop
      vertex 61.3685723365976 -1.524401228643623 -14.25
      vertex 61.3685723365976 1.524401228643623 -14.25
      vertex 61.08330911551766 1.3719248602991996 -14.25
    endloop
  endfacet
  facet normal 0 0 1
    outer loop
      vertex 61.67810096867339 -1.6182957126653301 -14.25
      vertex 61.67810096867339 1.6182957126653301 -14.25
      vertex 61.3685723365976 1.524401228643623 -14.25
    endloop
  endfacet
  facet normal 0 0 1
    outer loop
      vertex 62 -1.65 -14.25
      vertex 62 1.65 -14.25
      vertex 61.67810096867339 1.6182957126653301 -14.25
    endloop
  endfacet
  facet normal -0.7730104533627319 0.6343932841636517 0
    outer loop
      vertex 60.6280751397008 0.9166908844823436 -16.45
      vertex 60.6280751397008 0.9166908844823436 -14.25
      vertex 60.8332738110422 1.1667261889578033 -14.25
    endloop
  endfacet
  facet normal -0.6343932841636446 0.7730104533627378 0
    outer loop
      vertex 60.8332738110422 1.1667261889578033 -16.45
      vertex 60.8332738110422 1.1667261889578033 -14.25
      vertex 61.08330911551766 1.3719248602991996 -14.25
    endloop
  endfacet
  facet normal -0.4713967368259993 0.8819212643483542 0
    outer loop
      vertex 61.08330911551766 1.3719248602991996 -16.45
      vertex 61.08330911551766 1.3719248602991996 -14.25
      vertex 61.3685723365976 1.524401228643623 -14.25
    endloop
  endfacet
  facet normal -0.2902846772544599 0.9569403357322096 0
    outer loop
      vertex 61.3685723365976 1.524401228643623 -16.45
      vertex 61.3685723365976 1.524401228643623 -14.25
      vertex 61.67810096867339 1.6182957126653301 -14.25
    endloop
  endfacet
  facet normal -0.09801714032956149 0.9951847266721967 0
    outer loop
      vertex 61.67810096867339 1.6182957126653301 -16.45
      vertex 61.67810096867339 1.6182957126653301 -14.25
      vertex 62 1.65 -14.25
    endloop
  endfacet
  facet normal 0.9951847266721969 0.09801714032955934 0
    outer loop
      vertex 63.61829571266533 0.3218990313266116 -16.45
      vertex 63.61829571266533 0.3218990313266116 -14.25
      vertex 63.65 0 -14.25
    endloop
  endfacet
  facet normal 0.956940335732212 0.29028467725445156 0
    outer loop
      vertex 63.524401228643626 0.6314276634023981 -16.45
      vertex 63.524401228643626 0.6314276634023981 -14.25
      vertex 63.61829571266533 0.3218990313266116 -14.25
    endloop
  endfacet
  facet normal 0.881921264348355 0.47139673682599764 0
    outer loop
      vertex 63.3719248602992 0.9166908844823436 -16.45
      vertex 63.3719248602992 0.9166908844823436 -14.25
      vertex 63.524401228643626 0.6314276634023981 -14.25
    endloop
  endfacet
  facet normal 0 0 1
    outer loop
      vertex 63.1667261889578 -1.1667261889578033 -14.25
      vertex 63.1667261889578 1.1667261889578033 -14.25
      vertex 62.91669088448234 1.3719248602991996 -14.25
    endloop
  endfacet
  facet normal 0 0 1
    outer loop
      vertex 62.32189903132661 -1.6182957126653301 -14.25
      vertex 62.32189903132661 1.6182957126653301 -14.25
      vertex 62 1.65 -14.25
    endloop
  endfacet
  facet normal 0 0 1
    outer loop
      vertex 62.6314276634024 -1.524401228643623 -14.25
      vertex 62.6314276634024 1.524401228643623 -14.25
      vertex 62.32189903132661 1.6182957126653301 -14.25
    endloop
  endfacet
  facet normal 0 0 1
    outer loop
      vertex 62.91669088448234 -1.3719248602991996 -14.25
      vertex 62.91669088448234 1.3719248602991996 -14.25
      vertex 62.6314276634024 1.524401228643623 -14.25
    endloop
  endfacet
  facet normal 0 0 1
    outer loop
      vertex 63.61829571266533 -0.3218990313266116 -14.25
      vertex 63.65 0 -14.25
      vertex 63.61829571266533 0.3218990313266116 -14.25
    endloop
  endfacet
  facet normal 0 0 1
    outer loop
      vertex 63.61829571266533 -0.3218990313266116 -14.25
      vertex 63.61829571266533 0.3218990313266116 -14.25
      vertex 63.524401228643626 0.6314276634023981 -14.25
    endloop
  endfacet
  facet normal 0 0 1
    outer loop
      vertex 63.3719248602992 -0.9166908844823436 -14.25
      vertex 63.3719248602992 0.9166908844823436 -14.25
      vertex 63.1667261889578 1.1667261889578033 -14.25
    endloop
  endfacet
  facet normal 0 0 1
    outer loop
      vertex 63.524401228643626 -0.6314276634023981 -14.25
      vertex 63.524401228643626 0.6314276634023981 -14.25
      vertex 63.3719248602992 0.9166908844823436 -14.25
    endloop
  endfacet
  facet normal 0.4713967368259993 0.8819212643483542 0
    outer loop
      vertex 62.6314276634024 1.524401228643623 -16.45
      vertex 62.6314276634024 1.524401228643623 -14.25
      vertex 62.91669088448234 1.3719248602991996 -14.25
    endloop
  endfacet
  facet normal 0.6343932841636446 0.7730104533627378 0
    outer loop
      vertex 62.91669088448234 1.3719248602991996 -16.45
      vertex 62.91669088448234 1.3719248602991996 -14.25
      vertex 63.1667261889578 1.1667261889578033 -14.25
    endloop
  endfacet
  facet normal 0.09801714032956149 0.9951847266721967 0
    outer loop
      vertex 62 1.65 -16.45
      vertex 62 1.65 -14.25
      vertex 62.32189903132661 1.6182957126653301 -14.25
    endloop
  endfacet
  facet normal 0.2902846772544599 0.9569403357322096 0
    outer loop
      vertex 62.32189903132661 1.6182957126653301 -16.45
      vertex 62.32189903132661 1.6182957126653301 -14.25
      vertex 62.6314276634024 1.524401228643623 -14.25
    endloop
  endfacet
  facet normal 0.7730104533627319 0.6343932841636517 -2.8390018763243955e-18
    outer loop
      vertex 63.3719248602992 0.9166908844823436 -14.25
      vertex 63.1667261889578 1.1667261889578033 -16.45
      vertex 63.1667261889578 1.1667261889578033 -14.25
    endloop
  endfacet
  facet normal -0.8819212643483552 -0.4713967368259977 0
    outer loop
      vertex 82.6280751397008 -0.9166908844823436 -19.75
      vertex 82.47559877135637 -0.6314276634023981 -22.2
      vertex 82.6280751397008 -0.9166908844823436 -22.2
    endloop
  endfacet
  facet normal -0.9569403357322122 -0.2902846772544516 0
    outer loop
      vertex 82.47559877135637 -0.6314276634023981 -19.75
      vertex 82.38170428733467 -0.3218990313266116 -22.2
      vertex 82.47559877135637 -0.6314276634023981 -22.2
    endloop
  endfacet
  facet normal -0.9951847266721948 -0.09801714032958111 0
    outer loop
      vertex 82.38170428733467 -0.3218990313266116 -19.75
      vertex 82.35 0 -22.2
      vertex 82.38170428733467 -0.3218990313266116 -22.2
    endloop
  endfacet
  facet normal -0.7730104533627427 -0.6343932841636386 -2.2327610163774457e-18
    outer loop
      vertex 82.83327381104219 -1.1667261889578033 -19.75
      vertex 82.6280751397008 -0.9166908844823436 -19.75
      vertex 82.6280751397008 -0.9166908844823436 -22.2
    endloop
  endfacet
  facet normal -0.8819212643483552 -0.4713967368259977 -3.624634578176181e-18
    outer loop
      vertex 82.6280751397008 -0.9166908844823436 -19.75
      vertex 82.47559877135637 -0.6314276634023981 -19.75
      vertex 82.47559877135637 -0.6314276634023981 -22.2
    endloop
  endfacet
  facet normal -0.9569403357322122 -0.2902846772544516 7.275792874919467e-19
    outer loop
      vertex 82.47559877135637 -0.6314276634023981 -19.75
      vertex 82.38170428733467 -0.3218990313266116 -19.75
      vertex 82.38170428733467 -0.3218990313266116 -22.2
    endloop
  endfacet
  facet normal -0.9951847266721948 -0.09801714032958111 7.419180927601315e-19
    outer loop
      vertex 82.38170428733467 -0.3218990313266116 -19.75
      vertex 82.35 0 -19.75
      vertex 82.35 0 -22.2
    endloop
  endfacet
  facet normal -0.29028467725446605 -0.9569403357322078 0
    outer loop
      vertex 83.67810096867339 -1.6182957126653301 -19.75
      vertex 83.36857233659761 -1.524401228643623 -22.2
      vertex 83.67810096867339 -1.6182957126653301 -22.2
    endloop
  endfacet
  facet normal -0.09801714032956149 -0.9951847266721967 0
    outer loop
      vertex 84 -1.65 -19.75
      vertex 83.67810096867339 -1.6182957126653301 -22.2
      vertex 84 -1.65 -22.2
    endloop
  endfacet
  facet normal -0.6343932841636445 -0.7730104533627377 0
    outer loop
      vertex 83.08330911551765 -1.3719248602991996 -19.75
      vertex 82.83327381104219 -1.1667261889578033 -22.2
      vertex 83.08330911551765 -1.3719248602991996 -22.2
    endloop
  endfacet
  facet normal -0.4713967368259811 -0.8819212643483639 0
    outer loop
      vertex 83.36857233659761 -1.524401228643623 -19.75
      vertex 83.08330911551765 -1.3719248602991996 -22.2
      vertex 83.36857233659761 -1.524401228643623 -22.2
    endloop
  endfacet
  facet normal -0.7730104533627427 -0.6343932841636386 0
    outer loop
      vertex 82.83327381104219 -1.1667261889578033 -19.75
      vertex 82.6280751397008 -0.9166908844823436 -22.2
      vertex 82.83327381104219 -1.1667261889578033 -22.2
    endloop
  endfacet
  facet normal 0.09801714032956149 -0.9951847266721967 0
    outer loop
      vertex 84.32189903132661 -1.6182957126653301 -19.75
      vertex 84 -1.65 -22.2
      vertex 84.32189903132661 -1.6182957126653301 -22.2
    endloop
  endfacet
  facet normal 0.29028467725446605 -0.9569403357322078 0
    outer loop
      vertex 84.63142766340239 -1.524401228643623 -19.75
      vertex 84.32189903132661 -1.6182957126653301 -22.2
      vertex 84.63142766340239 -1.524401228643623 -22.2
    endloop
  endfacet
  facet normal 0.4713967368259811 -0.8819212643483639 0
    outer loop
      vertex 84.91669088448235 -1.3719248602991996 -19.75
      vertex 84.63142766340239 -1.524401228643623 -22.2
      vertex 84.91669088448235 -1.3719248602991996 -22.2
    endloop
  endfacet
  facet normal 0.6343932841636445 -0.7730104533627377 0
    outer loop
      vertex 85.16672618895781 -1.1667261889578033 -19.75
      vertex 84.91669088448235 -1.3719248602991996 -22.2
      vertex 85.16672618895781 -1.1667261889578033 -22.2
    endloop
  endfacet
  facet normal 0.7730104533627427 -0.6343932841636386 0
    outer loop
      vertex 85.3719248602992 -0.9166908844823436 -19.75
      vertex 85.16672618895781 -1.1667261889578033 -22.2
      vertex 85.3719248602992 -0.9166908844823436 -22.2
    endloop
  endfacet
  facet normal 0.8819212643483552 -0.4713967368259977 0
    outer loop
      vertex 85.52440122864363 -0.6314276634023981 -19.75
      vertex 85.3719248602992 -0.9166908844823436 -22.2
      vertex 85.52440122864363 -0.6314276634023981 -22.2
    endloop
  endfacet
  facet normal 0.9569403357322122 -0.2902846772544516 0
    outer loop
      vertex 85.61829571266533 -0.3218990313266116 -19.75
      vertex 85.52440122864363 -0.6314276634023981 -22.2
      vertex 85.61829571266533 -0.3218990313266116 -22.2
    endloop
  endfacet
  facet normal 0.9951847266721948 -0.09801714032958111 0
    outer loop
      vertex 85.65 0 -19.75
      vertex 85.61829571266533 -0.3218990313266116 -22.2
      vertex 85.65 0 -22.2
    endloop
  endfacet
  facet normal -0.29028467725446605 -0.9569403357322078 0
    outer loop
      vertex 83.36857233659761 -1.524401228643623 -19.75
      vertex 83.36857233659761 -1.524401228643623 -22.2
      vertex 83.67810096867339 -1.6182957126653301 -19.75
    endloop
  endfacet
  facet normal -0.09801714032956149 -0.9951847266721967 2.187249986059959e-19
    outer loop
      vertex 84 -1.65 -19.75
      vertex 83.67810096867339 -1.6182957126653301 -19.75
      vertex 83.67810096867339 -1.6182957126653301 -22.2
    endloop
  endfacet
  facet normal -0.4713967368259811 -0.8819212643483639 -3.5908331394123974e-18
    outer loop
      vertex 83.36857233659761 -1.524401228643623 -19.75
      vertex 83.08330911551765 -1.3719248602991996 -19.75
      vertex 83.08330911551765 -1.3719248602991996 -22.2
    endloop
  endfacet
  facet normal -0.6343932841636445 -0.7730104533627377 2.3400995717913983e-19
    outer loop
      vertex 83.08330911551765 -1.3719248602991996 -19.75
      vertex 82.83327381104219 -1.1667261889578033 -19.75
      vertex 82.83327381104219 -1.1667261889578033 -22.2
    endloop
  endfacet
  facet normal 0.09801714032956149 -0.9951847266721967 0
    outer loop
      vertex 84 -1.65 -19.75
      vertex 84 -1.65 -22.2
      vertex 84.32189903132661 -1.6182957126653301 -19.75
    endloop
  endfacet
  facet normal 0.29028467725446605 -0.9569403357322078 0
    outer loop
      vertex 84.32189903132661 -1.6182957126653301 -19.75
      vertex 84.32189903132661 -1.6182957126653301 -22.2
      vertex 84.63142766340239 -1.524401228643623 -19.75
    endloop
  endfacet
  facet normal 0.4713967368259811 -0.8819212643483639 0
    outer loop
      vertex 84.63142766340239 -1.524401228643623 -19.75
      vertex 84.63142766340239 -1.524401228643623 -22.2
      vertex 84.91669088448235 -1.3719248602991996 -19.75
    endloop
  endfacet
  facet normal 0.6343932841636445 -0.7730104533627377 0
    outer loop
      vertex 84.91669088448235 -1.3719248602991996 -19.75
      vertex 84.91669088448235 -1.3719248602991996 -22.2
      vertex 85.16672618895781 -1.1667261889578033 -19.75
    endloop
  endfacet
  facet normal 0.7730104533627427 -0.6343932841636386 0
    outer loop
      vertex 85.16672618895781 -1.1667261889578033 -19.75
      vertex 85.16672618895781 -1.1667261889578033 -22.2
      vertex 85.3719248602992 -0.9166908844823436 -19.75
    endloop
  endfacet
  facet normal 0.8819212643483552 -0.4713967368259977 0
    outer loop
      vertex 85.3719248602992 -0.9166908844823436 -19.75
      vertex 85.3719248602992 -0.9166908844823436 -22.2
      vertex 85.52440122864363 -0.6314276634023981 -19.75
    endloop
  endfacet
  facet normal 0.9569403357322122 -0.2902846772544516 0
    outer loop
      vertex 85.52440122864363 -0.6314276634023981 -19.75
      vertex 85.52440122864363 -0.6314276634023981 -22.2
      vertex 85.61829571266533 -0.3218990313266116 -19.75
    endloop
  endfacet
  facet normal 0.9951847266721948 -0.09801714032958111 0
    outer loop
      vertex 85.61829571266533 -0.3218990313266116 -19.75
      vertex 85.61829571266533 -0.3218990313266116 -22.2
      vertex 85.65 0 -19.75
    endloop
  endfacet
  facet normal -0.7730104533627427 -0.6343932841636386 -3.2178026412498486e-18
    outer loop
      vertex 82.83327381104219 -1.1667261889578033 -18.95
      vertex 82.6280751397008 -0.9166908844823436 -17.25
      vertex 82.6280751397008 -0.9166908844823436 -18.95
    endloop
  endfacet
  facet normal -0.881921264348355 -0.47139673682599764 -5.223738068548026e-18
    outer loop
      vertex 82.6280751397008 -0.9166908844823436 -18.95
      vertex 82.47559877135637 -0.6314276634023981 -17.25
      vertex 82.47559877135637 -0.6314276634023981 -18.95
    endloop
  endfacet
  facet normal -0.9569403357322122 -0.2902846772544516 1.0485701496207468e-18
    outer loop
      vertex 82.47559877135637 -0.6314276634023981 -18.95
      vertex 82.38170428733467 -0.3218990313266116 -17.25
      vertex 82.38170428733467 -0.3218990313266116 -18.95
    endloop
  endfacet
  facet normal -0.995184726672195 -0.09801714032958113 1.0692348983896014e-18
    outer loop
      vertex 82.38170428733467 -0.3218990313266116 -18.95
      vertex 82.35 0 -17.25
      vertex 82.35 0 -18.95
    endloop
  endfacet
  facet normal -0.881921264348355 -0.47139673682599764 0
    outer loop
      vertex 82.6280751397008 -0.9166908844823436 -18.95
      vertex 82.6280751397008 -0.9166908844823436 -17.25
      vertex 82.47559877135637 -0.6314276634023981 -17.25
    endloop
  endfacet
  facet normal -0.9569403357322122 -0.2902846772544516 0
    outer loop
      vertex 82.47559877135637 -0.6314276634023981 -18.95
      vertex 82.47559877135637 -0.6314276634023981 -17.25
      vertex 82.38170428733467 -0.3218990313266116 -17.25
    endloop
  endfacet
  facet normal -0.995184726672195 -0.09801714032958113 0
    outer loop
      vertex 82.38170428733467 -0.3218990313266116 -18.95
      vertex 82.38170428733467 -0.3218990313266116 -17.25
      vertex 82.35 0 -17.25
    endloop
  endfacet
  facet normal -0.7730104533627427 -0.6343932841636386 -2.48648385914761e-18
    outer loop
      vertex 82.83327381104219 -1.1667261889578033 -16.45
      vertex 82.6280751397008 -0.9166908844823436 -14.25
      vertex 82.6280751397008 -0.9166908844823436 -16.45
    endloop
  endfacet
  facet normal -0.881921264348355 -0.47139673682599764 -4.036524871150747e-18
    outer loop
      vertex 82.6280751397008 -0.9166908844823436 -16.45
      vertex 82.47559877135637 -0.6314276634023981 -14.25
      vertex 82.47559877135637 -0.6314276634023981 -16.45
    endloop
  endfacet
  facet normal -0.956940335732212 -0.29028467725445156 8.102587519796678e-19
    outer loop
      vertex 82.47559877135637 -0.6314276634023981 -16.45
      vertex 82.38170428733467 -0.3218990313266116 -14.25
      vertex 82.38170428733467 -0.3218990313266116 -16.45
    endloop
  endfacet
  facet normal -0.9951847266721949 -0.09801714032958111 8.262269669374191e-19
    outer loop
      vertex 82.38170428733467 -0.3218990313266116 -16.45
      vertex 82.35 0 -14.25
      vertex 82.35 0 -16.45
    endloop
  endfacet
  facet normal -0.881921264348355 -0.47139673682599764 0
    outer loop
      vertex 82.6280751397008 -0.9166908844823436 -16.45
      vertex 82.6280751397008 -0.9166908844823436 -14.25
      vertex 82.47559877135637 -0.6314276634023981 -14.25
    endloop
  endfacet
  facet normal -0.956940335732212 -0.29028467725445156 0
    outer loop
      vertex 82.47559877135637 -0.6314276634023981 -16.45
      vertex 82.47559877135637 -0.6314276634023981 -14.25
      vertex 82.38170428733467 -0.3218990313266116 -14.25
    endloop
  endfacet
  facet normal -0.9951847266721949 -0.09801714032958111 0
    outer loop
      vertex 82.38170428733467 -0.3218990313266116 -16.45
      vertex 82.38170428733467 -0.3218990313266116 -14.25
      vertex 82.35 0 -14.25
    endloop
  endfacet
  facet normal 0 0 1
    outer loop
      vertex 82.83327381104219 -1.1667261889578033 -14.25
      vertex 82.6280751397008 0.9166908844823436 -14.25
      vertex 82.6280751397008 -0.9166908844823436 -14.25
    endloop
  endfacet
  facet normal 0 0 1
    outer loop
      vertex 82.6280751397008 -0.9166908844823436 -14.25
      vertex 82.47559877135637 0.6314276634023981 -14.25
      vertex 82.47559877135637 -0.6314276634023981 -14.25
    endloop
  endfacet
  facet normal 0 0 1
    outer loop
      vertex 82.47559877135637 -0.6314276634023981 -14.25
      vertex 82.38170428733467 0.3218990313266116 -14.25
      vertex 82.38170428733467 -0.3218990313266116 -14.25
    endloop
  endfacet
  facet normal -0.29028467725446605 -0.9569403357322077 0
    outer loop
      vertex 83.36857233659761 -1.524401228643623 -18.95
      vertex 83.67810096867339 -1.6182957126653301 -18.95
      vertex 83.36857233659761 -1.524401228643623 -17.25
    endloop
  endfacet
  facet normal -0.09801714032956148 -0.9951847266721968 3.1522132152040587e-19
    outer loop
      vertex 84 -1.65 -18.95
      vertex 83.67810096867339 -1.6182957126653301 -17.25
      vertex 83.67810096867339 -1.6182957126653301 -18.95
    endloop
  endfacet
  facet normal -0.47139673682598104 -0.8819212643483639 -5.1750242303296315e-18
    outer loop
      vertex 83.36857233659761 -1.524401228643623 -18.95
      vertex 83.08330911551765 -1.3719248602991996 -17.25
      vertex 83.08330911551765 -1.3719248602991996 -18.95
    endloop
  endfacet
  facet normal -0.6343932841636445 -0.7730104533627377 3.372496441699369e-19
    outer loop
      vertex 83.08330911551765 -1.3719248602991996 -18.95
      vertex 82.83327381104219 -1.1667261889578033 -17.25
      vertex 82.83327381104219 -1.1667261889578033 -18.95
    endloop
  endfacet
  facet normal 0.09801714032956148 -0.9951847266721968 0
    outer loop
      vertex 84 -1.65 -18.95
      vertex 84.32189903132661 -1.6182957126653301 -18.95
      vertex 84 -1.65 -17.25
    endloop
  endfacet
  facet normal 0.29028467725446605 -0.9569403357322077 0
    outer loop
      vertex 84.32189903132661 -1.6182957126653301 -18.95
      vertex 84.63142766340239 -1.524401228643623 -18.95
      vertex 84.32189903132661 -1.6182957126653301 -17.25
    endloop
  endfacet
  facet normal 0.47139673682598104 -0.8819212643483639 0
    outer loop
      vertex 84.63142766340239 -1.524401228643623 -18.95
      vertex 84.91669088448235 -1.3719248602991996 -18.95
      vertex 84.63142766340239 -1.524401228643623 -17.25
    endloop
  endfacet
  facet normal 0.6343932841636445 -0.7730104533627377 0
    outer loop
      vertex 84.91669088448235 -1.3719248602991996 -18.95
      vertex 85.16672618895781 -1.1667261889578033 -18.95
      vertex 84.91669088448235 -1.3719248602991996 -17.25
    endloop
  endfacet
  facet normal 0.7730104533627427 -0.6343932841636386 0
    outer loop
      vertex 85.16672618895781 -1.1667261889578033 -18.95
      vertex 85.3719248602992 -0.9166908844823436 -18.95
      vertex 85.16672618895781 -1.1667261889578033 -17.25
    endloop
  endfacet
  facet normal 0.881921264348355 -0.47139673682599764 0
    outer loop
      vertex 85.3719248602992 -0.9166908844823436 -18.95
      vertex 85.52440122864363 -0.6314276634023981 -18.95
      vertex 85.3719248602992 -0.9166908844823436 -17.25
    endloop
  endfacet
  facet normal 0.9569403357322122 -0.2902846772544516 0
    outer loop
      vertex 85.52440122864363 -0.6314276634023981 -18.95
      vertex 85.61829571266533 -0.3218990313266116 -18.95
      vertex 85.52440122864363 -0.6314276634023981 -17.25
    endloop
  endfacet
  facet normal 0.995184726672195 -0.09801714032958113 0
    outer loop
      vertex 85.61829571266533 -0.3218990313266116 -18.95
      vertex 85.65 0 -18.95
      vertex 85.61829571266533 -0.3218990313266116 -17.25
    endloop
  endfacet
  facet normal -0.29028467725446605 -0.9569403357322077 0
    outer loop
      vertex 83.67810096867339 -1.6182957126653301 -18.95
      vertex 83.67810096867339 -1.6182957126653301 -17.25
      vertex 83.36857233659761 -1.524401228643623 -17.25
    endloop
  endfacet
  facet normal -0.09801714032956148 -0.9951847266721968 0
    outer loop
      vertex 84 -1.65 -18.95
      vertex 84 -1.65 -17.25
      vertex 83.67810096867339 -1.6182957126653301 -17.25
    endloop
  endfacet
  facet normal -0.6343932841636445 -0.7730104533627377 0
    outer loop
      vertex 83.08330911551765 -1.3719248602991996 -18.95
      vertex 83.08330911551765 -1.3719248602991996 -17.25
      vertex 82.83327381104219 -1.1667261889578033 -17.25
    endloop
  endfacet
  facet normal -0.47139673682598104 -0.8819212643483639 0
    outer loop
      vertex 83.36857233659761 -1.524401228643623 -18.95
      vertex 83.36857233659761 -1.524401228643623 -17.25
      vertex 83.08330911551765 -1.3719248602991996 -17.25
    endloop
  endfacet
  facet normal -0.7730104533627427 -0.6343932841636386 0
    outer loop
      vertex 82.83327381104219 -1.1667261889578033 -18.95
      vertex 82.83327381104219 -1.1667261889578033 -17.25
      vertex 82.6280751397008 -0.9166908844823436 -17.25
    endloop
  endfacet
  facet normal 0.09801714032956148 -0.9951847266721968 0
    outer loop
      vertex 84.32189903132661 -1.6182957126653301 -18.95
      vertex 84.32189903132661 -1.6182957126653301 -17.25
      vertex 84 -1.65 -17.25
    endloop
  endfacet
  facet normal 0.29028467725446605 -0.9569403357322077 0
    outer loop
      vertex 84.63142766340239 -1.524401228643623 -18.95
      vertex 84.63142766340239 -1.524401228643623 -17.25
      vertex 84.32189903132661 -1.6182957126653301 -17.25
    endloop
  endfacet
  facet normal 0.47139673682598104 -0.8819212643483639 0
    outer loop
      vertex 84.91669088448235 -1.3719248602991996 -18.95
      vertex 84.91669088448235 -1.3719248602991996 -17.25
      vertex 84.63142766340239 -1.524401228643623 -17.25
    endloop
  endfacet
  facet normal 0.6343932841636445 -0.7730104533627377 0
    outer loop
      vertex 85.16672618895781 -1.1667261889578033 -18.95
      vertex 85.16672618895781 -1.1667261889578033 -17.25
      vertex 84.91669088448235 -1.3719248602991996 -17.25
    endloop
  endfacet
  facet normal 0.7730104533627427 -0.6343932841636386 0
    outer loop
      vertex 85.3719248602992 -0.9166908844823436 -18.95
      vertex 85.3719248602992 -0.9166908844823436 -17.25
      vertex 85.16672618895781 -1.1667261889578033 -17.25
    endloop
  endfacet
  facet normal 0.881921264348355 -0.47139673682599764 0
    outer loop
      vertex 85.52440122864363 -0.6314276634023981 -18.95
      vertex 85.52440122864363 -0.6314276634023981 -17.25
      vertex 85.3719248602992 -0.9166908844823436 -17.25
    endloop
  endfacet
  facet normal 0.9569403357322122 -0.2902846772544516 0
    outer loop
      vertex 85.61829571266533 -0.3218990313266116 -18.95
      vertex 85.61829571266533 -0.3218990313266116 -17.25
      vertex 85.52440122864363 -0.6314276634023981 -17.25
    endloop
  endfacet
  facet normal 0.995184726672195 -0.09801714032958113 -1.0692348983896014e-18
    outer loop
      vertex 85.61829571266533 -0.3218990313266116 -17.25
      vertex 85.65 0 -18.95
      vertex 85.65 0 -17.25
    endloop
  endfacet
  facet normal -0.29028467725446605 -0.9569403357322077 0
    outer loop
      vertex 83.36857233659761 -1.524401228643623 -16.45
      vertex 83.67810096867339 -1.6182957126653301 -16.45
      vertex 83.36857233659761 -1.524401228643623 -14.25
    endloop
  endfacet
  facet normal -0.09801714032956149 -0.9951847266721967 2.4358011208394994e-19
    outer loop
      vertex 84 -1.65 -16.45
      vertex 83.67810096867339 -1.6182957126653301 -14.25
      vertex 83.67810096867339 -1.6182957126653301 -16.45
    endloop
  endfacet
  facet normal -0.4713967368259811 -0.8819212643483639 -3.99888235980017e-18
    outer loop
      vertex 83.36857233659761 -1.524401228643623 -16.45
      vertex 83.08330911551765 -1.3719248602991996 -14.25
      vertex 83.08330911551765 -1.3719248602991996 -16.45
    endloop
  endfacet
  facet normal -0.6343932841636446 -0.7730104533627378 2.606019977676785e-19
    outer loop
      vertex 83.08330911551765 -1.3719248602991996 -16.45
      vertex 82.83327381104219 -1.1667261889578033 -14.25
      vertex 82.83327381104219 -1.1667261889578033 -16.45
    endloop
  endfacet
  facet normal 0.09801714032956149 -0.9951847266721967 0
    outer loop
      vertex 84 -1.65 -16.45
      vertex 84.32189903132661 -1.6182957126653301 -16.45
      vertex 84 -1.65 -14.25
    endloop
  endfacet
  facet normal 0.29028467725446605 -0.9569403357322077 0
    outer loop
      vertex 84.32189903132661 -1.6182957126653301 -16.45
      vertex 84.63142766340239 -1.524401228643623 -16.45
      vertex 84.32189903132661 -1.6182957126653301 -14.25
    endloop
  endfacet
  facet normal 0.4713967368259811 -0.8819212643483639 0
    outer loop
      vertex 84.63142766340239 -1.524401228643623 -16.45
      vertex 84.91669088448235 -1.3719248602991996 -16.45
      vertex 84.63142766340239 -1.524401228643623 -14.25
    endloop
  endfacet
  facet normal 0.6343932841636446 -0.7730104533627378 0
    outer loop
      vertex 84.91669088448235 -1.3719248602991996 -16.45
      vertex 85.16672618895781 -1.1667261889578033 -16.45
      vertex 84.91669088448235 -1.3719248602991996 -14.25
    endloop
  endfacet
  facet normal 0.7730104533627427 -0.6343932841636386 0
    outer loop
      vertex 85.16672618895781 -1.1667261889578033 -16.45
      vertex 85.3719248602992 -0.9166908844823436 -16.45
      vertex 85.16672618895781 -1.1667261889578033 -14.25
    endloop
  endfacet
  facet normal 0.881921264348355 -0.47139673682599764 0
    outer loop
      vertex 85.3719248602992 -0.9166908844823436 -16.45
      vertex 85.52440122864363 -0.6314276634023981 -16.45
      vertex 85.3719248602992 -0.9166908844823436 -14.25
    endloop
  endfacet
  facet normal 0.956940335732212 -0.29028467725445156 0
    outer loop
      vertex 85.52440122864363 -0.6314276634023981 -16.45
      vertex 85.61829571266533 -0.3218990313266116 -16.45
      vertex 85.52440122864363 -0.6314276634023981 -14.25
    endloop
  endfacet
  facet normal 0.9951847266721949 -0.09801714032958111 0
    outer loop
      vertex 85.61829571266533 -0.3218990313266116 -16.45
      vertex 85.65 0 -16.45
      vertex 85.61829571266533 -0.3218990313266116 -14.25
    endloop
  endfacet
  facet normal -0.29028467725446605 -0.9569403357322077 0
    outer loop
      vertex 83.67810096867339 -1.6182957126653301 -16.45
      vertex 83.67810096867339 -1.6182957126653301 -14.25
      vertex 83.36857233659761 -1.524401228643623 -14.25
    endloop
  endfacet
  facet normal -0.09801714032956149 -0.9951847266721967 0
    outer loop
      vertex 84 -1.65 -16.45
      vertex 84 -1.65 -14.25
      vertex 83.67810096867339 -1.6182957126653301 -14.25
    endloop
  endfacet
  facet normal -0.6343932841636446 -0.7730104533627378 0
    outer loop
      vertex 83.08330911551765 -1.3719248602991996 -16.45
      vertex 83.08330911551765 -1.3719248602991996 -14.25
      vertex 82.83327381104219 -1.1667261889578033 -14.25
    endloop
  endfacet
  facet normal -0.4713967368259811 -0.8819212643483639 0
    outer loop
      vertex 83.36857233659761 -1.524401228643623 -16.45
      vertex 83.36857233659761 -1.524401228643623 -14.25
      vertex 83.08330911551765 -1.3719248602991996 -14.25
    endloop
  endfacet
  facet normal -0.7730104533627427 -0.6343932841636386 0
    outer loop
      vertex 82.83327381104219 -1.1667261889578033 -16.45
      vertex 82.83327381104219 -1.1667261889578033 -14.25
      vertex 82.6280751397008 -0.9166908844823436 -14.25
    endloop
  endfacet
  facet normal 0.09801714032956149 -0.9951847266721967 0
    outer loop
      vertex 84.32189903132661 -1.6182957126653301 -16.45
      vertex 84.32189903132661 -1.6182957126653301 -14.25
      vertex 84 -1.65 -14.25
    endloop
  endfacet
  facet normal 0.29028467725446605 -0.9569403357322077 0
    outer loop
      vertex 84.63142766340239 -1.524401228643623 -16.45
      vertex 84.63142766340239 -1.524401228643623 -14.25
      vertex 84.32189903132661 -1.6182957126653301 -14.25
    endloop
  endfacet
  facet normal 0.4713967368259811 -0.8819212643483639 0
    outer loop
      vertex 84.91669088448235 -1.3719248602991996 -16.45
      vertex 84.91669088448235 -1.3719248602991996 -14.25
      vertex 84.63142766340239 -1.524401228643623 -14.25
    endloop
  endfacet
  facet normal 0 0 1
    outer loop
      vertex 83.36857233659761 -1.524401228643623 -14.25
      vertex 83.08330911551765 1.3719248602991996 -14.25
      vertex 83.08330911551765 -1.3719248602991996 -14.25
    endloop
  endfacet
  facet normal 0 0 1
    outer loop
      vertex 83.36857233659761 -1.524401228643623 -14.25
      vertex 83.67810096867339 -1.6182957126653301 -14.25
      vertex 83.36857233659761 1.524401228643623 -14.25
    endloop
  endfacet
  facet normal 0 0 1
    outer loop
      vertex 84 -1.65 -14.25
      vertex 83.67810096867339 1.6182957126653301 -14.25
      vertex 83.67810096867339 -1.6182957126653301 -14.25
    endloop
  endfacet
  facet normal 0 0 1
    outer loop
      vertex 83.08330911551765 -1.3719248602991996 -14.25
      vertex 82.83327381104219 1.1667261889578033 -14.25
      vertex 82.83327381104219 -1.1667261889578033 -14.25
    endloop
  endfacet
  facet normal 0 0 1
    outer loop
      vertex 84 -1.65 -14.25
      vertex 84.32189903132661 -1.6182957126653301 -14.25
      vertex 84 1.65 -14.25
    endloop
  endfacet
  facet normal 0 0 1
    outer loop
      vertex 84.32189903132661 -1.6182957126653301 -14.25
      vertex 84.63142766340239 -1.524401228643623 -14.25
      vertex 84.32189903132661 1.6182957126653301 -14.25
    endloop
  endfacet
  facet normal 0 0 1
    outer loop
      vertex 84.63142766340239 -1.524401228643623 -14.25
      vertex 84.91669088448235 -1.3719248602991996 -14.25
      vertex 84.63142766340239 1.524401228643623 -14.25
    endloop
  endfacet
  facet normal 0 0 1
    outer loop
      vertex 84.91669088448235 -1.3719248602991996 -14.25
      vertex 85.16672618895781 -1.1667261889578033 -14.25
      vertex 84.91669088448235 1.3719248602991996 -14.25
    endloop
  endfacet
  facet normal 0.6343932841636446 -0.7730104533627378 0
    outer loop
      vertex 85.16672618895781 -1.1667261889578033 -16.45
      vertex 85.16672618895781 -1.1667261889578033 -14.25
      vertex 84.91669088448235 -1.3719248602991996 -14.25
    endloop
  endfacet
  facet normal 0.7730104533627427 -0.6343932841636386 2.48648385914761e-18
    outer loop
      vertex 85.16672618895781 -1.1667261889578033 -14.25
      vertex 85.3719248602992 -0.9166908844823436 -16.45
      vertex 85.3719248602992 -0.9166908844823436 -14.25
    endloop
  endfacet
  facet normal 0.881921264348355 -0.47139673682599764 0
    outer loop
      vertex 85.52440122864363 -0.6314276634023981 -16.45
      vertex 85.52440122864363 -0.6314276634023981 -14.25
      vertex 85.3719248602992 -0.9166908844823436 -14.25
    endloop
  endfacet
  facet normal 0.956940335732212 -0.29028467725445156 0
    outer loop
      vertex 85.61829571266533 -0.3218990313266116 -16.45
      vertex 85.61829571266533 -0.3218990313266116 -14.25
      vertex 85.52440122864363 -0.6314276634023981 -14.25
    endloop
  endfacet
  facet normal 0.9951847266721949 -0.09801714032958111 -8.262269669374191e-19
    outer loop
      vertex 85.61829571266533 -0.3218990313266116 -14.25
      vertex 85.65 0 -16.45
      vertex 85.65 0 -14.25
    endloop
  endfacet
  facet normal 0 0 1
    outer loop
      vertex 85.16672618895781 -1.1667261889578033 -14.25
      vertex 85.3719248602992 -0.9166908844823436 -14.25
      vertex 85.16672618895781 1.1667261889578033 -14.25
    endloop
  endfacet
  facet normal 0 0 1
    outer loop
      vertex 85.3719248602992 -0.9166908844823436 -14.25
      vertex 85.52440122864363 -0.6314276634023981 -14.25
      vertex 85.3719248602992 0.9166908844823436 -14.25
    endloop
  endfacet
  facet normal 0 0 1
    outer loop
      vertex 85.52440122864363 -0.6314276634023981 -14.25
      vertex 85.61829571266533 -0.3218990313266116 -14.25
      vertex 85.52440122864363 0.6314276634023981 -14.25
    endloop
  endfacet
  facet normal -0.9951847266721948 0.09801714032958111 0
    outer loop
      vertex 82.35 0 -19.75
      vertex 82.38170428733467 0.3218990313266116 -22.2
      vertex 82.35 0 -22.2
    endloop
  endfacet
  facet normal -0.9569403357322122 0.2902846772544516 0
    outer loop
      vertex 82.38170428733467 0.3218990313266116 -19.75
      vertex 82.47559877135637 0.6314276634023981 -22.2
      vertex 82.38170428733467 0.3218990313266116 -22.2
    endloop
  endfacet
  facet normal -0.8819212643483552 0.4713967368259977 0
    outer loop
      vertex 82.47559877135637 0.6314276634023981 -19.75
      vertex 82.6280751397008 0.9166908844823436 -22.2
      vertex 82.47559877135637 0.6314276634023981 -22.2
    endloop
  endfacet
  facet normal -0.7730104533627427 0.6343932841636386 0
    outer loop
      vertex 82.6280751397008 0.9166908844823436 -19.75
      vertex 82.83327381104219 1.1667261889578033 -22.2
      vertex 82.6280751397008 0.9166908844823436 -22.2
    endloop
  endfacet
  facet normal -0.9951847266721948 0.09801714032958111 -7.419180927601315e-19
    outer loop
      vertex 82.35 0 -19.75
      vertex 82.38170428733467 0.3218990313266116 -19.75
      vertex 82.38170428733467 0.3218990313266116 -22.2
    endloop
  endfacet
  facet normal -0.9569403357322122 0.2902846772544516 -7.275792874919467e-19
    outer loop
      vertex 82.38170428733467 0.3218990313266116 -19.75
      vertex 82.47559877135637 0.6314276634023981 -19.75
      vertex 82.47559877135637 0.6314276634023981 -22.2
    endloop
  endfacet
  facet normal -0.8819212643483552 0.4713967368259977 3.624634578176181e-18
    outer loop
      vertex 82.47559877135637 0.6314276634023981 -19.75
      vertex 82.6280751397008 0.9166908844823436 -19.75
      vertex 82.6280751397008 0.9166908844823436 -22.2
    endloop
  endfacet
  facet normal -0.6343932841636445 0.7730104533627377 0
    outer loop
      vertex 82.83327381104219 1.1667261889578033 -19.75
      vertex 83.08330911551765 1.3719248602991996 -22.2
      vertex 82.83327381104219 1.1667261889578033 -22.2
    endloop
  endfacet
  facet normal -0.4713967368259811 0.8819212643483639 0
    outer loop
      vertex 83.08330911551765 1.3719248602991996 -19.75
      vertex 83.36857233659761 1.524401228643623 -22.2
      vertex 83.08330911551765 1.3719248602991996 -22.2
    endloop
  endfacet
  facet normal -0.29028467725446605 0.9569403357322078 0
    outer loop
      vertex 83.36857233659761 1.524401228643623 -19.75
      vertex 83.67810096867339 1.6182957126653301 -22.2
      vertex 83.36857233659761 1.524401228643623 -22.2
    endloop
  endfacet
  facet normal -0.09801714032956149 0.9951847266721967 0
    outer loop
      vertex 83.67810096867339 1.6182957126653301 -19.75
      vertex 84 1.65 -22.2
      vertex 83.67810096867339 1.6182957126653301 -22.2
    endloop
  endfacet
  facet normal 0.4713967368259811 0.8819212643483639 0
    outer loop
      vertex 84.63142766340239 1.524401228643623 -19.75
      vertex 84.91669088448235 1.3719248602991996 -22.2
      vertex 84.63142766340239 1.524401228643623 -22.2
    endloop
  endfacet
  facet normal 0.6343932841636445 0.7730104533627377 0
    outer loop
      vertex 84.91669088448235 1.3719248602991996 -19.75
      vertex 85.16672618895781 1.1667261889578033 -22.2
      vertex 84.91669088448235 1.3719248602991996 -22.2
    endloop
  endfacet
  facet normal 0.09801714032956149 0.9951847266721967 0
    outer loop
      vertex 84 1.65 -19.75
      vertex 84.32189903132661 1.6182957126653301 -22.2
      vertex 84 1.65 -22.2
    endloop
  endfacet
  facet normal 0.29028467725446605 0.9569403357322078 0
    outer loop
      vertex 84.32189903132661 1.6182957126653301 -19.75
      vertex 84.63142766340239 1.524401228643623 -22.2
      vertex 84.32189903132661 1.6182957126653301 -22.2
    endloop
  endfacet
  facet normal 0.9951847266721948 0.09801714032958111 0
    outer loop
      vertex 85.61829571266533 0.3218990313266116 -19.75
      vertex 85.65 0 -22.2
      vertex 85.61829571266533 0.3218990313266116 -22.2
    endloop
  endfacet
  facet normal 0.9569403357322122 0.2902846772544516 0
    outer loop
      vertex 85.52440122864363 0.6314276634023981 -19.75
      vertex 85.61829571266533 0.3218990313266116 -22.2
      vertex 85.52440122864363 0.6314276634023981 -22.2
    endloop
  endfacet
  facet normal 0.8819212643483552 0.4713967368259977 0
    outer loop
      vertex 85.3719248602992 0.9166908844823436 -19.75
      vertex 85.52440122864363 0.6314276634023981 -22.2
      vertex 85.3719248602992 0.9166908844823436 -22.2
    endloop
  endfacet
  facet normal 0.7730104533627427 0.6343932841636386 0
    outer loop
      vertex 85.16672618895781 1.1667261889578033 -19.75
      vertex 85.3719248602992 0.9166908844823436 -22.2
      vertex 85.16672618895781 1.1667261889578033 -22.2
    endloop
  endfacet
  facet normal -0.7730104533627427 0.6343932841636386 2.2327610163774457e-18
    outer loop
      vertex 82.6280751397008 0.9166908844823436 -19.75
      vertex 82.83327381104219 1.1667261889578033 -19.75
      vertex 82.83327381104219 1.1667261889578033 -22.2
    endloop
  endfacet
  facet normal -0.6343932841636445 0.7730104533627377 -2.3400995717913983e-19
    outer loop
      vertex 82.83327381104219 1.1667261889578033 -19.75
      vertex 83.08330911551765 1.3719248602991996 -19.75
      vertex 83.08330911551765 1.3719248602991996 -22.2
    endloop
  endfacet
  facet normal -0.4713967368259811 0.8819212643483639 3.5908331394123974e-18
    outer loop
      vertex 83.08330911551765 1.3719248602991996 -19.75
      vertex 83.36857233659761 1.524401228643623 -19.75
      vertex 83.36857233659761 1.524401228643623 -22.2
    endloop
  endfacet
  facet normal -0.29028467725446605 0.9569403357322078 1.841601589575208e-18
    outer loop
      vertex 83.36857233659761 1.524401228643623 -19.75
      vertex 83.67810096867339 1.6182957126653301 -19.75
      vertex 83.67810096867339 1.6182957126653301 -22.2
    endloop
  endfacet
  facet normal -0.09801714032956149 0.9951847266721967 -2.187249986059959e-19
    outer loop
      vertex 83.67810096867339 1.6182957126653301 -19.75
      vertex 84 1.65 -19.75
      vertex 84 1.65 -22.2
    endloop
  endfacet
  facet normal 0.4713967368259811 0.8819212643483639 0
    outer loop
      vertex 84.91669088448235 1.3719248602991996 -19.75
      vertex 84.91669088448235 1.3719248602991996 -22.2
      vertex 84.63142766340239 1.524401228643623 -19.75
    endloop
  endfacet
  facet normal 0.09801714032956149 0.9951847266721967 2.187249986059959e-19
    outer loop
      vertex 84 1.65 -19.75
      vertex 84.32189903132661 1.6182957126653301 -19.75
      vertex 84.32189903132661 1.6182957126653301 -22.2
    endloop
  endfacet
  facet normal 0.29028467725446605 0.9569403357322078 0
    outer loop
      vertex 84.63142766340239 1.524401228643623 -19.75
      vertex 84.63142766340239 1.524401228643623 -22.2
      vertex 84.32189903132661 1.6182957126653301 -19.75
    endloop
  endfacet
  facet normal 0.9951847266721948 0.09801714032958111 0
    outer loop
      vertex 85.65 0 -19.75
      vertex 85.65 0 -22.2
      vertex 85.61829571266533 0.3218990313266116 -19.75
    endloop
  endfacet
  facet normal 0.9569403357322122 0.2902846772544516 0
    outer loop
      vertex 85.61829571266533 0.3218990313266116 -19.75
      vertex 85.61829571266533 0.3218990313266116 -22.2
      vertex 85.52440122864363 0.6314276634023981 -19.75
    endloop
  endfacet
  facet normal 0.8819212643483552 0.4713967368259977 0
    outer loop
      vertex 85.52440122864363 0.6314276634023981 -19.75
      vertex 85.52440122864363 0.6314276634023981 -22.2
      vertex 85.3719248602992 0.9166908844823436 -19.75
    endloop
  endfacet
  facet normal 0.7730104533627427 0.6343932841636386 0
    outer loop
      vertex 85.3719248602992 0.9166908844823436 -19.75
      vertex 85.3719248602992 0.9166908844823436 -22.2
      vertex 85.16672618895781 1.1667261889578033 -19.75
    endloop
  endfacet
  facet normal 0.6343932841636445 0.7730104533627377 2.3400995717913983e-19
    outer loop
      vertex 84.91669088448235 1.3719248602991996 -19.75
      vertex 85.16672618895781 1.1667261889578033 -19.75
      vertex 85.16672618895781 1.1667261889578033 -22.2
    endloop
  endfacet
  facet normal -0.995184726672195 0.09801714032958113 -1.0692348983896014e-18
    outer loop
      vertex 82.35 0 -18.95
      vertex 82.38170428733467 0.3218990313266116 -17.25
      vertex 82.38170428733467 0.3218990313266116 -18.95
    endloop
  endfacet
  facet normal -0.9569403357322122 0.2902846772544516 -1.0485701496207468e-18
    outer loop
      vertex 82.38170428733467 0.3218990313266116 -18.95
      vertex 82.47559877135637 0.6314276634023981 -17.25
      vertex 82.47559877135637 0.6314276634023981 -18.95
    endloop
  endfacet
  facet normal -0.881921264348355 0.47139673682599764 5.223738068548026e-18
    outer loop
      vertex 82.47559877135637 0.6314276634023981 -18.95
      vertex 82.6280751397008 0.9166908844823436 -17.25
      vertex 82.6280751397008 0.9166908844823436 -18.95
    endloop
  endfacet
  facet normal -0.995184726672195 0.09801714032958113 0
    outer loop
      vertex 82.35 0 -18.95
      vertex 82.35 0 -17.25
      vertex 82.38170428733467 0.3218990313266116 -17.25
    endloop
  endfacet
  facet normal -0.9569403357322122 0.2902846772544516 0
    outer loop
      vertex 82.38170428733467 0.3218990313266116 -18.95
      vertex 82.38170428733467 0.3218990313266116 -17.25
      vertex 82.47559877135637 0.6314276634023981 -17.25
    endloop
  endfacet
  facet normal -0.881921264348355 0.47139673682599764 0
    outer loop
      vertex 82.47559877135637 0.6314276634023981 -18.95
      vertex 82.47559877135637 0.6314276634023981 -17.25
      vertex 82.6280751397008 0.9166908844823436 -17.25
    endloop
  endfacet
  facet normal -0.7730104533627427 0.6343932841636386 0
    outer loop
      vertex 82.6280751397008 0.9166908844823436 -18.95
      vertex 82.6280751397008 0.9166908844823436 -17.25
      vertex 82.83327381104219 1.1667261889578033 -17.25
    endloop
  endfacet
  facet normal -0.9951847266721949 0.09801714032958111 -8.262269669374191e-19
    outer loop
      vertex 82.35 0 -16.45
      vertex 82.38170428733467 0.3218990313266116 -14.25
      vertex 82.38170428733467 0.3218990313266116 -16.45
    endloop
  endfacet
  facet normal -0.956940335732212 0.29028467725445156 -8.102587519796678e-19
    outer loop
      vertex 82.38170428733467 0.3218990313266116 -16.45
      vertex 82.47559877135637 0.6314276634023981 -14.25
      vertex 82.47559877135637 0.6314276634023981 -16.45
    endloop
  endfacet
  facet normal -0.881921264348355 0.47139673682599764 4.036524871150747e-18
    outer loop
      vertex 82.47559877135637 0.6314276634023981 -16.45
      vertex 82.6280751397008 0.9166908844823436 -14.25
      vertex 82.6280751397008 0.9166908844823436 -16.45
    endloop
  endfacet
  facet normal -0.9951847266721949 0.09801714032958111 0
    outer loop
      vertex 82.35 0 -16.45
      vertex 82.35 0 -14.25
      vertex 82.38170428733467 0.3218990313266116 -14.25
    endloop
  endfacet
  facet normal -0.956940335732212 0.29028467725445156 0
    outer loop
      vertex 82.38170428733467 0.3218990313266116 -16.45
      vertex 82.38170428733467 0.3218990313266116 -14.25
      vertex 82.47559877135637 0.6314276634023981 -14.25
    endloop
  endfacet
  facet normal -0.881921264348355 0.47139673682599764 0
    outer loop
      vertex 82.47559877135637 0.6314276634023981 -16.45
      vertex 82.47559877135637 0.6314276634023981 -14.25
      vertex 82.6280751397008 0.9166908844823436 -14.25
    endloop
  endfacet
  facet normal 0 0 1
    outer loop
      vertex 82.38170428733467 -0.3218990313266116 -14.25
      vertex 82.38170428733467 0.3218990313266116 -14.25
      vertex 82.35 0 -14.25
    endloop
  endfacet
  facet normal 0 0 1
    outer loop
      vertex 82.47559877135637 -0.6314276634023981 -14.25
      vertex 82.47559877135637 0.6314276634023981 -14.25
      vertex 82.38170428733467 0.3218990313266116 -14.25
    endloop
  endfacet
  facet normal 0 0 1
    outer loop
      vertex 82.6280751397008 -0.9166908844823436 -14.25
      vertex 82.6280751397008 0.9166908844823436 -14.25
      vertex 82.47559877135637 0.6314276634023981 -14.25
    endloop
  endfacet
  facet normal -0.7730104533627427 0.6343932841636386 0
    outer loop
      vertex 82.6280751397008 0.9166908844823436 -16.45
      vertex 82.6280751397008 0.9166908844823436 -14.25
      vertex 82.83327381104219 1.1667261889578033 -14.25
    endloop
  endfacet
  facet normal -0.7730104533627427 0.6343932841636386 3.2178026412498486e-18
    outer loop
      vertex 82.6280751397008 0.9166908844823436 -18.95
      vertex 82.83327381104219 1.1667261889578033 -17.25
      vertex 82.83327381104219 1.1667261889578033 -18.95
    endloop
  endfacet
  facet normal -0.6343932841636445 0.7730104533627377 -3.372496441699369e-19
    outer loop
      vertex 82.83327381104219 1.1667261889578033 -18.95
      vertex 83.08330911551765 1.3719248602991996 -17.25
      vertex 83.08330911551765 1.3719248602991996 -18.95
    endloop
  endfacet
  facet normal -0.47139673682598104 0.8819212643483639 5.1750242303296315e-18
    outer loop
      vertex 83.08330911551765 1.3719248602991996 -18.95
      vertex 83.36857233659761 1.524401228643623 -17.25
      vertex 83.36857233659761 1.524401228643623 -18.95
    endloop
  endfacet
  facet normal -0.29028467725446605 0.9569403357322077 2.6540728790936823e-18
    outer loop
      vertex 83.36857233659761 1.524401228643623 -18.95
      vertex 83.67810096867339 1.6182957126653301 -17.25
      vertex 83.67810096867339 1.6182957126653301 -18.95
    endloop
  endfacet
  facet normal -0.09801714032956148 0.9951847266721968 -3.1522132152040587e-19
    outer loop
      vertex 83.67810096867339 1.6182957126653301 -18.95
      vertex 84 1.65 -17.25
      vertex 84 1.65 -18.95
    endloop
  endfacet
  facet normal 0.47139673682598104 0.8819212643483639 0
    outer loop
      vertex 84.91669088448235 1.3719248602991996 -18.95
      vertex 84.63142766340239 1.524401228643623 -18.95
      vertex 84.91669088448235 1.3719248602991996 -17.25
    endloop
  endfacet
  facet normal 0.09801714032956148 0.9951847266721968 3.1522132152040587e-19
    outer loop
      vertex 84 1.65 -18.95
      vertex 84.32189903132661 1.6182957126653301 -17.25
      vertex 84.32189903132661 1.6182957126653301 -18.95
    endloop
  endfacet
  facet normal 0.29028467725446605 0.9569403357322077 0
    outer loop
      vertex 84.63142766340239 1.524401228643623 -18.95
      vertex 84.32189903132661 1.6182957126653301 -18.95
      vertex 84.63142766340239 1.524401228643623 -17.25
    endloop
  endfacet
  facet normal 0.995184726672195 0.09801714032958113 0
    outer loop
      vertex 85.65 0 -18.95
      vertex 85.61829571266533 0.3218990313266116 -18.95
      vertex 85.65 0 -17.25
    endloop
  endfacet
  facet normal 0.9569403357322122 0.2902846772544516 0
    outer loop
      vertex 85.61829571266533 0.3218990313266116 -18.95
      vertex 85.52440122864363 0.6314276634023981 -18.95
      vertex 85.61829571266533 0.3218990313266116 -17.25
    endloop
  endfacet
  facet normal 0.881921264348355 0.47139673682599764 0
    outer loop
      vertex 85.52440122864363 0.6314276634023981 -18.95
      vertex 85.3719248602992 0.9166908844823436 -18.95
      vertex 85.52440122864363 0.6314276634023981 -17.25
    endloop
  endfacet
  facet normal 0.7730104533627427 0.6343932841636386 0
    outer loop
      vertex 85.3719248602992 0.9166908844823436 -18.95
      vertex 85.16672618895781 1.1667261889578033 -18.95
      vertex 85.3719248602992 0.9166908844823436 -17.25
    endloop
  endfacet
  facet normal 0.6343932841636445 0.7730104533627377 3.372496441699369e-19
    outer loop
      vertex 84.91669088448235 1.3719248602991996 -18.95
      vertex 85.16672618895781 1.1667261889578033 -17.25
      vertex 85.16672618895781 1.1667261889578033 -18.95
    endloop
  endfacet
  facet normal -0.6343932841636445 0.7730104533627377 0
    outer loop
      vertex 82.83327381104219 1.1667261889578033 -18.95
      vertex 82.83327381104219 1.1667261889578033 -17.25
      vertex 83.08330911551765 1.3719248602991996 -17.25
    endloop
  endfacet
  facet normal -0.47139673682598104 0.8819212643483639 0
    outer loop
      vertex 83.08330911551765 1.3719248602991996 -18.95
      vertex 83.08330911551765 1.3719248602991996 -17.25
      vertex 83.36857233659761 1.524401228643623 -17.25
    endloop
  endfacet
  facet normal -0.29028467725446605 0.9569403357322077 0
    outer loop
      vertex 83.36857233659761 1.524401228643623 -18.95
      vertex 83.36857233659761 1.524401228643623 -17.25
      vertex 83.67810096867339 1.6182957126653301 -17.25
    endloop
  endfacet
  facet normal -0.09801714032956148 0.9951847266721968 0
    outer loop
      vertex 83.67810096867339 1.6182957126653301 -18.95
      vertex 83.67810096867339 1.6182957126653301 -17.25
      vertex 84 1.65 -17.25
    endloop
  endfacet
  facet normal 0.47139673682598104 0.8819212643483639 0
    outer loop
      vertex 84.63142766340239 1.524401228643623 -18.95
      vertex 84.63142766340239 1.524401228643623 -17.25
      vertex 84.91669088448235 1.3719248602991996 -17.25
    endloop
  endfacet
  facet normal 0.6343932841636445 0.7730104533627377 0
    outer loop
      vertex 84.91669088448235 1.3719248602991996 -18.95
      vertex 84.91669088448235 1.3719248602991996 -17.25
      vertex 85.16672618895781 1.1667261889578033 -17.25
    endloop
  endfacet
  facet normal 0.09801714032956148 0.9951847266721968 0
    outer loop
      vertex 84 1.65 -18.95
      vertex 84 1.65 -17.25
      vertex 84.32189903132661 1.6182957126653301 -17.25
    endloop
  endfacet
  facet normal 0.29028467725446605 0.9569403357322077 0
    outer loop
      vertex 84.32189903132661 1.6182957126653301 -18.95
      vertex 84.32189903132661 1.6182957126653301 -17.25
      vertex 84.63142766340239 1.524401228643623 -17.25
    endloop
  endfacet
  facet normal 0.995184726672195 0.09801714032958113 0
    outer loop
      vertex 85.61829571266533 0.3218990313266116 -18.95
      vertex 85.61829571266533 0.3218990313266116 -17.25
      vertex 85.65 0 -17.25
    endloop
  endfacet
  facet normal 0.9569403357322122 0.2902846772544516 0
    outer loop
      vertex 85.52440122864363 0.6314276634023981 -18.95
      vertex 85.52440122864363 0.6314276634023981 -17.25
      vertex 85.61829571266533 0.3218990313266116 -17.25
    endloop
  endfacet
  facet normal 0.881921264348355 0.47139673682599764 0
    outer loop
      vertex 85.3719248602992 0.9166908844823436 -18.95
      vertex 85.3719248602992 0.9166908844823436 -17.25
      vertex 85.52440122864363 0.6314276634023981 -17.25
    endloop
  endfacet
  facet normal 0.7730104533627427 0.6343932841636386 0
    outer loop
      vertex 85.16672618895781 1.1667261889578033 -18.95
      vertex 85.16672618895781 1.1667261889578033 -17.25
      vertex 85.3719248602992 0.9166908844823436 -17.25
    endloop
  endfacet
  facet normal -0.7730104533627427 0.6343932841636386 2.48648385914761e-18
    outer loop
      vertex 82.6280751397008 0.9166908844823436 -16.45
      vertex 82.83327381104219 1.1667261889578033 -14.25
      vertex 82.83327381104219 1.1667261889578033 -16.45
    endloop
  endfacet
  facet normal -0.6343932841636446 0.7730104533627378 -2.606019977676785e-19
    outer loop
      vertex 82.83327381104219 1.1667261889578033 -16.45
      vertex 83.08330911551765 1.3719248602991996 -14.25
      vertex 83.08330911551765 1.3719248602991996 -16.45
    endloop
  endfacet
  facet normal -0.4713967368259811 0.8819212643483639 3.99888235980017e-18
    outer loop
      vertex 83.08330911551765 1.3719248602991996 -16.45
      vertex 83.36857233659761 1.524401228643623 -14.25
      vertex 83.36857233659761 1.524401228643623 -16.45
    endloop
  endfacet
  facet normal -0.29028467725446605 0.9569403357322077 2.0508744974814816e-18
    outer loop
      vertex 83.36857233659761 1.524401228643623 -16.45
      vertex 83.67810096867339 1.6182957126653301 -14.25
      vertex 83.67810096867339 1.6182957126653301 -16.45
    endloop
  endfacet
  facet normal -0.09801714032956149 0.9951847266721967 -2.4358011208394994e-19
    outer loop
      vertex 83.67810096867339 1.6182957126653301 -16.45
      vertex 84 1.65 -14.25
      vertex 84 1.65 -16.45
    endloop
  endfacet
  facet normal 0.4713967368259811 0.8819212643483639 0
    outer loop
      vertex 84.91669088448235 1.3719248602991996 -16.45
      vertex 84.63142766340239 1.524401228643623 -16.45
      vertex 84.91669088448235 1.3719248602991996 -14.25
    endloop
  endfacet
  facet normal 0.09801714032956149 0.9951847266721967 2.4358011208394994e-19
    outer loop
      vertex 84 1.65 -16.45
      vertex 84.32189903132661 1.6182957126653301 -14.25
      vertex 84.32189903132661 1.6182957126653301 -16.45
    endloop
  endfacet
  facet normal 0.29028467725446605 0.9569403357322077 0
    outer loop
      vertex 84.63142766340239 1.524401228643623 -16.45
      vertex 84.32189903132661 1.6182957126653301 -16.45
      vertex 84.63142766340239 1.524401228643623 -14.25
    endloop
  endfacet
  facet normal 0.9951847266721949 0.09801714032958111 0
    outer loop
      vertex 85.65 0 -16.45
      vertex 85.61829571266533 0.3218990313266116 -16.45
      vertex 85.65 0 -14.25
    endloop
  endfacet
  facet normal 0.956940335732212 0.29028467725445156 0
    outer loop
      vertex 85.61829571266533 0.3218990313266116 -16.45
      vertex 85.52440122864363 0.6314276634023981 -16.45
      vertex 85.61829571266533 0.3218990313266116 -14.25
    endloop
  endfacet
  facet normal 0.881921264348355 0.47139673682599764 0
    outer loop
      vertex 85.52440122864363 0.6314276634023981 -16.45
      vertex 85.3719248602992 0.9166908844823436 -16.45
      vertex 85.52440122864363 0.6314276634023981 -14.25
    endloop
  endfacet
  facet normal 0.7730104533627427 0.6343932841636386 0
    outer loop
      vertex 85.3719248602992 0.9166908844823436 -16.45
      vertex 85.16672618895781 1.1667261889578033 -16.45
      vertex 85.3719248602992 0.9166908844823436 -14.25
    endloop
  endfacet
  facet normal 0.6343932841636446 0.7730104533627378 2.606019977676785e-19
    outer loop
      vertex 84.91669088448235 1.3719248602991996 -16.45
      vertex 85.16672618895781 1.1667261889578033 -14.25
      vertex 85.16672618895781 1.1667261889578033 -16.45
    endloop
  endfacet
  facet normal 0 0 1
    outer loop
      vertex 82.83327381104219 -1.1667261889578033 -14.25
      vertex 82.83327381104219 1.1667261889578033 -14.25
      vertex 82.6280751397008 0.9166908844823436 -14.25
    endloop
  endfacet
  facet normal 0 0 1
    outer loop
      vertex 83.08330911551765 -1.3719248602991996 -14.25
      vertex 83.08330911551765 1.3719248602991996 -14.25
      vertex 82.83327381104219 1.1667261889578033 -14.25
    endloop
  endfacet
  facet normal 0 0 1
    outer loop
      vertex 83.36857233659761 -1.524401228643623 -14.25
      vertex 83.36857233659761 1.524401228643623 -14.25
      vertex 83.08330911551765 1.3719248602991996 -14.25
    endloop
  endfacet
  facet normal 0 0 1
    outer loop
      vertex 83.67810096867339 -1.6182957126653301 -14.25
      vertex 83.67810096867339 1.6182957126653301 -14.25
      vertex 83.36857233659761 1.524401228643623 -14.25
    endloop
  endfacet
  facet normal 0 0 1
    outer loop
      vertex 84 -1.65 -14.25
      vertex 84 1.65 -14.25
      vertex 83.67810096867339 1.6182957126653301 -14.25
    endloop
  endfacet
  facet normal 0 0 1
    outer loop
      vertex 84.32189903132661 -1.6182957126653301 -14.25
      vertex 84.32189903132661 1.6182957126653301 -14.25
      vertex 84 1.65 -14.25
    endloop
  endfacet
  facet normal 0 0 1
    outer loop
      vertex 84.63142766340239 -1.524401228643623 -14.25
      vertex 84.63142766340239 1.524401228643623 -14.25
      vertex 84.32189903132661 1.6182957126653301 -14.25
    endloop
  endfacet
  facet normal 0 0 1
    outer loop
      vertex 84.91669088448235 -1.3719248602991996 -14.25
      vertex 84.91669088448235 1.3719248602991996 -14.25
      vertex 84.63142766340239 1.524401228643623 -14.25
    endloop
  endfacet
  facet normal -0.6343932841636446 0.7730104533627378 0
    outer loop
      vertex 82.83327381104219 1.1667261889578033 -16.45
      vertex 82.83327381104219 1.1667261889578033 -14.25
      vertex 83.08330911551765 1.3719248602991996 -14.25
    endloop
  endfacet
  facet normal -0.4713967368259811 0.8819212643483639 0
    outer loop
      vertex 83.08330911551765 1.3719248602991996 -16.45
      vertex 83.08330911551765 1.3719248602991996 -14.25
      vertex 83.36857233659761 1.524401228643623 -14.25
    endloop
  endfacet
  facet normal -0.29028467725446605 0.9569403357322077 0
    outer loop
      vertex 83.36857233659761 1.524401228643623 -16.45
      vertex 83.36857233659761 1.524401228643623 -14.25
      vertex 83.67810096867339 1.6182957126653301 -14.25
    endloop
  endfacet
  facet normal -0.09801714032956149 0.9951847266721967 0
    outer loop
      vertex 83.67810096867339 1.6182957126653301 -16.45
      vertex 83.67810096867339 1.6182957126653301 -14.25
      vertex 84 1.65 -14.25
    endloop
  endfacet
  facet normal 0.4713967368259811 0.8819212643483639 0
    outer loop
      vertex 84.63142766340239 1.524401228643623 -16.45
      vertex 84.63142766340239 1.524401228643623 -14.25
      vertex 84.91669088448235 1.3719248602991996 -14.25
    endloop
  endfacet
  facet normal 0.6343932841636446 0.7730104533627378 0
    outer loop
      vertex 84.91669088448235 1.3719248602991996 -16.45
      vertex 84.91669088448235 1.3719248602991996 -14.25
      vertex 85.16672618895781 1.1667261889578033 -14.25
    endloop
  endfacet
  facet normal 0.09801714032956149 0.9951847266721967 0
    outer loop
      vertex 84 1.65 -16.45
      vertex 84 1.65 -14.25
      vertex 84.32189903132661 1.6182957126653301 -14.25
    endloop
  endfacet
  facet normal 0.29028467725446605 0.9569403357322077 0
    outer loop
      vertex 84.32189903132661 1.6182957126653301 -16.45
      vertex 84.32189903132661 1.6182957126653301 -14.25
      vertex 84.63142766340239 1.524401228643623 -14.25
    endloop
  endfacet
  facet normal 0.9951847266721949 0.09801714032958111 0
    outer loop
      vertex 85.61829571266533 0.3218990313266116 -16.45
      vertex 85.61829571266533 0.3218990313266116 -14.25
      vertex 85.65 0 -14.25
    endloop
  endfacet
  facet normal 0.956940335732212 0.29028467725445156 0
    outer loop
      vertex 85.52440122864363 0.6314276634023981 -16.45
      vertex 85.52440122864363 0.6314276634023981 -14.25
      vertex 85.61829571266533 0.3218990313266116 -14.25
    endloop
  endfacet
  facet normal 0.881921264348355 0.47139673682599764 0
    outer loop
      vertex 85.3719248602992 0.9166908844823436 -16.45
      vertex 85.3719248602992 0.9166908844823436 -14.25
      vertex 85.52440122864363 0.6314276634023981 -14.25
    endloop
  endfacet
  facet normal 0 0 1
    outer loop
      vertex 85.61829571266533 -0.3218990313266116 -14.25
      vertex 85.65 0 -14.25
      vertex 85.61829571266533 0.3218990313266116 -14.25
    endloop
  endfacet
  facet normal 0 0 1
    outer loop
      vertex 85.61829571266533 -0.3218990313266116 -14.25
      vertex 85.61829571266533 0.3218990313266116 -14.25
      vertex 85.52440122864363 0.6314276634023981 -14.25
    endloop
  endfacet
  facet normal 0 0 1
    outer loop
      vertex 85.16672618895781 -1.1667261889578033 -14.25
      vertex 85.16672618895781 1.1667261889578033 -14.25
      vertex 84.91669088448235 1.3719248602991996 -14.25
    endloop
  endfacet
  facet normal 0 0 1
    outer loop
      vertex 85.3719248602992 -0.9166908844823436 -14.25
      vertex 85.3719248602992 0.9166908844823436 -14.25
      vertex 85.16672618895781 1.1667261889578033 -14.25
    endloop
  endfacet
  facet normal 0 0 1
    outer loop
      vertex 85.52440122864363 -0.6314276634023981 -14.25
      vertex 85.52440122864363 0.6314276634023981 -14.25
      vertex 85.3719248602992 0.9166908844823436 -14.25
    endloop
  endfacet
  facet normal 0.7730104533627427 0.6343932841636386 -2.48648385914761e-18
    outer loop
      vertex 85.3719248602992 0.9166908844823436 -14.25
      vertex 85.16672618895781 1.1667261889578033 -16.45
      vertex 85.16672618895781 1.1667261889578033 -14.25
    endloop
  endfacet
endsolid OpenSCAD_Model
