"# servo_id=1 center=2044 amp_deg=15.0 cmd_hz=100.0 acc=None torque_limit=600 note='leg 7.4V no load, reg85=254 (volatile), TL=600' hz=2.0 ratio=0.995 lag_ms=74.8 accel_est=None"
t_s,cmd_cnt,pos_cnt,speed_raw,load_duty_permille
0.0000,2044,2044,0,0
0.0008,2044,2044,0,0
0.0012,2044,2044,0,0
0.0017,2044,2044,0,0
0.0021,2044,2044,0,0
0.0025,2044,2044,0,0
0.0029,2044,2044,0,0
0.0034,2044,2044,0,0
0.0037,2044,2044,0,0
0.0042,2044,2044,0,0
0.0046,2044,2044,0,0
0.0050,2044,2044,0,0
0.0054,2044,2044,0,0
0.0059,2044,2044,0,0
0.0063,2044,2044,0,0
0.0067,2044,2044,0,0
0.0071,2044,2044,0,0
0.0076,2044,2044,0,0
0.0080,2044,2044,0,0
0.0084,2044,2044,0,0
0.0089,2044,2044,0,0
0.0093,2044,2044,0,0
0.0097,2044,2044,0,0
0.0102,2066,2044,0,0
0.0110,2066,2044,0,0
0.0114,2066,2044,0,0
0.0118,2066,2044,0,0
0.0122,2066,2044,0,0
0.0126,2066,2044,0,0
0.0130,2066,2044,0,0
0.0133,2066,2044,0,0
0.0137,2066,2044,0,0
0.0142,2066,2044,0,0
0.0146,2066,2044,0,0
0.0150,2066,2044,0,0
0.0154,2066,2044,0,0
0.0159,2066,2044,0,0
0.0163,2066,2044,0,0
0.0167,2066,2044,0,0
0.0170,2066,2044,0,0
0.0175,2066,2044,0,0
0.0179,2066,2044,0,0
0.0183,2066,2044,0,0
0.0188,2066,2044,0,0
0.0192,2066,2044,0,0
0.0196,2066,2044,0,0
0.0200,2066,2044,0,0
0.0204,2087,2044,0,0
0.0211,2087,2044,0,0
0.0215,2087,2044,0,0
0.0219,2087,2044,0,0
0.0223,2087,2044,0,-24
0.0226,2087,2044,0,-24
0.0230,2087,2044,0,-24
0.0234,2087,2044,0,-24
0.0239,2087,2044,0,-24
0.0242,2087,2044,0,-32
0.0246,2087,2044,0,-32
0.0250,2087,2044,0,-32
0.0254,2087,2044,0,-32
0.0259,2087,2044,0,-32
0.0263,2087,2044,0,-32
0.0266,2087,2044,0,-32
0.0270,2087,2044,0,-32
0.0274,2087,2044,0,-40
0.0277,2087,2044,0,-40
0.0281,2087,2044,0,-40
0.0285,2087,2044,0,-40
0.0289,2087,2044,0,-40
0.0292,2087,2044,0,-48
0.0296,2087,2044,0,-48
0.0300,2107,2044,0,-48
0.0307,2107,2044,0,-48
0.0311,2107,2044,0,-48
0.0315,2107,2044,0,-56
0.0319,2107,2044,0,-56
0.0323,2107,2044,0,-56
0.0326,2107,2044,0,-56
0.0330,2107,2044,0,-56
0.0334,2107,2044,0,-64
0.0339,2107,2044,0,-64
0.0343,2107,2044,0,-72
0.0347,2107,2044,0,-72
0.0351,2107,2044,0,-72
0.0355,2107,2044,0,-72
0.0359,2107,2044,0,-72
0.0363,2107,2044,0,-80
0.0367,2107,2044,0,-80
0.0371,2107,2044,0,-80
0.0375,2107,2044,0,-88
0.0379,2107,2044,0,-88
0.0383,2107,2044,0,-96
0.0387,2107,2044,0,-96
0.0392,2107,2044,0,-96
0.0396,2107,2044,0,-96
0.0400,2107,2044,0,-96
0.0404,2127,2044,0,-104
0.0412,2127,2044,0,-160
0.0416,2127,2044,0,-160
0.0420,2127,2044,0,-160
0.0424,2127,2044,0,-168
0.0429,2127,2044,0,-168
0.0433,2127,2044,0,-176
0.0437,2127,2044,0,-176
0.0441,2127,2044,0,-176
0.0445,2127,2044,0,-176
0.0449,2127,2044,0,-176
0.0453,2127,2044,0,-184
0.0457,2127,2044,0,-184
0.0462,2127,2044,0,-192
0.0466,2127,2044,0,-192
0.0470,2127,2044,0,-192
0.0475,2127,2044,0,-200
0.0479,2127,2044,0,-200
0.0483,2127,2044,0,-208
0.0487,2127,2044,0,-208
0.0491,2127,2044,0,-216
0.0495,2127,2044,0,-216
0.0499,2127,2044,0,-216
0.0503,2145,2044,0,-224
0.0511,2145,2044,0,-232
0.0516,2145,2044,0,-232
0.0520,2145,2044,0,-232
0.0524,2145,2044,0,-240
0.0528,2145,2044,0,-240
0.0532,2145,2044,0,-256
0.0536,2145,2044,0,-256
0.0540,2145,2044,0,-256
0.0544,2145,2044,0,-264
0.0548,2145,2044,0,-264
0.0552,2145,2045,0,-264
0.0556,2145,2045,0,-264
0.0560,2145,2045,0,-264
0.0564,2145,2045,0,-272
0.0568,2145,2045,0,-272
0.0572,2145,2045,0,-280
0.0575,2145,2045,0,-280
0.0579,2145,2045,0,-280
0.0582,2145,2046,0,-288
0.0586,2145,2046,0,-288
0.0590,2145,2046,0,-288
0.0594,2145,2047,0,-288
0.0599,2145,2047,0,-288
0.0603,2161,2047,0,-296
0.0609,2161,2047,0,-296
0.0613,2161,2048,0,-316
0.0616,2161,2048,0,-316
0.0620,2161,2048,0,-316
0.0624,2161,2048,0,-332
0.0628,2161,2048,0,-332
0.0632,2161,2048,200,-340
0.0635,2161,2048,200,-340
0.0639,2161,2048,200,-340
0.0643,2161,2049,200,-348
0.0646,2161,2049,200,-348
0.0650,2161,2049,200,-348
0.0654,2161,2049,200,-356
0.0658,2161,2049,200,-356
0.0661,2161,2050,200,-356
0.0665,2161,2050,200,-356
0.0669,2161,2050,200,-356
0.0673,2161,2051,200,-364
0.0677,2161,2051,200,-364
0.0681,2161,2051,200,-372
0.0686,2161,2051,200,-372
0.0690,2161,2051,200,-372
0.0694,2161,2052,200,-380
0.0698,2161,2052,200,-380
0.0701,2176,2053,200,-380
0.0709,2176,2053,200,-380
0.0713,2176,2054,200,-388
0.0717,2176,2054,200,-388
0.0721,2176,2054,200,-404
0.0726,2176,2054,200,-404
0.0730,2176,2054,200,-404
0.0733,2176,2055,200,-404
0.0738,2176,2055,200,-404
0.0741,2176,2056,200,-412
0.0746,2176,2056,200,-412
0.0750,2176,2057,200,-420
0.0754,2176,2057,200,-420
0.0759,2176,2057,200,-420
0.0763,2176,2058,200,-420
0.0767,2176,2058,200,-420
0.0771,2176,2059,200,-428
0.0776,2176,2059,200,-428
0.0779,2176,2059,200,-428
0.0783,2176,2060,200,-436
0.0787,2176,2060,200,-436
0.0791,2176,2061,200,-444
0.0795,2176,2061,200,-444
0.0799,2176,2061,200,-444
0.0803,2188,2062,200,-444
0.0811,2188,2063,200,-452
0.0816,2188,2063,200,-452
0.0820,2188,2063,200,-468
0.0824,2188,2063,200,-468
0.0829,2188,2063,200,-468
0.0833,2188,2064,800,-476
0.0837,2188,2064,800,-476
0.0841,2188,2065,800,-484
0.0845,2188,2065,800,-484
0.0850,2188,2066,800,-492
0.0854,2188,2066,800,-492
0.0858,2188,2066,800,-492
0.0862,2188,2067,800,-500
0.0866,2188,2067,800,-500
0.0870,2188,2068,800,-508
0.0874,2188,2068,800,-508
0.0879,2188,2068,800,-508
0.0883,2188,2070,800,-500
0.0887,2188,2070,800,-500
0.0891,2188,2071,800,-508
0.0895,2188,2071,800,-508
0.0899,2188,2072,800,-516
0.0903,2199,2072,800,-516
0.0910,2199,2073,800,-524
0.0914,2199,2073,800,-524
0.0918,2199,2073,800,-524
0.0921,2199,2075,800,-524
0.0925,2199,2075,800,-524
0.0928,2199,2075,800,-524
0.0932,2199,2076,800,-524
0.0936,2199,2076,800,-524
0.0939,2199,2077,800,-532
0.0943,2199,2077,800,-532
0.0946,2199,2077,800,-532
0.0950,2199,2078,800,-540
0.0953,2199,2078,800,-540
0.0956,2199,2078,800,-540
0.0960,2199,2080,800,-540
0.0963,2199,2080,800,-540
0.0967,2199,2080,800,-540
0.0970,2199,2081,800,-548
0.0974,2199,2081,800,-548
0.0978,2199,2081,800,-548
0.0981,2199,2083,800,-540
0.0985,2199,2083,800,-540
0.0989,2199,2084,800,-548
0.0993,2199,2084,800,-548
0.0996,2199,2084,800,-548
0.1000,2199,2085,800,-556
0.1004,2207,2085,800,-556
0.1012,2207,2087,800,-540
0.1016,2207,2087,800,-540
0.1020,2207,2088,800,-540
0.1023,2207,2088,800,-540
0.1027,2207,2088,800,-540
0.1031,2207,2089,1250,-548
0.1035,2207,2089,1250,-548
0.1039,2207,2091,1250,-548
0.1043,2207,2091,1250,-548
0.1047,2207,2091,1250,-548
0.1051,2207,2092,1250,-548
0.1054,2207,2092,1250,-548
0.1059,2207,2094,1250,-548
0.1062,2207,2094,1250,-548
0.1066,2207,2094,1250,-548
0.1070,2207,2096,1250,-548
0.1074,2207,2096,1250,-548
0.1078,2207,2096,1250,-548
0.1081,2207,2097,1250,-548
0.1085,2207,2097,1250,-548
0.1089,2207,2099,1250,-548
0.1093,2207,2099,1250,-548
0.1097,2207,2099,1250,-548
0.1101,2212,2100,1250,-548
0.1109,2212,2102,1250,-548
0.1112,2212,2102,1250,-548
0.1116,2212,2102,1250,-548
0.1120,2212,2104,1250,-548
0.1124,2212,2104,1250,-548
0.1128,2212,2104,1250,-548
0.1132,2212,2105,1250,-548
0.1135,2212,2105,1250,-548
0.1139,2212,2107,1250,-548
0.1143,2212,2107,1250,-548
0.1147,2212,2107,1250,-548
0.1151,2212,2109,1250,-540
0.1154,2212,2109,1250,-540
0.1159,2212,2110,1250,-548
0.1164,2212,2110,1250,-548
0.1168,2212,2110,1250,-548
0.1171,2212,2112,1250,-540
0.1175,2212,2112,1250,-540
0.1179,2212,2114,1250,-540
0.1183,2212,2114,1250,-540
0.1186,2212,2114,1250,-540
0.1190,2212,2115,1250,-540
0.1194,2212,2115,1250,-540
0.1199,2212,2117,1250,-532
0.1203,2214,2117,1250,-532
0.1210,2214,2118,1250,-488
0.1213,2214,2118,1250,-488
0.1217,2214,2118,1250,-488
0.1221,2214,2120,1250,-480
0.1225,2214,2120,1250,-480
0.1229,2214,2122,1650,-472
0.1233,2214,2122,1650,-472
0.1236,2214,2122,1650,-472
0.1240,2214,2124,1650,-472
0.1244,2214,2124,1650,-472
0.1247,2214,2125,1650,-472
0.1251,2214,2125,1650,-472
0.1255,2214,2125,1650,-472
0.1259,2214,2127,1650,-464
0.1263,2214,2127,1650,-464
0.1267,2214,2127,1650,-464
0.1271,2214,2129,1650,-456
0.1274,2214,2129,1650,-456
0.1279,2214,2130,1650,-464
0.1283,2214,2130,1650,-464
0.1286,2214,2130,1650,-464
0.1290,2214,2132,1650,-456
0.1294,2214,2132,1650,-456
0.1297,2214,2134,1650,-448
0.1301,2214,2134,1650,-448
0.1309,2214,2136,1650,-440
0.1312,2214,2136,1650,-440
0.1316,2214,2136,1650,-440
0.1320,2214,2137,1650,-440
0.1324,2214,2137,1650,-440
0.1327,2214,2139,1650,-432
0.1331,2214,2139,1650,-432
0.1335,2214,2139,1650,-432
0.1339,2214,2141,1650,-424
0.1343,2214,2141,1650,-424
0.1347,2214,2141,1650,-424
0.1350,2214,2142,1650,-424
0.1354,2214,2142,1650,-424
0.1359,2214,2144,1650,-416
0.1362,2214,2144,1650,-416
0.1366,2214,2144,1650,-416
0.1370,2214,2146,1650,-408
0.1374,2214,2146,1650,-408
0.1377,2214,2148,1650,-400
0.1381,2214,2148,1650,-400
0.1385,2214,2148,1650,-400
0.1389,2214,2150,1650,-392
0.1393,2214,2150,1650,-392
0.1396,2214,2150,1650,-392
0.1400,2212,2151,1650,-392
0.1407,2212,2153,1650,-332
0.1411,2212,2153,1650,-332
0.1415,2212,2153,1650,-332
0.1419,2212,2155,1650,-324
0.1423,2212,2155,1650,-324
0.1426,2212,2155,1650,-324
0.1430,2212,2157,1750,-308
0.1434,2212,2157,1750,-308
0.1439,2212,2158,1750,-308
0.1443,2212,2158,1750,-308
0.1446,2212,2158,1750,-308
0.1450,2212,2160,1750,-300
0.1454,2212,2160,1750,-300
0.1458,2212,2161,1750,-300
0.1461,2212,2161,1750,-300
0.1465,2212,2161,1750,-300
0.1469,2212,2163,1750,-284
0.1473,2212,2163,1750,-284
0.1476,2212,2164,1750,-284
0.1480,2212,2164,1750,-284
0.1484,2212,2164,1750,-284
0.1488,2212,2166,1750,-276
0.1491,2212,2166,1750,-276
0.1495,2212,2166,1750,-276
0.1499,2212,2167,1750,-268
0.1502,2206,2167,1750,-268
0.1510,2206,2169,1750,-260
0.1513,2206,2169,1750,-260
0.1517,2206,2170,1750,-260
0.1521,2206,2170,1750,-260
0.1525,2206,2170,1750,-260
0.1529,2206,2172,1750,-244
0.1533,2206,2172,1750,-244
0.1537,2206,2173,1750,-244
0.1541,2206,2173,1750,-244
0.1545,2206,2173,1750,-244
0.1549,2206,2175,1750,-228
0.1553,2206,2175,1750,-228
0.1557,2206,2176,1750,-228
0.1561,2206,2176,1750,-228
0.1565,2206,2176,1750,-228
0.1569,2206,2178,1750,-212
0.1573,2206,2178,1750,-212
0.1577,2206,2179,1750,-212
0.1580,2206,2179,1750,-212
0.1585,2206,2179,1750,-212
0.1589,2206,2181,1750,-196
0.1593,2206,2181,1750,-196
0.1596,2206,2182,1750,-188
0.1600,2198,2182,1750,-188
0.1609,2198,2183,1750,-168
0.1613,2198,2183,1750,-168
0.1616,2198,2184,1750,-160
0.1620,2198,2184,1750,-160
0.1624,2198,2184,1750,-160
0.1629,2198,2186,1450,-144
0.1632,2198,2186,1450,-144
0.1636,2198,2187,1450,-144
0.1640,2198,2187,1450,-144
0.1644,2198,2187,1450,-144
0.1647,2198,2188,1450,-136
0.1651,2198,2188,1450,-136
0.1655,2198,2188,1450,-136
0.1659,2198,2189,1450,-128
0.1662,2198,2189,1450,-128
0.1666,2198,2190,1450,-120
0.1670,2198,2190,1450,-120
0.1674,2198,2190,1450,-120
0.1678,2198,2191,1450,-120
0.1682,2198,2191,1450,-120
0.1686,2198,2193,1450,-104
0.1690,2198,2193,1450,-104
0.1693,2198,2193,1450,-104
0.1697,2198,2194,1450,-96
0.1700,2188,2194,1450,-96
0.1707,2188,2195,1450,-88
0.1711,2188,2195,1450,-88
0.1715,2188,2196,1450,-80
0.1719,2188,2196,1450,-80
0.1723,2188,2196,1450,-80
0.1726,2188,2197,1450,-72
0.1730,2188,2197,1450,-72
0.1734,2188,2197,1450,-72
0.1737,2188,2198,1450,-64
0.1741,2188,2198,1450,-64
0.1745,2188,2198,1450,-64
0.1749,2188,2199,1450,-56
0.1752,2188,2199,1450,-56
0.1756,2188,2200,1450,-48
0.1760,2188,2200,1450,-48
0.1763,2188,2200,1450,-48
0.1767,2188,2201,1450,-40
0.1770,2188,2201,1450,-40
0.1774,2188,2201,1450,-40
0.1778,2188,2202,1450,-24
0.1781,2188,2202,1450,-24
0.1785,2188,2202,1450,-24
0.1788,2188,2203,1450,0
0.1792,2188,2203,1450,0
0.1796,2188,2204,1450,24
0.1799,2188,2204,1450,24
0.1803,2175,2204,1450,32
0.1809,2175,2204,1450,32
0.1813,2175,2204,1450,32
0.1816,2175,2205,1450,40
0.1820,2175,2205,1450,40
0.1823,2175,2205,1450,40
0.1827,2175,2206,1000,56
0.1830,2175,2206,1000,56
0.1834,2175,2206,1000,56
0.1837,2175,2207,1000,64
0.1841,2175,2207,1000,64
0.1845,2175,2207,1000,64
0.1848,2175,2207,1000,64
0.1852,2175,2207,1000,64
0.1855,2175,2208,1000,80
0.1859,2175,2208,1000,80
0.1862,2175,2208,1000,80
0.1866,2175,2209,1000,88
0.1869,2175,2209,1000,88
0.1873,2175,2209,1000,88
0.1876,2175,2210,1000,96
0.1880,2175,2210,1000,96
0.1883,2175,2210,1000,96
0.1887,2175,2210,1000,96
0.1890,2175,2210,1000,96
0.1894,2175,2210,1000,96
0.1899,2175,2210,1000,96
0.1902,2160,2211,1000,104
0.1909,2160,2211,1000,104
0.1913,2160,2211,1000,104
0.1916,2160,2211,1000,104
0.1920,2160,2211,1000,104
0.1924,2160,2211,1000,104
0.1927,2160,2211,1000,112
0.1931,2160,2211,1000,112
0.1935,2160,2212,1000,120
0.1938,2160,2212,1000,120
0.1942,2160,2212,1000,120
0.1946,2160,2212,1000,128
0.1950,2160,2212,1000,128
0.1953,2160,2212,1000,128
0.1956,2160,2212,1000,136
0.1960,2160,2212,1000,136
0.1963,2160,2212,1000,136
0.1966,2160,2213,1000,144
0.1970,2160,2213,1000,144
0.1973,2160,2213,1000,144
0.1976,2160,2213,1000,152
0.1980,2160,2213,1000,152
0.1983,2160,2213,1000,152
0.1986,2160,2213,1000,160
0.1990,2160,2213,1000,160
0.1993,2160,2213,1000,160
0.1997,2160,2213,1000,160
0.2000,2160,2213,1000,160
0.2003,2144,2213,1000,156
0.2010,2144,2213,1000,156
0.2013,2144,2213,1000,156
0.2017,2144,2213,1000,164
0.2020,2144,2213,1000,164
0.2024,2144,2213,350,172
0.2027,2144,2213,350,172
0.2031,2144,2213,350,172
0.2035,2144,2213,350,172
0.2038,2144,2213,350,172
0.2042,2144,2213,350,172
0.2045,2144,2213,350,180
0.2049,2144,2213,350,180
0.2052,2144,2213,350,180
0.2056,2144,2213,350,188
0.2059,2144,2213,350,188
0.2063,2144,2213,350,188
0.2066,2144,2213,350,196
0.2070,2144,2213,350,196
0.2073,2144,2213,350,196
0.2076,2144,2213,350,204
0.2080,2144,2213,350,204
0.2083,2144,2213,350,212
0.2087,2144,2213,350,212
0.2090,2144,2213,350,212
0.2094,2144,2213,350,220
0.2098,2144,2213,350,220
0.2101,2126,2213,350,228
0.2108,2126,2213,350,228
0.2112,2126,2213,350,228
0.2115,2126,2213,350,236
0.2119,2126,2213,350,236
0.2122,2126,2213,350,236
0.2126,2126,2213,350,244
0.2129,2126,2213,350,244
0.2133,2126,2213,350,244
0.2136,2126,2213,350,252
0.2140,2126,2213,350,252
0.2143,2126,2213,350,252
0.2147,2126,2213,350,260
0.2150,2126,2213,350,260
0.2154,2126,2213,350,268
0.2157,2126,2213,350,268
0.2160,2126,2213,350,268
0.2164,2126,2213,350,276
0.2167,2126,2213,350,276
0.2171,2126,2213,350,276
0.2174,2126,2213,350,284
0.2178,2126,2213,350,284
0.2182,2126,2213,350,284
0.2185,2126,2213,350,300
0.2189,2126,2213,350,300
0.2192,2126,2213,350,300
0.2196,2126,2213,350,308
0.2199,2126,2213,350,308
0.2203,2106,2213,350,328
0.2209,2106,2213,350,328
0.2213,2106,2213,350,336
0.2216,2106,2213,350,336
0.2220,2106,2213,350,336
0.2223,2106,2213,0,352
0.2227,2106,2213,0,352
0.2230,2106,2213,0,352
0.2234,2106,2212,0,352
0.2237,2106,2212,0,352
0.2241,2106,2212,0,352
0.2245,2106,2212,0,360
0.2249,2106,2212,0,360
0.2252,2106,2212,0,360
0.2256,2106,2212,0,376
0.2259,2106,2212,0,376
0.2262,2106,2212,0,376
0.2266,2106,2211,0,376
0.2270,2106,2211,0,376
0.2273,2106,2210,0,376
0.2277,2106,2210,0,376
0.2280,2106,2210,0,376
0.2284,2106,2210,0,392
0.2287,2106,2210,0,392
0.2291,2106,2210,0,392
0.2294,2106,2209,0,392
0.2298,2106,2209,0,392
0.2301,2086,2208,0,400
0.2308,2086,2208,0,400
0.2312,2086,2208,0,400
0.2315,2086,2207,0,400
0.2319,2086,2207,0,400
0.2322,2086,2207,0,400
0.2326,2086,2206,0,408
0.2329,2086,2206,0,408
0.2333,2086,2205,0,416
0.2336,2086,2205,0,416
0.2340,2086,2205,0,416
0.2343,2086,2205,0,424
0.2347,2086,2205,0,424
0.2350,2086,2205,0,424
0.2354,2086,2204,0,432
0.2357,2086,2204,0,432
0.2361,2086,2204,0,432
0.2364,2086,2203,0,432
0.2368,2086,2203,0,432
0.2372,2086,2203,0,432
0.2375,2086,2202,0,440
0.2378,2086,2202,0,440
0.2382,2086,2201,0,448
0.2385,2086,2201,0,448
0.2389,2086,2201,0,448
0.2392,2086,2200,0,456
0.2395,2086,2200,0,456
0.2399,2086,2200,0,456
0.2403,2065,2199,0,440
0.2409,2065,2199,0,440
0.2412,2065,2198,0,448
0.2415,2065,2198,0,448
0.2419,2065,2198,0,448
0.2422,2065,2197,-800,456
0.2426,2065,2197,-800,456
0.2429,2065,2197,-800,456
0.2432,2065,2196,-800,464
0.2436,2065,2196,-800,464
0.2439,2065,2196,-800,464
0.2442,2065,2195,-800,472
0.2445,2065,2195,-800,472
0.2449,2065,2195,-800,472
0.2452,2065,2194,-800,472
0.2455,2065,2194,-800,472
0.2459,2065,2194,-800,472
0.2462,2065,2193,-800,480
0.2465,2065,2193,-800,480
0.2469,2065,2193,-800,480
0.2472,2065,2192,-800,488
0.2476,2065,2192,-800,488
0.2479,2065,2192,-800,488
0.2482,2065,2191,-800,496
0.2486,2065,2191,-800,496
0.2489,2065,2191,-800,496
0.2492,2065,2190,-800,504
0.2495,2065,2190,-800,504
0.2499,2065,2190,-800,504
0.2503,2043,2189,-800,512
0.2509,2043,2189,-800,512
0.2513,2043,2187,-800,512
0.2516,2043,2187,-800,512
0.2520,2043,2187,-800,512
0.2523,2043,2186,-800,520
0.2527,2043,2186,-800,520
0.2530,2043,2186,-800,520
0.2534,2043,2185,-800,528
0.2537,2043,2185,-800,528
0.2541,2043,2185,-800,528
0.2545,2043,2184,-800,536
0.2548,2043,2184,-800,536
0.2552,2043,2182,-800,536
0.2555,2043,2182,-800,536
0.2559,2043,2182,-800,536
0.2562,2043,2181,-800,544
0.2566,2043,2181,-800,544
0.2569,2043,2181,-800,544
0.2573,2043,2180,-800,552
0.2576,2043,2180,-800,552
0.2580,2043,2180,-800,552
0.2583,2043,2178,-800,552
0.2587,2043,2178,-800,552
0.2590,2043,2178,-800,552
0.2594,2043,2177,-800,560
0.2597,2043,2177,-800,560
0.2601,2022,2176,-800,568
0.2608,2022,2176,-800,568
0.2612,2022,2174,-800,568
0.2615,2022,2174,-800,568
0.2619,2022,2174,-800,568
0.2623,2022,2173,-1200,576
0.2626,2022,2173,-1200,576
0.2630,2022,2173,-1200,576
0.2633,2022,2171,-1200,576
0.2637,2022,2171,-1200,576
0.2641,2022,2171,-1200,576
0.2644,2022,2170,-1200,584
0.2647,2022,2170,-1200,584
0.2651,2022,2168,-1200,584
0.2655,2022,2168,-1200,584
0.2659,2022,2168,-1200,584
0.2662,2022,2167,-1200,592
0.2666,2022,2167,-1200,592
0.2669,2022,2167,-1200,592
0.2673,2022,2165,-1200,592
0.2676,2022,2165,-1200,592
0.2680,2022,2165,-1200,592
0.2683,2022,2164,-1200,600
0.2687,2022,2164,-1200,600
0.2690,2022,2162,-1200,600
0.2694,2022,2162,-1200,600
0.2698,2022,2162,-1200,600
0.2701,2001,2161,-1200,600
0.2708,2001,2161,-1200,600
0.2712,2001,2159,-1200,600
0.2716,2001,2159,-1200,600
0.2719,2001,2159,-1200,600
0.2723,2001,2157,-1200,600
0.2726,2001,2157,-1200,600
0.2730,2001,2157,-1200,600
0.2733,2001,2156,-1200,600
0.2737,2001,2156,-1200,600
0.2740,2001,2154,-1200,600
0.2744,2001,2154,-1200,600
0.2747,2001,2154,-1200,600
0.2751,2001,2152,-1200,600
0.2755,2001,2152,-1200,600
0.2758,2001,2152,-1200,600
0.2762,2001,2150,-1200,600
0.2766,2001,2150,-1200,600
0.2769,2001,2150,-1200,600
0.2773,2001,2149,-1200,600
0.2776,2001,2149,-1200,600
0.2780,2001,2149,-1200,600
0.2783,2001,2147,-1200,600
0.2787,2001,2147,-1200,600
0.2790,2001,2145,-1200,600
0.2794,2001,2145,-1200,600
0.2797,2001,2145,-1200,600
0.2801,1981,2143,-1200,588
0.2809,1981,2143,-1200,588
0.2812,1981,2141,-1200,588
0.2816,1981,2141,-1200,588
0.2819,1981,2141,-1200,588
0.2823,1981,2140,-1650,596
0.2826,1981,2140,-1650,596
0.2830,1981,2138,-1650,596
0.2833,1981,2138,-1650,596
0.2837,1981,2138,-1650,596
0.2841,1981,2136,-1650,596
0.2844,1981,2136,-1650,596
0.2849,1981,2136,-1650,596
0.2852,1981,2134,-1650,596
0.2856,1981,2134,-1650,596
0.2859,1981,2134,-1650,596
0.2862,1981,2132,-1650,600
0.2866,1981,2132,-1650,600
0.2870,1981,2130,-1650,600
0.2873,1981,2130,-1650,600
0.2877,1981,2130,-1650,600
0.2881,1981,2128,-1650,600
0.2884,1981,2128,-1650,600
0.2889,1981,2128,-1650,600
0.2892,1981,2126,-1650,600
0.2896,1981,2126,-1650,600
0.2900,1981,2125,-1650,600
0.2903,1961,2125,-1650,600
0.2910,1961,2123,-1650,600
0.2914,1961,2123,-1650,600
0.2917,1961,2123,-1650,600
0.2921,1961,2121,-1650,600
0.2925,1961,2121,-1650,600
0.2928,1961,2121,-1650,600
0.2932,1961,2119,-1650,600
0.2936,1961,2119,-1650,600
0.2939,1961,2119,-1650,600
0.2943,1961,2117,-1650,600
0.2946,1961,2117,-1650,600
0.2950,1961,2115,-1650,600
0.2953,1961,2115,-1650,600
0.2957,1961,2115,-1650,600
0.2960,1961,2113,-1650,600
0.2964,1961,2113,-1650,600
0.2968,1961,2113,-1650,600
0.2971,1961,2111,-1650,600
0.2974,1961,2111,-1650,600
0.2977,1961,2111,-1650,600
0.2981,1961,2109,-1650,600
0.2984,1961,2109,-1650,600
0.2987,1961,2109,-1650,600
0.2991,1961,2107,-1650,600
0.2994,1961,2107,-1650,600
0.2998,1961,2107,-1650,600
0.3002,1943,2105,-1650,596
0.3008,1943,2105,-1650,596
0.3012,1943,2103,-1650,596
0.3015,1943,2103,-1650,596
0.3019,1943,2101,-1950,596
0.3022,1943,2101,-1950,596
0.3026,1943,2101,-1950,596
0.3030,1943,2099,-1950,596
0.3034,1943,2099,-1950,596
0.3037,1943,2099,-1950,596
0.3041,1943,2097,-1950,596
0.3045,1943,2097,-1950,596
0.3048,1943,2097,-1950,596
0.3052,1943,2095,-1950,596
0.3055,1943,2095,-1950,596
0.3059,1943,2093,-1950,596
0.3062,1943,2093,-1950,596
0.3066,1943,2093,-1950,596
0.3069,1943,2091,-1950,596
0.3073,1943,2091,-1950,596
0.3076,1943,2091,-1950,596
0.3080,1943,2089,-1950,596
0.3083,1943,2089,-1950,596
0.3087,1943,2089,-1950,596
0.3091,1943,2087,-1950,596
0.3095,1943,2087,-1950,596
0.3098,1943,2085,-1950,596
0.3102,1927,2085,-1950,596
0.3109,1927,2083,-1950,596
0.3112,1927,2083,-1950,596
0.3116,1927,2083,-1950,596
0.3119,1927,2081,-1950,596
0.3123,1927,2081,-1950,596
0.3126,1927,2081,-1950,596
0.3130,1927,2079,-1950,596
0.3134,1927,2079,-1950,596
0.3137,1927,2079,-1950,596
0.3141,1927,2077,-1950,596
0.3145,1927,2077,-1950,596
0.3149,1927,2075,-1950,596
0.3152,1927,2075,-1950,596
0.3156,1927,2075,-1950,596
0.3159,1927,2073,-1950,596
0.3163,1927,2073,-1950,596
0.3166,1927,2073,-1950,596
0.3170,1927,2071,-1950,596
0.3173,1927,2071,-1950,596
0.3177,1927,2071,-1950,596
0.3180,1927,2069,-1950,596
0.3184,1927,2069,-1950,596
0.3188,1927,2069,-1950,596
0.3191,1927,2067,-1950,596
0.3195,1927,2067,-1950,596
0.3198,1927,2065,-1950,584
0.3202,1912,2065,-1950,584
0.3209,1912,2063,-1950,584
0.3212,1912,2063,-1950,584
0.3216,1912,2063,-1950,584
0.3219,1912,2061,-2000,584
0.3223,1912,2061,-2000,584
0.3226,1912,2061,-2000,584
0.3230,1912,2058,-2000,576
0.3233,1912,2058,-2000,576
0.3237,1912,2058,-2000,576
0.3241,1912,2057,-2000,584
0.3244,1912,2057,-2000,584
0.3248,1912,2057,-2000,584
0.3251,1912,2054,-2000,576
0.3255,1912,2054,-2000,576
0.3258,1912,2052,-2000,568
0.3262,1912,2052,-2000,568
0.3266,1912,2052,-2000,568
0.3269,1912,2051,-2000,576
0.3273,1912,2051,-2000,576
0.3276,1912,2051,-2000,576
0.3280,1912,2048,-2000,568
0.3283,1912,2048,-2000,568
0.3287,1912,2048,-2000,568
0.3290,1912,2046,-2000,568
0.3294,1912,2046,-2000,568
0.3298,1912,2044,-2000,568
0.3301,1900,2044,-2000,568
0.3309,1900,2042,-2000,568
0.3312,1900,2042,-2000,568
0.3316,1900,2042,-2000,568
0.3320,1900,2040,-2000,560
0.3323,1900,2040,-2000,560
0.3327,1900,2040,-2000,560
0.3331,1900,2038,-2000,560
0.3335,1900,2038,-2000,560
0.3339,1900,2036,-2000,560
0.3343,1900,2036,-2000,560
0.3347,1900,2034,-2000,560
0.3351,1900,2034,-2000,560
0.3355,1900,2034,-2000,560
0.3358,1900,2032,-2000,560
0.3362,1900,2032,-2000,560
0.3366,1900,2032,-2000,560
0.3369,1900,2030,-2000,560
0.3373,1900,2030,-2000,560
0.3376,1900,2030,-2000,560
0.3380,1900,2027,-2000,552
0.3384,1900,2027,-2000,552
0.3387,1900,2026,-2000,552
0.3391,1900,2026,-2000,552
0.3394,1900,2026,-2000,552
0.3398,1900,2023,-2000,524
0.3402,1889,2023,-2000,524
0.3409,1889,2021,-2000,524
0.3412,1889,2021,-2000,524
0.3416,1889,2021,-2000,524
0.3419,1889,2019,-2100,524
0.3422,1889,2019,-2100,524
0.3426,1889,2019,-2100,524
0.3429,1889,2017,-2100,516
0.3433,1889,2017,-2100,516
0.3436,1889,2017,-2100,516
0.3440,1889,2015,-2100,516
0.3443,1889,2015,-2100,516
0.3447,1889,2013,-2100,516
0.3450,1889,2013,-2100,516
0.3454,1889,2013,-2100,516
0.3457,1889,2011,-2100,516
0.3461,1889,2011,-2100,516
0.3465,1889,2011,-2100,516
0.3468,1889,2009,-2100,508
0.3472,1889,2009,-2100,508
0.3475,1889,2009,-2100,508
0.3479,1889,2007,-2100,508
0.3482,1889,2007,-2100,508
0.3486,1889,2007,-2100,508
0.3489,1889,2005,-2100,508
0.3493,1889,2005,-2100,508
0.3496,1889,2005,-2100,508
0.3500,1889,2003,-2100,500
0.3503,1881,2003,-2100,500
0.3510,1881,2001,-2100,500
0.3514,1881,2001,-2100,500
0.3517,1881,1999,-2100,500
0.3521,1881,1999,-2100,500
0.3525,1881,1999,-2100,500
0.3528,1881,1997,-2100,492
0.3532,1881,1997,-2100,492
0.3536,1881,1997,-2100,492
0.3540,1881,1995,-2100,492
0.3544,1881,1995,-2100,492
0.3547,1881,1993,-2100,492
0.3551,1881,1993,-2100,492
0.3555,1881,1993,-2100,492
0.3558,1881,1992,-2100,492
0.3562,1881,1992,-2100,492
0.3565,1881,1992,-2100,492
0.3568,1881,1990,-2100,492
0.3572,1881,1990,-2100,492
0.3575,1881,1990,-2100,492
0.3579,1881,1988,-2100,484
0.3582,1881,1988,-2100,484
0.3586,1881,1988,-2100,484
0.3589,1881,1986,-2100,484
0.3592,1881,1986,-2100,484
0.3596,1881,1986,-2100,484
0.3599,1881,1984,-2100,472
0.3603,1876,1984,-2100,472
0.3609,1876,1982,-2100,472
0.3612,1876,1982,-2100,472
0.3616,1876,1982,-2100,472
0.3619,1876,1980,-1950,464
0.3622,1876,1980,-1950,464
0.3626,1876,1980,-1950,464
0.3629,1876,1978,-1950,464
0.3633,1876,1978,-1950,464
0.3636,1876,1976,-1950,456
0.3640,1876,1976,-1950,456
0.3643,1876,1976,-1950,456
0.3646,1876,1974,-1950,456
0.3650,1876,1974,-1950,456
0.3653,1876,1974,-1950,456
0.3656,1876,1972,-1950,448
0.3660,1876,1972,-1950,448
0.3663,1876,1972,-1950,448
0.3666,1876,1970,-1950,448
0.3670,1876,1970,-1950,448
0.3673,1876,1970,-1950,448
0.3677,1876,1968,-1950,440
0.3680,1876,1968,-1950,440
0.3684,1876,1968,-1950,440
0.3687,1876,1966,-1950,440
0.3691,1876,1966,-1950,440
0.3694,1876,1966,-1950,440
0.3699,1876,1965,-1950,440
0.3702,1874,1965,-1950,440
0.3709,1874,1963,-1950,432
0.3712,1874,1963,-1950,432
0.3716,1874,1961,-1950,432
0.3720,1874,1961,-1950,432
0.3723,1874,1961,-1950,432
0.3727,1874,1959,-1950,424
0.3731,1874,1959,-1950,424
0.3735,1874,1959,-1950,424
0.3739,1874,1958,-1950,424
0.3742,1874,1958,-1950,424
0.3745,1874,1956,-1950,416
0.3749,1874,1956,-1950,416
0.3753,1874,1956,-1950,416
0.3756,1874,1954,-1950,408
0.3760,1874,1954,-1950,408
0.3764,1874,1954,-1950,408
0.3767,1874,1952,-1950,408
0.3771,1874,1952,-1950,408
0.3775,1874,1952,-1950,408
0.3778,1874,1950,-1950,400
0.3782,1874,1950,-1950,400
0.3785,1874,1949,-1950,400
0.3789,1874,1949,-1950,400
0.3793,1874,1949,-1950,400
0.3796,1874,1947,-1950,376
0.3799,1874,1947,-1950,376
0.3803,1874,1945,-1950,368
0.3810,1874,1945,-1950,368
0.3813,1874,1945,-1950,368
0.3817,1874,1943,-1850,360
0.3820,1874,1943,-1850,360
0.3824,1874,1943,-1850,360
0.3827,1874,1941,-1850,352
0.3830,1874,1941,-1850,352
0.3834,1874,1941,-1850,352
0.3838,1874,1940,-1850,352
0.3841,1874,1940,-1850,352
0.3845,1874,1938,-1850,344
0.3848,1874,1938,-1850,344
0.3852,1874,1938,-1850,344
0.3855,1874,1936,-1850,336
0.3859,1874,1936,-1850,336
0.3863,1874,1936,-1850,336
0.3866,1874,1935,-1850,336
0.3870,1874,1935,-1850,336
0.3873,1874,1935,-1850,336
0.3877,1874,1933,-1850,328
0.3880,1874,1933,-1850,328
0.3884,1874,1933,-1850,328
0.3887,1874,1931,-1850,320
0.3891,1874,1931,-1850,320
0.3894,1874,1931,-1850,320
0.3898,1874,1930,-1850,312
0.3901,1876,1930,-1850,312
0.3908,1876,1928,-1850,304
0.3912,1876,1928,-1850,304
0.3915,1876,1926,-1850,296
0.3919,1876,1926,-1850,296
0.3923,1876,1926,-1850,296
0.3926,1876,1925,-1850,296
0.3930,1876,1925,-1850,296
0.3933,1876,1925,-1850,296
0.3937,1876,1923,-1850,288
0.3940,1876,1923,-1850,288
0.3944,1876,1923,-1850,288
0.3947,1876,1922,-1850,280
0.3951,1876,1922,-1850,280
0.3955,1876,1920,-1850,272
0.3958,1876,1920,-1850,272
0.3962,1876,1920,-1850,272
0.3966,1876,1919,-1850,272
0.3969,1876,1919,-1850,272
0.3972,1876,1919,-1850,272
0.3976,1876,1917,-1850,256
0.3980,1876,1917,-1850,256
0.3983,1876,1917,-1850,256
0.3987,1876,1916,-1850,256
0.3990,1876,1916,-1850,256
0.3994,1876,1916,-1850,256
0.3997,1876,1914,-1850,212
0.4001,1882,1914,-1850,212
0.4007,1882,1913,-1850,212
0.4011,1882,1913,-1850,212
0.4015,1882,1912,-1550,212
0.4018,1882,1912,-1550,212
0.4022,1882,1912,-1550,212
0.4025,1882,1910,-1550,196
0.4029,1882,1910,-1550,196
0.4033,1882,1910,-1550,196
0.4036,1882,1909,-1550,196
0.4040,1882,1909,-1550,196
0.4043,1882,1909,-1550,196
0.4047,1882,1907,-1550,180
0.4050,1882,1907,-1550,180
0.4054,1882,1906,-1550,172
0.4059,1882,1906,-1550,172
0.4062,1882,1906,-1550,172
0.4066,1882,1905,-1550,172
0.4069,1882,1905,-1550,172
0.4073,1882,1905,-1550,172
0.4076,1882,1903,-1550,156
0.4080,1882,1903,-1550,156
0.4083,1882,1903,-1550,156
0.4087,1882,1902,-1550,156
0.4090,1882,1902,-1550,156
0.4094,1882,1901,-1550,148
0.4097,1882,1901,-1550,148
0.4101,1890,1900,-1550,140
0.4108,1890,1900,-1550,140
0.4112,1890,1900,-1550,140
0.4115,1890,1899,-1550,132
0.4119,1890,1899,-1550,132
0.4122,1890,1899,-1550,132
0.4126,1890,1897,-1550,124
0.4129,1890,1897,-1550,124
0.4133,1890,1897,-1550,124
0.4136,1890,1896,-1550,116
0.4140,1890,1896,-1550,116
0.4144,1890,1895,-1550,108
0.4147,1890,1895,-1550,108
0.4151,1890,1895,-1550,108
0.4155,1890,1894,-1550,100
0.4158,1890,1894,-1550,100
0.4162,1890,1894,-1550,100
0.4166,1890,1893,-1550,92
0.4169,1890,1893,-1550,92
0.4173,1890,1893,-1550,92
0.4176,1890,1892,-1550,92
0.4180,1890,1892,-1550,92
0.4183,1890,1891,-1550,84
0.4187,1890,1891,-1550,84
0.4190,1890,1891,-1550,84
0.4194,1890,1890,-1550,76
0.4197,1890,1890,-1550,76
0.4201,1900,1889,-1550,68
0.4208,1900,1889,-1550,68
0.4212,1900,1889,-1550,68
0.4215,1900,1888,-1200,60
0.4219,1900,1888,-1200,60
0.4222,1900,1888,-1200,60
0.4226,1900,1887,-1200,52
0.4230,1900,1887,-1200,52
0.4233,1900,1886,-1200,44
0.4237,1900,1886,-1200,44
0.4240,1900,1886,-1200,44
0.4244,1900,1885,-1200,28
0.4247,1900,1885,-1200,28
0.4250,1900,1885,-1200,28
0.4254,1900,1885,-1200,28
0.4258,1900,1885,-1200,28
0.4262,1900,1885,-1200,28
0.4265,1900,1884,-1200,20
0.4269,1900,1884,-1200,20
0.4273,1900,1883,-1200,-20
0.4276,1900,1883,-1200,-20
0.4280,1900,1883,-1200,-20
0.4283,1900,1882,-1200,-28
0.4287,1900,1882,-1200,-28
0.4290,1900,1882,-1200,-28
0.4294,1900,1881,-1200,-44
0.4297,1900,1881,-1200,-44
0.4301,1913,1880,-1200,-52
0.4307,1913,1880,-1200,-52
0.4311,1913,1880,-1200,-52
0.4315,1913,1880,-1200,-52
0.4318,1913,1880,-1200,-52
0.4322,1913,1880,-1200,-52
0.4326,1913,1879,-1200,-60
0.4329,1913,1879,-1200,-60
0.4333,1913,1879,-1200,-68
0.4336,1913,1879,-1200,-68
0.4340,1913,1879,-1200,-68
0.4343,1913,1878,-1200,-76
0.4347,1913,1878,-1200,-76
0.4350,1913,1878,-1200,-76
0.4354,1913,1877,-1200,-84
0.4358,1913,1877,-1200,-84
0.4361,1913,1877,-1200,-84
0.4365,1913,1877,-1200,-84
0.4368,1913,1877,-1200,-84
0.4372,1913,1876,-1200,-92
0.4376,1913,1876,-1200,-92
0.4379,1913,1876,-1200,-92
0.4383,1913,1876,-1200,-92
0.4386,1913,1876,-1200,-92
0.4389,1913,1876,-1200,-92
0.4393,1913,1876,-1200,-104
0.4396,1913,1876,-1200,-104
0.4400,1913,1876,-1200,-104
0.4403,1928,1875,-1200,-112
0.4409,1928,1875,-1200,-112
0.4413,1928,1875,-650,-120
0.4416,1928,1875,-650,-120
0.4419,1928,1875,-650,-120
0.4423,1928,1874,-650,-128
0.4426,1928,1874,-650,-128
0.4430,1928,1874,-650,-128
0.4433,1928,1874,-650,-136
0.4437,1928,1874,-650,-136
0.4440,1928,1874,-650,-136
0.4444,1928,1874,-650,-136
0.4447,1928,1874,-650,-136
0.4451,1928,1874,-650,-136
0.4455,1928,1874,-650,-144
0.4458,1928,1874,-650,-144
0.4462,1928,1874,-650,-152
0.4465,1928,1874,-650,-152
0.4469,1928,1874,-650,-152
0.4472,1928,1873,-650,-160
0.4476,1928,1873,-650,-160
0.4479,1928,1873,-650,-160
0.4483,1928,1873,-650,-168
0.4486,1928,1873,-650,-168
0.4490,1928,1873,-650,-168
0.4493,1928,1873,-650,-176
0.4497,1928,1873,-650,-176
0.4500,1928,1873,-650,-176
0.4503,1944,1873,-650,-184
0.4510,1944,1873,-650,-184
0.4514,1944,1873,-650,-192
0.4517,1944,1873,-650,-192
0.4521,1944,1873,-650,-192
0.4524,1944,1873,-650,-192
0.4528,1944,1873,-650,-192
0.4531,1944,1873,-650,-192
0.4535,1944,1873,-650,-200
0.4538,1944,1873,-650,-200
0.4542,1944,1873,-650,-208
0.4546,1944,1873,-650,-208
0.4549,1944,1873,-650,-208
0.4553,1944,1873,-650,-216
0.4556,1944,1873,-650,-216
0.4560,1944,1873,-650,-216
0.4563,1944,1873,-650,-224
0.4567,1944,1873,-650,-224
0.4570,1944,1873,-650,-224
0.4574,1944,1873,-650,-232
0.4577,1944,1873,-650,-232
0.4581,1944,1873,-650,-232
0.4584,1944,1873,-650,-240
0.4587,1944,1873,-650,-240
0.4591,1944,1873,-650,-248
0.4595,1944,1873,-650,-248
0.4599,1944,1873,-650,-248
0.4602,1962,1873,-650,-256
0.4609,1962,1873,-650,-256
0.4612,1962,1873,-100,-264
0.4616,1962,1873,-100,-264
0.4620,1962,1873,-100,-264
0.4623,1962,1873,-100,-272
0.4627,1962,1873,-100,-272
0.4630,1962,1873,-100,-272
0.4633,1962,1873,-100,-280
0.4637,1962,1873,-100,-280
0.4640,1962,1873,-100,-280
0.4644,1962,1873,-100,-288
0.4647,1962,1873,-100,-288
0.4651,1962,1873,-100,-304
0.4654,1962,1873,-100,-304
0.4658,1962,1873,-100,-304
0.4662,1962,1873,-100,-312
0.4665,1962,1873,-100,-312
0.4669,1962,1873,-100,-312
0.4672,1962,1874,-100,-312
0.4676,1962,1874,-100,-312
0.4679,1962,1874,-100,-312
0.4683,1962,1874,-100,-320
0.4686,1962,1874,-100,-320
0.4690,1962,1874,-100,-320
0.4693,1962,1874,-100,-336
0.4697,1962,1874,-100,-336
0.4700,1981,1875,-100,-336
0.4707,1981,1875,-100,-336
0.4710,1981,1876,-100,-336
0.4714,1981,1876,-100,-336
0.4717,1981,1876,-100,-336
0.4721,1981,1876,-100,-344
0.4725,1981,1876,-100,-344
0.4728,1981,1876,-100,-344
0.4732,1981,1877,-100,-352
0.4735,1981,1877,-100,-352
0.4739,1981,1877,-100,-352
0.4742,1981,1877,-100,-360
0.4746,1981,1877,-100,-360
0.4749,1981,1877,-100,-360
0.4753,1981,1878,-100,-368
0.4756,1981,1878,-100,-368
0.4760,1981,1878,-100,-368
0.4764,1981,1878,-100,-376
0.4767,1981,1878,-100,-376
0.4770,1981,1879,-100,-384
0.4774,1981,1879,-100,-384
0.4777,1981,1879,-100,-384
0.4781,1981,1880,-100,-384
0.4784,1981,1880,-100,-384
0.4788,1981,1880,-100,-384
0.4792,1981,1880,-100,-404
0.4795,1981,1880,-100,-404
0.4799,1981,1880,-100,-404
0.4802,2002,1881,-100,-404
0.4809,2002,1881,-100,-404
0.4812,2002,1882,450,-412
0.4816,2002,1882,450,-412
0.4819,2002,1882,450,-412
0.4823,2002,1883,450,-412
0.4826,2002,1883,450,-412
0.4830,2002,1884,450,-420
0.4833,2002,1884,450,-420
0.4837,2002,1884,450,-420
0.4840,2002,1885,450,-428
0.4844,2002,1885,450,-428
0.4847,2002,1885,450,-428
0.4851,2002,1886,450,-428
0.4854,2002,1886,450,-428
0.4858,2002,1886,450,-428
0.4862,2002,1886,450,-444
0.4865,2002,1886,450,-444
0.4869,2002,1886,450,-444
0.4872,2002,1887,450,-452
0.4876,2002,1887,450,-452
0.4879,2002,1887,450,-452
0.4883,2002,1888,450,-452
0.4886,2002,1888,450,-452
0.4890,2002,1889,450,-460
0.4893,2002,1889,450,-460
0.4896,2002,1889,450,-460
0.4900,2002,1890,450,-468
0.4903,2023,1890,450,-468
0.4910,2023,1891,450,-476
0.4913,2023,1891,450,-476
0.4917,2023,1891,450,-476
0.4920,2023,1892,450,-484
0.4924,2023,1892,450,-484
0.4927,2023,1892,450,-484
0.4931,2023,1893,450,-492
0.4935,2023,1893,450,-492
0.4938,2023,1893,450,-492
0.4942,2023,1894,450,-500
0.4945,2023,1894,450,-500
0.4949,2023,1894,450,-500
0.4952,2023,1895,450,-500
0.4956,2023,1895,450,-500
0.4959,2023,1897,450,-500
0.4962,2023,1897,450,-500
0.4966,2023,1897,450,-500
0.4969,2023,1898,450,-508
0.4973,2023,1898,450,-508
0.4976,2023,1898,450,-508
0.4980,2023,1899,450,-516
0.4983,2023,1899,450,-516
0.4987,2023,1899,450,-516
0.4990,2023,1900,450,-508
0.4994,2023,1900,450,-508
0.4997,2023,1900,450,-508
0.5001,2044,1901,450,-516
0.5008,2044,1901,450,-516
0.5012,2044,1902,1000,-524
0.5015,2044,1902,1000,-524
0.5019,2044,1904,1000,-524
0.5023,2044,1904,1000,-524
0.5026,2044,1904,1000,-524
0.5029,2044,1905,1000,-532
0.5033,2044,1905,1000,-532
0.5037,2044,1905,1000,-532
0.5040,2044,1906,1000,-540
0.5043,2044,1906,1000,-540
0.5047,2044,1906,1000,-540
0.5050,2044,1908,1000,-540
0.5054,2044,1908,1000,-540
0.5058,2044,1908,1000,-540
0.5061,2044,1909,1000,-548
0.5065,2044,1909,1000,-548
0.5068,2044,1909,1000,-548
0.5072,2044,1911,1000,-548
0.5075,2044,1911,1000,-548
0.5079,2044,1912,1000,-556
0.5082,2044,1912,1000,-556
0.5086,2044,1912,1000,-556
0.5090,2044,1913,1000,-556
0.5093,2044,1913,1000,-556
0.5097,2044,1913,1000,-556
0.5100,2065,1915,1000,-556
0.5107,2065,1915,1000,-556
0.5110,2065,1916,1000,-564
0.5114,2065,1916,1000,-564
0.5117,2065,1916,1000,-564
0.5121,2065,1918,1000,-564
0.5125,2065,1918,1000,-564
0.5128,2065,1919,1000,-572
0.5132,2065,1919,1000,-572
0.5135,2065,1919,1000,-572
0.5139,2065,1921,1000,-572
0.5143,2065,1921,1000,-572
0.5146,2065,1921,1000,-572
0.5149,2065,1922,1000,-580
0.5153,2065,1922,1000,-580
0.5156,2065,1922,1000,-580
0.5160,2065,1924,1000,-580
0.5163,2065,1924,1000,-580
0.5167,2065,1924,1000,-580
0.5170,2065,1925,1000,-588
0.5174,2065,1925,1000,-588
0.5177,2065,1925,1000,-588
0.5181,2065,1927,1000,-588
0.5185,2065,1927,1000,-588
0.5189,2065,1929,1000,-568
0.5192,2065,1929,1000,-568
0.5196,2065,1929,1000,-568
0.5199,2065,1930,1000,-576
0.5203,2087,1930,1000,-576
0.5210,2087,1932,1500,-576
0.5213,2087,1932,1500,-576
0.5217,2087,1932,1500,-576
0.5221,2087,1933,1500,-584
0.5225,2087,1933,1500,-584
0.5229,2087,1935,1500,-584
0.5232,2087,1935,1500,-584
0.5236,2087,1935,1500,-584
0.5240,2087,1937,1500,-584
0.5244,2087,1937,1500,-584
0.5249,2087,1939,1500,-584
0.5252,2087,1939,1500,-584
0.5256,2087,1939,1500,-584
0.5260,2087,1941,1500,-584
0.5263,2087,1941,1500,-584
0.5267,2087,1941,1500,-584
0.5270,2087,1942,1500,-592
0.5274,2087,1942,1500,-592
0.5277,2087,1944,1500,-592
0.5281,2087,1944,1500,-592
0.5285,2087,1944,1500,-592
0.5288,2087,1945,1500,-600
0.5292,2087,1945,1500,-600
0.5295,2087,1945,1500,-600
0.5299,2087,1947,1500,-600
0.5302,2107,1947,1500,-600
0.5308,2107,1949,1500,-600
0.5312,2107,1949,1500,-600
0.5315,2107,1949,1500,-600
0.5318,2107,1951,1500,-600
0.5322,2107,1951,1500,-600
0.5325,2107,1951,1500,-600
0.5329,2107,1953,1500,-600
0.5332,2107,1953,1500,-600
0.5336,2107,1953,1500,-600
0.5339,2107,1955,1500,-600
0.5343,2107,1955,1500,-600
0.5346,2107,1955,1500,-600
0.5350,2107,1957,1500,-600
0.5353,2107,1957,1500,-600
0.5357,2107,1957,1500,-600
0.5360,2107,1958,1500,-600
0.5364,2107,1958,1500,-600
0.5368,2107,1960,1500,-600
0.5372,2107,1960,1500,-600
0.5376,2107,1960,1500,-600
0.5379,2107,1962,1500,-600
0.5383,2107,1962,1500,-600
0.5386,2107,1962,1500,-600
0.5390,2107,1964,1500,-588
0.5393,2107,1964,1500,-588
0.5397,2107,1966,1500,-588
0.5400,2126,1966,1500,-588
0.5407,2126,1968,1800,-588
0.5411,2126,1968,1800,-588
0.5415,2126,1968,1800,-588
0.5418,2126,1970,1800,-588
0.5422,2126,1970,1800,-588
0.5425,2126,1970,1800,-588
0.5429,2126,1971,1800,-596
0.5433,2126,1971,1800,-596
0.5437,2126,1973,1800,-596
0.5440,2126,1973,1800,-596
0.5444,2126,1973,1800,-596
0.5447,2126,1975,1800,-596
0.5451,2126,1975,1800,-596
0.5455,2126,1975,1800,-596
0.5458,2126,1977,1800,-596
0.5462,2126,1977,1800,-596
0.5465,2126,1977,1800,-596
0.5469,2126,1979,1800,-596
0.5472,2126,1979,1800,-596
0.5476,2126,1979,1800,-596
0.5479,2126,1981,1800,-596
0.5483,2126,1981,1800,-596
0.5486,2126,1981,1800,-596
0.5490,2126,1983,1800,-596
0.5494,2126,1983,1800,-596
0.5497,2126,1985,1800,-596
0.5501,2145,1985,1800,-596
0.5508,2145,1987,1800,-588
0.5512,2145,1987,1800,-588
0.5515,2145,1987,1800,-588
0.5519,2145,1989,1800,-588
0.5523,2145,1989,1800,-588
0.5526,2145,1989,1800,-588
0.5530,2145,1991,1800,-588
0.5533,2145,1991,1800,-588
0.5537,2145,1993,1800,-588
0.5540,2145,1993,1800,-588
0.5544,2145,1993,1800,-588
0.5547,2145,1995,1800,-588
0.5551,2145,1995,1800,-588
0.5555,2145,1995,1800,-588
0.5558,2145,1997,1800,-588
0.5562,2145,1997,1800,-588
0.5566,2145,1997,1800,-588
0.5569,2145,1999,1800,-588
0.5573,2145,1999,1800,-588
0.5576,2145,2001,1800,-588
0.5580,2145,2001,1800,-588
0.5583,2145,2001,1800,-588
0.5587,2145,2002,1800,-580
0.5590,2145,2002,1800,-580
0.5594,2145,2002,1800,-580
0.5597,2145,2005,1800,-572
0.5601,2161,2005,1800,-572
0.5609,2161,2007,1950,-572
0.5612,2161,2007,1950,-572
0.5616,2161,2009,1950,-572
0.5619,2161,2009,1950,-572
0.5623,2161,2009,1950,-572
0.5626,2161,2011,1950,-572
0.5630,2161,2011,1950,-572
0.5633,2161,2011,1950,-572
0.5637,2161,2013,1950,-572
0.5640,2161,2013,1950,-572
0.5644,2161,2013,1950,-572
0.5648,2161,2015,1950,-572
0.5651,2161,2015,1950,-572
0.5655,2161,2015,1950,-572
0.5658,2161,2017,1950,-572
0.5662,2161,2017,1950,-572
0.5665,2161,2017,1950,-572
0.5669,2161,2019,1950,-564
0.5672,2161,2019,1950,-564
0.5676,2161,2021,1950,-564
0.5679,2161,2021,1950,-564
0.5683,2161,2021,1950,-564
0.5686,2161,2023,1950,-564
0.5690,2161,2023,1950,-564
0.5694,2161,2023,1950,-564
0.5697,2161,2025,1950,-564
0.5701,2176,2025,1950,-564
0.5708,2176,2027,1950,-564
0.5712,2176,2027,1950,-564
0.5715,2176,2027,1950,-564
0.5719,2176,2029,1950,-564
0.5722,2176,2029,1950,-564
0.5726,2176,2031,1950,-564
0.5730,2176,2031,1950,-564
0.5734,2176,2031,1950,-564
0.5737,2176,2033,1950,-564
0.5741,2176,2033,1950,-564
0.5745,2176,2033,1950,-564
0.5748,2176,2035,1950,-556
0.5752,2176,2035,1950,-556
0.5756,2176,2037,1950,-556
0.5759,2176,2037,1950,-556
0.5763,2176,2037,1950,-556
0.5766,2176,2039,1950,-556
0.5770,2176,2039,1950,-556
0.5773,2176,2039,1950,-556
0.5777,2176,2041,1950,-556
0.5780,2176,2041,1950,-556
0.5784,2176,2041,1950,-556
0.5787,2176,2043,1950,-540
0.5791,2176,2043,1950,-540
0.5795,2176,2043,1950,-540
0.5799,2176,2045,1950,-540
0.5802,2188,2047,2000,-540
0.5808,2188,2047,2000,-540
0.5812,2188,2047,2000,-540
0.5816,2188,2049,2000,-532
0.5819,2188,2049,2000,-532
0.5822,2188,2049,2000,-532
0.5826,2188,2051,2000,-532
0.5830,2188,2051,2000,-532
0.5833,2188,2051,2000,-532
0.5837,2188,2053,2000,-532
0.5840,2188,2053,2000,-532
0.5844,2188,2053,2000,-532
0.5848,2188,2055,2000,-532
0.5851,2188,2055,2000,-532
0.5855,2188,2057,2000,-532
0.5858,2188,2057,2000,-532
0.5862,2188,2057,2000,-532
0.5865,2188,2060,2000,-524
0.5869,2188,2060,2000,-524
0.5872,2188,2060,2000,-524
0.5876,2188,2062,2000,-516
0.5879,2188,2062,2000,-516
0.5883,2188,2062,2000,-516
0.5886,2188,2064,2000,-516
0.5890,2188,2064,2000,-516
0.5893,2188,2064,2000,-516
0.5897,2188,2065,2000,-524
0.5900,2198,2065,2000,-524
0.5907,2198,2067,2000,-524
0.5911,2198,2067,2000,-524
0.5914,2198,2069,2000,-516
0.5918,2198,2069,2000,-516
0.5922,2198,2069,2000,-516
0.5925,2198,2071,2000,-516
0.5929,2198,2071,2000,-516
0.5932,2198,2071,2000,-516
0.5936,2198,2073,2000,-516
0.5939,2198,2073,2000,-516
0.5943,2198,2073,2000,-516
0.5946,2198,2075,2000,-516
0.5950,2198,2075,2000,-516
0.5953,2198,2075,2000,-516
0.5957,2198,2077,2000,-508
0.5960,2198,2077,2000,-508
0.5964,2198,2079,2000,-508
0.5968,2198,2079,2000,-508
0.5972,2198,2079,2000,-508
0.5975,2198,2081,2000,-508
0.5979,2198,2081,2000,-508
0.5982,2198,2081,2000,-508
0.5986,2198,2083,2000,-504
0.5990,2198,2083,2000,-504
0.5993,2198,2083,2000,-504
0.5997,2198,2085,2000,-496
0.6000,2206,2085,2000,-496
0.6007,2206,2087,2000,-496
0.6010,2206,2087,2000,-496
0.6014,2206,2089,2000,-496
0.6017,2206,2089,2000,-496
0.6021,2206,2089,2000,-496
0.6025,2206,2091,2000,-488
0.6028,2206,2091,2000,-488
0.6032,2206,2091,2000,-488
0.6036,2206,2093,2000,-488
0.6039,2206,2093,2000,-488
0.6043,2206,2093,2000,-488
0.6046,2206,2095,2000,-480
0.6050,2206,2095,2000,-480
0.6053,2206,2095,2000,-480
0.6057,2206,2096,2000,-488
0.6060,2206,2096,2000,-488
0.6064,2206,2098,2000,-488
0.6068,2206,2098,2000,-488
0.6071,2206,2098,2000,-488
0.6075,2206,2100,2000,-480
0.6078,2206,2100,2000,-480
0.6082,2206,2100,2000,-480
0.6085,2206,2102,2000,-480
0.6089,2206,2102,2000,-480
0.6092,2206,2102,2000,-480
0.6096,2206,2104,2000,-472
0.6099,2206,2104,2000,-472
0.6103,2212,2106,2000,-472
0.6110,2212,2106,2000,-472
0.6113,2212,2108,2000,-464
0.6117,2212,2108,2000,-464
0.6120,2212,2108,2000,-464
0.6124,2212,2110,2000,-464
0.6127,2212,2110,2000,-464
0.6131,2212,2110,2000,-464
0.6135,2212,2112,2000,-456
0.6138,2212,2112,2000,-456
0.6142,2212,2112,2000,-456
0.6145,2212,2113,2000,-464
0.6149,2212,2113,2000,-464
0.6152,2212,2113,2000,-464
0.6156,2212,2115,2000,-456
0.6159,2212,2115,2000,-456
0.6163,2212,2117,2000,-456
0.6167,2212,2117,2000,-456
0.6170,2212,2117,2000,-456
0.6174,2212,2119,2000,-448
0.6177,2212,2119,2000,-448
0.6181,2212,2119,2000,-448
0.6184,2212,2121,2000,-424
0.6188,2212,2121,2000,-424
0.6192,2212,2121,2000,-424
0.6195,2212,2123,2000,-424
0.6199,2212,2123,2000,-424
0.6202,2214,2125,1900,-416
0.6209,2214,2125,1900,-416
0.6212,2214,2125,1900,-416
0.6216,2214,2126,1900,-416
0.6219,2214,2126,1900,-416
0.6223,2214,2128,1900,-416
0.6226,2214,2128,1900,-416
0.6230,2214,2128,1900,-416
0.6233,2214,2130,1900,-408
0.6237,2214,2130,1900,-408
0.6240,2214,2130,1900,-408
0.6244,2214,2132,1900,-400
0.6247,2214,2132,1900,-400
0.6251,2214,2132,1900,-400
0.6254,2214,2133,1900,-400
0.6258,2214,2133,1900,-400
0.6262,2214,2133,1900,-400
0.6265,2214,2135,1900,-392
0.6269,2214,2135,1900,-392
0.6273,2214,2137,1900,-392
0.6277,2214,2137,1900,-392
0.6280,2214,2137,1900,-392
0.6283,2214,2139,1900,-384
0.6287,2214,2139,1900,-384
0.6290,2214,2139,1900,-384
0.6294,2214,2140,1900,-384
0.6297,2214,2140,1900,-384
0.6301,2214,2142,1900,-376
0.6309,2214,2142,1900,-376
0.6312,2214,2142,1900,-376
0.6315,2214,2144,1900,-368
0.6319,2214,2144,1900,-368
0.6323,2214,2146,1900,-360
0.6326,2214,2146,1900,-360
0.6330,2214,2146,1900,-360
0.6333,2214,2147,1900,-360
0.6336,2214,2147,1900,-360
0.6340,2214,2147,1900,-360
0.6343,2214,2149,1900,-352
0.6347,2214,2149,1900,-352
0.6350,2214,2149,1900,-352
0.6354,2214,2151,1900,-344
0.6357,2214,2151,1900,-344
0.6361,2214,2151,1900,-344
0.6364,2214,2153,1900,-336
0.6369,2214,2153,1900,-336
0.6372,2214,2154,1900,-336
0.6376,2214,2154,1900,-336
0.6379,2214,2154,1900,-336
0.6383,2214,2156,1900,-300
0.6387,2214,2156,1900,-300
0.6390,2214,2156,1900,-300
0.6394,2214,2158,1900,-292
0.6397,2214,2158,1900,-292
0.6400,2212,2159,1700,-292
0.6407,2212,2159,1700,-292
0.6411,2212,2159,1700,-292
0.6415,2212,2161,1700,-284
0.6418,2212,2161,1700,-284
0.6422,2212,2162,1700,-284
0.6426,2212,2162,1700,-284
0.6429,2212,2162,1700,-284
0.6433,2212,2163,1700,-276
0.6436,2212,2163,1700,-276
0.6440,2212,2163,1700,-276
0.6443,2212,2165,1700,-268
0.6447,2212,2165,1700,-268
0.6450,2212,2165,1700,-268
0.6454,2212,2166,1700,-268
0.6457,2212,2166,1700,-268
0.6461,2212,2166,1700,-268
0.6464,2212,2168,1700,-252
0.6468,2212,2168,1700,-252
0.6472,2212,2169,1700,-252
0.6476,2212,2169,1700,-252
0.6479,2212,2169,1700,-252
0.6483,2212,2171,1700,-244
0.6487,2212,2171,1700,-244
0.6490,2212,2171,1700,-244
0.6494,2212,2172,1700,-236
0.6497,2212,2172,1700,-236
0.6501,2206,2174,1700,-228
0.6508,2206,2174,1700,-228
0.6512,2206,2175,1700,-220
0.6515,2206,2175,1700,-220
0.6519,2206,2175,1700,-220
0.6522,2206,2177,1700,-212
0.6526,2206,2177,1700,-212
0.6529,2206,2177,1700,-212
0.6533,2206,2178,1700,-204
0.6536,2206,2178,1700,-204
0.6540,2206,2178,1700,-204
0.6543,2206,2180,1700,-196
0.6547,2206,2180,1700,-196
0.6550,2206,2180,1700,-196
0.6554,2206,2181,1700,-188
0.6557,2206,2181,1700,-188
0.6561,2206,2182,1700,-188
0.6565,2206,2182,1700,-188
0.6569,2206,2182,1700,-188
0.6572,2206,2183,1700,-180
0.6576,2206,2183,1700,-180
0.6579,2206,2183,1700,-180
0.6583,2206,2185,1700,-148
0.6587,2206,2185,1700,-148
0.6590,2206,2185,1700,-148
0.6594,2206,2186,1700,-148
0.6597,2206,2186,1700,-148
0.6601,2198,2187,1400,-140
0.6607,2198,2187,1400,-140
0.6611,2198,2188,1400,-132
0.6615,2198,2188,1400,-132
0.6618,2198,2188,1400,-132
0.6622,2198,2189,1400,-124
0.6625,2198,2189,1400,-124
0.6629,2198,2189,1400,-124
0.6633,2198,2190,1400,-124
0.6636,2198,2190,1400,-124
0.6640,2198,2190,1400,-124
0.6643,2198,2192,1400,-108
0.6647,2198,2192,1400,-108
0.6650,2198,2192,1400,-108
0.6654,2198,2193,1400,-100
0.6657,2198,2193,1400,-100
0.6661,2198,2194,1400,-92
0.6664,2198,2194,1400,-92
0.6668,2198,2194,1400,-92
0.6672,2198,2195,1400,-84
0.6675,2198,2195,1400,-84
0.6679,2198,2195,1400,-84
0.6682,2198,2196,1400,-76
0.6686,2198,2196,1400,-76
0.6689,2198,2196,1400,-76
0.6693,2198,2197,1400,-76
0.6697,2198,2197,1400,-76
0.6701,2188,2198,1400,-68
0.6708,2188,2198,1400,-68
0.6712,2188,2199,1400,-52
0.6716,2188,2199,1400,-52
0.6719,2188,2199,1400,-52
0.6723,2188,2200,1400,-44
0.6726,2188,2200,1400,-44
0.6730,2188,2200,1400,-44
0.6733,2188,2201,1400,-36
0.6737,2188,2201,1400,-36
0.6740,2188,2202,1400,-28
0.6744,2188,2202,1400,-28
0.6748,2188,2202,1400,-28
0.6752,2188,2203,1400,-20
0.6756,2188,2203,1400,-20
0.6759,2188,2203,1400,-20
0.6763,2188,2204,1400,20
0.6766,2188,2204,1400,20
0.6770,2188,2204,1400,20
0.6773,2188,2204,1400,20
0.6777,2188,2204,1400,20
0.6780,2188,2205,1400,44
0.6784,2188,2205,1400,44
0.6787,2188,2205,1400,44
0.6791,2188,2206,1400,52
0.6795,2188,2206,1400,52
0.6799,2188,2206,1400,52
0.6802,2175,2206,950,52
0.6809,2175,2206,950,52
0.6813,2175,2207,950,60
0.6816,2175,2207,950,60
0.6820,2175,2207,950,60
0.6823,2175,2208,950,76
0.6826,2175,2208,950,76
0.6830,2175,2208,950,76
0.6833,2175,2208,950,76
0.6836,2175,2208,950,76
0.6840,2175,2209,950,84
0.6843,2175,2209,950,84
0.6847,2175,2209,950,84
0.6850,2175,2209,950,92
0.6853,2175,2209,950,92
0.6857,2175,2209,950,92
0.6860,2175,2210,950,92
0.6864,2175,2210,950,92
0.6867,2175,2210,950,92
0.6871,2175,2210,950,92
0.6874,2175,2210,950,92
0.6878,2175,2210,950,92
0.6882,2175,2211,950,100
0.6885,2175,2211,950,100
0.6889,2175,2211,950,100
0.6892,2175,2211,950,108
0.6896,2175,2211,950,108
0.6899,2175,2211,950,108
0.6903,2160,2211,950,108
0.6910,2160,2211,950,116
0.6914,2160,2211,950,116
0.6917,2160,2211,950,116
0.6921,2160,2212,950,124
0.6925,2160,2212,950,124
0.6928,2160,2212,950,124
0.6932,2160,2212,950,132
0.6935,2160,2212,950,132
0.6939,2160,2212,950,132
0.6942,2160,2212,950,140
0.6946,2160,2212,950,140
0.6949,2160,2212,950,140
0.6953,2160,2212,950,140
0.6956,2160,2212,950,140
0.6960,2160,2212,950,148
0.6963,2160,2212,950,148
0.6967,2160,2212,950,148
0.6970,2160,2212,950,156
0.6974,2160,2212,950,156
0.6977,2160,2212,950,156
0.6981,2160,2212,950,136
0.6984,2160,2212,950,136
0.6988,2160,2212,950,136
0.6992,2160,2213,950,152
0.6995,2160,2213,950,152
0.6999,2160,2213,350,160
0.7002,2144,2213,350,160
0.7009,2144,2213,350,168
0.7013,2144,2213,350,168
0.7016,2144,2213,350,168
0.7020,2144,2213,350,176
0.7023,2144,2213,350,176
0.7027,2144,2213,350,176
0.7030,2144,2213,350,184
0.7034,2144,2213,350,184
0.7038,2144,2213,350,184
0.7041,2144,2213,350,184
0.7045,2144,2213,350,184
0.7049,2144,2213,350,192
0.7052,2144,2213,350,192
0.7056,2144,2213,350,192
0.7059,2144,2213,350,200
0.7063,2144,2213,350,200
0.7066,2144,2213,350,200
0.7070,2144,2213,350,208
0.7074,2144,2213,350,208
0.7077,2144,2213,350,208
0.7081,2144,2213,350,216
0.7085,2144,2213,350,216
0.7088,2144,2213,350,224
0.7092,2144,2213,350,224
0.7095,2144,2213,350,224
0.7099,2144,2213,350,232
0.7102,2126,2213,350,232
0.7109,2126,2213,350,240
0.7112,2126,2213,350,240
0.7116,2126,2213,350,240
0.7120,2126,2213,350,248
0.7124,2126,2213,350,248
0.7128,2126,2213,350,264
0.7132,2126,2213,350,264
0.7135,2126,2213,350,264
0.7139,2126,2213,350,272
0.7143,2126,2213,350,272
0.7146,2126,2213,350,272
0.7150,2126,2213,350,280
0.7153,2126,2213,350,280
0.7157,2126,2213,350,280
0.7160,2126,2212,350,280
0.7164,2126,2212,350,280
0.7167,2126,2212,350,280
0.7171,2126,2212,350,288
0.7175,2126,2212,350,288
0.7178,2126,2212,350,332
0.7182,2126,2212,350,332
0.7185,2126,2212,350,332
0.7189,2126,2211,350,332
0.7192,2126,2211,350,332
0.7195,2126,2211,350,332
0.7199,2126,2211,-100,340
0.7202,2106,2211,-100,340
0.7209,2106,2210,-100,340
0.7212,2106,2210,-100,340
0.7216,2106,2210,-100,340
0.7219,2106,2210,-100,356
0.7223,2106,2210,-100,356
0.7227,2106,2210,-100,356
0.7230,2106,2209,-100,356
0.7234,2106,2209,-100,356
0.7237,2106,2209,-100,356
0.7241,2106,2208,-100,356
0.7244,2106,2208,-100,356
0.7248,2106,2207,-100,364
0.7252,2106,2207,-100,364
0.7256,2106,2207,-100,364
0.7259,2106,2207,-100,372
0.7262,2106,2207,-100,372
0.7266,2106,2207,-100,372
0.7269,2106,2206,-100,380
0.7272,2106,2206,-100,380
0.7276,2106,2206,-100,380
0.7279,2106,2205,-100,380
0.7282,2106,2205,-100,380
0.7286,2106,2205,-100,380
0.7289,2106,2205,-100,396
0.7293,2106,2205,-100,396
0.7296,2106,2205,-100,396
0.7299,2106,2204,-100,396
0.7303,2086,2204,-100,396
0.7309,2086,2203,-100,404
0.7313,2086,2203,-100,404
0.7316,2086,2203,-100,404
0.7320,2086,2203,-100,420
0.7324,2086,2203,-100,420
0.7328,2086,2202,-100,420
0.7332,2086,2202,-100,420
0.7336,2086,2202,-100,420
0.7339,2086,2201,-100,428
0.7343,2086,2201,-100,428
0.7346,2086,2201,-100,428
0.7350,2086,2200,-100,436
0.7353,2086,2200,-100,436
0.7357,2086,2200,-100,436
0.7361,2086,2199,-100,436
0.7364,2086,2199,-100,436
0.7368,2086,2198,-100,444
0.7372,2086,2198,-100,444
0.7375,2086,2198,-100,444
0.7379,2086,2197,-100,428
0.7382,2086,2197,-100,428
0.7386,2086,2197,-100,428
0.7389,2086,2196,-100,428
0.7393,2086,2196,-100,428
0.7397,2086,2196,-100,428
0.7400,2065,2195,-800,436
0.7407,2065,2194,-800,444
0.7410,2065,2194,-800,444
0.7414,2065,2194,-800,444
0.7417,2065,2193,-800,452
0.7421,2065,2193,-800,452
0.7425,2065,2193,-800,452
0.7429,2065,2192,-800,460
0.7433,2065,2192,-800,460
0.7436,2065,2192,-800,460
0.7440,2065,2191,-800,468
0.7444,2065,2191,-800,468
0.7447,2065,2190,-800,476
0.7451,2065,2190,-800,476
0.7455,2065,2190,-800,476
0.7459,2065,2189,-800,484
0.7463,2065,2189,-800,484
0.7467,2065,2188,-800,492
0.7470,2065,2188,-800,492
0.7474,2065,2188,-800,492
0.7479,2065,2186,-800,484
0.7483,2065,2186,-800,484
0.7486,2065,2185,-800,492
0.7490,2065,2185,-800,492
0.7494,2065,2185,-800,492
0.7498,2065,2184,-800,500
0.7501,2044,2184,-800,500
0.7508,2044,2183,-800,508
0.7512,2044,2183,-800,508
0.7516,2044,2183,-800,508
0.7519,2044,2182,-800,516
0.7523,2044,2182,-800,516
0.7526,2044,2180,-800,516
0.7530,2044,2180,-800,516
0.7533,2044,2180,-800,516
0.7537,2044,2179,-800,524
0.7540,2044,2179,-800,524
0.7544,2044,2179,-800,524
0.7547,2044,2178,-800,532
0.7551,2044,2178,-800,532
0.7555,2044,2178,-800,532
0.7559,2044,2176,-800,532
0.7562,2044,2176,-800,532
0.7566,2044,2175,-800,540
0.7569,2044,2175,-800,540
0.7573,2044,2175,-800,540
0.7576,2044,2174,-800,536
0.7580,2044,2174,-800,536
0.7584,2044,2174,-800,536
0.7587,2044,2172,-800,536
0.7591,2044,2172,-800,536
0.7594,2044,2172,-800,536
0.7598,2044,2171,-1200,544
0.7602,2022,2171,-1200,544
0.7608,2022,2169,-1200,544
0.7612,2022,2169,-1200,544
0.7616,2022,2168,-1200,552
0.7620,2022,2168,-1200,552
0.7623,2022,2168,-1200,552
0.7627,2022,2167,-1200,560
0.7630,2022,2167,-1200,560
0.7634,2022,2167,-1200,560
0.7639,2022,2165,-1200,560
0.7642,2022,2165,-1200,560
0.7645,2022,2164,-1200,568
0.7649,2022,2164,-1200,568
0.7654,2022,2164,-1200,568
0.7658,2022,2162,-1200,568
0.7662,2022,2162,-1200,568
0.7666,2022,2161,-1200,576
0.7669,2022,2161,-1200,576
0.7673,2022,2161,-1200,576
0.7677,2022,2159,-1200,576
0.7681,2022,2159,-1200,576
0.7685,2022,2159,-1200,576
0.7689,2022,2158,-1200,584
0.7693,2022,2158,-1200,584
0.7696,2022,2156,-1200,584
0.7700,2002,2156,-1200,584
0.7707,2002,2155,-1200,592
0.7711,2002,2155,-1200,592
0.7715,2002,2155,-1200,592
0.7719,2002,2153,-1200,592
0.7722,2002,2153,-1200,592
0.7726,2002,2151,-1200,584
0.7729,2002,2151,-1200,584
0.7733,2002,2151,-1200,584
0.7737,2002,2149,-1200,584
0.7741,2002,2149,-1200,584
0.7744,2002,2149,-1200,584
0.7748,2002,2148,-1200,592
0.7751,2002,2148,-1200,592
0.7755,2002,2148,-1200,592
0.7759,2002,2146,-1200,592
0.7762,2002,2146,-1200,592
0.7766,2002,2144,-1200,592
0.7770,2002,2144,-1200,592
0.7773,2002,2144,-1200,592
0.7777,2002,2142,-1200,564
0.7781,2002,2142,-1200,564
0.7785,2002,2141,-1200,572
0.7789,2002,2141,-1200,572
0.7793,2002,2141,-1200,572
0.7797,2002,2139,-1600,572
0.7800,1981,2139,-1600,572
0.7809,1981,2137,-1600,572
0.7812,1981,2137,-1600,572
0.7816,1981,2135,-1600,572
0.7820,1981,2135,-1600,572
0.7824,1981,2135,-1600,572
0.7827,1981,2133,-1600,572
0.7831,1981,2133,-1600,572
0.7835,1981,2131,-1600,572
0.7839,1981,2131,-1600,572
0.7842,1981,2131,-1600,572
0.7846,1981,2130,-1600,580
0.7849,1981,2130,-1600,580
0.7853,1981,2130,-1600,580
0.7857,1981,2128,-1600,580
0.7860,1981,2128,-1600,580
0.7864,1981,2128,-1600,580
0.7868,1981,2126,-1600,580
0.7872,1981,2126,-1600,580
0.7876,1981,2124,-1600,580
0.7880,1981,2124,-1600,580
0.7883,1981,2124,-1600,580
0.7887,1981,2123,-1600,588
0.7891,1981,2123,-1600,588
0.7894,1981,2121,-1600,588
0.7899,1981,2121,-1600,588
0.7903,1961,2119,-1600,588
0.7910,1961,2119,-1600,588
0.7913,1961,2119,-1600,588
0.7917,1961,2117,-1600,588
0.7920,1961,2117,-1600,588
0.7924,1961,2115,-1600,588
0.7929,1961,2115,-1600,588
0.7933,1961,2115,-1600,588
0.7937,1961,2113,-1600,588
0.7941,1961,2113,-1600,588
0.7944,1961,2112,-1600,596
0.7949,1961,2112,-1600,596
0.7953,1961,2112,-1600,596
0.7956,1961,2110,-1600,596
0.7960,1961,2110,-1600,596
0.7964,1961,2107,-1600,588
0.7968,1961,2107,-1600,588
0.7971,1961,2107,-1600,588
0.7975,1961,2106,-1600,584
0.7979,1961,2106,-1600,584
0.7983,1961,2106,-1600,584
0.7986,1961,2104,-1600,584
0.7990,1961,2104,-1600,584
0.7994,1961,2102,-1850,584
0.7999,1961,2102,-1850,584
0.8003,1943,2100,-1850,584
0.8010,1943,2100,-1850,584
0.8013,1943,2098,-1850,584
0.8018,1943,2098,-1850,584
0.8021,1943,2098,-1850,584
0.8025,1943,2096,-1850,584
0.8029,1943,2096,-1850,584
0.8033,1943,2096,-1850,584
0.8037,1943,2094,-1850,584
0.8040,1943,2094,-1850,584
0.8044,1943,2092,-1850,584
0.8048,1943,2092,-1850,584
0.8051,1943,2092,-1850,584
0.8055,1943,2090,-1850,584
0.8059,1943,2090,-1850,584
0.8063,1943,2090,-1850,584
0.8067,1943,2088,-1850,584
0.8070,1943,2088,-1850,584
0.8074,1943,2086,-1850,584
0.8079,1943,2086,-1850,584
0.8082,1943,2086,-1850,584
0.8086,1943,2084,-1850,584
0.8090,1943,2084,-1850,584
0.8094,1943,2082,-1850,576
0.8097,1943,2082,-1850,576
0.8101,1927,2080,-1850,576
0.8109,1927,2080,-1850,576
0.8113,1927,2080,-1850,576
0.8117,1927,2078,-1850,576
0.8121,1927,2078,-1850,576
0.8124,1927,2077,-1850,584
0.8129,1927,2077,-1850,584
0.8132,1927,2077,-1850,584
0.8136,1927,2075,-1850,584
0.8140,1927,2075,-1850,584
0.8144,1927,2072,-1850,576
0.8147,1927,2072,-1850,576
0.8151,1927,2072,-1850,576
0.8155,1927,2070,-1850,576
0.8159,1927,2070,-1850,576
0.8163,1927,2068,-1850,576
0.8167,1927,2068,-1850,576
0.8171,1927,2068,-1850,576
0.8175,1927,2066,-1850,556
0.8179,1927,2066,-1850,556
0.8183,1927,2064,-1850,556
0.8188,1927,2064,-1850,556
0.8191,1927,2064,-1850,556
0.8195,1927,2062,-2000,556
0.8199,1927,2062,-2000,556
0.8203,1912,2060,-2000,556
0.8211,1912,2060,-2000,556
0.8214,1912,2058,-2000,556
0.8219,1912,2058,-2000,556
0.8222,1912,2058,-2000,556
0.8226,1912,2056,-2000,556
0.8230,1912,2056,-2000,556
0.8234,1912,2054,-2000,548
0.8239,1912,2054,-2000,548
0.8243,1912,2052,-2000,548
0.8247,1912,2052,-2000,548
0.8251,1912,2052,-2000,548
0.8254,1912,2050,-2000,548
0.8259,1912,2050,-2000,548
0.8262,1912,2048,-2000,548
0.8266,1912,2048,-2000,548
0.8270,1912,2048,-2000,548
0.8273,1912,2046,-2000,548
0.8277,1912,2046,-2000,548
0.8281,1912,2046,-2000,548
0.8285,1912,2044,-2000,548
0.8288,1912,2044,-2000,548
0.8292,1912,2042,-2000,548
0.8296,1912,2042,-2000,548
0.8299,1912,2042,-2000,548
0.8303,1900,2040,-2000,540
0.8311,1900,2040,-2000,540
0.8314,1900,2038,-2000,540
0.8319,1900,2038,-2000,540
0.8323,1900,2036,-2000,540
0.8326,1900,2036,-2000,540
0.8330,1900,2036,-2000,540
0.8334,1900,2034,-2000,540
0.8339,1900,2034,-2000,540
0.8342,1900,2032,-2000,540
0.8346,1900,2032,-2000,540
0.8350,1900,2032,-2000,540
0.8353,1900,2030,-2000,540
0.8357,1900,2030,-2000,540
0.8361,1900,2030,-2000,540
0.8364,1900,2028,-2000,540
0.8368,1900,2028,-2000,540
0.8372,1900,2026,-2000,524
0.8375,1900,2026,-2000,524
0.8379,1900,2026,-2000,524
0.8383,1900,2024,-2000,524
0.8386,1900,2024,-2000,524
0.8390,1900,2024,-2000,524
0.8394,1900,2022,-2000,524
0.8397,1900,2022,-2000,524
0.8401,1889,2020,-2000,524
0.8409,1889,2020,-2000,524
0.8413,1889,2018,-2000,516
0.8417,1889,2018,-2000,516
0.8420,1889,2018,-2000,516
0.8424,1889,2016,-2000,516
0.8429,1889,2016,-2000,516
0.8433,1889,2014,-2000,516
0.8437,1889,2014,-2000,516
0.8440,1889,2014,-2000,516
0.8444,1889,2012,-2000,516
0.8448,1889,2012,-2000,516
0.8452,1889,2010,-2000,508
0.8456,1889,2010,-2000,508
0.8460,1889,2010,-2000,508
0.8464,1889,2008,-2000,508
0.8467,1889,2008,-2000,508
0.8471,1889,2008,-2000,508
0.8475,1889,2006,-2000,508
0.8479,1889,2006,-2000,508
0.8482,1889,2004,-2000,508
0.8486,1889,2004,-2000,508
0.8490,1889,2004,-2000,508
0.8494,1889,2002,-2000,500
0.8498,1889,2002,-2000,500
0.8502,1882,2000,-2000,500
0.8509,1882,2000,-2000,500
0.8513,1882,1999,-2000,500
0.8517,1882,1999,-2000,500
0.8521,1882,1999,-2000,500
0.8525,1882,1996,-2000,492
0.8529,1882,1996,-2000,492
0.8533,1882,1994,-2000,492
0.8536,1882,1994,-2000,492
0.8540,1882,1994,-2000,492
0.8544,1882,1992,-2000,484
0.8549,1882,1992,-2000,484
0.8553,1882,1991,-2000,492
0.8556,1882,1991,-2000,492
0.8560,1882,1991,-2000,492
0.8565,1882,1989,-2000,492
0.8569,1882,1989,-2000,492
0.8573,1882,1987,-2000,476
0.8576,1882,1987,-2000,476
0.8580,1882,1987,-2000,476
0.8584,1882,1985,-2000,476
0.8589,1882,1985,-2000,476
0.8593,1882,1983,-1950,468
0.8596,1882,1983,-1950,468
0.8600,1882,1983,-1950,468
0.8603,1876,1981,-1950,468
0.8610,1876,1981,-1950,468
0.8614,1876,1980,-1950,468
0.8619,1876,1980,-1950,468
0.8622,1876,1978,-1950,468
0.8626,1876,1978,-1950,468
0.8630,1876,1978,-1950,468
0.8634,1876,1976,-1950,460
0.8639,1876,1976,-1950,460
0.8643,1876,1974,-1950,460
0.8646,1876,1974,-1950,460
0.8650,1876,1974,-1950,460
0.8654,1876,1972,-1950,452
0.8657,1876,1972,-1950,452
0.8661,1876,1970,-1950,444
0.8665,1876,1970,-1950,444
0.8669,1876,1970,-1950,444
0.8673,1876,1968,-1950,444
0.8676,1876,1968,-1950,444
0.8680,1876,1967,-1950,444
0.8684,1876,1967,-1950,444
0.8688,1876,1967,-1950,444
0.8692,1876,1965,-1950,444
0.8696,1876,1965,-1950,444
0.8699,1876,1965,-1950,444
0.8703,1874,1963,-1950,436
0.8710,1874,1961,-1950,428
0.8714,1874,1961,-1950,428
0.8719,1874,1961,-1950,428
0.8722,1874,1960,-1950,428
0.8726,1874,1960,-1950,428
0.8730,1874,1960,-1950,428
0.8734,1874,1958,-1950,428
0.8737,1874,1958,-1950,428
0.8741,1874,1956,-1950,420
0.8745,1874,1956,-1950,420
0.8748,1874,1956,-1950,420
0.8752,1874,1954,-1950,412
0.8756,1874,1954,-1950,412
0.8759,1874,1954,-1950,412
0.8763,1874,1952,-1950,404
0.8766,1874,1952,-1950,404
0.8770,1874,1950,-1950,376
0.8774,1874,1950,-1950,376
0.8777,1874,1950,-1950,376
0.8781,1874,1948,-1950,376
0.8785,1874,1948,-1950,376
0.8788,1874,1948,-1950,376
0.8792,1874,1947,-1800,376
0.8796,1874,1947,-1800,376
0.8799,1874,1947,-1800,376
0.8803,1874,1945,-1800,368
0.8810,1874,1943,-1800,360
0.8814,1874,1943,-1800,360
0.8818,1874,1943,-1800,360
0.8821,1874,1942,-1800,360
0.8825,1874,1942,-1800,360
0.8829,1874,1942,-1800,360
0.8833,1874,1940,-1800,352
0.8836,1874,1940,-1800,352
0.8840,1874,1938,-1800,344
0.8844,1874,1938,-1800,344
0.8847,1874,1938,-1800,344
0.8851,1874,1937,-1800,344
0.8855,1874,1937,-1800,344
0.8859,1874,1937,-1800,344
0.8863,1874,1935,-1800,336
0.8866,1874,1935,-1800,336
0.8870,1874,1933,-1800,320
0.8874,1874,1933,-1800,320
0.8877,1874,1933,-1800,320
0.8881,1874,1931,-1800,312
0.8885,1874,1931,-1800,312
0.8888,1874,1931,-1800,312
0.8892,1874,1930,-1800,312
0.8896,1874,1930,-1800,312
0.8900,1874,1928,-1800,304
0.8904,1877,1928,-1800,304
0.8911,1877,1927,-1800,304
0.8915,1877,1927,-1800,304
0.8919,1877,1927,-1800,304
0.8923,1877,1925,-1800,296
0.8927,1877,1925,-1800,296
0.8930,1877,1924,-1800,288
0.8934,1877,1924,-1800,288
0.8938,1877,1924,-1800,288
0.8941,1877,1922,-1800,280
0.8945,1877,1922,-1800,280
0.8949,1877,1921,-1800,280
0.8953,1877,1921,-1800,280
0.8957,1877,1921,-1800,280
0.8961,1877,1919,-1800,264
0.8964,1877,1919,-1800,264
0.8969,1877,1919,-1800,264
0.8972,1877,1918,-1800,248
0.8976,1877,1918,-1800,248
0.8980,1877,1916,-1800,240
0.8984,1877,1916,-1800,240
0.8989,1877,1915,-1600,232
0.8993,1877,1915,-1600,232
0.8996,1877,1915,-1600,232
0.9000,1877,1913,-1600,224
0.9004,1882,1913,-1600,224
0.9010,1882,1912,-1600,216
0.9014,1882,1912,-1600,216
0.9018,1882,1912,-1600,216
0.9022,1882,1910,-1600,208
0.9026,1882,1910,-1600,208
0.9029,1882,1909,-1600,200
0.9033,1882,1909,-1600,200
0.9037,1882,1909,-1600,200
0.9041,1882,1908,-1600,200
0.9044,1882,1908,-1600,200
0.9049,1882,1907,-1600,192
0.9052,1882,1907,-1600,192
0.9056,1882,1907,-1600,192
0.9060,1882,1905,-1600,184
0.9063,1882,1905,-1600,184
0.9067,1882,1905,-1600,184
0.9071,1882,1904,-1600,176
0.9075,1882,1904,-1600,176
0.9079,1882,1903,-1600,168
0.9083,1882,1903,-1600,168
0.9087,1882,1903,-1600,168
0.9091,1882,1901,-1600,160
0.9094,1882,1901,-1600,160
0.9099,1882,1900,-1600,152
0.9102,1890,1900,-1600,152
0.9110,1890,1899,-1600,144
0.9113,1890,1899,-1600,144
0.9117,1890,1899,-1600,144
0.9121,1890,1897,-1600,128
0.9125,1890,1897,-1600,128
0.9129,1890,1896,-1600,128
0.9133,1890,1896,-1600,128
0.9136,1890,1896,-1600,128
0.9140,1890,1895,-1600,120
0.9144,1890,1895,-1600,120
0.9148,1890,1895,-1600,120
0.9151,1890,1894,-1600,112
0.9155,1890,1894,-1600,112
0.9159,1890,1893,-1600,104
0.9163,1890,1893,-1600,104
0.9167,1890,1893,-1600,104
0.9170,1890,1892,-1600,76
0.9174,1890,1892,-1600,76
0.9178,1890,1892,-1600,76
0.9181,1890,1891,-1600,68
0.9185,1890,1891,-1600,68
0.9189,1890,1890,-1250,60
0.9193,1890,1890,-1250,60
0.9197,1890,1890,-1250,60
0.9200,1900,1889,-1250,52
0.9207,1900,1888,-1250,44
0.9211,1900,1888,-1250,44
0.9215,1900,1888,-1250,44
0.9219,1900,1887,-1250,36
0.9223,1900,1887,-1250,36
0.9226,1900,1887,-1250,36
0.9230,1900,1886,-1250,28
0.9234,1900,1886,-1250,28
0.9237,1900,1885,-1250,20
0.9241,1900,1885,-1250,20
0.9245,1900,1885,-1250,20
0.9249,1900,1884,-1250,-20
0.9253,1900,1884,-1250,-20
0.9256,1900,1884,-1250,-20
0.9260,1900,1884,-1250,-20
0.9264,1900,1884,-1250,-20
0.9268,1900,1883,-1250,-28
0.9271,1900,1883,-1250,-28
0.9275,1900,1883,-1250,-28
0.9279,1900,1882,-1250,-44
0.9283,1900,1882,-1250,-44
0.9287,1900,1882,-1250,-44
0.9290,1900,1881,-1250,-52
0.9294,1900,1881,-1250,-52
0.9299,1900,1881,-1250,-52
0.9302,1913,1881,-1250,-52
0.9309,1913,1880,-1250,-60
0.9312,1913,1880,-1250,-60
0.9316,1913,1880,-1250,-60
0.9320,1913,1879,-1250,-76
0.9324,1913,1879,-1250,-76
0.9328,1913,1879,-1250,-76
0.9331,1913,1879,-1250,-76
0.9335,1913,1879,-1250,-76
0.9339,1913,1878,-1250,-92
0.9343,1913,1878,-1250,-92
0.9346,1913,1878,-1250,-92
0.9350,1913,1878,-1250,-92
0.9354,1913,1878,-1250,-92
0.9357,1913,1877,-1250,-92
0.9361,1913,1877,-1250,-92
0.9365,1913,1877,-1250,-92
0.9369,1913,1877,-1250,-84
0.9373,1913,1877,-1250,-84
0.9377,1913,1876,-1250,-92
0.9380,1913,1876,-1250,-92
0.9384,1913,1876,-1250,-92
0.9389,1913,1876,-700,-100
0.9392,1913,1876,-700,-100
0.9396,1913,1876,-700,-100
0.9400,1927,1876,-700,-100
0.9407,1927,1875,-700,-116
0.9411,1927,1875,-700,-116
0.9415,1927,1875,-700,-116
0.9419,1927,1875,-700,-116
0.9423,1927,1875,-700,-116
0.9427,1927,1875,-700,-124
0.9431,1927,1875,-700,-124
0.9434,1927,1875,-700,-124
0.9439,1927,1874,-700,-140
0.9442,1927,1874,-700,-140
0.9446,1927,1874,-700,-140
0.9450,1927,1874,-700,-140
0.9454,1927,1874,-700,-140
0.9458,1927,1874,-700,-148
0.9462,1927,1874,-700,-148
0.9466,1927,1874,-700,-156
0.9470,1927,1874,-700,-156
0.9474,1927,1874,-700,-156
0.9479,1927,1874,-700,-164
0.9482,1927,1874,-700,-164
0.9486,1927,1874,-700,-164
0.9490,1927,1874,-700,-164
0.9494,1927,1874,-700,-164
0.9498,1927,1874,-700,-172
0.9502,1944,1874,-700,-172
0.9509,1944,1874,-700,-180
0.9513,1944,1874,-700,-180
0.9516,1944,1874,-700,-188
0.9520,1944,1874,-700,-188
0.9523,1944,1874,-700,-188
0.9527,1944,1874,-700,-196
0.9531,1944,1874,-700,-196
0.9535,1944,1874,-700,-196
0.9539,1944,1874,-700,-196
0.9543,1944,1874,-700,-196
0.9547,1944,1874,-700,-204
0.9551,1944,1874,-700,-204
0.9554,1944,1874,-700,-204
0.9559,1944,1874,-700,-212
0.9562,1944,1874,-700,-212
0.9566,1944,1874,-700,-220
0.9570,1944,1874,-700,-220
0.9574,1944,1874,-700,-220
0.9578,1944,1874,-700,-228
0.9581,1944,1874,-700,-228
0.9585,1944,1874,-700,-228
0.9589,1944,1874,-100,-236
0.9593,1944,1874,-100,-236
0.9597,1944,1874,-100,-244
0.9600,1962,1874,-100,-244
0.9608,1962,1874,-100,-252
0.9611,1962,1874,-100,-252
0.9615,1962,1874,-100,-252
0.9619,1962,1874,-100,-260
0.9622,1962,1874,-100,-260
0.9626,1962,1874,-100,-276
0.9629,1962,1874,-100,-276
0.9633,1962,1874,-100,-276
0.9636,1962,1874,-100,-284
0.9640,1962,1874,-100,-284
0.9644,1962,1874,-100,-284
0.9649,1962,1875,-100,-284
0.9653,1962,1875,-100,-284
0.9656,1962,1875,-100,-292
0.9660,1962,1875,-100,-292
0.9664,1962,1875,-100,-292
0.9668,1962,1875,-100,-300
0.9672,1962,1875,-100,-300
0.9675,1962,1876,-100,-308
0.9679,1962,1876,-100,-308
0.9683,1962,1876,-100,-308
0.9687,1962,1876,-100,-316
0.9691,1962,1876,-100,-316
0.9695,1962,1876,-100,-316
0.9699,1962,1877,-100,-316
0.9702,1982,1877,-100,-324
0.9709,1982,1877,-100,-324
0.9713,1982,1877,-100,-324
0.9716,1982,1878,-100,-332
0.9720,1982,1878,-100,-332
0.9723,1982,1878,-100,-332
0.9727,1982,1878,-100,-340
0.9731,1982,1878,-100,-340
0.9734,1982,1878,-100,-340
0.9738,1982,1879,-100,-348
0.9741,1982,1879,-100,-348
0.9744,1982,1879,-100,-348
0.9748,1982,1879,-100,-356
0.9752,1982,1879,-100,-356
0.9756,1982,1880,-100,-356
0.9760,1982,1880,-100,-356
0.9764,1982,1880,-100,-356
0.9767,1982,1881,-100,-368
0.9771,1982,1881,-100,-368
0.9775,1982,1881,-100,-376
0.9779,1982,1881,-100,-376
0.9783,1982,1881,-100,-376
0.9786,1982,1882,400,-384
0.9790,1982,1882,400,-384
0.9794,1982,1882,400,-384
0.9798,1982,1883,400,-384
0.9802,2002,1884,400,-392
0.9809,2002,1884,400,-392
0.9813,2002,1884,400,-392
0.9817,2002,1885,400,-400
0.9820,2002,1885,400,-400
0.9824,2002,1886,400,-400
0.9829,2002,1886,400,-400
0.9832,2002,1886,400,-400
0.9836,2002,1886,400,-416
0.9840,2002,1886,400,-416
0.9843,2002,1886,400,-416
0.9847,2002,1887,400,-424
0.9851,2002,1887,400,-424
0.9854,2002,1888,400,-424
0.9859,2002,1888,400,-424
0.9863,2002,1888,400,-424
0.9866,2002,1889,400,-432
0.9870,2002,1889,400,-432
0.9874,2002,1890,400,-440
0.9878,2002,1890,400,-440
0.9883,2002,1890,400,-440
0.9886,2002,1891,400,-448
0.9890,2002,1891,400,-448
0.9894,2002,1892,400,-448
0.9899,2002,1892,400,-448
0.9903,2023,1893,400,-456
0.9910,2023,1893,400,-456
0.9914,2023,1894,400,-464
0.9919,2023,1894,400,-464
0.9923,2023,1894,400,-464
0.9926,2023,1895,400,-472
0.9930,2023,1895,400,-472
0.9934,2023,1896,400,-480
0.9939,2023,1896,400,-480
0.9943,2023,1896,400,-480
0.9946,2023,1897,400,-488
0.9951,2023,1897,400,-488
0.9954,2023,1898,400,-496
0.9958,2023,1898,400,-496
0.9962,2023,1898,400,-496
0.9966,2023,1899,400,-500
0.9969,2023,1899,400,-500
0.9973,2023,1899,400,-500
0.9977,2023,1900,400,-508
0.9980,2023,1900,400,-508
0.9984,2023,1901,950,-508
0.9989,2023,1901,950,-508
0.9992,2023,1901,950,-508
0.9996,2023,1902,950,-516
0.9999,2023,1902,950,-516
1.0003,2045,1904,950,-516
1.0011,2045,1904,950,-516
1.0014,2045,1905,950,-524
1.0019,2045,1905,950,-524
1.0023,2045,1905,950,-524
1.0026,2045,1906,950,-532
1.0030,2045,1906,950,-532
1.0034,2045,1908,950,-532
1.0039,2045,1908,950,-532
1.0042,2045,1908,950,-532
1.0046,2045,1909,950,-540
1.0050,2045,1909,950,-540
1.0053,2045,1910,950,-548
1.0057,2045,1910,950,-548
1.0061,2045,1910,950,-548
1.0064,2045,1912,950,-548
1.0068,2045,1912,950,-548
1.0072,2045,1912,950,-548
1.0076,2045,1913,950,-556
1.0080,2045,1913,950,-556
1.0083,2045,1915,950,-548
1.0087,2045,1915,950,-548
1.0091,2045,1915,950,-548
1.0095,2045,1916,950,-556
1.0099,2045,1916,950,-556
1.0103,2066,1918,950,-556
1.0110,2066,1918,950,-556
1.0113,2066,1919,950,-564
1.0117,2066,1919,950,-564
1.0121,2066,1919,950,-564
1.0125,2066,1920,950,-572
1.0129,2066,1920,950,-572
1.0133,2066,1920,950,-572
1.0137,2066,1922,950,-572
1.0140,2066,1922,950,-572
1.0144,2066,1923,950,-580
1.0149,2066,1923,950,-580
1.0152,2066,1923,950,-580
1.0156,2066,1925,950,-580
1.0160,2066,1925,950,-580
1.0164,2066,1926,950,-564
1.0168,2066,1926,950,-564
1.0171,2066,1926,950,-564
1.0175,2066,1928,950,-564
1.0178,2066,1928,950,-564
1.0182,2066,1928,950,-564
1.0186,2066,1929,1400,-572
1.0190,2066,1929,1400,-572
1.0194,2066,1931,1400,-572
1.0197,2066,1931,1400,-572
1.0201,2087,1933,1400,-572
1.0209,2087,1933,1400,-572
1.0213,2087,1934,1400,-580
1.0217,2087,1934,1400,-580
1.0221,2087,1934,1400,-580
1.0224,2087,1936,1400,-580
1.0229,2087,1936,1400,-580
1.0232,2087,1938,1400,-572
1.0236,2087,1938,1400,-572
1.0240,2087,1938,1400,-572
1.0244,2087,1940,1400,-572
1.0248,2087,1940,1400,-572
1.0252,2087,1940,1400,-572
1.0255,2087,1941,1400,-580
1.0259,2087,1941,1400,-580
1.0263,2087,1943,1400,-580
1.0267,2087,1943,1400,-580
1.0271,2087,1943,1400,-580
1.0275,2087,1945,1400,-588
1.0279,2087,1945,1400,-588
1.0283,2087,1947,1400,-580
1.0286,2087,1947,1400,-580
1.0290,2087,1947,1400,-580
1.0294,2087,1948,1400,-588
1.0299,2087,1948,1400,-588
1.0302,2107,1949,1400,-596
1.0310,2107,1949,1400,-596
1.0313,2107,1951,1400,-596
1.0317,2107,1951,1400,-596
1.0321,2107,1951,1400,-596
1.0325,2107,1953,1400,-596
1.0329,2107,1953,1400,-596
1.0333,2107,1955,1400,-596
1.0337,2107,1955,1400,-596
1.0340,2107,1955,1400,-596
1.0344,2107,1957,1400,-596
1.0349,2107,1957,1400,-596
1.0353,2107,1959,1400,-596
1.0356,2107,1959,1400,-596
1.0360,2107,1959,1400,-596
1.0364,2107,1961,1400,-568
1.0369,2107,1961,1400,-568
1.0372,2107,1963,1400,-568
1.0376,2107,1963,1400,-568
1.0380,2107,1963,1400,-568
1.0383,2107,1965,1800,-568
1.0387,2107,1965,1800,-568
1.0391,2107,1965,1800,-568
1.0395,2107,1966,1800,-576
1.0399,2107,1966,1800,-576
1.0403,2127,1968,1800,-576
1.0410,2127,1968,1800,-576
1.0414,2127,1970,1800,-576
1.0418,2127,1970,1800,-576
1.0421,2127,1970,1800,-576
1.0425,2127,1972,1800,-576
1.0429,2127,1972,1800,-576
1.0432,2127,1974,1800,-576
1.0436,2127,1974,1800,-576
1.0440,2127,1974,1800,-576
1.0444,2127,1976,1800,-576
1.0448,2127,1976,1800,-576
1.0451,2127,1977,1800,-584
1.0455,2127,1977,1800,-584
1.0459,2127,1977,1800,-584
1.0463,2127,1979,1800,-584
1.0467,2127,1979,1800,-584
1.0471,2127,1979,1800,-584
1.0475,2127,1981,1800,-584
1.0479,2127,1981,1800,-584
1.0482,2127,1983,1800,-584
1.0486,2127,1983,1800,-584
1.0490,2127,1983,1800,-584
1.0494,2127,1985,1800,-584
1.0498,2127,1985,1800,-584
1.0502,2145,1987,1800,-584
1.0509,2145,1987,1800,-584
1.0512,2145,1989,1800,-584
1.0516,2145,1989,1800,-584
1.0520,2145,1989,1800,-584
1.0524,2145,1991,1800,-584
1.0528,2145,1991,1800,-584
1.0531,2145,1993,1800,-584
1.0535,2145,1993,1800,-584
1.0539,2145,1993,1800,-584
1.0543,2145,1995,1800,-584
1.0546,2145,1995,1800,-584
1.0550,2145,1995,1800,-584
1.0554,2145,1997,1800,-584
1.0559,2145,1997,1800,-584
1.0562,2145,1998,1800,-588
1.0566,2145,1998,1800,-588
1.0570,2145,1998,1800,-588
1.0574,2145,2000,1800,-588
1.0578,2145,2000,1800,-588
1.0582,2145,2002,1850,-588
1.0585,2145,2002,1850,-588
1.0589,2145,2002,1850,-588
1.0593,2145,2005,1850,-580
1.0597,2145,2005,1850,-580
1.0601,2161,2007,1850,-580
1.0609,2161,2007,1850,-580
1.0613,2161,2008,1850,-588
1.0616,2161,2008,1850,-588
1.0620,2161,2008,1850,-588
1.0624,2161,2011,1850,-580
1.0629,2161,2011,1850,-580
1.0632,2161,2012,1850,-588
1.0636,2161,2012,1850,-588
1.0639,2161,2012,1850,-588
1.0643,2161,2014,1850,-588
1.0647,2161,2014,1850,-588
1.0651,2161,2017,1850,-580
1.0655,2161,2017,1850,-580
1.0659,2161,2017,1850,-580
1.0663,2161,2019,1850,-580
1.0667,2161,2019,1850,-580
1.0671,2161,2020,1850,-580
1.0675,2161,2020,1850,-580
1.0679,2161,2020,1850,-580
1.0682,2161,2022,1850,-580
1.0686,2161,2022,1850,-580
1.0690,2161,2022,1850,-580
1.0693,2161,2024,1850,-580
1.0697,2161,2024,1850,-580
1.0701,2176,2026,1850,-580
1.0709,2176,2026,1850,-580
1.0713,2176,2028,1850,-580
1.0716,2176,2028,1850,-580
1.0720,2176,2030,1850,-580
1.0724,2176,2030,1850,-580
1.0729,2176,2030,1850,-580
1.0732,2176,2032,1850,-580
1.0736,2176,2032,1850,-580
1.0740,2176,2034,1850,-580
1.0743,2176,2034,1850,-580
1.0747,2176,2034,1850,-580
1.0751,2176,2037,1850,-564
1.0755,2176,2037,1850,-564
1.0759,2176,2037,1850,-564
1.0763,2176,2039,1850,-540
1.0767,2176,2039,1850,-540
1.0771,2176,2041,1850,-540
1.0775,2176,2041,1850,-540
1.0779,2176,2041,1850,-540
1.0783,2176,2043,2050,-540
1.0786,2176,2043,2050,-540
1.0790,2176,2045,2050,-540
1.0794,2176,2045,2050,-540
1.0797,2176,2045,2050,-540
1.0801,2188,2047,2050,-540
1.0809,2188,2047,2050,-540
1.0813,2188,2049,2050,-532
1.0816,2188,2049,2050,-532
1.0820,2188,2051,2050,-532
1.0824,2188,2051,2050,-532
1.0829,2188,2051,2050,-532
1.0832,2188,2053,2050,-532
1.0836,2188,2053,2050,-532
1.0840,2188,2055,2050,-532
1.0843,2188,2055,2050,-532
1.0847,2188,2055,2050,-532
1.0851,2188,2057,2050,-532
1.0855,2188,2057,2050,-532
1.0859,2188,2057,2050,-532
1.0863,2188,2059,2050,-532
1.0867,2188,2059,2050,-532
1.0871,2188,2061,2050,-524
1.0874,2188,2061,2050,-524
1.0879,2188,2061,2050,-524
1.0883,2188,2063,2050,-524
1.0886,2188,2063,2050,-524
1.0890,2188,2065,2050,-524
1.0894,2188,2065,2050,-524
1.0899,2188,2065,2050,-524
1.0903,2199,2067,2050,-524
1.0910,2199,2069,2050,-516
1.0913,2199,2069,2050,-516
1.0917,2199,2069,2050,-516
1.0921,2199,2071,2050,-516
1.0925,2199,2071,2050,-516
1.0929,2199,2073,2050,-516
1.0933,2199,2073,2050,-516
1.0937,2199,2073,2050,-516
1.0941,2199,2075,2050,-516
1.0945,2199,2075,2050,-516
1.0948,2199,2075,2050,-516
1.0952,2199,2077,2050,-516
1.0956,2199,2077,2050,-516
1.0959,2199,2079,2050,-504
1.0963,2199,2079,2050,-504
1.0967,2199,2079,2050,-504
1.0971,2199,2081,2050,-504
1.0975,2199,2081,2050,-504
1.0979,2199,2083,2000,-504
1.0983,2199,2083,2000,-504
1.0987,2199,2083,2000,-504
1.0991,2199,2085,2000,-496
1.0994,2199,2085,2000,-496
1.0999,2199,2087,2000,-496
1.1002,2206,2087,2000,-496
1.1009,2206,2089,2000,-496
1.1013,2206,2089,2000,-496
1.1017,2206,2089,2000,-496
1.1020,2206,2090,2000,-496
1.1024,2206,2090,2000,-496
1.1029,2206,2092,2000,-496
1.1032,2206,2092,2000,-496
1.1036,2206,2092,2000,-496
1.1040,2206,2094,2000,-496
1.1044,2206,2094,2000,-496
1.1047,2206,2094,2000,-496
1.1051,2206,2096,2000,-488
1.1055,2206,2096,2000,-488
1.1059,2206,2098,2000,-488
1.1063,2206,2098,2000,-488
1.1067,2206,2098,2000,-488
1.1071,2206,2100,2000,-480
1.1075,2206,2100,2000,-480
1.1079,2206,2102,2000,-480
1.1083,2206,2102,2000,-480
1.1086,2206,2102,2000,-480
1.1090,2206,2104,2000,-472
1.1094,2206,2104,2000,-472
1.1099,2206,2106,2000,-472
1.1102,2212,2106,2000,-472
1.1110,2212,2108,2000,-464
1.1114,2212,2108,2000,-464
1.1118,2212,2108,2000,-464
1.1121,2212,2110,2000,-464
1.1125,2212,2110,2000,-464
1.1129,2212,2112,2000,-456
1.1133,2212,2112,2000,-456
1.1137,2212,2112,2000,-456
1.1141,2212,2113,2000,-464
1.1144,2212,2113,2000,-464
1.1149,2212,2115,2000,-456
1.1153,2212,2115,2000,-456
1.1156,2212,2115,2000,-456
1.1160,2212,2117,2000,-448
1.1164,2212,2117,2000,-448
1.1167,2212,2117,2000,-448
1.1171,2212,2119,2000,-440
1.1175,2212,2119,2000,-440
1.1179,2212,2120,1850,-440
1.1183,2212,2120,1850,-440
1.1187,2212,2120,1850,-440
1.1191,2212,2122,1850,-440
1.1194,2212,2122,1850,-440
1.1199,2212,2124,1850,-432
1.1203,2214,2124,1850,-432
1.1209,2214,2126,1850,-424
1.1213,2214,2126,1850,-424
1.1217,2214,2126,1850,-424
1.1220,2214,2128,1850,-416
1.1224,2214,2128,1850,-416
1.1228,2214,2130,1850,-416
1.1232,2214,2130,1850,-416
1.1236,2214,2130,1850,-416
1.1240,2214,2132,1850,-408
1.1243,2214,2132,1850,-408
1.1247,2214,2133,1850,-408
1.1251,2214,2133,1850,-408
1.1255,2214,2133,1850,-408
1.1259,2214,2135,1850,-400
1.1262,2214,2135,1850,-400
1.1266,2214,2135,1850,-400
1.1269,2214,2137,1850,-392
1.1273,2214,2137,1850,-392
1.1277,2214,2139,1850,-392
1.1281,2214,2139,1850,-392
1.1285,2214,2139,1850,-392
1.1289,2214,2140,1850,-392
1.1293,2214,2140,1850,-392
1.1296,2214,2140,1850,-392
1.1300,2214,2142,1850,-384
1.1304,2214,2142,1850,-384
1.1310,2214,2144,1850,-376
1.1314,2214,2144,1850,-376
1.1319,2214,2146,1850,-368
1.1323,2214,2146,1850,-368
1.1326,2214,2146,1850,-368
1.1330,2214,2147,1850,-368
1.1334,2214,2147,1850,-368
1.1338,2214,2149,1850,-360
1.1341,2214,2149,1850,-360
1.1345,2214,2149,1850,-360
1.1349,2214,2151,1850,-352
1.1353,2214,2151,1850,-352
1.1356,2214,2151,1850,-352
1.1360,2214,2153,1850,-316
1.1364,2214,2153,1850,-316
1.1367,2214,2155,1850,-300
1.1371,2214,2155,1850,-300
1.1375,2214,2155,1850,-300
1.1379,2214,2156,1800,-300
1.1382,2214,2156,1800,-300
1.1386,2214,2156,1800,-300
1.1390,2214,2158,1800,-292
1.1394,2214,2158,1800,-292
1.1398,2214,2159,1800,-292
1.1401,2212,2159,1800,-292
1.1409,2212,2161,1800,-284
1.1412,2212,2161,1800,-284
1.1416,2212,2162,1800,-284
1.1420,2212,2162,1800,-284
1.1424,2212,2162,1800,-284
1.1427,2212,2164,1800,-268
1.1431,2212,2164,1800,-268
1.1435,2212,2164,1800,-268
1.1439,2212,2165,1800,-268
1.1442,2212,2165,1800,-268
1.1446,2212,2167,1800,-260
1.1450,2212,2167,1800,-260
1.1454,2212,2167,1800,-260
1.1458,2212,2168,1800,-252
1.1461,2212,2168,1800,-252
1.1465,2212,2168,1800,-252
1.1470,2212,2170,1800,-244
1.1473,2212,2170,1800,-244
1.1477,2212,2171,1800,-244
1.1481,2212,2171,1800,-244
1.1485,2212,2171,1800,-244
1.1489,2212,2173,1800,-228
1.1493,2212,2173,1800,-228
1.1496,2212,2174,1800,-228
1.1500,2206,2174,1800,-228
1.1507,2206,2175,1800,-220
1.1511,2206,2175,1800,-220
1.1515,2206,2175,1800,-220
1.1518,2206,2177,1800,-212
1.1522,2206,2177,1800,-212
1.1526,2206,2178,1800,-204
1.1530,2206,2178,1800,-204
1.1533,2206,2178,1800,-204
1.1537,2206,2180,1800,-196
1.1541,2206,2180,1800,-196
1.1545,2206,2180,1800,-196
1.1548,2206,2181,1800,-188
1.1552,2206,2181,1800,-188
1.1556,2206,2182,1800,-176
1.1560,2206,2182,1800,-176
1.1563,2206,2182,1800,-176
1.1567,2206,2183,1800,-168
1.1571,2206,2183,1800,-168
1.1575,2206,2183,1800,-168
1.1579,2206,2185,1450,-152
1.1582,2206,2185,1450,-152
1.1586,2206,2186,1450,-152
1.1590,2206,2186,1450,-152
1.1593,2206,2186,1450,-152
1.1597,2206,2187,1450,-144
1.1601,2198,2187,1450,-144
1.1609,2198,2188,1450,-136
1.1613,2198,2188,1450,-136
1.1616,2198,2189,1450,-128
1.1620,2198,2189,1450,-128
1.1624,2198,2189,1450,-128
1.1628,2198,2190,1450,-128
1.1631,2198,2190,1450,-128
1.1635,2198,2190,1450,-128
1.1639,2198,2192,1450,-112
1.1643,2198,2192,1450,-112
1.1646,2198,2193,1450,-104
1.1650,2198,2193,1450,-104
1.1654,2198,2193,1450,-104
1.1659,2198,2194,1450,-96
1.1662,2198,2194,1450,-96
1.1666,2198,2195,1450,-88
1.1670,2198,2195,1450,-88
1.1674,2198,2195,1450,-88
1.1678,2198,2196,1450,-80
1.1682,2198,2196,1450,-80
1.1686,2198,2197,1450,-72
1.1690,2198,2197,1450,-72
1.1694,2198,2197,1450,-72
1.1698,2198,2198,1450,-64
1.1701,2188,2198,1450,-64
1.1708,2188,2199,1450,-56
1.1712,2188,2199,1450,-56
1.1715,2188,2200,1450,-48
1.1719,2188,2200,1450,-48
1.1722,2188,2200,1450,-48
1.1726,2188,2201,1450,-40
1.1730,2188,2201,1450,-40
1.1734,2188,2201,1450,-40
1.1737,2188,2202,1450,-32
1.1741,2188,2202,1450,-32
1.1745,2188,2202,1450,-32
1.1748,2188,2203,1450,-24
1.1752,2188,2203,1450,-24
1.1756,2188,2204,1450,32
1.1760,2188,2204,1450,32
1.1764,2188,2204,1450,32
1.1768,2188,2205,1450,40
1.1771,2188,2205,1450,40
1.1775,2188,2205,1000,48
1.1779,2188,2205,1000,48
1.1783,2188,2205,1000,48
1.1787,2188,2206,1000,56
1.1791,2188,2206,1000,56
1.1795,2188,2207,1000,64
1.1799,2188,2207,1000,64
1.1802,2175,2207,1000,64
1.1809,2175,2207,1000,64
1.1813,2175,2207,1000,64
1.1817,2175,2208,1000,80
1.1820,2175,2208,1000,80
1.1824,2175,2208,1000,80
1.1828,2175,2208,1000,80
1.1832,2175,2208,1000,80
1.1836,2175,2209,1000,96
1.1839,2175,2209,1000,96
1.1843,2175,2209,1000,96
1.1846,2175,2210,1000,96
1.1850,2175,2210,1000,96
1.1853,2175,2210,1000,96
1.1856,2175,2210,1000,96
1.1860,2175,2210,1000,96
1.1863,2175,2210,1000,96
1.1867,2175,2210,1000,96
1.1870,2175,2210,1000,96
1.1873,2175,2210,1000,96
1.1877,2175,2211,1000,104
1.1881,2175,2211,1000,104
1.1884,2175,2211,1000,112
1.1888,2175,2211,1000,112
1.1892,2175,2211,1000,112
1.1895,2175,2211,1000,112
1.1899,2175,2211,1000,112
1.1903,2160,2211,1000,120
1.1909,2160,2211,1000,120
1.1913,2160,2211,1000,120
1.1917,2160,2212,1000,128
1.1921,2160,2212,1000,128
1.1924,2160,2212,1000,136
1.1927,2160,2212,1000,136
1.1931,2160,2212,1000,136
1.1934,2160,2212,1000,144
1.1939,2160,2212,1000,144
1.1942,2160,2212,1000,144
1.1946,2160,2212,1000,144
1.1950,2160,2212,1000,144
1.1953,2160,2212,1000,144
1.1957,2160,2213,1000,144
1.1961,2160,2213,1000,144
1.1964,2160,2213,1000,152
1.1968,2160,2213,1000,152
1.1972,2160,2213,1000,152
1.1975,2160,2213,400,160
1.1979,2160,2213,400,160
1.1982,2160,2213,400,160
1.1987,2160,2213,400,160
1.1991,2160,2213,400,160
1.1995,2160,2213,400,168
1.1999,2160,2213,400,168
1.2002,2144,2213,400,176
1.2009,2144,2213,400,176
1.2013,2144,2213,400,176
1.2016,2144,2213,400,184
1.2020,2144,2213,400,184
1.2024,2144,2213,400,192
1.2029,2144,2213,400,192
1.2032,2144,2213,400,192
1.2036,2144,2213,400,192
1.2040,2144,2213,400,192
1.2044,2144,2213,400,200
1.2048,2144,2213,400,200
1.2052,2144,2213,400,200
1.2056,2144,2213,400,208
1.2059,2144,2213,400,208
1.2063,2144,2213,400,208
1.2067,2144,2213,400,216
1.2070,2144,2213,400,216
1.2074,2144,2213,400,224
1.2077,2144,2213,400,224
1.2081,2144,2213,400,224
1.2085,2144,2213,400,232
1.2089,2144,2213,400,232
1.2093,2144,2213,400,232
1.2096,2144,2213,400,240
1.2100,2144,2213,400,240
1.2104,2125,2213,400,248
1.2112,2125,2213,400,248
1.2116,2125,2213,400,256
1.2119,2125,2213,400,256
1.2123,2125,2213,400,272
1.2127,2125,2213,400,272
1.2130,2125,2213,400,272
1.2134,2125,2213,400,280
1.2137,2125,2213,400,280
1.2141,2125,2213,400,280
1.2144,2125,2213,400,288
1.2148,2125,2213,400,288
1.2152,2125,2213,400,288
1.2155,2125,2213,400,308
1.2159,2125,2213,400,308
1.2162,2125,2213,400,308
1.2166,2125,2212,400,308
1.2169,2125,2212,400,308
1.2173,2125,2212,-50,324
1.2176,2125,2212,-50,324
1.2180,2125,2212,-50,324
1.2183,2125,2211,-50,324
1.2187,2125,2211,-50,324
1.2191,2125,2211,-50,324
1.2195,2125,2211,-50,332
1.2199,2125,2211,-50,332
1.2203,2106,2210,-50,332
1.2210,2106,2210,-50,332
1.2214,2106,2210,-50,348
1.2217,2106,2210,-50,348
1.2221,2106,2210,-50,348
1.2225,2106,2209,-50,348
1.2229,2106,2209,-50,348
1.2232,2106,2208,-50,356
1.2236,2106,2208,-50,356
1.2239,2106,2208,-50,356
1.2243,2106,2207,-50,356
1.2247,2106,2207,-50,356
1.2251,2106,2207,-50,356
1.2256,2106,2207,-50,364
1.2259,2106,2207,-50,364
1.2263,2106,2206,-50,372
1.2267,2106,2206,-50,372
1.2271,2106,2206,-50,372
1.2275,2106,2205,-50,372
1.2279,2106,2205,-50,372
1.2283,2106,2205,-50,388
1.2286,2106,2205,-50,388
1.2290,2106,2205,-50,388
1.2293,2106,2204,-50,388
1.2297,2106,2204,-50,388
1.2301,2086,2203,-50,396
1.2309,2086,2203,-50,396
1.2312,2086,2202,-50,404
1.2316,2086,2202,-50,404
1.2320,2086,2202,-50,404
1.2323,2086,2201,-50,404
1.2327,2086,2201,-50,404
1.2331,2086,2201,-50,404
1.2335,2086,2201,-50,420
1.2338,2086,2201,-50,420
1.2342,2086,2200,-50,428
1.2345,2086,2200,-50,428
1.2349,2086,2200,-50,428
1.2352,2086,2199,-50,412
1.2356,2086,2199,-50,412
1.2359,2086,2199,-50,412
1.2362,2086,2198,-50,420
1.2366,2086,2198,-50,420
1.2369,2086,2198,-50,420
1.2373,2086,2197,-750,428
1.2376,2086,2197,-750,428
1.2379,2086,2197,-750,428
1.2383,2086,2196,-750,436
1.2386,2086,2196,-750,436
1.2390,2086,2196,-750,436
1.2393,2086,2195,-750,436
1.2396,2086,2195,-750,436
1.2400,2086,2195,-750,436
1.2403,2065,2194,-750,444
1.2411,2065,2194,-750,444
1.2414,2065,2193,-750,452
1.2419,2065,2193,-750,452
1.2422,2065,2192,-750,460
1.2426,2065,2192,-750,460
1.2430,2065,2192,-750,460
1.2433,2065,2191,-750,468
1.2437,2065,2191,-750,468
1.2441,2065,2190,-750,476
1.2445,2065,2190,-750,476
1.2449,2065,2190,-750,476
1.2453,2065,2189,-750,484
1.2456,2065,2189,-750,484
1.2460,2065,2189,-750,484
1.2464,2065,2188,-750,492
1.2467,2065,2188,-750,492
1.2471,2065,2186,-750,492
1.2475,2065,2186,-750,492
1.2478,2065,2186,-750,492
1.2482,2065,2185,-750,492
1.2485,2065,2185,-750,492
1.2489,2065,2185,-750,492
1.2493,2065,2184,-750,500
1.2497,2065,2184,-750,500
1.2500,2044,2183,-750,508
1.2510,2044,2183,-750,508
1.2513,2044,2182,-750,516
1.2517,2044,2182,-750,516
1.2521,2044,2181,-750,524
1.2525,2044,2181,-750,524
1.2529,2044,2181,-750,524
1.2533,2044,2179,-750,524
1.2537,2044,2179,-750,524
1.2540,2044,2179,-750,524
1.2544,2044,2178,-750,532
1.2548,2044,2178,-750,532
1.2552,2044,2176,-750,532
1.2556,2044,2176,-750,532
1.2560,2044,2176,-750,532
1.2564,2044,2175,-750,540
1.2567,2044,2175,-750,540
1.2571,2044,2174,-1150,548
1.2574,2044,2174,-1150,548
1.2578,2044,2174,-1150,548
1.2582,2044,2173,-1150,548
1.2585,2044,2173,-1150,548
1.2589,2044,2173,-1150,548
1.2592,2044,2171,-1150,548
1.2596,2044,2171,-1150,548
1.2599,2044,2171,-1150,548
1.2603,2022,2170,-1150,556
1.2610,2022,2168,-1150,556
1.2614,2022,2168,-1150,556
1.2618,2022,2168,-1150,556
1.2622,2022,2167,-1150,564
1.2626,2022,2167,-1150,564
1.2629,2022,2167,-1150,564
1.2633,2022,2165,-1150,564
1.2636,2022,2165,-1150,564
1.2640,2022,2165,-1150,564
1.2644,2022,2164,-1150,572
1.2647,2022,2164,-1150,572
1.2651,2022,2162,-1150,572
1.2654,2022,2162,-1150,572
1.2658,2022,2162,-1150,572
1.2662,2022,2161,-1150,580
1.2665,2022,2161,-1150,580
1.2669,2022,2161,-1150,580
1.2672,2022,2159,-1150,580
1.2676,2022,2159,-1150,580
1.2679,2022,2159,-1150,580
1.2683,2022,2158,-1150,588
1.2686,2022,2158,-1150,588
1.2690,2022,2156,-1150,588
1.2693,2022,2156,-1150,588
1.2697,2022,2156,-1150,588
1.2700,2002,2154,-1150,588
1.2706,2002,2154,-1150,588
1.2710,2002,2154,-1150,588
1.2713,2002,2153,-1150,596
1.2717,2002,2153,-1150,596
1.2720,2002,2151,-1150,596
1.2724,2002,2151,-1150,596
1.2727,2002,2151,-1150,596
1.2731,2002,2150,-1150,596
1.2735,2002,2150,-1150,596
1.2739,2002,2150,-1150,596
1.2743,2002,2148,-1150,596
1.2746,2002,2148,-1150,596
1.2750,2002,2146,-1150,568
1.2754,2002,2146,-1150,568
1.2758,2002,2146,-1150,568
1.2762,2002,2144,-1150,568
1.2766,2002,2144,-1150,568
1.2770,2002,2143,-1550,576
1.2774,2002,2143,-1550,576
1.2779,2002,2143,-1550,576
1.2782,2002,2141,-1550,576
1.2786,2002,2141,-1550,576
1.2790,2002,2139,-1550,576
1.2794,2002,2139,-1550,576
1.2798,2002,2139,-1550,576
1.2801,1981,2137,-1550,576
1.2809,1981,2137,-1550,576
1.2812,1981,2135,-1550,576
1.2816,1981,2135,-1550,576
1.2819,1981,2133,-1550,576
1.2823,1981,2133,-1550,576
1.2827,1981,2133,-1550,576
1.2831,1981,2132,-1550,584
1.2835,1981,2132,-1550,584
1.2838,1981,2132,-1550,584
1.2842,1981,2130,-1550,584
1.2845,1981,2130,-1550,584
1.2849,1981,2128,-1550,584
1.2853,1981,2128,-1550,584
1.2856,1981,2128,-1550,584
1.2860,1981,2126,-1550,584
1.2864,1981,2126,-1550,584
1.2868,1981,2126,-1550,584
1.2872,1981,2124,-1550,584
1.2875,1981,2124,-1550,584
1.2880,1981,2122,-1550,584
1.2883,1981,2122,-1550,584
1.2887,1981,2122,-1550,584
1.2891,1981,2121,-1550,592
1.2895,1981,2121,-1550,592
1.2899,1981,2121,-1550,592
1.2902,1961,2119,-1550,592
1.2910,1961,2117,-1550,592
1.2913,1961,2117,-1550,592
1.2917,1961,2117,-1550,592
1.2921,1961,2115,-1550,592
1.2925,1961,2115,-1550,592
1.2928,1961,2115,-1550,592
1.2932,1961,2113,-1550,592
1.2936,1961,2113,-1550,592
1.2940,1961,2111,-1550,592
1.2944,1961,2111,-1550,592
1.2948,1961,2111,-1550,592
1.2951,1961,2109,-1550,572
1.2955,1961,2109,-1550,572
1.2959,1961,2107,-1550,572
1.2963,1961,2107,-1550,572
1.2966,1961,2107,-1550,572
1.2970,1961,2106,-1850,580
1.2973,1961,2106,-1850,580
1.2977,1961,2106,-1850,580
1.2980,1961,2104,-1850,580
1.2984,1961,2104,-1850,580
1.2988,1961,2102,-1850,580
1.2992,1961,2102,-1850,580
1.2996,1961,2102,-1850,580
1.3000,1961,2100,-1850,580
1.3004,1943,2100,-1850,580
1.3011,1943,2098,-1850,580
1.3015,1943,2098,-1850,580
1.3019,1943,2096,-1850,580
1.3022,1943,2096,-1850,580
1.3026,1943,2096,-1850,580
1.3030,1943,2094,-1850,572
1.3034,1943,2094,-1850,572
1.3037,1943,2094,-1850,572
1.3041,1943,2092,-1850,572
1.3045,1943,2092,-1850,572
1.3049,1943,2090,-1850,572
1.3053,1943,2090,-1850,572
1.3056,1943,2090,-1850,572
1.3060,1943,2088,-1850,572
1.3064,1943,2088,-1850,572
1.3069,1943,2086,-1850,572
1.3072,1943,2086,-1850,572
1.3076,1943,2086,-1850,572
1.3080,1943,2084,-1850,572
1.3084,1943,2084,-1850,572
1.3088,1943,2084,-1850,572
1.3092,1943,2082,-1850,572
1.3095,1943,2082,-1850,572
1.3099,1943,2080,-1850,572
1.3103,1927,2080,-1850,572
1.3110,1927,2078,-1850,572
1.3114,1927,2078,-1850,572
1.3117,1927,2078,-1850,572
1.3121,1927,2076,-1850,572
1.3125,1927,2076,-1850,572
1.3129,1927,2074,-1850,572
1.3133,1927,2074,-1850,572
1.3136,1927,2074,-1850,572
1.3140,1927,2072,-1850,572
1.3144,1927,2072,-1850,572
1.3147,1927,2072,-1850,572
1.3151,1927,2070,-1850,560
1.3155,1927,2070,-1850,560
1.3159,1927,2068,-1850,560
1.3163,1927,2068,-1850,560
1.3167,1927,2068,-1850,560
1.3170,1927,2066,-2000,560
1.3174,1927,2066,-2000,560
1.3179,1927,2064,-2000,560
1.3183,1927,2064,-2000,560
1.3186,1927,2064,-2000,560
1.3190,1927,2062,-2000,552
1.3194,1927,2062,-2000,552
1.3198,1927,2060,-2000,552
1.3202,1912,2060,-2000,552
1.3209,1912,2058,-2000,552
1.3213,1912,2058,-2000,552
1.3217,1912,2058,-2000,552
1.3221,1912,2056,-2000,552
1.3224,1912,2056,-2000,552
1.3229,1912,2054,-2000,552
1.3233,1912,2054,-2000,552
1.3236,1912,2054,-2000,552
1.3240,1912,2052,-2000,552
1.3244,1912,2052,-2000,552
1.3249,1912,2050,-2000,552
1.3253,1912,2050,-2000,552
1.3256,1912,2050,-2000,552
1.3260,1912,2048,-2000,552
1.3264,1912,2048,-2000,552
1.3269,1912,2046,-2000,552
1.3273,1912,2046,-2000,552
1.3277,1912,2046,-2000,552
1.3280,1912,2044,-2000,552
1.3284,1912,2044,-2000,552
1.3289,1912,2042,-2000,544
1.3292,1912,2042,-2000,544
1.3296,1912,2042,-2000,544
1.3300,1900,2040,-2000,544
1.3307,1900,2038,-2000,544
1.3311,1900,2038,-2000,544
1.3315,1900,2038,-2000,544
1.3318,1900,2036,-2000,544
1.3322,1900,2036,-2000,544
1.3326,1900,2036,-2000,544
1.3330,1900,2034,-2000,544
1.3334,1900,2034,-2000,544
1.3337,1900,2032,-2000,544
1.3341,1900,2032,-2000,544
1.3345,1900,2032,-2000,544
1.3349,1900,2030,-2000,536
1.3353,1900,2030,-2000,536
1.3356,1900,2028,-2000,528
1.3360,1900,2028,-2000,528
1.3364,1900,2028,-2000,528
1.3369,1900,2027,-1950,536
1.3373,1900,2027,-1950,536
1.3377,1900,2024,-1950,528
1.3382,1900,2024,-1950,528
1.3386,1900,2024,-1950,528
1.3389,1900,2022,-1950,528
1.3393,1900,2022,-1950,528
1.3397,1900,2020,-1950,520
1.3400,1890,2020,-1950,520
1.3407,1890,2018,-1950,520
1.3411,1890,2018,-1950,520
1.3415,1890,2018,-1950,520
1.3419,1890,2016,-1950,520
1.3423,1890,2016,-1950,520
1.3427,1890,2014,-1950,520
1.3431,1890,2014,-1950,520
1.3434,1890,2014,-1950,520
1.3439,1890,2012,-1950,520
1.3442,1890,2012,-1950,520
1.3446,1890,2010,-1950,512
1.3450,1890,2010,-1950,512
1.3454,1890,2010,-1950,512
1.3458,1890,2008,-1950,512
1.3462,1890,2008,-1950,512
1.3465,1890,2008,-1950,512
1.3469,1890,2006,-1950,512
1.3473,1890,2006,-1950,512
1.3477,1890,2004,-1950,504
1.3480,1890,2004,-1950,504
1.3484,1890,2004,-1950,504
1.3489,1890,2002,-1950,504
1.3492,1890,2002,-1950,504
1.3496,1890,2000,-1950,504
1.3500,1882,2000,-1950,504
1.3507,1882,1999,-1950,504
1.3511,1882,1999,-1950,504
1.3515,1882,1999,-1950,504
1.3519,1882,1997,-1950,504
1.3523,1882,1997,-1950,504
1.3526,1882,1995,-1950,504
1.3530,1882,1995,-1950,504
1.3533,1882,1995,-1950,504
1.3537,1882,1993,-1950,496
1.3540,1882,1993,-1950,496
1.3544,1882,1993,-1950,496
1.3548,1882,1991,-1950,484
1.3552,1882,1991,-1950,484
1.3556,1882,1989,-1950,476
1.3560,1882,1989,-1950,476
1.3563,1882,1989,-1950,476
1.3567,1882,1987,-2000,476
1.3571,1882,1987,-2000,476
1.3575,1882,1987,-2000,476
1.3579,1882,1985,-2000,468
1.3583,1882,1985,-2000,468
1.3586,1882,1983,-2000,468
1.3590,1882,1983,-2000,468
1.3594,1882,1983,-2000,468
1.3599,1882,1982,-2000,468
1.3603,1876,1980,-2000,468
1.3610,1876,1980,-2000,468
1.3614,1876,1980,-2000,468
1.3618,1876,1978,-2000,460
1.3622,1876,1978,-2000,460
1.3625,1876,1976,-2000,460
1.3629,1876,1976,-2000,460
1.3633,1876,1976,-2000,460
1.3637,1876,1974,-2000,452
1.3640,1876,1974,-2000,452
1.3644,1876,1974,-2000,452
1.3648,1876,1972,-2000,452
1.3652,1876,1972,-2000,452
1.3656,1876,1970,-2000,444
1.3660,1876,1970,-2000,444
1.3664,1876,1970,-2000,444
1.3667,1876,1968,-2000,444
1.3671,1876,1968,-2000,444
1.3674,1876,1968,-2000,444
1.3678,1876,1967,-2000,444
1.3682,1876,1967,-2000,444
1.3686,1876,1965,-2000,436
1.3689,1876,1965,-2000,436
1.3693,1876,1965,-2000,436
1.3697,1876,1963,-2000,436
1.3701,1874,1963,-2000,436
1.3709,1874,1961,-2000,428
1.3712,1874,1961,-2000,428
1.3716,1874,1960,-2000,428
1.3720,1874,1960,-2000,428
1.3723,1874,1960,-2000,428
1.3727,1874,1958,-2000,428
1.3730,1874,1958,-2000,428
1.3734,1874,1958,-2000,428
1.3738,1874,1956,-2000,420
1.3741,1874,1956,-2000,420
1.3745,1874,1954,-2000,396
1.3749,1874,1954,-2000,396
1.3753,1874,1954,-2000,396
1.3757,1874,1952,-2000,388
1.3760,1874,1952,-2000,388
1.3764,1874,1952,-2000,388
1.3769,1874,1950,-1850,380
1.3773,1874,1950,-1850,380
1.3776,1874,1949,-1850,388
1.3780,1874,1949,-1850,388
1.3784,1874,1949,-1850,388
1.3788,1874,1947,-1850,380
1.3791,1874,1947,-1850,380
1.3795,1874,1945,-1850,372
1.3799,1874,1945,-1850,372
1.3803,1874,1943,-1850,364
1.3810,1874,1943,-1850,364
1.3814,1874,1942,-1850,364
1.3819,1874,1942,-1850,364
1.3822,1874,1942,-1850,364
1.3826,1874,1940,-1850,356
1.3830,1874,1940,-1850,356
1.3834,1874,1940,-1850,356
1.3838,1874,1938,-1850,348
1.3842,1874,1938,-1850,348
1.3846,1874,1937,-1850,348
1.3849,1874,1937,-1850,348
1.3853,1874,1937,-1850,348
1.3857,1874,1935,-1850,340
1.3861,1874,1935,-1850,340
1.3865,1874,1933,-1850,332
1.3869,1874,1933,-1850,332
1.3873,1874,1933,-1850,332
1.3876,1874,1932,-1850,332
1.3880,1874,1932,-1850,332
1.3884,1874,1932,-1850,332
1.3887,1874,1930,-1850,324
1.3891,1874,1930,-1850,324
1.3895,1874,1928,-1850,316
1.3899,1874,1928,-1850,316
1.3902,1876,1927,-1850,308
1.3910,1876,1927,-1850,308
1.3913,1876,1927,-1850,308
1.3917,1876,1926,-1850,308
1.3921,1876,1926,-1850,308
1.3925,1876,1924,-1850,300
1.3929,1876,1924,-1850,300
1.3932,1876,1924,-1850,300
1.3936,1876,1922,-1850,292
1.3940,1876,1922,-1850,292
1.3944,1876,1921,-1850,276
1.3948,1876,1921,-1850,276
1.3952,1876,1921,-1850,276
1.3955,1876,1919,-1850,260
1.3959,1876,1919,-1850,260
1.3963,1876,1919,-1850,260
1.3966,1876,1917,-1650,252
1.3970,1876,1917,-1650,252
1.3974,1876,1916,-1650,252
1.3979,1876,1916,-1650,252
1.3982,1876,1916,-1650,252
1.3986,1876,1915,-1650,244
1.3990,1876,1915,-1650,244
1.3994,1876,1913,-1650,236
1.3997,1876,1913,-1650,236
1.4001,1882,1912,-1650,228
1.4008,1882,1912,-1650,228
1.4012,1882,1912,-1650,228
1.4016,1882,1910,-1650,220
1.4020,1882,1910,-1650,220
1.4024,1882,1909,-1650,220
1.4027,1882,1909,-1650,220
1.4031,1882,1909,-1650,220
1.4035,1882,1908,-1650,212
1.4039,1882,1908,-1650,212
1.4043,1882,1908,-1650,212
1.4046,1882,1906,-1650,204
1.4050,1882,1906,-1650,204
1.4054,1882,1905,-1650,196
1.4057,1882,1905,-1650,196
1.4061,1882,1905,-1650,196
1.4065,1882,1904,-1650,188
1.4069,1882,1904,-1650,188
1.4073,1882,1904,-1650,188
1.4076,1882,1902,-1650,180
1.4080,1882,1902,-1650,180
1.4084,1882,1901,-1650,172
1.4087,1882,1901,-1650,172
1.4091,1882,1901,-1650,172
1.4095,1882,1900,-1650,172
1.4099,1882,1900,-1650,172
1.4103,1890,1898,-1650,156
1.4110,1890,1898,-1650,156
1.4114,1890,1897,-1650,148
1.4117,1890,1897,-1650,148
1.4121,1890,1897,-1650,148
1.4125,1890,1896,-1650,140
1.4129,1890,1896,-1650,140
1.4133,1890,1895,-1650,140
1.4136,1890,1895,-1650,140
1.4140,1890,1895,-1650,140
1.4144,1890,1894,-1650,112
1.4149,1890,1894,-1650,112
1.4152,1890,1893,-1650,104
1.4156,1890,1893,-1650,104
1.4160,1890,1893,-1650,104
1.4164,1890,1892,-1250,96
1.4168,1890,1892,-1250,96
1.4172,1890,1892,-1250,96
1.4175,1890,1891,-1250,88
1.4179,1890,1891,-1250,88
1.4183,1890,1890,-1250,88
1.4186,1890,1890,-1250,88
1.4190,1890,1890,-1250,88
1.4193,1890,1888,-1250,72
1.4197,1890,1888,-1250,72
1.4201,1900,1887,-1250,64
1.4208,1900,1887,-1250,64
1.4212,1900,1887,-1250,64
1.4216,1900,1887,-1250,64
1.4219,1900,1887,-1250,64
1.4223,1900,1886,-1250,56
1.4226,1900,1886,-1250,56
1.4230,1900,1886,-1250,56
1.4234,1900,1885,-1250,48
1.4237,1900,1885,-1250,48
1.4241,1900,1885,-1250,48
1.4245,1900,1884,-1250,40
1.4249,1900,1884,-1250,40
1.4253,1900,1883,-1250,24
1.4256,1900,1883,-1250,24
1.4260,1900,1883,-1250,24
1.4264,1900,1882,-1250,0
1.4269,1900,1882,-1250,0
1.4272,1900,1881,-1250,-24
1.4276,1900,1881,-1250,-24
1.4280,1900,1881,-1250,-24
1.4284,1900,1880,-1250,-32
1.4288,1900,1880,-1250,-32
1.4291,1900,1880,-1250,-32
1.4295,1900,1880,-1250,-32
1.4299,1900,1880,-1250,-32
1.4302,1913,1879,-1250,-48
1.4310,1913,1879,-1250,-48
1.4314,1913,1879,-1250,-48
1.4317,1913,1879,-1250,-48
1.4321,1913,1879,-1250,-48
1.4325,1913,1878,-1250,-56
1.4329,1913,1878,-1250,-56
1.4332,1913,1877,-1250,-64
1.4336,1913,1877,-1250,-64
1.4340,1913,1877,-1250,-64
1.4344,1913,1877,-1250,-76
1.4348,1913,1877,-1250,-76
1.4352,1913,1876,-1250,-84
1.4356,1913,1876,-1250,-84
1.4359,1913,1876,-1250,-84
1.4363,1913,1875,-850,-92
1.4367,1913,1875,-850,-92
1.4371,1913,1875,-850,-92
1.4375,1913,1875,-850,-92
1.4379,1913,1875,-850,-92
1.4382,1913,1874,-850,-100
1.4386,1913,1874,-850,-100
1.4390,1913,1874,-850,-100
1.4393,1913,1874,-850,-100
1.4397,1913,1874,-850,-100
1.4401,1927,1874,-850,-100
1.4409,1927,1874,-850,-100
1.4413,1927,1873,-850,-116
1.4417,1927,1873,-850,-116
1.4420,1927,1873,-850,-116
1.4424,1927,1873,-850,-124
1.4427,1927,1873,-850,-124
1.4431,1927,1873,-850,-124
1.4435,1927,1873,-850,-124
1.4439,1927,1873,-850,-124
1.4443,1927,1872,-850,-140
1.4446,1927,1872,-850,-140
1.4450,1927,1872,-850,-140
1.4454,1927,1872,-850,-140
1.4459,1927,1872,-850,-140
1.4463,1927,1872,-850,-148
1.4466,1927,1872,-850,-148
1.4470,1927,1872,-850,-148
1.4474,1927,1872,-850,-156
1.4477,1927,1872,-850,-156
1.4481,1927,1872,-850,-156
1.4484,1927,1872,-850,-156
1.4488,1927,1872,-850,-156
1.4492,1927,1872,-850,-164
1.4495,1927,1872,-850,-164
1.4499,1927,1872,-850,-164
1.4503,1944,1872,-850,-172
1.4509,1944,1872,-850,-172
1.4513,1944,1872,-850,-180
1.4517,1944,1872,-850,-180
1.4520,1944,1872,-850,-180
1.4524,1944,1872,-850,-188
1.4528,1944,1872,-850,-188
1.4531,1944,1872,-850,-188
1.4535,1944,1872,-850,-188
1.4539,1944,1872,-850,-188
1.4542,1944,1872,-850,-180
1.4546,1944,1872,-850,-180
1.4550,1944,1872,-850,-180
1.4553,1944,1872,-850,-188
1.4557,1944,1872,-850,-188
1.4561,1944,1872,-150,-196
1.4565,1944,1872,-150,-196
1.4569,1944,1872,-150,-196
1.4573,1944,1872,-150,-204
1.4577,1944,1872,-150,-204
1.4581,1944,1872,-150,-212
1.4584,1944,1872,-150,-212
1.4588,1944,1872,-150,-212
1.4592,1944,1872,-150,-220
1.4596,1944,1872,-150,-220
1.4599,1944,1872,-150,-220
1.4603,1962,1872,-150,-228
1.4610,1962,1872,-150,-228
1.4614,1962,1872,-150,-236
1.4617,1962,1872,-150,-236
1.4621,1962,1872,-150,-244
1.4625,1962,1872,-150,-244
1.4629,1962,1872,-150,-244
1.4633,1962,1872,-150,-252
1.4637,1962,1872,-150,-252
1.4641,1962,1872,-150,-260
1.4645,1962,1872,-150,-260
1.4649,1962,1872,-150,-260
1.4652,1962,1872,-150,-268
1.4656,1962,1872,-150,-268
1.4660,1962,1872,-150,-268
1.4664,1962,1872,-150,-284
1.4667,1962,1872,-150,-284
1.4671,1962,1872,-150,-292
1.4675,1962,1872,-150,-292
1.4679,1962,1872,-150,-292
1.4682,1962,1873,-150,-292
1.4686,1962,1873,-150,-292
1.4690,1962,1873,-150,-300
1.4693,1962,1873,-150,-300
1.4697,1962,1873,-150,-300
1.4701,1981,1873,-150,-316
1.4708,1981,1873,-150,-316
1.4712,1981,1874,-150,-316
1.4716,1981,1874,-150,-316
1.4719,1981,1874,-150,-316
1.4723,1981,1874,-150,-324
1.4726,1981,1874,-150,-324
1.4730,1981,1875,-150,-324
1.4734,1981,1875,-150,-324
1.4737,1981,1875,-150,-324
1.4741,1981,1876,-150,-348
1.4746,1981,1876,-150,-348
1.4749,1981,1876,-150,-356
1.4753,1981,1876,-150,-356
1.4757,1981,1876,-150,-356
1.4760,1981,1877,250,-364
1.4764,1981,1877,250,-364
1.4767,1981,1877,250,-364
1.4771,1981,1877,250,-372
1.4775,1981,1877,250,-372
1.4778,1981,1877,250,-372
1.4782,1981,1878,250,-380
1.4786,1981,1878,250,-380
1.4790,1981,1879,250,-380
1.4794,1981,1879,250,-380
1.4799,1981,1879,250,-380
1.4802,2002,1879,250,-396
1.4808,2002,1879,250,-396
1.4812,2002,1880,250,-396
1.4816,2002,1880,250,-396
1.4819,2002,1880,250,-412
1.4823,2002,1880,250,-412
1.4827,2002,1880,250,-412
1.4831,2002,1881,250,-412
1.4834,2002,1881,250,-412
1.4838,2002,1881,250,-412
1.4842,2002,1882,250,-420
1.4846,2002,1882,250,-420
1.4849,2002,1883,250,-428
1.4853,2002,1883,250,-428
1.4857,2002,1883,250,-428
1.4860,2002,1884,250,-428
1.4864,2002,1884,250,-428
1.4869,2002,1884,250,-428
1.4872,2002,1885,250,-436
1.4876,2002,1885,250,-436
1.4880,2002,1886,250,-444
1.4884,2002,1886,250,-444
1.4887,2002,1886,250,-444
1.4891,2002,1887,250,-444
1.4895,2002,1887,250,-444
1.4899,2002,1888,250,-452
1.4903,2023,1888,250,-452
1.4909,2023,1889,250,-460
1.4913,2023,1889,250,-460
1.4917,2023,1889,250,-460
1.4920,2023,1890,250,-468
1.4924,2023,1890,250,-468
1.4929,2023,1891,250,-476
1.4932,2023,1891,250,-476
1.4936,2023,1891,250,-476
1.4940,2023,1892,250,-476
1.4944,2023,1892,250,-476
1.4947,2023,1892,250,-476
1.4951,2023,1893,250,-484
1.4955,2023,1893,250,-484
1.4959,2023,1894,850,-484
1.4963,2023,1894,850,-484
1.4966,2023,1894,850,-484
1.4970,2023,1895,850,-492
1.4974,2023,1895,850,-492
1.4978,2023,1895,850,-492
1.4981,2023,1896,850,-500
1.4985,2023,1896,850,-500
1.4989,2023,1897,850,-508
1.4993,2023,1897,850,-508
1.4996,2023,1897,850,-508
1.5000,2023,1899,850,-508
1.5004,2045,1899,850,-508
1.5010,2045,1900,850,-516
1.5013,2045,1900,850,-516
1.5017,2045,1900,850,-516
1.5020,2045,1901,850,-524
1.5024,2045,1901,850,-524
1.5027,2045,1901,850,-524
1.5031,2045,1902,850,-532
1.5035,2045,1902,850,-532
1.5038,2045,1903,850,-540
1.5042,2045,1903,850,-540
1.5046,2045,1903,850,-540
1.5049,2045,1905,850,-540
1.5053,2045,1905,850,-540
1.5057,2045,1905,850,-540
1.5060,2045,1906,850,-548
1.5064,2045,1906,850,-548
1.5068,2045,1907,850,-556
1.5072,2045,1907,850,-556
1.5076,2045,1907,850,-556
1.5079,2045,1909,850,-556
1.5083,2045,1909,850,-556
1.5087,2045,1909,850,-556
1.5091,2045,1910,850,-564
1.5094,2045,1910,850,-564
1.5099,2045,1912,850,-564
1.5103,2066,1912,850,-564
1.5110,2066,1913,850,-572
1.5114,2066,1913,850,-572
1.5118,2066,1914,850,-580
1.5122,2066,1914,850,-580
1.5126,2066,1914,850,-580
1.5130,2066,1916,850,-580
1.5133,2066,1916,850,-580
1.5137,2066,1916,850,-580
1.5140,2066,1917,850,-576
1.5144,2066,1917,850,-576
1.5147,2066,1919,850,-576
1.5151,2066,1919,850,-576
1.5155,2066,1919,850,-576
1.5158,2066,1921,1350,-576
1.5162,2066,1921,1350,-576
1.5166,2066,1921,1350,-576
1.5169,2066,1922,1350,-584
1.5173,2066,1922,1350,-584
1.5176,2066,1922,1350,-584
1.5180,2066,1923,1350,-592
1.5185,2066,1923,1350,-592
1.5188,2066,1925,1350,-592
1.5192,2066,1925,1350,-592
1.5196,2066,1925,1350,-592
1.5199,2066,1927,1350,-592
1.5203,2087,1927,1350,-592
1.5210,2087,1928,1350,-600
1.5214,2087,1928,1350,-600
1.5218,2087,1930,1350,-600
1.5222,2087,1930,1350,-600
1.5226,2087,1930,1350,-600
1.5230,2087,1931,1350,-600
1.5234,2087,1931,1350,-600
1.5237,2087,1933,1350,-600
1.5241,2087,1933,1350,-600
1.5245,2087,1933,1350,-600
1.5249,2087,1935,1350,-600
1.5253,2087,1935,1350,-600
1.5256,2087,1935,1350,-600
1.5260,2087,1937,1350,-600
1.5264,2087,1937,1350,-600
1.5267,2087,1938,1350,-600
1.5271,2087,1938,1350,-600
1.5275,2087,1938,1350,-600
1.5279,2087,1940,1350,-600
1.5283,2087,1940,1350,-600
1.5286,2087,1940,1350,-600
1.5290,2087,1942,1350,-600
1.5294,2087,1942,1350,-600
1.5298,2087,1944,1350,-600
1.5301,2107,1944,1350,-600
1.5308,2107,1946,1350,-600
1.5312,2107,1946,1350,-600
1.5315,2107,1946,1350,-600
1.5319,2107,1947,1350,-600
1.5323,2107,1947,1350,-600
1.5327,2107,1949,1350,-600
1.5330,2107,1949,1350,-600
1.5334,2107,1949,1350,-600
1.5337,2107,1951,1350,-592
1.5341,2107,1951,1350,-592
1.5345,2107,1951,1350,-592
1.5348,2107,1953,1350,-592
1.5352,2107,1953,1350,-592
1.5355,2107,1953,1350,-592
1.5359,2107,1955,1700,-592
1.5363,2107,1955,1700,-592
1.5366,2107,1957,1700,-592
1.5370,2107,1957,1700,-592
1.5374,2107,1957,1700,-592
1.5379,2107,1959,1700,-592
1.5382,2107,1959,1700,-592
1.5386,2107,1961,1700,-592
1.5390,2107,1961,1700,-592
1.5394,2107,1961,1700,-592
1.5398,2107,1962,1700,-600
1.5402,2127,1962,1700,-600
1.5409,2127,1964,1700,-600
1.5413,2127,1964,1700,-600
1.5417,2127,1966,1700,-600
1.5422,2127,1966,1700,-600
1.5426,2127,1966,1700,-600
1.5429,2127,1968,1700,-600
1.5433,2127,1968,1700,-600
1.5437,2127,1970,1700,-600
1.5441,2127,1970,1700,-600
1.5445,2127,1970,1700,-600
1.5449,2127,1972,1700,-600
1.5452,2127,1972,1700,-600
1.5456,2127,1973,1700,-600
1.5460,2127,1973,1700,-600
1.5463,2127,1973,1700,-600
1.5467,2127,1976,1700,-600
1.5471,2127,1976,1700,-600
1.5475,2127,1976,1700,-600
1.5478,2127,1977,1700,-600
1.5482,2127,1977,1700,-600
1.5485,2127,1977,1700,-600
1.5489,2127,1979,1700,-600
1.5492,2127,1979,1700,-600
1.5496,2127,1981,1700,-600
1.5500,2127,1981,1700,-600
1.5504,2145,1983,1700,-600
1.5511,2145,1983,1700,-600
1.5515,2145,1983,1700,-600
1.5518,2145,1985,1700,-600
1.5522,2145,1985,1700,-600
1.5525,2145,1985,1700,-600
1.5529,2145,1987,1700,-600
1.5533,2145,1987,1700,-600
1.5536,2145,1989,1700,-592
1.5540,2145,1989,1700,-592
1.5544,2145,1989,1700,-592
1.5547,2145,1991,1700,-592
1.5551,2145,1991,1700,-592
1.5555,2145,1991,1700,-592
1.5559,2145,1993,1900,-592
1.5563,2145,1993,1900,-592
1.5566,2145,1995,1900,-592
1.5570,2145,1995,1900,-592
1.5574,2145,1995,1900,-592
1.5579,2145,1997,1900,-592
1.5582,2145,1997,1900,-592
1.5586,2145,1999,1900,-592
1.5590,2145,1999,1900,-592
1.5593,2145,1999,1900,-592
1.5597,2145,2001,1900,-592
1.5600,2161,2001,1900,-592
1.5607,2161,2003,1900,-592
1.5611,2161,2003,1900,-592
1.5615,2161,2003,1900,-592
1.5619,2161,2005,1900,-592
1.5622,2161,2005,1900,-592
1.5626,2161,2008,1900,-584
1.5630,2161,2008,1900,-584
1.5633,2161,2008,1900,-584
1.5637,2161,2009,1900,-592
1.5641,2161,2009,1900,-592
1.5645,2161,2012,1900,-584
1.5649,2161,2012,1900,-584
1.5653,2161,2012,1900,-584
1.5656,2161,2013,1900,-592
1.5660,2161,2013,1900,-592
1.5664,2161,2013,1900,-592
1.5669,2161,2015,1900,-592
1.5672,2161,2015,1900,-592
1.5676,2161,2018,1900,-584
1.5680,2161,2018,1900,-584
1.5683,2161,2018,1900,-584
1.5687,2161,2020,1900,-584
1.5691,2161,2020,1900,-584
1.5695,2161,2021,1900,-592
1.5699,2161,2021,1900,-592
1.5702,2176,2024,1900,-584
1.5709,2176,2024,1900,-584
1.5713,2176,2024,1900,-584
1.5716,2176,2026,1900,-576
1.5720,2176,2026,1900,-576
1.5723,2176,2026,1900,-576
1.5727,2176,2028,1900,-576
1.5730,2176,2028,1900,-576
1.5734,2176,2028,1900,-576
1.5737,2176,2030,1900,-560
1.5741,2176,2030,1900,-560
1.5745,2176,2032,1900,-560
1.5748,2176,2032,1900,-560
1.5752,2176,2032,1900,-560
1.5756,2176,2034,2050,-560
1.5759,2176,2034,2050,-560
1.5763,2176,2034,2050,-560
1.5767,2176,2036,2050,-560
1.5770,2176,2036,2050,-560
1.5774,2176,2038,2050,-560
1.5779,2176,2038,2050,-560
1.5783,2176,2038,2050,-560
1.5786,2176,2040,2050,-560
1.5790,2176,2040,2050,-560
1.5794,2176,2042,2050,-560
1.5798,2176,2042,2050,-560
1.5802,2188,2044,2050,-552
1.5809,2188,2044,2050,-552
1.5813,2188,2044,2050,-552
1.5816,2188,2046,2050,-552
1.5820,2188,2046,2050,-552
1.5824,2188,2048,2050,-552
1.5829,2188,2048,2050,-552
1.5833,2188,2048,2050,-552
1.5836,2188,2051,2050,-544
1.5840,2188,2051,2050,-544
1.5844,2188,2051,2050,-544
1.5847,2188,2053,2050,-544
1.5851,2188,2053,2050,-544
1.5855,2188,2055,2050,-544
1.5859,2188,2055,2050,-544
1.5863,2188,2055,2050,-544
1.5867,2188,2056,2050,-544
1.5871,2188,2056,2050,-544
1.5875,2188,2059,2050,-536
1.5878,2188,2059,2050,-536
1.5882,2188,2059,2050,-536
1.5886,2188,2061,2050,-536
1.5889,2188,2061,2050,-536
1.5893,2188,2061,2050,-536
1.5896,2188,2063,2050,-536
1.5900,2188,2063,2050,-536
1.5903,2199,2065,2050,-528
1.5910,2199,2065,2050,-528
1.5914,2199,2067,2050,-528
1.5918,2199,2067,2050,-528
1.5922,2199,2067,2050,-528
1.5926,2199,2069,2050,-528
1.5930,2199,2069,2050,-528
1.5933,2199,2071,2050,-520
1.5937,2199,2071,2050,-520
1.5941,2199,2071,2050,-520
1.5945,2199,2073,2050,-520
1.5949,2199,2073,2050,-520
1.5953,2199,2075,2050,-512
1.5957,2199,2075,2050,-512
1.5961,2199,2075,2050,-512
1.5965,2199,2077,2050,-512
1.5969,2199,2077,2050,-512
1.5972,2199,2077,2050,-512
1.5976,2199,2079,2050,-512
1.5980,2199,2079,2050,-512
1.5984,2199,2081,2050,-504
1.5988,2199,2081,2050,-504
1.5991,2199,2081,2050,-504
1.5995,2199,2083,2050,-504
1.5999,2199,2083,2050,-504
1.6002,2206,2085,2050,-504
1.6009,2206,2085,2050,-504
1.6013,2206,2087,2050,-496
1.6017,2206,2087,2050,-496
1.6021,2206,2087,2050,-496
1.6025,2206,2089,2050,-496
1.6029,2206,2089,2050,-496
1.6033,2206,2089,2050,-496
1.6036,2206,2091,2050,-496
1.6040,2206,2091,2050,-496
1.6044,2206,2092,2050,-496
1.6048,2206,2092,2050,-496
1.6052,2206,2092,2050,-496
1.6056,2206,2094,2050,-496
1.6060,2206,2094,2050,-496
1.6063,2206,2097,2050,-488
1.6067,2206,2097,2050,-488
1.6071,2206,2097,2050,-488
1.6075,2206,2098,2050,-488
1.6079,2206,2098,2050,-488
1.6082,2206,2098,2050,-488
1.6086,2206,2100,2050,-488
1.6090,2206,2100,2050,-488
1.6093,2206,2102,2050,-480
1.6097,2206,2102,2050,-480
1.6100,2212,2104,2050,-480
1.6107,2212,2104,2050,-480
1.6111,2212,2104,2050,-480
1.6115,2212,2106,2050,-472
1.6119,2212,2106,2050,-472
1.6123,2212,2108,2050,-472
1.6127,2212,2108,2050,-472
1.6130,2212,2108,2050,-472
1.6135,2212,2110,2050,-452
1.6138,2212,2110,2050,-452
1.6142,2212,2110,2050,-452
1.6145,2212,2112,2050,-452
1.6149,2212,2112,2050,-452
1.6152,2212,2112,2050,-452
1.6156,2212,2114,1950,-444
1.6159,2212,2114,1950,-444
1.6162,2212,2116,1950,-444
1.6166,2212,2116,1950,-444
1.6169,2212,2116,1950,-444
1.6173,2212,2118,1950,-436
1.6176,2212,2118,1950,-436
1.6180,2212,2118,1950,-436
1.6184,2212,2119,1950,-444
1.6188,2212,2119,1950,-444
1.6192,2212,2119,1950,-444
1.6195,2212,2121,1950,-436
1.6200,2212,2121,1950,-436
1.6204,2214,2123,1950,-428
1.6210,2214,2123,1950,-428
1.6214,2214,2125,1950,-428
1.6217,2214,2125,1950,-428
1.6221,2214,2125,1950,-428
1.6225,2214,2127,1950,-420
1.6228,2214,2127,1950,-420
1.6232,2214,2128,1950,-420
1.6236,2214,2128,1950,-420
1.6240,2214,2128,1950,-420
1.6243,2214,2130,1950,-420
1.6247,2214,2130,1950,-420
1.6250,2214,2130,1950,-420
1.6254,2214,2132,1950,-412
1.6258,2214,2132,1950,-412
1.6262,2214,2134,1950,-404
1.6265,2214,2134,1950,-404
1.6269,2214,2134,1950,-404
1.6273,2214,2136,1950,-396
1.6276,2214,2136,1950,-396
1.6280,2214,2136,1950,-396
1.6284,2214,2138,1950,-388
1.6287,2214,2138,1950,-388
1.6291,2214,2138,1950,-388
1.6295,2214,2139,1950,-388
1.6298,2214,2139,1950,-388
1.6302,2214,2141,1950,-380
1.6308,2214,2141,1950,-380
1.6312,2214,2143,1950,-380
1.6315,2214,2143,1950,-380
1.6319,2214,2143,1950,-380
1.6322,2214,2145,1950,-372
1.6325,2214,2145,1950,-372
1.6329,2214,2145,1950,-372
1.6332,2214,2147,1950,-348
1.6336,2214,2147,1950,-348
1.6339,2214,2147,1950,-348
1.6343,2214,2148,1950,-348
1.6347,2214,2148,1950,-348
1.6351,2214,2150,1800,-340
1.6355,2214,2150,1800,-340
1.6359,2214,2150,1800,-340
1.6363,2214,2152,1800,-324
1.6366,2214,2152,1800,-324
1.6370,2214,2152,1800,-324
1.6373,2214,2153,1800,-324
1.6377,2214,2153,1800,-324
1.6382,2214,2155,1800,-316
1.6386,2214,2155,1800,-316
1.6390,2214,2155,1800,-316
1.6393,2214,2157,1800,-308
1.6397,2214,2157,1800,-308
1.6401,2212,2158,1800,-308
1.6408,2212,2158,1800,-308
1.6412,2212,2160,1800,-300
1.6416,2212,2160,1800,-300
1.6420,2212,2160,1800,-300
1.6423,2212,2161,1800,-300
1.6427,2212,2161,1800,-300
1.6430,2212,2161,1800,-300
1.6434,2212,2163,1800,-284
1.6439,2212,2163,1800,-284
1.6442,2212,2164,1800,-284
1.6446,2212,2164,1800,-284
1.6450,2212,2164,1800,-284
1.6454,2212,2166,1800,-276
1.6457,2212,2166,1800,-276
1.6461,2212,2167,1800,-268
1.6465,2212,2167,1800,-268
1.6469,2212,2167,1800,-268
1.6472,2212,2169,1800,-260
1.6476,2212,2169,1800,-260
1.6480,2212,2169,1800,-260
1.6484,2212,2170,1800,-260
1.6489,2212,2170,1800,-260
1.6492,2212,2172,1800,-244
1.6496,2212,2172,1800,-244
1.6500,2206,2173,1800,-244
1.6507,2206,2173,1800,-244
1.6511,2206,2175,1800,-236
1.6515,2206,2175,1800,-236
1.6519,2206,2175,1800,-236
1.6522,2206,2176,1800,-228
1.6526,2206,2176,1800,-228
1.6530,2206,2176,1800,-228
1.6534,2206,2177,1800,-212
1.6538,2206,2177,1800,-212
1.6541,2206,2179,1800,-196
1.6545,2206,2179,1800,-196
1.6549,2206,2179,1800,-196
1.6553,2206,2181,1550,-180
1.6557,2206,2181,1550,-180
1.6561,2206,2182,1550,-180
1.6565,2206,2182,1550,-180
1.6569,2206,2182,1550,-180
1.6572,2206,2183,1550,-172
1.6576,2206,2183,1550,-172
1.6580,2206,2183,1550,-172
1.6584,2206,2184,1550,-172
1.6587,2206,2184,1550,-172
1.6591,2206,2186,1550,-156
1.6595,2206,2186,1550,-156
1.6599,2206,2186,1550,-156
1.6603,2198,2187,1550,-148
1.6610,2198,2188,1550,-148
1.6614,2198,2188,1550,-148
1.6618,2198,2188,1550,-148
1.6621,2198,2189,1550,-140
1.6625,2198,2189,1550,-140
1.6629,2198,2189,1550,-140
1.6633,2198,2190,1550,-132
1.6636,2198,2190,1550,-132
1.6640,2198,2191,1550,-124
1.6644,2198,2191,1550,-124
1.6649,2198,2191,1550,-124
1.6652,2198,2192,1550,-124
1.6656,2198,2192,1550,-124
1.6660,2198,2194,1550,-108
1.6663,2198,2194,1550,-108
1.6667,2198,2194,1550,-108
1.6670,2198,2195,1550,-100
1.6674,2198,2195,1550,-100
1.6677,2198,2195,1550,-100
1.6681,2198,2196,1550,-92
1.6684,2198,2196,1550,-92
1.6688,2198,2196,1550,-92
1.6692,2198,2197,1550,-84
1.6695,2198,2197,1550,-84
1.6699,2198,2197,1550,-84
1.6703,2188,2198,1550,-76
1.6710,2188,2199,1550,-68
1.6713,2188,2199,1550,-68
1.6717,2188,2199,1550,-68
1.6720,2188,2200,1550,-60
1.6724,2188,2200,1550,-60
1.6728,2188,2200,1550,-60
1.6732,2188,2201,1550,-32
1.6736,2188,2201,1550,-32
1.6739,2188,2201,1550,-32
1.6743,2188,2202,1550,-24
1.6746,2188,2202,1550,-24
1.6750,2188,2203,1100,0
1.6753,2188,2203,1100,0
1.6757,2188,2203,1100,0
1.6761,2188,2204,1100,24
1.6764,2188,2204,1100,24
1.6769,2188,2204,1100,24
1.6773,2188,2204,1100,24
1.6777,2188,2204,1100,24
1.6781,2188,2205,1100,40
1.6784,2188,2205,1100,40
1.6788,2188,2205,1100,40
1.6792,2188,2206,1100,48
1.6796,2188,2206,1100,48
1.6799,2188,2207,1100,56
1.6803,2175,2207,1100,56
1.6810,2175,2207,1100,56
1.6814,2175,2207,1100,56
1.6818,2175,2207,1100,56
1.6821,2175,2208,1100,72
1.6825,2175,2208,1100,72
1.6829,2175,2209,1100,80
1.6833,2175,2209,1100,80
1.6836,2175,2209,1100,80
1.6840,2175,2209,1100,80
1.6844,2175,2209,1100,80
1.6847,2175,2209,1100,80
1.6851,2175,2210,1100,96
1.6855,2175,2210,1100,96
1.6859,2175,2210,1100,96
1.6863,2175,2210,1100,96
1.6866,2175,2210,1100,96
1.6870,2175,2211,1100,96
1.6874,2175,2211,1100,96
1.6877,2175,2211,1100,96
1.6881,2175,2211,1100,96
1.6885,2175,2211,1100,96
1.6888,2175,2211,1100,96
1.6892,2175,2211,1100,96
1.6895,2175,2211,1100,96
1.6899,2175,2212,1100,112
1.6902,2160,2212,1100,112
1.6909,2160,2212,1100,120
1.6913,2160,2212,1100,120
1.6917,2160,2212,1100,120
1.6921,2160,2212,1100,120
1.6925,2160,2212,1100,120
1.6928,2160,2213,1100,124
1.6932,2160,2213,1100,124
1.6936,2160,2213,1100,124
1.6940,2160,2213,1100,124
1.6944,2160,2213,1100,124
1.6947,2160,2213,1100,124
1.6951,2160,2213,500,132
1.6955,2160,2213,500,132
1.6959,2160,2213,500,140
1.6962,2160,2213,500,140
1.6966,2160,2213,500,140
1.6970,2160,2213,500,140
1.6973,2160,2213,500,140
1.6977,2160,2213,500,140
1.6981,2160,2214,500,156
1.6985,2160,2214,500,156
1.6988,2160,2214,500,164
1.6992,2160,2214,500,164
1.6996,2160,2214,500,164
1.6999,2160,2214,500,164
1.7003,2144,2214,500,164
1.7010,2144,2214,500,172
1.7014,2144,2214,500,172
1.7019,2144,2214,500,180
1.7022,2144,2214,500,180
1.7026,2144,2214,500,180
1.7030,2144,2214,500,188
1.7034,2144,2214,500,188
1.7038,2144,2214,500,196
1.7042,2144,2214,500,196
1.7046,2144,2214,500,196
1.7049,2144,2214,500,204
1.7053,2144,2214,500,204
1.7057,2144,2214,500,204
1.7060,2144,2214,500,212
1.7064,2144,2214,500,212
1.7069,2144,2214,500,220
1.7072,2144,2214,500,220
1.7076,2144,2214,500,220
1.7080,2144,2214,500,220
1.7084,2144,2214,500,220
1.7087,2144,2214,500,228
1.7091,2144,2214,500,228
1.7095,2144,2214,500,228
1.7099,2144,2214,500,236
1.7102,2126,2214,500,236
1.7109,2126,2214,500,252
1.7113,2126,2214,500,252
1.7117,2126,2214,500,260
1.7121,2126,2214,500,260
1.7125,2126,2214,500,260
1.7129,2126,2214,500,272
1.7132,2126,2214,500,272
1.7136,2126,2214,500,272
1.7140,2126,2214,500,280
1.7144,2126,2214,500,280
1.7148,2126,2214,50,288
1.7151,2126,2214,50,288
1.7155,2126,2214,50,288
1.7159,2126,2214,50,296
1.7163,2126,2214,50,296
1.7167,2126,2214,50,296
1.7170,2126,2214,50,304
1.7174,2126,2214,50,304
1.7179,2126,2214,50,320
1.7183,2126,2214,50,320
1.7187,2126,2214,50,320
1.7190,2126,2213,50,320
1.7194,2126,2213,50,320
1.7198,2126,2213,50,328
1.7202,2107,2213,50,328
1.7209,2107,2212,50,328
1.7213,2107,2212,50,328
1.7216,2107,2212,50,328
1.7220,2107,2212,50,344
1.7224,2107,2212,50,344
1.7228,2107,2212,50,352
1.7231,2107,2212,50,352
1.7235,2107,2212,50,352
1.7239,2107,2211,50,352
1.7243,2107,2211,50,352
1.7247,2107,2210,50,360
1.7251,2107,2210,50,360
1.7254,2107,2210,50,360
1.7258,2107,2210,50,368
1.7262,2107,2210,50,368
1.7266,2107,2210,50,368
1.7270,2107,2209,50,376
1.7274,2107,2209,50,376
1.7278,2107,2208,50,376
1.7281,2107,2208,50,376
1.7285,2107,2208,50,376
1.7289,2107,2207,50,384
1.7293,2107,2207,50,384
1.7297,2107,2207,50,392
1.7300,2086,2207,50,392
1.7307,2086,2206,50,400
1.7311,2086,2206,50,400
1.7315,2086,2206,50,400
1.7319,2086,2205,50,400
1.7322,2086,2205,50,400
1.7326,2086,2204,50,404
1.7330,2086,2204,50,404
1.7334,2086,2204,50,404
1.7339,2086,2203,50,404
1.7342,2086,2203,50,404
1.7346,2086,2203,-550,420
1.7350,2086,2203,-550,420
1.7354,2086,2203,-550,420
1.7358,2086,2202,-550,428
1.7362,2086,2202,-550,428
1.7365,2086,2202,-550,428
1.7369,2086,2201,-550,428
1.7373,2086,2201,-550,428
1.7376,2086,2200,-550,436
1.7380,2086,2200,-550,436
1.7383,2086,2200,-550,436
1.7387,2086,2199,-550,444
1.7391,2086,2199,-550,444
1.7394,2086,2199,-550,444
1.7399,2086,2198,-550,452
1.7403,2065,2198,-550,452
1.7410,2065,2197,-550,460
1.7413,2065,2197,-550,460
1.7417,2065,2196,-550,460
1.7421,2065,2196,-550,460
1.7425,2065,2196,-550,460
1.7429,2065,2195,-550,468
1.7432,2065,2195,-550,468
1.7436,2065,2194,-550,476
1.7440,2065,2194,-550,476
1.7444,2065,2194,-550,476
1.7449,2065,2193,-550,484
1.7452,2065,2193,-550,484
1.7456,2065,2192,-550,492
1.7460,2065,2192,-550,492
1.7464,2065,2192,-550,492
1.7469,2065,2191,-550,500
1.7472,2065,2191,-550,500
1.7476,2065,2190,-550,508
1.7480,2065,2190,-550,508
1.7484,2065,2190,-550,508
1.7489,2065,2188,-550,508
1.7492,2065,2188,-550,508
1.7496,2065,2187,-550,516
1.7500,2065,2187,-550,516
1.7504,2043,2186,-550,516
1.7511,2043,2186,-550,516
1.7515,2043,2186,-550,516
1.7518,2043,2185,-550,524
1.7522,2043,2185,-550,524
1.7526,2043,2183,-550,516
1.7529,2043,2183,-550,516
1.7533,2043,2183,-550,516
1.7537,2043,2182,-550,524
1.7540,2043,2182,-550,524
1.7544,2043,2182,-550,524
1.7549,2043,2181,-1100,532
1.7552,2043,2181,-1100,532
1.7556,2043,2179,-1100,532
1.7560,2043,2179,-1100,532
1.7564,2043,2179,-1100,532
1.7568,2043,2178,-1100,540
1.7571,2043,2178,-1100,540
1.7575,2043,2177,-1100,548
1.7579,2043,2177,-1100,548
1.7583,2043,2177,-1100,548
1.7587,2043,2175,-1100,548
1.7590,2043,2175,-1100,548
1.7594,2043,2175,-1100,548
1.7597,2043,2174,-1100,556
1.7601,2022,2173,-1100,564
1.7609,2022,2173,-1100,564
1.7613,2022,2173,-1100,564
1.7617,2022,2171,-1100,564
1.7621,2022,2171,-1100,564
1.7624,2022,2171,-1100,564
1.7628,2022,2170,-1100,572
1.7632,2022,2170,-1100,572
1.7636,2022,2168,-1100,572
1.7639,2022,2168,-1100,572
1.7643,2022,2168,-1100,572
1.7647,2022,2167,-1100,580
1.7651,2022,2167,-1100,580
1.7655,2022,2165,-1100,580
1.7659,2022,2165,-1100,580
1.7663,2022,2165,-1100,580
1.7667,2022,2164,-1100,588
1.7671,2022,2164,-1100,588
1.7674,2022,2162,-1100,588
1.7678,2022,2162,-1100,588
1.7682,2022,2162,-1100,588
1.7686,2022,2161,-1100,596
1.7689,2022,2161,-1100,596
1.7693,2022,2161,-1100,596
1.7697,2022,2159,-1100,596
1.7701,2001,2157,-1100,596
1.7709,2001,2157,-1100,596
1.7712,2001,2157,-1100,596
1.7716,2001,2156,-1100,596
1.7720,2001,2156,-1100,596
1.7723,2001,2156,-1100,596
1.7727,2001,2154,-1100,576
1.7730,2001,2154,-1100,576
1.7734,2001,2154,-1100,576
1.7738,2001,2152,-1100,576
1.7741,2001,2152,-1100,576
1.7745,2001,2150,-1550,576
1.7748,2001,2150,-1550,576
1.7752,2001,2150,-1550,576
1.7756,2001,2149,-1550,584
1.7759,2001,2149,-1550,584
1.7763,2001,2149,-1550,584
1.7767,2001,2147,-1550,592
1.7771,2001,2147,-1550,592
1.7774,2001,2145,-1550,592
1.7779,2001,2145,-1550,592
1.7782,2001,2145,-1550,592
1.7786,2001,2144,-1550,600
1.7790,2001,2144,-1550,600
1.7793,2001,2144,-1550,600
1.7797,2001,2142,-1550,600
1.7801,1981,2140,-1550,592
1.7808,1981,2140,-1550,592
1.7812,1981,2140,-1550,592
1.7816,1981,2138,-1550,592
1.7820,1981,2138,-1550,592
1.7823,1981,2138,-1550,592
1.7827,1981,2136,-1550,592
1.7831,1981,2136,-1550,592
1.7835,1981,2134,-1550,600
1.7839,1981,2134,-1550,600
1.7842,1981,2134,-1550,600
1.7846,1981,2133,-1550,600
1.7849,1981,2133,-1550,600
1.7853,1981,2133,-1550,600
1.7857,1981,2131,-1550,600
1.7861,1981,2131,-1550,600
1.7864,1981,2129,-1550,600
1.7868,1981,2129,-1550,600
1.7872,1981,2129,-1550,600
1.7876,1981,2127,-1550,600
1.7880,1981,2127,-1550,600
1.7883,1981,2127,-1550,600
1.7887,1981,2125,-1550,600
1.7890,1981,2125,-1550,600
1.7894,1981,2124,-1550,600
1.7897,1981,2124,-1550,600
1.7901,1962,2122,-1550,600
1.7908,1962,2122,-1550,600
1.7912,1962,2122,-1550,600
1.7915,1962,2120,-1550,600
1.7919,1962,2120,-1550,600
1.7923,1962,2120,-1550,600
1.7926,1962,2118,-1550,596
1.7930,1962,2118,-1550,596
1.7934,1962,2116,-1550,596
1.7939,1962,2116,-1550,596
1.7942,1962,2116,-1550,596
1.7946,1962,2114,-1800,596
1.7951,1962,2114,-1800,596
1.7954,1962,2112,-1800,596
1.7959,1962,2112,-1800,596
1.7962,1962,2112,-1800,596
1.7966,1962,2110,-1800,596
1.7970,1962,2110,-1800,596
1.7973,1962,2108,-1800,596
1.7977,1962,2108,-1800,596
1.7981,1962,2108,-1800,596
1.7985,1962,2106,-1800,596
1.7989,1962,2106,-1800,596
1.7993,1962,2104,-1800,596
1.7997,1962,2104,-1800,596
1.8001,1944,2102,-1800,596
1.8008,1944,2102,-1800,596
1.8012,1944,2102,-1800,596
1.8016,1944,2100,-1800,588
1.8019,1944,2100,-1800,588
1.8023,1944,2098,-1800,588
1.8027,1944,2098,-1800,588
1.8030,1944,2098,-1800,588
1.8034,1944,2096,-1800,588
1.8039,1944,2096,-1800,588
1.8043,1944,2094,-1800,588
1.8046,1944,2094,-1800,588
1.8050,1944,2094,-1800,588
1.8054,1944,2092,-1800,588
1.8057,1944,2092,-1800,588
1.8061,1944,2092,-1800,588
1.8065,1944,2090,-1800,588
1.8069,1944,2090,-1800,588
1.8073,1944,2088,-1800,588
1.8076,1944,2088,-1800,588
1.8080,1944,2088,-1800,588
1.8084,1944,2086,-1800,588
1.8088,1944,2086,-1800,588
1.8092,1944,2086,-1800,588
1.8096,1944,2084,-1800,588
1.8100,1944,2084,-1800,588
1.8104,1927,2082,-1800,588
1.8112,1927,2082,-1800,588
1.8115,1927,2080,-1800,588
1.8119,1927,2080,-1800,588
1.8123,1927,2078,-1800,564
1.8127,1927,2078,-1800,564
1.8130,1927,2078,-1800,564
1.8134,1927,2076,-1800,564
1.8139,1927,2076,-1800,564
1.8142,1927,2074,-2000,564
1.8146,1927,2074,-2000,564
1.8150,1927,2074,-2000,564
1.8154,1927,2072,-2000,564
1.8159,1927,2072,-2000,564
1.8163,1927,2070,-2000,564
1.8167,1927,2070,-2000,564
1.8171,1927,2070,-2000,564
1.8175,1927,2068,-2000,564
1.8178,1927,2068,-2000,564
1.8182,1927,2066,-2000,564
1.8186,1927,2066,-2000,564
1.8189,1927,2066,-2000,564
1.8193,1927,2064,-2000,564
1.8197,1927,2064,-2000,564
1.8201,1912,2062,-2000,564
1.8208,1912,2062,-2000,564
1.8212,1912,2060,-2000,556
1.8216,1912,2060,-2000,556
1.8219,1912,2060,-2000,556
1.8223,1912,2058,-2000,556
1.8227,1912,2058,-2000,556
1.8231,1912,2058,-2000,556
1.8235,1912,2056,-2000,556
1.8239,1912,2056,-2000,556
1.8242,1912,2054,-2000,556
1.8246,1912,2054,-2000,556
1.8250,1912,2054,-2000,556
1.8254,1912,2052,-2000,556
1.8258,1912,2052,-2000,556
1.8262,1912,2050,-2000,556
1.8266,1912,2050,-2000,556
1.8270,1912,2050,-2000,556
1.8274,1912,2048,-2000,556
1.8277,1912,2048,-2000,556
1.8281,1912,2046,-2000,556
1.8285,1912,2046,-2000,556
1.8289,1912,2046,-2000,556
1.8293,1912,2044,-2000,556
1.8297,1912,2044,-2000,556
1.8300,1900,2042,-2000,548
1.8307,1900,2042,-2000,548
1.8311,1900,2040,-2000,548
1.8315,1900,2040,-2000,548
1.8319,1900,2040,-2000,548
1.8323,1900,2037,-2000,532
1.8326,1900,2037,-2000,532
1.8330,1900,2037,-2000,532
1.8334,1900,2035,-2000,532
1.8338,1900,2035,-2000,532
1.8341,1900,2033,-2050,532
1.8345,1900,2033,-2050,532
1.8349,1900,2033,-2050,532
1.8353,1900,2031,-2050,532
1.8357,1900,2031,-2050,532
1.8361,1900,2029,-2050,532
1.8365,1900,2029,-2050,532
1.8369,1900,2029,-2050,532
1.8373,1900,2027,-2050,524
1.8376,1900,2027,-2050,524
1.8380,1900,2027,-2050,524
1.8384,1900,2025,-2050,524
1.8388,1900,2025,-2050,524
1.8391,1900,2023,-2050,524
1.8395,1900,2023,-2050,524
1.8399,1900,2023,-2050,524
1.8403,1889,2021,-2050,516
1.8410,1889,2021,-2050,516
1.8414,1889,2019,-2050,516
1.8419,1889,2019,-2050,516
1.8422,1889,2017,-2050,516
1.8426,1889,2017,-2050,516
1.8430,1889,2017,-2050,516
1.8434,1889,2015,-2050,516
1.8439,1889,2015,-2050,516
1.8443,1889,2013,-2050,516
1.8446,1889,2013,-2050,516
1.8450,1889,2013,-2050,516
1.8454,1889,2011,-2050,508
1.8459,1889,2011,-2050,508
1.8462,1889,2009,-2050,508
1.8466,1889,2009,-2050,508
1.8470,1889,2009,-2050,508
1.8474,1889,2007,-2050,508
1.8479,1889,2007,-2050,508
1.8482,1889,2005,-2050,500
1.8486,1889,2005,-2050,500
1.8490,1889,2005,-2050,500
1.8494,1889,2003,-2050,500
1.8497,1889,2003,-2050,500
1.8501,1882,2001,-2050,500
1.8509,1882,2001,-2050,500
1.8512,1882,1999,-2050,492
1.8516,1882,1999,-2050,492
1.8520,1882,1998,-2050,496
1.8524,1882,1998,-2050,496
1.8529,1882,1998,-2050,496
1.8532,1882,1996,-2050,496
1.8536,1882,1996,-2050,496
1.8540,1882,1994,-1950,496
1.8544,1882,1994,-1950,496
1.8549,1882,1994,-1950,496
1.8553,1882,1992,-1950,488
1.8556,1882,1992,-1950,488
1.8560,1882,1990,-1950,488
1.8564,1882,1990,-1950,488
1.8569,1882,1990,-1950,488
1.8572,1882,1988,-1950,480
1.8576,1882,1988,-1950,480
1.8580,1882,1986,-1950,480
1.8584,1882,1986,-1950,480
1.8589,1882,1986,-1950,480
1.8593,1882,1984,-1950,472
1.8597,1882,1984,-1950,472
1.8601,1876,1983,-1950,480
1.8608,1876,1983,-1950,480
1.8612,1876,1981,-1950,472
1.8616,1876,1981,-1950,472
1.8619,1876,1981,-1950,472
1.8623,1876,1979,-1950,472
1.8626,1876,1979,-1950,472
1.8630,1876,1977,-1950,464
1.8634,1876,1977,-1950,464
1.8637,1876,1977,-1950,464
1.8641,1876,1975,-1950,464
1.8645,1876,1975,-1950,464
1.8648,1876,1975,-1950,464
1.8652,1876,1973,-1950,456
1.8655,1876,1973,-1950,456
1.8659,1876,1973,-1950,456
1.8663,1876,1971,-1950,456
1.8666,1876,1971,-1950,456
1.8670,1876,1969,-1950,448
1.8674,1876,1969,-1950,448
1.8679,1876,1969,-1950,448
1.8683,1876,1968,-1950,456
1.8687,1876,1968,-1950,456
1.8690,1876,1966,-1950,448
1.8694,1876,1966,-1950,448
1.8698,1876,1966,-1950,448
1.8701,1874,1964,-1950,440
1.8708,1874,1964,-1950,440
1.8712,1874,1962,-1950,440
1.8716,1874,1962,-1950,440
1.8720,1874,1960,-1950,416
1.8724,1874,1960,-1950,416
1.8729,1874,1960,-1950,416
1.8732,1874,1959,-1950,416
1.8736,1874,1959,-1950,416
1.8740,1874,1957,-1850,416
1.8744,1874,1957,-1850,416
1.8747,1874,1957,-1850,416
1.8751,1874,1955,-1850,408
1.8755,1874,1955,-1850,408
1.8758,1874,1955,-1850,408
1.8762,1874,1953,-1850,400
1.8766,1874,1953,-1850,400
1.8769,1874,1951,-1850,392
1.8773,1874,1951,-1850,392
1.8776,1874,1951,-1850,392
1.8780,1874,1949,-1850,384
1.8784,1874,1949,-1850,384
1.8787,1874,1949,-1850,384
1.8791,1874,1948,-1850,384
1.8795,1874,1948,-1850,384
1.8799,1874,1946,-1850,376
1.8802,1874,1946,-1850,376
1.8809,1874,1944,-1850,376
1.8813,1874,1944,-1850,376
1.8816,1874,1944,-1850,376
1.8820,1874,1942,-1850,368
1.8824,1874,1942,-1850,368
1.8828,1874,1942,-1850,368
1.8832,1874,1941,-1850,368
1.8836,1874,1941,-1850,368
1.8839,1874,1939,-1850,360
1.8843,1874,1939,-1850,360
1.8846,1874,1939,-1850,360
1.8850,1874,1937,-1850,352
1.8854,1874,1937,-1850,352
1.8859,1874,1936,-1850,352
1.8863,1874,1936,-1850,352
1.8867,1874,1936,-1850,352
1.8870,1874,1934,-1850,336
1.8874,1874,1934,-1850,336
1.8878,1874,1932,-1850,328
1.8882,1874,1932,-1850,328
1.8886,1874,1932,-1850,328
1.8890,1874,1931,-1850,328
1.8893,1874,1931,-1850,328
1.8897,1874,1931,-1850,328
1.8901,1876,1929,-1850,320
1.8909,1876,1928,-1850,320
1.8913,1876,1928,-1850,320
1.8917,1876,1928,-1850,320
1.8921,1876,1926,-1850,292
1.8925,1876,1926,-1850,292
1.8928,1876,1924,-1850,276
1.8932,1876,1924,-1850,276
1.8936,1876,1924,-1850,276
1.8940,1876,1923,-1700,276
1.8944,1876,1923,-1700,276
1.8948,1876,1921,-1700,268
1.8952,1876,1921,-1700,268
1.8956,1876,1921,-1700,268
1.8960,1876,1920,-1700,268
1.8964,1876,1920,-1700,268
1.8968,1876,1920,-1700,268
1.8971,1876,1918,-1700,252
1.8975,1876,1918,-1700,252
1.8979,1876,1917,-1700,252
1.8982,1876,1917,-1700,252
1.8986,1876,1917,-1700,252
1.8990,1876,1915,-1700,236
1.8994,1876,1915,-1700,236
1.8998,1876,1915,-1700,236
1.9001,1882,1914,-1700,236
1.9009,1882,1912,-1700,228
1.9013,1882,1912,-1700,228
1.9016,1882,1912,-1700,228
1.9020,1882,1911,-1700,220
1.9024,1882,1911,-1700,220
1.9027,1882,1911,-1700,220
1.9031,1882,1910,-1700,220
1.9035,1882,1910,-1700,220
1.9038,1882,1908,-1700,204
1.9042,1882,1908,-1700,204
1.9046,1882,1908,-1700,204
1.9050,1882,1907,-1700,204
1.9053,1882,1907,-1700,204
1.9057,1882,1906,-1700,196
1.9061,1882,1906,-1700,196
1.9065,1882,1906,-1700,196
1.9069,1882,1904,-1700,180
1.9073,1882,1904,-1700,180
1.9077,1882,1904,-1700,180
1.9080,1882,1903,-1700,180
1.9084,1882,1903,-1700,180
1.9088,1882,1902,-1700,172
1.9091,1882,1902,-1700,172
1.9095,1882,1902,-1700,172
1.9099,1882,1900,-1700,156
1.9103,1890,1900,-1700,156
1.9110,1890,1899,-1700,156
1.9113,1890,1899,-1700,156
1.9117,1890,1898,-1700,128
1.9121,1890,1898,-1700,128
1.9125,1890,1898,-1700,128
1.9129,1890,1897,-1700,120
1.9133,1890,1897,-1700,120
1.9136,1890,1897,-1700,120
1.9140,1890,1896,-1350,112
1.9144,1890,1896,-1350,112
1.9148,1890,1894,-1350,104
1.9152,1890,1894,-1350,104
1.9155,1890,1894,-1350,104
1.9159,1890,1893,-1350,96
1.9163,1890,1893,-1350,96
1.9167,1890,1892,-1350,88
1.9171,1890,1892,-1350,88
1.9174,1890,1892,-1350,88
1.9179,1890,1891,-1350,80
1.9183,1890,1891,-1350,80
1.9186,1890,1891,-1350,80
1.9190,1890,1890,-1350,72
1.9194,1890,1890,-1350,72
1.9197,1890,1889,-1350,64
1.9201,1900,1889,-1350,64
1.9209,1900,1888,-1350,56
1.9212,1900,1888,-1350,56
1.9216,1900,1888,-1350,56
1.9220,1900,1887,-1350,48
1.9224,1900,1887,-1350,48
1.9228,1900,1886,-1350,40
1.9232,1900,1886,-1350,40
1.9235,1900,1886,-1350,40
1.9239,1900,1885,-1350,32
1.9243,1900,1885,-1350,32
1.9246,1900,1885,-1350,32
1.9250,1900,1885,-1350,32
1.9254,1900,1885,-1350,32
1.9259,1900,1884,-1350,24
1.9262,1900,1884,-1350,24
1.9266,1900,1884,-1350,24
1.9270,1900,1883,-1350,0
1.9274,1900,1883,-1350,0
1.9277,1900,1882,-1350,-32
1.9281,1900,1882,-1350,-32
1.9285,1900,1882,-1350,-32
1.9289,1900,1881,-1350,-40
1.9293,1900,1881,-1350,-40
1.9296,1900,1880,-1350,-48
1.9300,1913,1880,-1350,-48
1.9307,1913,1880,-1350,-48
1.9311,1913,1880,-1350,-48
1.9315,1913,1880,-1350,-48
1.9318,1913,1879,-1350,-72
1.9322,1913,1879,-1350,-72
1.9326,1913,1879,-1350,-72
1.9329,1913,1879,-1350,-72
1.9333,1913,1879,-1350,-72
1.9337,1913,1878,-900,-80
1.9340,1913,1878,-900,-80
1.9344,1913,1878,-900,-80
1.9348,1913,1877,-900,-96
1.9352,1913,1877,-900,-96
1.9356,1913,1877,-900,-96
1.9360,1913,1877,-900,-96
1.9368,1913,1876,-900,-96
1.9372,1913,1876,-900,-96
1.9376,1913,1876,-900,-96
1.9380,1913,1876,-900,-96
1.9384,1913,1876,-900,-96
1.9389,1913,1875,-900,-104
1.9395,1913,1875,-900,-104
1.9399,1913,1875,-900,-112
1.9402,1928,1875,-900,-120
1.9410,1928,1875,-900,-120
1.9414,1928,1875,-900,-120
1.9417,1928,1874,-900,-128
1.9421,1928,1874,-900,-128
1.9426,1928,1874,-900,-136
1.9429,1928,1874,-900,-136
1.9433,1928,1874,-900,-136
1.9436,1928,1874,-900,-136
1.9440,1928,1874,-900,-136
1.9444,1928,1874,-900,-136
1.9449,1928,1873,-900,-152
1.9453,1928,1873,-900,-152
1.9456,1928,1873,-900,-160
1.9460,1928,1873,-900,-160
1.9464,1928,1873,-900,-160
1.9469,1928,1873,-900,-160
1.9472,1928,1873,-900,-160
1.9476,1928,1873,-900,-168
1.9480,1928,1873,-900,-168
1.9484,1928,1873,-900,-168
1.9487,1928,1873,-900,-176
1.9491,1928,1873,-900,-176
1.9495,1928,1873,-900,-176
1.9499,1928,1873,-900,-176
1.9503,1944,1873,-900,-184
1.9510,1944,1873,-900,-184
1.9514,1944,1873,-900,-184
1.9519,1944,1873,-900,-172
1.9522,1944,1873,-900,-172
1.9526,1944,1873,-900,-180
1.9530,1944,1873,-900,-180
1.9534,1944,1873,-900,-180
1.9538,1944,1873,-250,-188
1.9541,1944,1873,-250,-188
1.9545,1944,1873,-250,-196
1.9549,1944,1873,-250,-196
1.9552,1944,1873,-250,-196
1.9556,1944,1873,-250,-204
1.9560,1944,1873,-250,-204
1.9564,1944,1873,-250,-204
1.9567,1944,1873,-250,-204
1.9571,1944,1873,-250,-204
1.9575,1944,1873,-250,-212
1.9579,1944,1873,-250,-212
1.9583,1944,1873,-250,-212
1.9587,1944,1873,-250,-220
1.9591,1944,1873,-250,-220
1.9595,1944,1873,-250,-228
1.9599,1944,1873,-250,-228
1.9603,1962,1873,-250,-236
1.9610,1962,1873,-250,-236
1.9614,1962,1873,-250,-236
1.9619,1962,1873,-250,-252
1.9622,1962,1873,-250,-252
1.9626,1962,1873,-250,-260
1.9630,1962,1873,-250,-260
1.9634,1962,1873,-250,-260
1.9639,1962,1873,-250,-268
1.9642,1962,1873,-250,-268
1.9647,1962,1873,-250,-276
1.9650,1962,1873,-250,-276
1.9654,1962,1873,-250,-276
1.9657,1962,1873,-250,-284
1.9661,1962,1873,-250,-284
1.9665,1962,1873,-250,-292
1.9669,1962,1873,-250,-292
1.9673,1962,1873,-250,-292
1.9677,1962,1873,-250,-300
1.9680,1962,1873,-250,-300
1.9684,1962,1873,-250,-300
1.9687,1962,1874,-250,-308
1.9691,1962,1874,-250,-308
1.9695,1962,1874,-250,-316
1.9699,1962,1874,-250,-316
1.9703,1982,1875,-250,-316
1.9710,1982,1875,-250,-316
1.9714,1982,1876,-250,-340
1.9719,1982,1876,-250,-340
1.9722,1982,1876,-250,-340
1.9726,1982,1876,-250,-348
1.9730,1982,1876,-250,-348
1.9734,1982,1877,200,-348
1.9738,1982,1877,200,-348
1.9742,1982,1877,200,-348
1.9746,1982,1877,200,-364
1.9750,1982,1877,200,-364
1.9754,1982,1878,200,-364
1.9758,1982,1878,200,-364
1.9762,1982,1878,200,-364
1.9766,1982,1878,200,-380
1.9769,1982,1878,200,-380
1.9773,1982,1878,200,-380
1.9777,1982,1879,200,-380
1.9780,1982,1879,200,-380
1.9785,1982,1879,200,-396
1.9789,1982,1879,200,-396
1.9793,1982,1879,200,-396
1.9797,1982,1880,200,-396
1.9801,2002,1881,200,-404
1.9809,2002,1881,200,-404
1.9813,2002,1881,200,-404
1.9817,2002,1882,200,-404
1.9820,2002,1882,200,-404
1.9824,2002,1882,200,-420
1.9829,2002,1882,200,-420
1.9832,2002,1882,200,-420
1.9836,2002,1883,200,-420
1.9840,2002,1883,200,-420
1.9843,2002,1884,200,-428
1.9847,2002,1884,200,-428
1.9851,2002,1884,200,-428
1.9855,2002,1885,200,-436
1.9859,2002,1885,200,-436
1.9862,2002,1885,200,-436
1.9866,2002,1886,200,-436
1.9870,2002,1886,200,-436
1.9873,2002,1887,200,-444
1.9877,2002,1887,200,-444
1.9881,2002,1887,200,-444
1.9885,2002,1888,200,-452
1.9889,2002,1888,200,-452
1.9893,2002,1888,200,-452
1.9896,2002,1889,200,-460
1.9900,2023,1890,200,-468
1.9907,2023,1890,200,-468
1.9911,2023,1890,200,-468
1.9915,2023,1891,200,-456
1.9919,2023,1891,200,-456
1.9923,2023,1891,200,-456
1.9926,2023,1892,200,-464
1.9930,2023,1892,200,-464
1.9934,2023,1893,800,-472
1.9939,2023,1893,800,-472
1.9943,2023,1894,800,-480
1.9947,2023,1894,800,-480
1.9950,2023,1894,800,-480
1.9954,2023,1895,800,-488
1.9958,2023,1895,800,-488
1.9962,2023,1895,800,-488
1.9966,2023,1896,800,-496
1.9969,2023,1896,800,-496
1.9973,2023,1897,800,-504
1.9977,2023,1897,800,-504
1.9981,2023,1897,800,-504
1.9985,2023,1898,800,-512
1.9989,2023,1898,800,-512
1.9993,2023,1900,800,-512
1.9997,2023,1900,800,-512
2.0001,2044,1901,800,-512
2.0009,2044,1901,800,-512
2.0012,2044,1901,800,-512
2.0016,2044,1902,800,-520
2.0020,2044,1902,800,-520
2.0024,2044,1903,800,-528
2.0028,2044,1903,800,-528
2.0032,2044,1903,800,-528
2.0035,2044,1904,800,-536
2.0039,2044,1904,800,-536
2.0043,2044,1906,800,-536
2.0047,2044,1906,800,-536
2.0051,2044,1906,800,-536
2.0054,2044,1907,800,-544
2.0059,2044,1907,800,-544
2.0062,2044,1908,800,-552
2.0066,2044,1908,800,-552
2.0070,2044,1908,800,-552
2.0074,2044,1910,800,-552
2.0077,2044,1910,800,-552
2.0081,2044,1910,800,-552
2.0085,2044,1911,800,-560
2.0089,2044,1911,800,-560
2.0093,2044,1912,800,-568
2.0096,2044,1912,800,-568
2.0100,2065,1914,800,-568
2.0107,2065,1914,800,-568
2.0111,2065,1914,800,-568
2.0115,2065,1916,800,-560
2.0118,2065,1916,800,-560
2.0122,2065,1917,800,-568
2.0126,2065,1917,800,-568
2.0130,2065,1917,800,-568
2.0133,2065,1919,1300,-568
2.0137,2065,1919,1300,-568
2.0141,2065,1919,1300,-568
2.0145,2065,1920,1300,-576
2.0149,2065,1920,1300,-576
2.0152,2065,1922,1300,-576
2.0156,2065,1922,1300,-576
2.0160,2065,1922,1300,-576
2.0163,2065,1923,1300,-584
2.0167,2065,1923,1300,-584
2.0171,2065,1923,1300,-584
2.0175,2065,1924,1300,-592
2.0179,2065,1924,1300,-592
2.0183,2065,1926,1300,-592
2.0186,2065,1926,1300,-592
2.0190,2065,1926,1300,-592
2.0194,2065,1928,1300,-592
2.0197,2065,1928,1300,-592
2.0202,2087,1929,1300,-600
2.0209,2087,1929,1300,-600
2.0213,2087,1931,1300,-592
2.0216,2087,1931,1300,-592
2.0220,2087,1931,1300,-592
2.0223,2087,1933,1300,-592
2.0227,2087,1933,1300,-592
2.0231,2087,1935,1300,-592
2.0235,2087,1935,1300,-592
2.0239,2087,1935,1300,-592
2.0243,2087,1936,1300,-600
2.0247,2087,1936,1300,-600
2.0251,2087,1936,1300,-600
2.0254,2087,1938,1300,-600
2.0258,2087,1938,1300,-600
2.0262,2087,1939,1300,-600
2.0266,2087,1939,1300,-600
2.0270,2087,1939,1300,-600
2.0273,2087,1941,1300,-600
2.0277,2087,1941,1300,-600
2.0281,2087,1943,1300,-600
2.0285,2087,1943,1300,-600
2.0289,2087,1943,1300,-600
2.0293,2087,1945,1300,-600
2.0296,2087,1945,1300,-600
2.0300,2087,1945,1300,-600
2.0304,2108,1947,1300,-600
2.0310,2108,1947,1300,-600
2.0314,2108,1948,1300,-588
2.0318,2108,1948,1300,-588
2.0321,2108,1950,1300,-588
2.0325,2108,1950,1300,-588
2.0329,2108,1950,1300,-588
2.0333,2108,1952,1650,-588
2.0337,2108,1952,1650,-588
2.0341,2108,1954,1650,-596
2.0345,2108,1954,1650,-596
2.0349,2108,1954,1650,-596
2.0352,2108,1956,1650,-596
2.0356,2108,1956,1650,-596
2.0360,2108,1956,1650,-596
2.0364,2108,1958,1650,-596
2.0368,2108,1958,1650,-596
2.0372,2108,1959,1650,-600
2.0376,2108,1959,1650,-600
2.0379,2108,1959,1650,-600
2.0383,2108,1962,1650,-596
2.0386,2108,1962,1650,-596
2.0390,2108,1962,1650,-596
2.0394,2108,1963,1650,-600
2.0399,2108,1963,1650,-600
2.0402,2127,1965,1650,-600
2.0410,2127,1965,1650,-600
2.0413,2127,1967,1650,-600
2.0417,2127,1967,1650,-600
2.0421,2127,1969,1650,-600
2.0425,2127,1969,1650,-600
2.0428,2127,1969,1650,-600
2.0432,2127,1971,1650,-600
2.0436,2127,1971,1650,-600
2.0440,2127,1971,1650,-600
2.0444,2127,1973,1650,-600
2.0447,2127,1973,1650,-600
2.0451,2127,1975,1650,-600
2.0455,2127,1975,1650,-600
2.0459,2127,1975,1650,-600
2.0463,2127,1976,1650,-600
2.0466,2127,1976,1650,-600
2.0470,2127,1976,1650,-600
2.0474,2127,1978,1650,-600
2.0477,2127,1978,1650,-600
2.0481,2127,1980,1650,-600
2.0485,2127,1980,1650,-600
2.0489,2127,1980,1650,-600
2.0492,2127,1982,1650,-600
2.0497,2127,1982,1650,-600
2.0500,2144,1984,1650,-600
2.0507,2144,1984,1650,-600
2.0511,2144,1986,1650,-596
2.0515,2144,1986,1650,-596
2.0519,2144,1986,1650,-596
2.0522,2144,1988,1650,-596
2.0526,2144,1988,1650,-596
2.0530,2144,1990,1900,-596
2.0533,2144,1990,1900,-596
2.0537,2144,1990,1900,-596
2.0541,2144,1992,1900,-596
2.0545,2144,1992,1900,-596
2.0549,2144,1992,1900,-596
2.0553,2144,1994,1900,-596
2.0557,2144,1994,1900,-596
2.0561,2144,1996,1900,-596
2.0565,2144,1996,1900,-596
2.0569,2144,1996,1900,-596
2.0573,2144,1998,1900,-596
2.0577,2144,1998,1900,-596
2.0581,2144,2000,1900,-596
2.0585,2144,2000,1900,-596
2.0588,2144,2000,1900,-596
2.0592,2144,2002,1900,-596
2.0596,2144,2002,1900,-596
2.0600,2144,2004,1900,-596
2.0604,2161,2004,1900,-596
2.0611,2161,2006,1900,-596
2.0615,2161,2006,1900,-596
2.0619,2161,2006,1900,-596
2.0622,2161,2008,1900,-588
2.0626,2161,2008,1900,-588
2.0630,2161,2010,1900,-588
2.0633,2161,2010,1900,-588
2.0637,2161,2010,1900,-588
2.0641,2161,2012,1900,-588
2.0645,2161,2012,1900,-588
2.0648,2161,2012,1900,-588
2.0652,2161,2014,1900,-588
2.0656,2161,2014,1900,-588
2.0659,2161,2016,1900,-588
2.0663,2161,2016,1900,-588
2.0666,2161,2016,1900,-588
2.0670,2161,2019,1900,-580
2.0674,2161,2019,1900,-580
2.0677,2161,2019,1900,-580
2.0681,2161,2020,1900,-588
2.0684,2161,2020,1900,-588
2.0689,2161,2020,1900,-588
2.0692,2161,2022,1900,-588
2.0696,2161,2022,1900,-588
2.0700,2161,2025,1900,-580
2.0704,2176,2025,1900,-580
2.0711,2176,2026,1900,-572
2.0714,2176,2026,1900,-572
2.0718,2176,2026,1900,-572
2.0722,2176,2029,1900,-564
2.0725,2176,2029,1900,-564
2.0729,2176,2031,2050,-556
2.0732,2176,2031,2050,-556
2.0736,2176,2031,2050,-556
2.0740,2176,2033,2050,-556
2.0745,2176,2033,2050,-556
2.0748,2176,2033,2050,-556
2.0752,2176,2035,2050,-556
2.0756,2176,2035,2050,-556
2.0759,2176,2037,2050,-556
2.0763,2176,2037,2050,-556
2.0766,2176,2037,2050,-556
2.0770,2176,2039,2050,-556
2.0773,2176,2039,2050,-556
2.0777,2176,2039,2050,-556
2.0781,2176,2041,2050,-556
2.0785,2176,2041,2050,-556
2.0788,2176,2041,2050,-556
2.0792,2176,2043,2050,-556
2.0796,2176,2043,2050,-556
2.0799,2176,2045,2050,-556
2.0802,2188,2045,2050,-556
2.0809,2188,2047,2050,-548
2.0813,2188,2047,2050,-548
2.0816,2188,2047,2050,-548
2.0820,2188,2049,2050,-548
2.0824,2188,2049,2050,-548
2.0827,2188,2049,2050,-548
2.0831,2188,2051,2050,-548
2.0835,2188,2051,2050,-548
2.0838,2188,2054,2050,-540
2.0842,2188,2054,2050,-540
2.0846,2188,2054,2050,-540
2.0850,2188,2056,2050,-540
2.0853,2188,2056,2050,-540
2.0857,2188,2056,2050,-540
2.0860,2188,2058,2050,-540
2.0864,2188,2058,2050,-540
2.0869,2188,2060,2050,-532
2.0872,2188,2060,2050,-532
2.0876,2188,2060,2050,-532
2.0879,2188,2062,2050,-532
2.0883,2188,2062,2050,-532
2.0886,2188,2062,2050,-532
2.0890,2188,2064,2050,-532
2.0894,2188,2064,2050,-532
2.0897,2188,2064,2050,-532
2.0901,2199,2066,2050,-532
2.0907,2199,2066,2050,-532
2.0911,2199,2068,2050,-504
2.0915,2199,2068,2050,-504
2.0919,2199,2070,2050,-504
2.0922,2199,2070,2050,-504
2.0925,2199,2070,2050,-504
2.0929,2199,2072,2050,-504
2.0932,2199,2072,2050,-504
2.0936,2199,2072,2050,-504
2.0940,2199,2074,2050,-504
2.0944,2199,2074,2050,-504
2.0948,2199,2074,2050,-504
2.0952,2199,2076,2050,-496
2.0955,2199,2076,2050,-496
2.0959,2199,2078,2050,-496
2.0962,2199,2078,2050,-496
2.0966,2199,2078,2050,-496
2.0969,2199,2080,2050,-496
2.0973,2199,2080,2050,-496
2.0976,2199,2080,2050,-496
2.0980,2199,2082,2050,-496
2.0983,2199,2082,2050,-496
2.0986,2199,2082,2050,-496
2.0990,2199,2084,2050,-488
2.0994,2199,2084,2050,-488
2.0997,2199,2086,2050,-488
2.1001,2206,2086,2050,-488
2.1007,2206,2088,2050,-488
2.1011,2206,2088,2050,-488
2.1014,2206,2088,2050,-488
2.1018,2206,2090,2050,-480
2.1022,2206,2090,2050,-480
2.1025,2206,2090,2050,-480
2.1029,2206,2091,2050,-488
2.1032,2206,2091,2050,-488
2.1036,2206,2091,2050,-488
2.1039,2206,2093,2050,-488
2.1043,2206,2093,2050,-488
2.1046,2206,2093,2050,-488
2.1050,2206,2095,2050,-480
2.1053,2206,2095,2050,-480
2.1057,2206,2095,2050,-480
2.1060,2206,2097,2050,-480
2.1064,2206,2097,2050,-480
2.1068,2206,2099,2050,-472
2.1072,2206,2099,2050,-472
2.1075,2206,2099,2050,-472
2.1079,2206,2101,2050,-472
2.1082,2206,2101,2050,-472
2.1086,2206,2101,2050,-472
2.1089,2206,2103,2050,-464
2.1093,2206,2103,2050,-464
2.1096,2206,2103,2050,-464
2.1100,2206,2105,2050,-464
2.1103,2212,2105,2050,-464
2.1110,2212,2107,2050,-456
2.1113,2212,2107,2050,-456
2.1117,2212,2109,2050,-456
2.1121,2212,2109,2050,-456
2.1125,2212,2109,2050,-456
2.1128,2212,2111,1950,-448
2.1132,2212,2111,1950,-448
2.1135,2212,2111,1950,-448
2.1139,2212,2112,1950,-456
2.1142,2212,2112,1950,-456
2.1145,2212,2112,1950,-456
2.1149,2212,2114,1950,-448
2.1152,2212,2114,1950,-448
2.1155,2212,2114,1950,-448
2.1159,2212,2116,1950,-448
2.1162,2212,2116,1950,-448
2.1166,2212,2116,1950,-448
2.1169,2212,2118,1950,-440
2.1173,2212,2118,1950,-440
2.1176,2212,2118,1950,-440
2.1179,2212,2119,1950,-448
2.1183,2212,2119,1950,-448
2.1187,2212,2121,1950,-440
2.1190,2212,2121,1950,-440
2.1194,2212,2121,1950,-440
2.1197,2212,2123,1950,-432
2.1201,2214,2123,1950,-432
2.1208,2214,2125,1950,-432
2.1212,2214,2125,1950,-432
2.1215,2214,2125,1950,-432
2.1219,2214,2127,1950,-424
2.1222,2214,2127,1950,-424
2.1226,2214,2127,1950,-424
2.1230,2214,2129,1950,-416
2.1233,2214,2129,1950,-416
2.1237,2214,2131,1950,-416
2.1240,2214,2131,1950,-416
2.1244,2214,2131,1950,-416
2.1247,2214,2132,1950,-416
2.1251,2214,2132,1950,-416
2.1255,2214,2132,1950,-416
2.1258,2214,2134,1950,-408
2.1262,2214,2134,1950,-408
2.1265,2214,2134,1950,-408
2.1269,2214,2136,1950,-400
2.1272,2214,2136,1950,-400
2.1276,2214,2138,1950,-392
2.1280,2214,2138,1950,-392
2.1283,2214,2138,1950,-392
2.1286,2214,2140,1950,-384
2.1290,2214,2140,1950,-384
2.1294,2214,2140,1950,-384
2.1297,2214,2141,1950,-384
2.1301,2214,2141,1950,-384
2.1307,2214,2143,1950,-372
2.1311,2214,2143,1950,-372
2.1315,2214,2143,1950,-372
2.1318,2214,2145,1950,-364
2.1322,2214,2145,1950,-364
2.1325,2214,2145,1950,-364
2.1329,2214,2147,1800,-356
2.1332,2214,2147,1800,-356
2.1336,2214,2148,1800,-356
2.1339,2214,2148,1800,-356
2.1343,2214,2148,1800,-356
2.1346,2214,2150,1800,-348
2.1350,2214,2150,1800,-348
2.1353,2214,2150,1800,-348
2.1357,2214,2152,1800,-332
2.1361,2214,2152,1800,-332
2.1364,2214,2152,1800,-332
2.1368,2214,2153,1800,-332
2.1372,2214,2153,1800,-332
2.1375,2214,2153,1800,-332
2.1379,2214,2155,1800,-324
2.1382,2214,2155,1800,-324
2.1385,2214,2155,1800,-324
2.1389,2214,2157,1800,-316
2.1392,2214,2157,1800,-316
2.1395,2214,2157,1800,-316
2.1399,2214,2158,1800,-316
2.1403,2212,2160,1800,-308
2.1410,2212,2160,1800,-308
2.1414,2212,2160,1800,-308
2.1417,2212,2161,1800,-308
2.1421,2212,2161,1800,-308
2.1424,2212,2161,1800,-308
2.1428,2212,2163,1800,-292
2.1432,2212,2163,1800,-292
2.1435,2212,2164,1800,-292
2.1439,2212,2164,1800,-292
2.1442,2212,2164,1800,-292
2.1446,2212,2166,1800,-284
2.1449,2212,2166,1800,-284
2.1452,2212,2166,1800,-284
2.1456,2212,2167,1800,-276
2.1459,2212,2167,1800,-276
2.1463,2212,2167,1800,-276
2.1466,2212,2169,1800,-268
2.1470,2212,2169,1800,-268
2.1473,2212,2169,1800,-268
2.1477,2212,2170,1800,-268
2.1480,2212,2170,1800,-268
2.1483,2212,2170,1800,-268
2.1487,2212,2172,1800,-252
2.1490,2212,2172,1800,-252
2.1494,2212,2172,1800,-252
2.1498,2212,2173,1800,-252
2.1501,2206,2173,1800,-252
2.1509,2206,2175,1800,-216
2.1512,2206,2175,1800,-216
2.1516,2206,2176,1800,-208
2.1519,2206,2176,1800,-208
2.1522,2206,2176,1800,-208
2.1526,2206,2177,1500,-208
2.1529,2206,2177,1500,-208
2.1533,2206,2177,1500,-208
2.1536,2206,2179,1500,-192
2.1540,2206,2179,1500,-192
2.1543,2206,2179,1500,-192
2.1547,2206,2181,1500,-176
2.1550,2206,2181,1500,-176
2.1553,2206,2181,1500,-176
2.1557,2206,2182,1500,-176
2.1560,2206,2182,1500,-176
2.1563,2206,2182,1500,-176
2.1567,2206,2183,1500,-168
2.1570,2206,2183,1500,-168
2.1573,2206,2183,1500,-168
2.1577,2206,2184,1500,-168
2.1580,2206,2184,1500,-168
2.1583,2206,2184,1500,-168
2.1587,2206,2185,1500,-160
2.1590,2206,2185,1500,-160
2.1594,2206,2185,1500,-160
2.1597,2206,2187,1500,-144
2.1601,2198,2187,1500,-144
2.1607,2198,2188,1500,-144
2.1611,2198,2188,1500,-144
2.1614,2198,2189,1500,-136
2.1618,2198,2189,1500,-136
2.1622,2198,2189,1500,-136
2.1626,2198,2190,1500,-128
2.1629,2198,2190,1500,-128
2.1633,2198,2190,1500,-128
2.1636,2198,2191,1500,-120
2.1640,2198,2191,1500,-120
2.1643,2198,2191,1500,-120
2.1646,2198,2192,1500,-120
2.1650,2198,2192,1500,-120
2.1653,2198,2192,1500,-120
2.1657,2198,2194,1500,-104
2.1660,2198,2194,1500,-104
2.1663,2198,2194,1500,-104
2.1667,2198,2195,1500,-96
2.1670,2198,2195,1500,-96
2.1674,2198,2195,1500,-96
2.1677,2198,2196,1500,-88
2.1681,2198,2196,1500,-88
2.1685,2198,2197,1500,-80
2.1688,2198,2197,1500,-80
2.1692,2198,2197,1500,-80
2.1696,2198,2198,1500,-72
2.1699,2198,2198,1500,-72
2.1703,2188,2199,1500,-52
2.1709,2188,2199,1500,-52
2.1713,2188,2199,1500,-52
2.1716,2188,2200,1500,-44
2.1720,2188,2200,1500,-44
2.1723,2188,2200,1500,-44
2.1727,2188,2201,1200,-36
2.1731,2188,2201,1200,-36
2.1735,2188,2202,1200,-28
2.1738,2188,2202,1200,-28
2.1742,2188,2202,1200,-28
2.1746,2188,2203,1200,-20
2.1749,2188,2203,1200,-20
2.1753,2188,2203,1200,-20
2.1756,2188,2204,1200,20
2.1760,2188,2204,1200,20
2.1763,2188,2204,1200,20
2.1766,2188,2205,1200,28
2.1770,2188,2205,1200,28
2.1773,2188,2205,1200,28
2.1777,2188,2205,1200,36
2.1780,2188,2205,1200,36
2.1783,2188,2206,1200,44
2.1787,2188,2206,1200,44
2.1791,2188,2206,1200,44
2.1795,2188,2207,1200,52
2.1798,2188,2207,1200,52
2.1802,2175,2207,1200,52
2.1808,2175,2207,1200,52
2.1812,2175,2207,1200,52
2.1815,2175,2208,1200,68
2.1818,2175,2208,1200,68
2.1822,2175,2208,1200,68
2.1826,2175,2209,1200,76
2.1829,2175,2209,1200,76
2.1832,2175,2209,1200,76
2.1836,2175,2209,1200,76
2.1840,2175,2209,1200,76
2.1844,2175,2210,1200,92
2.1848,2175,2210,1200,92
2.1852,2175,2210,1200,92
2.1855,2175,2210,1200,92
2.1859,2175,2210,1200,92
2.1862,2175,2210,1200,92
2.1865,2175,2211,1200,92
2.1869,2175,2211,1200,92
2.1872,2175,2211,1200,92
2.1876,2175,2211,1200,92
2.1879,2175,2211,1200,92
2.1882,2175,2211,1200,92
2.1886,2175,2211,1200,92
2.1889,2175,2211,1200,92
2.1893,2175,2211,1200,92
2.1896,2175,2212,1200,108
2.1900,2175,2212,1200,108
2.1903,2160,2212,1200,108
2.1910,2160,2212,1200,108
2.1913,2160,2212,1200,108
2.1917,2160,2212,1200,108
2.1920,2160,2212,1200,108
2.1924,2160,2212,550,116
2.1927,2160,2212,550,116
2.1931,2160,2212,550,116
2.1935,2160,2213,550,124
2.1938,2160,2213,550,124
2.1942,2160,2213,550,124
2.1945,2160,2213,550,132
2.1949,2160,2213,550,132
2.1953,2160,2213,550,140
2.1956,2160,2213,550,140
2.1960,2160,2213,550,140
2.1963,2160,2213,550,140
2.1966,2160,2213,550,140
2.1970,2160,2213,550,140
2.1973,2160,2213,550,148
2.1977,2160,2213,550,148
2.1980,2160,2213,550,148
2.1984,2160,2213,550,156
2.1987,2160,2213,550,156
2.1991,2160,2213,550,156
2.1994,2160,2214,550,164
2.1998,2160,2214,550,164
2.2002,2144,2214,550,172
2.2009,2144,2214,550,172
2.2012,2144,2214,550,180
2.2016,2144,2214,550,180
2.2019,2144,2214,550,180
2.2022,2144,2214,550,188
2.2026,2144,2214,550,188
2.2029,2144,2214,550,188
2.2033,2144,2214,550,196
2.2036,2144,2214,550,196
2.2039,2144,2214,550,196
2.2042,2144,2214,550,204
2.2046,2144,2214,550,204
2.2049,2144,2214,550,204
2.2053,2144,2214,550,212
2.2056,2144,2214,550,212
2.2060,2144,2214,550,212
2.2063,2144,2214,550,220
2.2066,2144,2214,550,220
2.2070,2144,2214,550,220
2.2073,2144,2214,550,220
2.2076,2144,2214,550,220
2.2079,2144,2214,550,220
2.2082,2144,2214,550,228
2.2086,2144,2214,550,228
2.2089,2144,2214,550,228
2.2093,2144,2214,550,236
2.2096,2144,2214,550,236
2.2099,2144,2214,550,236
2.2102,2126,2214,550,256
2.2109,2126,2214,550,256
2.2112,2126,2214,550,264
2.2115,2126,2214,550,264
2.2119,2126,2214,550,264
2.2122,2126,2214,550,264
2.2125,2126,2214,100,272
2.2128,2126,2214,100,272
2.2131,2126,2214,100,272
2.2135,2126,2214,100,280
2.2138,2126,2214,100,280
2.2141,2126,2214,100,280
2.2144,2126,2214,100,288
2.2148,2126,2214,100,288
2.2151,2126,2214,100,288
2.2155,2126,2214,100,296
2.2158,2126,2214,100,296
2.2161,2126,2214,100,296
2.2165,2126,2214,100,304
2.2168,2126,2214,100,304
2.2171,2126,2214,100,304
2.2174,2126,2214,100,320
2.2178,2126,2214,100,320
2.2181,2126,2213,100,320
2.2185,2126,2213,100,320
2.2188,2126,2213,100,320
2.2191,2126,2213,100,320
2.2195,2126,2213,100,328
2.2198,2126,2213,100,328
2.2201,2107,2212,100,328
2.2208,2107,2212,100,328
2.2212,2107,2212,100,344
2.2215,2107,2212,100,344
2.2218,2107,2212,100,344
2.2222,2107,2212,100,352
2.2225,2107,2212,100,352
2.2228,2107,2212,100,352
2.2232,2107,2211,100,352
2.2235,2107,2211,100,352
2.2238,2107,2211,100,352
2.2241,2107,2210,100,360
2.2245,2107,2210,100,360
2.2248,2107,2210,100,360
2.2251,2107,2210,100,368
2.2255,2107,2210,100,368
2.2258,2107,2210,100,368
2.2262,2107,2209,100,376
2.2265,2107,2209,100,376
2.2268,2107,2209,100,376
2.2272,2107,2208,100,376
2.2275,2107,2208,100,376
2.2278,2107,2208,100,376
2.2282,2107,2207,100,384
2.2285,2107,2207,100,384
2.2288,2107,2207,100,384
2.2292,2107,2207,100,392
2.2295,2107,2207,100,392
2.2298,2107,2207,100,392
2.2301,2086,2206,100,400
2.2308,2086,2206,100,400
2.2311,2086,2205,100,400
2.2315,2086,2205,100,400
2.2318,2086,2205,100,400
2.2322,2086,2205,-450,416
2.2325,2086,2205,-450,416
2.2328,2086,2205,-450,416
2.2331,2086,2204,-450,416
2.2335,2086,2204,-450,416
2.2338,2086,2204,-450,416
2.2341,2086,2203,-450,424
2.2345,2086,2203,-450,424
2.2348,2086,2203,-450,424
2.2352,2086,2202,-450,432
2.2355,2086,2202,-450,432
2.2359,2086,2202,-450,432
2.2362,2086,2201,-450,432
2.2366,2086,2201,-450,432
2.2369,2086,2201,-450,432
2.2373,2086,2200,-450,440
2.2376,2086,2200,-450,440
2.2380,2086,2200,-450,440
2.2383,2086,2199,-450,448
2.2387,2086,2199,-450,448
2.2390,2086,2199,-450,448
2.2394,2086,2198,-450,456
2.2397,2086,2198,-450,456
2.2401,2065,2197,-450,464
2.2407,2065,2197,-450,464
2.2411,2065,2196,-450,464
2.2414,2065,2196,-450,464
2.2418,2065,2196,-450,464
2.2422,2065,2195,-450,472
2.2425,2065,2195,-450,472
2.2429,2065,2195,-450,472
2.2432,2065,2194,-450,480
2.2435,2065,2194,-450,480
2.2439,2065,2194,-450,480
2.2442,2065,2193,-450,488
2.2446,2065,2193,-450,488
2.2449,2065,2193,-450,488
2.2452,2065,2192,-450,496
2.2456,2065,2192,-450,496
2.2459,2065,2192,-450,496
2.2463,2065,2191,-450,504
2.2466,2065,2191,-450,504
2.2469,2065,2191,-450,504
2.2473,2065,2190,-450,512
2.2476,2065,2190,-450,512
2.2480,2065,2190,-450,512
2.2483,2065,2189,-450,520
2.2487,2065,2189,-450,520
2.2490,2065,2187,-450,520
2.2493,2065,2187,-450,520
2.2497,2065,2187,-450,520
2.2500,2044,2186,-450,508
2.2507,2044,2186,-450,508
2.2510,2044,2185,-450,516
2.2514,2044,2185,-450,516
2.2517,2044,2185,-450,516
2.2521,2044,2184,-1050,524
2.2524,2044,2184,-1050,524
2.2528,2044,2184,-1050,524
2.2532,2044,2182,-1050,524
2.2535,2044,2182,-1050,524
2.2539,2044,2182,-1050,524
2.2542,2044,2181,-1050,532
2.2545,2044,2181,-1050,532
2.2549,2044,2181,-1050,532
2.2552,2044,2179,-1050,532
2.2556,2044,2179,-1050,532
2.2560,2044,2178,-1050,540
2.2563,2044,2178,-1050,540
2.2567,2044,2178,-1050,540
2.2570,2044,2177,-1050,548
2.2573,2044,2177,-1050,548
2.2577,2044,2177,-1050,548
2.2581,2044,2175,-1050,548
2.2584,2044,2175,-1050,548
2.2588,2044,2175,-1050,548
2.2592,2044,2174,-1050,556
2.2596,2044,2174,-1050,556
2.2599,2044,2174,-1050,556
2.2602,2022,2173,-1050,564
2.2608,2022,2173,-1050,564
2.2612,2022,2171,-1050,564
2.2615,2022,2171,-1050,564
2.2619,2022,2171,-1050,564
2.2622,2022,2170,-1050,572
2.2625,2022,2170,-1050,572
2.2628,2022,2170,-1050,572
2.2632,2022,2168,-1050,572
2.2635,2022,2168,-1050,572
2.2638,2022,2168,-1050,572
2.2642,2022,2167,-1050,580
2.2646,2022,2167,-1050,580
2.2649,2022,2167,-1050,580
2.2652,2022,2165,-1050,580
2.2655,2022,2165,-1050,580
2.2659,2022,2165,-1050,580
2.2662,2022,2164,-1050,588
2.2665,2022,2164,-1050,588
2.2668,2022,2164,-1050,588
2.2672,2022,2162,-1050,588
2.2675,2022,2162,-1050,588
2.2678,2022,2162,-1050,588
2.2681,2022,2160,-1050,588
2.2685,2022,2160,-1050,588
2.2689,2022,2160,-1050,588
2.2692,2022,2159,-1050,596
2.2695,2022,2159,-1050,596
2.2699,2022,2157,-1050,580
2.2702,2001,2157,-1050,580
2.2708,2001,2157,-1050,580
2.2711,2001,2156,-1050,580
2.2715,2001,2156,-1050,580
2.2718,2001,2156,-1050,580
2.2722,2001,2154,-1500,580
2.2725,2001,2154,-1500,580
2.2728,2001,2154,-1500,580
2.2731,2001,2152,-1500,580
2.2735,2001,2152,-1500,580
2.2738,2001,2152,-1500,580
2.2741,2001,2150,-1500,580
2.2744,2001,2150,-1500,580
2.2748,2001,2150,-1500,580
2.2752,2001,2149,-1500,588
2.2755,2001,2149,-1500,588
2.2758,2001,2149,-1500,588
2.2762,2001,2147,-1500,596
2.2765,2001,2147,-1500,596
2.2768,2001,2147,-1500,596
2.2771,2001,2145,-1500,596
2.2775,2001,2145,-1500,596
2.2778,2001,2143,-1500,596
2.2782,2001,2143,-1500,596
2.2785,2001,2143,-1500,596
2.2789,2001,2142,-1500,600
2.2792,2001,2142,-1500,600
2.2795,2001,2142,-1500,600
2.2798,2001,2140,-1500,596
2.2802,1981,2140,-1500,596
2.2808,1981,2138,-1500,596
2.2812,1981,2138,-1500,596
2.2815,1981,2138,-1500,596
2.2818,1981,2136,-1500,596
2.2822,1981,2136,-1500,596
2.2825,1981,2136,-1500,596
2.2828,1981,2134,-1500,600
2.2831,1981,2134,-1500,600
2.2835,1981,2134,-1500,600
2.2838,1981,2133,-1500,600
2.2841,1981,2133,-1500,600
2.2845,1981,2133,-1500,600
2.2848,1981,2131,-1500,600
2.2851,1981,2131,-1500,600
2.2855,1981,2131,-1500,600
2.2858,1981,2129,-1500,600
2.2861,1981,2129,-1500,600
2.2865,1981,2129,-1500,600
2.2868,1981,2127,-1500,600
2.2871,1981,2127,-1500,600
2.2875,1981,2127,-1500,600
2.2878,1981,2125,-1500,600
2.2881,1981,2125,-1500,600
2.2885,1981,2125,-1500,600
2.2888,1981,2123,-1500,600
2.2891,1981,2123,-1500,600
2.2895,1981,2123,-1500,600
2.2898,1981,2122,-1500,596
2.2901,1962,2122,-1500,596
2.2907,1962,2122,-1500,596
2.2911,1962,2120,-1500,596
2.2914,1962,2120,-1500,596
2.2918,1962,2118,-1800,596
2.2921,1962,2118,-1800,596
2.2925,1962,2118,-1800,596
2.2928,1962,2116,-1800,596
2.2931,1962,2116,-1800,596
2.2934,1962,2116,-1800,596
2.2938,1962,2113,-1800,588
2.2941,1962,2113,-1800,588
2.2945,1962,2113,-1800,588
2.2948,1962,2112,-1800,596
2.2952,1962,2112,-1800,596
2.2955,1962,2112,-1800,596
2.2958,1962,2110,-1800,596
2.2961,1962,2110,-1800,596
2.2965,1962,2110,-1800,596
2.2968,1962,2108,-1800,596
2.2971,1962,2108,-1800,596
2.2975,1962,2108,-1800,596
2.2978,1962,2106,-1800,596
2.2981,1962,2106,-1800,596
2.2985,1962,2106,-1800,596
2.2988,1962,2104,-1800,596
2.2991,1962,2104,-1800,596
2.2994,1962,2104,-1800,596
2.2998,1962,2102,-1800,596
2.3001,1943,2102,-1800,596
2.3007,1943,2100,-1800,588
2.3011,1943,2100,-1800,588
2.3014,1943,2100,-1800,588
2.3017,1943,2098,-1800,588
2.3021,1943,2098,-1800,588
2.3024,1943,2098,-1800,588
2.3028,1943,2096,-1800,588
2.3032,1943,2096,-1800,588
2.3035,1943,2096,-1800,588
2.3039,1943,2094,-1800,588
2.3042,1943,2094,-1800,588
2.3045,1943,2094,-1800,588
2.3048,1943,2092,-1800,588
2.3052,1943,2092,-1800,588
2.3055,1943,2092,-1800,588
2.3058,1943,2090,-1800,588
2.3061,1943,2090,-1800,588
2.3065,1943,2090,-1800,588
2.3068,1943,2088,-1800,588
2.3071,1943,2088,-1800,588
2.3075,1943,2088,-1800,588
2.3078,1943,2086,-1800,588
2.3082,1943,2086,-1800,588
2.3085,1943,2086,-1800,588
2.3088,1943,2084,-1800,588
2.3091,1943,2084,-1800,588
2.3095,1943,2084,-1800,588
2.3098,1943,2082,-1800,564
2.3102,1927,2082,-1800,564
2.3108,1927,2080,-1800,564
2.3111,1927,2080,-1800,564
2.3114,1927,2080,-1800,564
2.3118,1927,2078,-2000,564
2.3121,1927,2078,-2000,564
2.3124,1927,2078,-2000,564
2.3128,1927,2076,-2000,564
2.3132,1927,2076,-2000,564
2.3135,1927,2076,-2000,564
2.3139,1927,2074,-2000,564
2.3142,1927,2074,-2000,564
2.3145,1927,2074,-2000,564
2.3148,1927,2072,-2000,564
2.3152,1927,2072,-2000,564
2.3155,1927,2072,-2000,564
2.3158,1927,2070,-2000,564
2.3161,1927,2070,-2000,564
2.3165,1927,2070,-2000,564
2.3168,1927,2068,-2000,564
2.3171,1927,2068,-2000,564
2.3174,1927,2068,-2000,564
2.3178,1927,2066,-2000,564
2.3181,1927,2066,-2000,564
2.3184,1927,2066,-2000,564
2.3188,1927,2064,-2000,564
2.3192,1927,2064,-2000,564
2.3195,1927,2064,-2000,564
2.3198,1927,2062,-2000,556
2.3202,1912,2062,-2000,556
2.3208,1912,2060,-2000,556
2.3211,1912,2060,-2000,556
2.3215,1912,2060,-2000,556
2.3218,1912,2058,-2000,556
2.3221,1912,2058,-2000,556
2.3225,1912,2058,-2000,556
2.3228,1912,2056,-2000,556
2.3231,1912,2056,-2000,556
2.3235,1912,2056,-2000,556
2.3238,1912,2054,-2000,556
2.3242,1912,2054,-2000,556
2.3246,1912,2054,-2000,556
2.3249,1912,2052,-2000,556
2.3253,1912,2052,-2000,556
2.3256,1912,2050,-2000,556
2.3260,1912,2050,-2000,556
2.3263,1912,2050,-2000,556
2.3266,1912,2048,-2000,556
2.3269,1912,2048,-2000,556
2.3273,1912,2048,-2000,556
2.3276,1912,2045,-2000,540
2.3279,1912,2045,-2000,540
2.3283,1912,2045,-2000,540
2.3286,1912,2043,-2000,540
2.3290,1912,2043,-2000,540
2.3293,1912,2043,-2000,540
2.3296,1912,2042,-2000,544
2.3300,1912,2042,-2000,544
2.3303,1900,2040,-2000,544
2.3309,1900,2040,-2000,544
2.3313,1900,2040,-2000,544
2.3316,1900,2037,-2050,536
2.3319,1900,2037,-2050,536
2.3322,1900,2037,-2050,536
2.3326,1900,2035,-2050,528
2.3329,1900,2035,-2050,528
2.3333,1900,2035,-2050,528
2.3336,1900,2033,-2050,528
2.3339,1900,2033,-2050,528
2.3342,1900,2033,-2050,528
2.3346,1900,2031,-2050,528
2.3349,1900,2031,-2050,528
2.3352,1900,2031,-2050,528
2.3356,1900,2029,-2050,528
2.3359,1900,2029,-2050,528
2.3363,1900,2029,-2050,528
2.3366,1900,2027,-2050,528
2.3369,1900,2027,-2050,528
2.3372,1900,2027,-2050,528
2.3375,1900,2025,-2050,528
2.3379,1900,2025,-2050,528
2.3382,1900,2025,-2050,528
2.3385,1900,2023,-2050,520
2.3389,1900,2023,-2050,520
2.3392,1900,2023,-2050,520
2.3396,1900,2021,-2050,520
2.3399,1900,2021,-2050,520
2.3402,1889,2019,-2050,520
2.3409,1889,2019,-2050,520
2.3413,1889,2019,-2050,520
2.3416,1889,2017,-2050,520
2.3419,1889,2017,-2050,520
2.3423,1889,2017,-2050,520
2.3427,1889,2015,-2050,512
2.3430,1889,2015,-2050,512
2.3434,1889,2015,-2050,512
2.3439,1889,2013,-2050,512
2.3442,1889,2013,-2050,512
2.3445,1889,2011,-2050,512
2.3449,1889,2011,-2050,512
2.3452,1889,2011,-2050,512
2.3455,1889,2009,-2050,512
2.3458,1889,2009,-2050,512
2.3462,1889,2009,-2050,512
2.3465,1889,2008,-2050,520
2.3468,1889,2008,-2050,520
2.3472,1889,2008,-2050,520
2.3475,1889,2006,-2050,512
2.3479,1889,2006,-2050,512
2.3482,1889,2006,-2050,512
2.3486,1889,2004,-2050,512
2.3489,1889,2004,-2050,512
2.3493,1889,2004,-2050,512
2.3496,1889,2002,-2050,504
2.3499,1889,2002,-2050,504
2.3503,1882,2000,-2050,496
2.3509,1882,2000,-2050,496
2.3512,1882,2000,-2050,496
2.3515,1882,1998,-1950,496
2.3519,1882,1998,-1950,496
2.3522,1882,1998,-1950,496
2.3525,1882,1996,-1950,496
2.3528,1882,1996,-1950,496
2.3531,1882,1996,-1950,496
2.3535,1882,1994,-1950,488
2.3538,1882,1994,-1950,488
2.3542,1882,1994,-1950,488
2.3545,1882,1992,-1950,488
2.3548,1882,1992,-1950,488
2.3552,1882,1992,-1950,488
2.3555,1882,1990,-1950,480
2.3558,1882,1990,-1950,480
2.3561,1882,1990,-1950,480
2.3565,1882,1988,-1950,480
2.3568,1882,1988,-1950,480
2.3571,1882,1988,-1950,480
2.3575,1882,1986,-1950,480
2.3578,1882,1986,-1950,480
2.3581,1882,1986,-1950,480
2.3584,1882,1984,-1950,472
2.3588,1882,1984,-1950,472
2.3592,1882,1984,-1950,472
2.3595,1882,1982,-1950,472
2.3598,1882,1982,-1950,472
2.3601,1876,1981,-1950,472
2.3608,1876,1981,-1950,472
2.3612,1876,1981,-1950,472
2.3615,1876,1979,-1950,472
2.3618,1876,1979,-1950,472
2.3622,1876,1979,-1950,472
2.3625,1876,1977,-1950,464
2.3628,1876,1977,-1950,464
2.3632,1876,1977,-1950,464
2.3635,1876,1975,-1950,464
2.3638,1876,1975,-1950,464
2.3641,1876,1975,-1950,464
2.3645,1876,1973,-1950,456
2.3648,1876,1973,-1950,456
2.3652,1876,1973,-1950,456
2.3655,1876,1971,-1950,448
2.3659,1876,1971,-1950,448
2.3662,1876,1971,-1950,448
2.3666,1876,1970,-1950,456
2.3669,1876,1970,-1950,456
2.3672,1876,1970,-1950,456
2.3675,1876,1968,-1950,448
2.3679,1876,1968,-1950,448
2.3682,1876,1968,-1950,448
2.3685,1876,1966,-1950,448
2.3688,1876,1966,-1950,448
2.3692,1876,1966,-1950,448
2.3695,1876,1964,-1950,424
2.3699,1876,1964,-1950,424
2.3702,1874,1962,-1950,416
2.3709,1874,1962,-1950,416
2.3712,1874,1962,-1950,416
2.3716,1874,1960,-1900,416
2.3719,1874,1960,-1900,416
2.3722,1874,1960,-1900,416
2.3725,1874,1959,-1900,416
2.3729,1874,1959,-1900,416
2.3732,1874,1959,-1900,416
2.3736,1874,1957,-1900,408
2.3739,1874,1957,-1900,408
2.3742,1874,1957,-1900,408
2.3745,1874,1955,-1900,400
2.3749,1874,1955,-1900,400
2.3752,1874,1955,-1900,400
2.3755,1874,1953,-1900,400
2.3758,1874,1953,-1900,400
2.3762,1874,1953,-1900,400
2.3765,1874,1951,-1900,392
2.3769,1874,1951,-1900,392
2.3772,1874,1951,-1900,392
2.3775,1874,1949,-1900,384
2.3779,1874,1949,-1900,384
2.3782,1874,1949,-1900,384
2.3785,1874,1948,-1900,384
2.3788,1874,1948,-1900,384
2.3792,1874,1948,-1900,384
2.3795,1874,1946,-1900,376
2.3798,1874,1946,-1900,376
2.3801,1874,1944,-1900,368
2.3808,1874,1944,-1900,368
2.3811,1874,1944,-1900,368
2.3815,1874,1942,-1900,360
2.3818,1874,1942,-1900,360
2.3822,1874,1942,-1900,360
2.3825,1874,1941,-1900,360
2.3828,1874,1941,-1900,360
2.3832,1874,1941,-1900,360
2.3835,1874,1939,-1900,352
2.3838,1874,1939,-1900,352
2.3842,1874,1939,-1900,352
2.3845,1874,1938,-1900,352
2.3848,1874,1938,-1900,352
2.3851,1874,1938,-1900,352
2.3855,1874,1936,-1900,344
2.3858,1874,1936,-1900,344
2.3861,1874,1936,-1900,344
2.3864,1874,1934,-1900,336
2.3868,1874,1934,-1900,336
2.3872,1874,1934,-1900,336
2.3875,1874,1933,-1900,336
2.3878,1874,1933,-1900,336
2.3882,1874,1933,-1900,336
2.3885,1874,1931,-1900,328
2.3888,1874,1931,-1900,328
2.3891,1874,1931,-1900,328
2.3895,1874,1930,-1900,312
2.3898,1874,1930,-1900,312
2.3901,1876,1928,-1900,296
2.3907,1876,1928,-1900,296
2.3911,1876,1928,-1900,296
2.3914,1876,1926,-1700,288
2.3918,1876,1926,-1700,288
2.3921,1876,1926,-1700,288
2.3925,1876,1925,-1700,288
2.3928,1876,1925,-1700,288
2.3932,1876,1925,-1700,288
2.3935,1876,1923,-1700,280
2.3938,1876,1923,-1700,280
2.3942,1876,1923,-1700,280
2.3945,1876,1922,-1700,272
2.3948,1876,1922,-1700,272
2.3952,1876,1922,-1700,272
2.3955,1876,1920,-1700,264
2.3958,1876,1920,-1700,264
2.3962,1876,1920,-1700,264
2.3965,1876,1919,-1700,264
2.3968,1876,1919,-1700,264
2.3971,1876,1919,-1700,264
2.3975,1876,1917,-1700,248
2.3978,1876,1917,-1700,248
2.3981,1876,1917,-1700,248
2.3985,1876,1916,-1700,248
2.3988,1876,1916,-1700,248
2.3991,1876,1916,-1700,248
2.3995,1876,1914,-1700,240
2.3998,1876,1914,-1700,240
2.4001,1882,1913,-1700,232
2.4007,1882,1913,-1700,232
2.4011,1882,1913,-1700,232
2.4014,1882,1911,-1700,224
2.4017,1882,1911,-1700,224
2.4021,1882,1911,-1700,224
2.4024,1882,1910,-1700,216
2.4027,1882,1910,-1700,216
2.4031,1882,1910,-1700,216
2.4034,1882,1909,-1700,216
2.4038,1882,1909,-1700,216
2.4042,1882,1909,-1700,216
2.4045,1882,1907,-1700,200
2.4048,1882,1907,-1700,200
2.4052,1882,1907,-1700,200
2.4055,1882,1906,-1700,192
2.4059,1882,1906,-1700,192
2.4062,1882,1905,-1700,192
2.4065,1882,1905,-1700,192
2.4069,1882,1905,-1700,192
2.4072,1882,1903,-1700,176
2.4075,1882,1903,-1700,176
2.4078,1882,1903,-1700,176
2.4082,1882,1902,-1700,176
2.4086,1882,1902,-1700,176
2.4089,1882,1902,-1700,176
2.4092,1882,1901,-1700,144
2.4095,1882,1901,-1700,144
2.4099,1882,1901,-1700,144
2.4102,1890,1899,-1700,128
2.4108,1890,1899,-1700,128
2.4112,1890,1898,-1400,128
2.4115,1890,1898,-1400,128
2.4118,1890,1898,-1400,128
2.4122,1890,1897,-1400,120
2.4125,1890,1897,-1400,120
2.4128,1890,1897,-1400,120
2.4132,1890,1896,-1400,112
2.4135,1890,1896,-1400,112
2.4138,1890,1896,-1400,112
2.4142,1890,1895,-1400,104
2.4145,1890,1895,-1400,104
2.4149,1890,1895,-1400,104
2.4152,1890,1894,-1400,96
2.4155,1890,1894,-1400,96
2.4159,1890,1894,-1400,96
2.4162,1890,1893,-1400,96
2.4165,1890,1893,-1400,96
2.4169,1890,1893,-1400,96
2.4172,1890,1892,-1400,88
2.4175,1890,1892,-1400,88
2.4179,1890,1892,-1400,88
2.4182,1890,1890,-1400,72
2.4185,1890,1890,-1400,72
2.4188,1890,1890,-1400,72
2.4192,1890,1890,-1400,72
2.4195,1890,1890,-1400,72
2.4199,1890,1890,-1400,72
2.4202,1900,1889,-1400,64
2.4208,1900,1889,-1400,64
2.4211,1900,1888,-1400,56
2.4215,1900,1888,-1400,56
2.4218,1900,1888,-1400,56
2.4221,1900,1887,-1400,48
2.4225,1900,1887,-1400,48
2.4228,1900,1887,-1400,48
2.4231,1900,1886,-1400,40
2.4235,1900,1886,-1400,40
2.4238,1900,1886,-1400,40
2.4241,1900,1885,-1400,32
2.4245,1900,1885,-1400,32
2.4248,1900,1885,-1400,32
2.4252,1900,1884,-1400,0
2.4255,1900,1884,-1400,0
2.4259,1900,1884,-1400,0
2.4262,1900,1883,-1400,-24
2.4265,1900,1883,-1400,-24
2.4269,1900,1883,-1400,-24
2.4272,1900,1882,-1400,-32
2.4275,1900,1882,-1400,-32
2.4279,1900,1882,-1400,-32
2.4282,1900,1882,-1400,-32
2.4285,1900,1882,-1400,-32
2.4289,1900,1882,-1400,-32
2.4292,1900,1881,-1400,-56
2.4295,1900,1881,-1400,-56
2.4298,1900,1881,-1400,-56
2.4301,1913,1880,-1400,-64
2.4308,1913,1880,-1400,-64
2.4311,1913,1880,-900,-64
2.4315,1913,1880,-900,-64
2.4318,1913,1880,-900,-64
2.4321,1913,1879,-900,-72
2.4324,1913,1879,-900,-72
2.4328,1913,1879,-900,-72
2.4331,1913,1879,-900,-80
2.4335,1913,1879,-900,-80
2.4338,1913,1879,-900,-80
2.4341,1913,1878,-900,-88
2.4345,1913,1878,-900,-88
2.4348,1913,1878,-900,-88
2.4352,1913,1878,-900,-96
2.4356,1913,1878,-900,-96
2.4359,1913,1878,-900,-96
2.4362,1913,1877,-900,-96
2.4365,1913,1877,-900,-96
2.4368,1913,1877,-900,-96
2.4372,1913,1876,-900,-96
2.4375,1913,1876,-900,-96
2.4378,1913,1876,-900,-96
2.4381,1913,1876,-900,-104
2.4385,1913,1876,-900,-104
2.4388,1913,1876,-900,-104
2.4391,1913,1876,-900,-104
2.4394,1913,1876,-900,-104
2.4398,1913,1876,-900,-104
2.4401,1927,1875,-900,-120
2.4407,1927,1875,-900,-120
2.4411,1927,1875,-900,-128
2.4414,1927,1875,-900,-128
2.4417,1927,1875,-900,-128
2.4421,1927,1874,-900,-136
2.4424,1927,1874,-900,-136
2.4427,1927,1874,-900,-136
2.4431,1927,1874,-900,-144
2.4434,1927,1874,-900,-144
2.4437,1927,1874,-900,-144
2.4440,1927,1874,-900,-144
2.4443,1927,1874,-900,-144
2.4447,1927,1874,-900,-144
2.4450,1927,1874,-900,-152
2.4454,1927,1874,-900,-152
2.4457,1927,1874,-900,-152
2.4461,1927,1874,-900,-160
2.4464,1927,1874,-900,-160
2.4467,1927,1874,-900,-160
2.4471,1927,1874,-900,-160
2.4474,1927,1874,-900,-160
2.4477,1927,1874,-900,-160
2.4481,1927,1874,-900,-168
2.4484,1927,1874,-900,-168
2.4487,1927,1874,-900,-168
2.4491,1927,1874,-900,-156
2.4494,1927,1874,-900,-156
2.4498,1927,1874,-900,-156
2.4501,1944,1874,-900,-164
2.4508,1944,1874,-900,-164
2.4512,1944,1874,-300,-164
2.4515,1944,1874,-300,-164
2.4518,1944,1874,-300,-164
2.4521,1944,1874,-300,-172
2.4524,1944,1874,-300,-172
2.4528,1944,1874,-300,-172
2.4531,1944,1874,-300,-180
2.4535,1944,1874,-300,-180
2.4538,1944,1874,-300,-180
2.4542,1944,1874,-300,-188
2.4545,1944,1874,-300,-188
2.4548,1944,1874,-300,-188
2.4552,1944,1874,-300,-196
2.4555,1944,1874,-300,-196
2.4559,1944,1874,-300,-196
2.4562,1944,1874,-300,-204
2.4566,1944,1874,-300,-204
2.4569,1944,1874,-300,-204
2.4572,1944,1874,-300,-212
2.4576,1944,1874,-300,-212
2.4579,1944,1874,-300,-212
2.4582,1944,1874,-300,-220
2.4585,1944,1874,-300,-220
2.4589,1944,1874,-300,-220
2.4592,1944,1874,-300,-228
2.4595,1944,1874,-300,-228
2.4599,1944,1874,-300,-228
2.4602,1962,1874,-300,-236
2.4608,1962,1874,-300,-236
2.4612,1962,1874,-300,-244
2.4615,1962,1874,-300,-244
2.4618,1962,1874,-300,-244
2.4622,1962,1874,-300,-252
2.4625,1962,1874,-300,-252
2.4628,1962,1874,-300,-252
2.4632,1962,1874,-300,-260
2.4635,1962,1874,-300,-260
2.4638,1962,1874,-300,-260
2.4641,1962,1874,-300,-268
2.4645,1962,1874,-300,-268
2.4648,1962,1874,-300,-268
2.4651,1962,1874,-300,-284
2.4655,1962,1874,-300,-284
2.4658,1962,1874,-300,-284
2.4661,1962,1874,-300,-292
2.4665,1962,1874,-300,-292
2.4668,1962,1874,-300,-292
2.4672,1962,1875,-300,-292
2.4675,1962,1875,-300,-292
2.4678,1962,1875,-300,-292
2.4682,1962,1875,-300,-300
2.4685,1962,1875,-300,-300
2.4688,1962,1876,-300,-312
2.4692,1962,1876,-300,-312
2.4695,1962,1876,-300,-312
2.4698,1962,1876,-300,-312
2.4702,1981,1876,-300,-328
2.4708,1981,1876,-300,-328
2.4711,1981,1877,150,-328
2.4715,1981,1877,150,-328
2.4718,1981,1877,150,-328
2.4721,1981,1877,150,-336
2.4725,1981,1877,150,-336
2.4728,1981,1877,150,-336
2.4731,1981,1878,150,-344
2.4735,1981,1878,150,-344
2.4738,1981,1878,150,-344
2.4741,1981,1878,150,-352
2.4745,1981,1878,150,-352
2.4748,1981,1879,150,-360
2.4752,1981,1879,150,-360
2.4755,1981,1879,150,-360
2.4758,1981,1879,150,-368
2.4762,1981,1879,150,-368
2.4765,1981,1879,150,-368
2.4768,1981,1880,150,-376
2.4771,1981,1880,150,-376
2.4775,1981,1880,150,-376
2.4778,1981,1880,150,-376
2.4781,1981,1881,150,-376
2.4785,1981,1881,150,-376
2.4788,1981,1881,150,-392
2.4792,1981,1881,150,-392
2.4795,1981,1881,150,-392
2.4798,1981,1882,150,-392
2.4802,2002,1882,150,-392
2.4808,2002,1883,150,-400
2.4811,2002,1883,150,-400
2.4815,2002,1883,150,-400
2.4818,2002,1884,150,-400
2.4822,2002,1884,150,-400
2.4825,2002,1884,150,-400
2.4828,2002,1884,150,-416
2.4832,2002,1884,150,-416
2.4835,2002,1884,150,-416
2.4838,2002,1885,150,-424
2.4842,2002,1885,150,-424
2.4845,2002,1885,150,-424
2.4848,2002,1886,150,-424
2.4852,2002,1886,150,-424
2.4855,2002,1886,150,-424
2.4858,2002,1887,150,-432
2.4861,2002,1887,150,-432
2.4865,2002,1887,150,-432
2.4869,2002,1888,150,-440
2.4872,2002,1888,150,-440
2.4875,2002,1888,150,-440
2.4879,2002,1889,150,-440
2.4882,2002,1889,150,-440
2.4886,2002,1889,150,-440
2.4889,2002,1890,150,-444
2.4892,2002,1890,150,-444
2.4896,2002,1890,150,-444
2.4899,2002,1891,150,-452
2.4903,2023,1891,150,-452
2.4909,2023,1892,750,-460
2.4912,2023,1892,750,-460
2.4915,2023,1892,750,-460
2.4919,2023,1893,750,-468
2.4922,2023,1893,750,-468
2.4925,2023,1893,750,-468
2.4928,2023,1894,750,-476
2.4932,2023,1894,750,-476
2.4935,2023,1894,750,-476
2.4938,2023,1895,750,-476
2.4942,2023,1895,750,-476
2.4945,2023,1895,750,-476
2.4948,2023,1896,750,-484
2.4951,2023,1896,750,-484
2.4955,2023,1896,750,-484
2.4959,2023,1897,750,-492
2.4962,2023,1897,750,-492
2.4965,2023,1897,750,-492
2.4968,2023,1898,750,-500
2.4972,2023,1898,750,-500
2.4975,2023,1898,750,-500
2.4979,2023,1900,750,-500
2.4982,2023,1900,750,-500
2.4986,2023,1900,750,-500
2.4990,2023,1900,750,-516
2.4993,2023,1900,750,-516
2.4996,2023,1900,750,-516
2.4999,2023,1902,750,-516
2.5003,2045,1902,750,-516
2.5009,2045,1903,750,-524
2.5012,2045,1903,750,-524
2.5015,2045,1903,750,-524
2.5018,2045,1904,750,-532
2.5021,2045,1904,750,-532
2.5025,2045,1904,750,-532
2.5028,2045,1905,750,-532
2.5031,2045,1905,750,-532
2.5035,2045,1905,750,-532
2.5038,2045,1907,750,-532
2.5041,2045,1907,750,-532
2.5045,2045,1907,750,-532
2.5048,2045,1908,750,-540
2.5051,2045,1908,750,-540
2.5054,2045,1908,750,-540
2.5058,2045,1909,750,-548
2.5061,2045,1909,750,-548
2.5065,2045,1909,750,-548
2.5068,2045,1911,750,-548
2.5071,2045,1911,750,-548
2.5075,2045,1911,750,-548
2.5078,2045,1912,750,-556
2.5082,2045,1912,750,-556
2.5085,2045,1912,750,-556
2.5088,2045,1914,750,-544
2.5091,2045,1914,750,-544
2.5095,2045,1914,750,-544
2.5098,2045,1915,750,-552
2.5102,2066,1915,750,-552
2.5108,2066,1917,1250,-552
2.5111,2066,1917,1250,-552
2.5115,2066,1917,1250,-552
2.5118,2066,1918,1250,-560
2.5122,2066,1918,1250,-560
2.5125,2066,1918,1250,-560
2.5128,2066,1919,1250,-568
2.5131,2066,1919,1250,-568
2.5135,2066,1919,1250,-568
2.5138,2066,1921,1250,-568
2.5141,2066,1921,1250,-568
2.5145,2066,1921,1250,-568
2.5148,2066,1922,1250,-576
2.5151,2066,1922,1250,-576
2.5155,2066,1922,1250,-576
2.5158,2066,1924,1250,-576
2.5162,2066,1924,1250,-576
2.5165,2066,1924,1250,-576
2.5169,2066,1925,1250,-584
2.5172,2066,1925,1250,-584
2.5175,2066,1925,1250,-584
2.5178,2066,1927,1250,-584
2.5182,2066,1927,1250,-584
2.5185,2066,1927,1250,-584
2.5188,2066,1928,1250,-592
2.5191,2066,1928,1250,-592
2.5195,2066,1928,1250,-592
2.5198,2066,1930,1250,-584
2.5201,2087,1930,1250,-584
2.5208,2087,1932,1250,-584
2.5212,2087,1932,1250,-584
2.5215,2087,1932,1250,-584
2.5218,2087,1934,1250,-584
2.5222,2087,1934,1250,-584
2.5225,2087,1934,1250,-584
2.5228,2087,1935,1250,-592
2.5232,2087,1935,1250,-592
2.5235,2087,1935,1250,-592
2.5238,2087,1937,1250,-592
2.5241,2087,1937,1250,-592
2.5245,2087,1937,1250,-592
2.5248,2087,1938,1250,-600
2.5251,2087,1938,1250,-600
2.5254,2087,1938,1250,-600
2.5258,2087,1940,1250,-600
2.5262,2087,1940,1250,-600
2.5265,2087,1940,1250,-600
2.5268,2087,1942,1250,-600
2.5272,2087,1942,1250,-600
2.5275,2087,1942,1250,-600
2.5278,2087,1944,1250,-600
2.5282,2087,1944,1250,-600
2.5285,2087,1944,1250,-600
2.5288,2087,1946,1250,-572
2.5291,2087,1946,1250,-572
2.5295,2087,1946,1250,-572
2.5298,2087,1947,1250,-580
2.5301,2107,1947,1250,-580
2.5308,2107,1949,1600,-580
2.5311,2107,1949,1600,-580
2.5315,2107,1949,1600,-580
2.5319,2107,1950,1600,-588
2.5322,2107,1950,1600,-588
2.5325,2107,1952,1600,-588
2.5329,2107,1952,1600,-588
2.5332,2107,1952,1600,-588
2.5335,2107,1952,1600,-588
2.5338,2107,1954,1600,-588
2.5342,2107,1954,1600,-588
2.5345,2107,1954,1600,-588
2.5348,2107,1956,1600,-588
2.5351,2107,1956,1600,-588
2.5355,2107,1956,1600,-588
2.5358,2107,1958,1600,-588
2.5361,2107,1958,1600,-588
2.5364,2107,1958,1600,-588
2.5368,2107,1960,1600,-588
2.5371,2107,1960,1600,-588
2.5375,2107,1960,1600,-588
2.5378,2107,1962,1600,-588
2.5381,2107,1962,1600,-588
2.5384,2107,1962,1600,-588
2.5388,2107,1964,1600,-588
2.5392,2107,1964,1600,-588
2.5395,2107,1966,1600,-588
2.5398,2107,1966,1600,-588
2.5402,2127,1966,1600,-588
2.5408,2127,1967,1600,-596
2.5411,2127,1967,1600,-596
2.5415,2127,1967,1600,-596
2.5418,2127,1969,1600,-596
2.5421,2127,1969,1600,-596
2.5425,2127,1969,1600,-596
2.5428,2127,1971,1600,-596
2.5431,2127,1971,1600,-596
2.5435,2127,1971,1600,-596
2.5438,2127,1973,1600,-596
2.5441,2127,1973,1600,-596
2.5445,2127,1973,1600,-596
2.5448,2127,1975,1600,-596
2.5451,2127,1975,1600,-596
2.5455,2127,1975,1600,-596
2.5458,2127,1977,1600,-596
2.5461,2127,1977,1600,-596
2.5465,2127,1979,1600,-596
2.5468,2127,1979,1600,-596
2.5471,2127,1979,1600,-596
2.5475,2127,1981,1600,-596
2.5478,2127,1981,1600,-596
2.5481,2127,1981,1600,-596
2.5485,2127,1983,1600,-580
2.5488,2127,1983,1600,-580
2.5491,2127,1983,1600,-580
2.5494,2127,1984,1600,-588
2.5498,2127,1984,1600,-588
2.5501,2145,1984,1600,-588
2.5507,2145,1987,1900,-580
2.5511,2145,1987,1900,-580
2.5514,2145,1987,1900,-580
2.5517,2145,1989,1900,-580
2.5521,2145,1989,1900,-580
2.5524,2145,1989,1900,-580
2.5528,2145,1990,1900,-588
2.5531,2145,1990,1900,-588
2.5534,2145,1990,1900,-588
2.5538,2145,1992,1900,-588
2.5542,2145,1992,1900,-588
2.5545,2145,1994,1900,-588
2.5548,2145,1994,1900,-588
2.5551,2145,1994,1900,-588
2.5555,2145,1996,1900,-588
2.5558,2145,1996,1900,-588
2.5562,2145,1996,1900,-588
2.5565,2145,1998,1900,-588
2.5569,2145,1998,1900,-588
2.5572,2145,1998,1900,-588
2.5575,2145,2000,1900,-588
2.5578,2145,2000,1900,-588
2.5581,2145,2000,1900,-588
2.5585,2145,2002,1900,-588
2.5588,2145,2002,1900,-588
2.5591,2145,2002,1900,-588
2.5595,2145,2004,1900,-588
2.5598,2145,2004,1900,-588
2.5601,2161,2006,1900,-580
2.5608,2161,2006,1900,-580
2.5611,2161,2006,1900,-580
2.5615,2161,2008,1900,-580
2.5618,2161,2008,1900,-580
2.5621,2161,2008,1900,-580
2.5625,2161,2011,1900,-572
2.5628,2161,2011,1900,-572
2.5631,2161,2011,1900,-572
2.5635,2161,2012,1900,-580
2.5638,2161,2012,1900,-580
2.5641,2161,2012,1900,-580
2.5645,2161,2014,1900,-580
2.5648,2161,2014,1900,-580
2.5651,2161,2014,1900,-580
2.5654,2161,2016,1900,-580
2.5658,2161,2016,1900,-580
2.5661,2161,2016,1900,-580
2.5665,2161,2018,1900,-580
2.5668,2161,2018,1900,-580
2.5672,2161,2018,1900,-580
2.5675,2161,2020,1900,-580
2.5678,2161,2020,1900,-580
2.5682,2161,2020,1900,-580
2.5685,2161,2022,1900,-568
2.5688,2161,2022,1900,-568
2.5691,2161,2022,1900,-568
2.5695,2161,2024,1900,-568
2.5698,2161,2024,1900,-568
2.5701,2176,2026,1950,-568
2.5708,2176,2026,1950,-568
2.5711,2176,2026,1950,-568
2.5715,2176,2028,1950,-568
2.5718,2176,2028,1950,-568
2.5721,2176,2028,1950,-568
2.5725,2176,2030,1950,-568
2.5728,2176,2030,1950,-568
2.5731,2176,2030,1950,-568
2.5735,2176,2032,1950,-568
2.5738,2176,2032,1950,-568
2.5742,2176,2032,1950,-568
2.5745,2176,2034,1950,-568
2.5748,2176,2034,1950,-568
2.5752,2176,2034,1950,-568
2.5755,2176,2036,1950,-568
2.5758,2176,2036,1950,-568
2.5762,2176,2036,1950,-568
2.5765,2176,2039,1950,-552
2.5768,2176,2039,1950,-552
2.5771,2176,2039,1950,-552
2.5774,2176,2041,1950,-552
2.5778,2176,2041,1950,-552
2.5781,2176,2041,1950,-552
2.5785,2176,2043,1950,-552
2.5788,2176,2043,1950,-552
2.5791,2176,2043,1950,-552
2.5795,2176,2045,1950,-552
2.5798,2176,2045,1950,-552
2.5801,2188,2047,1950,-552
2.5808,2188,2047,1950,-552
2.5812,2188,2047,1950,-552
2.5815,2188,2049,1950,-544
2.5818,2188,2049,1950,-544
2.5821,2188,2049,1950,-544
2.5824,2188,2051,1950,-544
2.5828,2188,2051,1950,-544
2.5831,2188,2051,1950,-544
2.5834,2188,2053,1950,-544
2.5838,2188,2053,1950,-544
2.5841,2188,2053,1950,-544
2.5844,2188,2055,1950,-544
2.5848,2188,2055,1950,-544
2.5852,2188,2055,1950,-544
2.5855,2188,2057,1950,-544
2.5858,2188,2057,1950,-544
2.5862,2188,2057,1950,-544
2.5865,2188,2059,1950,-544
2.5868,2188,2059,1950,-544
2.5871,2188,2059,1950,-544
2.5874,2188,2061,1950,-544
2.5878,2188,2061,1950,-544
2.5881,2188,2061,1950,-544
2.5884,2188,2063,1950,-520
2.5888,2188,2063,1950,-520
2.5891,2188,2063,1950,-520
2.5894,2188,2065,1950,-520
2.5898,2188,2065,1950,-520
2.5901,2199,2067,2050,-520
2.5907,2199,2067,2050,-520
2.5911,2199,2067,2050,-520
2.5914,2199,2069,2050,-520
2.5917,2199,2069,2050,-520
2.5920,2199,2069,2050,-520
2.5923,2199,2071,2050,-512
2.5926,2199,2071,2050,-512
2.5930,2199,2071,2050,-512
2.5933,2199,2073,2050,-512
2.5936,2199,2073,2050,-512
2.5939,2199,2073,2050,-512
2.5943,2199,2075,2050,-512
2.5946,2199,2075,2050,-512
2.5949,2199,2075,2050,-512
2.5952,2199,2077,2050,-512
2.5956,2199,2077,2050,-512
2.5959,2199,2077,2050,-512
2.5962,2199,2077,2050,-512
2.5965,2199,2079,2050,-504
2.5969,2199,2079,2050,-504
2.5972,2199,2081,2050,-504
2.5975,2199,2081,2050,-504
2.5979,2199,2081,2050,-504
2.5982,2199,2081,2050,-504
2.5985,2199,2083,2050,-504
2.5988,2199,2083,2050,-504
2.5992,2199,2083,2050,-504
2.5995,2199,2085,2050,-496
2.5998,2199,2085,2050,-496
2.6001,2206,2087,2050,-496
2.6007,2206,2087,2050,-496
2.6011,2206,2087,2050,-496
2.6014,2206,2089,2050,-496
2.6018,2206,2089,2050,-496
2.6021,2206,2089,2050,-496
2.6024,2206,2091,2050,-488
2.6028,2206,2091,2050,-488
2.6031,2206,2091,2050,-488
2.6034,2206,2092,2050,-496
2.6038,2206,2092,2050,-496
2.6041,2206,2092,2050,-496
2.6044,2206,2094,2050,-496
2.6048,2206,2094,2050,-496
2.6051,2206,2094,2050,-496
2.6054,2206,2096,2050,-488
2.6058,2206,2096,2050,-488
2.6061,2206,2096,2050,-488
2.6065,2206,2098,2050,-488
2.6068,2206,2098,2050,-488
2.6071,2206,2098,2050,-488
2.6074,2206,2100,2050,-480
2.6078,2206,2100,2050,-480
2.6081,2206,2100,2050,-480
2.6084,2206,2102,2050,-476
2.6088,2206,2102,2050,-476
2.6092,2206,2104,2050,-468
2.6095,2206,2104,2050,-468
2.6098,2206,2104,2050,-468
2.6101,2212,2106,1950,-468
2.6108,2212,2106,1950,-468
2.6112,2212,2108,1950,-460
2.6115,2212,2108,1950,-460
2.6118,2212,2108,1950,-460
2.6122,2212,2110,1950,-460
2.6125,2212,2110,1950,-460
2.6128,2212,2110,1950,-460
2.6131,2212,2110,1950,-452
2.6134,2212,2112,1950,-452
2.6138,2212,2112,1950,-452
2.6141,2212,2113,1950,-460
2.6145,2212,2113,1950,-460
2.6148,2212,2113,1950,-460
2.6151,2212,2115,1950,-452
2.6154,2212,2115,1950,-452
2.6158,2212,2115,1950,-452
2.6161,2212,2117,1950,-452
2.6165,2212,2117,1950,-452
2.6168,2212,2117,1950,-452
2.6172,2212,2119,1950,-444
2.6175,2212,2119,1950,-444
2.6178,2212,2119,1950,-444
2.6181,2212,2121,1950,-436
2.6185,2212,2121,1950,-436
2.6188,2212,2121,1950,-436
2.6191,2212,2123,1950,-436
2.6194,2212,2123,1950,-436
2.6198,2212,2123,1950,-436
2.6202,2214,2125,1950,-428
2.6208,2214,2125,1950,-428
2.6211,2214,2126,1950,-428
2.6215,2214,2126,1950,-428
2.6218,2214,2126,1950,-428
2.6221,2214,2128,1950,-428
2.6225,2214,2128,1950,-428
2.6228,2214,2128,1950,-428
2.6231,2214,2130,1950,-420
2.6234,2214,2130,1950,-420
2.6238,2214,2130,1950,-420
2.6241,2214,2132,1950,-412
2.6245,2214,2132,1950,-412
2.6248,2214,2132,1950,-412
2.6251,2214,2134,1950,-404
2.6255,2214,2134,1950,-404
2.6258,2214,2134,1950,-404
2.6261,2214,2135,1950,-404
2.6265,2214,2135,1950,-404
2.6268,2214,2135,1950,-404
2.6272,2214,2137,1950,-404
2.6275,2214,2137,1950,-404
2.6279,2214,2137,1950,-404
2.6282,2214,2139,1950,-376
2.6285,2214,2139,1950,-376
2.6288,2214,2139,1950,-376
2.6291,2214,2141,1950,-368
2.6295,2214,2141,1950,-368
2.6298,2214,2141,1950,-368
2.6301,2214,2142,1800,-368
2.6308,2214,2142,1800,-368
2.6312,2214,2144,1800,-360
2.6315,2214,2144,1800,-360
2.6318,2214,2144,1800,-360
2.6321,2214,2146,1800,-352
2.6325,2214,2146,1800,-352
2.6328,2214,2146,1800,-352
2.6331,2214,2148,1800,-344
2.6334,2214,2148,1800,-344
2.6338,2214,2148,1800,-344
2.6341,2214,2149,1800,-344
2.6345,2214,2149,1800,-344
2.6348,2214,2149,1800,-344
2.6351,2214,2151,1800,-336
2.6355,2214,2151,1800,-336
2.6358,2214,2151,1800,-336
2.6362,2214,2153,1800,-328
2.6365,2214,2153,1800,-328
2.6368,2214,2153,1800,-328
2.6371,2214,2155,1800,-320
2.6375,2214,2155,1800,-320
2.6378,2214,2155,1800,-320
2.6381,2214,2156,1800,-320
2.6384,2214,2156,1800,-320
2.6388,2214,2156,1800,-320
2.6391,2214,2158,1800,-304
2.6395,2214,2158,1800,-304
2.6398,2214,2158,1800,-304
2.6401,2212,2160,1800,-296
2.6409,2212,2160,1800,-296
2.6412,2212,2161,1800,-296
2.6415,2212,2161,1800,-296
2.6418,2212,2161,1800,-296
2.6421,2212,2162,1800,-296
2.6425,2212,2162,1800,-296
2.6428,2212,2162,1800,-296
2.6431,2212,2164,1800,-280
2.6435,2212,2164,1800,-280
2.6438,2212,2164,1800,-280
2.6441,2212,2165,1800,-280
2.6445,2212,2165,1800,-280
2.6448,2212,2165,1800,-280
2.6451,2212,2167,1800,-272
2.6454,2212,2167,1800,-272
2.6458,2212,2167,1800,-272
2.6461,2212,2168,1800,-272
2.6465,2212,2168,1800,-272
2.6468,2212,2168,1800,-272
2.6471,2212,2170,1800,-256
2.6474,2212,2170,1800,-256
2.6478,2212,2170,1800,-256
2.6482,2212,2171,1800,-236
2.6486,2212,2171,1800,-236
2.6489,2212,2173,1800,-220
2.6493,2212,2173,1800,-220
2.6496,2212,2173,1800,-220
2.6499,2212,2174,1600,-220
2.6503,2206,2174,1600,-220
2.6509,2206,2174,1600,-220
2.6512,2206,2176,1600,-204
2.6515,2206,2176,1600,-204
2.6518,2206,2176,1600,-204
2.6522,2206,2177,1600,-204
2.6525,2206,2177,1600,-204
2.6528,2206,2177,1600,-204
2.6531,2206,2179,1600,-188
2.6535,2206,2179,1600,-188
2.6538,2206,2179,1600,-188
2.6541,2206,2180,1600,-188
2.6545,2206,2180,1600,-188
2.6548,2206,2180,1600,-188
2.6551,2206,2182,1600,-172
2.6555,2206,2182,1600,-172
2.6558,2206,2182,1600,-172
2.6561,2206,2183,1600,-172
2.6565,2206,2183,1600,-172
2.6568,2206,2183,1600,-172
2.6571,2206,2184,1600,-164
2.6575,2206,2184,1600,-164
2.6578,2206,2184,1600,-164
2.6581,2206,2185,1600,-156
2.6585,2206,2185,1600,-156
2.6588,2206,2185,1600,-156
2.6591,2206,2186,1600,-156
2.6595,2206,2186,1600,-156
2.6598,2206,2186,1600,-156
2.6601,2198,2188,1600,-140
2.6608,2198,2188,1600,-140
2.6611,2198,2189,1600,-132
2.6615,2198,2189,1600,-132
2.6618,2198,2189,1600,-132
2.6622,2198,2190,1600,-132
2.6625,2198,2190,1600,-132
2.6628,2198,2190,1600,-132
2.6632,2198,2191,1600,-124
2.6635,2198,2191,1600,-124
2.6638,2198,2191,1600,-124
2.6641,2198,2192,1600,-116
2.6645,2198,2192,1600,-116
2.6648,2198,2192,1600,-116
2.6652,2198,2193,1600,-108
2.6655,2198,2193,1600,-108
2.6658,2198,2193,1600,-108
2.6661,2198,2194,1600,-100
2.6665,2198,2194,1600,-100
2.6668,2198,2194,1600,-100
2.6671,2198,2196,1600,-92
2.6675,2198,2196,1600,-92
2.6678,2198,2196,1600,-92
2.6681,2198,2196,1600,-80
2.6685,2198,2196,1600,-80
2.6688,2198,2196,1600,-80
2.6692,2198,2197,1600,-72
2.6695,2198,2197,1600,-72
2.6699,2198,2198,1200,-64
2.6702,2188,2198,1200,-64
2.6708,2188,2199,1200,-56
2.6712,2188,2199,1200,-56
2.6715,2188,2199,1200,-56
2.6718,2188,2201,1200,-40
2.6722,2188,2201,1200,-40
2.6725,2188,2201,1200,-40
2.6728,2188,2201,1200,-32
2.6732,2188,2201,1200,-32
2.6735,2188,2201,1200,-32
2.6738,2188,2201,1200,-32
2.6741,2188,2202,1200,-24
2.6745,2188,2202,1200,-24
2.6748,2188,2203,1200,0
2.6752,2188,2203,1200,0
2.6755,2188,2203,1200,0
2.6758,2188,2204,1200,24
2.6762,2188,2204,1200,24
2.6765,2188,2204,1200,24
2.6768,2188,2205,1200,32
2.6771,2188,2205,1200,32
2.6775,2188,2205,1200,32
2.6778,2188,2205,1200,32
2.6781,2188,2205,1200,32
2.6785,2188,2205,1200,32
2.6788,2188,2206,1200,48
2.6791,2188,2206,1200,48
2.6795,2188,2206,1200,48
2.6798,2188,2207,1200,56
2.6801,2175,2207,1200,56
2.6808,2175,2208,1200,64
2.6812,2175,2208,1200,64
2.6815,2175,2208,1200,64
2.6818,2175,2208,1200,72
2.6822,2175,2208,1200,72
2.6825,2175,2208,1200,72
2.6828,2175,2209,1200,80
2.6831,2175,2209,1200,80
2.6835,2175,2209,1200,80
2.6838,2175,2209,1200,80
2.6841,2175,2209,1200,80
2.6844,2175,2209,1200,80
2.6848,2175,2210,1200,88
2.6851,2175,2210,1200,88
2.6855,2175,2210,1200,88
2.6858,2175,2210,1200,88
2.6861,2175,2210,1200,88
2.6865,2175,2210,1200,88
2.6868,2175,2211,1200,96
2.6871,2175,2211,1200,96
2.6875,2175,2211,1200,96
2.6878,2175,2211,1200,96
2.6881,2175,2211,1200,96
2.6885,2175,2211,1200,96
2.6888,2175,2211,1200,104
2.6891,2175,2211,1200,104
2.6895,2175,2211,1200,104
2.6898,2175,2211,650,104
2.6902,2161,2211,650,104
2.6908,2161,2212,650,120
2.6911,2161,2212,650,120
2.6915,2161,2212,650,120
2.6918,2161,2212,650,120
2.6921,2161,2212,650,120
2.6925,2161,2212,650,120
2.6928,2161,2212,650,128
2.6931,2161,2212,650,128
2.6935,2161,2212,650,128
2.6938,2161,2213,650,144
2.6941,2161,2213,650,144
2.6945,2161,2213,650,144
2.6948,2161,2213,650,144
2.6951,2161,2213,650,144
2.6955,2161,2213,650,144
2.6958,2161,2213,650,152
2.6961,2161,2213,650,152
2.6965,2161,2213,650,152
2.6968,2161,2213,650,160
2.6972,2161,2213,650,160
2.6975,2161,2213,650,160
2.6978,2161,2213,650,160
2.6982,2161,2213,650,160
2.6985,2161,2213,650,160
2.6988,2161,2213,650,168
2.6991,2161,2213,650,168
2.6995,2161,2213,650,168
2.6998,2161,2213,650,176
2.7001,2144,2213,650,176
2.7008,2144,2213,650,184
2.7011,2144,2213,650,184
2.7015,2144,2213,650,184
2.7018,2144,2213,650,192
2.7022,2144,2213,650,192
2.7025,2144,2213,650,192
2.7029,2144,2213,650,192
2.7032,2144,2213,650,192
2.7035,2144,2213,650,192
2.7039,2144,2213,650,200
2.7042,2144,2213,650,200
2.7046,2144,2213,650,200
2.7049,2144,2213,650,208
2.7053,2144,2213,650,208
2.7056,2144,2213,650,208
2.7059,2144,2213,650,216
2.7062,2144,2213,650,216
2.7066,2144,2213,650,216
2.7069,2144,2213,650,224
2.7072,2144,2213,650,224
2.7075,2144,2213,650,224
2.7078,2144,2213,650,228
2.7082,2144,2213,650,228
2.7085,2144,2213,650,228
2.7088,2144,2213,650,236
2.7091,2144,2213,650,236
2.7095,2144,2213,650,236
2.7098,2144,2213,100,244
2.7101,2126,2213,100,244
2.7108,2126,2213,100,252
2.7111,2126,2213,100,252
2.7114,2126,2213,100,252
2.7118,2126,2213,100,260
2.7121,2126,2213,100,260
2.7124,2126,2213,100,260
2.7128,2126,2213,100,268
2.7131,2126,2213,100,268
2.7135,2126,2213,100,268
2.7138,2126,2213,100,284
2.7141,2126,2213,100,284
2.7145,2126,2213,100,284
2.7148,2126,2213,100,292
2.7152,2126,2213,100,292
2.7155,2126,2213,100,292
2.7158,2126,2213,100,300
2.7161,2126,2213,100,300
2.7165,2126,2213,100,300
2.7168,2126,2213,100,308
2.7171,2126,2213,100,308
2.7175,2126,2213,100,308
2.7178,2126,2213,100,316
2.7181,2126,2213,100,316
2.7184,2126,2213,100,316
2.7188,2126,2212,100,324
2.7191,2126,2212,100,324
2.7195,2126,2212,100,324
2.7198,2126,2212,100,332
2.7201,2107,2212,100,332
2.7208,2107,2212,100,340
2.7211,2107,2212,100,340
2.7215,2107,2212,100,340
2.7218,2107,2211,100,348
2.7221,2107,2211,100,348
2.7225,2107,2211,100,348
2.7228,2107,2211,100,356
2.7231,2107,2211,100,356
2.7235,2107,2211,100,356
2.7238,2107,2210,100,356
2.7242,2107,2210,100,356
2.7246,2107,2209,100,364
2.7249,2107,2209,100,364
2.7253,2107,2209,100,364
2.7256,2107,2208,100,364
2.7259,2107,2208,100,364
2.7262,2107,2208,100,364
2.7265,2107,2208,100,364
2.7269,2107,2208,100,380
2.7272,2107,2208,100,380
2.7275,2107,2208,100,380
2.7278,2107,2207,100,388
2.7282,2107,2207,100,388
2.7285,2107,2207,100,388
2.7288,2107,2206,100,396
2.7291,2107,2206,100,396
2.7295,2107,2206,100,396
2.7298,2107,2206,-350,404
2.7302,2086,2206,-350,404
2.7308,2086,2205,-350,412
2.7311,2086,2205,-350,412
2.7315,2086,2205,-350,412
2.7318,2086,2204,-350,412
2.7321,2086,2204,-350,412
2.7325,2086,2204,-350,412
2.7328,2086,2203,-350,420
2.7331,2086,2203,-350,420
2.7334,2086,2203,-350,420
2.7338,2086,2202,-350,428
2.7341,2086,2202,-350,428
2.7344,2086,2202,-350,428
2.7348,2086,2201,-350,428
2.7352,2086,2201,-350,428
2.7355,2086,2201,-350,444
2.7359,2086,2201,-350,444
2.7362,2086,2201,-350,444
2.7365,2086,2200,-350,452
2.7368,2086,2200,-350,452
2.7372,2086,2200,-350,452
2.7375,2086,2200,-350,452
2.7378,2086,2199,-350,460
2.7381,2086,2199,-350,460
2.7385,2086,2198,-350,460
2.7388,2086,2198,-350,460
2.7391,2086,2198,-350,460
2.7395,2086,2198,-350,460
2.7398,2086,2197,-350,468
2.7401,2065,2197,-350,468
2.7408,2065,2196,-350,476
2.7411,2065,2196,-350,476
2.7415,2065,2196,-350,476
2.7418,2065,2195,-350,484
2.7421,2065,2195,-350,484
2.7424,2065,2195,-350,484
2.7428,2065,2194,-350,492
2.7431,2065,2194,-350,492
2.7434,2065,2194,-350,492
2.7438,2065,2192,-350,492
2.7441,2065,2192,-350,492
2.7444,2065,2192,-350,492
2.7448,2065,2191,-350,500
2.7451,2065,2191,-350,500
2.7455,2065,2190,-350,508
2.7458,2065,2190,-350,508
2.7461,2065,2190,-350,508
2.7465,2065,2189,-350,508
2.7468,2065,2189,-350,508
2.7471,2065,2189,-350,508
2.7474,2065,2189,-350,508
2.7478,2065,2188,-350,504
2.7481,2065,2188,-350,504
2.7485,2065,2187,-350,512
2.7488,2065,2187,-350,512
2.7491,2065,2187,-350,512
2.7495,2065,2186,-1000,520
2.7498,2065,2186,-1000,520
2.7501,2044,2186,-1000,520
2.7508,2044,2184,-1000,520
2.7511,2044,2184,-1000,520
2.7515,2044,2183,-1000,528
2.7518,2044,2183,-1000,528
2.7521,2044,2183,-1000,528
2.7525,2044,2182,-1000,536
2.7528,2044,2182,-1000,536
2.7531,2044,2182,-1000,536
2.7534,2044,2181,-1000,544
2.7538,2044,2181,-1000,544
2.7541,2044,2181,-1000,544
2.7544,2044,2179,-1000,536
2.7548,2044,2179,-1000,536
2.7551,2044,2179,-1000,536
2.7555,2044,2178,-1000,544
2.7558,2044,2178,-1000,544
2.7562,2044,2178,-1000,544
2.7566,2044,2176,-1000,544
2.7569,2044,2176,-1000,544
2.7572,2044,2176,-1000,544
2.7575,2044,2175,-1000,552
2.7579,2044,2175,-1000,552
2.7582,2044,2175,-1000,552
2.7585,2044,2173,-1000,552
2.7588,2044,2173,-1000,552
2.7592,2044,2173,-1000,552
2.7595,2044,2172,-1000,560
2.7598,2044,2172,-1000,560
2.7601,2022,2171,-1000,568
2.7608,2022,2171,-1000,568
2.7611,2022,2171,-1000,568
2.7615,2022,2169,-1000,568
2.7618,2022,2169,-1000,568
2.7621,2022,2169,-1000,568
2.7624,2022,2168,-1000,576
2.7628,2022,2168,-1000,576
2.7631,2022,2168,-1000,576
2.7634,2022,2166,-1000,576
2.7638,2022,2166,-1000,576
2.7641,2022,2166,-1000,576
2.7645,2022,2165,-1000,584
2.7648,2022,2165,-1000,584
2.7651,2022,2165,-1000,584
2.7655,2022,2163,-1000,584
2.7658,2022,2163,-1000,584
2.7661,2022,2163,-1000,584
2.7665,2022,2162,-1000,592
2.7668,2022,2162,-1000,592
2.7671,2022,2162,-1000,592
2.7675,2022,2160,-1000,572
2.7678,2022,2160,-1000,572
2.7681,2022,2160,-1000,572
2.7685,2022,2158,-1000,572
2.7688,2022,2158,-1000,572
2.7691,2022,2158,-1000,572
2.7695,2022,2157,-1450,580
2.7698,2022,2157,-1450,580
2.7701,2001,2155,-1450,572
2.7708,2001,2155,-1450,572
2.7711,2001,2155,-1450,572
2.7715,2001,2153,-1450,572
2.7718,2001,2153,-1450,572
2.7721,2001,2153,-1450,572
2.7725,2001,2152,-1450,580
2.7728,2001,2152,-1450,580
2.7731,2001,2152,-1450,580
2.7735,2001,2150,-1450,580
2.7738,2001,2150,-1450,580
2.7741,2001,2150,-1450,580
2.7745,2001,2148,-1450,580
2.7748,2001,2148,-1450,580
2.7751,2001,2148,-1450,580
2.7754,2001,2147,-1450,588
2.7758,2001,2147,-1450,588
2.7761,2001,2147,-1450,588
2.7765,2001,2145,-1450,588
2.7768,2001,2145,-1450,588
2.7772,2001,2145,-1450,588
2.7775,2001,2143,-1450,588
2.7778,2001,2143,-1450,588
2.7782,2001,2143,-1450,588
2.7785,2001,2141,-1450,588
2.7788,2001,2141,-1450,588
2.7792,2001,2141,-1450,588
2.7795,2001,2139,-1450,588
2.7798,2001,2139,-1450,588
2.7802,1981,2137,-1450,588
2.7808,1981,2137,-1450,588
2.7811,1981,2137,-1450,588
2.7814,1981,2135,-1450,588
2.7818,1981,2135,-1450,588
2.7822,1981,2135,-1450,588
2.7825,1981,2134,-1450,596
2.7828,1981,2134,-1450,596
2.7832,1981,2134,-1450,596
2.7835,1981,2132,-1450,596
2.7838,1981,2132,-1450,596
2.7842,1981,2132,-1450,596
2.7845,1981,2130,-1450,596
2.7848,1981,2130,-1450,596
2.7852,1981,2130,-1450,596
2.7855,1981,2128,-1450,596
2.7858,1981,2128,-1450,596
2.7862,1981,2128,-1450,596
2.7865,1981,2126,-1450,596
2.7868,1981,2126,-1450,596
2.7872,1981,2126,-1450,596
2.7875,1981,2125,-1450,576
2.7878,1981,2125,-1450,576
2.7882,1981,2125,-1450,576
2.7885,1981,2123,-1450,576
2.7888,1981,2123,-1450,576
2.7892,1981,2123,-1450,576
2.7895,1981,2121,-1800,576
2.7898,1981,2121,-1800,576
2.7901,1962,2119,-1800,576
2.7908,1962,2119,-1800,576
2.7911,1962,2119,-1800,576
2.7915,1962,2117,-1800,576
2.7918,1962,2117,-1800,576
2.7921,1962,2117,-1800,576
2.7925,1962,2115,-1800,576
2.7928,1962,2115,-1800,576
2.7931,1962,2115,-1800,576
2.7935,1962,2113,-1800,576
2.7938,1962,2113,-1800,576
2.7941,1962,2113,-1800,576
2.7945,1962,2111,-1800,576
2.7948,1962,2111,-1800,576
2.7951,1962,2111,-1800,576
2.7954,1962,2109,-1800,576
2.7958,1962,2109,-1800,576
2.7961,1962,2109,-1800,576
2.7965,1962,2107,-1800,576
2.7968,1962,2107,-1800,576
2.7971,1962,2107,-1800,576
2.7975,1962,2106,-1800,584
2.7978,1962,2106,-1800,584
2.7982,1962,2104,-1800,584
2.7985,1962,2104,-1800,584
2.7988,1962,2104,-1800,584
2.7992,1962,2104,-1800,584
2.7995,1962,2102,-1800,584
2.7998,1962,2102,-1800,584
2.8001,1943,2100,-1800,584
2.8008,1943,2100,-1800,584
2.8011,1943,2100,-1800,584
2.8015,1943,2098,-1800,584
2.8018,1943,2098,-1800,584
2.8021,1943,2098,-1800,584
2.8024,1943,2096,-1800,584
2.8028,1943,2096,-1800,584
2.8031,1943,2096,-1800,584
2.8035,1943,2094,-1800,584
2.8038,1943,2094,-1800,584
2.8041,1943,2094,-1800,584
2.8044,1943,2092,-1800,584
2.8048,1943,2092,-1800,584
2.8051,1943,2092,-1800,584
2.8055,1943,2090,-1800,584
2.8058,1943,2090,-1800,584
2.8061,1943,2090,-1800,584
2.8064,1943,2088,-1800,584
2.8068,1943,2088,-1800,584
2.8071,1943,2088,-1800,584
2.8075,1943,2086,-1800,572
2.8078,1943,2086,-1800,572
2.8082,1943,2084,-1800,572
2.8086,1943,2084,-1800,572
2.8089,1943,2084,-1800,572
2.8092,1943,2082,-1950,572
2.8096,1943,2082,-1950,572
2.8099,1943,2082,-1950,572
2.8102,1927,2080,-1950,572
2.8108,1927,2080,-1950,572
2.8112,1927,2078,-1950,572
2.8115,1927,2078,-1950,572
2.8118,1927,2078,-1950,572
2.8121,1927,2076,-1950,564
2.8125,1927,2076,-1950,564
2.8128,1927,2076,-1950,564
2.8131,1927,2074,-1950,564
2.8135,1927,2074,-1950,564
2.8138,1927,2074,-1950,564
2.8141,1927,2072,-1950,564
2.8145,1927,2072,-1950,564
2.8148,1927,2072,-1950,564
2.8151,1927,2070,-1950,564
2.8154,1927,2070,-1950,564
2.8158,1927,2070,-1950,564
2.8161,1927,2068,-1950,564
2.8164,1927,2068,-1950,564
2.8168,1927,2068,-1950,564
2.8171,1927,2066,-1950,564
2.8174,1927,2066,-1950,564
2.8178,1927,2066,-1950,564
2.8181,1927,2064,-1950,564
2.8185,1927,2064,-1950,564
2.8188,1927,2064,-1950,564
2.8191,1927,2062,-1950,564
2.8195,1927,2062,-1950,564
2.8198,1927,2062,-1950,564
2.8201,1912,2060,-1950,564
2.8208,1912,2060,-1950,564
2.8211,1912,2058,-1950,564
2.8215,1912,2058,-1950,564
2.8218,1912,2058,-1950,564
2.8221,1912,2056,-1950,564
2.8225,1912,2056,-1950,564
2.8228,1912,2056,-1950,564
2.8231,1912,2054,-1950,556
2.8235,1912,2054,-1950,556
2.8238,1912,2054,-1950,556
2.8241,1912,2052,-1950,556
2.8245,1912,2052,-1950,556
2.8248,1912,2052,-1950,556
2.8251,1912,2050,-1950,556
2.8255,1912,2050,-1950,556
2.8258,1912,2050,-1950,556
2.8261,1912,2048,-1950,556
2.8264,1912,2048,-1950,556
2.8268,1912,2048,-1950,556
2.8271,1912,2046,-1950,544
2.8275,1912,2046,-1950,544
2.8278,1912,2046,-1950,544
2.8281,1912,2044,-1950,544
2.8285,1912,2044,-1950,544
2.8288,1912,2044,-1950,544
2.8291,1912,2042,-2000,544
2.8295,1912,2042,-2000,544
2.8298,1912,2042,-2000,544
2.8301,1900,2040,-2000,536
2.8308,1900,2040,-2000,536
2.8311,1900,2038,-2000,536
2.8315,1900,2038,-2000,536
2.8318,1900,2038,-2000,536
2.8321,1900,2036,-2000,536
2.8325,1900,2036,-2000,536
2.8328,1900,2036,-2000,536
2.8331,1900,2034,-2000,536
2.8334,1900,2034,-2000,536
2.8338,1900,2034,-2000,536
2.8341,1900,2031,-2000,528
2.8344,1900,2031,-2000,528
2.8348,1900,2031,-2000,528
2.8351,1900,2029,-2000,528
2.8355,1900,2029,-2000,528
2.8358,1900,2029,-2000,528
2.8361,1900,2028,-2000,528
2.8364,1900,2028,-2000,528
2.8368,1900,2028,-2000,528
2.8371,1900,2026,-2000,528
2.8375,1900,2026,-2000,528
2.8378,1900,2026,-2000,528
2.8381,1900,2024,-2000,528
2.8384,1900,2024,-2000,528
2.8388,1900,2024,-2000,528
2.8391,1900,2022,-2000,528
2.8394,1900,2022,-2000,528
2.8398,1900,2022,-2000,528
2.8402,1889,2020,-2000,520
2.8408,1889,2020,-2000,520
2.8411,1889,2018,-2000,520
2.8415,1889,2018,-2000,520
2.8418,1889,2018,-2000,520
2.8421,1889,2016,-2000,520
2.8424,1889,2016,-2000,520
2.8428,1889,2016,-2000,520
2.8431,1889,2014,-2000,520
2.8435,1889,2014,-2000,520
2.8438,1889,2014,-2000,520
2.8441,1889,2012,-2000,520
2.8445,1889,2012,-2000,520
2.8448,1889,2012,-2000,520
2.8451,1889,2010,-2000,512
2.8455,1889,2010,-2000,512
2.8458,1889,2010,-2000,512
2.8462,1889,2008,-2000,512
2.8465,1889,2008,-2000,512
2.8468,1889,2008,-2000,512
2.8471,1889,2006,-2000,504
2.8475,1889,2006,-2000,504
2.8478,1889,2006,-2000,504
2.8481,1889,2004,-2000,496
2.8484,1889,2004,-2000,496
2.8488,1889,2004,-2000,496
2.8491,1889,2002,-2000,496
2.8495,1889,2002,-2000,496
2.8498,1889,2002,-2000,496
2.8501,1882,2000,-2000,496
2.8508,1882,2000,-2000,496
2.8512,1882,1998,-2000,488
2.8515,1882,1998,-2000,488
2.8518,1882,1998,-2000,488
2.8522,1882,1996,-2000,488
2.8525,1882,1996,-2000,488
2.8528,1882,1996,-2000,488
2.8531,1882,1994,-2000,488
2.8534,1882,1994,-2000,488
2.8538,1882,1994,-2000,488
2.8541,1882,1992,-2000,480
2.8545,1882,1992,-2000,480
2.8548,1882,1992,-2000,480
2.8551,1882,1991,-2000,488
2.8555,1882,1991,-2000,488
2.8558,1882,1991,-2000,488
2.8562,1882,1989,-2000,488
2.8565,1882,1989,-2000,488
2.8568,1882,1989,-2000,488
2.8571,1882,1987,-2000,480
2.8575,1882,1987,-2000,480
2.8578,1882,1987,-2000,480
2.8581,1882,1985,-2000,480
2.8584,1882,1985,-2000,480
2.8588,1882,1985,-2000,480
2.8592,1882,1983,-2000,472
2.8595,1882,1983,-2000,472
2.8598,1882,1983,-2000,472
2.8601,1876,1981,-2000,472
2.8608,1876,1981,-2000,472
2.8612,1876,1979,-2000,464
2.8615,1876,1979,-2000,464
2.8619,1876,1979,-2000,464
2.8622,1876,1978,-2000,472
2.8625,1876,1978,-2000,472
2.8628,1876,1978,-2000,472
2.8632,1876,1976,-2000,464
2.8635,1876,1976,-2000,464
2.8639,1876,1976,-2000,464
2.8642,1876,1974,-2000,464
2.8645,1876,1974,-2000,464
2.8648,1876,1974,-2000,464
2.8651,1876,1972,-2000,456
2.8655,1876,1972,-2000,456
2.8658,1876,1972,-2000,456
2.8661,1876,1970,-2000,448
2.8665,1876,1970,-2000,448
2.8668,1876,1970,-2000,448
2.8671,1876,1968,-2000,436
2.8674,1876,1968,-2000,436
2.8678,1876,1968,-2000,436
2.8681,1876,1966,-2000,428
2.8684,1876,1966,-2000,428
2.8688,1876,1966,-2000,428
2.8691,1876,1964,-1900,428
2.8694,1876,1964,-1900,428
2.8698,1876,1964,-1900,428
2.8701,1874,1963,-1900,428
2.8708,1874,1963,-1900,428
2.8711,1874,1961,-1900,420
2.8715,1874,1961,-1900,420
2.8718,1874,1961,-1900,420
2.8721,1874,1959,-1900,420
2.8725,1874,1959,-1900,420
2.8728,1874,1957,-1900,412
2.8731,1874,1957,-1900,412
2.8735,1874,1957,-1900,412
2.8738,1874,1957,-1900,412
2.8741,1874,1955,-1900,404
2.8745,1874,1955,-1900,404
2.8748,1874,1954,-1900,404
2.8752,1874,1954,-1900,404
2.8755,1874,1954,-1900,404
2.8758,1874,1952,-1900,404
2.8762,1874,1952,-1900,404
2.8765,1874,1952,-1900,404
2.8768,1874,1950,-1900,396
2.8772,1874,1950,-1900,396
2.8775,1874,1950,-1900,396
2.8779,1874,1948,-1900,388
2.8782,1874,1948,-1900,388
2.8785,1874,1948,-1900,388
2.8789,1874,1947,-1900,388
2.8792,1874,1947,-1900,388
2.8796,1874,1947,-1900,388
2.8799,1874,1945,-1900,380
2.8802,1874,1945,-1900,380
2.8809,1874,1943,-1900,372
2.8812,1874,1943,-1900,372
2.8815,1874,1943,-1900,372
2.8819,1874,1941,-1900,364
2.8822,1874,1941,-1900,364
2.8825,1874,1941,-1900,364
2.8829,1874,1939,-1900,356
2.8832,1874,1939,-1900,356
2.8835,1874,1939,-1900,356
2.8839,1874,1938,-1900,356
2.8842,1874,1938,-1900,356
2.8846,1874,1938,-1900,356
2.8849,1874,1936,-1900,348
2.8852,1874,1936,-1900,348
2.8856,1874,1936,-1900,348
2.8859,1874,1935,-1900,348
2.8862,1874,1935,-1900,348
2.8866,1874,1935,-1900,348
2.8869,1874,1933,-1900,320
2.8873,1874,1933,-1900,320
2.8876,1874,1933,-1900,320
2.8879,1874,1931,-1900,312
2.8883,1874,1931,-1900,312
2.8886,1874,1931,-1900,312
2.8889,1874,1930,-1700,312
2.8893,1874,1930,-1700,312
2.8896,1874,1930,-1700,312
2.8899,1874,1928,-1700,304
2.8902,1876,1928,-1700,304
2.8909,1876,1927,-1700,304
2.8912,1876,1927,-1700,304
2.8915,1876,1927,-1700,304
2.8919,1876,1925,-1700,296
2.8922,1876,1925,-1700,296
2.8925,1876,1925,-1700,296
2.8929,1876,1923,-1700,280
2.8932,1876,1923,-1700,280
2.8936,1876,1923,-1700,280
2.8940,1876,1922,-1700,280
2.8943,1876,1922,-1700,280
2.8947,1876,1921,-1700,280
2.8951,1876,1921,-1700,280
2.8954,1876,1921,-1700,280
2.8958,1876,1919,-1700,272
2.8961,1876,1919,-1700,272
2.8965,1876,1919,-1700,272
2.8968,1876,1917,-1700,256
2.8972,1876,1917,-1700,256
2.8975,1876,1917,-1700,256
2.8979,1876,1916,-1700,256
2.8982,1876,1916,-1700,256
2.8985,1876,1916,-1700,256
2.8989,1876,1915,-1700,256
2.8992,1876,1915,-1700,256
2.8995,1876,1915,-1700,256
2.8999,1876,1913,-1700,240
2.9002,1882,1913,-1700,240
2.9008,1882,1912,-1700,240
2.9012,1882,1912,-1700,240
2.9015,1882,1912,-1700,240
2.9018,1882,1910,-1700,224
2.9022,1882,1910,-1700,224
2.9025,1882,1910,-1700,224
2.9028,1882,1909,-1700,224
2.9031,1882,1909,-1700,224
2.9035,1882,1909,-1700,224
2.9038,1882,1908,-1700,216
2.9042,1882,1908,-1700,216
2.9045,1882,1908,-1700,216
2.9048,1882,1907,-1700,216
2.9052,1882,1907,-1700,216
2.9055,1882,1907,-1700,216
2.9059,1882,1905,-1700,200
2.9062,1882,1905,-1700,200
2.9065,1882,1905,-1700,200
2.9068,1882,1903,-1700,176
2.9072,1882,1903,-1700,176
2.9075,1882,1903,-1700,176
2.9079,1882,1902,-1700,168
2.9082,1882,1902,-1700,168
2.9085,1882,1902,-1700,168
2.9088,1882,1901,-1450,160
2.9092,1882,1901,-1450,160
2.9095,1882,1901,-1450,160
2.9099,1882,1900,-1450,160
2.9102,1890,1900,-1450,160
2.9108,1890,1898,-1450,144
2.9112,1890,1898,-1450,144
2.9115,1890,1898,-1450,144
2.9119,1890,1897,-1450,136
2.9122,1890,1897,-1450,136
2.9125,1890,1897,-1450,136
2.9129,1890,1896,-1450,136
2.9132,1890,1896,-1450,136
2.9135,1890,1896,-1450,136
2.9139,1890,1895,-1450,128
2.9142,1890,1895,-1450,128
2.9146,1890,1895,-1450,128
2.9149,1890,1894,-1450,120
2.9152,1890,1894,-1450,120
2.9156,1890,1894,-1450,120
2.9159,1890,1892,-1450,104
2.9162,1890,1892,-1450,104
2.9166,1890,1892,-1450,104
2.9169,1890,1891,-1450,104
2.9173,1890,1891,-1450,104
2.9176,1890,1891,-1450,104
2.9179,1890,1891,-1450,104
2.9182,1890,1891,-1450,104
2.9186,1890,1891,-1450,104
2.9189,1890,1889,-1450,88
2.9192,1890,1889,-1450,88
2.9196,1890,1889,-1450,88
2.9199,1890,1888,-1450,80
2.9202,1900,1888,-1450,80
2.9209,1900,1887,-1450,72
2.9212,1900,1887,-1450,72
2.9215,1900,1887,-1450,72
2.9219,1900,1886,-1450,64
2.9222,1900,1886,-1450,64
2.9225,1900,1886,-1450,64
2.9228,1900,1885,-1450,56
2.9232,1900,1885,-1450,56
2.9235,1900,1885,-1450,56
2.9239,1900,1885,-1450,56
2.9242,1900,1885,-1450,56
2.9246,1900,1884,-1450,48
2.9249,1900,1884,-1450,48
2.9252,1900,1884,-1450,48
2.9256,1900,1883,-1450,40
2.9259,1900,1883,-1450,40
2.9262,1900,1883,-1450,40
2.9266,1900,1882,-1450,24
2.9269,1900,1882,-1450,24
2.9272,1900,1882,-1450,24
2.9276,1900,1881,-1450,-24
2.9279,1900,1881,-1450,-24
2.9283,1900,1881,-1450,-24
2.9286,1900,1880,-1050,-32
2.9289,1900,1880,-1050,-32
2.9292,1900,1880,-1050,-32
2.9296,1900,1880,-1050,-32
2.9299,1900,1880,-1050,-32
2.9302,1913,1879,-1050,-40
2.9309,1913,1879,-1050,-40
2.9312,1913,1879,-1050,-40
2.9315,1913,1878,-1050,-56
2.9319,1913,1878,-1050,-56
2.9322,1913,1878,-1050,-56
2.9325,1913,1878,-1050,-56
2.9329,1913,1878,-1050,-56
2.9332,1913,1878,-1050,-56
2.9335,1913,1877,-1050,-64
2.9339,1913,1877,-1050,-64
2.9342,1913,1877,-1050,-64
2.9346,1913,1876,-1050,-80
2.9349,1913,1876,-1050,-80
2.9353,1913,1876,-1050,-80
2.9356,1913,1875,-1050,-88
2.9359,1913,1875,-1050,-88
2.9363,1913,1875,-1050,-88
2.9366,1913,1875,-1050,-88
2.9370,1913,1875,-1050,-88
2.9373,1913,1875,-1050,-88
2.9376,1913,1875,-1050,-88
2.9380,1913,1875,-1050,-88
2.9383,1913,1875,-1050,-88
2.9386,1913,1874,-1050,-88
2.9390,1913,1874,-1050,-88
2.9393,1913,1874,-1050,-88
2.9396,1913,1874,-1050,-96
2.9400,1913,1874,-1050,-96
2.9403,1928,1873,-1050,-104
2.9409,1928,1873,-1050,-104
2.9413,1928,1873,-1050,-104
2.9416,1928,1873,-1050,-112
2.9420,1928,1873,-1050,-112
2.9423,1928,1873,-1050,-112
2.9426,1928,1873,-1050,-112
2.9430,1928,1873,-1050,-112
2.9433,1928,1873,-1050,-112
2.9436,1928,1872,-1050,-128
2.9440,1928,1872,-1050,-128
2.9443,1928,1872,-1050,-128
2.9446,1928,1872,-1050,-136
2.9450,1928,1872,-1050,-136
2.9453,1928,1872,-1050,-136
2.9457,1928,1872,-1050,-136
2.9460,1928,1872,-1050,-136
2.9463,1928,1872,-1050,-136
2.9467,1928,1872,-1050,-140
2.9470,1928,1872,-1050,-140
2.9473,1928,1872,-1050,-140
2.9477,1928,1872,-1050,-140
2.9480,1928,1872,-1050,-140
2.9483,1928,1872,-1050,-140
2.9487,1928,1872,-400,-148
2.9490,1928,1872,-400,-148
2.9493,1928,1872,-400,-148
2.9497,1928,1872,-400,-156
2.9500,1928,1872,-400,-156
2.9503,1944,1872,-400,-164
2.9509,1944,1872,-400,-164
2.9513,1944,1872,-400,-164
2.9516,1944,1871,-400,-172
2.9519,1944,1871,-400,-172
2.9523,1944,1871,-400,-172
2.9526,1944,1871,-400,-180
2.9529,1944,1871,-400,-180
2.9533,1944,1871,-400,-180
2.9536,1944,1871,-400,-188
2.9539,1944,1871,-400,-188
2.9543,1944,1871,-400,-188
2.9546,1944,1871,-400,-196
2.9549,1944,1871,-400,-196
2.9552,1944,1871,-400,-196
2.9556,1944,1871,-400,-204
2.9559,1944,1871,-400,-204
2.9563,1944,1871,-400,-204
2.9567,1944,1871,-400,-212
2.9570,1944,1871,-400,-212
2.9573,1944,1871,-400,-212
2.9577,1944,1871,-400,-220
2.9580,1944,1871,-400,-220
2.9583,1944,1871,-400,-220
2.9587,1944,1871,-400,-228
2.9590,1944,1871,-400,-228
2.9593,1944,1871,-400,-228
2.9597,1944,1871,-400,-236
2.9600,1944,1871,-400,-236
2.9603,1962,1871,-400,-244
2.9609,1962,1871,-400,-244
2.9613,1962,1871,-400,-244
2.9616,1962,1871,-400,-252
2.9620,1962,1871,-400,-252
2.9623,1962,1871,-400,-252
2.9626,1962,1871,-400,-260
2.9630,1962,1871,-400,-260
2.9633,1962,1871,-400,-260
2.9636,1962,1871,-400,-268
2.9640,1962,1871,-400,-268
2.9643,1962,1871,-400,-268
2.9646,1962,1871,-400,-276
2.9650,1962,1871,-400,-276
2.9653,1962,1871,-400,-276
2.9656,1962,1871,-400,-284
2.9660,1962,1871,-400,-284
2.9663,1962,1871,-400,-284
2.9666,1962,1871,-400,-300
2.9670,1962,1871,-400,-300
2.9673,1962,1871,-400,-300
2.9676,1962,1871,-400,-316
2.9680,1962,1871,-400,-316
2.9683,1962,1871,-400,-316
2.9687,1962,1872,0,-316
2.9690,1962,1872,0,-316
2.9693,1962,1872,0,-316
2.9696,1962,1872,0,-324
2.9700,1962,1872,0,-324
2.9703,1982,1873,0,-324
2.9709,1982,1873,0,-324
2.9713,1982,1873,0,-324
2.9716,1982,1873,0,-340
2.9720,1982,1873,0,-340
2.9723,1982,1874,0,-340
2.9726,1982,1874,0,-340
2.9730,1982,1874,0,-340
2.9733,1982,1874,0,-348
2.9736,1982,1874,0,-348
2.9740,1982,1874,0,-348
2.9743,1982,1875,0,-356
2.9746,1982,1875,0,-356
2.9750,1982,1875,0,-356
2.9753,1982,1875,0,-364
2.9756,1982,1875,0,-364
2.9760,1982,1875,0,-364
2.9763,1982,1876,0,-364
2.9767,1982,1876,0,-364
2.9770,1982,1876,0,-364
2.9774,1982,1877,0,-372
2.9777,1982,1877,0,-372
2.9781,1982,1877,0,-372
2.9784,1982,1877,0,-380
2.9788,1982,1877,0,-380
2.9792,1982,1877,0,-380
2.9795,1982,1878,0,-388
2.9798,1982,1878,0,-388
2.9802,2002,1879,0,-388
2.9808,2002,1879,0,-388
2.9812,2002,1879,0,-388
2.9815,2002,1879,0,-404
2.9818,2002,1879,0,-404
2.9822,2002,1879,0,-404
2.9825,2002,1880,0,-404
2.9828,2002,1880,0,-404
2.9832,2002,1880,0,-404
2.9835,2002,1881,0,-412
2.9838,2002,1881,0,-412
2.9842,2002,1881,0,-412
2.9845,2002,1882,0,-420
2.9848,2002,1882,0,-420
2.9852,2002,1882,0,-420
2.9855,2002,1882,0,-428
2.9858,2002,1882,0,-428
2.9861,2002,1882,0,-428
2.9865,2002,1883,0,-428
2.9868,2002,1883,0,-428
2.9872,2002,1884,0,-436
2.9876,2002,1884,0,-436
2.9879,2002,1884,0,-436
2.9883,2002,1885,650,-436
2.9886,2002,1885,650,-436
2.9889,2002,1885,650,-436
2.9892,2002,1886,650,-444
2.9896,2002,1886,650,-444
2.9899,2002,1886,650,-444
2.9902,2023,1887,650,-452
2.9908,2023,1887,650,-452
2.9911,2023,1887,650,-452
2.9915,2023,1888,650,-460
2.9918,2023,1888,650,-460
2.9921,2023,1888,650,-460
2.9925,2023,1889,650,-468
2.9928,2023,1889,650,-468
2.9931,2023,1889,650,-468
2.9935,2023,1890,650,-468
2.9938,2023,1890,650,-468
2.9942,2023,1890,650,-468
2.9945,2023,1891,650,-476
2.9948,2023,1891,650,-476
2.9952,2023,1891,650,-476
2.9955,2023,1892,650,-484
2.9958,2023,1892,650,-484
2.9961,2023,1892,650,-484
2.9965,2023,1894,650,-484
2.9968,2023,1894,650,-484
2.9971,2023,1894,650,-484
2.9975,2023,1895,650,-492
2.9978,2023,1895,650,-492
2.9982,2023,1895,650,-492
2.9985,2023,1896,650,-500
2.9988,2023,1896,650,-500
2.9992,2023,1896,650,-500
2.9995,2023,1897,650,-508
2.9998,2023,1897,650,-508
3.0002,2044,1898,650,-516
3.0008,2044,1898,650,-516
3.0012,2044,1898,650,-516
3.0015,2044,1900,650,-516
3.0018,2044,1900,650,-516
3.0022,2044,1901,650,-524
3.0025,2044,1901,650,-524
3.0028,2044,1901,650,-524
3.0032,2044,1902,650,-532
3.0035,2044,1902,650,-532
3.0038,2044,1902,650,-532
3.0042,2044,1903,650,-540
3.0045,2044,1903,650,-540
3.0048,2044,1903,650,-540
3.0052,2044,1904,650,-548
3.0055,2044,1904,650,-548
3.0058,2044,1904,650,-548
3.0062,2044,1906,650,-540
3.0065,2044,1906,650,-540
3.0068,2044,1906,650,-540
3.0071,2044,1907,650,-548
3.0075,2044,1907,650,-548
3.0078,2044,1907,650,-548
3.0082,2044,1908,1150,-556
3.0085,2044,1908,1150,-556
3.0089,2044,1908,1150,-556
3.0092,2044,1910,1150,-556
3.0095,2044,1910,1150,-556
3.0099,2044,1910,1150,-556
3.0102,2066,1912,1150,-556
3.0108,2066,1912,1150,-556
3.0112,2066,1913,1150,-564
3.0115,2066,1913,1150,-564
3.0118,2066,1913,1150,-564
3.0122,2066,1914,1150,-572
3.0125,2066,1914,1150,-572
3.0128,2066,1914,1150,-572
3.0132,2066,1916,1150,-572
3.0135,2066,1916,1150,-572
3.0138,2066,1916,1150,-572
3.0142,2066,1917,1150,-580
3.0145,2066,1917,1150,-580
3.0148,2066,1917,1150,-580
3.0152,2066,1919,1150,-580
3.0155,2066,1919,1150,-580
3.0158,2066,1919,1150,-580
3.0161,2066,1920,1150,-588
3.0165,2066,1920,1150,-588
3.0168,2066,1920,1150,-588
3.0172,2066,1922,1150,-588
3.0176,2066,1922,1150,-588
3.0180,2066,1922,1150,-588
3.0183,2066,1923,1150,-596
3.0187,2066,1923,1150,-596
3.0190,2066,1923,1150,-596
3.0194,2066,1925,1150,-596
3.0197,2066,1925,1150,-596
3.0200,2087,1926,1150,-600
3.0207,2087,1926,1150,-600
3.0210,2087,1926,1150,-600
3.0213,2087,1928,1150,-600
3.0217,2087,1928,1150,-600
3.0220,2087,1928,1150,-600
3.0223,2087,1930,1150,-600
3.0227,2087,1930,1150,-600
3.0230,2087,1930,1150,-600
3.0233,2087,1931,1150,-600
3.0237,2087,1931,1150,-600
3.0240,2087,1931,1150,-600
3.0243,2087,1933,1150,-600
3.0247,2087,1933,1150,-600
3.0250,2087,1933,1150,-600
3.0253,2087,1935,1150,-600
3.0257,2087,1935,1150,-600
3.0260,2087,1935,1150,-600
3.0263,2087,1937,1150,-588
3.0267,2087,1937,1150,-588
3.0270,2087,1937,1150,-588
3.0273,2087,1938,1150,-600
3.0277,2087,1938,1150,-600
3.0280,2087,1938,1150,-600
3.0283,2087,1940,1600,-600
3.0287,2087,1940,1600,-600
3.0290,2087,1940,1600,-600
3.0293,2087,1942,1600,-600
3.0296,2087,1942,1600,-600
3.0300,2087,1942,1600,-600
3.0303,2107,1944,1600,-600
3.0309,2107,1944,1600,-600
3.0313,2107,1945,1600,-600
3.0316,2107,1945,1600,-600
3.0319,2107,1945,1600,-600
3.0323,2107,1947,1600,-600
3.0326,2107,1947,1600,-600
3.0330,2107,1947,1600,-600
3.0333,2107,1949,1600,-600
3.0336,2107,1949,1600,-600
3.0340,2107,1949,1600,-600
3.0343,2107,1951,1600,-600
3.0347,2107,1951,1600,-600
3.0351,2107,1952,1600,-600
3.0354,2107,1952,1600,-600
3.0357,2107,1952,1600,-600
3.0361,2107,1955,1600,-600
3.0364,2107,1955,1600,-600
3.0368,2107,1955,1600,-600
3.0371,2107,1957,1600,-600
3.0375,2107,1957,1600,-600
3.0378,2107,1957,1600,-600
3.0381,2107,1959,1600,-600
3.0385,2107,1959,1600,-600
3.0388,2107,1959,1600,-600
3.0391,2107,1961,1600,-600
3.0395,2107,1961,1600,-600
3.0398,2107,1961,1600,-600
3.0401,2126,1963,1600,-600
3.0408,2126,1963,1600,-600
3.0411,2126,1964,1600,-600
3.0415,2126,1964,1600,-600
3.0418,2126,1964,1600,-600
3.0421,2126,1966,1600,-600
3.0425,2126,1966,1600,-600
3.0428,2126,1966,1600,-600
3.0431,2126,1968,1600,-600
3.0435,2126,1968,1600,-600
3.0438,2126,1968,1600,-600
3.0441,2126,1970,1600,-600
3.0445,2126,1970,1600,-600
3.0448,2126,1970,1600,-600
3.0452,2126,1972,1600,-600
3.0455,2126,1972,1600,-600
3.0458,2126,1972,1600,-600
3.0462,2126,1973,1600,-600
3.0465,2126,1973,1600,-600
3.0469,2126,1973,1600,-600
3.0472,2126,1975,1600,-600
3.0475,2126,1975,1600,-600
3.0478,2126,1975,1600,-600
3.0482,2126,1977,1850,-600
3.0485,2126,1977,1850,-600
3.0488,2126,1977,1850,-600
3.0491,2126,1979,1850,-600
3.0495,2126,1979,1850,-600
3.0498,2126,1979,1850,-600
3.0501,2145,1981,1850,-600
3.0508,2145,1981,1850,-600
3.0512,2145,1983,1850,-600
3.0515,2145,1983,1850,-600
3.0518,2145,1983,1850,-600
3.0521,2145,1985,1850,-600
3.0525,2145,1985,1850,-600
3.0528,2145,1985,1850,-600
3.0531,2145,1987,1850,-600
3.0535,2145,1987,1850,-600
3.0538,2145,1987,1850,-600
3.0541,2145,1989,1850,-600
3.0545,2145,1989,1850,-600
3.0548,2145,1989,1850,-600
3.0551,2145,1991,1850,-600
3.0555,2145,1991,1850,-600
3.0558,2145,1991,1850,-600
3.0562,2145,1993,1850,-600
3.0565,2145,1993,1850,-600
3.0569,2145,1993,1850,-600
3.0572,2145,1995,1850,-600
3.0575,2145,1995,1850,-600
3.0579,2145,1995,1850,-600
3.0582,2145,1997,1850,-600
3.0585,2145,1997,1850,-600
3.0588,2145,1997,1850,-600
3.0592,2145,1999,1850,-600
3.0595,2145,1999,1850,-600
3.0598,2145,1999,1850,-600
3.0601,2161,2001,1850,-600
3.0608,2161,2001,1850,-600
3.0611,2161,2003,1850,-600
3.0615,2161,2003,1850,-600
3.0618,2161,2003,1850,-600
3.0622,2161,2005,1850,-600
3.0625,2161,2005,1850,-600
3.0629,2161,2007,1850,-600
3.0632,2161,2007,1850,-600
3.0635,2161,2007,1850,-600
3.0639,2161,2010,1850,-600
3.0642,2161,2010,1850,-600
3.0645,2161,2010,1850,-600
3.0648,2161,2010,1850,-600
3.0652,2161,2012,1850,-600
3.0655,2161,2012,1850,-600
3.0658,2161,2013,1850,-592
3.0662,2161,2013,1850,-592
3.0665,2161,2013,1850,-592
3.0668,2161,2015,1850,-592
3.0672,2161,2015,1850,-592
3.0675,2161,2015,1850,-592
3.0678,2161,2018,2050,-584
3.0682,2161,2018,2050,-584
3.0685,2161,2018,2050,-584
3.0688,2161,2020,2050,-584
3.0692,2161,2020,2050,-584
3.0695,2161,2020,2050,-584
3.0698,2161,2022,2050,-584
3.0702,2176,2022,2050,-584
3.0708,2176,2024,2050,-584
3.0711,2176,2024,2050,-584
3.0715,2176,2024,2050,-584
3.0718,2176,2026,2050,-584
3.0721,2176,2026,2050,-584
3.0725,2176,2026,2050,-584
3.0728,2176,2028,2050,-576
3.0732,2176,2028,2050,-576
3.0735,2176,2028,2050,-576
3.0739,2176,2030,2050,-576
3.0742,2176,2030,2050,-576
3.0745,2176,2030,2050,-576
3.0749,2176,2032,2050,-576
3.0752,2176,2032,2050,-576
3.0755,2176,2032,2050,-576
3.0758,2176,2034,2050,-576
3.0762,2176,2034,2050,-576
3.0765,2176,2034,2050,-576
3.0769,2176,2036,2050,-576
3.0772,2176,2036,2050,-576
3.0775,2176,2036,2050,-576
3.0778,2176,2038,2050,-576
3.0782,2176,2038,2050,-576
3.0785,2176,2038,2050,-576
3.0788,2176,2040,2050,-576
3.0792,2176,2040,2050,-576
3.0795,2176,2040,2050,-576
3.0798,2176,2043,2050,-568
3.0802,2188,2043,2050,-568
3.0808,2188,2045,2050,-568
3.0812,2188,2045,2050,-568
3.0815,2188,2045,2050,-568
3.0818,2188,2046,2050,-576
3.0821,2188,2046,2050,-576
3.0825,2188,2046,2050,-576
3.0828,2188,2049,2050,-560
3.0832,2188,2049,2050,-560
3.0835,2188,2049,2050,-560
3.0838,2188,2051,2050,-560
3.0842,2188,2051,2050,-560
3.0845,2188,2051,2050,-560
3.0848,2188,2053,2050,-560
3.0852,2188,2053,2050,-560
3.0855,2188,2053,2050,-560
3.0858,2188,2055,2050,-544
3.0862,2188,2055,2050,-544
3.0865,2188,2055,2050,-544
3.0868,2188,2057,2050,-544
3.0872,2188,2057,2050,-544
3.0875,2188,2057,2050,-544
3.0878,2188,2060,2100,-536
3.0881,2188,2060,2100,-536
3.0885,2188,2060,2100,-536
3.0888,2188,2062,2100,-528
3.0891,2188,2062,2100,-528
3.0895,2188,2062,2100,-528
3.0898,2188,2063,2100,-536
3.0902,2199,2063,2100,-536
3.0908,2199,2065,2100,-536
3.0912,2199,2065,2100,-536
3.0915,2199,2065,2100,-536
3.0919,2199,2067,2100,-528
3.0922,2199,2067,2100,-528
3.0926,2199,2067,2100,-528
3.0929,2199,2069,2100,-528
3.0933,2199,2069,2100,-528
3.0936,2199,2069,2100,-528
3.0939,2199,2071,2100,-528
3.0943,2199,2071,2100,-528
3.0946,2199,2071,2100,-528
3.0949,2199,2073,2100,-528
3.0953,2199,2073,2100,-528
3.0956,2199,2073,2100,-528
3.0960,2199,2076,2100,-512
3.0963,2199,2076,2100,-512
3.0966,2199,2076,2100,-512
3.0970,2199,2077,2100,-520
3.0973,2199,2077,2100,-520
3.0977,2199,2077,2100,-520
3.0980,2199,2079,2100,-520
3.0983,2199,2079,2100,-520
3.0987,2199,2082,2100,-512
3.0990,2199,2082,2100,-512
3.0993,2199,2082,2100,-512
3.0997,2199,2084,2100,-504
3.1000,2199,2084,2100,-504
3.1003,2207,2084,2100,-504
3.1010,2207,2085,2100,-512
3.1013,2207,2085,2100,-512
3.1016,2207,2085,2100,-512
3.1020,2207,2088,2100,-496
3.1023,2207,2088,2100,-496
3.1026,2207,2088,2100,-496
3.1029,2207,2090,2100,-496
3.1033,2207,2090,2100,-496
3.1036,2207,2090,2100,-496
3.1040,2207,2091,2100,-504
3.1043,2207,2091,2100,-504
3.1046,2207,2091,2100,-504
3.1050,2207,2093,2100,-496
3.1053,2207,2093,2100,-496
3.1056,2207,2093,2100,-496
3.1060,2207,2095,2100,-488
3.1063,2207,2095,2100,-488
3.1066,2207,2097,2100,-488
3.1070,2207,2097,2100,-488
3.1073,2207,2097,2100,-488
3.1076,2207,2099,1950,-480
3.1080,2207,2099,1950,-480
3.1083,2207,2099,1950,-480
3.1086,2207,2101,1950,-480
3.1090,2207,2101,1950,-480
3.1093,2207,2101,1950,-480
3.1096,2207,2103,1950,-472
3.1099,2207,2103,1950,-472
3.1103,2212,2103,1950,-472
3.1109,2212,2105,1950,-472
3.1112,2212,2105,1950,-472
3.1116,2212,2105,1950,-472
3.1119,2212,2107,1950,-464
3.1122,2212,2107,1950,-464
3.1126,2212,2107,1950,-464
3.1129,2212,2110,1950,-456
3.1132,2212,2110,1950,-456
3.1136,2212,2110,1950,-456
3.1139,2212,2111,1950,-456
3.1142,2212,2111,1950,-456
3.1146,2212,2111,1950,-456
3.1149,2212,2113,1950,-456
3.1152,2212,2113,1950,-456
3.1155,2212,2113,1950,-456
3.1159,2212,2115,1950,-448
3.1162,2212,2115,1950,-448
3.1166,2212,2117,1950,-440
3.1171,2212,2117,1950,-440
3.1174,2212,2117,1950,-440
3.1178,2212,2118,1950,-448
3.1181,2212,2118,1950,-448
3.1185,2212,2118,1950,-448
3.1188,2212,2120,1950,-440
3.1191,2212,2120,1950,-440
3.1195,2212,2120,1950,-440
3.1199,2212,2122,1950,-432
3.1202,2214,2122,1950,-432
3.1208,2214,2124,1950,-432
3.1212,2214,2124,1950,-432
3.1215,2214,2124,1950,-432
3.1218,2214,2126,1950,-424
3.1222,2214,2126,1950,-424
3.1225,2214,2126,1950,-424
3.1228,2214,2128,1950,-416
3.1232,2214,2128,1950,-416
3.1235,2214,2128,1950,-416
3.1238,2214,2130,1950,-416
3.1242,2214,2130,1950,-416
3.1245,2214,2130,1950,-416
3.1248,2214,2131,1950,-416
3.1251,2214,2131,1950,-416
3.1255,2214,2131,1950,-416
3.1258,2214,2133,1950,-392
3.1262,2214,2133,1950,-392
3.1265,2214,2133,1950,-392
3.1268,2214,2135,1950,-384
3.1272,2214,2135,1950,-384
3.1275,2214,2135,1950,-384
3.1278,2214,2137,1900,-376
3.1282,2214,2137,1900,-376
3.1285,2214,2139,1900,-376
3.1288,2214,2139,1900,-376
3.1292,2214,2139,1900,-376
3.1295,2214,2140,1900,-376
3.1298,2214,2140,1900,-376
3.1302,2214,2140,1900,-376
3.1308,2214,2142,1900,-368
3.1311,2214,2142,1900,-368
3.1315,2214,2142,1900,-368
3.1318,2214,2144,1900,-360
3.1321,2214,2144,1900,-360
3.1325,2214,2146,1900,-352
3.1328,2214,2146,1900,-352
3.1332,2214,2146,1900,-352
3.1335,2214,2147,1900,-352
3.1338,2214,2147,1900,-352
3.1342,2214,2147,1900,-352
3.1345,2214,2149,1900,-344
3.1348,2214,2149,1900,-344
3.1351,2214,2149,1900,-344
3.1355,2214,2151,1900,-336
3.1358,2214,2151,1900,-336
3.1361,2214,2151,1900,-336
3.1365,2214,2151,1900,-336
3.1368,2214,2153,1900,-328
3.1371,2214,2153,1900,-328
3.1375,2214,2154,1900,-328
3.1379,2214,2154,1900,-328
3.1382,2214,2154,1900,-328
3.1386,2214,2156,1900,-320
3.1389,2214,2156,1900,-320
3.1392,2214,2156,1900,-320
3.1396,2214,2158,1900,-312
3.1399,2214,2158,1900,-312
3.1402,2212,2159,1900,-304
3.1408,2212,2159,1900,-304
3.1412,2212,2159,1900,-304
3.1415,2212,2161,1900,-296
3.1418,2212,2161,1900,-296
3.1422,2212,2161,1900,-296
3.1425,2212,2162,1900,-296
3.1428,2212,2162,1900,-296
3.1431,2212,2162,1900,-296
3.1435,2212,2164,1900,-288
3.1438,2212,2164,1900,-288
3.1441,2212,2164,1900,-288
3.1445,2212,2165,1900,-280
3.1448,2212,2165,1900,-280
3.1451,2212,2165,1900,-280
3.1455,2212,2167,1900,-252
3.1458,2212,2167,1900,-252
3.1461,2212,2167,1900,-252
3.1465,2212,2168,1900,-252
3.1468,2212,2168,1900,-252
3.1471,2212,2168,1900,-252
3.1475,2212,2170,1650,-244
3.1478,2212,2170,1650,-244
3.1482,2212,2170,1650,-244
3.1485,2212,2171,1650,-236
3.1488,2212,2171,1650,-236
3.1492,2212,2171,1650,-236
3.1495,2212,2173,1650,-228
3.1498,2212,2173,1650,-228
3.1502,2206,2174,1650,-220
3.1508,2206,2174,1650,-220
3.1511,2206,2174,1650,-220
3.1515,2206,2176,1650,-212
3.1518,2206,2176,1650,-212
3.1521,2206,2176,1650,-212
3.1525,2206,2177,1650,-204
3.1528,2206,2177,1650,-204
3.1531,2206,2177,1650,-204
3.1535,2206,2178,1650,-204
3.1538,2206,2178,1650,-204
3.1542,2206,2178,1650,-204
3.1545,2206,2180,1650,-188
3.1548,2206,2180,1650,-188
3.1552,2206,2180,1650,-188
3.1555,2206,2181,1650,-188
3.1558,2206,2181,1650,-188
3.1562,2206,2181,1650,-188
3.1565,2206,2183,1650,-172
3.1568,2206,2183,1650,-172
3.1572,2206,2183,1650,-172
3.1575,2206,2184,1650,-172
3.1578,2206,2184,1650,-172
3.1582,2206,2184,1650,-172
3.1585,2206,2185,1650,-164
3.1588,2206,2185,1650,-164
3.1592,2206,2185,1650,-164
3.1595,2206,2186,1650,-156
3.1598,2206,2186,1650,-156
3.1602,2198,2188,1650,-148
3.1608,2198,2188,1650,-148
3.1612,2198,2188,1650,-148
3.1615,2198,2189,1650,-140
3.1618,2198,2189,1650,-140
3.1622,2198,2189,1650,-140
3.1625,2198,2190,1650,-132
3.1628,2198,2190,1650,-132
3.1632,2198,2190,1650,-132
3.1635,2198,2191,1650,-132
3.1638,2198,2191,1650,-132
3.1642,2198,2191,1650,-132
3.1645,2198,2192,1650,-124
3.1648,2198,2192,1650,-124
3.1652,2198,2192,1650,-124
3.1655,2198,2193,1650,-108
3.1658,2198,2193,1650,-108
3.1661,2198,2193,1650,-108
3.1665,2198,2194,1650,-100
3.1668,2198,2194,1650,-100
3.1671,2198,2194,1650,-100
3.1675,2198,2195,1250,-92
3.1678,2198,2195,1250,-92
3.1682,2198,2195,1250,-92
3.1685,2198,2196,1250,-84
3.1688,2198,2196,1250,-84
3.1692,2198,2196,1250,-84
3.1695,2198,2198,1250,-76
3.1698,2198,2198,1250,-76
3.1702,2188,2199,1250,-68
3.1708,2188,2199,1250,-68
3.1712,2188,2199,1250,-68
3.1715,2188,2200,1250,-60
3.1718,2188,2200,1250,-60
3.1722,2188,2200,1250,-60
3.1725,2188,2201,1250,-52
3.1728,2188,2201,1250,-52
3.1732,2188,2201,1250,-52
3.1735,2188,2202,1250,-44
3.1738,2188,2202,1250,-44
3.1742,2188,2202,1250,-44
3.1745,2188,2203,1250,-28
3.1749,2188,2203,1250,-28
3.1752,2188,2203,1250,-28
3.1755,2188,2204,1250,-20
3.1759,2188,2204,1250,-20
3.1762,2188,2204,1250,-20
3.1765,2188,2204,1250,-20
3.1769,2188,2204,1250,-20
3.1772,2188,2204,1250,-20
3.1776,2188,2205,1250,20
3.1779,2188,2205,1250,20
3.1782,2188,2205,1250,20
3.1785,2188,2206,1250,28
3.1789,2188,2206,1250,28
3.1792,2188,2206,1250,28
3.1796,2188,2206,1250,28
3.1799,2188,2206,1250,28
3.1803,2175,2207,1250,44
3.1809,2175,2207,1250,44
3.1812,2175,2208,1250,52
3.1816,2175,2208,1250,52
3.1819,2175,2208,1250,52
3.1823,2175,2209,1250,60
3.1826,2175,2209,1250,60
3.1829,2175,2209,1250,60
3.1833,2175,2209,1250,68
3.1836,2175,2209,1250,68
3.1839,2175,2209,1250,68
3.1843,2175,2210,1250,76
3.1846,2175,2210,1250,76
3.1849,2175,2210,1250,76
3.1852,2175,2210,1250,84
3.1856,2175,2210,1250,84
3.1859,2175,2210,1250,84
3.1862,2175,2211,1250,92
3.1866,2175,2211,1250,92
3.1869,2175,2211,1250,92
3.1872,2175,2211,800,92
3.1875,2175,2211,800,92
3.1879,2175,2211,800,92
3.1882,2175,2211,800,92
3.1885,2175,2211,800,92
3.1889,2175,2211,800,92
3.1892,2175,2212,800,100
3.1895,2175,2212,800,100
3.1899,2175,2212,800,100
3.1902,2161,2212,800,108
3.1909,2161,2212,800,108
3.1912,2161,2213,800,116
3.1915,2161,2213,800,116
3.1919,2161,2213,800,116
3.1922,2161,2213,800,116
3.1925,2161,2213,800,124
3.1928,2161,2213,800,124
3.1932,2161,2213,800,124
3.1935,2161,2213,800,124
3.1938,2161,2213,800,124
3.1942,2161,2213,800,132
3.1945,2161,2213,800,132
3.1948,2161,2213,800,132
3.1952,2161,2214,800,148
3.1955,2161,2214,800,148
3.1959,2161,2214,800,148
3.1962,2161,2214,800,148
3.1966,2161,2214,800,148
3.1969,2161,2214,800,148
3.1972,2161,2214,800,156
3.1976,2161,2214,800,156
3.1979,2161,2214,800,156
3.1983,2161,2214,800,164
3.1986,2161,2214,800,164
3.1989,2161,2214,800,164
3.1992,2161,2214,800,164
3.1996,2161,2214,800,164
3.1999,2161,2214,800,164
3.2003,2144,2214,800,172
3.2009,2144,2214,800,172
3.2012,2144,2214,800,180
3.2015,2144,2214,800,180
3.2019,2144,2214,800,180
3.2022,2144,2214,800,188
3.2026,2144,2214,800,188
3.2029,2144,2214,800,188
3.2032,2144,2214,800,196
3.2036,2144,2214,800,196
3.2039,2144,2214,800,196
3.2042,2144,2214,800,196
3.2046,2144,2214,800,196
3.2049,2144,2214,800,196
3.2052,2144,2214,800,188
3.2056,2144,2214,800,188
3.2059,2144,2214,800,188
3.2062,2144,2214,800,196
3.2066,2144,2214,800,196
3.2069,2144,2214,800,196
3.2072,2144,2214,150,204
3.2075,2144,2214,150,204
3.2079,2144,2214,150,204
3.2082,2144,2214,150,212
3.2086,2144,2214,150,212
3.2089,2144,2214,150,212
3.2092,2144,2214,150,220
3.2096,2144,2214,150,220
3.2099,2144,2214,150,220
3.2102,2126,2214,150,228
3.2109,2126,2214,150,228
3.2112,2126,2214,150,236
3.2115,2126,2214,150,236
3.2119,2126,2214,150,236
3.2122,2126,2214,150,244
3.2126,2126,2214,150,244
3.2129,2126,2214,150,244
3.2132,2126,2214,150,252
3.2136,2126,2214,150,252
3.2139,2126,2214,150,252
3.2142,2126,2214,150,260
3.2146,2126,2214,150,260
3.2149,2126,2214,150,260
3.2152,2126,2214,150,276
3.2156,2126,2214,150,276
3.2159,2126,2214,150,276
3.2162,2126,2214,150,284
3.2166,2126,2214,150,284
3.2169,2126,2214,150,284
3.2172,2126,2214,150,292
3.2176,2126,2214,150,292
3.2179,2126,2214,150,292
3.2182,2126,2213,150,292
3.2186,2126,2213,150,292
3.2189,2126,2213,150,292
3.2192,2126,2213,150,300
3.2196,2126,2213,150,300
3.2199,2126,2213,150,300
3.2202,2106,2212,150,308
3.2209,2106,2212,150,308
3.2212,2106,2212,150,316
3.2216,2106,2212,150,316
3.2220,2106,2212,150,316
3.2224,2106,2212,150,324
3.2227,2106,2212,150,324
3.2230,2106,2212,150,324
3.2234,2106,2211,150,332
3.2237,2106,2211,150,332
3.2240,2106,2211,150,332
3.2243,2106,2211,150,340
3.2247,2106,2211,150,340
3.2250,2106,2210,150,356
3.2254,2106,2210,150,356
3.2257,2106,2210,150,356
3.2261,2106,2209,150,364
3.2264,2106,2209,150,364
3.2268,2106,2209,150,364
3.2272,2106,2208,-300,364
3.2275,2106,2208,-300,364
3.2279,2106,2208,-300,364
3.2282,2106,2208,-300,380
3.2285,2106,2208,-300,380
3.2289,2106,2208,-300,380
3.2292,2106,2207,-300,380
3.2295,2106,2207,-300,380
3.2298,2106,2207,-300,380
3.2302,2086,2206,-300,388
3.2308,2086,2206,-300,388
3.2311,2086,2206,-300,396
3.2315,2086,2206,-300,396
3.2318,2086,2206,-300,396
3.2321,2086,2205,-300,404
3.2325,2086,2205,-300,404
3.2328,2086,2205,-300,404
3.2331,2086,2204,-300,404
3.2335,2086,2204,-300,404
3.2338,2086,2204,-300,404
3.2341,2086,2203,-300,412
3.2345,2086,2203,-300,412
3.2348,2086,2203,-300,412
3.2352,2086,2202,-300,420
3.2355,2086,2202,-300,420
3.2358,2086,2202,-300,420
3.2362,2086,2201,-300,420
3.2365,2086,2201,-300,420
3.2368,2086,2201,-300,420
3.2372,2086,2201,-300,436
3.2375,2086,2201,-300,436
3.2378,2086,2201,-300,436
3.2381,2086,2200,-300,444
3.2385,2086,2200,-300,444
3.2388,2086,2200,-300,444
3.2392,2086,2199,-300,452
3.2395,2086,2199,-300,452
3.2398,2086,2199,-300,452
3.2401,2065,2198,-300,452
3.2408,2065,2198,-300,452
3.2411,2065,2197,-300,460
3.2415,2065,2197,-300,460
3.2418,2065,2197,-300,460
3.2422,2065,2196,-300,468
3.2425,2065,2196,-300,468
3.2428,2065,2196,-300,468
3.2432,2065,2195,-300,476
3.2435,2065,2195,-300,476
3.2438,2065,2195,-300,476
3.2442,2065,2194,-300,484
3.2445,2065,2194,-300,484
3.2448,2065,2194,-300,484
3.2452,2065,2192,-300,472
3.2455,2065,2192,-300,472
3.2458,2065,2192,-300,472
3.2462,2065,2191,-300,480
3.2465,2065,2191,-300,480
3.2468,2065,2191,-300,480
3.2472,2065,2190,-900,488
3.2475,2065,2190,-900,488
3.2478,2065,2190,-900,488
3.2482,2065,2189,-900,488
3.2485,2065,2189,-900,488
3.2488,2065,2189,-900,488
3.2492,2065,2188,-900,496
3.2495,2065,2188,-900,496
3.2498,2065,2188,-900,496
3.2502,2044,2187,-900,504
3.2508,2044,2187,-900,504
3.2511,2044,2186,-900,512
3.2515,2044,2186,-900,512
3.2518,2044,2186,-900,512
3.2521,2044,2184,-900,512
3.2525,2044,2184,-900,512
3.2528,2044,2184,-900,512
3.2532,2044,2183,-900,520
3.2535,2044,2183,-900,520
3.2538,2044,2183,-900,520
3.2542,2044,2182,-900,528
3.2545,2044,2182,-900,528
3.2548,2044,2182,-900,528
3.2552,2044,2181,-900,536
3.2555,2044,2181,-900,536
3.2558,2044,2181,-900,536
3.2562,2044,2179,-900,536
3.2565,2044,2179,-900,536
3.2568,2044,2179,-900,536
3.2572,2044,2178,-900,544
3.2575,2044,2178,-900,544
3.2578,2044,2178,-900,544
3.2582,2044,2177,-900,552
3.2585,2044,2177,-900,552
3.2589,2044,2175,-900,552
3.2592,2044,2175,-900,552
3.2595,2044,2175,-900,552
3.2599,2044,2174,-900,560
3.2602,2022,2174,-900,560
3.2608,2022,2172,-900,560
3.2612,2022,2172,-900,560
3.2615,2022,2172,-900,560
3.2618,2022,2171,-900,568
3.2622,2022,2171,-900,568
3.2625,2022,2171,-900,568
3.2628,2022,2170,-900,576
3.2632,2022,2170,-900,576
3.2635,2022,2170,-900,576
3.2639,2022,2168,-900,576
3.2642,2022,2168,-900,576
3.2645,2022,2168,-900,576
3.2649,2022,2167,-900,576
3.2652,2022,2167,-900,576
3.2655,2022,2167,-900,576
3.2659,2022,2165,-900,576
3.2662,2022,2165,-900,576
3.2665,2022,2165,-900,576
3.2668,2022,2164,-1300,584
3.2672,2022,2164,-1300,584
3.2675,2022,2164,-1300,584
3.2679,2022,2162,-1300,584
3.2682,2022,2162,-1300,584
3.2685,2022,2162,-1300,584
3.2689,2022,2160,-1300,584
3.2692,2022,2160,-1300,584
3.2695,2022,2160,-1300,584
3.2699,2022,2159,-1300,592
3.2702,2001,2159,-1300,592
3.2708,2001,2157,-1300,592
3.2712,2001,2157,-1300,592
3.2715,2001,2157,-1300,592
3.2718,2001,2156,-1300,600
3.2722,2001,2156,-1300,600
3.2725,2001,2156,-1300,600
3.2728,2001,2154,-1300,600
3.2732,2001,2154,-1300,600
3.2735,2001,2154,-1300,600
3.2738,2001,2152,-1300,600
3.2742,2001,2152,-1300,600
3.2745,2001,2152,-1300,600
3.2749,2001,2150,-1300,600
3.2752,2001,2150,-1300,600
3.2756,2001,2150,-1300,600
3.2759,2001,2149,-1300,600
3.2763,2001,2149,-1300,600
3.2766,2001,2149,-1300,600
3.2769,2001,2147,-1300,600
3.2773,2001,2147,-1300,600
3.2776,2001,2147,-1300,600
3.2779,2001,2145,-1300,600
3.2783,2001,2145,-1300,600
3.2786,2001,2145,-1300,600
3.2789,2001,2144,-1300,600
3.2793,2001,2144,-1300,600
3.2796,2001,2144,-1300,600
3.2799,2001,2142,-1300,600
3.2803,1981,2142,-1300,600
3.2809,1981,2140,-1300,600
3.2812,1981,2140,-1300,600
3.2816,1981,2140,-1300,600
3.2819,1981,2138,-1300,600
3.2822,1981,2138,-1300,600
3.2826,1981,2138,-1300,600
3.2829,1981,2136,-1300,600
3.2832,1981,2136,-1300,600
3.2835,1981,2136,-1300,600
3.2839,1981,2134,-1300,600
3.2842,1981,2134,-1300,600
3.2845,1981,2134,-1300,600
3.2849,1981,2132,-1300,580
3.2852,1981,2132,-1300,580
3.2856,1981,2132,-1300,580
3.2859,1981,2131,-1300,588
3.2862,1981,2131,-1300,588
3.2866,1981,2131,-1300,588
3.2869,1981,2129,-1750,588
3.2872,1981,2129,-1750,588
3.2875,1981,2129,-1750,588
3.2879,1981,2127,-1750,588
3.2882,1981,2127,-1750,588
3.2885,1981,2127,-1750,588
3.2889,1981,2125,-1750,588
3.2892,1981,2125,-1750,588
3.2895,1981,2125,-1750,588
3.2899,1981,2123,-1750,588
3.2902,1961,2123,-1750,588
3.2908,1961,2121,-1750,588
3.2912,1961,2121,-1750,588
3.2915,1961,2121,-1750,588
3.2918,1961,2119,-1750,588
3.2922,1961,2119,-1750,588
3.2925,1961,2119,-1750,588
3.2929,1961,2118,-1750,596
3.2932,1961,2118,-1750,596
3.2935,1961,2118,-1750,596
3.2938,1961,2116,-1750,596
3.2942,1961,2116,-1750,596
3.2945,1961,2116,-1750,596
3.2948,1961,2113,-1750,588
3.2951,1961,2113,-1750,588
3.2955,1961,2113,-1750,588
3.2958,1961,2112,-1750,596
3.2962,1961,2112,-1750,596
3.2965,1961,2112,-1750,596
3.2968,1961,2110,-1750,596
3.2971,1961,2110,-1750,596
3.2975,1961,2110,-1750,596
3.2978,1961,2108,-1750,596
3.2981,1961,2108,-1750,596
3.2985,1961,2108,-1750,596
3.2988,1961,2106,-1750,596
3.2991,1961,2106,-1750,596
3.2995,1961,2106,-1750,596
3.2998,1961,2104,-1750,596
3.3001,1943,2104,-1750,596
3.3008,1943,2102,-1750,596
3.3011,1943,2102,-1750,596
3.3015,1943,2102,-1750,596
3.3018,1943,2100,-1750,596
3.3021,1943,2100,-1750,596
3.3025,1943,2100,-1750,596
3.3028,1943,2098,-1750,596
3.3031,1943,2098,-1750,596
3.3035,1943,2098,-1750,596
3.3038,1943,2096,-1750,596
3.3041,1943,2096,-1750,596
3.3045,1943,2096,-1750,596
3.3048,1943,2094,-1750,584
3.3051,1943,2094,-1750,584
3.3055,1943,2094,-1750,584
3.3058,1943,2092,-1750,584
3.3062,1943,2092,-1750,584
3.3065,1943,2092,-1750,584
3.3068,1943,2090,-1950,584
3.3072,1943,2090,-1950,584
3.3075,1943,2090,-1950,584
3.3078,1943,2088,-1950,584
3.3081,1943,2088,-1950,584
3.3085,1943,2088,-1950,584
3.3088,1943,2086,-1950,584
3.3091,1943,2086,-1950,584
3.3095,1943,2086,-1950,584
3.3098,1943,2084,-1950,584
3.3101,1927,2084,-1950,584
3.3108,1927,2082,-1950,584
3.3111,1927,2082,-1950,584
3.3115,1927,2082,-1950,584
3.3118,1927,2080,-1950,584
3.3121,1927,2080,-1950,584
3.3125,1927,2080,-1950,584
3.3128,1927,2078,-1950,584
3.3132,1927,2078,-1950,584
3.3135,1927,2078,-1950,584
3.3138,1927,2076,-1950,584
3.3142,1927,2076,-1950,584
3.3145,1927,2076,-1950,584
3.3148,1927,2074,-1950,584
3.3152,1927,2074,-1950,584
3.3155,1927,2074,-1950,584
3.3158,1927,2072,-1950,584
3.3162,1927,2072,-1950,584
3.3165,1927,2072,-1950,584
3.3168,1927,2070,-1950,584
3.3172,1927,2070,-1950,584
3.3175,1927,2068,-1950,584
3.3179,1927,2068,-1950,584
3.3182,1927,2068,-1950,584
3.3186,1927,2066,-1950,584
3.3189,1927,2066,-1950,584
3.3192,1927,2066,-1950,584
3.3196,1927,2064,-1950,584
3.3199,1927,2064,-1950,584
3.3202,1912,2062,-1950,584
3.3209,1912,2062,-1950,584
3.3212,1912,2062,-1950,584
3.3215,1912,2060,-1950,576
3.3219,1912,2060,-1950,576
3.3222,1912,2060,-1950,576
3.3225,1912,2057,-1950,568
3.3229,1912,2057,-1950,568
3.3232,1912,2057,-1950,568
3.3235,1912,2055,-1950,568
3.3239,1912,2055,-1950,568
3.3242,1912,2055,-1950,568
3.3245,1912,2054,-1950,564
3.3249,1912,2054,-1950,564
3.3252,1912,2054,-1950,564
3.3255,1912,2052,-1950,564
3.3259,1912,2052,-1950,564
3.3262,1912,2052,-1950,564
3.3265,1912,2049,-2050,556
3.3269,1912,2049,-2050,556
3.3272,1912,2049,-2050,556
3.3275,1912,2047,-2050,556
3.3278,1912,2047,-2050,556
3.3282,1912,2047,-2050,556
3.3285,1912,2045,-2050,556
3.3288,1912,2045,-2050,556
3.3292,1912,2045,-2050,556
3.3295,1912,2043,-2050,556
3.3298,1912,2043,-2050,556
3.3302,1900,2043,-2050,556
3.3308,1900,2041,-2050,548
3.3312,1900,2041,-2050,548
3.3315,1900,2039,-2050,548
3.3318,1900,2039,-2050,548
3.3321,1900,2039,-2050,548
3.3325,1900,2037,-2050,548
3.3328,1900,2037,-2050,548
3.3331,1900,2037,-2050,548
3.3335,1900,2035,-2050,548
3.3338,1900,2035,-2050,548
3.3342,1900,2035,-2050,548
3.3345,1900,2033,-2050,548
3.3348,1900,2033,-2050,548
3.3352,1900,2033,-2050,548
3.3355,1900,2031,-2050,548
3.3359,1900,2031,-2050,548
3.3362,1900,2031,-2050,548
3.3365,1900,2029,-2050,548
3.3368,1900,2029,-2050,548
3.3372,1900,2029,-2050,548
3.3375,1900,2027,-2050,540
3.3379,1900,2027,-2050,540
3.3382,1900,2027,-2050,540
3.3385,1900,2025,-2050,540
3.3389,1900,2025,-2050,540
3.3392,1900,2025,-2050,540
3.3395,1900,2023,-2050,540
3.3399,1900,2023,-2050,540
3.3402,1889,2021,-2050,532
3.3409,1889,2021,-2050,532
3.3412,1889,2021,-2050,532
3.3415,1889,2019,-2050,532
3.3419,1889,2019,-2050,532
3.3422,1889,2019,-2050,532
3.3425,1889,2017,-2050,532
3.3429,1889,2017,-2050,532
3.3432,1889,2017,-2050,532
3.3436,1889,2014,-2050,524
3.3439,1889,2014,-2050,524
3.3442,1889,2014,-2050,524
3.3446,1889,2012,-2050,496
3.3449,1889,2012,-2050,496
3.3452,1889,2012,-2050,496
3.3456,1889,2010,-2050,496
3.3459,1889,2010,-2050,496
3.3462,1889,2010,-2050,496
3.3466,1889,2008,-2050,496
3.3469,1889,2008,-2050,496
3.3472,1889,2008,-2050,496
3.3476,1889,2006,-2050,496
3.3479,1889,2006,-2050,496
3.3483,1889,2006,-2050,496
3.3486,1889,2005,-2050,496
3.3490,1889,2005,-2050,496
3.3494,1889,2003,-2050,496
3.3498,1889,2003,-2050,496
3.3502,1882,2001,-2050,488
3.3508,1882,2001,-2050,488
3.3512,1882,2001,-2050,488
3.3515,1882,1999,-2050,488
3.3518,1882,1999,-2050,488
3.3522,1882,1999,-2050,488
3.3525,1882,1997,-2050,488
3.3529,1882,1997,-2050,488
3.3532,1882,1997,-2050,488
3.3535,1882,1995,-2050,480
3.3539,1882,1995,-2050,480
3.3542,1882,1995,-2050,480
3.3546,1882,1993,-2050,480
3.3550,1882,1993,-2050,480
3.3553,1882,1993,-2050,480
3.3556,1882,1991,-2050,480
3.3560,1882,1991,-2050,480
3.3563,1882,1991,-2050,480
3.3566,1882,1989,-2050,472
3.3569,1882,1989,-2050,472
3.3573,1882,1989,-2050,472
3.3576,1882,1987,-2050,472
3.3580,1882,1987,-2050,472
3.3583,1882,1987,-2050,472
3.3586,1882,1985,-2050,464
3.3590,1882,1985,-2050,464
3.3593,1882,1985,-2050,464
3.3596,1882,1983,-2050,464
3.3599,1882,1983,-2050,464
3.3603,1876,1981,-2050,456
3.3609,1876,1981,-2050,456
3.3612,1876,1981,-2050,456
3.3616,1876,1980,-2050,456
3.3619,1876,1980,-2050,456
3.3622,1876,1980,-2050,456
3.3625,1876,1978,-2050,456
3.3629,1876,1978,-2050,456
3.3632,1876,1978,-2050,456
3.3635,1876,1976,-2050,456
3.3639,1876,1976,-2050,456
3.3642,1876,1976,-2050,456
3.3645,1876,1974,-2050,448
3.3649,1876,1974,-2050,448
3.3652,1876,1974,-2050,448
3.3655,1876,1972,-2050,440
3.3658,1876,1972,-2050,440
3.3662,1876,1972,-2050,440
3.3665,1876,1971,-1850,448
3.3668,1876,1971,-1850,448
3.3672,1876,1971,-1850,448
3.3675,1876,1969,-1850,440
3.3678,1876,1969,-1850,440
3.3681,1876,1969,-1850,440
3.3685,1876,1967,-1850,440
3.3688,1876,1967,-1850,440
3.3691,1876,1967,-1850,440
3.3695,1876,1965,-1850,432
3.3698,1876,1965,-1850,432
3.3701,1874,1963,-1850,424
3.3708,1874,1963,-1850,424
3.3712,1874,1963,-1850,424
3.3715,1874,1961,-1850,424
3.3718,1874,1961,-1850,424
3.3722,1874,1961,-1850,424
3.3725,1874,1960,-1850,424
3.3728,1874,1960,-1850,424
3.3732,1874,1960,-1850,424
3.3735,1874,1958,-1850,416
3.3738,1874,1958,-1850,416
3.3741,1874,1958,-1850,416
3.3745,1874,1956,-1850,416
3.3748,1874,1956,-1850,416
3.3751,1874,1956,-1850,416
3.3755,1874,1954,-1850,408
3.3758,1874,1954,-1850,408
3.3761,1874,1954,-1850,408
3.3765,1874,1952,-1850,400
3.3768,1874,1952,-1850,400
3.3772,1874,1952,-1850,400
3.3776,1874,1950,-1850,392
3.3779,1874,1950,-1850,392
3.3782,1874,1950,-1850,392
3.3786,1874,1949,-1850,392
3.3789,1874,1949,-1850,392
3.3792,1874,1949,-1850,392
3.3796,1874,1947,-1850,384
3.3799,1874,1947,-1850,384
3.3802,1874,1945,-1850,384
3.3808,1874,1945,-1850,384
3.3812,1874,1945,-1850,384
3.3815,1874,1943,-1850,376
3.3818,1874,1943,-1850,376
3.3822,1874,1943,-1850,376
3.3825,1874,1942,-1850,376
3.3828,1874,1942,-1850,376
3.3831,1874,1942,-1850,376
3.3835,1874,1940,-1850,368
3.3838,1874,1940,-1850,368
3.3841,1874,1940,-1850,368
3.3845,1874,1938,-1850,340
3.3848,1874,1938,-1850,340
3.3851,1874,1938,-1850,340
3.3855,1874,1936,-1850,332
3.3858,1874,1936,-1850,332
3.3861,1874,1936,-1850,332
3.3865,1874,1935,-1800,332
3.3868,1874,1935,-1800,332
3.3871,1874,1935,-1800,332
3.3875,1874,1934,-1800,324
3.3878,1874,1934,-1800,324
3.3882,1874,1934,-1800,324
3.3885,1874,1932,-1800,316
3.3888,1874,1932,-1800,316
3.3891,1874,1932,-1800,316
3.3895,1874,1930,-1800,308
3.3898,1874,1930,-1800,308
3.3902,1876,1929,-1800,308
3.3908,1876,1929,-1800,308
3.3911,1876,1929,-1800,308
3.3915,1876,1927,-1800,300
3.3918,1876,1927,-1800,300
3.3921,1876,1927,-1800,300
3.3924,1876,1925,-1800,292
3.3928,1876,1925,-1800,292
3.3931,1876,1925,-1800,292
3.3935,1876,1924,-1800,284
3.3938,1876,1924,-1800,284
3.3942,1876,1924,-1800,284
3.3945,1876,1922,-1800,276
3.3948,1876,1922,-1800,276
3.3952,1876,1921,-1800,276
3.3955,1876,1921,-1800,276
3.3958,1876,1921,-1800,276
3.3962,1876,1919,-1800,268
3.3965,1876,1919,-1800,268
3.3968,1876,1919,-1800,268
3.3972,1876,1918,-1800,260
3.3975,1876,1918,-1800,260
3.3978,1876,1918,-1800,260
3.3982,1876,1916,-1800,252
3.3985,1876,1916,-1800,252
3.3988,1876,1916,-1800,252
3.3992,1876,1915,-1800,244
3.3995,1876,1915,-1800,244
3.3998,1876,1915,-1800,244
3.4001,1882,1913,-1800,236
3.4008,1882,1913,-1800,236
3.4011,1882,1912,-1800,236
3.4015,1882,1912,-1800,236
3.4018,1882,1912,-1800,236
3.4021,1882,1910,-1800,220
3.4025,1882,1910,-1800,220
3.4028,1882,1910,-1800,220
3.4031,1882,1909,-1800,220
3.4035,1882,1909,-1800,220
3.4039,1882,1909,-1800,220
3.4043,1882,1908,-1800,192
3.4047,1882,1908,-1800,192
3.4051,1882,1908,-1800,192
3.4054,1882,1907,-1800,192
3.4058,1882,1907,-1800,192
3.4061,1882,1905,-1500,176
3.4065,1882,1905,-1500,176
3.4068,1882,1905,-1500,176
3.4071,1882,1904,-1500,168
3.4075,1882,1904,-1500,168
3.4078,1882,1904,-1500,168
3.4082,1882,1902,-1500,160
3.4085,1882,1902,-1500,160
3.4088,1882,1902,-1500,160
3.4092,1882,1901,-1500,152
3.4095,1882,1901,-1500,152
3.4098,1882,1901,-1500,152
3.4101,1890,1900,-1500,144
3.4108,1890,1900,-1500,144
3.4112,1890,1899,-1500,144
3.4115,1890,1899,-1500,144
3.4118,1890,1899,-1500,144
3.4121,1890,1898,-1500,136
3.4125,1890,1898,-1500,136
3.4128,1890,1898,-1500,136
3.4131,1890,1896,-1500,120
3.4135,1890,1896,-1500,120
3.4138,1890,1896,-1500,120
3.4141,1890,1895,-1500,120
3.4145,1890,1895,-1500,120
3.4148,1890,1895,-1500,120
3.4151,1890,1894,-1500,112
3.4155,1890,1894,-1500,112
3.4158,1890,1894,-1500,112
3.4162,1890,1893,-1500,104
3.4165,1890,1893,-1500,104
3.4168,1890,1893,-1500,104
3.4171,1890,1892,-1500,96
3.4175,1890,1892,-1500,96
3.4178,1890,1892,-1500,96
3.4182,1890,1891,-1500,88
3.4186,1890,1891,-1500,88
3.4189,1890,1891,-1500,88
3.4192,1890,1890,-1500,80
3.4195,1890,1890,-1500,80
3.4199,1890,1890,-1500,80
3.4202,1900,1889,-1500,72
3.4208,1900,1889,-1500,72
3.4211,1900,1888,-1500,64
3.4215,1900,1888,-1500,64
3.4218,1900,1888,-1500,64
3.4222,1900,1887,-1500,56
3.4225,1900,1887,-1500,56
3.4228,1900,1887,-1500,56
3.4232,1900,1886,-1500,48
3.4235,1900,1886,-1500,48
3.4238,1900,1886,-1500,48
3.4242,1900,1885,-1500,28
3.4245,1900,1885,-1500,28
3.4248,1900,1885,-1500,28
3.4252,1900,1884,-1500,20
3.4255,1900,1884,-1500,20
3.4259,1900,1884,-1500,20
3.4262,1900,1883,-1100,-20
3.4266,1900,1883,-1100,-20
3.4269,1900,1883,-1100,-20
3.4272,1900,1883,-1100,-20
3.4276,1900,1883,-1100,-20
3.4279,1900,1883,-1100,-20
3.4282,1900,1882,-1100,-36
3.4286,1900,1882,-1100,-36
3.4289,1900,1882,-1100,-36
3.4292,1900,1881,-1100,-44
3.4296,1900,1881,-1100,-44
3.4300,1913,1880,-1100,-52
3.4307,1913,1880,-1100,-52
3.4311,1913,1880,-1100,-52
3.4315,1913,1880,-1100,-52
3.4318,1913,1880,-1100,-52
3.4322,1913,1879,-1100,-68
3.4326,1913,1879,-1100,-68
3.4329,1913,1879,-1100,-68
3.4333,1913,1879,-1100,-68
3.4336,1913,1879,-1100,-68
3.4340,1913,1878,-1100,-76
3.4343,1913,1878,-1100,-76
3.4347,1913,1878,-1100,-76
3.4351,1913,1878,-1100,-84
3.4355,1913,1878,-1100,-84
3.4358,1913,1878,-1100,-84
3.4362,1913,1877,-1100,-92
3.4366,1913,1877,-1100,-92
3.4369,1913,1877,-1100,-92
3.4373,1913,1876,-1100,-92
3.4377,1913,1876,-1100,-92
3.4380,1913,1876,-1100,-92
3.4384,1913,1876,-1100,-92
3.4387,1913,1876,-1100,-92
3.4391,1913,1875,-1100,-100
3.4395,1913,1875,-1100,-100
3.4399,1913,1875,-1100,-100
3.4402,1928,1875,-1100,-108
3.4409,1928,1875,-1100,-108
3.4413,1928,1875,-1100,-108
3.4416,1928,1875,-1100,-108
3.4420,1928,1874,-1100,-124
3.4423,1928,1874,-1100,-124
3.4427,1928,1874,-1100,-124
3.4431,1928,1874,-1100,-132
3.4435,1928,1874,-1100,-132
3.4438,1928,1874,-1100,-132
3.4442,1928,1874,-1100,-120
3.4446,1928,1874,-1100,-120
3.4449,1928,1874,-1100,-128
3.4453,1928,1874,-1100,-128
3.4456,1928,1874,-1100,-128
3.4460,1928,1874,-450,-136
3.4463,1928,1874,-450,-136
3.4467,1928,1874,-450,-136
3.4471,1928,1873,-450,-144
3.4475,1928,1873,-450,-144
3.4478,1928,1873,-450,-144
3.4482,1928,1873,-450,-152
3.4486,1928,1873,-450,-152
3.4489,1928,1873,-450,-160
3.4493,1928,1873,-450,-160
3.4496,1928,1873,-450,-160
3.4500,1928,1873,-450,-160
3.4503,1944,1873,-450,-160
3.4510,1944,1873,-450,-168
3.4514,1944,1873,-450,-168
3.4517,1944,1873,-450,-168
3.4521,1944,1873,-450,-176
3.4524,1944,1873,-450,-176
3.4528,1944,1873,-450,-176
3.4532,1944,1873,-450,-184
3.4535,1944,1873,-450,-184
3.4539,1944,1873,-450,-192
3.4543,1944,1873,-450,-192
3.4546,1944,1873,-450,-192
3.4550,1944,1873,-450,-200
3.4553,1944,1873,-450,-200
3.4557,1944,1873,-450,-200
3.4561,1944,1873,-450,-208
3.4564,1944,1873,-450,-208
3.4568,1944,1873,-450,-208
3.4572,1944,1873,-450,-208
3.4576,1944,1873,-450,-208
3.4579,1944,1873,-450,-216
3.4583,1944,1873,-450,-216
3.4587,1944,1873,-450,-216
3.4590,1944,1873,-450,-224
3.4594,1944,1873,-450,-224
3.4597,1944,1873,-450,-224
3.4601,1962,1873,-450,-232
3.4608,1962,1873,-450,-240
3.4612,1962,1873,-450,-240
3.4615,1962,1873,-450,-240
3.4619,1962,1873,-450,-256
3.4622,1962,1873,-450,-256
3.4626,1962,1873,-450,-256
3.4630,1962,1873,-450,-264
3.4633,1962,1873,-450,-264
3.4637,1962,1873,-450,-264
3.4640,1962,1873,-450,-284
3.4644,1962,1873,-450,-284
3.4648,1962,1873,-450,-292
3.4652,1962,1873,-450,-292
3.4656,1962,1873,-450,-292
3.4659,1962,1873,-50,-300
3.4663,1962,1873,-50,-300
3.4666,1962,1873,-50,-300
3.4670,1962,1873,-50,-308
3.4673,1962,1873,-50,-308
3.4677,1962,1873,-50,-308
3.4681,1962,1873,-50,-316
3.4685,1962,1873,-50,-316
3.4689,1962,1874,-50,-324
3.4692,1962,1874,-50,-324
3.4696,1962,1874,-50,-324
3.4700,1962,1874,-50,-332
3.4703,1982,1874,-50,-332
3.4710,1982,1875,-50,-332
3.4714,1982,1875,-50,-332
3.4717,1982,1875,-50,-332
3.4721,1982,1875,-50,-348
3.4725,1982,1875,-50,-348
3.4728,1982,1876,-50,-348
3.4732,1982,1876,-50,-348
3.4736,1982,1876,-50,-348
3.4739,1982,1876,-50,-356
3.4743,1982,1876,-50,-356
3.4746,1982,1876,-50,-356
3.4750,1982,1877,-50,-364
3.4753,1982,1877,-50,-364
3.4757,1982,1877,-50,-364
3.4761,1982,1877,-50,-372
3.4764,1982,1877,-50,-372
3.4768,1982,1878,-50,-380
3.4772,1982,1878,-50,-380
3.4776,1982,1878,-50,-380
3.4779,1982,1879,-50,-380
3.4783,1982,1879,-50,-380
3.4786,1982,1879,-50,-380
3.4790,1982,1879,-50,-396
3.4793,1982,1879,-50,-396
3.4797,1982,1880,-50,-396
3.4801,2002,1880,-50,-396
3.4808,2002,1881,-50,-404
3.4812,2002,1881,-50,-404
3.4816,2002,1881,-50,-404
3.4819,2002,1881,-50,-412
3.4823,2002,1881,-50,-412
3.4826,2002,1881,-50,-412
3.4830,2002,1882,-50,-420
3.4833,2002,1882,-50,-420
3.4837,2002,1883,-50,-412
3.4841,2002,1883,-50,-412
3.4844,2002,1883,-50,-412
3.4849,2002,1884,-50,-420
3.4852,2002,1884,-50,-420
3.4856,2002,1884,-50,-420
3.4860,2002,1885,600,-428
3.4863,2002,1885,600,-428
3.4867,2002,1885,600,-428
3.4870,2002,1886,600,-428
3.4874,2002,1886,600,-428
3.4877,2002,1887,600,-436
3.4881,2002,1887,600,-436
3.4885,2002,1887,600,-436
3.4888,2002,1888,600,-444
3.4892,2002,1888,600,-444
3.4896,2002,1888,600,-444
3.4900,2002,1888,600,-460
3.4903,2023,1888,600,-460
3.4910,2023,1890,600,-452
3.4914,2023,1890,600,-452
3.4917,2023,1891,600,-460
3.4921,2023,1891,600,-460
3.4925,2023,1891,600,-460
3.4928,2023,1892,600,-468
3.4932,2023,1892,600,-468
3.4936,2023,1892,600,-468
3.4939,2023,1893,600,-476
3.4943,2023,1893,600,-476
3.4946,2023,1893,600,-476
3.4950,2023,1894,600,-484
3.4954,2023,1894,600,-484
3.4957,2023,1895,600,-492
3.4961,2023,1895,600,-492
3.4965,2023,1895,600,-492
3.4968,2023,1896,600,-500
3.4972,2023,1896,600,-500
3.4975,2023,1896,600,-500
3.4979,2023,1897,600,-508
3.4983,2023,1897,600,-508
3.4986,2023,1897,600,-508
3.4990,2023,1898,600,-516
3.4993,2023,1898,600,-516
3.4997,2023,1899,600,-524
3.5001,2044,1899,600,-524
3.5008,2044,1901,600,-516
3.5012,2044,1901,600,-516
3.5016,2044,1901,600,-516
3.5019,2044,1902,600,-524
3.5023,2044,1902,600,-524
3.5027,2044,1903,600,-532
3.5030,2044,1903,600,-532
3.5034,2044,1903,600,-532
3.5037,2044,1904,600,-536
3.5041,2044,1904,600,-536
3.5045,2044,1904,600,-536
3.5048,2044,1906,600,-536
3.5052,2044,1906,600,-536
3.5056,2044,1906,600,-536
3.5059,2044,1907,1100,-544
3.5063,2044,1907,1100,-544
3.5067,2044,1908,1100,-552
3.5070,2044,1908,1100,-552
3.5074,2044,1908,1100,-552
3.5077,2044,1910,1100,-552
3.5081,2044,1910,1100,-552
3.5085,2044,1910,1100,-552
3.5088,2044,1911,1100,-560
3.5092,2044,1911,1100,-560
3.5096,2044,1913,1100,-560
3.5099,2044,1913,1100,-560
3.5103,2066,1914,1100,-568
3.5110,2066,1914,1100,-568
3.5114,2066,1914,1100,-568
3.5117,2066,1916,1100,-568
3.5122,2066,1916,1100,-568
3.5125,2066,1916,1100,-568
3.5129,2066,1917,1100,-576
3.5133,2066,1917,1100,-576
3.5136,2066,1919,1100,-576
3.5140,2066,1919,1100,-576
3.5144,2066,1919,1100,-576
3.5147,2066,1920,1100,-584
3.5151,2066,1920,1100,-584
3.5155,2066,1920,1100,-584
3.5158,2066,1922,1100,-584
3.5162,2066,1922,1100,-584
3.5166,2066,1923,1100,-592
3.5169,2066,1923,1100,-592
3.5173,2066,1923,1100,-592
3.5177,2066,1925,1100,-592
3.5180,2066,1925,1100,-592
3.5184,2066,1925,1100,-592
3.5188,2066,1926,1100,-600
3.5192,2066,1926,1100,-600
3.5196,2066,1928,1100,-600
3.5199,2066,1928,1100,-600
3.5203,2087,1929,1100,-600
3.5210,2087,1929,1100,-600
3.5213,2087,1929,1100,-600
3.5217,2087,1931,1100,-600
3.5221,2087,1931,1100,-600
3.5225,2087,1933,1100,-600
3.5229,2087,1933,1100,-600
3.5233,2087,1933,1100,-600
3.5236,2087,1935,1100,-568
3.5240,2087,1935,1100,-568
3.5243,2087,1935,1100,-568
3.5247,2087,1936,1100,-576
3.5251,2087,1936,1100,-576
3.5255,2087,1936,1100,-576
3.5258,2087,1938,1550,-576
3.5262,2087,1938,1550,-576
3.5266,2087,1940,1550,-576
3.5269,2087,1940,1550,-576
3.5273,2087,1940,1550,-576
3.5277,2087,1941,1550,-592
3.5280,2087,1941,1550,-592
3.5284,2087,1941,1550,-592
3.5288,2087,1943,1550,-592
3.5292,2087,1943,1550,-592
3.5296,2087,1945,1550,-584
3.5299,2087,1945,1550,-584
3.5303,2107,1947,1550,-584
3.5310,2107,1947,1550,-584
3.5314,2107,1947,1550,-584
3.5317,2107,1949,1550,-584
3.5321,2107,1949,1550,-584
3.5324,2107,1949,1550,-584
3.5329,2107,1950,1550,-592
3.5332,2107,1950,1550,-592
3.5336,2107,1952,1550,-592
3.5340,2107,1952,1550,-592
3.5344,2107,1952,1550,-592
3.5347,2107,1954,1550,-600
3.5351,2107,1954,1550,-600
3.5355,2107,1956,1550,-600
3.5358,2107,1956,1550,-600
3.5362,2107,1956,1550,-600
3.5366,2107,1958,1550,-600
3.5369,2107,1958,1550,-600
3.5373,2107,1958,1550,-600
3.5377,2107,1960,1550,-600
3.5380,2107,1960,1550,-600
3.5384,2107,1960,1550,-600
3.5388,2107,1962,1550,-600
3.5392,2107,1962,1550,-600
3.5396,2107,1964,1550,-600
3.5399,2107,1964,1550,-600
3.5403,2127,1965,1550,-600
3.5410,2127,1965,1550,-600
3.5413,2127,1965,1550,-600
3.5417,2127,1967,1550,-600
3.5421,2127,1967,1550,-600
3.5425,2127,1969,1550,-600
3.5428,2127,1969,1550,-600
3.5432,2127,1969,1550,-600
3.5436,2127,1971,1550,-596
3.5439,2127,1971,1550,-596
3.5443,2127,1971,1550,-596
3.5446,2127,1973,1550,-596
3.5450,2127,1973,1550,-596
3.5454,2127,1973,1550,-596
3.5458,2127,1974,1800,-600
3.5462,2127,1974,1800,-600
3.5466,2127,1976,1800,-600
3.5469,2127,1976,1800,-600
3.5473,2127,1976,1800,-600
3.5477,2127,1978,1800,-600
3.5480,2127,1978,1800,-600
3.5484,2127,1981,1800,-596
3.5488,2127,1981,1800,-596
3.5492,2127,1981,1800,-596
3.5496,2127,1983,1800,-596
3.5500,2127,1983,1800,-596
3.5503,2145,1985,1800,-596
3.5510,2145,1985,1800,-596
3.5514,2145,1987,1800,-596
3.5517,2145,1987,1800,-596
3.5521,2145,1987,1800,-596
3.5525,2145,1988,1800,-600
3.5528,2145,1988,1800,-600
3.5532,2145,1988,1800,-600
3.5536,2145,1990,1800,-600
3.5539,2145,1990,1800,-600
3.5543,2145,1990,1800,-600
3.5546,2145,1992,1800,-600
3.5550,2145,1992,1800,-600
3.5554,2145,1994,1800,-600
3.5557,2145,1994,1800,-600
3.5561,2145,1994,1800,-600
3.5565,2145,1996,1800,-600
3.5568,2145,1996,1800,-600
3.5572,2145,1996,1800,-600
3.5576,2145,1998,1800,-600
3.5579,2145,1998,1800,-600
3.5583,2145,1998,1800,-600
3.5587,2145,2000,1800,-600
3.5591,2145,2000,1800,-600
3.5595,2145,2002,1800,-600
3.5599,2145,2002,1800,-600
3.5602,2161,2004,1800,-600
3.5609,2161,2004,1800,-600
3.5613,2161,2006,1800,-600
3.5617,2161,2006,1800,-600
3.5621,2161,2006,1800,-600
3.5625,2161,2008,1800,-600
3.5629,2161,2008,1800,-600
3.5632,2161,2008,1800,-600
3.5636,2161,2011,1800,-576
3.5640,2161,2011,1800,-576
3.5644,2161,2013,1800,-576
3.5647,2161,2013,1800,-576
3.5651,2161,2013,1800,-576
3.5655,2161,2015,2050,-576
3.5658,2161,2015,2050,-576
3.5662,2161,2015,2050,-576
3.5666,2161,2017,2050,-568
3.5669,2161,2017,2050,-568
3.5673,2161,2019,2050,-568
3.5677,2161,2019,2050,-568
3.5681,2161,2019,2050,-568
3.5684,2161,2020,2050,-576
3.5688,2161,2020,2050,-576
3.5692,2161,2020,2050,-576
3.5696,2161,2022,2050,-576
3.5700,2161,2022,2050,-576
3.5703,2176,2025,2050,-568
3.5710,2176,2025,2050,-568
3.5714,2176,2027,2050,-568
3.5718,2176,2027,2050,-568
3.5722,2176,2027,2050,-568
3.5726,2176,2029,2050,-568
3.5730,2176,2029,2050,-568
3.5733,2176,2031,2050,-568
3.5737,2176,2031,2050,-568
3.5741,2176,2031,2050,-568
3.5745,2176,2033,2050,-568
3.5749,2176,2033,2050,-568
3.5752,2176,2033,2050,-568
3.5756,2176,2035,2050,-568
3.5759,2176,2035,2050,-568
3.5763,2176,2037,2050,-568
3.5767,2176,2037,2050,-568
3.5771,2176,2037,2050,-568
3.5775,2176,2039,2050,-560
3.5778,2176,2039,2050,-560
3.5782,2176,2041,2050,-560
3.5786,2176,2041,2050,-560
3.5790,2176,2041,2050,-560
3.5794,2176,2043,2050,-560
3.5797,2176,2043,2050,-560
3.5801,2188,2045,2050,-560
3.5808,2188,2045,2050,-560
3.5812,2188,2045,2050,-560
3.5816,2188,2048,2050,-552
3.5819,2188,2048,2050,-552
3.5823,2188,2050,2050,-552
3.5827,2188,2050,2050,-552
3.5830,2188,2050,2050,-552
3.5834,2188,2052,2050,-528
3.5838,2188,2052,2050,-528
3.5842,2188,2054,2050,-528
3.5846,2188,2054,2050,-528
3.5850,2188,2054,2050,-528
3.5853,2188,2056,2050,-528
3.5857,2188,2056,2050,-528
3.5861,2188,2056,2050,-528
3.5865,2188,2058,2050,-528
3.5868,2188,2058,2050,-528
3.5872,2188,2060,2050,-528
3.5876,2188,2060,2050,-528
3.5879,2188,2060,2050,-528
3.5883,2188,2062,2050,-528
3.5887,2188,2062,2050,-528
3.5890,2188,2062,2050,-528
3.5894,2188,2064,2050,-520
3.5898,2188,2064,2050,-520
3.5902,2199,2066,2050,-520
3.5909,2199,2066,2050,-520
3.5913,2199,2068,2050,-520
3.5917,2199,2068,2050,-520
3.5920,2199,2068,2050,-520
3.5924,2199,2070,2050,-512
3.5928,2199,2070,2050,-512
3.5932,2199,2072,2050,-512
3.5935,2199,2072,2050,-512
3.5939,2199,2072,2050,-512
3.5943,2199,2074,2050,-512
3.5947,2199,2074,2050,-512
3.5950,2199,2074,2050,-512
3.5954,2199,2076,2050,-512
3.5958,2199,2076,2050,-512
3.5962,2199,2078,2050,-512
3.5966,2199,2078,2050,-512
3.5970,2199,2078,2050,-512
3.5973,2199,2080,2050,-504
3.5977,2199,2080,2050,-504
3.5981,2199,2080,2050,-504
3.5985,2199,2082,2050,-504
3.5988,2199,2082,2050,-504
3.5992,2199,2084,2050,-504
3.5996,2199,2084,2050,-504
3.6000,2199,2084,2050,-504
3.6003,2207,2086,2050,-496
3.6010,2207,2086,2050,-496
3.6014,2207,2088,2050,-496
3.6018,2207,2088,2050,-496
3.6022,2207,2090,2050,-496
3.6026,2207,2090,2050,-496
3.6030,2207,2090,2050,-496
3.6033,2207,2091,2050,-496
3.6037,2207,2091,2050,-496
3.6041,2207,2093,2050,-496
3.6045,2207,2093,2050,-496
3.6048,2207,2093,2050,-496
3.6052,2207,2095,1950,-496
3.6056,2207,2095,1950,-496
3.6060,2207,2095,1950,-496
3.6063,2207,2098,1950,-480
3.6067,2207,2098,1950,-480
3.6071,2207,2099,1950,-488
3.6075,2207,2099,1950,-488
3.6079,2207,2099,1950,-488
3.6083,2207,2101,1950,-480
3.6086,2207,2101,1950,-480
3.6090,2207,2101,1950,-480
3.6094,2207,2103,1950,-480
3.6097,2207,2103,1950,-480
3.6101,2212,2105,1950,-472
3.6108,2212,2105,1950,-472
3.6112,2212,2107,1950,-472
3.6116,2212,2107,1950,-472
3.6120,2212,2107,1950,-472
3.6123,2212,2109,1950,-464
3.6127,2212,2109,1950,-464
3.6131,2212,2111,1950,-464
3.6135,2212,2111,1950,-464
3.6138,2212,2111,1950,-464
3.6142,2212,2113,1950,-456
3.6146,2212,2113,1950,-456
3.6149,2212,2113,1950,-456
3.6153,2212,2114,1950,-464
3.6157,2212,2114,1950,-464
3.6161,2212,2116,1950,-456
3.6165,2212,2116,1950,-456
3.6169,2212,2116,1950,-456
3.6173,2212,2118,1950,-448
3.6176,2212,2118,1950,-448
3.6180,2212,2118,1950,-448
3.6183,2212,2120,1950,-448
3.6187,2212,2120,1950,-448
3.6191,2212,2122,1950,-440
3.6195,2212,2122,1950,-440
3.6199,2212,2122,1950,-440
3.6203,2214,2124,1950,-432
3.6210,2214,2126,1950,-432
3.6214,2214,2126,1950,-432
3.6219,2214,2126,1950,-432
3.6222,2214,2127,1950,-432
3.6226,2214,2127,1950,-432
3.6230,2214,2129,1950,-404
3.6234,2214,2129,1950,-404
3.6239,2214,2129,1950,-404
3.6242,2214,2131,1950,-404
3.6246,2214,2131,1950,-404
3.6250,2214,2131,1950,-404
3.6253,2214,2133,1900,-396
3.6257,2214,2133,1900,-396
3.6261,2214,2135,1900,-388
3.6265,2214,2135,1900,-388
3.6269,2214,2135,1900,-388
3.6273,2214,2137,1900,-380
3.6277,2214,2137,1900,-380
3.6281,2214,2138,1900,-380
3.6284,2214,2138,1900,-380
3.6288,2214,2138,1900,-380
3.6292,2214,2140,1900,-372
3.6296,2214,2140,1900,-372
3.6300,2214,2142,1900,-364
3.6308,2214,2142,1900,-364
3.6311,2214,2143,1900,-372
3.6315,2214,2143,1900,-372
3.6319,2214,2143,1900,-372
3.6323,2214,2145,1900,-364
3.6327,2214,2145,1900,-364
3.6330,2214,2147,1900,-356
3.6334,2214,2147,1900,-356
3.6339,2214,2147,1900,-356
3.6342,2214,2149,1900,-348
3.6346,2214,2149,1900,-348
3.6350,2214,2151,1900,-340
3.6354,2214,2151,1900,-340
3.6359,2214,2151,1900,-340
3.6363,2214,2152,1900,-340
3.6366,2214,2152,1900,-340
3.6370,2214,2154,1900,-324
3.6374,2214,2154,1900,-324
3.6379,2214,2154,1900,-324
3.6382,2214,2156,1900,-316
3.6386,2214,2156,1900,-316
3.6390,2214,2157,1900,-316
3.6393,2214,2157,1900,-316
3.6397,2214,2157,1900,-316
3.6401,2212,2159,1900,-308
3.6409,2212,2159,1900,-308
3.6412,2212,2161,1900,-300
3.6416,2212,2161,1900,-300
3.6420,2212,2162,1900,-300
3.6424,2212,2162,1900,-300
3.6429,2212,2162,1900,-300
3.6432,2212,2163,1900,-272
3.6436,2212,2163,1900,-272
3.6440,2212,2165,1900,-264
3.6444,2212,2165,1900,-264
3.6447,2212,2165,1900,-264
3.6451,2212,2167,1700,-256
3.6455,2212,2167,1700,-256
3.6459,2212,2167,1700,-256
3.6462,2212,2168,1700,-248
3.6466,2212,2168,1700,-248
3.6469,2212,2169,1700,-248
3.6473,2212,2169,1700,-248
3.6477,2212,2169,1700,-248
3.6481,2212,2171,1700,-240
3.6485,2212,2171,1700,-240
3.6489,2212,2173,1700,-224
3.6493,2212,2173,1700,-224
3.6496,2212,2173,1700,-224
3.6500,2206,2174,1700,-224
3.6507,2206,2174,1700,-224
3.6511,2206,2175,1700,-224
3.6515,2206,2175,1700,-224
3.6519,2206,2177,1700,-208
3.6523,2206,2177,1700,-208
3.6527,2206,2177,1700,-208
3.6531,2206,2178,1700,-208
3.6535,2206,2178,1700,-208
3.6539,2206,2180,1700,-192
3.6543,2206,2180,1700,-192
3.6547,2206,2180,1700,-192
3.6551,2206,2181,1700,-192
3.6554,2206,2181,1700,-192
3.6559,2206,2182,1700,-184
3.6562,2206,2182,1700,-184
3.6566,2206,2182,1700,-184
3.6570,2206,2184,1700,-168
3.6574,2206,2184,1700,-168
3.6579,2206,2185,1700,-168
3.6582,2206,2185,1700,-168
3.6586,2206,2185,1700,-168
3.6590,2206,2186,1700,-160
3.6594,2206,2186,1700,-160
3.6599,2206,2187,1700,-152
3.6602,2198,2187,1700,-152
3.6609,2198,2188,1700,-152
3.6613,2198,2188,1700,-152
3.6617,2198,2188,1700,-152
3.6621,2198,2190,1700,-136
3.6625,2198,2190,1700,-136
3.6629,2198,2191,1700,-112
3.6633,2198,2191,1700,-112
3.6636,2198,2191,1700,-112
3.6640,2198,2192,1700,-104
3.6644,2198,2192,1700,-104
3.6649,2198,2193,1300,-104
3.6652,2198,2193,1300,-104
3.6656,2198,2193,1300,-104
3.6660,2198,2194,1300,-96
3.6664,2198,2194,1300,-96
3.6669,2198,2195,1300,-88
3.6672,2198,2195,1300,-88
3.6677,2198,2195,1300,-88
3.6680,2198,2196,1300,-80
3.6684,2198,2196,1300,-80
3.6688,2198,2197,1300,-72
3.6692,2198,2197,1300,-72
3.6696,2198,2197,1300,-72
3.6699,2198,2198,1300,-64
3.6703,2188,2198,1300,-64
3.6710,2188,2199,1300,-56
3.6713,2188,2199,1300,-56
3.6717,2188,2199,1300,-56
3.6721,2188,2200,1300,-48
3.6725,2188,2200,1300,-48
3.6729,2188,2201,1300,-40
3.6732,2188,2201,1300,-40
3.6736,2188,2201,1300,-40
3.6740,2188,2202,1300,-32
3.6744,2188,2202,1300,-32
3.6748,2188,2203,1300,-24
3.6752,2188,2203,1300,-24
3.6756,2188,2203,1300,-24
3.6759,2188,2204,1300,0
3.6763,2188,2204,1300,0
3.6767,2188,2204,1300,0
3.6771,2188,2204,1300,0
3.6774,2188,2204,1300,0
3.6778,2188,2205,1300,32
3.6782,2188,2205,1300,32
3.6786,2188,2205,1300,32
3.6789,2188,2206,1300,40
3.6793,2188,2206,1300,40
3.6797,2188,2206,1300,40
3.6801,2175,2207,1300,48
3.6809,2175,2208,1300,56
3.6812,2175,2208,1300,56
3.6816,2175,2208,1300,56
3.6820,2175,2208,1300,64
3.6823,2175,2208,1300,64
3.6827,2175,2209,1300,76
3.6831,2175,2209,1300,76
3.6835,2175,2209,1300,76
3.6839,2175,2209,1300,76
3.6843,2175,2209,1300,76
3.6847,2175,2210,850,92
3.6851,2175,2210,850,92
3.6855,2175,2210,850,92
3.6859,2175,2210,850,92
3.6862,2175,2210,850,92
3.6866,2175,2210,850,92
3.6870,2175,2211,850,92
3.6873,2175,2211,850,92
3.6877,2175,2211,850,92
3.6880,2175,2211,850,92
3.6883,2175,2211,850,92
3.6887,2175,2211,850,92
3.6890,2175,2211,850,92
3.6894,2175,2211,850,92
3.6897,2175,2212,850,108
3.6901,2161,2212,850,108
3.6908,2161,2212,850,116
3.6912,2161,2212,850,116
3.6916,2161,2212,850,116
3.6919,2161,2212,850,116
3.6923,2161,2212,850,116
3.6927,2161,2212,850,124
3.6930,2161,2212,850,124
3.6934,2161,2212,850,124
3.6938,2161,2213,850,132
3.6942,2161,2213,850,132
3.6946,2161,2213,850,132
3.6950,2161,2213,850,140
3.6954,2161,2213,850,140
3.6958,2161,2213,850,148
3.6962,2161,2213,850,148
3.6966,2161,2213,850,148
3.6969,2161,2213,850,148
3.6973,2161,2213,850,148
3.6977,2161,2213,850,156
3.6980,2161,2213,850,156
3.6984,2161,2213,850,156
3.6988,2161,2214,850,172
3.6992,2161,2214,850,172
3.6995,2161,2214,850,172
3.6999,2161,2214,850,172
3.7003,2144,2214,850,172
3.7010,2144,2214,850,180
3.7013,2144,2214,850,180
3.7017,2144,2214,850,188
3.7021,2144,2214,850,188
3.7025,2144,2214,850,188
3.7028,2144,2214,850,180
3.7032,2144,2214,850,180
3.7035,2144,2214,850,180
3.7039,2144,2214,850,188
3.7043,2144,2214,850,188
3.7047,2144,2214,200,196
3.7051,2144,2214,200,196
3.7055,2144,2214,200,196
3.7058,2144,2214,200,204
3.7062,2144,2214,200,204
3.7066,2144,2214,200,204
3.7070,2144,2214,200,204
3.7073,2144,2214,200,204
3.7077,2144,2214,200,212
3.7081,2144,2214,200,212
3.7085,2144,2214,200,212
3.7089,2144,2214,200,220
3.7092,2144,2214,200,220
3.7096,2144,2214,200,228
3.7099,2144,2214,200,228
3.7103,2126,2214,200,236
3.7110,2126,2214,200,236
3.7114,2126,2214,200,236
3.7118,2126,2214,200,252
3.7122,2126,2214,200,252
3.7126,2126,2214,200,260
3.7130,2126,2214,200,260
3.7134,2126,2214,200,260
3.7138,2126,2214,200,268
3.7142,2126,2214,200,268
3.7146,2126,2214,200,276
3.7150,2126,2214,200,276
3.7154,2126,2214,200,276
3.7158,2126,2214,200,284
3.7161,2126,2214,200,284
3.7165,2126,2214,200,292
3.7169,2126,2214,200,292
3.7173,2126,2214,200,292
3.7177,2126,2214,200,300
3.7180,2126,2214,200,300
3.7184,2126,2214,200,300
3.7188,2126,2213,200,308
3.7192,2126,2213,200,308
3.7196,2126,2213,200,316
3.7200,2126,2213,200,316
3.7204,2106,2212,200,316
3.7210,2106,2212,200,316
3.7214,2106,2212,200,316
3.7217,2106,2212,200,332
3.7221,2106,2212,200,332
3.7225,2106,2212,200,360
3.7229,2106,2212,200,360
3.7233,2106,2212,200,360
3.7237,2106,2211,200,360
3.7240,2106,2211,200,360
3.7244,2106,2211,200,360
3.7248,2106,2210,-200,368
3.7252,2106,2210,-200,368
3.7256,2106,2210,-200,376
3.7260,2106,2210,-200,376
3.7264,2106,2210,-200,376
3.7267,2106,2209,-200,384
3.7271,2106,2209,-200,384
3.7275,2106,2208,-200,384
3.7279,2106,2208,-200,384
3.7283,2106,2208,-200,384
3.7286,2106,2208,-200,400
3.7290,2106,2208,-200,400
3.7294,2106,2208,-200,400
3.7298,2106,2207,-200,400
3.7302,2086,2206,-200,408
3.7309,2086,2206,-200,408
3.7313,2086,2206,-200,408
3.7317,2086,2205,-200,408
3.7321,2086,2205,-200,408
3.7324,2086,2205,-200,408
3.7328,2086,2205,-200,424
3.7332,2086,2205,-200,424
3.7336,2086,2204,-200,424
3.7339,2086,2204,-200,424
3.7343,2086,2204,-200,424
3.7346,2086,2203,-200,432
3.7350,2086,2203,-200,432
3.7353,2086,2203,-200,432
3.7357,2086,2202,-200,440
3.7361,2086,2202,-200,440
3.7365,2086,2201,-200,440
3.7368,2086,2201,-200,440
3.7372,2086,2201,-200,440
3.7376,2086,2200,-200,448
3.7380,2086,2200,-200,448
3.7383,2086,2200,-200,448
3.7387,2086,2199,-200,456
3.7391,2086,2199,-200,456
3.7395,2086,2198,-200,464
3.7399,2086,2198,-200,464
3.7402,2065,2197,-200,472
3.7409,2065,2197,-200,472
3.7413,2065,2197,-200,472
3.7417,2065,2196,-200,472
3.7421,2065,2196,-200,472
3.7425,2065,2195,-200,460
3.7429,2065,2195,-200,460
3.7433,2065,2195,-200,460
3.7437,2065,2194,-200,468
3.7440,2065,2194,-200,468
3.7444,2065,2193,-850,476
3.7448,2065,2193,-850,476
3.7453,2065,2193,-850,476
3.7457,2065,2192,-850,484
3.7461,2065,2192,-850,484
3.7464,2065,2191,-850,492
3.7468,2065,2191,-850,492
3.7472,2065,2191,-850,492
3.7476,2065,2190,-850,500
3.7480,2065,2190,-850,500
3.7484,2065,2190,-850,500
3.7487,2065,2188,-850,500
3.7491,2065,2188,-850,500
3.7496,2065,2187,-850,508
3.7500,2065,2187,-850,508
3.7504,2043,2186,-850,508
3.7511,2043,2186,-850,508
3.7515,2043,2185,-850,516
3.7519,2043,2185,-850,516
3.7523,2043,2185,-850,516
3.7527,2043,2183,-850,516
3.7531,2043,2183,-850,516
3.7535,2043,2182,-850,524
3.7539,2043,2182,-850,524
3.7542,2043,2182,-850,524
3.7546,2043,2181,-850,532
3.7550,2043,2181,-850,532
3.7554,2043,2179,-850,532
3.7558,2043,2179,-850,532
3.7562,2043,2179,-850,532
3.7566,2043,2178,-850,540
3.7570,2043,2178,-850,540
3.7574,2043,2177,-850,548
3.7579,2043,2177,-850,548
3.7582,2043,2177,-850,548
3.7586,2043,2175,-850,548
3.7590,2043,2175,-850,548
3.7594,2043,2174,-850,556
3.7599,2043,2174,-850,556
3.7603,2022,2172,-850,556
3.7610,2022,2172,-850,556
3.7614,2022,2171,-850,564
3.7618,2022,2171,-850,564
3.7622,2022,2171,-850,564
3.7626,2022,2170,-850,568
3.7630,2022,2170,-850,568
3.7634,2022,2168,-850,568
3.7638,2022,2168,-850,568
3.7642,2022,2168,-850,568
3.7646,2022,2167,-1300,576
3.7650,2022,2167,-1300,576
3.7654,2022,2165,-1300,576
3.7657,2022,2165,-1300,576
3.7661,2022,2165,-1300,576
3.7665,2022,2164,-1300,584
3.7669,2022,2164,-1300,584
3.7673,2022,2164,-1300,584
3.7676,2022,2162,-1300,584
3.7680,2022,2162,-1300,584
3.7684,2022,2161,-1300,592
3.7688,2022,2161,-1300,592
3.7693,2022,2159,-1300,592
3.7697,2022,2159,-1300,592
3.7701,2001,2157,-1300,592
3.7709,2001,2157,-1300,592
3.7718,2001,2156,-1300,592
3.7722,2001,2156,-1300,592
3.7726,2001,2154,-1300,592
3.7730,2001,2154,-1300,592
3.7734,2001,2152,-1300,592
3.7737,2001,2152,-1300,592
3.7741,2001,2152,-1300,592
3.7745,2001,2151,-1300,600
3.7748,2001,2151,-1300,600
3.7752,2001,2151,-1300,600
3.7756,2001,2149,-1300,600
3.7760,2001,2149,-1300,600
3.7763,2001,2147,-1300,600
3.7768,2001,2147,-1300,600
3.7772,2001,2147,-1300,600
3.7776,2001,2146,-1300,600
3.7780,2001,2146,-1300,600
3.7784,2001,2144,-1300,600
3.7787,2001,2144,-1300,600
3.7791,2001,2144,-1300,600
3.7795,2001,2142,-1300,600
3.7798,2001,2142,-1300,600
3.7802,1981,2140,-1300,600
3.7809,1981,2140,-1300,600
3.7812,1981,2138,-1300,600
3.7816,1981,2138,-1300,600
3.7820,1981,2138,-1300,600
3.7823,1981,2136,-1300,572
3.7827,1981,2136,-1300,572
3.7831,1981,2136,-1300,572
3.7835,1981,2134,-1300,572
3.7839,1981,2134,-1300,572
3.7842,1981,2133,-1700,588
3.7846,1981,2133,-1700,588
3.7850,1981,2133,-1700,588
3.7853,1981,2131,-1700,588
3.7857,1981,2131,-1700,588
3.7861,1981,2131,-1700,588
3.7864,1981,2129,-1700,588
3.7868,1981,2129,-1700,588
3.7872,1981,2127,-1700,588
3.7876,1981,2127,-1700,588
3.7879,1981,2127,-1700,588
3.7883,1981,2125,-1700,588
3.7887,1981,2125,-1700,588
3.7891,1981,2125,-1700,588
3.7895,1981,2124,-1700,596
3.7899,1981,2124,-1700,596
3.7902,1961,2122,-1700,596
3.7909,1961,2122,-1700,596
3.7913,1961,2120,-1700,596
3.7917,1961,2120,-1700,596
3.7921,1961,2120,-1700,596
3.7925,1961,2118,-1700,596
3.7929,1961,2118,-1700,596
3.7932,1961,2116,-1700,596
3.7936,1961,2116,-1700,596
3.7940,1961,2116,-1700,596
3.7944,1961,2113,-1700,588
3.7947,1961,2113,-1700,588
3.7951,1961,2113,-1700,588
3.7955,1961,2112,-1700,596
3.7958,1961,2112,-1700,596
3.7962,1961,2110,-1700,596
3.7966,1961,2110,-1700,596
3.7970,1961,2110,-1700,596
3.7973,1961,2108,-1700,596
3.7977,1961,2108,-1700,596
3.7981,1961,2108,-1700,596
3.7985,1961,2106,-1700,596
3.7988,1961,2106,-1700,596
3.7992,1961,2104,-1700,596
3.7996,1961,2104,-1700,596
3.7999,1961,2104,-1700,596
3.8003,1943,2102,-1700,596
3.8010,1943,2102,-1700,596
3.8014,1943,2100,-1700,596
3.8017,1943,2100,-1700,596
3.8021,1943,2100,-1700,596
3.8025,1943,2098,-1700,588
3.8029,1943,2098,-1700,588
3.8033,1943,2096,-1700,588
3.8036,1943,2096,-1700,588
3.8040,1943,2096,-1700,588
3.8045,1943,2094,-1950,588
3.8049,1943,2094,-1950,588
3.8053,1943,2092,-1950,588
3.8057,1943,2092,-1950,588
3.8061,1943,2090,-1950,588
3.8065,1943,2090,-1950,588
3.8069,1943,2090,-1950,588
3.8073,1943,2088,-1950,588
3.8077,1943,2088,-1950,588
3.8081,1943,2086,-1950,588
3.8085,1943,2086,-1950,588
3.8089,1943,2086,-1950,588
3.8093,1943,2084,-1950,588
3.8096,1943,2084,-1950,588
3.8100,1927,2082,-1950,588
3.8107,1927,2082,-1950,588
3.8111,1927,2080,-1950,588
3.8115,1927,2080,-1950,588
3.8118,1927,2080,-1950,588
3.8122,1927,2078,-1950,588
3.8126,1927,2078,-1950,588
3.8129,1927,2078,-1950,588
3.8133,1927,2076,-1950,588
3.8137,1927,2076,-1950,588
3.8140,1927,2076,-1950,588
3.8144,1927,2074,-1950,588
3.8149,1927,2074,-1950,588
3.8153,1927,2072,-1950,588
3.8156,1927,2072,-1950,588
3.8160,1927,2072,-1950,588
3.8164,1927,2070,-1950,588
3.8167,1927,2070,-1950,588
3.8171,1927,2068,-1950,580
3.8175,1927,2068,-1950,580
3.8179,1927,2068,-1950,580
3.8182,1927,2066,-1950,580
3.8186,1927,2066,-1950,580
3.8190,1927,2066,-1950,580
3.8194,1927,2064,-1950,580
3.8197,1927,2064,-1950,580
3.8201,1912,2062,-1950,580
3.8209,1912,2062,-1950,580
3.8212,1912,2060,-1950,580
3.8216,1912,2060,-1950,580
3.8220,1912,2060,-1950,580
3.8223,1912,2058,-1950,564
3.8227,1912,2058,-1950,564
3.8231,1912,2056,-1950,564
3.8234,1912,2056,-1950,564
3.8238,1912,2056,-1950,564
3.8242,1912,2054,-2000,564
3.8245,1912,2054,-2000,564
3.8249,1912,2054,-2000,564
3.8253,1912,2052,-2000,564
3.8257,1912,2052,-2000,564
3.8260,1912,2050,-2000,564
3.8264,1912,2050,-2000,564
3.8268,1912,2050,-2000,564
3.8272,1912,2047,-2000,548
3.8275,1912,2047,-2000,548
3.8279,1912,2047,-2000,548
3.8283,1912,2045,-2000,548
3.8286,1912,2045,-2000,548
3.8291,1912,2043,-2000,548
3.8295,1912,2043,-2000,548
3.8298,1912,2043,-2000,548
3.8302,1900,2041,-2000,548
3.8308,1900,2041,-2000,548
3.8312,1900,2039,-2000,548
3.8315,1900,2039,-2000,548
3.8319,1900,2039,-2000,548
3.8322,1900,2037,-2000,548
3.8326,1900,2037,-2000,548
3.8329,1900,2037,-2000,548
3.8333,1900,2035,-2000,548
3.8336,1900,2035,-2000,548
3.8340,1900,2033,-2000,540
3.8344,1900,2033,-2000,540
3.8348,1900,2033,-2000,540
3.8352,1900,2031,-2000,540
3.8355,1900,2031,-2000,540
3.8359,1900,2031,-2000,540
3.8363,1900,2029,-2000,540
3.8366,1900,2029,-2000,540
3.8370,1900,2027,-2000,540
3.8373,1900,2027,-2000,540
3.8377,1900,2027,-2000,540
3.8380,1900,2025,-2000,540
3.8384,1900,2025,-2000,540
3.8387,1900,2025,-2000,540
3.8392,1900,2023,-2000,532
3.8396,1900,2023,-2000,532
3.8399,1900,2021,-2000,532
3.8403,1889,2021,-2000,532
3.8410,1889,2019,-2000,532
3.8413,1889,2019,-2000,532
3.8417,1889,2019,-2000,532
3.8420,1889,2017,-2000,508
3.8424,1889,2017,-2000,508
3.8427,1889,2017,-2000,508
3.8431,1889,2014,-2000,500
3.8434,1889,2014,-2000,500
3.8438,1889,2014,-2000,500
3.8442,1889,2012,-2100,500
3.8446,1889,2012,-2100,500
3.8449,1889,2012,-2100,500
3.8452,1889,2011,-2100,508
3.8456,1889,2011,-2100,508
3.8459,1889,2009,-2100,500
3.8463,1889,2009,-2100,500
3.8466,1889,2009,-2100,500
3.8470,1889,2007,-2100,500
3.8473,1889,2007,-2100,500
3.8477,1889,2007,-2100,500
3.8480,1889,2005,-2100,500
3.8483,1889,2005,-2100,500
3.8487,1889,2005,-2100,500
3.8490,1889,2003,-2100,492
3.8494,1889,2003,-2100,492
3.8498,1889,2003,-2100,492
3.8502,1882,2001,-2100,492
3.8508,1882,2001,-2100,492
3.8512,1882,1999,-2100,492
3.8515,1882,1999,-2100,492
3.8518,1882,1999,-2100,492
3.8522,1882,1997,-2100,484
3.8525,1882,1997,-2100,484
3.8529,1882,1997,-2100,484
3.8532,1882,1995,-2100,484
3.8536,1882,1995,-2100,484
3.8539,1882,1993,-2100,484
3.8542,1882,1993,-2100,484
3.8546,1882,1993,-2100,484
3.8550,1882,1991,-2100,476
3.8553,1882,1991,-2100,476
3.8557,1882,1991,-2100,476
3.8561,1882,1989,-2100,476
3.8565,1882,1989,-2100,476
3.8568,1882,1989,-2100,476
3.8572,1882,1987,-2100,468
3.8576,1882,1987,-2100,468
3.8579,1882,1985,-2100,468
3.8583,1882,1985,-2100,468
3.8587,1882,1985,-2100,468
3.8591,1882,1984,-2100,468
3.8595,1882,1984,-2100,468
3.8600,1882,1982,-2100,468
3.8604,1876,1982,-2100,468
3.8611,1876,1980,-2100,460
3.8614,1876,1980,-2100,460
3.8618,1876,1980,-2100,460
3.8621,1876,1978,-2100,456
3.8625,1876,1978,-2100,456
3.8628,1876,1978,-2100,456
3.8631,1876,1976,-2100,448
3.8635,1876,1976,-2100,448
3.8638,1876,1976,-1900,448
3.8642,1876,1974,-1900,448
3.8645,1876,1974,-1900,448
3.8648,1876,1972,-1900,440
3.8652,1876,1972,-1900,440
3.8655,1876,1972,-1900,440
3.8658,1876,1971,-1900,448
3.8662,1876,1971,-1900,448
3.8665,1876,1971,-1900,448
3.8668,1876,1969,-1900,440
3.8671,1876,1969,-1900,440
3.8675,1876,1969,-1900,440
3.8678,1876,1967,-1900,440
3.8681,1876,1967,-1900,440
3.8685,1876,1967,-1900,440
3.8688,1876,1965,-1900,432
3.8691,1876,1965,-1900,432
3.8695,1876,1965,-1900,432
3.8698,1876,1963,-1900,424
3.8702,1874,1963,-1900,424
3.8709,1874,1961,-1900,424
3.8713,1874,1961,-1900,424
3.8717,1874,1961,-1900,424
3.8720,1874,1960,-1900,424
3.8724,1874,1960,-1900,424
3.8728,1874,1958,-1900,416
3.8732,1874,1958,-1900,416
3.8736,1874,1958,-1900,416
3.8739,1874,1956,-1900,408
3.8743,1874,1956,-1900,408
3.8746,1874,1956,-1900,408
3.8750,1874,1954,-1900,408
3.8753,1874,1954,-1900,408
3.8757,1874,1954,-1900,408
3.8761,1874,1952,-1900,400
3.8764,1874,1952,-1900,400
3.8768,1874,1950,-1900,392
3.8772,1874,1950,-1900,392
3.8775,1874,1950,-1900,392
3.8779,1874,1949,-1900,392
3.8782,1874,1949,-1900,392
3.8786,1874,1949,-1900,392
3.8789,1874,1947,-1900,384
3.8793,1874,1947,-1900,384
3.8796,1874,1947,-1900,384
3.8800,1874,1945,-1900,376
3.8803,1874,1943,-1900,368
3.8811,1874,1943,-1900,368
3.8815,1874,1943,-1900,368
3.8819,1874,1942,-1900,360
3.8822,1874,1942,-1900,360
3.8826,1874,1942,-1900,360
3.8829,1874,1940,-1900,352
3.8833,1874,1940,-1900,352
3.8836,1874,1940,-1900,352
3.8840,1874,1938,-1800,344
3.8843,1874,1938,-1800,344
3.8847,1874,1938,-1800,344
3.8850,1874,1937,-1800,336
3.8854,1874,1937,-1800,336
3.8857,1874,1935,-1800,328
3.8861,1874,1935,-1800,328
3.8864,1874,1935,-1800,328
3.8868,1874,1934,-1800,328
3.8872,1874,1934,-1800,328
3.8875,1874,1934,-1800,328
3.8879,1874,1932,-1800,320
3.8882,1874,1932,-1800,320
3.8886,1874,1932,-1800,320
3.8889,1874,1930,-1800,312
3.8893,1874,1930,-1800,312
3.8896,1874,1930,-1800,312
3.8900,1874,1929,-1800,312
3.8903,1876,1929,-1800,312
3.8910,1876,1927,-1800,304
3.8914,1876,1927,-1800,304
3.8917,1876,1925,-1800,296
3.8921,1876,1925,-1800,296
3.8925,1876,1925,-1800,296
3.8928,1876,1924,-1800,288
3.8932,1876,1924,-1800,288
3.8936,1876,1924,-1800,288
3.8940,1876,1922,-1800,280
3.8944,1876,1922,-1800,280
3.8947,1876,1921,-1800,280
3.8951,1876,1921,-1800,280
3.8955,1876,1921,-1800,280
3.8959,1876,1919,-1800,264
3.8963,1876,1919,-1800,264
3.8967,1876,1918,-1800,264
3.8970,1876,1918,-1800,264
3.8974,1876,1918,-1800,264
3.8978,1876,1916,-1800,256
3.8982,1876,1916,-1800,256
3.8986,1876,1916,-1800,256
3.8990,1876,1915,-1800,248
3.8994,1876,1915,-1800,248
3.8997,1876,1913,-1800,240
3.9001,1882,1913,-1800,240
3.9008,1882,1912,-1800,232
3.9012,1882,1912,-1800,232
3.9016,1882,1912,-1800,232
3.9020,1882,1911,-1800,208
3.9023,1882,1911,-1800,208
3.9028,1882,1909,-1800,200
3.9031,1882,1909,-1800,200
3.9035,1882,1909,-1800,200
3.9039,1882,1908,-1500,192
3.9043,1882,1908,-1500,192
3.9047,1882,1907,-1500,184
3.9050,1882,1907,-1500,184
3.9054,1882,1907,-1500,184
3.9058,1882,1905,-1500,176
3.9062,1882,1905,-1500,176
3.9065,1882,1905,-1500,176
3.9070,1882,1904,-1500,168
3.9073,1882,1904,-1500,168
3.9077,1882,1903,-1500,168
3.9081,1882,1903,-1500,168
3.9085,1882,1903,-1500,168
3.9089,1882,1901,-1500,152
3.9092,1882,1901,-1500,152
3.9096,1882,1901,-1500,152
3.9099,1882,1900,-1500,144
3.9103,1890,1899,-1500,144
3.9110,1890,1899,-1500,144
3.9114,1890,1899,-1500,144
3.9118,1890,1898,-1500,136
3.9122,1890,1898,-1500,136
3.9125,1890,1898,-1500,136
3.9129,1890,1896,-1500,120
3.9133,1890,1896,-1500,120
3.9137,1890,1895,-1500,112
3.9140,1890,1895,-1500,112
3.9144,1890,1895,-1500,112
3.9148,1890,1894,-1500,112
3.9152,1890,1894,-1500,112
3.9156,1890,1893,-1500,104
3.9160,1890,1893,-1500,104
3.9164,1890,1893,-1500,104
3.9168,1890,1892,-1500,96
3.9171,1890,1892,-1500,96
3.9175,1890,1892,-1500,96
3.9179,1890,1891,-1500,88
3.9183,1890,1891,-1500,88
3.9187,1890,1890,-1500,80
3.9190,1890,1890,-1500,80
3.9194,1890,1890,-1500,80
3.9198,1890,1889,-1500,72
3.9202,1900,1889,-1500,72
3.9209,1900,1888,-1500,64
3.9213,1900,1888,-1500,64
3.9216,1900,1887,-1500,44
3.9220,1900,1887,-1500,44
3.9223,1900,1887,-1500,44
3.9227,1900,1886,-1500,36
3.9231,1900,1886,-1500,36
3.9235,1900,1886,-1500,36
3.9239,1900,1885,-1150,28
3.9242,1900,1885,-1150,28
3.9246,1900,1885,-1150,28
3.9250,1900,1885,-1150,28
3.9254,1900,1885,-1150,28
3.9257,1900,1884,-1150,20
3.9261,1900,1884,-1150,20
3.9265,1900,1884,-1150,20
3.9269,1900,1883,-1150,-20
3.9272,1900,1883,-1150,-20
3.9276,1900,1882,-1150,-36
3.9280,1900,1882,-1150,-36
3.9284,1900,1882,-1150,-36
3.9288,1900,1881,-1150,-44
3.9292,1900,1881,-1150,-44
3.9296,1900,1880,-1150,-52
3.9299,1900,1880,-1150,-52
3.9303,1913,1880,-1150,-52
3.9310,1913,1880,-1150,-52
3.9313,1913,1880,-1150,-52
3.9317,1913,1879,-1150,-68
3.9321,1913,1879,-1150,-68
3.9325,1913,1879,-1150,-68
3.9329,1913,1879,-1150,-68
3.9333,1913,1879,-1150,-68
3.9336,1913,1878,-1150,-76
3.9340,1913,1878,-1150,-76
3.9344,1913,1878,-1150,-76
3.9347,1913,1878,-1150,-84
3.9351,1913,1878,-1150,-84
3.9354,1913,1878,-1150,-84
3.9358,1913,1877,-1150,-92
3.9362,1913,1877,-1150,-92
3.9366,1913,1876,-1150,-92
3.9370,1913,1876,-1150,-92
3.9373,1913,1876,-1150,-92
3.9377,1913,1876,-1150,-92
3.9381,1913,1876,-1150,-92
3.9385,1913,1875,-1150,-108
3.9388,1913,1875,-1150,-108
3.9392,1913,1875,-1150,-108
3.9396,1913,1875,-1150,-108
3.9399,1913,1875,-1150,-108
3.9403,1928,1875,-1150,-116
3.9410,1928,1875,-1150,-116
3.9414,1928,1874,-1150,-116
3.9418,1928,1874,-1150,-116
3.9422,1928,1874,-1150,-116
3.9426,1928,1874,-1150,-124
3.9430,1928,1874,-1150,-124
3.9434,1928,1874,-1150,-124
3.9437,1928,1874,-550,-124
3.9441,1928,1874,-550,-124
3.9445,1928,1874,-550,-132
3.9449,1928,1874,-550,-132
3.9453,1928,1874,-550,-132
3.9457,1928,1873,-550,-148
3.9460,1928,1873,-550,-148
3.9464,1928,1873,-550,-148
3.9468,1928,1873,-550,-148
3.9472,1928,1873,-550,-148
3.9476,1928,1873,-550,-156
3.9480,1928,1873,-550,-156
3.9484,1928,1873,-550,-156
3.9488,1928,1873,-550,-164
3.9492,1928,1873,-550,-164
3.9496,1928,1873,-550,-172
3.9500,1928,1873,-550,-172
3.9504,1944,1873,-550,-172
3.9511,1944,1873,-550,-172
3.9515,1944,1873,-550,-180
3.9518,1944,1873,-550,-180
3.9522,1944,1873,-550,-180
3.9526,1944,1873,-550,-188
3.9530,1944,1873,-550,-188
3.9533,1944,1873,-550,-188
3.9537,1944,1873,-550,-196
3.9541,1944,1873,-550,-196
3.9545,1944,1873,-550,-204
3.9548,1944,1873,-550,-204
3.9552,1944,1873,-550,-204
3.9556,1944,1873,-550,-212
3.9560,1944,1873,-550,-212
3.9563,1944,1873,-550,-212
3.9567,1944,1873,-550,-220
3.9571,1944,1873,-550,-220
3.9575,1944,1873,-550,-228
3.9579,1944,1873,-550,-228
3.9583,1944,1873,-550,-228
3.9587,1944,1873,-550,-236
3.9591,1944,1873,-550,-236
3.9594,1944,1873,-550,-244
3.9598,1944,1873,-550,-244
3.9602,1962,1873,-550,-252
3.9609,1962,1873,-550,-252
3.9613,1962,1873,-550,-252
3.9617,1962,1873,-550,-264
3.9621,1962,1873,-550,-264
3.9625,1962,1873,-550,-272
3.9628,1962,1873,-550,-272
3.9632,1962,1873,-550,-272
3.9635,1962,1873,-50,-280
3.9639,1962,1873,-50,-280
3.9643,1962,1873,-50,-280
3.9646,1962,1873,-50,-288
3.9650,1962,1873,-50,-288
3.9653,1962,1873,-50,-296
3.9657,1962,1873,-50,-296
3.9661,1962,1873,-50,-296
3.9665,1962,1873,-50,-304
3.9669,1962,1873,-50,-304
3.9672,1962,1873,-50,-304
3.9676,1962,1873,-50,-320
3.9679,1962,1873,-50,-320
3.9683,1962,1874,-50,-320
3.9687,1962,1874,-50,-320
3.9691,1962,1874,-50,-320
3.9694,1962,1874,-50,-328
3.9698,1962,1874,-50,-328
3.9702,1982,1875,-50,-328
3.9709,1982,1875,-50,-328
3.9712,1982,1875,-50,-328
3.9716,1982,1875,-50,-344
3.9719,1982,1875,-50,-344
3.9723,1982,1876,-50,-344
3.9727,1982,1876,-50,-344
3.9730,1982,1876,-50,-344
3.9734,1982,1877,-50,-344
3.9738,1982,1877,-50,-344
3.9742,1982,1877,-50,-344
3.9746,1982,1877,-50,-360
3.9750,1982,1877,-50,-360
3.9754,1982,1878,-50,-360
3.9757,1982,1878,-50,-360
3.9761,1982,1878,-50,-360
3.9765,1982,1878,-50,-376
3.9768,1982,1878,-50,-376
3.9772,1982,1878,-50,-376
3.9775,1982,1879,-50,-376
3.9779,1982,1879,-50,-376
3.9783,1982,1879,-50,-392
3.9787,1982,1879,-50,-392
3.9791,1982,1879,-50,-392
3.9795,1982,1880,-50,-392
3.9798,1982,1880,-50,-392
3.9802,2002,1881,-50,-400
3.9809,2002,1881,-50,-400
3.9813,2002,1882,-50,-396
3.9816,2002,1882,-50,-396
3.9820,2002,1882,-50,-396
3.9824,2002,1883,-50,-404
3.9828,2002,1883,-50,-404
3.9832,2002,1883,500,-420
3.9836,2002,1883,500,-420
3.9840,2002,1883,500,-420
3.9844,2002,1884,500,-420
3.9849,2002,1884,500,-420
3.9853,2002,1885,500,-428
3.9857,2002,1885,500,-428
3.9861,2002,1885,500,-428
3.9865,2002,1886,500,-436
3.9869,2002,1886,500,-436
3.9872,2002,1887,500,-436
3.9876,2002,1887,500,-436
3.9880,2002,1887,500,-436
3.9884,2002,1888,500,-444
3.9888,2002,1888,500,-444
3.9892,2002,1889,500,-452
3.9896,2002,1889,500,-452
3.9900,2023,1890,500,-460
3.9907,2023,1890,500,-460
3.9911,2023,1890,500,-460
3.9915,2023,1891,500,-460
3.9919,2023,1891,500,-460
3.9923,2023,1892,500,-468
3.9927,2023,1892,500,-468
3.9931,2023,1892,500,-468
3.9935,2023,1893,500,-476
3.9939,2023,1893,500,-476
3.9943,2023,1894,500,-484
3.9947,2023,1894,500,-484
3.9950,2023,1894,500,-484
3.9954,2023,1895,500,-492
3.9958,2023,1895,500,-492
3.9962,2023,1896,500,-500
3.9966,2023,1896,500,-500
3.9969,2023,1896,500,-500
3.9973,2023,1897,500,-508
3.9977,2023,1897,500,-508
3.9980,2023,1897,500,-508
3.9984,2023,1899,500,-508
3.9988,2023,1899,500,-508
3.9992,2023,1900,500,-516
3.9996,2023,1900,500,-516
4.0000,2044,1901,500,-524
4.0007,2044,1901,500,-524
4.0011,2044,1901,500,-520
4.0015,2044,1902,500,-520
4.0019,2044,1902,500,-520
4.0023,2044,1903,500,-528
4.0026,2044,1903,500,-528
4.0030,2044,1903,500,-528
4.0034,2044,1904,1050,-536
4.0039,2044,1904,1050,-536
4.0042,2044,1906,1050,-536
4.0046,2044,1906,1050,-536
4.0050,2044,1906,1050,-536
4.0053,2044,1907,1050,-544
4.0057,2044,1907,1050,-544
4.0061,2044,1908,1050,-552
4.0065,2044,1908,1050,-552
4.0069,2044,1908,1050,-552
4.0072,2044,1910,1050,-552
4.0077,2044,1910,1050,-552
4.0080,2044,1910,1050,-552
4.0084,2044,1912,1050,-552
4.0088,2044,1912,1050,-552
4.0092,2044,1913,1050,-560
4.0095,2044,1913,1050,-560
4.0099,2044,1913,1050,-560
4.0103,2066,1914,1050,-568
4.0109,2066,1914,1050,-568
4.0113,2066,1916,1050,-568
4.0117,2066,1916,1050,-568
4.0121,2066,1917,1050,-576
4.0125,2066,1917,1050,-576
4.0129,2066,1917,1050,-576
4.0132,2066,1919,1050,-576
4.0136,2066,1919,1050,-576
4.0140,2066,1919,1050,-576
4.0143,2066,1920,1050,-584
4.0147,2066,1920,1050,-584
4.0151,2066,1922,1050,-584
4.0154,2066,1922,1050,-584
4.0158,2066,1922,1050,-584
4.0162,2066,1923,1050,-592
4.0166,2066,1923,1050,-592
4.0169,2066,1923,1050,-592
4.0173,2066,1925,1050,-592
4.0177,2066,1925,1050,-592
4.0180,2066,1925,1050,-592
4.0184,2066,1926,1050,-600
4.0188,2066,1926,1050,-600
4.0192,2066,1928,1050,-600
4.0196,2066,1928,1050,-600
4.0200,2086,1929,1050,-600
4.0207,2086,1929,1050,-600
4.0211,2086,1931,1050,-588
4.0215,2086,1931,1050,-588
4.0219,2086,1931,1050,-588
4.0223,2086,1933,1050,-580
4.0226,2086,1933,1050,-580
4.0230,2086,1933,1050,-580
4.0234,2086,1935,1550,-580
4.0238,2086,1935,1550,-580
4.0242,2086,1936,1550,-588
4.0246,2086,1936,1550,-588
4.0249,2086,1936,1550,-588
4.0253,2086,1938,1550,-596
4.0257,2086,1938,1550,-596
4.0260,2086,1938,1550,-596
4.0264,2086,1940,1550,-596
4.0267,2086,1940,1550,-596
4.0271,2086,1942,1550,-596
4.0274,2086,1942,1550,-596
4.0278,2086,1942,1550,-596
4.0282,2086,1943,1550,-596
4.0287,2086,1943,1550,-596
4.0290,2086,1945,1550,-596
4.0294,2086,1945,1550,-596
4.0297,2086,1945,1550,-596
4.0301,2107,1947,1550,-596
4.0307,2107,1947,1550,-596
4.0311,2107,1948,1550,-600
4.0315,2107,1948,1550,-600
4.0319,2107,1948,1550,-600
4.0323,2107,1950,1550,-600
4.0327,2107,1950,1550,-600
4.0330,2107,1952,1550,-600
4.0334,2107,1952,1550,-600
4.0338,2107,1952,1550,-600
4.0342,2107,1954,1550,-600
4.0346,2107,1954,1550,-600
4.0350,2107,1956,1550,-600
4.0354,2107,1956,1550,-600
4.0357,2107,1956,1550,-600
4.0361,2107,1958,1550,-600
4.0365,2107,1958,1550,-600
4.0369,2107,1958,1550,-600
4.0373,2107,1960,1550,-600
4.0376,2107,1960,1550,-600
4.0380,2107,1962,1550,-600
4.0384,2107,1962,1550,-600
4.0388,2107,1962,1550,-600
4.0392,2107,1964,1550,-600
4.0397,2107,1964,1550,-600
4.0400,2126,1965,1550,-600
4.0408,2126,1965,1550,-600
4.0411,2126,1967,1550,-580
4.0415,2126,1967,1550,-580
4.0419,2126,1967,1550,-580
4.0423,2126,1969,1550,-580
4.0426,2126,1969,1550,-580
4.0430,2126,1971,1800,-580
4.0434,2126,1971,1800,-580
4.0438,2126,1971,1800,-580
4.0442,2126,1973,1800,-580
4.0446,2126,1973,1800,-580
4.0450,2126,1975,1800,-580
4.0454,2126,1975,1800,-580
4.0457,2126,1975,1800,-580
4.0461,2126,1977,1800,-580
4.0465,2126,1977,1800,-580
4.0469,2126,1977,1800,-580
4.0472,2126,1979,1800,-580
4.0476,2126,1979,1800,-580
4.0480,2126,1981,1800,-580
4.0484,2126,1981,1800,-580
4.0487,2126,1981,1800,-580
4.0491,2126,1983,1800,-580
4.0495,2126,1983,1800,-580
4.0498,2126,1983,1800,-580
4.0502,2145,1985,1800,-580
4.0509,2145,1986,1800,-588
4.0513,2145,1986,1800,-588
4.0517,2145,1986,1800,-588
4.0520,2145,1988,1800,-588
4.0524,2145,1988,1800,-588
4.0527,2145,1988,1800,-588
4.0531,2145,1991,1800,-580
4.0535,2145,1991,1800,-580
4.0538,2145,1991,1800,-580
4.0542,2145,1992,1800,-588
4.0546,2145,1992,1800,-588
4.0549,2145,1994,1800,-588
4.0553,2145,1994,1800,-588
4.0556,2145,1994,1800,-588
4.0560,2145,1996,1800,-588
4.0564,2145,1996,1800,-588
4.0567,2145,1996,1800,-588
4.0571,2145,1999,1800,-580
4.0574,2145,1999,1800,-580
4.0578,2145,1999,1800,-580
4.0582,2145,2001,1800,-580
4.0585,2145,2001,1800,-580
4.0589,2145,2002,1800,-588
4.0593,2145,2002,1800,-588
4.0596,2145,2002,1800,-588
4.0600,2145,2004,1800,-588
4.0603,2161,2004,1800,-588
4.0610,2161,2006,1800,-580
4.0614,2161,2006,1800,-580
4.0618,2161,2008,1800,-580
4.0622,2161,2008,1800,-580
4.0626,2161,2008,1800,-580
4.0629,2161,2011,2000,-564
4.0633,2161,2011,2000,-564
4.0637,2161,2011,2000,-564
4.0640,2161,2012,2000,-572
4.0644,2161,2012,2000,-572
4.0647,2161,2012,2000,-572
4.0651,2161,2014,2000,-572
4.0654,2161,2014,2000,-572
4.0658,2161,2017,2000,-564
4.0662,2161,2017,2000,-564
4.0666,2161,2017,2000,-564
4.0669,2161,2018,2000,-572
4.0673,2161,2018,2000,-572
4.0677,2161,2018,2000,-572
4.0680,2161,2020,2000,-572
4.0684,2161,2020,2000,-572
4.0687,2161,2020,2000,-572
4.0691,2161,2022,2000,-572
4.0695,2161,2022,2000,-572
4.0699,2161,2024,2000,-572
4.0703,2176,2024,2000,-572
4.0710,2176,2027,2000,-564
4.0714,2176,2027,2000,-564
4.0718,2176,2028,2000,-572
4.0722,2176,2028,2000,-572
4.0726,2176,2028,2000,-572
4.0729,2176,2031,2000,-564
4.0733,2176,2031,2000,-564
4.0737,2176,2031,2000,-564
4.0741,2176,2033,2000,-556
4.0745,2176,2033,2000,-556
4.0749,2176,2034,2000,-564
4.0753,2176,2034,2000,-564
4.0756,2176,2034,2000,-564
4.0760,2176,2037,2000,-556
4.0764,2176,2037,2000,-556
4.0768,2176,2039,2000,-556
4.0772,2176,2039,2000,-556
4.0776,2176,2039,2000,-556
4.0780,2176,2041,2000,-556
4.0783,2176,2041,2000,-556
4.0787,2176,2041,2000,-556
4.0791,2176,2043,2000,-556
4.0795,2176,2043,2000,-556
4.0799,2176,2045,2000,-556
4.0803,2188,2045,2000,-556
4.0810,2188,2047,2000,-528
4.0814,2188,2047,2000,-528
4.0819,2188,2049,2000,-528
4.0822,2188,2049,2000,-528
4.0826,2188,2049,2000,-528
4.0830,2188,2051,2000,-528
4.0834,2188,2051,2000,-528
4.0838,2188,2053,2000,-528
4.0842,2188,2053,2000,-528
4.0846,2188,2053,2000,-528
4.0850,2188,2055,2000,-528
4.0854,2188,2055,2000,-528
4.0858,2188,2057,2000,-528
4.0862,2188,2057,2000,-528
4.0866,2188,2057,2000,-528
4.0870,2188,2059,2000,-520
4.0874,2188,2059,2000,-520
4.0878,2188,2062,2000,-512
4.0882,2188,2062,2000,-512
4.0886,2188,2062,2000,-512
4.0890,2188,2063,2000,-520
4.0894,2188,2063,2000,-520
4.0897,2188,2065,2000,-520
4.0901,2199,2065,2000,-520
4.0909,2199,2067,2000,-520
4.0912,2199,2067,2000,-520
4.0916,2199,2067,2000,-520
4.0920,2199,2069,2000,-512
4.0924,2199,2069,2000,-512
4.0928,2199,2071,2000,-512
4.0932,2199,2071,2000,-512
4.0936,2199,2071,2000,-512
4.0940,2199,2073,2000,-512
4.0943,2199,2073,2000,-512
4.0947,2199,2075,2000,-512
4.0951,2199,2075,2000,-512
4.0955,2199,2075,2000,-512
4.0959,2199,2077,2000,-512
4.0963,2199,2077,2000,-512
4.0966,2199,2077,2000,-512
4.0970,2199,2079,2000,-504
4.0974,2199,2079,2000,-504
4.0979,2199,2081,2000,-504
4.0982,2199,2081,2000,-504
4.0986,2199,2081,2000,-504
4.0990,2199,2083,2000,-504
4.0994,2199,2083,2000,-504
4.0998,2199,2085,2000,-496
4.1002,2206,2085,2000,-496
4.1010,2206,2087,2000,-496
4.1014,2206,2087,2000,-496
4.1017,2206,2089,2000,-496
4.1021,2206,2089,2000,-496
4.1025,2206,2089,2000,-496
4.1029,2206,2091,2000,-488
4.1033,2206,2091,2000,-488
4.1036,2206,2093,2000,-488
4.1040,2206,2093,2000,-488
4.1044,2206,2093,2000,-488
4.1049,2206,2095,2000,-480
4.1052,2206,2095,2000,-480
4.1056,2206,2096,2000,-488
4.1060,2206,2096,2000,-488
4.1064,2206,2096,2000,-488
4.1068,2206,2098,2000,-488
4.1072,2206,2098,2000,-488
4.1076,2206,2100,2000,-480
4.1080,2206,2100,2000,-480
4.1084,2206,2100,2000,-480
4.1088,2206,2102,2000,-480
4.1092,2206,2102,2000,-480
4.1096,2206,2104,2000,-472
4.1100,2206,2104,2000,-472
4.1103,2212,2106,2000,-472
4.1111,2212,2106,2000,-472
4.1115,2212,2106,2000,-472
4.1119,2212,2108,2000,-464
4.1123,2212,2108,2000,-464
4.1127,2212,2110,2000,-464
4.1131,2212,2110,2000,-464
4.1134,2212,2110,2000,-464
4.1138,2212,2112,2000,-456
4.1142,2212,2112,2000,-456
4.1146,2212,2114,2000,-456
4.1150,2212,2114,2000,-456
4.1154,2212,2114,2000,-456
4.1158,2212,2115,2000,-456
4.1162,2212,2115,2000,-456
4.1165,2212,2117,2000,-456
4.1169,2212,2117,2000,-456
4.1173,2212,2117,2000,-456
4.1177,2212,2119,2000,-448
4.1181,2212,2119,2000,-448
4.1185,2212,2119,2000,-448
4.1189,2212,2121,2000,-440
4.1192,2212,2121,2000,-440
4.1196,2212,2123,2000,-440
4.1200,2214,2123,2000,-440
4.1209,2214,2125,2000,-416
4.1212,2214,2125,2000,-416
4.1216,2214,2126,2000,-416
4.1220,2214,2126,2000,-416
4.1224,2214,2126,2000,-416
4.1228,2214,2128,1850,-416
4.1232,2214,2128,1850,-416
4.1236,2214,2130,1850,-408
4.1240,2214,2130,1850,-408
4.1244,2214,2130,1850,-408
4.1248,2214,2132,1850,-400
4.1252,2214,2132,1850,-400
4.1256,2214,2134,1850,-392
4.1260,2214,2134,1850,-392
4.1263,2214,2134,1850,-392
4.1267,2214,2136,1850,-384
4.1271,2214,2136,1850,-384
4.1275,2214,2137,1850,-392
4.1279,2214,2137,1850,-392
4.1283,2214,2137,1850,-392
4.1287,2214,2139,1850,-384
4.1290,2214,2139,1850,-384
4.1294,2214,2139,1850,-384
4.1298,2214,2140,1850,-384
4.1302,2214,2142,1850,-376
4.1310,2214,2142,1850,-376
4.1313,2214,2142,1850,-376
4.1317,2214,2144,1850,-368
4.1321,2214,2144,1850,-368
4.1325,2214,2146,1850,-360
4.1329,2214,2146,1850,-360
4.1332,2214,2146,1850,-360
4.1336,2214,2148,1850,-352
4.1340,2214,2148,1850,-352
4.1344,2214,2148,1850,-352
4.1347,2214,2149,1850,-352
4.1351,2214,2149,1850,-352
4.1355,2214,2151,1850,-344
4.1358,2214,2151,1850,-344
4.1362,2214,2151,1850,-344
4.1366,2214,2153,1850,-336
4.1370,2214,2153,1850,-336
4.1374,2214,2153,1850,-336
4.1377,2214,2154,1850,-336
4.1381,2214,2154,1850,-336
4.1385,2214,2156,1850,-320
4.1389,2214,2156,1850,-320
4.1393,2214,2156,1850,-320
4.1397,2214,2158,1850,-312
4.1401,2212,2159,1850,-292
4.1409,2212,2159,1850,-292
4.1413,2212,2159,1850,-292
4.1416,2212,2161,1850,-284
4.1420,2212,2161,1850,-284
4.1424,2212,2162,1700,-284
4.1428,2212,2162,1700,-284
4.1432,2212,2162,1700,-284
4.1436,2212,2164,1700,-268
4.1440,2212,2164,1700,-268
4.1444,2212,2164,1700,-268
4.1448,2212,2165,1700,-268
4.1452,2212,2165,1700,-268
4.1456,2212,2167,1700,-260
4.1460,2212,2167,1700,-260
4.1464,2212,2167,1700,-260
4.1467,2212,2168,1700,-252
4.1471,2212,2168,1700,-252
4.1475,2212,2169,1700,-252
4.1479,2212,2169,1700,-252
4.1482,2212,2169,1700,-252
4.1486,2212,2171,1700,-244
4.1490,2212,2171,1700,-244
4.1494,2212,2173,1700,-228
4.1498,2212,2173,1700,-228
4.1502,2206,2174,1700,-228
4.1509,2206,2174,1700,-228
4.1513,2206,2174,1700,-228
4.1517,2206,2176,1700,-212
4.1520,2206,2176,1700,-212
4.1524,2206,2177,1700,-212
4.1528,2206,2177,1700,-212
4.1532,2206,2177,1700,-212
4.1536,2206,2178,1700,-204
4.1540,2206,2178,1700,-204
4.1543,2206,2178,1700,-204
4.1547,2206,2180,1700,-196
4.1551,2206,2180,1700,-196
4.1555,2206,2181,1700,-188
4.1559,2206,2181,1700,-188
4.1562,2206,2181,1700,-188
4.1566,2206,2183,1700,-180
4.1570,2206,2183,1700,-180
4.1574,2206,2184,1700,-172
4.1577,2206,2184,1700,-172
4.1581,2206,2184,1700,-172
4.1585,2206,2185,1700,-164
4.1588,2206,2185,1700,-164
4.1592,2206,2185,1700,-164
4.1596,2206,2186,1700,-164
4.1599,2206,2186,1700,-164
4.1603,2198,2187,1700,-140
4.1610,2198,2187,1700,-140
4.1614,2198,2188,1700,-132
4.1618,2198,2188,1700,-132
4.1622,2198,2188,1700,-132
4.1626,2198,2190,1400,-116
4.1629,2198,2190,1400,-116
4.1633,2198,2190,1400,-116
4.1636,2198,2191,1400,-116
4.1640,2198,2191,1400,-116
4.1644,2198,2192,1400,-108
4.1647,2198,2192,1400,-108
4.1651,2198,2192,1400,-108
4.1655,2198,2193,1400,-100
4.1659,2198,2193,1400,-100
4.1662,2198,2193,1400,-100
4.1666,2198,2194,1400,-92
4.1670,2198,2194,1400,-92
4.1673,2198,2195,1400,-84
4.1677,2198,2195,1400,-84
4.1681,2198,2195,1400,-84
4.1685,2198,2196,1400,-76
4.1689,2198,2196,1400,-76
4.1692,2198,2196,1400,-76
4.1696,2198,2197,1400,-76
4.1700,2198,2197,1400,-76
4.1704,2188,2198,1400,-68
4.1711,2188,2198,1400,-68
4.1715,2188,2199,1400,-60
4.1718,2188,2199,1400,-60
4.1722,2188,2199,1400,-60
4.1726,2188,2200,1400,-44
4.1729,2188,2200,1400,-44
4.1733,2188,2201,1400,-36
4.1737,2188,2201,1400,-36
4.1741,2188,2201,1400,-36
4.1745,2188,2202,1400,-28
4.1749,2188,2202,1400,-28
4.1753,2188,2203,1400,-20
4.1756,2188,2203,1400,-20
4.1760,2188,2203,1400,-20
4.1764,2188,2204,1400,20
4.1768,2188,2204,1400,20
4.1772,2188,2204,1400,20
4.1776,2188,2204,1400,20
4.1780,2188,2204,1400,20
4.1784,2188,2205,1400,36
4.1788,2188,2205,1400,36
4.1792,2188,2205,1400,36
4.1796,2188,2206,1400,44
4.1799,2188,2206,1400,44
4.1803,2175,2207,1400,64
4.1810,2175,2207,1400,64
4.1814,2175,2208,1400,72
4.1818,2175,2208,1400,72
4.1822,2175,2208,900,80
4.1826,2175,2208,900,80
4.1830,2175,2208,900,80
4.1834,2175,2209,900,88
4.1838,2175,2209,900,88
4.1842,2175,2209,900,88
4.1846,2175,2209,900,88
4.1850,2175,2209,900,88
4.1853,2175,2210,900,96
4.1857,2175,2210,900,96
4.1861,2175,2210,900,96
4.1865,2175,2210,900,96
4.1869,2175,2210,900,96
4.1873,2175,2211,900,104
4.1876,2175,2211,900,104
4.1880,2175,2211,900,104
4.1884,2175,2211,900,104
4.1887,2175,2211,900,104
4.1891,2175,2211,900,104
4.1895,2175,2211,900,112
4.1898,2175,2211,900,112
4.1902,2160,2211,900,112
4.1910,2160,2211,900,112
4.1913,2160,2212,900,128
4.1917,2160,2212,900,128
4.1921,2160,2212,900,128
4.1924,2160,2212,900,128
4.1928,2160,2212,900,128
4.1932,2160,2212,900,136
4.1936,2160,2212,900,136
4.1940,2160,2212,900,136
4.1944,2160,2212,900,144
4.1948,2160,2212,900,144
4.1952,2160,2213,900,152
4.1956,2160,2213,900,152
4.1960,2160,2213,900,152
4.1964,2160,2213,900,160
4.1967,2160,2213,900,160
4.1971,2160,2213,900,160
4.1975,2160,2213,900,168
4.1979,2160,2213,900,168
4.1983,2160,2213,900,168
4.1987,2160,2213,900,168
4.1990,2160,2213,900,168
4.1994,2160,2213,900,176
4.1998,2160,2213,900,176
4.2002,2144,2213,900,164
4.2009,2144,2213,900,164
4.2013,2144,2213,900,172
4.2016,2144,2213,900,172
4.2020,2144,2213,900,172
4.2024,2144,2213,250,180
4.2027,2144,2213,250,180
4.2031,2144,2213,250,180
4.2035,2144,2213,250,188
4.2039,2144,2213,250,188
4.2043,2144,2213,250,188
4.2046,2144,2213,250,188
4.2050,2144,2213,250,188
4.2053,2144,2213,250,196
4.2057,2144,2213,250,196
4.2061,2144,2213,250,196
4.2065,2144,2213,250,204
4.2068,2144,2213,250,204
4.2072,2144,2213,250,212
4.2076,2144,2213,250,212
4.2080,2144,2213,250,212
4.2084,2144,2213,250,220
4.2087,2144,2213,250,220
4.2091,2144,2213,250,228
4.2095,2144,2213,250,228
4.2098,2144,2213,250,228
4.2102,2126,2213,250,236
4.2109,2126,2213,250,236
4.2113,2126,2213,250,244
4.2116,2126,2213,250,244
4.2120,2126,2213,250,244
4.2124,2126,2213,250,252
4.2128,2126,2213,250,252
4.2132,2126,2213,250,268
4.2136,2126,2213,250,268
4.2140,2126,2213,250,268
4.2143,2126,2213,250,276
4.2147,2126,2213,250,276
4.2151,2126,2213,250,284
4.2155,2126,2213,250,284
4.2159,2126,2213,250,284
4.2163,2126,2213,250,292
4.2167,2126,2213,250,292
4.2170,2126,2213,250,292
4.2174,2126,2213,250,300
4.2178,2126,2213,250,300
4.2182,2126,2213,250,308
4.2186,2126,2213,250,308
4.2190,2126,2213,250,308
4.2194,2126,2212,250,316
4.2198,2126,2212,250,316
4.2201,2107,2212,250,344
4.2209,2107,2212,250,344
4.2212,2107,2211,250,344
4.2216,2107,2211,250,344
4.2220,2107,2211,250,344
4.2223,2107,2210,-150,352
4.2227,2107,2210,-150,352
4.2231,2107,2210,-150,360
4.2234,2107,2210,-150,360
4.2238,2107,2210,-150,360
4.2242,2107,2209,-150,360
4.2246,2107,2209,-150,360
4.2250,2107,2209,-150,360
4.2254,2107,2209,-150,376
4.2257,2107,2209,-150,376
4.2261,2107,2208,-150,376
4.2265,2107,2208,-150,376
4.2269,2107,2208,-150,376
4.2273,2107,2207,-150,384
4.2277,2107,2207,-150,384
4.2281,2107,2206,-150,384
4.2285,2107,2206,-150,384
4.2289,2107,2206,-150,384
4.2293,2107,2206,-150,400
4.2296,2107,2206,-150,400
4.2300,2086,2205,-150,400
4.2307,2086,2205,-150,400
4.2311,2086,2204,-150,408
4.2315,2086,2204,-150,408
4.2319,2086,2204,-150,408
4.2323,2086,2203,-150,416
4.2327,2086,2203,-150,416
4.2330,2086,2203,-150,424
4.2334,2086,2203,-150,424
4.2337,2086,2203,-150,424
4.2341,2086,2202,-150,432
4.2345,2086,2202,-150,432
4.2349,2086,2202,-150,432
4.2353,2086,2201,-150,440
4.2356,2086,2201,-150,440
4.2360,2086,2200,-150,440
4.2364,2086,2200,-150,440
4.2368,2086,2200,-150,440
4.2372,2086,2199,-150,448
4.2376,2086,2199,-150,448
4.2380,2086,2198,-150,456
4.2384,2086,2198,-150,456
4.2387,2086,2198,-150,456
4.2391,2086,2197,-150,456
4.2394,2086,2197,-150,456
4.2398,2086,2197,-150,456
4.2402,2065,2196,-150,444
4.2409,2065,2195,-150,452
4.2413,2065,2195,-150,452
4.2417,2065,2195,-150,452
4.2421,2065,2194,-800,460
4.2425,2065,2194,-800,460
4.2429,2065,2194,-800,460
4.2433,2065,2193,-800,468
4.2436,2065,2193,-800,468
4.2440,2065,2192,-800,476
4.2444,2065,2192,-800,476
4.2447,2065,2192,-800,476
4.2451,2065,2191,-800,484
4.2455,2065,2191,-800,484
4.2459,2065,2191,-800,484
4.2463,2065,2190,-800,492
4.2466,2065,2190,-800,492
4.2470,2065,2188,-800,492
4.2474,2065,2188,-800,492
4.2477,2065,2188,-800,492
4.2481,2065,2187,-800,492
4.2485,2065,2187,-800,492
4.2488,2065,2187,-800,492
4.2492,2065,2186,-800,500
4.2496,2065,2186,-800,500
4.2499,2065,2185,-800,508
4.2503,2043,2185,-800,508
4.2510,2043,2184,-800,516
4.2513,2043,2184,-800,516
4.2517,2043,2184,-800,516
4.2521,2043,2183,-800,524
4.2525,2043,2183,-800,524
4.2528,2043,2183,-800,524
4.2532,2043,2181,-800,524
4.2536,2043,2181,-800,524
4.2540,2043,2180,-800,532
4.2544,2043,2180,-800,532
4.2547,2043,2180,-800,532
4.2551,2043,2178,-800,532
4.2555,2043,2178,-800,532
4.2558,2043,2178,-800,532
4.2562,2043,2177,-800,540
4.2566,2043,2177,-800,540
4.2570,2043,2176,-800,548
4.2573,2043,2176,-800,548
4.2577,2043,2176,-800,548
4.2581,2043,2174,-800,548
4.2585,2043,2174,-800,548
4.2589,2043,2173,-800,556
4.2592,2043,2173,-800,556
4.2596,2043,2173,-800,556
4.2600,2043,2172,-800,564
4.2604,2022,2172,-800,564
4.2611,2022,2170,-800,564
4.2615,2022,2170,-800,564
4.2619,2022,2169,-1250,564
4.2622,2022,2169,-1250,564
4.2626,2022,2169,-1250,564
4.2630,2022,2167,-1250,564
4.2634,2022,2167,-1250,564
4.2637,2022,2167,-1250,564
4.2641,2022,2166,-1250,572
4.2645,2022,2166,-1250,572
4.2648,2022,2164,-1250,572
4.2652,2022,2164,-1250,572
4.2656,2022,2164,-1250,572
4.2660,2022,2163,-1250,580
4.2663,2022,2163,-1250,580
4.2667,2022,2163,-1250,580
4.2671,2022,2161,-1250,580
4.2675,2022,2161,-1250,580
4.2678,2022,2159,-1250,580
4.2682,2022,2159,-1250,580
4.2686,2022,2159,-1250,580
4.2690,2022,2158,-1250,588
4.2694,2022,2158,-1250,588
4.2698,2022,2156,-1250,588
4.2702,2001,2156,-1250,588
4.2709,2001,2155,-1250,596
4.2712,2001,2155,-1250,596
4.2716,2001,2155,-1250,596
4.2720,2001,2153,-1250,596
4.2724,2001,2153,-1250,596
4.2728,2001,2151,-1250,596
4.2732,2001,2151,-1250,596
4.2736,2001,2151,-1250,596
4.2740,2001,2150,-1250,600
4.2744,2001,2150,-1250,600
4.2748,2001,2148,-1250,600
4.2752,2001,2148,-1250,600
4.2756,2001,2148,-1250,600
4.2760,2001,2146,-1250,600
4.2764,2001,2146,-1250,600
4.2767,2001,2146,-1250,600
4.2771,2001,2145,-1250,600
4.2775,2001,2145,-1250,600
4.2779,2001,2143,-1250,600
4.2783,2001,2143,-1250,600
4.2786,2001,2143,-1250,600
4.2790,2001,2141,-1250,600
4.2794,2001,2141,-1250,600
4.2798,2001,2139,-1250,576
4.2802,1981,2139,-1250,576
4.2809,1981,2137,-1250,576
4.2813,1981,2137,-1250,576
4.2817,1981,2137,-1250,576
4.2821,1981,2135,-1700,576
4.2825,1981,2135,-1700,576
4.2828,1981,2133,-1700,576
4.2832,1981,2133,-1700,576
4.2836,1981,2133,-1700,576
4.2840,1981,2132,-1700,584
4.2843,1981,2132,-1700,584
4.2847,1981,2130,-1700,584
4.2851,1981,2130,-1700,584
4.2855,1981,2130,-1700,584
4.2859,1981,2128,-1700,584
4.2863,1981,2128,-1700,584
4.2867,1981,2128,-1700,584
4.2870,1981,2126,-1700,584
4.2874,1981,2126,-1700,584
4.2877,1981,2124,-1700,584
4.2881,1981,2124,-1700,584
4.2885,1981,2124,-1700,584
4.2888,1981,2123,-1700,592
4.2892,1981,2123,-1700,592
4.2895,1981,2123,-1700,592
4.2899,1981,2121,-1700,592
4.2903,1961,2121,-1700,592
4.2910,1961,2119,-1700,592
4.2914,1961,2119,-1700,592
4.2918,1961,2117,-1700,592
4.2922,1961,2117,-1700,592
4.2926,1961,2117,-1700,592
4.2929,1961,2115,-1700,592
4.2933,1961,2115,-1700,592
4.2937,1961,2113,-1700,592
4.2941,1961,2113,-1700,592
4.2945,1961,2113,-1700,592
4.2949,1961,2111,-1700,592
4.2953,1961,2111,-1700,592
4.2957,1961,2109,-1700,592
4.2960,1961,2109,-1700,592
4.2964,1961,2109,-1700,592
4.2968,1961,2107,-1700,592
4.2972,1961,2107,-1700,592
4.2976,1961,2107,-1700,592
4.2980,1961,2105,-1700,592
4.2984,1961,2105,-1700,592
4.2988,1961,2103,-1700,592
4.2992,1961,2103,-1700,592
4.2996,1961,2101,-1700,576
4.3000,1944,2101,-1700,576
4.3007,1944,2099,-1700,576
4.3011,1944,2099,-1700,576
4.3015,1944,2099,-1700,576
4.3019,1944,2097,-1900,576
4.3023,1944,2097,-1900,576
4.3027,1944,2096,-1900,584
4.3031,1944,2096,-1900,584
4.3035,1944,2096,-1900,584
4.3039,1944,2094,-1900,584
4.3043,1944,2094,-1900,584
4.3047,1944,2091,-1900,576
4.3051,1944,2091,-1900,576
4.3054,1944,2091,-1900,576
4.3058,1944,2090,-1900,584
4.3062,1944,2090,-1900,584
4.3066,1944,2087,-1900,576
4.3070,1944,2087,-1900,576
4.3074,1944,2087,-1900,576
4.3078,1944,2085,-1900,576
4.3081,1944,2085,-1900,576
4.3085,1944,2085,-1900,576
4.3089,1944,2083,-1900,576
4.3093,1944,2083,-1900,576
4.3097,1944,2081,-1900,576
4.3101,1927,2081,-1900,576
4.3108,1927,2080,-1900,584
4.3112,1927,2080,-1900,584
4.3116,1927,2078,-1900,584
4.3120,1927,2078,-1900,584
4.3124,1927,2078,-1900,584
4.3128,1927,2076,-1900,576
4.3132,1927,2076,-1900,576
4.3136,1927,2074,-1900,576
4.3140,1927,2074,-1900,576
4.3144,1927,2074,-1900,576
4.3148,1927,2072,-1900,576
4.3152,1927,2072,-1900,576
4.3156,1927,2070,-1900,576
4.3160,1927,2070,-1900,576
4.3164,1927,2070,-1900,576
4.3167,1927,2067,-1900,568
4.3171,1927,2067,-1900,568
4.3175,1927,2067,-1900,568
4.3179,1927,2065,-1900,568
4.3183,1927,2065,-1900,568
4.3187,1927,2064,-1900,576
4.3190,1927,2064,-1900,576
4.3194,1927,2064,-1900,576
4.3198,1927,2062,-1900,568
4.3202,1912,2060,-1900,568
4.3209,1912,2060,-1900,568
4.3213,1912,2060,-1900,568
4.3217,1912,2057,-2000,560
4.3220,1912,2057,-2000,560
4.3224,1912,2057,-2000,560
4.3228,1912,2055,-2000,552
4.3232,1912,2055,-2000,552
4.3236,1912,2053,-2000,552
4.3240,1912,2053,-2000,552
4.3244,1912,2053,-2000,552
4.3248,1912,2051,-2000,552
4.3252,1912,2051,-2000,552
4.3256,1912,2049,-2000,552
4.3260,1912,2049,-2000,552
4.3264,1912,2049,-2000,552
4.3268,1912,2047,-2000,552
4.3272,1912,2047,-2000,552
4.3276,1912,2045,-2000,552
4.3280,1912,2045,-2000,552
4.3284,1912,2045,-2000,552
4.3288,1912,2043,-2000,552
4.3291,1912,2043,-2000,552
4.3295,1912,2041,-2000,552
4.3299,1912,2041,-2000,552
4.3303,1900,2039,-2000,544
4.3311,1900,2039,-2000,544
4.3315,1900,2039,-2000,544
4.3318,1900,2037,-2000,544
4.3322,1900,2037,-2000,544
4.3326,1900,2035,-2000,544
4.3330,1900,2035,-2000,544
4.3333,1900,2035,-2000,544
4.3337,1900,2033,-2000,544
4.3341,1900,2033,-2000,544
4.3345,1900,2031,-2000,544
4.3349,1900,2031,-2000,544
4.3352,1900,2031,-2000,544
4.3356,1900,2029,-2000,536
4.3360,1900,2029,-2000,536
4.3364,1900,2029,-2000,536
4.3367,1900,2027,-2000,536
4.3371,1900,2027,-2000,536
4.3375,1900,2025,-2000,536
4.3379,1900,2025,-2000,536
4.3383,1900,2025,-2000,536
4.3386,1900,2023,-2000,536
4.3390,1900,2023,-2000,536
4.3394,1900,2023,-2000,536
4.3398,1900,2021,-2000,508
4.3402,1889,2019,-2000,508
4.3409,1889,2019,-2000,508
4.3413,1889,2019,-2000,508
4.3417,1889,2017,-2000,508
4.3420,1889,2017,-2000,508
4.3424,1889,2015,-2000,508
4.3428,1889,2015,-2000,508
4.3432,1889,2015,-2000,508
4.3436,1889,2013,-2000,500
4.3440,1889,2013,-2000,500
4.3444,1889,2011,-2000,500
4.3448,1889,2011,-2000,500
4.3452,1889,2011,-2000,500
4.3456,1889,2009,-2000,500
4.3459,1889,2009,-2000,500
4.3463,1889,2009,-2000,500
4.3467,1889,2007,-2000,500
4.3471,1889,2007,-2000,500
4.3475,1889,2005,-2000,492
4.3478,1889,2005,-2000,492
4.3482,1889,2005,-2000,492
4.3486,1889,2003,-2000,492
4.3489,1889,2003,-2000,492
4.3493,1889,2003,-2000,492
4.3497,1889,2001,-2000,492
4.3501,1882,1999,-2000,484
4.3508,1882,1999,-2000,484
4.3512,1882,1999,-2000,484
4.3516,1882,1997,-2000,484
4.3520,1882,1997,-2000,484
4.3523,1882,1997,-2000,484
4.3527,1882,1995,-2000,476
4.3531,1882,1995,-2000,476
4.3535,1882,1993,-2000,476
4.3539,1882,1993,-2000,476
4.3543,1882,1993,-2000,476
4.3546,1882,1991,-2000,476
4.3550,1882,1991,-2000,476
4.3554,1882,1989,-2000,468
4.3558,1882,1989,-2000,468
4.3562,1882,1989,-2000,468
4.3566,1882,1987,-2000,468
4.3570,1882,1987,-2000,468
4.3573,1882,1987,-2000,468
4.3577,1882,1986,-2000,468
4.3582,1882,1986,-2000,468
4.3585,1882,1984,-2000,468
4.3590,1882,1984,-2000,468
4.3593,1882,1982,-2000,468
4.3597,1882,1982,-2000,468
4.3601,1876,1980,-2000,460
4.3608,1876,1980,-2000,460
4.3612,1876,1980,-2000,460
4.3616,1876,1979,-1900,460
4.3619,1876,1979,-1900,460
4.3623,1876,1979,-1900,460
4.3626,1876,1977,-1900,460
4.3630,1876,1977,-1900,460
4.3634,1876,1975,-1900,452
4.3639,1876,1975,-1900,452
4.3642,1876,1975,-1900,452
4.3646,1876,1973,-1900,452
4.3650,1876,1973,-1900,452
4.3654,1876,1971,-1900,444
4.3658,1876,1971,-1900,444
4.3662,1876,1971,-1900,444
4.3666,1876,1969,-1900,444
4.3670,1876,1969,-1900,444
4.3674,1876,1967,-1900,436
4.3678,1876,1967,-1900,436
4.3682,1876,1967,-1900,436
4.3686,1876,1965,-1900,436
4.3689,1876,1965,-1900,436
4.3693,1876,1964,-1900,436
4.3697,1876,1964,-1900,436
4.3701,1874,1962,-1900,428
4.3708,1874,1962,-1900,428
4.3712,1874,1962,-1900,428
4.3715,1874,1960,-1900,428
4.3719,1874,1960,-1900,428
4.3723,1874,1958,-1900,420
4.3727,1874,1958,-1900,420
4.3731,1874,1958,-1900,420
4.3735,1874,1957,-1900,420
4.3739,1874,1957,-1900,420
4.3743,1874,1955,-1900,412
4.3746,1874,1955,-1900,412
4.3750,1874,1955,-1900,412
4.3754,1874,1953,-1900,404
4.3757,1874,1953,-1900,404
4.3761,1874,1953,-1900,404
4.3765,1874,1951,-1900,404
4.3768,1874,1951,-1900,404
4.3772,1874,1951,-1900,404
4.3775,1874,1949,-1900,396
4.3779,1874,1949,-1900,396
4.3783,1874,1947,-1900,388
4.3787,1874,1947,-1900,388
4.3791,1874,1947,-1900,388
4.3795,1874,1946,-1900,368
4.3798,1874,1946,-1900,368
4.3802,1874,1944,-1900,360
4.3808,1874,1944,-1900,360
4.3812,1874,1944,-1900,360
4.3816,1874,1942,-1850,352
4.3819,1874,1942,-1850,352
4.3823,1874,1941,-1850,352
4.3826,1874,1941,-1850,352
4.3830,1874,1941,-1850,352
4.3833,1874,1939,-1850,344
4.3837,1874,1939,-1850,344
4.3841,1874,1939,-1850,344
4.3845,1874,1937,-1850,336
4.3849,1874,1937,-1850,336
4.3852,1874,1936,-1850,336
4.3856,1874,1936,-1850,336
4.3860,1874,1936,-1850,336
4.3864,1874,1934,-1850,328
4.3867,1874,1934,-1850,328
4.3871,1874,1934,-1850,328
4.3875,1874,1932,-1850,320
4.3878,1874,1932,-1850,320
4.3882,1874,1931,-1850,320
4.3886,1874,1931,-1850,320
4.3889,1874,1931,-1850,320
4.3893,1874,1929,-1850,312
4.3897,1874,1929,-1850,312
4.3900,1876,1928,-1850,304
4.3907,1876,1928,-1850,304
4.3910,1876,1928,-1850,304
4.3914,1876,1926,-1850,296
4.3917,1876,1926,-1850,296
4.3921,1876,1926,-1850,296
4.3924,1876,1925,-1850,296
4.3928,1876,1925,-1850,296
4.3932,1876,1923,-1850,288
4.3935,1876,1923,-1850,288
4.3939,1876,1923,-1850,288
4.3942,1876,1921,-1850,272
4.3946,1876,1921,-1850,272
4.3950,1876,1921,-1850,272
4.3953,1876,1920,-1850,272
4.3957,1876,1920,-1850,272
4.3961,1876,1920,-1850,272
4.3964,1876,1918,-1850,264
4.3968,1876,1918,-1850,264
4.3972,1876,1917,-1850,256
4.3975,1876,1917,-1850,256
4.3979,1876,1917,-1850,256
4.3982,1876,1915,-1850,248
4.3986,1876,1915,-1850,248
4.3989,1876,1915,-1850,248
4.3993,1876,1914,-1850,228
4.3996,1876,1914,-1850,228
4.4000,1876,1914,-1850,228
4.4003,1882,1913,-1850,220
4.4010,1882,1913,-1850,220
4.4014,1882,1911,-1550,212
4.4017,1882,1911,-1550,212
4.4021,1882,1911,-1550,212
4.4025,1882,1910,-1550,204
4.4029,1882,1910,-1550,204
4.4032,1882,1908,-1550,196
4.4036,1882,1908,-1550,196
4.4040,1882,1908,-1550,196
4.4044,1882,1907,-1550,188
4.4048,1882,1907,-1550,188
4.4052,1882,1906,-1550,180
4.4056,1882,1906,-1550,180
4.4059,1882,1906,-1550,180
4.4063,1882,1905,-1550,180
4.4067,1882,1905,-1550,180
4.4071,1882,1903,-1550,164
4.4075,1882,1903,-1550,164
4.4079,1882,1903,-1550,164
4.4083,1882,1902,-1550,164
4.4087,1882,1902,-1550,164
4.4091,1882,1902,-1550,164
4.4094,1882,1901,-1550,156
4.4098,1882,1901,-1550,156
4.4102,1890,1899,-1550,140
4.4110,1890,1899,-1550,140
4.4114,1890,1898,-1550,140
4.4117,1890,1898,-1550,140
4.4121,1890,1897,-1550,132
4.4125,1890,1897,-1550,132
4.4129,1890,1897,-1550,132
4.4133,1890,1896,-1550,124
4.4137,1890,1896,-1550,124
4.4140,1890,1896,-1550,124
4.4143,1890,1895,-1550,116
4.4147,1890,1895,-1550,116
4.4152,1890,1894,-1550,108
4.4156,1890,1894,-1550,108
4.4159,1890,1894,-1550,108
4.4163,1890,1893,-1550,108
4.4167,1890,1893,-1550,108
4.4171,1890,1891,-1550,92
4.4175,1890,1891,-1550,92
4.4179,1890,1891,-1550,92
4.4183,1890,1890,-1550,84
4.4187,1890,1890,-1550,84
4.4190,1890,1890,-1550,72
4.4194,1890,1890,-1550,72
4.4198,1890,1890,-1550,72
4.4202,1900,1889,-1550,64
4.4209,1900,1889,-1550,64
4.4213,1900,1888,-1150,56
4.4217,1900,1888,-1150,56
4.4221,1900,1887,-1150,48
4.4224,1900,1887,-1150,48
4.4228,1900,1887,-1150,48
4.4232,1900,1886,-1150,40
4.4236,1900,1886,-1150,40
4.4240,1900,1886,-1150,40
4.4244,1900,1885,-1150,24
4.4247,1900,1885,-1150,24
4.4251,1900,1884,-1150,0
4.4255,1900,1884,-1150,0
4.4259,1900,1884,-1150,0
4.4262,1900,1883,-1150,-24
4.4266,1900,1883,-1150,-24
4.4270,1900,1883,-1150,-24
4.4273,1900,1882,-1150,-32
4.4277,1900,1882,-1150,-32
4.4281,1900,1881,-1150,-40
4.4285,1900,1881,-1150,-40
4.4289,1900,1881,-1150,-40
4.4293,1900,1881,-1150,-48
4.4297,1900,1881,-1150,-48
4.4300,1913,1880,-1150,-56
4.4308,1913,1880,-1150,-56
4.4312,1913,1880,-1150,-56
4.4316,1913,1880,-1150,-56
4.4320,1913,1879,-1150,-64
4.4323,1913,1879,-1150,-64
4.4327,1913,1879,-1150,-64
4.4331,1913,1879,-1150,-72
4.4335,1913,1879,-1150,-72
4.4338,1913,1879,-1150,-72
4.4342,1913,1878,-1150,-80
4.4346,1913,1878,-1150,-80
4.4350,1913,1877,-1150,-88
4.4354,1913,1877,-1150,-88
4.4358,1913,1877,-1150,-88
4.4362,1913,1877,-1150,-88
4.4365,1913,1877,-1150,-88
4.4369,1913,1877,-1150,-88
4.4373,1913,1876,-1150,-88
4.4376,1913,1876,-1150,-88
4.4380,1913,1876,-1150,-96
4.4384,1913,1876,-1150,-96
4.4388,1913,1876,-1150,-96
4.4392,1913,1875,-1150,-104
4.4396,1913,1875,-1150,-104
4.4400,1913,1875,-1150,-112
4.4404,1928,1875,-1150,-112
4.4411,1928,1875,-650,-120
4.4415,1928,1875,-650,-120
4.4419,1928,1875,-650,-120
4.4423,1928,1874,-650,-128
4.4426,1928,1874,-650,-128
4.4430,1928,1874,-650,-136
4.4434,1928,1874,-650,-136
4.4438,1928,1874,-650,-136
4.4442,1928,1874,-650,-136
4.4446,1928,1874,-650,-136
4.4450,1928,1874,-650,-144
4.4454,1928,1874,-650,-144
4.4458,1928,1874,-650,-144
4.4462,1928,1874,-650,-152
4.4466,1928,1874,-650,-152
4.4470,1928,1873,-650,-160
4.4473,1928,1873,-650,-160
4.4477,1928,1873,-650,-160
4.4481,1928,1873,-650,-168
4.4485,1928,1873,-650,-168
4.4489,1928,1873,-650,-176
4.4493,1928,1873,-650,-176
4.4496,1928,1873,-650,-176
4.4500,1944,1873,-650,-184
4.4507,1944,1873,-650,-184
4.4511,1944,1873,-650,-192
4.4515,1944,1873,-650,-192
4.4519,1944,1873,-650,-192
4.4523,1944,1873,-650,-192
4.4526,1944,1873,-650,-192
4.4530,1944,1873,-650,-200
4.4534,1944,1873,-650,-200
4.4538,1944,1873,-650,-208
4.4542,1944,1873,-650,-208
4.4546,1944,1873,-650,-208
4.4550,1944,1873,-650,-216
4.4554,1944,1873,-650,-216
4.4558,1944,1873,-650,-216
4.4561,1944,1873,-650,-224
4.4565,1944,1873,-650,-224
4.4569,1944,1873,-650,-232
4.4573,1944,1873,-650,-232
4.4576,1944,1873,-650,-232
4.4580,1944,1873,-650,-240
4.4584,1944,1873,-650,-240
4.4588,1944,1873,-650,-248
4.4592,1944,1873,-650,-248
4.4596,1944,1873,-650,-248
4.4600,1944,1873,-650,-256
4.4604,1962,1873,-650,-256
4.4611,1962,1873,-100,-264
4.4615,1962,1873,-100,-264
4.4619,1962,1873,-100,-272
4.4622,1962,1873,-100,-272
4.4626,1962,1873,-100,-272
4.4629,1962,1873,-100,-280
4.4633,1962,1873,-100,-280
4.4636,1962,1873,-100,-280
4.4640,1962,1873,-100,-288
4.4644,1962,1873,-100,-288
4.4647,1962,1873,-100,-288
4.4651,1962,1873,-100,-304
4.4654,1962,1873,-100,-304
4.4658,1962,1873,-100,-312
4.4662,1962,1873,-100,-312
4.4665,1962,1873,-100,-312
4.4669,1962,1874,-100,-312
4.4673,1962,1874,-100,-312
4.4677,1962,1874,-100,-312
4.4680,1962,1874,-100,-320
4.4684,1962,1874,-100,-320
4.4688,1962,1874,-100,-328
4.4692,1962,1874,-100,-328
4.4696,1962,1874,-100,-328
4.4700,1981,1875,-100,-336
4.4707,1981,1875,-100,-336
4.4711,1981,1876,-100,-336
4.4715,1981,1876,-100,-336
4.4719,1981,1876,-100,-344
4.4722,1981,1876,-100,-344
4.4726,1981,1876,-100,-344
4.4730,1981,1877,-100,-352
4.4734,1981,1877,-100,-352
4.4737,1981,1877,-100,-360
4.4741,1981,1877,-100,-360
4.4745,1981,1877,-100,-360
4.4749,1981,1878,-100,-368
4.4753,1981,1878,-100,-368
4.4757,1981,1878,-100,-368
4.4761,1981,1878,-100,-376
4.4765,1981,1878,-100,-376
4.4768,1981,1879,-100,-384
4.4772,1981,1879,-100,-384
4.4776,1981,1879,-100,-384
4.4780,1981,1880,-100,-384
4.4784,1981,1880,-100,-384
4.4788,1981,1880,-100,-404
4.4792,1981,1880,-100,-404
4.4796,1981,1880,-100,-404
4.4800,2002,1881,-100,-404
4.4807,2002,1882,450,-412
4.4811,2002,1882,450,-412
4.4815,2002,1882,450,-412
4.4819,2002,1883,450,-412
4.4823,2002,1883,450,-412
4.4827,2002,1883,450,-412
4.4830,2002,1884,450,-420
4.4834,2002,1884,450,-420
4.4838,2002,1885,450,-428
4.4842,2002,1885,450,-428
4.4846,2002,1885,450,-428
4.4850,2002,1885,450,-436
4.4853,2002,1885,450,-436
4.4857,2002,1886,450,-444
4.4861,2002,1886,450,-444
4.4865,2002,1886,450,-444
4.4869,2002,1887,450,-452
4.4873,2002,1887,450,-452
4.4877,2002,1887,450,-452
4.4880,2002,1888,450,-452
4.4884,2002,1888,450,-452
4.4888,2002,1889,450,-460
4.4892,2002,1889,450,-460
4.4896,2002,1889,450,-460
4.4900,2002,1890,450,-468
4.4904,2023,1891,450,-476
4.4912,2023,1891,450,-476
4.4916,2023,1891,450,-476
4.4920,2023,1892,450,-484
4.4924,2023,1892,450,-484
4.4927,2023,1893,450,-492
4.4931,2023,1893,450,-492
4.4935,2023,1893,450,-492
4.4939,2023,1894,450,-492
4.4942,2023,1894,450,-492
4.4946,2023,1894,450,-492
4.4950,2023,1896,450,-492
4.4953,2023,1896,450,-492
4.4957,2023,1897,450,-500
4.4961,2023,1897,450,-500
4.4965,2023,1897,450,-500
4.4968,2023,1898,450,-508
4.4972,2023,1898,450,-508
4.4976,2023,1898,450,-508
4.4979,2023,1899,450,-516
4.4983,2023,1899,450,-516
4.4987,2023,1900,450,-508
4.4991,2023,1900,450,-508
4.4995,2023,1900,450,-508
4.4998,2023,1901,450,-516
4.5002,2044,1901,450,-516
4.5009,2044,1902,1000,-524
4.5013,2044,1902,1000,-524
4.5017,2044,1904,1000,-524
4.5021,2044,1904,1000,-524
4.5025,2044,1904,1000,-524
4.5029,2044,1905,1000,-524
4.5033,2044,1905,1000,-524
4.5037,2044,1907,1000,-524
4.5040,2044,1907,1000,-524
4.5044,2044,1907,1000,-524
4.5048,2044,1908,1000,-532
4.5052,2044,1908,1000,-532
4.5056,2044,1909,1000,-540
4.5060,2044,1909,1000,-540
4.5064,2044,1909,1000,-540
4.5068,2044,1911,1000,-540
4.5072,2044,1911,1000,-540
4.5076,2044,1912,1000,-548
4.5080,2044,1912,1000,-548
4.5084,2044,1912,1000,-548
4.5088,2044,1913,1000,-556
4.5092,2044,1913,1000,-556
4.5096,2044,1915,1000,-556
4.5100,2044,1915,1000,-556
4.5104,2066,1916,1000,-564
4.5111,2066,1916,1000,-564
4.5115,2066,1916,1000,-564
4.5119,2066,1918,1000,-564
4.5123,2066,1918,1000,-564
4.5126,2066,1919,1000,-572
4.5130,2066,1919,1000,-572
4.5133,2066,1919,1000,-572
4.5137,2066,1921,1000,-572
4.5141,2066,1921,1000,-572
4.5145,2066,1921,1000,-572
4.5148,2066,1922,1000,-580
4.5152,2066,1922,1000,-580
4.5156,2066,1924,1000,-580
4.5160,2066,1924,1000,-580
4.5164,2066,1924,1000,-580
4.5168,2066,1925,1000,-588
4.5172,2066,1925,1000,-588
4.5176,2066,1927,1000,-588
4.5180,2066,1927,1000,-588
4.5184,2066,1927,1000,-588
4.5188,2066,1928,1000,-580
4.5192,2066,1928,1000,-580
4.5196,2066,1930,1000,-572
4.5200,2086,1930,1000,-572
4.5207,2086,1932,1500,-572
4.5211,2086,1932,1500,-572
4.5215,2086,1932,1500,-572
4.5219,2086,1934,1500,-572
4.5223,2086,1934,1500,-572
4.5226,2086,1935,1500,-580
4.5230,2086,1935,1500,-580
4.5234,2086,1935,1500,-580
4.5237,2086,1937,1500,-580
4.5241,2086,1937,1500,-580
4.5245,2086,1939,1500,-580
4.5249,2086,1939,1500,-580
4.5253,2086,1939,1500,-580
4.5257,2086,1941,1500,-580
4.5261,2086,1941,1500,-580
4.5265,2086,1942,1500,-588
4.5269,2086,1942,1500,-588
4.5272,2086,1942,1500,-588
4.5276,2086,1944,1500,-588
4.5280,2086,1944,1500,-588
4.5284,2086,1944,1500,-588
4.5287,2086,1946,1500,-588
4.5291,2086,1946,1500,-588
4.5295,2086,1947,1500,-596
4.5299,2086,1947,1500,-596
4.5303,2107,1949,1500,-596
4.5310,2107,1949,1500,-596
4.5314,2107,1949,1500,-596
4.5317,2107,1951,1500,-596
4.5321,2107,1951,1500,-596
4.5325,2107,1953,1500,-596
4.5328,2107,1953,1500,-596
4.5333,2107,1953,1500,-596
4.5336,2107,1955,1500,-596
4.5340,2107,1955,1500,-596
4.5344,2107,1955,1500,-596
4.5348,2107,1957,1500,-596
4.5352,2107,1957,1500,-596
4.5356,2107,1958,1500,-600
4.5360,2107,1958,1500,-600
4.5364,2107,1958,1500,-600
4.5367,2107,1960,1500,-600
4.5371,2107,1960,1500,-600
4.5375,2107,1962,1500,-600
4.5379,2107,1962,1500,-600
4.5383,2107,1962,1500,-600
4.5386,2107,1964,1500,-572
4.5390,2107,1964,1500,-572
4.5394,2107,1966,1500,-572
4.5398,2107,1966,1500,-572
4.5402,2127,1968,1800,-572
4.5409,2127,1968,1800,-572
4.5413,2127,1968,1800,-572
4.5417,2127,1970,1800,-572
4.5421,2127,1970,1800,-572
4.5425,2127,1971,1800,-580
4.5429,2127,1971,1800,-580
4.5432,2127,1971,1800,-580
4.5436,2127,1973,1800,-580
4.5440,2127,1973,1800,-580
4.5444,2127,1973,1800,-580
4.5447,2127,1975,1800,-580
4.5451,2127,1975,1800,-580
4.5455,2127,1977,1800,-580
4.5459,2127,1977,1800,-580
4.5463,2127,1977,1800,-580
4.5466,2127,1979,1800,-580
4.5470,2127,1979,1800,-580
4.5474,2127,1981,1800,-580
4.5478,2127,1981,1800,-580
4.5482,2127,1981,1800,-580
4.5486,2127,1983,1800,-580
4.5490,2127,1983,1800,-580
4.5494,2127,1983,1800,-580
4.5497,2127,1985,1800,-580
4.5501,2145,1987,1800,-580
4.5509,2145,1987,1800,-580
4.5512,2145,1987,1800,-580
4.5516,2145,1989,1800,-580
4.5520,2145,1989,1800,-580
4.5524,2145,1991,1800,-580
4.5528,2145,1991,1800,-580
4.5531,2145,1991,1800,-580
4.5535,2145,1992,1800,-588
4.5539,2145,1992,1800,-588
4.5543,2145,1992,1800,-588
4.5546,2145,1994,1800,-588
4.5550,2145,1994,1800,-588
4.5554,2145,1996,1800,-588
4.5558,2145,1996,1800,-588
4.5561,2145,1996,1800,-588
4.5565,2145,1998,1800,-588
4.5569,2145,1998,1800,-588
4.5573,2145,1998,1800,-588
4.5577,2145,2000,1800,-588
4.5580,2145,2000,1800,-588
4.5584,2145,2002,1800,-584
4.5588,2145,2002,1800,-584
4.5592,2145,2002,1800,-584
4.5596,2145,2004,1800,-584
4.5600,2145,2004,1800,-584
4.5603,2161,2007,1950,-576
4.5610,2161,2007,1950,-576
4.5614,2161,2008,1950,-576
4.5618,2161,2008,1950,-576
4.5622,2161,2008,1950,-576
4.5626,2161,2010,1950,-576
4.5630,2161,2010,1950,-576
4.5634,2161,2012,1950,-576
4.5638,2161,2012,1950,-576
4.5642,2161,2012,1950,-576
4.5646,2161,2014,1950,-576
4.5650,2161,2014,1950,-576
4.5654,2161,2016,1950,-576
4.5658,2161,2016,1950,-576
4.5662,2161,2016,1950,-576
4.5666,2161,2018,1950,-576
4.5670,2161,2018,1950,-576
4.5674,2161,2020,1950,-576
4.5678,2161,2020,1950,-576
4.5682,2161,2020,1950,-576
4.5686,2161,2022,1950,-576
4.5689,2161,2022,1950,-576
4.5693,2161,2024,1950,-576
4.5696,2161,2024,1950,-576
4.5700,2176,2026,1950,-576
4.5707,2176,2026,1950,-576
4.5711,2176,2026,1950,-576
4.5715,2176,2028,1950,-576
4.5719,2176,2028,1950,-576
4.5723,2176,2030,1950,-576
4.5727,2176,2030,1950,-576
4.5730,2176,2030,1950,-576
4.5734,2176,2032,1950,-576
4.5738,2176,2032,1950,-576
4.5742,2176,2035,1950,-568
4.5746,2176,2035,1950,-568
4.5750,2176,2035,1950,-568
4.5754,2176,2037,1950,-568
4.5759,2176,2037,1950,-568
4.5763,2176,2039,1950,-560
4.5766,2176,2039,1950,-560
4.5770,2176,2039,1950,-560
4.5774,2176,2041,1950,-560
4.5778,2176,2041,1950,-560
4.5782,2176,2043,1950,-540
4.5786,2176,2043,1950,-540
4.5790,2176,2043,1950,-540
4.5794,2176,2044,1950,-548
4.5798,2176,2044,1950,-548
4.5802,2188,2047,2000,-540
4.5810,2188,2047,2000,-540
4.5814,2188,2049,2000,-532
4.5817,2188,2049,2000,-532
4.5821,2188,2049,2000,-532
4.5825,2188,2051,2000,-532
4.5829,2188,2051,2000,-532
4.5833,2188,2053,2000,-532
4.5836,2188,2053,2000,-532
4.5840,2188,2053,2000,-532
4.5844,2188,2055,2000,-532
4.5848,2188,2055,2000,-532
4.5852,2188,2057,2000,-532
4.5856,2188,2057,2000,-532
4.5860,2188,2057,2000,-532
4.5864,2188,2059,2000,-532
4.5868,2188,2059,2000,-532
4.5872,2188,2061,2000,-532
4.5876,2188,2061,2000,-532
4.5880,2188,2061,2000,-532
4.5883,2188,2063,2000,-524
4.5887,2188,2063,2000,-524
4.5891,2188,2063,2000,-524
4.5895,2188,2065,2000,-524
4.5899,2188,2065,2000,-524
4.5903,2199,2067,2000,-524
4.5910,2199,2067,2000,-524
4.5914,2199,2069,2000,-524
4.5918,2199,2069,2000,-524
4.5922,2199,2071,2000,-516
4.5926,2199,2071,2000,-516
4.5930,2199,2071,2000,-516
4.5934,2199,2073,2000,-516
4.5938,2199,2073,2000,-516
4.5942,2199,2075,2000,-516
4.5946,2199,2075,2000,-516
4.5950,2199,2075,2000,-516
4.5954,2199,2077,2000,-516
4.5957,2199,2077,2000,-516
4.5961,2199,2079,2000,-508
4.5966,2199,2079,2000,-508
4.5970,2199,2079,2000,-508
4.5974,2199,2081,2000,-508
4.5977,2199,2081,2000,-508
4.5981,2199,2083,2000,-504
4.5985,2199,2083,2000,-504
4.5989,2199,2083,2000,-504
4.5993,2199,2085,2000,-496
4.5997,2199,2085,2000,-496
4.6001,2206,2087,2000,-496
4.6008,2206,2087,2000,-496
4.6012,2206,2089,2000,-496
4.6016,2206,2089,2000,-496
4.6020,2206,2089,2000,-496
4.6024,2206,2091,2000,-488
4.6028,2206,2091,2000,-488
4.6032,2206,2093,2000,-488
4.6036,2206,2093,2000,-488
4.6039,2206,2093,2000,-488
4.6043,2206,2095,2000,-488
4.6047,2206,2095,2000,-488
4.6051,2206,2096,2000,-488
4.6055,2206,2096,2000,-488
4.6059,2206,2096,2000,-488
4.6062,2206,2098,2000,-488
4.6066,2206,2098,2000,-488
4.6070,2206,2098,2000,-488
4.6074,2206,2100,2000,-480
4.6078,2206,2100,2000,-480
4.6082,2206,2102,2000,-480
4.6086,2206,2102,2000,-480
4.6090,2206,2102,2000,-480
4.6094,2206,2104,2000,-472
4.6098,2206,2104,2000,-472
4.6102,2212,2106,2000,-472
4.6109,2212,2106,2000,-472
4.6113,2212,2108,2000,-464
4.6117,2212,2108,2000,-464
4.6121,2212,2110,2000,-464
4.6125,2212,2110,2000,-464
4.6129,2212,2110,2000,-464
4.6133,2212,2112,2000,-456
4.6136,2212,2112,2000,-456
4.6140,2212,2112,2000,-456
4.6144,2212,2114,2000,-456
4.6148,2212,2114,2000,-456
4.6152,2212,2115,2000,-456
4.6156,2212,2115,2000,-456
4.6160,2212,2115,2000,-456
4.6164,2212,2117,2000,-456
4.6168,2212,2117,2000,-456
4.6171,2212,2119,2000,-448
4.6175,2212,2119,2000,-448
4.6179,2212,2119,2000,-448
4.6183,2212,2121,2000,-424
4.6186,2212,2121,2000,-424
4.6191,2212,2123,2000,-424
4.6195,2212,2123,2000,-424
4.6199,2212,2123,2000,-424
4.6203,2214,2125,1900,-416
4.6210,2214,2126,1900,-416
4.6214,2214,2126,1900,-416
4.6218,2214,2126,1900,-416
4.6222,2214,2128,1900,-416
4.6226,2214,2128,1900,-416
4.6230,2214,2130,1900,-408
4.6234,2214,2130,1900,-408
4.6239,2214,2130,1900,-408
4.6243,2214,2132,1900,-400
4.6246,2214,2132,1900,-400
4.6250,2214,2134,1900,-392
4.6254,2214,2134,1900,-392
4.6257,2214,2134,1900,-392
4.6261,2214,2136,1900,-392
4.6265,2214,2136,1900,-392
4.6268,2214,2136,1900,-392
4.6272,2214,2137,1900,-392
4.6276,2214,2137,1900,-392
4.6280,2214,2137,1900,-392
4.6283,2214,2139,1900,-384
4.6287,2214,2139,1900,-384
4.6291,2214,2141,1900,-376
4.6294,2214,2141,1900,-376
4.6298,2214,2141,1900,-376
4.6302,2214,2142,1900,-376
4.6309,2214,2142,1900,-376
4.6313,2214,2144,1900,-368
4.6317,2214,2144,1900,-368
4.6321,2214,2146,1900,-360
4.6325,2214,2146,1900,-360
4.6329,2214,2146,1900,-360
4.6333,2214,2148,1900,-352
4.6337,2214,2148,1900,-352
4.6340,2214,2150,1900,-344
4.6344,2214,2150,1900,-344
4.6348,2214,2150,1900,-344
4.6352,2214,2151,1900,-344
4.6356,2214,2151,1900,-344
4.6360,2214,2153,1900,-336
4.6364,2214,2153,1900,-336
4.6369,2214,2153,1900,-336
4.6372,2214,2155,1900,-328
4.6376,2214,2155,1900,-328
4.6380,2214,2156,1900,-312
4.6384,2214,2156,1900,-312
4.6388,2214,2156,1900,-312
4.6392,2214,2158,1900,-296
4.6396,2214,2158,1900,-296
4.6400,2212,2160,1750,-288
4.6407,2212,2160,1750,-288
4.6411,2212,2161,1750,-288
4.6415,2212,2161,1750,-288
4.6418,2212,2161,1750,-288
4.6422,2212,2163,1750,-280
4.6426,2212,2163,1750,-280
4.6429,2212,2164,1750,-272
4.6433,2212,2164,1750,-272
4.6437,2212,2164,1750,-272
4.6441,2212,2166,1750,-264
4.6445,2212,2166,1750,-264
4.6449,2212,2167,1750,-264
4.6453,2212,2167,1750,-264
4.6457,2212,2167,1750,-264
4.6460,2212,2168,1750,-264
4.6464,2212,2168,1750,-264
4.6468,2212,2168,1750,-264
4.6472,2212,2170,1750,-248
4.6475,2212,2170,1750,-248
4.6479,2212,2171,1750,-248
4.6483,2212,2171,1750,-248
4.6486,2212,2171,1750,-248
4.6490,2212,2173,1750,-232
4.6494,2212,2173,1750,-232
4.6498,2212,2174,1750,-232
4.6502,2206,2174,1750,-232
4.6510,2206,2176,1750,-216
4.6513,2206,2176,1750,-216
4.6517,2206,2176,1750,-216
4.6521,2206,2177,1750,-216
4.6524,2206,2177,1750,-216
4.6528,2206,2177,1750,-216
4.6532,2206,2179,1750,-200
4.6536,2206,2179,1750,-200
4.6540,2206,2180,1750,-200
4.6544,2206,2180,1750,-200
4.6548,2206,2182,1750,-184
4.6552,2206,2182,1750,-184
4.6556,2206,2182,1750,-184
4.6559,2206,2183,1750,-184
4.6563,2206,2183,1750,-184
4.6567,2206,2183,1750,-184
4.6571,2206,2184,1750,-176
4.6575,2206,2184,1750,-176
4.6579,2206,2185,1750,-144
4.6582,2206,2185,1750,-144
4.6586,2206,2185,1750,-144
4.6590,2206,2186,1750,-144
4.6593,2206,2186,1750,-144
4.6597,2206,2186,1750,-144
4.6601,2198,2188,1400,-128
4.6608,2198,2189,1400,-120
4.6612,2198,2189,1400,-120
4.6616,2198,2189,1400,-120
4.6620,2198,2190,1400,-120
4.6624,2198,2190,1400,-120
4.6628,2198,2191,1400,-112
4.6632,2198,2191,1400,-112
4.6636,2198,2191,1400,-112
4.6640,2198,2192,1400,-104
4.6644,2198,2192,1400,-104
4.6648,2198,2193,1400,-96
4.6652,2198,2193,1400,-96
4.6656,2198,2193,1400,-96
4.6660,2198,2194,1400,-88
4.6664,2198,2194,1400,-88
4.6668,2198,2196,1400,-80
4.6672,2198,2196,1400,-80
4.6676,2198,2196,1400,-80
4.6680,2198,2197,1400,-72
4.6684,2198,2197,1400,-72
4.6688,2198,2198,1400,-64
4.6692,2198,2198,1400,-64
4.6696,2198,2198,1400,-64
4.6700,2188,2199,1400,-56
4.6707,2188,2199,1400,-56
4.6711,2188,2199,1400,-56
4.6715,2188,2199,1400,-56
4.6718,2188,2200,1400,-48
4.6723,2188,2200,1400,-48
4.6726,2188,2200,1400,-48
4.6730,2188,2201,1400,-32
4.6734,2188,2201,1400,-32
4.6738,2188,2202,1400,-24
4.6742,2188,2202,1400,-24
4.6746,2188,2202,1400,-24
4.6750,2188,2203,1400,0
4.6755,2188,2203,1400,0
4.6758,2188,2204,1400,24
4.6762,2188,2204,1400,24
4.6766,2188,2204,1400,24
4.6770,2188,2205,1400,32
4.6774,2188,2205,1400,32
4.6778,2188,2205,1400,32
4.6782,2188,2205,1400,32
4.6786,2188,2205,1400,32
4.6790,2188,2206,1400,48
4.6794,2188,2206,1400,48
4.6798,2188,2207,950,56
4.6802,2175,2207,950,56
4.6809,2175,2207,950,56
4.6813,2175,2207,950,56
4.6817,2175,2207,950,56
4.6820,2175,2208,950,72
4.6824,2175,2208,950,72
4.6828,2175,2209,950,80
4.6832,2175,2209,950,80
4.6836,2175,2209,950,80
4.6840,2175,2209,950,80
4.6844,2175,2209,950,80
4.6847,2175,2210,950,88
4.6851,2175,2210,950,88
4.6855,2175,2210,950,88
4.6859,2175,2210,950,88
4.6862,2175,2210,950,88
4.6866,2175,2210,950,88
4.6870,2175,2211,950,96
4.6873,2175,2211,950,96
4.6877,2175,2211,950,96
4.6881,2175,2211,950,96
4.6885,2175,2211,950,96
4.6888,2175,2211,950,104
4.6892,2175,2211,950,104
4.6896,2175,2211,950,104
4.6900,2175,2211,950,104
4.6904,2160,2212,950,120
4.6911,2160,2212,950,120
4.6915,2160,2212,950,120
4.6918,2160,2212,950,120
4.6922,2160,2212,950,120
4.6926,2160,2212,950,120
4.6930,2160,2212,950,128
4.6933,2160,2212,950,128
4.6937,2160,2213,950,144
4.6941,2160,2213,950,144
4.6945,2160,2213,950,144
4.6949,2160,2213,950,144
4.6952,2160,2213,950,144
4.6956,2160,2213,950,144
4.6960,2160,2213,950,152
4.6963,2160,2213,950,152
4.6967,2160,2213,950,160
4.6970,2160,2213,950,160
4.6974,2160,2213,950,160
4.6978,2160,2213,950,152
4.6982,2160,2213,950,152
4.6985,2160,2213,950,152
4.6989,2160,2213,950,160
4.6993,2160,2213,950,160
4.6996,2160,2213,300,168
4.7000,2160,2213,300,168
4.7003,2144,2213,300,176
4.7010,2144,2213,300,176
4.7013,2144,2213,300,176
4.7021,2144,2213,300,176
4.7027,2144,2213,300,184
4.7031,2144,2213,300,184
4.7038,2144,2213,300,192
4.7042,2144,2213,300,192
4.7046,2144,2213,300,192
4.7049,2144,2213,300,200
4.7053,2144,2213,300,200
4.7057,2144,2213,300,208
4.7060,2144,2213,300,208
4.7064,2144,2213,300,208
4.7068,2144,2213,300,216
4.7072,2144,2213,300,216
4.7076,2144,2213,300,224
4.7079,2144,2213,300,224
4.7083,2144,2213,300,224
4.7087,2144,2213,300,232
4.7091,2144,2213,300,232
4.7095,2144,2213,300,232
4.7099,2144,2213,300,240
4.7102,2126,2213,300,248
4.7110,2126,2213,300,248
4.7113,2126,2213,300,248
4.7117,2126,2213,300,256
4.7121,2126,2213,300,256
4.7125,2126,2213,300,256
4.7128,2126,2213,300,264
4.7132,2126,2213,300,264
4.7135,2126,2213,300,280
4.7139,2126,2213,300,280
4.7142,2126,2213,300,280
4.7146,2126,2213,300,288
4.7150,2126,2213,300,288
4.7154,2126,2213,300,288
4.7157,2126,2213,300,296
4.7161,2126,2213,300,296
4.7164,2126,2213,300,296
4.7170,2126,2213,300,304
4.7174,2126,2213,300,304
4.7179,2126,2213,300,328
4.7182,2126,2213,300,328
4.7186,2126,2213,300,344
4.7190,2126,2213,300,344
4.7193,2126,2213,300,344
4.7197,2126,2212,-50,344
4.7201,2107,2212,-50,344
4.7208,2107,2212,-50,352
4.7212,2107,2212,-50,352
4.7216,2107,2211,-50,360
4.7219,2107,2211,-50,360
4.7223,2107,2211,-50,360
4.7226,2107,2211,-50,368
4.7230,2107,2211,-50,368
4.7233,2107,2211,-50,368
4.7237,2107,2210,-50,368
4.7241,2107,2210,-50,368
4.7244,2107,2210,-50,368
4.7248,2107,2209,-50,376
4.7252,2107,2209,-50,376
4.7256,2107,2209,-50,384
4.7259,2107,2209,-50,384
4.7263,2107,2209,-50,384
4.7267,2107,2208,-50,392
4.7270,2107,2208,-50,392
4.7274,2107,2208,-50,392
4.7277,2107,2207,-50,392
4.7281,2107,2207,-50,392
4.7284,2107,2207,-50,392
4.7288,2107,2206,-50,400
4.7292,2107,2206,-50,400
4.7295,2107,2206,-50,408
4.7299,2107,2206,-50,408
4.7303,2086,2205,-50,416
4.7310,2086,2205,-50,416
4.7314,2086,2205,-50,416
4.7317,2086,2204,-50,416
4.7321,2086,2204,-50,416
4.7324,2086,2204,-50,416
4.7328,2086,2203,-50,424
4.7332,2086,2203,-50,424
4.7336,2086,2203,-50,440
4.7340,2086,2203,-50,440
4.7344,2086,2203,-50,440
4.7349,2086,2202,-50,440
4.7353,2086,2202,-50,440
4.7357,2086,2200,-50,440
4.7361,2086,2200,-50,440
4.7365,2086,2199,-50,448
4.7368,2086,2199,-50,448
4.7372,2086,2199,-50,448
4.7375,2086,2198,-50,440
4.7379,2086,2198,-50,440
4.7383,2086,2198,-50,440
4.7386,2086,2198,-50,448
4.7390,2086,2198,-50,448
4.7393,2086,2198,-50,448
4.7397,2086,2197,-750,456
4.7401,2065,2196,-750,464
4.7408,2065,2196,-750,464
4.7412,2065,2196,-750,464
4.7416,2065,2195,-750,472
4.7419,2065,2195,-750,472
4.7423,2065,2195,-750,472
4.7427,2065,2194,-750,480
4.7431,2065,2194,-750,480
4.7434,2065,2192,-750,480
4.7438,2065,2192,-750,480
4.7442,2065,2192,-750,480
4.7446,2065,2191,-750,488
4.7449,2065,2191,-750,488
4.7453,2065,2191,-750,488
4.7457,2065,2190,-750,488
4.7461,2065,2190,-750,488
4.7465,2065,2189,-750,496
4.7468,2065,2189,-750,496
4.7472,2065,2189,-750,496
4.7476,2065,2188,-750,504
4.7480,2065,2188,-750,504
4.7483,2065,2188,-750,504
4.7487,2065,2187,-750,512
4.7491,2065,2187,-750,512
4.7494,2065,2185,-750,512
4.7498,2065,2185,-750,512
4.7502,2044,2184,-750,520
4.7509,2044,2184,-750,520
4.7513,2044,2184,-750,520
4.7516,2044,2183,-750,528
4.7520,2044,2183,-750,528
4.7523,2044,2182,-750,536
4.7527,2044,2182,-750,536
4.7531,2044,2182,-750,536
4.7534,2044,2180,-750,536
4.7538,2044,2180,-750,536
4.7542,2044,2180,-750,536
4.7545,2044,2179,-750,536
4.7549,2044,2179,-750,536
4.7552,2044,2179,-750,536
4.7556,2044,2177,-750,536
4.7560,2044,2177,-750,536
4.7563,2044,2176,-750,544
4.7567,2044,2176,-750,544
4.7571,2044,2176,-750,544
4.7574,2044,2175,-750,544
4.7578,2044,2175,-750,544
4.7582,2044,2175,-750,544
4.7585,2044,2173,-750,544
4.7589,2044,2173,-750,544
4.7592,2044,2173,-750,544
4.7596,2044,2172,-1250,552
4.7600,2044,2172,-1250,552
4.7603,2022,2171,-1250,560
4.7610,2022,2171,-1250,560
4.7613,2022,2169,-1250,560
4.7617,2022,2169,-1250,560
4.7621,2022,2169,-1250,560
4.7625,2022,2168,-1250,568
4.7628,2022,2168,-1250,568
4.7632,2022,2168,-1250,568
4.7635,2022,2166,-1250,568
4.7638,2022,2166,-1250,568
4.7642,2022,2166,-1250,568
4.7645,2022,2164,-1250,568
4.7648,2022,2164,-1250,568
4.7652,2022,2164,-1250,568
4.7655,2022,2163,-1250,576
4.7658,2022,2163,-1250,576
4.7662,2022,2163,-1250,576
4.7665,2022,2162,-1250,584
4.7669,2022,2162,-1250,584
4.7672,2022,2162,-1250,584
4.7675,2022,2160,-1250,584
4.7679,2022,2160,-1250,584
4.7682,2022,2160,-1250,584
4.7685,2022,2158,-1250,584
4.7689,2022,2158,-1250,584
4.7692,2022,2158,-1250,584
4.7695,2022,2157,-1250,592
4.7699,2022,2157,-1250,592
4.7702,2001,2155,-1250,584
4.7708,2001,2155,-1250,584
4.7711,2001,2155,-1250,584
4.7715,2001,2153,-1250,584
4.7718,2001,2153,-1250,584
4.7721,2001,2153,-1250,584
4.7725,2001,2152,-1250,592
4.7728,2001,2152,-1250,592
4.7732,2001,2152,-1250,592
4.7735,2001,2150,-1250,592
4.7738,2001,2150,-1250,592
4.7742,2001,2150,-1250,592
4.7745,2001,2148,-1250,592
4.7749,2001,2148,-1250,592
4.7752,2001,2148,-1250,592
4.7755,2001,2147,-1250,600
4.7759,2001,2147,-1250,600
4.7762,2001,2147,-1250,600
4.7765,2001,2145,-1250,600
4.7769,2001,2145,-1250,600
4.7772,2001,2145,-1250,600
4.7775,2001,2143,-1250,572
4.7779,2001,2143,-1250,572
4.7782,2001,2143,-1250,572
4.7785,2001,2141,-1250,572
4.7788,2001,2141,-1250,572
4.7792,2001,2141,-1250,572
4.7795,2001,2139,-1650,572
4.7798,2001,2139,-1650,572
4.7802,1981,2137,-1650,572
4.7808,1981,2137,-1650,572
4.7811,1981,2137,-1650,572
4.7815,1981,2136,-1650,580
4.7818,1981,2136,-1650,580
4.7821,1981,2136,-1650,580
4.7825,1981,2134,-1650,580
4.7828,1981,2134,-1650,580
4.7831,1981,2134,-1650,580
4.7835,1981,2132,-1650,580
4.7838,1981,2132,-1650,580
4.7841,1981,2132,-1650,580
4.7845,1981,2130,-1650,580
4.7848,1981,2130,-1650,580
4.7852,1981,2130,-1650,580
4.7855,1981,2128,-1650,580
4.7858,1981,2128,-1650,580
4.7862,1981,2128,-1650,580
4.7865,1981,2126,-1650,580
4.7868,1981,2126,-1650,580
4.7872,1981,2125,-1650,588
4.7875,1981,2125,-1650,588
4.7878,1981,2125,-1650,588
4.7882,1981,2123,-1650,588
4.7885,1981,2123,-1650,588
4.7888,1981,2123,-1650,588
4.7892,1981,2121,-1650,588
4.7896,1981,2121,-1650,588
4.7899,1981,2121,-1650,588
4.7902,1961,2119,-1650,588
4.7908,1961,2119,-1650,588
4.7912,1961,2117,-1650,588
4.7915,1961,2117,-1650,588
4.7919,1961,2117,-1650,588
4.7922,1961,2115,-1650,588
4.7925,1961,2115,-1650,588
4.7929,1961,2115,-1650,588
4.7932,1961,2113,-1650,588
4.7935,1961,2113,-1650,588
4.7939,1961,2113,-1650,588
4.7942,1961,2112,-1650,596
4.7945,1961,2112,-1650,596
4.7949,1961,2112,-1650,596
4.7952,1961,2110,-1650,596
4.7955,1961,2110,-1650,596
4.7959,1961,2110,-1650,596
4.7962,1961,2108,-1650,596
4.7965,1961,2108,-1650,596
4.7969,1961,2108,-1650,596
4.7972,1961,2106,-1650,580
4.7975,1961,2106,-1650,580
4.7978,1961,2106,-1650,580
4.7982,1961,2104,-1650,580
4.7985,1961,2104,-1650,580
4.7988,1961,2104,-1650,580
4.7992,1961,2102,-1850,580
4.7995,1961,2102,-1850,580
4.7999,1961,2102,-1850,580
4.8002,1943,2100,-1850,580
4.8008,1943,2100,-1850,580
4.8011,1943,2098,-1850,580
4.8015,1943,2098,-1850,580
4.8018,1943,2098,-1850,580
4.8021,1943,2096,-1850,580
4.8025,1943,2096,-1850,580
4.8028,1943,2096,-1850,580
4.8031,1943,2094,-1850,580
4.8035,1943,2094,-1850,580
4.8038,1943,2094,-1850,580
4.8041,1943,2092,-1850,580
4.8045,1943,2092,-1850,580
4.8048,1943,2092,-1850,580
4.8051,1943,2090,-1850,580
4.8055,1943,2090,-1850,580
4.8058,1943,2090,-1850,580
4.8062,1943,2088,-1850,580
4.8065,1943,2088,-1850,580
4.8068,1943,2088,-1850,580
4.8072,1943,2086,-1850,580
4.8075,1943,2086,-1850,580
4.8079,1943,2086,-1850,580
4.8082,1943,2084,-1850,580
4.8085,1943,2084,-1850,580
4.8089,1943,2084,-1850,580
4.8092,1943,2082,-1850,580
4.8095,1943,2082,-1850,580
4.8099,1943,2082,-1850,580
4.8102,1927,2080,-1850,580
4.8108,1927,2080,-1850,580
4.8112,1927,2078,-1850,580
4.8115,1927,2078,-1850,580
4.8119,1927,2078,-1850,580
4.8122,1927,2076,-1850,572
4.8126,1927,2076,-1850,572
4.8129,1927,2076,-1850,572
4.8132,1927,2074,-1850,572
4.8136,1927,2074,-1850,572
4.8139,1927,2074,-1850,572
4.8142,1927,2072,-1850,572
4.8146,1927,2072,-1850,572
4.8149,1927,2072,-1850,572
4.8152,1927,2070,-1850,572
4.8156,1927,2070,-1850,572
4.8159,1927,2070,-1850,572
4.8163,1927,2068,-1850,572
4.8167,1927,2068,-1850,572
4.8171,1927,2066,-1850,556
4.8174,1927,2066,-1850,556
4.8178,1927,2066,-1850,556
4.8181,1927,2064,-1850,556
4.8185,1927,2064,-1850,556
4.8188,1927,2064,-1850,556
4.8191,1927,2062,-2000,556
4.8195,1927,2062,-2000,556
4.8198,1927,2062,-2000,556
4.8201,1912,2060,-2000,556
4.8208,1912,2060,-2000,556
4.8211,1912,2058,-2000,556
4.8214,1912,2058,-2000,556
4.8218,1912,2058,-2000,556
4.8221,1912,2056,-2000,548
4.8224,1912,2056,-2000,548
4.8228,1912,2056,-2000,548
4.8231,1912,2054,-2000,548
4.8234,1912,2054,-2000,548
4.8238,1912,2054,-2000,548
4.8241,1912,2052,-2000,548
4.8244,1912,2052,-2000,548
4.8248,1912,2052,-2000,548
4.8251,1912,2050,-2000,548
4.8254,1912,2050,-2000,548
4.8258,1912,2050,-2000,548
4.8261,1912,2048,-2000,548
4.8265,1912,2048,-2000,548
4.8269,1912,2048,-2000,548
4.8272,1912,2046,-2000,548
4.8275,1912,2046,-2000,548
4.8279,1912,2046,-2000,548
4.8282,1912,2044,-2000,548
4.8285,1912,2044,-2000,548
4.8288,1912,2044,-2000,548
4.8292,1912,2042,-2000,548
4.8295,1912,2042,-2000,548
4.8298,1912,2042,-2000,548
4.8301,1900,2040,-2000,540
4.8308,1900,2040,-2000,540
4.8311,1900,2038,-2000,540
4.8314,1900,2038,-2000,540
4.8318,1900,2038,-2000,540
4.8322,1900,2035,-2000,532
4.8325,1900,2035,-2000,532
4.8328,1900,2035,-2000,532
4.8331,1900,2034,-2000,540
4.8335,1900,2034,-2000,540
4.8338,1900,2034,-2000,540
4.8341,1900,2031,-2000,532
4.8344,1900,2031,-2000,532
4.8348,1900,2031,-2000,532
4.8351,1900,2029,-2000,532
4.8354,1900,2029,-2000,532
4.8358,1900,2029,-2000,532
4.8361,1900,2028,-2000,532
4.8364,1900,2028,-2000,532
4.8368,1900,2028,-2000,532
4.8372,1900,2026,-2000,524
4.8375,1900,2026,-2000,524
4.8378,1900,2026,-2000,524
4.8382,1900,2024,-2000,524
4.8385,1900,2024,-2000,524
4.8388,1900,2024,-2000,524
4.8391,1900,2022,-2000,524
4.8394,1900,2022,-2000,524
4.8398,1900,2022,-2000,524
4.8401,1889,2020,-2000,516
4.8408,1889,2020,-2000,516
4.8411,1889,2018,-2000,516
4.8414,1889,2018,-2000,516
4.8418,1889,2018,-2000,516
4.8421,1889,2015,-2000,508
4.8425,1889,2015,-2000,508
4.8428,1889,2015,-2000,508
4.8431,1889,2013,-2000,508
4.8434,1889,2013,-2000,508
4.8438,1889,2013,-2000,508
4.8441,1889,2012,-2000,516
4.8444,1889,2012,-2000,516
4.8448,1889,2012,-2000,516
4.8451,1889,2010,-2000,508
4.8454,1889,2010,-2000,508
4.8458,1889,2010,-2000,508
4.8461,1889,2008,-2000,508
4.8464,1889,2008,-2000,508
4.8468,1889,2008,-2000,508
4.8471,1889,2006,-2000,508
4.8475,1889,2006,-2000,508
4.8478,1889,2006,-2000,508
4.8481,1889,2004,-2000,500
4.8485,1889,2004,-2000,500
4.8488,1889,2004,-2000,500
4.8491,1889,2002,-2000,500
4.8494,1889,2002,-2000,500
4.8498,1889,2002,-2000,500
4.8501,1882,2000,-2000,500
4.8508,1882,2000,-2000,500
4.8511,1882,1998,-2000,492
4.8514,1882,1998,-2000,492
4.8518,1882,1998,-2000,492
4.8521,1882,1996,-2000,492
4.8524,1882,1996,-2000,492
4.8528,1882,1996,-2000,492
4.8531,1882,1994,-2000,492
4.8535,1882,1994,-2000,492
4.8538,1882,1994,-2000,492
4.8541,1882,1992,-2000,484
4.8544,1882,1992,-2000,484
4.8548,1882,1992,-2000,484
4.8551,1882,1990,-2000,484
4.8554,1882,1990,-2000,484
4.8558,1882,1990,-2000,484
4.8561,1882,1988,-2000,476
4.8564,1882,1988,-2000,476
4.8568,1882,1988,-2000,476
4.8571,1882,1986,-2000,464
4.8574,1882,1986,-2000,464
4.8578,1882,1986,-2000,464
4.8581,1882,1985,-2000,472
4.8584,1882,1985,-2000,472
4.8588,1882,1985,-2000,472
4.8591,1882,1983,-1950,464
4.8595,1882,1983,-1950,464
4.8598,1882,1981,-1950,464
4.8601,1876,1981,-1950,464
4.8608,1876,1979,-1950,456
4.8611,1876,1979,-1950,456
4.8614,1876,1979,-1950,456
4.8618,1876,1977,-1950,456
4.8621,1876,1977,-1950,456
4.8624,1876,1977,-1950,456
4.8628,1876,1975,-1950,448
4.8631,1876,1975,-1950,448
4.8634,1876,1975,-1950,448
4.8638,1876,1974,-1950,456
4.8641,1876,1974,-1950,456
4.8644,1876,1974,-1950,456
4.8648,1876,1972,-1950,448
4.8651,1876,1972,-1950,448
4.8654,1876,1972,-1950,448
4.8658,1876,1970,-1950,440
4.8661,1876,1970,-1950,440
4.8664,1876,1970,-1950,440
4.8668,1876,1968,-1950,440
4.8671,1876,1968,-1950,440
4.8674,1876,1968,-1950,440
4.8678,1876,1966,-1950,432
4.8681,1876,1966,-1950,432
4.8686,1876,1966,-1950,432
4.8690,1876,1965,-1950,432
4.8693,1876,1965,-1950,432
4.8696,1876,1965,-1950,432
4.8700,1876,1963,-1950,432
4.8703,1874,1963,-1950,432
4.8709,1874,1961,-1950,424
4.8713,1874,1961,-1950,424
4.8716,1874,1961,-1950,424
4.8719,1874,1959,-1950,416
4.8723,1874,1959,-1950,416
4.8726,1874,1959,-1950,416
4.8729,1874,1958,-1950,424
4.8733,1874,1958,-1950,424
4.8736,1874,1958,-1950,424
4.8739,1874,1956,-1950,416
4.8743,1874,1956,-1950,416
4.8746,1874,1956,-1950,416
4.8750,1874,1954,-1950,408
4.8753,1874,1954,-1950,408
4.8757,1874,1954,-1950,408
4.8760,1874,1952,-1950,400
4.8763,1874,1952,-1950,400
4.8766,1874,1952,-1950,400
4.8769,1874,1950,-1950,392
4.8773,1874,1950,-1950,392
4.8776,1874,1950,-1950,392
4.8779,1874,1948,-1950,384
4.8783,1874,1948,-1950,384
4.8786,1874,1948,-1950,384
4.8789,1874,1946,-1850,376
4.8792,1874,1946,-1850,376
4.8796,1874,1946,-1850,376
4.8799,1874,1945,-1850,376
4.8803,1874,1945,-1850,376
4.8809,1874,1943,-1850,368
4.8812,1874,1943,-1850,368
4.8815,1874,1943,-1850,368
4.8818,1874,1941,-1850,360
4.8822,1874,1941,-1850,360
4.8825,1874,1941,-1850,360
4.8828,1874,1940,-1850,360
4.8831,1874,1940,-1850,360
4.8835,1874,1940,-1850,360
4.8838,1874,1938,-1850,352
4.8841,1874,1938,-1850,352
4.8844,1874,1938,-1850,352
4.8848,1874,1936,-1850,344
4.8851,1874,1936,-1850,344
4.8854,1874,1936,-1850,344
4.8858,1874,1935,-1850,344
4.8862,1874,1935,-1850,344
4.8865,1874,1935,-1850,344
4.8869,1874,1933,-1850,336
4.8872,1874,1933,-1850,336
4.8875,1874,1933,-1850,336
4.8879,1874,1931,-1850,328
4.8882,1874,1931,-1850,328
4.8885,1874,1931,-1850,328
4.8888,1874,1930,-1850,328
4.8892,1874,1930,-1850,328
4.8895,1874,1930,-1850,328
4.8898,1874,1928,-1850,320
4.8902,1876,1928,-1850,320
4.8908,1876,1927,-1850,320
4.8911,1876,1927,-1850,320
4.8914,1876,1927,-1850,320
4.8918,1876,1925,-1850,304
4.8921,1876,1925,-1850,304
4.8924,1876,1925,-1850,304
4.8928,1876,1924,-1850,304
4.8932,1876,1924,-1850,304
4.8935,1876,1924,-1850,304
4.8938,1876,1922,-1850,296
4.8942,1876,1922,-1850,296
4.8945,1876,1922,-1850,296
4.8948,1876,1921,-1850,296
4.8951,1876,1921,-1850,296
4.8954,1876,1921,-1850,296
4.8958,1876,1919,-1850,280
4.8961,1876,1919,-1850,280
4.8964,1876,1919,-1850,280
4.8968,1876,1917,-1850,244
4.8971,1876,1917,-1850,244
4.8974,1876,1917,-1850,244
4.8978,1876,1916,-1850,244
4.8981,1876,1916,-1850,244
4.8984,1876,1916,-1850,244
4.8988,1876,1915,-1550,236
4.8991,1876,1915,-1550,236
4.8994,1876,1915,-1550,236
4.8998,1876,1913,-1550,228
4.9001,1882,1913,-1550,228
4.9008,1882,1912,-1550,228
4.9011,1882,1912,-1550,228
4.9015,1882,1912,-1550,228
4.9018,1882,1910,-1550,212
4.9021,1882,1910,-1550,212
4.9025,1882,1910,-1550,212
4.9028,1882,1909,-1550,212
4.9031,1882,1909,-1550,212
4.9035,1882,1909,-1550,212
4.9038,1882,1907,-1550,196
4.9041,1882,1907,-1550,196
4.9044,1882,1907,-1550,196
4.9048,1882,1906,-1550,196
4.9051,1882,1906,-1550,196
4.9054,1882,1906,-1550,196
4.9058,1882,1905,-1550,188
4.9061,1882,1905,-1550,188
4.9064,1882,1905,-1550,188
4.9068,1882,1904,-1550,188
4.9071,1882,1904,-1550,188
4.9074,1882,1904,-1550,188
4.9078,1882,1902,-1550,172
4.9081,1882,1902,-1550,172
4.9084,1882,1902,-1550,172
4.9088,1882,1901,-1550,164
4.9091,1882,1901,-1550,164
4.9094,1882,1901,-1550,164
4.9098,1882,1900,-1550,164
4.9102,1890,1900,-1550,164
4.9108,1890,1898,-1550,148
4.9112,1890,1898,-1550,148
4.9115,1890,1898,-1550,148
4.9118,1890,1897,-1550,140
4.9121,1890,1897,-1550,140
4.9125,1890,1897,-1550,140
4.9128,1890,1896,-1550,140
4.9131,1890,1896,-1550,140
4.9134,1890,1896,-1550,140
4.9138,1890,1895,-1550,132
4.9141,1890,1895,-1550,132
4.9145,1890,1895,-1550,132
4.9148,1890,1894,-1550,124
4.9151,1890,1894,-1550,124
4.9155,1890,1894,-1550,124
4.9158,1890,1893,-1550,116
4.9161,1890,1893,-1550,116
4.9165,1890,1893,-1550,116
4.9168,1890,1892,-1550,112
4.9171,1890,1892,-1550,112
4.9174,1890,1892,-1550,112
4.9178,1890,1890,-1550,96
4.9181,1890,1890,-1550,96
4.9184,1890,1890,-1550,96
4.9188,1890,1889,-1300,88
4.9191,1890,1889,-1300,88
4.9195,1890,1889,-1300,88
4.9198,1890,1888,-1300,80
4.9202,1900,1887,-1300,72
4.9209,1900,1887,-1300,72
4.9213,1900,1887,-1300,72
4.9216,1900,1887,-1300,72
4.9219,1900,1887,-1300,72
4.9223,1900,1887,-1300,72
4.9226,1900,1886,-1300,64
4.9230,1900,1886,-1300,64
4.9233,1900,1886,-1300,64
4.9236,1900,1885,-1300,56
4.9240,1900,1885,-1300,56
4.9243,1900,1885,-1300,56
4.9246,1900,1884,-1300,48
4.9249,1900,1884,-1300,48
4.9252,1900,1884,-1300,48
4.9256,1900,1883,-1300,40
4.9259,1900,1883,-1300,40
4.9262,1900,1883,-1300,40
4.9265,1900,1882,-1300,24
4.9269,1900,1882,-1300,24
4.9272,1900,1882,-1300,24
4.9275,1900,1881,-1300,0
4.9278,1900,1881,-1300,0
4.9282,1900,1881,-1300,0
4.9285,1900,1881,-1300,0
4.9288,1900,1881,-1300,0
4.9291,1900,1881,-1300,0
4.9294,1900,1881,-1300,0
4.9298,1900,1880,-1300,-24
4.9301,1913,1880,-1300,-24
4.9308,1913,1879,-1300,-32
4.9311,1913,1879,-1300,-32
4.9314,1913,1878,-1300,-48
4.9318,1913,1878,-1300,-48
4.9321,1913,1878,-1300,-48
4.9324,1913,1877,-1300,-56
4.9328,1913,1877,-1300,-56
4.9331,1913,1877,-1300,-56
4.9334,1913,1877,-1300,-56
4.9338,1913,1877,-1300,-56
4.9341,1913,1877,-1300,-56
4.9345,1913,1876,-1300,-72
4.9348,1913,1876,-1300,-72
4.9351,1913,1876,-1300,-72
4.9354,1913,1876,-1300,-72
4.9358,1913,1876,-1300,-72
4.9361,1913,1876,-1300,-72
4.9364,1913,1875,-1300,-96
4.9368,1913,1875,-1300,-96
4.9371,1913,1875,-1300,-96
4.9374,1913,1875,-1300,-96
4.9378,1913,1875,-1300,-96
4.9381,1913,1875,-1300,-96
4.9384,1913,1874,-750,-96
4.9388,1913,1874,-750,-96
4.9391,1913,1874,-750,-96
4.9394,1913,1874,-750,-104
4.9398,1913,1874,-750,-104
4.9401,1927,1873,-750,-112
4.9408,1927,1873,-750,-112
4.9411,1927,1873,-750,-112
4.9415,1927,1873,-750,-120
4.9418,1927,1873,-750,-120
4.9422,1927,1873,-750,-120
4.9425,1927,1872,-750,-128
4.9429,1927,1872,-750,-128
4.9432,1927,1872,-750,-128
4.9435,1927,1872,-750,-136
4.9439,1927,1872,-750,-136
4.9442,1927,1872,-750,-136
4.9445,1927,1872,-750,-144
4.9448,1927,1872,-750,-144
4.9452,1927,1872,-750,-144
4.9455,1927,1872,-750,-144
4.9458,1927,1872,-750,-144
4.9461,1927,1872,-750,-144
4.9465,1927,1872,-750,-152
4.9468,1927,1872,-750,-152
4.9471,1927,1872,-750,-152
4.9474,1927,1872,-750,-160
4.9478,1927,1872,-750,-160
4.9481,1927,1872,-750,-160
4.9484,1927,1872,-750,-160
4.9488,1927,1872,-750,-160
4.9491,1927,1872,-750,-160
4.9494,1927,1871,-750,-176
4.9498,1927,1871,-750,-176
4.9501,1944,1871,-750,-184
4.9508,1944,1871,-750,-184
4.9511,1944,1871,-750,-184
4.9515,1944,1871,-750,-192
4.9518,1944,1871,-750,-192
4.9522,1944,1871,-750,-192
4.9525,1944,1871,-750,-192
4.9529,1944,1871,-750,-192
4.9532,1944,1871,-750,-192
4.9535,1944,1871,-750,-200
4.9538,1944,1871,-750,-200
4.9542,1944,1871,-750,-200
4.9545,1944,1871,-750,-208
4.9548,1944,1871,-750,-208
4.9551,1944,1871,-750,-208
4.9555,1944,1871,-750,-216
4.9558,1944,1871,-750,-216
4.9561,1944,1871,-750,-216
4.9565,1944,1871,-750,-208
4.9568,1944,1871,-750,-208
4.9571,1944,1871,-750,-208
4.9575,1944,1871,-750,-216
4.9578,1944,1871,-750,-216
4.9582,1944,1871,-750,-216
4.9585,1944,1871,-150,-224
4.9589,1944,1871,-150,-224
4.9592,1944,1871,-150,-224
4.9595,1944,1871,-150,-232
4.9598,1944,1871,-150,-232
4.9602,1962,1871,-150,-240
4.9608,1962,1871,-150,-240
4.9611,1962,1871,-150,-240
4.9614,1962,1871,-150,-248
4.9618,1962,1871,-150,-248
4.9621,1962,1871,-150,-248
4.9625,1962,1871,-150,-256
4.9628,1962,1871,-150,-256
4.9631,1962,1871,-150,-256
4.9634,1962,1871,-150,-264
4.9638,1962,1871,-150,-264
4.9641,1962,1871,-150,-264
4.9645,1962,1871,-150,-272
4.9648,1962,1871,-150,-272
4.9651,1962,1871,-150,-272
4.9655,1962,1871,-150,-280
4.9658,1962,1871,-150,-280
4.9661,1962,1871,-150,-280
4.9665,1962,1871,-150,-288
4.9668,1962,1871,-150,-288
4.9671,1962,1871,-150,-288
4.9675,1962,1871,-150,-304
4.9678,1962,1871,-150,-304
4.9681,1962,1871,-150,-304
4.9685,1962,1872,-150,-304
4.9688,1962,1872,-150,-304
4.9691,1962,1872,-150,-304
4.9694,1962,1872,-150,-312
4.9698,1962,1872,-150,-312
4.9701,1981,1873,-150,-312
4.9708,1981,1873,-150,-312
4.9711,1981,1873,-150,-312
4.9715,1981,1873,-150,-328
4.9718,1981,1873,-150,-328
4.9722,1981,1873,-150,-328
4.9725,1981,1874,-150,-328
4.9729,1981,1874,-150,-328
4.9732,1981,1874,-150,-336
4.9735,1981,1874,-150,-336
4.9739,1981,1874,-150,-336
4.9742,1981,1874,-150,-336
4.9745,1981,1875,-150,-344
4.9749,1981,1875,-150,-344
4.9752,1981,1875,-150,-344
4.9755,1981,1876,-150,-344
4.9758,1981,1876,-150,-344
4.9761,1981,1876,-150,-344
4.9764,1981,1876,-150,-360
4.9768,1981,1876,-150,-360
4.9771,1981,1876,-150,-360
4.9774,1981,1877,-150,-368
4.9778,1981,1877,-150,-368
4.9781,1981,1877,-150,-368
4.9785,1981,1877,300,-376
4.9788,1981,1877,300,-376
4.9791,1981,1877,300,-376
4.9794,1981,1878,300,-384
4.9798,1981,1878,300,-384
4.9801,2002,1879,300,-384
4.9808,2002,1879,300,-384
4.9811,2002,1879,300,-384
4.9814,2002,1879,300,-400
4.9818,2002,1879,300,-400
4.9821,2002,1879,300,-400
4.9824,2002,1880,300,-408
4.9828,2002,1880,300,-408
4.9832,2002,1881,300,-408
4.9835,2002,1881,300,-408
4.9838,2002,1881,300,-408
4.9841,2002,1881,300,-408
4.9845,2002,1882,300,-416
4.9848,2002,1882,300,-416
4.9851,2002,1882,300,-416
4.9855,2002,1882,300,-424
4.9858,2002,1882,300,-424
4.9862,2002,1883,300,-432
4.9865,2002,1883,300,-432
4.9868,2002,1883,300,-432
4.9871,2002,1883,300,-432
4.9875,2002,1884,300,-440
4.9878,2002,1884,300,-440
4.9881,2002,1884,300,-440
4.9885,2002,1885,300,-448
4.9888,2002,1885,300,-448
4.9891,2002,1886,300,-448
4.9895,2002,1886,300,-448
4.9898,2002,1886,300,-448
4.9901,2023,1887,300,-456
4.9907,2023,1887,300,-456
4.9911,2023,1887,300,-456
4.9914,2023,1888,300,-464
4.9917,2023,1888,300,-464
4.9921,2023,1888,300,-464
4.9924,2023,1889,300,-472
4.9927,2023,1889,300,-472
4.9931,2023,1889,300,-472
4.9934,2023,1890,300,-480
4.9937,2023,1890,300,-480
4.9941,2023,1890,300,-480
4.9944,2023,1891,300,-480
4.9948,2023,1891,300,-480
4.9951,2023,1892,300,-488
4.9954,2023,1892,300,-488
4.9958,2023,1892,300,-488
4.9961,2023,1894,300,-480
4.9965,2023,1894,300,-480
4.9968,2023,1894,300,-480
4.9971,2023,1895,300,-488
4.9975,2023,1895,300,-488
4.9978,2023,1895,300,-488
4.9981,2023,1896,950,-496
4.9985,2023,1896,950,-496
4.9988,2023,1896,950,-496
4.9991,2023,1897,950,-504
4.9995,2023,1897,950,-504
4.9998,2023,1897,950,-504
