"# servo_id=1 center=2044 amp_deg=15.0 cmd_hz=100.0 acc=254 torque_limit=None note='leg 7.4V no load, reg85=254 (volatile), acc=254' hz=3.0 ratio=0.552 lag_ms=173.6 accel_est=40.24783455381158"
t_s,cmd_cnt,pos_cnt,speed_raw,load_duty_permille
0.0001,2044,2044,0,0
0.0010,2044,2044,0,0
0.0014,2044,2044,0,0
0.0018,2044,2044,0,0
0.0022,2044,2044,0,0
0.0025,2044,2044,0,0
0.0029,2044,2044,0,0
0.0033,2044,2044,0,0
0.0037,2044,2044,0,0
0.0041,2044,2044,0,0
0.0045,2044,2044,0,0
0.0049,2044,2044,0,0
0.0053,2044,2044,0,0
0.0057,2044,2044,0,0
0.0061,2044,2044,0,0
0.0064,2044,2044,0,0
0.0068,2044,2044,0,0
0.0072,2044,2044,0,0
0.0077,2044,2044,0,0
0.0080,2044,2044,0,0
0.0084,2044,2044,0,0
0.0088,2044,2044,0,0
0.0092,2044,2044,0,0
0.0096,2044,2044,0,0
0.0100,2076,2044,0,0
0.0107,2076,2044,0,0
0.0111,2076,2044,0,0
0.0115,2076,2044,0,0
0.0119,2076,2044,0,0
0.0123,2076,2044,0,0
0.0127,2076,2044,0,0
0.0131,2076,2044,0,0
0.0134,2076,2044,0,0
0.0138,2076,2044,0,0
0.0142,2076,2044,0,0
0.0146,2076,2044,0,0
0.0150,2076,2044,0,0
0.0154,2076,2044,0,0
0.0158,2076,2044,0,0
0.0162,2076,2044,0,0
0.0166,2076,2044,0,0
0.0170,2076,2044,0,0
0.0174,2076,2044,0,0
0.0178,2076,2044,0,0
0.0182,2076,2044,0,0
0.0186,2076,2044,0,0
0.0189,2076,2044,0,0
0.0193,2076,2044,0,0
0.0197,2076,2044,0,0
0.0201,2107,2044,0,0
0.0208,2107,2044,0,0
0.0212,2107,2044,0,0
0.0215,2107,2044,0,0
0.0219,2107,2044,0,0
0.0223,2107,2044,0,0
0.0227,2107,2044,0,-24
0.0231,2107,2044,0,-24
0.0234,2107,2044,0,-24
0.0238,2107,2044,0,-24
0.0242,2107,2044,0,-24
0.0245,2107,2044,0,-32
0.0249,2107,2044,0,-32
0.0253,2107,2044,0,-32
0.0257,2107,2044,0,-32
0.0260,2107,2044,0,-32
0.0264,2107,2044,0,-32
0.0268,2107,2044,0,-32
0.0271,2107,2044,0,-32
0.0275,2107,2044,0,-40
0.0279,2107,2044,0,-40
0.0282,2107,2044,0,-40
0.0286,2107,2044,0,-40
0.0290,2107,2044,0,-40
0.0293,2107,2044,0,-40
0.0297,2107,2044,0,-48
0.0300,2136,2044,0,-48
0.0307,2136,2044,0,-48
0.0311,2136,2044,0,-48
0.0314,2136,2044,0,-48
0.0318,2136,2044,0,-56
0.0321,2136,2044,0,-56
0.0325,2136,2044,0,-56
0.0329,2136,2044,0,-56
0.0333,2136,2044,0,-56
0.0336,2136,2044,0,-64
0.0340,2136,2044,0,-64
0.0344,2136,2044,0,-64
0.0347,2136,2044,0,-100
0.0351,2136,2044,0,-100
0.0354,2136,2044,0,-100
0.0358,2136,2044,0,-100
0.0362,2136,2044,0,-100
0.0366,2136,2044,0,-108
0.0370,2136,2044,0,-108
0.0374,2136,2044,0,-108
0.0378,2136,2044,0,-116
0.0381,2136,2044,0,-116
0.0385,2136,2044,0,-124
0.0389,2136,2044,0,-124
0.0393,2136,2044,0,-124
0.0396,2136,2044,0,-124
0.0400,2136,2044,0,-124
0.0404,2162,2044,0,-132
0.0410,2162,2044,0,-132
0.0414,2162,2044,0,-140
0.0418,2162,2044,0,-140
0.0421,2162,2044,0,-140
0.0425,2162,2044,0,-148
0.0429,2162,2044,0,-148
0.0432,2162,2044,0,-148
0.0436,2162,2044,0,-156
0.0440,2162,2044,0,-156
0.0444,2162,2044,0,-156
0.0447,2162,2044,0,-156
0.0451,2162,2044,0,-156
0.0454,2162,2044,0,-164
0.0457,2162,2044,0,-164
0.0461,2162,2044,0,-164
0.0465,2162,2044,0,-172
0.0468,2162,2044,0,-172
0.0472,2162,2044,0,-172
0.0476,2162,2044,0,-180
0.0480,2162,2044,0,-180
0.0484,2162,2044,0,-188
0.0488,2162,2044,0,-188
0.0492,2162,2044,0,-188
0.0496,2162,2044,0,-196
0.0500,2182,2044,0,-196
0.0507,2182,2044,0,-204
0.0511,2182,2044,0,-204
0.0514,2182,2044,0,-212
0.0518,2182,2044,0,-212
0.0522,2182,2044,0,-212
0.0525,2182,2044,0,-220
0.0529,2182,2044,0,-220
0.0532,2182,2044,0,-220
0.0536,2182,2044,0,-236
0.0540,2182,2044,0,-236
0.0544,2182,2045,0,-276
0.0547,2182,2045,0,-276
0.0551,2182,2045,0,-276
0.0554,2182,2045,0,-284
0.0558,2182,2045,0,-284
0.0561,2182,2045,0,-284
0.0565,2182,2045,50,-292
0.0569,2182,2045,50,-292
0.0572,2182,2045,50,-292
0.0576,2182,2046,50,-292
0.0580,2182,2046,50,-292
0.0583,2182,2046,50,-308
0.0587,2182,2046,50,-308
0.0591,2182,2046,50,-308
0.0594,2182,2047,50,-308
0.0597,2182,2047,50,-308
0.0601,2199,2047,50,-316
0.0608,2199,2047,50,-316
0.0611,2199,2047,50,-316
0.0615,2199,2048,50,-316
0.0619,2199,2048,50,-316
0.0622,2199,2048,50,-316
0.0626,2199,2048,50,-332
0.0630,2199,2048,50,-332
0.0633,2199,2049,50,-332
0.0637,2199,2049,50,-332
0.0640,2199,2049,50,-332
0.0644,2199,2049,50,-348
0.0647,2199,2049,50,-348
0.0651,2199,2049,50,-348
0.0654,2199,2050,50,-348
0.0658,2199,2050,50,-348
0.0661,2199,2050,50,-348
0.0665,2199,2050,50,-356
0.0669,2199,2050,50,-356
0.0672,2199,2050,50,-356
0.0676,2199,2051,50,-364
0.0680,2199,2051,50,-364
0.0683,2199,2052,50,-364
0.0687,2199,2052,50,-364
0.0690,2199,2052,50,-364
0.0694,2199,2052,50,-380
0.0697,2199,2052,50,-380
0.0701,2209,2053,50,-380
0.0708,2209,2053,50,-380
0.0711,2209,2053,50,-380
0.0715,2209,2054,50,-388
0.0719,2209,2054,50,-388
0.0722,2209,2054,50,-404
0.0726,2209,2054,50,-404
0.0730,2209,2054,50,-404
0.0733,2209,2055,50,-404
0.0737,2209,2055,50,-404
0.0741,2209,2055,50,-404
0.0744,2209,2056,50,-412
0.0747,2209,2056,50,-412
0.0751,2209,2056,50,-412
0.0755,2209,2057,50,-420
0.0758,2209,2057,50,-420
0.0762,2209,2057,50,-420
0.0765,2209,2058,650,-420
0.0769,2209,2058,650,-420
0.0772,2209,2059,650,-428
0.0776,2209,2059,650,-428
0.0780,2209,2059,650,-428
0.0783,2209,2060,650,-436
0.0787,2209,2060,650,-436
0.0790,2209,2060,650,-436
0.0794,2209,2061,650,-444
0.0798,2209,2061,650,-444
0.0801,2214,2062,650,-444
0.0808,2214,2062,650,-444
0.0812,2214,2062,650,-444
0.0815,2214,2063,650,-452
0.0819,2214,2063,650,-452
0.0822,2214,2064,650,-460
0.0826,2214,2064,650,-460
0.0830,2214,2064,650,-460
0.0833,2214,2065,650,-468
0.0837,2214,2065,650,-468
0.0840,2214,2065,650,-468
0.0844,2214,2066,650,-476
0.0847,2214,2066,650,-476
0.0851,2214,2066,650,-476
0.0854,2214,2067,650,-484
0.0858,2214,2067,650,-484
0.0862,2214,2068,650,-492
0.0865,2214,2068,650,-492
0.0869,2214,2068,650,-492
0.0872,2214,2069,650,-500
0.0876,2214,2069,650,-500
0.0880,2214,2069,650,-500
0.0883,2214,2070,650,-508
0.0887,2214,2070,650,-508
0.0890,2214,2070,650,-508
0.0894,2214,2071,650,-516
0.0898,2214,2071,650,-516
0.0901,2213,2072,650,-524
0.0908,2213,2072,650,-524
0.0911,2213,2074,650,-524
0.0915,2213,2074,650,-524
0.0919,2213,2074,650,-524
0.0922,2213,2075,650,-532
0.0926,2213,2075,650,-532
0.0930,2213,2075,650,-532
0.0933,2213,2076,650,-540
0.0937,2213,2076,650,-540
0.0940,2213,2076,650,-540
0.0944,2213,2077,650,-548
0.0947,2213,2077,650,-548
0.0951,2213,2077,650,-548
0.0954,2213,2079,650,-548
0.0958,2213,2079,650,-548
0.0961,2213,2080,1100,-556
0.0965,2213,2080,1100,-556
0.0969,2213,2080,1100,-556
0.0972,2213,2082,1100,-556
0.0976,2213,2082,1100,-556
0.0980,2213,2082,1100,-556
0.0983,2213,2083,1100,-564
0.0987,2213,2083,1100,-564
0.0990,2213,2083,1100,-564
0.0994,2213,2084,1100,-572
0.0997,2213,2084,1100,-572
0.1001,2206,2086,1100,-564
0.1007,2206,2086,1100,-564
0.1011,2206,2087,1100,-572
0.1014,2206,2087,1100,-572
0.1018,2206,2087,1100,-572
0.1022,2206,2089,1100,-572
0.1025,2206,2089,1100,-572
0.1029,2206,2089,1100,-572
0.1032,2206,2090,1100,-580
0.1036,2206,2090,1100,-580
0.1040,2206,2090,1100,-580
0.1043,2206,2091,1100,-588
0.1047,2206,2091,1100,-588
0.1050,2206,2091,1100,-588
0.1054,2206,2093,1100,-580
0.1057,2206,2093,1100,-580
0.1061,2206,2094,1100,-588
0.1064,2206,2094,1100,-588
0.1068,2206,2094,1100,-588
0.1071,2206,2096,1100,-588
0.1075,2206,2096,1100,-588
0.1079,2206,2096,1100,-588
0.1083,2206,2098,1100,-580
0.1086,2206,2098,1100,-580
0.1090,2206,2098,1100,-580
0.1094,2206,2099,1100,-588
0.1097,2206,2099,1100,-588
0.1101,2193,2101,1100,-588
0.1108,2193,2101,1100,-588
0.1112,2193,2103,1100,-580
0.1115,2193,2103,1100,-580
0.1119,2193,2103,1100,-580
0.1123,2193,2104,1100,-588
0.1126,2193,2104,1100,-588
0.1130,2193,2104,1100,-588
0.1134,2193,2106,1100,-580
0.1137,2193,2106,1100,-580
0.1141,2193,2108,1100,-528
0.1145,2193,2108,1100,-528
0.1148,2193,2108,1100,-528
0.1152,2193,2110,1100,-520
0.1155,2193,2110,1100,-520
0.1159,2193,2110,1100,-520
0.1162,2193,2111,1550,-528
0.1166,2193,2111,1550,-528
0.1170,2193,2111,1550,-528
0.1174,2193,2112,1550,-528
0.1177,2193,2112,1550,-528
0.1181,2193,2114,1550,-520
0.1184,2193,2114,1550,-520
0.1188,2193,2114,1550,-520
0.1192,2193,2116,1550,-520
0.1195,2193,2116,1550,-520
0.1199,2193,2116,1550,-520
0.1202,2175,2118,1550,-512
0.1210,2175,2118,1550,-512
0.1213,2175,2119,1550,-512
0.1217,2175,2119,1550,-512
0.1220,2175,2121,1550,-512
0.1224,2175,2121,1550,-512
0.1227,2175,2121,1550,-512
0.1231,2175,2123,1550,-504
0.1234,2175,2123,1550,-504
0.1238,2175,2123,1550,-504
0.1241,2175,2124,1550,-504
0.1245,2175,2124,1550,-504
0.1249,2175,2124,1550,-504
0.1252,2175,2126,1550,-504
0.1256,2175,2126,1550,-504
0.1260,2175,2128,1550,-496
0.1263,2175,2128,1550,-496
0.1267,2175,2128,1550,-496
0.1270,2175,2130,1550,-488
0.1273,2175,2130,1550,-488
0.1277,2175,2130,1550,-488
0.1280,2175,2132,1550,-480
0.1284,2175,2132,1550,-480
0.1287,2175,2132,1550,-480
0.1290,2175,2133,1550,-480
0.1294,2175,2133,1550,-480
0.1297,2175,2133,1550,-480
0.1300,2153,2135,1550,-472
0.1307,2153,2135,1550,-472
0.1310,2153,2137,1550,-464
0.1314,2153,2137,1550,-464
0.1317,2153,2137,1550,-464
0.1320,2153,2139,1550,-456
0.1324,2153,2139,1550,-456
0.1327,2153,2139,1550,-456
0.1330,2153,2141,1550,-448
0.1334,2153,2141,1550,-448
0.1337,2153,2141,1550,-448
0.1341,2153,2142,1550,-392
0.1344,2153,2142,1550,-392
0.1348,2153,2142,1550,-392
0.1351,2153,2144,1550,-384
0.1354,2153,2144,1550,-384
0.1358,2153,2144,1550,-384
0.1361,2153,2146,1750,-376
0.1364,2153,2146,1750,-376
0.1368,2153,2146,1750,-376
0.1371,2153,2148,1750,-368
0.1374,2153,2148,1750,-368
0.1378,2153,2148,1750,-368
0.1381,2153,2150,1750,-360
0.1384,2153,2150,1750,-360
0.1388,2153,2150,1750,-360
0.1391,2153,2151,1750,-360
0.1395,2153,2151,1750,-360
0.1399,2153,2151,1750,-352
0.1402,2126,2153,1750,-352
0.1410,2126,2155,1750,-344
0.1413,2126,2155,1750,-344
0.1417,2126,2155,1750,-344
0.1420,2126,2156,1750,-336
0.1424,2126,2156,1750,-336
0.1427,2126,2156,1750,-336
0.1431,2126,2158,1750,-328
0.1434,2126,2158,1750,-328
0.1438,2126,2158,1750,-328
0.1441,2126,2160,1750,-320
0.1445,2126,2160,1750,-320
0.1449,2126,2161,1750,-320
0.1452,2126,2161,1750,-320
0.1456,2126,2161,1750,-320
0.1460,2126,2163,1750,-304
0.1463,2126,2163,1750,-304
0.1467,2126,2163,1750,-304
0.1470,2126,2164,1750,-304
0.1474,2126,2164,1750,-304
0.1477,2126,2164,1750,-304
0.1481,2126,2166,1750,-296
0.1484,2126,2166,1750,-296
0.1488,2126,2166,1750,-296
0.1491,2126,2167,1750,-288
0.1495,2126,2167,1750,-288
0.1498,2126,2167,1750,-288
0.1502,2096,2169,1750,-280
0.1509,2096,2170,1750,-272
0.1512,2096,2170,1750,-272
0.1516,2096,2170,1750,-272
0.1520,2096,2172,1750,-264
0.1523,2096,2172,1750,-264
0.1527,2096,2172,1750,-264
0.1530,2096,2174,1750,-248
0.1534,2096,2174,1750,-248
0.1537,2096,2174,1750,-248
0.1541,2096,2175,1750,-216
0.1544,2096,2175,1750,-216
0.1548,2096,2175,1750,-216
0.1551,2096,2176,1750,-208
0.1555,2096,2176,1750,-208
0.1559,2096,2178,1600,-200
0.1562,2096,2178,1600,-200
0.1566,2096,2178,1600,-200
0.1570,2096,2179,1600,-192
0.1573,2096,2179,1600,-192
0.1577,2096,2179,1600,-192
0.1580,2096,2181,1600,-176
0.1584,2096,2181,1600,-176
0.1588,2096,2181,1600,-176
0.1591,2096,2182,1600,-176
0.1595,2096,2182,1600,-176
0.1599,2096,2183,1600,-168
0.1602,2065,2183,1600,-168
0.1610,2065,2185,1600,-152
0.1613,2065,2185,1600,-152
0.1616,2065,2185,1600,-152
0.1620,2065,2186,1600,-152
0.1623,2065,2186,1600,-152
0.1627,2065,2186,1600,-152
0.1630,2065,2187,1600,-144
0.1634,2065,2187,1600,-144
0.1637,2065,2187,1600,-144
0.1641,2065,2188,1600,-136
0.1645,2065,2188,1600,-136
0.1648,2065,2190,1600,-120
0.1651,2065,2190,1600,-120
0.1655,2065,2190,1600,-120
0.1659,2065,2191,1600,-120
0.1662,2065,2191,1600,-120
0.1666,2065,2191,1600,-120
0.1670,2065,2192,1600,-112
0.1674,2065,2192,1600,-112
0.1677,2065,2192,1600,-112
0.1681,2065,2193,1600,-104
0.1684,2065,2193,1600,-104
0.1688,2065,2195,1600,-88
0.1691,2065,2195,1600,-88
0.1695,2065,2195,1600,-88
0.1698,2065,2196,1600,-80
0.1701,2033,2196,1600,-80
0.1707,2033,2197,1600,-72
0.1711,2033,2197,1600,-72
0.1714,2033,2197,1600,-72
0.1717,2033,2198,1600,-64
0.1721,2033,2198,1600,-64
0.1724,2033,2198,1600,-64
0.1727,2033,2199,1600,-56
0.1731,2033,2199,1600,-56
0.1734,2033,2199,1600,-56
0.1738,2033,2200,1600,-36
0.1741,2033,2200,1600,-36
0.1745,2033,2200,1600,-36
0.1749,2033,2201,1600,-28
0.1752,2033,2201,1600,-28
0.1756,2033,2201,1600,-28
0.1760,2033,2202,1200,-20
0.1763,2033,2202,1200,-20
0.1767,2033,2202,1200,-20
0.1770,2033,2203,1200,28
0.1774,2033,2203,1200,28
0.1777,2033,2204,1200,36
0.1781,2033,2204,1200,36
0.1784,2033,2204,1200,36
0.1788,2033,2204,1200,36
0.1791,2033,2204,1200,36
0.1795,2033,2204,1200,36
0.1798,2033,2205,1200,44
0.1801,2001,2205,1200,44
0.1808,2001,2206,1200,60
0.1812,2001,2206,1200,60
0.1815,2001,2206,1200,60
0.1819,2001,2207,1200,68
0.1822,2001,2207,1200,68
0.1826,2001,2207,1200,68
0.1830,2001,2207,1200,68
0.1833,2001,2207,1200,68
0.1837,2001,2208,1200,84
0.1840,2001,2208,1200,84
0.1844,2001,2208,1200,84
0.1847,2001,2209,1200,92
0.1851,2001,2209,1200,92
0.1855,2001,2209,1200,92
0.1859,2001,2209,1200,92
0.1862,2001,2209,1200,92
0.1866,2001,2209,1200,92
0.1870,2001,2210,1200,100
0.1873,2001,2210,1200,100
0.1877,2001,2210,1200,100
0.1880,2001,2210,1200,100
0.1884,2001,2210,1200,100
0.1887,2001,2211,1200,108
0.1891,2001,2211,1200,108
0.1894,2001,2211,1200,108
0.1898,2001,2211,1200,108
0.1901,1971,2211,1200,108
0.1908,1971,2211,1200,116
0.1911,1971,2211,1200,116
0.1915,1971,2211,1200,116
0.1918,1971,2211,1200,116
0.1922,1971,2211,1200,116
0.1925,1971,2211,1200,116
0.1929,1971,2212,1200,132
0.1932,1971,2212,1200,132
0.1936,1971,2212,1200,128
0.1940,1971,2212,1200,128
0.1943,1971,2212,1200,128
0.1947,1971,2212,1200,128
0.1950,1971,2212,1200,128
0.1954,1971,2212,1200,128
0.1957,1971,2212,500,136
0.1961,1971,2212,500,136
0.1964,1971,2212,500,136
0.1968,1971,2213,500,144
0.1971,1971,2213,500,144
0.1975,1971,2213,500,144
0.1979,1971,2213,500,152
0.1982,1971,2213,500,152
0.1986,1971,2213,500,160
0.1990,1971,2213,500,160
0.1993,1971,2213,500,160
0.1997,1971,2213,500,168
0.2000,1944,2213,500,168
0.2007,1944,2213,500,168
0.2011,1944,2213,500,168
0.2014,1944,2213,500,168
0.2018,1944,2213,500,176
0.2021,1944,2213,500,176
0.2025,1944,2213,500,176
0.2029,1944,2213,500,184
0.2032,1944,2213,500,184
0.2036,1944,2213,500,192
0.2040,1944,2213,500,192
0.2043,1944,2213,500,192
0.2047,1944,2213,500,200
0.2050,1944,2213,500,200
0.2054,1944,2213,500,200
0.2058,1944,2213,500,208
0.2061,1944,2213,500,208
0.2065,1944,2213,500,208
0.2068,1944,2213,500,216
0.2072,1944,2213,500,216
0.2075,1944,2213,500,216
0.2079,1944,2213,500,224
0.2082,1944,2213,500,224
0.2086,1944,2213,500,232
0.2090,1944,2213,500,232
0.2094,1944,2213,500,232
0.2098,1944,2213,500,240
0.2101,1919,2213,500,240
0.2108,1919,2213,500,248
0.2111,1919,2213,500,248
0.2115,1919,2213,500,256
0.2119,1919,2213,500,256
0.2122,1919,2213,500,256
0.2126,1919,2213,500,264
0.2129,1919,2213,500,264
0.2133,1919,2213,500,264
0.2136,1919,2213,500,272
0.2139,1919,2213,500,272
0.2143,1919,2213,500,272
0.2146,1919,2213,500,280
0.2149,1919,2213,500,280
0.2153,1919,2213,500,280
0.2156,1919,2213,50,288
0.2160,1919,2213,50,288
0.2163,1919,2213,50,288
0.2166,1919,2213,50,304
0.2170,1919,2213,50,304
0.2173,1919,2213,50,304
0.2176,1919,2213,50,312
0.2180,1919,2213,50,312
0.2183,1919,2213,50,312
0.2186,1919,2213,50,320
0.2190,1919,2213,50,320
0.2193,1919,2213,50,320
0.2197,1919,2212,50,320
0.2200,1900,2212,50,320
0.2207,1900,2212,50,336
0.2210,1900,2212,50,336
0.2214,1900,2212,50,336
0.2218,1900,2211,50,336
0.2221,1900,2211,50,336
0.2225,1900,2211,50,344
0.2229,1900,2211,50,344
0.2232,1900,2211,50,344
0.2236,1900,2210,50,352
0.2240,1900,2210,50,352
0.2243,1900,2210,50,352
0.2247,1900,2209,50,352
0.2250,1900,2209,50,352
0.2254,1900,2209,50,352
0.2258,1900,2209,50,360
0.2261,1900,2209,50,360
0.2265,1900,2208,50,368
0.2269,1900,2208,50,368
0.2273,1900,2208,50,368
0.2276,1900,2207,50,368
0.2280,1900,2207,50,368
0.2284,1900,2207,50,368
0.2287,1900,2206,50,376
0.2291,1900,2206,50,376
0.2295,1900,2206,50,384
0.2299,1900,2206,50,384
0.2303,1885,2205,50,392
0.2310,1885,2205,50,392
0.2313,1885,2205,50,392
0.2317,1885,2204,50,392
0.2320,1885,2204,50,392
0.2324,1885,2204,50,392
0.2328,1885,2203,50,400
0.2331,1885,2203,50,400
0.2335,1885,2203,50,416
0.2339,1885,2203,50,416
0.2342,1885,2203,50,416
0.2346,1885,2202,50,416
0.2350,1885,2202,50,416
0.2353,1885,2202,50,416
0.2357,1885,2201,-600,424
0.2360,1885,2201,-600,424
0.2364,1885,2201,-600,424
0.2367,1885,2200,-600,432
0.2371,1885,2200,-600,432
0.2375,1885,2199,-600,432
0.2379,1885,2199,-600,432
0.2383,1885,2199,-600,432
0.2386,1885,2198,-600,440
0.2390,1885,2198,-600,440
0.2393,1885,2198,-600,440
0.2397,1885,2197,-600,448
0.2400,1876,2197,-600,448
0.2407,1876,2196,-600,456
0.2410,1876,2196,-600,456
0.2414,1876,2195,-600,464
0.2418,1876,2195,-600,464
0.2422,1876,2195,-600,464
0.2426,1876,2194,-600,464
0.2429,1876,2194,-600,464
0.2433,1876,2194,-600,464
0.2436,1876,2193,-600,472
0.2440,1876,2193,-600,472
0.2443,1876,2193,-600,472
0.2447,1876,2192,-600,480
0.2450,1876,2192,-600,480
0.2454,1876,2191,-600,488
0.2457,1876,2191,-600,488
0.2460,1876,2191,-600,488
0.2464,1876,2190,-600,496
0.2467,1876,2190,-600,496
0.2471,1876,2190,-600,496
0.2475,1876,2189,-600,504
0.2479,1876,2189,-600,504
0.2482,1876,2189,-600,504
0.2486,1876,2188,-600,512
0.2490,1876,2188,-600,512
0.2493,1876,2188,-600,512
0.2497,1876,2186,-600,512
0.2500,1873,2186,-600,512
0.2507,1873,2185,-600,520
0.2510,1873,2185,-600,520
0.2514,1873,2184,-600,528
0.2517,1873,2184,-600,528
0.2521,1873,2184,-600,528
0.2524,1873,2183,-600,536
0.2527,1873,2183,-600,536
0.2531,1873,2183,-600,536
0.2534,1873,2181,-600,536
0.2538,1873,2181,-600,536
0.2541,1873,2181,-600,536
0.2545,1873,2180,-600,544
0.2549,1873,2180,-600,544
0.2552,1873,2180,-600,544
0.2556,1873,2179,-1100,552
0.2559,1873,2179,-1100,552
0.2563,1873,2179,-1100,552
0.2566,1873,2177,-1100,552
0.2570,1873,2177,-1100,552
0.2573,1873,2176,-1100,560
0.2577,1873,2176,-1100,560
0.2580,1873,2176,-1100,560
0.2584,1873,2175,-1100,576
0.2587,1873,2175,-1100,576
0.2591,1873,2175,-1100,576
0.2594,1873,2173,-1100,576
0.2598,1873,2173,-1100,576
0.2601,1876,2172,-1100,584
0.2608,1876,2172,-1100,584
0.2611,1876,2172,-1100,584
0.2615,1876,2170,-1100,592
0.2618,1876,2170,-1100,592
0.2621,1876,2170,-1100,592
0.2625,1876,2169,-1100,600
0.2629,1876,2169,-1100,600
0.2632,1876,2169,-1100,600
0.2636,1876,2168,-1100,608
0.2640,1876,2168,-1100,608
0.2643,1876,2166,-1100,616
0.2646,1876,2166,-1100,616
0.2650,1876,2166,-1100,616
0.2653,1876,2164,-1100,616
0.2657,1876,2164,-1100,616
0.2660,1876,2164,-1100,616
0.2664,1876,2163,-1100,632
0.2667,1876,2163,-1100,632
0.2671,1876,2163,-1100,632
0.2674,1876,2161,-1100,632
0.2678,1876,2161,-1100,632
0.2681,1876,2161,-1100,632
0.2684,1876,2160,-1100,648
0.2688,1876,2160,-1100,648
0.2691,1876,2160,-1100,648
0.2695,1876,2158,-1100,648
0.2699,1876,2158,-1100,648
0.2702,1886,2156,-1100,656
0.2710,1886,2156,-1100,656
0.2713,1886,2155,-1100,664
0.2717,1886,2155,-1100,664
0.2721,1886,2155,-1100,664
0.2724,1886,2153,-1100,672
0.2728,1886,2153,-1100,672
0.2732,1886,2153,-1100,672
0.2736,1886,2151,-1100,688
0.2740,1886,2151,-1100,688
0.2743,1886,2150,-1100,696
0.2747,1886,2150,-1100,696
0.2751,1886,2150,-1100,696
0.2754,1886,2148,-1550,704
0.2758,1886,2148,-1550,704
0.2761,1886,2148,-1550,704
0.2765,1886,2146,-1550,712
0.2769,1886,2146,-1550,712
0.2773,1886,2144,-1550,712
0.2776,1886,2144,-1550,712
0.2780,1886,2144,-1550,712
0.2783,1886,2142,-1550,720
0.2787,1886,2142,-1550,720
0.2790,1886,2142,-1550,720
0.2794,1886,2140,-1550,728
0.2797,1886,2140,-1550,728
0.2801,1900,2138,-1550,736
0.2807,1900,2138,-1550,736
0.2811,1900,2138,-1550,736
0.2814,1900,2136,-1550,744
0.2818,1900,2136,-1550,744
0.2821,1900,2136,-1550,744
0.2825,1900,2134,-1550,744
0.2829,1900,2134,-1550,744
0.2832,1900,2132,-1550,752
0.2836,1900,2132,-1550,752
0.2840,1900,2132,-1550,752
0.2843,1900,2130,-1550,760
0.2847,1900,2130,-1550,760
0.2851,1900,2130,-1550,760
0.2854,1900,2128,-1550,768
0.2857,1900,2128,-1550,768
0.2861,1900,2128,-1550,768
0.2864,1900,2126,-1550,768
0.2868,1900,2126,-1550,768
0.2871,1900,2124,-1550,776
0.2875,1900,2124,-1550,776
0.2879,1900,2124,-1550,776
0.2882,1900,2122,-1550,784
0.2886,1900,2122,-1550,784
0.2890,1900,2122,-1550,784
0.2893,1900,2120,-1550,784
0.2897,1900,2120,-1550,784
0.2900,1920,2118,-1550,792
0.2907,1920,2118,-1550,792
0.2910,1920,2118,-1550,792
0.2914,1920,2116,-1550,800
0.2917,1920,2116,-1550,800
0.2921,1920,2116,-1550,800
0.2924,1920,2114,-1550,800
0.2928,1920,2114,-1550,800
0.2931,1920,2111,-1550,784
0.2935,1920,2111,-1550,784
0.2938,1920,2111,-1550,784
0.2942,1920,2109,-1550,784
0.2945,1920,2109,-1550,784
0.2949,1920,2109,-1550,784
0.2952,1920,2107,-2050,792
0.2956,1920,2107,-2050,792
0.2960,1920,2107,-2050,792
0.2963,1920,2105,-2050,792
0.2967,1920,2105,-2050,792
0.2970,1920,2105,-2050,792
0.2974,1920,2103,-2050,800
0.2977,1920,2103,-2050,800
0.2980,1920,2103,-2050,800
0.2984,1920,2100,-2050,792
0.2987,1920,2100,-2050,792
0.2991,1920,2098,-2050,792
0.2994,1920,2098,-2050,792
0.2998,1920,2098,-2050,792
0.3002,1944,2096,-2050,800
0.3008,1944,2096,-2050,800
0.3012,1944,2093,-2050,792
0.3015,1944,2093,-2050,792
0.3019,1944,2093,-2050,792
0.3022,1944,2091,-2050,792
0.3026,1944,2091,-2050,792
0.3030,1944,2091,-2050,792
0.3033,1944,2088,-2050,792
0.3037,1944,2088,-2050,792
0.3040,1944,2088,-2050,792
0.3044,1944,2086,-2050,792
0.3048,1944,2086,-2050,792
0.3051,1944,2084,-2050,792
0.3055,1944,2084,-2050,792
0.3058,1944,2084,-2050,792
0.3061,1944,2081,-2050,784
0.3065,1944,2081,-2050,784
0.3069,1944,2081,-2050,784
0.3072,1944,2079,-2050,792
0.3076,1944,2079,-2050,792
0.3080,1944,2079,-2050,792
0.3083,1944,2076,-2050,784
0.3087,1944,2076,-2050,784
0.3090,1944,2076,-2050,784
0.3094,1944,2074,-2050,784
0.3097,1944,2074,-2050,784
0.3101,1972,2071,-2050,776
0.3107,1972,2071,-2050,776
0.3111,1972,2069,-2050,776
0.3114,1972,2069,-2050,776
0.3118,1972,2069,-2050,776
0.3121,1972,2066,-2050,768
0.3125,1972,2066,-2050,768
0.3128,1972,2066,-2050,768
0.3132,1972,2064,-2050,704
0.3136,1972,2064,-2050,704
0.3140,1972,2064,-2050,704
0.3143,1972,2062,-2050,704
0.3147,1972,2062,-2050,704
0.3150,1972,2059,-2400,696
0.3154,1972,2059,-2400,696
0.3157,1972,2059,-2400,696
0.3161,1972,2056,-2400,688
0.3164,1972,2056,-2400,688
0.3168,1972,2056,-2400,688
0.3171,1972,2054,-2400,688
0.3174,1972,2054,-2400,688
0.3178,1972,2054,-2400,688
0.3181,1972,2051,-2400,680
0.3185,1972,2051,-2400,680
0.3189,1972,2051,-2400,680
0.3192,1972,2049,-2400,680
0.3196,1972,2049,-2400,680
0.3200,1972,2049,-2400,680
0.3203,2003,2046,-2400,672
0.3210,2003,2044,-2400,664
0.3213,2003,2044,-2400,664
0.3217,2003,2044,-2400,664
0.3220,2003,2041,-2400,656
0.3224,2003,2041,-2400,656
0.3227,2003,2041,-2400,656
0.3231,2003,2039,-2400,656
0.3235,2003,2039,-2400,656
0.3238,2003,2039,-2400,656
0.3242,2003,2036,-2400,648
0.3245,2003,2036,-2400,648
0.3249,2003,2036,-2400,648
0.3252,2003,2033,-2400,640
0.3256,2003,2033,-2400,640
0.3260,2003,2031,-2400,632
0.3263,2003,2031,-2400,632
0.3267,2003,2031,-2400,632
0.3270,2003,2029,-2400,632
0.3274,2003,2029,-2400,632
0.3277,2003,2029,-2400,632
0.3281,2003,2026,-2400,624
0.3284,2003,2026,-2400,624
0.3288,2003,2026,-2400,624
0.3291,2003,2024,-2400,616
0.3295,2003,2024,-2400,616
0.3298,2003,2024,-2400,616
0.3302,2034,2021,-2400,608
0.3309,2034,2021,-2400,608
0.3312,2034,2019,-2400,600
0.3316,2034,2019,-2400,600
0.3320,2034,2016,-2400,592
0.3323,2034,2016,-2400,592
0.3327,2034,2016,-2400,592
0.3330,2034,2014,-2400,532
0.3334,2034,2014,-2400,532
0.3338,2034,2014,-2400,532
0.3341,2034,2011,-2400,524
0.3345,2034,2011,-2400,524
0.3348,2034,2011,-2400,524
0.3351,2034,2009,-2500,516
0.3355,2034,2009,-2500,516
0.3359,2034,2009,-2500,516
0.3362,2034,2007,-2500,516
0.3366,2034,2007,-2500,516
0.3370,2034,2004,-2500,500
0.3373,2034,2004,-2500,500
0.3377,2034,2004,-2500,500
0.3380,2034,2002,-2500,500
0.3384,2034,2002,-2500,500
0.3387,2034,2002,-2500,500
0.3391,2034,2000,-2500,492
0.3394,2034,2000,-2500,492
0.3398,2034,2000,-2500,492
0.3402,2066,1997,-2500,476
0.3408,2066,1997,-2500,476
0.3412,2066,1995,-2500,476
0.3415,2066,1995,-2500,476
0.3419,2066,1992,-2500,460
0.3422,2066,1992,-2500,460
0.3426,2066,1992,-2500,460
0.3430,2066,1990,-2500,452
0.3433,2066,1990,-2500,452
0.3437,2066,1990,-2500,452
0.3441,2066,1988,-2500,452
0.3444,2066,1988,-2500,452
0.3448,2066,1988,-2500,452
0.3451,2066,1986,-2500,444
0.3455,2066,1986,-2500,444
0.3459,2066,1984,-2500,436
0.3462,2066,1984,-2500,436
0.3466,2066,1984,-2500,436
0.3470,2066,1982,-2500,428
0.3474,2066,1982,-2500,428
0.3477,2066,1982,-2500,428
0.3481,2066,1979,-2500,412
0.3484,2066,1979,-2500,412
0.3488,2066,1979,-2500,412
0.3491,2066,1977,-2500,404
0.3495,2066,1977,-2500,404
0.3499,2066,1975,-2500,396
0.3503,2098,1975,-2500,396
0.3510,2098,1973,-2500,396
0.3513,2098,1973,-2500,396
0.3517,2098,1973,-2500,396
0.3521,2098,1971,-2500,388
0.3525,2098,1971,-2500,388
0.3528,2098,1969,-2500,364
0.3532,2098,1969,-2500,364
0.3536,2098,1969,-2500,364
0.3540,2098,1967,-2500,356
0.3544,2098,1967,-2500,356
0.3547,2098,1967,-2500,356
0.3551,2098,1965,-2200,348
0.3554,2098,1965,-2200,348
0.3558,2098,1963,-2200,332
0.3562,2098,1963,-2200,332
0.3565,2098,1963,-2200,332
0.3569,2098,1961,-2200,324
0.3572,2098,1961,-2200,324
0.3576,2098,1961,-2200,324
0.3580,2098,1959,-2200,316
0.3583,2098,1959,-2200,316
0.3587,2098,1959,-2200,316
0.3590,2098,1957,-2200,308
0.3594,2098,1957,-2200,308
0.3598,2098,1957,-2200,308
0.3601,2127,1955,-2200,300
0.3608,2127,1953,-2200,292
0.3612,2127,1953,-2200,292
0.3615,2127,1953,-2200,292
0.3619,2127,1951,-2200,284
0.3622,2127,1951,-2200,284
0.3626,2127,1951,-2200,284
0.3630,2127,1949,-2200,268
0.3633,2127,1949,-2200,268
0.3637,2127,1949,-2200,268
0.3640,2127,1947,-2200,260
0.3644,2127,1947,-2200,260
0.3647,2127,1947,-2200,260
0.3651,2127,1945,-2200,252
0.3655,2127,1945,-2200,252
0.3658,2127,1943,-2200,236
0.3662,2127,1943,-2200,236
0.3665,2127,1943,-2200,236
0.3669,2127,1942,-2200,236
0.3673,2127,1942,-2200,236
0.3676,2127,1942,-2200,236
0.3680,2127,1940,-2200,228
0.3684,2127,1940,-2200,228
0.3687,2127,1940,-2200,228
0.3691,2127,1938,-2200,212
0.3694,2127,1938,-2200,212
0.3698,2127,1936,-2200,204
0.3701,2153,1936,-2200,204
0.3708,2153,1935,-2200,204
0.3712,2153,1935,-2200,204
0.3715,2153,1935,-2200,204
0.3719,2153,1933,-2200,188
0.3722,2153,1933,-2200,188
0.3726,2153,1933,-2200,188
0.3730,2153,1931,-2200,164
0.3733,2153,1931,-2200,164
0.3737,2153,1931,-2200,164
0.3741,2153,1930,-2200,156
0.3744,2153,1930,-2200,156
0.3748,2153,1929,-1800,148
0.3751,2153,1929,-1800,148
0.3755,2153,1929,-1800,148
0.3758,2153,1927,-1800,140
0.3762,2153,1927,-1800,140
0.3765,2153,1927,-1800,140
0.3769,2153,1926,-1800,132
0.3772,2153,1926,-1800,132
0.3776,2153,1926,-1800,132
0.3780,2153,1924,-1800,124
0.3783,2153,1924,-1800,124
0.3787,2153,1923,-1800,116
0.3791,2153,1923,-1800,116
0.3795,2153,1923,-1800,116
0.3799,2153,1921,-1800,100
0.3803,2176,1921,-1800,100
0.3810,2176,1920,-1800,100
0.3814,2176,1920,-1800,100
0.3818,2176,1919,-1800,92
0.3821,2176,1919,-1800,92
0.3825,2176,1919,-1800,92
0.3829,2176,1917,-1800,76
0.3832,2176,1917,-1800,76
0.3836,2176,1916,-1800,68
0.3840,2176,1916,-1800,68
0.3844,2176,1916,-1800,68
0.3848,2176,1915,-1800,68
0.3851,2176,1915,-1800,68
0.3855,2176,1915,-1800,68
0.3859,2176,1914,-1800,60
0.3862,2176,1914,-1800,60
0.3866,2176,1913,-1800,52
0.3870,2176,1913,-1800,52
0.3874,2176,1913,-1800,52
0.3878,2176,1912,-1800,44
0.3881,2176,1912,-1800,44
0.3885,2176,1912,-1800,44
0.3889,2176,1910,-1800,28
0.3892,2176,1910,-1800,28
0.3896,2176,1910,-1800,28
0.3899,2176,1909,-1800,20
0.3903,2194,1909,-1800,20
0.3909,2194,1909,-1800,20
0.3912,2194,1909,-1800,20
0.3916,2194,1909,-1800,20
0.3919,2194,1908,-1800,-20
0.3923,2194,1908,-1800,-20
0.3926,2194,1908,-1800,-20
0.3930,2194,1907,-1800,0
0.3933,2194,1907,-1800,0
0.3937,2194,1906,-1800,-24
0.3940,2194,1906,-1800,-24
0.3944,2194,1906,-1800,-24
0.3947,2194,1905,-1200,-32
0.3951,2194,1905,-1200,-32
0.3954,2194,1905,-1200,-32
0.3958,2194,1904,-1200,-40
0.3961,2194,1904,-1200,-40
0.3965,2194,1904,-1200,-40
0.3969,2194,1903,-1200,-48
0.3972,2194,1903,-1200,-48
0.3976,2194,1902,-1200,-64
0.3980,2194,1902,-1200,-64
0.3983,2194,1902,-1200,-64
0.3987,2194,1902,-1200,-64
0.3990,2194,1902,-1200,-64
0.3994,2194,1902,-1200,-64
0.3998,2194,1901,-1200,-72
0.4001,2206,1901,-1200,-72
0.4008,2206,1901,-1200,-72
0.4011,2206,1901,-1200,-72
0.4015,2206,1901,-1200,-72
0.4018,2206,1900,-1200,-88
0.4022,2206,1900,-1200,-88
0.4025,2206,1900,-1200,-88
0.4029,2206,1899,-1200,-96
0.4032,2206,1899,-1200,-96
0.4036,2206,1899,-1200,-96
0.4040,2206,1899,-1200,-96
0.4043,2206,1899,-1200,-96
0.4047,2206,1898,-1200,-96
0.4050,2206,1898,-1200,-96
0.4054,2206,1898,-1200,-96
0.4057,2206,1898,-1200,-96
0.4061,2206,1898,-1200,-96
0.4064,2206,1898,-1200,-96
0.4068,2206,1897,-1200,-112
0.4071,2206,1897,-1200,-112
0.4075,2206,1897,-1200,-112
0.4079,2206,1897,-1200,-112
0.4082,2206,1897,-1200,-112
0.4086,2206,1897,-1200,-120
0.4090,2206,1897,-1200,-120
0.4093,2206,1897,-1200,-120
0.4097,2206,1896,-1200,-128
0.4100,2213,1896,-1200,-128
0.4107,2213,1896,-1200,-136
0.4110,2213,1896,-1200,-136
0.4114,2213,1896,-1200,-136
0.4117,2213,1896,-1200,-136
0.4121,2213,1896,-1200,-136
0.4125,2213,1896,-1200,-136
0.4128,2213,1895,-1200,-140
0.4132,2213,1895,-1200,-140
0.4135,2213,1895,-1200,-140
0.4139,2213,1895,-1200,-140
0.4142,2213,1895,-1200,-140
0.4146,2213,1895,-500,-148
0.4150,2213,1895,-500,-148
0.4153,2213,1895,-500,-148
0.4157,2213,1895,-500,-156
0.4160,2213,1895,-500,-156
0.4164,2213,1895,-500,-156
0.4167,2213,1895,-500,-156
0.4171,2213,1895,-500,-156
0.4174,2213,1895,-500,-156
0.4178,2213,1895,-500,-164
0.4181,2213,1895,-500,-164
0.4185,2213,1895,-500,-164
0.4188,2213,1895,-500,-172
0.4192,2213,1895,-500,-172
0.4195,2213,1895,-500,-172
0.4199,2213,1895,-500,-172
0.4202,2214,1895,-500,-180
0.4209,2214,1895,-500,-180
0.4212,2214,1895,-500,-180
0.4216,2214,1895,-500,-188
0.4220,2214,1895,-500,-188
0.4223,2214,1895,-500,-188
0.4227,2214,1895,-500,-196
0.4230,2214,1895,-500,-196
0.4234,2214,1895,-500,-196
0.4237,2214,1895,-500,-204
0.4241,2214,1895,-500,-204
0.4244,2214,1895,-500,-204
0.4248,2214,1895,-500,-212
0.4251,2214,1895,-500,-212
0.4255,2214,1895,-500,-220
0.4259,2214,1895,-500,-220
0.4262,2214,1895,-500,-220
0.4266,2214,1895,-500,-228
0.4270,2214,1895,-500,-228
0.4273,2214,1895,-500,-228
0.4277,2214,1895,-500,-228
0.4281,2214,1895,-500,-228
0.4284,2214,1895,-500,-228
0.4288,2214,1895,-500,-236
0.4291,2214,1895,-500,-236
0.4295,2214,1895,-500,-244
0.4298,2214,1895,-500,-244
0.4302,2209,1895,-500,-260
0.4308,2209,1895,-500,-260
0.4312,2209,1895,-500,-260
0.4315,2209,1895,-500,-268
0.4319,2209,1895,-500,-268
0.4322,2209,1895,-500,-268
0.4326,2209,1895,-500,-276
0.4330,2209,1895,-500,-276
0.4333,2209,1895,-500,-276
0.4337,2209,1895,-500,-284
0.4340,2209,1895,-500,-284
0.4344,2209,1895,-500,-284
0.4347,2209,1895,0,-292
0.4351,2209,1895,0,-292
0.4354,2209,1896,0,-292
0.4358,2209,1896,0,-292
0.4361,2209,1896,0,-292
0.4365,2209,1896,0,-300
0.4369,2209,1896,0,-300
0.4372,2209,1896,0,-300
0.4376,2209,1897,0,-308
0.4380,2209,1897,0,-308
0.4383,2209,1897,0,-308
0.4387,2209,1897,0,-316
0.4390,2209,1897,0,-316
0.4394,2209,1897,0,-316
0.4397,2209,1898,0,-316
0.4401,2198,1898,0,-316
0.4407,2198,1898,0,-324
0.4411,2198,1898,0,-324
0.4415,2198,1899,0,-332
0.4418,2198,1899,0,-332
0.4422,2198,1899,0,-332
0.4426,2198,1899,0,-340
0.4430,2198,1899,0,-340
0.4433,2198,1899,0,-340
0.4437,2198,1900,0,-340
0.4441,2198,1900,0,-340
0.4444,2198,1900,0,-356
0.4448,2198,1900,0,-356
0.4451,2198,1900,0,-356
0.4455,2198,1901,0,-356
0.4459,2198,1901,0,-356
0.4462,2198,1901,0,-356
0.4466,2198,1902,0,-364
0.4470,2198,1902,0,-364
0.4473,2198,1902,0,-364
0.4477,2198,1902,0,-372
0.4480,2198,1902,0,-372
0.4484,2198,1903,0,-380
0.4487,2198,1903,0,-380
0.4491,2198,1903,0,-380
0.4495,2198,1904,0,-380
0.4498,2198,1904,0,-380
0.4502,2182,1905,0,-388
0.4509,2182,1905,0,-388
0.4513,2182,1905,0,-388
0.4516,2182,1905,0,-396
0.4520,2182,1905,0,-396
0.4524,2182,1906,0,-400
0.4527,2182,1906,0,-400
0.4531,2182,1906,0,-400
0.4534,2182,1907,0,-400
0.4538,2182,1907,0,-400
0.4541,2182,1907,0,-400
0.4545,2182,1908,650,-408
0.4548,2182,1908,650,-408
0.4552,2182,1908,650,-408
0.4555,2182,1909,650,-416
0.4559,2182,1909,650,-416
0.4562,2182,1909,650,-416
0.4566,2182,1910,650,-424
0.4570,2182,1910,650,-424
0.4573,2182,1911,650,-424
0.4577,2182,1911,650,-424
0.4580,2182,1911,650,-424
0.4584,2182,1912,650,-432
0.4587,2182,1912,650,-432
0.4591,2182,1912,650,-432
0.4594,2182,1913,650,-440
0.4598,2182,1913,650,-440
0.4601,2161,1914,650,-448
0.4608,2161,1914,650,-448
0.4611,2161,1914,650,-448
0.4615,2161,1915,650,-448
0.4619,2161,1915,650,-448
0.4622,2161,1915,650,-448
0.4626,2161,1916,650,-456
0.4630,2161,1916,650,-456
0.4633,2161,1917,650,-464
0.4637,2161,1917,650,-464
0.4640,2161,1917,650,-464
0.4644,2161,1918,650,-472
0.4647,2161,1918,650,-472
0.4651,2161,1918,650,-472
0.4654,2161,1919,650,-480
0.4658,2161,1919,650,-480
0.4661,2161,1919,650,-480
0.4665,2161,1920,650,-488
0.4668,2161,1920,650,-488
0.4672,2161,1920,650,-488
0.4675,2161,1921,650,-496
0.4679,2161,1921,650,-496
0.4682,2161,1921,650,-496
0.4686,2161,1922,650,-504
0.4689,2161,1922,650,-504
0.4693,2161,1924,650,-504
0.4696,2161,1924,650,-504
0.4700,2161,1924,650,-504
0.4703,2135,1925,650,-512
0.4709,2135,1925,650,-512
0.4713,2135,1926,650,-520
0.4716,2135,1926,650,-520
0.4720,2135,1926,650,-520
0.4723,2135,1927,650,-528
0.4727,2135,1927,650,-528
0.4730,2135,1927,650,-528
0.4734,2135,1928,650,-536
0.4737,2135,1928,650,-536
0.4741,2135,1928,650,-536
0.4744,2135,1930,1100,-536
0.4747,2135,1930,1100,-536
0.4751,2135,1930,1100,-536
0.4754,2135,1931,1100,-552
0.4757,2135,1931,1100,-552
0.4761,2135,1931,1100,-552
0.4764,2135,1933,1100,-552
0.4767,2135,1933,1100,-552
0.4771,2135,1933,1100,-552
0.4774,2135,1934,1100,-560
0.4778,2135,1934,1100,-560
0.4781,2135,1934,1100,-560
0.4785,2135,1935,1100,-568
0.4788,2135,1935,1100,-568
0.4792,2135,1935,1100,-568
0.4795,2135,1936,1100,-584
0.4799,2135,1936,1100,-584
0.4802,2106,1938,1100,-584
0.4809,2106,1938,1100,-584
0.4812,2106,1938,1100,-584
0.4816,2106,1940,1100,-584
0.4820,2106,1940,1100,-584
0.4823,2106,1941,1100,-592
0.4826,2106,1941,1100,-592
0.4830,2106,1941,1100,-592
0.4833,2106,1942,1100,-608
0.4836,2106,1942,1100,-608
0.4840,2106,1942,1100,-608
0.4843,2106,1944,1100,-608
0.4846,2106,1944,1100,-608
0.4850,2106,1944,1100,-608
0.4853,2106,1946,1100,-608
0.4856,2106,1946,1100,-608
0.4860,2106,1946,1100,-608
0.4863,2106,1947,1100,-616
0.4867,2106,1947,1100,-616
0.4870,2106,1947,1100,-616
0.4873,2106,1949,1100,-616
0.4877,2106,1949,1100,-616
0.4880,2106,1949,1100,-616
0.4883,2106,1950,1100,-632
0.4887,2106,1950,1100,-632
0.4890,2106,1950,1100,-632
0.4894,2106,1952,1100,-632
0.4897,2106,1952,1100,-632
0.4900,2076,1953,1100,-640
0.4907,2076,1953,1100,-640
0.4910,2076,1953,1100,-640
0.4913,2076,1955,1100,-640
0.4917,2076,1955,1100,-640
0.4920,2076,1955,1100,-640
0.4923,2076,1957,1100,-632
0.4927,2076,1957,1100,-632
0.4930,2076,1957,1100,-632
0.4933,2076,1959,1100,-632
0.4937,2076,1959,1100,-632
0.4940,2076,1959,1100,-632
0.4943,2076,1961,1550,-632
0.4946,2076,1961,1550,-632
0.4950,2076,1961,1550,-632
0.4953,2076,1962,1550,-640
0.4957,2076,1962,1550,-640
0.4960,2076,1962,1550,-640
0.4963,2076,1964,1550,-632
0.4967,2076,1964,1550,-632
0.4970,2076,1964,1550,-632
0.4973,2076,1966,1550,-632
0.4976,2076,1966,1550,-632
0.4980,2076,1966,1550,-632
0.4983,2076,1968,1550,-632
0.4986,2076,1968,1550,-632
0.4990,2076,1968,1550,-632
0.4993,2076,1969,1550,-640
0.4997,2076,1969,1550,-640
0.5000,2044,1971,1550,-640
0.5007,2044,1971,1550,-640
0.5010,2044,1971,1550,-640
0.5014,2044,1973,1550,-640
0.5017,2044,1973,1550,-640
0.5021,2044,1973,1550,-640
0.5024,2044,1975,1550,-632
0.5028,2044,1975,1550,-632
0.5031,2044,1977,1550,-632
0.5035,2044,1977,1550,-632
0.5039,2044,1977,1550,-632
0.5042,2044,1978,1550,-640
0.5046,2044,1978,1550,-640
0.5050,2044,1978,1550,-640
0.5053,2044,1980,1550,-632
0.5057,2044,1980,1550,-632
0.5060,2044,1980,1550,-632
0.5064,2044,1982,1550,-632
0.5067,2044,1982,1550,-632
0.5071,2044,1984,1550,-632
0.5074,2044,1984,1550,-632
0.5078,2044,1984,1550,-632
0.5081,2044,1986,1550,-624
0.5085,2044,1986,1550,-624
0.5088,2044,1986,1550,-624
0.5092,2044,1988,1550,-624
0.5096,2044,1988,1550,-624
0.5100,2044,1988,1550,-624
0.5103,2011,1990,1550,-616
0.5110,2011,1990,1550,-616
0.5113,2011,1992,1550,-616
0.5117,2011,1992,1550,-616
0.5120,2011,1992,1550,-616
0.5124,2011,1994,1550,-540
0.5127,2011,1994,1550,-540
0.5131,2011,1996,1550,-540
0.5134,2011,1996,1550,-540
0.5137,2011,1996,1550,-540
0.5141,2011,1998,1850,-532
0.5144,2011,1998,1850,-532
0.5148,2011,1998,1850,-532
0.5151,2011,2000,1850,-532
0.5155,2011,2000,1850,-532
0.5159,2011,2000,1850,-532
0.5162,2011,2002,1850,-524
0.5166,2011,2002,1850,-524
0.5170,2011,2002,1850,-524
0.5173,2011,2004,1850,-524
0.5177,2011,2004,1850,-524
0.5180,2011,2004,1850,-524
0.5184,2011,2006,1850,-516
0.5187,2011,2006,1850,-516
0.5191,2011,2008,1850,-508
0.5194,2011,2008,1850,-508
0.5198,2011,2008,1850,-508
0.5201,1981,2010,1850,-508
0.5208,1981,2010,1850,-508
0.5211,1981,2012,1850,-500
0.5215,1981,2012,1850,-500
0.5219,1981,2012,1850,-500
0.5222,1981,2014,1850,-492
0.5226,1981,2014,1850,-492
0.5230,1981,2014,1850,-492
0.5233,1981,2016,1850,-484
0.5237,1981,2016,1850,-484
0.5240,1981,2018,1850,-476
0.5244,1981,2018,1850,-476
0.5247,1981,2018,1850,-476
0.5251,1981,2020,1850,-476
0.5254,1981,2020,1850,-476
0.5258,1981,2020,1850,-476
0.5262,1981,2022,1850,-468
0.5265,1981,2022,1850,-468
0.5269,1981,2022,1850,-468
0.5272,1981,2024,1850,-460
0.5276,1981,2024,1850,-460
0.5280,1981,2024,1850,-460
0.5283,1981,2026,1850,-452
0.5287,1981,2026,1850,-452
0.5290,1981,2027,1850,-452
0.5294,1981,2027,1850,-452
0.5297,1981,2027,1850,-452
0.5301,1952,2029,1850,-444
0.5307,1952,2029,1850,-444
0.5311,1952,2031,1850,-436
0.5314,1952,2031,1850,-436
0.5318,1952,2031,1850,-436
0.5321,1952,2033,1850,-384
0.5325,1952,2033,1850,-384
0.5329,1952,2033,1850,-384
0.5332,1952,2035,1850,-376
0.5336,1952,2035,1850,-376
0.5340,1952,2037,1950,-368
0.5343,1952,2037,1950,-368
0.5347,1952,2037,1950,-368
0.5350,1952,2039,1950,-360
0.5354,1952,2039,1950,-360
0.5358,1952,2039,1950,-360
0.5361,1952,2041,1950,-352
0.5365,1952,2041,1950,-352
0.5368,1952,2041,1950,-352
0.5372,1952,2043,1950,-344
0.5375,1952,2043,1950,-344
0.5379,1952,2043,1950,-344
0.5382,1952,2044,1950,-344
0.5386,1952,2044,1950,-344
0.5390,1952,2046,1950,-328
0.5393,1952,2046,1950,-328
0.5397,1952,2046,1950,-328
0.5400,1927,2048,1950,-320
0.5407,1927,2048,1950,-320
0.5411,1927,2050,1950,-312
0.5414,1927,2050,1950,-312
0.5418,1927,2050,1950,-312
0.5421,1927,2052,1950,-304
0.5425,1927,2052,1950,-304
0.5429,1927,2053,1950,-296
0.5433,1927,2053,1950,-296
0.5436,1927,2053,1950,-296
0.5440,1927,2055,1950,-288
0.5443,1927,2055,1950,-288
0.5447,1927,2055,1950,-288
0.5450,1927,2057,1950,-280
0.5454,1927,2057,1950,-280
0.5458,1927,2057,1950,-280
0.5461,1927,2059,1950,-264
0.5465,1927,2059,1950,-264
0.5468,1927,2059,1950,-264
0.5472,1927,2061,1950,-256
0.5475,1927,2061,1950,-256
0.5479,1927,2062,1950,-248
0.5482,1927,2062,1950,-248
0.5486,1927,2062,1950,-248
0.5490,1927,2064,1950,-240
0.5493,1927,2064,1950,-240
0.5497,1927,2064,1950,-240
0.5500,1906,2065,1950,-240
0.5507,1906,2065,1950,-240
0.5511,1906,2067,1950,-224
0.5514,1906,2067,1950,-224
0.5518,1906,2067,1950,-224
0.5522,1906,2068,1950,-200
0.5525,1906,2068,1950,-200
0.5529,1906,2069,1950,-192
0.5532,1906,2069,1950,-192
0.5536,1906,2069,1950,-192
0.5540,1906,2071,1700,-176
0.5543,1906,2071,1700,-176
0.5547,1906,2071,1700,-176
0.5550,1906,2072,1700,-176
0.5554,1906,2072,1700,-176
0.5557,1906,2072,1700,-176
0.5561,1906,2074,1700,-160
0.5564,1906,2074,1700,-160
0.5568,1906,2074,1700,-160
0.5571,1906,2075,1700,-160
0.5575,1906,2075,1700,-160
0.5579,1906,2077,1700,-144
0.5582,1906,2077,1700,-144
0.5586,1906,2077,1700,-144
0.5590,1906,2078,1700,-136
0.5593,1906,2078,1700,-136
0.5597,1906,2078,1700,-136
0.5600,1890,2079,1700,-128
0.5607,1890,2079,1700,-128
0.5611,1890,2081,1700,-120
0.5614,1890,2081,1700,-120
0.5618,1890,2081,1700,-120
0.5621,1890,2082,1700,-112
0.5625,1890,2082,1700,-112
0.5628,1890,2083,1700,-104
0.5632,1890,2083,1700,-104
0.5635,1890,2083,1700,-104
0.5639,1890,2084,1700,-96
0.5642,1890,2084,1700,-96
0.5646,1890,2084,1700,-96
0.5650,1890,2085,1700,-96
0.5653,1890,2085,1700,-96
0.5657,1890,2085,1700,-96
0.5660,1890,2087,1700,-80
0.5664,1890,2087,1700,-80
0.5667,1890,2087,1700,-80
0.5671,1890,2088,1700,-72
0.5675,1890,2088,1700,-72
0.5678,1890,2089,1700,-64
0.5682,1890,2089,1700,-64
0.5686,1890,2089,1700,-64
0.5690,1890,2090,1700,-56
0.5693,1890,2090,1700,-56
0.5697,1890,2090,1700,-56
0.5701,1879,2091,1700,-48
0.5707,1879,2091,1700,-48
0.5711,1879,2092,1700,-40
0.5714,1879,2092,1700,-40
0.5718,1879,2093,1700,-28
0.5721,1879,2093,1700,-28
0.5725,1879,2093,1700,-28
0.5729,1879,2094,1700,20
0.5732,1879,2094,1700,20
0.5736,1879,2094,1700,20
0.5740,1879,2095,1200,28
0.5743,1879,2095,1200,28
0.5747,1879,2095,1200,28
0.5750,1879,2096,1200,36
0.5754,1879,2096,1200,36
0.5757,1879,2096,1200,36
0.5761,1879,2096,1200,36
0.5764,1879,2096,1200,36
0.5768,1879,2097,1200,44
0.5771,1879,2097,1200,44
0.5775,1879,2097,1200,44
0.5779,1879,2098,1200,60
0.5782,1879,2098,1200,60
0.5786,1879,2098,1200,60
0.5790,1879,2099,1200,68
0.5793,1879,2099,1200,68
0.5797,1879,2099,1200,68
0.5800,1874,2099,1200,68
0.5807,1874,2100,1200,76
0.5811,1874,2100,1200,76
0.5814,1874,2100,1200,76
0.5818,1874,2101,1200,92
0.5821,1874,2101,1200,92
0.5825,1874,2101,1200,92
0.5829,1874,2101,1200,92
0.5832,1874,2101,1200,92
0.5836,1874,2101,1200,92
0.5840,1874,2102,1200,100
0.5843,1874,2102,1200,100
0.5847,1874,2102,1200,100
0.5850,1874,2102,1200,100
0.5854,1874,2102,1200,100
0.5857,1874,2103,1200,100
0.5861,1874,2103,1200,100
0.5865,1874,2103,1200,100
0.5868,1874,2103,1200,108
0.5872,1874,2103,1200,108
0.5875,1874,2103,1200,108
0.5879,1874,2104,1200,116
0.5882,1874,2104,1200,116
0.5886,1874,2104,1200,116
0.5890,1874,2104,1200,124
0.5893,1874,2104,1200,124
0.5897,1874,2105,1200,140
0.5900,1875,2105,1200,140
0.5907,1875,2105,1200,140
0.5910,1875,2105,1200,140
0.5914,1875,2105,1200,140
0.5917,1875,2105,1200,136
0.5921,1875,2105,1200,136
0.5924,1875,2105,1200,136
0.5928,1875,2105,1200,136
0.5931,1875,2105,1200,136
0.5935,1875,2105,1200,136
0.5939,1875,2105,500,144
0.5942,1875,2105,500,144
0.5946,1875,2105,500,144
0.5950,1875,2105,500,152
0.5953,1875,2105,500,152
0.5957,1875,2105,500,152
0.5960,1875,2105,500,152
0.5964,1875,2105,500,152
0.5968,1875,2105,500,160
0.5971,1875,2105,500,160
0.5975,1875,2105,500,160
0.5978,1875,2105,500,168
0.5982,1875,2105,500,168
0.5985,1875,2105,500,168
0.5989,1875,2106,500,184
0.5992,1875,2106,500,184
0.5996,1875,2106,500,192
0.6000,1875,2106,500,192
0.6003,1882,2106,500,192
0.6010,1882,2106,500,192
0.6013,1882,2106,500,192
0.6017,1882,2106,500,200
0.6020,1882,2106,500,200
0.6024,1882,2106,500,200
0.6027,1882,2106,500,208
0.6031,1882,2106,500,208
0.6035,1882,2106,500,208
0.6038,1882,2106,500,216
0.6042,1882,2106,500,216
0.6045,1882,2106,500,216
0.6049,1882,2106,500,224
0.6052,1882,2106,500,224
0.6056,1882,2106,500,232
0.6060,1882,2106,500,232
0.6063,1882,2106,500,232
0.6067,1882,2106,500,240
0.6070,1882,2106,500,240
0.6074,1882,2106,500,240
0.6077,1882,2106,500,248
0.6081,1882,2106,500,248
0.6084,1882,2106,500,248
0.6088,1882,2106,500,256
0.6092,1882,2106,500,256
0.6095,1882,2106,500,256
0.6099,1882,2106,500,264
0.6102,1895,2106,500,272
0.6110,1895,2106,500,272
0.6113,1895,2106,500,272
0.6117,1895,2106,500,280
0.6120,1895,2106,500,280
0.6124,1895,2106,500,280
0.6128,1895,2106,500,288
0.6131,1895,2106,500,288
0.6135,1895,2106,500,288
0.6139,1895,2105,0,296
0.6142,1895,2105,0,296
0.6146,1895,2105,0,304
0.6150,1895,2105,0,304
0.6153,1895,2105,0,304
0.6157,1895,2105,0,312
0.6160,1895,2105,0,312
0.6164,1895,2105,0,312
0.6168,1895,2104,0,312
0.6171,1895,2104,0,312
0.6175,1895,2104,0,320
0.6179,1895,2103,0,320
0.6182,1895,2103,0,320
0.6186,1895,2103,0,328
0.6190,1895,2103,0,328
0.6194,1895,2103,0,328
0.6197,1895,2102,0,328
0.6201,1913,2102,0,328
0.6207,1913,2102,0,336
0.6211,1913,2102,0,336
0.6215,1913,2102,0,336
0.6218,1913,2101,0,344
0.6222,1913,2101,0,344
0.6225,1913,2100,0,344
0.6229,1913,2100,0,344
0.6232,1913,2100,0,344
0.6236,1913,2100,0,360
0.6240,1913,2100,0,360
0.6243,1913,2100,0,360
0.6247,1913,2100,0,368
0.6250,1913,2100,0,368
0.6254,1913,2100,0,368
0.6258,1913,2099,0,376
0.6261,1913,2099,0,376
0.6265,1913,2098,0,376
0.6269,1913,2098,0,376
0.6272,1913,2098,0,376
0.6276,1913,2097,0,384
0.6280,1913,2097,0,384
0.6283,1913,2097,0,384
0.6287,1913,2096,0,384
0.6291,1913,2096,0,384
0.6294,1913,2096,0,384
0.6298,1913,2096,0,400
0.6301,1936,2096,0,400
0.6308,1936,2095,0,400
0.6312,1936,2095,0,400
0.6315,1936,2094,0,400
0.6319,1936,2094,0,400
0.6322,1936,2094,0,400
0.6326,1936,2093,0,408
0.6330,1936,2093,0,408
0.6333,1936,2093,0,408
0.6337,1936,2092,-650,408
0.6341,1936,2092,-650,408
0.6344,1936,2092,-650,408
0.6348,1936,2091,-650,416
0.6351,1936,2091,-650,416
0.6355,1936,2090,-650,424
0.6359,1936,2090,-650,424
0.6363,1936,2090,-650,424
0.6366,1936,2089,-650,424
0.6370,1936,2089,-650,424
0.6373,1936,2089,-650,424
0.6377,1936,2088,-650,432
0.6380,1936,2088,-650,432
0.6384,1936,2088,-650,432
0.6388,1936,2088,-650,448
0.6391,1936,2088,-650,448
0.6395,1936,2086,-650,448
0.6399,1936,2086,-650,448
0.6402,1962,2085,-650,456
0.6410,1962,2085,-650,456
0.6413,1962,2085,-650,456
0.6417,1962,2084,-650,464
0.6420,1962,2084,-650,464
0.6424,1962,2084,-650,464
0.6427,1962,2083,-650,464
0.6431,1962,2083,-650,464
0.6435,1962,2082,-650,472
0.6438,1962,2082,-650,472
0.6442,1962,2082,-650,472
0.6445,1962,2081,-650,480
0.6449,1962,2081,-650,480
0.6452,1962,2081,-650,480
0.6456,1962,2080,-650,488
0.6460,1962,2080,-650,488
0.6463,1962,2080,-650,488
0.6467,1962,2079,-650,496
0.6470,1962,2079,-650,496
0.6474,1962,2077,-650,496
0.6477,1962,2077,-650,496
0.6481,1962,2077,-650,496
0.6485,1962,2076,-650,504
0.6488,1962,2076,-650,504
0.6492,1962,2076,-650,504
0.6496,1962,2075,-650,504
0.6500,1962,2075,-650,504
0.6503,1992,2074,-650,512
0.6510,1992,2074,-650,512
0.6513,1992,2074,-650,512
0.6517,1992,2072,-650,504
0.6520,1992,2072,-650,504
0.6524,1992,2071,-650,512
0.6528,1992,2071,-650,512
0.6531,1992,2071,-650,512
0.6535,1992,2070,-1100,512
0.6538,1992,2070,-1100,512
0.6542,1992,2070,-1100,512
0.6545,1992,2069,-1100,520
0.6549,1992,2069,-1100,520
0.6552,1992,2069,-1100,520
0.6556,1992,2067,-1100,520
0.6560,1992,2067,-1100,520
0.6563,1992,2067,-1100,520
0.6567,1992,2066,-1100,520
0.6571,1992,2066,-1100,520
0.6574,1992,2064,-1100,520
0.6577,1992,2064,-1100,520
0.6581,1992,2064,-1100,520
0.6585,1992,2063,-1100,520
0.6588,1992,2063,-1100,520
0.6592,1992,2063,-1100,520
0.6595,1992,2062,-1100,528
0.6599,1992,2062,-1100,528
0.6602,2023,2060,-1100,520
0.6610,2023,2060,-1100,520
0.6613,2023,2059,-1100,528
0.6617,2023,2059,-1100,528
0.6620,2023,2059,-1100,528
0.6624,2023,2057,-1100,520
0.6627,2023,2057,-1100,520
0.6631,2023,2057,-1100,520
0.6635,2023,2056,-1100,528
0.6638,2023,2056,-1100,528
0.6642,2023,2056,-1100,528
0.6645,2023,2054,-1100,520
0.6649,2023,2054,-1100,520
0.6652,2023,2054,-1100,520
0.6656,2023,2053,-1100,520
0.6660,2023,2053,-1100,520
0.6663,2023,2051,-1100,520
0.6667,2023,2051,-1100,520
0.6670,2023,2051,-1100,520
0.6674,2023,2050,-1100,520
0.6678,2023,2050,-1100,520
0.6681,2023,2050,-1100,520
0.6685,2023,2048,-1100,512
0.6688,2023,2048,-1100,512
0.6692,2023,2048,-1100,512
0.6696,2023,2047,-1100,520
0.6700,2023,2047,-1100,520
0.6703,2056,2045,-1100,512
0.6710,2056,2045,-1100,512
0.6713,2056,2043,-1100,448
0.6717,2056,2043,-1100,448
0.6720,2056,2043,-1100,448
0.6724,2056,2042,-1100,448
0.6727,2056,2042,-1100,448
0.6731,2056,2042,-1100,448
0.6735,2056,2040,-1500,440
0.6739,2056,2040,-1500,440
0.6742,2056,2040,-1500,440
0.6746,2056,2038,-1500,440
0.6750,2056,2038,-1500,440
0.6754,2056,2036,-1500,432
0.6758,2056,2036,-1500,432
0.6761,2056,2036,-1500,432
0.6765,2056,2035,-1500,432
0.6769,2056,2035,-1500,432
0.6772,2056,2035,-1500,432
0.6776,2056,2033,-1500,424
0.6780,2056,2033,-1500,424
0.6783,2056,2032,-1500,424
0.6787,2056,2032,-1500,424
0.6790,2056,2032,-1500,424
0.6794,2056,2030,-1500,416
0.6797,2056,2030,-1500,416
0.6801,2087,2029,-1500,416
0.6807,2087,2029,-1500,416
0.6811,2087,2029,-1500,416
0.6814,2087,2027,-1500,408
0.6818,2087,2027,-1500,408
0.6821,2087,2027,-1500,408
0.6825,2087,2026,-1500,408
0.6829,2087,2026,-1500,408
0.6832,2087,2024,-1500,400
0.6836,2087,2024,-1500,400
0.6840,2087,2024,-1500,400
0.6843,2087,2022,-1500,392
0.6847,2087,2022,-1500,392
0.6850,2087,2022,-1500,392
0.6854,2087,2021,-1500,392
0.6858,2087,2021,-1500,392
0.6861,2087,2021,-1500,392
0.6865,2087,2019,-1500,376
0.6868,2087,2019,-1500,376
0.6872,2087,2019,-1500,376
0.6875,2087,2018,-1500,376
0.6879,2087,2018,-1500,376
0.6882,2087,2016,-1500,368
0.6886,2087,2016,-1500,368
0.6890,2087,2016,-1500,368
0.6893,2087,2014,-1500,360
0.6897,2087,2014,-1500,360
0.6900,2117,2013,-1500,352
0.6907,2117,2013,-1500,352
0.6910,2117,2013,-1500,352
0.6914,2117,2011,-1500,292
0.6917,2117,2011,-1500,292
0.6921,2117,2011,-1500,292
0.6924,2117,2009,-1500,284
0.6928,2117,2009,-1500,284
0.6932,2117,2008,-1600,284
0.6935,2117,2008,-1600,284
0.6939,2117,2008,-1600,284
0.6942,2117,2007,-1600,276
0.6946,2117,2007,-1600,276
0.6950,2117,2007,-1600,276
0.6953,2117,2005,-1600,268
0.6957,2117,2005,-1600,268
0.6960,2117,2005,-1600,268
0.6964,2117,2004,-1600,260
0.6968,2117,2004,-1600,260
0.6971,2117,2004,-1600,260
0.6975,2117,2002,-1600,252
0.6978,2117,2002,-1600,252
0.6982,2117,2001,-1600,244
0.6985,2117,2001,-1600,244
0.6989,2117,2001,-1600,244
0.6992,2117,1999,-1600,236
0.6996,2117,1999,-1600,236
0.7000,2117,1999,-1600,236
0.7003,2145,1998,-1600,228
0.7010,2145,1998,-1600,228
0.7013,2145,1997,-1600,228
0.7017,2145,1997,-1600,228
0.7020,2145,1997,-1600,228
0.7024,2145,1995,-1600,212
0.7027,2145,1995,-1600,212
0.7031,2145,1995,-1600,212
0.7034,2145,1994,-1600,212
0.7038,2145,1994,-1600,212
0.7041,2145,1992,-1600,196
0.7045,2145,1992,-1600,196
0.7049,2145,1992,-1600,196
0.7052,2145,1991,-1600,188
0.7056,2145,1991,-1600,188
0.7060,2145,1991,-1600,188
0.7063,2145,1990,-1600,188
0.7066,2145,1990,-1600,188
0.7070,2145,1990,-1600,188
0.7074,2145,1989,-1600,180
0.7077,2145,1989,-1600,180
0.7081,2145,1989,-1600,180
0.7084,2145,1987,-1600,164
0.7088,2145,1987,-1600,164
0.7091,2145,1986,-1600,164
0.7095,2145,1986,-1600,164
0.7099,2145,1986,-1600,164
0.7102,2169,1985,-1600,156
0.7110,2169,1985,-1600,156
0.7113,2169,1984,-1600,128
0.7117,2169,1984,-1600,128
0.7120,2169,1984,-1600,128
0.7124,2169,1983,-1600,120
0.7127,2169,1983,-1600,120
0.7131,2169,1981,-1350,104
0.7134,2169,1981,-1350,104
0.7138,2169,1981,-1350,104
0.7141,2169,1980,-1350,104
0.7145,2169,1980,-1350,104
0.7149,2169,1980,-1350,104
0.7152,2169,1979,-1350,96
0.7156,2169,1979,-1350,96
0.7160,2169,1979,-1350,96
0.7163,2169,1978,-1350,88
0.7167,2169,1978,-1350,88
0.7170,2169,1978,-1350,88
0.7174,2169,1978,-1350,88
0.7178,2169,1978,-1350,88
0.7181,2169,1976,-1350,72
0.7185,2169,1976,-1350,72
0.7188,2169,1976,-1350,72
0.7192,2169,1975,-1350,64
0.7195,2169,1975,-1350,64
0.7199,2169,1975,-1350,64
0.7202,2188,1974,-1350,48
0.7210,2188,1974,-1350,48
0.7213,2188,1973,-1350,40
0.7217,2188,1973,-1350,40
0.7220,2188,1973,-1350,40
0.7224,2188,1973,-1350,40
0.7227,2188,1973,-1350,40
0.7231,2188,1972,-1350,32
0.7234,2188,1972,-1350,32
0.7238,2188,1972,-1350,32
0.7241,2188,1971,-1350,24
0.7245,2188,1971,-1350,24
0.7248,2188,1971,-1350,24
0.7252,2188,1970,-1350,0
0.7255,2188,1970,-1350,0
0.7259,2188,1970,-1350,0
0.7262,2188,1969,-1350,-32
0.7266,2188,1969,-1350,-32
0.7270,2188,1969,-1350,-32
0.7273,2188,1968,-1350,-40
0.7277,2188,1968,-1350,-40
0.7280,2188,1968,-1350,-40
0.7284,2188,1968,-1350,-40
0.7287,2188,1968,-1350,-40
0.7291,2188,1967,-1350,-56
0.7294,2188,1967,-1350,-56
0.7298,2188,1967,-1350,-56
0.7302,2203,1966,-1350,-64
0.7308,2203,1966,-1350,-64
0.7312,2203,1965,-1350,-84
0.7316,2203,1965,-1350,-84
0.7320,2203,1965,-1350,-92
0.7323,2203,1965,-1350,-92
0.7327,2203,1965,-1350,-92
0.7330,2203,1965,-800,-92
0.7334,2203,1965,-800,-92
0.7338,2203,1965,-800,-92
0.7341,2203,1964,-800,-100
0.7345,2203,1964,-800,-100
0.7349,2203,1964,-800,-100
0.7352,2203,1964,-800,-100
0.7356,2203,1964,-800,-100
0.7360,2203,1963,-800,-108
0.7363,2203,1963,-800,-108
0.7367,2203,1963,-800,-108
0.7370,2203,1962,-800,-116
0.7374,2203,1962,-800,-116
0.7377,2203,1962,-800,-116
0.7381,2203,1962,-800,-124
0.7384,2203,1962,-800,-124
0.7388,2203,1962,-800,-124
0.7391,2203,1962,-800,-124
0.7395,2203,1962,-800,-124
0.7399,2203,1962,-800,-124
0.7402,2212,1962,-800,-132
0.7410,2212,1961,-800,-148
0.7413,2212,1961,-800,-148
0.7417,2212,1961,-800,-148
0.7420,2212,1961,-800,-148
0.7424,2212,1961,-800,-148
0.7427,2212,1961,-800,-148
0.7431,2212,1961,-800,-156
0.7435,2212,1961,-800,-156
0.7438,2212,1961,-800,-156
0.7442,2212,1961,-800,-164
0.7445,2212,1961,-800,-164
0.7449,2212,1961,-800,-164
0.7452,2212,1961,-800,-164
0.7456,2212,1961,-800,-164
0.7460,2212,1961,-800,-172
0.7463,2212,1961,-800,-172
0.7467,2212,1961,-800,-172
0.7470,2212,1961,-800,-180
0.7474,2212,1961,-800,-180
0.7477,2212,1961,-800,-180
0.7481,2212,1960,-800,-196
0.7484,2212,1960,-800,-196
0.7488,2212,1960,-800,-196
0.7491,2212,1960,-800,-204
0.7495,2212,1960,-800,-204
0.7499,2212,1960,-800,-204
0.7502,2215,1960,-800,-204
0.7510,2215,1960,-800,-192
0.7513,2215,1960,-800,-192
0.7517,2215,1960,-800,-192
0.7521,2215,1960,-800,-200
0.7525,2215,1960,-800,-200
0.7529,2215,1960,-250,-208
0.7532,2215,1960,-250,-208
0.7536,2215,1960,-250,-208
0.7540,2215,1960,-250,-216
0.7543,2215,1960,-250,-216
0.7547,2215,1960,-250,-216
0.7551,2215,1960,-250,-224
0.7554,2215,1960,-250,-224
0.7558,2215,1960,-250,-224
0.7561,2215,1960,-250,-232
0.7565,2215,1960,-250,-232
0.7569,2215,1960,-250,-240
0.7572,2215,1960,-250,-240
0.7576,2215,1960,-250,-240
0.7580,2215,1960,-250,-248
0.7583,2215,1960,-250,-248
0.7587,2215,1960,-250,-248
0.7590,2215,1960,-250,-256
0.7594,2215,1960,-250,-256
0.7598,2215,1960,-250,-256
0.7601,2212,1960,-250,-264
0.7608,2212,1960,-250,-264
0.7611,2212,1960,-250,-280
0.7615,2212,1960,-250,-280
0.7618,2212,1960,-250,-280
0.7621,2212,1960,-250,-288
0.7625,2212,1960,-250,-288
0.7628,2212,1960,-250,-288
0.7632,2212,1961,-250,-288
0.7635,2212,1961,-250,-288
0.7639,2212,1961,-250,-296
0.7642,2212,1961,-250,-296
0.7646,2212,1961,-250,-296
0.7650,2212,1962,-250,-296
0.7653,2212,1962,-250,-296
0.7657,2212,1962,-250,-296
0.7660,2212,1962,-250,-312
0.7664,2212,1962,-250,-312
0.7667,2212,1962,-250,-312
0.7671,2212,1963,-250,-312
0.7675,2212,1963,-250,-312
0.7678,2212,1963,-250,-320
0.7682,2212,1963,-250,-320
0.7685,2212,1963,-250,-320
0.7689,2212,1964,-250,-328
0.7692,2212,1964,-250,-328
0.7696,2212,1964,-250,-328
0.7700,2212,1964,-250,-336
0.7703,2202,1964,-250,-336
0.7710,2202,1965,-250,-344
0.7713,2202,1965,-250,-344
0.7717,2202,1965,-250,-344
0.7720,2202,1965,-250,-360
0.7724,2202,1965,-250,-360
0.7727,2202,1965,-250,-360
0.7730,2202,1966,300,-360
0.7734,2202,1966,300,-360
0.7737,2202,1966,300,-360
0.7741,2202,1966,300,-376
0.7745,2202,1966,300,-376
0.7748,2202,1967,300,-376
0.7752,2202,1967,300,-376
0.7755,2202,1967,300,-376
0.7759,2202,1968,300,-384
0.7762,2202,1968,300,-384
0.7766,2202,1968,300,-384
0.7770,2202,1969,300,-384
0.7773,2202,1969,300,-384
0.7777,2202,1969,300,-384
0.7780,2202,1970,300,-392
0.7784,2202,1970,300,-392
0.7787,2202,1970,300,-392
0.7791,2202,1970,300,-400
0.7794,2202,1970,300,-400
0.7798,2202,1971,300,-408
0.7801,2188,1971,300,-408
0.7808,2188,1972,300,-416
0.7811,2188,1972,300,-416
0.7815,2188,1972,300,-416
0.7818,2188,1972,300,-424
0.7822,2188,1972,300,-424
0.7825,2188,1972,300,-424
0.7829,2188,1973,300,-432
0.7832,2188,1973,300,-432
0.7836,2188,1973,300,-432
0.7840,2188,1974,300,-440
0.7843,2188,1974,300,-440
0.7847,2188,1974,300,-440
0.7850,2188,1975,300,-448
0.7854,2188,1975,300,-448
0.7857,2188,1976,300,-448
0.7861,2188,1976,300,-448
0.7864,2188,1976,300,-448
0.7868,2188,1977,300,-456
0.7871,2188,1977,300,-456
0.7875,2188,1977,300,-456
0.7879,2188,1978,300,-464
0.7882,2188,1978,300,-464
0.7886,2188,1978,300,-464
0.7889,2188,1979,300,-472
0.7893,2188,1979,300,-472
0.7897,2188,1979,300,-472
0.7900,2168,1980,300,-480
0.7907,2168,1980,300,-480
0.7910,2168,1981,300,-488
0.7914,2168,1981,300,-488
0.7917,2168,1982,300,-496
0.7921,2168,1982,300,-496
0.7924,2168,1982,300,-496
0.7928,2168,1984,900,-496
0.7931,2168,1984,900,-496
0.7935,2168,1984,900,-496
0.7938,2168,1985,900,-496
0.7942,2168,1985,900,-496
0.7945,2168,1985,900,-496
0.7949,2168,1986,900,-504
0.7952,2168,1986,900,-504
0.7956,2168,1986,900,-504
0.7960,2168,1987,900,-520
0.7963,2168,1987,900,-520
0.7967,2168,1988,900,-528
0.7970,2168,1988,900,-528
0.7974,2168,1988,900,-528
0.7977,2168,1990,900,-528
0.7981,2168,1990,900,-528
0.7984,2168,1990,900,-528
0.7988,2168,1991,900,-536
0.7991,2168,1991,900,-536
0.7995,2168,1991,900,-536
0.7999,2168,1992,900,-544
0.8002,2144,1992,900,-544
0.8010,2144,1993,900,-552
0.8013,2144,1993,900,-552
0.8017,2144,1995,900,-552
0.8021,2144,1995,900,-552
0.8024,2144,1995,900,-552
0.8028,2144,1996,900,-560
0.8031,2144,1996,900,-560
0.8035,2144,1996,900,-560
0.8039,2144,1997,900,-576
0.8042,2144,1997,900,-576
0.8046,2144,1999,900,-576
0.8050,2144,1999,900,-576
0.8053,2144,1999,900,-576
0.8057,2144,2000,900,-584
0.8060,2144,2000,900,-584
0.8064,2144,2000,900,-584
0.8067,2144,2001,900,-592
0.8071,2144,2001,900,-592
0.8074,2144,2001,900,-592
0.8078,2144,2003,900,-592
0.8082,2144,2003,900,-592
0.8085,2144,2003,900,-592
0.8089,2144,2005,900,-592
0.8092,2144,2005,900,-592
0.8096,2144,2006,900,-600
0.8100,2144,2006,900,-600
0.8103,2116,2008,900,-584
0.8110,2116,2008,900,-584
0.8113,2116,2008,900,-584
0.8117,2116,2009,900,-592
0.8120,2116,2009,900,-592
0.8124,2116,2009,900,-592
0.8127,2116,2011,1350,-592
0.8131,2116,2011,1350,-592
0.8134,2116,2011,1350,-592
0.8138,2116,2012,1350,-592
0.8141,2116,2012,1350,-592
0.8144,2116,2012,1350,-592
0.8148,2116,2014,1350,-592
0.8152,2116,2014,1350,-592
0.8155,2116,2014,1350,-592
0.8159,2116,2016,1350,-592
0.8162,2116,2016,1350,-592
0.8166,2116,2017,1350,-600
0.8170,2116,2017,1350,-600
0.8173,2116,2017,1350,-600
0.8177,2116,2019,1350,-600
0.8180,2116,2019,1350,-600
0.8184,2116,2019,1350,-600
0.8187,2116,2020,1350,-600
0.8191,2116,2020,1350,-600
0.8194,2116,2020,1350,-600
0.8198,2116,2022,1350,-600
0.8201,2086,2022,1350,-600
0.8208,2086,2024,1350,-600
0.8212,2086,2024,1350,-600
0.8216,2086,2026,1350,-600
0.8220,2086,2026,1350,-600
0.8223,2086,2026,1350,-600
0.8227,2086,2027,1350,-600
0.8231,2086,2027,1350,-600
0.8235,2086,2027,1350,-600
0.8238,2086,2029,1350,-600
0.8242,2086,2029,1350,-600
0.8246,2086,2031,1350,-592
0.8250,2086,2031,1350,-592
0.8253,2086,2031,1350,-592
0.8257,2086,2033,1350,-592
0.8261,2086,2033,1350,-592
0.8264,2086,2033,1350,-592
0.8268,2086,2034,1350,-600
0.8271,2086,2034,1350,-600
0.8275,2086,2036,1350,-592
0.8279,2086,2036,1350,-592
0.8282,2086,2036,1350,-592
0.8286,2086,2038,1350,-592
0.8290,2086,2038,1350,-592
0.8293,2086,2038,1350,-592
0.8297,2086,2040,1350,-584
0.8300,2055,2040,1350,-584
0.8307,2055,2042,1350,-528
0.8310,2055,2042,1350,-528
0.8314,2055,2042,1350,-528
0.8317,2055,2044,1350,-520
0.8321,2055,2044,1350,-520
0.8324,2055,2044,1350,-520
0.8328,2055,2046,1750,-512
0.8331,2055,2046,1750,-512
0.8335,2055,2046,1750,-512
0.8338,2055,2048,1750,-512
0.8342,2055,2048,1750,-512
0.8345,2055,2049,1750,-512
0.8349,2055,2049,1750,-512
0.8352,2055,2049,1750,-512
0.8356,2055,2051,1750,-504
0.8360,2055,2051,1750,-504
0.8363,2055,2051,1750,-504
0.8366,2055,2053,1750,-504
0.8370,2055,2053,1750,-504
0.8374,2055,2053,1750,-504
0.8377,2055,2055,1750,-496
0.8381,2055,2055,1750,-496
0.8384,2055,2055,1750,-496
0.8388,2055,2057,1750,-488
0.8391,2055,2057,1750,-488
0.8395,2055,2059,1750,-480
0.8398,2055,2059,1750,-480
0.8402,2022,2061,1750,-480
0.8409,2022,2061,1750,-480
0.8412,2022,2061,1750,-480
0.8416,2022,2063,1750,-472
0.8420,2022,2063,1750,-472
0.8423,2022,2063,1750,-472
0.8427,2022,2065,1750,-464
0.8431,2022,2065,1750,-464
0.8434,2022,2065,1750,-464
0.8438,2022,2066,1750,-464
0.8441,2022,2066,1750,-464
0.8445,2022,2068,1750,-456
0.8448,2022,2068,1750,-456
0.8452,2022,2068,1750,-456
0.8455,2022,2070,1750,-448
0.8459,2022,2070,1750,-448
0.8462,2022,2070,1750,-448
0.8466,2022,2072,1750,-440
0.8470,2022,2072,1750,-440
0.8473,2022,2072,1750,-440
0.8477,2022,2074,1750,-432
0.8480,2022,2074,1750,-432
0.8483,2022,2074,1750,-432
0.8487,2022,2076,1750,-424
0.8490,2022,2076,1750,-424
0.8494,2022,2076,1750,-424
0.8497,2022,2078,1750,-416
0.8501,1991,2078,1750,-416
0.8507,1991,2079,1750,-360
0.8511,1991,2079,1750,-360
0.8514,1991,2081,1750,-352
0.8518,1991,2081,1750,-352
0.8521,1991,2081,1750,-352
0.8525,1991,2083,1850,-344
0.8529,1991,2083,1850,-344
0.8532,1991,2083,1850,-344
0.8536,1991,2085,1850,-336
0.8540,1991,2085,1850,-336
0.8544,1991,2086,1850,-336
0.8547,1991,2086,1850,-336
0.8551,1991,2086,1850,-336
0.8554,1991,2088,1850,-320
0.8558,1991,2088,1850,-320
0.8562,1991,2088,1850,-320
0.8565,1991,2090,1850,-312
0.8569,1991,2090,1850,-312
0.8572,1991,2090,1850,-312
0.8576,1991,2091,1850,-312
0.8580,1991,2091,1850,-312
0.8583,1991,2091,1850,-312
0.8587,1991,2093,1850,-304
0.8590,1991,2093,1850,-304
0.8594,1991,2094,1850,-296
0.8597,1991,2094,1850,-296
0.8601,1962,2096,1850,-288
0.8607,1962,2096,1850,-288
0.8611,1962,2096,1850,-288
0.8615,1962,2098,1850,-280
0.8618,1962,2098,1850,-280
0.8622,1962,2098,1850,-280
0.8625,1962,2100,1850,-264
0.8629,1962,2100,1850,-264
0.8632,1962,2100,1850,-264
0.8636,1962,2101,1850,-264
0.8640,1962,2101,1850,-264
0.8643,1962,2101,1850,-264
0.8647,1962,2103,1850,-256
0.8650,1962,2103,1850,-256
0.8653,1962,2105,1850,-240
0.8657,1962,2105,1850,-240
0.8660,1962,2105,1850,-240
0.8664,1962,2106,1850,-240
0.8668,1962,2106,1850,-240
0.8671,1962,2106,1850,-240
0.8674,1962,2107,1850,-232
0.8678,1962,2107,1850,-232
0.8681,1962,2107,1850,-232
0.8685,1962,2109,1850,-224
0.8689,1962,2109,1850,-224
0.8692,1962,2109,1850,-224
0.8696,1962,2110,1850,-216
0.8700,1962,2110,1850,-216
0.8703,1934,2112,1850,-188
0.8710,1934,2112,1850,-188
0.8713,1934,2113,1850,-180
0.8717,1934,2113,1850,-180
0.8720,1934,2113,1850,-180
0.8724,1934,2114,1550,-172
0.8727,1934,2114,1550,-172
0.8731,1934,2114,1550,-172
0.8734,1934,2116,1550,-164
0.8737,1934,2116,1550,-164
0.8741,1934,2116,1550,-164
0.8744,1934,2117,1550,-156
0.8748,1934,2117,1550,-156
0.8751,1934,2117,1550,-156
0.8755,1934,2118,1550,-148
0.8759,1934,2118,1550,-148
0.8762,1934,2118,1550,-148
0.8766,1934,2120,1550,-140
0.8770,1934,2120,1550,-140
0.8773,1934,2121,1550,-132
0.8777,1934,2121,1550,-132
0.8780,1934,2121,1550,-132
0.8784,1934,2122,1550,-124
0.8787,1934,2122,1550,-124
0.8791,1934,2122,1550,-124
0.8794,1934,2124,1550,-108
0.8798,1934,2124,1550,-108
0.8801,1912,2125,1550,-100
0.8808,1912,2125,1550,-100
0.8811,1912,2125,1550,-100
0.8815,1912,2126,1550,-100
0.8819,1912,2126,1550,-100
0.8822,1912,2126,1550,-100
0.8826,1912,2127,1550,-92
0.8830,1912,2127,1550,-92
0.8833,1912,2128,1550,-84
0.8837,1912,2128,1550,-84
0.8840,1912,2128,1550,-84
0.8844,1912,2129,1550,-76
0.8848,1912,2129,1550,-76
0.8851,1912,2129,1550,-76
0.8855,1912,2130,1550,-68
0.8859,1912,2130,1550,-68
0.8862,1912,2131,1550,-60
0.8866,1912,2131,1550,-60
0.8870,1912,2131,1550,-60
0.8874,1912,2132,1550,-52
0.8877,1912,2132,1550,-52
0.8881,1912,2132,1550,-52
0.8884,1912,2133,1550,-44
0.8888,1912,2133,1550,-44
0.8891,1912,2133,1550,-44
0.8895,1912,2134,1550,-36
0.8899,1912,2134,1550,-36
0.8902,1894,2135,1550,20
0.8910,1894,2135,1550,20
0.8913,1894,2136,1550,28
0.8917,1894,2136,1550,28
0.8920,1894,2136,1550,28
0.8924,1894,2137,1150,36
0.8927,1894,2137,1150,36
0.8931,1894,2137,1150,36
0.8934,1894,2138,1150,44
0.8938,1894,2138,1150,44
0.8941,1894,2138,1150,44
0.8945,1894,2138,1150,44
0.8949,1894,2138,1150,44
0.8952,1894,2139,1150,60
0.8956,1894,2139,1150,60
0.8959,1894,2139,1150,60
0.8963,1894,2140,1150,68
0.8966,1894,2140,1150,68
0.8969,1894,2140,1150,68
0.8973,1894,2141,1150,76
0.8976,1894,2141,1150,76
0.8980,1894,2141,1150,76
0.8983,1894,2141,1150,84
0.8986,1894,2141,1150,84
0.8990,1894,2141,1150,84
0.8993,1894,2142,1150,92
0.8997,1894,2142,1150,92
0.9000,1882,2142,1150,92
0.9007,1882,2142,1150,92
0.9011,1882,2142,1150,92
0.9014,1882,2143,1150,100
0.9018,1882,2143,1150,100
0.9021,1882,2143,1150,100
0.9025,1882,2144,1150,100
0.9028,1882,2144,1150,100
0.9032,1882,2144,1150,108
0.9035,1882,2144,1150,108
0.9039,1882,2144,1150,108
0.9042,1882,2144,1150,108
0.9046,1882,2144,1150,108
0.9050,1882,2144,1150,108
0.9053,1882,2145,1150,124
0.9057,1882,2145,1150,124
0.9060,1882,2145,1150,124
0.9064,1882,2145,1150,124
0.9067,1882,2145,1150,124
0.9071,1882,2145,1150,124
0.9074,1882,2146,1150,140
0.9078,1882,2146,1150,140
0.9081,1882,2146,1150,148
0.9085,1882,2146,1150,148
0.9089,1882,2146,1150,148
0.9092,1882,2146,1150,148
0.9096,1882,2146,1150,148
0.9100,1882,2146,1150,148
0.9103,1875,2146,1150,140
0.9110,1875,2146,1150,140
0.9113,1875,2146,1150,148
0.9117,1875,2146,1150,148
0.9120,1875,2146,1150,148
0.9124,1875,2147,500,156
0.9127,1875,2147,500,156
0.9131,1875,2147,500,156
0.9134,1875,2147,500,164
0.9138,1875,2147,500,164
0.9141,1875,2147,500,172
0.9145,1875,2147,500,172
0.9148,1875,2147,500,172
0.9152,1875,2147,500,180
0.9155,1875,2147,500,180
0.9159,1875,2147,500,180
0.9162,1875,2147,500,180
0.9166,1875,2147,500,180
0.9170,1875,2147,500,180
0.9173,1875,2147,500,188
0.9177,1875,2147,500,188
0.9180,1875,2147,500,188
0.9184,1875,2147,500,196
0.9187,1875,2147,500,196
0.9191,1875,2147,500,204
0.9194,1875,2147,500,204
0.9198,1875,2147,500,204
0.9202,1874,2147,500,212
0.9208,1874,2147,500,212
0.9212,1874,2147,500,220
0.9215,1874,2147,500,220
0.9219,1874,2147,500,220
0.9222,1874,2147,500,228
0.9226,1874,2147,500,228
0.9230,1874,2147,500,228
0.9233,1874,2147,500,236
0.9237,1874,2147,500,236
0.9240,1874,2147,500,244
0.9244,1874,2147,500,244
0.9247,1874,2147,500,244
0.9251,1874,2147,500,252
0.9255,1874,2147,500,252
0.9258,1874,2147,500,252
0.9262,1874,2147,500,260
0.9265,1874,2147,500,260
0.9269,1874,2147,500,260
0.9272,1874,2147,500,268
0.9276,1874,2147,500,268
0.9280,1874,2147,500,268
0.9283,1874,2147,500,276
0.9287,1874,2147,500,276
0.9290,1874,2147,500,284
0.9294,1874,2147,500,284
0.9297,1874,2147,500,284
0.9301,1879,2147,500,300
0.9307,1879,2147,500,300
0.9311,1879,2147,500,316
0.9314,1879,2147,500,316
0.9318,1879,2147,500,316
0.9322,1879,2147,0,324
0.9325,1879,2147,0,324
0.9329,1879,2147,0,324
0.9333,1879,2146,0,324
0.9337,1879,2146,0,324
0.9340,1879,2145,0,324
0.9344,1879,2145,0,324
0.9347,1879,2145,0,324
0.9351,1879,2145,0,340
0.9354,1879,2145,0,340
0.9358,1879,2145,0,340
0.9361,1879,2145,0,348
0.9365,1879,2145,0,348
0.9369,1879,2145,0,348
0.9372,1879,2144,0,348
0.9376,1879,2144,0,348
0.9380,1879,2143,0,356
0.9383,1879,2143,0,356
0.9387,1879,2143,0,356
0.9390,1879,2143,0,364
0.9394,1879,2143,0,364
0.9397,1879,2143,0,364
0.9401,1890,2142,0,372
0.9408,1890,2142,0,372
0.9411,1890,2142,0,380
0.9415,1890,2142,0,380
0.9419,1890,2142,0,380
0.9422,1890,2141,0,380
0.9426,1890,2141,0,380
0.9430,1890,2140,0,388
0.9433,1890,2140,0,388
0.9437,1890,2140,0,388
0.9440,1890,2139,0,388
0.9444,1890,2139,0,388
0.9447,1890,2139,0,388
0.9451,1890,2138,0,396
0.9454,1890,2138,0,396
0.9458,1890,2138,0,396
0.9461,1890,2138,0,412
0.9465,1890,2138,0,412
0.9469,1890,2138,0,412
0.9472,1890,2137,0,412
0.9476,1890,2137,0,412
0.9480,1890,2136,0,420
0.9483,1890,2136,0,420
0.9487,1890,2136,0,420
0.9490,1890,2135,0,420
0.9494,1890,2135,0,420
0.9497,1890,2135,0,420
0.9501,1906,2134,0,416
0.9507,1906,2134,0,416
0.9511,1906,2133,0,424
0.9514,1906,2133,0,424
0.9518,1906,2133,0,424
0.9521,1906,2132,-750,432
0.9525,1906,2132,-750,432
0.9529,1906,2132,-750,432
0.9532,1906,2131,-750,432
0.9536,1906,2131,-750,432
0.9540,1906,2130,-750,440
0.9543,1906,2130,-750,440
0.9547,1906,2130,-750,440
0.9550,1906,2129,-750,448
0.9554,1906,2129,-750,448
0.9557,1906,2129,-750,448
0.9561,1906,2128,-750,456
0.9564,1906,2128,-750,456
0.9568,1906,2128,-750,456
0.9571,1906,2127,-750,464
0.9574,1906,2127,-750,464
0.9578,1906,2127,-750,464
0.9581,1906,2126,-750,464
0.9585,1906,2126,-750,464
0.9589,1906,2125,-750,472
0.9592,1906,2125,-750,472
0.9596,1906,2125,-750,472
0.9600,1906,2124,-750,480
0.9603,1928,2124,-750,480
0.9610,1928,2123,-750,488
0.9613,1928,2123,-750,488
0.9617,1928,2123,-750,488
0.9620,1928,2122,-750,496
0.9624,1928,2122,-750,496
0.9627,1928,2122,-750,496
0.9631,1928,2121,-750,504
0.9634,1928,2121,-750,504
0.9638,1928,2121,-750,504
0.9641,1928,2119,-750,504
0.9645,1928,2119,-750,504
0.9649,1928,2118,-750,512
0.9652,1928,2118,-750,512
0.9656,1928,2118,-750,512
0.9659,1928,2117,-750,520
0.9663,1928,2117,-750,520
0.9667,1928,2117,-750,520
0.9670,1928,2116,-750,536
0.9674,1928,2116,-750,536
0.9677,1928,2116,-750,536
0.9680,1928,2114,-750,536
0.9684,1928,2114,-750,536
0.9687,1928,2114,-750,536
0.9691,1928,2113,-750,544
0.9695,1928,2113,-750,544
0.9698,1928,2112,-750,556
0.9702,1953,2112,-750,556
0.9709,1953,2110,-750,556
0.9712,1953,2110,-750,556
0.9716,1953,2110,-750,556
0.9720,1953,2109,-1150,564
0.9723,1953,2109,-1150,564
0.9726,1953,2109,-1150,564
0.9730,1953,2107,-1150,572
0.9733,1953,2107,-1150,572
0.9737,1953,2107,-1150,572
0.9740,1953,2106,-1150,580
0.9744,1953,2106,-1150,580
0.9747,1953,2106,-1150,580
0.9751,1953,2105,-1150,588
0.9754,1953,2105,-1150,588
0.9758,1953,2103,-1150,588
0.9761,1953,2103,-1150,588
0.9765,1953,2103,-1150,588
0.9769,1953,2102,-1150,596
0.9772,1953,2102,-1150,596
0.9776,1953,2102,-1150,596
0.9780,1953,2100,-1150,596
0.9783,1953,2100,-1150,596
0.9786,1953,2100,-1150,596
0.9790,1953,2099,-1150,604
0.9793,1953,2099,-1150,604
0.9797,1953,2099,-1150,604
0.9800,1981,2097,-1150,604
0.9807,1981,2097,-1150,604
0.9810,1981,2096,-1150,612
0.9814,1981,2096,-1150,612
0.9818,1981,2094,-1150,612
0.9821,1981,2094,-1150,612
0.9825,1981,2094,-1150,612
0.9828,1981,2092,-1150,612
0.9832,1981,2092,-1150,612
0.9835,1981,2092,-1150,612
0.9839,1981,2091,-1150,620
0.9842,1981,2091,-1150,620
0.9846,1981,2091,-1150,620
0.9850,1981,2089,-1150,620
0.9853,1981,2089,-1150,620
0.9857,1981,2089,-1150,620
0.9860,1981,2087,-1150,620
0.9864,1981,2087,-1150,620
0.9867,1981,2087,-1150,620
0.9871,1981,2086,-1150,628
0.9874,1981,2086,-1150,628
0.9878,1981,2084,-1150,628
0.9882,1981,2084,-1150,628
0.9892,1981,2082,-1150,628
0.9896,1981,2082,-1150,628
0.9900,1981,2080,-1150,584
0.9904,2013,2080,-1150,584
0.9910,2013,2078,-1150,584
0.9914,2013,2078,-1150,584
0.9917,2013,2077,-1600,592
0.9921,2013,2077,-1600,592
0.9924,2013,2077,-1600,592
0.9928,2013,2075,-1600,584
0.9931,2013,2075,-1600,584
0.9935,2013,2075,-1600,584
0.9939,2013,2073,-1600,584
0.9942,2013,2073,-1600,584
0.9946,2013,2073,-1600,584
0.9950,2013,2071,-1600,584
0.9953,2013,2071,-1600,584
0.9957,2013,2071,-1600,584
0.9960,2013,2070,-1600,584
0.9964,2013,2070,-1600,584
0.9967,2013,2068,-1600,584
0.9971,2013,2068,-1600,584
0.9974,2013,2068,-1600,584
0.9978,2013,2066,-1600,584
0.9981,2013,2066,-1600,584
0.9985,2013,2066,-1600,584
0.9988,2013,2064,-1600,576
0.9992,2013,2064,-1600,576
0.9995,2013,2064,-1600,576
0.9999,2013,2062,-1600,576
1.0002,2045,2062,-1600,576
1.0010,2045,2060,-1600,568
1.0013,2045,2060,-1600,568
1.0017,2045,2058,-1600,568
1.0020,2045,2058,-1600,568
1.0024,2045,2058,-1600,568
1.0027,2045,2056,-1600,560
1.0031,2045,2056,-1600,560
1.0034,2045,2056,-1600,560
1.0038,2045,2054,-1600,560
1.0041,2045,2054,-1600,560
1.0045,2045,2054,-1600,560
1.0048,2045,2053,-1600,560
1.0052,2045,2053,-1600,560
1.0055,2045,2053,-1600,560
1.0059,2045,2051,-1600,552
1.0062,2045,2051,-1600,552
1.0066,2045,2051,-1600,552
1.0070,2045,2049,-1600,552
1.0073,2045,2049,-1600,552
1.0077,2045,2047,-1600,544
1.0080,2045,2047,-1600,544
1.0084,2045,2047,-1600,544
1.0088,2045,2045,-1600,536
1.0091,2045,2045,-1600,536
1.0095,2045,2045,-1600,536
1.0098,2045,2043,-1600,480
1.0102,2077,2043,-1600,480
1.0109,2077,2041,-1600,472
1.0112,2077,2041,-1600,472
1.0116,2077,2039,-1900,464
1.0120,2077,2039,-1900,464
1.0123,2077,2039,-1900,464
1.0127,2077,2037,-1900,456
1.0130,2077,2037,-1900,456
1.0134,2077,2037,-1900,456
1.0137,2077,2035,-1900,448
1.0141,2077,2035,-1900,448
1.0144,2077,2035,-1900,448
1.0148,2077,2033,-1900,440
1.0151,2077,2033,-1900,440
1.0155,2077,2033,-1900,440
1.0158,2077,2031,-1900,440
1.0162,2077,2031,-1900,440
1.0165,2077,2031,-1900,440
1.0169,2077,2029,-1900,432
1.0172,2077,2029,-1900,432
1.0176,2077,2028,-1900,432
1.0180,2077,2028,-1900,432
1.0183,2077,2028,-1900,432
1.0187,2077,2026,-1900,424
1.0190,2077,2026,-1900,424
1.0194,2077,2026,-1900,424
1.0198,2077,2024,-1900,416
1.0201,2107,2024,-1900,416
1.0208,2107,2022,-1900,408
1.0211,2107,2022,-1900,408
1.0215,2107,2022,-1900,408
1.0219,2107,2020,-1900,400
1.0222,2107,2020,-1900,400
1.0226,2107,2018,-1900,392
1.0230,2107,2018,-1900,392
1.0234,2107,2018,-1900,392
1.0238,2107,2016,-1900,384
1.0241,2107,2016,-1900,384
1.0245,2107,2014,-1900,376
1.0249,2107,2014,-1900,376
1.0253,2107,2014,-1900,376
1.0257,2107,2013,-1900,368
1.0261,2107,2013,-1900,368
1.0265,2107,2011,-1900,360
1.0269,2107,2011,-1900,360
1.0273,2107,2011,-1900,360
1.0277,2107,2009,-1900,352
1.0281,2107,2009,-1900,352
1.0285,2107,2007,-1900,344
1.0289,2107,2007,-1900,344
1.0293,2107,2007,-1900,344
1.0296,2107,2006,-1900,300
1.0300,2135,2006,-1900,300
1.0307,2135,2004,-1900,284
1.0311,2135,2004,-1900,284
1.0315,2135,2004,-1900,284
1.0318,2135,2002,-1850,276
1.0322,2135,2002,-1850,276
1.0326,2135,2001,-1850,276
1.0330,2135,2001,-1850,276
1.0333,2135,2001,-1850,276
1.0337,2135,1999,-1850,260
1.0341,2135,1999,-1850,260
1.0345,2135,1998,-1850,260
1.0349,2135,1998,-1850,260
1.0353,2135,1998,-1850,260
1.0357,2135,1996,-1850,252
1.0360,2135,1996,-1850,252
1.0364,2135,1996,-1850,252
1.0368,2135,1994,-1850,236
1.0372,2135,1994,-1850,236
1.0375,2135,1993,-1850,236
1.0379,2135,1993,-1850,236
1.0382,2135,1993,-1850,236
1.0386,2135,1991,-1850,220
1.0390,2135,1991,-1850,220
1.0393,2135,1991,-1850,220
1.0397,2135,1990,-1850,220
1.0401,2161,1990,-1850,220
1.0407,2161,1988,-1850,204
1.0411,2161,1988,-1850,204
1.0414,2161,1987,-1850,204
1.0418,2161,1987,-1850,204
1.0422,2161,1987,-1850,204
1.0426,2161,1985,-1850,188
1.0430,2161,1985,-1850,188
1.0433,2161,1985,-1850,188
1.0437,2161,1984,-1850,188
1.0440,2161,1984,-1850,188
1.0444,2161,1984,-1850,188
1.0448,2161,1983,-1850,180
1.0451,2161,1983,-1850,180
1.0455,2161,1981,-1850,164
1.0458,2161,1981,-1850,164
1.0462,2161,1981,-1850,164
1.0465,2161,1980,-1850,164
1.0469,2161,1980,-1850,164
1.0472,2161,1980,-1850,164
1.0476,2161,1979,-1850,156
1.0480,2161,1979,-1850,156
1.0483,2161,1979,-1850,156
1.0487,2161,1977,-1850,140
1.0490,2161,1977,-1850,140
1.0494,2161,1977,-1850,140
1.0497,2161,1976,-1850,116
1.0501,2182,1976,-1850,116
1.0507,2182,1975,-1850,116
1.0511,2182,1975,-1850,116
1.0514,2182,1973,-1450,100
1.0518,2182,1973,-1450,100
1.0521,2182,1973,-1450,100
1.0524,2182,1972,-1450,92
1.0528,2182,1972,-1450,92
1.0532,2182,1972,-1450,92
1.0535,2182,1971,-1450,84
1.0539,2182,1971,-1450,84
1.0542,2182,1971,-1450,84
1.0546,2182,1970,-1450,76
1.0550,2182,1970,-1450,76
1.0553,2182,1970,-1450,76
1.0557,2182,1969,-1450,68
1.0560,2182,1969,-1450,68
1.0564,2182,1969,-1450,68
1.0567,2182,1968,-1450,68
1.0571,2182,1968,-1450,68
1.0574,2182,1967,-1450,60
1.0578,2182,1967,-1450,60
1.0581,2182,1967,-1450,60
1.0585,2182,1966,-1450,44
1.0589,2182,1966,-1450,44
1.0592,2182,1966,-1450,44
1.0596,2182,1965,-1450,36
1.0600,2182,1965,-1450,36
1.0603,2199,1964,-1450,28
1.0610,2199,1964,-1450,28
1.0613,2199,1964,-1450,28
1.0617,2199,1963,-1450,20
1.0620,2199,1963,-1450,20
1.0624,2199,1962,-1450,-20
1.0627,2199,1962,-1450,-20
1.0631,2199,1962,-1450,-20
1.0634,2199,1961,-1450,-28
1.0638,2199,1961,-1450,-28
1.0641,2199,1961,-1450,-28
1.0645,2199,1960,-1450,-36
1.0648,2199,1960,-1450,-36
1.0652,2199,1960,-1450,-36
1.0655,2199,1959,-1450,-52
1.0659,2199,1959,-1450,-52
1.0662,2199,1959,-1450,-52
1.0666,2199,1959,-1450,-52
1.0669,2199,1959,-1450,-52
1.0673,2199,1959,-1450,-52
1.0677,2199,1958,-1450,-60
1.0680,2199,1958,-1450,-60
1.0684,2199,1957,-1450,-68
1.0687,2199,1957,-1450,-68
1.0691,2199,1957,-1450,-68
1.0694,2199,1957,-1450,-72
1.0698,2199,1957,-1450,-72
1.0701,2209,1956,-1450,-80
1.0708,2209,1956,-1450,-80
1.0712,2209,1956,-1450,-80
1.0715,2209,1955,-900,-88
1.0719,2209,1955,-900,-88
1.0722,2209,1955,-900,-88
1.0726,2209,1955,-900,-96
1.0730,2209,1955,-900,-96
1.0733,2209,1954,-900,-96
1.0737,2209,1954,-900,-96
1.0740,2209,1954,-900,-96
1.0743,2209,1954,-900,-96
1.0747,2209,1954,-900,-96
1.0750,2209,1954,-900,-96
1.0754,2209,1953,-900,-104
1.0757,2209,1953,-900,-104
1.0761,2209,1953,-900,-104
1.0764,2209,1953,-900,-112
1.0768,2209,1953,-900,-112
1.0771,2209,1953,-900,-112
1.0775,2209,1953,-900,-112
1.0778,2209,1953,-900,-112
1.0781,2209,1953,-900,-112
1.0785,2209,1952,-900,-128
1.0789,2209,1952,-900,-128
1.0792,2209,1952,-900,-128
1.0796,2209,1952,-900,-128
1.0800,2214,1952,-900,-136
1.0807,2214,1952,-900,-136
1.0810,2214,1952,-900,-136
1.0814,2214,1951,-900,-152
1.0817,2214,1951,-900,-152
1.0821,2214,1951,-900,-152
1.0825,2214,1951,-900,-152
1.0829,2214,1951,-900,-152
1.0833,2214,1951,-900,-160
1.0837,2214,1951,-900,-160
1.0840,2214,1951,-900,-160
1.0844,2214,1951,-900,-168
1.0847,2214,1951,-900,-168
1.0851,2214,1951,-900,-168
1.0854,2214,1951,-900,-168
1.0858,2214,1951,-900,-168
1.0862,2214,1951,-900,-168
1.0865,2214,1951,-900,-176
1.0869,2214,1951,-900,-176
1.0872,2214,1951,-900,-184
1.0876,2214,1951,-900,-184
1.0880,2214,1951,-900,-184
1.0883,2214,1951,-900,-192
1.0887,2214,1951,-900,-192
1.0890,2214,1951,-900,-192
1.0893,2214,1951,-900,-184
1.0897,2214,1951,-900,-184
1.0900,2213,1951,-900,-192
1.0907,2213,1951,-900,-192
1.0910,2213,1951,-900,-192
1.0913,2213,1951,-200,-192
1.0917,2213,1951,-200,-192
1.0920,2213,1951,-200,-192
1.0924,2213,1951,-200,-200
1.0927,2213,1951,-200,-200
1.0931,2213,1951,-200,-200
1.0934,2213,1951,-200,-208
1.0937,2213,1951,-200,-208
1.0941,2213,1951,-200,-208
1.0944,2213,1951,-200,-216
1.0948,2213,1951,-200,-216
1.0951,2213,1951,-200,-216
1.0955,2213,1951,-200,-224
1.0958,2213,1951,-200,-224
1.0961,2213,1951,-200,-224
1.0965,2213,1951,-200,-232
1.0969,2213,1951,-200,-232
1.0972,2213,1951,-200,-240
1.0976,2213,1951,-200,-240
1.0980,2213,1951,-200,-240
1.0983,2213,1951,-200,-248
1.0987,2213,1951,-200,-248
1.0990,2213,1951,-200,-248
1.0993,2213,1951,-200,-256
1.0997,2213,1951,-200,-256
1.1000,2206,1951,-200,-272
1.1007,2206,1951,-200,-272
1.1010,2206,1951,-200,-272
1.1013,2206,1951,-200,-280
1.1017,2206,1951,-200,-280
1.1020,2206,1951,-200,-280
1.1023,2206,1951,-200,-288
1.1027,2206,1951,-200,-288
1.1030,2206,1951,-200,-288
1.1033,2206,1951,-200,-296
1.1036,2206,1951,-200,-296
1.1040,2206,1951,-200,-296
1.1043,2206,1952,-200,-296
1.1046,2206,1952,-200,-296
1.1050,2206,1952,-200,-296
1.1053,2206,1953,-200,-304
1.1056,2206,1953,-200,-304
1.1060,2206,1953,-200,-304
1.1063,2206,1953,-200,-312
1.1066,2206,1953,-200,-312
1.1070,2206,1953,-200,-312
1.1073,2206,1953,-200,-320
1.1077,2206,1953,-200,-320
1.1080,2206,1953,-200,-320
1.1084,2206,1954,-200,-320
1.1087,2206,1954,-200,-320
1.1091,2206,1954,-200,-320
1.1094,2206,1955,-200,-336
1.1098,2206,1955,-200,-336
1.1101,2193,1955,-200,-344
1.1108,2193,1955,-200,-344
1.1111,2193,1956,250,-352
1.1115,2193,1956,250,-352
1.1118,2193,1956,250,-352
1.1122,2193,1957,250,-352
1.1125,2193,1957,250,-352
1.1129,2193,1957,250,-352
1.1132,2193,1957,250,-360
1.1136,2193,1957,250,-360
1.1140,2193,1957,250,-360
1.1143,2193,1958,250,-368
1.1147,2193,1958,250,-368
1.1150,2193,1958,250,-368
1.1154,2193,1959,250,-368
1.1157,2193,1959,250,-368
1.1161,2193,1959,250,-368
1.1164,2193,1959,250,-384
1.1168,2193,1959,250,-384
1.1171,2193,1960,250,-384
1.1175,2193,1960,250,-384
1.1178,2193,1960,250,-384
1.1182,2193,1961,250,-392
1.1185,2193,1961,250,-392
1.1189,2193,1961,250,-392
1.1192,2193,1962,250,-400
1.1196,2193,1962,250,-400
1.1200,2193,1962,250,-400
1.1203,2175,1962,250,-408
1.1210,2175,1962,250,-408
1.1213,2175,1963,250,-416
1.1217,2175,1963,250,-416
1.1220,2175,1963,250,-416
1.1224,2175,1964,250,-424
1.1227,2175,1964,250,-424
1.1231,2175,1965,250,-424
1.1234,2175,1965,250,-424
1.1238,2175,1965,250,-424
1.1241,2175,1966,250,-432
1.1244,2175,1966,250,-432
1.1248,2175,1966,250,-432
1.1252,2175,1967,250,-440
1.1255,2175,1967,250,-440
1.1259,2175,1967,250,-440
1.1262,2175,1968,250,-448
1.1266,2175,1968,250,-448
1.1270,2175,1968,250,-448
1.1273,2175,1969,250,-448
1.1277,2175,1969,250,-448
1.1280,2175,1970,250,-456
1.1284,2175,1970,250,-456
1.1287,2175,1970,250,-456
1.1291,2175,1971,250,-456
1.1294,2175,1971,250,-456
1.1298,2175,1971,250,-456
1.1302,2152,1972,250,-464
1.1309,2152,1972,250,-464
1.1313,2152,1973,850,-472
1.1317,2152,1973,850,-472
1.1321,2152,1974,850,-480
1.1325,2152,1974,850,-480
1.1329,2152,1974,850,-480
1.1333,2152,1975,850,-488
1.1337,2152,1975,850,-488
1.1341,2152,1976,850,-496
1.1345,2152,1976,850,-496
1.1349,2152,1976,850,-496
1.1353,2152,1977,850,-504
1.1356,2152,1977,850,-504
1.1360,2152,1978,850,-512
1.1364,2152,1978,850,-512
1.1367,2152,1978,850,-512
1.1371,2152,1980,850,-512
1.1375,2152,1980,850,-512
1.1378,2152,1980,850,-512
1.1382,2152,1981,850,-520
1.1386,2152,1981,850,-520
1.1390,2152,1982,850,-528
1.1394,2152,1982,850,-528
1.1398,2152,1982,850,-528
1.1402,2126,1984,850,-528
1.1409,2126,1984,850,-528
1.1412,2126,1985,850,-536
1.1416,2126,1985,850,-536
1.1420,2126,1986,850,-544
1.1423,2126,1986,850,-544
1.1427,2126,1986,850,-544
1.1430,2126,1987,850,-552
1.1434,2126,1987,850,-552
1.1437,2126,1987,850,-552
1.1441,2126,1989,850,-552
1.1444,2126,1989,850,-552
1.1447,2126,1989,850,-552
1.1450,2126,1990,850,-560
1.1454,2126,1990,850,-560
1.1457,2126,1990,850,-560
1.1460,2126,1992,850,-560
1.1464,2126,1992,850,-560
1.1468,2126,1992,850,-560
1.1471,2126,1993,850,-568
1.1475,2126,1993,850,-568
1.1478,2126,1993,850,-568
1.1482,2126,1994,850,-576
1.1485,2126,1994,850,-576
1.1489,2126,1994,850,-576
1.1492,2126,1996,850,-572
1.1496,2126,1996,850,-572
1.1499,2126,1997,850,-580
1.1503,2096,1997,850,-580
1.1510,2096,1999,1300,-580
1.1513,2096,1999,1300,-580
1.1517,2096,1999,1300,-580
1.1520,2096,2000,1300,-588
1.1524,2096,2000,1300,-588
1.1527,2096,2000,1300,-588
1.1531,2096,2002,1300,-580
1.1534,2096,2002,1300,-580
1.1538,2096,2002,1300,-580
1.1541,2096,2003,1300,-588
1.1545,2096,2003,1300,-588
1.1549,2096,2003,1300,-588
1.1552,2096,2005,1300,-588
1.1556,2096,2005,1300,-588
1.1560,2096,2007,1300,-588
1.1563,2096,2007,1300,-588
1.1567,2096,2007,1300,-588
1.1570,2096,2008,1300,-588
1.1574,2096,2008,1300,-588
1.1577,2096,2008,1300,-588
1.1581,2096,2010,1300,-588
1.1584,2096,2010,1300,-588
1.1588,2096,2010,1300,-588
1.1591,2096,2012,1300,-588
1.1595,2096,2012,1300,-588
1.1599,2096,2013,1300,-588
1.1602,2065,2013,1300,-588
1.1610,2065,2015,1300,-588
1.1613,2065,2015,1300,-588
1.1617,2065,2015,1300,-588
1.1620,2065,2017,1300,-588
1.1624,2065,2017,1300,-588
1.1627,2065,2017,1300,-588
1.1631,2065,2018,1300,-588
1.1634,2065,2018,1300,-588
1.1638,2065,2018,1300,-588
1.1641,2065,2020,1300,-588
1.1645,2065,2020,1300,-588
1.1649,2065,2022,1300,-580
1.1652,2065,2022,1300,-580
1.1656,2065,2022,1300,-580
1.1660,2065,2024,1300,-580
1.1663,2065,2024,1300,-580
1.1667,2065,2024,1300,-580
1.1670,2065,2025,1300,-580
1.1674,2065,2025,1300,-580
1.1677,2065,2025,1300,-580
1.1681,2065,2027,1300,-572
1.1684,2065,2027,1300,-572
1.1688,2065,2027,1300,-572
1.1691,2065,2029,1300,-512
1.1695,2065,2029,1300,-512
1.1699,2065,2031,1300,-504
1.1702,2033,2031,1300,-504
1.1710,2033,2032,1650,-512
1.1713,2033,2032,1650,-512
1.1716,2033,2032,1650,-512
1.1720,2033,2034,1650,-504
1.1724,2033,2034,1650,-504
1.1727,2033,2034,1650,-504
1.1731,2033,2036,1650,-496
1.1734,2033,2036,1650,-496
1.1738,2033,2036,1650,-496
1.1741,2033,2038,1650,-488
1.1745,2033,2038,1650,-488
1.1749,2033,2040,1650,-488
1.1752,2033,2040,1650,-488
1.1756,2033,2040,1650,-488
1.1760,2033,2042,1650,-480
1.1763,2033,2042,1650,-480
1.1767,2033,2042,1650,-480
1.1770,2033,2043,1650,-480
1.1774,2033,2043,1650,-480
1.1777,2033,2043,1650,-480
1.1781,2033,2045,1650,-472
1.1785,2033,2045,1650,-472
1.1788,2033,2047,1650,-464
1.1791,2033,2047,1650,-464
1.1795,2033,2047,1650,-464
1.1799,2033,2049,1650,-464
1.1802,2001,2049,1650,-464
1.1810,2001,2051,1650,-456
1.1813,2001,2051,1650,-456
1.1817,2001,2051,1650,-456
1.1820,2001,2053,1650,-448
1.1824,2001,2053,1650,-448
1.1827,2001,2055,1650,-440
1.1831,2001,2055,1650,-440
1.1835,2001,2055,1650,-440
1.1838,2001,2056,1650,-440
1.1842,2001,2056,1650,-440
1.1846,2001,2056,1650,-440
1.1850,2001,2058,1650,-432
1.1853,2001,2058,1650,-432
1.1857,2001,2058,1650,-432
1.1860,2001,2060,1650,-424
1.1864,2001,2060,1650,-424
1.1868,2001,2062,1650,-416
1.1871,2001,2062,1650,-416
1.1875,2001,2062,1650,-416
1.1878,2001,2064,1650,-408
1.1882,2001,2064,1650,-408
1.1886,2001,2064,1650,-408
1.1890,2001,2066,1650,-332
1.1893,2001,2066,1650,-332
1.1897,2001,2066,1650,-332
1.1900,1971,2067,1650,-332
1.1907,1971,2067,1650,-332
1.1910,1971,2069,1850,-324
1.1914,1971,2069,1850,-324
1.1917,1971,2070,1850,-324
1.1921,1971,2070,1850,-324
1.1924,1971,2070,1850,-324
1.1928,1971,2072,1850,-316
1.1932,1971,2072,1850,-316
1.1936,1971,2072,1850,-316
1.1940,1971,2074,1850,-308
1.1943,1971,2074,1850,-308
1.1947,1971,2076,1850,-292
1.1950,1971,2076,1850,-292
1.1954,1971,2076,1850,-292
1.1958,1971,2077,1850,-292
1.1961,1971,2077,1850,-292
1.1965,1971,2077,1850,-292
1.1968,1971,2079,1850,-284
1.1972,1971,2079,1850,-284
1.1975,1971,2079,1850,-284
1.1979,1971,2081,1850,-268
1.1983,1971,2081,1850,-268
1.1986,1971,2081,1850,-268
1.1990,1971,2082,1850,-268
1.1993,1971,2082,1850,-268
1.1997,1971,2084,1850,-260
1.2000,1944,2084,1850,-260
1.2007,1944,2085,1850,-252
1.2010,1944,2085,1850,-252
1.2014,1944,2085,1850,-252
1.2018,1944,2087,1850,-244
1.2021,1944,2087,1850,-244
1.2025,1944,2087,1850,-244
1.2029,1944,2088,1850,-236
1.2032,1944,2088,1850,-236
1.2036,1944,2088,1850,-236
1.2040,1944,2090,1850,-228
1.2043,1944,2090,1850,-228
1.2047,1944,2091,1850,-220
1.2050,1944,2091,1850,-220
1.2054,1944,2091,1850,-220
1.2057,1944,2092,1850,-220
1.2061,1944,2092,1850,-220
1.2064,1944,2092,1850,-220
1.2067,1944,2094,1850,-204
1.2071,1944,2094,1850,-204
1.2075,1944,2094,1850,-204
1.2078,1944,2095,1850,-204
1.2082,1944,2095,1850,-204
1.2085,1944,2095,1850,-204
1.2089,1944,2097,1850,-176
1.2092,1944,2097,1850,-176
1.2096,1944,2098,1850,-168
1.2100,1944,2098,1850,-168
1.2103,1919,2100,1550,-160
1.2110,1919,2100,1550,-160
1.2113,1919,2100,1550,-160
1.2117,1919,2101,1550,-152
1.2120,1919,2101,1550,-152
1.2124,1919,2101,1550,-152
1.2128,1919,2102,1550,-144
1.2131,1919,2102,1550,-144
1.2135,1919,2102,1550,-144
1.2138,1919,2104,1550,-128
1.2142,1919,2104,1550,-128
1.2145,1919,2104,1550,-128
1.2149,1919,2105,1550,-128
1.2152,1919,2105,1550,-128
1.2156,1919,2106,1550,-120
1.2160,1919,2106,1550,-120
1.2164,1919,2106,1550,-120
1.2167,1919,2107,1550,-112
1.2171,1919,2107,1550,-112
1.2174,1919,2107,1550,-112
1.2177,1919,2108,1550,-104
1.2181,1919,2108,1550,-104
1.2184,1919,2108,1550,-104
1.2187,1919,2110,1550,-88
1.2191,1919,2110,1550,-88
1.2194,1919,2110,1550,-88
1.2197,1919,2111,1550,-80
1.2201,1900,2111,1550,-80
1.2207,1900,2112,1550,-72
1.2210,1900,2112,1550,-72
1.2214,1900,2112,1550,-72
1.2217,1900,2113,1550,-64
1.2220,1900,2113,1550,-64
1.2224,1900,2113,1550,-64
1.2227,1900,2114,1550,-56
1.2230,1900,2114,1550,-56
1.2234,1900,2114,1550,-56
1.2237,1900,2114,1550,-56
1.2240,1900,2114,1550,-56
1.2244,1900,2114,1550,-56
1.2247,1900,2115,1550,-48
1.2250,1900,2115,1550,-48
1.2254,1900,2115,1550,-48
1.2257,1900,2117,1550,-32
1.2261,1900,2117,1550,-32
1.2264,1900,2117,1550,-32
1.2267,1900,2118,1550,-24
1.2271,1900,2118,1550,-24
1.2274,1900,2118,1550,-24
1.2277,1900,2118,1550,-24
1.2281,1900,2118,1550,-24
1.2284,1900,2118,1550,-24
1.2288,1900,2119,1550,24
1.2291,1900,2119,1550,24
1.2294,1900,2119,1550,24
1.2298,1900,2120,1550,40
1.2301,1885,2120,1550,40
1.2308,1885,2121,1050,48
1.2311,1885,2121,1050,48
1.2314,1885,2121,1050,48
1.2318,1885,2121,1050,48
1.2321,1885,2121,1050,48
1.2325,1885,2121,1050,48
1.2328,1885,2122,1050,56
1.2332,1885,2122,1050,56
1.2336,1885,2123,1050,72
1.2340,1885,2123,1050,72
1.2344,1885,2123,1050,72
1.2347,1885,2124,1050,80
1.2351,1885,2124,1050,80
1.2355,1885,2124,1050,80
1.2358,1885,2124,1050,88
1.2362,1885,2124,1050,88
1.2366,1885,2125,1050,96
1.2370,1885,2125,1050,96
1.2374,1885,2125,1050,96
1.2378,1885,2125,1050,96
1.2381,1885,2125,1050,96
1.2385,1885,2126,1050,96
1.2389,1885,2126,1050,96
1.2393,1885,2126,1050,96
1.2396,1885,2126,1050,96
1.2400,1885,2126,1050,96
1.2404,1876,2127,1050,112
1.2410,1876,2127,1050,112
1.2414,1876,2127,1050,112
1.2417,1876,2127,1050,112
1.2421,1876,2127,1050,112
1.2425,1876,2127,1050,120
1.2428,1876,2127,1050,120
1.2432,1876,2127,1050,120
1.2435,1876,2128,1050,128
1.2439,1876,2128,1050,128
1.2442,1876,2128,1050,128
1.2446,1876,2128,1050,136
1.2450,1876,2128,1050,136
1.2453,1876,2128,1050,136
1.2457,1876,2128,1050,144
1.2460,1876,2128,1050,144
1.2464,1876,2128,1050,144
1.2467,1876,2129,1050,152
1.2471,1876,2129,1050,152
1.2474,1876,2129,1050,152
1.2478,1876,2129,1050,160
1.2481,1876,2129,1050,160
1.2485,1876,2129,1050,160
1.2489,1876,2129,1050,160
1.2492,1876,2129,1050,160
1.2496,1876,2129,1050,168
1.2500,1876,2129,1050,168
1.2503,1873,2129,400,168
1.2510,1873,2129,400,168
1.2513,1873,2129,400,168
1.2517,1873,2129,400,176
1.2520,1873,2129,400,176
1.2524,1873,2129,400,176
1.2527,1873,2129,400,184
1.2531,1873,2129,400,184
1.2534,1873,2129,400,192
1.2538,1873,2129,400,192
1.2541,1873,2129,400,192
1.2545,1873,2129,400,200
1.2548,1873,2129,400,200
1.2552,1873,2129,400,200
1.2555,1873,2129,400,200
1.2559,1873,2129,400,200
1.2562,1873,2129,400,200
1.2566,1873,2129,400,208
1.2570,1873,2129,400,208
1.2573,1873,2129,400,208
1.2576,1873,2129,400,216
1.2580,1873,2129,400,216
1.2583,1873,2129,400,216
1.2587,1873,2129,400,224
1.2590,1873,2129,400,224
1.2594,1873,2129,400,232
1.2597,1873,2129,400,232
1.2601,1876,2129,400,240
1.2607,1876,2129,400,240
1.2611,1876,2129,400,240
1.2614,1876,2129,400,248
1.2618,1876,2129,400,248
1.2621,1876,2129,400,248
1.2625,1876,2129,400,256
1.2629,1876,2129,400,256
1.2632,1876,2129,400,256
1.2636,1876,2129,400,264
1.2640,1876,2129,400,264
1.2643,1876,2129,400,264
1.2647,1876,2129,400,280
1.2650,1876,2129,400,280
1.2654,1876,2129,400,288
1.2657,1876,2129,400,288
1.2661,1876,2129,400,288
1.2665,1876,2129,400,296
1.2669,1876,2129,400,296
1.2673,1876,2129,400,296
1.2676,1876,2129,400,304
1.2680,1876,2129,400,304
1.2683,1876,2129,400,316
1.2687,1876,2129,400,316
1.2691,1876,2129,400,316
1.2694,1876,2128,400,324
1.2698,1876,2128,400,324
1.2702,1886,2128,-50,332
1.2709,1886,2128,-50,332
1.2712,1886,2128,-50,332
1.2716,1886,2127,-50,332
1.2720,1886,2127,-50,332
1.2723,1886,2127,-50,332
1.2726,1886,2126,-50,332
1.2730,1886,2126,-50,332
1.2733,1886,2126,-50,348
1.2737,1886,2126,-50,348
1.2740,1886,2126,-50,348
1.2744,1886,2126,-50,356
1.2747,1886,2126,-50,356
1.2751,1886,2126,-50,356
1.2754,1886,2125,-50,364
1.2758,1886,2125,-50,364
1.2761,1886,2125,-50,364
1.2765,1886,2124,-50,364
1.2769,1886,2124,-50,364
1.2772,1886,2124,-50,364
1.2776,1886,2124,-50,372
1.2780,1886,2124,-50,372
1.2783,1886,2123,-50,380
1.2786,1886,2123,-50,380
1.2790,1886,2123,-50,380
1.2793,1886,2122,-50,380
1.2797,1886,2122,-50,380
1.2800,1900,2122,-50,396
1.2807,1900,2122,-50,396
1.2810,1900,2122,-50,396
1.2814,1900,2121,-50,396
1.2817,1900,2121,-50,396
1.2821,1900,2121,-50,396
1.2824,1900,2120,-50,404
1.2828,1900,2120,-50,404
1.2831,1900,2120,-50,404
1.2834,1900,2119,-50,412
1.2838,1900,2119,-50,412
1.2841,1900,2119,-50,412
1.2845,1900,2119,-50,420
1.2849,1900,2119,-50,420
1.2852,1900,2119,-50,420
1.2856,1900,2118,-50,428
1.2859,1900,2118,-50,428
1.2863,1900,2117,-50,436
1.2866,1900,2117,-50,436
1.2870,1900,2117,-50,436
1.2873,1900,2116,-50,436
1.2877,1900,2116,-50,436
1.2880,1900,2116,-50,436
1.2884,1900,2115,-50,432
1.2887,1900,2115,-50,432
1.2891,1900,2115,-50,432
1.2894,1900,2114,-50,440
1.2898,1900,2114,-50,440
1.2901,1920,2113,-750,448
1.2908,1920,2113,-750,448
1.2911,1920,2113,-750,448
1.2915,1920,2112,-750,448
1.2918,1920,2112,-750,448
1.2922,1920,2112,-750,448
1.2925,1920,2111,-750,456
1.2929,1920,2111,-750,456
1.2932,1920,2110,-750,464
1.2936,1920,2110,-750,464
1.2939,1920,2110,-750,464
1.2943,1920,2108,-750,464
1.2946,1920,2108,-750,464
1.2950,1920,2108,-750,464
1.2953,1920,2107,-750,472
1.2957,1920,2107,-750,472
1.2960,1920,2107,-750,472
1.2964,1920,2106,-750,480
1.2967,1920,2106,-750,480
1.2970,1920,2106,-750,480
1.2974,1920,2105,-750,488
1.2977,1920,2105,-750,488
1.2981,1920,2105,-750,488
1.2984,1920,2104,-750,496
1.2988,1920,2104,-750,496
1.2991,1920,2104,-750,496
1.2995,1920,2103,-750,504
1.2999,1920,2103,-750,504
1.3002,1944,2101,-750,504
1.3009,1944,2101,-750,504
1.3012,1944,2101,-750,520
1.3016,1944,2101,-750,520
1.3020,1944,2101,-750,520
1.3023,1944,2099,-750,520
1.3027,1944,2099,-750,520
1.3030,1944,2099,-750,520
1.3033,1944,2098,-750,528
1.3037,1944,2098,-750,528
1.3040,1944,2098,-750,528
1.3044,1944,2097,-750,536
1.3047,1944,2097,-750,536
1.3051,1944,2097,-750,536
1.3054,1944,2095,-750,536
1.3058,1944,2095,-750,536
1.3062,1944,2094,-750,544
1.3065,1944,2094,-750,544
1.3069,1944,2094,-750,544
1.3072,1944,2092,-750,552
1.3076,1944,2092,-750,552
1.3080,1944,2092,-750,552
1.3083,1944,2091,-750,560
1.3087,1944,2091,-750,560
1.3091,1944,2091,-750,560
1.3094,1944,2090,-750,568
1.3098,1944,2090,-750,568
1.3101,1972,2088,-1250,568
1.3108,1972,2088,-1250,568
1.3111,1972,2087,-1250,576
1.3115,1972,2087,-1250,576
1.3118,1972,2087,-1250,576
1.3122,1972,2085,-1250,576
1.3125,1972,2085,-1250,576
1.3129,1972,2085,-1250,576
1.3132,1972,2084,-1250,584
1.3136,1972,2084,-1250,584
1.3140,1972,2084,-1250,584
1.3143,1972,2082,-1250,584
1.3147,1972,2082,-1250,584
1.3150,1972,2082,-1250,584
1.3154,1972,2081,-1250,592
1.3157,1972,2081,-1250,592
1.3161,1972,2079,-1250,592
1.3164,1972,2079,-1250,592
1.3168,1972,2079,-1250,592
1.3171,1972,2078,-1250,600
1.3175,1972,2078,-1250,600
1.3179,1972,2078,-1250,600
1.3182,1972,2076,-1250,600
1.3186,1972,2076,-1250,600
1.3190,1972,2076,-1250,600
1.3193,1972,2075,-1250,608
1.3196,1972,2075,-1250,608
1.3200,1972,2075,-1250,608
1.3203,2003,2073,-1250,600
1.3210,2003,2073,-1250,600
1.3214,2003,2071,-1250,600
1.3217,2003,2071,-1250,600
1.3220,2003,2071,-1250,600
1.3224,2003,2070,-1250,608
1.3227,2003,2070,-1250,608
1.3231,2003,2068,-1250,608
1.3234,2003,2068,-1250,608
1.3238,2003,2068,-1250,608
1.3241,2003,2067,-1250,608
1.3245,2003,2067,-1250,608
1.3249,2003,2067,-1250,608
1.3252,2003,2065,-1250,608
1.3256,2003,2065,-1250,608
1.3260,2003,2065,-1250,608
1.3263,2003,2063,-1250,608
1.3267,2003,2063,-1250,608
1.3270,2003,2063,-1250,608
1.3274,2003,2061,-1250,600
1.3277,2003,2061,-1250,600
1.3281,2003,2059,-1250,556
1.3284,2003,2059,-1250,556
1.3288,2003,2059,-1250,556
1.3291,2003,2057,-1250,556
1.3295,2003,2057,-1250,556
1.3298,2003,2057,-1250,556
1.3302,2034,2055,-1650,548
1.3308,2034,2055,-1650,548
1.3312,2034,2054,-1650,556
1.3316,2034,2054,-1650,556
1.3320,2034,2054,-1650,556
1.3323,2034,2052,-1650,548
1.3326,2034,2052,-1650,548
1.3330,2034,2052,-1650,548
1.3333,2034,2050,-1650,548
1.3337,2034,2050,-1650,548
1.3340,2034,2048,-1650,540
1.3344,2034,2048,-1650,540
1.3347,2034,2048,-1650,540
1.3351,2034,2046,-1650,540
1.3354,2034,2046,-1650,540
1.3358,2034,2046,-1650,540
1.3361,2034,2045,-1650,540
1.3365,2034,2045,-1650,540
1.3369,2034,2045,-1650,540
1.3372,2034,2043,-1650,540
1.3376,2034,2043,-1650,540
1.3380,2034,2043,-1650,540
1.3383,2034,2041,-1650,532
1.3387,2034,2041,-1650,532
1.3390,2034,2039,-1650,524
1.3393,2034,2039,-1650,524
1.3397,2034,2039,-1650,524
1.3400,2066,2037,-1650,524
1.3407,2066,2037,-1650,524
1.3411,2066,2035,-1650,516
1.3415,2066,2035,-1650,516
1.3419,2066,2035,-1650,516
1.3423,2066,2033,-1650,508
1.3427,2066,2033,-1650,508
1.3431,2066,2032,-1650,508
1.3436,2066,2032,-1650,508
1.3440,2066,2030,-1650,508
1.3444,2066,2030,-1650,508
1.3448,2066,2030,-1650,508
1.3452,2066,2028,-1650,500
1.3456,2066,2028,-1650,500
1.3460,2066,2026,-1650,492
1.3464,2066,2026,-1650,492
1.3468,2066,2026,-1650,492
1.3471,2066,2024,-1650,484
1.3475,2066,2024,-1650,484
1.3479,2066,2024,-1650,484
1.3482,2066,2022,-1650,416
1.3486,2066,2022,-1650,416
1.3490,2066,2021,-1650,416
1.3493,2066,2021,-1650,416
1.3497,2066,2021,-1650,416
1.3500,2097,2019,-1800,408
1.3507,2097,2019,-1800,408
1.3511,2097,2017,-1800,400
1.3515,2097,2017,-1800,400
1.3519,2097,2015,-1800,392
1.3523,2097,2015,-1800,392
1.3526,2097,2015,-1800,392
1.3530,2097,2013,-1800,384
1.3534,2097,2013,-1800,384
1.3537,2097,2013,-1800,384
1.3541,2097,2011,-1800,376
1.3544,2097,2011,-1800,376
1.3548,2097,2011,-1800,376
1.3551,2097,2009,-1800,368
1.3555,2097,2009,-1800,368
1.3559,2097,2009,-1800,368
1.3562,2097,2008,-1800,368
1.3566,2097,2008,-1800,368
1.3570,2097,2006,-1800,360
1.3573,2097,2006,-1800,360
1.3577,2097,2006,-1800,360
1.3580,2097,2004,-1800,352
1.3584,2097,2004,-1800,352
1.3588,2097,2004,-1800,352
1.3592,2097,2003,-1800,352
1.3596,2097,2003,-1800,352
1.3600,2097,2001,-1800,344
1.3603,2127,2001,-1800,344
1.3610,2127,1999,-1800,328
1.3613,2127,1999,-1800,328
1.3617,2127,1999,-1800,328
1.3620,2127,1997,-1800,320
1.3624,2127,1997,-1800,320
1.3627,2127,1997,-1800,320
1.3631,2127,1996,-1800,320
1.3634,2127,1996,-1800,320
1.3638,2127,1996,-1800,320
1.3641,2127,1994,-1800,312
1.3645,2127,1994,-1800,312
1.3649,2127,1993,-1800,304
1.3652,2127,1993,-1800,304
1.3656,2127,1993,-1800,304
1.3660,2127,1991,-1800,296
1.3663,2127,1991,-1800,296
1.3667,2127,1991,-1800,296
1.3670,2127,1989,-1800,288
1.3674,2127,1989,-1800,288
1.3677,2127,1989,-1800,288
1.3681,2127,1987,-1800,240
1.3684,2127,1987,-1800,240
1.3688,2127,1987,-1800,240
1.3692,2127,1986,-1800,240
1.3695,2127,1986,-1800,240
1.3699,2127,1985,-1700,232
1.3702,2153,1985,-1700,232
1.3710,2153,1983,-1700,224
1.3713,2153,1983,-1700,224
1.3717,2153,1983,-1700,224
1.3720,2153,1982,-1700,216
1.3724,2153,1982,-1700,216
1.3727,2153,1982,-1700,216
1.3731,2153,1980,-1700,208
1.3734,2153,1980,-1700,208
1.3738,2153,1980,-1700,208
1.3741,2153,1979,-1700,200
1.3745,2153,1979,-1700,200
1.3748,2153,1978,-1700,200
1.3752,2153,1978,-1700,200
1.3756,2153,1978,-1700,200
1.3760,2153,1976,-1700,184
1.3763,2153,1976,-1700,184
1.3767,2153,1976,-1700,184
1.3770,2153,1974,-1700,176
1.3774,2153,1974,-1700,176
1.3777,2153,1974,-1700,176
1.3781,2153,1973,-1700,168
1.3784,2153,1973,-1700,168
1.3788,2153,1973,-1700,168
1.3791,2153,1972,-1700,160
1.3795,2153,1972,-1700,160
1.3799,2153,1971,-1700,160
1.3802,2176,1971,-1700,160
1.3810,2176,1969,-1700,144
1.3813,2176,1969,-1700,144
1.3817,2176,1969,-1700,144
1.3820,2176,1968,-1700,136
1.3824,2176,1968,-1700,136
1.3827,2176,1968,-1700,136
1.3831,2176,1967,-1700,128
1.3835,2176,1967,-1700,128
1.3838,2176,1966,-1700,128
1.3842,2176,1966,-1700,128
1.3845,2176,1966,-1700,128
1.3849,2176,1964,-1700,112
1.3852,2176,1964,-1700,112
1.3856,2176,1964,-1700,112
1.3859,2176,1963,-1700,104
1.3863,2176,1963,-1700,104
1.3866,2176,1963,-1700,104
1.3870,2176,1962,-1700,96
1.3873,2176,1962,-1700,96
1.3877,2176,1962,-1700,96
1.3880,2176,1961,-1700,84
1.3884,2176,1961,-1700,84
1.3887,2176,1961,-1700,84
1.3891,2176,1960,-1700,76
1.3894,2176,1960,-1700,76
1.3898,2176,1959,-1300,68
1.3901,2194,1959,-1300,68
1.3908,2194,1958,-1300,60
1.3911,2194,1958,-1300,60
1.3915,2194,1958,-1300,60
1.3918,2194,1957,-1300,52
1.3922,2194,1957,-1300,52
1.3926,2194,1957,-1300,52
1.3930,2194,1956,-1300,44
1.3933,2194,1956,-1300,44
1.3937,2194,1956,-1300,44
1.3940,2194,1955,-1300,36
1.3944,2194,1955,-1300,36
1.3947,2194,1954,-1300,28
1.3951,2194,1954,-1300,28
1.3954,2194,1954,-1300,28
1.3958,2194,1953,-1300,-20
1.3962,2194,1953,-1300,-20
1.3965,2194,1953,-1300,-20
1.3969,2194,1952,-1300,-28
1.3972,2194,1952,-1300,-28
1.3976,2194,1952,-1300,-28
1.3980,2194,1951,-1300,-36
1.3983,2194,1951,-1300,-36
1.3987,2194,1950,-1300,-44
1.3990,2194,1950,-1300,-44
1.3994,2194,1950,-1300,-44
1.3998,2194,1949,-1300,-52
1.4001,2206,1949,-1300,-52
1.4008,2206,1949,-1300,-60
1.4012,2206,1949,-1300,-60
1.4016,2206,1949,-1300,-60
1.4020,2206,1948,-1300,-68
1.4023,2206,1948,-1300,-68
1.4027,2206,1948,-1300,-68
1.4030,2206,1948,-1300,-68
1.4034,2206,1948,-1300,-68
1.4038,2206,1947,-1300,-84
1.4041,2206,1947,-1300,-84
1.4044,2206,1947,-1300,-84
1.4048,2206,1946,-1300,-92
1.4051,2206,1946,-1300,-92
1.4055,2206,1946,-1300,-92
1.4059,2206,1945,-1300,-92
1.4062,2206,1945,-1300,-92
1.4066,2206,1945,-1300,-92
1.4070,2206,1945,-1300,-92
1.4073,2206,1945,-1300,-92
1.4077,2206,1944,-1300,-112
1.4080,2206,1944,-1300,-112
1.4084,2206,1944,-1300,-112
1.4087,2206,1944,-1300,-112
1.4091,2206,1944,-1300,-112
1.4095,2206,1944,-1300,-112
1.4098,2206,1944,-750,-120
1.4102,2213,1944,-750,-120
1.4109,2213,1944,-750,-120
1.4112,2213,1944,-750,-120
1.4116,2213,1943,-750,-136
1.4120,2213,1943,-750,-136
1.4123,2213,1943,-750,-136
1.4127,2213,1943,-750,-136
1.4130,2213,1943,-750,-136
1.4134,2213,1943,-750,-136
1.4137,2213,1943,-750,-144
1.4141,2213,1943,-750,-144
1.4144,2213,1943,-750,-144
1.4148,2213,1942,-750,-160
1.4151,2213,1942,-750,-160
1.4155,2213,1942,-750,-160
1.4159,2213,1942,-750,-160
1.4162,2213,1942,-750,-160
1.4166,2213,1942,-750,-168
1.4170,2213,1942,-750,-168
1.4173,2213,1942,-750,-168
1.4177,2213,1942,-750,-176
1.4180,2213,1942,-750,-176
1.4184,2213,1942,-750,-176
1.4187,2213,1942,-750,-184
1.4191,2213,1942,-750,-184
1.4195,2213,1942,-750,-184
1.4198,2213,1942,-750,-184
1.4202,2214,1942,-750,-184
1.4208,2214,1942,-750,-192
1.4212,2214,1942,-750,-192
1.4216,2214,1942,-750,-200
1.4220,2214,1942,-750,-200
1.4223,2214,1942,-750,-200
1.4227,2214,1942,-750,-208
1.4230,2214,1942,-750,-208
1.4234,2214,1942,-750,-208
1.4237,2214,1942,-750,-216
1.4241,2214,1942,-750,-216
1.4244,2214,1942,-750,-216
1.4248,2214,1942,-750,-224
1.4251,2214,1942,-750,-224
1.4255,2214,1942,-750,-224
1.4258,2214,1942,-750,-232
1.4262,2214,1942,-750,-232
1.4265,2214,1942,-750,-232
1.4269,2214,1942,-750,-240
1.4272,2214,1942,-750,-240
1.4276,2214,1942,-750,-236
1.4280,2214,1942,-750,-236
1.4283,2214,1942,-750,-236
1.4287,2214,1942,-750,-244
1.4290,2214,1942,-750,-244
1.4294,2214,1942,-750,-244
1.4297,2214,1942,-100,-252
1.4301,2209,1942,-100,-252
1.4307,2209,1942,-100,-260
1.4311,2209,1942,-100,-260
1.4314,2209,1942,-100,-260
1.4318,2209,1942,-100,-268
1.4321,2209,1942,-100,-268
1.4325,2209,1942,-100,-276
1.4329,2209,1942,-100,-276
1.4332,2209,1942,-100,-276
1.4336,2209,1942,-100,-284
1.4340,2209,1942,-100,-284
1.4343,2209,1942,-100,-284
1.4347,2209,1942,-100,-292
1.4350,2209,1942,-100,-292
1.4354,2209,1942,-100,-292
1.4357,2209,1942,-100,-300
1.4361,2209,1942,-100,-300
1.4364,2209,1942,-100,-300
1.4368,2209,1942,-100,-316
1.4371,2209,1942,-100,-316
1.4375,2209,1943,-100,-316
1.4379,2209,1943,-100,-316
1.4382,2209,1943,-100,-316
1.4386,2209,1943,-100,-324
1.4390,2209,1943,-100,-324
1.4393,2209,1943,-100,-324
1.4397,2209,1944,-100,-324
1.4400,2198,1944,-100,-324
1.4408,2198,1945,-100,-332
1.4411,2198,1945,-100,-332
1.4415,2198,1945,-100,-340
1.4419,2198,1945,-100,-340
1.4422,2198,1945,-100,-340
1.4426,2198,1946,-100,-348
1.4430,2198,1946,-100,-348
1.4433,2198,1946,-100,-348
1.4437,2198,1946,-100,-356
1.4440,2198,1946,-100,-356
1.4444,2198,1946,-100,-356
1.4447,2198,1947,-100,-356
1.4451,2198,1947,-100,-356
1.4454,2198,1947,-100,-356
1.4458,2198,1947,-100,-372
1.4462,2198,1947,-100,-372
1.4465,2198,1948,-100,-372
1.4469,2198,1948,-100,-372
1.4472,2198,1948,-100,-372
1.4476,2198,1949,-100,-384
1.4480,2198,1949,-100,-384
1.4483,2198,1949,-100,-384
1.4487,2198,1949,-100,-392
1.4490,2198,1949,-100,-392
1.4494,2198,1949,-100,-392
1.4497,2198,1950,400,-400
1.4501,2182,1950,400,-400
1.4507,2182,1951,400,-400
1.4511,2182,1951,400,-400
1.4514,2182,1952,400,-408
1.4518,2182,1952,400,-408
1.4521,2182,1952,400,-408
1.4525,2182,1953,400,-416
1.4529,2182,1953,400,-416
1.4532,2182,1953,400,-416
1.4536,2182,1954,400,-416
1.4540,2182,1954,400,-416
1.4543,2182,1954,400,-416
1.4547,2182,1954,400,-432
1.4550,2182,1954,400,-432
1.4554,2182,1954,400,-432
1.4557,2182,1955,400,-440
1.4561,2182,1955,400,-440
1.4564,2182,1956,400,-440
1.4568,2182,1956,400,-440
1.4571,2182,1956,400,-440
1.4575,2182,1957,400,-448
1.4579,2182,1957,400,-448
1.4582,2182,1957,400,-448
1.4586,2182,1958,400,-456
1.4590,2182,1958,400,-456
1.4593,2182,1958,400,-456
1.4597,2182,1959,400,-464
1.4600,2161,1959,400,-464
1.4607,2161,1960,400,-472
1.4610,2161,1960,400,-472
1.4614,2161,1962,400,-464
1.4617,2161,1962,400,-464
1.4621,2161,1962,400,-464
1.4624,2161,1963,400,-472
1.4628,2161,1963,400,-472
1.4631,2161,1963,400,-472
1.4635,2161,1964,400,-480
1.4639,2161,1964,400,-480
1.4642,2161,1964,400,-480
1.4646,2161,1965,400,-488
1.4650,2161,1965,400,-488
1.4653,2161,1965,400,-488
1.4657,2161,1966,400,-496
1.4660,2161,1966,400,-496
1.4664,2161,1967,400,-504
1.4667,2161,1967,400,-504
1.4671,2161,1967,400,-504
1.4674,2161,1968,400,-504
1.4678,2161,1968,400,-504
1.4681,2161,1968,400,-504
1.4685,2161,1969,400,-512
1.4689,2161,1969,400,-512
1.4692,2161,1969,400,-512
1.4696,2161,1971,1050,-512
1.4700,2161,1971,1050,-512
1.4703,2135,1972,1050,-520
1.4710,2135,1972,1050,-520
1.4713,2135,1973,1050,-528
1.4717,2135,1973,1050,-528
1.4720,2135,1973,1050,-528
1.4724,2135,1974,1050,-536
1.4728,2135,1974,1050,-536
1.4731,2135,1974,1050,-536
1.4735,2135,1976,1050,-544
1.4738,2135,1976,1050,-544
1.4742,2135,1976,1050,-544
1.4745,2135,1977,1050,-552
1.4749,2135,1977,1050,-552
1.4752,2135,1977,1050,-552
1.4756,2135,1978,1050,-560
1.4760,2135,1978,1050,-560
1.4763,2135,1980,1050,-560
1.4767,2135,1980,1050,-560
1.4770,2135,1980,1050,-560
1.4774,2135,1981,1050,-568
1.4777,2135,1981,1050,-568
1.4781,2135,1981,1050,-568
1.4785,2135,1983,1050,-576
1.4788,2135,1983,1050,-576
1.4792,2135,1983,1050,-576
1.4795,2135,1984,1050,-584
1.4799,2135,1984,1050,-584
1.4802,2106,1985,1050,-592
1.4810,2106,1985,1050,-592
1.4813,2106,1987,1050,-592
1.4817,2106,1987,1050,-592
1.4820,2106,1987,1050,-592
1.4824,2106,1988,1050,-600
1.4827,2106,1988,1050,-600
1.4831,2106,1988,1050,-600
1.4834,2106,1990,1050,-600
1.4838,2106,1990,1050,-600
1.4842,2106,1990,1050,-600
1.4845,2106,1991,1050,-608
1.4849,2106,1991,1050,-608
1.4852,2106,1991,1050,-608
1.4856,2106,1993,1050,-608
1.4860,2106,1993,1050,-608
1.4863,2106,1995,1050,-608
1.4867,2106,1995,1050,-608
1.4871,2106,1995,1050,-608
1.4874,2106,1996,1050,-608
1.4878,2106,1996,1050,-608
1.4881,2106,1996,1050,-608
1.4885,2106,1998,1050,-608
1.4889,2106,1998,1050,-608
1.4892,2106,1998,1400,-616
1.4896,2106,1999,1400,-616
1.4900,2106,1999,1400,-616
1.4903,2075,2001,1400,-616
1.4910,2075,2001,1400,-616
1.4914,2075,2003,1400,-616
1.4917,2075,2003,1400,-616
1.4921,2075,2003,1400,-616
1.4924,2075,2005,1400,-616
1.4928,2075,2005,1400,-616
1.4931,2075,2005,1400,-616
1.4935,2075,2006,1400,-616
1.4939,2075,2006,1400,-616
1.4942,2075,2008,1400,-616
1.4946,2075,2008,1400,-616
1.4950,2075,2008,1400,-616
1.4953,2075,2010,1400,-616
1.4957,2075,2010,1400,-616
1.4960,2075,2010,1400,-616
1.4964,2075,2012,1400,-616
1.4968,2075,2012,1400,-616
1.4971,2075,2012,1400,-616
1.4975,2075,2013,1400,-616
1.4979,2075,2013,1400,-616
1.4982,2075,2015,1400,-616
1.4986,2075,2015,1400,-616
1.4990,2075,2015,1400,-616
1.4993,2075,2017,1400,-616
1.4997,2075,2017,1400,-616
1.5000,2044,2019,1400,-608
1.5007,2044,2019,1400,-608
1.5011,2044,2019,1400,-608
1.5014,2044,2020,1400,-616
1.5018,2044,2020,1400,-616
1.5021,2044,2020,1400,-616
1.5025,2044,2022,1400,-608
1.5029,2044,2022,1400,-608
1.5032,2044,2024,1400,-608
1.5036,2044,2024,1400,-608
1.5040,2044,2024,1400,-608
1.5043,2044,2026,1400,-600
1.5047,2044,2026,1400,-600
1.5050,2044,2026,1400,-600
1.5054,2044,2028,1400,-600
1.5057,2044,2028,1400,-600
1.5061,2044,2028,1400,-600
1.5064,2044,2030,1400,-592
1.5068,2044,2030,1400,-592
1.5071,2044,2030,1400,-592
1.5075,2044,2032,1400,-528
1.5078,2044,2032,1400,-528
1.5082,2044,2034,1400,-520
1.5085,2044,2034,1400,-520
1.5089,2044,2034,1400,-520
1.5093,2044,2036,1850,-520
1.5096,2044,2036,1850,-520
1.5100,2044,2036,1850,-520
1.5104,2011,2038,1850,-512
1.5110,2011,2038,1850,-512
1.5114,2011,2040,1850,-504
1.5117,2011,2040,1850,-504
1.5121,2011,2040,1850,-504
1.5124,2011,2042,1850,-504
1.5128,2011,2042,1850,-504
1.5131,2011,2042,1850,-504
1.5135,2011,2043,1850,-504
1.5138,2011,2043,1850,-504
1.5142,2011,2045,1850,-496
1.5146,2011,2045,1850,-496
1.5150,2011,2045,1850,-496
1.5153,2011,2047,1850,-496
1.5157,2011,2047,1850,-496
1.5160,2011,2047,1850,-496
1.5164,2011,2049,1850,-488
1.5167,2011,2049,1850,-488
1.5171,2011,2052,1850,-472
1.5175,2011,2052,1850,-472
1.5178,2011,2052,1850,-472
1.5182,2011,2053,1850,-472
1.5186,2011,2053,1850,-472
1.5190,2011,2053,1850,-472
1.5194,2011,2055,1850,-464
1.5197,2011,2055,1850,-464
1.5201,1981,2057,1850,-456
1.5208,1981,2057,1850,-456
1.5212,1981,2059,1850,-448
1.5216,1981,2059,1850,-448
1.5220,1981,2059,1850,-448
1.5224,1981,2061,1850,-448
1.5228,1981,2061,1850,-448
1.5232,1981,2063,1850,-440
1.5235,1981,2063,1850,-440
1.5239,1981,2063,1850,-440
1.5243,1981,2065,1850,-432
1.5247,1981,2065,1850,-432
1.5251,1981,2067,1850,-424
1.5255,1981,2067,1850,-424
1.5259,1981,2067,1850,-424
1.5263,1981,2068,1850,-424
1.5266,1981,2068,1850,-424
1.5270,1981,2068,1850,-424
1.5274,1981,2070,1850,-356
1.5278,1981,2070,1850,-356
1.5281,1981,2072,1850,-348
1.5285,1981,2072,1850,-348
1.5289,1981,2072,1850,-348
1.5292,1981,2074,1900,-340
1.5296,1981,2074,1900,-340
1.5300,1981,2074,1900,-340
1.5304,1952,2076,1900,-332
1.5311,1952,2077,1900,-332
1.5314,1952,2077,1900,-332
1.5318,1952,2077,1900,-332
1.5321,1952,2079,1900,-324
1.5325,1952,2079,1900,-324
1.5329,1952,2079,1900,-324
1.5332,1952,2081,1900,-316
1.5336,1952,2081,1900,-316
1.5340,1952,2081,1900,-316
1.5343,1952,2083,1900,-300
1.5347,1952,2083,1900,-300
1.5350,1952,2085,1900,-292
1.5354,1952,2085,1900,-292
1.5357,1952,2085,1900,-292
1.5361,1952,2086,1900,-292
1.5364,1952,2086,1900,-292
1.5368,1952,2086,1900,-292
1.5371,1952,2088,1900,-276
1.5375,1952,2088,1900,-276
1.5379,1952,2088,1900,-276
1.5382,1952,2089,1900,-276
1.5386,1952,2089,1900,-276
1.5389,1952,2089,1900,-276
1.5393,1952,2091,1900,-268
1.5397,1952,2091,1900,-268
1.5400,1927,2092,1900,-260
1.5407,1927,2092,1900,-260
1.5410,1927,2094,1900,-252
1.5414,1927,2094,1900,-252
1.5418,1927,2094,1900,-252
1.5421,1927,2096,1900,-244
1.5425,1927,2096,1900,-244
1.5428,1927,2096,1900,-244
1.5432,1927,2097,1900,-236
1.5435,1927,2097,1900,-236
1.5439,1927,2097,1900,-236
1.5442,1927,2099,1900,-228
1.5446,1927,2099,1900,-228
1.5450,1927,2099,1900,-228
1.5453,1927,2100,1900,-220
1.5457,1927,2100,1900,-220
1.5460,1927,2102,1900,-212
1.5464,1927,2102,1900,-212
1.5467,1927,2102,1900,-212
1.5471,1927,2103,1900,-188
1.5474,1927,2103,1900,-188
1.5478,1927,2103,1900,-188
1.5481,1927,2105,1900,-172
1.5485,1927,2105,1900,-172
1.5488,1927,2105,1900,-172
1.5492,1927,2106,1600,-172
1.5495,1927,2106,1600,-172
1.5499,1927,2106,1600,-172
1.5502,1906,2108,1600,-156
1.5510,1906,2109,1600,-148
1.5513,1906,2109,1600,-148
1.5517,1906,2109,1600,-148
1.5520,1906,2111,1600,-140
1.5524,1906,2111,1600,-140
1.5527,1906,2111,1600,-140
1.5531,1906,2112,1600,-132
1.5534,1906,2112,1600,-132
1.5538,1906,2112,1600,-132
1.5541,1906,2113,1600,-124
1.5545,1906,2113,1600,-124
1.5549,1906,2113,1600,-124
1.5552,1906,2114,1600,-116
1.5556,1906,2114,1600,-116
1.5559,1906,2115,1600,-116
1.5563,1906,2115,1600,-116
1.5567,1906,2115,1600,-116
1.5570,1906,2117,1600,-100
1.5574,1906,2117,1600,-100
1.5577,1906,2117,1600,-100
1.5581,1906,2118,1600,-92
1.5584,1906,2118,1600,-92
1.5588,1906,2118,1600,-92
1.5591,1906,2119,1600,-84
1.5595,1906,2119,1600,-84
1.5598,1906,2119,1600,-84
1.5602,1889,2120,1600,-76
1.5609,1889,2120,1600,-76
1.5612,1889,2121,1600,-68
1.5616,1889,2121,1600,-68
1.5620,1889,2122,1600,-60
1.5623,1889,2122,1600,-60
1.5627,1889,2122,1600,-60
1.5630,1889,2123,1600,-52
1.5634,1889,2123,1600,-52
1.5637,1889,2123,1600,-52
1.5641,1889,2124,1600,-44
1.5644,1889,2124,1600,-44
1.5648,1889,2124,1600,-44
1.5651,1889,2125,1600,-36
1.5655,1889,2125,1600,-36
1.5659,1889,2126,1600,-28
1.5662,1889,2126,1600,-28
1.5666,1889,2126,1600,-28
1.5670,1889,2127,1600,20
1.5673,1889,2127,1600,20
1.5677,1889,2127,1600,20
1.5681,1889,2128,1600,28
1.5684,1889,2128,1600,28
1.5688,1889,2128,1600,28
1.5691,1889,2128,1100,36
1.5695,1889,2128,1100,36
1.5699,1889,2129,1100,44
1.5702,1879,2129,1100,44
1.5709,1879,2130,1100,52
1.5712,1879,2130,1100,52
1.5716,1879,2130,1100,52
1.5720,1879,2131,1100,60
1.5723,1879,2131,1100,60
1.5727,1879,2131,1100,60
1.5730,1879,2132,1100,76
1.5733,1879,2132,1100,76
1.5737,1879,2132,1100,76
1.5740,1879,2132,1100,76
1.5744,1879,2132,1100,76
1.5747,1879,2132,1100,76
1.5751,1879,2133,1100,84
1.5754,1879,2133,1100,84
1.5758,1879,2133,1100,84
1.5761,1879,2133,1100,92
1.5765,1879,2133,1100,92
1.5769,1879,2134,1100,100
1.5772,1879,2134,1100,100
1.5776,1879,2134,1100,100
1.5780,1879,2135,1100,100
1.5783,1879,2135,1100,100
1.5787,1879,2135,1100,100
1.5790,1879,2135,1100,100
1.5794,1879,2135,1100,100
1.5797,1879,2135,1100,100
1.5801,1874,2136,1100,108
1.5807,1874,2136,1100,108
1.5811,1874,2136,1100,116
1.5814,1874,2136,1100,116
1.5818,1874,2136,1100,124
1.5821,1874,2136,1100,124
1.5825,1874,2136,1100,124
1.5829,1874,2137,1100,132
1.5832,1874,2137,1100,132
1.5836,1874,2137,1100,132
1.5840,1874,2137,1100,140
1.5843,1874,2137,1100,140
1.5847,1874,2137,1100,140
1.5850,1874,2137,1100,140
1.5854,1874,2137,1100,140
1.5858,1874,2137,1100,148
1.5861,1874,2137,1100,148
1.5865,1874,2137,1100,148
1.5869,1874,2138,1100,152
1.5872,1874,2138,1100,152
1.5876,1874,2138,1100,152
1.5879,1874,2138,1100,152
1.5883,1874,2138,1100,152
1.5887,1874,2138,1100,152
1.5890,1874,2138,500,160
1.5894,1874,2138,500,160
1.5897,1874,2138,500,160
1.5901,1875,2138,500,168
1.5907,1875,2138,500,168
1.5911,1875,2138,500,168
1.5914,1875,2138,500,168
1.5918,1875,2138,500,176
1.5921,1875,2138,500,176
1.5925,1875,2138,500,176
1.5928,1875,2138,500,184
1.5932,1875,2138,500,184
1.5935,1875,2138,500,184
1.5939,1875,2138,500,192
1.5942,1875,2138,500,192
1.5946,1875,2138,500,192
1.5949,1875,2138,500,200
1.5953,1875,2138,500,200
1.5957,1875,2138,500,200
1.5960,1875,2138,500,208
1.5964,1875,2138,500,208
1.5967,1875,2138,500,216
1.5971,1875,2138,500,216
1.5974,1875,2138,500,216
1.5978,1875,2138,500,216
1.5981,1875,2138,500,216
1.5985,1875,2138,500,216
1.5989,1875,2138,500,224
1.5992,1875,2138,500,224
1.5996,1875,2138,500,224
1.6000,1875,2138,500,232
1.6003,1882,2138,500,232
1.6010,1882,2138,500,240
1.6013,1882,2138,500,240
1.6017,1882,2138,500,240
1.6020,1882,2138,500,248
1.6024,1882,2138,500,248
1.6027,1882,2138,500,264
1.6031,1882,2138,500,264
1.6035,1882,2138,500,264
1.6038,1882,2138,500,272
1.6042,1882,2138,500,272
1.6045,1882,2138,500,272
1.6049,1882,2138,500,280
1.6052,1882,2138,500,280
1.6056,1882,2138,500,280
1.6060,1882,2138,500,288
1.6063,1882,2138,500,288
1.6067,1882,2137,500,284
1.6070,1882,2137,500,284
1.6074,1882,2137,500,284
1.6077,1882,2137,500,292
1.6081,1882,2137,500,292
1.6084,1882,2137,500,292
1.6088,1882,2137,-50,300
1.6091,1882,2137,-50,300
1.6095,1882,2137,-50,300
1.6099,1882,2136,-50,308
1.6102,1895,2136,-50,308
1.6110,1895,2135,-50,308
1.6113,1895,2135,-50,308
1.6117,1895,2135,-50,316
1.6120,1895,2135,-50,316
1.6124,1895,2135,-50,316
1.6127,1895,2135,-50,332
1.6131,1895,2135,-50,332
1.6135,1895,2135,-50,332
1.6138,1895,2134,-50,332
1.6142,1895,2134,-50,332
1.6145,1895,2134,-50,332
1.6149,1895,2133,-50,332
1.6152,1895,2133,-50,332
1.6156,1895,2133,-50,348
1.6160,1895,2133,-50,348
1.6163,1895,2133,-50,348
1.6167,1895,2132,-50,348
1.6170,1895,2132,-50,348
1.6174,1895,2132,-50,348
1.6177,1895,2131,-50,356
1.6181,1895,2131,-50,356
1.6185,1895,2131,-50,356
1.6188,1895,2131,-50,364
1.6192,1895,2131,-50,364
1.6196,1895,2130,-50,372
1.6200,1895,2130,-50,372
1.6203,1913,2129,-50,372
1.6210,1913,2129,-50,372
1.6213,1913,2129,-50,372
1.6217,1913,2128,-50,380
1.6220,1913,2128,-50,380
1.6224,1913,2128,-50,380
1.6227,1913,2128,-50,388
1.6231,1913,2128,-50,388
1.6234,1913,2128,-50,388
1.6238,1913,2127,-50,396
1.6241,1913,2127,-50,396
1.6245,1913,2127,-50,396
1.6248,1913,2126,-50,396
1.6252,1913,2126,-50,396
1.6255,1913,2126,-50,396
1.6259,1913,2125,-50,404
1.6262,1913,2125,-50,404
1.6266,1913,2124,-50,408
1.6270,1913,2124,-50,408
1.6274,1913,2124,-50,408
1.6278,1913,2124,-50,416
1.6282,1913,2124,-50,416
1.6285,1913,2124,-50,416
1.6289,1913,2123,-700,424
1.6292,1913,2123,-700,424
1.6296,1913,2122,-700,432
1.6300,1913,2122,-700,432
1.6304,1936,2121,-700,440
1.6310,1936,2121,-700,440
1.6314,1936,2121,-700,440
1.6317,1936,2120,-700,448
1.6321,1936,2120,-700,448
1.6324,1936,2120,-700,448
1.6328,1936,2119,-700,448
1.6332,1936,2119,-700,448
1.6335,1936,2118,-700,456
1.6339,1936,2118,-700,456
1.6343,1936,2118,-700,456
1.6346,1936,2117,-700,464
1.6350,1936,2117,-700,464
1.6354,1936,2117,-700,464
1.6358,1936,2115,-700,464
1.6361,1936,2115,-700,464
1.6365,1936,2114,-700,472
1.6369,1936,2114,-700,472
1.6372,1936,2114,-700,472
1.6376,1936,2113,-700,480
1.6380,1936,2113,-700,480
1.6383,1936,2113,-700,480
1.6387,1936,2112,-700,488
1.6390,1936,2112,-700,488
1.6394,1936,2112,-700,488
1.6397,1936,2111,-700,496
1.6401,1962,2111,-700,496
1.6408,1962,2110,-700,504
1.6411,1962,2110,-700,504
1.6415,1962,2108,-700,504
1.6419,1962,2108,-700,504
1.6422,1962,2108,-700,504
1.6426,1962,2107,-700,512
1.6430,1962,2107,-700,512
1.6433,1962,2107,-700,512
1.6437,1962,2106,-700,520
1.6440,1962,2106,-700,520
1.6444,1962,2106,-700,520
1.6447,1962,2105,-700,528
1.6451,1962,2105,-700,528
1.6454,1962,2105,-700,528
1.6458,1962,2103,-700,528
1.6461,1962,2103,-700,528
1.6465,1962,2102,-700,536
1.6469,1962,2102,-700,536
1.6472,1962,2102,-700,536
1.6476,1962,2101,-700,552
1.6480,1962,2101,-700,552
1.6483,1962,2101,-700,552
1.6487,1962,2100,-1150,560
1.6490,1962,2100,-1150,560
1.6494,1962,2100,-1150,560
1.6497,1962,2098,-1150,560
1.6501,1991,2098,-1150,560
1.6507,1991,2097,-1150,568
1.6511,1991,2097,-1150,568
1.6514,1991,2097,-1150,568
1.6518,1991,2095,-1150,560
1.6521,1991,2095,-1150,560
1.6525,1991,2094,-1150,568
1.6528,1991,2094,-1150,568
1.6532,1991,2094,-1150,568
1.6536,1991,2092,-1150,568
1.6540,1991,2092,-1150,568
1.6543,1991,2092,-1150,568
1.6547,1991,2091,-1150,576
1.6550,1991,2091,-1150,576
1.6554,1991,2091,-1150,576
1.6557,1991,2090,-1150,584
1.6561,1991,2090,-1150,584
1.6564,1991,2088,-1150,584
1.6568,1991,2088,-1150,584
1.6571,1991,2088,-1150,584
1.6575,1991,2086,-1150,584
1.6579,1991,2086,-1150,584
1.6582,1991,2086,-1150,584
1.6586,1991,2085,-1150,584
1.6590,1991,2085,-1150,584
1.6593,1991,2085,-1150,584
1.6597,1991,2083,-1150,584
1.6600,2023,2083,-1150,584
1.6607,2023,2082,-1150,592
1.6610,2023,2082,-1150,592
1.6614,2023,2082,-1150,592
1.6617,2023,2080,-1150,592
1.6621,2023,2080,-1150,592
1.6624,2023,2078,-1150,584
1.6628,2023,2078,-1150,584
1.6632,2023,2078,-1150,584
1.6635,2023,2077,-1150,592
1.6639,2023,2077,-1150,592
1.6642,2023,2077,-1150,592
1.6646,2023,2075,-1150,592
1.6650,2023,2075,-1150,592
1.6653,2023,2075,-1150,592
1.6657,2023,2074,-1150,592
1.6660,2023,2074,-1150,592
1.6664,2023,2072,-1150,556
1.6668,2023,2072,-1150,556
1.6671,2023,2072,-1150,556
1.6675,2023,2070,-1150,548
1.6678,2023,2070,-1150,548
1.6682,2023,2070,-1150,548
1.6685,2023,2068,-1600,548
1.6689,2023,2068,-1600,548
1.6692,2023,2068,-1600,548
1.6696,2023,2066,-1600,540
1.6700,2023,2066,-1600,540
1.6703,2056,2065,-1600,548
1.6710,2056,2065,-1600,548
1.6713,2056,2063,-1600,540
1.6717,2056,2063,-1600,540
1.6721,2056,2063,-1600,540
1.6724,2056,2061,-1600,540
1.6728,2056,2061,-1600,540
1.6731,2056,2061,-1600,540
1.6735,2056,2060,-1600,540
1.6738,2056,2060,-1600,540
1.6742,2056,2060,-1600,540
1.6745,2056,2058,-1600,532
1.6749,2056,2058,-1600,532
1.6752,2056,2058,-1600,532
1.6756,2056,2056,-1600,532
1.6759,2056,2056,-1600,532
1.6763,2056,2054,-1600,524
1.6767,2056,2054,-1600,524
1.6770,2056,2054,-1600,524
1.6774,2056,2052,-1600,516
1.6777,2056,2052,-1600,516
1.6781,2056,2052,-1600,516
1.6784,2056,2050,-1600,516
1.6788,2056,2050,-1600,516
1.6791,2056,2050,-1600,516
1.6795,2056,2049,-1600,516
1.6799,2056,2049,-1600,516
1.6802,2087,2047,-1600,508
1.6810,2087,2047,-1600,508
1.6813,2087,2045,-1600,500
1.6817,2087,2045,-1600,500
1.6821,2087,2045,-1600,500
1.6824,2087,2043,-1600,492
1.6828,2087,2043,-1600,492
1.6832,2087,2043,-1600,492
1.6836,2087,2041,-1600,492
1.6840,2087,2041,-1600,492
1.6844,2087,2039,-1600,484
1.6847,2087,2039,-1600,484
1.6851,2087,2039,-1600,484
1.6855,2087,2037,-1600,476
1.6858,2087,2037,-1600,476
1.6862,2087,2037,-1600,476
1.6866,2087,2036,-1600,408
1.6870,2087,2036,-1600,408
1.6873,2087,2034,-1600,400
1.6877,2087,2034,-1600,400
1.6880,2087,2034,-1600,400
1.6884,2087,2032,-1800,392
1.6887,2087,2032,-1800,392
1.6891,2087,2032,-1800,392
1.6894,2087,2030,-1800,384
1.6898,2087,2030,-1800,384
1.6901,2117,2029,-1800,384
1.6908,2117,2029,-1800,384
1.6912,2117,2029,-1800,384
1.6915,2117,2027,-1800,376
1.6919,2117,2027,-1800,376
1.6922,2117,2025,-1800,368
1.6926,2117,2025,-1800,368
1.6930,2117,2025,-1800,368
1.6933,2117,2023,-1800,360
1.6937,2117,2023,-1800,360
1.6940,2117,2023,-1800,360
1.6944,2117,2021,-1800,352
1.6947,2117,2021,-1800,352
1.6951,2117,2021,-1800,352
1.6954,2117,2020,-1800,344
1.6958,2117,2020,-1800,344
1.6961,2117,2020,-1800,344
1.6965,2117,2018,-1800,336
1.6969,2117,2018,-1800,336
1.6972,2117,2016,-1800,328
1.6976,2117,2016,-1800,328
1.6980,2117,2016,-1800,328
1.6983,2117,2014,-1800,320
1.6987,2117,2014,-1800,320
1.6990,2117,2014,-1800,320
1.6994,2117,2013,-1800,312
1.6997,2117,2013,-1800,312
1.7001,2144,2011,-1800,304
1.7007,2144,2011,-1800,304
1.7011,2144,2011,-1800,304
1.7014,2144,2010,-1800,304
1.7018,2144,2010,-1800,304
1.7021,2144,2010,-1800,304
1.7025,2144,2008,-1800,296
1.7029,2144,2008,-1800,296
1.7032,2144,2006,-1800,280
1.7036,2144,2006,-1800,280
1.7040,2144,2006,-1800,280
1.7043,2144,2005,-1800,280
1.7047,2144,2005,-1800,280
1.7050,2144,2005,-1800,280
1.7054,2144,2003,-1800,264
1.7057,2144,2003,-1800,264
1.7061,2144,2003,-1800,264
1.7064,2144,2002,-1800,232
1.7068,2144,2002,-1800,232
1.7071,2144,2002,-1800,232
1.7075,2144,2000,-1800,216
1.7078,2144,2000,-1800,216
1.7082,2144,1999,-1650,216
1.7085,2144,1999,-1650,216
1.7089,2144,1999,-1650,216
1.7092,2144,1997,-1650,200
1.7096,2144,1997,-1650,200
1.7100,2144,1997,-1650,200
1.7103,2169,1996,-1650,200
1.7110,2169,1996,-1650,200
1.7113,2169,1995,-1650,192
1.7117,2169,1995,-1650,192
1.7121,2169,1995,-1650,192
1.7124,2169,1993,-1650,184
1.7128,2169,1993,-1650,184
1.7131,2169,1993,-1650,184
1.7135,2169,1992,-1650,176
1.7138,2169,1992,-1650,176
1.7142,2169,1990,-1650,160
1.7145,2169,1990,-1650,160
1.7149,2169,1990,-1650,160
1.7152,2169,1989,-1650,160
1.7156,2169,1989,-1650,160
1.7160,2169,1989,-1650,160
1.7163,2169,1988,-1650,152
1.7167,2169,1988,-1650,152
1.7170,2169,1988,-1650,152
1.7174,2169,1986,-1650,136
1.7178,2169,1986,-1650,136
1.7181,2169,1985,-1650,136
1.7185,2169,1985,-1650,136
1.7189,2169,1985,-1650,136
1.7192,2169,1984,-1650,128
1.7196,2169,1984,-1650,128
1.7200,2169,1984,-1650,128
1.7203,2189,1983,-1650,120
1.7209,2189,1983,-1650,120
1.7213,2189,1982,-1650,112
1.7216,2189,1982,-1650,112
1.7220,2189,1982,-1650,112
1.7223,2189,1981,-1650,104
1.7227,2189,1981,-1650,104
1.7230,2189,1981,-1650,104
1.7234,2189,1979,-1650,96
1.7237,2189,1979,-1650,96
1.7241,2189,1978,-1650,88
1.7244,2189,1978,-1650,88
1.7248,2189,1978,-1650,88
1.7251,2189,1977,-1650,80
1.7255,2189,1977,-1650,80
1.7259,2189,1977,-1650,80
1.7262,2189,1976,-1650,64
1.7266,2189,1976,-1650,64
1.7269,2189,1976,-1650,64
1.7273,2189,1975,-1650,56
1.7276,2189,1975,-1650,56
1.7280,2189,1975,-1650,56
1.7283,2189,1974,-1250,48
1.7287,2189,1974,-1250,48
1.7291,2189,1973,-1250,32
1.7294,2189,1973,-1250,32
1.7297,2189,1973,-1250,32
1.7301,2203,1972,-1250,24
1.7307,2203,1972,-1250,24
1.7311,2203,1971,-1250,0
1.7315,2203,1971,-1250,0
1.7318,2203,1971,-1250,0
1.7321,2203,1971,-1250,0
1.7325,2203,1971,-1250,0
1.7329,2203,1971,-1250,0
1.7332,2203,1970,-1250,-24
1.7336,2203,1970,-1250,-24
1.7339,2203,1970,-1250,-24
1.7343,2203,1969,-1250,-32
1.7346,2203,1969,-1250,-32
1.7350,2203,1969,-1250,-32
1.7353,2203,1968,-1250,-48
1.7357,2203,1968,-1250,-48
1.7360,2203,1967,-1250,-56
1.7364,2203,1967,-1250,-56
1.7367,2203,1967,-1250,-56
1.7371,2203,1966,-1250,-64
1.7374,2203,1966,-1250,-64
1.7378,2203,1966,-1250,-64
1.7381,2203,1966,-1250,-72
1.7385,2203,1966,-1250,-72
1.7389,2203,1966,-1250,-72
1.7392,2203,1965,-1250,-80
1.7396,2203,1965,-1250,-80
1.7400,2203,1965,-1250,-80
1.7403,2212,1965,-1250,-80
1.7410,2212,1965,-1250,-80
1.7413,2212,1964,-1250,-96
1.7417,2212,1964,-1250,-96
1.7420,2212,1964,-1250,-96
1.7424,2212,1964,-1250,-96
1.7427,2212,1964,-1250,-96
1.7431,2212,1963,-1250,-96
1.7434,2212,1963,-1250,-96
1.7438,2212,1963,-1250,-96
1.7441,2212,1963,-1250,-96
1.7445,2212,1963,-1250,-96
1.7449,2212,1963,-1250,-96
1.7452,2212,1962,-1250,-112
1.7456,2212,1962,-1250,-112
1.7460,2212,1962,-1250,-104
1.7463,2212,1962,-1250,-104
1.7467,2212,1962,-1250,-104
1.7470,2212,1962,-1250,-112
1.7474,2212,1962,-1250,-112
1.7477,2212,1962,-1250,-112
1.7481,2212,1961,-650,-120
1.7484,2212,1961,-650,-120
1.7488,2212,1961,-650,-120
1.7491,2212,1961,-650,-128
1.7495,2212,1961,-650,-128
1.7499,2212,1961,-650,-128
1.7502,2215,1961,-650,-136
1.7510,2215,1961,-650,-136
1.7513,2215,1961,-650,-136
1.7517,2215,1961,-650,-136
1.7520,2215,1961,-650,-144
1.7524,2215,1961,-650,-144
1.7528,2215,1961,-650,-144
1.7532,2215,1960,-650,-160
1.7535,2215,1960,-650,-160
1.7539,2215,1960,-650,-160
1.7543,2215,1960,-650,-160
1.7546,2215,1960,-650,-160
1.7550,2215,1960,-650,-168
1.7553,2215,1960,-650,-168
1.7557,2215,1960,-650,-168
1.7561,2215,1960,-650,-176
1.7564,2215,1960,-650,-176
1.7568,2215,1960,-650,-176
1.7572,2215,1960,-650,-184
1.7575,2215,1960,-650,-184
1.7579,2215,1960,-650,-184
1.7582,2215,1960,-650,-192
1.7586,2215,1960,-650,-192
1.7590,2215,1960,-650,-192
1.7593,2215,1960,-650,-192
1.7597,2215,1960,-650,-192
1.7600,2212,1960,-650,-200
1.7607,2212,1960,-650,-200
1.7610,2212,1960,-650,-208
1.7614,2212,1960,-650,-208
1.7617,2212,1960,-650,-208
1.7621,2212,1960,-650,-216
1.7624,2212,1960,-650,-216
1.7628,2212,1960,-650,-216
1.7631,2212,1960,-650,-224
1.7635,2212,1960,-650,-224
1.7639,2212,1960,-650,-232
1.7642,2212,1960,-650,-232
1.7646,2212,1960,-650,-232
1.7650,2212,1960,-650,-240
1.7653,2212,1960,-650,-240
1.7656,2212,1960,-650,-240
1.7660,2212,1960,-650,-248
1.7663,2212,1960,-650,-248
1.7667,2212,1960,-650,-248
1.7670,2212,1960,-650,-256
1.7674,2212,1960,-650,-256
1.7677,2212,1960,-650,-256
1.7681,2212,1960,-50,-264
1.7684,2212,1960,-50,-264
1.7688,2212,1960,-50,-264
1.7691,2212,1960,-50,-272
1.7695,2212,1960,-50,-272
1.7698,2212,1960,-50,-272
1.7702,2202,1960,-50,-288
1.7709,2202,1960,-50,-296
1.7712,2202,1960,-50,-296
1.7716,2202,1960,-50,-296
1.7720,2202,1960,-50,-304
1.7723,2202,1960,-50,-304
1.7727,2202,1960,-50,-304
1.7730,2202,1960,-50,-312
1.7734,2202,1960,-50,-312
1.7737,2202,1960,-50,-312
1.7741,2202,1961,-50,-312
1.7745,2202,1961,-50,-312
1.7748,2202,1961,-50,-328
1.7752,2202,1961,-50,-328
1.7755,2202,1961,-50,-328
1.7759,2202,1962,-50,-328
1.7762,2202,1962,-50,-328
1.7766,2202,1962,-50,-328
1.7770,2202,1962,-50,-336
1.7773,2202,1962,-50,-336
1.7777,2202,1962,-50,-336
1.7781,2202,1963,-50,-344
1.7784,2202,1963,-50,-344
1.7788,2202,1963,-50,-344
1.7791,2202,1963,-50,-352
1.7795,2202,1963,-50,-352
1.7799,2202,1964,-50,-352
1.7802,2188,1964,-50,-352
1.7810,2188,1964,-50,-368
1.7813,2188,1964,-50,-368
1.7817,2188,1964,-50,-368
1.7820,2188,1965,-50,-368
1.7824,2188,1965,-50,-368
1.7828,2188,1965,-50,-368
1.7831,2188,1966,-50,-376
1.7835,2188,1966,-50,-376
1.7839,2188,1966,-50,-384
1.7842,2188,1966,-50,-384
1.7846,2188,1966,-50,-384
1.7850,2188,1967,-50,-392
1.7853,2188,1967,-50,-392
1.7857,2188,1967,-50,-392
1.7860,2188,1968,-50,-392
1.7864,2188,1968,-50,-392
1.7867,2188,1968,-50,-392
1.7871,2188,1969,-50,-400
1.7874,2188,1969,-50,-400
1.7878,2188,1969,450,-408
1.7881,2188,1969,450,-408
1.7885,2188,1969,450,-408
1.7889,2188,1970,450,-416
1.7892,2188,1970,450,-416
1.7896,2188,1970,450,-416
1.7900,2188,1971,450,-424
1.7903,2168,1971,450,-424
1.7910,2168,1972,450,-424
1.7914,2168,1972,450,-424
1.7917,2168,1972,450,-424
1.7921,2168,1973,450,-432
1.7924,2168,1973,450,-432
1.7928,2168,1974,450,-440
1.7931,2168,1974,450,-440
1.7935,2168,1974,450,-440
1.7939,2168,1974,450,-456
1.7942,2168,1974,450,-456
1.7946,2168,1974,450,-456
1.7950,2168,1975,450,-456
1.7953,2168,1975,450,-456
1.7957,2168,1975,450,-456
1.7960,2168,1976,450,-464
1.7964,2168,1976,450,-464
1.7967,2168,1977,450,-472
1.7971,2168,1977,450,-472
1.7974,2168,1977,450,-472
1.7978,2168,1979,450,-472
1.7982,2168,1979,450,-472
1.7986,2168,1979,450,-472
1.7990,2168,1980,450,-480
1.7993,2168,1980,450,-480
1.7997,2168,1980,450,-480
1.8000,2144,1981,450,-488
1.8007,2144,1981,450,-488
1.8010,2144,1982,450,-496
1.8013,2144,1982,450,-496
1.8017,2144,1982,450,-496
1.8020,2144,1983,450,-504
1.8023,2144,1983,450,-504
1.8027,2144,1984,450,-504
1.8030,2144,1984,450,-504
1.8034,2144,1984,450,-504
1.8037,2144,1985,450,-512
1.8040,2144,1985,450,-512
1.8044,2144,1985,450,-512
1.8047,2144,1986,450,-528
1.8050,2144,1986,450,-528
1.8054,2144,1986,450,-528
1.8057,2144,1988,450,-524
1.8061,2144,1988,450,-524
1.8064,2144,1988,450,-524
1.8068,2144,1989,450,-532
1.8071,2144,1989,450,-532
1.8075,2144,1989,450,-532
1.8079,2144,1990,1050,-540
1.8082,2144,1990,1050,-540
1.8086,2144,1990,1050,-540
1.8090,2144,1992,1050,-540
1.8093,2144,1992,1050,-540
1.8097,2144,1993,1050,-548
1.8100,2117,1993,1050,-548
1.8107,2117,1994,1050,-556
1.8110,2117,1994,1050,-556
1.8114,2117,1994,1050,-556
1.8117,2117,1995,1050,-564
1.8121,2117,1995,1050,-564
1.8124,2117,1995,1050,-564
1.8128,2117,1997,1050,-564
1.8131,2117,1997,1050,-564
1.8135,2117,1997,1050,-564
1.8139,2117,1998,1050,-572
1.8142,2117,1998,1050,-572
1.8146,2117,1998,1050,-572
1.8150,2117,2000,1050,-572
1.8153,2117,2000,1050,-572
1.8157,2117,2001,1050,-580
1.8160,2117,2001,1050,-580
1.8164,2117,2001,1050,-580
1.8167,2117,2003,1050,-580
1.8170,2117,2003,1050,-580
1.8174,2117,2003,1050,-580
1.8177,2117,2004,1050,-588
1.8181,2117,2004,1050,-588
1.8185,2117,2004,1050,-588
1.8188,2117,2006,1050,-588
1.8192,2117,2006,1050,-588
1.8195,2117,2006,1050,-588
1.8199,2117,2007,1050,-596
1.8202,2086,2009,1050,-596
1.8210,2086,2009,1050,-596
1.8213,2086,2009,1050,-596
1.8217,2086,2010,1050,-604
1.8220,2086,2010,1050,-604
1.8224,2086,2010,1050,-604
1.8227,2086,2012,1050,-604
1.8231,2086,2012,1050,-604
1.8235,2086,2012,1050,-604
1.8238,2086,2013,1050,-612
1.8241,2086,2013,1050,-612
1.8245,2086,2013,1050,-612
1.8249,2086,2015,1050,-604
1.8253,2086,2015,1050,-604
1.8258,2086,2017,1050,-576
1.8262,2086,2017,1050,-576
1.8266,2086,2019,1050,-576
1.8270,2086,2019,1050,-576
1.8274,2086,2019,1050,-576
1.8278,2086,2020,1500,-584
1.8282,2086,2020,1500,-584
1.8286,2086,2022,1500,-576
1.8290,2086,2022,1500,-576
1.8294,2086,2022,1500,-576
1.8298,2086,2024,1500,-576
1.8301,2054,2024,1500,-576
1.8308,2054,2025,1500,-584
1.8311,2054,2025,1500,-584
1.8315,2054,2025,1500,-584
1.8319,2054,2027,1500,-576
1.8322,2054,2027,1500,-576
1.8326,2054,2029,1500,-576
1.8330,2054,2029,1500,-576
1.8333,2054,2029,1500,-576
1.8337,2054,2031,1500,-568
1.8340,2054,2031,1500,-568
1.8344,2054,2031,1500,-568
1.8347,2054,2032,1500,-576
1.8351,2054,2032,1500,-576
1.8354,2054,2032,1500,-576
1.8358,2054,2034,1500,-568
1.8361,2054,2034,1500,-568
1.8365,2054,2036,1500,-568
1.8369,2054,2036,1500,-568
1.8372,2054,2036,1500,-568
1.8376,2054,2038,1500,-560
1.8380,2054,2038,1500,-560
1.8383,2054,2038,1500,-560
1.8387,2054,2040,1500,-560
1.8390,2054,2040,1500,-560
1.8394,2054,2040,1500,-560
1.8397,2054,2042,1500,-552
1.8401,2022,2042,1500,-552
1.8407,2022,2043,1500,-552
1.8411,2022,2043,1500,-552
1.8414,2022,2043,1500,-552
1.8418,2022,2045,1500,-552
1.8421,2022,2045,1500,-552
1.8425,2022,2047,1500,-544
1.8429,2022,2047,1500,-544
1.8432,2022,2047,1500,-544
1.8436,2022,2049,1500,-536
1.8439,2022,2049,1500,-536
1.8443,2022,2049,1500,-536
1.8446,2022,2051,1500,-536
1.8450,2022,2051,1500,-536
1.8453,2022,2051,1500,-536
1.8457,2022,2053,1500,-464
1.8460,2022,2053,1500,-464
1.8464,2022,2053,1500,-464
1.8467,2022,2055,1500,-456
1.8471,2022,2055,1500,-456
1.8474,2022,2055,1500,-456
1.8478,2022,2057,1850,-448
1.8481,2022,2057,1850,-448
1.8485,2022,2059,1850,-440
1.8489,2022,2059,1850,-440
1.8492,2022,2059,1850,-440
1.8496,2022,2061,1850,-440
1.8499,2022,2061,1850,-440
1.8503,1990,2062,1850,-440
1.8509,1990,2062,1850,-440
1.8513,1990,2062,1850,-440
1.8516,1990,2064,1850,-432
1.8520,1990,2064,1850,-432
1.8523,1990,2064,1850,-432
1.8527,1990,2066,1850,-424
1.8530,1990,2066,1850,-424
1.8534,1990,2066,1850,-424
1.8537,1990,2067,1850,-424
1.8541,1990,2067,1850,-424
1.8544,1990,2069,1850,-416
1.8548,1990,2069,1850,-416
1.8551,1990,2069,1850,-416
1.8555,1990,2071,1850,-408
1.8559,1990,2071,1850,-408
1.8563,1990,2071,1850,-408
1.8567,1990,2073,1850,-400
1.8571,1990,2073,1850,-400
1.8574,1990,2075,1850,-392
1.8578,1990,2075,1850,-392
1.8582,1990,2075,1850,-392
1.8587,1990,2077,1850,-384
1.8591,1990,2077,1850,-384
1.8595,1990,2078,1850,-384
1.8599,1990,2078,1850,-384
1.8603,1961,2080,1850,-368
1.8610,1961,2080,1850,-368
1.8613,1961,2080,1850,-368
1.8617,1961,2082,1850,-360
1.8620,1961,2082,1850,-360
1.8624,1961,2084,1850,-352
1.8628,1961,2084,1850,-352
1.8631,1961,2084,1850,-352
1.8635,1961,2085,1850,-352
1.8639,1961,2085,1850,-352
1.8642,1961,2085,1850,-352
1.8646,1961,2087,1850,-344
1.8650,1961,2087,1850,-344
1.8654,1961,2089,1850,-284
1.8658,1961,2089,1850,-284
1.8661,1961,2089,1850,-284
1.8665,1961,2090,1850,-284
1.8669,1961,2090,1850,-284
1.8672,1961,2090,1850,-284
1.8676,1961,2091,1700,-284
1.8679,1961,2091,1700,-284
1.8683,1961,2091,1700,-284
1.8686,1961,2093,1700,-268
1.8689,1961,2093,1700,-268
1.8693,1961,2093,1700,-268
1.8696,1961,2095,1700,-260
1.8699,1961,2095,1700,-260
1.8702,1935,2096,1700,-260
1.8709,1935,2096,1700,-260
1.8712,1935,2096,1700,-260
1.8716,1935,2098,1700,-244
1.8720,1935,2098,1700,-244
1.8723,1935,2098,1700,-244
1.8727,1935,2100,1700,-236
1.8730,1935,2100,1700,-236
1.8734,1935,2101,1700,-228
1.8737,1935,2101,1700,-228
1.8741,1935,2101,1700,-228
1.8744,1935,2103,1700,-220
1.8748,1935,2103,1700,-220
1.8751,1935,2103,1700,-220
1.8755,1935,2104,1700,-212
1.8758,1935,2104,1700,-212
1.8762,1935,2104,1700,-212
1.8766,1935,2106,1700,-204
1.8769,1935,2106,1700,-204
1.8773,1935,2107,1700,-196
1.8777,1935,2107,1700,-196
1.8780,1935,2107,1700,-196
1.8784,1935,2109,1700,-188
1.8787,1935,2109,1700,-188
1.8791,1935,2109,1700,-188
1.8794,1935,2110,1700,-180
1.8798,1935,2110,1700,-180
1.8801,1912,2112,1700,-164
1.8808,1912,2112,1700,-164
1.8811,1912,2112,1700,-164
1.8815,1912,2113,1700,-164
1.8818,1912,2113,1700,-164
1.8822,1912,2113,1700,-164
1.8825,1912,2114,1700,-156
1.8829,1912,2114,1700,-156
1.8832,1912,2114,1700,-156
1.8836,1912,2115,1700,-148
1.8839,1912,2115,1700,-148
1.8843,1912,2117,1700,-140
1.8847,1912,2117,1700,-140
1.8850,1912,2117,1700,-140
1.8854,1912,2118,1700,-124
1.8857,1912,2118,1700,-124
1.8861,1912,2118,1700,-124
1.8864,1912,2119,1700,-116
1.8868,1912,2119,1700,-116
1.8871,1912,2119,1700,-116
1.8875,1912,2120,1450,-108
1.8878,1912,2120,1450,-108
1.8882,1912,2120,1450,-108
1.8885,1912,2121,1450,-100
1.8889,1912,2121,1450,-100
1.8892,1912,2121,1450,-100
1.8896,1912,2123,1450,-84
1.8900,1912,2123,1450,-84
1.8903,1894,2124,1450,-84
1.8910,1894,2124,1450,-84
1.8913,1894,2125,1450,-76
1.8917,1894,2125,1450,-76
1.8920,1894,2125,1450,-76
1.8923,1894,2126,1450,-68
1.8927,1894,2126,1450,-68
1.8931,1894,2126,1450,-68
1.8934,1894,2127,1450,-60
1.8938,1894,2127,1450,-60
1.8941,1894,2127,1450,-60
1.8945,1894,2128,1450,-44
1.8948,1894,2128,1450,-44
1.8952,1894,2128,1450,-44
1.8956,1894,2129,1450,-36
1.8960,1894,2129,1450,-36
1.8963,1894,2130,1450,-28
1.8967,1894,2130,1450,-28
1.8970,1894,2130,1450,-28
1.8974,1894,2131,1450,-20
1.8977,1894,2131,1450,-20
1.8981,1894,2131,1450,-20
1.8984,1894,2132,1450,20
1.8988,1894,2132,1450,20
1.8991,1894,2132,1450,20
1.8995,1894,2132,1450,20
1.8999,1894,2132,1450,20
1.9002,1881,2133,1450,36
1.9009,1881,2133,1450,36
1.9012,1881,2134,1450,44
1.9016,1881,2134,1450,44
1.9020,1881,2134,1450,44
1.9023,1881,2135,1450,52
1.9027,1881,2135,1450,52
1.9030,1881,2135,1450,52
1.9034,1881,2136,1450,60
1.9037,1881,2136,1450,60
1.9041,1881,2136,1450,60
1.9044,1881,2136,1450,68
1.9048,1881,2136,1450,68
1.9052,1881,2136,1450,68
1.9055,1881,2137,1450,84
1.9059,1881,2137,1450,84
1.9062,1881,2137,1450,84
1.9066,1881,2137,1450,84
1.9070,1881,2137,1450,84
1.9073,1881,2138,900,100
1.9077,1881,2138,900,100
1.9080,1881,2138,900,100
1.9084,1881,2138,900,100
1.9087,1881,2138,900,100
1.9091,1881,2138,900,100
1.9094,1881,2139,900,100
1.9098,1881,2139,900,100
1.9101,1875,2140,900,108
1.9108,1875,2140,900,108
1.9112,1875,2140,900,116
1.9115,1875,2140,900,116
1.9119,1875,2140,900,116
1.9122,1875,2140,900,116
1.9126,1875,2140,900,116
1.9130,1875,2140,900,116
1.9133,1875,2141,900,132
1.9137,1875,2141,900,132
1.9140,1875,2141,900,132
1.9144,1875,2141,900,132
1.9147,1875,2141,900,132
1.9151,1875,2141,900,132
1.9154,1875,2141,900,140
1.9157,1875,2141,900,140
1.9161,1875,2141,900,140
1.9164,1875,2141,900,148
1.9168,1875,2141,900,148
1.9171,1875,2141,900,148
1.9175,1875,2141,900,148
1.9179,1875,2141,900,148
1.9182,1875,2142,900,164
1.9186,1875,2142,900,164
1.9189,1875,2142,900,164
1.9193,1875,2142,900,172
1.9196,1875,2142,900,172
1.9200,1875,2142,900,172
1.9203,1874,2142,900,172
1.9210,1874,2142,900,172
1.9213,1874,2142,900,180
1.9216,1874,2142,900,180
1.9220,1874,2142,900,180
1.9223,1874,2142,900,188
1.9227,1874,2142,900,188
1.9230,1874,2142,900,188
1.9234,1874,2142,900,196
1.9237,1874,2142,900,196
1.9241,1874,2142,900,196
1.9244,1874,2142,900,204
1.9248,1874,2142,900,204
1.9251,1874,2142,900,180
1.9255,1874,2142,900,180
1.9259,1874,2142,900,180
1.9262,1874,2142,900,188
1.9266,1874,2142,900,188
1.9269,1874,2142,900,188
1.9273,1874,2142,200,196
1.9276,1874,2142,200,196
1.9280,1874,2142,200,196
1.9283,1874,2142,200,204
1.9287,1874,2142,200,204
1.9290,1874,2142,200,204
1.9294,1874,2142,200,212
1.9297,1874,2142,200,212
1.9301,1879,2142,200,220
1.9307,1879,2142,200,220
1.9311,1879,2142,200,228
1.9314,1879,2142,200,228
1.9318,1879,2142,200,228
1.9322,1879,2142,200,236
1.9326,1879,2142,200,236
1.9330,1879,2142,200,236
1.9333,1879,2142,200,244
1.9337,1879,2142,200,244
1.9340,1879,2142,200,244
1.9344,1879,2142,200,252
1.9347,1879,2142,200,252
1.9351,1879,2142,200,260
1.9354,1879,2142,200,260
1.9358,1879,2142,200,260
1.9361,1879,2142,200,276
1.9365,1879,2142,200,276
1.9368,1879,2142,200,276
1.9371,1879,2142,200,284
1.9375,1879,2142,200,284
1.9379,1879,2142,200,284
1.9382,1879,2142,200,292
1.9386,1879,2142,200,292
1.9389,1879,2142,200,292
1.9393,1879,2142,200,300
1.9396,1879,2142,200,300
1.9400,1879,2142,200,300
1.9403,1890,2141,200,300
1.9410,1890,2141,200,300
1.9413,1890,2141,200,316
1.9417,1890,2141,200,316
1.9420,1890,2140,200,316
1.9424,1890,2140,200,316
1.9427,1890,2140,200,316
1.9431,1890,2139,200,316
1.9434,1890,2139,200,316
1.9438,1890,2139,200,316
1.9441,1890,2139,200,332
1.9445,1890,2139,200,332
1.9448,1890,2139,200,332
1.9452,1890,2138,200,348
1.9455,1890,2138,200,348
1.9459,1890,2138,200,348
1.9462,1890,2138,200,356
1.9466,1890,2138,200,356
1.9469,1890,2138,200,356
1.9473,1890,2137,-250,364
1.9477,1890,2137,-250,364
1.9480,1890,2136,-250,364
1.9483,1890,2136,-250,364
1.9487,1890,2136,-250,364
1.9490,1890,2136,-250,380
1.9494,1890,2136,-250,380
1.9497,1890,2136,-250,380
1.9501,1906,2135,-250,380
1.9507,1906,2135,-250,380
1.9511,1906,2134,-250,388
1.9514,1906,2134,-250,388
1.9518,1906,2134,-250,388
1.9521,1906,2133,-250,388
1.9525,1906,2133,-250,388
1.9528,1906,2133,-250,388
1.9531,1906,2133,-250,404
1.9535,1906,2133,-250,404
1.9539,1906,2133,-250,404
1.9542,1906,2132,-250,412
1.9546,1906,2132,-250,412
1.9549,1906,2131,-250,412
1.9553,1906,2131,-250,412
1.9556,1906,2131,-250,412
1.9560,1906,2130,-250,420
1.9563,1906,2130,-250,420
1.9567,1906,2130,-250,420
1.9570,1906,2129,-250,420
1.9573,1906,2129,-250,420
1.9577,1906,2129,-250,420
1.9580,1906,2128,-250,428
1.9584,1906,2128,-250,428
1.9587,1906,2128,-250,428
1.9591,1906,2127,-250,436
1.9594,1906,2127,-250,436
1.9598,1906,2127,-250,436
1.9601,1927,2126,-250,444
1.9608,1927,2126,-250,444
1.9611,1927,2126,-250,452
1.9615,1927,2126,-250,452
1.9618,1927,2126,-250,452
1.9622,1927,2125,-250,460
1.9625,1927,2125,-250,460
1.9629,1927,2125,-250,460
1.9632,1927,2124,-250,468
1.9636,1927,2124,-250,468
1.9639,1927,2123,-250,476
1.9643,1927,2123,-250,476
1.9646,1927,2123,-250,476
1.9650,1927,2122,-250,476
1.9653,1927,2122,-250,476
1.9656,1927,2122,-250,476
1.9660,1927,2120,-250,476
1.9664,1927,2120,-250,476
1.9667,1927,2120,-250,476
1.9671,1927,2119,-900,484
1.9674,1927,2119,-900,484
1.9678,1927,2119,-900,484
1.9682,1927,2118,-900,492
1.9686,1927,2118,-900,492
1.9690,1927,2117,-900,500
1.9694,1927,2117,-900,500
1.9697,1927,2117,-900,500
1.9701,1953,2116,-900,508
1.9708,1953,2116,-900,508
1.9711,1953,2115,-900,516
1.9715,1953,2115,-900,516
1.9719,1953,2113,-900,516
1.9722,1953,2113,-900,516
1.9726,1953,2113,-900,516
1.9730,1953,2112,-900,524
1.9734,1953,2112,-900,524
1.9737,1953,2112,-900,524
1.9741,1953,2111,-900,532
1.9745,1953,2111,-900,532
1.9748,1953,2109,-900,532
1.9752,1953,2109,-900,532
1.9756,1953,2109,-900,532
1.9760,1953,2108,-900,540
1.9764,1953,2108,-900,540
1.9767,1953,2108,-900,540
1.9771,1953,2107,-900,548
1.9774,1953,2107,-900,548
1.9778,1953,2107,-900,548
1.9781,1953,2105,-900,556
1.9785,1953,2105,-900,556
1.9789,1953,2104,-900,564
1.9792,1953,2104,-900,564
1.9796,1953,2104,-900,564
1.9800,1953,2103,-900,572
1.9803,1982,2103,-900,572
1.9810,1982,2101,-900,572
1.9813,1982,2101,-900,572
1.9817,1982,2101,-900,572
1.9820,1982,2100,-900,580
1.9824,1982,2100,-900,580
1.9827,1982,2100,-900,580
1.9831,1982,2099,-900,588
1.9834,1982,2099,-900,588
1.9838,1982,2099,-900,588
1.9842,1982,2097,-900,588
1.9845,1982,2097,-900,588
1.9849,1982,2096,-900,588
1.9852,1982,2096,-900,588
1.9856,1982,2096,-900,588
1.9859,1982,2094,-900,588
1.9863,1982,2094,-900,588
1.9866,1982,2094,-900,588
1.9870,1982,2092,-1350,588
1.9873,1982,2092,-1350,588
1.9877,1982,2092,-1350,588
1.9880,1982,2091,-1350,596
1.9884,1982,2091,-1350,596
1.9887,1982,2091,-1350,596
1.9891,1982,2089,-1350,596
1.9895,1982,2089,-1350,596
1.9900,1982,2088,-1350,604
1.9903,2013,2088,-1350,604
1.9910,2013,2086,-1350,604
1.9914,2013,2086,-1350,604
1.9917,2013,2086,-1350,604
1.9921,2013,2084,-1350,604
1.9925,2013,2084,-1350,604
1.9929,2013,2083,-1350,612
1.9932,2013,2083,-1350,612
1.9936,2013,2083,-1350,612
1.9940,2013,2081,-1350,604
1.9943,2013,2081,-1350,604
1.9947,2013,2081,-1350,604
1.9950,2013,2079,-1350,604
1.9954,2013,2079,-1350,604
1.9957,2013,2079,-1350,604
1.9961,2013,2077,-1350,604
1.9964,2013,2077,-1350,604
1.9968,2013,2076,-1350,612
1.9971,2013,2076,-1350,612
1.9975,2013,2076,-1350,612
1.9978,2013,2074,-1350,604
1.9982,2013,2074,-1350,604
1.9985,2013,2074,-1350,604
1.9989,2013,2072,-1350,604
1.9992,2013,2072,-1350,604
1.9996,2013,2072,-1350,604
2.0000,2013,2071,-1350,612
2.0003,2045,2071,-1350,612
2.0010,2045,2069,-1350,604
2.0013,2045,2069,-1350,604
2.0017,2045,2069,-1350,604
2.0020,2045,2067,-1350,604
2.0024,2045,2067,-1350,604
2.0027,2045,2065,-1350,604
2.0031,2045,2065,-1350,604
2.0034,2045,2065,-1350,604
2.0038,2045,2063,-1350,596
2.0041,2045,2063,-1350,596
2.0045,2045,2063,-1350,596
2.0049,2045,2061,-1350,540
2.0052,2045,2061,-1350,540
2.0056,2045,2061,-1350,540
2.0060,2045,2059,-1350,532
2.0063,2045,2059,-1350,532
2.0067,2045,2057,-1750,532
2.0070,2045,2057,-1750,532
2.0074,2045,2057,-1750,532
2.0077,2045,2056,-1750,532
2.0081,2045,2056,-1750,532
2.0085,2045,2056,-1750,532
2.0088,2045,2054,-1750,524
2.0092,2045,2054,-1750,524
2.0095,2045,2054,-1750,524
2.0099,2045,2052,-1750,524
2.0102,2077,2052,-1750,524
2.0109,2077,2050,-1750,516
2.0113,2077,2050,-1750,516
2.0116,2077,2050,-1750,516
2.0120,2077,2048,-1750,516
2.0124,2077,2048,-1750,516
2.0127,2077,2046,-1750,508
2.0131,2077,2046,-1750,508
2.0134,2077,2046,-1750,508
2.0138,2077,2044,-1750,500
2.0141,2077,2044,-1750,500
2.0145,2077,2044,-1750,500
2.0149,2077,2043,-1750,500
2.0152,2077,2043,-1750,500
2.0156,2077,2043,-1750,500
2.0160,2077,2041,-1750,500
2.0163,2077,2041,-1750,500
2.0166,2077,2038,-1750,484
2.0170,2077,2038,-1750,484
2.0174,2077,2038,-1750,484
2.0177,2077,2037,-1750,484
2.0181,2077,2037,-1750,484
2.0184,2077,2037,-1750,484
2.0187,2077,2035,-1750,476
2.0191,2077,2035,-1750,476
2.0194,2077,2035,-1750,476
2.0198,2077,2033,-1750,468
2.0201,2107,2033,-1750,468
2.0208,2107,2031,-1750,460
2.0212,2107,2031,-1750,460
2.0215,2107,2031,-1750,460
2.0219,2107,2029,-1750,460
2.0222,2107,2029,-1750,460
2.0226,2107,2027,-1750,452
2.0230,2107,2027,-1750,452
2.0233,2107,2027,-1750,452
2.0237,2107,2026,-1750,452
2.0240,2107,2026,-1750,452
2.0244,2107,2026,-1750,452
2.0247,2107,2024,-1750,392
2.0251,2107,2024,-1750,392
2.0254,2107,2024,-1750,392
2.0258,2107,2022,-1750,384
2.0261,2107,2022,-1750,384
2.0265,2107,2022,-1750,384
2.0269,2107,2020,-1850,376
2.0272,2107,2020,-1850,376
2.0276,2107,2018,-1850,368
2.0280,2107,2018,-1850,368
2.0283,2107,2018,-1850,368
2.0287,2107,2016,-1850,360
2.0290,2107,2016,-1850,360
2.0293,2107,2016,-1850,360
2.0297,2107,2014,-1850,344
2.0300,2136,2014,-1850,344
2.0307,2136,2013,-1850,344
2.0310,2136,2013,-1850,344
2.0314,2136,2013,-1850,344
2.0317,2136,2011,-1850,336
2.0321,2136,2011,-1850,336
2.0325,2136,2011,-1850,336
2.0328,2136,2009,-1850,328
2.0332,2136,2009,-1850,328
2.0335,2136,2009,-1850,328
2.0339,2136,2008,-1850,328
2.0342,2136,2008,-1850,328
2.0346,2136,2006,-1850,312
2.0350,2136,2006,-1850,312
2.0353,2136,2006,-1850,312
2.0357,2136,2004,-1850,304
2.0360,2136,2004,-1850,304
2.0364,2136,2004,-1850,304
2.0367,2136,2003,-1850,304
2.0371,2136,2003,-1850,304
2.0375,2136,2003,-1850,304
2.0379,2136,2001,-1850,296
2.0382,2136,2001,-1850,296
2.0386,2136,1999,-1850,280
2.0390,2136,1999,-1850,280
2.0393,2136,1999,-1850,280
2.0397,2136,1998,-1850,280
2.0400,2161,1998,-1850,280
2.0407,2161,1996,-1850,264
2.0410,2161,1996,-1850,264
2.0414,2161,1996,-1850,264
2.0418,2161,1995,-1850,264
2.0421,2161,1995,-1850,264
2.0425,2161,1993,-1850,256
2.0429,2161,1993,-1850,256
2.0432,2161,1993,-1850,256
2.0436,2161,1992,-1850,248
2.0439,2161,1992,-1850,248
2.0443,2161,1992,-1850,248
2.0447,2161,1990,-1850,212
2.0450,2161,1990,-1850,212
2.0453,2161,1990,-1850,212
2.0457,2161,1989,-1850,204
2.0460,2161,1989,-1850,204
2.0464,2161,1989,-1850,204
2.0467,2161,1987,-1650,196
2.0471,2161,1987,-1650,196
2.0474,2161,1987,-1650,196
2.0478,2161,1985,-1650,180
2.0481,2161,1985,-1650,180
2.0485,2161,1984,-1650,172
2.0489,2161,1984,-1650,172
2.0492,2161,1984,-1650,172
2.0496,2161,1983,-1650,172
2.0500,2161,1983,-1650,172
2.0503,2183,1982,-1650,164
2.0510,2183,1982,-1650,164
2.0513,2183,1982,-1650,164
2.0517,2183,1980,-1650,156
2.0520,2183,1980,-1650,156
2.0524,2183,1980,-1650,156
2.0527,2183,1979,-1650,148
2.0531,2183,1979,-1650,148
2.0534,2183,1979,-1650,148
2.0538,2183,1978,-1650,140
2.0541,2183,1978,-1650,140
2.0545,2183,1976,-1650,124
2.0548,2183,1976,-1650,124
2.0552,2183,1976,-1650,124
2.0556,2183,1975,-1650,124
2.0559,2183,1975,-1650,124
2.0563,2183,1975,-1650,124
2.0567,2183,1974,-1650,116
2.0570,2183,1974,-1650,116
2.0574,2183,1974,-1650,116
2.0577,2183,1973,-1650,108
2.0581,2183,1973,-1650,108
2.0584,2183,1973,-1650,108
2.0588,2183,1972,-1650,100
2.0591,2183,1972,-1650,100
2.0595,2183,1971,-1650,92
2.0599,2183,1971,-1650,92
2.0603,2199,1969,-1650,76
2.0610,2199,1969,-1650,76
2.0613,2199,1969,-1650,76
2.0617,2199,1968,-1650,68
2.0620,2199,1968,-1650,68
2.0624,2199,1967,-1650,60
2.0628,2199,1967,-1650,60
2.0632,2199,1967,-1650,60
2.0636,2199,1966,-1650,52
2.0640,2199,1966,-1650,52
2.0643,2199,1966,-1650,52
2.0647,2199,1965,-1650,36
2.0650,2199,1965,-1650,36
2.0654,2199,1965,-1650,36
2.0657,2199,1964,-1650,28
2.0661,2199,1964,-1650,28
2.0664,2199,1963,-1200,20
2.0668,2199,1963,-1200,20
2.0671,2199,1963,-1200,20
2.0675,2199,1962,-1200,-20
2.0679,2199,1962,-1200,-20
2.0682,2199,1962,-1200,-20
2.0686,2199,1961,-1200,-28
2.0690,2199,1961,-1200,-28
2.0693,2199,1961,-1200,-28
2.0697,2199,1961,-1200,-28
2.0700,2209,1961,-1200,-28
2.0707,2209,1960,-1200,-44
2.0710,2209,1960,-1200,-44
2.0714,2209,1959,-1200,-52
2.0717,2209,1959,-1200,-52
2.0721,2209,1959,-1200,-52
2.0725,2209,1959,-1200,-52
2.0729,2209,1959,-1200,-52
2.0732,2209,1959,-1200,-52
2.0736,2209,1958,-1200,-68
2.0740,2209,1958,-1200,-68
2.0744,2209,1957,-1200,-76
2.0748,2209,1957,-1200,-76
2.0752,2209,1957,-1200,-76
2.0755,2209,1956,-1200,-84
2.0759,2209,1956,-1200,-84
2.0763,2209,1956,-1200,-92
2.0767,2209,1956,-1200,-92
2.0771,2209,1956,-1200,-92
2.0775,2209,1955,-1200,-100
2.0779,2209,1955,-1200,-100
2.0783,2209,1955,-1200,-100
2.0786,2209,1955,-1200,-100
2.0790,2209,1955,-1200,-100
2.0794,2209,1954,-1200,-100
2.0797,2209,1954,-1200,-100
2.0801,2214,1954,-1200,-100
2.0807,2214,1954,-1200,-100
2.0811,2214,1954,-1200,-100
2.0816,2214,1953,-1200,-116
2.0820,2214,1953,-1200,-116
2.0824,2214,1953,-1200,-116
2.0827,2214,1953,-1200,-116
2.0831,2214,1953,-1200,-116
2.0835,2214,1953,-1200,-124
2.0838,2214,1953,-1200,-124
2.0842,2214,1953,-1200,-124
2.0846,2214,1952,-1200,-128
2.0850,2214,1952,-1200,-128
2.0854,2214,1952,-1200,-128
2.0858,2214,1952,-1200,-128
2.0861,2214,1952,-1200,-128
2.0865,2214,1952,-550,-136
2.0869,2214,1952,-550,-136
2.0872,2214,1952,-550,-136
2.0876,2214,1952,-550,-136
2.0880,2214,1952,-550,-136
2.0883,2214,1951,-550,-152
2.0887,2214,1951,-550,-152
2.0890,2214,1951,-550,-152
2.0894,2214,1951,-550,-160
2.0897,2214,1951,-550,-160
2.0901,2213,1951,-550,-168
2.0907,2213,1951,-550,-168
2.0910,2213,1951,-550,-168
2.0914,2213,1951,-550,-168
2.0917,2213,1951,-550,-168
2.0920,2213,1951,-550,-168
2.0924,2213,1951,-550,-176
2.0927,2213,1951,-550,-176
2.0930,2213,1951,-550,-176
2.0934,2213,1951,-550,-184
2.0937,2213,1951,-550,-184
2.0940,2213,1951,-550,-184
2.0944,2213,1951,-550,-192
2.0947,2213,1951,-550,-192
2.0950,2213,1951,-550,-192
2.0954,2213,1951,-550,-200
2.0957,2213,1951,-550,-200
2.0961,2213,1951,-550,-200
2.0964,2213,1951,-550,-208
2.0968,2213,1951,-550,-208
2.0971,2213,1951,-550,-208
2.0975,2213,1951,-550,-208
2.0979,2213,1951,-550,-208
2.0982,2213,1951,-550,-208
2.0986,2213,1951,-550,-216
2.0990,2213,1951,-550,-216
2.0993,2213,1951,-550,-224
2.0997,2213,1951,-550,-224
2.1000,2206,1951,-550,-232
2.1007,2206,1951,-550,-232
2.1011,2206,1951,-550,-232
2.1014,2206,1951,-550,-240
2.1018,2206,1951,-550,-240
2.1021,2206,1951,-550,-240
2.1025,2206,1951,-550,-248
2.1029,2206,1951,-550,-248
2.1032,2206,1951,-550,-256
2.1036,2206,1951,-550,-256
2.1040,2206,1951,-550,-256
2.1043,2206,1951,-550,-272
2.1047,2206,1951,-550,-272
2.1050,2206,1951,-550,-272
2.1054,2206,1951,-550,-280
2.1057,2206,1951,-550,-280
2.1061,2206,1951,-550,-280
2.1064,2206,1951,-50,-288
2.1068,2206,1951,-50,-288
2.1071,2206,1951,-50,-288
2.1075,2206,1951,-50,-296
2.1078,2206,1951,-50,-296
2.1082,2206,1951,-50,-296
2.1085,2206,1952,-50,-296
2.1089,2206,1952,-50,-296
2.1092,2206,1952,-50,-304
2.1096,2206,1952,-50,-304
2.1100,2206,1952,-50,-304
2.1103,2193,1953,-50,-312
2.1110,2193,1953,-50,-312
2.1113,2193,1953,-50,-320
2.1117,2193,1953,-50,-320
2.1120,2193,1953,-50,-320
2.1124,2193,1954,-50,-320
2.1127,2193,1954,-50,-320
2.1131,2193,1954,-50,-320
2.1134,2193,1954,-50,-336
2.1138,2193,1954,-50,-336
2.1141,2193,1954,-50,-336
2.1144,2193,1955,-50,-336
2.1148,2193,1955,-50,-336
2.1151,2193,1955,-50,-336
2.1155,2193,1956,-50,-336
2.1159,2193,1956,-50,-336
2.1162,2193,1957,-50,-344
2.1166,2193,1957,-50,-344
2.1170,2193,1957,-50,-344
2.1173,2193,1957,-50,-352
2.1177,2193,1957,-50,-352
2.1180,2193,1957,-50,-352
2.1184,2193,1958,-50,-360
2.1187,2193,1958,-50,-360
2.1191,2193,1958,-50,-360
2.1194,2193,1958,-50,-368
2.1198,2193,1958,-50,-368
2.1201,2175,1959,-50,-368
2.1207,2175,1959,-50,-368
2.1211,2175,1959,-50,-368
2.1214,2175,1960,-50,-376
2.1218,2175,1960,-50,-376
2.1221,2175,1961,-50,-384
2.1225,2175,1961,-50,-384
2.1229,2175,1961,-50,-384
2.1232,2175,1961,-50,-392
2.1236,2175,1961,-50,-392
2.1239,2175,1961,-50,-392
2.1243,2175,1962,-50,-392
2.1246,2175,1962,-50,-392
2.1250,2175,1962,-50,-392
2.1254,2175,1963,-50,-392
2.1257,2175,1963,-50,-392
2.1261,2175,1963,-50,-392
2.1264,2175,1964,650,-400
2.1268,2175,1964,650,-400
2.1271,2175,1965,650,-408
2.1275,2175,1965,650,-408
2.1279,2175,1965,650,-408
2.1282,2175,1965,650,-416
2.1286,2175,1965,650,-416
2.1290,2175,1965,650,-416
2.1293,2175,1966,650,-424
2.1296,2175,1966,650,-424
2.1300,2153,1967,650,-432
2.1307,2153,1967,650,-432
2.1310,2153,1967,650,-432
2.1314,2153,1969,650,-432
2.1317,2153,1969,650,-432
2.1321,2153,1970,650,-432
2.1324,2153,1970,650,-432
2.1328,2153,1970,650,-432
2.1331,2153,1970,650,-448
2.1335,2153,1970,650,-448
2.1339,2153,1970,650,-448
2.1342,2153,1971,650,-456
2.1346,2153,1971,650,-456
2.1349,2153,1971,650,-456
2.1353,2153,1972,650,-464
2.1356,2153,1972,650,-464
2.1360,2153,1972,650,-464
2.1364,2153,1973,650,-472
2.1367,2153,1973,650,-472
2.1370,2153,1974,650,-480
2.1374,2153,1974,650,-480
2.1377,2153,1974,650,-480
2.1381,2153,1975,650,-488
2.1384,2153,1975,650,-488
2.1388,2153,1975,650,-488
2.1391,2153,1977,650,-488
2.1395,2153,1977,650,-488
2.1399,2153,1977,650,-488
2.1402,2126,1978,650,-496
2.1410,2126,1978,650,-496
2.1413,2126,1979,650,-504
2.1417,2126,1979,650,-504
2.1420,2126,1979,650,-504
2.1423,2126,1980,650,-512
2.1427,2126,1980,650,-512
2.1431,2126,1982,650,-512
2.1434,2126,1982,650,-512
2.1437,2126,1982,650,-512
2.1441,2126,1983,650,-520
2.1444,2126,1983,650,-520
2.1448,2126,1983,650,-520
2.1451,2126,1984,650,-528
2.1455,2126,1984,650,-528
2.1459,2126,1984,650,-528
2.1462,2126,1985,1050,-536
2.1466,2126,1985,1050,-536
2.1469,2126,1985,1050,-536
2.1473,2126,1987,1050,-536
2.1476,2126,1987,1050,-536
2.1480,2126,1988,1050,-544
2.1484,2126,1988,1050,-544
2.1487,2126,1988,1050,-544
2.1491,2126,1989,1050,-552
2.1494,2126,1989,1050,-552
2.1498,2126,1989,1050,-552
2.1501,2096,1991,1050,-552
2.1508,2096,1991,1050,-552
2.1512,2096,1992,1050,-560
2.1516,2096,1992,1050,-560
2.1520,2096,1993,1050,-568
2.1523,2096,1993,1050,-568
2.1527,2096,1993,1050,-568
2.1531,2096,1995,1050,-568
2.1534,2096,1995,1050,-568
2.1538,2096,1995,1050,-568
2.1542,2096,1996,1050,-576
2.1545,2096,1996,1050,-576
2.1549,2096,1996,1050,-576
2.1552,2096,1998,1050,-576
2.1556,2096,1998,1050,-576
2.1559,2096,1999,1050,-584
2.1563,2096,1999,1050,-584
2.1567,2096,1999,1050,-584
2.1570,2096,2001,1050,-584
2.1573,2096,2001,1050,-584
2.1577,2096,2001,1050,-584
2.1580,2096,2002,1050,-592
2.1584,2096,2002,1050,-592
2.1587,2096,2002,1050,-592
2.1591,2096,2004,1050,-584
2.1594,2096,2004,1050,-584
2.1598,2096,2004,1050,-584
2.1602,2065,2005,1050,-592
2.1608,2065,2005,1050,-592
2.1612,2065,2007,1050,-592
2.1616,2065,2007,1050,-592
2.1620,2065,2009,1050,-592
2.1623,2065,2009,1050,-592
2.1626,2065,2009,1050,-592
2.1630,2065,2010,1050,-592
2.1633,2065,2010,1050,-592
2.1637,2065,2010,1050,-592
2.1640,2065,2012,1050,-564
2.1644,2065,2012,1050,-564
2.1647,2065,2012,1050,-564
2.1651,2065,2014,1050,-556
2.1654,2065,2014,1050,-556
2.1658,2065,2014,1050,-556
2.1661,2065,2015,1500,-564
2.1665,2065,2015,1500,-564
2.1668,2065,2015,1500,-564
2.1671,2065,2017,1500,-564
2.1675,2065,2017,1500,-564
2.1679,2065,2017,1500,-564
2.1682,2065,2019,1500,-556
2.1686,2065,2019,1500,-556
2.1689,2065,2020,1500,-564
2.1693,2065,2020,1500,-564
2.1696,2065,2020,1500,-564
2.1700,2065,2022,1500,-556
2.1703,2032,2022,1500,-556
2.1710,2032,2024,1500,-556
2.1713,2032,2024,1500,-556
2.1716,2032,2024,1500,-556
2.1720,2032,2026,1500,-548
2.1723,2032,2026,1500,-548
2.1727,2032,2026,1500,-548
2.1730,2032,2027,1500,-556
2.1734,2032,2027,1500,-556
2.1737,2032,2027,1500,-556
2.1740,2032,2029,1500,-548
2.1744,2032,2029,1500,-548
2.1747,2032,2029,1500,-548
2.1751,2032,2031,1500,-540
2.1754,2032,2031,1500,-540
2.1758,2032,2031,1500,-540
2.1761,2032,2033,1500,-540
2.1765,2032,2033,1500,-540
2.1768,2032,2033,1500,-540
2.1772,2032,2034,1500,-540
2.1775,2032,2034,1500,-540
2.1779,2032,2036,1500,-532
2.1782,2032,2036,1500,-532
2.1786,2032,2036,1500,-532
2.1789,2032,2038,1500,-532
2.1793,2032,2038,1500,-532
2.1796,2032,2038,1500,-532
2.1800,2002,2040,1500,-524
2.1807,2002,2040,1500,-524
2.1810,2002,2042,1500,-516
2.1814,2002,2042,1500,-516
2.1817,2002,2042,1500,-516
2.1820,2002,2043,1500,-516
2.1824,2002,2043,1500,-516
2.1827,2002,2043,1500,-516
2.1831,2002,2045,1500,-508
2.1834,2002,2045,1500,-508
2.1838,2002,2045,1500,-508
2.1841,2002,2047,1500,-444
2.1845,2002,2047,1500,-444
2.1848,2002,2047,1500,-444
2.1851,2002,2049,1500,-436
2.1855,2002,2049,1500,-436
2.1859,2002,2051,1800,-428
2.1862,2002,2051,1800,-428
2.1866,2002,2051,1800,-428
2.1869,2002,2053,1800,-420
2.1873,2002,2053,1800,-420
2.1876,2002,2053,1800,-420
2.1880,2002,2055,1800,-412
2.1883,2002,2055,1800,-412
2.1887,2002,2055,1800,-412
2.1890,2002,2057,1800,-404
2.1894,2002,2057,1800,-404
2.1897,2002,2057,1800,-404
2.1901,1971,2058,1800,-404
2.1907,1971,2058,1800,-404
2.1911,1971,2060,1800,-396
2.1914,1971,2060,1800,-396
2.1917,1971,2060,1800,-396
2.1921,1971,2062,1800,-388
2.1925,1971,2062,1800,-388
2.1928,1971,2064,1800,-380
2.1932,1971,2064,1800,-380
2.1936,1971,2064,1800,-380
2.1940,1971,2065,1800,-380
2.1943,1971,2065,1800,-380
2.1947,1971,2065,1800,-380
2.1950,1971,2067,1800,-364
2.1954,1971,2067,1800,-364
2.1957,1971,2069,1800,-356
2.1961,1971,2069,1800,-356
2.1964,1971,2069,1800,-356
2.1968,1971,2070,1800,-356
2.1971,1971,2070,1800,-356
2.1975,1971,2070,1800,-356
2.1979,1971,2072,1800,-348
2.1982,1971,2072,1800,-348
2.1986,1971,2072,1800,-348
2.1989,1971,2074,1800,-340
2.1994,1971,2074,1800,-340
2.1998,1971,2076,1800,-324
2.2002,1943,2076,1800,-324
2.2009,1943,2077,1800,-324
2.2012,1943,2077,1800,-324
2.2016,1943,2077,1800,-324
2.2019,1943,2079,1800,-316
2.2023,1943,2079,1800,-316
2.2026,1943,2079,1800,-316
2.2030,1943,2081,1800,-300
2.2033,1943,2081,1800,-300
2.2037,1943,2081,1800,-300
2.2040,1943,2082,1800,-256
2.2044,1943,2082,1800,-256
2.2047,1943,2084,1800,-248
2.2051,1943,2084,1800,-248
2.2054,1943,2084,1800,-248
2.2058,1943,2085,1700,-240
2.2061,1943,2085,1700,-240
2.2065,1943,2085,1700,-240
2.2068,1943,2087,1700,-232
2.2071,1943,2087,1700,-232
2.2075,1943,2087,1700,-232
2.2079,1943,2088,1700,-224
2.2082,1943,2088,1700,-224
2.2086,1943,2088,1700,-224
2.2089,1943,2090,1700,-216
2.2093,1943,2090,1700,-216
2.2096,1943,2090,1700,-216
2.2100,1943,2091,1700,-208
2.2103,1919,2091,1700,-208
2.2110,1919,2092,1700,-208
2.2113,1919,2092,1700,-208
2.2117,1919,2092,1700,-208
2.2120,1919,2094,1700,-192
2.2124,1919,2094,1700,-192
2.2127,1919,2096,1700,-184
2.2130,1919,2096,1700,-184
2.2134,1919,2096,1700,-184
2.2137,1919,2097,1700,-176
2.2141,1919,2097,1700,-176
2.2144,1919,2097,1700,-176
2.2147,1919,2098,1700,-168
2.2151,1919,2098,1700,-168
2.2154,1919,2098,1700,-168
2.2157,1919,2100,1700,-160
2.2161,1919,2100,1700,-160
2.2164,1919,2100,1700,-160
2.2167,1919,2101,1700,-152
2.2171,1919,2101,1700,-152
2.2174,1919,2101,1700,-152
2.2178,1919,2102,1700,-144
2.2181,1919,2102,1700,-144
2.2185,1919,2102,1700,-144
2.2189,1919,2104,1700,-136
2.2192,1919,2104,1700,-136
2.2196,1919,2104,1700,-136
2.2200,1919,2105,1700,-128
2.2203,1899,2106,1700,-120
2.2210,1899,2106,1700,-120
2.2213,1899,2106,1700,-120
2.2217,1899,2107,1700,-112
2.2220,1899,2107,1700,-112
2.2224,1899,2107,1700,-112
2.2227,1899,2108,1700,-104
2.2231,1899,2108,1700,-104
2.2234,1899,2108,1700,-104
2.2238,1899,2110,1700,-76
2.2241,1899,2110,1700,-76
2.2245,1899,2110,1700,-76
2.2249,1899,2111,1700,-76
2.2252,1899,2111,1700,-76
2.2256,1899,2112,1350,-68
2.2260,1899,2112,1350,-68
2.2263,1899,2112,1350,-68
2.2267,1899,2113,1350,-60
2.2270,1899,2113,1350,-60
2.2274,1899,2113,1350,-60
2.2277,1899,2114,1350,-52
2.2281,1899,2114,1350,-52
2.2284,1899,2114,1350,-52
2.2288,1899,2115,1350,-36
2.2291,1899,2115,1350,-36
2.2295,1899,2115,1350,-36
2.2298,1899,2116,1350,-28
2.2302,1885,2116,1350,-28
2.2308,1885,2117,1350,-20
2.2311,1885,2117,1350,-20
2.2315,1885,2117,1350,-20
2.2319,1885,2117,1350,-20
2.2322,1885,2117,1350,-20
2.2326,1885,2118,1350,20
2.2329,1885,2118,1350,20
2.2333,1885,2118,1350,20
2.2336,1885,2119,1350,28
2.2340,1885,2119,1350,28
2.2343,1885,2119,1350,28
2.2347,1885,2120,1350,44
2.2350,1885,2120,1350,44
2.2354,1885,2120,1350,44
2.2357,1885,2121,1350,52
2.2361,1885,2121,1350,52
2.2364,1885,2121,1350,52
2.2368,1885,2121,1350,52
2.2371,1885,2121,1350,52
2.2374,1885,2121,1350,52
2.2378,1885,2122,1350,60
2.2381,1885,2122,1350,60
2.2385,1885,2122,1350,60
2.2389,1885,2123,1350,76
2.2392,1885,2123,1350,76
2.2396,1885,2123,1350,76
2.2399,1885,2123,1350,76
2.2403,1876,2124,1350,84
2.2409,1876,2124,1350,84
2.2413,1876,2124,1350,84
2.2416,1876,2125,1350,100
2.2420,1876,2125,1350,100
2.2423,1876,2125,1350,100
2.2427,1876,2125,1350,100
2.2430,1876,2125,1350,100
2.2434,1876,2125,1350,100
2.2437,1876,2126,1350,88
2.2441,1876,2126,1350,88
2.2444,1876,2126,1350,88
2.2447,1876,2126,1350,88
2.2451,1876,2126,1350,88
2.2454,1876,2126,1350,88
2.2458,1876,2127,750,104
2.2461,1876,2127,750,104
2.2465,1876,2127,750,104
2.2468,1876,2127,750,104
2.2471,1876,2127,750,104
2.2475,1876,2127,750,112
2.2479,1876,2127,750,112
2.2482,1876,2127,750,112
2.2486,1876,2127,750,112
2.2489,1876,2127,750,112
2.2493,1876,2127,750,112
2.2496,1876,2128,750,128
2.2500,1876,2128,750,128
2.2503,1873,2128,750,136
2.2510,1873,2128,750,136
2.2513,1873,2128,750,136
2.2517,1873,2128,750,136
2.2520,1873,2128,750,136
2.2524,1873,2128,750,136
2.2527,1873,2128,750,144
2.2530,1873,2128,750,144
2.2534,1873,2128,750,144
2.2537,1873,2129,750,160
2.2541,1873,2129,750,160
2.2545,1873,2129,750,160
2.2548,1873,2129,750,160
2.2552,1873,2129,750,160
2.2556,1873,2129,750,168
2.2560,1873,2129,750,168
2.2563,1873,2129,750,168
2.2567,1873,2129,750,176
2.2570,1873,2129,750,176
2.2574,1873,2129,750,176
2.2577,1873,2129,750,184
2.2580,1873,2129,750,184
2.2584,1873,2129,750,184
2.2587,1873,2129,750,192
2.2590,1873,2129,750,192
2.2594,1873,2129,750,192
2.2597,1873,2129,750,192
2.2600,1876,2129,750,192
2.2607,1876,2129,750,200
2.2610,1876,2129,750,200
2.2613,1876,2129,750,200
2.2617,1876,2129,750,208
2.2620,1876,2129,750,208
2.2624,1876,2129,750,208
2.2627,1876,2129,750,216
2.2630,1876,2129,750,216
2.2634,1876,2129,750,216
2.2637,1876,2129,750,220
2.2641,1876,2129,750,220
2.2644,1876,2129,750,228
2.2648,1876,2129,750,228
2.2651,1876,2129,750,228
2.2655,1876,2129,100,236
2.2658,1876,2129,100,236
2.2661,1876,2129,100,236
2.2665,1876,2129,100,244
2.2669,1876,2129,100,244
2.2672,1876,2129,100,244
2.2676,1876,2129,100,252
2.2680,1876,2129,100,252
2.2683,1876,2129,100,252
2.2686,1876,2129,100,260
2.2690,1876,2129,100,260
2.2693,1876,2129,100,260
2.2697,1876,2129,100,276
2.2700,1885,2129,100,276
2.2707,1885,2129,100,284
2.2710,1885,2129,100,284
2.2713,1885,2129,100,284
2.2717,1885,2129,100,292
2.2720,1885,2129,100,292
2.2724,1885,2129,100,300
2.2727,1885,2129,100,300
2.2731,1885,2129,100,300
2.2734,1885,2129,100,308
2.2737,1885,2129,100,308
2.2741,1885,2129,100,308
2.2744,1885,2128,100,308
2.2748,1885,2128,100,308
2.2751,1885,2128,100,308
2.2755,1885,2128,100,324
2.2758,1885,2128,100,324
2.2762,1885,2128,100,324
2.2765,1885,2127,100,324
2.2769,1885,2127,100,324
2.2772,1885,2127,100,324
2.2776,1885,2127,100,332
2.2779,1885,2127,100,332
2.2783,1885,2127,100,332
2.2786,1885,2126,100,340
2.2790,1885,2126,100,340
2.2793,1885,2126,100,348
2.2797,1885,2126,100,348
2.2800,1900,2125,100,348
2.2807,1900,2125,100,348
2.2810,1900,2125,100,348
2.2814,1900,2125,100,364
2.2817,1900,2125,100,364
2.2821,1900,2125,100,364
2.2824,1900,2124,100,364
2.2828,1900,2124,100,364
2.2831,1900,2124,100,364
2.2834,1900,2123,100,380
2.2838,1900,2123,100,380
2.2841,1900,2123,100,380
2.2845,1900,2123,100,388
2.2849,1900,2123,100,388
2.2852,1900,2123,100,388
2.2856,1900,2122,-350,396
2.2859,1900,2122,-350,396
2.2863,1900,2122,-350,396
2.2866,1900,2121,-350,396
2.2870,1900,2121,-350,396
2.2873,1900,2120,-350,404
2.2877,1900,2120,-350,404
2.2880,1900,2120,-350,404
2.2884,1900,2119,-350,412
2.2887,1900,2119,-350,412
2.2890,1900,2119,-350,412
2.2894,1900,2119,-350,420
2.2897,1900,2119,-350,420
2.2901,1920,2118,-350,428
2.2907,1920,2118,-350,428
2.2911,1920,2118,-350,428
2.2914,1920,2117,-350,436
2.2918,1920,2117,-350,436
2.2921,1920,2117,-350,436
2.2925,1920,2116,-350,436
2.2929,1920,2116,-350,436
2.2932,1920,2116,-350,436
2.2936,1920,2115,-350,444
2.2939,1920,2115,-350,444
2.2943,1920,2114,-350,452
2.2946,1920,2114,-350,452
2.2950,1920,2114,-350,452
2.2953,1920,2113,-350,452
2.2957,1920,2113,-350,452
2.2960,1920,2113,-350,452
2.2964,1920,2112,-350,460
2.2967,1920,2112,-350,460
2.2970,1920,2112,-350,460
2.2974,1920,2111,-350,468
2.2977,1920,2111,-350,468
2.2981,1920,2111,-350,468
2.2984,1920,2110,-350,476
2.2988,1920,2110,-350,476
2.2991,1920,2110,-350,476
2.2995,1920,2109,-350,484
2.2998,1920,2109,-350,484
2.3001,1944,2108,-350,492
2.3008,1944,2108,-350,492
2.3011,1944,2108,-350,492
2.3015,1944,2107,-350,500
2.3018,1944,2107,-350,500
2.3021,1944,2107,-350,500
2.3025,1944,2106,-350,508
2.3029,1944,2106,-350,508
2.3032,1944,2105,-350,508
2.3036,1944,2105,-350,508
2.3039,1944,2105,-350,508
2.3043,1944,2103,-350,508
2.3046,1944,2103,-350,508
2.3050,1944,2103,-350,508
2.3053,1944,2102,-1000,516
2.3057,1944,2102,-1000,516
2.3060,1944,2102,-1000,516
2.3064,1944,2101,-1000,524
2.3067,1944,2101,-1000,524
2.3071,1944,2101,-1000,524
2.3074,1944,2100,-1000,532
2.3078,1944,2100,-1000,532
2.3081,1944,2100,-1000,532
2.3085,1944,2098,-1000,532
2.3089,1944,2098,-1000,532
2.3092,1944,2097,-1000,540
2.3096,1944,2097,-1000,540
2.3099,1944,2097,-1000,540
2.3103,1972,2096,-1000,548
2.3109,1972,2096,-1000,548
2.3113,1972,2094,-1000,548
2.3116,1972,2094,-1000,548
2.3120,1972,2094,-1000,548
2.3123,1972,2093,-1000,556
2.3127,1972,2093,-1000,556
2.3130,1972,2093,-1000,556
2.3134,1972,2092,-1000,564
2.3137,1972,2092,-1000,564
2.3141,1972,2092,-1000,564
2.3144,1972,2090,-1000,572
2.3148,1972,2090,-1000,572
2.3151,1972,2090,-1000,572
2.3155,1972,2089,-1000,580
2.3158,1972,2089,-1000,580
2.3162,1972,2087,-1000,580
2.3166,1972,2087,-1000,580
2.3169,1972,2087,-1000,580
2.3173,1972,2086,-1000,588
2.3177,1972,2086,-1000,588
2.3180,1972,2086,-1000,588
2.3184,1972,2085,-1000,596
2.3187,1972,2085,-1000,596
2.3191,1972,2085,-1000,596
2.3194,1972,2083,-1000,588
2.3197,1972,2083,-1000,588
2.3201,2002,2081,-1000,588
2.3208,2002,2081,-1000,588
2.3211,2002,2081,-1000,588
2.3214,2002,2080,-1000,596
2.3218,2002,2080,-1000,596
2.3221,2002,2078,-1000,596
2.3225,2002,2078,-1000,596
2.3229,2002,2078,-1000,596
2.3232,2002,2077,-1000,584
2.3236,2002,2077,-1000,584
2.3239,2002,2077,-1000,584
2.3243,2002,2075,-1000,584
2.3246,2002,2075,-1000,584
2.3250,2002,2075,-1000,584
2.3253,2002,2073,-1450,576
2.3257,2002,2073,-1450,576
2.3260,2002,2073,-1450,576
2.3264,2002,2072,-1450,584
2.3267,2002,2072,-1450,584
2.3271,2002,2070,-1450,584
2.3274,2002,2070,-1450,584
2.3278,2002,2070,-1450,584
2.3281,2002,2068,-1450,584
2.3285,2002,2068,-1450,584
2.3289,2002,2068,-1450,584
2.3292,2002,2067,-1450,584
2.3296,2002,2067,-1450,584
2.3299,2002,2067,-1450,584
2.3303,2034,2065,-1450,584
2.3309,2034,2065,-1450,584
2.3313,2034,2063,-1450,584
2.3316,2034,2063,-1450,584
2.3320,2034,2063,-1450,584
2.3323,2034,2061,-1450,576
2.3327,2034,2061,-1450,576
2.3330,2034,2061,-1450,576
2.3334,2034,2060,-1450,584
2.3337,2034,2060,-1450,584
2.3341,2034,2058,-1450,576
2.3344,2034,2058,-1450,576
2.3348,2034,2058,-1450,576
2.3351,2034,2056,-1450,576
2.3355,2034,2056,-1450,576
2.3359,2034,2056,-1450,576
2.3362,2034,2054,-1450,568
2.3366,2034,2054,-1450,568
2.3369,2034,2054,-1450,568
2.3373,2034,2052,-1450,568
2.3376,2034,2052,-1450,568
2.3380,2034,2052,-1450,568
2.3383,2034,2051,-1450,568
2.3387,2034,2051,-1450,568
2.3390,2034,2049,-1450,568
2.3394,2034,2049,-1450,568
2.3397,2034,2049,-1450,568
2.3401,2066,2047,-1450,560
2.3407,2066,2047,-1450,560
2.3411,2066,2045,-1450,552
2.3414,2066,2045,-1450,552
2.3418,2066,2045,-1450,552
2.3421,2066,2043,-1450,552
2.3425,2066,2043,-1450,552
2.3429,2066,2043,-1450,552
2.3432,2066,2041,-1450,476
2.3436,2066,2041,-1450,476
2.3440,2066,2041,-1450,476
2.3443,2066,2039,-1450,468
2.3446,2066,2039,-1450,468
2.3450,2066,2037,-1800,468
2.3453,2066,2037,-1800,468
2.3457,2066,2037,-1800,468
2.3460,2066,2035,-1800,460
2.3464,2066,2035,-1800,460
2.3467,2066,2035,-1800,460
2.3471,2066,2034,-1800,460
2.3474,2066,2034,-1800,460
2.3478,2066,2034,-1800,460
2.3481,2066,2032,-1800,452
2.3485,2066,2032,-1800,452
2.3489,2066,2032,-1800,452
2.3492,2066,2030,-1800,452
2.3496,2066,2030,-1800,452
2.3500,2066,2030,-1800,452
2.3503,2098,2028,-1800,444
2.3510,2098,2027,-1800,444
2.3513,2098,2027,-1800,444
2.3517,2098,2027,-1800,444
2.3520,2098,2025,-1800,436
2.3524,2098,2025,-1800,436
2.3527,2098,2025,-1800,436
2.3531,2098,2023,-1800,428
2.3534,2098,2023,-1800,428
2.3538,2098,2023,-1800,428
2.3541,2098,2021,-1800,420
2.3545,2098,2021,-1800,420
2.3549,2098,2021,-1800,420
2.3552,2098,2019,-1800,412
2.3556,2098,2019,-1800,412
2.3559,2098,2018,-1800,412
2.3563,2098,2018,-1800,412
2.3566,2098,2018,-1800,412
2.3570,2098,2016,-1800,404
2.3573,2098,2016,-1800,404
2.3577,2098,2016,-1800,404
2.3580,2098,2014,-1800,396
2.3584,2098,2014,-1800,396
2.3587,2098,2014,-1800,396
2.3591,2098,2012,-1800,388
2.3594,2098,2012,-1800,388
2.3598,2098,2012,-1800,388
2.3601,2127,2010,-1800,380
2.3608,2127,2010,-1800,380
2.3611,2127,2008,-1800,372
2.3615,2127,2008,-1800,372
2.3619,2127,2008,-1800,372
2.3622,2127,2007,-1800,364
2.3626,2127,2007,-1800,364
2.3629,2127,2005,-1800,316
2.3633,2127,2005,-1800,316
2.3636,2127,2005,-1800,316
2.3640,2127,2004,-1800,316
2.3643,2127,2004,-1800,316
2.3647,2127,2004,-1800,316
2.3650,2127,2002,-1750,308
2.3654,2127,2002,-1750,308
2.3657,2127,2002,-1750,308
2.3661,2127,2000,-1750,292
2.3664,2127,2000,-1750,292
2.3668,2127,2000,-1750,292
2.3671,2127,1999,-1750,292
2.3675,2127,1999,-1750,292
2.3679,2127,1999,-1750,292
2.3683,2127,1997,-1750,284
2.3686,2127,1997,-1750,284
2.3690,2127,1995,-1750,276
2.3693,2127,1995,-1750,276
2.3696,2127,1995,-1750,276
2.3700,2153,1993,-1750,260
2.3707,2153,1993,-1750,260
2.3710,2153,1992,-1750,260
2.3713,2153,1992,-1750,260
2.3717,2153,1992,-1750,260
2.3720,2153,1991,-1750,252
2.3724,2153,1991,-1750,252
2.3727,2153,1991,-1750,252
2.3731,2153,1989,-1750,244
2.3735,2153,1989,-1750,244
2.3738,2153,1989,-1750,244
2.3742,2153,1987,-1750,228
2.3746,2153,1987,-1750,228
2.3750,2153,1986,-1750,228
2.3753,2153,1986,-1750,228
2.3757,2153,1986,-1750,228
2.3760,2153,1985,-1750,220
2.3764,2153,1985,-1750,220
2.3767,2153,1985,-1750,220
2.3771,2153,1983,-1750,212
2.3774,2153,1983,-1750,212
2.3778,2153,1983,-1750,212
2.3781,2153,1982,-1750,204
2.3784,2153,1982,-1750,204
2.3788,2153,1982,-1750,204
2.3791,2153,1980,-1750,196
2.3795,2153,1980,-1750,196
2.3799,2153,1979,-1750,188
2.3802,2176,1979,-1750,188
2.3809,2176,1978,-1750,180
2.3812,2176,1978,-1750,180
2.3816,2176,1978,-1750,180
2.3819,2176,1976,-1750,172
2.3823,2176,1976,-1750,172
2.3826,2176,1976,-1750,172
2.3830,2176,1975,-1750,148
2.3833,2176,1975,-1750,148
2.3837,2176,1975,-1750,148
2.3840,2176,1974,-1750,140
2.3844,2176,1974,-1750,140
2.3847,2176,1974,-1750,140
2.3851,2176,1972,-1500,132
2.3854,2176,1972,-1500,132
2.3858,2176,1972,-1500,132
2.3861,2176,1971,-1500,124
2.3865,2176,1971,-1500,124
2.3869,2176,1970,-1500,116
2.3872,2176,1970,-1500,116
2.3876,2176,1970,-1500,116
2.3880,2176,1969,-1500,108
2.3883,2176,1969,-1500,108
2.3887,2176,1969,-1500,108
2.3890,2176,1968,-1500,100
2.3893,2176,1968,-1500,100
2.3897,2176,1968,-1500,100
2.3901,2194,1966,-1500,92
2.3907,2194,1966,-1500,92
2.3911,2194,1965,-1500,84
2.3914,2194,1965,-1500,84
2.3918,2194,1965,-1500,84
2.3921,2194,1964,-1500,76
2.3925,2194,1964,-1500,76
2.3928,2194,1963,-1500,68
2.3932,2194,1963,-1500,68
2.3935,2194,1963,-1500,68
2.3939,2194,1962,-1500,60
2.3942,2194,1962,-1500,60
2.3946,2194,1962,-1500,60
2.3949,2194,1961,-1500,52
2.3953,2194,1961,-1500,52
2.3957,2194,1961,-1500,52
2.3960,2194,1960,-1500,36
2.3964,2194,1960,-1500,36
2.3967,2194,1960,-1500,36
2.3970,2194,1959,-1500,28
2.3974,2194,1959,-1500,28
2.3977,2194,1958,-1500,20
2.3981,2194,1958,-1500,20
2.3984,2194,1958,-1500,20
2.3988,2194,1958,-1500,20
2.3991,2194,1958,-1500,20
2.3995,2194,1958,-1500,20
2.3999,2194,1957,-1500,-20
2.4002,2207,1957,-1500,-20
2.4009,2207,1956,-1500,-28
2.4012,2207,1956,-1500,-28
2.4016,2207,1956,-1500,-28
2.4020,2207,1955,-1500,-44
2.4023,2207,1955,-1500,-44
2.4027,2207,1955,-1500,-44
2.4030,2207,1954,-1500,-60
2.4034,2207,1954,-1500,-60
2.4037,2207,1954,-1500,-60
2.4041,2207,1954,-1500,-60
2.4045,2207,1954,-1500,-60
2.4049,2207,1953,-950,-76
2.4052,2207,1953,-950,-76
2.4056,2207,1953,-950,-76
2.4060,2207,1952,-950,-84
2.4063,2207,1952,-950,-84
2.4067,2207,1951,-950,-92
2.4071,2207,1951,-950,-92
2.4075,2207,1951,-950,-92
2.4079,2207,1951,-950,-100
2.4082,2207,1951,-950,-100
2.4086,2207,1951,-950,-100
2.4090,2207,1950,-950,-100
2.4093,2207,1950,-950,-100
2.4097,2207,1950,-950,-100
2.4100,2213,1950,-950,-100
2.4107,2213,1949,-950,-108
2.4110,2213,1949,-950,-108
2.4114,2213,1949,-950,-108
2.4117,2213,1949,-950,-116
2.4121,2213,1949,-950,-116
2.4124,2213,1949,-950,-116
2.4128,2213,1949,-950,-116
2.4131,2213,1949,-950,-116
2.4135,2213,1949,-950,-116
2.4139,2213,1948,-950,-132
2.4142,2213,1948,-950,-132
2.4146,2213,1948,-950,-132
2.4149,2213,1948,-950,-132
2.4153,2213,1948,-950,-132
2.4156,2213,1948,-950,-140
2.4160,2213,1948,-950,-140
2.4163,2213,1948,-950,-140
2.4167,2213,1947,-950,-156
2.4171,2213,1947,-950,-156
2.4174,2213,1947,-950,-156
2.4178,2213,1947,-950,-156
2.4181,2213,1947,-950,-156
2.4185,2213,1947,-950,-156
2.4188,2213,1947,-950,-164
2.4192,2213,1947,-950,-164
2.4195,2213,1947,-950,-164
2.4199,2213,1947,-950,-172
2.4202,2214,1947,-950,-172
2.4209,2214,1947,-950,-172
2.4212,2214,1947,-950,-172
2.4216,2214,1947,-950,-172
2.4219,2214,1947,-950,-180
2.4223,2214,1947,-950,-180
2.4226,2214,1947,-950,-168
2.4230,2214,1947,-950,-168
2.4233,2214,1947,-950,-168
2.4237,2214,1947,-950,-176
2.4240,2214,1947,-950,-176
2.4243,2214,1947,-950,-176
2.4247,2214,1947,-300,-176
2.4250,2214,1947,-300,-176
2.4254,2214,1947,-300,-176
2.4257,2214,1947,-300,-184
2.4261,2214,1947,-300,-184
2.4264,2214,1947,-300,-184
2.4268,2214,1947,-300,-192
2.4271,2214,1947,-300,-192
2.4275,2214,1947,-300,-192
2.4278,2214,1947,-300,-200
2.4282,2214,1947,-300,-200
2.4285,2214,1947,-300,-200
2.4289,2214,1947,-300,-208
2.4292,2214,1947,-300,-208
2.4296,2214,1947,-300,-216
2.4299,2214,1947,-300,-216
2.4303,2209,1947,-300,-224
2.4309,2209,1947,-300,-224
2.4313,2209,1947,-300,-224
2.4316,2209,1947,-300,-232
2.4320,2209,1947,-300,-232
2.4323,2209,1947,-300,-232
2.4327,2209,1947,-300,-240
2.4330,2209,1947,-300,-240
2.4334,2209,1947,-300,-240
2.4337,2209,1947,-300,-248
2.4341,2209,1947,-300,-248
2.4344,2209,1947,-300,-248
2.4348,2209,1947,-300,-256
2.4351,2209,1947,-300,-256
2.4355,2209,1947,-300,-256
2.4359,2209,1947,-300,-264
2.4362,2209,1947,-300,-264
2.4366,2209,1947,-300,-280
2.4369,2209,1947,-300,-280
2.4373,2209,1947,-300,-280
2.4376,2209,1947,-300,-288
2.4380,2209,1947,-300,-288
2.4383,2209,1947,-300,-288
2.4387,2209,1947,-300,-296
2.4390,2209,1947,-300,-296
2.4394,2209,1947,-300,-296
2.4397,2209,1947,-300,-304
2.4401,2198,1947,-300,-304
2.4407,2198,1948,-300,-304
2.4411,2198,1948,-300,-304
2.4414,2198,1948,-300,-304
2.4417,2198,1948,-300,-320
2.4421,2198,1948,-300,-320
2.4424,2198,1948,-300,-320
2.4428,2198,1948,-300,-344
2.4431,2198,1948,-300,-344
2.4435,2198,1949,-300,-344
2.4439,2198,1949,-300,-344
2.4442,2198,1949,-300,-344
2.4446,2198,1949,100,-360
2.4449,2198,1949,100,-360
2.4453,2198,1949,100,-360
2.4456,2198,1950,100,-360
2.4460,2198,1950,100,-360
2.4463,2198,1950,100,-360
2.4467,2198,1951,100,-360
2.4470,2198,1951,100,-360
2.4474,2198,1951,100,-360
2.4477,2198,1951,100,-376
2.4481,2198,1951,100,-376
2.4484,2198,1951,100,-376
2.4488,2198,1952,100,-376
2.4491,2198,1952,100,-376
2.4495,2198,1952,100,-376
2.4498,2198,1953,100,-384
2.4502,2182,1953,100,-392
2.4509,2182,1953,100,-392
2.4512,2182,1953,100,-392
2.4516,2182,1954,100,-400
2.4519,2182,1954,100,-400
2.4523,2182,1954,100,-400
2.4526,2182,1955,100,-400
2.4530,2182,1955,100,-400
2.4533,2182,1955,100,-400
2.4537,2182,1956,100,-408
2.4540,2182,1956,100,-408
2.4543,2182,1956,100,-408
2.4547,2182,1957,100,-408
2.4550,2182,1957,100,-408
2.4553,2182,1957,100,-408
2.4557,2182,1958,100,-416
2.4560,2182,1958,100,-416
2.4563,2182,1958,100,-416
2.4567,2182,1959,100,-424
2.4570,2182,1959,100,-424
2.4573,2182,1959,100,-424
2.4577,2182,1959,100,-432
2.4580,2182,1959,100,-432
2.4583,2182,1959,100,-432
2.4587,2182,1960,100,-440
2.4590,2182,1960,100,-440
2.4593,2182,1960,100,-440
2.4597,2182,1961,100,-448
2.4600,2182,1961,100,-448
2.4603,2160,1962,100,-456
2.4610,2160,1962,100,-456
2.4613,2160,1962,100,-456
2.4616,2160,1963,100,-456
2.4620,2160,1963,100,-456
2.4623,2160,1963,100,-456
2.4627,2160,1964,100,-444
2.4630,2160,1964,100,-444
2.4634,2160,1964,100,-444
2.4637,2160,1965,100,-452
2.4641,2160,1965,100,-452
2.4644,2160,1966,850,-460
2.4648,2160,1966,850,-460
2.4651,2160,1966,850,-460
2.4654,2160,1967,850,-468
2.4658,2160,1967,850,-468
2.4661,2160,1967,850,-468
2.4665,2160,1968,850,-476
2.4669,2160,1968,850,-476
2.4672,2160,1968,850,-476
2.4676,2160,1970,850,-476
2.4679,2160,1970,850,-476
2.4683,2160,1970,850,-476
2.4686,2160,1971,850,-476
2.4690,2160,1971,850,-476
2.4693,2160,1971,850,-476
2.4696,2160,1971,850,-492
2.4700,2160,1971,850,-492
2.4703,2135,1972,850,-500
2.4710,2135,1972,850,-500
2.4713,2135,1972,850,-500
2.4717,2135,1974,850,-508
2.4720,2135,1974,850,-508
2.4724,2135,1975,850,-516
2.4727,2135,1975,850,-516
2.4731,2135,1975,850,-516
2.4734,2135,1977,850,-516
2.4738,2135,1977,850,-516
2.4741,2135,1977,850,-516
2.4745,2135,1977,850,-532
2.4748,2135,1977,850,-532
2.4752,2135,1977,850,-532
2.4755,2135,1979,850,-532
2.4759,2135,1979,850,-532
2.4762,2135,1979,850,-532
2.4766,2135,1980,850,-540
2.4770,2135,1980,850,-540
2.4773,2135,1980,850,-540
2.4777,2135,1982,850,-540
2.4780,2135,1982,850,-540
2.4783,2135,1983,850,-548
2.4787,2135,1983,850,-548
2.4790,2135,1983,850,-548
2.4794,2135,1984,850,-564
2.4797,2135,1984,850,-564
2.4801,2107,1986,850,-564
2.4808,2107,1986,850,-564
2.4811,2107,1986,850,-564
2.4815,2107,1988,850,-564
2.4819,2107,1988,850,-564
2.4822,2107,1988,850,-564
2.4826,2107,1989,850,-576
2.4829,2107,1989,850,-576
2.4833,2107,1989,850,-576
2.4836,2107,1990,850,-584
2.4840,2107,1990,850,-584
2.4844,2107,1991,1250,-592
2.4847,2107,1991,1250,-592
2.4851,2107,1991,1250,-592
2.4854,2107,1993,1250,-592
2.4858,2107,1993,1250,-592
2.4861,2107,1993,1250,-592
2.4865,2107,1994,1250,-600
2.4869,2107,1994,1250,-600
2.4872,2107,1994,1250,-600
2.4876,2107,1996,1250,-600
2.4879,2107,1996,1250,-600
2.4883,2107,1998,1250,-600
2.4886,2107,1998,1250,-600
2.4890,2107,1998,1250,-600
2.4893,2107,1999,1250,-608
2.4897,2107,1999,1250,-608
2.4901,2076,2001,1250,-608
2.4908,2076,2001,1250,-608
2.4912,2076,2001,1250,-608
2.4916,2076,2002,1250,-616
2.4920,2076,2002,1250,-616
2.4924,2076,2004,1250,-616
2.4928,2076,2004,1250,-616
2.4931,2076,2004,1250,-616
2.4935,2076,2006,1250,-616
2.4939,2076,2006,1250,-616
2.4943,2076,2007,1250,-616
2.4947,2076,2007,1250,-616
2.4950,2076,2007,1250,-616
2.4954,2076,2009,1250,-616
2.4958,2076,2009,1250,-616
2.4962,2076,2009,1250,-616
2.4966,2076,2011,1250,-616
2.4970,2076,2011,1250,-616
2.4974,2076,2013,1250,-616
2.4978,2076,2013,1250,-616
2.4981,2076,2013,1250,-616
2.4984,2076,2014,1250,-616
2.4988,2076,2014,1250,-616
2.4991,2076,2014,1250,-616
2.4995,2076,2016,1250,-616
2.4999,2076,2016,1250,-616
2.5002,2043,2018,1250,-616
2.5009,2043,2018,1250,-616
2.5013,2043,2020,1250,-608
2.5016,2043,2020,1250,-608
2.5020,2043,2020,1250,-608
2.5023,2043,2021,1250,-572
2.5027,2043,2021,1250,-572
2.5030,2043,2021,1250,-572
2.5034,2043,2023,1250,-564
2.5037,2043,2023,1250,-564
2.5041,2043,2023,1250,-564
2.5044,2043,2025,1700,-564
2.5048,2043,2025,1700,-564
2.5051,2043,2025,1700,-564
2.5055,2043,2027,1700,-556
2.5059,2043,2027,1700,-556
2.5062,2043,2029,1700,-556
2.5066,2043,2029,1700,-556
2.5069,2043,2029,1700,-556
2.5073,2043,2031,1700,-548
2.5077,2043,2031,1700,-548
2.5080,2043,2031,1700,-548
2.5084,2043,2032,1700,-556
2.5087,2043,2032,1700,-556
2.5091,2043,2032,1700,-556
2.5095,2043,2034,1700,-548
2.5098,2043,2034,1700,-548
2.5102,2011,2036,1700,-548
2.5110,2011,2036,1700,-548
2.5114,2011,2038,1700,-540
2.5118,2011,2038,1700,-540
2.5122,2011,2041,1700,-524
2.5126,2011,2041,1700,-524
2.5130,2011,2041,1700,-524
2.5134,2011,2042,1700,-532
2.5138,2011,2042,1700,-532
2.5142,2011,2044,1700,-524
2.5146,2011,2044,1700,-524
2.5150,2011,2044,1700,-524
2.5155,2011,2046,1700,-516
2.5159,2011,2046,1700,-516
2.5163,2011,2048,1700,-516
2.5167,2011,2048,1700,-516
2.5171,2011,2048,1700,-516
2.5174,2011,2050,1700,-508
2.5178,2011,2050,1700,-508
2.5182,2011,2052,1700,-500
2.5186,2011,2052,1700,-500
2.5190,2011,2052,1700,-500
2.5194,2011,2054,1700,-492
2.5198,2011,2054,1700,-492
2.5201,1981,2056,1700,-484
2.5209,1981,2056,1700,-484
2.5213,1981,2058,1700,-476
2.5217,1981,2058,1700,-476
2.5221,1981,2058,1700,-476
2.5224,1981,2059,1700,-408
2.5228,1981,2059,1700,-408
2.5231,1981,2061,1700,-408
2.5235,1981,2061,1700,-408
2.5239,1981,2061,1700,-408
2.5242,1981,2063,1900,-400
2.5246,1981,2063,1900,-400
2.5250,1981,2063,1900,-400
2.5254,1981,2065,1900,-392
2.5257,1981,2065,1900,-392
2.5261,1981,2067,1900,-384
2.5265,1981,2067,1900,-384
2.5268,1981,2067,1900,-384
2.5272,1981,2069,1900,-376
2.5276,1981,2069,1900,-376
2.5280,1981,2069,1900,-376
2.5283,1981,2070,1900,-368
2.5287,1981,2070,1900,-368
2.5291,1981,2070,1900,-368
2.5294,1981,2072,1900,-360
2.5298,1981,2072,1900,-360
2.5301,1952,2074,1900,-352
2.5308,1952,2074,1900,-352
2.5311,1952,2076,1900,-344
2.5315,1952,2076,1900,-344
2.5319,1952,2076,1900,-344
2.5322,1952,2077,1900,-344
2.5326,1952,2077,1900,-344
2.5330,1952,2077,1900,-344
2.5333,1952,2079,1900,-336
2.5337,1952,2079,1900,-336
2.5341,1952,2081,1900,-328
2.5344,1952,2081,1900,-328
2.5348,1952,2081,1900,-328
2.5351,1952,2083,1900,-312
2.5355,1952,2083,1900,-312
2.5359,1952,2083,1900,-312
2.5362,1952,2085,1900,-304
2.5366,1952,2085,1900,-304
2.5370,1952,2085,1900,-304
2.5373,1952,2086,1900,-304
2.5377,1952,2086,1900,-304
2.5380,1952,2088,1900,-288
2.5384,1952,2088,1900,-288
2.5387,1952,2088,1900,-288
2.5391,1952,2089,1900,-288
2.5395,1952,2089,1900,-288
2.5399,1952,2089,1900,-288
2.5402,1927,2091,1900,-280
2.5410,1927,2091,1900,-280
2.5413,1927,2092,1900,-272
2.5417,1927,2092,1900,-272
2.5421,1927,2094,1900,-240
2.5424,1927,2094,1900,-240
2.5428,1927,2094,1900,-240
2.5431,1927,2096,1900,-232
2.5435,1927,2096,1900,-232
2.5439,1927,2096,1900,-232
2.5442,1927,2097,1700,-224
2.5446,1927,2097,1700,-224
2.5450,1927,2097,1700,-224
2.5453,1927,2099,1700,-216
2.5457,1927,2099,1700,-216
2.5460,1927,2100,1700,-208
2.5464,1927,2100,1700,-208
2.5467,1927,2100,1700,-208
2.5471,1927,2102,1700,-200
2.5474,1927,2102,1700,-200
2.5478,1927,2102,1700,-200
2.5481,1927,2103,1700,-192
2.5485,1927,2103,1700,-192
2.5489,1927,2103,1700,-192
2.5492,1927,2105,1700,-176
2.5496,1927,2105,1700,-176
2.5499,1927,2105,1700,-176
2.5503,1905,2106,1700,-176
2.5510,1905,2107,1700,-168
2.5513,1905,2107,1700,-168
2.5517,1905,2107,1700,-168
2.5521,1905,2109,1700,-152
2.5524,1905,2109,1700,-152
2.5528,1905,2109,1700,-152
2.5531,1905,2110,1700,-152
2.5535,1905,2110,1700,-152
2.5539,1905,2110,1700,-152
2.5542,1905,2112,1700,-136
2.5546,1905,2112,1700,-136
2.5550,1905,2112,1700,-136
2.5553,1905,2112,1700,-136
2.5557,1905,2112,1700,-136
2.5560,1905,2113,1700,-128
2.5564,1905,2113,1700,-128
2.5567,1905,2113,1700,-128
2.5571,1905,2115,1700,-120
2.5574,1905,2115,1700,-120
2.5578,1905,2115,1700,-120
2.5581,1905,2116,1700,-112
2.5585,1905,2116,1700,-112
2.5589,1905,2116,1700,-112
2.5592,1905,2117,1700,-104
2.5596,1905,2117,1700,-104
2.5600,1905,2118,1700,-96
2.5603,1889,2118,1700,-96
2.5610,1889,2119,1700,-88
2.5613,1889,2119,1700,-88
2.5617,1889,2119,1700,-88
2.5621,1889,2120,1700,-72
2.5624,1889,2120,1700,-72
2.5628,1889,2120,1700,-72
2.5631,1889,2121,1700,-64
2.5635,1889,2121,1700,-64
2.5639,1889,2121,1700,-64
2.5642,1889,2123,1300,-48
2.5646,1889,2123,1300,-48
2.5649,1889,2124,1300,-40
2.5653,1889,2124,1300,-40
2.5656,1889,2124,1300,-40
2.5660,1889,2125,1300,-32
2.5663,1889,2125,1300,-32
2.5667,1889,2125,1300,-32
2.5670,1889,2126,1300,-24
2.5674,1889,2126,1300,-24
2.5677,1889,2126,1300,-24
2.5681,1889,2126,1300,-24
2.5685,1889,2126,1300,-24
2.5688,1889,2126,1300,-24
2.5692,1889,2127,1300,0
2.5696,1889,2127,1300,0
2.5700,1889,2128,1300,32
2.5703,1878,2128,1300,32
2.5710,1878,2129,1300,40
2.5713,1878,2129,1300,40
2.5717,1878,2129,1300,40
2.5720,1878,2130,1300,48
2.5724,1878,2130,1300,48
2.5727,1878,2130,1300,48
2.5731,1878,2131,1300,56
2.5734,1878,2131,1300,56
2.5738,1878,2131,1300,56
2.5741,1878,2132,1300,72
2.5745,1878,2132,1300,72
2.5748,1878,2132,1300,72
2.5751,1878,2132,1300,72
2.5755,1878,2132,1300,72
2.5759,1878,2133,1300,80
2.5762,1878,2133,1300,80
2.5766,1878,2133,1300,80
2.5769,1878,2133,1300,88
2.5773,1878,2133,1300,88
2.5777,1878,2133,1300,88
2.5780,1878,2134,1300,96
2.5784,1878,2134,1300,96
2.5787,1878,2134,1300,96
2.5791,1878,2134,1300,96
2.5794,1878,2134,1300,96
2.5798,1878,2134,1300,96
2.5801,1874,2135,1300,96
2.5808,1874,2135,1300,96
2.5811,1874,2136,1300,104
2.5815,1874,2136,1300,104
2.5819,1874,2136,1300,108
2.5822,1874,2136,1300,108
2.5826,1874,2136,1300,108
2.5829,1874,2136,1300,116
2.5833,1874,2136,1300,116
2.5837,1874,2136,1300,116
2.5840,1874,2137,700,124
2.5844,1874,2137,700,124
2.5847,1874,2137,700,124
2.5851,1874,2137,700,132
2.5854,1874,2137,700,132
2.5858,1874,2137,700,132
2.5861,1874,2137,700,132
2.5864,1874,2137,700,132
2.5868,1874,2137,700,140
2.5872,1874,2137,700,140
2.5875,1874,2137,700,140
2.5879,1874,2138,700,156
2.5882,1874,2138,700,156
2.5886,1874,2138,700,156
2.5889,1874,2138,700,156
2.5893,1874,2138,700,156
2.5896,1874,2138,700,156
2.5900,1874,2138,700,164
2.5903,1875,2138,700,164
2.5910,1875,2138,700,172
2.5913,1875,2138,700,172
2.5917,1875,2138,700,172
2.5920,1875,2138,700,172
2.5924,1875,2138,700,172
2.5927,1875,2138,700,172
2.5931,1875,2138,700,180
2.5934,1875,2138,700,180
2.5938,1875,2138,700,188
2.5941,1875,2138,700,188
2.5945,1875,2138,700,188
2.5949,1875,2138,700,196
2.5952,1875,2138,700,196
2.5956,1875,2138,700,196
2.5960,1875,2138,700,204
2.5963,1875,2138,700,204
2.5967,1875,2138,700,204
2.5970,1875,2138,700,212
2.5974,1875,2138,700,212
2.5977,1875,2138,700,212
2.5981,1875,2138,700,220
2.5984,1875,2138,700,220
2.5988,1875,2138,700,220
2.5991,1875,2138,700,220
2.5995,1875,2138,700,220
2.5999,1875,2138,700,228
2.6002,1882,2138,700,228
2.6009,1882,2138,700,236
2.6012,1882,2138,700,236
2.6016,1882,2138,700,236
2.6019,1882,2138,700,236
2.6023,1882,2138,700,236
2.6026,1882,2138,700,236
2.6030,1882,2138,700,244
2.6033,1882,2138,700,244
2.6037,1882,2138,700,244
2.6040,1882,2138,50,260
2.6044,1882,2138,50,260
2.6047,1882,2138,50,268
2.6051,1882,2138,50,268
2.6054,1882,2138,50,268
2.6058,1882,2138,50,276
2.6061,1882,2138,50,276
2.6065,1882,2138,50,276
2.6069,1882,2138,50,284
2.6072,1882,2138,50,284
2.6076,1882,2138,50,284
2.6080,1882,2138,50,292
2.6083,1882,2138,50,292
2.6086,1882,2138,50,292
2.6090,1882,2138,50,300
2.6094,1882,2138,50,300
2.6097,1882,2137,50,300
2.6101,1895,2137,50,300
2.6107,1895,2137,50,316
2.6111,1895,2137,50,316
2.6114,1895,2137,50,316
2.6118,1895,2136,50,316
2.6121,1895,2136,50,316
2.6125,1895,2136,50,316
2.6128,1895,2135,50,316
2.6132,1895,2135,50,316
2.6136,1895,2135,50,316
2.6139,1895,2135,50,332
2.6143,1895,2135,50,332
2.6146,1895,2135,50,332
2.6150,1895,2134,50,332
2.6153,1895,2134,50,332
2.6157,1895,2134,50,340
2.6161,1895,2134,50,340
2.6164,1895,2134,50,340
2.6168,1895,2133,50,348
2.6171,1895,2133,50,348
2.6175,1895,2133,50,348
2.6179,1895,2133,50,356
2.6182,1895,2133,50,356
2.6186,1895,2133,50,356
2.6190,1895,2132,50,364
2.6193,1895,2132,50,364
2.6197,1895,2131,50,364
2.6200,1913,2131,50,364
2.6207,1913,2130,50,372
2.6210,1913,2130,50,372
2.6214,1913,2130,50,372
2.6217,1913,2130,50,384
2.6221,1913,2130,50,384
2.6224,1913,2130,50,384
2.6228,1913,2129,50,392
2.6231,1913,2129,50,392
2.6234,1913,2129,50,392
2.6238,1913,2128,-500,392
2.6242,1913,2128,-500,392
2.6246,1913,2127,-500,400
2.6250,1913,2127,-500,400
2.6253,1913,2127,-500,400
2.6257,1913,2126,-500,400
2.6261,1913,2126,-500,400
2.6265,1913,2126,-500,400
2.6268,1913,2126,-500,416
2.6272,1913,2126,-500,416
2.6276,1913,2125,-500,424
2.6280,1913,2125,-500,424
2.6283,1913,2125,-500,424
2.6287,1913,2124,-500,424
2.6290,1913,2124,-500,424
2.6294,1913,2124,-500,424
2.6297,1913,2123,-500,432
2.6301,1935,2123,-500,432
2.6307,1935,2122,-500,440
2.6311,1935,2122,-500,440
2.6314,1935,2122,-500,440
2.6318,1935,2121,-500,448
2.6321,1935,2121,-500,448
2.6325,1935,2121,-500,448
2.6328,1935,2120,-500,456
2.6332,1935,2120,-500,456
2.6336,1935,2119,-500,456
2.6339,1935,2119,-500,456
2.6343,1935,2119,-500,456
2.6346,1935,2118,-500,464
2.6350,1935,2118,-500,464
2.6353,1935,2118,-500,464
2.6357,1935,2117,-500,472
2.6360,1935,2117,-500,472
2.6364,1935,2117,-500,472
2.6367,1935,2116,-500,480
2.6371,1935,2116,-500,480
2.6374,1935,2116,-500,480
2.6378,1935,2115,-500,488
2.6381,1935,2115,-500,488
2.6385,1935,2115,-500,488
2.6389,1935,2114,-500,496
2.6392,1935,2114,-500,496
2.6396,1935,2112,-500,496
2.6400,1935,2112,-500,496
2.6403,1963,2111,-500,504
2.6410,1963,2111,-500,504
2.6414,1963,2111,-500,504
2.6418,1963,2110,-500,504
2.6421,1963,2110,-500,504
2.6425,1963,2110,-500,504
2.6429,1963,2109,-500,512
2.6432,1963,2109,-500,512
2.6436,1963,2107,-1050,512
2.6440,1963,2107,-1050,512
2.6443,1963,2107,-1050,512
2.6447,1963,2106,-1050,520
2.6450,1963,2106,-1050,520
2.6453,1963,2106,-1050,520
2.6457,1963,2105,-1050,528
2.6460,1963,2105,-1050,528
2.6464,1963,2105,-1050,528
2.6467,1963,2104,-1050,536
2.6471,1963,2104,-1050,536
2.6474,1963,2104,-1050,536
2.6478,1963,2103,-1050,544
2.6481,1963,2103,-1050,544
2.6485,1963,2101,-1050,552
2.6489,1963,2101,-1050,552
2.6492,1963,2101,-1050,552
2.6496,1963,2100,-1050,560
2.6499,1963,2100,-1050,560
2.6503,1992,2099,-1050,568
2.6509,1992,2099,-1050,568
2.6513,1992,2099,-1050,568
2.6516,1992,2097,-1050,568
2.6520,1992,2097,-1050,568
2.6523,1992,2097,-1050,568
2.6526,1992,2096,-1050,568
2.6530,1992,2096,-1050,568
2.6533,1992,2096,-1050,568
2.6536,1992,2094,-1050,568
2.6540,1992,2094,-1050,568
2.6543,1992,2094,-1050,568
2.6547,1992,2092,-1050,568
2.6550,1992,2092,-1050,568
2.6553,1992,2092,-1050,568
2.6557,1992,2091,-1050,576
2.6560,1992,2091,-1050,576
2.6563,1992,2091,-1050,576
2.6567,1992,2090,-1050,584
2.6570,1992,2090,-1050,584
2.6574,1992,2090,-1050,584
2.6577,1992,2088,-1050,584
2.6581,1992,2088,-1050,584
2.6584,1992,2088,-1050,584
2.6588,1992,2086,-1050,584
2.6592,1992,2086,-1050,584
2.6595,1992,2085,-1050,584
2.6599,1992,2085,-1050,584
2.6602,2023,2083,-1050,584
2.6610,2023,2083,-1050,584
2.6613,2023,2083,-1050,584
2.6617,2023,2082,-1050,572
2.6621,2023,2082,-1050,572
2.6624,2023,2080,-1050,572
2.6628,2023,2080,-1050,572
2.6632,2023,2080,-1050,572
2.6636,2023,2078,-1450,564
2.6640,2023,2078,-1450,564
2.6644,2023,2078,-1450,564
2.6647,2023,2077,-1450,572
2.6651,2023,2077,-1450,572
2.6655,2023,2075,-1450,572
2.6659,2023,2075,-1450,572
2.6662,2023,2075,-1450,572
2.6666,2023,2073,-1450,564
2.6670,2023,2073,-1450,564
2.6674,2023,2073,-1450,564
2.6677,2023,2072,-1450,572
2.6681,2023,2072,-1450,572
2.6685,2023,2070,-1450,564
2.6689,2023,2070,-1450,564
2.6692,2023,2070,-1450,564
2.6696,2023,2068,-1450,564
2.6700,2023,2068,-1450,564
2.6703,2056,2066,-1450,556
2.6710,2056,2066,-1450,556
2.6714,2056,2065,-1450,564
2.6717,2056,2065,-1450,564
2.6721,2056,2065,-1450,564
2.6725,2056,2063,-1450,556
2.6729,2056,2063,-1450,556
2.6732,2056,2063,-1450,556
2.6736,2056,2061,-1450,556
2.6740,2056,2061,-1450,556
2.6743,2056,2061,-1450,556
2.6747,2056,2059,-1450,548
2.6750,2056,2059,-1450,548
2.6754,2056,2057,-1450,540
2.6757,2056,2057,-1450,540
2.6761,2056,2057,-1450,540
2.6764,2056,2056,-1450,548
2.6768,2056,2056,-1450,548
2.6771,2056,2056,-1450,548
2.6775,2056,2054,-1450,540
2.6779,2056,2054,-1450,540
2.6782,2056,2054,-1450,540
2.6786,2056,2052,-1450,532
2.6789,2056,2052,-1450,532
2.6793,2056,2052,-1450,532
2.6796,2056,2051,-1450,540
2.6800,2056,2051,-1450,540
2.6803,2087,2049,-1450,532
2.6810,2087,2049,-1450,532
2.6813,2087,2047,-1450,456
2.6817,2087,2047,-1450,456
2.6821,2087,2047,-1450,456
2.6824,2087,2045,-1450,448
2.6828,2087,2045,-1450,448
2.6831,2087,2045,-1450,448
2.6835,2087,2043,-1750,440
2.6839,2087,2043,-1750,440
2.6842,2087,2043,-1750,440
2.6846,2087,2041,-1750,440
2.6849,2087,2041,-1750,440
2.6853,2087,2041,-1750,440
2.6856,2087,2039,-1750,432
2.6860,2087,2039,-1750,432
2.6863,2087,2037,-1750,424
2.6867,2087,2037,-1750,424
2.6870,2087,2037,-1750,424
2.6874,2087,2036,-1750,424
2.6877,2087,2036,-1750,424
2.6881,2087,2036,-1750,424
2.6884,2087,2034,-1750,416
2.6888,2087,2034,-1750,416
2.6891,2087,2034,-1750,416
2.6895,2087,2032,-1750,408
2.6898,2087,2032,-1750,408
2.6901,2117,2030,-1750,400
2.6908,2117,2030,-1750,400
2.6912,2117,2030,-1750,400
2.6915,2117,2028,-1750,392
2.6919,2117,2028,-1750,392
2.6922,2117,2028,-1750,392
2.6926,2117,2027,-1750,392
2.6929,2117,2027,-1750,392
2.6933,2117,2025,-1750,384
2.6936,2117,2025,-1750,384
2.6940,2117,2025,-1750,384
2.6943,2117,2023,-1750,376
2.6947,2117,2023,-1750,376
2.6950,2117,2023,-1750,376
2.6954,2117,2022,-1750,376
2.6957,2117,2022,-1750,376
2.6961,2117,2022,-1750,376
2.6964,2117,2020,-1750,360
2.6968,2117,2020,-1750,360
2.6971,2117,2020,-1750,360
2.6975,2117,2018,-1750,352
2.6979,2117,2018,-1750,352
2.6982,2117,2018,-1750,352
2.6986,2117,2016,-1750,344
2.6990,2117,2016,-1750,344
2.6993,2117,2014,-1750,336
2.6996,2117,2014,-1750,336
2.7000,2144,2013,-1750,328
2.7006,2144,2013,-1750,328
2.7010,2144,2013,-1750,328
2.7013,2144,2011,-1750,276
2.7017,2144,2011,-1750,276
2.7020,2144,2011,-1750,276
2.7024,2144,2009,-1750,268
2.7027,2144,2009,-1750,268
2.7031,2144,2009,-1750,268
2.7034,2144,2008,-1750,268
2.7038,2144,2008,-1750,268
2.7041,2144,2008,-1750,268
2.7045,2144,2006,-1750,252
2.7049,2144,2006,-1750,252
2.7052,2144,2005,-1750,252
2.7056,2144,2005,-1750,252
2.7059,2144,2005,-1750,252
2.7063,2144,2003,-1750,236
2.7066,2144,2003,-1750,236
2.7070,2144,2003,-1750,236
2.7073,2144,2002,-1750,236
2.7077,2144,2002,-1750,236
2.7080,2144,2002,-1750,236
2.7084,2144,2000,-1750,220
2.7087,2144,2000,-1750,220
2.7091,2144,2000,-1750,220
2.7094,2144,1999,-1750,220
2.7098,2144,1999,-1750,220
2.7101,2169,1997,-1750,204
2.7108,2169,1997,-1750,204
2.7111,2169,1997,-1750,204
2.7115,2169,1996,-1750,204
2.7119,2169,1996,-1750,204
2.7122,2169,1994,-1750,188
2.7126,2169,1994,-1750,188
2.7130,2169,1994,-1750,188
2.7133,2169,1993,-1750,188
2.7137,2169,1993,-1750,188
2.7140,2169,1993,-1750,188
2.7144,2169,1992,-1750,180
2.7147,2169,1992,-1750,180
2.7151,2169,1992,-1750,180
2.7154,2169,1990,-1750,164
2.7158,2169,1990,-1750,164
2.7161,2169,1990,-1750,164
2.7165,2169,1989,-1750,164
2.7169,2169,1989,-1750,164
2.7172,2169,1988,-1750,156
2.7176,2169,1988,-1750,156
2.7180,2169,1988,-1750,156
2.7183,2169,1986,-1750,140
2.7187,2169,1986,-1750,140
2.7190,2169,1986,-1750,140
2.7194,2169,1985,-1750,140
2.7197,2169,1985,-1750,140
2.7201,2188,1984,-1750,132
2.7207,2188,1984,-1750,132
2.7211,2188,1984,-1750,132
2.7214,2188,1983,-1750,116
2.7218,2188,1983,-1750,116
2.7221,2188,1983,-1750,116
2.7225,2188,1982,-1750,108
2.7228,2188,1982,-1750,108
2.7231,2188,1981,-1350,100
2.7235,2188,1981,-1350,100
2.7239,2188,1981,-1350,100
2.7242,2188,1980,-1350,100
2.7246,2188,1980,-1350,100
2.7250,2188,1980,-1350,100
2.7253,2188,1979,-1350,92
2.7257,2188,1979,-1350,92
2.7260,2188,1979,-1350,92
2.7264,2188,1978,-1350,84
2.7267,2188,1978,-1350,84
2.7271,2188,1978,-1350,84
2.7274,2188,1977,-1350,76
2.7278,2188,1977,-1350,76
2.7281,2188,1975,-1350,60
2.7285,2188,1975,-1350,60
2.7289,2188,1975,-1350,60
2.7292,2188,1974,-1350,52
2.7296,2188,1974,-1350,52
2.7299,2188,1974,-1350,52
2.7303,2203,1973,-1350,36
2.7309,2203,1973,-1350,36
2.7313,2203,1972,-1350,28
2.7316,2203,1972,-1350,28
2.7320,2203,1972,-1350,28
2.7323,2203,1972,-1350,28
2.7327,2203,1972,-1350,28
2.7330,2203,1972,-1350,28
2.7334,2203,1971,-1350,20
2.7337,2203,1971,-1350,20
2.7341,2203,1970,-1350,-20
2.7345,2203,1970,-1350,-20
2.7349,2203,1970,-1350,-20
2.7352,2203,1969,-1350,-28
2.7356,2203,1969,-1350,-28
2.7359,2203,1969,-1350,-28
2.7363,2203,1968,-1350,-44
2.7366,2203,1968,-1350,-44
2.7370,2203,1968,-1350,-44
2.7373,2203,1967,-1350,-52
2.7377,2203,1967,-1350,-52
2.7380,2203,1967,-1350,-52
2.7384,2203,1967,-1350,-52
2.7387,2203,1967,-1350,-52
2.7391,2203,1966,-1350,-68
2.7394,2203,1966,-1350,-68
2.7398,2203,1966,-1350,-68
2.7401,2212,1965,-1350,-76
2.7408,2212,1965,-1350,-76
2.7411,2212,1965,-1350,-80
2.7414,2212,1965,-1350,-80
2.7418,2212,1965,-1350,-80
2.7422,2212,1964,-1350,-96
2.7425,2212,1964,-1350,-96
2.7429,2212,1964,-1350,-96
2.7432,2212,1964,-850,-96
2.7436,2212,1964,-850,-96
2.7439,2212,1964,-850,-96
2.7443,2212,1963,-850,-96
2.7446,2212,1963,-850,-96
2.7450,2212,1963,-850,-96
2.7453,2212,1963,-850,-96
2.7457,2212,1963,-850,-96
2.7460,2212,1962,-850,-112
2.7464,2212,1962,-850,-112
2.7467,2212,1962,-850,-112
2.7471,2212,1962,-850,-112
2.7474,2212,1962,-850,-112
2.7478,2212,1962,-850,-112
2.7481,2212,1962,-850,-120
2.7485,2212,1962,-850,-120
2.7489,2212,1962,-850,-120
2.7492,2212,1961,-850,-128
2.7496,2212,1961,-850,-128
2.7499,2212,1961,-850,-128
2.7503,2215,1961,-850,-136
2.7509,2215,1961,-850,-136
2.7513,2215,1961,-850,-144
2.7516,2215,1961,-850,-144
2.7520,2215,1961,-850,-144
2.7523,2215,1961,-850,-144
2.7527,2215,1961,-850,-144
2.7530,2215,1960,-850,-160
2.7534,2215,1960,-850,-160
2.7537,2215,1960,-850,-160
2.7541,2215,1960,-850,-168
2.7544,2215,1960,-850,-168
2.7548,2215,1960,-850,-168
2.7551,2215,1960,-850,-168
2.7555,2215,1960,-850,-168
2.7559,2215,1960,-850,-168
2.7562,2215,1960,-850,-176
2.7566,2215,1960,-850,-176
2.7569,2215,1960,-850,-176
2.7573,2215,1960,-850,-184
2.7577,2215,1960,-850,-184
2.7580,2215,1960,-850,-192
2.7583,2215,1960,-850,-192
2.7587,2215,1960,-850,-192
2.7591,2215,1960,-850,-200
2.7594,2215,1960,-850,-200
2.7598,2215,1960,-850,-200
2.7601,2212,1960,-850,-200
2.7608,2212,1960,-850,-200
2.7611,2212,1960,-850,-192
2.7615,2212,1960,-850,-192
2.7619,2212,1960,-850,-192
2.7622,2212,1960,-850,-200
2.7626,2212,1960,-850,-200
2.7629,2212,1960,-200,-208
2.7633,2212,1960,-200,-208
2.7636,2212,1960,-200,-208
2.7640,2212,1960,-200,-216
2.7643,2212,1960,-200,-216
2.7647,2212,1960,-200,-216
2.7650,2212,1960,-200,-224
2.7654,2212,1960,-200,-224
2.7657,2212,1960,-200,-224
2.7661,2212,1960,-200,-232
2.7664,2212,1960,-200,-232
2.7668,2212,1960,-200,-232
2.7672,2212,1960,-200,-240
2.7675,2212,1960,-200,-240
2.7679,2212,1960,-200,-240
2.7682,2212,1960,-200,-248
2.7686,2212,1960,-200,-248
2.7689,2212,1960,-200,-256
2.7693,2212,1960,-200,-256
2.7697,2212,1960,-200,-256
2.7701,2203,1960,-200,-264
2.7708,2203,1960,-200,-264
2.7712,2203,1960,-200,-280
2.7716,2203,1960,-200,-280
2.7720,2203,1960,-200,-288
2.7724,2203,1960,-200,-288
2.7728,2203,1960,-200,-288
2.7732,2203,1960,-200,-296
2.7736,2203,1960,-200,-296
2.7740,2203,1960,-200,-304
2.7743,2203,1960,-200,-304
2.7747,2203,1960,-200,-304
2.7750,2203,1961,-200,-304
2.7754,2203,1961,-200,-304
2.7757,2203,1961,-200,-304
2.7761,2203,1961,-200,-320
2.7765,2203,1961,-200,-320
2.7768,2203,1961,-200,-320
2.7772,2203,1962,-200,-320
2.7776,2203,1962,-200,-320
2.7780,2203,1962,-200,-328
2.7784,2203,1962,-200,-328
2.7787,2203,1962,-200,-328
2.7791,2203,1963,-200,-336
2.7795,2203,1963,-200,-336
2.7799,2203,1963,-200,-344
2.7802,2188,1963,-200,-344
2.7810,2188,1964,-200,-356
2.7813,2188,1964,-200,-356
2.7817,2188,1964,-200,-356
2.7820,2188,1964,-200,-372
2.7824,2188,1964,-200,-372
2.7827,2188,1964,-200,-372
2.7831,2188,1965,250,-372
2.7834,2188,1965,250,-372
2.7838,2188,1965,250,-372
2.7841,2188,1965,250,-388
2.7845,2188,1965,250,-388
2.7849,2188,1966,250,-388
2.7853,2188,1966,250,-388
2.7857,2188,1966,250,-388
2.7861,2188,1967,250,-396
2.7864,2188,1967,250,-396
2.7868,2188,1968,250,-396
2.7872,2188,1968,250,-396
2.7876,2188,1968,250,-396
2.7880,2188,1969,250,-404
2.7883,2188,1969,250,-404
2.7887,2188,1969,250,-404
2.7890,2188,1969,250,-412
2.7894,2188,1969,250,-412
2.7898,2188,1970,250,-420
2.7902,2168,1970,250,-420
2.7909,2168,1971,250,-428
2.7912,2168,1971,250,-428
2.7916,2168,1971,250,-428
2.7920,2168,1971,250,-436
2.7924,2168,1971,250,-436
2.7927,2168,1971,250,-436
2.7931,2168,1972,250,-444
2.7935,2168,1972,250,-444
2.7939,2168,1973,250,-452
2.7942,2168,1973,250,-452
2.7946,2168,1973,250,-452
2.7950,2168,1974,250,-460
2.7953,2168,1974,250,-460
2.7957,2168,1974,250,-460
2.7960,2168,1975,250,-460
2.7964,2168,1975,250,-460
2.7967,2168,1975,250,-460
2.7971,2168,1977,250,-460
2.7974,2168,1977,250,-460
2.7978,2168,1977,250,-476
2.7981,2168,1977,250,-476
2.7985,2168,1977,250,-476
2.7988,2168,1978,250,-484
2.7991,2168,1978,250,-484
2.7995,2168,1978,250,-484
2.7999,2168,1979,250,-492
2.8002,2144,1979,250,-492
2.8009,2144,1981,250,-484
2.8013,2144,1981,250,-484
2.8016,2144,1981,250,-484
2.8020,2144,1982,250,-492
2.8023,2144,1982,250,-492
2.8027,2144,1982,250,-492
2.8030,2144,1983,900,-500
2.8034,2144,1983,900,-500
2.8037,2144,1983,900,-500
2.8040,2144,1984,900,-500
2.8044,2144,1984,900,-500
2.8047,2144,1984,900,-500
2.8050,2144,1985,900,-508
2.8054,2144,1985,900,-508
2.8058,2144,1987,900,-516
2.8061,2144,1987,900,-516
2.8065,2144,1987,900,-516
2.8069,2144,1988,900,-524
2.8072,2144,1988,900,-524
2.8076,2144,1988,900,-524
2.8079,2144,1989,900,-532
2.8083,2144,1989,900,-532
2.8086,2144,1989,900,-532
2.8089,2144,1990,900,-540
2.8093,2144,1990,900,-540
2.8096,2144,1990,900,-540
2.8100,2144,1992,900,-540
2.8103,2116,1992,900,-540
2.8110,2116,1993,900,-548
2.8113,2116,1993,900,-548
2.8117,2116,1994,900,-556
2.8121,2116,1994,900,-556
2.8124,2116,1994,900,-556
2.8128,2116,1995,900,-564
2.8131,2116,1995,900,-564
2.8135,2116,1995,900,-564
2.8139,2116,1997,900,-564
2.8142,2116,1997,900,-564
2.8146,2116,1997,900,-564
2.8150,2116,1998,900,-572
2.8153,2116,1998,900,-572
2.8157,2116,2000,900,-572
2.8160,2116,2000,900,-572
2.8164,2116,2000,900,-572
2.8168,2116,2001,900,-580
2.8173,2116,2001,900,-580
2.8177,2116,2003,900,-580
2.8180,2116,2003,900,-580
2.8184,2116,2003,900,-580
2.8187,2116,2004,900,-588
2.8191,2116,2004,900,-588
2.8194,2116,2004,900,-588
2.8198,2116,2006,900,-588
2.8201,2086,2006,900,-588
2.8207,2086,2007,900,-584
2.8211,2086,2007,900,-584
2.8215,2086,2007,900,-584
2.8218,2086,2009,900,-584
2.8222,2086,2009,900,-584
2.8225,2086,2009,900,-584
2.8229,2086,2010,1350,-592
2.8232,2086,2010,1350,-592
2.8236,2086,2010,1350,-592
2.8239,2086,2012,1350,-592
2.8243,2086,2012,1350,-592
2.8246,2086,2014,1350,-592
2.8250,2086,2014,1350,-592
2.8253,2086,2014,1350,-592
2.8257,2086,2015,1350,-592
2.8260,2086,2015,1350,-592
2.8264,2086,2015,1350,-592
2.8268,2086,2017,1350,-592
2.8271,2086,2017,1350,-592
2.8274,2086,2017,1350,-592
2.8278,2086,2019,1350,-592
2.8281,2086,2019,1350,-592
2.8285,2086,2019,1350,-592
2.8288,2086,2020,1350,-600
2.8292,2086,2020,1350,-600
2.8296,2086,2022,1350,-592
2.8300,2086,2022,1350,-592
2.8303,2054,2023,1350,-600
2.8310,2054,2023,1350,-600
2.8314,2054,2023,1350,-600
2.8317,2054,2025,1350,-600
2.8321,2054,2025,1350,-600
2.8324,2054,2025,1350,-600
2.8328,2054,2027,1350,-592
2.8331,2054,2027,1350,-592
2.8335,2054,2027,1350,-592
2.8339,2054,2029,1350,-592
2.8343,2054,2029,1350,-592
2.8347,2054,2031,1350,-584
2.8350,2054,2031,1350,-584
2.8354,2054,2031,1350,-584
2.8358,2054,2032,1350,-592
2.8362,2054,2032,1350,-592
2.8366,2054,2034,1350,-584
2.8370,2054,2034,1350,-584
2.8374,2054,2034,1350,-584
2.8377,2054,2036,1350,-584
2.8381,2054,2036,1350,-584
2.8385,2054,2036,1350,-584
2.8388,2054,2038,1350,-576
2.8392,2054,2038,1350,-576
2.8396,2054,2040,1350,-576
2.8400,2054,2040,1350,-576
2.8404,2021,2042,1350,-504
2.8410,2021,2042,1350,-504
2.8414,2021,2042,1350,-504
2.8418,2021,2043,1350,-504
2.8421,2021,2043,1350,-504
2.8425,2021,2045,1750,-504
2.8429,2021,2045,1750,-504
2.8433,2021,2045,1750,-504
2.8436,2021,2047,1750,-496
2.8440,2021,2047,1750,-496
2.8444,2021,2047,1750,-496
2.8447,2021,2049,1750,-488
2.8451,2021,2049,1750,-488
2.8454,2021,2049,1750,-488
2.8457,2021,2051,1750,-488
2.8461,2021,2051,1750,-488
2.8464,2021,2051,1750,-488
2.8468,2021,2053,1750,-480
2.8471,2021,2053,1750,-480
2.8475,2021,2055,1750,-472
2.8479,2021,2055,1750,-472
2.8482,2021,2055,1750,-472
2.8486,2021,2057,1750,-464
2.8490,2021,2057,1750,-464
2.8493,2021,2057,1750,-464
2.8496,2021,2059,1750,-456
2.8500,2021,2059,1750,-456
2.8504,1990,2061,1750,-456
2.8510,1990,2061,1750,-456
2.8514,1990,2061,1750,-456
2.8517,1990,2062,1750,-456
2.8521,1990,2062,1750,-456
2.8524,1990,2062,1750,-456
2.8528,1990,2064,1750,-448
2.8531,1990,2064,1750,-448
2.8535,1990,2066,1750,-440
2.8539,1990,2066,1750,-440
2.8542,1990,2066,1750,-440
2.8546,1990,2067,1750,-440
2.8550,1990,2067,1750,-440
2.8553,1990,2067,1750,-440
2.8557,1990,2069,1750,-432
2.8561,1990,2069,1750,-432
2.8564,1990,2069,1750,-432
2.8568,1990,2071,1750,-424
2.8571,1990,2071,1750,-424
2.8575,1990,2073,1750,-416
2.8579,1990,2073,1750,-416
2.8582,1990,2073,1750,-416
2.8586,1990,2075,1750,-408
2.8590,1990,2075,1750,-408
2.8593,1990,2075,1750,-408
2.8597,1990,2077,1750,-400
2.8600,1962,2077,1750,-400
2.8607,1962,2078,1750,-356
2.8610,1962,2078,1750,-356
2.8614,1962,2078,1750,-356
2.8617,1962,2080,1750,-340
2.8621,1962,2080,1750,-340
2.8624,1962,2082,1850,-332
2.8628,1962,2082,1850,-332
2.8631,1962,2082,1850,-332
2.8635,1962,2084,1850,-324
2.8639,1962,2084,1850,-324
2.8642,1962,2084,1850,-324
2.8646,1962,2085,1850,-324
2.8649,1962,2085,1850,-324
2.8653,1962,2085,1850,-324
2.8656,1962,2087,1850,-316
2.8660,1962,2087,1850,-316
2.8663,1962,2087,1850,-316
2.8667,1962,2089,1850,-300
2.8671,1962,2089,1850,-300
2.8674,1962,2089,1850,-300
2.8678,1962,2090,1850,-300
2.8681,1962,2090,1850,-300
2.8684,1962,2092,1850,-292
2.8688,1962,2092,1850,-292
2.8692,1962,2092,1850,-292
2.8695,1962,2093,1850,-284
2.8699,1962,2093,1850,-284
2.8702,1935,2095,1850,-276
2.8710,1935,2095,1850,-276
2.8713,1935,2095,1850,-276
2.8716,1935,2097,1850,-268
2.8720,1935,2097,1850,-268
2.8724,1935,2097,1850,-268
2.8727,1935,2098,1850,-260
2.8731,1935,2098,1850,-260
2.8734,1935,2100,1850,-252
2.8738,1935,2100,1850,-252
2.8741,1935,2100,1850,-252
2.8744,1935,2101,1850,-244
2.8748,1935,2101,1850,-244
2.8752,1935,2101,1850,-244
2.8755,1935,2103,1850,-236
2.8759,1935,2103,1850,-236
2.8762,1935,2103,1850,-236
2.8766,1935,2104,1850,-228
2.8770,1935,2104,1850,-228
2.8773,1935,2104,1850,-228
2.8776,1935,2106,1850,-220
2.8780,1935,2106,1850,-220
2.8784,1935,2107,1850,-212
2.8787,1935,2107,1850,-212
2.8791,1935,2107,1850,-212
2.8794,1935,2109,1850,-204
2.8798,1935,2109,1850,-204
2.8801,1912,2110,1850,-168
2.8808,1912,2110,1850,-168
2.8811,1912,2110,1850,-168
2.8815,1912,2112,1850,-152
2.8818,1912,2112,1850,-152
2.8822,1912,2112,1850,-152
2.8826,1912,2113,1550,-152
2.8829,1912,2113,1550,-152
2.8833,1912,2113,1550,-152
2.8837,1912,2114,1550,-144
2.8840,1912,2114,1550,-144
2.8844,1912,2116,1550,-128
2.8847,1912,2116,1550,-128
2.8851,1912,2116,1550,-128
2.8854,1912,2117,1550,-128
2.8858,1912,2117,1550,-128
2.8861,1912,2117,1550,-128
2.8864,1912,2118,1550,-120
2.8868,1912,2118,1550,-120
2.8871,1912,2118,1550,-120
2.8875,1912,2119,1550,-112
2.8879,1912,2119,1550,-112
2.8882,1912,2119,1550,-112
2.8886,1912,2120,1550,-104
2.8890,1912,2120,1550,-104
2.8893,1912,2121,1550,-96
2.8897,1912,2121,1550,-96
2.8900,1912,2121,1550,-96
2.8903,1894,2123,1550,-80
2.8910,1894,2123,1550,-80
2.8914,1894,2124,1550,-80
2.8917,1894,2124,1550,-80
2.8921,1894,2124,1550,-80
2.8924,1894,2125,1550,-72
2.8928,1894,2125,1550,-72
2.8931,1894,2125,1550,-72
2.8935,1894,2126,1550,-64
2.8939,1894,2126,1550,-64
2.8942,1894,2126,1550,-64
2.8946,1894,2127,1550,-56
2.8949,1894,2127,1550,-56
2.8953,1894,2128,1550,-40
2.8956,1894,2128,1550,-40
2.8960,1894,2128,1550,-40
2.8963,1894,2129,1550,-32
2.8967,1894,2129,1550,-32
2.8970,1894,2129,1550,-32
2.8974,1894,2130,1550,-24
2.8977,1894,2130,1550,-24
2.8981,1894,2130,1550,-24
2.8984,1894,2131,1550,0
2.8988,1894,2131,1550,0
2.8991,1894,2131,1550,0
2.8995,1894,2132,1550,24
2.8999,1894,2132,1550,24
2.9002,1881,2132,1550,24
2.9009,1881,2132,1550,24
2.9013,1881,2133,1550,40
2.9016,1881,2133,1550,40
2.9020,1881,2133,1550,40
2.9024,1881,2134,1050,48
2.9027,1881,2134,1050,48
2.9031,1881,2134,1050,48
2.9034,1881,2135,1050,56
2.9038,1881,2135,1050,56
2.9041,1881,2135,1050,56
2.9045,1881,2136,1050,64
2.9049,1881,2136,1050,64
2.9052,1881,2136,1050,64
2.9056,1881,2136,1050,72
2.9060,1881,2136,1050,72
2.9063,1881,2137,1050,80
2.9067,1881,2137,1050,80
2.9071,1881,2137,1050,80
2.9074,1881,2138,1050,88
2.9078,1881,2138,1050,88
2.9081,1881,2138,1050,88
2.9085,1881,2138,1050,96
2.9089,1881,2138,1050,96
2.9092,1881,2138,1050,96
2.9096,1881,2138,1050,96
2.9100,1881,2138,1050,96
2.9103,1875,2139,1050,96
2.9109,1875,2139,1050,96
2.9113,1875,2139,1050,96
2.9116,1875,2139,1050,96
2.9120,1875,2139,1050,96
2.9123,1875,2140,1050,112
2.9127,1875,2140,1050,112
2.9130,1875,2140,1050,112
2.9134,1875,2140,1050,112
2.9137,1875,2140,1050,112
2.9141,1875,2140,1050,112
2.9144,1875,2141,1050,128
2.9148,1875,2141,1050,128
2.9151,1875,2141,1050,128
2.9154,1875,2141,1050,128
2.9158,1875,2141,1050,128
2.9161,1875,2141,1050,128
2.9165,1875,2141,1050,136
2.9169,1875,2141,1050,136
2.9172,1875,2141,1050,144
2.9176,1875,2141,1050,144
2.9180,1875,2141,1050,144
2.9183,1875,2141,1050,144
2.9187,1875,2141,1050,144
2.9190,1875,2141,1050,144
2.9194,1875,2142,1050,160
2.9197,1875,2142,1050,160
2.9200,1874,2142,1050,160
2.9207,1874,2142,1050,160
2.9210,1874,2142,1050,160
2.9214,1874,2142,1050,160
2.9217,1874,2142,1050,160
2.9221,1874,2142,1050,160
2.9224,1874,2142,400,168
2.9228,1874,2142,400,168
2.9231,1874,2142,400,168
2.9234,1874,2142,400,176
2.9238,1874,2142,400,176
2.9241,1874,2142,400,184
2.9245,1874,2142,400,184
2.9249,1874,2142,400,184
2.9252,1874,2142,400,192
2.9256,1874,2142,400,192
2.9260,1874,2142,400,192
2.9263,1874,2142,400,192
2.9266,1874,2142,400,192
2.9270,1874,2142,400,192
2.9273,1874,2142,400,200
2.9277,1874,2142,400,200
2.9280,1874,2142,400,200
2.9284,1874,2142,400,208
2.9287,1874,2142,400,208
2.9291,1874,2142,400,208
2.9294,1874,2142,400,216
2.9297,1874,2142,400,216
2.9301,1879,2142,400,224
2.9307,1879,2142,400,224
2.9311,1879,2142,400,232
2.9314,1879,2142,400,232
2.9318,1879,2142,400,232
2.9321,1879,2142,400,240
2.9325,1879,2142,400,240
2.9329,1879,2142,400,240
2.9332,1879,2142,400,248
2.9336,1879,2142,400,248
2.9340,1879,2142,400,248
2.9343,1879,2142,400,256
2.9346,1879,2142,400,256
2.9350,1879,2142,400,256
2.9353,1879,2142,400,264
2.9357,1879,2142,400,264
2.9360,1879,2142,400,264
2.9364,1879,2142,400,272
2.9367,1879,2142,400,272
2.9371,1879,2142,400,288
2.9374,1879,2142,400,288
2.9378,1879,2142,400,288
2.9381,1879,2142,400,296
2.9385,1879,2142,400,296
2.9389,1879,2142,400,296
2.9392,1879,2142,400,304
2.9396,1879,2142,400,304
2.9399,1879,2142,400,304
2.9403,1890,2141,400,304
2.9409,1890,2141,400,304
2.9413,1890,2141,400,312
2.9416,1890,2141,400,312
2.9419,1890,2141,400,312
2.9423,1890,2140,-100,320
2.9426,1890,2140,-100,320
2.9430,1890,2140,-100,320
2.9433,1890,2140,-100,328
2.9436,1890,2140,-100,328
2.9440,1890,2140,-100,328
2.9443,1890,2139,-100,328
2.9446,1890,2139,-100,328
2.9450,1890,2139,-100,328
2.9454,1890,2138,-100,336
2.9458,1890,2138,-100,336
2.9461,1890,2138,-100,344
2.9465,1890,2138,-100,344
2.9469,1890,2138,-100,344
2.9473,1890,2137,-100,344
2.9477,1890,2137,-100,344
2.9481,1890,2136,-100,352
2.9485,1890,2136,-100,352
2.9488,1890,2136,-100,352
2.9492,1890,2136,-100,360
2.9496,1890,2136,-100,360
2.9500,1890,2136,-100,360
2.9503,1907,2135,-100,368
2.9510,1907,2134,-100,368
2.9514,1907,2134,-100,368
2.9517,1907,2134,-100,368
2.9521,1907,2134,-100,384
2.9524,1907,2134,-100,384
2.9528,1907,2134,-100,384
2.9532,1907,2133,-100,384
2.9536,1907,2133,-100,384
2.9540,1907,2133,-100,384
2.9543,1907,2132,-100,392
2.9547,1907,2132,-100,392
2.9550,1907,2131,-100,400
2.9554,1907,2131,-100,400
2.9557,1907,2131,-100,400
2.9561,1907,2130,-100,400
2.9565,1907,2130,-100,400
2.9569,1907,2130,-100,400
2.9572,1907,2129,-100,408
2.9576,1907,2129,-100,408
2.9580,1907,2129,-100,408
2.9583,1907,2129,-100,416
2.9586,1907,2129,-100,416
2.9590,1907,2128,-100,424
2.9594,1907,2128,-100,424
2.9597,1907,2128,-100,424
2.9601,1927,2127,-100,424
2.9607,1927,2127,-100,424
2.9611,1927,2126,-100,432
2.9614,1927,2126,-100,432
2.9618,1927,2126,-100,432
2.9621,1927,2125,-750,432
2.9625,1927,2125,-750,432
2.9629,1927,2125,-750,432
2.9632,1927,2124,-750,440
2.9636,1927,2124,-750,440
2.9639,1927,2123,-750,448
2.9643,1927,2123,-750,448
2.9646,1927,2123,-750,448
2.9650,1927,2122,-750,456
2.9654,1927,2122,-750,456
2.9657,1927,2122,-750,456
2.9661,1927,2121,-750,464
2.9664,1927,2121,-750,464
2.9668,1927,2121,-750,464
2.9671,1927,2120,-750,472
2.9675,1927,2120,-750,472
2.9678,1927,2120,-750,472
2.9682,1927,2119,-750,480
2.9686,1927,2119,-750,480
2.9689,1927,2118,-750,488
2.9693,1927,2118,-750,488
2.9696,1927,2118,-750,488
2.9700,1927,2116,-750,488
2.9704,1954,2116,-750,488
2.9711,1954,2115,-750,496
2.9715,1954,2115,-750,496
2.9719,1954,2114,-750,504
2.9723,1954,2114,-750,504
2.9727,1954,2114,-750,504
2.9731,1954,2113,-750,512
2.9734,1954,2113,-750,512
2.9738,1954,2113,-750,512
2.9742,1954,2112,-750,520
2.9746,1954,2112,-750,520
2.9750,1954,2110,-750,520
2.9754,1954,2110,-750,520
2.9758,1954,2110,-750,520
2.9762,1954,2109,-750,528
2.9766,1954,2109,-750,528
2.9770,1954,2108,-750,536
2.9774,1954,2108,-750,536
2.9778,1954,2108,-750,536
2.9782,1954,2106,-750,536
2.9786,1954,2106,-750,536
2.9790,1954,2105,-750,552
2.9794,1954,2105,-750,552
2.9798,1954,2105,-750,552
2.9802,1982,2104,-750,564
2.9809,1982,2102,-750,564
2.9813,1982,2102,-750,564
2.9817,1982,2102,-750,564
2.9821,1982,2101,-1200,572
2.9825,1982,2101,-1200,572
2.9829,1982,2100,-1200,580
2.9833,1982,2100,-1200,580
2.9837,1982,2100,-1200,580
2.9841,1982,2098,-1200,580
2.9845,1982,2098,-1200,580
2.9849,1982,2097,-1200,588
2.9853,1982,2097,-1200,588
2.9857,1982,2097,-1200,588
2.9860,1982,2095,-1200,588
2.9864,1982,2095,-1200,588
2.9868,1982,2094,-1200,596
2.9872,1982,2094,-1200,596
2.9876,1982,2094,-1200,596
2.9880,1982,2092,-1200,596
2.9884,1982,2092,-1200,596
2.9888,1982,2092,-1200,596
2.9892,1982,2091,-1200,604
2.9896,1982,2091,-1200,604
2.9900,2012,2089,-1200,604
2.9907,2012,2089,-1200,604
2.9911,2012,2087,-1200,604
2.9915,2012,2087,-1200,604
2.9919,2012,2086,-1200,612
2.9923,2012,2086,-1200,612
2.9927,2012,2086,-1200,612
2.9931,2012,2084,-1200,612
2.9934,2012,2084,-1200,612
2.9938,2012,2082,-1200,612
2.9942,2012,2082,-1200,612
2.9946,2012,2082,-1200,612
2.9950,2012,2081,-1200,612
2.9953,2012,2081,-1200,612
2.9957,2012,2081,-1200,612
2.9961,2012,2079,-1200,612
2.9964,2012,2079,-1200,612
2.9968,2012,2079,-1200,612
2.9971,2012,2077,-1200,612
2.9975,2012,2077,-1200,612
2.9979,2012,2076,-1200,620
2.9982,2012,2076,-1200,620
2.9986,2012,2076,-1200,620
2.9989,2012,2074,-1200,612
2.9993,2012,2074,-1200,612
2.9996,2012,2074,-1200,612
3.0000,2012,2072,-1200,568
3.0003,2045,2072,-1200,568
3.0010,2045,2070,-1200,568
3.0014,2045,2070,-1200,568
3.0018,2045,2069,-1600,568
3.0021,2045,2069,-1600,568
3.0025,2045,2069,-1600,568
3.0029,2045,2067,-1600,568
3.0033,2045,2067,-1600,568
3.0037,2045,2067,-1600,568
3.0041,2045,2065,-1600,568
3.0045,2045,2065,-1600,568
3.0049,2045,2063,-1600,560
3.0053,2045,2063,-1600,560
3.0057,2045,2063,-1600,560
3.0061,2045,2061,-1600,560
3.0064,2045,2061,-1600,560
3.0068,2045,2059,-1600,552
3.0072,2045,2059,-1600,552
3.0076,2045,2059,-1600,552
3.0080,2045,2058,-1600,560
3.0084,2045,2058,-1600,560
3.0088,2045,2056,-1600,552
3.0091,2045,2056,-1600,552
3.0096,2045,2056,-1600,552
3.0100,2045,2054,-1600,544
3.0103,2077,2054,-1600,544
3.0111,2077,2052,-1600,544
3.0115,2077,2052,-1600,544
3.0119,2077,2050,-1600,536
3.0123,2077,2050,-1600,536
3.0127,2077,2050,-1600,536
3.0130,2077,2048,-1600,536
3.0134,2077,2048,-1600,536
3.0138,2077,2046,-1600,528
3.0142,2077,2046,-1600,528
3.0146,2077,2046,-1600,528
3.0150,2077,2044,-1600,520
3.0154,2077,2044,-1600,520
3.0158,2077,2043,-1600,520
3.0162,2077,2043,-1600,520
3.0166,2077,2043,-1600,520
3.0170,2077,2041,-1600,520
3.0174,2077,2041,-1600,520
3.0178,2077,2039,-1600,512
3.0181,2077,2039,-1600,512
3.0185,2077,2039,-1600,512
3.0189,2077,2037,-1600,504
3.0193,2077,2037,-1600,504
3.0197,2077,2035,-1600,436
3.0201,2107,2035,-1600,436
3.0208,2107,2033,-1600,428
3.0212,2107,2033,-1600,428
3.0216,2107,2033,-1600,428
3.0220,2107,2031,-1900,420
3.0224,2107,2031,-1900,420
3.0228,2107,2029,-1900,420
3.0232,2107,2029,-1900,420
3.0236,2107,2029,-1900,420
3.0240,2107,2028,-1900,420
3.0244,2107,2028,-1900,420
3.0248,2107,2026,-1900,412
3.0252,2107,2026,-1900,412
3.0256,2107,2024,-1900,404
3.0260,2107,2024,-1900,404
3.0264,2107,2024,-1900,404
3.0268,2107,2022,-1900,396
3.0272,2107,2022,-1900,396
3.0276,2107,2020,-1900,388
3.0280,2107,2020,-1900,388
3.0284,2107,2020,-1900,388
3.0288,2107,2018,-1900,380
3.0292,2107,2018,-1900,380
3.0296,2107,2016,-1900,372
3.0300,2135,2016,-1900,372
3.0307,2135,2015,-1900,364
3.0311,2135,2015,-1900,364
3.0315,2135,2015,-1900,364
3.0319,2135,2013,-1900,356
3.0323,2135,2013,-1900,356
3.0327,2135,2011,-1900,348
3.0330,2135,2011,-1900,348
3.0334,2135,2011,-1900,348
3.0338,2135,2009,-1900,340
3.0342,2135,2009,-1900,340
3.0346,2135,2008,-1900,340
3.0350,2135,2008,-1900,340
3.0354,2135,2008,-1900,340
3.0358,2135,2006,-1900,324
3.0362,2135,2006,-1900,324
3.0366,2135,2005,-1900,324
3.0370,2135,2005,-1900,324
3.0374,2135,2005,-1900,324
3.0378,2135,2003,-1900,316
3.0382,2135,2003,-1900,316
3.0386,2135,2001,-1900,308
3.0390,2135,2001,-1900,308
3.0393,2135,2001,-1900,308
3.0397,2135,2000,-1900,268
3.0401,2161,2000,-1900,268
3.0408,2161,1998,-1900,260
3.0412,2161,1998,-1900,260
3.0416,2161,1996,-1750,244
3.0420,2161,1996,-1750,244
3.0424,2161,1996,-1750,244
3.0428,2161,1995,-1750,244
3.0432,2161,1995,-1750,244
3.0436,2161,1993,-1750,236
3.0440,2161,1993,-1750,236
3.0444,2161,1993,-1750,236
3.0448,2161,1992,-1750,228
3.0452,2161,1992,-1750,228
3.0456,2161,1990,-1750,220
3.0460,2161,1990,-1750,220
3.0464,2161,1990,-1750,220
3.0468,2161,1988,-1750,204
3.0472,2161,1988,-1750,204
3.0476,2161,1987,-1750,204
3.0479,2161,1987,-1750,204
3.0483,2161,1987,-1750,204
3.0487,2161,1986,-1750,196
3.0491,2161,1986,-1750,196
3.0495,2161,1986,-1750,196
3.0499,2161,1984,-1750,180
3.0503,2183,1983,-1750,180
3.0510,2183,1983,-1750,180
3.0514,2183,1983,-1750,180
3.0518,2183,1982,-1750,172
3.0522,2183,1982,-1750,172
3.0526,2183,1980,-1750,164
3.0530,2183,1980,-1750,164
3.0534,2183,1980,-1750,164
3.0538,2183,1979,-1750,156
3.0542,2183,1979,-1750,156
3.0546,2183,1978,-1750,148
3.0550,2183,1978,-1750,148
3.0554,2183,1978,-1750,148
3.0558,2183,1976,-1750,132
3.0562,2183,1976,-1750,132
3.0566,2183,1975,-1750,132
3.0570,2183,1975,-1750,132
3.0574,2183,1975,-1750,132
3.0578,2183,1974,-1750,124
3.0582,2183,1974,-1750,124
3.0586,2183,1973,-1750,116
3.0590,2183,1973,-1750,116
3.0594,2183,1973,-1750,116
3.0598,2183,1972,-1750,96
3.0602,2199,1971,-1750,88
3.0609,2199,1971,-1750,88
3.0613,2199,1971,-1750,88
3.0616,2199,1969,-1350,72
3.0620,2199,1969,-1350,72
3.0624,2199,1969,-1350,72
3.0628,2199,1968,-1350,64
3.0631,2199,1968,-1350,64
3.0635,2199,1967,-1350,56
3.0639,2199,1967,-1350,56
3.0643,2199,1967,-1350,56
3.0646,2199,1966,-1350,48
3.0650,2199,1966,-1350,48
3.0654,2199,1966,-1350,48
3.0658,2199,1965,-1350,40
3.0662,2199,1965,-1350,40
3.0666,2199,1964,-1350,32
3.0670,2199,1964,-1350,32
3.0674,2199,1964,-1350,32
3.0678,2199,1964,-1350,32
3.0682,2199,1964,-1350,32
3.0686,2199,1963,-1350,24
3.0690,2199,1963,-1350,24
3.0694,2199,1961,-1350,-24
3.0698,2199,1961,-1350,-24
3.0702,2209,1961,-1350,-24
3.0709,2209,1961,-1350,-24
3.0713,2209,1961,-1350,-24
3.0717,2209,1960,-1350,-40
3.0721,2209,1960,-1350,-40
3.0725,2209,1959,-1350,-48
3.0729,2209,1959,-1350,-48
3.0733,2209,1959,-1350,-48
3.0736,2209,1959,-1350,-48
3.0740,2209,1959,-1350,-48
3.0744,2209,1958,-1350,-64
3.0748,2209,1958,-1350,-64
3.0752,2209,1958,-1350,-64
3.0756,2209,1957,-1350,-72
3.0760,2209,1957,-1350,-72
3.0764,2209,1956,-1350,-80
3.0768,2209,1956,-1350,-80
3.0772,2209,1956,-1350,-80
3.0776,2209,1956,-1350,-88
3.0780,2209,1956,-1350,-88
3.0784,2209,1955,-1350,-96
3.0788,2209,1955,-1350,-96
3.0792,2209,1955,-1350,-96
3.0796,2209,1955,-1350,-96
3.0800,2214,1954,-1350,-96
3.0808,2214,1954,-1350,-96
3.0811,2214,1954,-1350,-96
3.0815,2214,1954,-750,-96
3.0819,2214,1954,-750,-96
3.0823,2214,1954,-750,-96
3.0827,2214,1953,-750,-112
3.0831,2214,1953,-750,-112
3.0835,2214,1953,-750,-112
3.0839,2214,1953,-750,-112
3.0843,2214,1953,-750,-112
3.0847,2214,1953,-750,-120
3.0850,2214,1953,-750,-120
3.0854,2214,1952,-750,-136
3.0858,2214,1952,-750,-136
3.0862,2214,1952,-750,-136
3.0866,2214,1952,-750,-136
3.0870,2214,1952,-750,-136
3.0874,2214,1952,-750,-144
3.0878,2214,1952,-750,-144
3.0882,2214,1952,-750,-144
3.0886,2214,1951,-750,-152
3.0890,2214,1951,-750,-152
3.0894,2214,1951,-750,-160
3.0898,2214,1951,-750,-160
3.0902,2213,1951,-750,-168
3.0909,2213,1951,-750,-168
3.0913,2213,1951,-750,-176
3.0917,2213,1951,-750,-176
3.0921,2213,1951,-750,-176
3.0925,2213,1951,-750,-176
3.0929,2213,1951,-750,-176
3.0933,2213,1951,-750,-176
3.0937,2213,1951,-750,-184
3.0940,2213,1951,-750,-184
3.0944,2213,1951,-750,-192
3.0948,2213,1951,-750,-192
3.0952,2213,1951,-750,-192
3.0956,2213,1951,-750,-200
3.0960,2213,1951,-750,-200
3.0964,2213,1951,-750,-208
3.0968,2213,1951,-750,-208
3.0972,2213,1951,-750,-208
3.0976,2213,1951,-750,-216
3.0980,2213,1951,-750,-216
3.0984,2213,1951,-750,-216
3.0988,2213,1951,-750,-216
3.0992,2213,1951,-750,-216
3.0996,2213,1951,-750,-208
3.1000,2206,1951,-750,-216
3.1007,2206,1951,-750,-216
3.1011,2206,1951,-750,-216
3.1015,2206,1951,-150,-224
3.1019,2206,1951,-150,-224
3.1023,2206,1951,-150,-232
3.1027,2206,1951,-150,-232
3.1031,2206,1951,-150,-232
3.1034,2206,1951,-150,-240
3.1038,2206,1951,-150,-240
3.1042,2206,1951,-150,-240
3.1046,2206,1951,-150,-248
3.1050,2206,1951,-150,-248
3.1054,2206,1951,-150,-264
3.1058,2206,1951,-150,-264
3.1062,2206,1951,-150,-264
3.1066,2206,1951,-150,-272
3.1070,2206,1951,-150,-272
3.1074,2206,1951,-150,-280
3.1078,2206,1951,-150,-280
3.1082,2206,1951,-150,-280
3.1086,2206,1951,-150,-288
3.1090,2206,1951,-150,-288
3.1094,2206,1951,-150,-296
3.1098,2206,1951,-150,-296
3.1102,2193,1952,-150,-296
3.1109,2193,1952,-150,-296
3.1113,2193,1952,-150,-312
3.1117,2193,1952,-150,-312
3.1121,2193,1952,-150,-312
3.1124,2193,1953,-150,-312
3.1128,2193,1953,-150,-312
3.1132,2193,1953,-150,-320
3.1136,2193,1953,-150,-320
3.1140,2193,1953,-150,-320
3.1144,2193,1954,-150,-328
3.1148,2193,1954,-150,-328
3.1151,2193,1954,-150,-328
3.1155,2193,1954,-150,-336
3.1159,2193,1954,-150,-336
3.1163,2193,1955,-150,-336
3.1167,2193,1955,-150,-336
3.1171,2193,1955,-150,-336
3.1175,2193,1956,-150,-344
3.1179,2193,1956,-150,-344
3.1183,2193,1957,-150,-344
3.1187,2193,1957,-150,-344
3.1191,2193,1957,-150,-344
3.1194,2193,1957,-150,-372
3.1198,2193,1957,-150,-372
3.1202,2175,1958,-150,-372
3.1210,2175,1958,-150,-372
3.1214,2175,1958,350,-380
3.1218,2175,1958,350,-380
3.1222,2175,1959,350,-388
3.1226,2175,1959,350,-388
3.1230,2175,1959,350,-388
3.1234,2175,1960,350,-396
3.1238,2175,1960,350,-396
3.1242,2175,1961,350,-396
3.1246,2175,1961,350,-396
3.1250,2175,1961,350,-396
3.1254,2175,1961,350,-412
3.1258,2175,1961,350,-412
3.1262,2175,1962,350,-412
3.1266,2175,1962,350,-412
3.1270,2175,1962,350,-412
3.1274,2175,1963,350,-420
3.1278,2175,1963,350,-420
3.1282,2175,1964,350,-428
3.1286,2175,1964,350,-428
3.1290,2175,1964,350,-428
3.1294,2175,1965,350,-428
3.1298,2175,1965,350,-428
3.1302,2152,1966,350,-436
3.1309,2152,1966,350,-436
3.1313,2152,1967,350,-444
3.1317,2152,1967,350,-444
3.1320,2152,1967,350,-444
3.1324,2152,1968,350,-452
3.1328,2152,1968,350,-452
3.1332,2152,1969,350,-452
3.1336,2152,1969,350,-452
3.1340,2152,1969,350,-452
3.1344,2152,1970,350,-460
3.1348,2152,1970,350,-460
3.1352,2152,1971,350,-468
3.1356,2152,1971,350,-468
3.1360,2152,1971,350,-468
3.1364,2152,1972,350,-476
3.1368,2152,1972,350,-476
3.1372,2152,1973,350,-484
3.1376,2152,1973,350,-484
3.1380,2152,1973,350,-484
3.1384,2152,1974,350,-492
3.1388,2152,1974,350,-492
3.1392,2152,1975,350,-488
3.1396,2152,1975,350,-488
3.1400,2126,1976,350,-496
3.1408,2126,1976,350,-496
3.1411,2126,1977,950,-504
3.1415,2126,1977,950,-504
3.1419,2126,1977,950,-504
3.1423,2126,1978,950,-512
3.1427,2126,1978,950,-512
3.1431,2126,1980,950,-512
3.1435,2126,1980,950,-512
3.1439,2126,1980,950,-512
3.1443,2126,1981,950,-520
3.1447,2126,1981,950,-520
3.1450,2126,1982,950,-528
3.1454,2126,1982,950,-528
3.1458,2126,1982,950,-528
3.1462,2126,1984,950,-528
3.1466,2126,1984,950,-528
3.1470,2126,1984,950,-528
3.1474,2126,1985,950,-536
3.1478,2126,1985,950,-536
3.1482,2126,1986,950,-544
3.1486,2126,1986,950,-544
3.1490,2126,1986,950,-544
3.1494,2126,1988,950,-544
3.1498,2126,1988,950,-544
3.1502,2096,1989,950,-552
3.1509,2096,1989,950,-552
3.1513,2096,1990,950,-560
3.1517,2096,1990,950,-560
3.1520,2096,1991,950,-568
3.1524,2096,1991,950,-568
3.1528,2096,1991,950,-568
3.1532,2096,1993,950,-568
3.1536,2096,1993,950,-568
3.1540,2096,1994,950,-576
3.1544,2096,1994,950,-576
3.1548,2096,1994,950,-576
3.1552,2096,1996,950,-576
3.1556,2096,1996,950,-576
3.1560,2096,1997,950,-584
3.1564,2096,1997,950,-584
3.1568,2096,1997,950,-584
3.1571,2096,1999,950,-584
3.1575,2096,1999,950,-584
3.1579,2096,1999,950,-584
3.1583,2096,2000,950,-592
3.1587,2096,2000,950,-592
3.1591,2096,2002,950,-580
3.1594,2096,2002,950,-580
3.1598,2096,2002,950,-580
3.1602,2065,2004,950,-572
3.1611,2065,2005,1400,-580
3.1614,2065,2005,1400,-580
3.1619,2065,2005,1400,-580
3.1623,2065,2007,1400,-580
3.1627,2065,2007,1400,-580
3.1631,2065,2009,1400,-580
3.1634,2065,2009,1400,-580
3.1638,2065,2009,1400,-580
3.1642,2065,2010,1400,-580
3.1646,2065,2010,1400,-580
3.1650,2065,2012,1400,-580
3.1654,2065,2012,1400,-580
3.1658,2065,2012,1400,-580
3.1662,2065,2013,1400,-580
3.1666,2065,2013,1400,-580
3.1670,2065,2015,1400,-580
3.1674,2065,2015,1400,-580
3.1678,2065,2015,1400,-580
3.1682,2065,2017,1400,-580
3.1686,2065,2017,1400,-580
3.1690,2065,2019,1400,-572
3.1694,2065,2019,1400,-572
3.1698,2065,2019,1400,-572
3.1702,2033,2020,1400,-580
3.1709,2033,2020,1400,-580
3.1713,2033,2022,1400,-572
3.1717,2033,2022,1400,-572
3.1720,2033,2024,1400,-572
3.1724,2033,2024,1400,-572
3.1728,2033,2024,1400,-572
3.1732,2033,2026,1400,-564
3.1736,2033,2026,1400,-564
3.1740,2033,2027,1400,-572
3.1744,2033,2027,1400,-572
3.1748,2033,2027,1400,-572
3.1752,2033,2029,1400,-564
3.1755,2033,2029,1400,-564
3.1759,2033,2031,1400,-556
3.1763,2033,2031,1400,-556
3.1767,2033,2031,1400,-556
3.1771,2033,2032,1400,-564
3.1775,2033,2032,1400,-564
3.1779,2033,2034,1400,-556
3.1783,2033,2034,1400,-556
3.1787,2033,2034,1400,-556
3.1791,2033,2036,1400,-480
3.1795,2033,2036,1400,-480
3.1799,2033,2038,1400,-480
3.1803,2001,2038,1400,-480
3.1810,2001,2040,1750,-472
3.1814,2001,2040,1750,-472
3.1818,2001,2040,1750,-472
3.1822,2001,2042,1750,-464
3.1826,2001,2042,1750,-464
3.1830,2001,2044,1750,-456
3.1834,2001,2044,1750,-456
3.1838,2001,2044,1750,-456
3.1842,2001,2045,1750,-456
3.1846,2001,2045,1750,-456
3.1850,2001,2047,1750,-456
3.1854,2001,2047,1750,-456
3.1858,2001,2047,1750,-456
3.1862,2001,2049,1750,-448
3.1866,2001,2049,1750,-448
3.1870,2001,2051,1750,-440
3.1874,2001,2051,1750,-440
3.1878,2001,2051,1750,-440
3.1882,2001,2053,1750,-432
3.1886,2001,2053,1750,-432
3.1890,2001,2055,1750,-424
3.1894,2001,2055,1750,-424
3.1898,2001,2055,1750,-424
3.1902,1971,2057,1750,-416
3.1909,1971,2059,1750,-408
3.1913,1971,2059,1750,-408
3.1917,1971,2059,1750,-408
3.1921,1971,2060,1750,-408
3.1925,1971,2060,1750,-408
3.1929,1971,2062,1750,-400
3.1933,1971,2062,1750,-400
3.1937,1971,2062,1750,-400
3.1940,1971,2064,1750,-392
3.1944,1971,2064,1750,-392
3.1948,1971,2065,1750,-392
3.1952,1971,2065,1750,-392
3.1956,1971,2065,1750,-392
3.1960,1971,2067,1750,-376
3.1964,1971,2067,1750,-376
3.1968,1971,2069,1750,-368
3.1972,1971,2069,1750,-368
3.1976,1971,2069,1750,-368
3.1980,1971,2070,1750,-368
3.1984,1971,2070,1750,-368
3.1988,1971,2072,1750,-316
3.1992,1971,2072,1750,-316
3.1996,1971,2072,1750,-316
3.2000,1944,2074,1750,-308
3.2008,1944,2076,1800,-292
3.2011,1944,2076,1800,-292
3.2015,1944,2076,1800,-292
3.2019,1944,2077,1800,-292
3.2023,1944,2077,1800,-292
3.2027,1944,2077,1800,-292
3.2031,1944,2079,1800,-284
3.2034,1944,2079,1800,-284
3.2038,1944,2081,1800,-268
3.2042,1944,2081,1800,-268
3.2046,1944,2081,1800,-268
3.2050,1944,2082,1800,-268
3.2054,1944,2082,1800,-268
3.2058,1944,2084,1800,-260
3.2062,1944,2084,1800,-260
3.2066,1944,2084,1800,-260
3.2070,1944,2085,1800,-252
3.2074,1944,2085,1800,-252
3.2078,1944,2087,1800,-244
3.2082,1944,2087,1800,-244
3.2086,1944,2087,1800,-244
3.2091,1944,2088,1800,-236
3.2095,1944,2088,1800,-236
3.2099,1944,2090,1800,-228
3.2103,1919,2090,1800,-228
3.2110,1919,2091,1800,-220
3.2114,1919,2091,1800,-220
3.2118,1919,2093,1800,-212
3.2122,1919,2093,1800,-212
3.2126,1919,2093,1800,-212
3.2130,1919,2094,1800,-204
3.2134,1919,2094,1800,-204
3.2138,1919,2096,1800,-196
3.2142,1919,2096,1800,-196
3.2146,1919,2096,1800,-196
3.2150,1919,2097,1800,-188
3.2154,1919,2097,1800,-188
3.2158,1919,2098,1800,-180
3.2162,1919,2098,1800,-180
3.2166,1919,2098,1800,-180
3.2170,1919,2100,1800,-172
3.2174,1919,2100,1800,-172
3.2178,1919,2101,1800,-164
3.2182,1919,2101,1800,-164
3.2186,1919,2101,1800,-164
3.2190,1919,2102,1800,-136
3.2194,1919,2102,1800,-136
3.2198,1919,2104,1800,-128
3.2202,1900,2104,1800,-128
3.2209,1900,2105,1450,-120
3.2213,1900,2105,1450,-120
3.2217,1900,2106,1450,-112
3.2220,1900,2106,1450,-112
3.2224,1900,2106,1450,-112
3.2228,1900,2107,1450,-104
3.2232,1900,2107,1450,-104
3.2236,1900,2107,1450,-104
3.2240,1900,2109,1450,-88
3.2244,1900,2109,1450,-88
3.2248,1900,2110,1450,-80
3.2251,1900,2110,1450,-80
3.2255,1900,2110,1450,-80
3.2258,1900,2111,1450,-80
3.2262,1900,2111,1450,-80
3.2266,1900,2111,1450,-80
3.2269,1900,2112,1450,-72
3.2273,1900,2112,1450,-72
3.2276,1900,2113,1450,-64
3.2280,1900,2113,1450,-64
3.2284,1900,2113,1450,-64
3.2287,1900,2114,1450,-56
3.2291,1900,2114,1450,-56
3.2295,1900,2114,1450,-56
3.2299,1900,2115,1450,-40
3.2303,1885,2116,1450,-32
3.2310,1885,2116,1450,-32
3.2314,1885,2116,1450,-32
3.2317,1885,2116,1450,-32
3.2321,1885,2116,1450,-32
3.2325,1885,2116,1450,-32
3.2329,1885,2117,1450,-24
3.2333,1885,2117,1450,-24
3.2336,1885,2118,1450,0
3.2340,1885,2118,1450,0
3.2344,1885,2118,1450,0
3.2348,1885,2119,1450,24
3.2351,1885,2119,1450,24
3.2355,1885,2119,1450,24
3.2359,1885,2120,1450,40
3.2363,1885,2120,1450,40
3.2367,1885,2121,1450,48
3.2370,1885,2121,1450,48
3.2374,1885,2121,1450,48
3.2378,1885,2122,1450,56
3.2382,1885,2122,1450,56
3.2386,1885,2122,1450,56
3.2390,1885,2122,1450,56
3.2393,1885,2122,1450,56
3.2397,1885,2123,1450,72
3.2401,1876,2123,1450,72
3.2408,1876,2124,950,80
3.2411,1876,2124,950,80
3.2415,1876,2124,950,80
3.2419,1876,2124,950,80
3.2422,1876,2124,950,80
3.2426,1876,2125,950,96
3.2430,1876,2125,950,96
3.2433,1876,2125,950,96
3.2437,1876,2125,950,96
3.2441,1876,2125,950,96
3.2445,1876,2125,950,96
3.2448,1876,2126,950,96
3.2452,1876,2126,950,96
3.2456,1876,2126,950,96
3.2460,1876,2126,950,96
3.2463,1876,2126,950,96
3.2467,1876,2127,950,112
3.2471,1876,2127,950,112
3.2474,1876,2127,950,112
3.2478,1876,2127,950,112
3.2482,1876,2127,950,112
3.2486,1876,2127,950,120
3.2490,1876,2127,950,120
3.2494,1876,2127,950,120
3.2497,1876,2128,950,128
3.2501,1873,2128,950,128
3.2509,1873,2128,950,136
3.2512,1873,2128,950,136
3.2516,1873,2128,950,144
3.2519,1873,2128,950,144
3.2523,1873,2128,950,144
3.2527,1873,2128,950,144
3.2530,1873,2128,950,144
3.2534,1873,2128,950,144
3.2537,1873,2129,950,160
3.2541,1873,2129,950,160
3.2544,1873,2129,950,160
3.2548,1873,2129,950,168
3.2551,1873,2129,950,168
3.2555,1873,2129,950,168
3.2559,1873,2129,950,168
3.2563,1873,2129,950,168
3.2567,1873,2129,950,176
3.2570,1873,2129,950,176
3.2574,1873,2129,950,176
3.2578,1873,2129,950,184
3.2582,1873,2129,950,184
3.2586,1873,2129,950,180
3.2590,1873,2129,950,180
3.2594,1873,2129,950,180
3.2598,1873,2129,950,188
3.2601,1876,2129,250,188
3.2609,1876,2129,250,188
3.2613,1876,2129,250,188
3.2616,1876,2129,250,196
3.2620,1876,2129,250,196
3.2624,1876,2129,250,196
3.2627,1876,2129,250,204
3.2631,1876,2129,250,204
3.2635,1876,2129,250,212
3.2639,1876,2129,250,212
3.2642,1876,2129,250,212
3.2646,1876,2129,250,220
3.2650,1876,2129,250,220
3.2654,1876,2129,250,220
3.2658,1876,2129,250,228
3.2661,1876,2129,250,228
3.2665,1876,2129,250,236
3.2669,1876,2129,250,236
3.2673,1876,2129,250,236
3.2677,1876,2129,250,244
3.2680,1876,2129,250,244
3.2684,1876,2129,250,252
3.2688,1876,2129,250,252
3.2692,1876,2129,250,252
3.2696,1876,2129,250,260
3.2700,1885,2129,250,260
3.2707,1885,2129,250,276
3.2711,1885,2129,250,276
3.2715,1885,2129,250,284
3.2719,1885,2129,250,284
3.2723,1885,2129,250,284
3.2727,1885,2129,250,292
3.2730,1885,2129,250,292
3.2734,1885,2129,250,300
3.2738,1885,2129,250,300
3.2742,1885,2129,250,300
3.2746,1885,2129,250,308
3.2750,1885,2129,250,308
3.2754,1885,2129,250,308
3.2758,1885,2128,250,308
3.2761,1885,2128,250,308
3.2765,1885,2128,250,324
3.2769,1885,2128,250,324
3.2773,1885,2128,250,324
3.2777,1885,2127,250,324
3.2781,1885,2127,250,324
3.2784,1885,2126,250,328
3.2788,1885,2126,250,328
3.2792,1885,2126,250,328
3.2796,1885,2126,250,344
3.2800,1900,2126,250,344
3.2807,1900,2126,-150,352
3.2811,1900,2126,-150,352
3.2815,1900,2125,-150,352
3.2819,1900,2125,-150,352
3.2823,1900,2125,-150,352
3.2827,1900,2125,-150,368
3.2830,1900,2125,-150,368
3.2834,1900,2124,-150,368
3.2838,1900,2124,-150,368
3.2842,1900,2124,-150,368
3.2846,1900,2123,-150,376
3.2850,1900,2123,-150,376
3.2854,1900,2122,-150,376
3.2858,1900,2122,-150,376
3.2861,1900,2122,-150,376
3.2865,1900,2122,-150,392
3.2869,1900,2122,-150,392
3.2873,1900,2122,-150,392
3.2877,1900,2121,-150,392
3.2881,1900,2121,-150,392
3.2885,1900,2120,-150,400
3.2889,1900,2120,-150,400
3.2893,1900,2120,-150,400
3.2897,1900,2119,-150,408
3.2900,1920,2119,-150,416
3.2908,1920,2119,-150,416
3.2911,1920,2119,-150,416
3.2915,1920,2118,-150,424
3.2919,1920,2118,-150,424
3.2923,1920,2117,-150,432
3.2928,1920,2117,-150,432
3.2931,1920,2117,-150,432
3.2935,1920,2116,-150,432
3.2939,1920,2116,-150,432
3.2943,1920,2115,-150,440
3.2947,1920,2115,-150,440
3.2951,1920,2115,-150,440
3.2955,1920,2114,-150,448
3.2959,1920,2114,-150,448
3.2963,1920,2114,-150,448
3.2967,1920,2113,-150,448
3.2970,1920,2113,-150,448
3.2974,1920,2112,-150,456
3.2978,1920,2112,-150,456
3.2982,1920,2112,-150,456
3.2986,1920,2111,-150,460
3.2990,1920,2111,-150,460
3.2994,1920,2110,-150,468
3.2998,1920,2110,-150,468
3.3001,1944,2109,-850,476
3.3009,1944,2109,-850,476
3.3013,1944,2108,-850,484
3.3017,1944,2108,-850,484
3.3020,1944,2108,-850,484
3.3024,1944,2107,-850,492
3.3028,1944,2107,-850,492
3.3032,1944,2107,-850,492
3.3036,1944,2106,-850,500
3.3040,1944,2106,-850,500
3.3044,1944,2105,-850,508
3.3048,1944,2105,-850,508
3.3051,1944,2105,-850,508
3.3055,1944,2103,-850,508
3.3059,1944,2103,-850,508
3.3063,1944,2102,-850,516
3.3067,1944,2102,-850,516
3.3070,1944,2102,-850,516
3.3074,1944,2101,-850,524
3.3078,1944,2101,-850,524
3.3082,1944,2101,-850,524
3.3085,1944,2100,-850,532
3.3089,1944,2100,-850,532
3.3093,1944,2098,-850,532
3.3096,1944,2098,-850,532
3.3100,1971,2097,-850,540
3.3107,1971,2097,-850,540
3.3111,1971,2097,-850,540
3.3115,1971,2096,-850,548
3.3119,1971,2096,-850,548
3.3122,1971,2094,-850,548
3.3126,1971,2094,-850,548
3.3130,1971,2094,-850,548
3.3133,1971,2093,-850,556
3.3137,1971,2093,-850,556
3.3141,1971,2093,-850,556
3.3145,1971,2092,-850,564
3.3149,1971,2092,-850,564
3.3152,1971,2090,-850,564
3.3156,1971,2090,-850,564
3.3160,1971,2090,-850,564
3.3164,1971,2089,-850,572
3.3168,1971,2089,-850,572
3.3171,1971,2089,-850,572
3.3175,1971,2087,-850,572
3.3179,1971,2087,-850,572
3.3183,1971,2086,-850,572
3.3186,1971,2086,-850,572
3.3190,1971,2086,-850,572
3.3194,1971,2084,-850,572
3.3198,1971,2084,-850,572
3.3202,2002,2083,-1300,580
3.3209,2002,2083,-1300,580
3.3213,2002,2081,-1300,580
3.3217,2002,2081,-1300,580
3.3220,2002,2081,-1300,580
3.3224,2002,2080,-1300,588
3.3228,2002,2080,-1300,588
3.3232,2002,2078,-1300,580
3.3236,2002,2078,-1300,580
3.3239,2002,2078,-1300,580
3.3243,2002,2077,-1300,588
3.3247,2002,2077,-1300,588
3.3251,2002,2077,-1300,588
3.3254,2002,2075,-1300,588
3.3258,2002,2075,-1300,588
3.3262,2002,2074,-1300,596
3.3266,2002,2074,-1300,596
3.3270,2002,2074,-1300,596
3.3274,2002,2072,-1300,588
3.3278,2002,2072,-1300,588
3.3281,2002,2070,-1300,588
3.3285,2002,2070,-1300,588
3.3289,2002,2070,-1300,588
3.3293,2002,2069,-1300,596
3.3297,2002,2069,-1300,596
3.3300,2033,2067,-1300,588
3.3308,2033,2067,-1300,588
3.3311,2033,2065,-1300,588
3.3315,2033,2065,-1300,588
3.3319,2033,2065,-1300,588
3.3323,2033,2063,-1300,588
3.3327,2033,2063,-1300,588
3.3331,2033,2063,-1300,588
