"# servo_id=1 center=2044 amp_deg=15.0 cmd_hz=100.0 acc=254 torque_limit=None note='leg 7.4V no load, reg85=254 (volatile), acc=254' hz=1.4 ratio=0.972 lag_ms=59.4 accel_est=None"
t_s,cmd_cnt,pos_cnt,speed_raw,load_duty_permille
0.0000,2044,2044,0,0
0.0007,2044,2044,0,0
0.0011,2044,2044,0,0
0.0015,2044,2044,0,0
0.0018,2044,2044,0,0
0.0022,2044,2044,0,0
0.0025,2044,2044,0,0
0.0029,2044,2044,0,0
0.0033,2044,2044,0,0
0.0037,2044,2044,0,0
0.0040,2044,2044,0,0
0.0044,2044,2044,0,0
0.0047,2044,2044,0,0
0.0051,2044,2044,0,0
0.0054,2044,2044,0,0
0.0057,2044,2044,0,0
0.0061,2044,2044,0,0
0.0064,2044,2044,0,0
0.0068,2044,2044,0,0
0.0072,2044,2044,0,0
0.0075,2044,2044,0,0
0.0079,2044,2044,0,0
0.0083,2044,2044,0,0
0.0087,2044,2044,0,0
0.0090,2044,2044,0,0
0.0094,2044,2044,0,0
0.0098,2044,2044,0,0
0.0101,2059,2044,0,0
0.0108,2059,2044,0,0
0.0112,2059,2044,0,0
0.0117,2059,2044,0,0
0.0121,2059,2044,0,0
0.0124,2059,2044,0,0
0.0128,2059,2044,0,0
0.0132,2059,2044,0,0
0.0135,2059,2044,0,0
0.0139,2059,2044,0,0
0.0143,2059,2044,0,0
0.0147,2059,2044,0,0
0.0150,2059,2044,0,0
0.0154,2059,2044,0,0
0.0157,2059,2044,0,0
0.0161,2059,2044,0,0
0.0165,2059,2044,0,0
0.0168,2059,2044,0,0
0.0172,2059,2044,0,0
0.0175,2059,2044,0,0
0.0179,2059,2044,0,0
0.0183,2059,2044,0,0
0.0187,2059,2044,0,0
0.0190,2059,2044,0,0
0.0194,2059,2044,0,0
0.0197,2059,2044,0,0
0.0201,2074,2044,0,0
0.0207,2074,2044,0,0
0.0211,2074,2044,0,0
0.0214,2074,2044,0,0
0.0217,2074,2044,0,0
0.0221,2074,2044,0,-24
0.0224,2074,2044,0,-24
0.0228,2074,2044,0,-24
0.0232,2074,2044,0,-24
0.0235,2074,2044,0,-24
0.0239,2074,2044,0,-32
0.0243,2074,2044,0,-32
0.0247,2074,2044,0,-32
0.0250,2074,2044,0,-32
0.0253,2074,2044,0,-32
0.0257,2074,2044,0,-32
0.0261,2074,2044,0,-32
0.0264,2074,2044,0,-32
0.0268,2074,2044,0,-32
0.0271,2074,2044,0,-40
0.0275,2074,2044,0,-40
0.0279,2074,2044,0,-40
0.0284,2074,2044,0,-40
0.0288,2074,2044,0,-40
0.0292,2074,2044,0,-48
0.0297,2074,2044,0,-48
0.0300,2089,2044,0,-48
0.0307,2089,2044,0,-48
0.0310,2089,2044,0,-56
0.0314,2089,2044,0,-56
0.0318,2089,2044,0,-56
0.0321,2089,2044,0,-56
0.0324,2089,2044,0,-56
0.0328,2089,2044,0,-56
0.0332,2089,2044,0,-64
0.0335,2089,2044,0,-64
0.0339,2089,2044,0,-64
0.0342,2089,2044,0,-100
0.0346,2089,2044,0,-100
0.0349,2089,2044,0,-100
0.0353,2089,2044,0,-100
0.0357,2089,2044,0,-100
0.0360,2089,2044,0,-108
0.0364,2089,2044,0,-108
0.0367,2089,2044,0,-108
0.0371,2089,2044,0,-116
0.0374,2089,2044,0,-116
0.0378,2089,2044,0,-116
0.0382,2089,2044,0,-124
0.0385,2089,2044,0,-124
0.0389,2089,2044,0,-124
0.0393,2089,2044,0,-124
0.0397,2089,2044,0,-124
0.0401,2103,2044,0,-132
0.0409,2103,2044,0,-140
0.0413,2103,2044,0,-140
0.0417,2103,2044,0,-140
0.0421,2103,2044,0,-148
0.0424,2103,2044,0,-148
0.0428,2103,2044,0,-148
0.0431,2103,2044,0,-156
0.0435,2103,2044,0,-156
0.0439,2103,2044,0,-156
0.0443,2103,2044,0,-156
0.0447,2103,2044,0,-156
0.0451,2103,2044,0,-164
0.0454,2103,2044,0,-164
0.0458,2103,2044,0,-172
0.0462,2103,2044,0,-172
0.0465,2103,2044,0,-172
0.0469,2103,2044,0,-180
0.0473,2103,2044,0,-180
0.0477,2103,2044,0,-180
0.0480,2103,2044,0,-188
0.0484,2103,2044,0,-188
0.0488,2103,2044,0,-196
0.0492,2103,2044,0,-196
0.0496,2103,2044,0,-196
0.0499,2103,2044,0,-204
0.0503,2117,2044,0,-204
0.0510,2117,2044,0,-212
0.0515,2117,2044,0,-212
0.0518,2117,2044,0,-220
0.0522,2117,2044,0,-220
0.0527,2117,2044,0,-220
0.0531,2117,2044,0,-236
0.0534,2117,2044,0,-236
0.0538,2117,2045,0,-276
0.0542,2117,2045,0,-276
0.0547,2117,2045,0,-276
0.0551,2117,2045,0,-284
0.0554,2117,2045,0,-284
0.0558,2117,2045,50,-292
0.0561,2117,2045,50,-292
0.0565,2117,2045,50,-292
0.0569,2117,2046,50,-292
0.0573,2117,2046,50,-292
0.0577,2117,2046,50,-292
0.0581,2117,2046,50,-308
0.0584,2117,2046,50,-308
0.0588,2117,2047,50,-308
0.0591,2117,2047,50,-308
0.0595,2117,2047,50,-308
0.0598,2117,2047,50,-316
0.0602,2130,2047,50,-316
0.0609,2130,2048,50,-316
0.0614,2130,2048,50,-316
0.0618,2130,2048,50,-332
0.0621,2130,2048,50,-332
0.0625,2130,2048,50,-332
0.0629,2130,2048,50,-340
0.0632,2130,2048,50,-340
0.0637,2130,2048,50,-340
0.0640,2130,2049,50,-348
0.0644,2130,2049,50,-348
0.0648,2130,2050,50,-348
0.0651,2130,2050,50,-348
0.0655,2130,2050,50,-348
0.0659,2130,2050,50,-356
0.0663,2130,2050,50,-356
0.0667,2130,2050,50,-356
0.0670,2130,2051,50,-364
0.0674,2130,2051,50,-364
0.0678,2130,2052,50,-364
0.0681,2130,2052,50,-364
0.0684,2130,2052,50,-364
0.0688,2130,2053,50,-372
0.0692,2130,2053,50,-372
0.0696,2130,2053,50,-372
0.0699,2130,2053,50,-380
0.0703,2143,2053,50,-380
0.0710,2143,2054,50,-388
0.0715,2143,2054,50,-388
0.0719,2143,2055,50,-388
0.0723,2143,2055,50,-388
0.0727,2143,2055,50,-404
0.0731,2143,2055,50,-404
0.0735,2143,2055,50,-404
0.0739,2143,2056,50,-400
0.0743,2143,2056,50,-400
0.0747,2143,2057,50,-408
0.0750,2143,2057,50,-408
0.0754,2143,2057,50,-408
0.0757,2143,2058,650,-408
0.0761,2143,2058,650,-408
0.0764,2143,2058,650,-408
0.0768,2143,2059,650,-416
0.0772,2143,2059,650,-416
0.0776,2143,2059,650,-416
0.0780,2143,2060,650,-416
0.0783,2143,2060,650,-416
0.0787,2143,2061,650,-424
0.0791,2143,2061,650,-424
0.0795,2143,2061,650,-424
0.0799,2143,2062,650,-424
0.0802,2155,2062,650,-424
0.0809,2155,2063,650,-424
0.0813,2155,2063,650,-424
0.0817,2155,2064,650,-432
0.0821,2155,2064,650,-432
0.0824,2155,2064,650,-432
0.0829,2155,2065,650,-432
0.0832,2155,2065,650,-432
0.0837,2155,2066,650,-440
0.0841,2155,2066,650,-440
0.0845,2155,2066,650,-440
0.0849,2155,2067,650,-440
0.0852,2155,2067,650,-440
0.0857,2155,2068,650,-440
0.0860,2155,2068,650,-440
0.0864,2155,2068,650,-440
0.0868,2155,2069,650,-448
0.0872,2155,2069,650,-448
0.0875,2155,2069,650,-448
0.0879,2155,2070,650,-448
0.0883,2155,2070,650,-448
0.0887,2155,2071,650,-456
0.0891,2155,2071,650,-456
0.0894,2155,2071,650,-456
0.0898,2155,2072,650,-456
0.0902,2166,2072,650,-456
0.0909,2166,2073,650,-456
0.0913,2166,2073,650,-456
0.0917,2166,2075,650,-456
0.0921,2166,2075,650,-456
0.0924,2166,2075,650,-456
0.0928,2166,2076,650,-456
0.0932,2166,2076,650,-456
0.0937,2166,2077,650,-420
0.0940,2166,2077,650,-420
0.0945,2166,2077,650,-420
0.0949,2166,2078,650,-428
0.0952,2166,2078,650,-428
0.0957,2166,2079,1050,-428
0.0961,2166,2079,1050,-428
0.0965,2166,2079,1050,-428
0.0969,2166,2081,1050,-428
0.0973,2166,2081,1050,-428
0.0977,2166,2082,1050,-428
0.0981,2166,2082,1050,-428
0.0984,2166,2082,1050,-428
0.0988,2166,2083,1050,-428
0.0992,2166,2083,1050,-428
0.0996,2166,2085,1050,-428
0.1000,2166,2085,1050,-428
0.1004,2176,2086,1050,-428
0.1010,2176,2086,1050,-428
0.1014,2176,2086,1050,-428
0.1018,2176,2087,1050,-428
0.1022,2176,2087,1050,-428
0.1025,2176,2088,1050,-428
0.1029,2176,2088,1050,-428
0.1033,2176,2088,1050,-428
0.1037,2176,2090,1050,-428
0.1041,2176,2090,1050,-428
0.1045,2176,2090,1050,-428
0.1048,2176,2091,1050,-428
0.1052,2176,2091,1050,-428
0.1056,2176,2092,1050,-436
0.1059,2176,2092,1050,-436
0.1063,2176,2092,1050,-436
0.1067,2176,2093,1050,-436
0.1071,2176,2093,1050,-436
0.1075,2176,2093,1050,-436
0.1079,2176,2095,1050,-428
0.1083,2176,2095,1050,-428
0.1087,2176,2096,1050,-428
0.1091,2176,2096,1050,-428
0.1094,2176,2096,1050,-428
0.1098,2176,2098,1050,-428
0.1102,2185,2099,1050,-428
0.1109,2185,2099,1050,-428
0.1112,2185,2099,1050,-428
0.1116,2185,2100,1050,-428
0.1120,2185,2100,1050,-428
0.1123,2185,2100,1050,-428
0.1127,2185,2102,1050,-420
0.1130,2185,2102,1050,-420
0.1134,2185,2102,1050,-420
0.1138,2185,2103,1050,-404
0.1142,2185,2103,1050,-404
0.1145,2185,2105,1050,-396
0.1149,2185,2105,1050,-396
0.1153,2185,2105,1050,-396
0.1157,2185,2106,1350,-396
0.1160,2185,2106,1350,-396
0.1164,2185,2106,1350,-396
0.1168,2185,2107,1350,-404
0.1172,2185,2107,1350,-404
0.1175,2185,2109,1350,-396
0.1179,2185,2109,1350,-396
0.1183,2185,2109,1350,-396
0.1187,2185,2110,1350,-396
0.1190,2185,2110,1350,-396
0.1194,2185,2110,1350,-396
0.1198,2185,2111,1350,-396
0.1201,2193,2113,1350,-388
0.1208,2193,2113,1350,-388
0.1212,2193,2113,1350,-388
0.1216,2193,2114,1350,-396
0.1219,2193,2114,1350,-396
0.1223,2193,2114,1350,-396
0.1227,2193,2116,1350,-388
0.1230,2193,2116,1350,-388
0.1234,2193,2116,1350,-388
0.1237,2193,2117,1350,-388
0.1241,2193,2117,1350,-388
0.1244,2193,2118,1350,-388
0.1248,2193,2118,1350,-388
0.1252,2193,2118,1350,-388
0.1255,2193,2120,1350,-380
0.1259,2193,2120,1350,-380
0.1262,2193,2120,1350,-380
0.1267,2193,2121,1350,-388
0.1271,2193,2121,1350,-388
0.1275,2193,2123,1350,-380
0.1279,2193,2123,1350,-380
0.1283,2193,2123,1350,-380
0.1287,2193,2124,1350,-380
0.1290,2193,2124,1350,-380
0.1294,2193,2124,1350,-380
0.1297,2193,2125,1350,-380
0.1300,2199,2125,1350,-380
0.1308,2199,2127,1350,-372
0.1311,2199,2127,1350,-372
0.1315,2199,2128,1350,-372
0.1318,2199,2128,1350,-372
0.1321,2199,2128,1350,-372
0.1325,2199,2130,1350,-364
0.1329,2199,2130,1350,-364
0.1332,2199,2130,1350,-364
0.1336,2199,2131,1350,-340
0.1339,2199,2131,1350,-340
0.1343,2199,2131,1350,-340
0.1347,2199,2132,1350,-340
0.1350,2199,2132,1350,-340
0.1354,2199,2134,1400,-340
0.1358,2199,2134,1400,-340
0.1361,2199,2134,1400,-340
0.1365,2199,2135,1400,-340
0.1368,2199,2135,1400,-340
0.1372,2199,2135,1400,-340
0.1377,2199,2137,1400,-332
0.1380,2199,2137,1400,-332
0.1384,2199,2138,1400,-332
0.1389,2199,2138,1400,-332
0.1393,2199,2138,1400,-332
0.1397,2199,2139,1400,-332
0.1400,2205,2140,1400,-332
0.1407,2205,2140,1400,-332
0.1411,2205,2140,1400,-332
0.1414,2205,2142,1400,-324
0.1418,2205,2142,1400,-324
0.1422,2205,2142,1400,-324
0.1425,2205,2143,1400,-324
0.1429,2205,2143,1400,-324
0.1433,2205,2143,1400,-324
0.1437,2205,2145,1400,-316
0.1441,2205,2145,1400,-316
0.1444,2205,2146,1400,-316
0.1448,2205,2146,1400,-316
0.1451,2205,2146,1400,-316
0.1455,2205,2148,1400,-308
0.1458,2205,2148,1400,-308
0.1462,2205,2148,1400,-308
0.1465,2205,2149,1400,-308
0.1469,2205,2149,1400,-308
0.1472,2205,2149,1400,-308
0.1476,2205,2150,1400,-308
0.1479,2205,2150,1400,-308
0.1483,2205,2150,1400,-308
0.1487,2205,2152,1400,-300
0.1490,2205,2152,1400,-300
0.1494,2205,2153,1400,-292
0.1498,2205,2153,1400,-292
0.1502,2209,2154,1400,-292
0.1508,2209,2154,1400,-292
0.1512,2209,2154,1400,-292
0.1515,2209,2156,1400,-284
0.1519,2209,2156,1400,-284
0.1523,2209,2157,1400,-284
0.1527,2209,2157,1400,-284
0.1530,2209,2157,1400,-284
0.1533,2209,2158,1400,-276
0.1537,2209,2158,1400,-276
0.1541,2209,2158,1400,-276
0.1544,2209,2160,1400,-268
0.1548,2209,2160,1400,-268
0.1552,2209,2160,1400,-268
0.1555,2209,2161,1350,-268
0.1559,2209,2161,1350,-268
0.1563,2209,2162,1350,-260
0.1567,2209,2162,1350,-260
0.1570,2209,2162,1350,-260
0.1574,2209,2163,1350,-260
0.1578,2209,2163,1350,-260
0.1582,2209,2163,1350,-260
0.1585,2209,2164,1350,-260
0.1590,2209,2164,1350,-260
0.1594,2209,2165,1350,-260
0.1598,2209,2165,1350,-260
0.1602,2212,2167,1350,-244
0.1609,2212,2167,1350,-244
0.1613,2212,2168,1350,-244
0.1617,2212,2168,1350,-244
0.1621,2212,2168,1350,-244
0.1624,2212,2169,1350,-244
0.1628,2212,2169,1350,-244
0.1632,2212,2169,1350,-244
0.1636,2212,2170,1350,-244
0.1640,2212,2170,1350,-244
0.1644,2212,2171,1350,-236
0.1647,2212,2171,1350,-236
0.1651,2212,2171,1350,-236
0.1655,2212,2172,1350,-236
0.1659,2212,2172,1350,-236
0.1663,2212,2174,1350,-228
0.1667,2212,2174,1350,-228
0.1670,2212,2174,1350,-228
0.1674,2212,2175,1350,-220
0.1678,2212,2175,1350,-220
0.1681,2212,2175,1350,-220
0.1685,2212,2176,1350,-220
0.1689,2212,2176,1350,-220
0.1692,2212,2177,1350,-212
0.1697,2212,2177,1350,-212
0.1701,2214,2178,1350,-212
0.1708,2214,2178,1350,-212
0.1712,2214,2178,1350,-212
0.1715,2214,2179,1350,-204
0.1719,2214,2179,1350,-204
0.1723,2214,2180,1350,-204
0.1727,2214,2180,1350,-204
0.1730,2214,2180,1350,-204
0.1734,2214,2182,1350,-172
0.1738,2214,2182,1350,-172
0.1742,2214,2183,1350,-172
0.1746,2214,2183,1350,-172
0.1749,2214,2183,1350,-172
0.1753,2214,2183,1100,-172
0.1757,2214,2183,1100,-172
0.1760,2214,2183,1100,-172
0.1764,2214,2184,1100,-172
0.1767,2214,2184,1100,-172
0.1771,2214,2184,1100,-172
0.1775,2214,2185,1100,-164
0.1778,2214,2185,1100,-164
0.1782,2214,2186,1100,-164
0.1787,2214,2186,1100,-164
0.1790,2214,2186,1100,-164
0.1794,2214,2187,1100,-156
0.1798,2214,2187,1100,-156
0.1801,2215,2188,1100,-148
0.1808,2215,2188,1100,-148
0.1812,2215,2189,1100,-148
0.1817,2215,2189,1100,-148
0.1821,2215,2189,1100,-148
0.1825,2215,2190,1100,-140
0.1829,2215,2190,1100,-140
0.1833,2215,2191,1100,-132
0.1837,2215,2191,1100,-132
0.1840,2215,2191,1100,-132
0.1844,2215,2192,1100,-132
0.1848,2215,2192,1100,-132
0.1852,2215,2193,1100,-124
0.1857,2215,2193,1100,-124
0.1861,2215,2193,1100,-124
0.1865,2215,2194,1100,-116
0.1868,2215,2194,1100,-116
0.1872,2215,2195,1100,-116
0.1877,2215,2195,1100,-116
0.1881,2215,2195,1100,-116
0.1884,2215,2195,1100,-116
0.1888,2215,2195,1100,-116
0.1892,2215,2196,1100,-108
0.1896,2215,2196,1100,-108
0.1899,2215,2196,1100,-108
0.1903,2214,2197,1100,-100
0.1911,2214,2197,1100,-100
0.1914,2214,2198,1100,-100
0.1918,2214,2198,1100,-100
0.1922,2214,2199,1100,-92
0.1926,2214,2199,1100,-92
0.1929,2214,2199,1100,-92
0.1933,2214,2199,1100,-96
0.1937,2214,2199,1100,-96
0.1940,2214,2199,1100,-96
0.1944,2214,2200,1100,-88
0.1948,2214,2200,1100,-88
0.1952,2214,2201,900,-80
0.1956,2214,2201,900,-80
0.1960,2214,2201,900,-80
0.1963,2214,2202,900,-72
0.1967,2214,2202,900,-72
0.1971,2214,2202,900,-72
0.1975,2214,2202,900,-72
0.1979,2214,2202,900,-72
0.1983,2214,2203,900,-64
0.1987,2214,2203,900,-64
0.1991,2214,2204,900,-56
0.1994,2214,2204,900,-56
0.1998,2214,2204,900,-56
0.2002,2212,2204,900,-56
0.2009,2212,2204,900,-56
0.2013,2212,2205,900,-48
0.2017,2212,2205,900,-48
0.2021,2212,2205,900,-40
0.2024,2212,2205,900,-40
0.2028,2212,2205,900,-40
0.2032,2212,2206,900,-32
0.2035,2212,2206,900,-32
0.2039,2212,2206,900,-32
0.2043,2212,2207,900,-24
0.2047,2212,2207,900,-24
0.2051,2212,2207,900,-24
0.2054,2212,2207,900,-24
0.2058,2212,2207,900,-24
0.2062,2212,2208,900,24
0.2067,2212,2208,900,24
0.2070,2212,2208,900,24
0.2074,2212,2208,900,24
0.2077,2212,2208,900,24
0.2081,2212,2209,900,32
0.2085,2212,2209,900,32
0.2088,2212,2209,900,32
0.2092,2212,2209,900,32
0.2095,2212,2209,900,32
0.2099,2212,2209,900,32
0.2103,2208,2210,900,48
0.2110,2208,2210,900,48
0.2114,2208,2210,900,48
0.2117,2208,2210,900,48
0.2121,2208,2211,900,56
0.2125,2208,2211,900,56
0.2128,2208,2211,900,56
0.2132,2208,2211,900,76
0.2136,2208,2211,900,76
0.2140,2208,2211,900,76
0.2144,2208,2211,900,76
0.2148,2208,2211,900,76
0.2152,2208,2211,500,76
0.2157,2208,2211,500,76
0.2160,2208,2211,500,76
0.2164,2208,2211,500,76
0.2168,2208,2211,500,76
0.2172,2208,2212,500,84
0.2175,2208,2212,500,84
0.2179,2208,2212,500,84
0.2183,2208,2212,500,84
0.2187,2208,2212,500,84
0.2191,2208,2212,500,92
0.2194,2208,2212,500,92
0.2198,2208,2212,500,92
0.2202,2203,2212,500,92
0.2209,2203,2213,500,100
0.2213,2203,2213,500,100
0.2217,2203,2213,500,100
0.2221,2203,2213,500,108
0.2225,2203,2213,500,108
0.2229,2203,2213,500,108
0.2232,2203,2213,500,108
0.2237,2203,2213,500,108
0.2240,2203,2213,500,116
0.2244,2203,2213,500,116
0.2248,2203,2213,500,116
0.2251,2203,2213,500,116
0.2255,2203,2213,500,116
0.2259,2203,2213,500,124
0.2263,2203,2213,500,124
0.2269,2203,2213,500,124
0.2272,2203,2213,500,124
0.2277,2203,2213,500,124
0.2280,2203,2213,500,124
0.2284,2203,2213,500,124
0.2288,2203,2213,500,124
0.2291,2203,2213,500,132
0.2295,2203,2213,500,132
0.2299,2203,2213,500,132
0.2303,2197,2213,500,132
0.2310,2197,2213,500,140
0.2314,2197,2213,500,140
0.2317,2197,2213,500,140
0.2321,2197,2213,500,140
0.2324,2197,2213,500,140
0.2328,2197,2213,500,140
0.2332,2197,2213,500,112
0.2335,2197,2213,500,112
0.2339,2197,2213,500,120
0.2343,2197,2213,500,120
0.2347,2197,2213,500,120
0.2350,2197,2213,100,120
0.2354,2197,2213,100,120
0.2358,2197,2213,100,120
0.2361,2197,2213,100,128
0.2365,2197,2213,100,128
0.2369,2197,2213,100,136
0.2373,2197,2213,100,136
0.2377,2197,2213,100,136
0.2380,2197,2213,100,136
0.2384,2197,2213,100,136
0.2387,2197,2213,100,136
0.2391,2197,2213,100,144
0.2395,2197,2213,100,144
0.2399,2197,2213,100,144
0.2403,2190,2213,100,144
0.2410,2190,2213,100,152
0.2414,2190,2213,100,152
0.2417,2190,2213,100,152
0.2421,2190,2213,100,152
0.2424,2190,2213,100,152
0.2428,2190,2213,100,152
0.2431,2190,2213,100,160
0.2435,2190,2213,100,160
0.2438,2190,2213,100,160
0.2442,2190,2213,100,160
0.2445,2190,2213,100,160
0.2449,2190,2213,100,168
0.2453,2190,2213,100,168
0.2457,2190,2213,100,168
0.2460,2190,2213,100,168
0.2464,2190,2213,100,168
0.2468,2190,2213,100,168
0.2471,2190,2213,100,176
0.2475,2190,2213,100,176
0.2478,2190,2213,100,176
0.2482,2190,2213,100,176
0.2486,2190,2213,100,176
0.2489,2190,2213,100,184
0.2493,2190,2213,100,184
0.2497,2190,2213,100,184
0.2500,2182,2213,100,184
0.2507,2182,2213,100,184
0.2511,2182,2213,100,192
0.2514,2182,2213,100,192
0.2518,2182,2213,100,200
0.2522,2182,2213,100,200
0.2527,2182,2213,100,200
0.2531,2182,2212,100,200
0.2534,2182,2212,100,200
0.2538,2182,2212,100,208
0.2541,2182,2212,100,208
0.2546,2182,2212,100,208
0.2549,2182,2212,-50,216
0.2553,2182,2212,-50,216
0.2557,2182,2212,-50,216
0.2561,2182,2211,-50,208
0.2565,2182,2211,-50,208
0.2568,2182,2211,-50,216
0.2572,2182,2211,-50,216
0.2577,2182,2211,-50,216
0.2580,2182,2211,-50,224
0.2584,2182,2211,-50,224
0.2587,2182,2210,-50,216
0.2591,2182,2210,-50,216
0.2595,2182,2210,-50,216
0.2599,2182,2210,-50,224
0.2603,2172,2210,-50,224
0.2611,2172,2209,-50,224
0.2615,2172,2209,-50,224
0.2618,2172,2209,-50,224
0.2622,2172,2209,-50,224
0.2626,2172,2209,-50,224
0.2630,2172,2208,-50,224
0.2634,2172,2208,-50,224
0.2637,2172,2207,-50,216
0.2641,2172,2207,-50,216
0.2645,2172,2207,-50,216
0.2648,2172,2207,-50,224
0.2652,2172,2207,-50,224
0.2655,2172,2207,-50,224
0.2659,2172,2206,-50,224
0.2663,2172,2206,-50,224
0.2667,2172,2206,-50,224
0.2671,2172,2206,-50,232
0.2675,2172,2206,-50,232
0.2678,2172,2205,-50,224
0.2682,2172,2205,-50,224
0.2685,2172,2205,-50,224
0.2689,2172,2205,-50,232
0.2693,2172,2205,-50,232
0.2697,2172,2205,-50,232
0.2700,2162,2204,-50,232
0.2707,2162,2204,-50,240
0.2711,2162,2204,-50,240
0.2715,2162,2204,-50,240
0.2718,2162,2203,-50,240
0.2722,2162,2203,-50,240
0.2725,2162,2203,-50,240
0.2729,2162,2203,-50,220
0.2733,2162,2203,-50,220
0.2737,2162,2202,-50,220
0.2741,2162,2202,-50,220
0.2744,2162,2202,-50,220
0.2748,2162,2201,-550,220
0.2752,2162,2201,-550,220
0.2755,2162,2201,-550,220
0.2759,2162,2200,-550,220
0.2763,2162,2200,-550,220
0.2767,2162,2200,-550,228
0.2770,2162,2200,-550,228
0.2774,2162,2200,-550,228
0.2778,2162,2199,-550,228
0.2782,2162,2199,-550,228
0.2786,2162,2199,-550,228
0.2790,2162,2199,-550,228
0.2794,2162,2199,-550,228
0.2798,2162,2198,-550,228
0.2802,2151,2198,-550,228
0.2809,2151,2197,-550,228
0.2812,2151,2197,-550,228
0.2817,2151,2197,-550,236
0.2820,2151,2197,-550,236
0.2824,2151,2197,-550,236
0.2828,2151,2196,-550,236
0.2831,2151,2196,-550,236
0.2835,2151,2196,-550,236
0.2838,2151,2195,-550,228
0.2842,2151,2195,-550,228
0.2846,2151,2195,-550,228
0.2849,2151,2195,-550,236
0.2853,2151,2195,-550,236
0.2857,2151,2194,-550,236
0.2861,2151,2194,-550,236
0.2865,2151,2194,-550,236
0.2869,2151,2193,-550,236
0.2873,2151,2193,-550,236
0.2877,2151,2193,-550,244
0.2881,2151,2193,-550,244
0.2885,2151,2193,-550,244
0.2889,2151,2192,-550,244
0.2892,2151,2192,-550,244
0.2897,2151,2191,-550,244
0.2902,2139,2191,-550,244
0.2909,2139,2190,-550,244
0.2913,2139,2190,-550,244
0.2917,2139,2190,-550,252
0.2920,2139,2190,-550,252
0.2924,2139,2190,-550,252
0.2928,2139,2189,-550,236
0.2932,2139,2189,-550,236
0.2937,2139,2188,-550,236
0.2941,2139,2188,-550,236
0.2945,2139,2188,-550,236
0.2949,2139,2187,-700,236
0.2953,2139,2187,-700,236
0.2957,2139,2187,-700,244
0.2961,2139,2187,-700,244
0.2964,2139,2187,-700,244
0.2968,2139,2186,-700,244
0.2972,2139,2186,-700,244
0.2975,2139,2186,-700,244
0.2979,2139,2185,-700,244
0.2982,2139,2185,-700,244
0.2987,2139,2184,-700,244
0.2990,2139,2184,-700,244
0.2994,2139,2184,-700,244
0.2998,2139,2184,-700,252
0.3001,2126,2184,-700,252
0.3008,2126,2183,-700,252
0.3012,2126,2183,-700,252
0.3016,2126,2182,-700,252
0.3019,2126,2182,-700,252
0.3023,2126,2182,-700,252
0.3027,2126,2182,-700,260
0.3030,2126,2182,-700,260
0.3034,2126,2182,-700,260
0.3038,2126,2181,-700,260
0.3042,2126,2181,-700,260
0.3045,2126,2180,-700,260
0.3050,2126,2180,-700,260
0.3054,2126,2180,-700,260
0.3058,2126,2179,-700,260
0.3062,2126,2179,-700,260
0.3065,2126,2178,-700,260
0.3069,2126,2178,-700,260
0.3073,2126,2178,-700,260
0.3077,2126,2177,-700,260
0.3081,2126,2177,-700,260
0.3084,2126,2177,-700,260
0.3088,2126,2177,-700,268
0.3091,2126,2177,-700,268
0.3095,2126,2177,-700,268
0.3098,2126,2176,-700,268
0.3102,2112,2175,-700,268
0.3109,2112,2175,-700,268
0.3113,2112,2175,-700,268
0.3117,2112,2174,-700,268
0.3121,2112,2174,-700,268
0.3124,2112,2174,-700,268
0.3128,2112,2174,-700,296
0.3131,2112,2174,-700,296
0.3135,2112,2173,-700,296
0.3139,2112,2173,-700,296
0.3143,2112,2173,-700,296
0.3147,2112,2172,-750,296
0.3151,2112,2172,-750,296
0.3155,2112,2171,-750,296
0.3159,2112,2171,-750,296
0.3162,2112,2171,-750,296
0.3167,2112,2170,-750,296
0.3171,2112,2170,-750,296
0.3174,2112,2170,-750,296
0.3178,2112,2169,-750,296
0.3182,2112,2169,-750,296
0.3187,2112,2169,-750,304
0.3190,2112,2169,-750,304
0.3194,2112,2169,-750,304
0.3197,2112,2168,-750,304
0.3201,2099,2167,-750,304
0.3208,2099,2167,-750,304
0.3212,2099,2167,-750,304
0.3216,2099,2166,-750,312
0.3220,2099,2166,-750,312
0.3223,2099,2166,-750,312
0.3227,2099,2165,-750,312
0.3231,2099,2165,-750,312
0.3234,2099,2165,-750,312
0.3238,2099,2164,-750,312
0.3242,2099,2164,-750,312
0.3245,2099,2163,-750,312
0.3249,2099,2163,-750,312
0.3254,2099,2163,-750,312
0.3257,2099,2162,-750,312
0.3261,2099,2162,-750,312
0.3265,2099,2161,-750,312
0.3270,2099,2161,-750,312
0.3274,2099,2161,-750,328
0.3278,2099,2161,-750,328
0.3282,2099,2161,-750,328
0.3287,2099,2160,-750,328
0.3290,2099,2160,-750,328
0.3294,2099,2159,-750,328
0.3298,2099,2159,-750,328
0.3301,2084,2158,-750,328
0.3308,2084,2158,-750,328
0.3311,2084,2158,-750,328
0.3315,2084,2157,-750,328
0.3318,2084,2157,-750,328
0.3322,2084,2157,-750,328
0.3326,2084,2156,-750,320
0.3329,2084,2156,-750,320
0.3333,2084,2156,-750,320
0.3337,2084,2155,-750,328
0.3340,2084,2155,-750,328
0.3344,2084,2154,-900,328
0.3348,2084,2154,-900,328
0.3352,2084,2154,-900,328
0.3357,2084,2153,-900,328
0.3360,2084,2153,-900,328
0.3364,2084,2152,-900,328
0.3368,2084,2152,-900,328
0.3371,2084,2152,-900,328
0.3375,2084,2151,-900,328
0.3379,2084,2151,-900,328
0.3382,2084,2151,-900,328
0.3387,2084,2150,-900,336
0.3390,2084,2150,-900,336
0.3394,2084,2149,-900,336
0.3397,2084,2149,-900,336
0.3401,2070,2148,-900,336
0.3407,2070,2148,-900,336
0.3411,2070,2148,-900,336
0.3414,2070,2147,-900,336
0.3418,2070,2147,-900,336
0.3422,2070,2147,-900,336
0.3425,2070,2146,-900,336
0.3429,2070,2146,-900,336
0.3432,2070,2146,-900,336
0.3437,2070,2145,-900,344
0.3440,2070,2145,-900,344
0.3444,2070,2144,-900,344
0.3448,2070,2144,-900,344
0.3452,2070,2144,-900,344
0.3456,2070,2142,-900,336
0.3460,2070,2142,-900,336
0.3463,2070,2141,-900,344
0.3467,2070,2141,-900,344
0.3471,2070,2141,-900,344
0.3474,2070,2140,-900,344
0.3478,2070,2140,-900,344
0.3481,2070,2140,-900,344
0.3485,2070,2139,-900,344
0.3489,2070,2139,-900,344
0.3492,2070,2139,-900,344
0.3496,2070,2138,-900,344
0.3499,2070,2138,-900,344
0.3503,2054,2137,-900,352
0.3510,2054,2137,-900,352
0.3514,2054,2136,-900,352
0.3517,2054,2136,-900,352
0.3521,2054,2136,-900,352
0.3525,2054,2134,-900,340
0.3528,2054,2134,-900,340
0.3532,2054,2134,-900,340
0.3537,2054,2134,-900,348
0.3540,2054,2134,-900,348
0.3544,2054,2132,-1100,348
0.3547,2054,2132,-1100,348
0.3551,2054,2132,-1100,348
0.3555,2054,2131,-1100,348
0.3559,2054,2131,-1100,348
0.3563,2054,2130,-1100,348
0.3567,2054,2130,-1100,348
0.3570,2054,2130,-1100,348
0.3574,2054,2129,-1100,356
0.3577,2054,2129,-1100,356
0.3581,2054,2129,-1100,356
0.3585,2054,2128,-1100,356
0.3589,2054,2128,-1100,356
0.3593,2054,2127,-1100,356
0.3597,2054,2127,-1100,356
0.3600,2040,2126,-1100,364
0.3607,2040,2126,-1100,364
0.3611,2040,2126,-1100,364
0.3614,2040,2125,-1100,364
0.3618,2040,2125,-1100,364
0.3622,2040,2125,-1100,364
0.3625,2040,2124,-1100,364
0.3629,2040,2124,-1100,364
0.3633,2040,2122,-1100,364
0.3637,2040,2122,-1100,364
0.3640,2040,2122,-1100,364
0.3644,2040,2121,-1100,364
0.3647,2040,2121,-1100,364
0.3651,2040,2121,-1100,364
0.3654,2040,2120,-1100,364
0.3658,2040,2120,-1100,364
0.3662,2040,2120,-1100,364
0.3665,2040,2119,-1100,372
0.3669,2040,2119,-1100,372
0.3673,2040,2118,-1100,372
0.3677,2040,2118,-1100,372
0.3680,2040,2118,-1100,372
0.3684,2040,2116,-1100,364
0.3687,2040,2116,-1100,364
0.3691,2040,2116,-1100,364
0.3694,2040,2115,-1100,372
0.3698,2040,2115,-1100,372
0.3701,2025,2114,-1100,372
0.3708,2025,2114,-1100,372
0.3712,2025,2114,-1100,372
0.3716,2025,2113,-1100,372
0.3719,2025,2113,-1100,372
0.3723,2025,2112,-1100,388
0.3727,2025,2112,-1100,388
0.3730,2025,2112,-1100,388
0.3734,2025,2110,-1100,380
0.3738,2025,2110,-1100,380
0.3742,2025,2109,-1150,380
0.3745,2025,2109,-1150,380
0.3749,2025,2109,-1150,380
0.3753,2025,2108,-1150,388
0.3757,2025,2108,-1150,388
0.3761,2025,2107,-1150,388
0.3766,2025,2107,-1150,388
0.3771,2025,2107,-1150,388
0.3775,2025,2106,-1150,396
0.3778,2025,2106,-1150,396
0.3782,2025,2105,-1150,396
0.3785,2025,2105,-1150,396
0.3789,2025,2105,-1150,396
0.3793,2025,2103,-1150,388
0.3797,2025,2103,-1150,388
0.3801,2010,2102,-1150,396
0.3807,2010,2102,-1150,396
0.3811,2010,2102,-1150,396
0.3814,2010,2101,-1150,396
0.3818,2010,2101,-1150,396
0.3822,2010,2099,-1150,388
0.3826,2010,2099,-1150,388
0.3829,2010,2099,-1150,388
0.3833,2010,2098,-1150,396
0.3837,2010,2098,-1150,396
0.3840,2010,2098,-1150,396
0.3844,2010,2097,-1150,396
0.3847,2010,2097,-1150,396
0.3851,2010,2097,-1150,396
0.3854,2010,2096,-1150,404
0.3858,2010,2096,-1150,404
0.3861,2010,2094,-1150,396
0.3865,2010,2094,-1150,396
0.3868,2010,2094,-1150,396
0.3872,2010,2093,-1150,396
0.3876,2010,2093,-1150,396
0.3880,2010,2093,-1150,396
0.3884,2010,2092,-1150,404
0.3887,2010,2092,-1150,404
0.3891,2010,2090,-1150,396
0.3895,2010,2090,-1150,396
0.3898,2010,2090,-1150,396
0.3902,1995,2089,-1150,396
0.3909,1995,2089,-1150,396
0.3913,1995,2088,-1150,404
0.3917,1995,2088,-1150,404
0.3920,1995,2088,-1150,404
0.3924,1995,2086,-1150,380
0.3927,1995,2086,-1150,380
0.3931,1995,2085,-1150,388
0.3935,1995,2085,-1150,388
0.3938,1995,2085,-1150,388
0.3942,1995,2084,-1250,388
0.3946,1995,2084,-1250,388
0.3949,1995,2084,-1250,388
0.3953,1995,2083,-1250,388
0.3957,1995,2083,-1250,388
0.3960,1995,2083,-1250,388
0.3964,1995,2081,-1250,388
0.3967,1995,2081,-1250,388
0.3971,1995,2080,-1250,388
0.3975,1995,2080,-1250,388
0.3978,1995,2080,-1250,388
0.3982,1995,2078,-1250,388
0.3986,1995,2078,-1250,388
0.3991,1995,2077,-1250,388
0.3994,1995,2077,-1250,388
0.3998,1995,2077,-1250,388
0.4002,1981,2076,-1250,396
0.4009,1981,2076,-1250,396
0.4012,1981,2074,-1250,388
0.4017,1981,2074,-1250,388
0.4020,1981,2074,-1250,388
0.4024,1981,2073,-1250,388
0.4027,1981,2073,-1250,388
0.4031,1981,2072,-1250,396
0.4034,1981,2072,-1250,396
0.4038,1981,2072,-1250,396
0.4042,1981,2071,-1250,396
0.4045,1981,2071,-1250,396
0.4049,1981,2071,-1250,396
0.4053,1981,2069,-1250,396
0.4057,1981,2069,-1250,396
0.4061,1981,2068,-1250,396
0.4064,1981,2068,-1250,396
0.4068,1981,2068,-1250,396
0.4072,1981,2066,-1250,396
0.4075,1981,2066,-1250,396
0.4079,1981,2066,-1250,396
0.4083,1981,2065,-1250,396
0.4087,1981,2065,-1250,396
0.4090,1981,2064,-1250,404
0.4095,1981,2064,-1250,404
0.4099,1981,2064,-1250,404
0.4103,1967,2063,-1250,404
0.4110,1967,2061,-1250,396
0.4114,1967,2061,-1250,396
0.4118,1967,2061,-1250,396
0.4121,1967,2059,-1250,400
0.4125,1967,2059,-1250,400
0.4128,1967,2059,-1250,400
0.4132,1967,2058,-1250,400
0.4136,1967,2058,-1250,400
0.4139,1967,2058,-1250,400
0.4143,1967,2057,-1350,408
0.4147,1967,2057,-1350,408
0.4150,1967,2055,-1350,400
0.4154,1967,2055,-1350,400
0.4157,1967,2055,-1350,400
0.4161,1967,2054,-1350,400
0.4164,1967,2054,-1350,400
0.4168,1967,2054,-1350,400
0.4171,1967,2053,-1350,408
0.4175,1967,2053,-1350,408
0.4179,1967,2053,-1350,408
0.4183,1967,2051,-1350,400
0.4187,1967,2051,-1350,400
0.4190,1967,2050,-1350,408
0.4194,1967,2050,-1350,408
0.4198,1967,2050,-1350,408
0.4202,1954,2049,-1350,408
0.4209,1954,2047,-1350,400
0.4213,1954,2047,-1350,400
0.4217,1954,2047,-1350,400
0.4220,1954,2046,-1350,408
0.4224,1954,2046,-1350,408
0.4227,1954,2046,-1350,408
0.4231,1954,2044,-1350,400
0.4234,1954,2044,-1350,400
0.4238,1954,2044,-1350,400
0.4241,1954,2043,-1350,400
0.4245,1954,2043,-1350,400
0.4248,1954,2043,-1350,400
0.4252,1954,2042,-1350,408
0.4256,1954,2042,-1350,408
0.4259,1954,2040,-1350,400
0.4263,1954,2040,-1350,400
0.4267,1954,2040,-1350,400
0.4270,1954,2039,-1350,408
0.4274,1954,2039,-1350,408
0.4278,1954,2039,-1350,408
0.4281,1954,2037,-1350,400
0.4285,1954,2037,-1350,400
0.4288,1954,2037,-1350,400
0.4292,1954,2035,-1350,392
0.4296,1954,2035,-1350,392
0.4299,1954,2034,-1350,400
0.4303,1942,2034,-1350,400
0.4310,1942,2033,-1350,400
0.4314,1942,2033,-1350,400
0.4318,1942,2033,-1350,400
0.4322,1942,2032,-1350,392
0.4325,1942,2032,-1350,392
0.4329,1942,2030,-1350,392
0.4333,1942,2030,-1350,392
0.4337,1942,2030,-1350,392
0.4340,1942,2029,-1400,392
0.4344,1942,2029,-1400,392
0.4348,1942,2029,-1400,392
0.4351,1942,2027,-1400,392
0.4355,1942,2027,-1400,392
0.4358,1942,2027,-1400,392
0.4362,1942,2026,-1400,392
0.4366,1942,2026,-1400,392
0.4369,1942,2025,-1400,400
0.4373,1942,2025,-1400,400
0.4377,1942,2025,-1400,400
0.4380,1942,2023,-1400,392
0.4384,1942,2023,-1400,392
0.4387,1942,2023,-1400,392
0.4391,1942,2022,-1400,392
0.4394,1942,2022,-1400,392
0.4398,1942,2022,-1400,392
0.4401,1930,2021,-1400,400
0.4408,1930,2021,-1400,400
0.4412,1930,2019,-1400,392
0.4415,1930,2019,-1400,392
0.4419,1930,2018,-1400,392
0.4423,1930,2018,-1400,392
0.4427,1930,2018,-1400,392
0.4430,1930,2016,-1400,392
0.4434,1930,2016,-1400,392
0.4437,1930,2016,-1400,392
0.4441,1930,2014,-1400,384
0.4445,1930,2014,-1400,384
0.4448,1930,2014,-1400,384
0.4452,1930,2013,-1400,392
0.4455,1930,2013,-1400,392
0.4459,1930,2012,-1400,392
0.4463,1930,2012,-1400,392
0.4467,1930,2012,-1400,392
0.4471,1930,2010,-1400,384
0.4474,1930,2010,-1400,384
0.4478,1930,2010,-1400,384
0.4481,1930,2009,-1400,392
0.4485,1930,2009,-1400,392
0.4488,1930,2008,-1400,392
0.4492,1930,2008,-1400,392
0.4496,1930,2008,-1400,392
0.4499,1930,2006,-1400,384
0.4503,1919,2006,-1400,384
0.4510,1919,2005,-1400,384
0.4514,1919,2005,-1400,384
0.4517,1919,2005,-1400,384
0.4521,1919,2004,-1400,392
0.4526,1919,2004,-1400,392
0.4529,1919,2002,-1400,384
0.4533,1919,2002,-1400,384
0.4537,1919,2002,-1400,384
0.4541,1919,2001,-1400,384
0.4544,1919,2001,-1400,384
0.4548,1919,2000,-1400,392
0.4552,1919,2000,-1400,392
0.4557,1919,2000,-1400,392
0.4560,1919,1998,-1400,384
0.4564,1919,1998,-1400,384
0.4567,1919,1998,-1400,384
0.4571,1919,1997,-1400,384
0.4574,1919,1997,-1400,384
0.4578,1919,1995,-1400,376
0.4581,1919,1995,-1400,376
0.4585,1919,1995,-1400,376
0.4589,1919,1994,-1400,384
0.4592,1919,1994,-1400,384
0.4596,1919,1994,-1400,384
0.4599,1919,1992,-1400,376
0.4603,1910,1992,-1400,376
0.4610,1910,1991,-1400,376
0.4614,1910,1991,-1400,376
0.4618,1910,1990,-1400,376
0.4622,1910,1990,-1400,376
0.4626,1910,1990,-1400,376
0.4629,1910,1988,-1400,376
0.4633,1910,1988,-1400,376
0.4637,1910,1988,-1400,376
0.4641,1910,1987,-1400,376
0.4644,1910,1987,-1400,376
0.4648,1910,1986,-1400,376
0.4651,1910,1986,-1400,376
0.4655,1910,1986,-1400,376
0.4658,1910,1984,-1400,368
0.4662,1910,1984,-1400,368
0.4666,1910,1984,-1400,368
0.4669,1910,1983,-1400,376
0.4673,1910,1983,-1400,376
0.4677,1910,1983,-1400,376
0.4680,1910,1981,-1400,368
0.4684,1910,1981,-1400,368
0.4687,1910,1980,-1400,368
0.4691,1910,1980,-1400,368
0.4695,1910,1980,-1400,368
0.4698,1910,1979,-1400,368
0.4702,1901,1979,-1400,368
0.4709,1901,1978,-1400,368
0.4713,1901,1978,-1400,368
0.4717,1901,1978,-1400,368
0.4720,1901,1976,-1400,356
0.4724,1901,1976,-1400,356
0.4728,1901,1975,-1400,356
0.4732,1901,1975,-1400,356
0.4737,1901,1973,-1400,348
0.4741,1901,1973,-1400,348
0.4744,1901,1973,-1400,348
0.4748,1901,1972,-1400,348
0.4752,1901,1972,-1400,348
0.4755,1901,1972,-1400,348
0.4759,1901,1971,-1400,348
0.4763,1901,1971,-1400,348
0.4767,1901,1971,-1400,348
0.4770,1901,1969,-1400,340
0.4774,1901,1969,-1400,340
0.4778,1901,1968,-1400,348
0.4782,1901,1968,-1400,348
0.4786,1901,1968,-1400,348
0.4790,1901,1967,-1400,348
0.4793,1901,1967,-1400,348
0.4797,1901,1965,-1400,340
0.4801,1893,1965,-1400,340
0.4808,1893,1964,-1400,340
0.4811,1893,1964,-1400,340
0.4815,1893,1964,-1400,340
0.4818,1893,1963,-1400,340
0.4822,1893,1963,-1400,340
0.4825,1893,1963,-1400,340
0.4829,1893,1961,-1400,332
0.4833,1893,1961,-1400,332
0.4837,1893,1960,-1400,332
0.4841,1893,1960,-1400,332
0.4844,1893,1960,-1400,332
0.4848,1893,1959,-1400,332
0.4851,1893,1959,-1400,332
0.4855,1893,1959,-1400,332
0.4859,1893,1958,-1400,340
0.4862,1893,1958,-1400,340
0.4866,1893,1958,-1400,340
0.4869,1893,1956,-1400,332
0.4873,1893,1956,-1400,332
0.4877,1893,1955,-1400,332
0.4881,1893,1955,-1400,332
0.4885,1893,1955,-1400,332
0.4889,1893,1954,-1400,332
0.4892,1893,1954,-1400,332
0.4896,1893,1954,-1400,332
0.4900,1893,1952,-1400,324
0.4903,1887,1950,-1400,316
0.4910,1887,1950,-1400,316
0.4914,1887,1950,-1400,316
0.4917,1887,1949,-1400,308
0.4921,1887,1949,-1400,308
0.4925,1887,1949,-1400,308
0.4928,1887,1948,-1400,308
0.4932,1887,1948,-1400,308
0.4935,1887,1948,-1400,308
0.4939,1887,1947,-1300,308
0.4943,1887,1947,-1300,308
0.4947,1887,1945,-1300,300
0.4951,1887,1945,-1300,300
0.4954,1887,1945,-1300,300
0.4958,1887,1944,-1300,300
0.4962,1887,1944,-1300,300
0.4965,1887,1944,-1300,300
0.4969,1887,1943,-1300,300
0.4973,1887,1943,-1300,300
0.4977,1887,1942,-1300,300
0.4980,1887,1942,-1300,300
0.4984,1887,1942,-1300,300
0.4987,1887,1940,-1300,292
0.4991,1887,1940,-1300,292
0.4994,1887,1940,-1300,292
0.4998,1887,1939,-1300,292
0.5002,1882,1939,-1300,292
0.5009,1882,1938,-1300,292
0.5012,1882,1938,-1300,292
0.5016,1882,1937,-1300,292
0.5019,1882,1937,-1300,292
0.5023,1882,1937,-1300,292
0.5027,1882,1935,-1300,276
0.5030,1882,1935,-1300,276
0.5034,1882,1935,-1300,276
0.5038,1882,1934,-1300,276
0.5042,1882,1934,-1300,276
0.5047,1882,1933,-1300,276
0.5052,1882,1933,-1300,276
0.5057,1882,1932,-1300,276
0.5060,1882,1932,-1300,276
0.5064,1882,1932,-1300,276
0.5068,1882,1931,-1300,276
0.5071,1882,1931,-1300,276
0.5075,1882,1931,-1300,276
0.5079,1882,1929,-1300,268
0.5082,1882,1929,-1300,268
0.5087,1882,1928,-1300,268
0.5090,1882,1928,-1300,268
0.5094,1882,1928,-1300,268
0.5098,1882,1927,-1300,268
0.5102,1878,1926,-1300,260
0.5109,1878,1926,-1300,260
0.5112,1878,1926,-1300,260
0.5117,1878,1925,-1300,256
0.5121,1878,1925,-1300,256
0.5124,1878,1925,-1300,256
0.5128,1878,1924,-1300,256
0.5132,1878,1924,-1300,256
0.5135,1878,1923,-1200,256
0.5139,1878,1923,-1200,256
0.5143,1878,1923,-1200,256
0.5147,1878,1921,-1200,248
0.5150,1878,1921,-1200,248
0.5154,1878,1921,-1200,248
0.5158,1878,1921,-1200,248
0.5162,1878,1921,-1200,248
0.5166,1878,1919,-1200,240
0.5170,1878,1919,-1200,240
0.5173,1878,1919,-1200,240
0.5177,1878,1918,-1200,240
0.5181,1878,1918,-1200,240
0.5185,1878,1917,-1200,240
0.5188,1878,1917,-1200,240
0.5192,1878,1917,-1200,240
0.5196,1878,1916,-1200,232
0.5199,1878,1916,-1200,232
0.5203,1875,1915,-1200,232
0.5210,1875,1915,-1200,232
0.5214,1875,1915,-1200,232
0.5217,1875,1914,-1200,232
0.5221,1875,1914,-1200,232
0.5224,1875,1914,-1200,232
0.5228,1875,1913,-1200,224
0.5231,1875,1913,-1200,224
0.5235,1875,1912,-1200,224
0.5239,1875,1912,-1200,224
0.5242,1875,1912,-1200,224
0.5246,1875,1911,-1200,224
0.5250,1875,1911,-1200,224
0.5253,1875,1911,-1200,224
0.5257,1875,1910,-1200,216
0.5261,1875,1910,-1200,216
0.5264,1875,1909,-1200,216
0.5268,1875,1909,-1200,216
0.5272,1875,1909,-1200,216
0.5275,1875,1908,-1200,208
0.5279,1875,1908,-1200,208
0.5283,1875,1908,-1200,208
0.5287,1875,1907,-1200,208
0.5291,1875,1907,-1200,208
0.5295,1875,1906,-1200,200
0.5299,1875,1906,-1200,200
0.5303,1874,1905,-1200,200
0.5310,1874,1905,-1200,200
0.5314,1874,1904,-1200,184
0.5318,1874,1904,-1200,184
0.5321,1874,1904,-1200,184
0.5325,1874,1903,-1200,184
0.5329,1874,1903,-1200,184
0.5333,1874,1903,-1200,184
0.5337,1874,1902,-1050,176
0.5340,1874,1902,-1050,176
0.5344,1874,1901,-1050,176
0.5348,1874,1901,-1050,176
0.5352,1874,1901,-1050,176
0.5355,1874,1900,-1050,168
0.5359,1874,1900,-1050,168
0.5363,1874,1900,-1050,168
0.5367,1874,1899,-1050,160
0.5371,1874,1899,-1050,160
0.5375,1874,1898,-1050,160
0.5378,1874,1898,-1050,160
0.5382,1874,1898,-1050,160
0.5387,1874,1897,-1050,152
0.5390,1874,1897,-1050,152
0.5394,1874,1896,-1050,144
0.5398,1874,1896,-1050,144
0.5401,1873,1895,-1050,144
0.5408,1873,1895,-1050,144
0.5412,1873,1895,-1050,144
0.5416,1873,1894,-1050,136
0.5419,1873,1894,-1050,136
0.5423,1873,1894,-1050,136
0.5427,1873,1893,-1050,128
0.5430,1873,1893,-1050,128
0.5434,1873,1893,-1050,136
0.5438,1873,1893,-1050,136
0.5441,1873,1893,-1050,136
0.5445,1873,1892,-1050,128
0.5449,1873,1892,-1050,128
0.5452,1873,1892,-1050,128
0.5457,1873,1891,-1050,120
0.5461,1873,1891,-1050,120
0.5464,1873,1890,-1050,112
0.5468,1873,1890,-1050,112
0.5472,1873,1890,-1050,112
0.5476,1873,1889,-1050,104
0.5480,1873,1889,-1050,104
0.5484,1873,1889,-1050,104
0.5487,1873,1889,-1050,104
0.5491,1873,1889,-1050,104
0.5494,1873,1888,-1050,96
0.5498,1873,1888,-1050,96
0.5502,1875,1887,-1050,88
0.5509,1875,1887,-1050,88
0.5512,1875,1887,-1050,88
0.5517,1875,1886,-1050,60
0.5520,1875,1886,-1050,60
0.5524,1875,1886,-1050,60
0.5528,1875,1886,-1050,60
0.5532,1875,1886,-1050,60
0.5536,1875,1885,-850,52
0.5540,1875,1885,-850,52
0.5543,1875,1885,-850,52
0.5547,1875,1885,-850,52
0.5551,1875,1885,-850,52
0.5554,1875,1884,-850,44
0.5558,1875,1884,-850,44
0.5561,1875,1884,-850,44
0.5565,1875,1883,-850,36
0.5569,1875,1883,-850,36
0.5572,1875,1883,-850,36
0.5577,1875,1883,-850,36
0.5580,1875,1883,-850,36
0.5584,1875,1882,-850,20
0.5588,1875,1882,-850,20
0.5591,1875,1882,-850,20
0.5595,1875,1881,-850,-20
0.5599,1875,1881,-850,-20
0.5603,1877,1881,-850,-20
0.5610,1877,1881,-850,-20
0.5614,1877,1880,-850,-28
0.5618,1877,1880,-850,-28
0.5621,1877,1880,-850,-28
0.5625,1877,1880,-850,-28
0.5629,1877,1880,-850,-28
0.5633,1877,1879,-850,-44
0.5637,1877,1879,-850,-44
0.5641,1877,1879,-850,-44
0.5644,1877,1879,-850,-44
0.5648,1877,1879,-850,-44
0.5652,1877,1879,-850,-44
0.5656,1877,1878,-850,-52
0.5659,1877,1878,-850,-52
0.5663,1877,1878,-850,-60
0.5667,1877,1878,-850,-60
0.5671,1877,1878,-850,-60
0.5675,1877,1878,-850,-60
0.5678,1877,1878,-850,-60
0.5682,1877,1877,-850,-68
0.5687,1877,1877,-850,-68
0.5691,1877,1877,-850,-68
0.5694,1877,1877,-850,-68
0.5698,1877,1877,-850,-68
0.5702,1881,1877,-850,-68
0.5711,1881,1877,-850,-68
0.5715,1881,1876,-850,-64
0.5719,1881,1876,-850,-64
0.5722,1881,1876,-850,-64
0.5727,1881,1876,-850,-64
0.5731,1881,1876,-850,-64
0.5734,1881,1876,-450,-64
0.5738,1881,1876,-450,-64
0.5742,1881,1875,-450,-72
0.5746,1881,1875,-450,-72
0.5750,1881,1875,-450,-72
0.5753,1881,1875,-450,-80
0.5757,1881,1875,-450,-80
0.5761,1881,1875,-450,-80
0.5765,1881,1875,-450,-80
0.5769,1881,1875,-450,-80
0.5772,1881,1875,-450,-80
0.5777,1881,1875,-450,-80
0.5781,1881,1875,-450,-80
0.5784,1881,1875,-450,-88
0.5788,1881,1875,-450,-88
0.5792,1881,1874,-450,-96
0.5796,1881,1874,-450,-96
0.5800,1881,1874,-450,-96
0.5804,1886,1874,-450,-96
0.5811,1886,1874,-450,-96
0.5814,1886,1874,-450,-104
0.5818,1886,1874,-450,-104
0.5822,1886,1874,-450,-104
0.5826,1886,1874,-450,-104
0.5830,1886,1874,-450,-104
0.5833,1886,1874,-450,-104
0.5837,1886,1874,-450,-104
0.5841,1886,1874,-450,-104
0.5845,1886,1874,-450,-112
0.5848,1886,1874,-450,-112
0.5852,1886,1874,-450,-112
0.5856,1886,1874,-450,-112
0.5859,1886,1874,-450,-112
0.5864,1886,1874,-450,-112
0.5867,1886,1874,-450,-112
0.5871,1886,1874,-450,-120
0.5875,1886,1874,-450,-120
0.5878,1886,1874,-450,-120
0.5882,1886,1874,-450,-120
0.5887,1886,1874,-450,-120
0.5891,1886,1874,-450,-120
0.5895,1886,1874,-450,-128
0.5898,1886,1874,-450,-128
0.5902,1893,1874,-450,-128
0.5910,1893,1874,-450,-128
0.5913,1893,1874,-450,-124
0.5917,1893,1874,-450,-124
0.5920,1893,1874,-450,-124
0.5924,1893,1874,-450,-124
0.5928,1893,1874,-450,-124
0.5932,1893,1874,-100,-124
0.5935,1893,1874,-100,-124
0.5939,1893,1874,-100,-124
0.5943,1893,1874,-100,-132
0.5947,1893,1874,-100,-132
0.5951,1893,1874,-100,-132
0.5955,1893,1874,-100,-132
0.5958,1893,1874,-100,-132
0.5962,1893,1874,-100,-140
0.5967,1893,1874,-100,-140
0.5970,1893,1874,-100,-140
0.5974,1893,1874,-100,-148
0.5977,1893,1874,-100,-148
0.5981,1893,1874,-100,-148
0.5985,1893,1874,-100,-148
0.5989,1893,1874,-100,-148
0.5992,1893,1874,-100,-156
0.5997,1893,1874,-100,-156
0.6000,1900,1874,-100,-156
0.6007,1900,1874,-100,-156
0.6011,1900,1875,-100,-156
0.6015,1900,1875,-100,-156
0.6019,1900,1875,-100,-156
0.6022,1900,1875,-100,-156
0.6027,1900,1875,-100,-156
0.6031,1900,1875,-100,-164
0.6034,1900,1875,-100,-164
0.6038,1900,1875,-100,-164
0.6042,1900,1875,-100,-172
0.6046,1900,1875,-100,-172
0.6049,1900,1875,-100,-172
0.6053,1900,1876,-100,-164
0.6057,1900,1876,-100,-164
0.6061,1900,1876,-100,-172
0.6065,1900,1876,-100,-172
0.6069,1900,1876,-100,-172
0.6073,1900,1876,-100,-180
0.6077,1900,1876,-100,-180
0.6080,1900,1877,-100,-172
0.6084,1900,1877,-100,-172
0.6088,1900,1877,-100,-172
0.6092,1900,1877,-100,-180
0.6095,1900,1877,-100,-180
0.6099,1900,1877,-100,-180
0.6103,1909,1878,-100,-172
0.6110,1909,1878,-100,-172
0.6114,1909,1878,-100,-172
0.6118,1909,1878,-100,-172
0.6122,1909,1878,-100,-180
0.6125,1909,1878,-100,-180
0.6129,1909,1878,-100,-180
0.6133,1909,1879,250,-172
0.6137,1909,1879,250,-172
0.6140,1909,1879,250,-180
0.6144,1909,1879,250,-180
0.6148,1909,1879,250,-180
0.6152,1909,1879,250,-188
0.6155,1909,1879,250,-188
0.6159,1909,1879,250,-188
0.6163,1909,1879,250,-188
0.6167,1909,1879,250,-188
0.6171,1909,1880,250,-188
0.6175,1909,1880,250,-188
0.6179,1909,1880,250,-188
0.6183,1909,1880,250,-196
0.6187,1909,1880,250,-196
0.6191,1909,1881,250,-188
0.6194,1909,1881,250,-188
0.6198,1909,1881,250,-188
0.6202,1918,1881,250,-196
0.6209,1918,1881,250,-196
0.6213,1918,1882,250,-196
0.6217,1918,1882,250,-196
0.6221,1918,1882,250,-196
0.6224,1918,1882,250,-196
0.6228,1918,1882,250,-196
0.6231,1918,1883,250,-196
0.6235,1918,1883,250,-196
0.6239,1918,1883,250,-196
0.6242,1918,1883,250,-204
0.6247,1918,1883,250,-204
0.6250,1918,1884,250,-204
0.6254,1918,1884,250,-204
0.6258,1918,1884,250,-204
0.6262,1918,1884,250,-204
0.6265,1918,1884,250,-204
0.6269,1918,1884,250,-204
0.6273,1918,1885,250,-204
0.6277,1918,1885,250,-204
0.6281,1918,1886,250,-204
0.6285,1918,1886,250,-204
0.6288,1918,1886,250,-204
0.6292,1918,1886,250,-212
0.6296,1918,1886,250,-212
0.6300,1918,1886,250,-220
0.6304,1929,1886,250,-220
0.6311,1929,1887,250,-204
0.6315,1929,1887,250,-204
0.6318,1929,1887,250,-204
0.6322,1929,1888,250,-204
0.6327,1929,1888,250,-204
0.6331,1929,1888,450,-212
0.6334,1929,1888,450,-212
0.6338,1929,1888,450,-212
0.6342,1929,1889,450,-212
0.6345,1929,1889,450,-212
0.6349,1929,1889,450,-212
0.6353,1929,1889,450,-212
0.6357,1929,1889,450,-212
0.6360,1929,1890,450,-212
0.6364,1929,1890,450,-212
0.6368,1929,1890,450,-212
0.6372,1929,1891,450,-212
0.6376,1929,1891,450,-212
0.6379,1929,1891,450,-220
0.6383,1929,1891,450,-220
0.6387,1929,1891,450,-220
0.6391,1929,1892,450,-220
0.6394,1929,1892,450,-220
0.6398,1929,1892,450,-220
0.6402,1940,1892,450,-228
0.6409,1940,1893,450,-228
0.6413,1940,1893,450,-228
0.6417,1940,1893,450,-228
0.6421,1940,1894,450,-220
0.6425,1940,1894,450,-220
0.6428,1940,1894,450,-228
0.6432,1940,1894,450,-228
0.6437,1940,1894,450,-228
0.6440,1940,1895,450,-228
0.6444,1940,1895,450,-228
0.6448,1940,1895,450,-228
0.6451,1940,1895,450,-236
0.6455,1940,1895,450,-236
0.6459,1940,1896,450,-236
0.6463,1940,1896,450,-236
0.6467,1940,1896,450,-236
0.6471,1940,1897,450,-236
0.6474,1940,1897,450,-236
0.6478,1940,1898,450,-236
0.6482,1940,1898,450,-236
0.6486,1940,1898,450,-236
0.6490,1940,1898,450,-244
0.6493,1940,1898,450,-244
0.6497,1940,1898,450,-244
0.6501,1953,1899,450,-244
0.6508,1953,1899,450,-256
0.6512,1953,1899,450,-256
0.6516,1953,1899,450,-256
0.6519,1953,1900,450,-256
0.6523,1953,1900,450,-256
0.6527,1953,1900,450,-256
0.6530,1953,1900,600,-264
0.6534,1953,1900,600,-264
0.6538,1953,1901,600,-264
0.6542,1953,1901,600,-264
0.6547,1953,1901,600,-264
0.6550,1953,1902,600,-264
0.6554,1953,1902,600,-264
0.6558,1953,1902,600,-264
0.6561,1953,1903,600,-264
0.6565,1953,1903,600,-264
0.6569,1953,1903,600,-272
0.6572,1953,1903,600,-272
0.6577,1953,1903,600,-272
0.6581,1953,1904,600,-272
0.6584,1953,1904,600,-272
0.6588,1953,1905,600,-272
0.6592,1953,1905,600,-272
0.6596,1953,1905,600,-272
0.6600,1953,1906,600,-272
0.6604,1966,1906,600,-272
0.6610,1966,1906,600,-280
0.6614,1966,1906,600,-280
0.6618,1966,1907,600,-280
0.6622,1966,1907,600,-280
0.6625,1966,1907,600,-280
0.6629,1966,1908,600,-280
0.6633,1966,1908,600,-280
0.6637,1966,1908,600,-280
0.6641,1966,1909,600,-272
0.6644,1966,1909,600,-272
0.6648,1966,1910,600,-280
0.6652,1966,1910,600,-280
0.6657,1966,1910,600,-280
0.6660,1966,1910,600,-288
0.6664,1966,1910,600,-288
0.6668,1966,1911,600,-288
0.6672,1966,1911,600,-288
0.6675,1966,1911,600,-288
0.6679,1966,1912,600,-288
0.6683,1966,1912,600,-288
0.6687,1966,1912,600,-288
0.6691,1966,1913,600,-288
0.6694,1966,1913,600,-288
0.6698,1966,1914,600,-288
0.6702,1979,1914,600,-288
0.6709,1979,1915,600,-280
0.6713,1979,1915,600,-280
0.6717,1979,1915,600,-288
0.6721,1979,1915,600,-288
0.6724,1979,1915,600,-288
0.6728,1979,1916,800,-288
0.6732,1979,1916,800,-288
0.6735,1979,1916,800,-288
0.6739,1979,1917,800,-288
0.6743,1979,1917,800,-288
0.6747,1979,1917,800,-288
0.6750,1979,1918,800,-288
0.6754,1979,1918,800,-288
0.6758,1979,1919,800,-288
0.6762,1979,1919,800,-288
0.6765,1979,1919,800,-288
0.6769,1979,1920,800,-288
0.6773,1979,1920,800,-288
0.6777,1979,1921,800,-296
0.6781,1979,1921,800,-296
0.6784,1979,1921,800,-296
0.6788,1979,1921,800,-304
0.6792,1979,1921,800,-304
0.6796,1979,1921,800,-304
0.6799,1979,1922,800,-304
0.6803,1994,1923,800,-304
0.6810,1994,1923,800,-304
0.6814,1994,1923,800,-304
0.6818,1994,1924,800,-304
0.6822,1994,1924,800,-304
0.6825,1994,1924,800,-304
0.6829,1994,1925,800,-304
0.6833,1994,1925,800,-304
0.6837,1994,1926,800,-304
0.6840,1994,1926,800,-304
0.6844,1994,1926,800,-304
0.6848,1994,1927,800,-304
0.6851,1994,1927,800,-304
0.6855,1994,1927,800,-304
0.6859,1994,1928,800,-312
0.6863,1994,1928,800,-312
0.6867,1994,1928,800,-320
0.6871,1994,1928,800,-320
0.6874,1994,1928,800,-320
0.6878,1994,1929,800,-320
0.6882,1994,1929,800,-320
0.6885,1994,1929,800,-320
0.6889,1994,1930,800,-320
0.6893,1994,1930,800,-320
0.6897,1994,1931,800,-320
0.6900,2008,1931,800,-320
0.6907,2008,1932,800,-336
0.6910,2008,1932,800,-336
0.6914,2008,1932,800,-336
0.6917,2008,1933,800,-336
0.6921,2008,1933,800,-336
0.6925,2008,1933,800,-336
0.6928,2008,1934,900,-336
0.6932,2008,1934,900,-336
0.6935,2008,1934,900,-336
0.6939,2008,1935,900,-336
0.6943,2008,1935,900,-336
0.6947,2008,1936,900,-344
0.6950,2008,1936,900,-344
0.6954,2008,1936,900,-344
0.6957,2008,1937,900,-344
0.6961,2008,1937,900,-344
0.6964,2008,1937,900,-344
0.6968,2008,1938,900,-344
0.6971,2008,1938,900,-344
0.6975,2008,1938,900,-344
0.6979,2008,1940,900,-344
0.6982,2008,1940,900,-344
0.6987,2008,1940,900,-352
0.6990,2008,1940,900,-352
0.6994,2008,1940,900,-352
0.6998,2008,1941,900,-352
0.7001,2023,1941,900,-352
0.7008,2023,1942,900,-352
0.7012,2023,1942,900,-352
0.7016,2023,1944,900,-344
0.7019,2023,1944,900,-344
0.7023,2023,1944,900,-344
0.7027,2023,1945,900,-352
0.7030,2023,1945,900,-352
0.7034,2023,1945,900,-352
0.7038,2023,1946,900,-352
0.7041,2023,1946,900,-352
0.7045,2023,1946,900,-352
0.7048,2023,1947,900,-352
0.7052,2023,1947,900,-352
0.7055,2023,1948,900,-352
0.7059,2023,1948,900,-352
0.7063,2023,1948,900,-352
0.7067,2023,1949,900,-360
0.7070,2023,1949,900,-360
0.7074,2023,1949,900,-360
0.7077,2023,1950,900,-360
0.7081,2023,1950,900,-360
0.7084,2023,1950,900,-360
0.7089,2023,1951,900,-360
0.7092,2023,1951,900,-360
0.7097,2023,1952,900,-368
0.7100,2038,1952,900,-368
0.7107,2038,1953,900,-360
0.7111,2038,1953,900,-360
0.7114,2038,1953,900,-360
0.7118,2038,1954,900,-360
0.7122,2038,1954,900,-360
0.7125,2038,1956,1100,-352
0.7129,2038,1956,1100,-352
0.7133,2038,1956,1100,-352
0.7137,2038,1957,1100,-360
0.7140,2038,1957,1100,-360
0.7144,2038,1957,1100,-360
0.7147,2038,1958,1100,-360
0.7151,2038,1958,1100,-360
0.7154,2038,1958,1100,-360
0.7158,2038,1959,1100,-360
0.7161,2038,1959,1100,-360
0.7165,2038,1959,1100,-360
0.7168,2038,1960,1100,-368
0.7172,2038,1960,1100,-368
0.7175,2038,1961,1100,-368
0.7179,2038,1961,1100,-368
0.7183,2038,1961,1100,-368
0.7187,2038,1963,1100,-360
0.7191,2038,1963,1100,-360
0.7195,2038,1964,1100,-368
0.7198,2038,1964,1100,-368
0.7202,2053,1965,1100,-368
0.7209,2053,1965,1100,-368
0.7213,2053,1965,1100,-368
0.7217,2053,1966,1100,-368
0.7221,2053,1966,1100,-368
0.7225,2053,1967,1100,-368
0.7229,2053,1967,1100,-368
0.7233,2053,1967,1100,-368
0.7237,2053,1968,1100,-376
0.7241,2053,1968,1100,-376
0.7244,2053,1969,1100,-376
0.7248,2053,1969,1100,-376
0.7252,2053,1969,1100,-376
0.7256,2053,1971,1100,-376
0.7259,2053,1971,1100,-376
0.7263,2053,1971,1100,-376
0.7267,2053,1972,1100,-376
0.7271,2053,1972,1100,-376
0.7275,2053,1973,1100,-376
0.7278,2053,1973,1100,-376
0.7282,2053,1973,1100,-376
0.7286,2053,1974,1100,-384
0.7289,2053,1974,1100,-384
0.7293,2053,1974,1100,-384
0.7297,2053,1975,1100,-384
0.7301,2068,1975,1100,-384
0.7308,2068,1977,1100,-368
0.7311,2068,1977,1100,-368
0.7315,2068,1978,1100,-376
0.7318,2068,1978,1100,-376
0.7322,2068,1978,1100,-376
0.7325,2068,1979,1150,-376
0.7329,2068,1979,1150,-376
0.7332,2068,1979,1150,-376
0.7336,2068,1980,1150,-384
0.7339,2068,1980,1150,-384
0.7343,2068,1980,1150,-384
0.7347,2068,1981,1150,-384
0.7351,2068,1981,1150,-384
0.7355,2068,1983,1150,-376
0.7359,2068,1983,1150,-376
0.7362,2068,1983,1150,-376
0.7367,2068,1984,1150,-384
0.7371,2068,1984,1150,-384
0.7375,2068,1985,1150,-384
0.7378,2068,1985,1150,-384
0.7382,2068,1985,1150,-384
0.7387,2068,1986,1150,-392
0.7390,2068,1986,1150,-392
0.7394,2068,1986,1150,-392
0.7397,2068,1987,1150,-392
0.7401,2082,1989,1150,-384
0.7407,2082,1989,1150,-384
0.7411,2082,1989,1150,-384
0.7415,2082,1990,1150,-392
0.7419,2082,1990,1150,-392
0.7422,2082,1990,1150,-392
0.7427,2082,1991,1150,-392
0.7431,2082,1991,1150,-392
0.7435,2082,1992,1150,-392
0.7439,2082,1992,1150,-392
0.7444,2082,1994,1150,-392
0.7448,2082,1994,1150,-392
0.7452,2082,1994,1150,-392
0.7456,2082,1995,1150,-392
0.7460,2082,1995,1150,-392
0.7463,2082,1996,1150,-400
0.7467,2082,1996,1150,-400
0.7471,2082,1996,1150,-400
0.7475,2082,1998,1150,-392
0.7478,2082,1998,1150,-392
0.7482,2082,1998,1150,-392
0.7485,2082,1999,1150,-392
0.7489,2082,1999,1150,-392
0.7492,2082,1999,1150,-392
0.7496,2082,2000,1150,-400
0.7499,2082,2000,1150,-400
0.7503,2097,2001,1150,-408
0.7510,2097,2001,1150,-408
0.7514,2097,2003,1150,-400
0.7518,2097,2003,1150,-400
0.7522,2097,2003,1150,-400
0.7527,2097,2004,1250,-408
0.7530,2097,2004,1250,-408
0.7534,2097,2006,1250,-400
0.7538,2097,2006,1250,-400
0.7541,2097,2006,1250,-400
0.7545,2097,2007,1250,-408
0.7548,2097,2007,1250,-408
0.7552,2097,2007,1250,-408
0.7555,2097,2008,1250,-408
0.7559,2097,2008,1250,-408
0.7563,2097,2008,1250,-408
0.7567,2097,2009,1250,-408
0.7570,2097,2009,1250,-408
0.7574,2097,2011,1250,-408
0.7577,2097,2011,1250,-408
0.7580,2097,2011,1250,-408
0.7584,2097,2012,1250,-408
0.7588,2097,2012,1250,-408
0.7591,2097,2012,1250,-408
0.7595,2097,2013,1250,-416
0.7598,2097,2013,1250,-416
0.7602,2111,2015,1250,-408
0.7609,2111,2015,1250,-408
0.7613,2111,2016,1250,-408
0.7617,2111,2016,1250,-408
0.7620,2111,2016,1250,-408
0.7624,2111,2017,1250,-416
0.7628,2111,2017,1250,-416
0.7632,2111,2017,1250,-416
0.7635,2111,2019,1250,-408
0.7639,2111,2019,1250,-408
0.7643,2111,2020,1250,-408
0.7647,2111,2020,1250,-408
0.7650,2111,2020,1250,-408
0.7654,2111,2021,1250,-416
0.7657,2111,2021,1250,-416
0.7661,2111,2021,1250,-416
0.7664,2111,2022,1250,-416
0.7668,2111,2022,1250,-416
0.7671,2111,2022,1250,-416
0.7675,2111,2024,1250,-416
0.7678,2111,2024,1250,-416
0.7682,2111,2024,1250,-416
0.7686,2111,2025,1250,-416
0.7689,2111,2025,1250,-416
0.7693,2111,2027,1250,-416
0.7697,2111,2027,1250,-416
0.7700,2124,2028,1250,-404
0.7707,2124,2028,1250,-404
0.7711,2124,2028,1250,-404
0.7714,2124,2029,1250,-404
0.7718,2124,2029,1250,-404
0.7722,2124,2029,1250,-404
0.7726,2124,2031,1350,-404
0.7729,2124,2031,1350,-404
0.7733,2124,2032,1350,-404
0.7737,2124,2032,1350,-404
0.7740,2124,2032,1350,-404
0.7744,2124,2034,1350,-404
0.7748,2124,2034,1350,-404
0.7751,2124,2034,1350,-404
0.7755,2124,2035,1350,-404
0.7758,2124,2035,1350,-404
0.7762,2124,2037,1350,-404
0.7766,2124,2037,1350,-404
0.7769,2124,2037,1350,-404
0.7773,2124,2038,1350,-404
0.7777,2124,2038,1350,-404
0.7781,2124,2038,1350,-404
0.7785,2124,2039,1350,-404
0.7788,2124,2039,1350,-404
0.7792,2124,2041,1350,-404
0.7796,2124,2041,1350,-404
0.7800,2124,2041,1350,-404
0.7803,2138,2042,1350,-404
0.7810,2138,2042,1350,-404
0.7814,2138,2043,1350,-404
0.7817,2138,2043,1350,-404
0.7821,2138,2043,1350,-404
0.7824,2138,2045,1350,-404
0.7828,2138,2045,1350,-404
0.7831,2138,2045,1350,-404
0.7835,2138,2047,1350,-396
0.7838,2138,2047,1350,-396
0.7842,2138,2048,1350,-404
0.7845,2138,2048,1350,-404
0.7849,2138,2048,1350,-404
0.7853,2138,2049,1350,-404
0.7857,2138,2049,1350,-404
0.7860,2138,2049,1350,-404
0.7864,2138,2051,1350,-396
0.7867,2138,2051,1350,-396
0.7871,2138,2051,1350,-396
0.7875,2138,2052,1350,-404
0.7878,2138,2052,1350,-404
0.7882,2138,2054,1350,-396
0.7887,2138,2054,1350,-396
0.7890,2138,2054,1350,-396
0.7894,2138,2055,1350,-404
0.7898,2138,2055,1350,-404
0.7901,2150,2057,1350,-388
0.7908,2150,2057,1350,-388
0.7912,2150,2058,1350,-388
0.7917,2150,2058,1350,-388
0.7920,2150,2058,1350,-388
0.7923,2150,2060,1450,-388
0.7927,2150,2060,1450,-388
0.7930,2150,2060,1450,-388
0.7934,2150,2061,1450,-388
0.7938,2150,2061,1450,-388
0.7942,2150,2062,1450,-388
0.7946,2150,2062,1450,-388
0.7949,2150,2062,1450,-388
0.7953,2150,2064,1450,-388
0.7958,2150,2064,1450,-388
0.7961,2150,2065,1450,-388
0.7965,2150,2065,1450,-388
0.7969,2150,2065,1450,-388
0.7973,2150,2067,1450,-388
0.7977,2150,2067,1450,-388
0.7980,2150,2067,1450,-388
0.7983,2150,2068,1450,-388
0.7987,2150,2068,1450,-388
0.7991,2150,2068,1450,-388
0.7994,2150,2069,1450,-388
0.7998,2150,2069,1450,-388
0.8001,2161,2070,1450,-396
0.8008,2161,2070,1450,-396
0.8012,2161,2072,1450,-388
0.8016,2161,2072,1450,-388
0.8019,2161,2072,1450,-388
0.8023,2161,2073,1450,-388
0.8027,2161,2073,1450,-388
0.8031,2161,2075,1450,-388
0.8034,2161,2075,1450,-388
0.8038,2161,2075,1450,-388
0.8042,2161,2076,1450,-388
0.8047,2161,2076,1450,-388
0.8051,2161,2078,1450,-388
0.8054,2161,2078,1450,-388
0.8058,2161,2078,1450,-388
0.8061,2161,2079,1450,-388
0.8065,2161,2079,1450,-388
0.8069,2161,2079,1450,-388
0.8073,2161,2081,1450,-380
0.8077,2161,2081,1450,-380
0.8080,2161,2081,1450,-380
0.8084,2161,2082,1450,-388
0.8087,2161,2082,1450,-388
0.8091,2161,2083,1450,-388
0.8094,2161,2083,1450,-388
0.8098,2161,2083,1450,-388
0.8101,2171,2085,1450,-380
0.8109,2171,2085,1450,-380
0.8112,2171,2086,1450,-388
0.8117,2171,2086,1450,-388
0.8120,2171,2086,1450,-388
0.8124,2171,2088,1400,-380
0.8128,2171,2088,1400,-380
0.8131,2171,2089,1400,-380
0.8135,2171,2089,1400,-380
0.8138,2171,2089,1400,-380
0.8142,2171,2090,1400,-388
0.8146,2171,2090,1400,-388
0.8149,2171,2090,1400,-388
0.8153,2171,2091,1400,-388
0.8157,2171,2091,1400,-388
0.8160,2171,2093,1400,-380
0.8164,2171,2093,1400,-380
0.8167,2171,2093,1400,-380
0.8171,2171,2094,1400,-380
0.8175,2171,2094,1400,-380
0.8178,2171,2094,1400,-380
0.8182,2171,2096,1400,-380
0.8186,2171,2096,1400,-380
0.8189,2171,2096,1400,-380
0.8193,2171,2097,1400,-380
0.8197,2171,2097,1400,-380
0.8201,2181,2098,1400,-380
0.8208,2181,2098,1400,-380
0.8211,2181,2100,1400,-372
0.8215,2181,2100,1400,-372
0.8219,2181,2100,1400,-372
0.8222,2181,2101,1400,-372
0.8226,2181,2101,1400,-372
0.8229,2181,2101,1400,-372
0.8233,2181,2103,1400,-372
0.8237,2181,2103,1400,-372
0.8240,2181,2104,1400,-372
0.8243,2181,2104,1400,-372
0.8247,2181,2104,1400,-372
0.8251,2181,2105,1400,-372
0.8254,2181,2105,1400,-372
0.8258,2181,2105,1400,-372
0.8261,2181,2107,1400,-364
0.8265,2181,2107,1400,-364
0.8269,2181,2107,1400,-364
0.8272,2181,2108,1400,-364
0.8277,2181,2108,1400,-364
0.8280,2181,2110,1400,-364
0.8284,2181,2110,1400,-364
0.8287,2181,2110,1400,-364
0.8291,2181,2111,1400,-364
0.8295,2181,2111,1400,-364
0.8298,2181,2111,1400,-364
0.8302,2189,2112,1400,-360
0.8309,2189,2112,1400,-360
0.8313,2189,2114,1400,-352
0.8317,2189,2114,1400,-352
0.8320,2189,2115,1350,-352
0.8324,2189,2115,1350,-352
0.8327,2189,2115,1350,-352
0.8331,2189,2116,1350,-352
0.8335,2189,2116,1350,-352
0.8338,2189,2116,1350,-352
0.8342,2189,2118,1350,-352
0.8345,2189,2118,1350,-352
0.8349,2189,2119,1350,-352
0.8353,2189,2119,1350,-352
0.8357,2189,2119,1350,-352
0.8360,2189,2120,1350,-352
0.8364,2189,2120,1350,-352
0.8368,2189,2120,1350,-352
0.8372,2189,2122,1350,-344
0.8376,2189,2122,1350,-344
0.8379,2189,2123,1350,-344
0.8384,2189,2123,1350,-344
0.8387,2189,2123,1350,-344
0.8391,2189,2124,1350,-344
0.8394,2189,2124,1350,-344
0.8398,2189,2124,1350,-344
0.8401,2197,2126,1350,-336
0.8408,2197,2126,1350,-336
0.8412,2197,2127,1350,-336
0.8415,2197,2127,1350,-336
0.8419,2197,2127,1350,-336
0.8422,2197,2128,1350,-344
0.8426,2197,2128,1350,-344
0.8429,2197,2130,1350,-336
0.8433,2197,2130,1350,-336
0.8437,2197,2130,1350,-336
0.8440,2197,2131,1350,-336
0.8444,2197,2131,1350,-336
0.8448,2197,2131,1350,-336
0.8452,2197,2132,1350,-336
0.8455,2197,2132,1350,-336
0.8459,2197,2134,1350,-328
0.8463,2197,2134,1350,-328
0.8467,2197,2134,1350,-328
0.8471,2197,2135,1350,-328
0.8474,2197,2135,1350,-328
0.8478,2197,2135,1350,-328
0.8481,2197,2137,1350,-320
0.8485,2197,2137,1350,-320
0.8488,2197,2138,1350,-320
0.8492,2197,2138,1350,-320
0.8496,2197,2138,1350,-320
0.8499,2197,2139,1350,-308
0.8503,2203,2139,1350,-308
0.8510,2203,2140,1350,-308
0.8514,2203,2140,1350,-308
0.8517,2203,2140,1350,-308
0.8521,2203,2141,1300,-308
0.8525,2203,2141,1300,-308
0.8529,2203,2143,1300,-300
0.8533,2203,2143,1300,-300
0.8537,2203,2143,1300,-300
0.8541,2203,2144,1300,-300
0.8545,2203,2144,1300,-300
0.8549,2203,2145,1300,-300
0.8553,2203,2145,1300,-300
0.8557,2203,2145,1300,-300
0.8560,2203,2147,1300,-292
0.8564,2203,2147,1300,-292
0.8567,2203,2147,1300,-292
0.8571,2203,2148,1300,-292
0.8574,2203,2148,1300,-292
0.8578,2203,2149,1300,-292
0.8582,2203,2149,1300,-292
0.8585,2203,2149,1300,-292
0.8589,2203,2150,1300,-292
0.8593,2203,2150,1300,-292
0.8597,2203,2150,1300,-292
0.8600,2208,2152,1300,-284
0.8607,2208,2152,1300,-284
0.8611,2208,2153,1300,-276
0.8614,2208,2153,1300,-276
0.8618,2208,2155,1300,-268
0.8622,2208,2155,1300,-268
0.8626,2208,2155,1300,-268
0.8630,2208,2156,1300,-268
0.8634,2208,2156,1300,-268
0.8637,2208,2156,1300,-268
0.8641,2208,2157,1300,-268
0.8645,2208,2157,1300,-268
0.8648,2208,2158,1300,-268
0.8652,2208,2158,1300,-268
0.8655,2208,2158,1300,-268
0.8659,2208,2159,1300,-268
0.8663,2208,2159,1300,-268
0.8667,2208,2159,1300,-268
0.8670,2208,2160,1300,-268
0.8674,2208,2160,1300,-268
0.8678,2208,2161,1300,-268
0.8681,2208,2161,1300,-268
0.8685,2208,2161,1300,-268
0.8688,2208,2162,1300,-260
0.8692,2208,2162,1300,-260
0.8697,2208,2162,1300,-260
0.8700,2211,2163,1300,-256
0.8707,2211,2163,1300,-256
0.8711,2211,2165,1300,-248
0.8714,2211,2165,1300,-248
0.8718,2211,2166,1250,-248
0.8722,2211,2166,1250,-248
0.8725,2211,2166,1250,-248
0.8729,2211,2167,1250,-240
0.8732,2211,2167,1250,-240
0.8736,2211,2167,1250,-240
0.8739,2211,2168,1250,-240
0.8743,2211,2168,1250,-240
0.8747,2211,2168,1250,-240
0.8750,2211,2169,1250,-240
0.8754,2211,2169,1250,-240
0.8757,2211,2170,1250,-240
0.8761,2211,2170,1250,-240
0.8765,2211,2170,1250,-240
0.8768,2211,2171,1250,-232
0.8772,2211,2171,1250,-232
0.8776,2211,2171,1250,-232
0.8780,2211,2173,1250,-224
0.8783,2211,2173,1250,-224
0.8787,2211,2174,1250,-224
0.8791,2211,2174,1250,-224
0.8795,2211,2174,1250,-224
0.8798,2211,2175,1250,-216
0.8802,2214,2175,1250,-216
0.8809,2214,2175,1250,-224
0.8813,2214,2175,1250,-224
0.8817,2214,2175,1250,-224
0.8821,2214,2177,1250,-208
0.8824,2214,2177,1250,-208
0.8828,2214,2178,1250,-208
0.8832,2214,2178,1250,-208
0.8835,2214,2178,1250,-208
0.8839,2214,2179,1250,-208
0.8843,2214,2179,1250,-208
0.8847,2214,2180,1250,-200
0.8850,2214,2180,1250,-200
0.8854,2214,2180,1250,-200
0.8858,2214,2181,1250,-200
0.8862,2214,2181,1250,-200
0.8866,2214,2181,1250,-200
0.8869,2214,2182,1250,-192
0.8873,2214,2182,1250,-192
0.8877,2214,2183,1250,-192
0.8881,2214,2183,1250,-192
0.8885,2214,2183,1250,-192
0.8889,2214,2184,1250,-184
0.8892,2214,2184,1250,-184
0.8897,2214,2185,1250,-172
0.8900,2215,2185,1250,-172
0.8907,2215,2186,1250,-164
0.8911,2215,2186,1250,-164
0.8915,2215,2186,1250,-164
0.8919,2215,2187,1050,-164
0.8922,2215,2187,1050,-164
0.8927,2215,2188,1050,-156
0.8930,2215,2188,1050,-156
0.8934,2215,2188,1050,-156
0.8938,2215,2188,1050,-164
0.8942,2215,2188,1050,-164
0.8945,2215,2188,1050,-164
0.8949,2215,2189,1050,-156
0.8953,2215,2189,1050,-156
0.8957,2215,2190,1050,-148
0.8961,2215,2190,1050,-148
0.8965,2215,2190,1050,-148
0.8969,2215,2191,1050,-148
0.8972,2215,2191,1050,-148
0.8977,2215,2192,1050,-140
0.8981,2215,2192,1050,-140
0.8984,2215,2192,1050,-140
0.8988,2215,2193,1050,-132
0.8992,2215,2193,1050,-132
0.8995,2215,2193,1050,-132
0.8999,2215,2194,1050,-132
0.9003,2214,2195,1050,-124
0.9010,2214,2195,1050,-124
0.9014,2214,2195,1050,-124
0.9018,2214,2195,1050,-124
0.9022,2214,2195,1050,-124
0.9025,2214,2195,1050,-124
0.9029,2214,2196,1050,-116
0.9033,2214,2196,1050,-116
0.9037,2214,2197,1050,-108
0.9041,2214,2197,1050,-108
0.9045,2214,2198,1050,-100
0.9050,2214,2198,1050,-100
0.9054,2214,2198,1050,-100
0.9057,2214,2199,1050,-100
0.9061,2214,2199,1050,-100
0.9065,2214,2199,1050,-100
0.9069,2214,2199,1050,-100
0.9072,2214,2199,1050,-100
0.9076,2214,2200,1050,-92
0.9079,2214,2200,1050,-92
0.9083,2214,2200,1050,-92
0.9087,2214,2201,1050,-84
0.9091,2214,2201,1050,-84
0.9094,2214,2201,1050,-84
0.9098,2214,2202,1050,-52
0.9102,2213,2202,1050,-52
0.9109,2213,2202,1050,-52
0.9113,2213,2202,1050,-52
0.9117,2213,2203,800,-44
0.9120,2213,2203,800,-44
0.9125,2213,2204,800,-36
0.9129,2213,2204,800,-36
0.9133,2213,2204,800,-36
0.9137,2213,2204,800,-36
0.9141,2213,2204,800,-36
0.9144,2213,2204,800,-36
0.9148,2213,2205,800,-28
0.9152,2213,2205,800,-28
0.9156,2213,2205,800,-20
0.9159,2213,2205,800,-20
0.9163,2213,2205,800,-20
0.9167,2213,2206,800,20
0.9170,2213,2206,800,20
0.9174,2213,2206,800,20
0.9178,2213,2207,800,28
0.9181,2213,2207,800,28
0.9185,2213,2207,800,28
0.9189,2213,2207,800,28
0.9193,2213,2207,800,28
0.9197,2213,2207,800,28
0.9200,2210,2207,800,28
0.9208,2210,2208,800,36
0.9211,2210,2208,800,36
0.9215,2210,2208,800,36
0.9218,2210,2209,800,52
0.9222,2210,2209,800,52
0.9226,2210,2209,800,52
0.9229,2210,2209,800,52
0.9233,2210,2209,800,52
0.9237,2210,2209,800,52
0.9241,2210,2209,800,52
0.9245,2210,2209,800,52
0.9248,2210,2210,800,60
0.9252,2210,2210,800,60
0.9256,2210,2210,800,60
0.9260,2210,2210,800,60
0.9264,2210,2210,800,60
0.9267,2210,2210,800,60
0.9271,2210,2210,800,60
0.9274,2210,2210,800,60
0.9278,2210,2211,800,68
0.9282,2210,2211,800,68
0.9285,2210,2211,800,68
0.9289,2210,2211,800,68
0.9293,2210,2211,800,68
0.9297,2210,2211,800,60
0.9300,2206,2211,800,60
0.9307,2206,2211,800,60
0.9310,2206,2211,800,60
0.9314,2206,2211,800,60
0.9317,2206,2211,400,60
0.9321,2206,2211,400,60
0.9324,2206,2211,400,60
0.9328,2206,2211,400,60
0.9332,2206,2211,400,60
0.9336,2206,2212,400,68
0.9339,2206,2212,400,68
0.9344,2206,2212,400,76
0.9348,2206,2212,400,76
0.9352,2206,2212,400,76
0.9355,2206,2212,400,76
0.9359,2206,2212,400,76
0.9363,2206,2212,400,76
0.9367,2206,2212,400,76
0.9371,2206,2212,400,76
0.9375,2206,2212,400,84
0.9379,2206,2212,400,84
0.9383,2206,2212,400,84
0.9387,2206,2212,400,84
0.9390,2206,2212,400,84
0.9394,2206,2212,400,84
0.9398,2206,2212,400,84
0.9402,2200,2212,400,92
0.9408,2200,2212,400,92
0.9412,2200,2212,400,92
0.9417,2200,2212,400,92
0.9420,2200,2212,400,92
0.9424,2200,2212,400,100
0.9427,2200,2212,400,100
0.9431,2200,2212,400,100
0.9435,2200,2212,400,100
0.9438,2200,2212,400,100
0.9442,2200,2212,400,100
0.9445,2200,2212,400,100
0.9449,2200,2212,400,100
0.9453,2200,2212,400,100
0.9457,2200,2212,400,108
0.9460,2200,2212,400,108
0.9464,2200,2212,400,108
0.9468,2200,2212,400,108
0.9472,2200,2212,400,108
0.9475,2200,2212,400,116
0.9479,2200,2212,400,116
0.9483,2200,2212,400,116
0.9487,2200,2212,400,116
0.9491,2200,2212,400,116
0.9494,2200,2212,400,112
0.9498,2200,2212,400,112
0.9502,2193,2212,400,112
0.9509,2193,2212,400,112
0.9512,2193,2212,400,112
0.9516,2193,2212,50,120
0.9520,2193,2212,50,120
0.9523,2193,2212,50,120
0.9527,2193,2212,50,120
0.9531,2193,2212,50,120
0.9535,2193,2212,50,128
0.9538,2193,2212,50,128
0.9542,2193,2212,50,128
0.9547,2193,2212,50,128
0.9550,2193,2212,50,128
0.9554,2193,2212,50,136
0.9559,2193,2212,50,136
0.9562,2193,2212,50,136
0.9567,2193,2212,50,136
0.9570,2193,2212,50,136
0.9574,2193,2212,50,144
0.9578,2193,2212,50,144
0.9582,2193,2212,50,144
0.9585,2193,2212,50,152
0.9589,2193,2212,50,152
0.9593,2193,2212,50,152
0.9597,2193,2212,50,152
0.9601,2186,2212,50,160
0.9607,2186,2212,50,160
0.9611,2186,2212,50,160
0.9615,2186,2212,50,160
0.9619,2186,2212,50,160
0.9623,2186,2212,50,160
0.9627,2186,2212,50,168
0.9631,2186,2212,50,168
0.9634,2186,2212,50,168
0.9638,2186,2212,50,168
0.9642,2186,2212,50,168
0.9646,2186,2212,50,176
0.9650,2186,2212,50,176
0.9653,2186,2211,50,176
0.9657,2186,2211,50,176
0.9661,2186,2211,50,176
0.9665,2186,2211,50,176
0.9669,2186,2211,50,176
0.9672,2186,2211,50,184
0.9677,2186,2211,50,184
0.9681,2186,2211,50,184
0.9685,2186,2210,50,184
0.9689,2186,2210,50,184
0.9692,2186,2210,50,188
0.9697,2186,2210,50,188
0.9701,2177,2210,50,196
0.9708,2177,2210,50,196
0.9712,2177,2210,50,196
0.9717,2177,2209,-150,188
0.9720,2177,2209,-150,188
0.9724,2177,2209,-150,196
0.9728,2177,2209,-150,196
0.9731,2177,2209,-150,196
0.9735,2177,2208,-150,196
0.9739,2177,2208,-150,196
0.9742,2177,2208,-150,196
0.9747,2177,2208,-150,196
0.9751,2177,2208,-150,196
0.9754,2177,2207,-150,196
0.9758,2177,2207,-150,196
0.9762,2177,2207,-150,204
0.9767,2177,2207,-150,204
0.9771,2177,2207,-150,204
0.9774,2177,2206,-150,204
0.9778,2177,2206,-150,204
0.9782,2177,2206,-150,204
0.9787,2177,2206,-150,204
0.9791,2177,2206,-150,204
0.9795,2177,2205,-150,204
0.9798,2177,2205,-150,204
0.9802,2167,2205,-150,212
0.9809,2167,2205,-150,212
0.9813,2167,2205,-150,212
0.9817,2167,2205,-150,212
0.9821,2167,2205,-150,212
0.9824,2167,2204,-150,212
0.9828,2167,2204,-150,212
0.9832,2167,2204,-150,220
0.9837,2167,2204,-150,220
0.9840,2167,2204,-150,220
0.9844,2167,2203,-150,220
0.9848,2167,2203,-150,220
0.9852,2167,2202,-150,220
0.9856,2167,2202,-150,220
0.9859,2167,2202,-150,220
0.9863,2167,2202,-150,220
0.9867,2167,2202,-150,220
0.9871,2167,2202,-150,220
0.9875,2167,2201,-150,220
0.9879,2167,2201,-150,220
0.9882,2167,2200,-150,220
0.9887,2167,2200,-150,220
0.9891,2167,2200,-150,220
0.9894,2167,2200,-150,212
0.9898,2167,2200,-150,212
0.9902,2156,2199,-150,204
0.9909,2156,2199,-150,204
0.9913,2156,2199,-500,212
0.9917,2156,2199,-500,212
0.9921,2156,2199,-500,212
0.9925,2156,2198,-500,212
0.9929,2156,2198,-500,212
0.9932,2156,2198,-500,220
0.9937,2156,2198,-500,220
0.9940,2156,2198,-500,220
0.9944,2156,2197,-500,220
0.9947,2156,2197,-500,220
0.9951,2156,2197,-500,220
0.9955,2156,2197,-500,228
0.9959,2156,2197,-500,228
0.9962,2156,2196,-500,220
0.9967,2156,2196,-500,220
0.9971,2156,2196,-500,220
0.9974,2156,2195,-500,220
0.9978,2156,2195,-500,220
0.9982,2156,2195,-500,228
0.9985,2156,2195,-500,228
0.9989,2156,2195,-500,228
0.9993,2156,2194,-500,228
0.9997,2156,2194,-500,228
1.0001,2144,2193,-500,228
1.0008,2144,2193,-500,228
1.0012,2144,2193,-500,236
1.0017,2144,2193,-500,236
1.0021,2144,2192,-500,236
1.0025,2144,2192,-500,236
1.0028,2144,2192,-500,236
1.0032,2144,2191,-500,236
1.0037,2144,2191,-500,236
1.0040,2144,2191,-500,236
1.0044,2144,2191,-500,244
1.0048,2144,2191,-500,244
1.0051,2144,2190,-500,244
1.0055,2144,2190,-500,244
1.0059,2144,2190,-500,244
1.0063,2144,2190,-500,244
1.0067,2144,2190,-500,244
1.0071,2144,2189,-500,252
1.0075,2144,2189,-500,252
1.0079,2144,2189,-500,252
1.0083,2144,2188,-500,244
1.0087,2144,2188,-500,244
1.0090,2144,2188,-500,244
1.0095,2144,2187,-500,240
1.0099,2144,2187,-500,240
1.0102,2131,2187,-500,248
1.0110,2131,2187,-500,248
1.0113,2131,2186,-650,248
1.0117,2131,2186,-650,248
1.0121,2131,2185,-650,248
1.0125,2131,2185,-650,248
1.0129,2131,2185,-650,248
1.0133,2131,2184,-650,248
1.0137,2131,2184,-650,248
1.0141,2131,2184,-650,256
1.0144,2131,2184,-650,256
1.0148,2131,2184,-650,256
1.0152,2131,2183,-650,256
1.0157,2131,2183,-650,256
1.0161,2131,2182,-650,264
1.0165,2131,2182,-650,264
1.0169,2131,2182,-650,264
1.0172,2131,2182,-650,272
1.0177,2131,2182,-650,272
1.0181,2131,2181,-650,272
1.0184,2131,2181,-650,272
1.0188,2131,2181,-650,272
1.0192,2131,2180,-650,272
1.0197,2131,2180,-650,272
1.0200,2119,2179,-650,272
1.0207,2119,2179,-650,272
1.0211,2119,2179,-650,280
1.0215,2119,2179,-650,280
1.0219,2119,2179,-650,280
1.0223,2119,2178,-650,280
1.0227,2119,2178,-650,280
1.0231,2119,2177,-650,280
1.0235,2119,2177,-650,280
1.0238,2119,2177,-650,280
1.0242,2119,2176,-650,280
1.0246,2119,2176,-650,280
1.0250,2119,2175,-650,280
1.0254,2119,2175,-650,280
1.0257,2119,2175,-650,280
1.0261,2119,2174,-650,280
1.0265,2119,2174,-650,280
1.0269,2119,2174,-650,280
1.0273,2119,2174,-650,288
1.0277,2119,2174,-650,288
1.0281,2119,2173,-650,288
1.0284,2119,2173,-650,288
1.0288,2119,2173,-650,288
1.0292,2119,2172,-650,296
1.0296,2119,2172,-650,296
1.0300,2119,2171,-650,296
1.0304,2104,2171,-650,296
1.0311,2104,2170,-800,304
1.0315,2104,2170,-800,304
1.0319,2104,2170,-800,304
1.0322,2104,2170,-800,312
1.0327,2104,2170,-800,312
1.0331,2104,2169,-800,312
1.0334,2104,2169,-800,312
1.0338,2104,2169,-800,312
1.0342,2104,2168,-800,312
1.0347,2104,2168,-800,312
1.0351,2104,2167,-800,312
1.0354,2104,2167,-800,312
1.0358,2104,2167,-800,312
1.0362,2104,2166,-800,312
1.0365,2104,2166,-800,312
1.0369,2104,2165,-800,312
1.0373,2104,2165,-800,312
1.0377,2104,2165,-800,312
1.0381,2104,2164,-800,320
1.0385,2104,2164,-800,320
1.0389,2104,2164,-800,320
1.0392,2104,2163,-800,320
1.0397,2104,2163,-800,320
1.0401,2091,2162,-800,320
1.0407,2091,2162,-800,320
1.0411,2091,2162,-800,328
1.0415,2091,2162,-800,328
1.0419,2091,2162,-800,328
1.0422,2091,2161,-800,328
1.0427,2091,2161,-800,328
1.0430,2091,2159,-800,320
1.0434,2091,2159,-800,320
1.0438,2091,2159,-800,320
1.0442,2091,2158,-800,320
1.0446,2091,2158,-800,320
1.0450,2091,2157,-800,328
1.0453,2091,2157,-800,328
1.0457,2091,2157,-800,328
1.0461,2091,2157,-800,336
1.0465,2091,2157,-800,336
1.0469,2091,2156,-800,336
1.0472,2091,2156,-800,336
1.0477,2091,2156,-800,336
1.0480,2091,2155,-800,336
1.0484,2091,2155,-800,336
1.0487,2091,2155,-800,336
1.0491,2091,2154,-800,332
1.0495,2091,2154,-800,332
1.0499,2091,2153,-800,340
1.0503,2076,2153,-800,340
1.0511,2076,2152,-900,340
1.0514,2076,2152,-900,340
1.0518,2076,2152,-900,340
1.0522,2076,2150,-900,332
1.0525,2076,2150,-900,332
1.0529,2076,2150,-900,340
1.0533,2076,2150,-900,340
1.0537,2076,2150,-900,340
1.0541,2076,2149,-900,340
1.0545,2076,2149,-900,340
1.0548,2076,2148,-900,348
1.0552,2076,2148,-900,348
1.0557,2076,2148,-900,348
1.0560,2076,2147,-900,348
1.0564,2076,2147,-900,348
1.0568,2076,2145,-900,340
1.0573,2076,2145,-900,340
1.0577,2076,2145,-900,340
1.0581,2076,2144,-900,340
1.0586,2076,2144,-900,340
1.0590,2076,2143,-900,348
1.0594,2076,2143,-900,348
1.0597,2076,2143,-900,348
1.0602,2061,2142,-900,348
1.0610,2061,2141,-900,348
1.0614,2061,2141,-900,348
1.0618,2061,2141,-900,348
1.0622,2061,2140,-900,348
1.0627,2061,2140,-900,348
1.0631,2061,2139,-900,356
1.0635,2061,2139,-900,356
1.0639,2061,2138,-900,356
1.0642,2061,2138,-900,356
1.0646,2061,2138,-900,356
1.0650,2061,2136,-900,348
1.0654,2061,2136,-900,348
1.0658,2061,2135,-900,356
1.0662,2061,2135,-900,356
1.0665,2061,2135,-900,356
1.0669,2061,2134,-900,356
1.0673,2061,2134,-900,356
1.0677,2061,2134,-900,356
1.0681,2061,2133,-900,356
1.0685,2061,2133,-900,356
1.0690,2061,2132,-900,348
1.0693,2061,2132,-900,348
1.0697,2061,2131,-900,356
1.0701,2046,2131,-900,356
1.0708,2046,2130,-1100,356
1.0712,2046,2130,-1100,356
1.0716,2046,2130,-1100,356
1.0719,2046,2129,-1100,356
1.0723,2046,2129,-1100,356
1.0727,2046,2129,-1100,356
1.0731,2046,2127,-1100,356
1.0735,2046,2127,-1100,356
1.0738,2046,2126,-1100,356
1.0742,2046,2126,-1100,356
1.0746,2046,2126,-1100,356
1.0750,2046,2125,-1100,356
1.0754,2046,2125,-1100,356
1.0757,2046,2125,-1100,356
1.0761,2046,2124,-1100,364
1.0764,2046,2124,-1100,364
1.0768,2046,2123,-1100,364
1.0772,2046,2123,-1100,364
1.0776,2046,2123,-1100,364
1.0780,2046,2122,-1100,364
1.0783,2046,2122,-1100,364
1.0787,2046,2120,-1100,364
1.0791,2046,2120,-1100,364
1.0795,2046,2120,-1100,364
1.0798,2046,2119,-1100,364
1.0802,2031,2119,-1100,364
1.0809,2031,2118,-1100,364
1.0812,2031,2118,-1100,364
1.0816,2031,2118,-1100,364
1.0819,2031,2117,-1100,372
1.0823,2031,2117,-1100,372
1.0827,2031,2117,-1100,372
1.0830,2031,2116,-1100,372
1.0834,2031,2116,-1100,372
1.0838,2031,2114,-1100,364
1.0841,2031,2114,-1100,364
1.0845,2031,2114,-1100,364
1.0848,2031,2113,-1100,372
1.0852,2031,2113,-1100,372
1.0856,2031,2113,-1100,372
1.0860,2031,2112,-1100,372
1.0863,2031,2112,-1100,372
1.0866,2031,2112,-1100,372
1.0870,2031,2111,-1100,372
1.0874,2031,2111,-1100,372
1.0877,2031,2110,-1100,380
1.0881,2031,2110,-1100,380
1.0884,2031,2110,-1100,380
1.0888,2031,2108,-1100,372
1.0891,2031,2108,-1100,372
1.0895,2031,2108,-1100,372
1.0898,2031,2107,-1100,372
1.0902,2016,2107,-1100,372
1.0908,2016,2106,-1200,380
1.0912,2016,2106,-1200,380
1.0915,2016,2106,-1200,380
1.0919,2016,2105,-1200,380
1.0923,2016,2105,-1200,380
1.0927,2016,2104,-1200,380
1.0930,2016,2104,-1200,380
1.0933,2016,2104,-1200,380
1.0937,2016,2102,-1200,380
1.0941,2016,2102,-1200,380
1.0945,2016,2102,-1200,380
1.0948,2016,2101,-1200,380
1.0952,2016,2101,-1200,380
1.0956,2016,2101,-1200,380
1.0959,2016,2100,-1200,380
1.0963,2016,2100,-1200,380
1.0967,2016,2099,-1200,388
1.0971,2016,2099,-1200,388
1.0974,2016,2099,-1200,388
1.0978,2016,2097,-1200,380
1.0981,2016,2097,-1200,380
1.0985,2016,2097,-1200,380
1.0988,2016,2096,-1200,388
1.0992,2016,2096,-1200,388
1.0995,2016,2096,-1200,388
1.0999,2016,2095,-1200,388
1.1003,2001,2093,-1200,380
1.1010,2001,2093,-1200,380
1.1014,2001,2093,-1200,380
1.1017,2001,2092,-1200,388
1.1021,2001,2092,-1200,388
1.1025,2001,2092,-1200,388
1.1029,2001,2091,-1200,388
1.1032,2001,2091,-1200,388
1.1037,2001,2090,-1200,388
1.1041,2001,2090,-1200,388
1.1044,2001,2090,-1200,388
1.1048,2001,2088,-1200,388
1.1052,2001,2088,-1200,388
1.1055,2001,2087,-1200,388
1.1059,2001,2087,-1200,388
1.1063,2001,2087,-1200,388
1.1067,2001,2086,-1200,396
1.1070,2001,2086,-1200,396
1.1074,2001,2086,-1200,396
1.1077,2001,2085,-1200,396
1.1081,2001,2085,-1200,396
1.1085,2001,2085,-1200,396
1.1088,2001,2083,-1200,384
1.1092,2001,2083,-1200,384
1.1096,2001,2082,-1200,392
1.1099,2001,2082,-1200,392
1.1103,1987,2081,-1250,392
1.1111,1987,2081,-1250,392
1.1114,1987,2081,-1250,392
1.1118,1987,2079,-1250,384
1.1122,1987,2079,-1250,384
1.1126,1987,2078,-1250,392
1.1129,1987,2078,-1250,392
1.1133,1987,2078,-1250,392
1.1137,1987,2077,-1250,392
1.1140,1987,2077,-1250,392
1.1144,1987,2077,-1250,392
1.1147,1987,2075,-1250,392
1.1151,1987,2075,-1250,392
1.1155,1987,2075,-1250,392
1.1158,1987,2074,-1250,392
1.1162,1987,2074,-1250,392
1.1166,1987,2073,-1250,392
1.1170,1987,2073,-1250,392
1.1173,1987,2073,-1250,392
1.1177,1987,2071,-1250,392
1.1181,1987,2071,-1250,392
1.1185,1987,2071,-1250,392
1.1188,1987,2070,-1250,392
1.1192,1987,2070,-1250,392
1.1197,1987,2069,-1250,400
1.1201,1973,2069,-1250,400
1.1209,1973,2067,-1250,392
1.1212,1973,2067,-1250,392
1.1217,1973,2066,-1250,392
1.1220,1973,2066,-1250,392
1.1224,1973,2066,-1250,392
1.1227,1973,2065,-1250,400
1.1231,1973,2065,-1250,400
1.1235,1973,2065,-1250,400
1.1238,1973,2063,-1250,392
1.1242,1973,2063,-1250,392
1.1246,1973,2062,-1250,392
1.1249,1973,2062,-1250,392
1.1253,1973,2062,-1250,392
1.1257,1973,2061,-1250,400
1.1260,1973,2061,-1250,400
1.1264,1973,2061,-1250,400
1.1267,1973,2059,-1250,392
1.1271,1973,2059,-1250,392
1.1275,1973,2058,-1250,400
1.1279,1973,2058,-1250,400
1.1282,1973,2058,-1250,400
1.1287,1973,2056,-1250,388
1.1291,1973,2056,-1250,388
1.1294,1973,2056,-1250,388
1.1298,1973,2055,-1250,396
1.1302,1960,2054,-1350,396
1.1309,1960,2054,-1350,396
1.1313,1960,2054,-1350,396
1.1317,1960,2052,-1350,388
1.1320,1960,2052,-1350,388
1.1324,1960,2052,-1350,388
1.1328,1960,2051,-1350,396
1.1331,1960,2051,-1350,396
1.1335,1960,2050,-1350,396
1.1339,1960,2050,-1350,396
1.1342,1960,2050,-1350,396
1.1346,1960,2048,-1350,396
1.1349,1960,2048,-1350,396
1.1353,1960,2048,-1350,396
1.1357,1960,2047,-1350,396
1.1360,1960,2047,-1350,396
1.1364,1960,2045,-1350,396
1.1368,1960,2045,-1350,396
1.1372,1960,2045,-1350,396
1.1376,1960,2044,-1350,396
1.1380,1960,2044,-1350,396
1.1383,1960,2044,-1350,396
1.1387,1960,2043,-1350,396
1.1391,1960,2043,-1350,396
1.1394,1960,2041,-1350,396
1.1398,1960,2041,-1350,396
1.1402,1947,2040,-1350,396
1.1409,1947,2040,-1350,396
1.1412,1947,2040,-1350,396
1.1417,1947,2039,-1350,396
1.1420,1947,2039,-1350,396
1.1424,1947,2037,-1350,396
1.1428,1947,2037,-1350,396
1.1431,1947,2037,-1350,396
1.1435,1947,2035,-1350,388
1.1438,1947,2035,-1350,388
1.1442,1947,2035,-1350,388
1.1445,1947,2034,-1350,396
1.1449,1947,2034,-1350,396
1.1453,1947,2034,-1350,396
1.1457,1947,2033,-1350,396
1.1461,1947,2033,-1350,396
1.1464,1947,2031,-1350,388
1.1468,1947,2031,-1350,388
1.1472,1947,2031,-1350,388
1.1476,1947,2030,-1350,396
1.1479,1947,2030,-1350,396
1.1483,1947,2030,-1350,396
1.1487,1947,2029,-1350,396
1.1490,1947,2029,-1350,396
1.1494,1947,2028,-1350,404
1.1498,1947,2028,-1350,404
1.1502,1935,2026,-1400,396
1.1509,1935,2026,-1400,396
1.1513,1935,2026,-1400,396
1.1517,1935,2025,-1400,396
1.1521,1935,2025,-1400,396
1.1524,1935,2023,-1400,396
1.1528,1935,2023,-1400,396
1.1532,1935,2023,-1400,396
1.1536,1935,2022,-1400,396
1.1539,1935,2022,-1400,396
1.1543,1935,2022,-1400,396
1.1547,1935,2020,-1400,388
1.1551,1935,2020,-1400,388
1.1554,1935,2019,-1400,396
1.1558,1935,2019,-1400,396
1.1562,1935,2019,-1400,396
1.1565,1935,2018,-1400,396
1.1569,1935,2018,-1400,396
1.1573,1935,2018,-1400,396
1.1577,1935,2016,-1400,388
1.1580,1935,2016,-1400,388
1.1584,1935,2015,-1400,396
1.1588,1935,2015,-1400,396
1.1591,1935,2015,-1400,396
1.1595,1935,2013,-1400,388
1.1599,1935,2013,-1400,388
1.1602,1924,2012,-1400,388
1.1610,1924,2012,-1400,388
1.1614,1924,2010,-1400,388
1.1617,1924,2010,-1400,388
1.1621,1924,2010,-1400,388
1.1625,1924,2009,-1400,388
1.1629,1924,2009,-1400,388
1.1633,1924,2008,-1400,388
1.1637,1924,2008,-1400,388
1.1640,1924,2008,-1400,388
1.1644,1924,2007,-1400,396
1.1648,1924,2007,-1400,396
1.1651,1924,2007,-1400,396
1.1655,1924,2005,-1400,388
1.1658,1924,2005,-1400,388
1.1662,1924,2005,-1400,388
1.1665,1924,2004,-1400,388
1.1669,1924,2004,-1400,388
1.1673,1924,2002,-1400,388
1.1677,1924,2002,-1400,388
1.1681,1924,2002,-1400,388
1.1684,1924,2001,-1400,380
1.1688,1924,2001,-1400,380
1.1692,1924,2001,-1400,380
1.1696,1924,2000,-1400,380
1.1699,1924,2000,-1400,380
1.1704,1914,1998,-1400,372
1.1711,1914,1998,-1400,372
1.1715,1914,1997,-1400,380
1.1719,1914,1997,-1400,380
1.1723,1914,1996,-1400,380
1.1727,1914,1996,-1400,380
1.1730,1914,1996,-1400,380
1.1734,1914,1994,-1400,372
1.1738,1914,1994,-1400,372
1.1741,1914,1994,-1400,372
1.1745,1914,1993,-1400,380
1.1749,1914,1993,-1400,380
1.1752,1914,1991,-1400,372
1.1757,1914,1991,-1400,372
1.1761,1914,1991,-1400,372
1.1764,1914,1990,-1400,372
1.1768,1914,1990,-1400,372
1.1772,1914,1990,-1400,372
1.1776,1914,1989,-1400,372
1.1780,1914,1989,-1400,372
1.1783,1914,1987,-1400,372
1.1787,1914,1987,-1400,372
1.1791,1914,1987,-1400,372
1.1795,1914,1986,-1400,372
1.1799,1914,1986,-1400,372
1.1802,1904,1985,-1400,372
1.1809,1904,1985,-1400,372
1.1813,1904,1983,-1400,364
1.1817,1904,1983,-1400,364
1.1821,1904,1983,-1400,364
1.1825,1904,1982,-1400,364
1.1829,1904,1982,-1400,364
1.1832,1904,1980,-1400,364
1.1837,1904,1980,-1400,364
1.1841,1904,1980,-1400,364
1.1844,1904,1979,-1400,364
1.1848,1904,1979,-1400,364
1.1852,1904,1978,-1400,364
1.1856,1904,1978,-1400,364
1.1860,1904,1978,-1400,364
1.1863,1904,1977,-1400,364
1.1867,1904,1977,-1400,364
1.1871,1904,1977,-1400,364
1.1874,1904,1975,-1400,356
1.1878,1904,1975,-1400,356
1.1882,1904,1974,-1400,360
1.1886,1904,1974,-1400,360
1.1890,1904,1974,-1400,360
1.1893,1904,1972,-1400,352
1.1897,1904,1972,-1400,352
1.1901,1896,1971,-1350,352
1.1908,1896,1971,-1350,352
1.1911,1896,1971,-1350,352
1.1915,1896,1970,-1350,352
1.1919,1896,1970,-1350,352
1.1923,1896,1969,-1350,352
1.1927,1896,1969,-1350,352
1.1931,1896,1969,-1350,352
1.1934,1896,1967,-1350,344
1.1938,1896,1967,-1350,344
1.1942,1896,1966,-1350,352
1.1947,1896,1966,-1350,352
1.1951,1896,1966,-1350,352
1.1954,1896,1965,-1350,352
1.1958,1896,1965,-1350,352
1.1962,1896,1963,-1350,344
1.1967,1896,1963,-1350,344
1.1971,1896,1963,-1350,344
1.1974,1896,1962,-1350,344
1.1978,1896,1962,-1350,344
1.1981,1896,1960,-1350,336
1.1985,1896,1960,-1350,336
1.1989,1896,1960,-1350,336
1.1993,1896,1959,-1350,336
1.1997,1896,1959,-1350,336
1.2001,1890,1958,-1350,336
1.2008,1890,1958,-1350,336
1.2012,1890,1957,-1350,336
1.2015,1890,1957,-1350,336
1.2019,1890,1957,-1350,336
1.2023,1890,1955,-1350,336
1.2027,1890,1955,-1350,336
1.2031,1890,1954,-1350,336
1.2035,1890,1954,-1350,336
1.2038,1890,1954,-1350,336
1.2042,1890,1953,-1350,336
1.2047,1890,1953,-1350,336
1.2051,1890,1953,-1350,336
1.2054,1890,1951,-1350,328
1.2058,1890,1951,-1350,328
1.2062,1890,1950,-1350,328
1.2066,1890,1950,-1350,328
1.2070,1890,1950,-1350,328
1.2073,1890,1949,-1350,328
1.2077,1890,1949,-1350,328
1.2081,1890,1947,-1350,308
1.2084,1890,1947,-1350,308
1.2088,1890,1947,-1350,308
1.2092,1890,1946,-1350,308
1.2097,1890,1946,-1350,308
1.2101,1884,1945,-1300,308
1.2108,1884,1945,-1300,308
1.2111,1884,1943,-1300,300
1.2115,1884,1943,-1300,300
1.2119,1884,1943,-1300,300
1.2123,1884,1942,-1300,300
1.2127,1884,1942,-1300,300
1.2130,1884,1941,-1300,300
1.2134,1884,1941,-1300,300
1.2138,1884,1941,-1300,300
1.2142,1884,1940,-1300,300
1.2146,1884,1940,-1300,300
1.2150,1884,1938,-1300,292
1.2154,1884,1938,-1300,292
1.2158,1884,1938,-1300,292
1.2162,1884,1937,-1300,284
1.2166,1884,1937,-1300,284
1.2169,1884,1937,-1300,284
1.2173,1884,1936,-1300,284
1.2177,1884,1936,-1300,284
1.2181,1884,1935,-1300,284
1.2185,1884,1935,-1300,284
1.2189,1884,1935,-1300,284
1.2192,1884,1934,-1300,284
1.2197,1884,1934,-1300,284
1.2201,1879,1932,-1300,276
1.2208,1879,1932,-1300,276
1.2212,1879,1931,-1300,276
1.2215,1879,1931,-1300,276
1.2219,1879,1931,-1300,276
1.2223,1879,1930,-1300,276
1.2227,1879,1930,-1300,276
1.2231,1879,1929,-1300,276
1.2234,1879,1929,-1300,276
1.2238,1879,1929,-1300,276
1.2241,1879,1928,-1300,276
1.2245,1879,1928,-1300,276
1.2249,1879,1928,-1300,276
1.2253,1879,1926,-1300,260
1.2257,1879,1926,-1300,260
1.2261,1879,1925,-1300,260
1.2265,1879,1925,-1300,260
1.2270,1879,1924,-1300,260
1.2273,1879,1924,-1300,260
1.2277,1879,1924,-1300,260
1.2281,1879,1923,-1300,256
1.2285,1879,1923,-1300,256
1.2289,1879,1923,-1300,256
1.2293,1879,1922,-1300,256
1.2297,1879,1922,-1300,256
1.2301,1876,1921,-1200,248
1.2307,1876,1921,-1200,248
1.2311,1876,1920,-1200,248
1.2315,1876,1920,-1200,248
1.2318,1876,1920,-1200,248
1.2322,1876,1918,-1200,240
1.2327,1876,1918,-1200,240
1.2331,1876,1917,-1200,240
1.2335,1876,1917,-1200,240
1.2338,1876,1917,-1200,240
1.2342,1876,1916,-1200,232
1.2345,1876,1916,-1200,232
1.2349,1876,1915,-1200,232
1.2353,1876,1915,-1200,232
1.2357,1876,1915,-1200,232
1.2361,1876,1914,-1200,232
1.2364,1876,1914,-1200,232
1.2368,1876,1914,-1200,232
1.2372,1876,1913,-1200,224
1.2376,1876,1913,-1200,224
1.2379,1876,1912,-1200,224
1.2383,1876,1912,-1200,224
1.2387,1876,1912,-1200,224
1.2391,1876,1911,-1200,216
1.2394,1876,1911,-1200,216
1.2398,1876,1911,-1200,216
1.2402,1874,1910,-1200,216
1.2409,1874,1909,-1200,216
1.2413,1874,1909,-1200,216
1.2417,1874,1909,-1200,216
1.2421,1874,1908,-1200,208
1.2425,1874,1908,-1200,208
1.2428,1874,1908,-1200,208
1.2432,1874,1907,-1200,208
1.2437,1874,1907,-1200,208
1.2441,1874,1906,-1200,200
1.2444,1874,1906,-1200,200
1.2448,1874,1906,-1200,200
1.2451,1874,1905,-1200,200
1.2455,1874,1905,-1200,200
1.2459,1874,1904,-1200,192
1.2463,1874,1904,-1200,192
1.2467,1874,1904,-1200,192
1.2471,1874,1903,-1200,192
1.2475,1874,1903,-1200,192
1.2478,1874,1903,-1200,192
1.2482,1874,1902,-1200,172
1.2486,1874,1902,-1200,172
1.2489,1874,1901,-1200,172
1.2493,1874,1901,-1200,172
1.2497,1874,1901,-1200,172
1.2501,1873,1900,-1050,164
1.2508,1873,1900,-1050,164
1.2512,1873,1899,-1050,164
1.2517,1873,1899,-1050,164
1.2521,1873,1898,-1050,156
1.2524,1873,1898,-1050,156
1.2528,1873,1898,-1050,156
1.2532,1873,1897,-1050,148
1.2536,1873,1897,-1050,148
1.2539,1873,1896,-1050,148
1.2543,1873,1896,-1050,148
1.2547,1873,1896,-1050,148
1.2550,1873,1895,-1050,140
1.2554,1873,1895,-1050,140
1.2558,1873,1894,-1050,132
1.2562,1873,1894,-1050,132
1.2566,1873,1894,-1050,132
1.2570,1873,1893,-1050,132
1.2573,1873,1893,-1050,132
1.2577,1873,1893,-1050,132
1.2581,1873,1893,-1050,132
1.2584,1873,1893,-1050,132
1.2588,1873,1892,-1050,124
1.2592,1873,1892,-1050,124
1.2596,1873,1892,-1050,124
1.2599,1873,1891,-1050,116
1.2603,1874,1891,-1050,116
1.2610,1874,1890,-1050,108
1.2614,1874,1890,-1050,108
1.2618,1874,1890,-1050,108
1.2621,1874,1890,-1050,116
1.2625,1874,1890,-1050,116
1.2629,1874,1889,-1050,108
1.2633,1874,1889,-1050,108
1.2637,1874,1889,-1050,108
1.2640,1874,1888,-1050,100
1.2644,1874,1888,-1050,100
1.2648,1874,1888,-1050,100
1.2651,1874,1887,-1050,92
1.2655,1874,1887,-1050,92
1.2659,1874,1887,-1050,92
1.2663,1874,1887,-1050,92
1.2667,1874,1887,-1050,92
1.2670,1874,1886,-1050,84
1.2674,1874,1886,-1050,84
1.2678,1874,1885,-1050,64
1.2681,1874,1885,-1050,64
1.2685,1874,1885,-1050,64
1.2689,1874,1884,-1050,56
1.2693,1874,1884,-1050,56
1.2697,1874,1884,-1050,56
1.2700,1876,1884,-800,56
1.2707,1876,1884,-800,56
1.2711,1876,1883,-800,40
1.2714,1876,1883,-800,40
1.2718,1876,1882,-800,32
1.2721,1876,1882,-800,32
1.2724,1876,1882,-800,32
1.2728,1876,1882,-800,32
1.2731,1876,1882,-800,32
1.2735,1876,1882,-800,32
1.2738,1876,1881,-800,24
1.2742,1876,1881,-800,24
1.2745,1876,1881,-800,24
1.2748,1876,1881,-800,24
1.2752,1876,1881,-800,24
1.2756,1876,1881,-800,24
1.2759,1876,1880,-800,-24
1.2763,1876,1880,-800,-24
1.2767,1876,1880,-800,-24
1.2770,1876,1880,-800,-24
1.2774,1876,1880,-800,-24
1.2777,1876,1879,-800,-32
1.2781,1876,1879,-800,-32
1.2784,1876,1879,-800,-32
1.2788,1876,1879,-800,-40
1.2791,1876,1879,-800,-40
1.2795,1876,1879,-800,-40
1.2799,1876,1878,-800,-48
1.2803,1879,1878,-800,-48
1.2810,1879,1878,-800,-48
1.2813,1879,1878,-800,-48
1.2817,1879,1877,-800,-56
1.2821,1879,1877,-800,-56
1.2824,1879,1877,-800,-56
1.2828,1879,1877,-800,-56
1.2831,1879,1877,-800,-56
1.2835,1879,1877,-800,-56
1.2838,1879,1877,-800,-64
1.2842,1879,1877,-800,-64
1.2847,1879,1877,-800,-64
1.2851,1879,1876,-800,-64
1.2854,1879,1876,-800,-64
1.2858,1879,1876,-800,-64
1.2862,1879,1876,-800,-64
1.2866,1879,1876,-800,-64
1.2870,1879,1875,-800,-72
1.2874,1879,1875,-800,-72
1.2877,1879,1875,-800,-76
1.2881,1879,1875,-800,-76
1.2885,1879,1875,-800,-76
1.2889,1879,1875,-800,-76
1.2893,1879,1875,-800,-76
1.2897,1879,1875,-450,-84
1.2901,1884,1875,-450,-84
1.2908,1884,1874,-450,-92
1.2912,1884,1874,-450,-92
1.2915,1884,1874,-450,-92
1.2919,1884,1874,-450,-92
1.2923,1884,1874,-450,-92
1.2927,1884,1874,-450,-92
1.2930,1884,1874,-450,-92
1.2934,1884,1874,-450,-92
1.2938,1884,1874,-450,-100
1.2942,1884,1874,-450,-100
1.2945,1884,1874,-450,-100
1.2949,1884,1874,-450,-100
1.2953,1884,1874,-450,-100
1.2956,1884,1874,-450,-108
1.2960,1884,1874,-450,-108
1.2964,1884,1874,-450,-108
1.2968,1884,1874,-450,-108
1.2972,1884,1874,-450,-108
1.2976,1884,1874,-450,-108
1.2979,1884,1874,-450,-108
1.2983,1884,1874,-450,-108
1.2987,1884,1874,-450,-116
1.2991,1884,1874,-450,-116
1.2995,1884,1874,-450,-116
1.2998,1884,1874,-450,-116
1.3002,1890,1874,-450,-116
1.3010,1890,1874,-450,-124
1.3013,1890,1874,-450,-124
1.3017,1890,1874,-450,-124
1.3021,1890,1874,-450,-124
1.3025,1890,1874,-450,-124
1.3028,1890,1874,-450,-124
1.3032,1890,1874,-450,-124
1.3035,1890,1874,-450,-124
1.3039,1890,1874,-450,-132
1.3043,1890,1874,-450,-132
1.3047,1890,1874,-450,-132
1.3051,1890,1874,-450,-132
1.3055,1890,1874,-450,-132
1.3059,1890,1874,-450,-140
1.3062,1890,1874,-450,-140
1.3067,1890,1874,-450,-140
1.3070,1890,1874,-450,-140
1.3074,1890,1874,-450,-140
1.3078,1890,1874,-450,-132
1.3082,1890,1874,-450,-132
1.3086,1890,1874,-450,-132
1.3090,1890,1874,-450,-132
1.3093,1890,1874,-450,-132
1.3097,1890,1874,-50,-140
1.3101,1897,1874,-50,-140
1.3108,1897,1874,-50,-140
1.3112,1897,1874,-50,-140
1.3117,1897,1874,-50,-148
1.3121,1897,1874,-50,-148
1.3124,1897,1874,-50,-148
1.3128,1897,1874,-50,-148
1.3132,1897,1874,-50,-148
1.3136,1897,1874,-50,-156
1.3140,1897,1874,-50,-156
1.3143,1897,1874,-50,-156
1.3147,1897,1874,-50,-156
1.3151,1897,1874,-50,-156
1.3155,1897,1874,-50,-156
1.3158,1897,1874,-50,-164
1.3162,1897,1874,-50,-164
1.3166,1897,1874,-50,-164
1.3169,1897,1874,-50,-164
1.3173,1897,1874,-50,-164
1.3177,1897,1875,-50,-164
1.3181,1897,1875,-50,-164
1.3185,1897,1875,-50,-164
1.3188,1897,1875,-50,-172
1.3192,1897,1875,-50,-172
1.3197,1897,1875,-50,-172
1.3201,1905,1875,-50,-172
1.3208,1905,1876,-50,-172
1.3212,1905,1876,-50,-172
1.3215,1905,1876,-50,-172
1.3220,1905,1876,-50,-172
1.3223,1905,1876,-50,-172
1.3227,1905,1876,-50,-180
1.3230,1905,1876,-50,-180
1.3234,1905,1876,-50,-180
1.3238,1905,1877,-50,-180
1.3241,1905,1877,-50,-180
1.3245,1905,1877,-50,-180
1.3249,1905,1877,-50,-180
1.3253,1905,1877,-50,-180
1.3257,1905,1878,-50,-180
1.3261,1905,1878,-50,-180
1.3264,1905,1878,-50,-188
1.3268,1905,1878,-50,-188
1.3272,1905,1878,-50,-188
1.3276,1905,1878,-50,-180
1.3279,1905,1878,-50,-180
1.3283,1905,1878,-50,-180
1.3287,1905,1879,-50,-180
1.3291,1905,1879,-50,-180
1.3294,1905,1879,250,-188
1.3298,1905,1879,250,-188
1.3302,1914,1879,250,-188
1.3309,1914,1879,250,-188
1.3313,1914,1879,250,-188
1.3317,1914,1880,250,-188
1.3321,1914,1880,250,-188
1.3325,1914,1880,250,-196
1.3329,1914,1880,250,-196
1.3333,1914,1880,250,-196
1.3337,1914,1881,250,-188
1.3341,1914,1881,250,-188
1.3345,1914,1881,250,-196
1.3348,1914,1881,250,-196
1.3352,1914,1881,250,-196
1.3357,1914,1882,250,-196
1.3361,1914,1882,250,-196
1.3365,1914,1882,250,-196
1.3369,1914,1882,250,-196
1.3373,1914,1882,250,-196
1.3377,1914,1883,250,-196
1.3381,1914,1883,250,-196
1.3385,1914,1883,250,-204
1.3388,1914,1883,250,-204
1.3392,1914,1883,250,-204
1.3397,1914,1884,250,-204
1.3401,1924,1884,250,-204
1.3408,1924,1884,250,-204
1.3412,1924,1884,250,-204
1.3416,1924,1885,250,-204
1.3420,1924,1885,250,-204
1.3424,1924,1885,250,-204
1.3427,1924,1886,250,-204
1.3431,1924,1886,250,-204
1.3435,1924,1886,250,-204
1.3438,1924,1886,250,-204
1.3442,1924,1886,250,-204
1.3445,1924,1886,250,-212
1.3450,1924,1886,250,-212
1.3453,1924,1886,250,-212
1.3456,1924,1887,250,-212
1.3460,1924,1887,250,-212
1.3464,1924,1887,250,-220
1.3468,1924,1887,250,-220
1.3472,1924,1887,250,-220
1.3475,1924,1888,250,-212
1.3479,1924,1888,250,-212
1.3483,1924,1888,250,-212
1.3487,1924,1889,250,-204
1.3490,1924,1889,250,-204
1.3494,1924,1889,500,-212
1.3498,1924,1889,500,-212
1.3502,1935,1890,500,-212
1.3509,1935,1890,500,-212
1.3513,1935,1890,500,-212
1.3517,1935,1891,500,-212
1.3520,1935,1891,500,-212
1.3524,1935,1891,500,-220
1.3528,1935,1891,500,-220
1.3532,1935,1891,500,-220
1.3536,1935,1892,500,-212
1.3539,1935,1892,500,-212
1.3543,1935,1892,500,-212
1.3547,1935,1892,500,-220
1.3551,1935,1892,500,-220
1.3554,1935,1893,500,-220
1.3558,1935,1893,500,-220
1.3562,1935,1893,500,-220
1.3566,1935,1894,500,-220
1.3570,1935,1894,500,-220
1.3573,1935,1894,500,-228
1.3577,1935,1894,500,-228
1.3581,1935,1894,500,-228
1.3585,1935,1895,500,-228
1.3588,1935,1895,500,-228
1.3592,1935,1895,500,-228
1.3597,1935,1895,500,-236
1.3600,1947,1896,500,-236
1.3608,1947,1896,500,-236
1.3612,1947,1896,500,-236
1.3615,1947,1897,500,-236
1.3619,1947,1897,500,-236
1.3623,1947,1897,500,-236
1.3627,1947,1897,500,-236
1.3631,1947,1897,500,-236
1.3635,1947,1898,500,-236
1.3639,1947,1898,500,-236
1.3643,1947,1899,500,-236
1.3647,1947,1899,500,-236
1.3650,1947,1899,500,-236
1.3654,1947,1899,500,-244
1.3658,1947,1899,500,-244
1.3662,1947,1899,500,-244
1.3665,1947,1900,500,-244
1.3669,1947,1900,500,-244
1.3673,1947,1900,500,-252
1.3677,1947,1900,500,-252
1.3681,1947,1900,500,-252
1.3685,1947,1901,500,-252
1.3688,1947,1901,500,-252
1.3692,1947,1901,500,-252
1.3697,1947,1902,650,-252
1.3701,1960,1902,650,-260
1.3708,1960,1902,650,-260
1.3712,1960,1902,650,-260
1.3717,1960,1903,650,-260
1.3721,1960,1903,650,-260
1.3724,1960,1904,650,-260
1.3728,1960,1904,650,-260
1.3732,1960,1904,650,-260
1.3736,1960,1905,650,-260
1.3739,1960,1905,650,-260
1.3743,1960,1906,650,-260
1.3747,1960,1906,650,-260
1.3751,1960,1906,650,-260
1.3755,1960,1906,650,-268
1.3759,1960,1906,650,-268
1.3763,1960,1907,650,-268
1.3767,1960,1907,650,-268
1.3771,1960,1907,650,-268
1.3774,1960,1907,650,-276
1.3778,1960,1907,650,-276
1.3782,1960,1907,650,-276
1.3785,1960,1909,650,-268
1.3789,1960,1909,650,-268
1.3793,1960,1910,650,-268
1.3797,1960,1910,650,-268
1.3801,1973,1910,650,-276
1.3808,1973,1910,650,-276
1.3812,1973,1911,650,-276
1.3816,1973,1911,650,-276
1.3819,1973,1911,650,-276
1.3823,1973,1912,650,-284
1.3827,1973,1912,650,-284
1.3831,1973,1912,650,-284
1.3834,1973,1913,650,-284
1.3838,1973,1913,650,-284
1.3842,1973,1913,650,-292
1.3846,1973,1913,650,-292
1.3850,1973,1913,650,-292
1.3853,1973,1914,650,-292
1.3857,1973,1914,650,-292
1.3861,1973,1914,650,-292
1.3865,1973,1915,650,-292
1.3868,1973,1915,650,-292
1.3872,1973,1916,650,-292
1.3876,1973,1916,650,-292
1.3880,1973,1916,650,-292
1.3883,1973,1917,650,-292
1.3887,1973,1917,650,-292
1.3891,1973,1917,650,-292
1.3895,1973,1918,800,-292
1.3899,1973,1918,800,-292
1.3902,1988,1919,800,-292
1.3910,1988,1919,800,-292
1.3913,1988,1919,800,-308
1.3917,1988,1919,800,-308
1.3921,1988,1919,800,-308
1.3925,1988,1920,800,-308
1.3928,1988,1920,800,-308
1.3932,1988,1921,800,-308
1.3937,1988,1921,800,-308
1.3940,1988,1921,800,-308
1.3944,1988,1922,800,-308
1.3948,1988,1922,800,-308
1.3952,1988,1923,800,-308
1.3956,1988,1923,800,-308
1.3959,1988,1923,800,-308
1.3963,1988,1924,800,-308
1.3967,1988,1924,800,-308
1.3971,1988,1924,800,-308
1.3974,1988,1925,800,-316
1.3978,1988,1925,800,-316
1.3982,1988,1925,800,-324
1.3986,1988,1925,800,-324
1.3990,1988,1925,800,-324
1.3993,1988,1926,800,-324
1.3997,1988,1926,800,-324
1.4001,2002,1927,800,-324
1.4008,2002,1927,800,-324
1.4012,2002,1928,800,-324
1.4016,2002,1928,800,-324
1.4019,2002,1928,800,-324
1.4023,2002,1929,800,-324
1.4027,2002,1929,800,-324
1.4031,2002,1929,800,-324
1.4034,2002,1930,800,-332
1.4038,2002,1930,800,-332
1.4042,2002,1931,800,-332
1.4046,2002,1931,800,-332
1.4050,2002,1931,800,-332
1.4053,2002,1932,800,-332
1.4057,2002,1932,800,-332
1.4061,2002,1933,800,-332
1.4065,2002,1933,800,-332
1.4069,2002,1933,800,-332
1.4073,2002,1934,800,-332
1.4077,2002,1934,800,-332
1.4081,2002,1935,800,-340
1.4084,2002,1935,800,-340
1.4088,2002,1935,800,-340
1.4092,2002,1936,900,-340
1.4097,2002,1936,900,-340
1.4100,2016,1937,900,-340
1.4108,2016,1937,900,-340
1.4111,2016,1938,900,-340
1.4115,2016,1938,900,-340
1.4119,2016,1938,900,-340
1.4123,2016,1939,900,-340
1.4127,2016,1939,900,-340
1.4130,2016,1940,900,-348
1.4134,2016,1940,900,-348
1.4138,2016,1940,900,-348
1.4142,2016,1941,900,-348
1.4145,2016,1941,900,-348
1.4149,2016,1941,900,-348
1.4153,2016,1942,900,-348
1.4157,2016,1942,900,-348
1.4161,2016,1943,900,-356
1.4165,2016,1943,900,-356
1.4168,2016,1943,900,-356
1.4172,2016,1944,900,-356
1.4176,2016,1944,900,-356
1.4180,2016,1944,900,-356
1.4183,2016,1945,900,-356
1.4187,2016,1945,900,-356
1.4191,2016,1946,900,-356
1.4194,2016,1946,900,-356
1.4198,2016,1946,900,-356
1.4202,2031,1947,900,-364
1.4209,2031,1947,900,-364
1.4213,2031,1948,900,-364
1.4217,2031,1948,900,-364
1.4221,2031,1949,900,-364
1.4224,2031,1949,900,-364
1.4228,2031,1949,900,-364
1.4231,2031,1950,900,-364
1.4235,2031,1950,900,-364
1.4239,2031,1950,900,-364
1.4243,2031,1952,900,-364
1.4247,2031,1952,900,-364
1.4251,2031,1953,900,-364
1.4255,2031,1953,900,-364
1.4258,2031,1953,900,-364
1.4262,2031,1954,900,-364
1.4267,2031,1954,900,-364
1.4271,2031,1955,900,-372
1.4275,2031,1955,900,-372
1.4278,2031,1955,900,-372
1.4282,2031,1957,900,-364
1.4287,2031,1957,900,-364
1.4290,2031,1958,1100,-364
1.4294,2031,1958,1100,-364
1.4298,2031,1958,1100,-364
1.4302,2046,1959,1100,-372
1.4309,2046,1959,1100,-372
1.4312,2046,1960,1100,-372
1.4317,2046,1960,1100,-372
1.4320,2046,1961,1100,-372
1.4324,2046,1961,1100,-372
1.4328,2046,1961,1100,-372
1.4332,2046,1962,1100,-380
1.4336,2046,1962,1100,-380
1.4339,2046,1964,1100,-372
1.4343,2046,1964,1100,-372
1.4347,2046,1964,1100,-372
1.4350,2046,1965,1100,-372
1.4354,2046,1965,1100,-372
1.4358,2046,1965,1100,-372
1.4362,2046,1966,1100,-380
1.4366,2046,1966,1100,-380
1.4369,2046,1967,1100,-380
1.4373,2046,1967,1100,-380
1.4377,2046,1967,1100,-380
1.4381,2046,1968,1100,-380
1.4385,2046,1968,1100,-380
1.4388,2046,1968,1100,-380
1.4392,2046,1969,1100,-388
1.4396,2046,1969,1100,-388
1.4400,2046,1971,1100,-380
1.4404,2062,1971,1100,-380
1.4411,2062,1972,1100,-380
1.4415,2062,1972,1100,-380
1.4418,2062,1972,1100,-380
1.4422,2062,1973,1100,-388
1.4427,2062,1973,1100,-388
1.4430,2062,1974,1100,-388
1.4434,2062,1974,1100,-388
1.4437,2062,1974,1100,-388
1.4441,2062,1975,1100,-388
1.4445,2062,1975,1100,-388
1.4448,2062,1975,1100,-388
1.4452,2062,1977,1100,-380
1.4456,2062,1977,1100,-380
1.4459,2062,1978,1100,-388
1.4463,2062,1978,1100,-388
1.4467,2062,1978,1100,-388
1.4470,2062,1979,1100,-376
1.4474,2062,1979,1100,-376
1.4477,2062,1979,1100,-376
1.4481,2062,1980,1100,-384
1.4485,2062,1980,1100,-384
1.4488,2062,1980,1100,-384
1.4492,2062,1982,1200,-376
1.4495,2062,1982,1200,-376
1.4499,2062,1983,1200,-376
1.4503,2076,1983,1200,-376
1.4510,2076,1984,1200,-384
1.4514,2076,1984,1200,-384
1.4518,2076,1984,1200,-384
1.4521,2076,1985,1200,-384
1.4525,2076,1985,1200,-384
1.4528,2076,1985,1200,-384
1.4532,2076,1987,1200,-376
1.4535,2076,1987,1200,-376
1.4539,2076,1988,1200,-384
1.4543,2076,1988,1200,-384
1.4546,2076,1988,1200,-384
1.4550,2076,1989,1200,-384
1.4554,2076,1989,1200,-384
1.4557,2076,1989,1200,-384
1.4561,2076,1991,1200,-384
1.4564,2076,1991,1200,-384
1.4568,2076,1991,1200,-384
1.4571,2076,1992,1200,-384
1.4575,2076,1992,1200,-384
1.4578,2076,1993,1200,-384
1.4582,2076,1993,1200,-384
1.4585,2076,1993,1200,-384
1.4589,2076,1994,1200,-392
1.4593,2076,1994,1200,-392
1.4597,2076,1994,1200,-392
1.4601,2091,1995,1200,-392
1.4607,2091,1995,1200,-392
1.4611,2091,1997,1200,-384
1.4614,2091,1997,1200,-384
1.4618,2091,1998,1200,-392
1.4622,2091,1998,1200,-392
1.4626,2091,1998,1200,-392
1.4629,2091,1999,1200,-392
1.4633,2091,1999,1200,-392
1.4637,2091,1999,1200,-392
1.4641,2091,2000,1200,-400
1.4645,2091,2000,1200,-400
1.4648,2091,2002,1200,-392
1.4652,2091,2002,1200,-392
1.4655,2091,2002,1200,-392
1.4659,2091,2003,1200,-400
1.4663,2091,2003,1200,-400
1.4667,2091,2003,1200,-400
1.4671,2091,2005,1200,-392
1.4674,2091,2005,1200,-392
1.4678,2091,2006,1200,-392
1.4682,2091,2006,1200,-392
1.4686,2091,2006,1200,-392
1.4690,2091,2007,1250,-400
1.4693,2091,2007,1250,-400
1.4697,2091,2007,1250,-400
1.4701,2105,2009,1250,-392
1.4708,2105,2010,1250,-400
1.4712,2105,2010,1250,-400
1.4716,2105,2010,1250,-400
1.4719,2105,2011,1250,-400
1.4723,2105,2011,1250,-400
1.4727,2105,2011,1250,-400
1.4731,2105,2013,1250,-392
1.4734,2105,2013,1250,-392
1.4738,2105,2014,1250,-400
1.4742,2105,2014,1250,-400
1.4746,2105,2014,1250,-400
1.4749,2105,2015,1250,-400
1.4753,2105,2015,1250,-400
1.4757,2105,2015,1250,-400
1.4760,2105,2017,1250,-400
1.4764,2105,2017,1250,-400
1.4768,2105,2018,1250,-400
1.4772,2105,2018,1250,-400
1.4776,2105,2018,1250,-400
1.4780,2105,2019,1250,-408
1.4784,2105,2019,1250,-408
1.4787,2105,2020,1250,-408
1.4791,2105,2020,1250,-408
1.4795,2105,2020,1250,-408
1.4799,2105,2022,1250,-408
1.4803,2119,2022,1250,-408
1.4810,2119,2023,1250,-408
1.4814,2119,2023,1250,-408
1.4818,2119,2025,1250,-400
1.4821,2119,2025,1250,-400
1.4825,2119,2025,1250,-400
1.4829,2119,2026,1250,-408
1.4833,2119,2026,1250,-408
1.4837,2119,2026,1250,-408
1.4841,2119,2027,1250,-408
1.4844,2119,2027,1250,-408
1.4848,2119,2029,1250,-408
1.4852,2119,2029,1250,-408
1.4856,2119,2029,1250,-408
1.4860,2119,2030,1250,-408
1.4864,2119,2030,1250,-408
1.4867,2119,2031,1250,-408
1.4871,2119,2031,1250,-408
1.4874,2119,2031,1250,-408
1.4878,2119,2033,1250,-408
1.4882,2119,2033,1250,-408
1.4885,2119,2033,1250,-408
1.4889,2119,2034,1350,-408
1.4892,2119,2034,1350,-408
1.4896,2119,2034,1350,-408
1.4900,2119,2035,1350,-416
1.4903,2132,2037,1350,-408
1.4911,2132,2037,1350,-408
1.4914,2132,2037,1350,-408
1.4918,2132,2039,1350,-400
1.4922,2132,2039,1350,-400
1.4925,2132,2039,1350,-400
1.4929,2132,2040,1350,-408
1.4933,2132,2040,1350,-408
1.4937,2132,2041,1350,-408
1.4940,2132,2041,1350,-408
1.4944,2132,2041,1350,-408
1.4948,2132,2042,1350,-416
1.4952,2132,2042,1350,-416
1.4956,2132,2042,1350,-416
1.4959,2132,2044,1350,-408
1.4963,2132,2044,1350,-408
1.4967,2132,2045,1350,-408
1.4971,2132,2045,1350,-408
1.4975,2132,2045,1350,-408
1.4979,2132,2047,1350,-408
1.4982,2132,2047,1350,-408
1.4987,2132,2048,1350,-408
1.4991,2132,2048,1350,-408
1.4995,2132,2048,1350,-408
1.4999,2132,2050,1350,-400
1.5002,2145,2051,1350,-408
1.5010,2145,2051,1350,-408
1.5014,2145,2051,1350,-408
1.5018,2145,2053,1350,-400
1.5021,2145,2053,1350,-400
1.5025,2145,2053,1350,-400
1.5028,2145,2054,1350,-400
1.5032,2145,2054,1350,-400
1.5036,2145,2054,1350,-400
1.5039,2145,2056,1350,-400
1.5043,2145,2056,1350,-400
1.5047,2145,2057,1350,-400
1.5051,2145,2057,1350,-400
1.5055,2145,2057,1350,-400
1.5058,2145,2059,1350,-400
1.5062,2145,2059,1350,-400
1.5067,2145,2060,1350,-388
1.5070,2145,2060,1350,-388
1.5074,2145,2060,1350,-388
1.5078,2145,2062,1350,-380
1.5082,2145,2062,1350,-380
1.5086,2145,2063,1450,-388
1.5090,2145,2063,1450,-388
1.5093,2145,2063,1450,-388
1.5097,2145,2064,1450,-388
1.5101,2156,2064,1450,-388
1.5108,2156,2065,1450,-388
1.5112,2156,2065,1450,-388
1.5116,2156,2067,1450,-388
1.5119,2156,2067,1450,-388
1.5123,2156,2067,1450,-388
1.5127,2156,2068,1450,-388
1.5130,2156,2068,1450,-388
1.5134,2156,2068,1450,-388
1.5138,2156,2070,1450,-380
1.5142,2156,2070,1450,-380
1.5145,2156,2071,1450,-388
1.5149,2156,2071,1450,-388
1.5153,2156,2071,1450,-388
1.5157,2156,2072,1450,-388
1.5161,2156,2072,1450,-388
1.5165,2156,2072,1450,-388
1.5169,2156,2074,1450,-388
1.5172,2156,2074,1450,-388
1.5177,2156,2075,1450,-388
1.5180,2156,2075,1450,-388
1.5184,2156,2075,1450,-388
1.5188,2156,2077,1450,-380
1.5192,2156,2077,1450,-380
1.5196,2156,2078,1450,-380
1.5200,2156,2078,1450,-380
1.5203,2167,2080,1450,-380
1.5211,2167,2080,1450,-380
1.5215,2167,2080,1450,-380
1.5218,2167,2081,1450,-380
1.5222,2167,2081,1450,-380
1.5227,2167,2083,1450,-372
1.5231,2167,2083,1450,-372
1.5234,2167,2083,1450,-372
1.5238,2167,2084,1450,-380
1.5242,2167,2084,1450,-380
1.5247,2167,2085,1450,-380
1.5250,2167,2085,1450,-380
1.5254,2167,2085,1450,-380
1.5258,2167,2087,1450,-372
1.5262,2167,2087,1450,-372
1.5266,2167,2088,1450,-368
1.5270,2167,2088,1450,-368
1.5274,2167,2088,1450,-368
1.5278,2167,2089,1450,-376
1.5281,2167,2089,1450,-376
1.5285,2167,2091,1400,-368
1.5289,2167,2091,1400,-368
1.5293,2167,2091,1400,-368
1.5297,2167,2092,1400,-368
1.5301,2177,2092,1400,-368
1.5308,2177,2093,1400,-368
1.5312,2177,2093,1400,-368
1.5316,2177,2095,1400,-368
1.5319,2177,2095,1400,-368
1.5323,2177,2095,1400,-368
1.5327,2177,2096,1400,-368
1.5331,2177,2096,1400,-368
1.5335,2177,2097,1400,-368
1.5339,2177,2097,1400,-368
1.5343,2177,2097,1400,-368
1.5347,2177,2099,1400,-360
1.5351,2177,2099,1400,-360
1.5355,2177,2100,1400,-368
1.5358,2177,2100,1400,-368
1.5362,2177,2100,1400,-368
1.5367,2177,2102,1400,-360
1.5371,2177,2102,1400,-360
1.5375,2177,2103,1400,-360
1.5378,2177,2103,1400,-360
1.5382,2177,2103,1400,-360
1.5385,2177,2104,1400,-360
1.5389,2177,2104,1400,-360
1.5393,2177,2104,1400,-360
1.5396,2177,2106,1400,-360
1.5400,2186,2106,1400,-360
1.5408,2186,2107,1400,-360
1.5411,2186,2107,1400,-360
1.5415,2186,2109,1400,-352
1.5419,2186,2109,1400,-352
1.5423,2186,2109,1400,-352
1.5427,2186,2110,1400,-352
1.5431,2186,2110,1400,-352
1.5435,2186,2111,1400,-352
1.5439,2186,2111,1400,-352
1.5443,2186,2111,1400,-352
1.5447,2186,2112,1400,-352
1.5450,2186,2112,1400,-352
1.5454,2186,2114,1400,-352
1.5458,2186,2114,1400,-352
1.5461,2186,2114,1400,-352
1.5465,2186,2115,1400,-352
1.5469,2186,2115,1400,-352
1.5473,2186,2115,1400,-352
1.5477,2186,2117,1400,-344
1.5481,2186,2117,1400,-344
1.5486,2186,2118,1350,-344
1.5489,2186,2118,1350,-344
1.5494,2186,2119,1350,-344
1.5497,2186,2119,1350,-344
1.5501,2194,2120,1350,-344
1.5508,2194,2120,1350,-344
1.5512,2194,2120,1350,-344
1.5517,2194,2122,1350,-344
1.5521,2194,2122,1350,-344
1.5525,2194,2123,1350,-344
1.5528,2194,2123,1350,-344
1.5532,2194,2123,1350,-344
1.5537,2194,2124,1350,-344
1.5541,2194,2124,1350,-344
1.5545,2194,2126,1350,-336
1.5548,2194,2126,1350,-336
1.5552,2194,2126,1350,-336
1.5557,2194,2127,1350,-336
1.5560,2194,2127,1350,-336
1.5564,2194,2128,1350,-336
1.5568,2194,2128,1350,-336
1.5572,2194,2128,1350,-336
1.5575,2194,2129,1350,-336
1.5579,2194,2129,1350,-336
1.5583,2194,2131,1350,-336
1.5587,2194,2131,1350,-336
1.5591,2194,2131,1350,-336
1.5594,2194,2132,1350,-336
1.5598,2194,2132,1350,-336
1.5602,2200,2133,1350,-336
1.5609,2200,2133,1350,-336
1.5613,2200,2135,1350,-328
1.5617,2200,2135,1350,-328
1.5621,2200,2135,1350,-328
1.5624,2200,2136,1350,-328
1.5628,2200,2136,1350,-328
1.5631,2200,2136,1350,-328
1.5635,2200,2137,1350,-328
1.5638,2200,2137,1350,-328
1.5642,2200,2137,1350,-328
1.5645,2200,2139,1350,-320
1.5649,2200,2139,1350,-320
1.5653,2200,2140,1350,-320
1.5657,2200,2140,1350,-320
1.5661,2200,2140,1350,-320
1.5664,2200,2141,1350,-312
1.5668,2200,2141,1350,-312
1.5672,2200,2141,1350,-312
1.5676,2200,2142,1350,-312
1.5679,2200,2142,1350,-312
1.5683,2200,2144,1300,-304
1.5687,2200,2144,1300,-304
1.5691,2200,2144,1300,-304
1.5695,2200,2145,1300,-304
1.5699,2200,2145,1300,-304
1.5702,2206,2146,1300,-304
1.5709,2206,2146,1300,-304
1.5712,2206,2146,1300,-304
1.5716,2206,2148,1300,-296
1.5719,2206,2148,1300,-296
1.5723,2206,2149,1300,-288
1.5727,2206,2149,1300,-288
1.5730,2206,2149,1300,-288
1.5733,2206,2150,1300,-288
1.5737,2206,2150,1300,-288
1.5740,2206,2150,1300,-288
1.5744,2206,2152,1300,-280
1.5747,2206,2152,1300,-280
1.5751,2206,2152,1300,-280
1.5754,2206,2153,1300,-280
1.5758,2206,2153,1300,-280
1.5762,2206,2153,1300,-280
1.5765,2206,2154,1300,-280
1.5769,2206,2154,1300,-280
1.5773,2206,2155,1300,-280
1.5777,2206,2155,1300,-280
1.5780,2206,2155,1300,-280
1.5784,2206,2156,1300,-280
1.5787,2206,2156,1300,-280
1.5791,2206,2156,1300,-280
1.5795,2206,2158,1300,-272
1.5799,2206,2158,1300,-272
1.5803,2210,2159,1300,-272
1.5810,2210,2159,1300,-272
1.5814,2210,2160,1300,-272
1.5817,2210,2160,1300,-272
1.5820,2210,2160,1300,-272
1.5824,2210,2161,1300,-272
1.5827,2210,2161,1300,-272
1.5831,2210,2161,1300,-272
1.5835,2210,2162,1300,-264
1.5838,2210,2162,1300,-264
1.5841,2210,2162,1300,-264
1.5845,2210,2163,1300,-264
1.5848,2210,2163,1300,-264
1.5852,2210,2164,1300,-264
1.5855,2210,2164,1300,-264
1.5859,2210,2164,1300,-264
1.5863,2210,2165,1300,-256
1.5866,2210,2165,1300,-256
1.5870,2210,2165,1300,-256
1.5874,2210,2167,1300,-248
1.5878,2210,2167,1300,-248
1.5881,2210,2167,1300,-248
1.5885,2210,2168,1200,-240
1.5890,2210,2168,1200,-240
1.5894,2210,2169,1200,-240
1.5897,2210,2169,1200,-240
1.5901,2213,2170,1200,-240
1.5908,2213,2170,1200,-240
1.5912,2213,2171,1200,-240
1.5915,2213,2171,1200,-240
1.5919,2213,2171,1200,-240
1.5923,2213,2172,1200,-232
1.5927,2213,2172,1200,-232
1.5931,2213,2172,1200,-232
1.5935,2213,2173,1200,-232
1.5939,2213,2173,1200,-232
1.5943,2213,2174,1200,-232
1.5947,2213,2174,1200,-232
1.5951,2213,2174,1200,-232
1.5954,2213,2175,1200,-224
1.5958,2213,2175,1200,-224
1.5962,2213,2176,1200,-224
1.5967,2213,2176,1200,-224
1.5971,2213,2176,1200,-224
1.5974,2213,2178,1200,-216
1.5978,2213,2178,1200,-216
1.5982,2213,2179,1200,-208
1.5987,2213,2179,1200,-208
1.5991,2213,2179,1200,-208
1.5994,2213,2180,1200,-208
1.5998,2213,2180,1200,-208
1.6002,2214,2181,1200,-200
1.6010,2214,2181,1200,-200
1.6014,2214,2182,1200,-200
1.6018,2214,2182,1200,-200
1.6022,2214,2183,1200,-192
1.6026,2214,2183,1200,-192
1.6030,2214,2183,1200,-192
1.6033,2214,2184,1200,-192
1.6037,2214,2184,1200,-192
1.6041,2214,2185,1200,-184
1.6045,2214,2185,1200,-184
1.6048,2214,2185,1200,-184
1.6052,2214,2186,1200,-176
1.6056,2214,2186,1200,-176
1.6059,2214,2186,1200,-176
1.6063,2214,2186,1200,-172
1.6067,2214,2186,1200,-172
1.6071,2214,2187,1200,-164
1.6075,2214,2187,1200,-164
1.6078,2214,2187,1200,-164
1.6082,2214,2188,1000,-164
1.6087,2214,2188,1000,-164
1.6090,2214,2188,1000,-164
1.6094,2214,2189,1000,-156
1.6098,2214,2189,1000,-156
1.6102,2215,2190,1000,-148
1.6110,2215,2191,1000,-140
1.6114,2215,2191,1000,-140
1.6118,2215,2191,1000,-140
1.6121,2215,2192,1000,-140
1.6125,2215,2192,1000,-140
1.6129,2215,2192,1000,-140
1.6133,2215,2193,1000,-132
1.6137,2215,2193,1000,-132
1.6141,2215,2194,1000,-124
1.6144,2215,2194,1000,-124
1.6148,2215,2194,1000,-124
1.6152,2215,2195,1000,-124
1.6157,2215,2195,1000,-124
1.6160,2215,2196,1000,-116
1.6164,2215,2196,1000,-116
1.6168,2215,2196,1000,-116
1.6171,2215,2196,1000,-116
1.6175,2215,2196,1000,-116
1.6179,2215,2196,1000,-116
1.6183,2215,2197,1000,-108
1.6186,2215,2197,1000,-108
1.6190,2215,2198,1000,-100
1.6194,2215,2198,1000,-100
1.6198,2215,2198,1000,-100
1.6202,2214,2199,1000,-92
1.6209,2214,2199,1000,-92
1.6213,2214,2200,1000,-92
1.6217,2214,2200,1000,-92
1.6221,2214,2200,1000,-92
1.6224,2214,2200,1000,-92
1.6228,2214,2200,1000,-92
1.6232,2214,2201,1000,-84
1.6236,2214,2201,1000,-84
1.6239,2214,2201,1000,-84
1.6243,2214,2202,1000,-76
1.6247,2214,2202,1000,-76
1.6251,2214,2203,1000,-68
1.6255,2214,2203,1000,-68
1.6259,2214,2203,1000,-68
1.6263,2214,2203,1000,-40
1.6267,2214,2203,1000,-40
1.6270,2214,2204,1000,-32
1.6274,2214,2204,1000,-32
1.6278,2214,2204,1000,-32
1.6282,2214,2204,800,-32
1.6285,2214,2204,800,-32
1.6290,2214,2205,800,-24
1.6293,2214,2205,800,-24
1.6297,2214,2205,800,-24
1.6301,2211,2205,800,-24
1.6308,2211,2205,800,-24
1.6312,2211,2206,800,0
1.6315,2211,2206,800,0
1.6319,2211,2206,800,0
1.6323,2211,2207,800,32
1.6327,2211,2207,800,32
1.6331,2211,2207,800,32
1.6334,2211,2207,800,32
1.6338,2211,2207,800,32
1.6342,2211,2208,800,40
1.6346,2211,2208,800,40
1.6349,2211,2208,800,40
1.6353,2211,2208,800,40
1.6357,2211,2208,800,40
1.6360,2211,2209,800,56
1.6364,2211,2209,800,56
1.6368,2211,2209,800,56
1.6372,2211,2209,800,56
1.6375,2211,2209,800,56
1.6379,2211,2210,800,64
1.6383,2211,2210,800,64
1.6387,2211,2210,800,64
1.6391,2211,2210,800,72
1.6395,2211,2210,800,72
1.6398,2211,2210,800,72
1.6402,2207,2210,800,72
1.6410,2207,2211,800,72
1.6414,2207,2211,800,72
1.6418,2207,2211,800,72
1.6422,2207,2211,800,72
1.6426,2207,2211,800,72
1.6429,2207,2211,800,72
1.6433,2207,2211,800,72
1.6437,2207,2211,800,72
1.6441,2207,2211,800,72
1.6444,2207,2211,800,72
1.6448,2207,2211,800,72
1.6452,2207,2211,800,72
1.6456,2207,2211,800,72
1.6459,2207,2211,800,68
1.6464,2207,2211,800,68
1.6467,2207,2211,800,68
1.6471,2207,2212,800,76
1.6475,2207,2212,800,76
1.6479,2207,2212,400,84
1.6483,2207,2212,400,84
1.6487,2207,2212,400,84
1.6491,2207,2212,400,84
1.6495,2207,2212,400,84
1.6499,2207,2212,400,84
1.6502,2203,2212,400,84
1.6511,2203,2212,400,92
1.6514,2203,2212,400,92
1.6518,2203,2212,400,92
1.6521,2203,2212,400,92
1.6525,2203,2212,400,92
1.6529,2203,2212,400,92
1.6533,2203,2212,400,92
1.6537,2203,2212,400,92
1.6541,2203,2212,400,100
1.6544,2203,2212,400,100
1.6548,2203,2212,400,100
1.6552,2203,2212,400,100
1.6557,2203,2212,400,100
1.6561,2203,2212,400,100
1.6565,2203,2212,400,100
1.6569,2203,2212,400,108
1.6573,2203,2212,400,108
1.6577,2203,2212,400,108
1.6581,2203,2212,400,108
1.6585,2203,2212,400,108
1.6589,2203,2212,400,116
1.6592,2203,2212,400,116
1.6597,2203,2212,400,116
1.6600,2197,2212,400,116
1.6607,2197,2212,400,116
1.6611,2197,2212,400,116
1.6614,2197,2212,400,116
1.6618,2197,2212,400,116
1.6621,2197,2212,400,124
1.6625,2197,2212,400,124
1.6629,2197,2212,400,124
1.6632,2197,2212,400,124
1.6637,2197,2212,400,124
1.6640,2197,2212,400,124
1.6644,2197,2212,400,124
1.6648,2197,2212,400,124
1.6651,2197,2212,400,132
1.6655,2197,2212,400,132
1.6660,2197,2212,400,120
1.6663,2197,2212,400,120
1.6667,2197,2212,400,120
1.6671,2197,2212,400,128
1.6674,2197,2212,400,128
1.6678,2197,2212,0,128
1.6682,2197,2212,0,128
1.6686,2197,2212,0,128
1.6689,2197,2212,0,136
1.6693,2197,2212,0,136
1.6697,2197,2212,0,136
1.6701,2189,2212,0,136
1.6707,2189,2212,0,136
1.6711,2189,2212,0,144
1.6715,2189,2212,0,144
1.6719,2189,2212,0,144
1.6723,2189,2212,0,144
1.6727,2189,2212,0,144
1.6731,2189,2212,0,152
1.6735,2189,2212,0,152
1.6739,2189,2212,0,152
1.6743,2189,2212,0,152
1.6747,2189,2212,0,152
1.6751,2189,2212,0,160
1.6754,2189,2212,0,160
1.6758,2189,2212,0,160
1.6762,2189,2212,0,160
1.6767,2189,2212,0,160
1.6771,2189,2212,0,168
1.6774,2189,2212,0,168
1.6778,2189,2212,0,176
1.6782,2189,2212,0,176
1.6787,2189,2211,0,168
1.6791,2189,2211,0,168
1.6795,2189,2211,0,168
1.6798,2189,2211,0,176
1.6802,2181,2211,0,176
1.6809,2181,2210,0,168
1.6813,2181,2210,0,168
1.6817,2181,2210,0,176
1.6821,2181,2210,0,176
1.6826,2181,2210,0,176
1.6829,2181,2210,0,176
1.6833,2181,2210,0,176
1.6837,2181,2209,0,176
1.6841,2181,2209,0,176
1.6844,2181,2209,0,176
1.6848,2181,2209,0,184
1.6852,2181,2209,0,184
1.6855,2181,2209,0,184
1.6859,2181,2208,0,172
1.6863,2181,2208,0,172
1.6866,2181,2208,0,172
1.6870,2181,2208,0,180
1.6874,2181,2208,0,180
1.6878,2181,2207,-250,180
1.6881,2181,2207,-250,180
1.6885,2181,2207,-250,180
1.6889,2181,2207,-250,180
1.6893,2181,2207,-250,180
1.6897,2181,2207,-250,188
1.6901,2171,2207,-250,188
1.6908,2171,2206,-250,188
1.6912,2171,2206,-250,188
1.6915,2171,2206,-250,188
1.6919,2171,2206,-250,196
1.6923,2171,2206,-250,196
1.6928,2171,2205,-250,188
1.6932,2171,2205,-250,188
1.6935,2171,2205,-250,188
1.6939,2171,2205,-250,196
1.6944,2171,2205,-250,196
1.6948,2171,2205,-250,204
1.6951,2171,2205,-250,204
1.6956,2171,2205,-250,204
1.6959,2171,2204,-250,204
1.6963,2171,2204,-250,204
1.6967,2171,2203,-250,196
1.6971,2171,2203,-250,196
1.6975,2171,2203,-250,196
1.6979,2171,2203,-250,204
1.6983,2171,2203,-250,204
1.6987,2171,2203,-250,212
1.6991,2171,2203,-250,212
1.6995,2171,2203,-250,212
1.6998,2171,2202,-250,212
1.7002,2161,2202,-250,212
1.7009,2161,2201,-250,212
1.7013,2161,2201,-250,212
1.7017,2161,2201,-250,212
1.7022,2161,2201,-250,212
1.7025,2161,2201,-250,212
1.7029,2161,2200,-250,212
1.7033,2161,2200,-250,212
1.7037,2161,2200,-250,220
1.7040,2161,2200,-250,220
1.7044,2161,2200,-250,220
1.7048,2161,2199,-250,220
1.7052,2161,2199,-250,220
1.7055,2161,2199,-250,220
1.7059,2161,2198,-250,216
1.7063,2161,2198,-250,216
1.7067,2161,2198,-250,216
1.7070,2161,2198,-250,216
1.7073,2161,2198,-250,216
1.7077,2161,2197,-500,216
1.7081,2161,2197,-500,216
1.7084,2161,2197,-500,216
1.7088,2161,2197,-500,224
1.7092,2161,2197,-500,224
1.7096,2161,2196,-500,224
1.7100,2161,2196,-500,224
1.7103,2149,2196,-500,232
1.7111,2149,2196,-500,232
1.7114,2149,2196,-500,232
1.7119,2149,2195,-500,232
1.7123,2149,2195,-500,232
1.7127,2149,2194,-500,224
1.7130,2149,2194,-500,224
1.7134,2149,2194,-500,224
1.7138,2149,2194,-500,232
1.7142,2149,2194,-500,232
1.7145,2149,2193,-500,232
1.7149,2149,2193,-500,232
1.7153,2149,2193,-500,232
1.7157,2149,2193,-500,240
1.7160,2149,2193,-500,240
1.7164,2149,2193,-500,240
1.7168,2149,2192,-500,240
1.7172,2149,2192,-500,240
1.7175,2149,2191,-500,240
1.7179,2149,2191,-500,240
1.7183,2149,2191,-500,240
1.7187,2149,2191,-500,248
1.7190,2149,2191,-500,248
1.7193,2149,2191,-500,248
1.7197,2149,2190,-500,248
1.7201,2137,2190,-500,248
1.7208,2137,2189,-500,248
1.7212,2137,2189,-500,248
1.7216,2137,2189,-500,256
1.7220,2137,2189,-500,256
1.7228,2137,2188,-500,256
1.7233,2137,2188,-500,256
1.7237,2137,2187,-500,256
1.7242,2137,2187,-500,256
1.7247,2137,2187,-500,264
1.7251,2137,2187,-500,264
1.7255,2137,2186,-500,264
1.7261,2137,2186,-500,264
1.7266,2137,2185,-500,264
1.7270,2137,2185,-500,264
1.7273,2137,2185,-500,264
1.7277,2137,2184,-650,264
1.7281,2137,2184,-650,264
1.7285,2137,2183,-650,264
1.7288,2137,2183,-650,264
1.7292,2137,2183,-650,264
1.7298,2137,2183,-650,272
1.7301,2124,2182,-650,272
1.7308,2124,2182,-650,272
1.7312,2124,2182,-650,272
1.7316,2124,2181,-650,264
1.7320,2124,2181,-650,264
1.7323,2124,2181,-650,264
1.7327,2124,2181,-650,272
1.7330,2124,2181,-650,272
1.7334,2124,2181,-650,272
1.7338,2124,2180,-650,272
1.7341,2124,2180,-650,272
1.7345,2124,2179,-650,280
1.7348,2124,2179,-650,280
1.7352,2124,2179,-650,280
1.7355,2124,2178,-650,280
1.7359,2124,2178,-650,280
1.7363,2124,2178,-650,280
1.7367,2124,2177,-650,280
1.7370,2124,2177,-650,280
1.7374,2124,2177,-650,280
1.7378,2124,2176,-650,280
1.7381,2124,2176,-650,280
1.7385,2124,2176,-650,288
1.7389,2124,2176,-650,288
1.7393,2124,2176,-650,288
1.7397,2124,2175,-650,288
1.7401,2111,2174,-650,288
1.7408,2111,2174,-650,288
1.7412,2111,2174,-650,288
1.7417,2111,2173,-650,288
1.7420,2111,2173,-650,288
1.7424,2111,2173,-650,296
1.7428,2111,2173,-650,296
1.7432,2111,2173,-650,296
1.7435,2111,2172,-650,296
1.7439,2111,2172,-650,296
1.7443,2111,2172,-650,296
1.7447,2111,2171,-650,296
1.7450,2111,2171,-650,296
1.7454,2111,2171,-650,296
1.7457,2111,2170,-650,288
1.7461,2111,2170,-650,288
1.7464,2111,2169,-650,288
1.7468,2111,2169,-650,288
1.7472,2111,2169,-650,288
1.7476,2111,2168,-800,288
1.7480,2111,2168,-800,288
1.7484,2111,2167,-800,296
1.7488,2111,2167,-800,296
1.7491,2111,2167,-800,296
1.7495,2111,2166,-800,296
1.7498,2111,2166,-800,296
1.7502,2096,2166,-800,304
1.7509,2096,2166,-800,304
1.7513,2096,2166,-800,304
1.7517,2096,2165,-800,304
1.7520,2096,2165,-800,304
1.7524,2096,2164,-800,304
1.7528,2096,2164,-800,304
1.7531,2096,2164,-800,304
1.7535,2096,2163,-800,304
1.7539,2096,2163,-800,304
1.7542,2096,2163,-800,304
1.7546,2096,2162,-800,304
1.7550,2096,2162,-800,304
1.7554,2096,2161,-800,312
1.7557,2096,2161,-800,312
1.7561,2096,2161,-800,312
1.7564,2096,2160,-800,312
1.7568,2096,2160,-800,312
1.7571,2096,2160,-800,312
1.7575,2096,2159,-800,312
1.7578,2096,2159,-800,312
1.7582,2096,2159,-800,312
1.7586,2096,2158,-800,312
1.7590,2096,2158,-800,312
1.7594,2096,2157,-800,312
1.7597,2096,2157,-800,312
1.7601,2082,2156,-800,320
1.7608,2082,2156,-800,320
1.7611,2082,2156,-800,320
1.7615,2082,2156,-800,328
1.7618,2082,2156,-800,328
1.7622,2082,2156,-800,328
1.7627,2082,2155,-800,328
1.7631,2082,2155,-800,328
1.7634,2082,2153,-800,320
1.7638,2082,2153,-800,320
1.7641,2082,2153,-800,320
1.7645,2082,2152,-800,320
1.7648,2082,2152,-800,320
1.7652,2082,2152,-800,320
1.7655,2082,2151,-800,332
1.7659,2082,2151,-800,332
1.7663,2082,2150,-800,332
1.7667,2082,2150,-800,332
1.7670,2082,2150,-800,332
1.7674,2082,2149,-950,332
1.7677,2082,2149,-950,332
1.7681,2082,2149,-950,332
1.7684,2082,2148,-950,332
1.7688,2082,2148,-950,332
1.7692,2082,2148,-950,332
1.7695,2082,2148,-950,348
1.7700,2082,2148,-950,348
1.7704,2067,2146,-950,340
1.7711,2067,2146,-950,340
1.7715,2067,2145,-950,340
1.7719,2067,2145,-950,340
1.7722,2067,2145,-950,340
1.7727,2067,2144,-950,340
1.7730,2067,2144,-950,340
1.7734,2067,2143,-950,348
1.7737,2067,2143,-950,348
1.7741,2067,2143,-950,348
1.7744,2067,2142,-950,348
1.7748,2067,2142,-950,348
1.7751,2067,2142,-950,348
1.7755,2067,2141,-950,348
1.7759,2067,2141,-950,348
1.7762,2067,2141,-950,348
1.7766,2067,2140,-950,356
1.7770,2067,2140,-950,356
1.7773,2067,2139,-950,356
1.7777,2067,2139,-950,356
1.7781,2067,2139,-950,356
1.7785,2067,2138,-950,356
1.7788,2067,2138,-950,356
1.7792,2067,2138,-950,356
1.7796,2067,2136,-950,348
1.7799,2067,2136,-950,348
1.7803,2052,2135,-950,356
1.7810,2052,2135,-950,356
1.7814,2052,2134,-950,356
1.7818,2052,2134,-950,356
1.7821,2052,2134,-950,356
1.7825,2052,2133,-950,356
1.7828,2052,2133,-950,356
1.7832,2052,2132,-950,364
1.7836,2052,2132,-950,364
1.7840,2052,2132,-950,364
1.7844,2052,2131,-950,364
1.7847,2052,2131,-950,364
1.7851,2052,2131,-950,364
1.7854,2052,2130,-950,360
1.7858,2052,2130,-950,360
1.7861,2052,2130,-950,360
1.7865,2052,2129,-950,368
1.7869,2052,2129,-950,368
1.7872,2052,2127,-1100,360
1.7876,2052,2127,-1100,360
1.7879,2052,2127,-1100,360
1.7883,2052,2126,-1100,360
1.7886,2052,2126,-1100,360
1.7890,2052,2126,-1100,360
1.7894,2052,2125,-1100,368
1.7897,2052,2125,-1100,368
1.7900,2037,2124,-1100,368
1.7907,2037,2124,-1100,368
1.7911,2037,2124,-1100,368
1.7915,2037,2123,-1100,368
1.7919,2037,2123,-1100,368
1.7922,2037,2122,-1100,368
1.7926,2037,2122,-1100,368
1.7930,2037,2122,-1100,368
1.7934,2037,2121,-1100,376
1.7937,2037,2121,-1100,376
1.7941,2037,2121,-1100,376
1.7945,2037,2120,-1100,376
1.7948,2037,2120,-1100,376
1.7952,2037,2118,-1100,368
1.7957,2037,2118,-1100,368
1.7961,2037,2118,-1100,368
1.7965,2037,2117,-1100,376
1.7969,2037,2117,-1100,376
1.7972,2037,2116,-1100,376
1.7977,2037,2116,-1100,376
1.7980,2037,2116,-1100,376
1.7984,2037,2114,-1100,376
1.7988,2037,2114,-1100,376
1.7992,2037,2113,-1100,376
1.7996,2037,2113,-1100,376
1.8000,2037,2113,-1100,376
1.8004,2022,2112,-1100,376
1.8011,2022,2112,-1100,376
1.8014,2022,2111,-1100,376
1.8018,2022,2111,-1100,376
1.8022,2022,2110,-1100,384
1.8025,2022,2110,-1100,384
1.8029,2022,2110,-1100,384
1.8033,2022,2108,-1100,376
1.8037,2022,2108,-1100,376
1.8041,2022,2107,-1100,384
1.8045,2022,2107,-1100,384
1.8049,2022,2107,-1100,384
1.8052,2022,2106,-1100,380
1.8057,2022,2106,-1100,380
1.8060,2022,2106,-1100,380
1.8064,2022,2105,-1100,380
1.8067,2022,2105,-1100,380
1.8071,2022,2103,-1200,380
1.8075,2022,2103,-1200,380
1.8079,2022,2103,-1200,380
1.8083,2022,2102,-1200,380
1.8087,2022,2102,-1200,380
1.8091,2022,2102,-1200,380
1.8094,2022,2101,-1200,388
1.8098,2022,2101,-1200,388
1.8101,2008,2100,-1200,388
1.8109,2008,2100,-1200,388
1.8112,2008,2099,-1200,388
1.8117,2008,2099,-1200,388
1.8120,2008,2098,-1200,396
1.8125,2008,2098,-1200,396
1.8128,2008,2098,-1200,396
1.8132,2008,2096,-1200,388
1.8136,2008,2096,-1200,388
1.8139,2008,2096,-1200,388
1.8143,2008,2095,-1200,396
1.8146,2008,2095,-1200,396
1.8150,2008,2095,-1200,396
1.8154,2008,2094,-1200,396
1.8157,2008,2094,-1200,396
1.8161,2008,2092,-1200,396
1.8165,2008,2092,-1200,396
1.8169,2008,2092,-1200,396
1.8173,2008,2091,-1200,396
1.8176,2008,2091,-1200,396
1.8180,2008,2090,-1200,396
1.8184,2008,2090,-1200,396
1.8187,2008,2090,-1200,396
1.8191,2008,2088,-1200,396
1.8195,2008,2088,-1200,396
1.8198,2008,2088,-1200,396
1.8202,1993,2087,-1200,396
1.8209,1993,2087,-1200,396
1.8213,1993,2086,-1200,396
1.8217,1993,2086,-1200,396
1.8221,1993,2084,-1200,396
1.8224,1993,2084,-1200,396
1.8228,1993,2084,-1200,396
1.8231,1993,2083,-1200,396
1.8235,1993,2083,-1200,396
1.8239,1993,2083,-1200,396
1.8243,1993,2082,-1200,404
1.8247,1993,2082,-1200,404
1.8251,1993,2080,-1200,392
1.8254,1993,2080,-1200,392
1.8258,1993,2080,-1200,392
1.8262,1993,2079,-1200,400
1.8265,1993,2079,-1200,400
1.8269,1993,2079,-1200,400
1.8273,1993,2078,-1250,400
1.8277,1993,2078,-1250,400
1.8281,1993,2077,-1250,400
1.8284,1993,2077,-1250,400
1.8288,1993,2077,-1250,400
1.8291,1993,2075,-1250,400
1.8295,1993,2075,-1250,400
1.8299,1993,2075,-1250,400
1.8303,1979,2074,-1250,400
1.8310,1979,2072,-1250,400
1.8314,1979,2072,-1250,400
1.8317,1979,2072,-1250,400
1.8321,1979,2071,-1250,400
1.8325,1979,2071,-1250,400
1.8328,1979,2071,-1250,400
1.8332,1979,2070,-1250,400
1.8337,1979,2070,-1250,400
1.8340,1979,2069,-1250,408
1.8344,1979,2069,-1250,408
1.8347,1979,2069,-1250,408
1.8351,1979,2067,-1250,400
1.8355,1979,2067,-1250,400
1.8359,1979,2066,-1250,408
1.8363,1979,2066,-1250,408
1.8367,1979,2066,-1250,408
1.8371,1979,2064,-1250,400
1.8375,1979,2064,-1250,400
1.8379,1979,2064,-1250,400
1.8382,1979,2063,-1250,408
1.8386,1979,2063,-1250,408
1.8390,1979,2062,-1250,408
1.8394,1979,2062,-1250,408
1.8398,1979,2062,-1250,408
1.8401,1965,2060,-1250,400
1.8409,1965,2060,-1250,400
1.8412,1965,2059,-1250,408
1.8417,1965,2059,-1250,408
1.8420,1965,2057,-1250,400
1.8424,1965,2057,-1250,400
1.8428,1965,2057,-1250,400
1.8431,1965,2056,-1250,400
1.8435,1965,2056,-1250,400
1.8439,1965,2055,-1250,408
1.8443,1965,2055,-1250,408
1.8447,1965,2055,-1250,408
1.8451,1965,2053,-1250,396
1.8455,1965,2053,-1250,396
1.8459,1965,2052,-1250,404
1.8463,1965,2052,-1250,404
1.8467,1965,2052,-1250,404
1.8471,1965,2050,-1400,396
1.8474,1965,2050,-1400,396
1.8478,1965,2050,-1400,396
1.8482,1965,2049,-1400,404
1.8486,1965,2049,-1400,404
1.8490,1965,2048,-1400,404
1.8494,1965,2048,-1400,404
1.8497,1965,2048,-1400,404
1.8501,1952,2046,-1400,396
1.8508,1952,2046,-1400,396
1.8512,1952,2045,-1400,404
1.8516,1952,2045,-1400,404
1.8520,1952,2043,-1400,396
1.8523,1952,2043,-1400,396
1.8527,1952,2043,-1400,396
1.8531,1952,2042,-1400,404
1.8534,1952,2042,-1400,404
1.8538,1952,2042,-1400,404
1.8542,1952,2041,-1400,404
1.8546,1952,2041,-1400,404
1.8550,1952,2039,-1400,396
1.8554,1952,2039,-1400,396
1.8557,1952,2039,-1400,396
1.8561,1952,2038,-1400,404
1.8565,1952,2038,-1400,404
1.8568,1952,2036,-1400,396
1.8572,1952,2036,-1400,396
1.8577,1952,2036,-1400,396
1.8581,1952,2035,-1400,404
1.8584,1952,2035,-1400,404
1.8588,1952,2033,-1400,396
1.8592,1952,2033,-1400,396
1.8597,1952,2033,-1400,396
1.8601,1940,2032,-1400,396
1.8608,1940,2032,-1400,396
1.8612,1940,2031,-1400,404
1.8615,1940,2031,-1400,404
1.8619,1940,2029,-1400,396
1.8623,1940,2029,-1400,396
1.8627,1940,2029,-1400,396
1.8631,1940,2028,-1400,404
1.8634,1940,2028,-1400,404
1.8638,1940,2027,-1400,404
1.8642,1940,2027,-1400,404
1.8646,1940,2027,-1400,404
1.8650,1940,2025,-1400,392
1.8654,1940,2025,-1400,392
1.8657,1940,2025,-1400,392
1.8661,1940,2024,-1400,400
1.8665,1940,2024,-1400,400
1.8669,1940,2022,-1400,392
1.8673,1940,2022,-1400,392
1.8677,1940,2022,-1400,392
1.8681,1940,2021,-1400,400
1.8685,1940,2021,-1400,400
1.8689,1940,2020,-1400,400
1.8692,1940,2020,-1400,400
1.8697,1940,2020,-1400,400
1.8701,1929,2018,-1400,392
1.8708,1929,2017,-1400,400
1.8712,1929,2017,-1400,400
1.8716,1929,2017,-1400,400
1.8720,1929,2015,-1400,392
1.8723,1929,2015,-1400,392
1.8727,1929,2015,-1400,392
1.8730,1929,2014,-1400,392
1.8734,1929,2014,-1400,392
1.8738,1929,2012,-1400,392
1.8742,1929,2012,-1400,392
1.8747,1929,2012,-1400,392
1.8751,1929,2011,-1400,392
1.8754,1929,2011,-1400,392
1.8758,1929,2009,-1400,384
1.8761,1929,2009,-1400,384
1.8765,1929,2009,-1400,384
1.8769,1929,2008,-1400,392
1.8773,1929,2008,-1400,392
1.8777,1929,2008,-1400,392
1.8781,1929,2007,-1400,392
1.8785,1929,2007,-1400,392
1.8789,1929,2005,-1400,384
1.8793,1929,2005,-1400,384
1.8797,1929,2005,-1400,384
1.8801,1918,2004,-1400,384
1.8808,1918,2003,-1400,392
1.8812,1918,2003,-1400,392
1.8816,1918,2003,-1400,392
1.8820,1918,2001,-1400,384
1.8824,1918,2001,-1400,384
1.8828,1918,2000,-1400,384
1.8832,1918,2000,-1400,384
1.8835,1918,2000,-1400,384
1.8839,1918,1999,-1400,392
1.8843,1918,1999,-1400,392
1.8847,1918,1999,-1400,392
1.8851,1918,1997,-1400,380
1.8854,1918,1997,-1400,380
1.8858,1918,1995,-1400,372
1.8862,1918,1995,-1400,372
1.8865,1918,1995,-1400,372
1.8869,1918,1994,-1400,380
1.8873,1918,1994,-1400,380
1.8877,1918,1993,-1400,380
1.8881,1918,1993,-1400,380
1.8884,1918,1993,-1400,380
1.8889,1918,1991,-1400,372
1.8893,1918,1991,-1400,372
1.8896,1918,1991,-1400,372
1.8900,1908,1990,-1400,372
1.8907,1908,1989,-1400,372
1.8910,1908,1989,-1400,372
1.8914,1908,1989,-1400,372
1.8918,1908,1987,-1400,372
1.8921,1908,1987,-1400,372
1.8925,1908,1987,-1400,372
1.8929,1908,1986,-1400,372
1.8933,1908,1986,-1400,372
1.8936,1908,1986,-1400,372
1.8940,1908,1985,-1400,372
1.8944,1908,1985,-1400,372
1.8948,1908,1983,-1400,372
1.8951,1908,1983,-1400,372
1.8955,1908,1983,-1400,372
1.8958,1908,1982,-1400,372
1.8962,1908,1982,-1400,372
1.8967,1908,1981,-1400,372
1.8971,1908,1981,-1400,372
1.8974,1908,1981,-1400,372
1.8978,1908,1979,-1400,364
1.8982,1908,1979,-1400,364
1.8987,1908,1978,-1400,364
1.8991,1908,1978,-1400,364
1.8995,1908,1978,-1400,364
1.8998,1908,1977,-1400,364
1.9003,1900,1975,-1400,364
1.9010,1900,1975,-1400,364
1.9014,1900,1975,-1400,364
1.9018,1900,1974,-1400,364
1.9022,1900,1974,-1400,364
1.9027,1900,1972,-1400,356
1.9031,1900,1972,-1400,356
1.9035,1900,1972,-1400,356
1.9039,1900,1971,-1400,356
1.9043,1900,1971,-1400,356
1.9047,1900,1970,-1400,348
1.9051,1900,1970,-1400,348
1.9054,1900,1970,-1400,348
1.9058,1900,1968,-1400,340
1.9062,1900,1968,-1400,340
1.9066,1900,1968,-1400,340
1.9069,1900,1967,-1350,348
1.9073,1900,1967,-1350,348
1.9077,1900,1966,-1350,348
1.9081,1900,1966,-1350,348
1.9085,1900,1966,-1350,348
1.9088,1900,1964,-1350,340
1.9092,1900,1964,-1350,340
1.9096,1900,1963,-1350,340
1.9100,1892,1963,-1350,340
1.9107,1892,1962,-1350,340
1.9111,1892,1962,-1350,340
1.9115,1892,1962,-1350,340
1.9119,1892,1960,-1350,332
1.9123,1892,1960,-1350,332
1.9127,1892,1959,-1350,332
1.9131,1892,1959,-1350,332
1.9134,1892,1959,-1350,332
1.9138,1892,1958,-1350,332
1.9142,1892,1958,-1350,332
1.9147,1892,1956,-1350,324
1.9151,1892,1956,-1350,324
1.9154,1892,1956,-1350,324
1.9158,1892,1955,-1350,324
1.9162,1892,1955,-1350,324
1.9167,1892,1954,-1350,324
1.9171,1892,1954,-1350,324
1.9174,1892,1954,-1350,324
1.9178,1892,1952,-1350,316
1.9182,1892,1952,-1350,316
1.9187,1892,1951,-1350,316
1.9191,1892,1951,-1350,316
1.9195,1892,1951,-1350,316
1.9198,1892,1950,-1350,316
1.9203,1886,1949,-1350,316
1.9218,1886,1947,-1350,308
1.9222,1886,1947,-1350,308
1.9228,1886,1946,-1350,308
1.9233,1886,1946,-1350,308
1.9238,1886,1944,-1350,300
1.9243,1886,1944,-1350,300
1.9247,1886,1943,-1350,288
1.9253,1886,1943,-1350,288
1.9262,1886,1942,-1350,288
1.9268,1886,1941,-1300,288
1.9272,1886,1941,-1300,288
1.9279,1886,1940,-1300,288
1.9286,1886,1938,-1300,280
1.9290,1886,1938,-1300,280
1.9293,1886,1938,-1300,280
1.9297,1886,1937,-1300,280
1.9303,1881,1936,-1300,280
1.9311,1881,1936,-1300,280
1.9315,1881,1935,-1300,280
1.9319,1881,1935,-1300,280
1.9323,1881,1935,-1300,280
1.9327,1881,1934,-1300,280
1.9330,1881,1934,-1300,280
1.9334,1881,1934,-1300,280
1.9338,1881,1932,-1300,272
1.9342,1881,1932,-1300,272
1.9345,1881,1931,-1300,272
1.9349,1881,1931,-1300,272
1.9353,1881,1931,-1300,272
1.9357,1881,1930,-1300,264
1.9361,1881,1930,-1300,264
1.9364,1881,1929,-1300,264
1.9368,1881,1929,-1300,264
1.9372,1881,1929,-1300,264
1.9376,1881,1928,-1300,264
1.9379,1881,1928,-1300,264
1.9383,1881,1928,-1300,264
1.9387,1881,1926,-1300,256
1.9390,1881,1926,-1300,256
1.9394,1881,1926,-1300,256
1.9398,1881,1925,-1300,256
1.9401,1877,1924,-1300,248
1.9408,1877,1924,-1300,248
1.9412,1877,1924,-1300,248
1.9416,1877,1923,-1300,248
1.9419,1877,1923,-1300,248
1.9423,1877,1923,-1300,248
1.9427,1877,1922,-1300,248
1.9431,1877,1922,-1300,248
1.9435,1877,1921,-1300,248
1.9438,1877,1921,-1300,248
1.9442,1877,1921,-1300,248
1.9446,1877,1920,-1300,252
1.9449,1877,1920,-1300,252
1.9453,1877,1920,-1300,252
1.9457,1877,1919,-1300,244
1.9460,1877,1919,-1300,244
1.9464,1877,1919,-1300,244
1.9467,1877,1917,-1200,236
1.9471,1877,1917,-1200,236
1.9474,1877,1916,-1200,236
1.9478,1877,1916,-1200,236
1.9482,1877,1916,-1200,236
1.9486,1877,1915,-1200,228
1.9489,1877,1915,-1200,228
1.9493,1877,1915,-1200,228
1.9497,1877,1914,-1200,228
1.9500,1875,1914,-1200,228
1.9507,1875,1913,-1200,228
1.9511,1875,1913,-1200,228
1.9514,1875,1912,-1200,220
1.9518,1875,1912,-1200,220
1.9522,1875,1912,-1200,220
1.9526,1875,1911,-1200,220
1.9530,1875,1911,-1200,220
1.9534,1875,1911,-1200,220
1.9537,1875,1910,-1200,220
1.9540,1875,1910,-1200,220
1.9544,1875,1909,-1200,212
1.9548,1875,1909,-1200,212
1.9552,1875,1909,-1200,212
1.9557,1875,1908,-1200,212
1.9561,1875,1908,-1200,212
1.9564,1875,1907,-1200,204
1.9568,1875,1907,-1200,204
1.9572,1875,1907,-1200,204
1.9576,1875,1906,-1200,204
1.9579,1875,1906,-1200,204
1.9583,1875,1906,-1200,204
1.9587,1875,1905,-1200,196
1.9591,1875,1905,-1200,196
1.9595,1875,1904,-1200,196
1.9599,1875,1904,-1200,196
1.9602,1873,1903,-1200,188
1.9610,1873,1903,-1200,188
1.9613,1873,1902,-1200,188
1.9617,1873,1902,-1200,188
1.9621,1873,1902,-1200,188
1.9625,1873,1901,-1200,180
1.9629,1873,1901,-1200,180
1.9632,1873,1901,-1200,180
1.9637,1873,1900,-1200,180
1.9640,1873,1900,-1200,180
1.9644,1873,1899,-1200,152
1.9648,1873,1899,-1200,152
1.9652,1873,1899,-1200,152
1.9656,1873,1898,-1200,152
1.9659,1873,1898,-1200,152
1.9663,1873,1898,-1200,152
1.9667,1873,1897,-1000,144
1.9671,1873,1897,-1000,144
1.9674,1873,1897,-1000,144
1.9678,1873,1897,-1000,144
1.9682,1873,1897,-1000,144
1.9686,1873,1896,-1000,144
1.9689,1873,1896,-1000,144
1.9693,1873,1896,-1000,144
1.9696,1873,1895,-1000,136
1.9700,1874,1894,-1000,128
1.9707,1874,1894,-1000,128
1.9711,1874,1894,-1000,128
1.9715,1874,1893,-1000,128
1.9719,1874,1893,-1000,128
1.9722,1874,1893,-1000,128
1.9727,1874,1892,-1000,120
1.9730,1874,1892,-1000,120
1.9734,1874,1891,-1000,112
1.9738,1874,1891,-1000,112
1.9742,1874,1891,-1000,112
1.9746,1874,1891,-1000,112
1.9749,1874,1891,-1000,112
1.9753,1874,1890,-1000,112
1.9757,1874,1890,-1000,112
1.9761,1874,1890,-1000,112
1.9765,1874,1889,-1000,104
1.9768,1874,1889,-1000,104
1.9772,1874,1889,-1000,104
1.9776,1874,1888,-1000,96
1.9780,1874,1888,-1000,96
1.9783,1874,1887,-1000,88
1.9787,1874,1887,-1000,88
1.9791,1874,1887,-1000,88
1.9795,1874,1887,-1000,88
1.9798,1874,1887,-1000,88
1.9802,1875,1886,-1000,80
1.9809,1875,1886,-1000,80
1.9813,1875,1886,-1000,80
1.9817,1875,1886,-1000,80
1.9821,1875,1886,-1000,80
1.9825,1875,1885,-1000,72
1.9828,1875,1885,-1000,72
1.9832,1875,1885,-1000,72
1.9837,1875,1885,-1000,72
1.9841,1875,1885,-1000,72
1.9844,1875,1884,-1000,60
1.9848,1875,1884,-1000,60
1.9851,1875,1884,-1000,60
1.9855,1875,1883,-1000,52
1.9858,1875,1883,-1000,52
1.9862,1875,1883,-1000,52
1.9865,1875,1882,-750,36
1.9869,1875,1882,-750,36
1.9873,1875,1882,-750,36
1.9877,1875,1882,-750,36
1.9880,1875,1882,-750,36
1.9884,1875,1881,-750,28
1.9888,1875,1881,-750,28
1.9891,1875,1881,-750,28
1.9894,1875,1881,-750,28
1.9898,1875,1881,-750,28
1.9902,1878,1880,-750,-20
1.9909,1878,1880,-750,-20
1.9912,1878,1880,-750,-20
1.9917,1878,1880,-750,-20
1.9920,1878,1880,-750,-20
1.9924,1878,1879,-750,-28
1.9928,1878,1879,-750,-28
1.9931,1878,1879,-750,-28
1.9935,1878,1879,-750,-36
1.9938,1878,1879,-750,-36
1.9942,1878,1878,-750,-44
1.9945,1878,1878,-750,-44
1.9949,1878,1878,-750,-44
1.9952,1878,1878,-750,-44
1.9956,1878,1878,-750,-44
1.9960,1878,1878,-750,-44
1.9963,1878,1877,-750,-60
1.9968,1878,1877,-750,-60
1.9971,1878,1877,-750,-60
1.9975,1878,1877,-750,-60
1.9979,1878,1877,-750,-60
1.9983,1878,1877,-750,-60
1.9987,1878,1877,-750,-60
1.9990,1878,1877,-750,-60
1.9994,1878,1876,-750,-60
1.9998,1878,1876,-750,-60
2.0001,1882,1876,-750,-60
2.0009,1882,1876,-750,-60
2.0012,1882,1875,-750,-68
2.0017,1882,1875,-750,-68
2.0020,1882,1875,-750,-68
2.0024,1882,1875,-750,-68
2.0028,1882,1875,-750,-68
2.0031,1882,1875,-750,-76
2.0035,1882,1875,-750,-76
2.0038,1882,1875,-750,-76
2.0042,1882,1875,-750,-84
2.0046,1882,1875,-750,-84
2.0050,1882,1875,-750,-84
2.0054,1882,1874,-750,-92
2.0057,1882,1874,-750,-92
2.0061,1882,1874,-750,-92
2.0064,1882,1874,-400,-100
2.0068,1882,1874,-400,-100
2.0072,1882,1874,-400,-100
2.0076,1882,1874,-400,-100
2.0080,1882,1874,-400,-100
2.0083,1882,1874,-400,-100
2.0087,1882,1874,-400,-100
2.0091,1882,1874,-400,-100
2.0094,1882,1874,-400,-108
2.0098,1882,1874,-400,-108
2.0101,1887,1874,-400,-108
2.0108,1887,1874,-400,-108
2.0111,1887,1874,-400,-108
2.0115,1887,1874,-400,-108
2.0118,1887,1874,-400,-108
2.0122,1887,1874,-400,-116
2.0126,1887,1874,-400,-116
2.0130,1887,1874,-400,-116
2.0134,1887,1874,-400,-116
2.0137,1887,1874,-400,-116
2.0141,1887,1874,-400,-124
2.0144,1887,1874,-400,-124
2.0148,1887,1874,-400,-124
2.0151,1887,1874,-400,-124
2.0155,1887,1874,-400,-124
2.0159,1887,1874,-400,-124
2.0163,1887,1874,-400,-132
2.0167,1887,1874,-400,-132
2.0171,1887,1874,-400,-132
2.0174,1887,1874,-400,-132
2.0178,1887,1874,-400,-132
2.0182,1887,1874,-400,-140
2.0185,1887,1874,-400,-140
2.0189,1887,1874,-400,-140
2.0193,1887,1874,-400,-140
2.0197,1887,1874,-400,-140
2.0200,1893,1874,-400,-140
2.0207,1893,1874,-400,-140
2.0211,1893,1874,-400,-148
2.0215,1893,1874,-400,-148
2.0219,1893,1874,-400,-148
2.0223,1893,1874,-400,-148
2.0227,1893,1874,-400,-148
2.0231,1893,1874,-400,-156
2.0235,1893,1874,-400,-156
2.0239,1893,1874,-400,-156
2.0243,1893,1874,-400,-140
2.0247,1893,1874,-400,-140
2.0251,1893,1874,-400,-148
2.0255,1893,1874,-400,-148
2.0259,1893,1874,-400,-148
2.0263,1893,1874,0,-148
2.0267,1893,1874,0,-148
2.0271,1893,1874,0,-156
2.0276,1893,1874,0,-156
2.0280,1893,1874,0,-156
2.0284,1893,1874,0,-156
2.0287,1893,1874,0,-156
2.0291,1893,1874,0,-164
2.0295,1893,1874,0,-164
2.0298,1893,1874,0,-164
2.0302,1901,1874,0,-164
2.0309,1901,1874,0,-172
2.0314,1901,1874,0,-172
2.0318,1901,1874,0,-172
2.0322,1901,1875,0,-164
2.0327,1901,1875,0,-164
2.0332,1901,1875,0,-172
2.0350,1901,1876,0,-172
2.0357,1901,1876,0,-172
2.0360,1901,1876,0,-180
2.0364,1901,1876,0,-180
2.0368,1901,1876,0,-180
2.0371,1901,1877,0,-172
2.0375,1901,1877,0,-172
2.0379,1901,1877,0,-172
2.0382,1901,1877,0,-180
2.0387,1901,1877,0,-180
2.0391,1901,1877,0,-188
2.0394,1901,1877,0,-188
2.0398,1901,1877,0,-188
2.0402,1910,1878,0,-180
2.0409,1910,1878,0,-188
2.0413,1910,1878,0,-188
2.0417,1910,1878,0,-188
2.0421,1910,1878,0,-188
2.0425,1910,1878,0,-188
2.0429,1910,1879,0,-188
2.0433,1910,1879,0,-188
2.0437,1910,1879,0,-188
2.0441,1910,1879,0,-188
2.0445,1910,1879,0,-188
2.0449,1910,1879,0,-188
2.0453,1910,1879,0,-188
2.0457,1910,1879,0,-188
2.0461,1910,1880,300,-188
2.0464,1910,1880,300,-188
2.0468,1910,1880,300,-188
2.0472,1910,1880,300,-196
2.0475,1910,1880,300,-196
2.0479,1910,1881,300,-196
2.0483,1910,1881,300,-196
2.0487,1910,1881,300,-196
2.0491,1910,1881,300,-196
2.0494,1910,1881,300,-196
2.0498,1910,1881,300,-196
2.0501,1920,1882,300,-196
2.0508,1920,1882,300,-196
2.0512,1920,1882,300,-204
2.0515,1920,1882,300,-204
2.0519,1920,1883,300,-196
2.0522,1920,1883,300,-196
2.0526,1920,1883,300,-196
2.0530,1920,1883,300,-204
2.0533,1920,1883,300,-204
2.0537,1920,1883,300,-204
2.0541,1920,1884,300,-204
2.0545,1920,1884,300,-204
2.0549,1920,1885,300,-204
2.0552,1920,1885,300,-204
2.0557,1920,1885,300,-204
2.0560,1920,1885,300,-212
2.0564,1920,1885,300,-212
2.0568,1920,1885,300,-212
2.0572,1920,1886,300,-204
2.0576,1920,1886,300,-204
2.0579,1920,1886,300,-212
2.0583,1920,1886,300,-212
2.0586,1920,1886,300,-212
2.0590,1920,1887,300,-212
2.0594,1920,1887,300,-212
2.0597,1920,1887,300,-212
2.0601,1930,1887,300,-220
2.0608,1930,1887,300,-220
2.0611,1930,1888,300,-220
2.0616,1930,1888,300,-220
2.0620,1930,1888,300,-220
2.0624,1930,1888,300,-220
2.0628,1930,1888,300,-220
2.0632,1930,1889,300,-220
2.0636,1930,1889,300,-220
2.0639,1930,1890,300,-208
2.0643,1930,1890,300,-208
2.0647,1930,1890,300,-208
2.0651,1930,1890,300,-216
2.0655,1930,1890,300,-216
2.0659,1930,1891,550,-216
2.0662,1930,1891,550,-216
2.0667,1930,1891,550,-216
2.0670,1930,1892,550,-216
2.0674,1930,1892,550,-216
2.0678,1930,1892,550,-216
2.0682,1930,1892,550,-216
2.0685,1930,1892,550,-216
2.0689,1930,1892,550,-224
2.0692,1930,1892,550,-224
2.0696,1930,1892,550,-224
2.0700,1930,1893,550,-224
2.0704,1942,1893,550,-224
2.0710,1942,1894,550,-224
2.0714,1942,1894,550,-224
2.0717,1942,1894,550,-224
2.0721,1942,1895,550,-224
2.0725,1942,1895,550,-224
2.0728,1942,1895,550,-224
2.0732,1942,1895,550,-224
2.0737,1942,1895,550,-224
2.0740,1942,1896,550,-224
2.0744,1942,1896,550,-224
2.0747,1942,1896,550,-224
2.0751,1942,1897,550,-224
2.0754,1942,1897,550,-224
2.0758,1942,1897,550,-232
2.0762,1942,1897,550,-232
2.0765,1942,1897,550,-232
2.0769,1942,1898,550,-232
2.0773,1942,1898,550,-232
2.0776,1942,1898,550,-232
2.0780,1942,1898,550,-240
2.0784,1942,1898,550,-240
2.0787,1942,1898,550,-240
2.0791,1942,1899,550,-240
2.0794,1942,1899,550,-240
2.0798,1942,1900,550,-240
2.0802,1955,1900,550,-240
2.0809,1955,1900,550,-240
2.0812,1955,1900,550,-240
2.0817,1955,1900,550,-240
2.0820,1955,1901,550,-240
2.0824,1955,1901,550,-240
2.0828,1955,1902,550,-240
2.0832,1955,1902,550,-240
2.0835,1955,1902,550,-240
2.0839,1955,1902,550,-252
2.0843,1955,1902,550,-252
2.0847,1955,1902,550,-252
2.0850,1955,1903,550,-252
2.0854,1955,1903,550,-252
2.0857,1955,1904,650,-252
2.0861,1955,1904,650,-252
2.0864,1955,1904,650,-252
2.0868,1955,1905,650,-252
2.0871,1955,1905,650,-252
2.0875,1955,1905,650,-252
2.0879,1955,1905,650,-260
2.0883,1955,1905,650,-260
2.0886,1955,1905,650,-260
2.0890,1955,1906,650,-260
2.0893,1955,1906,650,-260
2.0897,1955,1907,650,-260
2.0901,1968,1907,650,-260
2.0907,1968,1907,650,-268
2.0911,1968,1907,650,-268
2.0914,1968,1907,650,-268
2.0918,1968,1908,650,-268
2.0921,1968,1908,650,-268
2.0925,1968,1908,650,-268
2.0928,1968,1909,650,-268
2.0932,1968,1909,650,-268
2.0935,1968,1909,650,-268
2.0939,1968,1910,650,-268
2.0943,1968,1910,650,-268
2.0947,1968,1911,650,-276
2.0951,1968,1911,650,-276
2.0955,1968,1911,650,-276
2.0959,1968,1911,650,-284
2.0962,1968,1911,650,-284
2.0967,1968,1912,650,-284
2.0970,1968,1912,650,-284
2.0974,1968,1912,650,-284
2.0978,1968,1913,650,-284
2.0981,1968,1913,650,-284
2.0985,1968,1913,650,-284
2.0989,1968,1914,650,-284
2.0993,1968,1914,650,-284
2.0997,1968,1915,650,-284
2.1001,1981,1915,650,-284
2.1008,1981,1915,650,-292
2.1011,1981,1915,650,-292
2.1015,1981,1915,650,-292
2.1018,1981,1916,650,-292
2.1022,1981,1916,650,-292
2.1026,1981,1916,650,-292
2.1029,1981,1917,650,-292
2.1033,1981,1917,650,-292
2.1037,1981,1918,650,-292
2.1041,1981,1918,650,-292
2.1044,1981,1918,650,-292
2.1048,1981,1919,650,-292
2.1052,1981,1919,650,-292
2.1056,1981,1919,650,-292
2.1060,1981,1920,800,-292
2.1063,1981,1920,800,-292
2.1067,1981,1921,800,-300
2.1070,1981,1921,800,-300
2.1074,1981,1921,800,-300
2.1078,1981,1921,800,-308
2.1081,1981,1921,800,-308
2.1085,1981,1921,800,-308
2.1089,1981,1922,800,-308
2.1093,1981,1922,800,-308
2.1097,1981,1923,800,-308
2.1100,1995,1923,800,-308
2.1108,1995,1924,800,-308
2.1112,1995,1924,800,-308
2.1115,1995,1924,800,-308
2.1119,1995,1925,800,-308
2.1123,1995,1925,800,-308
2.1127,1995,1926,800,-308
2.1131,1995,1926,800,-308
2.1134,1995,1926,800,-308
2.1138,1995,1927,800,-308
2.1141,1995,1927,800,-308
2.1145,1995,1927,800,-308
2.1149,1995,1927,800,-324
2.1153,1995,1927,800,-324
2.1157,1995,1928,800,-324
2.1161,1995,1928,800,-324
2.1165,1995,1928,800,-324
2.1168,1995,1929,800,-324
2.1172,1995,1929,800,-324
2.1175,1995,1929,800,-324
2.1179,1995,1930,800,-324
2.1183,1995,1930,800,-324
2.1187,1995,1931,800,-324
2.1190,1995,1931,800,-324
2.1194,1995,1931,800,-324
2.1198,1995,1932,800,-332
2.1202,2010,1933,800,-332
2.1209,2010,1933,800,-332
2.1213,2010,1933,800,-332
2.1217,2010,1934,800,-332
2.1221,2010,1934,800,-332
2.1225,2010,1934,800,-332
2.1228,2010,1935,800,-332
2.1232,2010,1935,800,-332
2.1236,2010,1936,800,-332
2.1240,2010,1936,800,-332
2.1243,2010,1936,800,-332
2.1247,2010,1937,800,-332
2.1251,2010,1937,800,-332
2.1255,2010,1938,900,-340
2.1259,2010,1938,900,-340
2.1263,2010,1938,900,-340
2.1267,2010,1939,900,-340
2.1270,2010,1939,900,-340
2.1274,2010,1939,900,-340
2.1278,2010,1940,900,-340
2.1282,2010,1940,900,-340
2.1286,2010,1941,900,-340
2.1290,2010,1941,900,-340
2.1294,2010,1941,900,-340
2.1297,2010,1942,900,-348
2.1301,2025,1942,900,-348
2.1308,2025,1943,900,-348
2.1312,2025,1943,900,-348
2.1315,2025,1944,900,-348
2.1319,2025,1944,900,-348
2.1323,2025,1944,900,-348
2.1326,2025,1945,900,-348
2.1330,2025,1945,900,-348
2.1334,2025,1945,900,-348
2.1338,2025,1947,900,-348
2.1341,2025,1947,900,-348
2.1345,2025,1948,900,-348
2.1348,2025,1948,900,-348
2.1352,2025,1948,900,-348
2.1355,2025,1948,900,-356
2.1359,2025,1948,900,-356
2.1362,2025,1948,900,-356
2.1366,2025,1949,900,-364
2.1370,2025,1949,900,-364
2.1374,2025,1949,900,-364
2.1377,2025,1950,900,-364
2.1381,2025,1950,900,-364
2.1385,2025,1952,900,-356
2.1389,2025,1952,900,-356
2.1392,2025,1952,900,-356
2.1397,2025,1953,900,-364
2.1400,2040,1953,900,-364
2.1406,2040,1954,900,-364
2.1410,2040,1954,900,-364
2.1413,2040,1954,900,-364
2.1417,2040,1955,900,-364
2.1420,2040,1955,900,-364
2.1424,2040,1955,900,-364
2.1427,2040,1956,900,-372
2.1431,2040,1956,900,-372
2.1435,2040,1958,900,-360
2.1438,2040,1958,900,-360
2.1442,2040,1958,900,-360
2.1445,2040,1959,900,-360
2.1448,2040,1959,900,-360
2.1452,2040,1959,900,-360
2.1455,2040,1960,1100,-368
2.1459,2040,1960,1100,-368
2.1462,2040,1960,1100,-368
2.1466,2040,1961,1100,-368
2.1470,2040,1961,1100,-368
2.1473,2040,1961,1100,-368
2.1477,2040,1963,1100,-360
2.1480,2040,1963,1100,-360
2.1484,2040,1963,1100,-360
2.1487,2040,1963,1100,-376
2.1491,2040,1963,1100,-376
2.1494,2040,1963,1100,-376
2.1497,2040,1964,1100,-376
2.1501,2055,1964,1100,-376
2.1507,2055,1965,1100,-376
2.1511,2055,1965,1100,-376
2.1514,2055,1967,1100,-376
2.1517,2055,1967,1100,-376
2.1521,2055,1967,1100,-376
2.1524,2055,1968,1100,-376
2.1528,2055,1968,1100,-376
2.1531,2055,1968,1100,-376
2.1535,2055,1969,1100,-376
2.1538,2055,1969,1100,-376
2.1541,2055,1969,1100,-376
2.1545,2055,1970,1100,-384
2.1548,2055,1970,1100,-384
2.1551,2055,1970,1100,-384
2.1555,2055,1971,1100,-384
2.1559,2055,1971,1100,-384
2.1562,2055,1971,1100,-384
2.1566,2055,1972,1100,-384
2.1569,2055,1972,1100,-384
2.1573,2055,1972,1100,-384
2.1576,2055,1974,1100,-384
2.1580,2055,1974,1100,-384
2.1583,2055,1974,1100,-384
2.1587,2055,1975,1100,-384
2.1590,2055,1975,1100,-384
2.1594,2055,1976,1100,-392
2.1597,2055,1976,1100,-392
2.1601,2070,1977,1100,-392
2.1608,2070,1977,1100,-392
2.1612,2070,1977,1100,-392
2.1616,2070,1979,1100,-384
2.1619,2070,1979,1100,-384
2.1623,2070,1979,1100,-384
2.1627,2070,1980,1100,-392
2.1630,2070,1980,1100,-392
2.1634,2070,1981,1100,-392
2.1638,2070,1981,1100,-392
2.1642,2070,1981,1100,-392
2.1645,2070,1982,1100,-392
2.1649,2070,1982,1100,-392
2.1652,2070,1982,1100,-392
2.1657,2070,1984,1200,-392
2.1660,2070,1984,1200,-392
2.1664,2070,1985,1200,-392
2.1667,2070,1985,1200,-392
2.1671,2070,1985,1200,-392
2.1675,2070,1986,1200,-400
2.1678,2070,1986,1200,-400
2.1682,2070,1986,1200,-400
2.1686,2070,1987,1200,-400
2.1689,2070,1987,1200,-400
2.1693,2070,1987,1200,-400
2.1697,2070,1989,1200,-392
2.1700,2084,1990,1200,-400
2.1708,2084,1990,1200,-400
2.1711,2084,1990,1200,-400
2.1715,2084,1991,1200,-400
2.1719,2084,1991,1200,-400
2.1723,2084,1992,1200,-400
2.1727,2084,1992,1200,-400
2.1730,2084,1992,1200,-400
2.1734,2084,1994,1200,-400
2.1738,2084,1994,1200,-400
2.1742,2084,1994,1200,-400
2.1745,2084,1995,1200,-400
2.1749,2084,1995,1200,-400
2.1753,2084,1996,1200,-408
2.1757,2084,1996,1200,-408
2.1760,2084,1996,1200,-408
2.1764,2084,1998,1200,-400
2.1771,2084,1998,1200,-400
2.1780,2084,1999,1200,-408
2.1786,2084,2000,1200,-408
2.1792,2084,2000,1200,-408
2.1799,2084,2001,1200,-408
2.1803,2099,2003,1200,-408
2.1811,2099,2003,1200,-408
2.1814,2099,2004,1200,-408
2.1818,2099,2004,1200,-408
2.1822,2099,2006,1200,-400
2.1827,2099,2006,1200,-400
2.1830,2099,2006,1200,-400
2.1834,2099,2007,1200,-400
2.1838,2099,2007,1200,-400
2.1842,2099,2007,1200,-400
2.1845,2099,2008,1200,-400
2.1849,2099,2008,1200,-400
2.1853,2099,2010,1300,-400
2.1857,2099,2010,1300,-400
2.1861,2099,2010,1300,-400
2.1864,2099,2011,1300,-400
2.1868,2099,2011,1300,-400
2.1872,2099,2011,1300,-400
2.1876,2099,2012,1300,-400
2.1879,2099,2012,1300,-400
2.1883,2099,2014,1300,-400
2.1887,2099,2014,1300,-400
2.1890,2099,2014,1300,-400
2.1894,2099,2015,1300,-400
2.1898,2099,2015,1300,-400
2.1901,2113,2016,1300,-408
2.1908,2113,2016,1300,-408
2.1912,2113,2018,1300,-400
2.1916,2113,2018,1300,-400
2.1919,2113,2018,1300,-400
2.1923,2113,2019,1300,-400
2.1927,2113,2019,1300,-400
2.1930,2113,2019,1300,-400
2.1934,2113,2020,1300,-408
2.1938,2113,2020,1300,-408
2.1942,2113,2020,1300,-408
2.1945,2113,2021,1300,-408
2.1949,2113,2021,1300,-408
2.1953,2113,2023,1300,-408
2.1957,2113,2023,1300,-408
2.1960,2113,2023,1300,-408
2.1964,2113,2024,1300,-408
2.1968,2113,2024,1300,-408
2.1971,2113,2024,1300,-408
2.1975,2113,2026,1300,-408
2.1979,2113,2026,1300,-408
2.1982,2113,2027,1300,-408
2.1987,2113,2027,1300,-408
2.1990,2113,2027,1300,-408
2.1994,2113,2029,1300,-408
2.1998,2113,2029,1300,-408
2.2002,2126,2030,1300,-408
2.2009,2126,2030,1300,-408
2.2012,2126,2032,1300,-400
2.2016,2126,2032,1300,-400
2.2020,2126,2032,1300,-400
2.2024,2126,2033,1300,-408
2.2027,2126,2033,1300,-408
2.2031,2126,2033,1300,-408
2.2035,2126,2034,1300,-404
2.2039,2126,2034,1300,-404
2.2042,2126,2036,1300,-404
2.2047,2126,2036,1300,-404
2.2050,2126,2036,1300,-404
2.2054,2126,2037,1350,-404
2.2058,2126,2037,1350,-404
2.2062,2126,2039,1350,-404
2.2066,2126,2039,1350,-404
2.2069,2126,2039,1350,-404
2.2073,2126,2040,1350,-404
2.2077,2126,2040,1350,-404
2.2081,2126,2041,1350,-404
2.2085,2126,2041,1350,-404
2.2089,2126,2041,1350,-404
2.2093,2126,2043,1350,-404
2.2097,2126,2043,1350,-404
2.2100,2139,2044,1350,-404
2.2108,2139,2044,1350,-404
2.2111,2139,2046,1350,-396
2.2115,2139,2046,1350,-396
2.2119,2139,2046,1350,-396
2.2123,2139,2047,1350,-404
2.2127,2139,2047,1350,-404
2.2131,2139,2047,1350,-404
2.2134,2139,2048,1350,-404
2.2138,2139,2048,1350,-404
2.2141,2139,2050,1350,-404
2.2145,2139,2050,1350,-404
2.2148,2139,2050,1350,-404
2.2152,2139,2051,1350,-404
2.2155,2139,2051,1350,-404
2.2159,2139,2051,1350,-404
2.2163,2139,2053,1350,-396
2.2167,2139,2053,1350,-396
2.2171,2139,2054,1350,-404
2.2175,2139,2054,1350,-404
2.2178,2139,2054,1350,-404
2.2182,2139,2056,1350,-396
2.2187,2139,2056,1350,-396
2.2191,2139,2057,1350,-404
2.2195,2139,2057,1350,-404
2.2198,2139,2057,1350,-404
2.2202,2151,2059,1350,-396
2.2210,2151,2059,1350,-396
2.2213,2151,2060,1350,-396
2.2217,2151,2060,1350,-396
2.2221,2151,2062,1350,-396
2.2225,2151,2062,1350,-396
2.2229,2151,2062,1350,-396
2.2233,2151,2063,1350,-388
2.2236,2151,2063,1350,-388
2.2240,2151,2063,1350,-388
2.2244,2151,2064,1350,-388
2.2248,2151,2064,1350,-388
2.2251,2151,2066,1450,-388
2.2255,2151,2066,1450,-388
2.2259,2151,2066,1450,-388
2.2263,2151,2067,1450,-388
2.2267,2151,2067,1450,-388
2.2270,2151,2068,1450,-388
2.2274,2151,2068,1450,-388
2.2279,2151,2068,1450,-388
2.2283,2151,2070,1450,-388
2.2287,2151,2070,1450,-388
2.2291,2151,2071,1450,-388
2.2294,2151,2071,1450,-388
2.2298,2151,2071,1450,-388
2.2302,2163,2072,1450,-388
2.2310,2163,2072,1450,-388
2.2313,2163,2074,1450,-388
2.2317,2163,2074,1450,-388
2.2321,2163,2075,1450,-388
2.2325,2163,2075,1450,-388
2.2329,2163,2075,1450,-388
2.2333,2163,2077,1450,-380
2.2337,2163,2077,1450,-380
2.2341,2163,2078,1450,-388
2.2345,2163,2078,1450,-388
2.2349,2163,2078,1450,-388
2.2353,2163,2080,1450,-380
2.2357,2163,2080,1450,-380
2.2361,2163,2081,1450,-380
2.2364,2163,2081,1450,-380
2.2368,2163,2081,1450,-380
2.2372,2163,2083,1450,-380
2.2377,2163,2083,1450,-380
2.2381,2163,2084,1450,-380
2.2384,2163,2084,1450,-380
2.2388,2163,2084,1450,-380
2.2392,2163,2085,1450,-380
2.2395,2163,2085,1450,-380
2.2399,2163,2085,1450,-380
2.2403,2173,2087,1450,-380
2.2410,2173,2088,1450,-380
2.2414,2173,2088,1450,-380
2.2417,2173,2088,1450,-380
2.2421,2173,2090,1450,-372
2.2425,2173,2090,1450,-372
2.2428,2173,2090,1450,-372
2.2432,2173,2091,1450,-380
2.2437,2173,2091,1450,-380
2.2441,2173,2092,1450,-380
2.2444,2173,2092,1450,-380
2.2448,2173,2092,1450,-380
2.2452,2173,2093,1350,-380
2.2457,2173,2093,1350,-380
2.2460,2173,2095,1350,-380
2.2464,2173,2095,1350,-380
2.2467,2173,2095,1350,-380
2.2471,2173,2096,1350,-380
2.2475,2173,2096,1350,-380
2.2479,2173,2096,1350,-380
2.2482,2173,2098,1350,-372
2.2487,2173,2098,1350,-372
2.2490,2173,2099,1350,-372
2.2494,2173,2099,1350,-372
2.2498,2173,2099,1350,-372
2.2502,2182,2101,1350,-364
2.2509,2182,2102,1350,-372
2.2513,2182,2102,1350,-372
2.2517,2182,2102,1350,-372
2.2521,2182,2103,1350,-372
2.2525,2182,2103,1350,-372
2.2528,2182,2103,1350,-372
2.2532,2182,2105,1350,-364
2.2537,2182,2105,1350,-364
2.2541,2182,2106,1350,-364
2.2545,2182,2106,1350,-364
2.2548,2182,2106,1350,-364
2.2552,2182,2107,1350,-372
2.2556,2182,2107,1350,-372
2.2560,2182,2109,1350,-364
2.2564,2182,2109,1350,-364
2.2567,2182,2109,1350,-364
2.2571,2182,2110,1350,-364
2.2575,2182,2110,1350,-364
2.2578,2182,2110,1350,-364
2.2582,2182,2111,1350,-364
2.2585,2182,2111,1350,-364
2.2589,2182,2113,1350,-356
2.2593,2182,2113,1350,-356
2.2597,2182,2113,1350,-356
2.2601,2190,2114,1350,-356
2.2608,2190,2115,1350,-364
2.2612,2190,2115,1350,-364
2.2617,2190,2115,1350,-364
2.2621,2190,2117,1350,-356
2.2624,2190,2117,1350,-356
2.2628,2190,2117,1350,-356
2.2632,2190,2118,1350,-348
2.2635,2190,2118,1350,-348
2.2639,2190,2119,1350,-348
2.2643,2190,2119,1350,-348
2.2647,2190,2119,1350,-348
2.2651,2190,2121,1400,-340
2.2655,2190,2121,1400,-340
2.2658,2190,2122,1400,-340
2.2662,2190,2122,1400,-340
2.2666,2190,2122,1400,-340
2.2670,2190,2124,1400,-340
2.2674,2190,2124,1400,-340
2.2677,2190,2124,1400,-340
2.2681,2190,2125,1400,-340
2.2685,2190,2125,1400,-340
2.2688,2190,2126,1400,-340
2.2692,2190,2126,1400,-340
2.2697,2190,2126,1400,-340
2.2700,2198,2127,1400,-340
2.2707,2198,2127,1400,-340
2.2711,2198,2129,1400,-332
2.2715,2198,2129,1400,-332
2.2718,2198,2130,1400,-332
2.2722,2198,2130,1400,-332
2.2726,2198,2130,1400,-332
2.2730,2198,2132,1400,-324
2.2734,2198,2132,1400,-324
2.2738,2198,2132,1400,-324
2.2741,2198,2133,1400,-324
2.2745,2198,2133,1400,-324
2.2748,2198,2134,1400,-324
2.2752,2198,2134,1400,-324
2.2756,2198,2134,1400,-324
2.2759,2198,2135,1400,-324
2.2763,2198,2135,1400,-324
2.2766,2198,2135,1400,-324
2.2770,2198,2137,1400,-324
2.2773,2198,2137,1400,-324
2.2778,2198,2137,1400,-324
2.2781,2198,2138,1400,-324
2.2785,2198,2138,1400,-324
2.2789,2198,2139,1400,-324
2.2793,2198,2139,1400,-324
2.2797,2198,2139,1400,-324
2.2801,2204,2141,1400,-316
2.2809,2204,2142,1400,-308
2.2813,2204,2142,1400,-308
2.2817,2204,2142,1400,-308
2.2820,2204,2143,1400,-316
2.2824,2204,2143,1400,-316
2.2828,2204,2144,1400,-312
2.2831,2204,2144,1400,-312
2.2835,2204,2144,1400,-312
2.2839,2204,2146,1400,-304
2.2843,2204,2146,1400,-304
2.2847,2204,2146,1400,-304
2.2850,2204,2147,1300,-304
2.2854,2204,2147,1300,-304
2.2858,2204,2148,1300,-304
2.2861,2204,2148,1300,-304
2.2865,2204,2148,1300,-304
2.2868,2204,2150,1300,-288
2.2872,2204,2150,1300,-288
2.2877,2204,2150,1300,-288
2.2880,2204,2151,1300,-288
2.2884,2204,2151,1300,-288
2.2887,2204,2152,1300,-288
2.2891,2204,2152,1300,-288
2.2895,2204,2152,1300,-288
2.2898,2204,2154,1300,-280
2.2902,2208,2154,1300,-280
2.2909,2208,2155,1300,-280
2.2913,2208,2155,1300,-280
2.2917,2208,2155,1300,-280
2.2920,2208,2156,1300,-280
2.2924,2208,2156,1300,-280
2.2928,2208,2157,1300,-280
2.2932,2208,2157,1300,-280
2.2936,2208,2157,1300,-280
2.2940,2208,2158,1300,-280
2.2943,2208,2158,1300,-280
2.2947,2208,2158,1300,-280
2.2950,2208,2160,1300,-264
2.2954,2208,2160,1300,-264
2.2957,2208,2161,1300,-264
2.2961,2208,2161,1300,-264
2.2964,2208,2161,1300,-264
2.2968,2208,2162,1300,-264
2.2971,2208,2162,1300,-264
2.2975,2208,2162,1300,-264
2.2979,2208,2163,1300,-264
2.2982,2208,2163,1300,-264
2.2986,2208,2163,1300,-264
2.2990,2208,2164,1300,-264
2.2994,2208,2164,1300,-264
2.2997,2208,2165,1300,-256
2.3001,2212,2165,1300,-256
2.3007,2212,2166,1300,-256
2.3011,2212,2166,1300,-256
2.3014,2212,2166,1300,-256
2.3018,2212,2167,1300,-256
2.3021,2212,2167,1300,-256
2.3025,2212,2167,1300,-256
2.3028,2212,2168,1300,-244
2.3032,2212,2168,1300,-244
2.3036,2212,2168,1300,-244
2.3039,2212,2169,1300,-236
2.3043,2212,2169,1300,-236
2.3046,2212,2170,1150,-236
2.3050,2212,2170,1150,-236
2.3054,2212,2170,1150,-236
2.3058,2212,2172,1150,-228
2.3061,2212,2172,1150,-228
2.3065,2212,2172,1150,-228
2.3069,2212,2173,1150,-220
2.3073,2212,2173,1150,-220
2.3077,2212,2174,1150,-220
2.3081,2212,2174,1150,-220
2.3084,2212,2174,1150,-220
2.3088,2212,2175,1150,-220
2.3092,2212,2175,1150,-220
2.3095,2212,2175,1150,-220
2.3099,2212,2176,1150,-212
2.3103,2214,2177,1150,-212
2.3110,2214,2177,1150,-212
2.3114,2214,2177,1150,-212
2.3118,2214,2178,1150,-204
2.3122,2214,2178,1150,-204
2.3127,2214,2180,1150,-196
2.3130,2214,2180,1150,-196
2.3134,2214,2180,1150,-196
2.3138,2214,2180,1150,-204
2.3142,2214,2180,1150,-204
2.3146,2214,2182,1150,-188
2.3150,2214,2182,1150,-188
2.3154,2214,2182,1150,-188
2.3158,2214,2183,1150,-188
2.3162,2214,2183,1150,-188
2.3166,2214,2183,1150,-188
2.3170,2214,2183,1150,-188
2.3174,2214,2183,1150,-188
2.3177,2214,2184,1150,-188
2.3181,2214,2184,1150,-188
2.3185,2214,2184,1150,-188
2.3189,2214,2185,1150,-180
2.3192,2214,2185,1150,-180
2.3197,2214,2186,1150,-180
2.3200,2215,2186,1150,-180
2.3208,2215,2187,1150,-172
2.3212,2215,2187,1150,-172
2.3215,2215,2188,1150,-172
2.3219,2215,2188,1150,-172
2.3223,2215,2188,1150,-172
2.3227,2215,2189,1150,-152
2.3231,2215,2189,1150,-152
2.3235,2215,2189,1150,-152
2.3238,2215,2190,1150,-144
2.3242,2215,2190,1150,-144
2.3245,2215,2191,1050,-144
2.3249,2215,2191,1050,-144
2.3253,2215,2191,1050,-144
2.3257,2215,2192,1050,-136
2.3261,2215,2192,1050,-136
2.3264,2215,2192,1050,-136
2.3268,2215,2192,1050,-136
2.3272,2215,2192,1050,-136
2.3276,2215,2193,1050,-136
2.3280,2215,2193,1050,-136
2.3283,2215,2193,1050,-136
2.3287,2215,2194,1050,-128
2.3290,2215,2194,1050,-128
2.3294,2215,2194,1050,-128
2.3298,2215,2195,1050,-120
2.3301,2214,2195,1050,-120
2.3308,2214,2196,1050,-112
2.3312,2214,2196,1050,-112
2.3315,2214,2197,1050,-104
2.3319,2214,2197,1050,-104
2.3323,2214,2197,1050,-104
2.3327,2214,2197,1050,-104
2.3330,2214,2197,1050,-104
2.3334,2214,2197,1050,-104
2.3337,2214,2198,1050,-104
2.3341,2214,2198,1050,-104
2.3345,2214,2199,1050,-96
2.3349,2214,2199,1050,-96
2.3353,2214,2199,1050,-96
2.3357,2214,2200,1050,-88
2.3361,2214,2200,1050,-88
2.3365,2214,2201,1050,-80
2.3368,2214,2201,1050,-80
2.3372,2214,2201,1050,-80
2.3376,2214,2201,1050,-80
2.3380,2214,2201,1050,-80
2.3384,2214,2201,1050,-80
2.3388,2214,2202,1050,-64
2.3392,2214,2202,1050,-64
2.3396,2214,2203,1050,-56
2.3399,2214,2203,1050,-56
2.3403,2212,2204,1050,-48
2.3410,2212,2204,1050,-48
2.3414,2212,2204,1050,-48
2.3428,2212,2205,1050,-24
2.3433,2212,2205,1050,-24
2.3437,2212,2205,1050,-24
2.3442,2212,2205,1050,-24
2.3446,2212,2206,750,24
2.3450,2212,2206,750,24
2.3457,2212,2207,750,32
2.3460,2212,2207,750,32
2.3464,2212,2207,750,32
2.3469,2212,2207,750,32
2.3474,2212,2207,750,32
2.3478,2212,2208,750,48
2.3484,2212,2208,750,48
2.3487,2212,2208,750,48
2.3491,2212,2208,750,48
2.3495,2212,2209,750,56
2.3498,2212,2209,750,56
2.3502,2209,2209,750,56
2.3509,2209,2209,750,56
2.3513,2209,2209,750,56
2.3517,2209,2209,750,56
2.3521,2209,2209,750,56
2.3524,2209,2210,750,72
2.3528,2209,2210,750,72
2.3531,2209,2210,750,72
2.3535,2209,2210,750,72
2.3538,2209,2210,750,72
2.3542,2209,2210,750,72
2.3546,2209,2211,750,72
2.3549,2209,2211,750,72
2.3553,2209,2211,750,72
2.3556,2209,2211,750,72
2.3560,2209,2211,750,72
2.3563,2209,2211,750,72
2.3567,2209,2211,750,72
2.3571,2209,2211,750,72
2.3575,2209,2211,750,72
2.3578,2209,2211,750,72
2.3582,2209,2211,750,72
2.3585,2209,2211,750,72
2.3589,2209,2211,750,72
2.3592,2209,2211,750,72
2.3596,2209,2211,750,80
2.3600,2205,2211,750,80
2.3607,2205,2212,750,88
2.3610,2205,2212,750,88
2.3614,2205,2212,750,88
2.3618,2205,2212,750,88
2.3621,2205,2212,750,88
2.3625,2205,2212,750,72
2.3628,2205,2212,750,72
2.3632,2205,2212,750,72
2.3636,2205,2212,750,80
2.3639,2205,2212,750,80
2.3643,2205,2212,750,80
2.3646,2205,2212,300,80
2.3650,2205,2212,300,80
2.3654,2205,2212,300,80
2.3657,2205,2212,300,80
2.3660,2205,2212,300,80
2.3664,2205,2212,300,88
2.3667,2205,2212,300,88
2.3671,2205,2212,300,88
2.3675,2205,2212,300,88
2.3678,2205,2212,300,88
2.3682,2205,2212,300,88
2.3685,2205,2212,300,88
2.3689,2205,2212,300,88
2.3693,2205,2212,300,88
2.3696,2205,2212,300,96
2.3700,2199,2212,300,96
2.3707,2199,2212,300,96
2.3710,2199,2212,300,96
2.3714,2199,2212,300,96
2.3717,2199,2212,300,96
2.3721,2199,2212,300,96
2.3724,2199,2212,300,104
2.3728,2199,2212,300,104
2.3731,2199,2212,300,104
2.3735,2199,2212,300,104
2.3739,2199,2212,300,104
2.3743,2199,2212,300,104
2.3746,2199,2212,300,112
2.3750,2199,2212,300,112
2.3754,2199,2212,300,112
2.3757,2199,2212,300,112
2.3761,2199,2212,300,112
2.3764,2199,2212,300,112
2.3768,2199,2212,300,112
2.3772,2199,2212,300,112
2.3775,2199,2212,300,120
2.3779,2199,2212,300,120
2.3783,2199,2212,300,120
2.3786,2199,2212,300,120
2.3790,2199,2212,300,120
2.3794,2199,2212,300,128
2.3797,2199,2212,300,128
2.3801,2192,2212,300,128
2.3807,2192,2212,300,128
2.3811,2192,2212,300,128
2.3814,2192,2212,300,136
2.3818,2192,2212,300,136
2.3821,2192,2212,300,136
2.3825,2192,2212,300,128
2.3829,2192,2212,300,128
2.3832,2192,2212,300,128
2.3836,2192,2212,300,136
2.3840,2192,2212,300,136
2.3844,2192,2212,0,136
2.3847,2192,2212,0,136
2.3851,2192,2212,0,136
2.3854,2192,2212,0,144
2.3858,2192,2212,0,144
2.3862,2192,2212,0,144
2.3865,2192,2212,0,152
2.3869,2192,2212,0,152
2.3873,2192,2212,0,152
2.3876,2192,2212,0,152
2.3880,2192,2212,0,152
2.3884,2192,2212,0,160
2.3887,2192,2212,0,160
2.3891,2192,2212,0,160
2.3894,2192,2212,0,160
2.3898,2192,2212,0,160
2.3901,2184,2212,0,168
2.3908,2184,2212,0,168
2.3912,2184,2212,0,168
2.3915,2184,2212,0,168
2.3919,2184,2212,0,168
2.3922,2184,2212,0,176
2.3926,2184,2212,0,176
2.3930,2184,2212,0,176
2.3934,2184,2211,0,168
2.3938,2184,2211,0,168
2.3941,2184,2211,0,168
2.3945,2184,2211,0,176
2.3948,2184,2211,0,176
2.3952,2184,2210,0,176
2.3957,2184,2210,0,176
2.3960,2184,2210,0,176
2.3964,2184,2210,0,176
2.3968,2184,2210,0,176
2.3972,2184,2210,0,184
2.3976,2184,2210,0,184
2.3980,2184,2210,0,184
2.3983,2184,2209,0,184
2.3987,2184,2209,0,184
2.3991,2184,2209,0,184
2.3995,2184,2209,0,184
2.3998,2184,2209,0,184
2.4002,2175,2208,0,184
2.4010,2175,2208,0,184
2.4014,2175,2208,0,192
2.4017,2175,2208,0,192
2.4021,2175,2208,0,192
2.4025,2175,2207,0,180
2.4029,2175,2207,0,180
2.4033,2175,2207,0,188
2.4037,2175,2207,0,188
2.4041,2175,2207,0,188
2.4045,2175,2206,-300,188
2.4049,2175,2206,-300,188
2.4053,2175,2206,-300,188
2.4057,2175,2206,-300,188
2.4061,2175,2206,-300,188
2.4065,2175,2205,-300,188
2.4069,2175,2205,-300,188
2.4072,2175,2205,-300,196
2.4076,2175,2205,-300,196
2.4080,2175,2205,-300,196
2.4084,2175,2205,-300,204
2.4088,2175,2205,-300,204
2.4092,2175,2205,-300,204
2.4095,2175,2205,-300,204
2.4099,2175,2205,-300,204
2.4103,2165,2204,-300,204
2.4110,2165,2204,-300,204
2.4114,2165,2203,-300,204
2.4118,2165,2203,-300,204
2.4122,2165,2203,-300,212
2.4125,2165,2203,-300,212
2.4129,2165,2203,-300,212
2.4133,2165,2202,-300,204
2.4137,2165,2202,-300,204
2.4141,2165,2202,-300,204
2.4144,2165,2202,-300,212
2.4148,2165,2202,-300,212
2.4152,2165,2201,-300,212
2.4155,2165,2201,-300,212
2.4160,2165,2201,-300,212
2.4163,2165,2200,-300,212
2.4167,2165,2200,-300,212
2.4171,2165,2200,-300,220
2.4175,2165,2200,-300,220
2.4179,2165,2200,-300,220
2.4183,2165,2199,-300,220
2.4187,2165,2199,-300,220
2.4191,2165,2199,-300,220
2.4194,2165,2199,-300,220
2.4198,2165,2199,-300,220
2.4202,2154,2198,-300,220
2.4210,2154,2198,-300,220
2.4214,2154,2198,-300,228
2.4217,2154,2198,-300,228
2.4221,2154,2197,-300,224
2.4225,2154,2197,-300,224
2.4229,2154,2197,-300,224
2.4233,2154,2197,-300,232
2.4236,2154,2197,-300,232
2.4240,2154,2197,-300,232
2.4244,2154,2196,-500,224
2.4248,2154,2196,-500,224
2.4251,2154,2195,-500,224
2.4255,2154,2195,-500,224
2.4259,2154,2195,-500,224
2.4263,2154,2195,-500,232
2.4266,2154,2195,-500,232
2.4270,2154,2195,-500,232
2.4274,2154,2194,-500,232
2.4278,2154,2194,-500,232
2.4282,2154,2194,-500,240
2.4286,2154,2194,-500,240
2.4290,2154,2194,-500,240
2.4294,2154,2193,-500,240
2.4298,2154,2193,-500,240
2.4302,2142,2192,-500,240
2.4309,2142,2192,-500,240
2.4313,2142,2192,-500,248
2.4317,2142,2192,-500,248
2.4320,2142,2191,-500,248
2.4324,2142,2191,-500,248
2.4328,2142,2191,-500,248
2.4332,2142,2190,-500,248
2.4335,2142,2190,-500,248
2.4339,2142,2190,-500,248
2.4343,2142,2190,-500,256
2.4347,2142,2190,-500,256
2.4351,2142,2189,-500,256
2.4355,2142,2189,-500,256
2.4359,2142,2189,-500,256
2.4362,2142,2188,-500,256
2.4367,2142,2188,-500,256
2.4370,2142,2187,-500,256
2.4375,2142,2187,-500,256
2.4378,2142,2187,-500,256
2.4382,2142,2187,-500,256
2.4387,2142,2187,-500,256
2.4390,2142,2186,-500,256
2.4394,2142,2186,-500,256
2.4398,2142,2186,-500,256
2.4401,2130,2185,-500,256
2.4408,2130,2185,-500,256
2.4412,2130,2185,-500,264
2.4415,2130,2185,-500,264
2.4419,2130,2185,-500,264
2.4423,2130,2184,-500,260
2.4426,2130,2184,-500,260
2.4430,2130,2183,-500,260
2.4434,2130,2183,-500,260
2.4437,2130,2183,-500,260
2.4441,2130,2182,-700,260
2.4444,2130,2182,-700,260
2.4448,2130,2182,-700,260
2.4451,2130,2182,-700,268
2.4455,2130,2182,-700,268
2.4459,2130,2182,-700,268
2.4463,2130,2181,-700,268
2.4466,2130,2181,-700,268
2.4470,2130,2180,-700,268
2.4473,2130,2180,-700,268
2.4477,2130,2180,-700,268
2.4480,2130,2179,-700,268
2.4484,2130,2179,-700,268
2.4487,2130,2179,-700,268
2.4491,2130,2178,-700,268
2.4494,2130,2178,-700,268
2.4498,2130,2178,-700,268
2.4501,2116,2178,-700,276
2.4508,2116,2178,-700,276
2.4512,2116,2177,-700,276
2.4515,2116,2177,-700,276
2.4519,2116,2176,-700,276
2.4523,2116,2176,-700,276
2.4527,2116,2176,-700,276
2.4530,2116,2175,-700,276
2.4534,2116,2175,-700,276
2.4537,2116,2175,-700,276
2.4541,2116,2174,-700,276
2.4545,2116,2174,-700,276
2.4549,2116,2173,-700,284
2.4552,2116,2173,-700,284
2.4556,2116,2173,-700,284
2.4560,2116,2173,-700,292
2.4563,2116,2173,-700,292
2.4567,2116,2173,-700,292
2.4570,2116,2172,-700,292
2.4574,2116,2172,-700,292
2.4577,2116,2172,-700,292
2.4581,2116,2171,-700,292
2.4584,2116,2171,-700,292
2.4588,2116,2171,-700,292
2.4591,2116,2170,-700,292
2.4595,2116,2170,-700,292
2.4598,2116,2170,-700,292
2.4602,2103,2169,-700,292
2.4609,2103,2169,-700,300
2.4613,2103,2169,-700,300
2.4616,2103,2169,-700,300
2.4620,2103,2168,-700,300
2.4623,2103,2168,-700,300
2.4627,2103,2168,-700,300
2.4630,2103,2167,-700,300
2.4634,2103,2167,-700,300
2.4638,2103,2167,-700,300
2.4642,2103,2166,-800,308
2.4645,2103,2166,-800,308
2.4649,2103,2165,-800,308
2.4653,2103,2165,-800,308
2.4657,2103,2165,-800,308
2.4660,2103,2164,-800,308
2.4664,2103,2164,-800,308
2.4667,2103,2164,-800,308
2.4671,2103,2163,-800,308
2.4674,2103,2163,-800,308
2.4678,2103,2163,-800,308
2.4682,2103,2162,-800,308
2.4685,2103,2162,-800,308
2.4689,2103,2161,-800,316
2.4693,2103,2161,-800,316
2.4697,2103,2161,-800,316
2.4701,2088,2160,-800,316
2.4708,2088,2160,-800,324
2.4712,2088,2160,-800,324
2.4717,2088,2160,-800,324
2.4725,2088,2159,-800,324
2.4729,2088,2158,-800,324
2.4732,2088,2158,-800,324
2.4737,2088,2158,-800,324
2.4741,2088,2157,-800,324
2.4744,2088,2157,-800,324
2.4749,2088,2156,-800,332
2.4753,2088,2156,-800,332
2.4756,2088,2156,-800,332
2.4760,2088,2155,-800,332
2.4764,2088,2155,-800,332
2.4768,2088,2154,-800,332
2.4772,2088,2154,-800,332
2.4777,2088,2154,-800,332
2.4780,2088,2153,-800,332
2.4784,2088,2153,-800,332
2.4787,2088,2153,-800,332
2.4791,2088,2152,-800,340
2.4795,2088,2152,-800,340
2.4798,2088,2151,-800,340
2.4802,2074,2151,-800,340
2.4809,2074,2150,-800,340
2.4813,2074,2150,-800,340
2.4817,2074,2150,-800,340
2.4820,2074,2149,-800,340
2.4824,2074,2149,-800,340
2.4828,2074,2148,-800,340
2.4832,2074,2148,-800,340
2.4836,2074,2148,-800,340
2.4840,2074,2147,-950,340
2.4843,2074,2147,-950,340
2.4847,2074,2147,-950,340
2.4851,2074,2146,-950,348
2.4855,2074,2146,-950,348
2.4858,2074,2145,-950,348
2.4862,2074,2145,-950,348
2.4867,2074,2145,-950,348
2.4871,2074,2144,-950,348
2.4874,2074,2144,-950,348
2.4878,2074,2142,-950,340
2.4882,2074,2142,-950,340
2.4885,2074,2142,-950,340
2.4889,2074,2141,-950,348
2.4893,2074,2141,-950,348
2.4897,2074,2141,-950,348
2.4901,2059,2140,-950,348
2.4908,2059,2139,-950,348
2.4912,2059,2139,-950,348
2.4916,2059,2139,-950,348
2.4920,2059,2138,-950,348
2.4924,2059,2138,-950,348
2.4927,2059,2137,-950,356
2.4931,2059,2137,-950,356
2.4935,2059,2137,-950,356
2.4939,2059,2136,-950,356
2.4943,2059,2136,-950,356
2.4947,2059,2135,-950,356
2.4951,2059,2135,-950,356
2.4955,2059,2135,-950,356
2.4958,2059,2133,-950,356
2.4962,2059,2133,-950,356
2.4966,2059,2133,-950,356
2.4970,2059,2132,-950,356
2.4973,2059,2132,-950,356
2.4977,2059,2131,-950,356
2.4981,2059,2131,-950,356
2.4985,2059,2131,-950,356
2.4988,2059,2130,-950,364
2.4992,2059,2130,-950,364
2.4997,2059,2129,-950,364
2.5001,2044,2129,-950,364
2.5007,2044,2128,-950,364
2.5011,2044,2128,-950,364
2.5015,2044,2128,-950,364
2.5018,2044,2127,-950,368
2.5022,2044,2127,-950,368
2.5027,2044,2126,-950,368
2.5030,2044,2126,-950,368
2.5034,2044,2126,-950,368
2.5039,2044,2125,-1100,368
2.5042,2044,2125,-1100,368
2.5047,2044,2123,-1100,368
2.5051,2044,2123,-1100,368
2.5055,2044,2123,-1100,368
2.5058,2044,2122,-1100,368
2.5062,2044,2122,-1100,368
2.5067,2044,2121,-1100,368
2.5071,2044,2121,-1100,368
2.5074,2044,2121,-1100,368
2.5078,2044,2120,-1100,376
2.5082,2044,2120,-1100,376
2.5085,2044,2120,-1100,376
2.5089,2044,2119,-1100,376
2.5093,2044,2119,-1100,376
2.5097,2044,2117,-1100,368
2.5100,2029,2117,-1100,368
2.5107,2029,2116,-1100,376
2.5111,2029,2116,-1100,376
2.5115,2029,2116,-1100,376
2.5119,2029,2115,-1100,376
2.5123,2029,2115,-1100,376
2.5127,2029,2114,-1100,376
2.5130,2029,2114,-1100,376
2.5134,2029,2114,-1100,376
2.5138,2029,2113,-1100,384
2.5142,2029,2113,-1100,384
2.5146,2029,2111,-1100,376
2.5150,2029,2111,-1100,376
2.5154,2029,2111,-1100,376
2.5158,2029,2110,-1100,384
2.5162,2029,2110,-1100,384
2.5166,2029,2110,-1100,384
2.5170,2029,2109,-1100,384
2.5173,2029,2109,-1100,384
2.5177,2029,2107,-1100,376
2.5181,2029,2107,-1100,376
2.5185,2029,2107,-1100,376
2.5189,2029,2106,-1100,384
2.5193,2029,2106,-1100,384
2.5197,2029,2105,-1100,384
2.5200,2014,2105,-1100,384
2.5207,2014,2104,-1100,384
2.5211,2014,2104,-1100,384
2.5215,2014,2104,-1100,384
2.5218,2014,2103,-1100,388
2.5222,2014,2103,-1100,388
2.5227,2014,2101,-1100,380
2.5230,2014,2101,-1100,380
2.5234,2014,2101,-1100,380
2.5238,2014,2100,-1250,380
2.5242,2014,2100,-1250,380
2.5246,2014,2099,-1250,388
2.5249,2014,2099,-1250,388
2.5253,2014,2099,-1250,388
2.5257,2014,2098,-1250,388
2.5260,2014,2098,-1250,388
2.5264,2014,2098,-1250,388
2.5268,2014,2096,-1250,380
2.5271,2014,2096,-1250,380
2.5275,2014,2095,-1250,388
2.5279,2014,2095,-1250,388
2.5283,2014,2095,-1250,388
2.5287,2014,2094,-1250,388
2.5291,2014,2094,-1250,388
2.5295,2014,2094,-1250,388
2.5299,2014,2093,-1250,396
2.5302,1999,2091,-1250,388
2.5309,1999,2091,-1250,388
2.5313,1999,2091,-1250,388
2.5317,1999,2090,-1250,388
2.5320,1999,2090,-1250,388
2.5324,1999,2090,-1250,388
2.5328,1999,2089,-1250,388
2.5332,1999,2089,-1250,388
2.5335,1999,2087,-1250,388
2.5339,1999,2087,-1250,388
2.5343,1999,2087,-1250,388
2.5347,1999,2086,-1250,388
2.5350,1999,2086,-1250,388
2.5354,1999,2086,-1250,388
2.5358,1999,2085,-1250,396
2.5362,1999,2085,-1250,396
2.5366,1999,2084,-1250,396
2.5370,1999,2084,-1250,396
2.5374,1999,2084,-1250,396
2.5377,1999,2082,-1250,396
2.5381,1999,2082,-1250,396
2.5385,1999,2081,-1250,396
2.5389,1999,2081,-1250,396
2.5393,1999,2081,-1250,396
2.5397,1999,2079,-1250,388
2.5401,1985,2079,-1250,396
2.5408,1985,2078,-1250,396
2.5412,1985,2078,-1250,396
2.5417,1985,2077,-1250,388
2.5420,1985,2077,-1250,388
2.5424,1985,2077,-1250,388
2.5428,1985,2076,-1250,388
2.5431,1985,2076,-1250,388
2.5435,1985,2074,-1300,388
2.5439,1985,2074,-1300,388
2.5443,1985,2074,-1300,388
2.5446,1985,2073,-1300,388
2.5450,1985,2073,-1300,388
2.5454,1985,2073,-1300,388
2.5458,1985,2072,-1300,396
2.5461,1985,2072,-1300,396
2.5465,1985,2070,-1300,388
2.5469,1985,2070,-1300,388
2.5473,1985,2070,-1300,388
2.5477,1985,2069,-1300,396
2.5480,1985,2069,-1300,396
2.5484,1985,2069,-1300,396
2.5488,1985,2067,-1300,388
2.5492,1985,2067,-1300,388
2.5496,1985,2066,-1300,388
2.5499,1985,2066,-1300,388
2.5503,1971,2065,-1300,396
2.5510,1971,2065,-1300,396
2.5514,1971,2065,-1300,396
2.5518,1971,2064,-1300,396
2.5521,1971,2064,-1300,396
2.5525,1971,2063,-1300,404
2.5529,1971,2063,-1300,404
2.5533,1971,2063,-1300,404
2.5536,1971,2061,-1300,396
2.5540,1971,2061,-1300,396
2.5544,1971,2059,-1300,388
2.5548,1971,2059,-1300,388
2.5551,1971,2059,-1300,388
2.5555,1971,2058,-1300,396
2.5558,1971,2058,-1300,396
2.5562,1971,2058,-1300,396
2.5565,1971,2056,-1300,388
2.5569,1971,2056,-1300,388
2.5572,1971,2056,-1300,388
2.5577,1971,2055,-1300,396
2.5581,1971,2055,-1300,396
2.5584,1971,2054,-1300,396
2.5588,1971,2054,-1300,396
2.5591,1971,2054,-1300,396
2.5595,1971,2053,-1300,396
2.5599,1971,2053,-1300,396
2.5602,1958,2051,-1300,396
2.5610,1958,2051,-1300,396
2.5614,1958,2050,-1300,396
2.5618,1958,2050,-1300,396
2.5622,1958,2050,-1300,396
2.5627,1958,2048,-1300,396
2.5630,1958,2048,-1300,396
2.5634,1958,2047,-1350,396
2.5638,1958,2047,-1350,396
2.5642,1958,2047,-1350,396
2.5645,1958,2046,-1350,396
2.5649,1958,2046,-1350,396
2.5654,1958,2044,-1350,396
2.5657,1958,2044,-1350,396
2.5661,1958,2044,-1350,396
2.5664,1958,2043,-1350,396
2.5668,1958,2043,-1350,396
2.5671,1958,2043,-1350,396
2.5675,1958,2042,-1350,404
2.5679,1958,2042,-1350,404
2.5683,1958,2042,-1350,404
2.5687,1958,2040,-1350,396
2.5691,1958,2040,-1350,396
2.5694,1958,2039,-1350,396
2.5698,1958,2039,-1350,396
2.5702,1945,2037,-1350,396
2.5709,1945,2037,-1350,396
2.5713,1945,2035,-1350,388
2.5717,1945,2035,-1350,388
2.5721,1945,2035,-1350,388
2.5725,1945,2034,-1350,388
2.5729,1945,2034,-1350,388
2.5733,1945,2034,-1350,388
2.5737,1945,2033,-1350,396
2.5741,1945,2033,-1350,396
2.5745,1945,2032,-1350,396
2.5748,1945,2032,-1350,396
2.5752,1945,2032,-1350,396
2.5755,1945,2030,-1350,388
2.5759,1945,2030,-1350,388
2.5763,1945,2030,-1350,388
2.5767,1945,2029,-1350,396
2.5771,1945,2029,-1350,396
2.5775,1945,2027,-1350,388
2.5778,1945,2027,-1350,388
2.5782,1945,2027,-1350,388
2.5787,1945,2026,-1350,396
2.5790,1945,2026,-1350,396
2.5794,1945,2025,-1350,396
2.5798,1945,2025,-1350,396
2.5802,1933,2023,-1350,388
2.5809,1933,2023,-1350,388
2.5813,1933,2022,-1350,392
2.5817,1933,2022,-1350,392
2.5821,1933,2022,-1350,392
2.5825,1933,2021,-1350,392
2.5829,1933,2021,-1350,392
2.5832,1933,2021,-1350,392
2.5837,1933,2019,-1400,384
2.5840,1933,2019,-1400,384
2.5844,1933,2018,-1400,392
2.5848,1933,2018,-1400,392
2.5852,1933,2018,-1400,392
2.5856,1933,2016,-1400,384
2.5859,1933,2016,-1400,384
2.5863,1933,2015,-1400,384
2.5867,1933,2015,-1400,384
2.5870,1933,2015,-1400,384
2.5874,1933,2013,-1400,384
2.5877,1933,2013,-1400,384
2.5881,1933,2013,-1400,384
2.5885,1933,2012,-1400,384
2.5889,1933,2012,-1400,384
2.5893,1933,2011,-1400,384
2.5897,1933,2011,-1400,384
2.5900,1923,2009,-1400,384
2.5908,1923,2009,-1400,384
2.5912,1923,2009,-1400,384
2.5916,1923,2008,-1400,384
2.5920,1923,2008,-1400,384
2.5923,1923,2007,-1400,384
2.5927,1923,2007,-1400,384
2.5931,1923,2007,-1400,384
2.5935,1923,2005,-1400,384
2.5939,1923,2005,-1400,384
2.5942,1923,2004,-1400,384
2.5947,1923,2004,-1400,384
2.5950,1923,2004,-1400,384
2.5954,1923,2002,-1400,376
2.5958,1923,2002,-1400,376
2.5962,1923,2001,-1400,384
2.5967,1923,2001,-1400,384
2.5971,1923,2001,-1400,384
2.5975,1923,2000,-1400,384
2.5978,1923,2000,-1400,384
2.5982,1923,2000,-1400,384
2.5985,1923,1999,-1400,384
2.5989,1923,1999,-1400,384
2.5993,1923,1997,-1400,384
2.5997,1923,1997,-1400,384
2.6001,1912,1996,-1400,384
2.6008,1912,1996,-1400,384
2.6011,1912,1996,-1400,384
2.6015,1912,1994,-1400,368
2.6019,1912,1994,-1400,368
2.6023,1912,1993,-1400,368
2.6027,1912,1993,-1400,368
2.6030,1912,1993,-1400,368
2.6034,1912,1991,-1400,360
2.6038,1912,1991,-1400,360
2.6042,1912,1990,-1400,368
2.6047,1912,1990,-1400,368
2.6051,1912,1990,-1400,368
2.6054,1912,1989,-1400,368
2.6058,1912,1989,-1400,368
2.6062,1912,1987,-1400,360
2.6066,1912,1987,-1400,360
2.6070,1912,1987,-1400,360
2.6074,1912,1986,-1400,368
2.6078,1912,1986,-1400,368
2.6081,1912,1986,-1400,368
2.6085,1912,1985,-1400,368
2.6088,1912,1985,-1400,368
2.6093,1912,1983,-1400,360
2.6097,1912,1983,-1400,360
2.6100,1903,1982,-1400,360
2.6108,1903,1982,-1400,360
2.6112,1903,1981,-1400,360
2.6115,1903,1981,-1400,360
2.6119,1903,1981,-1400,360
2.6123,1903,1979,-1400,360
2.6127,1903,1979,-1400,360
2.6130,1903,1979,-1400,360
2.6134,1903,1978,-1400,360
2.6138,1903,1978,-1400,360
2.6141,1903,1978,-1400,360
2.6144,1903,1977,-1400,360
2.6148,1903,1977,-1400,360
2.6152,1903,1975,-1400,352
2.6156,1903,1975,-1400,352
2.6159,1903,1975,-1400,352
2.6163,1903,1974,-1400,360
2.6167,1903,1974,-1400,360
2.6171,1903,1974,-1400,360
2.6174,1903,1973,-1400,360
2.6178,1903,1973,-1400,360
2.6181,1903,1971,-1400,352
2.6185,1903,1971,-1400,352
2.6188,1903,1971,-1400,352
2.6192,1903,1970,-1400,352
2.6196,1903,1970,-1400,352
2.6199,1903,1970,-1400,352
2.6203,1895,1969,-1400,352
2.6210,1895,1969,-1400,352
2.6214,1895,1967,-1400,340
2.6217,1895,1967,-1400,340
2.6221,1895,1966,-1400,340
2.6225,1895,1966,-1400,340
2.6229,1895,1966,-1400,340
2.6232,1895,1965,-1300,348
2.6237,1895,1965,-1300,348
2.6240,1895,1965,-1300,348
2.6244,1895,1964,-1300,348
2.6247,1895,1964,-1300,348
2.6251,1895,1962,-1300,340
2.6254,1895,1962,-1300,340
2.6258,1895,1962,-1300,340
2.6262,1895,1961,-1300,340
2.6267,1895,1961,-1300,340
2.6270,1895,1959,-1300,332
2.6274,1895,1959,-1300,332
2.6278,1895,1959,-1300,332
2.6282,1895,1958,-1300,332
2.6285,1895,1958,-1300,332
2.6289,1895,1958,-1300,332
2.6293,1895,1957,-1300,332
2.6296,1895,1957,-1300,332
2.6300,1889,1956,-1300,332
2.6308,1889,1956,-1300,332
2.6311,1889,1955,-1300,332
2.6315,1889,1955,-1300,332
2.6319,1889,1955,-1300,332
2.6323,1889,1953,-1300,332
2.6327,1889,1953,-1300,332
2.6330,1889,1951,-1300,324
2.6334,1889,1951,-1300,324
2.6338,1889,1951,-1300,324
2.6342,1889,1950,-1300,324
2.6345,1889,1950,-1300,324
2.6349,1889,1950,-1300,324
2.6353,1889,1949,-1300,324
2.6357,1889,1949,-1300,324
2.6361,1889,1948,-1300,324
2.6364,1889,1948,-1300,324
2.6368,1889,1948,-1300,324
2.6372,1889,1946,-1300,316
2.6377,1889,1946,-1300,316
2.6381,1889,1945,-1300,316
2.6384,1889,1945,-1300,316
2.6388,1889,1945,-1300,316
2.6392,1889,1944,-1300,316
2.6395,1889,1944,-1300,316
2.6399,1889,1944,-1300,316
2.6403,1883,1942,-1300,308
2.6410,1883,1941,-1300,304
2.6414,1883,1941,-1300,304
2.6418,1883,1941,-1300,304
2.6422,1883,1940,-1300,304
2.6426,1883,1940,-1300,304
2.6429,1883,1940,-1300,304
2.6433,1883,1939,-1300,304
2.6437,1883,1939,-1300,304
2.6440,1883,1937,-1300,296
2.6444,1883,1937,-1300,296
2.6447,1883,1937,-1300,296
2.6451,1883,1936,-1300,296
2.6455,1883,1936,-1300,296
2.6459,1883,1936,-1300,296
2.6462,1883,1935,-1300,288
2.6467,1883,1935,-1300,288
2.6471,1883,1934,-1300,288
2.6474,1883,1934,-1300,288
2.6478,1883,1934,-1300,288
2.6482,1883,1933,-1300,288
2.6487,1883,1933,-1300,288
2.6490,1883,1932,-1300,288
2.6494,1883,1932,-1300,288
2.6498,1883,1932,-1300,288
2.6502,1879,1930,-1300,280
2.6509,1879,1930,-1300,280
2.6513,1879,1929,-1300,280
2.6517,1879,1929,-1300,280
2.6521,1879,1928,-1300,272
2.6525,1879,1928,-1300,272
2.6528,1879,1928,-1300,272
2.6532,1879,1927,-1300,272
2.6537,1879,1927,-1300,272
2.6540,1879,1926,-1300,272
2.6544,1879,1926,-1300,272
2.6548,1879,1926,-1300,272
2.6551,1879,1924,-1300,264
2.6555,1879,1924,-1300,264
2.6559,1879,1923,-1300,264
2.6563,1879,1923,-1300,264
2.6567,1879,1923,-1300,264
2.6571,1879,1922,-1300,256
2.6575,1879,1922,-1300,256
2.6579,1879,1921,-1300,256
2.6583,1879,1921,-1300,256
2.6587,1879,1921,-1300,256
2.6591,1879,1920,-1300,256
2.6595,1879,1920,-1300,256
2.6598,1879,1920,-1300,256
2.6602,1876,1919,-1300,256
2.6609,1876,1918,-1300,236
2.6613,1876,1918,-1300,236
2.6617,1876,1918,-1300,236
2.6620,1876,1916,-1300,228
2.6624,1876,1916,-1300,228
2.6628,1876,1916,-1300,228
2.6632,1876,1915,-1200,228
2.6636,1876,1915,-1200,228
2.6639,1876,1914,-1200,220
2.6644,1876,1914,-1200,220
2.6647,1876,1914,-1200,220
2.6651,1876,1913,-1200,220
2.6655,1876,1913,-1200,220
2.6659,1876,1912,-1200,220
2.6663,1876,1912,-1200,220
2.6667,1876,1912,-1200,220
2.6670,1876,1911,-1200,212
2.6674,1876,1911,-1200,212
2.6678,1876,1911,-1200,212
2.6682,1876,1910,-1200,212
2.6686,1876,1910,-1200,212
2.6690,1876,1909,-1200,204
2.6694,1876,1909,-1200,204
2.6698,1876,1909,-1200,204
2.6701,1874,1908,-1200,204
2.6708,1874,1908,-1200,204
2.6712,1874,1907,-1200,204
2.6715,1874,1907,-1200,204
2.6719,1874,1906,-1200,196
2.6723,1874,1906,-1200,196
2.6727,1874,1906,-1200,196
2.6731,1874,1905,-1200,196
2.6735,1874,1905,-1200,196
2.6738,1874,1904,-1200,188
2.6742,1874,1904,-1200,188
2.6747,1874,1904,-1200,188
2.6750,1874,1903,-1200,188
2.6755,1874,1903,-1200,188
2.6759,1874,1902,-1200,180
2.6763,1874,1902,-1200,180
2.6767,1874,1902,-1200,180
2.6770,1874,1901,-1200,180
2.6774,1874,1901,-1200,180
2.6778,1874,1900,-1200,172
2.6782,1874,1900,-1200,172
2.6787,1874,1900,-1200,172
2.6791,1874,1899,-1200,172
2.6795,1874,1899,-1200,172
2.6798,1874,1898,-1200,164
2.6802,1873,1898,-1200,164
2.6810,1873,1897,-1200,144
2.6813,1873,1897,-1200,144
2.6817,1873,1897,-1200,144
2.6821,1873,1896,-1200,144
2.6824,1873,1896,-1200,144
2.6828,1873,1895,-1000,136
2.6831,1873,1895,-1000,136
2.6835,1873,1895,-1000,136
2.6839,1873,1895,-1000,136
2.6843,1873,1895,-1000,136
2.6847,1873,1895,-1000,136
2.6851,1873,1894,-1000,128
2.6854,1873,1894,-1000,128
2.6858,1873,1893,-1000,128
2.6861,1873,1893,-1000,128
2.6865,1873,1893,-1000,128
2.6869,1873,1892,-1000,120
2.6873,1873,1892,-1000,120
2.6877,1873,1892,-1000,120
2.6881,1873,1891,-1000,112
2.6884,1873,1891,-1000,112
2.6888,1873,1891,-1000,112
2.6892,1873,1891,-1000,112
2.6896,1873,1891,-1000,112
2.6900,1873,1890,-1000,104
2.6903,1874,1890,-1000,104
2.6911,1874,1889,-1000,96
2.6914,1874,1889,-1000,96
2.6919,1874,1888,-1000,88
2.6922,1874,1888,-1000,88
2.6927,1874,1888,-1000,88
2.6931,1874,1887,-1000,80
2.6934,1874,1887,-1000,80
2.6938,1874,1887,-1000,80
2.6941,1874,1887,-1000,80
2.6945,1874,1887,-1000,80
2.6949,1874,1886,-1000,72
2.6953,1874,1886,-1000,72
2.6957,1874,1885,-1000,64
2.6961,1874,1885,-1000,64
2.6965,1874,1885,-1000,64
2.6969,1874,1885,-1000,64
2.6973,1874,1885,-1000,64
2.6977,1874,1885,-1000,64
2.6980,1874,1884,-1000,56
2.6984,1874,1884,-1000,56
2.6988,1874,1883,-1000,48
2.6992,1874,1883,-1000,48
2.6997,1874,1883,-1000,48
2.7001,1876,1883,-1000,48
2.7008,1876,1882,-1000,0
2.7012,1876,1882,-1000,0
2.7017,1876,1881,-1000,-24
2.7021,1876,1881,-1000,-24
2.7024,1876,1881,-1000,-24
2.7028,1876,1881,-700,-24
2.7032,1876,1881,-700,-24
2.7036,1876,1881,-700,-24
2.7039,1876,1880,-700,-32
2.7043,1876,1880,-700,-32
2.7046,1876,1880,-700,-32
2.7050,1876,1880,-700,-32
2.7054,1876,1880,-700,-32
2.7058,1876,1879,-700,-48
2.7062,1876,1879,-700,-48
2.7065,1876,1879,-700,-48
2.7070,1876,1879,-700,-48
2.7073,1876,1879,-700,-48
2.7077,1876,1879,-700,-48
2.7081,1876,1879,-700,-48
2.7085,1876,1879,-700,-48
2.7088,1876,1878,-700,-56
2.7092,1876,1878,-700,-56
2.7097,1876,1878,-700,-64
2.7101,1880,1878,-700,-64
2.7108,1880,1877,-700,-72
2.7112,1880,1877,-700,-72
2.7117,1880,1877,-700,-72
2.7120,1880,1877,-700,-72
2.7124,1880,1877,-700,-72
2.7128,1880,1877,-700,-72
2.7132,1880,1877,-700,-72
2.7135,1880,1877,-700,-72
2.7139,1880,1876,-700,-72
2.7143,1880,1876,-700,-72
2.7147,1880,1876,-700,-72
2.7151,1880,1876,-700,-72
2.7155,1880,1876,-700,-72
2.7158,1880,1876,-700,-72
2.7162,1880,1876,-700,-72
2.7166,1880,1876,-700,-72
2.7169,1880,1875,-700,-72
2.7173,1880,1875,-700,-72
2.7177,1880,1875,-700,-72
2.7181,1880,1875,-700,-72
2.7184,1880,1875,-700,-72
2.7188,1880,1875,-700,-80
2.7192,1880,1875,-700,-80
2.7196,1880,1875,-700,-80
2.7199,1880,1875,-700,-80
2.7203,1885,1875,-700,-56
2.7210,1885,1875,-700,-56
2.7214,1885,1875,-700,-56
2.7218,1885,1875,-700,-56
2.7221,1885,1875,-700,-56
2.7225,1885,1875,-700,-56
2.7229,1885,1874,-350,-72
2.7233,1885,1874,-350,-72
2.7237,1885,1874,-350,-72
2.7240,1885,1874,-350,-72
2.7244,1885,1874,-350,-72
2.7247,1885,1874,-350,-80
2.7251,1885,1874,-350,-80
2.7255,1885,1874,-350,-80
2.7258,1885,1874,-350,-80
2.7262,1885,1874,-350,-80
2.7265,1885,1874,-350,-80
2.7269,1885,1874,-350,-80
2.7273,1885,1874,-350,-80
2.7276,1885,1874,-350,-88
2.7280,1885,1874,-350,-88
2.7284,1885,1874,-350,-88
2.7287,1885,1874,-350,-88
2.7291,1885,1874,-350,-88
2.7295,1885,1874,-350,-96
2.7299,1885,1874,-350,-96
2.7303,1891,1874,-350,-96
2.7310,1891,1874,-350,-96
2.7314,1891,1874,-350,-96
2.7317,1891,1874,-350,-104
2.7321,1891,1874,-350,-104
2.7324,1891,1874,-350,-104
2.7328,1891,1874,-350,-104
2.7331,1891,1874,-350,-104
2.7335,1891,1874,-350,-104
2.7338,1891,1874,-350,-112
2.7342,1891,1874,-350,-112
2.7346,1891,1874,-350,-112
2.7349,1891,1874,-350,-112
2.7353,1891,1874,-350,-112
2.7356,1891,1874,-350,-120
2.7360,1891,1874,-350,-120
2.7364,1891,1874,-350,-120
2.7367,1891,1874,-350,-120
2.7371,1891,1874,-350,-120
2.7375,1891,1874,-350,-120
2.7378,1891,1874,-350,-128
2.7382,1891,1874,-350,-128
2.7385,1891,1874,-350,-128
2.7389,1891,1874,-350,-128
2.7392,1891,1874,-350,-128
2.7396,1891,1874,-350,-136
2.7400,1898,1874,-350,-136
2.7408,1898,1874,-350,-144
2.7411,1898,1874,-350,-144
2.7415,1898,1874,-350,-152
2.7419,1898,1874,-350,-152
2.7423,1898,1874,-350,-152
2.7427,1898,1874,0,-152
2.7431,1898,1874,0,-152
2.7435,1898,1874,0,-160
2.7439,1898,1874,0,-160
2.7443,1898,1874,0,-160
2.7447,1898,1874,0,-168
2.7451,1898,1874,0,-168
2.7455,1898,1874,0,-168
2.7458,1898,1874,0,-168
2.7462,1898,1874,0,-168
2.7467,1898,1875,0,-168
2.7470,1898,1875,0,-168
2.7474,1898,1875,0,-168
2.7477,1898,1875,0,-168
2.7481,1898,1875,0,-168
2.7485,1898,1875,0,-176
2.7489,1898,1875,0,-176
2.7493,1898,1875,0,-176
2.7496,1898,1876,0,-176
2.7500,1906,1876,0,-176
2.7507,1906,1876,0,-176
2.7511,1906,1876,0,-176
2.7515,1906,1876,0,-184
2.7518,1906,1876,0,-184
2.7522,1906,1876,0,-184
2.7527,1906,1877,0,-184
2.7531,1906,1877,0,-184
2.7535,1906,1877,0,-184
2.7538,1906,1877,0,-184
2.7542,1906,1877,0,-184
2.7547,1906,1877,0,-192
2.7550,1906,1877,0,-192
2.7554,1906,1878,0,-192
2.7558,1906,1878,0,-192
2.7561,1906,1878,0,-192
2.7565,1906,1878,0,-192
2.7569,1906,1878,0,-192
2.7572,1906,1878,0,-192
2.7576,1906,1878,0,-200
2.7579,1906,1878,0,-200
2.7583,1906,1878,0,-200
2.7586,1906,1879,0,-200
2.7590,1906,1879,0,-200
2.7594,1906,1879,0,-200
2.7597,1906,1879,0,-200
2.7601,1915,1879,0,-200
2.7609,1915,1879,0,-200
2.7613,1915,1879,0,-200
2.7616,1915,1880,0,-200
2.7620,1915,1880,0,-200
2.7624,1915,1880,0,-200
2.7627,1915,1880,300,-200
2.7631,1915,1880,300,-200
2.7634,1915,1881,300,-200
2.7638,1915,1881,300,-200
2.7642,1915,1881,300,-200
2.7645,1915,1881,300,-208
2.7648,1915,1881,300,-208
2.7652,1915,1881,300,-208
2.7657,1915,1882,300,-208
2.7660,1915,1882,300,-208
2.7664,1915,1882,300,-208
2.7668,1915,1882,300,-208
2.7671,1915,1882,300,-208
2.7675,1915,1883,300,-208
2.7679,1915,1883,300,-208
2.7682,1915,1883,300,-208
2.7687,1915,1883,300,-216
2.7690,1915,1883,300,-216
2.7694,1915,1884,300,-216
2.7698,1915,1884,300,-216
2.7702,1926,1884,300,-216
2.7709,1926,1884,300,-216
2.7713,1926,1884,300,-216
2.7717,1926,1885,300,-216
2.7721,1926,1885,300,-216
2.7725,1926,1886,300,-216
2.7728,1926,1886,300,-216
2.7732,1926,1886,300,-216
2.7736,1926,1886,300,-216
2.7740,1926,1886,300,-216
2.7744,1926,1887,300,-216
2.7748,1926,1887,300,-216
2.7752,1926,1887,300,-216
2.7755,1926,1887,300,-224
2.7759,1926,1887,300,-224
2.7763,1926,1887,300,-224
2.7767,1926,1888,300,-224
2.7770,1926,1888,300,-224
2.7774,1926,1888,300,-232
2.7777,1926,1888,300,-232
2.7781,1926,1888,300,-232
2.7785,1926,1889,300,-232
2.7789,1926,1889,300,-232
2.7793,1926,1890,300,-224
2.7797,1926,1890,300,-224
2.7801,1937,1890,300,-216
2.7810,1937,1890,300,-216
2.7814,1937,1891,300,-216
2.7818,1937,1891,300,-216
2.7822,1937,1891,300,-216
2.7826,1937,1891,550,-224
2.7830,1937,1891,550,-224
2.7833,1937,1892,550,-224
2.7837,1937,1892,550,-224
2.7841,1937,1892,550,-224
2.7845,1937,1893,550,-224
2.7849,1937,1893,550,-224
2.7853,1937,1893,550,-224
2.7857,1937,1894,550,-216
2.7861,1937,1894,550,-216
2.7864,1937,1894,550,-224
2.7868,1937,1894,550,-224
2.7872,1937,1894,550,-224
2.7875,1937,1894,550,-232
2.7879,1937,1894,550,-232
2.7883,1937,1895,550,-232
2.7886,1937,1895,550,-232
2.7890,1937,1895,550,-232
2.7894,1937,1896,550,-232
2.7898,1937,1896,550,-232
2.7902,1949,1897,550,-232
2.7909,1949,1897,550,-232
2.7913,1949,1897,550,-240
2.7917,1949,1897,550,-240
2.7921,1949,1897,550,-240
2.7924,1949,1898,550,-240
2.7928,1949,1898,550,-240
2.7932,1949,1899,550,-240
2.7936,1949,1899,550,-240
2.7940,1949,1899,550,-240
2.7944,1949,1899,550,-248
2.7948,1949,1899,550,-248
2.7951,1949,1899,550,-248
2.7955,1949,1900,550,-248
2.7959,1949,1900,550,-248
2.7963,1949,1901,550,-248
2.7967,1949,1901,550,-248
2.7971,1949,1901,550,-248
2.7975,1949,1901,550,-256
2.7978,1949,1901,550,-256
2.7982,1949,1902,550,-256
2.7987,1949,1902,550,-256
2.7991,1949,1902,550,-256
2.7994,1949,1903,550,-256
2.7998,1949,1903,550,-256
2.8002,1962,1903,550,-272
2.8009,1962,1903,550,-272
2.8013,1962,1904,550,-272
2.8017,1962,1904,550,-272
2.8021,1962,1904,550,-272
2.8025,1962,1905,700,-272
2.8029,1962,1905,700,-272
2.8032,1962,1906,700,-272
2.8037,1962,1906,700,-272
2.8041,1962,1906,700,-272
2.8044,1962,1907,700,-272
2.8048,1962,1907,700,-272
2.8052,1962,1907,700,-280
2.8057,1962,1907,700,-280
2.8061,1962,1907,700,-280
2.8064,1962,1908,700,-280
2.8068,1962,1908,700,-280
2.8072,1962,1909,700,-280
2.8075,1962,1909,700,-280
2.8079,1962,1909,700,-280
2.8083,1962,1909,700,-288
2.8087,1962,1909,700,-288
2.8091,1962,1909,700,-288
2.8095,1962,1910,700,-288
2.8098,1962,1910,700,-288
2.8102,1976,1911,700,-288
2.8109,1976,1911,700,-288
2.8113,1976,1912,700,-288
2.8117,1976,1912,700,-288
2.8121,1976,1912,700,-288
2.8124,1976,1913,700,-288
2.8128,1976,1913,700,-288
2.8132,1976,1914,700,-288
2.8136,1976,1914,700,-288
2.8140,1976,1914,700,-288
2.8143,1976,1915,700,-288
2.8147,1976,1915,700,-288
2.8151,1976,1915,700,-304
2.8155,1976,1915,700,-304
2.8159,1976,1915,700,-304
2.8163,1976,1916,700,-304
2.8167,1976,1916,700,-304
2.8171,1976,1917,700,-304
2.8175,1976,1917,700,-304
2.8179,1976,1917,700,-304
2.8183,1976,1918,700,-304
2.8187,1976,1918,700,-304
2.8191,1976,1918,700,-304
2.8194,1976,1919,700,-304
2.8198,1976,1919,700,-304
2.8202,1990,1920,700,-296
2.8209,1990,1920,700,-296
2.8213,1990,1921,700,-296
2.8217,1990,1921,700,-296
2.8221,1990,1921,700,-296
2.8224,1990,1921,800,-304
2.8228,1990,1921,800,-304
2.8233,1990,1922,800,-312
2.8236,1990,1922,800,-312
2.8240,1990,1922,800,-312
2.8244,1990,1923,800,-312
2.8248,1990,1923,800,-312
2.8251,1990,1924,800,-312
2.8255,1990,1924,800,-312
2.8259,1990,1924,800,-312
2.8263,1990,1925,800,-312
2.8268,1990,1925,800,-312
2.8292,1990,1928,800,-320
2.8308,2005,1929,800,-328
2.8315,2005,1929,800,-328
2.8319,2005,1929,800,-328
2.8323,2005,1930,800,-328
2.8327,2005,1930,800,-328
2.8331,2005,1931,800,-328
2.8335,2005,1931,800,-328
2.8339,2005,1931,800,-328
2.8343,2005,1933,800,-328
2.8347,2005,1933,800,-328
2.8351,2005,1934,800,-328
2.8354,2005,1934,800,-328
2.8358,2005,1934,800,-328
2.8362,2005,1935,800,-328
2.8367,2005,1935,800,-328
2.8371,2005,1936,800,-328
2.8374,2005,1936,800,-328
2.8378,2005,1936,800,-328
2.8382,2005,1937,800,-336
2.8387,2005,1937,800,-336
2.8390,2005,1938,800,-336
2.8394,2005,1938,800,-336
2.8398,2005,1938,800,-336
2.8402,2019,1939,800,-340
2.8409,2019,1939,800,-340
2.8413,2019,1940,800,-340
2.8417,2019,1940,800,-340
2.8420,2019,1941,1000,-340
2.8424,2019,1941,1000,-340
2.8428,2019,1941,1000,-340
2.8432,2019,1942,1000,-348
2.8435,2019,1942,1000,-348
2.8439,2019,1942,1000,-348
2.8443,2019,1943,1000,-348
2.8447,2019,1943,1000,-348
2.8451,2019,1944,1000,-348
2.8455,2019,1944,1000,-348
2.8459,2019,1944,1000,-348
2.8463,2019,1945,1000,-356
2.8467,2019,1945,1000,-356
2.8471,2019,1946,1000,-356
2.8474,2019,1946,1000,-356
2.8478,2019,1946,1000,-356
2.8482,2019,1947,1000,-356
2.8487,2019,1947,1000,-356
2.8490,2019,1948,1000,-364
2.8494,2019,1948,1000,-364
2.8497,2019,1948,1000,-364
2.8501,2033,1949,1000,-364
2.8508,2033,1949,1000,-364
2.8512,2033,1950,1000,-364
2.8517,2033,1950,1000,-364
2.8521,2033,1951,1000,-364
2.8525,2033,1951,1000,-364
2.8529,2033,1951,1000,-364
2.8532,2033,1952,1000,-372
2.8537,2033,1952,1000,-372
2.8540,2033,1954,1000,-364
2.8544,2033,1954,1000,-364
2.8548,2033,1954,1000,-364
2.8552,2033,1955,1000,-364
2.8557,2033,1955,1000,-364
2.8560,2033,1956,1000,-372
2.8564,2033,1956,1000,-372
2.8568,2033,1956,1000,-372
2.8572,2033,1957,1000,-372
2.8576,2033,1957,1000,-372
2.8580,2033,1958,1000,-372
2.8584,2033,1958,1000,-372
2.8588,2033,1958,1000,-372
2.8591,2033,1959,1000,-380
2.8595,2033,1959,1000,-380
2.8599,2033,1959,1000,-380
2.8603,2049,1961,1000,-368
2.8610,2049,1962,1000,-368
2.8614,2049,1962,1000,-368
2.8618,2049,1962,1000,-368
2.8622,2049,1963,1100,-368
2.8627,2049,1963,1100,-368
2.8630,2049,1964,1100,-376
2.8634,2049,1964,1100,-376
2.8638,2049,1964,1100,-376
2.8642,2049,1965,1100,-376
2.8647,2049,1965,1100,-376
2.8651,2049,1966,1100,-376
2.8654,2049,1966,1100,-376
2.8658,2049,1966,1100,-376
2.8662,2049,1968,1100,-376
2.8667,2049,1968,1100,-376
2.8671,2049,1969,1100,-376
2.8674,2049,1969,1100,-376
2.8678,2049,1969,1100,-376
2.8682,2049,1970,1100,-384
2.8686,2049,1970,1100,-384
2.8690,2049,1971,1100,-384
2.8694,2049,1971,1100,-384
2.8698,2049,1971,1100,-384
2.8702,2063,1972,1100,-384
2.8709,2063,1973,1100,-392
2.8712,2063,1973,1100,-392
2.8717,2063,1973,1100,-392
2.8720,2063,1975,1100,-384
2.8724,2063,1975,1100,-384
2.8728,2063,1976,1100,-384
2.8732,2063,1976,1100,-384
2.8736,2063,1976,1100,-384
2.8739,2063,1977,1100,-392
2.8743,2063,1977,1100,-392
2.8747,2063,1977,1100,-392
2.8751,2063,1978,1100,-392
2.8755,2063,1978,1100,-392
2.8758,2063,1980,1100,-384
2.8762,2063,1980,1100,-384
2.8767,2063,1980,1100,-384
2.8771,2063,1981,1100,-392
2.8774,2063,1981,1100,-392
2.8778,2063,1982,1100,-392
2.8782,2063,1982,1100,-392
2.8787,2063,1982,1100,-392
2.8790,2063,1984,1100,-384
2.8794,2063,1984,1100,-384
2.8797,2063,1984,1100,-384
2.8801,2078,1985,1100,-388
2.8808,2078,1986,1100,-388
2.8812,2078,1986,1100,-388
2.8816,2078,1986,1100,-388
2.8819,2078,1987,1200,-388
2.8823,2078,1987,1200,-388
2.8827,2078,1987,1200,-388
2.8831,2078,1989,1200,-388
2.8835,2078,1989,1200,-388
2.8839,2078,1990,1200,-388
2.8843,2078,1990,1200,-388
2.8846,2078,1990,1200,-388
2.8850,2078,1991,1200,-396
2.8854,2078,1991,1200,-396
2.8858,2078,1992,1200,-396
2.8862,2078,1992,1200,-396
2.8866,2078,1992,1200,-396
2.8870,2078,1994,1200,-396
2.8873,2078,1994,1200,-396
2.8877,2078,1994,1200,-396
2.8881,2078,1995,1200,-396
2.8885,2078,1995,1200,-396
2.8889,2078,1996,1200,-396
2.8893,2078,1996,1200,-396
2.8897,2078,1996,1200,-396
2.8901,2093,1997,1200,-404
2.8908,2093,1999,1200,-396
2.8912,2093,1999,1200,-396
2.8916,2093,1999,1200,-396
2.8920,2093,2000,1200,-396
2.8924,2093,2000,1200,-396
2.8927,2093,2001,1200,-404
2.8931,2093,2001,1200,-404
2.8935,2093,2001,1200,-404
2.8939,2093,2003,1200,-396
2.8943,2093,2003,1200,-396
2.8947,2093,2004,1200,-404
2.8951,2093,2004,1200,-404
2.8955,2093,2004,1200,-404
2.8959,2093,2006,1200,-396
2.8962,2093,2006,1200,-396
2.8966,2093,2006,1200,-396
2.8970,2093,2007,1200,-404
2.8974,2093,2007,1200,-404
2.8978,2093,2008,1200,-404
2.8982,2093,2008,1200,-404
2.8986,2093,2008,1200,-404
2.8989,2093,2009,1200,-404
2.8993,2093,2009,1200,-404
2.8997,2093,2009,1200,-404
2.9000,2107,2011,1200,-400
2.9007,2107,2012,1200,-400
2.9011,2107,2012,1200,-400
2.9014,2107,2012,1200,-400
2.9018,2107,2013,1300,-400
2.9021,2107,2013,1300,-400
2.9025,2107,2013,1300,-400
2.9029,2107,2015,1300,-400
2.9033,2107,2015,1300,-400
2.9037,2107,2015,1300,-400
2.9041,2107,2016,1300,-400
2.9044,2107,2016,1300,-400
2.9048,2107,2017,1300,-408
2.9051,2107,2017,1300,-408
2.9055,2107,2017,1300,-408
2.9059,2107,2019,1300,-400
2.9063,2107,2019,1300,-400
2.9066,2107,2020,1300,-408
2.9071,2107,2020,1300,-408
2.9074,2107,2020,1300,-408
2.9078,2107,2021,1300,-408
2.9082,2107,2021,1300,-408
2.9087,2107,2023,1300,-400
2.9091,2107,2023,1300,-400
2.9095,2107,2023,1300,-400
2.9099,2107,2024,1300,-408
2.9103,2121,2026,1300,-400
2.9110,2121,2026,1300,-400
2.9114,2121,2026,1300,-400
2.9117,2121,2027,1300,-400
2.9121,2121,2027,1300,-400
2.9125,2121,2027,1300,-400
2.9128,2121,2028,1300,-408
2.9132,2121,2028,1300,-408
2.9135,2121,2028,1300,-408
2.9139,2121,2030,1300,-400
2.9142,2121,2030,1300,-400
2.9147,2121,2031,1300,-408
2.9150,2121,2031,1300,-408
2.9154,2121,2031,1300,-408
2.9157,2121,2032,1300,-408
2.9162,2121,2032,1300,-408
2.9165,2121,2032,1300,-408
2.9169,2121,2034,1300,-408
2.9173,2121,2034,1300,-408
2.9177,2121,2035,1300,-408
2.9181,2121,2035,1300,-408
2.9185,2121,2035,1300,-408
2.9189,2121,2037,1300,-400
2.9193,2121,2037,1300,-400
2.9197,2121,2038,1300,-404
2.9201,2134,2038,1300,-404
2.9208,2134,2039,1300,-404
2.9212,2134,2039,1300,-404
2.9217,2134,2041,1400,-396
2.9220,2134,2041,1400,-396
2.9224,2134,2041,1400,-396
2.9228,2134,2042,1400,-404
2.9231,2134,2042,1400,-404
2.9235,2134,2042,1400,-404
2.9238,2134,2044,1400,-396
2.9242,2134,2044,1400,-396
2.9245,2134,2044,1400,-396
2.9249,2134,2045,1400,-396
2.9253,2134,2045,1400,-396
2.9257,2134,2047,1400,-396
2.9261,2134,2047,1400,-396
2.9264,2134,2047,1400,-396
2.9268,2134,2048,1400,-396
2.9272,2134,2048,1400,-396
2.9275,2134,2048,1400,-396
2.9280,2134,2050,1400,-396
2.9284,2134,2050,1400,-396
2.9288,2134,2051,1400,-396
2.9292,2134,2051,1400,-396
2.9295,2134,2051,1400,-396
2.9299,2134,2052,1400,-396
2.9303,2146,2054,1400,-396
2.9311,2146,2054,1400,-396
2.9315,2146,2055,1400,-396
2.9319,2146,2055,1400,-396
2.9323,2146,2055,1400,-396
2.9327,2146,2057,1400,-396
2.9331,2146,2057,1400,-396
2.9335,2146,2057,1400,-396
2.9338,2146,2058,1400,-396
2.9342,2146,2058,1400,-396
2.9346,2146,2060,1400,-388
2.9350,2146,2060,1400,-388
2.9354,2146,2060,1400,-388
2.9358,2146,2061,1400,-396
2.9381,2146,2064,1400,-388
2.9387,2146,2065,1400,-396
2.9391,2146,2065,1400,-396
2.9395,2146,2067,1400,-376
2.9400,2158,2067,1400,-376
2.9408,2158,2068,1400,-376
2.9412,2158,2068,1400,-376
2.9417,2158,2069,1400,-384
2.9421,2158,2069,1400,-384
2.9425,2158,2071,1400,-376
2.9429,2158,2071,1400,-376
2.9433,2158,2071,1400,-376
2.9437,2158,2072,1400,-376
2.9440,2158,2072,1400,-376
2.9444,2158,2072,1400,-376
2.9448,2158,2073,1400,-384
2.9451,2158,2073,1400,-384
2.9455,2158,2073,1400,-384
2.9458,2158,2075,1400,-376
2.9462,2158,2075,1400,-376
2.9466,2158,2076,1400,-376
2.9470,2158,2076,1400,-376
2.9473,2158,2076,1400,-376
2.9477,2158,2078,1400,-376
2.9480,2158,2078,1400,-376
2.9484,2158,2078,1400,-376
2.9487,2158,2079,1400,-376
2.9491,2158,2079,1400,-376
2.9495,2158,2080,1400,-376
2.9499,2158,2080,1400,-376
2.9502,2169,2082,1400,-376
2.9509,2169,2082,1400,-376
2.9513,2169,2082,1400,-376
2.9517,2169,2083,1400,-376
2.9520,2169,2083,1400,-376
2.9524,2169,2083,1400,-376
2.9528,2169,2084,1400,-376
2.9532,2169,2084,1400,-376
2.9537,2169,2086,1400,-376
2.9540,2169,2086,1400,-376
2.9544,2169,2088,1400,-368
2.9548,2169,2088,1400,-368
2.9552,2169,2088,1400,-368
2.9557,2169,2089,1400,-368
2.9560,2169,2089,1400,-368
2.9564,2169,2090,1400,-376
2.9568,2169,2090,1400,-376
2.9572,2169,2090,1400,-376
2.9575,2169,2091,1400,-376
2.9579,2169,2091,1400,-376
2.9583,2169,2091,1400,-376
2.9587,2169,2093,1400,-368
2.9591,2169,2093,1400,-368
2.9595,2169,2094,1400,-372
2.9599,2169,2094,1400,-372
2.9603,2178,2095,1400,-380
2.9611,2178,2095,1400,-380
2.9615,2178,2097,1400,-372
2.9618,2178,2097,1400,-372
2.9622,2178,2097,1400,-372
2.9626,2178,2098,1400,-372
2.9630,2178,2098,1400,-372
2.9634,2178,2100,1400,-364
2.9638,2178,2100,1400,-364
2.9642,2178,2100,1400,-364
2.9645,2178,2101,1400,-372
2.9649,2178,2101,1400,-372
2.9653,2178,2101,1400,-372
2.9657,2178,2102,1400,-372
2.9661,2178,2102,1400,-372
2.9664,2178,2104,1400,-364
2.9668,2178,2104,1400,-364
2.9672,2178,2104,1400,-364
2.9676,2178,2105,1400,-364
2.9680,2178,2105,1400,-364
2.9684,2178,2106,1400,-372
2.9688,2178,2106,1400,-372
2.9692,2178,2106,1400,-372
2.9696,2178,2108,1400,-364
2.9700,2178,2108,1400,-364
2.9704,2187,2109,1400,-364
2.9711,2187,2109,1400,-364
2.9715,2187,2111,1400,-356
2.9719,2187,2111,1400,-356
2.9723,2187,2111,1400,-356
2.9727,2187,2112,1400,-356
2.9731,2187,2112,1400,-356
2.9734,2187,2113,1400,-356
2.9738,2187,2113,1400,-356
2.9742,2187,2113,1400,-356
2.9745,2187,2114,1400,-364
2.9749,2187,2114,1400,-364
2.9753,2187,2114,1400,-364
2.9756,2187,2115,1400,-364
2.9760,2187,2115,1400,-364
2.9764,2187,2117,1400,-356
2.9767,2187,2117,1400,-356
2.9771,2187,2117,1400,-356
2.9775,2187,2118,1400,-356
2.9778,2187,2118,1400,-356
2.9782,2187,2118,1400,-356
2.9787,2187,2119,1400,-356
2.9791,2187,2119,1400,-356
2.9794,2187,2121,1400,-340
2.9798,2187,2121,1400,-340
2.9802,2195,2123,1400,-332
2.9809,2195,2123,1400,-332
2.9813,2195,2123,1400,-332
2.9817,2195,2124,1350,-332
2.9821,2195,2124,1350,-332
2.9825,2195,2125,1350,-340
2.9828,2195,2125,1350,-340
2.9832,2195,2125,1350,-340
2.9837,2195,2126,1350,-340
2.9841,2195,2126,1350,-340
2.9844,2195,2128,1350,-332
2.9848,2195,2128,1350,-332
2.9852,2195,2128,1350,-332
2.9856,2195,2129,1350,-332
2.9860,2195,2129,1350,-332
2.9864,2195,2130,1350,-332
2.9868,2195,2130,1350,-332
2.9872,2195,2130,1350,-332
2.9876,2195,2132,1350,-324
2.9879,2195,2132,1350,-324
2.9883,2195,2133,1350,-324
2.9887,2195,2133,1350,-324
2.9891,2195,2133,1350,-324
2.9895,2195,2134,1350,-324
2.9899,2195,2134,1350,-324
2.9903,2201,2136,1350,-316
2.9910,2201,2136,1350,-316
2.9914,2201,2137,1350,-316
2.9918,2201,2137,1350,-316
2.9922,2201,2137,1350,-316
2.9927,2201,2138,1350,-316
2.9930,2201,2138,1350,-316
2.9934,2201,2139,1350,-324
2.9938,2201,2139,1350,-324
2.9942,2201,2139,1350,-324
2.9945,2201,2141,1350,-316
2.9949,2201,2141,1350,-316
2.9953,2201,2142,1350,-316
2.9957,2201,2142,1350,-316
2.9960,2201,2142,1350,-316
2.9964,2201,2143,1350,-316
2.9968,2201,2143,1350,-316
2.9972,2201,2143,1350,-316
2.9976,2201,2145,1350,-308
2.9979,2201,2145,1350,-308
2.9983,2201,2146,1350,-308
2.9987,2201,2146,1350,-308
2.9991,2201,2146,1350,-308
2.9995,2201,2147,1350,-304
2.9999,2201,2147,1350,-304
3.0002,2206,2148,1350,-296
3.0009,2206,2148,1350,-296
3.0013,2206,2150,1300,-288
3.0016,2206,2150,1300,-288
3.0020,2206,2150,1300,-288
3.0023,2206,2151,1300,-288
3.0027,2206,2151,1300,-288
3.0031,2206,2151,1300,-288
3.0034,2206,2152,1300,-288
3.0038,2206,2152,1300,-288
3.0042,2206,2152,1300,-288
3.0046,2206,2153,1300,-288
3.0049,2206,2153,1300,-288
3.0053,2206,2155,1300,-280
3.0057,2206,2155,1300,-280
3.0060,2206,2155,1300,-280
3.0065,2206,2156,1300,-280
3.0068,2206,2156,1300,-280
3.0071,2206,2156,1300,-280
3.0075,2206,2157,1300,-280
3.0079,2206,2157,1300,-280
3.0082,2206,2158,1300,-280
3.0085,2206,2158,1300,-280
3.0089,2206,2158,1300,-280
3.0092,2206,2160,1300,-264
3.0096,2206,2160,1300,-264
3.0100,2210,2161,1300,-264
3.0107,2210,2161,1300,-264
3.0110,2210,2161,1300,-264
3.0114,2210,2162,1300,-264
3.0118,2210,2162,1300,-264
3.0121,2210,2162,1300,-264
3.0125,2210,2163,1300,-264
3.0128,2210,2163,1300,-264
3.0132,2210,2164,1300,-264
3.0135,2210,2164,1300,-264
3.0139,2210,2164,1300,-264
3.0143,2210,2165,1300,-256
3.0147,2210,2165,1300,-256
3.0150,2210,2165,1300,-256
3.0154,2210,2166,1300,-256
3.0158,2210,2166,1300,-256
3.0162,2210,2167,1300,-256
3.0165,2210,2167,1300,-256
3.0169,2210,2167,1300,-256
3.0173,2210,2168,1300,-256
3.0176,2210,2168,1300,-256
3.0180,2210,2168,1300,-256
3.0183,2210,2169,1300,-248
3.0187,2210,2169,1300,-248
3.0190,2210,2169,1300,-248
3.0194,2210,2170,1300,-236
3.0198,2210,2170,1300,-236
3.0202,2213,2172,1300,-228
3.0209,2213,2172,1300,-228
3.0213,2213,2173,1150,-220
3.0217,2213,2173,1150,-220
3.0221,2213,2173,1150,-220
3.0224,2213,2174,1150,-220
3.0228,2213,2174,1150,-220
3.0232,2213,2175,1150,-220
3.0236,2213,2175,1150,-220
3.0239,2213,2175,1150,-220
3.0243,2213,2176,1150,-212
3.0247,2213,2176,1150,-212
3.0251,2213,2177,1150,-212
3.0255,2213,2177,1150,-212
3.0258,2213,2177,1150,-212
3.0262,2213,2178,1150,-212
3.0267,2213,2178,1150,-212
3.0270,2213,2178,1150,-212
3.0274,2213,2180,1150,-196
3.0278,2213,2180,1150,-196
3.0281,2213,2181,1150,-196
3.0285,2213,2181,1150,-196
3.0289,2213,2181,1150,-196
3.0293,2213,2182,1150,-188
3.0297,2213,2182,1150,-188
3.0300,2214,2183,1150,-188
3.0308,2214,2183,1150,-188
3.0311,2214,2183,1150,-188
3.0315,2214,2183,1150,-188
3.0319,2214,2183,1150,-188
3.0323,2214,2184,1150,-188
3.0327,2214,2184,1150,-188
3.0330,2214,2185,1150,-180
3.0334,2214,2185,1150,-180
3.0338,2214,2185,1150,-180
3.0342,2214,2186,1150,-180
3.0347,2214,2186,1150,-180
3.0350,2214,2186,1150,-172
3.0354,2214,2187,1150,-172
3.0358,2214,2187,1150,-172
3.0361,2214,2188,1150,-164
3.0365,2214,2188,1150,-164
3.0369,2214,2188,1150,-164
3.0373,2214,2189,1150,-164
3.0376,2214,2189,1150,-164
3.0380,2214,2189,1150,-164
3.0384,2214,2189,1150,-164
3.0387,2214,2189,1150,-164
3.0391,2214,2190,1150,-144
3.0394,2214,2190,1150,-144
3.0398,2214,2190,1150,-144
3.0402,2215,2191,1150,-144
3.0409,2215,2191,1150,-144
3.0413,2215,2192,950,-136
3.0417,2215,2192,950,-136
3.0420,2215,2193,950,-128
3.0425,2215,2193,950,-128
3.0428,2215,2193,950,-128
3.0432,2215,2194,950,-120
3.0436,2215,2194,950,-120
3.0439,2215,2194,950,-120
3.0443,2215,2195,950,-120
3.0447,2215,2195,950,-120
3.0451,2215,2196,950,-112
3.0455,2215,2196,950,-112
3.0459,2215,2196,950,-112
3.0463,2215,2196,950,-112
3.0467,2215,2196,950,-112
3.0471,2215,2197,950,-104
3.0475,2215,2197,950,-104
3.0479,2215,2197,950,-104
3.0482,2215,2198,950,-96
3.0487,2215,2198,950,-96
3.0491,2215,2199,950,-96
3.0494,2215,2199,950,-96
3.0498,2215,2199,950,-96
3.0501,2213,2200,950,-88
3.0508,2213,2200,950,-88
3.0512,2213,2201,950,-72
3.0515,2213,2201,950,-72
3.0519,2213,2201,950,-72
3.0523,2213,2201,950,-72
3.0527,2213,2201,950,-72
3.0530,2213,2202,950,-64
3.0534,2213,2202,950,-64
3.0537,2213,2202,950,-64
3.0541,2213,2203,950,-56
3.0545,2213,2203,950,-56
3.0549,2213,2203,950,-56
3.0552,2213,2204,950,-48
3.0557,2213,2204,950,-48
3.0560,2213,2204,950,-48
3.0564,2213,2204,950,-48
3.0568,2213,2204,950,-48
3.0572,2213,2205,950,-40
3.0575,2213,2205,950,-40
3.0579,2213,2205,950,-40
3.0583,2213,2205,950,-32
3.0587,2213,2205,950,-32
3.0590,2213,2206,950,28
3.0594,2213,2206,950,28
3.0598,2213,2206,950,28
3.0601,2211,2206,950,28
3.0608,2211,2206,950,28
3.0612,2211,2207,750,36
3.0617,2211,2207,750,36
3.0620,2211,2208,750,44
3.0624,2211,2208,750,44
3.0628,2211,2208,750,44
3.0632,2211,2208,750,52
3.0635,2211,2208,750,52
3.0639,2211,2209,750,60
3.0643,2211,2209,750,60
3.0647,2211,2209,750,60
3.0650,2211,2209,750,60
3.0654,2211,2209,750,60
3.0658,2211,2209,750,60
3.0662,2211,2209,750,68
3.0665,2211,2209,750,68
3.0669,2211,2210,750,76
3.0673,2211,2210,750,76
3.0677,2211,2210,750,76
3.0681,2211,2210,750,76
3.0684,2211,2210,750,76
3.0688,2211,2210,750,76
3.0692,2211,2210,750,76
3.0696,2211,2210,750,76
3.0699,2211,2211,750,76
3.0703,2207,2211,750,76
3.0710,2207,2211,750,76
3.0714,2207,2211,750,76
3.0718,2207,2211,750,76
3.0721,2207,2211,750,76
3.0725,2207,2211,750,76
3.0729,2207,2211,750,76
3.0733,2207,2211,750,76
3.0737,2207,2211,750,76
3.0741,2207,2211,750,76
3.0745,2207,2211,750,76
3.0749,2207,2211,750,76
3.0752,2207,2211,750,76
3.0757,2207,2211,750,76
3.0760,2207,2212,750,84
3.0764,2207,2212,750,84
3.0768,2207,2212,750,84
3.0772,2207,2212,750,84
3.0776,2207,2212,750,84
3.0780,2207,2212,750,84
3.0784,2207,2212,750,84
3.0787,2207,2212,750,84
3.0791,2207,2212,750,64
3.0795,2207,2212,750,64
3.0799,2207,2212,750,64
3.0803,2202,2212,750,64
3.0810,2202,2212,250,64
3.0814,2202,2212,250,64
3.0818,2202,2212,250,64
3.0822,2202,2212,250,64
3.0825,2202,2212,250,64
3.0829,2202,2212,250,72
3.0832,2202,2212,250,72
3.0837,2202,2212,250,72
3.0841,2202,2212,250,72
3.0844,2202,2212,250,72
3.0848,2202,2212,250,80
3.0852,2202,2212,250,80
3.0855,2202,2212,250,80
3.0859,2202,2212,250,80
3.0863,2202,2212,250,80
3.0867,2202,2212,250,80
3.0871,2202,2212,250,80
3.0875,2202,2212,250,80
3.0879,2202,2212,250,88
3.0883,2202,2212,250,88
3.0887,2202,2212,250,88
3.0890,2202,2212,250,88
3.0894,2202,2212,250,88
3.0898,2202,2212,250,96
3.0902,2195,2212,250,96
3.0909,2195,2212,250,96
3.0913,2195,2212,250,96
3.0916,2195,2212,250,96
3.0920,2195,2212,250,104
3.0924,2195,2212,250,104
3.0928,2195,2212,250,104
3.0931,2195,2212,250,104
3.0935,2195,2212,250,104
3.0938,2195,2212,250,112
3.0942,2195,2212,250,112
3.0947,2195,2212,250,112
3.0950,2195,2212,250,112
3.0954,2195,2212,250,112
3.0958,2195,2212,250,120
3.0962,2195,2212,250,120
3.0965,2195,2212,250,120
3.0969,2195,2212,250,128
3.0973,2195,2212,250,128
3.0977,2195,2212,250,128
3.0980,2195,2212,250,128
3.0984,2195,2212,250,128
3.0988,2195,2212,250,140
3.0992,2195,2212,250,140
3.0997,2195,2212,250,140
3.1000,2188,2212,250,140
3.1008,2188,2212,0,148
3.1011,2188,2212,0,148
3.1015,2188,2212,0,148
3.1019,2188,2212,0,156
3.1023,2188,2212,0,156
3.1027,2188,2212,0,156
3.1030,2188,2212,0,156
3.1034,2188,2212,0,156
3.1038,2188,2212,0,164
3.1041,2188,2212,0,164
3.1045,2188,2212,0,164
3.1048,2188,2212,0,172
3.1052,2188,2212,0,172
3.1057,2188,2212,0,172
3.1061,2188,2212,0,172
3.1066,2188,2212,0,172
3.1070,2188,2212,0,180
3.1078,2188,2212,0,188
3.1083,2188,2212,0,188
3.1087,2188,2211,0,180
3.1103,2179,2210,0,188
3.1130,2179,2210,0,196
3.1134,2179,2210,0,196
3.1138,2179,2210,0,196
3.1142,2179,2210,0,196
3.1147,2179,2209,0,196
3.1150,2179,2209,0,196
3.1155,2179,2209,0,196
3.1158,2179,2209,0,204
3.1162,2179,2209,0,204
3.1167,2179,2208,0,196
3.1170,2179,2208,0,196
3.1174,2179,2208,0,196
3.1178,2179,2208,0,204
3.1182,2179,2208,0,204
3.1186,2179,2207,0,200
3.1190,2179,2207,0,200
3.1194,2179,2207,0,200
3.1198,2179,2207,0,208
3.1202,2170,2207,0,208
3.1209,2170,2206,-300,200
3.1213,2170,2206,-300,200
3.1217,2170,2206,-300,208
3.1221,2170,2206,-300,208
3.1225,2170,2206,-300,208
3.1229,2170,2205,-300,208
3.1232,2170,2205,-300,208
3.1237,2170,2205,-300,208
3.1240,2170,2205,-300,208
3.1244,2170,2205,-300,208
3.1248,2170,2205,-300,216
3.1252,2170,2205,-300,216
3.1257,2170,2204,-300,216
3.1260,2170,2204,-300,216
3.1265,2170,2204,-300,216
3.1269,2170,2203,-300,216
3.1273,2170,2203,-300,216
3.1277,2170,2203,-300,216
3.1281,2170,2203,-300,216
3.1285,2170,2203,-300,216
3.1289,2170,2202,-300,216
3.1293,2170,2202,-300,216
3.1296,2170,2202,-300,224
3.1300,2170,2202,-300,224
3.1304,2159,2201,-300,224
3.1311,2159,2201,-300,224
3.1314,2159,2201,-300,224
3.1318,2159,2201,-300,224
3.1322,2159,2201,-300,224
3.1325,2159,2200,-300,224
3.1329,2159,2200,-300,224
3.1333,2159,2200,-300,224
3.1337,2159,2200,-300,232
3.1340,2159,2200,-300,232
3.1344,2159,2200,-300,232
3.1348,2159,2199,-300,232
3.1351,2159,2199,-300,232
3.1355,2159,2199,-300,232
3.1358,2159,2198,-300,232
3.1362,2159,2198,-300,232
3.1367,2159,2197,-300,232
3.1370,2159,2197,-300,232
3.1374,2159,2197,-300,232
3.1378,2159,2197,-300,232
3.1381,2159,2197,-300,232
3.1385,2159,2197,-300,232
3.1389,2159,2196,-300,216
3.1392,2159,2196,-300,216
3.1396,2159,2196,-300,224
3.1400,2148,2196,-300,224
3.1407,2148,2195,-550,224
3.1410,2148,2195,-550,224
3.1414,2148,2195,-550,224
3.1418,2148,2195,-550,232
3.1421,2148,2195,-550,232
3.1425,2148,2195,-550,232
3.1429,2148,2194,-550,232
3.1432,2148,2194,-550,232
3.1437,2148,2193,-550,224
3.1440,2148,2193,-550,224
3.1444,2148,2193,-550,224
3.1448,2148,2193,-550,232
3.1451,2148,2193,-550,232
3.1455,2148,2192,-550,232
3.1459,2148,2192,-550,232
3.1463,2148,2192,-550,232
3.1467,2148,2191,-550,232
3.1471,2148,2191,-550,232
3.1474,2148,2191,-550,232
3.1478,2148,2191,-550,240
3.1482,2148,2191,-550,240
3.1486,2148,2190,-550,240
3.1489,2148,2190,-550,240
3.1493,2148,2190,-550,240
3.1497,2148,2189,-550,240
3.1501,2135,2189,-550,240
3.1508,2135,2189,-550,248
3.1512,2135,2189,-550,248
3.1515,2135,2188,-550,248
3.1519,2135,2188,-550,248
3.1522,2135,2188,-550,248
3.1526,2135,2187,-550,248
3.1530,2135,2187,-550,248
3.1534,2135,2187,-550,248
3.1538,2135,2186,-550,248
3.1541,2135,2186,-550,248
3.1545,2135,2185,-550,248
3.1549,2135,2185,-550,248
3.1554,2135,2185,-550,248
3.1557,2135,2185,-550,256
3.1561,2135,2185,-550,256
3.1565,2135,2184,-550,256
3.1568,2135,2184,-550,256
3.1572,2135,2184,-550,256
3.1577,2135,2184,-550,264
3.1580,2135,2184,-550,264
3.1584,2135,2183,-550,272
3.1588,2135,2183,-550,272
3.1592,2135,2183,-550,272
3.1596,2135,2182,-550,272
3.1600,2135,2182,-550,272
3.1604,2122,2181,-700,272
3.1611,2122,2181,-700,272
3.1615,2122,2181,-700,280
3.1618,2122,2181,-700,280
3.1622,2122,2181,-700,280
3.1625,2122,2180,-700,280
3.1629,2122,2180,-700,280
3.1633,2122,2180,-700,280
3.1637,2122,2179,-700,280
3.1640,2122,2179,-700,280
3.1644,2122,2178,-700,280
3.1648,2122,2178,-700,280
3.1652,2122,2178,-700,280
3.1655,2122,2177,-700,280
3.1659,2122,2177,-700,280
3.1666,2122,2176,-700,280
3.1670,2122,2176,-700,280
3.1673,2122,2176,-700,280
3.1677,2122,2176,-700,288
3.1680,2122,2176,-700,288
3.1684,2122,2175,-700,288
3.1688,2122,2175,-700,288
3.1692,2122,2175,-700,288
3.1696,2122,2174,-700,296
3.1699,2122,2174,-700,296
3.1703,2108,2173,-700,296
3.1710,2108,2173,-700,296
3.1714,2108,2172,-700,296
3.1718,2108,2172,-700,296
3.1722,2108,2172,-700,296
3.1726,2108,2171,-700,296
3.1729,2108,2171,-700,296
3.1733,2108,2171,-700,296
3.1737,2108,2171,-700,304
3.1741,2108,2171,-700,304
3.1745,2108,2170,-700,304
3.1748,2108,2170,-700,304
3.1752,2108,2170,-700,304
3.1756,2108,2169,-700,304
3.1760,2108,2169,-700,304
3.1764,2108,2168,-700,304
3.1768,2108,2168,-700,304
3.1771,2108,2168,-700,304
3.1775,2108,2167,-700,312
3.1779,2108,2167,-700,312
3.1783,2108,2167,-700,312
3.1787,2108,2166,-700,308
3.1790,2108,2166,-700,308
3.1794,2108,2165,-700,308
3.1798,2108,2165,-700,308
3.1802,2094,2164,-850,308
3.1809,2094,2164,-850,308
3.1813,2094,2164,-850,316
3.1817,2094,2164,-850,316
3.1821,2094,2164,-850,316
3.1824,2094,2163,-850,316
3.1828,2094,2163,-850,316
3.1831,2094,2163,-850,316
3.1835,2094,2162,-850,316
3.1838,2094,2162,-850,316
3.1842,2094,2162,-850,316
3.1847,2094,2161,-850,316
3.1851,2094,2161,-850,316
3.1854,2094,2160,-850,324
3.1858,2094,2160,-850,324
3.1862,2094,2160,-850,324
3.1867,2094,2159,-850,324
3.1870,2094,2159,-850,324
3.1874,2094,2158,-850,324
3.1878,2094,2158,-850,324
3.1882,2094,2158,-850,324
3.1886,2094,2157,-850,324
3.1890,2094,2157,-850,324
3.1893,2094,2156,-850,332
3.1897,2094,2156,-850,332
3.1901,2080,2155,-850,332
3.1909,2080,2155,-850,332
3.1913,2080,2154,-850,332
3.1916,2080,2154,-850,332
3.1920,2080,2154,-850,332
3.1924,2080,2153,-850,332
3.1928,2080,2153,-850,332
3.1932,2080,2153,-850,332
3.1935,2080,2152,-850,332
3.1939,2080,2152,-850,332
3.1943,2080,2151,-850,332
3.1947,2080,2151,-850,332
3.1951,2080,2151,-850,332
3.1955,2080,2150,-850,340
3.1958,2080,2150,-850,340
3.1962,2080,2150,-850,340
3.1965,2080,2149,-850,340
3.1969,2080,2149,-850,340
3.1973,2080,2148,-850,340
3.1977,2080,2148,-850,340
3.1981,2080,2148,-850,340
3.1985,2080,2147,-850,348
3.1988,2080,2147,-850,348
3.1992,2080,2146,-850,348
3.1997,2080,2146,-850,348
3.2000,2065,2145,-950,348
3.2008,2065,2145,-950,348
3.2012,2065,2145,-950,348
3.2016,2065,2144,-950,348
3.2019,2065,2144,-950,348
3.2023,2065,2143,-950,348
3.2027,2065,2143,-950,348
3.2031,2065,2143,-950,348
3.2035,2065,2142,-950,356
3.2039,2065,2142,-950,356
3.2043,2065,2141,-950,356
3.2047,2065,2141,-950,356
3.2051,2065,2141,-950,356
3.2054,2065,2139,-950,348
3.2058,2065,2139,-950,348
3.2062,2065,2139,-950,348
3.2065,2065,2138,-950,356
3.2069,2065,2138,-950,356
3.2073,2065,2137,-950,356
3.2076,2065,2137,-950,356
3.2080,2065,2137,-950,356
3.2084,2065,2136,-950,356
3.2088,2065,2136,-950,356
3.2092,2065,2135,-950,364
3.2096,2065,2135,-950,364
3.2100,2050,2134,-950,364
3.2107,2050,2134,-950,364
3.2111,2050,2134,-950,364
3.2115,2050,2132,-950,356
3.2119,2050,2132,-950,356
3.2123,2050,2131,-950,356
3.2127,2050,2131,-950,356
3.2131,2050,2131,-950,356
3.2135,2050,2130,-950,364
3.2138,2050,2130,-950,364
3.2142,2050,2129,-950,364
3.2145,2050,2129,-950,364
3.2149,2050,2129,-950,364
3.2153,2050,2128,-950,364
3.2156,2050,2128,-950,364
3.2160,2050,2128,-950,364
3.2164,2050,2127,-950,372
3.2167,2050,2127,-950,372
3.2171,2050,2127,-950,372
3.2174,2050,2126,-950,372
3.2178,2050,2126,-950,372
3.2182,2050,2125,-950,364
3.2187,2050,2125,-950,364
3.2190,2050,2125,-950,364
3.2194,2050,2123,-950,364
3.2198,2050,2123,-950,364
3.2202,2035,2122,-1150,364
3.2208,2035,2122,-1150,364
3.2212,2035,2121,-1150,364
3.2216,2035,2121,-1150,364
3.2220,2035,2121,-1150,364
3.2224,2035,2120,-1150,364
3.2228,2035,2120,-1150,364
3.2232,2035,2119,-1150,372
3.2236,2035,2119,-1150,372
3.2240,2035,2119,-1150,372
3.2243,2035,2118,-1150,372
3.2247,2035,2118,-1150,372
3.2251,2035,2118,-1150,372
3.2255,2035,2116,-1150,364
3.2259,2035,2116,-1150,364
3.2262,2035,2115,-1150,372
3.2266,2035,2115,-1150,372
3.2270,2035,2115,-1150,372
3.2274,2035,2114,-1150,372
3.2278,2035,2114,-1150,372
3.2281,2035,2113,-1150,380
3.2285,2035,2113,-1150,380
3.2289,2035,2113,-1150,380
3.2293,2035,2111,-1150,372
3.2296,2035,2111,-1150,372
3.2300,2020,2110,-1150,372
3.2307,2020,2110,-1150,372
3.2311,2020,2109,-1150,380
3.2314,2020,2109,-1150,380
3.2318,2020,2109,-1150,380
3.2322,2020,2107,-1150,372
3.2325,2020,2107,-1150,372
3.2329,2020,2107,-1150,372
3.2333,2020,2106,-1150,372
3.2337,2020,2106,-1150,372
3.2341,2020,2105,-1150,380
3.2345,2020,2105,-1150,380
3.2348,2020,2105,-1150,380
3.2352,2020,2104,-1150,380
3.2357,2020,2104,-1150,380
3.2360,2020,2103,-1150,388
3.2364,2020,2103,-1150,388
3.2368,2020,2103,-1150,388
3.2371,2020,2101,-1150,380
3.2375,2020,2101,-1150,380
3.2379,2020,2101,-1150,380
3.2383,2020,2100,-1150,376
3.2386,2020,2100,-1150,376
3.2390,2020,2100,-1150,376
3.2394,2020,2099,-1150,384
3.2398,2020,2099,-1150,384
3.2401,2006,2098,-1200,384
3.2409,2006,2098,-1200,384
3.2412,2006,2097,-1200,384
3.2417,2006,2097,-1200,384
3.2420,2006,2095,-1200,384
3.2424,2006,2095,-1200,384
3.2428,2006,2095,-1200,384
3.2432,2006,2094,-1200,384
3.2436,2006,2094,-1200,384
3.2439,2006,2094,-1200,384
3.2443,2006,2093,-1200,392
3.2447,2006,2093,-1200,392
3.2451,2006,2091,-1200,384
3.2455,2006,2091,-1200,384
3.2459,2006,2091,-1200,384
3.2463,2006,2090,-1200,392
3.2467,2006,2090,-1200,392
3.2471,2006,2089,-1200,392
3.2474,2006,2089,-1200,392
3.2478,2006,2089,-1200,392
3.2482,2006,2087,-1200,384
3.2486,2006,2087,-1200,384
3.2490,2006,2086,-1200,392
3.2494,2006,2086,-1200,392
3.2498,2006,2086,-1200,392
3.2502,1991,2085,-1200,392
3.2509,1991,2085,-1200,392
3.2513,1991,2084,-1200,392
3.2516,1991,2084,-1200,392
3.2520,1991,2082,-1200,392
3.2524,1991,2082,-1200,392
3.2528,1991,2082,-1200,392
3.2531,1991,2081,-1200,392
3.2535,1991,2081,-1200,392
3.2538,1991,2081,-1200,392
3.2542,1991,2080,-1200,400
3.2547,1991,2080,-1200,400
3.2550,1991,2078,-1200,392
3.2554,1991,2078,-1200,392
3.2558,1991,2078,-1200,392
3.2561,1991,2077,-1200,400
3.2565,1991,2077,-1200,400
3.2568,1991,2077,-1200,400
3.2572,1991,2076,-1200,400
3.2577,1991,2076,-1200,400
3.2580,1991,2074,-1200,392
3.2584,1991,2074,-1200,392
3.2589,1991,2073,-1200,400
3.2593,1991,2073,-1200,400
3.2597,1991,2073,-1200,400
3.2601,1977,2072,-1300,400
3.2608,1977,2072,-1300,400
3.2612,1977,2071,-1300,408
3.2616,1977,2071,-1300,408
3.2619,1977,2069,-1300,400
3.2623,1977,2069,-1300,400
3.2627,1977,2069,-1300,400
3.2631,1977,2068,-1300,400
3.2637,1977,2068,-1300,400
3.2642,1977,2066,-1300,400
3.2647,1977,2066,-1300,400
3.2652,1977,2065,-1300,400
3.2657,1977,2065,-1300,400
3.2663,1977,2064,-1300,408
3.2667,1977,2064,-1300,408
3.2687,1977,2061,-1300,408
3.2697,1977,2059,-1300,400
3.2702,1963,2058,-1300,400
3.2712,1963,2057,-1300,408
3.2715,1963,2057,-1300,408
3.2719,1963,2055,-1300,400
3.2723,1963,2055,-1300,400
3.2728,1963,2054,-1300,400
3.2732,1963,2054,-1300,400
3.2737,1963,2054,-1300,400
3.2740,1963,2053,-1300,408
3.2744,1963,2053,-1300,408
3.2747,1963,2053,-1300,408
3.2751,1963,2051,-1300,400
3.2755,1963,2051,-1300,400
3.2758,1963,2050,-1300,408
3.2762,1963,2050,-1300,408
3.2766,1963,2050,-1300,408
3.2770,1963,2049,-1300,408
3.2773,1963,2049,-1300,408
3.2777,1963,2049,-1300,408
3.2781,1963,2047,-1300,408
3.2784,1963,2047,-1300,408
3.2788,1963,2047,-1300,408
3.2791,1963,2046,-1300,408
3.2795,1963,2046,-1300,408
3.2798,1963,2044,-1400,400
3.2802,1950,2044,-1400,400
3.2810,1950,2043,-1400,408
3.2813,1950,2043,-1400,408
3.2817,1950,2043,-1400,408
3.2821,1950,2041,-1400,400
3.2824,1950,2041,-1400,400
3.2828,1950,2040,-1400,408
3.2832,1950,2040,-1400,408
3.2837,1950,2040,-1400,408
3.2840,1950,2039,-1400,408
3.2844,1950,2039,-1400,408
3.2848,1950,2037,-1400,400
3.2852,1950,2037,-1400,400
3.2856,1950,2037,-1400,400
3.2860,1950,2036,-1400,408
3.2864,1950,2036,-1400,408
3.2867,1950,2036,-1400,408
3.2871,1950,2034,-1400,400
3.2874,1950,2034,-1400,400
3.2878,1950,2033,-1400,408
3.2882,1950,2033,-1400,408
3.2886,1950,2033,-1400,408
3.2889,1950,2031,-1400,400
3.2893,1950,2031,-1400,400
3.2896,1950,2031,-1400,400
3.2900,1939,2030,-1400,400
3.2907,1939,2030,-1400,400
3.2911,1939,2029,-1400,400
3.2915,1939,2029,-1400,400
3.2919,1939,2027,-1400,400
3.2924,1939,2027,-1400,400
3.2928,1939,2026,-1400,400
3.2931,1939,2026,-1400,400
3.2935,1939,2026,-1400,400
3.2939,1939,2025,-1400,408
3.2943,1939,2025,-1400,408
3.2946,1939,2025,-1400,408
3.2950,1939,2023,-1400,400
3.2954,1939,2023,-1400,400
3.2958,1939,2022,-1400,400
3.2961,1939,2022,-1400,400
3.2965,1939,2022,-1400,400
3.2969,1939,2020,-1400,400
3.2973,1939,2020,-1400,400
3.2977,1939,2020,-1400,400
3.2981,1939,2019,-1400,388
3.2984,1939,2019,-1400,388
3.2988,1939,2017,-1400,380
3.2992,1939,2017,-1400,380
3.2996,1939,2017,-1400,380
3.3000,1939,2016,-1400,388
3.3003,1927,2016,-1400,388
3.3010,1927,2014,-1400,380
3.3014,1927,2014,-1400,380
3.3018,1927,2013,-1400,380
3.3022,1927,2013,-1400,380
3.3026,1927,2013,-1400,380
3.3030,1927,2012,-1400,388
3.3033,1927,2012,-1400,388
3.3037,1927,2012,-1400,388
3.3040,1927,2010,-1400,380
3.3044,1927,2010,-1400,380
3.3048,1927,2009,-1400,380
3.3051,1927,2009,-1400,380
3.3055,1927,2009,-1400,380
3.3059,1927,2007,-1400,380
3.3063,1927,2007,-1400,380
3.3066,1927,2007,-1400,380
3.3070,1927,2006,-1400,380
3.3073,1927,2006,-1400,380
3.3077,1927,2005,-1400,380
3.3080,1927,2005,-1400,380
3.3084,1927,2005,-1400,380
3.3088,1927,2003,-1400,380
3.3091,1927,2003,-1400,380
3.3095,1927,2003,-1400,380
3.3099,1927,2002,-1400,380
3.3103,1916,2002,-1400,380
3.3110,1916,2000,-1400,372
3.3114,1916,2000,-1400,372
3.3118,1916,1999,-1400,372
3.3121,1916,1999,-1400,372
3.3124,1916,1999,-1400,372
3.3128,1916,1998,-1400,380
3.3131,1916,1998,-1400,380
3.3135,1916,1998,-1400,380
3.3139,1916,1996,-1400,372
3.3143,1916,1996,-1400,372
3.3146,1916,1996,-1400,372
3.3150,1916,1995,-1400,372
3.3153,1916,1995,-1400,372
3.3157,1916,1994,-1400,372
3.3161,1916,1994,-1400,372
3.3164,1916,1994,-1400,372
3.3168,1916,1992,-1400,372
3.3172,1916,1992,-1400,372
3.3176,1916,1992,-1400,372
3.3179,1916,1991,-1400,368
3.3183,1916,1991,-1400,368
3.3187,1916,1990,-1400,368
3.3190,1916,1990,-1400,368
3.3194,1916,1990,-1400,368
3.3198,1916,1988,-1400,360
3.3201,1907,1988,-1400,360
3.3207,1907,1987,-1400,368
3.3211,1907,1987,-1400,368
3.3214,1907,1987,-1400,368
3.3218,1907,1985,-1400,360
3.3221,1907,1985,-1400,360
3.3225,1907,1985,-1400,360
3.3228,1907,1984,-1400,360
3.3232,1907,1984,-1400,360
3.3237,1907,1983,-1400,360
3.3242,1907,1983,-1400,360
3.3246,1907,1982,-1400,360
3.3250,1907,1982,-1400,360
3.3253,1907,1982,-1400,360
3.3257,1907,1980,-1400,360
3.3261,1907,1980,-1400,360
3.3264,1907,1980,-1400,360
3.3268,1907,1979,-1400,360
3.3271,1907,1979,-1400,360
3.3275,1907,1979,-1400,360
3.3279,1907,1978,-1400,360
3.3282,1907,1978,-1400,360
3.3286,1907,1976,-1400,352
3.3290,1907,1976,-1400,352
3.3293,1907,1976,-1400,352
3.3297,1907,1975,-1400,352
3.3301,1899,1975,-1400,352
3.3308,1899,1973,-1400,352
3.3312,1899,1973,-1400,352
3.3316,1899,1972,-1400,352
3.3319,1899,1972,-1400,352
3.3323,1899,1972,-1400,352
3.3327,1899,1971,-1400,352
3.3331,1899,1971,-1400,352
3.3335,1899,1971,-1400,352
3.3338,1899,1970,-1400,352
3.3342,1899,1970,-1400,352
3.3346,1899,1968,-1400,344
3.3350,1899,1968,-1400,344
3.3354,1899,1968,-1400,344
3.3357,1899,1967,-1400,344
3.3361,1899,1967,-1400,344
3.3365,1899,1967,-1400,344
3.3368,1899,1965,-1400,344
3.3372,1899,1965,-1400,344
3.3375,1899,1964,-1400,340
3.3379,1899,1964,-1400,340
3.3383,1899,1964,-1400,340
3.3387,1899,1963,-1400,340
3.3390,1899,1963,-1400,340
3.3394,1899,1963,-1400,340
3.3397,1899,1962,-1300,340
3.3401,1891,1962,-1300,340
3.3408,1891,1960,-1300,332
3.3411,1891,1960,-1300,332
3.3415,1891,1959,-1300,332
3.3419,1891,1959,-1300,332
3.3423,1891,1959,-1300,332
3.3426,1891,1958,-1300,332
3.3430,1891,1958,-1300,332
3.3434,1891,1958,-1300,332
3.3437,1891,1956,-1300,324
3.3441,1891,1956,-1300,324
3.3444,1891,1956,-1300,324
3.3448,1891,1955,-1300,332
3.3452,1891,1955,-1300,332
3.3455,1891,1954,-1300,332
3.3459,1891,1954,-1300,332
3.3463,1891,1954,-1300,332
3.3467,1891,1953,-1300,332
3.3470,1891,1953,-1300,332
3.3474,1891,1953,-1300,332
3.3478,1891,1951,-1300,324
3.3481,1891,1951,-1300,324
3.3485,1891,1950,-1300,324
3.3488,1891,1950,-1300,324
3.3492,1891,1950,-1300,324
3.3497,1891,1949,-1300,324
3.3501,1885,1949,-1300,324
3.3508,1885,1947,-1300,316
3.3512,1885,1947,-1300,316
3.3515,1885,1946,-1300,316
3.3519,1885,1946,-1300,316
3.3522,1885,1946,-1300,316
3.3526,1885,1945,-1300,316
3.3530,1885,1945,-1300,316
3.3533,1885,1945,-1300,316
3.3537,1885,1943,-1300,308
3.3541,1885,1943,-1300,308
3.3544,1885,1943,-1300,308
3.3548,1885,1942,-1300,308
3.3551,1885,1942,-1300,308
3.3555,1885,1941,-1300,308
3.3558,1885,1941,-1300,308
3.3562,1885,1941,-1300,308
3.3566,1885,1940,-1300,308
3.3570,1885,1940,-1300,308
3.3574,1885,1940,-1300,308
3.3578,1885,1938,-1300,292
3.3582,1885,1938,-1300,292
3.3585,1885,1937,-1300,292
3.3589,1885,1937,-1300,292
3.3592,1885,1937,-1300,292
3.3596,1885,1936,-1300,284
3.3600,1885,1936,-1300,284
3.3603,1880,1935,-1300,284
3.3610,1880,1935,-1300,284
3.3614,1880,1935,-1300,284
3.3617,1880,1933,-1300,276
3.3621,1880,1933,-1300,276
3.3625,1880,1932,-1300,276
3.3628,1880,1932,-1300,276
3.3632,1880,1932,-1300,276
3.3635,1880,1931,-1300,276
3.3639,1880,1931,-1300,276
3.3643,1880,1931,-1300,276
3.3646,1880,1930,-1300,276
3.3650,1880,1930,-1300,276
3.3654,1880,1929,-1300,276
3.3658,1880,1929,-1300,276
3.3661,1880,1929,-1300,276
3.3665,1880,1928,-1300,276
3.3668,1880,1928,-1300,276
3.3672,1880,1928,-1300,276
3.3676,1880,1926,-1300,268
3.3680,1880,1926,-1300,268
3.3684,1880,1925,-1300,260
3.3688,1880,1925,-1300,260
3.3691,1880,1925,-1300,260
3.3695,1880,1924,-1300,260
3.3698,1880,1924,-1300,260
3.3702,1877,1923,-1300,260
3.3709,1877,1923,-1300,260
3.3713,1877,1923,-1300,260
3.3717,1877,1922,-1300,260
3.3720,1877,1922,-1300,260
3.3724,1877,1921,-1300,260
3.3728,1877,1921,-1300,260
3.3732,1877,1921,-1300,260
3.3735,1877,1920,-1300,252
3.3739,1877,1920,-1300,252
3.3743,1877,1920,-1300,252
3.3747,1877,1918,-1300,244
3.3750,1877,1918,-1300,244
3.3754,1877,1917,-1300,244
3.3758,1877,1917,-1300,244
3.3761,1877,1917,-1300,244
3.3765,1877,1916,-1300,244
3.3769,1877,1916,-1300,244
3.3773,1877,1916,-1300,244
3.3777,1877,1915,-1300,228
3.3781,1877,1915,-1300,228
3.3785,1877,1914,-1300,228
3.3789,1877,1914,-1300,228
3.3793,1877,1914,-1150,228
3.3797,1877,1913,-1150,220
3.3800,1874,1912,-1150,220
3.3807,1874,1912,-1150,220
3.3811,1874,1912,-1150,220
3.3815,1874,1911,-1150,220
3.3819,1874,1911,-1150,220
3.3823,1874,1911,-1150,220
3.3827,1874,1910,-1150,212
3.3831,1874,1910,-1150,212
3.3834,1874,1909,-1150,212
3.3838,1874,1909,-1150,212
3.3842,1874,1909,-1150,212
3.3845,1874,1908,-1150,212
3.3849,1874,1908,-1150,212
3.3853,1874,1908,-1150,212
3.3856,1874,1907,-1150,204
3.3860,1874,1907,-1150,204
3.3864,1874,1906,-1150,204
3.3867,1874,1906,-1150,204
3.3871,1874,1906,-1150,204
3.3875,1874,1905,-1150,196
3.3879,1874,1905,-1150,196
3.3883,1874,1904,-1150,196
3.3887,1874,1904,-1150,196
3.3890,1874,1904,-1150,196
3.3894,1874,1903,-1150,188
3.3898,1874,1903,-1150,188
3.3901,1873,1902,-1150,188
3.3909,1873,1902,-1150,188
3.3913,1873,1901,-1150,180
3.3917,1873,1901,-1150,180
3.3920,1873,1901,-1150,180
3.3924,1873,1900,-1150,180
3.3928,1873,1900,-1150,180
3.3931,1873,1900,-1150,180
3.3935,1873,1899,-1150,172
3.3938,1873,1899,-1150,172
3.3942,1873,1899,-1150,172
3.3945,1873,1898,-1150,164
3.3949,1873,1898,-1150,164
3.3953,1873,1897,-1150,164
3.3957,1873,1897,-1150,164
3.3960,1873,1897,-1150,164
3.3964,1873,1896,-1150,156
3.3968,1873,1896,-1150,156
3.3971,1873,1896,-1150,156
3.3975,1873,1895,-1150,136
3.3978,1873,1895,-1150,136
3.3982,1873,1895,-1150,136
3.3987,1873,1894,-1150,128
3.3991,1873,1894,-1150,128
3.3995,1873,1894,-950,136
3.3998,1873,1894,-950,136
3.4002,1874,1893,-950,128
3.4009,1874,1893,-950,128
3.4013,1874,1892,-950,120
3.4017,1874,1892,-950,120
3.4020,1874,1892,-950,120
3.4024,1874,1891,-950,112
3.4028,1874,1891,-950,112
3.4032,1874,1890,-950,104
3.4036,1874,1890,-950,104
3.4040,1874,1890,-950,104
3.4043,1874,1889,-950,96
3.4047,1874,1889,-950,96
3.4051,1874,1889,-950,96
3.4054,1874,1889,-950,104
3.4058,1874,1889,-950,104
3.4062,1874,1888,-950,96
3.4066,1874,1888,-950,96
3.4070,1874,1888,-950,96
3.4073,1874,1887,-950,88
3.4077,1874,1887,-950,88
3.4081,1874,1887,-950,88
3.4084,1874,1887,-950,80
3.4088,1874,1887,-950,80
3.4092,1874,1886,-950,72
3.4095,1874,1886,-950,72
3.4099,1874,1886,-950,72
3.4103,1875,1885,-950,64
3.4110,1875,1885,-950,64
3.4114,1875,1884,-950,56
3.4117,1875,1884,-950,56
3.4121,1875,1884,-950,56
3.4125,1875,1884,-950,56
3.4129,1875,1884,-950,56
3.4133,1875,1883,-950,48
3.4137,1875,1883,-950,48
3.4140,1875,1883,-950,48
3.4144,1875,1882,-950,32
3.4148,1875,1882,-950,32
3.4152,1875,1882,-950,32
3.4155,1875,1882,-950,32
3.4159,1875,1882,-950,32
3.4163,1875,1881,-950,24
3.4166,1875,1881,-950,24
3.4170,1875,1881,-950,24
3.4173,1875,1881,-950,-24
3.4177,1875,1881,-950,-24
3.4181,1875,1881,-950,-24
3.4185,1875,1880,-950,-32
3.4189,1875,1880,-950,-32
3.4193,1875,1880,-700,-40
3.4197,1875,1880,-700,-40
3.4201,1878,1879,-700,-48
3.4208,1878,1879,-700,-48
3.4212,1878,1878,-700,-56
3.4215,1878,1878,-700,-56
3.4219,1878,1878,-700,-56
3.4223,1878,1878,-700,-56
3.4227,1878,1878,-700,-56
3.4231,1878,1878,-700,-56
3.4235,1878,1878,-700,-56
3.4238,1878,1878,-700,-56
3.4241,1878,1877,-700,-64
3.4245,1878,1877,-700,-64
3.4249,1878,1877,-700,-64
3.4253,1878,1877,-700,-64
3.4256,1878,1877,-700,-64
3.4260,1878,1877,-700,-64
3.4264,1878,1877,-700,-64
3.4267,1878,1877,-700,-64
3.4271,1878,1876,-700,-72
3.4275,1878,1876,-700,-72
3.4279,1878,1876,-700,-72
3.4283,1878,1876,-700,-72
3.4287,1878,1876,-700,-72
3.4291,1878,1875,-700,-72
3.4295,1878,1875,-700,-72
3.4298,1878,1875,-700,-72
3.4302,1882,1875,-700,-72
3.4309,1882,1875,-700,-72
3.4313,1882,1875,-700,-72
3.4317,1882,1875,-700,-72
3.4320,1882,1875,-700,-72
3.4324,1882,1875,-700,-80
3.4328,1882,1875,-700,-80
3.4331,1882,1875,-700,-80
3.4335,1882,1875,-700,-80
3.4339,1882,1875,-700,-80
3.4343,1882,1874,-700,-96
3.4347,1882,1874,-700,-96
3.4350,1882,1874,-700,-96
3.4354,1882,1874,-700,-96
3.4358,1882,1874,-700,-96
3.4361,1882,1874,-700,-96
3.4365,1882,1874,-700,-96
3.4369,1882,1874,-700,-96
3.4373,1882,1874,-700,-88
3.4377,1882,1874,-700,-88
3.4380,1882,1874,-700,-88
3.4384,1882,1874,-700,-88
3.4388,1882,1874,-700,-88
3.4392,1882,1874,-300,-88
3.4396,1882,1874,-300,-88
3.4401,1888,1874,-300,-96
3.4407,1888,1874,-300,-96
3.4411,1888,1874,-300,-96
3.4415,1888,1874,-300,-96
3.4419,1888,1874,-300,-96
3.4423,1888,1874,-300,-104
3.4426,1888,1874,-300,-104
3.4430,1888,1874,-300,-104
3.4434,1888,1874,-300,-104
3.4438,1888,1874,-300,-104
3.4441,1888,1874,-300,-104
3.4445,1888,1874,-300,-104
3.4449,1888,1874,-300,-104
3.4453,1888,1874,-300,-112
3.4457,1888,1874,-300,-112
3.4460,1888,1874,-300,-112
3.4464,1888,1874,-300,-112
3.4468,1888,1874,-300,-112
3.4472,1888,1874,-300,-120
3.4476,1888,1874,-300,-120
3.4480,1888,1874,-300,-120
3.4484,1888,1874,-300,-120
3.4487,1888,1874,-300,-120
3.4491,1888,1874,-300,-128
3.4495,1888,1874,-300,-128
3.4499,1888,1874,-300,-128
3.4503,1895,1874,-300,-128
3.4510,1895,1874,-300,-136
3.4514,1895,1874,-300,-136
3.4518,1895,1874,-300,-136
3.4522,1895,1874,-300,-136
3.4525,1895,1874,-300,-136
3.4529,1895,1874,-300,-136
3.4533,1895,1874,-300,-144
3.4536,1895,1874,-300,-144
3.4540,1895,1874,-300,-144
3.4544,1895,1874,-300,-144
3.4548,1895,1874,-300,-144
3.4552,1895,1874,-300,-152
3.4556,1895,1874,-300,-152
3.4560,1895,1874,-300,-152
3.4564,1895,1874,-300,-152
3.4568,1895,1874,-300,-152
3.4572,1895,1874,-300,-156
3.4576,1895,1874,-300,-156
3.4579,1895,1874,-300,-164
3.4583,1895,1874,-300,-164
3.4587,1895,1874,-300,-164
3.4591,1895,1874,0,-164
3.4595,1895,1874,0,-164
3.4598,1895,1874,0,-164
3.4602,1902,1875,0,-164
3.4609,1902,1875,0,-164
3.4613,1902,1875,0,-164
3.4617,1902,1875,0,-164
3.4621,1902,1875,0,-172
3.4624,1902,1875,0,-172
3.4628,1902,1875,0,-172
3.4632,1902,1876,0,-164
3.4635,1902,1876,0,-164
3.4639,1902,1876,0,-172
3.4643,1902,1876,0,-172
3.4646,1902,1876,0,-172
3.4650,1902,1876,0,-180
3.4654,1902,1876,0,-180
3.4658,1902,1876,0,-180
3.4661,1902,1877,0,-172
3.4665,1902,1877,0,-172
3.4669,1902,1877,0,-180
3.4673,1902,1877,0,-180
3.4677,1902,1877,0,-180
3.4681,1902,1877,0,-188
3.4684,1902,1877,0,-188
3.4688,1902,1878,0,-180
3.4693,1902,1878,0,-180
3.4697,1902,1878,0,-180
3.4700,1911,1878,0,-188
3.4708,1911,1878,0,-188
3.4712,1911,1878,0,-188
3.4716,1911,1878,0,-188
3.4719,1911,1879,0,-188
3.4723,1911,1879,0,-188
3.4726,1911,1879,0,-188
3.4730,1911,1879,0,-196
3.4734,1911,1879,0,-196
3.4737,1911,1879,0,-196
3.4741,1911,1879,0,-196
3.4745,1911,1879,0,-196
3.4749,1911,1880,0,-196
3.4752,1911,1880,0,-196
3.4757,1911,1880,0,-196
3.4760,1911,1880,0,-204
3.4764,1911,1880,0,-204
3.4768,1911,1880,0,-204
3.4772,1911,1881,0,-192
3.4776,1911,1881,0,-192
3.4780,1911,1881,0,-192
3.4783,1911,1881,0,-192
3.4787,1911,1881,0,-192
3.4791,1911,1882,400,-192
3.4795,1911,1882,400,-192
3.4798,1911,1882,400,-200
3.4802,1921,1882,400,-200
3.4809,1921,1883,400,-192
3.4813,1921,1883,400,-192
3.4817,1921,1883,400,-192
3.4820,1921,1883,400,-200
3.4824,1921,1883,400,-200
3.4828,1921,1883,400,-200
3.4832,1921,1884,400,-200
3.4835,1921,1884,400,-200
3.4839,1921,1884,400,-208
3.4843,1921,1884,400,-208
3.4846,1921,1884,400,-208
3.4850,1921,1885,400,-208
3.4853,1921,1885,400,-208
3.4857,1921,1885,400,-208
3.4860,1921,1886,400,-200
3.4864,1921,1886,400,-200
3.4868,1921,1886,400,-200
3.4871,1921,1886,400,-208
3.4875,1921,1886,400,-208
3.4879,1921,1886,400,-216
3.4882,1921,1886,400,-216
3.4886,1921,1886,400,-216
3.4890,1921,1887,400,-216
3.4893,1921,1887,400,-216
3.4897,1921,1887,400,-216
3.4901,1932,1888,400,-208
3.4908,1932,1888,400,-216
3.4911,1932,1888,400,-216
3.4915,1932,1888,400,-216
3.4919,1932,1889,400,-216
3.4922,1932,1889,400,-216
3.4926,1932,1889,400,-216
3.4930,1932,1889,400,-224
3.4934,1932,1889,400,-224
3.4937,1932,1889,400,-224
3.4941,1932,1890,400,-224
3.4944,1932,1890,400,-224
3.4948,1932,1891,400,-224
3.4952,1932,1891,400,-224
3.4955,1932,1891,400,-224
3.4959,1932,1891,400,-224
3.4963,1932,1891,400,-224
3.4966,1932,1891,400,-224
3.4970,1932,1892,400,-216
3.4974,1932,1892,400,-216
3.4977,1932,1892,400,-216
3.4981,1932,1892,400,-224
3.4984,1932,1892,400,-224
3.4988,1932,1893,550,-224
3.4992,1932,1893,550,-224
3.4997,1932,1893,550,-224
3.5000,1944,1894,550,-224
3.5008,1944,1894,550,-232
3.5011,1944,1894,550,-232
3.5015,1944,1894,550,-232
3.5019,1944,1895,550,-232
3.5023,1944,1895,550,-232
3.5027,1944,1895,550,-232
3.5031,1944,1895,550,-240
3.5035,1944,1895,550,-240
3.5038,1944,1896,550,-240
3.5042,1944,1896,550,-240
3.5046,1944,1896,550,-240
3.5050,1944,1897,550,-240
3.5054,1944,1897,550,-240
3.5057,1944,1898,550,-232
3.5061,1944,1898,550,-232
3.5065,1944,1898,550,-232
3.5069,1944,1898,550,-248
3.5072,1944,1898,550,-248
3.5077,1944,1898,550,-248
3.5080,1944,1899,550,-240
3.5084,1944,1899,550,-240
3.5088,1944,1900,550,-240
3.5092,1944,1900,550,-240
3.5096,1944,1900,550,-240
3.5099,1944,1900,550,-248
3.5103,1957,1901,550,-248
3.5111,1957,1901,550,-248
3.5115,1957,1901,550,-248
3.5119,1957,1901,550,-256
3.5123,1957,1901,550,-256
3.5126,1957,1901,550,-256
3.5130,1957,1902,550,-256
3.5134,1957,1902,550,-256
3.5138,1957,1903,550,-256
3.5141,1957,1903,550,-256
3.5145,1957,1903,550,-256
3.5149,1957,1904,550,-256
3.5153,1957,1904,550,-256
3.5157,1957,1904,550,-264
3.5161,1957,1904,550,-264
3.5164,1957,1904,550,-264
3.5168,1957,1905,550,-272
3.5172,1957,1905,550,-272
3.5177,1957,1906,550,-272
3.5180,1957,1906,550,-272
3.5184,1957,1906,550,-272
3.5188,1957,1907,700,-272
3.5192,1957,1907,700,-272
3.5195,1957,1907,700,-272
3.5199,1957,1907,700,-280
3.5203,1970,1908,700,-280
3.5210,1970,1908,700,-280
3.5214,1970,1908,700,-280
3.5217,1970,1909,700,-280
3.5221,1970,1909,700,-280
3.5225,1970,1909,700,-280
3.5228,1970,1910,700,-280
3.5232,1970,1910,700,-280
3.5237,1970,1911,700,-280
3.5241,1970,1911,700,-280
3.5245,1970,1911,700,-280
3.5248,1970,1911,700,-288
3.5252,1970,1911,700,-288
3.5257,1970,1912,700,-296
3.5261,1970,1912,700,-296
3.5264,1970,1912,700,-296
3.5268,1970,1913,700,-296
3.5272,1970,1913,700,-296
3.5276,1970,1914,700,-296
3.5280,1970,1914,700,-296
3.5284,1970,1914,700,-296
3.5287,1970,1915,700,-296
3.5291,1970,1915,700,-296
3.5295,1970,1915,700,-296
3.5299,1970,1915,700,-304
3.5303,1984,1916,700,-304
3.5311,1984,1916,700,-304
3.5314,1984,1916,700,-304
3.5318,1984,1917,700,-304
3.5322,1984,1917,700,-304
3.5327,1984,1918,700,-304
3.5330,1984,1918,700,-304
3.5334,1984,1918,700,-304
3.5338,1984,1919,700,-304
3.5342,1984,1919,700,-304
3.5347,1984,1920,700,-304
3.5350,1984,1920,700,-304
3.5354,1984,1920,700,-304
3.5358,1984,1921,700,-304
3.5362,1984,1921,700,-304
3.5366,1984,1921,700,-308
3.5369,1984,1921,700,-308
3.5373,1984,1921,700,-308
3.5377,1984,1922,700,-316
3.5381,1984,1922,700,-316
3.5385,1984,1922,700,-316
3.5388,1984,1923,800,-316
3.5392,1984,1923,800,-316
3.5397,1984,1924,800,-316
3.5400,1997,1924,800,-316
3.5408,1997,1925,800,-316
3.5412,1997,1925,800,-316
3.5415,1997,1926,800,-316
3.5419,1997,1926,800,-316
3.5423,1997,1926,800,-316
3.5427,1997,1927,800,-316
3.5431,1997,1927,800,-316
3.5435,1997,1927,800,-316
3.5439,1997,1928,800,-324
3.5443,1997,1928,800,-324
3.5447,1997,1929,800,-324
3.5450,1997,1929,800,-324
3.5454,1997,1929,800,-324
3.5457,1997,1930,800,-324
3.5461,1997,1930,800,-324
3.5465,1997,1930,800,-324
3.5468,1997,1931,800,-324
3.5472,1997,1931,800,-324
3.5477,1997,1932,800,-324
3.5480,1997,1932,800,-324
3.5484,1997,1932,800,-324
3.5488,1997,1933,800,-332
3.5491,1997,1933,800,-332
3.5495,1997,1934,800,-332
3.5499,1997,1934,800,-332
3.5503,2012,1935,800,-332
3.5511,2012,1935,800,-332
3.5514,2012,1935,800,-332
3.5518,2012,1936,800,-332
3.5522,2012,1936,800,-332
3.5527,2012,1937,800,-332
3.5530,2012,1937,800,-332
3.5534,2012,1937,800,-332
3.5537,2012,1938,800,-332
3.5541,2012,1938,800,-332
3.5545,2012,1939,800,-340
3.5548,2012,1939,800,-340
3.5552,2012,1939,800,-340
3.5556,2012,1940,800,-340
3.5560,2012,1940,800,-340
3.5564,2012,1940,800,-340
3.5568,2012,1941,800,-336
3.5572,2012,1941,800,-336
3.5577,2012,1942,800,-336
3.5580,2012,1942,800,-336
3.5584,2012,1943,1000,-344
3.5588,2012,1943,1000,-344
3.5592,2012,1943,1000,-344
3.5596,2012,1944,1000,-344
3.5600,2027,1944,1000,-344
3.5607,2027,1945,1000,-344
3.5611,2027,1945,1000,-344
3.5614,2027,1946,1000,-344
3.5618,2027,1946,1000,-344
3.5622,2027,1946,1000,-344
3.5626,2027,1947,1000,-352
3.5630,2027,1947,1000,-352
3.5633,2027,1947,1000,-352
3.5637,2027,1948,1000,-352
3.5641,2027,1948,1000,-352
3.5645,2027,1949,1000,-352
3.5649,2027,1949,1000,-352
3.5653,2027,1949,1000,-352
3.5657,2027,1950,1000,-360
3.5661,2027,1950,1000,-360
3.5665,2027,1951,1000,-360
3.5669,2027,1951,1000,-360
3.5672,2027,1951,1000,-360
3.5677,2027,1953,1000,-352
3.5680,2027,1953,1000,-352
3.5684,2027,1954,1000,-360
3.5688,2027,1954,1000,-360
3.5692,2027,1954,1000,-360
3.5695,2027,1955,1000,-360
3.5699,2027,1955,1000,-360
3.5703,2042,1956,1000,-360
3.5710,2042,1956,1000,-360
3.5714,2042,1957,1000,-360
3.5718,2042,1957,1000,-360
3.5722,2042,1957,1000,-360
3.5726,2042,1959,1000,-360
3.5730,2042,1959,1000,-360
3.5733,2042,1960,1000,-360
3.5737,2042,1960,1000,-360
3.5741,2042,1960,1000,-360
3.5745,2042,1961,1000,-360
3.5749,2042,1961,1000,-360
3.5753,2042,1961,1000,-360
3.5757,2042,1962,1000,-360
3.5761,2042,1962,1000,-360
3.5765,2042,1963,1000,-368
3.5769,2042,1963,1000,-368
3.5772,2042,1963,1000,-368
3.5777,2042,1964,1000,-368
3.5780,2042,1964,1000,-368
3.5784,2042,1965,1100,-376
3.5788,2042,1965,1100,-376
3.5792,2042,1965,1100,-376
3.5797,2042,1966,1100,-376
3.5801,2057,1968,1100,-368
3.5808,2057,1968,1100,-368
3.5812,2057,1968,1100,-368
3.5817,2057,1969,1100,-368
3.5821,2057,1969,1100,-368
3.5824,2057,1970,1100,-376
3.5828,2057,1970,1100,-376
3.5832,2057,1970,1100,-376
3.5837,2057,1971,1100,-376
3.5840,2057,1971,1100,-376
3.5844,2057,1972,1100,-376
3.5848,2057,1972,1100,-376
3.5851,2057,1972,1100,-376
3.5855,2057,1973,1100,-384
3.5859,2057,1973,1100,-384
3.5863,2057,1973,1100,-384
3.5867,2057,1974,1100,-384
3.5870,2057,1974,1100,-384
3.5874,2057,1976,1100,-384
3.5878,2057,1976,1100,-384
3.5881,2057,1976,1100,-384
3.5885,2057,1977,1100,-384
3.5889,2057,1977,1100,-384
3.5893,2057,1978,1100,-384
3.5897,2057,1978,1100,-384
3.5901,2072,1979,1100,-392
3.5908,2072,1979,1100,-392
3.5911,2072,1979,1100,-392
3.5915,2072,1980,1100,-392
3.5919,2072,1980,1100,-392
3.5923,2072,1982,1100,-384
3.5927,2072,1982,1100,-384
3.5930,2072,1982,1100,-384
3.5934,2072,1983,1100,-392
3.5937,2072,1983,1100,-392
3.5941,2072,1983,1100,-392
3.5945,2072,1984,1100,-392
3.5948,2072,1984,1100,-392
3.5952,2072,1984,1100,-392
3.5955,2072,1986,1100,-392
3.5959,2072,1986,1100,-392
3.5963,2072,1987,1100,-388
3.5967,2072,1987,1100,-388
3.5971,2072,1987,1100,-388
3.5975,2072,1988,1100,-388
3.5979,2072,1988,1100,-388
3.5983,2072,1990,1250,-388
3.5987,2072,1990,1250,-388
3.5991,2072,1990,1250,-388
3.5995,2072,1991,1250,-388
3.5999,2072,1991,1250,-388
3.6002,2087,1992,1250,-388
3.6011,2087,1992,1250,-388
3.6014,2087,1993,1250,-396
3.6018,2087,1993,1250,-396
3.6022,2087,1994,1250,-396
3.6027,2087,1994,1250,-396
3.6031,2087,1994,1250,-396
3.6034,2087,1995,1250,-404
3.6038,2087,1995,1250,-404
3.6042,2087,1997,1250,-396
3.6047,2087,1997,1250,-396
3.6051,2087,1997,1250,-396
3.6054,2087,1998,1250,-396
3.6058,2087,1998,1250,-396
3.6062,2087,1999,1250,-404
3.6067,2087,1999,1250,-404
3.6071,2087,1999,1250,-404
3.6074,2087,2001,1250,-396
3.6078,2087,2001,1250,-396
3.6082,2087,2002,1250,-404
3.6087,2087,2002,1250,-404
3.6090,2087,2002,1250,-404
3.6094,2087,2003,1250,-404
3.6097,2087,2003,1250,-404
3.6101,2101,2005,1250,-404
3.6109,2101,2005,1250,-404
3.6112,2101,2006,1250,-404
3.6117,2101,2006,1250,-404
3.6121,2101,2006,1250,-404
3.6124,2101,2008,1250,-396
3.6128,2101,2008,1250,-396
3.6132,2101,2009,1250,-404
3.6135,2101,2009,1250,-404
3.6139,2101,2009,1250,-404
3.6143,2101,2010,1250,-404
3.6147,2101,2010,1250,-404
3.6151,2101,2010,1250,-404
3.6155,2101,2011,1250,-412
3.6159,2101,2011,1250,-412
3.6162,2101,2013,1250,-400
3.6167,2101,2013,1250,-400
3.6170,2101,2013,1250,-400
3.6174,2101,2014,1250,-408
3.6178,2101,2014,1250,-408
3.6182,2101,2015,1250,-408
3.6185,2101,2015,1250,-408
3.6189,2101,2015,1250,-408
3.6193,2101,2017,1250,-408
3.6196,2101,2017,1250,-408
3.6200,2101,2017,1250,-408
3.6203,2115,2018,1250,-408
3.6210,2115,2018,1250,-408
3.6214,2115,2019,1250,-408
3.6218,2115,2019,1250,-408
3.6221,2115,2021,1250,-408
3.6225,2115,2021,1250,-408
3.6229,2115,2021,1250,-408
3.6234,2115,2022,1250,-408
3.6237,2115,2022,1250,-408
3.6241,2115,2023,1250,-416
3.6245,2115,2023,1250,-416
3.6249,2115,2023,1250,-416
3.6252,2115,2025,1250,-408
3.6257,2115,2025,1250,-408
3.6261,2115,2025,1250,-408
3.6265,2115,2026,1250,-416
3.6269,2115,2026,1250,-416
3.6272,2115,2027,1250,-416
3.6277,2115,2027,1250,-416
3.6280,2115,2027,1250,-416
3.6284,2115,2029,1250,-408
3.6288,2115,2029,1250,-408
3.6292,2115,2030,1250,-416
3.6297,2115,2030,1250,-416
3.6300,2128,2032,1250,-408
3.6308,2128,2032,1250,-408
3.6312,2128,2033,1250,-408
3.6315,2128,2033,1250,-408
3.6319,2128,2033,1250,-408
3.6323,2128,2034,1250,-416
3.6327,2128,2034,1250,-416
3.6331,2128,2036,1250,-408
3.6334,2128,2036,1250,-408
3.6338,2128,2036,1250,-408
3.6342,2128,2037,1250,-408
3.6346,2128,2037,1250,-408
3.6349,2128,2037,1250,-408
3.6353,2128,2039,1250,-408
3.6357,2128,2039,1250,-408
3.6361,2128,2040,1250,-404
3.6365,2128,2040,1250,-404
3.6369,2128,2040,1250,-404
3.6373,2128,2042,1250,-404
3.6377,2128,2042,1250,-404
3.6381,2128,2043,1400,-404
3.6385,2128,2043,1400,-404
3.6388,2128,2043,1400,-404
3.6392,2128,2044,1400,-404
3.6397,2128,2044,1400,-404
3.6401,2141,2046,1400,-404
3.6408,2141,2046,1400,-404
3.6412,2141,2047,1400,-404
3.6415,2141,2047,1400,-404
3.6419,2141,2047,1400,-404
3.6423,2141,2049,1400,-404
3.6427,2141,2049,1400,-404
3.6431,2141,2050,1400,-404
3.6435,2141,2050,1400,-404
3.6438,2141,2050,1400,-404
3.6442,2141,2052,1400,-396
3.6446,2141,2052,1400,-396
3.6450,2141,2053,1400,-404
3.6454,2141,2053,1400,-404
3.6458,2141,2053,1400,-404
3.6462,2141,2054,1400,-404
3.6466,2141,2054,1400,-404
3.6470,2141,2054,1400,-404
3.6473,2141,2056,1400,-404
3.6477,2141,2056,1400,-404
3.6481,2141,2057,1400,-404
3.6485,2141,2057,1400,-404
3.6489,2141,2057,1400,-404
3.6493,2141,2059,1400,-396
3.6496,2141,2059,1400,-396
3.6500,2153,2061,1400,-396
3.6508,2153,2061,1400,-396
3.6511,2153,2062,1400,-396
3.6515,2153,2062,1400,-396
3.6519,2153,2062,1400,-396
3.6523,2153,2063,1400,-396
3.6527,2153,2063,1400,-396
3.6531,2153,2064,1400,-404
3.6535,2153,2064,1400,-404
3.6538,2153,2064,1400,-404
3.6542,2153,2066,1400,-396
3.6547,2153,2066,1400,-396
3.6550,2153,2067,1400,-404
3.6555,2153,2067,1400,-404
3.6559,2153,2067,1400,-404
3.6563,2153,2069,1400,-388
3.6567,2153,2069,1400,-388
3.6570,2153,2070,1400,-388
3.6574,2153,2070,1400,-388
3.6578,2153,2070,1400,-388
3.6582,2153,2071,1400,-396
3.6585,2153,2071,1400,-396
3.6589,2153,2073,1400,-388
3.6593,2153,2073,1400,-388
3.6597,2153,2073,1400,-388
3.6601,2164,2074,1400,-388
3.6608,2164,2074,1400,-388
3.6612,2164,2076,1400,-380
3.6616,2164,2076,1400,-380
3.6620,2164,2077,1400,-388
3.6624,2164,2077,1400,-388
3.6628,2164,2077,1400,-388
3.6631,2164,2079,1400,-380
3.6635,2164,2079,1400,-380
3.6638,2164,2079,1400,-380
3.6642,2164,2080,1400,-380
3.6645,2164,2080,1400,-380
3.6649,2164,2081,1400,-388
3.6653,2164,2081,1400,-388
3.6657,2164,2081,1400,-388
3.6661,2164,2083,1400,-380
3.6664,2164,2083,1400,-380
3.6668,2164,2083,1400,-380
3.6672,2164,2085,1400,-372
3.6677,2164,2085,1400,-372
3.6681,2164,2086,1400,-380
3.6684,2164,2086,1400,-380
3.6688,2164,2086,1400,-380
3.6692,2164,2087,1400,-380
3.6696,2164,2087,1400,-380
3.6700,2174,2089,1400,-372
3.6708,2174,2089,1400,-372
3.6712,2174,2090,1400,-372
3.6715,2174,2090,1400,-372
3.6719,2174,2091,1400,-380
3.6723,2174,2091,1400,-380
3.6727,2174,2091,1400,-380
3.6730,2174,2093,1400,-372
3.6734,2174,2093,1400,-372
3.6738,2174,2093,1400,-372
3.6742,2174,2094,1400,-372
3.6747,2174,2094,1400,-372
3.6750,2174,2095,1400,-380
3.6754,2174,2095,1400,-380
3.6758,2174,2095,1400,-380
3.6761,2174,2097,1400,-368
3.6765,2174,2097,1400,-368
3.6769,2174,2098,1400,-368
3.6773,2174,2098,1400,-368
3.6777,2174,2098,1400,-368
3.6781,2174,2100,1450,-360
3.6784,2174,2100,1450,-360
3.6788,2174,2100,1450,-360
3.6792,2174,2101,1450,-368
3.6795,2174,2101,1450,-368
3.6799,2174,2102,1450,-368
3.6803,2184,2102,1450,-368
3.6810,2184,2104,1450,-360
3.6814,2184,2104,1450,-360
3.6817,2184,2104,1450,-360
3.6821,2184,2105,1450,-360
3.6825,2184,2105,1450,-360
3.6829,2184,2106,1450,-360
3.6833,2184,2106,1450,-360
3.6837,2184,2106,1450,-360
3.6840,2184,2108,1450,-352
3.6844,2184,2108,1450,-352
3.6847,2184,2108,1450,-352
3.6851,2184,2109,1450,-360
3.6854,2184,2109,1450,-360
3.6858,2184,2109,1450,-360
3.6861,2184,2110,1450,-360
3.6865,2184,2110,1450,-360
3.6868,2184,2112,1450,-352
3.6872,2184,2112,1450,-352
3.6877,2184,2112,1450,-352
3.6881,2184,2113,1450,-352
3.6884,2184,2113,1450,-352
3.6888,2184,2114,1450,-360
3.6892,2184,2114,1450,-360
3.6895,2184,2114,1450,-360
3.6899,2184,2116,1450,-352
3.6903,2192,2116,1450,-352
3.6910,2192,2117,1450,-352
3.6914,2192,2117,1450,-352
3.6917,2192,2117,1450,-352
3.6921,2192,2118,1450,-352
3.6924,2192,2118,1450,-352
3.6928,2192,2119,1450,-352
3.6932,2192,2119,1450,-352
3.6935,2192,2119,1450,-352
3.6939,2192,2121,1450,-344
3.6943,2192,2121,1450,-344
3.6946,2192,2121,1450,-344
3.6950,2192,2122,1450,-352
3.6953,2192,2122,1450,-352
3.6957,2192,2122,1450,-352
3.6961,2192,2124,1450,-340
3.6965,2192,2124,1450,-340
3.6969,2192,2125,1450,-340
3.6972,2192,2125,1450,-340
3.6977,2192,2125,1450,-340
3.6981,2192,2126,1300,-340
3.6984,2192,2126,1300,-340
3.6988,2192,2128,1300,-332
3.6993,2192,2128,1300,-332
3.6996,2192,2128,1300,-332
3.7000,2198,2129,1300,-332
3.7008,2198,2130,1300,-332
3.7011,2198,2130,1300,-332
3.7015,2198,2130,1300,-332
3.7019,2198,2132,1300,-324
3.7023,2198,2132,1300,-324
3.7026,2198,2132,1300,-324
3.7030,2198,2133,1300,-332
3.7033,2198,2133,1300,-332
3.7037,2198,2133,1300,-332
3.7040,2198,2134,1300,-332
3.7044,2198,2134,1300,-332
3.7047,2198,2136,1300,-324
3.7051,2198,2136,1300,-324
3.7054,2198,2136,1300,-324
3.7058,2198,2137,1300,-324
3.7062,2198,2137,1300,-324
3.7065,2198,2137,1300,-324
3.7069,2198,2138,1300,-324
3.7072,2198,2138,1300,-324
3.7076,2198,2138,1300,-324
3.7080,2198,2139,1300,-324
3.7083,2198,2139,1300,-324
3.7087,2198,2141,1300,-316
3.7091,2198,2141,1300,-316
3.7095,2198,2141,1300,-316
3.7098,2198,2142,1300,-316
3.7102,2204,2142,1300,-316
3.7109,2204,2143,1300,-316
3.7113,2204,2143,1300,-316
3.7117,2204,2145,1300,-308
3.7121,2204,2145,1300,-308
3.7125,2204,2145,1300,-308
3.7128,2204,2146,1300,-308
3.7132,2204,2146,1300,-308
3.7136,2204,2146,1300,-308
3.7140,2204,2147,1300,-308
3.7144,2204,2147,1300,-308
3.7147,2204,2149,1300,-300
3.7151,2204,2149,1300,-300
3.7155,2204,2149,1300,-300
3.7159,2204,2150,1300,-292
3.7163,2204,2150,1300,-292
3.7167,2204,2151,1300,-284
3.7171,2204,2151,1300,-284
3.7174,2204,2151,1300,-284
3.7178,2204,2152,1300,-284
3.7181,2204,2152,1300,-284
3.7185,2204,2152,1300,-284
3.7188,2204,2154,1300,-276
3.7192,2204,2154,1300,-276
3.7195,2204,2154,1300,-276
3.7199,2204,2155,1300,-276
3.7202,2209,2156,1300,-276
3.7210,2209,2156,1300,-276
3.7214,2209,2156,1300,-276
3.7218,2209,2157,1300,-276
3.7221,2209,2157,1300,-276
3.7225,2209,2157,1300,-276
3.7228,2209,2158,1300,-268
3.7232,2209,2158,1300,-268
3.7235,2209,2158,1300,-268
3.7239,2209,2160,1300,-260
3.7243,2209,2160,1300,-260
3.7247,2209,2161,1300,-260
3.7250,2209,2161,1300,-260
3.7254,2209,2161,1300,-260
3.7258,2209,2162,1300,-260
3.7262,2209,2162,1300,-260
3.7265,2209,2162,1300,-260
3.7269,2209,2163,1300,-260
3.7273,2209,2163,1300,-260
3.7277,2209,2164,1300,-252
3.7280,2209,2164,1300,-252
3.7284,2209,2164,1300,-252
3.7288,2209,2165,1300,-252
3.7292,2209,2165,1300,-252
3.7297,2209,2166,1300,-252
3.7300,2212,2166,1300,-252
3.7307,2212,2167,1300,-252
3.7311,2212,2167,1300,-252
3.7315,2212,2167,1300,-252
3.7319,2212,2168,1300,-244
3.7322,2212,2168,1300,-244
3.7326,2212,2170,1300,-236
3.7330,2212,2170,1300,-236
3.7334,2212,2170,1300,-236
3.7337,2212,2171,1300,-236
3.7341,2212,2171,1300,-236
3.7345,2212,2171,1300,-236
3.7348,2212,2172,1300,-236
3.7352,2212,2172,1300,-236
3.7356,2212,2173,1300,-216
3.7359,2212,2173,1300,-216
3.7363,2212,2173,1300,-216
3.7367,2212,2174,1300,-216
3.7371,2212,2174,1300,-216
3.7374,2212,2174,1300,-216
3.7378,2212,2175,1150,-216
3.7382,2212,2175,1150,-216
3.7386,2212,2176,1150,-208
3.7390,2212,2176,1150,-208
3.7394,2212,2176,1150,-208
3.7398,2212,2177,1150,-208
3.7401,2214,2177,1150,-208
3.7409,2214,2178,1150,-200
3.7412,2214,2178,1150,-200
3.7417,2214,2179,1150,-200
3.7420,2214,2179,1150,-200
3.7424,2214,2179,1150,-200
3.7428,2214,2181,1150,-192
3.7431,2214,2181,1150,-192
3.7435,2214,2181,1150,-192
3.7439,2214,2182,1150,-184
3.7442,2214,2182,1150,-184
3.7447,2214,2183,1150,-184
3.7450,2214,2183,1150,-184
3.7454,2214,2183,1150,-184
3.7458,2214,2183,1150,-184
3.7462,2214,2183,1150,-184
3.7467,2214,2184,1150,-184
3.7470,2214,2184,1150,-184
3.7474,2214,2184,1150,-184
3.7477,2214,2185,1150,-176
3.7481,2214,2185,1150,-176
3.7485,2214,2185,1150,-176
3.7488,2214,2186,1150,-176
3.7492,2214,2186,1150,-176
3.7497,2214,2187,1150,-168
3.7500,2215,2187,1150,-168
3.7508,2215,2188,1150,-160
3.7511,2215,2188,1150,-160
3.7515,2215,2189,1150,-160
3.7519,2215,2189,1150,-160
3.7523,2215,2189,1150,-160
3.7527,2215,2190,1150,-152
3.7530,2215,2190,1150,-152
3.7534,2215,2190,1150,-152
3.7537,2215,2190,1150,-160
3.7541,2215,2190,1150,-160
3.7545,2215,2191,1150,-152
3.7549,2215,2191,1150,-152
3.7553,2215,2191,1150,-152
3.7556,2215,2192,1150,-140
3.7560,2215,2192,1150,-140
3.7564,2215,2192,1150,-140
3.7568,2215,2193,1150,-132
3.7572,2215,2193,1150,-132
3.7577,2215,2194,950,-132
3.7581,2215,2194,950,-132
3.7584,2215,2195,950,-124
3.7588,2215,2195,950,-124
3.7592,2215,2195,950,-124
3.7596,2215,2196,950,-116
3.7600,2215,2196,950,-116
3.7604,2214,2197,950,-108
3.7610,2214,2197,950,-108
3.7614,2214,2197,950,-108
3.7618,2214,2197,950,-108
3.7622,2214,2197,950,-108
3.7626,2214,2198,950,-108
3.7629,2214,2198,950,-108
3.7633,2214,2198,950,-108
3.7637,2214,2199,950,-100
3.7641,2214,2199,950,-100
3.7645,2214,2200,950,-92
3.7649,2214,2200,950,-92
3.7653,2214,2200,950,-92
3.7657,2214,2200,950,-92
3.7660,2214,2200,950,-92
3.7664,2214,2201,950,-84
3.7668,2214,2201,950,-84
3.7672,2214,2201,950,-84
3.7677,2214,2202,950,-76
3.7680,2214,2202,950,-76
3.7684,2214,2203,950,-68
3.7688,2214,2203,950,-68
3.7692,2214,2203,950,-68
3.7697,2214,2204,950,-52
3.7700,2212,2204,950,-52
3.7707,2212,2204,950,-52
3.7711,2212,2204,950,-52
3.7715,2212,2204,950,-52
3.7718,2212,2204,950,-52
3.7722,2212,2204,950,-52
3.7727,2212,2205,950,-44
3.7730,2212,2205,950,-44
3.7734,2212,2206,950,-36
3.7738,2212,2206,950,-36
3.7742,2212,2206,950,-36
3.7745,2212,2206,950,-28
3.7749,2212,2206,950,-28
3.7753,2212,2206,950,-28
3.7756,2212,2207,950,36
3.7760,2212,2207,950,36
3.7764,2212,2207,950,36
3.7767,2212,2207,950,36
3.7771,2212,2207,950,36
3.7775,2212,2208,700,44
3.7779,2212,2208,700,44
3.7783,2212,2208,700,44
3.7787,2212,2209,700,60
3.7791,2212,2209,700,60
3.7794,2212,2209,700,60
3.7798,2212,2209,700,60
3.7802,2209,2209,700,60
3.7809,2209,2209,700,60
3.7813,2209,2209,700,60
3.7816,2209,2210,700,68
3.7820,2209,2210,700,68
3.7824,2209,2210,700,76
3.7827,2209,2210,700,76
3.7831,2209,2210,700,76
3.7834,2209,2210,700,76
3.7838,2209,2210,700,76
3.7841,2209,2210,700,76
3.7845,2209,2211,700,76
3.7848,2209,2211,700,76
3.7852,2209,2211,700,76
3.7855,2209,2211,700,76
3.7859,2209,2211,700,76
3.7862,2209,2211,700,76
3.7866,2209,2211,700,76
3.7870,2209,2211,700,76
3.7873,2209,2211,700,76
3.7877,2209,2211,700,76
3.7880,2209,2211,700,76
3.7884,2209,2212,700,84
3.7888,2209,2212,700,84
3.7892,2209,2212,700,84
3.7896,2209,2212,700,92
3.7900,2209,2212,700,92
3.7903,2204,2212,700,92
3.7911,2204,2212,700,92
3.7915,2204,2212,700,92
3.7918,2204,2212,700,92
3.7922,2204,2212,700,92
3.7926,2204,2212,700,92
3.7930,2204,2212,700,92
3.7934,2204,2212,700,100
3.7937,2204,2212,700,100
3.7941,2204,2212,700,100
3.7945,2204,2213,700,108
3.7948,2204,2213,700,108
3.7952,2204,2213,700,108
3.7955,2204,2213,700,84
3.7959,2204,2213,700,84
3.7963,2204,2213,700,92
3.7966,2204,2213,700,92
3.7970,2204,2213,700,92
3.7973,2204,2213,250,92
3.7977,2204,2213,250,92
3.7980,2204,2213,250,92
3.7984,2204,2213,250,92
3.7987,2204,2213,250,92
3.7991,2204,2213,250,92
3.7994,2204,2213,250,100
3.7998,2204,2213,250,100
3.8002,2198,2213,250,100
3.8009,2198,2213,250,100
3.8013,2198,2213,250,108
3.8017,2198,2213,250,108
3.8021,2198,2213,250,108
3.8024,2198,2213,250,108
3.8028,2198,2213,250,108
3.8032,2198,2213,250,116
3.8036,2198,2213,250,116
3.8040,2198,2213,250,116
3.8043,2198,2213,250,116
3.8047,2198,2213,250,116
3.8051,2198,2213,250,116
3.8054,2198,2213,250,124
3.8058,2198,2213,250,124
3.8062,2198,2213,250,124
3.8065,2198,2213,250,124
3.8069,2198,2213,250,124
3.8073,2198,2213,250,132
3.8077,2198,2213,250,132
3.8080,2198,2213,250,132
3.8084,2198,2213,250,132
3.8088,2198,2213,250,132
3.8091,2198,2213,250,132
3.8095,2198,2213,250,140
3.8099,2198,2213,250,140
3.8103,2191,2213,250,140
3.8111,2191,2213,250,140
3.8114,2191,2213,250,148
3.8118,2191,2213,250,148
3.8122,2191,2213,250,148
3.8127,2191,2213,250,148
3.8130,2191,2213,250,148
3.8134,2191,2213,250,156
3.8138,2191,2213,250,156
3.8142,2191,2213,250,156
3.8145,2191,2213,250,156
3.8149,2191,2213,250,156
3.8153,2191,2213,250,168
3.8156,2191,2213,250,168
3.8160,2191,2213,250,168
3.8164,2191,2213,250,168
3.8167,2191,2213,250,168
3.8171,2191,2213,250,168
3.8175,2191,2213,0,176
3.8179,2191,2213,0,176
3.8182,2191,2212,0,176
3.8187,2191,2212,0,176
3.8190,2191,2212,0,176
3.8194,2191,2212,0,176
3.8198,2191,2212,0,176
3.8202,2183,2212,0,184
3.8209,2183,2212,0,184
3.8212,2183,2212,0,184
3.8217,2183,2212,0,184
3.8220,2183,2212,0,184
3.8224,2183,2211,0,184
3.8228,2183,2211,0,184
3.8232,2183,2211,0,192
3.8237,2183,2211,0,192
3.8240,2183,2211,0,192
3.8244,2183,2210,0,184
3.8248,2183,2210,0,184
3.8251,2183,2210,0,192
3.8255,2183,2210,0,192
3.8259,2183,2210,0,192
3.8263,2183,2210,0,200
3.8266,2183,2210,0,200
3.8270,2183,2210,0,200
3.8274,2183,2209,0,192
3.8278,2183,2209,0,192
3.8282,2183,2209,0,200
3.8286,2183,2209,0,200
3.8290,2183,2209,0,200
3.8293,2183,2208,0,200
3.8297,2183,2208,0,200
3.8301,2174,2208,0,200
3.8308,2174,2208,0,200
3.8312,2174,2207,0,200
3.8315,2174,2207,0,200
3.8319,2174,2207,0,200
3.8323,2174,2207,0,208
3.8327,2174,2207,0,208
3.8331,2174,2206,0,200
3.8335,2174,2206,0,200
3.8339,2174,2206,0,200
3.8343,2174,2206,0,208
3.8346,2174,2206,0,208
3.8350,2174,2206,0,208
3.8354,2174,2205,0,188
3.8358,2174,2205,0,188
3.8362,2174,2205,0,188
3.8365,2174,2205,0,188
3.8369,2174,2205,0,188
3.8373,2174,2205,-400,196
3.8377,2174,2205,-400,196
3.8380,2174,2205,-400,196
3.8384,2174,2204,-400,196
3.8388,2174,2204,-400,196
3.8391,2174,2203,-400,196
3.8395,2174,2203,-400,196
3.8399,2174,2203,-400,196
3.8403,2164,2203,-400,196
3.8410,2164,2202,-400,196
3.8414,2164,2202,-400,196
3.8418,2164,2202,-400,196
3.8422,2164,2202,-400,204
3.8427,2164,2202,-400,204
3.8433,2164,2201,-400,204
3.8437,2164,2201,-400,204
3.8440,2164,2200,-400,204
3.8444,2164,2200,-400,204
3.8448,2164,2200,-400,204
3.8451,2164,2200,-400,204
3.8455,2164,2200,-400,204
3.8459,2164,2200,-400,204
3.8463,2164,2200,-400,212
3.8467,2164,2200,-400,212
3.8471,2164,2199,-400,212
3.8475,2164,2199,-400,212
3.8478,2164,2199,-400,212
3.8482,2164,2198,-400,212
3.8486,2164,2198,-400,212
3.8490,2164,2198,-400,220
3.8494,2164,2198,-400,220
3.8498,2164,2198,-400,220
3.8502,2153,2197,-400,212
3.8512,2153,2197,-400,220
3.8517,2153,2197,-400,220
3.8521,2153,2196,-400,220
3.8528,2153,2196,-400,220
3.8540,2153,2195,-400,228
3.8545,2153,2195,-400,228
3.8549,2153,2195,-400,228
3.8553,2153,2194,-400,228
3.8556,2153,2194,-400,228
3.8560,2153,2193,-400,228
3.8564,2153,2193,-400,228
3.8568,2153,2193,-400,228
3.8572,2153,2193,-600,228
3.8576,2153,2193,-600,228
3.8580,2153,2192,-600,228
3.8583,2153,2192,-600,228
3.8587,2153,2192,-600,228
3.8591,2153,2191,-600,228
3.8595,2153,2191,-600,228
3.8599,2153,2191,-600,228
3.8603,2140,2191,-600,236
3.8610,2140,2190,-600,236
3.8614,2140,2190,-600,236
3.8618,2140,2190,-600,236
3.8621,2140,2190,-600,244
3.8625,2140,2190,-600,244
3.8629,2140,2189,-600,244
3.8633,2140,2189,-600,244
3.8637,2140,2189,-600,244
3.8641,2140,2188,-600,244
3.8644,2140,2188,-600,244
3.8648,2140,2188,-600,244
3.8652,2140,2187,-600,244
3.8656,2140,2187,-600,244
3.8660,2140,2187,-600,252
3.8664,2140,2187,-600,252
3.8667,2140,2187,-600,252
3.8671,2140,2186,-600,252
3.8675,2140,2186,-600,252
3.8679,2140,2186,-600,252
3.8682,2140,2185,-600,252
3.8687,2140,2185,-600,252
3.8690,2140,2184,-600,252
3.8694,2140,2184,-600,252
3.8698,2140,2184,-600,252
3.8702,2128,2184,-600,260
3.8709,2128,2183,-600,260
3.8712,2128,2183,-600,260
3.8716,2128,2183,-600,260
3.8720,2128,2182,-600,260
3.8724,2128,2182,-600,260
3.8728,2128,2182,-600,260
3.8732,2128,2182,-600,268
3.8736,2128,2182,-600,268
3.8740,2128,2181,-600,268
3.8744,2128,2181,-600,268
3.8747,2128,2181,-600,268
3.8751,2128,2180,-600,268
3.8755,2128,2180,-600,268
3.8759,2128,2179,-600,268
3.8763,2128,2179,-600,268
3.8767,2128,2179,-600,268
3.8771,2128,2179,-700,276
3.8775,2128,2179,-700,276
3.8778,2128,2179,-700,276
3.8782,2128,2178,-700,276
3.8787,2128,2178,-700,276
3.8791,2128,2177,-700,276
3.8794,2128,2177,-700,276
3.8798,2128,2177,-700,276
3.8802,2114,2176,-700,276
3.8811,2114,2176,-700,284
3.8814,2114,2176,-700,284
3.8818,2114,2175,-700,284
3.8822,2114,2175,-700,284
3.8826,2114,2175,-700,284
3.8830,2114,2174,-700,284
3.8834,2114,2174,-700,284
3.8838,2114,2174,-700,284
3.8842,2114,2173,-700,284
3.8847,2114,2173,-700,284
3.8850,2114,2172,-700,284
3.8854,2114,2172,-700,284
3.8858,2114,2172,-700,284
3.8862,2114,2172,-700,292
3.8866,2114,2172,-700,292
3.8869,2114,2171,-700,300
3.8873,2114,2171,-700,300
3.8877,2114,2171,-700,300
3.8881,2114,2170,-700,300
3.8884,2114,2170,-700,300
3.8888,2114,2169,-700,300
3.8892,2114,2169,-700,300
3.8897,2114,2169,-700,300
3.8900,2101,2168,-700,300
3.8908,2101,2167,-700,300
3.8912,2101,2167,-700,300
3.8916,2101,2167,-700,300
3.8920,2101,2166,-700,300
3.8923,2101,2166,-700,300
3.8927,2101,2166,-700,300
3.8931,2101,2165,-700,300
3.8935,2101,2165,-700,300
3.8938,2101,2164,-700,300
3.8942,2101,2164,-700,300
3.8947,2101,2164,-700,300
3.8950,2101,2164,-700,320
3.8954,2101,2164,-700,320
3.8957,2101,2163,-700,320
3.8961,2101,2163,-700,320
3.8965,2101,2163,-700,320
3.8969,2101,2162,-850,320
3.8973,2101,2162,-850,320
3.8977,2101,2162,-850,320
3.8981,2101,2161,-850,320
3.8985,2101,2161,-850,320
3.8988,2101,2160,-850,320
3.8993,2101,2160,-850,320
3.8996,2101,2160,-850,320
3.9000,2086,2159,-850,320
3.9008,2086,2158,-850,328
3.9012,2086,2158,-850,328
3.9016,2086,2158,-850,328
3.9020,2086,2157,-850,328
3.9023,2086,2157,-850,328
3.9027,2086,2156,-850,328
3.9031,2086,2156,-850,328
3.9035,2086,2156,-850,328
3.9039,2086,2155,-850,328
3.9043,2086,2155,-850,328
3.9047,2086,2155,-850,328
3.9051,2086,2155,-850,336
3.9055,2086,2155,-850,336
3.9059,2086,2153,-850,336
3.9062,2086,2153,-850,336
3.9067,2086,2153,-850,336
3.9071,2086,2152,-850,336
3.9074,2086,2152,-850,336
3.9078,2086,2151,-850,336
3.9082,2086,2151,-850,336
3.9087,2086,2151,-850,336
3.9090,2086,2150,-850,336
3.9094,2086,2150,-850,336
3.9098,2086,2149,-850,344
3.9101,2072,2149,-850,344
3.9109,2072,2148,-850,344
3.9113,2072,2148,-850,344
3.9117,2072,2147,-850,344
3.9121,2072,2147,-850,344
3.9125,2072,2147,-850,344
3.9128,2072,2146,-850,344
3.9132,2072,2146,-850,344
3.9137,2072,2146,-850,344
3.9140,2072,2145,-850,344
3.9144,2072,2145,-850,344
3.9148,2072,2144,-850,332
3.9152,2072,2144,-850,332
3.9155,2072,2144,-850,332
3.9159,2072,2143,-850,340
3.9163,2072,2143,-850,340
3.9167,2072,2142,-1000,340
3.9171,2072,2142,-1000,340
3.9175,2072,2142,-1000,340
3.9179,2072,2141,-1000,340
3.9183,2072,2141,-1000,340
3.9187,2072,2140,-1000,348
3.9190,2072,2140,-1000,348
3.9194,2072,2140,-1000,348
3.9198,2072,2138,-1000,340
3.9202,2057,2138,-1000,340
3.9209,2057,2137,-1000,340
3.9213,2057,2137,-1000,340
3.9217,2057,2136,-1000,340
3.9221,2057,2136,-1000,340
3.9225,2057,2136,-1000,340
3.9228,2057,2135,-1000,340
3.9232,2057,2135,-1000,340
3.9237,2057,2134,-1000,348
3.9240,2057,2134,-1000,348
3.9244,2057,2134,-1000,348
3.9248,2057,2133,-1000,348
3.9252,2057,2133,-1000,348
3.9257,2057,2132,-1000,348
3.9260,2057,2132,-1000,348
3.9264,2057,2132,-1000,348
3.9268,2057,2131,-1000,356
3.9272,2057,2131,-1000,356
3.9277,2057,2129,-1000,348
3.9281,2057,2129,-1000,348
3.9284,2057,2129,-1000,348
3.9288,2057,2128,-1000,348
3.9292,2057,2128,-1000,348
3.9297,2057,2127,-1000,356
3.9301,2042,2127,-1000,356
3.9308,2042,2126,-1000,356
3.9312,2042,2126,-1000,356
3.9316,2042,2125,-1000,356
3.9320,2042,2125,-1000,356
3.9324,2042,2125,-1000,356
3.9328,2042,2124,-1000,356
3.9331,2042,2124,-1000,356
3.9335,2042,2124,-1000,356
3.9339,2042,2123,-1000,364
3.9343,2042,2123,-1000,364
3.9347,2042,2121,-1000,356
3.9351,2042,2121,-1000,356
3.9355,2042,2121,-1000,356
3.9359,2042,2120,-1000,356
3.9363,2042,2120,-1000,356
3.9367,2042,2119,-1150,364
3.9371,2042,2119,-1150,364
3.9375,2042,2119,-1150,364
3.9378,2042,2118,-1150,364
3.9382,2042,2118,-1150,364
3.9386,2042,2117,-1150,364
3.9389,2042,2117,-1150,364
3.9393,2042,2117,-1150,364
3.9396,2042,2116,-1150,372
3.9400,2027,2116,-1150,372
3.9408,2027,2114,-1150,364
3.9412,2027,2114,-1150,364
3.9416,2027,2113,-1150,364
3.9420,2027,2113,-1150,364
3.9423,2027,2113,-1150,364
3.9427,2027,2112,-1150,364
3.9431,2027,2112,-1150,364
3.9435,2027,2111,-1150,372
3.9439,2027,2111,-1150,372
3.9443,2027,2111,-1150,372
3.9447,2027,2110,-1150,372
3.9450,2027,2110,-1150,372
3.9454,2027,2110,-1150,372
3.9458,2027,2109,-1150,372
3.9462,2027,2109,-1150,372
3.9466,2027,2107,-1150,372
3.9469,2027,2107,-1150,372
3.9473,2027,2107,-1150,372
3.9477,2027,2106,-1150,372
3.9481,2027,2106,-1150,372
3.9484,2027,2106,-1150,372
3.9488,2027,2105,-1150,380
3.9492,2027,2105,-1150,380
3.9496,2027,2104,-1150,380
3.9499,2027,2104,-1150,380
3.9503,2012,2102,-1150,372
3.9510,2012,2102,-1150,372
3.9514,2012,2102,-1150,372
3.9518,2012,2101,-1150,380
3.9522,2012,2101,-1150,380
3.9526,2012,2100,-1150,380
3.9530,2012,2100,-1150,380
3.9533,2012,2100,-1150,380
3.9537,2012,2099,-1150,380
3.9541,2012,2099,-1150,380
3.9545,2012,2098,-1150,392
3.9549,2012,2098,-1150,392
3.9553,2012,2098,-1150,392
3.9557,2012,2096,-1150,384
3.9560,2012,2096,-1150,384
3.9564,2012,2096,-1150,384
3.9568,2012,2095,-1200,384
3.9572,2012,2095,-1200,384
3.9577,2012,2094,-1200,392
3.9581,2012,2094,-1200,392
3.9584,2012,2094,-1200,392
3.9588,2012,2092,-1200,384
3.9592,2012,2092,-1200,384
3.9596,2012,2091,-1200,392
3.9600,2012,2091,-1200,392
3.9604,1997,2090,-1200,392
3.9611,1997,2090,-1200,392
3.9615,1997,2089,-1200,392
3.9619,1997,2089,-1200,392
3.9623,1997,2089,-1200,392
3.9627,1997,2088,-1200,400
3.9631,1997,2088,-1200,400
3.9635,1997,2086,-1200,392
3.9638,1997,2086,-1200,392
3.9642,1997,2086,-1200,392
3.9647,1997,2085,-1200,400
3.9650,1997,2085,-1200,400
3.9654,1997,2085,-1200,400
3.9658,1997,2084,-1200,400
3.9661,1997,2084,-1200,400
3.9665,1997,2082,-1200,400
3.9669,1997,2082,-1200,400
3.9673,1997,2082,-1200,400
3.9677,1997,2081,-1200,400
3.9681,1997,2081,-1200,400
3.9685,1997,2080,-1200,400
3.9688,1997,2080,-1200,400
3.9692,1997,2080,-1200,400
3.9697,1997,2078,-1200,400
3.9701,1983,2077,-1200,400
3.9708,1983,2077,-1200,400
3.9712,1983,2077,-1200,400
3.9717,1983,2076,-1200,400
3.9720,1983,2076,-1200,400
3.9724,1983,2075,-1200,408
3.9728,1983,2075,-1200,408
3.9732,1983,2075,-1200,408
3.9736,1983,2073,-1200,400
3.9739,1983,2073,-1200,400
3.9743,1983,2073,-1200,400
3.9747,1983,2072,-1200,400
3.9751,1983,2072,-1200,400
3.9754,1983,2071,-1200,400
3.9758,1983,2071,-1200,400
3.9762,1983,2071,-1200,400
3.9765,1983,2069,-1300,400
3.9769,1983,2069,-1300,400
3.9773,1983,2069,-1300,400
3.9777,1983,2068,-1300,400
3.9781,1983,2068,-1300,400
3.9785,1983,2066,-1300,392
3.9788,1983,2066,-1300,392
3.9792,1983,2066,-1300,392
3.9797,1983,2065,-1300,400
3.9800,1969,2064,-1300,400
3.9808,1969,2064,-1300,400
3.9811,1969,2064,-1300,400
3.9815,1969,2063,-1300,408
3.9819,1969,2063,-1300,408
3.9823,1969,2063,-1300,408
3.9826,1969,2061,-1300,400
3.9830,1969,2061,-1300,400
3.9834,1969,2059,-1300,392
3.9838,1969,2059,-1300,392
3.9842,1969,2059,-1300,392
3.9845,1969,2058,-1300,400
3.9849,1969,2058,-1300,400
3.9853,1969,2058,-1300,400
3.9857,1969,2057,-1300,400
3.9860,1969,2057,-1300,400
3.9864,1969,2055,-1300,400
3.9868,1969,2055,-1300,400
3.9872,1969,2055,-1300,400
3.9877,1969,2054,-1300,400
3.9880,1969,2054,-1300,400
3.9884,1969,2053,-1300,408
3.9888,1969,2053,-1300,408
3.9892,1969,2053,-1300,408
3.9897,1969,2051,-1300,400
3.9900,1956,2050,-1300,400
3.9908,1956,2050,-1300,400
3.9912,1956,2050,-1300,400
3.9916,1956,2049,-1300,408
3.9919,1956,2049,-1300,408
3.9923,1956,2047,-1300,400
3.9927,1956,2047,-1300,400
3.9931,1956,2047,-1300,400
3.9934,1956,2046,-1300,400
3.9938,1956,2046,-1300,400
3.9942,1956,2046,-1300,400
3.9947,1956,2044,-1300,392
3.9950,1956,2044,-1300,392
3.9954,1956,2043,-1300,392
3.9958,1956,2043,-1300,392
3.9962,1956,2043,-1300,392
3.9965,1956,2042,-1350,400
3.9969,1956,2042,-1350,400
3.9974,1956,2040,-1350,392
3.9977,1956,2040,-1350,392
3.9981,1956,2040,-1350,392
3.9985,1956,2038,-1350,392
3.9989,1956,2038,-1350,392
3.9993,1956,2037,-1350,392
3.9997,1956,2037,-1350,392
4.0001,1944,2036,-1350,392
4.0008,1944,2036,-1350,392
4.0012,1944,2036,-1350,392
4.0016,1944,2034,-1350,392
4.0019,1944,2034,-1350,392
4.0024,1944,2033,-1350,392
4.0027,1944,2033,-1350,392
4.0031,1944,2033,-1350,392
4.0035,1944,2032,-1350,400
4.0038,1944,2032,-1350,400
4.0042,1944,2030,-1350,392
4.0046,1944,2030,-1350,392
4.0050,1944,2030,-1350,392
4.0054,1944,2029,-1350,392
4.0058,1944,2029,-1350,392
4.0062,1944,2029,-1350,392
4.0065,1944,2028,-1350,400
4.0069,1944,2028,-1350,400
4.0073,1944,2026,-1350,392
4.0077,1944,2026,-1350,392
4.0081,1944,2026,-1350,392
4.0084,1944,2025,-1350,400
4.0088,1944,2025,-1350,400
4.0092,1944,2025,-1350,400
4.0096,1944,2023,-1350,392
4.0099,1944,2023,-1350,392
4.0102,1932,2022,-1350,392
4.0111,1932,2022,-1350,392
4.0114,1932,2020,-1350,384
4.0118,1932,2020,-1350,384
4.0122,1932,2019,-1350,392
4.0127,1932,2019,-1350,392
4.0131,1932,2019,-1350,392
4.0134,1932,2018,-1350,392
4.0138,1932,2018,-1350,392
4.0142,1932,2016,-1350,392
4.0147,1932,2016,-1350,392
4.0150,1932,2016,-1350,392
4.0154,1932,2015,-1350,392
4.0158,1932,2015,-1350,392
4.0162,1932,2013,-1450,384
4.0167,1932,2013,-1450,384
4.0170,1932,2013,-1450,384
4.0174,1932,2012,-1450,392
4.0178,1932,2012,-1450,392
4.0182,1932,2012,-1450,392
4.0186,1932,2011,-1450,392
4.0190,1932,2011,-1450,392
4.0194,1932,2009,-1450,384
4.0197,1932,2009,-1450,384
4.0201,1921,2008,-1450,384
4.0208,1921,2008,-1450,384
4.0212,1921,2007,-1450,392
4.0217,1921,2007,-1450,392
4.0220,1921,2007,-1450,392
4.0224,1921,2005,-1450,384
4.0228,1921,2005,-1450,384
4.0231,1921,2004,-1450,384
4.0235,1921,2004,-1450,384
4.0239,1921,2004,-1450,384
4.0243,1921,2003,-1450,392
4.0247,1921,2003,-1450,392
4.0251,1921,2003,-1450,392
4.0255,1921,2001,-1450,384
4.0258,1921,2001,-1450,384
4.0262,1921,2000,-1450,384
4.0266,1921,2000,-1450,384
4.0270,1921,2000,-1450,384
4.0274,1921,1999,-1450,392
4.0278,1921,1999,-1450,392
4.0281,1921,1997,-1450,384
4.0285,1921,1997,-1450,384
4.0288,1921,1997,-1450,384
4.0292,1921,1996,-1450,384
4.0296,1921,1996,-1450,384
4.0300,1911,1994,-1450,376
4.0307,1911,1994,-1450,376
4.0311,1911,1994,-1450,376
4.0314,1911,1993,-1450,376
4.0318,1911,1993,-1450,376
4.0322,1911,1992,-1450,384
4.0326,1911,1992,-1450,384
4.0330,1911,1992,-1450,384
4.0334,1911,1990,-1450,376
4.0338,1911,1990,-1450,376
4.0341,1911,1989,-1450,368
4.0345,1911,1989,-1450,368
4.0349,1911,1989,-1450,368
4.0353,1911,1987,-1450,368
4.0356,1911,1987,-1450,368
4.0360,1911,1987,-1450,368
4.0364,1911,1986,-1350,368
4.0368,1911,1986,-1350,368
4.0371,1911,1985,-1350,368
4.0374,1911,1985,-1350,368
4.0378,1911,1985,-1350,368
4.0382,1911,1983,-1350,360
4.0385,1911,1983,-1350,360
4.0389,1911,1983,-1350,360
4.0392,1911,1982,-1350,360
4.0396,1911,1982,-1350,360
4.0400,1902,1981,-1350,360
4.0407,1902,1981,-1350,360
4.0411,1902,1979,-1350,360
4.0415,1902,1979,-1350,360
4.0418,1902,1979,-1350,360
4.0422,1902,1978,-1350,360
4.0427,1902,1978,-1350,360
4.0431,1902,1977,-1350,360
4.0434,1902,1977,-1350,360
4.0438,1902,1977,-1350,360
4.0442,1902,1975,-1350,352
4.0445,1902,1975,-1350,352
4.0449,1902,1975,-1350,352
4.0453,1902,1974,-1350,360
4.0457,1902,1974,-1350,360
4.0460,1902,1973,-1350,360
4.0464,1902,1973,-1350,360
4.0468,1902,1973,-1350,360
4.0471,1902,1971,-1350,352
4.0475,1902,1971,-1350,352
4.0479,1902,1971,-1350,352
4.0483,1902,1970,-1350,352
4.0486,1902,1970,-1350,352
4.0490,1902,1969,-1350,352
4.0494,1902,1969,-1350,352
4.0498,1902,1969,-1350,352
4.0502,1894,1967,-1350,344
4.0509,1894,1967,-1350,344
4.0513,1894,1966,-1350,344
4.0516,1894,1966,-1350,344
4.0520,1894,1965,-1350,344
4.0524,1894,1965,-1350,344
4.0528,1894,1965,-1350,344
4.0532,1894,1963,-1350,344
4.0536,1894,1963,-1350,344
4.0539,1894,1963,-1350,344
4.0543,1894,1962,-1350,340
4.0547,1894,1962,-1350,340
4.0551,1894,1961,-1350,340
4.0555,1894,1961,-1350,340
4.0558,1894,1961,-1350,340
4.0562,1894,1959,-1350,332
4.0567,1894,1959,-1350,332
4.0571,1894,1958,-1350,332
4.0574,1894,1958,-1350,332
4.0578,1894,1958,-1350,332
4.0582,1894,1957,-1350,332
4.0587,1894,1957,-1350,332
4.0590,1894,1955,-1350,324
4.0594,1894,1955,-1350,324
4.0598,1894,1955,-1350,324
4.0601,1888,1954,-1350,324
4.0608,1888,1954,-1350,324
4.0612,1888,1953,-1350,332
4.0617,1888,1953,-1350,332
4.0620,1888,1951,-1350,324
4.0624,1888,1951,-1350,324
4.0627,1888,1951,-1350,324
4.0631,1888,1950,-1350,324
4.0635,1888,1950,-1350,324
4.0639,1888,1949,-1350,324
4.0643,1888,1949,-1350,324
4.0647,1888,1949,-1350,324
4.0651,1888,1948,-1350,324
4.0655,1888,1948,-1350,324
4.0658,1888,1948,-1350,324
4.0662,1888,1946,-1350,316
4.0667,1888,1946,-1350,316
4.0670,1888,1945,-1350,316
4.0674,1888,1945,-1350,316
4.0678,1888,1945,-1350,316
4.0682,1888,1943,-1350,308
4.0685,1888,1943,-1350,308
4.0689,1888,1942,-1350,308
4.0693,1888,1942,-1350,308
4.0697,1888,1942,-1350,308
4.0701,1882,1941,-1350,300
4.0708,1882,1941,-1350,300
4.0711,1882,1940,-1350,300
4.0715,1882,1940,-1350,300
4.0718,1882,1940,-1350,300
4.0722,1882,1939,-1350,300
4.0726,1882,1939,-1350,300
4.0730,1882,1937,-1350,292
4.0734,1882,1937,-1350,292
4.0738,1882,1937,-1350,292
4.0742,1882,1936,-1350,280
4.0745,1882,1936,-1350,280
4.0749,1882,1935,-1350,280
4.0753,1882,1935,-1350,280
4.0757,1882,1935,-1350,280
4.0761,1882,1934,-1250,280
4.0765,1882,1934,-1250,280
4.0769,1882,1934,-1250,280
4.0772,1882,1932,-1250,272
4.0777,1882,1932,-1250,272
4.0780,1882,1931,-1250,272
4.0784,1882,1931,-1250,272
4.0788,1882,1931,-1250,272
4.0792,1882,1930,-1250,272
4.0795,1882,1930,-1250,272
4.0799,1882,1929,-1250,272
4.0803,1878,1929,-1250,272
4.0810,1878,1928,-1250,272
4.0814,1878,1928,-1250,272
4.0818,1878,1928,-1250,272
4.0822,1878,1927,-1250,264
4.0825,1878,1927,-1250,264
4.0829,1878,1925,-1250,256
4.0833,1878,1925,-1250,256
4.0837,1878,1925,-1250,256
4.0840,1878,1924,-1250,256
4.0844,1878,1924,-1250,256
4.0848,1878,1924,-1250,256
4.0852,1878,1923,-1250,256
4.0856,1878,1923,-1250,256
4.0859,1878,1922,-1250,256
4.0863,1878,1922,-1250,256
4.0867,1878,1922,-1250,256
4.0871,1878,1921,-1250,248
4.0875,1878,1921,-1250,248
4.0878,1878,1920,-1250,248
4.0882,1878,1920,-1250,248
4.0887,1878,1920,-1250,248
4.0890,1878,1919,-1250,248
4.0894,1878,1919,-1250,248
4.0897,1878,1919,-1250,248
4.0901,1875,1918,-1250,248
4.0909,1875,1916,-1250,232
4.0912,1875,1916,-1250,232
4.0917,1875,1916,-1250,232
4.0920,1875,1915,-1250,232
4.0924,1875,1915,-1250,232
4.0928,1875,1914,-1250,232
4.0932,1875,1914,-1250,232
4.0936,1875,1914,-1250,232
4.0940,1875,1913,-1250,220
4.0944,1875,1913,-1250,220
4.0948,1875,1912,-1250,220
4.0952,1875,1912,-1250,220
4.0955,1875,1912,-1250,220
4.0959,1875,1911,-1150,220
4.0963,1875,1911,-1150,220
4.0967,1875,1911,-1150,220
4.0971,1875,1910,-1150,212
4.0975,1875,1910,-1150,212
4.0978,1875,1909,-1150,212
4.0982,1875,1909,-1150,212
4.0987,1875,1909,-1150,212
4.0990,1875,1908,-1150,204
4.0994,1875,1908,-1150,204
4.0998,1875,1907,-1150,204
4.1002,1874,1907,-1150,204
4.1009,1874,1906,-1150,204
4.1013,1874,1906,-1150,204
4.1016,1874,1906,-1150,204
4.1020,1874,1905,-1150,196
4.1024,1874,1905,-1150,196
4.1028,1874,1904,-1150,196
4.1032,1874,1904,-1150,196
4.1037,1874,1904,-1150,196
4.1041,1874,1903,-1150,188
4.1044,1874,1903,-1150,188
4.1048,1874,1902,-1150,180
4.1052,1874,1902,-1150,180
4.1055,1874,1902,-1150,180
4.1059,1874,1901,-1150,180
4.1063,1874,1901,-1150,180
4.1067,1874,1901,-1150,180
4.1071,1874,1900,-1150,172
4.1074,1874,1900,-1150,172
4.1078,1874,1899,-1150,172
4.1082,1874,1899,-1150,172
4.1087,1874,1899,-1150,172
4.1090,1874,1898,-1150,164
4.1094,1874,1898,-1150,164
4.1098,1874,1897,-1150,156
4.1102,1873,1897,-1150,156
4.1109,1873,1896,-1150,156
4.1113,1873,1896,-1150,156
4.1116,1873,1896,-1150,156
4.1120,1873,1895,-1150,148
4.1123,1873,1895,-1150,148
4.1127,1873,1895,-1150,148
4.1130,1873,1895,-1150,148
4.1134,1873,1895,-1150,148
4.1137,1873,1894,-1150,140
4.1141,1873,1894,-1150,140
4.1144,1873,1894,-1150,140
4.1148,1873,1893,-1150,132
4.1152,1873,1893,-1150,132
4.1155,1873,1893,-1150,132
4.1159,1873,1892,-950,124
4.1163,1873,1892,-950,124
4.1167,1873,1891,-950,116
4.1171,1873,1891,-950,116
4.1175,1873,1891,-950,116
4.1178,1873,1891,-950,116
4.1182,1873,1891,-950,116
4.1187,1873,1890,-950,108
4.1190,1873,1890,-950,108
4.1194,1873,1890,-950,108
4.1198,1873,1889,-950,100
4.1202,1874,1889,-950,100
4.1209,1874,1888,-950,92
4.1213,1874,1888,-950,92
4.1217,1874,1887,-950,84
4.1221,1874,1887,-950,84
4.1224,1874,1887,-950,84
4.1228,1874,1887,-950,84
4.1233,1874,1887,-950,84
4.1237,1874,1886,-950,76
4.1241,1874,1886,-950,76
4.1245,1874,1886,-950,76
4.1248,1874,1885,-950,68
4.1252,1874,1885,-950,68
4.1255,1874,1885,-950,68
4.1259,1874,1885,-950,68
4.1263,1874,1885,-950,68
4.1267,1874,1884,-950,60
4.1270,1874,1884,-950,60
4.1275,1874,1884,-950,60
4.1278,1874,1883,-950,52
4.1282,1874,1883,-950,52
4.1286,1874,1883,-950,52
4.1290,1874,1883,-950,52
4.1293,1874,1883,-950,52
4.1297,1874,1882,-950,36
4.1301,1877,1882,-950,36
4.1308,1877,1881,-950,28
4.1312,1877,1881,-950,28
4.1317,1877,1881,-950,28
4.1320,1877,1881,-950,28
4.1324,1877,1881,-950,28
4.1328,1877,1880,-950,20
4.1332,1877,1880,-950,20
4.1335,1877,1880,-950,20
4.1339,1877,1880,-950,-36
4.1342,1877,1880,-950,-36
4.1346,1877,1879,-950,-44
4.1350,1877,1879,-950,-44
4.1354,1877,1879,-950,-44
4.1358,1877,1879,-650,-44
4.1362,1877,1879,-650,-44
4.1365,1877,1879,-650,-44
4.1369,1877,1878,-650,-52
4.1373,1877,1878,-650,-52
4.1377,1877,1878,-650,-52
4.1381,1877,1878,-650,-52
4.1384,1877,1878,-650,-52
4.1388,1877,1877,-650,-68
4.1392,1877,1877,-650,-68
4.1397,1877,1877,-650,-68
4.1401,1880,1877,-650,-68
4.1408,1880,1877,-650,-68
4.1412,1880,1877,-650,-68
4.1416,1880,1876,-650,-76
4.1419,1880,1876,-650,-76
4.1423,1880,1876,-650,-76
4.1427,1880,1876,-650,-76
4.1431,1880,1876,-650,-76
4.1434,1880,1876,-650,-76
4.1438,1880,1875,-650,-76
4.1442,1880,1875,-650,-76
4.1446,1880,1875,-650,-84
4.1450,1880,1875,-650,-84
4.1454,1880,1875,-650,-84
4.1457,1880,1875,-650,-84
4.1461,1880,1875,-650,-84
4.1465,1880,1875,-650,-84
4.1469,1880,1875,-650,-84
4.1473,1880,1875,-650,-84
4.1477,1880,1874,-650,-100
4.1481,1880,1874,-650,-100
4.1484,1880,1874,-650,-100
4.1488,1880,1874,-650,-100
4.1491,1880,1874,-650,-100
4.1495,1880,1874,-650,-100
4.1499,1880,1874,-650,-100
4.1503,1885,1874,-650,-108
4.1510,1885,1874,-650,-108
4.1514,1885,1874,-650,-108
4.1518,1885,1874,-650,-108
4.1522,1885,1874,-650,-108
4.1527,1885,1874,-650,-108
4.1530,1885,1874,-650,-108
4.1534,1885,1874,-650,-108
4.1538,1885,1874,-650,-96
4.1542,1885,1874,-650,-96
4.1547,1885,1874,-650,-96
4.1550,1885,1874,-650,-96
4.1554,1885,1874,-650,-96
4.1559,1885,1874,-250,-96
4.1562,1885,1874,-250,-96
4.1566,1885,1874,-250,-104
4.1570,1885,1874,-250,-104
4.1574,1885,1874,-250,-104
4.1578,1885,1874,-250,-104
4.1582,1885,1874,-250,-104
4.1586,1885,1874,-250,-112
4.1589,1885,1874,-250,-112
4.1593,1885,1874,-250,-112
4.1597,1885,1874,-250,-112
4.1600,1891,1874,-250,-112
4.1608,1891,1874,-250,-112
4.1612,1891,1874,-250,-112
4.1615,1891,1874,-250,-120
4.1619,1891,1874,-250,-120
4.1623,1891,1874,-250,-120
4.1627,1891,1874,-250,-120
4.1631,1891,1874,-250,-120
4.1635,1891,1874,-250,-128
4.1639,1891,1874,-250,-128
4.1642,1891,1874,-250,-128
4.1647,1891,1874,-250,-128
4.1651,1891,1874,-250,-128
4.1654,1891,1874,-250,-136
4.1658,1891,1874,-250,-136
4.1662,1891,1874,-250,-136
4.1667,1891,1874,-250,-136
4.1670,1891,1874,-250,-136
4.1674,1891,1874,-250,-144
4.1678,1891,1874,-250,-144
4.1682,1891,1874,-250,-144
4.1686,1891,1874,-250,-144
4.1690,1891,1874,-250,-144
4.1693,1891,1874,-250,-144
4.1697,1891,1874,-250,-152
4.1701,1899,1874,-250,-152
4.1708,1899,1874,-250,-152
4.1712,1899,1874,-250,-152
4.1715,1899,1874,-250,-160
4.1719,1899,1874,-250,-160
4.1723,1899,1874,-250,-160
4.1727,1899,1874,-250,-160
4.1731,1899,1874,-250,-160
4.1735,1899,1874,-250,-164
4.1739,1899,1874,-250,-164
4.1742,1899,1874,-250,-164
4.1747,1899,1875,-250,-156
4.1750,1899,1875,-250,-156
4.1754,1899,1875,50,-164
4.1758,1899,1875,50,-164
4.1762,1899,1875,50,-164
4.1767,1899,1875,50,-164
4.1770,1899,1875,50,-164
4.1774,1899,1876,50,-164
4.1778,1899,1876,50,-164
4.1782,1899,1876,50,-164
4.1785,1899,1876,50,-164
4.1789,1899,1876,50,-164
4.1793,1899,1876,50,-164
4.1797,1899,1876,50,-172
4.1801,1907,1876,50,-180
4.1808,1907,1876,50,-180
4.1812,1907,1876,50,-180
4.1815,1907,1877,50,-172
4.1819,1907,1877,50,-172
4.1823,1907,1877,50,-172
4.1827,1907,1877,50,-180
4.1830,1907,1877,50,-180
4.1834,1907,1878,50,-180
4.1838,1907,1878,50,-180
4.1842,1907,1878,50,-180
4.1847,1907,1878,50,-180
4.1850,1907,1878,50,-180
4.1854,1907,1878,50,-188
4.1858,1907,1878,50,-188
4.1862,1907,1878,50,-188
4.1867,1907,1879,50,-188
4.1870,1907,1879,50,-188
4.1874,1907,1879,50,-188
4.1878,1907,1879,50,-188
4.1882,1907,1879,50,-188
4.1885,1907,1879,50,-196
4.1889,1907,1879,50,-196
4.1893,1907,1879,50,-196
4.1897,1907,1880,50,-196
4.1901,1917,1880,50,-196
4.1908,1917,1880,50,-196
4.1912,1917,1880,50,-196
4.1915,1917,1880,50,-204
4.1919,1917,1880,50,-204
4.1922,1917,1880,50,-204
4.1927,1917,1881,50,-204
4.1930,1917,1881,50,-204
4.1934,1917,1882,50,-176
4.1938,1917,1882,50,-176
4.1942,1917,1882,50,-176
4.1947,1917,1882,50,-184
4.1950,1917,1882,50,-184
4.1954,1917,1883,400,-184
4.1958,1917,1883,400,-184
4.1962,1917,1883,400,-184
4.1967,1917,1883,400,-192
4.1971,1917,1883,400,-192
4.1974,1917,1884,400,-192
4.1978,1917,1884,400,-192
4.1982,1917,1884,400,-192
4.1987,1917,1884,400,-192
4.1990,1917,1884,400,-192
4.1994,1917,1885,400,-192
4.1998,1917,1885,400,-192
4.2002,1927,1885,400,-200
4.2009,1927,1885,400,-200
4.2013,1927,1886,400,-200
4.2017,1927,1886,400,-200
4.2021,1927,1886,400,-200
4.2025,1927,1886,400,-200
4.2029,1927,1886,400,-200
4.2032,1927,1887,400,-200
4.2037,1927,1887,400,-200
4.2040,1927,1887,400,-200
4.2044,1927,1887,400,-208
4.2048,1927,1887,400,-208
4.2052,1927,1887,400,-208
4.2057,1927,1888,400,-208
4.2060,1927,1888,400,-208
4.2064,1927,1888,400,-216
4.2068,1927,1888,400,-216
4.2072,1927,1889,400,-216
4.2077,1927,1889,400,-216
4.2081,1927,1889,400,-216
4.2084,1927,1890,400,-208
4.2088,1927,1890,400,-208
4.2092,1927,1890,400,-216
4.2097,1927,1890,400,-216
4.2100,1939,1891,400,-216
4.2108,1939,1891,400,-216
4.2111,1939,1891,400,-216
4.2115,1939,1891,400,-224
4.2119,1939,1891,400,-224
4.2123,1939,1892,400,-224
4.2127,1939,1892,400,-224
4.2130,1939,1892,400,-224
4.2134,1939,1892,400,-244
4.2138,1939,1892,400,-244
4.2141,1939,1892,400,-244
4.2145,1939,1893,400,-236
4.2149,1939,1893,400,-236
4.2153,1939,1894,550,-236
4.2157,1939,1894,550,-236
4.2160,1939,1894,550,-236
4.2164,1939,1894,550,-244
4.2168,1939,1894,550,-244
4.2172,1939,1895,550,-244
4.2176,1939,1895,550,-244
4.2179,1939,1895,550,-244
4.2183,1939,1896,550,-244
4.2187,1939,1896,550,-244
4.2191,1939,1896,550,-244
4.2195,1939,1897,550,-244
4.2199,1939,1897,550,-244
4.2203,1951,1897,550,-252
4.2210,1951,1897,550,-252
4.2214,1951,1898,550,-252
4.2218,1951,1898,550,-252
4.2222,1951,1898,550,-260
4.2225,1951,1898,550,-260
4.2229,1951,1898,550,-260
4.2233,1951,1899,550,-260
4.2237,1951,1899,550,-260
4.2241,1951,1899,550,-260
4.2244,1951,1900,550,-260
4.2248,1951,1900,550,-260
4.2251,1951,1900,550,-268
4.2256,1951,1900,550,-268
4.2259,1951,1900,550,-268
4.2263,1951,1901,550,-268
4.2267,1951,1901,550,-268
4.2271,1951,1901,550,-268
4.2275,1951,1902,550,-268
4.2279,1951,1902,550,-268
4.2283,1951,1902,550,-276
4.2287,1951,1902,550,-276
4.2291,1951,1902,550,-276
4.2295,1951,1903,550,-276
4.2299,1951,1903,550,-276
4.2303,1964,1904,550,-276
4.2310,1964,1904,550,-276
4.2314,1964,1905,550,-276
4.2318,1964,1905,550,-276
4.2322,1964,1905,550,-284
4.2327,1964,1905,550,-284
4.2330,1964,1905,550,-284
4.2334,1964,1906,550,-276
4.2338,1964,1906,550,-276
4.2342,1964,1907,550,-276
4.2345,1964,1907,550,-276
4.2349,1964,1907,550,-276
4.2353,1964,1908,700,-276
4.2356,1964,1908,700,-276
4.2360,1964,1908,700,-276
4.2364,1964,1908,700,-284
4.2368,1964,1908,700,-284
4.2372,1964,1909,700,-284
4.2377,1964,1909,700,-284
4.2381,1964,1909,700,-284
4.2385,1964,1910,700,-284
4.2388,1964,1910,700,-284
4.2392,1964,1911,700,-284
4.2397,1964,1911,700,-284
4.2401,1977,1912,700,-284
4.2408,1977,1912,700,-284
4.2412,1977,1913,700,-284
4.2416,1977,1913,700,-284
4.2420,1977,1913,700,-284
4.2424,1977,1913,700,-292
4.2428,1977,1913,700,-292
4.2432,1977,1914,700,-300
4.2435,1977,1914,700,-300
4.2439,1977,1914,700,-300
4.2443,1977,1915,700,-300
4.2447,1977,1915,700,-300
4.2451,1977,1916,700,-300
4.2455,1977,1916,700,-300
4.2459,1977,1916,700,-300
4.2463,1977,1917,700,-300
4.2467,1977,1917,700,-300
4.2470,1977,1918,700,-300
4.2474,1977,1918,700,-300
4.2478,1977,1918,700,-300
4.2482,1977,1919,700,-300
4.2487,1977,1919,700,-300
4.2491,1977,1920,700,-308
4.2494,1977,1920,700,-308
4.2498,1977,1920,700,-308
4.2502,1992,1921,700,-308
4.2509,1992,1921,700,-308
4.2513,1992,1921,700,-316
4.2517,1992,1921,700,-316
4.2520,1992,1922,700,-316
4.2524,1992,1922,700,-316
4.2528,1992,1922,700,-316
4.2532,1992,1923,700,-316
4.2535,1992,1923,700,-316
4.2539,1992,1923,700,-316
4.2543,1992,1924,700,-316
4.2547,1992,1924,700,-316
4.2551,1992,1925,850,-316
4.2555,1992,1925,850,-316
4.2558,1992,1925,850,-316
4.2562,1992,1926,850,-324
4.2565,1992,1926,850,-324
4.2569,1992,1926,850,-324
4.2573,1992,1927,850,-324
4.2577,1992,1927,850,-324
4.2581,1992,1927,850,-332
4.2585,1992,1927,850,-332
4.2589,1992,1927,850,-332
4.2593,1992,1928,850,-332
4.2597,1992,1928,850,-332
4.2600,2006,1930,850,-324
4.2608,2006,1930,850,-324
4.2612,2006,1931,850,-332
4.2616,2006,1931,850,-332
4.2619,2006,1931,850,-340
4.2623,2006,1931,850,-340
4.2627,2006,1931,850,-340
4.2631,2006,1933,850,-332
4.2635,2006,1933,850,-332
4.2639,2006,1933,850,-332
4.2643,2006,1934,850,-332
4.2647,2006,1934,850,-332
4.2651,2006,1935,850,-332
4.2655,2006,1935,850,-332
4.2658,2006,1935,850,-332
4.2662,2006,1936,850,-340
4.2666,2006,1936,850,-340
4.2670,2006,1937,850,-340
4.2674,2006,1937,850,-340
4.2678,2006,1937,850,-340
4.2682,2006,1938,850,-340
4.2686,2006,1938,850,-340
4.2690,2006,1939,850,-348
4.2693,2006,1939,850,-348
4.2697,2006,1939,850,-348
4.2701,2021,1940,850,-348
4.2709,2021,1940,850,-348
4.2712,2021,1941,850,-348
4.2717,2021,1941,850,-348
4.2721,2021,1942,850,-348
4.2724,2021,1942,850,-348
4.2728,2021,1942,850,-348
4.2732,2021,1943,850,-344
4.2737,2021,1943,850,-344
4.2740,2021,1944,850,-352
4.2744,2021,1944,850,-352
4.2748,2021,1944,850,-352
4.2752,2021,1945,1000,-352
4.2757,2021,1945,1000,-352
4.2760,2021,1946,1000,-352
4.2764,2021,1946,1000,-352
4.2768,2021,1946,1000,-352
4.2771,2021,1947,1000,-360
4.2775,2021,1947,1000,-360
4.2779,2021,1948,1000,-360
4.2783,2021,1948,1000,-360
4.2787,2021,1948,1000,-360
4.2791,2021,1949,1000,-360
4.2795,2021,1949,1000,-360
4.2799,2021,1950,1000,-368
4.2803,2036,1950,1000,-368
4.2811,2036,1952,1000,-360
4.2814,2036,1952,1000,-360
4.2818,2036,1952,1000,-360
4.2822,2036,1953,1000,-360
4.2826,2036,1953,1000,-360
4.2830,2036,1954,1000,-360
4.2834,2036,1954,1000,-360
4.2838,2036,1954,1000,-360
4.2842,2036,1955,1000,-368
4.2845,2036,1955,1000,-368
4.2849,2036,1957,1000,-360
4.2853,2036,1957,1000,-360
4.2857,2036,1957,1000,-360
4.2861,2036,1958,1000,-360
4.2864,2036,1958,1000,-360
4.2868,2036,1958,1000,-360
4.2872,2036,1959,1000,-368
4.2875,2036,1959,1000,-368
4.2879,2036,1960,1000,-368
4.2883,2036,1960,1000,-368
4.2887,2036,1960,1000,-368
4.2890,2036,1961,1000,-368
4.2894,2036,1961,1000,-368
4.2898,2036,1961,1000,-368
4.2902,2051,1962,1000,-376
4.2908,2051,1963,1000,-376
4.2912,2051,1963,1000,-376
4.2917,2051,1963,1000,-376
4.2920,2051,1964,1000,-376
4.2924,2051,1964,1000,-376
4.2927,2051,1964,1000,-376
4.2931,2051,1966,1000,-376
4.2934,2051,1966,1000,-376
4.2938,2051,1967,1000,-376
4.2942,2051,1967,1000,-376
4.2945,2051,1967,1000,-376
4.2949,2051,1968,1150,-376
4.2953,2051,1968,1150,-376
4.2957,2051,1968,1150,-376
4.2960,2051,1969,1150,-384
4.2964,2051,1969,1150,-384
4.2968,2051,1970,1150,-384
4.2972,2051,1970,1150,-384
4.2975,2051,1970,1150,-384
4.2979,2051,1971,1150,-392
4.2983,2051,1971,1150,-392
4.2986,2051,1971,1150,-392
4.2990,2051,1972,1150,-392
4.2994,2051,1972,1150,-392
4.2998,2051,1974,1150,-384
4.3002,2066,1974,1150,-384
4.3009,2066,1975,1150,-384
4.3013,2066,1975,1150,-384
4.3017,2066,1975,1150,-384
4.3021,2066,1976,1150,-392
4.3024,2066,1976,1150,-392
4.3028,2066,1978,1150,-384
4.3032,2066,1978,1150,-384
4.3036,2066,1978,1150,-384
4.3040,2066,1979,1150,-392
4.3044,2066,1979,1150,-392
4.3048,2066,1980,1150,-392
4.3052,2066,1980,1150,-392
4.3056,2066,1980,1150,-392
4.3059,2066,1981,1150,-392
4.3063,2066,1981,1150,-392
4.3067,2066,1981,1150,-392
4.3071,2066,1983,1150,-392
4.3075,2066,1983,1150,-392
4.3078,2066,1984,1150,-392
4.3082,2066,1984,1150,-392
4.3087,2066,1985,1150,-400
4.3091,2066,1985,1150,-400
4.3095,2066,1985,1150,-400
4.3099,2066,1986,1150,-400
4.3103,2081,1986,1150,-400
4.3110,2081,1988,1150,-392
4.3114,2081,1988,1150,-392
4.3117,2081,1989,1150,-400
4.3121,2081,1989,1150,-400
4.3124,2081,1989,1150,-400
4.3128,2081,1990,1150,-396
4.3131,2081,1990,1150,-396
4.3135,2081,1990,1150,-396
4.3139,2081,1991,1150,-396
4.3143,2081,1991,1150,-396
4.3147,2081,1991,1150,-396
4.3150,2081,1993,1250,-396
4.3154,2081,1993,1250,-396
4.3158,2081,1994,1250,-396
4.3162,2081,1994,1250,-396
4.3166,2081,1994,1250,-396
4.3170,2081,1995,1250,-404
4.3174,2081,1995,1250,-404
4.3178,2081,1997,1250,-396
4.3181,2081,1997,1250,-396
4.3185,2081,1997,1250,-396
4.3189,2081,1998,1250,-396
4.3193,2081,1998,1250,-396
4.3196,2081,1998,1250,-396
4.3200,2095,1999,1250,-404
4.3207,2095,2000,1250,-404
4.3211,2095,2000,1250,-404
4.3215,2095,2000,1250,-404
4.3218,2095,2002,1250,-404
4.3222,2095,2002,1250,-404
4.3227,2095,2003,1250,-404
4.3230,2095,2003,1250,-404
4.3234,2095,2003,1250,-404
4.3238,2095,2005,1250,-396
4.3241,2095,2005,1250,-396
4.3245,2095,2005,1250,-396
4.3248,2095,2006,1250,-404
4.3252,2095,2006,1250,-404
4.3256,2095,2007,1250,-404
4.3260,2095,2007,1250,-404
4.3264,2095,2007,1250,-404
4.3268,2095,2009,1250,-404
4.3272,2095,2009,1250,-404
4.3275,2095,2009,1250,-404
4.3279,2095,2010,1250,-404
4.3283,2095,2010,1250,-404
4.3287,2095,2011,1250,-412
4.3292,2095,2011,1250,-412
4.3295,2095,2011,1250,-412
4.3299,2095,2012,1250,-412
4.3303,2109,2014,1250,-404
4.3310,2109,2014,1250,-404
4.3314,2109,2014,1250,-404
4.3318,2109,2015,1250,-412
4.3322,2109,2015,1250,-412
4.3326,2109,2015,1250,-412
4.3329,2109,2017,1250,-396
4.3333,2109,2017,1250,-396
4.3337,2109,2018,1250,-396
4.3341,2109,2018,1250,-396
4.3345,2109,2018,1250,-396
4.3348,2109,2019,1300,-404
4.3352,2109,2019,1300,-404
4.3357,2109,2021,1300,-396
4.3360,2109,2021,1300,-396
4.3364,2109,2021,1300,-396
4.3368,2109,2022,1300,-404
4.3372,2109,2022,1300,-404
4.3375,2109,2022,1300,-404
4.3379,2109,2023,1300,-404
4.3383,2109,2023,1300,-404
4.3387,2109,2025,1300,-396
4.3390,2109,2025,1300,-396
4.3394,2109,2025,1300,-396
4.3398,2109,2026,1300,-404
4.3402,2123,2026,1300,-404
4.3409,2123,2028,1300,-396
4.3413,2123,2028,1300,-396
4.3417,2123,2029,1300,-396
4.3420,2123,2029,1300,-396
4.3424,2123,2029,1300,-396
4.3428,2123,2030,1300,-404
4.3432,2123,2030,1300,-404
4.3436,2123,2032,1300,-396
4.3440,2123,2032,1300,-396
4.3444,2123,2032,1300,-396
4.3448,2123,2033,1300,-404
4.3452,2123,2033,1300,-404
4.3457,2123,2034,1300,-404
4.3460,2123,2034,1300,-404
4.3464,2123,2034,1300,-404
4.3467,2123,2036,1300,-396
4.3471,2123,2036,1300,-396
4.3475,2123,2036,1300,-396
4.3479,2123,2037,1300,-404
4.3482,2123,2037,1300,-404
4.3487,2123,2039,1300,-396
4.3490,2123,2039,1300,-396
4.3494,2123,2039,1300,-396
4.3498,2123,2040,1300,-404
4.3502,2136,2042,1300,-396
4.3509,2136,2042,1300,-396
4.3513,2136,2042,1300,-396
4.3517,2136,2043,1300,-396
4.3521,2136,2043,1300,-396
4.3525,2136,2043,1300,-396
4.3528,2136,2044,1300,-404
4.3532,2136,2044,1300,-404
4.3536,2136,2046,1300,-396
4.3540,2136,2046,1300,-396
4.3544,2136,2046,1300,-396
4.3548,2136,2047,1400,-396
4.3552,2136,2047,1400,-396
4.3555,2136,2048,1400,-404
4.3559,2136,2048,1400,-404
4.3563,2136,2048,1400,-404
4.3566,2136,2050,1400,-396
4.3570,2136,2050,1400,-396
4.3574,2136,2050,1400,-396
4.3578,2136,2052,1400,-396
4.3581,2136,2052,1400,-396
4.3585,2136,2053,1400,-396
4.3588,2136,2053,1400,-396
4.3592,2136,2053,1400,-396
4.3596,2136,2054,1400,-396
4.3600,2136,2054,1400,-396
4.3604,2148,2056,1400,-396
4.3611,2148,2056,1400,-396
4.3615,2148,2057,1400,-396
4.3618,2148,2057,1400,-396
4.3622,2148,2057,1400,-396
4.3626,2148,2059,1400,-388
4.3629,2148,2059,1400,-388
4.3633,2148,2059,1400,-388
4.3637,2148,2060,1400,-396
4.3641,2148,2060,1400,-396
4.3644,2148,2062,1400,-388
4.3648,2148,2062,1400,-388
4.3652,2148,2062,1400,-388
4.3656,2148,2063,1400,-396
4.3660,2148,2063,1400,-396
4.3664,2148,2063,1400,-396
4.3668,2148,2064,1400,-396
4.3671,2148,2064,1400,-396
4.3675,2148,2066,1400,-388
4.3678,2148,2066,1400,-388
4.3682,2148,2066,1400,-388
4.3687,2148,2067,1400,-396
4.3690,2148,2067,1400,-396
4.3694,2148,2067,1400,-396
4.3698,2148,2068,1400,-396
4.3702,2159,2070,1400,-388
4.3709,2159,2070,1400,-388
4.3713,2159,2070,1400,-388
4.3716,2159,2071,1400,-396
4.3720,2159,2071,1400,-396
4.3724,2159,2071,1400,-396
4.3728,2159,2073,1400,-376
4.3731,2159,2073,1400,-376
4.3735,2159,2074,1400,-376
4.3739,2159,2074,1400,-376
4.3743,2159,2074,1400,-376
4.3747,2159,2075,1400,-384
4.3751,2159,2075,1400,-384
4.3755,2159,2077,1400,-376
4.3759,2159,2077,1400,-376
4.3762,2159,2077,1400,-376
4.3767,2159,2078,1400,-376
4.3770,2159,2078,1400,-376
4.3774,2159,2080,1400,-376
4.3778,2159,2080,1400,-376
4.3782,2159,2080,1400,-376
4.3786,2159,2081,1400,-376
4.3789,2159,2081,1400,-376
4.3793,2159,2081,1400,-376
4.3797,2159,2083,1400,-368
4.3801,2170,2084,1400,-368
4.3809,2170,2084,1400,-368
4.3813,2170,2084,1400,-368
4.3816,2170,2085,1400,-376
4.3820,2170,2085,1400,-376
4.3824,2170,2087,1400,-368
4.3828,2170,2087,1400,-368
4.3832,2170,2087,1400,-368
4.3836,2170,2088,1400,-368
4.3840,2170,2088,1400,-368
4.3844,2170,2089,1400,-368
4.3847,2170,2089,1400,-368
4.3851,2170,2089,1400,-368
4.3855,2170,2091,1400,-368
4.3859,2170,2091,1400,-368
4.3863,2170,2092,1400,-368
4.3867,2170,2092,1400,-368
4.3871,2170,2092,1400,-368
4.3875,2170,2093,1400,-368
4.3879,2170,2093,1400,-368
4.3883,2170,2093,1400,-368
4.3887,2170,2095,1400,-368
4.3891,2170,2095,1400,-368
4.3895,2170,2096,1400,-368
4.3898,2170,2096,1400,-368
4.3902,2180,2098,1400,-360
4.3910,2180,2098,1400,-360
4.3914,2180,2099,1400,-360
4.3918,2180,2099,1400,-360
4.3921,2180,2099,1400,-360
4.3925,2180,2100,1400,-372
4.3929,2180,2100,1400,-372
4.3933,2180,2100,1400,-372
4.3937,2180,2102,1400,-364
4.3941,2180,2102,1400,-364
4.3945,2180,2103,1400,-364
4.3948,2180,2103,1400,-364
4.3952,2180,2103,1400,-364
4.3957,2180,2104,1400,-372
4.3960,2180,2104,1400,-372
4.3964,2180,2106,1400,-364
4.3968,2180,2106,1400,-364
4.3972,2180,2106,1400,-364
4.3977,2180,2107,1400,-364
4.3980,2180,2107,1400,-364
4.3984,2180,2109,1400,-356
4.3988,2180,2109,1400,-356
4.3992,2180,2109,1400,-356
4.3997,2180,2110,1400,-356
4.4000,2188,2111,1400,-364
4.4008,2188,2111,1400,-364
4.4012,2188,2111,1400,-364
4.4016,2188,2112,1400,-364
4.4019,2188,2112,1400,-364
4.4023,2188,2114,1400,-356
4.4027,2188,2114,1400,-356
4.4031,2188,2114,1400,-356
4.4035,2188,2115,1400,-356
4.4038,2188,2115,1400,-356
4.4042,2188,2115,1400,-356
4.4047,2188,2116,1400,-356
4.4050,2188,2116,1400,-356
4.4054,2188,2118,1400,-356
4.4058,2188,2118,1400,-356
4.4062,2188,2118,1400,-356
4.4066,2188,2119,1400,-356
4.4070,2188,2119,1400,-356
4.4073,2188,2120,1400,-356
4.4077,2188,2120,1400,-356
4.4081,2188,2120,1400,-356
4.4085,2188,2121,1400,-356
4.4089,2188,2121,1400,-356
4.4093,2188,2123,1400,-348
4.4097,2188,2123,1400,-348
4.4101,2196,2124,1400,-348
4.4109,2196,2124,1400,-348
4.4113,2196,2125,1400,-348
4.4117,2196,2125,1400,-348
4.4121,2196,2125,1400,-348
4.4124,2196,2127,1400,-328
4.4128,2196,2127,1400,-328
4.4132,2196,2127,1400,-328
4.4135,2196,2128,1400,-336
4.4139,2196,2128,1400,-336
4.4143,2196,2129,1300,-336
4.4147,2196,2129,1300,-336
4.4151,2196,2129,1300,-336
4.4155,2196,2131,1300,-328
4.4158,2196,2131,1300,-328
4.4162,2196,2132,1300,-328
4.4166,2196,2132,1300,-328
4.4170,2196,2132,1300,-328
4.4174,2196,2133,1300,-328
4.4178,2196,2133,1300,-328
4.4181,2196,2135,1300,-320
4.4186,2196,2135,1300,-320
4.4189,2196,2135,1300,-320
4.4193,2196,2136,1300,-320
4.4197,2196,2136,1300,-320
4.4201,2202,2137,1300,-320
4.4208,2202,2137,1300,-320
4.4212,2202,2139,1300,-312
4.4217,2202,2139,1300,-312
4.4220,2202,2139,1300,-312
4.4224,2202,2140,1300,-312
4.4228,2202,2140,1300,-312
4.4232,2202,2141,1300,-312
4.4236,2202,2141,1300,-312
4.4240,2202,2141,1300,-312
4.4244,2202,2142,1300,-312
4.4248,2202,2142,1300,-312
4.4251,2202,2144,1300,-304
4.4255,2202,2144,1300,-304
4.4259,2202,2144,1300,-304
4.4263,2202,2145,1300,-304
4.4267,2202,2145,1300,-304
4.4271,2202,2145,1300,-304
4.4275,2202,2146,1300,-304
4.4278,2202,2146,1300,-304
4.4282,2202,2148,1300,-296
4.4287,2202,2148,1300,-296
4.4290,2202,2148,1300,-296
4.4294,2202,2149,1300,-296
4.4297,2202,2149,1300,-296
4.4301,2207,2150,1300,-296
4.4308,2207,2150,1300,-296
4.4312,2207,2152,1300,-280
4.4315,2207,2152,1300,-280
4.4319,2207,2152,1300,-280
4.4323,2207,2153,1300,-272
4.4327,2207,2153,1300,-272
4.4331,2207,2153,1300,-272
4.4334,2207,2154,1300,-272
4.4338,2207,2154,1300,-272
4.4342,2207,2155,1300,-272
4.4346,2207,2155,1300,-272
4.4350,2207,2155,1300,-272
4.4354,2207,2156,1300,-272
4.4357,2207,2156,1300,-272
4.4361,2207,2158,1300,-264
4.4365,2207,2158,1300,-264
4.4369,2207,2158,1300,-264
4.4373,2207,2159,1300,-264
4.4377,2207,2159,1300,-264
4.4381,2207,2159,1300,-264
4.4384,2207,2160,1300,-264
4.4388,2207,2160,1300,-264
4.4392,2207,2161,1300,-256
4.4397,2207,2161,1300,-256
4.4400,2211,2162,1300,-256
4.4408,2211,2162,1300,-256
4.4412,2211,2163,1300,-256
4.4415,2211,2163,1300,-256
4.4419,2211,2163,1300,-256
4.4423,2211,2164,1300,-256
4.4427,2211,2164,1300,-256
4.4430,2211,2164,1300,-256
4.4434,2211,2165,1300,-256
4.4438,2211,2165,1300,-256
4.4442,2211,2166,1300,-248
4.4446,2211,2166,1300,-248
4.4450,2211,2166,1300,-248
4.4454,2211,2167,1300,-248
4.4458,2211,2167,1300,-248
4.4462,2211,2169,1300,-240
4.4465,2211,2169,1300,-240
4.4469,2211,2169,1300,-240
4.4473,2211,2170,1300,-240
4.4477,2211,2170,1300,-240
4.4481,2211,2171,1300,-232
4.4485,2211,2171,1300,-232
4.4488,2211,2171,1300,-232
4.4492,2211,2172,1300,-232
4.4496,2211,2172,1300,-232
4.4500,2213,2173,1300,-232
4.4507,2213,2173,1300,-232
4.4511,2213,2174,1300,-224
4.4515,2213,2174,1300,-224
4.4519,2213,2174,1300,-224
4.4523,2213,2175,1300,-224
4.4527,2213,2175,1300,-224
4.4531,2213,2176,1300,-224
4.4534,2213,2176,1300,-224
4.4538,2213,2176,1300,-224
4.4542,2213,2177,1100,-216
4.4547,2213,2177,1100,-216
4.4550,2213,2178,1100,-216
4.4554,2213,2178,1100,-216
4.4558,2213,2178,1100,-216
4.4562,2213,2179,1100,-208
4.4565,2213,2179,1100,-208
4.4569,2213,2179,1100,-208
4.4573,2213,2181,1100,-200
4.4577,2213,2181,1100,-200
4.4581,2213,2182,1100,-192
4.4584,2213,2182,1100,-192
4.4588,2213,2182,1100,-192
4.4592,2213,2183,1100,-192
4.4597,2213,2183,1100,-192
4.4600,2215,2183,1100,-192
4.4608,2215,2183,1100,-192
4.4611,2215,2184,1100,-192
4.4615,2215,2184,1100,-192
4.4619,2215,2184,1100,-192
4.4623,2215,2185,1100,-184
4.4627,2215,2185,1100,-184
4.4630,2215,2186,1100,-184
4.4634,2215,2186,1100,-184
4.4638,2215,2186,1100,-184
4.4642,2215,2187,1100,-176
4.4646,2215,2187,1100,-176
4.4649,2215,2188,1100,-176
4.4653,2215,2188,1100,-176
4.4657,2215,2188,1100,-176
4.4661,2215,2189,1100,-168
4.4665,2215,2189,1100,-168
4.4669,2215,2189,1100,-168
4.4672,2215,2190,1100,-168
4.4677,2215,2190,1100,-168
4.4680,2215,2191,1100,-160
4.4684,2215,2191,1100,-160
4.4688,2215,2191,1100,-160
4.4692,2215,2192,1100,-152
4.4697,2215,2192,1100,-152
4.4700,2214,2192,1100,-160
4.4707,2214,2192,1100,-160
4.4711,2214,2193,1100,-152
4.4715,2214,2193,1100,-152
4.4719,2214,2194,1100,-128
4.4723,2214,2194,1100,-128
4.4727,2214,2194,1100,-128
4.4731,2214,2195,1100,-120
4.4735,2214,2195,1100,-120
4.4738,2214,2195,1100,-120
4.4742,2214,2196,950,-112
4.4746,2214,2196,950,-112
4.4750,2214,2197,950,-112
4.4754,2214,2197,950,-112
4.4758,2214,2197,950,-112
4.4761,2214,2198,950,-104
4.4765,2214,2198,950,-104
4.4769,2214,2199,950,-96
4.4773,2214,2199,950,-96
4.4777,2214,2199,950,-96
4.4780,2214,2199,950,-96
4.4784,2214,2199,950,-96
4.4787,2214,2199,950,-96
4.4791,2214,2200,950,-88
4.4794,2214,2200,950,-88
4.4798,2214,2200,950,-88
4.4801,2213,2201,950,-80
4.4808,2213,2201,950,-80
4.4811,2213,2202,950,-72
4.4815,2213,2202,950,-72
4.4819,2213,2202,950,-72
4.4822,2213,2202,950,-72
4.4826,2213,2202,950,-72
4.4830,2213,2203,950,-64
4.4833,2213,2203,950,-64
4.4837,2213,2203,950,-64
4.4840,2213,2204,950,-56
4.4844,2213,2204,950,-56
4.4847,2213,2204,950,-56
4.4851,2213,2204,950,-56
4.4855,2213,2204,950,-56
4.4858,2213,2204,950,-56
4.4862,2213,2205,950,-40
4.4865,2213,2205,950,-40
4.4869,2213,2205,950,-40
4.4873,2213,2205,950,-40
4.4878,2213,2205,950,-40
4.4881,2213,2206,950,-32
4.4884,2213,2206,950,-32
4.4888,2213,2206,950,-32
4.4891,2213,2207,950,-24
4.4895,2213,2207,950,-24
4.4898,2213,2207,950,0
4.4902,2210,2207,950,0
4.4908,2210,2208,950,24
4.4912,2210,2208,950,24
4.4915,2210,2208,950,24
4.4919,2210,2208,950,44
4.4922,2210,2208,950,44
4.4926,2210,2208,950,44
4.4930,2210,2209,950,60
4.4933,2210,2209,950,60
4.4937,2210,2209,950,60
4.4940,2210,2209,650,60
4.4943,2210,2209,650,60
4.4947,2210,2209,650,60
4.4950,2210,2210,650,68
4.4953,2210,2210,650,68
4.4957,2210,2210,650,68
4.4960,2210,2210,650,76
4.4964,2210,2210,650,76
4.4967,2210,2210,650,76
4.4971,2210,2211,650,76
4.4974,2210,2211,650,76
4.4978,2210,2211,650,76
4.4981,2210,2211,650,76
4.4985,2210,2211,650,76
4.4988,2210,2211,650,76
4.4992,2210,2211,650,76
4.4995,2210,2211,650,76
4.4999,2210,2211,650,76
4.5003,2206,2211,650,76
4.5010,2206,2211,650,76
4.5014,2206,2211,650,76
4.5017,2206,2211,650,76
4.5021,2206,2212,650,84
4.5024,2206,2212,650,84
4.5028,2206,2212,650,84
4.5031,2206,2212,650,84
4.5034,2206,2212,650,84
4.5038,2206,2212,650,92
4.5041,2206,2212,650,92
4.5045,2206,2212,650,92
4.5049,2206,2212,650,92
4.5052,2206,2212,650,92
4.5056,2206,2212,650,92
4.5060,2206,2212,650,92
4.5064,2206,2212,650,92
4.5068,2206,2213,650,108
4.5071,2206,2213,650,108
4.5075,2206,2213,650,108
4.5079,2206,2213,650,108
4.5083,2206,2213,650,108
4.5086,2206,2213,650,108
4.5090,2206,2213,650,108
4.5094,2206,2213,650,108
4.5098,2206,2213,650,116
4.5101,2201,2213,650,116
4.5109,2201,2213,650,116
4.5113,2201,2213,650,116
4.5117,2201,2213,650,92
4.5121,2201,2213,650,92
4.5125,2201,2213,650,92
4.5129,2201,2213,650,100
4.5132,2201,2213,650,100
4.5136,2201,2213,650,100
4.5141,2201,2213,200,100
4.5145,2201,2213,200,100
4.5148,2201,2213,200,100
4.5152,2201,2213,200,100
4.5156,2201,2213,200,100
4.5160,2201,2213,200,108
4.5164,2201,2213,200,108
4.5167,2201,2213,200,108
4.5171,2201,2213,200,108
4.5174,2201,2213,200,108
4.5178,2201,2213,200,116
4.5182,2201,2213,200,116
4.5186,2201,2213,200,116
4.5190,2201,2213,200,116
4.5194,2201,2213,200,116
4.5197,2201,2213,200,124
4.5201,2195,2213,200,124
4.5208,2195,2213,200,124
4.5211,2195,2213,200,124
4.5215,2195,2213,200,124
4.5219,2195,2213,200,132
4.5223,2195,2213,200,132
4.5228,2195,2213,200,132
4.5232,2195,2213,200,132
4.5236,2195,2213,200,132
4.5240,2195,2213,200,140
4.5243,2195,2213,200,140
4.5247,2195,2213,200,140
4.5251,2195,2213,200,140
4.5255,2195,2213,200,140
4.5261,2195,2213,200,148
4.5265,2195,2213,200,148
4.5269,2195,2213,200,148
4.5273,2195,2213,200,148
4.5277,2195,2213,200,156
4.5282,2195,2213,200,156
4.5286,2195,2213,200,156
4.5289,2195,2213,200,156
4.5293,2195,2213,200,156
4.5296,2195,2213,200,164
4.5300,2195,2213,200,164
4.5303,2187,2213,200,164
4.5311,2187,2213,200,164
4.5315,2187,2213,200,164
4.5319,2187,2213,200,176
4.5323,2187,2213,200,176
4.5327,2187,2213,200,176
4.5330,2187,2213,200,176
4.5334,2187,2213,200,176
4.5338,2187,2213,0,184
4.5342,2187,2213,0,184
4.5345,2187,2213,0,184
4.5349,2187,2212,0,176
4.5353,2187,2212,0,176
4.5358,2187,2212,0,184
4.5363,2187,2212,0,184
4.5367,2187,2212,0,192
4.5371,2187,2212,0,192
4.5375,2187,2212,0,192
4.5378,2187,2212,0,192
4.5382,2187,2212,0,192
4.5385,2187,2212,0,192
4.5389,2187,2211,0,192
4.5393,2187,2211,0,192
4.5397,2187,2211,0,192
4.5400,2178,2211,0,192
4.5407,2178,2210,0,192
4.5411,2178,2210,0,192
4.5415,2178,2210,0,200
4.5419,2178,2210,0,200
4.5423,2178,2210,0,200
4.5426,2178,2210,0,200
4.5430,2178,2210,0,200
4.5434,2178,2210,0,200
4.5438,2178,2209,0,200
4.5442,2178,2209,0,200
4.5445,2178,2209,0,200
4.5449,2178,2208,0,192
4.5453,2178,2208,0,192
4.5457,2178,2208,0,200
4.5460,2178,2208,0,200
4.5465,2178,2208,0,200
4.5468,2178,2208,0,208
4.5472,2178,2208,0,208
4.5475,2178,2207,0,208
4.5479,2178,2207,0,208
4.5483,2178,2207,0,208
4.5488,2178,2206,0,200
4.5492,2178,2206,0,200
4.5496,2178,2206,0,208
4.5500,2178,2206,0,208
4.5504,2168,2206,0,216
4.5510,2168,2206,0,216
4.5514,2168,2206,0,216
4.5517,2168,2205,0,184
4.5521,2168,2205,0,184
4.5524,2168,2205,0,184
4.5528,2168,2205,0,192
4.5531,2168,2205,0,192
4.5535,2168,2205,0,192
4.5538,2168,2204,-450,192
4.5542,2168,2204,-450,192
4.5545,2168,2204,-450,200
4.5549,2168,2204,-450,200
4.5552,2168,2204,-450,200
4.5556,2168,2203,-450,192
4.5560,2168,2203,-450,192
4.5563,2168,2203,-450,192
4.5567,2168,2202,-450,192
4.5570,2168,2202,-450,192
4.5574,2168,2202,-450,192
4.5577,2168,2202,-450,200
4.5581,2168,2202,-450,200
4.5585,2168,2202,-450,200
4.5588,2168,2201,-450,200
4.5592,2168,2201,-450,200
4.5595,2168,2201,-450,208
4.5599,2168,2201,-450,208
4.5602,2157,2200,-450,200
4.5610,2157,2200,-450,200
4.5613,2157,2200,-450,200
4.5617,2157,2200,-450,208
4.5621,2157,2200,-450,208
4.5625,2157,2199,-450,208
4.5628,2157,2199,-450,208
4.5632,2157,2199,-450,208
4.5635,2157,2198,-450,208
4.5639,2157,2198,-450,208
4.5643,2157,2198,-450,208
4.5646,2157,2198,-450,216
4.5650,2157,2198,-450,216
4.5654,2157,2198,-450,216
4.5657,2157,2197,-450,216
4.5661,2157,2197,-450,216
4.5665,2157,2197,-450,216
4.5668,2157,2197,-450,216
4.5672,2157,2197,-450,216
4.5676,2157,2196,-450,216
4.5680,2157,2196,-450,216
4.5684,2157,2196,-450,216
4.5687,2157,2195,-450,216
4.5691,2157,2195,-450,216
4.5695,2157,2195,-450,224
4.5698,2157,2195,-450,224
4.5702,2146,2194,-450,224
4.5710,2146,2194,-450,224
4.5713,2146,2194,-450,224
4.5717,2146,2193,-450,228
4.5721,2146,2193,-450,228
4.5724,2146,2193,-450,236
4.5728,2146,2193,-450,236
4.5732,2146,2193,-450,236
4.5735,2146,2192,-600,236
4.5739,2146,2192,-600,236
4.5742,2146,2192,-600,236
4.5746,2146,2192,-600,244
4.5750,2146,2192,-600,244
4.5753,2146,2192,-600,244
4.5757,2146,2191,-600,244
4.5761,2146,2191,-600,244
4.5764,2146,2190,-600,244
4.5768,2146,2190,-600,244
4.5771,2146,2190,-600,244
4.5775,2146,2190,-600,252
4.5779,2146,2190,-600,252
4.5782,2146,2190,-600,252
4.5786,2146,2189,-600,252
4.5790,2146,2189,-600,252
4.5796,2146,2188,-600,244
4.5800,2134,2188,-600,252
4.5809,2134,2188,-600,252
4.5813,2134,2188,-600,252
4.5816,2134,2187,-600,252
4.5820,2134,2187,-600,252
4.5824,2134,2186,-600,252
4.5827,2134,2186,-600,252
4.5831,2134,2186,-600,252
4.5834,2134,2186,-600,260
4.5838,2134,2186,-600,260
4.5842,2134,2186,-600,260
4.5846,2134,2185,-600,260
4.5850,2134,2185,-600,260
4.5854,2134,2184,-600,260
4.5857,2134,2184,-600,260
4.5861,2134,2184,-600,260
4.5865,2134,2183,-600,260
4.5868,2134,2183,-600,260
4.5871,2134,2183,-600,260
4.5875,2134,2183,-600,268
4.5878,2134,2183,-600,268
4.5882,2134,2183,-600,268
4.5885,2134,2182,-600,268
4.5889,2134,2182,-600,268
4.5892,2134,2182,-600,268
4.5896,2134,2181,-600,268
4.5900,2134,2181,-600,268
4.5903,2120,2180,-600,268
4.5910,2120,2180,-600,268
4.5914,2120,2180,-600,280
4.5917,2120,2180,-600,280
4.5921,2120,2180,-600,280
4.5924,2120,2179,-600,280
4.5927,2120,2179,-600,280
4.5931,2120,2179,-600,280
4.5934,2120,2178,-700,280
4.5938,2120,2178,-700,280
4.5941,2120,2178,-700,280
4.5945,2120,2177,-700,280
4.5948,2120,2177,-700,280
4.5951,2120,2177,-700,280
4.5955,2120,2176,-700,280
4.5958,2120,2176,-700,280
4.5962,2120,2176,-700,280
4.5965,2120,2176,-700,288
4.5969,2120,2176,-700,288
4.5972,2120,2176,-700,288
4.5976,2120,2175,-700,288
4.5980,2120,2175,-700,288
4.5983,2120,2174,-700,296
4.5987,2120,2174,-700,296
4.5991,2120,2174,-700,296
4.5994,2120,2173,-700,296
4.5998,2120,2173,-700,296
4.6002,2107,2172,-700,296
4.6009,2107,2172,-700,296
4.6013,2107,2171,-700,296
4.6016,2107,2171,-700,296
4.6020,2107,2171,-700,296
4.6024,2107,2171,-700,304
4.6027,2107,2171,-700,304
4.6031,2107,2171,-700,304
4.6035,2107,2170,-700,304
4.6038,2107,2170,-700,304
4.6042,2107,2170,-700,304
4.6047,2107,2169,-700,304
4.6051,2107,2169,-700,304
4.6054,2107,2168,-700,304
4.6058,2107,2168,-700,304
4.6062,2107,2168,-700,304
4.6067,2107,2167,-700,312
4.6070,2107,2167,-700,312
4.6074,2107,2166,-700,312
4.6078,2107,2166,-700,312
4.6081,2107,2166,-700,312
4.6085,2107,2165,-700,312
4.6088,2107,2165,-700,312
4.6092,2107,2165,-700,312
4.6095,2107,2165,-700,320
4.6099,2107,2165,-700,320
4.6103,2092,2164,-700,320
4.6110,2092,2164,-700,320
4.6115,2092,2163,-700,316
4.6118,2092,2163,-700,316
4.6122,2092,2163,-700,316
4.6126,2092,2162,-700,316
4.6130,2092,2162,-700,316
4.6133,2092,2161,-850,316
4.6137,2092,2161,-850,316
4.6140,2092,2161,-850,316
4.6144,2092,2160,-850,324
4.6148,2092,2160,-850,324
4.6152,2092,2160,-850,324
4.6156,2092,2159,-850,324
4.6160,2092,2159,-850,324
4.6164,2092,2158,-850,324
4.6168,2092,2158,-850,324
4.6171,2092,2158,-850,324
4.6175,2092,2157,-850,324
4.6179,2092,2157,-850,324
4.6183,2092,2156,-850,324
4.6186,2092,2156,-850,324
4.6190,2092,2156,-850,324
4.6194,2092,2155,-850,332
4.6197,2092,2155,-850,332
4.6201,2078,2154,-850,332
4.6208,2078,2154,-850,332
4.6212,2078,2154,-850,332
4.6215,2078,2153,-850,332
4.6219,2078,2153,-850,332
4.6223,2078,2152,-850,332
4.6226,2078,2152,-850,332
4.6230,2078,2152,-850,332
4.6234,2078,2151,-850,332
4.6237,2078,2151,-850,332
4.6241,2078,2151,-850,332
4.6245,2078,2150,-850,340
4.6249,2078,2150,-850,340
4.6252,2078,2149,-850,340
4.6256,2078,2149,-850,340
4.6260,2078,2149,-850,340
4.6264,2078,2148,-850,340
4.6267,2078,2148,-850,340
4.6271,2078,2148,-850,340
4.6275,2078,2147,-850,348
4.6278,2078,2147,-850,348
4.6282,2078,2146,-850,348
4.6286,2078,2146,-850,348
4.6289,2078,2146,-850,348
4.6293,2078,2145,-850,348
4.6297,2078,2145,-850,348
4.6300,2063,2144,-850,348
4.6307,2063,2144,-850,348
4.6311,2063,2142,-850,344
4.6315,2063,2142,-850,344
4.6319,2063,2142,-850,344
4.6323,2063,2142,-850,352
4.6327,2063,2142,-850,352
4.6330,2063,2142,-850,352
4.6334,2063,2140,-1050,344
4.6338,2063,2140,-1050,344
4.6341,2063,2139,-1050,352
4.6345,2063,2139,-1050,352
4.6349,2063,2139,-1050,352
4.6353,2063,2138,-1050,352
4.6357,2063,2138,-1050,352
4.6361,2063,2138,-1050,352
4.6364,2063,2137,-1050,352
4.6368,2063,2137,-1050,352
4.6372,2063,2136,-1050,352
4.6375,2063,2136,-1050,352
4.6379,2063,2136,-1050,352
4.6383,2063,2135,-1050,360
4.6386,2063,2135,-1050,360
4.6390,2063,2135,-1050,360
4.6394,2063,2134,-1050,360
4.6397,2063,2134,-1050,360
4.6401,2048,2132,-1050,352
4.6408,2048,2132,-1050,352
4.6412,2048,2131,-1050,352
4.6417,2048,2131,-1050,352
4.6420,2048,2131,-1050,352
4.6424,2048,2130,-1050,360
4.6428,2048,2130,-1050,360
4.6432,2048,2129,-1050,360
4.6436,2048,2129,-1050,360
4.6440,2048,2129,-1050,360
4.6444,2048,2128,-1050,360
4.6448,2048,2128,-1050,360
4.6452,2048,2127,-1050,368
4.6455,2048,2127,-1050,368
4.6459,2048,2127,-1050,368
4.6463,2048,2126,-1050,368
4.6467,2048,2126,-1050,368
4.6471,2048,2125,-1050,368
4.6475,2048,2125,-1050,368
4.6478,2048,2125,-1050,368
4.6482,2048,2123,-1050,368
4.6487,2048,2123,-1050,368
4.6491,2048,2122,-1050,368
4.6494,2048,2122,-1050,368
4.6498,2048,2122,-1050,368
4.6502,2033,2121,-1050,368
4.6509,2033,2121,-1050,368
4.6513,2033,2120,-1050,376
4.6517,2033,2120,-1050,376
4.6520,2033,2119,-1050,376
4.6524,2033,2119,-1050,376
4.6528,2033,2119,-1050,376
4.6532,2033,2118,-1100,376
4.6536,2033,2118,-1100,376
4.6540,2033,2116,-1100,376
4.6544,2033,2116,-1100,376
4.6547,2033,2116,-1100,376
4.6551,2033,2115,-1100,376
4.6555,2033,2115,-1100,376
4.6559,2033,2115,-1100,376
4.6563,2033,2114,-1100,376
4.6567,2033,2114,-1100,376
4.6571,2033,2112,-1100,376
4.6575,2033,2112,-1100,376
4.6578,2033,2112,-1100,376
4.6582,2033,2111,-1100,376
4.6586,2033,2111,-1100,376
4.6590,2033,2110,-1100,384
4.6594,2033,2110,-1100,384
4.6597,2033,2110,-1100,384
4.6601,2018,2109,-1100,384
4.6608,2018,2109,-1100,384
4.6612,2018,2107,-1100,376
4.6616,2018,2107,-1100,376
4.6620,2018,2106,-1100,384
4.6624,2018,2106,-1100,384
4.6628,2018,2106,-1100,384
4.6632,2018,2105,-1100,384
4.6635,2018,2105,-1100,384
4.6639,2018,2105,-1100,384
4.6643,2018,2104,-1100,384
4.6646,2018,2104,-1100,384
4.6650,2018,2102,-1100,384
4.6654,2018,2102,-1100,384
4.6657,2018,2102,-1100,384
4.6661,2018,2101,-1100,384
4.6665,2018,2101,-1100,384
4.6669,2018,2101,-1100,384
4.6672,2018,2100,-1100,392
4.6676,2018,2100,-1100,392
4.6680,2018,2099,-1100,392
4.6683,2018,2099,-1100,392
4.6687,2018,2099,-1100,392
4.6690,2018,2098,-1100,392
4.6694,2018,2098,-1100,392
4.6697,2018,2098,-1100,392
4.6701,2003,2096,-1100,392
4.6707,2003,2096,-1100,392
4.6711,2003,2095,-1100,384
4.6715,2003,2095,-1100,384
4.6718,2003,2095,-1100,384
4.6722,2003,2094,-1100,384
4.6725,2003,2094,-1100,384
4.6729,2003,2092,-1300,384
4.6733,2003,2092,-1300,384
4.6737,2003,2092,-1300,384
4.6740,2003,2091,-1300,384
4.6744,2003,2091,-1300,384
4.6747,2003,2091,-1300,384
4.6751,2003,2090,-1300,392
4.6755,2003,2090,-1300,392
4.6759,2003,2089,-1300,392
4.6763,2003,2089,-1300,392
4.6766,2003,2089,-1300,392
4.6770,2003,2087,-1300,392
4.6774,2003,2087,-1300,392
4.6778,2003,2087,-1300,392
4.6781,2003,2086,-1300,392
4.6785,2003,2086,-1300,392
4.6789,2003,2085,-1300,392
4.6793,2003,2085,-1300,392
4.6796,2003,2085,-1300,392
4.6800,1989,2083,-1300,392
4.6807,1989,2083,-1300,392
4.6811,1989,2082,-1300,392
4.6815,1989,2082,-1300,392
4.6818,1989,2082,-1300,392
4.6822,1989,2081,-1300,400
4.6826,1989,2081,-1300,400
4.6830,1989,2079,-1300,392
4.6833,1989,2079,-1300,392
4.6837,1989,2079,-1300,392
4.6841,1989,2078,-1300,400
4.6845,1989,2078,-1300,400
4.6848,1989,2078,-1300,400
4.6852,1989,2077,-1300,400
4.6856,1989,2077,-1300,400
4.6861,1989,2076,-1300,400
4.6864,1989,2076,-1300,400
4.6868,1989,2076,-1300,400
4.6871,1989,2074,-1300,400
4.6875,1989,2074,-1300,400
4.6879,1989,2073,-1300,400
4.6882,1989,2073,-1300,400
4.6886,1989,2073,-1300,400
4.6890,1989,2071,-1300,400
4.6893,1989,2071,-1300,400
4.6897,1989,2071,-1300,400
4.6900,1975,2070,-1300,400
4.6907,1975,2070,-1300,400
4.6910,1975,2069,-1300,412
4.6914,1975,2069,-1300,412
4.6917,1975,2069,-1300,412
4.6921,1975,2067,-1300,404
4.6924,1975,2067,-1300,404
4.6928,1975,2067,-1300,404
4.6931,1975,2066,-1300,404
4.6935,1975,2066,-1300,404
4.6938,1975,2065,-1300,412
4.6942,1975,2065,-1300,412
4.6945,1975,2065,-1300,412
4.6949,1975,2063,-1300,404
4.6953,1975,2063,-1300,404
4.6957,1975,2063,-1300,404
4.6960,1975,2062,-1300,412
4.6965,1975,2062,-1300,412
4.6968,1975,2061,-1300,412
4.6972,1975,2061,-1300,412
4.6976,1975,2061,-1300,412
4.6980,1975,2059,-1300,404
4.6984,1975,2059,-1300,404
4.6988,1975,2059,-1300,404
4.6991,1975,2058,-1300,412
4.6995,1975,2058,-1300,412
4.6998,1975,2056,-1300,404
4.7002,1961,2056,-1300,404
4.7009,1961,2055,-1300,404
4.7013,1961,2055,-1300,404
4.7016,1961,2055,-1300,404
4.7020,1961,2054,-1300,412
4.7024,1961,2054,-1300,412
4.7028,1961,2052,-1300,404
4.7031,1961,2052,-1300,404
4.7035,1961,2052,-1300,404
4.7039,1961,2051,-1300,404
4.7043,1961,2051,-1300,404
4.7047,1961,2051,-1300,404
4.7050,1961,2049,-1300,404
4.7054,1961,2049,-1300,404
4.7058,1961,2048,-1300,404
4.7062,1961,2048,-1300,404
4.7066,1961,2048,-1300,404
4.7070,1961,2047,-1300,412
4.7074,1961,2047,-1300,412
4.7079,1961,2045,-1300,404
4.7083,1961,2045,-1300,404
4.7088,1961,2044,-1300,412
4.7091,1961,2044,-1300,412
4.7095,1961,2044,-1300,412
4.7099,1961,2042,-1300,404
4.7103,1949,2042,-1300,404
4.7110,1949,2041,-1300,388
4.7115,1949,2041,-1300,388
4.7121,1949,2039,-1300,388
4.7125,1949,2039,-1300,388
4.7129,1949,2038,-1400,388
4.7134,1949,2038,-1400,388
4.7137,1949,2036,-1400,380
4.7141,1949,2036,-1400,380
4.7146,1949,2036,-1400,380
4.7149,1949,2035,-1400,388
4.7153,1949,2035,-1400,388
4.7157,1949,2035,-1400,388
4.7161,1949,2034,-1400,388
4.7164,1949,2034,-1400,388
4.7168,1949,2032,-1400,388
4.7172,1949,2032,-1400,388
4.7175,1949,2032,-1400,388
4.7179,1949,2031,-1400,388
4.7182,1949,2031,-1400,388
4.7186,1949,2031,-1400,388
4.7190,1949,2030,-1400,388
4.7194,1949,2030,-1400,388
4.7197,1949,2028,-1400,388
4.7201,1937,2028,-1400,388
4.7208,1937,2027,-1400,388
4.7211,1937,2027,-1400,388
4.7215,1937,2027,-1400,388
4.7218,1937,2025,-1400,380
4.7222,1937,2025,-1400,380
4.7225,1937,2025,-1400,380
4.7229,1937,2024,-1400,388
4.7232,1937,2024,-1400,388
4.7236,1937,2024,-1400,388
4.7240,1937,2023,-1400,388
4.7244,1937,2023,-1400,388
4.7248,1937,2021,-1400,388
4.7252,1937,2021,-1400,388
4.7255,1937,2021,-1400,388
4.7259,1937,2020,-1400,388
4.7263,1937,2020,-1400,388
4.7268,1937,2018,-1400,380
4.7272,1937,2018,-1400,380
4.7276,1937,2017,-1400,388
4.7280,1937,2017,-1400,388
4.7283,1937,2017,-1400,388
4.7287,1937,2015,-1400,380
4.7290,1937,2015,-1400,380
4.7294,1937,2015,-1400,380
4.7298,1937,2014,-1400,380
4.7302,1925,2014,-1400,380
4.7310,1925,2013,-1400,380
4.7313,1925,2013,-1400,380
4.7317,1925,2011,-1400,380
4.7321,1925,2011,-1400,380
4.7324,1925,2011,-1400,380
4.7328,1925,2010,-1400,380
4.7332,1925,2010,-1400,380
4.7335,1925,2010,-1400,380
4.7339,1925,2009,-1400,380
4.7342,1925,2009,-1400,380
4.7346,1925,2007,-1400,380
4.7350,1925,2007,-1400,380
4.7353,1925,2007,-1400,380
4.7357,1925,2006,-1400,380
4.7361,1925,2006,-1400,380
4.7364,1925,2006,-1400,380
4.7368,1925,2005,-1400,380
4.7372,1925,2005,-1400,380
4.7376,1925,2003,-1400,380
4.7380,1925,2003,-1400,380
4.7384,1925,2003,-1400,380
4.7388,1925,2002,-1400,380
4.7391,1925,2002,-1400,380
4.7395,1925,2002,-1400,380
4.7398,1925,2000,-1400,372
4.7402,1915,2000,-1400,372
4.7409,1915,1999,-1400,372
4.7413,1915,1999,-1400,372
4.7416,1915,1998,-1400,380
4.7420,1915,1998,-1400,380
4.7424,1915,1998,-1400,380
4.7428,1915,1996,-1400,372
4.7432,1915,1996,-1400,372
4.7435,1915,1996,-1400,372
4.7439,1915,1995,-1400,372
4.7443,1915,1995,-1400,372
4.7446,1915,1993,-1400,372
4.7450,1915,1993,-1400,372
4.7454,1915,1993,-1400,372
4.7457,1915,1992,-1400,372
4.7461,1915,1992,-1400,372
4.7464,1915,1992,-1400,372
4.7468,1915,1991,-1400,372
4.7471,1915,1991,-1400,372
4.7474,1915,1991,-1400,372
4.7478,1915,1990,-1400,380
4.7482,1915,1990,-1400,380
4.7485,1915,1990,-1400,380
4.7488,1915,1988,-1400,372
4.7492,1915,1988,-1400,372
4.7495,1915,1987,-1400,372
4.7499,1915,1987,-1400,372
4.7502,1906,1985,-1400,360
4.7510,1906,1985,-1400,360
4.7513,1906,1985,-1400,360
4.7516,1906,1984,-1400,360
4.7520,1906,1984,-1400,360
4.7523,1906,1984,-1400,360
4.7527,1906,1983,-1350,368
4.7530,1906,1983,-1350,368
4.7534,1906,1983,-1350,368
4.7537,1906,1981,-1350,360
4.7541,1906,1981,-1350,360
4.7545,1906,1981,-1350,360
4.7548,1906,1980,-1350,360
4.7552,1906,1980,-1350,360
4.7555,1906,1979,-1350,360
4.7559,1906,1979,-1350,360
4.7562,1906,1979,-1350,360
4.7566,1906,1978,-1350,368
4.7570,1906,1978,-1350,368
4.7574,1906,1978,-1350,368
4.7577,1906,1976,-1350,360
4.7581,1906,1976,-1350,360
4.7585,1906,1976,-1350,360
4.7588,1906,1975,-1350,360
4.7592,1906,1975,-1350,360
4.7595,1906,1973,-1350,352
4.7599,1906,1973,-1350,352
4.7603,1897,1972,-1350,352
4.7610,1897,1972,-1350,352
4.7614,1897,1972,-1350,352
4.7617,1897,1971,-1350,352
4.7621,1897,1971,-1350,352
4.7624,1897,1971,-1350,352
4.7628,1897,1970,-1350,352
4.7632,1897,1970,-1350,352
4.7635,1897,1968,-1350,352
4.7639,1897,1968,-1350,352
4.7643,1897,1968,-1350,352
4.7646,1897,1967,-1350,352
4.7650,1897,1967,-1350,352
4.7654,1897,1967,-1350,352
4.7657,1897,1965,-1350,344
4.7661,1897,1965,-1350,344
4.7664,1897,1965,-1350,344
4.7668,1897,1964,-1350,344
4.7672,1897,1964,-1350,344
4.7675,1897,1963,-1350,344
4.7679,1897,1963,-1350,344
4.7683,1897,1963,-1350,344
4.7686,1897,1961,-1350,336
4.7690,1897,1961,-1350,336
4.7694,1897,1961,-1350,336
4.7697,1897,1960,-1350,336
4.7701,1890,1960,-1350,336
4.7708,1890,1959,-1350,332
4.7711,1890,1959,-1350,332
4.7715,1890,1958,-1350,332
4.7719,1890,1958,-1350,332
4.7722,1890,1958,-1350,332
4.7726,1890,1956,-1350,324
4.7730,1890,1956,-1350,324
4.7734,1890,1956,-1350,324
4.7737,1890,1955,-1350,332
4.7741,1890,1955,-1350,332
4.7745,1890,1954,-1350,332
4.7748,1890,1954,-1350,332
4.7752,1890,1954,-1350,332
4.7756,1890,1952,-1350,324
4.7760,1890,1952,-1350,324
4.7764,1890,1952,-1350,324
4.7767,1890,1951,-1350,324
4.7771,1890,1951,-1350,324
4.7774,1890,1950,-1350,324
4.7778,1890,1950,-1350,324
4.7782,1890,1950,-1350,324
4.7785,1890,1948,-1350,316
4.7789,1890,1948,-1350,316
4.7793,1890,1948,-1350,316
4.7796,1890,1947,-1350,316
4.7800,1890,1947,-1350,316
4.7803,1884,1946,-1350,316
4.7810,1884,1946,-1350,316
4.7814,1884,1944,-1350,308
4.7817,1884,1944,-1350,308
4.7821,1884,1944,-1350,308
4.7825,1884,1943,-1350,308
4.7828,1884,1943,-1350,308
4.7832,1884,1943,-1350,308
4.7836,1884,1942,-1350,308
4.7840,1884,1942,-1350,308
4.7844,1884,1941,-1350,308
4.7847,1884,1941,-1350,308
4.7851,1884,1941,-1350,308
4.7855,1884,1939,-1350,300
4.7858,1884,1939,-1350,300
4.7862,1884,1939,-1350,300
4.7866,1884,1938,-1350,300
4.7870,1884,1938,-1350,300
4.7874,1884,1937,-1350,300
4.7878,1884,1937,-1350,300
4.7881,1884,1937,-1350,300
4.7885,1884,1936,-1350,300
4.7889,1884,1936,-1350,300
4.7893,1884,1936,-1350,300
4.7897,1884,1935,-1350,300
4.7901,1880,1933,-1350,272
4.7908,1880,1933,-1350,272
4.7911,1880,1933,-1350,272
4.7915,1880,1932,-1350,272
4.7919,1880,1932,-1350,272
4.7922,1880,1932,-1350,272
4.7926,1880,1931,-1250,272
4.7930,1880,1931,-1250,272
4.7934,1880,1930,-1250,272
4.7937,1880,1930,-1250,272
4.7941,1880,1930,-1250,272
4.7945,1880,1929,-1250,272
4.7948,1880,1929,-1250,272
4.7952,1880,1929,-1250,272
4.7956,1880,1928,-1250,272
4.7960,1880,1928,-1250,272
4.7964,1880,1927,-1250,272
4.7968,1880,1927,-1250,272
4.7971,1880,1927,-1250,272
4.7975,1880,1925,-1250,264
4.7979,1880,1925,-1250,264
4.7983,1880,1925,-1250,264
4.7986,1880,1924,-1250,256
4.7990,1880,1924,-1250,256
4.7994,1880,1923,-1250,256
4.7998,1880,1923,-1250,256
4.8001,1876,1922,-1250,256
4.8008,1876,1922,-1250,256
4.8011,1876,1922,-1250,256
4.8015,1876,1921,-1250,256
4.8019,1876,1921,-1250,256
4.8023,1876,1919,-1250,240
4.8026,1876,1919,-1250,240
4.8030,1876,1919,-1250,240
4.8034,1876,1918,-1250,240
4.8037,1876,1918,-1250,240
4.8041,1876,1918,-1250,240
4.8045,1876,1917,-1250,240
4.8048,1876,1917,-1250,240
4.8052,1876,1917,-1250,240
4.8055,1876,1916,-1250,240
4.8059,1876,1916,-1250,240
4.8063,1876,1915,-1250,232
4.8066,1876,1915,-1250,232
4.8070,1876,1915,-1250,232
4.8074,1876,1914,-1250,232
4.8078,1876,1914,-1250,232
4.8081,1876,1914,-1250,232
4.8085,1876,1913,-1250,232
4.8089,1876,1913,-1250,232
4.8093,1876,1912,-1250,224
4.8096,1876,1912,-1250,224
4.8100,1874,1911,-1250,224
4.8107,1874,1911,-1250,224
4.8111,1874,1911,-1250,224
4.8115,1874,1910,-1250,216
4.8118,1874,1910,-1250,216
4.8122,1874,1910,-1250,216
4.8126,1874,1909,-1100,216
4.8130,1874,1909,-1100,216
4.8134,1874,1908,-1100,216
4.8137,1874,1908,-1100,216
4.8141,1874,1908,-1100,216
4.8145,1874,1907,-1100,208
4.8149,1874,1907,-1100,208
4.8153,1874,1906,-1100,208
4.8156,1874,1906,-1100,208
4.8160,1874,1906,-1100,208
4.8164,1874,1905,-1100,200
4.8168,1874,1905,-1100,200
4.8171,1874,1905,-1100,200
4.8175,1874,1904,-1100,200
4.8179,1874,1904,-1100,200
4.8183,1874,1903,-1100,192
4.8186,1874,1903,-1100,192
4.8190,1874,1903,-1100,192
4.8194,1874,1902,-1100,192
4.8197,1874,1902,-1100,192
4.8201,1873,1901,-1100,184
4.8208,1873,1901,-1100,184
4.8212,1873,1900,-1100,184
4.8216,1873,1900,-1100,184
4.8219,1873,1900,-1100,184
4.8223,1873,1899,-1100,176
4.8227,1873,1899,-1100,176
4.8231,1873,1899,-1100,176
4.8234,1873,1898,-1100,168
4.8238,1873,1898,-1100,168
4.8242,1873,1897,-1100,168
4.8246,1873,1897,-1100,168
4.8249,1873,1897,-1100,168
4.8253,1873,1896,-1100,160
4.8257,1873,1896,-1100,160
4.8260,1873,1896,-1100,160
4.8264,1873,1895,-1100,152
4.8268,1873,1895,-1100,152
4.8272,1873,1894,-1100,152
4.8276,1873,1894,-1100,152
4.8280,1873,1894,-1100,152
4.8284,1873,1893,-1100,144
4.8287,1873,1893,-1100,144
4.8291,1873,1893,-1100,144
4.8295,1873,1893,-1100,144
4.8298,1873,1893,-1100,144
4.8302,1874,1892,-1100,116
4.8309,1874,1892,-1100,116
4.8313,1874,1891,-1100,108
4.8317,1874,1891,-1100,108
4.8320,1874,1891,-1100,108
4.8324,1874,1890,-950,100
4.8328,1874,1890,-950,100
4.8331,1874,1889,-950,100
4.8335,1874,1889,-950,100
4.8339,1874,1889,-950,100
4.8343,1874,1888,-950,92
4.8346,1874,1888,-950,92
4.8350,1874,1888,-950,92
4.8354,1874,1887,-950,84
4.8358,1874,1887,-950,84
4.8362,1874,1887,-950,84
4.8365,1874,1887,-950,84
4.8369,1874,1887,-950,84
4.8373,1874,1886,-950,68
4.8376,1874,1886,-950,68
4.8380,1874,1886,-950,68
4.8385,1874,1886,-950,68
4.8390,1874,1886,-950,68
4.8395,1874,1885,-950,60
4.8398,1874,1885,-950,60
4.8402,1876,1884,-950,52
4.8409,1876,1884,-950,52
4.8412,1876,1884,-950,52
4.8417,1876,1884,-950,52
4.8421,1876,1883,-950,44
4.8425,1876,1883,-950,44
4.8429,1876,1883,-950,44
4.8432,1876,1882,-950,28
4.8436,1876,1882,-950,28
4.8440,1876,1881,-950,20
4.8444,1876,1881,-950,20
4.8448,1876,1881,-950,20
4.8451,1876,1881,-950,20
4.8455,1876,1881,-950,20
4.8459,1876,1881,-950,20
4.8463,1876,1880,-950,-20
4.8466,1876,1880,-950,-20
4.8470,1876,1880,-950,-20
4.8473,1876,1880,-950,-28
4.8477,1876,1880,-950,-28
4.8481,1876,1879,-950,-36
4.8484,1876,1879,-950,-36
4.8488,1876,1879,-950,-36
4.8492,1876,1879,-950,-36
4.8495,1876,1879,-950,-36
4.8499,1876,1879,-950,-36
4.8503,1879,1878,-950,-64
4.8510,1879,1878,-950,-64
4.8514,1879,1878,-950,-72
4.8518,1879,1878,-950,-72
4.8522,1879,1877,-650,-80
4.8525,1879,1877,-650,-80
4.8529,1879,1877,-650,-80
4.8533,1879,1877,-650,-80
4.8537,1879,1877,-650,-80
4.8540,1879,1877,-650,-80
4.8544,1879,1877,-650,-80
4.8548,1879,1877,-650,-80
4.8552,1879,1876,-650,-80
4.8556,1879,1876,-650,-80
4.8560,1879,1876,-650,-80
4.8564,1879,1876,-650,-80
4.8568,1879,1876,-650,-80
4.8571,1879,1876,-650,-80
4.8575,1879,1876,-650,-80
4.8579,1879,1876,-650,-80
4.8583,1879,1875,-650,-96
4.8587,1879,1875,-650,-96
4.8591,1879,1875,-650,-96
4.8594,1879,1875,-650,-96
4.8598,1879,1875,-650,-96
4.8602,1883,1875,-650,-96
4.8609,1883,1875,-650,-96
4.8613,1883,1874,-650,-104
4.8617,1883,1874,-650,-104
4.8621,1883,1874,-650,-104
4.8625,1883,1874,-650,-104
4.8631,1883,1874,-650,-112
4.8635,1883,1874,-650,-112
4.8639,1883,1874,-650,-112
4.8643,1883,1874,-650,-112
4.8646,1883,1874,-650,-112
4.8650,1883,1874,-650,-112
4.8653,1883,1874,-650,-112
4.8657,1883,1874,-650,-112
4.8660,1883,1874,-650,-120
4.8664,1883,1874,-650,-120
4.8668,1883,1874,-650,-120
4.8671,1883,1874,-650,-120
4.8675,1883,1874,-650,-120
4.8679,1883,1874,-650,-120
4.8682,1883,1874,-650,-120
4.8686,1883,1874,-650,-120
4.8690,1883,1874,-650,-128
4.8694,1883,1874,-650,-128
4.8698,1883,1874,-650,-128
4.8702,1889,1874,-650,-96
4.8709,1889,1874,-650,-96
4.8713,1889,1874,-650,-96
4.8716,1889,1874,-650,-96
4.8720,1889,1874,-150,-104
4.8724,1889,1874,-150,-104
4.8728,1889,1874,-150,-104
4.8732,1889,1874,-150,-104
4.8736,1889,1874,-150,-104
4.8739,1889,1874,-150,-112
4.8743,1889,1874,-150,-112
4.8747,1889,1874,-150,-112
4.8750,1889,1874,-150,-112
4.8754,1889,1874,-150,-112
4.8758,1889,1874,-150,-112
4.8761,1889,1874,-150,-112
4.8765,1889,1874,-150,-112
4.8769,1889,1874,-150,-120
4.8773,1889,1874,-150,-120
4.8776,1889,1874,-150,-120
4.8780,1889,1874,-150,-120
4.8784,1889,1874,-150,-120
4.8787,1889,1874,-150,-120
4.8791,1889,1874,-150,-128
4.8795,1889,1874,-150,-128
4.8799,1889,1874,-150,-128
4.8803,1896,1874,-150,-128
4.8810,1896,1874,-150,-136
4.8815,1896,1874,-150,-136
4.8819,1896,1874,-150,-136
4.8823,1896,1874,-150,-136
4.8827,1896,1874,-150,-136
4.8831,1896,1874,-150,-144
4.8835,1896,1874,-150,-144
4.8839,1896,1874,-150,-144
4.8843,1896,1874,-150,-144
4.8847,1896,1874,-150,-144
4.8851,1896,1874,-150,-152
4.8855,1896,1874,-150,-152
4.8859,1896,1874,-150,-160
4.8862,1896,1874,-150,-160
4.8867,1896,1874,-150,-160
4.8870,1896,1875,-150,-152
4.8874,1896,1875,-150,-152
4.8878,1896,1875,-150,-160
4.8882,1896,1875,-150,-160
4.8886,1896,1875,-150,-160
4.8890,1896,1875,-150,-160
4.8894,1896,1875,-150,-160
4.8898,1896,1875,-150,-160
4.8902,1904,1876,-150,-160
4.8909,1904,1876,-150,-160
4.8913,1904,1876,-150,-160
4.8917,1904,1876,-150,-160
4.8921,1904,1876,100,-168
4.8925,1904,1876,100,-168
4.8929,1904,1877,100,-168
4.8933,1904,1877,100,-168
4.8937,1904,1877,100,-168
4.8941,1904,1877,100,-168
4.8944,1904,1877,100,-168
4.8948,1904,1877,100,-176
4.8952,1904,1877,100,-176
4.8957,1904,1877,100,-176
4.8960,1904,1878,100,-168
4.8964,1904,1878,100,-168
4.8968,1904,1878,100,-176
4.8972,1904,1878,100,-176
4.8976,1904,1878,100,-176
4.8979,1904,1878,100,-184
4.8983,1904,1878,100,-184
4.8987,1904,1878,100,-184
4.8991,1904,1879,100,-176
4.8994,1904,1879,100,-176
4.8998,1904,1879,100,-176
4.9001,1913,1879,100,-184
4.9009,1913,1879,100,-192
4.9012,1913,1879,100,-192
4.9016,1913,1879,100,-192
4.9020,1913,1880,100,-184
4.9024,1913,1880,100,-184
4.9027,1913,1880,100,-184
4.9031,1913,1880,100,-192
4.9035,1913,1880,100,-192
4.9039,1913,1880,100,-200
4.9043,1913,1880,100,-200
4.9047,1913,1880,100,-200
4.9051,1913,1881,100,-192
4.9055,1913,1881,100,-192
4.9058,1913,1881,100,-200
4.9062,1913,1881,100,-200
4.9067,1913,1881,100,-200
4.9070,1913,1882,100,-200
4.9074,1913,1882,100,-200
4.9078,1913,1882,100,-208
4.9082,1913,1882,100,-208
4.9085,1913,1882,100,-208
4.9089,1913,1883,100,-200
4.9093,1913,1883,100,-200
4.9097,1913,1883,100,-200
4.9100,1923,1883,100,-200
4.9107,1923,1884,100,-200
4.9111,1923,1884,100,-200
4.9115,1923,1884,100,-200
4.9119,1923,1885,450,-200
4.9123,1923,1885,450,-200
4.9126,1923,1885,450,-200
4.9130,1923,1885,450,-200
4.9133,1923,1885,450,-200
4.9137,1923,1886,450,-200
4.9141,1923,1886,450,-200
4.9145,1923,1886,450,-200
4.9149,1923,1886,450,-208
4.9153,1923,1886,450,-208
4.9157,1923,1886,450,-208
4.9161,1923,1887,450,-208
4.9164,1923,1887,450,-208
4.9168,1923,1887,450,-216
4.9172,1923,1887,450,-216
4.9175,1923,1887,450,-216
4.9179,1923,1888,450,-216
4.9183,1923,1888,450,-216
4.9187,1923,1888,450,-216
4.9191,1923,1888,450,-216
4.9195,1923,1888,450,-216
4.9199,1923,1889,450,-216
4.9202,1934,1889,450,-216
4.9209,1934,1889,450,-224
4.9213,1934,1889,450,-224
4.9217,1934,1890,450,-224
4.9221,1934,1890,450,-224
4.9225,1934,1890,450,-224
4.9228,1934,1891,450,-216
4.9232,1934,1891,450,-216
4.9237,1934,1891,450,-224
4.9241,1934,1891,450,-224
4.9244,1934,1891,450,-224
4.9248,1934,1892,450,-224
4.9252,1934,1892,450,-224
4.9255,1934,1892,450,-224
4.9259,1934,1892,450,-232
4.9263,1934,1892,450,-232
4.9267,1934,1893,450,-232
4.9271,1934,1893,450,-232
4.9274,1934,1893,450,-232
4.9278,1934,1894,450,-232
4.9282,1934,1894,450,-232
4.9286,1934,1894,450,-232
4.9289,1934,1894,450,-240
4.9293,1934,1894,450,-240
4.9297,1934,1895,450,-236
4.9300,1945,1895,450,-236
4.9308,1945,1896,450,-228
4.9311,1945,1896,450,-228
4.9315,1945,1896,450,-228
4.9319,1945,1896,550,-236
4.9323,1945,1896,550,-236
4.9327,1945,1897,550,-236
4.9331,1945,1897,550,-236
4.9334,1945,1897,550,-236
4.9338,1945,1898,550,-236
4.9342,1945,1898,550,-236
4.9345,1945,1898,550,-236
4.9349,1945,1898,550,-244
4.9353,1945,1898,550,-244
4.9356,1945,1899,550,-244
4.9360,1945,1899,550,-244
4.9364,1945,1899,550,-244
4.9367,1945,1900,550,-244
4.9371,1945,1900,550,-244
4.9375,1945,1900,550,-244
4.9378,1945,1900,550,-252
4.9382,1945,1900,550,-252
4.9386,1945,1901,550,-252
4.9390,1945,1901,550,-252
4.9394,1945,1901,550,-252
4.9398,1945,1901,550,-260
4.9401,1958,1901,550,-260
4.9408,1958,1902,550,-260
4.9411,1958,1902,550,-260
4.9415,1958,1902,550,-260
4.9418,1958,1903,550,-260
4.9422,1958,1903,550,-260
4.9425,1958,1903,550,-260
4.9429,1958,1904,550,-260
4.9432,1958,1904,550,-260
4.9436,1958,1904,550,-268
4.9440,1958,1904,550,-268
4.9444,1958,1904,550,-268
4.9447,1958,1905,550,-268
4.9451,1958,1905,550,-268
4.9455,1958,1905,550,-268
4.9458,1958,1906,550,-268
4.9462,1958,1906,550,-268
4.9465,1958,1906,550,-268
4.9469,1958,1907,550,-268
4.9473,1958,1907,550,-268
4.9476,1958,1907,550,-276
4.9480,1958,1907,550,-276
4.9483,1958,1907,550,-276
4.9487,1958,1908,550,-276
4.9491,1958,1908,550,-276
4.9495,1958,1908,550,-276
4.9498,1958,1909,550,-276
4.9502,1972,1909,550,-276
4.9508,1972,1910,550,-276
4.9512,1972,1910,550,-276
4.9516,1972,1911,750,-276
4.9520,1972,1911,750,-276
4.9524,1972,1911,750,-276
4.9528,1972,1911,750,-284
4.9532,1972,1911,750,-284
4.9535,1972,1912,750,-284
4.9539,1972,1912,750,-284
4.9543,1972,1912,750,-284
4.9547,1972,1913,750,-284
4.9551,1972,1913,750,-284
4.9555,1972,1914,750,-284
4.9559,1972,1914,750,-284
4.9563,1972,1914,750,-284
4.9567,1972,1915,750,-284
4.9572,1972,1915,750,-284
4.9576,1972,1915,750,-292
4.9580,1972,1915,750,-292
4.9584,1972,1915,750,-292
4.9588,1972,1916,750,-292
4.9592,1972,1916,750,-292
4.9596,1972,1917,750,-292
4.9599,1972,1917,750,-292
4.9603,1986,1918,750,-292
4.9611,1986,1918,750,-292
4.9614,1986,1918,750,-292
4.9618,1986,1919,750,-292
4.9622,1986,1919,750,-292
4.9626,1986,1920,750,-292
4.9630,1986,1920,750,-292
4.9634,1986,1920,750,-292
4.9637,1986,1921,750,-292
4.9641,1986,1921,750,-292
4.9645,1986,1921,750,-308
4.9649,1986,1921,750,-308
4.9653,1986,1921,750,-308
4.9657,1986,1922,750,-308
4.9661,1986,1922,750,-308
4.9664,1986,1922,750,-308
4.9668,1986,1923,750,-308
4.9672,1986,1923,750,-308
4.9677,1986,1924,750,-308
4.9681,1986,1924,750,-308
4.9684,1986,1924,750,-308
4.9688,1986,1925,750,-308
4.9692,1986,1925,750,-308
4.9695,1986,1926,750,-316
4.9699,1986,1926,750,-316
4.9703,2000,1927,750,-316
4.9710,2000,1927,750,-316
4.9714,2000,1927,750,-316
4.9718,2000,1928,850,-316
4.9722,2000,1928,850,-316
4.9727,2000,1928,850,-324
4.9730,2000,1928,850,-324
4.9734,2000,1928,850,-324
4.9738,2000,1930,850,-316
4.9741,2000,1930,850,-316
4.9745,2000,1931,850,-316
4.9749,2000,1931,850,-316
4.9753,2000,1931,850,-316
4.9757,2000,1932,850,-324
4.9761,2000,1932,850,-324
4.9765,2000,1933,850,-324
4.9769,2000,1933,850,-324
4.9772,2000,1933,850,-324
4.9776,2000,1934,850,-324
4.9780,2000,1934,850,-324
4.9784,2000,1935,850,-324
4.9788,2000,1935,850,-324
4.9791,2000,1935,850,-324
4.9795,2000,1935,850,-340
4.9799,2000,1935,850,-340
4.9803,2015,1936,850,-340
4.9810,2015,1936,850,-340
4.9815,2015,1938,850,-332
4.9818,2015,1938,850,-332
4.9822,2015,1938,850,-332
4.9827,2015,1939,850,-332
4.9830,2015,1939,850,-332
4.9834,2015,1939,850,-340
4.9838,2015,1939,850,-340
4.9842,2015,1939,850,-340
4.9845,2015,1941,850,-340
4.9849,2015,1941,850,-340
4.9853,2015,1941,850,-340
4.9857,2015,1941,850,-348
4.9860,2015,1941,850,-348
4.9864,2015,1942,850,-348
4.9868,2015,1942,850,-348
4.9871,2015,1942,850,-348
4.9875,2015,1944,850,-340
4.9878,2015,1944,850,-340
4.9882,2015,1944,850,-340
4.9886,2015,1945,850,-348
4.9890,2015,1945,850,-348
4.9894,2015,1946,850,-344
4.9897,2015,1946,850,-344
4.9901,2029,1947,850,-344
4.9908,2029,1947,850,-344
4.9912,2029,1947,850,-344
4.9916,2029,1948,1000,-352
4.9920,2029,1948,1000,-352
4.9924,2029,1949,1000,-352
4.9928,2029,1949,1000,-352
4.9932,2029,1949,1000,-352
4.9936,2029,1950,1000,-352
4.9939,2029,1950,1000,-352
4.9943,2029,1950,1000,-352
4.9947,2029,1951,1000,-352
4.9950,2029,1951,1000,-352
4.9954,2029,1952,1000,-360
4.9957,2029,1952,1000,-360
4.9961,2029,1952,1000,-360
4.9964,2029,1953,1000,-360
4.9968,2029,1953,1000,-360
4.9971,2029,1953,1000,-360
4.9975,2029,1954,1000,-368
4.9979,2029,1954,1000,-368
4.9983,2029,1954,1000,-368
4.9986,2029,1956,1000,-360
4.9990,2029,1956,1000,-360
4.9993,2029,1957,1000,-360
4.9997,2029,1957,1000,-360
5.0001,2044,1958,1000,-360
5.0008,2044,1958,1000,-360
5.0012,2044,1958,1000,-360
5.0016,2044,1959,1000,-368
5.0020,2044,1959,1000,-368
5.0023,2044,1960,1000,-368
5.0027,2044,1960,1000,-368
5.0030,2044,1960,1000,-368
5.0034,2044,1961,1000,-368
5.0038,2044,1961,1000,-368
5.0041,2044,1961,1000,-368
5.0045,2044,1963,1000,-368
5.0048,2044,1963,1000,-368
5.0052,2044,1963,1000,-368
5.0055,2044,1964,1000,-368
5.0059,2044,1964,1000,-368
5.0063,2044,1965,1000,-368
5.0067,2044,1965,1000,-368
5.0070,2044,1965,1000,-368
5.0074,2044,1966,1000,-376
5.0078,2044,1966,1000,-376
5.0082,2044,1966,1000,-376
5.0086,2044,1967,1000,-376
5.0089,2044,1967,1000,-376
5.0093,2044,1968,1000,-376
5.0097,2044,1968,1000,-376
5.0100,2059,1970,1000,-376
5.0107,2059,1970,1000,-376
5.0111,2059,1970,1000,-376
5.0115,2059,1971,1150,-376
5.0118,2059,1971,1150,-376
5.0122,2059,1972,1150,-376
5.0126,2059,1972,1150,-376
5.0130,2059,1972,1150,-376
5.0134,2059,1973,1150,-384
5.0138,2059,1973,1150,-384
5.0142,2059,1973,1150,-384
5.0146,2059,1974,1150,-384
5.0150,2059,1974,1150,-384
5.0154,2059,1975,1150,-392
5.0158,2059,1975,1150,-392
5.0161,2059,1975,1150,-392
5.0165,2059,1977,1150,-384
5.0169,2059,1977,1150,-384
5.0173,2059,1978,1150,-384
5.0177,2059,1978,1150,-384
5.0181,2059,1978,1150,-384
5.0184,2059,1979,1150,-392
5.0188,2059,1979,1150,-392
5.0192,2059,1980,1150,-392
5.0196,2059,1980,1150,-392
5.0200,2074,1982,1150,-384
5.0208,2074,1982,1150,-384
5.0212,2074,1983,1150,-392
5.0216,2074,1983,1150,-392
5.0221,2074,1983,1150,-392
5.0225,2074,1984,1150,-392
5.0228,2074,1984,1150,-392
5.0232,2074,1985,1150,-392
5.0237,2074,1985,1150,-392
5.0240,2074,1985,1150,-392
5.0244,2074,1986,1150,-400
5.0248,2074,1986,1150,-400
5.0252,2074,1988,1150,-392
5.0256,2074,1988,1150,-392
5.0260,2074,1988,1150,-392
5.0264,2074,1989,1150,-400
5.0268,2074,1989,1150,-400
5.0272,2074,1990,1150,-400
5.0276,2074,1990,1150,-400
5.0280,2074,1990,1150,-400
5.0284,2074,1992,1150,-392
5.0288,2074,1992,1150,-392
5.0292,2074,1993,1150,-396
5.0296,2074,1993,1150,-396
5.0300,2089,1994,1150,-396
5.0308,2089,1994,1150,-396
5.0311,2089,1995,1200,-396
5.0315,2089,1995,1200,-396
5.0319,2089,1995,1200,-396
5.0323,2089,1997,1200,-396
5.0327,2089,1997,1200,-396
5.0331,2089,1997,1200,-396
5.0335,2089,1998,1200,-396
5.0338,2089,1998,1200,-396
5.0342,2089,1999,1200,-404
5.0346,2089,1999,1200,-404
5.0350,2089,1999,1200,-404
5.0353,2089,2000,1200,-404
5.0357,2089,2000,1200,-404
5.0361,2089,2000,1200,-404
5.0365,2089,2002,1200,-404
5.0368,2089,2002,1200,-404
5.0372,2089,2003,1200,-404
5.0376,2089,2003,1200,-404
5.0380,2089,2003,1200,-404
5.0384,2089,2005,1200,-396
5.0387,2089,2005,1200,-396
5.0391,2089,2005,1200,-396
5.0394,2089,2006,1200,-404
5.0398,2089,2006,1200,-404
5.0401,2103,2007,1200,-404
5.0408,2103,2007,1200,-404
5.0412,2103,2009,1200,-404
5.0415,2103,2009,1200,-404
5.0419,2103,2009,1200,-404
5.0422,2103,2010,1200,-404
5.0426,2103,2010,1200,-404
5.0430,2103,2010,1200,-404
5.0434,2103,2011,1200,-404
5.0437,2103,2011,1200,-404
5.0441,2103,2011,1200,-404
5.0444,2103,2012,1200,-412
5.0448,2103,2012,1200,-412
5.0451,2103,2014,1200,-404
5.0455,2103,2014,1200,-404
5.0458,2103,2014,1200,-404
5.0462,2103,2015,1200,-412
5.0466,2103,2015,1200,-412
5.0470,2103,2015,1200,-412
5.0473,2103,2017,1200,-404
5.0477,2103,2017,1200,-404
5.0480,2103,2017,1200,-404
5.0484,2103,2018,1200,-412
5.0487,2103,2018,1200,-412
5.0491,2103,2019,1200,-408
5.0494,2103,2019,1200,-408
5.0498,2103,2019,1200,-408
5.0501,2117,2021,1200,-400
5.0508,2117,2021,1200,-400
5.0512,2117,2022,1350,-408
5.0515,2117,2022,1350,-408
5.0519,2117,2022,1350,-408
5.0522,2117,2023,1350,-408
5.0526,2117,2023,1350,-408
5.0530,2117,2023,1350,-408
5.0533,2117,2025,1350,-400
5.0537,2117,2025,1350,-400
5.0541,2117,2026,1350,-408
5.0544,2117,2026,1350,-408
5.0548,2117,2026,1350,-408
5.0551,2117,2027,1350,-408
5.0555,2117,2027,1350,-408
5.0558,2117,2027,1350,-408
5.0562,2117,2029,1350,-408
5.0566,2117,2029,1350,-408
5.0570,2117,2029,1350,-408
5.0573,2117,2030,1350,-408
5.0577,2117,2030,1350,-408
5.0580,2117,2032,1350,-408
5.0584,2117,2032,1350,-408
5.0587,2117,2032,1350,-408
5.0591,2117,2033,1350,-408
5.0594,2117,2033,1350,-408
5.0598,2117,2033,1350,-408
5.0602,2130,2034,1350,-408
5.0608,2130,2034,1350,-408
5.0612,2130,2036,1350,-408
5.0615,2130,2036,1350,-408
5.0619,2130,2036,1350,-408
5.0622,2130,2037,1350,-408
5.0626,2130,2037,1350,-408
5.0630,2130,2039,1350,-408
5.0633,2130,2039,1350,-408
5.0637,2130,2039,1350,-408
5.0641,2130,2040,1350,-408
5.0645,2130,2040,1350,-408
5.0649,2130,2040,1350,-408
5.0652,2130,2042,1350,-400
5.0656,2130,2042,1350,-400
5.0660,2130,2043,1350,-408
5.0663,2130,2043,1350,-408
5.0667,2130,2043,1350,-408
5.0671,2130,2044,1350,-408
5.0675,2130,2044,1350,-408
5.0678,2130,2044,1350,-408
5.0682,2130,2046,1350,-408
5.0686,2130,2046,1350,-408
5.0690,2130,2047,1350,-400
5.0693,2130,2047,1350,-400
5.0697,2130,2047,1350,-400
5.0701,2143,2048,1350,-400
5.0707,2143,2048,1350,-400
5.0711,2143,2050,1400,-400
5.0714,2143,2050,1400,-400
5.0718,2143,2050,1400,-400
5.0722,2143,2052,1400,-392
5.0725,2143,2052,1400,-392
5.0729,2143,2052,1400,-392
5.0732,2143,2053,1400,-400
5.0736,2143,2053,1400,-400
5.0740,2143,2054,1400,-400
5.0743,2143,2054,1400,-400
5.0747,2143,2054,1400,-400
5.0751,2143,2056,1400,-392
5.0754,2143,2056,1400,-392
5.0758,2143,2056,1400,-392
5.0762,2143,2058,1400,-392
5.0765,2143,2058,1400,-392
5.0769,2143,2058,1400,-392
5.0772,2143,2059,1400,-392
5.0776,2143,2059,1400,-392
5.0780,2143,2060,1400,-400
5.0783,2143,2060,1400,-400
5.0787,2143,2060,1400,-400
5.0791,2143,2062,1400,-392
5.0794,2143,2062,1400,-392
5.0798,2143,2062,1400,-392
5.0801,2155,2063,1400,-392
5.0808,2155,2063,1400,-392
5.0811,2155,2064,1400,-400
5.0815,2155,2064,1400,-400
5.0818,2155,2064,1400,-400
5.0822,2155,2066,1400,-392
5.0826,2155,2066,1400,-392
5.0830,2155,2067,1400,-392
5.0833,2155,2067,1400,-392
5.0837,2155,2067,1400,-392
5.0840,2155,2069,1400,-392
5.0844,2155,2069,1400,-392
5.0847,2155,2069,1400,-392
5.0851,2155,2070,1400,-392
5.0855,2155,2070,1400,-392
5.0858,2155,2070,1400,-392
5.0862,2155,2071,1400,-392
5.0865,2155,2071,1400,-392
5.0869,2155,2073,1400,-392
5.0872,2155,2073,1400,-392
5.0876,2155,2073,1400,-392
5.0880,2155,2074,1400,-392
5.0883,2155,2074,1400,-392
5.0887,2155,2074,1400,-392
5.0890,2155,2076,1400,-376
5.0894,2155,2076,1400,-376
5.0898,2155,2076,1400,-376
5.0901,2166,2077,1400,-384
5.0908,2166,2077,1400,-384
5.0912,2166,2079,1450,-376
5.0915,2166,2079,1450,-376
5.0919,2166,2080,1450,-376
5.0922,2166,2080,1450,-376
5.0926,2166,2080,1450,-376
5.0930,2166,2081,1450,-384
5.0933,2166,2081,1450,-384
5.0937,2166,2081,1450,-384
5.0940,2166,2083,1450,-376
5.0945,2166,2083,1450,-376
5.0949,2166,2084,1450,-384
5.0952,2166,2084,1450,-384
5.0956,2166,2084,1450,-384
5.0960,2166,2086,1450,-376
5.0963,2166,2086,1450,-376
5.0967,2166,2086,1450,-376
5.0970,2166,2087,1450,-376
5.0974,2166,2087,1450,-376
5.0978,2166,2087,1450,-376
5.0981,2166,2088,1450,-384
5.0985,2166,2088,1450,-384
5.0988,2166,2090,1450,-376
5.0992,2166,2090,1450,-376
5.0995,2166,2090,1450,-376
5.0999,2166,2091,1450,-376
5.1003,2176,2091,1450,-376
5.1010,2176,2092,1450,-376
5.1013,2176,2092,1450,-376
5.1017,2176,2092,1450,-376
5.1020,2176,2094,1450,-376
5.1024,2176,2094,1450,-376
5.1027,2176,2094,1450,-376
5.1031,2176,2095,1450,-376
5.1034,2176,2095,1450,-376
5.1038,2176,2096,1450,-376
5.1041,2176,2096,1450,-376
5.1045,2176,2096,1450,-376
5.1049,2176,2098,1450,-368
5.1053,2176,2098,1450,-368
5.1056,2176,2098,1450,-368
5.1060,2176,2099,1450,-376
5.1063,2176,2099,1450,-376
5.1067,2176,2099,1450,-376
5.1070,2176,2101,1450,-368
5.1074,2176,2101,1450,-368
5.1078,2176,2102,1450,-368
5.1081,2176,2102,1450,-368
5.1085,2176,2102,1450,-368
5.1089,2176,2104,1450,-360
5.1092,2176,2104,1450,-360
5.1096,2176,2104,1450,-360
5.1100,2176,2105,1450,-368
5.1104,2185,2105,1450,-368
5.1110,2185,2106,1350,-368
5.1114,2185,2106,1350,-368
5.1117,2185,2108,1350,-360
5.1121,2185,2108,1350,-360
5.1124,2185,2108,1350,-360
5.1128,2185,2109,1350,-360
5.1132,2185,2109,1350,-360
5.1135,2185,2109,1350,-360
5.1139,2185,2111,1350,-352
5.1142,2185,2111,1350,-352
5.1146,2185,2111,1350,-352
5.1150,2185,2112,1350,-360
5.1153,2185,2112,1350,-360
5.1157,2185,2112,1350,-360
5.1161,2185,2113,1350,-360
5.1164,2185,2113,1350,-360
5.1168,2185,2114,1350,-360
5.1171,2185,2114,1350,-360
5.1175,2185,2114,1350,-360
5.1178,2185,2116,1350,-352
5.1182,2185,2116,1350,-352
5.1186,2185,2116,1350,-352
5.1190,2185,2117,1350,-352
5.1193,2185,2117,1350,-352
5.1197,2185,2117,1350,-352
5.1200,2193,2118,1350,-352
5.1207,2193,2120,1350,-344
5.1211,2193,2120,1350,-344
5.1214,2193,2120,1350,-344
5.1218,2193,2121,1350,-352
5.1221,2193,2121,1350,-352
5.1225,2193,2121,1350,-352
5.1228,2193,2122,1350,-352
5.1232,2193,2122,1350,-352
5.1236,2193,2122,1350,-352
5.1240,2193,2124,1350,-344
5.1243,2193,2124,1350,-344
5.1247,2193,2125,1350,-344
5.1250,2193,2125,1350,-344
5.1254,2193,2125,1350,-344
5.1257,2193,2126,1350,-344
5.1261,2193,2126,1350,-344
5.1265,2193,2126,1350,-344
5.1268,2193,2128,1350,-336
5.1272,2193,2128,1350,-336
5.1275,2193,2128,1350,-336
5.1279,2193,2129,1350,-344
5.1282,2193,2129,1350,-344
5.1286,2193,2129,1350,-344
5.1290,2193,2130,1350,-344
5.1294,2193,2130,1350,-344
5.1297,2193,2132,1350,-336
5.1301,2199,2132,1350,-336
5.1308,2199,2133,1350,-336
5.1311,2199,2133,1350,-336
5.1315,2199,2133,1350,-336
5.1319,2199,2134,1350,-336
5.1322,2199,2134,1350,-336
5.1326,2199,2136,1350,-328
5.1330,2199,2136,1350,-328
5.1333,2199,2136,1350,-328
5.1337,2199,2137,1350,-328
5.1341,2199,2137,1350,-328
5.1344,2199,2137,1350,-328
5.1348,2199,2138,1350,-328
5.1351,2199,2138,1350,-328
5.1355,2199,2138,1350,-328
5.1358,2199,2140,1350,-320
5.1362,2199,2140,1350,-320
5.1365,2199,2140,1350,-320
5.1369,2199,2141,1350,-320
5.1372,2199,2141,1350,-320
5.1376,2199,2142,1350,-320
5.1380,2199,2142,1350,-320
5.1383,2199,2142,1350,-320
5.1387,2199,2143,1350,-320
5.1390,2199,2143,1350,-320
5.1394,2199,2143,1350,-320
5.1397,2199,2145,1350,-304
5.1401,2205,2145,1350,-304
5.1408,2205,2146,1350,-304
5.1412,2205,2146,1350,-304
5.1415,2205,2146,1350,-304
5.1419,2205,2147,1350,-304
5.1422,2205,2147,1350,-304
5.1426,2205,2149,1350,-296
5.1430,2205,2149,1350,-296
5.1433,2205,2149,1350,-296
5.1437,2205,2150,1350,-296
5.1440,2205,2150,1350,-296
5.1444,2205,2150,1350,-296
5.1448,2205,2151,1350,-296
5.1451,2205,2151,1350,-296
5.1455,2205,2151,1350,-296
5.1459,2205,2153,1350,-288
5.1463,2205,2153,1350,-288
5.1466,2205,2154,1350,-288
5.1470,2205,2154,1350,-288
5.1473,2205,2154,1350,-288
5.1477,2205,2155,1350,-288
5.1480,2205,2155,1350,-288
5.1484,2205,2155,1350,-288
5.1487,2205,2156,1350,-268
5.1491,2205,2156,1350,-268
5.1494,2205,2156,1350,-268
5.1498,2205,2157,1350,-268
5.1502,2209,2157,1350,-268
5.1509,2209,2159,1300,-252
5.1513,2209,2159,1300,-252
5.1517,2209,2160,1300,-252
5.1521,2209,2160,1300,-252
5.1525,2209,2160,1300,-252
5.1529,2209,2161,1300,-252
5.1532,2209,2161,1300,-252
5.1536,2209,2162,1300,-252
5.1540,2209,2162,1300,-252
5.1544,2209,2162,1300,-252
5.1548,2209,2163,1300,-252
5.1552,2209,2163,1300,-252
5.1555,2209,2164,1300,-244
5.1559,2209,2164,1300,-244
5.1563,2209,2164,1300,-244
5.1567,2209,2165,1300,-244
5.1571,2209,2165,1300,-244
5.1574,2209,2165,1300,-244
5.1578,2209,2167,1300,-236
5.1581,2209,2167,1300,-236
5.1585,2209,2168,1300,-236
5.1589,2209,2168,1300,-236
5.1593,2209,2168,1300,-236
5.1597,2209,2169,1300,-228
5.1600,2212,2169,1300,-228
5.1608,2212,2170,1300,-228
5.1612,2212,2170,1300,-228
5.1615,2212,2171,1300,-228
5.1619,2212,2171,1300,-228
5.1623,2212,2171,1300,-228
5.1626,2212,2172,1300,-220
5.1630,2212,2172,1300,-220
5.1634,2212,2172,1300,-220
5.1638,2212,2174,1300,-212
5.1642,2212,2174,1300,-212
5.1646,2212,2175,1300,-212
5.1649,2212,2175,1300,-212
5.1653,2212,2175,1300,-212
5.1657,2212,2175,1300,-212
5.1661,2212,2175,1300,-212
5.1665,2212,2176,1300,-212
5.1668,2212,2176,1300,-212
5.1672,2212,2176,1300,-212
5.1676,2212,2178,1300,-204
5.1680,2212,2178,1300,-204
5.1684,2212,2178,1300,-204
5.1688,2212,2179,1300,-188
5.1692,2212,2179,1300,-188
5.1696,2212,2180,1300,-188
5.1699,2212,2180,1300,-188
5.1703,2214,2181,1100,-180
5.1710,2214,2181,1100,-180
5.1714,2214,2181,1100,-180
5.1718,2214,2182,1100,-180
5.1722,2214,2182,1100,-180
5.1726,2214,2183,1100,-172
5.1729,2214,2183,1100,-172
5.1733,2214,2183,1100,-172
5.1737,2214,2184,1100,-172
5.1741,2214,2184,1100,-172
5.1745,2214,2185,1100,-164
5.1749,2214,2185,1100,-164
5.1752,2214,2185,1100,-164
5.1757,2214,2186,1100,-164
5.1760,2214,2186,1100,-164
5.1764,2214,2186,1100,-164
5.1768,2214,2186,1100,-164
5.1772,2214,2186,1100,-164
5.1776,2214,2187,1100,-164
5.1780,2214,2187,1100,-164
5.1783,2214,2187,1100,-164
5.1787,2214,2188,1100,-156
5.1791,2214,2188,1100,-156
5.1795,2214,2189,1100,-148
5.1799,2214,2189,1100,-148
5.1802,2215,2189,1100,-156
5.1810,2215,2189,1100,-156
5.1813,2215,2189,1100,-156
5.1817,2215,2190,1100,-148
5.1820,2215,2190,1100,-148
5.1824,2215,2191,1100,-148
5.1828,2215,2191,1100,-148
5.1832,2215,2191,1100,-148
5.1835,2215,2192,1100,-140
5.1839,2215,2192,1100,-140
5.1843,2215,2192,1100,-140
5.1847,2215,2193,1100,-132
5.1851,2215,2193,1100,-132
5.1854,2215,2194,1100,-124
5.1858,2215,2194,1100,-124
5.1862,2215,2194,1100,-124
5.1866,2215,2195,1100,-124
5.1870,2215,2195,1100,-124
5.1874,2215,2196,1100,-116
5.1878,2215,2196,1100,-116
5.1882,2215,2196,1100,-116
5.1886,2215,2196,1100,-116
5.1889,2215,2196,1100,-116
5.1893,2215,2196,1100,-116
5.1897,2215,2197,1100,-108
5.1901,2214,2198,850,-100
5.1908,2214,2198,850,-100
5.1912,2214,2198,850,-100
5.1915,2214,2199,850,-100
5.1919,2214,2199,850,-100
5.1923,2214,2199,850,-100
5.1927,2214,2200,850,-92
5.1931,2214,2200,850,-92
5.1934,2214,2200,850,-92
5.1938,2214,2200,850,-92
5.1941,2214,2200,850,-92
5.1945,2214,2201,850,-84
5.1949,2214,2201,850,-84
5.1953,2214,2201,850,-76
5.1957,2214,2202,850,-76
5.1961,2214,2202,850,-76
5.1964,2214,2202,850,-76
5.1968,2214,2202,850,-76
5.1972,2214,2202,850,-76
5.1976,2214,2203,850,-68
5.1980,2214,2203,850,-68
5.1984,2214,2204,850,-52
5.1988,2214,2204,850,-52
5.1992,2214,2204,850,-52
5.1997,2214,2204,850,-52
5.2001,2212,2205,850,-44
5.2008,2212,2205,850,-44
5.2012,2212,2205,850,-44
5.2015,2212,2205,850,-44
5.2019,2212,2205,850,-44
5.2023,2212,2206,850,-36
5.2027,2212,2206,850,-36
5.2031,2212,2206,850,-36
5.2035,2212,2207,850,-20
5.2038,2212,2207,850,-20
5.2042,2212,2207,850,-20
5.2046,2212,2207,850,-20
5.2050,2212,2207,850,-20
5.2054,2212,2208,850,20
5.2058,2212,2208,850,20
5.2062,2212,2208,850,20
5.2067,2212,2208,850,20
5.2070,2212,2208,850,20
5.2074,2212,2209,850,36
5.2078,2212,2209,850,36
5.2082,2212,2209,850,36
5.2087,2212,2209,850,60
5.2090,2212,2209,850,60
5.2094,2212,2210,850,68
5.2098,2212,2210,850,68
5.2102,2208,2210,600,68
5.2110,2208,2210,600,68
5.2114,2208,2210,600,76
5.2118,2208,2210,600,76
5.2122,2208,2210,600,76
5.2126,2208,2211,600,76
5.2130,2208,2211,600,76
5.2134,2208,2211,600,76
5.2138,2208,2211,600,76
5.2142,2208,2211,600,76
5.2145,2208,2211,600,76
5.2149,2208,2211,600,76
5.2153,2208,2211,600,76
5.2156,2208,2211,600,76
5.2160,2208,2211,600,76
5.2164,2208,2212,600,84
5.2168,2208,2212,600,84
5.2172,2208,2212,600,84
5.2176,2208,2212,600,84
5.2179,2208,2212,600,84
5.2183,2208,2212,600,92
5.2187,2208,2212,600,92
5.2191,2208,2212,600,92
5.2195,2208,2212,600,92
5.2199,2208,2212,600,92
5.2203,2203,2212,600,92
5.2210,2203,2212,600,92
5.2214,2203,2212,600,92
5.2218,2203,2212,600,92
5.2221,2203,2212,600,92
5.2225,2203,2213,600,108
5.2229,2203,2213,600,108
5.2233,2203,2213,600,108
5.2237,2203,2213,600,108
5.2240,2203,2213,600,108
5.2244,2203,2213,600,116
5.2248,2203,2213,600,116
5.2252,2203,2213,600,116
5.2255,2203,2213,600,116
5.2259,2203,2213,600,116
5.2263,2203,2213,600,116
5.2267,2203,2213,600,116
5.2271,2203,2213,600,116
5.2274,2203,2213,600,124
5.2278,2203,2213,600,124
5.2282,2203,2213,600,96
5.2286,2203,2213,600,96
5.2290,2203,2213,600,96
5.2294,2203,2213,600,104
5.2298,2203,2213,600,104
5.2302,2197,2213,150,104
5.2309,2197,2213,150,104
5.2313,2197,2213,150,104
5.2317,2197,2213,150,104
5.2321,2197,2213,150,104
5.2324,2197,2213,150,112
5.2328,2197,2213,150,112
5.2332,2197,2213,150,112
5.2336,2197,2213,150,112
5.2340,2197,2213,150,112
5.2344,2197,2213,150,120
5.2348,2197,2213,150,120
5.2352,2197,2213,150,120
5.2355,2197,2213,150,120
5.2359,2197,2213,150,120
5.2363,2197,2213,150,128
5.2366,2197,2213,150,128
5.2370,2197,2213,150,128
5.2374,2197,2213,150,128
5.2378,2197,2213,150,128
5.2382,2197,2213,150,136
5.2385,2197,2213,150,136
5.2389,2197,2213,150,136
5.2393,2197,2213,150,136
5.2397,2197,2213,150,136
5.2400,2190,2213,150,144
5.2408,2190,2213,150,144
5.2411,2190,2213,150,144
5.2415,2190,2213,150,144
5.2419,2190,2213,150,144
5.2423,2190,2213,150,152
5.2427,2190,2213,150,152
5.2430,2190,2213,150,152
5.2434,2190,2213,150,160
5.2438,2190,2213,150,160
5.2442,2190,2213,150,160
5.2447,2190,2213,150,160
5.2450,2190,2213,150,160
5.2454,2190,2213,150,168
5.2458,2190,2213,150,168
5.2462,2190,2213,150,168
5.2465,2190,2213,150,168
5.2469,2190,2213,150,168
5.2473,2190,2212,150,168
5.2477,2190,2212,150,168
5.2480,2190,2212,150,184
5.2484,2190,2212,150,184
5.2488,2190,2212,150,184
5.2492,2190,2212,150,184
5.2496,2190,2212,150,184
5.2500,2182,2212,-50,192
5.2508,2182,2212,-50,192
5.2511,2182,2211,-50,184
5.2515,2182,2211,-50,184
5.2519,2182,2211,-50,184
5.2523,2182,2211,-50,192
5.2527,2182,2211,-50,192
5.2530,2182,2211,-50,192
5.2534,2182,2211,-50,192
5.2538,2182,2211,-50,192
5.2541,2182,2210,-50,192
5.2545,2182,2210,-50,192
5.2549,2182,2210,-50,192
5.2553,2182,2210,-50,200
5.2557,2182,2210,-50,200
5.2561,2182,2209,-50,192
5.2564,2182,2209,-50,192
5.2568,2182,2209,-50,192
5.2572,2182,2209,-50,200
5.2575,2182,2209,-50,200
5.2579,2182,2209,-50,200
5.2583,2182,2208,-50,200
5.2587,2182,2208,-50,200
5.2591,2182,2208,-50,200
5.2595,2182,2208,-50,200
5.2598,2182,2208,-50,200
5.2602,2173,2207,-50,200
5.2609,2173,2207,-50,200
5.2613,2173,2207,-50,208
5.2617,2173,2207,-50,208
5.2621,2173,2206,-50,200
5.2625,2173,2206,-50,200
5.2629,2173,2206,-50,200
5.2633,2173,2206,-50,208
5.2637,2173,2206,-50,208
5.2640,2173,2205,-50,208
5.2644,2173,2205,-50,208
5.2648,2173,2205,-50,208
5.2652,2173,2205,-50,216
5.2656,2173,2205,-50,216
5.2660,2173,2205,-50,216
5.2664,2173,2205,-50,216
5.2668,2173,2205,-50,216
5.2671,2173,2204,-50,216
5.2675,2173,2204,-50,216
5.2678,2173,2204,-50,216
5.2682,2173,2204,-50,204
5.2686,2173,2204,-50,204
5.2690,2173,2203,-50,204
5.2694,2173,2203,-50,204
5.2698,2173,2203,-50,204
5.2702,2162,2202,-500,196
5.2709,2162,2202,-500,196
5.2713,2162,2202,-500,204
5.2717,2162,2202,-500,204
5.2721,2162,2201,-500,204
5.2725,2162,2201,-500,204
5.2728,2162,2201,-500,204
5.2732,2162,2200,-500,204
5.2737,2162,2200,-500,204
5.2740,2162,2200,-500,204
5.2744,2162,2200,-500,204
5.2748,2162,2200,-500,204
5.2751,2162,2199,-500,204
5.2755,2162,2199,-500,204
5.2758,2162,2199,-500,204
5.2762,2162,2199,-500,212
5.2766,2162,2199,-500,212
5.2770,2162,2198,-500,212
5.2774,2162,2198,-500,212
5.2778,2162,2198,-500,212
5.2782,2162,2197,-500,212
5.2786,2162,2197,-500,212
5.2790,2162,2197,-500,212
5.2793,2162,2197,-500,212
5.2797,2162,2197,-500,212
5.2800,2151,2197,-500,220
5.2807,2151,2197,-500,220
5.2811,2151,2196,-500,220
5.2815,2151,2196,-500,220
5.2818,2151,2196,-500,220
5.2822,2151,2195,-500,220
5.2825,2151,2195,-500,220
5.2829,2151,2195,-500,228
5.2833,2151,2195,-500,228
5.2837,2151,2195,-500,228
5.2840,2151,2194,-500,228
5.2844,2151,2194,-500,228
5.2847,2151,2194,-500,228
5.2851,2151,2193,-500,228
5.2855,2151,2193,-500,228
5.2859,2151,2193,-500,236
5.2863,2151,2193,-500,236
5.2867,2151,2193,-500,236
5.2871,2151,2192,-500,228
5.2876,2151,2192,-500,228
5.2879,2151,2191,-500,220
5.2883,2151,2191,-500,220
5.2887,2151,2191,-500,220
5.2891,2151,2190,-500,220
5.2895,2151,2190,-500,220
5.2898,2151,2190,-500,220
5.2902,2139,2190,-600,228
5.2909,2139,2189,-600,228
5.2913,2139,2189,-600,228
5.2917,2139,2189,-600,228
5.2921,2139,2189,-600,236
5.2925,2139,2189,-600,236
5.2929,2139,2188,-600,236
5.2933,2139,2188,-600,236
5.2937,2139,2188,-600,236
5.2940,2139,2187,-600,236
5.2944,2139,2187,-600,236
5.2948,2139,2187,-600,236
5.2952,2139,2187,-600,244
5.2956,2139,2187,-600,244
5.2960,2139,2186,-600,244
5.2963,2139,2186,-600,244
5.2967,2139,2186,-600,244
5.2971,2139,2185,-600,244
5.2975,2139,2185,-600,244
5.2979,2139,2184,-600,244
5.2983,2139,2184,-600,244
5.2987,2139,2184,-600,244
5.2991,2139,2184,-600,252
5.2994,2139,2184,-600,252
5.2998,2139,2184,-600,252
5.3001,2126,2183,-600,252
5.3009,2126,2182,-600,252
5.3012,2126,2182,-600,252
5.3017,2126,2182,-600,252
5.3020,2126,2182,-600,260
5.3024,2126,2182,-600,260
5.3028,2126,2181,-600,260
5.3032,2126,2181,-600,260
5.3036,2126,2181,-600,260
5.3040,2126,2180,-600,260
5.3044,2126,2180,-600,260
5.3047,2126,2180,-600,260
5.3051,2126,2179,-600,260
5.3055,2126,2179,-600,260
5.3059,2126,2178,-600,260
5.3063,2126,2178,-600,260
5.3067,2126,2178,-600,260
5.3070,2126,2178,-600,268
5.3074,2126,2178,-600,268
5.3078,2126,2177,-600,280
5.3082,2126,2177,-600,280
5.3086,2126,2177,-600,280
5.3091,2126,2176,-600,280
5.3095,2126,2176,-600,280
5.3098,2126,2176,-700,288
5.3102,2112,2176,-700,288
5.3109,2112,2175,-700,288
5.3113,2112,2175,-700,288
5.3117,2112,2175,-700,288
5.3121,2112,2174,-700,288
5.3125,2112,2174,-700,288
5.3129,2112,2173,-700,288
5.3133,2112,2173,-700,288
5.3137,2112,2173,-700,288
5.3141,2112,2172,-700,288
5.3145,2112,2172,-700,288
5.3148,2112,2171,-700,288
5.3152,2112,2171,-700,288
5.3157,2112,2171,-700,288
5.3160,2112,2171,-700,296
5.3164,2112,2171,-700,296
5.3168,2112,2170,-700,304
5.3172,2112,2170,-700,304
5.3177,2112,2170,-700,304
5.3180,2112,2169,-700,304
5.3184,2112,2169,-700,304
5.3188,2112,2168,-700,304
5.3191,2112,2168,-700,304
5.3195,2112,2168,-700,304
5.3199,2112,2167,-700,304
5.3203,2098,2167,-700,304
5.3210,2098,2166,-700,304
5.3214,2098,2166,-700,304
5.3218,2098,2166,-700,312
5.3222,2098,2166,-700,312
5.3225,2098,2166,-700,312
5.3229,2098,2164,-700,304
5.3233,2098,2164,-700,304
5.3237,2098,2164,-700,312
5.3241,2098,2164,-700,312
5.3245,2098,2164,-700,312
5.3248,2098,2163,-700,312
5.3252,2098,2163,-700,312
5.3256,2098,2163,-700,312
5.3260,2098,2162,-700,320
5.3264,2098,2162,-700,320
5.3267,2098,2161,-700,320
5.3271,2098,2161,-700,320
5.3275,2098,2161,-700,320
5.3279,2098,2160,-700,316
5.3283,2098,2160,-700,316
5.3287,2098,2159,-700,316
5.3291,2098,2159,-700,316
5.3294,2098,2159,-700,316
5.3298,2098,2158,-900,316
5.3302,2084,2157,-900,324
5.3310,2084,2157,-900,324
5.3314,2084,2157,-900,324
5.3318,2084,2156,-900,324
5.3322,2084,2156,-900,324
5.3326,2084,2155,-900,324
5.3330,2084,2155,-900,324
5.3334,2084,2155,-900,324
5.3338,2084,2154,-900,324
5.3342,2084,2154,-900,324
5.3347,2084,2153,-900,324
5.3350,2084,2153,-900,324
5.3354,2084,2153,-900,324
5.3358,2084,2152,-900,324
5.3362,2084,2152,-900,324
5.3366,2084,2151,-900,332
5.3370,2084,2151,-900,332
5.3373,2084,2151,-900,332
5.3377,2084,2150,-900,332
5.3381,2084,2150,-900,332
5.3385,2084,2150,-900,332
5.3389,2084,2149,-900,332
5.3393,2084,2149,-900,332
5.3397,2084,2149,-900,340
5.3401,2070,2149,-900,340
5.3407,2070,2147,-900,340
5.3411,2070,2147,-900,340
5.3415,2070,2147,-900,340
5.3419,2070,2146,-900,340
5.3423,2070,2146,-900,340
5.3427,2070,2145,-900,340
5.3430,2070,2145,-900,340
5.3434,2070,2145,-900,340
5.3438,2070,2144,-900,340
5.3442,2070,2144,-900,340
5.3447,2070,2143,-900,340
5.3450,2070,2143,-900,340
5.3454,2070,2143,-900,340
5.3458,2070,2142,-900,348
5.3462,2070,2142,-900,348
5.3467,2070,2141,-900,348
5.3470,2070,2141,-900,348
5.3474,2070,2141,-900,348
5.3478,2070,2140,-900,344
5.3481,2070,2140,-900,344
5.3485,2070,2140,-900,344
5.3489,2070,2139,-900,352
5.3492,2070,2139,-900,352
5.3497,2070,2137,-1050,344
5.3500,2055,2137,-1050,344
5.3508,2055,2136,-1050,344
5.3511,2055,2136,-1050,344
5.3515,2055,2135,-1050,344
5.3519,2055,2135,-1050,344
5.3523,2055,2135,-1050,344
5.3527,2055,2134,-1050,352
5.3531,2055,2134,-1050,352
5.3535,2055,2134,-1050,352
5.3539,2055,2133,-1050,352
5.3542,2055,2133,-1050,352
5.3546,2055,2132,-1050,352
5.3550,2055,2132,-1050,352
5.3554,2055,2132,-1050,352
5.3558,2055,2131,-1050,360
5.3561,2055,2131,-1050,360
5.3565,2055,2131,-1050,360
5.3568,2055,2130,-1050,360
5.3572,2055,2130,-1050,360
5.3576,2055,2129,-1050,360
5.3580,2055,2129,-1050,360
5.3584,2055,2129,-1050,360
5.3587,2055,2127,-1050,352
5.3591,2055,2127,-1050,352
5.3595,2055,2126,-1050,360
5.3599,2055,2126,-1050,360
5.3603,2039,2126,-1050,368
5.3610,2039,2126,-1050,368
5.3614,2039,2126,-1050,368
5.3618,2039,2125,-1050,368
5.3621,2039,2125,-1050,368
5.3625,2039,2123,-1050,360
5.3629,2039,2123,-1050,360
5.3633,2039,2123,-1050,360
5.3636,2039,2122,-1050,368
5.3640,2039,2122,-1050,368
5.3644,2039,2122,-1050,368
5.3648,2039,2121,-1050,368
5.3652,2039,2121,-1050,368
5.3656,2039,2120,-1050,368
5.3659,2039,2120,-1050,368
5.3663,2039,2120,-1050,368
5.3667,2039,2118,-1050,368
5.3671,2039,2118,-1050,368
5.3675,2039,2117,-1050,364
5.3679,2039,2117,-1050,364
5.3683,2039,2117,-1050,364
5.3687,2039,2116,-1050,372
5.3691,2039,2116,-1050,372
5.3694,2039,2115,-1100,372
5.3698,2039,2115,-1100,372
5.3702,2024,2114,-1100,372
5.3709,2024,2114,-1100,372
5.3714,2024,2114,-1100,372
5.3717,2024,2113,-1100,380
5.3721,2024,2113,-1100,380
5.3725,2024,2111,-1100,372
5.3728,2024,2111,-1100,372
5.3732,2024,2111,-1100,372
5.3736,2024,2110,-1100,372
5.3740,2024,2110,-1100,372
5.3744,2024,2110,-1100,372
5.3748,2024,2109,-1100,380
5.3752,2024,2109,-1100,380
5.3756,2024,2107,-1100,372
5.3759,2024,2107,-1100,372
5.3763,2024,2107,-1100,372
5.3767,2024,2106,-1100,380
5.3771,2024,2106,-1100,380
5.3775,2024,2105,-1100,380
5.3778,2024,2105,-1100,380
5.3782,2024,2105,-1100,380
5.3786,2024,2104,-1100,380
5.3789,2024,2104,-1100,380
5.3793,2024,2104,-1100,380
5.3797,2024,2103,-1100,388
5.3801,2010,2101,-1100,380
5.3808,2010,2101,-1100,380
5.3812,2010,2101,-1100,380
5.3816,2010,2100,-1100,380
5.3820,2010,2100,-1100,380
5.3824,2010,2099,-1100,388
5.3828,2010,2099,-1100,388
5.3832,2010,2099,-1100,388
5.3835,2010,2098,-1100,388
5.3839,2010,2098,-1100,388
5.3843,2010,2098,-1100,388
5.3847,2010,2097,-1100,396
5.3851,2010,2097,-1100,396
5.3855,2010,2095,-1100,388
5.3858,2010,2095,-1100,388
5.3862,2010,2095,-1100,388
5.3866,2010,2094,-1100,388
5.3870,2010,2094,-1100,388
5.3874,2010,2093,-1100,400
5.3878,2010,2093,-1100,400
5.3882,2010,2093,-1100,400
5.3885,2010,2091,-1100,392
5.3889,2010,2091,-1100,392
5.3893,2010,2091,-1100,392
5.3896,2010,2090,-1250,400
5.3900,2010,2090,-1250,400
5.3904,1995,2089,-1250,400
5.3911,1995,2089,-1250,400
5.3915,1995,2087,-1250,392
5.3918,1995,2087,-1250,392
5.3922,1995,2087,-1250,392
5.3926,1995,2086,-1250,400
5.3930,1995,2086,-1250,400
5.3934,1995,2085,-1250,400
5.3937,1995,2085,-1250,400
5.3941,1995,2085,-1250,400
5.3945,1995,2084,-1250,400
5.3949,1995,2084,-1250,400
5.3953,1995,2084,-1250,400
5.3957,1995,2082,-1250,400
5.3960,1995,2082,-1250,400
5.3964,1995,2081,-1250,400
5.3968,1995,2081,-1250,400
5.3972,1995,2081,-1250,400
5.3976,1995,2079,-1250,400
5.3979,1995,2079,-1250,400
5.3983,1995,2078,-1250,400
5.3987,1995,2078,-1250,400
5.3991,1995,2078,-1250,400
5.3995,1995,2077,-1250,408
5.3999,1995,2077,-1250,408
5.4002,1981,2076,-1250,408
5.4010,1981,2076,-1250,408
5.4013,1981,2074,-1250,400
5.4017,1981,2074,-1250,400
5.4020,1981,2074,-1250,400
5.4024,1981,2073,-1250,408
5.4027,1981,2073,-1250,408
5.4031,1981,2073,-1250,408
5.4034,1981,2072,-1250,408
5.4038,1981,2072,-1250,408
5.4042,1981,2072,-1250,408
5.4046,1981,2070,-1250,408
5.4050,1981,2070,-1250,408
5.4054,1981,2069,-1250,408
5.4058,1981,2069,-1250,408
5.4062,1981,2069,-1250,408
5.4065,1981,2068,-1250,416
5.4069,1981,2068,-1250,416
5.4073,1981,2066,-1250,396
5.4077,1981,2066,-1250,396
5.4081,1981,2066,-1250,396
5.4084,1981,2065,-1250,396
5.4088,1981,2065,-1250,396
5.4092,1981,2065,-1250,396
5.4095,1981,2064,-1300,404
5.4099,1981,2064,-1300,404
5.4102,1967,2062,-1300,396
5.4110,1967,2062,-1300,396
5.4114,1967,2061,-1300,396
5.4118,1967,2061,-1300,396
5.4122,1967,2061,-1300,396
5.4126,1967,2059,-1300,396
5.4130,1967,2059,-1300,396
5.4134,1967,2058,-1300,396
5.4138,1967,2058,-1300,396
5.4142,1967,2058,-1300,396
5.4145,1967,2056,-1300,396
5.4150,1967,2056,-1300,396
5.4154,1967,2055,-1300,396
5.4157,1967,2055,-1300,396
5.4161,1967,2055,-1300,396
5.4165,1967,2054,-1300,396
5.4169,1967,2054,-1300,396
5.4172,1967,2052,-1300,396
5.4176,1967,2052,-1300,396
5.4180,1967,2052,-1300,396
5.4184,1967,2051,-1300,396
5.4188,1967,2051,-1300,396
5.4191,1967,2051,-1300,396
5.4195,1967,2050,-1300,404
5.4199,1967,2050,-1300,404
5.4203,1954,2048,-1300,396
5.4210,1954,2048,-1300,396
5.4214,1954,2047,-1300,404
5.4218,1954,2047,-1300,404
5.4222,1954,2045,-1300,396
5.4227,1954,2045,-1300,396
5.4230,1954,2045,-1300,396
5.4234,1954,2044,-1300,396
5.4238,1954,2044,-1300,396
5.4242,1954,2043,-1300,404
5.4246,1954,2043,-1300,404
5.4250,1954,2043,-1300,404
5.4254,1954,2041,-1300,396
5.4257,1954,2041,-1300,396
5.4261,1954,2041,-1300,396
5.4265,1954,2040,-1300,404
5.4269,1954,2040,-1300,404
5.4273,1954,2038,-1300,392
5.4277,1954,2038,-1300,392
5.4281,1954,2038,-1300,392
5.4285,1954,2037,-1300,392
5.4289,1954,2037,-1300,392
5.4292,1954,2035,-1450,392
5.4297,1954,2035,-1450,392
5.4300,1942,2034,-1450,392
5.4308,1942,2034,-1450,392
5.4312,1942,2033,-1450,392
5.4316,1942,2033,-1450,392
5.4320,1942,2033,-1450,392
5.4324,1942,2031,-1450,392
5.4328,1942,2031,-1450,392
5.4332,1942,2030,-1450,392
5.4337,1942,2030,-1450,392
5.4341,1942,2030,-1450,392
5.4344,1942,2029,-1450,400
5.4348,1942,2029,-1450,400
5.4352,1942,2027,-1450,392
5.4356,1942,2027,-1450,392
5.4360,1942,2027,-1450,392
5.4364,1942,2026,-1450,392
5.4368,1942,2026,-1450,392
5.4372,1942,2024,-1450,392
5.4377,1942,2024,-1450,392
5.4380,1942,2024,-1450,392
5.4384,1942,2023,-1450,392
5.4388,1942,2023,-1450,392
5.4392,1942,2022,-1450,392
5.4397,1942,2022,-1450,392
5.4400,1930,2020,-1450,392
5.4408,1930,2020,-1450,392
5.4412,1930,2019,-1450,392
5.4416,1930,2019,-1450,392
5.4420,1930,2019,-1450,392
5.4424,1930,2017,-1450,384
5.4427,1930,2017,-1450,384
5.4431,1930,2016,-1450,392
5.4435,1930,2016,-1450,392
5.4439,1930,2016,-1450,392
5.4443,1930,2014,-1450,384
5.4447,1930,2014,-1450,384
5.4451,1930,2013,-1450,384
5.4455,1930,2013,-1450,384
5.4459,1930,2013,-1450,384
5.4463,1930,2011,-1450,384
5.4467,1930,2011,-1450,384
5.4470,1930,2011,-1450,384
5.4474,1930,2010,-1450,380
5.4478,1930,2010,-1450,380
5.4482,1930,2009,-1450,380
5.4487,1930,2009,-1450,380
5.4490,1930,2007,-1400,380
5.4494,1930,2007,-1400,380
5.4498,1930,2007,-1400,380
5.4502,1919,2006,-1400,380
5.4510,1919,2006,-1400,380
5.4514,1919,2005,-1400,380
5.4517,1919,2005,-1400,380
5.4521,1919,2004,-1400,388
5.4525,1919,2004,-1400,388
5.4529,1919,2004,-1400,388
5.4533,1919,2002,-1400,380
5.4537,1919,2002,-1400,380
5.4541,1919,2001,-1400,380
5.4545,1919,2001,-1400,380
5.4548,1919,2001,-1400,380
5.4552,1919,1999,-1400,380
5.4556,1919,1999,-1400,380
5.4560,1919,1999,-1400,380
5.4564,1919,1998,-1400,380
5.4568,1919,1998,-1400,380
5.4572,1919,1997,-1400,380
5.4575,1919,1997,-1400,380
5.4579,1919,1997,-1400,380
5.4583,1919,1995,-1400,380
5.4587,1919,1995,-1400,380
5.4591,1919,1993,-1400,372
5.4595,1919,1993,-1400,372
5.4599,1919,1993,-1400,372
5.4602,1910,1992,-1400,372
5.4610,1910,1991,-1400,372
5.4614,1910,1991,-1400,372
5.4618,1910,1991,-1400,372
5.4622,1910,1989,-1400,372
5.4626,1910,1989,-1400,372
5.4630,1910,1988,-1400,372
5.4634,1910,1988,-1400,372
5.4638,1910,1988,-1400,372
5.4642,1910,1987,-1400,372
5.4645,1910,1987,-1400,372
5.4649,1910,1987,-1400,372
5.4653,1910,1985,-1400,364
5.4657,1910,1985,-1400,364
5.4661,1910,1984,-1400,372
5.4665,1910,1984,-1400,372
5.4668,1910,1984,-1400,372
5.4672,1910,1983,-1400,372
5.4676,1910,1983,-1400,372
5.4679,1910,1983,-1400,372
5.4683,1910,1982,-1400,372
5.4687,1910,1982,-1400,372
5.4691,1910,1980,-1350,364
5.4695,1910,1980,-1350,364
5.4699,1910,1980,-1350,364
5.4703,1901,1979,-1350,372
5.4710,1901,1978,-1350,372
5.4714,1901,1978,-1350,372
5.4718,1901,1978,-1350,372
5.4722,1901,1976,-1350,364
5.4725,1901,1976,-1350,364
5.4729,1901,1976,-1350,364
5.4733,1901,1975,-1350,364
5.4737,1901,1975,-1350,364
5.4741,1901,1973,-1350,356
5.4744,1901,1973,-1350,356
5.4748,1901,1973,-1350,356
5.4752,1901,1972,-1350,364
5.4757,1901,1972,-1350,364
5.4760,1901,1971,-1350,364
5.4764,1901,1971,-1350,364
5.4768,1901,1971,-1350,364
5.4772,1901,1970,-1350,364
5.4776,1901,1970,-1350,364
5.4780,1901,1968,-1350,356
5.4784,1901,1968,-1350,356
5.4788,1901,1968,-1350,356
5.4792,1901,1967,-1350,356
5.4796,1901,1967,-1350,356
5.4799,1901,1965,-1350,348
5.4803,1893,1965,-1350,348
5.4811,1893,1964,-1350,348
5.4814,1893,1964,-1350,348
5.4818,1893,1964,-1350,348
5.4822,1893,1963,-1350,348
5.4827,1893,1963,-1350,348
5.4830,1893,1961,-1350,340
5.4834,1893,1961,-1350,340
5.4838,1893,1961,-1350,340
5.4842,1893,1960,-1350,348
5.4846,1893,1960,-1350,348
5.4850,1893,1959,-1350,348
5.4853,1893,1959,-1350,348
5.4857,1893,1959,-1350,348
5.4861,1893,1957,-1350,340
5.4865,1893,1957,-1350,340
5.4869,1893,1956,-1350,328
5.4873,1893,1956,-1350,328
5.4876,1893,1956,-1350,328
5.4880,1893,1955,-1350,328
5.4884,1893,1955,-1350,328
5.4888,1893,1955,-1350,328
5.4892,1893,1954,-1300,328
5.4896,1893,1954,-1300,328
5.4899,1893,1952,-1300,320
5.4903,1887,1952,-1300,320
5.4911,1887,1951,-1300,320
5.4914,1887,1951,-1300,320
5.4918,1887,1949,-1300,312
5.4922,1887,1949,-1300,312
5.4927,1887,1949,-1300,312
5.4930,1887,1948,-1300,312
5.4934,1887,1948,-1300,312
5.4937,1887,1948,-1300,312
5.4941,1887,1947,-1300,312
5.4945,1887,1947,-1300,312
5.4948,1887,1945,-1300,304
5.4952,1887,1945,-1300,304
5.4956,1887,1945,-1300,304
5.4960,1887,1944,-1300,304
5.4964,1887,1944,-1300,304
5.4968,1887,1943,-1300,304
5.4972,1887,1943,-1300,304
5.4977,1887,1943,-1300,304
5.4981,1887,1942,-1300,304
5.4985,1887,1942,-1300,304
5.4989,1887,1940,-1300,296
5.4993,1887,1940,-1300,296
5.4997,1887,1940,-1300,296
5.5001,1882,1939,-1300,296
5.5008,1882,1938,-1300,296
5.5012,1882,1938,-1300,296
5.5017,1882,1938,-1300,296
5.5020,1882,1936,-1300,288
5.5024,1882,1936,-1300,288
5.5028,1882,1935,-1300,288
5.5032,1882,1935,-1300,288
5.5036,1882,1935,-1300,288
5.5040,1882,1934,-1300,288
5.5043,1882,1934,-1300,288
5.5047,1882,1934,-1300,288
5.5051,1882,1933,-1300,288
5.5055,1882,1933,-1300,288
5.5058,1882,1932,-1300,280
5.5062,1882,1932,-1300,280
5.5066,1882,1932,-1300,280
5.5069,1882,1930,-1300,260
5.5073,1882,1930,-1300,260
5.5077,1882,1930,-1300,260
5.5081,1882,1929,-1300,260
5.5085,1882,1929,-1300,260
5.5089,1882,1928,-1300,260
5.5092,1882,1928,-1300,260
5.5096,1882,1928,-1300,260
5.5100,1878,1927,-1300,260
5.5107,1878,1926,-1300,252
5.5111,1878,1926,-1300,252
5.5115,1878,1926,-1300,252
5.5119,1878,1925,-1300,252
5.5123,1878,1925,-1300,252
5.5127,1878,1925,-1300,252
5.5131,1878,1923,-1300,244
5.5135,1878,1923,-1300,244
5.5138,1878,1922,-1300,244
5.5142,1878,1922,-1300,244
5.5147,1878,1922,-1300,244
5.5150,1878,1921,-1300,244
5.5154,1878,1921,-1300,244
5.5158,1878,1920,-1300,236
5.5162,1878,1920,-1300,236
5.5167,1878,1920,-1300,236
5.5170,1878,1919,-1300,236
5.5174,1878,1919,-1300,236
5.5178,1878,1918,-1300,236
5.5182,1878,1918,-1300,236
5.5187,1878,1918,-1300,236
5.5190,1878,1917,-1300,236
5.5194,1878,1917,-1300,236
5.5198,1878,1916,-1300,228
5.5202,1875,1916,-1300,228
5.5209,1875,1915,-1300,228
5.5213,1875,1915,-1300,228
5.5217,1875,1915,-1300,228
5.5221,1875,1914,-1300,228
5.5224,1875,1914,-1300,228
5.5228,1875,1913,-1300,220
5.5232,1875,1913,-1300,220
5.5237,1875,1913,-1300,220
5.5240,1875,1912,-1300,220
5.5244,1875,1912,-1300,220
5.5248,1875,1910,-1300,212
5.5252,1875,1910,-1300,212
5.5256,1875,1910,-1300,212
5.5260,1875,1909,-1300,204
5.5264,1875,1909,-1300,204
5.5268,1875,1908,-1300,204
5.5272,1875,1908,-1300,204
5.5276,1875,1908,-1300,204
5.5280,1875,1908,-1300,204
5.5284,1875,1908,-1300,204
5.5288,1875,1907,-1050,204
5.5292,1875,1907,-1050,204
5.5296,1875,1907,-1050,204
5.5299,1875,1906,-1050,196
5.5303,1874,1905,-1050,196
5.5310,1874,1905,-1050,196
5.5314,1874,1905,-1050,196
5.5318,1874,1904,-1050,188
5.5322,1874,1904,-1050,188
5.5326,1874,1903,-1050,188
5.5330,1874,1903,-1050,188
5.5334,1874,1903,-1050,188
5.5338,1874,1902,-1050,180
5.5342,1874,1902,-1050,180
5.5346,1874,1901,-1050,180
5.5350,1874,1901,-1050,180
5.5354,1874,1901,-1050,180
5.5358,1874,1900,-1050,172
5.5362,1874,1900,-1050,172
5.5367,1874,1899,-1050,164
5.5370,1874,1899,-1050,164
5.5374,1874,1899,-1050,164
5.5378,1874,1898,-1050,164
5.5381,1874,1898,-1050,164
5.5385,1874,1898,-1050,164
5.5389,1874,1897,-1050,156
5.5393,1874,1897,-1050,156
5.5397,1874,1896,-1050,148
5.5401,1873,1896,-1050,148
5.5408,1873,1895,-1050,148
5.5411,1873,1895,-1050,148
5.5415,1873,1895,-1050,148
5.5419,1873,1895,-1050,148
5.5423,1873,1895,-1050,148
5.5427,1873,1893,-1050,132
5.5431,1873,1893,-1050,132
5.5435,1873,1893,-1050,132
5.5438,1873,1893,-1050,140
5.5442,1873,1893,-1050,140
5.5447,1873,1892,-1050,132
5.5450,1873,1892,-1050,132
5.5454,1873,1892,-1050,132
5.5458,1873,1891,-1050,124
5.5462,1873,1891,-1050,124
5.5467,1873,1890,-1050,100
5.5471,1873,1890,-1050,100
5.5475,1873,1890,-1050,100
5.5478,1873,1889,-1050,92
5.5482,1873,1889,-1050,92
5.5485,1873,1889,-1050,92
5.5489,1873,1888,-950,84
5.5493,1873,1888,-950,84
5.5497,1873,1888,-950,84
5.5501,1875,1888,-950,84
5.5508,1875,1887,-950,76
5.5512,1875,1887,-950,76
5.5516,1875,1887,-950,76
5.5520,1875,1887,-950,76
5.5524,1875,1887,-950,76
5.5528,1875,1886,-950,68
5.5532,1875,1886,-950,68
5.5535,1875,1885,-950,60
5.5539,1875,1885,-950,60
5.5543,1875,1885,-950,60
5.5547,1875,1885,-950,60
5.5551,1875,1885,-950,60
5.5554,1875,1885,-950,60
5.5558,1875,1884,-950,52
5.5562,1875,1884,-950,52
5.5566,1875,1883,-950,44
5.5570,1875,1883,-950,44
5.5574,1875,1883,-950,44
5.5577,1875,1882,-950,36
5.5581,1875,1882,-950,36
5.5585,1875,1882,-950,36
5.5588,1875,1882,-950,28
5.5592,1875,1882,-950,28
5.5596,1875,1881,-950,20
5.5600,1877,1881,-950,20
5.5607,1877,1881,-950,20
5.5611,1877,1881,-950,20
5.5614,1877,1881,-950,20
5.5617,1877,1880,-950,-20
5.5621,1877,1880,-950,-20
5.5625,1877,1880,-950,-20
5.5629,1877,1880,-950,-20
5.5633,1877,1880,-950,-20
5.5637,1877,1879,-950,-36
5.5640,1877,1879,-950,-36
5.5644,1877,1879,-950,-36
5.5647,1877,1879,-950,-36
5.5651,1877,1879,-950,-36
5.5655,1877,1878,-950,-44
5.5659,1877,1878,-950,-44
5.5663,1877,1878,-950,-44
5.5666,1877,1878,-950,-68
5.5670,1877,1878,-950,-68
5.5673,1877,1878,-950,-68
5.5677,1877,1878,-950,-68
5.5680,1877,1878,-950,-68
5.5684,1877,1878,-950,-68
5.5688,1877,1877,-550,-76
5.5691,1877,1877,-550,-76
5.5695,1877,1877,-550,-76
5.5698,1877,1877,-550,-76
5.5702,1881,1876,-550,-76
5.5708,1881,1876,-550,-76
5.5711,1881,1876,-550,-76
5.5715,1881,1876,-550,-76
5.5718,1881,1876,-550,-76
5.5722,1881,1876,-550,-76
5.5725,1881,1875,-550,-84
5.5729,1881,1875,-550,-84
5.5733,1881,1875,-550,-84
5.5737,1881,1875,-550,-84
5.5740,1881,1875,-550,-84
5.5744,1881,1875,-550,-84
5.5747,1881,1875,-550,-84
5.5751,1881,1875,-550,-84
5.5754,1881,1875,-550,-92
5.5758,1881,1875,-550,-92
5.5762,1881,1875,-550,-92
5.5765,1881,1875,-550,-92
5.5769,1881,1875,-550,-92
5.5773,1881,1875,-550,-92
5.5776,1881,1874,-550,-100
5.5780,1881,1874,-550,-100
5.5783,1881,1874,-550,-100
5.5786,1881,1874,-550,-108
5.5790,1881,1874,-550,-108
5.5793,1881,1874,-550,-108
5.5796,1881,1874,-550,-108
5.5800,1881,1874,-550,-108
5.5803,1886,1874,-550,-108
5.5810,1886,1874,-550,-108
5.5813,1886,1874,-550,-108
5.5817,1886,1874,-550,-116
5.5820,1886,1874,-550,-116
5.5824,1886,1874,-550,-116
5.5827,1886,1874,-550,-116
5.5831,1886,1874,-550,-116
5.5834,1886,1874,-550,-116
5.5838,1886,1874,-550,-116
5.5842,1886,1874,-550,-116
5.5845,1886,1874,-550,-124
5.5849,1886,1874,-550,-124
5.5852,1886,1874,-550,-124
5.5856,1886,1874,-550,-124
5.5860,1886,1874,-550,-124
5.5863,1886,1874,-550,-124
5.5867,1886,1874,-550,-92
5.5870,1886,1874,-550,-92
5.5874,1886,1874,-550,-92
5.5877,1886,1874,-550,-100
5.5881,1886,1874,-550,-100
5.5884,1886,1874,-150,-100
5.5888,1886,1874,-150,-100
5.5892,1886,1874,-150,-100
5.5896,1886,1874,-150,-108
5.5900,1886,1874,-150,-108
5.5903,1893,1874,-150,-108
5.5910,1893,1874,-150,-108
5.5913,1893,1874,-150,-108
5.5917,1893,1874,-150,-116
5.5921,1893,1874,-150,-116
5.5924,1893,1874,-150,-116
5.5928,1893,1874,-150,-116
5.5931,1893,1874,-150,-116
5.5935,1893,1874,-150,-116
5.5938,1893,1874,-150,-116
5.5942,1893,1874,-150,-116
5.5945,1893,1874,-150,-124
5.5949,1893,1874,-150,-124
5.5952,1893,1874,-150,-124
5.5957,1893,1874,-150,-124
5.5961,1893,1874,-150,-124
5.5964,1893,1874,-150,-132
5.5967,1893,1874,-150,-132
5.5971,1893,1874,-150,-132
5.5974,1893,1874,-150,-140
5.5978,1893,1874,-150,-140
5.5981,1893,1874,-150,-140
5.5985,1893,1874,-150,-140
5.5988,1893,1874,-150,-140
5.5991,1893,1874,-150,-140
5.5995,1893,1874,-150,-148
5.5999,1893,1874,-150,-148
5.6002,1900,1874,-150,-148
5.6010,1900,1874,-150,-148
5.6013,1900,1874,-150,-148
5.6016,1900,1874,-150,-156
5.6020,1900,1874,-150,-156
5.6023,1900,1875,-150,-148
5.6026,1900,1875,-150,-148
5.6030,1900,1875,-150,-148
5.6033,1900,1875,-150,-156
5.6037,1900,1875,-150,-156
5.6040,1900,1875,-150,-156
5.6044,1900,1875,-150,-164
5.6047,1900,1875,-150,-164
5.6050,1900,1875,-150,-164
5.6054,1900,1876,-150,-156
5.6058,1900,1876,-150,-156
5.6062,1900,1876,-150,-156
5.6067,1900,1876,-150,-172
5.6071,1900,1876,-150,-172
5.6074,1900,1876,-150,-180
5.6077,1900,1876,-150,-180
5.6081,1900,1876,-150,-180
5.6084,1900,1877,150,-172
5.6088,1900,1877,150,-172
5.6091,1900,1877,150,-172
5.6095,1900,1877,150,-180
5.6099,1900,1877,150,-180
5.6103,1909,1877,150,-180
5.6110,1909,1877,150,-180
5.6113,1909,1878,150,-180
5.6117,1909,1878,150,-180
5.6121,1909,1878,150,-180
5.6125,1909,1878,150,-188
5.6129,1909,1878,150,-188
5.6133,1909,1878,150,-188
5.6136,1909,1878,150,-188
5.6140,1909,1878,150,-188
5.6144,1909,1879,150,-188
5.6148,1909,1879,150,-188
5.6151,1909,1879,150,-188
5.6155,1909,1879,150,-196
5.6159,1909,1879,150,-196
5.6163,1909,1879,150,-196
5.6167,1909,1879,150,-196
5.6170,1909,1879,150,-196
5.6174,1909,1880,150,-196
5.6178,1909,1880,150,-196
5.6182,1909,1880,150,-196
5.6187,1909,1880,150,-204
5.6191,1909,1880,150,-204
5.6194,1909,1881,150,-196
5.6198,1909,1881,150,-196
5.6202,1918,1881,150,-204
5.6209,1918,1881,150,-204
5.6213,1918,1881,150,-212
5.6216,1918,1881,150,-212
5.6220,1918,1881,150,-212
5.6223,1918,1882,150,-204
5.6227,1918,1882,150,-204
5.6230,1918,1882,150,-204
5.6234,1918,1882,150,-212
5.6238,1918,1882,150,-212
5.6241,1918,1882,150,-212
5.6245,1918,1883,150,-212
5.6248,1918,1883,150,-212
5.6252,1918,1883,150,-212
5.6255,1918,1884,150,-212
5.6259,1918,1884,150,-212
5.6263,1918,1884,150,-196
5.6266,1918,1884,150,-196
5.6270,1918,1884,150,-196
5.6274,1918,1885,150,-196
5.6277,1918,1885,150,-196
5.6281,1918,1885,150,-196
5.6285,1918,1885,400,-204
5.6289,1918,1885,400,-204
5.6293,1918,1886,400,-204
5.6297,1918,1886,400,-204
5.6300,1929,1886,400,-212
5.6307,1929,1886,400,-212
5.6311,1929,1887,400,-204
5.6315,1929,1887,400,-204
5.6319,1929,1887,400,-204
5.6323,1929,1887,400,-212
5.6327,1929,1887,400,-212
5.6331,1929,1887,400,-212
5.6334,1929,1888,400,-212
5.6338,1929,1888,400,-212
5.6342,1929,1889,400,-212
5.6345,1929,1889,400,-212
5.6349,1929,1889,400,-212
5.6353,1929,1889,400,-220
5.6356,1929,1889,400,-220
5.6360,1929,1889,400,-220
5.6364,1929,1890,400,-220
5.6368,1929,1890,400,-220
5.6371,1929,1890,400,-220
5.6375,1929,1890,400,-220
5.6378,1929,1890,400,-220
5.6382,1929,1891,400,-220
5.6385,1929,1891,400,-220
5.6389,1929,1891,400,-220
5.6392,1929,1892,400,-220
5.6397,1929,1892,400,-220
5.6401,1940,1892,400,-228
5.6408,1940,1892,400,-228
5.6412,1940,1893,400,-228
5.6415,1940,1893,400,-228
5.6419,1940,1893,400,-228
5.6423,1940,1894,400,-220
5.6427,1940,1894,400,-220
5.6430,1940,1894,400,-220
5.6434,1940,1894,400,-228
5.6437,1940,1894,400,-228
5.6441,1940,1894,400,-228
5.6444,1940,1895,400,-228
5.6448,1940,1895,400,-228
5.6452,1940,1895,400,-236
5.6455,1940,1895,400,-236
5.6459,1940,1895,400,-236
5.6463,1940,1896,400,-236
5.6466,1940,1896,400,-236
5.6470,1940,1896,400,-236
5.6473,1940,1897,400,-236
5.6477,1940,1897,400,-236
5.6481,1940,1897,400,-236
5.6484,1940,1897,600,-244
5.6488,1940,1897,600,-244
5.6492,1940,1898,600,-244
5.6496,1940,1898,600,-244
5.6500,1953,1899,600,-244
5.6507,1953,1899,600,-244
5.6512,1953,1899,600,-252
5.6516,1953,1899,600,-252
5.6520,1953,1899,600,-252
5.6523,1953,1900,600,-252
5.6527,1953,1900,600,-252
5.6531,1953,1900,600,-260
5.6534,1953,1900,600,-260
5.6538,1953,1900,600,-260
5.6542,1953,1901,600,-260
5.6545,1953,1901,600,-260
5.6549,1953,1901,600,-260
5.6553,1953,1902,600,-260
5.6556,1953,1902,600,-260
5.6560,1953,1902,600,-260
5.6563,1953,1903,600,-260
5.6567,1953,1903,600,-260
5.6570,1953,1903,600,-268
5.6574,1953,1903,600,-268
5.6578,1953,1903,600,-268
5.6581,1953,1904,600,-268
5.6585,1953,1904,600,-268
5.6589,1953,1904,600,-268
5.6592,1953,1905,600,-268
5.6596,1953,1905,600,-268
5.6599,1953,1905,600,-268
5.6603,1966,1906,600,-268
5.6610,1966,1906,600,-268
5.6614,1966,1906,600,-276
5.6618,1966,1906,600,-276
5.6621,1966,1907,600,-276
5.6625,1966,1907,600,-276
5.6629,1966,1907,600,-276
5.6633,1966,1908,600,-276
5.6636,1966,1908,600,-276
5.6640,1966,1908,600,-276
5.6643,1966,1909,600,-276
5.6647,1966,1909,600,-276
5.6651,1966,1909,600,-284
5.6654,1966,1909,600,-284
5.6658,1966,1909,600,-284
5.6662,1966,1910,600,-288
5.6665,1966,1910,600,-288
5.6669,1966,1910,600,-288
5.6673,1966,1911,600,-288
5.6676,1966,1911,600,-288
5.6680,1966,1912,750,-288
5.6683,1966,1912,750,-288
5.6687,1966,1912,750,-288
5.6691,1966,1913,750,-288
5.6694,1966,1913,750,-288
5.6698,1966,1913,750,-288
5.6701,1979,1913,750,-304
5.6708,1979,1913,750,-304
5.6712,1979,1914,750,-304
5.6716,1979,1914,750,-304
5.6720,1979,1915,750,-304
5.6724,1979,1915,750,-304
5.6728,1979,1915,750,-304
5.6732,1979,1916,750,-304
5.6736,1979,1916,750,-304
5.6741,1979,1917,750,-304
5.6744,1979,1917,750,-304
5.6748,1979,1917,750,-304
5.6752,1979,1918,750,-304
5.6756,1979,1918,750,-304
5.6760,1979,1919,750,-304
5.6764,1979,1919,750,-304
5.6767,1979,1919,750,-304
5.6771,1979,1920,750,-304
5.6774,1979,1920,750,-304
5.6778,1979,1920,750,-304
5.6782,1979,1921,750,-312
5.6785,1979,1921,750,-312
5.6789,1979,1921,750,-312
5.6793,1979,1921,750,-320
5.6796,1979,1921,750,-320
5.6800,1993,1922,750,-320
5.6806,1993,1922,750,-320
5.6810,1993,1923,750,-320
5.6813,1993,1923,750,-320
5.6817,1993,1923,750,-320
5.6820,1993,1924,750,-320
5.6824,1993,1924,750,-320
5.6827,1993,1924,750,-320
5.6830,1993,1925,750,-320
5.6834,1993,1925,750,-320
5.6837,1993,1925,750,-320
5.6841,1993,1926,750,-320
5.6844,1993,1926,750,-320
5.6848,1993,1926,750,-320
5.6851,1993,1927,750,-328
5.6854,1993,1927,750,-328
5.6858,1993,1927,750,-328
5.6862,1993,1928,750,-324
5.6865,1993,1928,750,-324
5.6869,1993,1928,750,-332
5.6872,1993,1928,750,-332
5.6877,1993,1928,750,-332
5.6880,1993,1930,900,-324
5.6884,1993,1930,900,-324
5.6888,1993,1930,900,-324
5.6892,1993,1931,900,-324
5.6895,1993,1931,900,-324
5.6899,1993,1932,900,-332
5.6902,2008,1932,900,-332
5.6910,2008,1933,900,-332
5.6913,2008,1933,900,-332
5.6917,2008,1933,900,-332
5.6920,2008,1934,900,-332
5.6924,2008,1934,900,-332
5.6928,2008,1934,900,-332
5.6932,2008,1935,900,-332
5.6935,2008,1935,900,-332
5.6939,2008,1935,900,-340
5.6942,2008,1935,900,-340
5.6946,2008,1935,900,-340
5.6950,2008,1936,900,-348
5.6954,2008,1936,900,-348
5.6958,2008,1936,900,-348
5.6961,2008,1938,900,-340
5.6965,2008,1938,900,-340
5.6969,2008,1939,900,-340
5.6973,2008,1939,900,-340
5.6976,2008,1939,900,-340
5.6980,2008,1940,900,-348
5.6984,2008,1940,900,-348
5.6988,2008,1940,900,-348
5.6991,2008,1941,900,-348
5.6995,2008,1941,900,-348
5.6999,2008,1942,900,-348
5.7003,2023,1942,900,-348
5.7010,2023,1943,900,-348
5.7013,2023,1943,900,-348
5.7017,2023,1943,900,-348
5.7021,2023,1944,900,-348
5.7025,2023,1944,900,-348
5.7029,2023,1945,900,-356
5.7033,2023,1945,900,-356
5.7037,2023,1945,900,-356
5.7040,2023,1946,900,-356
5.7044,2023,1946,900,-356
5.7048,2023,1947,900,-356
5.7051,2023,1947,900,-356
5.7055,2023,1947,900,-356
5.7059,2023,1948,900,-352
5.7063,2023,1948,900,-352
5.7066,2023,1948,900,-352
5.7070,2023,1949,900,-360
5.7074,2023,1949,900,-360
5.7078,2023,1950,1000,-360
5.7082,2023,1950,1000,-360
5.7086,2023,1950,1000,-360
5.7090,2023,1952,1000,-352
5.7094,2023,1952,1000,-352
5.7098,2023,1953,1000,-352
5.7101,2038,1953,1000,-352
5.7109,2038,1954,1000,-360
5.7113,2038,1954,1000,-360
5.7116,2038,1954,1000,-360
5.7120,2038,1955,1000,-360
5.7123,2038,1955,1000,-360
5.7127,2038,1955,1000,-360
5.7130,2038,1957,1000,-352
5.7134,2038,1957,1000,-352
5.7137,2038,1957,1000,-352
5.7141,2038,1958,1000,-360
5.7144,2038,1958,1000,-360
5.7148,2038,1959,1000,-360
5.7152,2038,1959,1000,-360
5.7155,2038,1959,1000,-360
5.7159,2038,1960,1000,-360
5.7162,2038,1960,1000,-360
5.7166,2038,1960,1000,-360
5.7170,2038,1961,1000,-368
5.7174,2038,1961,1000,-368
5.7177,2038,1962,1000,-368
5.7181,2038,1962,1000,-368
5.7185,2038,1962,1000,-368
5.7189,2038,1963,1000,-368
5.7193,2038,1963,1000,-368
5.7196,2038,1963,1000,-368
5.7200,2053,1965,1000,-368
5.7207,2053,1965,1000,-368
5.7210,2053,1966,1000,-368
5.7214,2053,1966,1000,-368
5.7218,2053,1967,1000,-368
5.7221,2053,1967,1000,-368
5.7225,2053,1967,1000,-368
5.7229,2053,1968,1000,-376
5.7233,2053,1968,1000,-376
5.7236,2053,1968,1000,-376
5.7240,2053,1969,1000,-376
5.7244,2053,1969,1000,-376
5.7247,2053,1970,1000,-384
5.7251,2053,1970,1000,-384
5.7254,2053,1970,1000,-384
5.7258,2053,1971,1000,-384
5.7262,2053,1971,1000,-384
5.7266,2053,1971,1000,-384
5.7270,2053,1972,1000,-384
5.7273,2053,1972,1000,-384
5.7277,2053,1974,1200,-384
5.7281,2053,1974,1200,-384
5.7284,2053,1974,1200,-384
5.7288,2053,1975,1200,-384
5.7292,2053,1975,1200,-384
5.7295,2053,1975,1200,-384
5.7299,2053,1976,1200,-384
5.7303,2068,1976,1200,-384
5.7310,2068,1977,1200,-392
5.7314,2068,1977,1200,-392
5.7318,2068,1979,1200,-384
5.7321,2068,1979,1200,-384
5.7325,2068,1979,1200,-384
5.7328,2068,1980,1200,-384
5.7332,2068,1980,1200,-384
5.7336,2068,1981,1200,-392
5.7340,2068,1981,1200,-392
5.7344,2068,1981,1200,-392
5.7348,2068,1983,1200,-384
5.7351,2068,1983,1200,-384
5.7355,2068,1983,1200,-384
5.7359,2068,1984,1200,-384
5.7363,2068,1984,1200,-384
5.7366,2068,1985,1200,-392
5.7370,2068,1985,1200,-392
5.7374,2068,1985,1200,-392
5.7378,2068,1986,1200,-392
5.7381,2068,1986,1200,-392
5.7385,2068,1986,1200,-392
5.7389,2068,1988,1200,-392
5.7393,2068,1988,1200,-392
5.7396,2068,1989,1200,-392
5.7400,2068,1989,1200,-392
5.7404,2083,1990,1200,-392
5.7410,2083,1990,1200,-392
5.7414,2083,1990,1200,-392
5.7418,2083,1991,1200,-400
5.7421,2083,1991,1200,-400
5.7425,2083,1991,1200,-400
5.7429,2083,1993,1200,-392
5.7432,2083,1993,1200,-392
5.7436,2083,1994,1200,-392
5.7440,2083,1994,1200,-392
5.7444,2083,1994,1200,-392
5.7447,2083,1995,1200,-400
5.7450,2083,1995,1200,-400
5.7454,2083,1995,1200,-400
5.7458,2083,1996,1200,-392
5.7461,2083,1996,1200,-392
5.7465,2083,1996,1200,-392
5.7469,2083,1998,1200,-392
5.7473,2083,1998,1200,-392
5.7476,2083,1999,1250,-392
5.7480,2083,1999,1250,-392
5.7483,2083,1999,1250,-392
5.7487,2083,2000,1250,-392
5.7491,2083,2000,1250,-392
5.7494,2083,2000,1250,-392
5.7498,2083,2001,1250,-400
5.7502,2097,2001,1250,-400
5.7509,2097,2003,1250,-392
5.7513,2097,2003,1250,-392
5.7516,2097,2004,1250,-392
5.7520,2097,2004,1250,-392
5.7524,2097,2004,1250,-392
5.7527,2097,2006,1250,-392
5.7531,2097,2006,1250,-392
5.7534,2097,2006,1250,-392
5.7538,2097,2007,1250,-392
5.7541,2097,2007,1250,-392
5.7545,2097,2008,1250,-400
5.7549,2097,2008,1250,-400
5.7552,2097,2008,1250,-400
5.7556,2097,2010,1250,-392
5.7560,2097,2010,1250,-392
5.7564,2097,2010,1250,-392
5.7567,2097,2011,1250,-392
5.7571,2097,2011,1250,-392
5.7575,2097,2011,1250,-392
5.7578,2097,2012,1250,-400
5.7582,2097,2012,1250,-400
5.7585,2097,2013,1250,-400
5.7589,2097,2013,1250,-400
5.7592,2097,2013,1250,-400
5.7596,2097,2015,1250,-400
5.7600,2097,2015,1250,-400
5.7604,2111,2016,1250,-400
5.7611,2111,2016,1250,-400
5.7614,2111,2016,1250,-400
5.7618,2111,2018,1250,-392
5.7622,2111,2018,1250,-392
5.7626,2111,2019,1250,-400
5.7630,2111,2019,1250,-400
5.7633,2111,2019,1250,-400
5.7637,2111,2020,1250,-400
5.7641,2111,2020,1250,-400
5.7644,2111,2020,1250,-400
5.7648,2111,2021,1250,-400
5.7651,2111,2021,1250,-400
5.7655,2111,2023,1250,-396
5.7659,2111,2023,1250,-396
5.7663,2111,2023,1250,-396
5.7666,2111,2024,1250,-396
5.7670,2111,2024,1250,-396
5.7674,2111,2024,1250,-396
5.7678,2111,2026,1350,-396
5.7681,2111,2026,1350,-396
5.7685,2111,2027,1350,-396
5.7689,2111,2027,1350,-396
5.7693,2111,2027,1350,-396
5.7696,2111,2028,1350,-396
5.7700,2111,2028,1350,-396
5.7704,2125,2030,1350,-396
5.7711,2125,2030,1350,-396
5.7714,2125,2030,1350,-396
5.7718,2125,2031,1350,-396
5.7722,2125,2031,1350,-396
5.7725,2125,2032,1350,-396
5.7729,2125,2032,1350,-396
5.7733,2125,2032,1350,-396
5.7736,2125,2034,1350,-396
5.7740,2125,2034,1350,-396
5.7744,2125,2034,1350,-396
5.7748,2125,2035,1350,-396
5.7751,2125,2035,1350,-396
5.7755,2125,2037,1350,-396
5.7758,2125,2037,1350,-396
5.7762,2125,2037,1350,-396
5.7766,2125,2038,1350,-396
5.7770,2125,2038,1350,-396
5.7774,2125,2040,1350,-396
5.7778,2125,2040,1350,-396
5.7782,2125,2040,1350,-396
5.7785,2125,2041,1350,-396
5.7789,2125,2041,1350,-396
5.7793,2125,2041,1350,-396
5.7796,2125,2042,1350,-396
5.7800,2125,2042,1350,-396
5.7803,2138,2043,1350,-404
5.7810,2138,2043,1350,-404
5.7814,2138,2043,1350,-404
5.7817,2138,2045,1350,-396
5.7821,2138,2045,1350,-396
5.7825,2138,2046,1350,-396
5.7828,2138,2046,1350,-396
5.7832,2138,2046,1350,-396
5.7836,2138,2048,1350,-396
5.7840,2138,2048,1350,-396
5.7844,2138,2048,1350,-396
5.7847,2138,2049,1350,-396
5.7851,2138,2049,1350,-396
5.7855,2138,2051,1350,-392
5.7859,2138,2051,1350,-392
5.7863,2138,2051,1350,-392
5.7867,2138,2052,1350,-392
5.7870,2138,2052,1350,-392
5.7874,2138,2054,1400,-384
5.7878,2138,2054,1400,-384
5.7881,2138,2054,1400,-384
5.7885,2138,2055,1400,-392
5.7889,2138,2055,1400,-392
5.7893,2138,2055,1400,-392
5.7897,2138,2056,1400,-392
5.7900,2149,2056,1400,-392
5.7907,2149,2058,1400,-384
5.7911,2149,2058,1400,-384
5.7914,2149,2060,1400,-384
5.7918,2149,2060,1400,-384
5.7922,2149,2060,1400,-384
5.7925,2149,2061,1400,-384
5.7929,2149,2061,1400,-384
5.7933,2149,2061,1400,-384
5.7937,2149,2062,1400,-384
5.7941,2149,2062,1400,-384
5.7944,2149,2064,1400,-384
5.7948,2149,2064,1400,-384
5.7952,2149,2064,1400,-384
5.7956,2149,2065,1400,-384
5.7960,2149,2065,1400,-384
5.7964,2149,2066,1400,-392
5.7968,2149,2066,1400,-392
5.7972,2149,2066,1400,-392
5.7976,2149,2068,1400,-384
5.7980,2149,2068,1400,-384
5.7984,2149,2069,1400,-384
5.7987,2149,2069,1400,-384
5.7991,2149,2069,1400,-384
5.7995,2149,2070,1400,-392
5.7998,2149,2070,1400,-392
5.8002,2161,2072,1400,-384
5.8009,2161,2072,1400,-384
5.8013,2161,2072,1400,-384
5.8016,2161,2073,1400,-384
5.8021,2161,2073,1400,-384
5.8024,2161,2074,1400,-392
5.8028,2161,2074,1400,-392
5.8032,2161,2074,1400,-392
5.8035,2161,2076,1400,-384
5.8039,2161,2076,1400,-384
5.8043,2161,2077,1400,-384
5.8047,2161,2077,1400,-384
5.8051,2161,2077,1400,-384
5.8055,2161,2079,1400,-380
5.8058,2161,2079,1400,-380
5.8062,2161,2079,1400,-380
5.8066,2161,2080,1400,-380
5.8070,2161,2080,1400,-380
5.8074,2161,2082,1400,-372
5.8077,2161,2082,1400,-372
5.8081,2161,2082,1400,-372
5.8085,2161,2083,1400,-372
5.8088,2161,2083,1400,-372
5.8092,2161,2083,1400,-372
5.8095,2161,2084,1400,-380
5.8099,2161,2084,1400,-380
5.8103,2172,2086,1400,-372
5.8110,2172,2086,1400,-372
5.8114,2172,2087,1400,-372
5.8118,2172,2087,1400,-372
5.8121,2172,2087,1400,-372
5.8125,2172,2089,1400,-364
5.8129,2172,2089,1400,-364
5.8133,2172,2090,1400,-372
5.8137,2172,2090,1400,-372
5.8140,2172,2090,1400,-372
5.8144,2172,2091,1400,-372
5.8148,2172,2091,1400,-372
5.8151,2172,2091,1400,-372
5.8155,2172,2092,1400,-372
5.8159,2172,2092,1400,-372
5.8163,2172,2094,1400,-372
5.8167,2172,2094,1400,-372
5.8171,2172,2094,1400,-372
5.8175,2172,2095,1400,-372
5.8178,2172,2095,1400,-372
5.8182,2172,2095,1400,-372
5.8186,2172,2096,1400,-372
5.8190,2172,2096,1400,-372
5.8193,2172,2098,1400,-372
5.8197,2172,2098,1400,-372
5.8201,2181,2099,1400,-372
5.8208,2181,2099,1400,-372
5.8212,2181,2099,1400,-372
5.8215,2181,2101,1400,-364
5.8219,2181,2101,1400,-364
5.8223,2181,2102,1400,-364
5.8227,2181,2102,1400,-364
5.8231,2181,2102,1400,-364
5.8234,2181,2103,1400,-372
5.8238,2181,2103,1400,-372
5.8241,2181,2103,1400,-372
5.8245,2181,2105,1400,-364
5.8249,2181,2105,1400,-364
5.8253,2181,2106,1400,-360
5.8256,2181,2106,1400,-360
5.8260,2181,2106,1400,-360
5.8264,2181,2107,1400,-360
5.8267,2181,2107,1400,-360
5.8271,2181,2107,1400,-360
5.8275,2181,2109,1350,-352
5.8278,2181,2109,1350,-352
5.8282,2181,2110,1350,-360
5.8286,2181,2110,1350,-360
5.8290,2181,2110,1350,-360
5.8294,2181,2112,1350,-352
5.8298,2181,2112,1350,-352
5.8302,2189,2113,1350,-352
5.8309,2189,2113,1350,-352
5.8313,2189,2114,1350,-352
5.8317,2189,2114,1350,-352
5.8320,2189,2114,1350,-352
5.8324,2189,2115,1350,-352
5.8328,2189,2115,1350,-352
5.8332,2189,2117,1350,-344
5.8336,2189,2117,1350,-344
5.8340,2189,2117,1350,-344
5.8343,2189,2118,1350,-352
5.8347,2189,2118,1350,-352
5.8351,2189,2118,1350,-352
5.8355,2189,2119,1350,-352
5.8358,2189,2119,1350,-352
5.8362,2189,2120,1350,-352
5.8366,2189,2120,1350,-352
5.8370,2189,2120,1350,-352
5.8374,2189,2122,1350,-344
5.8377,2189,2122,1350,-344
5.8381,2189,2122,1350,-344
5.8385,2189,2123,1350,-344
5.8388,2189,2123,1350,-344
5.8392,2189,2125,1350,-336
5.8396,2189,2125,1350,-336
5.8400,2197,2126,1350,-336
5.8407,2197,2126,1350,-336
5.8411,2197,2126,1350,-336
5.8414,2197,2127,1350,-336
5.8418,2197,2127,1350,-336
5.8422,2197,2129,1350,-336
5.8426,2197,2129,1350,-336
5.8429,2197,2129,1350,-336
5.8433,2197,2130,1350,-336
5.8436,2197,2130,1350,-336
5.8440,2197,2130,1350,-336
5.8444,2197,2131,1350,-336
5.8447,2197,2131,1350,-336
5.8451,2197,2133,1350,-320
5.8455,2197,2133,1350,-320
5.8458,2197,2133,1350,-320
5.8462,2197,2134,1350,-320
5.8465,2197,2134,1350,-320
5.8469,2197,2134,1350,-320
5.8473,2197,2135,1300,-320
5.8477,2197,2135,1300,-320
5.8481,2197,2137,1300,-312
5.8485,2197,2137,1300,-312
5.8488,2197,2137,1300,-312
5.8492,2197,2138,1300,-312
5.8496,2197,2138,1300,-312
5.8500,2203,2139,1300,-312
5.8508,2203,2139,1300,-312
5.8511,2203,2140,1300,-312
5.8515,2203,2140,1300,-312
5.8519,2203,2140,1300,-312
5.8522,2203,2142,1300,-304
5.8526,2203,2142,1300,-304
5.8530,2203,2142,1300,-304
5.8534,2203,2143,1300,-304
5.8538,2203,2143,1300,-304
5.8542,2203,2144,1300,-304
5.8545,2203,2144,1300,-304
5.8549,2203,2144,1300,-304
5.8552,2203,2145,1300,-304
5.8556,2203,2145,1300,-304
5.8560,2203,2145,1300,-304
5.8564,2203,2147,1300,-296
5.8567,2203,2147,1300,-296
5.8571,2203,2148,1300,-296
5.8575,2203,2148,1300,-296
5.8579,2203,2148,1300,-296
5.8583,2203,2149,1300,-296
5.8587,2203,2149,1300,-296
5.8590,2203,2151,1300,-288
5.8594,2203,2151,1300,-288
5.8598,2203,2151,1300,-288
5.8602,2208,2152,1300,-288
5.8609,2208,2152,1300,-288
5.8613,2208,2153,1300,-288
5.8616,2208,2153,1300,-288
5.8620,2208,2154,1300,-280
5.8624,2208,2154,1300,-280
5.8628,2208,2154,1300,-280
5.8631,2208,2155,1300,-280
5.8635,2208,2155,1300,-280
5.8639,2208,2155,1300,-280
5.8643,2208,2156,1300,-280
5.8647,2208,2156,1300,-280
5.8650,2208,2158,1300,-264
5.8654,2208,2158,1300,-264
5.8657,2208,2158,1300,-264
5.8662,2208,2159,1300,-264
5.8666,2208,2159,1300,-264
5.8669,2208,2159,1300,-264
5.8673,2208,2160,1250,-264
5.8677,2208,2160,1250,-264
5.8681,2208,2161,1250,-264
5.8684,2208,2161,1250,-264
5.8688,2208,2161,1250,-264
5.8692,2208,2162,1250,-264
5.8696,2208,2162,1250,-264
5.8700,2211,2163,1250,-256
5.8707,2211,2163,1250,-256
5.8711,2211,2164,1250,-256
5.8714,2211,2164,1250,-256
5.8718,2211,2164,1250,-256
5.8722,2211,2166,1250,-248
5.8726,2211,2166,1250,-248
5.8730,2211,2167,1250,-248
5.8734,2211,2167,1250,-248
5.8738,2211,2167,1250,-248
5.8742,2211,2168,1250,-240
5.8745,2211,2168,1250,-240
5.8749,2211,2168,1250,-240
5.8752,2211,2169,1250,-240
5.8756,2211,2169,1250,-240
5.8760,2211,2170,1250,-240
5.8764,2211,2170,1250,-240
5.8768,2211,2170,1250,-240
5.8771,2211,2171,1250,-240
5.8775,2211,2171,1250,-240
5.8779,2211,2171,1250,-240
5.8782,2211,2172,1250,-232
5.8786,2211,2172,1250,-232
5.8790,2211,2173,1250,-232
5.8794,2211,2173,1250,-232
5.8798,2211,2173,1250,-232
5.8802,2214,2174,1250,-224
5.8808,2214,2174,1250,-224
5.8812,2214,2175,1250,-224
5.8816,2214,2175,1250,-224
5.8819,2214,2176,1250,-224
5.8823,2214,2176,1250,-224
5.8826,2214,2176,1250,-224
5.8829,2214,2178,1250,-208
5.8833,2214,2178,1250,-208
5.8836,2214,2178,1250,-208
5.8840,2214,2179,1250,-208
5.8843,2214,2179,1250,-208
5.8847,2214,2179,1250,-208
5.8851,2214,2180,1250,-204
5.8854,2214,2180,1250,-204
5.8858,2214,2180,1250,-204
5.8862,2214,2181,1250,-196
5.8866,2214,2181,1250,-196
5.8870,2214,2182,1100,-196
5.8874,2214,2182,1100,-196
5.8877,2214,2182,1100,-196
5.8881,2214,2183,1100,-188
5.8885,2214,2183,1100,-188
5.8888,2214,2183,1100,-188
5.8892,2214,2184,1100,-188
5.8896,2214,2184,1100,-188
5.8900,2214,2185,1100,-180
5.8903,2215,2185,1100,-180
5.8910,2215,2186,1100,-180
5.8914,2215,2186,1100,-180
5.8918,2215,2186,1100,-180
5.8921,2215,2186,1100,-180
5.8925,2215,2186,1100,-180
5.8929,2215,2187,1100,-172
5.8933,2215,2187,1100,-172
5.8937,2215,2187,1100,-172
5.8941,2215,2188,1100,-172
5.8945,2215,2188,1100,-172
5.8948,2215,2188,1100,-172
5.8952,2215,2189,1100,-164
5.8956,2215,2189,1100,-164
5.8960,2215,2190,1100,-164
5.8963,2215,2190,1100,-164
5.8967,2215,2190,1100,-164
5.8970,2215,2191,1100,-156
5.8974,2215,2191,1100,-156
5.8978,2215,2191,1100,-156
5.8981,2215,2192,1100,-148
5.8985,2215,2192,1100,-148
5.8989,2215,2193,1100,-140
5.8993,2215,2193,1100,-140
5.8996,2215,2193,1100,-140
5.9000,2214,2194,1100,-140
5.9007,2214,2194,1100,-140
5.9011,2214,2195,1100,-132
5.9014,2214,2195,1100,-132
5.9018,2214,2195,1100,-132
5.9022,2214,2195,1100,-132
5.9025,2214,2195,1100,-132
5.9029,2214,2196,1100,-124
5.9033,2214,2196,1100,-124
5.9036,2214,2196,1100,-124
5.9040,2214,2197,1100,-116
5.9044,2214,2197,1100,-116
5.9047,2214,2197,1100,-116
5.9051,2214,2198,1100,-100
5.9055,2214,2198,1100,-100
5.9058,2214,2199,1100,-92
5.9062,2214,2199,1100,-92
5.9066,2214,2199,1100,-92
5.9070,2214,2199,850,-92
5.9073,2214,2199,850,-92
5.9077,2214,2199,850,-92
5.9080,2214,2200,850,-84
5.9084,2214,2200,850,-84
5.9087,2214,2200,850,-84
5.9091,2214,2201,850,-76
5.9095,2214,2201,850,-76
5.9099,2214,2202,850,-68
5.9103,2213,2202,850,-68
5.9110,2213,2203,850,-60
5.9114,2213,2203,850,-60
5.9117,2213,2203,850,-60
5.9121,2213,2204,850,-44
5.9125,2213,2204,850,-44
5.9129,2213,2204,850,-44
5.9132,2213,2204,850,-44
5.9136,2213,2204,850,-44
5.9140,2213,2204,850,-44
5.9143,2213,2204,850,-44
5.9147,2213,2204,850,-44
5.9151,2213,2205,850,-36
5.9154,2213,2205,850,-36
5.9158,2213,2206,850,-28
5.9162,2213,2206,850,-28
5.9165,2213,2206,850,-28
5.9169,2213,2206,850,-20
5.9173,2213,2206,850,-20
5.9176,2213,2206,850,-20
5.9180,2213,2207,850,20
5.9183,2213,2207,850,20
5.9187,2213,2207,850,20
5.9190,2213,2207,850,20
5.9194,2213,2207,850,20
5.9197,2213,2207,850,20
5.9201,2210,2208,850,28
5.9208,2210,2209,850,36
5.9212,2210,2209,850,36
5.9216,2210,2209,850,36
5.9220,2210,2209,850,44
5.9224,2210,2209,850,44
5.9227,2210,2209,850,44
5.9231,2210,2209,850,44
5.9235,2210,2209,850,44
5.9238,2210,2210,850,52
5.9242,2210,2210,850,52
5.9245,2210,2210,850,52
5.9249,2210,2210,850,68
5.9253,2210,2210,850,68
5.9257,2210,2210,850,68
5.9260,2210,2210,850,76
5.9264,2210,2210,850,76
5.9268,2210,2211,600,76
5.9272,2210,2211,600,76
5.9275,2210,2211,600,76
5.9279,2210,2211,600,76
5.9282,2210,2211,600,76
5.9286,2210,2211,600,76
5.9290,2210,2211,600,76
5.9293,2210,2211,600,76
5.9297,2210,2212,600,84
5.9301,2206,2212,600,84
5.9308,2206,2212,600,84
5.9312,2206,2212,600,84
5.9316,2206,2212,600,84
5.9320,2206,2212,600,84
5.9324,2206,2212,600,84
5.9328,2206,2212,600,92
5.9331,2206,2212,600,92
5.9335,2206,2212,600,92
5.9339,2206,2212,600,92
5.9343,2206,2212,600,92
5.9346,2206,2212,600,92
5.9350,2206,2212,600,92
5.9354,2206,2212,600,92
5.9358,2206,2213,600,108
5.9361,2206,2213,600,108
5.9365,2206,2213,600,108
5.9369,2206,2213,600,108
5.9373,2206,2213,600,108
5.9377,2206,2213,600,116
5.9381,2206,2213,600,116
5.9384,2206,2213,600,116
5.9388,2206,2213,600,116
5.9392,2206,2213,600,116
5.9395,2206,2213,600,116
5.9399,2206,2213,600,116
5.9403,2200,2213,600,124
5.9410,2200,2213,600,124
5.9414,2200,2213,600,124
5.9418,2200,2213,600,124
5.9422,2200,2213,600,124
5.9426,2200,2213,600,124
5.9430,2200,2213,600,124
5.9434,2200,2213,600,124
5.9437,2200,2213,600,132
5.9441,2200,2213,600,132
5.9444,2200,2213,600,132
5.9448,2200,2213,600,104
5.9451,2200,2213,600,104
5.9455,2200,2213,600,104
5.9458,2200,2213,600,104
5.9462,2200,2213,600,104
5.9465,2200,2213,600,104
5.9469,2200,2213,100,112
5.9473,2200,2213,100,112
5.9477,2200,2213,100,112
5.9480,2200,2213,100,112
5.9485,2200,2213,100,112
5.9488,2200,2213,100,120
5.9491,2200,2213,100,120
5.9495,2200,2213,100,120
5.9499,2200,2213,100,120
5.9503,2193,2213,100,128
5.9510,2193,2213,100,128
5.9514,2193,2213,100,128
5.9518,2193,2213,100,128
5.9522,2193,2213,100,128
5.9525,2193,2213,100,136
5.9529,2193,2213,100,136
5.9533,2193,2213,100,136
5.9537,2193,2213,100,136
5.9541,2193,2213,100,136
5.9545,2193,2213,100,136
5.9548,2193,2213,100,144
5.9552,2193,2213,100,144
5.9557,2193,2213,100,144
5.9561,2193,2213,100,144
5.9565,2193,2213,100,144
5.9569,2193,2213,100,152
5.9573,2193,2213,100,152
5.9577,2193,2213,100,152
5.9581,2193,2213,100,152
5.9584,2193,2213,100,152
5.9589,2193,2213,100,160
5.9593,2193,2213,100,160
5.9597,2193,2213,100,160
5.9600,2186,2213,100,160
5.9607,2186,2212,100,160
5.9610,2186,2212,100,160
5.9614,2186,2212,100,160
5.9618,2186,2212,100,160
5.9621,2186,2212,100,160
5.9625,2186,2212,100,168
5.9629,2186,2212,100,168
5.9633,2186,2212,100,168
5.9636,2186,2212,100,168
5.9640,2186,2212,100,168
5.9644,2186,2212,100,168
5.9647,2186,2211,100,168
5.9651,2186,2211,100,168
5.9655,2186,2211,100,168
5.9658,2186,2211,100,176
5.9661,2186,2211,100,176
5.9665,2186,2210,-150,168
5.9669,2186,2210,-150,168
5.9672,2186,2210,-150,168
5.9676,2186,2210,-150,176
5.9680,2186,2210,-150,176
5.9683,2186,2210,-150,176
5.9687,2186,2210,-150,184
5.9690,2186,2210,-150,184
5.9694,2186,2210,-150,184
5.9697,2186,2209,-150,176
5.9701,2177,2209,-150,176
5.9708,2177,2209,-150,184
5.9711,2177,2209,-150,184
5.9714,2177,2209,-150,184
5.9718,2177,2208,-150,176
5.9721,2177,2208,-150,176
5.9725,2177,2208,-150,184
5.9728,2177,2208,-150,184
5.9732,2177,2208,-150,184
5.9735,2177,2208,-150,192
5.9739,2177,2208,-150,192
5.9742,2177,2208,-150,192
5.9746,2177,2207,-150,184
5.9749,2177,2207,-150,184
5.9753,2177,2207,-150,184
5.9757,2177,2207,-150,192
5.9760,2177,2207,-150,192
5.9763,2177,2207,-150,192
5.9767,2177,2206,-150,192
5.9770,2177,2206,-150,192
5.9774,2177,2206,-150,192
5.9777,2177,2206,-150,192
5.9781,2177,2206,-150,192
5.9784,2177,2205,-150,192
5.9788,2177,2205,-150,192
5.9791,2177,2205,-150,192
5.9795,2177,2205,-150,200
5.9799,2177,2205,-150,200
5.9803,2167,2204,-150,192
5.9810,2167,2204,-150,192
5.9813,2167,2204,-150,192
5.9817,2167,2204,-150,200
5.9820,2167,2204,-150,200
5.9824,2167,2204,-150,200
5.9828,2167,2203,-150,200
5.9831,2167,2203,-150,200
5.9835,2167,2203,-150,208
5.9838,2167,2203,-150,208
5.9842,2167,2203,-150,208
5.9846,2167,2202,-150,184
5.9850,2167,2202,-150,184
5.9853,2167,2202,-150,184
5.9857,2167,2202,-150,192
5.9861,2167,2202,-150,192
5.9865,2167,2201,-450,192
5.9869,2167,2201,-450,192
5.9873,2167,2201,-450,192
5.9877,2167,2200,-450,192
5.9880,2167,2200,-450,192
5.9884,2167,2200,-450,200
5.9888,2167,2200,-450,200
5.9892,2167,2200,-450,200
5.9895,2167,2199,-450,192
5.9899,2167,2199,-450,192
5.9903,2156,2199,-450,200
5.9910,2156,2199,-450,200
5.9913,2156,2199,-450,200
5.9917,2156,2198,-450,200
5.9921,2156,2198,-450,200
5.9924,2156,2198,-450,208
5.9928,2156,2198,-450,208
5.9932,2156,2198,-450,208
5.9935,2156,2197,-450,208
5.9939,2156,2197,-450,208
5.9942,2156,2197,-450,208
5.9946,2156,2197,-450,208
5.9950,2156,2197,-450,208
5.9953,2156,2197,-450,208
5.9957,2156,2196,-450,208
5.9960,2156,2196,-450,208
5.9964,2156,2195,-450,208
5.9968,2156,2195,-450,208
5.9971,2156,2195,-450,208
5.9975,2156,2195,-450,216
5.9979,2156,2195,-450,216
5.9983,2156,2195,-450,216
5.9987,2156,2194,-450,216
5.9990,2156,2194,-450,216
5.9994,2156,2194,-450,224
5.9998,2156,2194,-450,224
6.0002,2144,2193,-450,224
6.0009,2144,2193,-450,224
6.0012,2144,2193,-450,224
6.0016,2144,2192,-450,224
6.0020,2144,2192,-450,224
6.0023,2144,2192,-450,232
6.0027,2144,2192,-450,232
6.0031,2144,2192,-450,232
6.0034,2144,2191,-450,232
6.0038,2144,2191,-450,232
6.0042,2144,2191,-450,232
6.0046,2144,2190,-450,240
6.0050,2144,2190,-450,240
6.0054,2144,2190,-450,248
6.0058,2144,2190,-450,248
6.0061,2144,2190,-450,248
6.0065,2144,2189,-600,248
6.0069,2144,2189,-600,248
6.0072,2144,2189,-600,248
6.0076,2144,2189,-600,256
6.0080,2144,2189,-600,256
6.0084,2144,2188,-600,248
6.0088,2144,2188,-600,248
6.0091,2144,2188,-600,248
6.0095,2144,2187,-600,248
6.0099,2144,2187,-600,248
6.0103,2131,2187,-600,256
6.0110,2131,2187,-600,256
6.0114,2131,2186,-600,256
6.0117,2131,2186,-600,256
6.0121,2131,2186,-600,256
6.0125,2131,2185,-600,256
6.0129,2131,2185,-600,256
6.0133,2131,2185,-600,264
6.0137,2131,2185,-600,264
6.0141,2131,2185,-600,264
6.0145,2131,2184,-600,264
6.0149,2131,2184,-600,264
6.0153,2131,2183,-600,264
6.0157,2131,2183,-600,264
6.0161,2131,2183,-600,264
6.0164,2131,2182,-600,264
6.0168,2131,2182,-600,264
6.0172,2131,2182,-600,264
6.0176,2131,2182,-600,272
6.0180,2131,2182,-600,272
6.0184,2131,2181,-600,280
6.0188,2131,2181,-600,280
6.0192,2131,2181,-600,280
6.0195,2131,2180,-600,280
6.0199,2131,2180,-600,280
6.0203,2118,2179,-600,280
6.0210,2118,2179,-600,280
6.0214,2118,2178,-600,280
6.0218,2118,2178,-600,280
6.0222,2118,2178,-600,280
6.0226,2118,2177,-600,280
6.0230,2118,2177,-600,280
6.0234,2118,2177,-600,288
6.0238,2118,2177,-600,288
6.0242,2118,2177,-600,288
6.0245,2118,2176,-600,288
6.0249,2118,2176,-600,288
6.0253,2118,2175,-600,288
6.0256,2118,2175,-600,288
6.0260,2118,2175,-600,288
6.0263,2118,2175,-700,296
6.0267,2118,2175,-700,296
6.0271,2118,2175,-700,296
6.0274,2118,2174,-700,296
6.0277,2118,2174,-700,296
6.0281,2118,2174,-700,296
6.0285,2118,2173,-700,296
6.0288,2118,2173,-700,296
6.0292,2118,2172,-700,304
6.0296,2118,2172,-700,304
6.0300,2105,2171,-700,304
6.0307,2105,2171,-700,304
6.0311,2105,2171,-700,304
6.0315,2105,2170,-700,304
6.0318,2105,2170,-700,304
6.0322,2105,2170,-700,312
6.0327,2105,2170,-700,312
6.0330,2105,2170,-700,312
6.0333,2105,2169,-700,312
6.0337,2105,2169,-700,312
6.0340,2105,2169,-700,312
6.0344,2105,2168,-700,312
6.0348,2105,2168,-700,312
6.0351,2105,2168,-700,312
6.0355,2105,2167,-700,312
6.0358,2105,2167,-700,312
6.0361,2105,2166,-700,312
6.0365,2105,2166,-700,312
6.0369,2105,2166,-700,312
6.0373,2105,2165,-700,320
6.0376,2105,2165,-700,320
6.0380,2105,2165,-700,320
6.0383,2105,2164,-700,320
6.0387,2105,2164,-700,320
6.0390,2105,2164,-700,320
6.0394,2105,2163,-700,320
6.0397,2105,2163,-700,320
6.0401,2090,2162,-700,320
6.0407,2090,2162,-700,320
6.0411,2090,2162,-700,320
6.0414,2090,2161,-700,320
6.0418,2090,2161,-700,320
6.0422,2090,2160,-700,320
6.0427,2090,2160,-700,320
6.0431,2090,2160,-700,320
6.0434,2090,2159,-700,320
6.0438,2090,2159,-700,320
6.0441,2090,2158,-700,312
6.0445,2090,2158,-700,312
6.0448,2090,2158,-700,312
6.0452,2090,2157,-700,320
6.0456,2090,2157,-700,320
6.0460,2090,2157,-700,320
6.0463,2090,2157,-900,328
6.0467,2090,2157,-900,328
6.0471,2090,2157,-900,328
6.0474,2090,2156,-900,328
6.0478,2090,2156,-900,328
6.0482,2090,2155,-900,328
6.0486,2090,2155,-900,328
6.0490,2090,2155,-900,328
6.0494,2090,2154,-900,328
6.0497,2090,2154,-900,328
6.0501,2076,2153,-900,336
6.0507,2076,2153,-900,336
6.0511,2076,2152,-900,336
6.0514,2076,2152,-900,336
6.0518,2076,2152,-900,336
6.0521,2076,2150,-900,328
6.0525,2076,2150,-900,328
6.0529,2076,2150,-900,328
6.0532,2076,2149,-900,328
6.0536,2076,2149,-900,328
6.0540,2076,2149,-900,328
6.0544,2076,2148,-900,336
6.0547,2076,2148,-900,336
6.0551,2076,2148,-900,344
6.0555,2076,2148,-900,344
6.0559,2076,2148,-900,344
6.0563,2076,2146,-900,336
6.0566,2076,2146,-900,336
6.0570,2076,2146,-900,336
6.0574,2076,2145,-900,336
6.0577,2076,2145,-900,336
6.0581,2076,2144,-900,344
6.0585,2076,2144,-900,344
6.0588,2076,2144,-900,344
6.0592,2076,2143,-900,344
6.0595,2076,2143,-900,344
6.0599,2076,2143,-900,344
6.0602,2061,2142,-900,344
6.0609,2061,2142,-900,344
6.0612,2061,2141,-900,344
6.0616,2061,2141,-900,344
6.0620,2061,2141,-900,344
6.0623,2061,2140,-900,352
6.0627,2061,2140,-900,352
6.0631,2061,2139,-900,352
6.0634,2061,2139,-900,352
6.0637,2061,2139,-900,352
6.0641,2061,2138,-900,356
6.0644,2061,2138,-900,356
6.0648,2061,2138,-900,356
6.0652,2061,2136,-900,356
6.0656,2061,2136,-900,356
6.0660,2061,2135,-1100,356
6.0664,2061,2135,-1100,356
6.0667,2061,2135,-1100,356
6.0671,2061,2134,-1100,356
6.0675,2061,2134,-1100,356
6.0678,2061,2134,-1100,356
6.0682,2061,2133,-1100,364
6.0686,2061,2133,-1100,364
6.0690,2061,2132,-1100,364
6.0693,2061,2132,-1100,364
6.0697,2061,2132,-1100,364
6.0701,2046,2131,-1100,364
6.0708,2046,2131,-1100,364
6.0712,2046,2130,-1100,364
6.0715,2046,2130,-1100,364
6.0719,2046,2130,-1100,364
6.0723,2046,2129,-1100,372
6.0727,2046,2129,-1100,372
6.0731,2046,2127,-1100,364
6.0734,2046,2127,-1100,364
6.0738,2046,2127,-1100,364
6.0742,2046,2126,-1100,364
6.0745,2046,2126,-1100,364
6.0749,2046,2126,-1100,364
6.0753,2046,2125,-1100,372
6.0757,2046,2125,-1100,372
6.0761,2046,2124,-1100,372
6.0764,2046,2124,-1100,372
6.0768,2046,2124,-1100,372
6.0772,2046,2123,-1100,372
6.0775,2046,2123,-1100,372
6.0779,2046,2123,-1100,372
6.0783,2046,2122,-1100,380
6.0786,2046,2122,-1100,380
6.0790,2046,2120,-1100,372
6.0794,2046,2120,-1100,372
6.0797,2046,2120,-1100,372
6.0801,2031,2119,-1100,372
6.0808,2031,2119,-1100,372
6.0812,2031,2118,-1100,372
6.0815,2031,2118,-1100,372
6.0819,2031,2117,-1100,380
6.0823,2031,2117,-1100,380
6.0827,2031,2117,-1100,380
6.0831,2031,2116,-1100,380
6.0834,2031,2116,-1100,380
6.0838,2031,2116,-1100,380
6.0842,2031,2114,-1100,360
6.0845,2031,2114,-1100,360
6.0849,2031,2114,-1100,360
6.0852,2031,2113,-1100,368
6.0856,2031,2113,-1100,368
6.0860,2031,2112,-1150,368
6.0864,2031,2112,-1150,368
6.0868,2031,2112,-1150,368
6.0872,2031,2111,-1150,376
6.0875,2031,2111,-1150,376
6.0879,2031,2110,-1150,376
6.0883,2031,2110,-1150,376
6.0886,2031,2110,-1150,376
6.0890,2031,2108,-1150,368
6.0894,2031,2108,-1150,368
6.0897,2031,2108,-1150,368
6.0901,2016,2107,-1150,376
6.0907,2016,2107,-1150,376
6.0911,2016,2106,-1150,376
6.0915,2016,2106,-1150,376
6.0919,2016,2105,-1150,376
6.0922,2016,2105,-1150,376
6.0926,2016,2105,-1150,376
6.0930,2016,2103,-1150,376
6.0934,2016,2103,-1150,376
6.0937,2016,2103,-1150,376
6.0941,2016,2102,-1150,376
6.0944,2016,2102,-1150,376
6.0948,2016,2102,-1150,376
6.0951,2016,2101,-1150,384
6.0955,2016,2101,-1150,384
6.0959,2016,2100,-1150,384
6.0963,2016,2100,-1150,384
6.0966,2016,2100,-1150,384
6.0970,2016,2099,-1150,384
6.0974,2016,2099,-1150,384
6.0977,2016,2099,-1150,384
6.0981,2016,2097,-1150,384
6.0985,2016,2097,-1150,384
6.0988,2016,2096,-1150,384
6.0992,2016,2096,-1150,384
6.0996,2016,2096,-1150,384
6.1000,2002,2095,-1150,392
6.1007,2002,2095,-1150,392
6.1010,2002,2093,-1150,384
6.1014,2002,2093,-1150,384
6.1017,2002,2093,-1150,384
6.1021,2002,2092,-1150,384
6.1024,2002,2092,-1150,384
6.1028,2002,2092,-1150,384
6.1032,2002,2091,-1150,392
6.1035,2002,2091,-1150,392
6.1039,2002,2090,-1150,400
6.1042,2002,2090,-1150,400
6.1046,2002,2090,-1150,400
6.1049,2002,2088,-1150,400
6.1053,2002,2088,-1150,400
6.1056,2002,2088,-1150,400
6.1060,2002,2087,-1250,400
6.1064,2002,2087,-1250,400
6.1067,2002,2087,-1250,400
6.1071,2002,2086,-1250,400
6.1075,2002,2086,-1250,400
6.1079,2002,2084,-1250,400
6.1083,2002,2084,-1250,400
6.1087,2002,2084,-1250,400
6.1091,2002,2083,-1250,400
6.1094,2002,2083,-1250,400
6.1098,2002,2082,-1250,400
6.1102,1987,2082,-1250,400
6.1109,1987,2080,-1250,400
6.1113,1987,2080,-1250,400
6.1117,1987,2080,-1250,400
6.1120,1987,2079,-1250,400
6.1124,1987,2079,-1250,400
6.1127,1987,2079,-1250,400
6.1131,1987,2078,-1250,400
6.1134,1987,2078,-1250,400
6.1138,1987,2076,-1250,400
6.1142,1987,2076,-1250,400
6.1146,1987,2076,-1250,400
6.1150,1987,2075,-1250,400
6.1154,1987,2075,-1250,400
6.1157,1987,2075,-1250,400
6.1161,1987,2074,-1250,408
6.1164,1987,2074,-1250,408
6.1168,1987,2072,-1250,400
6.1172,1987,2072,-1250,400
6.1175,1987,2072,-1250,400
6.1179,1987,2071,-1250,408
6.1183,1987,2071,-1250,408
6.1186,1987,2071,-1250,408
6.1190,1987,2070,-1250,408
6.1194,1987,2070,-1250,408
6.1197,1987,2068,-1250,400
6.1201,1973,2068,-1250,400
6.1208,1973,2067,-1250,408
6.1211,1973,2067,-1250,408
6.1215,1973,2067,-1250,408
6.1218,1973,2066,-1250,408
6.1222,1973,2066,-1250,408
6.1226,1973,2066,-1250,408
6.1230,1973,2064,-1250,408
6.1233,1973,2064,-1250,408
6.1237,1973,2064,-1250,408
6.1240,1973,2063,-1250,396
6.1244,1973,2063,-1250,396
6.1248,1973,2061,-1250,396
6.1251,1973,2061,-1250,396
6.1254,1973,2061,-1250,396
6.1258,1973,2060,-1350,396
6.1262,1973,2060,-1350,396
6.1265,1973,2060,-1350,396
6.1269,1973,2059,-1350,404
6.1273,1973,2059,-1350,404
6.1277,1973,2059,-1350,404
6.1280,1973,2057,-1350,396
6.1284,1973,2057,-1350,396
6.1287,1973,2056,-1350,396
6.1291,1973,2056,-1350,396
6.1294,1973,2056,-1350,396
6.1298,1973,2055,-1350,404
6.1301,1960,2055,-1350,404
6.1308,1960,2053,-1350,396
6.1311,1960,2053,-1350,396
6.1315,1960,2053,-1350,396
6.1319,1960,2052,-1350,404
6.1323,1960,2052,-1350,404
6.1327,1960,2050,-1350,396
6.1331,1960,2050,-1350,396
6.1334,1960,2050,-1350,396
6.1338,1960,2049,-1350,396
6.1341,1960,2049,-1350,396
6.1345,1960,2049,-1350,396
6.1348,1960,2048,-1350,404
6.1352,1960,2048,-1350,404
6.1356,1960,2048,-1350,404
6.1360,1960,2046,-1350,396
6.1363,1960,2046,-1350,396
6.1367,1960,2045,-1350,404
6.1371,1960,2045,-1350,404
6.1374,1960,2045,-1350,404
6.1378,1960,2043,-1350,396
6.1381,1960,2043,-1350,396
6.1385,1960,2043,-1350,396
6.1389,1960,2042,-1350,396
6.1393,1960,2042,-1350,396
6.1397,1960,2040,-1350,396
6.1400,1947,2040,-1350,396
6.1407,1947,2039,-1350,396
6.1411,1947,2039,-1350,396
6.1414,1947,2039,-1350,396
6.1418,1947,2037,-1350,388
6.1422,1947,2037,-1350,388
6.1425,1947,2037,-1350,388
6.1429,1947,2036,-1350,396
6.1432,1947,2036,-1350,396
6.1436,1947,2035,-1350,392
6.1440,1947,2035,-1350,392
6.1444,1947,2035,-1350,392
6.1448,1947,2033,-1350,392
6.1452,1947,2033,-1350,392
6.1456,1947,2032,-1400,392
6.1460,1947,2032,-1400,392
6.1464,1947,2032,-1400,392
6.1467,1947,2031,-1400,392
6.1471,1947,2031,-1400,392
6.1475,1947,2031,-1400,392
6.1478,1947,2029,-1400,392
6.1482,1947,2029,-1400,392
6.1486,1947,2028,-1400,392
6.1490,1947,2028,-1400,392
6.1493,1947,2028,-1400,392
6.1497,1947,2027,-1400,392
6.1501,1935,2027,-1400,392
6.1507,1935,2025,-1400,392
6.1511,1935,2025,-1400,392
6.1515,1935,2025,-1400,392
6.1518,1935,2024,-1400,392
6.1522,1935,2024,-1400,392
6.1526,1935,2022,-1400,384
6.1530,1935,2022,-1400,384
6.1534,1935,2022,-1400,384
6.1538,1935,2021,-1400,392
6.1542,1935,2021,-1400,392
6.1545,1935,2021,-1400,392
6.1549,1935,2020,-1400,392
6.1553,1935,2020,-1400,392
6.1556,1935,2018,-1400,392
6.1560,1935,2018,-1400,392
6.1564,1935,2018,-1400,392
6.1567,1935,2016,-1400,384
6.1571,1935,2016,-1400,384
6.1574,1935,2016,-1400,384
6.1578,1935,2015,-1400,384
6.1582,1935,2015,-1400,384
6.1585,1935,2015,-1400,384
6.1589,1935,2014,-1400,392
6.1592,1935,2014,-1400,392
6.1596,1935,2012,-1400,384
6.1600,1935,2012,-1400,384
6.1603,1924,2011,-1400,384
6.1610,1924,2011,-1400,384
6.1614,1924,2011,-1400,384
6.1617,1924,2009,-1400,376
6.1621,1924,2009,-1400,376
6.1624,1924,2009,-1400,376
6.1628,1924,2008,-1400,384
6.1631,1924,2008,-1400,384
6.1635,1924,2007,-1400,380
6.1639,1924,2007,-1400,380
6.1643,1924,2007,-1400,380
6.1646,1924,2005,-1400,372
6.1650,1924,2005,-1400,372
6.1653,1924,2005,-1400,372
6.1657,1924,2004,-1400,380
6.1660,1924,2004,-1400,380
6.1664,1924,2004,-1400,380
6.1667,1924,2003,-1400,380
6.1670,1924,2003,-1400,380
6.1674,1924,2003,-1400,380
6.1677,1924,2001,-1400,372
6.1681,1924,2001,-1400,372
6.1684,1924,2001,-1400,372
6.1688,1924,2000,-1400,380
6.1691,1924,2000,-1400,380
6.1695,1924,2000,-1400,380
6.1698,1924,1999,-1400,380
6.1701,1914,1999,-1400,380
6.1708,1914,1997,-1400,372
6.1712,1914,1997,-1400,372
6.1717,1914,1996,-1400,372
6.1722,1914,1996,-1400,372
6.1726,1914,1994,-1400,372
6.1730,1914,1994,-1400,372
6.1734,1914,1994,-1400,372
6.1738,1914,1993,-1400,372
6.1741,1914,1993,-1400,372
6.1745,1914,1992,-1400,372
6.1749,1914,1992,-1400,372
6.1753,1914,1992,-1400,372
6.1757,1914,1990,-1400,372
6.1761,1914,1990,-1400,372
6.1765,1914,1989,-1400,372
6.1769,1914,1989,-1400,372
6.1773,1914,1989,-1400,372
6.1778,1914,1987,-1400,364
6.1782,1914,1987,-1400,364
6.1785,1914,1986,-1400,364
6.1789,1914,1986,-1400,364
6.1793,1914,1986,-1400,364
6.1798,1914,1985,-1400,364
6.1802,1905,1984,-1400,372
6.1809,1905,1984,-1400,372
6.1813,1905,1984,-1400,372
6.1816,1905,1982,-1400,364
6.1820,1905,1982,-1400,364
6.1824,1905,1982,-1400,364
6.1828,1905,1981,-1400,364
6.1831,1905,1981,-1400,364
6.1835,1905,1980,-1400,360
6.1839,1905,1980,-1400,360
6.1843,1905,1980,-1400,360
6.1847,1905,1978,-1400,352
6.1852,1905,1978,-1400,352
6.1856,1905,1977,-1350,360
6.1859,1905,1977,-1350,360
6.1863,1905,1977,-1350,360
6.1867,1905,1976,-1350,360
6.1871,1905,1976,-1350,360
6.1875,1905,1974,-1350,352
6.1879,1905,1974,-1350,352
6.1882,1905,1974,-1350,352
6.1886,1905,1973,-1350,352
6.1890,1905,1973,-1350,352
6.1894,1905,1973,-1350,352
6.1898,1905,1971,-1350,344
6.1901,1896,1970,-1350,344
6.1909,1896,1970,-1350,344
6.1913,1896,1970,-1350,344
6.1917,1896,1969,-1350,344
6.1921,1896,1969,-1350,344
6.1924,1896,1968,-1350,352
6.1928,1896,1968,-1350,352
6.1932,1896,1968,-1350,352
6.1936,1896,1966,-1350,344
6.1940,1896,1966,-1350,344
6.1944,1896,1965,-1350,344
6.1948,1896,1965,-1350,344
6.1951,1896,1965,-1350,344
6.1955,1896,1964,-1350,344
6.1959,1896,1964,-1350,344
6.1963,1896,1964,-1350,344
6.1967,1896,1962,-1350,336
6.1971,1896,1962,-1350,336
6.1975,1896,1961,-1350,336
6.1979,1896,1961,-1350,336
6.1983,1896,1960,-1350,336
6.1987,1896,1960,-1350,336
6.1992,1896,1960,-1350,336
6.1997,1896,1958,-1350,328
6.2001,1890,1957,-1350,336
6.2009,1890,1957,-1350,336
6.2012,1890,1957,-1350,336
6.2017,1890,1956,-1350,336
6.2022,1890,1956,-1350,336
6.2026,1890,1954,-1350,328
6.2030,1890,1954,-1350,328
6.2034,1890,1953,-1350,320
6.2037,1890,1953,-1350,320
6.2042,1890,1953,-1350,320
6.2046,1890,1951,-1350,312
6.2050,1890,1951,-1350,312
6.2054,1890,1950,-1350,312
6.2057,1890,1950,-1350,312
6.2061,1890,1950,-1350,312
6.2065,1890,1949,-1350,312
6.2069,1890,1949,-1350,312
6.2073,1890,1948,-1350,312
6.2078,1890,1948,-1350,312
6.2085,1890,1946,-1350,304
6.2089,1890,1946,-1350,304
6.2093,1890,1945,-1350,304
6.2097,1890,1945,-1350,304
6.2102,1884,1944,-1350,304
6.2109,1884,1944,-1350,304
6.2113,1884,1943,-1350,304
6.2117,1884,1943,-1350,304
6.2122,1884,1943,-1350,304
6.2126,1884,1941,-1350,296
6.2130,1884,1941,-1350,296
6.2134,1884,1940,-1350,296
6.2137,1884,1940,-1350,296
6.2142,1884,1940,-1350,296
6.2145,1884,1939,-1350,296
6.2149,1884,1939,-1350,296
6.2155,1884,1938,-1350,296
6.2160,1884,1938,-1350,296
6.2164,1884,1936,-1350,288
6.2169,1884,1936,-1350,288
6.2173,1884,1935,-1350,288
6.2177,1884,1935,-1350,288
6.2181,1884,1935,-1350,288
6.2185,1884,1934,-1350,288
6.2190,1884,1934,-1350,288
6.2194,1884,1933,-1350,280
6.2198,1884,1933,-1350,280
6.2202,1879,1932,-1350,280
6.2209,1879,1932,-1350,280
6.2212,1879,1930,-1350,272
6.2216,1879,1930,-1350,272
6.2220,1879,1930,-1350,272
6.2224,1879,1930,-1350,280
6.2228,1879,1930,-1350,280
6.2231,1879,1930,-1350,280
6.2235,1879,1929,-1350,276
6.2239,1879,1929,-1350,276
6.2243,1879,1927,-1350,268
6.2246,1879,1927,-1350,268
6.2250,1879,1927,-1350,268
6.2254,1879,1926,-1200,268
6.2258,1879,1926,-1200,268
6.2262,1879,1926,-1200,268
6.2265,1879,1925,-1200,268
6.2269,1879,1925,-1200,268
6.2273,1879,1923,-1200,252
6.2277,1879,1923,-1200,252
6.2281,1879,1923,-1200,252
6.2285,1879,1922,-1200,252
6.2289,1879,1922,-1200,252
6.2293,1879,1921,-1200,252
6.2297,1879,1921,-1200,252
6.2301,1876,1920,-1200,252
6.2308,1876,1920,-1200,252
6.2311,1876,1920,-1200,252
6.2315,1876,1919,-1200,244
6.2319,1876,1919,-1200,244
6.2323,1876,1918,-1200,244
6.2326,1876,1918,-1200,244
6.2330,1876,1918,-1200,244
6.2334,1876,1917,-1200,244
6.2338,1876,1917,-1200,244
6.2341,1876,1917,-1200,244
6.2345,1876,1916,-1200,244
6.2349,1876,1916,-1200,244
6.2352,1876,1915,-1200,236
6.2356,1876,1915,-1200,236
6.2360,1876,1915,-1200,236
6.2364,1876,1914,-1200,236
6.2367,1876,1914,-1200,236
6.2371,1876,1914,-1200,236
6.2374,1876,1913,-1200,236
6.2378,1876,1913,-1200,236
6.2382,1876,1912,-1200,228
6.2385,1876,1912,-1200,228
6.2389,1876,1912,-1200,228
6.2393,1876,1910,-1200,220
6.2397,1876,1910,-1200,220
6.2401,1874,1909,-1200,220
6.2409,1874,1909,-1200,220
6.2413,1874,1909,-1200,220
6.2417,1874,1909,-1200,220
6.2420,1874,1909,-1200,220
6.2424,1874,1908,-1200,220
6.2428,1874,1908,-1200,220
6.2431,1874,1907,-1200,200
6.2435,1874,1907,-1200,200
6.2439,1874,1907,-1200,200
6.2442,1874,1906,-1200,200
6.2446,1874,1906,-1200,200
6.2450,1874,1906,-1200,200
6.2454,1874,1905,-1050,192
6.2457,1874,1905,-1050,192
6.2461,1874,1903,-1050,184
6.2465,1874,1903,-1050,184
6.2469,1874,1903,-1050,184
6.2473,1874,1902,-1050,176
6.2477,1874,1902,-1050,176
6.2481,1874,1902,-1050,184
6.2485,1874,1902,-1050,184
6.2489,1874,1902,-1050,184
6.2493,1874,1901,-1050,176
6.2497,1874,1901,-1050,176
6.2500,1873,1900,-1050,168
6.2507,1873,1900,-1050,168
6.2511,1873,1899,-1050,168
6.2515,1873,1899,-1050,168
6.2518,1873,1899,-1050,168
6.2522,1873,1898,-1050,160
6.2525,1873,1898,-1050,160
6.2529,1873,1898,-1050,160
6.2533,1873,1897,-1050,160
6.2537,1873,1897,-1050,160
6.2541,1873,1896,-1050,152
6.2546,1873,1896,-1050,152
6.2550,1873,1896,-1050,152
6.2554,1873,1895,-1050,144
6.2558,1873,1895,-1050,144
6.2562,1873,1894,-1050,144
6.2566,1873,1894,-1050,144
6.2570,1873,1894,-1050,144
6.2574,1873,1893,-1050,136
6.2577,1873,1893,-1050,136
6.2581,1873,1892,-1050,128
6.2584,1873,1892,-1050,128
6.2588,1873,1892,-1050,128
6.2591,1873,1892,-1050,128
6.2595,1873,1892,-1050,128
6.2599,1873,1892,-1050,128
6.2602,1874,1891,-1050,120
6.2610,1874,1891,-1050,120
6.2613,1874,1890,-1050,120
6.2617,1874,1890,-1050,120
6.2620,1874,1889,-1050,112
6.2624,1874,1889,-1050,112
6.2628,1874,1889,-1050,112
6.2631,1874,1888,-1050,88
6.2635,1874,1888,-1050,88
6.2639,1874,1888,-1050,88
6.2642,1874,1887,-1050,80
6.2646,1874,1887,-1050,80
6.2650,1874,1887,-1050,80
6.2653,1874,1887,-900,80
6.2657,1874,1887,-900,80
6.2662,1874,1886,-900,72
6.2666,1874,1886,-900,72
6.2669,1874,1886,-900,72
6.2673,1874,1886,-900,72
6.2677,1874,1886,-900,72
6.2681,1874,1885,-900,64
6.2684,1874,1885,-900,64
6.2688,1874,1885,-900,64
6.2692,1874,1884,-900,56
6.2698,1874,1884,-900,56
6.2702,1876,1883,-900,40
6.2709,1876,1883,-900,40
6.2713,1876,1883,-900,40
6.2717,1876,1883,-900,40
6.2721,1876,1882,-900,32
6.2724,1876,1882,-900,32
6.2728,1876,1882,-900,32
6.2732,1876,1882,-900,32
6.2736,1876,1882,-900,32
6.2740,1876,1881,-900,0
6.2744,1876,1881,-900,0
6.2748,1876,1881,-900,0
6.2752,1876,1880,-900,-24
6.2755,1876,1880,-900,-24
6.2759,1876,1880,-900,-24
6.2763,1876,1880,-900,-24
6.2767,1876,1880,-900,-24
6.2770,1876,1880,-900,-24
6.2774,1876,1880,-900,-24
6.2778,1876,1880,-900,-24
6.2782,1876,1879,-900,-40
6.2785,1876,1879,-900,-40
6.2789,1876,1879,-900,-40
6.2793,1876,1878,-900,-48
6.2796,1876,1878,-900,-48
6.2800,1879,1878,-900,-48
6.2807,1879,1878,-900,-48
6.2812,1879,1877,-900,-56
6.2815,1879,1877,-900,-56
6.2819,1879,1877,-900,-56
6.2823,1879,1877,-900,-64
6.2826,1879,1877,-900,-64
6.2830,1879,1877,-900,-76
6.2834,1879,1877,-900,-76
6.2837,1879,1877,-900,-76
6.2841,1879,1876,-900,-76
6.2844,1879,1876,-900,-76
6.2848,1879,1876,-900,-76
6.2852,1879,1876,-550,-76
6.2856,1879,1876,-550,-76
6.2866,1879,1876,-550,-76
6.2870,1879,1875,-550,-84
6.2874,1879,1875,-550,-84
6.2878,1879,1875,-550,-84
6.2881,1879,1875,-550,-84
6.2885,1879,1875,-550,-84
6.2889,1879,1875,-550,-92
6.2893,1879,1875,-550,-92
6.2897,1879,1875,-550,-92
6.2901,1884,1874,-550,-100
6.2907,1884,1874,-550,-100
6.2911,1884,1874,-550,-100
6.2917,1884,1874,-550,-100
6.2921,1884,1874,-550,-108
6.2925,1884,1874,-550,-108
6.2928,1884,1874,-550,-108
6.2932,1884,1874,-550,-108
6.2936,1884,1874,-550,-108
6.2940,1884,1874,-550,-108
6.2944,1884,1874,-550,-108
6.2948,1884,1874,-550,-108
6.2952,1884,1874,-550,-116
6.2956,1884,1874,-550,-116
6.2961,1884,1874,-550,-116
6.2965,1884,1874,-550,-116
6.2968,1884,1874,-550,-116
6.2972,1884,1874,-550,-116
6.2976,1884,1874,-550,-116
6.2980,1884,1874,-550,-124
6.2984,1884,1874,-550,-124
6.2988,1884,1874,-550,-124
6.2992,1884,1874,-550,-124
6.2995,1884,1874,-550,-124
6.3000,1884,1874,-550,-132
6.3004,1890,1874,-550,-132
6.3011,1890,1874,-550,-132
6.3014,1890,1874,-550,-132
6.3018,1890,1874,-550,-132
6.3022,1890,1874,-550,-132
6.3026,1890,1874,-550,-132
6.3030,1890,1874,-550,-112
6.3033,1890,1874,-550,-112
6.3037,1890,1874,-550,-112
6.3041,1890,1874,-550,-112
6.3044,1890,1874,-550,-112
6.3048,1890,1874,-550,-112
6.3052,1890,1874,-100,-112
6.3055,1890,1874,-100,-112
6.3059,1890,1874,-100,-120
6.3063,1890,1874,-100,-120
6.3066,1890,1874,-100,-120
6.3070,1890,1874,-100,-120
6.3074,1890,1874,-100,-120
6.3077,1890,1874,-100,-120
6.3081,1890,1874,-100,-128
6.3085,1890,1874,-100,-128
6.3088,1890,1874,-100,-128
6.3092,1890,1874,-100,-128
6.3096,1890,1874,-100,-128
6.3100,1890,1874,-100,-136
6.3104,1897,1874,-100,-136
6.3111,1897,1874,-100,-136
6.3115,1897,1874,-100,-136
6.3119,1897,1874,-100,-144
6.3123,1897,1874,-100,-144
6.3127,1897,1874,-100,-144
6.3131,1897,1874,-100,-144
6.3135,1897,1874,-100,-144
6.3140,1897,1874,-100,-152
6.3143,1897,1874,-100,-152
6.3147,1897,1874,-100,-152
6.3151,1897,1874,-100,-152
6.3155,1897,1874,-100,-152
6.3159,1897,1875,-100,-152
6.3163,1897,1875,-100,-152
6.3168,1897,1875,-100,-152
6.3172,1897,1875,-100,-152
6.3177,1897,1875,-100,-152
6.3181,1897,1875,-100,-160
6.3185,1897,1875,-100,-160
6.3189,1897,1876,-100,-160
6.3193,1897,1876,-100,-160
6.3197,1897,1876,-100,-160
6.3200,1905,1876,-100,-160
6.3207,1905,1876,-100,-160
6.3211,1905,1876,-100,-168
6.3214,1905,1876,-100,-168
6.3218,1905,1876,-100,-168
6.3221,1905,1876,-100,-168
6.3224,1905,1876,-100,-168
6.3228,1905,1877,-100,-164
6.3231,1905,1877,-100,-164
6.3235,1905,1877,-100,-164
6.3238,1905,1877,-100,-172
6.3241,1905,1877,-100,-172
6.3246,1905,1877,-100,-172
6.3249,1905,1877,150,-172
6.3254,1905,1877,150,-172
6.3257,1905,1878,150,-172
6.3261,1905,1878,150,-172
6.3264,1905,1878,150,-172
6.3267,1905,1878,150,-180
6.3271,1905,1878,150,-180
6.3274,1905,1878,150,-180
6.3277,1905,1879,150,-172
6.3281,1905,1879,150,-172
6.3284,1905,1879,150,-172
6.3287,1905,1879,150,-172
6.3290,1905,1879,150,-180
6.3294,1905,1879,150,-180
6.3298,1905,1879,150,-188
6.3301,1914,1879,150,-188
6.3308,1914,1880,150,-180
6.3311,1914,1880,150,-180
6.3314,1914,1880,150,-180
6.3318,1914,1880,150,-188
6.3321,1914,1880,150,-188
6.3324,1914,1880,150,-188
6.3328,1914,1880,150,-196
6.3331,1914,1880,150,-196
6.3334,1914,1880,150,-196
6.3338,1914,1881,150,-188
6.3341,1914,1881,150,-188
6.3344,1914,1881,150,-188
6.3347,1914,1881,150,-196
6.3350,1914,1881,150,-196
6.3354,1914,1881,150,-196
6.3357,1914,1882,150,-196
6.3360,1914,1882,150,-196
6.3363,1914,1882,150,-196
6.3367,1914,1882,150,-196
6.3370,1914,1882,150,-204
6.3373,1914,1882,150,-204
6.3376,1914,1882,150,-204
6.3380,1914,1883,150,-196
6.3383,1914,1883,150,-196
6.3386,1914,1883,150,-196
6.3390,1914,1883,150,-204
6.3393,1914,1883,150,-204
6.3396,1914,1883,150,-204
6.3400,1914,1884,150,-204
6.3403,1924,1884,150,-212
6.3410,1924,1884,150,-212
6.3413,1924,1884,150,-212
6.3417,1924,1885,150,-204
6.3420,1924,1885,150,-204
6.3423,1924,1885,150,-204
6.3427,1924,1886,150,-196
6.3430,1924,1886,150,-196
6.3434,1924,1886,150,-196
6.3437,1924,1886,150,-204
6.3441,1924,1886,150,-204
6.3444,1924,1886,150,-204
6.3447,1924,1886,450,-212
6.3451,1924,1886,450,-212
6.3454,1924,1886,450,-212
6.3457,1924,1887,450,-204
6.3461,1924,1887,450,-204
6.3464,1924,1887,450,-204
6.3468,1924,1887,450,-212
6.3471,1924,1887,450,-212
6.3474,1924,1887,450,-212
6.3478,1924,1888,450,-212
6.3481,1924,1888,450,-212
6.3485,1924,1888,450,-212
6.3488,1924,1889,450,-212
6.3491,1924,1889,450,-212
6.3495,1924,1889,450,-212
6.3499,1924,1889,450,-220
6.3503,1936,1890,450,-212
6.3510,1936,1890,450,-212
6.3513,1936,1890,450,-212
6.3517,1936,1891,450,-212
6.3521,1936,1891,450,-212
6.3525,1936,1891,450,-212
6.3530,1936,1891,450,-220
6.3534,1936,1891,450,-220
6.3538,1936,1892,450,-220
6.3541,1936,1892,450,-220
6.3545,1936,1892,450,-220
6.3548,1936,1892,450,-220
6.3551,1936,1892,450,-220
6.3555,1936,1892,450,-220
6.3559,1936,1893,450,-220
6.3562,1936,1893,450,-220
6.3566,1936,1894,450,-220
6.3570,1936,1894,450,-220
6.3573,1936,1894,450,-220
6.3577,1936,1894,450,-228
6.3580,1936,1894,450,-228
6.3583,1936,1894,450,-228
6.3587,1936,1895,450,-228
6.3590,1936,1895,450,-228
6.3593,1936,1895,450,-228
6.3597,1936,1895,450,-236
6.3600,1936,1895,450,-236
6.3603,1948,1896,450,-236
6.3609,1948,1896,450,-236
6.3612,1948,1896,450,-236
6.3616,1948,1897,450,-236
6.3619,1948,1897,450,-236
6.3622,1948,1897,450,-236
6.3626,1948,1897,450,-248
6.3629,1948,1897,450,-248
6.3633,1948,1897,450,-248
6.3636,1948,1898,450,-248
6.3640,1948,1898,450,-248
6.3644,1948,1898,450,-248
6.3647,1948,1899,650,-248
6.3651,1948,1899,650,-248
6.3654,1948,1899,650,-248
6.3657,1948,1899,650,-256
6.3661,1948,1899,650,-256
6.3664,1948,1899,650,-256
6.3667,1948,1900,650,-256
6.3671,1948,1900,650,-256
6.3674,1948,1900,650,-256
6.3678,1948,1900,650,-264
6.3681,1948,1900,650,-264
6.3685,1948,1900,650,-264
6.3688,1948,1901,650,-264
6.3691,1948,1901,650,-264
6.3695,1948,1902,650,-264
6.3699,1948,1902,650,-264
6.3702,1960,1903,650,-264
6.3709,1960,1903,650,-264
6.3712,1960,1903,650,-264
6.3716,1960,1903,650,-272
6.3719,1960,1903,650,-272
6.3723,1960,1903,650,-272
6.3726,1960,1904,650,-272
6.3729,1960,1904,650,-272
6.3733,1960,1904,650,-272
6.3736,1960,1905,650,-272
6.3739,1960,1905,650,-272
6.3743,1960,1905,650,-272
6.3746,1960,1906,650,-272
6.3750,1960,1906,650,-272
6.3755,1960,1907,650,-272
6.3759,1960,1907,650,-272
6.3762,1960,1907,650,-272
6.3766,1960,1907,650,-280
6.3769,1960,1907,650,-280
6.3773,1960,1907,650,-280
6.3776,1960,1908,650,-280
6.3782,1960,1908,650,-280
6.3786,1960,1909,650,-280
6.3790,1960,1909,650,-280
6.3793,1960,1909,650,-280
6.3796,1960,1909,650,-288
6.3800,1960,1909,650,-288
6.3803,1974,1910,650,-288
6.3809,1974,1910,650,-288
6.3813,1974,1910,650,-288
6.3816,1974,1911,650,-288
6.3820,1974,1911,650,-288
6.3823,1974,1911,650,-288
6.3827,1974,1912,650,-284
6.3830,1974,1912,650,-284
6.3833,1974,1912,650,-284
6.3837,1974,1913,650,-284
6.3841,1974,1913,650,-284
6.3844,1974,1913,650,-284
6.3847,1974,1914,750,-284
6.3851,1974,1914,750,-284
6.3854,1974,1914,750,-292
6.3858,1974,1914,750,-292
6.3861,1974,1914,750,-292
6.3865,1974,1915,750,-292
6.3868,1974,1915,750,-292
6.3871,1974,1915,750,-292
6.3875,1974,1916,750,-300
6.3879,1974,1916,750,-300
6.3882,1974,1916,750,-300
6.3886,1974,1917,750,-300
6.3889,1974,1917,750,-300
6.3897,1974,1918,750,-300
6.3901,1987,1919,750,-300
6.3908,1987,1919,750,-300
6.3911,1987,1919,750,-300
6.3915,1987,1920,750,-300
6.3918,1987,1920,750,-300
6.3921,1987,1920,750,-300
6.3925,1987,1921,750,-300
6.3929,1987,1921,750,-300
6.3932,1987,1921,750,-300
6.3936,1987,1921,750,-308
6.3939,1987,1921,750,-308
6.3943,1987,1921,750,-308
6.3946,1987,1922,750,-316
6.3950,1987,1922,750,-316
6.3953,1987,1922,750,-316
6.3957,1987,1923,750,-316
6.3961,1987,1923,750,-316
6.3964,1987,1924,750,-316
6.3968,1987,1924,750,-316
6.3971,1987,1924,750,-316
6.3975,1987,1925,750,-316
6.3978,1987,1925,750,-316
6.3981,1987,1925,750,-316
6.3985,1987,1926,750,-316
6.3988,1987,1926,750,-316
6.3992,1987,1926,750,-316
6.3995,1987,1927,750,-316
6.3999,1987,1927,750,-316
6.4002,2002,1928,750,-316
6.4009,2002,1928,750,-316
6.4012,2002,1928,750,-316
6.4016,2002,1929,750,-324
6.4020,2002,1929,750,-324
6.4023,2002,1929,750,-324
6.4026,2002,1929,750,-336
6.4030,2002,1929,750,-336
6.4033,2002,1929,750,-336
6.4037,2002,1931,750,-328
6.4040,2002,1931,750,-328
6.4043,2002,1932,900,-328
6.4047,2002,1932,900,-328
6.4050,2002,1932,900,-328
6.4054,2002,1933,900,-328
6.4057,2002,1933,900,-328
6.4060,2002,1933,900,-328
6.4064,2002,1934,900,-336
6.4067,2002,1934,900,-336
6.4070,2002,1934,900,-336
6.4074,2002,1935,900,-336
6.4077,2002,1935,900,-336
6.4081,2002,1935,900,-336
6.4084,2002,1936,900,-336
6.4088,2002,1936,900,-336
6.4091,2002,1936,900,-336
6.4095,2002,1937,900,-336
6.4098,2002,1937,900,-336
6.4101,2016,1938,900,-336
6.4108,2016,1938,900,-336
6.4111,2016,1938,900,-336
6.4115,2016,1939,900,-344
6.4118,2016,1939,900,-344
6.4122,2016,1939,900,-344
6.4125,2016,1940,900,-344
6.4129,2016,1940,900,-344
6.4132,2016,1940,900,-344
6.4136,2016,1941,900,-344
6.4140,2016,1941,900,-344
6.4143,2016,1942,900,-344
6.4147,2016,1942,900,-344
6.4150,2016,1942,900,-344
6.4153,2016,1943,900,-352
6.4157,2016,1943,900,-352
6.4160,2016,1943,900,-352
6.4163,2016,1944,900,-352
6.4167,2016,1944,900,-352
6.4170,2016,1944,900,-352
6.4174,2016,1945,900,-352
6.4179,2016,1945,900,-352
6.4183,2016,1946,900,-360
6.4186,2016,1946,900,-360
6.4189,2016,1946,900,-360
6.4195,2016,1947,900,-360
6.4199,2016,1947,900,-360
6.4202,2032,1948,900,-360
6.4210,2032,1948,900,-360
6.4213,2032,1949,900,-360
6.4216,2032,1949,900,-360
6.4220,2032,1949,900,-360
6.4223,2032,1950,900,-348
6.4227,2032,1950,900,-348
6.4230,2032,1950,900,-348
6.4234,2032,1951,900,-356
6.4237,2032,1951,900,-356
6.4241,2032,1951,900,-356
6.4244,2032,1953,1050,-348
6.4248,2032,1953,1050,-348
6.4251,2032,1953,1050,-348
6.4254,2032,1954,1050,-348
6.4258,2032,1954,1050,-348
6.4261,2032,1954,1050,-348
6.4264,2032,1955,1050,-356
6.4268,2032,1955,1050,-356
6.4271,2032,1955,1050,-356
6.4275,2032,1956,1050,-356
6.4279,2032,1956,1050,-356
6.4282,2032,1957,1050,-356
6.4286,2032,1957,1050,-356
6.4289,2032,1957,1050,-356
6.4293,2032,1958,1050,-364
6.4296,2032,1958,1050,-364
6.4299,2032,1958,1050,-364
6.4303,2047,1959,1050,-364
6.4309,2047,1959,1050,-364
6.4313,2047,1961,1050,-356
6.4316,2047,1961,1050,-356
6.4319,2047,1961,1050,-356
6.4323,2047,1962,1050,-356
6.4326,2047,1962,1050,-356
6.4329,2047,1962,1050,-356
6.4333,2047,1963,1050,-364
6.4336,2047,1963,1050,-364
6.4339,2047,1963,1050,-364
6.4343,2047,1964,1050,-364
6.4346,2047,1964,1050,-364
6.4349,2047,1964,1050,-364
6.4352,2047,1965,1050,-364
6.4356,2047,1965,1050,-364
6.4359,2047,1965,1050,-364
6.4362,2047,1966,1050,-372
6.4366,2047,1966,1050,-372
6.4369,2047,1966,1050,-372
6.4373,2047,1968,1050,-364
6.4376,2047,1968,1050,-364
6.4379,2047,1968,1050,-364
6.4383,2047,1969,1050,-372
6.4386,2047,1969,1050,-372
6.4389,2047,1969,1050,-372
6.4392,2047,1970,1050,-372
6.4396,2047,1970,1050,-372
6.4399,2047,1970,1050,-372
6.4402,2061,1971,1050,-372
6.4409,2061,1971,1050,-372
6.4413,2061,1972,1050,-372
6.4416,2061,1972,1050,-372
6.4419,2061,1972,1050,-372
6.4423,2061,1973,1050,-384
6.4426,2061,1973,1050,-384
6.4430,2061,1973,1050,-384
6.4433,2061,1974,1050,-384
6.4436,2061,1974,1050,-384
6.4440,2061,1974,1050,-384
6.4443,2061,1976,1150,-384
6.4446,2061,1976,1150,-384
6.4449,2061,1976,1150,-384
6.4453,2061,1977,1150,-384
6.4456,2061,1977,1150,-384
6.4459,2061,1977,1150,-384
6.4463,2061,1978,1150,-384
6.4466,2061,1978,1150,-384
6.4469,2061,1978,1150,-384
6.4473,2061,1980,1150,-384
6.4476,2061,1980,1150,-384
6.4479,2061,1980,1150,-384
6.4483,2061,1981,1150,-384
6.4486,2061,1981,1150,-384
6.4490,2061,1981,1150,-384
6.4493,2061,1982,1150,-384
6.4496,2061,1982,1150,-384
6.4500,2061,1982,1150,-384
6.4503,2076,1983,1150,-392
6.4509,2076,1983,1150,-392
6.4513,2076,1984,1150,-392
6.4516,2076,1984,1150,-392
6.4520,2076,1984,1150,-392
6.4523,2076,1986,1150,-384
6.4526,2076,1986,1150,-384
6.4530,2076,1986,1150,-384
6.4533,2076,1987,1150,-392
6.4537,2076,1987,1150,-392
6.4540,2076,1987,1150,-392
6.4543,2076,1988,1150,-392
6.4546,2076,1988,1150,-392
6.4550,2076,1988,1150,-392
6.4553,2076,1990,1150,-392
6.4556,2076,1990,1150,-392
6.4560,2076,1990,1150,-392
6.4563,2076,1991,1150,-392
6.4567,2076,1991,1150,-392
6.4570,2076,1991,1150,-392
6.4573,2076,1992,1150,-392
6.4577,2076,1992,1150,-392
6.4580,2076,1992,1150,-392
6.4583,2076,1993,1150,-400
6.4587,2076,1993,1150,-400
6.4590,2076,1994,1150,-400
6.4594,2076,1994,1150,-400
6.4597,2076,1994,1150,-400
6.4601,2091,1996,1150,-400
6.4607,2091,1996,1150,-400
6.4610,2091,1996,1150,-400
6.4614,2091,1997,1150,-400
6.4617,2091,1997,1150,-400
6.4620,2091,1997,1150,-400
6.4623,2091,1998,1150,-392
6.4627,2091,1998,1150,-392
6.4630,2091,1998,1150,-392
6.4633,2091,2000,1150,-392
6.4636,2091,2000,1150,-392
6.4639,2091,2000,1150,-392
6.4642,2091,2001,1250,-392
6.4646,2091,2001,1250,-392
6.4649,2091,2001,1250,-392
6.4652,2091,2002,1250,-400
6.4656,2091,2002,1250,-400
6.4659,2091,2002,1250,-400
6.4663,2091,2004,1250,-392
6.4666,2091,2004,1250,-392
6.4669,2091,2004,1250,-392
6.4672,2091,2005,1250,-400
6.4676,2091,2005,1250,-400
6.4679,2091,2005,1250,-400
6.4682,2091,2006,1250,-400
6.4686,2091,2006,1250,-400
6.4689,2091,2006,1250,-400
6.4693,2091,2008,1250,-392
6.4696,2091,2008,1250,-392
6.4699,2091,2008,1250,-392
6.4703,2105,2009,1250,-400
6.4709,2105,2009,1250,-400
6.4713,2105,2010,1250,-400
6.4716,2105,2010,1250,-400
6.4719,2105,2010,1250,-400
6.4723,2105,2012,1250,-392
6.4726,2105,2012,1250,-392
6.4729,2105,2012,1250,-392
6.4733,2105,2013,1250,-400
6.4736,2105,2013,1250,-400
6.4739,2105,2013,1250,-400
6.4743,2105,2014,1250,-400
6.4746,2105,2014,1250,-400
6.4749,2105,2014,1250,-400
6.4752,2105,2016,1250,-400
6.4756,2105,2016,1250,-400
6.4759,2105,2016,1250,-400
6.4762,2105,2017,1250,-400
6.4766,2105,2017,1250,-400
6.4769,2105,2017,1250,-400
6.4773,2105,2018,1250,-408
6.4776,2105,2018,1250,-408
6.4779,2105,2018,1250,-408
6.4782,2105,2020,1250,-400
6.4786,2105,2020,1250,-400
6.4789,2105,2020,1250,-400
6.4793,2105,2021,1250,-400
6.4796,2105,2021,1250,-400
6.4799,2105,2021,1250,-400
6.4803,2119,2022,1250,-408
6.4809,2119,2022,1250,-408
6.4813,2119,2024,1250,-400
6.4816,2119,2024,1250,-400
6.4819,2119,2025,1250,-408
6.4823,2119,2025,1250,-408
6.4826,2119,2025,1250,-408
6.4830,2119,2026,1250,-408
6.4833,2119,2026,1250,-408
6.4837,2119,2026,1250,-408
6.4840,2119,2028,1350,-400
6.4843,2119,2028,1350,-400
6.4847,2119,2028,1350,-400
6.4850,2119,2029,1350,-408
6.4853,2119,2029,1350,-408
6.4857,2119,2029,1350,-408
6.4860,2119,2031,1350,-400
6.4863,2119,2031,1350,-400
6.4867,2119,2031,1350,-400
6.4870,2119,2032,1350,-408
6.4873,2119,2032,1350,-408
6.4877,2119,2032,1350,-408
6.4880,2119,2033,1350,-408
6.4883,2119,2033,1350,-408
6.4887,2119,2033,1350,-408
6.4890,2119,2035,1350,-400
6.4893,2119,2035,1350,-400
6.4896,2119,2035,1350,-400
6.4900,2119,2036,1350,-408
6.4903,2132,2036,1350,-408
6.4909,2132,2037,1350,-408
6.4913,2132,2037,1350,-408
6.4916,2132,2037,1350,-408
6.4919,2132,2039,1350,-408
6.4923,2132,2039,1350,-408
6.4926,2132,2039,1350,-408
6.4929,2132,2041,1350,-400
6.4933,2132,2041,1350,-400
6.4936,2132,2041,1350,-400
6.4939,2132,2042,1350,-400
6.4943,2132,2042,1350,-400
6.4946,2132,2042,1350,-400
6.4949,2132,2043,1350,-408
6.4953,2132,2043,1350,-408
6.4956,2132,2043,1350,-408
6.4959,2132,2044,1350,-408
6.4963,2132,2044,1350,-408
6.4966,2132,2044,1350,-408
6.4970,2132,2046,1350,-408
6.4974,2132,2046,1350,-408
6.4978,2132,2046,1350,-408
6.4981,2132,2047,1350,-408
6.4985,2132,2047,1350,-408
6.4989,2132,2048,1350,-416
6.4993,2132,2048,1350,-416
6.4996,2132,2048,1350,-416
6.5000,2144,2050,1350,-408
6.5007,2144,2050,1350,-408
6.5011,2144,2052,1350,-400
6.5014,2144,2052,1350,-400
6.5018,2144,2052,1350,-400
6.5022,2144,2053,1350,-400
6.5025,2144,2053,1350,-400
6.5029,2144,2055,1350,-392
6.5032,2144,2055,1350,-392
6.5036,2144,2055,1350,-392
6.5040,2144,2056,1400,-400
6.5043,2144,2056,1400,-400
6.5047,2144,2056,1400,-400
6.5050,2144,2058,1400,-392
6.5054,2144,2058,1400,-392
6.5058,2144,2058,1400,-392
6.5061,2144,2059,1400,-392
6.5065,2144,2059,1400,-392
6.5069,2144,2060,1400,-400
6.5073,2144,2060,1400,-400
6.5076,2144,2060,1400,-400
6.5080,2144,2062,1400,-392
6.5084,2144,2062,1400,-392
6.5087,2144,2062,1400,-392
6.5091,2144,2063,1400,-392
6.5094,2144,2063,1400,-392
6.5098,2144,2065,1400,-392
6.5102,2156,2065,1400,-392
6.5109,2156,2066,1400,-392
6.5112,2156,2066,1400,-392
6.5116,2156,2066,1400,-392
6.5120,2156,2067,1400,-392
6.5124,2156,2067,1400,-392
6.5127,2156,2067,1400,-392
6.5131,2156,2069,1400,-392
6.5135,2156,2069,1400,-392
6.5138,2156,2070,1400,-392
6.5142,2156,2070,1400,-392
6.5146,2156,2070,1400,-392
6.5150,2156,2071,1400,-400
6.5154,2156,2071,1400,-400
6.5157,2156,2071,1400,-400
6.5161,2156,2073,1400,-392
6.5164,2156,2073,1400,-392
6.5168,2156,2074,1400,-392
6.5171,2156,2074,1400,-392
6.5175,2156,2074,1400,-392
6.5178,2156,2076,1400,-384
6.5182,2156,2076,1400,-384
6.5186,2156,2076,1400,-384
6.5190,2156,2077,1400,-392
6.5194,2156,2077,1400,-392
6.5197,2156,2077,1400,-392
6.5201,2167,2079,1400,-384
6.5207,2167,2080,1400,-384
6.5211,2167,2080,1400,-384
6.5215,2167,2080,1400,-384
6.5218,2167,2082,1400,-376
6.5222,2167,2082,1400,-376
6.5226,2167,2082,1400,-376
6.5230,2167,2083,1400,-376
6.5234,2167,2083,1400,-376
6.5238,2167,2084,1400,-376
6.5242,2167,2084,1400,-376
6.5246,2167,2084,1400,-376
6.5249,2167,2086,1400,-376
6.5253,2167,2086,1400,-376
6.5258,2167,2087,1400,-376
6.5261,2167,2087,1400,-376
6.5266,2167,2087,1400,-376
6.5270,2167,2089,1400,-368
6.5273,2167,2089,1400,-368
6.5277,2167,2090,1400,-376
6.5281,2167,2090,1400,-376
6.5284,2167,2090,1400,-376
6.5288,2167,2091,1400,-376
6.5292,2167,2091,1400,-376
6.5296,2167,2091,1400,-376
6.5300,2177,2092,1400,-376
6.5307,2177,2094,1400,-368
6.5311,2177,2094,1400,-368
6.5315,2177,2094,1400,-368
6.5319,2177,2095,1400,-376
6.5323,2177,2095,1400,-376
6.5327,2177,2095,1400,-376
6.5330,2177,2097,1400,-368
6.5334,2177,2097,1400,-368
6.5338,2177,2098,1400,-368
6.5341,2177,2098,1400,-368
6.5345,2177,2098,1400,-368
6.5349,2177,2100,1400,-368
6.5352,2177,2100,1400,-368
6.5356,2177,2100,1400,-368
6.5360,2177,2101,1400,-368
6.5363,2177,2101,1400,-368
6.5367,2177,2101,1400,-368
6.5370,2177,2102,1400,-368
6.5373,2177,2102,1400,-368
6.5377,2177,2102,1400,-368
6.5383,2177,2104,1400,-360
6.5387,2177,2105,1400,-360
6.5390,2177,2105,1400,-360
6.5394,2177,2105,1400,-360
6.5398,2177,2106,1400,-360
6.5402,2186,2106,1400,-360
6.5410,2186,2108,1400,-360
6.5414,2186,2108,1400,-360
6.5417,2186,2109,1400,-360
6.5421,2186,2109,1400,-360
6.5425,2186,2109,1400,-360
6.5429,2186,2111,1400,-352
6.5432,2186,2111,1400,-352
6.5436,2186,2112,1400,-352
6.5440,2186,2112,1400,-352
6.5444,2186,2112,1400,-352
6.5447,2186,2113,1400,-352
6.5451,2186,2113,1400,-352
6.5454,2186,2113,1400,-352
6.5458,2186,2114,1400,-360
6.5462,2186,2114,1400,-360
6.5466,2186,2116,1400,-352
6.5470,2186,2116,1400,-352
6.5474,2186,2116,1400,-352
6.5477,2186,2117,1400,-352
6.5481,2186,2117,1400,-352
6.5485,2186,2117,1400,-352
6.5489,2186,2118,1400,-352
6.5493,2186,2118,1400,-352
6.5496,2186,2120,1400,-344
6.5500,2186,2120,1400,-344
6.5504,2194,2121,1400,-344
6.5511,2194,2121,1400,-344
6.5514,2194,2121,1400,-344
6.5518,2194,2122,1400,-344
6.5522,2194,2122,1400,-344
6.5526,2194,2124,1400,-336
6.5530,2194,2124,1400,-336
6.5533,2194,2124,1400,-336
6.5537,2194,2125,1400,-336
6.5541,2194,2125,1400,-336
6.5544,2194,2125,1400,-336
6.5548,2194,2126,1400,-344
6.5552,2194,2126,1400,-344
6.5555,2194,2126,1400,-344
6.5559,2194,2128,1400,-336
6.5563,2194,2128,1400,-336
6.5566,2194,2129,1400,-336
6.5570,2194,2129,1400,-336
6.5574,2194,2129,1400,-336
6.5578,2194,2131,1400,-328
6.5581,2194,2131,1400,-328
6.5585,2194,2131,1400,-328
6.5589,2194,2132,1400,-328
6.5593,2194,2132,1400,-328
6.5596,2194,2133,1400,-328
6.5602,2200,2133,1400,-328
6.5609,2200,2134,1400,-328
6.5613,2200,2134,1400,-328
6.5616,2200,2135,1400,-320
6.5621,2200,2135,1400,-320
6.5624,2200,2135,1400,-320
6.5628,2200,2137,1400,-312
6.5632,2200,2137,1400,-312
6.5636,2200,2138,1300,-312
6.5640,2200,2138,1300,-312
6.5644,2200,2138,1300,-312
6.5647,2200,2139,1300,-312
6.5651,2200,2139,1300,-312
6.5655,2200,2139,1300,-312
6.5658,2200,2141,1300,-304
6.5662,2200,2141,1300,-304
6.5666,2200,2142,1300,-304
6.5670,2200,2142,1300,-304
6.5675,2200,2143,1300,-304
6.5679,2200,2143,1300,-304
6.5683,2200,2143,1300,-304
6.5687,2200,2144,1300,-304
6.5690,2200,2144,1300,-304
6.5694,2200,2144,1300,-304
6.5697,2200,2146,1300,-296
6.5701,2206,2146,1300,-296
6.5708,2206,2147,1300,-296
6.5711,2206,2147,1300,-296
6.5715,2206,2147,1300,-296
6.5718,2206,2148,1300,-296
6.5722,2206,2148,1300,-296
6.5725,2206,2150,1300,-288
6.5729,2206,2150,1300,-288
6.5732,2206,2150,1300,-288
6.5736,2206,2151,1300,-288
6.5740,2206,2151,1300,-288
6.5743,2206,2151,1300,-288
6.5747,2206,2153,1300,-280
6.5750,2206,2153,1300,-280
6.5754,2206,2153,1300,-280
6.5758,2206,2154,1300,-280
6.5761,2206,2154,1300,-280
6.5765,2206,2155,1300,-280
6.5768,2206,2155,1300,-280
6.5772,2206,2155,1300,-280
6.5775,2206,2156,1300,-280
6.5779,2206,2156,1300,-280
6.5782,2206,2156,1300,-280
6.5786,2206,2157,1300,-280
6.5790,2206,2157,1300,-280
6.5793,2206,2157,1300,-280
6.5797,2206,2158,1300,-280
6.5800,2210,2158,1300,-280
6.5807,2210,2160,1300,-264
6.5811,2210,2160,1300,-264
6.5814,2210,2160,1300,-264
6.5818,2210,2161,1300,-252
6.5821,2210,2161,1300,-252
6.5825,2210,2162,1300,-252
6.5829,2210,2162,1300,-252
6.5833,2210,2162,1300,-252
6.5836,2210,2163,1250,-252
6.5840,2210,2163,1250,-252
6.5843,2210,2163,1250,-252
6.5847,2210,2164,1250,-252
6.5851,2210,2164,1250,-252
6.5855,2210,2165,1250,-244
6.5859,2210,2165,1250,-244
6.5863,2210,2165,1250,-244
6.5867,2210,2166,1250,-244
6.5870,2210,2166,1250,-244
6.5874,2210,2167,1250,-244
6.5878,2210,2167,1250,-244
6.5881,2210,2167,1250,-244
6.5885,2210,2168,1250,-244
6.5889,2210,2168,1250,-244
6.5892,2210,2168,1250,-244
6.5896,2210,2169,1250,-236
6.5900,2210,2169,1250,-236
6.5903,2213,2171,1250,-228
6.5910,2213,2171,1250,-228
6.5913,2213,2171,1250,-228
6.5916,2213,2172,1250,-228
6.5920,2213,2172,1250,-228
6.5923,2213,2172,1250,-228
6.5927,2213,2173,1250,-220
6.5930,2213,2173,1250,-220
6.5934,2213,2174,1250,-220
6.5937,2213,2174,1250,-220
6.5941,2213,2174,1250,-220
6.5944,2213,2175,1250,-220
6.5948,2213,2175,1250,-220
6.5951,2213,2175,1250,-220
6.5955,2213,2176,1250,-212
6.5958,2213,2176,1250,-212
6.5961,2213,2176,1250,-212
6.5965,2213,2177,1250,-212
6.5969,2213,2177,1250,-212
6.5972,2213,2177,1250,-212
6.5976,2213,2178,1250,-212
6.5980,2213,2178,1250,-212
6.5983,2213,2178,1250,-212
6.5986,2213,2179,1250,-204
6.5990,2213,2179,1250,-204
6.5993,2213,2180,1250,-204
6.5997,2213,2180,1250,-204
6.6000,2214,2180,1250,-204
6.6006,2214,2181,1250,-196
6.6010,2214,2181,1250,-196
6.6013,2214,2181,1250,-196
6.6016,2214,2182,1250,-196
6.6020,2214,2182,1250,-196
6.6023,2214,2182,1250,-196
6.6027,2214,2183,1250,-188
6.6030,2214,2183,1250,-188
6.6033,2214,2184,1050,-188
6.6037,2214,2184,1050,-188
6.6040,2214,2184,1050,-188
6.6044,2214,2185,1050,-180
6.6047,2214,2185,1050,-180
6.6051,2214,2185,1050,-180
6.6055,2214,2186,1050,-180
6.6058,2214,2186,1050,-180
6.6061,2214,2186,1050,-180
6.6065,2214,2187,1050,-172
6.6069,2214,2187,1050,-172
6.6072,2214,2187,1050,-172
6.6076,2214,2188,1050,-164
6.6080,2214,2188,1050,-164
6.6083,2214,2189,1050,-164
6.6087,2214,2189,1050,-164
6.6090,2214,2189,1050,-164
6.6094,2214,2189,1050,-164
6.6098,2214,2189,1050,-164
6.6101,2215,2190,1050,-156
6.6108,2215,2190,1050,-156
6.6112,2215,2190,1050,-156
6.6116,2215,2191,1050,-156
6.6120,2215,2191,1050,-156
6.6123,2215,2192,1050,-148
6.6127,2215,2192,1050,-148
6.6130,2215,2192,1050,-148
6.6134,2215,2193,1050,-140
6.6137,2215,2193,1050,-140
6.6141,2215,2193,1050,-140
6.6145,2215,2194,1050,-140
6.6148,2215,2194,1050,-140
6.6152,2215,2194,1050,-140
6.6156,2215,2195,1050,-132
6.6160,2215,2195,1050,-132
6.6163,2215,2196,1050,-124
6.6167,2215,2196,1050,-124
6.6170,2215,2196,1050,-124
6.6174,2215,2196,1050,-124
6.6178,2215,2196,1050,-124
6.6181,2215,2196,1050,-124
6.6185,2215,2197,1050,-116
6.6188,2215,2197,1050,-116
6.6192,2215,2197,1050,-116
6.6195,2215,2198,1050,-108
6.6199,2215,2198,1050,-108
6.6202,2214,2199,1050,-108
6.6209,2214,2199,1050,-108
6.6212,2214,2199,1050,-108
6.6216,2214,2200,1050,-68
6.6220,2214,2200,1050,-68
6.6224,2214,2200,1050,-68
6.6227,2214,2200,1050,-68
6.6231,2214,2200,1050,-68
6.6234,2214,2201,850,-60
6.6238,2214,2201,850,-60
6.6241,2214,2201,850,-60
6.6245,2214,2202,850,-52
6.6248,2214,2202,850,-52
6.6251,2214,2202,850,-52
6.6254,2214,2203,850,-44
6.6258,2214,2203,850,-44
6.6261,2214,2203,850,-44
6.6265,2214,2203,850,-44
6.6268,2214,2203,850,-44
6.6271,2214,2203,850,-44
6.6275,2214,2204,850,-36
6.6279,2214,2204,850,-36
6.6282,2214,2205,850,-28
6.6286,2214,2205,850,-28
6.6289,2214,2205,850,-28
6.6293,2214,2205,850,-28
6.6296,2214,2205,850,-28
6.6300,2214,2205,850,-28
6.6303,2211,2206,850,-20
6.6309,2211,2206,850,-20
6.6313,2211,2206,850,20
6.6316,2211,2206,850,20
6.6320,2211,2206,850,20
6.6324,2211,2207,850,28
6.6327,2211,2207,850,28
6.6331,2211,2207,850,28
6.6334,2211,2207,850,28
6.6337,2211,2207,850,28
6.6341,2211,2207,850,28
6.6345,2211,2208,850,36
6.6348,2211,2208,850,36
6.6352,2211,2209,850,44
6.6355,2211,2209,850,44
6.6359,2211,2209,850,44
6.6362,2211,2209,850,44
6.6366,2211,2209,850,44
6.6370,2211,2209,850,44
6.6373,2211,2209,850,44
6.6377,2211,2209,850,44
6.6380,2211,2209,850,44
6.6384,2211,2210,850,60
6.6387,2211,2210,850,60
6.6391,2211,2210,850,60
6.6394,2211,2210,850,60
6.6398,2211,2210,850,60
6.6401,2208,2210,850,60
6.6408,2208,2210,850,60
6.6411,2208,2211,850,68
6.6415,2208,2211,850,68
6.6419,2208,2211,850,68
6.6422,2208,2211,850,68
6.6426,2208,2211,850,68
6.6430,2208,2211,850,68
6.6433,2208,2211,500,68
6.6437,2208,2211,500,68
6.6440,2208,2211,500,68
6.6444,2208,2211,500,68
6.6447,2208,2211,500,68
6.6451,2208,2211,500,68
6.6454,2208,2211,500,68
6.6458,2208,2211,500,68
6.6461,2208,2211,500,68
6.6465,2208,2211,500,68
6.6468,2208,2211,500,68
6.6471,2208,2212,500,84
6.6475,2208,2212,500,84
6.6479,2208,2212,500,84
6.6482,2208,2212,500,84
6.6486,2208,2212,500,84
6.6490,2208,2212,500,84
6.6493,2208,2212,500,84
6.6497,2208,2212,500,84
6.6500,2203,2212,500,92
6.6507,2203,2212,500,92
6.6510,2203,2212,500,92
6.6514,2203,2212,500,92
6.6517,2203,2212,500,92
6.6521,2203,2212,500,92
6.6524,2203,2212,500,92
6.6528,2203,2212,500,92
6.6531,2203,2212,500,100
6.6535,2203,2212,500,100
6.6538,2203,2212,500,100
6.6541,2203,2212,500,100
6.6545,2203,2212,500,100
6.6549,2203,2212,500,100
6.6552,2203,2212,500,100
6.6556,2203,2212,500,100
6.6560,2203,2212,500,100
6.6563,2203,2212,500,108
6.6567,2203,2212,500,108
6.6570,2203,2212,500,108
6.6574,2203,2212,500,108
6.6577,2203,2212,500,108
6.6581,2203,2212,500,116
6.6584,2203,2212,500,116
6.6588,2203,2212,500,116
6.6591,2203,2212,500,116
6.6595,2203,2212,500,116
6.6598,2203,2212,500,116
6.6601,2196,2212,500,116
6.6608,2196,2212,500,116
6.6611,2196,2212,500,100
6.6615,2196,2212,500,100
6.6618,2196,2212,500,100
6.6622,2196,2212,500,100
6.6625,2196,2212,500,100
6.6629,2196,2212,500,100
6.6632,2196,2212,50,108
6.6636,2196,2212,50,108
6.6640,2196,2212,50,108
6.6643,2196,2212,50,108
6.6646,2196,2212,50,108
6.6650,2196,2212,50,108
6.6654,2196,2212,50,116
6.6657,2196,2212,50,116
6.6661,2196,2212,50,116
6.6664,2196,2212,50,116
6.6668,2196,2212,50,116
6.6671,2196,2212,50,124
6.6675,2196,2212,50,124
6.6678,2196,2212,50,124
6.6682,2196,2212,50,124
6.6685,2196,2212,50,124
6.6689,2196,2212,50,124
6.6693,2196,2212,50,132
6.6697,2196,2212,50,132
6.6701,2189,2212,50,132
6.6708,2189,2212,50,132
6.6712,2189,2212,50,140
6.6716,2189,2212,50,140
6.6720,2189,2212,50,140
6.6724,2189,2212,50,140
6.6728,2189,2212,50,140
6.6731,2189,2212,50,148
6.6735,2189,2212,50,148
6.6739,2189,2212,50,148
6.6742,2189,2212,50,156
6.6746,2189,2212,50,156
6.6750,2189,2212,50,156
6.6753,2189,2212,50,156
6.6757,2189,2212,50,156
6.6760,2189,2212,50,164
6.6764,2189,2212,50,164
6.6767,2189,2212,50,164
6.6771,2189,2212,50,164
6.6774,2189,2212,50,164
6.6778,2189,2212,50,164
6.6781,2189,2212,50,172
6.6785,2189,2212,50,172
6.6789,2189,2212,50,172
6.6792,2189,2212,50,180
6.6796,2189,2212,50,180
6.6800,2189,2211,50,172
6.6803,2180,2211,50,172
6.6810,2180,2211,50,192
6.6814,2180,2211,50,192
6.6817,2180,2211,50,192
6.6821,2180,2210,50,184
6.6825,2180,2210,50,184
6.6828,2180,2210,50,184
6.6832,2180,2210,-100,192
6.6835,2180,2210,-100,192
6.6839,2180,2210,-100,192
6.6842,2180,2209,-100,192
6.6846,2180,2209,-100,192
6.6850,2180,2209,-100,200
6.6853,2180,2209,-100,200
6.6857,2180,2209,-100,200
6.6860,2180,2209,-100,200
6.6864,2180,2209,-100,200
6.6868,2180,2209,-100,200
6.6871,2180,2208,-100,200
6.6875,2180,2208,-100,200
6.6878,2180,2208,-100,200
6.6882,2180,2208,-100,208
6.6887,2180,2208,-100,208
6.6891,2180,2207,-100,200
6.6894,2180,2207,-100,200
6.6898,2180,2207,-100,200
6.6902,2171,2207,-100,208
6.6909,2171,2206,-100,208
6.6913,2171,2206,-100,208
6.6916,2171,2206,-100,208
6.6920,2171,2206,-100,208
6.6924,2171,2206,-100,208
6.6927,2171,2206,-100,208
6.6931,2171,2205,-100,208
6.6935,2171,2205,-100,208
6.6938,2171,2205,-100,208
6.6942,2171,2205,-100,216
6.6945,2171,2205,-100,216
6.6949,2171,2205,-100,224
6.6952,2171,2205,-100,224
6.6956,2171,2205,-100,224
6.6960,2171,2204,-100,216
6.6963,2171,2204,-100,216
6.6967,2171,2204,-100,216
6.6970,2171,2204,-100,224
6.6974,2171,2204,-100,224
6.6978,2171,2204,-100,224
6.6981,2171,2203,-100,224
6.6985,2171,2203,-100,224
6.6989,2171,2202,-100,224
6.6992,2171,2202,-100,224
6.6996,2171,2202,-100,224
6.7000,2171,2202,-100,224
6.7003,2160,2202,-100,224
6.7010,2160,2201,-100,200
6.7014,2160,2201,-100,200
6.7018,2160,2201,-100,200
6.7021,2160,2201,-100,208
6.7026,2160,2201,-100,208
6.7029,2160,2200,-500,208
6.7033,2160,2200,-500,208
6.7036,2160,2200,-500,208
6.7040,2160,2200,-500,208
6.7044,2160,2200,-500,208
6.7048,2160,2200,-500,208
6.7051,2160,2199,-500,208
6.7055,2160,2199,-500,208
6.7059,2160,2198,-500,208
6.7062,2160,2198,-500,208
6.7066,2160,2198,-500,208
6.7070,2160,2198,-500,216
6.7074,2160,2198,-500,216
6.7077,2160,2198,-500,216
6.7081,2160,2197,-500,216
6.7085,2160,2197,-500,216
6.7088,2160,2197,-500,224
6.7092,2160,2197,-500,224
6.7096,2160,2197,-500,224
6.7100,2160,2196,-500,216
6.7104,2149,2196,-500,216
6.7110,2149,2195,-500,216
6.7114,2149,2195,-500,216
6.7118,2149,2195,-500,216
6.7121,2149,2195,-500,224
6.7125,2149,2195,-500,224
6.7129,2149,2194,-500,224
6.7133,2149,2194,-500,224
6.7136,2149,2194,-500,224
6.7140,2149,2193,-500,224
6.7144,2149,2193,-500,224
6.7147,2149,2193,-500,232
6.7152,2149,2193,-500,232
6.7155,2149,2193,-500,232
6.7159,2149,2192,-500,232
6.7162,2149,2192,-500,232
6.7166,2149,2192,-500,232
6.7170,2149,2192,-500,240
6.7174,2149,2192,-500,240
6.7177,2149,2192,-500,240
6.7181,2149,2191,-500,240
6.7185,2149,2191,-500,240
6.7189,2149,2190,-500,240
6.7192,2149,2190,-500,240
6.7196,2149,2190,-500,240
6.7200,2149,2190,-500,240
6.7204,2137,2190,-500,240
6.7210,2137,2189,-500,244
6.7214,2137,2189,-500,244
6.7218,2137,2188,-500,244
6.7221,2137,2188,-500,244
6.7225,2137,2188,-500,244
6.7229,2137,2188,-600,252
6.7233,2137,2188,-600,252
6.7236,2137,2188,-600,252
6.7240,2137,2187,-600,252
6.7243,2137,2187,-600,252
6.7247,2137,2187,-600,252
6.7250,2137,2186,-600,252
6.7254,2137,2186,-600,252
6.7257,2137,2185,-600,252
6.7261,2137,2185,-600,252
6.7264,2137,2185,-600,252
6.7268,2137,2184,-600,252
6.7271,2137,2184,-600,252
6.7275,2137,2184,-600,252
6.7279,2137,2184,-600,260
6.7282,2137,2184,-600,260
6.7286,2137,2184,-600,260
6.7290,2137,2183,-600,260
6.7293,2137,2183,-600,260
6.7297,2137,2182,-600,260
6.7301,2124,2182,-600,260
6.7308,2124,2182,-600,268
6.7312,2124,2182,-600,268
6.7315,2124,2182,-600,268
6.7319,2124,2181,-600,268
6.7322,2124,2181,-600,268
6.7326,2124,2181,-600,268
6.7330,2124,2180,-600,268
6.7334,2124,2180,-600,268
6.7337,2124,2179,-600,268
6.7341,2124,2179,-600,268
6.7344,2124,2179,-600,268
6.7348,2124,2179,-600,276
6.7352,2124,2179,-600,276
6.7356,2124,2178,-600,276
6.7360,2124,2178,-600,276
6.7364,2124,2178,-600,276
6.7367,2124,2177,-600,276
6.7371,2124,2177,-600,276
6.7375,2124,2177,-600,276
6.7378,2124,2176,-600,276
6.7383,2124,2176,-600,276
6.7387,2124,2176,-600,284
6.7392,2124,2176,-600,284
6.7397,2124,2175,-600,284
6.7401,2111,2175,-600,284
6.7407,2111,2174,-600,284
6.7411,2111,2174,-600,284
6.7414,2111,2174,-600,284
6.7418,2111,2173,-600,292
6.7421,2111,2173,-600,292
6.7425,2111,2173,-600,292
6.7429,2111,2172,-800,292
6.7432,2111,2172,-800,292
6.7436,2111,2172,-800,292
6.7440,2111,2171,-800,292
6.7443,2111,2171,-800,292
6.7447,2111,2170,-800,292
6.7451,2111,2170,-800,292
6.7454,2111,2170,-800,292
6.7458,2111,2170,-800,300
6.7462,2111,2170,-800,300
6.7465,2111,2170,-800,300
6.7469,2111,2169,-800,300
6.7472,2111,2169,-800,300
6.7476,2111,2168,-800,300
6.7480,2111,2168,-800,300
6.7483,2111,2168,-800,300
6.7487,2111,2167,-800,308
6.7491,2111,2167,-800,308
6.7494,2111,2167,-800,308
6.7498,2111,2166,-800,308
6.7502,2097,2166,-800,308
6.7508,2097,2165,-800,308
6.7512,2097,2165,-800,308
6.7516,2097,2164,-800,308
6.7520,2097,2164,-800,308
6.7523,2097,2164,-800,308
6.7527,2097,2163,-800,308
6.7530,2097,2163,-800,308
6.7534,2097,2163,-800,308
6.7537,2097,2163,-800,316
6.7541,2097,2163,-800,316
6.7544,2097,2163,-800,316
6.7548,2097,2162,-800,316
6.7552,2097,2162,-800,316
6.7555,2097,2162,-800,316
6.7559,2097,2161,-800,316
6.7563,2097,2161,-800,316
6.7566,2097,2160,-800,324
6.7570,2097,2160,-800,324
6.7573,2097,2160,-800,324
6.7577,2097,2159,-800,324
6.7581,2097,2159,-800,324
6.7584,2097,2159,-800,324
6.7588,2097,2158,-800,324
6.7592,2097,2158,-800,324
6.7596,2097,2157,-800,324
6.7600,2082,2157,-800,324
6.7607,2082,2156,-800,324
6.7610,2082,2156,-800,324
6.7614,2082,2156,-800,324
6.7617,2082,2155,-800,324
6.7621,2082,2155,-800,324
6.7624,2082,2155,-800,324
6.7628,2082,2154,-900,332
6.7631,2082,2154,-900,332
6.7635,2082,2153,-900,332
6.7639,2082,2153,-900,332
6.7642,2082,2153,-900,332
6.7646,2082,2152,-900,332
6.7650,2082,2152,-900,332
6.7653,2082,2152,-900,332
6.7657,2082,2151,-900,332
6.7660,2082,2151,-900,332
6.7664,2082,2151,-900,332
6.7667,2082,2150,-900,340
6.7671,2082,2150,-900,340
6.7674,2082,2150,-900,340
6.7677,2082,2149,-900,340
6.7681,2082,2149,-900,340
6.7684,2082,2149,-900,340
6.7688,2082,2148,-900,340
6.7691,2082,2148,-900,340
6.7695,2082,2148,-900,340
6.7698,2082,2147,-900,340
6.7701,2067,2147,-900,340
6.7708,2067,2146,-900,340
6.7711,2067,2146,-900,340
6.7715,2067,2145,-900,348
6.7719,2067,2145,-900,348
6.7723,2067,2145,-900,348
6.7726,2067,2144,-900,348
6.7730,2067,2144,-900,348
6.7733,2067,2144,-900,348
6.7737,2067,2143,-900,348
6.7740,2067,2143,-900,348
6.7744,2067,2143,-900,348
6.7747,2067,2142,-900,348
6.7751,2067,2142,-900,348
6.7754,2067,2142,-900,348
6.7758,2067,2140,-900,348
6.7761,2067,2140,-900,348
6.7765,2067,2139,-900,348
6.7769,2067,2139,-900,348
6.7773,2067,2139,-900,348
6.7777,2067,2138,-900,348
6.7780,2067,2138,-900,348
6.7784,2067,2138,-900,348
6.7787,2067,2137,-900,348
6.7791,2067,2137,-900,348
6.7795,2067,2136,-900,356
6.7799,2067,2136,-900,356
6.7803,2052,2135,-900,352
6.7810,2052,2135,-900,352
6.7814,2052,2135,-900,352
6.7818,2052,2134,-900,352
6.7822,2052,2134,-900,352
6.7826,2052,2132,-1100,344
6.7830,2052,2132,-1100,344
6.7834,2052,2131,-1100,352
6.7838,2052,2131,-1100,352
6.7842,2052,2131,-1100,352
6.7846,2052,2130,-1100,352
6.7850,2052,2130,-1100,352
6.7854,2052,2129,-1100,352
6.7858,2052,2129,-1100,352
6.7862,2052,2129,-1100,352
6.7866,2052,2128,-1100,360
6.7870,2052,2128,-1100,360
6.7874,2052,2128,-1100,360
6.7878,2052,2127,-1100,360
6.7881,2052,2127,-1100,360
6.7885,2052,2126,-1100,360
6.7889,2052,2126,-1100,360
6.7893,2052,2126,-1100,360
6.7897,2052,2125,-1100,368
6.7901,2037,2124,-1100,368
6.7908,2037,2124,-1100,368
6.7912,2037,2124,-1100,368
6.7916,2037,2122,-1100,360
6.7920,2037,2122,-1100,360
6.7924,2037,2121,-1100,368
6.7928,2037,2121,-1100,368
6.7932,2037,2121,-1100,368
6.7935,2037,2120,-1100,368
6.7939,2037,2120,-1100,368
6.7943,2037,2120,-1100,368
6.7947,2037,2119,-1100,368
6.7951,2037,2119,-1100,368
6.7955,2037,2118,-1100,376
6.7959,2037,2118,-1100,376
6.7963,2037,2118,-1100,376
6.7967,2037,2117,-1100,376
6.7971,2037,2117,-1100,376
6.7975,2037,2115,-1100,376
6.7979,2037,2115,-1100,376
6.7983,2037,2115,-1100,376
6.7987,2037,2114,-1100,376
6.7991,2037,2114,-1100,376
6.7995,2037,2113,-1100,376
6.7999,2037,2113,-1100,376
6.8003,2022,2112,-1100,384
6.8010,2022,2112,-1100,384
6.8014,2022,2110,-1100,376
6.8018,2022,2110,-1100,376
6.8022,2022,2110,-1100,376
6.8027,2022,2109,-1150,376
6.8031,2022,2109,-1150,376
6.8035,2022,2108,-1150,384
6.8039,2022,2108,-1150,384
6.8043,2022,2108,-1150,384
6.8047,2022,2107,-1150,384
6.8050,2022,2107,-1150,384
6.8054,2022,2106,-1150,392
6.8058,2022,2106,-1150,392
6.8063,2022,2104,-1150,384
6.8067,2022,2104,-1150,384
6.8071,2022,2104,-1150,384
6.8075,2022,2103,-1150,384
6.8079,2022,2103,-1150,384
6.8083,2022,2103,-1150,384
6.8086,2022,2102,-1150,392
6.8090,2022,2102,-1150,392
6.8094,2022,2101,-1150,392
6.8097,2022,2101,-1150,392
6.8101,2008,2099,-1150,384
6.8108,2008,2099,-1150,384
6.8112,2008,2099,-1150,384
6.8117,2008,2098,-1150,392
6.8121,2008,2098,-1150,392
6.8124,2008,2097,-1150,392
6.8128,2008,2097,-1150,392
6.8132,2008,2097,-1150,392
6.8136,2008,2096,-1150,400
6.8140,2008,2096,-1150,400
6.8144,2008,2094,-1150,392
6.8148,2008,2094,-1150,392
6.8152,2008,2094,-1150,392
6.8156,2008,2093,-1150,392
6.8160,2008,2093,-1150,392
6.8164,2008,2092,-1150,400
6.8168,2008,2092,-1150,400
6.8171,2008,2092,-1150,400
6.8175,2008,2090,-1150,392
6.8179,2008,2090,-1150,392
6.8183,2008,2089,-1150,400
6.8186,2008,2089,-1150,400
6.8190,2008,2089,-1150,400
6.8194,2008,2088,-1150,400
6.8198,2008,2088,-1150,400
6.8201,1993,2086,-1150,380
6.8208,1993,2086,-1150,380
6.8212,1993,2086,-1150,380
6.8216,1993,2085,-1150,388
6.8220,1993,2085,-1150,388
6.8224,1993,2084,-1250,388
6.8227,1993,2084,-1250,388
6.8231,1993,2084,-1250,388
6.8235,1993,2082,-1250,380
6.8239,1993,2082,-1250,380
6.8242,1993,2081,-1250,388
6.8246,1993,2081,-1250,388
6.8251,1993,2081,-1250,388
6.8254,1993,2080,-1250,388
6.8258,1993,2080,-1250,388
6.8262,1993,2078,-1250,388
6.8266,1993,2078,-1250,388
6.8271,1993,2078,-1250,388
6.8275,1993,2077,-1250,388
6.8279,1993,2077,-1250,388
6.8282,1993,2076,-1250,388
6.8286,1993,2076,-1250,388
6.8290,1993,2076,-1250,388
6.8294,1993,2075,-1250,396
6.8298,1993,2075,-1250,396
6.8302,1979,2073,-1250,388
6.8309,1979,2073,-1250,388
6.8313,1979,2072,-1250,388
6.8317,1979,2072,-1250,388
6.8321,1979,2072,-1250,388
6.8324,1979,2070,-1250,388
6.8328,1979,2070,-1250,388
6.8332,1979,2070,-1250,388
6.8336,1979,2069,-1250,388
6.8340,1979,2069,-1250,388
6.8344,1979,2068,-1250,396
6.8347,1979,2068,-1250,396
6.8354,1979,2066,-1250,388
6.8358,1979,2066,-1250,388
6.8362,1979,2066,-1250,388
6.8365,1979,2065,-1250,388
6.8369,1979,2065,-1250,388
6.8373,1979,2064,-1250,396
6.8376,1979,2064,-1250,396
6.8380,1979,2064,-1250,396
6.8384,1979,2063,-1250,396
6.8387,1979,2063,-1250,396
6.8391,1979,2063,-1250,396
6.8441,1960,2054,-1350,392
6.8454,1960,2053,-1350,392
6.8458,1960,2053,-1350,392
6.8462,1960,2052,-1350,392
6.8466,1960,2052,-1350,392
6.8470,1960,2052,-1350,392
6.8474,1960,2050,-1350,392
6.8477,1960,2050,-1350,392
6.8481,1960,2049,-1350,392
6.8485,1960,2049,-1350,392
6.8488,1960,2049,-1350,392
6.8492,1960,2048,-1350,392
6.8496,1960,2048,-1350,392
6.8500,1960,2048,-1350,392
6.8503,1952,2046,-1350,392
6.8510,1952,2046,-1350,392
6.8514,1952,2044,-1350,384
6.8518,1952,2044,-1350,384
6.8521,1952,2043,-1350,392
6.8525,1952,2043,-1350,392
6.8529,1952,2043,-1350,392
6.8534,1952,2042,-1350,392
6.8538,1952,2042,-1350,392
6.8542,1952,2040,-1350,392
6.8546,1952,2040,-1350,392
6.8551,1952,2039,-1350,392
6.8556,1952,2039,-1350,392
6.8561,1952,2037,-1350,392
6.8566,1952,2037,-1350,392
6.8570,1952,2037,-1350,392
6.8574,1952,2036,-1350,392
6.8577,1952,2036,-1350,392
6.8581,1952,2035,-1350,392
6.8586,1952,2035,-1350,392
6.8590,1952,2035,-1350,392
6.8594,1952,2033,-1350,392
6.8598,1952,2033,-1350,392
6.8602,1940,2032,-1350,380
6.8609,1940,2032,-1350,380
6.8613,1940,2031,-1350,388
6.8617,1940,2031,-1350,388
6.8621,1940,2029,-1400,380
6.8625,1940,2029,-1400,380
6.8629,1940,2029,-1400,380
6.8633,1940,2028,-1400,380
6.8637,1940,2028,-1400,380
6.8641,1940,2027,-1400,388
6.8645,1940,2027,-1400,388
6.8648,1940,2027,-1400,388
6.8652,1940,2025,-1400,380
6.8656,1940,2025,-1400,380
6.8661,1940,2024,-1400,388
6.8664,1940,2024,-1400,388
6.8668,1940,2024,-1400,388
6.8672,1940,2022,-1400,380
6.8677,1940,2022,-1400,380
6.8681,1940,2021,-1400,388
6.8684,1940,2021,-1400,388
6.8688,1940,2021,-1400,388
6.8692,1940,2020,-1400,388
6.8696,1940,2020,-1400,388
6.8700,1929,2018,-1400,380
6.8707,1929,2018,-1400,380
6.8711,1929,2017,-1400,388
6.8715,1929,2017,-1400,388
6.8719,1929,2017,-1400,388
6.8723,1929,2015,-1400,380
6.8727,1929,2015,-1400,380
6.8732,1929,2014,-1400,380
6.8737,1929,2014,-1400,380
6.8741,1929,2013,-1400,388
6.8745,1929,2013,-1400,388
6.8749,1929,2013,-1400,388
6.8753,1929,2011,-1400,380
6.8757,1929,2011,-1400,380
6.8761,1929,2010,-1400,380
6.8765,1929,2010,-1400,380
6.8769,1929,2010,-1400,380
6.8773,1929,2008,-1400,380
6.8777,1929,2008,-1400,380
6.8781,1929,2007,-1400,380
6.8785,1929,2007,-1400,380
6.8789,1929,2007,-1400,380
6.8793,1929,2006,-1400,380
6.8797,1929,2006,-1400,380
6.8801,1918,2004,-1400,384
6.8808,1918,2004,-1400,384
6.8811,1918,2003,-1400,384
6.8815,1918,2003,-1400,384
6.8819,1918,2003,-1400,384
6.8823,1918,2002,-1350,384
6.8826,1918,2002,-1350,384
6.8830,1918,2000,-1350,384
6.8834,1918,2000,-1350,384
6.8838,1918,2000,-1350,384
6.8842,1918,1999,-1350,384
6.8848,1918,1999,-1350,384
6.8851,1918,1998,-1350,384
6.8855,1918,1998,-1350,384
6.8859,1918,1998,-1350,384
6.8863,1918,1996,-1350,384
6.8867,1918,1996,-1350,384
6.8870,1918,1995,-1350,384
6.8874,1918,1995,-1350,384
6.8878,1918,1995,-1350,384
6.8882,1918,1993,-1350,376
6.8885,1918,1993,-1350,376
6.8889,1918,1993,-1350,376
6.8893,1918,1992,-1350,384
6.8897,1918,1992,-1350,384
6.8900,1908,1991,-1350,384
6.8908,1908,1991,-1350,384
6.8911,1908,1990,-1350,384
6.8915,1908,1990,-1350,384
6.8919,1908,1990,-1350,384
6.8923,1908,1988,-1350,376
6.8926,1908,1988,-1350,376
6.8930,1908,1987,-1350,384
6.8933,1908,1987,-1350,384
6.8937,1908,1987,-1350,384
6.8940,1908,1985,-1350,376
6.8944,1908,1985,-1350,376
6.8947,1908,1985,-1350,376
6.8951,1908,1984,-1350,376
6.8954,1908,1984,-1350,376
6.8958,1908,1984,-1350,376
6.8962,1908,1983,-1350,376
6.8965,1908,1983,-1350,376
6.8969,1908,1983,-1350,376
6.8972,1908,1981,-1350,376
6.8976,1908,1981,-1350,376
6.8980,1908,1980,-1350,376
6.8984,1908,1980,-1350,376
6.8988,1908,1980,-1350,376
6.8991,1908,1979,-1350,376
6.8995,1908,1979,-1350,376
6.8999,1908,1978,-1350,372
6.9002,1900,1978,-1350,372
6.9010,1900,1976,-1350,364
6.9014,1900,1976,-1350,364
6.9018,1900,1976,-1350,364
6.9022,1900,1975,-1350,372
6.9027,1900,1975,-1350,372
6.9030,1900,1973,-1350,364
6.9034,1900,1973,-1350,364
6.9039,1900,1972,-1350,364
6.9042,1900,1972,-1350,364
6.9046,1900,1972,-1350,364
6.9051,1900,1971,-1350,364
6.9055,1900,1971,-1350,364
6.9059,1900,1969,-1350,356
6.9063,1900,1969,-1350,356
6.9067,1900,1969,-1350,356
6.9071,1900,1968,-1350,364
6.9075,1900,1968,-1350,364
6.9079,1900,1966,-1350,356
6.9083,1900,1966,-1350,356
6.9087,1900,1966,-1350,356
6.9091,1900,1965,-1350,356
6.9095,1900,1965,-1350,356
6.9099,1900,1964,-1350,356
6.9103,1892,1964,-1350,356
6.9110,1892,1963,-1350,356
6.9114,1892,1963,-1350,356
6.9117,1892,1963,-1350,356
6.9121,1892,1961,-1350,348
6.9125,1892,1961,-1350,348
6.9128,1892,1960,-1350,348
6.9132,1892,1960,-1350,348
6.9136,1892,1960,-1350,348
6.9140,1892,1959,-1350,348
6.9144,1892,1959,-1350,348
6.9147,1892,1959,-1350,348
6.9151,1892,1958,-1350,348
6.9155,1892,1958,-1350,348
6.9158,1892,1956,-1350,340
6.9162,1892,1956,-1350,340
6.9166,1892,1956,-1350,340
6.9170,1892,1955,-1350,348
6.9174,1892,1955,-1350,348
6.9177,1892,1955,-1350,348
6.9181,1892,1953,-1350,340
6.9184,1892,1953,-1350,340
6.9188,1892,1952,-1350,340
6.9192,1892,1952,-1350,340
6.9196,1892,1952,-1350,340
6.9200,1892,1950,-1350,316
6.9204,1886,1950,-1350,316
6.9211,1886,1949,-1350,316
6.9215,1886,1949,-1350,316
6.9218,1886,1948,-1350,316
6.9222,1886,1948,-1350,316
6.9226,1886,1948,-1350,316
6.9230,1886,1946,-1350,308
6.9233,1886,1946,-1350,308
6.9237,1886,1946,-1350,308
6.9241,1886,1945,-1350,308
6.9245,1886,1945,-1350,308
6.9248,1886,1944,-1350,308
6.9252,1886,1944,-1350,308
6.9256,1886,1944,-1350,308
6.9260,1886,1943,-1350,308
6.9264,1886,1943,-1350,308
6.9267,1886,1941,-1350,300
6.9271,1886,1941,-1350,300
6.9275,1886,1941,-1350,300
6.9279,1886,1940,-1350,300
6.9283,1886,1940,-1350,300
6.9286,1886,1940,-1350,300
6.9290,1886,1939,-1350,292
6.9294,1886,1939,-1350,292
6.9297,1886,1937,-1350,284
6.9301,1881,1937,-1350,284
6.9308,1881,1936,-1350,284
6.9312,1881,1936,-1350,284
6.9315,1881,1936,-1350,284
6.9319,1881,1935,-1350,284
6.9323,1881,1935,-1350,284
6.9326,1881,1935,-1350,284
6.9330,1881,1934,-1350,284
6.9334,1881,1934,-1350,284
6.9337,1881,1933,-1350,284
6.9341,1881,1933,-1350,284
6.9345,1881,1933,-1350,284
6.9348,1881,1931,-1350,276
6.9352,1881,1931,-1350,276
6.9356,1881,1931,-1350,276
6.9360,1881,1930,-1350,276
6.9364,1881,1930,-1350,276
6.9367,1881,1929,-1350,276
6.9371,1881,1929,-1350,276
6.9374,1881,1929,-1350,276
6.9378,1881,1928,-1350,268
6.9382,1881,1928,-1350,268
6.9386,1881,1928,-1350,268
6.9390,1881,1927,-1350,268
6.9393,1881,1927,-1350,268
6.9397,1881,1926,-1350,264
6.9400,1877,1926,-1350,264
6.9407,1877,1924,-1350,256
6.9411,1877,1924,-1350,256
6.9414,1877,1924,-1350,256
6.9418,1877,1923,-1250,256
6.9421,1877,1923,-1250,256
6.9425,1877,1923,-1250,256
6.9429,1877,1922,-1250,248
6.9433,1877,1922,-1250,248
6.9436,1877,1922,-1250,248
6.9440,1877,1921,-1250,248
6.9444,1877,1921,-1250,248
6.9447,1877,1920,-1250,248
6.9451,1877,1920,-1250,248
6.9454,1877,1920,-1250,248
6.9459,1877,1919,-1250,248
6.9462,1877,1919,-1250,248
6.9466,1877,1917,-1250,232
6.9470,1877,1917,-1250,232
6.9474,1877,1917,-1250,232
6.9478,1877,1916,-1250,232
6.9482,1877,1916,-1250,232
6.9485,1877,1916,-1250,232
6.9490,1877,1915,-1250,232
6.9494,1877,1915,-1250,232
6.9497,1877,1914,-1250,224
6.9501,1875,1913,-1250,224
6.9510,1875,1913,-1250,224
6.9514,1875,1913,-1250,224
6.9517,1875,1912,-1250,224
6.9521,1875,1912,-1250,224
6.9525,1875,1912,-1250,224
6.9529,1875,1911,-1250,216
6.9533,1875,1911,-1250,216
6.9537,1875,1910,-1250,216
6.9541,1875,1910,-1250,216
6.9545,1875,1910,-1250,216
6.9549,1875,1909,-1250,216
6.9553,1875,1909,-1250,216
6.9556,1875,1908,-1250,208
6.9560,1875,1908,-1250,208
6.9565,1875,1908,-1250,208
6.9569,1875,1907,-1250,208
6.9573,1875,1907,-1250,208
6.9577,1875,1906,-1250,200
6.9581,1875,1906,-1250,200
6.9584,1875,1906,-1250,200
6.9588,1875,1905,-1250,200
6.9592,1875,1905,-1250,200
6.9596,1875,1904,-1250,180
6.9600,1875,1904,-1250,180
6.9604,1873,1903,-1250,180
6.9610,1873,1903,-1250,180
6.9614,1873,1903,-1250,180
6.9618,1873,1902,-1050,172
6.9622,1873,1902,-1050,172
6.9625,1873,1902,-1050,172
6.9629,1873,1901,-1050,172
6.9633,1873,1901,-1050,172
6.9636,1873,1900,-1050,164
6.9640,1873,1900,-1050,164
6.9644,1873,1900,-1050,164
6.9648,1873,1899,-1050,156
6.9651,1873,1899,-1050,156
6.9655,1873,1899,-1050,156
6.9659,1873,1898,-1050,156
6.9662,1873,1898,-1050,156
6.9666,1873,1897,-1050,148
6.9670,1873,1897,-1050,148
6.9674,1873,1897,-1050,148
6.9678,1873,1896,-1050,148
6.9681,1873,1896,-1050,148
6.9684,1873,1896,-1050,148
6.9688,1873,1895,-1050,140
6.9691,1873,1895,-1050,140
6.9695,1873,1894,-1050,132
6.9699,1873,1894,-1050,132
6.9702,1874,1893,-1050,124
6.9710,1874,1893,-1050,124
6.9714,1874,1893,-1050,124
6.9717,1874,1893,-1050,132
6.9721,1874,1893,-1050,132
6.9724,1874,1893,-1050,132
6.9728,1874,1892,-1050,124
6.9732,1874,1892,-1050,124
6.9736,1874,1891,-1050,116
6.9740,1874,1891,-1050,116
6.9744,1874,1891,-1050,116
6.9748,1874,1890,-1050,108
6.9751,1874,1890,-1050,108
6.9755,1874,1889,-1050,100
6.9759,1874,1889,-1050,100
6.9762,1874,1889,-1050,100
6.9766,1874,1889,-1050,108
6.9770,1874,1889,-1050,108
6.9773,1874,1889,-1050,108
6.9777,1874,1888,-1050,100
6.9780,1874,1888,-1050,100
6.9784,1874,1888,-1050,100
6.9787,1874,1887,-1050,92
6.9791,1874,1887,-1050,92
6.9795,1874,1887,-1050,84
6.9798,1874,1887,-1050,84
6.9802,1875,1886,-1050,76
6.9810,1875,1886,-1050,76
6.9813,1875,1886,-1050,76
6.9817,1875,1885,-850,68
6.9820,1875,1885,-850,68
6.9824,1875,1885,-850,68
6.9827,1875,1885,-850,68
6.9831,1875,1885,-850,68
6.9834,1875,1885,-850,68
6.9838,1875,1884,-850,52
6.9841,1875,1884,-850,52
6.9845,1875,1883,-850,44
6.9848,1875,1883,-850,44
6.9852,1875,1883,-850,44
6.9855,1875,1882,-850,36
6.9859,1875,1882,-850,36
6.9863,1875,1882,-850,36
6.9867,1875,1882,-850,36
6.9870,1875,1882,-850,36
6.9874,1875,1881,-850,28
6.9878,1875,1881,-850,28
6.9882,1875,1881,-850,28
6.9886,1875,1881,-850,20
6.9890,1875,1881,-850,20
6.9894,1875,1881,-850,20
6.9897,1875,1880,-850,-20
6.9901,1878,1880,-850,-20
6.9909,1878,1880,-850,-20
6.9913,1878,1880,-850,-20
6.9917,1878,1879,-850,-28
6.9921,1878,1879,-850,-28
6.9924,1878,1879,-850,-36
6.9929,1878,1879,-850,-36
6.9933,1878,1879,-850,-36
6.9937,1878,1878,-850,-44
6.9941,1878,1878,-850,-44
6.9945,1878,1878,-850,-44
6.9950,1878,1878,-850,-44
6.9954,1878,1877,-850,-52
6.9959,1878,1877,-850,-52
6.9964,1878,1877,-850,-52
6.9968,1878,1877,-850,-60
6.9972,1878,1877,-850,-60
6.9976,1878,1876,-850,-60
6.9980,1878,1876,-850,-60
6.9983,1878,1876,-850,-60
6.9987,1878,1876,-850,-60
6.9991,1878,1876,-850,-60
6.9995,1878,1875,-850,-84
6.9999,1878,1875,-850,-84
7.0003,1882,1875,-850,-84
7.0010,1882,1875,-850,-84
7.0014,1882,1875,-500,-84
7.0018,1882,1875,-500,-84
7.0022,1882,1875,-500,-84
7.0025,1882,1875,-500,-92
7.0029,1882,1875,-500,-92
7.0033,1882,1875,-500,-92
7.0037,1882,1875,-500,-92
7.0041,1882,1875,-500,-92
7.0044,1882,1874,-500,-100
7.0048,1882,1874,-500,-100
7.0052,1882,1874,-500,-100
7.0056,1882,1874,-500,-108
7.0060,1882,1874,-500,-108
7.0064,1882,1874,-500,-108
7.0068,1882,1874,-500,-108
7.0072,1882,1874,-500,-108
7.0076,1882,1874,-500,-108
7.0081,1882,1874,-500,-108
7.0085,1882,1874,-500,-116
7.0089,1882,1874,-500,-116
7.0092,1882,1874,-500,-116
7.0096,1882,1874,-500,-116
7.0100,1887,1874,-500,-116
7.0108,1887,1874,-500,-116
7.0111,1887,1874,-500,-116
7.0115,1887,1874,-500,-124
7.0119,1887,1874,-500,-124
7.0123,1887,1874,-500,-124
7.0126,1887,1874,-500,-124
7.0130,1887,1874,-500,-124
7.0133,1887,1874,-500,-124
7.0137,1887,1874,-500,-124
7.0141,1887,1874,-500,-124
7.0145,1887,1874,-500,-132
7.0148,1887,1874,-500,-132
7.0152,1887,1874,-500,-132
7.0156,1887,1874,-500,-132
7.0160,1887,1874,-500,-132
7.0164,1887,1874,-500,-140
7.0167,1887,1874,-500,-140
7.0171,1887,1874,-500,-140
7.0174,1887,1874,-500,-140
7.0178,1887,1874,-500,-140
7.0182,1887,1874,-500,-140
7.0185,1887,1874,-500,-148
7.0189,1887,1874,-500,-148
7.0193,1887,1874,-500,-148
7.0196,1887,1874,-500,-120
7.0201,1893,1874,-500,-120
7.0207,1893,1874,-500,-120
7.0211,1893,1874,-500,-120
7.0214,1893,1874,-50,-128
7.0218,1893,1874,-50,-128
7.0222,1893,1874,-50,-128
7.0225,1893,1874,-50,-128
7.0229,1893,1874,-50,-128
7.0232,1893,1874,-50,-128
7.0236,1893,1874,-50,-136
7.0240,1893,1874,-50,-136
7.0243,1893,1874,-50,-136
7.0247,1893,1874,-50,-136
7.0250,1893,1874,-50,-136
7.0254,1893,1874,-50,-136
7.0257,1893,1874,-50,-136
7.0261,1893,1874,-50,-136
7.0264,1893,1874,-50,-144
7.0268,1893,1874,-50,-144
7.0271,1893,1874,-50,-144
7.0275,1893,1874,-50,-144
7.0279,1893,1874,-50,-144
7.0282,1893,1874,-50,-144
7.0286,1893,1874,-50,-152
7.0290,1893,1874,-50,-152
7.0293,1893,1874,-50,-152
7.0297,1893,1874,-50,-152
7.0300,1901,1875,-50,-152
7.0307,1901,1875,-50,-152
7.0311,1901,1875,-50,-152
7.0314,1901,1875,-50,-152
7.0318,1901,1875,-50,-152
7.0321,1901,1875,-50,-152
7.0325,1901,1875,-50,-160
7.0329,1901,1875,-50,-160
7.0332,1901,1876,-50,-152
7.0336,1901,1876,-50,-152
7.0340,1901,1876,-50,-152
7.0343,1901,1876,-50,-160
7.0347,1901,1876,-50,-160
7.0350,1901,1876,-50,-160
7.0354,1901,1876,-50,-168
7.0357,1901,1876,-50,-168
7.0361,1901,1876,-50,-168
7.0365,1901,1877,-50,-160
7.0369,1901,1877,-50,-160
7.0373,1901,1877,-50,-168
7.0377,1901,1877,-50,-168
7.0380,1901,1877,-50,-168
7.0384,1901,1877,-50,-168
7.0388,1901,1877,-50,-168
7.0391,1901,1877,-50,-168
7.0395,1901,1877,-50,-172
7.0399,1901,1877,-50,-172
7.0402,1910,1878,-50,-172
7.0410,1910,1878,-50,-172
7.0413,1910,1878,200,-172
7.0417,1910,1878,200,-172
7.0420,1910,1878,200,-172
7.0424,1910,1879,200,-172
7.0427,1910,1879,200,-172
7.0431,1910,1879,200,-172
7.0434,1910,1879,200,-180
7.0438,1910,1879,200,-180
7.0441,1910,1879,200,-180
7.0444,1910,1879,200,-180
7.0448,1910,1879,200,-180
7.0451,1910,1879,200,-180
7.0455,1910,1880,200,-180
7.0458,1910,1880,200,-180
7.0462,1910,1880,200,-188
7.0465,1910,1880,200,-188
7.0469,1910,1880,200,-188
7.0472,1910,1880,200,-196
7.0476,1910,1880,200,-196
7.0480,1910,1880,200,-196
7.0483,1910,1881,200,-188
7.0487,1910,1881,200,-188
7.0490,1910,1881,200,-188
7.0494,1910,1881,200,-196
7.0497,1910,1881,200,-196
7.0501,1920,1882,200,-196
7.0507,1920,1882,200,-196
7.0510,1920,1882,200,-196
7.0514,1920,1882,200,-196
7.0517,1920,1882,200,-196
7.0521,1920,1882,200,-196
7.0524,1920,1883,200,-196
7.0528,1920,1883,200,-196
7.0531,1920,1883,200,-204
7.0535,1920,1883,200,-204
7.0539,1920,1883,200,-204
7.0542,1920,1884,200,-204
7.0546,1920,1884,200,-204
7.0549,1920,1884,200,-204
7.0553,1920,1885,200,-196
7.0556,1920,1885,200,-196
7.0560,1920,1885,200,-196
7.0564,1920,1885,200,-204
7.0567,1920,1885,200,-204
7.0571,1920,1886,200,-204
7.0575,1920,1886,200,-204
7.0578,1920,1886,200,-204
7.0582,1920,1886,200,-212
7.0585,1920,1886,200,-212
7.0589,1920,1886,200,-212
7.0592,1920,1887,200,-204
7.0596,1920,1887,200,-204
7.0600,1920,1887,200,-204
7.0603,1931,1887,200,-204
7.0610,1931,1887,200,-204
7.0614,1931,1887,450,-212
7.0617,1931,1887,450,-212
7.0621,1931,1888,450,-212
7.0624,1931,1888,450,-212
7.0628,1931,1888,450,-212
7.0631,1931,1889,450,-212
7.0635,1931,1889,450,-212
7.0639,1931,1889,450,-212
7.0643,1931,1890,450,-212
7.0646,1931,1890,450,-212
7.0650,1931,1890,450,-212
7.0653,1931,1890,450,-220
7.0657,1931,1890,450,-220
7.0661,1931,1891,450,-212
7.0664,1931,1891,450,-212
7.0668,1931,1891,450,-212
7.0671,1931,1891,450,-220
7.0675,1931,1891,450,-220
7.0679,1931,1891,450,-220
7.0682,1931,1892,450,-220
7.0686,1931,1892,450,-220
7.0690,1931,1892,450,-220
7.0693,1931,1892,450,-228
7.0697,1931,1892,450,-228
7.0700,1942,1893,450,-228
7.0707,1942,1893,450,-228
7.0711,1942,1894,450,-228
7.0714,1942,1894,450,-228
7.0718,1942,1894,450,-228
7.0722,1942,1894,450,-236
7.0726,1942,1894,450,-236
7.0730,1942,1895,450,-236
7.0734,1942,1895,450,-236
7.0738,1942,1895,450,-236
7.0741,1942,1895,450,-244
7.0745,1942,1895,450,-244
7.0749,1942,1895,450,-244
7.0752,1942,1896,450,-244
7.0756,1942,1896,450,-244
7.0760,1942,1896,450,-244
7.0763,1942,1897,450,-244
7.0767,1942,1897,450,-244
7.0770,1942,1898,450,-244
7.0774,1942,1898,450,-244
7.0777,1942,1898,450,-244
7.0781,1942,1898,450,-252
7.0784,1942,1898,450,-252
7.0788,1942,1898,450,-252
7.0791,1942,1899,450,-256
7.0795,1942,1899,450,-256
7.0799,1942,1899,450,-256
7.0802,1955,1900,450,-248
7.0810,1955,1900,650,-256
7.0814,1955,1900,650,-256
7.0818,1955,1900,650,-256
7.0821,1955,1900,650,-264
7.0825,1955,1900,650,-264
7.0829,1955,1900,650,-264
7.0833,1955,1901,650,-264
7.0837,1955,1901,650,-264
7.0840,1955,1902,650,-264
7.0844,1955,1902,650,-264
7.0847,1955,1902,650,-264
7.0851,1955,1903,650,-264
7.0854,1955,1903,650,-264
7.0858,1955,1903,650,-264
7.0862,1955,1903,650,-272
7.0866,1955,1903,650,-272
7.0870,1955,1904,650,-272
7.0875,1955,1904,650,-272
7.0879,1955,1905,650,-272
7.0885,1955,1905,650,-272
7.0890,1955,1906,650,-272
7.0893,1955,1906,650,-272
7.0897,1955,1906,650,-272
7.0901,1968,1907,650,-272
7.0908,1968,1907,650,-272
7.0911,1968,1907,650,-280
7.0915,1968,1907,650,-280
7.0919,1968,1907,650,-280
7.0923,1968,1908,650,-280
7.0926,1968,1908,650,-280
7.0930,1968,1909,650,-280
7.0933,1968,1909,650,-280
7.0937,1968,1909,650,-280
7.0940,1968,1910,650,-280
7.0944,1968,1910,650,-280
7.0947,1968,1910,650,-280
7.0951,1968,1911,650,-280
7.0954,1968,1911,650,-280
7.0958,1968,1911,650,-280
7.0961,1968,1912,650,-280
7.0965,1968,1912,650,-280
7.0969,1968,1912,650,-296
7.0973,1968,1912,650,-296
7.0977,1968,1912,650,-296
7.0981,1968,1913,650,-296
7.0984,1968,1913,650,-296
7.0988,1968,1913,650,-296
7.0992,1968,1914,650,-292
7.0996,1968,1914,650,-292
7.1000,1981,1915,650,-292
7.1008,1981,1915,650,-292
7.1012,1981,1915,750,-300
7.1016,1981,1915,750,-300
7.1020,1981,1916,750,-300
7.1024,1981,1916,750,-300
7.1028,1981,1916,750,-300
7.1032,1981,1917,750,-300
7.1035,1981,1917,750,-300
7.1039,1981,1918,750,-300
7.1043,1981,1918,750,-300
7.1047,1981,1918,750,-300
7.1050,1981,1919,750,-308
7.1054,1981,1919,750,-308
7.1058,1981,1919,750,-308
7.1062,1981,1920,750,-308
7.1065,1981,1920,750,-308
7.1069,1981,1921,750,-308
7.1073,1981,1921,750,-308
7.1076,1981,1921,750,-308
7.1080,1981,1921,750,-316
7.1083,1981,1921,750,-316
7.1087,1981,1921,750,-316
7.1091,1981,1922,750,-316
7.1094,1981,1922,750,-316
7.1098,1981,1922,750,-316
7.1102,1996,1923,750,-316
7.1108,1996,1923,750,-316
7.1112,1996,1924,750,-316
7.1115,1996,1924,750,-316
7.1119,1996,1925,750,-316
7.1122,1996,1925,750,-316
7.1126,1996,1925,750,-316
7.1130,1996,1926,750,-316
7.1133,1996,1926,750,-316
7.1137,1996,1926,750,-316
7.1140,1996,1927,750,-324
7.1144,1996,1927,750,-324
7.1147,1996,1927,750,-324
7.1151,1996,1928,750,-324
7.1154,1996,1928,750,-324
7.1158,1996,1928,750,-324
7.1161,1996,1929,750,-324
7.1165,1996,1929,750,-324
7.1169,1996,1930,750,-324
7.1172,1996,1930,750,-324
7.1176,1996,1930,750,-324
7.1180,1996,1931,750,-332
7.1183,1996,1931,750,-332
7.1187,1996,1931,750,-332
7.1190,1996,1932,750,-332
7.1194,1996,1932,750,-332
7.1198,1996,1932,750,-332
7.1202,2010,1933,750,-332
7.1209,2010,1934,950,-332
7.1213,2010,1934,950,-332
7.1217,2010,1934,950,-332
7.1221,2010,1935,950,-332
7.1224,2010,1935,950,-332
7.1228,2010,1936,950,-340
7.1232,2010,1936,950,-340
7.1236,2010,1936,950,-340
7.1240,2010,1937,950,-340
7.1243,2010,1937,950,-340
7.1247,2010,1937,950,-340
7.1250,2010,1938,950,-340
7.1254,2010,1938,950,-340
7.1258,2010,1939,950,-340
7.1261,2010,1939,950,-340
7.1265,2010,1939,950,-340
7.1269,2010,1940,950,-348
7.1272,2010,1940,950,-348
7.1276,2010,1940,950,-348
7.1280,2010,1941,950,-348
7.1284,2010,1941,950,-348
7.1288,2010,1942,950,-348
7.1291,2010,1942,950,-348
7.1295,2010,1942,950,-348
7.1299,2010,1943,950,-348
7.1303,2025,1943,950,-348
7.1310,2025,1944,950,-356
7.1314,2025,1944,950,-356
7.1318,2025,1945,950,-356
7.1322,2025,1945,950,-356
7.1325,2025,1945,950,-356
7.1329,2025,1947,950,-348
7.1333,2025,1947,950,-348
7.1336,2025,1947,950,-348
7.1340,2025,1948,950,-348
7.1343,2025,1948,950,-348
7.1347,2025,1948,950,-348
7.1350,2025,1949,950,-356
7.1354,2025,1949,950,-356
7.1357,2025,1949,950,-364
7.1361,2025,1949,950,-364
7.1364,2025,1949,950,-364
7.1368,2025,1951,950,-356
7.1372,2025,1951,950,-356
7.1375,2025,1951,950,-356
7.1379,2025,1952,950,-364
7.1382,2025,1952,950,-364
7.1386,2025,1952,950,-364
7.1390,2025,1953,950,-360
7.1393,2025,1953,950,-360
7.1396,2025,1953,950,-360
7.1400,2025,1954,950,-360
7.1403,2040,1954,950,-360
7.1410,2040,1955,1050,-360
7.1413,2040,1955,1050,-360
7.1417,2040,1957,1050,-352
7.1420,2040,1957,1050,-352
7.1424,2040,1957,1050,-352
7.1427,2040,1958,1050,-360
