"# servo_id=1 center=2044 amp_deg=15.0 cmd_hz=100.0 acc=None torque_limit=600 note='leg 7.4V no load, reg85=254 (volatile), TL=600' hz=3.0 ratio=0.557 lag_ms=173.0 accel_est=40.644114867185024"
t_s,cmd_cnt,pos_cnt,speed_raw,load_duty_permille
0.0001,2044,2045,0,0
0.0010,2044,2045,0,0
0.0014,2044,2045,0,0
0.0018,2044,2045,0,0
0.0022,2044,2045,0,0
0.0026,2044,2045,0,0
0.0029,2044,2045,0,0
0.0033,2044,2045,0,0
0.0037,2044,2045,0,0
0.0041,2044,2045,0,0
0.0045,2044,2045,0,0
0.0049,2044,2045,0,0
0.0053,2044,2045,0,0
0.0057,2044,2045,0,0
0.0061,2044,2045,0,0
0.0065,2044,2045,0,0
0.0069,2044,2045,0,0
0.0073,2044,2045,0,0
0.0077,2044,2045,0,0
0.0080,2044,2045,0,0
0.0085,2044,2045,0,0
0.0089,2044,2045,0,0
0.0092,2044,2045,0,0
0.0096,2044,2045,0,0
0.0100,2044,2045,0,0
0.0104,2077,2045,0,0
0.0111,2077,2045,0,0
0.0116,2077,2045,0,0
0.0120,2077,2045,0,0
0.0124,2077,2045,0,0
0.0128,2077,2045,0,0
0.0131,2077,2045,0,0
0.0135,2077,2045,0,0
0.0139,2077,2045,0,0
0.0143,2077,2045,0,0
0.0147,2077,2045,0,0
0.0151,2077,2045,0,0
0.0155,2077,2045,0,0
0.0159,2077,2045,0,0
0.0163,2077,2045,0,0
0.0166,2077,2045,0,0
0.0170,2077,2045,0,0
0.0174,2077,2045,0,0
0.0178,2077,2045,0,0
0.0182,2077,2045,0,0
0.0185,2077,2045,0,0
0.0189,2077,2045,0,0
0.0193,2077,2045,0,0
0.0197,2077,2045,0,0
0.0201,2107,2045,0,0
0.0209,2107,2045,0,0
0.0213,2107,2045,0,0
0.0216,2107,2045,0,0
0.0220,2107,2045,0,0
0.0224,2107,2045,0,0
0.0228,2107,2045,0,0
0.0232,2107,2045,0,0
0.0235,2107,2045,0,0
0.0239,2107,2045,0,0
0.0243,2107,2045,0,0
0.0247,2107,2045,0,-24
0.0251,2107,2045,0,-24
0.0255,2107,2045,0,-24
0.0258,2107,2045,0,-24
0.0262,2107,2045,0,-24
0.0266,2107,2045,0,-24
0.0269,2107,2045,0,-24
0.0273,2107,2045,0,-24
0.0278,2107,2045,0,-32
0.0281,2107,2045,0,-32
0.0285,2107,2045,0,-32
0.0289,2107,2045,0,-32
0.0293,2107,2045,0,-32
0.0298,2107,2045,0,-40
0.0303,2136,2045,0,-40
0.0310,2136,2045,0,-40
0.0313,2136,2045,0,-40
0.0317,2136,2045,0,-48
0.0321,2136,2045,0,-48
0.0325,2136,2045,0,-64
0.0329,2136,2045,0,-64
0.0333,2136,2045,0,-64
0.0336,2136,2045,0,-72
0.0340,2136,2045,0,-72
0.0345,2136,2045,0,-80
0.0349,2136,2045,0,-80
0.0353,2136,2045,0,-80
0.0356,2136,2045,0,-80
0.0360,2136,2045,0,-80
0.0363,2136,2045,0,-80
0.0366,2136,2045,0,-88
0.0370,2136,2045,0,-88
0.0373,2136,2045,0,-88
0.0378,2136,2045,0,-96
0.0381,2136,2045,0,-96
0.0385,2136,2045,0,-104
0.0389,2136,2045,0,-104
0.0393,2136,2045,0,-104
0.0397,2136,2045,0,-104
0.0400,2161,2045,0,-112
0.0408,2161,2045,0,-112
0.0411,2161,2045,0,-112
0.0415,2161,2045,0,-120
0.0419,2161,2045,0,-120
0.0423,2161,2045,0,-120
0.0427,2161,2045,0,-128
0.0431,2161,2045,0,-128
0.0435,2161,2045,0,-136
0.0439,2161,2045,0,-136
0.0443,2161,2045,0,-136
0.0447,2161,2045,0,-136
0.0450,2161,2045,0,-136
0.0455,2161,2045,0,-144
0.0459,2161,2045,0,-144
0.0463,2161,2045,0,-144
0.0467,2161,2045,0,-152
0.0470,2161,2045,0,-152
0.0475,2161,2045,0,-160
0.0479,2161,2045,0,-160
0.0483,2161,2045,0,-160
0.0486,2161,2045,0,-168
0.0490,2161,2045,0,-168
0.0493,2161,2045,0,-176
0.0497,2161,2045,0,-176
0.0501,2182,2045,0,-184
0.0508,2182,2045,0,-184
0.0512,2182,2045,0,-184
0.0516,2182,2046,0,-184
0.0520,2182,2046,0,-184
0.0523,2182,2046,0,-240
0.0527,2182,2046,0,-240
0.0530,2182,2046,0,-240
0.0534,2182,2046,0,-256
0.0537,2182,2046,0,-256
0.0541,2182,2046,0,-256
0.0545,2182,2046,50,-264
0.0548,2182,2046,50,-264
0.0552,2182,2046,50,-264
0.0555,2182,2047,50,-264
0.0559,2182,2047,50,-264
0.0563,2182,2047,50,-264
0.0567,2182,2047,50,-272
0.0570,2182,2047,50,-272
0.0575,2182,2048,50,-272
0.0579,2182,2048,50,-272
0.0583,2182,2048,50,-272
0.0586,2182,2048,50,-288
0.0590,2182,2048,50,-288
0.0594,2182,2048,50,-296
0.0598,2182,2048,50,-296
0.0602,2199,2048,50,-304
0.0609,2199,2048,50,-304
0.0612,2199,2048,50,-304
0.0616,2199,2049,50,-304
0.0620,2199,2049,50,-304
0.0623,2199,2049,50,-320
0.0628,2199,2049,50,-320
0.0631,2199,2049,50,-320
0.0635,2199,2050,50,-320
0.0639,2199,2050,50,-320
0.0643,2199,2051,50,-328
0.0647,2199,2051,50,-328
0.0650,2199,2051,50,-328
0.0654,2199,2051,50,-336
0.0658,2199,2051,50,-336
0.0662,2199,2051,50,-336
0.0665,2199,2052,50,-336
0.0669,2199,2052,50,-336
0.0673,2199,2052,50,-352
0.0677,2199,2052,50,-352
0.0681,2199,2052,50,-352
0.0685,2199,2053,50,-352
0.0688,2199,2053,50,-352
0.0692,2199,2053,50,-352
0.0696,2199,2054,50,-360
0.0699,2199,2054,50,-360
0.0703,2210,2054,50,-368
0.0710,2210,2054,50,-368
0.0714,2210,2055,50,-376
0.0718,2210,2055,50,-376
0.0722,2210,2055,50,-376
0.0725,2210,2056,50,-392
0.0729,2210,2056,50,-392
0.0732,2210,2057,50,-392
0.0736,2210,2057,50,-392
0.0740,2210,2057,50,-392
0.0744,2210,2057,550,-408
0.0748,2210,2057,550,-408
0.0752,2210,2057,550,-408
0.0755,2210,2058,550,-416
0.0759,2210,2058,550,-416
0.0763,2210,2059,550,-416
0.0767,2210,2059,550,-416
0.0771,2210,2059,550,-416
0.0775,2210,2060,550,-424
0.0779,2210,2060,550,-424
0.0783,2210,2061,550,-432
0.0787,2210,2061,550,-432
0.0790,2210,2061,550,-432
0.0795,2210,2062,550,-440
0.0799,2210,2062,550,-440
0.0803,2214,2063,550,-440
0.0810,2214,2063,550,-440
0.0813,2214,2064,550,-448
0.0817,2214,2064,550,-448
0.0821,2214,2064,550,-448
0.0825,2214,2064,550,-464
0.0829,2214,2064,550,-464
0.0832,2214,2065,550,-472
0.0836,2214,2065,550,-472
0.0840,2214,2065,550,-472
0.0843,2214,2066,550,-480
0.0847,2214,2066,550,-480
0.0851,2214,2066,550,-480
0.0855,2214,2067,550,-488
0.0859,2214,2067,550,-488
0.0863,2214,2068,550,-496
0.0866,2214,2068,550,-496
0.0870,2214,2068,550,-496
0.0874,2214,2069,550,-504
0.0878,2214,2069,550,-504
0.0882,2214,2070,550,-512
0.0885,2214,2070,550,-512
0.0889,2214,2070,550,-512
0.0893,2214,2071,550,-520
0.0896,2214,2071,550,-520
0.0900,2213,2073,550,-520
0.0907,2213,2073,550,-520
0.0911,2213,2074,550,-528
0.0915,2213,2074,550,-528
0.0919,2213,2074,550,-528
0.0923,2213,2075,550,-536
0.0927,2213,2075,550,-536
0.0930,2213,2075,550,-536
0.0935,2213,2077,550,-536
0.0939,2213,2077,550,-536
0.0943,2213,2078,1050,-544
0.0946,2213,2078,1050,-544
0.0950,2213,2078,1050,-544
0.0954,2213,2079,1050,-552
0.0957,2213,2079,1050,-552
0.0961,2213,2080,1050,-560
0.0965,2213,2080,1050,-560
0.0969,2213,2080,1050,-560
0.0973,2213,2082,1050,-560
0.0977,2213,2082,1050,-560
0.0981,2213,2082,1050,-560
0.0985,2213,2083,1050,-568
0.0989,2213,2083,1050,-568
0.0992,2213,2085,1050,-568
0.0997,2213,2085,1050,-568
0.1000,2206,2086,1050,-568
0.1008,2206,2086,1050,-568
0.1011,2206,2088,1050,-568
0.1015,2206,2088,1050,-568
0.1019,2206,2088,1050,-568
0.1023,2206,2089,1050,-576
0.1027,2206,2089,1050,-576
0.1030,2206,2090,1050,-584
0.1035,2206,2090,1050,-584
0.1039,2206,2090,1050,-584
0.1043,2206,2092,1050,-584
0.1046,2206,2092,1050,-584
0.1050,2206,2092,1050,-584
0.1054,2206,2093,1050,-584
0.1057,2206,2093,1050,-584
0.1061,2206,2095,1050,-584
0.1065,2206,2095,1050,-584
0.1069,2206,2095,1050,-584
0.1073,2206,2096,1050,-592
0.1076,2206,2096,1050,-592
0.1080,2206,2098,1050,-584
0.1085,2206,2098,1050,-584
0.1089,2206,2098,1050,-584
0.1093,2206,2100,1050,-584
0.1097,2206,2100,1050,-584
0.1100,2194,2101,1050,-592
0.1108,2194,2101,1050,-592
0.1111,2194,2103,1050,-584
0.1115,2194,2103,1050,-584
0.1119,2194,2103,1050,-584
0.1123,2194,2105,1050,-536
0.1127,2194,2105,1050,-536
0.1130,2194,2106,1050,-536
0.1135,2194,2106,1050,-536
0.1139,2194,2106,1050,-536
0.1143,2194,2108,1500,-536
0.1146,2194,2108,1500,-536
0.1150,2194,2110,1500,-528
0.1155,2194,2110,1500,-528
0.1159,2194,2110,1500,-528
0.1162,2194,2111,1500,-536
0.1166,2194,2111,1500,-536
0.1170,2194,2113,1500,-528
0.1174,2194,2113,1500,-528
0.1178,2194,2113,1500,-528
0.1181,2194,2115,1500,-520
0.1185,2194,2115,1500,-520
0.1188,2194,2115,1500,-520
0.1192,2194,2117,1500,-520
0.1195,2194,2117,1500,-520
0.1199,2194,2117,1500,-520
0.1203,2175,2118,1500,-520
0.1210,2175,2120,1500,-512
0.1215,2175,2120,1500,-512
0.1219,2175,2120,1500,-512
0.1223,2175,2121,1500,-520
0.1226,2175,2121,1500,-520
0.1230,2175,2123,1500,-512
0.1235,2175,2123,1500,-512
0.1238,2175,2123,1500,-512
0.1242,2175,2125,1500,-504
0.1246,2175,2125,1500,-504
0.1250,2175,2127,1500,-504
0.1254,2175,2127,1500,-504
0.1257,2175,2127,1500,-504
0.1261,2175,2128,1500,-504
0.1265,2175,2128,1500,-504
0.1269,2175,2128,1500,-504
0.1272,2175,2130,1500,-496
0.1276,2175,2130,1500,-496
0.1280,2175,2132,1500,-488
0.1283,2175,2132,1500,-488
0.1287,2175,2132,1500,-488
0.1291,2175,2134,1500,-480
0.1295,2175,2134,1500,-480
0.1299,2175,2134,1500,-480
0.1302,2152,2135,1500,-480
0.1310,2152,2137,1500,-472
0.1313,2152,2137,1500,-472
0.1318,2152,2137,1500,-472
0.1321,2152,2139,1500,-404
0.1325,2152,2139,1500,-404
0.1329,2152,2139,1500,-404
0.1332,2152,2141,1500,-396
0.1336,2152,2141,1500,-396
0.1340,2152,2143,1750,-388
0.1343,2152,2143,1750,-388
0.1347,2152,2143,1750,-388
0.1351,2152,2144,1750,-388
0.1355,2152,2144,1750,-388
0.1359,2152,2146,1750,-380
0.1363,2152,2146,1750,-380
0.1367,2152,2146,1750,-380
0.1371,2152,2148,1750,-372
0.1375,2152,2148,1750,-372
0.1379,2152,2148,1750,-372
0.1382,2152,2150,1750,-364
0.1386,2152,2150,1750,-364
0.1390,2152,2152,1750,-356
0.1394,2152,2152,1750,-356
0.1398,2152,2152,1750,-356
0.1401,2126,2153,1750,-356
0.1408,2126,2153,1750,-356
0.1412,2126,2155,1750,-348
0.1415,2126,2155,1750,-348
0.1419,2126,2157,1750,-332
0.1422,2126,2157,1750,-332
0.1426,2126,2157,1750,-332
0.1430,2126,2159,1750,-324
0.1433,2126,2159,1750,-324
0.1437,2126,2159,1750,-324
0.1440,2126,2160,1750,-324
0.1445,2126,2160,1750,-324
0.1448,2126,2162,1750,-316
0.1452,2126,2162,1750,-316
0.1456,2126,2162,1750,-316
0.1460,2126,2163,1750,-308
0.1463,2126,2163,1750,-308
0.1467,2126,2163,1750,-308
0.1471,2126,2165,1750,-300
0.1476,2126,2165,1750,-300
0.1480,2126,2166,1750,-300
0.1483,2126,2166,1750,-300
0.1487,2126,2166,1750,-300
0.1491,2126,2168,1750,-284
0.1495,2126,2168,1750,-284
0.1499,2126,2169,1750,-284
0.1502,2096,2169,1750,-284
0.1510,2096,2171,1750,-268
0.1513,2096,2171,1750,-268
0.1518,2096,2171,1750,-268
0.1521,2096,2173,1750,-224
0.1525,2096,2173,1750,-224
0.1529,2096,2174,1750,-216
0.1533,2096,2174,1750,-216
0.1536,2096,2174,1750,-216
0.1540,2096,2176,1650,-208
0.1544,2096,2176,1650,-208
0.1548,2096,2176,1650,-208
0.1551,2096,2177,1650,-200
0.1555,2096,2177,1650,-200
0.1559,2096,2179,1650,-192
0.1563,2096,2179,1650,-192
0.1566,2096,2179,1650,-192
0.1570,2096,2180,1650,-184
0.1574,2096,2180,1650,-184
0.1578,2096,2180,1650,-184
0.1581,2096,2182,1650,-168
0.1585,2096,2182,1650,-168
0.1589,2096,2183,1650,-168
0.1593,2096,2183,1650,-168
0.1597,2096,2183,1650,-168
0.1600,2065,2184,1650,-160
0.1608,2065,2185,1650,-152
0.1611,2065,2185,1650,-152
0.1615,2065,2185,1650,-152
0.1619,2065,2187,1650,-144
0.1622,2065,2187,1650,-144
0.1626,2065,2187,1650,-144
0.1630,2065,2188,1650,-136
0.1634,2065,2188,1650,-136
0.1638,2065,2189,1650,-128
0.1641,2065,2189,1650,-128
0.1645,2065,2189,1650,-128
0.1648,2065,2190,1650,-120
0.1652,2065,2190,1650,-120
0.1656,2065,2190,1650,-120
0.1659,2065,2192,1650,-112
0.1663,2065,2192,1650,-112
0.1667,2065,2192,1650,-112
0.1670,2065,2193,1650,-104
0.1674,2065,2193,1650,-104
0.1678,2065,2194,1650,-96
0.1682,2065,2194,1650,-96
0.1685,2065,2194,1650,-96
0.1689,2065,2195,1650,-88
0.1693,2065,2195,1650,-88
0.1696,2065,2195,1650,-88
0.1700,2065,2196,1650,-80
0.1704,2032,2197,1650,-72
0.1711,2032,2197,1650,-72
0.1715,2032,2197,1650,-72
0.1719,2032,2198,1650,-56
0.1723,2032,2198,1650,-56
0.1726,2032,2198,1650,-56
0.1730,2032,2199,1650,-48
0.1734,2032,2199,1650,-48
0.1737,2032,2200,1200,-40
0.1741,2032,2200,1200,-40
0.1745,2032,2200,1200,-40
0.1749,2032,2201,1200,-32
0.1752,2032,2201,1200,-32
0.1756,2032,2201,1200,-32
0.1760,2032,2202,1200,-24
0.1764,2032,2202,1200,-24
0.1768,2032,2203,1200,24
0.1771,2032,2203,1200,24
0.1776,2032,2203,1200,24
0.1780,2032,2204,1200,32
0.1783,2032,2204,1200,32
0.1787,2032,2205,1200,40
0.1791,2032,2205,1200,40
0.1795,2032,2205,1200,40
0.1799,2032,2206,1200,48
0.1803,2001,2206,1200,48
0.1810,2001,2206,1200,56
0.1814,2001,2206,1200,56
0.1818,2001,2207,1200,64
0.1821,2001,2207,1200,64
0.1825,2001,2207,1200,64
0.1828,2001,2208,1200,72
0.1832,2001,2208,1200,72
0.1835,2001,2208,1200,72
0.1839,2001,2209,1200,88
0.1843,2001,2209,1200,88
0.1847,2001,2209,1200,88
0.1850,2001,2209,1200,88
0.1854,2001,2209,1200,88
0.1858,2001,2210,1200,96
0.1862,2001,2210,1200,96
0.1865,2001,2210,1200,96
0.1869,2001,2210,1200,96
0.1873,2001,2210,1200,96
0.1876,2001,2211,1200,96
0.1880,2001,2211,1200,96
0.1885,2001,2211,1200,96
0.1889,2001,2211,1200,104
0.1893,2001,2211,1200,104
0.1897,2001,2211,1200,104
0.1901,1971,2211,1200,104
0.1908,1971,2212,1200,120
0.1912,1971,2212,1200,120
0.1916,1971,2212,1200,120
0.1920,1971,2212,1200,112
0.1924,1971,2212,1200,112
0.1927,1971,2212,1200,120
0.1931,1971,2212,1200,120
0.1935,1971,2212,1200,120
0.1939,1971,2213,650,136
0.1942,1971,2213,650,136
0.1946,1971,2213,650,136
0.1950,1971,2213,650,136
0.1953,1971,2213,650,136
0.1957,1971,2213,650,144
0.1960,1971,2213,650,144
0.1964,1971,2213,650,144
0.1967,1971,2213,650,144
0.1971,1971,2213,650,144
0.1975,1971,2213,650,144
0.1978,1971,2213,650,152
0.1982,1971,2213,650,152
0.1985,1971,2213,650,152
0.1989,1971,2213,650,160
0.1993,1971,2213,650,160
0.1997,1971,2213,650,168
0.2000,1944,2213,650,168
0.2007,1944,2214,650,176
0.2011,1944,2214,650,176
0.2015,1944,2214,650,176
0.2018,1944,2214,650,184
0.2022,1944,2214,650,184
0.2026,1944,2214,650,192
0.2030,1944,2214,650,192
0.2033,1944,2214,650,192
0.2037,1944,2214,650,200
0.2041,1944,2214,650,200
0.2045,1944,2214,650,200
0.2049,1944,2214,650,208
0.2053,1944,2214,650,208
0.2057,1944,2214,650,216
0.2061,1944,2214,650,216
0.2065,1944,2214,650,216
0.2068,1944,2214,650,224
0.2072,1944,2214,650,224
0.2076,1944,2214,650,232
0.2080,1944,2214,650,232
0.2084,1944,2214,650,232
0.2088,1944,2214,650,240
0.2091,1944,2214,650,240
0.2095,1944,2214,650,240
0.2099,1944,2214,650,248
0.2102,1919,2214,650,256
0.2110,1919,2214,650,256
0.2114,1919,2214,650,256
0.2117,1919,2214,650,268
0.2121,1919,2214,650,268
0.2125,1919,2214,650,276
0.2129,1919,2214,650,276
0.2133,1919,2214,650,276
0.2137,1919,2214,50,284
0.2141,1919,2214,50,284
0.2145,1919,2214,50,292
0.2149,1919,2214,50,292
0.2153,1919,2214,50,292
0.2157,1919,2214,50,300
0.2160,1919,2214,50,300
0.2165,1919,2214,50,316
0.2169,1919,2214,50,316
0.2173,1919,2214,50,316
0.2176,1919,2214,50,324
0.2180,1919,2214,50,324
0.2184,1919,2214,50,324
0.2188,1919,2214,50,332
0.2192,1919,2214,50,332
0.2196,1919,2213,50,332
0.2199,1919,2213,50,332
0.2203,1899,2213,50,348
0.2211,1899,2213,50,348
0.2215,1899,2212,50,348
0.2219,1899,2212,50,348
0.2223,1899,2212,50,348
0.2227,1899,2212,50,356
0.2230,1899,2212,50,356
0.2235,1899,2211,50,364
0.2239,1899,2211,50,364
0.2243,1899,2211,50,364
0.2247,1899,2210,50,364
0.2250,1899,2210,50,364
0.2255,1899,2210,50,372
0.2259,1899,2210,50,372
0.2263,1899,2210,50,372
0.2267,1899,2209,50,380
0.2271,1899,2209,50,380
0.2275,1899,2208,50,380
0.2278,1899,2208,50,380
0.2282,1899,2208,50,380
0.2285,1899,2207,50,388
0.2289,1899,2207,50,388
0.2292,1899,2207,50,388
0.2296,1899,2206,50,388
0.2300,1899,2206,50,388
0.2303,1885,2206,50,404
0.2311,1885,2206,50,404
0.2315,1885,2205,50,396
0.2319,1885,2205,50,396
0.2322,1885,2205,50,396
0.2326,1885,2204,50,404
0.2330,1885,2204,50,404
0.2333,1885,2204,50,404
0.2337,1885,2204,-500,420
0.2341,1885,2204,-500,420
0.2345,1885,2203,-500,420
0.2349,1885,2203,-500,420
0.2353,1885,2203,-500,420
0.2356,1885,2202,-500,428
0.2360,1885,2202,-500,428
0.2364,1885,2201,-500,436
0.2367,1885,2201,-500,436
0.2371,1885,2201,-500,436
0.2375,1885,2200,-500,436
0.2379,1885,2200,-500,436
0.2383,1885,2200,-500,436
0.2386,1885,2199,-500,444
0.2390,1885,2199,-500,444
0.2394,1885,2198,-500,452
0.2398,1885,2198,-500,452
0.2401,1876,2197,-500,460
0.2408,1876,2197,-500,460
0.2412,1876,2197,-500,460
0.2416,1876,2196,-500,468
0.2421,1876,2196,-500,468
0.2425,1876,2195,-500,468
0.2428,1876,2195,-500,468
0.2432,1876,2195,-500,468
0.2435,1876,2194,-500,476
0.2439,1876,2194,-500,476
0.2443,1876,2194,-500,476
0.2446,1876,2193,-500,484
0.2450,1876,2193,-500,484
0.2454,1876,2192,-500,492
0.2457,1876,2192,-500,492
0.2461,1876,2192,-500,492
0.2465,1876,2190,-500,492
0.2469,1876,2190,-500,492
0.2473,1876,2190,-500,492
0.2477,1876,2189,-500,500
0.2481,1876,2189,-500,500
0.2485,1876,2188,-500,508
0.2488,1876,2188,-500,508
0.2492,1876,2188,-500,508
0.2496,1876,2187,-500,516
0.2500,1876,2187,-500,516
0.2504,1873,2186,-500,524
0.2511,1873,2186,-500,524
0.2515,1873,2184,-500,520
0.2519,1873,2184,-500,520
0.2523,1873,2184,-500,520
0.2526,1873,2183,-500,528
0.2530,1873,2183,-500,528
0.2534,1873,2182,-1100,544
0.2537,1873,2182,-1100,544
0.2541,1873,2182,-1100,544
0.2545,1873,2181,-1100,552
0.2549,1873,2181,-1100,552
0.2553,1873,2179,-1100,552
0.2557,1873,2179,-1100,552
0.2560,1873,2179,-1100,552
0.2565,1873,2178,-1100,560
0.2569,1873,2178,-1100,560
0.2572,1873,2178,-1100,560
0.2576,1873,2177,-1100,568
0.2580,1873,2177,-1100,568
0.2583,1873,2175,-1100,576
0.2588,1873,2175,-1100,576
0.2591,1873,2175,-1100,576
0.2595,1873,2174,-1100,584
0.2599,1873,2174,-1100,584
0.2603,1877,2172,-1100,584
0.2610,1877,2172,-1100,584
0.2614,1877,2171,-1100,600
0.2617,1877,2171,-1100,600
0.2621,1877,2171,-1100,600
0.2625,1877,2169,-1100,600
0.2629,1877,2169,-1100,600
0.2633,1877,2168,-1100,600
0.2637,1877,2168,-1100,600
0.2641,1877,2168,-1100,600
0.2645,1877,2166,-1100,600
0.2649,1877,2166,-1100,600
0.2653,1877,2165,-1100,600
0.2656,1877,2165,-1100,600
0.2660,1877,2165,-1100,600
0.2664,1877,2163,-1100,600
0.2667,1877,2163,-1100,600
0.2671,1877,2163,-1100,600
0.2675,1877,2162,-1100,600
0.2679,1877,2162,-1100,600
0.2682,1877,2160,-1100,600
0.2686,1877,2160,-1100,600
0.2690,1877,2160,-1100,600
0.2694,1877,2158,-1100,600
0.2697,1877,2158,-1100,600
0.2701,1885,2157,-1100,600
0.2709,1885,2157,-1100,600
0.2712,1885,2155,-1100,600
0.2716,1885,2155,-1100,600
0.2720,1885,2155,-1100,600
0.2724,1885,2153,-1100,600
0.2727,1885,2153,-1100,600
0.2731,1885,2153,-1100,600
0.2735,1885,2152,-1500,600
0.2739,1885,2152,-1500,600
0.2742,1885,2150,-1500,600
0.2746,1885,2150,-1500,600
0.2749,1885,2150,-1500,600
0.2753,1885,2148,-1500,600
0.2758,1885,2148,-1500,600
0.2761,1885,2148,-1500,600
0.2765,1885,2146,-1500,600
0.2769,1885,2146,-1500,600
0.2773,1885,2145,-1500,600
0.2776,1885,2145,-1500,600
0.2780,1885,2145,-1500,600
0.2784,1885,2143,-1500,600
0.2788,1885,2143,-1500,600
0.2791,1885,2143,-1500,600
0.2795,1885,2141,-1500,600
0.2799,1885,2141,-1500,600
0.2802,1900,2139,-1500,600
0.2809,1900,2139,-1500,600
0.2813,1900,2137,-1500,600
0.2817,1900,2137,-1500,600
0.2821,1900,2137,-1500,600
0.2825,1900,2135,-1500,600
0.2829,1900,2135,-1500,600
0.2833,1900,2133,-1500,600
0.2836,1900,2133,-1500,600
0.2840,1900,2133,-1500,600
0.2844,1900,2131,-1500,600
0.2848,1900,2131,-1500,600
0.2851,1900,2129,-1500,600
0.2855,1900,2129,-1500,600
0.2859,1900,2129,-1500,600
0.2863,1900,2128,-1500,600
0.2866,1900,2128,-1500,600
0.2870,1900,2128,-1500,600
0.2874,1900,2126,-1500,600
0.2878,1900,2126,-1500,600
0.2881,1900,2124,-1500,600
0.2885,1900,2124,-1500,600
0.2889,1900,2124,-1500,600
0.2893,1900,2122,-1500,600
0.2896,1900,2122,-1500,600
0.2900,1920,2120,-1500,600
0.2907,1920,2120,-1500,600
0.2911,1920,2118,-1500,600
0.2915,1920,2118,-1500,600
0.2919,1920,2118,-1500,600
0.2923,1920,2116,-1500,600
0.2926,1920,2116,-1500,600
0.2930,1920,2116,-1500,600
0.2935,1920,2114,-1900,600
0.2939,1920,2114,-1900,600
0.2942,1920,2112,-1900,600
0.2946,1920,2112,-1900,600
0.2950,1920,2112,-1900,600
0.2953,1920,2110,-1900,600
0.2957,1920,2110,-1900,600
0.2960,1920,2110,-1900,600
0.2965,1920,2108,-1900,600
0.2968,1920,2108,-1900,600
0.2972,1920,2106,-1900,600
0.2976,1920,2106,-1900,600
0.2980,1920,2106,-1900,600
0.2984,1920,2104,-1900,600
0.2987,1920,2104,-1900,600
0.2991,1920,2102,-1900,600
0.2995,1920,2102,-1900,600
0.2998,1920,2102,-1900,600
0.3002,1944,2100,-1900,600
0.3009,1944,2100,-1900,600
0.3012,1944,2098,-1900,600
0.3016,1944,2098,-1900,600
0.3020,1944,2098,-1900,600
0.3024,1944,2097,-1900,600
0.3028,1944,2097,-1900,600
0.3032,1944,2095,-1900,600
0.3036,1944,2095,-1900,600
0.3040,1944,2095,-1900,600
0.3043,1944,2093,-1900,600
0.3047,1944,2093,-1900,600
0.3051,1944,2090,-1900,600
0.3055,1944,2090,-1900,600
0.3059,1944,2090,-1900,600
0.3063,1944,2088,-1900,600
0.3066,1944,2088,-1900,600
0.3070,1944,2086,-1900,600
0.3075,1944,2086,-1900,600
0.3079,1944,2086,-1900,600
0.3083,1944,2084,-1900,600
0.3086,1944,2084,-1900,600
0.3090,1944,2082,-1900,600
0.3094,1944,2082,-1900,600
0.3098,1944,2082,-1900,600
0.3102,1972,2080,-1900,600
0.3109,1972,2080,-1900,600
0.3113,1972,2078,-1900,600
0.3117,1972,2078,-1900,600
0.3121,1972,2076,-1900,600
0.3125,1972,2076,-1900,600
0.3129,1972,2076,-1900,600
0.3133,1972,2074,-2000,600
0.3137,1972,2074,-2000,600
0.3140,1972,2072,-2000,600
0.3145,1972,2072,-2000,600
0.3148,1972,2072,-2000,600
0.3152,1972,2070,-2000,600
0.3156,1972,2070,-2000,600
0.3159,1972,2070,-2000,600
0.3163,1972,2068,-2000,600
0.3167,1972,2068,-2000,600
0.3171,1972,2066,-2000,600
0.3175,1972,2066,-2000,600
0.3179,1972,2066,-2000,600
0.3183,1972,2064,-2000,600
0.3187,1972,2064,-2000,600
0.3190,1972,2062,-2000,600
0.3195,1972,2062,-2000,600
0.3199,1972,2062,-2000,600
0.3203,2002,2060,-2000,600
0.3210,2002,2057,-2000,600
0.3214,2002,2057,-2000,600
0.3218,2002,2057,-2000,600
0.3222,2002,2055,-2000,600
0.3226,2002,2055,-2000,600
0.3229,2002,2053,-2000,600
0.3233,2002,2053,-2000,600
0.3238,2002,2053,-2000,600
0.3241,2002,2051,-2000,600
0.3245,2002,2051,-2000,600
0.3249,2002,2051,-2000,600
0.3253,2002,2049,-2000,600
0.3257,2002,2049,-2000,600
0.3260,2002,2047,-2000,600
0.3265,2002,2047,-2000,600
0.3268,2002,2047,-2000,600
0.3272,2002,2045,-2000,600
0.3276,2002,2045,-2000,600
0.3280,2002,2043,-2000,600
0.3284,2002,2043,-2000,600
0.3288,2002,2043,-2000,600
0.3291,2002,2040,-2000,600
0.3295,2002,2040,-2000,600
0.3299,2002,2038,-2000,600
0.3303,2034,2038,-2000,600
0.3310,2034,2036,-2000,600
0.3314,2034,2036,-2000,600
0.3318,2034,2036,-2000,600
0.3322,2034,2034,-2000,600
0.3325,2034,2034,-2000,600
0.3329,2034,2032,-2100,600
0.3333,2034,2032,-2100,600
0.3337,2034,2032,-2100,600
0.3341,2034,2030,-2100,600
0.3345,2034,2030,-2100,600
0.3349,2034,2030,-2100,600
0.3352,2034,2028,-2100,600
0.3356,2034,2028,-2100,600
0.3360,2034,2026,-2100,600
0.3363,2034,2026,-2100,600
0.3367,2034,2026,-2100,600
0.3371,2034,2024,-2100,600
0.3375,2034,2024,-2100,600
0.3379,2034,2022,-2100,600
0.3382,2034,2022,-2100,600
0.3386,2034,2022,-2100,600
0.3390,2034,2019,-2100,600
0.3394,2034,2019,-2100,600
0.3398,2034,2019,-2100,600
0.3401,2066,2017,-2100,600
0.3409,2066,2015,-2100,600
0.3412,2066,2015,-2100,600
0.3416,2066,2015,-2100,600
0.3420,2066,2013,-2100,600
0.3424,2066,2013,-2100,600
0.3428,2066,2013,-2100,600
0.3431,2066,2011,-2100,600
0.3435,2066,2011,-2100,600
0.3439,2066,2009,-2100,600
0.3443,2066,2009,-2100,600
0.3447,2066,2009,-2100,600
0.3450,2066,2007,-2100,600
0.3455,2066,2007,-2100,600
0.3459,2066,2004,-2100,600
0.3462,2066,2004,-2100,600
0.3466,2066,2004,-2100,600
0.3470,2066,2002,-2100,600
0.3474,2066,2002,-2100,600
0.3478,2066,2002,-2100,600
0.3481,2066,2000,-2100,600
0.3485,2066,2000,-2100,600
0.3489,2066,1998,-2100,600
0.3493,2066,1998,-2100,600
0.3497,2066,1998,-2100,600
0.3500,2097,1996,-2100,600
0.3508,2097,1996,-2100,600
0.3512,2097,1994,-2100,564
0.3516,2097,1994,-2100,564
0.3520,2097,1992,-2100,556
0.3524,2097,1992,-2100,556
0.3528,2097,1990,-2100,548
0.3532,2097,1990,-2100,548
0.3536,2097,1990,-2100,548
0.3541,2097,1987,-2100,532
0.3546,2097,1987,-2100,532
0.3550,2097,1985,-2100,524
0.3553,2097,1985,-2100,524
0.3558,2097,1984,-2100,516
0.3562,2097,1984,-2100,516
0.3566,2097,1984,-2100,516
0.3569,2097,1981,-2100,500
0.3573,2097,1981,-2100,500
0.3578,2097,1980,-2100,500
0.3581,2097,1980,-2100,500
0.3586,2097,1980,-2100,500
0.3590,2097,1978,-2100,492
0.3594,2097,1978,-2100,492
0.3598,2097,1975,-2100,476
0.3602,2127,1975,-2100,476
0.3609,2127,1973,-2100,468
0.3613,2127,1973,-2100,468
0.3617,2127,1973,-2100,468
0.3620,2127,1971,-2100,460
0.3625,2127,1971,-2100,460
0.3629,2127,1969,-2100,444
0.3632,2127,1969,-2100,444
0.3636,2127,1969,-2100,444
0.3640,2127,1967,-2100,436
0.3645,2127,1967,-2100,436
0.3649,2127,1965,-2100,428
0.3652,2127,1965,-2100,428
0.3656,2127,1965,-2100,428
0.3659,2127,1963,-2100,412
0.3663,2127,1963,-2100,412
0.3667,2127,1963,-2100,412
0.3671,2127,1961,-2100,404
0.3675,2127,1961,-2100,404
0.3679,2127,1959,-2100,396
0.3682,2127,1959,-2100,396
0.3686,2127,1959,-2100,396
0.3689,2127,1957,-2100,380
0.3694,2127,1957,-2100,380
0.3698,2127,1955,-2100,372
0.3701,2153,1955,-2100,372
0.3709,2153,1953,-2100,324
0.3712,2153,1953,-2100,324
0.3716,2153,1953,-2100,324
0.3720,2153,1951,-2100,308
0.3724,2153,1951,-2100,308
0.3728,2153,1949,-2050,300
0.3732,2153,1949,-2050,300
0.3735,2153,1949,-2050,300
0.3739,2153,1947,-2050,284
0.3743,2153,1947,-2050,284
0.3747,2153,1945,-2050,268
0.3751,2153,1945,-2050,268
0.3755,2153,1945,-2050,268
0.3759,2153,1943,-2050,260
0.3762,2153,1943,-2050,260
0.3766,2153,1943,-2050,260
0.3770,2153,1942,-2050,252
0.3774,2153,1942,-2050,252
0.3778,2153,1940,-2050,244
0.3782,2153,1940,-2050,244
0.3785,2153,1940,-2050,244
0.3789,2153,1938,-2050,228
0.3793,2153,1938,-2050,228
0.3797,2153,1936,-2050,212
0.3800,2176,1936,-2050,212
0.3808,2176,1935,-2050,212
0.3811,2176,1935,-2050,212
0.3815,2176,1935,-2050,212
0.3819,2176,1933,-2050,196
0.3823,2176,1933,-2050,196
0.3827,2176,1931,-2050,180
0.3831,2176,1931,-2050,180
0.3835,2176,1931,-2050,180
0.3839,2176,1930,-2050,172
0.3843,2176,1930,-2050,172
0.3846,2176,1930,-2050,172
0.3850,2176,1928,-2050,164
0.3854,2176,1928,-2050,164
0.3858,2176,1927,-2050,156
0.3862,2176,1927,-2050,156
0.3865,2176,1927,-2050,156
0.3869,2176,1925,-2050,140
0.3873,2176,1925,-2050,140
0.3877,2176,1924,-2050,132
0.3881,2176,1924,-2050,132
0.3885,2176,1924,-2050,132
0.3889,2176,1922,-2050,116
0.3893,2176,1922,-2050,116
0.3896,2176,1921,-2050,108
0.3900,2194,1921,-2050,108
0.3907,2194,1920,-2050,88
0.3911,2194,1920,-2050,88
0.3915,2194,1920,-2050,88
0.3919,2194,1918,-2050,72
0.3923,2194,1918,-2050,72
0.3926,2194,1917,-1600,64
0.3930,2194,1917,-1600,64
0.3934,2194,1917,-1600,64
0.3937,2194,1915,-1600,48
0.3941,2194,1915,-1600,48
0.3945,2194,1915,-1600,48
0.3949,2194,1914,-1600,40
0.3953,2194,1914,-1600,40
0.3956,2194,1913,-1600,32
0.3960,2194,1913,-1600,32
0.3965,2194,1913,-1600,32
0.3969,2194,1912,-1600,24
0.3973,2194,1912,-1600,24
0.3976,2194,1911,-1600,-24
0.3980,2194,1911,-1600,-24
0.3984,2194,1911,-1600,-24
0.3988,2194,1909,-1600,-40
0.3991,2194,1909,-1600,-40
0.3995,2194,1909,-1600,-40
0.3999,2194,1908,-1600,-48
0.4003,2207,1907,-1600,-56
0.4010,2207,1907,-1600,-56
0.4013,2207,1907,-1600,-56
0.4017,2207,1907,-1600,-64
0.4021,2207,1907,-1600,-64
0.4025,2207,1907,-1600,-64
0.4029,2207,1906,-1600,-72
0.4033,2207,1906,-1600,-72
0.4036,2207,1905,-1600,-80
0.4040,2207,1905,-1600,-80
0.4044,2207,1905,-1600,-80
0.4048,2207,1904,-1600,-96
0.4051,2207,1904,-1600,-96
0.4055,2207,1903,-1600,-104
0.4059,2207,1903,-1600,-104
0.4063,2207,1903,-1600,-104
0.4067,2207,1902,-1600,-120
0.4071,2207,1902,-1600,-120
0.4075,2207,1902,-1600,-120
0.4078,2207,1902,-1600,-120
0.4082,2207,1902,-1600,-120
0.4086,2207,1901,-1600,-128
0.4090,2207,1901,-1600,-128
0.4094,2207,1901,-1600,-128
0.4098,2207,1900,-1600,-128
0.4101,2213,1900,-1600,-128
0.4109,2213,1900,-1600,-120
0.4112,2213,1900,-1600,-120
0.4116,2213,1899,-1600,-128
0.4120,2213,1899,-1600,-128
0.4124,2213,1899,-1600,-128
0.4127,2213,1899,-900,-136
0.4131,2213,1899,-900,-136
0.4135,2213,1899,-900,-136
0.4139,2213,1898,-900,-144
0.4142,2213,1898,-900,-144
0.4146,2213,1898,-900,-152
0.4150,2213,1898,-900,-152
0.4154,2213,1898,-900,-152
0.4158,2213,1897,-900,-168
0.4162,2213,1897,-900,-168
0.4165,2213,1897,-900,-168
0.4169,2213,1897,-900,-168
0.4173,2213,1897,-900,-168
0.4176,2213,1897,-900,-176
0.4180,2213,1897,-900,-176
0.4184,2213,1897,-900,-176
0.4187,2213,1897,-900,-184
0.4191,2213,1897,-900,-184
0.4195,2213,1896,-900,-192
0.4199,2213,1896,-900,-192
0.4202,2214,1896,-900,-200
0.4209,2214,1896,-900,-200
0.4213,2214,1896,-900,-200
0.4216,2214,1896,-900,-208
0.4220,2214,1896,-900,-208
0.4225,2214,1896,-900,-216
0.4229,2214,1896,-900,-216
0.4232,2214,1896,-900,-216
0.4236,2214,1896,-900,-224
0.4240,2214,1896,-900,-224
0.4243,2214,1896,-900,-224
0.4247,2214,1896,-900,-232
0.4251,2214,1896,-900,-232
0.4255,2214,1896,-900,-240
0.4259,2214,1896,-900,-240
0.4263,2214,1896,-900,-240
0.4267,2214,1896,-900,-248
0.4271,2214,1896,-900,-248
0.4275,2214,1896,-900,-248
0.4279,2214,1896,-900,-248
0.4283,2214,1896,-900,-248
0.4287,2214,1896,-900,-256
0.4291,2214,1896,-900,-256
0.4295,2214,1896,-900,-264
0.4299,2214,1896,-900,-264
0.4303,2209,1896,-900,-264
0.4310,2209,1896,-900,-264
0.4314,2209,1896,-900,-272
0.4318,2209,1896,-900,-272
0.4322,2209,1896,-900,-272
0.4326,2209,1896,-150,-280
0.4329,2209,1896,-150,-280
0.4333,2209,1896,-150,-288
0.4337,2209,1896,-150,-288
0.4341,2209,1896,-150,-288
0.4345,2209,1896,-150,-296
0.4348,2209,1896,-150,-296
0.4352,2209,1896,-150,-296
0.4356,2209,1896,-150,-304
0.4360,2209,1896,-150,-304
0.4364,2209,1896,-150,-312
0.4368,2209,1896,-150,-312
0.4372,2209,1896,-150,-312
0.4375,2209,1897,-150,-320
0.4379,2209,1897,-150,-320
0.4383,2209,1897,-150,-320
0.4387,2209,1897,-150,-328
0.4391,2209,1897,-150,-328
0.4395,2209,1898,-150,-328
0.4399,2209,1898,-150,-328
0.4403,2198,1898,-150,-336
0.4410,2198,1898,-150,-336
0.4413,2198,1899,-150,-344
0.4418,2198,1899,-150,-344
0.4421,2198,1899,-150,-344
0.4425,2198,1899,-150,-352
0.4429,2198,1899,-150,-352
0.4433,2198,1899,-150,-352
0.4437,2198,1900,-150,-352
0.4441,2198,1900,-150,-352
0.4445,2198,1900,-150,-368
0.4449,2198,1900,-150,-368
0.4453,2198,1900,-150,-368
0.4456,2198,1901,-150,-368
0.4461,2198,1901,-150,-368
0.4465,2198,1901,-150,-384
0.4469,2198,1901,-150,-384
0.4473,2198,1901,-150,-384
0.4477,2198,1902,-150,-384
0.4480,2198,1902,-150,-384
0.4485,2198,1903,-150,-392
0.4488,2198,1903,-150,-392
0.4492,2198,1903,-150,-392
0.4496,2198,1904,-150,-392
0.4500,2198,1904,-150,-392
0.4504,2181,1904,-150,-400
0.4511,2181,1904,-150,-400
0.4515,2181,1905,-150,-400
0.4519,2181,1905,-150,-400
0.4522,2181,1905,-150,-400
0.4526,2181,1906,500,-408
0.4530,2181,1906,500,-408
0.4534,2181,1907,500,-408
0.4537,2181,1907,500,-408
0.4541,2181,1907,500,-408
0.4545,2181,1908,500,-416
0.4549,2181,1908,500,-416
0.4553,2181,1909,500,-424
0.4557,2181,1909,500,-424
0.4560,2181,1909,500,-424
0.4564,2181,1910,500,-432
0.4568,2181,1910,500,-432
0.4572,2181,1910,500,-432
0.4576,2181,1911,500,-432
0.4579,2181,1911,500,-432
0.4583,2181,1912,500,-440
0.4587,2181,1912,500,-440
0.4591,2181,1912,500,-440
0.4595,2181,1913,500,-448
0.4599,2181,1913,500,-448
0.4603,2160,1914,500,-456
0.4610,2160,1914,500,-456
0.4614,2160,1914,500,-464
0.4617,2160,1914,500,-464
0.4621,2160,1914,500,-464
0.4625,2160,1916,500,-464
0.4628,2160,1916,500,-464
0.4632,2160,1916,500,-464
0.4635,2160,1917,500,-472
0.4639,2160,1917,500,-472
0.4642,2160,1918,500,-480
0.4646,2160,1918,500,-480
0.4650,2160,1918,500,-480
0.4653,2160,1919,500,-488
0.4657,2160,1919,500,-488
0.4662,2160,1919,500,-488
0.4666,2160,1920,500,-496
0.4669,2160,1920,500,-496
0.4673,2160,1921,500,-504
0.4678,2160,1921,500,-504
0.4681,2160,1921,500,-504
0.4685,2160,1922,500,-512
0.4689,2160,1922,500,-512
0.4693,2160,1923,500,-520
0.4697,2160,1923,500,-520
0.4701,2135,1925,500,-508
0.4708,2135,1925,500,-508
0.4712,2135,1925,500,-508
0.4715,2135,1926,500,-516
0.4719,2135,1926,500,-516
0.4723,2135,1927,1050,-524
0.4727,2135,1927,1050,-524
0.4731,2135,1927,1050,-524
0.4735,2135,1928,1050,-532
0.4738,2135,1928,1050,-532
0.4742,2135,1930,1050,-532
0.4746,2135,1930,1050,-532
0.4749,2135,1930,1050,-532
0.4753,2135,1931,1050,-548
0.4757,2135,1931,1050,-548
0.4761,2135,1931,1050,-548
0.4765,2135,1933,1050,-548
0.4769,2135,1933,1050,-548
0.4773,2135,1934,1050,-556
0.4777,2135,1934,1050,-556
0.4780,2135,1934,1050,-556
0.4784,2135,1935,1050,-564
0.4788,2135,1935,1050,-564
0.4791,2135,1935,1050,-564
0.4795,2135,1937,1050,-572
0.4799,2135,1937,1050,-572
0.4803,2106,1938,1050,-580
0.4810,2106,1938,1050,-580
0.4814,2106,1940,1050,-580
0.4818,2106,1940,1050,-580
0.4821,2106,1941,1050,-588
0.4825,2106,1941,1050,-588
0.4829,2106,1941,1050,-588
0.4833,2106,1943,1050,-596
0.4836,2106,1943,1050,-596
0.4840,2106,1943,1050,-596
0.4844,2106,1944,1050,-600
0.4847,2106,1944,1050,-600
0.4851,2106,1946,1050,-600
0.4855,2106,1946,1050,-600
0.4859,2106,1946,1050,-600
0.4863,2106,1948,1050,-600
0.4867,2106,1948,1050,-600
0.4870,2106,1948,1050,-600
0.4874,2106,1949,1050,-600
0.4877,2106,1949,1050,-600
0.4881,2106,1950,1050,-600
0.4885,2106,1950,1050,-600
0.4889,2106,1950,1050,-600
0.4893,2106,1952,1050,-600
0.4897,2106,1952,1050,-600
0.4900,2076,1954,1050,-600
0.4907,2076,1954,1050,-600
0.4911,2076,1956,1050,-600
0.4915,2076,1956,1050,-600
0.4919,2076,1956,1050,-600
0.4923,2076,1957,1500,-600
0.4927,2076,1957,1500,-600
0.4930,2076,1957,1500,-600
0.4935,2076,1959,1500,-600
0.4938,2076,1959,1500,-600
0.4942,2076,1961,1500,-600
0.4946,2076,1961,1500,-600
0.4949,2076,1961,1500,-600
0.4953,2076,1963,1500,-600
0.4957,2076,1963,1500,-600
0.4961,2076,1964,1500,-600
0.4965,2076,1964,1500,-600
0.4969,2076,1964,1500,-600
0.4972,2076,1966,1500,-600
0.4976,2076,1966,1500,-600
0.4980,2076,1966,1500,-600
0.4983,2076,1968,1500,-600
0.4987,2076,1968,1500,-600
0.4991,2076,1970,1500,-600
0.4995,2076,1970,1500,-600
0.4999,2076,1970,1500,-600
0.5003,2043,1971,1500,-600
0.5010,2043,1971,1500,-600
0.5014,2043,1973,1500,-600
0.5017,2043,1973,1500,-600
0.5021,2043,1975,1500,-600
0.5025,2043,1975,1500,-600
0.5029,2043,1975,1500,-600
0.5032,2043,1977,1500,-600
0.5036,2043,1977,1500,-600
0.5040,2043,1977,1500,-600
0.5044,2043,1979,1500,-600
0.5047,2043,1979,1500,-600
0.5051,2043,1981,1500,-600
0.5055,2043,1981,1500,-600
0.5059,2043,1981,1500,-600
0.5063,2043,1983,1500,-600
0.5066,2043,1983,1500,-600
0.5070,2043,1984,1500,-600
0.5075,2043,1984,1500,-600
0.5078,2043,1984,1500,-600
0.5082,2043,1986,1500,-600
0.5086,2043,1986,1500,-600
0.5089,2043,1986,1500,-600
0.5093,2043,1988,1500,-600
0.5098,2043,1988,1500,-600
0.5101,2012,1990,1500,-556
0.5109,2012,1990,1500,-556
0.5112,2012,1992,1500,-556
0.5116,2012,1992,1500,-556
0.5120,2012,1994,1850,-548
0.5124,2012,1994,1850,-548
0.5128,2012,1994,1850,-548
0.5132,2012,1996,1850,-548
0.5135,2012,1996,1850,-548
0.5139,2012,1996,1850,-548
0.5143,2012,1998,1850,-540
0.5146,2012,1998,1850,-540
0.5150,2012,1999,1850,-548
0.5154,2012,1999,1850,-548
0.5157,2012,1999,1850,-548
0.5161,2012,2001,1850,-540
0.5165,2012,2001,1850,-540
0.5169,2012,2001,1850,-540
0.5173,2012,2004,1850,-532
0.5176,2012,2004,1850,-532
0.5180,2012,2006,1850,-524
0.5185,2012,2006,1850,-524
0.5189,2012,2006,1850,-524
0.5192,2012,2008,1850,-516
0.5196,2012,2008,1850,-516
0.5199,2012,2008,1850,-516
0.5203,1980,2010,1850,-516
0.5210,1980,2011,1850,-516
0.5213,1980,2011,1850,-516
0.5217,1980,2011,1850,-516
0.5221,1980,2013,1850,-508
0.5225,1980,2013,1850,-508
0.5229,1980,2013,1850,-508
0.5233,1980,2015,1850,-500
0.5237,1980,2015,1850,-500
0.5240,1980,2017,1850,-492
0.5244,1980,2017,1850,-492
0.5248,1980,2017,1850,-492
0.5252,1980,2019,1850,-492
0.5256,1980,2019,1850,-492
0.5260,1980,2021,1850,-484
0.5263,1980,2021,1850,-484
0.5267,1980,2021,1850,-484
0.5271,1980,2023,1850,-476
0.5275,1980,2023,1850,-476
0.5279,1980,2025,1850,-468
0.5283,1980,2025,1850,-468
0.5287,1980,2025,1850,-468
0.5291,1980,2027,1850,-460
0.5295,1980,2027,1850,-460
0.5299,1980,2029,1850,-404
0.5303,1952,2029,1850,-404
0.5310,1952,2030,1850,-404
0.5314,1952,2030,1850,-404
0.5318,1952,2030,1850,-404
0.5321,1952,2032,1900,-396
0.5325,1952,2032,1900,-396
0.5329,1952,2034,1900,-388
0.5333,1952,2034,1900,-388
0.5337,1952,2034,1900,-388
0.5341,1952,2036,1900,-380
0.5345,1952,2036,1900,-380
0.5349,1952,2038,1900,-372
0.5353,1952,2038,1900,-372
0.5357,1952,2038,1900,-372
0.5361,1952,2040,1900,-364
0.5365,1952,2040,1900,-364
0.5369,1952,2042,1900,-356
0.5373,1952,2042,1900,-356
0.5377,1952,2042,1900,-356
0.5381,1952,2044,1900,-348
0.5385,1952,2044,1900,-348
0.5389,1952,2045,1900,-340
0.5393,1952,2045,1900,-340
0.5397,1952,2045,1900,-340
0.5400,1927,2047,1900,-332
0.5407,1927,2047,1900,-332
0.5411,1927,2049,1900,-324
0.5415,1927,2049,1900,-324
0.5419,1927,2051,1900,-316
0.5423,1927,2051,1900,-316
0.5427,1927,2051,1900,-316
0.5431,1927,2053,1900,-300
0.5435,1927,2053,1900,-300
0.5439,1927,2054,1900,-300
0.5443,1927,2054,1900,-300
0.5446,1927,2054,1900,-300
0.5450,1927,2056,1900,-292
0.5455,1927,2056,1900,-292
0.5459,1927,2058,1900,-276
0.5463,1927,2058,1900,-276
0.5467,1927,2058,1900,-276
0.5470,1927,2060,1900,-268
0.5475,1927,2060,1900,-268
0.5478,1927,2061,1900,-260
0.5482,1927,2061,1900,-260
0.5486,1927,2061,1900,-260
0.5490,1927,2063,1900,-252
0.5494,1927,2063,1900,-252
0.5498,1927,2063,1900,-252
0.5501,1906,2064,1900,-228
0.5509,1906,2066,1900,-212
0.5513,1906,2066,1900,-212
0.5516,1906,2066,1900,-212
0.5520,1906,2067,1750,-212
0.5524,1906,2067,1750,-212
0.5527,1906,2067,1750,-212
0.5531,1906,2069,1750,-196
0.5535,1906,2069,1750,-196
0.5539,1906,2070,1750,-188
0.5543,1906,2070,1750,-188
0.5547,1906,2070,1750,-188
0.5551,1906,2072,1750,-180
0.5555,1906,2072,1750,-180
0.5559,1906,2073,1750,-172
0.5563,1906,2073,1750,-172
0.5566,1906,2073,1750,-172
0.5570,1906,2075,1750,-164
0.5574,1906,2075,1750,-164
0.5577,1906,2076,1750,-156
0.5581,1906,2076,1750,-156
0.5585,1906,2076,1750,-156
0.5589,1906,2078,1750,-140
0.5593,1906,2078,1750,-140
0.5598,1906,2079,1750,-132
0.5601,1889,2079,1750,-132
0.5609,1889,2081,1750,-124
0.5613,1889,2081,1750,-124
0.5616,1889,2081,1750,-124
0.5620,1889,2082,1750,-116
0.5624,1889,2082,1750,-116
0.5627,1889,2083,1750,-108
0.5631,1889,2083,1750,-108
0.5635,1889,2083,1750,-108
0.5639,1889,2084,1750,-100
0.5643,1889,2084,1750,-100
0.5647,1889,2084,1750,-100
0.5650,1889,2085,1750,-100
0.5655,1889,2085,1750,-100
0.5659,1889,2087,1750,-84
0.5663,1889,2087,1750,-84
0.5666,1889,2087,1750,-84
0.5670,1889,2088,1750,-76
0.5674,1889,2088,1750,-76
0.5678,1889,2089,1750,-68
0.5681,1889,2089,1750,-68
0.5685,1889,2089,1750,-68
0.5689,1889,2090,1750,-60
0.5692,1889,2090,1750,-60
0.5696,1889,2090,1750,-60
0.5700,1889,2091,1750,-40
0.5704,1878,2092,1750,-32
0.5711,1878,2092,1750,-32
0.5715,1878,2092,1750,-32
0.5719,1878,2093,1300,-24
0.5723,1878,2093,1300,-24
0.5727,1878,2093,1300,-24
0.5731,1878,2094,1300,24
0.5735,1878,2094,1300,24
0.5739,1878,2095,1300,32
0.5742,1878,2095,1300,32
0.5746,1878,2095,1300,32
0.5750,1878,2096,1300,40
0.5754,1878,2096,1300,40
0.5758,1878,2096,1300,40
0.5762,1878,2096,1300,40
0.5765,1878,2096,1300,40
0.5769,1878,2097,1300,48
0.5773,1878,2097,1300,48
0.5778,1878,2098,1300,64
0.5781,1878,2098,1300,64
0.5785,1878,2098,1300,64
0.5789,1878,2099,1300,72
0.5792,1878,2099,1300,72
0.5796,1878,2099,1300,72
0.5800,1878,2099,1300,72
0.5803,1874,2100,1300,80
0.5811,1874,2100,1300,80
0.5815,1874,2100,1300,80
0.5819,1874,2101,1300,96
0.5823,1874,2101,1300,96
0.5827,1874,2102,1300,104
0.5830,1874,2102,1300,104
0.5835,1874,2102,1300,104
0.5838,1874,2102,1300,104
0.5842,1874,2102,1300,104
0.5846,1874,2102,1300,104
0.5850,1874,2103,1300,104
0.5854,1874,2103,1300,104
0.5857,1874,2103,1300,104
0.5861,1874,2103,1300,104
0.5865,1874,2103,1300,104
0.5869,1874,2104,1300,120
0.5873,1874,2104,1300,120
0.5877,1874,2104,1300,120
0.5881,1874,2104,1300,120
0.5885,1874,2104,1300,120
0.5889,1874,2104,1300,128
0.5893,1874,2104,1300,128
0.5896,1874,2105,1300,132
0.5900,1875,2105,1300,132
0.5908,1875,2105,1300,132
0.5911,1875,2105,1300,132
0.5915,1875,2105,600,140
0.5919,1875,2105,600,140
0.5923,1875,2105,600,140
0.5927,1875,2105,600,140
0.5931,1875,2105,600,140
0.5935,1875,2105,600,140
0.5939,1875,2106,600,156
0.5943,1875,2106,600,156
0.5946,1875,2106,600,164
0.5950,1875,2106,600,164
0.5954,1875,2106,600,164
0.5957,1875,2106,600,164
0.5961,1875,2106,600,164
0.5965,1875,2106,600,164
0.5969,1875,2106,600,172
0.5973,1875,2106,600,172
0.5977,1875,2106,600,180
0.5980,1875,2106,600,180
0.5985,1875,2106,600,180
0.5989,1875,2106,600,188
0.5992,1875,2106,600,188
0.5996,1875,2106,600,196
0.6000,1882,2106,600,196
0.6008,1882,2106,600,196
0.6012,1882,2106,600,196
0.6016,1882,2106,600,204
0.6020,1882,2106,600,204
0.6023,1882,2106,600,204
0.6027,1882,2106,600,212
0.6031,1882,2106,600,212
0.6035,1882,2106,600,212
0.6039,1882,2106,600,220
0.6043,1882,2106,600,220
0.6047,1882,2106,600,228
0.6051,1882,2106,600,228
0.6055,1882,2106,600,228
0.6059,1882,2106,600,236
0.6063,1882,2106,600,236
0.6067,1882,2106,600,244
0.6071,1882,2106,600,244
0.6075,1882,2106,600,252
0.6079,1882,2106,600,252
0.6083,1882,2106,600,252
0.6087,1882,2106,600,260
0.6091,1882,2106,600,260
0.6095,1882,2106,600,260
0.6098,1882,2106,600,260
0.6102,1895,2106,600,268
0.6109,1895,2106,600,268
0.6113,1895,2106,600,268
0.6117,1895,2106,50,276
0.6120,1895,2106,50,276
0.6125,1895,2106,50,284
0.6129,1895,2106,50,284
0.6132,1895,2106,50,284
0.6136,1895,2105,50,292
0.6139,1895,2105,50,292
0.6143,1895,2105,50,292
0.6147,1895,2105,50,300
0.6150,1895,2105,50,300
0.6155,1895,2104,50,300
0.6158,1895,2104,50,300
0.6162,1895,2104,50,300
0.6166,1895,2104,50,308
0.6169,1895,2104,50,308
0.6173,1895,2104,50,308
0.6176,1895,2103,50,316
0.6180,1895,2103,50,316
0.6184,1895,2103,50,316
0.6187,1895,2103,50,324
0.6191,1895,2103,50,324
0.6195,1895,2102,50,324
0.6198,1895,2102,50,324
0.6202,1913,2102,50,332
0.6209,1913,2102,50,332
0.6213,1913,2102,50,332
0.6216,1913,2101,50,340
0.6220,1913,2101,50,340
0.6223,1913,2101,50,340
0.6227,1913,2100,50,340
0.6231,1913,2100,50,340
0.6235,1913,2100,50,356
0.6238,1913,2100,50,356
0.6242,1913,2100,50,356
0.6246,1913,2099,50,356
0.6249,1913,2099,50,356
0.6253,1913,2099,50,356
0.6257,1913,2098,50,364
0.6260,1913,2098,50,364
0.6264,1913,2098,50,364
0.6267,1913,2098,50,372
0.6271,1913,2098,50,372
0.6275,1913,2097,50,380
0.6278,1913,2097,50,380
0.6282,1913,2097,50,380
0.6285,1913,2096,50,380
0.6289,1913,2096,50,380
0.6292,1913,2096,50,380
0.6296,1913,2096,50,396
0.6300,1935,2096,50,396
0.6307,1935,2095,50,396
0.6311,1935,2095,50,396
0.6315,1935,2094,-600,404
0.6319,1935,2094,-600,404
0.6323,1935,2094,-600,404
0.6326,1935,2093,-600,412
0.6330,1935,2093,-600,412
0.6334,1935,2092,-600,412
0.6338,1935,2092,-600,412
0.6341,1935,2092,-600,412
0.6345,1935,2091,-600,420
0.6349,1935,2091,-600,420
0.6353,1935,2091,-600,420
0.6356,1935,2090,-600,428
0.6360,1935,2090,-600,428
0.6365,1935,2089,-600,428
0.6369,1935,2089,-600,428
0.6375,1935,2088,-600,436
0.6379,1935,2088,-600,436
0.6383,1935,2088,-600,436
0.6386,1935,2087,-600,444
0.6391,1935,2087,-600,444
0.6395,1935,2086,-600,452
0.6399,1935,2086,-600,452
0.6403,1963,2085,-600,460
0.6411,1963,2085,-600,460
0.6415,1963,2084,-600,468
0.6419,1963,2084,-600,468
0.6423,1963,2084,-600,468
0.6427,1963,2083,-600,468
0.6431,1963,2083,-600,468
0.6435,1963,2082,-600,476
0.6439,1963,2082,-600,476
0.6443,1963,2082,-600,476
0.6447,1963,2081,-600,484
0.6450,1963,2081,-600,484
0.6455,1963,2080,-600,492
0.6459,1963,2080,-600,492
0.6462,1963,2080,-600,492
0.6466,1963,2078,-600,492
0.6470,1963,2078,-600,492
0.6474,1963,2077,-600,500
0.6478,1963,2077,-600,500
0.6482,1963,2077,-600,500
0.6486,1963,2076,-600,508
0.6490,1963,2076,-600,508
0.6494,1963,2075,-600,496
0.6498,1963,2075,-600,496
0.6502,1992,2074,-600,504
0.6509,1992,2074,-600,504
0.6513,1992,2072,-1100,504
0.6517,1992,2072,-1100,504
0.6521,1992,2072,-1100,504
0.6525,1992,2071,-1100,512
0.6529,1992,2071,-1100,512
0.6532,1992,2071,-1100,512
0.6536,1992,2070,-1100,512
0.6540,1992,2070,-1100,512
0.6545,1992,2068,-1100,512
0.6549,1992,2068,-1100,512
0.6553,1992,2067,-1100,520
0.6557,1992,2067,-1100,520
0.6561,1992,2067,-1100,520
0.6565,1992,2066,-1100,520
0.6569,1992,2066,-1100,520
0.6572,1992,2066,-1100,520
0.6576,1992,2064,-1100,520
0.6580,1992,2064,-1100,520
0.6585,1992,2063,-1100,520
0.6589,1992,2063,-1100,520
0.6593,1992,2061,-1100,520
0.6597,1992,2061,-1100,520
0.6601,2023,2060,-1100,520
0.6609,2023,2060,-1100,520
0.6613,2023,2058,-1100,520
0.6617,2023,2058,-1100,520
0.6621,2023,2058,-1100,520
0.6625,2023,2057,-1100,520
0.6629,2023,2057,-1100,520
0.6633,2023,2055,-1100,520
0.6637,2023,2055,-1100,520
0.6641,2023,2055,-1100,520
0.6645,2023,2054,-1100,520
0.6649,2023,2054,-1100,520
0.6653,2023,2052,-1100,512
0.6657,2023,2052,-1100,512
0.6661,2023,2052,-1100,512
0.6666,2023,2051,-1100,520
0.6670,2023,2051,-1100,520
0.6673,2023,2049,-1100,512
0.6677,2023,2049,-1100,512
0.6681,2023,2049,-1100,512
0.6685,2023,2048,-1100,512
0.6689,2023,2048,-1100,512
0.6692,2023,2046,-1100,464
0.6696,2023,2046,-1100,464
0.6701,2055,2044,-1100,456
0.6708,2055,2044,-1100,456
0.6712,2055,2043,-1450,456
0.6716,2055,2043,-1450,456
0.6720,2055,2043,-1450,456
0.6724,2055,2041,-1450,448
0.6727,2055,2041,-1450,448
0.6731,2055,2041,-1450,448
0.6735,2055,2040,-1450,448
0.6739,2055,2040,-1450,448
0.6743,2055,2038,-1450,448
0.6747,2055,2038,-1450,448
0.6750,2055,2038,-1450,448
0.6755,2055,2036,-1450,440
0.6759,2055,2036,-1450,440
0.6762,2055,2034,-1450,432
0.6766,2055,2034,-1450,432
0.6770,2055,2034,-1450,432
0.6774,2055,2033,-1450,432
0.6778,2055,2033,-1450,432
0.6781,2055,2031,-1450,424
0.6785,2055,2031,-1450,424
0.6789,2055,2031,-1450,424
0.6793,2055,2030,-1450,424
0.6796,2055,2030,-1450,424
0.6800,2087,2028,-1450,416
0.6807,2087,2028,-1450,416
0.6811,2087,2028,-1450,416
0.6815,2087,2027,-1450,416
0.6818,2087,2027,-1450,416
0.6822,2087,2025,-1450,408
0.6826,2087,2025,-1450,408
0.6829,2087,2025,-1450,408
0.6833,2087,2023,-1450,400
0.6837,2087,2023,-1450,400
0.6840,2087,2023,-1450,400
0.6845,2087,2022,-1450,400
0.6849,2087,2022,-1450,400
0.6852,2087,2020,-1450,392
0.6856,2087,2020,-1450,392
0.6860,2087,2020,-1450,392
0.6864,2087,2019,-1450,384
0.6867,2087,2019,-1450,384
0.6871,2087,2017,-1450,376
0.6875,2087,2017,-1450,376
0.6879,2087,2017,-1450,376
0.6883,2087,2015,-1450,368
0.6887,2087,2015,-1450,368
0.6891,2087,2014,-1450,312
0.6895,2087,2014,-1450,312
0.6899,2087,2014,-1450,312
0.6902,2117,2012,-1450,296
0.6909,2117,2012,-1450,296
0.6913,2117,2011,-1600,296
0.6917,2117,2011,-1600,296
0.6920,2117,2011,-1600,296
0.6925,2117,2009,-1600,288
0.6929,2117,2009,-1600,288
0.6933,2117,2007,-1600,280
0.6937,2117,2007,-1600,280
0.6941,2117,2006,-1600,272
0.6945,2117,2006,-1600,272
0.6949,2117,2006,-1600,272
0.6952,2117,2005,-1600,272
0.6956,2117,2005,-1600,272
0.6960,2117,2005,-1600,272
0.6963,2117,2003,-1600,256
0.6967,2117,2003,-1600,256
0.6971,2117,2002,-1600,256
0.6975,2117,2002,-1600,256
0.6979,2117,2002,-1600,256
0.6982,2117,2001,-1600,248
0.6987,2117,2001,-1600,248
0.6991,2117,1999,-1600,240
0.6995,2117,1999,-1600,240
0.6999,2117,1999,-1600,240
0.7003,2145,1997,-1600,224
0.7010,2145,1997,-1600,224
0.7014,2145,1996,-1600,224
0.7018,2145,1996,-1600,224
0.7022,2145,1994,-1600,208
0.7025,2145,1994,-1600,208
0.7029,2145,1994,-1600,208
0.7033,2145,1993,-1600,208
0.7037,2145,1993,-1600,208
0.7040,2145,1992,-1600,200
0.7045,2145,1992,-1600,200
0.7049,2145,1992,-1600,200
0.7052,2145,1991,-1600,192
0.7056,2145,1991,-1600,192
0.7060,2145,1991,-1600,192
0.7064,2145,1989,-1600,184
0.7067,2145,1989,-1600,184
0.7071,2145,1988,-1600,176
0.7075,2145,1988,-1600,176
0.7079,2145,1988,-1600,176
0.7082,2145,1987,-1600,168
0.7087,2145,1987,-1600,168
0.7090,2145,1985,-1600,132
0.7094,2145,1985,-1600,132
0.7097,2145,1985,-1600,132
0.7101,2169,1984,-1600,124
0.7109,2169,1984,-1600,124
0.7113,2169,1983,-1400,116
0.7116,2169,1983,-1400,116
0.7120,2169,1982,-1400,108
0.7123,2169,1982,-1400,108
0.7127,2169,1982,-1400,108
0.7131,2169,1981,-1400,100
0.7135,2169,1981,-1400,100
0.7138,2169,1981,-1400,100
0.7142,2169,1980,-1400,100
0.7146,2169,1980,-1400,100
0.7150,2169,1979,-1400,92
0.7153,2169,1979,-1400,92
0.7157,2169,1979,-1400,92
0.7161,2169,1978,-1400,84
0.7165,2169,1978,-1400,84
0.7169,2169,1978,-1400,84
0.7172,2169,1977,-1400,76
0.7176,2169,1977,-1400,76
0.7180,2169,1976,-1400,68
0.7184,2169,1976,-1400,68
0.7188,2169,1976,-1400,68
0.7192,2169,1975,-1400,60
0.7195,2169,1975,-1400,60
0.7199,2169,1975,-1400,60
0.7202,2189,1974,-1400,44
0.7209,2189,1973,-1400,36
0.7213,2189,1973,-1400,36
0.7216,2189,1973,-1400,36
0.7220,2189,1972,-1400,28
0.7224,2189,1972,-1400,28
0.7228,2189,1972,-1400,28
0.7232,2189,1971,-1400,20
0.7235,2189,1971,-1400,20
0.7239,2189,1970,-1400,-20
0.7243,2189,1970,-1400,-20
0.7246,2189,1970,-1400,-20
0.7250,2189,1969,-1400,-28
0.7255,2189,1969,-1400,-28
0.7259,2189,1969,-1400,-36
0.7263,2189,1969,-1400,-36
0.7267,2189,1969,-1400,-36
0.7270,2189,1968,-1400,-44
0.7275,2189,1968,-1400,-44
0.7279,2189,1968,-1400,-44
0.7282,2189,1967,-1400,-52
0.7286,2189,1967,-1400,-52
0.7290,2189,1966,-1400,-76
0.7294,2189,1966,-1400,-76
0.7298,2189,1966,-1400,-76
0.7301,2203,1966,-1400,-76
0.7309,2203,1965,-900,-84
0.7313,2203,1965,-900,-84
0.7316,2203,1965,-900,-84
0.7320,2203,1965,-900,-92
0.7324,2203,1965,-900,-92
0.7327,2203,1965,-900,-92
0.7331,2203,1964,-900,-100
0.7335,2203,1964,-900,-100
0.7339,2203,1964,-900,-100
0.7343,2203,1964,-900,-100
0.7346,2203,1964,-900,-100
0.7350,2203,1963,-900,-100
0.7354,2203,1963,-900,-100
0.7358,2203,1963,-900,-100
0.7362,2203,1963,-900,-108
0.7365,2203,1963,-900,-108
0.7369,2203,1962,-900,-116
0.7373,2203,1962,-900,-116
0.7376,2203,1962,-900,-116
0.7380,2203,1962,-900,-124
0.7384,2203,1962,-900,-124
0.7388,2203,1962,-900,-124
0.7391,2203,1962,-900,-124
0.7395,2203,1962,-900,-124
0.7399,2203,1961,-900,-140
0.7403,2212,1961,-900,-140
0.7411,2212,1961,-900,-148
0.7415,2212,1961,-900,-148
0.7419,2212,1961,-900,-148
0.7423,2212,1961,-900,-148
0.7426,2212,1961,-900,-148
0.7430,2212,1961,-900,-156
0.7434,2212,1961,-900,-156
0.7438,2212,1961,-900,-156
0.7442,2212,1960,-900,-172
0.7445,2212,1960,-900,-172
0.7449,2212,1960,-900,-172
0.7453,2212,1960,-900,-172
0.7456,2212,1960,-900,-172
0.7460,2212,1960,-900,-180
0.7464,2212,1960,-900,-180
0.7468,2212,1960,-900,-188
0.7472,2212,1960,-900,-188
0.7475,2212,1960,-900,-188
0.7479,2212,1960,-900,-196
0.7483,2212,1960,-900,-196
0.7487,2212,1960,-900,-196
0.7491,2212,1960,-900,-184
0.7495,2212,1960,-900,-184
0.7499,2212,1960,-900,-184
0.7503,2215,1960,-900,-184
0.7510,2215,1960,-250,-192
0.7515,2215,1960,-250,-192
0.7518,2215,1960,-250,-200
0.7523,2215,1960,-250,-200
0.7526,2215,1960,-250,-200
0.7530,2215,1960,-250,-208
0.7534,2215,1960,-250,-208
0.7538,2215,1960,-250,-216
0.7541,2215,1960,-250,-216
0.7545,2215,1960,-250,-216
0.7549,2215,1960,-250,-224
0.7553,2215,1960,-250,-224
0.7558,2215,1960,-250,-232
0.7562,2215,1960,-250,-232
0.7566,2215,1960,-250,-232
0.7569,2215,1960,-250,-240
0.7573,2215,1960,-250,-240
0.7577,2215,1960,-250,-240
0.7581,2215,1960,-250,-248
0.7585,2215,1960,-250,-248
0.7589,2215,1960,-250,-256
0.7593,2215,1960,-250,-256
0.7596,2215,1960,-250,-256
0.7600,2212,1960,-250,-264
0.7608,2212,1960,-250,-280
0.7611,2212,1960,-250,-280
0.7615,2212,1960,-250,-280
0.7618,2212,1960,-250,-288
0.7622,2212,1960,-250,-288
0.7626,2212,1960,-250,-288
0.7630,2212,1960,-250,-296
0.7633,2212,1960,-250,-296
0.7637,2212,1961,-250,-296
0.7641,2212,1961,-250,-296
0.7645,2212,1961,-250,-296
0.7649,2212,1961,-250,-304
0.7653,2212,1961,-250,-304
0.7657,2212,1961,-250,-304
0.7660,2212,1961,-250,-320
0.7665,2212,1961,-250,-320
0.7669,2212,1962,-250,-320
0.7672,2212,1962,-250,-320
0.7676,2212,1962,-250,-320
0.7680,2212,1963,-250,-320
0.7684,2212,1963,-250,-320
0.7688,2212,1963,-250,-348
0.7691,2212,1963,-250,-348
0.7695,2212,1963,-250,-348
0.7699,2212,1964,-250,-348
0.7703,2202,1964,-250,-348
0.7710,2202,1964,200,-356
0.7715,2202,1964,200,-356
0.7719,2202,1965,200,-364
0.7723,2202,1965,200,-364
0.7726,2202,1965,200,-364
0.7730,2202,1965,200,-372
0.7734,2202,1965,200,-372
0.7738,2202,1966,200,-380
0.7741,2202,1966,200,-380
0.7745,2202,1966,200,-380
0.7749,2202,1967,200,-380
0.7753,2202,1967,200,-380
0.7757,2202,1968,200,-388
0.7760,2202,1968,200,-388
0.7765,2202,1968,200,-388
0.7769,2202,1968,200,-396
0.7773,2202,1968,200,-396
0.7777,2202,1969,200,-404
0.7781,2202,1969,200,-404
0.7785,2202,1969,200,-404
0.7789,2202,1970,200,-404
0.7793,2202,1970,200,-404
0.7796,2202,1971,200,-412
0.7800,2188,1971,200,-412
0.7807,2188,1971,200,-428
0.7811,2188,1971,200,-428
0.7815,2188,1971,200,-428
0.7819,2188,1972,200,-428
0.7823,2188,1972,200,-428
0.7827,2188,1973,200,-436
0.7831,2188,1973,200,-436
0.7835,2188,1973,200,-436
0.7838,2188,1974,200,-444
0.7842,2188,1974,200,-444
0.7846,2188,1975,200,-452
0.7850,2188,1975,200,-452
0.7854,2188,1975,200,-452
0.7858,2188,1976,200,-452
0.7862,2188,1976,200,-452
0.7865,2188,1976,200,-452
0.7869,2188,1977,200,-460
0.7873,2188,1977,200,-460
0.7877,2188,1978,200,-468
0.7881,2188,1978,200,-468
0.7885,2188,1978,200,-468
0.7889,2188,1979,200,-464
0.7893,2188,1979,200,-464
0.7896,2188,1980,200,-472
0.7900,2168,1980,200,-472
0.7908,2168,1981,850,-480
0.7911,2168,1981,850,-480
0.7915,2168,1981,850,-480
0.7919,2168,1982,850,-488
0.7923,2168,1982,850,-488
0.7927,2168,1983,850,-496
0.7931,2168,1983,850,-496
0.7935,2168,1983,850,-496
0.7938,2168,1984,850,-496
0.7942,2168,1984,850,-496
0.7946,2168,1985,850,-504
0.7949,2168,1985,850,-504
0.7953,2168,1985,850,-504
0.7956,2168,1987,850,-512
0.7960,2168,1987,850,-512
0.7964,2168,1987,850,-512
0.7967,2168,1988,850,-520
0.7971,2168,1988,850,-520
0.7975,2168,1988,850,-520
0.7978,2168,1989,850,-528
0.7982,2168,1989,850,-528
0.7985,2168,1991,850,-528
0.7989,2168,1991,850,-528
0.7993,2168,1991,850,-528
0.7996,2168,1992,850,-536
0.8000,2168,1992,850,-536
0.8004,2143,1993,850,-544
0.8011,2143,1993,850,-544
0.8015,2143,1994,850,-552
0.8019,2143,1994,850,-552
0.8023,2143,1994,850,-552
0.8027,2143,1996,850,-552
0.8030,2143,1996,850,-552
0.8035,2143,1997,850,-560
0.8039,2143,1997,850,-560
0.8043,2143,1997,850,-560
0.8046,2143,1998,850,-568
0.8050,2143,1998,850,-568
0.8054,2143,1998,850,-568
0.8057,2143,2000,850,-568
0.8061,2143,2000,850,-568
0.8065,2143,2000,850,-568
0.8068,2143,2001,850,-576
0.8072,2143,2001,850,-576
0.8075,2143,2003,850,-576
0.8079,2143,2003,850,-576
0.8082,2143,2003,850,-576
0.8086,2143,2004,850,-580
0.8089,2143,2004,850,-580
0.8093,2143,2004,850,-580
0.8096,2143,2006,850,-580
0.8100,2117,2006,850,-580
0.8107,2117,2007,1300,-588
0.8111,2117,2007,1300,-588
0.8115,2117,2009,1300,-588
0.8118,2117,2009,1300,-588
0.8122,2117,2009,1300,-588
0.8125,2117,2011,1300,-588
0.8129,2117,2011,1300,-588
0.8133,2117,2011,1300,-588
0.8136,2117,2012,1300,-596
0.8140,2117,2012,1300,-596
0.8143,2117,2012,1300,-596
0.8147,2117,2014,1300,-596
0.8151,2117,2014,1300,-596
0.8155,2117,2015,1300,-596
0.8158,2117,2015,1300,-596
0.8162,2117,2015,1300,-596
0.8166,2117,2017,1300,-596
0.8170,2117,2017,1300,-596
0.8173,2117,2017,1300,-596
0.8177,2117,2019,1300,-596
0.8181,2117,2019,1300,-596
0.8185,2117,2020,1300,-600
0.8189,2117,2020,1300,-600
0.8193,2117,2020,1300,-600
0.8197,2117,2022,1300,-596
0.8201,2086,2024,1300,-596
0.8209,2086,2024,1300,-596
0.8212,2086,2024,1300,-596
0.8216,2086,2025,1300,-600
0.8219,2086,2025,1300,-600
0.8223,2086,2025,1300,-600
0.8227,2086,2027,1300,-596
0.8230,2086,2027,1300,-596
0.8234,2086,2027,1300,-596
0.8237,2086,2029,1300,-596
0.8241,2086,2029,1300,-596
0.8245,2086,2031,1300,-588
0.8248,2086,2031,1300,-588
0.8252,2086,2031,1300,-588
0.8256,2086,2032,1300,-596
0.8259,2086,2032,1300,-596
0.8263,2086,2032,1300,-596
0.8268,2086,2034,1300,-588
0.8271,2086,2034,1300,-588
0.8275,2086,2036,1300,-588
0.8279,2086,2036,1300,-588
0.8282,2086,2036,1300,-588
0.8286,2086,2038,1300,-520
0.8290,2086,2038,1300,-520
0.8294,2086,2040,1300,-520
0.8297,2086,2040,1300,-520
0.8301,2054,2042,1750,-512
0.8308,2054,2042,1750,-512
0.8312,2054,2042,1750,-512
0.8316,2054,2044,1750,-504
0.8319,2054,2044,1750,-504
0.8323,2054,2044,1750,-504
0.8327,2054,2045,1750,-512
0.8330,2054,2045,1750,-512
0.8334,2054,2047,1750,-504
0.8338,2054,2047,1750,-504
0.8341,2054,2047,1750,-504
0.8345,2054,2049,1750,-496
0.8349,2054,2049,1750,-496
0.8352,2054,2049,1750,-496
0.8357,2054,2051,1750,-496
0.8360,2054,2051,1750,-496
0.8365,2054,2053,1750,-488
0.8368,2054,2053,1750,-488
0.8372,2054,2053,1750,-488
0.8376,2054,2055,1750,-480
0.8380,2054,2055,1750,-480
0.8384,2054,2057,1750,-472
0.8387,2054,2057,1750,-472
0.8391,2054,2057,1750,-472
0.8395,2054,2059,1750,-464
0.8399,2054,2059,1750,-464
0.8403,2022,2061,1750,-464
0.8410,2022,2061,1750,-464
0.8414,2022,2063,1750,-456
0.8417,2022,2063,1750,-456
0.8421,2022,2063,1750,-456
0.8425,2022,2064,1750,-456
0.8429,2022,2064,1750,-456
0.8433,2022,2064,1750,-456
0.8436,2022,2066,1750,-448
0.8440,2022,2066,1750,-448
0.8443,2022,2068,1750,-440
0.8447,2022,2068,1750,-440
0.8451,2022,2068,1750,-440
0.8455,2022,2069,1750,-440
0.8458,2022,2069,1750,-440
0.8462,2022,2069,1750,-440
0.8466,2022,2071,1750,-432
0.8469,2022,2071,1750,-432
0.8473,2022,2073,1750,-424
0.8477,2022,2073,1750,-424
0.8481,2022,2073,1750,-424
0.8485,2022,2075,1750,-364
0.8488,2022,2075,1750,-364
0.8492,2022,2075,1750,-364
0.8496,2022,2077,1750,-356
0.8499,2022,2077,1750,-356
0.8503,1990,2079,1850,-348
0.8511,1990,2079,1850,-348
0.8515,1990,2081,1850,-332
0.8519,1990,2081,1850,-332
0.8523,1990,2082,1850,-332
0.8526,1990,2082,1850,-332
0.8530,1990,2082,1850,-332
0.8534,1990,2084,1850,-324
0.8537,1990,2084,1850,-324
0.8541,1990,2084,1850,-324
0.8545,1990,2086,1850,-316
0.8549,1990,2086,1850,-316
0.8553,1990,2087,1850,-316
0.8556,1990,2087,1850,-316
0.8560,1990,2087,1850,-316
0.8565,1990,2089,1850,-300
0.8569,1990,2089,1850,-300
0.8572,1990,2089,1850,-300
0.8576,1990,2091,1850,-292
0.8580,1990,2091,1850,-292
0.8584,1990,2092,1850,-292
0.8587,1990,2092,1850,-292
0.8591,1990,2092,1850,-292
0.8595,1990,2094,1850,-276
0.8599,1990,2094,1850,-276
0.8603,1961,2095,1850,-276
0.8610,1961,2095,1850,-276
0.8613,1961,2097,1850,-268
0.8617,1961,2097,1850,-268
0.8621,1961,2097,1850,-268
0.8625,1961,2099,1850,-252
0.8629,1961,2099,1850,-252
0.8632,1961,2100,1850,-252
0.8636,1961,2100,1850,-252
0.8640,1961,2100,1850,-252
0.8644,1961,2102,1850,-236
0.8648,1961,2102,1850,-236
0.8652,1961,2102,1850,-236
0.8655,1961,2103,1850,-236
0.8659,1961,2103,1850,-236
0.8663,1961,2105,1850,-220
0.8667,1961,2105,1850,-220
0.8670,1961,2105,1850,-220
0.8674,1961,2106,1850,-220
0.8678,1961,2106,1850,-220
0.8682,1961,2108,1850,-176
0.8686,1961,2108,1850,-176
0.8690,1961,2108,1850,-176
0.8693,1961,2109,1850,-176
0.8697,1961,2109,1850,-176
0.8701,1935,2111,1600,-160
0.8708,1935,2111,1600,-160
0.8712,1935,2112,1600,-152
0.8716,1935,2112,1600,-152
0.8719,1935,2112,1600,-152
0.8723,1935,2113,1600,-152
0.8726,1935,2113,1600,-152
0.8730,1935,2113,1600,-152
0.8734,1935,2115,1600,-136
0.8738,1935,2115,1600,-136
0.8742,1935,2116,1600,-128
0.8746,1935,2116,1600,-128
0.8750,1935,2116,1600,-128
0.8753,1935,2117,1600,-128
0.8758,1935,2117,1600,-128
0.8761,1935,2118,1600,-120
0.8765,1935,2118,1600,-120
0.8769,1935,2118,1600,-120
0.8773,1935,2119,1600,-112
0.8777,1935,2119,1600,-112
0.8781,1935,2121,1600,-96
0.8785,1935,2121,1600,-96
0.8789,1935,2121,1600,-96
0.8793,1935,2122,1600,-88
0.8796,1935,2122,1600,-88
0.8800,1912,2123,1600,-80
0.8808,1912,2123,1600,-80
0.8811,1912,2124,1600,-80
0.8815,1912,2124,1600,-80
0.8819,1912,2124,1600,-80
0.8823,1912,2125,1600,-72
0.8827,1912,2125,1600,-72
0.8831,1912,2125,1600,-72
0.8835,1912,2126,1600,-64
0.8839,1912,2126,1600,-64
0.8843,1912,2127,1600,-56
0.8847,1912,2127,1600,-56
0.8851,1912,2127,1600,-56
0.8855,1912,2128,1600,-40
0.8858,1912,2128,1600,-40
0.8862,1912,2129,1600,-32
0.8866,1912,2129,1600,-32
0.8870,1912,2129,1600,-32
0.8873,1912,2131,1600,0
0.8877,1912,2131,1600,0
0.8882,1912,2131,1600,0
0.8885,1912,2131,1600,0
0.8889,1912,2131,1600,0
0.8893,1912,2132,1600,24
0.8897,1912,2132,1600,24
0.8901,1894,2133,1100,32
0.8909,1894,2133,1100,32
0.8913,1894,2134,1100,48
0.8916,1894,2134,1100,48
0.8920,1894,2134,1100,48
0.8925,1894,2135,1100,56
0.8929,1894,2135,1100,56
0.8933,1894,2136,1100,64
0.8937,1894,2136,1100,64
0.8941,1894,2136,1100,64
0.8945,1894,2136,1100,64
0.8949,1894,2136,1100,64
0.8953,1894,2137,1100,80
0.8957,1894,2137,1100,80
0.8961,1894,2138,1100,88
0.8965,1894,2138,1100,88
0.8969,1894,2138,1100,88
0.8973,1894,2138,1100,88
0.8977,1894,2138,1100,88
0.8981,1894,2139,1100,96
0.8985,1894,2139,1100,96
0.8989,1894,2139,1100,96
0.8993,1894,2139,1100,96
0.8997,1894,2139,1100,96
0.9000,1882,2140,1100,104
0.9008,1882,2140,1100,104
0.9012,1882,2140,1100,104
0.9016,1882,2140,1100,104
0.9020,1882,2140,1100,104
0.9023,1882,2141,1100,120
0.9027,1882,2141,1100,120
0.9031,1882,2141,1100,120
0.9035,1882,2141,1100,120
0.9039,1882,2141,1100,120
0.9042,1882,2141,1100,128
0.9046,1882,2141,1100,128
0.9050,1882,2141,1100,128
0.9053,1882,2141,1100,128
0.9057,1882,2141,1100,128
0.9061,1882,2142,1100,144
0.9065,1882,2142,1100,144
0.9069,1882,2142,1100,144
0.9073,1882,2142,1100,152
0.9077,1882,2142,1100,152
0.9080,1882,2142,1100,140
0.9085,1882,2142,1100,140
0.9089,1882,2142,1100,140
0.9093,1882,2142,1100,148
0.9096,1882,2142,1100,148
0.9100,1875,2142,450,156
0.9107,1875,2142,450,156
0.9111,1875,2142,450,156
0.9115,1875,2142,450,156
0.9119,1875,2142,450,156
0.9123,1875,2142,450,164
0.9127,1875,2142,450,164
0.9131,1875,2142,450,172
0.9135,1875,2142,450,172
0.9139,1875,2142,450,172
0.9143,1875,2143,450,188
0.9146,1875,2143,450,188
0.9150,1875,2143,450,196
0.9155,1875,2143,450,196
0.9159,1875,2143,450,196
0.9162,1875,2143,450,196
0.9166,1875,2143,450,196
0.9170,1875,2143,450,204
0.9174,1875,2143,450,204
0.9177,1875,2143,450,204
0.9181,1875,2143,450,212
0.9185,1875,2143,450,212
0.9189,1875,2143,450,220
0.9193,1875,2143,450,220
0.9197,1875,2143,450,220
0.9200,1874,2143,450,228
0.9207,1874,2143,450,228
0.9211,1874,2143,450,236
0.9215,1874,2143,450,236
0.9219,1874,2143,450,244
0.9223,1874,2143,450,244
0.9227,1874,2143,450,244
0.9230,1874,2143,450,252
0.9235,1874,2143,450,252
0.9239,1874,2143,450,260
0.9243,1874,2143,450,260
0.9247,1874,2143,450,260
0.9250,1874,2143,450,268
0.9255,1874,2143,450,268
0.9258,1874,2143,450,268
0.9262,1874,2143,450,276
0.9266,1874,2143,450,276
0.9270,1874,2143,450,292
0.9274,1874,2143,450,292
0.9277,1874,2143,450,292
0.9281,1874,2143,450,312
0.9285,1874,2143,450,312
0.9289,1874,2143,450,320
0.9293,1874,2143,450,320
0.9296,1874,2143,450,320
0.9300,1879,2143,50,328
0.9309,1879,2142,50,328
0.9312,1879,2142,50,328
0.9316,1879,2142,50,328
0.9320,1879,2142,50,344
0.9323,1879,2142,50,344
0.9327,1879,2142,50,344
0.9331,1879,2141,50,344
0.9335,1879,2141,50,344
0.9338,1879,2141,50,352
0.9342,1879,2141,50,352
0.9346,1879,2141,50,352
0.9350,1879,2140,50,360
0.9354,1879,2140,50,360
0.9358,1879,2140,50,360
0.9361,1879,2140,50,368
0.9365,1879,2140,50,368
0.9368,1879,2139,50,368
0.9372,1879,2139,50,368
0.9376,1879,2139,50,368
0.9380,1879,2138,50,376
0.9384,1879,2138,50,376
0.9387,1879,2138,50,376
0.9391,1879,2138,50,384
0.9395,1879,2138,50,384
0.9399,1879,2137,50,392
0.9403,1890,2137,50,392
0.9410,1890,2136,50,392
0.9414,1890,2136,50,392
0.9418,1890,2136,50,392
0.9421,1890,2136,50,408
0.9425,1890,2136,50,408
0.9429,1890,2135,50,408
0.9433,1890,2135,50,408
0.9437,1890,2135,50,408
0.9440,1890,2134,50,416
0.9445,1890,2134,50,416
0.9449,1890,2133,50,424
0.9452,1890,2133,50,424
0.9456,1890,2133,50,424
0.9460,1890,2132,50,424
0.9464,1890,2132,50,424
0.9468,1890,2131,50,432
0.9472,1890,2131,50,432
0.9475,1890,2131,50,432
0.9479,1890,2131,50,424
0.9483,1890,2131,50,424
0.9487,1890,2131,50,424
0.9491,1890,2130,50,432
0.9495,1890,2130,50,432
0.9499,1890,2128,-750,432
0.9503,1906,2128,-750,432
0.9510,1906,2127,-750,440
0.9513,1906,2127,-750,440
0.9517,1906,2127,-750,448
0.9521,1906,2127,-750,448
0.9525,1906,2127,-750,448
0.9529,1906,2126,-750,456
0.9533,1906,2126,-750,456
0.9537,1906,2126,-750,456
0.9541,1906,2125,-750,464
0.9545,1906,2125,-750,464
0.9549,1906,2124,-750,472
0.9552,1906,2124,-750,472
0.9556,1906,2124,-750,472
0.9560,1906,2122,-750,472
0.9565,1906,2122,-750,472
0.9569,1906,2121,-750,480
0.9573,1906,2121,-750,480
0.9576,1906,2121,-750,480
0.9580,1906,2120,-750,488
0.9584,1906,2120,-750,488
0.9588,1906,2119,-750,496
0.9591,1906,2119,-750,496
0.9595,1906,2119,-750,496
0.9599,1906,2118,-750,504
0.9603,1928,2118,-750,504
0.9610,1928,2117,-750,512
0.9614,1928,2117,-750,512
0.9618,1928,2115,-750,512
0.9622,1928,2115,-750,512
0.9625,1928,2115,-750,512
0.9629,1928,2114,-750,520
0.9633,1928,2114,-750,520
0.9636,1928,2114,-750,520
0.9640,1928,2113,-750,528
0.9644,1928,2113,-750,528
0.9648,1928,2112,-750,536
0.9652,1928,2112,-750,536
0.9655,1928,2112,-750,536
0.9659,1928,2110,-750,536
0.9663,1928,2110,-750,536
0.9667,1928,2109,-750,544
0.9671,1928,2109,-750,544
0.9675,1928,2109,-750,544
0.9679,1928,2107,-750,540
0.9682,1928,2107,-750,540
0.9686,1928,2107,-750,540
0.9690,1928,2106,-750,556
0.9693,1928,2106,-750,556
0.9697,1928,2105,-1150,564
0.9701,1953,2105,-1150,564
0.9709,1953,2103,-1150,564
0.9712,1953,2103,-1150,564
0.9716,1953,2103,-1150,564
0.9720,1953,2102,-1150,572
0.9724,1953,2102,-1150,572
0.9728,1953,2100,-1150,572
0.9731,1953,2100,-1150,572
0.9735,1953,2100,-1150,572
0.9739,1953,2099,-1150,588
0.9743,1953,2099,-1150,588
0.9747,1953,2098,-1150,596
0.9750,1953,2098,-1150,596
0.9755,1953,2098,-1150,596
0.9759,1953,2096,-1150,596
0.9762,1953,2096,-1150,596
0.9766,1953,2094,-1150,596
0.9770,1953,2094,-1150,596
0.9775,1953,2094,-1150,596
0.9779,1953,2093,-1150,600
0.9783,1953,2093,-1150,600
0.9786,1953,2091,-1150,600
0.9790,1953,2091,-1150,600
0.9795,1953,2091,-1150,600
0.9799,1953,2090,-1150,600
0.9802,1982,2090,-1150,600
0.9810,1982,2088,-1150,600
0.9813,1982,2088,-1150,600
0.9818,1982,2086,-1150,600
0.9821,1982,2086,-1150,600
0.9825,1982,2086,-1150,600
0.9829,1982,2085,-1150,600
0.9833,1982,2085,-1150,600
0.9837,1982,2083,-1150,600
0.9841,1982,2083,-1150,600
0.9845,1982,2083,-1150,600
0.9849,1982,2081,-1150,600
0.9852,1982,2081,-1150,600
0.9856,1982,2080,-1150,600
0.9860,1982,2080,-1150,600
0.9864,1982,2080,-1150,600
0.9868,1982,2078,-1150,600
0.9872,1982,2078,-1150,600
0.9875,1982,2078,-1150,600
0.9879,1982,2076,-1150,600
0.9883,1982,2076,-1150,600
0.9887,1982,2074,-1150,600
0.9890,1982,2074,-1150,600
0.9895,1982,2074,-1150,600
0.9898,1982,2073,-1600,600
0.9902,2013,2071,-1600,600
0.9909,2013,2071,-1600,600
0.9913,2013,2071,-1600,600
0.9917,2013,2069,-1600,600
0.9921,2013,2069,-1600,600
0.9925,2013,2069,-1600,600
0.9929,2013,2067,-1600,600
0.9933,2013,2067,-1600,600
0.9936,2013,2065,-1600,600
0.9940,2013,2065,-1600,600
0.9945,2013,2065,-1600,600
0.9948,2013,2064,-1600,600
0.9952,2013,2064,-1600,600
0.9956,2013,2062,-1600,600
0.9960,2013,2062,-1600,600
0.9964,2013,2062,-1600,600
0.9968,2013,2060,-1600,600
0.9972,2013,2060,-1600,600
0.9975,2013,2058,-1600,596
0.9979,2013,2058,-1600,596
0.9983,2013,2058,-1600,596
0.9987,2013,2056,-1600,596
0.9991,2013,2056,-1600,596
0.9995,2013,2056,-1600,596
0.9998,2013,2054,-1600,596
1.0002,2045,2052,-1600,588
1.0009,2045,2052,-1600,588
1.0013,2045,2052,-1600,588
1.0017,2045,2050,-1600,580
1.0021,2045,2050,-1600,580
1.0025,2045,2048,-1600,580
1.0029,2045,2048,-1600,580
1.0033,2045,2048,-1600,580
1.0036,2045,2046,-1600,572
1.0040,2045,2046,-1600,572
1.0044,2045,2046,-1600,572
1.0047,2045,2044,-1600,572
1.0051,2045,2044,-1600,572
1.0055,2045,2042,-1600,564
1.0059,2045,2042,-1600,564
1.0063,2045,2042,-1600,564
1.0067,2045,2040,-1600,556
1.0071,2045,2040,-1600,556
1.0075,2045,2038,-1600,484
1.0079,2045,2038,-1600,484
1.0083,2045,2038,-1600,484
1.0086,2045,2036,-1600,476
1.0090,2045,2036,-1600,476
1.0095,2045,2034,-1950,468
1.0099,2045,2034,-1950,468
1.0103,2077,2033,-1950,476
1.0110,2077,2033,-1950,476
1.0113,2077,2033,-1950,476
1.0117,2077,2031,-1950,468
1.0121,2077,2031,-1950,468
1.0125,2077,2029,-1950,460
1.0129,2077,2029,-1950,460
1.0133,2077,2029,-1950,460
1.0136,2077,2027,-1950,452
1.0140,2077,2027,-1950,452
1.0145,2077,2025,-1950,444
1.0149,2077,2025,-1950,444
1.0152,2077,2025,-1950,444
1.0156,2077,2023,-1950,436
1.0160,2077,2023,-1950,436
1.0165,2077,2021,-1950,436
1.0169,2077,2021,-1950,436
1.0173,2077,2021,-1950,436
1.0177,2077,2019,-1950,428
1.0181,2077,2019,-1950,428
1.0185,2077,2017,-1950,420
1.0189,2077,2017,-1950,420
1.0193,2077,2017,-1950,420
1.0196,2077,2015,-1950,412
1.0200,2107,2015,-1950,412
1.0208,2107,2013,-1950,404
1.0212,2107,2013,-1950,404
1.0216,2107,2011,-1950,396
1.0220,2107,2011,-1950,396
1.0223,2107,2011,-1950,396
1.0227,2107,2009,-1950,388
1.0231,2107,2009,-1950,388
1.0235,2107,2008,-1950,380
1.0239,2107,2008,-1950,380
1.0242,2107,2008,-1950,380
1.0246,2107,2006,-1950,372
1.0250,2107,2006,-1950,372
1.0253,2107,2004,-1950,364
1.0257,2107,2004,-1950,364
1.0261,2107,2004,-1950,364
1.0265,2107,2002,-1950,356
1.0269,2107,2002,-1950,356
1.0272,2107,2002,-1950,356
1.0276,2107,2001,-1950,320
1.0280,2107,2001,-1950,320
1.0284,2107,1999,-1950,312
1.0288,2107,1999,-1950,312
1.0292,2107,1999,-1950,312
1.0296,2107,1997,-1850,296
1.0299,2107,1997,-1850,296
1.0303,2136,1995,-1850,288
1.0310,2136,1995,-1850,288
1.0315,2136,1993,-1850,280
1.0318,2136,1993,-1850,280
1.0322,2136,1993,-1850,280
1.0326,2136,1992,-1850,280
1.0329,2136,1992,-1850,280
1.0333,2136,1992,-1850,280
1.0336,2136,1990,-1850,264
1.0340,2136,1990,-1850,264
1.0345,2136,1989,-1850,264
1.0349,2136,1989,-1850,264
1.0352,2136,1989,-1850,264
1.0356,2136,1987,-1850,248
1.0360,2136,1987,-1850,248
1.0364,2136,1985,-1850,240
1.0367,2136,1985,-1850,240
1.0371,2136,1985,-1850,240
1.0375,2136,1984,-1850,240
1.0379,2136,1984,-1850,240
1.0382,2136,1984,-1850,240
1.0386,2136,1982,-1850,224
1.0389,2136,1982,-1850,224
1.0393,2136,1981,-1850,224
1.0397,2136,1981,-1850,224
1.0400,2161,1979,-1850,208
1.0407,2161,1979,-1850,208
1.0411,2161,1979,-1850,208
1.0415,2161,1978,-1850,208
1.0418,2161,1978,-1850,208
1.0422,2161,1978,-1850,208
1.0426,2161,1977,-1850,200
1.0430,2161,1977,-1850,200
1.0434,2161,1975,-1850,184
1.0437,2161,1975,-1850,184
1.0441,2161,1975,-1850,184
1.0445,2161,1974,-1850,184
1.0448,2161,1974,-1850,184
1.0452,2161,1974,-1850,184
1.0456,2161,1972,-1850,168
1.0459,2161,1972,-1850,168
1.0463,2161,1971,-1850,160
1.0467,2161,1971,-1850,160
1.0471,2161,1971,-1850,160
1.0475,2161,1969,-1850,132
1.0479,2161,1969,-1850,132
1.0483,2161,1968,-1850,124
1.0486,2161,1968,-1850,124
1.0490,2161,1968,-1850,124
1.0494,2161,1967,-1500,116
1.0498,2161,1967,-1500,116
1.0501,2182,1966,-1500,116
1.0509,2182,1966,-1500,116
1.0513,2182,1964,-1500,100
1.0516,2182,1964,-1500,100
1.0520,2182,1964,-1500,100
1.0524,2182,1963,-1500,92
1.0528,2182,1963,-1500,92
1.0531,2182,1963,-1500,92
1.0535,2182,1962,-1500,84
1.0539,2182,1962,-1500,84
1.0543,2182,1961,-1500,76
1.0546,2182,1961,-1500,76
1.0550,2182,1961,-1500,76
1.0555,2182,1960,-1500,68
1.0559,2182,1960,-1500,68
1.0562,2182,1959,-1500,60
1.0566,2182,1959,-1500,60
1.0570,2182,1959,-1500,60
1.0573,2182,1958,-1500,52
1.0577,2182,1958,-1500,52
1.0581,2182,1958,-1500,52
1.0585,2182,1957,-1500,44
1.0588,2182,1957,-1500,44
1.0592,2182,1957,-1500,44
1.0596,2182,1956,-1500,36
1.0599,2182,1956,-1500,36
1.0603,2199,1955,-1500,28
1.0611,2199,1955,-1500,28
1.0615,2199,1954,-1500,20
1.0618,2199,1954,-1500,20
1.0622,2199,1953,-1500,-20
1.0626,2199,1953,-1500,-20
1.0630,2199,1953,-1500,-20
1.0634,2199,1951,-1500,-36
1.0637,2199,1951,-1500,-36
1.0641,2199,1951,-1500,-36
1.0645,2199,1951,-1500,-44
1.0649,2199,1951,-1500,-44
1.0653,2199,1950,-1500,-52
1.0657,2199,1950,-1500,-52
1.0660,2199,1950,-1500,-52
1.0664,2199,1949,-1500,-60
1.0668,2199,1949,-1500,-60
1.0671,2199,1949,-1500,-60
1.0675,2199,1949,-1500,-56
1.0679,2199,1949,-1500,-56
1.0682,2199,1948,-1500,-72
1.0686,2199,1948,-1500,-72
1.0690,2199,1948,-1500,-72
1.0693,2199,1947,-1000,-80
1.0697,2199,1947,-1000,-80
1.0701,2209,1946,-1000,-88
1.0709,2209,1946,-1000,-88
1.0712,2209,1946,-1000,-96
1.0716,2209,1946,-1000,-96
1.0721,2209,1946,-1000,-96
1.0725,2209,1945,-1000,-96
1.0729,2209,1945,-1000,-96
1.0732,2209,1945,-1000,-96
1.0736,2209,1945,-1000,-96
1.0740,2209,1945,-1000,-96
1.0743,2209,1944,-1000,-104
1.0747,2209,1944,-1000,-104
1.0750,2209,1944,-1000,-104
1.0755,2209,1944,-1000,-104
1.0758,2209,1944,-1000,-104
1.0762,2209,1943,-1000,-120
1.0765,2209,1943,-1000,-120
1.0769,2209,1943,-1000,-120
1.0772,2209,1943,-1000,-120
1.0776,2209,1943,-1000,-120
1.0779,2209,1943,-1000,-120
1.0783,2209,1942,-1000,-136
1.0787,2209,1942,-1000,-136
1.0790,2209,1942,-1000,-136
1.0795,2209,1942,-1000,-144
1.0798,2209,1942,-1000,-144
1.0802,2214,1942,-1000,-144
1.0808,2214,1942,-1000,-144
1.0812,2214,1942,-1000,-152
1.0816,2214,1942,-1000,-152
1.0820,2214,1942,-1000,-152
1.0823,2214,1942,-1000,-160
1.0827,2214,1942,-1000,-160
1.0831,2214,1942,-1000,-160
1.0835,2214,1942,-1000,-160
1.0839,2214,1942,-1000,-160
1.0842,2214,1941,-1000,-176
1.0846,2214,1941,-1000,-176
1.0850,2214,1941,-1000,-176
1.0853,2214,1941,-1000,-184
1.0857,2214,1941,-1000,-184
1.0861,2214,1941,-1000,-184
1.0865,2214,1941,-1000,-184
1.0868,2214,1941,-1000,-184
1.0872,2214,1941,-1000,-180
1.0876,2214,1941,-1000,-180
1.0879,2214,1941,-1000,-180
1.0883,2214,1941,-1000,-188
1.0887,2214,1941,-1000,-188
1.0891,2214,1941,-300,-196
1.0895,2214,1941,-300,-196
1.0898,2214,1941,-300,-196
1.0902,2213,1941,-300,-204
1.0909,2213,1941,-300,-204
1.0913,2213,1941,-300,-212
1.0918,2213,1941,-300,-212
1.0921,2213,1941,-300,-220
1.0925,2213,1941,-300,-220
1.0929,2213,1941,-300,-220
1.0933,2213,1941,-300,-220
1.0937,2213,1941,-300,-220
1.0940,2213,1941,-300,-228
1.0945,2213,1941,-300,-228
1.0949,2213,1941,-300,-228
1.0952,2213,1941,-300,-236
1.0956,2213,1941,-300,-236
1.0960,2213,1941,-300,-244
1.0965,2213,1941,-300,-244
1.0969,2213,1941,-300,-244
1.0973,2213,1941,-300,-252
1.0977,2213,1941,-300,-252
1.0981,2213,1941,-300,-268
1.0985,2213,1941,-300,-268
1.0989,2213,1941,-300,-268
1.0992,2213,1941,-300,-276
1.0996,2213,1941,-300,-276
1.1000,2206,1941,-300,-284
1.1008,2206,1941,-300,-284
1.1011,2206,1941,-300,-292
1.1015,2206,1941,-300,-292
1.1019,2206,1941,-300,-292
1.1023,2206,1942,-300,-292
1.1027,2206,1942,-300,-292
1.1030,2206,1942,-300,-300
1.1035,2206,1942,-300,-300
1.1039,2206,1942,-300,-300
1.1042,2206,1943,-300,-300
1.1046,2206,1943,-300,-300
1.1050,2206,1943,-300,-300
1.1053,2206,1943,-300,-316
1.1057,2206,1943,-300,-316
1.1060,2206,1944,-300,-316
1.1065,2206,1944,-300,-316
1.1068,2206,1944,-300,-316
1.1072,2206,1944,-300,-328
1.1075,2206,1944,-300,-328
1.1079,2206,1944,-300,-328
1.1083,2206,1945,-300,-336
1.1087,2206,1945,-300,-336
1.1091,2206,1946,250,-336
1.1095,2206,1946,250,-336
1.1099,2206,1946,250,-336
1.1103,2193,1946,250,-344
1.1110,2193,1947,250,-352
1.1114,2193,1947,250,-352
1.1118,2193,1947,250,-352
1.1122,2193,1947,250,-360
1.1125,2193,1947,250,-360
1.1129,2193,1948,250,-368
1.1133,2193,1948,250,-368
1.1138,2193,1948,250,-368
1.1141,2193,1948,250,-376
1.1146,2193,1948,250,-376
1.1149,2193,1949,250,-384
1.1153,2193,1949,250,-384
1.1157,2193,1949,250,-384
1.1161,2193,1950,250,-384
1.1165,2193,1950,250,-384
1.1168,2193,1950,250,-384
1.1172,2193,1951,250,-392
1.1176,2193,1951,250,-392
1.1180,2193,1952,250,-392
1.1184,2193,1952,250,-392
1.1188,2193,1952,250,-392
1.1192,2193,1952,250,-408
1.1196,2193,1952,250,-408
1.1199,2193,1953,250,-408
1.1203,2175,1953,250,-408
1.1211,2175,1954,250,-416
1.1215,2175,1954,250,-416
1.1218,2175,1954,250,-416
1.1222,2175,1955,250,-424
1.1226,2175,1955,250,-424
1.1230,2175,1956,250,-424
1.1233,2175,1956,250,-424
1.1237,2175,1956,250,-424
1.1241,2175,1957,250,-432
1.1245,2175,1957,250,-432
1.1249,2175,1958,250,-440
1.1253,2175,1958,250,-440
1.1257,2175,1958,250,-440
1.1261,2175,1959,250,-448
1.1265,2175,1959,250,-448
1.1269,2175,1960,250,-436
1.1273,2175,1960,250,-436
1.1276,2175,1960,250,-436
1.1280,2175,1961,250,-444
1.1285,2175,1961,250,-444
1.1289,2175,1962,800,-452
1.1293,2175,1962,800,-452
1.1297,2175,1962,800,-452
1.1300,2153,1963,800,-460
1.1308,2153,1963,800,-460
1.1311,2153,1964,800,-468
1.1315,2153,1964,800,-468
1.1319,2153,1965,800,-476
1.1322,2153,1965,800,-476
1.1327,2153,1965,800,-476
1.1331,2153,1967,800,-476
1.1335,2153,1967,800,-476
1.1339,2153,1968,800,-484
1.1342,2153,1968,800,-484
1.1346,2153,1968,800,-484
1.1350,2153,1969,800,-492
1.1354,2153,1969,800,-492
1.1357,2153,1969,800,-492
1.1361,2153,1970,800,-500
1.1365,2153,1970,800,-500
1.1369,2153,1971,800,-508
1.1373,2153,1971,800,-508
1.1377,2153,1971,800,-508
1.1381,2153,1972,800,-516
1.1385,2153,1972,800,-516
1.1389,2153,1973,800,-524
1.1393,2153,1973,800,-524
1.1397,2153,1973,800,-524
1.1400,2153,1975,800,-524
1.1404,2125,1975,800,-524
1.1411,2125,1976,800,-532
1.1415,2125,1976,800,-532
1.1419,2125,1978,800,-540
1.1423,2125,1978,800,-540
1.1427,2125,1978,800,-540
1.1431,2125,1979,800,-548
1.1435,2125,1979,800,-548
1.1439,2125,1980,800,-556
1.1443,2125,1980,800,-556
1.1447,2125,1980,800,-556
1.1450,2125,1982,800,-556
1.1455,2125,1982,800,-556
1.1459,2125,1983,800,-564
1.1463,2125,1983,800,-564
1.1467,2125,1983,800,-564
1.1470,2125,1985,800,-568
1.1475,2125,1985,800,-568
1.1479,2125,1986,800,-576
1.1483,2125,1986,800,-576
1.1486,2125,1986,800,-576
1.1490,2125,1987,1250,-584
1.1495,2125,1987,1250,-584
1.1499,2125,1989,1250,-584
1.1503,2096,1989,1250,-584
1.1510,2096,1990,1250,-592
1.1514,2096,1990,1250,-592
1.1518,2096,1992,1250,-584
1.1521,2096,1992,1250,-584
1.1525,2096,1992,1250,-584
1.1529,2096,1993,1250,-592
1.1533,2096,1993,1250,-592
1.1537,2096,1995,1250,-592
1.1541,2096,1995,1250,-592
1.1545,2096,1995,1250,-592
1.1549,2096,1996,1250,-600
1.1552,2096,1996,1250,-600
1.1556,2096,1996,1250,-600
1.1560,2096,1998,1250,-600
1.1563,2096,1998,1250,-600
1.1567,2096,2000,1250,-592
1.1571,2096,2000,1250,-592
1.1575,2096,2000,1250,-592
1.1579,2096,2001,1250,-600
1.1583,2096,2001,1250,-600
1.1587,2096,2001,1250,-600
1.1591,2096,2003,1250,-600
1.1595,2096,2003,1250,-600
1.1598,2096,2005,1250,-600
1.1602,2065,2005,1250,-600
1.1609,2065,2006,1250,-600
1.1612,2065,2006,1250,-600
1.1616,2065,2006,1250,-600
1.1620,2065,2008,1250,-600
1.1624,2065,2008,1250,-600
1.1627,2065,2010,1250,-592
1.1631,2065,2010,1250,-592
1.1635,2065,2010,1250,-592
1.1639,2065,2012,1250,-592
1.1642,2065,2012,1250,-592
1.1646,2065,2012,1250,-592
1.1650,2065,2013,1250,-600
1.1653,2065,2013,1250,-600
1.1657,2065,2015,1250,-592
1.1661,2065,2015,1250,-592
1.1665,2065,2015,1250,-592
1.1668,2065,2017,1250,-540
1.1672,2065,2017,1250,-540
1.1676,2065,2017,1250,-540
1.1679,2065,2019,1250,-532
1.1683,2065,2019,1250,-532
1.1687,2065,2020,1650,-540
1.1691,2065,2020,1650,-540
1.1695,2065,2020,1650,-540
1.1699,2065,2022,1650,-532
1.1702,2033,2022,1650,-532
1.1709,2033,2024,1650,-524
1.1713,2033,2024,1650,-524
1.1717,2033,2026,1650,-524
1.1720,2033,2026,1650,-524
1.1725,2033,2026,1650,-524
1.1729,2033,2028,1650,-516
1.1732,2033,2028,1650,-516
1.1736,2033,2030,1650,-508
1.1740,2033,2030,1650,-508
1.1744,2033,2030,1650,-508
1.1748,2033,2032,1650,-508
1.1751,2033,2032,1650,-508
1.1755,2033,2032,1650,-508
1.1759,2033,2033,1650,-508
1.1762,2033,2033,1650,-508
1.1766,2033,2035,1650,-500
1.1770,2033,2035,1650,-500
1.1774,2033,2035,1650,-500
1.1778,2033,2037,1650,-492
1.1781,2033,2037,1650,-492
1.1785,2033,2037,1650,-492
1.1789,2033,2039,1650,-492
1.1793,2033,2039,1650,-492
1.1797,2033,2041,1650,-484
1.1801,2001,2041,1650,-484
1.1809,2001,2043,1650,-476
1.1813,2001,2043,1650,-476
1.1816,2001,2044,1650,-476
1.1820,2001,2044,1650,-476
1.1825,2001,2044,1650,-476
1.1828,2001,2046,1650,-468
1.1832,2001,2046,1650,-468
1.1836,2001,2048,1650,-460
1.1840,2001,2048,1650,-460
1.1844,2001,2048,1650,-460
1.1847,2001,2050,1650,-452
1.1851,2001,2050,1650,-452
1.1855,2001,2050,1650,-452
1.1858,2001,2052,1650,-444
1.1862,2001,2052,1650,-444
1.1866,2001,2054,1650,-372
1.1870,2001,2054,1650,-372
1.1874,2001,2054,1650,-372
1.1878,2001,2056,1650,-364
1.1881,2001,2056,1650,-364
1.1885,2001,2058,1900,-356
1.1889,2001,2058,1900,-356
1.1893,2001,2058,1900,-356
1.1897,2001,2060,1900,-348
1.1901,1971,2060,1900,-348
1.1909,1971,2061,1900,-348
1.1912,1971,2061,1900,-348
1.1916,1971,2063,1900,-340
1.1920,1971,2063,1900,-340
1.1924,1971,2063,1900,-340
1.1928,1971,2065,1900,-332
1.1931,1971,2065,1900,-332
1.1935,1971,2065,1900,-332
1.1939,1971,2066,1900,-324
1.1943,1971,2066,1900,-324
1.1946,1971,2068,1900,-316
1.1950,1971,2068,1900,-316
1.1955,1971,2068,1900,-316
1.1959,1971,2070,1900,-308
1.1963,1971,2070,1900,-308
1.1966,1971,2071,1900,-308
1.1970,1971,2071,1900,-308
1.1974,1971,2071,1900,-308
1.1977,1971,2073,1900,-292
1.1981,1971,2073,1900,-292
1.1985,1971,2075,1900,-284
1.1989,1971,2075,1900,-284
1.1992,1971,2075,1900,-284
1.1996,1971,2077,1900,-276
1.2000,1944,2077,1900,-276
1.2008,1944,2078,1900,-268
1.2011,1944,2078,1900,-268
1.2015,1944,2080,1900,-260
1.2019,1944,2080,1900,-260
1.2022,1944,2080,1900,-260
1.2026,1944,2082,1900,-252
1.2030,1944,2082,1900,-252
1.2033,1944,2082,1900,-252
1.2037,1944,2083,1900,-244
1.2041,1944,2083,1900,-244
1.2045,1944,2085,1900,-236
1.2049,1944,2085,1900,-236
1.2053,1944,2085,1900,-236
1.2057,1944,2086,1900,-228
1.2060,1944,2086,1900,-228
1.2065,1944,2087,1900,-208
1.2069,1944,2087,1900,-208
1.2073,1944,2087,1900,-208
1.2076,1944,2089,1900,-192
1.2080,1944,2089,1900,-192
1.2083,1944,2089,1900,-192
1.2087,1944,2090,1600,-192
1.2091,1944,2090,1600,-192
1.2095,1944,2092,1600,-176
1.2099,1944,2092,1600,-176
1.2103,1919,2093,1600,-168
1.2110,1919,2093,1600,-168
1.2114,1919,2093,1600,-168
1.2118,1919,2094,1600,-168
1.2121,1919,2094,1600,-168
1.2125,1919,2096,1600,-152
1.2129,1919,2096,1600,-152
1.2133,1919,2096,1600,-152
1.2137,1919,2097,1600,-144
1.2142,1919,2097,1600,-144
1.2145,1919,2098,1600,-144
1.2149,1919,2098,1600,-144
1.2153,1919,2098,1600,-144
1.2158,1919,2100,1600,-128
1.2161,1919,2100,1600,-128
1.2165,1919,2101,1600,-120
1.2169,1919,2101,1600,-120
1.2173,1919,2101,1600,-120
1.2176,1919,2102,1600,-112
1.2180,1919,2102,1600,-112
1.2185,1919,2104,1600,-96
1.2189,1919,2104,1600,-96
1.2192,1919,2104,1600,-96
1.2196,1919,2105,1600,-96
1.2200,1919,2105,1600,-96
1.2204,1899,2106,1600,-88
1.2211,1899,2106,1600,-88
1.2215,1899,2107,1600,-80
1.2219,1899,2107,1600,-80
1.2223,1899,2107,1600,-80
1.2227,1899,2108,1600,-72
1.2230,1899,2108,1600,-72
1.2235,1899,2109,1600,-64
1.2239,1899,2109,1600,-64
1.2243,1899,2109,1600,-64
1.2246,1899,2110,1600,-56
1.2250,1899,2110,1600,-56
1.2254,1899,2111,1600,-48
1.2258,1899,2111,1600,-48
1.2262,1899,2111,1600,-48
1.2266,1899,2112,1600,-28
1.2270,1899,2112,1600,-28
1.2273,1899,2113,1600,-20
1.2277,1899,2113,1600,-20
1.2281,1899,2113,1600,-20
1.2285,1899,2114,1200,28
1.2289,1899,2114,1200,28
1.2293,1899,2115,1200,36
1.2297,1899,2115,1200,36
1.2301,1885,2116,1200,44
1.2309,1885,2116,1200,44
1.2313,1885,2116,1200,44
1.2316,1885,2116,1200,44
1.2320,1885,2116,1200,44
1.2325,1885,2117,1200,52
1.2329,1885,2117,1200,52
1.2333,1885,2117,1200,52
1.2336,1885,2118,1200,68
1.2340,1885,2118,1200,68
1.2345,1885,2118,1200,68
1.2349,1885,2118,1200,68
1.2353,1885,2118,1200,68
1.2356,1885,2119,1200,76
1.2360,1885,2119,1200,76
1.2364,1885,2120,1200,92
1.2368,1885,2120,1200,92
1.2371,1885,2120,1200,92
1.2375,1885,2120,1200,92
1.2379,1885,2120,1200,92
1.2382,1885,2120,1200,92
1.2386,1885,2121,1200,100
1.2390,1885,2121,1200,100
1.2394,1885,2121,1200,100
1.2398,1885,2121,1200,100
1.2401,1876,2122,1200,100
1.2408,1876,2122,1200,100
1.2412,1876,2122,1200,100
1.2416,1876,2122,1200,108
1.2420,1876,2122,1200,108
1.2424,1876,2123,1200,116
1.2427,1876,2123,1200,116
1.2431,1876,2123,1200,116
1.2435,1876,2123,1200,124
1.2438,1876,2123,1200,124
1.2442,1876,2123,1200,124
1.2445,1876,2124,1200,132
1.2449,1876,2124,1200,132
1.2452,1876,2124,1200,140
1.2456,1876,2124,1200,140
1.2459,1876,2124,1200,140
1.2463,1876,2124,1200,136
1.2466,1876,2124,1200,136
1.2470,1876,2124,1200,136
1.2473,1876,2124,1200,136
1.2477,1876,2124,1200,136
1.2481,1876,2124,1200,136
1.2485,1876,2125,550,152
1.2489,1876,2125,550,152
1.2493,1876,2125,550,160
1.2496,1876,2125,550,160
1.2500,1876,2125,550,160
1.2503,1873,2125,550,160
1.2511,1873,2125,550,160
1.2515,1873,2125,550,168
1.2519,1873,2125,550,168
1.2522,1873,2125,550,176
1.2526,1873,2125,550,176
1.2530,1873,2125,550,176
1.2533,1873,2125,550,184
1.2537,1873,2125,550,184
1.2541,1873,2125,550,184
1.2545,1873,2125,550,184
1.2549,1873,2125,550,184
1.2553,1873,2125,550,192
1.2556,1873,2125,550,192
1.2560,1873,2125,550,192
1.2564,1873,2125,550,200
1.2568,1873,2125,550,200
1.2571,1873,2125,550,200
1.2575,1873,2125,550,208
1.2579,1873,2125,550,208
1.2582,1873,2125,550,216
1.2586,1873,2125,550,216
1.2590,1873,2125,550,216
1.2593,1873,2125,550,224
1.2597,1873,2125,550,224
1.2601,1876,2125,550,232
1.2609,1876,2125,550,232
1.2612,1876,2125,550,240
1.2616,1876,2125,550,240
1.2620,1876,2125,550,240
1.2624,1876,2125,550,248
1.2628,1876,2125,550,248
1.2631,1876,2125,550,248
1.2635,1876,2125,550,256
1.2639,1876,2125,550,256
1.2642,1876,2125,550,264
1.2646,1876,2125,550,264
1.2650,1876,2125,550,264
1.2653,1876,2125,550,272
1.2657,1876,2125,550,272
1.2661,1876,2125,550,272
1.2665,1876,2125,550,280
1.2669,1876,2125,550,280
1.2672,1876,2125,550,288
1.2676,1876,2125,550,288
1.2680,1876,2125,550,288
1.2684,1876,2125,0,296
1.2688,1876,2125,0,296
1.2692,1876,2125,0,312
1.2695,1876,2125,0,312
1.2699,1876,2125,0,312
1.2703,1886,2125,0,320
1.2710,1886,2125,0,320
1.2714,1886,2124,0,320
1.2717,1886,2124,0,320
1.2721,1886,2124,0,328
1.2725,1886,2124,0,328
1.2729,1886,2124,0,328
1.2732,1886,2124,0,344
1.2736,1886,2124,0,344
1.2740,1886,2124,0,344
1.2743,1886,2123,0,344
1.2747,1886,2123,0,344
1.2751,1886,2123,0,352
1.2755,1886,2123,0,352
1.2759,1886,2123,0,352
1.2763,1886,2122,0,360
1.2767,1886,2122,0,360
1.2771,1886,2121,0,360
1.2775,1886,2121,0,360
1.2779,1886,2121,0,360
1.2783,1886,2120,0,368
1.2786,1886,2120,0,368
1.2790,1886,2120,0,368
1.2794,1886,2120,0,376
1.2798,1886,2120,0,376
1.2801,1900,2119,0,376
1.2809,1900,2119,0,376
1.2812,1900,2119,0,392
1.2816,1900,2119,0,392
1.2820,1900,2119,0,392
1.2824,1900,2118,0,392
1.2827,1900,2118,0,392
1.2831,1900,2117,0,400
1.2835,1900,2117,0,400
1.2839,1900,2117,0,400
1.2842,1900,2116,0,408
1.2846,1900,2116,0,408
1.2850,1900,2116,0,408
1.2855,1900,2115,0,408
1.2859,1900,2115,0,408
1.2862,1900,2114,0,412
1.2866,1900,2114,0,412
1.2870,1900,2114,0,412
1.2874,1900,2113,0,412
1.2877,1900,2113,0,412
1.2881,1900,2113,-600,428
1.2885,1900,2113,-600,428
1.2889,1900,2113,-600,428
1.2893,1900,2112,-600,436
1.2897,1900,2112,-600,436
1.2900,1920,2111,-600,444
1.2907,1920,2111,-600,444
1.2911,1920,2110,-600,444
1.2915,1920,2110,-600,444
1.2919,1920,2110,-600,444
1.2923,1920,2109,-600,452
1.2926,1920,2109,-600,452
1.2930,1920,2109,-600,452
1.2933,1920,2108,-600,460
1.2937,1920,2108,-600,460
1.2941,1920,2107,-600,468
1.2945,1920,2107,-600,468
1.2948,1920,2107,-600,468
1.2952,1920,2106,-600,476
1.2956,1920,2106,-600,476
1.2960,1920,2106,-600,476
1.2964,1920,2105,-600,476
1.2968,1920,2105,-600,476
1.2971,1920,2103,-600,476
1.2975,1920,2103,-600,476
1.2979,1920,2103,-600,476
1.2983,1920,2102,-600,484
1.2986,1920,2102,-600,484
1.2990,1920,2101,-600,492
1.2994,1920,2101,-600,492
1.2997,1920,2101,-600,492
1.3001,1944,2100,-600,500
1.3009,1944,2100,-600,500
1.3012,1944,2099,-600,508
1.3016,1944,2099,-600,508
1.3020,1944,2098,-600,516
1.3025,1944,2098,-600,516
1.3028,1944,2098,-600,516
1.3032,1944,2097,-600,524
1.3036,1944,2097,-600,524
1.3039,1944,2097,-600,524
1.3043,1944,2095,-600,524
1.3046,1944,2095,-600,524
1.3050,1944,2094,-600,540
1.3054,1944,2094,-600,540
1.3057,1944,2094,-600,540
1.3061,1944,2092,-600,536
1.3065,1944,2092,-600,536
1.3069,1944,2092,-600,536
1.3072,1944,2091,-600,544
1.3076,1944,2091,-600,544
1.3080,1944,2090,-1150,552
1.3084,1944,2090,-1150,552
1.3088,1944,2090,-1150,552
1.3092,1944,2088,-1150,552
1.3096,1944,2088,-1150,552
1.3100,1944,2087,-1150,560
1.3104,1972,2087,-1150,560
1.3111,1972,2086,-1150,568
1.3115,1972,2086,-1150,568
1.3118,1972,2086,-1150,568
1.3122,1972,2084,-1150,568
1.3126,1972,2084,-1150,568
1.3130,1972,2083,-1150,576
1.3134,1972,2083,-1150,576
1.3138,1972,2083,-1150,576
1.3141,1972,2081,-1150,576
1.3145,1972,2081,-1150,576
1.3149,1972,2080,-1150,584
1.3153,1972,2080,-1150,584
1.3157,1972,2080,-1150,584
1.3161,1972,2078,-1150,584
1.3165,1972,2078,-1150,584
1.3169,1972,2077,-1150,592
1.3173,1972,2077,-1150,592
1.3177,1972,2077,-1150,592
1.3181,1972,2075,-1150,592
1.3185,1972,2075,-1150,592
1.3188,1972,2075,-1150,592
1.3192,1972,2074,-1150,600
1.3196,1972,2074,-1150,600
1.3199,1972,2072,-1150,600
1.3203,2002,2072,-1150,600
1.3209,2002,2070,-1150,592
1.3213,2002,2070,-1150,592
1.3216,2002,2070,-1150,592
1.3220,2002,2069,-1150,600
1.3224,2002,2069,-1150,600
1.3227,2002,2069,-1150,600
1.3231,2002,2067,-1150,600
1.3235,2002,2067,-1150,600
1.3238,2002,2066,-1150,600
1.3242,2002,2066,-1150,600
1.3246,2002,2066,-1150,600
1.3250,2002,2064,-1150,600
1.3254,2002,2064,-1150,600
1.3257,2002,2064,-1150,600
1.3261,2002,2062,-1150,568
1.3265,2002,2062,-1150,568
1.3269,2002,2060,-1150,568
1.3273,2002,2060,-1150,568
1.3276,2002,2060,-1150,568
1.3280,2002,2059,-1550,568
1.3284,2002,2059,-1550,568
1.3288,2002,2059,-1550,568
1.3292,2002,2057,-1550,568
1.3295,2002,2057,-1550,568
1.3299,2002,2055,-1550,560
1.3303,2034,2055,-1550,560
1.3310,2034,2053,-1550,560
1.3314,2034,2053,-1550,560
1.3318,2034,2053,-1550,560
1.3322,2034,2051,-1550,560
1.3325,2034,2051,-1550,560
1.3329,2034,2050,-1550,560
1.3333,2034,2050,-1550,560
1.3336,2034,2050,-1550,560
1.3340,2034,2048,-1550,552
1.3345,2034,2048,-1550,552
1.3349,2034,2046,-1550,552
1.3352,2034,2046,-1550,552
1.3356,2034,2046,-1550,552
1.3360,2034,2044,-1550,544
1.3364,2034,2044,-1550,544
1.3367,2034,2044,-1550,544
1.3371,2034,2042,-1550,544
1.3375,2034,2042,-1550,544
1.3379,2034,2040,-1550,536
1.3382,2034,2040,-1550,536
1.3386,2034,2040,-1550,536
1.3390,2034,2038,-1550,528
1.3394,2034,2038,-1550,528
1.3398,2034,2036,-1550,528
1.3401,2066,2036,-1550,528
1.3409,2066,2034,-1550,520
1.3412,2066,2034,-1550,520
1.3416,2066,2034,-1550,520
1.3420,2066,2033,-1550,520
1.3424,2066,2033,-1550,520
1.3427,2066,2033,-1550,520
1.3431,2066,2031,-1550,520
1.3435,2066,2031,-1550,520
1.3438,2066,2029,-1550,512
1.3442,2066,2029,-1550,512
1.3445,2066,2029,-1550,512
1.3449,2066,2027,-1550,504
1.3452,2066,2027,-1550,504
1.3456,2066,2027,-1550,504
1.3460,2066,2026,-1550,440
1.3465,2066,2026,-1550,440
1.3469,2066,2024,-1550,432
1.3473,2066,2024,-1550,432
1.3477,2066,2024,-1550,432
1.3480,2066,2022,-1850,424
1.3485,2066,2022,-1850,424
1.3488,2066,2020,-1850,424
1.3492,2066,2020,-1850,424
1.3496,2066,2020,-1850,424
1.3500,2066,2018,-1850,416
1.3504,2098,2016,-1850,408
1.3511,2098,2016,-1850,408
1.3515,2098,2016,-1850,408
1.3519,2098,2014,-1850,400
1.3523,2098,2014,-1850,400
1.3526,2098,2014,-1850,400
1.3530,2098,2012,-1850,392
1.3534,2098,2012,-1850,392
1.3537,2098,2011,-1850,392
1.3541,2098,2011,-1850,392
1.3545,2098,2011,-1850,392
1.3549,2098,2009,-1850,384
1.3552,2098,2009,-1850,384
1.3556,2098,2009,-1850,384
1.3560,2098,2007,-1850,368
1.3563,2098,2007,-1850,368
1.3567,2098,2007,-1850,360
1.3570,2098,2005,-1850,360
1.3574,2098,2005,-1850,360
1.3577,2098,2004,-1850,360
1.3581,2098,2004,-1850,360
1.3585,2098,2004,-1850,360
1.3589,2098,2002,-1850,352
1.3592,2098,2002,-1850,352
1.3596,2098,2002,-1850,352
1.3600,2126,2000,-1850,344
1.3608,2126,1998,-1850,336
1.3612,2126,1998,-1850,336
1.3615,2126,1998,-1850,336
1.3619,2126,1997,-1850,328
1.3623,2126,1997,-1850,328
1.3627,2126,1995,-1850,320
1.3631,2126,1995,-1850,320
1.3635,2126,1995,-1850,320
1.3638,2126,1993,-1850,312
1.3642,2126,1993,-1850,312
1.3646,2126,1993,-1850,312
1.3649,2126,1992,-1850,312
1.3653,2126,1992,-1850,312
1.3657,2126,1990,-1850,256
1.3660,2126,1990,-1850,256
1.3665,2126,1990,-1850,256
1.3668,2126,1989,-1850,256
1.3672,2126,1989,-1850,256
1.3675,2126,1989,-1850,256
1.3679,2126,1987,-1750,240
1.3683,2126,1987,-1750,240
1.3687,2126,1985,-1750,232
1.3690,2126,1985,-1750,232
1.3695,2126,1985,-1750,232
1.3698,2126,1984,-1750,232
1.3702,2153,1984,-1750,232
1.3709,2153,1982,-1750,216
1.3713,2153,1982,-1750,216
1.3717,2153,1981,-1750,216
1.3720,2153,1981,-1750,216
1.3725,2153,1981,-1750,216
1.3729,2153,1980,-1750,208
1.3732,2153,1980,-1750,208
1.3736,2153,1978,-1750,200
1.3740,2153,1978,-1750,200
1.3744,2153,1978,-1750,200
1.3748,2153,1977,-1750,192
1.3751,2153,1977,-1750,192
1.3755,2153,1977,-1750,192
1.3759,2153,1975,-1750,176
1.3762,2153,1975,-1750,176
1.3766,2153,1973,-1750,168
1.3770,2153,1973,-1750,168
1.3774,2153,1973,-1750,168
1.3777,2153,1972,-1750,160
1.3781,2153,1972,-1750,160
1.3785,2153,1972,-1750,160
1.3788,2153,1971,-1750,152
1.3792,2153,1971,-1750,152
1.3796,2153,1970,-1750,152
1.3801,2176,1970,-1750,152
1.3808,2176,1968,-1750,136
1.3812,2176,1968,-1750,136
1.3816,2176,1967,-1750,128
1.3820,2176,1967,-1750,128
1.3823,2176,1967,-1750,128
1.3827,2176,1966,-1750,128
1.3831,2176,1966,-1750,128
1.3835,2176,1966,-1750,128
1.3839,2176,1965,-1750,120
1.3842,2176,1965,-1750,120
1.3846,2176,1963,-1750,104
1.3850,2176,1963,-1750,104
1.3855,2176,1963,-1750,104
1.3859,2176,1962,-1750,88
1.3863,2176,1962,-1750,88
1.3866,2176,1961,-1750,80
1.3870,2176,1961,-1750,80
1.3874,2176,1961,-1750,80
1.3878,2176,1960,-1350,72
1.3881,2176,1960,-1350,72
1.3885,2176,1959,-1350,64
1.3889,2176,1959,-1350,64
1.3893,2176,1959,-1350,64
1.3897,2176,1958,-1350,56
1.3900,2194,1958,-1350,56
1.3908,2194,1957,-1350,48
1.3912,2194,1957,-1350,48
1.3916,2194,1956,-1350,40
1.3919,2194,1956,-1350,40
1.3923,2194,1956,-1350,40
1.3928,2194,1955,-1350,32
1.3932,2194,1955,-1350,32
1.3935,2194,1954,-1350,24
1.3939,2194,1954,-1350,24
1.3943,2194,1954,-1350,24
1.3946,2194,1953,-1350,0
1.3950,2194,1953,-1350,0
1.3954,2194,1953,-1350,0
1.3958,2194,1952,-1350,-24
1.3961,2194,1952,-1350,-24
1.3965,2194,1951,-1350,-40
1.3969,2194,1951,-1350,-40
1.3973,2194,1951,-1350,-40
1.3977,2194,1950,-1350,-48
1.3980,2194,1950,-1350,-48
1.3985,2194,1950,-1350,-48
1.3989,2194,1950,-1350,-48
1.3992,2194,1950,-1350,-48
1.3996,2194,1949,-1350,-56
1.4000,2194,1949,-1350,-56
1.4004,2207,1948,-1350,-72
1.4011,2207,1948,-1350,-72
1.4015,2207,1947,-1350,-80
1.4019,2207,1947,-1350,-80
1.4023,2207,1947,-1350,-80
1.4026,2207,1947,-1350,-80
1.4030,2207,1947,-1350,-80
1.4035,2207,1946,-1350,-96
1.4038,2207,1946,-1350,-96
1.4042,2207,1946,-1350,-96
1.4045,2207,1945,-1350,-96
1.4049,2207,1945,-1350,-96
1.4052,2207,1945,-1350,-96
1.4056,2207,1945,-1350,-92
1.4060,2207,1945,-1350,-92
1.4063,2207,1945,-1350,-92
1.4067,2207,1944,-1350,-100
1.4071,2207,1944,-1350,-100
1.4075,2207,1944,-800,-100
1.4079,2207,1944,-800,-100
1.4082,2207,1944,-800,-100
1.4086,2207,1944,-800,-108
1.4090,2207,1944,-800,-108
1.4093,2207,1944,-800,-108
1.4097,2207,1943,-800,-116
1.4101,2213,1943,-800,-124
1.4109,2213,1943,-800,-124
1.4112,2213,1943,-800,-124
1.4116,2213,1942,-800,-140
1.4120,2213,1942,-800,-140
1.4124,2213,1942,-800,-140
1.4128,2213,1942,-800,-140
1.4131,2213,1942,-800,-140
1.4135,2213,1942,-800,-148
1.4139,2213,1942,-800,-148
1.4143,2213,1942,-800,-148
1.4146,2213,1942,-800,-156
1.4150,2213,1942,-800,-156
1.4155,2213,1942,-800,-156
1.4158,2213,1942,-800,-156
1.4162,2213,1942,-800,-156
1.4166,2213,1942,-800,-164
1.4170,2213,1942,-800,-164
1.4175,2213,1942,-800,-172
1.4178,2213,1942,-800,-172
1.4182,2213,1942,-800,-172
1.4186,2213,1942,-800,-172
1.4189,2213,1942,-800,-172
1.4193,2213,1942,-800,-172
1.4197,2213,1942,-800,-180
1.4200,2214,1942,-800,-188
1.4208,2214,1942,-800,-188
1.4211,2214,1942,-800,-188
1.4215,2214,1942,-800,-196
1.4219,2214,1942,-800,-196
1.4223,2214,1942,-800,-196
1.4227,2214,1941,-800,-212
1.4230,2214,1941,-800,-212
1.4235,2214,1941,-800,-220
1.4238,2214,1941,-800,-220
1.4242,2214,1941,-800,-220
1.4246,2214,1941,-800,-228
1.4249,2214,1941,-800,-228
1.4253,2214,1941,-800,-220
1.4257,2214,1941,-800,-220
1.4261,2214,1941,-800,-220
1.4265,2214,1941,-800,-228
1.4269,2214,1941,-800,-228
1.4273,2214,1941,-800,-228
1.4277,2214,1941,-150,-236
1.4281,2214,1941,-150,-236
1.4285,2214,1941,-150,-244
1.4289,2214,1941,-150,-244
1.4292,2214,1941,-150,-244
1.4296,2214,1941,-150,-252
1.4300,2214,1941,-150,-252
1.4303,2209,1941,-150,-268
1.4311,2209,1941,-150,-268
1.4315,2209,1941,-150,-276
1.4319,2209,1941,-150,-276
1.4322,2209,1941,-150,-276
1.4326,2209,1941,-150,-284
1.4330,2209,1941,-150,-284
1.4334,2209,1941,-150,-292
1.4337,2209,1941,-150,-292
1.4341,2209,1941,-150,-292
1.4345,2209,1942,-150,-292
1.4349,2209,1942,-150,-292
1.4353,2209,1942,-150,-300
1.4357,2209,1942,-150,-300
1.4360,2209,1942,-150,-300
1.4365,2209,1943,-150,-300
1.4369,2209,1943,-150,-300
1.4372,2209,1943,-150,-300
1.4376,2209,1943,-150,-316
1.4380,2209,1943,-150,-316
1.4384,2209,1944,-150,-316
1.4387,2209,1944,-150,-316
1.4391,2209,1944,-150,-316
1.4395,2209,1944,-150,-324
1.4399,2209,1944,-150,-324
1.4403,2198,1945,-150,-332
1.4410,2198,1945,-150,-332
1.4413,2198,1945,-150,-340
1.4417,2198,1945,-150,-340
1.4421,2198,1945,-150,-340
1.4425,2198,1946,-150,-340
1.4429,2198,1946,-150,-340
1.4433,2198,1946,-150,-356
1.4437,2198,1946,-150,-356
1.4441,2198,1946,-150,-356
1.4445,2198,1947,-150,-356
1.4449,2198,1947,-150,-356
1.4452,2198,1948,-150,-368
1.4456,2198,1948,-150,-368
1.4460,2198,1948,-150,-368
1.4464,2198,1948,-150,-376
1.4468,2198,1948,-150,-376
1.4472,2198,1949,400,-384
1.4476,2198,1949,400,-384
1.4480,2198,1949,400,-384
1.4484,2198,1950,400,-384
1.4487,2198,1950,400,-384
1.4491,2198,1950,400,-384
1.4495,2198,1950,400,-400
1.4498,2198,1950,400,-400
1.4502,2182,1951,400,-400
1.4510,2182,1951,400,-400
1.4514,2182,1952,400,-408
1.4518,2182,1952,400,-408
1.4521,2182,1952,400,-408
1.4525,2182,1953,400,-408
1.4529,2182,1953,400,-408
1.4533,2182,1954,400,-416
1.4536,2182,1954,400,-416
1.4540,2182,1954,400,-416
1.4545,2182,1955,400,-424
1.4549,2182,1955,400,-424
1.4552,2182,1956,400,-424
1.4556,2182,1956,400,-424
1.4560,2182,1956,400,-424
1.4565,2182,1957,400,-432
1.4568,2182,1957,400,-432
1.4572,2182,1958,400,-440
1.4576,2182,1958,400,-440
1.4580,2182,1958,400,-440
1.4583,2182,1959,400,-448
1.4587,2182,1959,400,-448
1.4591,2182,1959,400,-448
1.4595,2182,1960,400,-448
1.4599,2182,1960,400,-448
1.4603,2160,1961,400,-456
1.4610,2160,1961,400,-456
1.4613,2160,1962,400,-464
1.4617,2160,1962,400,-464
1.4621,2160,1963,400,-472
1.4625,2160,1963,400,-472
1.4629,2160,1963,400,-472
1.4633,2160,1964,400,-480
1.4636,2160,1964,400,-480
1.4640,2160,1964,400,-480
1.4645,2160,1965,400,-488
1.4649,2160,1965,400,-488
1.4652,2160,1966,400,-488
1.4656,2160,1966,400,-488
1.4660,2160,1966,400,-488
1.4663,2160,1967,400,-496
1.4668,2160,1967,400,-496
1.4671,2160,1969,1000,-496
1.4675,2160,1969,1000,-496
1.4679,2160,1969,1000,-496
1.4682,2160,1970,1000,-504
1.4686,2160,1970,1000,-504
1.4690,2160,1970,1000,-504
1.4693,2160,1971,1000,-512
1.4697,2160,1971,1000,-512
1.4701,2135,1972,1000,-520
1.4709,2135,1972,1000,-520
1.4713,2135,1973,1000,-528
1.4716,2135,1973,1000,-528
1.4720,2135,1973,1000,-528
1.4724,2135,1974,1000,-536
1.4727,2135,1974,1000,-536
1.4731,2135,1974,1000,-536
1.4735,2135,1976,1000,-536
1.4738,2135,1976,1000,-536
1.4742,2135,1977,1000,-552
1.4746,2135,1977,1000,-552
1.4750,2135,1977,1000,-552
1.4754,2135,1979,1000,-552
1.4757,2135,1979,1000,-552
1.4761,2135,1980,1000,-560
1.4765,2135,1980,1000,-560
1.4768,2135,1980,1000,-560
1.4772,2135,1981,1000,-568
1.4776,2135,1981,1000,-568
1.4779,2135,1981,1000,-568
1.4783,2135,1983,1000,-568
1.4786,2135,1983,1000,-568
1.4790,2135,1983,1000,-568
1.4794,2135,1984,1000,-584
1.4797,2135,1984,1000,-584
1.4801,2107,1985,1000,-592
1.4807,2107,1985,1000,-592
1.4811,2107,1987,1000,-592
1.4815,2107,1987,1000,-592
1.4818,2107,1987,1000,-592
1.4822,2107,1989,1000,-592
1.4825,2107,1989,1000,-592
1.4829,2107,1989,1000,-592
1.4832,2107,1990,1000,-600
1.4836,2107,1990,1000,-600
1.4839,2107,1990,1000,-600
1.4843,2107,1992,1000,-600
1.4846,2107,1992,1000,-600
1.4850,2107,1992,1000,-600
1.4853,2107,1993,1000,-600
1.4858,2107,1993,1000,-600
1.4861,2107,1995,1000,-600
1.4865,2107,1995,1000,-600
1.4868,2107,1995,1000,-600
1.4872,2107,1996,1350,-600
1.4876,2107,1996,1350,-600
1.4879,2107,1996,1350,-600
1.4883,2107,1998,1350,-600
1.4886,2107,1998,1350,-600
1.4890,2107,1998,1350,-600
1.4893,2107,2000,1350,-600
1.4897,2107,2000,1350,-600
1.4901,2076,2001,1350,-600
1.4908,2076,2001,1350,-600
1.4912,2076,2003,1350,-600
1.4916,2076,2003,1350,-600
1.4919,2076,2003,1350,-600
1.4923,2076,2005,1350,-600
1.4926,2076,2005,1350,-600
1.4930,2076,2007,1350,-600
1.4934,2076,2007,1350,-600
1.4937,2076,2007,1350,-600
1.4941,2076,2008,1350,-600
1.4945,2076,2008,1350,-600
1.4949,2076,2008,1350,-600
1.4953,2076,2010,1350,-600
1.4956,2076,2010,1350,-600
1.4960,2076,2012,1350,-600
1.4966,2076,2012,1350,-600
1.4970,2076,2013,1350,-600
1.4974,2076,2013,1350,-600
1.4977,2076,2013,1350,-600
1.4981,2076,2015,1350,-600
1.4985,2076,2015,1350,-600
1.4989,2076,2015,1350,-600
1.4992,2076,2017,1350,-600
1.4996,2076,2017,1350,-600
1.5000,2076,2019,1350,-600
1.5003,2043,2019,1350,-600
1.5011,2043,2021,1350,-600
1.5015,2043,2021,1350,-600
1.5019,2043,2021,1350,-600
1.5023,2043,2022,1350,-600
1.5026,2043,2022,1350,-600
1.5030,2043,2024,1350,-600
1.5033,2043,2024,1350,-600
1.5037,2043,2024,1350,-600
1.5040,2043,2026,1350,-600
1.5045,2043,2026,1350,-600
1.5048,2043,2026,1350,-600
1.5052,2043,2028,1350,-544
1.5056,2043,2028,1350,-544
1.5059,2043,2030,1350,-536
1.5063,2043,2030,1350,-536
1.5066,2043,2030,1350,-536
1.5070,2043,2032,1800,-536
1.5074,2043,2032,1800,-536
1.5077,2043,2032,1800,-536
1.5082,2043,2034,1800,-528
1.5086,2043,2034,1800,-528
1.5089,2043,2036,1800,-528
1.5093,2043,2036,1800,-528
1.5096,2043,2036,1800,-528
1.5100,2012,2038,1800,-520
1.5107,2012,2038,1800,-520
1.5111,2012,2040,1800,-512
1.5115,2012,2040,1800,-512
1.5119,2012,2042,1800,-512
1.5122,2012,2042,1800,-512
1.5126,2012,2042,1800,-512
1.5130,2012,2043,1800,-512
1.5133,2012,2043,1800,-512
1.5137,2012,2043,1800,-512
1.5141,2012,2045,1800,-504
1.5145,2012,2045,1800,-504
1.5148,2012,2047,1800,-496
1.5152,2012,2047,1800,-496
1.5156,2012,2047,1800,-496
1.5160,2012,2049,1800,-496
1.5163,2012,2049,1800,-496
1.5167,2012,2049,1800,-496
1.5170,2012,2051,1800,-488
1.5175,2012,2051,1800,-488
1.5178,2012,2053,1800,-480
1.5182,2012,2053,1800,-480
1.5186,2012,2053,1800,-480
1.5190,2012,2055,1800,-472
1.5193,2012,2055,1800,-472
1.5197,2012,2055,1800,-472
1.5200,1981,2057,1800,-464
1.5208,1981,2057,1800,-464
1.5211,1981,2059,1800,-456
1.5215,1981,2059,1800,-456
1.5219,1981,2061,1800,-448
1.5223,1981,2061,1800,-448
1.5227,1981,2061,1800,-448
1.5230,1981,2063,1800,-440
1.5234,1981,2063,1800,-440
1.5237,1981,2063,1800,-440
1.5241,1981,2065,1800,-432
1.5245,1981,2065,1800,-432
1.5248,1981,2067,1800,-364
1.5252,1981,2067,1800,-364
1.5255,1981,2067,1800,-364
1.5259,1981,2068,1800,-364
1.5263,1981,2068,1800,-364
1.5266,1981,2068,1800,-364
1.5269,1981,2070,1900,-356
1.5273,1981,2070,1900,-356
1.5276,1981,2070,1900,-356
1.5280,1981,2072,1900,-348
1.5283,1981,2072,1900,-348
1.5287,1981,2072,1900,-348
1.5290,1981,2074,1900,-340
1.5295,1981,2074,1900,-340
1.5298,1981,2075,1900,-340
1.5302,1952,2075,1900,-340
1.5308,1952,2077,1900,-332
1.5312,1952,2077,1900,-332
1.5315,1952,2077,1900,-332
1.5319,1952,2079,1900,-324
1.5323,1952,2079,1900,-324
1.5326,1952,2079,1900,-324
1.5330,1952,2081,1900,-308
1.5334,1952,2081,1900,-308
1.5337,1952,2081,1900,-308
1.5341,1952,2083,1900,-300
1.5345,1952,2083,1900,-300
1.5349,1952,2084,1900,-300
1.5352,1952,2084,1900,-300
1.5356,1952,2084,1900,-300
1.5360,1952,2086,1900,-292
1.5364,1952,2086,1900,-292
1.5368,1952,2088,1900,-276
1.5371,1952,2088,1900,-276
1.5375,1952,2088,1900,-276
1.5379,1952,2089,1900,-276
1.5383,1952,2089,1900,-276
1.5386,1952,2089,1900,-276
1.5391,1952,2091,1900,-268
1.5395,1952,2091,1900,-268
1.5398,1952,2092,1900,-260
1.5402,1927,2092,1900,-260
1.5409,1927,2094,1900,-252
1.5413,1927,2094,1900,-252
1.5417,1927,2094,1900,-252
1.5420,1927,2095,1900,-244
1.5425,1927,2095,1900,-244
1.5429,1927,2097,1900,-236
1.5433,1927,2097,1900,-236
1.5437,1927,2097,1900,-236
1.5440,1927,2099,1900,-220
1.5445,1927,2099,1900,-220
1.5449,1927,2100,1900,-208
1.5453,1927,2100,1900,-208
1.5456,1927,2100,1900,-208
1.5460,1927,2102,1900,-192
1.5465,1927,2102,1900,-192
1.5469,1927,2103,1650,-192
1.5472,1927,2103,1650,-192
1.5476,1927,2103,1650,-192
1.5480,1927,2105,1650,-176
1.5483,1927,2105,1650,-176
1.5487,1927,2106,1650,-176
1.5491,1927,2106,1650,-176
1.5495,1927,2106,1650,-176
1.5499,1927,2107,1650,-168
1.5503,1905,2107,1650,-168
1.5509,1905,2109,1650,-152
1.5513,1905,2109,1650,-152
1.5517,1905,2110,1650,-152
1.5520,1905,2110,1650,-152
1.5525,1905,2110,1650,-152
1.5529,1905,2112,1650,-136
1.5532,1905,2112,1650,-136
1.5536,1905,2112,1650,-136
1.5540,1905,2113,1650,-128
1.5544,1905,2113,1650,-128
1.5548,1905,2114,1650,-120
1.5551,1905,2114,1650,-120
1.5555,1905,2114,1650,-120
1.5559,1905,2115,1650,-112
1.5563,1905,2115,1650,-112
1.5567,1905,2116,1650,-112
1.5570,1905,2116,1650,-112
1.5575,1905,2116,1650,-112
1.5579,1905,2117,1650,-104
1.5582,1905,2117,1650,-104
1.5586,1905,2117,1650,-104
1.5590,1905,2118,1650,-96
1.5594,1905,2118,1650,-96
1.5597,1905,2120,1650,-80
1.5601,1889,2120,1650,-80
1.5609,1889,2121,1650,-72
1.5612,1889,2121,1650,-72
1.5616,1889,2121,1650,-72
1.5619,1889,2122,1650,-64
1.5623,1889,2122,1650,-64
1.5627,1889,2123,1650,-56
1.5631,1889,2123,1650,-56
1.5635,1889,2123,1650,-56
1.5639,1889,2124,1650,-48
1.5643,1889,2124,1650,-48
1.5646,1889,2125,1650,-28
1.5650,1889,2125,1650,-28
1.5654,1889,2125,1650,-28
1.5658,1889,2126,1650,-20
1.5661,1889,2126,1650,-20
1.5665,1889,2126,1650,-20
1.5669,1889,2127,1200,20
1.5673,1889,2127,1200,20
1.5677,1889,2128,1200,36
1.5681,1889,2128,1200,36
1.5685,1889,2128,1200,36
1.5689,1889,2129,1200,44
1.5693,1889,2129,1200,44
1.5696,1889,2130,1200,52
1.5700,1879,2130,1200,52
1.5707,1879,2130,1200,52
1.5711,1879,2130,1200,52
1.5715,1879,2130,1200,52
1.5719,1879,2131,1200,68
1.5722,1879,2131,1200,68
1.5726,1879,2132,1200,76
1.5730,1879,2132,1200,76
1.5735,1879,2132,1200,76
1.5739,1879,2132,1200,76
1.5742,1879,2132,1200,76
1.5746,1879,2133,1200,92
1.5750,1879,2133,1200,92
1.5754,1879,2133,1200,92
1.5758,1879,2134,1200,100
1.5761,1879,2134,1200,100
1.5765,1879,2134,1200,100
1.5769,1879,2134,1200,100
1.5773,1879,2134,1200,100
1.5776,1879,2135,1200,100
1.5780,1879,2135,1200,100
1.5783,1879,2135,1200,100
1.5787,1879,2135,1200,100
1.5791,1879,2135,1200,100
1.5795,1879,2135,1200,100
1.5799,1879,2136,1200,116
1.5803,1874,2136,1200,116
1.5810,1874,2136,1200,116
1.5814,1874,2136,1200,116
1.5818,1874,2137,1200,132
1.5822,1874,2137,1200,132
1.5825,1874,2137,1200,132
1.5829,1874,2137,1200,132
1.5833,1874,2137,1200,132
1.5836,1874,2137,1200,140
1.5840,1874,2137,1200,140
1.5844,1874,2137,1200,140
1.5848,1874,2138,1200,136
1.5851,1874,2138,1200,136
1.5855,1874,2138,1200,144
1.5859,1874,2138,1200,144
1.5863,1874,2138,1200,144
1.5867,1874,2138,550,152
1.5871,1874,2138,550,152
1.5875,1874,2138,550,152
1.5879,1874,2138,550,152
1.5883,1874,2138,550,152
1.5887,1874,2138,550,160
1.5891,1874,2138,550,160
1.5895,1874,2138,550,168
1.5899,1874,2138,550,168
1.5903,1875,2138,550,176
1.5910,1875,2138,550,176
1.5913,1875,2138,550,176
1.5917,1875,2138,550,176
1.5921,1875,2138,550,176
1.5925,1875,2138,550,184
1.5929,1875,2138,550,184
1.5932,1875,2138,550,184
1.5936,1875,2138,550,192
1.5940,1875,2138,550,192
1.5943,1875,2138,550,192
1.5947,1875,2138,550,200
1.5951,1875,2138,550,200
1.5955,1875,2138,550,208
1.5959,1875,2138,550,208
1.5963,1875,2138,550,208
1.5967,1875,2138,550,216
1.5971,1875,2138,550,216
1.5975,1875,2138,550,224
1.5979,1875,2138,550,224
1.5983,1875,2138,550,224
1.5987,1875,2138,550,232
1.5990,1875,2138,550,232
1.5995,1875,2138,550,240
1.5999,1875,2138,550,240
1.6003,1882,2138,550,248
1.6010,1882,2138,550,248
1.6013,1882,2138,550,248
1.6017,1882,2138,550,256
1.6021,1882,2138,550,256
1.6025,1882,2138,550,264
1.6028,1882,2138,550,264
1.6032,1882,2138,550,264
1.6035,1882,2138,550,272
1.6039,1882,2138,550,272
1.6043,1882,2138,550,272
1.6047,1882,2138,550,280
1.6052,1882,2138,550,280
1.6055,1882,2138,550,288
1.6059,1882,2138,550,288
1.6063,1882,2138,550,288
1.6067,1882,2138,0,296
1.6071,1882,2138,0,296
1.6075,1882,2138,0,304
1.6079,1882,2138,0,304
1.6083,1882,2138,0,304
1.6087,1882,2138,0,320
1.6091,1882,2138,0,320
1.6095,1882,2137,0,320
1.6099,1882,2137,0,320
1.6103,1895,2137,0,328
1.6111,1895,2137,0,328
1.6115,1895,2136,0,336
1.6119,1895,2136,0,336
1.6122,1895,2136,0,336
1.6126,1895,2136,0,344
1.6130,1895,2136,0,344
1.6134,1895,2135,0,344
1.6137,1895,2135,0,344
1.6141,1895,2135,0,344
1.6145,1895,2134,0,352
1.6148,1895,2134,0,352
1.6152,1895,2134,0,352
1.6156,1895,2134,0,360
1.6159,1895,2134,0,360
1.6163,1895,2134,0,360
1.6167,1895,2133,0,360
1.6171,1895,2133,0,360
1.6175,1895,2133,0,376
1.6178,1895,2133,0,376
1.6182,1895,2133,0,376
1.6186,1895,2132,0,376
1.6190,1895,2132,0,376
1.6194,1895,2131,0,384
1.6198,1895,2131,0,384
1.6201,1913,2130,0,384
1.6208,1913,2130,0,384
1.6212,1913,2130,0,384
1.6216,1913,2129,0,392
1.6219,1913,2129,0,392
1.6223,1913,2129,0,392
1.6226,1913,2128,0,392
1.6230,1913,2128,0,392
1.6234,1913,2128,0,408
1.6237,1913,2128,0,408
1.6241,1913,2128,0,408
1.6245,1913,2127,0,412
1.6248,1913,2127,0,412
1.6252,1913,2127,0,412
1.6256,1913,2126,0,412
1.6260,1913,2126,0,412
1.6263,1913,2125,-650,420
1.6267,1913,2125,-650,420
1.6271,1913,2125,-650,420
1.6275,1913,2124,-650,428
1.6278,1913,2124,-650,428
1.6282,1913,2124,-650,428
1.6285,1913,2124,-650,436
1.6289,1913,2124,-650,436
1.6293,1913,2124,-650,444
1.6296,1913,2123,-650,444
1.6300,1913,2123,-650,444
1.6304,1936,2121,-650,444
1.6311,1936,2121,-650,444
1.6315,1936,2120,-650,452
1.6318,1936,2120,-650,452
1.6322,1936,2120,-650,452
1.6325,1936,2119,-650,460
1.6329,1936,2119,-650,460
1.6333,1936,2119,-650,468
1.6336,1936,2119,-650,468
1.6340,1936,2119,-650,468
1.6344,1936,2117,-650,468
1.6347,1936,2117,-650,468
1.6351,1936,2117,-650,468
1.6355,1936,2116,-650,476
1.6359,1936,2116,-650,476
1.6363,1936,2115,-650,484
1.6367,1936,2115,-650,484
1.6371,1936,2115,-650,484
1.6375,1936,2114,-650,492
1.6379,1936,2114,-650,492
1.6382,1936,2113,-650,500
1.6386,1936,2113,-650,500
1.6390,1936,2113,-650,500
1.6394,1936,2112,-650,508
1.6398,1936,2112,-650,508
1.6402,1962,2110,-650,508
1.6409,1962,2110,-650,508
1.6412,1962,2109,-650,516
1.6416,1962,2109,-650,516
1.6420,1962,2109,-650,516
1.6424,1962,2108,-650,524
1.6428,1962,2108,-650,524
1.6431,1962,2108,-650,524
1.6435,1962,2107,-650,532
1.6439,1962,2107,-650,532
1.6443,1962,2105,-650,524
1.6447,1962,2105,-650,524
1.6451,1962,2105,-650,524
1.6455,1962,2104,-650,540
1.6459,1962,2104,-650,540
1.6462,1962,2103,-1100,548
1.6466,1962,2103,-1100,548
1.6470,1962,2103,-1100,548
1.6475,1962,2101,-1100,548
1.6478,1962,2101,-1100,548
1.6482,1962,2100,-1100,556
1.6486,1962,2100,-1100,556
1.6489,1962,2100,-1100,556
1.6493,1962,2099,-1100,564
1.6496,1962,2099,-1100,564
1.6500,1991,2097,-1100,564
1.6507,1991,2097,-1100,564
1.6511,1991,2097,-1100,564
1.6515,1991,2096,-1100,572
1.6518,1991,2096,-1100,572
1.6522,1991,2094,-1100,572
1.6526,1991,2094,-1100,572
1.6529,1991,2094,-1100,572
1.6533,1991,2093,-1100,580
1.6536,1991,2093,-1100,580
1.6540,1991,2093,-1100,580
1.6544,1991,2091,-1100,572
1.6547,1991,2091,-1100,572
1.6551,1991,2091,-1100,572
1.6555,1991,2090,-1100,580
1.6558,1991,2090,-1100,580
1.6562,1991,2088,-1100,580
1.6565,1991,2088,-1100,580
1.6570,1991,2088,-1100,580
1.6574,1991,2086,-1100,580
1.6577,1991,2086,-1100,580
1.6581,1991,2086,-1100,580
1.6585,1991,2085,-1100,588
1.6588,1991,2085,-1100,588
1.6592,1991,2084,-1100,588
1.6595,1991,2084,-1100,588
1.6599,1991,2084,-1100,588
1.6602,2023,2082,-1100,588
1.6609,2023,2082,-1100,588
1.6613,2023,2080,-1100,588
1.6616,2023,2080,-1100,588
1.6620,2023,2080,-1100,588
1.6623,2023,2078,-1100,588
1.6627,2023,2078,-1100,588
1.6630,2023,2078,-1100,588
1.6635,2023,2077,-1100,588
1.6638,2023,2077,-1100,588
1.6642,2023,2075,-1100,560
1.6646,2023,2075,-1100,560
1.6649,2023,2075,-1100,560
1.6653,2023,2073,-1100,552
1.6656,2023,2073,-1100,552
1.6660,2023,2073,-1100,552
1.6663,2023,2072,-1550,560
1.6667,2023,2072,-1550,560
1.6670,2023,2072,-1550,560
1.6674,2023,2070,-1550,560
1.6678,2023,2070,-1550,560
1.6682,2023,2068,-1550,552
1.6685,2023,2068,-1550,552
1.6689,2023,2068,-1550,552
1.6692,2023,2066,-1550,552
1.6696,2023,2066,-1550,552
1.6700,2023,2066,-1550,552
1.6704,2056,2065,-1550,552
1.6710,2056,2065,-1550,552
1.6715,2056,2063,-1550,544
1.6718,2056,2063,-1550,544
1.6722,2056,2061,-1550,544
1.6726,2056,2061,-1550,544
1.6729,2056,2061,-1550,544
1.6733,2056,2059,-1550,536
1.6737,2056,2059,-1550,536
1.6740,2056,2059,-1550,536
1.6744,2056,2057,-1550,536
1.6747,2056,2057,-1550,536
1.6751,2056,2055,-1550,528
1.6755,2056,2055,-1550,528
1.6758,2056,2055,-1550,528
1.6762,2056,2054,-1550,528
1.6765,2056,2054,-1550,528
1.6769,2056,2054,-1550,528
1.6773,2056,2052,-1550,528
1.6778,2056,2052,-1550,528
1.6782,2056,2050,-1550,520
1.6786,2056,2050,-1550,520
1.6789,2056,2050,-1550,520
1.6793,2056,2048,-1550,512
1.6797,2056,2048,-1550,512
1.6801,2087,2046,-1550,504
1.6808,2087,2046,-1550,504
1.6812,2087,2044,-1550,504
1.6817,2087,2044,-1550,504
1.6821,2087,2043,-1550,504
1.6825,2087,2043,-1550,504
1.6828,2087,2043,-1550,504
1.6832,2087,2041,-1550,496
1.6836,2087,2041,-1550,496
1.6839,2087,2041,-1550,496
1.6843,2087,2039,-1550,420
1.6847,2087,2039,-1550,420
1.6850,2087,2037,-1550,412
1.6855,2087,2037,-1550,412
1.6858,2087,2037,-1550,412
1.6862,2087,2035,-1850,404
1.6866,2087,2035,-1850,404
1.6869,2087,2035,-1850,404
1.6873,2087,2033,-1850,396
1.6877,2087,2033,-1850,396
1.6880,2087,2032,-1850,396
1.6885,2087,2032,-1850,396
1.6889,2087,2032,-1850,396
1.6893,2087,2030,-1850,388
1.6897,2087,2030,-1850,388
1.6900,2117,2028,-1850,380
1.6907,2117,2028,-1850,380
1.6911,2117,2027,-1850,380
1.6915,2117,2027,-1850,380
1.6918,2117,2027,-1850,380
1.6922,2117,2025,-1850,372
1.6925,2117,2025,-1850,372
1.6929,2117,2025,-1850,372
1.6933,2117,2023,-1850,364
1.6936,2117,2023,-1850,364
1.6940,2117,2021,-1850,356
1.6944,2117,2021,-1850,356
1.6947,2117,2021,-1850,356
1.6951,2117,2019,-1850,348
1.6955,2117,2019,-1850,348
1.6958,2117,2019,-1850,348
1.6962,2117,2017,-1850,332
1.6966,2117,2017,-1850,332
1.6970,2117,2016,-1850,332
1.6973,2117,2016,-1850,332
1.6977,2117,2016,-1850,332
1.6981,2117,2014,-1850,324
1.6985,2117,2014,-1850,324
1.6988,2117,2014,-1850,324
1.6992,2117,2012,-1850,316
1.6995,2117,2012,-1850,316
1.6999,2117,2012,-1850,316
1.7002,2145,2011,-1850,308
1.7009,2145,2009,-1850,300
1.7013,2145,2009,-1850,300
1.7016,2145,2009,-1850,300
1.7020,2145,2007,-1850,292
1.7023,2145,2007,-1850,292
1.7027,2145,2007,-1850,292
1.7031,2145,2006,-1850,284
1.7035,2145,2006,-1850,284
1.7038,2145,2006,-1850,284
1.7042,2145,2004,-1850,240
1.7045,2145,2004,-1850,240
1.7048,2145,2004,-1850,240
1.7052,2145,2003,-1850,240
1.7055,2145,2003,-1850,240
1.7059,2145,2001,-1700,224
1.7063,2145,2001,-1700,224
1.7066,2145,2001,-1700,224
1.7070,2145,2000,-1700,224
1.7073,2145,2000,-1700,224
1.7077,2145,2000,-1700,224
1.7080,2145,1998,-1700,208
1.7084,2145,1998,-1700,208
1.7087,2145,1998,-1700,208
1.7091,2145,1997,-1700,208
1.7095,2145,1997,-1700,208
1.7099,2145,1995,-1700,192
1.7102,2169,1995,-1700,192
1.7109,2169,1994,-1700,192
1.7113,2169,1994,-1700,192
1.7117,2169,1994,-1700,192
1.7120,2169,1992,-1700,176
1.7125,2169,1992,-1700,176
1.7129,2169,1991,-1700,168
1.7133,2169,1991,-1700,168
1.7137,2169,1991,-1700,168
1.7140,2169,1990,-1700,168
1.7145,2169,1990,-1700,168
1.7148,2169,1990,-1700,168
1.7152,2169,1988,-1700,152
1.7156,2169,1988,-1700,152
1.7159,2169,1987,-1700,144
1.7163,2169,1987,-1700,144
1.7167,2169,1987,-1700,144
1.7170,2169,1986,-1700,144
1.7175,2169,1986,-1700,144
1.7178,2169,1985,-1700,136
1.7182,2169,1985,-1700,136
1.7185,2169,1985,-1700,136
1.7189,2169,1983,-1700,120
1.7192,2169,1983,-1700,120
1.7196,2169,1983,-1700,120
1.7200,2169,1982,-1700,112
1.7203,2189,1982,-1700,112
1.7211,2189,1981,-1700,104
1.7215,2189,1981,-1700,104
1.7219,2189,1980,-1700,104
1.7223,2189,1980,-1700,104
1.7227,2189,1980,-1700,104
1.7231,2189,1979,-1700,96
1.7235,2189,1979,-1700,96
1.7238,2189,1978,-1700,84
1.7242,2189,1978,-1700,84
1.7246,2189,1978,-1700,84
1.7249,2189,1976,-1700,68
1.7253,2189,1976,-1700,68
1.7256,2189,1976,-1700,68
1.7260,2189,1975,-1300,60
1.7264,2189,1975,-1300,60
1.7267,2189,1975,-1300,60
1.7271,2189,1974,-1300,52
1.7275,2189,1974,-1300,52
1.7278,2189,1973,-1300,44
1.7282,2189,1973,-1300,44
1.7285,2189,1973,-1300,44
1.7289,2189,1972,-1300,36
1.7293,2189,1972,-1300,36
1.7297,2189,1972,-1300,36
1.7300,2203,1972,-1300,36
1.7307,2203,1972,-1300,36
1.7311,2203,1971,-1300,20
1.7315,2203,1971,-1300,20
1.7318,2203,1970,-1300,-20
1.7322,2203,1970,-1300,-20
1.7325,2203,1970,-1300,-20
1.7329,2203,1969,-1300,-28
1.7333,2203,1969,-1300,-28
1.7336,2203,1969,-1300,-28
1.7340,2203,1968,-1300,-36
1.7344,2203,1968,-1300,-36
1.7347,2203,1967,-1300,-44
1.7351,2203,1967,-1300,-44
1.7355,2203,1967,-1300,-44
1.7358,2203,1966,-1300,-60
1.7362,2203,1966,-1300,-60
1.7366,2203,1966,-1300,-60
1.7370,2203,1966,-1300,-60
1.7374,2203,1966,-1300,-60
1.7378,2203,1965,-1300,-68
1.7381,2203,1965,-1300,-68
1.7385,2203,1965,-1300,-68
1.7389,2203,1964,-1300,-84
1.7392,2203,1964,-1300,-84
1.7396,2203,1964,-1300,-84
1.7400,2203,1964,-1300,-84
1.7403,2212,1964,-1300,-84
1.7410,2212,1963,-1300,-92
1.7415,2212,1963,-1300,-92
1.7418,2212,1963,-1300,-92
1.7422,2212,1963,-1300,-92
1.7425,2212,1963,-1300,-92
1.7429,2212,1962,-1300,-92
1.7433,2212,1962,-1300,-92
1.7436,2212,1962,-1300,-92
1.7440,2212,1962,-1300,-100
1.7443,2212,1962,-1300,-100
1.7447,2212,1962,-1300,-100
1.7450,2212,1961,-1300,-108
1.7454,2212,1961,-1300,-108
1.7457,2212,1961,-700,-116
1.7461,2212,1961,-700,-116
1.7465,2212,1961,-700,-116
1.7468,2212,1960,-700,-132
1.7471,2212,1960,-700,-132
1.7475,2212,1960,-700,-132
1.7478,2212,1960,-700,-132
1.7482,2212,1960,-700,-132
1.7485,2212,1960,-700,-132
1.7489,2212,1960,-700,-140
1.7492,2212,1960,-700,-140
1.7495,2212,1960,-700,-140
1.7499,2212,1960,-700,-140
1.7502,2215,1960,-700,-140
1.7509,2215,1960,-700,-148
1.7513,2215,1960,-700,-148
1.7516,2215,1960,-700,-148
1.7520,2215,1959,-700,-164
1.7523,2215,1959,-700,-164
1.7527,2215,1959,-700,-164
1.7531,2215,1959,-700,-164
1.7535,2215,1959,-700,-164
1.7539,2215,1959,-700,-172
1.7543,2215,1959,-700,-172
1.7546,2215,1959,-700,-180
1.7550,2215,1959,-700,-180
1.7553,2215,1959,-700,-180
1.7557,2215,1959,-700,-188
1.7563,2215,1959,-700,-188
1.7567,2215,1959,-700,-188
1.7571,2215,1959,-700,-188
1.7575,2215,1959,-700,-188
1.7578,2215,1959,-700,-196
1.7582,2215,1959,-700,-196
1.7585,2215,1959,-700,-196
1.7589,2215,1959,-700,-204
1.7592,2215,1959,-700,-204
1.7596,2215,1959,-700,-212
1.7599,2215,1959,-700,-212
1.7603,2211,1959,-700,-220
1.7610,2211,1959,-700,-220
1.7613,2211,1959,-700,-220
1.7617,2211,1959,-700,-228
1.7621,2211,1959,-700,-228
1.7625,2211,1959,-700,-228
1.7629,2211,1959,-700,-236
1.7632,2211,1959,-700,-236
1.7636,2211,1959,-700,-240
1.7640,2211,1959,-700,-240
1.7643,2211,1959,-700,-240
1.7647,2211,1959,-700,-248
1.7651,2211,1959,-700,-248
1.7655,2211,1959,-700,-248
1.7658,2211,1959,-100,-256
1.7662,2211,1959,-100,-256
1.7666,2211,1959,-100,-264
1.7669,2211,1959,-100,-264
1.7673,2211,1959,-100,-264
1.7677,2211,1959,-100,-272
1.7680,2211,1959,-100,-272
1.7684,2211,1959,-100,-272
1.7688,2211,1959,-100,-280
1.7691,2211,1959,-100,-280
1.7695,2211,1959,-100,-280
1.7699,2211,1959,-100,-288
1.7702,2202,1959,-100,-304
1.7710,2202,1959,-100,-304
1.7714,2202,1959,-100,-304
1.7717,2202,1960,-100,-304
1.7721,2202,1960,-100,-304
1.7725,2202,1960,-100,-304
1.7729,2202,1960,-100,-312
1.7733,2202,1960,-100,-312
1.7737,2202,1961,-100,-312
1.7741,2202,1961,-100,-312
1.7746,2202,1961,-100,-320
1.7750,2202,1961,-100,-320
1.7753,2202,1961,-100,-320
1.7757,2202,1962,-100,-328
1.7761,2202,1962,-100,-328
1.7765,2202,1962,-100,-336
1.7769,2202,1962,-100,-336
1.7773,2202,1962,-100,-336
1.7777,2202,1963,-100,-336
1.7780,2202,1963,-100,-336
1.7784,2202,1963,-100,-336
1.7787,2202,1964,-100,-344
1.7791,2202,1964,-100,-344
1.7795,2202,1964,-100,-344
1.7799,2202,1964,-100,-352
1.7803,2188,1965,-100,-360
1.7809,2188,1965,-100,-360
1.7812,2188,1965,-100,-360
1.7816,2188,1965,-100,-368
1.7819,2188,1965,-100,-368
1.7823,2188,1965,-100,-368
1.7827,2188,1966,-100,-376
1.7831,2188,1966,-100,-376
1.7835,2188,1967,-100,-372
1.7839,2188,1967,-100,-372
1.7843,2188,1967,-100,-372
1.7847,2188,1968,-100,-380
1.7850,2188,1968,-100,-380
1.7854,2188,1968,-100,-380
1.7857,2188,1968,450,-388
1.7861,2188,1968,450,-388
1.7865,2188,1969,450,-396
1.7869,2188,1969,450,-396
1.7873,2188,1969,450,-396
1.7877,2188,1970,450,-396
1.7880,2188,1970,450,-396
1.7885,2188,1971,450,-404
1.7889,2188,1971,450,-404
1.7892,2188,1971,450,-404
1.7896,2188,1972,450,-412
1.7900,2188,1972,450,-412
1.7904,2168,1972,450,-420
1.7910,2168,1972,450,-420
1.7915,2168,1973,450,-428
1.7918,2168,1973,450,-428
1.7922,2168,1973,450,-428
1.7926,2168,1974,450,-436
1.7929,2168,1974,450,-436
1.7933,2168,1974,450,-436
1.7937,2168,1975,450,-436
1.7941,2168,1975,450,-436
1.7945,2168,1976,450,-444
1.7949,2168,1976,450,-444
1.7952,2168,1976,450,-444
1.7956,2168,1977,450,-452
1.7960,2168,1977,450,-452
1.7965,2168,1978,450,-460
1.7968,2168,1978,450,-460
1.7972,2168,1978,450,-460
1.7976,2168,1979,450,-468
1.7980,2168,1979,450,-468
1.7983,2168,1979,450,-468
1.7987,2168,1980,450,-476
1.7991,2168,1980,450,-476
1.7995,2168,1981,450,-476
1.7998,2168,1981,450,-476
1.8001,2144,1983,450,-476
1.8008,2144,1983,450,-476
1.8011,2144,1983,450,-476
1.8015,2144,1984,450,-484
1.8018,2144,1984,450,-484
1.8022,2144,1984,450,-484
1.8026,2144,1985,450,-492
1.8030,2144,1985,450,-492
1.8034,2144,1986,450,-496
1.8037,2144,1986,450,-496
1.8041,2144,1986,450,-496
1.8045,2144,1987,450,-504
1.8049,2144,1987,450,-504
1.8053,2144,1987,450,-504
1.8057,2144,1988,1000,-512
1.8060,2144,1988,1000,-512
1.8065,2144,1990,1000,-512
1.8068,2144,1990,1000,-512
1.8072,2144,1990,1000,-512
1.8076,2144,1991,1000,-528
1.8079,2144,1991,1000,-528
1.8083,2144,1991,1000,-528
1.8087,2144,1992,1000,-536
1.8091,2144,1992,1000,-536
1.8095,2144,1993,1000,-544
1.8099,2144,1993,1000,-544
1.8102,2116,1995,1000,-544
1.8109,2116,1995,1000,-544
1.8113,2116,1995,1000,-544
1.8116,2116,1996,1000,-552
1.8120,2116,1996,1000,-552
1.8124,2116,1997,1000,-560
1.8128,2116,1997,1000,-560
1.8131,2116,1997,1000,-560
1.8135,2116,1999,1000,-560
1.8139,2116,1999,1000,-560
1.8142,2116,1999,1000,-560
1.8146,2116,2000,1000,-576
1.8150,2116,2000,1000,-576
1.8154,2116,2001,1000,-584
1.8157,2116,2001,1000,-584
1.8161,2116,2001,1000,-584
1.8165,2116,2003,1000,-584
1.8169,2116,2003,1000,-584
1.8172,2116,2003,1000,-584
1.8176,2116,2005,1000,-584
1.8180,2116,2005,1000,-584
1.8184,2116,2006,1000,-592
1.8188,2116,2006,1000,-592
1.8192,2116,2006,1000,-592
1.8195,2116,2008,1000,-592
1.8199,2116,2008,1000,-592
1.8203,2086,2009,1000,-592
1.8210,2086,2009,1000,-592
1.8214,2086,2011,1000,-592
1.8218,2086,2011,1000,-592
1.8222,2086,2011,1000,-592
1.8226,2086,2012,1000,-600
1.8229,2086,2012,1000,-600
1.8233,2086,2014,1000,-588
1.8237,2086,2014,1000,-588
1.8241,2086,2014,1000,-588
1.8245,2086,2015,1000,-596
1.8248,2086,2015,1000,-596
1.8252,2086,2015,1000,-596
1.8256,2086,2017,1450,-596
1.8260,2086,2017,1450,-596
1.8264,2086,2019,1450,-596
1.8268,2086,2019,1450,-596
1.8271,2086,2019,1450,-596
1.8276,2086,2020,1450,-596
1.8279,2086,2020,1450,-596
1.8283,2086,2022,1450,-596
1.8287,2086,2022,1450,-596
1.8291,2086,2022,1450,-596
1.8295,2086,2024,1450,-596
1.8299,2086,2024,1450,-596
1.8302,2054,2026,1450,-588
1.8310,2054,2026,1450,-588
1.8313,2054,2027,1450,-596
1.8317,2054,2027,1450,-596
1.8321,2054,2027,1450,-596
1.8325,2054,2029,1450,-596
1.8328,2054,2029,1450,-596
1.8332,2054,2029,1450,-596
1.8336,2054,2031,1450,-588
1.8339,2054,2031,1450,-588
1.8343,2054,2033,1450,-588
1.8346,2054,2033,1450,-588
1.8350,2054,2033,1450,-588
1.8354,2054,2034,1450,-588
1.8357,2054,2034,1450,-588
1.8361,2054,2034,1450,-588
1.8365,2054,2036,1450,-588
1.8369,2054,2036,1450,-588
1.8372,2054,2038,1450,-580
1.8376,2054,2038,1450,-580
1.8380,2054,2038,1450,-580
1.8383,2054,2040,1450,-580
1.8387,2054,2040,1450,-580
1.8391,2054,2040,1450,-580
1.8395,2054,2042,1450,-572
1.8398,2054,2042,1450,-572
1.8402,2022,2044,1450,-572
1.8409,2022,2044,1450,-572
1.8413,2022,2046,1450,-564
1.8417,2022,2046,1450,-564
1.8421,2022,2046,1450,-564
1.8425,2022,2048,1450,-564
1.8428,2022,2048,1450,-564
1.8432,2022,2049,1450,-500
1.8436,2022,2049,1450,-500
1.8440,2022,2049,1450,-500
1.8445,2022,2052,1450,-484
1.8449,2022,2052,1450,-484
1.8452,2022,2053,1800,-484
1.8456,2022,2053,1800,-484
1.8460,2022,2053,1800,-484
1.8463,2022,2055,1800,-484
1.8467,2022,2055,1800,-484
1.8471,2022,2055,1800,-484
1.8475,2022,2057,1800,-476
1.8479,2022,2057,1800,-476
1.8482,2022,2059,1800,-468
1.8486,2022,2059,1800,-468
1.8490,2022,2059,1800,-468
1.8493,2022,2061,1800,-460
1.8497,2022,2061,1800,-460
1.8501,1991,2063,1800,-460
1.8509,1991,2063,1800,-460
1.8512,1991,2065,1800,-452
1.8516,1991,2065,1800,-452
1.8520,1991,2065,1800,-452
1.8524,1991,2067,1800,-444
1.8527,1991,2067,1800,-444
1.8531,1991,2069,1800,-436
1.8535,1991,2069,1800,-436
1.8539,1991,2069,1800,-436
1.8543,1991,2070,1800,-436
1.8547,1991,2070,1800,-436
1.8551,1991,2070,1800,-436
1.8555,1991,2072,1800,-428
1.8559,1991,2072,1800,-428
1.8562,1991,2074,1800,-420
1.8566,1991,2074,1800,-420
1.8570,1991,2074,1800,-420
1.8574,1991,2076,1800,-412
1.8578,1991,2076,1800,-412
1.8581,1991,2078,1800,-404
1.8585,1991,2078,1800,-404
1.8589,1991,2078,1800,-404
1.8593,1991,2079,1800,-404
1.8596,1991,2079,1800,-404
1.8600,1962,2081,1800,-396
1.8607,1962,2081,1800,-396
1.8611,1962,2083,1800,-388
1.8615,1962,2083,1800,-388
1.8619,1962,2083,1800,-388
1.8622,1962,2085,1800,-380
1.8626,1962,2085,1800,-380
1.8630,1962,2085,1800,-380
1.8635,1962,2087,1800,-308
1.8639,1962,2087,1800,-308
1.8643,1962,2088,1800,-308
1.8647,1962,2088,1800,-308
1.8650,1962,2088,1800,-308
1.8654,1962,2090,1850,-300
1.8657,1962,2090,1850,-300
1.8661,1962,2092,1850,-292
1.8665,1962,2092,1850,-292
1.8668,1962,2092,1850,-292
1.8672,1962,2093,1850,-292
1.8676,1962,2093,1850,-292
1.8680,1962,2093,1850,-292
1.8684,1962,2095,1850,-276
1.8688,1962,2095,1850,-276
1.8692,1962,2097,1850,-268
1.8696,1962,2097,1850,-268
1.8699,1962,2097,1850,-268
1.8703,1934,2098,1850,-268
1.8710,1934,2098,1850,-268
1.8713,1934,2100,1850,-252
1.8717,1934,2100,1850,-252
1.8721,1934,2102,1850,-244
1.8725,1934,2102,1850,-244
1.8729,1934,2102,1850,-244
1.8733,1934,2103,1850,-236
1.8737,1934,2103,1850,-236
1.8741,1934,2105,1850,-228
1.8745,1934,2105,1850,-228
1.8749,1934,2105,1850,-228
1.8753,1934,2106,1850,-220
1.8757,1934,2106,1850,-220
1.8761,1934,2108,1850,-212
1.8765,1934,2108,1850,-212
1.8768,1934,2108,1850,-212
1.8772,1934,2109,1850,-204
1.8776,1934,2109,1850,-204
1.8780,1934,2111,1850,-196
1.8784,1934,2111,1850,-196
1.8787,1934,2111,1850,-196
1.8791,1934,2112,1850,-188
1.8795,1934,2112,1850,-188
1.8799,1934,2112,1850,-188
1.8803,1912,2113,1850,-188
1.8810,1912,2115,1850,-172
1.8813,1912,2115,1850,-172
1.8817,1912,2115,1850,-172
1.8821,1912,2116,1850,-172
1.8825,1912,2116,1850,-172
1.8829,1912,2116,1850,-172
1.8833,1912,2118,1850,-148
1.8837,1912,2118,1850,-148
1.8840,1912,2119,1850,-140
1.8845,1912,2119,1850,-140
1.8849,1912,2119,1850,-140
1.8853,1912,2120,1500,-132
1.8857,1912,2120,1500,-132
1.8860,1912,2121,1500,-132
1.8865,1912,2121,1500,-132
1.8869,1912,2121,1500,-132
1.8873,1912,2123,1500,-116
1.8877,1912,2123,1500,-116
1.8880,1912,2124,1500,-108
1.8885,1912,2124,1500,-108
1.8889,1912,2124,1500,-108
1.8893,1912,2125,1500,-100
1.8896,1912,2125,1500,-100
1.8900,1894,2126,1500,-92
1.8907,1894,2126,1500,-92
1.8911,1894,2127,1500,-92
1.8915,1894,2127,1500,-92
1.8918,1894,2127,1500,-92
1.8922,1894,2129,1500,-76
1.8926,1894,2129,1500,-76
1.8930,1894,2130,1500,-68
1.8933,1894,2130,1500,-68
1.8937,1894,2130,1500,-68
1.8941,1894,2131,1500,-60
1.8945,1894,2131,1500,-60
1.8949,1894,2132,1500,-52
1.8953,1894,2132,1500,-52
1.8957,1894,2132,1500,-52
1.8961,1894,2133,1500,-44
1.8965,1894,2133,1500,-44
1.8969,1894,2134,1500,-36
1.8973,1894,2134,1500,-36
1.8977,1894,2134,1500,-36
1.8981,1894,2135,1500,-20
1.8985,1894,2135,1500,-20
1.8989,1894,2136,1500,20
1.8993,1894,2136,1500,20
1.8997,1894,2136,1500,20
1.9000,1882,2137,1500,28
1.9008,1882,2137,1500,28
1.9012,1882,2137,1500,28
1.9016,1882,2137,1500,28
1.9019,1882,2138,1500,36
1.9023,1882,2138,1500,36
1.9027,1882,2138,1500,36
1.9031,1882,2139,1500,60
1.9035,1882,2139,1500,60
1.9039,1882,2140,1500,68
1.9042,1882,2140,1500,68
1.9046,1882,2140,1500,68
1.9050,1882,2140,1000,68
1.9055,1882,2140,1000,68
1.9059,1882,2141,1000,84
1.9063,1882,2141,1000,84
1.9066,1882,2141,1000,84
1.9070,1882,2142,1000,92
1.9075,1882,2142,1000,92
1.9079,1882,2142,1000,92
1.9083,1882,2142,1000,92
1.9087,1882,2142,1000,92
1.9091,1882,2143,1000,100
1.9095,1882,2143,1000,100
1.9098,1882,2143,1000,100
1.9102,1875,2143,1000,100
1.9109,1875,2144,1000,108
1.9113,1875,2144,1000,108
1.9117,1875,2144,1000,108
1.9121,1875,2144,1000,108
1.9125,1875,2144,1000,108
1.9129,1875,2145,1000,124
1.9133,1875,2145,1000,124
1.9137,1875,2145,1000,124
1.9141,1875,2145,1000,124
1.9145,1875,2145,1000,124
1.9149,1875,2145,1000,132
1.9153,1875,2145,1000,132
1.9157,1875,2145,1000,132
1.9160,1875,2146,1000,140
1.9165,1875,2146,1000,140
1.9169,1875,2146,1000,148
1.9173,1875,2146,1000,148
1.9176,1875,2146,1000,148
1.9180,1875,2146,1000,148
1.9184,1875,2146,1000,148
1.9187,1875,2146,1000,148
1.9191,1875,2146,1000,156
1.9195,1875,2146,1000,156
1.9198,1875,2147,1000,172
1.9202,1874,2147,1000,172
1.9209,1874,2147,1000,180
1.9213,1874,2147,1000,180
1.9217,1874,2147,1000,180
1.9221,1874,2147,1000,180
1.9225,1874,2147,1000,180
1.9229,1874,2147,1000,168
1.9233,1874,2147,1000,168
1.9237,1874,2147,1000,168
1.9240,1874,2147,1000,176
1.9245,1874,2147,1000,176
1.9249,1874,2147,350,184
1.9253,1874,2147,350,184
1.9256,1874,2147,350,184
1.9260,1874,2147,350,184
1.9264,1874,2147,350,184
1.9268,1874,2147,350,192
1.9272,1874,2147,350,192
1.9276,1874,2147,350,192
1.9279,1874,2147,350,200
1.9283,1874,2147,350,200
1.9287,1874,2147,350,200
1.9290,1874,2147,350,208
1.9295,1874,2147,350,208
1.9299,1874,2147,350,216
1.9303,1879,2147,350,216
1.9310,1879,2147,350,224
1.9314,1879,2147,350,224
1.9317,1879,2147,350,232
1.9321,1879,2147,350,232
1.9325,1879,2147,350,232
1.9328,1879,2147,350,240
1.9332,1879,2147,350,240
1.9336,1879,2147,350,240
1.9340,1879,2147,350,248
1.9343,1879,2147,350,248
1.9347,1879,2147,350,256
1.9351,1879,2147,350,256
1.9355,1879,2147,350,256
1.9359,1879,2147,350,264
1.9363,1879,2147,350,264
1.9366,1879,2147,350,264
1.9370,1879,2147,350,272
1.9375,1879,2147,350,272
1.9378,1879,2147,350,280
1.9382,1879,2147,350,280
1.9386,1879,2147,350,280
1.9390,1879,2147,350,296
1.9394,1879,2147,350,296
1.9398,1879,2147,350,304
1.9402,1890,2147,350,304
1.9409,1890,2147,350,312
1.9413,1890,2147,350,312
1.9416,1890,2147,350,312
1.9420,1890,2146,350,312
1.9425,1890,2146,350,312
1.9429,1890,2146,350,344
1.9433,1890,2146,350,344
1.9437,1890,2145,350,344
1.9442,1890,2145,350,344
1.9446,1890,2145,350,344
1.9450,1890,2144,-150,344
1.9453,1890,2144,-150,344
1.9457,1890,2144,-150,360
1.9461,1890,2144,-150,360
1.9465,1890,2144,-150,360
1.9469,1890,2143,-150,360
1.9473,1890,2143,-150,360
1.9477,1890,2143,-150,368
1.9480,1890,2143,-150,368
1.9485,1890,2143,-150,368
1.9489,1890,2142,-150,376
1.9493,1890,2142,-150,376
1.9496,1890,2142,-150,384
1.9500,1906,2142,-150,384
1.9507,1906,2141,-150,392
1.9511,1906,2141,-150,392
1.9515,1906,2141,-150,392
1.9518,1906,2140,-150,392
1.9522,1906,2140,-150,392
1.9526,1906,2139,-150,400
1.9530,1906,2139,-150,400
1.9534,1906,2139,-150,400
1.9537,1906,2138,-150,400
1.9541,1906,2138,-150,400
1.9545,1906,2138,-150,400
1.9548,1906,2137,-150,408
1.9552,1906,2137,-150,408
1.9556,1906,2137,-150,416
1.9560,1906,2137,-150,416
1.9564,1906,2137,-150,416
1.9568,1906,2136,-150,424
1.9571,1906,2136,-150,424
1.9575,1906,2136,-150,424
1.9579,1906,2135,-150,432
1.9583,1906,2135,-150,432
1.9587,1906,2134,-150,432
1.9591,1906,2134,-150,432
1.9595,1906,2134,-150,432
1.9599,1906,2133,-150,440
1.9602,1928,2133,-150,440
1.9609,1928,2132,-150,448
1.9613,1928,2132,-150,448
1.9618,1928,2131,-150,456
1.9622,1928,2131,-150,456
1.9626,1928,2130,-150,432
1.9630,1928,2130,-150,432
1.9635,1928,2130,-150,432
1.9638,1928,2129,-150,440
1.9642,1928,2129,-150,440
1.9646,1928,2128,-800,448
1.9649,1928,2128,-800,448
1.9653,1928,2128,-800,448
1.9657,1928,2127,-800,456
1.9660,1928,2127,-800,456
1.9665,1928,2127,-800,456
1.9668,1928,2126,-800,464
1.9672,1928,2126,-800,464
1.9675,1928,2125,-800,472
1.9679,1928,2125,-800,472
1.9683,1928,2125,-800,472
1.9687,1928,2124,-800,472
1.9691,1928,2124,-800,472
1.9695,1928,2124,-800,472
1.9699,1928,2123,-800,480
1.9703,1953,2121,-800,480
1.9710,1953,2121,-800,480
1.9714,1953,2121,-800,480
1.9718,1953,2120,-800,488
1.9721,1953,2120,-800,488
1.9725,1953,2120,-800,488
1.9729,1953,2119,-800,496
1.9732,1953,2119,-800,496
1.9736,1953,2118,-800,512
1.9740,1953,2118,-800,512
1.9744,1953,2118,-800,512
1.9747,1953,2117,-800,520
1.9751,1953,2117,-800,520
1.9755,1953,2115,-800,520
1.9759,1953,2115,-800,520
1.9762,1953,2115,-800,520
1.9766,1953,2114,-800,528
1.9769,1953,2114,-800,528
1.9773,1953,2114,-800,528
1.9777,1953,2113,-800,536
1.9781,1953,2113,-800,536
1.9785,1953,2111,-800,536
1.9789,1953,2111,-800,536
1.9792,1953,2111,-800,536
1.9796,1953,2110,-800,544
1.9800,1981,2110,-800,544
1.9807,1981,2109,-800,560
1.9811,1981,2109,-800,560
1.9815,1981,2107,-800,560
1.9819,1981,2107,-800,560
1.9822,1981,2107,-800,560
1.9826,1981,2106,-800,580
1.9830,1981,2106,-800,580
1.9834,1981,2106,-800,580
1.9838,1981,2104,-800,580
1.9842,1981,2104,-800,580
1.9845,1981,2103,-1250,588
1.9849,1981,2103,-1250,588
1.9853,1981,2103,-1250,588
1.9857,1981,2101,-1250,588
1.9861,1981,2101,-1250,588
1.9865,1981,2100,-1250,600
1.9869,1981,2100,-1250,600
1.9872,1981,2100,-1250,600
1.9876,1981,2099,-1250,600
1.9880,1981,2099,-1250,600
1.9884,1981,2099,-1250,600
1.9888,1981,2097,-1250,600
1.9891,1981,2097,-1250,600
1.9895,1981,2096,-1250,600
1.9899,1981,2096,-1250,600
1.9903,2013,2094,-1250,600
1.9910,2013,2094,-1250,600
1.9914,2013,2094,-1250,600
1.9918,2013,2092,-1250,600
1.9921,2013,2092,-1250,600
1.9925,2013,2090,-1250,600
1.9929,2013,2090,-1250,600
1.9933,2013,2090,-1250,600
1.9937,2013,2089,-1250,600
1.9941,2013,2089,-1250,600
1.9945,2013,2087,-1250,600
1.9949,2013,2087,-1250,600
1.9952,2013,2087,-1250,600
1.9956,2013,2086,-1250,600
1.9960,2013,2086,-1250,600
1.9964,2013,2084,-1250,600
1.9967,2013,2084,-1250,600
1.9971,2013,2084,-1250,600
1.9975,2013,2082,-1250,600
1.9978,2013,2082,-1250,600
1.9982,2013,2082,-1250,600
1.9986,2013,2080,-1250,600
1.9990,2013,2080,-1250,600
1.9994,2013,2079,-1250,600
1.9998,2013,2079,-1250,600
2.0001,2044,2077,-1250,600
2.0009,2044,2077,-1250,600
2.0013,2044,2077,-1250,600
2.0016,2044,2075,-1250,600
2.0020,2044,2075,-1250,600
2.0025,2044,2073,-1250,572
2.0029,2044,2073,-1250,572
2.0032,2044,2073,-1250,572
2.0036,2044,2072,-1250,580
2.0040,2044,2072,-1250,580
2.0045,2044,2070,-1650,580
2.0049,2044,2070,-1650,580
2.0052,2044,2070,-1650,580
2.0056,2044,2068,-1650,572
2.0060,2044,2068,-1650,572
2.0064,2044,2066,-1650,572
2.0067,2044,2066,-1650,572
2.0071,2044,2066,-1650,572
2.0075,2044,2064,-1650,564
2.0079,2044,2064,-1650,564
2.0083,2044,2064,-1650,564
2.0086,2044,2062,-1650,564
2.0090,2044,2062,-1650,564
2.0094,2044,2060,-1650,556
2.0098,2044,2060,-1650,556
2.0101,2076,2058,-1650,556
2.0109,2076,2058,-1650,556
2.0113,2076,2058,-1650,556
2.0116,2076,2056,-1650,548
2.0120,2076,2056,-1650,548
2.0125,2076,2054,-1650,548
2.0129,2076,2054,-1650,548
2.0133,2076,2053,-1650,548
2.0137,2076,2053,-1650,548
2.0140,2076,2053,-1650,548
2.0145,2076,2051,-1650,540
2.0148,2076,2051,-1650,540
2.0152,2076,2051,-1650,540
2.0156,2076,2049,-1650,540
2.0160,2076,2049,-1650,540
2.0164,2076,2047,-1650,532
2.0167,2076,2047,-1650,532
2.0171,2076,2047,-1650,532
2.0175,2076,2045,-1650,524
2.0179,2076,2045,-1650,524
2.0183,2076,2043,-1650,524
2.0186,2076,2043,-1650,524
2.0190,2076,2043,-1650,524
2.0195,2076,2041,-1650,516
2.0198,2076,2041,-1650,516
2.0202,2107,2039,-1650,508
2.0209,2107,2039,-1650,508
2.0213,2107,2037,-1650,500
2.0217,2107,2037,-1650,500
2.0221,2107,2037,-1650,500
2.0225,2107,2035,-1650,444
2.0229,2107,2035,-1650,444
2.0233,2107,2033,-1650,436
2.0236,2107,2033,-1650,436
2.0240,2107,2033,-1650,436
2.0245,2107,2031,-1950,428
2.0249,2107,2031,-1950,428
2.0253,2107,2030,-1950,428
2.0257,2107,2030,-1950,428
2.0260,2107,2030,-1950,428
2.0264,2107,2028,-1950,420
2.0268,2107,2028,-1950,420
2.0272,2107,2028,-1950,420
2.0275,2107,2026,-1950,412
2.0279,2107,2026,-1950,412
2.0283,2107,2024,-1950,404
2.0287,2107,2024,-1950,404
2.0291,2107,2024,-1950,404
2.0295,2107,2022,-1950,396
2.0299,2107,2022,-1950,396
2.0303,2136,2021,-1950,396
2.0310,2136,2021,-1950,396
2.0314,2136,2019,-1950,388
2.0318,2136,2019,-1950,388
2.0322,2136,2019,-1950,388
2.0326,2136,2016,-1950,372
2.0330,2136,2016,-1950,372
2.0334,2136,2015,-1950,372
2.0338,2136,2015,-1950,372
2.0341,2136,2015,-1950,372
2.0345,2136,2013,-1950,364
2.0349,2136,2013,-1950,364
2.0353,2136,2011,-1950,348
2.0356,2136,2011,-1950,348
2.0360,2136,2011,-1950,348
2.0365,2136,2010,-1950,348
2.0369,2136,2010,-1950,348
2.0373,2136,2008,-1950,340
2.0376,2136,2008,-1950,340
2.0380,2136,2008,-1950,340
2.0385,2136,2006,-1950,332
2.0389,2136,2006,-1950,332
2.0393,2136,2004,-1950,324
2.0396,2136,2004,-1950,324
2.0400,2136,2004,-1950,324
2.0403,2162,2003,-1950,316
2.0410,2162,2003,-1950,316
2.0415,2162,2001,-1950,308
2.0419,2162,2001,-1950,308
2.0422,2162,2000,-1950,276
2.0426,2162,2000,-1950,276
2.0430,2162,2000,-1950,276
2.0434,2162,1998,-1950,260
2.0437,2162,1998,-1950,260
2.0441,2162,1998,-1950,260
2.0445,2162,1996,-1750,252
2.0449,2162,1996,-1750,252
2.0453,2162,1994,-1750,236
2.0457,2162,1994,-1750,236
2.0460,2162,1994,-1750,236
2.0465,2162,1993,-1750,236
2.0468,2162,1993,-1750,236
2.0472,2162,1991,-1750,220
2.0476,2162,1991,-1750,220
2.0480,2162,1991,-1750,220
2.0483,2162,1990,-1750,220
2.0487,2162,1990,-1750,220
2.0491,2162,1990,-1750,220
2.0495,2162,1988,-1750,204
2.0499,2162,1988,-1750,204
2.0502,2182,1987,-1750,204
2.0509,2182,1987,-1750,204
2.0513,2182,1985,-1750,188
2.0517,2182,1985,-1750,188
2.0521,2182,1985,-1750,188
2.0525,2182,1984,-1750,188
2.0529,2182,1984,-1750,188
2.0532,2182,1983,-1750,180
2.0536,2182,1983,-1750,180
2.0540,2182,1983,-1750,180
2.0544,2182,1981,-1750,164
2.0547,2182,1981,-1750,164
2.0551,2182,1980,-1750,164
2.0555,2182,1980,-1750,164
2.0559,2182,1980,-1750,164
2.0563,2182,1979,-1750,156
2.0566,2182,1979,-1750,156
2.0570,2182,1979,-1750,156
2.0573,2182,1977,-1750,140
2.0577,2182,1977,-1750,140
2.0581,2182,1976,-1750,140
2.0585,2182,1976,-1750,140
2.0589,2182,1976,-1750,140
2.0593,2182,1975,-1750,132
2.0596,2182,1975,-1750,132
2.0600,2198,1973,-1750,116
2.0608,2198,1973,-1750,116
2.0611,2198,1972,-1750,108
2.0615,2198,1972,-1750,108
2.0619,2198,1972,-1750,108
2.0623,2198,1971,-1750,80
2.0627,2198,1971,-1750,80
2.0631,2198,1970,-1750,80
2.0635,2198,1970,-1750,80
2.0639,2198,1970,-1750,80
2.0643,2198,1968,-1400,64
2.0647,2198,1968,-1400,64
2.0650,2198,1967,-1400,56
2.0655,2198,1967,-1400,56
2.0659,2198,1967,-1400,56
2.0662,2198,1966,-1400,48
2.0666,2198,1966,-1400,48
2.0670,2198,1965,-1400,40
2.0675,2198,1965,-1400,40
2.0679,2198,1965,-1400,40
2.0682,2198,1964,-1400,32
2.0686,2198,1964,-1400,32
2.0690,2198,1964,-1400,32
2.0694,2198,1963,-1400,0
2.0698,2198,1963,-1400,0
2.0702,2209,1962,-1400,-24
2.0709,2209,1962,-1400,-24
2.0713,2209,1962,-1400,-24
2.0717,2209,1962,-1400,-24
2.0721,2209,1961,-1400,-32
2.0725,2209,1961,-1400,-32
2.0729,2209,1961,-1400,-32
2.0733,2209,1960,-1400,-40
2.0736,2209,1960,-1400,-40
2.0740,2209,1959,-1400,-48
2.0745,2209,1959,-1400,-48
2.0749,2209,1959,-1400,-48
2.0753,2209,1958,-1400,-64
2.0756,2209,1958,-1400,-64
2.0760,2209,1958,-1400,-64
2.0764,2209,1958,-1400,-64
2.0768,2209,1958,-1400,-64
2.0772,2209,1957,-1400,-72
2.0776,2209,1957,-1400,-72
2.0779,2209,1957,-1400,-72
2.0784,2209,1956,-1400,-88
2.0787,2209,1956,-1400,-88
2.0791,2209,1956,-1400,-88
2.0795,2209,1956,-1400,-88
2.0799,2209,1956,-1400,-88
2.0803,2214,1955,-1400,-96
2.0810,2214,1954,-1400,-104
2.0815,2214,1954,-1400,-104
2.0819,2214,1954,-1400,-104
2.0823,2214,1954,-1400,-92
2.0827,2214,1954,-1400,-92
2.0830,2214,1953,-1400,-100
2.0835,2214,1953,-1400,-100
2.0839,2214,1953,-1400,-100
2.0842,2214,1953,-750,-100
2.0846,2214,1953,-750,-100
2.0850,2214,1953,-750,-108
2.0854,2214,1953,-750,-108
2.0858,2214,1953,-750,-108
2.0862,2214,1952,-750,-116
2.0866,2214,1952,-750,-116
2.0870,2214,1952,-750,-124
2.0873,2214,1952,-750,-124
2.0877,2214,1952,-750,-124
2.0881,2214,1952,-750,-124
2.0885,2214,1952,-750,-124
2.0889,2214,1952,-750,-124
2.0892,2214,1951,-750,-140
2.0896,2214,1951,-750,-140
2.0900,2214,1951,-750,-140
2.0904,2213,1951,-750,-140
2.0911,2213,1950,-750,-156
2.0915,2213,1950,-750,-156
2.0919,2213,1950,-750,-164
2.0923,2213,1950,-750,-164
2.0926,2213,1950,-750,-164
2.0930,2213,1950,-750,-172
2.0934,2213,1950,-750,-172
2.0937,2213,1950,-750,-172
2.0941,2213,1950,-750,-172
2.0945,2213,1950,-750,-172
2.0948,2213,1950,-750,-172
2.0952,2213,1950,-750,-180
2.0955,2213,1950,-750,-180
2.0959,2213,1950,-750,-188
2.0963,2213,1950,-750,-188
2.0966,2213,1950,-750,-188
2.0970,2213,1950,-750,-196
2.0973,2213,1950,-750,-196
2.0977,2213,1950,-750,-196
2.0981,2213,1950,-750,-196
2.0985,2213,1950,-750,-196
2.0988,2213,1950,-750,-196
2.0992,2213,1950,-750,-204
2.0995,2213,1950,-750,-204
2.0999,2213,1950,-750,-212
2.1003,2206,1950,-750,-212
2.1010,2206,1950,-750,-220
2.1014,2206,1950,-750,-220
2.1018,2206,1950,-750,-220
2.1021,2206,1950,-750,-220
2.1025,2206,1950,-750,-220
2.1029,2206,1950,-750,-228
2.1033,2206,1950,-750,-228
2.1036,2206,1950,-750,-228
2.1040,2206,1950,-150,-236
2.1045,2206,1950,-150,-236
2.1048,2206,1950,-150,-244
2.1052,2206,1950,-150,-244
2.1056,2206,1950,-150,-244
2.1060,2206,1950,-150,-252
2.1063,2206,1950,-150,-252
2.1067,2206,1950,-150,-252
2.1071,2206,1950,-150,-260
2.1075,2206,1950,-150,-260
2.1079,2206,1950,-150,-268
2.1083,2206,1950,-150,-268
2.1087,2206,1950,-150,-268
2.1090,2206,1950,-150,-276
2.1095,2206,1950,-150,-276
2.1098,2206,1950,-150,-292
2.1102,2193,1950,-150,-292
2.1109,2193,1950,-150,-300
2.1113,2193,1950,-150,-300
2.1117,2193,1950,-150,-300
2.1121,2193,1950,-150,-308
2.1125,2193,1950,-150,-308
2.1129,2193,1950,-150,-316
2.1133,2193,1950,-150,-316
2.1137,2193,1950,-150,-316
2.1140,2193,1951,-150,-316
2.1145,2193,1951,-150,-316
2.1148,2193,1951,-150,-332
2.1152,2193,1951,-150,-332
2.1156,2193,1951,-150,-332
2.1160,2193,1952,-150,-332
2.1164,2193,1952,-150,-332
2.1167,2193,1952,-150,-332
2.1171,2193,1952,-150,-340
2.1175,2193,1952,-150,-340
2.1179,2193,1953,-150,-348
2.1183,2193,1953,-150,-348
2.1187,2193,1953,-150,-348
2.1191,2193,1953,-150,-356
2.1194,2193,1953,-150,-356
2.1198,2193,1954,-150,-356
2.1202,2175,1954,-150,-356
2.1209,2175,1955,-150,-364
2.1212,2175,1955,-150,-364
2.1216,2175,1955,-150,-364
2.1220,2175,1955,-150,-380
2.1224,2175,1955,-150,-380
2.1228,2175,1956,-150,-388
2.1232,2175,1956,-150,-388
2.1235,2175,1956,-150,-388
2.1239,2175,1957,350,-388
2.1243,2175,1957,350,-388
2.1247,2175,1957,350,-388
2.1250,2175,1958,350,-396
2.1255,2175,1958,350,-396
2.1259,2175,1958,350,-404
2.1262,2175,1958,350,-404
2.1266,2175,1958,350,-404
2.1270,2175,1959,350,-412
2.1274,2175,1959,350,-412
2.1278,2175,1960,350,-412
2.1282,2175,1960,350,-412
2.1285,2175,1960,350,-412
2.1289,2175,1961,350,-420
2.1293,2175,1961,350,-420
2.1297,2175,1961,350,-420
2.1301,2153,1962,350,-428
2.1308,2153,1963,350,-428
2.1312,2153,1963,350,-428
2.1316,2153,1963,350,-428
2.1320,2153,1964,350,-436
2.1323,2153,1964,350,-436
2.1327,2153,1964,350,-452
2.1331,2153,1964,350,-452
2.1335,2153,1964,350,-452
2.1339,2153,1965,350,-460
2.1342,2153,1965,350,-460
2.1346,2153,1965,350,-460
2.1350,2153,1966,350,-460
2.1354,2153,1966,350,-460
2.1358,2153,1967,350,-468
2.1361,2153,1967,350,-468
2.1365,2153,1967,350,-468
2.1368,2153,1968,350,-476
2.1372,2153,1968,350,-476
2.1376,2153,1968,350,-476
2.1380,2153,1969,350,-484
2.1384,2153,1969,350,-484
2.1387,2153,1971,350,-484
2.1391,2153,1971,350,-484
2.1395,2153,1971,350,-484
2.1399,2153,1971,350,-500
2.1403,2125,1971,350,-500
2.1410,2125,1972,350,-508
2.1415,2125,1972,350,-508
2.1419,2125,1974,350,-484
2.1423,2125,1974,350,-484
2.1427,2125,1975,350,-492
2.1430,2125,1975,350,-492
2.1435,2125,1975,350,-492
2.1439,2125,1976,950,-500
2.1443,2125,1976,950,-500
2.1446,2125,1977,950,-508
2.1450,2125,1977,950,-508
2.1454,2125,1977,950,-508
2.1458,2125,1978,950,-524
2.1461,2125,1978,950,-524
2.1465,2125,1978,950,-524
2.1469,2125,1980,950,-524
2.1473,2125,1980,950,-524
2.1476,2125,1981,950,-532
2.1480,2125,1981,950,-532
2.1485,2125,1981,950,-532
2.1489,2125,1982,950,-540
2.1492,2125,1982,950,-540
2.1496,2125,1982,950,-540
2.1499,2125,1984,950,-540
2.1503,2096,1985,950,-548
2.1510,2096,1985,950,-548
2.1515,2096,1985,950,-548
2.1519,2096,1986,950,-556
2.1522,2096,1986,950,-556
2.1526,2096,1988,950,-556
2.1530,2096,1988,950,-556
2.1535,2096,1988,950,-556
2.1539,2096,1989,950,-564
2.1542,2096,1989,950,-564
2.1546,2096,1991,950,-564
2.1550,2096,1991,950,-564
2.1554,2096,1991,950,-564
2.1558,2096,1992,950,-572
2.1562,2096,1992,950,-572
2.1565,2096,1992,950,-572
2.1569,2096,1994,950,-572
2.1573,2096,1994,950,-572
2.1577,2096,1995,950,-572
2.1581,2096,1995,950,-572
2.1585,2096,1995,950,-572
2.1589,2096,1997,950,-572
2.1593,2096,1997,950,-572
2.1596,2096,1998,950,-580
2.1600,2065,1998,950,-580
2.1607,2065,1999,950,-588
2.1611,2065,1999,950,-588
2.1615,2065,1999,950,-588
2.1619,2065,2001,950,-580
2.1623,2065,2001,950,-580
2.1626,2065,2003,950,-572
2.1630,2065,2003,950,-572
2.1635,2065,2003,950,-572
2.1639,2065,2004,1400,-580
2.1642,2065,2004,1400,-580
2.1645,2065,2006,1400,-580
2.1650,2065,2006,1400,-580
2.1653,2065,2006,1400,-580
2.1657,2065,2008,1400,-572
2.1661,2065,2008,1400,-572
2.1665,2065,2008,1400,-572
2.1669,2065,2009,1400,-580
2.1673,2065,2009,1400,-580
2.1676,2065,2011,1400,-580
2.1680,2065,2011,1400,-580
2.1685,2065,2013,1400,-572
2.1689,2065,2013,1400,-572
2.1692,2065,2013,1400,-572
2.1696,2065,2014,1400,-580
2.1700,2065,2014,1400,-580
2.1703,2032,2016,1400,-572
2.1711,2032,2016,1400,-572
2.1715,2032,2016,1400,-572
2.1719,2032,2018,1400,-572
2.1722,2032,2018,1400,-572
2.1726,2032,2019,1400,-572
2.1730,2032,2019,1400,-572
2.1734,2032,2019,1400,-572
2.1737,2032,2021,1400,-572
2.1741,2032,2021,1400,-572
2.1745,2032,2023,1400,-564
2.1749,2032,2023,1400,-564
2.1753,2032,2023,1400,-564
2.1757,2032,2025,1400,-556
2.1760,2032,2025,1400,-556
2.1765,2032,2027,1400,-556
2.1769,2032,2027,1400,-556
2.1773,2032,2027,1400,-556
2.1776,2032,2028,1400,-556
2.1780,2032,2028,1400,-556
2.1785,2032,2030,1400,-548
2.1789,2032,2030,1400,-548
2.1792,2032,2030,1400,-548
2.1796,2032,2032,1400,-548
2.1800,2032,2032,1400,-548
2.1805,2000,2034,1400,-540
2.1812,2000,2034,1400,-540
2.1816,2000,2036,1400,-456
2.1819,2000,2036,1400,-456
2.1823,2000,2036,1400,-456
2.1827,2000,2038,1400,-448
2.1830,2000,2038,1400,-448
2.1835,2000,2040,1800,-448
2.1839,2000,2040,1800,-448
2.1843,2000,2040,1800,-448
2.1846,2000,2042,1800,-440
2.1850,2000,2042,1800,-440
2.1854,2000,2042,1800,-440
2.1858,2000,2043,1800,-440
2.1861,2000,2043,1800,-440
2.1865,2000,2045,1800,-432
2.1868,2000,2045,1800,-432
2.1872,2000,2045,1800,-432
2.1876,2000,2047,1800,-424
2.1879,2000,2047,1800,-424
2.1883,2000,2047,1800,-424
2.1886,2000,2049,1800,-416
2.1890,2000,2049,1800,-416
2.1895,2000,2051,1800,-408
2.1898,2000,2051,1800,-408
2.1902,1971,2052,1800,-408
2.1909,1971,2052,1800,-408
2.1913,1971,2052,1800,-408
2.1916,1971,2054,1800,-400
2.1920,1971,2054,1800,-400
2.1923,1971,2054,1800,-400
2.1927,1971,2056,1800,-392
2.1931,1971,2056,1800,-392
2.1935,1971,2058,1800,-384
2.1939,1971,2058,1800,-384
2.1943,1971,2058,1800,-384
2.1946,1971,2060,1800,-376
2.1950,1971,2060,1800,-376
2.1954,1971,2062,1800,-368
2.1958,1971,2062,1800,-368
2.1961,1971,2062,1800,-368
2.1965,1971,2063,1800,-368
2.1969,1971,2063,1800,-368
2.1973,1971,2065,1800,-360
2.1977,1971,2065,1800,-360
2.1981,1971,2065,1800,-360
2.1985,1971,2066,1800,-360
2.1989,1971,2066,1800,-360
2.1992,1971,2066,1800,-360
2.1996,1971,2068,1800,-344
2.2000,1971,2068,1800,-344
2.2003,1943,2070,1800,-336
2.2010,1943,2070,1800,-336
2.2015,1943,2071,1800,-300
2.2018,1943,2071,1800,-300
2.2022,1943,2071,1800,-300
2.2026,1943,2073,1800,-292
2.2030,1943,2073,1800,-292
2.2033,1943,2075,1750,-276
2.2037,1943,2075,1750,-276
2.2041,1943,2075,1750,-276
2.2045,1943,2076,1750,-276
2.2049,1943,2076,1750,-276
2.2053,1943,2076,1750,-276
2.2056,1943,2078,1750,-268
2.2060,1943,2078,1750,-268
2.2065,1943,2079,1750,-260
2.2068,1943,2079,1750,-260
2.2072,1943,2079,1750,-260
2.2076,1943,2081,1750,-252
2.2079,1943,2081,1750,-252
2.2083,1943,2083,1750,-236
2.2087,1943,2083,1750,-236
2.2091,1943,2083,1750,-236
2.2095,1943,2084,1750,-236
2.2099,1943,2084,1750,-236
2.2103,1919,2086,1750,-220
2.2110,1919,2086,1750,-220
2.2113,1919,2088,1750,-212
2.2117,1919,2088,1750,-212
2.2121,1919,2088,1750,-212
2.2125,1919,2089,1750,-204
2.2129,1919,2089,1750,-204
2.2133,1919,2090,1750,-204
2.2137,1919,2090,1750,-204
2.2140,1919,2090,1750,-204
2.2145,1919,2091,1750,-196
2.2149,1919,2091,1750,-196
2.2153,1919,2093,1750,-180
2.2156,1919,2093,1750,-180
2.2160,1919,2093,1750,-180
2.2164,1919,2094,1750,-180
2.2167,1919,2094,1750,-180
2.2171,1919,2094,1750,-180
2.2175,1919,2096,1750,-164
2.2179,1919,2096,1750,-164
2.2182,1919,2096,1750,-164
2.2186,1919,2097,1750,-156
2.2190,1919,2097,1750,-156
2.2194,1919,2098,1750,-156
2.2197,1919,2098,1750,-156
2.2201,1900,2100,1750,-140
2.2209,1900,2100,1750,-140
2.2212,1900,2100,1750,-108
2.2216,1900,2101,1750,-108
2.2220,1900,2101,1750,-108
2.2223,1900,2102,1750,-100
2.2227,1900,2102,1750,-100
2.2231,1900,2102,1750,-100
2.2235,1900,2104,1450,-92
2.2239,1900,2104,1450,-92
2.2242,1900,2105,1450,-84
2.2246,1900,2105,1450,-84
2.2250,1900,2105,1450,-84
2.2253,1900,2106,1450,-76
2.2257,1900,2106,1450,-76
2.2261,1900,2106,1450,-76
2.2265,1900,2107,1450,-68
2.2268,1900,2107,1450,-68
2.2272,1900,2108,1450,-60
2.2276,1900,2108,1450,-60
2.2280,1900,2108,1450,-60
2.2283,1900,2109,1450,-52
2.2287,1900,2109,1450,-52
2.2291,1900,2109,1450,-52
2.2295,1900,2110,1450,-44
2.2298,1900,2110,1450,-44
2.2302,1885,2111,1450,-36
2.2309,1885,2111,1450,-36
2.2312,1885,2112,1450,-28
2.2316,1885,2112,1450,-28
2.2319,1885,2112,1450,-28
2.2323,1885,2113,1450,-20
2.2326,1885,2113,1450,-20
2.2330,1885,2113,1450,-20
2.2335,1885,2114,1450,20
2.2338,1885,2114,1450,20
2.2342,1885,2115,1450,36
2.2346,1885,2115,1450,36
2.2349,1885,2115,1450,36
2.2353,1885,2116,1450,44
2.2356,1885,2116,1450,44
2.2360,1885,2116,1450,44
2.2364,1885,2116,1450,44
2.2367,1885,2116,1450,44
2.2371,1885,2116,1450,44
2.2375,1885,2117,1450,52
2.2378,1885,2117,1450,52
2.2382,1885,2118,1450,68
2.2385,1885,2118,1450,68
2.2389,1885,2118,1450,68
2.2393,1885,2118,1450,68
2.2396,1885,2118,1450,68
2.2400,1885,2118,1450,68
2.2403,1876,2119,1450,76
2.2410,1876,2119,1450,76
2.2414,1876,2119,1450,80
2.2417,1876,2119,1450,80
2.2421,1876,2119,1450,80
2.2425,1876,2120,1450,88
2.2429,1876,2120,1450,88
2.2433,1876,2121,850,96
2.2436,1876,2121,850,96
2.2440,1876,2121,850,96
2.2444,1876,2121,850,96
2.2447,1876,2121,850,96
2.2451,1876,2122,850,96
2.2455,1876,2122,850,96
2.2459,1876,2122,850,96
2.2463,1876,2122,850,104
2.2467,1876,2122,850,104
2.2471,1876,2122,850,104
2.2475,1876,2123,850,112
2.2479,1876,2123,850,112
2.2483,1876,2123,850,120
2.2487,1876,2123,850,120
2.2490,1876,2123,850,120
2.2494,1876,2123,850,120
2.2497,1876,2123,850,120
2.2501,1873,2124,850,136
2.2509,1873,2124,850,136
2.2513,1873,2124,850,144
2.2517,1873,2124,850,144
2.2520,1873,2124,850,144
2.2525,1873,2124,850,144
2.2529,1873,2124,850,144
2.2533,1873,2124,850,152
2.2536,1873,2124,850,152
2.2540,1873,2124,850,152
2.2544,1873,2125,850,168
2.2548,1873,2125,850,168
2.2552,1873,2125,850,168
2.2556,1873,2125,850,168
2.2559,1873,2125,850,168
2.2563,1873,2125,850,176
2.2567,1873,2125,850,176
2.2571,1873,2125,850,184
2.2575,1873,2125,850,184
2.2579,1873,2125,850,184
2.2583,1873,2125,850,192
2.2586,1873,2125,850,192
2.2590,1873,2125,850,192
2.2594,1873,2125,850,192
2.2598,1873,2125,850,192
2.2602,1876,2125,850,200
2.2608,1876,2125,850,200
2.2612,1876,2125,850,192
2.2616,1876,2125,850,192
2.2620,1876,2125,850,192
2.2624,1876,2125,850,200
2.2628,1876,2125,850,200
2.2632,1876,2125,200,208
2.2635,1876,2125,200,208
2.2639,1876,2125,200,208
2.2643,1876,2125,200,216
2.2647,1876,2125,200,216
2.2651,1876,2125,200,224
2.2655,1876,2125,200,224
2.2659,1876,2125,200,224
2.2663,1876,2125,200,232
2.2667,1876,2125,200,232
2.2670,1876,2125,200,240
2.2675,1876,2125,200,240
2.2679,1876,2125,200,240
2.2682,1876,2125,200,248
2.2687,1876,2125,200,248
2.2690,1876,2125,200,256
2.2695,1876,2125,200,256
2.2699,1876,2125,200,256
2.2702,1886,2125,200,264
2.2709,1886,2125,200,264
2.2713,1886,2125,200,272
2.2717,1886,2125,200,272
2.2721,1886,2125,200,280
2.2725,1886,2125,200,280
2.2729,1886,2125,200,280
2.2732,1886,2125,200,288
2.2736,1886,2125,200,288
2.2740,1886,2125,200,288
2.2743,1886,2125,200,304
2.2747,1886,2125,200,304
2.2751,1886,2125,200,312
2.2755,1886,2125,200,312
2.2759,1886,2125,200,312
2.2763,1886,2124,200,312
2.2766,1886,2124,200,312
2.2770,1886,2124,200,320
2.2775,1886,2124,200,320
2.2779,1886,2124,200,320
2.2783,1886,2124,200,336
2.2787,1886,2124,200,336
2.2790,1886,2123,200,336
2.2795,1886,2123,200,336
2.2799,1886,2123,200,336
2.2803,1900,2122,200,336
2.2810,1900,2122,200,368
2.2814,1900,2122,200,368
2.2818,1900,2122,200,368
2.2821,1900,2121,200,368
2.2825,1900,2121,200,368
2.2829,1900,2120,-250,368
2.2833,1900,2120,-250,368
2.2837,1900,2120,-250,368
2.2841,1900,2120,-250,384
2.2845,1900,2120,-250,384
2.2849,1900,2119,-250,384
2.2853,1900,2119,-250,384
2.2857,1900,2119,-250,384
2.2861,1900,2119,-250,400
2.2865,1900,2119,-250,400
2.2869,1900,2119,-250,400
2.2872,1900,2118,-250,400
2.2876,1900,2118,-250,400
2.2880,1900,2117,-250,408
2.2885,1900,2117,-250,408
2.2889,1900,2117,-250,408
2.2893,1900,2116,-250,408
2.2896,1900,2116,-250,408
2.2900,1920,2116,-250,424
2.2908,1920,2116,-250,424
2.2911,1920,2115,-250,432
2.2915,1920,2115,-250,432
2.2919,1920,2114,-250,432
2.2923,1920,2114,-250,432
2.2927,1920,2114,-250,432
2.2931,1920,2113,-250,440
2.2935,1920,2113,-250,440
2.2939,1920,2112,-250,448
2.2942,1920,2112,-250,448
2.2946,1920,2112,-250,448
2.2949,1920,2111,-250,448
2.2953,1920,2111,-250,448
2.2957,1920,2111,-250,448
2.2961,1920,2110,-250,456
2.2965,1920,2110,-250,456
2.2969,1920,2109,-250,464
2.2973,1920,2109,-250,464
2.2977,1920,2109,-250,464
2.2981,1920,2108,-250,472
2.2985,1920,2108,-250,472
2.2989,1920,2107,-250,480
2.2993,1920,2107,-250,480
2.2997,1920,2107,-250,480
2.3001,1944,2106,-250,480
2.3009,1944,2105,-250,468
2.3012,1944,2105,-250,468
2.3016,1944,2105,-250,468
2.3019,1944,2104,-250,476
2.3023,1944,2104,-250,476
2.3027,1944,2104,-250,476
2.3031,1944,2103,-850,484
2.3035,1944,2103,-850,484
2.3038,1944,2101,-850,484
2.3042,1944,2101,-850,484
2.3046,1944,2101,-850,484
2.3050,1944,2100,-850,492
2.3054,1944,2100,-850,492
2.3058,1944,2100,-850,492
2.3061,1944,2099,-850,500
2.3065,1944,2099,-850,500
2.3069,1944,2098,-850,508
2.3073,1944,2098,-850,508
2.3077,1944,2098,-850,508
2.3080,1944,2097,-850,516
2.3085,1944,2097,-850,516
2.3089,1944,2096,-850,524
2.3093,1944,2096,-850,524
2.3096,1944,2096,-850,524
2.3100,1971,2094,-850,524
2.3108,1971,2094,-850,524
2.3111,1971,2093,-850,540
2.3115,1971,2093,-850,540
2.3119,1971,2091,-850,540
2.3123,1971,2091,-850,540
2.3127,1971,2091,-850,540
2.3131,1971,2090,-850,548
2.3135,1971,2090,-850,548
2.3139,1971,2089,-850,556
2.3143,1971,2089,-850,556
2.3147,1971,2089,-850,556
2.3150,1971,2087,-850,556
2.3155,1971,2087,-850,556
2.3159,1971,2086,-850,564
2.3162,1971,2086,-850,564
2.3166,1971,2086,-850,564
2.3171,1971,2084,-850,556
2.3175,1971,2084,-850,556
2.3179,1971,2083,-850,564
2.3182,1971,2083,-850,564
2.3186,1971,2083,-850,564
2.3190,1971,2082,-850,572
2.3194,1971,2082,-850,572
2.3198,1971,2080,-850,572
2.3202,2002,2080,-850,572
2.3209,2002,2078,-850,564
2.3213,2002,2078,-850,564
2.3217,2002,2078,-850,564
2.3220,2002,2077,-850,572
2.3225,2002,2077,-850,572
2.3229,2002,2076,-1350,580
2.3232,2002,2076,-1350,580
2.3236,2002,2076,-1350,580
2.3240,2002,2074,-1350,572
2.3243,2002,2074,-1350,572
2.3247,2002,2072,-1350,572
2.3251,2002,2072,-1350,572
2.3255,2002,2072,-1350,572
2.3258,2002,2071,-1350,580
2.3262,2002,2071,-1350,580
2.3265,2002,2071,-1350,580
2.3269,2002,2069,-1350,572
2.3273,2002,2069,-1350,572
2.3277,2002,2069,-1350,572
2.3280,2002,2067,-1350,572
2.3285,2002,2067,-1350,572
2.3288,2002,2066,-1350,580
2.3292,2002,2066,-1350,580
2.3295,2002,2066,-1350,580
2.3299,2002,2064,-1350,572
2.3302,2034,2064,-1350,572
2.3309,2034,2063,-1350,580
2.3313,2034,2063,-1350,580
2.3316,2034,2063,-1350,580
2.3320,2034,2061,-1350,572
2.3325,2034,2061,-1350,572
2.3328,2034,2059,-1350,572
2.3332,2034,2059,-1350,572
2.3335,2034,2059,-1350,572
2.3339,2034,2057,-1350,564
2.3343,2034,2057,-1350,564
2.3346,2034,2055,-1350,564
2.3350,2034,2055,-1350,564
2.3355,2034,2055,-1350,564
2.3358,2034,2054,-1350,564
2.3362,2034,2054,-1350,564
2.3365,2034,2054,-1350,564
2.3369,2034,2052,-1350,564
2.3373,2034,2052,-1350,564
2.3377,2034,2050,-1350,556
2.3381,2034,2050,-1350,556
2.3385,2034,2050,-1350,556
2.3388,2034,2048,-1350,548
2.3392,2034,2048,-1350,548
2.3395,2034,2048,-1350,548
2.3399,2034,2047,-1350,556
2.3403,2066,2047,-1350,556
2.3410,2066,2045,-1350,488
2.3414,2066,2045,-1350,488
2.3418,2066,2043,-1350,480
2.3421,2066,2043,-1350,480
2.3425,2066,2043,-1350,480
2.3429,2066,2041,-1750,480
2.3433,2066,2041,-1750,480
2.3437,2066,2039,-1750,472
2.3440,2066,2039,-1750,472
2.3445,2066,2039,-1750,472
2.3448,2066,2037,-1750,464
2.3452,2066,2037,-1750,464
2.3456,2066,2037,-1750,464
2.3459,2066,2035,-1750,456
2.3463,2066,2035,-1750,456
2.3467,2066,2034,-1750,464
2.3471,2066,2034,-1750,464
2.3475,2066,2034,-1750,464
2.3479,2066,2032,-1750,456
2.3482,2066,2032,-1750,456
2.3486,2066,2030,-1750,448
2.3490,2066,2030,-1750,448
2.3495,2066,2030,-1750,448
2.3499,2066,2028,-1750,440
2.3503,2098,2027,-1750,440
2.3510,2098,2027,-1750,440
2.3514,2098,2027,-1750,440
2.3517,2098,2025,-1750,432
2.3521,2098,2025,-1750,432
2.3525,2098,2025,-1750,432
2.3529,2098,2023,-1750,424
2.3533,2098,2023,-1750,424
2.3537,2098,2021,-1750,416
2.3540,2098,2021,-1750,416
2.3545,2098,2021,-1750,416
2.3549,2098,2019,-1750,408
2.3552,2098,2019,-1750,408
2.3556,2098,2017,-1750,400
2.3560,2098,2017,-1750,400
2.3564,2098,2017,-1750,400
2.3568,2098,2016,-1750,400
2.3572,2098,2016,-1750,400
2.3575,2098,2014,-1750,392
2.3579,2098,2014,-1750,392
2.3583,2098,2014,-1750,392
2.3586,2098,2012,-1750,384
2.3590,2098,2012,-1750,384
2.3593,2098,2012,-1750,384
2.3598,2098,2011,-1750,376
2.3601,2127,2011,-1750,376
2.3609,2127,2009,-1750,316
2.3612,2127,2009,-1750,316
2.3616,2127,2007,-1750,308
2.3620,2127,2007,-1750,308
2.3624,2127,2007,-1750,308
2.3628,2127,2006,-1750,308
2.3631,2127,2006,-1750,308
2.3635,2127,2004,-1750,300
2.3639,2127,2004,-1750,300
2.3644,2127,2004,-1750,300
2.3647,2127,2002,-1750,284
2.3651,2127,2002,-1750,284
2.3655,2127,2002,-1750,284
2.3658,2127,2001,-1750,284
2.3662,2127,2001,-1750,284
2.3665,2127,1999,-1750,276
2.3669,2127,1999,-1750,276
2.3673,2127,1999,-1750,276
2.3677,2127,1997,-1750,260
2.3681,2127,1997,-1750,260
2.3685,2127,1995,-1750,252
2.3689,2127,1995,-1750,252
2.3693,2127,1995,-1750,252
2.3697,2127,1994,-1750,244
2.3701,2153,1993,-1750,244
2.3709,2153,1993,-1750,244
2.3713,2153,1993,-1750,244
2.3717,2153,1991,-1750,228
2.3720,2153,1991,-1750,228
2.3725,2153,1989,-1750,220
2.3728,2153,1989,-1750,220
2.3732,2153,1989,-1750,220
2.3736,2153,1988,-1750,212
2.3740,2153,1988,-1750,212
2.3745,2153,1987,-1750,212
2.3749,2153,1987,-1750,212
2.3753,2153,1987,-1750,212
2.3756,2153,1985,-1750,196
2.3760,2153,1985,-1750,196
2.3765,2153,1984,-1750,196
2.3769,2153,1984,-1750,196
2.3773,2153,1984,-1750,196
2.3776,2153,1983,-1750,188
2.3780,2153,1983,-1750,188
2.3785,2153,1981,-1750,172
2.3789,2153,1981,-1750,172
2.3792,2153,1981,-1750,172
2.3796,2153,1980,-1750,172
2.3800,2176,1980,-1750,172
2.3807,2176,1979,-1750,148
2.3810,2176,1979,-1750,148
2.3815,2176,1977,-1750,132
2.3819,2176,1977,-1750,132
2.3823,2176,1977,-1750,132
2.3827,2176,1976,-1500,132
2.3831,2176,1976,-1500,132
2.3835,2176,1974,-1500,116
2.3839,2176,1974,-1500,116
2.3843,2176,1974,-1500,116
2.3847,2176,1973,-1500,108
2.3850,2176,1973,-1500,108
2.3855,2176,1972,-1500,100
2.3859,2176,1972,-1500,100
2.3862,2176,1972,-1500,100
2.3866,2176,1971,-1500,92
2.3870,2176,1971,-1500,92
2.3875,2176,1970,-1500,92
2.3878,2176,1970,-1500,92
2.3882,2176,1970,-1500,92
2.3886,2176,1969,-1500,84
2.3890,2176,1969,-1500,84
2.3894,2176,1968,-1500,76
2.3898,2176,1968,-1500,76
2.3902,2194,1967,-1500,68
2.3909,2194,1967,-1500,68
2.3913,2194,1967,-1500,68
2.3917,2194,1965,-1500,52
2.3920,2194,1965,-1500,52
2.3925,2194,1965,-1500,52
2.3929,2194,1965,-1500,52
2.3932,2194,1965,-1500,52
2.3937,2194,1964,-1500,36
2.3941,2194,1964,-1500,36
2.3945,2194,1963,-1500,28
2.3948,2194,1963,-1500,28
2.3952,2194,1963,-1500,28
2.3956,2194,1962,-1500,20
2.3959,2194,1962,-1500,20
2.3963,2194,1962,-1500,20
2.3967,2194,1961,-1500,-20
2.3971,2194,1961,-1500,-20
2.3975,2194,1960,-1500,-28
2.3978,2194,1960,-1500,-28
2.3982,2194,1960,-1500,-28
2.3985,2194,1959,-1500,-36
2.3989,2194,1959,-1500,-36
2.3993,2194,1958,-1500,-52
2.3997,2194,1958,-1500,-52
2.4001,2206,1958,-1500,-60
2.4009,2206,1958,-1500,-60
2.4013,2206,1958,-1500,-60
2.4016,2206,1957,-1500,-68
2.4021,2206,1957,-1500,-68
2.4025,2206,1956,-1000,-84
2.4029,2206,1956,-1000,-84
2.4032,2206,1956,-1000,-84
2.4036,2206,1956,-1000,-84
2.4040,2206,1956,-1000,-84
2.4045,2206,1955,-1000,-92
2.4049,2206,1955,-1000,-92
2.4052,2206,1955,-1000,-92
2.4056,2206,1955,-1000,-100
2.4060,2206,1955,-1000,-100
2.4064,2206,1954,-1000,-100
2.4068,2206,1954,-1000,-100
2.4072,2206,1954,-1000,-100
2.4076,2206,1954,-1000,-100
2.4080,2206,1954,-1000,-100
2.4085,2206,1953,-1000,-108
2.4089,2206,1953,-1000,-108
2.4093,2206,1953,-1000,-116
2.4097,2206,1953,-1000,-116
2.4101,2213,1952,-1000,-124
2.4109,2213,1952,-1000,-124
2.4112,2213,1952,-1000,-124
2.4116,2213,1952,-1000,-132
2.4120,2213,1952,-1000,-132
2.4125,2213,1951,-1000,-140
2.4130,2213,1951,-1000,-140
2.4134,2213,1951,-1000,-148
2.4138,2213,1951,-1000,-148
2.4141,2213,1951,-1000,-148
2.4145,2213,1951,-1000,-148
2.4149,2213,1951,-1000,-148
2.4153,2213,1950,-1000,-164
2.4157,2213,1950,-1000,-164
2.4161,2213,1950,-1000,-164
2.4165,2213,1950,-1000,-172
2.4169,2213,1950,-1000,-172
2.4173,2213,1950,-1000,-180
2.4178,2213,1950,-1000,-180
2.4181,2213,1950,-1000,-180
2.4185,2213,1950,-1000,-180
2.4189,2213,1950,-1000,-180
2.4193,2213,1950,-1000,-188
2.4197,2213,1950,-1000,-188
2.4201,2214,1950,-1000,-180
2.4209,2214,1950,-1000,-180
2.4212,2214,1950,-1000,-188
2.4216,2214,1950,-1000,-188
2.4220,2214,1950,-1000,-188
2.4224,2214,1950,-300,-188
2.4227,2214,1950,-300,-188
2.4231,2214,1950,-300,-188
2.4235,2214,1950,-300,-196
2.4239,2214,1950,-300,-196
2.4242,2214,1950,-300,-204
2.4246,2214,1950,-300,-204
2.4250,2214,1950,-300,-204
2.4254,2214,1950,-300,-212
2.4258,2214,1950,-300,-212
2.4262,2214,1950,-300,-212
2.4265,2214,1950,-300,-220
2.4269,2214,1950,-300,-220
2.4273,2214,1950,-300,-228
2.4277,2214,1950,-300,-228
2.4281,2214,1950,-300,-228
2.4285,2214,1950,-300,-236
2.4289,2214,1950,-300,-236
2.4292,2214,1950,-300,-244
2.4296,2214,1950,-300,-244
2.4300,2209,1950,-300,-252
2.4308,2209,1950,-300,-252
2.4312,2209,1950,-300,-260
2.4315,2209,1950,-300,-260
2.4319,2209,1950,-300,-260
2.4323,2209,1950,-300,-268
2.4327,2209,1950,-300,-268
2.4331,2209,1950,-300,-276
2.4335,2209,1950,-300,-276
2.4339,2209,1950,-300,-276
2.4343,2209,1950,-300,-292
2.4347,2209,1950,-300,-292
2.4350,2209,1950,-300,-292
2.4354,2209,1950,-300,-300
2.4357,2209,1950,-300,-300
2.4361,2209,1950,-300,-300
2.4365,2209,1950,-300,-308
2.4369,2209,1950,-300,-308
2.4373,2209,1950,-300,-316
2.4376,2209,1950,-300,-316
2.4380,2209,1950,-300,-316
2.4385,2209,1950,-300,-324
2.4389,2209,1950,-300,-324
2.4392,2209,1951,-300,-332
2.4396,2209,1951,-300,-332
2.4400,2198,1951,-300,-352
2.4407,2198,1951,-300,-352
2.4411,2198,1952,-300,-352
2.4415,2198,1952,-300,-352
2.4418,2198,1952,-300,-352
2.4422,2198,1953,150,-360
2.4426,2198,1953,150,-360
2.4429,2198,1953,150,-360
2.4433,2198,1953,150,-368
2.4436,2198,1953,150,-368
2.4440,2198,1953,150,-368
2.4443,2198,1954,150,-368
2.4447,2198,1954,150,-368
2.4451,2198,1955,150,-376
2.4455,2198,1955,150,-376
2.4459,2198,1955,150,-376
2.4465,2198,1955,150,-384
2.4468,2198,1955,150,-384
2.4472,2198,1956,150,-392
2.4476,2198,1956,150,-392
2.4480,2198,1956,150,-392
2.4485,2198,1957,150,-392
2.4489,2198,1957,150,-392
2.4493,2198,1958,150,-400
2.4497,2198,1958,150,-400
2.4501,2182,1958,150,-408
2.4508,2182,1958,150,-408
2.4512,2182,1959,150,-416
2.4516,2182,1959,150,-416
2.4520,2182,1959,150,-416
2.4523,2182,1960,150,-416
2.4527,2182,1960,150,-416
2.4531,2182,1961,150,-424
2.4535,2182,1961,150,-424
2.4539,2182,1961,150,-424
2.4542,2182,1962,150,-432
2.4546,2182,1962,150,-432
2.4550,2182,1962,150,-432
2.4554,2182,1963,150,-432
2.4558,2182,1963,150,-432
2.4561,2182,1963,150,-448
2.4565,2182,1963,150,-448
2.4569,2182,1963,150,-448
2.4573,2182,1964,150,-456
2.4577,2182,1964,150,-456
2.4580,2182,1965,150,-464
2.4585,2182,1965,150,-464
2.4588,2182,1965,150,-464
2.4592,2182,1966,150,-464
2.4596,2182,1966,150,-464
2.4600,2182,1966,150,-464
2.4603,2160,1967,150,-452
2.4611,2160,1968,150,-460
2.4615,2160,1968,150,-460
2.4619,2160,1968,150,-460
2.4622,2160,1969,800,-468
2.4626,2160,1969,800,-468
2.4629,2160,1969,800,-468
2.4633,2160,1970,800,-476
2.4637,2160,1970,800,-476
2.4641,2160,1971,800,-484
2.4644,2160,1971,800,-484
2.4648,2160,1971,800,-484
2.4651,2160,1972,800,-492
2.4655,2160,1972,800,-492
2.4658,2160,1972,800,-492
2.4662,2160,1973,800,-492
2.4665,2160,1973,800,-492
2.4669,2160,1973,800,-492
2.4673,2160,1975,800,-492
2.4676,2160,1975,800,-492
2.4680,2160,1976,800,-500
2.4684,2160,1976,800,-500
2.4687,2160,1976,800,-500
2.4691,2160,1977,800,-508
2.4695,2160,1977,800,-508
2.4699,2160,1977,800,-508
2.4703,2135,1978,800,-524
2.4711,2135,1980,800,-524
2.4715,2135,1980,800,-524
2.4719,2135,1980,800,-524
2.4723,2135,1981,800,-532
2.4726,2135,1981,800,-532
2.4730,2135,1982,800,-540
2.4734,2135,1982,800,-540
2.4737,2135,1982,800,-540
2.4741,2135,1984,800,-540
2.4745,2135,1984,800,-540
2.4748,2135,1984,800,-540
2.4752,2135,1985,800,-548
2.4755,2135,1985,800,-548
2.4759,2135,1985,800,-548
2.4762,2135,1986,800,-556
2.4766,2135,1986,800,-556
2.4770,2135,1988,800,-564
2.4773,2135,1988,800,-564
2.4777,2135,1988,800,-564
2.4781,2135,1989,800,-572
2.4784,2135,1989,800,-572
2.4788,2135,1989,800,-572
2.4792,2135,1991,800,-572
2.4795,2135,1991,800,-572
2.4799,2135,1991,800,-572
2.4802,2106,1992,800,-584
2.4809,2106,1992,800,-592
2.4813,2106,1993,800,-592
2.4816,2106,1993,800,-592
2.4820,2106,1995,1300,-592
2.4824,2106,1995,1300,-592
2.4827,2106,1995,1300,-592
2.4831,2106,1996,1300,-600
2.4835,2106,1996,1300,-600
2.4838,2106,1996,1300,-600
2.4841,2106,1998,1300,-600
2.4845,2106,1998,1300,-600
2.4848,2106,1998,1300,-600
2.4852,2106,2000,1300,-600
2.4855,2106,2000,1300,-600
2.4859,2106,2000,1300,-600
2.4862,2106,2001,1300,-600
2.4865,2106,2001,1300,-600
2.4869,2106,2003,1300,-600
2.4872,2106,2003,1300,-600
2.4876,2106,2003,1300,-600
2.4879,2106,2004,1300,-600
2.4883,2106,2004,1300,-600
2.4886,2106,2004,1300,-600
2.4890,2106,2006,1300,-600
2.4893,2106,2006,1300,-600
2.4897,2106,2006,1300,-600
2.4901,2076,2008,1300,-600
2.4908,2076,2008,1300,-600
2.4911,2076,2010,1300,-600
2.4915,2076,2010,1300,-600
2.4918,2076,2010,1300,-600
2.4922,2076,2011,1300,-600
2.4925,2076,2011,1300,-600
2.4929,2076,2013,1300,-600
2.4933,2076,2013,1300,-600
2.4936,2076,2013,1300,-600
2.4940,2076,2014,1300,-600
2.4943,2076,2014,1300,-600
2.4946,2076,2014,1300,-600
2.4950,2076,2016,1300,-600
2.4953,2076,2016,1300,-600
2.4957,2076,2016,1300,-600
2.4960,2076,2018,1300,-600
2.4965,2076,2018,1300,-600
2.4968,2076,2020,1300,-600
2.4972,2076,2020,1300,-600
2.4975,2076,2020,1300,-600
2.4978,2076,2021,1300,-600
2.4982,2076,2021,1300,-600
2.4985,2076,2021,1300,-600
2.4989,2076,2023,1300,-600
2.4992,2076,2023,1300,-600
2.4996,2076,2023,1300,-600
2.4999,2076,2025,1300,-556
2.5003,2043,2025,1300,-556
2.5009,2043,2027,1300,-548
2.5013,2043,2027,1300,-548
2.5017,2043,2027,1300,-548
2.5020,2043,2029,1700,-548
2.5025,2043,2029,1700,-548
2.5028,2043,2031,1700,-540
2.5032,2043,2031,1700,-540
2.5036,2043,2031,1700,-540
2.5039,2043,2032,1700,-540
2.5042,2043,2032,1700,-540
2.5046,2043,2032,1700,-540
2.5050,2043,2034,1700,-540
2.5053,2043,2034,1700,-540
2.5056,2043,2034,1700,-540
2.5060,2043,2036,1700,-532
2.5065,2043,2036,1700,-532
2.5069,2043,2039,1700,-524
2.5072,2043,2039,1700,-524
2.5076,2043,2039,1700,-524
2.5079,2043,2040,1700,-524
2.5083,2043,2040,1700,-524
2.5086,2043,2040,1700,-524
2.5090,2043,2042,1700,-516
2.5094,2043,2042,1700,-516
2.5097,2043,2044,1700,-516
2.5101,2012,2044,1700,-516
2.5109,2012,2046,1700,-508
2.5112,2012,2046,1700,-508
2.5116,2012,2046,1700,-508
2.5120,2012,2048,1700,-500
2.5124,2012,2048,1700,-500
2.5127,2012,2050,1700,-492
2.5131,2012,2050,1700,-492
2.5135,2012,2050,1700,-492
2.5139,2012,2052,1700,-492
2.5143,2012,2052,1700,-492
2.5147,2012,2052,1700,-492
2.5151,2012,2053,1700,-492
2.5155,2012,2053,1700,-492
2.5158,2012,2055,1700,-484
2.5162,2012,2055,1700,-484
2.5166,2012,2055,1700,-484
2.5169,2012,2058,1700,-468
2.5173,2012,2058,1700,-468
2.5177,2012,2060,1700,-460
2.5181,2012,2060,1700,-460
2.5185,2012,2060,1700,-460
2.5189,2012,2061,1700,-460
2.5193,2012,2061,1700,-460
2.5196,2012,2061,1700,-460
2.5200,1981,2063,1700,-388
2.5207,1981,2065,1700,-380
2.5211,1981,2065,1700,-380
2.5215,1981,2065,1700,-380
2.5219,1981,2067,1900,-372
2.5223,1981,2067,1900,-372
2.5228,1981,2069,1900,-364
2.5231,1981,2069,1900,-364
2.5235,1981,2069,1900,-364
2.5239,1981,2070,1900,-364
2.5243,1981,2070,1900,-364
2.5246,1981,2070,1900,-364
2.5250,1981,2072,1900,-356
2.5253,1981,2072,1900,-356
2.5257,1981,2074,1900,-348
2.5261,1981,2074,1900,-348
2.5265,1981,2074,1900,-348
2.5268,1981,2075,1900,-348
2.5272,1981,2075,1900,-348
2.5276,1981,2075,1900,-348
2.5280,1981,2077,1900,-340
2.5283,1981,2077,1900,-340
2.5287,1981,2079,1900,-324
2.5291,1981,2079,1900,-324
2.5295,1981,2079,1900,-324
2.5299,1981,2081,1900,-316
2.5303,1952,2081,1900,-316
2.5309,1952,2083,1900,-308
2.5313,1952,2083,1900,-308
2.5317,1952,2084,1900,-308
2.5320,1952,2084,1900,-308
2.5325,1952,2084,1900,-308
2.5328,1952,2086,1900,-292
2.5332,1952,2086,1900,-292
2.5336,1952,2088,1900,-284
2.5340,1952,2088,1900,-284
2.5345,1952,2088,1900,-284
2.5349,1952,2089,1900,-284
2.5352,1952,2089,1900,-284
2.5356,1952,2091,1900,-268
2.5360,1952,2091,1900,-268
2.5364,1952,2091,1900,-268
2.5367,1952,2092,1900,-268
2.5371,1952,2092,1900,-268
2.5375,1952,2092,1900,-268
2.5379,1952,2094,1900,-260
2.5382,1952,2094,1900,-260
2.5386,1952,2096,1900,-244
2.5390,1952,2096,1900,-244
2.5394,1952,2096,1900,-244
2.5397,1952,2097,1900,-224
2.5401,1927,2097,1900,-224
2.5408,1927,2099,1900,-208
2.5412,1927,2099,1900,-208
2.5415,1927,2099,1900,-208
2.5419,1927,2100,1650,-208
2.5423,1927,2100,1650,-208
2.5427,1927,2102,1650,-192
2.5431,1927,2102,1650,-192
2.5435,1927,2102,1650,-192
2.5439,1927,2103,1650,-192
2.5443,1927,2103,1650,-192
2.5446,1927,2104,1650,-184
2.5450,1927,2104,1650,-184
2.5454,1927,2104,1650,-184
2.5457,1927,2106,1650,-168
2.5461,1927,2106,1650,-168
2.5465,1927,2106,1650,-168
2.5469,1927,2107,1650,-168
2.5473,1927,2107,1650,-168
2.5476,1927,2109,1650,-152
2.5480,1927,2109,1650,-152
2.5484,1927,2109,1650,-152
2.5487,1927,2110,1650,-144
2.5491,1927,2110,1650,-144
2.5495,1927,2110,1650,-144
2.5499,1927,2111,1650,-144
2.5502,1905,2112,1650,-136
2.5509,1905,2112,1650,-136
2.5513,1905,2112,1650,-136
2.5516,1905,2114,1650,-120
2.5520,1905,2114,1650,-120
2.5525,1905,2114,1650,-120
2.5529,1905,2115,1650,-112
2.5532,1905,2115,1650,-112
2.5536,1905,2116,1650,-104
2.5540,1905,2116,1650,-104
2.5543,1905,2116,1650,-104
2.5547,1905,2117,1650,-104
2.5551,1905,2117,1650,-104
2.5555,1905,2117,1650,-104
2.5559,1905,2118,1650,-96
2.5563,1905,2118,1650,-96
2.5566,1905,2119,1650,-88
2.5570,1905,2119,1650,-88
2.5573,1905,2119,1650,-88
2.5577,1905,2120,1650,-80
2.5580,1905,2120,1650,-80
2.5584,1905,2120,1650,-80
2.5587,1905,2122,1650,-64
2.5591,1905,2122,1650,-64
2.5595,1905,2123,1650,-44
2.5599,1905,2123,1650,-44
2.5603,1889,2124,1650,-36
2.5610,1889,2124,1650,-36
2.5614,1889,2124,1650,-36
2.5618,1889,2125,1250,-28
2.5622,1889,2125,1250,-28
2.5626,1889,2126,1250,-20
2.5629,1889,2126,1250,-20
2.5633,1889,2126,1250,-20
2.5636,1889,2126,1250,20
2.5640,1889,2126,1250,20
2.5643,1889,2126,1250,20
2.5647,1889,2127,1250,28
2.5651,1889,2127,1250,28
2.5655,1889,2128,1250,36
2.5658,1889,2128,1250,36
2.5662,1889,2128,1250,36
2.5666,1889,2129,1250,44
2.5670,1889,2129,1250,44
2.5673,1889,2129,1250,44
2.5677,1889,2130,1250,52
2.5681,1889,2130,1250,52
2.5685,1889,2131,1250,68
2.5689,1889,2131,1250,68
2.5692,1889,2131,1250,68
2.5696,1889,2132,1250,76
2.5700,1889,2132,1250,76
2.5704,1878,2132,1250,76
2.5711,1878,2132,1250,76
2.5715,1878,2133,1250,92
2.5719,1878,2133,1250,92
2.5723,1878,2133,1250,92
2.5726,1878,2134,1250,100
2.5730,1878,2134,1250,100
2.5735,1878,2134,1250,100
2.5738,1878,2134,1250,100
2.5742,1878,2134,1250,100
2.5746,1878,2135,1250,100
2.5750,1878,2135,1250,100
2.5753,1878,2135,1250,100
2.5757,1878,2135,1250,100
2.5761,1878,2135,1250,100
2.5765,1878,2135,1250,108
2.5768,1878,2135,1250,108
2.5772,1878,2135,1250,108
2.5776,1878,2136,1250,116
2.5779,1878,2136,1250,116
2.5783,1878,2136,1250,116
2.5786,1878,2136,1250,124
2.5790,1878,2136,1250,124
2.5794,1878,2136,1250,124
2.5797,1878,2137,1250,120
2.5801,1874,2137,1250,128
2.5808,1874,2137,1250,128
2.5812,1874,2137,1250,128
2.5816,1874,2137,600,136
2.5819,1874,2137,600,136
2.5823,1874,2137,600,136
2.5827,1874,2137,600,136
2.5831,1874,2137,600,136
2.5835,1874,2138,600,152
2.5838,1874,2138,600,152
2.5842,1874,2138,600,152
2.5846,1874,2138,600,160
2.5850,1874,2138,600,160
2.5853,1874,2138,600,160
2.5857,1874,2138,600,160
2.5861,1874,2138,600,160
2.5865,1874,2138,600,168
2.5869,1874,2138,600,168
2.5872,1874,2138,600,168
2.5876,1874,2138,600,176
2.5880,1874,2138,600,176
2.5884,1874,2138,600,184
2.5888,1874,2138,600,184
2.5892,1874,2138,600,184
2.5896,1874,2138,600,184
2.5899,1874,2138,600,184
2.5902,1875,2138,600,192
2.5909,1875,2138,600,192
2.5912,1875,2138,600,192
2.5916,1875,2138,600,200
2.5920,1875,2138,600,200
2.5925,1875,2138,600,208
2.5928,1875,2138,600,208
2.5932,1875,2138,600,208
2.5937,1875,2138,600,216
2.5940,1875,2138,600,216
2.5945,1875,2138,600,224
2.5949,1875,2138,600,224
2.5953,1875,2138,600,224
2.5957,1875,2138,600,232
2.5960,1875,2138,600,232
2.5965,1875,2138,600,240
2.5969,1875,2138,600,240
2.5972,1875,2138,600,240
2.5976,1875,2138,600,248
2.5980,1875,2138,600,248
2.5984,1875,2138,600,256
2.5988,1875,2138,600,256
2.5991,1875,2138,600,256
2.5995,1875,2138,600,264
2.5998,1875,2138,600,264
2.6002,1882,2138,600,272
2.6008,1882,2138,600,272
2.6012,1882,2138,600,272
2.6016,1882,2138,50,280
2.6019,1882,2138,50,280
2.6023,1882,2138,50,280
2.6026,1882,2138,50,288
2.6030,1882,2138,50,288
2.6033,1882,2138,50,296
2.6037,1882,2138,50,296
2.6041,1882,2138,50,296
2.6045,1882,2137,50,304
2.6049,1882,2137,50,304
2.6052,1882,2137,50,304
2.6056,1882,2137,50,312
2.6060,1882,2137,50,312
2.6063,1882,2137,50,320
2.6067,1882,2137,50,320
2.6071,1882,2137,50,320
2.6075,1882,2136,50,320
2.6079,1882,2136,50,320
2.6083,1882,2136,50,336
2.6086,1882,2136,50,336
2.6090,1882,2136,50,336
2.6095,1882,2135,50,336
2.6098,1882,2135,50,336
2.6102,1895,2134,50,336
2.6109,1895,2134,50,336
2.6113,1895,2134,50,352
2.6117,1895,2134,50,352
2.6121,1895,2134,50,352
2.6125,1895,2133,50,352
2.6128,1895,2133,50,352
2.6132,1895,2133,50,352
2.6135,1895,2133,50,368
2.6139,1895,2133,50,368
2.6142,1895,2132,50,368
2.6146,1895,2132,50,368
2.6150,1895,2132,50,368
2.6154,1895,2131,50,368
2.6157,1895,2131,50,368
2.6161,1895,2131,50,368
2.6165,1895,2130,50,376
2.6168,1895,2130,50,376
2.6172,1895,2130,50,392
2.6176,1895,2130,50,392
2.6180,1895,2130,50,392
2.6183,1895,2129,50,392
2.6187,1895,2129,50,392
2.6191,1895,2129,50,392
2.6195,1895,2128,50,396
2.6198,1895,2128,50,396
2.6202,1913,2127,50,396
2.6209,1913,2127,50,396
2.6213,1913,2126,-600,404
2.6216,1913,2126,-600,404
2.6220,1913,2126,-600,404
2.6225,1913,2126,-600,420
2.6228,1913,2126,-600,420
2.6232,1913,2125,-600,420
2.6236,1913,2125,-600,420
2.6240,1913,2125,-600,420
2.6243,1913,2124,-600,428
2.6247,1913,2124,-600,428
2.6251,1913,2124,-600,428
2.6255,1913,2123,-600,436
2.6258,1913,2123,-600,436
2.6262,1913,2122,-600,436
2.6266,1913,2122,-600,436
2.6270,1913,2122,-600,436
2.6274,1913,2121,-600,444
2.6277,1913,2121,-600,444
2.6281,1913,2121,-600,444
2.6285,1913,2120,-600,452
2.6289,1913,2120,-600,452
2.6292,1913,2119,-600,460
2.6296,1913,2119,-600,460
2.6300,1913,2119,-600,460
2.6304,1936,2118,-600,468
2.6311,1936,2118,-600,468
2.6315,1936,2117,-600,468
2.6319,1936,2117,-600,468
2.6322,1936,2116,-600,476
2.6326,1936,2116,-600,476
2.6330,1936,2116,-600,476
2.6334,1936,2114,-600,476
2.6337,1936,2114,-600,476
2.6341,1936,2113,-600,484
2.6345,1936,2113,-600,484
2.6349,1936,2113,-600,484
2.6352,1936,2112,-600,492
2.6356,1936,2112,-600,492
2.6360,1936,2112,-600,492
2.6364,1936,2111,-600,500
2.6367,1936,2111,-600,500
2.6371,1936,2110,-600,508
2.6375,1936,2110,-600,508
2.6379,1936,2110,-600,508
2.6383,1936,2109,-600,516
2.6386,1936,2109,-600,516
2.6390,1936,2109,-600,516
2.6395,1936,2107,-600,508
2.6399,1936,2107,-600,508
2.6402,1962,2106,-600,524
2.6410,1962,2106,-600,524
2.6413,1962,2105,-1050,532
2.6416,1962,2105,-1050,532
2.6420,1962,2105,-1050,532
2.6425,1962,2104,-1050,540
2.6428,1962,2104,-1050,540
2.6432,1962,2102,-1050,540
2.6436,1962,2102,-1050,540
2.6440,1962,2102,-1050,540
2.6444,1962,2101,-1050,548
2.6447,1962,2101,-1050,548
2.6451,1962,2100,-1050,556
2.6455,1962,2100,-1050,556
2.6459,1962,2100,-1050,556
2.6463,1962,2098,-1050,556
2.6467,1962,2098,-1050,556
2.6471,1962,2097,-1050,564
2.6475,1962,2097,-1050,564
2.6478,1962,2097,-1050,564
2.6482,1962,2095,-1050,564
2.6486,1962,2095,-1050,564
2.6490,1962,2095,-1050,564
2.6494,1962,2094,-1050,572
2.6498,1962,2094,-1050,572
2.6501,1992,2092,-1050,572
2.6508,1992,2092,-1050,572
2.6512,1992,2091,-1050,580
2.6516,1992,2091,-1050,580
2.6519,1992,2091,-1050,580
2.6523,1992,2089,-1050,572
2.6527,1992,2089,-1050,572
2.6531,1992,2087,-1050,572
2.6535,1992,2087,-1050,572
2.6538,1992,2087,-1050,572
2.6542,1992,2086,-1050,580
2.6546,1992,2086,-1050,580
2.6549,1992,2086,-1050,580
2.6553,1992,2085,-1050,588
2.6557,1992,2085,-1050,588
2.6561,1992,2083,-1050,588
2.6565,1992,2083,-1050,588
2.6568,1992,2083,-1050,588
2.6572,1992,2081,-1050,580
2.6576,1992,2081,-1050,580
2.6580,1992,2081,-1050,580
2.6583,1992,2079,-1050,580
2.6587,1992,2079,-1050,580
2.6591,1992,2078,-1050,568
2.6595,1992,2078,-1050,568
2.6599,1992,2078,-1050,568
2.6603,2023,2076,-1050,560
2.6610,2023,2075,-1500,568
2.6614,2023,2075,-1500,568
2.6618,2023,2075,-1500,568
2.6621,2023,2073,-1500,568
2.6625,2023,2073,-1500,568
2.6628,2023,2073,-1500,568
2.6632,2023,2071,-1500,560
2.6636,2023,2071,-1500,560
2.6639,2023,2071,-1500,560
2.6643,2023,2070,-1500,568
2.6647,2023,2070,-1500,568
2.6651,2023,2068,-1500,560
2.6655,2023,2068,-1500,560
2.6658,2023,2068,-1500,560
2.6662,2023,2066,-1500,560
2.6666,2023,2066,-1500,560
2.6669,2023,2064,-1500,552
2.6673,2023,2064,-1500,552
2.6677,2023,2064,-1500,552
2.6681,2023,2063,-1500,560
2.6685,2023,2063,-1500,560
2.6689,2023,2063,-1500,560
2.6692,2023,2061,-1500,552
2.6696,2023,2061,-1500,552
2.6700,2023,2059,-1500,544
2.6704,2056,2059,-1500,544
2.6711,2056,2057,-1500,544
2.6715,2056,2057,-1500,544
2.6719,2056,2055,-1500,536
2.6723,2056,2055,-1500,536
2.6727,2056,2055,-1500,536
2.6731,2056,2053,-1500,536
2.6734,2056,2053,-1500,536
2.6738,2056,2053,-1500,536
2.6741,2056,2052,-1500,536
2.6744,2056,2052,-1500,536
2.6748,2056,2052,-1500,536
2.6751,2056,2050,-1500,528
2.6755,2056,2050,-1500,528
2.6758,2056,2050,-1500,528
2.6761,2056,2048,-1500,520
2.6765,2056,2048,-1500,520
2.6768,2056,2048,-1500,520
2.6772,2056,2046,-1500,520
2.6775,2056,2046,-1500,520
2.6778,2056,2046,-1500,520
2.6782,2056,2044,-1500,512
2.6785,2056,2044,-1500,512
2.6789,2056,2044,-1500,512
2.6792,2056,2042,-1500,432
2.6796,2056,2042,-1500,432
2.6800,2056,2040,-1500,424
2.6803,2087,2040,-1500,424
2.6810,2087,2038,-1850,416
2.6815,2087,2038,-1850,416
2.6818,2087,2038,-1850,416
2.6822,2087,2037,-1850,416
2.6826,2087,2037,-1850,416
2.6829,2087,2035,-1850,408
2.6833,2087,2035,-1850,408
2.6837,2087,2035,-1850,408
2.6841,2087,2033,-1850,400
2.6845,2087,2033,-1850,400
2.6848,2087,2033,-1850,400
2.6852,2087,2031,-1850,392
2.6856,2087,2031,-1850,392
2.6860,2087,2029,-1850,384
2.6864,2087,2029,-1850,384
2.6867,2087,2029,-1850,384
2.6871,2087,2028,-1850,384
2.6875,2087,2028,-1850,384
2.6878,2087,2026,-1850,376
2.6882,2087,2026,-1850,376
2.6886,2087,2026,-1850,376
2.6889,2087,2024,-1850,368
2.6893,2087,2024,-1850,368
2.6897,2087,2024,-1850,368
2.6901,2117,2023,-1850,368
2.6909,2117,2021,-1850,360
2.6912,2117,2021,-1850,360
2.6916,2117,2021,-1850,360
2.6920,2117,2019,-1850,352
2.6924,2117,2019,-1850,352
2.6927,2117,2019,-1850,352
2.6931,2117,2017,-1850,344
2.6935,2117,2017,-1850,344
2.6938,2117,2015,-1850,328
2.6942,2117,2015,-1850,328
2.6945,2117,2015,-1850,328
2.6949,2117,2014,-1850,328
2.6952,2117,2014,-1850,328
2.6956,2117,2014,-1850,328
2.6960,2117,2012,-1850,320
2.6963,2117,2012,-1850,320
2.6967,2117,2012,-1850,320
2.6971,2117,2010,-1850,312
2.6975,2117,2010,-1850,312
2.6978,2117,2009,-1850,304
2.6982,2117,2009,-1850,304
2.6986,2117,2009,-1850,304
2.6989,2117,2007,-1850,260
2.6993,2117,2007,-1850,260
2.6996,2117,2007,-1850,260
2.7000,2144,2006,-1850,260
2.7007,2144,2006,-1850,260
2.7011,2144,2004,-1700,244
2.7015,2144,2004,-1700,244
2.7019,2144,2003,-1700,244
2.7023,2144,2003,-1700,244
2.7027,2144,2003,-1700,244
2.7031,2144,2001,-1700,228
2.7035,2144,2001,-1700,228
2.7039,2144,1999,-1700,220
2.7042,2144,1999,-1700,220
2.7046,2144,1999,-1700,220
2.7050,2144,1998,-1700,212
2.7053,2144,1998,-1700,212
2.7057,2144,1998,-1700,212
2.7061,2144,1997,-1700,212
2.7065,2144,1997,-1700,212
2.7069,2144,1995,-1700,196
2.7072,2144,1995,-1700,196
2.7076,2144,1995,-1700,196
2.7080,2144,1993,-1700,188
2.7084,2144,1993,-1700,188
2.7087,2144,1992,-1700,180
2.7091,2144,1992,-1700,180
2.7095,2144,1992,-1700,180
2.7098,2144,1991,-1700,180
2.7102,2169,1991,-1700,180
2.7109,2169,1989,-1700,164
2.7113,2169,1989,-1700,164
2.7116,2169,1989,-1700,164
2.7120,2169,1988,-1700,156
2.7125,2169,1988,-1700,156
2.7128,2169,1986,-1700,140
2.7132,2169,1986,-1700,140
2.7136,2169,1986,-1700,140
2.7140,2169,1985,-1700,140
2.7143,2169,1985,-1700,140
2.7147,2169,1984,-1700,132
2.7151,2169,1984,-1700,132
2.7155,2169,1984,-1700,132
2.7158,2169,1983,-1700,124
2.7162,2169,1983,-1700,124
2.7166,2169,1983,-1700,124
2.7170,2169,1982,-1700,116
2.7173,2169,1982,-1700,116
2.7177,2169,1981,-1700,116
2.7181,2169,1981,-1700,116
2.7185,2169,1981,-1700,116
2.7188,2169,1980,-1700,100
2.7192,2169,1980,-1700,100
2.7196,2169,1980,-1700,100
2.7199,2169,1979,-1700,92
2.7203,2189,1979,-1700,92
2.7210,2189,1978,-1300,84
2.7214,2189,1978,-1300,84
2.7217,2189,1976,-1300,68
2.7221,2189,1976,-1300,68
2.7225,2189,1976,-1300,68
2.7228,2189,1975,-1300,60
2.7232,2189,1975,-1300,60
2.7236,2189,1975,-1300,60
2.7239,2189,1974,-1300,52
2.7243,2189,1974,-1300,52
2.7246,2189,1974,-1300,52
2.7250,2189,1973,-1300,44
2.7255,2189,1973,-1300,44
2.7258,2189,1972,-1300,36
2.7262,2189,1972,-1300,36
2.7266,2189,1972,-1300,36
2.7269,2189,1972,-1300,36
2.7273,2189,1972,-1300,36
2.7277,2189,1971,-1300,28
2.7281,2189,1971,-1300,28
2.7285,2189,1971,-1300,28
2.7288,2189,1969,-1300,-28
2.7293,2189,1969,-1300,-28
2.7298,2189,1969,-1300,-28
2.7301,2203,1969,-1300,-28
2.7308,2203,1968,-1300,-36
2.7312,2203,1968,-1300,-36
2.7316,2203,1967,-1300,-44
2.7320,2203,1967,-1300,-44
2.7325,2203,1967,-1300,-44
2.7329,2203,1966,-1300,-60
2.7332,2203,1966,-1300,-60
2.7336,2203,1965,-1300,-68
2.7340,2203,1965,-1300,-68
2.7344,2203,1965,-1300,-68
2.7348,2203,1965,-1300,-68
2.7352,2203,1965,-1300,-68
2.7355,2203,1965,-1300,-68
2.7359,2203,1964,-1300,-84
2.7363,2203,1964,-1300,-84
2.7367,2203,1964,-1300,-84
2.7370,2203,1964,-1300,-84
2.7375,2203,1964,-1300,-84
2.7378,2203,1963,-1300,-92
2.7382,2203,1963,-1300,-92
2.7386,2203,1963,-1300,-96
2.7390,2203,1963,-1300,-96
2.7394,2203,1963,-1300,-96
2.7398,2203,1962,-1300,-96
2.7402,2212,1962,-1300,-96
2.7409,2212,1961,-850,-112
2.7413,2212,1961,-850,-112
2.7416,2212,1961,-850,-112
2.7420,2212,1961,-850,-112
2.7425,2212,1961,-850,-112
2.7428,2212,1961,-850,-120
2.7432,2212,1961,-850,-120
2.7436,2212,1960,-850,-128
2.7440,2212,1960,-850,-128
2.7444,2212,1960,-850,-128
2.7447,2212,1960,-850,-136
2.7451,2212,1960,-850,-136
2.7455,2212,1960,-850,-136
2.7458,2212,1960,-850,-136
2.7462,2212,1960,-850,-136
2.7466,2212,1960,-850,-144
2.7469,2212,1960,-850,-144
2.7473,2212,1960,-850,-144
2.7477,2212,1959,-850,-160
2.7480,2212,1959,-850,-160
2.7485,2212,1959,-850,-160
2.7489,2212,1959,-850,-160
2.7492,2212,1959,-850,-160
2.7496,2212,1959,-850,-168
2.7500,2212,1959,-850,-168
2.7504,2215,1959,-850,-176
2.7511,2215,1959,-850,-176
2.7515,2215,1959,-850,-176
2.7518,2215,1959,-850,-184
2.7522,2215,1959,-850,-184
2.7526,2215,1959,-850,-184
2.7530,2215,1959,-850,-184
2.7534,2215,1959,-850,-184
2.7538,2215,1959,-850,-192
2.7541,2215,1959,-850,-192
2.7545,2215,1959,-850,-200
2.7549,2215,1959,-850,-200
2.7553,2215,1959,-850,-200
2.7556,2215,1959,-850,-208
2.7560,2215,1959,-850,-208
2.7563,2215,1959,-850,-208
2.7567,2215,1959,-850,-216
2.7571,2215,1959,-850,-216
2.7575,2215,1959,-850,-224
2.7579,2215,1959,-850,-224
2.7583,2215,1959,-850,-224
2.7586,2215,1959,-850,-220
2.7590,2215,1959,-850,-220
2.7594,2215,1959,-850,-220
2.7598,2215,1959,-850,-228
2.7601,2212,1959,-850,-228
2.7608,2212,1959,-100,-236
2.7611,2212,1959,-100,-236
2.7615,2212,1959,-100,-244
2.7619,2212,1959,-100,-244
2.7623,2212,1959,-100,-244
2.7626,2212,1959,-100,-252
2.7630,2212,1959,-100,-252
2.7635,2212,1959,-100,-260
2.7639,2212,1959,-100,-260
2.7643,2212,1959,-100,-260
2.7647,2212,1959,-100,-268
2.7651,2212,1959,-100,-268
2.7655,2212,1959,-100,-276
2.7658,2212,1959,-100,-276
2.7662,2212,1959,-100,-276
2.7665,2212,1959,-100,-284
2.7669,2212,1959,-100,-284
2.7673,2212,1959,-100,-284
2.7676,2212,1959,-100,-292
2.7680,2212,1959,-100,-292
2.7683,2212,1959,-100,-292
2.7687,2212,1959,-100,-308
2.7691,2212,1959,-100,-308
2.7695,2212,1960,-100,-308
2.7699,2212,1960,-100,-308
2.7703,2202,1960,-100,-316
2.7710,2202,1960,-100,-316
2.7713,2202,1960,-100,-316
2.7717,2202,1961,-100,-316
2.7721,2202,1961,-100,-316
2.7725,2202,1961,-100,-332
2.7729,2202,1961,-100,-332
2.7733,2202,1961,-100,-332
2.7736,2202,1962,-100,-332
2.7740,2202,1962,-100,-332
2.7745,2202,1963,-100,-332
2.7749,2202,1963,-100,-332
2.7753,2202,1963,-100,-332
2.7756,2202,1963,-100,-348
2.7760,2202,1963,-100,-348
2.7765,2202,1964,-100,-348
2.7768,2202,1964,-100,-348
2.7772,2202,1964,-100,-348
2.7776,2202,1964,-100,-356
2.7779,2202,1964,-100,-356
2.7783,2202,1964,-100,-356
2.7787,2202,1965,-100,-368
2.7791,2202,1965,-100,-368
2.7795,2202,1965,-100,-376
2.7799,2202,1965,-100,-376
2.7802,2188,1966,350,-384
2.7810,2188,1966,350,-384
2.7814,2188,1967,350,-384
2.7817,2188,1967,350,-384
2.7822,2188,1967,350,-384
2.7825,2188,1968,350,-392
2.7829,2188,1968,350,-392
2.7833,2188,1968,350,-392
2.7836,2188,1969,350,-392
2.7840,2188,1969,350,-392
2.7845,2188,1970,350,-400
2.7849,2188,1970,350,-400
2.7853,2188,1970,350,-400
2.7856,2188,1970,350,-416
2.7860,2188,1970,350,-416
2.7863,2188,1971,350,-416
2.7867,2188,1971,350,-416
2.7871,2188,1971,350,-416
2.7875,2188,1972,350,-424
2.7878,2188,1972,350,-424
2.7882,2188,1972,350,-424
2.7886,2188,1972,350,-440
2.7889,2188,1972,350,-440
2.7893,2188,1973,350,-440
2.7897,2188,1973,350,-440
2.7901,2168,1974,350,-448
2.7908,2168,1974,350,-448
2.7912,2168,1974,350,-448
2.7916,2168,1975,350,-456
2.7920,2168,1975,350,-456
2.7924,2168,1976,350,-464
2.7928,2168,1976,350,-464
2.7931,2168,1976,350,-464
2.7935,2168,1977,350,-472
2.7939,2168,1977,350,-472
2.7943,2168,1977,350,-472
2.7947,2168,1978,350,-472
2.7950,2168,1978,350,-472
2.7955,2168,1980,350,-472
2.7959,2168,1980,350,-472
2.7963,2168,1980,350,-472
2.7966,2168,1981,350,-480
2.7970,2168,1981,350,-480
2.7975,2168,1982,350,-488
2.7978,2168,1982,350,-488
2.7982,2168,1982,350,-488
2.7986,2168,1983,350,-488
2.7989,2168,1983,350,-488
2.7993,2168,1984,350,-496
2.7997,2168,1984,350,-496
2.8001,2144,1985,950,-504
2.8008,2144,1985,950,-504
2.8012,2144,1985,950,-504
2.8016,2144,1986,950,-512
2.8020,2144,1986,950,-512
2.8023,2144,1988,950,-512
2.8027,2144,1988,950,-512
2.8031,2144,1988,950,-512
2.8035,2144,1989,950,-520
2.8039,2144,1989,950,-520
2.8043,2144,1990,950,-528
2.8046,2144,1990,950,-528
2.8050,2144,1990,950,-528
2.8055,2144,1991,950,-544
2.8059,2144,1991,950,-544
2.8062,2144,1993,950,-544
2.8066,2144,1993,950,-544
2.8070,2144,1993,950,-544
2.8074,2144,1994,950,-552
2.8078,2144,1994,950,-552
2.8081,2144,1994,950,-552
2.8085,2144,1995,950,-560
2.8089,2144,1995,950,-560
2.8093,2144,1997,950,-560
2.8097,2144,1997,950,-560
2.8101,2116,1998,950,-568
2.8108,2116,1998,950,-568
2.8112,2116,2000,950,-568
2.8116,2116,2000,950,-568
2.8120,2116,2000,950,-568
2.8123,2116,2001,950,-576
2.8127,2116,2001,950,-576
2.8131,2116,2001,950,-576
2.8135,2116,2003,950,-576
2.8138,2116,2003,950,-576
2.8142,2116,2004,950,-584
2.8146,2116,2004,950,-584
2.8150,2116,2004,950,-584
2.8154,2116,2005,950,-592
2.8158,2116,2005,950,-592
2.8161,2116,2005,950,-592
2.8165,2116,2007,950,-592
2.8169,2116,2007,950,-592
2.8173,2116,2009,950,-592
2.8177,2116,2009,950,-592
2.8180,2116,2009,950,-592
2.8185,2116,2010,950,-592
2.8188,2116,2010,950,-592
2.8192,2116,2010,950,-592
2.8195,2116,2012,950,-592
2.8199,2116,2012,950,-592
2.8202,2086,2013,1400,-600
2.8209,2086,2013,1400,-600
2.8213,2086,2015,1400,-600
2.8217,2086,2015,1400,-600
2.8220,2086,2015,1400,-600
2.8224,2086,2017,1400,-600
2.8228,2086,2017,1400,-600
2.8231,2086,2017,1400,-600
2.8235,2086,2018,1400,-600
2.8239,2086,2018,1400,-600
2.8242,2086,2020,1400,-600
2.8246,2086,2020,1400,-600
2.8250,2086,2020,1400,-600
2.8254,2086,2021,1400,-600
2.8258,2086,2021,1400,-600
2.8262,2086,2024,1400,-600
2.8266,2086,2024,1400,-600
2.8269,2086,2024,1400,-600
2.8273,2086,2025,1400,-600
2.8276,2086,2025,1400,-600
2.8280,2086,2025,1400,-600
2.8283,2086,2027,1400,-600
2.8287,2086,2027,1400,-600
2.8291,2086,2029,1400,-592
2.8295,2086,2029,1400,-592
2.8298,2086,2029,1400,-592
2.8302,2054,2031,1400,-592
2.8309,2054,2031,1400,-592
2.8313,2054,2032,1400,-600
2.8316,2054,2032,1400,-600
2.8320,2054,2032,1400,-600
2.8323,2054,2034,1400,-592
2.8327,2054,2034,1400,-592
2.8331,2054,2034,1400,-592
2.8334,2054,2036,1400,-592
2.8338,2054,2036,1400,-592
2.8341,2054,2038,1400,-584
2.8345,2054,2038,1400,-584
2.8348,2054,2038,1400,-584
2.8352,2054,2040,1400,-584
2.8356,2054,2040,1400,-584
2.8359,2054,2040,1400,-584
2.8363,2054,2042,1400,-576
2.8366,2054,2042,1400,-576
2.8370,2054,2042,1400,-576
2.8373,2054,2043,1400,-584
2.8377,2054,2043,1400,-584
2.8381,2054,2045,1400,-512
2.8385,2054,2045,1400,-512
2.8389,2054,2045,1400,-512
2.8393,2054,2047,1400,-504
2.8396,2054,2047,1400,-504
2.8400,2054,2047,1400,-504
2.8404,2021,2049,1800,-504
2.8410,2021,2049,1800,-504
2.8414,2021,2051,1800,-496
2.8418,2021,2051,1800,-496
2.8422,2021,2053,1800,-488
2.8426,2021,2053,1800,-488
2.8429,2021,2053,1800,-488
2.8433,2021,2055,1800,-488
2.8437,2021,2055,1800,-488
2.8441,2021,2057,1800,-480
2.8444,2021,2057,1800,-480
2.8448,2021,2057,1800,-480
2.8451,2021,2059,1800,-472
2.8455,2021,2059,1800,-472
2.8459,2021,2059,1800,-472
2.8463,2021,2061,1800,-464
2.8466,2021,2061,1800,-464
2.8470,2021,2061,1800,-464
2.8474,2021,2063,1800,-456
2.8478,2021,2063,1800,-456
2.8482,2021,2064,1800,-464
2.8485,2021,2064,1800,-464
2.8489,2021,2064,1800,-464
2.8493,2021,2066,1800,-456
2.8496,2021,2066,1800,-456
2.8500,2021,2066,1800,-456
2.8504,1990,2068,1800,-448
2.8511,1990,2070,1800,-440
2.8515,1990,2070,1800,-440
2.8519,1990,2070,1800,-440
2.8522,1990,2072,1800,-432
2.8526,1990,2072,1800,-432
2.8529,1990,2072,1800,-432
2.8533,1990,2074,1800,-424
2.8537,1990,2074,1800,-424
2.8541,1990,2076,1800,-416
2.8545,1990,2076,1800,-416
2.8549,1990,2076,1800,-416
2.8553,1990,2077,1800,-416
2.8556,1990,2077,1800,-416
2.8560,1990,2079,1800,-408
2.8564,1990,2079,1800,-408
2.8567,1990,2079,1800,-408
2.8571,1990,2081,1800,-400
2.8575,1990,2081,1800,-400
2.8578,1990,2081,1800,-400
2.8582,1990,2083,1800,-340
2.8586,1990,2083,1800,-340
2.8590,1990,2085,1800,-324
2.8594,1990,2085,1800,-324
2.8597,1990,2085,1800,-324
2.8601,1961,2086,1850,-324
2.8608,1961,2086,1850,-324
2.8612,1961,2088,1850,-316
2.8615,1961,2088,1850,-316
2.8619,1961,2088,1850,-316
2.8622,1961,2090,1850,-308
2.8626,1961,2090,1850,-308
2.8629,1961,2090,1850,-308
2.8633,1961,2091,1850,-308
2.8637,1961,2091,1850,-308
2.8640,1961,2093,1850,-292
2.8645,1961,2093,1850,-292
2.8648,1961,2093,1850,-292
2.8652,1961,2095,1850,-284
2.8656,1961,2095,1850,-284
2.8659,1961,2096,1850,-284
2.8663,1961,2096,1850,-284
2.8667,1961,2096,1850,-284
2.8671,1961,2098,1850,-268
2.8675,1961,2098,1850,-268
2.8679,1961,2098,1850,-268
2.8683,1961,2100,1850,-260
2.8686,1961,2100,1850,-260
2.8690,1961,2101,1850,-260
2.8695,1961,2101,1850,-260
2.8698,1961,2101,1850,-260
2.8702,1935,2103,1850,-244
2.8709,1935,2105,1850,-236
2.8713,1935,2105,1850,-236
2.8717,1935,2105,1850,-236
2.8720,1935,2106,1850,-228
2.8724,1935,2106,1850,-228
2.8727,1935,2106,1850,-228
2.8731,1935,2108,1850,-220
2.8735,1935,2108,1850,-220
2.8739,1935,2108,1850,-220
2.8742,1935,2109,1850,-212
2.8746,1935,2109,1850,-212
2.8750,1935,2111,1850,-204
2.8753,1935,2111,1850,-204
2.8757,1935,2111,1850,-204
2.8761,1935,2112,1850,-196
2.8765,1935,2112,1850,-196
2.8769,1935,2113,1850,-196
2.8773,1935,2113,1850,-196
2.8777,1935,2113,1850,-196
2.8781,1935,2114,1850,-172
2.8785,1935,2114,1850,-172
2.8788,1935,2114,1850,-172
2.8792,1935,2116,1850,-156
2.8796,1935,2116,1850,-156
2.8800,1935,2117,1550,-156
2.8804,1912,2117,1550,-156
2.8811,1912,2118,1550,-148
2.8815,1912,2118,1550,-148
2.8819,1912,2120,1550,-132
2.8822,1912,2120,1550,-132
2.8825,1912,2120,1550,-132
2.8829,1912,2121,1550,-124
2.8833,1912,2121,1550,-124
2.8836,1912,2121,1550,-124
2.8840,1912,2122,1550,-124
2.8844,1912,2122,1550,-124
2.8847,1912,2122,1550,-124
2.8851,1912,2124,1550,-108
2.8855,1912,2124,1550,-108
2.8859,1912,2125,1550,-100
2.8863,1912,2125,1550,-100
2.8866,1912,2125,1550,-100
2.8870,1912,2126,1550,-92
2.8874,1912,2126,1550,-92
2.8877,1912,2126,1550,-92
2.8881,1912,2127,1550,-84
2.8885,1912,2127,1550,-84
2.8888,1912,2128,1550,-76
2.8892,1912,2128,1550,-76
2.8896,1912,2128,1550,-76
2.8900,1894,2130,1550,-68
2.8907,1894,2130,1550,-68
2.8911,1894,2131,1550,-60
2.8915,1894,2131,1550,-60
2.8919,1894,2132,1550,-44
2.8922,1894,2132,1550,-44
2.8926,1894,2132,1550,-44
2.8929,1894,2132,1550,-44
2.8933,1894,2132,1550,-44
2.8937,1894,2132,1550,-44
2.8941,1894,2133,1550,-36
2.8945,1894,2133,1550,-36
2.8948,1894,2134,1550,-28
2.8952,1894,2134,1550,-28
2.8956,1894,2134,1550,-28
2.8959,1894,2135,1550,-20
2.8963,1894,2135,1550,-20
2.8967,1894,2135,1550,-20
2.8971,1894,2136,1550,20
2.8974,1894,2136,1550,20
2.8978,1894,2137,1550,36
2.8982,1894,2137,1550,36
2.8986,1894,2137,1550,36
2.8989,1894,2138,1550,52
2.8993,1894,2138,1550,52
2.8997,1894,2138,1550,52
2.9001,1882,2139,1100,60
2.9009,1882,2140,1100,68
2.9012,1882,2140,1100,68
2.9016,1882,2140,1100,68
2.9020,1882,2140,1100,68
2.9024,1882,2140,1100,68
2.9028,1882,2141,1100,84
2.9031,1882,2141,1100,84
2.9035,1882,2141,1100,84
2.9038,1882,2141,1100,84
2.9041,1882,2141,1100,84
2.9045,1882,2141,1100,84
2.9049,1882,2142,1100,92
2.9052,1882,2142,1100,92
2.9056,1882,2142,1100,92
2.9060,1882,2143,1100,100
2.9063,1882,2143,1100,100
2.9067,1882,2143,1100,100
2.9071,1882,2143,1100,100
2.9075,1882,2143,1100,100
2.9079,1882,2144,1100,108
2.9083,1882,2144,1100,108
2.9086,1882,2144,1100,108
2.9090,1882,2144,1100,108
2.9093,1882,2144,1100,108
2.9097,1882,2145,1100,124
2.9101,1875,2145,1100,124
2.9109,1875,2145,1100,124
2.9112,1875,2145,1100,124
2.9116,1875,2145,1100,124
2.9120,1875,2145,1100,132
2.9124,1875,2145,1100,132
2.9128,1875,2146,1100,140
2.9131,1875,2146,1100,140
2.9135,1875,2146,1100,140
2.9139,1875,2146,1100,148
2.9143,1875,2146,1100,148
2.9146,1875,2146,1100,148
2.9150,1875,2146,1100,156
2.9154,1875,2146,1100,156
2.9157,1875,2146,1100,156
2.9161,1875,2146,1100,156
2.9165,1875,2146,1100,156
2.9169,1875,2147,1100,172
2.9173,1875,2147,1100,172
2.9177,1875,2147,1100,168
2.9181,1875,2147,1100,168
2.9184,1875,2147,1100,168
2.9188,1875,2147,1100,168
2.9192,1875,2147,1100,168
2.9195,1875,2147,1100,168
2.9199,1875,2147,400,176
2.9203,1874,2147,400,176
2.9210,1874,2147,400,184
2.9213,1874,2147,400,184
2.9217,1874,2147,400,192
2.9221,1874,2147,400,192
2.9225,1874,2147,400,192
2.9229,1874,2147,400,200
2.9233,1874,2147,400,200
2.9236,1874,2147,400,208
2.9240,1874,2147,400,208
2.9245,1874,2147,400,208
2.9249,1874,2147,400,208
2.9253,1874,2147,400,208
2.9256,1874,2147,400,208
2.9260,1874,2147,400,216
2.9263,1874,2147,400,216
2.9267,1874,2147,400,224
2.9271,1874,2147,400,224
2.9275,1874,2147,400,224
2.9278,1874,2147,400,232
2.9282,1874,2147,400,232
2.9285,1874,2147,400,232
2.9289,1874,2147,400,240
2.9293,1874,2147,400,240
2.9297,1874,2147,400,248
2.9301,1879,2147,400,248
2.9308,1879,2147,400,256
2.9312,1879,2147,400,256
2.9316,1879,2147,400,264
2.9320,1879,2147,400,264
2.9323,1879,2147,400,264
2.9327,1879,2147,400,272
2.9331,1879,2147,400,272
2.9335,1879,2147,400,272
2.9339,1879,2147,400,288
2.9343,1879,2147,400,288
2.9347,1879,2147,400,296
2.9350,1879,2147,400,296
2.9355,1879,2147,400,296
2.9358,1879,2147,400,304
2.9362,1879,2147,400,304
2.9366,1879,2147,400,304
2.9369,1879,2147,400,312
2.9372,1879,2147,400,312
2.9376,1879,2146,400,312
2.9379,1879,2146,400,312
2.9383,1879,2146,400,312
2.9387,1879,2146,400,328
2.9390,1879,2146,400,328
2.9395,1879,2146,400,328
2.9398,1879,2146,-50,336
2.9402,1890,2146,-50,336
2.9408,1890,2145,-50,336
2.9412,1890,2145,-50,336
2.9416,1890,2144,-50,336
2.9419,1890,2144,-50,336
2.9423,1890,2144,-50,336
2.9426,1890,2144,-50,352
2.9430,1890,2144,-50,352
2.9435,1890,2144,-50,352
2.9438,1890,2143,-50,352
2.9442,1890,2143,-50,352
2.9446,1890,2143,-50,368
2.9449,1890,2143,-50,368
2.9453,1890,2143,-50,368
2.9457,1890,2142,-50,368
2.9461,1890,2142,-50,368
2.9465,1890,2142,-50,368
2.9469,1890,2141,-50,368
2.9473,1890,2141,-50,368
2.9477,1890,2141,-50,384
2.9481,1890,2141,-50,384
2.9485,1890,2141,-50,384
2.9488,1890,2140,-50,384
2.9492,1890,2140,-50,384
2.9496,1890,2139,-50,392
2.9500,1890,2139,-50,392
2.9503,1907,2138,-50,392
2.9511,1907,2138,-50,392
2.9515,1907,2137,-50,400
2.9519,1907,2137,-50,400
2.9523,1907,2137,-50,400
2.9527,1907,2137,-50,416
2.9530,1907,2137,-50,416
2.9535,1907,2136,-50,416
2.9539,1907,2136,-50,416
2.9543,1907,2136,-50,416
2.9547,1907,2135,-50,424
2.9551,1907,2135,-50,424
2.9555,1907,2134,-50,432
2.9559,1907,2134,-50,432
2.9563,1907,2134,-50,432
2.9567,1907,2133,-50,432
2.9571,1907,2133,-50,432
2.9575,1907,2132,-50,432
2.9579,1907,2132,-50,432
2.9583,1907,2132,-50,432
2.9586,1907,2131,-50,440
2.9590,1907,2131,-50,440
2.9594,1907,2131,-50,440
2.9598,1907,2130,-800,440
2.9601,1927,2129,-800,448
2.9609,1927,2129,-800,448
2.9612,1927,2129,-800,448
2.9616,1927,2128,-800,456
2.9620,1927,2128,-800,456
2.9623,1927,2128,-800,456
2.9627,1927,2127,-800,464
2.9631,1927,2127,-800,464
2.9635,1927,2126,-800,472
2.9639,1927,2126,-800,472
2.9643,1927,2126,-800,472
2.9647,1927,2125,-800,480
2.9651,1927,2125,-800,480
2.9655,1927,2124,-800,488
2.9658,1927,2124,-800,488
2.9662,1927,2124,-800,488
2.9665,1927,2123,-800,496
2.9669,1927,2123,-800,496
2.9673,1927,2123,-800,496
2.9676,1927,2121,-800,496
2.9680,1927,2121,-800,496
2.9683,1927,2121,-800,496
2.9687,1927,2120,-800,504
2.9690,1927,2120,-800,504
2.9694,1927,2120,-800,504
2.9697,1927,2119,-800,512
2.9701,1953,2118,-800,520
2.9708,1953,2118,-800,520
2.9712,1953,2118,-800,520
2.9715,1953,2117,-800,528
2.9719,1953,2117,-800,528
2.9723,1953,2117,-800,528
2.9726,1953,2115,-800,528
2.9730,1953,2115,-800,528
2.9733,1953,2115,-800,528
2.9737,1953,2114,-800,536
2.9740,1953,2114,-800,536
2.9745,1953,2112,-800,536
2.9748,1953,2112,-800,536
2.9752,1953,2112,-800,536
2.9756,1953,2111,-800,544
2.9759,1953,2111,-800,544
2.9763,1953,2111,-800,544
2.9766,1953,2110,-800,560
2.9770,1953,2110,-800,560
2.9774,1953,2108,-800,560
2.9777,1953,2108,-800,560
2.9781,1953,2108,-800,560
2.9785,1953,2107,-800,568
2.9788,1953,2107,-800,568
2.9792,1953,2107,-800,568
2.9796,1953,2106,-1200,576
2.9799,1953,2106,-1200,576
2.9803,1982,2104,-1200,576
2.9810,1982,2104,-1200,576
2.9813,1982,2103,-1200,592
2.9817,1982,2103,-1200,592
2.9821,1982,2103,-1200,592
2.9825,1982,2101,-1200,592
2.9829,1982,2101,-1200,592
2.9832,1982,2101,-1200,592
2.9836,1982,2100,-1200,600
2.9839,1982,2100,-1200,600
2.9843,1982,2098,-1200,600
2.9847,1982,2098,-1200,600
2.9851,1982,2098,-1200,600
2.9854,1982,2096,-1200,600
2.9858,1982,2096,-1200,600
2.9862,1982,2096,-1200,600
2.9865,1982,2095,-1200,600
2.9869,1982,2095,-1200,600
2.9872,1982,2095,-1200,600
2.9876,1982,2093,-1200,600
2.9879,1982,2093,-1200,600
2.9883,1982,2093,-1200,600
2.9886,1982,2092,-1200,600
2.9890,1982,2092,-1200,600
2.9895,1982,2090,-1200,600
2.9898,1982,2090,-1200,600
2.9902,2013,2089,-1200,600
2.9909,2013,2089,-1200,600
2.9913,2013,2087,-1200,600
2.9917,2013,2087,-1200,600
2.9921,2013,2087,-1200,600
2.9925,2013,2085,-1200,600
2.9928,2013,2085,-1200,600
2.9932,2013,2085,-1200,600
2.9936,2013,2083,-1200,600
2.9940,2013,2083,-1200,600
2.9943,2013,2082,-1200,600
2.9947,2013,2082,-1200,600
2.9951,2013,2082,-1200,600
2.9956,2013,2080,-1200,600
2.9960,2013,2080,-1200,600
2.9964,2013,2078,-1200,600
2.9967,2013,2078,-1200,600
2.9971,2013,2078,-1200,600
2.9975,2013,2077,-1200,592
2.9979,2013,2077,-1200,592
2.9982,2013,2077,-1200,592
2.9986,2013,2075,-1200,592
2.9990,2013,2075,-1200,592
2.9993,2013,2073,-1650,592
2.9997,2013,2073,-1650,592
3.0001,2044,2071,-1650,584
3.0008,2044,2071,-1650,584
3.0012,2044,2071,-1650,584
3.0016,2044,2069,-1650,584
3.0019,2044,2069,-1650,584
3.0023,2044,2067,-1650,576
3.0027,2044,2067,-1650,576
3.0031,2044,2067,-1650,576
3.0035,2044,2065,-1650,576
3.0039,2044,2065,-1650,576
3.0042,2044,2064,-1650,584
3.0046,2044,2064,-1650,584
3.0050,2044,2064,-1650,584
3.0055,2044,2062,-1650,576
3.0059,2044,2062,-1650,576
3.0062,2044,2060,-1650,576
3.0066,2044,2060,-1650,576
3.0070,2044,2060,-1650,576
3.0074,2044,2058,-1650,568
3.0078,2044,2058,-1650,568
3.0081,2044,2058,-1650,568
3.0084,2044,2056,-1650,568
3.0088,2044,2056,-1650,568
3.0091,2044,2056,-1650,568
3.0094,2044,2054,-1650,560
3.0098,2044,2054,-1650,560
3.0102,2076,2052,-1650,552
3.0108,2076,2052,-1650,552
3.0112,2076,2052,-1650,552
3.0115,2076,2050,-1650,552
3.0119,2076,2050,-1650,552
3.0123,2076,2048,-1650,544
3.0127,2076,2048,-1650,544
3.0130,2076,2048,-1650,544
3.0135,2076,2046,-1650,536
3.0138,2076,2046,-1650,536
3.0142,2076,2044,-1650,536
3.0146,2076,2044,-1650,536
3.0150,2076,2044,-1650,536
3.0154,2076,2042,-1650,528
3.0157,2076,2042,-1650,528
3.0161,2076,2042,-1650,528
3.0165,2076,2040,-1650,520
3.0168,2076,2040,-1650,520
3.0172,2076,2038,-1650,440
3.0176,2076,2038,-1650,440
3.0179,2076,2038,-1650,440
3.0183,2076,2037,-1650,448
3.0186,2076,2037,-1650,448
3.0191,2076,2037,-1650,448
3.0195,2076,2035,-1900,440
3.0199,2076,2035,-1900,440
3.0202,2107,2033,-1900,432
3.0209,2107,2033,-1900,432
3.0213,2107,2031,-1900,424
3.0216,2107,2031,-1900,424
3.0220,2107,2031,-1900,424
3.0223,2107,2029,-1900,416
3.0227,2107,2029,-1900,416
3.0231,2107,2029,-1900,416
3.0235,2107,2027,-1900,408
3.0239,2107,2027,-1900,408
3.0242,2107,2025,-1900,400
3.0246,2107,2025,-1900,400
3.0250,2107,2025,-1900,400
3.0254,2107,2023,-1900,392
3.0257,2107,2023,-1900,392
3.0261,2107,2023,-1900,392
3.0265,2107,2021,-1900,384
3.0268,2107,2021,-1900,384
3.0272,2107,2020,-1900,384
3.0275,2107,2020,-1900,384
3.0279,2107,2020,-1900,384
3.0283,2107,2018,-1900,376
3.0287,2107,2018,-1900,376
3.0291,2107,2016,-1900,368
3.0295,2107,2016,-1900,368
3.0298,2107,2016,-1900,368
3.0302,2136,2014,-1900,360
3.0309,2136,2014,-1900,360
3.0313,2136,2012,-1900,352
3.0316,2136,2012,-1900,352
3.0320,2136,2012,-1900,352
3.0324,2136,2010,-1900,344
3.0327,2136,2010,-1900,344
3.0331,2136,2008,-1900,328
3.0335,2136,2008,-1900,328
3.0338,2136,2008,-1900,328
3.0342,2136,2007,-1900,328
3.0345,2136,2007,-1900,328
3.0349,2136,2007,-1900,328
3.0353,2136,2005,-1900,320
3.0356,2136,2005,-1900,320
3.0360,2136,2005,-1900,320
3.0365,2136,2004,-1900,320
3.0369,2136,2004,-1900,320
3.0372,2136,2002,-1900,276
3.0376,2136,2002,-1900,276
3.0380,2136,2002,-1900,276
3.0383,2136,2000,-1900,268
3.0387,2136,2000,-1900,268
3.0391,2136,1999,-1800,268
3.0394,2136,1999,-1800,268
3.0398,2136,1999,-1800,268
3.0401,2161,1997,-1800,252
3.0408,2161,1997,-1800,252
3.0411,2161,1995,-1800,244
3.0415,2161,1995,-1800,244
3.0418,2161,1995,-1800,244
3.0422,2161,1994,-1800,244
3.0426,2161,1994,-1800,244
3.0429,2161,1994,-1800,244
3.0433,2161,1992,-1800,228
3.0436,2161,1992,-1800,228
3.0440,2161,1992,-1800,228
3.0443,2161,1991,-1800,228
3.0447,2161,1991,-1800,228
3.0451,2161,1989,-1800,212
3.0454,2161,1989,-1800,212
3.0458,2161,1989,-1800,212
3.0461,2161,1987,-1800,204
3.0465,2161,1987,-1800,204
3.0469,2161,1987,-1800,204
3.0472,2161,1986,-1800,196
3.0476,2161,1986,-1800,196
3.0479,2161,1986,-1800,196
3.0483,2161,1985,-1800,196
3.0487,2161,1985,-1800,196
3.0491,2161,1983,-1800,180
3.0494,2161,1983,-1800,180
3.0498,2161,1983,-1800,180
3.0501,2182,1982,-1800,172
3.0508,2182,1982,-1800,172
3.0512,2182,1980,-1800,164
3.0515,2182,1980,-1800,164
3.0518,2182,1980,-1800,164
3.0522,2182,1979,-1800,156
3.0526,2182,1979,-1800,156
3.0529,2182,1979,-1800,156
3.0533,2182,1978,-1800,148
3.0537,2182,1978,-1800,148
3.0540,2182,1977,-1800,148
3.0545,2182,1977,-1800,148
3.0548,2182,1977,-1800,148
3.0552,2182,1975,-1800,132
3.0556,2182,1975,-1800,132
3.0560,2182,1974,-1800,124
3.0563,2182,1974,-1800,124
3.0567,2182,1974,-1800,124
3.0571,2182,1973,-1800,104
3.0576,2182,1973,-1800,104
3.0580,2182,1972,-1800,96
3.0583,2182,1972,-1800,96
3.0587,2182,1972,-1800,96
3.0591,2182,1971,-1400,96
3.0595,2182,1971,-1400,96
3.0598,2182,1971,-1400,96
3.0602,2199,1969,-1400,80
3.0609,2199,1969,-1400,80
3.0613,2199,1968,-1400,72
3.0616,2199,1968,-1400,72
3.0620,2199,1967,-1400,64
3.0624,2199,1967,-1400,64
3.0628,2199,1967,-1400,64
3.0632,2199,1966,-1400,56
3.0636,2199,1966,-1400,56
3.0639,2199,1965,-1400,48
3.0643,2199,1965,-1400,48
3.0647,2199,1965,-1400,48
3.0651,2199,1964,-1400,40
3.0655,2199,1964,-1400,40
3.0659,2199,1964,-1400,40
3.0662,2199,1963,-1400,32
3.0666,2199,1963,-1400,32
3.0670,2199,1962,-1400,24
3.0673,2199,1962,-1400,24
3.0677,2199,1962,-1400,24
3.0681,2199,1961,-1400,-24
3.0685,2199,1961,-1400,-24
3.0689,2199,1960,-1400,-32
3.0693,2199,1960,-1400,-32
3.0697,2199,1960,-1400,-32
3.0700,2209,1959,-1400,-40
3.0707,2209,1959,-1400,-40
3.0711,2209,1959,-1400,-40
3.0714,2209,1959,-1400,-40
3.0718,2209,1959,-1400,-40
3.0722,2209,1958,-1400,-48
3.0725,2209,1958,-1400,-48
3.0728,2209,1958,-1400,-48
3.0732,2209,1957,-1400,-64
3.0736,2209,1957,-1400,-64
3.0740,2209,1956,-1400,-72
3.0743,2209,1956,-1400,-72
3.0747,2209,1956,-1400,-72
3.0751,2209,1956,-1400,-72
3.0755,2209,1956,-1400,-72
3.0758,2209,1956,-1400,-72
3.0762,2209,1955,-1400,-88
3.0766,2209,1955,-1400,-88
3.0769,2209,1954,-1400,-100
3.0773,2209,1954,-1400,-100
3.0777,2209,1954,-1400,-100
3.0780,2209,1954,-1400,-100
3.0784,2209,1954,-1400,-100
3.0788,2209,1954,-1400,-100
3.0792,2209,1953,-900,-100
3.0796,2209,1953,-900,-100
3.0799,2209,1953,-900,-100
3.0803,2214,1953,-900,-100
3.0810,2214,1952,-900,-116
3.0814,2214,1952,-900,-116
3.0817,2214,1952,-900,-116
3.0821,2214,1952,-900,-116
3.0825,2214,1952,-900,-116
3.0829,2214,1951,-900,-132
3.0832,2214,1951,-900,-132
3.0836,2214,1951,-900,-132
3.0840,2214,1951,-900,-132
3.0843,2214,1951,-900,-132
3.0847,2214,1951,-900,-132
3.0851,2214,1951,-900,-140
3.0855,2214,1951,-900,-140
3.0858,2214,1950,-900,-156
3.0862,2214,1950,-900,-156
3.0865,2214,1950,-900,-156
3.0869,2214,1950,-900,-156
3.0873,2214,1950,-900,-156
3.0877,2214,1950,-900,-156
3.0881,2214,1950,-900,-164
3.0885,2214,1950,-900,-164
3.0889,2214,1950,-900,-172
3.0892,2214,1950,-900,-172
3.0896,2214,1950,-900,-172
3.0900,2213,1950,-900,-172
3.0907,2213,1950,-900,-172
3.0911,2213,1950,-900,-180
3.0915,2213,1950,-900,-180
3.0918,2213,1950,-900,-188
3.0922,2213,1950,-900,-188
3.0926,2213,1950,-900,-188
3.0929,2213,1949,-900,-204
3.0933,2213,1949,-900,-204
3.0937,2213,1949,-900,-204
3.0940,2213,1949,-900,-204
3.0945,2213,1949,-900,-204
3.0948,2213,1949,-900,-212
3.0952,2213,1949,-900,-212
3.0955,2213,1949,-900,-212
3.0959,2213,1949,-900,-220
3.0963,2213,1949,-900,-220
3.0966,2213,1949,-900,-220
3.0970,2213,1949,-900,-208
3.0975,2213,1949,-900,-208
3.0978,2213,1949,-900,-216
3.0982,2213,1949,-900,-216
3.0986,2213,1949,-900,-216
3.0989,2213,1949,-200,-224
3.0993,2213,1949,-200,-224
3.0997,2213,1949,-200,-232
3.1001,2206,1949,-200,-232
3.1008,2206,1949,-200,-240
3.1012,2206,1949,-200,-240
3.1016,2206,1949,-200,-240
3.1019,2206,1949,-200,-248
3.1023,2206,1949,-200,-248
3.1027,2206,1949,-200,-248
3.1030,2206,1949,-200,-256
3.1035,2206,1949,-200,-256
3.1038,2206,1949,-200,-264
3.1042,2206,1949,-200,-264
3.1046,2206,1949,-200,-264
3.1050,2206,1949,-200,-272
3.1054,2206,1949,-200,-272
3.1057,2206,1949,-200,-280
3.1061,2206,1949,-200,-280
3.1065,2206,1949,-200,-280
3.1068,2206,1949,-200,-288
3.1072,2206,1949,-200,-288
3.1075,2206,1949,-200,-288
3.1079,2206,1949,-200,-296
3.1083,2206,1949,-200,-296
3.1087,2206,1949,-200,-296
3.1090,2206,1950,-200,-304
3.1095,2206,1950,-200,-304
3.1098,2206,1950,-200,-312
3.1102,2193,1950,-200,-312
3.1109,2193,1951,-200,-312
3.1112,2193,1951,-200,-312
3.1116,2193,1951,-200,-312
3.1120,2193,1952,-200,-312
3.1123,2193,1952,-200,-312
3.1127,2193,1952,-200,-328
3.1131,2193,1952,-200,-328
3.1135,2193,1952,-200,-328
3.1138,2193,1953,-200,-328
3.1142,2193,1953,-200,-328
3.1146,2193,1953,-200,-328
3.1149,2193,1953,-200,-336
3.1153,2193,1953,-200,-336
3.1157,2193,1954,-200,-344
3.1161,2193,1954,-200,-344
3.1165,2193,1954,-200,-344
3.1168,2193,1955,-200,-348
3.1172,2193,1955,-200,-348
3.1175,2193,1955,-200,-348
3.1179,2193,1955,-200,-364
3.1182,2193,1955,-200,-364
3.1185,2193,1955,-200,-364
3.1189,2193,1956,350,-364
3.1192,2193,1956,350,-364
3.1195,2193,1956,350,-364
3.1199,2193,1957,350,-364
3.1202,2175,1957,350,-364
3.1208,2175,1958,350,-372
3.1212,2175,1958,350,-372
3.1216,2175,1958,350,-372
3.1219,2175,1958,350,-380
3.1224,2175,1958,350,-380
3.1228,2175,1959,350,-388
3.1232,2175,1959,350,-388
3.1235,2175,1959,350,-388
3.1239,2175,1960,350,-396
3.1243,2175,1960,350,-396
3.1247,2175,1961,350,-396
3.1251,2175,1961,350,-396
3.1255,2175,1961,350,-396
3.1259,2175,1962,350,-404
3.1263,2175,1962,350,-404
3.1266,2175,1962,350,-412
3.1270,2175,1962,350,-412
3.1273,2175,1962,350,-412
3.1278,2175,1963,350,-420
3.1281,2175,1963,350,-420
3.1285,2175,1963,350,-420
3.1289,2175,1964,350,-428
3.1292,2175,1964,350,-428
3.1296,2175,1965,350,-436
3.1300,2153,1965,350,-436
3.1307,2153,1966,350,-436
3.1311,2153,1966,350,-436
3.1315,2153,1966,350,-436
3.1318,2153,1967,350,-444
3.1322,2153,1967,350,-444
3.1325,2153,1967,350,-444
3.1329,2153,1968,350,-452
3.1333,2153,1968,350,-452
3.1336,2153,1969,350,-460
3.1340,2153,1969,350,-460
3.1344,2153,1969,350,-460
3.1347,2153,1970,350,-468
3.1351,2153,1970,350,-468
3.1355,2153,1970,350,-468
3.1358,2153,1971,350,-468
3.1362,2153,1971,350,-468
3.1366,2153,1972,350,-472
3.1369,2153,1972,350,-472
3.1373,2153,1972,350,-472
3.1377,2153,1973,350,-480
3.1380,2153,1973,350,-480
3.1385,2153,1973,350,-480
3.1389,2153,1974,900,-488
3.1393,2153,1974,900,-488
3.1397,2153,1975,900,-496
3.1400,2126,1975,900,-496
3.1407,2126,1976,900,-504
3.1411,2126,1976,900,-504
3.1415,2126,1976,900,-504
3.1418,2126,1978,900,-504
3.1422,2126,1978,900,-504
3.1426,2126,1979,900,-512
3.1430,2126,1979,900,-512
3.1433,2126,1979,900,-512
3.1438,2126,1980,900,-520
3.1442,2126,1980,900,-520
3.1445,2126,1981,900,-536
3.1449,2126,1981,900,-536
3.1453,2126,1981,900,-536
3.1456,2126,1983,900,-536
3.1460,2126,1983,900,-536
3.1464,2126,1983,900,-536
3.1467,2126,1984,900,-544
3.1471,2126,1984,900,-544
3.1475,2126,1984,900,-544
3.1478,2126,1985,900,-552
3.1482,2126,1985,900,-552
3.1486,2126,1987,900,-552
3.1489,2126,1987,900,-552
3.1493,2126,1987,900,-552
3.1497,2126,1988,900,-560
3.1501,2097,1988,900,-560
3.1507,2097,1990,900,-560
3.1511,2097,1990,900,-560
3.1515,2097,1991,900,-568
3.1519,2097,1991,900,-568
3.1522,2097,1991,900,-568
3.1526,2097,1992,900,-576
3.1530,2097,1992,900,-576
3.1534,2097,1992,900,-576
3.1538,2097,1993,900,-584
3.1542,2097,1993,900,-584
3.1545,2097,1995,900,-584
3.1549,2097,1995,900,-584
3.1553,2097,1995,900,-584
3.1556,2097,1996,900,-592
3.1560,2097,1996,900,-592
3.1564,2097,1996,900,-592
3.1567,2097,1998,900,-576
3.1571,2097,1998,900,-576
3.1575,2097,1999,900,-584
3.1578,2097,1999,900,-584
3.1582,2097,1999,900,-584
3.1586,2097,2001,1350,-584
3.1589,2097,2001,1350,-584
3.1593,2097,2001,1350,-584
3.1597,2097,2003,1350,-584
3.1600,2065,2003,1350,-584
3.1607,2065,2004,1350,-592
3.1611,2065,2004,1350,-592
3.1615,2065,2006,1350,-584
3.1618,2065,2006,1350,-584
3.1622,2065,2006,1350,-584
3.1625,2065,2008,1350,-584
3.1629,2065,2008,1350,-584
3.1633,2065,2008,1350,-584
3.1636,2065,2009,1350,-592
3.1640,2065,2009,1350,-592
3.1644,2065,2009,1350,-592
3.1647,2065,2011,1350,-584
3.1651,2065,2011,1350,-584
3.1655,2065,2013,1350,-584
3.1659,2065,2013,1350,-584
3.1663,2065,2013,1350,-584
3.1666,2065,2014,1350,-592
3.1670,2065,2014,1350,-592
3.1674,2065,2014,1350,-592
3.1677,2065,2016,1350,-584
3.1681,2065,2016,1350,-584
3.1685,2065,2018,1350,-584
3.1689,2065,2018,1350,-584
3.1692,2065,2018,1350,-584
3.1696,2065,2020,1350,-576
3.1700,2065,2020,1350,-576
3.1703,2032,2021,1350,-584
3.1711,2032,2021,1350,-584
3.1715,2032,2023,1350,-576
3.1719,2032,2023,1350,-576
3.1722,2032,2023,1350,-576
3.1726,2032,2025,1350,-576
3.1730,2032,2025,1350,-576
3.1733,2032,2025,1350,-576
3.1737,2032,2027,1350,-568
3.1741,2032,2027,1350,-568
3.1745,2032,2028,1350,-568
3.1748,2032,2028,1350,-568
3.1752,2032,2028,1350,-568
3.1756,2032,2030,1350,-568
3.1760,2032,2030,1350,-568
3.1763,2032,2032,1350,-496
3.1767,2032,2032,1350,-496
3.1771,2032,2032,1350,-496
3.1775,2032,2034,1350,-496
3.1778,2032,2034,1350,-496
3.1782,2032,2034,1350,-496
3.1786,2032,2036,1750,-488
3.1789,2032,2036,1750,-488
3.1793,2032,2036,1750,-488
3.1797,2032,2038,1750,-480
3.1800,2001,2040,1750,-472
3.1807,2001,2040,1750,-472
3.1811,2001,2040,1750,-472
3.1815,2001,2042,1750,-472
3.1819,2001,2042,1750,-472
3.1822,2001,2042,1750,-472
3.1826,2001,2043,1750,-472
3.1830,2001,2043,1750,-472
3.1833,2001,2045,1750,-464
3.1837,2001,2045,1750,-464
3.1841,2001,2045,1750,-464
3.1845,2001,2047,1750,-456
3.1848,2001,2047,1750,-456
3.1852,2001,2047,1750,-456
3.1855,2001,2049,1750,-448
3.1859,2001,2049,1750,-448
3.1863,2001,2051,1750,-440
3.1867,2001,2051,1750,-440
3.1870,2001,2051,1750,-440
3.1875,2001,2053,1750,-432
3.1879,2001,2053,1750,-432
3.1883,2001,2053,1750,-432
3.1886,2001,2054,1750,-432
3.1890,2001,2054,1750,-432
3.1895,2001,2056,1750,-424
3.1899,2001,2056,1750,-424
3.1902,1971,2058,1750,-416
3.1910,1971,2058,1750,-416
3.1913,1971,2060,1750,-408
3.1917,1971,2060,1750,-408
3.1920,1971,2060,1750,-408
3.1925,1971,2062,1750,-400
3.1928,1971,2062,1750,-400
3.1932,1971,2062,1750,-400
3.1935,1971,2064,1750,-392
3.1939,1971,2064,1750,-392
3.1943,1971,2065,1750,-392
3.1946,1971,2065,1750,-392
3.1950,1971,2065,1750,-392
3.1955,1971,2067,1750,-384
3.1958,1971,2067,1750,-384
3.1962,1971,2067,1750,-384
3.1965,1971,2069,1750,-324
3.1969,1971,2069,1750,-324
3.1973,1971,2070,1750,-324
3.1977,1971,2070,1750,-324
3.1980,1971,2070,1750,-324
3.1985,1971,2072,1800,-308
3.1989,1971,2072,1800,-308
3.1993,1971,2074,1800,-300
3.1997,1971,2074,1800,-300
3.2000,1944,2075,1800,-300
3.2007,1944,2075,1800,-300
3.2011,1944,2075,1800,-300
3.2014,1944,2077,1800,-292
3.2018,1944,2077,1800,-292
3.2022,1944,2077,1800,-292
3.2026,1944,2079,1800,-276
3.2029,1944,2079,1800,-276
3.2033,1944,2081,1800,-268
3.2037,1944,2081,1800,-268
3.2041,1944,2081,1800,-268
3.2045,1944,2082,1800,-268
3.2049,1944,2082,1800,-268
3.2052,1944,2084,1800,-252
3.2056,1944,2084,1800,-252
3.2060,1944,2084,1800,-252
3.2064,1944,2085,1800,-252
3.2068,1944,2085,1800,-252
3.2072,1944,2087,1800,-236
3.2076,1944,2087,1800,-236
3.2080,1944,2087,1800,-236
3.2083,1944,2088,1800,-236
3.2087,1944,2088,1800,-236
3.2092,1944,2088,1800,-236
3.2095,1944,2090,1800,-220
3.2099,1944,2090,1800,-220
3.2102,1919,2091,1800,-220
3.2109,1919,2091,1800,-220
3.2113,1919,2093,1800,-204
3.2117,1919,2093,1800,-204
3.2120,1919,2093,1800,-204
3.2124,1919,2094,1800,-204
3.2128,1919,2094,1800,-204
3.2131,1919,2094,1800,-204
3.2135,1919,2096,1800,-188
3.2138,1919,2096,1800,-188
3.2142,1919,2097,1800,-180
3.2146,1919,2097,1800,-180
3.2149,1919,2097,1800,-180
3.2153,1919,2098,1800,-180
3.2157,1919,2098,1800,-180
3.2160,1919,2098,1800,-180
3.2165,1919,2100,1800,-144
3.2169,1919,2100,1800,-144
3.2172,1919,2101,1800,-136
3.2176,1919,2101,1800,-136
3.2180,1919,2101,1800,-136
3.2183,1919,2102,1500,-136
3.2187,1919,2102,1500,-136
3.2191,1919,2102,1500,-136
3.2195,1919,2104,1500,-120
3.2199,1919,2104,1500,-120
3.2203,1899,2105,1500,-112
3.2209,1899,2105,1500,-112
3.2213,1899,2106,1500,-104
3.2217,1899,2106,1500,-104
3.2221,1899,2106,1500,-104
3.2224,1899,2107,1500,-104
3.2228,1899,2107,1500,-104
3.2232,1899,2109,1500,-88
3.2236,1899,2109,1500,-88
3.2239,1899,2109,1500,-88
3.2243,1899,2110,1500,-80
3.2246,1899,2110,1500,-80
3.2250,1899,2110,1500,-80
3.2254,1899,2111,1500,-72
3.2257,1899,2111,1500,-72
3.2261,1899,2111,1500,-72
3.2265,1899,2112,1500,-64
3.2268,1899,2112,1500,-64
3.2272,1899,2113,1500,-56
3.2275,1899,2113,1500,-56
3.2279,1899,2113,1500,-56
3.2282,1899,2114,1500,-48
3.2286,1899,2114,1500,-48
3.2290,1899,2114,1500,-48
3.2293,1899,2115,1500,-40
3.2296,1899,2115,1500,-40
3.2300,1885,2116,1500,-32
3.2308,1885,2116,1500,-32
3.2312,1885,2117,1500,-24
3.2315,1885,2117,1500,-24
3.2318,1885,2117,1500,-24
3.2322,1885,2118,1500,0
3.2326,1885,2118,1500,0
3.2329,1885,2118,1500,0
3.2332,1885,2118,1500,24
3.2336,1885,2118,1500,24
3.2340,1885,2118,1500,24
3.2343,1885,2119,1500,32
3.2347,1885,2119,1500,32
3.2351,1885,2120,1500,40
3.2354,1885,2120,1500,40
3.2358,1885,2120,1500,40
3.2361,1885,2121,1500,48
3.2365,1885,2121,1500,48
3.2368,1885,2121,1500,48
3.2372,1885,2122,1500,64
3.2376,1885,2122,1500,64
3.2379,1885,2122,1500,64
3.2383,1885,2122,1000,64
3.2387,1885,2122,1000,64
3.2391,1885,2123,1000,72
3.2394,1885,2123,1000,72
3.2398,1885,2123,1000,72
3.2401,1876,2124,1000,88
3.2408,1876,2124,1000,88
3.2412,1876,2124,1000,88
3.2415,1876,2124,1000,88
3.2418,1876,2124,1000,88
3.2422,1876,2125,1000,96
3.2425,1876,2125,1000,96
3.2429,1876,2125,1000,96
3.2432,1876,2125,1000,96
3.2436,1876,2125,1000,96
3.2440,1876,2125,1000,96
3.2443,1876,2126,1000,96
3.2447,1876,2126,1000,96
3.2451,1876,2126,1000,104
3.2455,1876,2126,1000,104
3.2459,1876,2126,1000,104
3.2462,1876,2127,1000,112
3.2466,1876,2127,1000,112
3.2470,1876,2127,1000,120
3.2475,1876,2127,1000,120
3.2479,1876,2127,1000,120
3.2482,1876,2127,1000,120
3.2486,1876,2127,1000,120
3.2490,1876,2128,1000,136
3.2493,1876,2128,1000,136
3.2497,1876,2128,1000,136
3.2501,1873,2128,1000,144
3.2509,1873,2128,1000,144
3.2513,1873,2128,1000,144
3.2516,1873,2128,1000,144
3.2520,1873,2128,1000,152
3.2525,1873,2128,1000,152
3.2528,1873,2128,1000,152
3.2531,1873,2129,1000,160
3.2535,1873,2129,1000,160
3.2539,1873,2129,1000,160
3.2542,1873,2129,1000,168
3.2545,1873,2129,1000,168
3.2549,1873,2129,1000,168
3.2553,1873,2129,1000,176
3.2556,1873,2129,1000,176
3.2560,1873,2129,1000,172
3.2564,1873,2129,1000,172
3.2567,1873,2129,1000,172
3.2571,1873,2129,1000,172
3.2575,1873,2129,1000,172
3.2579,1873,2129,1000,172
3.2582,1873,2129,350,180
3.2586,1873,2129,350,180
3.2589,1873,2129,350,188
3.2593,1873,2129,350,188
3.2597,1873,2129,350,188
3.2600,1876,2129,350,196
3.2607,1876,2129,350,196
3.2611,1876,2129,350,204
3.2615,1876,2129,350,204
3.2618,1876,2129,350,204
3.2622,1876,2129,350,212
3.2626,1876,2129,350,212
3.2630,1876,2129,350,220
3.2634,1876,2129,350,220
3.2637,1876,2129,350,220
3.2641,1876,2129,350,228
3.2645,1876,2129,350,228
3.2648,1876,2129,350,228
3.2652,1876,2129,350,236
3.2656,1876,2129,350,236
3.2660,1876,2129,350,244
3.2664,1876,2129,350,244
3.2668,1876,2129,350,244
3.2671,1876,2129,350,252
3.2675,1876,2129,350,252
3.2679,1876,2129,350,260
3.2683,1876,2129,350,260
3.2687,1876,2129,350,260
3.2691,1876,2129,350,268
3.2694,1876,2129,350,268
3.2698,1876,2129,350,276
3.2703,1886,2129,350,276
3.2710,1886,2129,350,284
3.2713,1886,2129,350,284
3.2717,1886,2129,350,284
3.2721,1886,2129,350,292
3.2725,1886,2129,350,292
3.2729,1886,2129,350,308
3.2732,1886,2129,350,308
3.2736,1886,2129,350,308
3.2740,1886,2129,350,316
3.2743,1886,2129,350,316
3.2747,1886,2129,350,316
3.2751,1886,2128,350,316
3.2755,1886,2128,350,316
3.2758,1886,2127,350,320
3.2762,1886,2127,350,320
3.2766,1886,2127,350,320
3.2770,1886,2127,350,336
3.2773,1886,2127,350,336
3.2777,1886,2127,350,336
3.2781,1886,2127,-100,344
3.2785,1886,2127,-100,344
3.2788,1886,2127,-100,344
3.2792,1886,2126,-100,344
3.2795,1886,2126,-100,344
3.2799,1886,2125,-100,352
3.2803,1900,2125,-100,352
3.2810,1900,2125,-100,360
3.2814,1900,2125,-100,360
3.2818,1900,2125,-100,360
3.2822,1900,2124,-100,360
3.2825,1900,2124,-100,360
3.2829,1900,2124,-100,376
3.2832,1900,2124,-100,376
3.2836,1900,2124,-100,376
3.2840,1900,2123,-100,376
3.2844,1900,2123,-100,376
3.2847,1900,2123,-100,376
3.2851,1900,2122,-100,384
3.2855,1900,2122,-100,384
3.2858,1900,2122,-100,392
3.2862,1900,2122,-100,392
3.2866,1900,2122,-100,392
3.2869,1900,2121,-100,400
3.2872,1900,2121,-100,400
3.2876,1900,2121,-100,400
3.2880,1900,2120,-100,400
3.2883,1900,2120,-100,400
3.2887,1900,2120,-100,400
3.2891,1900,2119,-100,408
3.2895,1900,2119,-100,408
3.2898,1900,2118,-100,416
3.2902,1920,2118,-100,416
3.2909,1920,2118,-100,424
3.2913,1920,2118,-100,424
3.2917,1920,2118,-100,424
3.2920,1920,2117,-100,432
3.2924,1920,2117,-100,432
3.2928,1920,2116,-100,440
3.2932,1920,2116,-100,440
3.2936,1920,2116,-100,440
3.2940,1920,2115,-100,440
3.2943,1920,2115,-100,440
3.2947,1920,2115,-100,440
3.2951,1920,2114,-100,448
3.2955,1920,2114,-100,448
3.2958,1920,2113,-100,452
3.2962,1920,2113,-100,452
3.2965,1920,2113,-100,452
3.2969,1920,2112,-100,460
3.2973,1920,2112,-100,460
3.2976,1920,2112,-100,460
3.2980,1920,2111,-800,468
3.2983,1920,2111,-800,468
3.2987,1920,2111,-800,468
3.2991,1920,2110,-800,468
3.2995,1920,2110,-800,468
3.2998,1920,2108,-800,468
3.3002,1944,2108,-800,468
3.3009,1944,2107,-800,476
3.3013,1944,2107,-800,476
3.3016,1944,2107,-800,476
3.3020,1944,2106,-800,484
3.3024,1944,2106,-800,484
3.3028,1944,2105,-800,492
3.3032,1944,2105,-800,492
3.3035,1944,2105,-800,492
3.3039,1944,2104,-800,500
3.3043,1944,2104,-800,500
3.3047,1944,2104,-800,500
3.3050,1944,2103,-800,508
3.3055,1944,2103,-800,508
3.3058,1944,2101,-800,508
3.3062,1944,2101,-800,508
3.3066,1944,2101,-800,508
3.3070,1944,2100,-800,516
3.3073,1944,2100,-800,516
3.3077,1944,2099,-800,524
3.3081,1944,2099,-800,524
3.3085,1944,2099,-800,524
3.3088,1944,2098,-800,532
3.3092,1944,2098,-800,532
3.3095,1944,2098,-800,532
3.3099,1944,2097,-800,548
3.3103,1972,2097,-800,548
3.3110,1972,2095,-800,548
3.3114,1972,2095,-800,548
3.3117,1972,2094,-800,556
3.3121,1972,2094,-800,556
3.3126,1972,2094,-800,556
3.3129,1972,2092,-800,556
3.3133,1972,2092,-800,556
3.3137,1972,2091,-800,564
3.3141,1972,2091,-800,564
3.3145,1972,2091,-800,564
3.3149,1972,2090,-800,572
3.3153,1972,2090,-800,572
3.3156,1972,2088,-800,564
3.3160,1972,2088,-800,564
3.3165,1972,2088,-800,564
3.3168,1972,2087,-800,572
3.3172,1972,2087,-800,572
3.3176,1972,2087,-800,572
3.3179,1972,2085,-1300,572
3.3183,1972,2085,-1300,572
3.3187,1972,2084,-1300,580
3.3190,1972,2084,-1300,580
3.3195,1972,2084,-1300,580
3.3198,1972,2082,-1300,580
3.3202,2002,2082,-1300,580
3.3209,2002,2081,-1300,588
3.3212,2002,2081,-1300,588
3.3216,2002,2081,-1300,588
3.3219,2002,2079,-1300,588
3.3223,2002,2079,-1300,588
3.3227,2002,2078,-1300,596
3.3231,2002,2078,-1300,596
3.3235,2002,2078,-1300,596
3.3238,2002,2076,-1300,588
3.3242,2002,2076,-1300,588
3.3245,2002,2076,-1300,588
3.3249,2002,2075,-1300,596
3.3253,2002,2075,-1300,596
3.3256,2002,2073,-1300,596
3.3260,2002,2073,-1300,596
3.3264,2002,2073,-1300,596
3.3268,2002,2071,-1300,596
3.3271,2002,2071,-1300,596
3.3275,2002,2071,-1300,596
3.3279,2002,2070,-1300,596
3.3282,2002,2070,-1300,596
3.3286,2002,2070,-1300,596
3.3289,2002,2068,-1300,596
3.3293,2002,2068,-1300,596
3.3296,2002,2066,-1300,596
3.3299,2002,2066,-1300,596
3.3303,2034,2064,-1300,596
3.3310,2034,2064,-1300,596
3.3313,2034,2064,-1300,596
3.3317,2034,2063,-1300,596
3.3321,2034,2063,-1300,596
3.3324,2034,2063,-1300,596
3.3328,2034,2061,-1300,596
3.3332,2034,2061,-1300,596
