"# servo_id=1 center=2042 amp_deg=15.0 cmd_hz=100.0 acc=100 torque_limit=None note='leg 7.4V, reg85=254 volatile, acc=100' hz=1.4 ratio=0.974 lag_ms=59.2 accel_est=None"
t_s,cmd_cnt,pos_cnt,speed_raw,load_duty_permille
0.0000,2042,2042,0,0
0.0007,2042,2042,0,0
0.0011,2042,2042,0,0
0.0014,2042,2042,0,0
0.0018,2042,2042,0,0
0.0022,2042,2042,0,0
0.0025,2042,2042,0,0
0.0029,2042,2042,0,0
0.0033,2042,2042,0,0
0.0037,2042,2042,0,0
0.0040,2042,2042,0,0
0.0044,2042,2042,0,0
0.0047,2042,2042,0,0
0.0051,2042,2042,0,0
0.0055,2042,2042,0,0
0.0059,2042,2042,0,0
0.0063,2042,2042,0,0
0.0066,2042,2042,0,0
0.0070,2042,2042,0,0
0.0074,2042,2042,0,0
0.0077,2042,2042,0,0
0.0081,2042,2042,0,0
0.0084,2042,2042,0,0
0.0088,2042,2042,0,0
0.0093,2042,2042,0,0
0.0096,2042,2042,0,0
0.0100,2042,2042,0,0
0.0104,2058,2042,0,0
0.0111,2058,2042,0,0
0.0114,2058,2042,0,0
0.0119,2058,2042,0,0
0.0123,2058,2042,0,0
0.0127,2058,2042,0,0
0.0131,2058,2042,0,0
0.0135,2058,2042,0,0
0.0138,2058,2042,0,0
0.0143,2058,2042,0,0
0.0146,2058,2042,0,0
0.0150,2058,2042,0,0
0.0154,2058,2042,0,0
0.0158,2058,2042,0,0
0.0161,2058,2042,0,0
0.0165,2058,2042,0,0
0.0168,2058,2042,0,0
0.0173,2058,2042,0,0
0.0176,2058,2042,0,0
0.0180,2058,2042,0,0
0.0184,2058,2042,0,0
0.0187,2058,2042,0,0
0.0191,2058,2042,0,0
0.0195,2058,2042,0,0
0.0199,2058,2042,0,0
0.0203,2072,2042,0,0
0.0210,2072,2042,0,0
0.0214,2072,2042,0,0
0.0218,2072,2042,0,0
0.0221,2072,2042,0,0
0.0225,2072,2042,0,0
0.0229,2072,2042,0,-24
0.0233,2072,2042,0,-24
0.0236,2072,2042,0,-24
0.0240,2072,2042,0,-24
0.0244,2072,2042,0,-24
0.0248,2072,2042,0,-32
0.0252,2072,2042,0,-32
0.0255,2072,2042,0,-32
0.0259,2072,2042,0,-40
0.0263,2072,2042,0,-40
0.0266,2072,2042,0,-40
0.0270,2072,2042,0,-40
0.0274,2072,2042,0,-40
0.0278,2072,2042,0,-48
0.0282,2072,2042,0,-48
0.0286,2072,2042,0,-48
0.0289,2072,2042,0,-48
0.0293,2072,2042,0,-48
0.0297,2072,2042,0,-48
0.0300,2087,2042,0,-56
0.0307,2087,2042,0,-56
0.0311,2087,2042,0,-56
0.0315,2087,2042,0,-56
0.0318,2087,2042,0,-64
0.0322,2087,2042,0,-64
0.0325,2087,2042,0,-64
0.0329,2087,2042,0,-64
0.0333,2087,2042,0,-64
0.0337,2087,2042,0,-64
0.0341,2087,2042,0,-72
0.0345,2087,2042,0,-72
0.0349,2087,2042,0,-80
0.0353,2087,2042,0,-80
0.0356,2087,2042,0,-80
0.0360,2087,2042,0,-80
0.0364,2087,2042,0,-80
0.0367,2087,2042,0,-88
0.0371,2087,2042,0,-88
0.0375,2087,2042,0,-88
0.0379,2087,2042,0,-96
0.0383,2087,2042,0,-96
0.0387,2087,2042,0,-96
0.0390,2087,2042,0,-104
0.0394,2087,2042,0,-104
0.0398,2087,2042,0,-104
0.0401,2101,2042,0,-104
0.0409,2101,2042,0,-112
0.0413,2101,2042,0,-112
0.0417,2101,2042,0,-120
0.0421,2101,2042,0,-120
0.0424,2101,2042,0,-120
0.0428,2101,2042,0,-128
0.0432,2101,2042,0,-128
0.0435,2101,2042,0,-128
0.0439,2101,2042,0,-136
0.0443,2101,2042,0,-136
0.0446,2101,2042,0,-136
0.0450,2101,2042,0,-136
0.0454,2101,2042,0,-136
0.0458,2101,2043,0,-176
0.0461,2101,2043,0,-176
0.0465,2101,2043,0,-176
0.0470,2101,2043,0,-184
0.0473,2101,2043,0,-184
0.0477,2101,2043,0,-192
0.0481,2101,2043,0,-192
0.0485,2101,2043,0,-192
0.0489,2101,2043,0,-200
0.0493,2101,2043,0,-200
0.0498,2101,2043,0,-208
0.0501,2115,2043,0,-208
0.0509,2115,2043,0,-216
0.0513,2115,2043,0,-216
0.0517,2115,2044,0,-216
0.0521,2115,2044,0,-216
0.0525,2115,2044,0,-216
0.0529,2115,2044,0,-224
0.0533,2115,2044,0,-224
0.0537,2115,2044,0,-240
0.0541,2115,2044,0,-240
0.0545,2115,2044,0,-240
0.0549,2115,2044,0,-248
0.0553,2115,2044,0,-248
0.0557,2115,2045,0,-248
0.0561,2115,2045,0,-248
0.0565,2115,2045,0,-248
0.0569,2115,2045,0,-256
0.0573,2115,2045,0,-256
0.0577,2115,2045,0,-264
0.0581,2115,2045,0,-264
0.0585,2115,2045,0,-264
0.0589,2115,2046,0,-272
0.0593,2115,2046,0,-272
0.0597,2115,2046,0,-280
0.0601,2128,2046,0,-280
0.0608,2128,2046,0,-288
0.0612,2128,2046,0,-288
0.0615,2128,2046,0,-288
0.0619,2128,2047,250,-288
0.0623,2128,2047,250,-288
0.0627,2128,2048,250,-296
0.0630,2128,2048,250,-296
0.0634,2128,2048,250,-296
0.0638,2128,2048,250,-304
0.0643,2128,2048,250,-304
0.0647,2128,2049,250,-312
0.0651,2128,2049,250,-312
0.0654,2128,2049,250,-312
0.0658,2128,2049,250,-344
0.0663,2128,2049,250,-344
0.0667,2128,2050,250,-344
0.0670,2128,2050,250,-344
0.0674,2128,2050,250,-344
0.0679,2128,2050,250,-360
0.0683,2128,2050,250,-360
0.0687,2128,2051,250,-360
0.0690,2128,2051,250,-360
0.0694,2128,2051,250,-360
0.0698,2128,2052,250,-368
0.0702,2141,2052,250,-368
0.0709,2141,2052,250,-376
0.0713,2141,2052,250,-376
0.0717,2141,2053,250,-384
0.0721,2141,2053,250,-384
0.0725,2141,2053,250,-384
0.0728,2141,2054,250,-384
0.0733,2141,2054,250,-384
0.0736,2141,2054,250,-400
0.0741,2141,2054,250,-400
0.0745,2141,2054,250,-400
0.0748,2141,2055,250,-400
0.0753,2141,2055,250,-400
0.0756,2141,2056,250,-408
0.0760,2141,2056,250,-408
0.0764,2141,2056,250,-408
0.0767,2141,2057,250,-408
0.0771,2141,2057,250,-408
0.0775,2141,2057,250,-408
0.0779,2141,2058,250,-416
0.0783,2141,2058,250,-416
0.0786,2141,2058,250,-424
0.0790,2141,2058,250,-424
0.0794,2141,2058,250,-424
0.0798,2141,2060,250,-424
0.0801,2153,2060,250,-424
0.0808,2153,2061,250,-424
0.0811,2153,2061,250,-424
0.0815,2153,2062,750,-432
0.0819,2153,2062,750,-432
0.0823,2153,2062,750,-432
0.0827,2153,2063,750,-432
0.0830,2153,2063,750,-432
0.0834,2153,2063,750,-432
0.0837,2153,2063,750,-440
0.0841,2153,2063,750,-440
0.0844,2153,2063,750,-440
0.0848,2153,2064,750,-448
0.0851,2153,2064,750,-448
0.0855,2153,2065,750,-428
0.0859,2153,2065,750,-428
0.0863,2153,2065,750,-428
0.0866,2153,2066,750,-436
0.0870,2153,2066,750,-436
0.0874,2153,2066,750,-436
0.0879,2153,2067,750,-436
0.0883,2153,2067,750,-436
0.0887,2153,2068,750,-444
0.0891,2153,2068,750,-444
0.0895,2153,2069,750,-444
0.0899,2153,2069,750,-444
0.0903,2164,2070,750,-444
0.0910,2164,2070,750,-444
0.0914,2164,2072,750,-444
0.0918,2164,2072,750,-444
0.0923,2164,2072,750,-444
0.0927,2164,2073,750,-444
0.0931,2164,2073,750,-444
0.0935,2164,2074,750,-452
0.0939,2164,2074,750,-452
0.0943,2164,2074,750,-452
0.0947,2164,2075,750,-452
0.0951,2164,2075,750,-452
0.0955,2164,2077,750,-444
0.0958,2164,2077,750,-444
0.0963,2164,2077,750,-444
0.0967,2164,2078,750,-452
0.0970,2164,2078,750,-452
0.0974,2164,2079,750,-452
0.0978,2164,2079,750,-452
0.0982,2164,2079,750,-452
0.0986,2164,2080,750,-460
0.0989,2164,2080,750,-460
0.0993,2164,2080,750,-460
0.0997,2164,2082,750,-452
0.1000,2174,2082,750,-452
0.1008,2174,2083,750,-452
0.1013,2174,2083,750,-452
0.1016,2174,2084,1100,-460
0.1020,2174,2084,1100,-460
0.1024,2174,2085,1100,-460
0.1028,2174,2085,1100,-460
0.1032,2174,2085,1100,-460
0.1035,2174,2087,1100,-452
0.1039,2174,2087,1100,-452
0.1043,2174,2087,1100,-452
0.1046,2174,2088,1100,-460
0.1050,2174,2088,1100,-460
0.1054,2174,2089,1100,-424
0.1057,2174,2089,1100,-424
0.1061,2174,2089,1100,-424
0.1065,2174,2091,1100,-416
0.1068,2174,2091,1100,-416
0.1073,2174,2091,1100,-416
0.1076,2174,2092,1100,-424
0.1080,2174,2092,1100,-424
0.1084,2174,2093,1100,-424
0.1087,2174,2093,1100,-424
0.1091,2174,2093,1100,-424
0.1095,2174,2095,1100,-416
0.1098,2174,2095,1100,-416
0.1102,2183,2096,1100,-416
0.1109,2183,2096,1100,-416
0.1113,2183,2096,1100,-416
0.1116,2183,2098,1100,-416
0.1120,2183,2098,1100,-416
0.1124,2183,2099,1100,-416
0.1127,2183,2099,1100,-416
0.1131,2183,2099,1100,-416
0.1135,2183,2100,1100,-416
0.1139,2183,2100,1100,-416
0.1143,2183,2100,1100,-416
0.1147,2183,2102,1100,-416
0.1150,2183,2102,1100,-416
0.1154,2183,2103,1100,-416
0.1158,2183,2103,1100,-416
0.1161,2183,2103,1100,-416
0.1165,2183,2105,1100,-408
0.1170,2183,2105,1100,-408
0.1173,2183,2106,1100,-408
0.1177,2183,2106,1100,-408
0.1181,2183,2106,1100,-408
0.1185,2183,2107,1100,-416
0.1188,2183,2107,1100,-416
0.1193,2183,2109,1100,-408
0.1197,2183,2109,1100,-408
0.1201,2191,2110,1100,-408
0.1210,2191,2110,1100,-408
0.1213,2191,2112,1400,-400
0.1217,2191,2112,1400,-400
0.1221,2191,2112,1400,-400
0.1225,2191,2113,1400,-400
0.1229,2191,2113,1400,-400
0.1233,2191,2114,1400,-400
0.1237,2191,2114,1400,-400
0.1241,2191,2114,1400,-400
0.1245,2191,2116,1400,-400
0.1249,2191,2116,1400,-400
0.1253,2191,2117,1400,-372
0.1257,2191,2117,1400,-372
0.1260,2191,2117,1400,-372
0.1264,2191,2118,1400,-372
0.1268,2191,2118,1400,-372
0.1271,2191,2118,1400,-372
0.1275,2191,2120,1400,-364
0.1279,2191,2120,1400,-364
0.1283,2191,2121,1400,-364
0.1286,2191,2121,1400,-364
0.1290,2191,2121,1400,-364
0.1294,2191,2123,1400,-364
0.1298,2191,2123,1400,-364
0.1301,2197,2124,1400,-364
0.1308,2197,2124,1400,-364
0.1313,2197,2126,1400,-356
0.1316,2197,2126,1400,-356
0.1320,2197,2126,1400,-356
0.1324,2197,2127,1400,-356
0.1327,2197,2127,1400,-356
0.1331,2197,2127,1400,-356
0.1335,2197,2128,1400,-356
0.1338,2197,2128,1400,-356
0.1343,2197,2130,1400,-348
0.1346,2197,2130,1400,-348
0.1350,2197,2130,1400,-348
0.1354,2197,2131,1400,-348
0.1358,2197,2131,1400,-348
0.1361,2197,2131,1400,-348
0.1365,2197,2133,1400,-340
0.1369,2197,2133,1400,-340
0.1373,2197,2134,1400,-340
0.1376,2197,2134,1400,-340
0.1380,2197,2134,1400,-340
0.1384,2197,2135,1400,-340
0.1387,2197,2135,1400,-340
0.1391,2197,2135,1400,-340
0.1395,2197,2137,1400,-332
0.1398,2197,2137,1400,-332
0.1403,2203,2138,1400,-332
0.1410,2203,2138,1400,-332
0.1413,2203,2139,1350,-332
0.1417,2203,2139,1350,-332
0.1421,2203,2139,1350,-332
0.1424,2203,2141,1350,-324
0.1428,2203,2141,1350,-324
0.1432,2203,2141,1350,-324
0.1435,2203,2142,1350,-324
0.1439,2203,2142,1350,-324
0.1443,2203,2144,1350,-316
0.1446,2203,2144,1350,-316
0.1450,2203,2144,1350,-316
0.1454,2203,2145,1350,-300
0.1457,2203,2145,1350,-300
0.1461,2203,2145,1350,-300
0.1465,2203,2146,1350,-300
0.1468,2203,2146,1350,-300
0.1473,2203,2148,1350,-292
0.1476,2203,2148,1350,-292
0.1481,2203,2148,1350,-292
0.1484,2203,2149,1350,-292
0.1488,2203,2149,1350,-292
0.1492,2203,2149,1350,-292
0.1495,2203,2150,1350,-292
0.1499,2203,2150,1350,-292
0.1503,2207,2152,1350,-276
0.1510,2207,2152,1350,-276
0.1513,2207,2153,1350,-276
0.1517,2207,2153,1350,-276
0.1521,2207,2155,1350,-268
0.1526,2207,2155,1350,-268
0.1530,2207,2155,1350,-268
0.1533,2207,2156,1350,-268
0.1537,2207,2156,1350,-268
0.1540,2207,2156,1350,-268
0.1544,2207,2157,1350,-268
0.1548,2207,2157,1350,-268
0.1551,2207,2158,1350,-268
0.1555,2207,2158,1350,-268
0.1559,2207,2158,1350,-268
0.1563,2207,2159,1350,-268
0.1566,2207,2159,1350,-268
0.1570,2207,2159,1350,-268
0.1574,2207,2161,1350,-260
0.1577,2207,2161,1350,-260
0.1581,2207,2161,1350,-260
0.1585,2207,2162,1350,-252
0.1589,2207,2162,1350,-252
0.1593,2207,2163,1350,-252
0.1596,2207,2163,1350,-252
0.1600,2207,2163,1350,-252
0.1603,2210,2164,1350,-252
0.1610,2210,2164,1350,-252
0.1614,2210,2165,1300,-252
0.1618,2210,2165,1300,-252
0.1622,2210,2167,1300,-236
0.1626,2210,2167,1300,-236
0.1630,2210,2167,1300,-236
0.1633,2210,2168,1300,-236
0.1637,2210,2168,1300,-236
0.1641,2210,2168,1300,-236
0.1645,2210,2169,1300,-236
0.1648,2210,2169,1300,-236
0.1653,2210,2170,1300,-220
0.1656,2210,2170,1300,-220
0.1660,2210,2170,1300,-220
0.1664,2210,2171,1300,-220
0.1667,2210,2171,1300,-220
0.1671,2210,2171,1300,-220
0.1674,2210,2172,1300,-220
0.1678,2210,2172,1300,-220
0.1681,2210,2173,1300,-212
0.1685,2210,2173,1300,-212
0.1689,2210,2173,1300,-212
0.1693,2210,2175,1300,-204
0.1696,2210,2175,1300,-204
0.1700,2210,2175,1300,-204
0.1703,2212,2176,1300,-196
0.1710,2212,2176,1300,-196
0.1714,2212,2177,1300,-196
0.1718,2212,2177,1300,-196
0.1722,2212,2178,1300,-188
0.1725,2212,2178,1300,-188
0.1729,2212,2178,1300,-188
0.1733,2212,2179,1300,-188
0.1736,2212,2179,1300,-188
0.1740,2212,2179,1300,-188
0.1744,2212,2180,1300,-188
0.1747,2212,2180,1300,-188
0.1751,2212,2181,1300,-180
0.1755,2212,2181,1300,-180
0.1759,2212,2181,1300,-180
0.1763,2212,2182,1300,-180
0.1766,2212,2182,1300,-180
0.1770,2212,2183,1300,-172
0.1774,2212,2183,1300,-172
0.1778,2212,2183,1300,-172
0.1781,2212,2184,1300,-164
0.1785,2212,2184,1300,-164
0.1789,2212,2184,1300,-164
0.1793,2212,2185,1300,-164
0.1797,2212,2185,1300,-164
0.1801,2213,2186,1300,-156
0.1808,2213,2186,1300,-156
0.1813,2213,2187,1100,-156
0.1817,2213,2187,1100,-156
0.1821,2213,2188,1100,-148
0.1825,2213,2188,1100,-148
0.1829,2213,2188,1100,-148
0.1833,2213,2189,1100,-140
0.1837,2213,2189,1100,-140
0.1841,2213,2189,1100,-148
0.1844,2213,2189,1100,-148
0.1848,2213,2189,1100,-148
0.1853,2213,2190,1100,-136
0.1856,2213,2190,1100,-136
0.1860,2213,2191,1100,-128
0.1864,2213,2191,1100,-128
0.1869,2213,2191,1100,-128
0.1873,2213,2192,1100,-120
0.1878,2213,2192,1100,-120
0.1882,2213,2193,1100,-120
0.1886,2213,2193,1100,-120
0.1889,2213,2193,1100,-120
0.1893,2213,2194,1100,-112
0.1897,2213,2194,1100,-112
0.1902,2212,2195,1100,-104
0.1909,2212,2195,1100,-104
0.1913,2212,2196,1100,-96
0.1917,2212,2196,1100,-96
0.1921,2212,2196,1100,-96
0.1924,2212,2196,1100,-96
0.1928,2212,2196,1100,-96
0.1933,2212,2197,1100,-88
0.1937,2212,2197,1100,-88
0.1941,2212,2198,1100,-88
0.1945,2212,2198,1100,-88
0.1949,2212,2198,1100,-88
0.1953,2212,2199,1100,-80
0.1957,2212,2199,1100,-80
0.1961,2212,2199,1100,-72
0.1966,2212,2199,1100,-72
0.1970,2212,2200,1100,-64
0.1974,2212,2200,1100,-64
0.1978,2212,2200,1100,-64
0.1982,2212,2201,1100,-56
0.1986,2212,2201,1100,-56
0.1990,2212,2201,1100,-56
0.1994,2212,2201,1100,-56
0.1998,2212,2201,1100,-56
0.2002,2210,2202,1100,-48
0.2009,2210,2203,800,-40
0.2013,2210,2203,800,-40
0.2017,2210,2203,800,-40
0.2021,2210,2204,800,-32
0.2025,2210,2204,800,-32
0.2029,2210,2204,800,-32
0.2033,2210,2204,800,-24
0.2037,2210,2204,800,-24
0.2040,2210,2205,800,0
0.2044,2210,2205,800,0
0.2048,2210,2205,800,0
0.2052,2210,2205,800,36
0.2055,2210,2205,800,36
0.2059,2210,2205,800,36
0.2063,2210,2206,800,44
0.2066,2210,2206,800,44
0.2070,2210,2206,800,52
0.2074,2210,2206,800,52
0.2077,2210,2206,800,52
0.2081,2210,2207,800,60
0.2085,2210,2207,800,60
0.2089,2210,2207,800,60
0.2093,2210,2207,800,60
0.2096,2210,2207,800,60
0.2100,2210,2208,800,68
0.2104,2206,2208,800,68
0.2110,2206,2208,800,68
0.2114,2206,2208,800,68
0.2118,2206,2208,800,68
0.2122,2206,2208,800,76
0.2125,2206,2208,800,76
0.2129,2206,2209,800,76
0.2133,2206,2209,800,76
0.2136,2206,2209,800,76
0.2140,2206,2209,800,76
0.2144,2206,2209,800,76
0.2147,2206,2209,800,76
0.2151,2206,2209,800,76
0.2155,2206,2209,800,76
0.2158,2206,2209,800,76
0.2163,2206,2210,800,76
0.2166,2206,2210,800,76
0.2170,2206,2210,800,76
0.2174,2206,2210,800,76
0.2177,2206,2210,800,76
0.2181,2206,2210,800,76
0.2184,2206,2210,800,76
0.2188,2206,2210,800,76
0.2192,2206,2210,800,84
0.2195,2206,2210,800,84
0.2199,2206,2211,800,92
0.2203,2201,2211,800,92
0.2210,2201,2211,400,92
0.2214,2201,2211,400,92
0.2218,2201,2211,400,92
0.2221,2201,2211,400,92
0.2225,2201,2211,400,92
0.2229,2201,2211,400,100
0.2233,2201,2211,400,100
0.2237,2201,2211,400,100
0.2241,2201,2211,400,100
0.2244,2201,2211,400,100
0.2248,2201,2211,400,100
0.2252,2201,2211,400,84
0.2255,2201,2211,400,84
0.2259,2201,2211,400,84
0.2263,2201,2211,400,84
0.2266,2201,2211,400,84
0.2270,2201,2211,400,84
0.2274,2201,2211,400,84
0.2277,2201,2211,400,84
0.2281,2201,2211,400,92
0.2284,2201,2211,400,92
0.2288,2201,2211,400,92
0.2292,2201,2211,400,92
0.2295,2201,2211,400,92
0.2299,2201,2211,400,100
0.2303,2195,2211,400,100
0.2309,2195,2211,400,100
0.2313,2195,2211,400,100
0.2316,2195,2211,400,100
0.2320,2195,2211,400,108
0.2324,2195,2211,400,108
0.2327,2195,2211,400,108
0.2331,2195,2211,400,108
0.2335,2195,2211,400,108
0.2338,2195,2211,400,116
0.2342,2195,2211,400,116
0.2346,2195,2211,400,116
0.2349,2195,2211,400,116
0.2353,2195,2211,400,116
0.2357,2195,2211,400,116
0.2361,2195,2211,400,124
0.2364,2195,2211,400,124
0.2368,2195,2211,400,124
0.2372,2195,2211,400,124
0.2375,2195,2211,400,124
0.2379,2195,2211,400,132
0.2383,2195,2211,400,132
0.2386,2195,2211,400,132
0.2390,2195,2211,400,132
0.2394,2195,2211,400,132
0.2397,2195,2211,400,132
0.2401,2188,2211,400,140
0.2408,2188,2211,0,140
0.2411,2188,2211,0,140
0.2415,2188,2211,0,140
0.2419,2188,2211,0,148
0.2423,2188,2211,0,148
0.2426,2188,2211,0,148
0.2430,2188,2211,0,156
0.2433,2188,2211,0,156
0.2437,2188,2211,0,156
0.2440,2188,2211,0,156
0.2444,2188,2211,0,156
0.2448,2188,2211,0,168
0.2452,2188,2211,0,168
0.2455,2188,2211,0,168
0.2459,2188,2211,0,168
0.2463,2188,2211,0,168
0.2466,2188,2211,0,168
0.2470,2188,2211,0,176
0.2474,2188,2211,0,176
0.2477,2188,2211,0,184
0.2481,2188,2211,0,184
0.2484,2188,2211,0,184
0.2488,2188,2211,0,184
0.2492,2188,2211,0,184
0.2496,2188,2211,0,184
0.2499,2188,2210,0,184
0.2503,2180,2210,0,184
0.2510,2180,2210,0,184
0.2513,2180,2210,0,184
0.2517,2180,2210,0,192
0.2521,2180,2210,0,192
0.2524,2180,2210,0,192
0.2528,2180,2209,0,192
0.2531,2180,2209,0,192
0.2535,2180,2209,0,192
0.2539,2180,2209,0,192
0.2543,2180,2209,0,192
0.2546,2180,2209,0,192
0.2550,2180,2209,0,200
0.2553,2180,2209,0,200
0.2557,2180,2208,0,192
0.2561,2180,2208,0,192
0.2565,2180,2208,0,192
0.2569,2180,2208,0,200
0.2573,2180,2208,0,200
0.2576,2180,2208,0,200
0.2580,2180,2207,0,200
0.2583,2180,2207,0,200
0.2587,2180,2207,0,208
0.2591,2180,2207,0,208
0.2594,2180,2207,0,208
0.2598,2180,2206,0,200
0.2602,2171,2206,0,200
0.2609,2171,2206,-250,208
0.2613,2171,2206,-250,208
0.2616,2171,2206,-250,208
0.2620,2171,2205,-250,200
0.2623,2171,2205,-250,200
0.2627,2171,2205,-250,208
0.2631,2171,2205,-250,208
0.2634,2171,2205,-250,208
0.2638,2171,2205,-250,216
0.2643,2171,2205,-250,216
0.2646,2171,2204,-250,200
0.2651,2171,2204,-250,200
0.2654,2171,2204,-250,200
0.2658,2171,2204,-250,200
0.2662,2171,2204,-250,200
0.2665,2171,2204,-250,200
0.2669,2171,2203,-250,200
0.2673,2171,2203,-250,200
0.2676,2171,2203,-250,208
0.2680,2171,2203,-250,208
0.2683,2171,2203,-250,208
0.2687,2171,2202,-250,208
0.2691,2171,2202,-250,208
0.2694,2171,2202,-250,208
0.2698,2171,2201,-250,200
0.2701,2160,2201,-250,200
0.2708,2160,2201,-250,208
0.2713,2160,2201,-250,208
0.2716,2160,2200,-250,208
0.2720,2160,2200,-250,208
0.2724,2160,2200,-250,208
0.2727,2160,2200,-250,208
0.2731,2160,2200,-250,208
0.2734,2160,2200,-250,208
0.2738,2160,2199,-250,208
0.2741,2160,2199,-250,208
0.2745,2160,2199,-250,208
0.2749,2160,2199,-250,216
0.2753,2160,2199,-250,216
0.2756,2160,2198,-250,216
0.2760,2160,2198,-250,216
0.2763,2160,2198,-250,216
0.2767,2160,2197,-250,216
0.2770,2160,2197,-250,216
0.2774,2160,2197,-250,216
0.2778,2160,2197,-250,224
0.2781,2160,2197,-250,224
0.2785,2160,2197,-250,224
0.2789,2160,2196,-250,216
0.2793,2160,2196,-250,216
0.2797,2160,2196,-250,224
0.2800,2149,2196,-250,224
0.2807,2149,2195,-550,224
0.2811,2149,2195,-550,224
0.2814,2149,2195,-550,224
0.2818,2149,2194,-550,224
0.2822,2149,2194,-550,224
0.2825,2149,2194,-550,232
0.2829,2149,2194,-550,232
0.2833,2149,2194,-550,232
0.2837,2149,2193,-550,224
0.2840,2149,2193,-550,224
0.2844,2149,2193,-550,224
0.2848,2149,2193,-550,224
0.2851,2149,2193,-550,224
0.2855,2149,2192,-550,224
0.2859,2149,2192,-550,224
0.2863,2149,2192,-550,224
0.2866,2149,2191,-550,224
0.2870,2149,2191,-550,224
0.2873,2149,2191,-550,224
0.2877,2149,2190,-550,224
0.2881,2149,2190,-550,224
0.2885,2149,2190,-550,232
0.2889,2149,2190,-550,232
0.2893,2149,2190,-550,232
0.2896,2149,2189,-550,232
0.2900,2149,2189,-550,232
0.2903,2137,2189,-550,240
0.2910,2137,2189,-550,240
0.2914,2137,2189,-550,240
0.2917,2137,2188,-550,240
0.2921,2137,2188,-550,240
0.2924,2137,2188,-550,240
0.2928,2137,2187,-550,240
0.2931,2137,2187,-550,240
0.2936,2137,2187,-550,248
0.2940,2137,2187,-550,248
0.2943,2137,2187,-550,248
0.2947,2137,2186,-550,248
0.2951,2137,2186,-550,248
0.2955,2137,2186,-550,248
0.2958,2137,2185,-550,248
0.2963,2137,2185,-550,248
0.2966,2137,2184,-550,248
0.2970,2137,2184,-550,248
0.2974,2137,2184,-550,248
0.2977,2137,2184,-550,256
0.2981,2137,2184,-550,256
0.2985,2137,2183,-550,256
0.2988,2137,2183,-550,256
0.2993,2137,2183,-550,256
0.2996,2137,2182,-550,256
0.3000,2137,2182,-550,256
0.3004,2124,2182,-650,264
0.3010,2124,2182,-650,264
0.3014,2124,2182,-650,264
0.3017,2124,2181,-650,264
0.3021,2124,2181,-650,264
0.3025,2124,2180,-650,264
0.3028,2124,2180,-650,264
0.3032,2124,2180,-650,264
0.3035,2124,2179,-650,264
0.3039,2124,2179,-650,264
0.3043,2124,2179,-650,264
0.3046,2124,2178,-650,268
0.3050,2124,2178,-650,268
0.3054,2124,2178,-650,268
0.3057,2124,2178,-650,276
0.3061,2124,2178,-650,276
0.3065,2124,2177,-650,276
0.3069,2124,2177,-650,276
0.3073,2124,2177,-650,276
0.3077,2124,2176,-650,276
0.3080,2124,2176,-650,276
0.3084,2124,2176,-650,276
0.3088,2124,2176,-650,284
0.3091,2124,2176,-650,284
0.3095,2124,2175,-650,284
0.3099,2124,2175,-650,284
0.3103,2110,2174,-650,284
0.3110,2110,2174,-650,284
0.3113,2110,2174,-650,284
0.3117,2110,2173,-650,284
0.3120,2110,2173,-650,284
0.3124,2110,2172,-650,284
0.3128,2110,2172,-650,284
0.3132,2110,2172,-650,284
0.3135,2110,2171,-650,284
0.3139,2110,2171,-650,284
0.3143,2110,2171,-650,284
0.3147,2110,2170,-650,284
0.3150,2110,2170,-650,284
0.3154,2110,2170,-650,292
0.3158,2110,2170,-650,292
0.3161,2110,2170,-650,292
0.3166,2110,2169,-650,292
0.3169,2110,2169,-650,292
0.3173,2110,2169,-650,292
0.3177,2110,2168,-650,300
0.3180,2110,2168,-650,300
0.3184,2110,2167,-650,300
0.3188,2110,2167,-650,300
0.3191,2110,2167,-650,300
0.3195,2110,2167,-650,308
0.3199,2110,2167,-650,308
0.3203,2096,2166,-800,308
0.3210,2096,2166,-800,308
0.3214,2096,2165,-800,308
0.3218,2096,2165,-800,308
0.3222,2096,2165,-800,308
0.3225,2096,2164,-800,308
0.3229,2096,2164,-800,308
0.3233,2096,2164,-800,308
0.3236,2096,2163,-800,308
0.3240,2096,2163,-800,308
0.3243,2096,2163,-800,308
0.3247,2096,2162,-800,320
0.3250,2096,2162,-800,320
0.3254,2096,2161,-800,320
0.3258,2096,2161,-800,320
0.3261,2096,2161,-800,320
0.3265,2096,2160,-800,320
0.3269,2096,2160,-800,320
0.3272,2096,2160,-800,320
0.3276,2096,2159,-800,320
0.3280,2096,2159,-800,320
0.3283,2096,2158,-800,320
0.3287,2096,2158,-800,320
0.3290,2096,2158,-800,320
0.3294,2096,2157,-800,328
0.3297,2096,2157,-800,328
0.3301,2082,2156,-800,328
0.3308,2082,2156,-800,328
0.3313,2082,2156,-800,328
0.3316,2082,2155,-800,328
0.3320,2082,2155,-800,328
0.3323,2082,2154,-800,328
0.3327,2082,2154,-800,328
0.3330,2082,2154,-800,328
0.3334,2082,2153,-800,328
0.3337,2082,2153,-800,328
0.3341,2082,2153,-800,328
0.3344,2082,2152,-800,336
0.3348,2082,2152,-800,336
0.3353,2082,2151,-800,336
0.3357,2082,2151,-800,336
0.3361,2082,2151,-800,336
0.3364,2082,2150,-800,336
0.3368,2082,2150,-800,336
0.3372,2082,2150,-800,336
0.3375,2082,2149,-800,336
0.3379,2082,2149,-800,336
0.3383,2082,2149,-800,336
0.3386,2082,2148,-800,344
0.3390,2082,2148,-800,344
0.3394,2082,2147,-800,344
0.3397,2082,2147,-800,344
0.3401,2067,2146,-1000,344
0.3408,2067,2146,-1000,344
0.3411,2067,2146,-1000,344
0.3415,2067,2145,-1000,344
0.3419,2067,2145,-1000,344
0.3423,2067,2144,-1000,352
0.3426,2067,2144,-1000,352
0.3430,2067,2144,-1000,352
0.3433,2067,2143,-1000,352
0.3437,2067,2143,-1000,352
0.3440,2067,2143,-1000,352
0.3444,2067,2142,-1000,344
0.3448,2067,2142,-1000,344
0.3451,2067,2142,-1000,344
0.3455,2067,2141,-1000,344
0.3459,2067,2141,-1000,344
0.3463,2067,2140,-1000,352
0.3467,2067,2140,-1000,352
0.3471,2067,2140,-1000,352
0.3474,2067,2139,-1000,352
0.3478,2067,2139,-1000,352
0.3481,2067,2139,-1000,352
0.3485,2067,2138,-1000,352
0.3489,2067,2138,-1000,352
0.3493,2067,2136,-1000,352
0.3497,2067,2136,-1000,352
0.3500,2053,2135,-1000,352
0.3507,2053,2135,-1000,352
0.3511,2053,2135,-1000,352
0.3514,2053,2134,-1000,352
0.3518,2053,2134,-1000,352
0.3521,2053,2134,-1000,352
0.3525,2053,2133,-1000,352
0.3529,2053,2133,-1000,352
0.3533,2053,2132,-1000,360
0.3536,2053,2132,-1000,360
0.3540,2053,2132,-1000,360
0.3544,2053,2131,-1000,360
0.3547,2053,2131,-1000,360
0.3551,2053,2131,-1000,360
0.3555,2053,2130,-1000,368
0.3558,2053,2130,-1000,368
0.3563,2053,2129,-1000,368
0.3567,2053,2129,-1000,368
0.3570,2053,2129,-1000,368
0.3574,2053,2127,-1000,360
0.3578,2053,2127,-1000,360
0.3582,2053,2126,-1000,360
0.3586,2053,2126,-1000,360
0.3589,2053,2126,-1000,360
0.3593,2053,2125,-1000,368
0.3597,2053,2125,-1000,368
0.3600,2038,2124,-1100,368
0.3607,2038,2124,-1100,368
0.3610,2038,2124,-1100,368
0.3614,2038,2123,-1100,368
0.3618,2038,2123,-1100,368
0.3621,2038,2122,-1100,376
0.3625,2038,2122,-1100,376
0.3629,2038,2122,-1100,376
0.3633,2038,2120,-1100,368
0.3636,2038,2120,-1100,368
0.3640,2038,2120,-1100,368
0.3643,2038,2119,-1100,364
0.3647,2038,2119,-1100,364
0.3651,2038,2119,-1100,364
0.3655,2038,2118,-1100,372
0.3658,2038,2118,-1100,372
0.3663,2038,2117,-1100,372
0.3666,2038,2117,-1100,372
0.3670,2038,2117,-1100,372
0.3674,2038,2116,-1100,372
0.3678,2038,2116,-1100,372
0.3681,2038,2114,-1100,372
0.3685,2038,2114,-1100,372
0.3689,2038,2114,-1100,372
0.3693,2038,2113,-1100,372
0.3696,2038,2113,-1100,372
0.3700,2023,2112,-1100,372
0.3707,2023,2112,-1100,372
0.3711,2023,2112,-1100,372
0.3714,2023,2111,-1100,380
0.3718,2023,2111,-1100,380
0.3722,2023,2110,-1100,380
0.3725,2023,2110,-1100,380
0.3729,2023,2110,-1100,380
0.3733,2023,2108,-1100,372
0.3736,2023,2108,-1100,372
0.3740,2023,2108,-1100,372
0.3743,2023,2107,-1100,380
0.3747,2023,2107,-1100,380
0.3750,2023,2107,-1100,380
0.3754,2023,2106,-1100,380
0.3758,2023,2106,-1100,380
0.3761,2023,2105,-1100,388
0.3765,2023,2105,-1100,388
0.3769,2023,2105,-1100,388
0.3773,2023,2103,-1100,380
0.3776,2023,2103,-1100,380
0.3780,2023,2103,-1100,380
0.3783,2023,2102,-1100,380
0.3787,2023,2102,-1100,380
0.3792,2023,2101,-1100,388
0.3795,2023,2101,-1100,388
0.3799,2023,2101,-1100,388
0.3803,2008,2100,-1200,388
0.3810,2008,2100,-1200,388
0.3814,2008,2099,-1200,388
0.3817,2008,2099,-1200,388
0.3821,2008,2097,-1200,388
0.3825,2008,2097,-1200,388
0.3828,2008,2097,-1200,388
0.3833,2008,2096,-1200,388
0.3836,2008,2096,-1200,388
0.3841,2008,2095,-1200,388
0.3844,2008,2095,-1200,388
0.3848,2008,2095,-1200,388
0.3853,2008,2093,-1200,388
0.3856,2008,2093,-1200,388
0.3860,2008,2093,-1200,388
0.3864,2008,2092,-1200,388
0.3867,2008,2092,-1200,388
0.3871,2008,2091,-1200,396
0.3875,2008,2091,-1200,396
0.3878,2008,2091,-1200,396
0.3883,2008,2090,-1200,396
0.3886,2008,2090,-1200,396
0.3890,2008,2090,-1200,396
0.3894,2008,2088,-1200,388
0.3897,2008,2088,-1200,388
0.3901,1993,2087,-1200,396
0.3909,1993,2087,-1200,396
0.3913,1993,2085,-1200,388
0.3916,1993,2085,-1200,388
0.3920,1993,2084,-1200,388
0.3924,1993,2084,-1200,388
0.3928,1993,2084,-1200,388
0.3931,1993,2083,-1200,396
0.3935,1993,2083,-1200,396
0.3938,1993,2083,-1200,396
0.3943,1993,2082,-1200,396
0.3946,1993,2082,-1200,396
0.3950,1993,2082,-1200,396
0.3954,1993,2080,-1200,396
0.3957,1993,2080,-1200,396
0.3961,1993,2079,-1200,396
0.3965,1993,2079,-1200,396
0.3968,1993,2079,-1200,396
0.3973,1993,2077,-1200,396
0.3977,1993,2077,-1200,396
0.3981,1993,2076,-1200,396
0.3984,1993,2076,-1200,396
0.3988,1993,2076,-1200,396
0.3993,1993,2075,-1200,396
0.3996,1993,2075,-1200,396
0.4000,1993,2074,-1300,404
0.4004,1979,2074,-1300,404
0.4010,1979,2072,-1300,396
0.4014,1979,2072,-1300,396
0.4018,1979,2072,-1300,396
0.4021,1979,2071,-1300,404
0.4025,1979,2071,-1300,404
0.4029,1979,2071,-1300,404
0.4033,1979,2069,-1300,396
0.4036,1979,2069,-1300,396
0.4040,1979,2068,-1300,388
0.4043,1979,2068,-1300,388
0.4047,1979,2068,-1300,388
0.4051,1979,2067,-1300,396
0.4055,1979,2067,-1300,396
0.4058,1979,2067,-1300,396
0.4063,1979,2065,-1300,388
0.4066,1979,2065,-1300,388
0.4070,1979,2064,-1300,396
0.4074,1979,2064,-1300,396
0.4077,1979,2064,-1300,396
0.4081,1979,2063,-1300,396
0.4084,1979,2063,-1300,396
0.4088,1979,2063,-1300,396
0.4092,1979,2061,-1300,396
0.4096,1979,2061,-1300,396
0.4099,1979,2061,-1300,396
0.4103,1965,2060,-1300,396
0.4110,1965,2058,-1300,388
0.4114,1965,2058,-1300,388
0.4117,1965,2058,-1300,388
0.4121,1965,2057,-1300,396
0.4125,1965,2057,-1300,396
0.4129,1965,2057,-1300,396
0.4133,1965,2056,-1300,396
0.4136,1965,2056,-1300,396
0.4140,1965,2054,-1300,396
0.4144,1965,2054,-1300,396
0.4148,1965,2054,-1300,396
0.4151,1965,2053,-1300,396
0.4155,1965,2053,-1300,396
0.4159,1965,2053,-1300,396
0.4163,1965,2052,-1300,396
0.4166,1965,2052,-1300,396
0.4170,1965,2050,-1300,396
0.4174,1965,2050,-1300,396
0.4177,1965,2050,-1300,396
0.4181,1965,2049,-1300,396
0.4184,1965,2049,-1300,396
0.4188,1965,2049,-1300,396
0.4193,1965,2047,-1300,396
0.4196,1965,2047,-1300,396
0.4200,1965,2046,-1400,396
0.4204,1952,2046,-1400,396
0.4210,1952,2045,-1400,396
0.4214,1952,2045,-1400,396
0.4217,1952,2045,-1400,396
0.4221,1952,2043,-1400,396
0.4225,1952,2043,-1400,396
0.4228,1952,2043,-1400,396
0.4233,1952,2042,-1400,396
0.4236,1952,2042,-1400,396
0.4240,1952,2040,-1400,384
0.4243,1952,2040,-1400,384
0.4247,1952,2040,-1400,384
0.4251,1952,2039,-1400,392
0.4254,1952,2039,-1400,392
0.4258,1952,2039,-1400,392
0.4261,1952,2037,-1400,384
0.4265,1952,2037,-1400,384
0.4269,1952,2036,-1400,392
0.4273,1952,2036,-1400,392
0.4276,1952,2036,-1400,392
0.4280,1952,2035,-1400,392
0.4283,1952,2035,-1400,392
0.4287,1952,2035,-1400,392
0.4291,1952,2033,-1400,384
0.4294,1952,2033,-1400,384
0.4299,1952,2032,-1400,392
0.4303,1940,2032,-1400,392
0.4310,1940,2031,-1400,392
0.4313,1940,2031,-1400,392
0.4317,1940,2031,-1400,392
0.4321,1940,2029,-1400,384
0.4325,1940,2029,-1400,384
0.4329,1940,2028,-1400,392
0.4333,1940,2028,-1400,392
0.4338,1940,2028,-1400,392
0.4342,1940,2027,-1400,392
0.4346,1940,2027,-1400,392
0.4350,1940,2025,-1400,392
0.4354,1940,2025,-1400,392
0.4358,1940,2023,-1400,384
0.4363,1940,2023,-1400,384
0.4367,1940,2023,-1400,384
0.4371,1940,2022,-1400,384
0.4375,1940,2022,-1400,384
0.4379,1940,2021,-1400,392
0.4383,1940,2021,-1400,392
0.4387,1940,2021,-1400,392
0.4391,1940,2019,-1400,384
0.4395,1940,2019,-1400,384
0.4399,1940,2018,-1400,384
0.4403,1928,2018,-1400,384
0.4410,1928,2016,-1400,384
0.4414,1928,2016,-1400,384
0.4418,1928,2015,-1400,384
0.4423,1928,2015,-1400,384
0.4427,1928,2015,-1400,384
0.4431,1928,2013,-1400,376
0.4435,1928,2013,-1400,376
0.4439,1928,2012,-1400,384
0.4443,1928,2012,-1400,384
0.4447,1928,2012,-1400,384
0.4451,1928,2011,-1400,384
0.4455,1928,2011,-1400,384
0.4459,1928,2009,-1400,376
0.4463,1928,2009,-1400,376
0.4467,1928,2009,-1400,376
0.4471,1928,2008,-1400,384
0.4475,1928,2008,-1400,384
0.4479,1928,2007,-1400,384
0.4483,1928,2007,-1400,384
0.4487,1928,2007,-1400,384
0.4491,1928,2005,-1400,376
0.4496,1928,2005,-1400,376
0.4500,1918,2004,-1400,384
0.4508,1918,2003,-1400,384
0.4512,1918,2003,-1400,384
0.4516,1918,2003,-1400,384
0.4520,1918,2001,-1400,376
0.4524,1918,2001,-1400,376
0.4528,1918,2000,-1400,384
0.4533,1918,2000,-1400,384
0.4536,1918,2000,-1400,384
0.4540,1918,1999,-1400,384
0.4544,1918,1999,-1400,384
0.4549,1918,1997,-1400,376
0.4553,1918,1997,-1400,376
0.4557,1918,1997,-1400,376
0.4560,1918,1996,-1400,384
0.4564,1918,1996,-1400,384
0.4569,1918,1995,-1400,384
0.4573,1918,1995,-1400,384
0.4577,1918,1995,-1400,384
0.4581,1918,1993,-1400,376
0.4585,1918,1993,-1400,376
0.4588,1918,1992,-1400,376
0.4593,1918,1992,-1400,376
0.4596,1918,1992,-1400,376
0.4600,1918,1990,-1400,376
0.4604,1907,1989,-1400,376
0.4610,1907,1989,-1400,376
0.4614,1907,1989,-1400,376
0.4618,1907,1988,-1400,376
0.4622,1907,1988,-1400,376
0.4625,1907,1988,-1400,376
0.4629,1907,1986,-1400,368
0.4633,1907,1986,-1400,368
0.4636,1907,1986,-1400,368
0.4640,1907,1985,-1400,360
0.4643,1907,1985,-1400,360
0.4647,1907,1984,-1400,368
0.4651,1907,1984,-1400,368
0.4654,1907,1984,-1400,368
0.4658,1907,1982,-1400,360
0.4662,1907,1982,-1400,360
0.4665,1907,1982,-1400,360
0.4669,1907,1981,-1400,360
0.4673,1907,1981,-1400,360
0.4677,1907,1980,-1400,368
0.4680,1907,1980,-1400,368
0.4684,1907,1980,-1400,368
0.4688,1907,1978,-1400,360
0.4691,1907,1978,-1400,360
0.4695,1907,1978,-1400,360
0.4699,1907,1977,-1400,360
0.4703,1899,1977,-1400,360
0.4709,1899,1976,-1400,360
0.4713,1899,1976,-1400,360
0.4717,1899,1974,-1400,352
0.4720,1899,1974,-1400,352
0.4724,1899,1974,-1400,352
0.4727,1899,1973,-1400,360
0.4731,1899,1973,-1400,360
0.4735,1899,1973,-1400,360
0.4739,1899,1972,-1400,360
0.4743,1899,1972,-1400,360
0.4746,1899,1970,-1400,352
0.4750,1899,1970,-1400,352
0.4753,1899,1970,-1400,352
0.4757,1899,1969,-1400,352
0.4761,1899,1969,-1400,352
0.4765,1899,1969,-1400,352
0.4768,1899,1967,-1400,344
0.4773,1899,1967,-1400,344
0.4776,1899,1966,-1400,352
0.4780,1899,1966,-1400,352
0.4784,1899,1966,-1400,352
0.4788,1899,1965,-1400,352
0.4791,1899,1965,-1400,352
0.4797,1899,1963,-1350,344
0.4800,1891,1963,-1350,344
0.4808,1891,1962,-1350,344
0.4811,1891,1962,-1350,344
0.4815,1891,1962,-1350,344
0.4819,1891,1960,-1350,336
0.4823,1891,1960,-1350,336
0.4827,1891,1959,-1350,336
0.4831,1891,1959,-1350,336
0.4835,1891,1959,-1350,336
0.4839,1891,1958,-1350,332
0.4843,1891,1958,-1350,332
0.4847,1891,1957,-1350,340
0.4851,1891,1957,-1350,340
0.4855,1891,1957,-1350,340
0.4859,1891,1956,-1350,340
0.4864,1891,1956,-1350,340
0.4868,1891,1954,-1350,332
0.4872,1891,1954,-1350,332
0.4876,1891,1953,-1350,332
0.4880,1891,1953,-1350,332
0.4884,1891,1953,-1350,332
0.4888,1891,1951,-1350,324
0.4892,1891,1951,-1350,324
0.4896,1891,1950,-1350,324
0.4900,1891,1950,-1350,324
0.4904,1885,1949,-1350,324
0.4912,1885,1949,-1350,324
0.4916,1885,1948,-1350,324
0.4920,1885,1948,-1350,324
0.4924,1885,1948,-1350,324
0.4928,1885,1946,-1350,316
0.4933,1885,1946,-1350,316
0.4937,1885,1945,-1350,316
0.4942,1885,1945,-1350,316
0.4946,1885,1943,-1350,308
0.4949,1885,1943,-1350,308
0.4953,1885,1943,-1350,308
0.4957,1885,1942,-1350,308
0.4961,1885,1942,-1350,308
0.4965,1885,1942,-1350,308
0.4968,1885,1941,-1350,308
0.4973,1885,1941,-1350,308
0.4976,1885,1940,-1350,308
0.4980,1885,1940,-1350,308
0.4984,1885,1940,-1350,308
0.4988,1885,1938,-1350,300
0.4991,1885,1938,-1350,300
0.4995,1885,1937,-1300,300
0.5000,1885,1937,-1300,300
0.5004,1880,1936,-1300,300
0.5011,1880,1936,-1300,300
0.5014,1880,1936,-1300,300
0.5018,1880,1935,-1300,300
0.5022,1880,1935,-1300,300
0.5025,1880,1934,-1300,292
0.5029,1880,1934,-1300,292
0.5033,1880,1934,-1300,292
0.5037,1880,1932,-1300,272
0.5040,1880,1932,-1300,272
0.5044,1880,1932,-1300,272
0.5047,1880,1931,-1300,272
0.5051,1880,1931,-1300,272
0.5056,1880,1930,-1300,272
0.5059,1880,1930,-1300,272
0.5063,1880,1930,-1300,272
0.5067,1880,1929,-1300,272
0.5071,1880,1929,-1300,272
0.5074,1880,1929,-1300,272
0.5078,1880,1928,-1300,272
0.5083,1880,1928,-1300,272
0.5086,1880,1926,-1300,264
0.5090,1880,1926,-1300,264
0.5094,1880,1926,-1300,264
0.5097,1880,1925,-1300,264
0.5101,1876,1924,-1300,256
0.5108,1876,1924,-1300,256
0.5113,1876,1924,-1300,256
0.5116,1876,1923,-1300,256
0.5120,1876,1923,-1300,256
0.5124,1876,1922,-1300,256
0.5129,1876,1922,-1300,256
0.5133,1876,1922,-1300,256
0.5137,1876,1921,-1300,256
0.5141,1876,1921,-1300,256
0.5144,1876,1919,-1300,248
0.5148,1876,1919,-1300,248
0.5152,1876,1919,-1300,248
0.5155,1876,1918,-1300,240
0.5159,1876,1918,-1300,240
0.5163,1876,1918,-1300,240
0.5166,1876,1917,-1300,240
0.5170,1876,1917,-1300,240
0.5174,1876,1916,-1300,240
0.5178,1876,1916,-1300,240
0.5183,1876,1916,-1300,240
0.5186,1876,1915,-1300,240
0.5190,1876,1915,-1300,240
0.5194,1876,1915,-1300,240
0.5198,1876,1914,-1150,232
0.5201,1873,1913,-1150,232
0.5209,1873,1913,-1150,232
0.5213,1873,1913,-1150,232
0.5217,1873,1911,-1150,224
0.5220,1873,1911,-1150,224
0.5224,1873,1910,-1150,216
0.5228,1873,1910,-1150,216
0.5232,1873,1910,-1150,216
0.5235,1873,1909,-1150,212
0.5239,1873,1909,-1150,212
0.5243,1873,1909,-1150,212
0.5247,1873,1908,-1150,212
0.5250,1873,1908,-1150,212
0.5254,1873,1908,-1150,212
0.5258,1873,1908,-1150,212
0.5261,1873,1908,-1150,212
0.5265,1873,1907,-1150,212
0.5270,1873,1907,-1150,212
0.5273,1873,1907,-1150,212
0.5277,1873,1905,-1150,196
0.5281,1873,1905,-1150,196
0.5284,1873,1904,-1150,196
0.5288,1873,1904,-1150,196
0.5292,1873,1904,-1150,196
0.5297,1873,1903,-1150,196
0.5301,1872,1902,-1150,188
0.5307,1872,1902,-1150,188
0.5311,1872,1902,-1150,188
0.5315,1872,1901,-1150,188
0.5319,1872,1901,-1150,188
0.5323,1872,1901,-1150,188
0.5326,1872,1900,-1150,180
0.5330,1872,1900,-1150,180
0.5334,1872,1899,-1150,172
0.5337,1872,1899,-1150,172
0.5342,1872,1899,-1150,172
0.5346,1872,1898,-1150,172
0.5350,1872,1898,-1150,172
0.5353,1872,1898,-1150,172
0.5357,1872,1897,-1150,164
0.5361,1872,1897,-1150,164
0.5365,1872,1896,-1150,164
0.5368,1872,1896,-1150,164
0.5373,1872,1896,-1150,164
0.5376,1872,1895,-1150,156
0.5380,1872,1895,-1150,156
0.5384,1872,1895,-1150,156
0.5388,1872,1895,-1150,156
0.5391,1872,1895,-1150,156
0.5395,1872,1894,-1000,148
0.5399,1872,1894,-1000,148
0.5403,1871,1893,-1000,148
0.5409,1871,1893,-1000,148
0.5413,1871,1893,-1000,148
0.5416,1871,1892,-1000,140
0.5420,1871,1892,-1000,140
0.5424,1871,1891,-1000,132
0.5427,1871,1891,-1000,132
0.5431,1871,1891,-1000,132
0.5435,1871,1890,-1000,120
0.5439,1871,1890,-1000,120
0.5443,1871,1890,-1000,120
0.5446,1871,1890,-1000,120
0.5451,1871,1890,-1000,120
0.5456,1871,1889,-1000,112
0.5460,1871,1889,-1000,112
0.5464,1871,1888,-1000,104
0.5468,1871,1888,-1000,104
0.5473,1871,1888,-1000,104
0.5476,1871,1887,-1000,96
0.5480,1871,1887,-1000,96
0.5484,1871,1887,-1000,96
0.5488,1871,1887,-1000,96
0.5493,1871,1887,-1000,96
0.5496,1871,1886,-1000,88
0.5500,1873,1885,-1000,80
0.5507,1873,1885,-1000,80
0.5511,1873,1885,-1000,80
0.5516,1873,1884,-1000,72
0.5519,1873,1884,-1000,72
0.5523,1873,1884,-1000,72
0.5527,1873,1884,-1000,72
0.5531,1873,1884,-1000,72
0.5535,1873,1883,-1000,64
0.5538,1873,1883,-1000,64
0.5543,1873,1882,-1000,56
0.5547,1873,1882,-1000,56
0.5550,1873,1882,-1000,56
0.5554,1873,1882,-1000,56
0.5558,1873,1882,-1000,56
0.5563,1873,1881,-1000,48
0.5567,1873,1881,-1000,48
0.5571,1873,1881,-1000,48
0.5575,1873,1880,-1000,40
0.5579,1873,1880,-1000,40
0.5583,1873,1880,-1000,32
0.5587,1873,1880,-1000,32
0.5591,1873,1880,-1000,32
0.5595,1873,1879,-750,24
0.5599,1873,1879,-750,24
0.5603,1875,1879,-750,24
0.5611,1875,1879,-750,24
0.5615,1875,1878,-750,0
0.5619,1875,1878,-750,0
0.5624,1875,1878,-750,0
0.5628,1875,1878,-750,0
0.5632,1875,1877,-750,-52
0.5636,1875,1877,-750,-52
0.5641,1875,1877,-750,-52
0.5645,1875,1876,-750,-60
0.5650,1875,1876,-750,-60
0.5654,1875,1876,-750,-60
0.5658,1875,1876,-750,-60
0.5662,1875,1875,-750,-76
0.5666,1875,1875,-750,-76
0.5670,1875,1875,-750,-76
0.5674,1875,1875,-750,-76
0.5678,1875,1875,-750,-76
0.5682,1875,1874,-750,-76
0.5685,1875,1874,-750,-76
0.5689,1875,1874,-750,-76
0.5693,1875,1874,-750,-76
0.5697,1875,1874,-750,-76
0.5701,1879,1874,-750,-76
0.5708,1879,1874,-750,-76
0.5712,1879,1874,-750,-76
0.5716,1879,1874,-750,-76
0.5719,1879,1874,-750,-76
0.5723,1879,1873,-750,-84
0.5727,1879,1873,-750,-84
0.5731,1879,1873,-750,-84
0.5735,1879,1873,-750,-84
0.5738,1879,1873,-750,-84
0.5743,1879,1873,-750,-84
0.5747,1879,1873,-750,-84
0.5750,1879,1873,-750,-84
0.5754,1879,1873,-750,-92
0.5758,1879,1873,-750,-92
0.5762,1879,1872,-750,-100
0.5765,1879,1872,-750,-100
0.5769,1879,1872,-750,-100
0.5773,1879,1872,-750,-100
0.5777,1879,1872,-750,-100
0.5781,1879,1872,-750,-100
0.5784,1879,1872,-750,-108
0.5789,1879,1872,-750,-108
0.5793,1879,1872,-350,-108
0.5797,1879,1872,-350,-108
0.5800,1884,1872,-350,-108
0.5807,1884,1872,-350,-108
0.5811,1884,1872,-350,-108
0.5815,1884,1872,-350,-116
0.5819,1884,1872,-350,-116
0.5823,1884,1872,-350,-116
0.5827,1884,1872,-350,-116
0.5830,1884,1872,-350,-116
0.5834,1884,1872,-350,-88
0.5838,1884,1872,-350,-88
0.5843,1884,1872,-350,-96
0.5847,1884,1872,-350,-96
0.5850,1884,1872,-350,-96
0.5854,1884,1872,-350,-96
0.5858,1884,1872,-350,-96
0.5862,1884,1872,-350,-96
0.5865,1884,1872,-350,-96
0.5869,1884,1872,-350,-96
0.5873,1884,1872,-350,-104
0.5877,1884,1872,-350,-104
0.5881,1884,1872,-350,-104
0.5885,1884,1872,-350,-104
0.5890,1884,1872,-350,-104
0.5894,1884,1872,-350,-112
0.5898,1884,1872,-350,-112
0.5903,1891,1872,-350,-112
0.5910,1891,1872,-350,-112
0.5913,1891,1872,-350,-120
0.5917,1891,1872,-350,-120
0.5921,1891,1872,-350,-120
0.5924,1891,1872,-350,-120
0.5928,1891,1872,-350,-120
0.5932,1891,1872,-350,-120
0.5935,1891,1872,-350,-120
0.5939,1891,1872,-350,-120
0.5943,1891,1872,-350,-128
0.5946,1891,1872,-350,-128
0.5950,1891,1872,-350,-128
0.5954,1891,1872,-350,-128
0.5957,1891,1872,-350,-128
0.5961,1891,1872,-350,-136
0.5965,1891,1872,-350,-136
0.5968,1891,1872,-350,-136
0.5973,1891,1872,-350,-144
0.5976,1891,1872,-350,-144
0.5980,1891,1872,-350,-144
0.5984,1891,1872,-350,-144
0.5987,1891,1872,-350,-144
0.5991,1891,1872,0,-152
0.5995,1891,1872,0,-152
0.5999,1891,1872,0,-152
0.6003,1898,1872,0,-152
0.6009,1898,1872,0,-152
0.6013,1898,1872,0,-160
0.6017,1898,1872,0,-160
0.6021,1898,1873,0,-152
0.6025,1898,1873,0,-152
0.6029,1898,1873,0,-152
0.6033,1898,1873,0,-164
0.6036,1898,1873,0,-164
0.6040,1898,1873,0,-164
0.6044,1898,1873,0,-172
0.6047,1898,1873,0,-172
0.6051,1898,1873,0,-172
0.6054,1898,1873,0,-172
0.6059,1898,1873,0,-172
0.6063,1898,1874,0,-172
0.6066,1898,1874,0,-172
0.6070,1898,1874,0,-180
0.6074,1898,1874,0,-180
0.6077,1898,1874,0,-180
0.6081,1898,1874,0,-180
0.6084,1898,1874,0,-180
0.6088,1898,1874,0,-180
0.6093,1898,1875,0,-180
0.6096,1898,1875,0,-180
0.6100,1898,1875,0,-180
0.6104,1907,1875,0,-180
0.6111,1907,1875,0,-188
0.6114,1907,1875,0,-188
0.6119,1907,1875,0,-188
0.6123,1907,1876,0,-188
0.6126,1907,1876,0,-188
0.6130,1907,1876,0,-188
0.6134,1907,1876,0,-188
0.6138,1907,1876,0,-188
0.6143,1907,1877,0,-188
0.6147,1907,1877,0,-188
0.6151,1907,1877,0,-196
0.6154,1907,1877,0,-196
0.6158,1907,1877,0,-196
0.6163,1907,1877,0,-196
0.6166,1907,1877,0,-196
0.6170,1907,1878,0,-196
0.6174,1907,1878,0,-196
0.6178,1907,1878,0,-196
0.6182,1907,1878,0,-204
0.6186,1907,1878,0,-204
0.6190,1907,1879,350,-196
0.6194,1907,1879,350,-196
0.6199,1907,1879,350,-196
0.6203,1916,1879,350,-204
0.6210,1916,1879,350,-212
0.6213,1916,1879,350,-212
0.6217,1916,1879,350,-212
0.6221,1916,1880,350,-204
0.6225,1916,1880,350,-204
0.6228,1916,1880,350,-204
0.6233,1916,1880,350,-200
0.6236,1916,1880,350,-200
0.6240,1916,1881,350,-200
0.6244,1916,1881,350,-200
0.6248,1916,1881,350,-200
0.6251,1916,1881,350,-208
0.6255,1916,1881,350,-208
0.6259,1916,1882,350,-200
0.6263,1916,1882,350,-200
0.6267,1916,1882,350,-200
0.6270,1916,1883,350,-200
0.6274,1916,1883,350,-200
0.6278,1916,1883,350,-200
0.6281,1916,1883,350,-208
0.6285,1916,1883,350,-208
0.6288,1916,1883,350,-208
0.6293,1916,1884,350,-208
0.6296,1916,1884,350,-208
0.6300,1927,1884,350,-216
0.6307,1927,1884,350,-216
0.6311,1927,1885,350,-208
0.6315,1927,1885,350,-208
0.6318,1927,1885,350,-208
0.6323,1927,1886,350,-208
0.6326,1927,1886,350,-208
0.6330,1927,1886,350,-216
0.6333,1927,1886,350,-216
0.6337,1927,1886,350,-216
0.6341,1927,1887,350,-216
0.6345,1927,1887,350,-216
0.6348,1927,1887,350,-216
0.6353,1927,1887,350,-224
0.6356,1927,1887,350,-224
0.6360,1927,1888,350,-224
0.6364,1927,1888,350,-224
0.6367,1927,1888,350,-224
0.6371,1927,1888,350,-224
0.6375,1927,1888,350,-224
0.6378,1927,1888,350,-224
0.6383,1927,1889,350,-224
0.6386,1927,1889,350,-224
0.6390,1927,1890,550,-224
0.6393,1927,1890,550,-224
0.6397,1927,1890,550,-224
0.6401,1938,1890,550,-232
0.6407,1938,1890,550,-232
0.6411,1938,1891,550,-232
0.6415,1938,1891,550,-232
0.6419,1938,1892,550,-224
0.6423,1938,1892,550,-224
0.6426,1938,1892,550,-224
0.6430,1938,1892,550,-224
0.6434,1938,1892,550,-224
0.6437,1938,1892,550,-224
0.6441,1938,1893,550,-224
0.6444,1938,1893,550,-224
0.6448,1938,1893,550,-232
0.6453,1938,1893,550,-232
0.6456,1938,1893,550,-232
0.6460,1938,1894,550,-232
0.6463,1938,1894,550,-232
0.6467,1938,1894,550,-232
0.6471,1938,1895,550,-232
0.6474,1938,1895,550,-232
0.6478,1938,1895,550,-240
0.6483,1938,1895,550,-240
0.6487,1938,1895,550,-240
0.6491,1938,1896,550,-240
0.6494,1938,1896,550,-240
0.6498,1938,1897,550,-240
0.6502,1951,1897,550,-240
0.6509,1951,1898,550,-240
0.6513,1951,1898,550,-240
0.6517,1951,1898,550,-240
0.6520,1951,1898,550,-248
0.6524,1951,1898,550,-248
0.6527,1951,1898,550,-248
0.6531,1951,1899,550,-240
0.6535,1951,1899,550,-240
0.6538,1951,1900,550,-240
0.6543,1951,1900,550,-240
0.6546,1951,1900,550,-240
0.6550,1951,1900,550,-248
0.6554,1951,1900,550,-248
0.6557,1951,1900,550,-248
0.6561,1951,1901,550,-248
0.6565,1951,1901,550,-248
0.6569,1951,1902,550,-248
0.6573,1951,1902,550,-248
0.6576,1951,1902,550,-248
0.6580,1951,1902,550,-256
0.6583,1951,1902,550,-256
0.6587,1951,1902,550,-256
0.6591,1951,1903,650,-256
0.6594,1951,1903,650,-256
0.6598,1951,1904,650,-256
0.6603,1964,1904,650,-256
0.6610,1964,1905,650,-256
0.6614,1964,1905,650,-256
0.6617,1964,1905,650,-264
0.6621,1964,1905,650,-264
0.6625,1964,1905,650,-264
0.6629,1964,1906,650,-268
0.6633,1964,1906,650,-268
0.6637,1964,1906,650,-268
0.6641,1964,1907,650,-268
0.6645,1964,1907,650,-268
0.6649,1964,1907,650,-276
0.6653,1964,1907,650,-276
0.6657,1964,1907,650,-276
0.6661,1964,1908,650,-284
0.6665,1964,1908,650,-284
0.6670,1964,1909,650,-284
0.6674,1964,1909,650,-284
0.6678,1964,1910,650,-284
0.6682,1964,1910,650,-284
0.6686,1964,1910,650,-284
0.6690,1964,1911,650,-284
0.6694,1964,1911,650,-284
0.6698,1964,1912,650,-284
0.6702,1977,1912,650,-284
0.6710,1977,1913,650,-284
0.6713,1977,1913,650,-284
0.6718,1977,1913,650,-292
0.6722,1977,1913,650,-292
0.6726,1977,1913,650,-292
0.6730,1977,1914,650,-292
0.6734,1977,1914,650,-292
0.6738,1977,1915,650,-292
0.6742,1977,1915,650,-292
0.6746,1977,1915,650,-292
0.6750,1977,1916,650,-292
0.6754,1977,1916,650,-292
0.6758,1977,1917,650,-292
0.6763,1977,1917,650,-292
0.6767,1977,1917,650,-308
0.6771,1977,1917,650,-308
0.6775,1977,1917,650,-308
0.6779,1977,1918,650,-308
0.6783,1977,1918,650,-308
0.6787,1977,1919,800,-308
0.6791,1977,1919,800,-308
0.6795,1977,1919,800,-308
0.6799,1977,1920,800,-308
0.6803,1992,1921,800,-308
0.6810,1992,1921,800,-308
0.6814,1992,1921,800,-308
0.6818,1992,1922,800,-308
0.6823,1992,1922,800,-308
0.6827,1992,1923,800,-308
0.6830,1992,1923,800,-308
0.6834,1992,1923,800,-308
0.6838,1992,1924,800,-308
0.6841,1992,1924,800,-308
0.6845,1992,1924,800,-308
0.6849,1992,1924,800,-316
0.6853,1992,1924,800,-316
0.6856,1992,1925,800,-324
0.6860,1992,1925,800,-324
0.6864,1992,1925,800,-324
0.6867,1992,1926,800,-324
0.6871,1992,1926,800,-324
0.6875,1992,1926,800,-324
0.6878,1992,1927,800,-324
0.6883,1992,1927,800,-324
0.6886,1992,1928,800,-324
0.6890,1992,1928,800,-324
0.6894,1992,1928,800,-324
0.6897,1992,1929,800,-332
0.6901,2006,1929,800,-332
0.6908,2006,1930,800,-332
0.6911,2006,1930,800,-332
0.6915,2006,1930,800,-332
0.6919,2006,1931,800,-332
0.6923,2006,1931,800,-332
0.6926,2006,1932,800,-332
0.6930,2006,1932,800,-332
0.6934,2006,1932,800,-332
0.6937,2006,1933,800,-332
0.6941,2006,1933,800,-332
0.6945,2006,1933,800,-332
0.6948,2006,1934,800,-340
0.6953,2006,1934,800,-340
0.6956,2006,1935,800,-340
0.6960,2006,1935,800,-340
0.6963,2006,1935,800,-340
0.6967,2006,1936,800,-340
0.6971,2006,1936,800,-340
0.6975,2006,1936,800,-340
0.6978,2006,1937,800,-340
0.6983,2006,1937,800,-340
0.6987,2006,1938,950,-348
0.6990,2006,1938,950,-348
0.6994,2006,1938,950,-348
0.6998,2006,1939,950,-348
0.7002,2021,1939,950,-348
0.7009,2021,1941,950,-340
0.7013,2021,1941,950,-340
0.7016,2021,1942,950,-340
0.7020,2021,1942,950,-340
0.7024,2021,1942,950,-340
0.7027,2021,1943,950,-336
0.7031,2021,1943,950,-336
0.7035,2021,1943,950,-336
0.7039,2021,1944,950,-344
0.7043,2021,1944,950,-344
0.7046,2021,1945,950,-344
0.7050,2021,1945,950,-344
0.7054,2021,1945,950,-344
0.7057,2021,1946,950,-344
0.7061,2021,1946,950,-344
0.7065,2021,1946,950,-344
0.7068,2021,1947,950,-352
0.7073,2021,1947,950,-352
0.7076,2021,1948,950,-352
0.7080,2021,1948,950,-352
0.7084,2021,1948,950,-352
0.7088,2021,1949,950,-352
0.7091,2021,1949,950,-352
0.7096,2021,1950,950,-352
0.7099,2021,1950,950,-352
0.7103,2036,1951,950,-360
0.7110,2036,1951,950,-360
0.7114,2036,1951,950,-360
0.7118,2036,1952,950,-360
0.7123,2036,1952,950,-360
0.7128,2036,1953,950,-360
0.7132,2036,1953,950,-360
0.7137,2036,1955,950,-352
0.7141,2036,1955,950,-352
0.7145,2036,1955,950,-352
0.7149,2036,1956,950,-360
0.7153,2036,1956,950,-360
0.7157,2036,1957,950,-360
0.7161,2036,1957,950,-360
0.7165,2036,1958,950,-360
0.7169,2036,1958,950,-360
0.7173,2036,1958,950,-360
0.7177,2036,1959,950,-368
0.7181,2036,1959,950,-368
0.7185,2036,1961,1150,-360
0.7189,2036,1961,1150,-360
0.7193,2036,1961,1150,-360
0.7197,2036,1962,1150,-360
0.7201,2051,1963,1150,-368
0.7209,2051,1963,1150,-368
0.7213,2051,1963,1150,-368
0.7217,2051,1964,1150,-368
0.7221,2051,1964,1150,-368
0.7225,2051,1965,1150,-368
0.7230,2051,1965,1150,-368
0.7234,2051,1965,1150,-368
0.7238,2051,1966,1150,-376
0.7243,2051,1966,1150,-376
0.7247,2051,1968,1150,-368
0.7251,2051,1968,1150,-368
0.7255,2051,1969,1150,-368
0.7259,2051,1969,1150,-368
0.7263,2051,1969,1150,-368
0.7267,2051,1970,1150,-376
0.7271,2051,1970,1150,-376
0.7274,2051,1971,1150,-376
0.7279,2051,1971,1150,-376
0.7283,2051,1971,1150,-376
0.7287,2051,1972,1150,-384
0.7291,2051,1972,1150,-384
0.7295,2051,1973,1150,-384
0.7300,2066,1973,1150,-384
0.7308,2066,1974,1150,-384
0.7312,2066,1974,1150,-384
0.7316,2066,1976,1150,-384
0.7319,2066,1976,1150,-384
0.7323,2066,1976,1150,-384
0.7327,2066,1977,1150,-384
0.7331,2066,1977,1150,-384
0.7334,2066,1978,1150,-384
0.7338,2066,1978,1150,-384
0.7341,2066,1978,1150,-384
0.7345,2066,1979,1150,-392
0.7349,2066,1979,1150,-392
0.7353,2066,1979,1150,-392
0.7356,2066,1981,1150,-384
0.7360,2066,1981,1150,-384
0.7363,2066,1981,1150,-384
0.7367,2066,1982,1150,-392
0.7370,2066,1982,1150,-392
0.7374,2066,1983,1150,-392
0.7378,2066,1983,1150,-392
0.7382,2066,1983,1150,-392
0.7385,2066,1984,1150,-392
0.7389,2066,1984,1150,-392
0.7393,2066,1984,1150,-392
0.7396,2066,1986,1150,-392
0.7400,2066,1986,1150,-392
0.7404,2081,1987,1150,-392
0.7410,2081,1987,1150,-392
0.7414,2081,1988,1150,-392
0.7418,2081,1988,1150,-392
0.7421,2081,1988,1150,-392
0.7425,2081,1990,1150,-388
0.7429,2081,1990,1150,-388
0.7433,2081,1990,1150,-388
0.7436,2081,1991,1150,-388
0.7440,2081,1991,1150,-388
0.7443,2081,1991,1150,-388
0.7447,2081,1992,1150,-396
0.7450,2081,1992,1150,-396
0.7454,2081,1993,1150,-396
0.7458,2081,1993,1150,-396
0.7461,2081,1993,1150,-396
0.7465,2081,1995,1150,-388
0.7469,2081,1995,1150,-388
0.7473,2081,1995,1150,-388
0.7476,2081,1996,1150,-396
0.7480,2081,1996,1150,-396
0.7483,2081,1997,1150,-396
0.7487,2081,1997,1150,-396
0.7491,2081,1997,1150,-396
0.7494,2081,1998,1150,-404
0.7498,2081,1998,1150,-404
0.7501,2095,2000,1150,-396
0.7508,2095,2000,1150,-396
0.7513,2095,2000,1150,-396
0.7516,2095,2001,1150,-396
0.7520,2095,2001,1150,-396
0.7523,2095,2002,1150,-404
0.7527,2095,2002,1150,-404
0.7531,2095,2002,1150,-404
0.7535,2095,2004,1150,-396
0.7538,2095,2004,1150,-396
0.7543,2095,2004,1150,-396
0.7546,2095,2005,1150,-396
0.7550,2095,2005,1150,-396
0.7554,2095,2006,1150,-404
0.7557,2095,2006,1150,-404
0.7561,2095,2006,1150,-404
0.7565,2095,2008,1150,-396
0.7569,2095,2008,1150,-396
0.7573,2095,2008,1150,-396
0.7576,2095,2009,1150,-404
0.7580,2095,2009,1150,-404
0.7584,2095,2011,1350,-396
0.7587,2095,2011,1350,-396
0.7591,2095,2011,1350,-396
0.7594,2095,2012,1350,-404
0.7598,2095,2012,1350,-404
0.7603,2109,2013,1350,-404
0.7610,2109,2013,1350,-404
0.7614,2109,2014,1350,-404
0.7617,2109,2014,1350,-404
0.7621,2109,2014,1350,-404
0.7626,2109,2016,1350,-400
0.7629,2109,2016,1350,-400
0.7633,2109,2017,1350,-400
0.7637,2109,2017,1350,-400
0.7641,2109,2017,1350,-400
0.7645,2109,2019,1350,-400
0.7648,2109,2019,1350,-400
0.7653,2109,2020,1350,-400
0.7656,2109,2020,1350,-400
0.7661,2109,2020,1350,-400
0.7664,2109,2021,1350,-408
0.7668,2109,2021,1350,-408
0.7672,2109,2021,1350,-408
0.7675,2109,2022,1350,-408
0.7679,2109,2022,1350,-408
0.7683,2109,2024,1350,-400
0.7686,2109,2024,1350,-400
0.7690,2109,2024,1350,-400
0.7694,2109,2025,1350,-408
0.7698,2109,2025,1350,-408
0.7701,2123,2027,1350,-400
0.7708,2123,2027,1350,-400
0.7713,2123,2028,1350,-400
0.7716,2123,2028,1350,-400
0.7720,2123,2028,1350,-400
0.7724,2123,2030,1350,-400
0.7727,2123,2030,1350,-400
0.7731,2123,2031,1350,-400
0.7736,2123,2031,1350,-400
0.7740,2123,2031,1350,-400
0.7743,2123,2032,1350,-408
0.7747,2123,2032,1350,-408
0.7751,2123,2032,1350,-408
0.7754,2123,2034,1350,-400
0.7758,2123,2034,1350,-400
0.7762,2123,2034,1350,-400
0.7765,2123,2035,1350,-400
0.7769,2123,2035,1350,-400
0.7773,2123,2037,1350,-400
0.7776,2123,2037,1350,-400
0.7780,2123,2037,1350,-400
0.7783,2123,2038,1350,-400
0.7787,2123,2038,1350,-400
0.7790,2123,2038,1350,-400
0.7794,2123,2039,1350,-408
0.7798,2123,2039,1350,-408
0.7801,2135,2041,1350,-400
0.7808,2135,2041,1350,-400
0.7813,2135,2042,1350,-400
0.7816,2135,2042,1350,-400
0.7820,2135,2042,1350,-400
0.7823,2135,2043,1350,-404
0.7827,2135,2043,1350,-404
0.7831,2135,2043,1350,-404
0.7835,2135,2045,1350,-396
0.7838,2135,2045,1350,-396
0.7843,2135,2046,1350,-404
0.7847,2135,2046,1350,-404
0.7850,2135,2046,1350,-404
0.7855,2135,2048,1350,-396
0.7858,2135,2048,1350,-396
0.7863,2135,2049,1350,-404
0.7867,2135,2049,1350,-404
0.7870,2135,2049,1350,-404
0.7874,2135,2051,1350,-396
0.7878,2135,2051,1350,-396
0.7881,2135,2052,1350,-396
0.7885,2135,2052,1350,-396
0.7889,2135,2052,1350,-396
0.7893,2135,2054,1350,-396
0.7896,2135,2054,1350,-396
0.7900,2135,2054,1350,-396
0.7904,2148,2055,1350,-396
0.7911,2148,2055,1350,-396
0.7914,2148,2057,1350,-388
0.7918,2148,2057,1350,-388
0.7922,2148,2058,1350,-396
0.7926,2148,2058,1350,-396
0.7930,2148,2058,1350,-396
0.7933,2148,2060,1350,-388
0.7937,2148,2060,1350,-388
0.7941,2148,2061,1350,-396
0.7945,2148,2061,1350,-396
0.7949,2148,2061,1350,-396
0.7953,2148,2063,1350,-388
0.7956,2148,2063,1350,-388
0.7960,2148,2063,1350,-388
0.7964,2148,2064,1350,-388
0.7967,2148,2064,1350,-388
0.7971,2148,2065,1350,-396
0.7974,2148,2065,1350,-396
0.7978,2148,2065,1350,-396
0.7983,2148,2067,1450,-388
0.7986,2148,2067,1450,-388
0.7990,2148,2067,1450,-388
0.7994,2148,2068,1450,-388
0.7998,2148,2068,1450,-388
0.8001,2159,2069,1450,-396
0.8009,2159,2069,1450,-396
0.8013,2159,2071,1450,-388
0.8016,2159,2071,1450,-388
0.8020,2159,2071,1450,-388
0.8024,2159,2072,1450,-376
0.8028,2159,2072,1450,-376
0.8032,2159,2073,1450,-384
0.8035,2159,2073,1450,-384
0.8039,2159,2073,1450,-384
0.8043,2159,2075,1450,-376
0.8046,2159,2075,1450,-376
0.8050,2159,2075,1450,-376
0.8054,2159,2076,1450,-376
0.8057,2159,2076,1450,-376
0.8061,2159,2078,1450,-376
0.8065,2159,2078,1450,-376
0.8069,2159,2078,1450,-376
0.8073,2159,2079,1450,-376
0.8076,2159,2079,1450,-376
0.8080,2159,2079,1450,-376
0.8084,2159,2081,1450,-368
0.8088,2159,2081,1450,-368
0.8092,2159,2082,1450,-376
0.8096,2159,2082,1450,-376
0.8099,2159,2082,1450,-376
0.8103,2170,2084,1450,-368
0.8110,2170,2084,1450,-368
0.8114,2170,2085,1450,-368
0.8117,2170,2085,1450,-368
0.8121,2170,2086,1450,-376
0.8126,2170,2086,1450,-376
0.8130,2170,2086,1450,-376
0.8134,2170,2088,1450,-368
0.8138,2170,2088,1450,-368
0.8141,2170,2089,1450,-368
0.8145,2170,2089,1450,-368
0.8149,2170,2089,1450,-368
0.8153,2170,2091,1450,-368
0.8157,2170,2091,1450,-368
0.8160,2170,2092,1450,-368
0.8164,2170,2092,1450,-368
0.8168,2170,2092,1450,-368
0.8173,2170,2093,1450,-368
0.8177,2170,2093,1450,-368
0.8180,2170,2094,1350,-376
0.8184,2170,2094,1350,-376
0.8188,2170,2094,1350,-376
0.8193,2170,2096,1350,-368
0.8197,2170,2096,1350,-368
0.8200,2179,2097,1350,-368
0.8208,2179,2097,1350,-368
0.8211,2179,2099,1350,-360
0.8215,2179,2099,1350,-360
0.8220,2179,2100,1350,-372
0.8223,2179,2100,1350,-372
0.8227,2179,2100,1350,-372
0.8231,2179,2102,1350,-364
0.8235,2179,2102,1350,-364
0.8239,2179,2102,1350,-364
0.8243,2179,2103,1350,-364
0.8247,2179,2103,1350,-364
0.8251,2179,2104,1350,-364
0.8255,2179,2104,1350,-364
0.8258,2179,2104,1350,-364
0.8263,2179,2106,1350,-364
0.8267,2179,2106,1350,-364
0.8270,2179,2107,1350,-364
0.8274,2179,2107,1350,-364
0.8278,2179,2107,1350,-364
0.8283,2179,2108,1350,-364
0.8286,2179,2108,1350,-364
0.8290,2179,2110,1350,-356
0.8294,2179,2110,1350,-356
0.8298,2179,2110,1350,-356
0.8303,2187,2111,1350,-356
0.8311,2187,2112,1350,-356
0.8314,2187,2112,1350,-356
0.8319,2187,2112,1350,-356
0.8323,2187,2114,1350,-348
0.8327,2187,2114,1350,-348
0.8330,2187,2115,1350,-356
0.8334,2187,2115,1350,-356
0.8338,2187,2115,1350,-356
0.8343,2187,2116,1350,-356
0.8347,2187,2116,1350,-356
0.8350,2187,2117,1350,-356
0.8354,2187,2117,1350,-356
0.8358,2187,2117,1350,-356
0.8362,2187,2119,1350,-348
0.8365,2187,2119,1350,-348
0.8369,2187,2119,1350,-348
0.8373,2187,2120,1350,-348
0.8376,2187,2120,1350,-348
0.8380,2187,2121,1350,-356
0.8384,2187,2121,1350,-356
0.8388,2187,2121,1350,-356
0.8391,2187,2123,1350,-348
0.8395,2187,2123,1350,-348
0.8399,2187,2123,1350,-348
0.8403,2195,2124,1350,-348
0.8409,2195,2126,1350,-340
0.8413,2195,2126,1350,-340
0.8417,2195,2126,1350,-340
0.8421,2195,2127,1350,-328
0.8424,2195,2127,1350,-328
0.8428,2195,2127,1350,-328
0.8433,2195,2128,1350,-328
0.8436,2195,2128,1350,-328
0.8440,2195,2130,1350,-320
0.8444,2195,2130,1350,-320
0.8448,2195,2130,1350,-320
0.8451,2195,2131,1350,-320
0.8455,2195,2131,1350,-320
0.8459,2195,2132,1350,-320
0.8463,2195,2132,1350,-320
0.8467,2195,2132,1350,-320
0.8470,2195,2134,1350,-312
0.8474,2195,2134,1350,-312
0.8477,2195,2134,1350,-312
0.8481,2195,2135,1350,-312
0.8484,2195,2135,1350,-312
0.8488,2195,2135,1350,-312
0.8492,2195,2136,1350,-312
0.8495,2195,2136,1350,-312
0.8499,2195,2137,1350,-312
0.8502,2201,2137,1350,-312
0.8509,2201,2138,1350,-312
0.8513,2201,2138,1350,-312
0.8516,2201,2138,1350,-312
0.8520,2201,2140,1350,-304
0.8523,2201,2140,1350,-304
0.8527,2201,2140,1350,-304
0.8531,2201,2141,1350,-304
0.8534,2201,2141,1350,-304
0.8538,2201,2141,1350,-304
0.8541,2201,2143,1350,-296
0.8545,2201,2143,1350,-296
0.8549,2201,2144,1350,-296
0.8553,2201,2144,1350,-296
0.8556,2201,2144,1350,-296
0.8560,2201,2145,1350,-296
0.8563,2201,2145,1350,-296
0.8567,2201,2145,1350,-296
0.8571,2201,2147,1350,-288
0.8574,2201,2147,1350,-288
0.8578,2201,2148,1350,-288
0.8582,2201,2148,1350,-288
0.8586,2201,2148,1350,-288
0.8590,2201,2149,1350,-288
0.8593,2201,2149,1350,-288
0.8597,2201,2149,1350,-288
0.8601,2206,2150,1350,-288
0.8607,2206,2150,1350,-288
0.8611,2206,2151,1350,-288
0.8615,2206,2151,1350,-288
0.8618,2206,2153,1350,-272
0.8623,2206,2153,1350,-272
0.8626,2206,2153,1350,-272
0.8630,2206,2154,1350,-272
0.8634,2206,2154,1350,-272
0.8637,2206,2154,1350,-272
0.8641,2206,2155,1350,-272
0.8645,2206,2155,1350,-272
0.8649,2206,2157,1350,-256
0.8653,2206,2157,1350,-256
0.8656,2206,2157,1350,-256
0.8660,2206,2158,1350,-256
0.8664,2206,2158,1350,-256
0.8667,2206,2159,1350,-256
0.8671,2206,2159,1350,-256
0.8675,2206,2159,1350,-256
0.8679,2206,2160,1350,-256
0.8683,2206,2160,1350,-256
0.8686,2206,2160,1350,-256
0.8690,2206,2161,1350,-256
0.8694,2206,2161,1350,-256
0.8697,2206,2161,1350,-256
0.8701,2209,2162,1350,-256
0.8708,2209,2163,1350,-248
0.8711,2209,2163,1350,-248
0.8715,2209,2163,1350,-248
0.8719,2209,2164,1350,-248
0.8723,2209,2164,1350,-248
0.8726,2209,2164,1350,-248
0.8731,2209,2165,1350,-248
0.8735,2209,2165,1350,-248
0.8738,2209,2166,1350,-248
0.8743,2209,2166,1350,-248
0.8746,2209,2166,1350,-248
0.8750,2209,2167,1350,-240
0.8753,2209,2167,1350,-240
0.8757,2209,2169,1350,-232
0.8761,2209,2169,1350,-232
0.8764,2209,2169,1350,-232
0.8768,2209,2170,1350,-232
0.8772,2209,2170,1350,-232
0.8775,2209,2170,1350,-232
0.8779,2209,2171,1150,-224
0.8783,2209,2171,1150,-224
0.8786,2209,2171,1150,-224
0.8790,2209,2172,1150,-224
0.8793,2209,2172,1150,-224
0.8797,2209,2173,1150,-224
0.8801,2212,2173,1150,-224
0.8807,2212,2174,1150,-216
0.8811,2212,2174,1150,-216
0.8815,2212,2174,1150,-216
0.8818,2212,2175,1150,-212
0.8822,2212,2175,1150,-212
0.8825,2212,2175,1150,-212
0.8829,2212,2176,1150,-212
0.8832,2212,2176,1150,-212
0.8836,2212,2176,1150,-212
0.8840,2212,2177,1150,-204
0.8843,2212,2177,1150,-204
0.8847,2212,2178,1150,-204
0.8851,2212,2178,1150,-204
0.8854,2212,2178,1150,-204
0.8858,2212,2180,1150,-188
0.8862,2212,2180,1150,-188
0.8865,2212,2180,1150,-188
0.8869,2212,2181,1150,-188
0.8873,2212,2181,1150,-188
0.8876,2212,2181,1150,-188
0.8880,2212,2182,1150,-180
0.8884,2212,2182,1150,-180
0.8887,2212,2182,1150,-188
0.8891,2212,2182,1150,-188
0.8895,2212,2182,1150,-188
0.8899,2212,2183,1150,-180
0.8903,2213,2183,1150,-180
0.8910,2213,2184,1150,-180
0.8914,2213,2184,1150,-180
0.8918,2213,2185,1150,-172
0.8921,2213,2185,1150,-172
0.8925,2213,2185,1150,-172
0.8929,2213,2186,1150,-172
0.8933,2213,2186,1150,-172
0.8937,2213,2187,1150,-164
0.8941,2213,2187,1150,-164
0.8945,2213,2187,1150,-164
0.8948,2213,2188,1150,-156
0.8953,2213,2188,1150,-156
0.8957,2213,2189,1150,-156
0.8961,2213,2189,1150,-156
0.8964,2213,2189,1150,-156
0.8968,2213,2189,1150,-156
0.8973,2213,2189,1150,-156
0.8977,2213,2190,950,-148
0.8980,2213,2190,950,-148
0.8984,2213,2190,950,-148
0.8988,2213,2191,950,-148
0.8993,2213,2191,950,-148
0.8997,2213,2192,950,-140
0.9000,2212,2192,950,-140
0.9008,2212,2193,950,-132
0.9012,2212,2193,950,-132
0.9016,2212,2193,950,-132
0.9019,2212,2194,950,-108
0.9024,2212,2194,950,-108
0.9027,2212,2195,950,-108
0.9031,2212,2195,950,-108
0.9035,2212,2195,950,-108
0.9040,2212,2196,950,-100
0.9043,2212,2196,950,-100
0.9047,2212,2196,950,-100
0.9051,2212,2196,950,-100
0.9055,2212,2196,950,-100
0.9059,2212,2197,950,-92
0.9063,2212,2197,950,-92
0.9067,2212,2198,950,-84
0.9071,2212,2198,950,-84
0.9075,2212,2198,950,-84
0.9079,2212,2199,950,-76
0.9083,2212,2199,950,-76
0.9087,2212,2199,950,-76
0.9091,2212,2199,950,-76
0.9095,2212,2200,950,-68
0.9100,2212,2200,950,-68
0.9104,2211,2201,950,-60
0.9111,2211,2201,950,-60
0.9116,2211,2202,950,-52
0.9120,2211,2202,950,-52
0.9124,2211,2202,950,-52
0.9127,2211,2202,950,-52
0.9131,2211,2202,950,-52
0.9135,2211,2203,950,-36
0.9140,2211,2203,950,-36
0.9144,2211,2203,950,-36
0.9148,2211,2204,950,-28
0.9152,2211,2204,950,-28
0.9156,2211,2204,950,-28
0.9160,2211,2204,950,-28
0.9164,2211,2204,950,-28
0.9168,2211,2205,950,-20
0.9173,2211,2205,950,-20
0.9177,2211,2205,750,20
0.9181,2211,2205,750,20
0.9185,2211,2206,750,28
0.9190,2211,2206,750,28
0.9194,2211,2206,750,28
0.9198,2211,2206,750,28
0.9202,2208,2207,750,36
0.9209,2208,2207,750,36
0.9214,2208,2207,750,36
0.9217,2208,2207,750,60
0.9221,2208,2207,750,60
0.9225,2208,2207,750,60
0.9228,2208,2207,750,60
0.9233,2208,2207,750,60
0.9236,2208,2208,750,68
0.9240,2208,2208,750,68
0.9244,2208,2208,750,68
0.9248,2208,2208,750,68
0.9252,2208,2208,750,68
0.9255,2208,2209,750,76
0.9259,2208,2209,750,76
0.9263,2208,2209,750,76
0.9266,2208,2209,750,76
0.9270,2208,2209,750,76
0.9274,2208,2209,750,76
0.9278,2208,2210,750,76
0.9282,2208,2210,750,76
0.9285,2208,2210,750,84
0.9289,2208,2210,750,84
0.9293,2208,2210,750,84
0.9296,2208,2210,750,84
0.9300,2208,2210,750,84
0.9304,2203,2210,750,84
0.9310,2203,2210,750,84
0.9314,2203,2210,750,84
0.9318,2203,2210,750,84
0.9321,2203,2210,750,84
0.9325,2203,2211,750,92
0.9329,2203,2211,750,92
0.9333,2203,2211,750,92
0.9336,2203,2211,750,100
0.9340,2203,2211,750,100
0.9344,2203,2211,750,100
0.9348,2203,2211,750,100
0.9352,2203,2211,750,100
0.9355,2203,2211,750,100
0.9359,2203,2211,750,100
0.9363,2203,2211,750,100
0.9366,2203,2211,750,108
0.9370,2203,2211,750,108
0.9374,2203,2211,750,108
0.9377,2203,2211,300,108
0.9381,2203,2211,300,108
0.9385,2203,2211,300,108
0.9388,2203,2211,300,108
0.9393,2203,2211,300,108
0.9397,2203,2211,300,116
0.9401,2198,2211,300,116
0.9407,2198,2211,300,116
0.9411,2198,2211,300,116
0.9415,2198,2211,300,96
0.9418,2198,2211,300,96
0.9423,2198,2211,300,96
0.9426,2198,2211,300,96
0.9430,2198,2211,300,96
0.9433,2198,2211,300,96
0.9437,2198,2211,300,96
0.9441,2198,2211,300,96
0.9444,2198,2211,300,104
0.9448,2198,2211,300,104
0.9452,2198,2211,300,104
0.9455,2198,2211,300,104
0.9459,2198,2211,300,104
0.9463,2198,2211,300,104
0.9466,2198,2211,300,112
0.9470,2198,2211,300,112
0.9473,2198,2211,300,112
0.9477,2198,2211,300,112
0.9481,2198,2211,300,112
0.9484,2198,2211,300,120
0.9488,2198,2211,300,120
0.9493,2198,2211,300,120
0.9497,2198,2211,300,120
0.9500,2192,2211,300,128
0.9507,2192,2211,300,128
0.9511,2192,2211,300,128
0.9515,2192,2211,300,128
0.9519,2192,2211,300,128
0.9523,2192,2211,300,128
0.9527,2192,2211,300,136
0.9530,2192,2211,300,136
0.9534,2192,2211,300,136
0.9538,2192,2211,300,136
0.9543,2192,2211,300,136
0.9547,2192,2211,300,144
0.9550,2192,2211,300,144
0.9554,2192,2211,300,144
0.9558,2192,2211,300,144
0.9562,2192,2211,300,144
0.9565,2192,2211,300,152
0.9569,2192,2211,300,152
0.9573,2192,2211,0,152
0.9577,2192,2211,0,152
0.9581,2192,2211,0,152
0.9585,2192,2211,0,160
0.9589,2192,2211,0,160
0.9593,2192,2211,0,160
0.9597,2192,2211,0,160
0.9601,2184,2211,0,168
0.9608,2184,2211,0,168
0.9612,2184,2211,0,168
0.9615,2184,2211,0,172
0.9619,2184,2211,0,172
0.9623,2184,2211,0,172
0.9627,2184,2210,0,172
0.9630,2184,2210,0,172
0.9634,2184,2210,0,172
0.9638,2184,2210,0,172
0.9642,2184,2210,0,172
0.9645,2184,2210,0,180
0.9649,2184,2210,0,180
0.9653,2184,2209,0,180
0.9656,2184,2209,0,180
0.9660,2184,2209,0,180
0.9664,2184,2209,0,180
0.9667,2184,2209,0,180
0.9671,2184,2209,0,180
0.9675,2184,2209,0,188
0.9679,2184,2209,0,188
0.9683,2184,2208,0,188
0.9686,2184,2208,0,188
0.9690,2184,2208,0,188
0.9694,2184,2208,0,188
0.9697,2184,2208,0,188
0.9701,2175,2207,0,188
0.9708,2175,2207,0,188
0.9713,2175,2207,0,188
0.9716,2175,2207,0,188
0.9720,2175,2207,0,188
0.9724,2175,2206,0,188
0.9727,2175,2206,0,188
0.9731,2175,2206,0,188
0.9735,2175,2206,0,196
0.9738,2175,2206,0,196
0.9743,2175,2206,0,196
0.9746,2175,2206,0,196
0.9750,2175,2206,0,196
0.9754,2175,2205,0,196
0.9758,2175,2205,0,196
0.9761,2175,2205,0,196
0.9767,2175,2205,0,204
0.9770,2175,2205,0,204
0.9774,2175,2204,-350,196
0.9779,2175,2204,-350,196
0.9783,2175,2204,-350,204
0.9786,2175,2204,-350,204
0.9790,2175,2204,-350,204
0.9794,2175,2203,-350,204
0.9798,2175,2203,-350,204
0.9803,2165,2203,-350,204
0.9810,2165,2203,-350,204
0.9814,2165,2202,-350,184
0.9817,2165,2202,-350,184
0.9821,2165,2202,-350,184
0.9825,2165,2202,-350,192
0.9828,2165,2202,-350,192
0.9832,2165,2201,-350,192
0.9836,2165,2201,-350,192
0.9840,2165,2201,-350,192
0.9843,2165,2201,-350,192
0.9847,2165,2201,-350,192
0.9850,2165,2201,-350,192
0.9854,2165,2200,-350,192
0.9858,2165,2200,-350,192
0.9861,2165,2200,-350,192
0.9865,2165,2200,-350,200
0.9869,2165,2200,-350,200
0.9873,2165,2199,-350,200
0.9878,2165,2199,-350,200
0.9882,2165,2199,-350,200
0.9885,2165,2198,-350,200
0.9889,2165,2198,-350,200
0.9893,2165,2198,-350,200
0.9897,2165,2198,-350,200
0.9901,2154,2197,-350,200
0.9908,2154,2197,-350,200
0.9911,2154,2197,-350,200
0.9915,2154,2197,-350,208
0.9919,2154,2197,-350,208
0.9923,2154,2196,-350,208
0.9927,2154,2196,-350,208
0.9930,2154,2196,-350,208
0.9934,2154,2196,-350,216
0.9938,2154,2196,-350,216
0.9943,2154,2195,-350,208
0.9946,2154,2195,-350,208
0.9950,2154,2195,-350,208
0.9954,2154,2195,-350,216
0.9957,2154,2195,-350,216
0.9961,2154,2194,-350,216
0.9965,2154,2194,-350,216
0.9969,2154,2194,-350,216
0.9973,2154,2193,-550,216
0.9976,2154,2193,-550,216
0.9980,2154,2193,-550,216
0.9983,2154,2193,-550,224
0.9987,2154,2193,-550,224
0.9991,2154,2193,-550,224
0.9995,2154,2192,-550,224
0.9998,2154,2192,-550,224
1.0003,2142,2191,-550,224
1.0009,2142,2191,-550,224
1.0013,2142,2191,-550,240
1.0017,2142,2191,-550,240
1.0020,2142,2191,-550,240
1.0024,2142,2190,-550,240
1.0028,2142,2190,-550,240
1.0031,2142,2190,-550,248
1.0035,2142,2190,-550,248
1.0039,2142,2190,-550,248
1.0043,2142,2189,-550,248
1.0046,2142,2189,-550,248
1.0050,2142,2189,-550,248
1.0053,2142,2188,-550,248
1.0057,2142,2188,-550,248
1.0061,2142,2188,-550,248
1.0064,2142,2188,-550,256
1.0068,2142,2188,-550,256
1.0071,2142,2187,-550,256
1.0075,2142,2187,-550,256
1.0079,2142,2187,-550,256
1.0083,2142,2186,-550,248
1.0086,2142,2186,-550,248
1.0090,2142,2186,-550,248
1.0093,2142,2185,-550,248
1.0097,2142,2185,-550,248
1.0100,2130,2185,-550,256
1.0107,2130,2185,-550,256
1.0110,2130,2185,-550,256
1.0114,2130,2184,-550,256
1.0118,2130,2184,-550,256
1.0123,2130,2183,-550,256
1.0126,2130,2183,-550,256
1.0130,2130,2183,-550,256
1.0134,2130,2183,-550,264
1.0137,2130,2183,-550,264
1.0141,2130,2182,-550,264
1.0145,2130,2182,-550,264
1.0149,2130,2182,-550,264
1.0153,2130,2181,-550,264
1.0156,2130,2181,-550,264
1.0160,2130,2181,-550,264
1.0164,2130,2180,-550,264
1.0167,2130,2180,-550,264
1.0171,2130,2180,-650,272
1.0174,2130,2180,-650,272
1.0178,2130,2180,-650,272
1.0182,2130,2179,-650,272
1.0185,2130,2179,-650,272
1.0189,2130,2179,-650,272
1.0193,2130,2178,-650,272
1.0196,2130,2178,-650,272
1.0200,2130,2178,-650,272
1.0203,2116,2177,-650,272
1.0210,2116,2177,-650,272
1.0213,2116,2176,-650,264
1.0217,2116,2176,-650,264
1.0221,2116,2176,-650,272
1.0224,2116,2176,-650,272
1.0228,2116,2176,-650,272
1.0231,2116,2175,-650,272
1.0235,2116,2175,-650,272
1.0239,2116,2175,-650,272
1.0243,2116,2174,-650,272
1.0246,2116,2174,-650,272
1.0250,2116,2174,-650,272
1.0253,2116,2173,-650,280
1.0257,2116,2173,-650,280
1.0261,2116,2173,-650,288
1.0264,2116,2173,-650,288
1.0268,2116,2173,-650,288
1.0273,2116,2172,-650,288
1.0276,2116,2172,-650,288
1.0280,2116,2171,-650,288
1.0284,2116,2171,-650,288
1.0287,2116,2171,-650,288
1.0291,2116,2170,-650,288
1.0295,2116,2170,-650,288
1.0298,2116,2170,-650,288
1.0303,2102,2169,-650,288
1.0309,2102,2169,-650,288
1.0313,2102,2168,-650,288
1.0316,2102,2168,-650,288
1.0320,2102,2168,-650,296
1.0324,2102,2168,-650,296
1.0327,2102,2168,-650,296
1.0331,2102,2167,-650,296
1.0334,2102,2167,-650,296
1.0338,2102,2167,-650,296
1.0341,2102,2166,-650,304
1.0345,2102,2166,-650,304
1.0349,2102,2166,-650,304
1.0353,2102,2165,-650,304
1.0356,2102,2165,-650,304
1.0360,2102,2164,-650,304
1.0364,2102,2164,-650,304
1.0367,2102,2164,-650,304
1.0371,2102,2163,-850,304
1.0375,2102,2163,-850,304
1.0379,2102,2163,-850,304
1.0383,2102,2162,-850,304
1.0387,2102,2162,-850,304
1.0390,2102,2161,-850,312
1.0394,2102,2161,-850,312
1.0398,2102,2161,-850,312
1.0402,2088,2161,-850,320
1.0409,2088,2161,-850,320
1.0413,2088,2160,-850,332
1.0416,2088,2160,-850,332
1.0420,2088,2159,-850,332
1.0424,2088,2159,-850,332
1.0427,2088,2159,-850,332
1.0431,2088,2158,-850,332
1.0435,2088,2158,-850,332
1.0439,2088,2157,-850,332
1.0443,2088,2157,-850,332
1.0447,2088,2157,-850,332
1.0450,2088,2156,-850,340
1.0454,2088,2156,-850,340
1.0458,2088,2156,-850,340
1.0462,2088,2155,-850,340
1.0465,2088,2155,-850,340
1.0469,2088,2154,-850,340
1.0473,2088,2154,-850,340
1.0476,2088,2154,-850,340
1.0480,2088,2153,-850,340
1.0484,2088,2153,-850,340
1.0487,2088,2153,-850,340
1.0491,2088,2152,-850,348
1.0494,2088,2152,-850,348
1.0498,2088,2152,-850,348
1.0501,2074,2151,-850,348
1.0508,2074,2151,-850,348
1.0512,2074,2150,-850,348
1.0515,2074,2150,-850,348
1.0519,2074,2149,-850,348
1.0523,2074,2149,-850,348
1.0527,2074,2149,-850,348
1.0531,2074,2148,-850,348
1.0535,2074,2148,-850,348
1.0539,2074,2147,-850,356
1.0543,2074,2147,-850,356
1.0546,2074,2147,-850,356
1.0550,2074,2146,-850,356
1.0554,2074,2146,-850,356
1.0557,2074,2146,-850,356
1.0561,2074,2145,-850,356
1.0565,2074,2145,-850,356
1.0568,2074,2145,-850,356
1.0573,2074,2143,-1000,356
1.0576,2074,2143,-1000,356
1.0580,2074,2142,-1000,356
1.0584,2074,2142,-1000,356
1.0587,2074,2142,-1000,356
1.0591,2074,2142,-1000,364
1.0595,2074,2142,-1000,364
1.0598,2074,2142,-1000,364
1.0603,2059,2140,-1000,356
1.0609,2059,2139,-1000,352
1.0613,2059,2139,-1000,352
1.0616,2059,2139,-1000,352
1.0620,2059,2138,-1000,352
1.0624,2059,2138,-1000,352
1.0627,2059,2138,-1000,352
1.0631,2059,2137,-1000,352
1.0635,2059,2137,-1000,352
1.0638,2059,2136,-1000,352
1.0642,2059,2136,-1000,352
1.0646,2059,2136,-1000,352
1.0650,2059,2134,-1000,352
1.0653,2059,2134,-1000,352
1.0657,2059,2134,-1000,352
1.0660,2059,2133,-1000,352
1.0664,2059,2133,-1000,352
1.0668,2059,2133,-1000,352
1.0671,2059,2132,-1000,352
1.0675,2059,2132,-1000,352
1.0679,2059,2131,-1000,360
1.0683,2059,2131,-1000,360
1.0686,2059,2131,-1000,360
1.0690,2059,2130,-1000,360
1.0694,2059,2130,-1000,360
1.0697,2059,2130,-1000,360
1.0701,2044,2129,-1000,360
1.0708,2044,2127,-1000,352
1.0711,2044,2127,-1000,352
1.0716,2044,2127,-1000,352
1.0720,2044,2126,-1000,360
1.0723,2044,2126,-1000,360
1.0727,2044,2126,-1000,360
1.0731,2044,2125,-1000,360
1.0734,2044,2125,-1000,360
1.0738,2044,2124,-1000,360
1.0742,2044,2124,-1000,360
1.0745,2044,2124,-1000,360
1.0749,2044,2123,-1000,368
1.0753,2044,2123,-1000,368
1.0756,2044,2123,-1000,368
1.0760,2044,2122,-1000,368
1.0763,2044,2122,-1000,368
1.0767,2044,2122,-1000,368
1.0770,2044,2121,-1100,368
1.0774,2044,2121,-1100,368
1.0778,2044,2119,-1100,368
1.0781,2044,2119,-1100,368
1.0785,2044,2119,-1100,368
1.0789,2044,2118,-1100,368
1.0793,2044,2118,-1100,368
1.0797,2044,2118,-1100,368
1.0800,2029,2117,-1100,368
1.0807,2029,2117,-1100,368
1.0811,2029,2116,-1100,360
1.0815,2029,2116,-1100,360
1.0819,2029,2115,-1100,368
1.0823,2029,2115,-1100,368
1.0826,2029,2115,-1100,368
1.0830,2029,2113,-1100,360
1.0834,2029,2113,-1100,360
1.0837,2029,2112,-1100,360
1.0841,2029,2112,-1100,360
1.0845,2029,2112,-1100,360
1.0848,2029,2111,-1100,368
1.0852,2029,2111,-1100,368
1.0856,2029,2111,-1100,368
1.0859,2029,2110,-1100,368
1.0863,2029,2110,-1100,368
1.0866,2029,2110,-1100,368
1.0870,2029,2108,-1100,368
1.0874,2029,2108,-1100,368
1.0877,2029,2107,-1100,368
1.0881,2029,2107,-1100,368
1.0885,2029,2107,-1100,368
1.0889,2029,2106,-1100,368
1.0893,2029,2106,-1100,368
1.0896,2029,2106,-1100,368
1.0900,2029,2105,-1100,376
1.0903,2014,2104,-1100,376
1.0911,2014,2104,-1100,376
1.0914,2014,2104,-1100,376
1.0918,2014,2102,-1100,368
1.0921,2014,2102,-1100,368
1.0925,2014,2102,-1100,368
1.0929,2014,2101,-1100,376
1.0933,2014,2101,-1100,376
1.0936,2014,2101,-1100,376
1.0940,2014,2100,-1100,376
1.0944,2014,2100,-1100,376
1.0947,2014,2099,-1100,376
1.0951,2014,2099,-1100,376
1.0955,2014,2099,-1100,376
1.0959,2014,2097,-1100,376
1.0963,2014,2097,-1100,376
1.0967,2014,2096,-1250,376
1.0971,2014,2096,-1250,376
1.0975,2014,2096,-1250,376
1.0979,2014,2095,-1250,384
1.0983,2014,2095,-1250,384
1.0987,2014,2094,-1250,384
1.0990,2014,2094,-1250,384
1.0995,2014,2094,-1250,384
1.0999,2014,2092,-1250,376
1.1003,1999,2091,-1250,388
1.1011,1999,2091,-1250,388
1.1015,1999,2091,-1250,388
1.1018,1999,2090,-1250,388
1.1023,1999,2090,-1250,388
1.1027,1999,2089,-1250,388
1.1031,1999,2089,-1250,388
1.1035,1999,2089,-1250,388
1.1038,1999,2087,-1250,388
1.1043,1999,2087,-1250,388
1.1047,1999,2086,-1250,388
1.1051,1999,2086,-1250,388
1.1055,1999,2086,-1250,388
1.1059,1999,2085,-1250,388
1.1063,1999,2085,-1250,388
1.1067,1999,2083,-1250,388
1.1071,1999,2083,-1250,388
1.1075,1999,2083,-1250,388
1.1079,1999,2082,-1250,388
1.1083,1999,2082,-1250,388
1.1088,1999,2081,-1250,396
1.1092,1999,2081,-1250,396
1.1096,1999,2079,-1250,388
1.1100,1999,2079,-1250,388
1.1104,1985,2078,-1250,388
1.1112,1985,2078,-1250,388
1.1116,1985,2077,-1250,396
1.1120,1985,2077,-1250,396
1.1124,1985,2077,-1250,396
1.1128,1985,2076,-1250,396
1.1132,1985,2076,-1250,396
1.1137,1985,2074,-1250,396
1.1140,1985,2074,-1250,396
1.1144,1985,2074,-1250,396
1.1148,1985,2073,-1250,396
1.1153,1985,2073,-1250,396
1.1157,1985,2071,-1250,396
1.1161,1985,2071,-1250,396
1.1165,1985,2071,-1250,396
1.1169,1985,2070,-1300,396
1.1173,1985,2070,-1300,396
1.1177,1985,2069,-1300,396
1.1181,1985,2069,-1300,396
1.1185,1985,2069,-1300,396
1.1189,1985,2068,-1300,404
1.1193,1985,2068,-1300,404
1.1197,1985,2066,-1300,396
1.1201,1971,2066,-1300,396
1.1209,1971,2065,-1300,400
1.1213,1971,2065,-1300,400
1.1217,1971,2064,-1300,400
1.1221,1971,2064,-1300,400
1.1225,1971,2062,-1300,392
1.1230,1971,2062,-1300,392
1.1234,1971,2062,-1300,392
1.1238,1971,2061,-1300,400
1.1241,1971,2061,-1300,400
1.1245,1971,2059,-1300,392
1.1250,1971,2059,-1300,392
1.1254,1971,2059,-1300,392
1.1257,1971,2058,-1300,400
1.1261,1971,2058,-1300,400
1.1265,1971,2057,-1300,400
1.1269,1971,2057,-1300,400
1.1273,1971,2057,-1300,400
1.1276,1971,2055,-1300,400
1.1280,1971,2055,-1300,400
1.1284,1971,2055,-1300,400
1.1287,1971,2054,-1300,400
1.1291,1971,2054,-1300,400
1.1294,1971,2054,-1300,400
1.1299,1971,2052,-1300,392
1.1303,1958,2051,-1300,400
1.1309,1958,2051,-1300,400
1.1313,1958,2051,-1300,400
1.1317,1958,2050,-1300,400
1.1320,1958,2050,-1300,400
1.1324,1958,2050,-1300,400
1.1328,1958,2048,-1300,392
1.1331,1958,2048,-1300,392
1.1335,1958,2047,-1300,400
1.1339,1958,2047,-1300,400
1.1343,1958,2047,-1300,400
1.1346,1958,2046,-1300,400
1.1350,1958,2046,-1300,400
1.1354,1958,2046,-1300,400
1.1357,1958,2044,-1300,400
1.1361,1958,2044,-1300,400
1.1365,1958,2043,-1350,400
1.1368,1958,2043,-1350,400
1.1373,1958,2043,-1350,400
1.1376,1958,2041,-1350,392
1.1380,1958,2041,-1350,392
1.1384,1958,2041,-1350,392
1.1388,1958,2040,-1350,400
1.1392,1958,2040,-1350,400
1.1396,1958,2038,-1350,392
1.1400,1958,2038,-1350,392
1.1404,1945,2037,-1350,380
1.1411,1945,2037,-1350,380
1.1415,1945,2035,-1350,380
1.1419,1945,2035,-1350,380
1.1423,1945,2035,-1350,380
1.1427,1945,2034,-1350,380
1.1430,1945,2034,-1350,380
1.1434,1945,2033,-1350,380
1.1438,1945,2033,-1350,380
1.1443,1945,2033,-1350,380
1.1446,1945,2031,-1350,380
1.1450,1945,2031,-1350,380
1.1454,1945,2030,-1350,380
1.1458,1945,2030,-1350,380
1.1463,1945,2030,-1350,380
1.1466,1945,2028,-1350,380
1.1470,1945,2028,-1350,380
1.1474,1945,2028,-1350,380
1.1477,1945,2027,-1350,380
1.1481,1945,2027,-1350,380
1.1485,1945,2026,-1350,380
1.1488,1945,2026,-1350,380
1.1493,1945,2026,-1350,380
1.1496,1945,2024,-1350,380
1.1500,1945,2024,-1350,380
1.1504,1933,2023,-1350,380
1.1511,1933,2023,-1350,380
1.1514,1933,2021,-1350,372
1.1518,1933,2021,-1350,372
1.1522,1933,2021,-1350,372
1.1525,1933,2020,-1350,380
1.1529,1933,2020,-1350,380
1.1533,1933,2020,-1350,380
1.1536,1933,2019,-1350,380
1.1540,1933,2019,-1350,380
1.1543,1933,2019,-1350,380
1.1547,1933,2017,-1350,372
1.1551,1933,2017,-1350,372
1.1554,1933,2016,-1350,380
1.1558,1933,2016,-1350,380
1.1561,1933,2016,-1350,380
1.1565,1933,2014,-1450,372
1.1569,1933,2014,-1450,372
1.1573,1933,2014,-1450,372
1.1577,1933,2013,-1450,380
1.1581,1933,2013,-1450,380
1.1585,1933,2012,-1450,380
1.1589,1933,2012,-1450,380
1.1593,1933,2012,-1450,380
1.1596,1933,2010,-1450,372
1.1600,1922,2009,-1450,384
1.1608,1922,2009,-1450,384
1.1613,1922,2009,-1450,384
1.1617,1922,2008,-1450,384
1.1621,1922,2008,-1450,384
1.1625,1922,2006,-1450,376
1.1629,1922,2006,-1450,376
1.1633,1922,2006,-1450,376
1.1637,1922,2005,-1450,384
1.1641,1922,2005,-1450,384
1.1645,1922,2004,-1450,384
1.1648,1922,2004,-1450,384
1.1653,1922,2004,-1450,384
1.1657,1922,2002,-1450,376
1.1661,1922,2002,-1450,376
1.1665,1922,2001,-1450,384
1.1669,1922,2001,-1450,384
1.1674,1922,2000,-1450,384
1.1678,1922,2000,-1450,384
1.1682,1922,2000,-1450,384
1.1686,1922,1998,-1450,376
1.1690,1922,1998,-1450,376
1.1694,1922,1997,-1450,384
1.1698,1922,1997,-1450,384
1.1702,1912,1995,-1450,376
1.1710,1912,1995,-1450,376
1.1714,1912,1994,-1450,376
1.1718,1912,1994,-1450,376
1.1722,1912,1994,-1450,376
1.1726,1912,1993,-1450,376
1.1730,1912,1993,-1450,376
1.1734,1912,1991,-1450,376
1.1738,1912,1991,-1450,376
1.1743,1912,1990,-1450,376
1.1747,1912,1990,-1450,376
1.1751,1912,1990,-1450,376
1.1755,1912,1989,-1450,376
1.1759,1912,1989,-1450,376
1.1763,1912,1987,-1350,376
1.1767,1912,1987,-1350,376
1.1771,1912,1987,-1350,376
1.1775,1912,1986,-1350,376
1.1780,1912,1986,-1350,376
1.1784,1912,1985,-1350,376
1.1787,1912,1985,-1350,376
1.1791,1912,1985,-1350,376
1.1796,1912,1983,-1350,368
1.1800,1912,1983,-1350,368
1.1804,1902,1982,-1350,372
1.1811,1902,1982,-1350,372
1.1815,1902,1980,-1350,364
1.1820,1902,1980,-1350,364
1.1824,1902,1979,-1350,364
1.1828,1902,1979,-1350,364
1.1833,1902,1978,-1350,364
1.1837,1902,1978,-1350,364
1.1841,1902,1978,-1350,364
1.1845,1902,1977,-1350,372
1.1849,1902,1977,-1350,372
1.1853,1902,1975,-1350,364
1.1857,1902,1975,-1350,364
1.1862,1902,1975,-1350,364
1.1866,1902,1974,-1350,364
1.1870,1902,1974,-1350,364
1.1874,1902,1972,-1350,356
1.1878,1902,1972,-1350,356
1.1882,1902,1971,-1350,364
1.1886,1902,1971,-1350,364
1.1890,1902,1971,-1350,364
1.1894,1902,1970,-1350,364
1.1899,1902,1970,-1350,364
1.1903,1894,1969,-1350,364
1.1910,1894,1969,-1350,364
1.1914,1894,1967,-1350,356
1.1919,1894,1967,-1350,356
1.1923,1894,1966,-1350,356
1.1927,1894,1966,-1350,356
1.1931,1894,1966,-1350,356
1.1935,1894,1965,-1350,356
1.1939,1894,1965,-1350,356
1.1943,1894,1963,-1350,356
1.1947,1894,1963,-1350,356
1.1951,1894,1963,-1350,356
1.1955,1894,1962,-1350,356
1.1959,1894,1962,-1350,356
1.1963,1894,1960,-1350,348
1.1967,1894,1960,-1350,348
1.1971,1894,1960,-1350,348
1.1974,1894,1959,-1350,348
1.1978,1894,1959,-1350,348
1.1982,1894,1958,-1350,348
1.1986,1894,1958,-1350,348
1.1989,1894,1958,-1350,348
1.1993,1894,1957,-1350,348
1.1997,1894,1957,-1350,348
1.2002,1887,1955,-1350,328
1.2008,1887,1955,-1350,328
1.2013,1887,1954,-1350,328
1.2016,1887,1954,-1350,328
1.2020,1887,1954,-1350,328
1.2023,1887,1953,-1350,328
1.2027,1887,1953,-1350,328
1.2030,1887,1953,-1350,328
1.2035,1887,1951,-1350,328
1.2038,1887,1951,-1350,328
1.2042,1887,1950,-1350,328
1.2045,1887,1950,-1350,328
1.2049,1887,1950,-1350,328
1.2053,1887,1948,-1350,320
1.2056,1887,1948,-1350,320
1.2060,1887,1948,-1350,320
1.2064,1887,1947,-1350,320
1.2068,1887,1947,-1350,320
1.2071,1887,1946,-1350,320
1.2075,1887,1946,-1350,320
1.2079,1887,1946,-1350,320
1.2083,1887,1944,-1350,312
1.2086,1887,1944,-1350,312
1.2090,1887,1944,-1350,312
1.2093,1887,1943,-1350,312
1.2097,1887,1943,-1350,312
1.2101,1882,1942,-1350,312
1.2107,1882,1942,-1350,312
1.2111,1882,1942,-1350,312
1.2114,1882,1941,-1350,312
1.2118,1882,1941,-1350,312
1.2122,1882,1939,-1350,304
1.2125,1882,1939,-1350,304
1.2129,1882,1939,-1350,304
1.2133,1882,1938,-1350,304
1.2136,1882,1938,-1350,304
1.2140,1882,1938,-1350,304
1.2143,1882,1937,-1350,304
1.2147,1882,1937,-1350,304
1.2150,1882,1937,-1350,304
1.2154,1882,1936,-1350,304
1.2158,1882,1936,-1350,304
1.2162,1882,1934,-1300,296
1.2165,1882,1934,-1300,296
1.2169,1882,1933,-1300,288
1.2174,1882,1933,-1300,288
1.2178,1882,1933,-1300,288
1.2183,1882,1932,-1300,288
1.2186,1882,1932,-1300,288
1.2190,1882,1932,-1300,288
1.2194,1882,1931,-1300,288
1.2197,1882,1931,-1300,288
1.2201,1877,1929,-1300,272
1.2208,1877,1929,-1300,272
1.2211,1877,1928,-1300,272
1.2215,1877,1928,-1300,272
1.2219,1877,1928,-1300,272
1.2223,1877,1927,-1300,272
1.2226,1877,1927,-1300,272
1.2230,1877,1927,-1300,272
1.2233,1877,1926,-1300,272
1.2237,1877,1926,-1300,272
1.2241,1877,1925,-1300,264
1.2244,1877,1925,-1300,264
1.2248,1877,1925,-1300,264
1.2252,1877,1923,-1300,256
1.2255,1877,1923,-1300,256
1.2259,1877,1923,-1300,256
1.2262,1877,1922,-1300,256
1.2266,1877,1922,-1300,256
1.2270,1877,1922,-1300,256
1.2273,1877,1921,-1300,256
1.2277,1877,1921,-1300,256
1.2281,1877,1920,-1300,256
1.2284,1877,1920,-1300,256
1.2288,1877,1920,-1300,256
1.2293,1877,1919,-1300,248
1.2296,1877,1919,-1300,248
1.2300,1877,1919,-1300,248
1.2304,1874,1918,-1300,248
1.2311,1874,1917,-1300,248
1.2314,1874,1917,-1300,248
1.2318,1874,1917,-1300,248
1.2323,1874,1915,-1300,232
1.2326,1874,1915,-1300,232
1.2330,1874,1914,-1300,232
1.2334,1874,1914,-1300,232
1.2338,1874,1914,-1300,232
1.2342,1874,1913,-1300,232
1.2345,1874,1913,-1300,232
1.2349,1874,1913,-1300,232
1.2353,1874,1912,-1300,224
1.2356,1874,1912,-1300,224
1.2360,1874,1912,-1300,224
1.2363,1874,1911,-1150,224
1.2367,1874,1911,-1150,224
1.2370,1874,1910,-1150,224
1.2374,1874,1910,-1150,224
1.2377,1874,1910,-1150,224
1.2381,1874,1909,-1150,216
1.2385,1874,1909,-1150,216
1.2389,1874,1909,-1150,216
1.2393,1874,1908,-1150,216
1.2396,1874,1908,-1150,216
1.2400,1874,1908,-1150,216
1.2403,1872,1907,-1150,200
1.2411,1872,1906,-1150,200
1.2414,1872,1906,-1150,200
1.2418,1872,1906,-1150,200
1.2422,1872,1905,-1150,200
1.2426,1872,1905,-1150,200
1.2429,1872,1905,-1150,200
1.2433,1872,1904,-1150,192
1.2437,1872,1904,-1150,192
1.2441,1872,1903,-1150,192
1.2444,1872,1903,-1150,192
1.2448,1872,1903,-1150,192
1.2453,1872,1902,-1150,184
1.2456,1872,1902,-1150,184
1.2460,1872,1901,-1150,184
1.2464,1872,1901,-1150,184
1.2467,1872,1901,-1150,184
1.2471,1872,1900,-1150,176
1.2475,1872,1900,-1150,176
1.2479,1872,1900,-1150,176
1.2483,1872,1899,-1150,168
1.2487,1872,1899,-1150,168
1.2491,1872,1898,-1150,168
1.2494,1872,1898,-1150,168
1.2498,1872,1898,-1150,168
1.2503,1871,1897,-1150,160
1.2510,1871,1896,-1150,160
1.2514,1871,1896,-1150,160
1.2517,1871,1896,-1150,160
1.2521,1871,1895,-1150,152
1.2525,1871,1895,-1150,152
1.2529,1871,1894,-1150,144
1.2533,1871,1894,-1150,144
1.2537,1871,1894,-1150,144
1.2541,1871,1893,-1150,144
1.2544,1871,1893,-1150,144
1.2548,1871,1893,-1150,144
1.2553,1871,1892,-1150,136
1.2557,1871,1892,-1150,136
1.2561,1871,1892,-950,136
1.2565,1871,1892,-950,136
1.2569,1871,1891,-950,136
1.2573,1871,1891,-950,136
1.2577,1871,1891,-950,136
1.2580,1871,1890,-950,128
1.2584,1871,1890,-950,128
1.2588,1871,1890,-950,128
1.2592,1871,1889,-950,120
1.2595,1871,1889,-950,120
1.2599,1871,1888,-950,100
1.2603,1872,1888,-950,100
1.2609,1872,1887,-950,92
1.2613,1872,1887,-950,92
1.2617,1872,1887,-950,92
1.2620,1872,1887,-950,92
1.2624,1872,1887,-950,92
1.2628,1872,1887,-950,92
1.2632,1872,1886,-950,92
1.2635,1872,1886,-950,92
1.2639,1872,1885,-950,84
1.2642,1872,1885,-950,84
1.2646,1872,1885,-950,84
1.2650,1872,1884,-950,76
1.2653,1872,1884,-950,76
1.2657,1872,1884,-950,76
1.2661,1872,1884,-950,76
1.2664,1872,1884,-950,76
1.2668,1872,1884,-950,76
1.2671,1872,1883,-950,68
1.2675,1872,1883,-950,68
1.2678,1872,1882,-950,52
1.2683,1872,1882,-950,52
1.2686,1872,1882,-950,52
1.2690,1872,1882,-950,52
1.2694,1872,1882,-950,52
1.2697,1872,1882,-950,52
1.2701,1874,1881,-950,44
1.2708,1874,1881,-950,44
1.2711,1874,1880,-950,36
1.2715,1874,1880,-950,36
1.2719,1874,1880,-950,36
1.2722,1874,1880,-950,36
1.2726,1874,1880,-950,36
1.2730,1874,1879,-950,28
1.2734,1874,1879,-950,28
1.2737,1874,1879,-950,28
1.2741,1874,1879,-950,20
1.2745,1874,1879,-950,20
1.2748,1874,1878,-950,-20
1.2753,1874,1878,-950,-20
1.2756,1874,1878,-950,-20
1.2761,1874,1878,-700,-20
1.2765,1874,1878,-700,-20
1.2768,1874,1877,-700,-36
1.2773,1874,1877,-700,-36
1.2776,1874,1877,-700,-36
1.2780,1874,1876,-700,-44
1.2783,1874,1876,-700,-44
1.2787,1874,1876,-700,-44
1.2791,1874,1876,-700,-44
1.2794,1874,1876,-700,-44
1.2798,1874,1875,-700,-68
1.2802,1877,1875,-700,-68
1.2808,1877,1875,-700,-68
1.2813,1877,1875,-700,-68
1.2816,1877,1875,-700,-68
1.2820,1877,1874,-700,-76
1.2824,1877,1874,-700,-76
1.2827,1877,1874,-700,-76
1.2831,1877,1874,-700,-76
1.2834,1877,1874,-700,-76
1.2838,1877,1874,-700,-76
1.2842,1877,1874,-700,-76
1.2845,1877,1874,-700,-76
1.2849,1877,1874,-700,-76
1.2853,1877,1874,-700,-76
1.2856,1877,1874,-700,-76
1.2860,1877,1873,-700,-84
1.2864,1877,1873,-700,-84
1.2867,1877,1873,-700,-84
1.2871,1877,1873,-700,-84
1.2875,1877,1873,-700,-84
1.2878,1877,1873,-700,-84
1.2883,1877,1873,-700,-84
1.2886,1877,1873,-700,-84
1.2890,1877,1873,-700,-92
1.2894,1877,1873,-700,-92
1.2897,1877,1872,-700,-100
1.2901,1882,1872,-700,-100
1.2908,1882,1872,-700,-100
1.2912,1882,1872,-700,-100
1.2916,1882,1872,-700,-100
1.2920,1882,1872,-700,-100
1.2923,1882,1872,-700,-100
1.2927,1882,1872,-700,-100
1.2930,1882,1872,-700,-108
1.2934,1882,1872,-700,-108
1.2937,1882,1872,-700,-108
1.2941,1882,1872,-700,-108
1.2945,1882,1872,-700,-108
1.2949,1882,1872,-700,-108
1.2952,1882,1872,-700,-108
1.2956,1882,1872,-700,-108
1.2959,1882,1872,-300,-116
1.2963,1882,1872,-300,-116
1.2967,1882,1872,-300,-116
1.2971,1882,1872,-300,-116
1.2975,1882,1872,-300,-116
1.2979,1882,1872,-300,-116
1.2983,1882,1872,-300,-116
1.2986,1882,1872,-300,-116
1.2990,1882,1872,-300,-124
1.2994,1882,1872,-300,-124
1.2998,1882,1872,-300,-92
1.3001,1888,1872,-300,-92
1.3008,1888,1872,-300,-100
1.3013,1888,1872,-300,-100
1.3016,1888,1872,-300,-100
1.3020,1888,1872,-300,-100
1.3023,1888,1872,-300,-100
1.3027,1888,1872,-300,-108
1.3031,1888,1872,-300,-108
1.3034,1888,1872,-300,-108
1.3038,1888,1872,-300,-108
1.3042,1888,1872,-300,-108
1.3045,1888,1872,-300,-108
1.3049,1888,1872,-300,-108
1.3053,1888,1872,-300,-108
1.3056,1888,1872,-300,-108
1.3060,1888,1872,-300,-116
1.3064,1888,1872,-300,-116
1.3067,1888,1872,-300,-116
1.3071,1888,1872,-300,-116
1.3074,1888,1872,-300,-116
1.3078,1888,1872,-300,-124
1.3081,1888,1872,-300,-124
1.3085,1888,1872,-300,-124
1.3090,1888,1872,-300,-124
1.3093,1888,1872,-300,-124
1.3097,1888,1872,-300,-132
1.3100,1895,1872,-300,-132
1.3107,1895,1872,-300,-132
1.3110,1895,1872,-300,-132
1.3114,1895,1872,-300,-132
1.3118,1895,1872,-300,-140
1.3121,1895,1872,-300,-140
1.3125,1895,1872,-300,-140
1.3129,1895,1872,-300,-140
1.3133,1895,1872,-300,-140
1.3136,1895,1872,-300,-148
1.3140,1895,1872,-300,-148
1.3144,1895,1872,-300,-148
1.3147,1895,1872,-300,-156
1.3152,1895,1872,-300,-156
1.3156,1895,1872,-300,-156
1.3160,1895,1872,0,-156
1.3163,1895,1872,0,-156
1.3167,1895,1872,0,-164
1.3170,1895,1872,0,-164
1.3174,1895,1872,0,-164
1.3177,1895,1873,0,-156
1.3181,1895,1873,0,-156
1.3184,1895,1873,0,-156
1.3188,1895,1873,0,-164
1.3192,1895,1873,0,-164
1.3195,1895,1873,0,-164
1.3199,1895,1873,0,-184
1.3203,1903,1873,0,-184
1.3209,1903,1873,0,-184
1.3213,1903,1873,0,-184
1.3217,1903,1874,0,-184
1.3220,1903,1874,0,-184
1.3224,1903,1874,0,-184
1.3227,1903,1874,0,-184
1.3231,1903,1874,0,-184
1.3234,1903,1874,0,-184
1.3238,1903,1875,0,-184
1.3241,1903,1875,0,-184
1.3245,1903,1875,0,-184
1.3248,1903,1875,0,-184
1.3252,1903,1875,0,-184
1.3256,1903,1875,0,-192
1.3260,1903,1875,0,-192
1.3263,1903,1875,0,-192
1.3267,1903,1876,0,-192
1.3270,1903,1876,0,-192
1.3274,1903,1876,0,-192
1.3278,1903,1876,0,-200
1.3281,1903,1876,0,-200
1.3285,1903,1876,0,-200
1.3289,1903,1876,0,-200
1.3293,1903,1876,0,-200
1.3296,1903,1877,0,-200
1.3300,1912,1877,0,-200
1.3307,1912,1877,0,-200
1.3311,1912,1877,0,-200
1.3315,1912,1877,0,-200
1.3318,1912,1878,0,-200
1.3323,1912,1878,0,-200
1.3326,1912,1878,0,-208
1.3330,1912,1878,0,-208
1.3334,1912,1878,0,-208
1.3337,1912,1879,0,-200
1.3341,1912,1879,0,-200
1.3345,1912,1879,0,-208
1.3349,1912,1879,0,-208
1.3352,1912,1879,0,-208
1.3356,1912,1879,350,-216
1.3360,1912,1879,350,-216
1.3363,1912,1879,350,-216
1.3367,1912,1880,350,-208
1.3370,1912,1880,350,-208
1.3374,1912,1880,350,-208
1.3378,1912,1880,350,-216
1.3381,1912,1880,350,-216
1.3385,1912,1881,350,-216
1.3389,1912,1881,350,-216
1.3393,1912,1881,350,-216
1.3396,1912,1881,350,-204
1.3400,1912,1881,350,-204
1.3403,1922,1882,350,-196
1.3410,1922,1882,350,-196
1.3414,1922,1882,350,-196
1.3417,1922,1882,350,-204
1.3421,1922,1882,350,-204
1.3424,1922,1882,350,-204
1.3429,1922,1883,350,-204
1.3433,1922,1883,350,-204
1.3436,1922,1884,350,-196
1.3440,1922,1884,350,-196
1.3444,1922,1884,350,-196
1.3447,1922,1884,350,-204
1.3451,1922,1884,350,-204
1.3455,1922,1884,350,-204
1.3458,1922,1885,350,-204
1.3463,1922,1885,350,-204
1.3466,1922,1886,350,-204
1.3470,1922,1886,350,-204
1.3473,1922,1886,350,-204
1.3477,1922,1886,350,-212
1.3481,1922,1886,350,-212
1.3484,1922,1887,350,-212
1.3488,1922,1887,350,-212
1.3493,1922,1887,350,-212
1.3496,1922,1887,350,-212
1.3500,1922,1887,350,-212
1.3503,1934,1888,350,-212
1.3511,1934,1888,350,-212
1.3514,1934,1888,350,-212
1.3518,1934,1888,350,-220
1.3522,1934,1888,350,-220
1.3526,1934,1889,350,-220
1.3529,1934,1889,350,-220
1.3533,1934,1889,350,-220
1.3537,1934,1890,350,-220
1.3540,1934,1890,350,-220
1.3545,1934,1890,350,-228
1.3548,1934,1890,350,-228
1.3553,1934,1890,350,-228
1.3556,1934,1891,600,-228
1.3560,1934,1891,600,-228
1.3564,1934,1891,600,-228
1.3567,1934,1892,600,-220
1.3571,1934,1892,600,-220
1.3575,1934,1892,600,-228
1.3579,1934,1892,600,-228
1.3583,1934,1892,600,-228
1.3586,1934,1893,600,-228
1.3590,1934,1893,600,-228
1.3594,1934,1893,600,-228
1.3598,1934,1894,600,-220
1.3602,1945,1894,600,-228
1.3608,1945,1894,600,-228
1.3613,1945,1894,600,-228
1.3616,1945,1895,600,-228
1.3620,1945,1895,600,-228
1.3624,1945,1895,600,-228
1.3627,1945,1896,600,-228
1.3631,1945,1896,600,-228
1.3635,1945,1896,600,-236
1.3638,1945,1896,600,-236
1.3643,1945,1896,600,-236
1.3646,1945,1897,600,-236
1.3650,1945,1897,600,-236
1.3653,1945,1897,600,-236
1.3657,1945,1897,600,-244
1.3661,1945,1897,600,-244
1.3664,1945,1898,600,-244
1.3668,1945,1898,600,-244
1.3671,1945,1898,600,-244
1.3675,1945,1899,600,-244
1.3679,1945,1899,600,-244
1.3683,1945,1899,600,-244
1.3686,1945,1900,600,-244
1.3690,1945,1900,600,-244
1.3694,1945,1900,600,-252
1.3697,1945,1900,600,-252
1.3701,1958,1901,600,-252
1.3707,1958,1901,600,-252
1.3711,1958,1901,600,-252
1.3715,1958,1901,600,-260
1.3719,1958,1901,600,-260
1.3722,1958,1901,600,-260
1.3726,1958,1902,600,-260
1.3730,1958,1902,600,-260
1.3733,1958,1903,600,-252
1.3737,1958,1903,600,-252
1.3741,1958,1903,600,-252
1.3745,1958,1904,600,-252
1.3748,1958,1904,600,-252
1.3753,1958,1904,600,-252
1.3756,1958,1904,650,-260
1.3760,1958,1904,650,-260
1.3764,1958,1905,650,-268
1.3767,1958,1905,650,-268
1.3771,1958,1905,650,-268
1.3774,1958,1906,650,-268
1.3778,1958,1906,650,-268
1.3781,1958,1906,650,-268
1.3785,1958,1907,650,-268
1.3789,1958,1907,650,-268
1.3792,1958,1907,650,-268
1.3796,1958,1908,650,-280
1.3800,1958,1908,650,-280
1.3803,1972,1908,650,-288
1.3810,1972,1908,650,-288
1.3813,1972,1909,650,-288
1.3817,1972,1909,650,-288
1.3821,1972,1909,650,-288
1.3824,1972,1910,650,-288
1.3828,1972,1910,650,-288
1.3832,1972,1910,650,-288
1.3835,1972,1911,650,-288
1.3839,1972,1911,650,-288
1.3843,1972,1911,650,-288
1.3846,1972,1912,650,-288
1.3850,1972,1912,650,-288
1.3853,1972,1913,650,-288
1.3857,1972,1913,650,-288
1.3861,1972,1913,650,-288
1.3864,1972,1913,650,-296
1.3868,1972,1913,650,-296
1.3872,1972,1913,650,-296
1.3876,1972,1914,650,-296
1.3880,1972,1914,650,-296
1.3883,1972,1915,650,-296
1.3887,1972,1915,650,-296
1.3891,1972,1915,650,-296
1.3894,1972,1916,650,-304
1.3898,1972,1916,650,-304
1.3902,1985,1917,650,-304
1.3908,1985,1917,650,-304
1.3913,1985,1917,650,-312
1.3916,1985,1917,650,-312
1.3920,1985,1917,650,-312
1.3924,1985,1919,650,-304
1.3928,1985,1919,650,-304
1.3933,1985,1920,650,-304
1.3937,1985,1920,650,-304
1.3941,1985,1920,650,-304
1.3945,1985,1920,650,-312
1.3949,1985,1920,650,-312
1.3953,1985,1921,850,-312
1.3957,1985,1921,850,-312
1.3961,1985,1921,850,-312
1.3964,1985,1922,850,-320
1.3968,1985,1922,850,-320
1.3973,1985,1923,850,-320
1.3977,1985,1923,850,-320
1.3981,1985,1923,850,-320
1.3985,1985,1924,850,-320
1.3988,1985,1924,850,-320
1.3993,1985,1925,850,-316
1.3996,1985,1925,850,-316
1.4000,1985,1925,850,-316
1.4003,2000,1926,850,-316
1.4009,2000,1926,850,-316
1.4013,2000,1926,850,-324
1.4016,2000,1926,850,-324
1.4020,2000,1926,850,-324
1.4023,2000,1927,850,-324
1.4027,2000,1927,850,-324
1.4031,2000,1927,850,-324
1.4034,2000,1928,850,-332
1.4038,2000,1928,850,-332
1.4041,2000,1928,850,-332
1.4045,2000,1929,850,-332
1.4049,2000,1929,850,-332
1.4052,2000,1930,850,-332
1.4056,2000,1930,850,-332
1.4060,2000,1930,850,-332
1.4063,2000,1931,850,-332
1.4066,2000,1931,850,-332
1.4070,2000,1931,850,-332
1.4074,2000,1932,850,-340
1.4077,2000,1932,850,-340
1.4081,2000,1932,850,-340
1.4084,2000,1933,850,-340
1.4088,2000,1933,850,-340
1.4091,2000,1933,850,-340
1.4095,2000,1934,850,-340
1.4099,2000,1934,850,-340
1.4103,2015,1935,850,-340
1.4109,2015,1935,850,-340
1.4113,2015,1936,850,-340
1.4117,2015,1936,850,-340
1.4120,2015,1936,850,-340
1.4124,2015,1937,850,-348
1.4127,2015,1937,850,-348
1.4131,2015,1938,850,-348
1.4135,2015,1938,850,-348
1.4139,2015,1938,850,-348
1.4143,2015,1940,850,-340
1.4146,2015,1940,850,-340
1.4150,2015,1940,850,-340
1.4153,2015,1941,1000,-348
1.4157,2015,1941,1000,-348
1.4161,2015,1942,1000,-348
1.4165,2015,1942,1000,-348
1.4169,2015,1942,1000,-348
1.4173,2015,1943,1000,-348
1.4177,2015,1943,1000,-348
1.4181,2015,1943,1000,-348
1.4184,2015,1944,1000,-348
1.4188,2015,1944,1000,-348
1.4191,2015,1945,1000,-356
1.4195,2015,1945,1000,-356
1.4199,2015,1945,1000,-356
1.4203,2030,1946,1000,-356
1.4210,2030,1946,1000,-356
1.4213,2030,1947,1000,-356
1.4217,2030,1947,1000,-356
1.4221,2030,1947,1000,-356
1.4224,2030,1948,1000,-364
1.4228,2030,1948,1000,-364
1.4233,2030,1949,1000,-364
1.4236,2030,1949,1000,-364
1.4240,2030,1949,1000,-364
1.4244,2030,1950,1000,-364
1.4247,2030,1950,1000,-364
1.4251,2030,1951,1000,-372
1.4255,2030,1951,1000,-372
1.4259,2030,1951,1000,-372
1.4263,2030,1953,1000,-364
1.4266,2030,1953,1000,-364
1.4270,2030,1953,1000,-364
1.4274,2030,1954,1000,-364
1.4277,2030,1954,1000,-364
1.4281,2030,1955,1000,-372
1.4285,2030,1955,1000,-372
1.4289,2030,1955,1000,-372
1.4293,2030,1956,1000,-372
1.4296,2030,1956,1000,-372
1.4300,2030,1956,1000,-372
1.4304,2045,1957,1000,-372
1.4311,2045,1959,1000,-364
1.4314,2045,1959,1000,-364
1.4318,2045,1959,1000,-364
1.4322,2045,1960,1000,-372
1.4325,2045,1960,1000,-372
1.4329,2045,1960,1000,-372
1.4333,2045,1961,1000,-372
1.4336,2045,1961,1000,-372
1.4340,2045,1961,1000,-372
1.4344,2045,1962,1000,-372
1.4347,2045,1962,1000,-372
1.4351,2045,1963,1100,-380
1.4355,2045,1963,1100,-380
1.4359,2045,1963,1100,-380
1.4363,2045,1965,1100,-372
1.4367,2045,1965,1100,-372
1.4371,2045,1966,1100,-372
1.4375,2045,1966,1100,-372
1.4379,2045,1966,1100,-372
1.4383,2045,1967,1100,-380
1.4387,2045,1967,1100,-380
1.4391,2045,1968,1100,-372
1.4395,2045,1968,1100,-372
1.4399,2045,1968,1100,-372
1.4403,2060,1969,1100,-372
1.4410,2060,1970,1100,-380
1.4414,2060,1970,1100,-380
1.4418,2060,1970,1100,-380
1.4423,2060,1971,1100,-380
1.4427,2060,1971,1100,-380
1.4431,2060,1973,1100,-372
1.4436,2060,1973,1100,-372
1.4440,2060,1973,1100,-372
1.4444,2060,1974,1100,-380
1.4447,2060,1974,1100,-380
1.4452,2060,1975,1100,-380
1.4456,2060,1975,1100,-380
1.4460,2060,1976,1100,-388
1.4464,2060,1976,1100,-388
1.4468,2060,1976,1100,-388
1.4472,2060,1978,1100,-380
1.4476,2060,1978,1100,-380
1.4480,2060,1979,1100,-388
1.4484,2060,1979,1100,-388
1.4488,2060,1979,1100,-388
1.4492,2060,1980,1100,-388
1.4496,2060,1980,1100,-388
1.4500,2074,1981,1100,-388
1.4508,2074,1981,1100,-388
1.4512,2074,1983,1100,-388
1.4516,2074,1983,1100,-388
1.4520,2074,1984,1100,-388
1.4524,2074,1984,1100,-388
1.4528,2074,1984,1100,-388
1.4533,2074,1985,1100,-388
1.4537,2074,1985,1100,-388
1.4541,2074,1986,1100,-396
1.4545,2074,1986,1100,-396
1.4550,2074,1988,1250,-388
1.4554,2074,1988,1250,-388
1.4558,2074,1988,1250,-388
1.4563,2074,1989,1250,-396
1.4567,2074,1989,1250,-396
1.4571,2074,1990,1250,-396
1.4575,2074,1990,1250,-396
1.4579,2074,1990,1250,-396
1.4584,2074,1992,1250,-396
1.4588,2074,1992,1250,-396
1.4592,2074,1993,1250,-396
1.4596,2074,1993,1250,-396
1.4600,2074,1994,1250,-396
1.4603,2089,1994,1250,-396
1.4611,2089,1995,1250,-404
1.4614,2089,1995,1250,-404
1.4618,2089,1995,1250,-404
1.4623,2089,1997,1250,-396
1.4626,2089,1997,1250,-396
1.4630,2089,1998,1250,-404
1.4634,2089,1998,1250,-404
1.4639,2089,1998,1250,-404
1.4643,2089,1999,1250,-404
1.4647,2089,1999,1250,-404
1.4651,2089,2001,1250,-396
1.4655,2089,2001,1250,-396
1.4659,2089,2002,1250,-404
1.4663,2089,2002,1250,-404
1.4666,2089,2002,1250,-404
1.4670,2089,2004,1250,-396
1.4674,2089,2004,1250,-396
1.4677,2089,2004,1250,-396
1.4681,2089,2005,1250,-404
1.4685,2089,2005,1250,-404
1.4689,2089,2005,1250,-404
1.4693,2089,2006,1250,-404
1.4696,2089,2006,1250,-404
1.4700,2089,2007,1250,-404
1.4704,2103,2007,1250,-404
1.4710,2103,2009,1250,-404
1.4714,2103,2009,1250,-404
1.4718,2103,2009,1250,-404
1.4722,2103,2010,1250,-404
1.4725,2103,2010,1250,-404
1.4729,2103,2011,1250,-404
1.4732,2103,2011,1250,-404
1.4736,2103,2011,1250,-404
1.4740,2103,2013,1250,-404
1.4743,2103,2013,1250,-404
1.4747,2103,2013,1250,-404
1.4751,2103,2014,1300,-404
1.4754,2103,2014,1300,-404
1.4758,2103,2014,1300,-404
1.4763,2103,2016,1300,-404
1.4766,2103,2016,1300,-404
1.4770,2103,2017,1300,-404
1.4774,2103,2017,1300,-404
1.4777,2103,2017,1300,-404
1.4781,2103,2018,1300,-412
1.4785,2103,2018,1300,-412
1.4789,2103,2019,1300,-408
1.4793,2103,2019,1300,-408
1.4797,2103,2019,1300,-408
1.4801,2117,2021,1300,-400
1.4808,2117,2022,1300,-408
1.4813,2117,2022,1300,-408
1.4817,2117,2022,1300,-408
1.4820,2117,2024,1300,-400
1.4824,2117,2024,1300,-400
1.4828,2117,2025,1300,-400
1.4833,2117,2025,1300,-400
1.4836,2117,2025,1300,-400
1.4840,2117,2027,1300,-400
1.4844,2117,2027,1300,-400
1.4847,2117,2027,1300,-400
1.4851,2117,2028,1300,-400
1.4855,2117,2028,1300,-400
1.4858,2117,2029,1300,-408
1.4863,2117,2029,1300,-408
1.4866,2117,2029,1300,-408
1.4870,2117,2031,1300,-400
1.4874,2117,2031,1300,-400
1.4878,2117,2031,1300,-400
1.4881,2117,2032,1300,-408
1.4885,2117,2032,1300,-408
1.4889,2117,2033,1300,-408
1.4893,2117,2033,1300,-408
1.4897,2117,2033,1300,-408
1.4900,2130,2035,1300,-400
1.4908,2130,2035,1300,-400
1.4911,2130,2036,1300,-408
1.4915,2130,2036,1300,-408
1.4920,2130,2038,1300,-400
1.4924,2130,2038,1300,-400
1.4927,2130,2038,1300,-400
1.4932,2130,2039,1300,-408
1.4936,2130,2039,1300,-408
1.4940,2130,2041,1300,-400
1.4944,2130,2041,1300,-400
1.4948,2130,2042,1400,-400
1.4952,2130,2042,1400,-400
1.4956,2130,2042,1400,-400
1.4960,2130,2043,1400,-408
1.4965,2130,2043,1400,-408
1.4969,2130,2045,1400,-400
1.4973,2130,2045,1400,-400
1.4977,2130,2046,1400,-408
1.4981,2130,2046,1400,-408
1.4985,2130,2046,1400,-408
1.4989,2130,2048,1400,-388
1.4993,2130,2048,1400,-388
1.4997,2130,2049,1400,-388
1.5001,2142,2049,1400,-388
1.5009,2142,2050,1400,-396
1.5013,2142,2050,1400,-396
1.5017,2142,2050,1400,-396
1.5021,2142,2052,1400,-388
1.5025,2142,2052,1400,-388
1.5029,2142,2054,1400,-388
1.5034,2142,2054,1400,-388
1.5038,2142,2055,1400,-388
1.5043,2142,2055,1400,-388
1.5047,2142,2056,1400,-388
1.5051,2142,2056,1400,-388
1.5055,2142,2056,1400,-388
1.5059,2142,2058,1400,-388
1.5064,2142,2058,1400,-388
1.5067,2142,2060,1400,-380
1.5071,2142,2060,1400,-380
1.5075,2142,2060,1400,-380
1.5079,2142,2061,1400,-388
1.5083,2142,2061,1400,-388
1.5087,2142,2061,1400,-388
1.5090,2142,2062,1400,-388
1.5094,2142,2062,1400,-388
1.5101,2154,2064,1400,-380
1.5108,2154,2065,1400,-388
1.5111,2154,2065,1400,-388
1.5116,2154,2065,1400,-388
1.5119,2154,2066,1400,-388
1.5123,2154,2066,1400,-388
1.5128,2154,2068,1400,-380
1.5132,2154,2068,1400,-380
1.5135,2154,2068,1400,-380
1.5139,2154,2069,1400,-388
1.5143,2154,2069,1400,-388
1.5147,2154,2070,1400,-388
1.5150,2154,2070,1400,-388
1.5155,2154,2070,1400,-388
1.5158,2154,2072,1400,-380
1.5163,2154,2072,1400,-380
1.5166,2154,2072,1400,-380
1.5170,2154,2073,1400,-388
1.5174,2154,2073,1400,-388
1.5177,2154,2075,1400,-380
1.5181,2154,2075,1400,-380
1.5185,2154,2075,1400,-380
1.5189,2154,2076,1400,-380
1.5193,2154,2076,1400,-380
1.5197,2154,2077,1400,-380
1.5200,2165,2077,1400,-380
1.5207,2165,2079,1400,-380
1.5211,2165,2079,1400,-380
1.5215,2165,2079,1400,-380
1.5218,2165,2081,1400,-372
1.5223,2165,2081,1400,-372
1.5226,2165,2081,1400,-372
1.5230,2165,2082,1400,-372
1.5233,2165,2082,1400,-372
1.5238,2165,2083,1400,-380
1.5241,2165,2083,1400,-380
1.5245,2165,2083,1400,-380
1.5249,2165,2085,1400,-372
1.5253,2165,2085,1400,-372
1.5256,2165,2086,1400,-372
1.5260,2165,2086,1400,-372
1.5264,2165,2086,1400,-372
1.5268,2165,2088,1400,-372
1.5271,2165,2088,1400,-372
1.5275,2165,2088,1400,-372
1.5279,2165,2089,1400,-372
1.5283,2165,2089,1400,-372
1.5287,2165,2090,1400,-372
1.5291,2165,2090,1400,-372
1.5294,2165,2090,1400,-372
1.5298,2165,2091,1400,-372
1.5303,2175,2093,1400,-364
1.5310,2175,2093,1400,-364
1.5313,2175,2093,1400,-364
1.5318,2175,2094,1400,-372
1.5321,2175,2094,1400,-372
1.5325,2175,2094,1400,-372
1.5329,2175,2095,1400,-372
1.5333,2175,2095,1400,-372
1.5337,2175,2097,1400,-364
1.5340,2175,2097,1400,-364
1.5344,2175,2097,1400,-364
1.5348,2175,2098,1400,-364
1.5353,2175,2098,1400,-364
1.5356,2175,2100,1400,-364
1.5360,2175,2100,1400,-364
1.5364,2175,2100,1400,-364
1.5367,2175,2101,1400,-364
1.5371,2175,2101,1400,-364
1.5374,2175,2101,1400,-364
1.5378,2175,2103,1400,-356
1.5381,2175,2103,1400,-356
1.5385,2175,2103,1400,-356
1.5389,2175,2104,1400,-348
1.5392,2175,2104,1400,-348
1.5396,2175,2105,1400,-356
1.5400,2175,2105,1400,-356
1.5403,2184,2106,1400,-356
1.5410,2184,2106,1400,-356
1.5414,2184,2106,1400,-356
1.5417,2184,2108,1400,-348
1.5421,2184,2108,1400,-348
1.5424,2184,2108,1400,-348
1.5428,2184,2110,1400,-340
1.5432,2184,2110,1400,-340
1.5436,2184,2111,1400,-340
1.5439,2184,2111,1400,-340
1.5443,2184,2111,1400,-340
1.5447,2184,2112,1400,-348
1.5450,2184,2112,1400,-348
1.5454,2184,2112,1400,-348
1.5457,2184,2113,1400,-348
1.5461,2184,2113,1400,-348
1.5465,2184,2113,1400,-348
1.5469,2184,2115,1400,-340
1.5473,2184,2115,1400,-340
1.5476,2184,2116,1400,-340
1.5480,2184,2116,1400,-340
1.5484,2184,2116,1400,-340
1.5488,2184,2117,1400,-340
1.5492,2184,2117,1400,-340
1.5495,2184,2118,1400,-340
1.5500,2184,2118,1400,-340
1.5504,2192,2120,1400,-332
1.5510,2192,2120,1400,-332
1.5514,2192,2120,1400,-332
1.5518,2192,2121,1400,-332
1.5523,2192,2121,1400,-332
1.5526,2192,2123,1400,-332
1.5530,2192,2123,1400,-332
1.5534,2192,2123,1400,-332
1.5537,2192,2124,1400,-332
1.5541,2192,2124,1400,-332
1.5545,2192,2124,1400,-332
1.5548,2192,2125,1350,-332
1.5553,2192,2125,1350,-332
1.5556,2192,2126,1350,-332
1.5560,2192,2126,1350,-332
1.5564,2192,2126,1350,-332
1.5567,2192,2128,1350,-324
1.5571,2192,2128,1350,-324
1.5574,2192,2128,1350,-324
1.5578,2192,2129,1350,-324
1.5582,2192,2129,1350,-324
1.5585,2192,2131,1350,-312
1.5589,2192,2131,1350,-312
1.5592,2192,2131,1350,-312
1.5596,2192,2132,1350,-312
1.5600,2192,2132,1350,-312
1.5604,2198,2133,1350,-312
1.5611,2198,2133,1350,-312
1.5614,2198,2133,1350,-312
1.5618,2198,2134,1350,-312
1.5621,2198,2134,1350,-312
1.5625,2198,2136,1350,-304
1.5629,2198,2136,1350,-304
1.5633,2198,2136,1350,-304
1.5637,2198,2137,1350,-312
1.5640,2198,2137,1350,-312
1.5644,2198,2137,1350,-312
1.5647,2198,2138,1350,-312
1.5651,2198,2138,1350,-312
1.5655,2198,2139,1350,-312
1.5658,2198,2139,1350,-312
1.5663,2198,2139,1350,-312
1.5666,2198,2141,1350,-304
1.5670,2198,2141,1350,-304
1.5674,2198,2141,1350,-304
1.5677,2198,2142,1350,-304
1.5681,2198,2142,1350,-304
1.5685,2198,2143,1350,-304
1.5689,2198,2143,1350,-304
1.5693,2198,2143,1350,-304
1.5697,2198,2144,1350,-304
1.5700,2204,2144,1350,-304
1.5707,2204,2146,1350,-296
1.5711,2204,2146,1350,-296
1.5715,2204,2147,1350,-288
1.5719,2204,2147,1350,-288
1.5723,2204,2147,1350,-288
1.5727,2204,2148,1350,-288
1.5730,2204,2148,1350,-288
1.5734,2204,2149,1350,-288
1.5738,2204,2149,1350,-288
1.5741,2204,2149,1350,-288
1.5745,2204,2151,1300,-280
1.5749,2204,2151,1300,-280
1.5753,2204,2151,1300,-280
1.5756,2204,2152,1300,-280
1.5760,2204,2152,1300,-280
1.5764,2204,2153,1300,-280
1.5767,2204,2153,1300,-280
1.5771,2204,2153,1300,-280
1.5775,2204,2155,1300,-272
1.5779,2204,2155,1300,-272
1.5783,2204,2155,1300,-272
1.5786,2204,2156,1300,-268
1.5790,2204,2156,1300,-268
1.5794,2204,2157,1300,-268
1.5797,2204,2157,1300,-268
1.5801,2208,2158,1300,-268
1.5808,2208,2158,1300,-268
1.5813,2208,2158,1300,-268
1.5816,2208,2159,1300,-260
1.5820,2208,2159,1300,-260
1.5824,2208,2160,1300,-260
1.5828,2208,2160,1300,-260
1.5831,2208,2160,1300,-260
1.5835,2208,2161,1300,-260
1.5839,2208,2161,1300,-260
1.5843,2208,2161,1300,-260
1.5847,2208,2162,1300,-260
1.5851,2208,2162,1300,-260
1.5854,2208,2163,1300,-260
1.5858,2208,2163,1300,-260
1.5863,2208,2163,1300,-260
1.5866,2208,2164,1300,-260
1.5870,2208,2164,1300,-260
1.5874,2208,2166,1300,-244
1.5877,2208,2166,1300,-244
1.5881,2208,2166,1300,-244
1.5884,2208,2167,1300,-244
1.5888,2208,2167,1300,-244
1.5891,2208,2167,1300,-244
1.5895,2208,2168,1300,-244
1.5898,2208,2168,1300,-244
1.5903,2211,2169,1300,-236
1.5909,2211,2169,1300,-236
1.5913,2211,2170,1300,-236
1.5917,2211,2170,1300,-236
1.5920,2211,2170,1300,-236
1.5924,2211,2171,1300,-236
1.5927,2211,2171,1300,-236
1.5931,2211,2171,1300,-236
1.5935,2211,2172,1300,-228
1.5939,2211,2172,1300,-228
1.5943,2211,2172,1300,-228
1.5946,2211,2174,1150,-220
1.5950,2211,2174,1150,-220
1.5954,2211,2175,1150,-220
1.5957,2211,2175,1150,-220
1.5961,2211,2175,1150,-220
1.5965,2211,2176,1150,-212
1.5969,2211,2176,1150,-212
1.5973,2211,2176,1150,-212
1.5976,2211,2176,1150,-220
1.5980,2211,2176,1150,-220
1.5984,2211,2177,1150,-204
1.5987,2211,2177,1150,-204
1.5991,2211,2177,1150,-204
1.5995,2211,2179,1150,-196
1.5999,2211,2179,1150,-196
1.6003,2212,2180,1150,-188
1.6009,2212,2180,1150,-188
1.6013,2212,2181,1150,-188
1.6017,2212,2181,1150,-188
1.6020,2212,2181,1150,-188
1.6024,2212,2182,1150,-188
1.6028,2212,2182,1150,-188
1.6031,2212,2182,1150,-188
1.6035,2212,2183,1150,-180
1.6039,2212,2183,1150,-180
1.6043,2212,2184,1150,-172
1.6046,2212,2184,1150,-172
1.6050,2212,2184,1150,-172
1.6054,2212,2184,1150,-180
1.6057,2212,2184,1150,-180
1.6061,2212,2184,1150,-180
1.6064,2212,2185,1150,-172
1.6068,2212,2185,1150,-172
1.6071,2212,2185,1150,-172
1.6075,2212,2186,1150,-172
1.6079,2212,2186,1150,-172
1.6083,2212,2187,1150,-164
1.6086,2212,2187,1150,-164
1.6090,2212,2187,1150,-164
1.6094,2212,2188,1150,-156
1.6098,2212,2188,1150,-156
1.6101,2213,2189,1150,-156
1.6108,2213,2189,1150,-156
1.6113,2213,2190,1150,-148
1.6116,2213,2190,1150,-148
1.6120,2213,2190,1150,-148
1.6124,2213,2191,1150,-140
1.6127,2213,2191,1150,-140
1.6131,2213,2191,1150,-140
1.6135,2213,2192,1150,-140
1.6139,2213,2192,1150,-140
1.6143,2213,2192,900,-140
1.6146,2213,2192,900,-140
1.6150,2213,2192,900,-140
1.6154,2213,2193,900,-132
1.6157,2213,2193,900,-132
1.6161,2213,2193,900,-132
1.6164,2213,2194,900,-124
1.6168,2213,2194,900,-124
1.6171,2213,2194,900,-124
1.6175,2213,2195,900,-116
1.6178,2213,2195,900,-116
1.6182,2213,2196,900,-100
1.6186,2213,2196,900,-100
1.6190,2213,2196,900,-100
1.6193,2213,2196,900,-100
1.6197,2213,2196,900,-100
1.6201,2212,2197,900,-92
1.6207,2212,2197,900,-92
1.6210,2212,2197,900,-92
1.6214,2212,2198,900,-76
1.6218,2212,2198,900,-76
1.6221,2212,2199,900,-68
1.6225,2212,2199,900,-68
1.6229,2212,2199,900,-68
1.6232,2212,2200,900,-60
1.6236,2212,2200,900,-60
1.6240,2212,2200,900,-60
1.6243,2212,2201,900,-52
1.6247,2212,2201,900,-52
1.6251,2212,2201,900,-52
1.6254,2212,2201,900,-52
1.6258,2212,2201,900,-52
1.6262,2212,2202,900,-44
1.6265,2212,2202,900,-44
1.6269,2212,2202,900,-44
1.6273,2212,2203,900,-36
1.6276,2212,2203,900,-36
1.6280,2212,2203,900,-36
1.6285,2212,2203,900,-36
1.6289,2212,2203,900,-36
1.6293,2212,2204,900,-28
1.6297,2212,2204,900,-28
1.6300,2209,2204,900,-28
1.6307,2209,2204,900,-28
1.6311,2209,2205,900,20
1.6315,2209,2205,900,20
1.6319,2209,2205,900,20
1.6323,2209,2205,900,20
1.6327,2209,2205,900,20
1.6330,2209,2205,900,20
1.6334,2209,2206,900,28
1.6337,2209,2206,900,28
1.6341,2209,2206,900,28
1.6344,2209,2206,700,28
1.6348,2209,2206,700,28
1.6352,2209,2207,700,36
1.6355,2209,2207,700,36
1.6359,2209,2207,700,36
1.6363,2209,2207,700,36
1.6366,2209,2207,700,36
1.6370,2209,2207,700,36
1.6373,2209,2208,700,44
1.6377,2209,2208,700,44
1.6382,2209,2208,700,68
1.6385,2209,2208,700,68
1.6389,2209,2208,700,68
1.6393,2209,2209,700,76
1.6396,2209,2209,700,76
1.6400,2206,2209,700,76
1.6407,2206,2209,700,76
1.6411,2206,2209,700,76
1.6414,2206,2209,700,76
1.6418,2206,2209,700,76
1.6422,2206,2210,700,76
1.6425,2206,2210,700,76
1.6429,2206,2210,700,76
1.6433,2206,2210,700,76
1.6436,2206,2210,700,76
1.6440,2206,2210,700,76
1.6444,2206,2210,700,84
1.6448,2206,2210,700,84
1.6451,2206,2210,700,84
1.6455,2206,2210,700,84
1.6459,2206,2210,700,84
1.6462,2206,2211,700,92
1.6466,2206,2211,700,92
1.6470,2206,2211,700,92
1.6473,2206,2211,700,100
1.6477,2206,2211,700,100
1.6481,2206,2211,700,100
1.6484,2206,2211,700,100
1.6488,2206,2211,700,100
1.6492,2206,2211,700,100
1.6495,2206,2211,700,100
1.6499,2206,2211,700,100
1.6503,2201,2211,700,108
1.6509,2201,2211,700,108
1.6513,2201,2211,700,108
1.6516,2201,2211,700,108
1.6520,2201,2211,700,108
1.6524,2201,2211,700,108
1.6528,2201,2211,700,108
1.6531,2201,2211,700,116
1.6535,2201,2211,700,116
1.6539,2201,2211,700,116
1.6543,2201,2211,250,116
1.6546,2201,2211,250,116
1.6550,2201,2211,250,116
1.6554,2201,2211,250,116
1.6557,2201,2211,250,116
1.6561,2201,2211,250,124
1.6565,2201,2211,250,124
1.6569,2201,2211,250,124
1.6573,2201,2211,250,124
1.6577,2201,2211,250,124
1.6581,2201,2211,250,104
1.6585,2201,2211,250,104
1.6589,2201,2211,250,104
1.6593,2201,2211,250,104
1.6597,2201,2211,250,104
1.6600,2195,2211,250,104
1.6608,2195,2211,250,104
1.6613,2195,2211,250,112
1.6617,2195,2211,250,112
1.6621,2195,2211,250,112
1.6624,2195,2211,250,112
1.6628,2195,2211,250,112
1.6633,2195,2211,250,120
1.6637,2195,2211,250,120
1.6641,2195,2211,250,120
1.6645,2195,2211,250,120
1.6649,2195,2211,250,120
1.6653,2195,2211,250,128
1.6657,2195,2211,250,128
1.6661,2195,2211,250,128
1.6665,2195,2211,250,128
1.6669,2195,2211,250,128
1.6673,2195,2211,250,136
1.6677,2195,2211,250,136
1.6680,2195,2211,250,136
1.6684,2195,2211,250,136
1.6689,2195,2211,250,144
1.6693,2195,2211,250,144
1.6697,2195,2211,250,144
1.6701,2187,2211,250,144
1.6708,2187,2211,250,144
1.6712,2187,2211,250,152
1.6715,2187,2211,250,152
1.6719,2187,2211,250,152
1.6723,2187,2211,250,152
1.6727,2187,2211,250,152
1.6731,2187,2211,250,160
1.6735,2187,2211,250,160
1.6738,2187,2211,250,160
1.6743,2187,2211,0,160
1.6746,2187,2211,0,160
1.6750,2187,2211,0,168
1.6754,2187,2211,0,168
1.6758,2187,2211,0,168
1.6762,2187,2211,0,168
1.6765,2187,2211,0,168
1.6769,2187,2211,0,176
1.6773,2187,2211,0,176
1.6776,2187,2211,0,176
1.6780,2187,2210,0,168
1.6784,2187,2210,0,168
1.6787,2187,2210,0,168
1.6791,2187,2210,0,176
1.6795,2187,2210,0,176
1.6798,2187,2210,0,176
1.6803,2179,2210,0,184
1.6809,2179,2209,0,176
1.6813,2179,2209,0,176
1.6817,2179,2209,0,176
1.6821,2179,2209,0,184
1.6824,2179,2209,0,184
1.6828,2179,2209,0,184
1.6833,2179,2208,0,184
1.6836,2179,2208,0,184
1.6840,2179,2208,0,184
1.6844,2179,2208,0,184
1.6848,2179,2208,0,184
1.6851,2179,2207,0,184
1.6855,2179,2207,0,184
1.6859,2179,2207,0,192
1.6863,2179,2207,0,192
1.6866,2179,2207,0,192
1.6870,2179,2207,0,192
1.6873,2179,2207,0,192
1.6877,2179,2207,0,192
1.6881,2179,2206,0,192
1.6884,2179,2206,0,192
1.6888,2179,2206,0,192
1.6891,2179,2206,0,200
1.6895,2179,2206,0,200
1.6899,2179,2205,0,192
1.6903,2169,2205,0,192
1.6910,2169,2205,0,200
1.6914,2169,2205,0,200
1.6917,2169,2205,0,200
1.6921,2169,2205,0,208
1.6925,2169,2205,0,208
1.6929,2169,2204,0,200
1.6933,2169,2204,0,200
1.6936,2169,2204,0,200
1.6940,2169,2204,-350,208
1.6944,2169,2204,-350,208
1.6948,2169,2203,-350,208
1.6953,2169,2203,-350,208
1.6957,2169,2203,-350,208
1.6960,2169,2202,-350,200
1.6964,2169,2202,-350,200
1.6968,2169,2202,-350,208
1.6973,2169,2202,-350,208
1.6976,2169,2202,-350,208
1.6980,2169,2201,-350,196
1.6984,2169,2201,-350,196
1.6987,2169,2201,-350,196
1.6991,2169,2201,-350,204
1.6995,2169,2201,-350,204
1.6999,2169,2200,-350,196
1.7003,2159,2200,-350,196
1.7009,2159,2200,-350,204
1.7013,2159,2200,-350,204
1.7016,2159,2200,-350,204
1.7020,2159,2199,-350,204
1.7024,2159,2199,-350,204
1.7027,2159,2199,-350,204
1.7031,2159,2199,-350,212
1.7035,2159,2199,-350,212
1.7038,2159,2198,-350,204
1.7043,2159,2198,-350,204
1.7046,2159,2198,-350,204
1.7050,2159,2197,-350,204
1.7054,2159,2197,-350,204
1.7057,2159,2197,-350,212
1.7061,2159,2197,-350,212
1.7065,2159,2197,-350,212
1.7069,2159,2196,-350,212
1.7073,2159,2196,-350,212
1.7076,2159,2196,-350,212
1.7080,2159,2196,-350,220
1.7084,2159,2196,-350,220
1.7087,2159,2195,-350,220
1.7091,2159,2195,-350,220
1.7095,2159,2195,-350,220
1.7099,2159,2195,-350,228
1.7103,2147,2195,-350,228
1.7110,2147,2194,-350,220
1.7114,2147,2194,-350,220
1.7118,2147,2193,-350,220
1.7121,2147,2193,-350,220
1.7125,2147,2193,-350,220
1.7129,2147,2193,-350,228
1.7133,2147,2193,-350,228
1.7136,2147,2193,-350,228
1.7140,2147,2192,-600,228
1.7143,2147,2192,-600,228
1.7147,2147,2192,-600,236
1.7151,2147,2192,-600,236
1.7154,2147,2192,-600,236
1.7158,2147,2191,-600,236
1.7161,2147,2191,-600,236
1.7165,2147,2191,-600,236
1.7169,2147,2190,-600,236
1.7173,2147,2190,-600,236
1.7176,2147,2190,-600,236
1.7180,2147,2190,-600,248
1.7183,2147,2190,-600,248
1.7187,2147,2189,-600,248
1.7191,2147,2189,-600,248
1.7194,2147,2189,-600,248
1.7198,2147,2189,-600,256
1.7202,2135,2189,-600,256
1.7209,2135,2188,-600,248
1.7213,2135,2188,-600,248
1.7217,2135,2187,-600,248
1.7221,2135,2187,-600,248
1.7225,2135,2187,-600,248
1.7230,2135,2186,-600,248
1.7234,2135,2186,-600,248
1.7238,2135,2186,-600,256
1.7242,2135,2186,-600,256
1.7246,2135,2186,-600,256
1.7250,2135,2185,-600,256
1.7254,2135,2185,-600,256
1.7258,2135,2184,-600,256
1.7263,2135,2184,-600,256
1.7267,2135,2184,-600,264
1.7271,2135,2184,-600,264
1.7275,2135,2184,-600,264
1.7279,2135,2183,-600,264
1.7283,2135,2183,-600,264
1.7287,2135,2182,-600,264
1.7291,2135,2182,-600,264
1.7295,2135,2182,-600,264
1.7299,2135,2181,-600,264
1.7303,2122,2180,-600,264
1.7310,2122,2180,-600,264
1.7314,2122,2180,-600,264
1.7318,2122,2180,-600,272
1.7323,2122,2180,-600,272
1.7327,2122,2179,-600,272
1.7331,2122,2179,-600,272
1.7335,2122,2179,-600,272
1.7339,2122,2178,-700,272
1.7343,2122,2178,-700,272
1.7347,2122,2177,-700,272
1.7351,2122,2177,-700,272
1.7355,2122,2177,-700,272
1.7359,2122,2176,-700,272
1.7363,2122,2176,-700,272
1.7367,2122,2176,-700,280
1.7371,2122,2176,-700,280
1.7375,2122,2176,-700,280
1.7379,2122,2175,-700,284
1.7383,2122,2175,-700,284
1.7387,2122,2174,-700,284
1.7391,2122,2174,-700,284
1.7395,2122,2174,-700,284
1.7399,2122,2173,-700,284
1.7404,2108,2172,-700,284
1.7411,2108,2172,-700,284
1.7415,2108,2172,-700,284
1.7419,2108,2172,-700,292
1.7423,2108,2172,-700,292
1.7427,2108,2171,-700,292
1.7431,2108,2171,-700,292
1.7435,2108,2171,-700,292
1.7439,2108,2170,-700,292
1.7443,2108,2170,-700,292
1.7447,2108,2169,-700,292
1.7451,2108,2169,-700,292
1.7455,2108,2169,-700,292
1.7458,2108,2168,-700,292
1.7463,2108,2168,-700,292
1.7468,2108,2168,-700,300
1.7472,2108,2168,-700,300
1.7476,2108,2167,-700,300
1.7479,2108,2167,-700,300
1.7483,2108,2167,-700,300
1.7487,2108,2166,-700,308
1.7491,2108,2166,-700,308
1.7495,2108,2165,-700,308
1.7500,2108,2165,-700,308
1.7504,2094,2164,-700,308
1.7511,2094,2164,-700,308
1.7515,2094,2163,-700,308
1.7519,2094,2163,-700,308
1.7523,2094,2163,-700,308
1.7527,2094,2162,-700,308
1.7531,2094,2162,-700,308
1.7535,2094,2161,-850,308
1.7539,2094,2161,-850,308
1.7544,2094,2161,-850,308
1.7548,2094,2160,-850,308
1.7551,2094,2160,-850,308
1.7555,2094,2159,-850,308
1.7559,2094,2159,-850,308
1.7563,2094,2159,-850,308
1.7567,2094,2159,-850,324
1.7571,2094,2159,-850,324
1.7574,2094,2159,-850,324
1.7578,2094,2158,-850,324
1.7582,2094,2158,-850,324
1.7585,2094,2156,-850,316
1.7589,2094,2156,-850,316
1.7592,2094,2156,-850,316
1.7596,2094,2156,-850,324
1.7600,2080,2156,-850,324
1.7607,2080,2155,-850,324
1.7610,2080,2155,-850,324
1.7614,2080,2155,-850,324
1.7618,2080,2154,-850,332
1.7621,2080,2154,-850,332
1.7625,2080,2152,-850,324
1.7629,2080,2152,-850,324
1.7633,2080,2152,-850,324
1.7636,2080,2152,-850,332
1.7640,2080,2152,-850,332
1.7644,2080,2152,-850,332
1.7648,2080,2151,-850,332
1.7652,2080,2151,-850,332
1.7655,2080,2150,-850,340
1.7659,2080,2150,-850,340
1.7662,2080,2150,-850,340
1.7666,2080,2149,-850,340
1.7670,2080,2149,-850,340
1.7673,2080,2149,-850,340
1.7677,2080,2148,-850,340
1.7681,2080,2148,-850,340
1.7684,2080,2148,-850,340
1.7688,2080,2147,-850,340
1.7693,2080,2147,-850,340
1.7696,2080,2146,-850,348
1.7700,2066,2146,-850,348
1.7708,2066,2144,-850,340
1.7711,2066,2144,-850,340
1.7715,2066,2143,-850,340
1.7719,2066,2143,-850,340
1.7723,2066,2143,-850,340
1.7726,2066,2142,-850,340
1.7730,2066,2142,-850,340
1.7734,2066,2142,-850,340
1.7738,2066,2141,-1000,340
1.7741,2066,2141,-1000,340
1.7745,2066,2140,-1000,348
1.7749,2066,2140,-1000,348
1.7753,2066,2140,-1000,348
1.7756,2066,2139,-1000,348
1.7760,2066,2139,-1000,348
1.7764,2066,2139,-1000,348
1.7767,2066,2138,-1000,348
1.7771,2066,2138,-1000,348
1.7775,2066,2137,-1000,352
1.7779,2066,2137,-1000,352
1.7783,2066,2137,-1000,352
1.7787,2066,2136,-1000,352
1.7790,2066,2136,-1000,352
1.7794,2066,2136,-1000,352
1.7797,2066,2135,-1000,352
1.7801,2050,2133,-1000,344
1.7808,2050,2133,-1000,344
1.7813,2050,2133,-1000,344
1.7816,2050,2132,-1000,352
1.7820,2050,2132,-1000,352
1.7823,2050,2132,-1000,352
1.7827,2050,2131,-1000,352
1.7831,2050,2131,-1000,352
1.7834,2050,2130,-1000,352
1.7838,2050,2130,-1000,352
1.7841,2050,2130,-1000,352
1.7845,2050,2129,-1000,352
1.7849,2050,2129,-1000,352
1.7853,2050,2129,-1000,352
1.7856,2050,2128,-1000,360
1.7860,2050,2128,-1000,360
1.7864,2050,2126,-1000,352
1.7868,2050,2126,-1000,352
1.7873,2050,2126,-1000,352
1.7876,2050,2126,-1000,368
1.7880,2050,2126,-1000,368
1.7884,2050,2125,-1000,368
1.7888,2050,2125,-1000,368
1.7891,2050,2125,-1000,368
1.7895,2050,2123,-1000,360
1.7899,2050,2123,-1000,360
1.7902,2035,2122,-1000,360
1.7909,2035,2122,-1000,360
1.7913,2035,2122,-1000,360
1.7917,2035,2121,-1000,368
1.7920,2035,2121,-1000,368
1.7924,2035,2120,-1000,368
1.7927,2035,2120,-1000,368
1.7931,2035,2120,-1000,368
1.7935,2035,2119,-1100,368
1.7938,2035,2119,-1100,368
1.7943,2035,2119,-1100,368
1.7946,2035,2118,-1100,376
1.7950,2035,2118,-1100,376
1.7953,2035,2116,-1100,368
1.7957,2035,2116,-1100,368
1.7961,2035,2116,-1100,368
1.7964,2035,2115,-1100,376
1.7968,2035,2115,-1100,376
1.7972,2035,2115,-1100,376
1.7975,2035,2114,-1100,372
1.7979,2035,2114,-1100,372
1.7983,2035,2114,-1100,372
1.7986,2035,2113,-1100,372
1.7990,2035,2113,-1100,372
1.7993,2035,2112,-1100,380
1.7997,2035,2112,-1100,380
1.8001,2021,2110,-1100,372
1.8007,2021,2110,-1100,372
1.8011,2021,2110,-1100,372
1.8015,2021,2109,-1100,372
1.8019,2021,2109,-1100,372
1.8022,2021,2109,-1100,372
1.8026,2021,2108,-1100,380
1.8030,2021,2108,-1100,380
1.8034,2021,2107,-1100,380
1.8037,2021,2107,-1100,380
1.8041,2021,2107,-1100,380
1.8046,2021,2106,-1100,388
1.8050,2021,2106,-1100,388
1.8054,2021,2104,-1100,380
1.8058,2021,2104,-1100,380
1.8062,2021,2104,-1100,380
1.8065,2021,2103,-1100,380
1.8069,2021,2103,-1100,380
1.8073,2021,2102,-1100,388
1.8076,2021,2102,-1100,388
1.8080,2021,2102,-1100,388
1.8084,2021,2101,-1100,388
1.8087,2021,2101,-1100,388
1.8091,2021,2101,-1100,388
1.8094,2021,2099,-1100,380
1.8098,2021,2099,-1100,380
1.8102,2006,2098,-1100,388
1.8108,2006,2098,-1100,388
1.8113,2006,2097,-1100,388
1.8116,2006,2097,-1100,388
1.8120,2006,2097,-1100,388
1.8123,2006,2096,-1100,396
1.8127,2006,2096,-1100,396
1.8131,2006,2096,-1100,396
1.8134,2006,2094,-1250,388
1.8138,2006,2094,-1250,388
1.8142,2006,2093,-1250,388
1.8146,2006,2093,-1250,388
1.8150,2006,2093,-1250,388
1.8153,2006,2091,-1250,388
1.8157,2006,2091,-1250,388
1.8161,2006,2091,-1250,388
1.8164,2006,2090,-1250,388
1.8168,2006,2090,-1250,388
1.8173,2006,2089,-1250,396
1.8176,2006,2089,-1250,396
1.8180,2006,2089,-1250,396
1.8184,2006,2088,-1250,396
1.8187,2006,2088,-1250,396
1.8191,2006,2088,-1250,396
1.8195,2006,2086,-1250,388
1.8199,2006,2086,-1250,388
1.8203,1991,2085,-1250,396
1.8210,1991,2085,-1250,396
1.8213,1991,2084,-1250,396
1.8217,1991,2084,-1250,396
1.8221,1991,2084,-1250,396
1.8224,1991,2083,-1250,396
1.8228,1991,2083,-1250,396
1.8233,1991,2081,-1250,396
1.8236,1991,2081,-1250,396
1.8240,1991,2081,-1250,396
1.8244,1991,2080,-1250,396
1.8248,1991,2080,-1250,396
1.8253,1991,2078,-1250,396
1.8256,1991,2078,-1250,396
1.8260,1991,2078,-1250,396
1.8264,1991,2077,-1250,396
1.8268,1991,2077,-1250,396
1.8272,1991,2076,-1250,404
1.8275,1991,2076,-1250,404
1.8279,1991,2076,-1250,404
1.8283,1991,2075,-1250,404
1.8287,1991,2075,-1250,404
1.8290,1991,2075,-1250,404
1.8295,1991,2073,-1250,396
1.8298,1991,2073,-1250,396
1.8303,1977,2072,-1250,404
1.8310,1977,2072,-1250,404
1.8314,1977,2071,-1250,404
1.8317,1977,2071,-1250,404
1.8321,1977,2071,-1250,404
1.8325,1977,2069,-1250,404
1.8328,1977,2069,-1250,404
1.8333,1977,2068,-1300,404
1.8338,1977,2068,-1300,404
1.8341,1977,2067,-1300,404
1.8345,1977,2067,-1300,404
1.8349,1977,2067,-1300,404
1.8353,1977,2065,-1300,404
1.8356,1977,2065,-1300,404
1.8360,1977,2065,-1300,404
1.8363,1977,2064,-1300,404
1.8367,1977,2064,-1300,404
1.8371,1977,2064,-1300,404
1.8374,1977,2063,-1300,408
1.8378,1977,2063,-1300,408
1.8381,1977,2061,-1300,400
1.8385,1977,2061,-1300,400
1.8389,1977,2061,-1300,400
1.8393,1977,2060,-1300,408
1.8396,1977,2060,-1300,408
1.8400,1977,2060,-1300,408
1.8404,1963,2058,-1300,400
1.8411,1963,2058,-1300,400
1.8414,1963,2057,-1300,400
1.8418,1963,2057,-1300,400
1.8423,1963,2055,-1300,400
1.8426,1963,2055,-1300,400
1.8430,1963,2055,-1300,400
1.8433,1963,2054,-1300,400
1.8437,1963,2054,-1300,400
1.8441,1963,2053,-1300,408
1.8445,1963,2053,-1300,408
1.8449,1963,2053,-1300,408
1.8453,1963,2051,-1300,400
1.8456,1963,2051,-1300,400
1.8460,1963,2051,-1300,400
1.8464,1963,2050,-1300,408
1.8468,1963,2050,-1300,408
1.8471,1963,2048,-1300,400
1.8475,1963,2048,-1300,400
1.8479,1963,2048,-1300,400
1.8483,1963,2047,-1300,400
1.8486,1963,2047,-1300,400
1.8490,1963,2047,-1300,400
1.8494,1963,2046,-1300,408
1.8497,1963,2046,-1300,408
1.8501,1950,2044,-1300,400
1.8508,1950,2044,-1300,400
1.8513,1950,2043,-1300,400
1.8516,1950,2043,-1300,400
1.8520,1950,2043,-1300,400
1.8523,1950,2042,-1300,408
1.8527,1950,2042,-1300,408
1.8531,1950,2040,-1400,400
1.8534,1950,2040,-1400,400
1.8538,1950,2040,-1400,400
1.8543,1950,2038,-1400,400
1.8546,1950,2038,-1400,400
1.8550,1950,2038,-1400,400
1.8554,1950,2037,-1400,400
1.8557,1950,2037,-1400,400
1.8561,1950,2035,-1400,400
1.8564,1950,2035,-1400,400
1.8568,1950,2035,-1400,400
1.8572,1950,2034,-1400,388
1.8575,1950,2034,-1400,388
1.8579,1950,2034,-1400,388
1.8583,1950,2033,-1400,388
1.8586,1950,2033,-1400,388
1.8590,1950,2033,-1400,388
1.8593,1950,2031,-1400,388
1.8597,1950,2031,-1400,388
1.8600,1938,2030,-1400,388
1.8608,1938,2030,-1400,388
1.8611,1938,2029,-1400,388
1.8615,1938,2029,-1400,388
1.8619,1938,2029,-1400,388
1.8623,1938,2027,-1400,388
1.8626,1938,2027,-1400,388
1.8630,1938,2026,-1400,388
1.8634,1938,2026,-1400,388
1.8638,1938,2026,-1400,388
1.8641,1938,2024,-1400,380
1.8645,1938,2024,-1400,380
1.8649,1938,2024,-1400,380
1.8653,1938,2023,-1400,388
1.8656,1938,2023,-1400,388
1.8660,1938,2021,-1400,380
1.8663,1938,2021,-1400,380
1.8667,1938,2021,-1400,380
1.8671,1938,2020,-1400,388
1.8674,1938,2020,-1400,388
1.8678,1938,2020,-1400,388
1.8682,1938,2019,-1400,388
1.8685,1938,2019,-1400,388
1.8689,1938,2019,-1400,388
1.8693,1938,2017,-1400,380
1.8696,1938,2017,-1400,380
1.8700,1938,2016,-1400,380
1.8704,1926,2016,-1400,380
1.8711,1926,2014,-1400,380
1.8714,1926,2014,-1400,380
1.8718,1926,2014,-1400,380
1.8723,1926,2013,-1400,380
1.8726,1926,2013,-1400,380
1.8730,1926,2012,-1400,380
1.8734,1926,2012,-1400,380
1.8737,1926,2012,-1400,380
1.8741,1926,2010,-1400,380
1.8745,1926,2010,-1400,380
1.8749,1926,2010,-1400,380
1.8753,1926,2009,-1400,380
1.8756,1926,2009,-1400,380
1.8760,1926,2007,-1400,380
1.8764,1926,2007,-1400,380
1.8767,1926,2007,-1400,380
1.8771,1926,2006,-1400,380
1.8775,1926,2006,-1400,380
1.8778,1926,2006,-1400,380
1.8783,1926,2005,-1400,380
1.8786,1926,2005,-1400,380
1.8790,1926,2003,-1400,380
1.8794,1926,2003,-1400,380
1.8798,1926,2003,-1400,380
1.8801,1916,2002,-1400,380
1.8808,1916,2002,-1400,380
1.8813,1916,2000,-1400,372
1.8816,1916,2000,-1400,372
1.8820,1916,1999,-1400,372
1.8824,1916,1999,-1400,372
1.8827,1916,1999,-1400,372
1.8831,1916,1998,-1400,380
1.8835,1916,1998,-1400,380
1.8838,1916,1998,-1400,380
1.8843,1916,1996,-1400,372
1.8846,1916,1996,-1400,372
1.8850,1916,1995,-1400,372
1.8853,1916,1995,-1400,372
1.8857,1916,1995,-1400,372
1.8861,1916,1993,-1400,372
1.8865,1916,1993,-1400,372
1.8868,1916,1993,-1400,372
1.8873,1916,1992,-1400,372
1.8876,1916,1992,-1400,372
1.8880,1916,1991,-1400,372
1.8884,1916,1991,-1400,372
1.8887,1916,1991,-1400,372
1.8891,1916,1989,-1400,372
1.8895,1916,1989,-1400,372
1.8898,1916,1989,-1400,372
1.8903,1906,1988,-1400,372
1.8910,1906,1986,-1400,364
1.8913,1906,1986,-1400,364
1.8917,1906,1986,-1400,364
1.8922,1906,1985,-1400,364
1.8926,1906,1985,-1400,364
1.8929,1906,1984,-1400,372
1.8933,1906,1984,-1400,372
1.8937,1906,1984,-1400,372
1.8940,1906,1983,-1400,372
1.8944,1906,1983,-1400,372
1.8948,1906,1983,-1400,372
1.8951,1906,1981,-1400,364
1.8955,1906,1981,-1400,364
1.8959,1906,1980,-1400,372
1.8963,1906,1980,-1400,372
1.8966,1906,1980,-1400,372
1.8970,1906,1979,-1400,372
1.8974,1906,1979,-1400,372
1.8978,1906,1979,-1400,372
1.8981,1906,1978,-1400,372
1.8985,1906,1978,-1400,372
1.8989,1906,1976,-1400,364
1.8993,1906,1976,-1400,364
1.8996,1906,1976,-1400,364
1.9000,1898,1974,-1400,356
1.9007,1898,1974,-1400,356
1.9011,1898,1973,-1400,364
1.9015,1898,1973,-1400,364
1.9019,1898,1972,-1400,364
1.9023,1898,1972,-1400,364
1.9027,1898,1972,-1400,364
1.9031,1898,1970,-1400,356
1.9035,1898,1970,-1400,356
1.9039,1898,1969,-1400,356
1.9043,1898,1969,-1400,356
1.9047,1898,1969,-1400,356
1.9051,1898,1968,-1400,356
1.9055,1898,1968,-1400,356
1.9059,1898,1966,-1400,356
1.9063,1898,1966,-1400,356
1.9067,1898,1965,-1400,356
1.9072,1898,1965,-1400,356
1.9076,1898,1965,-1400,356
1.9080,1898,1964,-1400,356
1.9084,1898,1964,-1400,356
1.9088,1898,1962,-1400,348
1.9092,1898,1962,-1400,348
1.9096,1898,1962,-1400,348
1.9100,1898,1961,-1400,348
1.9104,1890,1961,-1400,348
1.9112,1890,1960,-1400,348
1.9116,1890,1960,-1400,348
1.9120,1890,1959,-1400,348
1.9124,1890,1959,-1400,348
1.9128,1890,1957,-1350,340
1.9133,1890,1957,-1350,340
1.9136,1890,1957,-1350,340
1.9140,1890,1956,-1350,340
1.9144,1890,1956,-1350,340
1.9148,1890,1955,-1350,340
1.9152,1890,1955,-1350,340
1.9156,1890,1955,-1350,340
1.9159,1890,1953,-1350,340
1.9163,1890,1953,-1350,340
1.9167,1890,1953,-1350,340
1.9170,1890,1952,-1350,328
1.9174,1890,1952,-1350,328
1.9177,1890,1950,-1350,320
1.9181,1890,1950,-1350,320
1.9185,1890,1950,-1350,320
1.9188,1890,1949,-1350,320
1.9193,1890,1949,-1350,320
1.9196,1890,1949,-1350,320
1.9200,1890,1948,-1350,320
1.9203,1884,1948,-1350,320
1.9210,1884,1946,-1350,312
1.9214,1884,1946,-1350,312
1.9218,1884,1945,-1350,312
1.9221,1884,1945,-1350,312
1.9225,1884,1945,-1350,312
1.9229,1884,1944,-1350,312
1.9233,1884,1944,-1350,312
1.9237,1884,1944,-1350,312
1.9240,1884,1942,-1350,304
1.9244,1884,1942,-1350,304
1.9248,1884,1941,-1350,304
1.9251,1884,1941,-1350,304
1.9255,1884,1941,-1350,304
1.9259,1884,1940,-1350,304
1.9263,1884,1940,-1350,304
1.9266,1884,1940,-1350,304
1.9270,1884,1938,-1350,296
1.9274,1884,1938,-1350,296
1.9277,1884,1937,-1350,296
1.9281,1884,1937,-1350,296
1.9284,1884,1937,-1350,296
1.9288,1884,1936,-1350,296
1.9293,1884,1936,-1350,296
1.9296,1884,1936,-1350,296
1.9300,1884,1935,-1350,288
1.9303,1879,1934,-1350,288
1.9310,1879,1934,-1350,288
1.9314,1879,1934,-1350,288
1.9317,1879,1932,-1350,280
1.9321,1879,1932,-1350,280
1.9324,1879,1932,-1350,280
1.9328,1879,1931,-1300,280
1.9331,1879,1931,-1300,280
1.9335,1879,1931,-1300,280
1.9338,1879,1930,-1300,280
1.9342,1879,1930,-1300,280
1.9346,1879,1930,-1300,280
1.9350,1879,1929,-1300,280
1.9353,1879,1929,-1300,280
1.9357,1879,1928,-1300,280
1.9361,1879,1928,-1300,280
1.9365,1879,1928,-1300,280
1.9369,1879,1926,-1300,248
1.9372,1879,1926,-1300,248
1.9376,1879,1926,-1300,248
1.9380,1879,1925,-1300,248
1.9383,1879,1925,-1300,248
1.9387,1879,1924,-1300,248
1.9391,1879,1924,-1300,248
1.9395,1879,1924,-1300,248
1.9399,1879,1923,-1300,248
1.9403,1875,1923,-1300,248
1.9410,1875,1922,-1300,248
1.9414,1875,1922,-1300,248
1.9417,1875,1921,-1300,240
1.9421,1875,1921,-1300,240
1.9425,1875,1921,-1300,240
1.9429,1875,1919,-1300,232
1.9432,1875,1919,-1300,232
1.9436,1875,1919,-1300,232
1.9440,1875,1918,-1300,232
1.9443,1875,1918,-1300,232
1.9447,1875,1917,-1300,232
1.9451,1875,1917,-1300,232
1.9454,1875,1917,-1300,232
1.9458,1875,1916,-1300,224
1.9461,1875,1916,-1300,224
1.9465,1875,1916,-1300,224
1.9469,1875,1915,-1300,224
1.9472,1875,1915,-1300,224
1.9476,1875,1915,-1300,224
1.9479,1875,1914,-1300,224
1.9483,1875,1914,-1300,224
1.9487,1875,1913,-1300,224
1.9491,1875,1913,-1300,224
1.9494,1875,1913,-1300,224
1.9498,1875,1912,-1300,216
1.9502,1873,1912,-1300,216
1.9508,1873,1911,-1300,216
1.9512,1873,1911,-1300,216
1.9516,1873,1910,-1300,216
1.9520,1873,1910,-1300,216
1.9523,1873,1910,-1300,216
1.9527,1873,1909,-1100,208
1.9531,1873,1909,-1100,208
1.9534,1873,1909,-1100,208
1.9538,1873,1908,-1100,208
1.9543,1873,1908,-1100,208
1.9546,1873,1907,-1100,200
1.9550,1873,1907,-1100,200
1.9554,1873,1907,-1100,200
1.9558,1873,1906,-1100,200
1.9562,1873,1906,-1100,200
1.9565,1873,1905,-1100,208
1.9569,1873,1905,-1100,208
1.9573,1873,1905,-1100,208
1.9577,1873,1903,-1100,192
1.9581,1873,1903,-1100,192
1.9584,1873,1903,-1100,192
1.9588,1873,1902,-1100,184
1.9593,1873,1902,-1100,184
1.9596,1873,1901,-1100,184
1.9600,1871,1901,-1100,184
1.9607,1871,1901,-1100,184
1.9611,1871,1901,-1100,184
1.9615,1871,1900,-1100,184
1.9619,1871,1900,-1100,184
1.9623,1871,1900,-1100,184
1.9626,1871,1899,-1100,176
1.9630,1871,1899,-1100,176
1.9634,1871,1899,-1100,176
1.9638,1871,1898,-1100,176
1.9642,1871,1898,-1100,176
1.9646,1871,1897,-1100,168
1.9649,1871,1897,-1100,168
1.9653,1871,1897,-1100,168
1.9657,1871,1896,-1100,168
1.9661,1871,1896,-1100,168
1.9664,1871,1896,-1100,168
1.9668,1871,1895,-1100,160
1.9673,1871,1895,-1100,160
1.9676,1871,1894,-1100,152
1.9680,1871,1894,-1100,152
1.9684,1871,1894,-1100,152
1.9688,1871,1893,-1100,152
1.9693,1871,1893,-1100,152
1.9697,1871,1892,-1100,144
1.9701,1872,1892,-1100,144
1.9709,1872,1892,-1100,144
1.9713,1872,1892,-1100,144
1.9716,1872,1891,-1100,144
1.9720,1872,1891,-1100,144
1.9724,1872,1891,-1100,144
1.9728,1872,1890,-950,136
1.9732,1872,1890,-950,136
1.9737,1872,1889,-950,128
1.9741,1872,1889,-950,128
1.9745,1872,1888,-950,120
1.9749,1872,1888,-950,120
1.9753,1872,1888,-950,120
1.9757,1872,1887,-950,112
1.9761,1872,1887,-950,112
1.9765,1872,1887,-950,88
1.9769,1872,1887,-950,88
1.9773,1872,1887,-950,88
1.9777,1872,1886,-950,80
1.9781,1872,1886,-950,80
1.9785,1872,1885,-950,80
1.9788,1872,1885,-950,80
1.9793,1872,1885,-950,80
1.9796,1872,1885,-950,80
1.9800,1872,1885,-950,80
1.9803,1873,1884,-950,72
1.9810,1873,1884,-950,72
1.9814,1873,1884,-950,72
1.9818,1873,1883,-950,56
1.9821,1873,1883,-950,56
1.9825,1873,1882,-950,48
1.9829,1873,1882,-950,48
1.9833,1873,1882,-950,48
1.9836,1873,1882,-950,48
1.9840,1873,1882,-950,48
1.9844,1873,1882,-950,48
1.9847,1873,1881,-950,40
1.9851,1873,1881,-950,40
1.9855,1873,1880,-950,32
1.9859,1873,1880,-950,32
1.9863,1873,1880,-950,32
1.9867,1873,1880,-950,32
1.9870,1873,1880,-950,32
1.9874,1873,1879,-950,0
1.9878,1873,1879,-950,0
1.9881,1873,1879,-950,0
1.9885,1873,1879,-950,0
1.9889,1873,1879,-950,0
1.9893,1873,1879,-950,0
1.9896,1873,1878,-950,-24
1.9900,1876,1878,-950,-24
1.9907,1876,1877,-950,-32
1.9911,1876,1877,-950,-32
1.9914,1876,1877,-950,-32
1.9918,1876,1877,-950,-32
1.9923,1876,1877,-950,-32
1.9926,1876,1876,-700,-48
1.9930,1876,1876,-700,-48
1.9934,1876,1876,-700,-48
1.9938,1876,1876,-700,-48
1.9941,1876,1876,-700,-48
1.9945,1876,1875,-700,-56
1.9949,1876,1875,-700,-56
1.9952,1876,1875,-700,-56
1.9956,1876,1875,-700,-64
1.9960,1876,1875,-700,-64
1.9963,1876,1875,-700,-64
1.9967,1876,1875,-700,-76
1.9971,1876,1875,-700,-76
1.9974,1876,1874,-700,-76
1.9978,1876,1874,-700,-76
1.9981,1876,1874,-700,-76
1.9985,1876,1874,-700,-76
1.9989,1876,1874,-700,-76
1.9992,1876,1874,-700,-76
1.9996,1876,1874,-700,-76
2.0000,1876,1874,-700,-76
2.0004,1880,1873,-700,-84
2.0010,1880,1873,-700,-84
2.0014,1880,1873,-700,-84
2.0018,1880,1873,-700,-84
2.0021,1880,1873,-700,-84
2.0025,1880,1873,-700,-84
2.0029,1880,1873,-700,-84
2.0032,1880,1873,-700,-84
2.0036,1880,1873,-700,-92
2.0040,1880,1873,-700,-92
2.0044,1880,1872,-700,-100
2.0047,1880,1872,-700,-100
2.0051,1880,1872,-700,-100
2.0055,1880,1872,-700,-100
2.0058,1880,1872,-700,-100
2.0063,1880,1872,-700,-100
2.0066,1880,1872,-700,-108
2.0070,1880,1872,-700,-108
2.0074,1880,1872,-700,-108
2.0077,1880,1872,-700,-108
2.0081,1880,1872,-700,-108
2.0085,1880,1872,-700,-108
2.0089,1880,1872,-700,-108
2.0093,1880,1872,-700,-116
2.0097,1880,1872,-700,-116
2.0100,1885,1872,-700,-116
2.0107,1885,1872,-700,-116
2.0111,1885,1872,-700,-116
2.0115,1885,1872,-700,-116
2.0119,1885,1872,-700,-116
2.0123,1885,1872,-700,-116
2.0126,1885,1872,-200,-124
2.0130,1885,1872,-200,-124
2.0134,1885,1872,-200,-124
2.0137,1885,1872,-200,-124
2.0141,1885,1872,-200,-124
2.0145,1885,1872,-200,-124
2.0148,1885,1872,-200,-124
2.0153,1885,1872,-200,-124
2.0156,1885,1872,-200,-132
2.0160,1885,1872,-200,-132
2.0164,1885,1872,-200,-100
2.0167,1885,1872,-200,-100
2.0171,1885,1872,-200,-100
2.0175,1885,1872,-200,-108
2.0179,1885,1872,-200,-108
2.0183,1885,1872,-200,-108
2.0186,1885,1872,-200,-108
2.0190,1885,1872,-200,-108
2.0194,1885,1872,-200,-116
2.0198,1885,1872,-200,-116
2.0201,1892,1872,-200,-116
2.0208,1892,1872,-200,-116
2.0213,1892,1872,-200,-124
2.0216,1892,1872,-200,-124
2.0220,1892,1872,-200,-124
2.0224,1892,1872,-200,-124
2.0227,1892,1872,-200,-124
2.0231,1892,1872,-200,-124
2.0235,1892,1872,-200,-132
2.0239,1892,1872,-200,-132
2.0243,1892,1872,-200,-132
2.0246,1892,1872,-200,-132
2.0250,1892,1872,-200,-132
2.0254,1892,1872,-200,-140
2.0257,1892,1872,-200,-140
2.0261,1892,1872,-200,-140
2.0265,1892,1872,-200,-140
2.0269,1892,1872,-200,-140
2.0273,1892,1872,-200,-148
2.0276,1892,1872,-200,-148
2.0280,1892,1872,-200,-148
2.0284,1892,1872,-200,-148
2.0287,1892,1872,-200,-148
2.0291,1892,1872,-200,-148
2.0296,1892,1872,-200,-156
2.0299,1892,1872,-200,-156
2.0303,1899,1872,-200,-156
2.0311,1899,1872,-200,-156
2.0314,1899,1873,-200,-156
2.0318,1899,1873,-200,-156
2.0322,1899,1873,50,-156
2.0326,1899,1873,50,-156
2.0330,1899,1873,50,-156
2.0334,1899,1873,50,-164
2.0338,1899,1873,50,-164
2.0343,1899,1874,50,-164
2.0346,1899,1874,50,-164
2.0350,1899,1874,50,-164
2.0354,1899,1874,50,-164
2.0359,1899,1874,50,-164
2.0363,1899,1874,50,-180
2.0366,1899,1874,50,-180
2.0370,1899,1874,50,-180
2.0374,1899,1875,50,-172
2.0378,1899,1875,50,-172
2.0382,1899,1875,50,-180
2.0386,1899,1875,50,-180
2.0389,1899,1875,50,-180
2.0393,1899,1875,50,-188
2.0397,1899,1875,50,-188
2.0401,1908,1876,50,-180
2.0408,1908,1876,50,-180
2.0411,1908,1876,50,-188
2.0415,1908,1876,50,-188
2.0419,1908,1876,50,-188
2.0423,1908,1877,50,-180
2.0426,1908,1877,50,-180
2.0430,1908,1877,50,-180
2.0434,1908,1877,50,-188
2.0437,1908,1877,50,-188
2.0441,1908,1877,50,-196
2.0445,1908,1877,50,-196
2.0449,1908,1877,50,-196
2.0453,1908,1878,50,-188
2.0456,1908,1878,50,-188
2.0460,1908,1878,50,-188
2.0464,1908,1878,50,-196
2.0467,1908,1878,50,-196
2.0471,1908,1879,50,-196
2.0475,1908,1879,50,-196
2.0479,1908,1879,50,-196
2.0482,1908,1879,50,-204
2.0486,1908,1879,50,-204
2.0490,1908,1879,50,-204
2.0493,1908,1879,50,-204
2.0497,1908,1879,50,-204
2.0501,1918,1880,50,-204
2.0508,1918,1880,50,-204
2.0511,1918,1880,50,-212
2.0515,1918,1880,50,-212
2.0519,1918,1880,50,-212
2.0523,1918,1881,400,-204
2.0526,1918,1881,400,-204
2.0530,1918,1881,400,-204
2.0534,1918,1881,400,-212
2.0537,1918,1881,400,-212
2.0541,1918,1882,400,-212
2.0545,1918,1882,400,-212
2.0549,1918,1882,400,-212
2.0553,1918,1882,400,-220
2.0557,1918,1882,400,-220
2.0560,1918,1882,400,-220
2.0564,1918,1883,400,-192
2.0568,1918,1883,400,-192
2.0571,1918,1884,400,-192
2.0575,1918,1884,400,-192
2.0579,1918,1884,400,-192
2.0583,1918,1884,400,-200
2.0587,1918,1884,400,-200
2.0591,1918,1885,400,-200
2.0595,1918,1885,400,-200
2.0598,1918,1885,400,-200
2.0603,1929,1885,400,-208
2.0610,1929,1885,400,-208
2.0614,1929,1886,400,-200
2.0617,1929,1886,400,-200
2.0621,1929,1886,400,-208
2.0625,1929,1886,400,-208
2.0629,1929,1886,400,-208
2.0633,1929,1887,400,-208
2.0636,1929,1887,400,-208
2.0640,1929,1887,400,-208
2.0644,1929,1887,400,-216
2.0648,1929,1887,400,-216
2.0651,1929,1888,400,-216
2.0655,1929,1888,400,-216
2.0659,1929,1888,400,-216
2.0663,1929,1889,400,-216
2.0666,1929,1889,400,-216
2.0670,1929,1889,400,-216
2.0674,1929,1889,400,-224
2.0678,1929,1889,400,-224
2.0681,1929,1890,400,-216
2.0685,1929,1890,400,-216
2.0689,1929,1890,400,-216
2.0693,1929,1890,400,-224
2.0697,1929,1890,400,-224
2.0701,1940,1891,400,-224
2.0708,1940,1891,400,-224
2.0712,1940,1892,400,-224
2.0716,1940,1892,400,-224
2.0720,1940,1892,550,-232
2.0724,1940,1892,550,-232
2.0728,1940,1892,550,-232
2.0732,1940,1893,550,-232
2.0735,1940,1893,550,-232
2.0739,1940,1893,550,-232
2.0743,1940,1894,550,-232
2.0748,1940,1894,550,-232
2.0752,1940,1894,550,-240
2.0756,1940,1894,550,-240
2.0759,1940,1894,550,-240
2.0763,1940,1895,550,-248
2.0767,1940,1895,550,-248
2.0771,1940,1896,550,-240
2.0775,1940,1896,550,-240
2.0779,1940,1896,550,-240
2.0783,1940,1896,550,-248
2.0787,1940,1896,550,-248
2.0791,1940,1897,550,-248
2.0794,1940,1897,550,-248
2.0798,1940,1897,550,-248
2.0803,1953,1898,550,-248
2.0810,1953,1898,550,-256
2.0814,1953,1898,550,-256
2.0818,1953,1898,550,-256
2.0821,1953,1899,550,-256
2.0825,1953,1899,550,-256
2.0829,1953,1900,550,-256
2.0833,1953,1900,550,-256
2.0837,1953,1900,550,-256
2.0841,1953,1900,550,-264
2.0845,1953,1900,550,-264
2.0849,1953,1900,550,-264
2.0853,1953,1901,550,-264
2.0857,1953,1901,550,-264
2.0861,1953,1902,550,-264
2.0865,1953,1902,550,-264
2.0869,1953,1902,550,-272
2.0874,1953,1902,550,-272
2.0878,1953,1902,550,-272
2.0882,1953,1903,550,-272
2.0886,1953,1903,550,-272
2.0890,1953,1904,550,-272
2.0894,1953,1904,550,-272
2.0898,1953,1904,550,-272
2.0901,1966,1905,550,-272
2.0910,1966,1906,550,-272
2.0914,1966,1906,550,-272
2.0917,1966,1906,550,-272
2.0921,1966,1906,700,-280
2.0925,1966,1906,700,-280
2.0929,1966,1906,700,-280
2.0933,1966,1907,700,-280
2.0936,1966,1907,700,-280
2.0940,1966,1908,700,-280
2.0944,1966,1908,700,-280
2.0948,1966,1908,700,-280
2.0951,1966,1908,700,-296
2.0955,1966,1908,700,-296
2.0959,1966,1909,700,-296
2.0963,1966,1909,700,-296
2.0967,1966,1909,700,-296
2.0971,1966,1910,700,-296
2.0974,1966,1910,700,-296
2.0978,1966,1910,700,-296
2.0983,1966,1911,700,-296
2.0986,1966,1911,700,-296
2.0990,1966,1912,700,-296
2.0994,1966,1912,700,-296
2.0997,1966,1912,700,-296
2.1001,1979,1913,700,-296
2.1008,1979,1913,700,-296
2.1013,1979,1914,700,-296
2.1016,1979,1914,700,-296
2.1020,1979,1915,700,-296
2.1024,1979,1915,700,-296
2.1027,1979,1915,700,-296
2.1031,1979,1915,700,-304
2.1034,1979,1915,700,-304
2.1038,1979,1915,700,-304
2.1043,1979,1916,700,-304
2.1046,1979,1916,700,-304
2.1050,1979,1917,700,-304
2.1054,1979,1917,700,-304
2.1057,1979,1917,700,-304
2.1061,1979,1918,700,-304
2.1065,1979,1918,700,-304
2.1069,1979,1919,700,-312
2.1073,1979,1919,700,-312
2.1077,1979,1919,700,-312
2.1081,1979,1920,700,-312
2.1084,1979,1920,700,-312
2.1088,1979,1921,700,-312
2.1093,1979,1921,700,-312
2.1096,1979,1921,700,-312
2.1100,1993,1921,700,-320
2.1107,1993,1921,700,-320
2.1111,1993,1922,700,-320
2.1115,1993,1922,700,-320
2.1119,1993,1924,900,-312
2.1123,1993,1924,900,-312
2.1127,1993,1924,900,-312
2.1132,1993,1924,900,-320
2.1136,1993,1924,900,-320
2.1140,1993,1925,900,-320
2.1144,1993,1925,900,-320
2.1148,1993,1926,900,-328
2.1153,1993,1926,900,-328
2.1157,1993,1926,900,-328
2.1161,1993,1927,900,-320
2.1165,1993,1927,900,-320
2.1169,1993,1928,900,-320
2.1173,1993,1928,900,-320
2.1177,1993,1928,900,-320
2.1181,1993,1929,900,-320
2.1185,1993,1929,900,-320
2.1190,1993,1930,900,-320
2.1193,1993,1930,900,-320
2.1197,1993,1930,900,-320
2.1201,2008,1931,900,-328
2.1209,2008,1932,900,-328
2.1213,2008,1932,900,-328
2.1218,2008,1933,900,-328
2.1223,2008,1933,900,-328
2.1227,2008,1933,900,-328
2.1231,2008,1934,900,-328
2.1235,2008,1934,900,-328
2.1239,2008,1935,900,-336
2.1243,2008,1935,900,-336
2.1247,2008,1936,900,-336
2.1251,2008,1936,900,-336
2.1256,2008,1936,900,-336
2.1260,2008,1937,900,-336
2.1264,2008,1937,900,-336
2.1268,2008,1938,900,-336
2.1272,2008,1938,900,-336
2.1276,2008,1938,900,-336
2.1280,2008,1939,900,-344
2.1283,2008,1939,900,-344
2.1288,2008,1940,900,-344
2.1291,2008,1940,900,-344
2.1295,2008,1940,900,-344
2.1299,2008,1941,900,-344
2.1303,2023,1941,900,-344
2.1310,2023,1942,900,-344
2.1314,2023,1942,900,-344
2.1318,2023,1943,950,-352
2.1322,2023,1943,950,-352
2.1326,2023,1943,950,-352
2.1330,2023,1945,950,-344
2.1334,2023,1945,950,-344
2.1338,2023,1946,950,-344
2.1342,2023,1946,950,-344
2.1345,2023,1946,950,-344
2.1349,2023,1947,950,-344
2.1353,2023,1947,950,-344
2.1357,2023,1948,950,-352
2.1361,2023,1948,950,-352
2.1365,2023,1948,950,-352
2.1369,2023,1949,950,-352
2.1373,2023,1949,950,-352
2.1377,2023,1949,950,-352
2.1380,2023,1950,950,-352
2.1384,2023,1950,950,-352
2.1388,2023,1951,950,-360
2.1393,2023,1951,950,-360
2.1397,2023,1951,950,-360
2.1400,2038,1952,950,-360
2.1407,2038,1953,950,-360
2.1412,2038,1953,950,-360
2.1415,2038,1953,950,-360
2.1419,2038,1954,950,-368
2.1423,2038,1954,950,-368
2.1427,2038,1956,950,-360
2.1430,2038,1956,950,-360
2.1434,2038,1956,950,-360
2.1438,2038,1957,950,-360
2.1443,2038,1957,950,-360
2.1446,2038,1957,950,-360
2.1450,2038,1958,950,-368
2.1454,2038,1958,950,-368
2.1458,2038,1959,950,-368
2.1461,2038,1959,950,-368
2.1465,2038,1959,950,-368
2.1469,2038,1960,950,-368
2.1473,2038,1960,950,-368
2.1476,2038,1962,950,-368
2.1480,2038,1962,950,-368
2.1483,2038,1962,950,-368
2.1487,2038,1963,950,-368
2.1491,2038,1963,950,-368
2.1494,2038,1963,950,-368
2.1498,2038,1964,950,-368
2.1501,2053,1964,950,-368
2.1508,2053,1965,950,-376
2.1513,2053,1965,950,-376
2.1516,2053,1966,1150,-376
2.1520,2053,1966,1150,-376
2.1524,2053,1966,1150,-376
2.1527,2053,1967,1150,-376
2.1531,2053,1967,1150,-376
2.1536,2053,1967,1150,-376
2.1539,2053,1968,1150,-376
2.1544,2053,1968,1150,-376
2.1548,2053,1970,1150,-376
2.1552,2053,1970,1150,-376
2.1555,2053,1970,1150,-376
2.1559,2053,1971,1150,-372
2.1563,2053,1971,1150,-372
2.1567,2053,1972,1150,-380
2.1571,2053,1972,1150,-380
2.1574,2053,1972,1150,-380
2.1578,2053,1973,1150,-380
2.1581,2053,1973,1150,-380
2.1585,2053,1973,1150,-380
2.1589,2053,1974,1150,-380
2.1592,2053,1974,1150,-380
2.1596,2053,1976,1150,-380
2.1600,2053,1976,1150,-380
2.1603,2068,1977,1150,-380
2.1611,2068,1977,1150,-380
2.1614,2068,1977,1150,-380
2.1618,2068,1978,1150,-380
2.1622,2068,1978,1150,-380
2.1625,2068,1978,1150,-380
2.1629,2068,1979,1150,-388
2.1633,2068,1979,1150,-388
2.1636,2068,1980,1150,-388
2.1640,2068,1980,1150,-388
2.1643,2068,1980,1150,-388
2.1647,2068,1982,1150,-380
2.1651,2068,1982,1150,-380
2.1654,2068,1982,1150,-380
2.1658,2068,1983,1150,-388
2.1661,2068,1983,1150,-388
2.1665,2068,1983,1150,-388
2.1669,2068,1984,1150,-388
2.1673,2068,1984,1150,-388
2.1676,2068,1986,1150,-388
2.1680,2068,1986,1150,-388
2.1683,2068,1986,1150,-388
2.1687,2068,1987,1150,-388
2.1690,2068,1987,1150,-388
2.1694,2068,1987,1150,-388
2.1698,2068,1988,1150,-388
2.1701,2083,1988,1150,-388
2.1708,2083,1990,1150,-380
2.1712,2083,1990,1150,-380
2.1716,2083,1991,1250,-388
2.1719,2083,1991,1250,-388
2.1723,2083,1991,1250,-388
2.1727,2083,1992,1250,-388
2.1730,2083,1992,1250,-388
2.1734,2083,1992,1250,-388
2.1737,2083,1993,1250,-396
2.1742,2083,1993,1250,-396
2.1746,2083,1995,1250,-388
2.1749,2083,1995,1250,-388
2.1753,2083,1995,1250,-388
2.1757,2083,1996,1250,-384
2.1760,2083,1996,1250,-384
2.1764,2083,1996,1250,-384
2.1767,2083,1997,1250,-392
2.1771,2083,1997,1250,-392
2.1775,2083,1998,1250,-392
2.1779,2083,1998,1250,-392
2.1782,2083,1998,1250,-392
2.1786,2083,2000,1250,-392
2.1790,2083,2000,1250,-392
2.1793,2083,2000,1250,-392
2.1797,2083,2001,1250,-392
2.1800,2097,2001,1250,-392
2.1807,2097,2002,1250,-392
2.1811,2097,2002,1250,-392
2.1814,2097,2002,1250,-392
2.1818,2097,2004,1250,-392
2.1821,2097,2004,1250,-392
2.1825,2097,2005,1250,-392
2.1829,2097,2005,1250,-392
2.1832,2097,2005,1250,-392
2.1836,2097,2006,1250,-400
2.1840,2097,2006,1250,-400
2.1843,2097,2006,1250,-400
2.1847,2097,2008,1250,-392
2.1850,2097,2008,1250,-392
2.1854,2097,2008,1250,-392
2.1857,2097,2009,1250,-392
2.1861,2097,2009,1250,-392
2.1865,2097,2010,1250,-400
2.1869,2097,2010,1250,-400
2.1873,2097,2010,1250,-400
2.1876,2097,2011,1250,-400
2.1880,2097,2011,1250,-400
2.1884,2097,2011,1250,-400
2.1887,2097,2013,1250,-400
2.1891,2097,2013,1250,-400
2.1895,2097,2014,1250,-400
2.1899,2097,2014,1250,-400
2.1903,2111,2016,1250,-392
2.1910,2111,2016,1250,-392
2.1913,2111,2016,1250,-392
2.1917,2111,2017,1300,-400
2.1921,2111,2017,1300,-400
2.1924,2111,2018,1300,-400
2.1928,2111,2018,1300,-400
2.1932,2111,2018,1300,-400
2.1935,2111,2019,1300,-408
2.1939,2111,2019,1300,-408
2.1943,2111,2019,1300,-408
2.1946,2111,2021,1300,-400
2.1950,2111,2021,1300,-400
2.1954,2111,2022,1300,-412
2.1958,2111,2022,1300,-412
2.1961,2111,2022,1300,-412
2.1965,2111,2023,1300,-412
2.1969,2111,2023,1300,-412
2.1973,2111,2023,1300,-412
2.1976,2111,2025,1300,-404
2.1980,2111,2025,1300,-404
2.1983,2111,2025,1300,-404
2.1987,2111,2026,1300,-412
2.1991,2111,2026,1300,-412
2.1994,2111,2028,1300,-404
2.1998,2111,2028,1300,-404
2.2001,2124,2029,1300,-404
2.2009,2124,2029,1300,-404
2.2013,2124,2029,1300,-404
2.2016,2124,2030,1300,-412
2.2020,2124,2030,1300,-412
2.2024,2124,2032,1300,-404
2.2028,2124,2032,1300,-404
2.2033,2124,2032,1300,-404
2.2036,2124,2033,1300,-412
2.2040,2124,2033,1300,-412
2.2043,2124,2034,1300,-412
2.2047,2124,2034,1300,-412
2.2051,2124,2034,1300,-412
2.2055,2124,2036,1300,-412
2.2059,2124,2036,1300,-412
2.2063,2124,2036,1300,-412
2.2066,2124,2037,1300,-412
2.2070,2124,2037,1300,-412
2.2073,2124,2039,1300,-404
2.2077,2124,2039,1300,-404
2.2081,2124,2039,1300,-404
2.2084,2124,2040,1300,-412
2.2088,2124,2040,1300,-412
2.2092,2124,2040,1300,-412
2.2095,2124,2042,1300,-404
2.2099,2124,2042,1300,-404
2.2102,2137,2043,1300,-404
2.2109,2137,2043,1300,-404
2.2113,2137,2043,1300,-404
2.2116,2137,2045,1400,-404
2.2120,2137,2045,1400,-404
2.2123,2137,2046,1400,-404
2.2127,2137,2046,1400,-404
2.2130,2137,2046,1400,-404
2.2134,2137,2047,1400,-404
2.2137,2137,2047,1400,-404
2.2141,2137,2047,1400,-404
2.2145,2137,2049,1400,-404
2.2149,2137,2049,1400,-404
2.2152,2137,2049,1400,-404
2.2156,2137,2050,1400,-388
2.2160,2137,2050,1400,-388
2.2163,2137,2052,1400,-388
2.2167,2137,2052,1400,-388
2.2170,2137,2052,1400,-388
2.2174,2137,2053,1400,-388
2.2178,2137,2053,1400,-388
2.2181,2137,2053,1400,-388
2.2185,2137,2055,1400,-380
2.2189,2137,2055,1400,-380
2.2193,2137,2056,1400,-388
2.2197,2137,2056,1400,-388
2.2201,2149,2058,1400,-380
2.2208,2149,2058,1400,-380
2.2211,2149,2058,1400,-380
2.2215,2149,2059,1400,-380
2.2219,2149,2059,1400,-380
2.2222,2149,2059,1400,-380
2.2226,2149,2061,1400,-380
2.2230,2149,2061,1400,-380
2.2233,2149,2062,1400,-380
2.2237,2149,2062,1400,-380
2.2240,2149,2062,1400,-380
2.2244,2149,2063,1400,-380
2.2247,2149,2063,1400,-380
2.2251,2149,2063,1400,-380
2.2255,2149,2065,1400,-380
2.2259,2149,2065,1400,-380
2.2262,2149,2065,1400,-380
2.2266,2149,2066,1400,-380
2.2270,2149,2066,1400,-380
2.2273,2149,2067,1400,-380
2.2277,2149,2067,1400,-380
2.2280,2149,2067,1400,-380
2.2284,2149,2069,1400,-380
2.2287,2149,2069,1400,-380
2.2291,2149,2069,1400,-380
2.2294,2149,2070,1400,-380
2.2298,2149,2070,1400,-380
2.2301,2161,2072,1400,-372
2.2308,2161,2072,1400,-372
2.2312,2161,2073,1400,-380
2.2316,2161,2073,1400,-380
2.2320,2161,2073,1400,-380
2.2323,2161,2074,1400,-380
2.2327,2161,2074,1400,-380
2.2331,2161,2074,1400,-380
2.2335,2161,2076,1400,-372
2.2338,2161,2076,1400,-372
2.2343,2161,2077,1400,-380
2.2346,2161,2077,1400,-380
2.2350,2161,2077,1400,-380
2.2353,2161,2079,1400,-368
2.2357,2161,2079,1400,-368
2.2361,2161,2079,1400,-368
2.2365,2161,2080,1400,-376
2.2369,2161,2080,1400,-376
2.2373,2161,2082,1400,-368
2.2376,2161,2082,1400,-368
2.2380,2161,2082,1400,-368
2.2383,2161,2083,1400,-368
2.2387,2161,2083,1400,-368
2.2390,2161,2083,1400,-368
2.2394,2161,2084,1400,-368
2.2397,2161,2084,1400,-368
2.2401,2171,2086,1400,-368
2.2408,2171,2086,1400,-368
2.2413,2171,2087,1400,-368
2.2416,2171,2087,1400,-368
2.2420,2171,2087,1400,-368
2.2425,2171,2088,1400,-368
2.2428,2171,2088,1400,-368
2.2432,2171,2090,1400,-368
2.2436,2171,2090,1400,-368
2.2440,2171,2090,1400,-368
2.2443,2171,2091,1400,-368
2.2447,2171,2091,1400,-368
2.2450,2171,2091,1400,-368
2.2454,2171,2092,1400,-368
2.2458,2171,2092,1400,-368
2.2461,2171,2094,1400,-368
2.2466,2171,2094,1400,-368
2.2469,2171,2094,1400,-368
2.2473,2171,2095,1400,-368
2.2476,2171,2095,1400,-368
2.2480,2171,2095,1400,-368
2.2484,2171,2096,1400,-368
2.2487,2171,2096,1400,-368
2.2491,2171,2096,1400,-368
2.2494,2171,2098,1400,-360
2.2498,2171,2098,1400,-360
2.2502,2180,2099,1400,-360
2.2509,2180,2099,1400,-360
2.2513,2180,2101,1400,-360
2.2516,2180,2101,1400,-360
2.2520,2180,2101,1400,-360
2.2523,2180,2102,1400,-360
2.2527,2180,2102,1400,-360
2.2531,2180,2102,1400,-360
2.2534,2180,2104,1400,-352
2.2538,2180,2104,1400,-352
2.2541,2180,2105,1400,-360
2.2545,2180,2105,1400,-360
2.2549,2180,2105,1400,-360
2.2553,2180,2106,1400,-364
2.2556,2180,2106,1400,-364
2.2560,2180,2106,1400,-364
2.2563,2180,2107,1400,-364
2.2567,2180,2107,1400,-364
2.2570,2180,2107,1400,-364
2.2574,2180,2109,1400,-356
2.2577,2180,2109,1400,-356
2.2581,2180,2110,1400,-356
2.2585,2180,2110,1400,-356
2.2588,2180,2110,1400,-356
2.2593,2180,2112,1400,-356
2.2596,2180,2112,1400,-356
2.2600,2188,2113,1400,-356
2.2607,2188,2113,1400,-356
2.2610,2188,2113,1400,-356
2.2614,2188,2114,1400,-356
2.2618,2188,2114,1400,-356
2.2622,2188,2115,1400,-356
2.2625,2188,2115,1400,-356
2.2629,2188,2115,1400,-356
2.2633,2188,2117,1400,-348
2.2636,2188,2117,1400,-348
2.2640,2188,2117,1400,-348
2.2643,2188,2118,1400,-356
2.2647,2188,2118,1400,-356
2.2651,2188,2119,1400,-356
2.2654,2188,2119,1400,-356
2.2658,2188,2119,1400,-356
2.2661,2188,2120,1400,-356
2.2665,2188,2120,1400,-356
2.2669,2188,2120,1400,-356
2.2672,2188,2122,1400,-348
2.2676,2188,2122,1400,-348
2.2680,2188,2122,1400,-348
2.2683,2188,2123,1400,-348
2.2687,2188,2123,1400,-348
2.2690,2188,2125,1400,-340
2.2694,2188,2125,1400,-340
2.2697,2188,2125,1400,-340
2.2701,2196,2126,1400,-340
2.2708,2196,2126,1400,-340
2.2712,2196,2127,1300,-340
2.2716,2196,2127,1300,-340
2.2719,2196,2127,1300,-340
2.2723,2196,2128,1300,-340
2.2727,2196,2128,1300,-340
2.2730,2196,2130,1300,-332
2.2734,2196,2130,1300,-332
2.2738,2196,2130,1300,-332
2.2741,2196,2131,1300,-340
2.2745,2196,2131,1300,-340
2.2749,2196,2131,1300,-340
2.2753,2196,2133,1300,-320
2.2756,2196,2133,1300,-320
2.2761,2196,2134,1300,-320
2.2764,2196,2134,1300,-320
2.2768,2196,2134,1300,-320
2.2773,2196,2135,1300,-320
2.2776,2196,2135,1300,-320
2.2780,2196,2137,1300,-312
2.2784,2196,2137,1300,-312
2.2787,2196,2137,1300,-312
2.2791,2196,2138,1300,-312
2.2794,2196,2138,1300,-312
2.2798,2196,2138,1300,-312
2.2801,2202,2139,1300,-312
2.2808,2202,2139,1300,-312
2.2812,2202,2140,1300,-312
2.2816,2202,2140,1300,-312
2.2819,2202,2140,1300,-312
2.2823,2202,2141,1300,-312
2.2827,2202,2141,1300,-312
2.2830,2202,2143,1300,-304
2.2834,2202,2143,1300,-304
2.2838,2202,2143,1300,-304
2.2841,2202,2144,1300,-304
2.2845,2202,2144,1300,-304
2.2849,2202,2144,1300,-304
2.2853,2202,2146,1300,-296
2.2857,2202,2146,1300,-296
2.2860,2202,2147,1300,-296
2.2864,2202,2147,1300,-296
2.2868,2202,2147,1300,-296
2.2871,2202,2148,1300,-296
2.2875,2202,2148,1300,-296
2.2879,2202,2148,1300,-296
2.2882,2202,2149,1300,-296
2.2886,2202,2149,1300,-296
2.2890,2202,2151,1300,-288
2.2894,2202,2151,1300,-288
2.2899,2202,2151,1300,-288
2.2903,2206,2152,1300,-280
2.2909,2206,2153,1300,-280
2.2913,2206,2153,1300,-280
2.2917,2206,2153,1300,-280
2.2921,2206,2154,1300,-280
2.2925,2206,2154,1300,-280
2.2928,2206,2154,1300,-280
2.2933,2206,2156,1300,-272
2.2936,2206,2156,1300,-272
2.2940,2206,2156,1300,-280
2.2943,2206,2156,1300,-280
2.2947,2206,2156,1300,-280
2.2951,2206,2158,1300,-264
2.2955,2206,2158,1300,-264
2.2958,2206,2158,1300,-264
2.2963,2206,2159,1300,-264
2.2966,2206,2159,1300,-264
2.2970,2206,2160,1300,-256
2.2974,2206,2160,1300,-256
2.2978,2206,2160,1300,-256
2.2982,2206,2162,1300,-248
2.2985,2206,2162,1300,-248
2.2989,2206,2162,1300,-256
2.2993,2206,2162,1300,-256
2.2997,2206,2162,1300,-256
2.3000,2210,2163,1300,-256
2.3007,2210,2163,1300,-256
2.3011,2210,2165,1300,-240
2.3014,2210,2165,1300,-240
2.3018,2210,2165,1300,-240
2.3022,2210,2166,1300,-240
2.3026,2210,2166,1300,-240
2.3030,2210,2167,1300,-240
2.3034,2210,2167,1300,-240
2.3037,2210,2167,1300,-240
2.3041,2210,2168,1300,-240
2.3045,2210,2168,1300,-240
2.3048,2210,2168,1300,-240
2.3053,2210,2169,1300,-232
2.3056,2210,2169,1300,-232
2.3060,2210,2170,1300,-232
2.3064,2210,2170,1300,-232
2.3068,2210,2170,1300,-232
2.3071,2210,2171,1300,-232
2.3075,2210,2171,1300,-232
2.3079,2210,2173,1300,-216
2.3083,2210,2173,1300,-216
2.3087,2210,2173,1300,-216
2.3091,2210,2174,1300,-216
2.3094,2210,2174,1300,-216
2.3098,2210,2174,1300,-216
2.3103,2212,2175,1300,-216
2.3110,2212,2176,1150,-208
2.3113,2212,2176,1150,-208
2.3117,2212,2176,1150,-208
2.3121,2212,2177,1150,-208
2.3125,2212,2177,1150,-208
2.3128,2212,2178,1150,-200
2.3133,2212,2178,1150,-200
2.3136,2212,2178,1150,-200
2.3140,2212,2179,1150,-200
2.3143,2212,2179,1150,-200
2.3147,2212,2179,1150,-200
2.3151,2212,2180,1150,-192
2.3154,2212,2180,1150,-192
2.3158,2212,2180,1150,-192
2.3161,2212,2181,1150,-184
2.3165,2212,2181,1150,-184
2.3169,2212,2182,1150,-184
2.3172,2212,2182,1150,-184
2.3176,2212,2182,1150,-184
2.3180,2212,2183,1150,-176
2.3184,2212,2183,1150,-176
2.3188,2212,2184,1150,-176
2.3193,2212,2184,1150,-176
2.3197,2212,2184,1150,-176
2.3201,2213,2185,1150,-168
2.3207,2213,2185,1150,-168
2.3211,2213,2186,1150,-160
2.3215,2213,2186,1150,-160
2.3218,2213,2187,1150,-160
2.3223,2213,2187,1150,-160
2.3227,2213,2187,1150,-160
2.3230,2213,2187,1150,-160
2.3234,2213,2187,1150,-160
2.3237,2213,2187,1150,-160
2.3241,2213,2188,1150,-160
2.3244,2213,2188,1150,-160
2.3249,2213,2189,1150,-152
2.3252,2213,2189,1150,-152
2.3256,2213,2189,1150,-152
2.3259,2213,2190,1150,-144
2.3263,2213,2190,1150,-144
2.3266,2213,2190,1150,-144
2.3270,2213,2191,1150,-144
2.3273,2213,2191,1150,-144
2.3278,2213,2192,1150,-136
2.3282,2213,2192,1150,-136
2.3286,2213,2192,1150,-136
2.3289,2213,2192,1150,-136
2.3293,2213,2192,1150,-136
2.3296,2213,2192,1150,-136
2.3300,2213,2194,1150,-120
2.3303,2212,2194,1150,-120
2.3310,2212,2195,950,-120
2.3313,2212,2195,950,-120
2.3317,2212,2195,950,-120
2.3321,2212,2195,950,-112
2.3324,2212,2195,950,-112
2.3328,2212,2196,950,-104
2.3333,2212,2196,950,-104
2.3336,2212,2196,950,-104
2.3340,2212,2197,950,-96
2.3344,2212,2197,950,-96
2.3348,2212,2197,950,-80
2.3351,2212,2197,950,-80
2.3355,2212,2197,950,-80
2.3359,2212,2198,950,-72
2.3362,2212,2198,950,-72
2.3366,2212,2198,950,-72
2.3370,2212,2199,950,-64
2.3373,2212,2199,950,-64
2.3377,2212,2200,950,-56
2.3381,2212,2200,950,-56
2.3384,2212,2200,950,-56
2.3387,2212,2201,950,-48
2.3391,2212,2201,950,-48
2.3395,2212,2201,950,-48
2.3399,2212,2201,950,-48
2.3402,2210,2201,950,-48
2.3409,2210,2202,950,-40
2.3412,2210,2202,950,-40
2.3416,2210,2202,950,-40
2.3419,2210,2203,950,-24
2.3423,2210,2203,950,-24
2.3426,2210,2203,950,-24
2.3430,2210,2204,950,0
2.3434,2210,2204,950,0
2.3437,2210,2204,950,0
2.3441,2210,2204,950,0
2.3444,2210,2204,950,0
2.3448,2210,2204,950,0
2.3451,2210,2204,950,0
2.3455,2210,2204,950,0
2.3459,2210,2205,950,24
2.3462,2210,2205,950,24
2.3466,2210,2205,950,24
2.3470,2210,2205,950,24
2.3473,2210,2205,950,24
2.3477,2210,2206,950,32
2.3481,2210,2206,950,32
2.3484,2210,2206,950,32
2.3488,2210,2207,950,48
2.3491,2210,2207,950,48
2.3495,2210,2207,950,48
2.3498,2210,2207,950,48
2.3503,2207,2207,950,48
2.3510,2207,2207,600,48
2.3513,2207,2207,600,48
2.3517,2207,2208,600,56
2.3520,2207,2208,600,56
2.3524,2207,2208,600,56
2.3527,2207,2208,600,56
2.3531,2207,2208,600,56
2.3534,2207,2208,600,56
2.3538,2207,2209,600,64
2.3541,2207,2209,600,64
2.3545,2207,2209,600,64
2.3548,2207,2209,600,72
2.3552,2207,2209,600,72
2.3556,2207,2209,600,72
2.3560,2207,2209,600,72
2.3563,2207,2209,600,72
2.3567,2207,2209,600,72
2.3570,2207,2209,600,72
2.3574,2207,2209,600,72
2.3578,2207,2210,600,80
2.3581,2207,2210,600,80
2.3585,2207,2210,600,80
2.3589,2207,2210,600,80
2.3593,2207,2210,600,80
2.3596,2207,2210,600,80
2.3600,2203,2210,600,80
2.3607,2203,2210,600,88
2.3610,2203,2210,600,88
2.3614,2203,2210,600,88
2.3618,2203,2211,600,96
2.3621,2203,2211,600,96
2.3625,2203,2211,600,96
2.3629,2203,2211,600,96
2.3632,2203,2211,600,96
2.3636,2203,2211,600,104
2.3640,2203,2211,600,104
2.3643,2203,2211,600,104
2.3647,2203,2211,600,104
2.3650,2203,2211,600,104
2.3654,2203,2211,600,104
2.3658,2203,2211,600,104
2.3661,2203,2211,600,104
2.3665,2203,2211,600,104
2.3669,2203,2211,600,112
2.3672,2203,2211,600,112
2.3676,2203,2211,600,112
2.3680,2203,2211,600,112
2.3683,2203,2211,600,112
2.3687,2203,2211,600,120
2.3690,2203,2211,600,120
2.3694,2203,2211,600,120
2.3697,2203,2211,600,120
2.3701,2197,2211,600,120
2.3708,2197,2211,200,120
2.3712,2197,2211,200,120
2.3716,2197,2211,200,120
2.3720,2197,2211,200,120
2.3724,2197,2211,200,120
2.3727,2197,2211,200,128
2.3731,2197,2211,200,128
2.3735,2197,2211,200,128
2.3739,2197,2211,200,128
2.3743,2197,2211,200,128
2.3746,2197,2211,200,100
2.3750,2197,2211,200,100
2.3755,2197,2211,200,108
2.3759,2197,2211,200,108
2.3763,2197,2211,200,108
2.3766,2197,2211,200,108
2.3770,2197,2211,200,108
2.3773,2197,2211,200,108
2.3777,2197,2211,200,116
2.3780,2197,2211,200,116
2.3784,2197,2211,200,116
2.3788,2197,2211,200,116
2.3792,2197,2211,200,116
2.3795,2197,2211,200,124
2.3799,2197,2211,200,124
2.3803,2190,2211,200,124
2.3810,2190,2211,200,124
2.3814,2190,2211,200,124
2.3817,2190,2211,200,132
2.3821,2190,2211,200,132
2.3824,2190,2211,200,132
2.3828,2190,2211,200,132
2.3832,2190,2211,200,132
2.3835,2190,2211,200,140
2.3839,2190,2211,200,140
2.3842,2190,2211,200,140
2.3846,2190,2211,200,140
2.3850,2190,2211,200,140
2.3853,2190,2211,200,140
2.3857,2190,2211,200,148
2.3861,2190,2211,200,148
2.3864,2190,2211,200,148
2.3868,2190,2211,200,148
2.3872,2190,2211,200,148
2.3876,2190,2211,200,156
2.3880,2190,2211,200,156
2.3884,2190,2211,200,156
2.3887,2190,2211,200,156
2.3891,2190,2211,200,156
2.3894,2190,2211,200,156
2.3898,2190,2210,200,156
2.3901,2182,2210,-50,164
2.3908,2182,2210,-50,164
2.3911,2182,2210,-50,164
2.3915,2182,2210,-50,164
2.3919,2182,2210,-50,164
2.3923,2182,2210,-50,164
2.3927,2182,2209,-50,164
2.3931,2182,2209,-50,164
2.3935,2182,2209,-50,164
2.3939,2182,2209,-50,164
2.3942,2182,2209,-50,164
2.3946,2182,2209,-50,180
2.3949,2182,2209,-50,180
2.3953,2182,2209,-50,180
2.3957,2182,2208,-50,180
2.3960,2182,2208,-50,180
2.3964,2182,2208,-50,180
2.3967,2182,2208,-50,180
2.3971,2182,2208,-50,180
2.3974,2182,2207,-50,180
2.3978,2182,2207,-50,180
2.3981,2182,2207,-50,180
2.3985,2182,2207,-50,188
2.3989,2182,2207,-50,188
2.3992,2182,2207,-50,188
2.3996,2182,2207,-50,188
2.4000,2182,2207,-50,188
2.4004,2173,2206,-50,188
2.4011,2173,2206,-50,188
2.4014,2173,2206,-50,196
2.4018,2173,2206,-50,196
2.4022,2173,2206,-50,196
2.4026,2173,2205,-50,188
2.4030,2173,2205,-50,188
2.4034,2173,2205,-50,196
2.4038,2173,2205,-50,196
2.4042,2173,2205,-50,196
2.4046,2173,2205,-50,204
2.4050,2173,2205,-50,204
2.4053,2173,2205,-50,204
2.4057,2173,2204,-50,204
2.4060,2173,2204,-50,204
2.4064,2173,2204,-50,204
2.4068,2173,2204,-50,204
2.4073,2173,2204,-50,204
2.4076,2173,2203,-50,204
2.4080,2173,2203,-50,204
2.4084,2173,2203,-50,212
2.4088,2173,2203,-50,212
2.4092,2173,2203,-50,212
2.4095,2173,2202,-50,212
2.4099,2173,2202,-50,212
2.4102,2163,2201,-450,204
2.4109,2163,2201,-450,204
2.4113,2163,2201,-450,204
2.4116,2163,2201,-450,212
2.4120,2163,2201,-450,212
2.4123,2163,2201,-450,220
2.4127,2163,2201,-450,220
2.4131,2163,2201,-450,220
2.4135,2163,2200,-450,212
2.4139,2163,2200,-450,212
2.4142,2163,2200,-450,212
2.4146,2163,2199,-450,192
2.4150,2163,2199,-450,192
2.4154,2163,2199,-450,200
2.4158,2163,2199,-450,200
2.4161,2163,2199,-450,200
2.4165,2163,2198,-450,200
2.4169,2163,2198,-450,200
2.4172,2163,2198,-450,200
2.4176,2163,2198,-450,208
2.4180,2163,2198,-450,208
2.4184,2163,2197,-450,208
2.4187,2163,2197,-450,208
2.4192,2163,2197,-450,208
2.4196,2163,2197,-450,208
2.4200,2163,2197,-450,208
2.4203,2152,2196,-450,208
2.4210,2152,2196,-450,208
2.4213,2152,2196,-450,216
2.4217,2152,2196,-450,216
2.4220,2152,2196,-450,216
2.4224,2152,2195,-450,216
2.4227,2152,2195,-450,216
2.4231,2152,2195,-450,216
2.4235,2152,2194,-450,216
2.4238,2152,2194,-450,216
2.4242,2152,2194,-450,216
2.4246,2152,2194,-450,224
2.4250,2152,2194,-450,224
2.4253,2152,2193,-450,216
2.4257,2152,2193,-450,216
2.4261,2152,2193,-450,216
2.4264,2152,2192,-450,216
2.4268,2152,2192,-450,216
2.4271,2152,2192,-450,216
2.4275,2152,2192,-450,224
2.4278,2152,2192,-450,224
2.4282,2152,2192,-450,224
2.4286,2152,2191,-450,224
2.4289,2152,2191,-450,224
2.4293,2152,2191,-450,232
2.4297,2152,2191,-450,232
2.4300,2141,2190,-550,232
2.4307,2141,2190,-550,232
2.4311,2141,2190,-550,232
2.4315,2141,2190,-550,240
2.4319,2141,2190,-550,240
2.4322,2141,2189,-550,240
2.4326,2141,2189,-550,240
2.4330,2141,2189,-550,240
2.4334,2141,2188,-550,240
2.4337,2141,2188,-550,240
2.4341,2141,2188,-550,240
2.4345,2141,2187,-550,248
2.4348,2141,2187,-550,248
2.4353,2141,2187,-550,248
2.4356,2141,2187,-550,248
2.4360,2141,2187,-550,248
2.4363,2141,2186,-550,248
2.4367,2141,2186,-550,248
2.4371,2141,2186,-550,248
2.4374,2141,2185,-550,248
2.4378,2141,2185,-550,248
2.4381,2141,2185,-550,248
2.4385,2141,2185,-550,256
2.4389,2141,2185,-550,256
2.4392,2141,2184,-550,256
2.4396,2141,2184,-550,256
2.4400,2141,2184,-550,256
2.4403,2128,2183,-550,256
2.4410,2128,2183,-550,256
2.4413,2128,2183,-550,264
2.4417,2128,2183,-550,264
2.4420,2128,2183,-550,264
2.4424,2128,2182,-550,264
2.4428,2128,2182,-550,264
2.4431,2128,2182,-550,264
2.4435,2128,2181,-550,264
2.4439,2128,2181,-550,264
2.4442,2128,2180,-550,264
2.4446,2128,2180,-550,264
2.4450,2128,2180,-550,264
2.4453,2128,2179,-550,264
2.4457,2128,2179,-550,264
2.4461,2128,2179,-550,264
2.4464,2128,2179,-550,272
2.4468,2128,2179,-550,272
2.4472,2128,2178,-550,272
2.4476,2128,2178,-550,272
2.4480,2128,2178,-550,272
2.4484,2128,2177,-550,272
2.4487,2128,2177,-550,272
2.4491,2128,2177,-550,272
2.4494,2128,2176,-550,272
2.4498,2128,2176,-550,272
2.4503,2114,2176,-700,280
2.4510,2114,2176,-700,280
2.4513,2114,2175,-700,280
2.4517,2114,2175,-700,280
2.4521,2114,2175,-700,280
2.4524,2114,2174,-700,280
2.4528,2114,2174,-700,280
2.4532,2114,2174,-700,288
2.4536,2114,2174,-700,288
2.4540,2114,2174,-700,288
2.4544,2114,2173,-700,284
2.4547,2114,2173,-700,284
2.4551,2114,2173,-700,284
2.4554,2114,2172,-700,284
2.4558,2114,2172,-700,284
2.4562,2114,2171,-700,292
2.4566,2114,2171,-700,292
2.4569,2114,2171,-700,292
2.4573,2114,2170,-700,292
2.4577,2114,2170,-700,292
2.4580,2114,2170,-700,292
2.4584,2114,2169,-700,292
2.4587,2114,2169,-700,292
2.4591,2114,2169,-700,292
2.4594,2114,2169,-700,300
2.4598,2114,2169,-700,300
2.4601,2101,2168,-700,300
2.4608,2101,2168,-700,300
2.4612,2101,2167,-700,300
2.4616,2101,2167,-700,300
2.4620,2101,2167,-700,300
2.4623,2101,2166,-700,300
2.4627,2101,2166,-700,300
2.4630,2101,2166,-700,300
2.4634,2101,2165,-700,300
2.4637,2101,2165,-700,300
2.4641,2101,2165,-700,300
2.4644,2101,2164,-700,300
2.4648,2101,2164,-700,300
2.4651,2101,2163,-700,308
2.4655,2101,2163,-700,308
2.4659,2101,2163,-700,308
2.4662,2101,2162,-700,308
2.4666,2101,2162,-700,308
2.4669,2101,2162,-700,308
2.4673,2101,2161,-700,308
2.4677,2101,2161,-700,308
2.4680,2101,2161,-700,308
2.4684,2101,2161,-700,316
2.4688,2101,2161,-700,316
2.4692,2101,2160,-700,316
2.4695,2101,2160,-700,316
2.4699,2101,2160,-700,316
2.4703,2086,2159,-850,316
2.4709,2086,2159,-850,316
2.4713,2086,2158,-850,316
2.4716,2086,2158,-850,316
2.4720,2086,2158,-850,316
2.4724,2086,2157,-850,316
2.4727,2086,2157,-850,316
2.4731,2086,2156,-850,324
2.4734,2086,2156,-850,324
2.4738,2086,2156,-850,324
2.4741,2086,2155,-850,324
2.4745,2086,2155,-850,324
2.4749,2086,2155,-850,324
2.4752,2086,2154,-850,324
2.4756,2086,2154,-850,324
2.4760,2086,2154,-850,324
2.4763,2086,2153,-850,324
2.4767,2086,2153,-850,324
2.4770,2086,2153,-850,324
2.4774,2086,2152,-850,332
2.4777,2086,2152,-850,332
2.4781,2086,2151,-850,332
2.4784,2086,2151,-850,332
2.4788,2086,2151,-850,332
2.4793,2086,2150,-850,332
2.4796,2086,2150,-850,332
2.4801,2072,2149,-850,332
2.4807,2072,2149,-850,332
2.4811,2072,2148,-850,332
2.4814,2072,2148,-850,332
2.4818,2072,2148,-850,332
2.4821,2072,2147,-850,340
2.4825,2072,2147,-850,340
2.4829,2072,2147,-850,340
2.4832,2072,2146,-850,340
2.4836,2072,2146,-850,340
2.4840,2072,2145,-850,340
2.4844,2072,2145,-850,340
2.4847,2072,2145,-850,340
2.4851,2072,2144,-850,348
2.4854,2072,2144,-850,348
2.4858,2072,2144,-850,348
2.4862,2072,2143,-850,348
2.4866,2072,2143,-850,348
2.4869,2072,2143,-850,348
2.4873,2072,2142,-850,348
2.4876,2072,2142,-850,348
2.4880,2072,2141,-850,348
2.4884,2072,2141,-850,348
2.4887,2072,2141,-850,348
2.4891,2072,2140,-850,356
2.4895,2072,2140,-850,356
2.4898,2072,2140,-850,356
2.4902,2057,2138,-1050,348
2.4909,2057,2138,-1050,348
2.4913,2057,2137,-1050,348
2.4917,2057,2137,-1050,348
2.4920,2057,2136,-1050,348
2.4924,2057,2136,-1050,348
2.4927,2057,2136,-1050,348
2.4931,2057,2135,-1050,356
2.4935,2057,2135,-1050,356
2.4939,2057,2135,-1050,356
2.4942,2057,2134,-1050,352
2.4946,2057,2134,-1050,352
2.4950,2057,2133,-1050,352
2.4953,2057,2133,-1050,352
2.4957,2057,2133,-1050,352
2.4960,2057,2132,-1050,352
2.4964,2057,2132,-1050,352
2.4968,2057,2132,-1050,352
2.4971,2057,2131,-1050,360
2.4975,2057,2131,-1050,360
2.4979,2057,2131,-1050,360
2.4982,2057,2129,-1050,352
2.4986,2057,2129,-1050,352
2.4990,2057,2128,-1050,352
2.4993,2057,2128,-1050,352
2.4997,2057,2128,-1050,352
2.5001,2042,2127,-1050,360
2.5007,2042,2127,-1050,360
2.5011,2042,2126,-1050,360
2.5015,2042,2126,-1050,360
2.5019,2042,2126,-1050,360
2.5023,2042,2125,-1050,360
2.5026,2042,2125,-1050,360
2.5030,2042,2124,-1050,360
2.5034,2042,2124,-1050,360
2.5038,2042,2124,-1050,360
2.5041,2042,2123,-1050,368
2.5045,2042,2123,-1050,368
2.5049,2042,2123,-1050,368
2.5053,2042,2122,-1050,368
2.5056,2042,2122,-1050,368
2.5060,2042,2120,-1050,368
2.5064,2042,2120,-1050,368
2.5067,2042,2120,-1050,368
2.5071,2042,2119,-1050,368
2.5074,2042,2119,-1050,368
2.5078,2042,2119,-1050,368
2.5083,2042,2118,-1050,368
2.5086,2042,2118,-1050,368
2.5091,2042,2117,-1050,376
2.5094,2042,2117,-1050,376
2.5098,2042,2117,-1050,376
2.5101,2027,2116,-1100,376
2.5109,2027,2115,-1100,376
2.5114,2027,2115,-1100,376
2.5118,2027,2115,-1100,376
2.5122,2027,2113,-1100,376
2.5125,2027,2113,-1100,376
2.5129,2027,2112,-1100,376
2.5133,2027,2112,-1100,376
2.5136,2027,2112,-1100,376
2.5141,2027,2111,-1100,372
2.5145,2027,2111,-1100,372
2.5148,2027,2110,-1100,380
2.5153,2027,2110,-1100,380
2.5156,2027,2110,-1100,380
2.5160,2027,2109,-1100,380
2.5164,2027,2109,-1100,380
2.5168,2027,2109,-1100,380
2.5171,2027,2107,-1100,380
2.5175,2027,2107,-1100,380
2.5179,2027,2106,-1100,380
2.5182,2027,2106,-1100,380
2.5186,2027,2106,-1100,380
2.5190,2027,2105,-1100,380
2.5193,2027,2105,-1100,380
2.5197,2027,2105,-1100,380
2.5201,2012,2104,-1100,388
2.5207,2012,2104,-1100,388
2.5211,2012,2102,-1100,380
2.5215,2012,2102,-1100,380
2.5219,2012,2101,-1100,380
2.5222,2012,2101,-1100,380
2.5226,2012,2101,-1100,380
2.5230,2012,2100,-1100,388
2.5233,2012,2100,-1100,388
2.5237,2012,2100,-1100,388
2.5240,2012,2099,-1100,388
2.5244,2012,2099,-1100,388
2.5248,2012,2099,-1100,388
2.5251,2012,2097,-1100,380
2.5255,2012,2097,-1100,380
2.5258,2012,2096,-1100,388
2.5262,2012,2096,-1100,388
2.5266,2012,2096,-1100,388
2.5270,2012,2095,-1100,388
2.5273,2012,2095,-1100,388
2.5277,2012,2095,-1100,388
2.5281,2012,2093,-1100,388
2.5284,2012,2093,-1100,388
2.5288,2012,2092,-1100,388
2.5292,2012,2092,-1100,388
2.5297,2012,2092,-1100,388
2.5300,1997,2091,-1250,388
2.5307,1997,2091,-1250,388
2.5310,1997,2090,-1250,396
2.5314,1997,2090,-1250,396
2.5317,1997,2088,-1250,388
2.5321,1997,2088,-1250,388
2.5325,1997,2088,-1250,388
2.5329,1997,2087,-1250,396
2.5333,1997,2087,-1250,396
2.5336,1997,2087,-1250,396
2.5340,1997,2086,-1250,396
2.5343,1997,2086,-1250,396
2.5347,1997,2086,-1250,396
2.5350,1997,2085,-1250,396
2.5354,1997,2085,-1250,396
2.5357,1997,2083,-1250,396
2.5361,1997,2083,-1250,396
2.5365,1997,2083,-1250,396
2.5369,1997,2082,-1250,396
2.5372,1997,2082,-1250,396
2.5376,1997,2082,-1250,396
2.5380,1997,2080,-1250,396
2.5383,1997,2080,-1250,396
2.5386,1997,2080,-1250,396
2.5390,1997,2079,-1250,396
2.5394,1997,2079,-1250,396
2.5397,1997,2078,-1250,396
2.5401,1983,2078,-1250,396
2.5407,1983,2077,-1250,404
2.5411,1983,2077,-1250,404
2.5414,1983,2077,-1250,404
2.5418,1983,2075,-1250,396
2.5421,1983,2075,-1250,396
2.5425,1983,2075,-1250,396
2.5429,1983,2074,-1250,404
2.5432,1983,2074,-1250,404
2.5437,1983,2073,-1250,404
2.5441,1983,2073,-1250,404
2.5445,1983,2073,-1250,404
2.5449,1983,2071,-1250,404
2.5452,1983,2071,-1250,404
2.5456,1983,2071,-1250,404
2.5459,1983,2070,-1250,404
2.5466,1983,2070,-1250,404
2.5470,1983,2069,-1250,404
2.5474,1983,2069,-1250,404
2.5478,1983,2067,-1250,404
2.5484,1983,2067,-1250,404
2.5488,1983,2066,-1250,404
2.5491,1983,2066,-1250,404
2.5495,1983,2066,-1250,404
2.5499,1983,2065,-1300,412
2.5503,1969,2065,-1300,412
2.5509,1969,2063,-1300,404
2.5513,1969,2063,-1300,404
2.5516,1969,2063,-1300,404
2.5520,1969,2062,-1300,404
2.5523,1969,2062,-1300,404
2.5527,1969,2060,-1300,404
2.5530,1969,2060,-1300,404
2.5534,1969,2060,-1300,404
2.5538,1969,2059,-1300,396
2.5541,1969,2059,-1300,396
2.5545,1969,2059,-1300,396
2.5548,1969,2058,-1300,396
2.5552,1969,2058,-1300,396
2.5556,1969,2058,-1300,396
2.5559,1969,2056,-1300,396
2.5563,1969,2056,-1300,396
2.5566,1969,2055,-1300,396
2.5570,1969,2055,-1300,396
2.5574,1969,2055,-1300,396
2.5577,1969,2054,-1300,404
2.5580,1969,2054,-1300,404
2.5584,1969,2054,-1300,404
2.5587,1969,2052,-1300,396
2.5591,1969,2052,-1300,396
2.5594,1969,2052,-1300,396
2.5598,1969,2051,-1300,396
2.5601,1956,2051,-1300,396
2.5608,1956,2049,-1300,396
2.5611,1956,2049,-1300,396
2.5615,1956,2049,-1300,396
2.5619,1956,2048,-1300,396
2.5622,1956,2048,-1300,396
2.5626,1956,2048,-1300,396
2.5629,1956,2047,-1300,396
2.5633,1956,2047,-1300,396
2.5636,1956,2045,-1300,396
2.5640,1956,2045,-1300,396
2.5643,1956,2045,-1300,396
2.5647,1956,2043,-1300,388
2.5650,1956,2043,-1300,388
2.5653,1956,2043,-1300,388
2.5657,1956,2042,-1300,396
2.5661,1956,2042,-1300,396
2.5664,1956,2042,-1300,396
2.5668,1956,2041,-1300,396
2.5671,1956,2041,-1300,396
2.5675,1956,2041,-1300,396
2.5679,1956,2040,-1300,396
2.5682,1956,2040,-1300,396
2.5686,1956,2038,-1300,396
2.5689,1956,2038,-1300,396
2.5693,1956,2038,-1300,396
2.5697,1956,2036,-1450,388
2.5700,1943,2036,-1450,388
2.5706,1943,2035,-1450,396
2.5710,1943,2035,-1450,396
2.5713,1943,2035,-1450,396
2.5717,1943,2034,-1450,396
2.5720,1943,2034,-1450,396
2.5724,1943,2034,-1450,396
2.5728,1943,2032,-1450,388
2.5732,1943,2032,-1450,388
2.5736,1943,2031,-1450,392
2.5739,1943,2031,-1450,392
2.5743,1943,2031,-1450,392
2.5746,1943,2029,-1450,384
2.5750,1943,2029,-1450,384
2.5754,1943,2029,-1450,384
2.5758,1943,2028,-1450,392
2.5763,1943,2028,-1450,392
2.5768,1943,2027,-1450,392
2.5771,1943,2027,-1450,392
2.5775,1943,2027,-1450,392
2.5779,1943,2025,-1450,384
2.5782,1943,2025,-1450,384
2.5786,1943,2024,-1450,392
2.5789,1943,2024,-1450,392
2.5793,1943,2024,-1450,392
2.5797,1943,2023,-1450,392
2.5800,1932,2023,-1450,392
2.5808,1932,2021,-1450,384
2.5812,1932,2021,-1450,384
2.5816,1932,2020,-1450,392
2.5819,1932,2020,-1450,392
2.5823,1932,2020,-1450,392
2.5826,1932,2018,-1450,384
2.5830,1932,2018,-1450,384
2.5833,1932,2018,-1450,384
2.5838,1932,2017,-1450,384
2.5842,1932,2017,-1450,384
2.5845,1932,2017,-1450,384
2.5848,1932,2015,-1450,384
2.5852,1932,2015,-1450,384
2.5856,1932,2014,-1450,384
2.5859,1932,2014,-1450,384
2.5862,1932,2014,-1450,384
2.5866,1932,2013,-1450,392
2.5869,1932,2013,-1450,392
2.5873,1932,2013,-1450,392
2.5876,1932,2011,-1450,384
2.5880,1932,2011,-1450,384
2.5883,1932,2011,-1450,384
2.5887,1932,2010,-1450,384
2.5890,1932,2010,-1450,384
2.5893,1932,2010,-1450,384
2.5897,1932,2008,-1400,384
2.5900,1921,2008,-1400,384
2.5907,1921,2007,-1400,384
2.5910,1921,2007,-1400,384
2.5913,1921,2007,-1400,384
2.5917,1921,2006,-1400,384
2.5920,1921,2006,-1400,384
2.5924,1921,2006,-1400,384
2.5927,1921,2004,-1400,384
2.5931,1921,2004,-1400,384
2.5934,1921,2004,-1400,384
2.5938,1921,2003,-1400,380
2.5941,1921,2003,-1400,380
2.5945,1921,2001,-1400,372
2.5948,1921,2001,-1400,372
2.5952,1921,2001,-1400,372
2.5956,1921,2000,-1400,380
2.5959,1921,2000,-1400,380
2.5963,1921,2000,-1400,380
2.5967,1921,1999,-1400,380
2.5970,1921,1999,-1400,380
2.5973,1921,1999,-1400,380
2.5977,1921,1997,-1400,372
2.5980,1921,1997,-1400,372
2.5984,1921,1997,-1400,372
2.5987,1921,1996,-1400,372
2.5991,1921,1996,-1400,372
2.5994,1921,1995,-1400,380
2.5998,1921,1995,-1400,380
2.6001,1910,1993,-1400,372
2.6008,1910,1993,-1400,372
2.6012,1910,1993,-1400,372
2.6016,1910,1992,-1400,372
2.6019,1910,1992,-1400,372
2.6023,1910,1992,-1400,372
2.6026,1910,1991,-1400,372
2.6030,1910,1991,-1400,372
2.6033,1910,1991,-1400,372
2.6037,1910,1989,-1400,372
2.6040,1910,1989,-1400,372
2.6044,1910,1989,-1400,372
2.6047,1910,1988,-1400,372
2.6050,1910,1988,-1400,372
2.6054,1910,1988,-1400,372
2.6057,1910,1986,-1400,364
2.6061,1910,1986,-1400,364
2.6064,1910,1985,-1400,372
2.6068,1910,1985,-1400,372
2.6071,1910,1985,-1400,372
2.6075,1910,1984,-1400,372
2.6078,1910,1984,-1400,372
2.6082,1910,1984,-1400,372
2.6086,1910,1982,-1400,364
2.6089,1910,1982,-1400,364
2.6093,1910,1982,-1400,364
2.6096,1910,1981,-1350,364
2.6100,1910,1981,-1350,364
2.6103,1901,1980,-1350,364
2.6110,1901,1980,-1350,364
2.6113,1901,1980,-1350,364
2.6116,1901,1978,-1350,364
2.6120,1901,1978,-1350,364
2.6123,1901,1978,-1350,364
2.6127,1901,1977,-1350,364
2.6131,1901,1977,-1350,364
2.6134,1901,1976,-1350,360
2.6138,1901,1976,-1350,360
2.6141,1901,1976,-1350,360
2.6145,1901,1974,-1350,352
2.6149,1901,1974,-1350,352
2.6152,1901,1974,-1350,352
2.6156,1901,1973,-1350,360
2.6159,1901,1973,-1350,360
2.6163,1901,1973,-1350,360
2.6166,1901,1972,-1350,360
2.6170,1901,1972,-1350,360
2.6174,1901,1970,-1350,352
2.6177,1901,1970,-1350,352
2.6181,1901,1970,-1350,352
2.6184,1901,1969,-1350,352
2.6188,1901,1969,-1350,352
2.6191,1901,1969,-1350,352
2.6195,1901,1968,-1350,352
2.6199,1901,1968,-1350,352
2.6202,1893,1966,-1350,344
2.6209,1893,1966,-1350,344
2.6213,1893,1966,-1350,344
2.6216,1893,1965,-1350,352
2.6220,1893,1965,-1350,352
2.6223,1893,1964,-1350,352
2.6227,1893,1964,-1350,352
2.6231,1893,1964,-1350,352
2.6234,1893,1962,-1350,344
2.6238,1893,1962,-1350,344
2.6241,1893,1962,-1350,344
2.6245,1893,1961,-1350,344
2.6249,1893,1961,-1350,344
2.6252,1893,1961,-1350,344
2.6256,1893,1960,-1350,344
2.6259,1893,1960,-1350,344
2.6263,1893,1960,-1350,344
2.6267,1893,1959,-1350,344
2.6270,1893,1959,-1350,344
2.6274,1893,1957,-1350,336
2.6278,1893,1957,-1350,336
2.6281,1893,1957,-1350,336
2.6285,1893,1956,-1350,344
2.6289,1893,1956,-1350,344
2.6292,1893,1956,-1350,344
2.6296,1893,1954,-1350,336
2.6300,1893,1954,-1350,336
2.6303,1886,1953,-1350,336
2.6310,1886,1953,-1350,336
2.6313,1886,1952,-1350,336
2.6317,1886,1952,-1350,336
2.6321,1886,1952,-1350,336
2.6324,1886,1950,-1350,328
2.6328,1886,1950,-1350,328
2.6332,1886,1950,-1350,328
2.6335,1886,1949,-1350,320
2.6339,1886,1949,-1350,320
2.6342,1886,1949,-1350,320
2.6346,1886,1948,-1350,320
2.6350,1886,1948,-1350,320
2.6353,1886,1946,-1350,312
2.6357,1886,1946,-1350,312
2.6361,1886,1946,-1350,312
2.6364,1886,1945,-1350,312
2.6368,1886,1945,-1350,312
2.6373,1886,1943,-1350,304
2.6376,1886,1943,-1350,304
2.6380,1886,1943,-1350,304
2.6384,1886,1942,-1350,304
2.6388,1886,1942,-1350,304
2.6391,1886,1942,-1350,304
2.6395,1886,1941,-1350,304
2.6399,1886,1941,-1350,304
2.6403,1881,1940,-1350,304
2.6410,1881,1940,-1350,304
2.6414,1881,1938,-1350,296
2.6418,1881,1938,-1350,296
2.6421,1881,1938,-1350,296
2.6426,1881,1937,-1350,296
2.6429,1881,1937,-1350,296
2.6433,1881,1936,-1350,296
2.6437,1881,1936,-1350,296
2.6441,1881,1936,-1350,296
2.6445,1881,1935,-1350,296
2.6449,1881,1935,-1350,296
2.6453,1881,1934,-1350,288
2.6457,1881,1934,-1350,288
2.6461,1881,1934,-1350,288
2.6465,1881,1932,-1350,280
2.6469,1881,1932,-1350,280
2.6473,1881,1931,-1350,280
2.6477,1881,1931,-1350,280
2.6482,1881,1931,-1350,280
2.6486,1881,1930,-1350,280
2.6490,1881,1930,-1350,280
2.6493,1881,1929,-1250,280
2.6497,1881,1929,-1250,280
2.6501,1877,1928,-1250,280
2.6507,1877,1928,-1250,280
2.6511,1877,1928,-1250,280
2.6515,1877,1926,-1250,272
2.6519,1877,1926,-1250,272
2.6522,1877,1925,-1250,272
2.6526,1877,1925,-1250,272
2.6530,1877,1925,-1250,272
2.6534,1877,1924,-1250,252
2.6537,1877,1924,-1250,252
2.6541,1877,1924,-1250,252
2.6545,1877,1923,-1250,252
2.6548,1877,1923,-1250,252
2.6552,1877,1922,-1250,252
2.6556,1877,1922,-1250,252
2.6560,1877,1922,-1250,252
2.6564,1877,1921,-1250,252
2.6567,1877,1921,-1250,252
2.6571,1877,1919,-1250,236
2.6575,1877,1919,-1250,236
2.6579,1877,1919,-1250,236
2.6582,1877,1918,-1250,236
2.6586,1877,1918,-1250,236
2.6590,1877,1918,-1250,236
2.6593,1877,1917,-1250,236
2.6597,1877,1917,-1250,236
2.6601,1874,1916,-1250,228
2.6607,1874,1916,-1250,228
2.6611,1874,1916,-1250,228
2.6614,1874,1915,-1250,228
2.6618,1874,1915,-1250,228
2.6621,1874,1914,-1250,228
2.6625,1874,1914,-1250,228
2.6629,1874,1914,-1250,228
2.6632,1874,1913,-1250,228
2.6636,1874,1913,-1250,228
2.6640,1874,1913,-1250,228
2.6643,1874,1911,-1250,212
2.6647,1874,1911,-1250,212
2.6651,1874,1911,-1250,212
2.6654,1874,1910,-1250,212
2.6658,1874,1910,-1250,212
2.6662,1874,1909,-1250,212
2.6665,1874,1909,-1250,212
2.6669,1874,1909,-1250,212
2.6673,1874,1908,-1250,204
2.6677,1874,1908,-1250,204
2.6681,1874,1908,-1250,204
2.6684,1874,1907,-1250,204
2.6688,1874,1907,-1250,204
2.6691,1874,1906,-1150,204
2.6695,1874,1906,-1150,204
2.6699,1874,1906,-1150,204
2.6703,1872,1905,-1150,196
2.6710,1872,1905,-1150,196
2.6714,1872,1904,-1150,196
2.6717,1872,1904,-1150,196
2.6721,1872,1903,-1150,188
2.6725,1872,1903,-1150,188
2.6729,1872,1903,-1150,188
2.6733,1872,1902,-1150,184
2.6737,1872,1902,-1150,184
2.6740,1872,1902,-1150,184
2.6744,1872,1901,-1150,176
2.6748,1872,1901,-1150,176
2.6752,1872,1900,-1150,176
2.6755,1872,1900,-1150,176
2.6759,1872,1900,-1150,176
2.6763,1872,1899,-1150,168
2.6767,1872,1899,-1150,168
2.6770,1872,1899,-1150,168
2.6775,1872,1898,-1150,168
2.6779,1872,1898,-1150,168
2.6783,1872,1897,-1150,160
2.6786,1872,1897,-1150,160
2.6790,1872,1897,-1150,160
2.6794,1872,1896,-1150,152
2.6797,1872,1896,-1150,152
2.6802,1871,1896,-1150,160
2.6810,1871,1896,-1150,160
2.6814,1871,1895,-1150,152
2.6818,1871,1895,-1150,152
2.6821,1871,1894,-1150,144
2.6826,1871,1894,-1150,144
2.6830,1871,1894,-1150,144
2.6833,1871,1893,-1150,144
2.6837,1871,1893,-1150,144
2.6841,1871,1892,-1150,136
2.6844,1871,1892,-1150,136
2.6848,1871,1892,-1150,136
2.6853,1871,1891,-1150,128
2.6858,1871,1891,-1150,128
2.6863,1871,1891,-1150,136
2.6867,1871,1891,-1150,136
2.6870,1871,1890,-1150,128
2.6874,1871,1890,-1150,128
2.6878,1871,1890,-1150,128
2.6882,1871,1889,-1150,120
2.6885,1871,1889,-1150,120
2.6889,1871,1889,-1150,120
2.6893,1871,1888,-900,112
2.6896,1871,1888,-900,112
2.6900,1872,1887,-900,104
2.6907,1872,1887,-900,104
2.6911,1872,1887,-900,112
2.6914,1872,1887,-900,112
2.6919,1872,1887,-900,112
2.6923,1872,1886,-900,104
2.6926,1872,1886,-900,104
2.6930,1872,1885,-900,84
2.6934,1872,1885,-900,84
2.6937,1872,1885,-900,84
2.6941,1872,1884,-900,76
2.6945,1872,1884,-900,76
2.6949,1872,1884,-900,76
2.6953,1872,1884,-900,76
2.6957,1872,1884,-900,76
2.6961,1872,1883,-900,68
2.6965,1872,1883,-900,68
2.6969,1872,1883,-900,68
2.6972,1872,1882,-900,52
2.6976,1872,1882,-900,52
2.6980,1872,1881,-900,44
2.6983,1872,1881,-900,44
2.6987,1872,1881,-900,44
2.6990,1872,1881,-900,44
2.6994,1872,1881,-900,44
2.6998,1872,1881,-900,44
2.7001,1874,1880,-900,36
2.7008,1874,1880,-900,36
2.7013,1874,1880,-900,36
2.7017,1874,1880,-900,36
2.7021,1874,1879,-900,28
2.7025,1874,1879,-900,28
2.7029,1874,1879,-900,20
2.7033,1874,1879,-900,20
2.7037,1874,1879,-900,20
2.7040,1874,1878,-900,-20
2.7044,1874,1878,-900,-20
2.7048,1874,1878,-900,-20
2.7053,1874,1878,-900,-20
2.7056,1874,1878,-900,-20
2.7060,1874,1877,-900,-36
2.7064,1874,1877,-900,-36
2.7067,1874,1877,-900,-36
2.7071,1874,1876,-900,-44
2.7074,1874,1876,-900,-44
2.7078,1874,1876,-900,-44
2.7083,1874,1876,-900,-44
2.7086,1874,1876,-900,-44
2.7090,1874,1875,-650,-52
2.7094,1874,1875,-650,-52
2.7098,1874,1875,-650,-52
2.7101,1878,1875,-650,-52
2.7108,1878,1875,-650,-52
2.7112,1878,1874,-650,-60
2.7116,1878,1874,-650,-60
2.7120,1878,1874,-650,-60
2.7123,1878,1874,-650,-60
2.7127,1878,1874,-650,-60
2.7131,1878,1874,-650,-72
2.7134,1878,1874,-650,-72
2.7138,1878,1874,-650,-72
2.7142,1878,1873,-650,-72
2.7145,1878,1873,-650,-72
2.7149,1878,1873,-650,-80
2.7153,1878,1873,-650,-80
2.7157,1878,1873,-650,-80
2.7161,1878,1873,-650,-80
2.7164,1878,1873,-650,-80
2.7168,1878,1873,-650,-80
2.7171,1878,1872,-650,-88
2.7175,1878,1872,-650,-88
2.7180,1878,1872,-650,-96
2.7184,1878,1872,-650,-96
2.7187,1878,1872,-650,-96
2.7191,1878,1872,-650,-96
2.7195,1878,1872,-650,-96
2.7199,1878,1872,-650,-96
2.7202,1883,1872,-650,-96
2.7209,1883,1872,-650,-104
2.7213,1883,1872,-650,-104
2.7217,1883,1872,-650,-104
2.7220,1883,1872,-650,-104
2.7224,1883,1872,-650,-104
2.7227,1883,1872,-650,-104
2.7231,1883,1872,-650,-104
2.7235,1883,1872,-650,-104
2.7239,1883,1872,-650,-112
2.7242,1883,1872,-650,-112
2.7246,1883,1872,-650,-112
2.7250,1883,1872,-650,-112
2.7253,1883,1872,-650,-112
2.7257,1883,1872,-650,-112
2.7261,1883,1872,-650,-112
2.7265,1883,1872,-650,-112
2.7269,1883,1872,-650,-120
2.7273,1883,1872,-650,-120
2.7276,1883,1872,-650,-120
2.7280,1883,1872,-650,-120
2.7284,1883,1872,-650,-120
2.7287,1883,1872,-650,-120
2.7291,1883,1872,-150,-128
2.7296,1883,1872,-150,-128
2.7299,1883,1872,-150,-128
2.7303,1889,1872,-150,-128
2.7310,1889,1872,-150,-128
2.7313,1889,1872,-150,-128
2.7317,1889,1872,-150,-128
2.7321,1889,1872,-150,-136
2.7325,1889,1872,-150,-136
2.7328,1889,1872,-150,-112
2.7332,1889,1872,-150,-112
2.7336,1889,1872,-150,-112
2.7340,1889,1872,-150,-120
2.7344,1889,1872,-150,-120
2.7348,1889,1872,-150,-120
2.7351,1889,1872,-150,-120
2.7355,1889,1872,-150,-120
2.7359,1889,1872,-150,-128
2.7362,1889,1872,-150,-128
2.7366,1889,1872,-150,-128
2.7370,1889,1872,-150,-128
2.7374,1889,1872,-150,-128
2.7377,1889,1872,-150,-128
2.7381,1889,1872,-150,-136
2.7384,1889,1872,-150,-136
2.7388,1889,1872,-150,-136
2.7392,1889,1872,-150,-136
2.7396,1889,1872,-150,-136
2.7399,1889,1872,-150,-144
2.7403,1896,1872,-150,-144
2.7410,1896,1872,-150,-144
2.7413,1896,1872,-150,-144
2.7417,1896,1872,-150,-144
2.7420,1896,1872,-150,-152
2.7424,1896,1872,-150,-152
2.7428,1896,1872,-150,-152
2.7431,1896,1872,-150,-152
2.7435,1896,1872,-150,-152
2.7439,1896,1872,-150,-160
2.7442,1896,1872,-150,-160
2.7446,1896,1872,-150,-160
2.7449,1896,1872,-150,-160
2.7453,1896,1872,-150,-160
2.7457,1896,1872,-150,-160
2.7461,1896,1872,-150,-168
2.7464,1896,1872,-150,-168
2.7468,1896,1872,-150,-168
2.7471,1896,1872,-150,-168
2.7475,1896,1872,-150,-168
2.7478,1896,1872,-150,-176
2.7483,1896,1872,-150,-176
2.7487,1896,1872,-150,-176
2.7490,1896,1873,50,-176
2.7494,1896,1873,50,-176
2.7498,1896,1873,50,-176
2.7501,1904,1873,50,-176
2.7508,1904,1873,50,-184
2.7512,1904,1873,50,-184
2.7516,1904,1873,50,-184
2.7520,1904,1874,50,-176
2.7523,1904,1874,50,-176
2.7527,1904,1874,50,-188
2.7531,1904,1874,50,-188
2.7535,1904,1874,50,-188
2.7539,1904,1874,50,-196
2.7543,1904,1874,50,-196
2.7546,1904,1874,50,-196
2.7550,1904,1875,50,-188
2.7553,1904,1875,50,-188
2.7557,1904,1875,50,-196
2.7561,1904,1875,50,-196
2.7564,1904,1875,50,-196
2.7568,1904,1876,50,-196
2.7573,1904,1876,50,-196
2.7576,1904,1876,50,-196
2.7580,1904,1876,50,-196
2.7583,1904,1876,50,-196
2.7587,1904,1876,50,-204
2.7591,1904,1876,50,-204
2.7594,1904,1876,50,-204
2.7598,1904,1877,50,-204
2.7602,1914,1877,50,-204
2.7609,1914,1877,50,-204
2.7613,1914,1877,50,-204
2.7616,1914,1878,50,-204
2.7620,1914,1878,50,-204
2.7624,1914,1878,50,-204
2.7628,1914,1878,50,-212
2.7631,1914,1878,50,-212
2.7635,1914,1878,50,-212
2.7639,1914,1879,50,-204
2.7642,1914,1879,50,-204
2.7646,1914,1879,50,-204
2.7650,1914,1879,50,-212
2.7654,1914,1879,50,-212
2.7657,1914,1879,50,-220
2.7661,1914,1879,50,-220
2.7665,1914,1879,50,-220
2.7669,1914,1880,50,-212
2.7673,1914,1880,50,-212
2.7677,1914,1880,50,-220
2.7680,1914,1880,50,-220
2.7684,1914,1880,50,-220
2.7687,1914,1881,400,-220
2.7691,1914,1881,400,-220
2.7695,1914,1881,400,-220
2.7699,1914,1881,400,-228
2.7703,1924,1882,400,-220
2.7710,1924,1882,400,-220
2.7713,1924,1882,400,-220
2.7717,1924,1882,400,-228
2.7721,1924,1882,400,-228
2.7724,1924,1882,400,-228
2.7728,1924,1883,400,-212
2.7732,1924,1883,400,-212
2.7736,1924,1884,400,-212
2.7740,1924,1884,400,-212
2.7743,1924,1884,400,-212
2.7747,1924,1884,400,-220
2.7750,1924,1884,400,-220
2.7754,1924,1884,400,-220
2.7758,1924,1885,400,-212
2.7761,1924,1885,400,-212
2.7765,1924,1885,400,-212
2.7769,1924,1886,400,-212
2.7772,1924,1886,400,-212
2.7776,1924,1886,400,-220
2.7780,1924,1886,400,-220
2.7783,1924,1886,400,-220
2.7787,1924,1887,400,-220
2.7791,1924,1887,400,-220
2.7794,1924,1887,400,-220
2.7798,1924,1887,400,-228
2.7801,1935,1887,400,-228
2.7808,1935,1888,400,-228
2.7812,1935,1888,400,-228
2.7816,1935,1889,400,-220
2.7820,1935,1889,400,-220
2.7823,1935,1889,400,-220
2.7827,1935,1889,400,-228
2.7830,1935,1889,400,-228
2.7834,1935,1889,400,-228
2.7838,1935,1890,400,-228
2.7842,1935,1890,400,-228
2.7846,1935,1891,400,-228
2.7850,1935,1891,400,-228
2.7854,1935,1891,400,-228
2.7857,1935,1891,400,-236
2.7861,1935,1891,400,-236
2.7865,1935,1891,400,-236
2.7868,1935,1892,400,-236
2.7872,1935,1892,400,-236
2.7876,1935,1892,400,-244
2.7880,1935,1892,400,-244
2.7884,1935,1892,400,-244
2.7887,1935,1893,600,-244
2.7891,1935,1893,600,-244
2.7895,1935,1894,600,-244
2.7899,1935,1894,600,-244
2.7902,1947,1894,600,-252
2.7909,1947,1894,600,-252
2.7913,1947,1894,600,-252
2.7916,1947,1895,600,-252
2.7920,1947,1895,600,-252
2.7923,1947,1895,600,-252
2.7927,1947,1896,600,-240
2.7930,1947,1896,600,-240
2.7934,1947,1896,600,-240
2.7937,1947,1897,600,-240
2.7941,1947,1897,600,-240
2.7945,1947,1897,600,-240
2.7948,1947,1897,600,-248
2.7952,1947,1897,600,-248
2.7956,1947,1898,600,-248
2.7960,1947,1898,600,-248
2.7963,1947,1898,600,-248
2.7967,1947,1899,600,-248
2.7970,1947,1899,600,-248
2.7974,1947,1899,600,-248
2.7977,1947,1900,600,-248
2.7981,1947,1900,600,-248
2.7985,1947,1900,600,-256
2.7989,1947,1900,600,-256
2.7994,1947,1900,600,-256
2.7998,1947,1901,600,-256
2.8001,1960,1901,600,-256
2.8008,1960,1901,600,-264
2.8012,1960,1901,600,-264
2.8016,1960,1902,600,-264
2.8019,1960,1902,600,-264
2.8023,1960,1902,600,-264
2.8026,1960,1903,600,-264
2.8030,1960,1903,600,-264
2.8034,1960,1903,600,-264
2.8037,1960,1904,600,-264
2.8041,1960,1904,600,-264
2.8045,1960,1905,600,-264
2.8049,1960,1905,600,-264
2.8053,1960,1905,600,-264
2.8057,1960,1905,600,-272
2.8061,1960,1905,600,-272
2.8064,1960,1905,600,-272
2.8068,1960,1906,600,-272
2.8071,1960,1906,600,-272
2.8075,1960,1907,600,-272
2.8078,1960,1907,600,-272
2.8082,1960,1907,600,-272
2.8086,1960,1908,750,-272
2.8089,1960,1908,750,-272
2.8093,1960,1908,750,-272
2.8097,1960,1908,750,-280
2.8100,1973,1908,750,-280
2.8107,1973,1909,750,-280
2.8111,1973,1909,750,-280
2.8115,1973,1910,750,-280
2.8119,1973,1910,750,-280
2.8122,1973,1910,750,-280
2.8126,1973,1911,750,-284
2.8130,1973,1911,750,-284
2.8133,1973,1911,750,-284
2.8137,1973,1912,750,-292
2.8140,1973,1912,750,-292
2.8144,1973,1913,750,-292
2.8148,1973,1913,750,-292
2.8151,1973,1913,750,-292
2.8155,1973,1914,750,-292
2.8159,1973,1914,750,-292
2.8162,1973,1914,750,-292
2.8166,1973,1915,750,-292
2.8169,1973,1915,750,-292
2.8173,1973,1915,750,-292
2.8177,1973,1915,750,-300
2.8181,1973,1915,750,-300
2.8184,1973,1916,750,-300
2.8188,1973,1916,750,-300
2.8192,1973,1916,750,-300
2.8195,1973,1917,750,-300
2.8199,1973,1917,750,-300
2.8202,1988,1918,750,-300
2.8209,1988,1918,750,-300
2.8213,1988,1918,750,-300
2.8216,1988,1919,750,-300
2.8220,1988,1919,750,-300
2.8224,1988,1920,750,-308
2.8227,1988,1920,750,-308
2.8231,1988,1920,750,-308
2.8235,1988,1921,750,-308
2.8239,1988,1921,750,-308
2.8243,1988,1921,750,-308
2.8247,1988,1921,750,-316
2.8251,1988,1921,750,-316
2.8254,1988,1922,750,-316
2.8258,1988,1922,750,-316
2.8262,1988,1922,750,-316
2.8266,1988,1923,750,-316
2.8270,1988,1923,750,-316
2.8274,1988,1924,750,-324
2.8277,1988,1924,750,-324
2.8281,1988,1924,750,-324
2.8285,1988,1925,850,-324
2.8288,1988,1925,850,-324
2.8292,1988,1925,850,-324
2.8296,1988,1926,850,-324
2.8300,1988,1926,850,-324
2.8304,2002,1927,850,-324
2.8310,2002,1927,850,-324
2.8314,2002,1928,850,-324
2.8318,2002,1928,850,-324
2.8322,2002,1928,850,-324
2.8325,2002,1929,850,-324
2.8329,2002,1929,850,-324
2.8332,2002,1929,850,-324
2.8336,2002,1930,850,-324
2.8340,2002,1930,850,-324
2.8344,2002,1931,850,-332
2.8347,2002,1931,850,-332
2.8351,2002,1931,850,-332
2.8354,2002,1932,850,-332
2.8358,2002,1932,850,-332
2.8362,2002,1932,850,-332
2.8366,2002,1933,850,-332
2.8370,2002,1933,850,-332
2.8373,2002,1934,850,-332
2.8377,2002,1934,850,-332
2.8380,2002,1934,850,-332
2.8384,2002,1935,850,-340
2.8388,2002,1935,850,-340
2.8391,2002,1935,850,-340
2.8395,2002,1936,850,-340
2.8399,2002,1936,850,-340
2.8403,2017,1937,850,-340
2.8410,2017,1937,850,-340
2.8413,2017,1938,850,-340
2.8417,2017,1938,850,-340
2.8421,2017,1938,850,-340
2.8425,2017,1939,850,-340
2.8428,2017,1939,850,-340
2.8432,2017,1939,850,-340
2.8436,2017,1940,850,-348
2.8440,2017,1940,850,-348
2.8443,2017,1941,850,-348
2.8447,2017,1941,850,-348
2.8451,2017,1941,850,-348
2.8455,2017,1942,850,-348
2.8458,2017,1942,850,-348
2.8463,2017,1943,850,-356
2.8466,2017,1943,850,-356
2.8470,2017,1943,850,-356
2.8474,2017,1944,850,-356
2.8477,2017,1944,850,-356
2.8481,2017,1944,850,-356
2.8485,2017,1945,1000,-356
2.8489,2017,1945,1000,-356
2.8492,2017,1946,1000,-356
2.8496,2017,1946,1000,-356
2.8500,2017,1946,1000,-356
2.8503,2032,1947,1000,-364
2.8510,2032,1947,1000,-364
2.8514,2032,1948,1000,-364
2.8518,2032,1948,1000,-364
2.8521,2032,1948,1000,-364
2.8525,2032,1949,1000,-364
2.8529,2032,1949,1000,-364
2.8532,2032,1951,1000,-356
2.8536,2032,1951,1000,-356
2.8540,2032,1951,1000,-356
2.8543,2032,1952,1000,-364
2.8547,2032,1952,1000,-364
2.8551,2032,1952,1000,-364
2.8554,2032,1953,1000,-364
2.8558,2032,1953,1000,-364
2.8561,2032,1953,1000,-364
2.8565,2032,1954,1000,-364
2.8569,2032,1954,1000,-364
2.8572,2032,1955,1000,-372
2.8576,2032,1955,1000,-372
2.8580,2032,1955,1000,-372
2.8583,2032,1957,1000,-364
2.8588,2032,1957,1000,-364
2.8591,2032,1957,1000,-364
2.8595,2032,1958,1000,-364
2.8599,2032,1958,1000,-364
2.8603,2047,1959,1000,-372
2.8609,2047,1959,1000,-372
2.8613,2047,1960,1000,-372
2.8617,2047,1960,1000,-372
2.8620,2047,1960,1000,-372
2.8624,2047,1961,1000,-372
2.8628,2047,1961,1000,-372
2.8631,2047,1961,1000,-372
2.8635,2047,1963,1000,-372
2.8639,2047,1963,1000,-372
2.8642,2047,1964,1000,-372
2.8646,2047,1964,1000,-372
2.8650,2047,1964,1000,-372
2.8653,2047,1965,1000,-372
2.8657,2047,1965,1000,-372
2.8661,2047,1965,1000,-372
2.8664,2047,1966,1000,-380
2.8668,2047,1966,1000,-380
2.8671,2047,1967,1000,-380
2.8676,2047,1967,1000,-380
2.8679,2047,1967,1000,-380
2.8683,2047,1969,1200,-380
2.8686,2047,1969,1200,-380
2.8690,2047,1969,1200,-380
2.8693,2047,1970,1200,-380
2.8697,2047,1970,1200,-380
2.8700,2061,1971,1200,-380
2.8707,2061,1971,1200,-380
2.8711,2061,1971,1200,-380
2.8714,2061,1972,1200,-388
2.8718,2061,1972,1200,-388
2.8722,2061,1973,1200,-380
2.8726,2061,1973,1200,-380
2.8729,2061,1973,1200,-380
2.8733,2061,1974,1200,-380
2.8737,2061,1974,1200,-380
2.8740,2061,1974,1200,-380
2.8744,2061,1976,1200,-380
2.8748,2061,1976,1200,-380
2.8752,2061,1977,1200,-380
2.8756,2061,1977,1200,-380
2.8759,2061,1977,1200,-380
2.8763,2061,1978,1200,-388
2.8767,2061,1978,1200,-388
2.8771,2061,1978,1200,-388
2.8774,2061,1979,1200,-388
2.8778,2061,1979,1200,-388
2.8782,2061,1981,1200,-380
2.8786,2061,1981,1200,-380
2.8790,2061,1981,1200,-380
2.8793,2061,1982,1200,-388
2.8797,2061,1982,1200,-388
2.8801,2076,1983,1200,-388
2.8807,2076,1983,1200,-388
2.8811,2076,1984,1200,-388
2.8815,2076,1984,1200,-388
2.8818,2076,1984,1200,-388
2.8823,2076,1985,1200,-396
2.8827,2076,1985,1200,-396
2.8830,2076,1985,1200,-396
2.8834,2076,1987,1200,-388
2.8837,2076,1987,1200,-388
2.8841,2076,1988,1200,-396
2.8844,2076,1988,1200,-396
2.8848,2076,1988,1200,-396
2.8852,2076,1990,1200,-388
2.8855,2076,1990,1200,-388
2.8859,2076,1990,1200,-388
2.8862,2076,1991,1200,-388
2.8866,2076,1991,1200,-388
2.8870,2076,1991,1200,-388
2.8874,2076,1992,1200,-396
2.8877,2076,1992,1200,-396
2.8881,2076,1993,1200,-396
2.8885,2076,1993,1200,-396
2.8889,2076,1993,1200,-396
2.8893,2076,1994,1200,-404
2.8896,2076,1994,1200,-404
2.8900,2076,1994,1200,-404
2.8904,2091,1996,1200,-396
2.8910,2091,1997,1200,-396
2.8914,2091,1997,1200,-396
2.8918,2091,1997,1200,-396
2.8921,2091,1998,1200,-404
2.8925,2091,1998,1200,-404
2.8929,2091,1998,1200,-404
2.8932,2091,2000,1200,-396
2.8936,2091,2000,1200,-396
2.8940,2091,2000,1200,-396
2.8943,2091,2001,1200,-396
2.8947,2091,2001,1200,-396
2.8950,2091,2002,1200,-404
2.8954,2091,2002,1200,-404
2.8957,2091,2002,1200,-404
2.8961,2091,2003,1200,-404
2.8965,2091,2003,1200,-404
2.8968,2091,2003,1200,-404
2.8972,2091,2005,1200,-404
2.8976,2091,2005,1200,-404
2.8980,2091,2006,1200,-404
2.8984,2091,2006,1200,-404
2.8988,2091,2006,1200,-404
2.8991,2091,2008,1200,-404
2.8995,2091,2008,1200,-404
2.8999,2091,2008,1200,-404
2.9003,2105,2009,1200,-404
2.9010,2105,2010,1200,-404
2.9014,2105,2010,1200,-404
2.9017,2105,2010,1200,-404
2.9021,2105,2012,1200,-404
2.9024,2105,2012,1200,-404
2.9028,2105,2012,1200,-404
2.9032,2105,2013,1200,-404
2.9036,2105,2013,1200,-404
2.9040,2105,2013,1200,-404
2.9043,2105,2014,1200,-412
2.9047,2105,2014,1200,-412
2.9051,2105,2016,1200,-404
2.9054,2105,2016,1200,-404
2.9058,2105,2016,1200,-404
2.9063,2105,2017,1200,-412
2.9066,2105,2017,1200,-412
2.9070,2105,2019,1200,-404
2.9073,2105,2019,1200,-404
2.9077,2105,2019,1200,-404
2.9080,2105,2020,1350,-404
2.9084,2105,2020,1350,-404
2.9089,2105,2020,1350,-404
2.9093,2105,2021,1350,-412
2.9096,2105,2021,1350,-412
2.9100,2105,2022,1350,-412
2.9104,2119,2022,1350,-412
2.9110,2119,2024,1350,-404
2.9114,2119,2024,1350,-404
2.9117,2119,2024,1350,-404
2.9121,2119,2025,1350,-404
2.9125,2119,2025,1350,-404
2.9128,2119,2025,1350,-404
2.9132,2119,2026,1350,-404
2.9137,2119,2026,1350,-404
2.9141,2119,2028,1350,-404
2.9144,2119,2028,1350,-404
2.9148,2119,2028,1350,-404
2.9151,2119,2030,1350,-396
2.9155,2119,2030,1350,-396
2.9159,2119,2030,1350,-396
2.9163,2119,2031,1350,-396
2.9166,2119,2031,1350,-396
2.9170,2119,2032,1350,-404
2.9173,2119,2032,1350,-404
2.9177,2119,2032,1350,-404
2.9181,2119,2034,1350,-396
2.9184,2119,2034,1350,-396
2.9188,2119,2034,1350,-396
2.9192,2119,2035,1350,-404
2.9195,2119,2035,1350,-404
2.9199,2119,2035,1350,-404
2.9203,2132,2036,1350,-404
2.9210,2132,2038,1350,-404
2.9213,2132,2038,1350,-404
2.9217,2132,2038,1350,-404
2.9221,2132,2039,1350,-404
2.9224,2132,2039,1350,-404
2.9228,2132,2039,1350,-404
2.9232,2132,2041,1350,-396
2.9235,2132,2041,1350,-396
2.9239,2132,2042,1350,-404
2.9242,2132,2042,1350,-404
2.9246,2132,2042,1350,-404
2.9250,2132,2043,1350,-404
2.9254,2132,2043,1350,-404
2.9257,2132,2043,1350,-404
2.9263,2132,2045,1350,-404
2.9266,2132,2045,1350,-404
2.9270,2132,2047,1350,-396
2.9274,2132,2047,1350,-396
2.9277,2132,2047,1350,-396
2.9281,2132,2048,1400,-396
2.9284,2132,2048,1400,-396
2.9288,2132,2048,1400,-396
2.9291,2132,2049,1400,-404
2.9295,2132,2049,1400,-404
2.9299,2132,2051,1400,-396
2.9302,2144,2051,1400,-396
2.9309,2144,2052,1400,-396
2.9313,2144,2052,1400,-396
2.9318,2144,2052,1400,-396
2.9323,2144,2054,1400,-388
2.9326,2144,2054,1400,-388
2.9330,2144,2055,1400,-388
2.9334,2144,2055,1400,-388
2.9337,2144,2055,1400,-388
2.9341,2144,2057,1400,-388
2.9345,2144,2057,1400,-388
2.9348,2144,2058,1400,-388
2.9352,2144,2058,1400,-388
2.9356,2144,2058,1400,-388
2.9360,2144,2060,1400,-380
2.9364,2144,2060,1400,-380
2.9368,2144,2060,1400,-380
2.9372,2144,2061,1400,-388
2.9376,2144,2061,1400,-388
2.9380,2144,2063,1400,-380
2.9384,2144,2063,1400,-380
2.9393,2144,2064,1400,-380
2.9396,2144,2064,1400,-380
2.9400,2144,2065,1400,-388
2.9403,2156,2065,1400,-388
2.9410,2156,2067,1400,-380
2.9414,2156,2067,1400,-380
2.9417,2156,2067,1400,-380
2.9421,2156,2068,1400,-380
2.9425,2156,2068,1400,-380
2.9429,2156,2069,1400,-380
2.9432,2156,2069,1400,-380
2.9436,2156,2069,1400,-380
2.9440,2156,2070,1400,-388
2.9443,2156,2070,1400,-388
2.9447,2156,2070,1400,-388
2.9451,2156,2072,1400,-380
2.9454,2156,2072,1400,-380
2.9458,2156,2073,1400,-388
2.9462,2156,2073,1400,-388
2.9466,2156,2073,1400,-388
2.9470,2156,2075,1400,-380
2.9474,2156,2075,1400,-380
2.9477,2156,2075,1400,-380
2.9481,2156,2076,1400,-380
2.9485,2156,2076,1400,-380
2.9488,2156,2078,1400,-372
2.9493,2156,2078,1400,-372
2.9496,2156,2078,1400,-372
2.9500,2156,2079,1400,-380
2.9504,2167,2079,1400,-380
2.9511,2167,2081,1400,-372
2.9514,2167,2081,1400,-372
2.9518,2167,2082,1400,-368
2.9521,2167,2082,1400,-368
2.9525,2167,2082,1400,-368
2.9529,2167,2083,1400,-376
2.9533,2167,2083,1400,-376
2.9537,2167,2083,1400,-376
2.9540,2167,2085,1400,-368
2.9544,2167,2085,1400,-368
2.9548,2167,2086,1400,-368
2.9551,2167,2086,1400,-368
2.9556,2167,2086,1400,-368
2.9559,2167,2088,1400,-368
2.9563,2167,2088,1400,-368
2.9566,2167,2088,1400,-368
2.9570,2167,2089,1400,-368
2.9574,2167,2089,1400,-368
2.9577,2167,2090,1400,-368
2.9581,2167,2090,1400,-368
2.9585,2167,2090,1400,-368
2.9589,2167,2092,1400,-360
2.9593,2167,2092,1400,-360
2.9596,2167,2092,1400,-360
2.9600,2167,2093,1400,-368
2.9603,2177,2093,1400,-368
2.9610,2177,2094,1400,-368
2.9614,2177,2094,1400,-368
2.9617,2177,2096,1400,-360
2.9621,2177,2096,1400,-360
2.9625,2177,2096,1400,-360
2.9628,2177,2097,1400,-360
2.9632,2177,2097,1400,-360
2.9636,2177,2097,1400,-360
2.9640,2177,2098,1400,-360
2.9644,2177,2098,1400,-360
2.9647,2177,2100,1400,-360
2.9651,2177,2100,1400,-360
2.9655,2177,2100,1400,-360
2.9659,2177,2101,1400,-360
2.9662,2177,2101,1400,-360
2.9666,2177,2101,1400,-360
2.9670,2177,2103,1400,-352
2.9673,2177,2103,1400,-352
2.9677,2177,2104,1400,-360
2.9681,2177,2104,1400,-360
2.9684,2177,2104,1400,-360
2.9688,2177,2105,1400,-360
2.9691,2177,2105,1400,-360
2.9695,2177,2105,1400,-360
2.9699,2177,2107,1400,-352
2.9703,2185,2107,1400,-352
2.9710,2185,2108,1400,-352
2.9713,2185,2108,1400,-352
2.9717,2185,2110,1400,-340
2.9720,2185,2110,1400,-340
2.9724,2185,2110,1400,-340
2.9728,2185,2111,1400,-340
2.9732,2185,2111,1400,-340
2.9735,2185,2111,1400,-340
2.9739,2185,2112,1400,-348
2.9742,2185,2112,1400,-348
2.9746,2185,2114,1400,-340
2.9750,2185,2114,1400,-340
2.9754,2185,2114,1400,-340
2.9758,2185,2115,1400,-340
2.9761,2185,2115,1400,-340
2.9765,2185,2115,1400,-340
2.9769,2185,2116,1400,-340
2.9772,2185,2116,1400,-340
2.9776,2185,2116,1400,-340
2.9779,2185,2117,1400,-340
2.9783,2185,2117,1400,-340
2.9787,2185,2118,1400,-348
2.9790,2185,2118,1400,-348
2.9794,2185,2118,1400,-348
2.9798,2185,2120,1400,-340
2.9801,2193,2120,1400,-340
2.9808,2193,2121,1400,-340
2.9812,2193,2121,1400,-340
2.9816,2193,2122,1400,-340
2.9820,2193,2122,1400,-340
2.9823,2193,2122,1400,-340
2.9827,2193,2124,1400,-332
2.9831,2193,2124,1400,-332
2.9834,2193,2124,1400,-332
2.9838,2193,2125,1400,-332
2.9842,2193,2125,1400,-332
2.9845,2193,2125,1400,-332
2.9849,2193,2126,1400,-332
2.9853,2193,2126,1400,-332
2.9857,2193,2128,1400,-324
2.9861,2193,2128,1400,-324
2.9865,2193,2128,1400,-324
2.9869,2193,2129,1400,-332
2.9873,2193,2129,1400,-332
2.9877,2193,2131,1350,-324
2.9881,2193,2131,1350,-324
2.9884,2193,2131,1350,-324
2.9888,2193,2132,1350,-324
2.9893,2193,2132,1350,-324
2.9896,2193,2133,1350,-324
2.9900,2193,2133,1350,-324
2.9903,2199,2134,1350,-324
2.9910,2199,2134,1350,-324
2.9913,2199,2134,1350,-324
2.9917,2199,2135,1350,-328
2.9921,2199,2135,1350,-328
2.9924,2199,2135,1350,-328
2.9928,2199,2137,1350,-320
2.9931,2199,2137,1350,-320
2.9935,2199,2137,1350,-320
2.9938,2199,2138,1350,-320
2.9942,2199,2138,1350,-320
2.9946,2199,2139,1350,-320
2.9950,2199,2139,1350,-320
2.9954,2199,2139,1350,-320
2.9957,2199,2141,1350,-312
2.9962,2199,2141,1350,-312
2.9966,2199,2142,1350,-312
2.9970,2199,2142,1350,-312
2.9974,2199,2142,1350,-312
2.9978,2199,2143,1350,-312
2.9981,2199,2143,1350,-312
2.9985,2199,2143,1350,-312
2.9988,2199,2144,1350,-312
2.9993,2199,2144,1350,-312
2.9996,2199,2146,1350,-304
3.0000,2199,2146,1350,-304
3.0003,2204,2147,1350,-304
3.0010,2204,2147,1350,-304
3.0014,2204,2147,1350,-304
3.0018,2204,2148,1350,-296
3.0021,2204,2148,1350,-296
3.0025,2204,2149,1350,-296
3.0029,2204,2149,1350,-296
3.0033,2204,2149,1350,-296
3.0036,2204,2151,1350,-288
3.0040,2204,2151,1350,-288
3.0044,2204,2151,1350,-288
3.0047,2204,2152,1350,-288
3.0051,2204,2152,1350,-288
3.0055,2204,2154,1350,-280
3.0059,2204,2154,1350,-280
3.0063,2204,2154,1350,-280
3.0067,2204,2155,1350,-280
3.0071,2204,2155,1350,-280
3.0075,2204,2156,1250,-280
3.0079,2204,2156,1250,-280
3.0083,2204,2156,1250,-280
3.0087,2204,2157,1250,-280
3.0090,2204,2157,1250,-280
3.0094,2204,2157,1250,-280
3.0098,2204,2158,1250,-280
3.0101,2208,2159,1250,-272
3.0108,2208,2159,1250,-272
3.0112,2208,2159,1250,-272
3.0116,2208,2160,1250,-252
3.0120,2208,2160,1250,-252
3.0123,2208,2160,1250,-252
3.0127,2208,2162,1250,-244
3.0130,2208,2162,1250,-244
3.0134,2208,2162,1250,-244
3.0138,2208,2163,1250,-244
3.0141,2208,2163,1250,-244
3.0145,2208,2164,1250,-244
3.0149,2208,2164,1250,-244
3.0152,2208,2164,1250,-244
3.0156,2208,2165,1250,-236
3.0160,2208,2165,1250,-236
3.0163,2208,2165,1250,-236
3.0167,2208,2166,1250,-236
3.0171,2208,2166,1250,-236
3.0175,2208,2167,1250,-236
3.0178,2208,2167,1250,-236
3.0182,2208,2167,1250,-236
3.0186,2208,2168,1250,-236
3.0190,2208,2168,1250,-236
3.0193,2208,2168,1250,-236
3.0197,2208,2169,1250,-228
3.0200,2211,2169,1250,-228
3.0207,2211,2170,1250,-228
3.0211,2211,2170,1250,-228
3.0214,2211,2172,1250,-212
3.0218,2211,2172,1250,-212
3.0222,2211,2172,1250,-212
3.0226,2211,2173,1250,-212
3.0230,2211,2173,1250,-212
3.0234,2211,2173,1250,-212
3.0237,2211,2174,1250,-212
3.0241,2211,2174,1250,-212
3.0245,2211,2175,1250,-204
3.0248,2211,2175,1250,-204
3.0252,2211,2175,1250,-204
3.0256,2211,2176,1250,-204
3.0260,2211,2176,1250,-204
3.0264,2211,2177,1250,-204
3.0267,2211,2177,1250,-204
3.0271,2211,2177,1250,-204
3.0275,2211,2178,1100,-196
3.0279,2211,2178,1100,-196
3.0283,2211,2178,1100,-196
3.0287,2211,2179,1100,-196
3.0290,2211,2179,1100,-196
3.0294,2211,2180,1100,-188
3.0298,2211,2180,1100,-188
3.0303,2212,2181,1100,-188
3.0310,2212,2181,1100,-188
3.0314,2212,2182,1100,-172
3.0319,2212,2182,1100,-172
3.0323,2212,2182,1100,-172
3.0326,2212,2183,1100,-172
3.0330,2212,2183,1100,-172
3.0334,2212,2184,1100,-164
3.0338,2212,2184,1100,-164
3.0342,2212,2184,1100,-164
3.0346,2212,2185,1100,-164
3.0350,2212,2185,1100,-164
3.0354,2212,2186,1100,-156
3.0358,2212,2186,1100,-156
3.0361,2212,2186,1100,-156
3.0365,2212,2187,1100,-148
3.0369,2212,2187,1100,-148
3.0372,2212,2187,1100,-148
3.0376,2212,2187,1100,-156
3.0380,2212,2187,1100,-156
3.0384,2212,2188,1100,-148
3.0387,2212,2188,1100,-148
3.0391,2212,2188,1100,-148
3.0395,2212,2189,1100,-140
3.0399,2212,2189,1100,-140
3.0402,2213,2190,1100,-140
3.0409,2213,2190,1100,-140
3.0413,2213,2191,1100,-132
3.0417,2213,2191,1100,-132
3.0421,2213,2191,1100,-132
3.0424,2213,2192,1100,-124
3.0428,2213,2192,1100,-124
3.0432,2213,2192,1100,-124
3.0435,2213,2193,1100,-124
3.0439,2213,2193,1100,-124
3.0442,2213,2193,1100,-124
3.0446,2213,2194,1100,-116
3.0450,2213,2194,1100,-116
3.0453,2213,2194,1100,-116
3.0457,2213,2194,1100,-116
3.0461,2213,2194,1100,-116
3.0464,2213,2195,1100,-108
3.0468,2213,2195,1100,-108
3.0471,2213,2195,1100,-108
3.0475,2213,2196,900,-100
3.0479,2213,2196,900,-100
3.0482,2213,2196,900,-100
3.0486,2213,2197,900,-92
3.0489,2213,2197,900,-92
3.0493,2213,2197,900,-92
3.0497,2213,2197,900,-92
3.0500,2211,2198,900,-92
3.0507,2211,2198,900,-92
3.0511,2211,2198,900,-92
3.0515,2211,2199,900,-64
3.0519,2211,2199,900,-64
3.0523,2211,2200,900,-56
3.0527,2211,2200,900,-56
3.0530,2211,2200,900,-56
3.0534,2211,2200,900,-56
3.0538,2211,2200,900,-56
3.0543,2211,2201,900,-48
3.0546,2211,2201,900,-48
3.0550,2211,2201,900,-48
3.0554,2211,2202,900,-40
3.0558,2211,2202,900,-40
3.0561,2211,2202,900,-40
3.0565,2211,2202,900,-40
3.0569,2211,2202,900,-40
3.0573,2211,2203,900,-32
3.0577,2211,2203,900,-32
3.0580,2211,2203,900,-32
3.0584,2211,2204,900,0
3.0588,2211,2204,900,0
3.0593,2211,2204,900,0
3.0596,2211,2204,900,0
3.0600,2209,2205,900,24
3.0607,2209,2205,900,24
3.0611,2209,2205,900,24
3.0615,2209,2205,900,24
3.0619,2209,2205,900,24
3.0623,2209,2206,900,32
3.0626,2209,2206,900,32
3.0630,2209,2206,900,32
3.0634,2209,2206,900,40
3.0638,2209,2206,900,40
3.0641,2209,2206,900,40
3.0645,2209,2207,900,48
3.0649,2209,2207,900,48
3.0653,2209,2207,900,48
3.0657,2209,2207,900,48
3.0661,2209,2207,900,48
3.0665,2209,2208,900,64
3.0669,2209,2208,900,64
3.0673,2209,2208,600,64
3.0677,2209,2208,600,64
3.0681,2209,2208,600,64
3.0685,2209,2208,600,64
3.0689,2209,2208,600,64
3.0693,2209,2209,600,64
3.0698,2209,2209,600,64
3.0702,2205,2209,600,64
3.0710,2205,2209,600,64
3.0714,2205,2209,600,64
3.0718,2205,2209,600,64
3.0722,2205,2210,600,72
3.0726,2205,2210,600,72
3.0729,2205,2210,600,72
3.0733,2205,2210,600,72
3.0737,2205,2210,600,72
3.0741,2205,2210,600,72
3.0744,2205,2210,600,72
3.0748,2205,2210,600,72
3.0753,2205,2210,600,80
3.0757,2205,2210,600,80
3.0761,2205,2210,600,80
3.0764,2205,2210,600,80
3.0768,2205,2210,600,80
3.0771,2205,2210,600,80
3.0775,2205,2210,600,80
3.0779,2205,2210,600,80
3.0782,2205,2211,600,96
3.0786,2205,2211,600,96
3.0790,2205,2211,600,96
3.0794,2205,2211,600,96
3.0798,2205,2211,600,96
3.0801,2200,2211,600,96
3.0809,2200,2211,600,96
3.0813,2200,2211,600,104
3.0816,2200,2211,600,104
3.0820,2200,2211,600,104
3.0824,2200,2211,600,104
3.0828,2200,2211,600,104
3.0832,2200,2211,600,104
3.0836,2200,2211,600,104
3.0840,2200,2211,600,104
3.0843,2200,2211,600,112
3.0847,2200,2211,600,112
3.0851,2200,2211,600,112
3.0855,2200,2211,600,112
3.0858,2200,2211,600,112
3.0863,2200,2211,600,112
3.0866,2200,2211,600,112
3.0870,2200,2211,600,112
3.0874,2200,2211,150,120
3.0878,2200,2211,150,120
3.0883,2200,2211,150,120
3.0886,2200,2211,150,120
3.0889,2200,2211,150,120
3.0893,2200,2211,150,128
3.0897,2200,2211,150,128
3.0900,2194,2211,150,128
3.0907,2194,2211,150,128
3.0911,2194,2211,150,124
3.0915,2194,2211,150,124
3.0919,2194,2211,150,124
3.0923,2194,2211,150,124
3.0926,2194,2211,150,124
3.0930,2194,2211,150,124
3.0933,2194,2211,150,124
3.0937,2194,2211,150,124
3.0940,2194,2211,150,124
3.0944,2194,2211,150,132
3.0948,2194,2211,150,132
3.0951,2194,2211,150,132
3.0955,2194,2211,150,132
3.0959,2194,2211,150,132
3.0962,2194,2211,150,140
3.0966,2194,2211,150,140
3.0970,2194,2211,150,140
3.0973,2194,2211,150,148
3.0977,2194,2211,150,148
3.0980,2194,2211,150,148
3.0984,2194,2211,150,148
3.0987,2194,2211,150,148
3.0991,2194,2211,150,156
3.0995,2194,2211,150,156
3.0999,2194,2211,150,156
3.1002,2186,2211,150,156
3.1009,2186,2211,150,156
3.1013,2186,2211,150,164
3.1016,2186,2211,150,164
3.1020,2186,2211,150,164
3.1023,2186,2211,150,164
3.1027,2186,2211,150,164
3.1030,2186,2211,150,172
3.1034,2186,2211,150,172
3.1037,2186,2211,150,172
3.1041,2186,2210,150,164
3.1044,2186,2210,150,164
3.1048,2186,2210,150,164
3.1051,2186,2210,150,172
3.1055,2186,2210,150,172
3.1059,2186,2210,150,172
3.1062,2186,2210,150,172
3.1066,2186,2210,150,172
3.1070,2186,2210,150,172
3.1073,2186,2209,-100,172
3.1077,2186,2209,-100,172
3.1081,2186,2209,-100,180
3.1084,2186,2209,-100,180
3.1088,2186,2209,-100,180
3.1091,2186,2208,-100,172
3.1095,2186,2208,-100,172
3.1098,2186,2208,-100,172
3.1102,2177,2208,-100,180
3.1109,2177,2208,-100,180
3.1113,2177,2208,-100,184
3.1117,2177,2208,-100,184
3.1120,2177,2207,-100,176
3.1124,2177,2207,-100,176
3.1128,2177,2207,-100,176
3.1131,2177,2207,-100,184
3.1135,2177,2207,-100,184
3.1138,2177,2207,-100,184
3.1142,2177,2206,-100,184
3.1146,2177,2206,-100,184
3.1150,2177,2206,-100,184
3.1153,2177,2206,-100,184
3.1157,2177,2206,-100,184
3.1161,2177,2205,-100,184
3.1164,2177,2205,-100,184
3.1168,2177,2205,-100,184
3.1172,2177,2205,-100,192
3.1175,2177,2205,-100,192
3.1179,2177,2205,-100,192
3.1182,2177,2205,-100,192
3.1186,2177,2205,-100,192
3.1190,2177,2204,-100,192
3.1193,2177,2204,-100,192
3.1197,2177,2204,-100,192
3.1200,2168,2204,-100,200
3.1207,2168,2204,-100,200
3.1211,2168,2203,-100,200
3.1214,2168,2203,-100,200
3.1218,2168,2203,-100,200
3.1221,2168,2203,-100,200
3.1225,2168,2203,-100,200
3.1229,2168,2203,-100,200
3.1232,2168,2202,-100,200
3.1236,2168,2202,-100,200
3.1240,2168,2202,-100,208
3.1244,2168,2202,-100,208
3.1247,2168,2202,-100,208
3.1251,2168,2201,-100,208
3.1255,2168,2201,-100,208
3.1259,2168,2201,-100,216
3.1263,2168,2201,-100,216
3.1266,2168,2201,-100,216
3.1270,2168,2200,-450,208
3.1274,2168,2200,-450,208
3.1277,2168,2200,-450,208
3.1281,2168,2200,-450,216
3.1284,2168,2200,-450,216
3.1288,2168,2200,-450,216
3.1291,2168,2199,-450,216
3.1295,2168,2199,-450,216
3.1298,2168,2199,-450,216
3.1302,2157,2198,-450,216
3.1309,2157,2198,-450,200
3.1313,2157,2198,-450,200
3.1316,2157,2198,-450,200
3.1320,2157,2198,-450,208
3.1323,2157,2198,-450,208
3.1327,2157,2198,-450,208
3.1331,2157,2197,-450,208
3.1335,2157,2197,-450,208
3.1339,2157,2196,-450,208
3.1343,2157,2196,-450,208
3.1346,2157,2196,-450,208
3.1350,2157,2196,-450,216
3.1354,2157,2196,-450,216
3.1357,2157,2196,-450,216
3.1361,2157,2195,-450,216
3.1366,2157,2195,-450,216
3.1370,2157,2195,-450,216
3.1373,2157,2195,-450,216
3.1378,2157,2195,-450,216
3.1381,2157,2194,-450,216
3.1385,2157,2194,-450,216
3.1389,2157,2193,-450,216
3.1392,2157,2193,-450,216
3.1396,2157,2193,-450,216
3.1400,2157,2193,-450,224
3.1404,2145,2193,-450,224
3.1410,2145,2192,-450,224
3.1414,2145,2192,-450,224
3.1418,2145,2192,-450,224
3.1421,2145,2191,-450,216
3.1425,2145,2191,-450,216
3.1429,2145,2191,-450,224
3.1432,2145,2191,-450,224
3.1436,2145,2191,-450,224
3.1440,2145,2190,-450,224
3.1443,2145,2190,-450,224
3.1447,2145,2190,-450,224
3.1451,2145,2190,-450,232
3.1454,2145,2190,-450,232
3.1458,2145,2190,-450,232
3.1462,2145,2189,-450,232
3.1465,2145,2189,-450,232
3.1469,2145,2188,-600,232
3.1474,2145,2188,-600,232
3.1478,2145,2188,-600,232
3.1481,2145,2188,-600,240
3.1485,2145,2188,-600,240
3.1489,2145,2187,-600,240
3.1493,2145,2187,-600,240
3.1496,2145,2187,-600,240
3.1500,2133,2186,-600,232
3.1507,2133,2186,-600,232
3.1511,2133,2186,-600,244
3.1515,2133,2186,-600,244
3.1519,2133,2185,-600,244
3.1522,2133,2185,-600,244
3.1526,2133,2185,-600,244
3.1530,2133,2184,-600,244
3.1534,2133,2184,-600,244
3.1537,2133,2184,-600,244
3.1541,2133,2184,-600,252
3.1545,2133,2184,-600,252
3.1549,2133,2183,-600,252
3.1553,2133,2183,-600,252
3.1556,2133,2183,-600,252
3.1560,2133,2182,-600,252
3.1564,2133,2182,-600,252
3.1568,2133,2182,-600,260
3.1572,2133,2182,-600,260
3.1575,2133,2182,-600,260
3.1579,2133,2181,-600,260
3.1583,2133,2181,-600,260
3.1587,2133,2181,-600,260
3.1591,2133,2180,-600,260
3.1594,2133,2180,-600,260
3.1598,2133,2179,-600,260
3.1603,2120,2179,-600,260
3.1610,2120,2178,-600,260
3.1614,2120,2178,-600,260
3.1618,2120,2178,-600,268
3.1621,2120,2178,-600,268
3.1625,2120,2178,-600,268
3.1629,2120,2177,-600,268
3.1632,2120,2177,-600,268
3.1636,2120,2177,-600,268
3.1640,2120,2176,-600,268
3.1643,2120,2176,-600,268
3.1647,2120,2175,-600,276
3.1651,2120,2175,-600,276
3.1655,2120,2175,-600,276
3.1658,2120,2175,-600,284
3.1663,2120,2175,-600,284
3.1667,2120,2175,-600,284
3.1670,2120,2174,-700,284
3.1674,2120,2174,-700,284
3.1679,2120,2173,-700,284
3.1683,2120,2173,-700,284
3.1687,2120,2172,-700,284
3.1691,2120,2172,-700,284
3.1695,2120,2172,-700,284
3.1699,2120,2172,-700,292
3.1703,2106,2172,-700,292
3.1710,2106,2171,-700,296
3.1714,2106,2171,-700,296
3.1717,2106,2170,-700,296
3.1721,2106,2170,-700,296
3.1725,2106,2170,-700,296
3.1729,2106,2169,-700,296
3.1733,2106,2169,-700,296
3.1737,2106,2168,-700,296
3.1740,2106,2168,-700,296
3.1744,2106,2168,-700,296
3.1748,2106,2168,-700,304
3.1753,2106,2168,-700,304
3.1757,2106,2167,-700,304
3.1761,2106,2167,-700,304
3.1765,2106,2167,-700,304
3.1769,2106,2166,-700,312
3.1773,2106,2166,-700,312
3.1777,2106,2165,-700,312
3.1781,2106,2165,-700,312
3.1784,2106,2165,-700,312
3.1788,2106,2164,-700,312
3.1793,2106,2164,-700,312
3.1796,2106,2163,-700,312
3.1800,2093,2163,-700,312
3.1807,2093,2162,-700,312
3.1811,2093,2162,-700,312
3.1815,2093,2162,-700,312
3.1819,2093,2161,-700,312
3.1823,2093,2161,-700,312
3.1827,2093,2160,-700,312
3.1830,2093,2160,-700,312
3.1834,2093,2160,-700,312
3.1838,2093,2159,-700,320
3.1843,2093,2159,-700,320
3.1846,2093,2158,-700,320
3.1850,2093,2158,-700,320
3.1854,2093,2158,-700,320
3.1858,2093,2158,-700,328
3.1862,2093,2158,-700,328
3.1865,2093,2158,-700,328
3.1869,2093,2157,-850,328
3.1873,2093,2157,-850,328
3.1877,2093,2156,-850,328
3.1881,2093,2156,-850,328
3.1885,2093,2156,-850,328
3.1888,2093,2155,-850,336
3.1893,2093,2155,-850,336
3.1896,2093,2154,-850,336
3.1900,2078,2154,-850,336
3.1907,2078,2153,-850,332
3.1911,2078,2153,-850,332
3.1915,2078,2153,-850,332
3.1919,2078,2152,-850,332
3.1923,2078,2152,-850,332
3.1927,2078,2151,-850,332
3.1930,2078,2151,-850,332
3.1934,2078,2151,-850,332
3.1938,2078,2150,-850,340
3.1943,2078,2150,-850,340
3.1946,2078,2149,-850,340
3.1950,2078,2149,-850,340
3.1954,2078,2149,-850,340
3.1957,2078,2148,-850,340
3.1961,2078,2148,-850,340
3.1964,2078,2148,-850,340
3.1968,2078,2147,-850,340
3.1973,2078,2147,-850,340
3.1976,2078,2146,-850,348
3.1980,2078,2146,-850,348
3.1984,2078,2146,-850,348
3.1987,2078,2145,-850,348
3.1991,2078,2145,-850,348
3.1994,2078,2145,-850,348
3.1998,2078,2143,-850,340
3.2003,2063,2142,-850,340
3.2009,2063,2142,-850,340
3.2013,2063,2142,-850,340
3.2017,2063,2142,-850,348
3.2020,2063,2142,-850,348
3.2024,2063,2142,-850,348
3.2027,2063,2140,-850,348
3.2031,2063,2140,-850,348
3.2034,2063,2140,-850,348
3.2038,2063,2139,-850,348
3.2042,2063,2139,-850,348
3.2046,2063,2138,-850,348
3.2050,2063,2138,-850,348
3.2054,2063,2138,-850,348
3.2057,2063,2137,-850,348
3.2061,2063,2137,-850,348
3.2064,2063,2137,-850,348
3.2068,2063,2136,-1050,356
3.2071,2063,2136,-1050,356
3.2075,2063,2135,-1050,356
3.2079,2063,2135,-1050,356
3.2082,2063,2135,-1050,356
3.2086,2063,2133,-1050,348
3.2090,2063,2133,-1050,348
3.2094,2063,2133,-1050,348
3.2098,2063,2132,-1050,356
3.2101,2048,2131,-1050,348
3.2109,2048,2131,-1050,348
3.2112,2048,2131,-1050,348
3.2116,2048,2130,-1050,348
3.2120,2048,2130,-1050,348
3.2124,2048,2130,-1050,348
3.2128,2048,2129,-1050,348
3.2131,2048,2129,-1050,348
3.2135,2048,2128,-1050,356
3.2139,2048,2128,-1050,356
3.2142,2048,2128,-1050,356
3.2146,2048,2127,-1050,356
3.2150,2048,2127,-1050,356
3.2154,2048,2127,-1050,356
3.2158,2048,2126,-1050,356
3.2163,2048,2126,-1050,356
3.2166,2048,2125,-1050,364
3.2170,2048,2125,-1050,364
3.2175,2048,2123,-1050,356
3.2179,2048,2123,-1050,356
3.2183,2048,2123,-1050,356
3.2187,2048,2122,-1050,356
3.2191,2048,2122,-1050,356
3.2194,2048,2121,-1050,364
3.2198,2048,2121,-1050,364
3.2203,2033,2120,-1050,364
3.2210,2033,2120,-1050,364
3.2214,2033,2120,-1050,364
3.2218,2033,2119,-1050,364
3.2222,2033,2119,-1050,364
3.2226,2033,2118,-1050,364
3.2230,2033,2118,-1050,364
3.2234,2033,2118,-1050,364
3.2238,2033,2116,-1050,364
3.2242,2033,2116,-1050,364
3.2246,2033,2115,-1050,364
3.2250,2033,2115,-1050,364
3.2254,2033,2115,-1050,364
3.2258,2033,2114,-1050,372
3.2261,2033,2114,-1050,372
3.2265,2033,2113,-1150,372
3.2269,2033,2113,-1150,372
3.2272,2033,2113,-1150,372
3.2276,2033,2112,-1150,372
3.2280,2033,2112,-1150,372
3.2283,2033,2112,-1150,372
3.2287,2033,2110,-1150,372
3.2290,2033,2110,-1150,372
3.2294,2033,2109,-1150,372
3.2298,2033,2109,-1150,372
3.2302,2018,2108,-1150,372
3.2309,2018,2108,-1150,372
3.2313,2018,2108,-1150,372
3.2317,2018,2107,-1150,380
3.2320,2018,2107,-1150,380
3.2324,2018,2107,-1150,380
3.2328,2018,2106,-1150,380
3.2331,2018,2106,-1150,380
3.2335,2018,2104,-1150,380
3.2339,2018,2104,-1150,380
3.2342,2018,2104,-1150,380
3.2346,2018,2103,-1150,380
3.2350,2018,2103,-1150,380
3.2353,2018,2103,-1150,380
3.2357,2018,2102,-1150,380
3.2361,2018,2102,-1150,380
3.2364,2018,2101,-1150,388
3.2368,2018,2101,-1150,388
3.2371,2018,2101,-1150,388
3.2375,2018,2099,-1150,380
3.2379,2018,2099,-1150,380
3.2382,2018,2099,-1150,380
3.2386,2018,2098,-1150,388
3.2390,2018,2098,-1150,388
3.2393,2018,2098,-1150,388
3.2397,2018,2097,-1150,388
3.2400,2004,2096,-1150,388
3.2407,2004,2096,-1150,388
3.2411,2004,2096,-1150,388
3.2415,2004,2094,-1150,388
3.2419,2004,2094,-1150,388
3.2423,2004,2094,-1150,388
3.2426,2004,2093,-1150,388
3.2430,2004,2093,-1150,388
3.2434,2004,2092,-1150,388
3.2438,2004,2092,-1150,388
3.2441,2004,2092,-1150,388
3.2445,2004,2090,-1150,388
3.2449,2004,2090,-1150,388
3.2453,2004,2089,-1150,388
3.2457,2004,2089,-1150,388
3.2461,2004,2089,-1150,388
3.2464,2004,2088,-1250,396
3.2468,2004,2088,-1250,396
3.2472,2004,2088,-1250,396
3.2476,2004,2087,-1250,396
3.2480,2004,2087,-1250,396
3.2483,2004,2085,-1250,388
3.2487,2004,2085,-1250,388
3.2491,2004,2085,-1250,388
3.2494,2004,2084,-1250,396
3.2498,2004,2084,-1250,396
3.2502,1989,2083,-1250,396
3.2509,1989,2083,-1250,396
3.2513,1989,2081,-1250,388
3.2517,1989,2081,-1250,388
3.2520,1989,2081,-1250,388
3.2524,1989,2080,-1250,396
3.2527,1989,2080,-1250,396
3.2531,1989,2080,-1250,396
3.2535,1989,2079,-1250,396
3.2539,1989,2079,-1250,396
3.2543,1989,2077,-1250,396
3.2547,1989,2077,-1250,396
3.2550,1989,2077,-1250,396
3.2554,1989,2076,-1250,396
3.2558,1989,2076,-1250,396
3.2561,1989,2076,-1250,396
3.2565,1989,2075,-1250,396
3.2569,1989,2075,-1250,396
3.2573,1989,2074,-1250,404
3.2577,1989,2074,-1250,404
3.2580,1989,2074,-1250,404
3.2584,1989,2072,-1250,396
3.2588,1989,2072,-1250,396
3.2592,1989,2072,-1250,396
3.2595,1989,2071,-1250,404
3.2599,1989,2071,-1250,404
3.2602,1975,2069,-1250,396
3.2609,1975,2069,-1250,396
3.2613,1975,2068,-1250,396
3.2617,1975,2068,-1250,396
3.2621,1975,2068,-1250,396
3.2625,1975,2067,-1250,404
3.2629,1975,2067,-1250,404
3.2632,1975,2065,-1250,396
3.2636,1975,2065,-1250,396
3.2640,1975,2065,-1250,396
3.2643,1975,2064,-1250,396
3.2647,1975,2064,-1250,396
3.2651,1975,2064,-1250,396
3.2654,1975,2063,-1250,404
3.2658,1975,2063,-1250,404
3.2661,1975,2063,-1250,404
3.2665,1975,2062,-1300,404
3.2669,1975,2062,-1300,404
3.2672,1975,2060,-1300,404
3.2676,1975,2060,-1300,404
3.2680,1975,2060,-1300,404
3.2684,1975,2059,-1300,404
3.2687,1975,2059,-1300,404
3.2691,1975,2059,-1300,404
3.2695,1975,2057,-1300,404
3.2698,1975,2057,-1300,404
3.2702,1961,2056,-1300,396
3.2709,1961,2056,-1300,396
3.2713,1961,2054,-1300,388
3.2717,1961,2054,-1300,388
3.2720,1961,2054,-1300,388
3.2724,1961,2053,-1300,396
3.2728,1961,2053,-1300,396
3.2731,1961,2053,-1300,396
3.2735,1961,2052,-1300,396
3.2739,1961,2052,-1300,396
3.2742,1961,2050,-1300,396
3.2746,1961,2050,-1300,396
3.2750,1961,2050,-1300,396
3.2753,1961,2049,-1300,396
3.2757,1961,2049,-1300,396
3.2762,1961,2048,-1300,404
3.2766,1961,2048,-1300,404
3.2770,1961,2048,-1300,404
3.2774,1961,2046,-1300,396
3.2777,1961,2046,-1300,396
3.2781,1961,2046,-1300,396
3.2785,1961,2045,-1300,396
3.2789,1961,2045,-1300,396
3.2793,1961,2043,-1300,396
3.2797,1961,2043,-1300,396
3.2800,1949,2042,-1300,396
3.2807,1949,2042,-1300,396
3.2811,1949,2042,-1300,396
3.2814,1949,2040,-1300,388
3.2818,1949,2040,-1300,388
3.2822,1949,2039,-1300,396
3.2826,1949,2039,-1300,396
3.2830,1949,2039,-1300,396
3.2834,1949,2037,-1300,388
3.2837,1949,2037,-1300,388
3.2841,1949,2036,-1300,396
3.2845,1949,2036,-1300,396
3.2849,1949,2036,-1300,396
3.2852,1949,2034,-1300,388
3.2856,1949,2034,-1300,388
3.2860,1949,2034,-1300,388
3.2863,1949,2033,-1450,388
3.2867,1949,2033,-1450,388
3.2871,1949,2033,-1450,388
3.2874,1949,2032,-1450,396
3.2878,1949,2032,-1450,396
3.2882,1949,2030,-1450,388
3.2886,1949,2030,-1450,388
3.2890,1949,2030,-1450,388
3.2893,1949,2029,-1450,396
3.2897,1949,2029,-1450,396
3.2901,1936,2028,-1450,392
3.2908,1936,2028,-1450,392
3.2912,1936,2026,-1450,384
3.2916,1936,2026,-1450,384
3.2920,1936,2026,-1450,384
3.2923,1936,2025,-1450,392
3.2927,1936,2025,-1450,392
3.2930,1936,2025,-1450,392
3.2934,1936,2023,-1450,384
3.2938,1936,2023,-1450,384
3.2941,1936,2022,-1450,384
3.2945,1936,2022,-1450,384
3.2948,1936,2022,-1450,384
3.2952,1936,2021,-1450,392
3.2956,1936,2021,-1450,392
3.2960,1936,2021,-1450,392
3.2963,1936,2019,-1450,384
3.2967,1936,2019,-1450,384
3.2970,1936,2019,-1450,384
3.2974,1936,2018,-1450,392
3.2977,1936,2018,-1450,392
3.2981,1936,2016,-1450,384
3.2985,1936,2016,-1450,384
3.2989,1936,2016,-1450,384
3.2993,1936,2015,-1450,384
3.2996,1936,2015,-1450,384
3.3000,1925,2013,-1450,384
3.3007,1925,2013,-1450,384
3.3011,1925,2012,-1450,384
3.3014,1925,2012,-1450,384
3.3018,1925,2012,-1450,384
3.3022,1925,2011,-1450,384
3.3025,1925,2011,-1450,384
3.3029,1925,2011,-1450,384
3.3033,1925,2009,-1450,384
3.3036,1925,2009,-1450,384
3.3040,1925,2009,-1450,384
3.3044,1925,2008,-1450,384
3.3048,1925,2008,-1450,384
3.3051,1925,2007,-1450,392
3.3055,1925,2007,-1450,392
3.3059,1925,2007,-1450,392
3.3062,1925,2005,-1400,384
3.3066,1925,2005,-1400,384
3.3070,1925,2005,-1400,384
3.3074,1925,2004,-1400,384
3.3077,1925,2004,-1400,384
3.3081,1925,2002,-1400,384
3.3085,1925,2002,-1400,384
3.3089,1925,2002,-1400,384
3.3092,1925,2001,-1400,384
3.3096,1925,2001,-1400,384
3.3100,1925,2001,-1400,384
3.3103,1914,2000,-1400,380
3.3110,1914,1999,-1400,388
3.3114,1914,1999,-1400,388
3.3118,1914,1999,-1400,388
3.3121,1914,1997,-1400,380
3.3125,1914,1997,-1400,380
3.3129,1914,1997,-1400,380
3.3132,1914,1996,-1400,380
3.3136,1914,1996,-1400,380
3.3140,1914,1996,-1400,380
3.3143,1914,1994,-1400,380
3.3147,1914,1994,-1400,380
3.3150,1914,1993,-1400,380
3.3154,1914,1993,-1400,380
3.3158,1914,1993,-1400,380
3.3162,1914,1992,-1400,380
3.3166,1914,1992,-1400,380
3.3170,1914,1990,-1400,380
3.3174,1914,1990,-1400,380
3.3177,1914,1990,-1400,380
3.3181,1914,1989,-1400,380
3.3185,1914,1989,-1400,380
3.3189,1914,1989,-1400,380
3.3193,1914,1987,-1400,372
3.3196,1914,1987,-1400,372
3.3200,1914,1986,-1400,372
3.3204,1905,1986,-1400,372
3.3211,1905,1985,-1400,380
3.3214,1905,1985,-1400,380
3.3218,1905,1985,-1400,380
3.3222,1905,1983,-1400,372
3.3226,1905,1983,-1400,372
3.3230,1905,1982,-1400,372
3.3233,1905,1982,-1400,372
3.3237,1905,1982,-1400,372
3.3241,1905,1980,-1400,364
3.3244,1905,1980,-1400,364
3.3248,1905,1980,-1400,364
3.3252,1905,1979,-1400,372
3.3256,1905,1979,-1400,372
3.3260,1905,1978,-1350,372
3.3264,1905,1978,-1350,372
3.3267,1905,1978,-1350,372
3.3271,1905,1977,-1350,372
3.3274,1905,1977,-1350,372
3.3278,1905,1977,-1350,372
3.3282,1905,1975,-1350,364
3.3286,1905,1975,-1350,364
3.3290,1905,1974,-1350,364
3.3294,1905,1974,-1350,364
3.3297,1905,1974,-1350,364
3.3301,1897,1973,-1350,360
3.3308,1897,1973,-1350,360
3.3313,1897,1971,-1350,360
3.3316,1897,1971,-1350,360
3.3320,1897,1970,-1350,360
3.3324,1897,1970,-1350,360
3.3327,1897,1970,-1350,360
3.3331,1897,1968,-1350,352
3.3335,1897,1968,-1350,352
3.3339,1897,1967,-1350,352
3.3343,1897,1967,-1350,352
3.3347,1897,1967,-1350,352
3.3350,1897,1966,-1350,352
3.3354,1897,1966,-1350,352
3.3358,1897,1966,-1350,352
3.3362,1897,1965,-1350,352
3.3365,1897,1965,-1350,352
3.3369,1897,1963,-1350,352
3.3373,1897,1963,-1350,352
3.3376,1897,1963,-1350,352
3.3380,1897,1962,-1350,352
3.3384,1897,1962,-1350,352
3.3387,1897,1962,-1350,352
3.3391,1897,1960,-1350,344
3.3395,1897,1960,-1350,344
3.3398,1897,1960,-1350,344
3.3402,1889,1959,-1350,344
3.3409,1889,1958,-1350,344
3.3413,1889,1958,-1350,344
3.3416,1889,1958,-1350,344
3.3420,1889,1956,-1350,336
3.3424,1889,1956,-1350,336
3.3427,1889,1956,-1350,336
3.3431,1889,1955,-1350,336
3.3434,1889,1955,-1350,336
3.3438,1889,1955,-1350,336
3.3442,1889,1954,-1350,336
3.3446,1889,1954,-1350,336
3.3450,1889,1952,-1350,328
3.3453,1889,1952,-1350,328
3.3457,1889,1952,-1350,328
3.3461,1889,1951,-1350,336
3.3465,1889,1951,-1350,336
3.3469,1889,1949,-1350,328
3.3474,1889,1949,-1350,328
3.3477,1889,1949,-1350,328
3.3481,1889,1948,-1350,328
3.3484,1889,1948,-1350,328
3.3488,1889,1948,-1350,328
3.3492,1889,1947,-1350,328
3.3496,1889,1947,-1350,328
3.3500,1889,1945,-1350,308
3.3503,1883,1945,-1350,308
3.3510,1883,1944,-1350,300
3.3514,1883,1944,-1350,300
3.3517,1883,1944,-1350,300
3.3521,1883,1943,-1350,300
3.3525,1883,1943,-1350,300
3.3528,1883,1942,-1350,300
3.3532,1883,1942,-1350,300
3.3537,1883,1942,-1350,300
3.3540,1883,1940,-1350,292
3.3544,1883,1940,-1350,292
3.3548,1883,1940,-1350,292
3.3551,1883,1939,-1350,292
3.3555,1883,1939,-1350,292
3.3559,1883,1938,-1350,292
3.3562,1883,1938,-1350,292
3.3566,1883,1938,-1350,292
3.3570,1883,1936,-1350,284
3.3573,1883,1936,-1350,284
3.3577,1883,1936,-1350,284
3.3581,1883,1935,-1350,284
3.3585,1883,1935,-1350,284
3.3589,1883,1934,-1350,284
3.3592,1883,1934,-1350,284
3.3596,1883,1934,-1350,284
3.3600,1883,1933,-1350,284
3.3603,1878,1933,-1350,284
3.3610,1878,1932,-1350,284
3.3614,1878,1932,-1350,284
3.3617,1878,1932,-1350,284
3.3621,1878,1930,-1350,276
3.3625,1878,1930,-1350,276
3.3628,1878,1929,-1350,276
3.3632,1878,1929,-1350,276
3.3636,1878,1929,-1350,276
3.3640,1878,1928,-1350,276
3.3643,1878,1928,-1350,276
3.3647,1878,1928,-1350,276
3.3651,1878,1927,-1350,268
3.3654,1878,1927,-1350,268
3.3658,1878,1926,-1250,268
3.3662,1878,1926,-1250,268
3.3665,1878,1926,-1250,268
3.3669,1878,1924,-1250,260
3.3672,1878,1924,-1250,260
3.3676,1878,1924,-1250,260
3.3680,1878,1923,-1250,260
3.3683,1878,1923,-1250,260
3.3687,1878,1923,-1250,260
3.3690,1878,1922,-1250,260
3.3694,1878,1922,-1250,260
3.3698,1878,1921,-1250,244
3.3701,1875,1921,-1250,244
3.3708,1875,1920,-1250,244
3.3712,1875,1920,-1250,244
3.3716,1875,1920,-1250,244
3.3720,1875,1918,-1250,236
3.3723,1875,1918,-1250,236
3.3727,1875,1918,-1250,236
3.3731,1875,1917,-1250,236
3.3734,1875,1917,-1250,236
3.3738,1875,1916,-1250,236
3.3742,1875,1916,-1250,236
3.3745,1875,1916,-1250,236
3.3749,1875,1915,-1250,228
3.3752,1875,1915,-1250,228
3.3756,1875,1915,-1250,228
3.3760,1875,1914,-1250,228
3.3763,1875,1914,-1250,228
3.3767,1875,1914,-1250,228
3.3770,1875,1913,-1250,228
3.3774,1875,1913,-1250,228
3.3778,1875,1912,-1250,220
3.3782,1875,1912,-1250,220
3.3786,1875,1912,-1250,220
3.3790,1875,1911,-1250,220
3.3793,1875,1911,-1250,220
3.3797,1875,1910,-1250,220
3.3801,1872,1910,-1250,220
3.3807,1872,1908,-1250,204
3.3811,1872,1908,-1250,204
3.3815,1872,1908,-1250,204
3.3819,1872,1908,-1250,212
3.3822,1872,1908,-1250,212
3.3826,1872,1908,-1250,212
3.3829,1872,1907,-1250,212
3.3833,1872,1907,-1250,212
3.3837,1872,1906,-1250,204
3.3840,1872,1906,-1250,204
3.3844,1872,1906,-1250,204
3.3848,1872,1905,-1250,204
3.3851,1872,1905,-1250,204
3.3855,1872,1905,-1250,204
3.3859,1872,1904,-1100,196
3.3863,1872,1904,-1100,196
3.3867,1872,1903,-1100,196
3.3870,1872,1903,-1100,196
3.3874,1872,1903,-1100,196
3.3877,1872,1902,-1100,188
3.3881,1872,1902,-1100,188
3.3885,1872,1902,-1100,188
3.3889,1872,1901,-1100,188
3.3892,1872,1901,-1100,188
3.3896,1872,1901,-1100,188
3.3900,1872,1900,-1100,176
3.3903,1871,1899,-1100,176
3.3910,1871,1899,-1100,176
3.3914,1871,1899,-1100,176
3.3917,1871,1898,-1100,168
3.3921,1871,1898,-1100,168
3.3925,1871,1898,-1100,168
3.3929,1871,1897,-1100,168
3.3932,1871,1897,-1100,168
3.3936,1871,1897,-1100,168
3.3940,1871,1896,-1100,160
3.3944,1871,1896,-1100,160
3.3947,1871,1895,-1100,152
3.3951,1871,1895,-1100,152
3.3954,1871,1895,-1100,152
3.3958,1871,1894,-1100,152
3.3963,1871,1894,-1100,152
3.3966,1871,1893,-1100,144
3.3970,1871,1893,-1100,144
3.3974,1871,1893,-1100,144
3.3977,1871,1892,-1100,136
3.3981,1871,1892,-1100,136
3.3984,1871,1892,-1100,136
3.3988,1871,1891,-1100,136
3.3992,1871,1891,-1100,136
3.3995,1871,1891,-1100,136
3.4000,1871,1891,-1100,136
3.4003,1872,1890,-1100,128
3.4010,1872,1890,-1100,128
3.4014,1872,1890,-1100,128
3.4017,1872,1889,-1100,120
3.4021,1872,1889,-1100,120
3.4025,1872,1889,-1100,120
3.4029,1872,1888,-1100,120
3.4033,1872,1888,-1100,120
3.4036,1872,1887,-1100,112
3.4040,1872,1887,-1100,112
3.4043,1872,1887,-1100,112
3.4047,1872,1887,-1100,112
3.4051,1872,1887,-1100,112
3.4054,1872,1887,-1100,112
3.4058,1872,1886,-900,104
3.4062,1872,1886,-900,104
3.4066,1872,1885,-900,96
3.4070,1872,1885,-900,96
3.4074,1872,1885,-900,96
3.4077,1872,1884,-900,88
3.4081,1872,1884,-900,88
3.4085,1872,1884,-900,88
3.4089,1872,1884,-900,88
3.4093,1872,1884,-900,88
3.4096,1872,1883,-900,64
3.4100,1872,1883,-900,64
3.4103,1873,1882,-900,56
3.4111,1873,1882,-900,56
3.4114,1873,1882,-900,56
3.4118,1873,1881,-900,48
3.4122,1873,1881,-900,48
3.4126,1873,1881,-900,40
3.4130,1873,1881,-900,40
3.4133,1873,1881,-900,40
3.4137,1873,1880,-900,32
3.4140,1873,1880,-900,32
3.4144,1873,1880,-900,32
3.4148,1873,1880,-900,32
3.4152,1873,1880,-900,32
3.4156,1873,1879,-900,24
3.4161,1873,1879,-900,24
3.4165,1873,1879,-900,24
3.4169,1873,1879,-900,24
3.4172,1873,1879,-900,24
3.4176,1873,1878,-900,-24
3.4180,1873,1878,-900,-24
3.4184,1873,1878,-900,-24
3.4187,1873,1877,-900,-32
3.4191,1873,1877,-900,-32
3.4195,1873,1877,-900,-32
3.4199,1873,1877,-900,-32
3.4202,1876,1876,-900,-40
3.4209,1876,1876,-900,-40
3.4213,1876,1876,-900,-40
3.4216,1876,1875,-900,-48
3.4220,1876,1875,-900,-48
3.4224,1876,1875,-900,-48
3.4228,1876,1875,-900,-56
3.4232,1876,1875,-900,-56
3.4236,1876,1875,-900,-56
3.4240,1876,1875,-900,-56
3.4244,1876,1875,-900,-56
3.4248,1876,1874,-900,-64
3.4252,1876,1874,-900,-64
3.4255,1876,1874,-600,-64
3.4260,1876,1874,-600,-64
3.4263,1876,1874,-600,-64
3.4267,1876,1874,-600,-64
3.4271,1876,1874,-600,-64
3.4274,1876,1874,-600,-64
3.4278,1876,1873,-600,-64
3.4283,1876,1873,-600,-64
3.4286,1876,1873,-600,-64
3.4290,1876,1873,-600,-64
3.4293,1876,1873,-600,-64
3.4297,1876,1873,-600,-64
3.4301,1880,1873,-600,-64
3.4307,1880,1872,-600,-80
3.4311,1880,1872,-600,-80
3.4315,1880,1872,-600,-80
3.4319,1880,1872,-600,-80
3.4322,1880,1872,-600,-80
3.4326,1880,1872,-600,-80
3.4330,1880,1872,-600,-80
3.4333,1880,1872,-600,-80
3.4337,1880,1872,-600,-88
3.4341,1880,1872,-600,-88
3.4344,1880,1872,-600,-88
3.4348,1880,1872,-600,-88
3.4352,1880,1872,-600,-88
3.4356,1880,1872,-600,-88
3.4360,1880,1872,-600,-88
3.4364,1880,1872,-600,-88
3.4367,1880,1872,-600,-96
3.4371,1880,1872,-600,-96
3.4374,1880,1872,-600,-96
3.4378,1880,1872,-600,-96
3.4383,1880,1872,-600,-96
3.4386,1880,1872,-600,-104
3.4390,1880,1872,-600,-104
3.4393,1880,1872,-600,-104
3.4397,1880,1872,-600,-104
3.4401,1886,1872,-600,-104
3.4407,1886,1871,-600,-112
3.4411,1886,1871,-600,-112
3.4415,1886,1871,-600,-112
3.4419,1886,1871,-600,-112
3.4422,1886,1871,-600,-112
3.4426,1886,1871,-600,-120
3.4430,1886,1871,-600,-120
3.4433,1886,1871,-600,-120
3.4437,1886,1871,-600,-120
3.4440,1886,1871,-600,-120
3.4444,1886,1871,-600,-128
3.4447,1886,1871,-600,-128
3.4451,1886,1871,-600,-128
3.4455,1886,1871,-150,-128
3.4459,1886,1871,-150,-128
3.4462,1886,1871,-150,-128
3.4466,1886,1871,-150,-136
3.4470,1886,1871,-150,-136
3.4473,1886,1871,-150,-136
3.4477,1886,1871,-150,-136
3.4481,1886,1871,-150,-136
3.4484,1886,1871,-150,-144
3.4488,1886,1871,-150,-144
3.4491,1886,1871,-150,-144
3.4495,1886,1871,-150,-136
3.4499,1886,1871,-150,-136
3.4504,1893,1871,-150,-136
3.4512,1893,1871,-150,-136
3.4515,1893,1871,-150,-144
3.4519,1893,1871,-150,-144
3.4523,1893,1871,-150,-144
3.4527,1893,1871,-150,-144
3.4532,1893,1871,-150,-144
3.4535,1893,1871,-150,-152
3.4539,1893,1871,-150,-152
3.4543,1893,1871,-150,-152
3.4546,1893,1871,-150,-160
3.4550,1893,1871,-150,-160
3.4554,1893,1871,-150,-160
3.4558,1893,1871,-150,-160
3.4561,1893,1871,-150,-160
3.4565,1893,1871,-150,-168
3.4569,1893,1871,-150,-168
3.4572,1893,1871,-150,-168
3.4577,1893,1871,-150,-168
3.4580,1893,1871,-150,-168
3.4584,1893,1871,-150,-176
3.4588,1893,1871,-150,-176
3.4592,1893,1871,-150,-176
3.4596,1893,1871,-150,-176
3.4600,1893,1871,-150,-176
3.4604,1901,1871,-150,-184
3.4610,1901,1871,-150,-184
3.4614,1901,1871,-150,-184
3.4618,1901,1871,-150,-184
3.4621,1901,1871,-150,-184
3.4625,1901,1871,-150,-192
3.4629,1901,1871,-150,-192
3.4632,1901,1871,-150,-192
3.4636,1901,1872,-150,-192
3.4640,1901,1872,-150,-192
3.4643,1901,1872,-150,-192
3.4647,1901,1872,-150,-192
3.4651,1901,1872,-150,-192
3.4655,1901,1873,100,-192
3.4658,1901,1873,100,-192
3.4662,1901,1873,100,-192
3.4666,1901,1873,100,-192
3.4670,1901,1873,100,-192
3.4673,1901,1873,100,-200
3.4677,1901,1873,100,-200
3.4681,1901,1873,100,-200
3.4685,1901,1873,100,-208
3.4689,1901,1873,100,-208
3.4692,1901,1873,100,-208
3.4696,1901,1874,100,-192
3.4700,1901,1874,100,-192
3.4704,1909,1874,100,-200
3.4711,1909,1874,100,-200
3.4714,1909,1875,100,-200
3.4718,1909,1875,100,-200
3.4723,1909,1875,100,-200
3.4726,1909,1875,100,-200
3.4730,1909,1875,100,-200
3.4734,1909,1876,100,-200
3.4738,1909,1876,100,-200
3.4741,1909,1876,100,-200
3.4745,1909,1876,100,-208
3.4750,1909,1876,100,-208
3.4754,1909,1877,100,-200
3.4758,1909,1877,100,-200
3.4761,1909,1877,100,-200
3.4765,1909,1877,100,-208
3.4769,1909,1877,100,-208
3.4773,1909,1877,100,-216
3.4776,1909,1877,100,-216
3.4781,1909,1877,100,-216
3.4784,1909,1878,100,-216
3.4788,1909,1878,100,-216
3.4792,1909,1878,100,-216
3.4795,1909,1878,100,-216
3.4799,1909,1878,100,-216
3.4803,1919,1879,100,-216
3.4810,1919,1879,100,-216
3.4813,1919,1879,100,-224
3.4817,1919,1879,100,-224
3.4821,1919,1879,100,-224
3.4825,1919,1880,100,-216
3.4829,1919,1880,100,-216
3.4832,1919,1880,100,-224
3.4836,1919,1880,100,-224
3.4840,1919,1880,100,-224
3.4844,1919,1881,100,-224
3.4849,1919,1881,100,-224
3.4852,1919,1881,400,-232
3.4856,1919,1881,400,-232
3.4861,1919,1881,400,-232
3.4865,1919,1882,400,-232
3.4869,1919,1882,400,-232
3.4873,1919,1883,400,-224
3.4876,1919,1883,400,-224
3.4880,1919,1883,400,-224
3.4883,1919,1883,400,-232
3.4887,1919,1883,400,-232
3.4891,1919,1883,400,-232
3.4894,1919,1884,400,-220
3.4898,1919,1884,400,-220
3.4902,1930,1885,400,-220
3.4909,1930,1885,400,-220
3.4913,1930,1885,400,-228
3.4917,1930,1885,400,-228
3.4920,1930,1885,400,-228
3.4925,1930,1886,400,-220
3.4929,1930,1886,400,-220
3.4933,1930,1886,400,-228
3.4936,1930,1886,400,-228
3.4940,1930,1886,400,-228
3.4944,1930,1887,400,-228
3.4948,1930,1887,400,-228
3.4951,1930,1888,400,-228
3.4955,1930,1888,400,-228
3.4959,1930,1888,400,-228
3.4963,1930,1889,400,-228
3.4966,1930,1889,400,-228
3.4970,1930,1889,400,-228
3.4973,1930,1889,400,-236
3.4977,1930,1889,400,-236
3.4981,1930,1890,400,-236
3.4985,1930,1890,400,-236
3.4989,1930,1890,400,-236
3.4992,1930,1890,400,-236
3.4996,1930,1890,400,-236
3.5000,1942,1891,400,-236
3.5007,1942,1891,400,-236
3.5011,1942,1891,400,-236
3.5014,1942,1892,400,-236
3.5018,1942,1892,400,-236
3.5022,1942,1892,400,-244
3.5025,1942,1892,400,-244
3.5029,1942,1892,400,-244
3.5032,1942,1893,400,-244
3.5036,1942,1893,400,-244
3.5040,1942,1893,400,-244
3.5044,1942,1894,400,-244
3.5047,1942,1894,400,-244
3.5051,1942,1895,700,-244
3.5055,1942,1895,700,-244
3.5059,1942,1895,700,-244
3.5062,1942,1895,700,-252
3.5066,1942,1895,700,-252
3.5070,1942,1895,700,-252
3.5073,1942,1896,700,-252
3.5077,1942,1896,700,-252
3.5081,1942,1897,700,-252
3.5084,1942,1897,700,-252
3.5088,1942,1897,700,-252
3.5091,1942,1897,700,-260
3.5095,1942,1897,700,-260
3.5099,1942,1897,700,-260
3.5102,1955,1898,700,-252
3.5109,1955,1898,700,-252
3.5113,1955,1899,700,-252
3.5116,1955,1899,700,-252
3.5121,1955,1900,700,-252
3.5124,1955,1900,700,-252
3.5128,1955,1900,700,-252
3.5131,1955,1900,700,-260
3.5135,1955,1900,700,-260
3.5139,1955,1900,700,-260
3.5143,1955,1901,700,-260
3.5147,1955,1901,700,-260
3.5151,1955,1902,700,-260
3.5155,1955,1902,700,-260
3.5159,1955,1902,700,-260
3.5163,1955,1902,700,-268
3.5167,1955,1902,700,-268
3.5170,1955,1903,700,-276
3.5174,1955,1903,700,-276
3.5178,1955,1903,700,-276
3.5182,1955,1904,700,-276
3.5186,1955,1904,700,-276
3.5190,1955,1905,700,-276
3.5194,1955,1905,700,-276
3.5198,1955,1905,700,-276
3.5202,1968,1906,700,-276
3.5209,1968,1906,700,-276
3.5213,1968,1906,700,-284
3.5216,1968,1906,700,-284
3.5220,1968,1907,700,-284
3.5224,1968,1907,700,-284
3.5227,1968,1907,700,-284
3.5231,1968,1908,700,-284
3.5235,1968,1908,700,-284
3.5239,1968,1908,700,-284
3.5242,1968,1909,700,-284
3.5246,1968,1909,700,-284
3.5250,1968,1909,700,-284
3.5253,1968,1910,750,-284
3.5257,1968,1910,750,-284
3.5260,1968,1910,750,-292
3.5264,1968,1910,750,-292
3.5268,1968,1910,750,-292
3.5271,1968,1911,750,-292
3.5275,1968,1911,750,-292
3.5278,1968,1911,750,-292
3.5282,1968,1912,750,-300
3.5286,1968,1912,750,-300
3.5290,1968,1913,750,-300
3.5293,1968,1913,750,-300
3.5297,1968,1913,750,-300
3.5300,1981,1914,750,-300
3.5308,1981,1914,750,-300
3.5312,1981,1915,750,-300
3.5316,1981,1915,750,-300
3.5320,1981,1916,750,-300
3.5324,1981,1916,750,-300
3.5328,1981,1916,750,-300
3.5333,1981,1917,750,-300
3.5336,1981,1917,750,-300
3.5340,1981,1918,750,-300
3.5344,1981,1918,750,-300
3.5348,1981,1918,750,-300
3.5352,1981,1918,750,-308
3.5357,1981,1918,750,-308
3.5361,1981,1919,750,-316
3.5364,1981,1919,750,-316
3.5368,1981,1919,750,-316
3.5371,1981,1920,750,-316
3.5375,1981,1920,750,-316
3.5379,1981,1920,750,-316
3.5383,1981,1921,750,-316
3.5386,1981,1921,750,-316
3.5390,1981,1922,750,-316
3.5394,1981,1922,750,-316
3.5398,1981,1922,750,-316
3.5401,1996,1923,750,-316
3.5408,1996,1923,750,-316
3.5413,1996,1924,750,-316
3.5416,1996,1924,750,-316
3.5420,1996,1925,750,-316
3.5424,1996,1925,750,-316
3.5428,1996,1925,750,-316
3.5431,1996,1926,750,-316
3.5435,1996,1926,750,-316
3.5439,1996,1926,750,-316
3.5442,1996,1927,750,-324
3.5446,1996,1927,750,-324
3.5450,1996,1928,900,-324
3.5454,1996,1928,900,-324
3.5457,1996,1928,900,-324
3.5461,1996,1928,900,-332
3.5465,1996,1928,900,-332
3.5469,1996,1929,900,-332
3.5473,1996,1929,900,-332
3.5476,1996,1929,900,-332
3.5480,1996,1930,900,-332
3.5484,1996,1930,900,-332
3.5488,1996,1930,900,-332
3.5491,1996,1932,900,-328
3.5495,1996,1932,900,-328
3.5499,1996,1933,900,-328
3.5502,2010,1933,900,-328
3.5509,2010,1934,900,-328
3.5513,2010,1934,900,-328
3.5517,2010,1934,900,-328
3.5520,2010,1935,900,-328
3.5524,2010,1935,900,-328
3.5528,2010,1935,900,-328
3.5531,2010,1936,900,-328
3.5535,2010,1936,900,-328
3.5539,2010,1937,900,-336
3.5542,2010,1937,900,-336
3.5546,2010,1937,900,-336
3.5550,2010,1938,900,-336
3.5554,2010,1938,900,-336
3.5558,2010,1938,900,-336
3.5561,2010,1939,900,-336
3.5565,2010,1939,900,-336
3.5569,2010,1940,900,-344
3.5573,2010,1940,900,-344
3.5577,2010,1940,900,-344
3.5581,2010,1941,900,-344
3.5585,2010,1941,900,-344
3.5589,2010,1942,900,-344
3.5593,2010,1942,900,-344
3.5597,2010,1942,900,-344
3.5601,2025,1943,900,-344
3.5607,2025,1943,900,-344
3.5612,2025,1944,900,-352
3.5616,2025,1944,900,-352
3.5620,2025,1945,900,-352
3.5624,2025,1945,900,-352
3.5628,2025,1946,900,-352
3.5632,2025,1946,900,-352
3.5636,2025,1946,900,-352
3.5640,2025,1947,900,-352
3.5644,2025,1947,900,-352
3.5647,2025,1947,900,-352
3.5651,2025,1948,1000,-360
3.5655,2025,1948,1000,-360
3.5659,2025,1949,1000,-360
3.5662,2025,1949,1000,-360
3.5666,2025,1949,1000,-360
3.5670,2025,1950,1000,-360
3.5675,2025,1950,1000,-360
3.5679,2025,1952,1000,-360
3.5683,2025,1952,1000,-360
3.5686,2025,1952,1000,-360
3.5690,2025,1953,1000,-360
3.5694,2025,1953,1000,-360
3.5699,2025,1954,1000,-360
3.5702,2040,1954,1000,-360
3.5710,2040,1955,1000,-360
3.5714,2040,1955,1000,-360
3.5718,2040,1957,1000,-360
3.5723,2040,1957,1000,-360
3.5726,2040,1957,1000,-360
3.5730,2040,1958,1000,-360
3.5734,2040,1958,1000,-360
3.5738,2040,1959,1000,-360
3.5741,2040,1959,1000,-360
3.5745,2040,1959,1000,-360
3.5749,2040,1960,1000,-360
3.5752,2040,1960,1000,-360
3.5756,2040,1960,1000,-360
3.5760,2040,1961,1000,-368
3.5763,2040,1961,1000,-368
3.5767,2040,1961,1000,-368
3.5770,2040,1962,1000,-368
3.5774,2040,1962,1000,-368
3.5778,2040,1964,1000,-360
3.5781,2040,1964,1000,-360
3.5785,2040,1964,1000,-360
3.5789,2040,1965,1000,-368
3.5792,2040,1965,1000,-368
3.5796,2040,1965,1000,-368
3.5800,2040,1966,1000,-368
3.5804,2055,1967,1000,-368
3.5811,2055,1967,1000,-368
3.5814,2055,1967,1000,-368
3.5818,2055,1968,1000,-368
3.5822,2055,1968,1000,-368
3.5825,2055,1968,1000,-368
3.5829,2055,1969,1000,-376
3.5833,2055,1969,1000,-376
3.5836,2055,1969,1000,-376
3.5840,2055,1971,1000,-368
3.5844,2055,1971,1000,-368
3.5847,2055,1972,1200,-368
3.5851,2055,1972,1200,-368
3.5855,2055,1972,1200,-368
3.5858,2055,1973,1200,-376
3.5862,2055,1973,1200,-376
3.5866,2055,1973,1200,-376
3.5870,2055,1974,1200,-376
3.5873,2055,1974,1200,-376
3.5877,2055,1975,1200,-384
3.5881,2055,1975,1200,-384
3.5884,2055,1975,1200,-384
3.5888,2055,1976,1200,-380
3.5893,2055,1976,1200,-380
3.5897,2055,1977,1200,-380
3.5900,2070,1977,1200,-380
3.5907,2070,1979,1200,-380
3.5911,2070,1979,1200,-380
3.5915,2070,1979,1200,-380
3.5919,2070,1980,1200,-380
3.5923,2070,1980,1200,-380
3.5926,2070,1981,1200,-380
3.5930,2070,1981,1200,-380
3.5934,2070,1981,1200,-380
3.5938,2070,1983,1200,-380
3.5942,2070,1983,1200,-380
3.5945,2070,1983,1200,-380
3.5949,2070,1984,1200,-380
3.5953,2070,1984,1200,-380
3.5956,2070,1984,1200,-380
3.5960,2070,1985,1200,-388
3.5964,2070,1985,1200,-388
3.5967,2070,1986,1200,-388
3.5971,2070,1986,1200,-388
3.5975,2070,1986,1200,-388
3.5979,2070,1988,1200,-380
3.5982,2070,1988,1200,-380
3.5987,2070,1989,1200,-388
3.5990,2070,1989,1200,-388
3.5994,2070,1989,1200,-388
3.5998,2070,1990,1200,-388
3.6002,2085,1990,1200,-388
3.6009,2085,1992,1200,-380
3.6013,2085,1992,1200,-380
3.6017,2085,1993,1200,-388
3.6020,2085,1993,1200,-388
3.6024,2085,1993,1200,-388
3.6028,2085,1994,1200,-388
3.6031,2085,1994,1200,-388
3.6035,2085,1994,1200,-388
3.6039,2085,1995,1200,-388
3.6042,2085,1995,1200,-388
3.6047,2085,1996,1200,-396
3.6050,2085,1996,1200,-396
3.6054,2085,1996,1200,-396
3.6058,2085,1998,1200,-388
3.6061,2085,1998,1200,-388
3.6065,2085,1998,1200,-388
3.6069,2085,1999,1200,-396
3.6072,2085,1999,1200,-396
3.6076,2085,2000,1200,-396
3.6080,2085,2000,1200,-396
3.6084,2085,2000,1200,-396
3.6087,2085,2001,1200,-392
3.6091,2085,2001,1200,-392
3.6095,2085,2003,1200,-392
3.6099,2085,2003,1200,-392
3.6103,2099,2004,1200,-392
3.6110,2099,2004,1200,-392
3.6114,2099,2004,1200,-392
3.6117,2099,2005,1200,-400
3.6121,2099,2005,1200,-400
3.6125,2099,2005,1200,-400
3.6130,2099,2007,1200,-392
3.6134,2099,2007,1200,-392
3.6138,2099,2008,1200,-392
3.6141,2099,2008,1200,-392
3.6145,2099,2008,1200,-392
3.6149,2099,2010,1200,-392
3.6152,2099,2010,1200,-392
3.6156,2099,2011,1200,-392
3.6160,2099,2011,1200,-392
3.6164,2099,2011,1200,-392
3.6167,2099,2012,1200,-400
3.6171,2099,2012,1200,-400
3.6175,2099,2012,1200,-400
3.6179,2099,2013,1200,-400
3.6182,2099,2013,1200,-400
3.6186,2099,2015,1200,-400
3.6190,2099,2015,1200,-400
3.6194,2099,2015,1200,-400
3.6198,2099,2016,1200,-400
3.6202,2113,2017,1200,-400
3.6210,2113,2017,1200,-400
3.6213,2113,2017,1200,-400
3.6217,2113,2019,1200,-400
3.6221,2113,2019,1200,-400
3.6224,2113,2019,1200,-400
3.6250,2113,2023,1350,-400
3.6254,2113,2023,1350,-400
3.6258,2113,2024,1350,-400
3.6262,2113,2024,1350,-400
3.6266,2113,2026,1350,-400
3.6270,2113,2026,1350,-400
3.6273,2113,2026,1350,-400
3.6277,2113,2027,1350,-400
3.6280,2113,2027,1350,-400
3.6284,2113,2027,1350,-400
3.6288,2113,2028,1350,-408
3.6292,2113,2028,1350,-408
3.6296,2113,2030,1350,-400
3.6300,2113,2030,1350,-400
3.6303,2127,2031,1350,-400
3.6310,2127,2031,1350,-400
3.6314,2127,2031,1350,-400
3.6317,2127,2032,1350,-408
3.6321,2127,2032,1350,-408
3.6325,2127,2034,1350,-400
3.6329,2127,2034,1350,-400
3.6332,2127,2034,1350,-400
3.6336,2127,2035,1350,-408
3.6340,2127,2035,1350,-408
3.6343,2127,2035,1350,-408
3.6347,2127,2037,1350,-400
3.6351,2127,2037,1350,-400
3.6355,2127,2038,1350,-400
3.6358,2127,2038,1350,-400
3.6362,2127,2038,1350,-400
3.6366,2127,2040,1350,-400
3.6369,2127,2040,1350,-400
3.6373,2127,2040,1350,-400
3.6377,2127,2041,1350,-400
3.6381,2127,2041,1350,-400
3.6384,2127,2041,1350,-400
3.6388,2127,2042,1350,-408
3.6391,2127,2042,1350,-408
3.6395,2127,2044,1350,-400
3.6398,2127,2044,1350,-400
3.6403,2139,2045,1350,-400
3.6411,2139,2045,1350,-400
3.6415,2139,2047,1350,-400
3.6419,2139,2047,1350,-400
3.6423,2139,2047,1350,-400
3.6426,2139,2048,1350,-400
3.6430,2139,2048,1350,-400
3.6434,2139,2048,1350,-400
3.6437,2139,2049,1350,-408
3.6441,2139,2049,1350,-408
3.6445,2139,2051,1400,-400
3.6449,2139,2051,1400,-400
3.6452,2139,2051,1400,-400
3.6456,2139,2052,1400,-400
3.6460,2139,2052,1400,-400
3.6463,2139,2052,1400,-400
3.6467,2139,2054,1400,-400
3.6472,2139,2054,1400,-400
3.6476,2139,2055,1400,-400
3.6480,2139,2055,1400,-400
3.6484,2139,2055,1400,-400
3.6487,2139,2057,1400,-388
3.6491,2139,2057,1400,-388
3.6494,2139,2058,1400,-388
3.6498,2139,2058,1400,-388
3.6518,2153,2061,1400,-380
3.6526,2153,2062,1400,-388
3.6530,2153,2062,1400,-388
3.6534,2153,2064,1400,-380
3.6537,2153,2064,1400,-380
3.6541,2153,2064,1400,-380
3.6545,2153,2065,1400,-380
3.6549,2153,2065,1400,-380
3.6553,2153,2065,1400,-380
3.6556,2153,2066,1400,-388
3.6560,2153,2066,1400,-388
3.6563,2153,2068,1400,-380
3.6567,2153,2068,1400,-380
3.6571,2153,2068,1400,-380
3.6574,2153,2069,1400,-380
3.6578,2153,2069,1400,-380
3.6581,2153,2069,1400,-380
3.6585,2153,2070,1400,-388
3.6589,2153,2070,1400,-388
3.6592,2153,2070,1400,-388
3.6596,2153,2072,1400,-380
3.6600,2153,2072,1400,-380
3.6603,2162,2073,1400,-380
3.6610,2162,2073,1400,-380
3.6613,2162,2075,1400,-380
3.6617,2162,2075,1400,-380
3.6621,2162,2075,1400,-380
3.6624,2162,2076,1400,-380
3.6628,2162,2076,1400,-380
3.6632,2162,2076,1400,-380
3.6636,2162,2078,1400,-372
3.6640,2162,2078,1400,-372
3.6643,2162,2079,1400,-380
3.6647,2162,2079,1400,-380
3.6650,2162,2079,1400,-380
3.6654,2162,2081,1400,-372
3.6657,2162,2081,1400,-372
3.6661,2162,2081,1400,-372
3.6665,2162,2082,1400,-372
3.6669,2162,2082,1400,-372
3.6672,2162,2082,1400,-372
3.6676,2162,2083,1400,-380
3.6680,2162,2083,1400,-380
3.6684,2162,2085,1400,-368
3.6688,2162,2085,1400,-368
3.6691,2162,2085,1400,-368
3.6695,2162,2086,1400,-368
3.6699,2162,2086,1400,-368
3.6702,2172,2088,1400,-368
3.6709,2172,2088,1400,-368
3.6713,2172,2089,1400,-368
3.6717,2172,2089,1400,-368
3.6721,2172,2089,1400,-368
3.6724,2172,2090,1400,-368
3.6728,2172,2090,1400,-368
3.6732,2172,2090,1400,-368
3.6736,2172,2091,1400,-368
3.6740,2172,2091,1400,-368
3.6743,2172,2093,1400,-368
3.6747,2172,2093,1400,-368
3.6751,2172,2093,1400,-368
3.6755,2172,2094,1400,-368
3.6759,2172,2094,1400,-368
3.6762,2172,2094,1400,-368
3.6766,2172,2095,1400,-368
3.6770,2172,2095,1400,-368
3.6774,2172,2097,1400,-368
3.6778,2172,2097,1400,-368
3.6782,2172,2098,1400,-368
3.6787,2172,2098,1400,-368
3.6791,2172,2098,1400,-368
3.6794,2172,2100,1400,-360
3.6798,2172,2100,1400,-360
3.6802,2182,2101,1400,-360
3.6809,2182,2101,1400,-360
3.6813,2182,2103,1400,-360
3.6817,2182,2103,1400,-360
3.6821,2182,2103,1400,-360
3.6825,2182,2104,1400,-360
3.6829,2182,2104,1400,-360
3.6832,2182,2105,1400,-360
3.6836,2182,2105,1400,-360
3.6840,2182,2105,1400,-360
3.6843,2182,2107,1400,-352
3.6846,2182,2107,1400,-352
3.6850,2182,2107,1400,-352
3.6854,2182,2108,1400,-360
3.6857,2182,2108,1400,-360
3.6861,2182,2108,1400,-360
3.6864,2182,2109,1400,-360
3.6868,2182,2109,1400,-360
3.6871,2182,2109,1400,-360
3.6875,2182,2111,1400,-352
3.6878,2182,2111,1400,-352
3.6882,2182,2112,1400,-352
3.6886,2182,2112,1400,-352
3.6890,2182,2112,1400,-352
3.6893,2182,2113,1400,-352
3.6897,2182,2113,1400,-352
3.6901,2190,2114,1400,-360
3.6908,2190,2114,1400,-360
3.6912,2190,2116,1400,-352
3.6916,2190,2116,1400,-352
3.6920,2190,2116,1400,-352
3.6924,2190,2117,1400,-352
3.6927,2190,2117,1400,-352
3.6931,2190,2117,1400,-352
3.6935,2190,2118,1400,-352
3.6938,2190,2118,1400,-352
3.6942,2190,2120,1400,-344
3.6946,2190,2120,1400,-344
3.6949,2190,2120,1400,-344
3.6953,2190,2121,1400,-352
3.6957,2190,2121,1400,-352
3.6961,2190,2121,1400,-352
3.6965,2190,2122,1400,-352
3.6969,2190,2122,1400,-352
3.6973,2190,2124,1400,-344
3.6976,2190,2124,1400,-344
3.6980,2190,2124,1400,-344
3.6983,2190,2125,1400,-344
3.6987,2190,2125,1400,-344
3.6991,2190,2125,1400,-344
3.6995,2190,2126,1400,-344
3.6999,2190,2126,1400,-344
3.7002,2197,2128,1400,-336
3.7009,2197,2128,1400,-336
3.7013,2197,2129,1400,-336
3.7017,2197,2129,1400,-336
3.7020,2197,2129,1400,-336
3.7024,2197,2130,1400,-336
3.7027,2197,2130,1400,-336
3.7031,2197,2130,1400,-336
3.7034,2197,2132,1400,-328
3.7038,2197,2132,1400,-328
3.7042,2197,2133,1300,-328
3.7046,2197,2133,1300,-328
3.7050,2197,2133,1300,-328
3.7054,2197,2134,1300,-328
3.7057,2197,2134,1300,-328
3.7061,2197,2134,1300,-328
3.7064,2197,2135,1300,-328
3.7068,2197,2135,1300,-328
3.7072,2197,2137,1300,-320
3.7075,2197,2137,1300,-320
3.7079,2197,2137,1300,-320
3.7083,2197,2138,1300,-312
3.7087,2197,2138,1300,-312
3.7090,2197,2138,1300,-312
3.7094,2197,2140,1300,-304
3.7098,2197,2140,1300,-304
3.7103,2202,2141,1300,-304
3.7110,2202,2141,1300,-304
3.7113,2202,2142,1300,-304
3.7117,2202,2142,1300,-304
3.7121,2202,2143,1300,-304
3.7124,2202,2143,1300,-304
3.7128,2202,2143,1300,-304
3.7132,2202,2145,1300,-296
3.7136,2202,2145,1300,-296
3.7140,2202,2145,1300,-296
3.7143,2202,2146,1300,-296
3.7147,2202,2146,1300,-296
3.7150,2202,2147,1300,-296
3.7154,2202,2147,1300,-296
3.7158,2202,2147,1300,-296
3.7162,2202,2149,1300,-288
3.7166,2202,2149,1300,-288
3.7170,2202,2149,1300,-288
3.7173,2202,2150,1300,-288
3.7177,2202,2150,1300,-288
3.7181,2202,2151,1300,-288
3.7184,2202,2151,1300,-288
3.7188,2202,2151,1300,-288
3.7191,2202,2152,1300,-288
3.7195,2202,2152,1300,-288
3.7199,2202,2152,1300,-288
3.7202,2207,2154,1300,-280
3.7209,2207,2154,1300,-280
3.7213,2207,2155,1300,-280
3.7217,2207,2155,1300,-280
3.7221,2207,2156,1300,-272
3.7225,2207,2156,1300,-272
3.7229,2207,2156,1300,-272
3.7233,2207,2157,1300,-272
3.7236,2207,2157,1300,-272
3.7240,2207,2157,1300,-272
3.7243,2207,2158,1250,-272
3.7247,2207,2158,1250,-272
3.7251,2207,2160,1250,-264
3.7254,2207,2160,1250,-264
3.7258,2207,2160,1250,-264
3.7261,2207,2161,1250,-264
3.7265,2207,2161,1250,-264
3.7269,2207,2161,1250,-264
3.7272,2207,2162,1250,-264
3.7276,2207,2162,1250,-264
3.7280,2207,2162,1250,-264
3.7283,2207,2163,1250,-244
3.7287,2207,2163,1250,-244
3.7291,2207,2164,1250,-244
3.7294,2207,2164,1250,-244
3.7298,2207,2164,1250,-244
3.7301,2210,2165,1250,-244
3.7308,2210,2165,1250,-244
3.7312,2210,2166,1250,-236
3.7316,2210,2166,1250,-236
3.7320,2210,2166,1250,-236
3.7323,2210,2167,1250,-236
3.7327,2210,2167,1250,-236
3.7331,2210,2168,1250,-236
3.7335,2210,2168,1250,-236
3.7339,2210,2168,1250,-236
3.7343,2210,2169,1250,-236
3.7346,2210,2169,1250,-236
3.7350,2210,2169,1250,-236
3.7353,2210,2171,1250,-220
3.7357,2210,2171,1250,-220
3.7360,2210,2172,1250,-220
3.7364,2210,2172,1250,-220
3.7367,2210,2172,1250,-220
3.7371,2210,2173,1250,-220
3.7374,2210,2173,1250,-220
3.7378,2210,2173,1250,-220
3.7382,2210,2174,1250,-212
3.7386,2210,2174,1250,-212
3.7390,2210,2174,1250,-212
3.7393,2210,2175,1250,-212
3.7397,2210,2175,1250,-212
3.7400,2212,2176,1250,-204
3.7407,2212,2176,1250,-204
3.7411,2212,2177,1250,-204
3.7414,2212,2177,1250,-204
3.7418,2212,2177,1250,-204
3.7422,2212,2178,1250,-204
3.7425,2212,2178,1250,-204
3.7429,2212,2178,1250,-204
3.7433,2212,2180,1250,-188
3.7436,2212,2180,1250,-188
3.7440,2212,2181,1150,-188
3.7444,2212,2181,1150,-188
3.7447,2212,2181,1150,-188
3.7451,2212,2182,1150,-180
3.7454,2212,2182,1150,-180
3.7458,2212,2182,1150,-180
3.7462,2212,2182,1150,-188
3.7465,2212,2182,1150,-188
3.7469,2212,2182,1150,-188
3.7472,2212,2183,1150,-180
3.7476,2212,2183,1150,-180
3.7479,2212,2184,1150,-176
3.7483,2212,2184,1150,-176
3.7486,2212,2184,1150,-176
3.7490,2212,2185,1150,-168
3.7493,2212,2185,1150,-168
3.7497,2212,2185,1150,-168
3.7501,2213,2186,1150,-160
3.7508,2213,2186,1150,-160
3.7512,2213,2187,1150,-160
3.7516,2213,2187,1150,-160
3.7519,2213,2188,1150,-152
3.7523,2213,2188,1150,-152
3.7527,2213,2188,1150,-152
3.7531,2213,2189,1150,-152
3.7534,2213,2189,1150,-152
3.7538,2213,2189,1150,-152
3.7542,2213,2189,1150,-152
3.7546,2213,2189,1150,-152
3.7550,2213,2190,1150,-144
3.7553,2213,2190,1150,-144
3.7557,2213,2190,1150,-144
3.7560,2213,2191,1150,-136
3.7564,2213,2191,1150,-136
3.7568,2213,2191,1150,-136
3.7571,2213,2192,1150,-136
3.7575,2213,2192,1150,-136
3.7579,2213,2193,1150,-128
3.7582,2213,2193,1150,-128
3.7586,2213,2193,1150,-128
3.7590,2213,2194,1150,-120
3.7593,2213,2194,1150,-120
3.7597,2213,2194,1150,-120
3.7601,2212,2195,1150,-112
3.7608,2212,2195,1150,-112
3.7612,2212,2196,1150,-112
3.7616,2212,2196,1150,-112
3.7619,2212,2196,1150,-112
3.7623,2212,2196,1150,-112
3.7626,2212,2196,1150,-112
3.7630,2212,2197,1150,-104
3.7634,2212,2197,1150,-104
3.7637,2212,2197,1150,-104
3.7641,2212,2198,850,-96
3.7645,2212,2198,850,-96
3.7649,2212,2199,850,-88
3.7653,2212,2199,850,-88
3.7656,2212,2199,850,-88
3.7660,2212,2199,850,-88
3.7664,2212,2199,850,-88
3.7667,2212,2199,850,-88
3.7671,2212,2200,850,-80
3.7675,2212,2200,850,-80
3.7679,2212,2201,850,-52
3.7682,2212,2201,850,-52
3.7686,2212,2201,850,-52
3.7690,2212,2202,850,-36
3.7693,2212,2202,850,-36
3.7697,2212,2202,850,-36
3.7701,2210,2202,850,-36
3.7708,2210,2203,850,-28
3.7712,2210,2203,850,-28
3.7716,2210,2203,850,-28
3.7720,2210,2204,850,-20
3.7723,2210,2204,850,-20
3.7727,2210,2204,850,-20
3.7731,2210,2204,850,-20
3.7734,2210,2204,850,-20
3.7738,2210,2205,850,28
3.7742,2210,2205,850,28
3.7746,2210,2205,850,28
3.7750,2210,2205,850,28
3.7754,2210,2205,850,28
3.7757,2210,2205,850,28
3.7761,2210,2206,850,36
3.7764,2210,2206,850,36
3.7767,2210,2206,850,36
3.7771,2210,2207,850,44
3.7774,2210,2207,850,44
3.7778,2210,2207,850,44
3.7781,2210,2207,850,52
3.7785,2210,2207,850,52
3.7788,2210,2207,850,52
3.7792,2210,2207,850,52
3.7796,2210,2207,850,52
3.7800,2207,2208,850,60
3.7807,2207,2208,850,60
3.7810,2207,2208,850,60
3.7814,2207,2208,850,60
3.7818,2207,2209,850,68
3.7822,2207,2209,850,68
3.7826,2207,2209,850,68
3.7829,2207,2209,850,68
3.7833,2207,2209,850,68
3.7837,2207,2209,850,68
3.7840,2207,2209,550,68
3.7844,2207,2209,550,68
3.7848,2207,2210,550,68
3.7851,2207,2210,550,68
3.7855,2207,2210,550,68
3.7859,2207,2210,550,76
3.7862,2207,2210,550,76
3.7866,2207,2210,550,76
3.7871,2207,2210,550,76
3.7874,2207,2210,550,76
3.7878,2207,2210,550,72
3.7882,2207,2210,550,72
3.7886,2207,2210,550,72
3.7889,2207,2210,550,80
3.7894,2207,2210,550,80
3.7898,2207,2211,550,88
3.7901,2202,2211,550,88
3.7908,2202,2211,550,88
3.7911,2202,2211,550,88
3.7915,2202,2211,550,88
3.7919,2202,2211,550,96
3.7923,2202,2211,550,96
3.7926,2202,2211,550,96
3.7930,2202,2211,550,96
3.7933,2202,2211,550,96
3.7937,2202,2211,550,96
3.7940,2202,2211,550,96
3.7944,2202,2211,550,96
3.7948,2202,2211,550,104
3.7951,2202,2211,550,104
3.7955,2202,2211,550,104
3.7959,2202,2211,550,104
3.7962,2202,2211,550,104
3.7966,2202,2211,550,104
3.7969,2202,2211,550,112
3.7973,2202,2211,550,112
3.7976,2202,2211,550,112
3.7980,2202,2211,550,112
3.7984,2202,2211,550,112
3.7987,2202,2211,550,112
3.7991,2202,2211,550,112
3.7995,2202,2211,550,112
3.7999,2202,2211,550,120
3.8003,2196,2211,550,120
3.8009,2196,2211,550,120
3.8013,2196,2211,550,120
3.8016,2196,2211,550,120
3.8020,2196,2211,550,120
3.8024,2196,2211,550,120
3.8027,2196,2211,550,128
3.8031,2196,2211,550,128
3.8035,2196,2211,550,128
3.8039,2196,2211,100,128
3.8042,2196,2211,100,128
3.8045,2196,2211,100,128
3.8049,2196,2211,100,136
3.8053,2196,2211,100,136
3.8057,2196,2211,100,136
3.8060,2196,2211,100,136
3.8063,2196,2211,100,136
3.8067,2196,2211,100,136
3.8071,2196,2211,100,136
3.8074,2196,2211,100,136
3.8078,2196,2211,100,132
3.8082,2196,2211,100,132
3.8087,2196,2211,100,132
3.8091,2196,2211,100,132
3.8094,2196,2211,100,132
3.8098,2196,2211,100,140
3.8102,2189,2211,100,140
3.8109,2189,2211,100,140
3.8113,2189,2211,100,140
3.8116,2189,2211,100,148
3.8120,2189,2211,100,148
3.8124,2189,2211,100,148
3.8127,2189,2211,100,148
3.8131,2189,2211,100,148
3.8134,2189,2211,100,148
3.8138,2189,2211,100,156
3.8141,2189,2211,100,156
3.8145,2189,2211,100,156
3.8148,2189,2211,100,156
3.8151,2189,2211,100,156
3.8155,2189,2211,100,156
3.8159,2189,2211,100,164
3.8162,2189,2211,100,164
3.8166,2189,2211,100,164
3.8170,2189,2211,100,164
3.8173,2189,2211,100,164
3.8181,2189,2211,100,172
3.8184,2189,2211,100,172
3.8188,2189,2211,100,180
3.8191,2189,2211,100,180
3.8197,2189,2211,100,180
3.8200,2181,2211,100,180
3.8207,2181,2210,100,180
3.8211,2181,2210,100,180
3.8214,2181,2210,100,180
3.8218,2181,2210,100,180
3.8222,2181,2210,100,180
3.8227,2181,2210,100,188
3.8231,2181,2210,100,188
3.8234,2181,2210,100,188
3.8238,2181,2209,-100,188
3.8242,2181,2209,-100,188
3.8246,2181,2209,-100,188
3.8250,2181,2209,-100,188
3.8253,2181,2209,-100,188
3.8257,2181,2208,-100,188
3.8261,2181,2208,-100,188
3.8264,2181,2208,-100,188
3.8268,2181,2208,-100,188
3.8272,2181,2208,-100,188
3.8276,2181,2207,-100,180
3.8279,2181,2207,-100,180
3.8283,2181,2207,-100,180
3.8287,2181,2207,-100,188
3.8290,2181,2207,-100,188
3.8294,2181,2207,-100,188
3.8298,2181,2207,-100,196
3.8301,2172,2207,-100,196
3.8308,2172,2206,-100,188
3.8311,2172,2206,-100,188
3.8315,2172,2206,-100,196
3.8319,2172,2206,-100,196
3.8322,2172,2206,-100,196
3.8326,2172,2205,-100,196
3.8330,2172,2205,-100,196
3.8334,2172,2205,-100,196
3.8337,2172,2205,-100,196
3.8341,2172,2205,-100,196
3.8344,2172,2205,-100,196
3.8348,2172,2204,-100,196
3.8353,2172,2204,-100,196
3.8356,2172,2204,-100,204
3.8360,2172,2204,-100,204
3.8363,2172,2204,-100,204
3.8367,2172,2203,-100,204
3.8371,2172,2203,-100,204
3.8374,2172,2203,-100,204
3.8378,2172,2203,-100,204
3.8381,2172,2203,-100,204
3.8385,2172,2202,-100,204
3.8389,2172,2202,-100,204
3.8392,2172,2202,-100,204
3.8396,2172,2202,-100,212
3.8400,2172,2202,-100,212
3.8403,2162,2201,-100,204
3.8410,2162,2201,-100,204
3.8414,2162,2201,-100,204
3.8418,2162,2201,-100,212
3.8421,2162,2201,-100,212
3.8425,2162,2200,-100,212
3.8428,2162,2200,-100,212
3.8432,2162,2200,-100,212
3.8436,2162,2199,-500,212
3.8439,2162,2199,-500,212
3.8443,2162,2199,-500,212
3.8447,2162,2199,-500,212
3.8451,2162,2199,-500,212
3.8454,2162,2198,-500,212
3.8458,2162,2198,-500,212
3.8463,2162,2198,-500,212
3.8467,2162,2198,-500,220
3.8470,2162,2198,-500,220
3.8474,2162,2198,-500,220
3.8478,2162,2197,-500,212
3.8481,2162,2197,-500,212
3.8485,2162,2197,-500,220
3.8490,2162,2197,-500,220
3.8493,2162,2197,-500,220
3.8497,2162,2196,-500,220
3.8501,2151,2196,-500,220
3.8508,2151,2196,-500,220
3.8512,2151,2196,-500,220
3.8516,2151,2195,-500,220
3.8520,2151,2195,-500,220
3.8524,2151,2195,-500,220
3.8528,2151,2194,-500,220
3.8531,2151,2194,-500,220
3.8535,2151,2194,-500,228
3.8538,2151,2194,-500,228
3.8542,2151,2194,-500,228
3.8546,2151,2193,-500,228
3.8550,2151,2193,-500,228
3.8553,2151,2193,-500,228
3.8557,2151,2193,-500,236
3.8560,2151,2193,-500,236
3.8564,2151,2192,-500,236
3.8567,2151,2192,-500,236
3.8571,2151,2192,-500,236
3.8575,2151,2191,-500,236
3.8579,2151,2191,-500,236
3.8582,2151,2191,-500,236
3.8586,2151,2190,-500,228
3.8590,2151,2190,-500,228
3.8593,2151,2190,-500,228
3.8597,2151,2190,-500,236
3.8600,2139,2190,-500,236
3.8607,2139,2189,-500,236
3.8611,2139,2189,-500,236
3.8615,2139,2189,-500,244
3.8619,2139,2189,-500,244
3.8622,2139,2189,-500,244
3.8626,2139,2188,-500,244
3.8630,2139,2188,-500,244
3.8633,2139,2188,-500,244
3.8637,2139,2187,-600,244
3.8640,2139,2187,-600,244
3.8644,2139,2187,-600,252
3.8647,2139,2187,-600,252
3.8651,2139,2187,-600,252
3.8655,2139,2186,-600,252
3.8659,2139,2186,-600,252
3.8662,2139,2186,-600,252
3.8666,2139,2185,-600,252
3.8669,2139,2185,-600,252
3.8673,2139,2185,-600,252
3.8677,2139,2184,-600,252
3.8680,2139,2184,-600,252
3.8684,2139,2184,-600,260
3.8687,2139,2184,-600,260
3.8691,2139,2184,-600,260
3.8694,2139,2183,-600,260
3.8698,2139,2183,-600,260
3.8702,2126,2182,-600,260
3.8709,2126,2182,-600,260
3.8713,2126,2182,-600,260
3.8717,2126,2182,-600,268
3.8720,2126,2182,-600,268
3.8725,2126,2181,-600,268
3.8729,2126,2181,-600,268
3.8732,2126,2181,-600,268
3.8736,2126,2180,-600,268
3.8740,2126,2180,-600,268
3.8743,2126,2179,-600,268
3.8747,2126,2179,-600,268
3.8751,2126,2179,-600,268
3.8755,2126,2178,-600,268
3.8760,2126,2178,-600,268
3.8763,2126,2177,-600,268
3.8767,2126,2177,-600,268
3.8771,2126,2177,-600,268
3.8774,2126,2177,-600,276
3.8778,2126,2177,-600,276
3.8782,2126,2177,-600,276
3.8786,2126,2176,-600,276
3.8789,2126,2176,-600,276
3.8793,2126,2175,-600,276
3.8797,2126,2175,-600,276
3.8800,2113,2175,-600,284
3.8807,2113,2175,-600,284
3.8811,2113,2175,-600,284
3.8815,2113,2174,-600,284
3.8818,2113,2174,-600,284
3.8822,2113,2174,-600,284
3.8826,2113,2173,-600,284
3.8830,2113,2173,-600,284
3.8833,2113,2172,-750,284
3.8837,2113,2172,-750,284
3.8840,2113,2172,-750,284
3.8844,2113,2171,-750,284
3.8847,2113,2171,-750,284
3.8851,2113,2171,-750,284
3.8855,2113,2170,-750,284
3.8858,2113,2170,-750,284
3.8863,2113,2170,-750,292
3.8866,2113,2170,-750,292
3.8870,2113,2170,-750,292
3.8873,2113,2169,-750,292
3.8877,2113,2169,-750,292
3.8881,2113,2169,-750,292
3.8885,2113,2168,-750,300
3.8888,2113,2168,-750,300
3.8892,2113,2167,-750,300
3.8896,2113,2167,-750,300
3.8900,2113,2167,-750,300
3.8903,2098,2166,-750,300
3.8910,2098,2166,-750,300
3.8913,2098,2165,-750,300
3.8917,2098,2165,-750,300
3.8920,2098,2165,-750,300
3.8924,2098,2164,-750,300
3.8928,2098,2164,-750,300
3.8931,2098,2164,-750,300
3.8935,2098,2163,-750,300
3.8938,2098,2163,-750,300
3.8942,2098,2163,-750,308
3.8946,2098,2163,-750,308
3.8950,2098,2163,-750,308
3.8953,2098,2162,-750,308
3.8957,2098,2162,-750,308
3.8960,2098,2162,-750,308
3.8964,2098,2161,-750,308
3.8968,2098,2161,-750,308
3.8971,2098,2161,-750,308
3.8975,2098,2160,-750,316
3.8979,2098,2160,-750,316
3.8982,2098,2159,-750,316
3.8986,2098,2159,-750,316
3.8990,2098,2159,-750,316
3.8993,2098,2158,-750,316
3.8997,2098,2158,-750,316
3.9001,2084,2157,-750,316
3.9007,2084,2157,-750,316
3.9011,2084,2157,-750,316
3.9014,2084,2156,-750,316
3.9018,2084,2156,-750,316
3.9021,2084,2156,-750,316
3.9025,2084,2155,-750,316
3.9028,2084,2155,-750,316
3.9032,2084,2154,-900,324
3.9036,2084,2154,-900,324
3.9040,2084,2154,-900,324
3.9043,2084,2153,-900,324
3.9047,2084,2153,-900,324
3.9050,2084,2153,-900,324
3.9054,2084,2152,-900,324
3.9057,2084,2152,-900,324
3.9061,2084,2152,-900,324
3.9064,2084,2151,-900,332
3.9068,2084,2151,-900,332
3.9071,2084,2150,-900,332
3.9075,2084,2150,-900,332
3.9079,2084,2150,-900,332
3.9083,2084,2149,-900,332
3.9087,2084,2149,-900,332
3.9091,2084,2149,-900,332
3.9094,2084,2148,-900,332
3.9098,2084,2148,-900,332
3.9102,2069,2147,-900,332
3.9109,2069,2147,-900,332
3.9113,2069,2146,-900,340
3.9117,2069,2146,-900,340
3.9121,2069,2146,-900,340
3.9124,2069,2145,-900,340
3.9128,2069,2145,-900,340
3.9131,2069,2144,-900,340
3.9135,2069,2144,-900,340
3.9139,2069,2144,-900,340
3.9142,2069,2143,-900,340
3.9146,2069,2143,-900,340
3.9149,2069,2143,-900,340
3.9153,2069,2142,-900,348
3.9156,2069,2142,-900,348
3.9160,2069,2142,-900,348
3.9164,2069,2141,-900,348
3.9167,2069,2141,-900,348
3.9171,2069,2141,-900,348
3.9174,2069,2140,-900,348
3.9178,2069,2140,-900,348
3.9181,2069,2139,-900,356
3.9185,2069,2139,-900,356
3.9188,2069,2139,-900,356
3.9192,2069,2137,-900,348
3.9196,2069,2137,-900,348
3.9199,2069,2137,-900,348
3.9203,2054,2136,-900,348
3.9210,2054,2136,-900,348
3.9214,2054,2135,-900,356
3.9217,2054,2135,-900,356
3.9221,2054,2134,-900,356
3.9225,2054,2134,-900,356
3.9228,2054,2134,-900,356
3.9232,2054,2133,-1050,356
3.9236,2054,2133,-1050,356
3.9240,2054,2133,-1050,356
3.9244,2054,2132,-1050,356
3.9247,2054,2132,-1050,356
3.9251,2054,2131,-1050,364
3.9255,2054,2131,-1050,364
3.9259,2054,2131,-1050,364
3.9262,2054,2130,-1050,364
3.9266,2054,2130,-1050,364
3.9270,2054,2130,-1050,364
3.9273,2054,2129,-1050,372
3.9277,2054,2129,-1050,372
3.9280,2054,2129,-1050,372
3.9284,2054,2127,-1050,364
3.9288,2054,2127,-1050,364
3.9291,2054,2126,-1050,364
3.9295,2054,2126,-1050,364
3.9299,2054,2126,-1050,364
3.9302,2040,2125,-1050,364
3.9309,2040,2125,-1050,364
3.9312,2040,2124,-1050,372
3.9316,2040,2124,-1050,372
3.9320,2040,2124,-1050,372
3.9323,2040,2123,-1050,372
3.9327,2040,2123,-1050,372
3.9331,2040,2122,-1050,372
3.9334,2040,2122,-1050,372
3.9338,2040,2122,-1050,372
3.9342,2040,2121,-1050,380
3.9346,2040,2121,-1050,380
3.9350,2040,2121,-1050,380
3.9354,2040,2119,-1050,372
3.9357,2040,2119,-1050,372
3.9361,2040,2118,-1050,372
3.9365,2040,2118,-1050,372
3.9369,2040,2118,-1050,372
3.9372,2040,2117,-1050,380
3.9376,2040,2117,-1050,380
3.9379,2040,2117,-1050,380
3.9383,2040,2116,-1050,380
3.9387,2040,2116,-1050,380
3.9390,2040,2115,-1050,380
3.9394,2040,2115,-1050,380
3.9398,2040,2115,-1050,380
3.9401,2025,2113,-1050,380
3.9408,2025,2113,-1050,380
3.9412,2025,2112,-1050,380
3.9416,2025,2112,-1050,380
3.9420,2025,2112,-1050,380
3.9423,2025,2111,-1050,380
3.9427,2025,2111,-1050,380
3.9431,2025,2110,-1150,388
3.9435,2025,2110,-1150,388
3.9439,2025,2110,-1150,388
3.9442,2025,2108,-1150,380
3.9446,2025,2108,-1150,380
3.9450,2025,2107,-1150,388
3.9454,2025,2107,-1150,388
3.9457,2025,2107,-1150,388
3.9461,2025,2106,-1150,388
3.9465,2025,2106,-1150,388
3.9468,2025,2106,-1150,388
3.9472,2025,2105,-1150,376
3.9476,2025,2105,-1150,376
3.9480,2025,2105,-1150,376
3.9483,2025,2104,-1150,384
3.9487,2025,2104,-1150,384
3.9490,2025,2102,-1150,376
3.9494,2025,2102,-1150,376
3.9498,2025,2102,-1150,376
3.9501,2010,2101,-1150,376
3.9508,2010,2101,-1150,376
3.9512,2010,2100,-1150,384
3.9516,2010,2100,-1150,384
3.9520,2010,2099,-1150,384
3.9523,2010,2099,-1150,384
3.9527,2010,2099,-1150,384
3.9531,2010,2097,-1150,376
3.9534,2010,2097,-1150,376
3.9539,2010,2096,-1150,384
3.9543,2010,2096,-1150,384
3.9547,2010,2096,-1150,384
3.9551,2010,2095,-1150,384
3.9554,2010,2095,-1150,384
3.9558,2010,2095,-1150,384
3.9561,2010,2093,-1150,384
3.9565,2010,2093,-1150,384
3.9569,2010,2093,-1150,384
3.9573,2010,2092,-1150,384
3.9576,2010,2092,-1150,384
3.9580,2010,2091,-1150,384
3.9584,2010,2091,-1150,384
3.9588,2010,2091,-1150,384
3.9591,2010,2090,-1150,392
3.9595,2010,2090,-1150,392
3.9599,2010,2090,-1150,392
3.9602,1995,2088,-1150,384
3.9609,1995,2087,-1150,384
3.9613,1995,2087,-1150,384
3.9616,1995,2087,-1150,384
3.9620,1995,2086,-1150,392
3.9623,1995,2086,-1150,392
3.9627,1995,2086,-1150,392
3.9631,1995,2084,-1300,384
3.9635,1995,2084,-1300,384
3.9639,1995,2083,-1300,392
3.9643,1995,2083,-1300,392
3.9647,1995,2083,-1300,392
3.9652,1995,2082,-1300,392
3.9655,1995,2082,-1300,392
3.9659,1995,2080,-1300,392
3.9663,1995,2080,-1300,392
3.9667,1995,2080,-1300,392
3.9670,1995,2079,-1300,392
3.9674,1995,2079,-1300,392
3.9678,1995,2079,-1300,392
3.9681,1995,2078,-1300,392
3.9685,1995,2078,-1300,392
3.9689,1995,2076,-1300,392
3.9692,1995,2076,-1300,392
3.9697,1995,2076,-1300,392
3.9700,1981,2075,-1300,392
3.9707,1981,2075,-1300,392
3.9711,1981,2074,-1300,400
3.9714,1981,2074,-1300,400
3.9718,1981,2074,-1300,400
3.9722,1981,2072,-1300,392
3.9726,1981,2072,-1300,392
3.9730,1981,2071,-1300,392
3.9733,1981,2071,-1300,392
3.9737,1981,2071,-1300,392
3.9741,1981,2070,-1300,400
3.9745,1981,2070,-1300,400
3.9749,1981,2068,-1300,392
3.9753,1981,2068,-1300,392
3.9757,1981,2068,-1300,392
3.9761,1981,2067,-1300,400
3.9766,1981,2067,-1300,400
3.9770,1981,2066,-1300,400
3.9773,1981,2066,-1300,400
3.9777,1981,2066,-1300,400
3.9781,1981,2064,-1300,400
3.9784,1981,2064,-1300,400
3.9788,1981,2064,-1300,400
3.9792,1981,2063,-1300,400
3.9796,1981,2063,-1300,400
3.9800,1981,2062,-1300,400
3.9804,1967,2062,-1300,400
3.9811,1967,2060,-1300,400
3.9815,1967,2060,-1300,400
3.9818,1967,2059,-1300,400
3.9823,1967,2059,-1300,400
3.9826,1967,2059,-1300,400
3.9831,1967,2058,-1300,400
3.9834,1967,2058,-1300,400
3.9838,1967,2056,-1300,400
3.9842,1967,2056,-1300,400
3.9846,1967,2056,-1300,400
3.9850,1967,2055,-1300,400
3.9854,1967,2055,-1300,400
3.9857,1967,2055,-1300,400
3.9861,1967,2054,-1300,408
3.9865,1967,2054,-1300,408
3.9869,1967,2052,-1300,396
3.9873,1967,2052,-1300,396
3.9876,1967,2052,-1300,396
3.9880,1967,2050,-1300,388
3.9884,1967,2050,-1300,388
3.9887,1967,2050,-1300,388
3.9891,1967,2049,-1300,396
3.9895,1967,2049,-1300,396
3.9898,1967,2048,-1300,396
3.9902,1954,2048,-1300,396
3.9909,1954,2046,-1300,388
3.9912,1954,2046,-1300,388
3.9916,1954,2046,-1300,388
3.9920,1954,2045,-1300,396
3.9923,1954,2045,-1300,396
3.9927,1954,2045,-1300,396
3.9930,1954,2043,-1300,388
3.9934,1954,2043,-1300,388
3.9938,1954,2042,-1300,396
3.9941,1954,2042,-1300,396
3.9945,1954,2042,-1300,396
3.9949,1954,2041,-1300,396
3.9952,1954,2041,-1300,396
3.9956,1954,2041,-1300,396
3.9960,1954,2039,-1300,388
3.9964,1954,2039,-1300,388
3.9967,1954,2038,-1300,396
3.9971,1954,2038,-1300,396
3.9975,1954,2038,-1300,396
3.9979,1954,2036,-1300,388
3.9982,1954,2036,-1300,388
3.9986,1954,2036,-1300,388
3.9990,1954,2035,-1300,396
3.9993,1954,2035,-1300,396
3.9997,1954,2035,-1300,396
4.0001,1942,2034,-1300,396
4.0008,1942,2032,-1300,388
4.0011,1942,2032,-1300,388
4.0015,1942,2032,-1300,388
4.0019,1942,2031,-1300,396
4.0022,1942,2031,-1300,396
4.0026,1942,2031,-1300,396
4.0030,1942,2029,-1450,388
4.0033,1942,2029,-1450,388
4.0037,1942,2029,-1450,388
4.0040,1942,2028,-1450,396
4.0044,1942,2028,-1450,396
4.0047,1942,2027,-1450,396
4.0051,1942,2027,-1450,396
4.0054,1942,2027,-1450,396
4.0058,1942,2026,-1450,396
4.0061,1942,2026,-1450,396
4.0066,1942,2026,-1450,396
4.0070,1942,2024,-1450,392
4.0073,1942,2024,-1450,392
4.0077,1942,2022,-1450,384
4.0081,1942,2022,-1450,384
4.0084,1942,2022,-1450,384
4.0088,1942,2021,-1450,384
4.0092,1942,2021,-1450,384
4.0096,1942,2021,-1450,384
4.0100,1942,2020,-1450,392
4.0103,1930,2020,-1450,392
4.0110,1930,2018,-1450,384
4.0114,1930,2018,-1450,384
4.0117,1930,2017,-1450,384
4.0121,1930,2017,-1450,384
4.0125,1930,2017,-1450,384
4.0129,1930,2015,-1450,384
4.0132,1930,2015,-1450,384
4.0136,1930,2015,-1450,384
4.0140,1930,2014,-1450,384
4.0143,1930,2014,-1450,384
4.0147,1930,2013,-1450,384
4.0150,1930,2013,-1450,384
4.0154,1930,2013,-1450,384
4.0158,1930,2011,-1450,384
4.0161,1930,2011,-1450,384
4.0165,1930,2011,-1450,384
4.0168,1930,2010,-1450,384
4.0172,1930,2010,-1450,384
4.0176,1930,2008,-1450,376
4.0180,1930,2008,-1450,376
4.0184,1930,2008,-1450,376
4.0187,1930,2007,-1450,384
4.0191,1930,2007,-1450,384
4.0195,1930,2007,-1450,384
4.0199,1930,2006,-1450,384
4.0202,1919,2006,-1450,384
4.0209,1919,2004,-1450,376
4.0213,1919,2004,-1450,376
4.0217,1919,2003,-1450,376
4.0221,1919,2003,-1450,376
4.0224,1919,2003,-1450,376
4.0228,1919,2001,-1400,376
4.0232,1919,2001,-1400,376
4.0236,1919,2000,-1400,376
4.0240,1919,2000,-1400,376
4.0244,1919,2000,-1400,376
4.0247,1919,1999,-1400,376
4.0251,1919,1999,-1400,376
4.0254,1919,1999,-1400,376
4.0258,1919,1998,-1400,376
4.0262,1919,1998,-1400,376
4.0266,1919,1996,-1400,368
4.0270,1919,1996,-1400,368
4.0273,1919,1996,-1400,368
4.0277,1919,1995,-1400,368
4.0280,1919,1995,-1400,368
4.0284,1919,1995,-1400,368
4.0288,1919,1993,-1400,360
4.0291,1919,1993,-1400,360
4.0295,1919,1993,-1400,360
4.0298,1919,1992,-1400,368
4.0302,1909,1992,-1400,368
4.0309,1909,1991,-1400,368
4.0313,1909,1991,-1400,368
4.0317,1909,1989,-1400,360
4.0321,1909,1989,-1400,360
4.0324,1909,1989,-1400,360
4.0328,1909,1988,-1400,360
4.0332,1909,1988,-1400,360
4.0336,1909,1986,-1400,360
4.0340,1909,1986,-1400,360
4.0343,1909,1986,-1400,360
4.0347,1909,1985,-1400,360
4.0351,1909,1985,-1400,360
4.0354,1909,1985,-1400,360
4.0358,1909,1984,-1400,360
4.0361,1909,1984,-1400,360
4.0365,1909,1984,-1400,360
4.0369,1909,1983,-1400,368
4.0372,1909,1983,-1400,368
4.0376,1909,1981,-1400,360
4.0379,1909,1981,-1400,360
4.0383,1909,1981,-1400,360
4.0387,1909,1980,-1400,360
4.0390,1909,1980,-1400,360
4.0394,1909,1980,-1400,360
4.0397,1909,1979,-1400,360
4.0401,1900,1979,-1400,360
4.0408,1900,1977,-1400,352
4.0412,1900,1977,-1400,352
4.0416,1900,1976,-1400,360
4.0420,1900,1976,-1400,360
4.0424,1900,1976,-1400,360
4.0427,1900,1975,-1300,360
4.0431,1900,1975,-1300,360
4.0435,1900,1975,-1300,360
4.0439,1900,1973,-1300,352
4.0442,1900,1973,-1300,352
4.0446,1900,1972,-1300,352
4.0450,1900,1972,-1300,352
4.0453,1900,1972,-1300,352
4.0457,1900,1971,-1300,352
4.0461,1900,1971,-1300,352
4.0464,1900,1971,-1300,352
4.0468,1900,1969,-1300,352
4.0472,1900,1969,-1300,352
4.0476,1900,1968,-1300,352
4.0480,1900,1968,-1300,352
4.0484,1900,1968,-1300,352
4.0487,1900,1966,-1300,344
4.0491,1900,1966,-1300,344
4.0494,1900,1966,-1300,344
4.0498,1900,1965,-1300,344
4.0502,1892,1964,-1300,344
4.0509,1892,1964,-1300,344
4.0512,1892,1964,-1300,344
4.0516,1892,1962,-1300,336
4.0519,1892,1962,-1300,336
4.0523,1892,1962,-1300,336
4.0527,1892,1961,-1300,336
4.0530,1892,1961,-1300,336
4.0534,1892,1961,-1300,336
4.0537,1892,1960,-1300,336
4.0541,1892,1960,-1300,336
4.0545,1892,1959,-1300,344
4.0548,1892,1959,-1300,344
4.0552,1892,1959,-1300,344
4.0556,1892,1957,-1300,336
4.0559,1892,1957,-1300,336
4.0563,1892,1957,-1300,336
4.0566,1892,1956,-1300,336
4.0571,1892,1956,-1300,336
4.0574,1892,1956,-1300,336
4.0578,1892,1954,-1300,328
4.0583,1892,1954,-1300,328
4.0586,1892,1953,-1300,328
4.0590,1892,1953,-1300,328
4.0594,1892,1953,-1300,328
4.0598,1892,1952,-1300,328
4.0601,1886,1950,-1300,320
4.0608,1886,1950,-1300,320
4.0612,1886,1950,-1300,320
4.0616,1886,1949,-1300,320
4.0619,1886,1949,-1300,320
4.0623,1886,1949,-1300,320
4.0626,1886,1948,-1350,320
4.0630,1886,1948,-1350,320
4.0633,1886,1948,-1350,320
4.0637,1886,1947,-1350,320
4.0641,1886,1947,-1350,320
4.0644,1886,1945,-1350,312
4.0648,1886,1945,-1350,312
4.0651,1886,1945,-1350,312
4.0655,1886,1944,-1350,312
4.0659,1886,1944,-1350,312
4.0662,1886,1944,-1350,312
4.0666,1886,1943,-1350,300
4.0670,1886,1943,-1350,300
4.0673,1886,1943,-1350,300
4.0677,1886,1941,-1350,292
4.0680,1886,1941,-1350,292
4.0684,1886,1940,-1350,292
4.0688,1886,1940,-1350,292
4.0691,1886,1940,-1350,292
4.0695,1886,1939,-1350,292
4.0699,1886,1939,-1350,292
4.0702,1880,1937,-1350,284
4.0709,1880,1937,-1350,284
4.0713,1880,1937,-1350,284
4.0716,1880,1936,-1350,284
4.0720,1880,1936,-1350,284
4.0723,1880,1936,-1350,284
4.0727,1880,1935,-1350,284
4.0730,1880,1935,-1350,284
4.0734,1880,1934,-1350,284
4.0737,1880,1934,-1350,284
4.0741,1880,1934,-1350,284
4.0745,1880,1933,-1350,284
4.0749,1880,1933,-1350,284
4.0752,1880,1933,-1350,284
4.0756,1880,1932,-1350,284
4.0759,1880,1932,-1350,284
4.0763,1880,1932,-1350,284
4.0767,1880,1931,-1350,284
4.0770,1880,1931,-1350,284
4.0774,1880,1929,-1350,276
4.0777,1880,1929,-1350,276
4.0781,1880,1929,-1350,276
4.0785,1880,1928,-1350,276
4.0789,1880,1928,-1350,276
4.0792,1880,1928,-1350,276
4.0796,1880,1927,-1350,268
4.0800,1880,1927,-1350,268
4.0803,1876,1926,-1350,268
4.0810,1876,1926,-1350,268
4.0814,1876,1924,-1350,260
4.0817,1876,1924,-1350,260
4.0822,1876,1924,-1350,260
4.0825,1876,1923,-1250,260
4.0830,1876,1923,-1250,260
4.0834,1876,1922,-1250,260
4.0837,1876,1922,-1250,260
4.0841,1876,1922,-1250,260
4.0844,1876,1921,-1250,260
4.0848,1876,1921,-1250,260
4.0852,1876,1921,-1250,260
4.0856,1876,1920,-1250,252
4.0860,1876,1920,-1250,252
4.0864,1876,1919,-1250,248
4.0867,1876,1919,-1250,248
4.0871,1876,1919,-1250,248
4.0874,1876,1917,-1250,240
4.0878,1876,1917,-1250,240
4.0881,1876,1917,-1250,240
4.0885,1876,1917,-1250,248
4.0888,1876,1917,-1250,248
4.0893,1876,1917,-1250,248
4.0896,1876,1916,-1250,240
4.0900,1876,1916,-1250,240
4.0903,1873,1915,-1250,240
4.0910,1873,1915,-1250,240
4.0914,1873,1913,-1250,232
4.0918,1873,1913,-1250,232
4.0921,1873,1913,-1250,232
4.0925,1873,1912,-1250,224
4.0929,1873,1912,-1250,224
4.0932,1873,1912,-1250,224
4.0936,1873,1911,-1250,224
4.0940,1873,1911,-1250,224
4.0943,1873,1910,-1250,224
4.0947,1873,1910,-1250,224
4.0950,1873,1910,-1250,224
4.0954,1873,1909,-1250,216
4.0958,1873,1909,-1250,216
4.0961,1873,1909,-1250,216
4.0965,1873,1908,-1250,216
4.0968,1873,1908,-1250,216
4.0972,1873,1908,-1250,216
4.0976,1873,1907,-1250,208
4.0980,1873,1907,-1250,208
4.0983,1873,1906,-1250,208
4.0987,1873,1906,-1250,208
4.0990,1873,1906,-1250,208
4.0994,1873,1905,-1250,208
4.0998,1873,1905,-1250,208
4.1001,1872,1904,-1250,200
4.1008,1872,1904,-1250,200
4.1011,1872,1904,-1250,200
4.1015,1872,1903,-1250,200
4.1018,1872,1903,-1250,200
4.1022,1872,1902,-1050,192
4.1026,1872,1902,-1050,192
4.1030,1872,1902,-1050,192
4.1033,1872,1901,-1050,192
4.1037,1872,1901,-1050,192
4.1041,1872,1901,-1050,192
4.1044,1872,1900,-1050,184
4.1048,1872,1900,-1050,184
4.1051,1872,1900,-1050,184
4.1055,1872,1899,-1050,176
4.1059,1872,1899,-1050,176
4.1062,1872,1898,-1050,164
4.1066,1872,1898,-1050,164
4.1070,1872,1898,-1050,164
4.1073,1872,1897,-1050,156
4.1077,1872,1897,-1050,156
4.1081,1872,1897,-1050,156
4.1084,1872,1896,-1050,156
4.1088,1872,1896,-1050,156
4.1092,1872,1895,-1050,148
4.1096,1872,1895,-1050,148
4.1100,1872,1895,-1050,148
4.1103,1871,1894,-1050,140
4.1110,1871,1894,-1050,140
4.1114,1871,1893,-1050,140
4.1118,1871,1893,-1050,140
4.1121,1871,1893,-1050,140
4.1125,1871,1893,-1050,140
4.1129,1871,1893,-1050,140
4.1132,1871,1892,-1050,132
4.1136,1871,1892,-1050,132
4.1139,1871,1892,-1050,132
4.1143,1871,1891,-1050,124
4.1146,1871,1891,-1050,124
4.1150,1871,1891,-1050,124
4.1153,1871,1890,-1050,124
4.1157,1871,1890,-1050,124
4.1161,1871,1890,-1050,124
4.1165,1871,1889,-1050,116
4.1169,1871,1889,-1050,116
4.1172,1871,1888,-1050,108
4.1176,1871,1888,-1050,108
4.1180,1871,1888,-1050,108
4.1184,1871,1887,-1050,100
4.1187,1871,1887,-1050,100
4.1190,1871,1887,-1050,100
4.1194,1871,1887,-1050,100
4.1197,1871,1887,-1050,100
4.1201,1872,1886,-1050,92
4.1208,1872,1886,-1050,92
4.1212,1872,1885,-1050,84
4.1216,1872,1885,-1050,84
4.1220,1872,1885,-1050,84
4.1223,1872,1885,-850,84
4.1227,1872,1885,-850,84
4.1230,1872,1885,-850,84
4.1234,1872,1884,-850,76
4.1237,1872,1884,-850,76
4.1241,1872,1883,-850,68
4.1245,1872,1883,-850,68
4.1249,1872,1883,-850,68
4.1252,1872,1882,-850,60
4.1257,1872,1882,-850,60
4.1261,1872,1882,-850,60
4.1264,1872,1882,-850,44
4.1268,1872,1882,-850,44
4.1273,1872,1881,-850,36
4.1277,1872,1881,-850,36
4.1280,1872,1881,-850,36
4.1285,1872,1880,-850,28
4.1289,1872,1880,-850,28
4.1292,1872,1880,-850,28
4.1296,1872,1880,-850,28
4.1300,1872,1880,-850,28
4.1303,1875,1880,-850,28
4.1310,1875,1880,-850,28
4.1314,1875,1879,-850,-20
4.1318,1875,1879,-850,-20
4.1321,1875,1878,-850,-28
4.1325,1875,1878,-850,-28
4.1328,1875,1878,-850,-28
4.1332,1875,1878,-850,-28
4.1336,1875,1878,-850,-28
4.1339,1875,1878,-850,-28
4.1343,1875,1877,-850,-36
4.1346,1875,1877,-850,-36
4.1350,1875,1877,-850,-36
4.1353,1875,1877,-850,-36
4.1357,1875,1877,-850,-36
4.1360,1875,1877,-850,-36
4.1364,1875,1876,-850,-52
4.1367,1875,1876,-850,-52
4.1371,1875,1875,-850,-60
4.1375,1875,1875,-850,-60
4.1378,1875,1875,-850,-60
4.1382,1875,1875,-850,-60
4.1386,1875,1875,-850,-60
4.1389,1875,1875,-850,-60
4.1393,1875,1875,-850,-68
4.1396,1875,1875,-850,-68
4.1400,1875,1875,-850,-68
4.1403,1879,1874,-850,-68
4.1410,1879,1874,-850,-68
4.1414,1879,1874,-850,-68
4.1418,1879,1874,-850,-68
4.1421,1879,1874,-550,-68
4.1425,1879,1874,-550,-68
4.1429,1879,1874,-550,-68
4.1432,1879,1874,-550,-68
4.1436,1879,1874,-550,-68
4.1439,1879,1874,-550,-68
4.1443,1879,1873,-550,-76
4.1446,1879,1873,-550,-76
4.1450,1879,1873,-550,-76
4.1454,1879,1873,-550,-76
4.1457,1879,1873,-550,-76
4.1461,1879,1873,-550,-80
4.1464,1879,1873,-550,-80
4.1468,1879,1873,-550,-80
4.1471,1879,1873,-550,-80
4.1475,1879,1873,-550,-80
4.1478,1879,1873,-550,-80
4.1482,1879,1873,-550,-88
4.1486,1879,1873,-550,-88
4.1489,1879,1873,-550,-88
4.1493,1879,1872,-550,-96
4.1496,1879,1872,-550,-96
4.1500,1879,1872,-550,-96
4.1503,1884,1872,-550,-96
4.1510,1884,1872,-550,-96
4.1513,1884,1872,-550,-104
4.1517,1884,1872,-550,-104
4.1520,1884,1872,-550,-104
4.1524,1884,1872,-550,-104
4.1527,1884,1872,-550,-104
4.1531,1884,1872,-550,-104
4.1535,1884,1872,-550,-104
4.1539,1884,1872,-550,-104
4.1543,1884,1872,-550,-112
4.1547,1884,1872,-550,-112
4.1550,1884,1872,-550,-112
4.1554,1884,1872,-550,-112
4.1557,1884,1872,-550,-112
4.1561,1884,1872,-550,-120
4.1564,1884,1872,-550,-120
4.1567,1884,1872,-550,-120
4.1571,1884,1872,-550,-120
4.1575,1884,1872,-550,-120
4.1579,1884,1872,-550,-120
4.1582,1884,1872,-550,-128
4.1586,1884,1872,-550,-128
4.1590,1884,1872,-550,-128
4.1593,1884,1872,-550,-128
4.1597,1884,1872,-550,-128
4.1600,1889,1872,-550,-128
4.1607,1889,1872,-550,-128
4.1610,1889,1872,-550,-136
4.1614,1889,1872,-550,-136
4.1617,1889,1872,-550,-136
4.1621,1889,1872,-100,-136
4.1624,1889,1872,-100,-136
4.1627,1889,1872,-100,-136
4.1631,1889,1872,-100,-144
4.1635,1889,1872,-100,-144
4.1639,1889,1872,-100,-144
4.1642,1889,1872,-100,-144
4.1646,1889,1872,-100,-144
4.1650,1889,1872,-100,-152
4.1653,1889,1872,-100,-152
4.1657,1889,1872,-100,-152
4.1661,1889,1872,-100,-140
4.1665,1889,1872,-100,-140
4.1668,1889,1872,-100,-140
4.1673,1889,1872,-100,-148
4.1676,1889,1872,-100,-148
4.1680,1889,1872,-100,-148
4.1683,1889,1872,-100,-148
4.1687,1889,1872,-100,-148
4.1690,1889,1872,-100,-156
4.1694,1889,1872,-100,-156
4.1698,1889,1872,-100,-156
4.1701,1897,1872,-100,-156
4.1708,1897,1872,-100,-156
4.1711,1897,1872,-100,-164
4.1715,1897,1872,-100,-164
4.1718,1897,1872,-100,-164
4.1722,1897,1872,-100,-164
4.1726,1897,1872,-100,-164
4.1730,1897,1873,-100,-164
4.1733,1897,1873,-100,-164
4.1737,1897,1873,-100,-164
4.1740,1897,1873,-100,-164
4.1744,1897,1873,-100,-164
4.1747,1897,1873,-100,-164
4.1751,1897,1873,-100,-172
4.1756,1897,1873,-100,-172
4.1760,1897,1873,-100,-172
4.1763,1897,1873,-100,-172
4.1767,1897,1873,-100,-172
4.1770,1897,1874,-100,-172
4.1774,1897,1874,-100,-172
4.1778,1897,1874,-100,-172
4.1782,1897,1874,-100,-172
4.1786,1897,1874,-100,-172
4.1790,1897,1875,-100,-172
4.1793,1897,1875,-100,-172
4.1797,1897,1875,-100,-172
4.1801,1905,1875,-100,-172
4.1808,1905,1875,-100,-172
4.1813,1905,1875,-100,-180
4.1816,1905,1875,-100,-180
4.1820,1905,1876,200,-180
4.1824,1905,1876,200,-180
4.1828,1905,1876,200,-180
4.1832,1905,1876,200,-180
4.1835,1905,1876,200,-180
4.1839,1905,1877,200,-180
4.1843,1905,1877,200,-180
4.1846,1905,1877,200,-180
4.1850,1905,1877,200,-188
4.1854,1905,1877,200,-188
4.1858,1905,1877,200,-188
4.1861,1905,1877,200,-176
4.1865,1905,1877,200,-176
4.1869,1905,1878,200,-176
4.1873,1905,1878,200,-176
4.1876,1905,1878,200,-176
4.1880,1905,1878,200,-184
4.1884,1905,1878,200,-184
4.1888,1905,1878,200,-184
4.1892,1905,1878,200,-184
4.1896,1905,1878,200,-184
4.1900,1905,1879,200,-184
4.1904,1915,1879,200,-184
4.1911,1915,1879,200,-192
4.1914,1915,1879,200,-192
4.1918,1915,1879,200,-192
4.1922,1915,1880,200,-184
4.1926,1915,1880,200,-184
4.1930,1915,1880,200,-192
4.1934,1915,1880,200,-192
4.1937,1915,1880,200,-192
4.1941,1915,1881,200,-184
4.1945,1915,1881,200,-184
4.1949,1915,1881,200,-192
4.1952,1915,1881,200,-192
4.1956,1915,1881,200,-192
4.1960,1915,1882,200,-192
4.1965,1915,1882,200,-192
4.1969,1915,1882,200,-200
4.1972,1915,1882,200,-200
4.1976,1915,1882,200,-200
4.1980,1915,1882,200,-200
4.1984,1915,1882,200,-200
4.1987,1915,1882,200,-200
4.1991,1915,1883,200,-200
4.1994,1915,1883,200,-200
4.1998,1915,1884,200,-200
4.2002,1925,1884,200,-200
4.2009,1925,1884,200,-208
4.2013,1925,1884,200,-208
4.2016,1925,1884,200,-208
4.2020,1925,1885,450,-200
4.2024,1925,1885,450,-200
4.2027,1925,1885,450,-200
4.2031,1925,1886,450,-200
4.2035,1925,1886,450,-200
4.2039,1925,1886,450,-208
4.2042,1925,1886,450,-208
4.2047,1925,1886,450,-208
4.2050,1925,1886,450,-216
4.2054,1925,1886,450,-216
4.2058,1925,1887,450,-212
4.2061,1925,1887,450,-212
4.2065,1925,1887,450,-212
4.2069,1925,1888,450,-204
4.2073,1925,1888,450,-204
4.2077,1925,1888,450,-204
4.2081,1925,1888,450,-212
4.2084,1925,1888,450,-212
4.2088,1925,1889,450,-212
4.2091,1925,1889,450,-212
4.2095,1925,1889,450,-212
4.2098,1925,1890,450,-212
4.2103,1937,1890,450,-212
4.2109,1937,1890,450,-220
4.2113,1937,1890,450,-220
4.2117,1937,1890,450,-220
4.2120,1937,1891,450,-212
4.2124,1937,1891,450,-212
4.2129,1937,1891,450,-220
4.2132,1937,1891,450,-220
4.2136,1937,1891,450,-220
4.2140,1937,1892,450,-220
4.2143,1937,1892,450,-220
4.2147,1937,1892,450,-228
4.2151,1937,1892,450,-228
4.2154,1937,1892,450,-228
4.2158,1937,1893,450,-228
4.2162,1937,1893,450,-228
4.2166,1937,1893,450,-228
4.2170,1937,1894,450,-228
4.2174,1937,1894,450,-228
4.2177,1937,1894,450,-236
4.2181,1937,1894,450,-236
4.2185,1937,1894,450,-236
4.2189,1937,1895,450,-236
4.2192,1937,1895,450,-236
4.2196,1937,1895,450,-236
4.2200,1937,1896,450,-236
4.2203,1949,1896,450,-236
4.2210,1949,1897,450,-228
4.2214,1949,1897,450,-228
4.2217,1949,1897,600,-236
4.2221,1949,1897,600,-236
4.2225,1949,1897,600,-236
4.2229,1949,1898,600,-236
4.2233,1949,1898,600,-236
4.2237,1949,1899,600,-236
4.2241,1949,1899,600,-236
4.2245,1949,1899,600,-236
4.2248,1949,1899,600,-244
4.2252,1949,1899,600,-244
4.2256,1949,1899,600,-244
4.2260,1949,1900,600,-240
4.2263,1949,1900,600,-240
4.2267,1949,1900,600,-248
4.2271,1949,1900,600,-248
4.2274,1949,1900,600,-248
4.2278,1949,1901,600,-248
4.2281,1949,1901,600,-248
4.2285,1949,1901,600,-248
4.2289,1949,1901,600,-256
4.2292,1949,1901,600,-256
4.2296,1949,1902,600,-256
4.2300,1949,1902,600,-256
4.2303,1962,1903,600,-256
4.2310,1962,1903,600,-256
4.2314,1962,1903,600,-256
4.2317,1962,1904,600,-256
4.2321,1962,1904,600,-256
4.2325,1962,1904,600,-256
4.2328,1962,1905,600,-256
4.2332,1962,1905,600,-256
4.2336,1962,1905,600,-256
4.2339,1962,1905,600,-264
4.2343,1962,1905,600,-264
4.2347,1962,1906,600,-264
4.2350,1962,1906,600,-264
4.2354,1962,1906,600,-264
4.2357,1962,1907,600,-264
4.2361,1962,1907,600,-264
4.2365,1962,1907,600,-264
4.2369,1962,1907,600,-272
4.2372,1962,1907,600,-272
4.2376,1962,1908,600,-280
4.2381,1962,1908,600,-280
4.2384,1962,1908,600,-280
4.2388,1962,1909,600,-280
4.2391,1962,1909,600,-280
4.2395,1962,1909,600,-280
4.2399,1962,1910,600,-280
4.2402,1976,1910,600,-280
4.2409,1976,1911,600,-280
4.2412,1976,1911,600,-280
4.2416,1976,1912,750,-280
4.2420,1976,1912,750,-280
4.2423,1976,1912,750,-280
4.2427,1976,1912,750,-288
4.2431,1976,1912,750,-288
4.2434,1976,1912,750,-288
4.2438,1976,1913,750,-288
4.2441,1976,1913,750,-288
4.2445,1976,1913,750,-288
4.2448,1976,1914,750,-288
4.2452,1976,1914,750,-288
4.2456,1976,1915,750,-296
4.2459,1976,1915,750,-296
4.2463,1976,1915,750,-296
4.2467,1976,1916,750,-296
4.2470,1976,1916,750,-296
4.2474,1976,1916,750,-296
4.2478,1976,1917,750,-296
4.2483,1976,1917,750,-296
4.2487,1976,1917,750,-312
4.2491,1976,1917,750,-312
4.2495,1976,1917,750,-312
4.2498,1976,1918,750,-312
4.2502,1990,1919,750,-312
4.2510,1990,1919,750,-312
4.2513,1990,1919,750,-312
4.2517,1990,1920,750,-312
4.2521,1990,1920,750,-312
4.2525,1990,1920,750,-312
4.2529,1990,1921,750,-312
4.2532,1990,1921,750,-312
4.2536,1990,1922,750,-312
4.2540,1990,1922,750,-312
4.2543,1990,1922,750,-312
4.2547,1990,1923,750,-312
4.2551,1990,1923,750,-312
4.2554,1990,1923,750,-312
4.2558,1990,1924,750,-312
4.2561,1990,1924,750,-312
4.2566,1990,1924,750,-328
4.2570,1990,1924,750,-328
4.2574,1990,1924,750,-328
4.2578,1990,1925,750,-328
4.2581,1990,1925,750,-328
4.2585,1990,1926,750,-328
4.2590,1990,1926,750,-328
4.2594,1990,1926,750,-328
4.2598,1990,1927,750,-328
4.2602,2004,1928,750,-328
4.2610,2004,1928,750,-328
4.2614,2004,1928,750,-328
4.2618,2004,1929,850,-336
4.2622,2004,1929,850,-336
4.2625,2004,1930,850,-336
4.2629,2004,1930,850,-336
4.2633,2004,1930,850,-336
4.2638,2004,1931,850,-336
4.2642,2004,1931,850,-336
4.2645,2004,1932,850,-336
4.2649,2004,1932,850,-336
4.2653,2004,1932,850,-336
4.2657,2004,1933,850,-344
4.2661,2004,1933,850,-344
4.2665,2004,1934,850,-344
4.2670,2004,1934,850,-344
4.2674,2004,1934,850,-344
4.2677,2004,1935,850,-344
4.2681,2004,1935,850,-344
4.2685,2004,1936,850,-344
4.2689,2004,1936,850,-344
4.2692,2004,1936,850,-344
4.2696,2004,1937,850,-352
4.2700,2019,1937,850,-352
4.2707,2019,1938,850,-352
4.2711,2019,1938,850,-352
4.2714,2019,1939,850,-352
4.2718,2019,1939,850,-352
4.2722,2019,1939,850,-352
4.2726,2019,1940,850,-352
4.2730,2019,1940,850,-352
4.2733,2019,1940,850,-352
4.2737,2019,1941,850,-352
4.2740,2019,1941,850,-352
4.2744,2019,1941,850,-352
4.2748,2019,1942,850,-360
4.2751,2019,1942,850,-360
4.2755,2019,1943,850,-360
4.2759,2019,1943,850,-360
4.2763,2019,1943,850,-360
4.2766,2019,1945,850,-352
4.2770,2019,1945,850,-352
4.2774,2019,1945,850,-352
4.2778,2019,1946,850,-360
4.2781,2019,1946,850,-360
4.2785,2019,1947,850,-360
4.2789,2019,1947,850,-360
4.2792,2019,1947,850,-360
4.2796,2019,1948,850,-360
4.2800,2019,1948,850,-360
4.2804,2034,1949,850,-360
4.2811,2034,1949,850,-360
4.2815,2034,1950,1050,-368
4.2819,2034,1950,1050,-368
4.2823,2034,1950,1050,-368
4.2826,2034,1951,1050,-368
4.2830,2034,1951,1050,-368
4.2834,2034,1952,1050,-368
4.2838,2034,1952,1050,-368
4.2841,2034,1952,1050,-368
4.2845,2034,1953,1050,-368
4.2849,2034,1953,1050,-368
4.2852,2034,1953,1050,-368
4.2857,2034,1954,1050,-368
4.2861,2034,1954,1050,-368
4.2864,2034,1956,1050,-360
4.2868,2034,1956,1050,-360
4.2872,2034,1956,1050,-360
4.2876,2034,1957,1050,-360
4.2880,2034,1957,1050,-360
4.2884,2034,1958,1050,-368
4.2888,2034,1958,1050,-368
4.2891,2034,1958,1050,-368
4.2895,2034,1959,1050,-368
4.2899,2034,1959,1050,-368
4.2902,2049,1961,1050,-360
4.2909,2049,1961,1050,-360
4.2913,2049,1961,1050,-360
4.2917,2049,1962,1050,-368
4.2920,2049,1962,1050,-368
4.2924,2049,1963,1050,-368
4.2928,2049,1963,1050,-368
4.2932,2049,1963,1050,-368
4.2937,2049,1964,1050,-368
4.2941,2049,1964,1050,-368
4.2945,2049,1965,1050,-376
4.2949,2049,1965,1050,-376
4.2952,2049,1965,1050,-376
4.2956,2049,1966,1050,-376
4.2960,2049,1966,1050,-376
4.2963,2049,1968,1050,-376
4.2967,2049,1968,1050,-376
4.2971,2049,1968,1050,-376
4.2975,2049,1969,1050,-376
4.2979,2049,1969,1050,-376
4.2982,2049,1969,1050,-376
4.2986,2049,1970,1050,-376
4.2990,2049,1970,1050,-376
4.2993,2049,1971,1050,-384
4.2997,2049,1971,1050,-384
4.3000,2063,1972,1050,-384
4.3007,2063,1972,1050,-384
4.3011,2063,1972,1050,-384
4.3014,2063,1973,1150,-384
4.3018,2063,1973,1150,-384
4.3022,2063,1973,1150,-384
4.3026,2063,1975,1150,-384
4.3030,2063,1975,1150,-384
4.3033,2063,1976,1150,-384
4.3037,2063,1976,1150,-384
4.3040,2063,1976,1150,-384
4.3044,2063,1977,1150,-384
4.3047,2063,1977,1150,-384
4.3051,2063,1977,1150,-384
4.3055,2063,1978,1150,-388
4.3059,2063,1978,1150,-388
4.3063,2063,1978,1150,-388
4.3066,2063,1980,1150,-380
4.3070,2063,1980,1150,-380
4.3074,2063,1981,1150,-388
4.3077,2063,1981,1150,-388
4.3081,2063,1981,1150,-388
4.3084,2063,1982,1150,-388
4.3088,2063,1982,1150,-388
4.3092,2063,1982,1150,-388
4.3096,2063,1984,1150,-380
4.3100,2063,1984,1150,-380
4.3104,2079,1985,1150,-388
4.3111,2079,1985,1150,-388
4.3115,2079,1986,1150,-388
4.3119,2079,1986,1150,-388
4.3122,2079,1987,1150,-396
4.3126,2079,1987,1150,-396
4.3130,2079,1987,1150,-396
4.3133,2079,1989,1150,-388
4.3137,2079,1989,1150,-388
4.3141,2079,1989,1150,-388
4.3144,2079,1990,1150,-388
4.3148,2079,1990,1150,-388
4.3151,2079,1990,1150,-388
4.3155,2079,1991,1150,-396
4.3159,2079,1991,1150,-396
4.3162,2079,1992,1150,-396
4.3166,2079,1992,1150,-396
4.3170,2079,1992,1150,-396
4.3174,2079,1994,1150,-396
4.3178,2079,1994,1150,-396
4.3183,2079,1995,1150,-396
4.3187,2079,1995,1150,-396
4.3191,2079,1995,1150,-396
4.3195,2079,1996,1150,-404
4.3199,2079,1996,1150,-404
4.3203,2093,1998,1150,-396
4.3211,2093,1998,1150,-396
4.3215,2093,1999,1300,-396
4.3219,2093,1999,1300,-396
4.3223,2093,2000,1300,-404
4.3227,2093,2000,1300,-404
4.3232,2093,2001,1300,-404
4.3236,2093,2001,1300,-404
4.3240,2093,2001,1300,-404
4.3249,2093,2003,1300,-404
4.3254,2093,2004,1300,-400
4.3258,2093,2004,1300,-400
4.3263,2093,2006,1300,-392
4.3267,2093,2006,1300,-392
4.3271,2093,2006,1300,-392
4.3274,2093,2007,1300,-400
4.3278,2093,2007,1300,-400
4.3282,2093,2008,1300,-400
4.3286,2093,2008,1300,-400
4.3290,2093,2008,1300,-400
4.3294,2093,2010,1300,-400
4.3298,2093,2010,1300,-400
4.3302,2107,2011,1300,-400
4.3309,2107,2011,1300,-400
4.3313,2107,2012,1300,-400
4.3316,2107,2012,1300,-400
4.3320,2107,2012,1300,-400
4.3324,2107,2014,1300,-400
4.3327,2107,2014,1300,-400
4.3331,2107,2014,1300,-400
4.3334,2107,2015,1300,-400
4.3338,2107,2015,1300,-400
4.3342,2107,2017,1300,-392
4.3346,2107,2017,1300,-392
4.3350,2107,2017,1300,-392
4.3353,2107,2018,1300,-400
4.3357,2107,2018,1300,-400
4.3361,2107,2018,1300,-400
4.3364,2107,2019,1300,-400
4.3368,2107,2019,1300,-400
4.3371,2107,2020,1300,-408
4.3375,2107,2020,1300,-408
4.3379,2107,2020,1300,-408
4.3382,2107,2022,1300,-400
4.3387,2107,2022,1300,-400
4.3390,2107,2022,1300,-400
4.3394,2107,2023,1300,-408
4.3398,2107,2023,1300,-408
4.3401,2121,2024,1300,-408
4.3408,2121,2024,1300,-408
4.3412,2121,2026,1350,-400
4.3416,2121,2026,1350,-400
4.3420,2121,2026,1350,-400
4.3423,2121,2027,1350,-408
4.3427,2121,2027,1350,-408
4.3431,2121,2027,1350,-408
4.3434,2121,2029,1350,-400
4.3438,2121,2029,1350,-400
4.3442,2121,2030,1350,-408
4.3446,2121,2030,1350,-408
4.3450,2121,2030,1350,-408
4.3453,2121,2031,1350,-404
4.3457,2121,2031,1350,-404
4.3460,2121,2031,1350,-404
4.3464,2121,2033,1350,-404
4.3468,2121,2033,1350,-404
4.3471,2121,2034,1350,-404
4.3475,2121,2034,1350,-404
4.3479,2121,2034,1350,-404
4.3483,2121,2036,1350,-396
4.3487,2121,2036,1350,-396
4.3491,2121,2037,1350,-404
4.3495,2121,2037,1350,-404
4.3499,2121,2037,1350,-404
4.3502,2134,2039,1350,-396
4.3509,2134,2039,1350,-396
4.3513,2134,2040,1350,-396
4.3517,2134,2040,1350,-396
4.3520,2134,2040,1350,-396
4.3524,2134,2042,1350,-396
4.3528,2134,2042,1350,-396
4.3531,2134,2043,1350,-396
4.3535,2134,2043,1350,-396
4.3539,2134,2043,1350,-396
4.3542,2134,2044,1350,-404
4.3546,2134,2044,1350,-404
4.3549,2134,2044,1350,-404
4.3553,2134,2046,1350,-396
4.3557,2134,2046,1350,-396
4.3560,2134,2046,1350,-396
4.3564,2134,2047,1350,-396
4.3567,2134,2047,1350,-396
4.3571,2134,2048,1350,-404
4.3575,2134,2048,1350,-404
4.3579,2134,2048,1350,-404
4.3582,2134,2050,1350,-396
4.3586,2134,2050,1350,-396
4.3590,2134,2050,1350,-396
4.3593,2134,2051,1350,-404
4.3597,2134,2051,1350,-404
4.3601,2146,2053,1350,-396
4.3607,2146,2053,1350,-396
4.3612,2146,2054,1400,-396
4.3616,2146,2054,1400,-396
4.3619,2146,2054,1400,-396
4.3623,2146,2056,1400,-396
4.3627,2146,2056,1400,-396
4.3630,2146,2057,1400,-396
4.3634,2146,2057,1400,-396
4.3638,2146,2057,1400,-396
4.3641,2146,2059,1400,-388
4.3645,2146,2059,1400,-388
4.3649,2146,2059,1400,-388
4.3652,2146,2060,1400,-388
4.3656,2146,2060,1400,-388
4.3660,2146,2060,1400,-388
4.3663,2146,2062,1400,-380
4.3667,2146,2062,1400,-380
4.3671,2146,2063,1400,-388
4.3674,2146,2063,1400,-388
4.3678,2146,2063,1400,-388
4.3681,2146,2064,1400,-388
4.3685,2146,2064,1400,-388
4.3688,2146,2064,1400,-388
4.3692,2146,2066,1400,-380
4.3696,2146,2066,1400,-380
4.3699,2146,2066,1400,-380
4.3703,2158,2067,1400,-388
4.3710,2158,2068,1400,-388
4.3713,2158,2068,1400,-388
4.3717,2158,2068,1400,-388
4.3721,2158,2070,1400,-380
4.3724,2158,2070,1400,-380
4.3728,2158,2070,1400,-380
4.3732,2158,2071,1400,-388
4.3736,2158,2071,1400,-388
4.3740,2158,2073,1400,-380
4.3743,2158,2073,1400,-380
4.3747,2158,2073,1400,-380
4.3751,2158,2074,1400,-388
4.3754,2158,2074,1400,-388
4.3758,2158,2074,1400,-388
4.3762,2158,2076,1400,-380
4.3766,2158,2076,1400,-380
4.3770,2158,2077,1400,-380
4.3773,2158,2077,1400,-380
4.3777,2158,2077,1400,-380
4.3781,2158,2078,1400,-388
4.3784,2158,2078,1400,-388
4.3788,2158,2078,1400,-388
4.3791,2158,2080,1400,-380
4.3795,2158,2080,1400,-380
4.3798,2158,2080,1400,-380
4.3802,2168,2081,1400,-380
4.3809,2168,2083,1450,-380
4.3813,2168,2083,1450,-380
4.3817,2168,2083,1450,-380
4.3820,2168,2084,1450,-380
4.3824,2168,2084,1450,-380
4.3828,2168,2084,1450,-380
4.3831,2168,2085,1450,-380
4.3835,2168,2085,1450,-380
4.3839,2168,2087,1450,-380
4.3843,2168,2087,1450,-380
4.3846,2168,2087,1450,-380
4.3850,2168,2088,1450,-380
4.3854,2168,2088,1450,-380
4.3858,2168,2088,1450,-380
4.3861,2168,2089,1450,-380
4.3865,2168,2089,1450,-380
4.3869,2168,2089,1450,-380
4.3872,2168,2091,1450,-380
4.3876,2168,2091,1450,-380
4.3880,2168,2092,1450,-380
4.3884,2168,2092,1450,-380
4.3887,2168,2092,1450,-380
4.3891,2168,2094,1450,-372
4.3895,2168,2094,1450,-372
4.3899,2168,2095,1450,-372
4.3902,2178,2095,1450,-372
4.3909,2178,2096,1450,-380
4.3914,2178,2096,1450,-380
4.3918,2178,2096,1450,-380
4.3923,2178,2098,1450,-372
4.3927,2178,2098,1450,-372
4.3931,2178,2099,1450,-372
4.3934,2178,2099,1450,-372
4.3938,2178,2099,1450,-372
4.3942,2178,2101,1450,-364
4.3946,2178,2101,1450,-364
4.3950,2178,2102,1450,-372
4.3954,2178,2102,1450,-372
4.3958,2178,2102,1450,-372
4.3962,2178,2104,1450,-364
4.3966,2178,2104,1450,-364
4.3970,2178,2105,1450,-364
4.3975,2178,2105,1450,-364
4.3979,2178,2106,1450,-364
4.3983,2178,2106,1450,-364
4.3987,2178,2106,1450,-364
4.3991,2178,2108,1450,-364
4.3995,2178,2108,1450,-364
4.3999,2178,2109,1450,-364
4.4002,2186,2109,1450,-364
4.4009,2186,2110,1350,-364
4.4013,2186,2110,1350,-364
4.4017,2186,2110,1350,-364
4.4021,2186,2112,1350,-356
4.4024,2186,2112,1350,-356
4.4028,2186,2113,1350,-356
4.4032,2186,2113,1350,-356
4.4036,2186,2113,1350,-356
4.4040,2186,2114,1350,-364
4.4043,2186,2114,1350,-364
4.4047,2186,2114,1350,-364
4.4051,2186,2115,1350,-360
4.4054,2186,2115,1350,-360
4.4058,2186,2117,1350,-352
4.4062,2186,2117,1350,-352
4.4066,2186,2117,1350,-352
4.4070,2186,2118,1350,-352
4.4074,2186,2118,1350,-352
4.4077,2186,2118,1350,-352
4.4081,2186,2119,1350,-352
4.4085,2186,2119,1350,-352
4.4089,2186,2121,1350,-344
4.4093,2186,2121,1350,-344
4.4098,2186,2122,1350,-344
4.4101,2194,2122,1350,-344
4.4108,2194,2124,1350,-344
4.4112,2194,2124,1350,-344
4.4116,2194,2124,1350,-344
4.4120,2194,2125,1350,-344
4.4124,2194,2125,1350,-344
4.4128,2194,2126,1350,-344
4.4131,2194,2126,1350,-344
4.4135,2194,2126,1350,-344
4.4139,2194,2128,1350,-336
4.4142,2194,2128,1350,-336
4.4146,2194,2128,1350,-336
4.4150,2194,2129,1350,-336
4.4153,2194,2129,1350,-336
4.4157,2194,2129,1350,-336
4.4160,2194,2130,1350,-336
4.4164,2194,2130,1350,-336
4.4167,2194,2130,1350,-336
4.4171,2194,2132,1350,-328
4.4174,2194,2132,1350,-328
4.4178,2194,2133,1350,-328
4.4183,2194,2133,1350,-328
4.4186,2194,2133,1350,-328
4.4190,2194,2134,1350,-328
4.4194,2194,2134,1350,-328
4.4197,2194,2136,1350,-320
4.4201,2200,2136,1350,-320
4.4208,2200,2137,1350,-320
4.4212,2200,2137,1350,-320
4.4216,2200,2137,1350,-320
4.4220,2200,2138,1350,-320
4.4223,2200,2138,1350,-320
4.4227,2200,2138,1350,-320
4.4231,2200,2140,1350,-312
4.4234,2200,2140,1350,-312
4.4238,2200,2141,1350,-312
4.4242,2200,2141,1350,-312
4.4246,2200,2141,1350,-312
4.4250,2200,2142,1350,-296
4.4254,2200,2142,1350,-296
4.4257,2200,2143,1350,-296
4.4261,2200,2143,1350,-296
4.4265,2200,2143,1350,-296
4.4269,2200,2145,1350,-288
4.4272,2200,2145,1350,-288
4.4276,2200,2145,1350,-288
4.4280,2200,2146,1350,-288
4.4283,2200,2146,1350,-288
4.4287,2200,2147,1350,-288
4.4290,2200,2147,1350,-288
4.4294,2200,2147,1350,-288
4.4298,2200,2149,1350,-280
4.4302,2205,2149,1350,-280
4.4309,2205,2150,1350,-280
4.4313,2205,2150,1350,-280
4.4317,2205,2151,1350,-272
4.4321,2205,2151,1350,-272
4.4325,2205,2151,1350,-272
4.4329,2205,2152,1350,-272
4.4332,2205,2152,1350,-272
4.4336,2205,2152,1350,-272
4.4340,2205,2154,1350,-264
4.4343,2205,2154,1350,-264
4.4347,2205,2155,1350,-264
4.4351,2205,2155,1350,-264
4.4354,2205,2155,1350,-264
4.4358,2205,2156,1350,-264
4.4362,2205,2156,1350,-264
4.4366,2205,2156,1350,-264
4.4370,2205,2157,1350,-264
4.4373,2205,2157,1350,-264
4.4377,2205,2159,1350,-256
4.4381,2205,2159,1350,-256
4.4385,2205,2159,1350,-256
4.4389,2205,2160,1350,-248
4.4393,2205,2160,1350,-248
4.4396,2205,2161,1350,-248
4.4400,2209,2161,1350,-248
4.4407,2209,2162,1250,-248
4.4411,2209,2162,1250,-248
4.4415,2209,2162,1250,-248
4.4419,2209,2163,1250,-248
4.4423,2209,2163,1250,-248
4.4427,2209,2164,1250,-248
4.4436,2209,2165,1250,-240
4.4440,2209,2165,1250,-240
4.4444,2209,2165,1250,-240
4.4448,2209,2166,1250,-236
4.4453,2209,2166,1250,-236
4.4456,2209,2167,1250,-236
4.4460,2209,2167,1250,-236
4.4464,2209,2167,1250,-236
4.4467,2209,2168,1250,-236
4.4471,2209,2168,1250,-236
4.4475,2209,2168,1250,-236
4.4479,2209,2169,1250,-228
4.4482,2209,2169,1250,-228
4.4487,2209,2171,1250,-220
4.4491,2209,2171,1250,-220
4.4495,2209,2171,1250,-220
4.4499,2209,2172,1250,-220
4.4502,2211,2172,1250,-220
4.4509,2211,2173,1250,-212
4.4513,2211,2173,1250,-212
4.4517,2211,2174,1250,-212
4.4520,2211,2174,1250,-212
4.4526,2211,2175,1250,-212
4.4530,2211,2175,1250,-212
4.4534,2211,2175,1250,-212
4.4538,2211,2176,1250,-204
4.4541,2211,2176,1250,-204
4.4545,2211,2176,1250,-204
4.4549,2211,2177,1250,-204
4.4553,2211,2177,1250,-204
4.4556,2211,2178,1250,-196
4.4560,2211,2178,1250,-196
4.4564,2211,2178,1250,-196
4.4568,2211,2179,1250,-196
4.4571,2211,2179,1250,-196
4.4575,2211,2180,1250,-188
4.4579,2211,2180,1250,-188
4.4583,2211,2180,1250,-188
4.4587,2211,2181,1250,-188
4.4590,2211,2181,1250,-188
4.4595,2211,2181,1250,-188
4.4599,2211,2182,1250,-180
4.4602,2213,2183,1050,-180
4.4609,2213,2183,1050,-180
4.4613,2213,2183,1050,-180
4.4617,2213,2184,1050,-172
4.4621,2213,2184,1050,-172
4.4625,2213,2185,1050,-172
4.4629,2213,2185,1050,-172
4.4633,2213,2185,1050,-172
4.4637,2213,2186,1050,-164
4.4641,2213,2186,1050,-164
4.4645,2213,2187,1050,-156
4.4649,2213,2187,1050,-156
4.4653,2213,2187,1050,-156
4.4657,2213,2188,1050,-148
4.4661,2213,2188,1050,-148
4.4665,2213,2189,1050,-140
4.4669,2213,2189,1050,-140
4.4673,2213,2189,1050,-140
4.4676,2213,2189,1050,-148
4.4680,2213,2189,1050,-148
4.4683,2213,2189,1050,-148
4.4687,2213,2190,1050,-140
4.4691,2213,2190,1050,-140
4.4695,2213,2191,1050,-132
4.4699,2213,2191,1050,-132
4.4702,2212,2192,1050,-132
4.4709,2212,2192,1050,-132
4.4713,2212,2192,1050,-132
4.4717,2212,2193,1050,-124
4.4720,2212,2193,1050,-124
4.4724,2212,2193,1050,-124
4.4728,2212,2194,1050,-116
4.4731,2212,2194,1050,-116
4.4735,2212,2195,1050,-108
4.4739,2212,2195,1050,-108
4.4742,2212,2195,1050,-108
4.4746,2212,2196,1050,-108
4.4750,2212,2196,1050,-108
4.4753,2212,2196,1050,-108
4.4757,2212,2196,1050,-108
4.4761,2212,2196,1050,-108
4.4764,2212,2196,1050,-108
4.4768,2212,2197,1050,-100
4.4772,2212,2197,1050,-100
4.4776,2212,2198,1050,-92
4.4780,2212,2198,1050,-92
4.4783,2212,2198,1050,-92
4.4788,2212,2198,1050,-92
4.4791,2212,2198,1050,-92
4.4795,2212,2199,1050,-84
4.4799,2212,2199,1050,-84
4.4802,2211,2200,850,-76
4.4809,2211,2200,850,-76
4.4813,2211,2200,850,-76
4.4817,2211,2201,850,-68
4.4820,2211,2201,850,-68
4.4824,2211,2201,850,-68
4.4827,2211,2201,850,-68
4.4831,2211,2201,850,-68
4.4835,2211,2202,850,-60
4.4839,2211,2202,850,-60
4.4842,2211,2202,850,-60
4.4846,2211,2203,850,-36
4.4850,2211,2203,850,-36
4.4853,2211,2203,850,-36
4.4857,2211,2203,850,-28
4.4861,2211,2203,850,-28
4.4864,2211,2204,850,-20
4.4868,2211,2204,850,-20
4.4872,2211,2204,850,-20
4.4876,2211,2204,850,-20
4.4879,2211,2204,850,-20
4.4883,2211,2204,850,-20
4.4887,2211,2205,850,20
4.4891,2211,2205,850,20
4.4895,2211,2206,850,36
4.4899,2211,2206,850,36
4.4902,2208,2206,850,36
4.4909,2208,2206,850,36
4.4913,2208,2206,850,36
4.4916,2208,2207,850,44
4.4920,2208,2207,850,44
4.4924,2208,2207,850,44
4.4927,2208,2207,850,44
4.4930,2208,2207,850,44
4.4934,2208,2207,850,44
4.4937,2208,2207,850,52
4.4941,2208,2207,850,52
4.4945,2208,2208,850,60
4.4949,2208,2208,850,60
4.4953,2208,2208,850,60
4.4956,2208,2208,850,68
4.4960,2208,2208,850,68
4.4963,2208,2208,850,68
4.4967,2208,2209,850,68
4.4971,2208,2209,850,68
4.4974,2208,2209,850,68
4.4978,2208,2209,850,68
4.4981,2208,2209,850,68
4.4985,2208,2209,850,68
4.4989,2208,2209,850,68
4.4992,2208,2209,850,68
4.4996,2208,2210,850,76
4.5000,2208,2210,850,76
4.5003,2204,2210,500,76
4.5010,2204,2210,500,76
4.5014,2204,2210,500,76
4.5017,2204,2210,500,76
4.5021,2204,2210,500,76
4.5025,2204,2210,500,84
4.5030,2204,2210,500,84
4.5033,2204,2211,500,92
4.5037,2204,2211,500,92
4.5041,2204,2211,500,92
4.5044,2204,2211,500,88
4.5048,2204,2211,500,88
4.5052,2204,2211,500,88
4.5056,2204,2211,500,96
4.5060,2204,2211,500,96
4.5063,2204,2211,500,96
4.5067,2204,2211,500,96
4.5070,2204,2211,500,96
4.5074,2204,2211,500,96
4.5078,2204,2211,500,96
4.5082,2204,2211,500,96
4.5086,2204,2211,500,104
4.5090,2204,2211,500,104
4.5093,2204,2211,500,104
4.5097,2204,2211,500,104
4.5101,2199,2211,500,104
4.5108,2199,2211,500,104
4.5112,2199,2211,500,104
4.5116,2199,2211,500,112
4.5120,2199,2211,500,112
4.5123,2199,2211,500,112
4.5127,2199,2211,500,112
4.5131,2199,2211,500,112
4.5136,2199,2211,500,120
4.5139,2199,2211,500,120
4.5143,2199,2211,500,120
4.5147,2199,2211,500,120
4.5151,2199,2211,500,120
4.5154,2199,2211,500,120
4.5158,2199,2211,500,120
4.5161,2199,2211,500,120
4.5165,2199,2211,500,128
4.5169,2199,2211,500,128
4.5173,2199,2211,500,128
4.5176,2199,2211,500,128
4.5180,2199,2211,500,128
4.5184,2199,2211,500,136
4.5187,2199,2211,500,136
4.5191,2199,2211,500,136
4.5195,2199,2211,500,136
4.5199,2199,2211,500,136
4.5202,2192,2211,50,136
4.5209,2192,2211,50,136
4.5213,2192,2211,50,144
4.5217,2192,2211,50,144
4.5221,2192,2211,50,144
4.5225,2192,2211,50,144
4.5229,2192,2211,50,144
4.5232,2192,2211,50,152
4.5236,2192,2211,50,152
4.5240,2192,2211,50,152
4.5243,2192,2211,50,136
4.5247,2192,2211,50,136
4.5251,2192,2211,50,136
4.5255,2192,2211,50,144
4.5260,2192,2211,50,144
4.5264,2192,2211,50,144
4.5267,2192,2211,50,144
4.5271,2192,2211,50,144
4.5275,2192,2211,50,152
4.5279,2192,2211,50,152
4.5283,2192,2211,50,152
4.5286,2192,2211,50,152
4.5290,2192,2211,50,152
4.5294,2192,2211,50,160
4.5299,2192,2211,50,160
4.5302,2185,2211,50,160
4.5309,2185,2211,50,160
4.5313,2185,2211,50,168
4.5317,2185,2211,50,168
4.5320,2185,2211,50,168
4.5324,2185,2211,50,168
4.5328,2185,2211,50,168
4.5332,2185,2211,50,176
4.5336,2185,2211,50,176
4.5340,2185,2211,50,176
4.5344,2185,2210,50,168
4.5347,2185,2210,50,168
4.5351,2185,2210,50,168
4.5355,2185,2210,50,176
4.5359,2185,2210,50,176
4.5362,2185,2209,50,176
4.5366,2185,2209,50,176
4.5370,2185,2209,50,176
4.5374,2185,2209,50,176
4.5378,2185,2209,50,176
4.5381,2185,2209,50,176
4.5385,2185,2209,50,184
4.5389,2185,2209,50,184
4.5392,2185,2208,50,184
4.5396,2185,2208,50,184
4.5400,2176,2208,-150,184
4.5407,2176,2208,-150,184
4.5411,2176,2208,-150,184
4.5415,2176,2207,-150,184
4.5419,2176,2207,-150,184
4.5423,2176,2207,-150,184
4.5427,2176,2207,-150,184
4.5431,2176,2207,-150,184
4.5435,2176,2207,-150,192
4.5438,2176,2207,-150,192
4.5442,2176,2206,-150,188
4.5446,2176,2206,-150,188
4.5450,2176,2206,-150,188
4.5453,2176,2205,-150,180
4.5457,2176,2205,-150,180
4.5460,2176,2205,-150,180
4.5464,2176,2205,-150,188
4.5468,2176,2205,-150,188
4.5472,2176,2205,-150,196
4.5476,2176,2205,-150,196
4.5480,2176,2205,-150,196
4.5483,2176,2204,-150,188
4.5487,2176,2204,-150,188
4.5491,2176,2204,-150,196
4.5495,2176,2204,-150,196
4.5498,2176,2204,-150,196
4.5502,2166,2203,-150,196
4.5510,2166,2203,-150,196
4.5513,2166,2203,-150,204
4.5517,2166,2203,-150,204
4.5521,2166,2202,-150,196
4.5525,2166,2202,-150,196
4.5529,2166,2202,-150,196
4.5532,2166,2202,-150,204
4.5536,2166,2202,-150,204
4.5539,2166,2202,-150,204
4.5543,2166,2201,-150,204
4.5547,2166,2201,-150,204
4.5550,2166,2201,-150,204
4.5554,2166,2201,-150,212
4.5557,2166,2201,-150,212
4.5561,2166,2200,-150,204
4.5565,2166,2200,-150,204
4.5568,2166,2200,-150,204
4.5572,2166,2200,-150,212
4.5576,2166,2200,-150,212
4.5579,2166,2200,-150,212
4.5583,2166,2199,-150,212
4.5587,2166,2199,-150,212
4.5590,2166,2199,-150,212
4.5594,2166,2199,-150,220
4.5598,2166,2199,-150,220
4.5601,2156,2198,-500,220
4.5608,2156,2198,-500,220
4.5612,2156,2197,-500,212
4.5616,2156,2197,-500,212
4.5619,2156,2197,-500,212
4.5623,2156,2197,-500,220
4.5627,2156,2197,-500,220
4.5631,2156,2196,-500,220
4.5635,2156,2196,-500,220
4.5639,2156,2196,-500,220
4.5643,2156,2196,-500,220
4.5646,2156,2196,-500,220
4.5650,2156,2196,-500,220
4.5653,2156,2195,-500,220
4.5657,2156,2195,-500,220
4.5660,2156,2195,-500,220
4.5664,2156,2194,-500,220
4.5667,2156,2194,-500,220
4.5671,2156,2194,-500,228
4.5675,2156,2194,-500,228
4.5679,2156,2194,-500,228
4.5683,2156,2193,-500,220
4.5687,2156,2193,-500,220
4.5691,2156,2193,-500,228
4.5694,2156,2193,-500,228
4.5698,2156,2193,-500,228
4.5701,2144,2192,-500,228
4.5709,2144,2192,-500,228
4.5713,2144,2191,-500,228
4.5717,2144,2191,-500,228
4.5720,2144,2191,-500,236
4.5724,2144,2191,-500,236
4.5727,2144,2191,-500,236
4.5731,2144,2190,-500,236
4.5735,2144,2190,-500,236
4.5739,2144,2190,-500,236
4.5742,2144,2190,-500,244
4.5746,2144,2190,-500,244
4.5750,2144,2189,-500,236
4.5754,2144,2189,-500,236
4.5757,2144,2189,-500,236
4.5761,2144,2188,-500,236
4.5765,2144,2188,-500,236
4.5769,2144,2188,-500,236
4.5773,2144,2188,-500,244
4.5777,2144,2188,-500,244
4.5780,2144,2187,-500,244
4.5784,2144,2187,-500,244
4.5787,2144,2187,-500,244
4.5791,2144,2186,-500,244
4.5795,2144,2186,-500,244
4.5799,2144,2186,-500,244
4.5802,2131,2185,-650,244
4.5809,2131,2185,-650,244
4.5813,2131,2185,-650,252
4.5816,2131,2185,-650,252
4.5820,2131,2184,-650,252
4.5824,2131,2184,-650,252
4.5828,2131,2184,-650,252
4.5832,2131,2184,-650,260
4.5836,2131,2184,-650,260
4.5840,2131,2183,-650,260
4.5844,2131,2183,-650,260
4.5848,2131,2183,-650,260
4.5852,2131,2182,-650,260
4.5856,2131,2182,-650,260
4.5860,2131,2181,-650,260
4.5864,2131,2181,-650,260
4.5867,2131,2181,-650,260
4.5871,2131,2180,-650,260
4.5875,2131,2180,-650,260
4.5879,2131,2180,-650,260
4.5883,2131,2179,-650,260
4.5886,2131,2179,-650,260
4.5890,2131,2179,-650,268
4.5893,2131,2179,-650,268
4.5897,2131,2179,-650,268
4.5901,2118,2178,-650,268
4.5907,2118,2178,-650,268
4.5911,2118,2177,-650,268
4.5915,2118,2177,-650,268
4.5918,2118,2177,-650,268
4.5922,2118,2176,-650,268
4.5926,2118,2176,-650,268
4.5930,2118,2176,-650,276
4.5933,2118,2176,-650,276
4.5937,2118,2176,-650,276
4.5940,2118,2175,-650,276
4.5944,2118,2175,-650,276
4.5948,2118,2175,-650,276
4.5951,2118,2174,-650,276
4.5955,2118,2174,-650,276
4.5959,2118,2174,-650,276
4.5962,2118,2173,-650,284
4.5966,2118,2173,-650,284
4.5969,2118,2172,-650,284
4.5973,2118,2172,-650,284
4.5977,2118,2172,-650,284
4.5980,2118,2172,-650,292
4.5984,2118,2172,-650,292
4.5987,2118,2172,-650,292
4.5991,2118,2171,-650,292
4.5995,2118,2171,-650,292
4.5999,2118,2171,-650,292
4.6002,2105,2170,-750,292
4.6009,2105,2169,-750,292
4.6013,2105,2169,-750,292
4.6016,2105,2169,-750,292
4.6020,2105,2168,-750,292
4.6024,2105,2168,-750,292
4.6027,2105,2168,-750,292
4.6031,2105,2168,-750,300
4.6035,2105,2168,-750,300
4.6039,2105,2167,-750,300
4.6042,2105,2167,-750,300
4.6046,2105,2167,-750,300
4.6050,2105,2166,-750,300
4.6054,2105,2166,-750,300
4.6058,2105,2166,-750,300
4.6061,2105,2165,-750,300
4.6065,2105,2165,-750,300
4.6069,2105,2164,-750,308
4.6073,2105,2164,-750,308
4.6076,2105,2164,-750,308
4.6080,2105,2163,-750,308
4.6084,2105,2163,-750,308
4.6088,2105,2163,-750,308
4.6091,2105,2162,-750,308
4.6095,2105,2162,-750,308
4.6099,2105,2161,-750,308
4.6102,2090,2161,-750,308
4.6109,2090,2160,-750,308
4.6113,2090,2160,-750,308
4.6116,2090,2160,-750,308
4.6120,2090,2159,-750,308
4.6124,2090,2159,-750,308
4.6127,2090,2159,-750,308
4.6131,2090,2158,-750,308
4.6135,2090,2158,-750,308
4.6138,2090,2158,-750,316
4.6142,2090,2158,-750,316
4.6146,2090,2158,-750,316
4.6150,2090,2157,-750,324
4.6153,2090,2157,-750,324
4.6157,2090,2157,-750,324
4.6161,2090,2156,-750,324
4.6165,2090,2156,-750,324
4.6169,2090,2155,-750,324
4.6172,2090,2155,-750,324
4.6176,2090,2155,-750,324
4.6180,2090,2154,-750,324
4.6184,2090,2154,-750,324
4.6187,2090,2154,-750,324
4.6191,2090,2153,-750,324
4.6195,2090,2153,-750,324
4.6199,2090,2152,-900,332
4.6202,2076,2152,-900,332
4.6209,2076,2151,-900,332
4.6213,2076,2151,-900,332
4.6216,2076,2151,-900,332
4.6220,2076,2150,-900,332
4.6224,2076,2150,-900,332
4.6227,2076,2150,-900,332
4.6231,2076,2149,-900,332
4.6235,2076,2149,-900,332
4.6239,2076,2148,-900,328
4.6242,2076,2148,-900,328
4.6246,2076,2148,-900,328
4.6250,2076,2147,-900,336
4.6253,2076,2147,-900,336
4.6257,2076,2147,-900,336
4.6261,2076,2146,-900,336
4.6264,2076,2146,-900,336
4.6268,2076,2145,-900,336
4.6272,2076,2145,-900,336
4.6276,2076,2145,-900,336
4.6280,2076,2144,-900,336
4.6283,2076,2144,-900,336
4.6287,2076,2144,-900,336
4.6290,2076,2143,-900,344
4.6294,2076,2143,-900,344
4.6298,2076,2142,-900,344
4.6302,2061,2142,-900,344
4.6309,2061,2140,-900,336
4.6313,2061,2140,-900,336
4.6316,2061,2140,-900,336
4.6320,2061,2139,-900,336
4.6324,2061,2139,-900,336
4.6327,2061,2138,-900,336
4.6331,2061,2138,-900,336
4.6335,2061,2138,-900,336
4.6339,2061,2137,-900,344
4.6342,2061,2137,-900,344
4.6346,2061,2137,-900,344
4.6350,2061,2136,-900,344
4.6353,2061,2136,-900,344
4.6357,2061,2135,-900,344
4.6361,2061,2135,-900,344
4.6365,2061,2135,-900,344
4.6369,2061,2134,-900,352
4.6372,2061,2134,-900,352
4.6376,2061,2134,-900,352
4.6380,2061,2133,-900,352
4.6383,2061,2133,-900,352
4.6387,2061,2132,-900,352
4.6391,2061,2132,-900,352
4.6394,2061,2132,-900,352
4.6398,2061,2131,-1050,360
4.6403,2046,2131,-1050,360
4.6409,2046,2130,-1050,360
4.6413,2046,2130,-1050,360
4.6416,2046,2130,-1050,360
4.6420,2046,2128,-1050,352
4.6424,2046,2128,-1050,352
4.6427,2046,2127,-1050,352
4.6431,2046,2127,-1050,352
4.6435,2046,2127,-1050,352
4.6439,2046,2126,-1050,360
4.6443,2046,2126,-1050,360
4.6446,2046,2126,-1050,360
4.6450,2046,2125,-1050,360
4.6453,2046,2125,-1050,360
4.6457,2046,2124,-1050,360
4.6461,2046,2124,-1050,360
4.6464,2046,2124,-1050,360
4.6468,2046,2123,-1050,368
4.6472,2046,2123,-1050,368
4.6476,2046,2123,-1050,368
4.6480,2046,2122,-1050,368
4.6483,2046,2122,-1050,368
4.6487,2046,2120,-1050,360
4.6491,2046,2120,-1050,360
4.6494,2046,2120,-1050,360
4.6498,2046,2119,-1050,368
4.6502,2031,2119,-1050,368
4.6510,2031,2118,-1050,368
4.6514,2031,2118,-1050,368
4.6518,2031,2117,-1050,368
4.6523,2031,2117,-1050,368
4.6527,2031,2116,-1050,368
4.6531,2031,2116,-1050,368
4.6535,2031,2116,-1050,368
4.6539,2031,2114,-1050,368
4.6544,2031,2114,-1050,368
4.6549,2031,2113,-1050,368
4.6553,2031,2113,-1050,368
4.6558,2031,2112,-1050,376
4.6563,2031,2112,-1050,376
4.6567,2031,2111,-1050,376
4.6571,2031,2111,-1050,376
4.6575,2031,2111,-1050,376
4.6579,2031,2110,-1050,376
4.6583,2031,2110,-1050,376
4.6587,2031,2108,-1050,376
4.6591,2031,2108,-1050,376
4.6595,2031,2108,-1050,376
4.6598,2031,2107,-1200,376
4.6602,2016,2107,-1200,376
4.6609,2016,2106,-1200,376
4.6613,2016,2106,-1200,376
4.6616,2016,2105,-1200,384
4.6620,2016,2105,-1200,384
4.6624,2016,2105,-1200,384
4.6627,2016,2104,-1200,384
4.6631,2016,2104,-1200,384
4.6635,2016,2104,-1200,384
4.6639,2016,2102,-1200,368
4.6642,2016,2102,-1200,368
4.6646,2016,2101,-1200,376
4.6650,2016,2101,-1200,376
4.6654,2016,2101,-1200,376
4.6658,2016,2100,-1200,376
4.6662,2016,2100,-1200,376
4.6666,2016,2099,-1200,384
4.6670,2016,2099,-1200,384
4.6674,2016,2099,-1200,384
4.6677,2016,2097,-1200,376
4.6681,2016,2097,-1200,376
4.6685,2016,2097,-1200,376
4.6689,2016,2096,-1200,376
4.6692,2016,2096,-1200,376
4.6696,2016,2095,-1200,384
4.6700,2016,2095,-1200,384
4.6704,2001,2094,-1200,384
4.6710,2001,2094,-1200,384
4.6714,2001,2094,-1200,384
4.6717,2001,2092,-1200,376
4.6721,2001,2092,-1200,376
4.6725,2001,2092,-1200,376
4.6729,2001,2091,-1200,384
4.6732,2001,2091,-1200,384
4.6736,2001,2090,-1200,384
4.6740,2001,2090,-1200,384
4.6743,2001,2090,-1200,384
4.6747,2001,2088,-1200,384
4.6751,2001,2088,-1200,384
4.6754,2001,2088,-1200,384
4.6758,2001,2087,-1200,384
4.6762,2001,2087,-1200,384
4.6766,2001,2086,-1200,392
4.6769,2001,2086,-1200,392
4.6773,2001,2086,-1200,392
4.6777,2001,2085,-1200,392
4.6780,2001,2085,-1200,392
4.6784,2001,2085,-1200,392
4.6788,2001,2084,-1200,392
4.6791,2001,2084,-1200,392
4.6795,2001,2082,-1250,392
4.6799,2001,2082,-1250,392
4.6802,1987,2081,-1250,392
4.6810,1987,2081,-1250,392
4.6813,1987,2081,-1250,392
4.6817,1987,2079,-1250,392
4.6821,1987,2079,-1250,392
4.6824,1987,2079,-1250,392
4.6828,1987,2078,-1250,392
4.6832,1987,2078,-1250,392
4.6836,1987,2077,-1250,396
4.6840,1987,2077,-1250,396
4.6844,1987,2077,-1250,396
4.6847,1987,2076,-1250,404
4.6851,1987,2076,-1250,404
4.6855,1987,2074,-1250,396
4.6859,1987,2074,-1250,396
4.6862,1987,2074,-1250,396
4.6866,1987,2073,-1250,404
4.6870,1987,2073,-1250,404
4.6873,1987,2073,-1250,404
4.6877,1987,2072,-1250,404
4.6881,1987,2072,-1250,404
4.6884,1987,2072,-1250,404
4.6888,1987,2070,-1250,404
4.6892,1987,2070,-1250,404
4.6896,1987,2069,-1250,404
4.6900,1987,2069,-1250,404
4.6903,1973,2068,-1250,404
4.6910,1973,2068,-1250,404
4.6914,1973,2068,-1250,404
4.6918,1973,2066,-1250,404
4.6921,1973,2066,-1250,404
4.6925,1973,2065,-1250,404
4.6929,1973,2065,-1250,404
4.6932,1973,2065,-1250,404
4.6936,1973,2064,-1250,404
4.6940,1973,2064,-1250,404
4.6944,1973,2064,-1250,404
4.6947,1973,2062,-1250,404
4.6951,1973,2062,-1250,404
4.6955,1973,2061,-1250,404
4.6959,1973,2061,-1250,404
4.6963,1973,2061,-1250,404
4.6967,1973,2059,-1250,404
4.6971,1973,2059,-1250,404
4.6974,1973,2058,-1250,404
4.6978,1973,2058,-1250,404
4.6982,1973,2058,-1250,404
4.6986,1973,2057,-1250,412
4.6990,1973,2057,-1250,412
4.6993,1973,2057,-1250,412
4.6997,1973,2055,-1350,404
4.7001,1960,2054,-1350,404
4.7008,1960,2054,-1350,404
4.7012,1960,2054,-1350,404
4.7016,1960,2053,-1350,412
4.7020,1960,2053,-1350,412
4.7024,1960,2053,-1350,412
4.7027,1960,2051,-1350,404
4.7031,1960,2051,-1350,404
4.7035,1960,2050,-1350,408
4.7038,1960,2050,-1350,408
4.7042,1960,2050,-1350,408
4.7046,1960,2049,-1350,408
4.7050,1960,2049,-1350,408
4.7053,1960,2049,-1350,408
4.7057,1960,2047,-1350,400
4.7060,1960,2047,-1350,400
4.7064,1960,2045,-1350,400
4.7068,1960,2045,-1350,400
4.7071,1960,2045,-1350,400
4.7076,1960,2044,-1350,400
4.7080,1960,2044,-1350,400
4.7084,1960,2042,-1350,400
4.7087,1960,2042,-1350,400
4.7091,1960,2042,-1350,400
4.7096,1960,2041,-1350,400
4.7100,1960,2041,-1350,400
4.7103,1947,2040,-1350,400
4.7110,1947,2040,-1350,400
4.7114,1947,2038,-1350,400
4.7118,1947,2038,-1350,400
4.7122,1947,2038,-1350,400
4.7126,1947,2037,-1350,400
4.7130,1947,2037,-1350,400
4.7135,1947,2035,-1350,400
4.7139,1947,2035,-1350,400
4.7142,1947,2035,-1350,400
4.7147,1947,2034,-1350,400
4.7151,1947,2034,-1350,400
4.7155,1947,2033,-1350,408
4.7159,1947,2033,-1350,408
4.7163,1947,2033,-1350,408
4.7166,1947,2031,-1350,400
4.7170,1947,2031,-1350,400
4.7175,1947,2030,-1350,400
4.7179,1947,2030,-1350,400
4.7183,1947,2030,-1350,400
4.7186,1947,2029,-1350,408
4.7190,1947,2029,-1350,408
4.7194,1947,2027,-1400,400
4.7197,1947,2027,-1400,400
4.7201,1935,2026,-1400,400
4.7208,1935,2026,-1400,400
4.7212,1935,2026,-1400,400
4.7216,1935,2024,-1400,400
4.7220,1935,2024,-1400,400
4.7223,1935,2023,-1400,400
4.7227,1935,2023,-1400,400
4.7231,1935,2023,-1400,400
4.7234,1935,2021,-1400,376
4.7238,1935,2021,-1400,376
4.7242,1935,2021,-1400,376
4.7246,1935,2020,-1400,384
4.7250,1935,2020,-1400,384
4.7253,1935,2019,-1400,384
4.7257,1935,2019,-1400,384
4.7260,1935,2019,-1400,384
4.7264,1935,2017,-1400,376
4.7268,1935,2017,-1400,376
4.7272,1935,2017,-1400,376
4.7276,1935,2015,-1400,376
4.7280,1935,2015,-1400,376
4.7283,1935,2014,-1400,376
4.7287,1935,2014,-1400,376
4.7290,1935,2014,-1400,376
4.7294,1935,2013,-1400,384
4.7297,1935,2013,-1400,384
4.7301,1924,2011,-1400,376
4.7308,1924,2011,-1400,376
4.7312,1924,2010,-1400,376
4.7316,1924,2010,-1400,376
4.7320,1924,2010,-1400,376
4.7323,1924,2008,-1400,368
4.7327,1924,2008,-1400,368
4.7331,1924,2008,-1400,368
4.7334,1924,2007,-1400,376
4.7338,1924,2007,-1400,376
4.7341,1924,2007,-1400,376
4.7345,1924,2006,-1400,376
4.7349,1924,2006,-1400,376
4.7352,1924,2004,-1400,376
4.7356,1924,2004,-1400,376
4.7360,1924,2004,-1400,376
4.7363,1924,2003,-1400,376
4.7367,1924,2003,-1400,376
4.7370,1924,2003,-1400,376
4.7374,1924,2002,-1400,376
4.7378,1924,2002,-1400,376
4.7382,1924,2000,-1400,376
4.7386,1924,2000,-1400,376
4.7390,1924,2000,-1400,376
4.7393,1924,1999,-1400,376
4.7397,1924,1999,-1400,376
4.7401,1913,1997,-1400,368
4.7407,1913,1997,-1400,368
4.7411,1913,1997,-1400,368
4.7414,1913,1996,-1400,368
4.7418,1913,1996,-1400,368
4.7422,1913,1995,-1400,376
4.7426,1913,1995,-1400,376
4.7430,1913,1995,-1400,376
4.7433,1913,1993,-1400,372
4.7437,1913,1993,-1400,372
4.7441,1913,1993,-1400,372
4.7444,1913,1992,-1400,372
4.7448,1913,1992,-1400,372
4.7451,1913,1992,-1400,372
4.7455,1913,1991,-1400,380
4.7458,1913,1991,-1400,380
4.7462,1913,1989,-1400,372
4.7466,1913,1989,-1400,372
4.7470,1913,1989,-1400,372
4.7473,1913,1988,-1400,372
4.7477,1913,1988,-1400,372
4.7480,1913,1988,-1400,372
4.7484,1913,1986,-1400,364
4.7487,1913,1986,-1400,364
4.7491,1913,1986,-1400,364
4.7494,1913,1985,-1400,372
4.7498,1913,1985,-1400,372
4.7501,1904,1984,-1400,372
4.7508,1904,1984,-1400,372
4.7512,1904,1983,-1400,372
4.7516,1904,1983,-1400,372
4.7520,1904,1983,-1400,372
4.7524,1904,1981,-1400,364
4.7528,1904,1981,-1400,364
4.7531,1904,1980,-1400,372
4.7535,1904,1980,-1400,372
4.7539,1904,1980,-1400,372
4.7543,1904,1979,-1400,372
4.7546,1904,1979,-1400,372
4.7550,1904,1979,-1400,372
4.7554,1904,1977,-1400,364
4.7557,1904,1977,-1400,364
4.7561,1904,1976,-1400,364
4.7565,1904,1976,-1400,364
4.7568,1904,1976,-1400,364
4.7573,1904,1974,-1400,356
4.7576,1904,1974,-1400,356
4.7580,1904,1974,-1400,356
4.7584,1904,1973,-1400,364
4.7587,1904,1973,-1400,364
4.7591,1904,1972,-1350,364
4.7595,1904,1972,-1350,364
4.7598,1904,1972,-1350,364
4.7602,1895,1970,-1350,356
4.7609,1895,1970,-1350,356
4.7613,1895,1969,-1350,356
4.7617,1895,1969,-1350,356
4.7620,1895,1969,-1350,356
4.7624,1895,1967,-1350,348
4.7627,1895,1967,-1350,348
4.7631,1895,1966,-1350,340
4.7635,1895,1966,-1350,340
4.7639,1895,1966,-1350,340
4.7643,1895,1965,-1350,340
4.7647,1895,1965,-1350,340
4.7651,1895,1965,-1350,340
4.7654,1895,1964,-1350,348
4.7658,1895,1964,-1350,348
4.7661,1895,1962,-1350,340
4.7665,1895,1962,-1350,340
4.7669,1895,1962,-1350,340
4.7673,1895,1961,-1350,340
4.7677,1895,1961,-1350,340
4.7680,1895,1961,-1350,340
4.7684,1895,1960,-1350,340
4.7687,1895,1960,-1350,340
4.7691,1895,1958,-1350,332
4.7695,1895,1958,-1350,332
4.7698,1895,1958,-1350,332
4.7702,1888,1957,-1350,332
4.7709,1888,1957,-1350,332
4.7712,1888,1955,-1350,324
4.7716,1888,1955,-1350,324
4.7720,1888,1955,-1350,324
4.7723,1888,1954,-1350,324
4.7727,1888,1954,-1350,324
4.7730,1888,1953,-1350,324
4.7734,1888,1953,-1350,324
4.7737,1888,1953,-1350,324
4.7741,1888,1952,-1350,324
4.7745,1888,1952,-1350,324
4.7749,1888,1952,-1350,324
4.7752,1888,1950,-1350,324
4.7756,1888,1950,-1350,324
4.7759,1888,1950,-1350,324
4.7763,1888,1949,-1350,324
4.7766,1888,1949,-1350,324
4.7770,1888,1949,-1350,324
4.7773,1888,1948,-1350,324
4.7777,1888,1948,-1350,324
4.7781,1888,1946,-1350,316
4.7784,1888,1946,-1350,316
4.7788,1888,1946,-1350,316
4.7791,1888,1945,-1350,316
4.7795,1888,1945,-1350,316
4.7798,1888,1945,-1350,316
4.7802,1882,1943,-1350,308
4.7809,1882,1943,-1350,308
4.7813,1882,1942,-1350,308
4.7817,1882,1942,-1350,308
4.7820,1882,1941,-1350,308
4.7824,1882,1941,-1350,308
4.7828,1882,1941,-1350,308
4.7831,1882,1940,-1350,304
4.7835,1882,1940,-1350,304
4.7839,1882,1940,-1350,304
4.7842,1882,1938,-1350,296
4.7846,1882,1938,-1350,296
4.7850,1882,1937,-1350,296
4.7854,1882,1937,-1350,296
4.7857,1882,1937,-1350,296
4.7861,1882,1936,-1350,296
4.7865,1882,1936,-1350,296
4.7869,1882,1936,-1350,296
4.7872,1882,1935,-1350,296
4.7876,1882,1935,-1350,296
4.7880,1882,1934,-1350,296
4.7883,1882,1934,-1350,296
4.7887,1882,1934,-1350,296
4.7890,1882,1933,-1350,288
4.7894,1882,1933,-1350,288
4.7898,1882,1933,-1350,288
4.7901,1878,1931,-1350,280
4.7908,1878,1931,-1350,280
4.7912,1878,1930,-1350,280
4.7916,1878,1930,-1350,280
4.7919,1878,1929,-1350,280
4.7923,1878,1929,-1350,280
4.7927,1878,1929,-1350,280
4.7930,1878,1928,-1350,280
4.7934,1878,1928,-1350,280
4.7938,1878,1928,-1350,280
4.7941,1878,1926,-1350,272
4.7945,1878,1926,-1350,272
4.7949,1878,1926,-1350,272
4.7953,1878,1925,-1350,272
4.7956,1878,1925,-1350,272
4.7960,1878,1924,-1350,264
4.7964,1878,1924,-1350,264
4.7967,1878,1924,-1350,264
4.7971,1878,1923,-1350,264
4.7975,1878,1923,-1350,264
4.7978,1878,1923,-1350,264
4.7982,1878,1922,-1350,264
4.7986,1878,1922,-1350,264
4.7990,1878,1921,-1200,264
4.7993,1878,1921,-1200,264
4.7997,1878,1921,-1200,264
4.8000,1874,1920,-1200,264
4.8008,1874,1920,-1200,264
4.8012,1874,1918,-1200,248
4.8016,1874,1918,-1200,248
4.8019,1874,1917,-1200,248
4.8023,1874,1917,-1200,248
4.8027,1874,1917,-1200,248
4.8030,1874,1916,-1200,236
4.8034,1874,1916,-1200,236
4.8037,1874,1916,-1200,236
4.8041,1874,1915,-1200,236
4.8044,1874,1915,-1200,236
4.8048,1874,1915,-1200,236
4.8051,1874,1914,-1200,228
4.8055,1874,1914,-1200,228
4.8059,1874,1913,-1200,228
4.8063,1874,1913,-1200,228
4.8066,1874,1913,-1200,228
4.8070,1874,1912,-1200,228
4.8074,1874,1912,-1200,228
4.8078,1874,1912,-1200,228
4.8081,1874,1910,-1200,212
4.8085,1874,1910,-1200,212
4.8088,1874,1910,-1200,212
4.8092,1874,1909,-1200,212
4.8096,1874,1909,-1200,212
4.8100,1874,1908,-1200,204
4.8104,1872,1908,-1200,204
4.8110,1872,1907,-1200,204
4.8114,1872,1907,-1200,204
4.8118,1872,1907,-1200,204
4.8121,1872,1906,-1200,204
4.8125,1872,1906,-1200,204
4.8129,1872,1905,-1200,196
4.8133,1872,1905,-1200,196
4.8137,1872,1905,-1200,196
4.8140,1872,1904,-1200,196
4.8144,1872,1904,-1200,196
4.8148,1872,1904,-1200,196
4.8152,1872,1903,-1200,188
4.8156,1872,1903,-1200,188
4.8160,1872,1902,-1200,188
4.8163,1872,1902,-1200,188
4.8167,1872,1902,-1200,188
4.8171,1872,1901,-1200,180
4.8175,1872,1901,-1200,180
4.8179,1872,1900,-1200,180
4.8182,1872,1900,-1200,180
4.8186,1872,1900,-1200,180
4.8190,1872,1899,-1100,172
4.8193,1872,1899,-1100,172
4.8197,1872,1899,-1100,172
4.8201,1871,1898,-1100,172
4.8208,1871,1897,-1100,164
4.8212,1871,1897,-1100,164
4.8216,1871,1897,-1100,164
4.8220,1871,1896,-1100,164
4.8224,1871,1896,-1100,164
4.8227,1871,1896,-1100,164
4.8231,1871,1895,-1100,144
4.8235,1871,1895,-1100,144
4.8239,1871,1895,-1100,144
4.8242,1871,1895,-1100,144
4.8246,1871,1895,-1100,144
4.8250,1871,1894,-1100,144
4.8253,1871,1894,-1100,144
4.8257,1871,1894,-1100,144
4.8260,1871,1893,-1100,136
4.8264,1871,1893,-1100,136
4.8268,1871,1893,-1100,136
4.8271,1871,1892,-1100,128
4.8275,1871,1892,-1100,128
4.8278,1871,1891,-1100,128
4.8283,1871,1891,-1100,128
4.8287,1871,1891,-1100,128
4.8291,1871,1890,-1100,120
4.8294,1871,1890,-1100,120
4.8298,1871,1889,-1100,112
4.8303,1872,1889,-1100,112
4.8310,1872,1889,-1100,112
4.8314,1872,1889,-1100,112
4.8318,1872,1888,-1100,112
4.8322,1872,1888,-1100,112
4.8326,1872,1888,-1100,112
4.8330,1872,1887,-1100,104
4.8333,1872,1887,-1100,104
4.8337,1872,1887,-1100,104
4.8341,1872,1886,-1100,96
4.8344,1872,1886,-1100,96
4.8348,1872,1885,-1100,88
4.8352,1872,1885,-1100,88
4.8356,1872,1885,-1100,88
4.8360,1872,1885,-1100,88
4.8364,1872,1885,-1100,88
4.8367,1872,1884,-1100,80
4.8371,1872,1884,-1100,80
4.8375,1872,1884,-1100,80
4.8379,1872,1884,-1100,80
4.8382,1872,1884,-1100,80
4.8386,1872,1884,-1100,80
4.8390,1872,1883,-800,72
4.8393,1872,1883,-800,72
4.8397,1872,1883,-800,72
4.8401,1874,1882,-800,64
4.8407,1874,1881,-800,56
4.8411,1874,1881,-800,56
4.8415,1874,1881,-800,56
4.8419,1874,1881,-800,56
4.8422,1874,1881,-800,56
4.8426,1874,1881,-800,56
4.8430,1874,1880,-800,28
4.8433,1874,1880,-800,28
4.8437,1874,1880,-800,28
4.8440,1874,1880,-800,28
4.8444,1874,1880,-800,28
4.8448,1874,1879,-800,20
4.8451,1874,1879,-800,20
4.8455,1874,1879,-800,20
4.8459,1874,1878,-800,-20
4.8462,1874,1878,-800,-20
4.8466,1874,1878,-800,-20
4.8469,1874,1878,-800,-28
4.8473,1874,1878,-800,-28
4.8476,1874,1878,-800,-28
4.8480,1874,1877,-800,-36
4.8484,1874,1877,-800,-36
4.8487,1874,1877,-800,-36
4.8491,1874,1877,-800,-36
4.8494,1874,1877,-800,-36
4.8498,1874,1876,-800,-44
4.8501,1877,1876,-800,-44
4.8508,1877,1876,-800,-52
4.8512,1877,1876,-800,-52
4.8516,1877,1876,-800,-52
4.8520,1877,1875,-800,-60
4.8523,1877,1875,-800,-60
4.8527,1877,1875,-800,-60
4.8530,1877,1875,-800,-60
4.8534,1877,1875,-800,-60
4.8538,1877,1874,-800,-68
4.8541,1877,1874,-800,-68
4.8545,1877,1874,-800,-68
4.8549,1877,1874,-800,-68
4.8552,1877,1874,-800,-68
4.8556,1877,1874,-800,-68
4.8560,1877,1874,-800,-68
4.8563,1877,1874,-800,-68
4.8567,1877,1873,-800,-76
4.8571,1877,1873,-800,-76
4.8575,1877,1873,-800,-76
4.8579,1877,1873,-800,-76
4.8583,1877,1873,-800,-76
4.8587,1877,1873,-500,-76
4.8590,1877,1873,-500,-76
4.8594,1877,1873,-500,-76
4.8598,1877,1873,-500,-84
4.8601,1881,1873,-500,-84
4.8608,1881,1872,-500,-92
4.8612,1881,1872,-500,-92
4.8616,1881,1872,-500,-92
4.8619,1881,1872,-500,-92
4.8623,1881,1872,-500,-92
4.8627,1881,1872,-500,-84
4.8630,1881,1872,-500,-84
4.8634,1881,1872,-500,-84
4.8637,1881,1872,-500,-92
4.8641,1881,1872,-500,-92
4.8645,1881,1872,-500,-92
4.8648,1881,1872,-500,-92
4.8652,1881,1872,-500,-92
4.8656,1881,1872,-500,-92
4.8659,1881,1872,-500,-100
4.8663,1881,1872,-500,-100
4.8667,1881,1872,-500,-100
4.8671,1881,1872,-500,-100
4.8676,1881,1872,-500,-100
4.8679,1881,1872,-500,-100
4.8683,1881,1872,-500,-100
4.8686,1881,1872,-500,-108
4.8690,1881,1872,-500,-108
4.8693,1881,1872,-500,-108
4.8697,1881,1872,-500,-108
4.8701,1887,1872,-500,-108
4.8708,1887,1872,-500,-108
4.8712,1887,1872,-500,-108
4.8716,1887,1872,-500,-116
4.8720,1887,1872,-500,-116
4.8723,1887,1872,-500,-116
4.8727,1887,1872,-500,-116
4.8731,1887,1872,-500,-116
4.8734,1887,1872,-500,-116
4.8738,1887,1872,-500,-116
4.8742,1887,1872,-500,-116
4.8746,1887,1872,-500,-124
4.8749,1887,1872,-500,-124
4.8753,1887,1872,-500,-124
4.8758,1887,1872,-500,-124
4.8762,1887,1872,-500,-124
4.8766,1887,1872,-500,-124
4.8769,1887,1872,-500,-124
4.8773,1887,1872,-500,-124
4.8777,1887,1872,-500,-132
4.8781,1887,1872,-500,-132
4.8784,1887,1872,-500,-132
4.8788,1887,1872,-50,-132
4.8791,1887,1872,-50,-132
4.8795,1887,1872,-50,-132
4.8799,1887,1872,-50,-140
4.8802,1894,1872,-50,-140
4.8809,1894,1872,-50,-140
4.8813,1894,1872,-50,-140
4.8817,1894,1872,-50,-148
4.8820,1894,1872,-50,-148
4.8824,1894,1872,-50,-148
4.8827,1894,1872,-50,-136
4.8831,1894,1872,-50,-136
4.8835,1894,1872,-50,-144
4.8839,1894,1872,-50,-144
4.8843,1894,1872,-50,-144
4.8847,1894,1872,-50,-144
4.8850,1894,1872,-50,-144
4.8854,1894,1872,-50,-144
4.8857,1894,1872,-50,-152
4.8861,1894,1872,-50,-152
4.8865,1894,1872,-50,-152
4.8869,1894,1872,-50,-152
4.8872,1894,1872,-50,-152
4.8876,1894,1872,-50,-160
4.8880,1894,1872,-50,-160
4.8883,1894,1872,-50,-160
4.8887,1894,1872,-50,-168
4.8890,1894,1872,-50,-168
4.8894,1894,1872,-50,-168
4.8897,1894,1872,-50,-168
4.8901,1902,1872,-50,-168
4.8907,1902,1872,-50,-176
4.8911,1902,1872,-50,-176
4.8915,1902,1873,-50,-168
4.8918,1902,1873,-50,-168
4.8922,1902,1873,-50,-168
4.8926,1902,1873,-50,-176
4.8929,1902,1873,-50,-176
4.8933,1902,1873,-50,-176
4.8936,1902,1873,-50,-176
4.8940,1902,1873,-50,-176
4.8944,1902,1873,-50,-176
4.8948,1902,1874,-50,-176
4.8951,1902,1874,-50,-176
4.8955,1902,1874,-50,-184
4.8959,1902,1874,-50,-184
4.8962,1902,1874,-50,-184
4.8966,1902,1875,-50,-176
4.8970,1902,1875,-50,-176
4.8973,1902,1875,-50,-176
4.8977,1902,1875,-50,-184
4.8981,1902,1875,-50,-184
4.8984,1902,1875,-50,-184
4.8988,1902,1875,150,-192
4.8991,1902,1875,150,-192
4.8995,1902,1876,150,-184
4.8999,1902,1876,150,-184
4.9003,1911,1876,150,-192
4.9009,1911,1876,150,-192
4.9013,1911,1876,150,-192
4.9017,1911,1877,150,-192
4.9020,1911,1877,150,-192
4.9024,1911,1877,150,-192
4.9027,1911,1877,150,-188
4.9031,1911,1877,150,-188
4.9035,1911,1877,150,-196
4.9039,1911,1877,150,-196
4.9042,1911,1877,150,-196
4.9046,1911,1878,150,-196
4.9049,1911,1878,150,-196
4.9053,1911,1878,150,-196
4.9057,1911,1878,150,-204
4.9060,1911,1878,150,-204
4.9064,1911,1878,150,-204
4.9068,1911,1879,150,-196
4.9071,1911,1879,150,-196
4.9075,1911,1879,150,-204
4.9078,1911,1879,150,-204
4.9082,1911,1879,150,-204
4.9086,1911,1879,150,-212
4.9090,1911,1879,150,-212
4.9094,1911,1880,150,-212
4.9097,1911,1880,150,-212
4.9101,1921,1880,150,-212
4.9108,1921,1880,150,-212
4.9112,1921,1880,150,-212
4.9116,1921,1881,150,-212
4.9119,1921,1881,150,-212
4.9123,1921,1881,150,-212
4.9127,1921,1881,150,-220
4.9130,1921,1881,150,-220
4.9134,1921,1881,150,-220
4.9137,1921,1882,150,-220
4.9141,1921,1882,150,-220
4.9145,1921,1883,150,-212
4.9148,1921,1883,150,-212
4.9152,1921,1883,150,-212
4.9156,1921,1883,150,-220
4.9159,1921,1883,150,-220
4.9163,1921,1883,150,-220
4.9167,1921,1884,150,-220
4.9170,1921,1884,150,-220
4.9174,1921,1884,150,-228
4.9179,1921,1884,150,-228
4.9183,1921,1884,150,-228
4.9186,1921,1885,500,-228
4.9190,1921,1885,500,-228
4.9194,1921,1886,500,-220
4.9197,1921,1886,500,-220
4.9201,1932,1886,500,-228
4.9209,1932,1886,500,-228
4.9212,1932,1886,500,-228
4.9216,1932,1887,500,-228
4.9220,1932,1887,500,-228
4.9223,1932,1887,500,-232
4.9227,1932,1887,500,-232
4.9231,1932,1887,500,-232
4.9234,1932,1888,500,-232
4.9238,1932,1888,500,-232
4.9242,1932,1888,500,-232
4.9246,1932,1889,500,-232
4.9250,1932,1889,500,-232
4.9254,1932,1889,500,-240
4.9258,1932,1889,500,-240
4.9261,1932,1889,500,-240
4.9265,1932,1890,500,-240
4.9268,1932,1890,500,-240
4.9272,1932,1890,500,-240
4.9276,1932,1891,500,-232
4.9279,1932,1891,500,-232
4.9283,1932,1891,500,-240
4.9287,1932,1891,500,-240
4.9291,1932,1891,500,-240
4.9295,1932,1892,500,-240
4.9298,1932,1892,500,-240
4.9302,1944,1892,500,-248
4.9309,1944,1892,500,-248
4.9313,1944,1893,500,-248
4.9316,1944,1893,500,-248
4.9320,1944,1893,500,-248
4.9324,1944,1894,500,-248
4.9327,1944,1894,500,-248
4.9332,1944,1894,500,-248
4.9335,1944,1894,500,-256
4.9339,1944,1894,500,-256
4.9342,1944,1894,500,-256
4.9346,1944,1895,500,-256
4.9350,1944,1895,500,-256
4.9354,1944,1896,500,-256
4.9357,1944,1896,500,-256
4.9361,1944,1896,500,-256
4.9365,1944,1897,500,-256
4.9369,1944,1897,500,-256
4.9372,1944,1897,500,-256
4.9376,1944,1897,500,-264
4.9380,1944,1897,500,-264
4.9383,1944,1898,650,-264
4.9387,1944,1898,650,-264
4.9390,1944,1898,650,-264
4.9394,1944,1899,650,-264
4.9398,1944,1899,650,-264
4.9402,1956,1900,650,-264
4.9409,1956,1900,650,-264
4.9413,1956,1900,650,-264
4.9417,1956,1900,650,-264
4.9420,1956,1900,650,-264
4.9424,1956,1901,650,-256
4.9427,1956,1901,650,-256
4.9431,1956,1901,650,-256
4.9435,1956,1901,650,-264
4.9439,1956,1901,650,-264
4.9443,1956,1902,650,-272
4.9446,1956,1902,650,-272
4.9450,1956,1902,650,-272
4.9453,1956,1903,650,-272
4.9457,1956,1903,650,-272
4.9461,1956,1903,650,-272
4.9465,1956,1904,650,-272
4.9468,1956,1904,650,-272
4.9472,1956,1905,650,-272
4.9476,1956,1905,650,-272
4.9479,1956,1905,650,-272
4.9483,1956,1906,650,-272
4.9487,1956,1906,650,-272
4.9491,1956,1906,650,-272
4.9494,1956,1906,650,-280
4.9499,1956,1906,650,-280
4.9502,1970,1907,650,-280
4.9509,1970,1907,650,-280
4.9513,1970,1908,650,-280
4.9516,1970,1908,650,-280
4.9520,1970,1908,650,-280
4.9524,1970,1909,650,-280
4.9528,1970,1909,650,-280
4.9531,1970,1909,650,-280
4.9535,1970,1910,650,-280
4.9539,1970,1910,650,-280
4.9542,1970,1911,650,-280
4.9546,1970,1911,650,-280
4.9550,1970,1911,650,-280
4.9554,1970,1912,650,-280
4.9557,1970,1912,650,-280
4.9561,1970,1912,650,-280
4.9565,1970,1912,650,-288
4.9568,1970,1912,650,-288
4.9572,1970,1913,650,-288
4.9576,1970,1913,650,-288
4.9579,1970,1913,650,-288
4.9583,1970,1914,800,-288
4.9587,1970,1914,800,-288
4.9590,1970,1914,800,-288
4.9594,1970,1915,800,-296
4.9598,1970,1915,800,-296
4.9601,1983,1915,800,-304
4.9608,1983,1915,800,-304
4.9612,1983,1916,800,-304
4.9616,1983,1916,800,-304
4.9620,1983,1916,800,-304
4.9624,1983,1918,800,-300
4.9627,1983,1918,800,-300
4.9631,1983,1918,800,-300
4.9635,1983,1919,800,-300
4.9639,1983,1919,800,-300
4.9642,1983,1919,800,-308
4.9646,1983,1919,800,-308
4.9650,1983,1919,800,-308
4.9653,1983,1920,800,-308
4.9657,1983,1920,800,-308
4.9661,1983,1920,800,-308
4.9664,1983,1921,800,-308
4.9669,1983,1921,800,-308
4.9672,1983,1922,800,-316
4.9676,1983,1922,800,-316
4.9680,1983,1922,800,-316
4.9683,1983,1923,800,-316
4.9687,1983,1923,800,-316
4.9691,1983,1923,800,-316
4.9694,1983,1924,800,-316
4.9698,1983,1924,800,-316
4.9701,1998,1924,800,-324
4.9708,1998,1924,800,-324
4.9712,1998,1926,800,-316
4.9716,1998,1926,800,-316
4.9719,1998,1926,800,-316
4.9723,1998,1926,800,-324
4.9727,1998,1926,800,-324
4.9731,1998,1926,800,-324
4.9734,1998,1927,800,-324
4.9738,1998,1927,800,-324
4.9742,1998,1928,800,-324
4.9746,1998,1928,800,-324
4.9750,1998,1928,800,-324
4.9753,1998,1929,800,-332
4.9757,1998,1929,800,-332
4.9760,1998,1929,800,-332
4.9764,1998,1930,800,-332
4.9768,1998,1930,800,-332
4.9771,1998,1931,800,-332
4.9775,1998,1931,800,-332
4.9779,1998,1931,800,-332
4.9783,1998,1932,900,-332
4.9786,1998,1932,900,-332
4.9790,1998,1932,900,-332
4.9794,1998,1934,900,-332
4.9797,1998,1934,900,-332
4.9801,2012,1935,900,-332
4.9808,2012,1935,900,-332
4.9812,2012,1935,900,-340
4.9816,2012,1935,900,-340
4.9820,2012,1935,900,-340
4.9823,2012,1936,900,-340
4.9827,2012,1936,900,-340
4.9831,2012,1937,900,-340
4.9834,2012,1937,900,-340
4.9838,2012,1937,900,-340
4.9841,2012,1938,900,-340
4.9845,2012,1938,900,-340
4.9849,2012,1938,900,-340
4.9853,2012,1940,900,-340
4.9857,2012,1940,900,-340
4.9861,2012,1941,900,-340
4.9864,2012,1941,900,-340
4.9868,2012,1941,900,-340
4.9872,2012,1942,900,-340
4.9876,2012,1942,900,-340
4.9880,2012,1942,900,-340
4.9883,2012,1943,900,-348
4.9887,2012,1943,900,-348
4.9890,2012,1944,900,-348
4.9894,2012,1944,900,-348
4.9898,2012,1944,900,-348
4.9903,2027,1945,900,-348
4.9910,2027,1945,900,-348
4.9914,2027,1946,900,-348
4.9917,2027,1946,900,-348
4.9921,2027,1947,900,-348
4.9924,2027,1947,900,-348
4.9928,2027,1947,900,-348
4.9932,2027,1948,900,-356
4.9936,2027,1948,900,-356
4.9940,2027,1948,900,-356
4.9944,2027,1949,900,-356
4.9947,2027,1949,900,-356
4.9951,2027,1950,900,-356
4.9955,2027,1950,900,-356
4.9959,2027,1950,900,-356
4.9962,2027,1951,900,-364
4.9966,2027,1951,900,-364
4.9970,2027,1951,900,-364
4.9973,2027,1952,900,-364
4.9977,2027,1952,900,-364
4.9980,2027,1954,1100,-356
4.9984,2027,1954,1100,-356
4.9988,2027,1954,1100,-356
4.9991,2027,1955,1100,-364
4.9995,2027,1955,1100,-364
4.9998,2027,1955,1100,-364
5.0002,2042,1956,1100,-364
5.0009,2042,1956,1100,-364
5.0013,2042,1957,1100,-364
5.0016,2042,1957,1100,-364
5.0020,2042,1959,1100,-344
5.0023,2042,1959,1100,-344
5.0027,2042,1959,1100,-344
5.0031,2042,1960,1100,-352
5.0034,2042,1960,1100,-352
5.0038,2042,1960,1100,-352
5.0041,2042,1961,1100,-352
5.0045,2042,1961,1100,-352
5.0048,2042,1961,1100,-352
5.0052,2042,1962,1100,-352
5.0056,2042,1962,1100,-352
5.0060,2042,1963,1100,-360
5.0063,2042,1963,1100,-360
5.0067,2042,1963,1100,-360
5.0072,2042,1964,1100,-360
5.0076,2042,1964,1100,-360
5.0080,2042,1965,1100,-368
5.0084,2042,1965,1100,-368
5.0088,2042,1965,1100,-368
5.0093,2042,1967,1100,-360
5.0097,2042,1967,1100,-360
5.0100,2057,1968,1100,-360
5.0107,2057,1968,1100,-360
5.0111,2057,1969,1100,-360
5.0115,2057,1969,1100,-360
5.0119,2057,1970,1100,-368
5.0123,2057,1970,1100,-368
5.0127,2057,1970,1100,-368
5.0130,2057,1971,1100,-368
5.0134,2057,1971,1100,-368
5.0138,2057,1971,1100,-368
5.0142,2057,1972,1100,-376
5.0146,2057,1972,1100,-376
5.0150,2057,1973,1100,-376
5.0154,2057,1973,1100,-376
5.0158,2057,1973,1100,-376
5.0162,2057,1975,1100,-368
5.0166,2057,1975,1100,-368
5.0170,2057,1976,1100,-376
5.0173,2057,1976,1100,-376
5.0177,2057,1976,1100,-376
5.0180,2057,1977,1150,-376
5.0184,2057,1977,1150,-376
5.0188,2057,1977,1150,-376
5.0191,2057,1978,1150,-376
5.0195,2057,1978,1150,-376
5.0198,2057,1978,1150,-376
5.0203,2072,1980,1150,-376
5.0210,2072,1981,1150,-376
5.0214,2072,1981,1150,-376
5.0218,2072,1981,1150,-376
5.0221,2072,1982,1150,-384
5.0225,2072,1982,1150,-384
5.0229,2072,1983,1150,-392
5.0232,2072,1983,1150,-392
5.0236,2072,1983,1150,-392
5.0240,2072,1985,1150,-384
5.0244,2072,1985,1150,-384
5.0248,2072,1985,1150,-384
5.0251,2072,1986,1150,-392
5.0255,2072,1986,1150,-392
5.0258,2072,1987,1150,-392
5.0262,2072,1987,1150,-392
5.0266,2072,1987,1150,-392
5.0270,2072,1988,1150,-392
5.0273,2072,1988,1150,-392
5.0277,2072,1988,1150,-392
5.0280,2072,1990,1150,-392
5.0284,2072,1990,1150,-392
5.0288,2072,1990,1150,-392
5.0291,2072,1991,1150,-392
5.0295,2072,1991,1150,-392
5.0298,2072,1992,1150,-400
5.0302,2087,1992,1150,-400
5.0309,2087,1993,1150,-400
5.0313,2087,1993,1150,-400
5.0317,2087,1993,1150,-400
5.0320,2087,1995,1150,-392
5.0324,2087,1995,1150,-392
5.0327,2087,1995,1150,-392
5.0331,2087,1996,1150,-400
5.0335,2087,1996,1150,-400
5.0339,2087,1997,1150,-400
5.0343,2087,1997,1150,-400
5.0347,2087,1997,1150,-400
5.0350,2087,1998,1150,-408
5.0354,2087,1998,1150,-408
5.0358,2087,1998,1150,-408
5.0361,2087,2000,1150,-400
5.0365,2087,2000,1150,-400
5.0368,2087,2001,1150,-408
5.0372,2087,2001,1150,-408
5.0376,2087,2001,1150,-408
5.0379,2087,2002,1250,-408
5.0383,2087,2002,1250,-408
5.0387,2087,2002,1250,-408
5.0390,2087,2004,1250,-400
5.0394,2087,2004,1250,-400
5.0398,2087,2004,1250,-400
5.0401,2101,2005,1250,-408
5.0409,2101,2006,1250,-408
5.0412,2101,2006,1250,-408
5.0416,2101,2006,1250,-408
5.0420,2101,2008,1250,-392
5.0424,2101,2008,1250,-392
5.0428,2101,2009,1250,-400
5.0432,2101,2009,1250,-400
5.0436,2101,2009,1250,-400
5.0440,2101,2011,1250,-392
5.0444,2101,2011,1250,-392
5.0448,2101,2012,1250,-400
5.0452,2101,2012,1250,-400
5.0456,2101,2012,1250,-400
5.0460,2101,2013,1250,-400
5.0463,2101,2013,1250,-400
5.0467,2101,2013,1250,-400
5.0471,2101,2014,1250,-408
5.0474,2101,2014,1250,-408
5.0478,2101,2016,1250,-400
5.0482,2101,2016,1250,-400
5.0486,2101,2016,1250,-400
5.0490,2101,2017,1250,-400
5.0494,2101,2017,1250,-400
5.0498,2101,2019,1250,-400
5.0502,2115,2019,1250,-400
5.0510,2115,2020,1250,-400
5.0513,2115,2020,1250,-400
5.0517,2115,2021,1250,-400
5.0521,2115,2021,1250,-400
5.0525,2115,2021,1250,-400
5.0529,2115,2022,1250,-408
5.0533,2115,2022,1250,-408
5.0537,2115,2024,1250,-400
5.0542,2115,2024,1250,-400
5.0546,2115,2024,1250,-400
5.0551,2115,2025,1250,-408
5.0555,2115,2025,1250,-408
5.0559,2115,2027,1250,-400
5.0563,2115,2027,1250,-400
5.0567,2115,2028,1250,-400
5.0571,2115,2028,1250,-400
5.0575,2115,2028,1250,-400
5.0579,2115,2029,1350,-408
5.0583,2115,2029,1350,-408
5.0587,2115,2029,1350,-408
5.0591,2115,2031,1350,-400
5.0596,2115,2031,1350,-400
5.0600,2128,2032,1350,-408
5.0608,2128,2033,1350,-408
5.0613,2128,2033,1350,-408
5.0618,2128,2035,1350,-396
5.0623,2128,2035,1350,-396
5.0627,2128,2036,1350,-404
5.0631,2128,2036,1350,-404
5.0635,2128,2036,1350,-404
5.0640,2128,2038,1350,-396
5.0644,2128,2038,1350,-396
5.0648,2128,2039,1350,-404
5.0653,2128,2039,1350,-404
5.0657,2128,2041,1350,-396
5.0661,2128,2041,1350,-396
5.0665,2128,2041,1350,-396
5.0669,2128,2042,1350,-404
5.0673,2128,2042,1350,-404
5.0677,2128,2043,1350,-404
5.0681,2128,2043,1350,-404
5.0685,2128,2043,1350,-404
5.0690,2128,2045,1350,-396
5.0694,2128,2045,1350,-396
5.0698,2128,2046,1350,-404
5.0701,2141,2046,1350,-404
5.0708,2141,2048,1350,-396
5.0712,2141,2048,1350,-396
5.0716,2141,2049,1350,-396
5.0720,2141,2049,1350,-396
5.0724,2141,2049,1350,-396
5.0728,2141,2051,1350,-396
5.0733,2141,2051,1350,-396
5.0736,2141,2052,1350,-396
5.0740,2141,2052,1350,-396
5.0744,2141,2052,1350,-396
5.0748,2141,2054,1350,-388
5.0753,2141,2054,1350,-388
5.0757,2141,2055,1350,-396
5.0761,2141,2055,1350,-396
5.0765,2141,2055,1350,-396
5.0769,2141,2057,1350,-388
5.0773,2141,2057,1350,-388
5.0777,2141,2058,1450,-396
5.0781,2141,2058,1450,-396
5.0785,2141,2058,1450,-396
5.0789,2141,2059,1450,-396
5.0793,2141,2059,1450,-396
5.0797,2141,2061,1450,-388
5.0801,2153,2061,1450,-388
5.0809,2153,2062,1450,-388
5.0812,2153,2062,1450,-388
5.0816,2153,2064,1450,-380
5.0820,2153,2064,1450,-380
5.0824,2153,2064,1450,-380
5.0828,2153,2065,1450,-380
5.0832,2153,2065,1450,-380
5.0836,2153,2066,1450,-380
5.0840,2153,2066,1450,-380
5.0844,2153,2066,1450,-380
5.0848,2153,2068,1450,-380
5.0852,2153,2068,1450,-380
5.0856,2153,2069,1450,-380
5.0860,2153,2069,1450,-380
5.0864,2153,2069,1450,-380
5.0868,2153,2070,1450,-388
5.0872,2153,2070,1450,-388
5.0876,2153,2072,1450,-380
5.0880,2153,2072,1450,-380
5.0884,2153,2072,1450,-380
5.0888,2153,2073,1450,-380
5.0891,2153,2073,1450,-380
5.0895,2153,2073,1450,-380
5.0899,2153,2075,1450,-380
5.0903,2164,2076,1450,-380
5.0910,2164,2076,1450,-380
5.0913,2164,2076,1450,-380
5.0917,2164,2078,1450,-372
5.0921,2164,2078,1450,-372
5.0925,2164,2078,1450,-372
5.0929,2164,2079,1450,-372
5.0932,2164,2079,1450,-372
5.0936,2164,2080,1450,-380
5.0940,2164,2080,1450,-380
5.0944,2164,2080,1450,-380
5.0948,2164,2082,1450,-372
5.0951,2164,2082,1450,-372
5.0955,2164,2082,1450,-372
5.0959,2164,2083,1450,-372
5.0963,2164,2083,1450,-372
5.0966,2164,2085,1450,-372
5.0970,2164,2085,1450,-372
5.0974,2164,2085,1450,-372
5.0978,2164,2086,1400,-372
5.0981,2164,2086,1400,-372
5.0985,2164,2086,1400,-372
5.0989,2164,2087,1400,-372
5.0992,2164,2087,1400,-372
5.0996,2164,2089,1400,-372
5.0999,2164,2089,1400,-372
5.1003,2174,2090,1400,-372
5.1010,2174,2090,1400,-372
5.1014,2174,2090,1400,-372
5.1018,2174,2091,1400,-372
5.1021,2174,2091,1400,-372
5.1025,2174,2093,1400,-364
5.1029,2174,2093,1400,-364
5.1032,2174,2093,1400,-364
5.1036,2174,2094,1400,-372
5.1040,2174,2094,1400,-372
5.1044,2174,2094,1400,-372
5.1047,2174,2095,1400,-372
5.1051,2174,2095,1400,-372
5.1055,2174,2097,1400,-364
5.1059,2174,2097,1400,-364
5.1062,2174,2097,1400,-364
5.1066,2174,2099,1400,-364
5.1070,2174,2099,1400,-364
5.1074,2174,2099,1400,-364
5.1078,2174,2100,1400,-364
5.1083,2174,2100,1400,-364
5.1086,2174,2101,1400,-364
5.1090,2174,2101,1400,-364
5.1094,2174,2101,1400,-364
5.1098,2174,2102,1400,-364
5.1101,2183,2104,1400,-356
5.1109,2183,2104,1400,-356
5.1112,2183,2104,1400,-356
5.1116,2183,2105,1400,-364
5.1120,2183,2105,1400,-364
5.1123,2183,2105,1400,-364
5.1127,2183,2106,1400,-364
5.1131,2183,2106,1400,-364
5.1135,2183,2108,1400,-356
5.1138,2183,2108,1400,-356
5.1142,2183,2108,1400,-356
5.1146,2183,2109,1400,-356
5.1150,2183,2109,1400,-356
5.1153,2183,2109,1400,-356
5.1157,2183,2111,1400,-356
5.1161,2183,2111,1400,-356
5.1165,2183,2112,1400,-356
5.1169,2183,2112,1400,-356
5.1172,2183,2112,1400,-356
5.1176,2183,2113,1350,-356
5.1180,2183,2113,1350,-356
5.1184,2183,2114,1350,-356
5.1188,2183,2114,1350,-356
5.1192,2183,2114,1350,-356
5.1196,2183,2116,1350,-348
5.1200,2191,2116,1350,-348
5.1207,2191,2117,1350,-348
5.1211,2191,2117,1350,-348
5.1215,2191,2118,1350,-352
5.1219,2191,2118,1350,-352
5.1223,2191,2118,1350,-352
5.1227,2191,2120,1350,-344
5.1231,2191,2120,1350,-344
5.1235,2191,2121,1350,-344
5.1239,2191,2121,1350,-344
5.1243,2191,2121,1350,-344
5.1247,2191,2122,1350,-344
5.1251,2191,2122,1350,-344
5.1256,2191,2124,1350,-336
5.1259,2191,2124,1350,-336
5.1263,2191,2124,1350,-336
5.1267,2191,2125,1350,-336
5.1271,2191,2125,1350,-336
5.1275,2191,2126,1350,-336
5.1279,2191,2126,1350,-336
5.1283,2191,2126,1350,-336
5.1287,2191,2128,1350,-328
5.1290,2191,2128,1350,-328
5.1294,2191,2129,1350,-328
5.1298,2191,2129,1350,-328
5.1302,2197,2130,1350,-336
5.1309,2197,2130,1350,-336
5.1313,2197,2130,1350,-336
5.1317,2197,2132,1350,-328
5.1321,2197,2132,1350,-328
5.1324,2197,2133,1350,-328
5.1328,2197,2133,1350,-328
5.1332,2197,2133,1350,-328
5.1336,2197,2134,1350,-328
5.1340,2197,2134,1350,-328
5.1343,2197,2136,1350,-320
5.1347,2197,2136,1350,-320
5.1351,2197,2136,1350,-320
5.1355,2197,2137,1350,-320
5.1359,2197,2137,1350,-320
5.1362,2197,2137,1350,-320
5.1366,2197,2138,1350,-320
5.1370,2197,2138,1350,-320
5.1373,2197,2138,1350,-320
5.1377,2197,2139,1300,-320
5.1380,2197,2139,1300,-320
5.1384,2197,2141,1300,-312
5.1388,2197,2141,1300,-312
5.1392,2197,2141,1300,-312
5.1396,2197,2142,1300,-312
5.1400,2203,2143,1300,-312
5.1407,2203,2143,1300,-312
5.1411,2203,2143,1300,-312
5.1415,2203,2145,1300,-288
5.1419,2203,2145,1300,-288
5.1424,2203,2146,1300,-288
5.1427,2203,2146,1300,-288
5.1431,2203,2146,1300,-288
5.1435,2203,2147,1300,-288
5.1438,2203,2147,1300,-288
5.1442,2203,2147,1300,-288
5.1446,2203,2149,1300,-272
5.1449,2203,2149,1300,-272
5.1453,2203,2150,1300,-272
5.1457,2203,2150,1300,-272
5.1460,2203,2150,1300,-272
5.1464,2203,2151,1300,-272
5.1467,2203,2151,1300,-272
5.1471,2203,2151,1300,-272
5.1475,2203,2152,1300,-272
5.1478,2203,2152,1300,-272
5.1482,2203,2152,1300,-272
5.1486,2203,2154,1300,-264
5.1490,2203,2154,1300,-264
5.1493,2203,2155,1300,-264
5.1497,2203,2155,1300,-264
5.1502,2207,2156,1300,-264
5.1509,2207,2156,1300,-264
5.1513,2207,2157,1300,-264
5.1517,2207,2157,1300,-264
5.1520,2207,2157,1300,-264
5.1525,2207,2158,1300,-256
5.1529,2207,2158,1300,-256
5.1533,2207,2159,1300,-256
5.1537,2207,2159,1300,-256
5.1541,2207,2159,1300,-256
5.1545,2207,2161,1300,-248
5.1549,2207,2161,1300,-248
5.1553,2207,2162,1300,-248
5.1557,2207,2162,1300,-248
5.1561,2207,2162,1300,-248
5.1565,2207,2163,1300,-248
5.1568,2207,2163,1300,-248
5.1572,2207,2164,1250,-240
5.1576,2207,2164,1250,-240
5.1580,2207,2164,1250,-240
5.1584,2207,2165,1250,-240
5.1587,2207,2165,1250,-240
5.1591,2207,2165,1250,-240
5.1595,2207,2166,1250,-240
5.1599,2207,2166,1250,-240
5.1602,2210,2167,1250,-232
5.1609,2210,2167,1250,-232
5.1612,2210,2168,1250,-228
5.1616,2210,2168,1250,-228
5.1619,2210,2168,1250,-228
5.1623,2210,2169,1250,-228
5.1626,2210,2169,1250,-228
5.1630,2210,2169,1250,-228
5.1633,2210,2170,1250,-228
5.1637,2210,2170,1250,-228
5.1640,2210,2170,1250,-228
5.1644,2210,2172,1250,-212
5.1647,2210,2172,1250,-212
5.1651,2210,2172,1250,-212
5.1655,2210,2172,1250,-220
5.1658,2210,2172,1250,-220
5.1662,2210,2174,1250,-212
5.1666,2210,2174,1250,-212
5.1670,2210,2174,1250,-212
5.1674,2210,2175,1250,-204
5.1677,2210,2175,1250,-204
5.1681,2210,2175,1250,-204
5.1685,2210,2176,1250,-204
5.1689,2210,2176,1250,-204
5.1692,2210,2177,1250,-196
5.1696,2210,2177,1250,-196
5.1700,2210,2177,1250,-196
5.1703,2212,2178,1250,-196
5.1710,2212,2178,1250,-196
5.1714,2212,2179,1250,-196
5.1717,2212,2179,1250,-196
5.1721,2212,2179,1250,-196
5.1725,2212,2180,1250,-188
5.1728,2212,2180,1250,-188
5.1732,2212,2181,1250,-188
5.1736,2212,2181,1250,-188
5.1739,2212,2181,1250,-188
5.1743,2212,2182,1250,-180
5.1747,2212,2182,1250,-180
5.1750,2212,2182,1250,-180
5.1754,2212,2183,1250,-180
5.1758,2212,2183,1250,-180
5.1762,2212,2184,1250,-172
5.1766,2212,2184,1250,-172
5.1770,2212,2184,1250,-172
5.1773,2212,2185,1050,-172
5.1777,2212,2185,1050,-172
5.1780,2212,2185,1050,-172
5.1784,2212,2186,1050,-164
5.1788,2212,2186,1050,-164
5.1791,2212,2187,1050,-156
5.1795,2212,2187,1050,-156
5.1799,2212,2187,1050,-156
5.1802,2213,2188,1050,-156
5.1809,2213,2188,1050,-156
5.1813,2213,2188,1050,-148
5.1817,2213,2188,1050,-148
5.1820,2213,2188,1050,-148
5.1824,2213,2189,1050,-140
5.1828,2213,2189,1050,-140
5.1831,2213,2190,1050,-140
5.1835,2213,2190,1050,-140
5.1838,2213,2190,1050,-140
5.1842,2213,2191,1050,-132
5.1846,2213,2191,1050,-132
5.1850,2213,2191,1050,-132
5.1853,2213,2192,1050,-124
5.1857,2213,2192,1050,-124
5.1861,2213,2193,1050,-124
5.1865,2213,2193,1050,-124
5.1869,2213,2193,1050,-124
5.1872,2213,2193,1050,-124
5.1876,2213,2193,1050,-124
5.1880,2213,2193,1050,-124
5.1883,2213,2194,1050,-116
5.1887,2213,2194,1050,-116
5.1890,2213,2194,1050,-116
5.1894,2213,2195,1050,-108
5.1897,2213,2195,1050,-108
5.1901,2212,2196,1050,-100
5.1908,2212,2196,1050,-100
5.1912,2212,2197,1050,-92
5.1916,2212,2197,1050,-92
5.1919,2212,2197,1050,-92
5.1923,2212,2197,1050,-100
5.1926,2212,2197,1050,-100
5.1930,2212,2197,1050,-100
5.1934,2212,2198,1050,-92
5.1938,2212,2198,1050,-92
5.1941,2212,2199,1050,-84
5.1945,2212,2199,1050,-84
5.1949,2212,2199,1050,-84
5.1952,2212,2200,1050,-76
5.1956,2212,2200,1050,-76
5.1960,2212,2200,1050,-76
5.1963,2212,2200,1050,-76
5.1967,2212,2200,1050,-76
5.1971,2212,2201,800,-60
5.1974,2212,2201,800,-60
5.1978,2212,2201,800,-60
5.1982,2212,2202,800,-52
5.1986,2212,2202,800,-52
5.1990,2212,2202,800,-52
5.1994,2212,2202,800,-52
5.1998,2212,2202,800,-52
5.2001,2210,2203,800,-44
5.2009,2210,2203,800,-44
5.2012,2210,2204,800,0
5.2016,2210,2204,800,0
5.2020,2210,2204,800,0
5.2024,2210,2204,800,0
5.2028,2210,2204,800,0
5.2031,2210,2205,800,32
5.2035,2210,2205,800,32
5.2039,2210,2205,800,32
5.2043,2210,2205,800,32
5.2047,2210,2205,800,32
5.2050,2210,2206,800,40
5.2054,2210,2206,800,40
5.2057,2210,2206,800,40
5.2061,2210,2206,800,48
5.2065,2210,2206,800,48
5.2068,2210,2206,800,48
5.2072,2210,2207,800,56
5.2076,2210,2207,800,56
5.2080,2210,2207,800,56
5.2084,2210,2207,800,56
5.2088,2210,2207,800,56
5.2092,2210,2208,800,64
5.2096,2210,2208,800,64
5.2100,2210,2208,800,64
5.2104,2206,2208,800,64
5.2112,2206,2208,800,64
5.2116,2206,2208,800,64
5.2120,2206,2209,800,72
5.2124,2206,2209,800,72
5.2127,2206,2209,800,72
5.2131,2206,2209,800,72
5.2135,2206,2209,800,72
5.2139,2206,2209,800,72
5.2143,2206,2209,800,72
5.2147,2206,2209,800,72
5.2151,2206,2209,800,72
5.2154,2206,2209,800,72
5.2158,2206,2209,800,72
5.2162,2206,2210,800,72
5.2167,2206,2210,800,72
5.2171,2206,2210,450,72
5.2175,2206,2210,450,72
5.2179,2206,2210,450,72
5.2183,2206,2210,450,72
5.2187,2206,2210,450,72
5.2191,2206,2210,450,80
5.2195,2206,2210,450,80
5.2199,2206,2210,450,80
5.2203,2201,2211,450,88
5.2211,2201,2211,450,68
5.2215,2201,2211,450,68
5.2219,2201,2211,450,68
5.2223,2201,2211,450,68
5.2227,2201,2211,450,68
5.2230,2201,2211,450,76
5.2234,2201,2211,450,76
5.2238,2201,2211,450,76
5.2243,2201,2211,450,76
5.2247,2201,2211,450,76
5.2250,2201,2211,450,84
5.2254,2201,2211,450,84
5.2258,2201,2211,450,84
5.2262,2201,2211,450,84
5.2266,2201,2211,450,84
5.2270,2201,2211,450,84
5.2274,2201,2211,450,84
5.2278,2201,2211,450,84
5.2282,2201,2211,450,92
5.2286,2201,2211,450,92
5.2290,2201,2211,450,92
5.2294,2201,2211,450,92
5.2298,2201,2211,450,92
5.2302,2195,2211,450,100
5.2310,2195,2211,450,100
5.2314,2195,2211,450,100
5.2318,2195,2211,450,100
5.2322,2195,2211,450,108
5.2326,2195,2211,450,108
5.2330,2195,2211,450,108
5.2334,2195,2211,450,108
5.2339,2195,2211,450,116
5.2343,2195,2211,450,116
5.2346,2195,2211,450,116
5.2350,2195,2211,450,116
5.2354,2195,2211,450,116
5.2358,2195,2211,450,116
5.2362,2195,2211,450,124
5.2366,2195,2211,450,124
5.2370,2195,2211,50,132
5.2373,2195,2211,50,132
5.2377,2195,2211,50,132
5.2381,2195,2211,50,132
5.2385,2195,2211,50,132
5.2389,2195,2211,50,140
5.2392,2195,2211,50,140
5.2396,2195,2211,50,140
5.2400,2195,2211,50,140
5.2404,2188,2211,50,140
5.2411,2188,2211,50,152
5.2415,2188,2211,50,152
5.2419,2188,2211,50,152
5.2423,2188,2211,50,152
5.2426,2188,2211,50,152
5.2430,2188,2211,50,160
5.2434,2188,2211,50,160
5.2438,2188,2211,50,160
5.2442,2188,2211,50,160
5.2446,2188,2211,50,160
5.2450,2188,2211,50,168
5.2454,2188,2211,50,168
5.2458,2188,2211,50,168
5.2462,2188,2211,50,168
5.2466,2188,2211,50,168
5.2470,2188,2211,50,176
5.2474,2188,2211,50,176
5.2477,2188,2211,50,176
5.2481,2188,2211,50,184
5.2485,2188,2211,50,184
5.2488,2188,2210,50,176
5.2492,2188,2210,50,176
5.2496,2188,2210,50,176
5.2499,2188,2210,50,184
5.2503,2180,2210,50,184
5.2510,2180,2210,50,184
5.2513,2180,2210,50,184
5.2517,2180,2210,50,184
5.2520,2180,2209,50,184
5.2524,2180,2209,50,184
5.2528,2180,2209,50,184
5.2531,2180,2209,50,192
5.2535,2180,2209,50,192
5.2538,2180,2208,50,184
5.2542,2180,2208,50,184
5.2546,2180,2208,50,184
5.2549,2180,2208,50,192
5.2553,2180,2208,50,192
5.2557,2180,2208,50,192
5.2560,2180,2207,50,184
5.2564,2180,2207,50,184
5.2568,2180,2207,-200,192
5.2571,2180,2207,-200,192
5.2575,2180,2207,-200,192
5.2579,2180,2207,-200,200
5.2582,2180,2207,-200,200
5.2586,2180,2207,-200,200
5.2590,2180,2206,-200,200
5.2593,2180,2206,-200,200
5.2597,2180,2206,-200,200
5.2600,2171,2206,-200,200
5.2607,2171,2206,-200,200
5.2611,2171,2205,-200,184
5.2614,2171,2205,-200,184
5.2618,2171,2205,-200,192
5.2621,2171,2205,-200,192
5.2625,2171,2205,-200,192
5.2629,2171,2205,-200,192
5.2632,2171,2205,-200,192
5.2636,2171,2205,-200,192
5.2639,2171,2204,-200,192
5.2643,2171,2204,-200,192
5.2646,2171,2204,-200,192
5.2650,2171,2203,-200,192
5.2653,2171,2203,-200,192
5.2658,2171,2203,-200,200
5.2661,2171,2203,-200,200
5.2665,2171,2203,-200,200
5.2669,2171,2202,-200,192
5.2673,2171,2202,-200,192
5.2676,2171,2202,-200,192
5.2680,2171,2202,-200,200
5.2683,2171,2202,-200,200
5.2687,2171,2201,-200,200
5.2691,2171,2201,-200,200
5.2694,2171,2201,-200,200
5.2698,2171,2201,-200,208
5.2703,2160,2201,-200,208
5.2709,2160,2200,-200,200
5.2713,2160,2200,-200,200
5.2717,2160,2200,-200,208
5.2721,2160,2200,-200,208
5.2724,2160,2200,-200,208
5.2728,2160,2199,-200,208
5.2732,2160,2199,-200,208
5.2736,2160,2199,-200,208
5.2740,2160,2199,-200,216
5.2744,2160,2199,-200,216
5.2747,2160,2198,-200,208
5.2751,2160,2198,-200,208
5.2755,2160,2198,-200,208
5.2759,2160,2198,-200,216
5.2763,2160,2198,-200,216
5.2766,2160,2197,-500,216
5.2770,2160,2197,-500,216
5.2774,2160,2197,-500,216
5.2778,2160,2197,-500,224
5.2782,2160,2197,-500,224
5.2786,2160,2196,-500,224
5.2790,2160,2196,-500,224
5.2794,2160,2196,-500,224
5.2798,2160,2195,-500,216
5.2803,2149,2195,-500,220
5.2810,2149,2195,-500,220
5.2814,2149,2195,-500,220
5.2818,2149,2194,-500,220
5.2823,2149,2194,-500,220
5.2826,2149,2194,-500,228
5.2830,2149,2194,-500,228
5.2834,2149,2194,-500,228
5.2838,2149,2193,-500,228
5.2842,2149,2193,-500,228
5.2846,2149,2192,-500,228
5.2850,2149,2192,-500,228
5.2854,2149,2192,-500,228
5.2858,2149,2192,-500,236
5.2861,2149,2192,-500,236
5.2865,2149,2192,-500,236
5.2869,2149,2191,-500,236
5.2872,2149,2191,-500,236
5.2876,2149,2191,-500,236
5.2880,2149,2190,-500,228
5.2883,2149,2190,-500,228
5.2887,2149,2190,-500,236
5.2890,2149,2190,-500,236
5.2894,2149,2190,-500,236
5.2898,2149,2189,-500,236
5.2902,2137,2189,-500,236
5.2909,2137,2189,-500,244
5.2913,2137,2189,-500,244
5.2917,2137,2188,-500,244
5.2920,2137,2188,-500,244
5.2924,2137,2188,-500,244
5.2928,2137,2187,-500,244
5.2931,2137,2187,-500,244
5.2935,2137,2187,-500,244
5.2938,2137,2187,-500,252
5.2942,2137,2187,-500,252
5.2946,2137,2186,-500,252
5.2949,2137,2186,-500,252
5.2953,2137,2186,-500,252
5.2957,2137,2185,-500,252
5.2960,2137,2185,-500,252
5.2964,2137,2185,-500,252
5.2968,2137,2184,-650,252
5.2972,2137,2184,-650,252
5.2976,2137,2184,-650,260
5.2980,2137,2184,-650,260
5.2983,2137,2184,-650,260
5.2987,2137,2183,-650,260
5.2991,2137,2183,-650,260
5.2994,2137,2183,-650,260
5.2998,2137,2182,-650,260
5.3002,2124,2182,-650,272
5.3010,2124,2182,-650,272
5.3014,2124,2182,-650,272
5.3018,2124,2181,-650,272
5.3021,2124,2181,-650,272
5.3025,2124,2181,-650,272
5.3028,2124,2180,-650,272
5.3032,2124,2180,-650,272
5.3036,2124,2179,-650,272
5.3039,2124,2179,-650,272
5.3043,2124,2179,-650,272
5.3046,2124,2178,-650,272
5.3050,2124,2178,-650,272
5.3054,2124,2178,-650,272
5.3057,2124,2178,-650,280
5.3061,2124,2178,-650,280
5.3064,2124,2178,-650,280
5.3068,2124,2177,-650,280
5.3071,2124,2177,-650,280
5.3075,2124,2177,-650,280
5.3078,2124,2176,-650,280
5.3082,2124,2176,-650,280
5.3086,2124,2175,-650,280
5.3090,2124,2175,-650,280
5.3093,2124,2175,-650,280
5.3097,2124,2175,-650,288
5.3101,2111,2175,-650,288
5.3107,2111,2174,-650,288
5.3111,2111,2174,-650,288
5.3115,2111,2173,-650,288
5.3119,2111,2173,-650,288
5.3122,2111,2173,-650,288
5.3126,2111,2172,-650,288
5.3130,2111,2172,-650,288
5.3133,2111,2172,-650,288
5.3137,2111,2171,-650,288
5.3141,2111,2171,-650,288
5.3144,2111,2171,-650,288
5.3148,2111,2170,-650,296
5.3152,2111,2170,-650,296
5.3156,2111,2169,-650,296
5.3159,2111,2169,-650,296
5.3163,2111,2169,-650,296
5.3167,2111,2169,-750,304
5.3170,2111,2169,-750,304
5.3174,2111,2169,-750,304
5.3178,2111,2168,-750,304
5.3181,2111,2168,-750,304
5.3185,2111,2167,-750,304
5.3189,2111,2167,-750,304
5.3193,2111,2167,-750,304
5.3196,2111,2166,-750,304
5.3200,2097,2166,-750,304
5.3207,2097,2165,-750,296
5.3210,2097,2165,-750,296
5.3214,2097,2165,-750,296
5.3218,2097,2164,-750,296
5.3221,2097,2164,-750,296
5.3225,2097,2163,-750,296
5.3228,2097,2163,-750,296
5.3232,2097,2163,-750,296
5.3236,2097,2163,-750,304
5.3240,2097,2163,-750,304
5.3244,2097,2163,-750,304
5.3247,2097,2162,-750,304
5.3251,2097,2162,-750,304
5.3255,2097,2161,-750,312
5.3259,2097,2161,-750,312
5.3263,2097,2161,-750,312
5.3266,2097,2160,-750,312
5.3270,2097,2160,-750,312
5.3274,2097,2160,-750,312
5.3277,2097,2159,-750,312
5.3281,2097,2159,-750,312
5.3285,2097,2158,-750,312
5.3289,2097,2158,-750,312
5.3292,2097,2158,-750,312
5.3296,2097,2157,-750,312
5.3300,2097,2157,-750,312
5.3303,2082,2156,-750,320
5.3310,2082,2156,-750,320
5.3314,2082,2155,-750,320
5.3318,2082,2155,-750,320
5.3322,2082,2155,-750,320
5.3326,2082,2154,-750,320
5.3330,2082,2154,-750,320
5.3334,2082,2153,-750,320
5.3338,2082,2153,-750,320
5.3342,2082,2153,-750,320
5.3346,2082,2152,-750,320
5.3350,2082,2152,-750,320
5.3354,2082,2152,-750,320
5.3357,2082,2151,-750,328
5.3361,2082,2151,-750,328
5.3365,2082,2150,-950,328
5.3369,2082,2150,-950,328
5.3372,2082,2150,-950,328
5.3376,2082,2149,-950,328
5.3380,2082,2149,-950,328
5.3384,2082,2148,-950,328
5.3388,2082,2148,-950,328
5.3393,2082,2148,-950,328
5.3396,2082,2147,-950,336
5.3400,2068,2146,-950,340
5.3409,2068,2146,-950,340
5.3413,2068,2146,-950,340
5.3416,2068,2145,-950,340
5.3420,2068,2145,-950,340
5.3424,2068,2144,-950,340
5.3428,2068,2144,-950,340
5.3432,2068,2144,-950,340
5.3436,2068,2143,-950,348
5.3441,2068,2143,-950,348
5.3445,2068,2142,-950,348
5.3450,2068,2142,-950,348
5.3454,2068,2141,-950,348
5.3457,2068,2141,-950,348
5.3461,2068,2141,-950,348
5.3465,2068,2140,-950,356
5.3469,2068,2140,-950,356
5.3473,2068,2140,-950,356
5.3476,2068,2138,-950,348
5.3480,2068,2138,-950,348
5.3484,2068,2138,-950,356
5.3488,2068,2138,-950,356
5.3491,2068,2138,-950,356
5.3495,2068,2136,-950,348
5.3499,2068,2136,-950,348
5.3502,2052,2135,-950,348
5.3509,2052,2135,-950,348
5.3513,2052,2135,-950,348
5.3516,2052,2134,-950,356
5.3520,2052,2134,-950,356
5.3524,2052,2133,-950,356
5.3527,2052,2133,-950,356
5.3531,2052,2133,-950,356
5.3535,2052,2132,-950,356
5.3539,2052,2132,-950,356
5.3542,2052,2132,-950,356
5.3546,2052,2131,-950,356
5.3550,2052,2131,-950,356
5.3553,2052,2130,-950,364
5.3557,2052,2130,-950,364
5.3561,2052,2130,-950,364
5.3565,2052,2129,-1050,364
5.3569,2052,2129,-1050,364
5.3572,2052,2129,-1050,364
5.3576,2052,2127,-1050,364
5.3580,2052,2127,-1050,364
5.3584,2052,2126,-1050,364
5.3589,2052,2126,-1050,364
5.3593,2052,2125,-1050,364
5.3597,2052,2125,-1050,364
5.3600,2038,2124,-1050,356
5.3607,2038,2124,-1050,356
5.3611,2038,2124,-1050,356
5.3615,2038,2123,-1050,364
5.3619,2038,2123,-1050,364
5.3623,2038,2122,-1050,364
5.3626,2038,2122,-1050,364
5.3630,2038,2122,-1050,364
5.3634,2038,2121,-1050,372
5.3638,2038,2121,-1050,372
5.3642,2038,2119,-1050,364
5.3646,2038,2119,-1050,364
5.3650,2038,2119,-1050,364
5.3654,2038,2118,-1050,364
5.3658,2038,2118,-1050,364
5.3662,2038,2117,-1050,372
5.3666,2038,2117,-1050,372
5.3670,2038,2117,-1050,372
5.3674,2038,2116,-1050,372
5.3678,2038,2116,-1050,372
5.3682,2038,2114,-1050,364
5.3686,2038,2114,-1050,364
5.3690,2038,2114,-1050,364
5.3694,2038,2113,-1050,372
5.3698,2038,2113,-1050,372
5.3702,2022,2112,-1050,372
5.3710,2022,2112,-1050,372
5.3713,2022,2111,-1050,372
5.3718,2022,2111,-1050,372
5.3722,2022,2110,-1050,380
5.3727,2022,2110,-1050,380
5.3731,2022,2110,-1050,380
5.3735,2022,2109,-1050,380
5.3739,2022,2109,-1050,380
5.3743,2022,2107,-1050,372
5.3747,2022,2107,-1050,372
5.3751,2022,2107,-1050,372
5.3755,2022,2106,-1050,380
5.3759,2022,2106,-1050,380
5.3763,2022,2105,-1200,380
5.3767,2022,2105,-1200,380
5.3771,2022,2105,-1200,380
5.3775,2022,2104,-1200,388
5.3779,2022,2104,-1200,388
5.3783,2022,2102,-1200,380
5.3787,2022,2102,-1200,380
5.3791,2022,2102,-1200,380
5.3795,2022,2101,-1200,388
5.3799,2022,2101,-1200,388
5.3803,2007,2100,-1200,392
5.3810,2007,2100,-1200,392
5.3814,2007,2099,-1200,392
5.3818,2007,2099,-1200,392
5.3822,2007,2097,-1200,392
5.3826,2007,2097,-1200,392
5.3830,2007,2097,-1200,392
5.3834,2007,2096,-1200,392
5.3838,2007,2096,-1200,392
5.3842,2007,2095,-1200,400
5.3846,2007,2095,-1200,400
5.3850,2007,2095,-1200,400
5.3854,2007,2094,-1200,400
5.3858,2007,2094,-1200,400
5.3863,2007,2092,-1200,392
5.3866,2007,2092,-1200,392
5.3871,2007,2092,-1200,392
5.3875,2007,2091,-1200,400
5.3878,2007,2091,-1200,400
5.3882,2007,2090,-1200,400
5.3886,2007,2090,-1200,400
5.3890,2007,2090,-1200,400
5.3894,2007,2089,-1200,408
5.3898,2007,2089,-1200,408
5.3902,1993,2087,-1200,400
5.3910,1993,2087,-1200,400
5.3914,1993,2086,-1200,400
5.3917,1993,2086,-1200,400
5.3921,1993,2085,-1200,408
5.3925,1993,2085,-1200,408
5.3929,1993,2085,-1200,408
5.3933,1993,2083,-1200,400
5.3937,1993,2083,-1200,400
5.3940,1993,2083,-1200,400
5.3944,1993,2082,-1200,408
5.3948,1993,2082,-1200,408
5.3952,1993,2080,-1200,400
5.3956,1993,2080,-1200,400
5.3960,1993,2080,-1200,400
5.3964,1993,2079,-1300,408
5.3968,1993,2079,-1300,408
5.3972,1993,2078,-1300,408
5.3975,1993,2078,-1300,408
5.3979,1993,2078,-1300,408
5.3983,1993,2077,-1300,408
5.3987,1993,2077,-1300,408
5.3991,1993,2075,-1300,408
5.3995,1993,2075,-1300,408
5.3999,1993,2075,-1300,408
5.4003,1979,2074,-1300,400
5.4010,1979,2074,-1300,400
5.4014,1979,2072,-1300,392
5.4018,1979,2072,-1300,392
5.4021,1979,2071,-1300,400
5.4025,1979,2071,-1300,400
5.4029,1979,2071,-1300,400
5.4033,1979,2070,-1300,400
5.4037,1979,2070,-1300,400
5.4040,1979,2070,-1300,400
5.4044,1979,2069,-1300,408
5.4048,1979,2069,-1300,408
5.4052,1979,2067,-1300,400
5.4055,1979,2067,-1300,400
5.4059,1979,2067,-1300,400
5.4063,1979,2066,-1300,408
5.4067,1979,2066,-1300,408
5.4070,1979,2064,-1300,400
5.4074,1979,2064,-1300,400
5.4078,1979,2064,-1300,400
5.4082,1979,2063,-1300,400
5.4086,1979,2063,-1300,400
5.4090,1979,2062,-1300,408
5.4094,1979,2062,-1300,408
5.4098,1979,2062,-1300,408
5.4101,1965,2060,-1300,400
5.4108,1965,2060,-1300,400
5.4112,1965,2059,-1300,408
5.4116,1965,2059,-1300,408
5.4120,1965,2059,-1300,408
5.4123,1965,2058,-1300,408
5.4127,1965,2058,-1300,408
5.4130,1965,2056,-1300,400
5.4134,1965,2056,-1300,400
5.4138,1965,2056,-1300,400
5.4141,1965,2055,-1300,408
5.4145,1965,2055,-1300,408
5.4148,1965,2055,-1300,408
5.4152,1965,2053,-1300,400
5.4156,1965,2053,-1300,400
5.4160,1965,2053,-1300,400
5.4163,1965,2052,-1350,408
5.4167,1965,2052,-1350,408
5.4170,1965,2050,-1350,400
5.4174,1965,2050,-1350,400
5.4178,1965,2050,-1350,400
5.4181,1965,2049,-1350,408
5.4185,1965,2049,-1350,408
5.4189,1965,2049,-1350,408
5.4192,1965,2048,-1350,408
5.4196,1965,2048,-1350,408
5.4199,1965,2048,-1350,408
5.4203,1952,2046,-1350,392
5.4210,1952,2045,-1350,400
5.4214,1952,2045,-1350,400
5.4217,1952,2045,-1350,400
5.4221,1952,2043,-1350,392
5.4225,1952,2043,-1350,392
5.4229,1952,2043,-1350,392
5.4232,1952,2042,-1350,392
5.4236,1952,2042,-1350,392
5.4240,1952,2040,-1350,392
5.4243,1952,2040,-1350,392
5.4247,1952,2040,-1350,392
5.4251,1952,2039,-1350,392
5.4255,1952,2039,-1350,392
5.4259,1952,2039,-1350,392
5.4262,1952,2037,-1350,392
5.4266,1952,2037,-1350,392
5.4270,1952,2036,-1350,392
5.4273,1952,2036,-1350,392
5.4277,1952,2036,-1350,392
5.4281,1952,2035,-1350,400
5.4284,1952,2035,-1350,400
5.4288,1952,2035,-1350,400
5.4291,1952,2033,-1350,392
5.4295,1952,2033,-1350,392
5.4298,1952,2033,-1350,392
5.4302,1940,2032,-1350,392
5.4309,1940,2032,-1350,392
5.4313,1940,2030,-1350,392
5.4316,1940,2030,-1350,392
5.4320,1940,2029,-1350,392
5.4323,1940,2029,-1350,392
5.4327,1940,2029,-1350,392
5.4330,1940,2028,-1350,400
5.4334,1940,2028,-1350,400
5.4338,1940,2028,-1350,400
5.4341,1940,2026,-1350,392
5.4345,1940,2026,-1350,392
5.4349,1940,2026,-1350,392
5.4352,1940,2025,-1350,392
5.4356,1940,2025,-1350,392
5.4359,1940,2023,-1450,392
5.4363,1940,2023,-1450,392
5.4367,1940,2023,-1450,392
5.4370,1940,2022,-1450,392
5.4374,1940,2022,-1450,392
5.4378,1940,2022,-1450,392
5.4381,1940,2021,-1450,400
5.4385,1940,2021,-1450,400
5.4389,1940,2021,-1450,400
5.4392,1940,2019,-1450,392
5.4396,1940,2019,-1450,392
5.4400,1940,2018,-1450,392
5.4403,1928,2018,-1450,392
5.4410,1928,2016,-1450,384
5.4414,1928,2016,-1450,384
5.4418,1928,2016,-1450,384
5.4422,1928,2015,-1450,392
5.4426,1928,2015,-1450,392
5.4430,1928,2013,-1450,384
5.4434,1928,2013,-1450,384
5.4438,1928,2013,-1450,384
5.4442,1928,2012,-1450,384
5.4446,1928,2012,-1450,384
5.4450,1928,2011,-1450,392
5.4454,1928,2011,-1450,392
5.4458,1928,2011,-1450,392
5.4462,1928,2009,-1450,384
5.4466,1928,2009,-1450,384
5.4470,1928,2008,-1450,384
5.4474,1928,2008,-1450,384
5.4478,1928,2008,-1450,384
5.4482,1928,2006,-1450,384
5.4486,1928,2006,-1450,384
5.4490,1928,2005,-1450,384
5.4493,1928,2005,-1450,384
5.4498,1928,2005,-1450,384
5.4502,1917,2003,-1450,376
5.4509,1917,2002,-1450,376
5.4513,1917,2002,-1450,376
5.4517,1917,2002,-1450,376
5.4520,1917,2001,-1450,384
5.4524,1917,2001,-1450,384
5.4527,1917,2001,-1450,384
5.4531,1917,2000,-1450,384
5.4535,1917,2000,-1450,384
5.4539,1917,1998,-1450,376
5.4543,1917,1998,-1450,376
5.4548,1917,1998,-1450,376
5.4551,1917,1997,-1450,384
5.4555,1917,1997,-1450,384
5.4558,1917,1995,-1400,376
5.4562,1917,1995,-1400,376
5.4566,1917,1995,-1400,376
5.4570,1917,1994,-1400,376
5.4574,1917,1994,-1400,376
5.4577,1917,1994,-1400,376
5.4581,1917,1992,-1400,376
5.4585,1917,1992,-1400,376
5.4589,1917,1991,-1400,376
5.4592,1917,1991,-1400,376
5.4596,1917,1991,-1400,376
5.4600,1917,1990,-1400,368
5.4603,1907,1990,-1400,368
5.4610,1907,1988,-1400,360
5.4614,1907,1988,-1400,360
5.4617,1907,1988,-1400,360
5.4621,1907,1987,-1400,368
5.4625,1907,1987,-1400,368
5.4628,1907,1986,-1400,368
5.4632,1907,1986,-1400,368
5.4636,1907,1986,-1400,368
5.4639,1907,1984,-1400,360
5.4643,1907,1984,-1400,360
5.4646,1907,1984,-1400,360
5.4650,1907,1983,-1400,368
5.4653,1907,1983,-1400,368
5.4657,1907,1983,-1400,368
5.4661,1907,1982,-1400,368
5.4664,1907,1982,-1400,368
5.4668,1907,1980,-1400,360
5.4671,1907,1980,-1400,360
5.4675,1907,1980,-1400,360
5.4679,1907,1979,-1400,360
5.4683,1907,1979,-1400,360
5.4687,1907,1979,-1400,360
5.4690,1907,1978,-1400,360
5.4694,1907,1978,-1400,360
5.4698,1907,1976,-1400,360
5.4701,1899,1976,-1400,360
5.4709,1899,1975,-1400,360
5.4712,1899,1975,-1400,360
5.4716,1899,1975,-1400,360
5.4720,1899,1973,-1400,352
5.4724,1899,1973,-1400,352
5.4727,1899,1972,-1400,352
5.4731,1899,1972,-1400,352
5.4735,1899,1972,-1400,352
5.4739,1899,1971,-1400,352
5.4742,1899,1971,-1400,352
5.4746,1899,1971,-1400,352
5.4750,1899,1969,-1400,352
5.4753,1899,1969,-1400,352
5.4757,1899,1969,-1400,352
5.4761,1899,1968,-1350,352
5.4765,1899,1968,-1350,352
5.4768,1899,1967,-1350,352
5.4772,1899,1967,-1350,352
5.4776,1899,1967,-1350,352
5.4779,1899,1965,-1350,344
5.4783,1899,1965,-1350,344
5.4786,1899,1965,-1350,344
5.4790,1899,1964,-1350,344
5.4793,1899,1964,-1350,344
5.4797,1899,1964,-1350,344
5.4800,1891,1963,-1350,340
5.4807,1891,1963,-1350,340
5.4810,1891,1961,-1350,332
5.4814,1891,1961,-1350,332
5.4817,1891,1960,-1350,340
5.4821,1891,1960,-1350,340
5.4825,1891,1960,-1350,340
5.4828,1891,1959,-1350,340
5.4832,1891,1959,-1350,340
5.4836,1891,1959,-1350,340
5.4840,1891,1958,-1350,340
5.4844,1891,1958,-1350,340
5.4847,1891,1956,-1350,332
5.4851,1891,1956,-1350,332
5.4854,1891,1956,-1350,332
5.4858,1891,1955,-1350,332
5.4863,1891,1955,-1350,332
5.4866,1891,1955,-1350,332
5.4870,1891,1953,-1350,324
5.4873,1891,1953,-1350,324
5.4877,1891,1952,-1350,324
5.4881,1891,1952,-1350,324
5.4884,1891,1952,-1350,324
5.4888,1891,1951,-1350,324
5.4892,1891,1951,-1350,324
5.4896,1891,1951,-1350,324
5.4899,1891,1949,-1350,316
5.4903,1885,1949,-1350,316
5.4910,1885,1948,-1350,316
5.4913,1885,1948,-1350,316
5.4917,1885,1947,-1350,316
5.4921,1885,1947,-1350,316
5.4925,1885,1947,-1350,316
5.4929,1885,1945,-1350,308
5.4933,1885,1945,-1350,308
5.4937,1885,1944,-1350,308
5.4940,1885,1944,-1350,308
5.4943,1885,1944,-1350,308
5.4947,1885,1943,-1350,308
5.4951,1885,1943,-1350,308
5.4954,1885,1943,-1350,308
5.4958,1885,1941,-1350,300
5.4962,1885,1941,-1350,300
5.4966,1885,1941,-1350,300
5.4970,1885,1940,-1350,300
5.4973,1885,1940,-1350,300
5.4977,1885,1939,-1350,300
5.4980,1885,1939,-1350,300
5.4984,1885,1939,-1350,300
5.4988,1885,1937,-1350,292
5.4992,1885,1937,-1350,292
5.4996,1885,1937,-1350,292
5.5000,1885,1936,-1350,280
5.5003,1880,1935,-1350,280
5.5010,1880,1935,-1350,280
5.5014,1880,1935,-1350,280
5.5018,1880,1934,-1350,280
5.5021,1880,1934,-1350,280
5.5025,1880,1934,-1350,280
5.5029,1880,1933,-1350,280
5.5033,1880,1933,-1350,280
5.5036,1880,1931,-1350,264
5.5040,1880,1931,-1350,264
5.5043,1880,1931,-1350,264
5.5047,1880,1930,-1350,264
5.5050,1880,1930,-1350,264
5.5054,1880,1930,-1350,264
5.5057,1880,1929,-1350,264
5.5061,1880,1929,-1350,264
5.5065,1880,1929,-1350,264
5.5068,1880,1928,-1350,264
5.5072,1880,1928,-1350,264
5.5076,1880,1927,-1350,264
5.5080,1880,1927,-1350,264
5.5083,1880,1927,-1350,264
5.5087,1880,1926,-1350,264
5.5090,1880,1926,-1350,264
5.5094,1880,1926,-1350,264
5.5098,1880,1925,-1350,264
5.5101,1876,1925,-1350,264
5.5108,1876,1923,-1350,248
5.5112,1876,1923,-1350,248
5.5116,1876,1922,-1350,248
5.5120,1876,1922,-1350,248
5.5123,1876,1922,-1350,248
5.5127,1876,1921,-1350,248
5.5130,1876,1921,-1350,248
5.5134,1876,1921,-1350,248
5.5138,1876,1920,-1350,248
5.5141,1876,1920,-1350,248
5.5145,1876,1920,-1350,248
5.5149,1876,1919,-1350,240
5.5152,1876,1919,-1350,240
5.5156,1876,1918,-1150,240
5.5160,1876,1918,-1150,240
5.5163,1876,1918,-1150,240
5.5167,1876,1917,-1150,240
5.5171,1876,1917,-1150,240
5.5175,1876,1917,-1150,240
5.5179,1876,1916,-1150,240
5.5183,1876,1916,-1150,240
5.5186,1876,1914,-1150,224
5.5190,1876,1914,-1150,224
5.5194,1876,1914,-1150,224
5.5198,1876,1913,-1150,220
5.5202,1873,1913,-1150,228
5.5210,1873,1913,-1150,228
5.5214,1873,1913,-1150,228
5.5218,1873,1911,-1150,212
5.5222,1873,1911,-1150,212
5.5227,1873,1910,-1150,212
5.5231,1873,1910,-1150,212
5.5234,1873,1910,-1150,212
5.5238,1873,1909,-1150,212
5.5242,1873,1909,-1150,212
5.5246,1873,1908,-1150,204
5.5251,1873,1908,-1150,204
5.5255,1873,1907,-1150,204
5.5259,1873,1907,-1150,204
5.5263,1873,1907,-1150,204
5.5267,1873,1906,-1150,196
5.5270,1873,1906,-1150,196
5.5275,1873,1905,-1150,196
5.5279,1873,1905,-1150,196
5.5282,1873,1905,-1150,196
5.5286,1873,1904,-1150,196
5.5290,1873,1904,-1150,196
5.5294,1873,1904,-1150,196
5.5298,1873,1903,-1150,188
5.5303,1872,1902,-1150,188
5.5310,1872,1902,-1150,188
5.5313,1872,1902,-1150,188
5.5317,1872,1901,-1150,180
5.5321,1872,1901,-1150,180
5.5325,1872,1900,-1150,180
5.5328,1872,1900,-1150,180
5.5332,1872,1900,-1150,180
5.5336,1872,1899,-1150,172
5.5340,1872,1899,-1150,172
5.5344,1872,1899,-1150,172
5.5347,1872,1898,-1150,172
5.5352,1872,1898,-1150,172
5.5356,1872,1897,-1050,164
5.5359,1872,1897,-1050,164
5.5363,1872,1897,-1050,164
5.5367,1872,1896,-1050,156
5.5370,1872,1896,-1050,156
5.5374,1872,1896,-1050,156
5.5377,1872,1895,-1050,156
5.5381,1872,1895,-1050,156
5.5385,1872,1895,-1050,156
5.5388,1872,1895,-1050,156
5.5392,1872,1895,-1050,156
5.5396,1872,1894,-1050,140
5.5400,1872,1894,-1050,140
5.5403,1871,1893,-1050,140
5.5410,1871,1893,-1050,140
5.5414,1871,1893,-1050,140
5.5418,1871,1892,-1050,132
5.5421,1871,1892,-1050,132
5.5425,1871,1891,-1050,124
5.5428,1871,1891,-1050,124
5.5432,1871,1891,-1050,124
5.5436,1871,1890,-1050,124
5.5439,1871,1890,-1050,124
5.5443,1871,1890,-1050,124
5.5447,1871,1889,-1050,116
5.5451,1871,1889,-1050,116
5.5454,1871,1889,-1050,116
5.5458,1871,1889,-1050,116
5.5462,1871,1889,-1050,116
5.5466,1871,1888,-1050,108
5.5470,1871,1888,-1050,108
5.5474,1871,1888,-1050,108
5.5477,1871,1887,-1050,100
5.5481,1871,1887,-1050,100
5.5485,1871,1887,-1050,100
5.5489,1871,1887,-1050,100
5.5492,1871,1887,-1050,100
5.5496,1871,1886,-1050,92
5.5500,1871,1886,-1050,92
5.5504,1873,1885,-1050,84
5.5511,1873,1885,-1050,84
5.5514,1873,1884,-1050,76
5.5518,1873,1884,-1050,76
5.5522,1873,1884,-1050,76
5.5526,1873,1884,-1050,76
5.5530,1873,1884,-1050,76
5.5534,1873,1883,-1050,68
5.5538,1873,1883,-1050,68
5.5541,1873,1883,-1050,68
5.5545,1873,1882,-1050,60
5.5548,1873,1882,-1050,60
5.5552,1873,1882,-1050,60
5.5556,1873,1881,-800,52
5.5560,1873,1881,-800,52
5.5564,1873,1881,-800,52
5.5567,1873,1881,-800,52
5.5571,1873,1881,-800,52
5.5575,1873,1880,-800,44
5.5579,1873,1880,-800,44
5.5583,1873,1880,-800,44
5.5588,1873,1880,-800,36
5.5593,1873,1879,-800,-24
5.5597,1873,1879,-800,-24
5.5601,1875,1879,-800,-24
5.5608,1875,1879,-800,-24
5.5612,1875,1879,-800,-24
5.5616,1875,1878,-800,-32
5.5620,1875,1878,-800,-32
5.5624,1875,1878,-800,-32
5.5629,1875,1878,-800,-32
5.5632,1875,1878,-800,-32
5.5636,1875,1877,-800,-48
5.5639,1875,1877,-800,-48
5.5643,1875,1877,-800,-48
5.5647,1875,1877,-800,-48
5.5650,1875,1877,-800,-48
5.5654,1875,1876,-800,-56
5.5658,1875,1876,-800,-56
5.5662,1875,1876,-800,-56
5.5665,1875,1875,-800,-72
5.5669,1875,1875,-800,-72
5.5672,1875,1875,-800,-72
5.5676,1875,1875,-800,-72
5.5680,1875,1875,-800,-72
5.5683,1875,1875,-800,-72
5.5687,1875,1875,-800,-72
5.5691,1875,1875,-800,-72
5.5694,1875,1874,-800,-72
5.5698,1875,1874,-800,-72
5.5702,1879,1874,-800,-72
5.5709,1879,1874,-800,-72
5.5713,1879,1874,-800,-72
5.5717,1879,1874,-800,-72
5.5720,1879,1874,-800,-72
5.5724,1879,1874,-800,-72
5.5728,1879,1874,-800,-72
5.5731,1879,1874,-800,-72
5.5735,1879,1873,-800,-80
5.5738,1879,1873,-800,-80
5.5742,1879,1873,-800,-80
5.5746,1879,1873,-800,-80
5.5750,1879,1873,-800,-80
5.5754,1879,1873,-400,-88
5.5757,1879,1873,-400,-88
5.5761,1879,1873,-400,-88
5.5765,1879,1873,-400,-88
5.5768,1879,1873,-400,-88
5.5772,1879,1873,-400,-88
5.5776,1879,1873,-400,-88
5.5780,1879,1873,-400,-88
5.5783,1879,1872,-400,-104
5.5787,1879,1872,-400,-104
5.5790,1879,1872,-400,-104
5.5794,1879,1872,-400,-88
5.5798,1879,1872,-400,-88
5.5801,1884,1872,-400,-88
5.5808,1884,1872,-400,-88
5.5812,1884,1872,-400,-96
5.5816,1884,1872,-400,-96
5.5819,1884,1872,-400,-96
5.5823,1884,1872,-400,-96
5.5826,1884,1872,-400,-96
5.5830,1884,1872,-400,-96
5.5834,1884,1872,-400,-96
5.5838,1884,1872,-400,-96
5.5841,1884,1872,-400,-96
5.5845,1884,1872,-400,-104
5.5848,1884,1872,-400,-104
5.5852,1884,1872,-400,-104
5.5856,1884,1872,-400,-104
5.5859,1884,1872,-400,-104
5.5863,1884,1872,-400,-104
5.5866,1884,1872,-400,-104
5.5871,1884,1872,-400,-104
5.5874,1884,1872,-400,-112
5.5878,1884,1872,-400,-112
5.5882,1884,1872,-400,-112
5.5886,1884,1872,-400,-112
5.5890,1884,1872,-400,-112
5.5894,1884,1872,-400,-120
5.5898,1884,1872,-400,-120
5.5902,1891,1872,-400,-120
5.5909,1891,1872,-400,-120
5.5913,1891,1872,-400,-128
5.5916,1891,1872,-400,-128
5.5920,1891,1872,-400,-128
5.5924,1891,1872,-400,-128
5.5928,1891,1872,-400,-128
5.5931,1891,1872,-400,-128
5.5935,1891,1872,-400,-128
5.5939,1891,1872,-400,-128
5.5942,1891,1872,-400,-136
5.5946,1891,1872,-400,-136
5.5950,1891,1872,-400,-136
5.5953,1891,1872,-50,-136
5.5957,1891,1872,-50,-136
5.5961,1891,1872,-50,-136
5.5964,1891,1872,-50,-144
5.5968,1891,1872,-50,-144
5.5972,1891,1872,-50,-152
5.5976,1891,1872,-50,-152
5.5979,1891,1872,-50,-152
5.5983,1891,1872,-50,-152
5.5986,1891,1872,-50,-152
5.5990,1891,1872,-50,-152
5.5993,1891,1872,-50,-156
5.5997,1891,1872,-50,-156
5.6001,1898,1872,-50,-156
5.6008,1898,1872,-50,-156
5.6011,1898,1872,-50,-164
5.6015,1898,1872,-50,-164
5.6018,1898,1872,-50,-164
5.6022,1898,1873,-50,-156
5.6026,1898,1873,-50,-156
5.6030,1898,1873,-50,-156
5.6033,1898,1873,-50,-164
5.6037,1898,1873,-50,-164
5.6040,1898,1873,-50,-164
5.6044,1898,1873,-50,-172
5.6048,1898,1873,-50,-172
5.6052,1898,1873,-50,-172
5.6056,1898,1873,-50,-172
5.6060,1898,1873,-50,-172
5.6063,1898,1874,-50,-172
5.6067,1898,1874,-50,-172
5.6071,1898,1874,-50,-180
5.6075,1898,1874,-50,-180
5.6078,1898,1874,-50,-180
5.6082,1898,1874,-50,-180
5.6086,1898,1874,-50,-180
5.6090,1898,1874,-50,-180
5.6093,1898,1875,-50,-180
5.6097,1898,1875,-50,-180
5.6101,1907,1875,-50,-180
5.6108,1907,1875,-50,-180
5.6112,1907,1876,-50,-180
5.6116,1907,1876,-50,-180
5.6120,1907,1876,-50,-180
5.6124,1907,1876,-50,-188
5.6128,1907,1876,-50,-188
5.6132,1907,1877,-50,-180
5.6136,1907,1877,-50,-180
5.6139,1907,1877,-50,-180
5.6143,1907,1877,-50,-188
5.6146,1907,1877,-50,-188
5.6150,1907,1877,-50,-188
5.6153,1907,1877,250,-196
5.6157,1907,1877,250,-196
5.6161,1907,1878,250,-188
5.6164,1907,1878,250,-188
5.6168,1907,1878,250,-188
5.6171,1907,1878,250,-196
5.6175,1907,1878,250,-196
5.6179,1907,1878,250,-196
5.6183,1907,1879,250,-196
5.6186,1907,1879,250,-196
5.6190,1907,1879,250,-196
5.6194,1907,1879,250,-180
5.6197,1907,1879,250,-180
5.6201,1916,1879,250,-188
5.6208,1916,1879,250,-188
5.6213,1916,1880,250,-188
5.6217,1916,1880,250,-188
5.6220,1916,1880,250,-188
5.6224,1916,1880,250,-188
5.6228,1916,1880,250,-188
5.6232,1916,1881,250,-188
5.6236,1916,1881,250,-188
5.6240,1916,1881,250,-188
5.6243,1916,1881,250,-196
5.6247,1916,1881,250,-196
5.6251,1916,1882,250,-196
5.6254,1916,1882,250,-196
5.6258,1916,1882,250,-196
5.6263,1916,1882,250,-196
5.6267,1916,1882,250,-196
5.6271,1916,1883,250,-196
5.6275,1916,1883,250,-196
5.6278,1916,1883,250,-196
5.6282,1916,1883,250,-204
5.6286,1916,1883,250,-204
5.6290,1916,1883,250,-204
5.6293,1916,1884,250,-204
5.6297,1916,1884,250,-204
5.6301,1927,1884,250,-212
5.6308,1927,1884,250,-212
5.6311,1927,1885,250,-204
5.6315,1927,1885,250,-204
5.6318,1927,1885,250,-204
5.6322,1927,1886,250,-204
5.6326,1927,1886,250,-204
5.6329,1927,1886,250,-204
5.6334,1927,1886,250,-212
5.6337,1927,1886,250,-212
5.6341,1927,1887,250,-212
5.6345,1927,1887,250,-212
5.6348,1927,1887,250,-212
5.6352,1927,1887,500,-220
5.6356,1927,1887,500,-220
5.6360,1927,1888,500,-220
5.6364,1927,1888,500,-220
5.6367,1927,1888,500,-220
5.6371,1927,1888,500,-220
5.6375,1927,1888,500,-220
5.6379,1927,1888,500,-220
5.6383,1927,1889,500,-220
5.6386,1927,1889,500,-220
5.6390,1927,1889,500,-232
5.6394,1927,1889,500,-232
5.6398,1927,1889,500,-232
5.6402,1939,1890,500,-232
5.6410,1939,1891,500,-232
5.6414,1939,1891,500,-232
5.6417,1939,1891,500,-232
5.6421,1939,1892,500,-224
5.6425,1939,1892,500,-224
5.6429,1939,1892,500,-224
5.6433,1939,1892,500,-232
5.6436,1939,1892,500,-232
5.6440,1939,1892,500,-240
5.6443,1939,1892,500,-240
5.6447,1939,1892,500,-240
5.6451,1939,1893,500,-240
5.6455,1939,1893,500,-240
5.6459,1939,1893,500,-240
5.6462,1939,1894,500,-240
5.6466,1939,1894,500,-240
5.6470,1939,1895,500,-240
5.6473,1939,1895,500,-240
5.6477,1939,1895,500,-240
5.6481,1939,1895,500,-248
5.6485,1939,1895,500,-248
5.6488,1939,1895,500,-248
5.6492,1939,1896,500,-248
5.6496,1939,1896,500,-248
5.6499,1939,1897,500,-248
5.6503,1951,1897,500,-248
5.6510,1951,1897,500,-256
5.6514,1951,1897,500,-256
5.6518,1951,1897,500,-256
5.6522,1951,1898,500,-256
5.6527,1951,1898,500,-256
5.6532,1951,1899,500,-256
5.6536,1951,1899,500,-256
5.6540,1951,1899,500,-264
5.6543,1951,1899,500,-264
5.6547,1951,1899,500,-264
5.6551,1951,1900,650,-264
5.6556,1951,1900,650,-264
5.6559,1951,1901,650,-264
5.6563,1951,1901,650,-264
5.6567,1951,1901,650,-264
5.6571,1951,1901,650,-272
5.6575,1951,1901,650,-272
5.6580,1951,1902,650,-272
5.6584,1951,1902,650,-272
5.6588,1951,1902,650,-272
5.6591,1951,1903,650,-268
5.6596,1951,1903,650,-268
5.6600,1951,1903,650,-276
5.6605,1964,1904,650,-276
5.6612,1964,1904,650,-276
5.6618,1964,1904,650,-276
5.6623,1964,1905,650,-276
5.6628,1964,1905,650,-276
5.6631,1964,1906,650,-276
5.6635,1964,1906,650,-276
5.6640,1964,1907,650,-276
5.6644,1964,1907,650,-276
5.6648,1964,1907,650,-276
5.6652,1964,1907,650,-284
5.6657,1964,1907,650,-284
5.6663,1964,1908,650,-284
5.6667,1964,1908,650,-284
5.6672,1964,1909,650,-284
5.6676,1964,1909,650,-284
5.6680,1964,1910,650,-284
5.6684,1964,1910,650,-284
5.6688,1964,1911,650,-284
5.6693,1964,1911,650,-284
5.6697,1964,1911,650,-284
5.6701,1977,1912,650,-284
5.6709,1977,1913,650,-284
5.6713,1977,1913,650,-284
5.6718,1977,1913,650,-292
5.6722,1977,1913,650,-292
5.6726,1977,1913,650,-292
5.6730,1977,1914,650,-292
5.6734,1977,1914,650,-292
5.6739,1977,1915,650,-300
5.6743,1977,1915,650,-300
5.6747,1977,1915,650,-300
5.6750,1977,1916,800,-300
5.6754,1977,1916,800,-300
5.6758,1977,1917,800,-300
5.6762,1977,1917,800,-300
5.6766,1977,1917,800,-300
5.6770,1977,1918,800,-300
5.6774,1977,1918,800,-300
5.6778,1977,1919,800,-300
5.6782,1977,1919,800,-300
5.6786,1977,1919,800,-300
5.6790,1977,1920,800,-296
5.6794,1977,1920,800,-296
5.6798,1977,1920,800,-312
5.6802,1992,1920,800,-312
5.6810,1992,1921,800,-312
5.6814,1992,1921,800,-312
5.6817,1992,1921,800,-312
5.6821,1992,1922,800,-312
5.6825,1992,1922,800,-312
5.6829,1992,1923,800,-312
5.6832,1992,1923,800,-312
5.6836,1992,1923,800,-312
5.6840,1992,1924,800,-312
5.6844,1992,1924,800,-312
5.6847,1992,1925,800,-312
5.6851,1992,1925,800,-312
5.6855,1992,1925,800,-312
5.6859,1992,1926,800,-312
5.6863,1992,1926,800,-312
5.6866,1992,1926,800,-312
5.6870,1992,1927,800,-320
5.6873,1992,1927,800,-320
5.6877,1992,1927,800,-320
5.6880,1992,1928,800,-320
5.6884,1992,1928,800,-320
5.6888,1992,1928,800,-328
5.6891,1992,1928,800,-328
5.6895,1992,1928,800,-328
5.6899,1992,1929,800,-328
5.6902,2006,1929,800,-328
5.6909,2006,1930,800,-328
5.6913,2006,1930,800,-328
5.6916,2006,1930,800,-328
5.6920,2006,1931,800,-328
5.6924,2006,1931,800,-328
5.6927,2006,1933,800,-320
5.6931,2006,1933,800,-320
5.6935,2006,1933,800,-320
5.6938,2006,1934,800,-328
5.6942,2006,1934,800,-328
5.6946,2006,1934,800,-328
5.6949,2006,1935,950,-328
5.6953,2006,1935,950,-328
5.6957,2006,1935,950,-328
5.6960,2006,1936,950,-328
5.6964,2006,1936,950,-328
5.6967,2006,1937,950,-328
5.6971,2006,1937,950,-328
5.6974,2006,1937,950,-328
5.6978,2006,1938,950,-336
5.6982,2006,1938,950,-336
5.6986,2006,1938,950,-336
5.6990,2006,1939,950,-340
5.6993,2006,1939,950,-340
5.6997,2006,1940,950,-340
5.7001,2021,1940,950,-340
5.7008,2021,1941,950,-340
5.7012,2021,1941,950,-340
5.7016,2021,1941,950,-340
5.7020,2021,1942,950,-340
5.7023,2021,1942,950,-340
5.7027,2021,1943,950,-348
5.7031,2021,1943,950,-348
5.7034,2021,1943,950,-348
5.7038,2021,1944,950,-348
5.7041,2021,1944,950,-348
5.7045,2021,1944,950,-348
5.7049,2021,1945,950,-348
5.7053,2021,1945,950,-348
5.7057,2021,1946,950,-348
5.7060,2021,1946,950,-348
5.7064,2021,1946,950,-348
5.7067,2021,1947,950,-356
5.7071,2021,1947,950,-356
5.7075,2021,1947,950,-356
5.7078,2021,1948,950,-356
5.7082,2021,1948,950,-356
5.7086,2021,1948,950,-356
5.7089,2021,1949,950,-356
5.7093,2021,1949,950,-356
5.7097,2021,1950,950,-364
5.7100,2036,1950,950,-364
5.7107,2036,1951,950,-364
5.7110,2036,1951,950,-364
5.7114,2036,1951,950,-364
5.7117,2036,1952,950,-364
5.7121,2036,1952,950,-364
5.7125,2036,1952,950,-364
5.7128,2036,1954,950,-356
5.7132,2036,1954,950,-356
5.7136,2036,1955,950,-364
5.7141,2036,1955,950,-364
5.7145,2036,1955,950,-364
5.7148,2036,1956,1050,-364
5.7152,2036,1956,1050,-364
5.7156,2036,1957,1050,-372
5.7160,2036,1957,1050,-372
5.7163,2036,1957,1050,-372
5.7167,2036,1958,1050,-372
5.7171,2036,1958,1050,-372
5.7175,2036,1958,1050,-372
5.7178,2036,1959,1050,-372
5.7182,2036,1959,1050,-372
5.7186,2036,1961,1050,-368
5.7189,2036,1961,1050,-368
5.7193,2036,1961,1050,-368
5.7197,2036,1962,1050,-368
5.7201,2051,1962,1050,-368
5.7208,2051,1963,1050,-368
5.7212,2051,1963,1050,-368
5.7216,2051,1964,1050,-368
5.7220,2051,1964,1050,-368
5.7224,2051,1964,1050,-368
5.7227,2051,1965,1050,-376
5.7231,2051,1965,1050,-376
5.7235,2051,1965,1050,-376
5.7238,2051,1966,1050,-376
5.7242,2051,1966,1050,-376
5.7246,2051,1968,1050,-368
5.7249,2051,1968,1050,-368
5.7253,2051,1968,1050,-368
5.7256,2051,1969,1050,-376
5.7260,2051,1969,1050,-376
5.7264,2051,1969,1050,-376
5.7267,2051,1970,1050,-376
5.7271,2051,1970,1050,-376
5.7275,2051,1970,1050,-376
5.7278,2051,1971,1050,-384
5.7282,2051,1971,1050,-384
5.7286,2051,1972,1050,-384
5.7290,2051,1972,1050,-384
5.7293,2051,1972,1050,-384
5.7297,2051,1973,1050,-384
5.7301,2066,1973,1050,-384
5.7308,2066,1975,1050,-376
5.7312,2066,1975,1050,-376
5.7316,2066,1976,1050,-384
5.7321,2066,1976,1050,-384
5.7324,2066,1976,1050,-384
5.7328,2066,1977,1050,-384
5.7332,2066,1977,1050,-384
5.7336,2066,1978,1050,-384
5.7340,2066,1978,1050,-384
5.7344,2066,1978,1050,-384
5.7348,2066,1979,1150,-392
5.7352,2066,1979,1150,-392
5.7356,2066,1981,1150,-384
5.7360,2066,1981,1150,-384
5.7364,2066,1981,1150,-384
5.7368,2066,1982,1150,-392
5.7372,2066,1982,1150,-392
5.7376,2066,1983,1150,-392
5.7380,2066,1983,1150,-392
5.7384,2066,1983,1150,-392
5.7387,2066,1985,1150,-376
5.7391,2066,1985,1150,-376
5.7395,2066,1986,1150,-384
5.7399,2066,1986,1150,-384
5.7402,2081,1987,1150,-384
5.7409,2081,1987,1150,-384
5.7413,2081,1987,1150,-384
5.7417,2081,1989,1150,-376
5.7421,2081,1989,1150,-376
5.7425,2081,1990,1150,-384
5.7429,2081,1990,1150,-384
5.7433,2081,1990,1150,-384
5.7437,2081,1991,1150,-384
5.7441,2081,1991,1150,-384
5.7445,2081,1992,1150,-392
5.7449,2081,1992,1150,-392
5.7453,2081,1992,1150,-392
5.7457,2081,1994,1150,-384
5.7463,2081,1994,1150,-384
5.7466,2081,1995,1150,-384
5.7470,2081,1995,1150,-384
5.7474,2081,1995,1150,-384
5.7478,2081,1996,1150,-392
5.7481,2081,1996,1150,-392
5.7485,2081,1997,1150,-392
5.7489,2081,1997,1150,-392
5.7492,2081,1997,1150,-392
5.7496,2081,1998,1150,-400
5.7500,2081,1998,1150,-400
5.7503,2095,2000,1150,-392
5.7510,2095,2000,1150,-392
5.7514,2095,2000,1150,-392
5.7518,2095,2001,1150,-392
5.7521,2095,2001,1150,-392
5.7525,2095,2003,1150,-392
5.7529,2095,2003,1150,-392
5.7532,2095,2003,1150,-392
5.7536,2095,2004,1150,-392
5.7539,2095,2004,1150,-392
5.7543,2095,2004,1150,-392
5.7547,2095,2005,1300,-392
5.7551,2095,2005,1300,-392
5.7554,2095,2007,1300,-392
5.7558,2095,2007,1300,-392
5.7562,2095,2007,1300,-392
5.7566,2095,2008,1300,-392
5.7570,2095,2008,1300,-392
5.7573,2095,2008,1300,-392
5.7577,2095,2009,1300,-400
5.7581,2095,2009,1300,-400
5.7585,2095,2011,1300,-392
5.7588,2095,2011,1300,-392
5.7592,2095,2011,1300,-392
5.7596,2095,2012,1300,-400
5.7600,2095,2012,1300,-400
5.7603,2109,2013,1300,-400
5.7610,2109,2013,1300,-400
5.7614,2109,2015,1300,-392
5.7618,2109,2015,1300,-392
5.7621,2109,2015,1300,-392
5.7625,2109,2016,1300,-400
5.7629,2109,2016,1300,-400
5.7632,2109,2016,1300,-400
5.7636,2109,2017,1300,-400
5.7640,2109,2017,1300,-400
5.7644,2109,2019,1300,-400
5.7647,2109,2019,1300,-400
5.7651,2109,2019,1300,-400
5.7655,2109,2020,1300,-400
5.7658,2109,2020,1300,-400
5.7662,2109,2020,1300,-400
5.7666,2109,2021,1300,-408
5.7669,2109,2021,1300,-408
5.7673,2109,2021,1300,-408
5.7677,2109,2022,1300,-408
5.7681,2109,2022,1300,-408
5.7684,2109,2024,1300,-400
5.7688,2109,2024,1300,-400
5.7692,2109,2024,1300,-400
5.7696,2109,2025,1300,-408
5.7700,2109,2025,1300,-408
5.7704,2123,2027,1300,-400
5.7711,2123,2027,1300,-400
5.7715,2123,2028,1300,-400
5.7718,2123,2028,1300,-400
5.7722,2123,2028,1300,-400
5.7726,2123,2029,1300,-408
5.7729,2123,2029,1300,-408
5.7733,2123,2029,1300,-408
5.7736,2123,2031,1300,-400
5.7740,2123,2031,1300,-400
5.7743,2123,2032,1350,-408
5.7747,2123,2032,1350,-408
5.7751,2123,2032,1350,-408
5.7754,2123,2034,1350,-400
5.7758,2123,2034,1350,-400
5.7762,2123,2034,1350,-400
5.7766,2123,2035,1350,-400
5.7770,2123,2035,1350,-400
5.7773,2123,2037,1350,-400
5.7777,2123,2037,1350,-400
5.7781,2123,2037,1350,-400
5.7784,2123,2038,1350,-396
5.7788,2123,2038,1350,-396
5.7791,2123,2038,1350,-396
5.7795,2123,2039,1350,-404
5.7799,2123,2039,1350,-404
5.7802,2136,2041,1350,-396
5.7809,2136,2041,1350,-396
5.7813,2136,2042,1350,-396
5.7817,2136,2042,1350,-396
5.7820,2136,2042,1350,-396
5.7824,2136,2043,1350,-404
5.7827,2136,2043,1350,-404
5.7831,2136,2043,1350,-404
5.7835,2136,2045,1350,-396
5.7839,2136,2045,1350,-396
5.7843,2136,2046,1350,-404
5.7846,2136,2046,1350,-404
5.7850,2136,2046,1350,-404
5.7854,2136,2048,1350,-396
5.7857,2136,2048,1350,-396
5.7860,2136,2048,1350,-396
5.7864,2136,2049,1350,-404
5.7868,2136,2049,1350,-404
5.7872,2136,2049,1350,-404
5.7876,2136,2051,1350,-396
5.7879,2136,2051,1350,-396
5.7883,2136,2052,1350,-396
5.7886,2136,2052,1350,-396
5.7890,2136,2052,1350,-396
5.7894,2136,2053,1350,-404
5.7897,2136,2053,1350,-404
5.7901,2148,2055,1350,-396
5.7908,2148,2055,1350,-396
5.7912,2148,2056,1350,-396
5.7916,2148,2056,1350,-396
5.7920,2148,2056,1350,-396
5.7924,2148,2058,1350,-396
5.7927,2148,2058,1350,-396
5.7931,2148,2058,1350,-396
5.7934,2148,2059,1350,-396
5.7938,2148,2059,1350,-396
5.7942,2148,2061,1450,-396
5.7946,2148,2061,1450,-396
5.7950,2148,2061,1450,-396
5.7953,2148,2062,1450,-396
5.7957,2148,2062,1450,-396
5.7960,2148,2062,1450,-396
5.7964,2148,2064,1450,-388
5.7968,2148,2064,1450,-388
5.7971,2148,2064,1450,-388
5.7975,2148,2065,1450,-396
5.7978,2148,2065,1450,-396
5.7982,2148,2066,1450,-392
5.7986,2148,2066,1450,-392
5.7989,2148,2066,1450,-392
5.7993,2148,2068,1450,-384
5.7996,2148,2068,1450,-384
5.8000,2148,2068,1450,-384
5.8003,2159,2069,1450,-392
5.8010,2159,2069,1450,-392
5.8014,2159,2070,1450,-392
5.8017,2159,2070,1450,-392
5.8021,2159,2070,1450,-392
5.8025,2159,2072,1450,-384
5.8029,2159,2072,1450,-384
5.8032,2159,2073,1450,-392
5.8036,2159,2073,1450,-392
5.8040,2159,2073,1450,-392
5.8044,2159,2075,1450,-384
5.8048,2159,2075,1450,-384
5.8051,2159,2075,1450,-384
5.8055,2159,2076,1450,-384
5.8059,2159,2076,1450,-384
5.8063,2159,2077,1450,-392
5.8066,2159,2077,1450,-392
5.8070,2159,2077,1450,-392
5.8074,2159,2079,1450,-384
5.8077,2159,2079,1450,-384
5.8081,2159,2079,1450,-384
5.8085,2159,2081,1450,-376
5.8088,2159,2081,1450,-376
5.8092,2159,2082,1450,-384
5.8096,2159,2082,1450,-384
5.8100,2159,2082,1450,-384
5.8103,2170,2083,1450,-384
5.8110,2170,2083,1450,-384
5.8114,2170,2085,1450,-376
5.8118,2170,2085,1450,-376
5.8121,2170,2086,1450,-384
5.8125,2170,2086,1450,-384
5.8129,2170,2086,1450,-384
5.8132,2170,2087,1450,-384
5.8136,2170,2087,1450,-384
5.8139,2170,2087,1450,-384
5.8143,2170,2089,1400,-376
5.8147,2170,2089,1400,-376
5.8150,2170,2089,1400,-376
5.8154,2170,2090,1400,-384
5.8157,2170,2090,1400,-384
5.8161,2170,2091,1400,-384
5.8165,2170,2091,1400,-384
5.8168,2170,2091,1400,-384
5.8172,2170,2093,1400,-376
5.8176,2170,2093,1400,-376
5.8180,2170,2093,1400,-376
5.8184,2170,2094,1400,-380
5.8187,2170,2094,1400,-380
5.8191,2170,2095,1400,-380
5.8195,2170,2095,1400,-380
5.8199,2170,2095,1400,-380
5.8202,2179,2097,1400,-372
5.8209,2179,2097,1400,-372
5.8213,2179,2098,1400,-372
5.8216,2179,2098,1400,-372
5.8220,2179,2098,1400,-372
5.8224,2179,2100,1400,-372
5.8227,2179,2100,1400,-372
5.8231,2179,2101,1400,-372
5.8235,2179,2101,1400,-372
5.8238,2179,2101,1400,-372
5.8242,2179,2103,1400,-364
5.8246,2179,2103,1400,-364
5.8250,2179,2103,1400,-364
5.8254,2179,2104,1400,-364
5.8257,2179,2104,1400,-364
5.8261,2179,2105,1400,-372
5.8265,2179,2105,1400,-372
5.8269,2179,2105,1400,-372
5.8273,2179,2107,1400,-364
5.8277,2179,2107,1400,-364
5.8281,2179,2108,1400,-364
5.8285,2179,2108,1400,-364
5.8289,2179,2108,1400,-364
5.8293,2179,2110,1400,-356
5.8297,2179,2110,1400,-356
5.8301,2187,2111,1400,-356
5.8308,2187,2111,1400,-356
5.8312,2187,2112,1400,-356
5.8316,2187,2112,1400,-356
5.8320,2187,2112,1400,-356
5.8324,2187,2114,1400,-348
5.8327,2187,2114,1400,-348
5.8331,2187,2115,1400,-356
5.8336,2187,2115,1400,-356
5.8340,2187,2115,1400,-356
5.8343,2187,2116,1350,-356
5.8347,2187,2116,1350,-356
5.8350,2187,2117,1350,-356
5.8354,2187,2117,1350,-356
5.8358,2187,2117,1350,-356
5.8361,2187,2119,1350,-348
5.8365,2187,2119,1350,-348
5.8369,2187,2119,1350,-348
5.8372,2187,2120,1350,-348
5.8376,2187,2120,1350,-348
5.8379,2187,2120,1350,-348
5.8383,2187,2121,1350,-348
5.8387,2187,2121,1350,-348
5.8390,2187,2123,1350,-340
5.8394,2187,2123,1350,-340
5.8398,2187,2123,1350,-340
5.8401,2195,2124,1350,-340
5.8408,2195,2124,1350,-340
5.8412,2195,2126,1350,-332
5.8416,2195,2126,1350,-332
5.8420,2195,2127,1350,-332
5.8423,2195,2127,1350,-332
5.8427,2195,2127,1350,-332
5.8431,2195,2128,1350,-332
5.8434,2195,2128,1350,-332
5.8438,2195,2128,1350,-332
5.8442,2195,2130,1350,-324
5.8446,2195,2130,1350,-324
5.8449,2195,2130,1350,-324
5.8453,2195,2131,1350,-324
5.8457,2195,2131,1350,-324
5.8460,2195,2132,1350,-324
5.8464,2195,2132,1350,-324
5.8468,2195,2132,1350,-324
5.8471,2195,2134,1350,-316
5.8475,2195,2134,1350,-316
5.8478,2195,2134,1350,-316
5.8482,2195,2135,1350,-316
5.8486,2195,2135,1350,-316
5.8490,2195,2136,1350,-316
5.8493,2195,2136,1350,-316
5.8497,2195,2136,1350,-316
5.8500,2201,2138,1350,-308
5.8507,2201,2138,1350,-308
5.8511,2201,2139,1350,-308
5.8515,2201,2139,1350,-308
5.8519,2201,2139,1350,-308
5.8522,2201,2140,1350,-308
5.8526,2201,2140,1350,-308
5.8530,2201,2141,1350,-308
5.8533,2201,2141,1350,-308
5.8537,2201,2141,1350,-308
5.8540,2201,2143,1350,-300
5.8544,2201,2143,1350,-300
5.8548,2201,2143,1350,-300
5.8552,2201,2144,1350,-300
5.8556,2201,2144,1350,-300
5.8559,2201,2145,1350,-300
5.8563,2201,2145,1350,-300
5.8566,2201,2145,1350,-300
5.8570,2201,2147,1350,-292
5.8574,2201,2147,1350,-292
5.8577,2201,2147,1350,-292
5.8581,2201,2148,1350,-276
5.8585,2201,2148,1350,-276
5.8588,2201,2148,1350,-276
5.8592,2201,2149,1350,-276
5.8596,2201,2149,1350,-276
5.8599,2201,2150,1350,-276
5.8603,2206,2150,1350,-276
5.8611,2206,2152,1350,-268
5.8615,2206,2152,1350,-268
5.8619,2206,2152,1350,-268
5.8622,2206,2153,1350,-268
5.8626,2206,2153,1350,-268
5.8630,2206,2154,1350,-268
5.8634,2206,2154,1350,-268
5.8637,2206,2154,1350,-268
5.8641,2206,2156,1350,-260
5.8645,2206,2156,1350,-260
5.8649,2206,2157,1350,-252
5.8653,2206,2157,1350,-252
5.8656,2206,2157,1350,-252
5.8660,2206,2158,1350,-252
5.8664,2206,2158,1350,-252
5.8668,2206,2158,1350,-252
5.8671,2206,2159,1350,-252
5.8675,2206,2159,1350,-252
5.8679,2206,2160,1350,-252
5.8683,2206,2160,1350,-252
5.8686,2206,2160,1350,-252
5.8690,2206,2161,1350,-252
5.8694,2206,2161,1350,-252
5.8697,2206,2161,1350,-252
5.8701,2209,2162,1350,-252
5.8708,2209,2162,1350,-252
5.8712,2209,2163,1350,-244
5.8716,2209,2163,1350,-244
5.8719,2209,2164,1350,-244
5.8723,2209,2164,1350,-244
5.8727,2209,2164,1350,-244
5.8730,2209,2166,1350,-236
5.8734,2209,2166,1350,-236
5.8737,2209,2166,1350,-236
5.8741,2209,2167,1200,-236
5.8745,2209,2167,1200,-236
5.8748,2209,2167,1200,-236
5.8752,2209,2168,1200,-228
5.8756,2209,2168,1200,-228
5.8759,2209,2169,1200,-228
5.8763,2209,2169,1200,-228
5.8767,2209,2169,1200,-228
5.8771,2209,2170,1200,-228
5.8774,2209,2170,1200,-228
5.8778,2209,2170,1200,-228
5.8781,2209,2171,1200,-220
5.8785,2209,2171,1200,-220
5.8789,2209,2172,1200,-220
5.8792,2209,2172,1200,-220
5.8796,2209,2172,1200,-220
5.8800,2209,2173,1200,-220
5.8803,2212,2173,1200,-220
5.8810,2212,2175,1200,-204
5.8814,2212,2175,1200,-204
5.8817,2212,2175,1200,-204
5.8821,2212,2175,1200,-212
5.8825,2212,2175,1200,-212
5.8829,2212,2176,1200,-212
5.8833,2212,2176,1200,-212
5.8837,2212,2176,1200,-212
5.8841,2212,2177,1200,-204
5.8844,2212,2177,1200,-204
5.8848,2212,2179,1200,-196
5.8852,2212,2179,1200,-196
5.8856,2212,2179,1200,-196
5.8859,2212,2180,1200,-188
5.8863,2212,2180,1200,-188
5.8866,2212,2180,1200,-188
5.8870,2212,2181,1200,-188
5.8874,2212,2181,1200,-188
5.8877,2212,2181,1200,-188
5.8881,2212,2182,1200,-180
5.8885,2212,2182,1200,-180
5.8888,2212,2183,1200,-180
5.8892,2212,2183,1200,-180
5.8896,2212,2183,1200,-180
5.8899,2212,2183,1200,-180
5.8903,2213,2183,1200,-180
5.8910,2213,2184,1200,-180
5.8913,2213,2184,1200,-180
5.8917,2213,2184,1200,-180
5.8921,2213,2185,1200,-172
5.8925,2213,2185,1200,-172
5.8928,2213,2186,1200,-172
5.8932,2213,2186,1200,-172
5.8936,2213,2186,1200,-172
5.8939,2213,2187,1000,-164
5.8943,2213,2187,1000,-164
5.8947,2213,2187,1000,-164
5.8950,2213,2188,1000,-156
5.8954,2213,2188,1000,-156
5.8957,2213,2188,1000,-156
5.8961,2213,2189,1000,-156
5.8965,2213,2189,1000,-156
5.8969,2213,2190,1000,-148
5.8972,2213,2190,1000,-148
5.8976,2213,2190,1000,-148
5.8979,2213,2190,1000,-140
5.8983,2213,2190,1000,-140
5.8987,2213,2190,1000,-140
5.8990,2213,2191,1000,-140
5.8994,2213,2191,1000,-140
5.8998,2213,2192,1000,-132
5.9002,2212,2192,1000,-132
5.9009,2212,2193,1000,-124
5.9013,2212,2193,1000,-124
5.9017,2212,2193,1000,-124
5.9020,2212,2194,1000,-116
5.9024,2212,2194,1000,-116
5.9027,2212,2195,1000,-108
5.9031,2212,2195,1000,-108
5.9035,2212,2195,1000,-108
5.9038,2212,2196,1000,-108
5.9042,2212,2196,1000,-108
5.9046,2212,2196,1000,-108
5.9050,2212,2196,1000,-108
5.9053,2212,2196,1000,-108
5.9057,2212,2196,1000,-100
5.9060,2212,2197,1000,-100
5.9064,2212,2197,1000,-100
5.9067,2212,2198,1000,-92
5.9071,2212,2198,1000,-92
5.9075,2212,2198,1000,-92
5.9079,2212,2199,1000,-84
5.9082,2212,2199,1000,-84
5.9086,2212,2199,1000,-84
5.9090,2212,2199,1000,-84
5.9094,2212,2199,1000,-84
5.9097,2212,2200,1000,-76
5.9101,2211,2200,1000,-76
5.9108,2211,2201,1000,-68
5.9112,2211,2201,1000,-68
5.9116,2211,2201,1000,-68
5.9119,2211,2202,1000,-60
5.9123,2211,2202,1000,-60
5.9127,2211,2202,1000,-52
5.9130,2211,2202,1000,-52
5.9134,2211,2202,1000,-52
5.9138,2211,2203,800,-44
5.9142,2211,2203,800,-44
5.9146,2211,2203,800,-44
5.9150,2211,2204,800,-36
5.9153,2211,2204,800,-36
5.9157,2211,2204,800,-36
5.9160,2211,2204,800,-36
5.9164,2211,2204,800,-36
5.9168,2211,2205,800,-28
5.9171,2211,2205,800,-28
5.9175,2211,2205,800,-28
5.9179,2211,2205,800,36
5.9183,2211,2205,800,36
5.9186,2211,2206,800,44
5.9191,2211,2206,800,44
5.9195,2211,2206,800,44
5.9198,2211,2206,800,44
5.9202,2208,2206,800,44
5.9210,2208,2207,800,52
5.9213,2208,2207,800,52
5.9217,2208,2207,800,52
5.9221,2208,2207,800,52
5.9225,2208,2207,800,52
5.9229,2208,2208,800,68
5.9232,2208,2208,800,68
5.9236,2208,2208,800,68
5.9240,2208,2208,800,68
5.9243,2208,2208,800,68
5.9247,2208,2209,800,76
5.9251,2208,2209,800,76
5.9255,2208,2209,800,76
5.9258,2208,2209,800,76
5.9262,2208,2209,800,76
5.9266,2208,2209,800,76
5.9269,2208,2209,800,76
5.9274,2208,2209,800,76
5.9277,2208,2210,800,76
5.9281,2208,2210,800,76
5.9285,2208,2210,800,76
5.9289,2208,2210,800,76
5.9292,2208,2210,800,76
5.9296,2208,2210,800,84
5.9300,2208,2210,800,84
5.9304,2203,2210,800,84
5.9310,2203,2210,800,84
5.9314,2203,2210,800,84
5.9318,2203,2211,800,92
5.9321,2203,2211,800,92
5.9325,2203,2211,800,92
5.9329,2203,2211,800,92
5.9332,2203,2211,800,92
5.9336,2203,2211,400,100
5.9340,2203,2211,400,100
5.9343,2203,2211,400,100
5.9347,2203,2211,400,100
5.9351,2203,2211,400,100
5.9354,2203,2211,400,100
5.9358,2203,2211,400,100
5.9362,2203,2211,400,100
5.9366,2203,2211,400,108
5.9369,2203,2211,400,108
5.9373,2203,2211,400,108
5.9377,2203,2211,400,84
5.9380,2203,2211,400,84
5.9384,2203,2211,400,84
5.9388,2203,2211,400,92
5.9391,2203,2211,400,92
5.9395,2203,2211,400,92
5.9398,2203,2211,400,92
5.9402,2198,2211,400,92
5.9409,2198,2211,400,92
5.9412,2198,2211,400,92
5.9416,2198,2211,400,100
5.9420,2198,2211,400,100
5.9424,2198,2211,400,100
5.9427,2198,2211,400,100
5.9431,2198,2211,400,100
5.9434,2198,2211,400,100
5.9438,2198,2211,400,108
5.9442,2198,2211,400,108
5.9446,2198,2211,400,108
5.9449,2198,2211,400,108
5.9453,2198,2211,400,108
5.9457,2198,2211,400,116
5.9460,2198,2211,400,116
5.9464,2198,2211,400,116
5.9468,2198,2211,400,116
5.9471,2198,2211,400,116
5.9475,2198,2211,400,124
5.9479,2198,2211,400,124
5.9482,2198,2211,400,124
5.9486,2198,2211,400,124
5.9489,2198,2211,400,124
5.9493,2198,2211,400,124
5.9497,2198,2211,400,124
5.9500,2192,2211,400,124
5.9507,2192,2211,400,132
5.9511,2192,2211,400,132
5.9515,2192,2211,400,132
5.9519,2192,2211,400,132
5.9522,2192,2211,400,132
5.9526,2192,2211,400,140
5.9530,2192,2211,400,140
5.9533,2192,2211,400,140
5.9537,2192,2211,0,140
5.9540,2192,2211,0,140
5.9544,2192,2211,0,140
5.9548,2192,2211,0,148
5.9552,2192,2211,0,148
5.9556,2192,2211,0,148
5.9560,2192,2211,0,148
5.9564,2192,2211,0,148
5.9567,2192,2211,0,156
5.9571,2192,2211,0,156
5.9575,2192,2211,0,156
5.9579,2192,2211,0,156
5.9583,2192,2211,0,156
5.9586,2192,2211,0,164
5.9590,2192,2211,0,164
5.9594,2192,2211,0,164
5.9598,2192,2211,0,164
5.9601,2184,2211,0,172
5.9608,2184,2211,0,172
5.9612,2184,2211,0,172
5.9616,2184,2211,0,172
5.9620,2184,2211,0,172
5.9623,2184,2211,0,172
5.9627,2184,2211,0,180
5.9630,2184,2211,0,180
5.9634,2184,2211,0,180
5.9637,2184,2211,0,180
5.9641,2184,2211,0,180
5.9645,2184,2211,0,188
5.9648,2184,2211,0,188
5.9652,2184,2211,0,188
5.9656,2184,2210,0,180
5.9660,2184,2210,0,180
5.9663,2184,2210,0,180
5.9667,2184,2210,0,188
5.9671,2184,2210,0,188
5.9675,2184,2210,0,196
5.9678,2184,2210,0,196
5.9682,2184,2210,0,196
5.9686,2184,2209,0,188
5.9690,2184,2209,0,188
5.9693,2184,2209,0,196
5.9697,2184,2209,0,196
5.9701,2175,2208,0,196
5.9708,2175,2208,0,196
5.9712,2175,2208,0,196
5.9716,2175,2208,0,196
5.9719,2175,2208,0,196
5.9724,2175,2207,0,196
5.9727,2175,2207,0,196
5.9731,2175,2207,0,196
5.9735,2175,2207,-200,204
5.9739,2175,2207,-200,204
5.9742,2175,2207,-200,204
5.9746,2175,2206,-200,196
5.9751,2175,2206,-200,196
5.9754,2175,2206,-200,204
5.9758,2175,2206,-200,204
5.9762,2175,2206,-200,204
5.9766,2175,2205,-200,204
5.9770,2175,2205,-200,204
5.9774,2175,2205,-200,204
5.9777,2175,2205,-200,204
5.9781,2175,2205,-200,204
5.9785,2175,2205,-200,204
5.9788,2175,2205,-200,204
5.9792,2175,2205,-200,204
5.9796,2175,2204,-200,204
5.9799,2175,2204,-200,204
5.9803,2165,2204,-200,212
5.9810,2165,2204,-200,212
5.9813,2165,2203,-200,204
5.9817,2165,2203,-200,204
5.9821,2165,2203,-200,204
5.9825,2165,2203,-200,212
5.9829,2165,2203,-200,212
5.9833,2165,2203,-200,212
5.9837,2165,2202,-200,212
5.9841,2165,2202,-200,212
5.9844,2165,2201,-200,204
5.9848,2165,2201,-200,204
5.9852,2165,2201,-200,204
5.9856,2165,2201,-200,212
5.9859,2165,2201,-200,212
5.9863,2165,2201,-200,220
5.9867,2165,2201,-200,220
5.9871,2165,2201,-200,220
5.9875,2165,2200,-200,220
5.9879,2165,2200,-200,220
5.9882,2165,2200,-200,220
5.9886,2165,2199,-200,220
5.9889,2165,2199,-200,220
5.9893,2165,2199,-200,228
5.9897,2165,2199,-200,228
5.9900,2154,2198,-200,220
5.9907,2154,2198,-200,220
5.9911,2154,2198,-200,220
5.9914,2154,2197,-200,220
5.9918,2154,2197,-200,220
5.9922,2154,2197,-200,220
5.9926,2154,2197,-200,228
5.9929,2154,2197,-200,228
5.9933,2154,2196,-550,228
5.9937,2154,2196,-550,228
5.9940,2154,2196,-550,228
5.9944,2154,2196,-550,236
5.9948,2154,2196,-550,236
5.9951,2154,2196,-550,236
5.9955,2154,2195,-550,228
5.9958,2154,2195,-550,228
5.9962,2154,2195,-550,228
5.9966,2154,2195,-550,236
5.9970,2154,2195,-550,236
5.9973,2154,2194,-550,224
5.9978,2154,2194,-550,224
5.9981,2154,2194,-550,224
5.9985,2154,2193,-550,224
5.9989,2154,2193,-550,224
5.9993,2154,2193,-550,232
5.9997,2154,2193,-550,232
6.0001,2142,2192,-550,232
6.0007,2142,2192,-550,232
6.0011,2142,2192,-550,232
6.0015,2142,2191,-550,232
6.0019,2142,2191,-550,232
6.0022,2142,2191,-550,240
6.0026,2142,2191,-550,240
6.0030,2142,2191,-550,240
6.0033,2142,2190,-550,240
6.0037,2142,2190,-550,240
6.0041,2142,2190,-550,240
6.0045,2142,2190,-550,248
6.0049,2142,2190,-550,248
6.0052,2142,2189,-550,248
6.0056,2142,2189,-550,248
6.0060,2142,2189,-550,248
6.0064,2142,2188,-550,248
6.0068,2142,2188,-550,248
6.0072,2142,2187,-550,248
6.0076,2142,2187,-550,248
6.0080,2142,2187,-550,248
6.0084,2142,2186,-550,248
6.0088,2142,2186,-550,248
6.0092,2142,2186,-550,256
6.0096,2142,2186,-550,256
6.0100,2142,2186,-550,256
6.0104,2129,2185,-550,248
6.0111,2129,2185,-550,248
6.0115,2129,2184,-550,248
6.0119,2129,2184,-550,248
6.0123,2129,2184,-550,256
6.0126,2129,2184,-550,256
6.0130,2129,2184,-550,256
6.0134,2129,2183,-650,256
6.0138,2129,2183,-650,256
6.0142,2129,2182,-650,256
6.0146,2129,2182,-650,256
6.0150,2129,2182,-650,256
6.0154,2129,2182,-650,264
6.0158,2129,2182,-650,264
6.0162,2129,2181,-650,272
6.0166,2129,2181,-650,272
6.0170,2129,2181,-650,272
6.0174,2129,2180,-650,280
6.0178,2129,2180,-650,280
6.0181,2129,2180,-650,280
6.0185,2129,2179,-650,280
6.0190,2129,2179,-650,280
6.0193,2129,2178,-650,280
6.0197,2129,2178,-650,280
6.0201,2116,2177,-650,280
6.0208,2116,2177,-650,280
6.0212,2116,2176,-650,280
6.0216,2116,2176,-650,280
6.0220,2116,2176,-650,280
6.0224,2116,2176,-650,288
6.0228,2116,2176,-650,288
6.0231,2116,2175,-650,288
6.0235,2116,2175,-650,288
6.0239,2116,2175,-650,288
6.0243,2116,2174,-650,288
6.0247,2116,2174,-650,288
6.0251,2116,2174,-650,296
6.0255,2116,2174,-650,296
6.0259,2116,2174,-650,296
6.0263,2116,2173,-650,296
6.0267,2116,2173,-650,296
6.0271,2116,2172,-650,296
6.0275,2116,2172,-650,296
6.0279,2116,2172,-650,296
6.0283,2116,2171,-650,304
6.0287,2116,2171,-650,304
6.0291,2116,2170,-650,304
6.0295,2116,2170,-650,304
6.0299,2116,2170,-650,304
6.0303,2102,2169,-650,304
6.0310,2102,2169,-650,304
6.0314,2102,2169,-650,312
6.0317,2102,2169,-650,312
6.0321,2102,2168,-650,312
6.0325,2102,2168,-650,312
6.0329,2102,2168,-650,312
6.0333,2102,2167,-800,312
6.0337,2102,2167,-800,312
6.0341,2102,2166,-800,312
6.0345,2102,2166,-800,312
6.0349,2102,2166,-800,312
6.0353,2102,2165,-800,312
6.0357,2102,2165,-800,312
6.0360,2102,2165,-800,312
6.0364,2102,2164,-800,320
6.0368,2102,2164,-800,320
6.0372,2102,2163,-800,316
6.0376,2102,2163,-800,316
6.0380,2102,2163,-800,316
6.0384,2102,2162,-800,316
6.0388,2102,2162,-800,316
6.0392,2102,2161,-800,316
6.0396,2102,2161,-800,316
6.0400,2089,2160,-800,316
6.0408,2089,2160,-800,316
6.0412,2089,2159,-800,316
6.0416,2089,2159,-800,316
6.0420,2089,2159,-800,316
6.0424,2089,2158,-800,324
6.0428,2089,2158,-800,324
6.0432,2089,2157,-800,324
6.0436,2089,2157,-800,324
6.0440,2089,2157,-800,324
6.0444,2089,2156,-800,324
6.0448,2089,2156,-800,324
6.0452,2089,2156,-800,332
6.0456,2089,2156,-800,332
6.0460,2089,2155,-800,332
6.0464,2089,2155,-800,332
6.0468,2089,2155,-800,332
6.0473,2089,2154,-800,340
6.0477,2089,2154,-800,340
6.0480,2089,2153,-800,340
6.0484,2089,2153,-800,340
6.0487,2089,2153,-800,340
6.0491,2089,2152,-800,340
6.0495,2089,2152,-800,340
6.0499,2089,2152,-800,340
6.0502,2074,2150,-800,332
6.0509,2074,2150,-800,332
6.0513,2074,2149,-800,332
6.0517,2074,2149,-800,332
6.0520,2074,2148,-800,332
6.0524,2074,2148,-800,332
6.0528,2074,2148,-800,332
6.0531,2074,2147,-1000,340
6.0535,2074,2147,-1000,340
6.0539,2074,2147,-1000,340
6.0542,2074,2146,-1000,340
6.0546,2074,2146,-1000,340
6.0550,2074,2145,-1000,340
6.0553,2074,2145,-1000,340
6.0557,2074,2145,-1000,340
6.0561,2074,2144,-1000,340
6.0564,2074,2144,-1000,340
6.0568,2074,2144,-1000,340
6.0572,2074,2143,-1000,344
6.0576,2074,2143,-1000,344
6.0580,2074,2142,-1000,344
6.0583,2074,2142,-1000,344
6.0587,2074,2142,-1000,344
6.0591,2074,2141,-1000,344
6.0594,2074,2141,-1000,344
6.0598,2074,2141,-1000,344
6.0602,2059,2140,-1000,344
6.0609,2059,2140,-1000,344
6.0613,2059,2138,-1000,344
6.0617,2059,2138,-1000,344
6.0620,2059,2137,-1000,344
6.0624,2059,2137,-1000,344
6.0628,2059,2137,-1000,344
6.0631,2059,2136,-1000,344
6.0635,2059,2136,-1000,344
6.0638,2059,2136,-1000,344
6.0642,2059,2135,-1000,352
6.0646,2059,2135,-1000,352
6.0649,2059,2134,-1000,352
6.0653,2059,2134,-1000,352
6.0657,2059,2134,-1000,352
6.0660,2059,2133,-1000,352
6.0664,2059,2133,-1000,352
6.0668,2059,2133,-1000,352
6.0671,2059,2132,-1000,352
6.0675,2059,2132,-1000,352
6.0678,2059,2132,-1000,352
6.0682,2059,2131,-1000,360
6.0686,2059,2131,-1000,360
6.0689,2059,2130,-1000,360
6.0693,2059,2130,-1000,360
6.0696,2059,2130,-1000,360
6.0700,2044,2128,-1000,352
6.0707,2044,2128,-1000,352
6.0710,2044,2127,-1000,352
6.0714,2044,2127,-1000,352
6.0717,2044,2127,-1000,352
6.0721,2044,2126,-1000,360
6.0724,2044,2126,-1000,360
6.0728,2044,2126,-1000,360
6.0732,2044,2125,-1100,360
6.0736,2044,2125,-1100,360
6.0740,2044,2124,-1100,360
6.0744,2044,2124,-1100,360
6.0747,2044,2124,-1100,360
6.0751,2044,2123,-1100,368
6.0755,2044,2123,-1100,368
6.0759,2044,2122,-1100,368
6.0762,2044,2122,-1100,368
6.0766,2044,2122,-1100,368
6.0770,2044,2120,-1100,352
6.0774,2044,2120,-1100,352
6.0777,2044,2120,-1100,352
6.0781,2044,2119,-1100,360
6.0785,2044,2119,-1100,360
6.0789,2044,2118,-1100,360
6.0793,2044,2118,-1100,360
6.0796,2044,2118,-1100,360
6.0800,2044,2117,-1100,360
6.0804,2029,2117,-1100,360
6.0811,2029,2116,-1100,368
6.0815,2029,2116,-1100,368
6.0819,2029,2114,-1100,360
6.0822,2029,2114,-1100,360
6.0826,2029,2114,-1100,360
6.0829,2029,2113,-1100,360
6.0833,2029,2113,-1100,360
6.0836,2029,2113,-1100,360
6.0840,2029,2112,-1100,360
6.0844,2029,2112,-1100,360
6.0847,2029,2112,-1100,360
6.0851,2029,2111,-1100,368
6.0855,2029,2111,-1100,368
6.0858,2029,2110,-1100,368
6.0862,2029,2110,-1100,368
6.0866,2029,2110,-1100,368
6.0869,2029,2108,-1100,368
6.0873,2029,2108,-1100,368
6.0876,2029,2108,-1100,368
6.0880,2029,2107,-1100,368
6.0883,2029,2107,-1100,368
6.0887,2029,2107,-1100,368
6.0890,2029,2106,-1100,368
6.0894,2029,2106,-1100,368
6.0898,2029,2106,-1100,368
6.0901,2014,2105,-1100,376
6.0908,2014,2105,-1100,376
6.0912,2014,2104,-1100,376
6.0915,2014,2104,-1100,376
6.0919,2014,2103,-1100,376
6.0923,2014,2103,-1100,376
6.0926,2014,2103,-1100,376
6.0930,2014,2101,-1200,376
6.0933,2014,2101,-1200,376
6.0937,2014,2101,-1200,376
6.0940,2014,2100,-1200,376
6.0944,2014,2100,-1200,376
6.0947,2014,2100,-1200,376
6.0951,2014,2099,-1200,384
6.0954,2014,2099,-1200,384
6.0957,2014,2099,-1200,384
6.0961,2014,2097,-1200,376
6.0965,2014,2097,-1200,376
6.0968,2014,2096,-1200,380
6.0972,2014,2096,-1200,380
6.0976,2014,2096,-1200,380
6.0979,2014,2095,-1200,388
6.0983,2014,2095,-1200,388
6.0986,2014,2095,-1200,388
6.0989,2014,2094,-1200,388
6.0993,2014,2094,-1200,388
6.0996,2014,2094,-1200,388
6.1000,2014,2092,-1200,380
6.1003,1999,2092,-1200,380
6.1010,1999,2091,-1200,388
6.1013,1999,2091,-1200,388
6.1017,1999,2091,-1200,388
6.1020,1999,2090,-1200,388
6.1024,1999,2090,-1200,388
6.1027,1999,2090,-1200,388
6.1031,1999,2088,-1200,380
6.1034,1999,2088,-1200,380
6.1038,1999,2087,-1200,388
6.1041,1999,2087,-1200,388
6.1045,1999,2087,-1200,388
6.1048,1999,2086,-1200,388
6.1052,1999,2086,-1200,388
6.1056,1999,2086,-1200,388
6.1059,1999,2085,-1200,396
6.1063,1999,2085,-1200,396
6.1066,1999,2085,-1200,396
6.1070,1999,2083,-1200,388
6.1073,1999,2083,-1200,388
6.1077,1999,2083,-1200,388
6.1080,1999,2082,-1200,388
6.1084,1999,2082,-1200,388
6.1088,1999,2081,-1200,396
6.1092,1999,2081,-1200,396
6.1097,1999,2081,-1200,396
6.1100,1985,2079,-1200,388
6.1107,1985,2079,-1200,388
6.1110,1985,2078,-1200,396
6.1114,1985,2078,-1200,396
6.1117,1985,2077,-1200,396
6.1121,1985,2077,-1200,396
6.1124,1985,2077,-1200,396
6.1128,1985,2076,-1250,396
6.1131,1985,2076,-1250,396
6.1135,1985,2076,-1250,396
6.1138,1985,2075,-1250,404
6.1142,1985,2075,-1250,404
6.1145,1985,2075,-1250,404
6.1149,1985,2073,-1250,396
6.1152,1985,2073,-1250,396
6.1156,1985,2073,-1250,396
6.1159,1985,2072,-1250,404
6.1162,1985,2072,-1250,404
6.1166,1985,2072,-1250,404
6.1169,1985,2070,-1250,392
6.1173,1985,2070,-1250,392
6.1176,1985,2070,-1250,392
6.1179,1985,2069,-1250,400
6.1183,1985,2069,-1250,400
6.1186,1985,2069,-1250,400
6.1190,1985,2068,-1250,400
6.1193,1985,2068,-1250,400
6.1197,1985,2066,-1250,400
6.1200,1971,2066,-1250,400
6.1207,1971,2065,-1250,400
6.1210,1971,2065,-1250,400
6.1214,1971,2065,-1250,400
6.1217,1971,2064,-1250,400
6.1221,1971,2064,-1250,400
6.1224,1971,2064,-1250,400
6.1227,1971,2062,-1250,400
6.1231,1971,2062,-1250,400
6.1235,1971,2062,-1250,400
6.1238,1971,2061,-1250,400
6.1242,1971,2061,-1250,400
6.1245,1971,2061,-1250,400
6.1249,1971,2059,-1250,400
6.1252,1971,2059,-1250,400
6.1256,1971,2059,-1250,400
6.1259,1971,2058,-1250,400
6.1263,1971,2058,-1250,400
6.1266,1971,2058,-1250,400
6.1270,1971,2057,-1250,408
6.1273,1971,2057,-1250,408
6.1276,1971,2055,-1250,400
6.1280,1971,2055,-1250,400
6.1283,1971,2055,-1250,400
6.1287,1971,2054,-1250,400
6.1291,1971,2054,-1250,400
6.1295,1971,2054,-1250,400
6.1298,1971,2053,-1250,408
6.1302,1958,2053,-1250,408
6.1309,1958,2051,-1250,400
6.1312,1958,2051,-1250,400
6.1316,1958,2051,-1250,400
6.1319,1958,2050,-1250,408
6.1322,1958,2050,-1250,408
6.1326,1958,2050,-1250,408
6.1329,1958,2049,-1350,408
6.1333,1958,2049,-1350,408
6.1337,1958,2047,-1350,400
6.1340,1958,2047,-1350,400
6.1343,1958,2047,-1350,400
6.1347,1958,2046,-1350,408
6.1350,1958,2046,-1350,408
6.1354,1958,2046,-1350,408
6.1357,1958,2044,-1350,400
6.1361,1958,2044,-1350,400
6.1365,1958,2044,-1350,400
6.1369,1958,2043,-1350,408
6.1373,1958,2043,-1350,408
6.1376,1958,2042,-1350,408
6.1380,1958,2042,-1350,408
6.1383,1958,2042,-1350,408
6.1387,1958,2040,-1350,400
6.1390,1958,2040,-1350,400
6.1394,1958,2040,-1350,400
6.1397,1958,2038,-1350,400
6.1401,1945,2038,-1350,400
6.1408,1945,2037,-1350,400
6.1412,1945,2037,-1350,400
6.1416,1945,2035,-1350,392
6.1419,1945,2035,-1350,392
6.1423,1945,2035,-1350,392
6.1427,1945,2034,-1350,400
6.1430,1945,2034,-1350,400
6.1434,1945,2034,-1350,400
6.1437,1945,2033,-1350,400
6.1441,1945,2033,-1350,400
6.1444,1945,2033,-1350,400
6.1448,1945,2032,-1350,400
6.1451,1945,2032,-1350,400
6.1455,1945,2032,-1350,400
6.1458,1945,2030,-1350,400
6.1462,1945,2030,-1350,400
6.1465,1945,2029,-1350,400
6.1469,1945,2029,-1350,400
6.1473,1945,2029,-1350,400
6.1476,1945,2027,-1350,400
6.1480,1945,2027,-1350,400
6.1483,1945,2027,-1350,400
6.1487,1945,2026,-1350,400
6.1490,1945,2026,-1350,400
6.1494,1945,2026,-1350,400
6.1498,1945,2025,-1350,400
6.1501,1933,2025,-1350,400
6.1508,1933,2023,-1350,400
6.1512,1933,2023,-1350,400
6.1516,1933,2022,-1350,400
6.1519,1933,2022,-1350,400
6.1523,1933,2022,-1350,400
6.1526,1933,2020,-1450,392
6.1530,1933,2020,-1450,392
6.1533,1933,2020,-1450,392
6.1537,1933,2019,-1450,400
6.1540,1933,2019,-1450,400
6.1544,1933,2019,-1450,400
6.1547,1933,2017,-1450,392
6.1551,1933,2017,-1450,392
6.1555,1933,2017,-1450,392
6.1558,1933,2016,-1450,392
6.1562,1933,2016,-1450,392
6.1566,1933,2014,-1450,376
6.1569,1933,2014,-1450,376
6.1573,1933,2014,-1450,376
6.1576,1933,2013,-1450,376
6.1580,1933,2013,-1450,376
6.1583,1933,2013,-1450,376
6.1587,1933,2012,-1450,376
6.1591,1933,2012,-1450,376
6.1594,1933,2012,-1450,376
6.1598,1933,2010,-1450,376
6.1602,1922,2009,-1450,376
6.1609,1922,2009,-1450,376
6.1613,1922,2009,-1450,376
6.1616,1922,2007,-1450,368
6.1620,1922,2007,-1450,368
6.1623,1922,2007,-1450,368
6.1627,1922,2006,-1450,368
6.1631,1922,2006,-1450,368
6.1635,1922,2005,-1450,376
6.1639,1922,2005,-1450,376
6.1642,1922,2005,-1450,376
6.1646,1922,2003,-1450,368
6.1650,1922,2003,-1450,368
6.1653,1922,2003,-1450,368
6.1657,1922,2002,-1450,368
6.1661,1922,2002,-1450,368
6.1665,1922,2001,-1450,376
6.1669,1922,2001,-1450,376
6.1672,1922,2001,-1450,376
6.1676,1922,1999,-1450,368
6.1680,1922,1999,-1450,368
6.1683,1922,1999,-1450,368
6.1687,1922,1998,-1450,368
6.1691,1922,1998,-1450,368
6.1694,1922,1996,-1450,368
6.1698,1922,1996,-1450,368
6.1702,1912,1995,-1450,368
6.1709,1912,1995,-1450,368
6.1713,1912,1995,-1450,368
6.1717,1912,1993,-1450,360
6.1720,1912,1993,-1450,360
6.1724,1912,1993,-1450,360
6.1727,1912,1992,-1400,360
6.1731,1912,1992,-1400,360
6.1735,1912,1991,-1400,368
6.1738,1912,1991,-1400,368
6.1742,1912,1991,-1400,368
6.1746,1912,1989,-1400,360
6.1749,1912,1989,-1400,360
6.1753,1912,1989,-1400,360
6.1757,1912,1988,-1400,360
6.1760,1912,1988,-1400,360
6.1764,1912,1987,-1400,372
6.1768,1912,1987,-1400,372
6.1771,1912,1987,-1400,372
6.1775,1912,1985,-1400,364
6.1778,1912,1985,-1400,364
6.1782,1912,1985,-1400,364
6.1786,1912,1984,-1400,364
6.1790,1912,1984,-1400,364
6.1793,1912,1984,-1400,364
6.1797,1912,1983,-1400,364
6.1801,1903,1981,-1400,364
6.1807,1903,1981,-1400,364
6.1811,1903,1981,-1400,364
6.1815,1903,1980,-1400,364
6.1818,1903,1980,-1400,364
6.1822,1903,1980,-1400,364
6.1826,1903,1979,-1400,364
6.1831,1903,1979,-1400,364
6.1835,1903,1978,-1400,364
6.1839,1903,1978,-1400,364
6.1842,1903,1978,-1400,364
6.1846,1903,1976,-1400,364
6.1850,1903,1976,-1400,364
6.1854,1903,1975,-1400,364
6.1858,1903,1975,-1400,364
6.1862,1903,1975,-1400,364
6.1866,1903,1973,-1400,356
6.1870,1903,1973,-1400,356
6.1874,1903,1972,-1400,356
6.1878,1903,1972,-1400,356
6.1881,1903,1972,-1400,356
6.1885,1903,1971,-1400,356
6.1889,1903,1971,-1400,356
6.1893,1903,1971,-1400,356
6.1896,1903,1969,-1400,348
6.1900,1903,1969,-1400,348
6.1903,1894,1968,-1400,356
6.1910,1894,1968,-1400,356
6.1914,1894,1967,-1400,356
6.1918,1894,1967,-1400,356
6.1922,1894,1967,-1400,356
6.1926,1894,1965,-1350,348
6.1930,1894,1965,-1350,348
6.1934,1894,1964,-1350,348
6.1938,1894,1964,-1350,348
6.1942,1894,1964,-1350,348
6.1946,1894,1963,-1350,348
6.1950,1894,1963,-1350,348
6.1953,1894,1961,-1350,340
6.1957,1894,1961,-1350,340
6.1961,1894,1961,-1350,340
6.1965,1894,1960,-1350,340
6.1968,1894,1960,-1350,340
6.1972,1894,1960,-1350,340
6.1976,1894,1959,-1350,340
6.1980,1894,1959,-1350,340
6.1983,1894,1957,-1350,332
6.1987,1894,1957,-1350,332
6.1991,1894,1957,-1350,332
6.1995,1894,1956,-1350,332
6.1998,1894,1956,-1350,332
6.2002,1887,1955,-1350,332
6.2009,1887,1955,-1350,332
6.2013,1887,1953,-1350,324
6.2017,1887,1953,-1350,324
6.2021,1887,1953,-1350,324
6.2025,1887,1952,-1350,324
6.2029,1887,1952,-1350,324
6.2032,1887,1952,-1350,324
6.2036,1887,1951,-1350,324
6.2039,1887,1951,-1350,324
6.2043,1887,1949,-1350,316
6.2047,1887,1949,-1350,316
6.2050,1887,1949,-1350,316
6.2054,1887,1948,-1350,316
6.2057,1887,1948,-1350,316
6.2061,1887,1948,-1350,316
6.2065,1887,1947,-1350,316
6.2068,1887,1947,-1350,316
6.2072,1887,1946,-1350,316
6.2076,1887,1946,-1350,316
6.2080,1887,1946,-1350,316
6.2084,1887,1944,-1350,308
6.2088,1887,1944,-1350,308
6.2091,1887,1944,-1350,308
6.2095,1887,1943,-1350,308
6.2099,1887,1943,-1350,308
6.2102,1882,1942,-1350,308
6.2109,1882,1942,-1350,308
6.2113,1882,1940,-1350,300
6.2117,1882,1940,-1350,300
6.2120,1882,1940,-1350,300
6.2124,1882,1939,-1300,300
6.2127,1882,1939,-1300,300
6.2131,1882,1939,-1300,300
6.2135,1882,1938,-1300,300
6.2138,1882,1938,-1300,300
6.2142,1882,1937,-1300,300
6.2146,1882,1937,-1300,300
6.2150,1882,1937,-1300,300
6.2153,1882,1936,-1300,300
6.2157,1882,1936,-1300,300
6.2160,1882,1936,-1300,300
6.2164,1882,1934,-1300,280
6.2168,1882,1934,-1300,280
6.2171,1882,1934,-1300,280
6.2175,1882,1933,-1300,280
6.2179,1882,1933,-1300,280
6.2182,1882,1932,-1300,280
6.2186,1882,1932,-1300,280
6.2190,1882,1932,-1300,280
6.2193,1882,1930,-1300,272
6.2197,1882,1930,-1300,272
6.2200,1877,1929,-1300,272
6.2207,1877,1929,-1300,272
6.2210,1877,1929,-1300,272
6.2214,1877,1928,-1300,264
6.2217,1877,1928,-1300,264
6.2221,1877,1928,-1300,264
6.2225,1877,1927,-1300,264
6.2230,1877,1927,-1300,264
6.2233,1877,1926,-1300,264
6.2237,1877,1926,-1300,264
6.2241,1877,1926,-1300,264
6.2244,1877,1925,-1300,264
6.2248,1877,1925,-1300,264
6.2252,1877,1923,-1300,256
6.2256,1877,1923,-1300,256
6.2260,1877,1923,-1300,256
6.2263,1877,1922,-1300,256
6.2267,1877,1922,-1300,256
6.2270,1877,1922,-1300,256
6.2274,1877,1921,-1300,256
6.2278,1877,1921,-1300,256
6.2282,1877,1920,-1300,248
6.2286,1877,1920,-1300,248
6.2290,1877,1920,-1300,248
6.2293,1877,1919,-1300,248
6.2297,1877,1919,-1300,248
6.2301,1874,1918,-1300,248
6.2308,1874,1918,-1300,248
6.2312,1874,1917,-1300,248
6.2316,1874,1917,-1300,248
6.2319,1874,1917,-1300,248
6.2324,1874,1915,-1200,232
6.2327,1874,1915,-1200,232
6.2331,1874,1914,-1200,232
6.2335,1874,1914,-1200,232
6.2339,1874,1914,-1200,232
6.2343,1874,1913,-1200,232
6.2347,1874,1913,-1200,232
6.2351,1874,1912,-1200,224
6.2355,1874,1912,-1200,224
6.2359,1874,1912,-1200,224
6.2363,1874,1911,-1200,220
6.2366,1874,1911,-1200,220
6.2370,1874,1911,-1200,220
6.2374,1874,1910,-1200,220
6.2378,1874,1910,-1200,220
6.2382,1874,1909,-1200,212
6.2386,1874,1909,-1200,212
6.2390,1874,1909,-1200,212
6.2394,1874,1908,-1200,212
6.2397,1874,1908,-1200,212
6.2401,1872,1907,-1200,204
6.2408,1872,1907,-1200,204
6.2412,1872,1906,-1200,204
6.2416,1872,1906,-1200,204
6.2420,1872,1906,-1200,204
6.2424,1872,1905,-1200,204
6.2428,1872,1905,-1200,204
6.2432,1872,1904,-1200,196
6.2436,1872,1904,-1200,196
6.2440,1872,1904,-1200,196
6.2444,1872,1903,-1200,196
6.2448,1872,1903,-1200,196
6.2453,1872,1902,-1200,188
6.2457,1872,1902,-1200,188
6.2461,1872,1901,-1200,188
6.2464,1872,1901,-1200,188
6.2468,1872,1901,-1200,188
6.2473,1872,1900,-1200,180
6.2477,1872,1900,-1200,180
6.2481,1872,1899,-1200,172
6.2485,1872,1899,-1200,172
6.2489,1872,1899,-1200,172
6.2494,1872,1898,-1200,172
6.2498,1872,1898,-1200,172
6.2502,1871,1897,-1200,164
6.2510,1871,1897,-1200,164
6.2514,1871,1896,-1200,164
6.2518,1871,1896,-1200,164
6.2522,1871,1895,-1000,156
6.2526,1871,1895,-1000,156
6.2531,1871,1894,-1000,148
6.2535,1871,1894,-1000,148
6.2539,1871,1894,-1000,148
6.2543,1871,1893,-1000,148
6.2547,1871,1893,-1000,148
6.2551,1871,1893,-1000,148
6.2555,1871,1893,-1000,148
6.2559,1871,1893,-1000,148
6.2563,1871,1892,-1000,128
6.2567,1871,1892,-1000,128
6.2571,1871,1891,-1000,128
6.2576,1871,1891,-1000,128
6.2580,1871,1890,-1000,120
6.2584,1871,1890,-1000,120
6.2589,1871,1890,-1000,120
6.2593,1871,1889,-1000,112
6.2598,1871,1889,-1000,112
6.2602,1872,1888,-1000,104
6.2610,1872,1887,-1000,96
6.2614,1872,1887,-1000,96
6.2618,1872,1887,-1000,96
6.2623,1872,1887,-1000,96
6.2627,1872,1887,-1000,96
6.2631,1872,1886,-1000,96
6.2635,1872,1886,-1000,96
6.2639,1872,1886,-1000,96
6.2644,1872,1885,-1000,88
6.2648,1872,1885,-1000,88
6.2653,1872,1885,-1000,88
6.2657,1872,1885,-1000,88
6.2660,1872,1884,-1000,80
6.2664,1872,1884,-1000,80
6.2668,1872,1884,-1000,80
6.2672,1872,1883,-1000,72
6.2676,1872,1883,-1000,72
6.2681,1872,1882,-1000,56
6.2685,1872,1882,-1000,56
6.2689,1872,1882,-1000,56
6.2693,1872,1882,-1000,56
6.2696,1872,1882,-1000,56
6.2700,1874,1881,-1000,48
6.2708,1874,1881,-1000,48
6.2713,1874,1881,-1000,48
6.2717,1874,1881,-1000,48
6.2720,1874,1880,-750,40
6.2724,1874,1880,-750,40
6.2728,1874,1880,-750,40
6.2732,1874,1879,-750,32
6.2736,1874,1879,-750,32
6.2740,1874,1879,-750,24
6.2744,1874,1879,-750,24
6.2748,1874,1879,-750,24
6.2752,1874,1878,-750,0
6.2756,1874,1878,-750,0
6.2760,1874,1877,-750,-44
6.2764,1874,1877,-750,-44
6.2768,1874,1877,-750,-44
6.2772,1874,1877,-750,-52
6.2776,1874,1877,-750,-52
6.2780,1874,1876,-750,-60
6.2784,1874,1876,-750,-60
6.2788,1874,1876,-750,-60
6.2792,1874,1876,-750,-60
6.2796,1874,1876,-750,-60
6.2800,1874,1875,-750,-68
6.2804,1877,1875,-750,-68
6.2810,1877,1875,-750,-68
6.2814,1877,1875,-750,-68
6.2818,1877,1875,-750,-68
6.2822,1877,1874,-750,-76
6.2826,1877,1874,-750,-76
6.2830,1877,1874,-750,-76
6.2834,1877,1874,-750,-76
6.2838,1877,1874,-750,-76
6.2842,1877,1874,-750,-76
6.2846,1877,1874,-750,-76
6.2850,1877,1874,-750,-76
6.2853,1877,1874,-750,-76
6.2857,1877,1874,-750,-76
6.2861,1877,1873,-750,-84
6.2865,1877,1873,-750,-84
6.2869,1877,1873,-750,-84
6.2872,1877,1873,-750,-84
6.2876,1877,1873,-750,-84
6.2880,1877,1873,-750,-84
6.2884,1877,1873,-750,-84
6.2888,1877,1873,-750,-84
6.2892,1877,1873,-750,-92
6.2896,1877,1873,-750,-92
6.2900,1877,1872,-750,-100
6.2903,1882,1872,-750,-100
6.2910,1882,1872,-750,-100
6.2914,1882,1872,-750,-100
6.2918,1882,1872,-750,-100
6.2922,1882,1872,-400,-100
6.2926,1882,1872,-400,-100
6.2929,1882,1872,-400,-108
6.2933,1882,1872,-400,-108
6.2937,1882,1872,-400,-108
6.2940,1882,1872,-400,-108
6.2944,1882,1872,-400,-108
6.2948,1882,1872,-400,-108
6.2951,1882,1872,-400,-108
6.2955,1882,1872,-400,-108
6.2959,1882,1872,-400,-92
6.2962,1882,1872,-400,-92
6.2967,1882,1872,-400,-92
6.2972,1882,1872,-400,-92
6.2976,1882,1872,-400,-92
6.2980,1882,1872,-400,-92
6.2984,1882,1872,-400,-92
6.2987,1882,1872,-400,-92
6.2991,1882,1872,-400,-100
6.2995,1882,1872,-400,-100
6.2998,1882,1872,-400,-100
6.3002,1888,1872,-400,-100
6.3009,1888,1872,-400,-108
6.3013,1888,1872,-400,-108
6.3016,1888,1872,-400,-108
6.3020,1888,1872,-400,-108
6.3023,1888,1872,-400,-108
6.3027,1888,1872,-400,-108
6.3031,1888,1872,-400,-116
6.3035,1888,1872,-400,-116
6.3039,1888,1872,-400,-116
6.3042,1888,1872,-400,-116
6.3046,1888,1872,-400,-116
6.3050,1888,1872,-400,-124
6.3053,1888,1872,-400,-124
6.3057,1888,1872,-400,-124
6.3061,1888,1872,-400,-124
6.3064,1888,1872,-400,-124
6.3068,1888,1872,-400,-132
6.3072,1888,1872,-400,-132
6.3076,1888,1872,-400,-132
6.3079,1888,1872,-400,-132
6.3083,1888,1872,-400,-132
6.3086,1888,1872,-400,-132
6.3090,1888,1872,-400,-140
6.3094,1888,1872,-400,-140
6.3097,1888,1872,-400,-140
6.3101,1895,1872,-400,-140
6.3108,1895,1872,-400,-148
6.3111,1895,1872,-400,-148
6.3115,1895,1872,-400,-148
6.3118,1895,1872,0,-148
6.3122,1895,1872,0,-148
6.3126,1895,1872,0,-148
6.3129,1895,1872,0,-156
6.3133,1895,1872,0,-156
6.3136,1895,1872,0,-156
6.3140,1895,1872,0,-156
6.3144,1895,1872,0,-156
6.3147,1895,1872,0,-164
6.3151,1895,1872,0,-164
6.3155,1895,1872,0,-164
6.3158,1895,1872,0,-164
6.3163,1895,1872,0,-164
6.3166,1895,1872,0,-164
6.3170,1895,1872,0,-172
6.3174,1895,1872,0,-172
6.3177,1895,1872,0,-180
6.3181,1895,1872,0,-180
6.3185,1895,1872,0,-180
6.3188,1895,1873,0,-172
6.3192,1895,1873,0,-172
6.3196,1895,1873,0,-172
6.3200,1895,1873,0,-180
6.3203,1903,1873,0,-180
6.3210,1903,1873,0,-180
6.3214,1903,1873,0,-180
6.3217,1903,1874,0,-180
6.3221,1903,1874,0,-180
6.3225,1903,1874,0,-180
6.3228,1903,1874,0,-188
6.3232,1903,1874,0,-188
6.3236,1903,1874,0,-188
6.3239,1903,1874,0,-188
6.3243,1903,1874,0,-188
6.3247,1903,1875,0,-188
6.3251,1903,1875,0,-188
6.3254,1903,1875,0,-188
6.3258,1903,1875,0,-188
6.3262,1903,1875,0,-188
6.3266,1903,1875,0,-188
6.3269,1903,1876,0,-188
6.3273,1903,1876,0,-188
6.3276,1903,1876,0,-188
6.3280,1903,1876,0,-196
6.3284,1903,1876,0,-196
6.3287,1903,1876,0,-196
6.3291,1903,1876,0,-196
6.3295,1903,1876,0,-196
6.3298,1903,1877,0,-196
6.3302,1912,1877,0,-196
6.3309,1912,1877,0,-204
6.3313,1912,1877,0,-204
6.3317,1912,1878,300,-196
6.3320,1912,1878,300,-196
6.3324,1912,1878,300,-196
6.3328,1912,1878,300,-204
6.3332,1912,1878,300,-204
6.3336,1912,1878,300,-204
6.3340,1912,1878,300,-204
6.3343,1912,1878,300,-204
6.3347,1912,1879,300,-204
6.3350,1912,1879,300,-204
6.3354,1912,1879,300,-204
6.3358,1912,1879,300,-200
6.3362,1912,1879,300,-200
6.3366,1912,1879,300,-200
6.3370,1912,1880,300,-200
6.3373,1912,1880,300,-200
6.3377,1912,1880,300,-200
6.3381,1912,1880,300,-200
6.3385,1912,1880,300,-200
6.3388,1912,1881,300,-200
6.3392,1912,1881,300,-200
6.3396,1912,1881,300,-208
6.3400,1912,1881,300,-208
6.3403,1922,1882,300,-208
6.3410,1922,1882,300,-208
6.3414,1922,1882,300,-208
6.3417,1922,1882,300,-208
6.3421,1922,1882,300,-208
6.3425,1922,1882,300,-208
6.3428,1922,1883,300,-208
6.3433,1922,1883,300,-208
6.3437,1922,1884,300,-208
6.3441,1922,1884,300,-208
6.3445,1922,1884,300,-208
6.3448,1922,1884,300,-216
6.3452,1922,1884,300,-216
6.3456,1922,1885,300,-208
6.3460,1922,1885,300,-208
6.3463,1922,1885,300,-208
6.3467,1922,1885,300,-216
6.3471,1922,1885,300,-216
6.3475,1922,1885,300,-216
6.3478,1922,1886,300,-216
6.3482,1922,1886,300,-216
6.3486,1922,1886,300,-224
6.3489,1922,1886,300,-224
6.3493,1922,1886,300,-224
6.3497,1922,1887,300,-224
6.3500,1933,1887,300,-224
6.3507,1933,1887,300,-224
6.3511,1933,1887,300,-224
6.3514,1933,1887,300,-224
6.3518,1933,1888,500,-224
6.3522,1933,1888,500,-224
6.3526,1933,1889,500,-224
6.3529,1933,1889,500,-224
6.3533,1933,1889,500,-224
6.3536,1933,1889,500,-232
6.3540,1933,1889,500,-232
6.3543,1933,1889,500,-232
6.3547,1933,1890,500,-224
6.3550,1933,1890,500,-224
6.3554,1933,1890,500,-224
6.3557,1933,1891,500,-212
6.3561,1933,1891,500,-212
6.3565,1933,1891,500,-212
6.3568,1933,1892,500,-212
6.3572,1933,1892,500,-212
6.3576,1933,1892,500,-220
6.3580,1933,1892,500,-220
6.3583,1933,1892,500,-220
6.3587,1933,1892,500,-228
6.3591,1933,1892,500,-228
6.3595,1933,1892,500,-228
6.3599,1933,1893,500,-228
6.3603,1946,1894,500,-228
6.3610,1946,1894,500,-228
6.3613,1946,1894,500,-228
6.3617,1946,1895,500,-228
6.3621,1946,1895,500,-228
6.3625,1946,1895,500,-228
6.3628,1946,1895,500,-228
6.3632,1946,1895,500,-228
6.3636,1946,1896,500,-228
6.3639,1946,1896,500,-228
6.3643,1946,1896,500,-228
6.3647,1946,1897,500,-228
6.3650,1946,1897,500,-228
6.3654,1946,1897,500,-228
6.3658,1946,1897,500,-236
6.3661,1946,1897,500,-236
6.3665,1946,1898,500,-236
6.3668,1946,1898,500,-236
6.3672,1946,1898,500,-236
6.3676,1946,1899,500,-236
6.3679,1946,1899,500,-236
6.3683,1946,1899,500,-236
6.3686,1946,1900,500,-236
6.3690,1946,1900,500,-236
6.3693,1946,1900,500,-236
6.3697,1946,1900,500,-244
6.3701,1958,1900,500,-244
6.3707,1958,1901,500,-244
6.3711,1958,1901,500,-244
6.3714,1958,1901,500,-244
6.3718,1958,1901,650,-252
6.3722,1958,1901,650,-252
6.3726,1958,1902,650,-252
6.3729,1958,1902,650,-252
6.3733,1958,1902,650,-252
6.3736,1958,1903,650,-252
6.3740,1958,1903,650,-252
6.3743,1958,1903,650,-252
6.3747,1958,1903,650,-260
6.3751,1958,1903,650,-260
6.3754,1958,1904,650,-272
6.3758,1958,1904,650,-272
6.3762,1958,1904,650,-272
6.3766,1958,1905,650,-272
6.3770,1958,1905,650,-272
6.3774,1958,1905,650,-272
6.3777,1958,1906,650,-272
6.3781,1958,1906,650,-272
6.3785,1958,1907,650,-272
6.3788,1958,1907,650,-272
6.3792,1958,1907,650,-272
6.3796,1958,1907,650,-280
6.3800,1958,1907,650,-280
6.3803,1972,1908,650,-280
6.3810,1972,1908,650,-280
6.3813,1972,1908,650,-280
6.3817,1972,1909,650,-280
6.3821,1972,1909,650,-280
6.3825,1972,1910,650,-288
6.3828,1972,1910,650,-288
6.3832,1972,1910,650,-288
6.3836,1972,1911,650,-288
6.3839,1972,1911,650,-288
6.3843,1972,1911,650,-288
6.3847,1972,1911,650,-296
6.3850,1972,1911,650,-296
6.3854,1972,1912,650,-296
6.3858,1972,1912,650,-296
6.3861,1972,1912,650,-296
6.3865,1972,1913,650,-296
6.3868,1972,1913,650,-296
6.3872,1972,1913,650,-296
6.3876,1972,1914,650,-296
6.3879,1972,1914,650,-296
6.3883,1972,1914,650,-296
6.3887,1972,1915,650,-296
6.3891,1972,1915,650,-296
6.3895,1972,1915,650,-304
6.3898,1972,1915,650,-304
6.3903,1986,1916,650,-304
6.3910,1986,1916,650,-304
6.3914,1986,1917,800,-312
6.3917,1986,1917,800,-312
6.3921,1986,1917,800,-312
6.3925,1986,1918,800,-312
6.3929,1986,1918,800,-312
6.3933,1986,1918,800,-312
6.3936,1986,1919,800,-312
6.3940,1986,1919,800,-312
6.3944,1986,1920,800,-312
6.3948,1986,1920,800,-312
6.3952,1986,1920,800,-312
6.3956,1986,1921,800,-308
6.3959,1986,1921,800,-308
6.3963,1986,1922,800,-316
6.3967,1986,1922,800,-316
6.3971,1986,1922,800,-316
6.3975,1986,1922,800,-324
6.3979,1986,1922,800,-324
6.3983,1986,1922,800,-324
6.3986,1986,1923,800,-324
6.3990,1986,1923,800,-324
6.3994,1986,1924,800,-324
6.3997,1986,1924,800,-324
6.4001,2000,1925,800,-324
6.4008,2000,1925,800,-324
6.4012,2000,1925,800,-324
6.4016,2000,1926,800,-324
6.4020,2000,1926,800,-324
6.4024,2000,1927,800,-332
6.4027,2000,1927,800,-332
6.4031,2000,1927,800,-332
6.4035,2000,1928,800,-332
6.4039,2000,1928,800,-332
6.4043,2000,1928,800,-332
6.4046,2000,1929,800,-332
6.4050,2000,1929,800,-332
6.4054,2000,1930,800,-332
6.4057,2000,1930,800,-332
6.4061,2000,1930,800,-332
6.4065,2000,1931,800,-340
6.4068,2000,1931,800,-340
6.4072,2000,1931,800,-340
6.4076,2000,1932,800,-340
6.4079,2000,1932,800,-340
6.4083,2000,1933,800,-340
6.4087,2000,1933,800,-340
6.4090,2000,1933,800,-340
6.4094,2000,1934,800,-340
6.4098,2000,1934,800,-340
6.4102,2015,1935,800,-348
6.4109,2015,1935,800,-348
6.4113,2015,1936,950,-348
6.4117,2015,1936,950,-348
6.4120,2015,1936,950,-348
6.4124,2015,1937,950,-348
6.4127,2015,1937,950,-348
6.4131,2015,1937,950,-348
6.4135,2015,1938,950,-348
6.4138,2015,1938,950,-348
6.4142,2015,1938,950,-348
6.4146,2015,1939,950,-356
6.4149,2015,1939,950,-356
6.4153,2015,1940,950,-360
6.4157,2015,1940,950,-360
6.4160,2015,1940,950,-360
6.4164,2015,1941,950,-360
6.4167,2015,1941,950,-360
6.4171,2015,1941,950,-360
6.4175,2015,1942,950,-360
6.4178,2015,1942,950,-360
6.4182,2015,1942,950,-360
6.4186,2015,1943,950,-368
6.4189,2015,1943,950,-368
6.4193,2015,1945,950,-360
6.4196,2015,1945,950,-360
6.4200,2015,1945,950,-360
6.4203,2030,1946,950,-360
6.4210,2030,1946,950,-360
6.4214,2030,1947,950,-360
6.4217,2030,1947,950,-360
6.4221,2030,1947,950,-360
6.4225,2030,1948,950,-368
6.4228,2030,1948,950,-368
6.4232,2030,1949,950,-368
6.4236,2030,1949,950,-368
6.4240,2030,1949,950,-368
6.4243,2030,1950,950,-368
6.4247,2030,1950,950,-368
6.4251,2030,1950,950,-368
6.4254,2030,1951,950,-368
6.4258,2030,1951,950,-368
6.4262,2030,1952,950,-376
6.4266,2030,1952,950,-376
6.4270,2030,1952,950,-376
6.4273,2030,1954,950,-368
6.4277,2030,1954,950,-368
6.4282,2030,1955,950,-368
6.4286,2030,1955,950,-368
6.4289,2030,1955,950,-368
6.4293,2030,1956,950,-376
6.4296,2030,1956,950,-376
6.4300,2030,1956,950,-376
6.4304,2045,1957,950,-376
6.4312,2045,1958,1100,-376
6.4316,2045,1958,1100,-376
6.4319,2045,1958,1100,-376
6.4323,2045,1959,1100,-376
6.4326,2045,1959,1100,-376
6.4330,2045,1959,1100,-376
6.4334,2045,1961,1100,-376
6.4337,2045,1961,1100,-376
6.4341,2045,1962,1100,-376
6.4345,2045,1962,1100,-376
6.4349,2045,1962,1100,-376
6.4353,2045,1963,1100,-372
6.4357,2045,1963,1100,-372
6.4360,2045,1963,1100,-372
6.4364,2045,1964,1100,-372
6.4368,2045,1964,1100,-372
6.4371,2045,1965,1100,-372
6.4375,2045,1965,1100,-372
6.4379,2045,1965,1100,-372
6.4382,2045,1967,1100,-372
6.4386,2045,1967,1100,-372
6.4390,2045,1967,1100,-372
6.4393,2045,1968,1100,-372
6.4397,2045,1968,1100,-372
6.4400,2059,1969,1100,-372
6.4407,2059,1969,1100,-372
6.4411,2059,1969,1100,-372
6.4414,2059,1970,1100,-380
6.4418,2059,1970,1100,-380
6.4422,2059,1971,1100,-380
6.4426,2059,1971,1100,-380
6.4429,2059,1971,1100,-380
6.4433,2059,1972,1100,-380
6.4437,2059,1972,1100,-380
6.4441,2059,1972,1100,-380
6.4444,2059,1974,1100,-380
6.4448,2059,1974,1100,-380
6.4452,2059,1975,1100,-380
6.4456,2059,1975,1100,-380
6.4459,2059,1975,1100,-380
6.4463,2059,1976,1100,-388
6.4467,2059,1976,1100,-388
6.4470,2059,1976,1100,-388
6.4474,2059,1977,1100,-388
6.4478,2059,1977,1100,-388
6.4481,2059,1979,1100,-380
6.4485,2059,1979,1100,-380
6.4488,2059,1979,1100,-380
6.4492,2059,1980,1100,-388
6.4496,2059,1980,1100,-388
6.4500,2059,1980,1100,-388
6.4503,2074,1981,1100,-388
6.4510,2074,1981,1100,-388
6.4513,2074,1983,1250,-380
6.4517,2074,1983,1250,-380
6.4521,2074,1984,1250,-388
6.4525,2074,1984,1250,-388
6.4529,2074,1984,1250,-388
6.4532,2074,1985,1250,-388
6.4536,2074,1985,1250,-388
6.4539,2074,1985,1250,-388
6.4543,2074,1986,1250,-388
6.4547,2074,1986,1250,-388
6.4551,2074,1988,1250,-384
6.4554,2074,1988,1250,-384
6.4558,2074,1988,1250,-384
6.4562,2074,1989,1250,-384
6.4566,2074,1989,1250,-384
6.4570,2074,1989,1250,-384
6.4573,2074,1990,1250,-392
6.4577,2074,1990,1250,-392
6.4580,2074,1992,1250,-384
6.4584,2074,1992,1250,-384
6.4587,2074,1992,1250,-384
6.4591,2074,1993,1250,-384
6.4595,2074,1993,1250,-384
6.4598,2074,1993,1250,-384
6.4602,2089,1994,1250,-392
6.4609,2089,1994,1250,-392
6.4613,2089,1995,1250,-392
6.4616,2089,1995,1250,-392
6.4619,2089,1995,1250,-392
6.4623,2089,1996,1250,-392
6.4627,2089,1996,1250,-392
6.4630,2089,1998,1250,-392
6.4634,2089,1998,1250,-392
6.4637,2089,1998,1250,-392
6.4641,2089,1999,1250,-392
6.4645,2089,1999,1250,-392
6.4648,2089,1999,1250,-392
6.4652,2089,2000,1250,-400
6.4656,2089,2000,1250,-400
6.4659,2089,2000,1250,-400
6.4663,2089,2002,1250,-392
6.4666,2089,2002,1250,-392
6.4670,2089,2003,1250,-400
6.4673,2089,2003,1250,-400
6.4677,2089,2003,1250,-400
6.4681,2089,2005,1250,-392
6.4685,2089,2005,1250,-392
6.4688,2089,2005,1250,-392
6.4692,2089,2006,1250,-392
6.4696,2089,2006,1250,-392
6.4700,2103,2007,1250,-400
6.4707,2103,2007,1250,-400
6.4711,2103,2009,1300,-392
6.4715,2103,2009,1300,-392
6.4719,2103,2009,1300,-392
6.4722,2103,2010,1300,-400
6.4726,2103,2010,1300,-400
6.4730,2103,2011,1300,-400
6.4733,2103,2011,1300,-400
6.4737,2103,2011,1300,-400
6.4740,2103,2013,1300,-392
6.4744,2103,2013,1300,-392
6.4748,2103,2013,1300,-392
6.4751,2103,2014,1300,-400
6.4756,2103,2014,1300,-400
6.4759,2103,2015,1300,-400
6.4763,2103,2015,1300,-400
6.4766,2103,2015,1300,-400
6.4770,2103,2017,1300,-400
6.4774,2103,2017,1300,-400
6.4777,2103,2017,1300,-400
6.4781,2103,2018,1300,-400
6.4784,2103,2018,1300,-400
6.4788,2103,2018,1300,-400
6.4792,2103,2019,1300,-408
6.4796,2103,2019,1300,-408
6.4800,2117,2021,1300,-400
6.4808,2117,2021,1300,-400
6.4811,2117,2022,1300,-400
6.4815,2117,2022,1300,-400
6.4819,2117,2023,1300,-408
6.4823,2117,2023,1300,-408
6.4827,2117,2023,1300,-408
6.4831,2117,2025,1300,-400
6.4834,2117,2025,1300,-400
6.4838,2117,2025,1300,-400
6.4842,2117,2026,1300,-400
6.4846,2117,2026,1300,-400
6.4850,2117,2027,1300,-408
6.4854,2117,2027,1300,-408
6.4857,2117,2027,1300,-408
6.4861,2117,2029,1300,-400
6.4865,2117,2029,1300,-400
6.4869,2117,2030,1300,-408
6.4872,2117,2030,1300,-408
6.4876,2117,2030,1300,-408
6.4880,2117,2032,1300,-400
6.4883,2117,2032,1300,-400
6.4887,2117,2032,1300,-400
6.4890,2117,2033,1300,-408
6.4894,2117,2033,1300,-408
6.4897,2117,2033,1300,-408
6.4901,2130,2034,1300,-408
6.4908,2130,2034,1300,-408
6.4912,2130,2036,1350,-400
6.4916,2130,2036,1350,-400
6.4920,2130,2037,1350,-408
6.4924,2130,2037,1350,-408
6.4927,2130,2037,1350,-408
6.4931,2130,2039,1350,-400
6.4935,2130,2039,1350,-400
6.4939,2130,2040,1350,-408
6.4942,2130,2040,1350,-408
6.4946,2130,2040,1350,-408
6.4950,2130,2042,1350,-392
6.4954,2130,2042,1350,-392
6.4958,2130,2042,1350,-392
6.4962,2130,2043,1350,-392
6.4966,2130,2043,1350,-392
6.4970,2130,2044,1350,-400
6.4974,2130,2044,1350,-400
6.4977,2130,2044,1350,-400
6.4981,2130,2046,1350,-392
6.4985,2130,2046,1350,-392
6.4988,2130,2047,1350,-400
6.4992,2130,2047,1350,-400
6.4996,2130,2047,1350,-400
6.5000,2130,2049,1350,-392
6.5003,2143,2049,1350,-392
6.5010,2143,2050,1350,-392
6.5014,2143,2050,1350,-392
6.5017,2143,2050,1350,-392
6.5021,2143,2052,1350,-392
6.5025,2143,2052,1350,-392
6.5028,2143,2053,1350,-392
6.5032,2143,2053,1350,-392
6.5036,2143,2053,1350,-392
6.5040,2143,2054,1350,-392
6.5044,2143,2054,1350,-392
6.5047,2143,2054,1350,-392
6.5051,2143,2056,1350,-392
6.5055,2143,2056,1350,-392
6.5059,2143,2057,1350,-392
6.5062,2143,2057,1350,-392
6.5066,2143,2057,1350,-392
6.5070,2143,2059,1350,-392
6.5073,2143,2059,1350,-392
6.5077,2143,2059,1350,-392
6.5080,2143,2060,1350,-392
6.5084,2143,2060,1350,-392
6.5088,2143,2060,1350,-392
6.5091,2143,2062,1350,-384
6.5095,2143,2062,1350,-384
6.5098,2143,2063,1350,-392
6.5102,2154,2063,1350,-392
6.5109,2154,2064,1400,-392
6.5113,2154,2064,1400,-392
6.5116,2154,2064,1400,-392
6.5120,2154,2066,1400,-384
6.5123,2154,2066,1400,-384
6.5127,2154,2066,1400,-384
6.5130,2154,2067,1400,-384
6.5134,2154,2067,1400,-384
6.5138,2154,2069,1400,-384
6.5142,2154,2069,1400,-384
6.5146,2154,2069,1400,-384
6.5150,2154,2070,1400,-380
6.5153,2154,2070,1400,-380
6.5157,2154,2070,1400,-380
6.5161,2154,2071,1400,-388
6.5164,2154,2071,1400,-388
6.5168,2154,2072,1400,-388
6.5172,2154,2072,1400,-388
6.5176,2154,2072,1400,-388
6.5180,2154,2074,1400,-380
6.5183,2154,2074,1400,-380
6.5187,2154,2074,1400,-380
6.5190,2154,2076,1400,-372
6.5194,2154,2076,1400,-372
6.5198,2154,2077,1400,-380
6.5201,2165,2077,1400,-380
6.5208,2165,2078,1400,-380
6.5212,2165,2078,1400,-380
6.5216,2165,2078,1400,-380
6.5219,2165,2080,1400,-372
6.5223,2165,2080,1400,-372
6.5227,2165,2080,1400,-372
6.5231,2165,2081,1400,-380
6.5235,2165,2081,1400,-380
6.5238,2165,2083,1400,-372
6.5242,2165,2083,1400,-372
6.5246,2165,2083,1400,-372
6.5250,2165,2084,1400,-372
6.5253,2165,2084,1400,-372
6.5257,2165,2084,1400,-372
6.5260,2165,2085,1400,-380
6.5264,2165,2085,1400,-380
6.5267,2165,2087,1400,-372
6.5271,2165,2087,1400,-372
6.5275,2165,2087,1400,-372
6.5278,2165,2088,1400,-372
6.5282,2165,2088,1400,-372
6.5286,2165,2088,1400,-372
6.5290,2165,2090,1400,-372
6.5294,2165,2090,1400,-372
6.5297,2165,2091,1400,-372
6.5301,2175,2091,1400,-372
6.5308,2175,2092,1400,-372
6.5312,2175,2092,1400,-372
6.5316,2175,2092,1400,-372
6.5319,2175,2093,1400,-372
6.5323,2175,2093,1400,-372
6.5327,2175,2095,1400,-364
6.5330,2175,2095,1400,-364
6.5334,2175,2095,1400,-364
6.5338,2175,2096,1400,-372
6.5341,2175,2096,1400,-372
6.5345,2175,2096,1400,-372
6.5348,2175,2098,1400,-360
6.5352,2175,2098,1400,-360
6.5356,2175,2098,1400,-360
6.5359,2175,2099,1400,-360
6.5363,2175,2099,1400,-360
6.5366,2175,2101,1400,-360
6.5370,2175,2101,1400,-360
6.5373,2175,2101,1400,-360
6.5377,2175,2102,1400,-360
6.5381,2175,2102,1400,-360
6.5385,2175,2102,1400,-360
6.5388,2175,2103,1400,-360
6.5392,2175,2103,1400,-360
6.5396,2175,2103,1400,-360
6.5400,2175,2105,1400,-352
6.5404,2184,2106,1400,-352
6.5411,2184,2106,1400,-352
6.5414,2184,2106,1400,-352
6.5418,2184,2107,1400,-360
6.5422,2184,2107,1400,-360
6.5426,2184,2109,1400,-352
6.5430,2184,2109,1400,-352
6.5434,2184,2109,1400,-352
6.5438,2184,2110,1400,-352
6.5441,2184,2110,1400,-352
6.5445,2184,2110,1400,-352
6.5449,2184,2112,1400,-344
6.5453,2184,2112,1400,-344
6.5456,2184,2113,1400,-352
6.5460,2184,2113,1400,-352
6.5463,2184,2113,1400,-352
6.5467,2184,2114,1400,-352
6.5471,2184,2114,1400,-352
6.5475,2184,2114,1400,-352
6.5478,2184,2115,1400,-352
6.5482,2184,2115,1400,-352
6.5486,2184,2117,1400,-344
6.5489,2184,2117,1400,-344
6.5493,2184,2117,1400,-344
6.5497,2184,2118,1400,-344
6.5501,2192,2118,1400,-344
6.5508,2192,2119,1350,-344
6.5512,2192,2119,1350,-344
6.5516,2192,2121,1350,-336
6.5520,2192,2121,1350,-336
6.5523,2192,2121,1350,-336
6.5527,2192,2122,1350,-336
6.5530,2192,2122,1350,-336
6.5534,2192,2122,1350,-336
6.5538,2192,2123,1350,-336
6.5542,2192,2123,1350,-336
6.5546,2192,2124,1350,-344
6.5549,2192,2124,1350,-344
6.5554,2192,2124,1350,-344
6.5557,2192,2126,1350,-336
6.5561,2192,2126,1350,-336
6.5565,2192,2126,1350,-336
6.5568,2192,2127,1350,-336
6.5572,2192,2127,1350,-336
6.5577,2192,2129,1350,-328
6.5580,2192,2129,1350,-328
6.5584,2192,2129,1350,-328
6.5588,2192,2130,1350,-328
6.5593,2192,2130,1350,-328
6.5597,2192,2131,1350,-328
6.5601,2198,2131,1350,-328
6.5608,2198,2132,1350,-328
6.5612,2198,2132,1350,-328
6.5616,2198,2134,1350,-320
6.5620,2198,2134,1350,-320
6.5623,2198,2134,1350,-320
6.5627,2198,2135,1350,-320
6.5631,2198,2135,1350,-320
6.5635,2198,2136,1350,-320
6.5639,2198,2136,1350,-320
6.5643,2198,2136,1350,-320
6.5646,2198,2138,1350,-312
6.5650,2198,2138,1350,-312
6.5654,2198,2138,1350,-312
6.5657,2198,2139,1350,-312
6.5661,2198,2139,1350,-312
6.5665,2198,2139,1350,-312
6.5668,2198,2140,1350,-312
6.5672,2198,2140,1350,-312
6.5676,2198,2141,1350,-312
6.5679,2198,2141,1350,-312
6.5683,2198,2141,1350,-312
6.5687,2198,2143,1350,-304
6.5690,2198,2143,1350,-304
6.5694,2198,2143,1350,-304
6.5698,2198,2144,1350,-304
6.5701,2204,2144,1350,-304
6.5708,2204,2145,1300,-304
6.5712,2204,2145,1300,-304
6.5716,2204,2147,1300,-296
6.5720,2204,2147,1300,-296
6.5723,2204,2147,1300,-296
6.5727,2204,2148,1300,-296
6.5731,2204,2148,1300,-296
6.5734,2204,2148,1300,-296
6.5738,2204,2149,1300,-296
6.5742,2204,2149,1300,-296
6.5746,2204,2151,1300,-268
6.5749,2204,2151,1300,-268
6.5753,2204,2151,1300,-268
6.5757,2204,2152,1300,-268
6.5760,2204,2152,1300,-268
6.5764,2204,2152,1300,-268
6.5767,2204,2153,1300,-268
6.5771,2204,2153,1300,-268
6.5775,2204,2154,1300,-268
6.5778,2204,2154,1300,-268
6.5782,2204,2154,1300,-268
6.5786,2204,2155,1300,-268
6.5789,2204,2155,1300,-268
6.5793,2204,2155,1300,-268
6.5796,2204,2157,1300,-260
6.5800,2208,2157,1300,-260
6.5807,2208,2158,1300,-252
6.5811,2208,2158,1300,-252
6.5815,2208,2159,1300,-252
6.5818,2208,2159,1300,-252
6.5823,2208,2159,1300,-252
6.5827,2208,2160,1300,-252
6.5831,2208,2160,1300,-252
6.5834,2208,2161,1300,-252
6.5839,2208,2161,1300,-252
6.5842,2208,2161,1300,-252
6.5846,2208,2162,1300,-252
6.5850,2208,2162,1300,-252
6.5853,2208,2162,1300,-252
6.5857,2208,2163,1300,-252
6.5861,2208,2163,1300,-252
6.5865,2208,2164,1300,-244
6.5868,2208,2164,1300,-244
6.5872,2208,2164,1300,-244
6.5876,2208,2166,1300,-236
6.5880,2208,2166,1300,-236
6.5883,2208,2166,1300,-236
6.5887,2208,2167,1300,-236
6.5890,2208,2167,1300,-236
6.5894,2208,2168,1300,-228
6.5898,2208,2168,1300,-228
6.5901,2211,2169,1200,-228
6.5908,2211,2169,1200,-228
6.5912,2211,2169,1200,-228
6.5916,2211,2170,1200,-228
6.5919,2211,2170,1200,-228
6.5923,2211,2170,1200,-228
6.5927,2211,2171,1200,-220
6.5930,2211,2171,1200,-220
6.5934,2211,2172,1200,-220
6.5937,2211,2172,1200,-220
6.5941,2211,2172,1200,-220
6.5945,2211,2173,1200,-224
6.5948,2211,2173,1200,-224
6.5952,2211,2173,1200,-224
6.5956,2211,2175,1200,-208
6.5960,2211,2175,1200,-208
6.5963,2211,2175,1200,-208
6.5967,2211,2175,1200,-216
6.5970,2211,2175,1200,-216
6.5974,2211,2176,1200,-216
6.5978,2211,2176,1200,-216
6.5982,2211,2176,1200,-216
6.5986,2211,2177,1200,-208
6.5990,2211,2177,1200,-208
6.5994,2211,2179,1200,-200
6.5998,2211,2179,1200,-200
6.6002,2212,2180,1200,-192
6.6009,2212,2180,1200,-192
6.6013,2212,2180,1200,-192
6.6017,2212,2181,1200,-192
6.6020,2212,2181,1200,-192
6.6024,2212,2182,1200,-184
6.6028,2212,2182,1200,-184
6.6032,2212,2182,1200,-184
6.6036,2212,2183,1200,-184
6.6040,2212,2183,1200,-184
6.6043,2212,2183,1200,-184
6.6047,2212,2183,1200,-184
6.6051,2212,2183,1200,-184
6.6055,2212,2184,1200,-184
6.6059,2212,2184,1200,-184
6.6062,2212,2184,1200,-184
6.6066,2212,2185,1200,-176
6.6070,2212,2185,1200,-176
6.6073,2212,2186,1200,-168
6.6077,2212,2186,1200,-168
6.6081,2212,2186,1200,-168
6.6085,2212,2187,1200,-168
6.6088,2212,2187,1200,-168
6.6092,2212,2187,1200,-168
6.6096,2212,2188,1200,-160
6.6100,2212,2188,1200,-160
6.6103,2213,2189,1000,-152
6.6110,2213,2189,1000,-152
6.6114,2213,2189,1000,-160
6.6117,2213,2189,1000,-160
6.6121,2213,2189,1000,-160
6.6125,2213,2190,1000,-152
6.6128,2213,2190,1000,-152
6.6133,2213,2190,1000,-152
6.6137,2213,2191,1000,-144
6.6141,2213,2191,1000,-144
6.6145,2213,2192,1000,-128
6.6149,2213,2192,1000,-128
6.6153,2213,2193,1000,-120
6.6157,2213,2193,1000,-120
6.6160,2213,2193,1000,-120
6.6164,2213,2194,1000,-112
6.6168,2213,2194,1000,-112
6.6172,2213,2194,1000,-112
6.6176,2213,2195,1000,-104
6.6179,2213,2195,1000,-104
6.6183,2213,2196,1000,-96
6.6187,2213,2196,1000,-96
6.6190,2213,2196,1000,-96
6.6194,2213,2197,1000,-88
6.6197,2213,2197,1000,-88
6.6201,2212,2197,1000,-96
6.6208,2212,2197,1000,-96
6.6212,2212,2197,1000,-96
6.6216,2212,2198,1000,-80
6.6219,2212,2198,1000,-80
6.6223,2212,2199,1000,-72
6.6227,2212,2199,1000,-72
6.6231,2212,2199,1000,-72
6.6235,2212,2200,1000,-64
6.6239,2212,2200,1000,-64
6.6243,2212,2200,1000,-64
6.6247,2212,2200,1000,-64
6.6251,2212,2200,1000,-64
6.6255,2212,2201,1000,-56
6.6259,2212,2201,1000,-56
6.6263,2212,2202,1000,-48
6.6267,2212,2202,1000,-48
6.6270,2212,2202,1000,-48
6.6274,2212,2203,1000,-40
6.6278,2212,2203,1000,-40
6.6282,2212,2203,1000,-40
6.6286,2212,2203,1000,-40
6.6290,2212,2203,1000,-40
6.6294,2212,2204,1000,-32
6.6297,2212,2204,1000,-32
6.6301,2209,2204,750,-32
6.6308,2209,2204,750,-32
6.6312,2209,2205,750,0
6.6316,2209,2205,750,0
6.6320,2209,2205,750,0
6.6323,2209,2205,750,0
6.6327,2209,2205,750,0
6.6331,2209,2205,750,0
6.6335,2209,2206,750,24
6.6339,2209,2206,750,24
6.6343,2209,2206,750,44
6.6346,2209,2206,750,44
6.6350,2209,2206,750,44
6.6354,2209,2207,750,52
6.6357,2209,2207,750,52
6.6361,2209,2207,750,52
6.6365,2209,2207,750,52
6.6368,2209,2207,750,52
6.6372,2209,2208,750,60
6.6376,2209,2208,750,60
6.6379,2209,2208,750,60
6.6383,2209,2208,750,68
6.6387,2209,2208,750,68
6.6390,2209,2208,750,68
6.6394,2209,2209,750,76
6.6398,2209,2209,750,76
6.6402,2205,2209,750,76
6.6409,2205,2209,750,76
6.6413,2205,2209,750,76
6.6417,2205,2209,750,76
6.6420,2205,2209,750,76
6.6424,2205,2210,750,76
6.6428,2205,2210,750,76
6.6431,2205,2210,750,76
6.6435,2205,2210,750,76
6.6438,2205,2210,750,76
6.6442,2205,2210,750,84
6.6446,2205,2210,750,84
6.6449,2205,2210,750,84
6.6453,2205,2210,750,84
6.6456,2205,2210,750,84
6.6460,2205,2210,750,84
6.6463,2205,2211,750,92
6.6467,2205,2211,750,92
6.6471,2205,2211,750,92
6.6474,2205,2211,750,100
6.6478,2205,2211,750,100
6.6482,2205,2211,750,100
6.6486,2205,2211,750,100
6.6489,2205,2211,750,100
6.6493,2205,2211,750,100
6.6497,2205,2211,750,100
6.6500,2201,2211,350,108
6.6507,2201,2211,350,108
6.6511,2201,2211,350,108
6.6515,2201,2211,350,108
6.6518,2201,2211,350,108
6.6523,2201,2211,350,116
6.6526,2201,2211,350,116
6.6530,2201,2211,350,116
6.6534,2201,2211,350,116
6.6537,2201,2211,350,116
6.6541,2201,2211,350,92
6.6545,2201,2211,350,92
6.6548,2201,2211,350,92
6.6552,2201,2211,350,100
6.6556,2201,2211,350,100
6.6560,2201,2211,350,100
6.6563,2201,2211,350,100
6.6567,2201,2211,350,100
6.6571,2201,2211,350,108
6.6575,2201,2211,350,108
6.6578,2201,2211,350,108
6.6582,2201,2211,350,108
6.6586,2201,2211,350,108
6.6590,2201,2211,350,108
6.6593,2201,2211,350,108
6.6597,2201,2211,350,108
6.6601,2194,2211,350,116
6.6608,2194,2211,350,116
6.6612,2194,2211,350,116
6.6616,2194,2211,350,116
6.6620,2194,2211,350,116
6.6623,2194,2211,350,116
6.6627,2194,2211,350,116
6.6631,2194,2211,350,124
6.6635,2194,2211,350,124
6.6639,2194,2211,350,124
6.6642,2194,2211,350,124
6.6646,2194,2211,350,124
6.6649,2194,2211,350,124
6.6653,2194,2211,350,132
6.6657,2194,2211,350,132
6.6660,2194,2211,350,132
6.6664,2194,2211,350,132
6.6667,2194,2211,350,132
6.6671,2194,2211,350,140
6.6675,2194,2211,350,140
6.6679,2194,2211,350,140
6.6682,2194,2211,350,140
6.6686,2194,2211,350,140
6.6689,2194,2211,350,140
6.6693,2194,2211,350,148
6.6697,2194,2211,350,148
6.6700,2187,2211,0,148
6.6707,2187,2211,0,148
6.6711,2187,2211,0,156
6.6714,2187,2211,0,156
6.6718,2187,2211,0,156
6.6722,2187,2211,0,156
6.6726,2187,2211,0,156
6.6729,2187,2211,0,156
6.6733,2187,2211,0,164
6.6736,2187,2211,0,164
6.6740,2187,2211,0,164
6.6744,2187,2211,0,164
6.6747,2187,2211,0,164
6.6751,2187,2211,0,172
6.6754,2187,2211,0,172
6.6758,2187,2211,0,172
6.6762,2187,2211,0,180
6.6766,2187,2211,0,180
6.6769,2187,2211,0,180
6.6773,2187,2211,0,180
6.6776,2187,2211,0,180
6.6780,2187,2210,0,180
6.6784,2187,2210,0,180
6.6787,2187,2210,0,180
6.6791,2187,2210,0,188
6.6794,2187,2210,0,188
6.6798,2187,2210,0,188
6.6802,2179,2210,0,188
6.6809,2179,2210,0,188
6.6813,2179,2209,0,188
6.6816,2179,2209,0,188
6.6821,2179,2209,0,188
6.6825,2179,2209,0,188
6.6828,2179,2209,0,188
6.6832,2179,2208,0,188
6.6836,2179,2208,0,188
6.6840,2179,2208,0,196
6.6844,2179,2208,0,196
6.6847,2179,2208,0,196
6.6851,2179,2208,0,196
6.6855,2179,2208,0,196
6.6858,2179,2208,0,196
6.6862,2179,2207,0,196
6.6866,2179,2207,0,196
6.6869,2179,2207,0,204
6.6873,2179,2207,0,204
6.6876,2179,2207,0,204
6.6880,2179,2206,0,204
6.6883,2179,2206,0,204
6.6887,2179,2206,0,204
6.6891,2179,2206,0,204
6.6894,2179,2206,0,204
6.6897,2179,2206,0,204
6.6901,2169,2205,-300,204
6.6908,2169,2205,-300,204
6.6912,2169,2205,-300,212
6.6916,2169,2205,-300,212
6.6920,2169,2205,-300,212
6.6924,2169,2205,-300,212
6.6927,2169,2205,-300,212
6.6931,2169,2204,-300,212
6.6935,2169,2204,-300,212
6.6938,2169,2204,-300,212
6.6942,2169,2204,-300,212
6.6946,2169,2204,-300,212
6.6949,2169,2203,-300,204
6.6953,2169,2203,-300,204
6.6957,2169,2203,-300,204
6.6960,2169,2202,-300,204
6.6964,2169,2202,-300,204
6.6968,2169,2202,-300,204
6.6972,2169,2202,-300,212
6.6976,2169,2202,-300,212
6.6979,2169,2201,-300,212
6.6983,2169,2201,-300,212
6.6986,2169,2201,-300,212
6.6990,2169,2201,-300,220
6.6994,2169,2201,-300,220
6.6997,2169,2201,-300,220
6.7001,2159,2200,-300,212
6.7008,2159,2200,-300,212
6.7012,2159,2200,-300,220
6.7016,2159,2200,-300,220
6.7019,2159,2199,-300,220
6.7023,2159,2199,-300,220
6.7027,2159,2199,-300,220
6.7030,2159,2198,-300,220
6.7034,2159,2198,-300,220
6.7037,2159,2198,-300,220
6.7041,2159,2198,-300,228
6.7045,2159,2198,-300,228
6.7048,2159,2197,-300,220
6.7052,2159,2197,-300,220
6.7056,2159,2197,-300,220
6.7060,2159,2197,-300,228
6.7063,2159,2197,-300,228
6.7067,2159,2197,-300,228
6.7071,2159,2196,-300,228
6.7075,2159,2196,-300,228
6.7079,2159,2196,-300,236
6.7083,2159,2196,-300,236
6.7087,2159,2196,-300,236
6.7092,2159,2195,-300,236
6.7095,2159,2195,-300,236
6.7099,2159,2194,-550,236
6.7103,2147,2194,-550,236
6.7111,2147,2194,-550,236
6.7115,2147,2194,-550,236
6.7119,2147,2193,-550,236
6.7122,2147,2193,-550,236
6.7126,2147,2193,-550,236
6.7130,2147,2192,-550,236
6.7133,2147,2192,-550,236
6.7137,2147,2192,-550,236
6.7141,2147,2192,-550,232
6.7145,2147,2192,-550,232
6.7148,2147,2191,-550,232
6.7152,2147,2191,-550,232
6.7156,2147,2191,-550,232
6.7159,2147,2190,-550,232
6.7163,2147,2190,-550,232
6.7166,2147,2190,-550,232
6.7170,2147,2190,-550,232
6.7174,2147,2190,-550,232
6.7178,2147,2189,-550,232
6.7182,2147,2189,-550,232
6.7186,2147,2189,-550,232
6.7190,2147,2188,-550,232
6.7193,2147,2188,-550,232
6.7197,2147,2188,-550,232
6.7200,2135,2188,-550,240
6.7207,2135,2188,-550,240
6.7210,2135,2187,-550,240
6.7214,2135,2187,-550,240
6.7219,2135,2186,-550,240
6.7223,2135,2186,-550,240
6.7227,2135,2186,-550,240
6.7230,2135,2185,-550,240
6.7234,2135,2185,-550,240
6.7238,2135,2185,-550,248
6.7242,2135,2185,-550,248
6.7245,2135,2185,-550,248
6.7249,2135,2184,-550,248
6.7253,2135,2184,-550,248
6.7257,2135,2184,-550,248
6.7260,2135,2184,-550,256
6.7264,2135,2184,-550,256
6.7268,2135,2183,-550,256
6.7272,2135,2183,-550,256
6.7276,2135,2183,-550,256
6.7280,2135,2182,-550,256
6.7283,2135,2182,-550,256
6.7287,2135,2181,-550,256
6.7291,2135,2181,-550,256
6.7295,2135,2181,-550,256
6.7298,2135,2181,-650,264
6.7302,2122,2181,-650,264
6.7309,2122,2180,-650,264
6.7313,2122,2180,-650,264
6.7316,2122,2180,-650,264
6.7320,2122,2179,-650,264
6.7324,2122,2179,-650,264
6.7327,2122,2178,-650,264
6.7331,2122,2178,-650,264
6.7335,2122,2178,-650,264
6.7338,2122,2177,-650,264
6.7342,2122,2177,-650,264
6.7346,2122,2177,-650,264
6.7349,2122,2176,-650,264
6.7353,2122,2176,-650,264
6.7357,2122,2176,-650,272
6.7360,2122,2176,-650,272
6.7364,2122,2176,-650,272
6.7367,2122,2175,-650,272
6.7371,2122,2175,-650,272
6.7375,2122,2175,-650,272
6.7378,2122,2174,-650,272
6.7382,2122,2174,-650,272
6.7386,2122,2174,-650,272
6.7389,2122,2174,-650,280
6.7393,2122,2174,-650,280
6.7396,2122,2174,-650,280
6.7400,2109,2173,-650,280
6.7407,2109,2172,-650,280
6.7411,2109,2172,-650,280
6.7415,2109,2172,-650,280
6.7419,2109,2171,-650,280
6.7422,2109,2171,-650,280
6.7426,2109,2171,-650,280
6.7430,2109,2170,-650,280
6.7433,2109,2170,-650,280
6.7437,2109,2169,-650,288
6.7441,2109,2169,-650,288
6.7444,2109,2169,-650,288
6.7448,2109,2169,-650,296
6.7452,2109,2169,-650,296
6.7456,2109,2169,-650,296
6.7460,2109,2168,-650,296
6.7463,2109,2168,-650,296
6.7467,2109,2167,-650,296
6.7471,2109,2167,-650,296
6.7475,2109,2167,-650,296
6.7478,2109,2166,-650,296
6.7482,2109,2166,-650,296
6.7486,2109,2165,-650,296
6.7490,2109,2165,-650,296
6.7494,2109,2165,-650,296
6.7497,2109,2164,-850,296
6.7501,2095,2164,-850,296
6.7508,2095,2163,-850,296
6.7512,2095,2163,-850,296
6.7516,2095,2163,-850,296
6.7519,2095,2162,-850,304
6.7523,2095,2162,-850,304
6.7527,2095,2162,-850,312
6.7530,2095,2162,-850,312
6.7534,2095,2162,-850,312
6.7538,2095,2161,-850,320
6.7541,2095,2161,-850,320
6.7545,2095,2161,-850,320
6.7548,2095,2160,-850,320
6.7552,2095,2160,-850,320
6.7556,2095,2159,-850,320
6.7560,2095,2159,-850,320
6.7563,2095,2159,-850,320
6.7567,2095,2158,-850,320
6.7571,2095,2158,-850,320
6.7575,2095,2158,-850,320
6.7579,2095,2157,-850,328
6.7582,2095,2157,-850,328
6.7586,2095,2156,-850,328
6.7590,2095,2156,-850,328
6.7594,2095,2156,-850,328
6.7598,2095,2155,-850,328
6.7602,2080,2154,-850,328
6.7610,2080,2154,-850,328
6.7614,2080,2154,-850,328
6.7618,2080,2153,-850,328
6.7622,2080,2153,-850,328
6.7627,2080,2152,-850,328
6.7630,2080,2152,-850,328
6.7634,2080,2152,-850,328
6.7638,2080,2151,-850,336
6.7643,2080,2151,-850,336
6.7647,2080,2150,-850,336
6.7651,2080,2150,-850,336
6.7655,2080,2150,-850,336
6.7659,2080,2149,-850,336
6.7663,2080,2149,-850,336
6.7667,2080,2148,-850,336
6.7672,2080,2148,-850,336
6.7677,2080,2147,-850,336
6.7681,2080,2147,-850,336
6.7685,2080,2146,-850,344
6.7689,2080,2146,-850,344
6.7693,2080,2146,-850,344
6.7697,2080,2145,-950,344
6.7701,2065,2144,-950,344
6.7709,2065,2144,-950,344
6.7713,2065,2144,-950,344
6.7717,2065,2143,-950,344
6.7721,2065,2143,-950,344
6.7725,2065,2142,-950,344
6.7729,2065,2142,-950,344
6.7733,2065,2142,-950,344
6.7737,2065,2141,-950,344
6.7741,2065,2141,-950,344
6.7745,2065,2140,-950,344
6.7749,2065,2140,-950,344
6.7753,2065,2140,-950,344
6.7757,2065,2139,-950,344
6.7761,2065,2139,-950,344
6.7765,2065,2138,-950,352
6.7769,2065,2138,-950,352
6.7773,2065,2138,-950,352
6.7777,2065,2136,-950,344
6.7781,2065,2136,-950,344
6.7785,2065,2135,-950,344
6.7789,2065,2135,-950,344
6.7793,2065,2135,-950,344
6.7797,2065,2134,-950,344
6.7802,2050,2133,-950,352
6.7809,2050,2133,-950,352
6.7813,2050,2133,-950,352
6.7816,2050,2132,-950,352
6.7820,2050,2132,-950,352
6.7824,2050,2132,-950,352
6.7828,2050,2131,-950,352
6.7831,2050,2131,-950,352
6.7835,2050,2130,-950,352
6.7839,2050,2130,-950,352
6.7842,2050,2130,-950,352
6.7846,2050,2129,-950,360
6.7850,2050,2129,-950,360
6.7853,2050,2129,-950,360
6.7857,2050,2127,-950,352
6.7860,2050,2127,-950,352
6.7864,2050,2127,-950,352
6.7867,2050,2126,-950,352
6.7871,2050,2126,-950,352
6.7875,2050,2125,-950,360
6.7879,2050,2125,-950,360
6.7882,2050,2125,-950,360
6.7886,2050,2124,-950,360
6.7890,2050,2124,-950,360
6.7893,2050,2124,-950,360
6.7897,2050,2123,-1100,360
6.7900,2036,2123,-1100,360
6.7907,2036,2122,-1100,368
6.7911,2036,2122,-1100,368
6.7914,2036,2121,-1100,368
6.7918,2036,2121,-1100,368
6.7922,2036,2121,-1100,368
6.7926,2036,2119,-1100,360
6.7929,2036,2119,-1100,360
6.7933,2036,2119,-1100,360
6.7937,2036,2119,-1100,376
6.7940,2036,2119,-1100,376
6.7944,2036,2117,-1100,368
6.7948,2036,2117,-1100,368
6.7951,2036,2117,-1100,368
6.7955,2036,2116,-1100,368
6.7958,2036,2116,-1100,368
6.7962,2036,2116,-1100,368
6.7966,2036,2115,-1100,376
6.7970,2036,2115,-1100,376
6.7973,2036,2115,-1100,376
6.7977,2036,2113,-1100,368
6.7981,2036,2113,-1100,368
6.7984,2036,2112,-1100,368
6.7988,2036,2112,-1100,368
6.7992,2036,2112,-1100,368
6.7996,2036,2111,-1100,376
6.7999,2036,2111,-1100,376
6.8003,2020,2110,-1100,376
6.8012,2020,2110,-1100,376
6.8016,2020,2109,-1100,376
6.8020,2020,2109,-1100,376
6.8024,2020,2107,-1100,376
6.8028,2020,2107,-1100,376
6.8032,2020,2107,-1100,376
6.8036,2020,2106,-1100,376
6.8039,2020,2106,-1100,376
6.8043,2020,2106,-1100,376
6.8047,2020,2105,-1100,376
6.8050,2020,2105,-1100,376
6.8054,2020,2104,-1100,384
6.8057,2020,2104,-1100,384
6.8061,2020,2104,-1100,384
6.8065,2020,2102,-1100,376
6.8070,2020,2102,-1100,376
6.8074,2020,2101,-1100,384
6.8077,2020,2101,-1100,384
6.8082,2020,2101,-1100,384
6.8086,2020,2100,-1100,384
6.8090,2020,2100,-1100,384
6.8093,2020,2099,-1200,384
6.8097,2020,2099,-1200,384
6.8101,2006,2098,-1200,392
6.8108,2006,2098,-1200,392
6.8112,2006,2098,-1200,392
6.8116,2006,2096,-1200,384
6.8119,2006,2096,-1200,384
6.8123,2006,2095,-1200,384
6.8127,2006,2095,-1200,384
6.8132,2006,2095,-1200,384
6.8135,2006,2094,-1200,384
6.8139,2006,2094,-1200,384
6.8143,2006,2093,-1200,384
6.8147,2006,2093,-1200,384
6.8151,2006,2093,-1200,384
6.8155,2006,2091,-1200,384
6.8158,2006,2091,-1200,384
6.8162,2006,2091,-1200,384
6.8166,2006,2090,-1200,384
6.8170,2006,2090,-1200,384
6.8174,2006,2089,-1200,384
6.8177,2006,2089,-1200,384
6.8181,2006,2089,-1200,384
6.8185,2006,2087,-1200,384
6.8188,2006,2087,-1200,384
6.8192,2006,2087,-1200,384
6.8196,2006,2086,-1200,384
6.8199,2006,2086,-1200,384
6.8203,1991,2085,-1200,384
6.8210,1991,2085,-1200,384
6.8213,1991,2084,-1200,392
6.8217,1991,2084,-1200,392
6.8221,1991,2084,-1200,392
6.8224,1991,2082,-1200,384
6.8228,1991,2082,-1200,384
6.8232,1991,2082,-1200,384
6.8236,1991,2081,-1200,392
6.8240,1991,2081,-1200,392
6.8243,1991,2080,-1200,392
6.8247,1991,2080,-1200,392
6.8251,1991,2080,-1200,392
6.8255,1991,2078,-1200,384
6.8259,1991,2078,-1200,384
6.8262,1991,2078,-1200,384
6.8266,1991,2077,-1200,392
6.8269,1991,2077,-1200,392
6.8273,1991,2076,-1200,392
6.8277,1991,2076,-1200,392
6.8280,1991,2076,-1200,392
6.8284,1991,2075,-1200,400
6.8288,1991,2075,-1200,400
6.8291,1991,2075,-1200,400
6.8295,1991,2073,-1300,392
6.8298,1991,2073,-1300,392
6.8302,1977,2072,-1300,400
6.8309,1977,2072,-1300,400
6.8312,1977,2071,-1300,400
6.8316,1977,2071,-1300,400
6.8320,1977,2071,-1300,400
6.8323,1977,2069,-1300,392
6.8327,1977,2069,-1300,392
6.8330,1977,2069,-1300,392
6.8334,1977,2068,-1300,400
6.8338,1977,2068,-1300,400
6.8342,1977,2066,-1300,392
6.8346,1977,2066,-1300,392
6.8349,1977,2066,-1300,392
6.8353,1977,2065,-1300,400
6.8356,1977,2065,-1300,400
6.8360,1977,2065,-1300,400
6.8364,1977,2064,-1300,400
6.8367,1977,2064,-1300,400
6.8371,1977,2064,-1300,400
6.8375,1977,2062,-1300,400
6.8379,1977,2062,-1300,400
6.8382,1977,2061,-1300,400
6.8386,1977,2061,-1300,400
6.8389,1977,2061,-1300,400
6.8393,1977,2059,-1300,400
6.8396,1977,2059,-1300,400
6.8400,1964,2058,-1300,400
6.8407,1964,2058,-1300,400
6.8410,1964,2058,-1300,400
6.8414,1964,2057,-1300,400
6.8417,1964,2057,-1300,400
6.8421,1964,2057,-1300,400
6.8425,1964,2055,-1300,400
6.8428,1964,2055,-1300,400
6.8432,1964,2054,-1300,400
6.8436,1964,2054,-1300,400
6.8439,1964,2054,-1300,400
6.8443,1964,2053,-1300,408
6.8447,1964,2053,-1300,408
6.8450,1964,2053,-1300,408
6.8454,1964,2051,-1300,400
6.8457,1964,2051,-1300,400
6.8461,1964,2051,-1300,400
6.8465,1964,2050,-1300,400
6.8469,1964,2050,-1300,400
6.8472,1964,2049,-1300,408
6.8476,1964,2049,-1300,408
6.8480,1964,2049,-1300,408
6.8483,1964,2047,-1300,400
6.8487,1964,2047,-1300,400
6.8490,1964,2047,-1300,400
6.8494,1964,2046,-1350,408
6.8498,1964,2046,-1350,408
6.8501,1950,2044,-1350,400
6.8508,1950,2044,-1350,400
6.8512,1950,2043,-1350,400
6.8516,1950,2043,-1350,400
6.8520,1950,2043,-1350,400
6.8524,1950,2042,-1350,408
6.8528,1950,2042,-1350,408
6.8531,1950,2040,-1350,392
6.8535,1950,2040,-1350,392
6.8539,1950,2040,-1350,392
6.8542,1950,2039,-1350,392
6.8546,1950,2039,-1350,392
6.8550,1950,2039,-1350,392
6.8553,1950,2037,-1350,392
6.8557,1950,2037,-1350,392
6.8560,1950,2037,-1350,392
6.8564,1950,2036,-1350,392
6.8568,1950,2036,-1350,392
6.8571,1950,2034,-1350,392
6.8575,1950,2034,-1350,392
6.8578,1950,2034,-1350,392
6.8582,1950,2033,-1350,392
6.8586,1950,2033,-1350,392
6.8590,1950,2033,-1350,392
6.8594,1950,2032,-1350,392
6.8597,1950,2032,-1350,392
6.8601,1938,2030,-1350,392
6.8608,1938,2030,-1350,392
6.8612,1938,2029,-1350,392
6.8616,1938,2029,-1350,392
6.8619,1938,2029,-1350,392
6.8623,1938,2027,-1350,384
6.8627,1938,2027,-1350,384
6.8630,1938,2027,-1350,384
6.8634,1938,2026,-1350,392
6.8637,1938,2026,-1350,392
6.8641,1938,2025,-1350,392
6.8645,1938,2025,-1350,392
6.8649,1938,2025,-1350,392
6.8653,1938,2023,-1350,392
6.8657,1938,2023,-1350,392
6.8660,1938,2023,-1350,392
6.8664,1938,2022,-1350,392
6.8668,1938,2022,-1350,392
6.8671,1938,2020,-1350,392
6.8676,1938,2020,-1350,392
6.8679,1938,2020,-1350,392
6.8683,1938,2019,-1350,392
6.8687,1938,2019,-1350,392
6.8690,1938,2019,-1350,392
6.8694,1938,2017,-1450,384
6.8697,1938,2017,-1450,384
6.8701,1927,2016,-1450,392
6.8708,1927,2016,-1450,392
6.8712,1927,2015,-1450,392
6.8716,1927,2015,-1450,392
6.8719,1927,2015,-1450,392
6.8723,1927,2013,-1450,384
6.8727,1927,2013,-1450,384
6.8730,1927,2012,-1450,392
6.8734,1927,2012,-1450,392
6.8737,1927,2012,-1450,392
6.8741,1927,2011,-1450,392
6.8745,1927,2011,-1450,392
6.8748,1927,2011,-1450,392
6.8752,1927,2009,-1450,392
6.8756,1927,2009,-1450,392
6.8759,1927,2009,-1450,392
6.8763,1927,2008,-1450,392
6.8767,1927,2008,-1450,392
6.8770,1927,2006,-1450,384
6.8774,1927,2006,-1450,384
6.8777,1927,2006,-1450,384
6.8781,1927,2005,-1450,392
6.8785,1927,2005,-1450,392
6.8788,1927,2005,-1450,392
6.8792,1927,2004,-1450,392
6.8796,1927,2004,-1450,392
6.8799,1927,2004,-1450,392
6.8803,1916,2002,-1450,384
6.8810,1916,2001,-1450,384
6.8814,1916,2001,-1450,384
6.8817,1916,2001,-1450,384
6.8821,1916,1999,-1450,384
6.8825,1916,1999,-1450,384
6.8829,1916,1999,-1450,384
6.8833,1916,1998,-1450,384
6.8836,1916,1998,-1450,384
6.8840,1916,1997,-1450,384
6.8844,1916,1997,-1450,384
6.8847,1916,1997,-1450,384
6.8851,1916,1995,-1450,384
6.8855,1916,1995,-1450,384
6.8858,1916,1995,-1450,384
6.8862,1916,1994,-1450,384
6.8866,1916,1994,-1450,384
6.8869,1916,1994,-1450,384
6.8873,1916,1992,-1450,376
6.8877,1916,1992,-1450,376
6.8880,1916,1991,-1450,384
6.8884,1916,1991,-1450,384
6.8887,1916,1991,-1450,384
6.8891,1916,1990,-1350,384
6.8895,1916,1990,-1350,384
6.8898,1916,1990,-1350,384
6.8902,1906,1988,-1350,376
6.8909,1906,1988,-1350,376
6.8914,1906,1987,-1350,376
6.8917,1906,1987,-1350,376
6.8921,1906,1986,-1350,384
6.8925,1906,1986,-1350,384
6.8928,1906,1986,-1350,384
6.8932,1906,1984,-1350,368
6.8936,1906,1984,-1350,368
6.8940,1906,1983,-1350,368
6.8944,1906,1983,-1350,368
6.8948,1906,1983,-1350,368
6.8953,1906,1982,-1350,376
6.8958,1906,1982,-1350,376
6.8962,1906,1980,-1350,368
6.8966,1906,1980,-1350,368
6.8970,1906,1979,-1350,368
6.8974,1906,1979,-1350,368
6.8978,1906,1979,-1350,368
6.8982,1906,1978,-1350,368
6.8986,1906,1978,-1350,368
6.8991,1906,1976,-1350,360
6.8995,1906,1976,-1350,360
6.8999,1906,1975,-1350,368
6.9004,1898,1975,-1350,368
6.9013,1898,1973,-1350,360
6.9017,1898,1973,-1350,360
6.9021,1898,1972,-1350,360
6.9025,1898,1972,-1350,360
6.9030,1898,1971,-1350,360
6.9034,1898,1971,-1350,360
6.9037,1898,1971,-1350,360
6.9042,1898,1969,-1350,352
6.9047,1898,1969,-1350,352
6.9052,1898,1968,-1350,360
6.9056,1898,1968,-1350,360
6.9060,1898,1966,-1350,352
6.9064,1898,1966,-1350,352
6.9068,1898,1966,-1350,352
6.9072,1898,1965,-1350,352
6.9077,1898,1965,-1350,352
6.9080,1898,1964,-1350,352
6.9085,1898,1964,-1350,352
6.9089,1898,1962,-1400,344
6.9093,1898,1962,-1400,344
6.9097,1898,1962,-1400,344
6.9102,1890,1961,-1400,344
6.9110,1890,1960,-1400,344
6.9114,1890,1960,-1400,344
6.9118,1890,1960,-1400,344
6.9122,1890,1958,-1400,336
6.9126,1890,1958,-1400,336
6.9130,1890,1957,-1400,340
6.9133,1890,1957,-1400,340
6.9137,1890,1957,-1400,340
6.9141,1890,1956,-1400,340
6.9146,1890,1956,-1400,340
6.9149,1890,1954,-1400,332
6.9153,1890,1954,-1400,332
6.9157,1890,1954,-1400,332
6.9161,1890,1953,-1400,332
6.9165,1890,1953,-1400,332
6.9169,1890,1952,-1400,332
6.9173,1890,1952,-1400,332
6.9177,1890,1952,-1400,332
6.9180,1890,1950,-1400,324
6.9184,1890,1950,-1400,324
6.9188,1890,1949,-1400,324
6.9192,1890,1949,-1400,324
6.9196,1890,1949,-1400,324
6.9199,1890,1948,-1400,324
6.9203,1884,1948,-1400,324
6.9210,1884,1946,-1400,316
6.9214,1884,1946,-1400,316
6.9218,1884,1945,-1400,316
6.9223,1884,1945,-1400,316
6.9227,1884,1945,-1400,316
6.9230,1884,1944,-1400,316
6.9234,1884,1944,-1400,316
6.9237,1884,1944,-1400,316
6.9241,1884,1942,-1400,308
6.9245,1884,1942,-1400,308
6.9248,1884,1941,-1400,308
6.9252,1884,1941,-1400,308
6.9256,1884,1941,-1400,308
6.9259,1884,1940,-1400,308
6.9263,1884,1940,-1400,308
6.9267,1884,1940,-1400,308
6.9271,1884,1938,-1400,300
6.9274,1884,1938,-1400,300
6.9278,1884,1937,-1400,300
6.9282,1884,1937,-1400,300
6.9286,1884,1937,-1400,300
6.9290,1884,1936,-1300,300
6.9294,1884,1936,-1300,300
6.9298,1884,1935,-1300,300
6.9301,1879,1935,-1300,300
6.9308,1879,1933,-1300,284
6.9312,1879,1933,-1300,284
6.9316,1879,1933,-1300,284
6.9320,1879,1932,-1300,284
6.9323,1879,1932,-1300,284
6.9327,1879,1932,-1300,284
6.9331,1879,1931,-1300,268
6.9335,1879,1931,-1300,268
6.9339,1879,1930,-1300,268
6.9343,1879,1930,-1300,268
6.9346,1879,1930,-1300,268
6.9350,1879,1929,-1300,268
6.9354,1879,1929,-1300,268
6.9357,1879,1927,-1300,260
6.9361,1879,1927,-1300,260
6.9365,1879,1927,-1300,260
6.9369,1879,1926,-1300,260
6.9372,1879,1926,-1300,260
6.9376,1879,1926,-1300,260
6.9380,1879,1925,-1300,260
6.9383,1879,1925,-1300,260
6.9387,1879,1925,-1300,260
6.9390,1879,1924,-1300,260
6.9394,1879,1924,-1300,260
6.9397,1879,1923,-1300,252
6.9401,1875,1923,-1300,252
6.9408,1875,1921,-1300,244
6.9412,1875,1921,-1300,244
6.9416,1875,1921,-1300,244
6.9419,1875,1920,-1300,244
6.9423,1875,1920,-1300,244
6.9427,1875,1920,-1300,244
6.9430,1875,1919,-1300,244
6.9434,1875,1919,-1300,244
6.9438,1875,1918,-1300,244
6.9441,1875,1918,-1300,244
6.9445,1875,1918,-1300,244
6.9449,1875,1917,-1300,236
6.9452,1875,1917,-1300,236
6.9456,1875,1917,-1300,236
6.9460,1875,1916,-1300,236
6.9464,1875,1916,-1300,236
6.9467,1875,1915,-1300,236
6.9472,1875,1915,-1300,236
6.9476,1875,1915,-1300,236
6.9479,1875,1913,-1300,228
6.9483,1875,1913,-1300,228
6.9487,1875,1912,-1200,220
6.9491,1875,1912,-1200,220
6.9495,1875,1912,-1200,220
6.9499,1875,1911,-1200,220
6.9502,1873,1911,-1200,220
6.9509,1873,1910,-1200,212
6.9513,1873,1910,-1200,212
6.9517,1873,1909,-1200,212
6.9524,1873,1909,-1200,212
6.9528,1873,1908,-1200,212
6.9531,1873,1908,-1200,212
6.9535,1873,1908,-1200,212
6.9539,1873,1907,-1200,204
6.9543,1873,1907,-1200,204
6.9546,1873,1906,-1200,204
6.9550,1873,1906,-1200,204
6.9554,1873,1906,-1200,204
6.9557,1873,1905,-1200,204
6.9561,1873,1905,-1200,204
6.9565,1873,1905,-1200,204
6.9568,1873,1904,-1200,196
6.9572,1873,1904,-1200,196
6.9576,1873,1904,-1200,196
6.9580,1873,1903,-1200,196
6.9584,1873,1903,-1200,196
6.9588,1873,1902,-1200,188
6.9591,1873,1902,-1200,188
6.9595,1873,1902,-1200,188
6.9599,1873,1901,-1200,188
6.9602,1871,1901,-1200,188
6.9609,1871,1900,-1200,180
6.9613,1871,1900,-1200,180
6.9617,1871,1899,-1200,172
6.9620,1871,1899,-1200,172
6.9624,1871,1899,-1200,172
6.9629,1871,1898,-1200,172
6.9633,1871,1898,-1200,172
6.9636,1871,1897,-1200,164
6.9640,1871,1897,-1200,164
6.9644,1871,1897,-1200,164
6.9647,1871,1896,-1200,164
6.9651,1871,1896,-1200,164
6.9655,1871,1896,-1200,164
6.9658,1871,1895,-1200,156
6.9662,1871,1895,-1200,156
6.9666,1871,1895,-1200,156
6.9669,1871,1894,-1200,156
6.9673,1871,1894,-1200,156
6.9677,1871,1894,-1200,156
6.9681,1871,1894,-1200,156
6.9684,1871,1894,-1200,156
6.9688,1871,1893,-950,148
6.9692,1871,1893,-950,148
6.9696,1871,1892,-950,148
6.9699,1871,1892,-950,148
6.9703,1872,1891,-950,140
6.9710,1872,1891,-950,140
6.9715,1872,1891,-950,140
6.9719,1872,1890,-950,132
6.9723,1872,1890,-950,132
6.9726,1872,1889,-950,108
6.9730,1872,1889,-950,108
6.9733,1872,1889,-950,108
6.9737,1872,1889,-950,108
6.9741,1872,1889,-950,108
6.9745,1872,1889,-950,108
6.9749,1872,1888,-950,108
6.9752,1872,1888,-950,108
6.9756,1872,1887,-950,100
6.9760,1872,1887,-950,100
6.9764,1872,1887,-950,100
6.9768,1872,1886,-950,92
6.9772,1872,1886,-950,92
6.9776,1872,1886,-950,92
6.9780,1872,1886,-950,92
6.9784,1872,1886,-950,92
6.9788,1872,1885,-950,84
6.9791,1872,1885,-950,84
6.9795,1872,1884,-950,76
6.9799,1872,1884,-950,76
6.9803,1873,1883,-950,68
6.9810,1873,1883,-950,68
6.9814,1873,1883,-950,68
6.9817,1873,1883,-950,68
6.9821,1873,1883,-950,68
6.9825,1873,1883,-950,68
6.9828,1873,1882,-950,60
6.9832,1873,1882,-950,60
6.9836,1873,1881,-950,52
6.9840,1873,1881,-950,52
6.9844,1873,1881,-950,52
6.9848,1873,1881,-950,52
6.9852,1873,1881,-950,52
6.9856,1873,1880,-950,36
6.9860,1873,1880,-950,36
6.9863,1873,1880,-950,36
6.9867,1873,1879,-950,28
6.9871,1873,1879,-950,28
6.9875,1873,1879,-950,28
6.9878,1873,1879,-950,28
6.9882,1873,1879,-950,28
6.9886,1873,1878,-750,20
6.9889,1873,1878,-750,20
6.9893,1873,1878,-750,20
6.9896,1873,1878,-750,-20
6.9900,1873,1878,-750,-20
6.9904,1876,1877,-750,-28
6.9910,1876,1877,-750,-28
6.9914,1876,1877,-750,-28
6.9917,1876,1877,-750,-28
6.9921,1876,1877,-750,-28
6.9925,1876,1876,-750,-48
6.9929,1876,1876,-750,-48
6.9932,1876,1876,-750,-48
6.9936,1876,1875,-750,-64
6.9940,1876,1875,-750,-64
6.9944,1876,1875,-750,-64
6.9947,1876,1875,-750,-64
6.9951,1876,1875,-750,-64
6.9955,1876,1875,-750,-64
6.9958,1876,1875,-750,-64
6.9962,1876,1875,-750,-64
6.9966,1876,1874,-750,-72
6.9969,1876,1874,-750,-72
6.9973,1876,1874,-750,-72
6.9976,1876,1874,-750,-72
6.9980,1876,1874,-750,-72
6.9983,1876,1874,-750,-72
6.9987,1876,1874,-750,-72
6.9991,1876,1874,-750,-72
6.9994,1876,1873,-750,-80
6.9998,1876,1873,-750,-80
7.0002,1880,1873,-750,-80
7.0010,1880,1873,-750,-80
7.0014,1880,1873,-750,-80
7.0017,1880,1872,-750,-88
7.0021,1880,1872,-750,-88
7.0025,1880,1872,-750,-96
7.0028,1880,1872,-750,-96
7.0032,1880,1872,-750,-96
7.0036,1880,1872,-750,-96
7.0039,1880,1872,-750,-96
7.0043,1880,1872,-750,-96
7.0047,1880,1872,-750,-96
7.0051,1880,1872,-750,-96
7.0055,1880,1872,-750,-104
7.0058,1880,1872,-750,-104
7.0062,1880,1872,-750,-104
7.0066,1880,1872,-750,-104
7.0070,1880,1872,-750,-104
7.0073,1880,1872,-750,-104
7.0077,1880,1872,-750,-104
7.0081,1880,1872,-750,-104
7.0084,1880,1872,-300,-112
7.0088,1880,1872,-300,-112
7.0092,1880,1872,-300,-112
7.0096,1880,1872,-300,-112
7.0099,1880,1872,-300,-112
7.0103,1885,1872,-300,-112
7.0109,1885,1872,-300,-112
7.0113,1885,1872,-300,-120
7.0118,1885,1872,-300,-120
7.0122,1885,1872,-300,-120
7.0126,1885,1872,-300,-100
7.0130,1885,1872,-300,-100
7.0133,1885,1872,-300,-100
7.0137,1885,1872,-300,-100
7.0141,1885,1872,-300,-100
7.0145,1885,1872,-300,-108
7.0148,1885,1872,-300,-108
7.0152,1885,1872,-300,-108
7.0156,1885,1872,-300,-108
7.0160,1885,1872,-300,-108
7.0163,1885,1872,-300,-116
7.0167,1885,1872,-300,-116
7.0171,1885,1872,-300,-116
7.0175,1885,1872,-300,-116
7.0179,1885,1872,-300,-116
7.0182,1885,1872,-300,-116
7.0186,1885,1872,-300,-124
7.0190,1885,1872,-300,-124
7.0194,1885,1872,-300,-124
7.0197,1885,1872,-300,-124
7.0201,1891,1872,-300,-124
7.0208,1891,1872,-300,-124
7.0212,1891,1872,-300,-124
7.0216,1891,1872,-300,-132
7.0219,1891,1872,-300,-132
7.0223,1891,1872,-300,-132
7.0227,1891,1872,-300,-132
7.0230,1891,1872,-300,-132
7.0234,1891,1872,-300,-140
7.0237,1891,1872,-300,-140
7.0241,1891,1872,-300,-140
7.0245,1891,1872,-300,-140
7.0248,1891,1872,-300,-140
7.0252,1891,1872,-300,-140
7.0256,1891,1872,-300,-140
7.0259,1891,1872,-300,-140
7.0263,1891,1872,-300,-148
7.0267,1891,1872,-300,-148
7.0270,1891,1872,-300,-148
7.0274,1891,1872,-300,-148
7.0277,1891,1872,-300,-148
7.0281,1891,1872,-300,-148
7.0285,1891,1872,0,-156
7.0288,1891,1872,0,-156
7.0292,1891,1872,0,-156
7.0296,1891,1872,0,-156
7.0299,1891,1872,0,-156
7.0303,1899,1872,0,-164
7.0309,1899,1872,0,-164
7.0313,1899,1872,0,-164
7.0317,1899,1872,0,-164
7.0320,1899,1872,0,-164
7.0324,1899,1872,0,-172
7.0327,1899,1872,0,-172
7.0331,1899,1872,0,-172
7.0335,1899,1872,0,-172
7.0338,1899,1872,0,-172
7.0342,1899,1872,0,-172
7.0346,1899,1872,0,-180
7.0350,1899,1872,0,-180
7.0354,1899,1872,0,-188
7.0357,1899,1872,0,-188
7.0361,1899,1872,0,-188
7.0365,1899,1873,0,-180
7.0369,1899,1873,0,-180
7.0373,1899,1873,0,-188
7.0376,1899,1873,0,-188
7.0380,1899,1873,0,-188
7.0384,1899,1873,0,-188
7.0387,1899,1873,0,-188
7.0391,1899,1873,0,-188
7.0395,1899,1874,0,-188
7.0398,1899,1874,0,-188
7.0402,1908,1874,0,-196
7.0409,1908,1874,0,-196
7.0413,1908,1874,0,-196
7.0416,1908,1874,0,-196
7.0420,1908,1874,0,-196
7.0424,1908,1875,0,-196
7.0427,1908,1875,0,-196
7.0431,1908,1875,0,-196
7.0435,1908,1875,0,-204
7.0438,1908,1875,0,-204
7.0442,1908,1876,0,-196
7.0446,1908,1876,0,-196
7.0449,1908,1876,0,-196
7.0453,1908,1876,0,-204
7.0456,1908,1876,0,-204
7.0460,1908,1876,0,-204
7.0463,1908,1876,0,-212
7.0467,1908,1876,0,-212
7.0471,1908,1876,0,-212
7.0474,1908,1877,0,-212
7.0478,1908,1877,0,-212
7.0481,1908,1877,0,-212
7.0485,1908,1877,250,-212
7.0489,1908,1877,250,-212
7.0493,1908,1878,250,-212
7.0497,1908,1878,250,-212
7.0500,1918,1878,250,-220
7.0507,1918,1878,250,-220
7.0511,1918,1878,250,-220
7.0515,1918,1879,250,-212
7.0518,1918,1879,250,-212
7.0522,1918,1879,250,-208
7.0526,1918,1879,250,-208
7.0530,1918,1879,250,-208
7.0533,1918,1879,250,-216
7.0537,1918,1879,250,-216
7.0541,1918,1879,250,-216
7.0545,1918,1880,250,-216
7.0548,1918,1880,250,-216
7.0552,1918,1880,250,-216
7.0556,1918,1880,250,-216
7.0559,1918,1880,250,-216
7.0563,1918,1881,250,-216
7.0566,1918,1881,250,-216
7.0570,1918,1881,250,-216
7.0574,1918,1882,250,-216
7.0577,1918,1882,250,-216
7.0581,1918,1882,250,-216
7.0585,1918,1882,250,-224
7.0588,1918,1882,250,-224
7.0592,1918,1883,250,-224
7.0596,1918,1883,250,-224
7.0599,1918,1883,250,-224
7.0603,1929,1884,250,-216
7.0609,1929,1884,250,-216
7.0613,1929,1884,250,-224
7.0616,1929,1884,250,-224
7.0620,1929,1884,250,-224
7.0623,1929,1885,250,-224
7.0627,1929,1885,250,-224
7.0631,1929,1885,250,-224
7.0634,1929,1886,250,-224
7.0638,1929,1886,250,-224
7.0643,1929,1886,250,-232
7.0646,1929,1886,250,-232
7.0650,1929,1886,250,-232
7.0654,1929,1886,250,-240
7.0658,1929,1886,250,-240
7.0662,1929,1887,250,-232
7.0666,1929,1887,250,-232
7.0670,1929,1887,250,-232
7.0674,1929,1888,250,-232
7.0677,1929,1888,250,-232
7.0681,1929,1889,600,-232
7.0685,1929,1889,600,-232
7.0688,1929,1889,600,-232
7.0692,1929,1889,600,-240
7.0696,1929,1889,600,-240
7.0699,1929,1889,600,-240
7.0703,1940,1890,600,-240
7.0710,1940,1890,600,-240
7.0713,1940,1891,600,-240
7.0717,1940,1891,600,-240
7.0720,1940,1891,600,-240
7.0724,1940,1891,600,-244
7.0727,1940,1891,600,-244
7.0731,1940,1892,600,-244
7.0735,1940,1892,600,-244
7.0739,1940,1892,600,-244
7.0742,1940,1892,600,-252
7.0746,1940,1892,600,-252
7.0750,1940,1892,600,-252
7.0753,1940,1893,600,-252
7.0758,1940,1893,600,-252
7.0762,1940,1894,600,-252
7.0766,1940,1894,600,-252
7.0770,1940,1894,600,-252
7.0774,1940,1894,600,-260
7.0777,1940,1894,600,-260
7.0781,1940,1895,600,-260
7.0785,1940,1895,600,-260
7.0789,1940,1895,600,-260
7.0792,1940,1896,600,-260
7.0796,1940,1896,600,-260
7.0799,1940,1896,600,-260
7.0803,1953,1897,600,-252
7.0810,1953,1897,600,-252
7.0813,1953,1897,600,-260
7.0817,1953,1897,600,-260
7.0821,1953,1898,600,-260
7.0824,1953,1898,600,-260
7.0828,1953,1898,600,-260
7.0831,1953,1899,600,-260
7.0835,1953,1899,600,-260
7.0838,1953,1899,600,-260
7.0843,1953,1900,600,-260
7.0847,1953,1900,600,-260
7.0850,1953,1900,600,-268
7.0854,1953,1900,600,-268
7.0858,1953,1900,600,-268
7.0861,1953,1901,600,-268
7.0865,1953,1901,600,-268
7.0868,1953,1901,600,-268
7.0872,1953,1902,600,-268
7.0876,1953,1902,600,-268
7.0879,1953,1902,600,-268
7.0883,1953,1902,650,-276
7.0886,1953,1902,650,-276
7.0890,1953,1902,650,-276
7.0893,1953,1903,650,-276
7.0897,1953,1903,650,-276
7.0901,1966,1904,650,-276
7.0908,1966,1904,650,-276
7.0912,1966,1905,650,-276
7.0916,1966,1905,650,-276
7.0920,1966,1906,650,-272
7.0924,1966,1906,650,-272
7.0928,1966,1906,650,-272
7.0932,1966,1906,650,-280
7.0936,1966,1906,650,-280
7.0939,1966,1906,650,-280
7.0943,1966,1907,650,-280
7.0946,1966,1907,650,-280
7.0950,1966,1908,650,-280
7.0954,1966,1908,650,-280
7.0957,1966,1908,650,-280
7.0961,1966,1909,650,-280
7.0965,1966,1909,650,-280
7.0968,1966,1909,650,-280
7.0972,1966,1910,650,-288
7.0976,1966,1910,650,-288
7.0979,1966,1910,650,-288
7.0983,1966,1911,650,-288
7.0986,1966,1911,650,-288
7.0990,1966,1912,650,-288
7.0993,1966,1912,650,-288
7.0997,1966,1912,650,-288
7.1001,1979,1912,650,-296
7.1008,1979,1912,650,-296
7.1012,1979,1913,650,-296
7.1016,1979,1913,650,-296
7.1019,1979,1913,650,-296
7.1023,1979,1914,650,-296
7.1026,1979,1914,650,-296
7.1030,1979,1915,650,-296
7.1033,1979,1915,650,-296
7.1037,1979,1915,650,-296
7.1041,1979,1916,650,-296
7.1044,1979,1916,650,-296
7.1048,1979,1916,650,-296
7.1052,1979,1917,650,-304
7.1056,1979,1917,650,-304
7.1060,1979,1918,650,-304
7.1064,1979,1918,650,-304
7.1067,1979,1918,650,-304
7.1071,1979,1919,650,-304
7.1075,1979,1919,650,-304
7.1079,1979,1919,650,-304
7.1082,1979,1920,900,-304
7.1086,1979,1920,900,-304
7.1089,1979,1921,900,-304
7.1093,1979,1921,900,-304
7.1096,1979,1921,900,-304
7.1100,1993,1921,900,-312
7.1107,1993,1921,900,-312
7.1110,1993,1922,900,-312
7.1114,1993,1922,900,-312
7.1118,1993,1922,900,-312
7.1122,1993,1923,900,-316
7.1126,1993,1923,900,-316
7.1129,1993,1924,900,-316
7.1133,1993,1924,900,-316
7.1137,1993,1924,900,-316
7.1141,1993,1925,900,-324
7.1145,1993,1925,900,-324
7.1149,1993,1925,900,-324
7.1152,1993,1926,900,-324
7.1157,1993,1926,900,-324
7.1161,1993,1927,900,-324
7.1165,1993,1927,900,-324
7.1168,1993,1927,900,-324
7.1172,1993,1928,900,-324
7.1176,1993,1928,900,-324
7.1180,1993,1929,900,-324
7.1183,1993,1929,900,-324
7.1187,1993,1929,900,-324
7.1191,1993,1930,900,-332
7.1195,1993,1930,900,-332
7.1199,1993,1931,900,-332
7.1202,2008,1931,900,-332
7.1209,2008,1932,900,-332
7.1213,2008,1932,900,-332
7.1217,2008,1932,900,-332
7.1220,2008,1933,900,-332
7.1224,2008,1933,900,-332
7.1228,2008,1933,900,-332
7.1231,2008,1934,900,-332
7.1235,2008,1934,900,-332
7.1239,2008,1935,900,-332
7.1242,2008,1935,900,-332
7.1246,2008,1935,900,-332
7.1250,2008,1936,900,-340
7.1253,2008,1936,900,-340
7.1257,2008,1936,900,-340
7.1261,2008,1937,900,-340
7.1265,2008,1937,900,-340
7.1268,2008,1938,900,-340
7.1272,2008,1938,900,-340
7.1276,2008,1938,900,-340
7.1279,2008,1939,950,-340
7.1283,2008,1939,950,-340
7.1286,2008,1939,950,-340
7.1290,2008,1940,950,-348
7.1293,2008,1940,950,-348
7.1297,2008,1940,950,-348
7.1301,2023,1941,950,-348
7.1308,2023,1942,950,-348
7.1312,2023,1942,950,-348
7.1316,2023,1942,950,-348
7.1319,2023,1943,950,-344
7.1323,2023,1943,950,-344
7.1327,2023,1943,950,-344
7.1330,2023,1944,950,-352
7.1334,2023,1944,950,-352
7.1337,2023,1944,950,-352
7.1341,2023,1945,950,-352
7.1345,2023,1945,950,-352
7.1349,2023,1946,950,-352
7.1352,2023,1946,950,-352
7.1356,2023,1946,950,-352
7.1359,2023,1948,950,-352
7.1363,2023,1948,950,-352
7.1367,2023,1948,950,-352
7.1371,2023,1948,950,-360
7.1374,2023,1948,950,-360
7.1378,2023,1950,950,-352
7.1382,2023,1950,950,-352
7.1386,2023,1950,950,-352
7.1389,2023,1951,950,-360
7.1393,2023,1951,950,-360
7.1397,2023,1951,950,-360
7.1400,2038,1952,950,-360
7.1407,2038,1952,950,-360
7.1411,2038,1953,950,-360
7.1415,2038,1953,950,-360
7.1418,2038,1954,950,-368
7.1422,2038,1954,950,-368
7.1426,2038,1954,950,-368
