"# servo_id=1 center=2043 amp_deg=15.0 cmd_hz=100.0 acc=None torque_limit=None note='leg 7.4V, reg85=254 PERSISTED (after power cycle), acc 0' hz=2.0 ratio=0.991 lag_ms=76.6 accel_est=None"
t_s,cmd_cnt,pos_cnt,speed_raw,load_duty_permille
0.0000,2043,2043,0,0
0.0007,2043,2043,0,0
0.0011,2043,2043,0,0
0.0015,2043,2043,0,0
0.0019,2043,2043,0,0
0.0023,2043,2043,0,0
0.0026,2043,2043,0,0
0.0030,2043,2043,0,0
0.0034,2043,2043,0,0
0.0037,2043,2043,0,0
0.0041,2043,2043,0,0
0.0045,2043,2043,0,0
0.0048,2043,2043,0,0
0.0052,2043,2043,0,0
0.0056,2043,2043,0,0
0.0059,2043,2043,0,0
0.0063,2043,2043,0,0
0.0067,2043,2043,0,0
0.0071,2043,2043,0,0
0.0075,2043,2043,0,0
0.0079,2043,2043,0,0
0.0083,2043,2043,0,0
0.0087,2043,2043,0,0
0.0090,2043,2043,0,0
0.0094,2043,2043,0,0
0.0097,2043,2043,0,0
0.0101,2065,2043,0,0
0.0109,2065,2043,0,0
0.0114,2065,2043,0,0
0.0118,2065,2043,0,0
0.0122,2065,2043,0,0
0.0126,2065,2043,0,0
0.0129,2065,2043,0,0
0.0133,2065,2043,0,0
0.0137,2065,2043,0,0
0.0141,2065,2043,0,0
0.0144,2065,2043,0,0
0.0148,2065,2043,0,0
0.0152,2065,2043,0,0
0.0156,2065,2043,0,0
0.0159,2065,2043,0,0
0.0163,2065,2043,0,0
0.0167,2065,2043,0,0
0.0170,2065,2043,0,0
0.0174,2065,2043,0,0
0.0177,2065,2043,0,0
0.0181,2065,2043,0,0
0.0184,2065,2043,0,0
0.0188,2065,2043,0,0
0.0192,2065,2043,0,0
0.0195,2065,2043,0,0
0.0199,2065,2043,0,0
0.0203,2086,2043,0,0
0.0209,2086,2043,0,0
0.0213,2086,2043,0,0
0.0217,2086,2043,0,0
0.0220,2086,2043,0,-24
0.0224,2086,2043,0,-24
0.0228,2086,2043,0,-24
0.0232,2086,2043,0,-24
0.0235,2086,2043,0,-24
0.0239,2086,2043,0,-32
0.0243,2086,2043,0,-32
0.0247,2086,2043,0,-32
0.0250,2086,2043,0,-32
0.0254,2086,2043,0,-32
0.0258,2086,2043,0,-32
0.0261,2086,2043,0,-32
0.0265,2086,2043,0,-32
0.0269,2086,2043,0,-40
0.0273,2086,2043,0,-40
0.0277,2086,2043,0,-40
0.0281,2086,2043,0,-40
0.0285,2086,2043,0,-40
0.0288,2086,2043,0,-48
0.0293,2086,2043,0,-48
0.0296,2086,2043,0,-48
0.0300,2106,2043,0,-48
0.0307,2106,2043,0,-56
0.0311,2106,2043,0,-56
0.0315,2106,2043,0,-56
0.0320,2106,2043,0,-56
0.0324,2106,2043,0,-56
0.0329,2106,2043,0,-64
0.0333,2106,2043,0,-64
0.0337,2106,2043,0,-72
0.0341,2106,2043,0,-72
0.0345,2106,2043,0,-72
0.0348,2106,2043,0,-72
0.0352,2106,2043,0,-72
0.0355,2106,2043,0,-72
0.0359,2106,2043,0,-80
0.0363,2106,2043,0,-80
0.0366,2106,2043,0,-88
0.0370,2106,2043,0,-88
0.0374,2106,2043,0,-88
0.0377,2106,2043,0,-96
0.0381,2106,2043,0,-96
0.0385,2106,2043,0,-96
0.0388,2106,2043,0,-96
0.0393,2106,2043,0,-96
0.0397,2106,2043,0,-148
0.0400,2125,2043,0,-148
0.0408,2125,2043,0,-156
0.0411,2125,2043,0,-156
0.0415,2125,2043,0,-156
0.0418,2125,2043,0,-164
0.0423,2125,2043,0,-164
0.0426,2125,2043,0,-172
0.0430,2125,2043,0,-172
0.0434,2125,2043,0,-172
0.0438,2125,2043,0,-172
0.0441,2125,2043,0,-172
0.0445,2125,2043,0,-172
0.0449,2125,2043,0,-180
0.0453,2125,2043,0,-180
0.0457,2125,2043,0,-188
0.0461,2125,2043,0,-188
0.0464,2125,2043,0,-188
0.0468,2125,2043,0,-196
0.0472,2125,2043,0,-196
0.0476,2125,2043,0,-204
0.0479,2125,2043,0,-204
0.0483,2125,2043,0,-204
0.0487,2125,2043,0,-212
0.0491,2125,2043,0,-212
0.0495,2125,2043,0,-212
0.0498,2125,2043,0,-220
0.0502,2144,2043,0,-220
0.0509,2144,2044,0,-220
0.0513,2144,2044,0,-220
0.0517,2144,2044,0,-228
0.0521,2144,2044,0,-228
0.0525,2144,2044,0,-228
0.0529,2144,2044,0,-244
0.0534,2144,2044,0,-244
0.0537,2144,2044,0,-252
0.0541,2144,2044,0,-252
0.0545,2144,2044,0,-252
0.0548,2144,2045,0,-252
0.0553,2144,2045,0,-252
0.0557,2144,2045,0,-260
0.0560,2144,2045,0,-260
0.0564,2144,2045,0,-260
0.0568,2144,2045,0,-268
0.0572,2144,2045,0,-268
0.0576,2144,2046,0,-276
0.0580,2144,2046,0,-276
0.0584,2144,2046,0,-276
0.0587,2144,2046,0,-284
0.0591,2144,2046,0,-284
0.0595,2144,2046,0,-284
0.0599,2144,2047,0,-308
0.0603,2160,2047,0,-316
0.0610,2160,2047,0,-316
0.0614,2160,2047,0,-316
0.0617,2160,2048,0,-324
0.0621,2160,2048,0,-324
0.0625,2160,2048,0,-332
0.0629,2160,2048,0,-332
0.0633,2160,2048,0,-332
0.0637,2160,2049,0,-340
0.0640,2160,2049,0,-340
0.0644,2160,2049,0,-340
0.0648,2160,2049,0,-348
0.0652,2160,2049,0,-348
0.0655,2160,2050,0,-348
0.0659,2160,2050,0,-348
0.0663,2160,2050,0,-348
0.0666,2160,2051,0,-356
0.0670,2160,2051,0,-356
0.0674,2160,2051,0,-356
0.0678,2160,2051,400,-364
0.0681,2160,2051,400,-364
0.0685,2160,2052,400,-372
0.0689,2160,2052,400,-372
0.0693,2160,2052,400,-372
0.0697,2160,2053,400,-372
0.0701,2175,2053,400,-372
0.0708,2175,2053,400,-388
0.0711,2175,2053,400,-388
0.0716,2175,2054,400,-396
0.0719,2175,2054,400,-396
0.0724,2175,2054,400,-396
0.0728,2175,2055,400,-396
0.0732,2175,2055,400,-396
0.0735,2175,2056,400,-404
0.0739,2175,2056,400,-404
0.0743,2175,2056,400,-404
0.0748,2175,2056,400,-420
0.0752,2175,2056,400,-420
0.0756,2175,2057,400,-420
0.0760,2175,2057,400,-420
0.0763,2175,2057,400,-420
0.0768,2175,2058,400,-428
0.0771,2175,2058,400,-428
0.0775,2175,2059,400,-436
0.0779,2175,2059,400,-436
0.0783,2175,2059,400,-436
0.0787,2175,2060,400,-444
0.0790,2175,2060,400,-444
0.0794,2175,2061,400,-444
0.0798,2175,2061,400,-444
0.0802,2187,2062,400,-452
0.0808,2187,2062,400,-452
0.0813,2187,2062,400,-452
0.0816,2187,2063,400,-460
0.0820,2187,2063,400,-460
0.0824,2187,2063,400,-460
0.0827,2187,2064,400,-468
0.0831,2187,2064,400,-468
0.0834,2187,2065,400,-476
0.0838,2187,2065,400,-476
0.0843,2187,2065,400,-476
0.0847,2187,2066,400,-484
0.0850,2187,2066,400,-484
0.0854,2187,2067,400,-492
0.0858,2187,2067,400,-492
0.0862,2187,2067,400,-492
0.0865,2187,2068,400,-500
0.0869,2187,2068,400,-500
0.0873,2187,2068,400,-500
0.0876,2187,2069,900,-500
0.0880,2187,2069,900,-500
0.0884,2187,2070,900,-508
0.0888,2187,2070,900,-508
0.0891,2187,2070,900,-508
0.0895,2187,2071,900,-516
0.0899,2187,2071,900,-516
0.0903,2198,2073,900,-516
0.0910,2198,2073,900,-516
0.0913,2198,2073,900,-516
0.0917,2198,2074,900,-524
0.0920,2198,2074,900,-524
0.0924,2198,2075,900,-524
0.0928,2198,2075,900,-524
0.0933,2198,2075,900,-524
0.0937,2198,2077,900,-524
0.0941,2198,2077,900,-524
0.0945,2198,2078,900,-532
0.0948,2198,2078,900,-532
0.0953,2198,2078,900,-532
0.0957,2198,2079,900,-540
0.0960,2198,2079,900,-540
0.0964,2198,2081,900,-540
0.0967,2198,2081,900,-540
0.0971,2198,2081,900,-540
0.0975,2198,2082,900,-540
0.0979,2198,2082,900,-540
0.0983,2198,2082,900,-540
0.0986,2198,2084,900,-540
0.0990,2198,2084,900,-540
0.0994,2198,2085,900,-532
0.0998,2198,2085,900,-532
0.1002,2205,2086,900,-540
0.1009,2205,2086,900,-540
0.1013,2205,2086,900,-540
0.1017,2205,2088,900,-532
0.1020,2205,2088,900,-532
0.1024,2205,2089,900,-540
0.1027,2205,2089,900,-540
0.1031,2205,2089,900,-540
0.1035,2205,2090,900,-548
0.1038,2205,2090,900,-548
0.1042,2205,2090,900,-548
0.1045,2205,2092,900,-540
0.1049,2205,2092,900,-540
0.1053,2205,2092,900,-540
0.1056,2205,2093,900,-548
0.1060,2205,2093,900,-548
0.1064,2205,2095,900,-548
0.1067,2205,2095,900,-548
0.1071,2205,2095,900,-548
0.1075,2205,2096,1350,-548
0.1078,2205,2096,1350,-548
0.1083,2205,2096,1350,-548
0.1086,2205,2098,1350,-548
0.1090,2205,2098,1350,-548
0.1094,2205,2100,1350,-540
0.1098,2205,2100,1350,-540
0.1101,2211,2101,1350,-548
0.1108,2211,2101,1350,-548
0.1113,2211,2103,1350,-540
0.1117,2211,2103,1350,-540
0.1120,2211,2103,1350,-540
0.1125,2211,2105,1350,-540
0.1128,2211,2105,1350,-540
0.1132,2211,2105,1350,-540
0.1137,2211,2106,1350,-548
0.1141,2211,2106,1350,-548
0.1148,2211,2108,1350,-540
0.1153,2211,2109,1350,-548
0.1157,2211,2109,1350,-548
0.1161,2211,2109,1350,-548
0.1164,2211,2111,1350,-540
0.1168,2211,2111,1350,-540
0.1172,2211,2111,1350,-540
0.1175,2211,2112,1350,-540
0.1179,2211,2112,1350,-540
0.1183,2211,2114,1350,-540
0.1186,2211,2114,1350,-540
0.1190,2211,2114,1350,-540
0.1194,2211,2116,1350,-480
0.1197,2211,2116,1350,-480
0.1201,2213,2117,1350,-488
0.1208,2213,2117,1350,-488
0.1212,2213,2117,1350,-488
0.1215,2213,2119,1350,-480
0.1219,2213,2119,1350,-480
0.1223,2213,2121,1350,-472
0.1227,2213,2121,1350,-472
0.1231,2213,2121,1350,-472
0.1234,2213,2123,1350,-472
0.1238,2213,2123,1350,-472
0.1242,2213,2123,1350,-472
0.1245,2213,2124,1350,-472
0.1249,2213,2124,1350,-472
0.1253,2213,2126,1350,-464
0.1256,2213,2126,1350,-464
0.1260,2213,2126,1350,-464
0.1264,2213,2128,1350,-456
0.1267,2213,2128,1350,-456
0.1271,2213,2128,1350,-456
0.1275,2213,2129,1650,-464
0.1278,2213,2129,1650,-464
0.1282,2213,2129,1650,-464
0.1286,2213,2131,1650,-456
0.1289,2213,2131,1650,-456
0.1293,2213,2133,1650,-448
0.1297,2213,2133,1650,-448
0.1301,2213,2135,1650,-440
0.1308,2213,2135,1650,-440
0.1312,2213,2135,1650,-440
0.1315,2213,2136,1650,-440
0.1319,2213,2136,1650,-440
0.1323,2213,2138,1650,-432
0.1327,2213,2138,1650,-432
0.1330,2213,2138,1650,-432
0.1334,2213,2140,1650,-424
0.1338,2213,2140,1650,-424
0.1342,2213,2140,1650,-424
0.1345,2213,2141,1650,-424
0.1349,2213,2141,1650,-424
0.1353,2213,2143,1650,-416
0.1363,2213,2145,1650,-408
0.1367,2213,2145,1650,-408
0.1376,2213,2147,1650,-400
0.1380,2213,2147,1650,-400
0.1384,2213,2148,1650,-400
0.1388,2213,2148,1650,-400
0.1393,2213,2150,1650,-348
0.1397,2213,2150,1650,-348
0.1401,2211,2152,1650,-340
0.1408,2211,2152,1650,-340
0.1412,2211,2153,1650,-340
0.1415,2211,2153,1650,-340
0.1419,2211,2153,1650,-340
0.1423,2211,2155,1650,-324
0.1427,2211,2155,1650,-324
0.1430,2211,2155,1650,-324
0.1435,2211,2157,1650,-316
0.1438,2211,2157,1650,-316
0.1443,2211,2158,1650,-316
0.1447,2211,2158,1650,-316
0.1453,2211,2160,1650,-308
0.1457,2211,2160,1650,-308
0.1474,2211,2163,1700,-292
0.1489,2211,2164,1700,-292
0.1494,2211,2166,1700,-276
0.1498,2211,2166,1700,-276
0.1502,2205,2167,1700,-276
0.1510,2205,2167,1700,-276
0.1514,2205,2169,1700,-268
0.1518,2205,2169,1700,-268
0.1522,2205,2170,1700,-260
0.1526,2205,2170,1700,-260
0.1530,2205,2170,1700,-260
0.1534,2205,2172,1700,-252
0.1538,2205,2172,1700,-252
0.1542,2205,2174,1700,-236
0.1546,2205,2174,1700,-236
0.1551,2205,2175,1700,-236
0.1557,2205,2175,1700,-236
0.1565,2205,2176,1700,-228
0.1574,2205,2178,1700,-220
0.1579,2205,2178,1700,-220
0.1589,2205,2180,1700,-176
0.1597,2205,2180,1700,-176
0.1600,2197,2182,1700,-168
0.1613,2197,2183,1700,-160
0.1618,2197,2183,1700,-160
0.1622,2197,2184,1700,-152
0.1626,2197,2184,1700,-152
0.1629,2197,2184,1700,-152
0.1633,2197,2186,1700,-144
0.1637,2197,2186,1700,-144
0.1641,2197,2187,1700,-136
0.1645,2197,2187,1700,-136
0.1649,2197,2187,1700,-136
0.1653,2197,2188,1700,-128
0.1657,2197,2188,1700,-128
0.1662,2197,2189,1700,-120
0.1666,2197,2189,1700,-120
0.1670,2197,2190,1350,-112
0.1687,2197,2191,1350,-112
0.1699,2197,2193,1350,-96
0.1704,2187,2200,1350,-40
0.1838,2169,2208,900,100
0.1975,2148,2211,900,156
0.1983,2148,2211,900,156
0.1987,2148,2211,900,156
0.1990,2148,2212,900,144
0.1994,2148,2212,900,144
0.2000,2143,2212,900,152
0.2007,2143,2212,900,152
0.2011,2143,2212,900,160
0.2015,2143,2212,900,160
0.2019,2143,2212,900,168
0.2023,2143,2212,900,168
0.2026,2143,2212,900,168
0.2030,2143,2212,900,168
0.2034,2143,2212,900,168
0.2037,2143,2212,900,168
0.2041,2143,2212,900,176
0.2045,2143,2212,900,176
0.2048,2143,2212,900,176
0.2053,2143,2212,900,184
0.2056,2143,2212,900,184
0.2060,2143,2212,900,192
0.2064,2143,2212,900,192
0.2068,2143,2212,900,192
0.2071,2143,2212,200,200
0.2075,2143,2212,200,200
0.2079,2143,2212,200,208
0.2083,2143,2212,200,208
0.2086,2143,2212,200,208
0.2090,2143,2212,200,216
0.2094,2143,2212,200,216
0.2100,2143,2212,200,224
0.2103,2125,2212,200,224
0.2112,2125,2212,200,232
0.2116,2125,2212,200,232
0.2119,2125,2212,200,240
0.2123,2125,2212,200,240
0.2127,2125,2212,200,240
0.2130,2125,2212,200,248
0.2134,2125,2212,200,248
0.2138,2125,2212,200,248
0.2141,2125,2212,200,256
0.2145,2125,2212,200,256
0.2148,2125,2212,200,264
0.2154,2125,2212,200,264
0.2157,2125,2212,200,264
0.2161,2125,2212,200,272
0.2165,2125,2212,200,272
0.2168,2125,2212,200,288
0.2172,2125,2212,200,288
0.2175,2125,2212,200,288
0.2179,2125,2212,200,296
0.2183,2125,2212,200,296
0.2187,2125,2212,200,296
0.2190,2125,2212,200,320
0.2194,2125,2212,200,320
0.2198,2125,2212,200,328
0.2202,2105,2212,200,328
0.2209,2105,2211,200,328
0.2213,2105,2211,200,328
0.2216,2105,2211,200,328
0.2220,2105,2211,200,344
0.2223,2105,2211,200,344
0.2227,2105,2211,200,344
0.2231,2105,2210,200,344
0.2234,2105,2210,200,344
0.2238,2105,2210,200,352
0.2243,2105,2210,200,352
0.2246,2105,2210,200,352
0.2250,2105,2209,200,360
0.2254,2105,2209,200,360
0.2258,2105,2208,200,360
0.2261,2105,2208,200,360
0.2265,2105,2208,200,360
0.2269,2105,2207,-250,368
0.2273,2105,2207,-250,368
0.2277,2105,2207,-250,368
0.2280,2105,2207,-250,376
0.2284,2105,2207,-250,376
0.2288,2105,2206,-250,384
0.2291,2105,2206,-250,384
0.2295,2105,2206,-250,384
0.2298,2105,2206,-250,392
0.2303,2085,2206,-250,392
0.2310,2085,2205,-250,400
0.2314,2085,2205,-250,400
0.2321,2085,2204,-250,400
0.2332,2085,2203,-250,408
0.2336,2085,2203,-250,408
0.2345,2085,2202,-250,408
0.2352,2085,2201,-250,416
0.2358,2085,2200,-250,424
0.2362,2085,2200,-250,424
0.2367,2085,2200,-250,424
0.2380,2085,2199,-250,440
0.2385,2085,2199,-250,440
0.2389,2085,2198,-250,432
0.2400,2064,2195,-250,448
0.2422,2064,2195,-250,448
0.2426,2064,2195,-250,448
0.2431,2064,2194,-250,456
0.2435,2064,2194,-250,456
0.2438,2064,2193,-250,464
0.2443,2064,2193,-250,464
0.2446,2064,2193,-250,464
0.2451,2064,2192,-250,472
0.2455,2064,2192,-250,472
0.2459,2064,2191,-250,472
0.2463,2064,2191,-250,472
0.2467,2064,2191,-250,472
0.2470,2064,2190,-850,480
0.2474,2064,2190,-850,480
0.2478,2064,2189,-850,488
0.2482,2064,2189,-850,488
0.2490,2064,2187,-850,488
0.2494,2064,2187,-850,488
0.2498,2064,2186,-850,496
0.2505,2042,2185,-850,504
0.2512,2042,2185,-850,504
0.2515,2042,2185,-850,504
0.2519,2042,2184,-850,512
0.2527,2042,2183,-850,520
0.2537,2042,2182,-850,528
0.2544,2042,2182,-850,528
0.2553,2042,2180,-850,528
0.2592,2042,2175,-850,548
0.2597,2042,2173,-850,548
0.2601,2021,2173,-850,548
0.2609,2021,2172,-850,556
0.2613,2021,2172,-850,556
0.2617,2021,2171,-850,564
0.2620,2021,2171,-850,564
0.2624,2021,2171,-850,564
0.2632,2021,2169,-850,564
0.2667,2021,2163,-1350,580
0.2678,2021,2162,-1350,588
0.2684,2021,2162,-1350,588
0.2700,2021,2159,-1350,596
0.2712,1998,2155,-1350,596
0.2721,1998,2155,-1350,596
0.2726,1998,2154,-1350,596
0.2762,1998,2149,-1350,604
0.2773,1998,2147,-1350,604
0.2785,1998,2143,-1350,584
0.2805,1979,2140,-1350,592
0.2816,1979,2138,-1350,592
0.2822,1979,2138,-1350,592
0.2827,1979,2136,-1350,592
0.2831,1979,2136,-1350,592
0.2835,1979,2134,-1350,592
0.2839,1979,2134,-1350,592
0.2843,1979,2134,-1350,592
0.2846,1979,2132,-1350,592
0.2854,1979,2132,-1350,592
0.2860,1979,2131,-1350,600
0.2866,1979,2129,-1700,600
0.2870,1979,2129,-1700,600
0.2877,1979,2127,-1700,600
0.2907,1960,2118,-1700,608
0.2946,1960,2114,-1700,608
0.2951,1960,2114,-1700,608
0.2956,1960,2112,-1700,608
0.2960,1960,2112,-1700,608
0.2964,1960,2112,-1700,608
0.2968,1960,2110,-1700,608
0.2972,1960,2110,-1700,608
0.2976,1960,2108,-1700,608
0.2982,1960,2108,-1700,608
0.2986,1960,2106,-1700,588
0.2989,1960,2106,-1700,588
0.2993,1960,2106,-1700,588
0.2997,1960,2104,-1700,588
0.3007,1941,2100,-1700,588
0.3023,1941,2100,-1700,588
0.3027,1941,2098,-1700,588
0.3031,1941,2098,-1700,588
0.3036,1941,2096,-1700,588
0.3039,1941,2096,-1700,588
0.3043,1941,2096,-1700,588
0.3047,1941,2094,-1700,588
0.3051,1941,2094,-1700,588
0.3055,1941,2092,-1700,588
0.3059,1941,2092,-1700,588
0.3063,1941,2092,-1700,588
0.3066,1941,2090,-1950,588
0.3070,1941,2090,-1950,588
0.3074,1941,2088,-1950,588
0.3078,1941,2088,-1950,588
0.3081,1941,2088,-1950,588
0.3086,1941,2086,-1950,588
0.3089,1941,2086,-1950,588
0.3093,1941,2086,-1950,588
0.3097,1941,2084,-1950,588
0.3101,1926,2082,-1950,588
0.3108,1926,2082,-1950,588
0.3112,1926,2082,-1950,588
0.3116,1926,2080,-1950,588
0.3119,1926,2080,-1950,588
0.3123,1926,2080,-1950,588
0.3127,1926,2078,-1950,588
0.3131,1926,2078,-1950,588
0.3134,1926,2076,-1950,588
0.3138,1926,2076,-1950,588
0.3143,1926,2076,-1950,588
0.3147,1926,2074,-1950,588
0.3152,1926,2074,-1950,588
0.3155,1926,2072,-1950,588
0.3159,1926,2072,-1950,588
0.3163,1926,2072,-1950,588
0.3167,1926,2070,-1950,588
0.3170,1926,2070,-1950,588
0.3174,1926,2068,-1950,588
0.3178,1926,2068,-1950,588
0.3182,1926,2068,-1950,588
0.3185,1926,2066,-1950,576
0.3189,1926,2066,-1950,576
0.3193,1926,2066,-1950,576
0.3197,1926,2064,-1950,576
0.3200,1911,2064,-1950,576
0.3207,1911,2062,-1950,576
0.3211,1911,2062,-1950,576
0.3214,1911,2060,-1950,576
0.3218,1911,2060,-1950,576
0.3222,1911,2060,-1950,576
0.3227,1911,2058,-1950,568
0.3231,1911,2058,-1950,568
0.3236,1911,2055,-1950,560
0.3239,1911,2055,-1950,560
0.3243,1911,2055,-1950,560
0.3247,1911,2053,-1950,560
0.3250,1911,2053,-1950,560
0.3254,1911,2051,-1950,560
0.3258,1911,2051,-1950,560
0.3262,1911,2051,-1950,560
0.3266,1911,2050,-2000,568
0.3269,1911,2050,-2000,568
0.3273,1911,2050,-2000,568
0.3277,1911,2048,-2000,568
0.3280,1911,2048,-2000,568
0.3284,1911,2045,-2000,560
0.3287,1911,2045,-2000,560
0.3291,1911,2045,-2000,560
0.3295,1911,2043,-2000,560
0.3298,1911,2043,-2000,560
0.3303,1899,2041,-2000,560
0.3310,1899,2041,-2000,560
0.3313,1899,2039,-2000,560
0.3317,1899,2039,-2000,560
0.3321,1899,2039,-2000,560
0.3324,1899,2037,-2000,552
0.3328,1899,2037,-2000,552
0.3332,1899,2037,-2000,552
0.3336,1899,2035,-2000,552
0.3339,1899,2035,-2000,552
0.3343,1899,2033,-2000,552
0.3347,1899,2033,-2000,552
0.3350,1899,2033,-2000,552
0.3354,1899,2031,-2000,552
0.3358,1899,2031,-2000,552
0.3362,1899,2031,-2000,552
0.3366,1899,2029,-2000,552
0.3369,1899,2029,-2000,552
0.3373,1899,2027,-2000,552
0.3377,1899,2027,-2000,552
0.3380,1899,2027,-2000,552
0.3384,1899,2025,-2000,540
0.3388,1899,2025,-2000,540
0.3391,1899,2025,-2000,540
0.3395,1899,2023,-2000,532
0.3399,1899,2023,-2000,532
0.3403,1888,2021,-2000,532
0.3410,1888,2021,-2000,532
0.3414,1888,2019,-2000,532
0.3417,1888,2019,-2000,532
0.3421,1888,2019,-2000,532
0.3425,1888,2017,-2000,532
0.3429,1888,2017,-2000,532
0.3434,1888,2015,-2000,524
0.3437,1888,2015,-2000,524
0.3442,1888,2015,-2000,524
0.3445,1888,2013,-2000,524
0.3449,1888,2013,-2000,524
0.3453,1888,2011,-2000,524
0.3457,1888,2011,-2000,524
0.3461,1888,2011,-2000,524
0.3464,1888,2009,-2050,524
0.3468,1888,2009,-2050,524
0.3472,1888,2009,-2050,524
0.3475,1888,2007,-2050,516
0.3479,1888,2007,-2050,516
0.3483,1888,2005,-2050,516
0.3486,1888,2005,-2050,516
0.3490,1888,2005,-2050,516
0.3494,1888,2003,-2050,516
0.3498,1888,2003,-2050,516
0.3501,1881,2001,-2050,508
0.3508,1881,2001,-2050,508
0.3513,1881,1999,-2050,508
0.3516,1881,1999,-2050,508
0.3520,1881,1999,-2050,508
0.3524,1881,1997,-2050,508
0.3528,1881,1997,-2050,508
0.3531,1881,1997,-2050,508
0.3535,1881,1995,-2050,500
0.3538,1881,1995,-2050,500
0.3542,1881,1995,-2050,500
0.3545,1881,1993,-2050,500
0.3549,1881,1993,-2050,500
0.3553,1881,1991,-2050,492
0.3557,1881,1991,-2050,492
0.3560,1881,1991,-2050,492
0.3564,1881,1989,-2050,492
0.3568,1881,1989,-2050,492
0.3573,1881,1987,-2050,492
0.3577,1881,1987,-2050,492
0.3580,1881,1987,-2050,492
0.3584,1881,1985,-2050,468
0.3588,1881,1985,-2050,468
0.3591,1881,1984,-2050,476
0.3595,1881,1984,-2050,476
0.3599,1881,1984,-2050,476
0.3603,1875,1982,-2050,468
0.3610,1875,1982,-2050,468
0.3613,1875,1980,-2050,468
0.3617,1875,1980,-2050,468
0.3621,1875,1980,-2050,468
0.3624,1875,1978,-2050,460
0.3628,1875,1978,-2050,460
0.3632,1875,1976,-2050,460
0.3635,1875,1976,-2050,460
0.3639,1875,1976,-2050,460
0.3643,1875,1974,-2050,452
0.3648,1875,1974,-2050,452
0.3651,1875,1972,-2050,452
0.3655,1875,1972,-2050,452
0.3659,1875,1972,-2050,452
0.3663,1875,1971,-1900,452
0.3666,1875,1971,-1900,452
0.3670,1875,1971,-1900,452
0.3674,1875,1969,-1900,444
0.3677,1875,1969,-1900,444
0.3681,1875,1969,-1900,444
0.3684,1875,1967,-1900,444
0.3688,1875,1967,-1900,444
0.3692,1875,1965,-1900,436
0.3696,1875,1965,-1900,436
0.3699,1875,1965,-1900,436
0.3703,1873,1963,-1900,428
0.3710,1873,1963,-1900,428
0.3714,1873,1961,-1900,428
0.3718,1873,1961,-1900,428
0.3721,1873,1959,-1900,420
0.3725,1873,1959,-1900,420
0.3729,1873,1959,-1900,420
0.3733,1873,1957,-1900,412
0.3737,1873,1957,-1900,412
0.3741,1873,1957,-1900,412
0.3744,1873,1955,-1900,412
0.3748,1873,1955,-1900,412
0.3751,1873,1954,-1900,412
0.3755,1873,1954,-1900,412
0.3759,1873,1954,-1900,412
0.3763,1873,1952,-1900,404
0.3767,1873,1952,-1900,404
0.3770,1873,1952,-1900,404
0.3774,1873,1950,-1900,396
0.3778,1873,1950,-1900,396
0.3781,1873,1948,-1900,376
0.3785,1873,1948,-1900,376
0.3789,1873,1948,-1900,376
0.3793,1873,1946,-1900,376
0.3797,1873,1946,-1900,376
0.3800,1873,1945,-1900,376
0.3808,1873,1945,-1900,376
0.3811,1873,1943,-1900,368
0.3815,1873,1943,-1900,368
0.3819,1873,1943,-1900,368
0.3823,1873,1941,-1900,360
0.3826,1873,1941,-1900,360
0.3830,1873,1941,-1900,360
0.3834,1873,1939,-1900,352
0.3838,1873,1939,-1900,352
0.3846,1873,1938,-1900,352
0.3851,1873,1936,-1900,344
0.3855,1873,1936,-1900,344
0.3858,1873,1936,-1900,344
0.3863,1873,1935,-1800,344
0.3867,1873,1935,-1800,344
0.3871,1873,1933,-1800,336
0.3874,1873,1933,-1800,336
0.3878,1873,1933,-1800,336
0.3882,1873,1931,-1800,328
0.3885,1873,1931,-1800,328
0.3889,1873,1931,-1800,328
0.3893,1873,1930,-1800,328
0.3896,1873,1930,-1800,328
0.3900,1875,1928,-1800,312
0.3907,1875,1928,-1800,312
0.3910,1875,1927,-1800,312
0.3914,1875,1927,-1800,312
0.3918,1875,1927,-1800,312
0.3921,1875,1925,-1800,304
0.3925,1875,1925,-1800,304
0.3929,1875,1925,-1800,304
0.3933,1875,1923,-1800,296
0.3936,1875,1923,-1800,296
0.3940,1875,1923,-1800,296
0.3943,1875,1922,-1800,296
0.3947,1875,1922,-1800,296
0.3950,1875,1920,-1800,280
0.3954,1875,1920,-1800,280
0.3958,1875,1920,-1800,280
0.3961,1875,1919,-1800,280
0.3965,1875,1919,-1800,280
0.3969,1875,1919,-1800,280
0.3973,1875,1917,-1800,272
0.3976,1875,1917,-1800,272
0.3980,1875,1917,-1800,272
0.3983,1875,1916,-1800,248
0.3987,1875,1916,-1800,248
0.3990,1875,1914,-1800,240
0.3994,1875,1914,-1800,240
0.3998,1875,1914,-1800,240
0.4001,1881,1913,-1800,240
0.4009,1881,1913,-1800,240
0.4013,1881,1911,-1800,224
0.4016,1881,1911,-1800,224
0.4020,1881,1910,-1800,224
0.4024,1881,1910,-1800,224
0.4028,1881,1910,-1800,224
0.4031,1881,1909,-1800,216
0.4035,1881,1909,-1800,216
0.4039,1881,1909,-1800,216
0.4043,1881,1907,-1800,208
0.4048,1881,1907,-1800,208
0.4052,1881,1906,-1800,200
0.4056,1881,1906,-1800,200
0.4059,1881,1906,-1800,200
0.4063,1881,1904,-1550,192
0.4067,1881,1904,-1550,192
0.4072,1881,1903,-1550,184
0.4076,1881,1903,-1550,184
0.4080,1881,1902,-1550,184
0.4083,1881,1902,-1550,184
0.4087,1881,1902,-1550,184
0.4090,1881,1901,-1550,176
0.4094,1881,1901,-1550,176
0.4098,1881,1901,-1550,176
0.4102,1889,1899,-1550,160
0.4109,1889,1899,-1550,160
0.4113,1889,1898,-1550,160
0.4116,1889,1898,-1550,160
0.4120,1889,1897,-1550,152
0.4125,1889,1897,-1550,152
0.4129,1889,1897,-1550,152
0.4133,1889,1896,-1550,144
0.4136,1889,1896,-1550,144
0.4140,1889,1894,-1550,136
0.4144,1889,1894,-1550,136
0.4147,1889,1894,-1550,136
0.4151,1889,1893,-1550,128
0.4155,1889,1893,-1550,128
0.4159,1889,1893,-1550,128
0.4163,1889,1892,-1550,120
0.4166,1889,1892,-1550,120
0.4170,1889,1891,-1550,112
0.4174,1889,1891,-1550,112
0.4177,1889,1891,-1550,112
0.4181,1889,1890,-1550,88
0.4185,1889,1890,-1550,88
0.4189,1889,1890,-1550,88
0.4193,1889,1889,-1550,80
0.4197,1889,1889,-1550,80
0.4200,1899,1888,-1550,80
0.4207,1899,1888,-1550,80
0.4211,1899,1887,-1550,72
0.4214,1899,1887,-1550,72
0.4218,1899,1887,-1550,72
0.4222,1899,1886,-1550,64
0.4225,1899,1886,-1550,64
0.4229,1899,1885,-1550,56
0.4233,1899,1885,-1550,56
0.4237,1899,1885,-1550,56
0.4240,1899,1884,-1550,40
0.4244,1899,1884,-1550,40
0.4247,1899,1884,-1550,40
0.4251,1899,1883,-1550,32
0.4255,1899,1883,-1550,32
0.4258,1899,1883,-1550,32
0.4262,1899,1882,-1100,24
0.4265,1899,1882,-1100,24
0.4270,1899,1882,-1100,24
0.4274,1899,1882,-1100,24
0.4277,1899,1882,-1100,24
0.4281,1899,1881,-1100,0
0.4285,1899,1881,-1100,0
0.4289,1899,1880,-1100,-24
0.4293,1899,1880,-1100,-24
0.4297,1899,1880,-1100,-24
0.4300,1912,1879,-1100,-40
0.4307,1912,1879,-1100,-40
0.4311,1912,1879,-1100,-40
0.4315,1912,1879,-1100,-40
0.4318,1912,1879,-1100,-40
0.4323,1912,1878,-1100,-48
0.4327,1912,1878,-1100,-48
0.4330,1912,1877,-1100,-56
0.4334,1912,1877,-1100,-56
0.4337,1912,1877,-1100,-56
0.4341,1912,1876,-1100,-72
0.4345,1912,1876,-1100,-72
0.4348,1912,1876,-1100,-72
0.4353,1912,1876,-1100,-72
0.4357,1912,1876,-1100,-72
0.4361,1912,1875,-1100,-80
0.4364,1912,1875,-1100,-80
0.4368,1912,1875,-1100,-80
0.4372,1912,1875,-1100,-88
0.4375,1912,1875,-1100,-88
0.4379,1912,1874,-1100,-88
0.4383,1912,1874,-1100,-88
0.4387,1912,1874,-1100,-88
0.4390,1912,1874,-1100,-88
0.4394,1912,1874,-1100,-88
0.4397,1912,1874,-1100,-88
0.4401,1926,1873,-1100,-96
0.4409,1926,1873,-1100,-104
0.4413,1926,1873,-1100,-104
0.4417,1926,1873,-1100,-104
0.4420,1926,1873,-1100,-104
0.4424,1926,1873,-1100,-104
0.4428,1926,1873,-1100,-104
0.4431,1926,1872,-1100,-120
0.4435,1926,1872,-1100,-120
0.4439,1926,1872,-1100,-120
0.4443,1926,1872,-1100,-120
0.4447,1926,1872,-1100,-120
0.4450,1926,1872,-1100,-128
0.4454,1926,1872,-1100,-128
0.4458,1926,1872,-1100,-128
0.4461,1926,1872,-500,-136
0.4465,1926,1872,-500,-136
0.4469,1926,1872,-500,-136
0.4473,1926,1872,-500,-136
0.4477,1926,1872,-500,-136
0.4480,1926,1871,-500,-152
0.4484,1926,1871,-500,-152
0.4488,1926,1871,-500,-160
0.4492,1926,1871,-500,-160
0.4496,1926,1871,-500,-160
0.4500,1943,1871,-500,-160
0.4509,1943,1871,-500,-168
0.4513,1943,1871,-500,-168
0.4517,1943,1871,-500,-168
0.4520,1943,1871,-500,-176
0.4524,1943,1871,-500,-176
0.4528,1943,1871,-500,-184
0.4532,1943,1871,-500,-184
0.4535,1943,1871,-500,-184
0.4539,1943,1871,-500,-192
0.4543,1943,1871,-500,-192
0.4546,1943,1871,-500,-192
0.4552,1943,1871,-500,-192
0.4556,1943,1871,-500,-192
0.4560,1943,1871,-500,-200
0.4566,1943,1871,-500,-200
0.4571,1943,1871,-500,-208
0.4574,1943,1871,-500,-208
0.4578,1943,1871,-500,-208
0.4582,1943,1871,-500,-208
0.4585,1943,1871,-500,-208
0.4589,1943,1871,-500,-216
0.4593,1943,1871,-500,-216
0.4597,1943,1871,-500,-216
0.4600,1961,1871,-500,-224
0.4608,1961,1871,-500,-232
0.4611,1961,1871,-500,-232
0.4615,1961,1871,-500,-232
0.4619,1961,1871,-500,-240
0.4623,1961,1871,-500,-240
0.4627,1961,1871,-500,-240
0.4630,1961,1871,-500,-248
0.4634,1961,1871,-500,-248
0.4638,1961,1871,-500,-256
0.4642,1961,1871,-500,-256
0.4645,1961,1871,-500,-256
0.4649,1961,1871,-500,-264
0.4653,1961,1871,-500,-264
0.4656,1961,1871,-500,-264
0.4660,1961,1871,-50,-280
0.4664,1961,1871,-50,-280
0.4667,1961,1871,-50,-288
0.4671,1961,1871,-50,-288
0.4675,1961,1871,-50,-288
0.4678,1961,1871,-50,-296
0.4683,1961,1871,-50,-296
0.4686,1961,1871,-50,-296
0.4690,1961,1872,-50,-296
0.4694,1961,1872,-50,-296
0.4698,1961,1872,-50,-304
0.4702,1981,1872,-50,-304
0.4709,1981,1872,-50,-320
0.4713,1981,1872,-50,-320
0.4724,1981,1873,-50,-320
0.4728,1981,1874,-50,-320
0.4733,1981,1874,-50,-320
0.4738,1981,1874,-50,-336
0.4741,1981,1874,-50,-336
0.4745,1981,1874,-50,-336
0.4749,1981,1875,-50,-336
0.4753,1981,1875,-50,-336
0.4756,1981,1875,-50,-336
0.4760,1981,1875,-50,-344
0.4763,1981,1875,-50,-344
0.4767,1981,1876,-50,-352
0.4771,1981,1876,-50,-352
0.4774,1981,1876,-50,-352
0.4778,1981,1877,-50,-360
0.4782,1981,1877,-50,-360
0.4786,1981,1877,-50,-360
0.4789,1981,1877,-50,-376
0.4793,1981,1877,-50,-376
0.4797,1981,1878,-50,-376
0.4801,2001,1878,-50,-376
0.4808,2001,1878,-50,-392
0.4811,2001,1878,-50,-392
0.4815,2001,1878,-50,-392
0.4818,2001,1879,-50,-392
0.4823,2001,1879,-50,-392
0.4826,2001,1880,-50,-400
0.4830,2001,1880,-50,-400
0.4834,2001,1880,-50,-400
0.4837,2001,1880,-50,-416
0.4841,2001,1880,-50,-416
0.4845,2001,1880,-50,-416
0.4849,2001,1881,-50,-416
0.4853,2001,1881,-50,-416
0.4857,2001,1882,550,-424
0.4861,2001,1882,550,-424
0.4865,2001,1882,550,-424
0.4869,2001,1883,550,-424
0.4873,2001,1883,550,-424
0.4876,2001,1884,550,-432
0.4880,2001,1884,550,-432
0.4884,2001,1884,550,-432
0.4887,2001,1885,550,-440
0.4891,2001,1885,550,-440
0.4895,2001,1885,550,-440
0.4898,2001,1886,550,-448
0.4902,2022,1886,550,-448
0.4908,2022,1887,550,-448
0.4913,2022,1887,550,-448
0.4916,2022,1888,550,-456
0.4920,2022,1888,550,-456
0.4923,2022,1888,550,-456
0.4927,2022,1889,550,-464
0.4931,2022,1889,550,-464
0.4936,2022,1890,550,-472
0.4946,2022,1891,550,-480
0.4951,2022,1891,550,-480
0.4955,2022,1891,550,-480
0.4958,2022,1892,550,-488
0.4962,2022,1892,550,-488
0.4965,2022,1892,550,-488
0.4969,2022,1893,550,-496
0.4973,2022,1893,550,-496
0.4976,2022,1894,550,-504
0.4980,2022,1894,550,-504
0.4983,2022,1894,550,-504
0.4986,2022,1895,550,-512
0.4990,2022,1895,550,-512
0.4994,2022,1895,550,-512
0.4997,2022,1896,550,-520
0.5001,2043,1896,550,-520
0.5007,2043,1898,550,-512
0.5011,2043,1898,550,-512
0.5015,2043,1898,550,-512
0.5018,2043,1899,550,-520
0.5022,2043,1899,550,-520
0.5025,2043,1900,550,-528
0.5029,2043,1900,550,-528
0.5033,2043,1900,550,-528
0.5036,2043,1901,550,-536
0.5040,2043,1901,550,-536
0.5043,2043,1901,550,-536
0.5047,2043,1902,550,-544
0.5051,2043,1902,550,-544
0.5055,2043,1902,550,-544
0.5058,2043,1904,1100,-544
0.5063,2043,1904,1100,-544
0.5066,2043,1905,1100,-560
0.5070,2043,1905,1100,-560
0.5073,2043,1905,1100,-560
0.5077,2043,1906,1100,-568
0.5081,2043,1906,1100,-568
0.5084,2043,1906,1100,-568
0.5088,2043,1908,1100,-568
0.5091,2043,1908,1100,-568
0.5095,2043,1908,1100,-568
0.5098,2043,1909,1100,-568
0.5103,2065,1911,1100,-568
0.5110,2065,1911,1100,-568
0.5113,2065,1911,1100,-568
0.5117,2065,1912,1100,-576
0.5121,2065,1912,1100,-576
0.5124,2065,1912,1100,-576
0.5128,2065,1914,1100,-576
0.5131,2065,1914,1100,-576
0.5136,2065,1915,1100,-584
0.5140,2065,1915,1100,-584
0.5143,2065,1915,1100,-584
0.5147,2065,1917,1100,-584
0.5150,2065,1917,1100,-584
0.5154,2065,1917,1100,-584
0.5158,2065,1918,1100,-592
0.5162,2065,1918,1100,-592
0.5165,2065,1920,1100,-592
0.5169,2065,1920,1100,-592
0.5173,2065,1920,1100,-592
0.5176,2065,1921,1100,-576
0.5180,2065,1921,1100,-576
0.5184,2065,1921,1100,-576
0.5187,2065,1923,1100,-576
0.5191,2065,1923,1100,-576
0.5195,2065,1923,1100,-576
0.5198,2065,1924,1100,-584
0.5202,2086,1926,1100,-584
0.5208,2086,1926,1100,-584
0.5213,2086,1926,1100,-584
0.5216,2086,1927,1100,-592
0.5220,2086,1927,1100,-592
0.5224,2086,1927,1100,-592
0.5227,2086,1929,1100,-592
0.5231,2086,1929,1100,-592
0.5234,2086,1929,1100,-592
0.5238,2086,1931,1100,-592
0.5242,2086,1931,1100,-592
0.5246,2086,1933,1100,-592
0.5250,2086,1933,1100,-592
0.5253,2086,1933,1100,-592
0.5257,2086,1934,1500,-600
0.5261,2086,1934,1500,-600
0.5265,2086,1936,1500,-600
0.5268,2086,1936,1500,-600
0.5273,2086,1936,1500,-600
0.5276,2086,1938,1500,-600
0.5280,2086,1938,1500,-600
0.5284,2086,1938,1500,-600
0.5287,2086,1940,1500,-608
0.5291,2086,1940,1500,-608
0.5295,2086,1941,1500,-616
0.5299,2086,1941,1500,-616
0.5303,2106,1943,1500,-616
0.5309,2106,1943,1500,-616
0.5313,2106,1943,1500,-616
0.5317,2106,1945,1500,-616
0.5320,2106,1945,1500,-616
0.5324,2106,1945,1500,-616
0.5327,2106,1947,1500,-616
0.5331,2106,1947,1500,-616
0.5334,2106,1948,1500,-624
0.5339,2106,1948,1500,-624
0.5344,2106,1948,1500,-624
0.5348,2106,1950,1500,-624
0.5353,2106,1950,1500,-624
0.5357,2106,1952,1500,-624
0.5361,2106,1952,1500,-624
0.5364,2106,1954,1500,-624
0.5368,2106,1954,1500,-624
0.5372,2106,1954,1500,-624
0.5375,2106,1956,1500,-600
0.5379,2106,1956,1500,-600
0.5383,2106,1956,1500,-600
0.5386,2106,1958,1500,-600
0.5390,2106,1958,1500,-600
0.5394,2106,1960,1500,-600
0.5398,2106,1960,1500,-600
0.5401,2125,1962,1500,-600
0.5408,2125,1962,1500,-600
0.5413,2125,1962,1500,-600
0.5416,2125,1964,1500,-600
0.5420,2125,1964,1500,-600
0.5423,2125,1964,1500,-600
0.5427,2125,1965,1500,-608
0.5431,2125,1965,1500,-608
0.5434,2125,1967,1500,-608
0.5438,2125,1967,1500,-608
0.5442,2125,1967,1500,-608
0.5445,2125,1970,1500,-600
0.5449,2125,1970,1500,-600
0.5453,2125,1970,1500,-600
0.5456,2125,1971,1850,-608
0.5460,2125,1971,1850,-608
0.5464,2125,1973,1850,-608
0.5468,2125,1973,1850,-608
0.5471,2125,1973,1850,-608
0.5475,2125,1975,1850,-608
0.5479,2125,1975,1850,-608
0.5483,2125,1975,1850,-608
0.5487,2125,1977,1850,-608
0.5490,2125,1977,1850,-608
0.5494,2125,1979,1850,-608
0.5498,2125,1979,1850,-608
0.5502,2144,1981,1850,-608
0.5509,2144,1981,1850,-608
0.5513,2144,1981,1850,-608
0.5516,2144,1983,1850,-608
0.5521,2144,1983,1850,-608
0.5525,2144,1985,1850,-608
0.5529,2144,1985,1850,-608
0.5533,2144,1985,1850,-608
0.5537,2144,1987,1850,-608
0.5540,2144,1987,1850,-608
0.5544,2144,1989,1850,-608
0.5548,2144,1989,1850,-608
0.5552,2144,1989,1850,-608
0.5556,2144,1991,1850,-608
0.5559,2144,1991,1850,-608
0.5563,2144,1993,1850,-608
0.5567,2144,1993,1850,-608
0.5571,2144,1993,1850,-608
0.5579,2144,1995,1850,-588
0.5584,2144,1997,1850,-588
0.5588,2144,1997,1850,-588
0.5591,2144,1997,1850,-588
0.5595,2144,1999,1850,-588
0.5599,2144,1999,1850,-588
0.5603,2160,2001,1850,-588
0.5610,2160,2001,1850,-588
0.5614,2160,2003,1850,-588
0.5617,2160,2003,1850,-588
0.5621,2160,2003,1850,-588
0.5625,2160,2005,1850,-588
0.5629,2160,2005,1850,-588
0.5633,2160,2007,1850,-588
0.5637,2160,2007,1850,-588
0.5640,2160,2007,1850,-588
0.5644,2160,2009,1850,-588
0.5648,2160,2009,1850,-588
0.5652,2160,2009,1850,-588
0.5655,2160,2011,2000,-588
0.5659,2160,2011,2000,-588
0.5663,2160,2013,2000,-588
0.5666,2160,2013,2000,-588
0.5670,2160,2013,2000,-588
0.5674,2160,2015,2000,-588
0.5677,2160,2015,2000,-588
0.5681,2160,2015,2000,-588
0.5685,2160,2017,2000,-588
0.5689,2160,2017,2000,-588
0.5693,2160,2019,2000,-588
0.5696,2160,2019,2000,-588
0.5700,2175,2021,2000,-588
0.5707,2175,2021,2000,-588
0.5710,2175,2021,2000,-588
0.5714,2175,2023,2000,-588
0.5718,2175,2023,2000,-588
0.5721,2175,2023,2000,-588
0.5725,2175,2025,2000,-580
0.5728,2175,2025,2000,-580
0.5733,2175,2027,2000,-580
0.5736,2175,2027,2000,-580
0.5740,2175,2027,2000,-580
0.5744,2175,2029,2000,-580
0.5747,2175,2029,2000,-580
0.5751,2175,2029,2000,-580
0.5755,2175,2032,2000,-572
0.5758,2175,2032,2000,-572
0.5762,2175,2032,2000,-572
0.5765,2175,2034,2000,-572
0.5769,2175,2034,2000,-572
0.5773,2175,2036,2000,-560
0.5776,2175,2036,2000,-560
0.5780,2175,2036,2000,-560
0.5784,2175,2038,2000,-560
0.5788,2175,2038,2000,-560
0.5791,2175,2038,2000,-560
0.5795,2175,2040,2000,-560
0.5799,2175,2040,2000,-560
0.5803,2187,2042,2000,-560
0.5809,2187,2042,2000,-560
0.5813,2187,2044,2000,-560
0.5817,2187,2044,2000,-560
0.5820,2187,2044,2000,-560
0.5824,2187,2046,2000,-552
0.5828,2187,2046,2000,-552
0.5832,2187,2046,2000,-552
0.5835,2187,2048,2000,-552
0.5839,2187,2048,2000,-552
0.5843,2187,2050,2000,-552
0.5846,2187,2050,2000,-552
0.5850,2187,2050,2000,-552
0.5854,2187,2052,2050,-552
0.5857,2187,2052,2050,-552
0.5861,2187,2052,2050,-552
0.5865,2187,2054,2050,-552
0.5869,2187,2054,2050,-552
0.5873,2187,2056,2050,-552
0.5876,2187,2056,2050,-552
0.5880,2187,2056,2050,-552
0.5884,2187,2059,2050,-544
0.5887,2187,2059,2050,-544
0.5891,2187,2059,2050,-544
0.5894,2187,2061,2050,-536
0.5898,2187,2061,2050,-536
0.5902,2198,2063,2050,-536
0.5908,2198,2063,2050,-536
0.5913,2198,2065,2050,-536
0.5919,2198,2065,2050,-536
0.5923,2198,2067,2050,-536
0.5927,2198,2067,2050,-536
0.5930,2198,2067,2050,-536
0.5934,2198,2069,2050,-528
0.5937,2198,2069,2050,-528
0.5941,2198,2069,2050,-528
0.5945,2198,2071,2050,-528
0.5948,2198,2071,2050,-528
0.5952,2198,2072,2050,-536
0.5955,2198,2072,2050,-536
0.5959,2198,2072,2050,-536
0.5963,2198,2075,2050,-528
0.5966,2198,2075,2050,-528
0.5970,2198,2075,2050,-528
0.5974,2198,2077,2050,-508
0.5977,2198,2077,2050,-508
0.5981,2198,2077,2050,-508
0.5985,2198,2079,2050,-508
0.5988,2198,2079,2050,-508
0.5993,2198,2081,2050,-508
0.5996,2198,2081,2050,-508
0.6002,2205,2083,2050,-500
0.6010,2205,2083,2050,-500
0.6014,2205,2085,2050,-500
0.6017,2205,2085,2050,-500
0.6021,2205,2085,2050,-500
0.6025,2205,2087,2050,-500
0.6029,2205,2087,2050,-500
0.6033,2205,2089,2050,-492
0.6036,2205,2089,2050,-492
0.6040,2205,2089,2050,-492
0.6044,2205,2091,2050,-492
0.6047,2205,2091,2050,-492
0.6051,2205,2091,2050,-492
0.6054,2205,2093,2050,-484
0.6058,2205,2093,2050,-484
0.6062,2205,2094,2050,-492
0.6065,2205,2094,2050,-492
0.6069,2205,2094,2050,-492
0.6073,2205,2096,2050,-492
0.6077,2205,2096,2050,-492
0.6080,2205,2096,2050,-492
0.6084,2205,2099,2050,-476
0.6087,2205,2099,2050,-476
0.6091,2205,2101,2050,-476
0.6095,2205,2101,2050,-476
0.6098,2205,2101,2050,-476
0.6102,2211,2103,2050,-468
0.6108,2211,2103,2050,-468
0.6113,2211,2105,2050,-468
0.6116,2211,2105,2050,-468
0.6120,2211,2105,2050,-468
0.6123,2211,2106,2050,-468
0.6127,2211,2106,2050,-468
0.6131,2211,2108,2050,-468
0.6135,2211,2108,2050,-468
0.6138,2211,2108,2050,-468
0.6143,2211,2110,2050,-460
0.6146,2211,2110,2050,-460
0.6150,2211,2110,2050,-460
0.6154,2211,2112,2050,-460
0.6157,2211,2112,2050,-460
0.6161,2211,2114,2050,-452
0.6164,2211,2114,2050,-452
0.6168,2211,2114,2050,-452
0.6172,2211,2116,2050,-432
0.6176,2211,2116,2050,-432
0.6180,2211,2116,2050,-432
0.6183,2211,2117,2050,-440
0.6187,2211,2117,2050,-440
0.6194,2211,2119,2050,-432
0.6198,2211,2119,2050,-432
0.6203,2213,2121,2050,-424
0.6210,2213,2121,2050,-424
0.6214,2213,2123,2050,-424
0.6217,2213,2123,2050,-424
0.6221,2213,2125,2050,-416
0.6225,2213,2125,2050,-416
0.6228,2213,2125,2050,-416
0.6233,2213,2126,2050,-416
0.6237,2213,2126,2050,-416
0.6240,2213,2128,2050,-416
0.6244,2213,2128,2050,-416
0.6248,2213,2128,2050,-416
0.6251,2213,2130,1850,-408
0.6255,2213,2130,1850,-408
0.6259,2213,2130,1850,-408
0.6263,2213,2132,1850,-400
0.6267,2213,2132,1850,-400
0.6270,2213,2134,1850,-392
0.6274,2213,2134,1850,-392
0.6278,2213,2134,1850,-392
0.6281,2213,2135,1850,-392
0.6285,2213,2135,1850,-392
0.6288,2213,2135,1850,-392
0.6293,2213,2137,1850,-392
0.6296,2213,2137,1850,-392
0.6300,2213,2139,1850,-384
0.6307,2213,2139,1850,-384
0.6310,2213,2141,1850,-376
0.6314,2213,2141,1850,-376
0.6318,2213,2141,1850,-376
0.6321,2213,2142,1850,-376
0.6325,2213,2142,1850,-376
0.6328,2213,2142,1850,-376
0.6333,2213,2144,1850,-368
0.6336,2213,2144,1850,-368
0.6340,2213,2144,1850,-368
0.6343,2213,2146,1850,-360
0.6347,2213,2146,1850,-360
0.6351,2213,2148,1850,-352
0.6354,2213,2148,1850,-352
0.6358,2213,2148,1850,-352
0.6361,2213,2150,1850,-344
0.6365,2213,2150,1850,-344
0.6369,2213,2150,1850,-344
0.6373,2213,2151,1850,-332
0.6376,2213,2151,1850,-332
0.6380,2213,2153,1850,-324
0.6384,2213,2153,1850,-324
0.6387,2213,2153,1850,-324
0.6391,2213,2155,1850,-316
0.6395,2213,2155,1850,-316
0.6398,2213,2155,1850,-316
0.6403,2211,2156,1850,-308
0.6410,2211,2158,1850,-300
0.6413,2211,2158,1850,-300
0.6417,2211,2158,1850,-300
0.6420,2211,2160,1850,-292
0.6424,2211,2160,1850,-292
0.6428,2211,2160,1850,-292
0.6432,2211,2161,1850,-292
0.6435,2211,2161,1850,-292
0.6439,2211,2161,1850,-292
0.6443,2211,2162,1850,-292
0.6446,2211,2162,1850,-292
0.6450,2211,2164,1700,-276
0.6454,2211,2164,1700,-276
0.6457,2211,2164,1700,-276
0.6461,2211,2165,1700,-276
0.6465,2211,2165,1700,-276
0.6468,2211,2165,1700,-276
0.6473,2211,2167,1700,-268
0.6476,2211,2167,1700,-268
0.6480,2211,2168,1700,-260
0.6483,2211,2168,1700,-260
0.6487,2211,2168,1700,-260
0.6491,2211,2170,1700,-252
0.6494,2211,2170,1700,-252
0.6498,2211,2170,1700,-252
0.6501,2205,2172,1700,-244
0.6508,2205,2172,1700,-244
0.6513,2205,2173,1700,-236
0.6517,2205,2173,1700,-236
0.6521,2205,2174,1700,-236
0.6524,2205,2174,1700,-236
0.6528,2205,2174,1700,-236
0.6532,2205,2176,1700,-220
0.6535,2205,2176,1700,-220
0.6539,2205,2177,1700,-220
0.6543,2205,2177,1700,-220
0.6546,2205,2177,1700,-220
0.6550,2205,2179,1700,-204
0.6553,2205,2179,1700,-204
0.6557,2205,2179,1700,-204
0.6561,2205,2180,1700,-204
0.6564,2205,2180,1700,-204
0.6568,2205,2180,1700,-204
0.6571,2205,2181,1700,-172
0.6575,2205,2181,1700,-172
0.6579,2205,2183,1700,-164
0.6583,2205,2183,1700,-164
0.6586,2205,2183,1700,-164
0.6590,2205,2184,1700,-156
0.6594,2205,2184,1700,-156
0.6597,2205,2184,1700,-156
0.6601,2197,2185,1700,-148
0.6608,2197,2185,1700,-148
0.6611,2197,2186,1700,-148
0.6615,2197,2186,1700,-148
0.6618,2197,2186,1700,-148
0.6623,2197,2187,1700,-140
0.6626,2197,2187,1700,-140
0.6630,2197,2188,1700,-132
0.6634,2197,2188,1700,-132
0.6637,2197,2188,1700,-132
0.6641,2197,2190,1700,-124
0.6644,2197,2190,1700,-124
0.6648,2197,2191,1350,-116
0.6653,2197,2191,1350,-116
0.6657,2197,2191,1350,-116
0.6660,2197,2192,1350,-108
0.6665,2197,2192,1350,-108
0.6669,2197,2193,1350,-100
0.6673,2197,2193,1350,-100
0.6679,2197,2194,1350,-92
0.6683,2197,2194,1350,-92
0.6687,2197,2194,1350,-92
0.6690,2197,2195,1350,-84
0.6694,2197,2195,1350,-84
0.6697,2197,2195,1350,-84
0.6700,2187,2196,1350,-84
0.6707,2187,2196,1350,-84
0.6711,2187,2197,1350,-76
0.6715,2187,2197,1350,-76
0.6718,2187,2198,1350,-68
0.6723,2187,2198,1350,-68
0.6726,2187,2198,1350,-68
0.6730,2187,2199,1350,-60
0.6734,2187,2199,1350,-60
0.6738,2187,2200,1350,-44
0.6743,2187,2200,1350,-44
0.6747,2187,2200,1350,-44
0.6750,2187,2201,1350,-36
0.6754,2187,2201,1350,-36
0.6758,2187,2201,1350,-36
0.6761,2187,2202,1350,-28
0.6765,2187,2202,1350,-28
0.6768,2187,2203,1350,20
0.6773,2187,2203,1350,20
0.6776,2187,2203,1350,20
0.6780,2187,2204,1350,28
0.6784,2187,2204,1350,28
0.6787,2187,2204,1350,28
0.6791,2187,2205,1350,36
0.6795,2187,2205,1350,36
0.6798,2187,2205,1350,44
0.6802,2174,2205,1350,44
0.6808,2174,2206,1350,52
0.6813,2174,2206,1350,52
0.6816,2174,2206,1350,52
0.6820,2174,2207,1350,60
0.6823,2174,2207,1350,60
0.6827,2174,2207,1350,60
0.6831,2174,2208,1350,68
0.6834,2174,2208,1350,68
0.6838,2174,2208,1350,76
0.6841,2174,2208,1350,76
0.6845,2174,2208,1350,76
0.6849,2174,2209,900,84
0.6853,2174,2209,900,84
0.6856,2174,2209,900,84
0.6860,2174,2209,900,84
0.6863,2174,2209,900,84
0.6867,2174,2209,900,84
0.6875,2174,2210,900,92
0.6879,2174,2210,900,92
0.6888,2174,2211,900,100
0.6893,2174,2211,900,100
0.6897,2174,2211,900,100
0.6900,2160,2211,900,100
0.6907,2160,2211,900,108
0.6911,2160,2211,900,108
0.6915,2160,2211,900,108
0.6918,2160,2211,900,108
0.6923,2160,2211,900,108
0.6926,2160,2211,900,108
0.6930,2160,2211,900,116
0.6934,2160,2211,900,116
0.6938,2160,2212,900,124
0.6941,2160,2212,900,124
0.6945,2160,2212,900,124
0.6948,2160,2212,900,132
0.6953,2160,2212,900,132
0.6956,2160,2212,900,132
0.6960,2160,2212,900,140
0.6964,2160,2212,900,140
0.6967,2160,2212,900,124
0.6971,2160,2212,900,124
0.6974,2160,2212,900,124
0.6978,2160,2213,900,140
0.6982,2160,2213,900,140
0.6986,2160,2213,900,140
0.6989,2160,2213,900,148
0.6993,2160,2213,900,148
0.6996,2160,2213,900,148
0.7000,2143,2213,900,148
0.7007,2143,2213,900,148
0.7010,2143,2213,900,156
0.7014,2143,2213,900,156
0.7018,2143,2213,900,164
0.7021,2143,2213,900,164
0.7025,2143,2213,900,164
0.7029,2143,2213,900,172
0.7033,2143,2213,900,172
0.7036,2143,2213,900,172
0.7040,2143,2213,900,180
0.7043,2143,2213,900,180
0.7047,2143,2213,200,180
0.7051,2143,2213,200,180
0.7054,2143,2213,200,180
0.7058,2143,2213,200,188
0.7061,2143,2213,200,188
0.7065,2143,2213,200,188
0.7069,2143,2213,200,196
0.7073,2143,2213,200,196
0.7076,2143,2213,200,196
0.7080,2143,2213,200,204
0.7083,2143,2213,200,204
0.7087,2143,2213,200,212
0.7091,2143,2213,200,212
0.7094,2143,2213,200,212
0.7098,2143,2213,200,220
0.7103,2125,2213,200,220
0.7110,2125,2213,200,228
0.7113,2125,2213,200,228
0.7117,2125,2213,200,236
0.7120,2125,2213,200,236
0.7124,2125,2213,200,236
0.7127,2125,2213,200,244
0.7131,2125,2213,200,244
0.7135,2125,2213,200,244
0.7138,2125,2213,200,252
0.7142,2125,2213,200,252
0.7145,2125,2213,200,252
0.7149,2125,2213,200,260
0.7153,2125,2213,200,260
0.7156,2125,2213,200,260
0.7160,2125,2213,200,276
0.7163,2125,2213,200,276
0.7167,2125,2213,200,304
0.7170,2125,2213,200,304
0.7173,2125,2213,200,304
0.7177,2125,2212,200,304
0.7180,2125,2212,200,304
0.7184,2125,2212,200,304
0.7187,2125,2212,200,312
0.7191,2125,2212,200,312
0.7195,2125,2212,200,312
0.7198,2125,2212,200,320
0.7201,2106,2212,200,320
0.7208,2106,2211,200,328
0.7213,2106,2211,200,328
0.7216,2106,2211,200,336
0.7220,2106,2211,200,336
0.7223,2106,2211,200,336
0.7227,2106,2210,200,336
0.7231,2106,2210,200,336
0.7234,2106,2210,200,336
0.7238,2106,2210,200,352
0.7241,2106,2210,200,352
0.7244,2106,2210,200,352
0.7248,2106,2209,-200,352
0.7251,2106,2209,-200,352
0.7255,2106,2209,-200,352
0.7259,2106,2208,-200,352
0.7263,2106,2208,-200,352
0.7266,2106,2207,-200,360
0.7270,2106,2207,-200,360
0.7273,2106,2207,-200,360
0.7277,2106,2207,-200,368
0.7280,2106,2207,-200,368
0.7285,2106,2207,-200,368
0.7288,2106,2206,-200,376
0.7294,2106,2206,-200,376
0.7301,2085,2205,-200,376
0.7309,2085,2205,-200,392
0.7313,2085,2205,-200,392
0.7316,2085,2204,-200,392
0.7320,2085,2204,-200,392
0.7323,2085,2204,-200,392
0.7327,2085,2203,-200,400
0.7330,2085,2203,-200,400
0.7334,2085,2203,-200,400
0.7337,2085,2202,-200,408
0.7341,2085,2202,-200,408
0.7345,2085,2202,-200,408
0.7348,2085,2201,-200,408
0.7351,2085,2201,-200,408
0.7355,2085,2200,-200,416
0.7359,2085,2200,-200,416
0.7363,2085,2200,-200,416
0.7366,2085,2199,-200,392
0.7370,2085,2199,-200,392
0.7373,2085,2199,-200,392
0.7377,2085,2199,-200,408
0.7380,2085,2199,-200,408
0.7384,2085,2199,-200,408
0.7387,2085,2198,-200,416
0.7391,2085,2198,-200,416
0.7394,2085,2198,-200,416
0.7397,2085,2197,-200,424
0.7401,2064,2197,-200,424
0.7408,2064,2196,-200,424
0.7411,2064,2196,-200,424
0.7415,2064,2196,-200,424
0.7419,2064,2195,-200,432
0.7423,2064,2195,-200,432
0.7426,2064,2194,-200,440
0.7430,2064,2194,-200,440
0.7434,2064,2194,-200,440
0.7437,2064,2193,-200,448
0.7441,2064,2193,-200,448
0.7444,2064,2193,-200,448
0.7448,2064,2192,-850,456
0.7451,2064,2192,-850,456
0.7455,2064,2191,-850,464
0.7459,2064,2191,-850,464
0.7463,2064,2191,-850,464
0.7466,2064,2190,-850,472
0.7470,2064,2190,-850,472
0.7473,2064,2190,-850,472
0.7477,2064,2189,-850,480
0.7480,2064,2189,-850,480
0.7484,2064,2189,-850,480
0.7488,2064,2187,-850,480
0.7492,2064,2187,-850,480
0.7496,2064,2186,-850,480
0.7500,2064,2186,-850,480
0.7508,2041,2185,-850,488
0.7516,2041,2184,-850,496
0.7520,2041,2184,-850,496
0.7524,2041,2184,-850,496
0.7528,2041,2183,-850,504
0.7531,2041,2183,-850,504
0.7535,2041,2182,-850,512
0.7539,2041,2182,-850,512
0.7543,2041,2182,-850,512
0.7547,2041,2180,-850,512
0.7551,2041,2180,-850,512
0.7554,2041,2180,-850,512
0.7558,2041,2179,-850,520
0.7562,2041,2179,-850,520
0.7565,2041,2178,-850,540
0.7569,2041,2178,-850,540
0.7573,2041,2178,-850,540
0.7576,2041,2176,-850,540
0.7580,2041,2176,-850,540
0.7584,2041,2176,-850,540
0.7587,2041,2175,-850,548
0.7591,2041,2175,-850,548
0.7594,2041,2174,-850,556
0.7598,2041,2174,-850,556
0.7602,2021,2172,-850,556
0.7609,2021,2172,-850,556
0.7613,2021,2172,-850,556
0.7616,2021,2171,-850,564
0.7620,2021,2171,-850,564
0.7623,2021,2171,-850,564
0.7627,2021,2170,-850,572
0.7630,2021,2170,-850,572
0.7634,2021,2170,-850,572
0.7638,2021,2168,-850,572
0.7641,2021,2168,-850,572
0.7645,2021,2167,-1250,580
0.7648,2021,2167,-1250,580
0.7652,2021,2167,-1250,580
0.7655,2021,2165,-1250,580
0.7659,2021,2165,-1250,580
0.7663,2021,2165,-1250,580
0.7667,2021,2164,-1250,588
0.7670,2021,2164,-1250,588
0.7674,2021,2162,-1250,588
0.7678,2021,2162,-1250,588
0.7682,2021,2162,-1250,588
0.7685,2021,2161,-1250,596
0.7689,2021,2161,-1250,596
0.7693,2021,2161,-1250,596
0.7698,2021,2159,-1250,596
0.7702,2000,2158,-1250,604
0.7713,2000,2158,-1250,604
0.7717,2000,2156,-1250,604
0.7721,2000,2156,-1250,604
0.7724,2000,2154,-1250,604
0.7728,2000,2154,-1250,604
0.7731,2000,2154,-1250,604
0.7735,2000,2153,-1250,612
0.7739,2000,2153,-1250,612
0.7743,2000,2153,-1250,612
0.7746,2000,2151,-1250,612
0.7750,2000,2151,-1250,612
0.7753,2000,2151,-1250,612
0.7757,2000,2149,-1250,612
0.7760,2000,2149,-1250,612
0.7764,2000,2148,-1250,592
0.7767,2000,2148,-1250,592
0.7771,2000,2148,-1250,592
0.7774,2000,2146,-1250,592
0.7778,2000,2146,-1250,592
0.7781,2000,2146,-1250,592
0.7785,2000,2144,-1250,592
0.7789,2000,2144,-1250,592
0.7793,2000,2144,-1250,592
0.7796,2000,2142,-1250,592
0.7800,2000,2142,-1250,592
0.7803,1980,2140,-1250,592
0.7810,1980,2140,-1250,592
0.7813,1980,2140,-1250,592
0.7817,1980,2139,-1250,600
0.7820,1980,2139,-1250,600
0.7824,1980,2137,-1250,600
0.7828,1980,2137,-1250,600
0.7831,1980,2137,-1250,600
0.7835,1980,2135,-1250,600
0.7838,1980,2135,-1250,600
0.7842,1980,2135,-1250,600
0.7845,1980,2133,-1700,600
0.7849,1980,2133,-1700,600
0.7853,1980,2133,-1700,600
0.7856,1980,2131,-1700,600
0.7860,1980,2131,-1700,600
0.7864,1980,2130,-1700,608
0.7867,1980,2130,-1700,608
0.7871,1980,2130,-1700,608
0.7874,1980,2128,-1700,608
0.7878,1980,2128,-1700,608
0.7881,1980,2128,-1700,608
0.7885,1980,2126,-1700,608
0.7889,1980,2126,-1700,608
0.7893,1980,2126,-1700,608
0.7896,1980,2124,-1700,608
0.7900,1980,2124,-1700,608
0.7904,1960,2122,-1700,608
0.7912,1960,2122,-1700,608
0.7917,1960,2120,-1700,608
0.7920,1960,2120,-1700,608
0.7924,1960,2118,-1700,608
0.7928,1960,2118,-1700,608
0.7932,1960,2118,-1700,608
0.7935,1960,2116,-1700,608
0.7939,1960,2116,-1700,608
0.7943,1960,2114,-1700,608
0.7947,1960,2114,-1700,608
0.7950,1960,2114,-1700,608
0.7954,1960,2112,-1700,608
0.7958,1960,2112,-1700,608
0.7961,1960,2112,-1700,608
0.7965,1960,2110,-1700,576
0.7969,1960,2110,-1700,576
0.7973,1960,2108,-1700,576
0.7977,1960,2108,-1700,576
0.7980,1960,2108,-1700,576
0.7984,1960,2106,-1700,576
0.7988,1960,2106,-1700,576
0.7991,1960,2106,-1700,576
0.7995,1960,2104,-1700,576
0.7999,1960,2104,-1700,576
0.8003,1942,2103,-1700,584
0.8009,1942,2103,-1700,584
0.8013,1942,2101,-1700,584
0.8016,1942,2101,-1700,584
0.8020,1942,2101,-1700,584
0.8023,1942,2099,-1700,584
0.8027,1942,2099,-1700,584
0.8031,1942,2099,-1700,584
0.8034,1942,2097,-1700,592
0.8038,1942,2097,-1700,592
0.8041,1942,2097,-1700,592
0.8045,1942,2095,-1900,592
0.8049,1942,2095,-1900,592
0.8053,1942,2093,-1900,592
0.8056,1942,2093,-1900,592
0.8060,1942,2093,-1900,592
0.8064,1942,2091,-1900,592
0.8067,1942,2091,-1900,592
0.8071,1942,2091,-1900,592
0.8075,1942,2089,-1900,592
0.8078,1942,2089,-1900,592
0.8081,1942,2089,-1900,592
0.8085,1942,2087,-1900,592
0.8089,1942,2087,-1900,592
0.8093,1942,2085,-1900,592
0.8096,1942,2085,-1900,592
0.8100,1942,2085,-1900,592
0.8104,1926,2083,-1900,592
0.8111,1926,2083,-1900,592
0.8114,1926,2081,-1900,592
0.8118,1926,2081,-1900,592
0.8123,1926,2079,-1900,584
0.8127,1926,2079,-1900,584
0.8132,1926,2077,-1900,584
0.8136,1926,2077,-1900,584
0.8139,1926,2077,-1900,584
0.8143,1926,2075,-1900,592
0.8147,1926,2075,-1900,592
0.8150,1926,2075,-1900,592
0.8154,1926,2073,-1900,592
0.8157,1926,2073,-1900,592
0.8161,1926,2073,-1900,592
0.8164,1926,2071,-1900,592
0.8168,1926,2071,-1900,592
0.8171,1926,2071,-1900,592
0.8175,1926,2069,-1900,584
0.8178,1926,2069,-1900,584
0.8182,1926,2069,-1900,584
0.8185,1926,2067,-1900,584
0.8189,1926,2067,-1900,584
0.8197,1926,2065,-1900,584
0.8201,1911,2063,-1900,584
0.8211,1911,2063,-1900,584
0.8216,1911,2060,-1900,576
0.8220,1911,2060,-1900,576
0.8224,1911,2058,-1900,576
0.8229,1911,2058,-1900,576
0.8233,1911,2056,-1900,576
0.8237,1911,2056,-1900,576
0.8242,1911,2054,-2050,576
0.8246,1911,2054,-2050,576
0.8251,1911,2052,-2050,576
0.8256,1911,2052,-2050,576
0.8262,1911,2050,-2050,576
0.8266,1911,2050,-2050,576
0.8270,1911,2050,-2050,576
0.8274,1911,2048,-2050,576
0.8279,1911,2048,-2050,576
0.8283,1911,2046,-2050,576
0.8288,1911,2046,-2050,576
0.8293,1911,2044,-2050,568
0.8297,1911,2044,-2050,568
0.8301,1899,2042,-2050,568
0.8310,1899,2042,-2050,568
0.8314,1899,2040,-2050,568
0.8318,1899,2040,-2050,568
0.8323,1899,2038,-2050,568
0.8327,1899,2038,-2050,568
0.8332,1899,2036,-2050,568
0.8336,1899,2036,-2050,568
0.8340,1899,2036,-2050,568
0.8344,1899,2034,-2050,568
0.8349,1899,2034,-2050,568
0.8353,1899,2032,-2050,568
0.8358,1899,2032,-2050,568
0.8362,1899,2030,-2050,536
0.8366,1899,2030,-2050,536
0.8371,1899,2028,-2050,536
0.8376,1899,2028,-2050,536
0.8380,1899,2028,-2050,536
0.8385,1899,2026,-2050,536
0.8389,1899,2026,-2050,536
0.8393,1899,2023,-2050,528
0.8402,1888,2021,-2050,528
0.8411,1888,2020,-2050,528
0.8415,1888,2020,-2050,528
0.8420,1888,2020,-2050,528
0.8424,1888,2017,-2050,520
0.8428,1888,2017,-2050,520
0.8433,1888,2015,-2050,520
0.8437,1888,2015,-2050,520
0.8441,1888,2013,-2050,520
0.8446,1888,2013,-2050,520
0.8450,1888,2013,-2050,520
0.8454,1888,2011,-2050,512
0.8458,1888,2011,-2050,512
0.8463,1888,2009,-2050,512
0.8467,1888,2009,-2050,512
0.8472,1888,2007,-2050,512
0.8476,1888,2007,-2050,512
0.8481,1888,2005,-2050,512
0.8485,1888,2005,-2050,512
0.8489,1888,2005,-2050,512
0.8493,1888,2003,-2050,504
0.8498,1888,2003,-2050,504
0.8502,1881,2001,-2050,504
0.8510,1881,2000,-2050,504
0.8514,1881,2000,-2050,504
0.8519,1881,2000,-2050,504
0.8523,1881,1998,-2050,504
0.8528,1881,1998,-2050,504
0.8534,1881,1996,-2050,504
0.8538,1881,1996,-2050,504
0.8543,1881,1994,-2050,496
0.8548,1881,1994,-2050,496
0.8552,1881,1992,-2050,496
0.8557,1881,1992,-2050,496
0.8561,1881,1990,-2050,492
0.8565,1881,1990,-2050,492
0.8569,1881,1990,-2050,492
0.8574,1881,1988,-2050,484
0.8578,1881,1988,-2050,484
0.8582,1881,1986,-2050,484
0.8586,1881,1986,-2050,484
0.8590,1881,1984,-2050,476
0.8594,1881,1984,-2050,476
0.8599,1881,1984,-2050,476
0.8604,1875,1982,-2050,476
0.8613,1875,1980,-2050,468
0.8617,1875,1980,-2050,468
0.8622,1875,1979,-2050,476
0.8626,1875,1979,-2050,476
0.8630,1875,1977,-2050,468
0.8636,1875,1977,-2050,468
0.8640,1875,1977,-1900,468
0.8644,1875,1975,-1900,468
0.8648,1875,1975,-1900,468
0.8653,1875,1972,-1900,452
0.8658,1875,1972,-1900,452
0.8662,1875,1971,-1900,452
0.8666,1875,1971,-1900,452
0.8671,1875,1969,-1900,452
0.8675,1875,1969,-1900,452
0.8679,1875,1969,-1900,452
0.8684,1875,1967,-1900,444
0.8688,1875,1967,-1900,444
0.8693,1875,1965,-1900,436
0.8697,1875,1965,-1900,436
0.8702,1873,1963,-1900,436
0.8710,1873,1961,-1900,428
0.8715,1873,1961,-1900,428
0.8720,1873,1960,-1900,428
0.8724,1873,1960,-1900,428
0.8728,1873,1960,-1900,428
0.8733,1873,1958,-1900,428
0.8738,1873,1958,-1900,428
0.8743,1873,1956,-1900,420
0.8747,1873,1956,-1900,420
0.8751,1873,1954,-1900,412
0.8756,1873,1954,-1900,412
0.8760,1873,1953,-1900,392
0.8764,1873,1953,-1900,392
0.8768,1873,1953,-1900,392
0.8773,1873,1950,-1900,384
0.8777,1873,1950,-1900,384
0.8781,1873,1949,-1900,384
0.8786,1873,1949,-1900,384
0.8791,1873,1947,-1900,376
0.8795,1873,1947,-1900,376
0.8800,1873,1945,-1900,368
0.8804,1873,1945,-1900,368
0.8811,1873,1943,-1900,360
0.8816,1873,1943,-1900,360
0.8823,1873,1942,-1900,360
0.8827,1873,1942,-1900,360
0.8831,1873,1940,-1900,352
0.8836,1873,1940,-1900,352
0.8840,1873,1938,-1850,344
0.8844,1873,1938,-1850,344
0.8848,1873,1938,-1850,344
0.8853,1873,1937,-1850,344
0.8857,1873,1937,-1850,344
0.8862,1873,1935,-1850,336
0.8866,1873,1935,-1850,336
0.8870,1873,1934,-1850,336
0.8874,1873,1934,-1850,336
0.8880,1873,1932,-1850,328
0.8884,1873,1932,-1850,328
0.8889,1873,1930,-1850,320
0.8893,1873,1930,-1850,320
0.8898,1873,1929,-1850,320
0.8903,1875,1929,-1850,320
0.8911,1875,1927,-1850,312
0.8916,1875,1927,-1850,312
0.8920,1875,1926,-1850,312
0.8924,1875,1926,-1850,312
0.8928,1875,1924,-1850,296
0.8934,1875,1924,-1850,296
0.8938,1875,1922,-1850,288
0.8947,1875,1922,-1850,288
0.8952,1875,1921,-1850,288
0.8957,1875,1921,-1850,288
0.8962,1875,1919,-1850,264
0.8967,1875,1919,-1850,264
0.8972,1875,1918,-1850,256
0.8977,1875,1918,-1850,256
0.8981,1875,1916,-1850,248
0.8986,1875,1916,-1850,248
0.8991,1875,1915,-1850,248
0.8996,1875,1915,-1850,248
0.9000,1875,1913,-1850,232
0.9004,1881,1912,-1850,232
0.9014,1881,1912,-1850,232
0.9018,1881,1910,-1850,216
0.9023,1881,1910,-1850,216
0.9029,1881,1909,-1850,216
0.9034,1881,1909,-1850,216
0.9038,1881,1909,-1850,216
0.9042,1881,1908,-1500,208
0.9047,1881,1908,-1500,208
0.9051,1881,1907,-1500,208
0.9055,1881,1907,-1500,208
0.9060,1881,1905,-1500,192
0.9063,1881,1905,-1500,192
0.9068,1881,1905,-1500,192
0.9073,1881,1904,-1500,192
0.9077,1881,1904,-1500,192
0.9085,1881,1902,-1500,176
0.9089,1881,1901,-1500,168
0.9093,1881,1901,-1500,168
0.9098,1881,1901,-1500,168
0.9103,1889,1900,-1500,168
0.9111,1889,1899,-1500,160
0.9114,1889,1899,-1500,160
0.9119,1889,1897,-1500,144
0.9123,1889,1897,-1500,144
0.9127,1889,1897,-1500,144
0.9131,1889,1896,-1500,144
0.9136,1889,1896,-1500,144
0.9140,1889,1895,-1500,136
0.9145,1889,1895,-1500,136
0.9149,1889,1894,-1500,128
0.9153,1889,1894,-1500,128
0.9157,1889,1893,-1500,104
0.9164,1889,1893,-1500,104
0.9169,1889,1892,-1500,104
0.9174,1889,1892,-1500,104
0.9180,1889,1891,-1500,96
0.9185,1889,1891,-1500,96
0.9189,1889,1890,-1500,88
0.9195,1889,1890,-1500,88
0.9202,1899,1888,-1500,72
0.9232,1899,1886,-1500,56
0.9238,1899,1885,-1150,48
0.9244,1899,1885,-1150,48
0.9248,1899,1884,-1150,40
0.9253,1899,1884,-1150,40
0.9258,1899,1883,-1150,32
0.9262,1899,1883,-1150,32
0.9266,1899,1883,-1150,32
0.9270,1899,1882,-1150,24
0.9274,1899,1882,-1150,24
0.9278,1899,1881,-1150,-24
0.9282,1899,1881,-1150,-24
0.9287,1899,1881,-1150,-24
0.9291,1899,1880,-1150,-32
0.9295,1899,1880,-1150,-32
0.9299,1899,1880,-1150,-32
0.9304,1912,1879,-1150,-40
0.9312,1912,1879,-1150,-40
0.9316,1912,1879,-1150,-40
0.9320,1912,1878,-1150,-56
0.9325,1912,1878,-1150,-56
0.9330,1912,1878,-1150,-56
0.9334,1912,1878,-1150,-56
0.9338,1912,1877,-1150,-64
0.9343,1912,1877,-1150,-64
0.9348,1912,1876,-1150,-80
0.9352,1912,1876,-1150,-80
0.9356,1912,1876,-1150,-80
0.9362,1912,1876,-1150,-84
0.9368,1912,1875,-1150,-92
0.9372,1912,1875,-1150,-92
0.9377,1912,1875,-1150,-92
0.9382,1912,1875,-1150,-92
0.9386,1912,1875,-1150,-92
0.9391,1912,1874,-1150,-92
0.9396,1912,1874,-1150,-92
0.9401,1926,1874,-1150,-100
0.9409,1926,1873,-1150,-108
0.9414,1926,1873,-1150,-108
0.9418,1926,1873,-1150,-116
0.9423,1926,1873,-1150,-116
0.9427,1926,1873,-1150,-116
0.9431,1926,1873,-1150,-116
0.9436,1926,1873,-1150,-116
0.9440,1926,1873,-600,-124
0.9444,1926,1873,-600,-124
0.9448,1926,1872,-600,-140
0.9453,1926,1872,-600,-140
0.9457,1926,1872,-600,-140
0.9462,1926,1872,-600,-140
0.9468,1926,1872,-600,-148
0.9473,1926,1872,-600,-148
0.9477,1926,1872,-600,-156
0.9484,1926,1872,-600,-156
0.9489,1926,1872,-600,-156
0.9499,1926,1872,-600,-164
0.9505,1943,1872,-600,-172
0.9513,1943,1872,-600,-172
0.9517,1943,1872,-600,-180
0.9521,1943,1872,-600,-180
0.9526,1943,1872,-600,-180
0.9530,1943,1872,-600,-180
0.9534,1943,1872,-600,-180
0.9538,1943,1872,-600,-188
0.9543,1943,1872,-600,-188
0.9547,1943,1872,-600,-196
0.9551,1943,1872,-600,-196
0.9555,1943,1872,-600,-196
0.9559,1943,1872,-600,-188
0.9563,1943,1872,-600,-188
0.9567,1943,1872,-600,-196
0.9571,1943,1872,-600,-196
0.9575,1943,1872,-600,-196
0.9579,1943,1872,-600,-204
0.9583,1943,1872,-600,-204
0.9587,1943,1872,-600,-212
0.9591,1943,1872,-600,-212
0.9596,1943,1872,-600,-220
0.9600,1943,1872,-600,-220
0.9604,1961,1872,-600,-228
0.9614,1961,1872,-600,-228
0.9619,1961,1872,-600,-236
0.9623,1961,1872,-600,-236
0.9627,1961,1872,-600,-244
0.9631,1961,1872,-600,-244
0.9636,1961,1872,-50,-252
0.9641,1961,1872,-50,-252
0.9644,1961,1872,-50,-252
0.9648,1961,1872,-50,-260
0.9654,1961,1872,-50,-260
0.9658,1961,1872,-50,-268
0.9662,1961,1872,-50,-268
0.9666,1961,1872,-50,-276
0.9670,1961,1872,-50,-276
0.9674,1961,1872,-50,-276
0.9679,1961,1872,-50,-292
0.9683,1961,1872,-50,-292
0.9687,1961,1872,-50,-300
0.9692,1961,1872,-50,-300
0.9696,1961,1873,-50,-300
0.9700,1961,1873,-50,-300
0.9706,1981,1873,-50,-324
0.9720,1981,1873,-50,-324
0.9727,1981,1874,-50,-324
0.9731,1981,1874,-50,-324
0.9736,1981,1875,-50,-324
0.9742,1981,1875,-50,-324
0.9746,1981,1875,-50,-340
0.9750,1981,1875,-50,-340
0.9754,1981,1875,-50,-340
0.9758,1981,1876,-50,-356
0.9763,1981,1876,-50,-356
0.9768,1981,1876,-50,-364
0.9773,1981,1876,-50,-364
0.9777,1981,1877,-50,-372
0.9782,1981,1877,-50,-372
0.9786,1981,1878,-50,-372
0.9791,1981,1878,-50,-372
0.9795,1981,1878,-50,-388
0.9801,2001,1879,-50,-388
0.9810,2001,1879,-50,-388
0.9814,2001,1879,-50,-404
0.9819,2001,1879,-50,-404
0.9825,2001,1880,-50,-412
0.9829,2001,1880,-50,-412
0.9833,2001,1880,-50,-412
0.9837,2001,1881,450,-412
0.9841,2001,1881,450,-412
0.9845,2001,1882,450,-420
0.9849,2001,1882,450,-420
0.9854,2001,1882,450,-420
0.9858,2001,1883,450,-420
0.9862,2001,1883,450,-420
0.9865,2001,1884,450,-428
0.9869,2001,1884,450,-428
0.9873,2001,1884,450,-428
0.9877,2001,1884,450,-444
0.9881,2001,1884,450,-444
0.9884,2001,1884,450,-444
0.9888,2001,1886,450,-436
0.9892,2001,1886,450,-436
0.9896,2001,1886,450,-452
0.9900,2001,1886,450,-452
0.9903,2022,1887,450,-460
0.9910,2022,1887,450,-460
0.9914,2022,1887,450,-460
0.9918,2022,1888,450,-468
0.9922,2022,1888,450,-468
0.9926,2022,1889,450,-476
0.9929,2022,1889,450,-476
0.9933,2022,1889,450,-476
0.9938,2022,1890,450,-476
0.9942,2022,1890,450,-476
0.9946,2022,1891,450,-484
0.9949,2022,1891,450,-484
0.9953,2022,1891,450,-484
0.9957,2022,1892,450,-484
0.9961,2022,1892,450,-484
0.9965,2022,1893,450,-492
0.9970,2022,1893,450,-492
0.9974,2022,1893,450,-492
0.9977,2022,1895,450,-492
0.9981,2022,1895,450,-492
0.9985,2022,1896,450,-500
0.9990,2022,1896,450,-500
0.9993,2022,1896,450,-500
0.9997,2022,1897,450,-508
1.0001,2043,1898,450,-516
1.0009,2043,1898,450,-516
1.0013,2043,1898,450,-516
1.0017,2043,1899,450,-524
1.0021,2043,1899,450,-524
1.0024,2043,1900,450,-532
1.0028,2043,1900,450,-532
1.0032,2043,1900,450,-532
1.0036,2043,1901,1000,-540
1.0039,2043,1901,1000,-540
1.0043,2043,1901,1000,-540
1.0047,2043,1903,1000,-540
1.0051,2043,1903,1000,-540
1.0054,2043,1904,1000,-548
1.0058,2043,1904,1000,-548
1.0063,2043,1904,1000,-548
1.0067,2043,1906,1000,-548
1.0070,2043,1906,1000,-548
1.0074,2043,1907,1000,-556
1.0078,2043,1907,1000,-556
1.0082,2043,1907,1000,-556
1.0086,2043,1908,1000,-564
1.0090,2043,1908,1000,-564
1.0093,2043,1908,1000,-564
1.0097,2043,1910,1000,-564
1.0101,2065,1911,1000,-572
1.0107,2065,1911,1000,-572
1.0111,2065,1911,1000,-572
1.0115,2065,1913,1000,-572
1.0119,2065,1913,1000,-572
1.0123,2065,1913,1000,-572
1.0126,2065,1914,1000,-580
1.0130,2065,1914,1000,-580
1.0134,2065,1916,1000,-580
1.0138,2065,1916,1000,-580
1.0142,2065,1916,1000,-580
1.0145,2065,1917,1000,-588
1.0149,2065,1917,1000,-588
1.0154,2065,1919,1000,-572
1.0159,2065,1919,1000,-572
1.0163,2065,1920,1000,-580
1.0167,2065,1920,1000,-580
1.0171,2065,1920,1000,-580
1.0175,2065,1922,1000,-580
1.0179,2065,1922,1000,-580
1.0183,2065,1922,1000,-580
1.0187,2065,1923,1000,-588
1.0191,2065,1923,1000,-588
1.0194,2065,1925,1000,-588
1.0198,2065,1925,1000,-588
1.0203,2086,1926,1000,-596
1.0210,2086,1926,1000,-596
1.0214,2086,1928,1000,-596
1.0217,2086,1928,1000,-596
1.0221,2086,1928,1000,-596
1.0225,2086,1929,1000,-604
1.0229,2086,1929,1000,-604
1.0233,2086,1929,1000,-604
1.0236,2086,1931,1500,-604
1.0240,2086,1931,1500,-604
1.0244,2086,1933,1500,-604
1.0247,2086,1933,1500,-604
1.0251,2086,1933,1500,-604
1.0254,2086,1935,1500,-604
1.0258,2086,1935,1500,-604
1.0262,2086,1935,1500,-604
1.0265,2086,1937,1500,-604
1.0269,2086,1937,1500,-604
1.0273,2086,1938,1500,-612
1.0277,2086,1938,1500,-612
1.0280,2086,1938,1500,-612
1.0284,2086,1940,1500,-612
1.0288,2086,1940,1500,-612
1.0291,2086,1940,1500,-612
1.0295,2086,1942,1500,-612
1.0299,2086,1942,1500,-612
1.0303,2106,1943,1500,-620
1.0310,2106,1943,1500,-620
1.0313,2106,1945,1500,-620
1.0317,2106,1945,1500,-620
1.0320,2106,1945,1500,-620
1.0324,2106,1947,1500,-620
1.0328,2106,1947,1500,-620
1.0331,2106,1947,1500,-620
1.0335,2106,1949,1500,-620
1.0339,2106,1949,1500,-620
1.0343,2106,1950,1500,-628
1.0347,2106,1950,1500,-628
1.0350,2106,1950,1500,-628
1.0354,2106,1953,1500,-592
1.0360,2106,1953,1500,-592
1.0364,2106,1955,1500,-592
1.0369,2106,1955,1500,-592
1.0373,2106,1957,1500,-592
1.0377,2106,1957,1500,-592
1.0381,2106,1957,1500,-592
1.0384,2106,1958,1500,-600
1.0388,2106,1958,1500,-600
1.0392,2106,1958,1500,-600
1.0395,2106,1960,1500,-600
1.0399,2106,1960,1500,-600
1.0403,2126,1962,1500,-600
1.0409,2126,1962,1500,-600
1.0413,2126,1964,1500,-600
1.0417,2126,1964,1500,-600
1.0420,2126,1964,1500,-600
1.0424,2126,1966,1500,-600
1.0428,2126,1966,1500,-600
1.0432,2126,1966,1500,-600
1.0435,2126,1968,1850,-600
1.0439,2126,1968,1850,-600
1.0443,2126,1970,1850,-600
1.0447,2126,1970,1850,-600
1.0451,2126,1970,1850,-600
1.0455,2126,1972,1850,-600
1.0458,2126,1972,1850,-600
1.0463,2126,1973,1850,-608
1.0466,2126,1973,1850,-608
1.0470,2126,1973,1850,-608
1.0474,2126,1975,1850,-608
1.0478,2126,1975,1850,-608
1.0481,2126,1975,1850,-608
1.0484,2126,1977,1850,-608
1.0488,2126,1977,1850,-608
1.0493,2126,1980,1850,-600
1.0497,2126,1980,1850,-600
1.0500,2143,1982,1850,-600
1.0507,2143,1982,1850,-600
1.0510,2143,1982,1850,-600
1.0514,2143,1984,1850,-600
1.0518,2143,1984,1850,-600
1.0521,2143,1986,1850,-600
1.0526,2143,1986,1850,-600
1.0529,2143,1986,1850,-600
1.0533,2143,1987,1850,-608
1.0537,2143,1987,1850,-608
1.0540,2143,1987,1850,-608
1.0544,2143,1989,1850,-616
1.0547,2143,1989,1850,-616
1.0551,2143,1991,1850,-604
1.0555,2143,1991,1850,-604
1.0560,2143,1991,1850,-604
1.0564,2143,1993,1850,-604
1.0568,2143,1993,1850,-604
1.0573,2143,1995,1850,-604
1.0576,2143,1995,1850,-604
1.0580,2143,1995,1850,-604
1.0584,2143,1998,1850,-596
1.0587,2143,1998,1850,-596
1.0591,2143,1998,1850,-596
1.0595,2143,1999,1850,-604
1.0598,2143,1999,1850,-604
1.0603,2160,2001,1850,-604
1.0610,2160,2001,1850,-604
1.0614,2160,2003,1850,-596
1.0618,2160,2003,1850,-596
1.0622,2160,2005,1850,-596
1.0626,2160,2005,1850,-596
1.0629,2160,2005,1850,-596
1.0633,2160,2007,1950,-596
1.0637,2160,2007,1950,-596
1.0640,2160,2007,1950,-596
1.0644,2160,2010,1950,-588
1.0648,2160,2010,1950,-588
1.0651,2160,2012,1950,-596
1.0655,2160,2012,1950,-596
1.0659,2160,2012,1950,-596
1.0663,2160,2014,1950,-588
1.0666,2160,2014,1950,-588
1.0670,2160,2014,1950,-588
1.0674,2160,2016,1950,-588
1.0677,2160,2016,1950,-588
1.0681,2160,2016,1950,-588
1.0684,2160,2018,1950,-588
1.0688,2160,2018,1950,-588
1.0691,2160,2019,1950,-596
1.0695,2160,2019,1950,-596
1.0699,2160,2019,1950,-596
1.0703,2175,2021,1950,-596
1.0709,2175,2021,1950,-596
1.0713,2175,2024,1950,-588
1.0717,2175,2024,1950,-588
1.0721,2175,2024,1950,-588
1.0724,2175,2026,1950,-588
1.0728,2175,2026,1950,-588
1.0731,2175,2028,1950,-588
1.0735,2175,2028,1950,-588
1.0739,2175,2028,1950,-588
1.0743,2175,2030,1950,-588
1.0746,2175,2030,1950,-588
1.0750,2175,2030,1950,-588
1.0754,2175,2032,1950,-568
1.0757,2175,2032,1950,-568
1.0761,2175,2034,1950,-568
1.0765,2175,2034,1950,-568
1.0769,2175,2034,1950,-568
1.0773,2175,2036,1950,-568
1.0777,2175,2036,1950,-568
1.0785,2175,2038,1950,-568
1.0789,2175,2038,1950,-568
1.0793,2175,2040,1950,-560
1.0796,2175,2040,1950,-560
1.0800,2175,2040,1950,-560
1.0803,2187,2042,1950,-560
1.0810,2187,2042,1950,-560
1.0814,2187,2044,1950,-560
1.0818,2187,2044,1950,-560
1.0821,2187,2047,1950,-552
1.0825,2187,2047,1950,-552
1.0829,2187,2047,1950,-552
1.0833,2187,2049,2100,-552
1.0836,2187,2049,2100,-552
1.0840,2187,2051,2100,-552
1.0844,2187,2051,2100,-552
1.0848,2187,2051,2100,-552
1.0852,2187,2053,2100,-552
1.0856,2187,2053,2100,-552
1.0859,2187,2053,2100,-552
1.0863,2187,2055,2100,-544
1.0867,2187,2055,2100,-544
1.0870,2187,2057,2100,-544
1.0874,2187,2057,2100,-544
1.0878,2187,2057,2100,-544
1.0882,2187,2059,2100,-544
1.0885,2187,2059,2100,-544
1.0889,2187,2059,2100,-544
1.0893,2187,2061,2100,-544
1.0897,2187,2061,2100,-544
1.0901,2198,2064,2100,-536
1.0909,2198,2064,2100,-536
1.0913,2198,2065,2100,-536
1.0917,2198,2065,2100,-536
1.0921,2198,2067,2100,-536
1.0925,2198,2067,2100,-536
1.0928,2198,2067,2100,-536
1.0933,2198,2069,2100,-536
1.0936,2198,2069,2100,-536
1.0940,2198,2071,2100,-536
1.0944,2198,2071,2100,-536
1.0948,2198,2071,2100,-536
1.0951,2198,2073,2100,-516
1.0956,2198,2073,2100,-516
1.0959,2198,2073,2100,-516
1.0963,2198,2075,2100,-516
1.0967,2198,2075,2100,-516
1.0971,2198,2077,2100,-516
1.0975,2198,2077,2100,-516
1.0978,2198,2077,2100,-516
1.0984,2198,2079,2100,-508
1.0987,2198,2079,2100,-508
1.0991,2198,2082,2100,-500
1.1009,2206,2086,2100,-492
1.1025,2206,2087,2100,-500
1.1030,2206,2089,2000,-500
1.1034,2206,2089,2000,-500
1.1038,2206,2089,2000,-500
1.1041,2206,2091,2000,-492
1.1045,2206,2091,2000,-492
1.1049,2206,2093,2000,-492
1.1053,2206,2093,2000,-492
1.1057,2206,2093,2000,-492
1.1061,2206,2095,2000,-492
1.1065,2206,2095,2000,-492
1.1069,2206,2095,2000,-492
1.1073,2206,2097,2000,-484
1.1080,2206,2099,2000,-484
1.1084,2206,2099,2000,-484
1.1088,2206,2099,2000,-484
1.1091,2206,2101,2000,-476
1.1096,2206,2101,2000,-476
1.1099,2206,2103,2000,-476
1.1103,2211,2103,2000,-476
1.1111,2211,2105,2000,-468
1.1115,2211,2105,2000,-468
1.1118,2211,2105,2000,-468
1.1124,2211,2107,2000,-468
1.1128,2211,2107,2000,-468
1.1131,2211,2109,2000,-460
1.1135,2211,2109,2000,-460
1.1139,2211,2111,2000,-460
1.1143,2211,2111,2000,-460
1.1147,2211,2111,2000,-460
1.1150,2211,2113,2000,-440
1.1154,2211,2113,2000,-440
1.1158,2211,2113,2000,-440
1.1162,2211,2114,2000,-448
1.1165,2211,2114,2000,-448
1.1169,2211,2116,2000,-440
1.1173,2211,2116,2000,-440
1.1177,2211,2116,2000,-440
1.1180,2211,2118,2000,-440
1.1184,2211,2118,2000,-440
1.1188,2211,2118,2000,-440
1.1192,2211,2120,2000,-432
1.1195,2211,2120,2000,-432
1.1199,2211,2122,2000,-424
1.1203,2213,2122,2000,-424
1.1212,2213,2124,2000,-424
1.1223,2213,2125,2000,-424
1.1228,2213,2125,2000,-424
1.1232,2213,2127,1900,-416
1.1235,2213,2127,1900,-416
1.1239,2213,2129,1900,-408
1.1243,2213,2129,1900,-408
1.1247,2213,2129,1900,-408
1.1250,2213,2131,1900,-408
1.1254,2213,2131,1900,-408
1.1258,2213,2131,1900,-408
1.1261,2213,2133,1900,-400
1.1265,2213,2133,1900,-400
1.1269,2213,2134,1900,-400
1.1273,2213,2134,1900,-400
1.1277,2213,2134,1900,-400
1.1280,2213,2136,1900,-392
1.1284,2213,2136,1900,-392
1.1288,2213,2136,1900,-392
1.1292,2213,2138,1900,-384
1.1295,2213,2138,1900,-384
1.1299,2213,2139,1900,-384
1.1303,2213,2139,1900,-384
1.1310,2213,2141,1900,-384
1.1313,2213,2141,1900,-384
1.1317,2213,2141,1900,-384
1.1321,2213,2143,1900,-376
1.1324,2213,2143,1900,-376
1.1328,2213,2143,1900,-376
1.1332,2213,2145,1900,-368
1.1335,2213,2145,1900,-368
1.1339,2213,2147,1900,-360
1.1343,2213,2147,1900,-360
1.1347,2213,2147,1900,-360
1.1351,2213,2148,1900,-352
1.1354,2213,2148,1900,-352
1.1358,2213,2150,1900,-344
1.1362,2213,2150,1900,-344
1.1366,2213,2150,1900,-344
1.1369,2213,2152,1900,-336
1.1373,2213,2152,1900,-336
1.1377,2213,2152,1900,-336
1.1380,2213,2154,1900,-328
1.1384,2213,2154,1900,-328
1.1388,2213,2155,1900,-320
1.1392,2213,2155,1900,-320
1.1395,2213,2155,1900,-320
1.1399,2213,2157,1900,-312
1.1403,2211,2157,1900,-312
1.1410,2211,2159,1900,-304
1.1413,2211,2159,1900,-304
1.1417,2211,2159,1900,-304
1.1421,2211,2160,1900,-304
1.1424,2211,2160,1900,-304
1.1428,2211,2161,1700,-304
1.1433,2211,2161,1700,-304
1.1442,2211,2163,1700,-288
1.1446,2211,2163,1700,-288
1.1483,2211,2169,1700,-264
1.1489,2211,2170,1700,-264
1.1493,2211,2170,1700,-264
1.1497,2211,2170,1700,-264
1.1500,2205,2172,1700,-248
1.1507,2205,2173,1700,-248
1.1511,2205,2173,1700,-248
1.1515,2205,2173,1700,-248
1.1519,2205,2175,1700,-240
1.1523,2205,2175,1700,-240
1.1526,2205,2175,1700,-240
1.1530,2205,2176,1700,-232
1.1536,2205,2176,1700,-232
1.1541,2205,2178,1700,-224
1.1545,2205,2178,1700,-224
1.1549,2205,2179,1700,-188
1.1553,2205,2179,1700,-188
1.1556,2205,2179,1700,-188
1.1561,2205,2181,1700,-180
1.1564,2205,2181,1700,-180
1.1568,2205,2182,1700,-172
1.1574,2205,2182,1700,-172
1.1581,2205,2183,1700,-164
1.1587,2205,2184,1700,-164
1.1591,2205,2184,1700,-164
1.1595,2205,2184,1700,-164
1.1609,2197,2189,1400,-132
1.1639,2197,2190,1400,-124
1.1643,2197,2190,1400,-124
1.1647,2197,2192,1400,-116
1.1650,2197,2192,1400,-116
1.1655,2197,2192,1400,-116
1.1792,2176,2208,950,68
1.1844,2168,2213,950,124
1.1971,2148,2213,950,124
1.1978,2148,2213,950,132
1.2060,2133,2206,-50,404
1.2379,2069,2197,-750,428
1.2437,2057,2196,-750,428
1.2452,2053,2194,-750,436
1.2459,2052,2194,-750,436
1.2467,2052,2193,-750,436
1.2470,2052,2193,-750,436
1.2475,2052,2191,-750,428
1.2479,2052,2191,-750,428
1.2483,2052,2191,-750,444
1.2487,2052,2191,-750,444
1.2491,2052,2191,-750,444
1.2494,2052,2190,-750,444
1.2498,2052,2190,-750,444
1.2502,2043,2188,-750,444
1.2508,2043,2188,-750,444
1.2513,2043,2187,-750,444
1.2517,2043,2187,-750,444
1.2520,2043,2187,-750,444
1.2524,2043,2186,-750,452
1.2527,2043,2186,-750,452
1.2531,2043,2186,-750,452
1.2535,2043,2185,-750,452
1.2538,2043,2185,-750,452
1.2543,2043,2183,-750,408
1.2546,2043,2183,-750,408
1.2550,2043,2183,-750,408
1.2553,2043,2182,-750,408
1.2557,2043,2182,-750,408
1.2561,2043,2182,-750,408
1.2565,2043,2181,-750,416
1.2568,2043,2181,-750,416
1.2573,2043,2180,-750,424
1.2576,2043,2180,-750,424
1.2580,2043,2180,-750,424
1.2584,2043,2178,-750,416
1.2587,2043,2178,-750,416
1.2591,2043,2178,-750,416
1.2595,2043,2177,-750,424
1.2599,2043,2177,-750,424
1.2603,2021,2176,-750,432
1.2610,2021,2176,-750,432
1.2613,2021,2175,-750,440
1.2617,2021,2175,-750,440
1.2620,2021,2175,-750,440
1.2624,2021,2173,-1200,432
1.2628,2021,2173,-1200,432
1.2631,2021,2173,-1200,432
1.2635,2021,2172,-1200,440
1.2639,2021,2172,-1200,440
1.2643,2021,2171,-1200,448
1.2647,2021,2171,-1200,448
1.2650,2021,2171,-1200,448
1.2656,2021,2170,-1200,456
1.2659,2021,2170,-1200,456
1.2663,2021,2168,-1200,456
1.2667,2021,2168,-1200,456
1.2670,2021,2168,-1200,456
1.2674,2021,2167,-1200,464
1.2678,2021,2167,-1200,464
1.2682,2021,2167,-1200,464
1.2685,2021,2165,-1200,464
1.2689,2021,2165,-1200,464
1.2693,2021,2164,-1200,472
1.2696,2021,2164,-1200,472
1.2700,2001,2163,-1200,480
1.2707,2001,2163,-1200,480
1.2711,2001,2163,-1200,480
1.2714,2001,2161,-1200,480
1.2718,2001,2161,-1200,480
1.2723,2001,2160,-1200,488
1.2727,2001,2160,-1200,488
1.2730,2001,2160,-1200,488
1.2734,2001,2159,-1200,496
1.2738,2001,2159,-1200,496
1.2741,2001,2157,-1200,516
1.2745,2001,2157,-1200,516
1.2749,2001,2157,-1200,516
1.2753,2001,2156,-1200,524
1.2756,2001,2156,-1200,524
1.2760,2001,2156,-1200,524
1.2764,2001,2154,-1200,524
1.2768,2001,2154,-1200,524
1.2772,2001,2153,-1200,532
1.2776,2001,2153,-1200,532
1.2779,2001,2153,-1200,532
1.2783,2001,2151,-1200,532
1.2787,2001,2151,-1200,532
1.2790,2001,2151,-1200,532
1.2794,2001,2150,-1200,540
1.2797,2001,2150,-1200,540
1.2801,1980,2148,-1200,548
1.2809,1980,2148,-1200,548
1.2813,1980,2147,-1200,556
1.2817,1980,2147,-1200,556
1.2820,1980,2147,-1200,556
1.2824,1980,2145,-1400,556
1.2827,1980,2145,-1400,556
1.2831,1980,2145,-1400,556
1.2835,1980,2144,-1400,564
1.2839,1980,2144,-1400,564
1.2843,1980,2142,-1400,564
1.2846,1980,2142,-1400,564
1.2850,1980,2142,-1400,564
1.2854,1980,2140,-1400,572
1.2858,1980,2140,-1400,572
1.2862,1980,2139,-1400,580
1.2867,1980,2139,-1400,580
1.2870,1980,2139,-1400,580
1.2874,1980,2137,-1400,580
1.2878,1980,2137,-1400,580
1.2882,1980,2135,-1400,580
1.2885,1980,2135,-1400,580
1.2889,1980,2135,-1400,580
1.2893,1980,2134,-1400,588
1.2896,1980,2134,-1400,588
1.2900,1980,2134,-1400,588
1.2904,1960,2132,-1400,596
1.2911,1960,2132,-1400,596
1.2914,1960,2131,-1400,604
1.2918,1960,2131,-1400,604
1.2922,1960,2129,-1400,604
1.2925,1960,2129,-1400,604
1.2929,1960,2129,-1400,604
1.2933,1960,2127,-1400,604
1.2936,1960,2127,-1400,604
1.2940,1960,2127,-1400,604
1.2944,1960,2125,-1400,604
1.2947,1960,2125,-1400,604
1.2951,1960,2125,-1400,604
1.2955,1960,2124,-1400,620
1.2958,1960,2124,-1400,620
1.2962,1960,2122,-1400,620
1.2965,1960,2122,-1400,620
1.2969,1960,2122,-1400,620
1.2973,1960,2120,-1400,620
1.2977,1960,2120,-1400,620
1.2980,1960,2120,-1400,620
1.2984,1960,2119,-1400,628
1.2988,1960,2119,-1400,628
1.2991,1960,2117,-1400,628
1.2995,1960,2117,-1400,628
1.2999,1960,2117,-1400,628
1.3003,1942,2115,-1400,628
1.3009,1942,2115,-1400,628
1.3013,1942,2113,-1400,628
1.3017,1942,2113,-1400,628
1.3020,1942,2113,-1400,628
1.3024,1942,2111,-1700,628
1.3027,1942,2111,-1700,628
1.3031,1942,2109,-1700,636
1.3035,1942,2109,-1700,636
1.3039,1942,2109,-1700,636
1.3043,1942,2107,-1700,636
1.3046,1942,2107,-1700,636
1.3050,1942,2107,-1700,636
1.3054,1942,2105,-1700,636
1.3060,1942,2104,-1700,644
1.3065,1942,2104,-1700,644
1.3069,1942,2104,-1700,644
1.3073,1942,2102,-1700,644
1.3076,1942,2102,-1700,644
1.3080,1942,2102,-1700,644
1.3084,1942,2100,-1700,644
1.3087,1942,2100,-1700,644
1.3091,1942,2098,-1700,644
1.3095,1942,2098,-1700,644
1.3098,1942,2098,-1700,644
1.3102,1926,2096,-1700,644
1.3109,1926,2096,-1700,644
1.3113,1926,2094,-1700,644
1.3116,1926,2094,-1700,644
1.3120,1926,2092,-1700,644
1.3124,1926,2092,-1700,644
1.3128,1926,2092,-1700,644
1.3131,1926,2090,-1700,652
1.3135,1926,2090,-1700,652
1.3139,1926,2090,-1700,652
1.3143,1926,2088,-1700,632
1.3147,1926,2088,-1700,632
1.3150,1926,2086,-1700,632
1.3155,1926,2086,-1700,632
1.3159,1926,2086,-1700,632
1.3163,1926,2084,-1700,632
1.3167,1926,2084,-1700,632
1.3170,1926,2082,-1700,632
1.3174,1926,2082,-1700,632
1.3178,1926,2082,-1700,632
1.3183,1926,2080,-1700,632
1.3186,1926,2080,-1700,632
1.3190,1926,2078,-1700,632
1.3194,1926,2078,-1700,632
1.3198,1926,2078,-1700,632
1.3201,1911,2076,-1700,632
1.3209,1911,2076,-1700,632
1.3213,1911,2073,-1700,624
1.3216,1911,2073,-1700,624
1.3220,1911,2072,-1950,632
1.3224,1911,2072,-1950,632
1.3228,1911,2072,-1950,632
1.3231,1911,2070,-1950,632
1.3235,1911,2070,-1950,632
1.3239,1911,2070,-1950,632
1.3243,1911,2068,-1950,632
1.3247,1911,2068,-1950,632
1.3251,1911,2065,-1950,624
1.3254,1911,2065,-1950,624
1.3258,1911,2065,-1950,624
1.3262,1911,2063,-1950,624
1.3266,1911,2063,-1950,624
1.3270,1911,2061,-1950,624
1.3274,1911,2061,-1950,624
1.3278,1911,2061,-1950,624
1.3282,1911,2059,-1950,624
1.3285,1911,2059,-1950,624
1.3289,1911,2059,-1950,624
1.3293,1911,2057,-1950,624
1.3296,1911,2057,-1950,624
1.3300,1899,2055,-1950,624
1.3308,1899,2055,-1950,624
1.3311,1899,2053,-1950,624
1.3315,1899,2053,-1950,624
1.3319,1899,2053,-1950,624
1.3323,1899,2051,-1950,624
1.3326,1899,2051,-1950,624
1.3330,1899,2049,-1950,624
1.3334,1899,2049,-1950,624
1.3338,1899,2049,-1950,624
1.3342,1899,2046,-1950,584
1.3345,1899,2046,-1950,584
1.3349,1899,2046,-1950,584
1.3353,1899,2044,-1950,584
1.3356,1899,2044,-1950,584
1.3360,1899,2042,-1950,584
1.3364,1899,2042,-1950,584
1.3368,1899,2042,-1950,584
1.3371,1899,2040,-1950,584
1.3375,1899,2040,-1950,584
1.3379,1899,2038,-1950,584
1.3383,1899,2038,-1950,584
1.3387,1899,2038,-1950,584
1.3390,1899,2035,-1950,576
1.3394,1899,2035,-1950,576
1.3397,1899,2035,-1950,576
1.3402,1888,2033,-1950,568
1.3409,1888,2031,-1950,568
1.3413,1888,2031,-1950,568
1.3416,1888,2031,-1950,568
1.3420,1888,2029,-2150,568
1.3424,1888,2029,-2150,568
1.3427,1888,2029,-2150,568
1.3431,1888,2027,-2150,568
1.3434,1888,2027,-2150,568
1.3438,1888,2027,-2150,568
1.3442,1888,2025,-2150,568
1.3445,1888,2025,-2150,568
1.3449,1888,2023,-2150,568
1.3453,1888,2023,-2150,568
1.3456,1888,2023,-2150,568
1.3460,1888,2021,-2150,568
1.3464,1888,2021,-2150,568
1.3467,1888,2021,-2150,568
1.3471,1888,2019,-2150,560
1.3475,1888,2019,-2150,560
1.3479,1888,2016,-2150,552
1.3483,1888,2016,-2150,552
1.3487,1888,2016,-2150,552
1.3490,1888,2014,-2150,552
1.3494,1888,2014,-2150,552
1.3498,1888,2014,-2150,552
1.3502,1881,2012,-2150,552
1.3508,1881,2012,-2150,552
1.3513,1881,2010,-2150,544
1.3516,1881,2010,-2150,544
1.3520,1881,2008,-2150,544
1.3523,1881,2008,-2150,544
1.3527,1881,2008,-2150,544
1.3531,1881,2006,-2150,544
1.3534,1881,2006,-2150,544
1.3538,1881,2006,-2150,544
1.3542,1881,2004,-2150,532
1.3545,1881,2004,-2150,532
1.3549,1881,2002,-2150,524
1.3553,1881,2002,-2150,524
1.3557,1881,2002,-2150,524
1.3560,1881,2000,-2150,524
1.3564,1881,2000,-2150,524
1.3567,1881,2000,-2150,524
1.3571,1881,1998,-2150,524
1.3575,1881,1998,-2150,524
1.3578,1881,1996,-2150,516
1.3583,1881,1996,-2150,516
1.3587,1881,1996,-2150,516
1.3590,1881,1994,-2150,516
1.3594,1881,1994,-2150,516
1.3597,1881,1994,-2150,516
1.3601,1875,1992,-2150,508
1.3608,1875,1992,-2150,508
1.3611,1875,1990,-2150,508
1.3615,1875,1990,-2150,508
1.3619,1875,1988,-2050,508
1.3623,1875,1988,-2050,508
1.3626,1875,1988,-2050,508
1.3630,1875,1986,-2050,500
1.3634,1875,1986,-2050,500
1.3637,1875,1986,-2050,500
1.3641,1875,1984,-2050,500
1.3645,1875,1984,-2050,500
1.3648,1875,1982,-2050,492
1.3652,1875,1982,-2050,492
1.3655,1875,1982,-2050,492
1.3659,1875,1980,-2050,492
1.3663,1875,1980,-2050,492
1.3667,1875,1980,-2050,492
1.3671,1875,1978,-2050,484
1.3675,1875,1978,-2050,484
1.3679,1875,1976,-2050,484
1.3683,1875,1976,-2050,484
1.3687,1875,1976,-2050,484
1.3690,1875,1974,-2050,476
1.3694,1875,1974,-2050,476
1.3698,1875,1972,-2050,476
1.3701,1873,1972,-2050,476
1.3708,1873,1970,-2050,468
1.3712,1873,1970,-2050,468
1.3715,1873,1970,-2050,468
1.3719,1873,1968,-2050,468
1.3723,1873,1968,-2050,468
1.3726,1873,1968,-2050,468
1.3730,1873,1966,-2050,460
1.3734,1873,1966,-2050,460
1.3737,1873,1966,-2050,460
1.3741,1873,1964,-2050,432
1.3744,1873,1964,-2050,432
1.3748,1873,1962,-2050,432
1.3753,1873,1962,-2050,432
1.3758,1873,1960,-2050,424
1.3761,1873,1960,-2050,424
1.3765,1873,1960,-2050,424
1.3769,1873,1958,-2050,416
1.3773,1873,1958,-2050,416
1.3777,1873,1958,-2050,416
1.3780,1873,1956,-2050,408
1.3784,1873,1956,-2050,408
1.3788,1873,1955,-2050,408
1.3793,1873,1955,-2050,408
1.3796,1873,1955,-2050,408
1.3800,1873,1953,-2050,408
1.3807,1873,1953,-2050,408
1.3810,1873,1951,-2050,400
1.3814,1873,1951,-2050,400
1.3817,1873,1949,-1950,392
1.3821,1873,1949,-1950,392
1.3824,1873,1949,-1950,392
1.3828,1873,1947,-1950,384
1.3832,1873,1947,-1950,384
1.3835,1873,1947,-1950,384
1.3839,1873,1945,-1950,376
1.3843,1873,1945,-1950,376
1.3846,1873,1945,-1950,376
1.3851,1873,1943,-1950,368
1.3855,1873,1943,-1950,368
1.3858,1873,1942,-1950,368
1.3862,1873,1942,-1950,368
1.3865,1873,1942,-1950,368
1.3869,1873,1940,-1950,360
1.3873,1873,1940,-1950,360
1.3876,1873,1940,-1950,360
1.3880,1873,1938,-1950,352
1.3884,1873,1938,-1950,352
1.3888,1873,1936,-1950,344
1.3892,1873,1936,-1950,344
1.3895,1873,1936,-1950,344
1.3899,1873,1935,-1950,344
1.3903,1875,1933,-1950,336
1.3911,1875,1933,-1950,336
1.3915,1875,1933,-1950,336
1.3919,1875,1931,-1950,328
1.3923,1875,1931,-1950,328
1.3926,1875,1931,-1950,328
1.3930,1875,1930,-1950,320
1.3934,1875,1930,-1950,320
1.3937,1875,1928,-1950,292
1.3942,1875,1928,-1950,292
1.3946,1875,1928,-1950,292
1.3950,1875,1927,-1950,292
1.3953,1875,1927,-1950,292
1.3957,1875,1925,-1950,284
1.3960,1875,1925,-1950,284
1.3966,1875,1925,-1950,284
1.3969,1875,1923,-1950,276
1.3973,1875,1923,-1950,276
1.3978,1875,1922,-1950,268
1.3983,1875,1922,-1950,268
1.3987,1875,1920,-1950,260
1.3991,1875,1920,-1950,260
1.3994,1875,1920,-1950,260
1.3998,1875,1918,-1950,252
1.4001,1881,1918,-1950,252
1.4009,1881,1917,-1950,244
1.4013,1881,1917,-1950,244
1.4016,1881,1915,-1700,236
1.4020,1881,1915,-1700,236
1.4024,1881,1915,-1700,236
1.4028,1881,1914,-1700,228
1.4033,1881,1914,-1700,228
1.4037,1881,1913,-1700,228
1.4040,1881,1913,-1700,228
1.4045,1881,1913,-1700,228
1.4050,1881,1911,-1700,220
1.4053,1881,1911,-1700,220
1.4057,1881,1909,-1700,204
1.4061,1881,1909,-1700,204
1.4064,1881,1909,-1700,204
1.4068,1881,1908,-1700,204
1.4072,1881,1908,-1700,204
1.4075,1881,1908,-1700,204
1.4079,1881,1907,-1700,196
1.4083,1881,1907,-1700,196
1.4086,1881,1906,-1700,188
1.4090,1881,1906,-1700,188
1.4094,1881,1906,-1700,188
1.4098,1881,1904,-1700,180
1.4103,1889,1903,-1700,172
1.4112,1889,1903,-1700,172
1.4116,1889,1901,-1700,164
1.4120,1889,1901,-1700,164
1.4124,1889,1901,-1700,164
1.4128,1889,1900,-1700,156
1.4131,1889,1900,-1700,156
1.4135,1889,1900,-1700,156
1.4139,1889,1899,-1700,136
1.4143,1889,1899,-1700,136
1.4147,1889,1898,-1700,128
1.4151,1889,1898,-1700,128
1.4155,1889,1898,-1700,128
1.4159,1889,1896,-1700,120
1.4163,1889,1896,-1700,120
1.4167,1889,1895,-1700,112
1.4171,1889,1895,-1700,112
1.4175,1889,1895,-1700,112
1.4178,1889,1894,-1700,104
1.4183,1889,1894,-1700,104
1.4187,1889,1893,-1700,96
1.4191,1889,1893,-1700,96
1.4195,1889,1893,-1700,96
1.4199,1889,1892,-1700,88
1.4203,1899,1891,-1700,88
1.4211,1899,1891,-1700,88
1.4214,1899,1891,-1700,88
1.4218,1899,1890,-1250,80
1.4223,1899,1890,-1250,80
1.4227,1899,1889,-1250,72
1.4231,1899,1889,-1250,72
1.4236,1899,1888,-1250,64
1.4240,1899,1888,-1250,64
1.4244,1899,1888,-1250,64
1.4247,1899,1887,-1250,56
1.4251,1899,1887,-1250,56
1.4255,1899,1886,-1250,48
1.4259,1899,1886,-1250,48
1.4263,1899,1886,-1250,48
1.4267,1899,1885,-1250,40
1.4271,1899,1885,-1250,40
1.4275,1899,1885,-1250,40
1.4278,1899,1884,-1250,24
1.4283,1899,1884,-1250,24
1.4287,1899,1883,-1250,0
1.4291,1899,1883,-1250,0
1.4295,1899,1882,-1250,-24
1.4299,1899,1882,-1250,-24
1.4303,1912,1882,-1250,-24
1.4311,1912,1882,-1250,-24
1.4316,1912,1881,-1250,-32
1.4320,1912,1881,-1250,-32
1.4325,1912,1880,-1250,-48
1.4329,1912,1880,-1250,-48
1.4333,1912,1880,-1250,-48
1.4337,1912,1879,-1250,-64
1.4341,1912,1879,-1250,-64
1.4345,1912,1879,-1250,-64
1.4349,1912,1879,-1250,-64
1.4353,1912,1879,-1250,-64
1.4357,1912,1878,-1250,-72
1.4361,1912,1878,-1250,-72
1.4366,1912,1877,-1250,-88
1.4370,1912,1877,-1250,-88
1.4374,1912,1877,-1250,-88
1.4378,1912,1877,-1250,-88
1.4382,1912,1877,-1250,-88
1.4386,1912,1876,-1250,-96
1.4389,1912,1876,-1250,-96
1.4393,1912,1876,-1250,-96
1.4397,1912,1876,-1250,-96
1.4401,1926,1875,-1250,-104
1.4408,1926,1875,-1250,-104
1.4413,1926,1875,-1250,-104
1.4416,1926,1875,-750,-104
1.4420,1926,1875,-750,-104
1.4424,1926,1875,-750,-104
1.4428,1926,1874,-750,-120
1.4431,1926,1874,-750,-120
1.4436,1926,1874,-750,-120
1.4440,1926,1874,-750,-120
1.4444,1926,1874,-750,-120
1.4448,1926,1874,-750,-128
1.4451,1926,1874,-750,-128
1.4456,1926,1874,-750,-128
1.4460,1926,1874,-750,-128
1.4463,1926,1874,-750,-128
1.4467,1926,1873,-750,-144
1.4471,1926,1873,-750,-144
1.4475,1926,1873,-750,-144
1.4479,1926,1873,-750,-144
1.4483,1926,1873,-750,-144
1.4487,1926,1873,-750,-152
1.4491,1926,1873,-750,-152
1.4495,1926,1873,-750,-160
1.4499,1926,1873,-750,-160
1.4503,1943,1872,-750,-168
1.4510,1943,1872,-750,-168
1.4514,1943,1872,-750,-176
1.4518,1943,1872,-750,-176
1.4522,1943,1872,-750,-176
1.4526,1943,1872,-750,-184
1.4530,1943,1872,-750,-184
1.4534,1943,1872,-750,-184
1.4537,1943,1872,-750,-176
1.4541,1943,1872,-750,-176
1.4544,1943,1872,-750,-184
1.4548,1943,1872,-750,-184
1.4553,1943,1872,-750,-184
1.4558,1943,1872,-750,-184
1.4563,1943,1872,-750,-184
1.4566,1943,1872,-750,-192
1.4570,1943,1872,-750,-192
1.4574,1943,1872,-750,-200
1.4578,1943,1872,-750,-200
1.4583,1943,1872,-750,-200
1.4587,1943,1872,-750,-208
1.4591,1943,1872,-750,-208
1.4594,1943,1872,-750,-216
1.4598,1943,1872,-750,-216
1.4603,1961,1872,-750,-224
1.4610,1961,1872,-750,-224
1.4614,1961,1872,-150,-232
1.4618,1961,1872,-150,-232
1.4622,1961,1872,-150,-232
1.4626,1961,1872,-150,-240
1.4630,1961,1872,-150,-240
1.4634,1961,1872,-150,-248
1.4638,1961,1872,-150,-248
1.4641,1961,1872,-150,-248
1.4646,1961,1872,-150,-256
1.4650,1961,1872,-150,-256
1.4654,1961,1872,-150,-264
1.4659,1961,1872,-150,-264
1.4663,1961,1872,-150,-264
1.4667,1961,1872,-150,-272
1.4670,1961,1872,-150,-272
1.4675,1961,1873,-150,-272
1.4680,1961,1873,-150,-272
1.4683,1961,1873,-150,-288
1.4687,1961,1873,-150,-288
1.4691,1961,1873,-150,-288
1.4696,1961,1873,-150,-296
1.4700,1961,1873,-150,-296
1.4703,1981,1874,-150,-296
1.4710,1981,1874,-150,-296
1.4714,1981,1875,-150,-296
1.4717,1981,1875,-150,-296
1.4721,1981,1875,-150,-296
1.4725,1981,1875,-150,-312
1.4729,1981,1875,-150,-312
1.4733,1981,1876,-150,-316
1.4737,1981,1876,-150,-316
1.4741,1981,1876,-150,-316
1.4745,1981,1876,-150,-324
1.4749,1981,1876,-150,-324
1.4753,1981,1876,-150,-332
1.4757,1981,1876,-150,-332
1.4761,1981,1876,-150,-332
1.4765,1981,1877,-150,-340
1.4769,1981,1877,-150,-340
1.4773,1981,1878,-150,-340
1.4777,1981,1878,-150,-340
1.4783,1981,1878,-150,-356
1.4787,1981,1878,-150,-356
1.4790,1981,1878,-150,-356
1.4794,1981,1879,-150,-356
1.4798,1981,1879,-150,-356
1.4802,2001,1879,-150,-372
1.4809,2001,1879,-150,-372
1.4813,2001,1880,400,-372
1.4817,2001,1880,400,-372
1.4821,2001,1880,400,-372
1.4825,2001,1881,400,-380
1.4829,2001,1881,400,-380
1.4833,2001,1882,400,-380
1.4837,2001,1882,400,-380
1.4841,2001,1882,400,-380
1.4845,2001,1882,400,-396
1.4849,2001,1882,400,-396
1.4854,2001,1883,400,-396
1.4858,2001,1883,400,-396
1.4861,2001,1883,400,-396
1.4865,2001,1884,400,-404
1.4869,2001,1884,400,-404
1.4873,2001,1885,400,-412
1.4877,2001,1885,400,-412
1.4880,2001,1885,400,-412
1.4884,2001,1886,400,-412
1.4888,2001,1886,400,-412
1.4892,2001,1886,400,-412
1.4897,2001,1887,400,-420
1.4901,2022,1888,400,-428
1.4908,2022,1888,400,-428
1.4913,2022,1889,400,-428
1.4917,2022,1889,400,-428
1.4921,2022,1889,400,-428
1.4925,2022,1890,400,-436
1.4929,2022,1890,400,-436
1.4933,2022,1891,400,-440
1.4937,2022,1891,400,-440
1.4941,2022,1891,400,-440
1.4945,2022,1892,400,-448
1.4949,2022,1892,400,-448
1.4953,2022,1893,400,-456
1.4957,2022,1893,400,-456
1.4960,2022,1893,400,-456
1.4964,2022,1894,400,-464
1.4968,2022,1894,400,-464
1.4971,2022,1894,400,-464
1.4975,2022,1895,400,-472
1.4979,2022,1895,400,-472
1.4983,2022,1896,400,-472
1.4987,2022,1896,400,-472
1.4991,2022,1896,400,-472
1.4995,2022,1897,400,-480
1.4999,2022,1897,400,-480
1.5003,2044,1898,400,-488
1.5010,2044,1898,400,-488
1.5014,2044,1899,950,-496
1.5018,2044,1899,950,-496
1.5021,2044,1899,950,-496
1.5026,2044,1900,950,-504
1.5029,2044,1900,950,-504
1.5033,2044,1901,950,-512
1.5037,2044,1901,950,-512
1.5041,2044,1902,950,-520
1.5045,2044,1902,950,-520
1.5049,2044,1902,950,-520
1.5053,2044,1904,950,-520
1.5057,2044,1904,950,-520
1.5061,2044,1904,950,-520
1.5065,2044,1905,950,-528
1.5068,2044,1905,950,-528
1.5073,2044,1906,950,-544
1.5077,2044,1906,950,-544
1.5081,2044,1906,950,-544
1.5084,2044,1907,950,-552
1.5088,2044,1907,950,-552
1.5092,2044,1909,950,-552
1.5096,2044,1909,950,-552
1.5100,2044,1909,950,-552
1.5104,2065,1910,950,-560
1.5112,2065,1912,950,-560
1.5115,2065,1912,950,-560
1.5119,2065,1912,950,-560
1.5123,2065,1913,950,-568
1.5126,2065,1913,950,-568
1.5130,2065,1913,950,-568
1.5134,2065,1914,950,-580
1.5137,2065,1914,950,-580
1.5141,2065,1916,950,-580
1.5145,2065,1916,950,-580
1.5149,2065,1916,950,-580
1.5153,2065,1917,950,-588
1.5156,2065,1917,950,-588
1.5160,2065,1917,950,-588
1.5164,2065,1919,950,-588
1.5167,2065,1919,950,-588
1.5171,2065,1920,950,-596
1.5175,2065,1920,950,-596
1.5179,2065,1920,950,-596
1.5183,2065,1922,950,-596
1.5187,2065,1922,950,-596
1.5191,2065,1923,950,-604
1.5195,2065,1923,950,-604
1.5200,2085,1924,950,-612
1.5207,2085,1924,950,-612
1.5212,2085,1926,1350,-612
1.5215,2085,1926,1350,-612
1.5220,2085,1926,1350,-612
1.5224,2085,1928,1350,-612
1.5228,2085,1928,1350,-612
1.5232,2085,1929,1350,-620
1.5235,2085,1929,1350,-620
1.5240,2085,1929,1350,-620
1.5243,2085,1931,1350,-620
1.5247,2085,1931,1350,-620
1.5251,2085,1933,1350,-620
1.5256,2085,1933,1350,-620
1.5259,2085,1933,1350,-620
1.5263,2085,1935,1350,-620
1.5267,2085,1935,1350,-620
1.5271,2085,1936,1350,-628
1.5275,2085,1936,1350,-628
1.5280,2085,1936,1350,-628
1.5284,2085,1938,1350,-628
1.5288,2085,1938,1350,-628
1.5293,2085,1940,1350,-628
1.5297,2085,1940,1350,-628
1.5301,2106,1941,1350,-636
1.5310,2106,1941,1350,-636
1.5314,2106,1943,1350,-636
1.5318,2106,1943,1350,-636
1.5321,2106,1945,1350,-636
1.5325,2106,1945,1350,-636
1.5329,2106,1945,1350,-636
1.5333,2106,1947,1350,-596
1.5337,2106,1947,1350,-596
1.5341,2106,1949,1350,-604
1.5346,2106,1949,1350,-604
1.5349,2106,1949,1350,-604
1.5353,2106,1950,1350,-612
1.5357,2106,1950,1350,-612
1.5360,2106,1952,1350,-612
1.5364,2106,1952,1350,-612
1.5368,2106,1952,1350,-612
1.5371,2106,1954,1350,-612
1.5375,2106,1954,1350,-612
1.5378,2106,1954,1350,-612
1.5383,2106,1956,1350,-612
1.5386,2106,1956,1350,-612
1.5390,2106,1958,1350,-612
1.5394,2106,1958,1350,-612
1.5398,2106,1958,1350,-612
1.5402,2126,1960,1350,-612
1.5409,2126,1960,1350,-612
1.5413,2126,1962,1800,-612
1.5417,2126,1962,1800,-612
1.5421,2126,1964,1800,-612
1.5425,2126,1964,1800,-612
1.5430,2126,1966,1800,-612
1.5435,2126,1966,1800,-612
1.5439,2126,1966,1800,-612
1.5443,2126,1968,1800,-612
1.5447,2126,1968,1800,-612
1.5451,2126,1970,1800,-612
1.5454,2126,1970,1800,-612
1.5458,2126,1970,1800,-612
1.5463,2126,1972,1800,-612
1.5467,2126,1972,1800,-612
1.5470,2126,1974,1800,-612
1.5474,2126,1974,1800,-612
1.5478,2126,1974,1800,-612
1.5483,2126,1976,1800,-612
1.5486,2126,1976,1800,-612
1.5490,2126,1978,1800,-612
1.5494,2126,1978,1800,-612
1.5498,2126,1978,1800,-612
1.5501,2144,1979,1800,-620
1.5509,2144,1979,1800,-620
1.5513,2144,1981,1800,-620
1.5517,2144,1981,1800,-620
1.5521,2144,1983,1800,-620
1.5524,2144,1983,1800,-620
1.5528,2144,1983,1800,-620
1.5533,2144,1985,1800,-604
1.5537,2144,1985,1800,-604
1.5541,2144,1988,1800,-596
1.5544,2144,1988,1800,-596
1.5548,2144,1988,1800,-596
1.5552,2144,1990,1800,-604
1.5555,2144,1990,1800,-604
1.5559,2144,1990,1800,-604
1.5563,2144,1992,1800,-604
1.5567,2144,1992,1800,-604
1.5571,2144,1994,1800,-604
1.5574,2144,1994,1800,-604
1.5578,2144,1994,1800,-604
1.5582,2144,1995,1800,-612
1.5586,2144,1995,1800,-612
1.5590,2144,1997,1800,-604
1.5593,2144,1997,1800,-604
1.5597,2144,1997,1800,-604
1.5601,2160,1999,1800,-604
1.5608,2160,1999,1800,-604
1.5611,2160,2001,1950,-604
1.5615,2160,2001,1950,-604
1.5619,2160,2004,1950,-596
1.5623,2160,2004,1950,-596
1.5627,2160,2004,1950,-596
1.5631,2160,2006,1950,-596
1.5635,2160,2006,1950,-596
1.5639,2160,2008,1950,-596
1.5643,2160,2008,1950,-596
1.5648,2160,2008,1950,-596
1.5653,2160,2010,1950,-596
1.5657,2160,2010,1950,-596
1.5661,2160,2012,1950,-596
1.5666,2160,2012,1950,-596
1.5669,2160,2014,1950,-596
1.5673,2160,2014,1950,-596
1.5677,2160,2014,1950,-596
1.5681,2160,2016,1950,-596
1.5685,2160,2016,1950,-596
1.5688,2160,2016,1950,-596
1.5693,2160,2018,1950,-596
1.5697,2160,2018,1950,-596
1.5700,2175,2020,1950,-596
1.5707,2175,2020,1950,-596
1.5711,2175,2022,1950,-596
1.5715,2175,2022,1950,-596
1.5719,2175,2024,1950,-596
1.5723,2175,2024,1950,-596
1.5727,2175,2024,1950,-596
1.5730,2175,2026,1950,-580
1.5734,2175,2026,1950,-580
1.5738,2175,2026,1950,-580
1.5743,2175,2028,1950,-580
1.5746,2175,2028,1950,-580
1.5750,2175,2030,1950,-580
1.5754,2175,2030,1950,-580
1.5758,2175,2030,1950,-580
1.5762,2175,2032,1950,-580
1.5765,2175,2032,1950,-580
1.5769,2175,2034,1950,-580
1.5773,2175,2034,1950,-580
1.5777,2175,2034,1950,-580
1.5781,2175,2037,1950,-564
1.5784,2175,2037,1950,-564
1.5788,2175,2039,1950,-564
1.5793,2175,2039,1950,-564
1.5797,2175,2039,1950,-564
1.5800,2187,2041,1950,-564
1.5807,2187,2041,1950,-564
1.5811,2187,2043,2100,-564
1.5816,2187,2043,2100,-564
1.5819,2187,2045,2100,-564
1.5823,2187,2045,2100,-564
1.5827,2187,2045,2100,-564
1.5831,2187,2047,2100,-564
1.5835,2187,2047,2100,-564
1.5839,2187,2049,2100,-564
1.5843,2187,2049,2100,-564
1.5846,2187,2049,2100,-564
1.5850,2187,2051,2100,-564
1.5855,2187,2051,2100,-564
1.5859,2187,2053,2100,-556
1.5863,2187,2053,2100,-556
1.5868,2187,2055,2100,-556
1.5873,2187,2055,2100,-556
1.5877,2187,2055,2100,-556
1.5880,2187,2058,2100,-548
1.5884,2187,2058,2100,-548
1.5888,2187,2058,2100,-548
1.5891,2187,2060,2100,-548
1.5895,2187,2060,2100,-548
1.5899,2187,2062,2100,-540
1.5903,2198,2062,2100,-540
1.5910,2198,2064,2100,-540
1.5914,2198,2064,2100,-540
1.5918,2198,2066,2100,-540
1.5921,2198,2066,2100,-540
1.5925,2198,2066,2100,-540
1.5929,2198,2068,2100,-524
1.5933,2198,2068,2100,-524
1.5937,2198,2068,2100,-524
1.5940,2198,2070,2100,-516
1.5944,2198,2070,2100,-516
1.5948,2198,2072,2100,-516
1.5953,2198,2072,2100,-516
1.5957,2198,2072,2100,-516
1.5960,2198,2074,2100,-516
1.5964,2198,2074,2100,-516
1.5968,2198,2076,2100,-516
1.5971,2198,2076,2100,-516
1.5975,2198,2076,2100,-516
1.5979,2198,2078,2100,-508
1.5983,2198,2078,2100,-508
1.5987,2198,2078,2100,-508
1.5990,2198,2080,2100,-508
1.5994,2198,2080,2100,-508
1.5997,2198,2082,2100,-500
1.6001,2205,2082,2100,-500
1.6008,2205,2084,2050,-500
1.6013,2205,2084,2050,-500
1.6016,2205,2084,2050,-500
1.6020,2205,2086,2050,-500
1.6024,2205,2086,2050,-500
1.6027,2205,2088,2050,-500
1.6031,2205,2088,2050,-500
1.6035,2205,2088,2050,-500
1.6039,2205,2090,2050,-492
1.6043,2205,2090,2050,-492
1.6047,2205,2090,2050,-492
1.6052,2205,2092,2050,-492
1.6056,2205,2092,2050,-492
1.6060,2205,2094,2050,-484
1.6064,2205,2094,2050,-484
1.6076,2205,2096,2050,-484
1.6084,2205,2098,2050,-484
1.6089,2205,2100,2050,-476
1.6093,2205,2100,2050,-476
1.6097,2205,2102,2050,-476
1.6102,2211,2102,2050,-476
1.6110,2211,2104,2050,-468
1.6114,2211,2104,2050,-468
1.6118,2211,2106,2050,-468
1.6123,2211,2106,2050,-468
1.6127,2211,2106,2050,-468
1.6131,2211,2107,2050,-460
1.6134,2211,2107,2050,-460
1.6138,2211,2109,2050,-460
1.6143,2211,2109,2050,-460
1.6147,2211,2111,2050,-452
1.6151,2211,2111,2050,-452
1.6155,2211,2111,2050,-452
1.6158,2211,2113,2050,-452
1.6163,2211,2113,2050,-452
1.6167,2211,2115,2050,-444
1.6170,2211,2115,2050,-444
1.6174,2211,2115,2050,-444
1.6178,2211,2117,2050,-436
1.6182,2211,2117,2050,-436
1.6185,2211,2117,2050,-436
1.6189,2211,2118,2050,-444
1.6193,2211,2118,2050,-444
1.6197,2211,2120,2050,-436
1.6201,2213,2120,2050,-436
1.6209,2213,2122,1900,-428
1.6213,2213,2122,1900,-428
1.6217,2213,2124,1900,-428
1.6221,2213,2124,1900,-428
1.6225,2213,2124,1900,-428
1.6229,2213,2126,1900,-420
1.6233,2213,2126,1900,-420
1.6236,2213,2126,1900,-420
1.6240,2213,2128,1900,-412
1.6243,2213,2128,1900,-412
1.6247,2213,2130,1900,-404
1.6251,2213,2130,1900,-404
1.6256,2213,2130,1900,-404
1.6260,2213,2131,1900,-412
1.6264,2213,2131,1900,-412
1.6267,2213,2133,1900,-404
1.6273,2213,2133,1900,-404
1.6277,2213,2135,1900,-396
1.6281,2213,2135,1900,-396
1.6285,2213,2135,1900,-396
1.6289,2213,2137,1900,-388
1.6293,2213,2137,1900,-388
1.6297,2213,2139,1900,-380
1.6301,2213,2139,1900,-380
1.6308,2213,2140,1900,-380
1.6313,2213,2140,1900,-380
1.6317,2213,2142,1900,-372
1.6321,2213,2142,1900,-372
1.6326,2213,2144,1900,-344
1.6330,2213,2144,1900,-344
1.6334,2213,2144,1900,-344
1.6338,2213,2146,1900,-336
1.6342,2213,2146,1900,-336
1.6346,2213,2147,1900,-336
1.6350,2213,2147,1900,-336
1.6354,2213,2147,1900,-336
1.6357,2213,2149,1900,-328
1.6361,2213,2149,1900,-328
1.6365,2213,2149,1900,-328
1.6369,2213,2151,1900,-320
1.6373,2213,2151,1900,-320
1.6376,2213,2152,1900,-320
1.6380,2213,2152,1900,-320
1.6384,2213,2152,1900,-320
1.6388,2213,2154,1900,-312
1.6392,2213,2154,1900,-312
1.6396,2213,2155,1900,-312
1.6399,2213,2155,1900,-312
1.6403,2211,2157,1750,-304
1.6410,2211,2157,1750,-304
1.6414,2211,2157,1750,-304
1.6418,2211,2159,1750,-296
1.6421,2211,2159,1750,-296
1.6425,2211,2159,1750,-296
1.6429,2211,2160,1750,-288
1.6433,2211,2160,1750,-288
1.6437,2211,2162,1750,-280
1.6440,2211,2162,1750,-280
1.6444,2211,2162,1750,-280
1.6448,2211,2163,1750,-280
1.6451,2211,2163,1750,-280
1.6456,2211,2165,1750,-272
1.6459,2211,2165,1750,-272
1.6463,2211,2165,1750,-272
1.6467,2211,2167,1750,-256
1.6470,2211,2167,1750,-256
1.6474,2211,2167,1750,-256
1.6478,2211,2168,1750,-256
1.6482,2211,2168,1750,-256
1.6485,2211,2169,1750,-256
1.6490,2211,2169,1750,-256
1.6494,2211,2169,1750,-256
1.6497,2211,2171,1750,-240
1.6501,2205,2171,1750,-240
1.6508,2205,2172,1750,-240
1.6512,2205,2172,1750,-240
1.6515,2205,2174,1750,-224
1.6519,2205,2174,1750,-224
1.6523,2205,2174,1750,-224
1.6526,2205,2175,1750,-212
1.6530,2205,2175,1750,-212
1.6534,2205,2175,1750,-212
1.6538,2205,2176,1750,-204
1.6542,2205,2176,1750,-204
1.6545,2205,2178,1750,-196
1.6549,2205,2178,1750,-196
1.6553,2205,2178,1750,-196
1.6557,2205,2179,1750,-188
1.6561,2205,2179,1750,-188
1.6565,2205,2179,1750,-188
1.6569,2205,2181,1750,-180
1.6573,2205,2181,1750,-180
1.6577,2205,2182,1750,-172
1.6581,2205,2182,1750,-172
1.6585,2205,2182,1750,-172
1.6588,2205,2183,1750,-172
1.6593,2205,2183,1750,-172
1.6597,2205,2184,1750,-164
1.6600,2197,2184,1750,-164
1.6607,2197,2185,1400,-156
1.6611,2197,2185,1400,-156
1.6615,2197,2185,1400,-156
1.6619,2197,2187,1400,-148
1.6623,2197,2187,1400,-148
1.6627,2197,2188,1400,-140
1.6630,2197,2188,1400,-140
1.6634,2197,2188,1400,-140
1.6637,2197,2189,1400,-132
1.6641,2197,2189,1400,-132
1.6644,2197,2189,1400,-132
1.6648,2197,2190,1400,-124
1.6652,2197,2190,1400,-124
1.6656,2197,2191,1400,-124
1.6660,2197,2191,1400,-124
1.6663,2197,2191,1400,-124
1.6667,2197,2192,1400,-116
1.6671,2197,2192,1400,-116
1.6674,2197,2192,1400,-116
1.6678,2197,2193,1400,-108
1.6681,2197,2193,1400,-108
1.6685,2197,2195,1400,-92
1.6689,2197,2195,1400,-92
1.6693,2197,2195,1400,-92
1.6697,2197,2196,1400,-84
1.6700,2187,2196,1400,-84
1.6708,2187,2196,1400,-84
1.6711,2187,2196,1400,-84
1.6715,2187,2197,1400,-76
1.6719,2187,2197,1400,-76
1.6723,2187,2197,1400,-76
1.6726,2187,2198,1400,-56
1.6730,2187,2198,1400,-56
1.6733,2187,2198,1400,-56
1.6737,2187,2199,1400,-48
1.6741,2187,2199,1400,-48
1.6744,2187,2199,1400,-48
1.6748,2187,2200,1400,-40
1.6755,2187,2201,1400,-32
1.6760,2187,2201,1400,-32
1.6763,2187,2201,1400,-32
1.6767,2187,2202,1400,-24
1.6771,2187,2202,1400,-24
1.6774,2187,2203,1400,0
1.6778,2187,2203,1400,0
1.6781,2187,2203,1400,0
1.6785,2187,2204,1400,32
1.6789,2187,2204,1400,32
1.6793,2187,2204,1400,32
1.6796,2187,2205,1400,40
1.6800,2174,2205,1400,40
1.6807,2174,2205,1000,40
1.6811,2174,2205,1000,40
1.6815,2174,2206,1000,48
1.6818,2174,2206,1000,48
1.6822,2174,2206,1000,48
1.6825,2174,2207,1000,64
1.6829,2174,2207,1000,64
1.6833,2174,2207,1000,64
1.6836,2174,2207,1000,64
1.6840,2174,2207,1000,64
1.6843,2174,2207,1000,64
1.6847,2174,2208,1000,72
1.6851,2174,2208,1000,72
1.6854,2174,2209,1000,88
1.6858,2174,2209,1000,88
1.6861,2174,2209,1000,88
1.6865,2174,2209,1000,88
1.6869,2174,2209,1000,88
1.6873,2174,2209,1000,88
1.6876,2174,2209,1000,88
1.6880,2174,2209,1000,88
1.6884,2174,2210,1000,88
1.6887,2174,2210,1000,88
1.6891,2174,2210,1000,88
1.6895,2174,2210,1000,96
1.6899,2174,2210,1000,96
1.6903,2159,2211,1000,104
1.6910,2159,2211,1000,104
1.6914,2159,2211,1000,112
1.6917,2159,2211,1000,112
1.6921,2159,2211,1000,112
1.6925,2159,2211,1000,108
1.6928,2159,2211,1000,108
1.6933,2159,2211,1000,108
1.6936,2159,2211,1000,116
1.6940,2159,2211,1000,116
1.6944,2159,2211,1000,116
1.6948,2159,2211,1000,116
1.6953,2159,2211,1000,116
1.6956,2159,2212,1000,132
1.6960,2159,2212,1000,132
1.6964,2159,2212,1000,140
1.6967,2159,2212,1000,140
1.6971,2159,2212,1000,140
1.6976,2159,2212,1000,140
1.6980,2159,2212,1000,140
1.6984,2159,2212,1000,148
1.6988,2159,2212,1000,148
1.6992,2159,2212,1000,148
1.6996,2159,2212,1000,156
1.6999,2159,2212,1000,156
1.7003,2143,2212,350,164
1.7010,2143,2212,350,164
1.7013,2143,2212,350,164
1.7017,2143,2212,350,164
1.7021,2143,2212,350,164
1.7024,2143,2212,350,172
1.7028,2143,2212,350,172
1.7031,2143,2212,350,172
1.7035,2143,2212,350,180
1.7039,2143,2212,350,180
1.7043,2143,2212,350,180
1.7046,2143,2212,350,188
1.7050,2143,2212,350,188
1.7054,2143,2212,350,196
1.7058,2143,2212,350,196
1.7061,2143,2212,350,196
1.7065,2143,2212,350,204
1.7069,2143,2212,350,204
1.7073,2143,2212,350,204
1.7076,2143,2212,350,212
1.7080,2143,2212,350,212
1.7084,2143,2212,350,220
1.7087,2143,2212,350,220
1.7091,2143,2212,350,220
1.7094,2143,2212,350,228
1.7098,2143,2212,350,228
1.7101,2125,2212,350,236
1.7108,2125,2212,350,236
1.7113,2125,2212,350,244
1.7116,2125,2212,350,244
1.7120,2125,2212,350,244
1.7123,2125,2212,350,256
1.7127,2125,2212,350,256
1.7131,2125,2212,350,256
1.7134,2125,2212,350,264
1.7138,2125,2212,350,264
1.7141,2125,2212,350,264
1.7145,2125,2212,350,272
1.7149,2125,2212,350,272
1.7153,2125,2212,350,280
1.7156,2125,2212,350,280
1.7160,2125,2212,350,280
1.7163,2125,2212,350,288
1.7167,2125,2212,350,288
1.7171,2125,2212,350,288
1.7175,2125,2212,350,296
1.7178,2125,2212,350,296
1.7183,2125,2212,350,312
1.7187,2125,2212,350,312
1.7191,2125,2212,350,312
1.7194,2125,2212,350,320
1.7198,2125,2212,350,320
1.7201,2106,2211,-50,320
1.7209,2106,2211,-50,320
1.7213,2106,2210,-50,320
1.7216,2106,2210,-50,320
1.7220,2106,2210,-50,320
1.7224,2106,2210,-50,336
1.7227,2106,2210,-50,336
1.7231,2106,2210,-50,336
1.7234,2106,2209,-50,336
1.7238,2106,2209,-50,336
1.7242,2106,2209,-50,336
1.7246,2106,2209,-50,344
1.7249,2106,2209,-50,344
1.7253,2106,2208,-50,352
1.7256,2106,2208,-50,352
1.7260,2106,2208,-50,352
1.7264,2106,2207,-50,352
1.7268,2106,2207,-50,352
1.7271,2106,2207,-50,352
1.7275,2106,2207,-50,368
1.7279,2106,2207,-50,368
1.7283,2106,2206,-50,368
1.7287,2106,2206,-50,368
1.7291,2106,2206,-50,368
1.7294,2106,2205,-50,376
1.7298,2106,2205,-50,376
1.7302,2085,2205,-50,384
1.7309,2085,2205,-50,384
1.7313,2085,2204,-50,392
1.7316,2085,2204,-50,392
1.7320,2085,2204,-50,392
1.7324,2085,2203,-50,388
1.7328,2085,2203,-50,388
1.7332,2085,2202,-50,396
1.7335,2085,2202,-50,396
1.7339,2085,2202,-50,396
1.7343,2085,2201,-50,404
1.7347,2085,2201,-50,404
1.7350,2085,2201,-50,404
1.7354,2085,2200,-50,404
1.7358,2085,2200,-50,404
1.7362,2085,2200,-50,420
1.7365,2085,2200,-50,420
1.7369,2085,2200,-50,420
1.7373,2085,2198,-50,420
1.7377,2085,2198,-50,420
1.7380,2085,2198,-50,420
1.7384,2085,2198,-50,428
1.7388,2085,2198,-50,428
1.7392,2085,2197,-50,436
1.7396,2085,2197,-50,436
1.7399,2085,2197,-50,436
1.7403,2064,2196,-750,444
1.7410,2064,2196,-750,444
1.7414,2064,2195,-750,452
1.7417,2064,2195,-750,452
1.7421,2064,2195,-750,452
1.7425,2064,2194,-750,452
1.7428,2064,2194,-750,452
1.7432,2064,2193,-750,460
1.7435,2064,2193,-750,460
1.7439,2064,2193,-750,460
1.7443,2064,2192,-750,468
1.7446,2064,2192,-750,468
1.7450,2064,2192,-750,468
1.7453,2064,2191,-750,476
1.7457,2064,2191,-750,476
1.7461,2064,2191,-750,476
1.7464,2064,2190,-750,484
1.7468,2064,2190,-750,484
1.7472,2064,2189,-750,492
1.7475,2064,2189,-750,492
1.7479,2064,2189,-750,492
1.7483,2064,2187,-750,492
1.7486,2064,2187,-750,492
1.7490,2064,2187,-750,492
1.7494,2064,2186,-750,500
1.7497,2064,2186,-750,500
1.7501,2043,2185,-750,508
1.7508,2043,2185,-750,508
1.7512,2043,2184,-750,516
1.7516,2043,2184,-750,516
1.7519,2043,2184,-750,516
1.7523,2043,2183,-750,524
1.7527,2043,2183,-750,524
1.7530,2043,2183,-750,524
1.7534,2043,2182,-750,532
1.7537,2043,2182,-750,532
1.7541,2043,2180,-750,524
1.7545,2043,2180,-750,524
1.7549,2043,2180,-750,524
1.7553,2043,2179,-750,532
1.7556,2043,2179,-750,532
1.7560,2043,2179,-750,532
1.7564,2043,2177,-750,540
1.7567,2043,2177,-750,540
1.7571,2043,2176,-750,548
1.7575,2043,2176,-750,548
1.7578,2043,2176,-750,548
1.7583,2043,2175,-750,556
1.7586,2043,2175,-750,556
1.7590,2043,2175,-750,556
1.7594,2043,2174,-750,556
1.7598,2043,2174,-750,556
1.7602,2021,2172,-1200,556
1.7611,2021,2171,-1200,564
1.7615,2021,2171,-1200,564
1.7619,2021,2171,-1200,564
1.7623,2021,2169,-1200,564
1.7626,2021,2169,-1200,564
1.7630,2021,2169,-1200,564
1.7634,2021,2168,-1200,572
1.7637,2021,2168,-1200,572
1.7641,2021,2166,-1200,572
1.7645,2021,2166,-1200,572
1.7648,2021,2166,-1200,572
1.7653,2021,2165,-1200,580
1.7656,2021,2165,-1200,580
1.7660,2021,2165,-1200,580
1.7664,2021,2163,-1200,580
1.7668,2021,2163,-1200,580
1.7671,2021,2162,-1200,588
1.7675,2021,2162,-1200,588
1.7679,2021,2162,-1200,588
1.7683,2021,2160,-1200,588
1.7686,2021,2160,-1200,588
1.7690,2021,2159,-1200,596
1.7694,2021,2159,-1200,596
1.7698,2021,2159,-1200,596
1.7701,2000,2157,-1200,596
1.7708,2000,2157,-1200,596
1.7713,2000,2156,-1200,604
1.7716,2000,2156,-1200,604
1.7720,2000,2154,-1200,576
1.7724,2000,2154,-1200,576
1.7727,2000,2154,-1200,576
1.7731,2000,2152,-1200,576
1.7735,2000,2152,-1200,576
1.7738,2000,2152,-1200,576
1.7743,2000,2151,-1200,584
1.7746,2000,2151,-1200,584
1.7750,2000,2149,-1200,584
1.7753,2000,2149,-1200,584
1.7757,2000,2149,-1200,584
1.7761,2000,2147,-1200,584
1.7764,2000,2147,-1200,584
1.7768,2000,2147,-1200,584
1.7771,2000,2145,-1200,584
1.7775,2000,2145,-1200,584
1.7779,2000,2145,-1200,584
1.7783,2000,2143,-1200,584
1.7786,2000,2143,-1200,584
1.7790,2000,2142,-1200,592
1.7793,2000,2142,-1200,592
1.7797,2000,2142,-1200,592
1.7801,1980,2140,-1600,592
1.7811,1980,2138,-1600,592
1.7816,1980,2138,-1600,592
1.7820,1980,2136,-1600,592
1.7824,1980,2136,-1600,592
1.7827,1980,2136,-1600,592
1.7831,1980,2135,-1600,600
1.7834,1980,2135,-1600,600
1.7838,1980,2135,-1600,600
1.7841,1980,2133,-1600,600
1.7845,1980,2133,-1600,600
1.7849,1980,2133,-1600,600
1.7853,1980,2131,-1600,600
1.7856,1980,2131,-1600,600
1.7860,1980,2129,-1600,600
1.7863,1980,2129,-1600,600
1.7867,1980,2129,-1600,600
1.7871,1980,2127,-1600,600
1.7875,1980,2127,-1600,600
1.7879,1980,2127,-1600,600
1.7883,1980,2125,-1600,600
1.7886,1980,2125,-1600,600
1.7890,1980,2124,-1600,608
1.7894,1980,2124,-1600,608
1.7897,1980,2124,-1600,608
1.7901,1961,2122,-1600,608
1.7908,1961,2122,-1600,608
1.7912,1961,2120,-1600,608
1.7915,1961,2120,-1600,608
1.7919,1961,2118,-1600,584
1.7923,1961,2118,-1600,584
1.7927,1961,2118,-1600,584
1.7931,1961,2116,-1600,584
1.7934,1961,2116,-1600,584
1.7938,1961,2116,-1600,584
1.7942,1961,2114,-1600,584
1.7946,1961,2114,-1600,584
1.7949,1961,2112,-1600,584
1.7953,1961,2112,-1600,584
1.7957,1961,2112,-1600,584
1.7960,1961,2110,-1600,584
1.7964,1961,2110,-1600,584
1.7967,1961,2110,-1600,584
1.7971,1961,2108,-1600,584
1.7974,1961,2108,-1600,584
1.7978,1961,2108,-1600,584
1.7982,1961,2106,-1600,584
1.7985,1961,2106,-1600,584
1.7989,1961,2105,-1600,592
1.7993,1961,2105,-1600,592
1.7997,1961,2105,-1600,592
1.8000,1943,2103,-1850,592
1.8007,1943,2103,-1850,592
1.8011,1943,2101,-1850,592
1.8014,1943,2101,-1850,592
1.8018,1943,2101,-1850,592
1.8023,1943,2099,-1850,592
1.8027,1943,2099,-1850,592
1.8031,1943,2097,-1850,592
1.8035,1943,2097,-1850,592
1.8039,1943,2095,-1850,592
1.8043,1943,2095,-1850,592
1.8047,1943,2095,-1850,592
1.8050,1943,2093,-1850,592
1.8054,1943,2093,-1850,592
1.8057,1943,2093,-1850,592
1.8061,1943,2091,-1850,592
1.8064,1943,2091,-1850,592
1.8068,1943,2091,-1850,592
1.8072,1943,2089,-1850,592
1.8075,1943,2089,-1850,592
1.8079,1943,2087,-1850,592
1.8083,1943,2087,-1850,592
1.8087,1943,2087,-1850,592
1.8090,1943,2085,-1850,592
1.8094,1943,2085,-1850,592
1.8097,1943,2085,-1850,592
1.8101,1926,2083,-1850,592
1.8108,1926,2083,-1850,592
1.8111,1926,2081,-1850,592
1.8115,1926,2081,-1850,592
1.8119,1926,2079,-1850,580
1.8123,1926,2079,-1850,580
1.8126,1926,2079,-1850,580
1.8130,1926,2077,-1850,580
1.8134,1926,2077,-1850,580
1.8138,1926,2077,-1850,580
1.8141,1926,2075,-1850,580
1.8145,1926,2075,-1850,580
1.8149,1926,2073,-1850,580
1.8153,1926,2073,-1850,580
1.8156,1926,2073,-1850,580
1.8160,1926,2071,-1850,580
1.8164,1926,2071,-1850,580
1.8167,1926,2071,-1850,580
1.8171,1926,2069,-1850,580
1.8175,1926,2069,-1850,580
1.8179,1926,2066,-1850,572
1.8183,1926,2066,-1850,572
1.8186,1926,2066,-1850,572
1.8190,1926,2065,-1850,580
1.8194,1926,2065,-1850,580
1.8198,1926,2065,-2000,580
1.8202,1911,2063,-2000,580
1.8209,1911,2061,-2000,580
1.8214,1911,2061,-2000,580
1.8218,1911,2061,-2000,580
1.8221,1911,2058,-2000,572
1.8226,1911,2056,-2000,564
1.8239,1911,2054,-2000,564
1.8243,1911,2054,-2000,564
1.8247,1911,2054,-2000,564
1.8250,1911,2052,-2000,564
1.8254,1911,2052,-2000,564
1.8258,1911,2050,-2000,564
1.8261,1911,2050,-2000,564
1.8265,1911,2050,-2000,564
1.8269,1911,2048,-2000,564
1.8273,1911,2048,-2000,564
1.8276,1911,2048,-2000,564
1.8280,1911,2046,-2000,564
1.8284,1911,2046,-2000,564
1.8288,1911,2044,-2000,564
1.8292,1911,2044,-2000,564
1.8296,1911,2044,-2000,564
1.8299,1911,2042,-2000,564
1.8303,1899,2042,-2000,564
1.8310,1899,2040,-2000,564
1.8313,1899,2040,-2000,564
1.8317,1899,2038,-2000,540
1.8321,1899,2038,-2000,540
1.8325,1899,2038,-2000,540
1.8328,1899,2036,-2000,540
1.8333,1899,2036,-2000,540
1.8337,1899,2036,-2000,540
1.8341,1899,2034,-2000,540
1.8345,1899,2034,-2000,540
1.8349,1899,2032,-2000,540
1.8353,1899,2032,-2000,540
1.8357,1899,2032,-2000,540
1.8360,1899,2030,-2000,540
1.8364,1899,2030,-2000,540
1.8368,1899,2028,-2000,540
1.8372,1899,2028,-2000,540
1.8376,1899,2028,-2000,540
1.8380,1899,2026,-2000,532
1.8383,1899,2026,-2000,532
1.8387,1899,2024,-2000,532
1.8391,1899,2024,-2000,532
1.8396,1899,2024,-2000,532
1.8399,1899,2022,-2050,532
1.8403,1888,2022,-2050,532
1.8410,1888,2020,-2050,532
1.8414,1888,2020,-2050,532
1.8418,1888,2018,-2050,524
1.8421,1888,2018,-2050,524
1.8425,1888,2018,-2050,524
1.8429,1888,2015,-2050,516
1.8433,1888,2015,-2050,516
1.8437,1888,2014,-2050,524
1.8442,1888,2014,-2050,524
1.8447,1888,2012,-2050,524
1.8451,1888,2012,-2050,524
1.8455,1888,2012,-2050,524
1.8459,1888,2010,-2050,516
1.8463,1888,2010,-2050,516
1.8467,1888,2008,-2050,516
1.8471,1888,2008,-2050,516
1.8474,1888,2008,-2050,516
1.8478,1888,2006,-2050,516
1.8483,1888,2006,-2050,516
1.8486,1888,2004,-2050,508
1.8490,1888,2004,-2050,508
1.8494,1888,2004,-2050,508
1.8498,1888,2002,-2050,508
1.8501,1881,2002,-2050,508
1.8509,1881,2000,-2050,508
1.8513,1881,2000,-2050,508
1.8516,1881,1998,-2050,492
1.8520,1881,1998,-2050,492
1.8524,1881,1998,-2050,492
1.8527,1881,1996,-2050,492
1.8531,1881,1996,-2050,492
1.8535,1881,1996,-2050,492
1.8538,1881,1994,-2050,484
1.8543,1881,1994,-2050,484
1.8546,1881,1992,-2050,484
1.8551,1881,1992,-2050,484
1.8554,1881,1992,-2050,484
1.8558,1881,1990,-2050,484
1.8562,1881,1990,-2050,484
1.8565,1881,1990,-2050,484
1.8569,1881,1989,-2050,484
1.8573,1881,1989,-2050,484
1.8577,1881,1987,-2050,484
1.8581,1881,1987,-2050,484
1.8585,1881,1987,-2050,484
1.8589,1881,1985,-2050,476
1.8593,1881,1985,-2050,476
1.8597,1881,1983,-1950,476
1.8601,1875,1983,-1950,476
1.8608,1875,1981,-1950,468
1.8613,1875,1981,-1950,468
1.8617,1875,1979,-1950,468
1.8620,1875,1979,-1950,468
1.8624,1875,1979,-1950,468
1.8628,1875,1978,-1950,468
1.8632,1875,1978,-1950,468
1.8636,1875,1976,-1950,468
1.8643,1875,1976,-1950,468
1.8648,1875,1973,-1950,452
1.8652,1875,1973,-1950,452
1.8656,1875,1972,-1950,452
1.8661,1875,1972,-1950,452
1.8665,1875,1972,-1950,452
1.8669,1875,1970,-1950,452
1.8673,1875,1970,-1950,452
1.8677,1875,1968,-1950,444
1.8681,1875,1968,-1950,444
1.8685,1875,1966,-1950,444
1.8689,1875,1966,-1950,444
1.8693,1875,1966,-1950,444
1.8697,1875,1965,-1950,444
1.8701,1873,1965,-1950,444
1.8709,1873,1963,-1950,436
1.8713,1873,1963,-1950,436
1.8717,1873,1961,-1950,416
1.8720,1873,1961,-1950,416
1.8724,1873,1961,-1950,416
1.8728,1873,1959,-1950,416
1.8733,1873,1959,-1950,416
1.8737,1873,1957,-1950,408
1.8740,1873,1957,-1950,408
1.8744,1873,1957,-1950,408
1.8748,1873,1955,-1950,400
1.8753,1873,1955,-1950,400
1.8756,1873,1954,-1950,408
1.8760,1873,1954,-1950,408
1.8764,1873,1954,-1950,408
1.8768,1873,1952,-1950,400
1.8771,1873,1952,-1950,400
1.8775,1873,1950,-1950,392
1.8779,1873,1950,-1950,392
1.8783,1873,1950,-1950,392
1.8787,1873,1948,-1950,384
1.8791,1873,1948,-1950,384
1.8794,1873,1948,-1950,384
1.8798,1873,1946,-1850,376
1.8802,1873,1946,-1850,376
1.8808,1873,1945,-1850,376
1.8813,1873,1945,-1850,376
1.8817,1873,1943,-1850,368
1.8821,1873,1943,-1850,368
1.8824,1873,1943,-1850,368
1.8828,1873,1941,-1850,360
1.8833,1873,1941,-1850,360
1.8836,1873,1940,-1850,360
1.8840,1873,1940,-1850,360
1.8844,1873,1940,-1850,360
1.8848,1873,1938,-1850,352
1.8853,1873,1938,-1850,352
1.8856,1873,1936,-1850,344
1.8860,1873,1936,-1850,344
1.8865,1873,1935,-1850,344
1.8869,1873,1935,-1850,344
1.8873,1873,1935,-1850,344
1.8876,1873,1933,-1850,336
1.8880,1873,1933,-1850,336
1.8884,1873,1933,-1850,336
1.8887,1873,1931,-1850,328
1.8891,1873,1931,-1850,328
1.8895,1873,1930,-1850,328
1.8898,1873,1930,-1850,328
1.8903,1875,1928,-1850,320
1.8911,1875,1928,-1850,320
1.8914,1875,1928,-1850,320
1.8918,1875,1927,-1850,304
1.8922,1875,1927,-1850,304
1.8926,1875,1925,-1850,288
1.8929,1875,1925,-1850,288
1.8933,1875,1925,-1850,288
1.8937,1875,1923,-1850,280
1.8941,1875,1923,-1850,280
1.8945,1875,1922,-1850,280
1.8948,1875,1922,-1850,280
1.8953,1875,1922,-1850,280
1.8956,1875,1920,-1850,272
1.8960,1875,1920,-1850,272
1.8964,1875,1920,-1850,272
1.8968,1875,1919,-1850,264
1.8971,1875,1919,-1850,264
1.8975,1875,1917,-1850,256
1.8979,1875,1917,-1850,256
1.8983,1875,1917,-1850,256
1.8987,1875,1916,-1850,256
1.8991,1875,1916,-1850,256
1.8995,1875,1914,-1600,240
1.8999,1875,1914,-1600,240
1.9003,1881,1913,-1600,240
1.9010,1881,1913,-1600,240
1.9014,1881,1912,-1600,232
1.9018,1881,1912,-1600,232
1.9022,1881,1912,-1600,232
1.9025,1881,1910,-1600,224
1.9029,1881,1910,-1600,224
1.9033,1881,1910,-1600,224
1.9037,1881,1909,-1600,216
1.9040,1881,1909,-1600,216
1.9044,1881,1908,-1600,216
1.9048,1881,1908,-1600,216
1.9052,1881,1908,-1600,216
1.9055,1881,1907,-1600,208
1.9060,1881,1907,-1600,208
1.9065,1881,1905,-1600,200
1.9069,1881,1905,-1600,200
1.9073,1881,1905,-1600,200
1.9076,1881,1904,-1600,192
1.9080,1881,1904,-1600,192
1.9084,1881,1902,-1600,176
1.9088,1881,1902,-1600,176
1.9093,1881,1902,-1600,176
1.9097,1881,1901,-1600,176
1.9101,1889,1900,-1600,168
1.9108,1889,1900,-1600,168
1.9113,1889,1900,-1600,168
1.9116,1889,1899,-1600,136
1.9120,1889,1899,-1600,136
1.9124,1889,1897,-1600,128
1.9128,1889,1897,-1600,128
1.9132,1889,1897,-1600,128
1.9136,1889,1896,-1600,120
1.9140,1889,1896,-1600,120
1.9144,1889,1895,-1600,112
1.9148,1889,1895,-1600,112
1.9151,1889,1895,-1600,112
1.9155,1889,1894,-1600,104
1.9159,1889,1894,-1600,104
1.9163,1889,1894,-1600,104
1.9166,1889,1893,-1600,104
1.9170,1889,1893,-1600,104
1.9174,1889,1892,-1600,96
1.9178,1889,1892,-1600,96
1.9182,1889,1892,-1600,96
1.9185,1889,1891,-1600,88
1.9189,1889,1891,-1600,88
1.9193,1889,1891,-1600,88
1.9197,1889,1890,-1200,80
1.9201,1899,1889,-1200,72
1.9207,1899,1889,-1200,72
1.9211,1899,1889,-1200,72
1.9214,1899,1888,-1200,64
1.9218,1899,1888,-1200,64
1.9222,1899,1888,-1200,64
1.9226,1899,1887,-1200,56
1.9230,1899,1887,-1200,56
1.9233,1899,1886,-1200,48
1.9237,1899,1886,-1200,48
1.9241,1899,1886,-1200,48
1.9245,1899,1885,-1200,40
1.9249,1899,1885,-1200,40
1.9253,1899,1885,-1200,40
1.9257,1899,1884,-1200,32
1.9261,1899,1884,-1200,32
1.9265,1899,1883,-1200,24
1.9269,1899,1883,-1200,24
1.9274,1899,1882,-1200,-24
1.9278,1899,1882,-1200,-24
1.9283,1899,1882,-1200,-24
1.9287,1899,1881,-1200,-32
1.9290,1899,1881,-1200,-32
1.9294,1899,1881,-1200,-32
1.9298,1899,1881,-1200,-32
1.9303,1912,1880,-1200,-40
1.9310,1912,1880,-1200,-40
1.9313,1912,1880,-1200,-52
1.9317,1912,1880,-1200,-52
1.9321,1912,1880,-1200,-52
1.9325,1912,1879,-1200,-60
1.9329,1912,1879,-1200,-60
1.9333,1912,1878,-1200,-68
1.9336,1912,1878,-1200,-68
1.9340,1912,1878,-1200,-68
1.9344,1912,1878,-1200,-76
1.9348,1912,1878,-1200,-76
1.9352,1912,1878,-1200,-76
1.9356,1912,1877,-1200,-84
1.9361,1912,1877,-1200,-84
1.9365,1912,1877,-1200,-84
1.9369,1912,1877,-1200,-84
1.9373,1912,1876,-1200,-92
1.9376,1912,1876,-1200,-92
1.9380,1912,1876,-1200,-92
1.9384,1912,1875,-1200,-92
1.9388,1912,1875,-1200,-92
1.9392,1912,1875,-1200,-92
1.9395,1912,1875,-750,-100
1.9399,1912,1875,-750,-100
1.9403,1927,1875,-750,-100
1.9411,1927,1875,-750,-100
1.9415,1927,1874,-750,-116
1.9418,1927,1874,-750,-116
1.9423,1927,1874,-750,-116
1.9427,1927,1874,-750,-116
1.9430,1927,1874,-750,-116
1.9434,1927,1874,-750,-124
1.9437,1927,1874,-750,-124
1.9441,1927,1874,-750,-124
1.9445,1927,1873,-750,-140
1.9448,1927,1873,-750,-140
1.9453,1927,1873,-750,-140
1.9456,1927,1873,-750,-140
1.9460,1927,1873,-750,-140
1.9464,1927,1873,-750,-148
1.9467,1927,1873,-750,-148
1.9471,1927,1873,-750,-148
1.9475,1927,1873,-750,-148
1.9478,1927,1873,-750,-148
1.9483,1927,1873,-750,-156
1.9486,1927,1873,-750,-156
1.9490,1927,1873,-750,-156
1.9494,1927,1872,-750,-172
1.9497,1927,1872,-750,-172
1.9501,1943,1872,-750,-180
1.9508,1943,1872,-750,-180
1.9511,1943,1872,-750,-180
1.9516,1943,1872,-750,-168
1.9522,1943,1872,-750,-168
1.9525,1943,1872,-750,-176
1.9529,1943,1872,-750,-176
1.9533,1943,1872,-750,-184
1.9536,1943,1872,-750,-184
1.9540,1943,1872,-750,-184
1.9544,1943,1872,-750,-192
1.9547,1943,1872,-750,-192
1.9551,1943,1872,-750,-192
1.9554,1943,1872,-750,-200
1.9558,1943,1872,-750,-200
1.9563,1943,1872,-750,-208
1.9566,1943,1872,-750,-208
1.9570,1943,1872,-750,-208
1.9574,1943,1872,-750,-216
1.9578,1943,1872,-750,-216
1.9583,1943,1872,-750,-224
1.9586,1943,1872,-750,-224
1.9590,1943,1872,-750,-224
1.9594,1943,1872,-150,-232
1.9598,1943,1872,-150,-232
1.9602,1961,1872,-150,-240
1.9609,1961,1872,-150,-240
1.9613,1961,1872,-150,-248
1.9616,1961,1872,-150,-248
1.9620,1961,1872,-150,-248
1.9624,1961,1872,-150,-256
1.9627,1961,1872,-150,-256
1.9631,1961,1872,-150,-264
1.9635,1961,1872,-150,-264
1.9639,1961,1872,-150,-264
1.9643,1961,1872,-150,-272
1.9647,1961,1872,-150,-272
1.9650,1961,1872,-150,-272
1.9654,1961,1872,-150,-280
1.9658,1961,1872,-150,-280
1.9661,1961,1873,-150,-280
1.9665,1961,1873,-150,-280
1.9669,1961,1873,-150,-280
1.9673,1961,1873,-150,-296
1.9676,1961,1873,-150,-296
1.9680,1961,1873,-150,-296
1.9683,1961,1874,-150,-296
1.9687,1961,1874,-150,-296
1.9691,1961,1874,-150,-304
1.9695,1961,1874,-150,-304
1.9699,1961,1874,-150,-304
1.9703,1981,1875,-150,-304
1.9709,1981,1875,-150,-304
1.9713,1981,1875,-150,-332
1.9717,1981,1875,-150,-332
1.9721,1981,1875,-150,-332
1.9724,1981,1876,-150,-332
1.9728,1981,1876,-150,-332
1.9731,1981,1876,-150,-340
1.9736,1981,1876,-150,-340
1.9740,1981,1876,-150,-340
1.9744,1981,1877,-150,-348
1.9748,1981,1877,-150,-348
1.9752,1981,1878,-150,-348
1.9756,1981,1878,-150,-348
1.9760,1981,1878,-150,-348
1.9763,1981,1878,-150,-356
1.9767,1981,1878,-150,-356
1.9770,1981,1878,-150,-356
1.9774,1981,1879,-150,-364
1.9777,1981,1879,-150,-364
1.9781,1981,1879,-150,-372
1.9784,1981,1879,-150,-372
1.9788,1981,1879,-150,-372
1.9793,1981,1880,400,-380
1.9796,1981,1880,400,-380
1.9800,2001,1881,400,-380
1.9807,2001,1881,400,-380
1.9811,2001,1881,400,-380
1.9815,2001,1881,400,-396
1.9818,2001,1881,400,-396
1.9823,2001,1882,400,-396
1.9827,2001,1882,400,-396
1.9830,2001,1882,400,-396
1.9834,2001,1883,400,-404
1.9838,2001,1883,400,-404
1.9841,2001,1884,400,-412
1.9845,2001,1884,400,-412
1.9849,2001,1884,400,-412
1.9853,2001,1885,400,-412
1.9856,2001,1885,400,-412
1.9860,2001,1886,400,-420
1.9864,2001,1886,400,-420
1.9868,2001,1886,400,-420
1.9871,2001,1886,400,-436
1.9875,2001,1886,400,-436
1.9879,2001,1886,400,-436
1.9883,2001,1887,400,-436
1.9886,2001,1887,400,-436
1.9890,2001,1888,400,-444
1.9894,2001,1888,400,-444
1.9898,2001,1888,400,-444
1.9901,2022,1889,400,-452
1.9909,2022,1889,400,-452
1.9913,2022,1890,400,-448
1.9917,2022,1890,400,-448
1.9921,2022,1891,400,-456
1.9925,2022,1891,400,-456
1.9929,2022,1891,400,-456
1.9935,2022,1892,400,-456
1.9939,2022,1892,400,-456
1.9943,2022,1893,400,-464
1.9947,2022,1893,400,-464
1.9951,2022,1894,400,-472
1.9954,2022,1894,400,-472
1.9958,2022,1894,400,-472
1.9962,2022,1896,400,-472
1.9965,2022,1896,400,-472
1.9969,2022,1896,400,-472
1.9973,2022,1897,400,-480
1.9976,2022,1897,400,-480
1.9980,2022,1898,400,-488
1.9984,2022,1898,400,-488
1.9988,2022,1898,400,-488
1.9991,2022,1899,950,-496
1.9995,2022,1899,950,-496
1.9999,2022,1899,950,-496
2.0003,2044,1900,950,-504
2.0010,2044,1901,950,-512
2.0013,2044,1901,950,-512
2.0017,2044,1901,950,-512
2.0021,2044,1902,950,-520
2.0024,2044,1902,950,-520
2.0028,2044,1902,950,-520
2.0033,2044,1903,950,-528
2.0037,2044,1903,950,-528
2.0040,2044,1905,950,-528
2.0044,2044,1905,950,-528
2.0048,2044,1905,950,-528
2.0051,2044,1906,950,-536
2.0055,2044,1906,950,-536
2.0059,2044,1906,950,-536
2.0063,2044,1907,950,-544
2.0066,2044,1907,950,-544
2.0070,2044,1909,950,-544
2.0074,2044,1909,950,-544
2.0077,2044,1909,950,-544
2.0081,2044,1910,950,-552
2.0085,2044,1910,950,-552
2.0088,2044,1910,950,-552
2.0093,2044,1911,950,-560
2.0096,2044,1911,950,-560
2.0100,2064,1913,950,-560
2.0107,2064,1913,950,-560
2.0111,2064,1914,950,-552
2.0114,2064,1914,950,-552
2.0118,2064,1914,950,-552
2.0122,2064,1916,950,-552
2.0126,2064,1916,950,-552
2.0130,2064,1917,950,-560
2.0134,2064,1917,950,-560
2.0138,2064,1917,950,-560
2.0142,2064,1919,950,-560
2.0145,2064,1919,950,-560
2.0149,2064,1920,950,-576
2.0153,2064,1920,950,-576
2.0157,2064,1920,950,-576
2.0160,2064,1922,950,-576
2.0164,2064,1922,950,-576
2.0168,2064,1922,950,-576
2.0172,2064,1923,950,-584
2.0175,2064,1923,950,-584
2.0179,2064,1925,950,-584
2.0183,2064,1925,950,-584
2.0187,2064,1925,950,-584
2.0190,2064,1926,1350,-592
2.0194,2064,1926,1350,-592
2.0198,2064,1926,1350,-592
2.0202,2086,1928,1350,-584
2.0208,2086,1928,1350,-584
2.0213,2086,1929,1350,-592
2.0216,2086,1929,1350,-592
2.0220,2086,1931,1350,-592
2.0224,2086,1931,1350,-592
2.0227,2086,1931,1350,-592
2.0231,2086,1933,1350,-592
2.0235,2086,1933,1350,-592
2.0239,2086,1934,1350,-600
2.0243,2086,1934,1350,-600
2.0247,2086,1934,1350,-600
2.0250,2086,1936,1350,-600
2.0254,2086,1936,1350,-600
2.0258,2086,1936,1350,-600
2.0262,2086,1938,1350,-608
2.0265,2086,1938,1350,-608
2.0269,2086,1940,1350,-608
2.0272,2086,1940,1350,-608
2.0276,2086,1940,1350,-608
2.0280,2086,1941,1350,-608
2.0284,2086,1941,1350,-608
2.0287,2086,1941,1350,-608
2.0291,2086,1943,1350,-608
2.0295,2086,1943,1350,-608
2.0299,2086,1945,1350,-608
2.0303,2106,1945,1350,-608
2.0310,2106,1946,1350,-592
2.0313,2106,1946,1350,-592
2.0317,2106,1946,1350,-592
2.0320,2106,1948,1350,-592
2.0324,2106,1948,1350,-592
2.0328,2106,1948,1350,-592
2.0331,2106,1950,1350,-592
2.0335,2106,1950,1350,-592
2.0339,2106,1952,1350,-592
2.0343,2106,1952,1350,-592
2.0347,2106,1952,1350,-592
2.0351,2106,1954,1350,-592
2.0355,2106,1954,1350,-592
2.0358,2106,1956,1350,-592
2.0363,2106,1956,1350,-592
2.0367,2106,1956,1350,-592
2.0371,2106,1958,1350,-592
2.0375,2106,1958,1350,-592
2.0378,2106,1960,1350,-592
2.0382,2106,1960,1350,-592
2.0385,2106,1960,1350,-592
2.0389,2106,1961,1750,-600
2.0393,2106,1961,1750,-600
2.0397,2106,1961,1750,-600
2.0401,2125,1963,1750,-600
2.0408,2125,1963,1750,-600
2.0411,2125,1965,1750,-600
2.0415,2125,1965,1750,-600
2.0419,2125,1967,1750,-600
2.0423,2125,1967,1750,-600
2.0426,2125,1967,1750,-600
2.0430,2125,1969,1750,-600
2.0434,2125,1969,1750,-600
2.0438,2125,1971,1750,-600
2.0442,2125,1971,1750,-600
2.0446,2125,1971,1750,-600
2.0450,2125,1972,1750,-608
2.0454,2125,1972,1750,-608
2.0457,2125,1972,1750,-608
2.0461,2125,1974,1750,-608
2.0465,2125,1974,1750,-608
2.0469,2125,1976,1750,-608
2.0473,2125,1976,1750,-608
2.0476,2125,1976,1750,-608
2.0480,2125,1978,1750,-608
2.0484,2125,1978,1750,-608
2.0487,2125,1978,1750,-608
2.0491,2125,1980,1750,-608
2.0494,2125,1980,1750,-608
2.0498,2125,1982,1750,-608
2.0502,2144,1982,1750,-608
2.0509,2144,1984,1750,-584
2.0513,2144,1984,1750,-584
2.0517,2144,1984,1750,-584
2.0520,2144,1986,1750,-584
2.0524,2144,1986,1750,-584
2.0527,2144,1986,1750,-584
2.0531,2144,1988,1750,-584
2.0535,2144,1988,1750,-584
2.0538,2144,1990,1750,-584
2.0543,2144,1990,1750,-584
2.0546,2144,1990,1750,-584
2.0553,2144,1992,1750,-584
2.0557,2144,1994,1750,-584
2.0561,2144,1994,1750,-584
2.0565,2144,1994,1750,-584
2.0568,2144,1996,1750,-584
2.0573,2144,1996,1750,-584
2.0576,2144,1996,1750,-584
2.0580,2144,1998,1750,-584
2.0584,2144,1998,1750,-584
2.0588,2144,2000,1950,-584
2.0591,2144,2000,1950,-584
2.0595,2144,2000,1950,-584
2.0599,2144,2002,1950,-584
2.0603,2160,2002,1950,-584
2.0610,2160,2004,1950,-584
2.0613,2160,2004,1950,-584
2.0617,2160,2006,1950,-584
2.0621,2160,2006,1950,-584
2.0624,2160,2006,1950,-584
2.0628,2160,2008,1950,-584
2.0632,2160,2008,1950,-584
2.0636,2160,2008,1950,-584
2.0640,2160,2010,1950,-584
2.0643,2160,2010,1950,-584
2.0647,2160,2012,1950,-584
2.0651,2160,2012,1950,-584
2.0654,2160,2012,1950,-584
2.0658,2160,2014,1950,-584
2.0663,2160,2014,1950,-584
2.0666,2160,2014,1950,-584
2.0670,2160,2016,1950,-584
2.0674,2160,2016,1950,-584
2.0678,2160,2018,1950,-584
2.0681,2160,2018,1950,-584
2.0685,2160,2018,1950,-584
2.0690,2160,2020,1950,-584
2.0693,2160,2020,1950,-584
2.0697,2160,2022,1950,-584
2.0701,2175,2022,1950,-584
2.0708,2175,2023,1950,-576
2.0711,2175,2023,1950,-576
2.0715,2175,2023,1950,-576
2.0719,2175,2026,1950,-568
2.0723,2175,2026,1950,-568
2.0726,2175,2026,1950,-568
2.0730,2175,2028,1950,-568
2.0734,2175,2028,1950,-568
2.0738,2175,2030,1950,-568
2.0742,2175,2030,1950,-568
2.0746,2175,2030,1950,-568
2.0749,2175,2032,1950,-568
2.0753,2175,2032,1950,-568
2.0757,2175,2034,1950,-568
2.0760,2175,2034,1950,-568
2.0764,2175,2034,1950,-568
2.0768,2175,2036,1950,-568
2.0772,2175,2036,1950,-568
2.0777,2175,2038,1950,-568
2.0781,2175,2038,1950,-568
2.0785,2175,2038,1950,-568
2.0789,2175,2040,2000,-568
2.0793,2175,2040,2000,-568
2.0797,2175,2042,2000,-568
2.0800,2187,2042,2000,-568
2.0807,2187,2044,2000,-568
2.0811,2187,2044,2000,-568
2.0815,2187,2044,2000,-568
2.0819,2187,2046,2000,-560
2.0823,2187,2046,2000,-560
2.0826,2187,2048,2000,-560
2.0830,2187,2048,2000,-560
2.0834,2187,2048,2000,-560
2.0837,2187,2050,2000,-560
2.0841,2187,2050,2000,-560
2.0845,2187,2050,2000,-560
2.0849,2187,2052,2000,-560
2.0853,2187,2052,2000,-560
2.0857,2187,2055,2000,-552
2.0861,2187,2055,2000,-552
2.0864,2187,2055,2000,-552
2.0868,2187,2057,2000,-552
2.0872,2187,2057,2000,-552
2.0875,2187,2057,2000,-552
2.0879,2187,2059,2000,-544
2.0883,2187,2059,2000,-544
2.0887,2187,2061,2000,-544
2.0891,2187,2061,2000,-544
2.0894,2187,2061,2000,-544
2.0898,2187,2063,2000,-544
2.0902,2198,2063,2000,-544
2.0909,2198,2065,2000,-528
2.0913,2198,2065,2000,-528
2.0917,2198,2067,2000,-520
2.0920,2198,2067,2000,-520
2.0924,2198,2067,2000,-520
2.0928,2198,2069,2000,-520
2.0932,2198,2069,2000,-520
2.0935,2198,2069,2000,-520
2.0939,2198,2071,2000,-520
2.0943,2198,2071,2000,-520
2.0946,2198,2073,2000,-520
2.0950,2198,2073,2000,-520
2.0954,2198,2073,2000,-520
2.0958,2198,2075,2000,-512
2.0963,2198,2075,2000,-512
2.0967,2198,2077,2000,-512
2.0970,2198,2077,2000,-512
2.0974,2198,2077,2000,-512
2.0978,2198,2079,2000,-512
2.0982,2198,2079,2000,-512
2.0985,2198,2081,2050,-504
2.0989,2198,2081,2050,-504
2.0993,2198,2081,2050,-504
2.0996,2198,2083,2050,-504
2.1000,2205,2083,2050,-504
2.1008,2205,2085,2050,-504
2.1012,2205,2085,2050,-504
2.1015,2205,2087,2050,-496
2.1019,2205,2087,2050,-496
2.1023,2205,2087,2050,-496
2.1026,2205,2089,2050,-496
2.1030,2205,2089,2050,-496
2.1034,2205,2089,2050,-496
2.1038,2205,2090,2050,-504
2.1041,2205,2090,2050,-504
2.1045,2205,2092,2050,-496
2.1049,2205,2092,2050,-496
2.1053,2205,2092,2050,-496
2.1057,2205,2094,2050,-496
2.1060,2205,2094,2050,-496
2.1064,2205,2094,2050,-496
2.1068,2205,2096,2050,-488
2.1072,2205,2096,2050,-488
2.1075,2205,2098,2050,-488
2.1079,2205,2098,2050,-488
2.1083,2205,2098,2050,-488
2.1087,2205,2100,2050,-480
2.1091,2205,2100,2050,-480
2.1095,2205,2100,2050,-480
2.1098,2205,2102,2050,-480
2.1103,2211,2104,2050,-460
2.1110,2211,2104,2050,-460
2.1113,2211,2104,2050,-460
2.1117,2211,2106,2050,-460
2.1121,2211,2106,2050,-460
2.1125,2211,2108,2050,-452
2.1129,2211,2108,2050,-452
2.1133,2211,2108,2050,-452
2.1137,2211,2110,2050,-452
2.1140,2211,2110,2050,-452
2.1144,2211,2110,2050,-452
2.1148,2211,2111,2050,-452
2.1152,2211,2111,2050,-452
2.1156,2211,2113,2050,-452
2.1159,2211,2113,2050,-452
2.1163,2211,2113,2050,-452
2.1167,2211,2115,2050,-444
2.1171,2211,2115,2050,-444
2.1175,2211,2117,2050,-436
2.1181,2211,2117,2050,-436
2.1189,2211,2119,1900,-436
2.1193,2211,2119,1900,-436
2.1197,2211,2120,1900,-436
2.1201,2213,2120,1900,-436
2.1208,2213,2122,1900,-428
2.1212,2213,2122,1900,-428
2.1216,2213,2124,1900,-428
2.1219,2213,2124,1900,-428
2.1223,2213,2124,1900,-428
2.1227,2213,2126,1900,-420
2.1230,2213,2126,1900,-420
2.1234,2213,2126,1900,-420
2.1238,2213,2128,1900,-412
2.1242,2213,2128,1900,-412
2.1245,2213,2130,1900,-404
2.1249,2213,2130,1900,-404
2.1253,2213,2130,1900,-404
2.1257,2213,2132,1900,-404
2.1261,2213,2132,1900,-404
2.1264,2213,2133,1900,-404
2.1268,2213,2133,1900,-404
2.1272,2213,2133,1900,-404
2.1276,2213,2135,1900,-396
2.1279,2213,2135,1900,-396
2.1283,2213,2135,1900,-396
2.1287,2213,2137,1900,-388
2.1290,2213,2137,1900,-388
2.1294,2213,2139,1900,-380
2.1298,2213,2139,1900,-380
2.1302,2213,2140,1900,-368
2.1309,2213,2140,1900,-368
2.1313,2213,2140,1900,-368
2.1317,2213,2142,1900,-360
2.1320,2213,2142,1900,-360
2.1324,2213,2144,1900,-352
2.1328,2213,2144,1900,-352
2.1332,2213,2144,1900,-352
2.1335,2213,2146,1900,-344
2.1339,2213,2146,1900,-344
2.1343,2213,2146,1900,-344
2.1347,2213,2147,1900,-344
2.1350,2213,2147,1900,-344
2.1354,2213,2149,1900,-336
2.1358,2213,2149,1900,-336
2.1361,2213,2149,1900,-336
2.1365,2213,2151,1900,-328
2.1369,2213,2151,1900,-328
2.1373,2213,2151,1900,-328
2.1376,2213,2152,1900,-328
2.1380,2213,2152,1900,-328
2.1384,2213,2154,1750,-320
2.1388,2213,2154,1750,-320
2.1392,2213,2154,1750,-320
2.1395,2213,2156,1750,-312
2.1399,2213,2156,1750,-312
2.1403,2211,2157,1750,-312
2.1410,2211,2157,1750,-312
2.1414,2211,2159,1750,-304
2.1418,2211,2159,1750,-304
2.1423,2211,2159,1750,-304
2.1427,2211,2161,1750,-288
2.1431,2211,2161,1750,-288
2.1434,2211,2162,1750,-288
2.1438,2211,2162,1750,-288
2.1443,2211,2163,1750,-288
2.1451,2211,2163,1750,-288
2.1469,2211,2166,1750,-272
2.1474,2211,2168,1750,-264
2.1478,2211,2168,1750,-264
2.1484,2211,2169,1750,-264
2.1490,2211,2169,1750,-264
2.1496,2211,2171,1750,-248
2.1507,2205,2172,1750,-228
2.1514,2205,2174,1750,-212
2.1518,2205,2174,1750,-212
2.1523,2205,2174,1750,-212
2.1528,2205,2175,1750,-212
2.1533,2205,2176,1750,-204
2.1541,2205,2176,1750,-204
2.1544,2205,2178,1750,-196
2.1548,2205,2178,1750,-196
2.1551,2205,2178,1750,-196
2.1554,2205,2179,1750,-188
2.1558,2205,2179,1750,-188
2.1561,2205,2179,1750,-188
2.1565,2205,2181,1750,-180
2.1569,2205,2181,1750,-180
2.1572,2205,2181,1750,-180
2.1576,2205,2182,1750,-172
2.1579,2205,2182,1750,-172
2.1583,2205,2182,1750,-172
2.1586,2205,2183,1450,-172
2.1589,2205,2183,1450,-172
2.1593,2205,2183,1450,-172
2.1596,2205,2184,1450,-164
2.1601,2197,2185,1450,-156
2.1607,2197,2185,1450,-156
2.1611,2197,2185,1450,-156
2.1614,2197,2187,1450,-148
2.1618,2197,2187,1450,-148
2.1621,2197,2187,1450,-148
2.1625,2197,2188,1450,-140
2.1628,2197,2188,1450,-140
2.1632,2197,2189,1450,-132
2.1637,2197,2189,1450,-132
2.1640,2197,2190,1450,-124
2.1647,2197,2190,1450,-124
2.1654,2197,2191,1450,-124
2.1664,2197,2192,1450,-116
2.1668,2197,2192,1450,-116
2.1672,2197,2192,1450,-116
2.1676,2197,2193,1450,-108
2.1682,2197,2197,1450,-60
2.1714,2186,2198,1450,-52
2.1721,2186,2198,1450,-52
2.1724,2186,2199,1450,-44
2.1762,2186,2202,1450,-20
2.1767,2186,2202,1450,-20
2.1809,2173,2207,1050,68
2.1851,2173,2208,1050,84
2.1855,2173,2208,1050,84
2.1859,2173,2208,1050,84
2.1864,2173,2209,1050,92
2.1871,2173,2209,1050,92
2.1876,2173,2209,1050,92
2.1894,2173,2210,1050,100
2.1899,2173,2210,1050,100
2.1903,2159,2211,1050,100
2.1910,2159,2211,1050,100
2.1914,2159,2211,1050,108
2.1932,2159,2211,1050,116
2.1965,2159,2212,1050,140
2.1970,2159,2212,1050,140
2.1974,2159,2212,1050,140
2.1978,2159,2212,1050,140
2.1982,2159,2212,400,148
2.1985,2159,2212,400,148
2.2004,2143,2212,400,172
2.2104,2124,2212,400,268
2.2234,2099,2209,0,348
2.2344,2076,2200,0,408
2.2432,2057,2192,-700,472
2.2498,2057,2185,-700,504
2.2514,2040,2180,-700,528
2.2613,2019,2140,-1550,588
2.3037,1936,2094,-1850,456
2.3058,1933,2076,-1850,368
2.3157,1918,2074,-1850,360
2.3485,1882,2020,-1650,472
2.3666,1873,1992,-1500,504
2.3736,1872,1983,-1500,508
2.3746,1872,1980,-1500,508
2.3764,1872,1978,-1500,508
2.3774,1872,1976,-1600,508
2.3782,1872,1974,-1600,500
2.3792,1873,1973,-1600,508
2.3800,1873,1973,-1600,508
2.3803,1873,1972,-1600,508
2.3812,1873,1972,-1600,508
2.3815,1873,1970,-1600,508
2.3819,1873,1970,-1600,508
2.3824,1873,1968,-1600,500
2.3828,1873,1968,-1600,500
2.3831,1873,1968,-1600,500
2.3835,1873,1966,-1600,500
2.3839,1873,1966,-1600,500
2.3843,1873,1965,-1600,500
2.3847,1873,1965,-1600,500
2.3850,1873,1965,-1600,500
2.3854,1873,1963,-1600,492
2.3858,1873,1963,-1600,492
2.3862,1873,1963,-1600,492
2.3865,1873,1961,-1600,492
2.3871,1873,1961,-1600,492
2.3875,1873,1960,-1600,492
2.3879,1873,1960,-1600,492
2.3883,1873,1958,-1600,484
2.3887,1873,1958,-1600,484
2.3891,1873,1958,-1600,484
2.3895,1873,1956,-1600,452
2.3899,1873,1956,-1600,452
2.3903,1875,1954,-1600,444
2.3909,1875,1954,-1600,444
2.3913,1875,1953,-1600,444
2.3917,1875,1953,-1600,444
2.3920,1875,1953,-1600,444
2.3924,1875,1951,-1600,436
2.3928,1875,1951,-1600,436
2.3931,1875,1951,-1600,436
2.3935,1875,1949,-1600,428
2.3939,1875,1949,-1600,428
2.3943,1875,1947,-1600,428
2.3947,1875,1947,-1600,428
2.3950,1875,1947,-1600,428
2.3954,1875,1946,-1600,428
2.3958,1875,1946,-1600,428
2.3961,1875,1946,-1600,428
2.3965,1875,1944,-1600,420
2.3969,1875,1944,-1600,420
2.3973,1875,1942,-1700,412
2.3977,1875,1942,-1700,412
2.3980,1875,1942,-1700,412
2.3984,1875,1940,-1700,404
2.3988,1875,1940,-1700,404
2.3992,1875,1940,-1700,404
2.3995,1875,1939,-1700,404
2.3999,1875,1939,-1700,404
2.4003,1881,1937,-1700,396
2.4009,1881,1937,-1700,396
2.4013,1881,1936,-1700,396
2.4017,1881,1936,-1700,396
2.4021,1881,1936,-1700,396
2.4024,1881,1934,-1700,388
2.4028,1881,1934,-1700,388
2.4033,1881,1932,-1700,380
2.4036,1881,1932,-1700,380
2.4040,1881,1932,-1700,380
2.4044,1881,1931,-1700,380
2.4047,1881,1931,-1700,380
2.4051,1881,1931,-1700,380
2.4055,1881,1929,-1700,364
2.4058,1881,1929,-1700,364
2.4063,1881,1927,-1700,356
2.4066,1881,1927,-1700,356
2.4070,1881,1927,-1700,356
2.4074,1881,1926,-1700,356
2.4079,1881,1926,-1700,356
2.4083,1881,1924,-1700,348
2.4087,1881,1924,-1700,348
2.4090,1881,1924,-1700,348
2.4094,1881,1922,-1700,296
2.4098,1881,1922,-1700,296
2.4102,1889,1921,-1700,288
2.4109,1889,1921,-1700,288
2.4113,1889,1919,-1700,280
2.4117,1889,1919,-1700,280
2.4120,1889,1919,-1700,280
2.4124,1889,1918,-1700,280
2.4128,1889,1918,-1700,280
2.4132,1889,1916,-1700,264
2.4135,1889,1916,-1700,264
2.4139,1889,1916,-1700,264
2.4143,1889,1915,-1700,264
2.4146,1889,1915,-1700,264
2.4150,1889,1915,-1700,264
2.4154,1889,1913,-1700,256
2.4158,1889,1913,-1700,256
2.4161,1889,1912,-1700,248
2.4165,1889,1912,-1700,248
2.4169,1889,1912,-1700,248
2.4173,1889,1910,-1600,240
2.4176,1889,1910,-1600,240
2.4180,1889,1910,-1600,240
2.4184,1889,1909,-1600,232
2.4187,1889,1909,-1600,232
2.4191,1889,1909,-1600,232
2.4194,1889,1908,-1600,232
2.4198,1889,1908,-1600,232
2.4203,1899,1907,-1600,224
2.4210,1899,1907,-1600,224
2.4214,1899,1905,-1600,216
2.4217,1899,1905,-1600,216
2.4221,1899,1904,-1600,208
2.4225,1899,1904,-1600,208
2.4228,1899,1904,-1600,208
2.4233,1899,1902,-1600,200
2.4236,1899,1902,-1600,200
2.4240,1899,1902,-1600,200
2.4244,1899,1901,-1600,192
2.4247,1899,1901,-1600,192
2.4251,1899,1900,-1600,184
2.4254,1899,1900,-1600,184
2.4258,1899,1900,-1600,184
2.4263,1899,1898,-1600,176
2.4266,1899,1898,-1600,176
2.4270,1899,1898,-1600,176
2.4274,1899,1897,-1600,168
2.4277,1899,1897,-1600,168
2.4281,1899,1896,-1600,160
2.4285,1899,1896,-1600,160
2.4292,1899,1894,-1600,124
2.4296,1899,1894,-1600,124
2.4303,1912,1893,-1600,124
2.4310,1912,1893,-1600,124
2.4314,1912,1892,-1600,116
2.4318,1912,1892,-1600,116
2.4322,1912,1891,-1600,108
2.4325,1912,1891,-1600,108
2.4329,1912,1891,-1600,108
2.4333,1912,1889,-1600,92
2.4336,1912,1889,-1600,92
2.4340,1912,1889,-1600,92
2.4344,1912,1888,-1600,84
2.4347,1912,1888,-1600,84
2.4351,1912,1887,-1600,76
2.4355,1912,1887,-1600,76
2.4359,1912,1887,-1600,76
2.4363,1912,1887,-1600,84
2.4366,1912,1887,-1600,84
2.4370,1912,1886,-1200,76
2.4374,1912,1886,-1200,76
2.4378,1912,1886,-1200,76
2.4381,1912,1885,-1200,68
2.4385,1912,1885,-1200,68
2.4389,1912,1885,-1200,68
2.4393,1912,1884,-1200,52
2.4396,1912,1884,-1200,52
2.4400,1926,1883,-1200,44
2.4407,1926,1883,-1200,44
2.4411,1926,1882,-1200,36
2.4414,1926,1882,-1200,36
2.4418,1926,1882,-1200,36
2.4423,1926,1881,-1200,28
2.4426,1926,1881,-1200,28
2.4430,1926,1880,-1200,20
2.4434,1926,1880,-1200,20
2.4437,1926,1880,-1200,20
2.4441,1926,1879,-1200,-20
2.4445,1926,1879,-1200,-20
2.4449,1926,1879,-1200,-20
2.4453,1926,1879,-1200,-28
2.4456,1926,1879,-1200,-28
2.4460,1926,1878,-1200,-36
2.4464,1926,1878,-1200,-36
2.4467,1926,1878,-1200,-36
2.4471,1926,1877,-1200,-44
2.4474,1926,1877,-1200,-44
2.4478,1926,1877,-1200,-44
2.4483,1926,1876,-1200,-52
2.4486,1926,1876,-1200,-52
2.4490,1926,1875,-1200,-72
2.4494,1926,1875,-1200,-72
2.4498,1926,1875,-1200,-72
2.4504,1943,1875,-1200,-72
2.4513,1943,1874,-1200,-80
2.4517,1943,1874,-1200,-80
2.4521,1943,1873,-1200,-96
2.4525,1943,1873,-1200,-96
2.4528,1943,1873,-1200,-96
2.4533,1943,1873,-1200,-96
2.4537,1943,1873,-1200,-96
2.4540,1943,1872,-1200,-96
2.4544,1943,1872,-1200,-96
2.4548,1943,1872,-1200,-96
2.4552,1943,1872,-1200,-96
2.4556,1943,1872,-1200,-96
2.4560,1943,1872,-1200,-104
2.4563,1943,1872,-1200,-104
2.4567,1943,1872,-1200,-104
2.4571,1943,1871,-750,-112
2.4575,1943,1871,-750,-112
2.4579,1943,1871,-750,-112
2.4583,1943,1871,-750,-120
2.4587,1943,1871,-750,-120
2.4590,1943,1871,-750,-120
2.4594,1943,1871,-750,-120
2.4598,1943,1871,-750,-120
2.4601,1961,1870,-750,-136
2.4608,1961,1870,-750,-136
2.4613,1961,1870,-750,-144
2.4617,1961,1870,-750,-144
2.4621,1961,1870,-750,-144
2.4624,1961,1870,-750,-144
2.4628,1961,1870,-750,-144
2.4633,1961,1870,-750,-152
2.4636,1961,1870,-750,-152
2.4640,1961,1870,-750,-160
2.4644,1961,1870,-750,-160
2.4647,1961,1870,-750,-160
2.4651,1961,1870,-750,-160
2.4655,1961,1870,-750,-160
2.4659,1961,1870,-750,-168
2.4663,1961,1870,-750,-168
2.4666,1961,1870,-750,-168
2.4670,1961,1869,-750,-184
2.4674,1961,1869,-750,-184
2.4677,1961,1869,-750,-184
2.4681,1961,1869,-750,-192
2.4685,1961,1869,-750,-192
2.4688,1961,1869,-750,-192
2.4693,1961,1869,-750,-184
2.4697,1961,1869,-750,-184
2.4700,1980,1869,-750,-192
2.4712,1980,1869,-750,-192
2.4716,1980,1869,-750,-192
2.4720,1980,1869,-750,-200
2.4730,1980,1869,-750,-208
2.4738,1980,1869,-750,-208
2.4743,1980,1869,-750,-216
2.4747,1980,1869,-750,-216
2.4751,1980,1869,-750,-224
2.4754,1980,1869,-750,-224
2.4759,1980,1869,-750,-232
2.4763,1980,1869,-750,-232
2.4767,1980,1869,-750,-232
2.4771,1980,1869,-100,-240
2.4775,1980,1869,-100,-240
2.4778,1980,1869,-100,-248
2.4783,1980,1869,-100,-248
2.4787,1980,1869,-100,-248
2.4790,1980,1869,-100,-256
2.4794,1980,1869,-100,-256
2.4798,1980,1869,-100,-256
2.4801,2001,1869,-100,-272
2.4809,2001,1869,-100,-280
2.4813,2001,1869,-100,-280
2.4817,2001,1869,-100,-280
2.4821,2001,1869,-100,-288
2.4824,2001,1869,-100,-288
2.4828,2001,1869,-100,-296
2.4833,2001,1869,-100,-296
2.4836,2001,1869,-100,-296
2.4840,2001,1870,-100,-296
2.4844,2001,1870,-100,-296
2.4847,2001,1870,-100,-296
2.4851,2001,1870,-100,-304
2.4855,2001,1870,-100,-304
2.4859,2001,1871,-100,-312
2.4863,2001,1871,-100,-312
2.4866,2001,1871,-100,-312
2.4870,2001,1871,-100,-320
2.4874,2001,1871,-100,-320
2.4878,2001,1871,-100,-320
2.4881,2001,1871,-100,-328
2.4885,2001,1871,-100,-328
2.4888,2001,1872,-100,-348
2.4893,2001,1872,-100,-348
2.4897,2001,1872,-100,-348
2.4900,2022,1873,-100,-348
2.4907,2022,1873,-100,-348
2.4911,2022,1873,-100,-356
2.4914,2022,1873,-100,-356
2.4918,2022,1874,-100,-364
2.4922,2022,1874,-100,-364
2.4925,2022,1874,-100,-364
2.4929,2022,1874,-100,-372
2.4933,2022,1874,-100,-372
2.4936,2022,1874,-100,-372
2.4940,2022,1875,-100,-380
2.4944,2022,1875,-100,-380
2.4948,2022,1876,-100,-380
2.4951,2022,1876,-100,-380
2.4955,2022,1876,-100,-380
2.4959,2022,1876,-100,-396
2.4964,2022,1876,-100,-396
2.4968,2022,1877,400,-396
2.4973,2022,1877,400,-396
2.4977,2022,1877,400,-396
2.4981,2022,1878,400,-404
2.4984,2022,1878,400,-404
2.4988,2022,1878,400,-420
2.4993,2022,1878,400,-420
2.4996,2022,1878,400,-420
2.5000,2022,1879,400,-420
2.5004,2044,1879,400,-420
2.5011,2044,1880,400,-428
2.5014,2044,1880,400,-428
2.5018,2044,1880,400,-444
2.5022,2044,1880,400,-444
2.5025,2044,1880,400,-444
2.5029,2044,1881,400,-444
2.5033,2044,1881,400,-444
2.5037,2044,1881,400,-444
2.5041,2044,1882,400,-452
2.5044,2044,1882,400,-452
2.5048,2044,1883,400,-460
2.5052,2044,1883,400,-460
2.5055,2044,1883,400,-460
2.5059,2044,1885,400,-452
2.5063,2044,1885,400,-452
2.5066,2044,1885,400,-452
2.5070,2044,1886,400,-460
2.5074,2044,1886,400,-460
2.5077,2044,1887,400,-468
2.5081,2044,1887,400,-468
2.5085,2044,1887,400,-468
2.5088,2044,1887,400,-476
2.5093,2044,1887,400,-476
2.5097,2044,1887,400,-476
2.5100,2064,1889,400,-476
2.5107,2064,1890,400,-484
2.5111,2064,1890,400,-484
2.5115,2064,1890,400,-484
2.5119,2064,1891,400,-492
2.5123,2064,1891,400,-492
2.5126,2064,1891,400,-492
2.5130,2064,1892,400,-500
2.5134,2064,1892,400,-500
2.5137,2064,1893,400,-508
2.5141,2064,1893,400,-508
2.5145,2064,1893,400,-508
2.5149,2064,1894,400,-516
2.5153,2064,1894,400,-516
2.5156,2064,1894,400,-516
2.5160,2064,1896,400,-516
2.5164,2064,1896,400,-516
2.5170,2064,1897,1000,-524
2.5174,2064,1897,1000,-524
2.5178,2064,1898,1000,-532
2.5183,2064,1898,1000,-532
2.5187,2064,1899,1000,-540
2.5190,2064,1899,1000,-540
2.5194,2064,1899,1000,-540
2.5198,2064,1900,1000,-548
2.5201,2086,1900,1000,-548
2.5208,2086,1901,1000,-556
2.5213,2086,1901,1000,-556
2.5216,2086,1901,1000,-556
2.5220,2086,1903,1000,-556
2.5224,2086,1903,1000,-556
2.5227,2086,1904,1000,-572
2.5231,2086,1904,1000,-572
2.5235,2086,1904,1000,-572
2.5238,2086,1906,1000,-572
2.5243,2086,1906,1000,-572
2.5246,2086,1906,1000,-572
2.5250,2086,1907,1000,-580
2.5253,2086,1907,1000,-580
2.5257,2086,1908,1000,-588
2.5261,2086,1908,1000,-588
2.5264,2086,1908,1000,-588
2.5268,2086,1910,1000,-596
2.5272,2086,1910,1000,-596
2.5275,2086,1910,1000,-596
2.5279,2086,1911,1000,-604
2.5283,2086,1911,1000,-604
2.5286,2086,1911,1000,-604
2.5290,2086,1913,1000,-600
2.5293,2086,1913,1000,-600
2.5297,2086,1914,1000,-616
2.5300,2106,1914,1000,-616
2.5307,2106,1916,1000,-616
2.5311,2106,1916,1000,-616
2.5314,2106,1916,1000,-616
2.5318,2106,1918,1000,-616
2.5322,2106,1918,1000,-616
2.5325,2106,1918,1000,-616
2.5329,2106,1919,1000,-632
2.5333,2106,1919,1000,-632
2.5336,2106,1921,1000,-632
2.5340,2106,1921,1000,-632
2.5343,2106,1921,1000,-632
2.5347,2106,1922,1000,-648
2.5350,2106,1922,1000,-648
2.5354,2106,1922,1000,-648
2.5358,2106,1924,1000,-648
2.5362,2106,1924,1000,-648
2.5365,2106,1924,1000,-648
2.5369,2106,1926,1450,-648
2.5373,2106,1926,1450,-648
2.5378,2106,1927,1450,-664
2.5381,2106,1927,1450,-664
2.5385,2106,1927,1450,-664
2.5390,2106,1929,1450,-664
2.5394,2106,1929,1450,-664
2.5398,2106,1931,1450,-664
2.5402,2126,1931,1450,-664
2.5409,2126,1933,1450,-672
2.5413,2126,1933,1450,-672
2.5416,2126,1934,1450,-680
2.5420,2126,1934,1450,-680
2.5424,2126,1934,1450,-680
2.5427,2126,1936,1450,-680
2.5431,2126,1936,1450,-680
2.5434,2126,1936,1450,-680
2.5438,2126,1938,1450,-688
2.5442,2126,1938,1450,-688
2.5445,2126,1940,1450,-688
2.5449,2126,1940,1450,-688
2.5453,2126,1940,1450,-688
2.5457,2126,1941,1450,-696
2.5460,2126,1941,1450,-696
2.5464,2126,1941,1450,-696
2.5468,2126,1943,1450,-704
2.5471,2126,1943,1450,-704
2.5475,2126,1943,1450,-696
2.5479,2126,1946,1450,-696
2.5483,2126,1946,1450,-696
2.5486,2126,1947,1450,-692
2.5490,2126,1947,1450,-692
2.5495,2126,1949,1450,-692
2.5499,2126,1949,1450,-692
2.5503,2144,1951,1450,-700
2.5509,2144,1951,1450,-700
2.5513,2144,1951,1450,-700
2.5516,2144,1953,1450,-700
2.5520,2144,1953,1450,-700
2.5523,2144,1953,1450,-700
2.5527,2144,1955,1450,-700
2.5531,2144,1955,1450,-700
2.5534,2144,1955,1450,-700
2.5538,2144,1958,1450,-692
2.5542,2144,1958,1450,-692
2.5545,2144,1959,1450,-708
2.5549,2144,1959,1450,-708
2.5553,2144,1959,1450,-708
2.5557,2144,1962,1450,-700
2.5560,2144,1962,1450,-700
2.5564,2144,1962,1450,-700
2.5568,2144,1964,1900,-700
2.5572,2144,1964,1900,-700
2.5576,2144,1965,1900,-708
2.5580,2144,1965,1900,-708
2.5584,2144,1965,1900,-708
2.5588,2144,1967,1900,-716
2.5593,2144,1967,1900,-716
2.5597,2144,1970,1900,-708
2.5600,2160,1970,1900,-708
2.5607,2160,1972,1900,-708
2.5611,2160,1972,1900,-708
2.5614,2160,1972,1900,-708
2.5618,2160,1974,1900,-708
2.5623,2160,1974,1900,-708
2.5626,2160,1976,1900,-708
2.5630,2160,1976,1900,-708
2.5634,2160,1976,1900,-708
2.5637,2160,1978,1900,-716
2.5641,2160,1978,1900,-716
2.5645,2160,1980,1900,-716
2.5649,2160,1980,1900,-716
2.5653,2160,1980,1900,-716
2.5657,2160,1982,1900,-716
2.5660,2160,1982,1900,-716
2.5664,2160,1982,1900,-716
2.5668,2160,1984,1900,-716
2.5671,2160,1984,1900,-716
2.5675,2160,1987,1900,-716
2.5679,2160,1987,1900,-716
2.5683,2160,1987,1900,-716
2.5686,2160,1989,1900,-676
2.5690,2160,1989,1900,-676
2.5694,2160,1989,1900,-676
2.5698,2160,1991,1900,-676
2.5701,2175,1993,1900,-676
2.5708,2175,1993,1900,-676
2.5713,2175,1993,1900,-676
2.5716,2175,1996,1900,-668
2.5720,2175,1996,1900,-668
2.5723,2175,1996,1900,-668
2.5727,2175,1998,1900,-668
2.5731,2175,1998,1900,-668
2.5734,2175,2000,1900,-668
2.5738,2175,2000,1900,-668
2.5743,2175,2000,1900,-668
2.5746,2175,2002,1900,-676
2.5750,2175,2002,1900,-676
2.5754,2175,2002,1900,-676
2.5757,2175,2005,1900,-668
2.5761,2175,2005,1900,-668
2.5765,2175,2007,2150,-668
2.5768,2175,2007,2150,-668
2.5773,2175,2007,2150,-668
2.5776,2175,2009,2150,-668
2.5780,2175,2009,2150,-668
2.5784,2175,2009,2150,-668
2.5787,2175,2012,2150,-660
2.5791,2175,2012,2150,-660
2.5795,2175,2014,2150,-660
2.5799,2175,2014,2150,-660
2.5803,2187,2016,2150,-660
2.5810,2187,2016,2150,-660
2.5814,2187,2019,2150,-652
2.5818,2187,2019,2150,-652
2.5821,2187,2019,2150,-652
2.5825,2187,2020,2150,-668
2.5829,2187,2020,2150,-668
2.5833,2187,2020,2150,-668
2.5837,2187,2023,2150,-660
2.5840,2187,2023,2150,-660
2.5844,2187,2025,2150,-660
2.5848,2187,2025,2150,-660
2.5851,2187,2025,2150,-660
2.5855,2187,2027,2150,-660
2.5858,2187,2027,2150,-660
2.5863,2187,2027,2150,-660
2.5867,2187,2030,2150,-652
2.5870,2187,2030,2150,-652
2.5874,2187,2032,2150,-652
2.5878,2187,2032,2150,-652
2.5881,2187,2032,2150,-652
2.5885,2187,2034,2150,-628
2.5889,2187,2034,2150,-628
2.5893,2187,2034,2150,-628
2.5896,2187,2036,2150,-628
2.5900,2187,2036,2150,-628
2.5904,2198,2039,2150,-612
2.5911,2198,2039,2150,-612
2.5914,2198,2041,2150,-612
2.5918,2198,2041,2150,-612
2.5923,2198,2041,2150,-612
2.5926,2198,2043,2150,-612
2.5930,2198,2043,2150,-612
2.5934,2198,2046,2150,-604
2.5937,2198,2046,2150,-604
2.5941,2198,2046,2150,-604
2.5945,2198,2048,2150,-604
2.5949,2198,2048,2150,-604
2.5953,2198,2048,2150,-604
2.5956,2198,2051,2150,-596
2.5960,2198,2051,2150,-596
2.5964,2198,2053,2300,-596
2.5968,2198,2053,2300,-596
2.5972,2198,2053,2300,-596
2.5975,2198,2055,2300,-596
2.5979,2198,2055,2300,-596
2.5983,2198,2055,2300,-596
2.5987,2198,2058,2300,-588
2.5991,2198,2058,2300,-588
2.5995,2198,2060,2300,-588
2.5998,2198,2060,2300,-588
2.6004,2206,2062,2300,-580
2.6011,2206,2062,2300,-580
2.6015,2206,2064,2300,-580
2.6018,2206,2064,2300,-580
2.6023,2206,2064,2300,-580
2.6026,2206,2067,2300,-572
2.6030,2206,2067,2300,-572
2.6034,2206,2069,2300,-572
2.6037,2206,2069,2300,-572
2.6041,2206,2069,2300,-572
2.6045,2206,2071,2300,-572
2.6048,2206,2071,2300,-572
2.6053,2206,2073,2300,-572
2.6056,2206,2073,2300,-572
2.6060,2206,2073,2300,-572
2.6063,2206,2075,2300,-564
2.6067,2206,2075,2300,-564
2.6071,2206,2075,2300,-564
2.6074,2206,2078,2300,-556
2.6078,2206,2078,2300,-556
2.6081,2206,2078,2300,-556
2.6085,2206,2080,2300,-532
2.6089,2206,2080,2300,-532
2.6093,2206,2082,2300,-524
2.6096,2206,2082,2300,-524
2.6100,2206,2082,2300,-524
2.6103,2211,2084,2300,-524
2.6110,2211,2084,2300,-524
2.6114,2211,2087,2300,-516
2.6118,2211,2087,2300,-516
2.6121,2211,2087,2300,-516
2.6125,2211,2089,2300,-508
2.6129,2211,2089,2300,-508
2.6133,2211,2091,2300,-508
2.6136,2211,2091,2300,-508
2.6140,2211,2091,2300,-508
2.6144,2211,2093,2300,-508
2.6147,2211,2093,2300,-508
2.6151,2211,2093,2300,-508
2.6154,2211,2095,2300,-500
2.6158,2211,2095,2300,-500
2.6161,2211,2095,2300,-500
2.6165,2211,2097,2200,-500
2.6169,2211,2097,2200,-500
2.6173,2211,2099,2200,-500
2.6176,2211,2099,2200,-500
2.6180,2211,2099,2200,-500
2.6183,2211,2102,2200,-484
2.6187,2211,2102,2200,-484
2.6191,2211,2102,2200,-484
2.6196,2211,2104,2200,-484
2.6199,2211,2104,2200,-484
2.6203,2213,2106,2200,-476
2.6210,2213,2106,2200,-476
2.6214,2213,2108,2200,-476
2.6217,2213,2108,2200,-476
2.6221,2213,2108,2200,-476
2.6225,2213,2110,2200,-468
2.6229,2213,2110,2200,-468
2.6233,2213,2112,2200,-460
2.6236,2213,2112,2200,-460
2.6240,2213,2112,2200,-460
2.6244,2213,2114,2200,-460
2.6248,2213,2114,2200,-460
2.6251,2213,2114,2200,-460
2.6255,2213,2116,2200,-452
2.6259,2213,2116,2200,-452
2.6263,2213,2118,2200,-452
2.6266,2213,2118,2200,-452
2.6270,2213,2118,2200,-452
2.6273,2213,2120,2200,-444
2.6277,2213,2120,2200,-444
2.6281,2213,2120,2200,-444
2.6284,2213,2122,2200,-424
2.6288,2213,2122,2200,-424
2.6291,2213,2122,2200,-424
2.6295,2213,2124,2200,-416
2.6299,2213,2124,2200,-416
2.6303,2213,2126,2200,-416
2.6309,2213,2126,2200,-416
2.6313,2213,2128,2200,-408
2.6317,2213,2128,2200,-408
2.6321,2213,2128,2200,-408
2.6324,2213,2130,2200,-400
2.6328,2213,2130,2200,-400
2.6332,2213,2132,2200,-392
2.6335,2213,2132,2200,-392
2.6339,2213,2132,2200,-392
2.6343,2213,2134,2200,-384
2.6347,2213,2134,2200,-384
2.6350,2213,2134,2200,-384
2.6354,2213,2136,2200,-384
2.6358,2213,2136,2200,-384
2.6361,2213,2138,2050,-376
2.6365,2213,2138,2050,-376
2.6369,2213,2138,2050,-376
2.6373,2213,2139,2050,-376
2.6376,2213,2139,2050,-376
2.6380,2213,2139,2050,-376
2.6384,2213,2141,2050,-368
2.6388,2213,2141,2050,-368
2.6391,2213,2143,2050,-360
2.6395,2213,2143,2050,-360
2.6400,2213,2143,2050,-360
2.6405,2210,2145,2050,-352
2.6413,2210,2147,2050,-344
2.6417,2210,2147,2050,-344
2.6420,2210,2147,2050,-344
2.6424,2210,2149,2050,-336
2.6428,2210,2149,2050,-336
2.6431,2210,2151,2050,-328
2.6435,2210,2151,2050,-328
2.6439,2210,2151,2050,-328
2.6443,2210,2153,2050,-312
2.6446,2210,2153,2050,-312
2.6450,2210,2153,2050,-312
2.6453,2210,2154,2050,-312
2.6457,2210,2154,2050,-312
2.6460,2210,2154,2050,-312
2.6464,2210,2156,2050,-304
2.6468,2210,2156,2050,-304
2.6471,2210,2158,2050,-296
2.6475,2210,2158,2050,-296
2.6479,2210,2158,2050,-296
2.6483,2210,2159,2050,-280
2.6486,2210,2159,2050,-280
2.6490,2210,2159,2050,-280
2.6494,2210,2161,2050,-272
2.6498,2210,2161,2050,-272
2.6501,2205,2162,2050,-264
2.6509,2205,2162,2050,-264
2.6513,2205,2164,2050,-256
2.6516,2205,2164,2050,-256
2.6520,2205,2164,2050,-256
2.6524,2205,2166,2050,-248
2.6527,2205,2166,2050,-248
2.6531,2205,2167,2050,-240
2.6535,2205,2167,2050,-240
2.6538,2205,2167,2050,-240
2.6543,2205,2169,2050,-232
2.6546,2205,2169,2050,-232
2.6550,2205,2169,2050,-232
2.6554,2205,2170,2050,-232
2.6557,2205,2170,2050,-232
2.6561,2205,2172,1700,-216
2.6564,2205,2172,1700,-216
2.6568,2205,2172,1700,-216
2.6572,2205,2173,1700,-216
2.6575,2205,2173,1700,-216
2.6579,2205,2173,1700,-216
2.6583,2205,2175,1700,-200
2.6586,2205,2175,1700,-200
2.6590,2205,2175,1700,-200
2.6594,2205,2176,1700,-200
2.6598,2205,2176,1700,-200
2.6601,2197,2178,1700,-184
2.6609,2197,2178,1700,-184
2.6613,2197,2179,1700,-184
2.6617,2197,2179,1700,-184
2.6620,2197,2181,1700,-168
2.6624,2197,2181,1700,-168
2.6631,2197,2182,1700,-168
2.6635,2197,2182,1700,-168
2.6639,2197,2182,1700,-168
2.6643,2197,2183,1700,-160
2.6646,2197,2183,1700,-160
2.6650,2197,2184,1700,-152
2.6654,2197,2184,1700,-152
2.6657,2197,2184,1700,-152
2.6661,2197,2186,1700,-144
2.6665,2197,2186,1700,-144
2.6669,2197,2186,1700,-144
2.6673,2197,2187,1700,-136
2.6676,2197,2187,1700,-136
2.6680,2197,2188,1700,-116
2.6684,2197,2188,1700,-116
2.6688,2197,2188,1700,-116
2.6692,2197,2189,1700,-108
2.6695,2197,2189,1700,-108
2.6699,2197,2189,1700,-108
2.6703,2187,2190,1700,-108
2.6710,2187,2191,1700,-100
2.6713,2187,2191,1700,-100
2.6717,2187,2191,1700,-100
2.6721,2187,2193,1700,-84
2.6725,2187,2193,1700,-84
2.6729,2187,2193,1700,-84
2.6733,2187,2194,1700,-76
2.6736,2187,2194,1700,-76
2.6740,2187,2195,1700,-68
2.6744,2187,2195,1700,-68
2.6748,2187,2195,1700,-68
2.6753,2187,2196,1700,-60
2.6756,2187,2196,1700,-60
2.6760,2187,2197,1250,-52
2.6764,2187,2197,1250,-52
2.6767,2187,2197,1250,-52
2.6771,2187,2198,1250,-44
2.6774,2187,2198,1250,-44
2.6778,2187,2198,1250,-44
2.6782,2187,2199,1250,-36
2.6785,2187,2199,1250,-36
2.6789,2187,2199,1250,-36
2.6793,2187,2200,1250,-28
2.6797,2187,2200,1250,-28
2.6800,2174,2201,1250,-20
2.6807,2174,2201,1250,-20
2.6811,2174,2202,1250,20
2.6814,2174,2202,1250,20
2.6818,2174,2202,1250,20
2.6821,2174,2203,1250,28
2.6825,2174,2203,1250,28
2.6829,2174,2204,1250,36
2.6833,2174,2204,1250,36
2.6837,2174,2204,1250,36
2.6841,2174,2204,1250,36
2.6845,2174,2204,1250,36
2.6848,2174,2204,1250,36
2.6853,2174,2205,1250,52
2.6856,2174,2205,1250,52
2.6860,2174,2206,1250,60
2.6864,2174,2206,1250,60
2.6867,2174,2206,1250,60
2.6871,2174,2206,1250,60
2.6875,2174,2206,1250,60
2.6879,2174,2207,1250,68
2.6883,2174,2207,1250,68
2.6886,2174,2207,1250,68
2.6890,2174,2208,1250,84
2.6894,2174,2208,1250,84
2.6897,2174,2208,1250,84
2.6901,2160,2208,1250,84
2.6908,2160,2208,1250,84
2.6913,2160,2209,1250,92
2.6916,2160,2209,1250,92
2.6920,2160,2209,1250,92
2.6923,2160,2209,1250,92
2.6927,2160,2209,1250,92
2.6931,2160,2210,1250,92
2.6934,2160,2210,1250,92
2.6938,2160,2210,1250,92
2.6942,2160,2210,1250,100
2.6945,2160,2210,1250,100
2.6949,2160,2210,1250,100
2.6953,2160,2210,1250,100
2.6956,2160,2210,1250,100
2.6960,2160,2211,700,116
2.6963,2160,2211,700,116
2.6967,2160,2211,700,116
2.6971,2160,2211,700,116
2.6974,2160,2211,700,116
2.6978,2160,2211,700,116
2.6982,2160,2211,700,124
2.6985,2160,2211,700,124
2.6989,2160,2211,700,124
2.6993,2160,2211,700,124
2.6996,2160,2211,700,124
2.7000,2160,2211,700,132
2.7003,2143,2211,700,132
2.7010,2143,2212,700,148
2.7013,2143,2212,700,148
2.7017,2143,2212,700,148
2.7021,2143,2212,700,148
2.7024,2143,2212,700,148
2.7028,2143,2212,700,148
2.7032,2143,2212,700,156
2.7036,2143,2212,700,156
2.7040,2143,2212,700,164
2.7044,2143,2212,700,164
2.7048,2143,2212,700,164
2.7051,2143,2212,700,172
2.7056,2143,2212,700,172
2.7059,2143,2212,700,172
2.7063,2143,2212,700,172
2.7067,2143,2212,700,172
2.7071,2143,2212,700,180
2.7074,2143,2212,700,180
2.7078,2143,2212,700,180
2.7081,2143,2212,700,172
2.7085,2143,2212,700,172
2.7089,2143,2212,700,180
2.7093,2143,2212,700,180
2.7096,2143,2212,700,180
2.7100,2125,2212,700,188
2.7107,2125,2212,700,188
2.7110,2125,2212,700,188
2.7114,2125,2212,700,188
2.7118,2125,2212,700,196
2.7122,2125,2212,700,196
2.7125,2125,2212,700,196
2.7129,2125,2212,700,204
2.7133,2125,2212,700,204
2.7136,2125,2212,700,204
2.7140,2125,2212,700,212
2.7144,2125,2212,700,212
2.7147,2125,2212,700,212
2.7151,2125,2212,700,220
2.7154,2125,2212,700,220
2.7158,2125,2212,50,228
2.7163,2125,2212,50,228
2.7166,2125,2212,50,228
2.7170,2125,2212,50,236
2.7173,2125,2212,50,236
2.7177,2125,2212,50,236
2.7181,2125,2212,50,244
2.7184,2125,2212,50,244
2.7188,2125,2212,50,252
2.7192,2125,2212,50,252
2.7195,2125,2212,50,252
2.7199,2125,2212,50,268
2.7203,2105,2212,50,268
2.7209,2105,2212,50,276
2.7213,2105,2212,50,276
2.7217,2105,2212,50,276
2.7220,2105,2212,50,284
2.7224,2105,2212,50,284
2.7228,2105,2212,50,292
2.7232,2105,2212,50,292
2.7236,2105,2212,50,292
2.7239,2105,2211,50,292
2.7243,2105,2211,50,292
2.7247,2105,2211,50,292
2.7251,2105,2211,50,308
2.7255,2105,2210,50,308
2.7261,2105,2210,50,308
2.7265,2105,2210,50,308
2.7269,2105,2210,50,316
2.7273,2105,2210,50,316
2.7276,2105,2210,50,316
2.7280,2105,2209,50,328
2.7284,2105,2209,50,328
2.7287,2105,2209,50,344
2.7291,2105,2209,50,344
2.7296,2105,2209,50,344
2.7299,2105,2208,50,344
2.7303,2085,2208,50,344
2.7310,2085,2207,50,352
2.7314,2085,2207,50,352
2.7317,2085,2207,50,360
2.7321,2085,2207,50,360
2.7324,2085,2207,50,360
2.7328,2085,2206,50,360
2.7333,2085,2206,50,360
2.7336,2085,2206,50,360
2.7340,2085,2205,50,368
2.7344,2085,2205,50,368
2.7347,2085,2205,50,376
2.7351,2085,2205,50,376
2.7355,2085,2205,50,376
2.7359,2085,2204,-400,384
2.7363,2085,2204,-400,384
2.7366,2085,2204,-400,384
2.7370,2085,2203,-400,384
2.7374,2085,2203,-400,384
2.7378,2085,2202,-400,392
2.7382,2085,2202,-400,392
2.7385,2085,2202,-400,392
2.7389,2085,2202,-400,408
2.7393,2085,2202,-400,408
2.7397,2085,2201,-400,408
2.7401,2064,2201,-400,408
2.7408,2064,2200,-400,416
2.7413,2064,2200,-400,416
2.7416,2064,2200,-400,416
2.7420,2064,2199,-400,424
2.7424,2064,2199,-400,424
2.7427,2064,2198,-400,424
2.7431,2064,2198,-400,424
2.7435,2064,2198,-400,424
2.7439,2064,2197,-400,432
2.7443,2064,2197,-400,432
2.7446,2064,2197,-400,432
2.7450,2064,2196,-400,440
2.7454,2064,2196,-400,440
2.7458,2064,2195,-400,448
2.7462,2064,2195,-400,448
2.7466,2064,2195,-400,448
2.7470,2064,2195,-400,456
2.7474,2064,2195,-400,456
2.7477,2064,2194,-400,460
2.7481,2064,2194,-400,460
2.7485,2064,2194,-400,460
2.7489,2064,2192,-400,460
2.7493,2064,2192,-400,460
2.7496,2064,2191,-400,468
2.7500,2043,2191,-400,468
2.7507,2043,2190,-400,476
2.7511,2043,2190,-400,476
2.7514,2043,2190,-400,476
2.7518,2043,2189,-400,484
2.7523,2043,2189,-400,484
2.7526,2043,2188,-400,492
2.7530,2043,2188,-400,492
2.7534,2043,2188,-400,492
2.7537,2043,2187,-400,500
2.7541,2043,2187,-400,500
2.7545,2043,2187,-400,500
2.7548,2043,2186,-400,508
2.7553,2043,2186,-400,508
2.7556,2043,2185,-950,516
2.7560,2043,2185,-950,516
2.7564,2043,2185,-950,516
2.7567,2043,2184,-950,524
2.7571,2043,2184,-950,524
2.7575,2043,2184,-950,524
2.7579,2043,2182,-950,524
2.7583,2043,2182,-950,524
2.7586,2043,2181,-950,532
2.7590,2043,2181,-950,532
2.7594,2043,2181,-950,532
2.7597,2043,2180,-950,540
2.7601,2021,2180,-950,540
2.7608,2021,2178,-950,540
2.7611,2021,2178,-950,540
2.7615,2021,2178,-950,540
2.7619,2021,2177,-950,548
2.7623,2021,2177,-950,548
2.7626,2021,2176,-950,556
2.7630,2021,2176,-950,556
2.7634,2021,2176,-950,556
2.7637,2021,2174,-950,556
2.7641,2021,2174,-950,556
2.7646,2021,2173,-950,564
2.7653,2021,2173,-950,564
2.7658,2021,2172,-950,572
2.7662,2021,2172,-950,572
2.7665,2021,2170,-950,580
2.7669,2021,2170,-950,580
2.7673,2021,2170,-950,580
2.7677,2021,2169,-950,584
2.7681,2021,2169,-950,584
2.7685,2021,2169,-950,584
2.7689,2021,2167,-950,584
2.7693,2021,2167,-950,584
2.7696,2021,2166,-950,592
2.7700,2001,2166,-950,592
2.7708,2001,2165,-950,600
2.7712,2001,2165,-950,600
2.7715,2001,2163,-950,600
2.7719,2001,2163,-950,600
2.7723,2001,2163,-950,600
2.7727,2001,2161,-950,600
2.7731,2001,2161,-950,600
2.7734,2001,2161,-950,600
2.7738,2001,2160,-950,608
2.7742,2001,2160,-950,608
2.7745,2001,2158,-950,608
2.7749,2001,2158,-950,608
2.7753,2001,2158,-950,608
2.7756,2001,2156,-1450,616
2.7760,2001,2156,-1450,616
2.7764,2001,2156,-1450,616
2.7768,2001,2155,-1450,624
2.7772,2001,2155,-1450,624
2.7775,2001,2153,-1450,624
2.7779,2001,2153,-1450,624
2.7783,2001,2153,-1450,624
2.7786,2001,2152,-1450,632
2.7790,2001,2152,-1450,632
2.7794,2001,2152,-1450,632
2.7798,2001,2150,-1450,632
2.7801,1980,2148,-1450,632
2.7809,1980,2148,-1450,632
2.7813,1980,2148,-1450,632
2.7816,1980,2146,-1450,632
2.7820,1980,2146,-1450,632
2.7824,1980,2146,-1450,632
2.7827,1980,2144,-1450,632
2.7831,1980,2144,-1450,632
2.7834,1980,2144,-1450,632
2.7838,1980,2143,-1450,640
2.7842,1980,2143,-1450,640
2.7845,1980,2141,-1450,640
2.7849,1980,2141,-1450,640
2.7853,1980,2141,-1450,640
2.7857,1980,2139,-1450,640
2.7861,1980,2139,-1450,640
2.7865,1980,2137,-1450,640
2.7869,1980,2137,-1450,640
2.7873,1980,2137,-1450,640
2.7877,1980,2135,-1450,604
2.7881,1980,2135,-1450,604
2.7885,1980,2133,-1450,604
2.7888,1980,2133,-1450,604
2.7893,1980,2133,-1450,604
2.7897,1980,2131,-1450,604
2.7901,1961,2131,-1450,604
2.7908,1961,2130,-1450,620
2.7912,1961,2130,-1450,620
2.7915,1961,2128,-1450,620
2.7919,1961,2128,-1450,620
2.7923,1961,2128,-1450,620
2.7926,1961,2126,-1450,620
2.7930,1961,2126,-1450,620
2.7934,1961,2126,-1450,620
2.7938,1961,2124,-1450,620
2.7941,1961,2124,-1450,620
2.7945,1961,2122,-1450,620
2.7949,1961,2122,-1450,620
2.7953,1961,2122,-1450,620
2.7956,1961,2120,-1800,620
2.7960,1961,2120,-1800,620
2.7963,1961,2120,-1800,620
2.7967,1961,2118,-1800,620
2.7970,1961,2118,-1800,620
2.7974,1961,2116,-1800,620
2.7978,1961,2116,-1800,620
2.7982,1961,2116,-1800,620
2.7985,1961,2114,-1800,620
2.7990,1961,2114,-1800,620
2.7994,1961,2112,-1800,620
2.7998,1961,2112,-1800,620
2.8001,1942,2110,-1800,620
2.8008,1942,2110,-1800,620
2.8013,1942,2110,-1800,620
2.8016,1942,2108,-1800,620
2.8021,1942,2108,-1800,620
2.8024,1942,2106,-1800,620
2.8028,1942,2106,-1800,620
2.8032,1942,2106,-1800,620
2.8035,1942,2104,-1800,620
2.8039,1942,2104,-1800,620
2.8043,1942,2104,-1800,620
2.8046,1942,2102,-1800,620
2.8050,1942,2102,-1800,620
2.8054,1942,2102,-1800,620
2.8057,1942,2100,-1800,628
2.8061,1942,2100,-1800,628
2.8065,1942,2098,-1800,628
2.8069,1942,2098,-1800,628
2.8073,1942,2098,-1800,628
2.8076,1942,2096,-1800,612
2.8081,1942,2096,-1800,612
2.8086,1942,2094,-1800,612
2.8090,1942,2094,-1800,612
2.8094,1942,2092,-1800,612
2.8097,1942,2092,-1800,612
2.8101,1926,2090,-1800,612
2.8109,1926,2090,-1800,612
2.8112,1926,2090,-1800,612
2.8116,1926,2088,-1800,612
2.8120,1926,2088,-1800,612
2.8123,1926,2088,-1800,612
2.8127,1926,2086,-1800,612
2.8131,1926,2086,-1800,612
2.8134,1926,2084,-1800,612
2.8138,1926,2084,-1800,612
2.8141,1926,2084,-1800,612
2.8145,1926,2082,-1800,612
2.8149,1926,2082,-1800,612
2.8153,1926,2082,-1800,612
2.8156,1926,2079,-2050,604
2.8160,1926,2079,-2050,604
2.8164,1926,2078,-2050,612
2.8167,1926,2078,-2050,612
2.8171,1926,2078,-2050,612
2.8175,1926,2076,-2050,612
2.8179,1926,2076,-2050,612
2.8183,1926,2076,-2050,612
2.8187,1926,2074,-2050,612
2.8190,1926,2074,-2050,612
2.8194,1926,2071,-2050,604
2.8198,1926,2071,-2050,604
2.8201,1911,2069,-2050,604
2.8208,1911,2069,-2050,604
2.8213,1911,2069,-2050,604
2.8217,1911,2067,-2050,604
2.8220,1911,2067,-2050,604
2.8224,1911,2065,-2050,604
2.8228,1911,2065,-2050,604
2.8231,1911,2065,-2050,604
2.8235,1911,2063,-2050,604
2.8239,1911,2063,-2050,604
2.8243,1911,2061,-2050,604
2.8246,1911,2061,-2050,604
2.8250,1911,2061,-2050,604
2.8254,1911,2059,-2050,604
2.8258,1911,2059,-2050,604
2.8261,1911,2059,-2050,604
2.8265,1911,2057,-2050,604
2.8269,1911,2057,-2050,604
2.8273,1911,2057,-2050,604
2.8276,1911,2055,-2050,588
2.8280,1911,2055,-2050,588
2.8284,1911,2052,-2050,580
2.8288,1911,2052,-2050,580
2.8291,1911,2052,-2050,580
2.8295,1911,2050,-2050,580
2.8299,1911,2050,-2050,580
2.8303,1899,2048,-2050,580
2.8310,1899,2048,-2050,580
2.8313,1899,2046,-2050,580
2.8317,1899,2046,-2050,580
2.8321,1899,2046,-2050,580
2.8324,1899,2044,-2050,580
2.8328,1899,2044,-2050,580
2.8332,1899,2044,-2050,580
2.8335,1899,2042,-2050,580
2.8339,1899,2042,-2050,580
2.8343,1899,2040,-2050,572
2.8346,1899,2040,-2050,572
2.8350,1899,2040,-2050,572
2.8354,1899,2037,-2100,564
2.8357,1899,2037,-2100,564
2.8361,1899,2037,-2100,564
2.8365,1899,2035,-2100,564
2.8368,1899,2035,-2100,564
2.8373,1899,2033,-2100,564
2.8376,1899,2033,-2100,564
2.8380,1899,2033,-2100,564
2.8384,1899,2031,-2100,564
2.8388,1899,2031,-2100,564
2.8391,1899,2031,-2100,564
2.8395,1899,2029,-2100,564
2.8400,1899,2029,-2100,564
2.8403,1888,2027,-2100,556
2.8411,1888,2027,-2100,556
2.8414,1888,2025,-2100,556
2.8418,1888,2025,-2100,556
2.8423,1888,2023,-2100,556
2.8426,1888,2023,-2100,556
2.8430,1888,2023,-2100,556
2.8434,1888,2021,-2100,556
2.8437,1888,2021,-2100,556
2.8441,1888,2021,-2100,556
2.8445,1888,2019,-2100,556
2.8449,1888,2019,-2100,556
2.8453,1888,2016,-2100,540
2.8456,1888,2016,-2100,540
2.8460,1888,2016,-2100,540
2.8464,1888,2014,-2100,540
2.8468,1888,2014,-2100,540
2.8471,1888,2014,-2100,540
2.8475,1888,2012,-2100,520
2.8479,1888,2012,-2100,520
2.8483,1888,2010,-2100,512
2.8487,1888,2010,-2100,512
2.8490,1888,2010,-2100,512
2.8494,1888,2008,-2100,512
2.8498,1888,2008,-2100,512
2.8503,1880,2006,-2100,512
2.8510,1880,2006,-2100,512
2.8514,1880,2004,-2100,504
2.8518,1880,2004,-2100,504
2.8521,1880,2004,-2100,504
2.8525,1880,2002,-2100,504
2.8529,1880,2002,-2100,504
2.8533,1880,2000,-2100,504
2.8536,1880,2000,-2100,504
2.8540,1880,2000,-2100,504
2.8544,1880,1998,-2100,504
2.8547,1880,1998,-2100,504
2.8551,1880,1998,-2100,504
2.8555,1880,1996,-2050,496
2.8558,1880,1996,-2050,496
2.8563,1880,1994,-2050,496
2.8566,1880,1994,-2050,496
2.8570,1880,1994,-2050,496
2.8574,1880,1992,-2050,496
2.8577,1880,1992,-2050,496
2.8581,1880,1992,-2050,496
2.8584,1880,1990,-2050,488
2.8589,1880,1990,-2050,488
2.8593,1880,1988,-2050,488
2.8596,1880,1988,-2050,488
2.8600,1875,1986,-2050,480
2.8607,1875,1986,-2050,480
2.8611,1875,1986,-2050,480
2.8615,1875,1984,-2050,480
2.8618,1875,1984,-2050,480
2.8623,1875,1983,-2050,480
2.8626,1875,1983,-2050,480
2.8630,1875,1983,-2050,480
2.8634,1875,1980,-2050,472
2.8637,1875,1980,-2050,472
2.8641,1875,1978,-2050,464
2.8645,1875,1978,-2050,464
2.8649,1875,1978,-2050,464
2.8653,1875,1977,-2050,472
2.8656,1875,1977,-2050,472
2.8660,1875,1977,-2050,472
2.8664,1875,1975,-2050,464
2.8667,1875,1975,-2050,464
2.8671,1875,1975,-2050,464
2.8675,1875,1973,-2050,460
2.8679,1875,1973,-2050,460
2.8683,1875,1971,-2050,452
2.8686,1875,1971,-2050,452
2.8690,1875,1971,-2050,452
2.8695,1875,1969,-2050,452
2.8699,1875,1969,-2050,452
2.8703,1873,1967,-2050,444
2.8710,1873,1967,-2050,444
2.8714,1873,1965,-2050,436
2.8718,1873,1965,-2050,436
2.8722,1873,1963,-2050,436
2.8725,1873,1963,-2050,436
2.8729,1873,1963,-2050,436
2.8733,1873,1962,-2050,436
2.8736,1873,1962,-2050,436
2.8740,1873,1962,-2050,436
2.8744,1873,1960,-2050,428
2.8747,1873,1960,-2050,428
2.8751,1873,1958,-1900,420
2.8755,1873,1958,-1900,420
2.8758,1873,1958,-1900,420
2.8763,1873,1956,-1900,420
2.8766,1873,1956,-1900,420
2.8770,1873,1956,-1900,420
2.8774,1873,1954,-1900,412
2.8777,1873,1954,-1900,412
2.8781,1873,1952,-1900,404
2.8785,1873,1952,-1900,404
2.8789,1873,1950,-1900,396
2.8794,1873,1950,-1900,396
2.8798,1873,1950,-1900,396
2.8802,1873,1948,-1900,388
2.8808,1873,1948,-1900,388
2.8813,1873,1947,-1900,396
2.8816,1873,1947,-1900,396
2.8820,1873,1945,-1900,388
2.8824,1873,1945,-1900,388
2.8828,1873,1945,-1900,388
2.8831,1873,1943,-1900,380
2.8835,1873,1943,-1900,380
2.8839,1873,1943,-1900,380
2.8843,1873,1942,-1900,380
2.8846,1873,1942,-1900,380
2.8850,1873,1940,-1900,372
2.8854,1873,1940,-1900,372
2.8858,1873,1940,-1900,372
2.8861,1873,1938,-1900,364
2.8865,1873,1938,-1900,364
2.8869,1873,1938,-1900,364
2.8873,1873,1936,-1900,332
2.8877,1873,1936,-1900,332
2.8881,1873,1935,-1900,332
2.8884,1873,1935,-1900,332
2.8888,1873,1935,-1900,332
2.8892,1873,1933,-1900,324
2.8895,1873,1933,-1900,324
2.8899,1873,1933,-1900,324
2.8903,1875,1931,-1900,308
2.8910,1875,1930,-1900,308
2.8914,1875,1930,-1900,308
2.8917,1875,1930,-1900,308
2.8921,1875,1928,-1900,300
2.8926,1875,1928,-1900,300
2.8930,1875,1927,-1900,300
2.8933,1875,1927,-1900,300
2.8937,1875,1927,-1900,300
2.8941,1875,1925,-1900,292
2.8944,1875,1925,-1900,292
2.8948,1875,1925,-1900,292
2.8953,1875,1923,-1750,284
2.8956,1875,1923,-1750,284
2.8960,1875,1922,-1750,276
2.8964,1875,1922,-1750,276
2.8967,1875,1922,-1750,276
2.8971,1875,1920,-1750,268
2.8975,1875,1920,-1750,268
2.8979,1875,1920,-1750,268
2.8983,1875,1919,-1750,268
2.8986,1875,1919,-1750,268
2.8990,1875,1917,-1750,252
2.8994,1875,1917,-1750,252
2.8998,1875,1917,-1750,252
2.9001,1881,1916,-1750,252
2.9009,1881,1916,-1750,252
2.9013,1881,1914,-1750,244
2.9016,1881,1914,-1750,244
2.9020,1881,1913,-1750,236
2.9024,1881,1913,-1750,236
2.9028,1881,1913,-1750,236
2.9032,1881,1911,-1750,228
2.9036,1881,1911,-1750,228
2.9040,1881,1910,-1750,220
2.9043,1881,1910,-1750,220
2.9047,1881,1910,-1750,220
2.9051,1881,1909,-1750,220
2.9054,1881,1909,-1750,220
2.9058,1881,1909,-1750,220
2.9063,1881,1907,-1750,204
2.9067,1881,1907,-1750,204
2.9070,1881,1906,-1750,192
2.9074,1881,1906,-1750,192
2.9078,1881,1906,-1750,192
2.9082,1881,1905,-1750,184
2.9085,1881,1905,-1750,184
2.9089,1881,1905,-1750,184
2.9093,1881,1903,-1750,176
2.9096,1881,1903,-1750,176
2.9100,1889,1902,-1750,168
2.9107,1889,1902,-1750,168
2.9111,1889,1901,-1750,160
2.9115,1889,1901,-1750,160
2.9119,1889,1899,-1750,152
2.9123,1889,1899,-1750,152
2.9126,1889,1899,-1750,152
2.9130,1889,1898,-1750,144
2.9134,1889,1898,-1750,144
2.9138,1889,1898,-1750,144
2.9143,1889,1897,-1750,136
2.9147,1889,1897,-1750,136
2.9151,1889,1896,-1350,128
2.9154,1889,1896,-1350,128
2.9158,1889,1896,-1350,128
2.9163,1889,1895,-1350,128
2.9167,1889,1895,-1350,128
2.9170,1889,1893,-1350,112
2.9174,1889,1893,-1350,112
2.9178,1889,1893,-1350,112
2.9183,1889,1892,-1350,104
2.9186,1889,1892,-1350,104
2.9190,1889,1891,-1350,96
2.9194,1889,1891,-1350,96
2.9198,1889,1891,-1350,96
2.9201,1899,1890,-1350,88
2.9209,1899,1889,-1350,80
2.9213,1899,1889,-1350,80
2.9216,1899,1889,-1350,80
2.9220,1899,1888,-1350,72
2.9224,1899,1888,-1350,72
2.9228,1899,1888,-1350,72
2.9231,1899,1887,-1350,64
2.9235,1899,1887,-1350,64
2.9239,1899,1886,-1350,56
2.9243,1899,1886,-1350,56
2.9247,1899,1886,-1350,56
2.9251,1899,1885,-1350,48
2.9255,1899,1885,-1350,48
2.9258,1899,1885,-1350,48
2.9263,1899,1884,-1350,40
2.9266,1899,1884,-1350,40
2.9270,1899,1883,-1350,0
2.9274,1899,1883,-1350,0
2.9277,1899,1883,-1350,0
2.9281,1899,1883,-1350,0
2.9285,1899,1883,-1350,0
2.9288,1899,1882,-1350,-24
2.9293,1899,1882,-1350,-24
2.9296,1899,1882,-1350,-24
2.9300,1899,1881,-1350,-32
2.9304,1912,1881,-1350,-32
2.9311,1912,1880,-1350,-48
2.9315,1912,1880,-1350,-48
2.9318,1912,1880,-1350,-48
2.9323,1912,1880,-1350,-48
2.9327,1912,1880,-1350,-48
2.9331,1912,1879,-1350,-56
2.9335,1912,1879,-1350,-56
2.9339,1912,1878,-1350,-64
2.9343,1912,1878,-1350,-64
2.9346,1912,1878,-1350,-64
2.9350,1912,1878,-900,-72
2.9354,1912,1878,-900,-72
2.9357,1912,1878,-900,-72
2.9361,1912,1877,-900,-80
2.9365,1912,1877,-900,-80
2.9369,1912,1876,-900,-96
2.9373,1912,1876,-900,-96
2.9376,1912,1876,-900,-96
2.9380,1912,1876,-900,-96
2.9384,1912,1876,-900,-96
2.9387,1912,1876,-900,-96
2.9391,1912,1875,-900,-96
2.9395,1912,1875,-900,-96
2.9398,1912,1875,-900,-96
2.9403,1927,1875,-900,-96
2.9410,1927,1874,-900,-104
2.9413,1927,1874,-900,-104
2.9417,1927,1874,-900,-104
2.9421,1927,1874,-900,-112
2.9424,1927,1874,-900,-112
2.9428,1927,1874,-900,-112
2.9433,1927,1874,-900,-112
2.9436,1927,1874,-900,-112
2.9440,1927,1873,-900,-128
2.9444,1927,1873,-900,-128
2.9448,1927,1873,-900,-128
2.9453,1927,1873,-900,-128
2.9457,1927,1873,-900,-128
2.9460,1927,1873,-900,-136
2.9464,1927,1873,-900,-136
2.9468,1927,1873,-900,-128
2.9471,1927,1873,-900,-128
2.9475,1927,1873,-900,-128
2.9479,1927,1872,-900,-136
2.9483,1927,1872,-900,-136
2.9487,1927,1872,-900,-136
2.9490,1927,1872,-900,-144
2.9494,1927,1872,-900,-144
2.9498,1927,1872,-900,-152
2.9501,1943,1872,-900,-152
2.9508,1943,1872,-900,-160
2.9513,1943,1872,-900,-160
2.9517,1943,1872,-900,-160
2.9520,1943,1872,-900,-160
2.9524,1943,1872,-900,-160
2.9528,1943,1872,-900,-168
2.9533,1943,1872,-900,-168
2.9537,1943,1872,-900,-176
2.9541,1943,1872,-900,-176
2.9545,1943,1872,-900,-176
2.9549,1943,1872,-300,-184
2.9553,1943,1872,-300,-184
2.9556,1943,1872,-300,-184
2.9560,1943,1872,-300,-192
2.9564,1943,1872,-300,-192
2.9567,1943,1872,-300,-192
2.9571,1943,1872,-300,-192
2.9574,1943,1872,-300,-192
2.9578,1943,1872,-300,-200
2.9582,1943,1872,-300,-200
2.9585,1943,1872,-300,-200
2.9589,1943,1872,-300,-208
2.9593,1943,1872,-300,-208
2.9596,1943,1872,-300,-208
2.9600,1943,1872,-300,-216
2.9603,1961,1872,-300,-216
2.9610,1961,1872,-300,-224
2.9614,1961,1872,-300,-224
2.9618,1961,1872,-300,-232
2.9621,1961,1872,-300,-232
2.9625,1961,1872,-300,-232
2.9629,1961,1872,-300,-240
2.9633,1961,1872,-300,-240
2.9636,1961,1872,-300,-240
2.9640,1961,1872,-300,-248
2.9644,1961,1872,-300,-248
2.9647,1961,1872,-300,-256
2.9651,1961,1872,-300,-256
2.9655,1961,1872,-300,-256
2.9658,1961,1872,-300,-272
2.9663,1961,1872,-300,-272
2.9666,1961,1872,-300,-272
2.9670,1961,1872,-300,-292
2.9674,1961,1872,-300,-292
2.9678,1961,1873,-300,-292
2.9681,1961,1873,-300,-292
2.9685,1961,1873,-300,-292
2.9689,1961,1873,-300,-300
2.9693,1961,1873,-300,-300
2.9697,1961,1874,-300,-300
2.9700,1980,1874,-300,-300
2.9707,1980,1874,-300,-316
2.9711,1980,1874,-300,-316
2.9714,1980,1874,-300,-316
2.9718,1980,1874,-300,-324
2.9722,1980,1874,-300,-324
2.9726,1980,1874,-300,-324
2.9730,1980,1875,-300,-324
2.9734,1980,1875,-300,-324
2.9737,1980,1876,-300,-324
2.9741,1980,1876,-300,-324
2.9748,1980,1876,200,-340
2.9753,1980,1876,200,-340
2.9758,1980,1877,200,-340
2.9761,1980,1877,200,-340
2.9765,1980,1877,200,-340
2.9769,1980,1877,200,-356
2.9774,1980,1877,200,-356
2.9777,1980,1878,200,-356
2.9781,1980,1878,200,-356
2.9785,1980,1878,200,-356
2.9788,1980,1879,200,-356
2.9793,1980,1879,200,-356
2.9796,1980,1879,200,-372
2.9800,1980,1879,200,-372
2.9804,2001,1880,200,-372
2.9811,2001,1880,200,-372
2.9814,2001,1880,200,-372
2.9818,2001,1880,200,-388
2.9823,2001,1880,200,-388
2.9827,2001,1881,200,-388
2.9830,2001,1881,200,-388
2.9834,2001,1881,200,-388
2.9838,2001,1882,200,-396
2.9842,2001,1882,200,-396
2.9846,2001,1882,200,-396
2.9849,2001,1883,200,-404
2.9853,2001,1883,200,-404
2.9856,2001,1884,200,-404
2.9860,2001,1884,200,-404
2.9864,2001,1884,200,-404
2.9868,2001,1885,200,-396
2.9871,2001,1885,200,-396
2.9875,2001,1885,200,-396
2.9879,2001,1886,200,-404
2.9883,2001,1886,200,-404
2.9886,2001,1886,200,-412
2.9890,2001,1886,200,-412
2.9894,2001,1886,200,-412
2.9897,2001,1887,200,-420
2.9901,2022,1887,200,-420
2.9908,2022,1888,200,-428
2.9911,2022,1888,200,-428
2.9915,2022,1889,200,-436
2.9919,2022,1889,200,-436
2.9923,2022,1889,200,-436
2.9926,2022,1890,200,-436
2.9930,2022,1890,200,-436
2.9934,2022,1890,200,-436
2.9938,2022,1891,200,-444
2.9941,2022,1891,200,-444
2.9945,2022,1891,200,-444
2.9949,2022,1892,800,-452
2.9953,2022,1892,800,-452
2.9957,2022,1893,800,-460
2.9960,2022,1893,800,-460
2.9964,2022,1893,800,-460
2.9968,2022,1894,800,-468
2.9972,2022,1894,800,-468
2.9976,2022,1895,800,-476
2.9980,2022,1895,800,-476
2.9984,2022,1895,800,-476
2.9987,2022,1896,800,-484
2.9991,2022,1896,800,-484
2.9994,2022,1896,800,-484
2.9998,2022,1898,800,-484
3.0002,2043,1898,800,-484
3.0008,2043,1899,800,-492
3.0013,2043,1899,800,-492
3.0016,2043,1900,800,-492
3.0020,2043,1900,800,-492
3.0023,2043,1900,800,-492
3.0027,2043,1901,800,-500
3.0031,2043,1901,800,-500
3.0034,2043,1901,800,-500
3.0038,2043,1902,800,-508
3.0042,2043,1902,800,-508
3.0045,2043,1903,800,-516
3.0049,2043,1903,800,-516
3.0053,2043,1903,800,-516
3.0056,2043,1904,800,-524
3.0060,2043,1904,800,-524
3.0063,2043,1904,800,-524
3.0067,2043,1906,800,-540
3.0070,2043,1906,800,-540
3.0074,2043,1906,800,-540
3.0078,2043,1907,800,-548
3.0081,2043,1907,800,-548
3.0085,2043,1908,800,-556
3.0089,2043,1908,800,-556
3.0093,2043,1908,800,-556
3.0096,2043,1910,800,-556
3.0100,2043,1910,800,-556
3.0104,2065,1911,800,-556
3.0110,2065,1911,800,-556
3.0114,2065,1911,800,-556
3.0118,2065,1912,800,-564
3.0121,2065,1912,800,-564
3.0125,2065,1914,800,-564
3.0130,2065,1914,800,-564
3.0133,2065,1914,800,-564
3.0137,2065,1915,800,-572
3.0140,2065,1915,800,-572
3.0144,2065,1915,800,-572
3.0148,2065,1917,1250,-580
3.0151,2065,1917,1250,-580
3.0155,2065,1919,1250,-580
3.0159,2065,1919,1250,-580
3.0163,2065,1919,1250,-580
3.0166,2065,1920,1250,-588
3.0170,2065,1920,1250,-588
3.0174,2065,1921,1250,-596
3.0179,2065,1921,1250,-596
3.0184,2065,1923,1250,-596
3.0188,2065,1923,1250,-596
3.0192,2065,1923,1250,-596
3.0195,2065,1924,1250,-604
3.0199,2065,1924,1250,-604
3.0203,2086,1926,1250,-604
3.0210,2086,1926,1250,-604
3.0214,2086,1926,1250,-604
3.0217,2086,1927,1250,-612
3.0221,2086,1927,1250,-612
3.0224,2086,1929,1250,-612
3.0228,2086,1929,1250,-612
3.0231,2086,1929,1250,-612
3.0235,2086,1931,1250,-612
3.0239,2086,1931,1250,-612
3.0243,2086,1931,1250,-612
3.0247,2086,1932,1250,-620
3.0250,2086,1932,1250,-620
3.0254,2086,1932,1250,-620
3.0257,2086,1934,1250,-620
3.0261,2086,1934,1250,-620
3.0265,2086,1936,1250,-592
3.0268,2086,1936,1250,-592
3.0273,2086,1936,1250,-592
3.0276,2086,1937,1250,-600
3.0280,2086,1937,1250,-600
3.0284,2086,1937,1250,-600
3.0287,2086,1939,1250,-600
3.0291,2086,1939,1250,-600
3.0295,2086,1941,1250,-600
3.0299,2086,1941,1250,-600
3.0303,2106,1943,1250,-600
3.0309,2106,1943,1250,-600
3.0313,2106,1943,1250,-600
3.0317,2106,1945,1250,-600
3.0320,2106,1945,1250,-600
3.0324,2106,1947,1250,-600
3.0328,2106,1947,1250,-600
3.0332,2106,1947,1250,-600
3.0335,2106,1948,1250,-608
3.0339,2106,1948,1250,-608
3.0343,2106,1948,1250,-608
3.0347,2106,1950,1650,-608
3.0350,2106,1950,1650,-608
3.0354,2106,1952,1650,-608
3.0358,2106,1952,1650,-608
3.0363,2106,1952,1650,-608
3.0367,2106,1953,1650,-616
3.0371,2106,1953,1650,-616
3.0375,2106,1955,1650,-616
3.0378,2106,1955,1650,-616
3.0383,2106,1955,1650,-616
3.0386,2106,1957,1650,-616
3.0390,2106,1957,1650,-616
3.0394,2106,1959,1650,-616
3.0397,2106,1959,1650,-616
3.0401,2125,1961,1650,-616
3.0408,2125,1961,1650,-616
3.0412,2125,1961,1650,-616
3.0415,2125,1963,1650,-616
3.0419,2125,1963,1650,-616
3.0423,2125,1963,1650,-616
3.0427,2125,1965,1650,-616
3.0430,2125,1965,1650,-616
3.0434,2125,1967,1650,-616
3.0438,2125,1967,1650,-616
3.0441,2125,1967,1650,-616
3.0445,2125,1969,1650,-616
3.0449,2125,1969,1650,-616
3.0453,2125,1969,1650,-616
3.0456,2125,1970,1650,-624
3.0460,2125,1970,1650,-624
3.0464,2125,1972,1650,-600
3.0468,2125,1972,1650,-600
3.0472,2125,1972,1650,-600
3.0475,2125,1974,1650,-600
3.0479,2125,1974,1650,-600
3.0483,2125,1977,1650,-592
3.0487,2125,1977,1650,-592
3.0491,2125,1977,1650,-592
3.0495,2125,1978,1650,-600
3.0498,2125,1978,1650,-600
3.0503,2144,1980,1650,-600
3.0510,2144,1980,1650,-600
3.0513,2144,1983,1650,-592
3.0517,2144,1983,1650,-592
3.0521,2144,1983,1650,-592
3.0525,2144,1984,1650,-600
3.0529,2144,1984,1650,-600
3.0533,2144,1984,1650,-600
3.0536,2144,1986,1650,-600
3.0540,2144,1986,1650,-600
3.0543,2144,1988,1900,-600
3.0547,2144,1988,1900,-600
3.0551,2144,1988,1900,-600
3.0555,2144,1990,1900,-600
3.0559,2144,1990,1900,-600
3.0563,2144,1992,1900,-600
3.0566,2144,1992,1900,-600
3.0570,2144,1992,1900,-600
3.0574,2144,1994,1900,-600
3.0578,2144,1994,1900,-600
3.0582,2144,1996,1900,-600
3.0586,2144,1996,1900,-600
3.0590,2144,1996,1900,-600
3.0594,2144,1998,1900,-600
3.0597,2144,1998,1900,-600
3.0601,2160,2000,1900,-600
3.0608,2160,2000,1900,-600
3.0611,2160,2000,1900,-600
3.0615,2160,2002,1900,-600
3.0619,2160,2002,1900,-600
3.0623,2160,2004,1900,-600
3.0626,2160,2004,1900,-600
3.0630,2160,2004,1900,-600
3.0634,2160,2006,1900,-600
3.0637,2160,2006,1900,-600
3.0641,2160,2006,1900,-600
3.0644,2160,2008,1900,-600
3.0648,2160,2008,1900,-600
3.0652,2160,2008,1900,-600
3.0655,2160,2011,1900,-600
3.0659,2160,2011,1900,-600
3.0663,2160,2012,1900,-596
3.0666,2160,2012,1900,-596
3.0670,2160,2012,1900,-596
3.0674,2160,2015,1900,-580
3.0678,2160,2015,1900,-580
3.0681,2160,2015,1900,-580
3.0685,2160,2016,1900,-588
3.0689,2160,2016,1900,-588
3.0693,2160,2019,1900,-580
3.0696,2160,2019,1900,-580
3.0700,2160,2019,1900,-580
3.0703,2175,2020,1900,-588
3.0711,2175,2020,1900,-588
3.0714,2175,2023,1900,-580
3.0718,2175,2023,1900,-580
3.0722,2175,2025,1900,-580
3.0726,2175,2025,1900,-580
3.0730,2175,2025,1900,-580
3.0733,2175,2027,1900,-580
3.0737,2175,2027,1900,-580
3.0741,2175,2027,1900,-580
3.0744,2175,2029,2050,-580
3.0748,2175,2029,2050,-580
3.0751,2175,2029,2050,-580
3.0755,2175,2031,2050,-580
3.0759,2175,2031,2050,-580
3.0763,2175,2033,2050,-580
3.0767,2175,2033,2050,-580
3.0771,2175,2033,2050,-580
3.0774,2175,2035,2050,-580
3.0778,2175,2035,2050,-580
3.0783,2175,2037,2050,-580
3.0787,2175,2037,2050,-580
3.0791,2175,2037,2050,-580
3.0795,2175,2039,2050,-580
3.0799,2175,2039,2050,-580
3.0803,2187,2041,2050,-580
3.0810,2187,2041,2050,-580
3.0814,2187,2043,2050,-580
3.0818,2187,2043,2050,-580
3.0821,2187,2045,2050,-572
3.0826,2187,2045,2050,-572
3.0830,2187,2045,2050,-572
3.0833,2187,2047,2050,-572
3.0837,2187,2047,2050,-572
3.0841,2187,2047,2050,-572
3.0844,2187,2050,2050,-564
3.0848,2187,2050,2050,-564
3.0851,2187,2051,2050,-572
3.0856,2187,2051,2050,-572
3.0860,2187,2051,2050,-572
3.0864,2187,2054,2050,-544
3.0868,2187,2054,2050,-544
3.0871,2187,2056,2050,-544
3.0875,2187,2056,2050,-544
3.0879,2187,2056,2050,-544
3.0883,2187,2058,2050,-544
3.0886,2187,2058,2050,-544
3.0890,2187,2058,2050,-544
3.0894,2187,2060,2050,-536
3.0897,2187,2060,2050,-536
3.0901,2198,2062,2050,-536
3.0909,2198,2062,2050,-536
3.0913,2198,2064,2050,-536
3.0916,2198,2064,2050,-536
3.0920,2198,2064,2050,-536
3.0924,2198,2066,2050,-536
3.0927,2198,2066,2050,-536
3.0932,2198,2068,2050,-536
3.0935,2198,2068,2050,-536
3.0939,2198,2068,2050,-536
3.0943,2198,2070,2050,-528
3.0946,2198,2070,2050,-528
3.0950,2198,2070,2050,-528
3.0954,2198,2072,2050,-528
3.0957,2198,2072,2050,-528
3.0961,2198,2074,2050,-528
3.0965,2198,2074,2050,-528
3.0969,2198,2074,2050,-528
3.0973,2198,2076,2050,-528
3.0977,2198,2076,2050,-528
3.0981,2198,2078,2050,-520
3.0985,2198,2078,2050,-520
3.0989,2198,2078,2050,-520
3.0993,2198,2080,2050,-520
3.0996,2198,2080,2050,-520
3.1000,2205,2083,2050,-512
3.1008,2205,2083,2050,-512
3.1012,2205,2084,2050,-512
3.1015,2205,2084,2050,-512
3.1019,2205,2084,2050,-512
3.1023,2205,2086,2050,-512
3.1026,2205,2086,2050,-512
3.1029,2205,2086,2050,-512
3.1033,2205,2088,2050,-512
3.1036,2205,2088,2050,-512
3.1040,2205,2088,2050,-512
3.1044,2205,2090,2050,-504
3.1047,2205,2090,2050,-504
3.1051,2205,2092,2050,-504
3.1055,2205,2092,2050,-504
3.1059,2205,2092,2050,-504
3.1063,2205,2094,2050,-500
3.1067,2205,2094,2050,-500
3.1070,2205,2096,2050,-492
3.1074,2205,2096,2050,-492
3.1078,2205,2096,2050,-492
3.1081,2205,2098,2050,-492
3.1085,2205,2098,2050,-492
3.1089,2205,2098,2050,-492
3.1093,2205,2100,2050,-484
3.1096,2205,2100,2050,-484
3.1100,2205,2100,2050,-484
3.1103,2211,2102,2050,-484
3.1110,2211,2104,2050,-476
3.1114,2211,2104,2050,-476
3.1118,2211,2104,2050,-476
3.1121,2211,2106,2050,-476
3.1125,2211,2106,2050,-476
3.1129,2211,2106,2050,-476
3.1133,2211,2108,2050,-468
3.1136,2211,2108,2050,-468
3.1140,2211,2110,2000,-468
3.1144,2211,2110,2000,-468
3.1148,2211,2110,2000,-468
3.1151,2211,2112,2000,-460
3.1155,2211,2112,2000,-460
3.1159,2211,2112,2000,-460
3.1163,2211,2113,2000,-468
3.1166,2211,2113,2000,-468
3.1170,2211,2115,2000,-460
3.1174,2211,2115,2000,-460
3.1178,2211,2115,2000,-460
3.1182,2211,2117,2000,-460
3.1185,2211,2117,2000,-460
3.1189,2211,2117,2000,-460
3.1193,2211,2119,2000,-452
3.1196,2211,2119,2000,-452
3.1200,2213,2121,2000,-444
3.1210,2213,2123,2000,-444
3.1214,2213,2123,2000,-444
3.1217,2213,2123,2000,-444
3.1221,2213,2125,2000,-436
3.1225,2213,2125,2000,-436
3.1229,2213,2125,2000,-436
3.1233,2213,2126,2000,-436
3.1236,2213,2126,2000,-436
3.1240,2213,2129,2000,-420
3.1244,2213,2129,2000,-420
3.1248,2213,2129,2000,-420
3.1252,2213,2130,2000,-428
3.1255,2213,2130,2000,-428
3.1259,2213,2130,2000,-428
3.1263,2213,2132,2000,-400
3.1266,2213,2132,2000,-400
3.1270,2213,2134,2000,-392
3.1273,2213,2134,2000,-392
3.1277,2213,2134,2000,-392
3.1281,2213,2136,2000,-384
3.1285,2213,2136,2000,-384
3.1289,2213,2136,2000,-384
3.1293,2213,2137,2000,-384
3.1296,2213,2137,2000,-384
3.1300,2213,2139,2000,-376
3.1303,2213,2139,2000,-376
3.1310,2213,2141,2000,-368
3.1314,2213,2141,2000,-368
3.1318,2213,2141,2000,-368
3.1321,2213,2143,2000,-360
3.1325,2213,2143,2000,-360
3.1329,2213,2143,2000,-360
3.1333,2213,2145,2000,-352
3.1337,2213,2145,2000,-352
3.1340,2213,2146,1800,-352
3.1344,2213,2146,1800,-352
3.1348,2213,2146,1800,-352
3.1351,2213,2148,1800,-344
3.1355,2213,2148,1800,-344
3.1359,2213,2148,1800,-344
3.1363,2213,2150,1800,-336
3.1366,2213,2150,1800,-336
3.1370,2213,2152,1800,-328
3.1374,2213,2152,1800,-328
3.1377,2213,2152,1800,-328
3.1381,2213,2153,1800,-328
3.1385,2213,2153,1800,-328
3.1388,2213,2153,1800,-328
3.1393,2213,2155,1800,-320
3.1396,2213,2155,1800,-320
3.1400,2211,2157,1800,-312
3.1407,2211,2157,1800,-312
3.1411,2211,2158,1800,-312
3.1415,2211,2158,1800,-312
3.1418,2211,2158,1800,-312
3.1423,2211,2160,1800,-296
3.1426,2211,2160,1800,-296
3.1432,2211,2161,1800,-296
3.1436,2211,2161,1800,-296
3.1440,2211,2163,1800,-288
3.1443,2211,2163,1800,-288
3.1447,2211,2163,1800,-288
3.1450,2211,2164,1800,-288
3.1454,2211,2164,1800,-288
3.1458,2211,2164,1800,-288
3.1461,2211,2166,1800,-248
3.1465,2211,2166,1800,-248
3.1469,2211,2167,1800,-248
3.1473,2211,2167,1800,-248
3.1476,2211,2167,1800,-248
3.1480,2211,2169,1800,-240
3.1483,2211,2169,1800,-240
3.1487,2211,2169,1800,-240
3.1490,2211,2170,1800,-232
3.1494,2211,2170,1800,-232
3.1498,2211,2170,1800,-232
3.1501,2205,2171,1800,-232
3.1508,2205,2173,1800,-216
3.1513,2205,2173,1800,-216
3.1517,2205,2173,1800,-216
3.1521,2205,2175,1800,-208
3.1524,2205,2175,1800,-208
3.1528,2205,2175,1800,-208
3.1532,2205,2176,1800,-200
3.1535,2205,2176,1800,-200
3.1539,2205,2177,1550,-200
3.1543,2205,2177,1550,-200
3.1546,2205,2177,1550,-200
3.1550,2205,2179,1550,-184
3.1554,2205,2179,1550,-184
3.1557,2205,2179,1550,-184
3.1561,2205,2181,1550,-176
3.1565,2205,2181,1550,-176
3.1569,2205,2182,1550,-168
3.1573,2205,2182,1550,-168
3.1576,2205,2182,1550,-168
3.1580,2205,2183,1550,-168
3.1584,2205,2183,1550,-168
3.1587,2205,2183,1550,-168
3.1591,2205,2184,1550,-160
3.1594,2205,2184,1550,-160
3.1599,2205,2185,1550,-152
3.1602,2197,2185,1550,-152
3.1609,2197,2186,1550,-152
3.1613,2197,2186,1550,-152
3.1617,2197,2186,1550,-152
3.1620,2197,2188,1550,-136
3.1624,2197,2188,1550,-136
3.1628,2197,2188,1550,-136
3.1631,2197,2189,1550,-128
3.1635,2197,2189,1550,-128
3.1639,2197,2190,1550,-120
3.1643,2197,2190,1550,-120
3.1646,2197,2190,1550,-120
3.1650,2197,2191,1550,-120
3.1654,2197,2191,1550,-120
3.1658,2197,2192,1550,-108
3.1661,2197,2192,1550,-108
3.1665,2197,2192,1550,-108
3.1669,2197,2193,1550,-100
3.1673,2197,2193,1550,-100
3.1676,2197,2193,1550,-100
3.1680,2197,2194,1550,-92
3.1684,2197,2194,1550,-92
3.1687,2197,2194,1550,-92
3.1690,2197,2195,1550,-84
3.1694,2197,2195,1550,-84
3.1697,2197,2195,1550,-84
3.1701,2187,2196,1550,-76
3.1707,2187,2197,1550,-68
3.1711,2187,2197,1550,-68
3.1715,2187,2197,1550,-68
3.1718,2187,2198,1550,-60
3.1722,2187,2198,1550,-60
3.1726,2187,2198,1550,-60
3.1730,2187,2199,1550,-52
3.1733,2187,2199,1550,-52
3.1737,2187,2199,1550,-52
3.1740,2187,2200,1150,-44
3.1744,2187,2200,1150,-44
3.1748,2187,2201,1150,-36
3.1752,2187,2201,1150,-36
3.1755,2187,2201,1150,-36
3.1760,2187,2202,1150,-28
3.1765,2187,2202,1150,-28
3.1769,2187,2203,1150,20
3.1773,2187,2203,1150,20
3.1777,2187,2203,1150,20
3.1780,2187,2204,1150,28
3.1784,2187,2204,1150,28
3.1788,2187,2204,1150,28
3.1792,2187,2204,1150,28
3.1795,2187,2204,1150,28
3.1799,2187,2205,1150,36
3.1803,2174,2205,1150,36
3.1809,2174,2206,1150,44
3.1813,2174,2206,1150,44
3.1817,2174,2206,1150,44
3.1820,2174,2207,1150,60
3.1824,2174,2207,1150,60
3.1828,2174,2207,1150,60
3.1831,2174,2207,1150,60
3.1835,2174,2207,1150,60
3.1839,2174,2208,1150,68
3.1843,2174,2208,1150,68
3.1847,2174,2208,1150,68
3.1850,2174,2208,1150,76
3.1854,2174,2208,1150,76
3.1858,2174,2209,1150,96
3.1862,2174,2209,1150,96
3.1866,2174,2209,1150,96
3.1870,2174,2209,1150,96
3.1875,2174,2209,1150,96
3.1879,2174,2210,1150,96
3.1883,2174,2210,1150,96
3.1887,2174,2210,1150,104
3.1891,2174,2210,1150,104
3.1894,2174,2210,1150,104
3.1898,2174,2211,1150,112
3.1902,2160,2211,1150,112
3.1909,2160,2211,1150,120
3.1913,2160,2211,1150,120
3.1917,2160,2211,1150,120
3.1920,2160,2211,1150,120
3.1924,2160,2211,1150,120
3.1928,2160,2211,1150,128
3.1931,2160,2211,1150,128
3.1935,2160,2211,1150,128
3.1939,2160,2211,550,128
3.1943,2160,2211,550,128
3.1946,2160,2212,550,144
3.1950,2160,2212,550,144
3.1954,2160,2212,550,144
3.1957,2160,2212,550,152
3.1961,2160,2212,550,152
3.1964,2160,2212,550,152
3.1968,2160,2212,550,152
3.1971,2160,2212,550,152
3.1975,2160,2212,550,152
3.1979,2160,2212,550,160
3.1983,2160,2212,550,160
3.1986,2160,2212,550,168
3.1990,2160,2212,550,168
3.1994,2160,2212,550,168
3.1997,2160,2212,550,176
3.2001,2143,2212,550,176
3.2008,2143,2212,550,176
3.2012,2143,2212,550,176
3.2015,2143,2212,550,176
3.2019,2143,2212,550,184
3.2023,2143,2212,550,184
3.2026,2143,2212,550,192
3.2030,2143,2212,550,192
3.2034,2143,2212,550,192
3.2038,2143,2212,550,200
3.2041,2143,2212,550,200
3.2045,2143,2212,550,200
3.2049,2143,2212,550,208
3.2053,2143,2212,550,208
3.2056,2143,2212,550,196
3.2060,2143,2212,550,196
3.2064,2143,2212,550,196
3.2067,2143,2212,550,204
3.2071,2143,2212,550,204
3.2075,2143,2212,550,204
3.2079,2143,2212,550,212
3.2083,2143,2212,550,212
3.2087,2143,2212,550,220
3.2091,2143,2212,550,220
3.2094,2143,2212,550,220
3.2098,2143,2212,550,228
3.2101,2125,2212,550,228
3.2108,2125,2212,550,236
3.2113,2125,2212,550,236
3.2116,2125,2212,550,244
3.2120,2125,2212,550,244
3.2124,2125,2212,550,244
3.2128,2125,2212,550,252
3.2131,2125,2212,550,252
3.2135,2125,2212,550,252
3.2139,2125,2212,50,260
3.2143,2125,2212,50,260
3.2146,2125,2212,50,268
3.2150,2125,2212,50,268
3.2154,2125,2212,50,268
3.2157,2125,2212,50,276
3.2163,2125,2212,50,276
3.2166,2125,2212,50,284
3.2170,2125,2212,50,284
3.2174,2125,2212,50,284
3.2178,2125,2212,50,300
3.2181,2125,2212,50,300
3.2185,2125,2211,50,300
3.2189,2125,2211,50,300
3.2193,2125,2211,50,300
3.2196,2125,2211,50,308
3.2200,2106,2211,50,308
3.2208,2106,2210,50,308
3.2211,2106,2210,50,308
3.2215,2106,2210,50,324
3.2219,2106,2210,50,324
3.2223,2106,2210,50,324
3.2226,2106,2209,50,324
3.2230,2106,2209,50,324
3.2234,2106,2209,50,324
3.2237,2106,2208,50,324
3.2241,2106,2208,50,324
3.2245,2106,2208,50,324
3.2248,2106,2208,50,340
3.2253,2106,2208,50,340
3.2256,2106,2207,50,352
3.2260,2106,2207,50,352
3.2263,2106,2207,50,352
3.2267,2106,2206,50,360
3.2271,2106,2206,50,360
3.2275,2106,2206,50,360
3.2278,2106,2206,50,368
3.2283,2106,2206,50,368
3.2286,2106,2205,50,376
3.2290,2106,2205,50,376
3.2294,2106,2205,50,384
3.2299,2106,2205,50,384
3.2303,2085,2204,50,392
3.2310,2085,2204,50,392
3.2313,2085,2204,50,392
3.2317,2085,2203,50,392
3.2321,2085,2203,50,392
3.2324,2085,2202,50,400
3.2328,2085,2202,50,400
3.2333,2085,2202,50,400
3.2337,2085,2201,-550,408
3.2341,2085,2201,-550,408
3.2344,2085,2201,-550,408
3.2348,2085,2200,-550,408
3.2352,2085,2200,-550,408
3.2355,2085,2199,-550,416
3.2359,2085,2199,-550,416
3.2363,2085,2199,-550,416
3.2366,2085,2199,-550,432
3.2372,2085,2199,-550,432
3.2375,2085,2198,-550,432
3.2379,2085,2198,-550,432
3.2383,2085,2198,-550,432
3.2387,2085,2197,-550,440
3.2390,2085,2197,-550,440
3.2394,2085,2197,-550,440
3.2398,2085,2196,-550,448
3.2401,2064,2195,-550,456
3.2408,2064,2195,-550,456
3.2413,2064,2195,-550,456
3.2416,2064,2194,-550,464
3.2420,2064,2194,-550,464
3.2424,2064,2194,-550,464
3.2427,2064,2193,-550,464
3.2431,2064,2193,-550,464
3.2435,2064,2192,-550,472
3.2439,2064,2192,-550,472
3.2443,2064,2192,-550,472
3.2447,2064,2191,-550,480
3.2450,2064,2191,-550,480
3.2454,2064,2190,-550,484
3.2458,2064,2190,-550,484
3.2461,2064,2190,-550,484
3.2465,2064,2189,-550,492
3.2469,2064,2189,-550,492
3.2473,2064,2189,-550,492
3.2477,2064,2188,-550,500
3.2480,2064,2188,-550,500
3.2484,2064,2186,-550,500
3.2488,2064,2186,-550,500
3.2492,2064,2186,-550,500
3.2495,2064,2185,-550,508
3.2500,2043,2184,-550,516
3.2509,2043,2184,-550,516
3.2513,2043,2184,-550,516
3.2517,2043,2183,-550,516
3.2520,2043,2183,-550,516
3.2524,2043,2182,-550,524
3.2528,2043,2182,-550,524
3.2532,2043,2182,-550,524
3.2535,2043,2180,-1050,524
3.2539,2043,2180,-1050,524
3.2543,2043,2180,-1050,524
3.2546,2043,2179,-1050,532
3.2550,2043,2179,-1050,532
3.2554,2043,2177,-1050,532
3.2558,2043,2177,-1050,532
3.2561,2043,2177,-1050,532
3.2565,2043,2176,-1050,540
3.2569,2043,2176,-1050,540
3.2573,2043,2176,-1050,540
3.2576,2043,2175,-1050,548
3.2580,2043,2175,-1050,548
3.2584,2043,2174,-1050,556
3.2588,2043,2174,-1050,556
3.2591,2043,2174,-1050,556
3.2595,2043,2172,-1050,556
3.2599,2043,2172,-1050,556
3.2604,2021,2171,-1050,564
3.2611,2021,2171,-1050,564
3.2615,2021,2170,-1050,572
3.2620,2021,2170,-1050,572
3.2624,2021,2168,-1050,572
3.2628,2021,2168,-1050,572
3.2631,2021,2168,-1050,572
3.2635,2021,2167,-1050,580
3.2639,2021,2167,-1050,580
3.2643,2021,2167,-1050,580
3.2646,2021,2165,-1050,580
3.2650,2021,2165,-1050,580
3.2653,2021,2164,-1050,572
3.2657,2021,2164,-1050,572
3.2661,2021,2164,-1050,572
3.2664,2021,2162,-1050,572
3.2668,2021,2162,-1050,572
3.2672,2021,2162,-1050,572
3.2675,2021,2160,-1050,572
3.2679,2021,2160,-1050,572
3.2683,2021,2160,-1050,572
3.2686,2021,2159,-1050,580
3.2690,2021,2159,-1050,580
3.2694,2021,2157,-1050,580
3.2698,2021,2157,-1050,580
3.2702,2000,2156,-1050,588
3.2711,2000,2156,-1050,588
3.2715,2000,2154,-1050,588
3.2719,2000,2154,-1050,588
3.2724,2000,2153,-1050,596
3.2728,2000,2153,-1050,596
3.2731,2000,2153,-1050,596
3.2735,2000,2151,-1450,596
3.2739,2000,2151,-1450,596
3.2743,2000,2151,-1450,596
3.2746,2000,2149,-1450,596
3.2750,2000,2149,-1450,596
3.2754,2000,2147,-1450,596
3.2757,2000,2147,-1450,596
3.2761,2000,2147,-1450,596
3.2765,2000,2146,-1450,604
3.2769,2000,2146,-1450,604
3.2773,2000,2144,-1450,604
3.2776,2000,2144,-1450,604
3.2780,2000,2144,-1450,604
3.2784,2000,2142,-1450,604
3.2787,2000,2142,-1450,604
3.2791,2000,2142,-1450,604
3.2795,2000,2140,-1450,604
3.2799,2000,2140,-1450,604
3.2803,1980,2138,-1450,604
3.2809,1980,2138,-1450,604
3.2814,1980,2136,-1450,604
3.2817,1980,2136,-1450,604
3.2821,1980,2136,-1450,604
3.2824,1980,2135,-1450,612
3.2828,1980,2135,-1450,612
3.2832,1980,2135,-1450,612
3.2835,1980,2133,-1450,612
3.2839,1980,2133,-1450,612
3.2843,1980,2131,-1450,612
3.2847,1980,2131,-1450,612
3.2850,1980,2131,-1450,612
3.2854,1980,2129,-1450,580
3.2857,1980,2129,-1450,580
3.2861,1980,2129,-1450,580
3.2865,1980,2127,-1450,580
3.2868,1980,2127,-1450,580
3.2872,1980,2126,-1450,588
3.2876,1980,2126,-1450,588
3.2880,1980,2126,-1450,588
3.2883,1980,2124,-1450,588
3.2887,1980,2124,-1450,588
3.2891,1980,2124,-1450,588
3.2894,1980,2122,-1450,588
3.2898,1980,2122,-1450,588
3.2902,1960,2120,-1450,588
3.2909,1960,2120,-1450,588
3.2913,1960,2118,-1450,588
3.2917,1960,2118,-1450,588
3.2921,1960,2118,-1450,588
3.2924,1960,2116,-1450,588
3.2933,1960,2114,-1850,588
3.2937,1960,2114,-1850,588
3.2941,1960,2114,-1850,588
3.2945,1960,2112,-1850,588
3.2948,1960,2112,-1850,588
3.2953,1960,2111,-1850,596
3.2956,1960,2111,-1850,596
3.2960,1960,2111,-1850,596
3.2965,1960,2109,-1850,596
3.2968,1960,2109,-1850,596
3.2973,1960,2107,-1850,596
3.2977,1960,2107,-1850,596
3.2980,1960,2107,-1850,596
3.2984,1960,2105,-1850,596
3.2988,1960,2105,-1850,596
3.2993,1960,2103,-1850,596
3.2997,1960,2103,-1850,596
3.3001,1943,2101,-1850,596
3.3008,1943,2101,-1850,596
3.3011,1943,2099,-1850,596
3.3015,1943,2099,-1850,596
3.3019,1943,2099,-1850,596
3.3022,1943,2097,-1850,596
3.3026,1943,2097,-1850,596
3.3030,1943,2097,-1850,596
3.3033,1943,2095,-1850,596
3.3037,1943,2095,-1850,596
3.3041,1943,2095,-1850,596
3.3044,1943,2093,-1850,596
3.3048,1943,2093,-1850,596
3.3051,1943,2091,-1850,584
3.3056,1943,2091,-1850,584
3.3059,1943,2091,-1850,584
3.3063,1943,2089,-1850,584
3.3066,1943,2089,-1850,584
3.3070,1943,2089,-1850,584
3.3073,1943,2087,-1850,584
3.3077,1943,2087,-1850,584
3.3081,1943,2087,-1850,584
3.3084,1943,2085,-1850,584
3.3088,1943,2085,-1850,584
3.3091,1943,2083,-1850,584
3.3095,1943,2083,-1850,584
3.3099,1943,2083,-1850,584
3.3103,1926,2081,-1850,584
3.3110,1926,2081,-1850,584
3.3114,1926,2079,-1850,584
3.3118,1926,2079,-1850,584
3.3121,1926,2077,-1850,584
3.3125,1926,2077,-1850,584
3.3129,1926,2077,-1850,584
3.3133,1926,2075,-1950,584
3.3137,1926,2075,-1950,584
3.3140,1926,2075,-1950,584
3.3144,1926,2073,-1950,584
3.3148,1926,2073,-1950,584
3.3152,1926,2071,-1950,584
3.3156,1926,2071,-1950,584
3.3159,1926,2071,-1950,584
3.3163,1926,2069,-1950,584
3.3167,1926,2069,-1950,584
3.3171,1926,2067,-1950,584
3.3174,1926,2067,-1950,584
3.3178,1926,2067,-1950,584
3.3183,1926,2065,-1950,584
3.3186,1926,2065,-1950,584
3.3190,1926,2065,-1950,584
3.3193,1926,2063,-1950,576
3.3197,1926,2063,-1950,576
3.3201,1911,2061,-1950,576
3.3207,1911,2061,-1950,576
3.3211,1911,2059,-1950,576
3.3215,1911,2059,-1950,576
3.3219,1911,2059,-1950,576
3.3223,1911,2057,-1950,576
3.3226,1911,2057,-1950,576
3.3230,1911,2057,-1950,576
3.3234,1911,2054,-1950,568
3.3237,1911,2054,-1950,568
3.3240,1911,2052,-1950,568
3.3244,1911,2052,-1950,568
3.3248,1911,2052,-1950,568
3.3251,1911,2050,-1950,552
3.3255,1911,2050,-1950,552
3.3259,1911,2050,-1950,552
3.3263,1911,2048,-1950,552
3.3266,1911,2048,-1950,552
3.3270,1911,2048,-1950,552
3.3273,1911,2047,-1950,560
3.3277,1911,2047,-1950,560
3.3280,1911,2044,-1950,544
3.3284,1911,2044,-1950,544
3.3288,1911,2044,-1950,544
3.3291,1911,2042,-1950,544
3.3295,1911,2042,-1950,544
3.3299,1911,2042,-1950,544
3.3303,1899,2040,-1950,544
3.3310,1899,2040,-1950,544
3.3314,1899,2038,-1950,544
3.3318,1899,2038,-1950,544
3.3321,1899,2036,-1950,544
3.3325,1899,2036,-1950,544
3.3329,1899,2036,-1950,544
3.3333,1899,2034,-2050,544
3.3337,1899,2034,-2050,544
3.3341,1899,2032,-2050,544
3.3344,1899,2032,-2050,544
3.3348,1899,2032,-2050,544
3.3352,1899,2030,-2050,536
3.3355,1899,2030,-2050,536
3.3359,1899,2030,-2050,536
3.3363,1899,2028,-2050,536
3.3371,1899,2026,-2050,536
3.3375,1899,2026,-2050,536
3.3379,1899,2024,-2050,536
3.3384,1899,2024,-2050,536
3.3388,1899,2024,-2050,536
3.3391,1899,2022,-2050,528
3.3395,1899,2022,-2050,528
3.3399,1899,2022,-2050,528
3.3403,1888,2020,-2050,528
3.3409,1888,2020,-2050,528
3.3413,1888,2018,-2050,528
3.3417,1888,2018,-2050,528
3.3420,1888,2016,-2050,528
3.3424,1888,2016,-2050,528
3.3428,1888,2016,-2050,528
3.3433,1888,2014,-2050,520
3.3437,1888,2014,-2050,520
3.3440,1888,2012,-2050,520
3.3444,1888,2012,-2050,520
3.3447,1888,2012,-2050,520
3.3451,1888,2010,-2050,512
3.3454,1888,2010,-2050,512
3.3458,1888,2010,-2050,512
3.3462,1888,2008,-2050,512
3.3466,1888,2008,-2050,512
3.3469,1888,2008,-2050,512
3.3473,1888,2006,-2050,504
3.3477,1888,2006,-2050,504
3.3480,1888,2004,-2050,504
3.3484,1888,2004,-2050,504
3.3487,1888,2004,-2050,504
3.3491,1888,2002,-2050,504
3.3495,1888,2002,-2050,504
3.3498,1888,2002,-2050,504
3.3503,1881,2000,-2050,496
3.3510,1881,1999,-2050,504
3.3513,1881,1999,-2050,504
3.3517,1881,1999,-2050,504
3.3520,1881,1997,-2050,496
3.3524,1881,1997,-2050,496
3.3528,1881,1997,-2050,496
3.3531,1881,1995,-1950,496
3.3535,1881,1995,-1950,496
3.3539,1881,1995,-1950,496
3.3543,1881,1992,-1950,488
3.3546,1881,1992,-1950,488
3.3550,1881,1991,-1950,488
3.3553,1881,1991,-1950,488
3.3557,1881,1991,-1950,488
3.3561,1881,1989,-1950,488
3.3565,1881,1989,-1950,488
3.3568,1881,1989,-1950,488
3.3573,1881,1987,-1950,488
3.3577,1881,1987,-1950,488
3.3581,1881,1985,-1950,480
3.3585,1881,1985,-1950,480
3.3589,1881,1983,-1950,480
3.3594,1881,1983,-1950,480
3.3598,1881,1983,-1950,480
3.3601,1875,1981,-1950,472
3.3608,1875,1981,-1950,472
3.3613,1875,1979,-1950,472
3.3616,1875,1979,-1950,472
3.3620,1875,1978,-1950,472
3.3623,1875,1978,-1950,472
3.3627,1875,1978,-1950,472
3.3630,1875,1976,-1950,472
3.3634,1875,1976,-1950,472
3.3638,1875,1976,-1950,472
3.3641,1875,1974,-1950,464
3.3645,1875,1974,-1950,464
3.3649,1875,1972,-1950,444
3.3653,1875,1972,-1950,444
3.3656,1875,1972,-1950,444
3.3660,1875,1970,-1950,444
3.3664,1875,1970,-1950,444
3.3668,1875,1970,-1950,444
3.3671,1875,1968,-1950,436
3.3675,1875,1968,-1950,436
3.3679,1875,1967,-1950,444
3.3683,1875,1967,-1950,444
3.3687,1875,1967,-1950,444
3.3691,1875,1965,-1950,436
3.3694,1875,1965,-1950,436
3.3698,1875,1965,-1950,436
3.3701,1873,1963,-1950,428
3.3708,1873,1961,-1950,420
3.3713,1873,1961,-1950,420
3.3717,1873,1961,-1950,420
3.3720,1873,1959,-1950,420
3.3724,1873,1959,-1950,420
3.3727,1873,1959,-1950,420
3.3731,1873,1958,-1850,420
3.3735,1873,1958,-1850,420
3.3738,1873,1956,-1850,412
3.3743,1873,1956,-1850,412
3.3746,1873,1956,-1850,412
3.3750,1873,1954,-1850,412
3.3753,1873,1954,-1850,412
3.3757,1873,1954,-1850,412
3.3760,1873,1952,-1850,404
3.3764,1873,1952,-1850,404
3.3768,1873,1952,-1850,404
3.3771,1873,1950,-1850,396
3.3775,1873,1950,-1850,396
3.3779,1873,1949,-1850,396
3.3783,1873,1949,-1850,396
3.3787,1873,1949,-1850,396
3.3790,1873,1947,-1850,388
3.3794,1873,1947,-1850,388
3.3798,1873,1947,-1850,388
3.3801,1873,1945,-1850,380
3.3809,1873,1943,-1850,372
3.3813,1873,1943,-1850,372
3.3818,1873,1941,-1850,364
3.3822,1873,1941,-1850,364
3.3825,1873,1941,-1850,364
3.3829,1873,1940,-1850,364
3.3833,1873,1940,-1850,364
3.3837,1873,1940,-1850,364
3.3841,1873,1938,-1850,356
3.3844,1873,1938,-1850,356
3.3848,1873,1936,-1850,328
3.3851,1873,1936,-1850,328
3.3855,1873,1936,-1850,328
3.3859,1873,1935,-1850,328
3.3863,1873,1935,-1850,328
3.3866,1873,1935,-1850,328
3.3870,1873,1933,-1850,320
3.3873,1873,1933,-1850,320
3.3877,1873,1933,-1850,320
3.3880,1873,1932,-1850,320
3.3884,1873,1932,-1850,320
3.3887,1873,1930,-1850,312
3.3891,1873,1930,-1850,312
3.3895,1873,1930,-1850,312
3.3899,1873,1928,-1850,304
3.3903,1875,1928,-1850,304
3.3909,1875,1927,-1850,304
3.3913,1875,1927,-1850,304
3.3916,1875,1927,-1850,304
3.3920,1875,1925,-1850,288
3.3924,1875,1925,-1850,288
3.3928,1875,1924,-1700,288
3.3931,1875,1924,-1700,288
3.3935,1875,1924,-1700,288
3.3939,1875,1922,-1700,280
3.3943,1875,1922,-1700,280
3.3946,1875,1922,-1700,280
3.3950,1875,1921,-1700,280
3.3953,1875,1921,-1700,280
3.3957,1875,1919,-1700,264
3.3961,1875,1919,-1700,264
3.3965,1875,1919,-1700,264
3.3970,1875,1918,-1700,264
3.3974,1875,1918,-1700,264
3.3978,1875,1916,-1700,256
3.3981,1875,1916,-1700,256
3.3985,1875,1916,-1700,256
3.3989,1875,1915,-1700,248
3.3993,1875,1915,-1700,248
3.3996,1875,1915,-1700,248
3.4000,1875,1913,-1700,240
3.4004,1881,1912,-1700,232
3.4011,1881,1912,-1700,232
3.4014,1881,1912,-1700,232
3.4018,1881,1911,-1700,232
3.4023,1881,1911,-1700,232
3.4028,1881,1909,-1700,216
3.4033,1881,1909,-1700,216
3.4036,1881,1909,-1700,216
3.4040,1881,1908,-1700,216
3.4044,1881,1908,-1700,216
3.4047,1881,1907,-1700,196
3.4051,1881,1907,-1700,196
3.4055,1881,1907,-1700,196
3.4058,1881,1905,-1700,188
3.4063,1881,1905,-1700,188
3.4066,1881,1905,-1700,188
3.4070,1881,1904,-1700,180
3.4074,1881,1904,-1700,180
3.4078,1881,1903,-1700,172
3.4083,1881,1903,-1700,172
3.4087,1881,1901,-1700,164
3.4090,1881,1901,-1700,164
3.4094,1881,1901,-1700,164
3.4098,1881,1900,-1700,156
3.4103,1889,1900,-1700,156
3.4109,1889,1899,-1700,148
3.4113,1889,1899,-1700,148
3.4116,1889,1898,-1700,148
3.4120,1889,1898,-1700,148
3.4124,1889,1898,-1700,148
3.4127,1889,1896,-1400,132
3.4131,1889,1896,-1400,132
3.4134,1889,1896,-1400,132
3.4138,1889,1895,-1400,124
3.4142,1889,1895,-1400,124
3.4145,1889,1895,-1400,124
3.4149,1889,1894,-1400,116
3.4152,1889,1894,-1400,116
3.4156,1889,1893,-1400,116
3.4160,1889,1893,-1400,116
3.4164,1889,1893,-1400,116
3.4167,1889,1892,-1400,108
3.4171,1889,1892,-1400,108
3.4174,1889,1892,-1400,108
3.4178,1889,1891,-1400,100
3.4182,1889,1891,-1400,100
3.4185,1889,1891,-1400,100
3.4189,1889,1890,-1400,92
3.4193,1889,1890,-1400,92
3.4197,1889,1889,-1400,84
3.4200,1899,1889,-1400,84
3.4207,1899,1888,-1400,76
3.4210,1899,1888,-1400,76
3.4214,1899,1888,-1400,76
3.4218,1899,1887,-1400,68
3.4222,1899,1887,-1400,68
3.4225,1899,1887,-1400,68
3.4229,1899,1886,-1400,60
3.4233,1899,1886,-1400,60
3.4237,1899,1885,-1400,52
3.4242,1899,1885,-1400,52
3.4246,1899,1884,-1400,28
3.4250,1899,1884,-1400,28
3.4254,1899,1884,-1400,28
3.4257,1899,1883,-1400,20
3.4261,1899,1883,-1400,20
3.4265,1899,1883,-1400,20
3.4269,1899,1882,-1400,-28
3.4273,1899,1882,-1400,-28
3.4276,1899,1882,-1400,-28
3.4280,1899,1882,-1400,-28
3.4283,1899,1882,-1400,-28
3.4287,1899,1881,-1400,-36
3.4290,1899,1881,-1400,-36
3.4294,1899,1881,-1400,-36
3.4298,1899,1880,-1400,-44
3.4301,1912,1880,-1400,-44
3.4308,1912,1880,-1400,-52
3.4313,1912,1880,-1400,-52
3.4316,1912,1879,-1400,-60
3.4320,1912,1879,-1400,-60
3.4323,1912,1879,-1400,-60
3.4327,1912,1879,-850,-60
3.4331,1912,1879,-850,-60
3.4334,1912,1879,-850,-60
3.4338,1912,1878,-850,-76
3.4342,1912,1878,-850,-76
3.4345,1912,1877,-850,-84
3.4349,1912,1877,-850,-84
3.4353,1912,1877,-850,-84
3.4357,1912,1877,-850,-84
3.4361,1912,1877,-850,-84
3.4364,1912,1877,-850,-84
3.4368,1912,1876,-850,-92
3.4373,1912,1876,-850,-92
3.4376,1912,1875,-850,-92
3.4380,1912,1875,-850,-92
3.4384,1912,1875,-850,-92
3.4387,1912,1875,-850,-100
3.4391,1912,1875,-850,-100
3.4395,1912,1875,-850,-100
3.4399,1912,1875,-850,-100
3.4402,1927,1874,-850,-116
3.4409,1927,1874,-850,-116
3.4413,1927,1874,-850,-116
3.4416,1927,1874,-850,-116
3.4420,1927,1874,-850,-116
3.4424,1927,1874,-850,-116
3.4427,1927,1874,-850,-124
3.4431,1927,1874,-850,-124
3.4436,1927,1873,-850,-140
3.4440,1927,1873,-850,-140
3.4443,1927,1873,-850,-140
3.4447,1927,1873,-850,-132
3.4451,1927,1873,-850,-132
3.4455,1927,1873,-850,-132
3.4458,1927,1873,-850,-140
3.4463,1927,1873,-850,-140
3.4466,1927,1873,-850,-148
3.4470,1927,1873,-850,-148
3.4474,1927,1873,-850,-148
3.4477,1927,1873,-850,-148
3.4481,1927,1873,-850,-148
3.4485,1927,1872,-850,-164
3.4489,1927,1872,-850,-164
3.4493,1927,1872,-850,-164
3.4496,1927,1872,-850,-172
3.4500,1927,1872,-850,-172
3.4504,1943,1872,-850,-180
3.4511,1943,1872,-850,-180
3.4515,1943,1872,-850,-180
3.4519,1943,1872,-850,-180
3.4523,1943,1872,-850,-180
3.4526,1943,1872,-350,-188
3.4530,1943,1872,-350,-188
3.4534,1943,1872,-350,-188
3.4538,1943,1872,-350,-196
3.4541,1943,1872,-350,-196
3.4545,1943,1872,-350,-204
3.4549,1943,1872,-350,-204
3.4552,1943,1872,-350,-204
3.4556,1943,1872,-350,-212
3.4560,1943,1872,-350,-212
3.4563,1943,1872,-350,-212
3.4567,1943,1872,-350,-220
3.4570,1943,1872,-350,-220
3.4574,1943,1872,-350,-220
3.4578,1943,1872,-350,-228
3.4583,1943,1872,-350,-228
3.4586,1943,1872,-350,-236
3.4590,1943,1872,-350,-236
3.4594,1943,1872,-350,-236
3.4597,1943,1872,-350,-244
3.4601,1961,1872,-350,-252
3.4609,1961,1872,-350,-252
3.4613,1961,1872,-350,-252
3.4617,1961,1872,-350,-260
3.4620,1961,1872,-350,-260
3.4624,1961,1872,-350,-260
3.4628,1961,1872,-350,-268
3.4631,1961,1872,-350,-268
3.4635,1961,1872,-350,-276
3.4639,1961,1872,-350,-276
3.4643,1961,1872,-350,-276
3.4647,1961,1872,-350,-292
3.4651,1961,1872,-350,-292
3.4655,1961,1873,-350,-292
3.4658,1961,1873,-350,-292
3.4663,1961,1873,-350,-292
3.4666,1961,1873,-350,-308
3.4670,1961,1873,-350,-308
3.4673,1961,1873,-350,-308
3.4677,1961,1874,-350,-308
3.4680,1961,1874,-350,-308
3.4684,1961,1874,-350,-316
3.4688,1961,1874,-350,-316
3.4691,1961,1874,-350,-316
3.4695,1961,1875,-350,-316
3.4699,1961,1875,-350,-316
3.4703,1981,1875,-350,-332
3.4709,1981,1875,-350,-332
3.4713,1981,1875,-350,-332
3.4717,1981,1876,-350,-332
3.4720,1981,1876,-350,-332
3.4724,1981,1876,200,-340
3.4727,1981,1876,200,-340
3.4731,1981,1876,200,-340
3.4735,1981,1877,200,-348
3.4738,1981,1877,200,-348
3.4743,1981,1877,200,-348
3.4746,1981,1877,200,-356
3.4750,1981,1877,200,-356
3.4754,1981,1878,200,-356
3.4757,1981,1878,200,-356
3.4761,1981,1878,200,-356
3.4765,1981,1879,200,-364
3.4769,1981,1879,200,-364
3.4773,1981,1879,200,-364
3.4776,1981,1879,200,-372
3.4780,1981,1879,200,-372
3.4784,1981,1880,200,-380
3.4788,1981,1880,200,-380
3.4791,1981,1880,200,-380
3.4795,1981,1881,200,-380
3.4799,1981,1881,200,-380
3.4803,2001,1881,200,-396
3.4810,2001,1881,200,-396
3.4813,2001,1882,200,-396
3.4817,2001,1882,200,-396
3.4821,2001,1882,200,-396
3.4824,2001,1883,200,-404
3.4828,2001,1883,200,-404
3.4832,2001,1883,200,-404
3.4835,2001,1884,200,-412
3.4839,2001,1884,200,-412
3.4843,2001,1885,200,-396
3.4848,2001,1885,200,-396
3.4853,2001,1886,200,-404
3.4857,2001,1886,200,-404
3.4861,2001,1886,200,-404
3.4865,2001,1887,200,-412
3.4869,2001,1887,200,-412
3.4873,2001,1887,200,-412
3.4876,2001,1888,200,-412
3.4880,2001,1888,200,-412
3.4884,2001,1888,200,-428
3.4887,2001,1888,200,-428
3.4891,2001,1888,200,-428
3.4894,2001,1889,200,-436
3.4898,2001,1889,200,-436
3.4902,2022,1891,200,-436
3.4908,2022,1891,200,-436
3.4913,2022,1891,200,-436
3.4916,2022,1892,200,-444
3.4920,2022,1892,200,-444
3.4924,2022,1892,800,-452
3.4927,2022,1892,800,-452
3.4931,2022,1892,800,-452
3.4935,2022,1893,800,-460
3.4938,2022,1893,800,-460
3.4943,2022,1893,800,-460
3.4946,2022,1894,800,-468
3.4950,2022,1894,800,-468
3.4953,2022,1896,800,-468
3.4957,2022,1896,800,-468
3.4961,2022,1896,800,-468
3.4964,2022,1897,800,-476
3.4968,2022,1897,800,-476
3.4973,2022,1898,800,-484
3.4977,2022,1898,800,-484
3.4981,2022,1898,800,-484
3.4984,2022,1899,800,-492
3.4988,2022,1899,800,-492
3.4992,2022,1899,800,-492
3.4995,2022,1900,800,-500
3.4999,2022,1900,800,-500
3.5003,2044,1901,800,-508
3.5009,2044,1901,800,-508
3.5013,2044,1902,800,-516
3.5017,2044,1902,800,-516
3.5021,2044,1902,800,-516
3.5024,2044,1903,800,-516
3.5028,2044,1903,800,-516
3.5033,2044,1905,800,-516
3.5036,2044,1905,800,-516
3.5040,2044,1905,800,-516
3.5044,2044,1906,800,-528
3.5047,2044,1906,800,-528
3.5051,2044,1906,800,-528
3.5055,2044,1907,800,-536
3.5060,2044,1907,800,-536
3.5064,2044,1909,800,-536
3.5068,2044,1909,800,-536
3.5071,2044,1909,800,-536
3.5075,2044,1910,800,-544
3.5079,2044,1910,800,-544
3.5083,2044,1911,800,-552
3.5086,2044,1911,800,-552
3.5090,2044,1911,800,-552
3.5094,2044,1913,800,-552
3.5097,2044,1913,800,-552
3.5101,2065,1914,800,-560
3.5109,2065,1914,800,-560
3.5113,2065,1916,800,-560
3.5116,2065,1916,800,-560
3.5120,2065,1916,800,-560
3.5123,2065,1917,1250,-568
3.5127,2065,1917,1250,-568
3.5130,2065,1917,1250,-568
3.5134,2065,1919,1250,-568
3.5138,2065,1919,1250,-568
3.5141,2065,1919,1250,-568
3.5145,2065,1920,1250,-576
3.5149,2065,1920,1250,-576
3.5152,2065,1922,1250,-576
3.5156,2065,1922,1250,-576
3.5160,2065,1922,1250,-576
3.5164,2065,1923,1250,-584
3.5167,2065,1923,1250,-584
3.5171,2065,1923,1250,-584
3.5175,2065,1925,1250,-584
3.5179,2065,1925,1250,-584
3.5183,2065,1926,1250,-592
3.5186,2065,1926,1250,-592
3.5190,2065,1926,1250,-592
3.5194,2065,1928,1250,-592
3.5197,2065,1928,1250,-592
3.5201,2086,1929,1250,-600
3.5207,2086,1929,1250,-600
3.5211,2086,1929,1250,-600
3.5215,2086,1931,1250,-600
3.5218,2086,1931,1250,-600
3.5223,2086,1932,1250,-608
3.5227,2086,1932,1250,-608
3.5230,2086,1932,1250,-608
3.5234,2086,1934,1250,-608
3.5238,2086,1934,1250,-608
3.5241,2086,1936,1250,-584
3.5245,2086,1936,1250,-584
3.5251,2086,1937,1250,-592
3.5256,2086,1937,1250,-592
3.5260,2086,1937,1250,-592
3.5264,2086,1939,1250,-592
3.5267,2086,1939,1250,-592
3.5271,2086,1941,1250,-592
3.5275,2086,1941,1250,-592
3.5279,2086,1941,1250,-592
3.5283,2086,1943,1250,-592
3.5287,2086,1943,1250,-592
3.5290,2086,1943,1250,-592
3.5294,2086,1944,1250,-600
3.5298,2086,1944,1250,-600
3.5301,2106,1946,1250,-600
3.5309,2106,1946,1250,-600
3.5313,2106,1948,1250,-600
3.5316,2106,1948,1250,-600
3.5320,2106,1948,1250,-600
3.5323,2106,1949,1600,-608
3.5327,2106,1949,1600,-608
3.5331,2106,1949,1600,-608
3.5334,2106,1951,1600,-608
3.5338,2106,1951,1600,-608
3.5343,2106,1953,1600,-608
3.5346,2106,1953,1600,-608
3.5351,2106,1955,1600,-608
3.5354,2106,1955,1600,-608
3.5358,2106,1955,1600,-608
3.5363,2106,1957,1600,-608
3.5366,2106,1957,1600,-608
3.5370,2106,1957,1600,-608
3.5374,2106,1959,1600,-608
3.5377,2106,1959,1600,-608
3.5381,2106,1961,1600,-608
3.5384,2106,1961,1600,-608
3.5388,2106,1961,1600,-608
3.5392,2106,1963,1600,-608
3.5396,2106,1963,1600,-608
3.5400,2125,1965,1600,-608
3.5409,2125,1965,1600,-608
3.5413,2125,1966,1600,-616
3.5416,2125,1966,1600,-616
3.5421,2125,1968,1600,-616
3.5426,2125,1968,1600,-616
3.5430,2125,1968,1600,-616
3.5433,2125,1970,1600,-616
3.5437,2125,1970,1600,-616
3.5441,2125,1972,1600,-592
3.5446,2125,1972,1600,-592
3.5449,2125,1972,1600,-592
3.5453,2125,1974,1600,-592
3.5458,2125,1976,1600,-592
3.5466,2125,1976,1600,-592
3.5470,2125,1976,1600,-592
3.5473,2125,1978,1600,-592
3.5477,2125,1978,1600,-592
3.5481,2125,1980,1600,-592
3.5485,2125,1980,1600,-592
3.5488,2125,1980,1600,-592
3.5493,2125,1982,1600,-592
3.5496,2125,1982,1600,-592
3.5500,2125,1982,1600,-592
3.5504,2144,1984,1600,-592
3.5511,2144,1986,1600,-592
3.5514,2144,1986,1600,-592
3.5518,2144,1986,1600,-592
3.5522,2144,1988,1950,-592
3.5525,2144,1988,1950,-592
3.5530,2144,1988,1950,-592
3.5533,2144,1990,1950,-592
3.5537,2144,1990,1950,-592
3.5540,2144,1992,1950,-592
3.5544,2144,1992,1950,-592
3.5548,2144,1992,1950,-592
3.5551,2144,1994,1950,-592
3.5555,2144,1994,1950,-592
3.5559,2144,1994,1950,-592
3.5563,2144,1996,1950,-592
3.5567,2144,1996,1950,-592
3.5571,2144,1997,1950,-600
3.5574,2144,1997,1950,-600
3.5578,2144,1997,1950,-600
3.5582,2144,1999,1950,-600
3.5586,2144,1999,1950,-600
3.5589,2144,1999,1950,-600
3.5593,2144,2001,1950,-600
3.5598,2144,2001,1950,-600
3.5601,2160,2004,1950,-584
3.5608,2160,2004,1950,-584
3.5613,2160,2005,1950,-592
3.5616,2160,2005,1950,-592
3.5620,2160,2007,1950,-592
3.5624,2160,2007,1950,-592
3.5627,2160,2007,1950,-592
3.5631,2160,2009,1950,-592
3.5635,2160,2009,1950,-592
3.5638,2160,2009,1950,-592
3.5643,2160,2011,1950,-576
3.5646,2160,2011,1950,-576
3.5650,2160,2013,1950,-576
3.5654,2160,2013,1950,-576
3.5658,2160,2013,1950,-576
3.5663,2160,2016,1950,-568
3.5667,2160,2016,1950,-568
3.5670,2160,2018,1950,-568
3.5674,2160,2018,1950,-568
3.5678,2160,2018,1950,-568
3.5682,2160,2019,1950,-576
3.5686,2160,2019,1950,-576
3.5690,2160,2021,1950,-576
3.5693,2160,2021,1950,-576
3.5697,2160,2021,1950,-576
3.5700,2175,2023,1950,-576
3.5708,2175,2023,1950,-576
3.5711,2175,2025,1950,-576
3.5715,2175,2025,1950,-576
3.5719,2175,2025,1950,-576
3.5723,2175,2027,1950,-576
3.5726,2175,2027,1950,-576
3.5731,2175,2029,1950,-576
3.5734,2175,2029,1950,-576
3.5738,2175,2029,1950,-576
3.5742,2175,2032,1950,-568
3.5745,2175,2032,1950,-568
3.5749,2175,2034,1950,-560
3.5753,2175,2034,1950,-560
3.5756,2175,2034,1950,-560
3.5760,2175,2036,1950,-560
3.5763,2175,2036,1950,-560
3.5767,2175,2036,1950,-560
3.5771,2175,2038,1950,-560
3.5775,2175,2038,1950,-560
3.5778,2175,2038,1950,-560
3.5783,2175,2040,1950,-560
3.5786,2175,2040,1950,-560
3.5790,2175,2042,1950,-560
3.5794,2175,2042,1950,-560
3.5797,2175,2042,1950,-560
3.5801,2187,2044,1950,-560
3.5808,2187,2044,1950,-560
3.5811,2187,2046,1950,-560
3.5815,2187,2046,1950,-560
3.5819,2187,2048,1950,-552
3.5823,2187,2048,1950,-552
3.5826,2187,2048,1950,-552
3.5830,2187,2050,1950,-552
3.5833,2187,2050,1950,-552
3.5838,2187,2050,1950,-552
3.5841,2187,2052,1950,-540
3.5845,2187,2052,1950,-540
3.5849,2187,2054,1950,-540
3.5852,2187,2054,1950,-540
3.5857,2187,2054,1950,-540
3.5860,2187,2056,1950,-540
3.5864,2187,2056,1950,-540
3.5867,2187,2056,1950,-540
3.5871,2187,2058,1950,-540
3.5875,2187,2058,1950,-540
3.5879,2187,2061,1950,-524
3.5883,2187,2061,1950,-524
3.5887,2187,2061,1950,-524
3.5890,2187,2062,1950,-532
3.5894,2187,2062,1950,-532
3.5898,2187,2062,1950,-532
3.5901,2198,2064,1950,-532
3.5908,2198,2066,1950,-524
3.5913,2198,2066,1950,-524
3.5916,2198,2066,1950,-524
3.5920,2198,2068,2050,-524
3.5923,2198,2068,2050,-524
3.5927,2198,2068,2050,-524
3.5931,2198,2070,2050,-524
3.5934,2198,2070,2050,-524
3.5938,2198,2070,2050,-524
3.5941,2198,2072,2050,-524
3.5945,2198,2072,2050,-524
3.5948,2198,2074,2050,-524
3.5952,2198,2074,2050,-524
3.5956,2198,2074,2050,-524
3.5959,2198,2076,2050,-516
3.5963,2198,2076,2050,-516
3.5967,2198,2076,2050,-516
3.5970,2198,2078,2050,-516
3.5974,2198,2078,2050,-516
3.5977,2198,2078,2050,-516
3.5981,2198,2080,2050,-516
3.5984,2198,2080,2050,-516
3.5988,2198,2083,2050,-500
3.5993,2198,2083,2050,-500
3.5996,2198,2083,2050,-500
3.6000,2205,2084,2050,-508
3.6007,2205,2084,2050,-508
3.6011,2205,2086,2050,-508
3.6015,2205,2086,2050,-508
3.6019,2205,2088,2050,-500
3.6023,2205,2088,2050,-500
3.6027,2205,2088,2050,-500
3.6030,2205,2090,2050,-500
3.6034,2205,2090,2050,-500
3.6038,2205,2092,2050,-492
3.6041,2205,2092,2050,-492
3.6045,2205,2092,2050,-492
3.6049,2205,2094,2050,-484
3.6053,2205,2094,2050,-484
3.6056,2205,2094,2050,-484
3.6060,2205,2096,2050,-484
3.6064,2205,2096,2050,-484
3.6068,2205,2098,2050,-484
3.6072,2205,2098,2050,-484
3.6075,2205,2098,2050,-484
3.6079,2205,2100,2050,-476
3.6085,2205,2100,2050,-476
3.6089,2205,2102,2050,-476
3.6093,2205,2102,2050,-476
3.6097,2205,2102,2050,-476
3.6101,2211,2103,2050,-476
3.6108,2211,2105,2050,-476
3.6112,2211,2105,2050,-476
3.6115,2211,2105,2050,-476
3.6119,2211,2107,1950,-468
3.6123,2211,2107,1950,-468
3.6126,2211,2107,1950,-468
3.6130,2211,2109,1950,-468
3.6134,2211,2109,1950,-468
3.6137,2211,2111,1950,-460
3.6141,2211,2111,1950,-460
3.6145,2211,2111,1950,-460
3.6149,2211,2113,1950,-452
3.6153,2211,2113,1950,-452
3.6156,2211,2113,1950,-452
3.6160,2211,2115,1950,-452
3.6164,2211,2115,1950,-452
3.6168,2211,2117,1950,-444
3.6171,2211,2117,1950,-444
3.6175,2211,2117,1950,-444
3.6179,2211,2118,1950,-452
3.6183,2211,2118,1950,-452
3.6186,2211,2118,1950,-452
3.6190,2211,2120,1950,-444
3.6193,2211,2120,1950,-444
3.6197,2211,2120,1950,-444
3.6200,2213,2122,1950,-436
3.6207,2213,2124,1950,-436
3.6211,2213,2124,1950,-436
3.6215,2213,2124,1950,-436
3.6219,2213,2126,1950,-428
3.6223,2213,2126,1950,-428
3.6227,2213,2126,1950,-428
3.6230,2213,2127,1950,-428
3.6234,2213,2127,1950,-428
3.6237,2213,2129,1950,-404
3.6241,2213,2129,1950,-404
3.6245,2213,2129,1950,-404
3.6249,2213,2131,1950,-404
3.6252,2213,2131,1950,-404
3.6256,2213,2131,1950,-404
3.6260,2213,2133,1950,-396
3.6264,2213,2133,1950,-396
3.6267,2213,2135,1950,-388
3.6271,2213,2135,1950,-388
3.6275,2213,2135,1950,-388
3.6279,2213,2137,1950,-380
3.6283,2213,2137,1950,-380
3.6286,2213,2138,1950,-380
3.6291,2213,2138,1950,-380
3.6295,2213,2138,1950,-380
3.6299,2213,2140,1950,-372
3.6303,2213,2140,1950,-372
3.6310,2213,2142,1950,-364
3.6314,2213,2142,1950,-364
3.6317,2213,2143,1800,-364
3.6321,2213,2143,1800,-364
3.6324,2213,2143,1800,-364
3.6328,2213,2145,1800,-356
3.6332,2213,2145,1800,-356
3.6335,2213,2145,1800,-356
3.6339,2213,2147,1800,-348
3.6343,2213,2147,1800,-348
3.6346,2213,2149,1800,-340
3.6350,2213,2149,1800,-340
3.6354,2213,2149,1800,-340
3.6357,2213,2151,1800,-332
3.6361,2213,2151,1800,-332
3.6365,2213,2151,1800,-332
3.6369,2213,2152,1800,-332
3.6373,2213,2152,1800,-332
3.6376,2213,2154,1800,-324
3.6380,2213,2154,1800,-324
3.6383,2213,2154,1800,-324
3.6387,2213,2156,1800,-316
3.6393,2213,2156,1800,-316
3.6396,2213,2157,1800,-316
3.6400,2213,2157,1800,-316
3.6404,2211,2159,1800,-308
3.6411,2211,2159,1800,-308
3.6414,2211,2159,1800,-308
3.6418,2211,2160,1800,-300
3.6423,2211,2160,1800,-300
3.6426,2211,2162,1800,-292
3.6430,2211,2162,1800,-292
3.6434,2211,2162,1800,-292
3.6438,2211,2163,1800,-272
3.6441,2211,2163,1800,-272
3.6445,2211,2163,1800,-272
3.6449,2211,2164,1800,-272
3.6453,2211,2164,1800,-272
3.6456,2211,2166,1800,-256
3.6460,2211,2166,1800,-256
3.6463,2211,2166,1800,-256
3.6467,2211,2168,1800,-248
3.6471,2211,2168,1800,-248
3.6474,2211,2168,1800,-248
3.6478,2211,2169,1800,-248
3.6482,2211,2169,1800,-248
3.6485,2211,2169,1800,-248
3.6489,2211,2170,1800,-240
3.6493,2211,2170,1800,-240
3.6496,2211,2172,1800,-232
3.6501,2205,2172,1800,-232
3.6509,2205,2174,1800,-216
3.6513,2205,2174,1800,-216
3.6517,2205,2175,1600,-216
3.6521,2205,2175,1600,-216
3.6524,2205,2175,1600,-216
3.6528,2205,2176,1600,-208
3.6532,2205,2176,1600,-208
3.6536,2205,2178,1600,-200
3.6540,2205,2178,1600,-200
3.6544,2205,2178,1600,-200
3.6548,2205,2179,1600,-192
3.6551,2205,2179,1600,-192
3.6555,2205,2179,1600,-192
3.6559,2205,2181,1600,-184
3.6563,2205,2181,1600,-184
3.6566,2205,2182,1600,-176
3.6570,2205,2182,1600,-176
3.6573,2205,2182,1600,-176
3.6577,2205,2183,1600,-176
3.6581,2205,2183,1600,-176
3.6584,2205,2183,1600,-176
3.6588,2205,2184,1600,-168
3.6591,2205,2184,1600,-168
3.6596,2205,2185,1600,-160
3.6600,2205,2185,1600,-160
3.6604,2197,2187,1600,-152
3.6611,2197,2187,1600,-152
3.6614,2197,2187,1600,-152
3.6618,2197,2188,1600,-144
3.6622,2197,2188,1600,-144
3.6626,2197,2189,1600,-136
3.6630,2197,2189,1600,-136
3.6633,2197,2189,1600,-136
3.6637,2197,2190,1600,-112
3.6641,2197,2190,1600,-112
3.6645,2197,2190,1600,-112
3.6648,2197,2191,1600,-104
3.6652,2197,2191,1600,-104
3.6656,2197,2192,1600,-104
3.6660,2197,2192,1600,-104
3.6663,2197,2192,1600,-104
3.6667,2197,2193,1600,-96
3.6671,2197,2193,1600,-96
3.6675,2197,2193,1600,-96
3.6678,2197,2194,1600,-88
3.6683,2197,2194,1600,-88
3.6686,2197,2196,1600,-72
3.6690,2197,2196,1600,-72
3.6694,2197,2196,1600,-72
3.6698,2197,2196,1600,-72
3.6702,2187,2197,1600,-64
3.6709,2187,2197,1600,-64
3.6713,2187,2197,1600,-64
3.6717,2187,2199,1200,-48
3.6720,2187,2199,1200,-48
3.6724,2187,2199,1200,-48
3.6728,2187,2200,1200,-40
3.6731,2187,2200,1200,-40
3.6735,2187,2201,1200,-32
3.6739,2187,2201,1200,-32
3.6743,2187,2201,1200,-32
3.6746,2187,2201,1200,-32
3.6750,2187,2201,1200,-32
3.6754,2187,2201,1200,-32
3.6757,2187,2202,1200,-24
3.6761,2187,2202,1200,-24
3.6765,2187,2203,1200,24
3.6768,2187,2203,1200,24
3.6773,2187,2203,1200,24
3.6776,2187,2204,1200,32
3.6780,2187,2204,1200,32
3.6783,2187,2204,1200,32
3.6787,2187,2204,1200,32
3.6790,2187,2204,1200,32
3.6794,2187,2204,1200,32
3.6797,2187,2205,1200,40
3.6801,2174,2206,1200,56
3.6808,2174,2206,1200,56
3.6812,2174,2206,1200,56
3.6817,2174,2207,1200,64
3.6821,2174,2207,1200,64
3.6824,2174,2207,1200,64
3.6828,2174,2207,1200,64
3.6831,2174,2207,1200,64
3.6835,2174,2208,1200,88
3.6839,2174,2208,1200,88
3.6843,2174,2208,1200,88
3.6846,2174,2208,1200,88
3.6850,2174,2208,1200,88
3.6854,2174,2208,1200,88
3.6858,2174,2209,1200,96
3.6861,2174,2209,1200,96
3.6865,2174,2209,1200,96
3.6869,2174,2209,1200,96
3.6873,2174,2209,1200,96
3.6877,2174,2210,1200,96
3.6880,2174,2210,1200,96
3.6884,2174,2210,1200,104
3.6888,2174,2210,1200,104
3.6891,2174,2210,1200,104
3.6895,2174,2210,1200,104
3.6899,2174,2210,1200,104
3.6904,2159,2211,1200,120
3.6913,2159,2211,1200,120
3.6916,2159,2211,600,120
3.6920,2159,2211,600,120
3.6924,2159,2211,600,128
3.6927,2159,2211,600,128
3.6931,2159,2211,600,128
3.6934,2159,2211,600,128
3.6938,2159,2211,600,128
3.6942,2159,2211,600,128
3.6946,2159,2211,600,136
3.6950,2159,2211,600,136
3.6953,2159,2211,600,136
3.6957,2159,2212,600,152
3.6961,2159,2212,600,152
3.6964,2159,2212,600,152
3.6968,2159,2212,600,152
3.6971,2159,2212,600,152
3.6975,2159,2212,600,160
3.6978,2159,2212,600,160
3.6983,2159,2212,600,160
3.6986,2159,2212,600,168
3.6990,2159,2212,600,168
3.6994,2159,2212,600,176
3.6997,2159,2212,600,176
3.7001,2143,2212,600,176
3.7008,2143,2212,600,176
3.7013,2143,2212,600,176
3.7016,2143,2212,600,184
3.7020,2143,2212,600,184
3.7024,2143,2212,600,192
3.7027,2143,2212,600,192
3.7031,2143,2212,600,192
3.7035,2143,2212,600,176
3.7039,2143,2212,600,176
3.7043,2143,2212,600,176
3.7046,2143,2212,600,184
3.7050,2143,2212,600,184
3.7054,2143,2212,600,192
3.7057,2143,2212,600,192
3.7061,2143,2212,600,192
3.7065,2143,2212,600,200
3.7068,2143,2212,600,200
3.7072,2143,2212,600,200
3.7076,2143,2212,600,208
3.7080,2143,2212,600,208
3.7084,2143,2212,600,216
3.7087,2143,2212,600,216
3.7093,2143,2212,600,224
3.7097,2143,2212,600,224
3.7101,2125,2212,600,232
3.7109,2125,2212,600,232
3.7113,2125,2212,50,240
3.7118,2125,2212,50,240
3.7123,2125,2212,50,248
3.7127,2125,2212,50,248
3.7130,2125,2212,50,248
3.7134,2125,2212,50,256
3.7138,2125,2212,50,256
3.7141,2125,2212,50,256
3.7145,2125,2212,50,264
3.7149,2125,2212,50,264
3.7153,2125,2212,50,272
3.7157,2125,2212,50,272
3.7161,2125,2212,50,272
3.7164,2125,2212,50,280
3.7168,2125,2212,50,280
3.7172,2125,2212,50,280
3.7175,2125,2212,50,296
3.7179,2125,2212,50,296
3.7183,2125,2211,50,296
3.7187,2125,2211,50,296
3.7191,2125,2211,50,296
3.7194,2125,2211,50,304
3.7198,2125,2211,50,304
3.7203,2105,2210,50,312
3.7210,2105,2210,50,312
3.7215,2105,2210,50,320
3.7219,2105,2210,50,320
3.7223,2105,2209,50,320
3.7227,2105,2209,50,320
3.7230,2105,2209,50,320
3.7234,2105,2209,50,360
3.7238,2105,2209,50,360
3.7241,2105,2209,50,360
3.7245,2105,2208,50,360
3.7249,2105,2208,50,360
3.7253,2105,2207,50,360
3.7256,2105,2207,50,360
3.7260,2105,2207,50,360
3.7264,2105,2207,50,376
3.7267,2105,2207,50,376
3.7271,2105,2207,50,376
3.7275,2105,2206,50,376
3.7278,2105,2206,50,376
3.7283,2105,2205,50,384
3.7286,2105,2205,50,384
3.7290,2105,2205,50,384
3.7293,2105,2205,50,392
3.7297,2105,2205,50,392
3.7301,2085,2204,50,400
3.7307,2085,2204,50,400
3.7311,2085,2204,50,400
3.7315,2085,2203,-450,400
3.7319,2085,2203,-450,400
3.7326,2085,2202,-450,408
3.7333,2085,2201,-450,416
3.7338,2085,2201,-450,416
3.7341,2085,2201,-450,416
3.7345,2085,2201,-450,424
3.7349,2085,2201,-450,424
3.7353,2085,2200,-450,432
3.7357,2085,2200,-450,432
3.7360,2085,2200,-450,432
3.7364,2085,2199,-450,440
3.7368,2085,2199,-450,440
3.7371,2085,2199,-450,440
3.7375,2085,2198,-450,440
3.7379,2085,2198,-450,440
3.7383,2085,2197,-450,448
3.7386,2085,2197,-450,448
3.7390,2085,2197,-450,448
3.7393,2085,2196,-450,456
3.7397,2085,2196,-450,456
3.7400,2064,2195,-450,464
3.7407,2064,2195,-450,464
3.7411,2064,2195,-450,464
3.7414,2064,2194,-450,472
3.7418,2064,2194,-450,472
3.7421,2064,2193,-450,472
3.7425,2064,2193,-450,472
3.7429,2064,2193,-450,472
3.7432,2064,2192,-450,460
3.7436,2064,2192,-450,460
3.7439,2064,2192,-450,460
3.7443,2064,2191,-450,468
3.7446,2064,2191,-450,468
3.7450,2064,2191,-450,468
3.7454,2064,2190,-450,476
3.7457,2064,2190,-450,476
3.7461,2064,2190,-450,476
3.7464,2064,2189,-450,484
3.7468,2064,2189,-450,484
3.7471,2064,2188,-450,492
3.7475,2064,2188,-450,492
3.7478,2064,2188,-450,492
3.7482,2064,2186,-450,492
3.7486,2064,2186,-450,492
3.7490,2064,2186,-450,492
3.7493,2064,2185,-450,500
3.7497,2064,2185,-450,500
3.7500,2043,2184,-450,508
3.7507,2043,2184,-450,508
3.7510,2043,2184,-450,508
3.7514,2043,2183,-1000,516
3.7517,2043,2183,-1000,516
3.7521,2043,2182,-1000,516
3.7524,2043,2182,-1000,516
3.7528,2043,2182,-1000,516
3.7532,2043,2180,-1000,516
3.7535,2043,2180,-1000,516
3.7539,2043,2180,-1000,516
3.7542,2043,2179,-1000,524
3.7546,2043,2179,-1000,524
3.7550,2043,2179,-1000,524
3.7554,2043,2177,-1000,524
3.7558,2043,2177,-1000,524
3.7563,2043,2176,-1000,532
3.7566,2043,2176,-1000,532
3.7570,2043,2176,-1000,532
3.7573,2043,2175,-1000,540
3.7577,2043,2175,-1000,540
3.7580,2043,2175,-1000,540
3.7584,2043,2174,-1000,548
3.7587,2043,2174,-1000,548
3.7591,2043,2172,-1000,548
3.7594,2043,2172,-1000,548
3.7598,2043,2172,-1000,548
3.7601,2021,2171,-1000,556
3.7608,2021,2171,-1000,556
3.7612,2021,2169,-1000,556
3.7616,2021,2169,-1000,556
3.7619,2021,2169,-1000,556
3.7623,2021,2168,-1000,564
3.7626,2021,2168,-1000,564
3.7630,2021,2168,-1000,564
3.7633,2021,2167,-1000,568
3.7637,2021,2167,-1000,568
3.7640,2021,2165,-1000,568
3.7644,2021,2165,-1000,568
3.7647,2021,2165,-1000,568
3.7651,2021,2164,-1000,576
3.7654,2021,2164,-1000,576
3.7658,2021,2164,-1000,576
3.7661,2021,2162,-1000,576
3.7665,2021,2162,-1000,576
3.7669,2021,2162,-1000,576
3.7673,2021,2160,-1000,576
3.7676,2021,2160,-1000,576
3.7680,2021,2160,-1000,576
3.7683,2021,2159,-1000,584
3.7687,2021,2159,-1000,584
3.7691,2021,2157,-1000,584
3.7694,2021,2157,-1000,584
3.7698,2021,2157,-1000,584
3.7701,2000,2156,-1000,592
3.7708,2000,2156,-1000,592
3.7712,2000,2154,-1450,592
3.7716,2000,2154,-1450,592
3.7719,2000,2154,-1450,592
3.7723,2000,2153,-1450,600
3.7726,2000,2153,-1450,600
3.7730,2000,2151,-1450,600
3.7733,2000,2151,-1450,600
3.7737,2000,2151,-1450,600
3.7740,2000,2149,-1450,600
3.7744,2000,2149,-1450,600
3.7747,2000,2149,-1450,600
3.7751,2000,2147,-1450,600
3.7755,2000,2147,-1450,600
3.7759,2000,2147,-1450,600
3.7764,2000,2146,-1450,608
3.7768,2000,2146,-1450,608
3.7772,2000,2144,-1450,608
3.7776,2000,2144,-1450,608
3.7780,2000,2144,-1450,608
3.7783,2000,2142,-1450,608
3.7787,2000,2142,-1450,608
3.7790,2000,2141,-1450,616
3.7794,2000,2141,-1450,616
3.7797,2000,2141,-1450,616
3.7800,1980,2139,-1450,616
3.7807,1980,2139,-1450,616
3.7811,1980,2137,-1450,616
3.7814,1980,2137,-1450,616
3.7818,1980,2137,-1450,616
3.7821,1980,2135,-1450,616
3.7825,1980,2135,-1450,616
3.7829,1980,2135,-1450,616
3.7832,1980,2133,-1450,584
3.7836,1980,2133,-1450,584
3.7839,1980,2131,-1450,584
3.7843,1980,2131,-1450,584
3.7846,1980,2131,-1450,584
3.7850,1980,2129,-1450,584
3.7854,1980,2129,-1450,584
3.7858,1980,2129,-1450,584
3.7861,1980,2127,-1450,584
3.7865,1980,2127,-1450,584
3.7869,1980,2127,-1450,584
3.7872,1980,2126,-1450,592
3.7876,1980,2126,-1450,592
3.7880,1980,2124,-1450,592
3.7883,1980,2124,-1450,592
3.7887,1980,2124,-1450,592
3.7890,1980,2122,-1450,592
3.7894,1980,2122,-1450,592
3.7898,1980,2122,-1450,592
3.7901,1961,2120,-1450,592
3.7908,1961,2120,-1450,592
3.7913,1961,2118,-1800,592
3.7917,1961,2118,-1800,592
3.7920,1961,2116,-1800,592
3.7924,1961,2116,-1800,592
3.7929,1961,2116,-1800,592
3.7933,1961,2114,-1800,592
3.7936,1961,2114,-1800,592
3.7940,1961,2113,-1800,600
3.7943,1961,2113,-1800,600
3.7947,1961,2113,-1800,600
3.7950,1961,2110,-1800,592
3.7954,1961,2110,-1800,592
3.7958,1961,2110,-1800,592
3.7961,1961,2109,-1800,600
3.7965,1961,2109,-1800,600
3.7969,1961,2107,-1800,600
3.7974,1961,2107,-1800,600
3.7980,1961,2105,-1800,600
3.7984,1961,2105,-1800,600
3.7988,1961,2105,-1800,600
3.7993,1961,2103,-1800,600
3.7997,1961,2103,-1800,600
3.8001,1943,2101,-1800,600
3.8008,1943,2101,-1800,600
3.8011,1943,2099,-1800,600
3.8015,1943,2099,-1800,600
3.8019,1943,2097,-1800,600
3.8022,1943,2097,-1800,600
3.8027,1943,2097,-1800,600
3.8030,1943,2095,-1800,584
3.8034,1943,2095,-1800,584
3.8037,1943,2095,-1800,584
3.8041,1943,2093,-1800,584
3.8044,1943,2093,-1800,584
3.8048,1943,2093,-1800,584
3.8052,1943,2091,-1800,584
3.8056,1943,2091,-1800,584
3.8060,1943,2089,-1800,584
3.8063,1943,2089,-1800,584
3.8067,1943,2089,-1800,584
3.8070,1943,2087,-1800,584
3.8074,1943,2087,-1800,584
3.8077,1943,2087,-1800,584
3.8081,1943,2085,-1800,584
3.8084,1943,2085,-1800,584
3.8088,1943,2085,-1800,584
3.8091,1943,2083,-1800,584
3.8095,1943,2083,-1800,584
3.8099,1943,2081,-1800,576
3.8103,1926,2081,-1800,576
3.8110,1926,2079,-1950,576
3.8114,1926,2079,-1950,576
3.8117,1926,2079,-1950,576
3.8121,1926,2077,-1950,576
3.8125,1926,2077,-1950,576
3.8129,1926,2075,-1950,576
3.8133,1926,2075,-1950,576
3.8136,1926,2075,-1950,576
3.8140,1926,2073,-1950,576
3.8144,1926,2073,-1950,576
3.8148,1926,2073,-1950,576
3.8152,1926,2071,-1950,576
3.8155,1926,2071,-1950,576
3.8159,1926,2069,-1950,576
3.8163,1926,2069,-1950,576
3.8167,1926,2069,-1950,576
3.8171,1926,2067,-1950,576
3.8175,1926,2067,-1950,576
3.8178,1926,2065,-1950,576
3.8183,1926,2065,-1950,576
3.8187,1926,2065,-1950,576
3.8192,1926,2063,-1950,576
3.8195,1926,2063,-1950,576
3.8201,1911,2061,-1950,576
3.8210,1911,2059,-1950,568
3.8214,1911,2059,-1950,568
3.8218,1911,2057,-1950,568
3.8223,1911,2057,-1950,568
3.8226,1911,2057,-1950,568
3.8230,1911,2055,-1950,552
3.8234,1911,2055,-1950,552
3.8238,1911,2055,-1950,552
3.8241,1911,2053,-1950,552
3.8245,1911,2053,-1950,552
3.8249,1911,2051,-1950,552
3.8253,1911,2051,-1950,552
3.8256,1911,2051,-1950,552
3.8260,1911,2049,-1950,552
3.8264,1911,2049,-1950,552
3.8267,1911,2047,-1950,552
3.8271,1911,2047,-1950,552
3.8286,1911,2045,-1950,552
3.8290,1911,2043,-1950,544
3.8296,1911,2043,-1950,544
3.8300,1911,2041,-1950,544
3.8303,1899,2041,-1950,544
3.8310,1899,2038,-2050,536
3.8315,1899,2038,-2050,536
3.8319,1899,2036,-2050,536
3.8323,1899,2036,-2050,536
3.8328,1899,2034,-2050,536
3.8331,1899,2034,-2050,536
3.8335,1899,2034,-2050,536
3.8339,1899,2032,-2050,536
3.8343,1899,2032,-2050,536
3.8346,1899,2032,-2050,536
3.8350,1899,2030,-2050,528
3.8357,1899,2029,-2050,536
3.8364,1899,2029,-2050,536
3.8368,1899,2027,-2050,536
3.8374,1899,2027,-2050,536
3.8377,1899,2024,-2050,528
3.8381,1899,2024,-2050,528
3.8385,1899,2024,-2050,528
3.8389,1899,2022,-2050,528
3.8393,1899,2022,-2050,528
3.8397,1899,2022,-2050,528
3.8400,1889,2020,-2050,520
3.8407,1889,2018,-2050,520
3.8411,1889,2018,-2050,520
3.8415,1889,2018,-2050,520
3.8419,1889,2016,-2050,520
3.8424,1889,2016,-2050,520
3.8434,1889,2014,-2050,512
3.8442,1889,2012,-2050,512
3.8446,1889,2012,-2050,512
3.8450,1889,2010,-2050,504
3.8454,1889,2010,-2050,504
3.8457,1889,2008,-2050,504
3.8461,1889,2008,-2050,504
3.8465,1889,2008,-2050,504
3.8469,1889,2007,-2050,512
3.8472,1889,2007,-2050,512
3.8476,1889,2007,-2050,512
3.8480,1889,2005,-2050,504
3.8483,1889,2005,-2050,504
3.8488,1889,2003,-2050,504
3.8493,1889,2003,-2050,504
3.8496,1889,2003,-2050,504
3.8500,1889,2001,-2050,496
3.8504,1880,1999,-1950,496
3.8511,1880,1999,-1950,496
3.8515,1880,1999,-1950,496
3.8519,1880,1997,-1950,496
3.8522,1880,1997,-1950,496
3.8526,1880,1997,-1950,496
3.8530,1880,1995,-1950,488
3.8533,1880,1995,-1950,488
3.8537,1880,1993,-1950,488
3.8541,1880,1993,-1950,488
3.8545,1880,1993,-1950,488
3.8549,1880,1991,-1950,488
3.8553,1880,1991,-1950,488
3.8556,1880,1990,-1950,488
3.8560,1880,1990,-1950,488
3.8564,1880,1990,-1950,488
3.8567,1880,1987,-1950,480
3.8571,1880,1987,-1950,480
3.8575,1880,1987,-1950,480
3.8579,1880,1985,-1950,472
3.8583,1880,1985,-1950,472
3.8586,1880,1984,-1950,480
3.8590,1880,1984,-1950,480
3.8593,1880,1984,-1950,480
3.8597,1880,1982,-1950,472
3.8601,1875,1982,-1950,472
3.8608,1875,1980,-1950,472
3.8613,1875,1980,-1950,472
3.8616,1875,1978,-1950,464
3.8620,1875,1978,-1950,464
3.8624,1875,1978,-1950,464
3.8627,1875,1977,-1950,468
3.8632,1875,1977,-1950,468
3.8644,1875,1975,-1950,460
3.8648,1875,1973,-1950,460
3.8656,1875,1971,-1950,452
3.8662,1875,1971,-1950,452
3.8666,1875,1969,-1950,452
3.8670,1875,1969,-1950,452
3.8673,1875,1969,-1950,452
3.8678,1875,1967,-1950,444
3.8681,1875,1967,-1950,444
3.8685,1875,1967,-1950,444
3.8689,1875,1965,-1950,436
3.8692,1875,1965,-1950,436
3.8696,1875,1964,-1950,444
3.8699,1875,1964,-1950,444
3.8703,1873,1962,-1850,436
3.8710,1873,1962,-1850,436
3.8713,1873,1962,-1850,436
3.8717,1873,1960,-1850,428
3.8723,1873,1960,-1850,428
3.8726,1873,1958,-1850,428
3.8731,1873,1958,-1850,428
3.8735,1873,1958,-1850,428
3.8739,1873,1956,-1850,420
3.8743,1873,1956,-1850,420
3.8746,1873,1954,-1850,412
3.8750,1873,1954,-1850,412
3.8755,1873,1954,-1850,412
3.8759,1873,1953,-1850,412
3.8763,1873,1953,-1850,412
3.8767,1873,1951,-1850,404
3.8770,1873,1951,-1850,404
3.8775,1873,1951,-1850,404
3.8779,1873,1949,-1850,404
3.8782,1873,1949,-1850,404
3.8786,1873,1947,-1850,396
3.8790,1873,1947,-1850,396
3.8794,1873,1947,-1850,396
3.8798,1873,1945,-1850,388
3.8802,1873,1944,-1850,388
3.8809,1873,1944,-1850,388
3.8812,1873,1944,-1850,388
3.8816,1873,1942,-1850,380
3.8820,1873,1942,-1850,380
3.8824,1873,1942,-1850,380
3.8828,1873,1940,-1850,344
3.8832,1873,1940,-1850,344
3.8835,1873,1939,-1850,344
3.8839,1873,1939,-1850,344
3.8843,1873,1937,-1850,336
3.8850,1873,1937,-1850,336
3.8854,1873,1937,-1850,336
3.8858,1873,1936,-1850,336
3.8862,1873,1936,-1850,336
3.8866,1873,1934,-1850,328
3.8870,1873,1934,-1850,328
3.8874,1873,1934,-1850,328
3.8878,1873,1932,-1850,320
3.8882,1873,1932,-1850,320
3.8886,1873,1931,-1850,312
3.8891,1873,1931,-1850,312
3.8895,1873,1929,-1850,304
3.8900,1875,1928,-1700,304
3.8909,1875,1928,-1700,304
3.8913,1875,1928,-1700,304
3.8916,1875,1926,-1700,296
3.8920,1875,1926,-1700,296
3.8924,1875,1926,-1700,296
3.8927,1875,1924,-1700,288
3.8932,1875,1924,-1700,288
3.8936,1875,1923,-1700,280
3.8940,1875,1923,-1700,280
3.8943,1875,1923,-1700,280
3.8947,1875,1921,-1700,272
3.8953,1875,1921,-1700,272
3.8956,1875,1920,-1700,272
3.8961,1875,1920,-1700,272
3.8967,1875,1918,-1700,256
3.8971,1875,1918,-1700,256
3.8975,1875,1917,-1700,256
3.8979,1875,1917,-1700,256
3.8984,1875,1917,-1700,256
3.8988,1875,1915,-1700,248
3.8993,1875,1915,-1700,248
3.8997,1875,1914,-1700,240
3.9001,1881,1912,-1700,232
3.9012,1881,1912,-1700,232
3.9018,1881,1911,-1700,224
3.9024,1881,1911,-1700,224
3.9028,1881,1910,-1700,212
3.9033,1881,1910,-1700,212
3.9038,1881,1908,-1700,196
3.9043,1881,1908,-1700,196
3.9047,1881,1907,-1700,196
3.9051,1881,1907,-1700,196
3.9055,1881,1906,-1700,188
3.9058,1881,1906,-1700,188
3.9062,1881,1906,-1700,188
3.9066,1881,1904,-1700,180
3.9070,1881,1904,-1700,180
3.9073,1881,1904,-1700,180
3.9077,1881,1903,-1700,172
3.9081,1881,1903,-1700,172
3.9084,1881,1902,-1700,164
3.9088,1881,1902,-1700,164
3.9092,1881,1902,-1700,164
3.9096,1881,1901,-1700,164
3.9100,1889,1900,-1400,156
3.9109,1889,1900,-1400,156
3.9113,1889,1900,-1400,156
3.9116,1889,1898,-1400,140
3.9121,1889,1898,-1400,140
3.9124,1889,1897,-1400,140
3.9128,1889,1897,-1400,140
3.9131,1889,1897,-1400,140
3.9135,1889,1896,-1400,132
3.9139,1889,1896,-1400,132
3.9143,1889,1896,-1400,132
3.9147,1889,1895,-1400,124
3.9150,1889,1895,-1400,124
3.9154,1889,1893,-1400,108
3.9158,1889,1893,-1400,108
3.9162,1889,1893,-1400,108
3.9165,1889,1892,-1400,100
3.9169,1889,1892,-1400,100
3.9173,1889,1892,-1400,100
3.9176,1889,1891,-1400,92
3.9179,1889,1891,-1400,92
3.9183,1889,1891,-1400,92
3.9186,1889,1891,-1400,100
3.9190,1889,1891,-1400,100
3.9194,1889,1889,-1400,84
3.9197,1889,1889,-1400,84
3.9201,1899,1888,-1400,76
3.9208,1899,1888,-1400,76
3.9212,1899,1888,-1400,76
3.9216,1899,1887,-1400,68
3.9220,1899,1887,-1400,68
3.9224,1899,1886,-1400,44
3.9228,1899,1886,-1400,44
3.9231,1899,1886,-1400,44
3.9235,1899,1885,-1400,28
3.9239,1899,1885,-1400,28
3.9243,1899,1885,-1400,28
3.9247,1899,1885,-1400,28
3.9251,1899,1885,-1400,28
3.9254,1899,1884,-1400,20
3.9258,1899,1884,-1400,20
3.9261,1899,1884,-1400,20
3.9265,1899,1883,-1400,-20
3.9269,1899,1883,-1400,-20
3.9273,1899,1883,-1400,-20
3.9276,1899,1882,-1400,-28
3.9280,1899,1882,-1400,-28
3.9284,1899,1881,-1400,-36
3.9288,1899,1881,-1400,-36
3.9291,1899,1881,-1400,-36
3.9295,1899,1881,-1400,-44
3.9299,1899,1881,-1400,-44
3.9302,1912,1880,-1000,-52
3.9309,1912,1880,-1000,-52
3.9316,1912,1879,-1000,-60
3.9320,1912,1879,-1000,-60
3.9326,1912,1879,-1000,-68
3.9329,1912,1879,-1000,-68
3.9333,1912,1878,-1000,-76
3.9337,1912,1878,-1000,-76
3.9341,1912,1878,-1000,-76
3.9344,1912,1878,-1000,-76
3.9348,1912,1878,-1000,-76
3.9353,1912,1878,-1000,-76
3.9356,1912,1877,-1000,-92
3.9360,1912,1877,-1000,-92
3.9363,1912,1876,-1000,-92
3.9367,1912,1876,-1000,-92
3.9370,1912,1876,-1000,-92
3.9374,1912,1876,-1000,-92
3.9377,1912,1876,-1000,-92
3.9381,1912,1876,-1000,-92
3.9385,1912,1875,-1000,-100
3.9389,1912,1875,-1000,-100
3.9392,1912,1875,-1000,-100
3.9396,1912,1875,-1000,-108
3.9400,1912,1875,-1000,-108
3.9404,1927,1875,-1000,-108
3.9411,1927,1875,-1000,-108
3.9414,1927,1874,-1000,-124
3.9418,1927,1874,-1000,-124
3.9423,1927,1874,-1000,-116
3.9426,1927,1874,-1000,-116
3.9431,1927,1874,-1000,-116
3.9434,1927,1874,-1000,-124
3.9438,1927,1874,-1000,-124
3.9442,1927,1874,-1000,-124
3.9445,1927,1874,-1000,-132
3.9449,1927,1874,-1000,-132
3.9453,1927,1874,-1000,-132
3.9457,1927,1874,-1000,-132
3.9460,1927,1874,-1000,-132
3.9464,1927,1873,-1000,-148
3.9467,1927,1873,-1000,-148
3.9471,1927,1873,-1000,-148
3.9474,1927,1873,-1000,-156
3.9478,1927,1873,-1000,-156
3.9482,1927,1873,-1000,-156
3.9487,1927,1873,-1000,-156
3.9491,1927,1873,-1000,-156
3.9496,1927,1873,-1000,-164
3.9499,1927,1873,-1000,-164
3.9503,1943,1873,-350,-172
3.9510,1943,1873,-350,-172
3.9514,1943,1873,-350,-180
3.9518,1943,1873,-350,-180
3.9522,1943,1873,-350,-188
3.9527,1943,1873,-350,-188
3.9531,1943,1873,-350,-188
3.9535,1943,1873,-350,-188
3.9539,1943,1873,-350,-188
3.9543,1943,1873,-350,-196
3.9552,1943,1873,-350,-204
3.9556,1943,1873,-350,-204
3.9560,1943,1873,-350,-204
3.9564,1943,1873,-350,-212
3.9567,1943,1873,-350,-212
3.9571,1943,1873,-350,-212
3.9575,1943,1873,-350,-220
3.9579,1943,1873,-350,-220
3.9583,1943,1873,-350,-228
3.9586,1943,1873,-350,-228
3.9590,1943,1873,-350,-228
3.9594,1943,1873,-350,-236
3.9598,1943,1873,-350,-236
3.9602,1961,1873,-350,-244
3.9611,1961,1873,-350,-244
3.9615,1961,1873,-350,-252
3.9619,1961,1873,-350,-252
3.9622,1961,1873,-350,-264
3.9626,1961,1873,-350,-264
3.9630,1961,1873,-350,-264
3.9634,1961,1873,-350,-272
3.9638,1961,1873,-350,-272
3.9642,1961,1873,-350,-288
3.9647,1961,1873,-350,-288
3.9650,1961,1873,-350,-288
3.9654,1961,1873,-350,-296
3.9658,1961,1873,-350,-296
3.9661,1961,1873,-350,-304
3.9665,1961,1873,-350,-304
3.9669,1961,1873,-350,-304
3.9673,1961,1873,-350,-312
3.9676,1961,1873,-350,-312
3.9680,1961,1873,-350,-312
3.9683,1961,1874,-350,-312
3.9687,1961,1874,-350,-312
3.9691,1961,1874,-350,-312
3.9695,1961,1874,-350,-328
3.9699,1961,1874,-350,-328
3.9703,1981,1875,100,-328
3.9710,1981,1875,100,-328
3.9713,1981,1875,100,-336
3.9717,1981,1875,100,-336
3.9720,1981,1875,100,-336
3.9724,1981,1876,100,-344
3.9727,1981,1876,100,-344
3.9731,1981,1876,100,-352
3.9735,1981,1876,100,-352
3.9739,1981,1876,100,-352
3.9742,1981,1877,100,-352
3.9746,1981,1877,100,-352
3.9750,1981,1877,100,-352
3.9753,1981,1877,100,-368
3.9757,1981,1877,100,-368
3.9761,1981,1878,100,-368
3.9765,1981,1878,100,-368
3.9768,1981,1878,100,-368
3.9773,1981,1878,100,-384
3.9777,1981,1878,100,-384
3.9781,1981,1879,100,-384
3.9785,1981,1879,100,-384
3.9789,1981,1879,100,-384
3.9793,1981,1880,100,-392
3.9796,1981,1880,100,-392
3.9800,2001,1881,100,-392
3.9807,2001,1881,100,-392
3.9810,2001,1881,100,-392
3.9814,2001,1881,100,-408
3.9817,2001,1881,100,-408
3.9822,2001,1882,100,-408
3.9826,2001,1882,100,-408
3.9830,2001,1882,100,-408
3.9833,2001,1883,100,-416
3.9838,2001,1883,100,-416
3.9844,2001,1884,100,-424
3.9849,2001,1884,100,-424
3.9853,2001,1885,100,-424
3.9856,2001,1885,100,-424
3.9860,2001,1885,100,-424
3.9863,2001,1886,100,-432
3.9867,2001,1886,100,-432
3.9871,2001,1886,100,-448
3.9874,2001,1886,100,-448
3.9878,2001,1886,100,-448
3.9883,2001,1887,100,-456
3.9887,2001,1887,100,-456
3.9891,2001,1889,100,-448
3.9894,2001,1889,100,-448
3.9898,2001,1889,100,-448
3.9902,2022,1889,700,-464
3.9909,2022,1889,700,-464
3.9913,2022,1890,700,-472
3.9917,2022,1890,700,-472
3.9921,2022,1892,700,-472
3.9925,2022,1892,700,-472
3.9929,2022,1892,700,-472
3.9933,2022,1892,700,-488
3.9936,2022,1892,700,-488
3.9940,2022,1892,700,-488
3.9943,2022,1894,700,-488
3.9947,2022,1894,700,-488
3.9950,2022,1895,700,-496
3.9954,2022,1895,700,-496
3.9958,2022,1895,700,-496
3.9961,2022,1896,700,-504
3.9965,2022,1896,700,-504
3.9969,2022,1896,700,-504
3.9973,2022,1897,700,-504
3.9978,2022,1897,700,-504
3.9984,2022,1898,700,-512
3.9989,2022,1898,700,-512
3.9993,2022,1899,700,-520
3.9997,2022,1899,700,-520
4.0000,2043,1900,700,-528
4.0007,2043,1900,700,-528
4.0011,2043,1901,700,-536
4.0016,2043,1901,700,-536
4.0020,2043,1903,700,-528
4.0024,2043,1903,700,-528
4.0028,2043,1903,700,-528
4.0033,2043,1904,700,-536
4.0036,2043,1904,700,-536
4.0040,2043,1906,700,-536
4.0043,2043,1906,700,-536
4.0047,2043,1906,700,-536
4.0051,2043,1907,700,-544
4.0054,2043,1907,700,-544
4.0058,2043,1907,700,-544
4.0061,2043,1908,700,-552
4.0065,2043,1908,700,-552
4.0068,2043,1908,700,-552
4.0072,2043,1910,700,-552
4.0076,2043,1910,700,-552
4.0080,2043,1911,700,-560
4.0083,2043,1911,700,-560
4.0087,2043,1911,700,-560
4.0091,2043,1912,700,-568
4.0094,2043,1912,700,-568
4.0098,2043,1912,700,-568
4.0102,2065,1914,1250,-568
4.0109,2065,1914,1250,-568
4.0113,2065,1915,1250,-568
4.0116,2065,1915,1250,-568
4.0120,2065,1917,1250,-568
4.0123,2065,1917,1250,-568
4.0127,2065,1917,1250,-568
4.0131,2065,1918,1250,-576
4.0135,2065,1918,1250,-576
4.0138,2065,1918,1250,-576
4.0143,2065,1920,1250,-576
4.0147,2065,1920,1250,-576
4.0150,2065,1921,1250,-584
4.0154,2065,1921,1250,-584
4.0158,2065,1921,1250,-584
4.0162,2065,1923,1250,-584
4.0165,2065,1923,1250,-584
4.0169,2065,1923,1250,-584
4.0172,2065,1924,1250,-592
4.0176,2065,1924,1250,-592
4.0180,2065,1926,1250,-592
4.0183,2065,1926,1250,-592
4.0187,2065,1926,1250,-592
4.0191,2065,1927,1250,-600
4.0195,2065,1927,1250,-600
4.0199,2065,1929,1250,-600
4.0203,2086,1929,1250,-600
4.0211,2086,1931,1250,-600
4.0214,2086,1931,1250,-600
4.0218,2086,1931,1250,-600
4.0221,2086,1933,1250,-572
4.0225,2086,1933,1250,-572
4.0229,2086,1934,1250,-580
4.0233,2086,1934,1250,-580
4.0237,2086,1934,1250,-580
4.0241,2086,1936,1250,-580
4.0245,2086,1936,1250,-580
4.0249,2086,1938,1250,-580
4.0253,2086,1938,1250,-580
4.0256,2086,1938,1250,-580
4.0260,2086,1940,1250,-580
4.0263,2086,1940,1250,-580
4.0267,2086,1940,1250,-580
4.0271,2086,1941,1250,-588
4.0275,2086,1941,1250,-588
4.0279,2086,1943,1250,-588
4.0282,2086,1943,1250,-588
4.0286,2086,1943,1250,-588
4.0290,2086,1945,1250,-588
4.0293,2086,1945,1250,-588
4.0297,2086,1945,1250,-588
4.0301,2106,1946,1600,-596
4.0308,2106,1946,1600,-596
4.0313,2106,1948,1600,-596
4.0316,2106,1948,1600,-596
4.0320,2106,1950,1600,-596
4.0324,2106,1950,1600,-596
4.0327,2106,1950,1600,-596
4.0331,2106,1951,1600,-604
4.0334,2106,1951,1600,-604
4.0338,2106,1951,1600,-604
4.0343,2106,1953,1600,-604
4.0346,2106,1953,1600,-604
4.0350,2106,1955,1600,-604
4.0353,2106,1955,1600,-604
4.0357,2106,1955,1600,-604
4.0361,2106,1957,1600,-604
4.0365,2106,1957,1600,-604
4.0369,2106,1959,1600,-604
4.0373,2106,1959,1600,-604
4.0376,2106,1959,1600,-604
4.0380,2106,1961,1600,-604
4.0386,2106,1961,1600,-604
4.0390,2106,1963,1600,-604
4.0397,2106,1963,1600,-604
4.0401,2125,1965,1600,-604
4.0408,2125,1967,1600,-604
4.0412,2125,1967,1600,-604
4.0416,2125,1967,1600,-604
4.0420,2125,1969,1600,-584
4.0424,2125,1969,1600,-584
4.0428,2125,1971,1600,-584
4.0432,2125,1971,1600,-584
4.0436,2125,1971,1600,-584
4.0440,2125,1972,1600,-592
4.0443,2125,1972,1600,-592
4.0447,2125,1972,1600,-592
4.0450,2125,1974,1600,-592
4.0454,2125,1974,1600,-592
4.0458,2125,1974,1600,-592
4.0461,2125,1976,1600,-592
4.0465,2125,1976,1600,-592
4.0469,2125,1978,1600,-592
4.0472,2125,1978,1600,-592
4.0476,2125,1978,1600,-592
4.0480,2125,1980,1600,-592
4.0483,2125,1980,1600,-592
4.0487,2125,1980,1600,-592
4.0491,2125,1982,1600,-592
4.0494,2125,1982,1600,-592
4.0498,2125,1984,1900,-592
4.0503,2144,1984,1900,-592
4.0509,2144,1986,1900,-592
4.0513,2144,1986,1900,-592
4.0518,2144,1988,1900,-592
4.0521,2144,1988,1900,-592
4.0525,2144,1988,1900,-592
4.0529,2144,1990,1900,-592
4.0533,2144,1990,1900,-592
4.0536,2144,1990,1900,-592
4.0540,2144,1992,1900,-592
4.0544,2144,1992,1900,-592
4.0549,2144,1994,1900,-592
4.0553,2144,1994,1900,-592
4.0556,2144,1994,1900,-592
4.0560,2144,1996,1900,-592
4.0564,2144,1996,1900,-592
4.0567,2144,1997,1900,-600
4.0571,2144,1997,1900,-600
4.0574,2144,1997,1900,-600
4.0578,2144,1999,1900,-600
4.0583,2144,1999,1900,-600
4.0586,2144,1999,1900,-600
4.0590,2144,2002,1900,-592
4.0593,2144,2002,1900,-592
4.0597,2144,2002,1900,-592
4.0601,2160,2004,1900,-592
4.0609,2160,2006,1900,-592
4.0613,2160,2006,1900,-592
4.0617,2160,2008,1900,-580
4.0621,2160,2008,1900,-580
4.0625,2160,2008,1900,-580
4.0629,2160,2010,1900,-580
4.0632,2160,2010,1900,-580
4.0636,2160,2010,1900,-580
4.0640,2160,2011,1900,-588
4.0643,2160,2011,1900,-588
4.0647,2160,2013,1900,-580
4.0651,2160,2013,1900,-580
4.0655,2160,2013,1900,-580
4.0658,2160,2015,1900,-580
4.0663,2160,2015,1900,-580
4.0666,2160,2015,1900,-580
4.0670,2160,2017,1900,-580
4.0674,2160,2017,1900,-580
4.0677,2160,2020,1900,-572
4.0681,2160,2020,1900,-572
4.0685,2160,2020,1900,-572
4.0689,2160,2021,1900,-580
4.0693,2160,2021,1900,-580
4.0696,2160,2021,1900,-580
4.0700,2175,2023,1950,-580
4.0707,2175,2025,1950,-580
4.0711,2175,2025,1950,-580
4.0714,2175,2025,1950,-580
4.0718,2175,2027,1950,-580
4.0723,2175,2027,1950,-580
4.0727,2175,2029,1950,-580
4.0731,2175,2029,1950,-580
4.0736,2175,2029,1950,-580
4.0739,2175,2031,1950,-580
4.0743,2175,2031,1950,-580
4.0747,2175,2033,1950,-580
4.0750,2175,2033,1950,-580
4.0754,2175,2033,1950,-580
4.0758,2175,2036,1950,-572
4.0761,2175,2036,1950,-572
4.0765,2175,2036,1950,-572
4.0769,2175,2038,1950,-564
4.0772,2175,2038,1950,-564
4.0776,2175,2038,1950,-564
4.0780,2175,2040,1950,-564
4.0783,2175,2040,1950,-564
4.0787,2175,2042,1950,-564
4.0791,2175,2042,1950,-564
4.0795,2175,2042,1950,-564
4.0799,2175,2044,1950,-564
4.0803,2187,2044,1950,-564
4.0810,2187,2046,1950,-564
4.0814,2187,2046,1950,-564
4.0820,2187,2048,1950,-540
4.0823,2187,2048,1950,-540
4.0828,2187,2050,1950,-540
4.0833,2187,2050,1950,-540
4.0837,2187,2052,1950,-540
4.0841,2187,2052,1950,-540
4.0844,2187,2052,1950,-540
4.0848,2187,2054,1950,-540
4.0853,2187,2054,1950,-540
4.0858,2187,2056,1950,-540
4.0861,2187,2056,1950,-540
4.0865,2187,2056,1950,-540
4.0869,2187,2058,1950,-540
4.0873,2187,2058,1950,-540
4.0876,2187,2060,1950,-532
4.0880,2187,2060,1950,-532
4.0884,2187,2060,1950,-532
4.0887,2187,2062,1950,-532
4.0891,2187,2062,1950,-532
4.0896,2187,2062,1950,-532
4.0899,2187,2064,2050,-532
4.0903,2198,2066,2050,-524
4.0911,2198,2066,2050,-524
4.0915,2198,2066,2050,-524
4.0919,2198,2068,2050,-524
4.0923,2198,2068,2050,-524
4.0926,2198,2070,2050,-524
4.0931,2198,2070,2050,-524
4.0935,2198,2070,2050,-524
4.0939,2198,2072,2050,-524
4.0943,2198,2072,2050,-524
4.0946,2198,2074,2050,-516
4.0950,2198,2074,2050,-516
4.0954,2198,2074,2050,-516
4.0958,2198,2076,2050,-516
4.0961,2198,2076,2050,-516
4.0965,2198,2076,2050,-516
4.0969,2198,2078,2050,-516
4.0973,2198,2078,2050,-516
4.0977,2198,2080,2050,-516
4.0980,2198,2080,2050,-516
4.0984,2198,2080,2050,-516
4.0988,2198,2082,2050,-508
4.0993,2198,2082,2050,-508
4.0996,2198,2084,2050,-508
4.1000,2198,2084,2050,-508
4.1003,2206,2086,2050,-500
4.1010,2206,2086,2050,-500
4.1014,2206,2086,2050,-500
4.1017,2206,2088,2050,-492
4.1022,2206,2088,2050,-492
4.1025,2206,2090,2050,-492
4.1029,2206,2090,2050,-492
4.1035,2206,2090,2050,-492
4.1039,2206,2092,2050,-484
4.1042,2206,2092,2050,-484
4.1046,2206,2094,2050,-484
4.1050,2206,2094,2050,-484
4.1054,2206,2094,2050,-484
4.1057,2206,2096,2050,-484
4.1061,2206,2096,2050,-484
4.1065,2206,2096,2050,-484
4.1070,2206,2097,2050,-484
4.1074,2206,2097,2050,-484
4.1078,2206,2100,2050,-476
4.1081,2206,2100,2050,-476
4.1085,2206,2102,2050,-468
4.1089,2206,2102,2050,-468
4.1093,2206,2102,2050,-468
4.1096,2206,2104,2000,-468
4.1100,2211,2104,2000,-468
4.1107,2211,2105,2000,-468
4.1111,2211,2105,2000,-468
4.1115,2211,2105,2000,-468
4.1118,2211,2107,2000,-468
4.1122,2211,2107,2000,-468
4.1126,2211,2109,2000,-460
4.1130,2211,2109,2000,-460
4.1133,2211,2109,2000,-460
4.1137,2211,2111,2000,-460
4.1141,2211,2111,2000,-460
4.1144,2211,2111,2000,-460
4.1148,2211,2113,2000,-452
4.1152,2211,2113,2000,-452
4.1157,2211,2115,2000,-452
4.1160,2211,2115,2000,-452
4.1164,2211,2115,2000,-452
4.1168,2211,2117,2000,-444
4.1173,2211,2117,2000,-444
4.1176,2211,2118,2000,-452
4.1180,2211,2118,2000,-452
4.1183,2211,2118,2000,-452
4.1187,2211,2120,2000,-444
4.1191,2211,2120,2000,-444
4.1194,2211,2120,2000,-444
4.1198,2211,2122,2000,-436
4.1202,2213,2124,2000,-436
4.1208,2213,2124,2000,-436
4.1212,2213,2124,2000,-436
4.1216,2213,2125,2000,-428
4.1220,2213,2125,2000,-428
4.1224,2213,2125,2000,-428
4.1228,2213,2127,2000,-420
4.1232,2213,2127,2000,-420
4.1236,2213,2129,2000,-412
4.1240,2213,2129,2000,-412
4.1243,2213,2129,2000,-412
4.1248,2213,2131,2000,-412
4.1253,2213,2131,2000,-412
4.1257,2213,2133,2000,-404
4.1260,2213,2133,2000,-404
4.1264,2213,2133,2000,-404
4.1267,2213,2135,2000,-396
4.1271,2213,2135,2000,-396
4.1275,2213,2137,2000,-388
4.1279,2213,2137,2000,-388
4.1283,2213,2137,2000,-388
4.1287,2213,2138,2000,-388
4.1290,2213,2138,2000,-388
4.1295,2213,2140,1800,-380
4.1298,2213,2140,1800,-380
4.1303,2213,2142,1800,-372
4.1311,2213,2142,1800,-372
4.1315,2213,2143,1800,-372
4.1319,2213,2143,1800,-372
4.1323,2213,2143,1800,-372
4.1327,2213,2145,1800,-364
4.1330,2213,2145,1800,-364
4.1334,2213,2147,1800,-356
4.1337,2213,2147,1800,-356
4.1341,2213,2147,1800,-356
4.1345,2213,2149,1800,-348
4.1349,2213,2149,1800,-348
4.1353,2213,2149,1800,-348
4.1356,2213,2150,1800,-348
4.1360,2213,2150,1800,-348
4.1364,2213,2152,1800,-340
4.1368,2213,2152,1800,-340
4.1371,2213,2152,1800,-340
4.1375,2213,2154,1800,-332
4.1379,2213,2154,1800,-332
4.1383,2213,2154,1800,-332
4.1386,2213,2155,1800,-332
4.1390,2213,2155,1800,-332
4.1394,2213,2157,1800,-324
4.1397,2213,2157,1800,-324
4.1401,2211,2159,1800,-316
4.1408,2211,2159,1800,-316
4.1413,2211,2159,1800,-316
4.1416,2211,2160,1800,-276
4.1420,2211,2160,1800,-276
4.1424,2211,2162,1800,-268
4.1427,2211,2162,1800,-268
4.1431,2211,2162,1800,-268
4.1435,2211,2163,1800,-268
4.1439,2211,2163,1800,-268
4.1443,2211,2163,1800,-268
4.1447,2211,2164,1800,-268
4.1451,2211,2164,1800,-268
4.1455,2211,2166,1800,-252
4.1459,2211,2166,1800,-252
4.1463,2211,2166,1800,-252
4.1466,2211,2167,1800,-252
4.1470,2211,2167,1800,-252
4.1474,2211,2169,1800,-244
4.1478,2211,2169,1800,-244
4.1481,2211,2169,1800,-244
4.1485,2211,2170,1800,-236
4.1489,2211,2170,1800,-236
4.1496,2211,2172,1600,-228
4.1500,2211,2172,1600,-228
4.1504,2205,2174,1600,-212
4.1511,2205,2174,1600,-212
4.1514,2205,2175,1600,-212
4.1518,2205,2175,1600,-212
4.1521,2205,2175,1600,-212
4.1525,2205,2176,1600,-204
4.1529,2205,2176,1600,-204
4.1532,2205,2176,1600,-204
4.1536,2205,2177,1600,-204
4.1540,2205,2177,1600,-204
4.1543,2205,2179,1600,-188
4.1547,2205,2179,1600,-188
4.1550,2205,2179,1600,-188
4.1554,2205,2180,1600,-188
4.1558,2205,2180,1600,-188
4.1562,2205,2180,1600,-188
4.1566,2205,2182,1600,-172
4.1569,2205,2182,1600,-172
4.1573,2205,2183,1600,-172
4.1577,2205,2183,1600,-172
4.1580,2205,2183,1600,-172
4.1584,2205,2184,1600,-164
4.1588,2205,2184,1600,-164
4.1591,2205,2184,1600,-164
4.1595,2205,2185,1600,-156
4.1599,2205,2185,1600,-156
4.1603,2197,2186,1600,-156
4.1609,2197,2186,1600,-156
4.1613,2197,2187,1600,-144
4.1616,2197,2187,1600,-144
4.1620,2197,2187,1600,-144
4.1624,2197,2189,1600,-128
4.1628,2197,2189,1600,-128
4.1631,2197,2189,1600,-128
4.1635,2197,2190,1600,-120
4.1639,2197,2190,1600,-120
4.1643,2197,2191,1600,-120
4.1647,2197,2191,1600,-120
4.1650,2197,2191,1600,-120
4.1655,2197,2192,1600,-112
4.1659,2197,2192,1600,-112
4.1664,2197,2193,1600,-104
4.1667,2197,2193,1600,-104
4.1671,2197,2193,1600,-104
4.1675,2197,2194,1600,-96
4.1679,2197,2194,1600,-96
4.1683,2197,2195,1600,-88
4.1686,2197,2195,1600,-88
4.1690,2197,2195,1600,-88
4.1694,2197,2196,1200,-80
4.1697,2197,2196,1200,-80
4.1701,2187,2197,1200,-72
4.1708,2187,2197,1200,-72
4.1712,2187,2198,1200,-64
4.1716,2187,2198,1200,-64
4.1720,2187,2198,1200,-64
4.1723,2187,2199,1200,-56
4.1727,2187,2199,1200,-56
4.1731,2187,2199,1200,-56
4.1734,2187,2200,1200,-48
4.1738,2187,2200,1200,-48
4.1741,2187,2200,1200,-48
4.1745,2187,2201,1200,-40
4.1749,2187,2201,1200,-40
4.1752,2187,2202,1200,-32
4.1756,2187,2202,1200,-32
4.1760,2187,2202,1200,-32
4.1763,2187,2203,1200,0
4.1767,2187,2203,1200,0
4.1771,2187,2203,1200,0
4.1775,2187,2204,1200,24
4.1779,2187,2204,1200,24
4.1783,2187,2204,1200,24
4.1786,2187,2204,1200,24
4.1790,2187,2204,1200,24
4.1794,2187,2205,1200,32
4.1798,2187,2205,1200,32
4.1801,2174,2206,1200,40
4.1808,2174,2206,1200,40
4.1813,2174,2207,1200,76
4.1816,2174,2207,1200,76
4.1820,2174,2207,1200,76
4.1824,2174,2207,1200,76
4.1827,2174,2207,1200,76
4.1831,2174,2207,1200,76
4.1835,2174,2208,1200,84
4.1838,2174,2208,1200,84
4.1842,2174,2208,1200,92
4.1846,2174,2208,1200,92
4.1850,2174,2208,1200,92
4.1855,2174,2209,1200,100
4.1859,2174,2209,1200,100
4.1864,2174,2209,1200,100
4.1868,2174,2209,1200,100
4.1871,2174,2210,1200,100
4.1875,2174,2210,1200,100
4.1879,2174,2210,1200,100
4.1883,2174,2210,1200,108
4.1886,2174,2210,1200,108
4.1890,2174,2210,1200,108
4.1893,2174,2211,750,116
4.1897,2174,2211,750,116
4.1901,2160,2211,750,124
4.1907,2160,2211,750,124
4.1911,2160,2211,750,124
4.1914,2160,2211,750,124
4.1918,2160,2211,750,124
4.1922,2160,2211,750,132
4.1925,2160,2211,750,132
4.1929,2160,2211,750,132
4.1933,2160,2212,750,140
4.1936,2160,2212,750,140
4.1940,2160,2212,750,140
4.1944,2160,2212,750,148
4.1948,2160,2212,750,148
4.1951,2160,2212,750,156
4.1955,2160,2212,750,156
4.1959,2160,2212,750,156
4.1962,2160,2212,750,156
4.1966,2160,2212,750,156
4.1970,2160,2212,750,156
4.1973,2160,2212,750,164
4.1977,2160,2212,750,164
4.1981,2160,2212,750,164
4.1984,2160,2212,750,172
4.1988,2160,2212,750,172
4.1991,2160,2212,750,180
4.1995,2160,2212,750,180
4.1999,2160,2212,750,180
4.2002,2143,2212,750,180
4.2009,2143,2212,750,180
4.2013,2143,2212,750,160
4.2017,2143,2212,750,160
4.2020,2143,2212,750,160
4.2024,2143,2212,750,168
4.2028,2143,2212,750,168
4.2033,2143,2212,750,176
4.2037,2143,2212,750,176
4.2040,2143,2212,750,176
4.2044,2143,2212,750,184
4.2048,2143,2212,750,184
4.2053,2143,2212,750,192
4.2057,2143,2212,750,192
4.2061,2143,2212,750,200
4.2064,2143,2212,750,200
4.2069,2143,2212,750,200
4.2074,2143,2212,750,208
4.2078,2143,2212,750,208
4.2083,2143,2212,750,216
4.2086,2143,2212,750,216
4.2090,2143,2212,750,216
4.2094,2143,2212,50,224
4.2097,2143,2212,50,224
4.2101,2125,2212,50,232
4.2108,2125,2212,50,232
4.2111,2125,2212,50,240
4.2115,2125,2212,50,240
4.2119,2125,2212,50,240
4.2122,2125,2212,50,248
4.2126,2125,2212,50,248
4.2130,2125,2212,50,248
4.2133,2125,2212,50,256
4.2137,2125,2212,50,256
4.2141,2125,2212,50,264
4.2144,2125,2212,50,264
4.2148,2125,2212,50,264
4.2152,2125,2212,50,272
4.2155,2125,2212,50,272
4.2159,2125,2212,50,272
4.2163,2125,2212,50,280
4.2166,2125,2212,50,280
4.2170,2125,2212,50,296
4.2174,2125,2212,50,296
4.2178,2125,2212,50,296
4.2181,2125,2211,50,296
4.2185,2125,2211,50,296
4.2189,2125,2211,50,296
4.2193,2125,2211,50,304
4.2196,2125,2211,50,304
4.2200,2106,2210,50,304
4.2207,2106,2210,50,304
4.2211,2106,2210,50,344
4.2214,2106,2210,50,344
4.2218,2106,2210,50,344
4.2222,2106,2209,50,344
4.2226,2106,2209,50,344
4.2230,2106,2208,50,344
4.2234,2106,2208,50,344
4.2237,2106,2208,50,344
4.2241,2106,2208,50,360
4.2244,2106,2208,50,360
4.2248,2106,2208,50,360
4.2254,2106,2207,50,360
4.2258,2106,2207,50,360
4.2262,2106,2206,50,368
4.2266,2106,2206,50,368
4.2270,2106,2206,50,376
4.2274,2106,2206,50,376
4.2278,2106,2206,50,376
4.2282,2106,2205,50,384
4.2285,2106,2205,50,384
4.2289,2106,2205,50,384
4.2293,2106,2205,-350,392
4.2296,2106,2205,-350,392
4.2300,2106,2204,-350,400
4.2304,2085,2204,-350,400
4.2311,2085,2203,-350,400
4.2315,2085,2203,-350,400
4.2319,2085,2203,-350,400
4.2322,2085,2202,-350,408
4.2326,2085,2202,-350,408
4.2330,2085,2201,-350,416
4.2333,2085,2201,-350,416
4.2337,2085,2201,-350,416
4.2341,2085,2201,-350,424
4.2344,2085,2201,-350,424
4.2348,2085,2201,-350,424
4.2352,2085,2200,-350,432
4.2355,2085,2200,-350,432
4.2359,2085,2200,-350,432
4.2363,2085,2199,-350,440
4.2367,2085,2199,-350,440
4.2370,2085,2198,-350,440
4.2374,2085,2198,-350,440
4.2378,2085,2198,-350,440
4.2381,2085,2197,-350,448
4.2385,2085,2197,-350,448
4.2389,2085,2197,-350,448
4.2393,2085,2196,-350,456
4.2397,2085,2196,-350,456
4.2400,2064,2195,-350,464
4.2408,2064,2195,-350,464
4.2411,2064,2194,-350,456
4.2415,2064,2194,-350,456
4.2419,2064,2193,-350,456
4.2423,2064,2193,-350,456
4.2427,2064,2193,-350,456
4.2430,2064,2192,-350,464
4.2434,2064,2192,-350,464
4.2439,2064,2192,-350,464
4.2443,2064,2191,-350,472
4.2446,2064,2191,-350,472
4.2450,2064,2190,-350,480
4.2454,2064,2190,-350,480
4.2458,2064,2190,-350,480
4.2463,2064,2189,-350,488
4.2468,2064,2188,-350,496
4.2473,2064,2188,-350,496
4.2477,2064,2188,-350,496
4.2481,2064,2186,-350,496
4.2485,2064,2186,-350,496
4.2489,2064,2185,-1000,504
4.2493,2064,2185,-1000,504
4.2496,2064,2185,-1000,504
4.2500,2064,2184,-1000,512
4.2503,2042,2184,-1000,512
4.2510,2042,2183,-1000,512
4.2514,2042,2183,-1000,512
4.2518,2042,2183,-1000,512
4.2521,2042,2182,-1000,520
4.2525,2042,2182,-1000,520
4.2529,2042,2180,-1000,520
4.2533,2042,2180,-1000,520
4.2537,2042,2180,-1000,520
4.2540,2042,2179,-1000,528
4.2544,2042,2179,-1000,528
4.2548,2042,2179,-1000,528
4.2551,2042,2177,-1000,528
4.2555,2042,2177,-1000,528
4.2559,2042,2176,-1000,536
4.2563,2042,2176,-1000,536
4.2566,2042,2176,-1000,536
4.2570,2042,2175,-1000,544
4.2574,2042,2175,-1000,544
4.2577,2042,2175,-1000,544
4.2581,2042,2174,-1000,552
4.2585,2042,2174,-1000,552
4.2589,2042,2172,-1000,552
4.2593,2042,2172,-1000,552
4.2597,2042,2172,-1000,552
4.2600,2022,2171,-1000,560
4.2607,2022,2171,-1000,560
4.2611,2022,2170,-1000,560
4.2615,2022,2170,-1000,560
4.2618,2022,2168,-1000,560
4.2623,2022,2168,-1000,560
4.2627,2022,2168,-1000,560
4.2630,2022,2167,-1000,568
4.2634,2022,2167,-1000,568
4.2638,2022,2167,-1000,568
4.2641,2022,2165,-1000,568
4.2645,2022,2165,-1000,568
4.2649,2022,2164,-1000,576
4.2653,2022,2164,-1000,576
4.2656,2022,2164,-1000,576
4.2661,2022,2162,-1000,576
4.2666,2022,2162,-1000,576
4.2670,2022,2161,-1000,584
4.2674,2022,2161,-1000,584
4.2678,2022,2159,-1000,584
4.2683,2022,2159,-1000,584
4.2686,2022,2159,-1000,584
4.2690,2022,2157,-1400,576
4.2693,2022,2157,-1400,576
4.2697,2022,2157,-1400,576
4.2701,2000,2156,-1400,584
4.2708,2000,2154,-1400,584
4.2711,2000,2154,-1400,584
4.2715,2000,2154,-1400,584
4.2719,2000,2153,-1400,592
4.2723,2000,2153,-1400,592
4.2726,2000,2153,-1400,592
4.2730,2000,2151,-1400,592
4.2734,2000,2151,-1400,592
4.2737,2000,2151,-1400,592
4.2741,2000,2149,-1400,592
4.2745,2000,2149,-1400,592
4.2749,2000,2148,-1400,600
4.2753,2000,2148,-1400,600
4.2756,2000,2148,-1400,600
4.2760,2000,2146,-1400,600
4.2763,2000,2146,-1400,600
4.2767,2000,2146,-1400,600
4.2771,2000,2144,-1400,600
4.2774,2000,2144,-1400,600
4.2778,2000,2142,-1400,600
4.2781,2000,2142,-1400,600
4.2785,2000,2142,-1400,600
4.2789,2000,2141,-1400,608
4.2793,2000,2141,-1400,608
4.2796,2000,2141,-1400,608
4.2800,1980,2139,-1400,608
4.2807,1980,2139,-1400,608
4.2810,1980,2137,-1400,576
4.2814,1980,2137,-1400,576
4.2818,1980,2135,-1400,576
4.2822,1980,2135,-1400,576
4.2826,1980,2135,-1400,576
4.2829,1980,2133,-1400,576
4.2833,1980,2133,-1400,576
4.2836,1980,2133,-1400,576
4.2840,1980,2131,-1400,576
4.2844,1980,2131,-1400,576
4.2847,1980,2129,-1400,576
4.2851,1980,2129,-1400,576
4.2855,1980,2129,-1400,576
4.2859,1980,2128,-1400,592
4.2862,1980,2128,-1400,592
4.2866,1980,2128,-1400,592
4.2870,1980,2126,-1400,592
4.2874,1980,2126,-1400,592
4.2877,1980,2124,-1400,592
4.2881,1980,2124,-1400,592
4.2885,1980,2124,-1400,592
4.2889,1980,2122,-1750,592
4.2893,1980,2122,-1750,592
4.2896,1980,2122,-1750,592
4.2900,1980,2120,-1750,592
4.2904,1960,2119,-1750,592
4.2910,1960,2119,-1750,592
4.2914,1960,2119,-1750,592
4.2918,1960,2117,-1750,592
4.2922,1960,2117,-1750,592
4.2925,1960,2117,-1750,592
4.2929,1960,2114,-1750,584
4.2933,1960,2114,-1750,584
4.2936,1960,2114,-1750,584
4.2940,1960,2113,-1750,592
4.2944,1960,2113,-1750,592
4.2947,1960,2111,-1750,592
4.2951,1960,2111,-1750,592
4.2955,1960,2111,-1750,592
4.2959,1960,2109,-1750,592
4.2962,1960,2109,-1750,592
4.2966,1960,2109,-1750,592
4.2970,1960,2107,-1750,592
4.2974,1960,2107,-1750,592
4.2977,1960,2105,-1750,600
4.2981,1960,2105,-1750,600
4.2985,1960,2105,-1750,600
4.2989,1960,2103,-1750,592
4.2993,1960,2103,-1750,592
4.2996,1960,2103,-1750,592
4.3000,1943,2101,-1750,592
4.3007,1943,2099,-1750,576
4.3011,1943,2099,-1750,576
4.3015,1943,2099,-1750,576
4.3019,1943,2097,-1750,576
4.3023,1943,2097,-1750,576
4.3026,1943,2095,-1750,576
4.3030,1943,2095,-1750,576
4.3034,1943,2095,-1750,576
4.3037,1943,2093,-1750,584
4.3041,1943,2093,-1750,584
4.3045,1943,2093,-1750,584
4.3049,1943,2091,-1750,584
4.3053,1943,2091,-1750,584
4.3056,1943,2089,-1750,584
4.3060,1943,2089,-1750,584
4.3063,1943,2089,-1750,584
4.3067,1943,2087,-1750,584
4.3071,1943,2087,-1750,584
4.3074,1943,2087,-1750,584
4.3078,1943,2085,-1750,576
4.3083,1943,2085,-1750,576
4.3086,1943,2083,-1950,576
4.3090,1943,2083,-1950,576
4.3094,1943,2083,-1950,576
4.3098,1943,2081,-1950,576
4.3102,1926,2081,-1950,576
4.3109,1926,2079,-1950,576
4.3113,1926,2079,-1950,576
4.3116,1926,2077,-1950,576
4.3120,1926,2077,-1950,576
4.3124,1926,2077,-1950,576
4.3127,1926,2075,-1950,576
4.3131,1926,2075,-1950,576
4.3135,1926,2075,-1950,576
4.3139,1926,2073,-1950,576
4.3143,1926,2073,-1950,576
4.3146,1926,2072,-1950,584
4.3150,1926,2072,-1950,584
4.3153,1926,2072,-1950,584
4.3157,1926,2070,-1950,584
4.3161,1926,2070,-1950,584
4.3164,1926,2070,-1950,584
4.3168,1926,2067,-1950,576
4.3171,1926,2067,-1950,576
4.3175,1926,2067,-1950,576
4.3179,1926,2065,-1950,576
4.3182,1926,2065,-1950,576
4.3186,1926,2063,-1950,576
4.3190,1926,2063,-1950,576
4.3193,1926,2063,-1950,576
4.3197,1926,2061,-1950,568
4.3201,1911,2061,-1950,568
4.3208,1911,2059,-1950,556
4.3211,1911,2059,-1950,556
4.3215,1911,2059,-1950,556
4.3219,1911,2057,-1950,556
4.3224,1911,2057,-1950,556
4.3227,1911,2055,-1950,556
4.3231,1911,2055,-1950,556
4.3235,1911,2055,-1950,556
4.3239,1911,2053,-1950,556
4.3243,1911,2053,-1950,556
4.3247,1911,2051,-1950,556
4.3250,1911,2051,-1950,556
4.3254,1911,2051,-1950,556
4.3257,1911,2049,-1950,556
4.3261,1911,2049,-1950,556
4.3265,1911,2049,-1950,556
4.3269,1911,2047,-1950,556
4.3272,1911,2047,-1950,556
4.3276,1911,2045,-1950,556
4.3280,1911,2045,-1950,556
4.3283,1911,2045,-1950,556
4.3287,1911,2043,-2000,548
4.3291,1911,2043,-2000,548
4.3295,1911,2041,-2000,548
4.3299,1911,2041,-2000,548
4.3303,1899,2039,-2000,548
4.3311,1899,2039,-2000,548
4.3314,1899,2039,-2000,548
4.3320,1899,2037,-2000,548
4.3323,1899,2037,-2000,548
4.3327,1899,2035,-2000,548
4.3331,1899,2035,-2000,548
4.3335,1899,2033,-2000,540
4.3339,1899,2033,-2000,540
4.3342,1899,2033,-2000,540
4.3347,1899,2031,-2000,540
4.3351,1899,2031,-2000,540
4.3354,1899,2031,-2000,540
4.3358,1899,2029,-2000,540
4.3362,1899,2029,-2000,540
4.3366,1899,2027,-2000,540
4.3370,1899,2027,-2000,540
4.3373,1899,2027,-2000,540
4.3377,1899,2025,-2000,540
4.3380,1899,2025,-2000,540
4.3384,1899,2025,-2000,540
4.3387,1899,2023,-2000,540
4.3391,1899,2023,-2000,540
4.3394,1899,2023,-2000,540
4.3398,1899,2021,-2000,532
4.3402,1888,2019,-2000,524
4.3408,1888,2019,-2000,524
4.3413,1888,2019,-2000,524
4.3416,1888,2017,-2000,524
4.3420,1888,2017,-2000,524
4.3424,1888,2017,-2000,524
4.3428,1888,2015,-2000,524
4.3433,1888,2015,-2000,524
4.3436,1888,2013,-2000,516
4.3440,1888,2013,-2000,516
4.3444,1888,2013,-2000,516
4.3448,1888,2011,-2000,516
4.3451,1888,2011,-2000,516
4.3455,1888,2009,-2000,516
4.3459,1888,2009,-2000,516
4.3463,1888,2009,-2000,516
4.3466,1888,2007,-2000,516
4.3470,1888,2007,-2000,516
4.3474,1888,2007,-2000,516
4.3478,1888,2005,-2000,508
4.3481,1888,2005,-2000,508
4.3485,1888,2003,-2000,508
4.3489,1888,2003,-2000,508
4.3493,1888,2003,-2000,508
4.3497,1888,2001,-2000,508
4.3501,1881,2001,-2000,508
4.3508,1881,2000,-2000,508
4.3511,1881,2000,-2000,508
4.3515,1881,1998,-2000,508
4.3519,1881,1998,-2000,508
4.3525,1881,1996,-2000,508
4.3529,1881,1996,-2000,508
4.3533,1881,1996,-2000,508
4.3537,1881,1994,-2000,500
4.3541,1881,1994,-2000,500
4.3545,1881,1992,-2000,500
4.3549,1881,1992,-2000,500
4.3553,1881,1992,-2000,500
4.3557,1881,1990,-2000,492
4.3561,1881,1990,-2000,492
4.3564,1881,1988,-2000,492
4.3568,1881,1988,-2000,492
4.3573,1881,1988,-2000,492
4.3576,1881,1986,-2000,492
4.3580,1881,1986,-2000,492
4.3584,1881,1986,-2000,492
4.3587,1881,1984,-2000,484
4.3591,1881,1984,-2000,484
4.3595,1881,1982,-2000,484
4.3599,1881,1982,-2000,484
4.3603,1875,1980,-2000,464
4.3610,1875,1980,-2000,464
4.3614,1875,1979,-2000,472
4.3617,1875,1979,-2000,472
4.3621,1875,1979,-2000,472
4.3625,1875,1977,-2000,464
4.3629,1875,1977,-2000,464
4.3633,1875,1977,-2000,464
4.3636,1875,1975,-2000,464
4.3640,1875,1975,-2000,464
4.3644,1875,1973,-2000,456
4.3648,1875,1973,-2000,456
4.3652,1875,1973,-2000,456
4.3655,1875,1971,-2000,456
4.3659,1875,1971,-2000,456
4.3663,1875,1971,-2000,456
4.3666,1875,1970,-2000,456
4.3670,1875,1970,-2000,456
4.3674,1875,1967,-2000,440
4.3677,1875,1967,-2000,440
4.3681,1875,1967,-2000,440
4.3684,1875,1966,-1850,448
4.3688,1875,1966,-1850,448
4.3691,1875,1966,-1850,448
4.3695,1875,1964,-1850,440
4.3699,1875,1964,-1850,440
4.3703,1873,1962,-1850,432
4.3709,1873,1962,-1850,432
4.3713,1873,1961,-1850,440
4.3717,1873,1961,-1850,440
4.3721,1873,1961,-1850,440
4.3725,1873,1959,-1850,432
4.3729,1873,1959,-1850,432
4.3733,1873,1957,-1850,424
4.3738,1873,1957,-1850,424
4.3743,1873,1957,-1850,424
4.3746,1873,1955,-1850,416
4.3750,1873,1955,-1850,416
4.3754,1873,1953,-1850,416
4.3757,1873,1953,-1850,416
4.3761,1873,1953,-1850,416
4.3765,1873,1951,-1850,408
4.3769,1873,1951,-1850,408
4.3773,1873,1951,-1850,408
4.3776,1873,1949,-1850,400
4.3780,1873,1949,-1850,400
4.3784,1873,1948,-1850,400
4.3788,1873,1948,-1850,400
4.3791,1873,1948,-1850,400
4.3795,1873,1946,-1850,392
4.3799,1873,1946,-1850,392
4.3803,1873,1944,-1850,368
4.3810,1873,1944,-1850,368
4.3813,1873,1942,-1850,360
4.3817,1873,1942,-1850,360
4.3821,1873,1942,-1850,360
4.3824,1873,1941,-1850,360
4.3828,1873,1941,-1850,360
4.3833,1873,1939,-1850,352
4.3836,1873,1939,-1850,352
4.3840,1873,1939,-1850,352
4.3844,1873,1937,-1850,344
4.3847,1873,1937,-1850,344
4.3851,1873,1937,-1850,344
4.3855,1873,1936,-1850,344
4.3859,1873,1936,-1850,344
4.3863,1873,1934,-1850,336
4.3866,1873,1934,-1850,336
4.3870,1873,1934,-1850,336
4.3874,1873,1933,-1850,336
4.3877,1873,1933,-1850,336
4.3881,1873,1933,-1850,336
4.3885,1873,1931,-1750,328
4.3889,1873,1931,-1750,328
4.3893,1873,1929,-1750,320
4.3896,1873,1929,-1750,320
4.3900,1875,1928,-1750,312
4.3907,1875,1928,-1750,312
4.3911,1875,1928,-1750,312
4.3915,1875,1926,-1750,304
4.3919,1875,1926,-1750,304
4.3922,1875,1924,-1750,296
4.3929,1875,1924,-1750,296
4.3935,1875,1923,-1750,296
4.3939,1875,1923,-1750,296
4.3943,1875,1921,-1750,280
4.3947,1875,1921,-1750,280
4.3951,1875,1921,-1750,280
4.3954,1875,1920,-1750,280
4.3958,1875,1920,-1750,280
4.3963,1875,1918,-1750,272
4.3966,1875,1918,-1750,272
4.3970,1875,1918,-1750,272
4.3975,1875,1917,-1750,264
4.3979,1875,1917,-1750,264
4.3983,1875,1915,-1750,256
4.3986,1875,1915,-1750,256
4.3990,1875,1915,-1750,256
4.3994,1875,1914,-1750,256
4.3998,1875,1914,-1750,256
4.4001,1881,1913,-1750,228
4.4009,1881,1913,-1750,228
4.4012,1881,1911,-1750,220
4.4017,1881,1911,-1750,220
4.4020,1881,1911,-1750,220
4.4024,1881,1910,-1750,212
4.4028,1881,1910,-1750,212
4.4031,1881,1910,-1750,212
4.4035,1881,1908,-1750,204
4.4039,1881,1908,-1750,204
4.4043,1881,1907,-1750,196
4.4046,1881,1907,-1750,196
4.4050,1881,1907,-1750,196
4.4054,1881,1906,-1750,196
4.4058,1881,1906,-1750,196
4.4063,1881,1904,-1750,180
4.4066,1881,1904,-1750,180
4.4070,1881,1904,-1750,180
4.4074,1881,1903,-1750,172
4.4078,1881,1903,-1750,172
4.4081,1881,1903,-1750,172
4.4085,1881,1902,-1450,172
4.4089,1881,1902,-1450,172
4.4093,1881,1900,-1450,156
4.4097,1881,1900,-1450,156
4.4101,1889,1899,-1450,148
4.4109,1889,1899,-1450,148
4.4113,1889,1898,-1450,148
4.4117,1889,1898,-1450,148
4.4121,1889,1898,-1450,148
4.4124,1889,1897,-1450,140
4.4129,1889,1896,-1450,132
4.4135,1889,1896,-1450,132
4.4139,1889,1896,-1450,132
4.4143,1889,1895,-1450,124
4.4147,1889,1895,-1450,124
4.4151,1889,1895,-1450,124
4.4156,1889,1893,-1450,108
4.4160,1889,1893,-1450,108
4.4166,1889,1892,-1450,108
4.4170,1889,1892,-1450,108
4.4174,1889,1891,-1450,100
4.4177,1889,1891,-1450,100
4.4181,1889,1891,-1450,100
4.4184,1889,1890,-1450,92
4.4188,1889,1890,-1450,92
4.4195,1889,1889,-1450,84
4.4198,1889,1889,-1450,84
4.4203,1899,1888,-1450,60
4.4210,1899,1888,-1450,60
4.4213,1899,1887,-1450,52
4.4217,1899,1887,-1450,52
4.4221,1899,1887,-1450,52
4.4224,1899,1886,-1450,44
4.4228,1899,1886,-1450,44
4.4231,1899,1885,-1450,36
4.4235,1899,1885,-1450,36
4.4239,1899,1885,-1450,36
4.4242,1899,1884,-1450,28
4.4246,1899,1884,-1450,28
4.4250,1899,1884,-1450,28
4.4254,1899,1884,-1450,20
4.4257,1899,1884,-1450,20
4.4261,1899,1883,-1450,-20
4.4265,1899,1883,-1450,-20
4.4269,1899,1883,-1450,-20
4.4273,1899,1882,-1450,-28
4.4276,1899,1882,-1450,-28
4.4280,1899,1882,-1450,-28
4.4284,1899,1881,-1050,-36
4.4288,1899,1881,-1050,-36
4.4293,1899,1880,-1050,-44
4.4296,1899,1880,-1050,-44
4.4300,1899,1880,-1050,-44
4.4303,1912,1880,-1050,-52
4.4310,1912,1880,-1050,-52
4.4313,1912,1879,-1050,-60
4.4317,1912,1879,-1050,-60
4.4320,1912,1879,-1050,-60
4.4324,1912,1879,-1050,-60
4.4328,1912,1879,-1050,-60
4.4331,1912,1878,-1050,-76
4.4335,1912,1878,-1050,-76
4.4339,1912,1878,-1050,-76
4.4343,1912,1877,-1050,-84
4.4346,1912,1877,-1050,-84
4.4350,1912,1877,-1050,-84
4.4354,1912,1877,-1050,-84
4.4358,1912,1877,-1050,-84
4.4363,1912,1876,-1050,-92
4.4367,1912,1876,-1050,-92
4.4370,1912,1876,-1050,-92
4.4374,1912,1876,-1050,-92
4.4378,1912,1876,-1050,-92
4.4381,1912,1875,-1050,-100
4.4385,1912,1875,-1050,-100
4.4389,1912,1875,-1050,-100
4.4393,1912,1875,-1050,-100
4.4396,1912,1875,-1050,-100
4.4400,1912,1874,-1050,-112
4.4404,1927,1874,-1050,-112
4.4411,1927,1874,-1050,-112
4.4414,1927,1874,-1050,-112
4.4418,1927,1874,-1050,-112
4.4422,1927,1874,-1050,-120
4.4425,1927,1874,-1050,-120
4.4429,1927,1874,-1050,-120
4.4433,1927,1873,-1050,-136
4.4436,1927,1873,-1050,-136
4.4440,1927,1873,-1050,-136
4.4444,1927,1873,-1050,-136
4.4448,1927,1873,-1050,-136
4.4451,1927,1873,-1050,-144
4.4455,1927,1873,-1050,-144
4.4459,1927,1873,-1050,-144
4.4462,1927,1873,-1050,-152
4.4466,1927,1873,-1050,-152
4.4471,1927,1873,-1050,-152
4.4475,1927,1873,-1050,-152
4.4478,1927,1873,-1050,-152
4.4483,1927,1873,-400,-160
4.4486,1927,1873,-400,-160
4.4490,1927,1873,-400,-168
4.4494,1927,1873,-400,-168
4.4498,1927,1873,-400,-168
4.4502,1943,1872,-400,-184
4.4509,1943,1872,-400,-184
4.4513,1943,1872,-400,-184
4.4516,1943,1872,-400,-184
4.4520,1943,1872,-400,-192
4.4524,1943,1872,-400,-192
4.4528,1943,1872,-400,-192
4.4531,1943,1872,-400,-200
4.4535,1943,1872,-400,-200
4.4539,1943,1872,-400,-200
4.4543,1943,1872,-400,-208
4.4546,1943,1872,-400,-208
4.4550,1943,1872,-400,-216
4.4554,1943,1872,-400,-216
4.4558,1943,1872,-400,-216
4.4563,1943,1872,-400,-224
4.4568,1943,1872,-400,-224
4.4571,1943,1872,-400,-232
4.4575,1943,1872,-400,-232
4.4579,1943,1872,-400,-232
4.4582,1943,1872,-400,-240
4.4586,1943,1872,-400,-240
4.4590,1943,1872,-400,-248
4.4593,1943,1872,-400,-248
4.4597,1943,1872,-400,-248
4.4601,1961,1872,-400,-256
4.4607,1961,1872,-400,-256
4.4611,1961,1872,-400,-264
4.4615,1961,1872,-400,-264
4.4619,1961,1872,-400,-264
4.4623,1961,1872,-400,-272
4.4626,1961,1872,-400,-272
4.4630,1961,1872,-400,-280
4.4633,1961,1872,-400,-280
4.4637,1961,1872,-400,-280
4.4641,1961,1873,-400,-280
4.4644,1961,1873,-400,-280
4.4648,1961,1873,-400,-280
4.4653,1961,1873,-400,-288
4.4656,1961,1873,-400,-288
4.4660,1961,1873,-400,-304
4.4664,1961,1873,-400,-304
4.4667,1961,1873,-400,-304
4.4671,1961,1874,-400,-304
4.4675,1961,1874,-400,-304
4.4679,1961,1874,50,-312
4.4683,1961,1874,50,-312
4.4687,1961,1874,50,-312
4.4690,1961,1875,50,-312
4.4694,1961,1875,50,-312
4.4698,1961,1875,50,-312
4.4701,1980,1875,50,-328
4.4708,1980,1875,50,-328
4.4713,1980,1876,50,-328
4.4716,1980,1876,50,-328
4.4720,1980,1876,50,-336
4.4724,1980,1876,50,-336
4.4728,1980,1876,50,-336
4.4732,1980,1877,50,-344
4.4736,1980,1877,50,-344
4.4739,1980,1878,50,-344
4.4743,1980,1878,50,-344
4.4747,1980,1878,50,-344
4.4753,1980,1878,50,-360
4.4756,1980,1878,50,-360
4.4760,1980,1879,50,-360
4.4764,1980,1879,50,-360
4.4768,1980,1879,50,-360
4.4772,1980,1879,50,-368
4.4776,1980,1879,50,-368
4.4780,1980,1880,50,-376
4.4784,1980,1880,50,-376
4.4787,1980,1880,50,-376
4.4791,1980,1880,50,-384
4.4795,1980,1880,50,-384
4.4798,1980,1881,50,-388
4.4803,2001,1881,50,-388
4.4810,2001,1882,50,-396
4.4814,2001,1882,50,-396
4.4817,2001,1882,50,-396
4.4821,2001,1883,50,-396
4.4825,2001,1883,50,-396
4.4829,2001,1884,50,-404
4.4833,2001,1884,50,-404
4.4837,2001,1884,50,-404
4.4840,2001,1885,50,-404
4.4844,2001,1885,50,-404
4.4848,2001,1885,50,-404
4.4852,2001,1886,50,-412
4.4856,2001,1886,50,-412
4.4860,2001,1886,50,-428
4.4864,2001,1886,50,-428
4.4868,2001,1886,50,-428
4.4872,2001,1887,50,-436
4.4876,2001,1887,50,-436
4.4880,2001,1888,700,-436
4.4884,2001,1888,700,-436
4.4888,2001,1888,700,-444
4.4892,2001,1889,700,-444
4.4896,2001,1889,700,-444
4.4900,2022,1890,700,-452
4.4907,2022,1890,700,-452
4.4911,2022,1891,700,-460
4.4915,2022,1891,700,-460
4.4918,2022,1892,700,-468
4.4923,2022,1892,700,-468
4.4926,2022,1892,700,-468
4.4930,2022,1893,700,-468
4.4934,2022,1893,700,-468
4.4937,2022,1893,700,-468
4.4941,2022,1894,700,-476
4.4946,2022,1894,700,-476
4.4950,2022,1895,700,-484
4.4953,2022,1895,700,-484
4.4957,2022,1895,700,-484
4.4961,2022,1897,700,-484
4.4965,2022,1897,700,-484
4.4971,2022,1898,700,-492
4.4975,2022,1898,700,-492
4.4979,2022,1899,700,-500
4.4982,2022,1899,700,-500
4.4986,2022,1899,700,-500
4.4990,2022,1900,700,-508
4.4993,2022,1900,700,-508
4.4997,2022,1900,700,-508
4.5001,2043,1901,700,-512
4.5008,2043,1902,700,-520
4.5012,2043,1902,700,-520
4.5015,2043,1902,700,-520
4.5019,2043,1903,700,-528
4.5023,2043,1903,700,-528
4.5027,2043,1903,700,-528
4.5030,2043,1905,700,-528
4.5034,2043,1905,700,-528
4.5038,2043,1906,700,-528
4.5041,2043,1906,700,-528
4.5046,2043,1906,700,-528
4.5050,2043,1907,700,-536
4.5053,2043,1907,700,-536
4.5057,2043,1907,700,-536
4.5060,2043,1909,700,-536
4.5064,2043,1909,700,-536
4.5068,2043,1910,700,-544
4.5072,2043,1910,700,-544
4.5075,2043,1910,700,-544
4.5079,2043,1912,1200,-544
4.5083,2043,1912,1200,-544
4.5086,2043,1912,1200,-544
4.5090,2043,1913,1200,-552
4.5094,2043,1913,1200,-552
4.5097,2043,1914,1200,-560
4.5101,2065,1914,1200,-560
4.5108,2065,1916,1200,-560
4.5113,2065,1916,1200,-560
4.5116,2065,1916,1200,-560
4.5120,2065,1917,1200,-568
4.5124,2065,1917,1200,-568
4.5127,2065,1919,1200,-568
4.5131,2065,1919,1200,-568
4.5134,2065,1919,1200,-568
4.5138,2065,1920,1200,-576
4.5143,2065,1920,1200,-576
4.5146,2065,1920,1200,-576
4.5150,2065,1922,1200,-576
4.5153,2065,1922,1200,-576
4.5157,2065,1923,1200,-584
4.5161,2065,1923,1200,-584
4.5165,2065,1923,1200,-584
4.5169,2065,1925,1200,-584
4.5173,2065,1925,1200,-584
4.5177,2065,1926,1200,-592
4.5181,2065,1926,1200,-592
4.5185,2065,1926,1200,-592
4.5189,2065,1928,1200,-592
4.5193,2065,1928,1200,-592
4.5197,2065,1929,1200,-580
4.5201,2086,1929,1200,-580
4.5208,2086,1931,1200,-580
4.5211,2086,1931,1200,-580
4.5215,2086,1931,1200,-580
4.5219,2086,1933,1200,-580
4.5223,2086,1933,1200,-580
4.5227,2086,1935,1200,-580
4.5230,2086,1935,1200,-580
4.5234,2086,1935,1200,-580
4.5238,2086,1936,1200,-588
4.5241,2086,1936,1200,-588
4.5245,2086,1936,1200,-588
4.5249,2086,1938,1200,-588
4.5253,2086,1938,1200,-588
4.5256,2086,1940,1200,-588
4.5260,2086,1940,1200,-588
4.5264,2086,1940,1200,-588
4.5267,2086,1941,1200,-596
4.5271,2086,1941,1200,-596
4.5274,2086,1941,1200,-596
4.5278,2086,1943,1550,-596
4.5282,2086,1943,1550,-596
4.5285,2086,1943,1550,-596
4.5289,2086,1945,1550,-596
4.5292,2086,1945,1550,-596
4.5296,2086,1945,1550,-596
4.5300,2086,1946,1550,-604
4.5304,2107,1948,1550,-604
4.5310,2107,1948,1550,-604
4.5314,2107,1948,1550,-604
4.5318,2107,1950,1550,-596
4.5321,2107,1950,1550,-596
4.5325,2107,1950,1550,-596
4.5329,2107,1951,1550,-604
4.5333,2107,1951,1550,-604
4.5337,2107,1953,1550,-604
4.5341,2107,1953,1550,-604
4.5344,2107,1953,1550,-604
4.5348,2107,1955,1550,-604
4.5352,2107,1955,1550,-604
4.5355,2107,1955,1550,-604
4.5359,2107,1957,1550,-612
4.5362,2107,1957,1550,-612
4.5366,2107,1959,1550,-612
4.5370,2107,1959,1550,-612
4.5373,2107,1959,1550,-612
4.5377,2107,1961,1550,-612
4.5384,2107,1961,1550,-612
4.5391,2107,1963,1550,-612
4.5395,2107,1963,1550,-612
4.5399,2107,1965,1550,-584
4.5403,2126,1967,1550,-576
4.5409,2126,1967,1550,-576
4.5413,2126,1967,1550,-576
4.5416,2126,1968,1550,-584
4.5420,2126,1968,1550,-584
4.5423,2126,1968,1550,-584
4.5427,2126,1970,1550,-584
4.5430,2126,1970,1550,-584
4.5434,2126,1970,1550,-584
4.5437,2126,1972,1550,-584
4.5441,2126,1972,1550,-584
4.5444,2126,1972,1550,-584
4.5448,2126,1974,1550,-584
4.5452,2126,1974,1550,-584
4.5456,2126,1976,1550,-584
4.5459,2126,1976,1550,-584
4.5463,2126,1976,1550,-584
4.5466,2126,1978,1550,-592
4.5470,2126,1978,1550,-592
4.5474,2126,1978,1550,-592
4.5478,2126,1980,1850,-592
4.5481,2126,1980,1850,-592
4.5485,2126,1980,1850,-592
4.5489,2126,1982,1850,-584
4.5492,2126,1982,1850,-584
4.5496,2126,1984,1850,-584
4.5500,2126,1984,1850,-584
4.5503,2144,1985,1850,-592
4.5510,2144,1985,1850,-592
4.5514,2144,1985,1850,-592
4.5518,2144,1988,1850,-584
4.5521,2144,1988,1850,-584
4.5525,2144,1990,1850,-584
4.5529,2144,1990,1850,-584
4.5533,2144,1990,1850,-584
4.5537,2144,1992,1850,-584
4.5541,2144,1992,1850,-584
4.5545,2144,1992,1850,-584
4.5548,2144,1994,1850,-584
4.5552,2144,1994,1850,-584
4.5556,2144,1995,1850,-592
4.5561,2144,1995,1850,-592
4.5564,2144,1997,1850,-592
4.5569,2144,1997,1850,-592
4.5573,2144,1997,1850,-592
4.5577,2144,1999,1850,-592
4.5581,2144,1999,1850,-592
4.5585,2144,2001,1850,-592
4.5589,2144,2001,1850,-592
4.5593,2144,2001,1850,-592
4.5599,2144,2003,1850,-580
4.5624,2164,2010,1850,-572
4.5634,2164,2010,1850,-572
4.5639,2164,2012,1850,-572
4.5643,2164,2012,1850,-572
4.5646,2164,2013,1850,-572
4.5651,2164,2013,1850,-572
4.5655,2164,2015,1850,-572
4.5659,2164,2015,1850,-572
4.5663,2164,2015,1850,-572
4.5667,2164,2017,1850,-572
4.5671,2164,2017,1850,-572
4.5674,2164,2019,1950,-572
4.5678,2164,2019,1950,-572
4.5683,2164,2019,1950,-572
4.5688,2164,2021,1950,-572
4.5692,2164,2021,1950,-572
4.5695,2164,2023,1950,-572
4.5699,2164,2023,1950,-572
4.5703,2175,2025,1950,-572
4.5710,2175,2025,1950,-572
4.5713,2175,2025,1950,-572
4.5717,2175,2027,1950,-572
4.5721,2175,2027,1950,-572
4.5725,2175,2029,1950,-572
4.5729,2175,2029,1950,-572
4.5733,2175,2029,1950,-572
4.5737,2175,2031,1950,-572
4.5740,2175,2031,1950,-572
4.5744,2175,2031,1950,-572
4.5748,2175,2033,1950,-572
4.5751,2175,2033,1950,-572
4.5755,2175,2035,1950,-572
4.5759,2175,2035,1950,-572
4.5762,2175,2035,1950,-572
4.5766,2175,2037,1950,-572
4.5770,2175,2037,1950,-572
4.5774,2175,2040,1950,-564
4.5778,2175,2040,1950,-564
4.5782,2175,2040,1950,-564
4.5785,2175,2042,1950,-556
4.5789,2175,2042,1950,-556
4.5793,2175,2042,1950,-556
4.5796,2175,2043,1950,-552
4.5800,2187,2043,1950,-552
4.5807,2187,2045,1950,-552
4.5811,2187,2045,1950,-552
4.5814,2187,2047,1950,-552
4.5818,2187,2047,1950,-552
4.5823,2187,2047,1950,-552
4.5826,2187,2049,1950,-552
4.5830,2187,2049,1950,-552
4.5835,2187,2051,1950,-544
4.5838,2187,2051,1950,-544
4.5843,2187,2051,1950,-544
4.5846,2187,2054,1950,-536
4.5850,2187,2054,1950,-536
4.5854,2187,2056,1950,-536
4.5858,2187,2056,1950,-536
4.5863,2187,2056,1950,-536
4.5866,2187,2058,1950,-536
4.5870,2187,2058,1950,-536
4.5874,2187,2060,2050,-536
4.5877,2187,2060,2050,-536
4.5881,2187,2060,2050,-536
4.5884,2187,2062,2050,-536
4.5888,2187,2062,2050,-536
4.5893,2187,2062,2050,-536
4.5896,2187,2064,2050,-528
4.5900,2197,2064,2050,-528
4.5907,2197,2066,2050,-528
4.5911,2197,2066,2050,-528
4.5914,2197,2068,2050,-528
4.5918,2197,2068,2050,-528
4.5922,2197,2068,2050,-528
4.5925,2197,2069,2050,-536
4.5929,2197,2069,2050,-536
4.5933,2197,2069,2050,-536
4.5936,2197,2071,2050,-528
4.5940,2197,2071,2050,-528
4.5944,2197,2073,2050,-528
4.5947,2197,2073,2050,-528
4.5951,2197,2073,2050,-528
4.5954,2197,2075,2050,-528
4.5958,2197,2075,2050,-528
4.5962,2197,2075,2050,-528
4.5966,2197,2078,2050,-512
4.5970,2197,2078,2050,-512
4.5974,2197,2079,2050,-520
4.5978,2197,2079,2050,-520
4.5981,2197,2079,2050,-520
4.5986,2197,2082,2050,-512
4.5989,2197,2082,2050,-512
4.5993,2197,2083,2050,-500
4.5997,2197,2083,2050,-500
4.6001,2205,2085,2050,-500
4.6008,2205,2085,2050,-500
4.6011,2205,2085,2050,-500
4.6015,2205,2087,2050,-492
4.6019,2205,2087,2050,-492
4.6023,2205,2087,2050,-492
4.6026,2205,2089,2050,-492
4.6030,2205,2089,2050,-492
4.6034,2205,2091,2050,-492
4.6037,2205,2091,2050,-492
4.6042,2205,2091,2050,-492
4.6046,2205,2093,2050,-484
4.6051,2205,2093,2050,-484
4.6054,2205,2095,2050,-484
4.6058,2205,2095,2050,-484
4.6062,2205,2095,2050,-484
4.6065,2205,2097,2050,-484
4.6069,2205,2097,2050,-484
4.6073,2205,2099,1950,-476
4.6076,2205,2099,1950,-476
4.6080,2205,2099,1950,-476
4.6084,2205,2101,1950,-476
4.6087,2205,2101,1950,-476
4.6091,2205,2101,1950,-476
4.6095,2205,2103,1950,-468
4.6099,2205,2103,1950,-468
4.6103,2211,2104,1950,-476
4.6109,2211,2104,1950,-476
4.6113,2211,2107,1950,-460
4.6117,2211,2107,1950,-460
4.6121,2211,2107,1950,-460
4.6124,2211,2109,1950,-460
4.6128,2211,2109,1950,-460
4.6133,2211,2110,1950,-460
4.6137,2211,2110,1950,-460
4.6140,2211,2110,1950,-460
4.6144,2211,2112,1950,-460
4.6147,2211,2112,1950,-460
4.6151,2211,2112,1950,-460
4.6155,2211,2114,1950,-452
4.6159,2211,2114,1950,-452
4.6163,2211,2116,1950,-444
4.6166,2211,2116,1950,-444
4.6170,2211,2116,1950,-444
4.6174,2211,2117,1950,-452
4.6177,2211,2117,1950,-452
4.6181,2211,2117,1950,-452
4.6185,2211,2119,1950,-444
4.6189,2211,2119,1950,-444
4.6193,2211,2121,1950,-436
4.6197,2211,2121,1950,-436
4.6201,2213,2123,1950,-428
4.6208,2213,2123,1950,-428
4.6211,2213,2123,1950,-428
4.6215,2213,2125,1950,-420
4.6219,2213,2125,1950,-420
4.6223,2213,2126,1950,-420
4.6226,2213,2126,1950,-420
4.6230,2213,2126,1950,-420
4.6234,2213,2128,1950,-420
4.6238,2213,2128,1950,-420
4.6243,2213,2130,1950,-412
4.6246,2213,2130,1950,-412
4.6252,2213,2130,1950,-412
4.6256,2213,2132,1950,-404
4.6260,2213,2132,1950,-404
4.6264,2213,2134,1950,-396
4.6268,2213,2134,1950,-396
4.6273,2213,2135,1800,-396
4.6276,2213,2135,1800,-396
4.6281,2213,2135,1800,-396
4.6284,2213,2137,1800,-396
4.6288,2213,2137,1800,-396
4.6292,2213,2139,1800,-388
4.6296,2213,2139,1800,-388
4.6300,2213,2139,1800,-388
4.6303,2213,2141,1800,-380
4.6310,2213,2141,1800,-380
4.6314,2213,2142,1800,-380
4.6318,2213,2142,1800,-380
4.6321,2213,2142,1800,-380
4.6325,2213,2144,1800,-372
4.6329,2213,2144,1800,-372
4.6333,2213,2146,1800,-364
4.6336,2213,2146,1800,-364
4.6340,2213,2146,1800,-364
4.6344,2213,2148,1800,-356
4.6347,2213,2148,1800,-356
4.6351,2213,2148,1800,-356
4.6354,2213,2150,1800,-348
4.6358,2213,2150,1800,-348
4.6363,2213,2151,1800,-348
4.6366,2213,2151,1800,-348
4.6370,2213,2151,1800,-348
4.6374,2213,2153,1800,-332
4.6377,2213,2153,1800,-332
4.6381,2213,2153,1800,-332
4.6385,2213,2155,1800,-324
4.6388,2213,2155,1800,-324
4.6393,2213,2156,1800,-296
4.6397,2213,2156,1800,-296
4.6400,2211,2158,1800,-288
4.6408,2211,2158,1800,-288
4.6413,2211,2159,1800,-288
4.6416,2211,2159,1800,-288
4.6420,2211,2159,1800,-288
4.6423,2211,2161,1800,-272
4.6427,2211,2161,1800,-272
4.6431,2211,2162,1800,-272
4.6435,2211,2162,1800,-272
4.6439,2211,2162,1800,-272
4.6443,2211,2164,1800,-264
4.6446,2211,2164,1800,-264
4.6450,2211,2164,1800,-264
4.6454,2211,2165,1800,-264
4.6457,2211,2165,1800,-264
4.6461,2211,2167,1800,-248
4.6465,2211,2167,1800,-248
4.6469,2211,2167,1800,-248
4.6474,2211,2168,1650,-248
4.6477,2211,2168,1650,-248
4.6481,2211,2169,1650,-248
4.6485,2211,2169,1650,-248
4.6489,2211,2169,1650,-248
4.6493,2211,2171,1650,-232
4.6496,2211,2171,1650,-232
4.6500,2211,2171,1650,-232
4.6503,2205,2173,1650,-224
4.6510,2205,2173,1650,-224
4.6514,2205,2174,1650,-216
4.6518,2205,2174,1650,-216
4.6522,2205,2175,1650,-216
4.6525,2205,2175,1650,-216
4.6529,2205,2175,1650,-216
4.6533,2205,2177,1650,-200
4.6536,2205,2177,1650,-200
4.6540,2205,2177,1650,-200
4.6544,2205,2178,1650,-200
4.6548,2205,2178,1650,-200
4.6551,2205,2180,1650,-184
4.6555,2205,2180,1650,-184
4.6559,2205,2180,1650,-184
4.6563,2205,2181,1650,-176
4.6566,2205,2181,1650,-176
4.6570,2205,2181,1650,-176
4.6574,2205,2182,1650,-176
4.6577,2205,2182,1650,-176
4.6581,2205,2183,1650,-168
4.6585,2205,2183,1650,-168
4.6589,2205,2183,1650,-168
4.6593,2205,2185,1650,-148
4.6597,2205,2185,1650,-148
4.6601,2197,2186,1650,-140
4.6608,2197,2186,1650,-140
4.6611,2197,2187,1650,-132
4.6615,2197,2187,1650,-132
4.6619,2197,2187,1650,-132
4.6623,2197,2188,1650,-124
4.6626,2197,2188,1650,-124
4.6630,2197,2188,1650,-124
4.6633,2197,2189,1650,-124
4.6637,2197,2189,1650,-124
4.6641,2197,2190,1650,-116
4.6644,2197,2190,1650,-116
4.6648,2197,2190,1650,-116
4.6652,2197,2191,1650,-108
4.6656,2197,2191,1650,-108
4.6659,2197,2191,1650,-108
4.6663,2197,2192,1650,-100
4.6667,2197,2192,1650,-100
4.6671,2197,2193,1250,-92
4.6675,2197,2193,1250,-92
4.6679,2197,2193,1250,-92
4.6683,2197,2195,1250,-76
4.6687,2197,2195,1250,-76
4.6691,2197,2196,1250,-68
4.6695,2197,2196,1250,-68
4.6700,2197,2196,1250,-68
4.6703,2187,2196,1250,-68
4.6710,2187,2197,1250,-60
4.6714,2187,2197,1250,-60
4.6718,2187,2197,1250,-60
4.6721,2187,2198,1250,-52
4.6725,2187,2198,1250,-52
4.6729,2187,2198,1250,-52
4.6733,2187,2199,1250,-44
4.6737,2187,2199,1250,-44
4.6740,2187,2201,1250,-28
4.6744,2187,2201,1250,-28
4.6747,2187,2201,1250,-28
4.6751,2187,2201,1250,-28
4.6755,2187,2201,1250,-28
4.6759,2187,2201,1250,-28
4.6762,2187,2202,1250,-20
4.6766,2187,2202,1250,-20
4.6770,2187,2203,1250,20
4.6773,2187,2203,1250,20
4.6777,2187,2203,1250,20
4.6781,2187,2204,1250,36
4.6785,2187,2204,1250,36
4.6789,2187,2204,1250,36
4.6793,2187,2204,1250,44
4.6796,2187,2204,1250,44
4.6800,2187,2205,1250,52
4.6803,2174,2205,1250,52
4.6810,2174,2206,1250,68
4.6814,2174,2206,1250,68
4.6818,2174,2206,1250,68
4.6822,2174,2206,1250,68
4.6826,2174,2206,1250,68
4.6830,2174,2207,1250,76
4.6833,2174,2207,1250,76
4.6837,2174,2207,1250,76
4.6841,2174,2207,1250,84
4.6845,2174,2207,1250,84
4.6848,2174,2207,1250,84
4.6853,2174,2208,1250,92
4.6856,2174,2208,1250,92
4.6860,2174,2208,1250,92
4.6864,2174,2208,1250,92
4.6867,2174,2208,1250,92
4.6871,2174,2209,800,92
4.6875,2174,2209,800,92
4.6879,2174,2209,800,92
4.6882,2174,2209,800,92
4.6886,2174,2209,800,92
4.6890,2174,2210,800,108
4.6893,2174,2210,800,108
4.6897,2174,2210,800,108
4.6901,2160,2210,800,108
4.6908,2160,2210,800,108
4.6912,2160,2210,800,116
4.6915,2160,2210,800,116
4.6920,2160,2211,800,132
4.6925,2160,2211,800,132
4.6929,2160,2211,800,132
4.6932,2160,2211,800,132
4.6936,2160,2211,800,132
4.6940,2160,2211,800,140
4.6944,2160,2211,800,140
4.6948,2160,2211,800,140
4.6951,2160,2211,800,140
4.6955,2160,2211,800,140
4.6959,2160,2211,800,148
4.6962,2160,2211,800,148
4.6966,2160,2211,800,148
4.6970,2160,2211,800,156
4.6973,2160,2211,800,156
4.6977,2160,2211,800,156
4.6981,2160,2211,800,164
4.6985,2160,2211,800,164
4.6988,2160,2211,800,164
4.6992,2160,2211,800,148
4.6996,2160,2211,800,148
4.7000,2160,2211,800,156
4.7004,2143,2211,800,156
4.7010,2143,2211,800,164
4.7014,2143,2211,800,164
4.7018,2143,2211,800,164
4.7021,2143,2211,800,172
4.7025,2143,2211,800,172
4.7029,2143,2211,800,180
4.7033,2143,2211,800,180
4.7037,2143,2211,800,180
4.7040,2143,2211,800,188
4.7044,2143,2211,800,188
4.7048,2143,2211,800,188
4.7051,2143,2211,800,188
4.7055,2143,2211,800,188
4.7059,2143,2211,800,196
4.7063,2143,2211,800,196
4.7066,2143,2211,800,196
4.7070,2143,2211,100,204
4.7074,2143,2211,100,204
4.7078,2143,2211,100,204
4.7082,2143,2211,100,212
4.7086,2143,2211,100,212
4.7090,2143,2211,100,220
4.7094,2143,2211,100,220
4.7098,2143,2211,100,228
4.7103,2125,2211,100,228
4.7110,2125,2211,100,236
4.7114,2125,2211,100,236
4.7118,2125,2211,100,236
4.7121,2125,2211,100,252
4.7125,2125,2211,100,252
4.7130,2125,2211,100,260
4.7134,2125,2211,100,260
4.7137,2125,2211,100,260
4.7141,2125,2211,100,268
4.7145,2125,2211,100,268
4.7149,2125,2211,100,276
4.7152,2125,2211,100,276
4.7156,2125,2211,100,276
4.7160,2125,2211,100,284
4.7164,2125,2211,100,284
4.7167,2125,2211,100,284
4.7171,2125,2211,100,292
4.7175,2125,2211,100,292
4.7179,2125,2211,100,308
4.7182,2125,2211,100,308
4.7186,2125,2211,100,308
4.7190,2125,2211,100,340
4.7193,2125,2211,100,340
4.7197,2125,2211,100,340
4.7201,2106,2211,100,348
4.7207,2106,2211,100,348
4.7211,2106,2210,100,348
4.7215,2106,2210,100,348
4.7219,2106,2210,100,364
4.7222,2106,2210,100,364
4.7226,2106,2210,100,364
4.7230,2106,2209,100,364
4.7234,2106,2209,100,364
4.7237,2106,2209,100,364
4.7241,2106,2208,100,372
4.7245,2106,2208,100,372
4.7249,2106,2208,100,380
4.7253,2106,2208,100,380
4.7257,2106,2208,100,380
4.7260,2106,2207,100,380
4.7264,2106,2207,100,380
4.7267,2106,2206,-250,388
4.7271,2106,2206,-250,388
4.7275,2106,2206,-250,388
4.7279,2106,2206,-250,396
4.7283,2106,2206,-250,396
4.7286,2106,2206,-250,396
4.7290,2106,2205,-250,404
4.7294,2106,2205,-250,404
4.7297,2106,2205,-250,420
4.7301,2085,2205,-250,420
4.7309,2085,2204,-250,420
4.7313,2085,2204,-250,420
4.7316,2085,2204,-250,420
4.7322,2085,2203,-250,428
4.7326,2085,2203,-250,428
4.7330,2085,2202,-250,428
4.7334,2085,2202,-250,428
4.7338,2085,2201,-250,436
4.7341,2085,2201,-250,436
4.7345,2085,2201,-250,436
4.7349,2085,2200,-250,444
4.7353,2085,2200,-250,444
4.7357,2085,2200,-250,444
4.7361,2085,2199,-250,444
4.7364,2085,2199,-250,444
4.7368,2085,2198,-250,452
4.7372,2085,2198,-250,452
4.7375,2085,2198,-250,452
4.7379,2085,2197,-250,460
4.7383,2085,2197,-250,460
4.7386,2085,2197,-250,460
4.7390,2085,2197,-250,460
4.7394,2085,2197,-250,460
4.7397,2085,2196,-250,460
4.7401,2064,2196,-250,460
4.7408,2064,2194,-250,460
4.7411,2064,2194,-250,460
4.7415,2064,2194,-250,460
4.7419,2064,2193,-250,468
4.7422,2064,2193,-250,468
4.7426,2064,2193,-250,468
4.7430,2064,2193,-250,484
4.7434,2064,2193,-250,484
4.7438,2064,2191,-250,484
4.7442,2064,2191,-250,484
4.7446,2064,2191,-250,484
4.7449,2064,2190,-250,492
4.7453,2064,2190,-250,492
4.7457,2064,2189,-250,500
4.7461,2064,2189,-250,500
4.7464,2064,2189,-250,500
4.7468,2064,2188,-900,508
4.7472,2064,2188,-900,508
4.7475,2064,2188,-900,508
4.7479,2064,2187,-900,516
4.7483,2064,2187,-900,516
4.7487,2064,2186,-900,516
4.7490,2064,2186,-900,516
4.7494,2064,2186,-900,516
4.7498,2064,2184,-900,516
4.7501,2043,2184,-900,516
4.7508,2043,2183,-900,524
4.7513,2043,2183,-900,524
4.7516,2043,2182,-900,532
4.7520,2043,2182,-900,532
4.7525,2043,2182,-900,532
4.7529,2043,2181,-900,540
4.7533,2043,2181,-900,540
4.7537,2043,2179,-900,540
4.7540,2043,2179,-900,540
4.7544,2043,2179,-900,540
4.7547,2043,2178,-900,548
4.7551,2043,2178,-900,548
4.7555,2043,2178,-900,548
4.7559,2043,2176,-900,548
4.7562,2043,2176,-900,548
4.7566,2043,2176,-900,548
4.7570,2043,2175,-900,556
4.7573,2043,2175,-900,556
4.7577,2043,2174,-900,564
4.7580,2043,2174,-900,564
4.7584,2043,2174,-900,564
4.7589,2043,2172,-900,548
4.7593,2043,2172,-900,548
4.7597,2043,2171,-900,548
4.7600,2022,2171,-900,548
4.7608,2022,2170,-900,556
4.7611,2022,2170,-900,556
4.7615,2022,2170,-900,556
4.7619,2022,2168,-900,556
4.7623,2022,2168,-900,556
4.7626,2022,2167,-900,564
4.7630,2022,2167,-900,564
4.7634,2022,2165,-900,564
4.7639,2022,2165,-900,564
4.7643,2022,2165,-900,564
4.7647,2022,2164,-900,572
4.7651,2022,2164,-900,572
4.7654,2022,2164,-900,572
4.7658,2022,2162,-900,572
4.7662,2022,2162,-900,572
4.7665,2022,2162,-900,572
4.7669,2022,2160,-1400,572
4.7673,2022,2160,-1400,572
4.7677,2022,2159,-1400,580
4.7680,2022,2159,-1400,580
4.7684,2022,2159,-1400,580
4.7688,2022,2157,-1400,580
4.7692,2022,2157,-1400,580
4.7695,2022,2157,-1400,580
4.7699,2022,2156,-1400,588
4.7703,2000,2154,-1400,588
4.7710,2000,2154,-1400,588
4.7714,2000,2154,-1400,588
4.7718,2000,2152,-1400,588
4.7721,2000,2152,-1400,588
4.7725,2000,2150,-1400,588
4.7730,2000,2150,-1400,588
4.7733,2000,2150,-1400,588
4.7737,2000,2149,-1400,596
4.7742,2000,2149,-1400,596
4.7746,2000,2147,-1400,588
4.7750,2000,2147,-1400,588
4.7754,2000,2147,-1400,588
4.7758,2000,2146,-1400,604
4.7763,2000,2146,-1400,604
4.7766,2000,2144,-1400,604
4.7770,2000,2144,-1400,604
4.7774,2000,2144,-1400,604
4.7778,2000,2142,-1400,604
4.7781,2000,2142,-1400,604
4.7785,2000,2140,-1400,580
4.7789,2000,2140,-1400,580
4.7792,2000,2140,-1400,580
4.7796,2000,2138,-1400,572
4.7800,2000,2138,-1400,572
4.7804,1979,2136,-1400,572
4.7811,1979,2136,-1400,572
4.7815,1979,2136,-1400,572
4.7818,1979,2135,-1400,580
4.7822,1979,2135,-1400,580
4.7826,1979,2133,-1400,580
4.7830,1979,2133,-1400,580
4.7833,1979,2133,-1400,580
4.7837,1979,2131,-1400,580
4.7841,1979,2131,-1400,580
4.7844,1979,2131,-1400,580
4.7848,1979,2129,-1400,580
4.7852,1979,2129,-1400,580
4.7856,1979,2127,-1400,580
4.7860,1979,2127,-1400,580
4.7863,1979,2127,-1400,580
4.7867,1979,2126,-1700,588
4.7871,1979,2126,-1700,588
4.7874,1979,2126,-1700,588
4.7878,1979,2124,-1700,588
4.7882,1979,2124,-1700,588
4.7886,1979,2122,-1700,588
4.7890,1979,2122,-1700,588
4.7894,1979,2122,-1700,588
4.7897,1979,2120,-1700,588
4.7901,1961,2118,-1700,588
4.7908,1961,2118,-1700,588
4.7913,1961,2118,-1700,588
4.7916,1961,2116,-1700,588
4.7920,1961,2116,-1700,588
4.7923,1961,2116,-1700,588
4.7927,1961,2114,-1700,588
4.7930,1961,2114,-1700,588
4.7934,1961,2114,-1700,588
4.7938,1961,2113,-1700,596
4.7941,1961,2113,-1700,596
4.7945,1961,2111,-1700,596
4.7949,1961,2111,-1700,596
4.7953,1961,2111,-1700,596
4.7957,1961,2109,-1700,596
4.7962,1961,2109,-1700,596
4.7967,1961,2107,-1700,596
4.7971,1961,2107,-1700,596
4.7975,1961,2105,-1700,596
4.7979,1961,2105,-1700,596
4.7983,1961,2105,-1700,596
4.7986,1961,2103,-1700,576
4.7990,1961,2103,-1700,576
4.7994,1961,2101,-1700,576
4.7998,1961,2101,-1700,576
4.8002,1942,2099,-1700,576
4.8008,1942,2099,-1700,576
4.8012,1942,2099,-1700,576
4.8016,1942,2097,-1700,576
4.8020,1942,2097,-1700,576
4.8024,1942,2095,-1700,576
4.8028,1942,2095,-1700,576
4.8031,1942,2095,-1700,576
4.8035,1942,2093,-1700,576
4.8039,1942,2093,-1700,576
4.8043,1942,2093,-1700,576
4.8046,1942,2091,-1700,576
4.8050,1942,2091,-1700,576
4.8053,1942,2091,-1700,576
4.8057,1942,2089,-1700,576
4.8061,1942,2089,-1700,576
4.8064,1942,2087,-1950,576
4.8068,1942,2087,-1950,576
4.8072,1942,2087,-1950,576
4.8075,1942,2085,-1950,576
4.8079,1942,2085,-1950,576
4.8083,1942,2085,-1950,576
4.8086,1942,2083,-1950,576
4.8090,1942,2083,-1950,576
4.8094,1942,2081,-1950,576
4.8097,1942,2081,-1950,576
4.8101,1926,2079,-1950,568
4.8108,1926,2079,-1950,568
4.8112,1926,2079,-1950,568
4.8116,1926,2077,-1950,568
4.8120,1926,2077,-1950,568
4.8123,1926,2075,-1950,568
4.8127,1926,2075,-1950,568
4.8131,1926,2075,-1950,568
4.8135,1926,2073,-1950,568
4.8138,1926,2073,-1950,568
4.8142,1926,2073,-1950,568
4.8146,1926,2071,-1950,568
4.8150,1926,2071,-1950,568
4.8153,1926,2070,-1950,576
4.8157,1926,2070,-1950,576
4.8161,1926,2070,-1950,576
4.8164,1926,2067,-1950,568
4.8169,1926,2067,-1950,568
4.8172,1926,2067,-1950,568
4.8177,1926,2065,-1950,568
4.8182,1926,2065,-1950,568
4.8185,1926,2064,-1950,568
4.8189,1926,2064,-1950,568
4.8193,1926,2061,-1950,560
4.8197,1926,2061,-1950,560
4.8201,1911,2059,-1950,560
4.8207,1911,2059,-1950,560
4.8211,1911,2059,-1950,560
4.8215,1911,2057,-1950,560
4.8219,1911,2057,-1950,560
4.8222,1911,2057,-1950,560
4.8226,1911,2055,-1950,560
4.8231,1911,2055,-1950,560
4.8235,1911,2053,-1950,560
4.8239,1911,2053,-1950,560
4.8243,1911,2053,-1950,560
4.8246,1911,2051,-1950,560
4.8250,1911,2051,-1950,560
4.8254,1911,2049,-1950,552
4.8257,1911,2049,-1950,552
4.8261,1911,2049,-1950,552
4.8265,1911,2047,-2000,552
4.8269,1911,2047,-2000,552
4.8273,1911,2047,-2000,552
4.8276,1911,2045,-2000,552
4.8280,1911,2045,-2000,552
4.8283,1911,2043,-2000,552
4.8287,1911,2043,-2000,552
4.8291,1911,2043,-2000,552
4.8295,1911,2041,-2000,552
4.8298,1911,2041,-2000,552
4.8302,1899,2039,-2000,552
4.8309,1899,2039,-2000,552
4.8313,1899,2037,-2000,544
4.8317,1899,2037,-2000,544
4.8320,1899,2037,-2000,544
4.8324,1899,2035,-2000,544
4.8328,1899,2035,-2000,544
4.8332,1899,2035,-2000,544
4.8336,1899,2033,-2000,544
4.8340,1899,2033,-2000,544
4.8344,1899,2031,-2000,544
4.8347,1899,2031,-2000,544
4.8351,1899,2031,-2000,544
4.8354,1899,2029,-2000,544
4.8358,1899,2029,-2000,544
4.8362,1899,2029,-2000,544
4.8366,1899,2027,-2000,544
4.8370,1899,2027,-2000,544
4.8373,1899,2025,-2000,536
4.8377,1899,2025,-2000,536
4.8381,1899,2025,-2000,536
4.8385,1899,2023,-2000,520
4.8390,1899,2023,-2000,520
4.8394,1899,2021,-2000,520
4.8398,1899,2021,-2000,520
4.8402,1888,2019,-2000,520
4.8408,1888,2019,-2000,520
4.8412,1888,2017,-2000,512
4.8416,1888,2017,-2000,512
4.8420,1888,2017,-2000,512
4.8423,1888,2015,-2000,512
4.8427,1888,2015,-2000,512
4.8431,1888,2015,-2000,512
4.8435,1888,2013,-2000,512
4.8438,1888,2013,-2000,512
4.8442,1888,2011,-2000,512
4.8446,1888,2011,-2000,512
4.8450,1888,2011,-2000,512
4.8453,1888,2009,-2000,512
4.8457,1888,2009,-2000,512
4.8461,1888,2009,-2000,512
4.8464,1888,2007,-2000,504
4.8468,1888,2007,-2000,504
4.8472,1888,2005,-2000,504
4.8476,1888,2005,-2000,504
4.8480,1888,2005,-2000,504
4.8483,1888,2004,-2000,512
4.8487,1888,2004,-2000,512
4.8491,1888,2004,-2000,512
4.8495,1888,2002,-2000,504
4.8499,1888,2002,-2000,504
4.8503,1881,2000,-2000,504
4.8510,1881,2000,-2000,504
4.8514,1881,1998,-2000,504
4.8517,1881,1998,-2000,504
4.8521,1881,1998,-2000,504
4.8525,1881,1996,-2000,496
4.8529,1881,1996,-2000,496
4.8532,1881,1994,-2000,496
4.8536,1881,1994,-2000,496
4.8540,1881,1994,-2000,496
4.8544,1881,1992,-2000,496
4.8547,1881,1992,-2000,496
4.8551,1881,1992,-2000,496
4.8555,1881,1990,-2000,488
4.8559,1881,1990,-2000,488
4.8563,1881,1989,-2000,496
4.8566,1881,1989,-2000,496
4.8570,1881,1989,-2000,496
4.8574,1881,1987,-2000,488
4.8577,1881,1987,-2000,488
4.8581,1881,1987,-2000,488
4.8585,1881,1985,-2000,488
4.8589,1881,1985,-2000,488
4.8593,1881,1983,-2000,480
4.8598,1881,1983,-2000,480
4.8602,1875,1981,-2000,480
4.8609,1875,1981,-2000,480
4.8613,1875,1979,-2000,472
4.8617,1875,1979,-2000,472
4.8620,1875,1979,-2000,472
4.8624,1875,1977,-2000,472
4.8628,1875,1977,-2000,472
4.8631,1875,1975,-2000,464
4.8635,1875,1975,-2000,464
4.8639,1875,1975,-2000,464
4.8643,1875,1974,-2000,472
4.8646,1875,1974,-2000,472
4.8650,1875,1974,-2000,472
4.8654,1875,1972,-2000,464
4.8658,1875,1972,-2000,464
4.8661,1875,1970,-1850,464
4.8665,1875,1970,-1850,464
4.8669,1875,1970,-1850,464
4.8673,1875,1968,-1850,456
4.8677,1875,1968,-1850,456
4.8680,1875,1968,-1850,456
4.8684,1875,1966,-1850,448
4.8688,1875,1966,-1850,448
4.8693,1875,1964,-1850,448
4.8696,1875,1964,-1850,448
4.8700,1873,1963,-1850,448
4.8707,1873,1963,-1850,448
4.8712,1873,1961,-1850,440
4.8716,1873,1961,-1850,440
4.8719,1873,1961,-1850,440
4.8723,1873,1959,-1850,440
4.8727,1873,1959,-1850,440
4.8731,1873,1959,-1850,440
4.8734,1873,1957,-1850,432
4.8738,1873,1957,-1850,432
4.8743,1873,1955,-1850,424
4.8746,1873,1955,-1850,424
4.8750,1873,1955,-1850,424
4.8754,1873,1954,-1850,424
4.8758,1873,1954,-1850,424
4.8761,1873,1952,-1850,416
4.8765,1873,1952,-1850,416
4.8769,1873,1952,-1850,416
4.8773,1873,1950,-1850,416
4.8776,1873,1950,-1850,416
4.8780,1873,1950,-1850,416
4.8784,1873,1948,-1850,384
4.8787,1873,1948,-1850,384
4.8791,1873,1947,-1850,384
4.8795,1873,1947,-1850,384
4.8799,1873,1947,-1850,384
4.8803,1873,1945,-1850,376
4.8811,1873,1943,-1850,368
4.8815,1873,1943,-1850,368
4.8819,1873,1943,-1850,368
4.8824,1873,1941,-1850,360
4.8828,1873,1941,-1850,360
4.8831,1873,1939,-1850,352
4.8835,1873,1939,-1850,352
4.8839,1873,1939,-1850,352
4.8842,1873,1937,-1850,344
4.8846,1873,1937,-1850,344
4.8850,1873,1937,-1850,344
4.8853,1873,1936,-1850,344
4.8858,1873,1936,-1850,344
4.8862,1873,1935,-1750,344
4.8866,1873,1935,-1750,344
4.8869,1873,1935,-1750,344
4.8873,1873,1933,-1750,336
4.8877,1873,1933,-1750,336
4.8881,1873,1931,-1750,320
4.8884,1873,1931,-1750,320
4.8888,1873,1931,-1750,320
4.8893,1873,1930,-1750,320
4.8896,1873,1930,-1750,320
4.8900,1873,1930,-1750,320
4.8904,1875,1928,-1750,312
4.8910,1875,1927,-1750,312
4.8914,1875,1927,-1750,312
4.8918,1875,1927,-1750,312
4.8921,1875,1925,-1750,304
4.8925,1875,1925,-1750,304
4.8929,1875,1925,-1750,304
4.8932,1875,1923,-1750,288
4.8936,1875,1923,-1750,288
4.8940,1875,1923,-1750,288
4.8943,1875,1922,-1750,288
4.8947,1875,1922,-1750,288
4.8951,1875,1920,-1750,280
4.8954,1875,1920,-1750,280
4.8958,1875,1920,-1750,280
4.8961,1875,1919,-1750,272
4.8965,1875,1919,-1750,272
4.8969,1875,1919,-1750,272
4.8973,1875,1917,-1750,264
4.8976,1875,1917,-1750,264
4.8980,1875,1916,-1750,244
4.8984,1875,1916,-1750,244
4.8987,1875,1916,-1750,244
4.8991,1875,1914,-1750,228
4.8995,1875,1914,-1750,228
4.8999,1875,1914,-1750,228
4.9002,1881,1913,-1750,228
4.9009,1881,1913,-1750,228
4.9013,1881,1911,-1750,212
4.9017,1881,1911,-1750,212
4.9021,1881,1910,-1750,212
4.9025,1881,1910,-1750,212
4.9029,1881,1910,-1750,212
4.9034,1881,1909,-1750,204
4.9037,1881,1909,-1750,204
4.9041,1881,1907,-1750,196
4.9045,1881,1907,-1750,196
4.9049,1881,1907,-1750,196
4.9053,1881,1906,-1750,188
4.9056,1881,1906,-1750,188
4.9060,1881,1905,-1500,188
4.9063,1881,1905,-1500,188
4.9067,1881,1905,-1500,188
4.9071,1881,1903,-1500,172
4.9074,1881,1903,-1500,172
4.9078,1881,1903,-1500,172
4.9082,1881,1902,-1500,164
4.9086,1881,1902,-1500,164
4.9090,1881,1901,-1500,164
4.9093,1881,1901,-1500,164
4.9097,1881,1901,-1500,164
4.9101,1889,1899,-1500,148
4.9108,1889,1899,-1500,148
4.9111,1889,1898,-1500,140
4.9115,1889,1898,-1500,140
4.9119,1889,1898,-1500,140
4.9123,1889,1897,-1500,140
4.9126,1889,1897,-1500,140
4.9130,1889,1896,-1500,132
4.9134,1889,1896,-1500,132
4.9139,1889,1896,-1500,132
4.9145,1889,1895,-1500,124
4.9149,1889,1894,-1500,116
4.9153,1889,1894,-1500,116
4.9157,1889,1894,-1500,116
4.9161,1889,1892,-1500,100
4.9164,1889,1892,-1500,100
4.9168,1889,1892,-1500,100
4.9172,1889,1891,-1500,92
4.9175,1889,1891,-1500,92
4.9180,1889,1890,-1500,76
4.9183,1889,1890,-1500,76
4.9188,1889,1890,-1500,76
4.9191,1889,1889,-1500,68
4.9195,1889,1889,-1500,68
4.9199,1889,1889,-1500,68
4.9202,1899,1888,-1500,60
4.9210,1899,1887,-1500,52
4.9214,1899,1887,-1500,52
4.9218,1899,1887,-1500,52
4.9223,1899,1886,-1500,36
4.9226,1899,1886,-1500,36
4.9230,1899,1885,-1500,28
4.9234,1899,1885,-1500,28
4.9237,1899,1885,-1500,28
4.9241,1899,1885,-1500,28
4.9245,1899,1885,-1500,28
4.9249,1899,1884,-1500,20
4.9252,1899,1884,-1500,20
4.9256,1899,1884,-1500,20
4.9260,1899,1883,-1100,-20
4.9263,1899,1883,-1100,-20
4.9267,1899,1883,-1100,-20
4.9271,1899,1882,-1100,-28
4.9274,1899,1882,-1100,-28
4.9278,1899,1881,-1100,-44
4.9285,1899,1881,-1100,-44
4.9289,1899,1881,-1100,-44
4.9292,1899,1881,-1100,-44
4.9296,1899,1881,-1100,-44
4.9300,1899,1880,-1100,-52
4.9304,1912,1880,-1100,-52
4.9311,1912,1879,-1100,-60
4.9314,1912,1879,-1100,-60
4.9318,1912,1879,-1100,-60
4.9322,1912,1879,-1100,-68
4.9325,1912,1879,-1100,-68
4.9329,1912,1878,-1100,-76
4.9333,1912,1878,-1100,-76
4.9336,1912,1878,-1100,-76
4.9340,1912,1878,-1100,-76
4.9344,1912,1878,-1100,-76
4.9347,1912,1878,-1100,-76
4.9351,1912,1877,-1100,-92
4.9355,1912,1877,-1100,-92
4.9359,1912,1876,-1100,-92
4.9362,1912,1876,-1100,-92
4.9366,1912,1876,-1100,-92
4.9370,1912,1876,-1100,-92
4.9374,1912,1876,-1100,-92
4.9377,1912,1876,-1100,-92
4.9381,1912,1875,-1100,-96
4.9385,1912,1875,-1100,-96
4.9389,1912,1875,-1100,-104
4.9393,1912,1875,-1100,-104
4.9396,1912,1875,-1100,-104
4.9400,1926,1875,-1100,-104
4.9407,1926,1875,-1100,-104
4.9411,1926,1874,-1100,-120
4.9414,1926,1874,-1100,-120
4.9418,1926,1874,-1100,-120
4.9422,1926,1874,-1100,-120
4.9426,1926,1874,-1100,-120
4.9431,1926,1874,-1100,-128
4.9434,1926,1874,-1100,-128
4.9438,1926,1874,-1100,-136
4.9442,1926,1874,-1100,-136
4.9446,1926,1874,-1100,-136
4.9450,1926,1873,-1100,-144
4.9455,1926,1873,-1100,-144
4.9458,1926,1873,-500,-152
4.9463,1926,1873,-500,-152
4.9466,1926,1873,-500,-152
4.9470,1926,1873,-500,-160
4.9474,1926,1873,-500,-160
4.9478,1926,1873,-500,-160
4.9481,1926,1873,-500,-160
4.9485,1926,1873,-500,-160
4.9489,1926,1873,-500,-168
4.9493,1926,1873,-500,-168
4.9496,1926,1873,-500,-168
4.9500,1926,1873,-500,-176
4.9504,1943,1873,-500,-176
4.9510,1943,1873,-500,-184
4.9514,1943,1873,-500,-184
4.9518,1943,1873,-500,-192
4.9521,1943,1873,-500,-192
4.9525,1943,1873,-500,-192
4.9529,1943,1873,-500,-192
4.9532,1943,1873,-500,-192
4.9536,1943,1873,-500,-192
4.9540,1943,1873,-500,-200
4.9543,1943,1873,-500,-200
4.9547,1943,1873,-500,-200
4.9551,1943,1873,-500,-208
4.9555,1943,1873,-500,-208
4.9559,1943,1873,-500,-216
4.9563,1943,1873,-500,-216
4.9567,1943,1873,-500,-224
4.9571,1943,1873,-500,-224
4.9575,1943,1873,-500,-224
4.9579,1943,1873,-500,-228
4.9582,1943,1873,-500,-228
4.9586,1943,1873,-500,-228
4.9590,1943,1873,-500,-236
4.9594,1943,1873,-500,-236
4.9598,1943,1873,-500,-244
4.9601,1961,1873,-500,-244
4.9608,1961,1873,-500,-252
4.9612,1961,1873,-500,-252
4.9616,1961,1873,-500,-252
4.9620,1961,1873,-500,-260
4.9623,1961,1873,-500,-260
4.9627,1961,1873,-500,-268
4.9631,1961,1873,-500,-268
4.9634,1961,1873,-500,-268
4.9638,1961,1873,-500,-284
4.9641,1961,1873,-500,-284
4.9645,1961,1873,-500,-284
4.9649,1961,1873,-500,-292
4.9653,1961,1873,-500,-292
4.9657,1961,1873,0,-300
4.9661,1961,1873,0,-300
4.9664,1961,1873,0,-300
4.9668,1961,1873,0,-308
4.9671,1961,1873,0,-308
4.9675,1961,1873,0,-308
4.9679,1961,1874,0,-308
4.9682,1961,1874,0,-308
4.9686,1961,1874,0,-308
4.9689,1961,1874,0,-324
4.9693,1961,1874,0,-324
4.9696,1961,1874,0,-324
4.9700,1961,1875,0,-324
4.9703,1981,1875,0,-332
4.9710,1981,1875,0,-332
4.9714,1981,1875,0,-332
4.9718,1981,1876,0,-340
4.9721,1981,1876,0,-340
4.9725,1981,1876,0,-340
4.9729,1981,1876,0,-348
4.9733,1981,1876,0,-348
4.9737,1981,1877,0,-348
4.9740,1981,1877,0,-348
4.9744,1981,1877,0,-348
4.9748,1981,1878,0,-356
4.9752,1981,1878,0,-356
4.9756,1981,1878,0,-356
4.9759,1981,1878,0,-364
4.9763,1981,1878,0,-364
4.9767,1981,1879,0,-372
4.9771,1981,1879,0,-372
4.9774,1981,1879,0,-372
4.9778,1981,1879,0,-388
4.9783,1981,1879,0,-388
4.9787,1981,1880,0,-396
4.9791,1981,1880,0,-396
4.9795,1981,1880,0,-396
4.9800,1981,1881,0,-396
4.9803,2001,1881,0,-412
4.9810,2001,1881,0,-412
4.9814,2001,1881,0,-412
4.9818,2001,1882,0,-420
4.9823,2001,1882,0,-420
4.9827,2001,1883,0,-420
4.9830,2001,1883,0,-420
4.9834,2001,1883,0,-420
4.9838,2001,1884,0,-428
4.9842,2001,1884,0,-428
4.9845,2001,1884,0,-428
4.9850,2001,1885,0,-428
4.9854,2001,1885,0,-428
4.9858,2001,1886,650,-436
4.9863,2001,1886,650,-436
4.9867,2001,1886,650,-452
4.9870,2001,1886,650,-452
4.9874,2001,1886,650,-452
4.9878,2001,1887,650,-460
4.9882,2001,1887,650,-460
4.9885,2001,1887,650,-460
4.9889,2001,1889,650,-452
4.9892,2001,1889,650,-452
4.9896,2001,1890,650,-460
4.9900,2001,1890,650,-460
4.9904,2022,1891,650,-468
4.9911,2022,1891,650,-468
4.9914,2022,1891,650,-468
4.9919,2022,1891,650,-484
4.9922,2022,1891,650,-484
4.9926,2022,1893,650,-484
4.9930,2022,1893,650,-484
4.9933,2022,1893,650,-484
4.9937,2022,1894,650,-492
4.9941,2022,1894,650,-492
4.9944,2022,1894,650,-492
4.9948,2022,1895,650,-500
4.9952,2022,1895,650,-500
4.9955,2022,1895,650,-500
4.9959,2022,1896,650,-508
4.9962,2022,1896,650,-508
4.9966,2022,1897,650,-516
4.9970,2022,1897,650,-516
4.9974,2022,1897,650,-516
4.9977,2022,1898,650,-504
4.9981,2022,1898,650,-504
4.9986,2022,1899,650,-512
4.9989,2022,1899,650,-512
4.9993,2022,1899,650,-512
4.9997,2022,1900,650,-520
