"# servo_id=1 center=2046 amp_deg=15.0 cmd_hz=100.0 acc=254 torque_limit=None note='leg 7.4V no load, acc=254' hz=2.0 ratio=0.269 lag_ms=259.5 accel_est=8.733025083716823"
t_s,cmd_cnt,pos_cnt,speed_raw,load_duty_permille
0.0000,2046,2046,0,0
0.0008,2046,2046,0,0
0.0012,2046,2046,0,0
0.0016,2046,2046,0,0
0.0020,2046,2046,0,0
0.0024,2046,2046,0,0
0.0028,2046,2046,0,0
0.0032,2046,2046,0,0
0.0036,2046,2046,0,0
0.0040,2046,2046,0,0
0.0044,2046,2046,0,0
0.0048,2046,2046,0,0
0.0052,2046,2046,0,0
0.0056,2046,2046,0,0
0.0060,2046,2046,0,0
0.0064,2046,2046,0,0
0.0068,2046,2046,0,0
0.0072,2046,2046,0,0
0.0076,2046,2046,0,0
0.0080,2046,2046,0,0
0.0084,2046,2046,0,0
0.0088,2046,2046,0,0
0.0092,2046,2046,0,0
0.0096,2046,2046,0,0
0.0100,2046,2046,0,0
0.0104,2068,2046,0,0
0.0112,2068,2046,0,0
0.0116,2068,2046,0,0
0.0120,2068,2046,0,0
0.0123,2068,2046,0,0
0.0128,2068,2046,0,0
0.0132,2068,2046,0,0
0.0136,2068,2046,0,0
0.0140,2068,2046,0,0
0.0144,2068,2046,0,0
0.0148,2068,2046,0,0
0.0152,2068,2046,0,0
0.0156,2068,2046,0,0
0.0160,2068,2046,0,0
0.0164,2068,2046,0,0
0.0168,2068,2046,0,0
0.0172,2068,2046,0,0
0.0176,2068,2046,0,0
0.0180,2068,2046,0,0
0.0184,2068,2046,0,0
0.0188,2068,2046,0,0
0.0192,2068,2046,0,0
0.0196,2068,2046,0,0
0.0200,2068,2046,0,0
0.0204,2089,2046,0,0
0.0212,2089,2046,0,0
0.0216,2089,2046,0,0
0.0220,2089,2046,0,0
0.0224,2089,2046,0,0
0.0228,2089,2046,0,0
0.0232,2089,2046,0,0
0.0236,2089,2046,0,0
0.0240,2089,2046,0,0
0.0244,2089,2046,0,0
0.0248,2089,2046,0,0
0.0252,2089,2046,0,0
0.0256,2089,2046,0,0
0.0260,2089,2046,0,0
0.0264,2089,2046,0,0
0.0268,2089,2046,0,0
0.0272,2089,2046,0,0
0.0276,2089,2046,0,0
0.0280,2089,2046,0,0
0.0284,2089,2046,0,0
0.0288,2089,2046,0,0
0.0292,2089,2046,0,0
0.0296,2089,2046,0,0
0.0301,2109,2046,0,0
0.0308,2109,2046,0,0
0.0312,2109,2046,0,0
0.0317,2109,2046,0,0
0.0320,2109,2046,0,0
0.0324,2109,2046,0,-24
0.0328,2109,2046,0,-24
0.0332,2109,2046,0,-24
0.0336,2109,2046,0,-24
0.0340,2109,2046,0,-24
0.0344,2109,2046,0,-24
0.0348,2109,2046,0,-24
0.0352,2109,2046,0,-24
0.0356,2109,2046,0,-24
0.0360,2109,2046,0,-24
0.0364,2109,2046,0,-24
0.0368,2109,2046,0,-24
0.0372,2109,2046,0,-24
0.0376,2109,2046,0,-24
0.0379,2109,2046,0,-24
0.0383,2109,2046,0,-24
0.0388,2109,2046,0,-24
0.0392,2109,2046,0,-24
0.0395,2109,2046,0,-32
0.0399,2109,2046,0,-32
0.0403,2129,2046,0,-32
0.0411,2129,2046,0,-32
0.0414,2129,2046,0,-32
0.0418,2129,2046,0,-32
0.0422,2129,2046,0,-32
0.0425,2129,2046,0,-32
0.0429,2129,2046,0,-32
0.0433,2129,2046,0,-32
0.0437,2129,2046,0,-32
0.0440,2129,2046,0,-32
0.0444,2129,2046,0,-40
0.0448,2129,2046,0,-40
0.0451,2129,2046,0,-40
0.0455,2129,2046,0,-40
0.0459,2129,2046,0,-40
0.0462,2129,2046,0,-40
0.0466,2129,2046,0,-40
0.0471,2129,2046,0,-40
0.0475,2129,2046,0,-40
0.0478,2129,2046,0,-40
0.0482,2129,2046,0,-40
0.0486,2129,2046,0,-40
0.0489,2129,2046,0,-40
0.0493,2129,2046,0,-64
0.0498,2129,2046,0,-64
0.0502,2147,2046,0,-64
0.0509,2147,2046,0,-64
0.0513,2147,2046,0,-64
0.0517,2147,2046,0,-64
0.0521,2147,2046,0,-64
0.0525,2147,2046,0,-64
0.0529,2147,2046,0,-64
0.0533,2147,2046,0,-72
0.0537,2147,2046,0,-72
0.0541,2147,2046,0,-72
0.0545,2147,2046,0,-72
0.0549,2147,2046,0,-72
0.0553,2147,2046,0,-72
0.0557,2147,2046,0,-72
0.0561,2147,2046,0,-72
0.0565,2147,2046,0,-72
0.0569,2147,2046,0,-72
0.0573,2147,2046,0,-80
0.0576,2147,2046,0,-80
0.0581,2147,2046,0,-80
0.0585,2147,2046,0,-80
0.0589,2147,2046,0,-80
0.0593,2147,2046,0,-80
0.0597,2147,2046,0,-80
0.0601,2163,2047,0,-72
0.0609,2163,2047,0,-72
0.0613,2163,2047,0,-80
0.0616,2163,2047,0,-80
0.0621,2163,2047,0,-80
0.0625,2163,2047,0,-80
0.0629,2163,2047,0,-80
0.0633,2163,2047,0,-80
0.0637,2163,2047,0,-80
0.0641,2163,2047,0,-80
0.0645,2163,2047,0,-88
0.0649,2163,2047,0,-88
0.0653,2163,2047,0,-88
0.0656,2163,2047,0,-88
0.0660,2163,2047,0,-88
0.0664,2163,2047,0,-88
0.0668,2163,2047,0,-88
0.0672,2163,2047,0,-96
0.0676,2163,2047,0,-96
0.0680,2163,2047,0,-96
0.0684,2163,2047,0,-96
0.0688,2163,2047,0,-96
0.0692,2163,2048,0,-84
0.0696,2163,2048,0,-84
0.0700,2163,2048,0,-84
0.0704,2178,2048,0,-92
0.0712,2178,2048,100,-92
0.0716,2178,2048,100,-92
0.0720,2178,2048,100,-92
0.0724,2178,2048,100,-92
0.0728,2178,2048,100,-92
0.0732,2178,2048,100,-100
0.0736,2178,2048,100,-100
0.0740,2178,2048,100,-100
0.0744,2178,2048,100,-100
0.0748,2178,2048,100,-100
0.0752,2178,2048,100,-100
0.0756,2178,2048,100,-100
0.0760,2178,2048,100,-100
0.0764,2178,2049,100,-100
0.0768,2178,2049,100,-100
0.0772,2178,2049,100,-100
0.0776,2178,2049,100,-100
0.0780,2178,2049,100,-100
0.0784,2178,2049,100,-100
0.0788,2178,2049,100,-100
0.0792,2178,2049,100,-108
0.0796,2178,2049,100,-108
0.0800,2178,2049,100,-108
0.0804,2191,2049,100,-108
0.0812,2191,2050,100,-108
0.0816,2191,2050,100,-108
0.0820,2191,2050,100,-108
0.0824,2191,2050,100,-108
0.0828,2191,2050,100,-108
0.0832,2191,2050,100,-108
0.0836,2191,2050,100,-108
0.0840,2191,2050,100,-108
0.0844,2191,2050,100,-116
0.0848,2191,2050,100,-116
0.0852,2191,2051,100,-108
0.0856,2191,2051,100,-108
0.0860,2191,2051,100,-108
0.0864,2191,2051,100,-116
0.0868,2191,2051,100,-116
0.0872,2191,2051,100,-116
0.0876,2191,2051,100,-116
0.0881,2191,2051,100,-116
0.0885,2191,2051,100,-116
0.0889,2191,2051,100,-116
0.0893,2191,2052,100,-120
0.0897,2191,2052,100,-120
0.0901,2200,2052,100,-120
0.0908,2200,2052,100,-120
0.0912,2200,2052,200,-128
0.0916,2200,2052,200,-128
0.0920,2200,2053,200,-120
0.0924,2200,2053,200,-120
0.0928,2200,2053,200,-120
0.0932,2200,2053,200,-128
0.0936,2200,2053,200,-128
0.0939,2200,2053,200,-128
0.0943,2200,2053,200,-128
0.0947,2200,2053,200,-128
0.0950,2200,2054,200,-120
0.0954,2200,2054,200,-120
0.0958,2200,2054,200,-120
0.0962,2200,2054,200,-128
0.0965,2200,2054,200,-128
0.0969,2200,2054,200,-128
0.0973,2200,2054,200,-128
0.0976,2200,2054,200,-128
0.0980,2200,2055,200,-128
0.0984,2200,2055,200,-128
0.0988,2200,2055,200,-128
0.0991,2200,2055,200,-128
0.0995,2200,2055,200,-128
0.0999,2200,2055,200,-128
0.1003,2208,2055,200,-136
0.1010,2208,2055,200,-136
0.1013,2208,2055,200,-136
0.1018,2208,2055,200,-136
0.1021,2208,2056,200,-136
0.1025,2208,2056,200,-136
0.1029,2208,2056,200,-136
0.1032,2208,2056,200,-136
0.1036,2208,2056,200,-136
0.1039,2208,2056,200,-136
0.1043,2208,2056,200,-144
0.1046,2208,2056,200,-144
0.1050,2208,2057,200,-136
0.1054,2208,2057,200,-136
0.1058,2208,2057,200,-136
0.1061,2208,2057,200,-144
0.1065,2208,2057,200,-144
0.1068,2208,2057,200,-144
0.1072,2208,2057,200,-144
0.1075,2208,2057,200,-144
0.1079,2208,2057,200,-144
0.1083,2208,2058,200,-144
0.1086,2208,2058,200,-144
0.1090,2208,2058,200,-144
0.1093,2208,2058,200,-140
0.1097,2208,2058,200,-140
0.1100,2214,2059,200,-140
0.1108,2214,2059,200,-140
0.1111,2214,2059,350,-140
0.1115,2214,2059,350,-140
0.1118,2214,2059,350,-140
0.1122,2214,2059,350,-148
0.1125,2214,2059,350,-148
0.1129,2214,2059,350,-148
0.1133,2214,2060,350,-140
0.1136,2214,2060,350,-140
0.1140,2214,2060,350,-140
0.1143,2214,2060,350,-148
0.1147,2214,2060,350,-148
0.1150,2214,2061,350,-148
0.1154,2214,2061,350,-148
0.1158,2214,2061,350,-148
0.1161,2214,2061,350,-148
0.1165,2214,2061,350,-148
0.1168,2214,2061,350,-148
0.1172,2214,2062,350,-148
0.1175,2214,2062,350,-148
0.1179,2214,2062,350,-148
0.1182,2214,2062,350,-148
0.1186,2214,2062,350,-148
0.1190,2214,2062,350,-156
0.1193,2214,2062,350,-156
0.1197,2214,2062,350,-156
0.1200,2216,2063,350,-148
0.1208,2216,2063,350,-148
0.1211,2216,2063,350,-156
0.1215,2216,2063,350,-156
0.1218,2216,2063,350,-156
0.1222,2216,2063,350,-164
0.1226,2216,2063,350,-164
0.1229,2216,2064,350,-156
0.1233,2216,2064,350,-156
0.1237,2216,2064,350,-156
0.1241,2216,2064,350,-164
0.1244,2216,2064,350,-164
0.1248,2216,2064,350,-164
0.1252,2216,2065,350,-156
0.1256,2216,2065,350,-156
0.1259,2216,2065,350,-164
0.1263,2216,2065,350,-164
0.1266,2216,2065,350,-164
0.1270,2216,2066,350,-164
0.1274,2216,2066,350,-164
0.1278,2216,2066,350,-164
0.1281,2216,2066,350,-164
0.1285,2216,2066,350,-164
0.1288,2216,2066,350,-164
0.1292,2216,2067,350,-164
0.1295,2216,2067,350,-164
0.1299,2216,2067,350,-164
0.1302,2216,2067,350,-172
0.1309,2216,2068,450,-164
0.1313,2216,2068,450,-164
0.1316,2216,2068,450,-164
0.1320,2216,2068,450,-172
0.1323,2216,2068,450,-172
0.1327,2216,2068,450,-172
0.1330,2216,2068,450,-172
0.1334,2216,2068,450,-172
0.1338,2216,2068,450,-172
0.1341,2216,2069,450,-172
0.1345,2216,2069,450,-172
0.1348,2216,2069,450,-172
0.1352,2216,2069,450,-180
0.1355,2216,2069,450,-180
0.1359,2216,2069,450,-180
0.1362,2216,2070,450,-172
0.1366,2216,2070,450,-172
0.1369,2216,2070,450,-180
0.1373,2216,2070,450,-180
0.1376,2216,2070,450,-180
0.1380,2216,2071,450,-180
0.1384,2216,2071,450,-180
0.1388,2216,2071,450,-180
0.1392,2216,2071,450,-180
0.1396,2216,2071,450,-180
0.1400,2216,2072,450,-180
0.1403,2214,2072,450,-180
0.1410,2214,2072,450,-188
0.1414,2214,2072,450,-188
0.1418,2214,2072,450,-188
0.1422,2214,2073,450,-180
0.1425,2214,2073,450,-180
0.1429,2214,2073,450,-188
0.1433,2214,2073,450,-188
0.1437,2214,2073,450,-188
0.1440,2214,2074,450,-188
0.1444,2214,2074,450,-188
0.1448,2214,2074,450,-188
0.1452,2214,2074,450,-196
0.1455,2214,2074,450,-196
0.1459,2214,2075,450,-188
0.1463,2214,2075,450,-188
0.1467,2214,2075,450,-188
0.1470,2214,2076,450,-188
0.1474,2214,2076,450,-188
0.1478,2214,2076,450,-196
0.1482,2214,2076,450,-196
0.1486,2214,2076,450,-196
0.1490,2214,2077,450,-188
0.1493,2214,2077,450,-188
0.1498,2214,2077,450,-196
0.1502,2208,2077,450,-196
0.1510,2208,2077,450,-204
0.1514,2208,2077,450,-204
0.1518,2208,2077,450,-204
0.1522,2208,2078,450,-204
0.1526,2208,2078,450,-204
0.1530,2208,2079,450,-196
0.1534,2208,2079,450,-196
0.1538,2208,2079,450,-204
0.1542,2208,2079,450,-204
0.1546,2208,2079,450,-204
0.1551,2208,2080,450,-204
0.1555,2208,2080,450,-204
0.1559,2208,2081,450,-204
0.1563,2208,2081,450,-204
0.1568,2208,2081,450,-204
0.1572,2208,2081,450,-204
0.1576,2208,2081,450,-204
0.1581,2208,2082,450,-204
0.1585,2208,2082,450,-204
0.1589,2208,2083,450,-204
0.1593,2208,2083,450,-204
0.1597,2208,2083,450,-204
0.1601,2200,2083,450,-212
0.1609,2200,2084,450,-212
0.1612,2200,2084,450,-212
0.1617,2200,2084,450,-212
0.1621,2200,2084,450,-212
0.1625,2200,2084,450,-212
0.1629,2200,2085,450,-212
0.1633,2200,2085,450,-212
0.1637,2200,2085,450,-212
0.1641,2200,2085,450,-220
0.1645,2200,2085,450,-220
0.1650,2200,2086,450,-220
0.1655,2200,2086,450,-220
0.1659,2200,2087,450,-220
0.1663,2200,2087,450,-220
0.1667,2200,2087,450,-220
0.1671,2200,2087,450,-220
0.1675,2200,2087,450,-220
0.1679,2200,2088,450,-220
0.1684,2200,2088,450,-220
0.1688,2200,2089,450,-224
0.1692,2200,2089,450,-224
0.1696,2200,2089,450,-224
0.1701,2190,2089,450,-232
0.1708,2190,2090,650,-232
0.1712,2190,2090,650,-232
0.1717,2190,2090,650,-232
0.1721,2190,2090,650,-232
0.1725,2190,2090,650,-232
0.1729,2190,2091,650,-232
0.1732,2190,2091,650,-232
0.1736,2190,2091,650,-232
0.1740,2190,2092,650,-232
0.1744,2190,2092,650,-232
0.1748,2190,2092,650,-240
0.1752,2190,2092,650,-240
0.1756,2190,2092,650,-240
0.1761,2190,2093,650,-240
0.1764,2190,2093,650,-240
0.1768,2190,2093,650,-248
0.1772,2190,2093,650,-248
0.1776,2190,2093,650,-248
0.1781,2190,2094,650,-248
0.1785,2190,2094,650,-248
0.1788,2190,2095,650,-240
0.1792,2190,2095,650,-240
0.1796,2190,2095,650,-240
0.1801,2177,2096,650,-240
0.1808,2177,2096,650,-248
0.1811,2177,2096,650,-248
0.1815,2177,2096,650,-248
0.1819,2177,2097,650,-248
0.1823,2177,2097,650,-248
0.1826,2177,2097,650,-248
0.1830,2177,2098,650,-248
0.1834,2177,2098,650,-248
0.1838,2177,2099,650,-240
0.1842,2177,2099,650,-240
0.1846,2177,2099,650,-240
0.1850,2177,2100,650,-240
0.1853,2177,2100,650,-240
0.1858,2177,2100,650,-248
0.1862,2177,2100,650,-248
0.1865,2177,2100,650,-248
0.1869,2177,2101,650,-248
0.1873,2177,2101,650,-248
0.1877,2177,2102,650,-248
0.1881,2177,2102,650,-248
0.1885,2177,2102,650,-248
0.1888,2177,2103,650,-232
0.1892,2177,2103,650,-232
0.1895,2177,2103,650,-232
0.1899,2177,2104,650,-232
0.1903,2162,2104,650,-232
0.1909,2162,2104,700,-240
0.1913,2162,2104,700,-240
0.1916,2162,2105,700,-240
0.1920,2162,2105,700,-240
0.1924,2162,2105,700,-240
0.1928,2162,2105,700,-240
0.1931,2162,2105,700,-240
0.1935,2162,2105,700,-240
0.1938,2162,2106,700,-240
0.1942,2162,2106,700,-240
0.1945,2162,2106,700,-240
0.1949,2162,2107,700,-240
0.1952,2162,2107,700,-240
0.1956,2162,2107,700,-240
0.1959,2162,2108,700,-240
0.1962,2162,2108,700,-240
0.1966,2162,2108,700,-240
0.1969,2162,2109,700,-232
0.1973,2162,2109,700,-232
0.1976,2162,2109,700,-240
0.1980,2162,2109,700,-240
0.1984,2162,2109,700,-240
0.1988,2162,2110,700,-240
0.1991,2162,2110,700,-240
0.1994,2162,2110,700,-240
0.1998,2162,2111,700,-240
0.2001,2146,2111,700,-240
0.2008,2146,2112,700,-232
0.2011,2146,2112,700,-232
0.2015,2146,2112,700,-232
0.2018,2146,2112,700,-240
0.2022,2146,2112,700,-240
0.2025,2146,2112,700,-240
0.2029,2146,2113,700,-240
0.2032,2146,2113,700,-240
0.2036,2146,2113,700,-240
0.2039,2146,2114,700,-232
0.2043,2146,2114,700,-232
0.2046,2146,2115,700,-232
0.2049,2146,2115,700,-232
0.2053,2146,2115,700,-232
0.2056,2146,2115,700,-240
0.2060,2146,2115,700,-240
0.2064,2146,2115,700,-240
0.2068,2146,2116,700,-232
0.2071,2146,2116,700,-232
0.2075,2146,2116,700,-232
0.2078,2146,2117,700,-232
0.2082,2146,2117,700,-232
0.2085,2146,2117,700,-232
0.2089,2146,2118,700,-224
0.2092,2146,2118,700,-224
0.2096,2146,2118,700,-224
0.2099,2146,2118,700,-224
0.2102,2128,2118,700,-224
0.2109,2128,2119,750,-224
0.2112,2128,2119,750,-224
0.2116,2128,2120,750,-224
0.2119,2128,2120,750,-224
0.2123,2128,2120,750,-224
0.2126,2128,2121,750,-216
0.2130,2128,2121,750,-216
0.2133,2128,2121,750,-216
0.2137,2128,2122,750,-216
0.2140,2128,2122,750,-216
0.2144,2128,2122,750,-216
0.2148,2128,2123,750,-216
0.2151,2128,2123,750,-216
0.2155,2128,2123,750,-216
0.2158,2128,2123,750,-216
0.2162,2128,2123,750,-216
0.2165,2128,2123,750,-216
0.2169,2128,2124,750,-216
0.2173,2128,2124,750,-216
0.2176,2128,2125,750,-216
0.2180,2128,2125,750,-216
0.2183,2128,2125,750,-216
0.2187,2128,2126,750,-208
0.2190,2128,2126,750,-208
0.2194,2128,2126,750,-208
0.2198,2128,2126,750,-216
0.2201,2109,2126,750,-216
0.2208,2109,2127,750,-208
0.2211,2109,2127,750,-208
0.2215,2109,2127,750,-208
0.2218,2109,2128,750,-208
0.2222,2109,2128,750,-208
0.2226,2109,2129,750,-208
0.2229,2109,2129,750,-208
0.2233,2109,2129,750,-208
0.2236,2109,2130,750,-200
0.2240,2109,2130,750,-200
0.2243,2109,2130,750,-200
0.2247,2109,2130,750,-208
0.2250,2109,2130,750,-208
0.2254,2109,2130,750,-208
0.2258,2109,2131,750,-200
0.2261,2109,2131,750,-200
0.2265,2109,2131,750,-200
0.2268,2109,2132,750,-200
0.2272,2109,2132,750,-200
0.2275,2109,2133,750,-200
0.2279,2109,2133,750,-200
0.2282,2109,2133,750,-200
0.2286,2109,2134,750,-176
0.2289,2109,2134,750,-176
0.2293,2109,2134,750,-176
0.2297,2109,2134,750,-184
0.2300,2088,2134,750,-184
0.2308,2088,2135,800,-176
0.2311,2088,2135,800,-176
0.2315,2088,2135,800,-176
0.2318,2088,2136,800,-176
0.2322,2088,2136,800,-176
0.2325,2088,2137,800,-168
0.2329,2088,2137,800,-168
0.2332,2088,2137,800,-168
0.2336,2088,2138,800,-168
0.2339,2088,2138,800,-168
0.2343,2088,2138,800,-168
0.2347,2088,2138,800,-176
0.2350,2088,2138,800,-176
0.2354,2088,2138,800,-176
0.2358,2088,2139,800,-168
0.2361,2088,2139,800,-168
0.2365,2088,2140,800,-168
0.2368,2088,2140,800,-168
0.2372,2088,2140,800,-168
0.2376,2088,2140,800,-168
0.2379,2088,2140,800,-168
0.2383,2088,2140,800,-168
0.2386,2088,2141,800,-168
0.2390,2088,2141,800,-168
0.2394,2088,2141,800,-168
0.2398,2088,2142,800,-160
0.2401,2067,2142,800,-160
0.2408,2067,2142,800,-168
0.2412,2067,2142,800,-168
0.2415,2067,2143,800,-160
0.2419,2067,2143,800,-160
0.2422,2067,2143,800,-160
0.2426,2067,2144,800,-160
0.2429,2067,2144,800,-160
0.2433,2067,2144,800,-160
0.2437,2067,2144,800,-160
0.2440,2067,2144,800,-160
0.2444,2067,2144,800,-160
0.2448,2067,2145,800,-160
0.2451,2067,2145,800,-160
0.2455,2067,2146,800,-152
0.2458,2067,2146,800,-152
0.2462,2067,2146,800,-152
0.2466,2067,2147,800,-152
0.2469,2067,2147,800,-152
0.2473,2067,2147,800,-152
0.2477,2067,2148,800,-144
0.2480,2067,2148,800,-144
0.2484,2067,2148,800,-144
0.2488,2067,2148,800,-156
0.2491,2067,2148,800,-156
0.2495,2067,2149,800,-148
0.2499,2067,2149,800,-148
0.2502,2045,2150,750,-148
0.2509,2045,2150,750,-148
0.2513,2045,2150,750,-148
0.2517,2045,2150,750,-148
0.2521,2045,2150,750,-148
0.2525,2045,2151,750,-148
0.2529,2045,2151,750,-148
0.2533,2045,2151,750,-148
0.2537,2045,2152,750,-140
0.2541,2045,2152,750,-140
0.2544,2045,2152,750,-140
0.2548,2045,2152,750,-140
0.2552,2045,2152,750,-140
0.2556,2045,2153,750,-140
0.2560,2045,2153,750,-140
0.2563,2045,2153,750,-140
0.2568,2045,2154,750,-132
0.2572,2045,2154,750,-132
0.2575,2045,2154,750,-140
0.2579,2045,2154,750,-140
0.2582,2045,2154,750,-140
0.2586,2045,2155,750,-132
0.2589,2045,2155,750,-132
0.2593,2045,2155,750,-132
0.2596,2045,2155,750,-140
0.2600,2025,2155,750,-140
0.2608,2025,2156,750,-132
0.2612,2025,2156,750,-132
0.2615,2025,2157,750,-124
0.2619,2025,2157,750,-124
0.2622,2025,2157,750,-124
0.2626,2025,2157,750,-132
0.2630,2025,2157,750,-132
0.2634,2025,2158,750,-124
0.2638,2025,2158,750,-124
0.2642,2025,2158,750,-124
0.2646,2025,2158,750,-132
0.2650,2025,2158,750,-132
0.2654,2025,2159,750,-124
0.2658,2025,2159,750,-124
0.2662,2025,2159,750,-124
0.2666,2025,2160,750,-116
0.2670,2025,2160,750,-116
0.2674,2025,2160,750,-124
0.2678,2025,2160,750,-124
0.2682,2025,2160,750,-124
0.2686,2025,2161,750,-108
0.2690,2025,2161,750,-108
0.2694,2025,2161,750,-108
0.2698,2025,2161,750,-108
0.2702,2003,2162,600,-108
0.2709,2003,2162,600,-108
0.2714,2003,2162,600,-108
0.2718,2003,2162,600,-108
0.2722,2003,2162,600,-108
0.2726,2003,2162,600,-116
0.2730,2003,2162,600,-116
0.2734,2003,2163,600,-108
0.2738,2003,2163,600,-108
0.2742,2003,2163,600,-108
0.2746,2003,2163,600,-108
0.2750,2003,2163,600,-108
0.2753,2003,2164,600,-108
0.2758,2003,2164,600,-108
0.2762,2003,2164,600,-108
0.2766,2003,2165,600,-100
0.2770,2003,2165,600,-100
0.2774,2003,2165,600,-100
0.2778,2003,2165,600,-100
0.2782,2003,2165,600,-100
0.2786,2003,2165,600,-108
0.2790,2003,2165,600,-108
0.2794,2003,2166,600,-100
0.2798,2003,2166,600,-100
0.2802,1983,2167,600,-92
0.2810,1983,2167,600,-92
0.2814,1983,2167,600,-100
0.2818,1983,2167,600,-100
0.2822,1983,2167,600,-100
0.2826,1983,2168,600,-92
0.2831,1983,2168,600,-92
0.2835,1983,2168,600,-92
0.2838,1983,2168,600,-92
0.2843,1983,2168,600,-92
0.2847,1983,2168,600,-92
0.2850,1983,2168,600,-92
0.2854,1983,2169,600,-92
0.2858,1983,2169,600,-92
0.2862,1983,2169,600,-92
0.2866,1983,2169,600,-92
0.2871,1983,2169,600,-92
0.2874,1983,2170,600,-84
0.2878,1983,2170,600,-84
0.2882,1983,2170,600,-84
0.2886,1983,2170,600,-104
0.2891,1983,2170,600,-104
0.2895,1983,2171,600,-96
0.2898,1983,2171,600,-96
0.2902,1963,2171,450,-96
0.2910,1963,2171,450,-96
0.2914,1963,2171,450,-96
0.2918,1963,2171,450,-96
0.2922,1963,2171,450,-96
0.2926,1963,2172,450,-96
0.2930,1963,2172,450,-96
0.2934,1963,2172,450,-96
0.2938,1963,2172,450,-96
0.2942,1963,2172,450,-96
0.2946,1963,2173,450,-88
0.2950,1963,2173,450,-88
0.2954,1963,2173,450,-88
0.2958,1963,2173,450,-88
0.2962,1963,2174,450,-88
0.2966,1963,2174,450,-88
0.2970,1963,2174,450,-88
0.2974,1963,2174,450,-88
0.2978,1963,2174,450,-88
0.2982,1963,2175,450,-80
0.2986,1963,2175,450,-80
0.2991,1963,2175,450,-80
0.2995,1963,2175,450,-80
0.2999,1963,2175,450,-80
0.3003,1945,2175,450,-80
0.3011,1945,2175,450,-80
0.3015,1945,2175,450,-88
0.3018,1945,2175,450,-88
0.3022,1945,2176,450,-80
0.3026,1945,2176,450,-80
0.3030,1945,2176,450,-80
0.3033,1945,2176,450,-80
0.3038,1945,2176,450,-80
0.3043,1945,2177,450,-72
0.3047,1945,2177,450,-72
0.3051,1945,2177,450,-72
0.3055,1945,2177,450,-72
0.3059,1945,2177,450,-72
0.3063,1945,2177,450,-80
0.3066,1945,2177,450,-80
0.3070,1945,2177,450,-80
0.3074,1945,2178,450,-72
0.3078,1945,2178,450,-72
0.3082,1945,2178,450,-64
0.3087,1945,2178,450,-64
0.3091,1945,2178,450,-64
0.3095,1945,2179,450,-56
0.3099,1945,2179,450,-56
0.3103,1929,2179,400,-56
0.3110,1929,2179,400,-56
0.3114,1929,2179,400,-64
0.3119,1929,2179,400,-64
0.3123,1929,2180,400,-56
0.3127,1929,2180,400,-56
0.3131,1929,2180,400,-56
0.3135,1929,2180,400,-56
0.3138,1929,2180,400,-56
0.3142,1929,2180,400,-56
0.3146,1929,2180,400,-56
0.3151,1929,2180,400,-56
0.3155,1929,2181,400,-48
0.3159,1929,2181,400,-48
0.3163,1929,2181,400,-48
0.3167,1929,2181,400,-48
0.3171,1929,2181,400,-48
0.3175,1929,2181,400,-48
0.3179,1929,2181,400,-48
0.3183,1929,2182,400,-40
0.3188,1929,2182,400,-40
0.3192,1929,2182,400,-48
0.3196,1929,2182,400,-48
0.3201,1914,2182,400,-48
0.3209,1914,2182,400,-48
0.3213,1914,2182,400,-48
0.3218,1914,2182,400,-48
0.3222,1914,2183,400,-40
0.3226,1914,2183,400,-40
0.3230,1914,2183,400,-40
0.3234,1914,2183,400,-40
0.3238,1914,2183,400,-40
0.3242,1914,2183,400,-40
0.3246,1914,2183,400,-40
0.3250,1914,2183,400,-40
0.3254,1914,2183,400,-40
0.3258,1914,2183,400,-40
0.3262,1914,2183,400,-40
0.3266,1914,2183,400,-40
0.3270,1914,2183,400,-40
0.3274,1914,2184,400,-32
0.3278,1914,2184,400,-32
0.3282,1914,2184,400,-32
0.3286,1914,2184,400,-32
0.3291,1914,2184,400,-40
0.3295,1914,2184,400,-40
0.3299,1914,2184,400,-40
0.3303,1902,2184,250,-40
0.3311,1902,2185,250,-32
0.3315,1902,2185,250,-32
0.3319,1902,2185,250,-32
0.3323,1902,2185,250,-32
0.3327,1902,2185,250,-32
0.3331,1902,2185,250,-32
0.3335,1902,2185,250,-32
0.3339,1902,2185,250,-32
0.3343,1902,2185,250,-32
0.3347,1902,2185,250,-32
0.3351,1902,2186,250,-24
0.3355,1902,2186,250,-24
0.3359,1902,2186,250,-24
0.3363,1902,2186,250,-24
0.3367,1902,2186,250,-24
0.3371,1902,2186,250,0
0.3375,1902,2186,250,0
0.3379,1902,2186,250,0
0.3382,1902,2186,250,0
0.3386,1902,2186,250,0
0.3390,1902,2186,250,0
0.3394,1902,2186,250,0
0.3398,1902,2186,250,0
0.3402,1891,2186,250,0
0.3410,1891,2186,250,0
0.3414,1891,2187,250,24
0.3418,1891,2187,250,24
0.3422,1891,2187,250,24
0.3426,1891,2187,250,24
0.3431,1891,2187,250,24
0.3435,1891,2187,250,24
0.3439,1891,2187,250,24
0.3443,1891,2187,250,24
0.3447,1891,2187,250,24
0.3451,1891,2187,250,24
0.3455,1891,2187,250,24
0.3459,1891,2187,250,24
0.3463,1891,2187,250,24
0.3467,1891,2187,250,24
0.3471,1891,2187,250,24
0.3475,1891,2187,250,24
0.3479,1891,2187,250,24
0.3483,1891,2187,250,32
0.3488,1891,2187,250,32
0.3492,1891,2187,250,32
0.3496,1891,2187,250,32
0.3500,1891,2187,150,32
0.3504,1883,2187,150,32
0.3512,1883,2187,150,32
0.3516,1883,2187,150,32
0.3520,1883,2187,150,32
0.3524,1883,2187,150,32
0.3528,1883,2187,150,32
0.3532,1883,2188,150,32
0.3537,1883,2188,150,32
0.3541,1883,2188,150,32
0.3545,1883,2188,150,32
0.3549,1883,2188,150,32
0.3553,1883,2188,150,32
0.3557,1883,2188,150,32
0.3561,1883,2188,150,32
0.3565,1883,2188,150,32
0.3569,1883,2188,150,32
0.3573,1883,2188,150,32
0.3578,1883,2188,150,32
0.3582,1883,2188,150,32
0.3587,1883,2188,150,32
0.3591,1883,2188,150,32
0.3595,1883,2188,150,32
0.3599,1883,2188,150,32
0.3604,1878,2188,150,32
0.3612,1878,2188,150,40
0.3617,1878,2188,150,40
0.3621,1878,2188,150,40
0.3625,1878,2188,150,40
0.3629,1878,2188,150,40
0.3633,1878,2188,150,40
0.3637,1878,2188,150,40
0.3641,1878,2188,150,40
0.3646,1878,2188,150,40
0.3650,1878,2188,150,40
0.3654,1878,2188,150,40
0.3658,1878,2188,150,40
0.3662,1878,2188,150,48
0.3667,1878,2188,150,48
0.3671,1878,2188,150,48
0.3675,1878,2188,150,48
0.3679,1878,2188,150,40
0.3683,1878,2188,150,40
0.3688,1878,2188,150,40
0.3692,1878,2188,150,40
0.3696,1878,2188,150,40
0.3701,1876,2188,50,40
0.3708,1876,2188,50,40
0.3712,1876,2188,50,48
0.3717,1876,2188,50,48
0.3721,1876,2188,50,48
0.3725,1876,2188,50,48
0.3729,1876,2188,50,48
0.3733,1876,2188,50,48
0.3738,1876,2188,50,48
0.3742,1876,2188,50,48
0.3746,1876,2188,50,48
0.3751,1876,2188,50,56
0.3755,1876,2188,50,56
0.3759,1876,2188,50,56
0.3763,1876,2188,50,56
0.3768,1876,2188,50,56
0.3772,1876,2188,50,56
0.3776,1876,2188,50,56
0.3781,1876,2188,50,56
0.3785,1876,2188,50,56
0.3789,1876,2188,50,64
0.3793,1876,2188,50,64
0.3798,1876,2188,50,64
0.3802,1876,2188,50,64
0.3810,1876,2188,50,64
0.3814,1876,2188,50,64
0.3819,1876,2188,50,72
0.3823,1876,2188,50,72
0.3827,1876,2188,50,72
0.3831,1876,2188,50,72
0.3836,1876,2188,50,72
0.3840,1876,2188,50,72
0.3844,1876,2188,50,72
0.3849,1876,2188,50,80
0.3853,1876,2188,50,80
0.3857,1876,2188,50,80
0.3861,1876,2188,50,80
0.3866,1876,2188,50,80
0.3870,1876,2188,50,80
0.3874,1876,2188,50,80
0.3878,1876,2188,50,92
0.3883,1876,2188,50,92
0.3887,1876,2188,50,92
0.3891,1876,2188,50,100
0.3895,1876,2188,50,100
0.3900,1876,2188,0,100
0.3904,1879,2188,0,100
0.3912,1879,2188,0,100
0.3917,1879,2188,0,100
0.3921,1879,2188,0,108
0.3925,1879,2188,0,108
0.3929,1879,2188,0,108
0.3934,1879,2188,0,108
0.3938,1879,2188,0,108
0.3942,1879,2188,0,108
0.3946,1879,2188,0,108
0.3951,1879,2188,0,116
0.3955,1879,2188,0,116
0.3959,1879,2188,0,116
0.3963,1879,2188,0,116
0.3968,1879,2188,0,124
0.3972,1879,2188,0,124
0.3976,1879,2188,0,124
0.3981,1879,2188,0,124
0.3985,1879,2188,0,124
0.3989,1879,2188,0,124
0.3994,1879,2188,0,124
0.3998,1879,2188,0,132
0.4002,1884,2188,0,132
0.4011,1884,2188,0,132
0.4015,1884,2188,0,132
0.4019,1884,2188,0,132
0.4024,1884,2188,0,132
0.4028,1884,2187,0,132
0.4032,1884,2187,0,132
0.4037,1884,2187,0,132
0.4041,1884,2187,0,132
0.4045,1884,2187,0,132
0.4050,1884,2187,0,140
0.4054,1884,2187,0,140
0.4058,1884,2187,0,140
0.4062,1884,2187,0,140
0.4066,1884,2187,0,140
0.4071,1884,2186,0,132
0.4075,1884,2186,0,132
0.4079,1884,2186,0,144
0.4084,1884,2186,0,144
0.4089,1884,2186,0,144
0.4093,1884,2186,0,144
0.4098,1884,2185,-150,144
0.4103,1892,2185,-150,144
0.4111,1892,2185,-150,144
0.4115,1892,2185,-150,144
0.4119,1892,2185,-150,152
0.4123,1892,2185,-150,152
0.4128,1892,2184,-150,144
0.4132,1892,2184,-150,144
0.4136,1892,2184,-150,144
0.4141,1892,2184,-150,152
0.4145,1892,2184,-150,152
0.4149,1892,2184,-150,152
0.4154,1892,2184,-150,152
0.4158,1892,2184,-150,152
0.4162,1892,2184,-150,152
0.4167,1892,2184,-150,152
0.4171,1892,2183,-150,152
0.4175,1892,2183,-150,152
0.4180,1892,2183,-150,152
0.4184,1892,2183,-150,152
0.4188,1892,2182,-150,152
0.4192,1892,2182,-150,152
0.4196,1892,2182,-150,152
0.4201,1902,2182,-150,152
0.4209,1902,2182,-150,160
0.4213,1902,2182,-150,160
0.4217,1902,2181,-150,152
0.4221,1902,2181,-150,152
0.4225,1902,2181,-150,152
0.4229,1902,2181,-150,160
0.4234,1902,2181,-150,160
0.4238,1902,2180,-150,152
0.4242,1902,2180,-150,152
0.4247,1902,2180,-150,160
0.4251,1902,2180,-150,160
0.4255,1902,2180,-150,160
0.4259,1902,2180,-150,160
0.4263,1902,2180,-150,160
0.4268,1902,2179,-150,160
0.4272,1902,2179,-150,160
0.4277,1902,2179,-150,144
0.4281,1902,2179,-150,144
0.4285,1902,2179,-150,144
0.4289,1902,2178,-150,144
0.4293,1902,2178,-150,144
0.4298,1902,2178,-350,144
0.4302,1915,2178,-350,144
0.4310,1915,2177,-350,144
0.4314,1915,2177,-350,144
0.4319,1915,2177,-350,144
0.4323,1915,2177,-350,144
0.4327,1915,2176,-350,144
0.4331,1915,2176,-350,144
0.4335,1915,2176,-350,144
0.4340,1915,2176,-350,152
0.4344,1915,2176,-350,152
0.4348,1915,2176,-350,152
0.4352,1915,2176,-350,152
0.4356,1915,2175,-350,152
0.4361,1915,2175,-350,152
0.4365,1915,2175,-350,152
0.4369,1915,2175,-350,152
0.4373,1915,2175,-350,152
0.4377,1915,2174,-350,152
0.4381,1915,2174,-350,152
0.4386,1915,2174,-350,152
0.4390,1915,2174,-350,152
0.4394,1915,2174,-350,152
0.4398,1915,2173,-350,152
0.4402,1930,2173,-350,152
0.4410,1930,2173,-350,160
0.4414,1930,2173,-350,160
0.4418,1930,2173,-350,160
0.4422,1930,2173,-350,160
0.4427,1930,2172,-350,160
0.4431,1930,2172,-350,160
0.4434,1930,2172,-350,160
0.4438,1930,2172,-350,160
0.4442,1930,2172,-350,160
0.4447,1930,2171,-350,160
0.4451,1930,2171,-350,160
0.4455,1930,2171,-350,160
0.4459,1930,2171,-350,168
0.4464,1930,2171,-350,168
0.4468,1930,2170,-350,160
0.4472,1930,2170,-350,160
0.4476,1930,2170,-350,172
0.4480,1930,2170,-350,172
0.4485,1930,2170,-350,172
0.4489,1930,2169,-350,164
0.4493,1930,2169,-350,164
0.4497,1930,2169,-450,172
0.4501,1946,2169,-450,172
0.4509,1946,2169,-450,180
0.4513,1946,2169,-450,180
0.4518,1946,2168,-450,172
0.4522,1946,2168,-450,172
0.4526,1946,2167,-450,172
0.4531,1946,2167,-450,172
0.4535,1946,2167,-450,180
0.4540,1946,2167,-450,180
0.4544,1946,2167,-450,180
0.4548,1946,2166,-450,172
0.4552,1946,2166,-450,172
0.4557,1946,2166,-450,180
0.4561,1946,2166,-450,180
0.4565,1946,2166,-450,180
0.4569,1946,2165,-450,180
0.4573,1946,2165,-450,180
0.4578,1946,2165,-450,180
0.4582,1946,2165,-450,180
0.4586,1946,2164,-450,180
0.4591,1946,2164,-450,180
0.4595,1946,2164,-450,180
0.4599,1946,2163,-450,180
0.4603,1964,2163,-450,180
0.4611,1964,2163,-450,180
0.4615,1964,2163,-450,188
0.4619,1964,2163,-450,188
0.4623,1964,2163,-450,188
0.4628,1964,2162,-450,188
0.4632,1964,2162,-450,188
0.4637,1964,2162,-450,188
0.4641,1964,2162,-450,188
0.4645,1964,2162,-450,188
0.4649,1964,2161,-450,188
0.4653,1964,2161,-450,188
0.4657,1964,2160,-450,188
0.4661,1964,2160,-450,188
0.4665,1964,2160,-450,196
0.4669,1964,2160,-450,196
0.4673,1964,2160,-450,196
0.4678,1964,2159,-450,184
0.4682,1964,2159,-450,184
0.4686,1964,2159,-450,192
0.4691,1964,2159,-450,192
0.4695,1964,2158,-550,192
0.4699,1964,2158,-550,192
0.4703,1984,2158,-550,192
0.4711,1984,2158,-550,192
0.4715,1984,2157,-550,192
0.4719,1984,2157,-550,192
0.4723,1984,2157,-550,192
0.4728,1984,2156,-550,192
0.4732,1984,2156,-550,192
0.4736,1984,2156,-550,200
0.4741,1984,2156,-550,200
0.4745,1984,2156,-550,200
0.4749,1984,2156,-550,200
0.4753,1984,2156,-550,200
0.4758,1984,2155,-550,200
0.4762,1984,2155,-550,200
0.4766,1984,2154,-550,200
0.4771,1984,2154,-550,200
0.4775,1984,2154,-550,208
0.4779,1984,2154,-550,208
0.4783,1984,2154,-550,208
0.4788,1984,2153,-550,208
0.4792,1984,2153,-550,208
0.4797,1984,2152,-550,200
0.4801,2004,2152,-550,208
0.4809,2004,2152,-550,208
0.4813,2004,2152,-550,208
0.4818,2004,2151,-550,208
0.4822,2004,2151,-550,208
0.4826,2004,2150,-550,208
0.4831,2004,2150,-550,208
0.4835,2004,2150,-550,208
0.4839,2004,2150,-550,208
0.4843,2004,2150,-550,208
0.4848,2004,2149,-550,208
0.4852,2004,2149,-550,208
0.4856,2004,2149,-550,216
0.4861,2004,2149,-550,216
0.4865,2004,2148,-550,216
0.4869,2004,2148,-550,216
0.4873,2004,2148,-550,216
0.4877,2004,2147,-550,224
0.4881,2004,2147,-550,224
0.4885,2004,2147,-550,232
0.4889,2004,2147,-550,232
0.4894,2004,2147,-550,232
0.4898,2004,2146,-600,224
0.4902,2025,2145,-600,224
0.4910,2025,2145,-600,224
0.4914,2025,2145,-600,232
0.4918,2025,2145,-600,232
0.4922,2025,2145,-600,232
0.4926,2025,2144,-600,232
0.4931,2025,2144,-600,232
0.4935,2025,2143,-600,232
0.4939,2025,2143,-600,232
0.4943,2025,2143,-600,232
0.4947,2025,2142,-600,232
0.4951,2025,2142,-600,232
0.4955,2025,2142,-600,232
0.4959,2025,2142,-600,232
0.4963,2025,2142,-600,232
0.4968,2025,2141,-600,232
0.4972,2025,2141,-600,232
0.4976,2025,2141,-600,240
0.4981,2025,2141,-600,240
0.4985,2025,2140,-600,240
0.4989,2025,2140,-600,240
0.4993,2025,2140,-600,240
0.4997,2025,2139,-600,240
0.5001,2046,2138,-600,240
0.5009,2046,2138,-600,240
0.5013,2046,2138,-600,240
0.5017,2046,2137,-600,240
0.5021,2046,2137,-600,240
0.5025,2046,2137,-600,248
0.5029,2046,2137,-600,248
0.5033,2046,2136,-600,240
0.5038,2046,2136,-600,240
0.5042,2046,2136,-600,240
0.5046,2046,2135,-600,240
0.5051,2046,2135,-600,240
0.5055,2046,2134,-600,240
0.5059,2046,2134,-600,240
0.5063,2046,2134,-600,240
0.5067,2046,2134,-600,248
0.5071,2046,2134,-600,248
0.5075,2046,2133,-600,244
0.5079,2046,2133,-600,244
0.5083,2046,2132,-600,244
0.5088,2046,2132,-600,244
0.5092,2046,2132,-600,244
0.5096,2046,2132,-700,252
0.5101,2068,2131,-700,244
0.5108,2068,2131,-700,244
0.5112,2068,2131,-700,244
0.5116,2068,2130,-700,244
0.5121,2068,2130,-700,244
0.5124,2068,2129,-700,244
0.5129,2068,2129,-700,244
0.5133,2068,2129,-700,244
0.5137,2068,2128,-700,244
0.5141,2068,2128,-700,244
0.5145,2068,2128,-700,252
0.5149,2068,2128,-700,252
0.5153,2068,2127,-700,244
0.5157,2068,2127,-700,244
0.5161,2068,2127,-700,244
0.5165,2068,2126,-700,244
0.5169,2068,2126,-700,244
0.5173,2068,2125,-700,244
0.5178,2068,2125,-700,244
0.5182,2068,2125,-700,244
0.5186,2068,2125,-700,252
0.5190,2068,2125,-700,252
0.5195,2068,2124,-700,252
0.5199,2068,2124,-700,252
0.5203,2089,2123,-700,244
0.5211,2089,2123,-700,244
0.5215,2089,2122,-700,244
0.5219,2089,2122,-700,244
0.5223,2089,2122,-700,252
0.5227,2089,2122,-700,252
0.5231,2089,2122,-700,252
0.5235,2089,2121,-700,252
0.5239,2089,2121,-700,252
0.5243,2089,2120,-700,252
0.5248,2089,2120,-700,252
0.5252,2089,2120,-700,252
0.5256,2089,2119,-700,244
0.5260,2089,2119,-700,244
0.5264,2089,2118,-700,244
0.5268,2089,2118,-700,244
0.5272,2089,2117,-700,232
0.5276,2089,2117,-700,232
0.5281,2089,2117,-700,232
0.5285,2089,2117,-700,240
0.5289,2089,2117,-700,240
0.5293,2089,2116,-800,232
0.5296,2089,2116,-800,232
0.5301,2109,2115,-800,232
0.5308,2109,2115,-800,232
0.5312,2109,2115,-800,232
0.5316,2109,2114,-800,232
0.5320,2109,2114,-800,232
0.5324,2109,2113,-800,224
0.5328,2109,2113,-800,224
0.5332,2109,2113,-800,232
0.5336,2109,2113,-800,232
0.5341,2109,2113,-800,232
0.5345,2109,2112,-800,232
0.5349,2109,2112,-800,232
0.5353,2109,2111,-800,232
0.5357,2109,2111,-800,232
0.5360,2109,2111,-800,232
0.5364,2109,2110,-800,224
0.5368,2109,2110,-800,224
0.5371,2109,2110,-800,224
0.5375,2109,2109,-800,224
0.5379,2109,2109,-800,224
0.5383,2109,2108,-800,224
0.5387,2109,2108,-800,224
0.5391,2109,2108,-800,224
0.5395,2109,2107,-800,216
0.5398,2109,2107,-800,216
0.5402,2129,2107,-800,224
0.5409,2129,2107,-800,224
0.5413,2129,2106,-800,224
0.5417,2129,2106,-800,224
0.5421,2129,2106,-800,224
0.5425,2129,2105,-800,216
0.5429,2129,2105,-800,216
0.5433,2129,2104,-800,216
0.5438,2129,2104,-800,216
0.5442,2129,2104,-800,224
0.5446,2129,2104,-800,224
0.5450,2129,2104,-800,224
0.5454,2129,2103,-800,216
0.5458,2129,2103,-800,216
0.5462,2129,2102,-800,216
0.5466,2129,2102,-800,216
0.5471,2129,2102,-800,216
0.5475,2129,2101,-800,208
0.5479,2129,2101,-800,208
0.5483,2129,2100,-800,200
0.5487,2129,2100,-800,200
0.5491,2129,2100,-800,200
0.5495,2129,2100,-800,208
0.5499,2129,2100,-800,208
0.5503,2147,2099,-800,208
0.5511,2147,2099,-800,208
0.5515,2147,2098,-800,200
0.5519,2147,2098,-800,200
0.5523,2147,2097,-800,200
0.5527,2147,2097,-800,200
0.5531,2147,2096,-800,200
0.5535,2147,2096,-800,200
0.5539,2147,2096,-800,200
0.5544,2147,2095,-800,192
0.5548,2147,2095,-800,192
0.5553,2147,2095,-800,200
0.5557,2147,2095,-800,200
0.5561,2147,2095,-800,200
0.5565,2147,2094,-800,192
0.5569,2147,2094,-800,192
0.5573,2147,2093,-800,192
0.5577,2147,2093,-800,192
0.5581,2147,2093,-800,200
0.5585,2147,2093,-800,200
0.5590,2147,2093,-800,200
0.5594,2147,2092,-800,192
0.5598,2147,2092,-800,192
0.5602,2163,2091,-800,192
0.5610,2163,2091,-800,192
0.5614,2163,2090,-800,184
0.5618,2163,2090,-800,184
0.5622,2163,2089,-800,184
0.5626,2163,2089,-800,184
0.5631,2163,2089,-800,184
0.5635,2163,2089,-800,184
0.5639,2163,2089,-800,184
0.5643,2163,2088,-800,184
0.5647,2163,2088,-800,184
0.5651,2163,2087,-800,184
0.5655,2163,2087,-800,184
0.5659,2163,2087,-800,184
0.5663,2163,2086,-800,176
0.5668,2163,2086,-800,176
0.5672,2163,2086,-800,180
0.5677,2163,2086,-800,180
0.5681,2163,2085,-800,172
0.5685,2163,2085,-800,172
0.5689,2163,2085,-800,172
0.5693,2163,2084,-800,172
0.5697,2163,2084,-800,172
0.5701,2178,2083,-800,164
0.5710,2178,2083,-800,164
0.5714,2178,2083,-800,172
0.5718,2178,2083,-800,172
0.5722,2178,2082,-800,164
0.5726,2178,2082,-800,164
0.5730,2178,2082,-800,164
0.5734,2178,2081,-800,164
0.5738,2178,2081,-800,164
0.5742,2178,2080,-800,156
0.5747,2178,2080,-800,156
0.5751,2178,2080,-800,164
0.5755,2178,2080,-800,164
0.5759,2178,2080,-800,164
0.5763,2178,2079,-800,156
0.5768,2178,2079,-800,156
0.5772,2178,2078,-800,156
0.5776,2178,2078,-800,156
0.5781,2178,2078,-800,156
0.5785,2178,2078,-800,156
0.5789,2178,2078,-800,156
0.5793,2178,2077,-800,156
0.5798,2178,2077,-800,156
0.5802,2190,2077,-800,156
0.5810,2190,2076,-800,156
0.5814,2190,2076,-800,156
0.5818,2190,2076,-800,156
0.5822,2190,2075,-800,148
0.5827,2190,2075,-800,148
0.5831,2190,2074,-800,148
0.5835,2190,2074,-800,148
0.5840,2190,2074,-800,148
0.5844,2190,2074,-800,148
0.5848,2190,2074,-800,148
0.5852,2190,2073,-800,148
0.5856,2190,2073,-800,148
0.5861,2190,2072,-800,140
0.5865,2190,2072,-800,140
0.5869,2190,2072,-800,140
0.5873,2190,2072,-800,144
0.5878,2190,2072,-800,144
0.5882,2190,2071,-800,136
0.5886,2190,2071,-800,136
0.5891,2190,2071,-650,144
0.5895,2190,2071,-650,144
0.5899,2190,2071,-650,144
0.5903,2201,2070,-650,136
0.5911,2201,2069,-650,128
0.5915,2201,2069,-650,128
0.5920,2201,2069,-650,128
0.5923,2201,2069,-650,136
0.5928,2201,2069,-650,136
0.5932,2201,2068,-650,128
0.5936,2201,2068,-650,128
0.5940,2201,2067,-650,128
0.5944,2201,2067,-650,128
0.5948,2201,2067,-650,128
0.5952,2201,2067,-650,128
0.5957,2201,2067,-650,128
0.5961,2201,2066,-650,120
0.5965,2201,2066,-650,120
0.5969,2201,2066,-650,128
0.5974,2201,2066,-650,128
0.5978,2201,2066,-650,128
0.5982,2201,2065,-650,120
0.5986,2201,2065,-650,120
0.5991,2201,2064,-650,120
0.5995,2201,2064,-650,120
0.5999,2201,2064,-650,120
0.6003,2209,2064,-650,120
0.6011,2209,2063,-650,112
0.6015,2209,2063,-650,112
0.6019,2209,2063,-650,120
0.6023,2209,2063,-650,120
0.6028,2209,2063,-650,120
0.6032,2209,2062,-650,112
0.6036,2209,2062,-650,112
0.6041,2209,2062,-650,120
0.6045,2209,2062,-650,120
0.6049,2209,2062,-650,120
0.6053,2209,2061,-650,112
0.6057,2209,2061,-650,112
0.6061,2209,2060,-650,104
0.6065,2209,2060,-650,104
0.6069,2209,2060,-650,104
0.6073,2209,2060,-650,112
0.6077,2209,2060,-650,112
0.6081,2209,2060,-650,112
0.6085,2209,2060,-650,112
0.6089,2209,2059,-600,104
0.6093,2209,2059,-600,104
0.6098,2209,2059,-600,104
0.6102,2214,2058,-600,104
0.6110,2214,2058,-600,104
0.6114,2214,2058,-600,104
0.6118,2214,2058,-600,104
0.6122,2214,2057,-600,96
0.6126,2214,2057,-600,96
0.6131,2214,2057,-600,104
0.6134,2214,2057,-600,104
0.6138,2214,2057,-600,104
0.6142,2214,2056,-600,96
0.6147,2214,2056,-600,96
0.6151,2214,2056,-600,96
0.6155,2214,2056,-600,96
0.6160,2214,2055,-600,96
0.6164,2214,2055,-600,96
0.6168,2214,2055,-600,96
0.6173,2214,2055,-600,96
0.6177,2214,2055,-600,96
0.6181,2214,2055,-600,96
0.6185,2214,2055,-600,96
0.6189,2214,2054,-600,88
0.6193,2214,2054,-600,88
0.6198,2214,2054,-600,88
0.6203,2216,2054,-600,96
0.6211,2216,2053,-600,88
0.6215,2216,2053,-600,88
0.6219,2216,2053,-600,88
0.6223,2216,2053,-600,88
0.6227,2216,2053,-600,88
0.6231,2216,2052,-600,88
0.6235,2216,2052,-600,88
0.6239,2216,2052,-600,88
0.6244,2216,2052,-600,88
0.6248,2216,2052,-600,88
0.6252,2216,2051,-600,80
0.6256,2216,2051,-600,80
0.6261,2216,2051,-600,80
0.6265,2216,2051,-600,80
0.6269,2216,2051,-600,92
0.6273,2216,2051,-600,92
0.6278,2216,2050,-600,84
0.6282,2216,2050,-600,84
0.6286,2216,2050,-600,84
0.6291,2216,2050,-450,84
0.6295,2216,2050,-450,84
0.6299,2216,2049,-450,76
0.6303,2216,2049,-450,76
0.6311,2216,2049,-450,84
0.6315,2216,2049,-450,84
0.6319,2216,2049,-450,84
0.6323,2216,2049,-450,84
0.6328,2216,2048,-450,76
0.6332,2216,2048,-450,76
0.6336,2216,2048,-450,76
0.6341,2216,2048,-450,76
0.6345,2216,2048,-450,76
0.6349,2216,2048,-450,76
0.6353,2216,2048,-450,76
0.6358,2216,2047,-450,76
0.6362,2216,2047,-450,76
0.6366,2216,2047,-450,76
0.6370,2216,2047,-450,76
0.6374,2216,2047,-450,76
0.6378,2216,2046,-450,68
0.6382,2216,2046,-450,68
0.6386,2216,2046,-450,68
0.6391,2216,2046,-450,68
0.6395,2216,2046,-450,68
0.6399,2216,2045,-450,60
0.6403,2214,2045,-450,60
0.6410,2214,2045,-450,68
0.6415,2214,2045,-450,68
0.6419,2214,2045,-450,68
0.6423,2214,2045,-450,68
0.6428,2214,2044,-450,60
0.6432,2214,2044,-450,60
0.6436,2214,2044,-450,60
0.6441,2214,2044,-450,60
0.6445,2214,2044,-450,60
0.6449,2214,2044,-450,60
0.6452,2214,2044,-450,60
0.6457,2214,2044,-450,60
0.6461,2214,2043,-450,52
0.6465,2214,2043,-450,52
0.6469,2214,2043,-450,56
0.6474,2214,2043,-450,56
0.6478,2214,2043,-450,56
0.6482,2214,2043,-450,56
0.6486,2214,2043,-450,56
0.6490,2214,2042,-400,48
0.6494,2214,2042,-400,48
0.6498,2214,2042,-400,48
0.6501,2208,2042,-400,48
0.6509,2208,2042,-400,48
0.6513,2208,2042,-400,48
0.6518,2208,2042,-400,48
0.6522,2208,2042,-400,48
0.6526,2208,2042,-400,48
0.6531,2208,2041,-400,40
0.6535,2208,2041,-400,40
0.6539,2208,2041,-400,40
0.6543,2208,2041,-400,40
0.6547,2208,2041,-400,48
0.6551,2208,2041,-400,48
0.6555,2208,2041,-400,48
0.6559,2208,2040,-400,40
0.6563,2208,2040,-400,40
0.6568,2208,2040,-400,40
0.6572,2208,2040,-400,40
0.6576,2208,2040,-400,40
0.6581,2208,2040,-400,40
0.6584,2208,2040,-400,40
0.6588,2208,2040,-400,40
0.6593,2208,2040,-400,40
0.6597,2208,2040,-400,40
0.6601,2200,2040,-400,40
0.6608,2200,2039,-400,32
0.6612,2200,2039,-400,32
0.6616,2200,2039,-400,32
0.6621,2200,2039,-400,32
0.6625,2200,2039,-400,32
0.6629,2200,2039,-400,32
0.6633,2200,2039,-400,32
0.6637,2200,2038,-400,24
0.6641,2200,2038,-400,24
0.6645,2200,2038,-400,24
0.6649,2200,2038,-400,24
0.6653,2200,2038,-400,24
0.6658,2200,2038,-400,24
0.6662,2200,2038,-400,24
0.6666,2200,2038,-400,24
0.6671,2200,2038,-400,24
0.6675,2200,2038,-400,24
0.6679,2200,2038,-400,24
0.6683,2200,2038,-400,24
0.6687,2200,2037,-250,0
0.6691,2200,2037,-250,0
0.6695,2200,2037,-250,0
0.6699,2200,2037,-250,0
0.6704,2190,2037,-250,0
0.6711,2190,2037,-250,0
0.6715,2190,2037,-250,0
0.6719,2190,2037,-250,0
0.6723,2190,2037,-250,0
0.6728,2190,2036,-250,-24
0.6732,2190,2036,-250,-24
0.6735,2190,2036,-250,-24
0.6740,2190,2036,-250,-24
0.6746,2190,2036,-250,-24
0.6750,2190,2036,-250,-24
0.6754,2190,2036,-250,-24
0.6758,2190,2036,-250,-24
0.6762,2190,2036,-250,-24
0.6766,2190,2036,-250,-24
0.6770,2190,2036,-250,-24
0.6775,2190,2036,-250,-24
0.6778,2190,2036,-250,-24
0.6782,2190,2036,-250,-24
0.6786,2190,2036,-250,-24
0.6789,2190,2036,-250,-32
0.6793,2190,2036,-250,-32
0.6797,2190,2036,-250,-32
0.6800,2177,2036,-250,-32
0.6808,2177,2036,-250,-32
0.6811,2177,2036,-250,-32
0.6815,2177,2036,-250,-32
0.6819,2177,2036,-250,-32
0.6822,2177,2036,-250,-32
0.6826,2177,2036,-250,-32
0.6829,2177,2036,-250,-32
0.6833,2177,2036,-250,-32
0.6837,2177,2035,-250,-32
0.6840,2177,2035,-250,-32
0.6844,2177,2035,-250,-32
0.6848,2177,2035,-250,-32
0.6851,2177,2035,-250,-32
0.6855,2177,2035,-250,-32
0.6858,2177,2035,-250,-32
0.6862,2177,2035,-250,-32
0.6865,2177,2035,-250,-32
0.6869,2177,2035,-250,-28
0.6872,2177,2035,-250,-28
0.6876,2177,2035,-250,-28
0.6879,2177,2035,-250,-28
0.6883,2177,2035,-250,-28
0.6886,2177,2035,-100,-28
0.6890,2177,2035,-100,-28
0.6894,2177,2035,-100,-28
0.6898,2177,2035,-100,-28
0.6901,2163,2035,-100,-28
0.6908,2163,2035,-100,-28
0.6911,2163,2035,-100,-28
0.6915,2163,2035,-100,-28
0.6918,2163,2035,-100,-28
0.6922,2163,2035,-100,-28
0.6925,2163,2035,-100,-36
0.6929,2163,2035,-100,-36
0.6933,2163,2035,-100,-36
0.6936,2163,2035,-100,-36
0.6940,2163,2035,-100,-36
0.6943,2163,2035,-100,-36
0.6948,2163,2035,-100,-36
0.6951,2163,2035,-100,-36
0.6955,2163,2035,-100,-36
0.6958,2163,2035,-100,-36
0.6962,2163,2035,-100,-36
0.6966,2163,2035,-100,-36
0.6969,2163,2035,-100,-36
0.6973,2163,2035,-100,-36
0.6976,2163,2035,-100,-36
0.6980,2163,2035,-100,-36
0.6984,2163,2035,-100,-36
0.6988,2163,2035,-100,-44
0.6991,2163,2035,-100,-44
0.6995,2163,2035,-100,-44
0.6998,2163,2035,-100,-44
0.7002,2146,2035,-100,-44
0.7008,2146,2035,-100,-44
0.7012,2146,2035,-100,-44
0.7015,2146,2035,-100,-44
0.7019,2146,2035,-100,-44
0.7023,2146,2035,-100,-44
0.7026,2146,2035,-100,-52
0.7030,2146,2035,-100,-52
0.7033,2146,2035,-100,-52
0.7037,2146,2035,-100,-52
0.7040,2146,2035,-100,-52
0.7044,2146,2035,-100,-52
0.7048,2146,2035,-100,-52
0.7051,2146,2035,-100,-52
0.7055,2146,2035,-100,-52
0.7058,2146,2035,-100,-52
0.7062,2146,2035,-100,-52
0.7065,2146,2035,-100,-52
0.7069,2146,2035,-100,-52
0.7072,2146,2035,-100,-52
0.7076,2146,2035,-100,-60
0.7080,2146,2035,-100,-60
0.7083,2146,2035,-100,-60
0.7087,2146,2035,0,-60
0.7090,2146,2035,0,-60
0.7094,2146,2035,0,-60
0.7098,2146,2035,0,-60
0.7101,2128,2035,0,-60
0.7108,2128,2035,0,-68
0.7112,2128,2035,0,-68
0.7116,2128,2035,0,-68
0.7119,2128,2035,0,-68
0.7123,2128,2035,0,-68
0.7126,2128,2035,0,-68
0.7130,2128,2035,0,-68
0.7134,2128,2035,0,-68
0.7138,2128,2035,0,-68
0.7141,2128,2035,0,-68
0.7145,2128,2035,0,-76
0.7148,2128,2035,0,-76
0.7152,2128,2035,0,-76
0.7156,2128,2035,0,-76
0.7159,2128,2035,0,-76
0.7163,2128,2035,0,-76
0.7167,2128,2035,0,-76
0.7170,2128,2035,0,-76
0.7174,2128,2035,0,-76
0.7178,2128,2035,0,-84
0.7181,2128,2035,0,-84
0.7185,2128,2035,0,-84
0.7188,2128,2035,0,-84
0.7192,2128,2035,0,-84
0.7196,2128,2035,0,-84
0.7199,2128,2035,0,-84
0.7203,2108,2035,0,-84
0.7210,2108,2035,0,-84
0.7214,2108,2035,0,-92
0.7218,2108,2035,0,-92
0.7222,2108,2035,0,-92
0.7226,2108,2035,0,-92
0.7230,2108,2035,0,-92
0.7234,2108,2035,0,-92
0.7238,2108,2035,0,-92
0.7242,2108,2035,0,-92
0.7246,2108,2035,0,-100
0.7249,2108,2035,0,-100
0.7253,2108,2035,0,-100
0.7258,2108,2035,0,-100
0.7262,2108,2035,0,-100
0.7266,2108,2035,0,-112
0.7270,2108,2035,0,-112
0.7273,2108,2035,0,-112
0.7278,2108,2036,0,-112
0.7282,2108,2036,0,-112
0.7286,2108,2036,50,-112
0.7290,2108,2036,50,-112
0.7294,2108,2036,50,-112
0.7298,2108,2036,50,-112
0.7302,2088,2036,50,-120
0.7309,2088,2036,50,-120
0.7313,2088,2036,50,-120
0.7318,2088,2037,50,-112
0.7322,2088,2037,50,-112
0.7326,2088,2037,50,-120
0.7329,2088,2037,50,-120
0.7333,2088,2037,50,-120
0.7338,2088,2037,50,-120
0.7342,2088,2037,50,-120
0.7346,2088,2037,50,-120
0.7350,2088,2037,50,-120
0.7354,2088,2038,50,-120
0.7358,2088,2038,50,-120
0.7362,2088,2038,50,-120
0.7366,2088,2038,50,-120
0.7370,2088,2038,50,-120
0.7374,2088,2038,50,-128
0.7378,2088,2038,50,-128
0.7382,2088,2038,50,-128
0.7386,2088,2039,50,-120
0.7390,2088,2039,50,-120
0.7394,2088,2039,50,-120
0.7398,2088,2039,50,-120
0.7402,2067,2039,50,-128
0.7409,2067,2039,50,-128
0.7413,2067,2039,50,-128
0.7418,2067,2039,50,-128
0.7422,2067,2039,50,-128
0.7426,2067,2039,50,-136
0.7431,2067,2039,50,-136
0.7435,2067,2040,50,-128
0.7438,2067,2040,50,-128
0.7442,2067,2040,50,-128
0.7446,2067,2040,50,-128
0.7450,2067,2040,50,-128
0.7454,2067,2041,50,-128
0.7458,2067,2041,50,-128
0.7462,2067,2041,50,-128
0.7466,2067,2041,50,-112
0.7470,2067,2041,50,-112
0.7473,2067,2041,50,-120
0.7478,2067,2041,50,-120
0.7481,2067,2041,50,-120
0.7485,2067,2041,250,-120
0.7489,2067,2041,250,-120
0.7493,2067,2041,250,-120
0.7496,2067,2042,250,-112
0.7500,2067,2042,250,-112
0.7503,2045,2042,250,-120
0.7510,2045,2042,250,-120
0.7514,2045,2042,250,-120
0.7518,2045,2042,250,-120
0.7521,2045,2042,250,-120
0.7525,2045,2043,250,-112
0.7528,2045,2043,250,-112
0.7532,2045,2043,250,-112
0.7535,2045,2043,250,-120
0.7539,2045,2043,250,-120
0.7543,2045,2043,250,-120
0.7547,2045,2043,250,-120
0.7551,2045,2043,250,-120
0.7555,2045,2044,250,-112
0.7559,2045,2044,250,-112
0.7563,2045,2044,250,-120
0.7567,2045,2044,250,-120
0.7571,2045,2044,250,-120
0.7574,2045,2044,250,-120
0.7578,2045,2044,250,-120
0.7582,2045,2044,250,-120
0.7586,2045,2045,250,-112
0.7590,2045,2045,250,-112
0.7593,2045,2045,250,-120
0.7598,2045,2045,250,-120
0.7602,2024,2046,250,-112
0.7609,2024,2046,250,-112
0.7613,2024,2046,250,-112
0.7617,2024,2046,250,-112
0.7620,2024,2046,250,-112
0.7624,2024,2046,250,-120
0.7628,2024,2046,250,-120
0.7631,2024,2046,250,-120
0.7635,2024,2047,250,-112
0.7639,2024,2047,250,-112
0.7643,2024,2047,250,-112
0.7647,2024,2047,250,-112
0.7651,2024,2047,250,-112
0.7654,2024,2047,250,-120
0.7658,2024,2047,250,-120
0.7662,2024,2048,250,-104
0.7666,2024,2048,250,-104
0.7671,2024,2048,250,-104
0.7675,2024,2048,250,-104
0.7679,2024,2048,250,-104
0.7683,2024,2048,350,-104
0.7687,2024,2048,350,-104
0.7691,2024,2048,350,-104
0.7695,2024,2049,350,-104
0.7699,2024,2049,350,-104
0.7703,2003,2049,350,-104
0.7711,2003,2049,350,-104
0.7715,2003,2050,350,-96
0.7719,2003,2050,350,-96
0.7723,2003,2050,350,-96
0.7728,2003,2050,350,-96
0.7732,2003,2050,350,-104
0.7736,2003,2050,350,-104
0.7741,2003,2050,350,-104
0.7745,2003,2051,350,-96
0.7749,2003,2051,350,-96
0.7753,2003,2051,350,-96
0.7757,2003,2051,350,-96
0.7761,2003,2051,350,-96
0.7765,2003,2052,350,-88
0.7769,2003,2052,350,-88
0.7773,2003,2052,350,-96
0.7777,2003,2052,350,-96
0.7781,2003,2052,350,-96
0.7785,2003,2052,350,-96
0.7789,2003,2052,350,-96
0.7793,2003,2053,350,-88
0.7798,2003,2053,350,-88
0.7802,1983,2053,350,-88
0.7809,1983,2053,350,-88
0.7813,1983,2053,350,-88
0.7818,1983,2053,350,-88
0.7822,1983,2054,350,-88
0.7826,1983,2054,350,-88
0.7830,1983,2054,350,-88
0.7834,1983,2054,350,-88
0.7838,1983,2054,350,-88
0.7842,1983,2054,350,-88
0.7846,1983,2054,350,-88
0.7850,1983,2054,350,-88
0.7854,1983,2055,350,-80
0.7858,1983,2055,350,-80
0.7862,1983,2055,350,-68
0.7866,1983,2055,350,-68
0.7870,1983,2055,350,-68
0.7874,1983,2055,350,-76
0.7878,1983,2055,350,-76
0.7882,1983,2056,400,-68
0.7885,1983,2056,400,-68
0.7889,1983,2056,400,-68
0.7893,1983,2056,400,-68
0.7898,1983,2056,400,-68
0.7902,1963,2057,400,-60
0.7909,1963,2057,400,-60
0.7913,1963,2057,400,-60
0.7918,1963,2057,400,-60
0.7922,1963,2057,400,-60
0.7926,1963,2057,400,-60
0.7930,1963,2057,400,-60
0.7934,1963,2058,400,-60
0.7938,1963,2058,400,-60
0.7942,1963,2058,400,-60
0.7946,1963,2058,400,-60
0.7949,1963,2058,400,-60
0.7953,1963,2058,400,-60
0.7958,1963,2058,400,-60
0.7962,1963,2059,400,-52
0.7966,1963,2059,400,-52
0.7970,1963,2059,400,-52
0.7974,1963,2059,400,-52
0.7978,1963,2059,400,-52
0.7982,1963,2059,400,-52
0.7985,1963,2059,400,-52
0.7989,1963,2059,400,-52
0.7993,1963,2060,400,-44
0.7996,1963,2060,400,-44
0.8000,1946,2060,400,-52
0.8008,1946,2060,400,-52
0.8011,1946,2060,400,-52
0.8015,1946,2060,400,-52
0.8018,1946,2060,400,-52
0.8022,1946,2060,400,-52
0.8025,1946,2060,400,-52
0.8029,1946,2060,400,-52
0.8033,1946,2061,400,-44
0.8036,1946,2061,400,-44
0.8040,1946,2061,400,-44
0.8044,1946,2061,400,-44
0.8048,1946,2061,400,-44
0.8051,1946,2061,400,-44
0.8055,1946,2061,400,-44
0.8059,1946,2061,400,-44
0.8062,1946,2061,400,-44
0.8066,1946,2061,400,-44
0.8069,1946,2061,400,-44
0.8073,1946,2062,400,-36
0.8076,1946,2062,400,-36
0.8080,1946,2062,400,-36
0.8084,1946,2062,300,-36
0.8088,1946,2062,300,-36
0.8092,1946,2062,300,-36
0.8095,1946,2062,300,-36
0.8099,1946,2062,300,-36
0.8103,1929,2062,300,-36
0.8109,1929,2062,300,-36
0.8113,1929,2063,300,-28
0.8116,1929,2063,300,-28
0.8120,1929,2063,300,-28
0.8124,1929,2063,300,-36
0.8128,1929,2063,300,-36
0.8131,1929,2063,300,-36
0.8135,1929,2063,300,-36
0.8138,1929,2063,300,-36
0.8142,1929,2063,300,-28
0.8145,1929,2063,300,-28
0.8149,1929,2063,300,-28
0.8153,1929,2063,300,-28
0.8157,1929,2063,300,-28
0.8160,1929,2064,300,-20
0.8164,1929,2064,300,-20
0.8168,1929,2064,300,-20
0.8171,1929,2064,300,-20
0.8175,1929,2064,300,-20
0.8178,1929,2064,300,-20
0.8182,1929,2064,300,-20
0.8186,1929,2064,300,-20
0.8190,1929,2064,300,-20
0.8194,1929,2064,300,-20
0.8198,1929,2064,300,-20
0.8201,1914,2064,300,-20
0.8209,1914,2064,300,-20
0.8213,1914,2064,300,-20
0.8217,1914,2064,300,-20
0.8220,1914,2065,300,20
0.8224,1914,2065,300,20
0.8228,1914,2065,300,20
0.8231,1914,2065,300,20
0.8235,1914,2065,300,20
0.8238,1914,2065,300,20
0.8242,1914,2065,300,20
0.8246,1914,2065,300,20
0.8250,1914,2065,300,20
0.8253,1914,2065,300,20
0.8258,1914,2065,300,20
0.8262,1914,2065,300,36
0.8265,1914,2065,300,36
0.8269,1914,2065,300,36
0.8273,1914,2065,300,36
0.8276,1914,2065,300,36
0.8280,1914,2065,150,36
0.8284,1914,2065,150,36
0.8288,1914,2065,150,36
0.8291,1914,2066,150,36
0.8295,1914,2066,150,36
0.8298,1914,2066,150,36
0.8302,1902,2066,150,36
0.8309,1902,2066,150,36
0.8312,1902,2066,150,36
0.8316,1902,2066,150,36
0.8320,1902,2066,150,36
0.8323,1902,2066,150,36
0.8328,1902,2066,150,36
0.8331,1902,2066,150,36
0.8335,1902,2066,150,36
0.8339,1902,2066,150,36
0.8342,1902,2066,150,36
0.8346,1902,2066,150,36
0.8349,1902,2066,150,36
0.8353,1902,2066,150,36
0.8357,1902,2066,150,36
0.8360,1902,2066,150,36
0.8364,1902,2066,150,36
0.8368,1902,2066,150,36
0.8371,1902,2066,150,36
0.8375,1902,2066,150,36
0.8379,1902,2066,150,36
0.8382,1902,2066,150,36
0.8386,1902,2066,150,36
0.8389,1902,2066,150,36
0.8393,1902,2066,150,36
0.8397,1902,2066,150,36
0.8400,1892,2066,150,44
0.8408,1892,2066,150,44
0.8411,1892,2066,150,44
0.8415,1892,2066,150,44
0.8419,1892,2066,150,44
0.8422,1892,2066,150,44
0.8426,1892,2066,150,44
0.8430,1892,2066,150,44
0.8434,1892,2066,150,44
0.8438,1892,2066,150,44
0.8441,1892,2066,150,44
0.8445,1892,2066,150,44
0.8449,1892,2066,150,44
0.8452,1892,2066,150,52
0.8456,1892,2066,150,52
0.8460,1892,2066,150,40
0.8464,1892,2066,150,40
0.8468,1892,2066,150,40
0.8471,1892,2066,150,40
0.8475,1892,2066,150,40
0.8479,1892,2066,50,40
0.8483,1892,2066,50,40
0.8487,1892,2066,50,40
0.8490,1892,2066,50,40
0.8494,1892,2066,50,40
0.8498,1892,2066,50,40
0.8502,1884,2066,50,48
0.8509,1884,2066,50,48
0.8513,1884,2066,50,48
0.8516,1884,2066,50,48
0.8520,1884,2066,50,48
0.8524,1884,2066,50,48
0.8528,1884,2066,50,48
0.8532,1884,2066,50,48
0.8535,1884,2066,50,48
0.8539,1884,2066,50,56
0.8543,1884,2066,50,56
0.8547,1884,2066,50,56
0.8550,1884,2066,50,56
0.8554,1884,2066,50,56
0.8558,1884,2066,50,56
0.8561,1884,2066,50,56
0.8565,1884,2066,50,56
0.8569,1884,2066,50,56
0.8573,1884,2066,50,56
0.8576,1884,2066,50,56
0.8580,1884,2066,50,64
0.8584,1884,2066,50,64
0.8588,1884,2066,50,64
0.8591,1884,2066,50,64
0.8595,1884,2066,50,64
0.8599,1884,2066,50,64
0.8602,1878,2066,50,64
0.8609,1878,2066,50,72
0.8613,1878,2066,50,72
0.8617,1878,2066,50,72
0.8620,1878,2066,50,72
0.8624,1878,2066,50,72
0.8628,1878,2066,50,72
0.8632,1878,2066,50,72
0.8635,1878,2066,50,72
0.8639,1878,2066,50,72
0.8643,1878,2066,50,72
0.8647,1878,2066,50,72
0.8650,1878,2066,50,80
0.8654,1878,2066,50,80
0.8658,1878,2066,50,80
0.8662,1878,2066,50,92
0.8665,1878,2066,50,92
0.8669,1878,2066,50,92
0.8673,1878,2066,50,92
0.8677,1878,2066,50,92
0.8680,1878,2066,0,100
0.8684,1878,2066,0,100
0.8688,1878,2066,0,100
0.8692,1878,2066,0,100
0.8695,1878,2066,0,100
0.8699,1878,2066,0,100
0.8703,1876,2066,0,100
0.8710,1876,2066,0,108
0.8713,1876,2066,0,108
0.8718,1876,2066,0,108
0.8721,1876,2066,0,108
0.8725,1876,2066,0,108
0.8729,1876,2066,0,108
0.8733,1876,2066,0,108
0.8736,1876,2066,0,108
0.8740,1876,2066,0,116
0.8744,1876,2066,0,116
0.8748,1876,2066,0,116
0.8751,1876,2066,0,116
0.8755,1876,2066,0,116
0.8759,1876,2066,0,116
0.8763,1876,2066,0,116
0.8766,1876,2066,0,116
0.8770,1876,2066,0,124
0.8774,1876,2066,0,124
0.8778,1876,2066,0,124
0.8782,1876,2066,0,124
0.8785,1876,2066,0,124
0.8789,1876,2065,0,124
0.8793,1876,2065,0,124
0.8796,1876,2065,0,124
0.8800,1876,2065,0,124
0.8808,1876,2065,0,124
0.8812,1876,2065,0,124
0.8815,1876,2065,0,124
0.8819,1876,2065,0,132
0.8823,1876,2065,0,132
0.8827,1876,2065,0,132
0.8830,1876,2065,0,132
0.8834,1876,2065,0,132
0.8838,1876,2064,0,124
0.8842,1876,2064,0,124
0.8846,1876,2064,0,124
0.8849,1876,2064,0,132
0.8853,1876,2064,0,132
0.8858,1876,2064,0,132
0.8862,1876,2064,0,132
0.8866,1876,2064,0,132
0.8870,1876,2064,0,140
0.8874,1876,2064,0,140
0.8878,1876,2063,-150,132
0.8882,1876,2063,-150,132
0.8886,1876,2063,-150,132
0.8890,1876,2063,-150,140
0.8894,1876,2063,-150,140
0.8898,1876,2063,-150,140
0.8902,1878,2063,-150,140
0.8909,1878,2062,-150,132
0.8913,1878,2062,-150,132
0.8918,1878,2062,-150,140
0.8922,1878,2062,-150,140
0.8926,1878,2062,-150,140
0.8930,1878,2062,-150,140
0.8934,1878,2062,-150,140
0.8938,1878,2062,-150,148
0.8942,1878,2062,-150,148
0.8946,1878,2062,-150,148
0.8950,1878,2061,-150,140
0.8954,1878,2061,-150,140
0.8958,1878,2061,-150,148
0.8962,1878,2061,-150,148
0.8966,1878,2061,-150,148
0.8970,1878,2060,-150,140
0.8974,1878,2060,-150,140
0.8978,1878,2060,-150,148
0.8982,1878,2060,-150,148
0.8986,1878,2060,-150,148
0.8991,1878,2060,-150,148
0.8995,1878,2060,-150,148
0.8999,1878,2059,-150,148
0.9003,1884,2059,-150,148
0.9011,1884,2059,-150,148
0.9015,1884,2059,-150,148
0.9019,1884,2058,-150,148
0.9023,1884,2058,-150,148
0.9027,1884,2058,-150,148
0.9031,1884,2058,-150,148
0.9036,1884,2058,-150,148
0.9040,1884,2058,-150,156
0.9044,1884,2058,-150,156
0.9048,1884,2057,-150,148
0.9052,1884,2057,-150,148
0.9056,1884,2057,-150,148
0.9060,1884,2057,-150,148
0.9065,1884,2057,-150,148
0.9069,1884,2056,-150,140
0.9072,1884,2056,-150,140
0.9076,1884,2056,-350,148
0.9081,1884,2056,-350,148
0.9084,1884,2056,-350,148
0.9088,1884,2056,-350,148
0.9093,1884,2056,-350,148
0.9097,1884,2055,-350,148
0.9101,1892,2055,-350,148
0.9108,1892,2055,-350,148
0.9113,1892,2055,-350,148
0.9117,1892,2055,-350,156
0.9121,1892,2055,-350,156
0.9125,1892,2055,-350,156
0.9129,1892,2054,-350,148
0.9133,1892,2054,-350,148
0.9137,1892,2053,-350,148
0.9141,1892,2053,-350,148
0.9145,1892,2053,-350,148
0.9150,1892,2053,-350,148
0.9154,1892,2053,-350,148
0.9158,1892,2053,-350,156
0.9162,1892,2053,-350,156
0.9166,1892,2052,-350,148
0.9170,1892,2052,-350,148
0.9174,1892,2052,-350,148
0.9178,1892,2052,-350,156
0.9182,1892,2052,-350,156
0.9186,1892,2051,-350,156
0.9191,1892,2051,-350,156
0.9195,1892,2051,-350,156
0.9199,1892,2051,-350,156
0.9203,1902,2050,-350,156
0.9211,1902,2050,-350,156
0.9215,1902,2050,-350,156
0.9219,1902,2050,-350,156
0.9223,1902,2050,-350,156
0.9227,1902,2049,-350,156
0.9231,1902,2049,-350,156
0.9235,1902,2049,-350,156
0.9239,1902,2049,-350,164
0.9243,1902,2049,-350,164
0.9248,1902,2049,-350,164
0.9252,1902,2049,-350,164
0.9256,1902,2048,-350,160
0.9260,1902,2048,-350,160
0.9264,1902,2048,-350,160
0.9268,1902,2048,-350,160
0.9272,1902,2048,-350,160
0.9277,1902,2047,-450,160
0.9281,1902,2047,-450,160
0.9285,1902,2047,-450,160
0.9289,1902,2046,-450,160
0.9293,1902,2046,-450,160
0.9297,1902,2046,-450,160
0.9301,1915,2046,-450,160
0.9309,1915,2045,-450,160
0.9313,1915,2045,-450,160
0.9317,1915,2045,-450,168
0.9321,1915,2045,-450,168
0.9325,1915,2045,-450,168
0.9329,1915,2044,-450,160
0.9333,1915,2044,-450,160
0.9337,1915,2044,-450,168
0.9341,1915,2044,-450,168
0.9344,1915,2044,-450,168
0.9349,1915,2043,-450,160
0.9353,1915,2043,-450,160
0.9357,1915,2043,-450,168
0.9361,1915,2043,-450,168
0.9365,1915,2042,-450,168
0.9369,1915,2042,-450,168
0.9373,1915,2042,-450,168
0.9378,1915,2042,-450,168
0.9382,1915,2042,-450,168
0.9386,1915,2041,-450,168
0.9391,1915,2041,-450,168
0.9395,1915,2041,-450,168
0.9399,1915,2041,-450,176
0.9403,1930,2040,-450,176
0.9411,1930,2040,-450,176
0.9414,1930,2040,-450,176
0.9418,1930,2040,-450,176
0.9422,1930,2040,-450,176
0.9426,1930,2039,-450,176
0.9430,1930,2039,-450,176
0.9434,1930,2039,-450,176
0.9438,1930,2039,-450,184
0.9442,1930,2039,-450,184
0.9446,1930,2038,-450,176
0.9450,1930,2038,-450,176
0.9455,1930,2038,-450,188
0.9459,1930,2038,-450,188
0.9463,1930,2038,-450,188
0.9467,1930,2037,-450,188
0.9471,1930,2037,-450,188
0.9475,1930,2036,-550,180
0.9479,1930,2036,-550,180
0.9483,1930,2036,-550,180
0.9487,1930,2036,-550,188
0.9491,1930,2036,-550,188
0.9495,1930,2035,-550,188
0.9499,1930,2035,-550,188
0.9503,1946,2035,-550,196
0.9511,1946,2035,-550,196
0.9515,1946,2034,-550,188
0.9519,1946,2034,-550,188
0.9523,1946,2034,-550,188
0.9527,1946,2034,-550,196
0.9531,1946,2034,-550,196
0.9535,1946,2033,-550,196
0.9539,1946,2033,-550,196
0.9543,1946,2033,-550,196
0.9548,1946,2032,-550,196
0.9552,1946,2032,-550,196
0.9556,1946,2032,-550,196
0.9560,1946,2032,-550,196
0.9564,1946,2032,-550,196
0.9568,1946,2031,-550,196
0.9573,1946,2031,-550,196
0.9577,1946,2031,-550,204
0.9581,1946,2031,-550,204
0.9585,1946,2030,-550,204
0.9589,1946,2030,-550,204
0.9593,1946,2030,-550,204
0.9598,1946,2029,-550,196
0.9602,1964,2029,-550,204
0.9610,1964,2029,-550,204
0.9614,1964,2028,-550,204
0.9618,1964,2028,-550,204
0.9623,1964,2028,-550,204
0.9627,1964,2028,-550,212
0.9631,1964,2028,-550,212
0.9635,1964,2027,-550,212
0.9639,1964,2027,-550,212
0.9643,1964,2027,-550,212
0.9648,1964,2027,-550,212
0.9652,1964,2027,-550,212
0.9656,1964,2026,-550,212
0.9661,1964,2026,-550,212
0.9665,1964,2025,-550,212
0.9669,1964,2025,-550,212
0.9673,1964,2025,-550,212
0.9678,1964,2025,-550,220
0.9682,1964,2025,-550,220
0.9686,1964,2024,-550,212
0.9691,1964,2024,-550,212
0.9695,1964,2023,-550,212
0.9699,1964,2023,-550,212
0.9703,1984,2023,-550,220
0.9711,1984,2023,-550,220
0.9715,1984,2022,-550,220
0.9719,1984,2022,-550,220
0.9723,1984,2021,-550,212
0.9728,1984,2021,-550,212
0.9732,1984,2021,-550,212
0.9736,1984,2021,-550,220
0.9741,1984,2021,-550,220
0.9745,1984,2020,-550,220
0.9749,1984,2020,-550,220
0.9753,1984,2020,-550,220
0.9758,1984,2020,-550,220
0.9762,1984,2020,-550,220
0.9766,1984,2019,-550,220
0.9770,1984,2019,-550,220
0.9774,1984,2018,-550,220
0.9778,1984,2018,-550,220
0.9782,1984,2018,-550,220
0.9786,1984,2017,-550,220
0.9790,1984,2017,-550,220
0.9795,1984,2017,-550,220
0.9799,1984,2017,-550,220
0.9803,2004,2016,-550,220
0.9810,2004,2016,-550,220
0.9814,2004,2015,-550,220
0.9818,2004,2015,-550,220
0.9822,2004,2015,-550,220
0.9826,2004,2015,-550,220
0.9830,2004,2015,-550,220
0.9835,2004,2014,-550,220
0.9839,2004,2014,-550,220
0.9843,2004,2013,-550,220
0.9847,2004,2013,-550,220
0.9852,2004,2013,-550,220
0.9856,2004,2013,-550,212
0.9860,2004,2013,-550,212
0.9864,2004,2012,-550,212
0.9868,2004,2012,-550,212
0.9873,2004,2011,-700,212
0.9877,2004,2011,-700,212
0.9881,2004,2011,-700,212
0.9885,2004,2010,-700,204
0.9889,2004,2010,-700,204
0.9894,2004,2009,-700,204
0.9898,2004,2009,-700,204
0.9902,2025,2009,-700,204
0.9911,2025,2009,-700,204
0.9915,2025,2008,-700,204
0.9919,2025,2008,-700,204
0.9923,2025,2008,-700,212
0.9928,2025,2008,-700,212
0.9932,2025,2008,-700,212
0.9937,2025,2007,-700,204
0.9941,2025,2007,-700,204
0.9945,2025,2006,-700,204
0.9949,2025,2006,-700,204
0.9953,2025,2005,-700,204
0.9958,2025,2005,-700,204
0.9962,2025,2005,-700,204
0.9966,2025,2005,-700,204
0.9971,2025,2005,-700,204
0.9975,2025,2004,-700,204
0.9979,2025,2004,-700,204
0.9983,2025,2003,-700,196
0.9988,2025,2003,-700,196
0.9992,2025,2003,-700,196
0.9996,2025,2003,-700,204
1.0001,2046,2002,-700,204
1.0008,2046,2002,-700,204
1.0013,2046,2001,-700,196
1.0017,2046,2001,-700,196
1.0021,2046,2001,-700,196
1.0025,2046,2001,-700,204
1.0029,2046,2001,-700,204
1.0033,2046,2000,-700,196
1.0038,2046,2000,-700,196
1.0042,2046,1999,-700,196
1.0046,2046,1999,-700,196
1.0051,2046,1999,-700,196
1.0055,2046,1998,-700,172
1.0059,2046,1998,-700,172
1.0063,2046,1998,-700,180
1.0067,2046,1998,-700,180
1.0071,2046,1998,-700,180
1.0075,2046,1997,-700,180
1.0079,2046,1997,-700,180
1.0084,2046,1996,-700,172
1.0088,2046,1996,-700,172
1.0092,2046,1995,-700,172
1.0096,2046,1995,-700,172
1.0101,2068,1995,-700,172
1.0108,2068,1995,-700,172
1.0113,2068,1994,-700,172
1.0117,2068,1994,-700,172
1.0121,2068,1994,-700,172
1.0125,2068,1993,-700,164
1.0129,2068,1993,-700,164
1.0133,2068,1993,-700,172
1.0138,2068,1993,-700,172
1.0142,2068,1992,-700,164
1.0146,2068,1992,-700,164
1.0151,2068,1992,-700,164
1.0155,2068,1992,-700,172
1.0159,2068,1992,-700,172
1.0164,2068,1991,-700,164
1.0168,2068,1991,-700,164
1.0173,2068,1990,-700,164
1.0178,2068,1990,-700,164
1.0182,2068,1989,-700,156
1.0186,2068,1989,-700,156
1.0190,2068,1989,-700,156
1.0194,2068,1989,-700,164
1.0198,2068,1989,-700,164
1.0202,2089,1988,-700,156
1.0210,2089,1988,-700,156
1.0214,2089,1987,-700,156
1.0218,2089,1987,-700,156
1.0222,2089,1987,-700,156
1.0226,2089,1987,-700,156
1.0231,2089,1987,-700,156
1.0235,2089,1986,-700,156
1.0239,2089,1986,-700,156
1.0243,2089,1985,-700,148
1.0247,2089,1985,-700,148
1.0251,2089,1985,-700,160
1.0255,2089,1985,-700,160
1.0260,2089,1985,-700,160
1.0264,2089,1984,-700,152
1.0268,2089,1984,-700,152
1.0272,2089,1984,-650,152
1.0276,2089,1984,-650,152
1.0281,2089,1984,-650,152
1.0285,2089,1983,-650,152
1.0289,2089,1983,-650,152
1.0293,2089,1982,-650,144
1.0298,2089,1982,-650,144
1.0302,2109,1982,-650,152
1.0311,2109,1982,-650,152
1.0315,2109,1981,-650,144
1.0319,2109,1981,-650,144
1.0323,2109,1981,-650,152
1.0328,2109,1981,-650,152
1.0332,2109,1980,-650,144
1.0337,2109,1980,-650,144
1.0341,2109,1979,-650,136
1.0345,2109,1979,-650,136
1.0349,2109,1979,-650,136
1.0354,2109,1979,-650,144
1.0358,2109,1979,-650,144
1.0362,2109,1979,-650,144
1.0366,2109,1979,-650,144
1.0371,2109,1978,-650,144
1.0375,2109,1978,-650,144
1.0379,2109,1978,-650,144
1.0383,2109,1977,-650,136
1.0388,2109,1977,-650,136
1.0392,2109,1977,-650,136
1.0396,2109,1977,-650,136
1.0401,2128,1976,-650,136
1.0408,2128,1976,-650,136
1.0412,2128,1975,-650,128
1.0417,2128,1975,-650,128
1.0421,2128,1975,-650,136
1.0425,2128,1975,-650,136
1.0429,2128,1975,-650,136
1.0433,2128,1974,-650,128
1.0438,2128,1974,-650,128
1.0442,2128,1973,-650,120
1.0446,2128,1973,-650,120
1.0451,2128,1973,-650,120
1.0455,2128,1973,-650,120
1.0459,2128,1973,-650,120
1.0463,2128,1972,-650,112
1.0468,2128,1972,-650,112
1.0472,2128,1972,-600,112
1.0476,2128,1972,-600,112
1.0481,2128,1972,-600,120
1.0485,2128,1972,-600,120
1.0489,2128,1972,-600,120
1.0493,2128,1971,-600,112
1.0498,2128,1971,-600,112
1.0502,2147,1971,-600,112
1.0510,2147,1970,-600,112
1.0514,2147,1970,-600,112
1.0519,2147,1970,-600,112
1.0523,2147,1970,-600,112
1.0527,2147,1970,-600,112
1.0531,2147,1969,-600,104
1.0535,2147,1969,-600,104
1.0540,2147,1969,-600,104
1.0544,2147,1968,-600,104
1.0548,2147,1968,-600,104
1.0552,2147,1968,-600,104
1.0557,2147,1968,-600,104
1.0561,2147,1967,-600,96
1.0566,2147,1967,-600,96
1.0570,2147,1967,-600,104
1.0574,2147,1967,-600,104
1.0578,2147,1967,-600,104
1.0582,2147,1966,-600,96
1.0587,2147,1966,-600,96
1.0591,2147,1966,-600,96
1.0595,2147,1966,-600,96
1.0598,2147,1966,-600,96
1.0602,2163,1965,-600,96
1.0611,2163,1965,-600,96
1.0615,2163,1965,-600,96
1.0619,2163,1965,-600,96
1.0623,2163,1965,-600,96
1.0628,2163,1965,-600,96
1.0632,2163,1964,-600,88
1.0637,2163,1964,-600,88
1.0641,2163,1964,-600,96
1.0645,2163,1964,-600,96
1.0649,2163,1964,-600,96
1.0653,2163,1963,-600,88
1.0658,2163,1963,-600,88
1.0662,2163,1963,-600,88
1.0666,2163,1963,-600,88
1.0671,2163,1962,-500,80
1.0675,2163,1962,-500,80
1.0679,2163,1962,-500,80
1.0683,2163,1962,-500,88
1.0687,2163,1962,-500,88
1.0692,2163,1962,-500,88
1.0696,2163,1962,-500,88
1.0700,2163,1961,-500,80
1.0704,2178,1961,-500,80
1.0712,2178,1961,-500,80
1.0716,2178,1961,-500,80
1.0721,2178,1960,-500,80
1.0725,2178,1960,-500,80
1.0729,2178,1960,-500,80
1.0733,2178,1960,-500,80
1.0737,2178,1960,-500,80
1.0741,2178,1959,-500,72
1.0745,2178,1959,-500,72
1.0750,2178,1959,-500,72
1.0754,2178,1959,-500,72
1.0758,2178,1959,-500,72
1.0763,2178,1959,-500,72
1.0767,2178,1959,-500,72
1.0771,2178,1959,-500,80
1.0776,2178,1959,-500,80
1.0780,2178,1958,-500,72
1.0784,2178,1958,-500,72
1.0789,2178,1958,-500,72
1.0793,2178,1958,-500,72
1.0798,2178,1958,-500,72
1.0802,2190,1957,-500,64
1.0811,2190,1957,-500,64
1.0815,2190,1957,-500,64
1.0820,2190,1957,-500,72
1.0824,2190,1957,-500,72
1.0829,2190,1957,-500,72
1.0833,2190,1956,-500,64
1.0837,2190,1956,-500,64
1.0842,2190,1956,-500,64
1.0846,2190,1956,-500,64
1.0850,2190,1956,-500,68
1.0855,2190,1956,-500,68
1.0859,2190,1955,-500,60
1.0863,2190,1955,-500,60
1.0869,2190,1955,-350,60
1.0873,2190,1955,-350,60
1.0878,2190,1955,-350,60
1.0882,2190,1954,-350,52
1.0887,2190,1954,-350,52
1.0891,2190,1954,-350,60
1.0895,2190,1954,-350,60
1.0900,2190,1954,-350,60
1.0904,2201,1954,-350,60
1.0912,2201,1954,-350,60
1.0917,2201,1954,-350,60
1.0921,2201,1953,-350,52
1.0925,2201,1953,-350,52
1.0930,2201,1953,-350,52
1.0934,2201,1953,-350,52
1.0939,2201,1953,-350,52
1.0944,2201,1953,-350,52
1.0948,2201,1953,-350,52
1.0952,2201,1952,-350,44
1.0956,2201,1952,-350,44
1.0960,2201,1952,-350,44
1.0965,2201,1952,-350,44
1.0969,2201,1952,-350,52
1.0973,2201,1952,-350,52
1.0978,2201,1951,-350,44
1.0982,2201,1951,-350,44
1.0986,2201,1951,-350,44
1.0991,2201,1951,-350,44
1.0995,2201,1951,-350,44
1.0999,2201,1951,-350,44
1.1003,2209,1950,-350,36
1.1012,2209,1950,-350,36
1.1017,2209,1950,-350,36
1.1021,2209,1950,-350,36
1.1025,2209,1950,-350,36
1.1030,2209,1950,-350,36
1.1034,2209,1950,-350,36
1.1038,2209,1950,-350,36
1.1043,2209,1950,-350,36
1.1047,2209,1950,-350,36
1.1051,2209,1949,-350,20
1.1056,2209,1949,-350,20
1.1060,2209,1949,-350,20
1.1064,2209,1949,-350,20
1.1068,2209,1949,-300,20
1.1073,2209,1949,-300,20
1.1077,2209,1949,-300,20
1.1081,2209,1949,-300,20
1.1086,2209,1949,-300,20
1.1090,2209,1949,-300,20
1.1094,2209,1949,-300,20
1.1099,2209,1949,-300,20
1.1103,2214,1949,-300,20
1.1111,2214,1948,-300,-20
1.1115,2214,1948,-300,-20
1.1119,2214,1948,-300,-20
1.1123,2214,1948,-300,-20
1.1128,2214,1948,-300,-20
1.1132,2214,1948,-300,-20
1.1137,2214,1948,-300,-20
1.1141,2214,1948,-300,-20
1.1145,2214,1948,-300,-20
1.1149,2214,1948,-300,-20
1.1153,2214,1948,-300,-20
1.1158,2214,1948,-300,-20
1.1162,2214,1948,-300,-20
1.1166,2214,1948,-300,-20
1.1171,2214,1947,-300,-36
1.1175,2214,1947,-300,-36
1.1179,2214,1947,-300,-36
1.1183,2214,1947,-300,-36
1.1188,2214,1947,-300,-36
1.1192,2214,1947,-300,-36
1.1196,2214,1947,-300,-36
1.1201,2216,1947,-300,-36
1.1209,2216,1947,-300,-36
1.1213,2216,1947,-300,-36
1.1217,2216,1947,-300,-36
1.1221,2216,1947,-300,-36
1.1225,2216,1947,-300,-36
1.1229,2216,1947,-300,-36
1.1234,2216,1947,-300,-36
1.1238,2216,1947,-300,-36
1.1242,2216,1947,-300,-36
1.1246,2216,1947,-300,-36
1.1251,2216,1947,-300,-28
1.1255,2216,1947,-300,-28
1.1259,2216,1947,-300,-28
1.1263,2216,1947,-300,-28
1.1268,2216,1947,-100,-28
1.1272,2216,1947,-100,-28
1.1276,2216,1947,-100,-28
1.1281,2216,1947,-100,-28
1.1285,2216,1947,-100,-28
1.1289,2216,1947,-100,-28
1.1293,2216,1947,-100,-28
1.1298,2216,1947,-100,-28
1.1302,2216,1947,-100,-28
1.1310,2216,1947,-100,-28
1.1314,2216,1947,-100,-28
1.1318,2216,1947,-100,-28
1.1322,2216,1947,-100,-28
1.1326,2216,1947,-100,-28
1.1331,2216,1947,-100,-28
1.1335,2216,1947,-100,-28
1.1339,2216,1947,-100,-28
1.1343,2216,1947,-100,-28
1.1348,2216,1947,-100,-28
1.1352,2216,1947,-100,-28
1.1356,2216,1947,-100,-28
1.1360,2216,1947,-100,-28
1.1364,2216,1947,-100,-28
1.1368,2216,1947,-100,-28
1.1372,2216,1947,-100,-28
1.1376,2216,1947,-100,-28
1.1380,2216,1947,-100,-36
1.1384,2216,1947,-100,-36
1.1388,2216,1947,-100,-36
1.1392,2216,1947,-100,-36
1.1396,2216,1947,-100,-36
1.1400,2214,1947,-100,-36
1.1408,2214,1947,-100,-36
1.1412,2214,1947,-100,-36
1.1416,2214,1947,-100,-44
1.1421,2214,1947,-100,-44
1.1425,2214,1947,-100,-44
1.1429,2214,1947,-100,-44
1.1433,2214,1947,-100,-44
1.1437,2214,1947,-100,-44
1.1441,2214,1947,-100,-44
1.1445,2214,1947,-100,-44
1.1449,2214,1947,-100,-40
1.1454,2214,1947,-100,-40
1.1458,2214,1947,-100,-40
1.1462,2214,1947,-100,-40
1.1466,2214,1947,0,-48
1.1471,2214,1947,0,-48
1.1475,2214,1947,0,-48
1.1479,2214,1947,0,-48
1.1483,2214,1947,0,-48
1.1488,2214,1947,0,-48
1.1492,2214,1947,0,-48
1.1496,2214,1947,0,-48
1.1501,2208,1947,0,-48
1.1509,2208,1947,0,-56
1.1513,2208,1947,0,-56
1.1518,2208,1947,0,-56
1.1523,2208,1947,0,-56
1.1527,2208,1947,0,-56
1.1531,2208,1947,0,-56
1.1536,2208,1947,0,-64
1.1540,2208,1947,0,-64
1.1544,2208,1947,0,-64
1.1549,2208,1947,0,-64
1.1553,2208,1947,0,-64
1.1557,2208,1947,0,-64
1.1561,2208,1947,0,-64
1.1565,2208,1947,0,-64
1.1570,2208,1947,0,-64
1.1574,2208,1947,0,-64
1.1578,2208,1947,0,-72
1.1583,2208,1947,0,-72
1.1587,2208,1947,0,-72
1.1591,2208,1947,0,-72
1.1596,2208,1947,0,-72
1.1601,2200,1947,0,-72
1.1609,2200,1947,0,-80
1.1613,2200,1947,0,-80
1.1618,2200,1947,0,-80
1.1622,2200,1947,0,-80
1.1627,2200,1947,0,-80
1.1631,2200,1947,0,-80
1.1635,2200,1947,0,-80
1.1639,2200,1947,0,-88
1.1643,2200,1947,0,-88
1.1648,2200,1947,0,-104
1.1652,2200,1947,0,-104
1.1656,2200,1947,0,-104
1.1661,2200,1947,0,-104
1.1665,2200,1947,0,-104
1.1669,2200,1947,0,-112
1.1673,2200,1947,0,-112
1.1678,2200,1947,0,-112
1.1682,2200,1947,0,-112
1.1686,2200,1947,0,-112
1.1691,2200,1947,0,-112
1.1695,2200,1947,0,-112
1.1699,2200,1947,0,-120
1.1704,2190,1947,0,-120
1.1712,2190,1947,0,-120
1.1717,2190,1948,0,-112
1.1721,2190,1948,0,-112
1.1725,2190,1948,0,-120
1.1729,2190,1948,0,-120
1.1734,2190,1948,0,-120
1.1738,2190,1948,0,-120
1.1742,2190,1948,0,-120
1.1746,2190,1948,0,-128
1.1750,2190,1948,0,-128
1.1754,2190,1948,0,-128
1.1758,2190,1948,0,-128
1.1762,2190,1948,0,-128
1.1767,2190,1948,0,-128
1.1771,2190,1948,0,-128
1.1775,2190,1949,0,-128
1.1779,2190,1949,0,-128
1.1784,2190,1949,0,-128
1.1788,2190,1949,0,-128
1.1792,2190,1949,0,-128
1.1797,2190,1949,0,-136
1.1801,2177,1950,0,-128
1.1809,2177,1950,0,-128
1.1813,2177,1950,0,-128
1.1818,2177,1950,0,-128
1.1822,2177,1950,0,-128
1.1827,2177,1950,0,-136
1.1831,2177,1950,0,-136
1.1835,2177,1950,0,-136
1.1839,2177,1950,0,-136
1.1844,2177,1950,0,-136
1.1848,2177,1951,0,-128
1.1852,2177,1951,0,-128
1.1857,2177,1951,0,-128
1.1861,2177,1951,0,-128
1.1865,2177,1951,200,-136
1.1869,2177,1951,200,-136
1.1873,2177,1951,200,-136
1.1878,2177,1952,200,-128
1.1882,2177,1952,200,-128
1.1886,2177,1952,200,-128
1.1891,2177,1952,200,-128
1.1895,2177,1952,200,-136
1.1899,2177,1952,200,-136
1.1903,2162,1953,200,-128
1.1912,2162,1953,200,-128
1.1916,2162,1953,200,-136
1.1921,2162,1953,200,-136
1.1925,2162,1954,200,-128
1.1929,2162,1954,200,-128
1.1933,2162,1954,200,-128
1.1937,2162,1954,200,-136
1.1941,2162,1954,200,-136
1.1945,2162,1954,200,-136
1.1949,2162,1954,200,-136
1.1953,2162,1954,200,-136
1.1958,2162,1955,200,-136
1.1962,2162,1955,200,-136
1.1967,2162,1955,200,-136
1.1971,2162,1955,200,-136
1.1975,2162,1955,200,-144
1.1979,2162,1955,200,-144
1.1983,2162,1955,200,-144
1.1988,2162,1956,200,-136
1.1993,2162,1956,200,-136
1.1998,2162,1956,200,-144
1.2003,2146,1957,200,-136
1.2011,2146,1957,200,-136
1.2015,2146,1957,200,-144
1.2019,2146,1957,200,-144
1.2024,2146,1957,200,-144
1.2028,2146,1958,200,-136
1.2032,2146,1958,200,-136
1.2036,2146,1958,200,-144
1.2041,2146,1958,200,-144
1.2045,2146,1958,200,-136
1.2049,2146,1958,200,-136
1.2053,2146,1958,200,-136
1.2057,2146,1959,200,-136
1.2061,2146,1959,200,-136
1.2065,2146,1959,400,-144
1.2068,2146,1959,400,-144
1.2073,2146,1959,400,-144
1.2077,2146,1960,400,-136
1.2081,2146,1960,400,-136
1.2085,2146,1960,400,-144
1.2089,2146,1960,400,-144
1.2093,2146,1960,400,-144
1.2097,2146,1960,400,-144
1.2101,2128,1961,400,-144
1.2109,2128,1961,400,-144
1.2113,2128,1961,400,-144
1.2117,2128,1961,400,-144
1.2121,2128,1961,400,-144
1.2125,2128,1962,400,-144
1.2130,2128,1962,400,-144
1.2134,2128,1962,400,-144
1.2138,2128,1962,400,-144
1.2142,2128,1962,400,-144
1.2146,2128,1963,400,-144
1.2151,2128,1963,400,-144
1.2155,2128,1963,400,-152
1.2159,2128,1963,400,-152
1.2163,2128,1964,400,-144
1.2169,2128,1964,400,-144
1.2173,2128,1964,400,-144
1.2177,2128,1964,400,-152
1.2181,2128,1964,400,-152
1.2185,2128,1964,400,-152
1.2190,2128,1964,400,-152
1.2194,2128,1964,400,-160
1.2198,2128,1964,400,-160
1.2202,2108,1965,400,-160
1.2210,2108,1965,400,-160
1.2214,2108,1965,400,-160
1.2218,2108,1965,400,-160
1.2223,2108,1965,400,-160
1.2227,2108,1966,400,-160
1.2231,2108,1966,400,-160
1.2235,2108,1966,400,-168
1.2239,2108,1966,400,-168
1.2243,2108,1967,400,-164
1.2248,2108,1967,400,-164
1.2252,2108,1967,400,-164
1.2257,2108,1967,400,-172
1.2261,2108,1967,400,-172
1.2265,2108,1968,450,-164
1.2269,2108,1968,450,-164
1.2273,2108,1968,450,-172
1.2278,2108,1968,450,-172
1.2282,2108,1968,450,-172
1.2286,2108,1969,450,-172
1.2290,2108,1969,450,-172
1.2295,2108,1969,450,-172
1.2299,2108,1969,450,-172
1.2303,2088,1970,450,-172
1.2311,2088,1970,450,-172
1.2315,2088,1970,450,-180
1.2319,2088,1970,450,-180
1.2323,2088,1971,450,-172
1.2327,2088,1971,450,-172
1.2331,2088,1971,450,-172
1.2335,2088,1971,450,-180
1.2340,2088,1971,450,-180
1.2344,2088,1971,450,-188
1.2348,2088,1971,450,-188
1.2353,2088,1972,450,-188
1.2358,2088,1972,450,-188
1.2362,2088,1972,450,-188
1.2366,2088,1972,450,-188
1.2370,2088,1972,450,-188
1.2375,2088,1973,450,-188
1.2379,2088,1973,450,-188
1.2383,2088,1973,450,-196
1.2387,2088,1973,450,-196
1.2391,2088,1973,450,-196
1.2396,2088,1974,450,-188
1.2400,2088,1974,450,-188
1.2404,2067,1975,450,-188
1.2412,2067,1975,450,-196
1.2416,2067,1975,450,-196
1.2421,2067,1975,450,-196
1.2425,2067,1976,450,-188
1.2429,2067,1976,450,-188
1.2433,2067,1976,450,-196
1.2438,2067,1976,450,-196
1.2442,2067,1977,450,-200
1.2446,2067,1977,450,-200
1.2451,2067,1977,450,-200
1.2455,2067,1977,450,-208
1.2459,2067,1977,450,-208
1.2463,2067,1978,500,-200
1.2468,2067,1978,500,-200
1.2473,2067,1978,500,-208
1.2477,2067,1978,500,-208
1.2481,2067,1978,500,-208
1.2485,2067,1979,500,-208
1.2489,2067,1979,500,-208
1.2493,2067,1979,500,-216
1.2498,2067,1979,500,-216
1.2503,2045,1980,500,-208
1.2511,2045,1980,500,-208
1.2515,2045,1981,500,-208
1.2520,2045,1981,500,-208
1.2524,2045,1981,500,-216
1.2528,2045,1981,500,-216
1.2532,2045,1982,500,-216
1.2536,2045,1982,500,-216
1.2539,2045,1982,500,-216
1.2543,2045,1983,500,-208
1.2547,2045,1983,500,-208
1.2550,2045,1983,500,-208
1.2554,2045,1983,500,-216
1.2558,2045,1983,500,-216
1.2562,2045,1984,500,-216
1.2565,2045,1984,500,-216
1.2569,2045,1984,500,-216
1.2573,2045,1984,500,-224
1.2577,2045,1984,500,-224
1.2581,2045,1984,500,-224
1.2585,2045,1985,500,-216
1.2589,2045,1985,500,-216
1.2593,2045,1985,500,-224
1.2597,2045,1985,500,-224
1.2601,2024,1986,500,-224
1.2609,2024,1986,500,-224
1.2613,2024,1987,500,-224
1.2618,2024,1987,500,-224
1.2622,2024,1988,500,-216
1.2627,2024,1988,500,-216
1.2631,2024,1988,500,-216
1.2634,2024,1988,500,-224
1.2639,2024,1988,500,-224
1.2643,2024,1989,500,-220
1.2647,2024,1989,500,-220
1.2651,2024,1990,500,-212
1.2656,2024,1990,500,-212
1.2660,2024,1990,500,-212
1.2664,2024,1990,600,-220
1.2668,2024,1990,600,-220
1.2673,2024,1991,600,-220
1.2677,2024,1991,600,-220
1.2681,2024,1991,600,-220
1.2685,2024,1991,600,-220
1.2690,2024,1991,600,-220
1.2694,2024,1992,600,-220
1.2699,2024,1992,600,-220
1.2703,2003,1993,600,-220
1.2711,2003,1993,600,-220
1.2715,2003,1994,600,-212
1.2719,2003,1994,600,-212
1.2724,2003,1994,600,-220
1.2728,2003,1994,600,-220
1.2732,2003,1995,600,-220
1.2737,2003,1995,600,-220
1.2741,2003,1996,600,-212
1.2745,2003,1996,600,-212
1.2750,2003,1996,600,-212
1.2754,2003,1996,600,-220
1.2758,2003,1996,600,-220
1.2762,2003,1997,600,-220
1.2767,2003,1997,600,-220
1.2771,2003,1998,600,-212
1.2775,2003,1998,600,-212
1.2779,2003,1998,600,-212
1.2783,2003,1998,600,-220
1.2788,2003,1998,600,-220
1.2792,2003,1999,600,-212
1.2797,2003,1999,600,-212
1.2801,1983,2000,600,-212
1.2809,1983,2000,600,-212
1.2813,1983,2001,600,-212
1.2818,1983,2001,600,-212
1.2823,1983,2001,600,-212
1.2827,1983,2001,600,-212
1.2831,1983,2002,600,-212
1.2835,1983,2002,600,-212
1.2839,1983,2002,600,-212
1.2844,1983,2003,600,-184
1.2848,1983,2003,600,-184
1.2852,1983,2003,600,-192
1.2856,1983,2003,600,-192
1.2861,1983,2004,700,-192
1.2865,1983,2004,700,-192
1.2869,1983,2004,700,-192
1.2873,1983,2005,700,-184
1.2877,1983,2005,700,-184
1.2881,1983,2006,700,-184
1.2885,1983,2006,700,-184
1.2890,1983,2006,700,-184
1.2894,1983,2006,700,-184
1.2898,1983,2006,700,-184
1.2902,1963,2007,700,-184
1.2910,1963,2008,700,-184
1.2914,1963,2008,700,-184
1.2918,1963,2008,700,-184
1.2923,1963,2008,700,-184
1.2927,1963,2008,700,-184
1.2931,1963,2009,700,-184
1.2935,1963,2009,700,-184
1.2939,1963,2009,700,-184
1.2943,1963,2010,700,-176
1.2948,1963,2010,700,-176
1.2952,1963,2010,700,-184
1.2956,1963,2010,700,-184
1.2961,1963,2011,700,-176
1.2965,1963,2011,700,-176
1.2969,1963,2011,700,-176
1.2973,1963,2012,700,-176
1.2977,1963,2012,700,-176
1.2981,1963,2012,700,-176
1.2985,1963,2012,700,-176
1.2989,1963,2012,700,-176
1.2993,1963,2013,700,-176
1.2998,1963,2013,700,-176
1.3002,1945,2014,700,-168
1.3009,1945,2014,700,-168
1.3013,1945,2014,700,-176
1.3016,1945,2014,700,-176
1.3020,1945,2015,700,-168
1.3024,1945,2015,700,-168
1.3028,1945,2015,700,-168
1.3031,1945,2016,700,-168
1.3034,1945,2016,700,-168
1.3038,1945,2016,700,-168
1.3042,1945,2017,700,-156
1.3046,1945,2017,700,-156
1.3049,1945,2017,700,-156
1.3053,1945,2017,700,-164
1.3058,1945,2017,700,-164
1.3061,1945,2018,700,-156
1.3065,1945,2018,700,-156
1.3069,1945,2018,700,-156
1.3073,1945,2019,700,-156
1.3078,1945,2019,700,-156
1.3081,1945,2019,700,-156
1.3085,1945,2019,700,-156
1.3089,1945,2019,700,-156
1.3092,1945,2020,700,-156
1.3096,1945,2020,700,-156
1.3100,1929,2020,700,-156
1.3108,1929,2020,700,-156
1.3112,1929,2021,700,-156
1.3116,1929,2021,700,-156
1.3120,1929,2022,700,-148
1.3124,1929,2022,700,-148
1.3128,1929,2022,700,-148
1.3133,1929,2022,700,-156
1.3137,1929,2022,700,-156
1.3141,1929,2023,700,-148
1.3145,1929,2023,700,-148
1.3149,1929,2023,700,-148
1.3153,1929,2023,700,-148
1.3158,1929,2023,700,-148
1.3162,1929,2024,700,-148
1.3166,1929,2024,700,-148
1.3170,1929,2025,700,-140
1.3174,1929,2025,700,-140
1.3178,1929,2025,700,-140
1.3182,1929,2025,700,-148
1.3186,1929,2025,700,-148
1.3191,1929,2026,700,-140
1.3194,1929,2026,700,-140
1.3198,1929,2026,700,-140
1.3202,1914,2027,700,-140
1.3211,1914,2027,700,-140
1.3215,1914,2027,700,-140
1.3219,1914,2028,700,-132
1.3223,1914,2028,700,-132
1.3228,1914,2028,700,-132
1.3232,1914,2028,700,-140
1.3236,1914,2028,700,-140
1.3240,1914,2029,700,-132
1.3244,1914,2029,700,-132
1.3248,1914,2029,700,-132
1.3252,1914,2030,700,-132
1.3256,1914,2030,700,-132
1.3261,1914,2030,600,-132
1.3265,1914,2030,600,-132
1.3269,1914,2031,600,-124
1.3273,1914,2031,600,-124
1.3277,1914,2031,600,-124
1.3281,1914,2031,600,-132
1.3285,1914,2031,600,-132
1.3290,1914,2032,600,-124
1.3294,1914,2032,600,-124
1.3298,1914,2032,600,-124
1.3302,1902,2033,600,-116
1.3310,1902,2033,600,-124
1.3314,1902,2033,600,-124
1.3318,1902,2033,600,-124
1.3322,1902,2033,600,-124
1.3326,1902,2033,600,-124
1.3331,1902,2034,600,-124
1.3335,1902,2034,600,-124
1.3339,1902,2035,600,-116
1.3343,1902,2035,600,-116
1.3348,1902,2035,600,-116
1.3352,1902,2035,600,-116
1.3356,1902,2035,600,-116
1.3360,1902,2036,600,-116
1.3365,1902,2036,600,-116
1.3369,1902,2036,600,-116
1.3373,1902,2036,600,-116
1.3377,1902,2036,600,-116
1.3381,1902,2037,600,-108
1.3385,1902,2037,600,-108
1.3389,1902,2037,600,-116
1.3393,1902,2037,600,-116
1.3398,1902,2038,600,-108
1.3402,1891,2038,600,-108
1.3410,1891,2039,600,-100
1.3414,1891,2039,600,-100
1.3418,1891,2039,600,-100
1.3422,1891,2039,600,-100
1.3426,1891,2039,600,-100
1.3431,1891,2040,600,-100
1.3435,1891,2040,600,-100
1.3439,1891,2040,600,-96
1.3443,1891,2040,600,-96
1.3448,1891,2041,600,-88
1.3452,1891,2041,600,-88
1.3456,1891,2041,600,-88
1.3460,1891,2041,550,-96
1.3465,1891,2041,550,-96
1.3469,1891,2042,550,-88
1.3473,1891,2042,550,-88
1.3477,1891,2042,550,-88
1.3481,1891,2042,550,-88
1.3485,1891,2042,550,-88
1.3489,1891,2042,550,-88
1.3494,1891,2042,550,-88
1.3498,1891,2043,550,-88
1.3502,1884,2043,550,-88
1.3511,1884,2043,550,-88
1.3515,1884,2043,550,-88
1.3519,1884,2043,550,-88
1.3523,1884,2043,550,-88
1.3527,1884,2043,550,-88
1.3531,1884,2044,550,-80
1.3535,1884,2044,550,-80
1.3539,1884,2044,550,-88
1.3543,1884,2044,550,-88
1.3548,1884,2045,550,-80
1.3552,1884,2045,550,-80
1.3556,1884,2045,550,-80
1.3560,1884,2045,550,-80
1.3564,1884,2045,550,-80
1.3569,1884,2046,550,-72
1.3573,1884,2046,550,-72
1.3577,1884,2046,550,-72
1.3581,1884,2046,550,-80
1.3585,1884,2046,550,-80
1.3589,1884,2047,550,-72
1.3593,1884,2047,550,-72
1.3598,1884,2047,550,-72
1.3602,1878,2047,550,-72
1.3611,1878,2048,550,-64
1.3615,1878,2048,550,-64
1.3620,1878,2048,550,-64
1.3624,1878,2048,550,-64
1.3628,1878,2048,550,-72
1.3632,1878,2048,550,-72
1.3636,1878,2048,550,-72
1.3641,1878,2048,550,-76
1.3646,1878,2048,550,-76
1.3651,1878,2049,550,-68
1.3655,1878,2049,550,-68
1.3659,1878,2049,400,-68
1.3663,1878,2049,400,-68
1.3668,1878,2050,400,-60
1.3672,1878,2050,400,-60
1.3677,1878,2050,400,-60
1.3681,1878,2050,400,-68
1.3685,1878,2050,400,-68
1.3689,1878,2050,400,-68
1.3693,1878,2050,400,-68
1.3698,1878,2051,400,-60
1.3702,1876,2051,400,-60
1.3710,1876,2051,400,-60
1.3715,1876,2051,400,-60
1.3719,1876,2051,400,-60
1.3723,1876,2051,400,-60
1.3727,1876,2052,400,-52
1.3731,1876,2052,400,-52
1.3735,1876,2052,400,-52
1.3739,1876,2052,400,-60
1.3744,1876,2052,400,-60
1.3748,1876,2053,400,-52
1.3752,1876,2053,400,-52
1.3757,1876,2053,400,-52
1.3761,1876,2053,400,-52
1.3765,1876,2053,400,-52
1.3769,1876,2053,400,-52
1.3773,1876,2053,400,-52
1.3777,1876,2053,400,-52
1.3781,1876,2053,400,-52
1.3785,1876,2053,400,-52
1.3789,1876,2054,400,-44
1.3794,1876,2054,400,-44
1.3798,1876,2054,400,-44
1.3802,1876,2054,400,-44
1.3810,1876,2054,400,-44
1.3814,1876,2054,400,-44
1.3818,1876,2054,400,-52
1.3822,1876,2054,400,-52
1.3826,1876,2055,400,-44
1.3831,1876,2055,400,-44
1.3835,1876,2055,400,-44
1.3839,1876,2055,400,-40
1.3844,1876,2055,400,-40
1.3848,1876,2055,400,-40
1.3853,1876,2055,400,-40
1.3857,1876,2055,300,-40
1.3861,1876,2055,300,-40
1.3865,1876,2055,300,-40
1.3870,1876,2056,300,-32
1.3874,1876,2056,300,-32
1.3878,1876,2056,300,-32
1.3882,1876,2056,300,-32
1.3887,1876,2056,300,-32
1.3891,1876,2056,300,-32
1.3895,1876,2056,300,-32
1.3899,1876,2057,300,-24
1.3903,1878,2057,300,-24
1.3911,1878,2057,300,-24
1.3916,1878,2057,300,-24
1.3920,1878,2057,300,-24
1.3925,1878,2057,300,-24
1.3929,1878,2057,300,-24
1.3933,1878,2057,300,-24
1.3938,1878,2057,300,-24
1.3943,1878,2057,300,-24
1.3947,1878,2058,300,0
1.3950,1878,2058,300,0
1.3954,1878,2058,300,0
1.3959,1878,2058,300,0
1.3965,1878,2058,300,0
1.3969,1878,2058,300,0
1.3973,1878,2058,300,0
1.3978,1878,2058,300,0
1.3982,1878,2058,300,0
1.3987,1878,2058,300,0
1.3991,1878,2058,300,0
1.3995,1878,2058,300,0
1.3999,1878,2059,300,24
1.4004,1884,2059,300,24
1.4012,1884,2059,300,24
1.4017,1884,2059,300,24
1.4021,1884,2059,300,24
1.4025,1884,2059,300,24
1.4029,1884,2059,300,24
1.4034,1884,2059,300,24
1.4038,1884,2059,300,36
1.4042,1884,2059,300,36
1.4046,1884,2059,300,36
1.4050,1884,2059,300,36
1.4055,1884,2059,300,36
1.4059,1884,2059,200,36
1.4063,1884,2059,200,36
1.4068,1884,2059,200,36
1.4073,1884,2059,200,36
1.4077,1884,2059,200,36
1.4081,1884,2059,200,36
1.4085,1884,2060,200,36
1.4089,1884,2060,200,36
1.4093,1884,2060,200,36
1.4098,1884,2060,200,36
1.4102,1892,2060,200,36
1.4109,1892,2060,200,36
1.4113,1892,2060,200,36
1.4117,1892,2060,200,36
1.4121,1892,2060,200,36
1.4126,1892,2060,200,36
1.4130,1892,2060,200,36
1.4134,1892,2060,200,36
1.4138,1892,2060,200,36
1.4142,1892,2060,200,36
1.4146,1892,2060,200,36
1.4151,1892,2060,200,36
1.4155,1892,2060,200,36
1.4159,1892,2060,200,36
1.4163,1892,2060,200,36
1.4168,1892,2060,200,36
1.4172,1892,2060,200,36
1.4176,1892,2060,200,36
1.4181,1892,2060,200,36
1.4184,1892,2060,200,36
1.4188,1892,2060,200,44
1.4192,1892,2060,200,44
1.4196,1892,2060,200,44
1.4200,1892,2060,200,44
1.4204,1902,2060,200,44
1.4212,1902,2060,200,44
1.4216,1902,2060,200,44
1.4220,1902,2060,200,44
1.4224,1902,2060,200,44
1.4228,1902,2060,200,44
1.4232,1902,2060,200,44
1.4236,1902,2060,200,40
1.4240,1902,2060,200,40
1.4244,1902,2060,200,40
1.4248,1902,2060,200,40
1.4252,1902,2060,200,40
1.4256,1902,2060,50,40
1.4260,1902,2060,50,40
1.4264,1902,2060,50,40
1.4268,1902,2060,50,40
1.4272,1902,2060,50,40
1.4277,1902,2060,50,40
1.4281,1902,2060,50,40
1.4285,1902,2060,50,48
1.4289,1902,2060,50,48
1.4293,1902,2060,50,48
1.4298,1902,2060,50,48
1.4302,1915,2060,50,48
1.4309,1915,2060,50,48
1.4313,1915,2060,50,48
1.4317,1915,2060,50,48
1.4321,1915,2060,50,48
1.4324,1915,2060,50,56
1.4328,1915,2060,50,56
1.4332,1915,2060,50,56
1.4336,1915,2060,50,56
1.4340,1915,2060,50,56
1.4344,1915,2060,50,56
1.4348,1915,2060,50,56
1.4352,1915,2060,50,56
1.4356,1915,2060,50,56
1.4360,1915,2060,50,56
1.4364,1915,2060,50,64
1.4368,1915,2060,50,64
1.4372,1915,2060,50,64
1.4376,1915,2060,50,64
1.4380,1915,2060,50,64
1.4384,1915,2060,50,64
1.4388,1915,2060,50,64
1.4393,1915,2060,50,64
1.4397,1915,2060,50,64
1.4401,1929,2060,50,72
1.4408,1929,2060,50,72
1.4412,1929,2060,50,72
1.4417,1929,2060,50,72
1.4421,1929,2060,50,72
1.4425,1929,2060,50,72
1.4429,1929,2060,50,72
1.4433,1929,2060,50,72
1.4438,1929,2060,50,92
1.4442,1929,2060,50,92
1.4446,1929,2060,50,92
1.4450,1929,2060,50,92
1.4454,1929,2060,0,92
1.4458,1929,2060,0,92
1.4462,1929,2060,0,92
1.4467,1929,2060,0,100
1.4471,1929,2060,0,100
1.4475,1929,2060,0,100
1.4479,1929,2060,0,100
1.4483,1929,2060,0,100
1.4487,1929,2060,0,100
1.4491,1929,2060,0,100
1.4495,1929,2060,0,108
1.4499,1929,2060,0,108
1.4503,1946,2060,0,108
1.4511,1946,2060,0,108
1.4515,1946,2060,0,108
1.4520,1946,2060,0,108
1.4524,1946,2060,0,116
1.4528,1946,2060,0,116
1.4532,1946,2060,0,116
1.4536,1946,2060,0,116
1.4541,1946,2060,0,116
1.4545,1946,2060,0,116
1.4549,1946,2060,0,116
1.4553,1946,2060,0,124
1.4558,1946,2060,0,124
1.4562,1946,2060,0,124
1.4566,1946,2060,0,124
1.4571,1946,2060,0,124
1.4575,1946,2060,0,124
1.4579,1946,2060,0,124
1.4583,1946,2060,0,124
1.4587,1946,2060,0,132
1.4591,1946,2060,0,132
1.4595,1946,2060,0,132
1.4599,1946,2060,0,132
1.4603,1964,2060,0,132
1.4611,1964,2060,0,132
1.4615,1964,2060,0,140
1.4619,1964,2060,0,140
1.4623,1964,2059,0,132
1.4628,1964,2059,0,132
1.4632,1964,2059,0,132
1.4637,1964,2059,0,144
1.4641,1964,2059,0,144
1.4645,1964,2059,0,144
1.4649,1964,2059,0,144
1.4653,1964,2058,-100,136
1.4658,1964,2058,-100,136
1.4662,1964,2058,-100,136
1.4666,1964,2058,-100,144
1.4671,1964,2058,-100,144
1.4675,1964,2058,-100,144
1.4679,1964,2058,-100,144
1.4683,1964,2058,-100,152
1.4688,1964,2058,-100,152
1.4692,1964,2058,-100,152
1.4696,1964,2057,-100,144
1.4701,1983,2057,-100,152
1.4708,1983,2057,-100,152
1.4713,1983,2056,-100,144
1.4717,1983,2056,-100,144
1.4721,1983,2056,-100,144
1.4725,1983,2056,-100,144
1.4729,1983,2056,-100,144
1.4734,1983,2056,-100,152
1.4738,1983,2056,-100,152
1.4742,1983,2056,-100,152
1.4746,1983,2055,-100,144
1.4751,1983,2055,-100,144
1.4755,1983,2055,-100,152
1.4759,1983,2055,-100,152
1.4763,1983,2055,-100,152
1.4768,1983,2055,-100,152
1.4772,1983,2055,-100,160
1.4776,1983,2055,-100,160
1.4781,1983,2055,-100,160
1.4785,1983,2054,-100,152
1.4789,1983,2054,-100,152
1.4793,1983,2054,-100,160
1.4798,1983,2054,-100,160
1.4802,2004,2053,-100,152
1.4810,2004,2053,-100,152
1.4814,2004,2053,-100,160
1.4818,2004,2053,-100,160
1.4823,2004,2053,-100,160
1.4827,2004,2053,-100,160
1.4831,2004,2053,-100,160
1.4835,2004,2052,-100,144
1.4840,2004,2052,-100,144
1.4844,2004,2052,-100,144
1.4848,2004,2052,-100,144
1.4852,2004,2051,-350,144
1.4857,2004,2051,-350,144
1.4861,2004,2051,-350,144
1.4865,2004,2051,-350,144
1.4869,2004,2051,-350,144
1.4874,2004,2050,-350,144
1.4878,2004,2050,-350,144
1.4882,2004,2050,-350,144
1.4887,2004,2050,-350,144
1.4891,2004,2050,-350,144
1.4895,2004,2049,-350,144
1.4899,2004,2049,-350,144
1.4903,2025,2049,-350,144
1.4912,2025,2049,-350,152
1.4916,2025,2049,-350,152
1.4921,2025,2049,-350,152
1.4925,2025,2048,-350,144
1.4929,2025,2048,-350,144
1.4933,2025,2048,-350,152
1.4938,2025,2048,-350,152
1.4942,2025,2047,-350,144
1.4946,2025,2047,-350,144
1.4951,2025,2047,-350,144
1.4955,2025,2047,-350,152
1.4959,2025,2047,-350,152
1.4963,2025,2046,-350,144
1.4968,2025,2046,-350,144
1.4972,2025,2046,-350,152
1.4977,2025,2046,-350,152
1.4981,2025,2046,-350,152
1.4985,2025,2045,-350,144
1.4989,2025,2045,-350,144
1.4993,2025,2045,-350,152
1.4998,2025,2045,-350,152
1.5002,2047,2044,-350,144
1.5011,2047,2044,-350,144
1.5015,2047,2044,-350,152
1.5019,2047,2044,-350,152
1.5024,2047,2043,-350,144
1.5028,2047,2043,-350,144
1.5032,2047,2043,-350,148
1.5036,2047,2043,-350,148
1.5041,2047,2043,-350,148
1.5045,2047,2043,-350,148
1.5049,2047,2043,-350,148
1.5053,2047,2042,-450,148
1.5058,2047,2042,-450,148
1.5062,2047,2042,-450,148
1.5067,2047,2042,-450,148
1.5071,2047,2042,-450,148
1.5075,2047,2041,-450,148
1.5079,2047,2041,-450,148
1.5083,2047,2041,-450,148
1.5088,2047,2041,-450,148
1.5092,2047,2040,-450,148
1.5097,2047,2040,-450,148
1.5101,2068,2040,-450,148
1.5109,2068,2040,-450,148
1.5113,2068,2039,-450,140
1.5118,2068,2039,-450,140
1.5122,2068,2039,-450,148
1.5127,2068,2039,-450,148
1.5131,2068,2038,-450,140
1.5135,2068,2038,-450,140
1.5139,2068,2038,-450,140
1.5143,2068,2037,-450,140
1.5148,2068,2037,-450,140
1.5152,2068,2037,-450,140
1.5156,2068,2037,-450,140
1.5161,2068,2036,-450,132
1.5165,2068,2036,-450,132
1.5169,2068,2036,-450,132
1.5174,2068,2036,-450,140
1.5178,2068,2036,-450,140
1.5182,2068,2036,-450,140
1.5187,2068,2036,-450,140
1.5191,2068,2035,-450,140
1.5195,2068,2035,-450,140
1.5199,2068,2035,-450,140
1.5203,2089,2034,-450,132
1.5211,2089,2034,-450,132
1.5215,2089,2034,-450,132
1.5219,2089,2034,-450,132
1.5224,2089,2034,-450,140
1.5228,2089,2034,-450,140
1.5232,2089,2033,-450,120
1.5236,2089,2033,-450,120
1.5241,2089,2033,-450,128
1.5245,2089,2033,-450,128
1.5249,2089,2033,-450,128
1.5253,2089,2032,-500,120
1.5257,2089,2032,-500,120
1.5261,2089,2031,-500,112
1.5265,2089,2031,-500,112
1.5270,2089,2031,-500,112
1.5274,2089,2031,-500,120
1.5278,2089,2031,-500,120
1.5282,2089,2031,-500,120
1.5287,2089,2031,-500,120
1.5291,2089,2030,-500,112
1.5295,2089,2030,-500,112
1.5300,2089,2030,-500,112
1.5304,2110,2029,-500,112
1.5312,2110,2029,-500,112
1.5317,2110,2029,-500,112
1.5321,2110,2029,-500,112
1.5326,2110,2029,-500,112
1.5330,2110,2028,-500,112
1.5334,2110,2028,-500,112
1.5339,2110,2028,-500,112
1.5343,2110,2028,-500,112
1.5348,2110,2028,-500,112
1.5352,2110,2027,-500,104
1.5356,2110,2027,-500,104
1.5360,2110,2027,-500,112
1.5364,2110,2027,-500,112
1.5368,2110,2027,-500,112
1.5373,2110,2027,-500,112
1.5377,2110,2027,-500,112
1.5381,2110,2026,-500,104
1.5386,2110,2026,-500,104
1.5390,2110,2026,-500,104
1.5395,2110,2026,-500,104
1.5399,2110,2026,-500,104
1.5403,2129,2025,-500,104
1.5410,2129,2025,-500,104
1.5414,2129,2025,-500,104
1.5418,2129,2025,-500,104
1.5423,2129,2025,-500,104
1.5428,2129,2025,-500,104
1.5432,2129,2024,-500,104
1.5437,2129,2024,-500,104
1.5441,2129,2023,-500,96
1.5445,2129,2023,-500,96
1.5449,2129,2023,-500,96
1.5453,2129,2023,-450,96
1.5458,2129,2023,-450,96
1.5462,2129,2023,-450,96
1.5467,2129,2023,-450,96
1.5471,2129,2022,-450,96
1.5475,2129,2022,-450,96
1.5479,2129,2022,-450,96
1.5483,2129,2022,-450,96
1.5488,2129,2022,-450,96
1.5492,2129,2021,-450,88
1.5496,2129,2021,-450,88
1.5500,2146,2021,-450,88
1.5508,2146,2021,-450,88
1.5512,2146,2021,-450,96
1.5516,2146,2021,-450,96
1.5520,2146,2020,-450,88
1.5524,2146,2020,-450,88
1.5528,2146,2020,-450,88
1.5532,2146,2020,-450,88
1.5537,2146,2020,-450,88
1.5541,2146,2019,-450,80
1.5545,2146,2019,-450,80
1.5549,2146,2019,-450,80
1.5553,2146,2019,-450,80
1.5557,2146,2019,-450,80
1.5561,2146,2019,-450,88
1.5565,2146,2019,-450,88
1.5569,2146,2019,-450,88
1.5573,2146,2018,-450,80
1.5577,2146,2018,-450,80
1.5581,2146,2018,-450,80
1.5585,2146,2018,-450,80
1.5589,2146,2017,-450,72
1.5593,2146,2017,-450,72
1.5599,2146,2017,-450,72
1.5603,2163,2017,-450,72
1.5611,2163,2017,-450,80
1.5615,2163,2017,-450,80
1.5619,2163,2016,-450,72
1.5623,2163,2016,-450,72
1.5628,2163,2016,-450,72
1.5632,2163,2016,-450,64
1.5636,2163,2016,-450,64
1.5640,2163,2016,-450,64
1.5644,2163,2016,-450,64
1.5648,2163,2016,-450,64
1.5652,2163,2015,-400,56
1.5656,2163,2015,-400,56
1.5661,2163,2015,-400,56
1.5665,2163,2015,-400,56
1.5669,2163,2014,-400,56
1.5673,2163,2014,-400,56
1.5678,2163,2014,-400,56
1.5682,2163,2014,-400,56
1.5686,2163,2014,-400,56
1.5691,2163,2014,-400,56
1.5695,2163,2014,-400,56
1.5699,2163,2013,-400,48
1.5703,2178,2013,-400,48
1.5711,2178,2013,-400,48
1.5715,2178,2013,-400,48
1.5719,2178,2013,-400,48
1.5723,2178,2013,-400,48
1.5727,2178,2013,-400,48
1.5731,2178,2013,-400,48
1.5735,2178,2013,-400,48
1.5739,2178,2012,-400,40
1.5743,2178,2012,-400,40
1.5748,2178,2012,-400,40
1.5752,2178,2012,-400,48
1.5756,2178,2012,-400,48
1.5760,2178,2012,-400,48
1.5764,2178,2012,-400,48
1.5768,2178,2012,-400,48
1.5772,2178,2012,-400,48
1.5776,2178,2012,-400,48
1.5779,2178,2011,-400,40
1.5783,2178,2011,-400,40
1.5788,2178,2011,-400,40
1.5792,2178,2011,-400,40
1.5795,2178,2011,-400,40
1.5799,2178,2011,-400,40
1.5803,2190,2011,-400,40
1.5810,2190,2011,-400,40
1.5813,2190,2011,-400,40
1.5818,2190,2011,-400,40
1.5821,2190,2010,-400,32
1.5825,2190,2010,-400,32
1.5829,2190,2010,-400,32
1.5832,2190,2010,-400,32
1.5836,2190,2010,-400,32
1.5840,2190,2010,-400,32
1.5844,2190,2010,-400,32
1.5848,2190,2010,-400,32
1.5851,2190,2010,-250,32
1.5855,2190,2010,-250,32
1.5858,2190,2009,-250,24
1.5862,2190,2009,-250,24
1.5865,2190,2009,-250,24
1.5869,2190,2009,-250,24
1.5873,2190,2009,-250,24
1.5876,2190,2009,-250,24
1.5880,2190,2009,-250,24
1.5884,2190,2009,-250,24
1.5888,2190,2009,-250,24
1.5891,2190,2009,-250,24
1.5895,2190,2009,-250,24
1.5898,2190,2008,-250,0
1.5902,2201,2008,-250,0
1.5909,2201,2008,-250,0
1.5912,2201,2008,-250,0
1.5916,2201,2008,-250,0
1.5919,2201,2008,-250,0
1.5923,2201,2008,-250,0
1.5927,2201,2008,-250,0
1.5930,2201,2008,-250,0
1.5934,2201,2008,-250,0
1.5937,2201,2008,-250,0
1.5941,2201,2008,-250,0
1.5945,2201,2008,-250,0
1.5948,2201,2007,-250,-24
1.5952,2201,2007,-250,-24
1.5956,2201,2007,-250,-24
1.5959,2201,2007,-250,-24
1.5963,2201,2007,-250,-24
1.5966,2201,2007,-250,-24
1.5970,2201,2007,-250,-24
1.5974,2201,2007,-250,-24
1.5978,2201,2007,-250,-24
1.5981,2201,2007,-250,-24
1.5985,2201,2007,-250,-24
1.5988,2201,2007,-250,-32
1.5992,2201,2007,-250,-32
1.5996,2201,2007,-250,-32
1.5999,2201,2007,-250,-32
1.6003,2208,2007,-250,-32
1.6009,2208,2007,-250,-32
1.6013,2208,2007,-250,-32
1.6017,2208,2007,-250,-32
1.6020,2208,2007,-250,-32
1.6024,2208,2007,-250,-32
1.6028,2208,2007,-250,-32
1.6031,2208,2007,-250,-32
1.6035,2208,2007,-250,-32
1.6038,2208,2007,-250,-32
1.6042,2208,2007,-250,-32
1.6045,2208,2007,-250,-32
1.6049,2208,2007,-150,-32
1.6053,2208,2007,-150,-32
1.6056,2208,2007,-150,-32
1.6060,2208,2007,-150,-32
1.6064,2208,2007,-150,-32
1.6068,2208,2007,-150,-32
1.6071,2208,2007,-150,-32
1.6075,2208,2007,-150,-32
1.6078,2208,2007,-150,-32
1.6082,2208,2007,-150,-32
1.6086,2208,2007,-150,-32
1.6089,2208,2007,-150,-32
1.6093,2208,2007,-150,-32
1.6096,2208,2007,-150,-32
1.6100,2214,2007,-150,-32
1.6108,2214,2007,-150,-32
1.6111,2214,2007,-150,-32
1.6115,2214,2007,-150,-32
1.6118,2214,2007,-150,-32
1.6122,2214,2007,-150,-32
1.6125,2214,2007,-150,-32
1.6129,2214,2007,-150,-32
1.6132,2214,2007,-150,-32
1.6136,2214,2007,-150,-32
1.6139,2214,2007,-150,-32
1.6143,2214,2007,-150,-32
1.6146,2214,2007,-150,-32
1.6150,2214,2007,-150,-32
1.6154,2214,2007,-150,-32
1.6158,2214,2007,-150,-32
1.6161,2214,2007,-150,-32
1.6164,2214,2007,-150,-32
1.6168,2214,2007,-150,-32
1.6172,2214,2007,-150,-32
1.6175,2214,2007,-150,-32
1.6179,2214,2007,-150,-32
1.6182,2214,2007,-150,-32
1.6186,2214,2007,-150,-32
1.6189,2214,2007,-150,-40
1.6193,2214,2007,-150,-40
1.6196,2214,2007,-150,-40
1.6200,2216,2007,-150,-40
1.6208,2216,2007,-150,-40
1.6211,2216,2007,-150,-40
1.6215,2216,2007,-150,-40
1.6218,2216,2007,-150,-40
1.6222,2216,2007,-150,-40
1.6225,2216,2007,-150,-40
1.6229,2216,2007,-150,-40
1.6232,2216,2007,-150,-40
1.6236,2216,2007,-150,-40
1.6239,2216,2007,-150,-40
1.6243,2216,2007,-150,-40
1.6247,2216,2007,0,-40
1.6250,2216,2007,0,-40
1.6254,2216,2007,0,-40
1.6257,2216,2007,0,-40
1.6261,2216,2007,0,-40
1.6265,2216,2007,0,-40
1.6268,2216,2007,0,-40
1.6272,2216,2007,0,-40
1.6275,2216,2007,0,-40
1.6279,2216,2007,0,-48
1.6282,2216,2007,0,-48
1.6286,2216,2007,0,-48
1.6289,2216,2007,0,-48
1.6293,2216,2007,0,-48
1.6296,2216,2007,0,-48
1.6300,2216,2007,0,-48
1.6307,2216,2007,0,-56
1.6310,2216,2007,0,-56
1.6314,2216,2007,0,-56
1.6318,2216,2007,0,-56
1.6321,2216,2007,0,-56
1.6325,2216,2007,0,-56
1.6328,2216,2007,0,-56
1.6332,2216,2007,0,-56
1.6335,2216,2007,0,-56
1.6339,2216,2007,0,-56
1.6343,2216,2007,0,-56
1.6346,2216,2007,0,-64
1.6350,2216,2007,0,-64
1.6354,2216,2007,0,-64
1.6357,2216,2007,0,-64
1.6361,2216,2007,0,-64
1.6365,2216,2007,0,-64
1.6368,2216,2007,0,-64
1.6372,2216,2007,0,-64
1.6375,2216,2007,0,-64
1.6379,2216,2007,0,-72
1.6382,2216,2007,0,-72
1.6386,2216,2007,0,-72
1.6389,2216,2007,0,-72
1.6393,2216,2007,0,-72
1.6396,2216,2007,0,-72
1.6400,2214,2007,0,-72
1.6407,2214,2007,0,-72
1.6411,2214,2007,0,-72
1.6415,2214,2007,0,-72
1.6418,2214,2007,0,-80
1.6422,2214,2007,0,-80
1.6425,2214,2007,0,-80
1.6429,2214,2007,0,-92
1.6432,2214,2007,0,-92
1.6436,2214,2007,0,-92
1.6439,2214,2007,0,-92
1.6443,2214,2007,0,-92
1.6447,2214,2007,0,-100
1.6450,2214,2007,0,-100
1.6454,2214,2007,0,-100
1.6457,2214,2007,0,-100
1.6461,2214,2007,0,-100
1.6465,2214,2007,0,-100
1.6468,2214,2007,0,-100
1.6471,2214,2007,0,-100
1.6475,2214,2007,0,-100
1.6479,2214,2007,0,-108
1.6482,2214,2007,0,-108
1.6486,2214,2007,0,-108
1.6489,2214,2007,0,-108
1.6493,2214,2007,0,-108
1.6497,2214,2008,0,-100
1.6500,2208,2008,0,-100
1.6508,2208,2008,0,-108
1.6511,2208,2008,0,-108
1.6515,2208,2008,0,-108
1.6519,2208,2008,0,-108
1.6522,2208,2008,0,-108
1.6526,2208,2008,0,-116
1.6530,2208,2008,0,-116
1.6534,2208,2008,0,-116
1.6538,2208,2008,0,-116
1.6542,2208,2008,0,-116
1.6546,2208,2009,0,-108
1.6550,2208,2009,0,-108
1.6554,2208,2009,0,-108
1.6558,2208,2009,0,-116
1.6561,2208,2009,0,-116
1.6565,2208,2009,0,-116
1.6569,2208,2009,0,-116
1.6572,2208,2009,0,-116
1.6576,2208,2009,0,-124
1.6580,2208,2009,0,-124
1.6584,2208,2009,0,-124
1.6588,2208,2010,0,-116
1.6592,2208,2010,0,-116
1.6596,2208,2010,0,-116
1.6600,2208,2010,0,-116
1.6603,2200,2010,0,-124
1.6611,2200,2010,0,-124
1.6615,2200,2010,0,-124
1.6619,2200,2010,0,-124
1.6622,2200,2010,0,-124
1.6626,2200,2011,0,-120
1.6630,2200,2011,0,-120
1.6634,2200,2011,0,-120
1.6638,2200,2011,0,-120
1.6641,2200,2011,0,-120
1.6645,2200,2011,200,-120
1.6648,2200,2011,200,-120
1.6652,2200,2011,200,-120
1.6656,2200,2012,200,-120
1.6659,2200,2012,200,-120
1.6663,2200,2012,200,-120
1.6668,2200,2012,200,-120
1.6672,2200,2012,200,-120
1.6676,2200,2012,200,-128
1.6680,2200,2012,200,-128
1.6683,2200,2012,200,-128
1.6688,2200,2012,200,-128
1.6692,2200,2012,200,-128
1.6696,2200,2013,200,-128
1.6700,2200,2013,200,-128
1.6703,2190,2013,200,-128
1.6711,2190,2013,200,-128
1.6714,2190,2013,200,-136
1.6719,2190,2013,200,-136
1.6722,2190,2013,200,-136
1.6726,2190,2013,200,-136
1.6729,2190,2013,200,-136
1.6733,2190,2013,200,-136
1.6737,2190,2014,200,-136
1.6741,2190,2014,200,-136
1.6745,2190,2014,200,-136
1.6749,2190,2014,200,-136
1.6753,2190,2014,200,-136
1.6756,2190,2015,200,-136
1.6760,2190,2015,200,-136
1.6764,2190,2015,200,-136
1.6768,2190,2015,200,-136
1.6772,2190,2015,200,-136
1.6775,2190,2015,200,-144
1.6779,2190,2015,200,-144
1.6783,2190,2015,200,-144
1.6788,2190,2016,200,-136
1.6793,2190,2016,200,-136
1.6798,2190,2016,200,-144
1.6802,2177,2016,200,-144
1.6809,2177,2016,200,-144
1.6813,2177,2016,200,-144
1.6818,2177,2017,200,-144
1.6822,2177,2017,200,-144
1.6826,2177,2017,200,-140
1.6830,2177,2017,200,-140
1.6834,2177,2018,200,-140
1.6838,2177,2018,200,-140
1.6842,2177,2018,200,-140
1.6846,2177,2018,350,-140
1.6850,2177,2018,350,-140
1.6854,2177,2018,350,-148
1.6858,2177,2018,350,-148
1.6862,2177,2018,350,-148
1.6866,2177,2019,350,-140
1.6869,2177,2019,350,-140
1.6873,2177,2019,350,-140
1.6877,2177,2019,350,-148
1.6880,2177,2019,350,-148
1.6884,2177,2019,350,-148
1.6888,2177,2019,350,-148
1.6892,2177,2019,350,-148
1.6895,2177,2020,350,-148
1.6899,2177,2020,350,-148
1.6903,2162,2020,350,-156
1.6910,2162,2020,350,-156
1.6913,2162,2020,350,-156
1.6918,2162,2020,350,-156
1.6921,2162,2020,350,-156
1.6925,2162,2021,350,-156
1.6928,2162,2021,350,-156
1.6932,2162,2021,350,-156
1.6936,2162,2021,350,-156
1.6939,2162,2021,350,-156
1.6943,2162,2021,350,-156
1.6946,2162,2022,350,-156
1.6950,2162,2022,350,-156
1.6954,2162,2022,350,-156
1.6958,2162,2022,350,-156
1.6962,2162,2022,350,-156
1.6966,2162,2023,350,-156
1.6970,2162,2023,350,-156
1.6974,2162,2023,350,-164
1.6978,2162,2023,350,-164
1.6982,2162,2023,350,-164
1.6985,2162,2023,350,-164
1.6989,2162,2023,350,-164
1.6993,2162,2024,350,-164
1.6998,2162,2024,350,-164
1.7002,2146,2024,350,-164
1.7009,2146,2024,350,-164
1.7013,2146,2024,350,-164
1.7016,2146,2025,350,-164
1.7020,2146,2025,350,-164
1.7024,2146,2026,350,-164
1.7028,2146,2026,350,-164
1.7032,2146,2026,350,-164
1.7036,2146,2026,350,-164
1.7039,2146,2026,350,-164
1.7043,2146,2026,400,-172
1.7048,2146,2026,400,-172
1.7052,2146,2026,400,-172
1.7055,2146,2027,400,-172
1.7059,2146,2027,400,-172
1.7063,2146,2027,400,-172
1.7067,2146,2027,400,-172
1.7070,2146,2027,400,-172
1.7074,2146,2028,400,-172
1.7078,2146,2028,400,-172
1.7081,2146,2028,400,-172
1.7085,2146,2028,400,-180
1.7089,2146,2028,400,-180
1.7093,2146,2028,400,-180
1.7096,2146,2029,400,-172
1.7100,2128,2029,400,-180
1.7108,2128,2029,400,-180
1.7112,2128,2029,400,-180
1.7116,2128,2030,400,-180
1.7120,2128,2030,400,-180
1.7124,2128,2030,400,-180
1.7128,2128,2030,400,-180
1.7131,2128,2030,400,-180
1.7135,2128,2031,400,-180
1.7139,2128,2031,400,-180
1.7143,2128,2031,400,-188
1.7146,2128,2031,400,-188
1.7150,2128,2031,400,-188
1.7154,2128,2032,400,-180
1.7158,2128,2032,400,-180
1.7162,2128,2032,400,-180
1.7166,2128,2033,400,-180
1.7169,2128,2033,400,-180
1.7173,2128,2033,400,-188
1.7178,2128,2033,400,-188
1.7182,2128,2033,400,-188
1.7185,2128,2033,400,-188
1.7189,2128,2033,400,-188
1.7193,2128,2034,400,-188
1.7197,2128,2034,400,-188
1.7201,2109,2035,400,-188
1.7208,2109,2035,400,-188
1.7212,2109,2035,400,-188
1.7215,2109,2035,400,-196
1.7219,2109,2035,400,-196
1.7223,2109,2035,400,-200
1.7228,2109,2035,400,-200
1.7231,2109,2035,400,-200
1.7235,2109,2036,400,-200
1.7239,2109,2036,400,-200
1.7243,2109,2037,550,-200
1.7246,2109,2037,550,-200
1.7250,2109,2037,550,-200
1.7254,2109,2037,550,-200
1.7258,2109,2037,550,-200
1.7262,2109,2037,550,-200
1.7265,2109,2038,550,-200
1.7269,2109,2038,550,-200
1.7272,2109,2039,550,-200
1.7276,2109,2039,550,-200
1.7279,2109,2039,550,-200
1.7283,2109,2039,550,-208
1.7286,2109,2039,550,-208
1.7290,2109,2039,550,-208
1.7294,2109,2040,550,-200
1.7298,2109,2040,550,-200
1.7301,2088,2041,550,-200
1.7308,2088,2041,550,-200
1.7312,2088,2041,550,-208
1.7316,2088,2041,550,-208
1.7320,2088,2041,550,-208
1.7323,2088,2042,550,-200
1.7328,2088,2042,550,-200
1.7332,2088,2042,550,-208
1.7336,2088,2042,550,-208
1.7339,2088,2042,550,-208
1.7343,2088,2043,550,-208
1.7348,2088,2043,550,-208
1.7352,2088,2043,550,-208
1.7355,2088,2043,550,-208
1.7359,2088,2043,550,-208
1.7363,2088,2044,550,-208
1.7366,2088,2044,550,-208
1.7370,2088,2044,550,-208
1.7374,2088,2045,550,-208
1.7378,2088,2045,550,-208
1.7381,2088,2045,550,-208
1.7385,2088,2045,550,-208
1.7389,2088,2045,550,-208
1.7393,2088,2046,550,-208
1.7397,2088,2046,550,-208
1.7401,2067,2046,550,-208
1.7408,2067,2046,550,-208
1.7411,2067,2046,550,-208
1.7415,2067,2047,550,-208
1.7419,2067,2047,550,-208
1.7422,2067,2048,550,-196
1.7426,2067,2048,550,-196
1.7430,2067,2048,550,-196
1.7434,2067,2048,550,-196
1.7438,2067,2048,550,-196
1.7441,2067,2049,600,-196
1.7445,2067,2049,600,-196
1.7448,2067,2049,600,-196
1.7452,2067,2050,600,-196
1.7456,2067,2050,600,-196
1.7459,2067,2050,600,-196
1.7463,2067,2051,600,-188
1.7468,2067,2051,600,-188
1.7472,2067,2051,600,-196
1.7476,2067,2051,600,-196
1.7480,2067,2051,600,-196
1.7483,2067,2052,600,-188
1.7488,2067,2052,600,-188
1.7491,2067,2053,600,-188
1.7495,2067,2053,600,-188
1.7499,2067,2053,600,-188
1.7502,2046,2053,600,-196
1.7509,2046,2053,600,-196
1.7513,2046,2054,600,-188
1.7516,2046,2054,600,-188
1.7520,2046,2054,600,-188
1.7524,2046,2054,600,-196
1.7528,2046,2054,600,-196
1.7531,2046,2055,600,-188
1.7535,2046,2055,600,-188
1.7538,2046,2055,600,-188
1.7542,2046,2056,600,-188
1.7545,2046,2056,600,-188
1.7549,2046,2056,600,-188
1.7553,2046,2057,600,-180
1.7556,2046,2057,600,-180
1.7560,2046,2057,600,-180
1.7564,2046,2057,600,-188
1.7568,2046,2057,600,-188
1.7571,2046,2058,600,-188
1.7575,2046,2058,600,-188
1.7579,2046,2058,600,-188
1.7582,2046,2059,600,-180
1.7586,2046,2059,600,-180
1.7590,2046,2059,600,-180
1.7593,2046,2059,600,-188
1.7598,2046,2059,600,-188
1.7601,2024,2060,600,-180
1.7608,2024,2060,600,-180
1.7612,2024,2061,600,-180
1.7615,2024,2061,600,-180
1.7619,2024,2061,600,-180
1.7622,2024,2061,600,-168
1.7626,2024,2061,600,-168
1.7629,2024,2061,600,-168
1.7633,2024,2062,600,-168
1.7636,2024,2062,600,-168
1.7640,2024,2063,700,-160
1.7644,2024,2063,700,-160
1.7648,2024,2063,700,-160
1.7651,2024,2063,700,-168
1.7655,2024,2063,700,-168
1.7659,2024,2063,700,-168
1.7663,2024,2064,700,-160
1.7666,2024,2064,700,-160
1.7670,2024,2064,700,-168
1.7674,2024,2064,700,-168
1.7678,2024,2064,700,-168
1.7681,2024,2065,700,-160
1.7685,2024,2065,700,-160
1.7689,2024,2065,700,-160
1.7692,2024,2066,700,-160
1.7696,2024,2066,700,-160
1.7700,2024,2066,700,-160
1.7703,2003,2066,700,-160
1.7711,2003,2067,700,-160
1.7715,2003,2067,700,-160
1.7718,2003,2067,700,-160
1.7722,2003,2068,700,-152
1.7725,2003,2068,700,-152
1.7729,2003,2068,700,-152
1.7733,2003,2069,700,-152
1.7736,2003,2069,700,-152
1.7740,2003,2069,700,-152
1.7744,2003,2069,700,-152
1.7748,2003,2069,700,-152
1.7751,2003,2069,700,-160
1.7755,2003,2069,700,-160
1.7759,2003,2069,700,-160
1.7762,2003,2070,700,-152
1.7766,2003,2070,700,-152
1.7769,2003,2070,700,-152
1.7773,2003,2071,700,-144
1.7777,2003,2071,700,-144
1.7780,2003,2071,700,-152
1.7784,2003,2071,700,-152
1.7788,2003,2071,700,-152
1.7792,2003,2072,700,-144
1.7795,2003,2072,700,-144
1.7799,2003,2072,700,-144
1.7803,1983,2072,700,-152
1.7810,1983,2073,700,-144
1.7814,1983,2073,700,-144
1.7818,1983,2073,700,-144
1.7821,1983,2074,700,-140
1.7825,1983,2074,700,-140
1.7829,1983,2074,700,-140
1.7832,1983,2074,700,-140
1.7836,1983,2074,700,-140
1.7840,1983,2075,600,-132
1.7844,1983,2075,600,-132
1.7848,1983,2075,600,-132
1.7852,1983,2075,600,-140
1.7855,1983,2075,600,-140
1.7859,1983,2075,600,-140
1.7863,1983,2076,600,-132
1.7866,1983,2076,600,-132
1.7870,1983,2076,600,-140
1.7874,1983,2076,600,-140
1.7878,1983,2076,600,-140
1.7881,1983,2077,600,-132
1.7885,1983,2077,600,-132
1.7888,1983,2077,600,-132
1.7892,1983,2078,600,-124
1.7895,1983,2078,600,-124
1.7899,1983,2078,600,-124
1.7902,1963,2078,600,-132
1.7909,1963,2078,600,-132
1.7912,1963,2079,600,-124
1.7916,1963,2079,600,-124
1.7920,1963,2080,600,-124
1.7923,1963,2080,600,-124
1.7927,1963,2080,600,-124
1.7930,1963,2080,600,-124
1.7934,1963,2080,600,-124
1.7938,1963,2080,600,-124
1.7941,1963,2081,600,-116
1.7945,1963,2081,600,-116
1.7948,1963,2081,600,-116
1.7952,1963,2081,600,-124
1.7955,1963,2081,600,-124
1.7959,1963,2081,600,-124
1.7962,1963,2082,600,-116
1.7966,1963,2082,600,-116
1.7970,1963,2082,600,-116
1.7974,1963,2082,600,-116
1.7978,1963,2082,600,-116
1.7981,1963,2083,600,-116
1.7985,1963,2083,600,-116
1.7989,1963,2083,600,-116
1.7993,1963,2083,600,-116
1.7997,1963,2083,600,-116
1.8000,1946,2084,600,-108
1.8008,1946,2084,600,-108
1.8011,1946,2084,600,-116
1.8015,1946,2084,600,-116
1.8018,1946,2084,600,-116
1.8022,1946,2085,600,-104
1.8026,1946,2085,600,-104
1.8029,1946,2085,600,-104
1.8033,1946,2085,600,-104
1.8037,1946,2085,600,-104
1.8040,1946,2086,550,-104
1.8044,1946,2086,550,-104
1.8048,1946,2086,550,-104
1.8051,1946,2086,550,-104
1.8055,1946,2086,550,-104
1.8058,1946,2086,550,-104
1.8062,1946,2087,550,-96
1.8066,1946,2087,550,-96
1.8070,1946,2087,550,-104
1.8073,1946,2087,550,-104
1.8078,1946,2087,550,-104
1.8081,1946,2088,550,-96
1.8085,1946,2088,550,-96
1.8088,1946,2088,550,-96
1.8092,1946,2088,550,-96
1.8096,1946,2088,550,-96
1.8099,1946,2089,550,-88
1.8103,1929,2089,550,-88
1.8110,1929,2089,550,-96
1.8114,1929,2089,550,-96
1.8118,1929,2089,550,-96
1.8121,1929,2090,550,-88
1.8125,1929,2090,550,-88
1.8128,1929,2090,550,-88
1.8132,1929,2090,550,-88
1.8135,1929,2090,550,-88
1.8139,1929,2090,550,-96
1.8143,1929,2090,550,-96
1.8146,1929,2090,550,-96
1.8150,1929,2091,550,-88
1.8154,1929,2091,550,-88
1.8158,1929,2091,550,-88
1.8161,1929,2091,550,-88
1.8165,1929,2091,550,-88
1.8168,1929,2091,550,-88
1.8172,1929,2091,550,-88
1.8175,1929,2091,550,-88
1.8179,1929,2092,550,-88
1.8182,1929,2092,550,-88
1.8186,1929,2092,550,-88
1.8190,1929,2092,550,-88
1.8194,1929,2092,550,-88
1.8198,1929,2092,550,-88
1.8201,1914,2093,550,-80
1.8208,1914,2093,550,-80
1.8211,1914,2093,550,-80
1.8215,1914,2093,550,-80
1.8218,1914,2094,550,-84
1.8222,1914,2094,550,-84
1.8226,1914,2094,550,-84
1.8229,1914,2094,550,-84
1.8233,1914,2094,550,-84
1.8237,1914,2094,550,-84
1.8240,1914,2094,400,-84
1.8244,1914,2094,400,-84
1.8248,1914,2094,400,-84
1.8251,1914,2095,400,-76
1.8255,1914,2095,400,-76
1.8259,1914,2095,400,-76
1.8262,1914,2095,400,-76
1.8266,1914,2095,400,-76
1.8270,1914,2095,400,-84
1.8273,1914,2095,400,-84
1.8278,1914,2096,400,-76
1.8281,1914,2096,400,-76
1.8285,1914,2096,400,-76
1.8289,1914,2096,400,-76
1.8292,1914,2096,400,-76
1.8296,1914,2096,400,-76
1.8300,1902,2097,400,-68
1.8308,1902,2097,400,-68
1.8311,1902,2097,400,-68
1.8315,1902,2097,400,-68
1.8319,1902,2097,400,-76
1.8323,1902,2097,400,-76
1.8326,1902,2097,400,-76
1.8330,1902,2098,400,-68
1.8334,1902,2098,400,-68
1.8338,1902,2098,400,-68
1.8341,1902,2098,400,-68
1.8345,1902,2098,400,-68
1.8349,1902,2099,400,-60
1.8352,1902,2099,400,-60
1.8356,1902,2099,400,-60
1.8360,1902,2099,400,-60
1.8363,1902,2099,400,-60
1.8367,1902,2099,400,-60
1.8371,1902,2099,400,-60
1.8375,1902,2099,400,-60
1.8378,1902,2099,400,-60
1.8382,1902,2099,400,-60
1.8385,1902,2099,400,-60
1.8389,1902,2100,400,-60
1.8393,1902,2100,400,-60
1.8396,1902,2100,400,-60
1.8400,1892,2100,400,-60
1.8408,1892,2100,400,-60
1.8411,1892,2100,400,-60
1.8415,1892,2100,400,-60
1.8420,1892,2101,400,-48
1.8424,1892,2101,400,-48
1.8428,1892,2101,400,-48
1.8431,1892,2101,400,-48
1.8436,1892,2101,400,-48
1.8440,1892,2101,350,-48
1.8444,1892,2101,350,-48
1.8448,1892,2102,350,-40
1.8451,1892,2102,350,-40
1.8455,1892,2102,350,-40
1.8458,1892,2102,350,-40
1.8462,1892,2102,350,-40
1.8466,1892,2102,350,-40
1.8469,1892,2102,350,-48
1.8473,1892,2102,350,-48
1.8476,1892,2102,350,-48
1.8480,1892,2103,350,-40
1.8484,1892,2103,350,-40
1.8488,1892,2103,350,-40
1.8491,1892,2103,350,-40
1.8496,1892,2103,350,-40
1.8500,1884,2103,350,-40
1.8508,1884,2103,350,-40
1.8512,1884,2103,350,-40
1.8516,1884,2103,350,-40
1.8520,1884,2104,350,-32
1.8523,1884,2104,350,-32
1.8528,1884,2104,350,-32
1.8531,1884,2104,350,-32
1.8535,1884,2104,350,-32
1.8539,1884,2104,350,-32
1.8542,1884,2104,350,-32
1.8546,1884,2104,350,-32
1.8549,1884,2104,350,-32
1.8553,1884,2104,350,-32
1.8556,1884,2105,350,-24
1.8560,1884,2105,350,-24
1.8564,1884,2105,350,-24
1.8568,1884,2105,350,-24
1.8571,1884,2105,350,-24
1.8575,1884,2105,350,-24
1.8579,1884,2105,350,-24
1.8583,1884,2105,350,-24
1.8587,1884,2105,350,-24
1.8590,1884,2105,350,-24
1.8594,1884,2105,350,-24
1.8598,1884,2105,350,-24
1.8602,1878,2105,350,-24
1.8610,1878,2105,350,-24
1.8614,1878,2105,350,-24
1.8618,1878,2105,350,-28
1.8621,1878,2105,350,-28
1.8625,1878,2105,350,-28
1.8629,1878,2106,350,-20
1.8633,1878,2106,350,-20
1.8636,1878,2106,250,-20
1.8640,1878,2106,250,-20
1.8644,1878,2106,250,-20
1.8648,1878,2106,250,-20
1.8652,1878,2106,250,-20
1.8655,1878,2106,250,-20
1.8659,1878,2106,250,-20
1.8663,1878,2106,250,-20
1.8667,1878,2106,250,20
1.8671,1878,2106,250,20
1.8675,1878,2106,250,20
1.8679,1878,2106,250,20
1.8682,1878,2106,250,20
1.8686,1878,2107,250,28
1.8690,1878,2107,250,28
1.8694,1878,2107,250,28
1.8698,1878,2107,250,28
1.8702,1876,2107,250,28
1.8709,1876,2107,250,28
1.8713,1876,2107,250,28
1.8716,1876,2107,250,28
1.8720,1876,2107,250,28
1.8724,1876,2107,250,28
1.8728,1876,2107,250,28
1.8731,1876,2107,250,28
1.8735,1876,2107,250,28
1.8739,1876,2107,250,28
1.8743,1876,2107,250,28
1.8748,1876,2108,250,28
1.8752,1876,2108,250,28
1.8755,1876,2108,250,28
1.8759,1876,2108,250,28
1.8763,1876,2108,250,28
1.8768,1876,2108,250,28
1.8772,1876,2108,250,28
1.8776,1876,2108,250,28
1.8779,1876,2108,250,28
1.8783,1876,2108,250,28
1.8788,1876,2108,250,28
1.8792,1876,2108,250,28
1.8796,1876,2108,250,28
1.8800,1876,2108,250,28
1.8804,1876,2108,250,28
1.8811,1876,2108,250,28
1.8815,1876,2108,250,28
1.8819,1876,2108,250,40
1.8823,1876,2108,250,40
1.8828,1876,2108,250,40
1.8832,1876,2108,250,40
1.8836,1876,2108,100,40
1.8841,1876,2108,100,40
1.8845,1876,2108,100,40
1.8848,1876,2108,100,40
1.8852,1876,2108,100,40
1.8856,1876,2108,100,40
1.8860,1876,2108,100,40
1.8864,1876,2108,100,40
1.8868,1876,2108,100,40
1.8872,1876,2108,100,40
1.8876,1876,2108,100,48
1.8880,1876,2108,100,48
1.8883,1876,2108,100,48
1.8888,1876,2108,100,48
1.8891,1876,2108,100,48
1.8895,1876,2108,100,48
1.8899,1876,2108,100,48
1.8903,1878,2108,100,48
1.8910,1878,2108,100,48
1.8914,1878,2108,100,48
1.8918,1878,2108,100,56
1.8922,1878,2108,100,56
1.8927,1878,2108,100,56
1.8931,1878,2108,100,56
1.8935,1878,2108,100,56
1.8939,1878,2108,100,56
1.8944,1878,2108,100,56
1.8948,1878,2108,100,56
1.8952,1878,2108,100,56
1.8956,1878,2108,100,56
1.8960,1878,2108,100,56
1.8965,1878,2108,100,64
1.8969,1878,2108,100,64
1.8973,1878,2108,100,64
1.8977,1878,2108,100,64
1.8981,1878,2108,100,64
1.8985,1878,2108,100,64
1.8989,1878,2108,100,64
1.8993,1878,2108,100,64
1.8997,1878,2108,100,64
1.9001,1884,2108,100,72
1.9009,1884,2108,100,72
1.9014,1884,2108,100,72
1.9018,1884,2108,100,72
1.9022,1884,2108,100,72
1.9027,1884,2108,100,72
1.9031,1884,2108,100,72
1.9035,1884,2108,0,80
1.9040,1884,2108,0,80
1.9044,1884,2108,0,80
1.9048,1884,2108,0,80
1.9053,1884,2108,0,80
1.9057,1884,2108,0,80
1.9061,1884,2108,0,80
1.9065,1884,2108,0,80
1.9070,1884,2108,0,80
1.9074,1884,2108,0,88
1.9079,1884,2108,0,88
1.9083,1884,2108,0,88
1.9088,1884,2108,0,88
1.9093,1884,2108,0,88
1.9097,1884,2108,0,88
1.9101,1892,2108,0,96
1.9109,1892,2108,0,96
1.9113,1892,2108,0,96
1.9118,1892,2108,0,96
1.9123,1892,2108,0,96
1.9128,1892,2108,0,96
1.9133,1892,2108,0,96
1.9137,1892,2107,0,96
1.9141,1892,2107,0,96
1.9145,1892,2107,0,96
1.9149,1892,2107,0,96
1.9154,1892,2107,0,96
1.9158,1892,2107,0,96
1.9162,1892,2107,0,96
1.9166,1892,2107,0,104
1.9170,1892,2107,0,104
1.9174,1892,2107,0,104
1.9178,1892,2107,0,104
1.9182,1892,2107,0,104
1.9186,1892,2106,0,96
1.9191,1892,2106,0,96
1.9195,1892,2106,0,104
1.9199,1892,2106,0,104
1.9203,1902,2106,0,104
1.9211,1902,2106,0,104
1.9215,1902,2106,0,104
1.9219,1902,2106,0,104
1.9223,1902,2106,0,104
1.9226,1902,2106,0,112
1.9230,1902,2106,0,112
1.9234,1902,2106,-100,112
1.9238,1902,2106,-100,112
1.9243,1902,2106,-100,112
1.9248,1902,2105,-100,112
1.9253,1902,2105,-100,112
1.9258,1902,2105,-100,112
1.9263,1902,2105,-100,112
1.9267,1902,2105,-100,112
1.9271,1902,2105,-100,112
1.9274,1902,2105,-100,120
1.9278,1902,2105,-100,120
1.9282,1902,2105,-100,120
1.9286,1902,2104,-100,112
1.9290,1902,2104,-100,112
1.9293,1902,2104,-100,112
1.9298,1902,2104,-100,120
1.9302,1915,2104,-100,120
1.9308,1915,2104,-100,120
1.9312,1915,2104,-100,120
1.9316,1915,2103,-100,112
1.9319,1915,2103,-100,112
1.9323,1915,2103,-100,112
1.9327,1915,2103,-100,120
1.9330,1915,2103,-100,120
1.9334,1915,2103,-100,120
1.9338,1915,2103,-100,120
1.9342,1915,2103,-100,120
1.9346,1915,2102,-100,120
1.9350,1915,2102,-100,120
1.9353,1915,2102,-100,120
1.9358,1915,2102,-100,120
1.9362,1915,2102,-100,120
1.9366,1915,2102,-100,128
1.9370,1915,2102,-100,128
1.9373,1915,2101,-100,120
1.9378,1915,2101,-100,120
1.9382,1915,2101,-100,120
1.9386,1915,2101,-100,128
1.9390,1915,2101,-100,128
1.9393,1915,2101,-100,128
1.9398,1915,2101,-100,128
1.9401,1929,2100,-100,120
1.9408,1929,2100,-100,120
1.9412,1929,2100,-100,120
1.9416,1929,2100,-100,124
1.9420,1929,2100,-100,124
1.9424,1929,2100,-100,124
1.9428,1929,2100,-100,124
1.9432,1929,2100,-100,124
1.9435,1929,2100,-300,132
1.9439,1929,2100,-300,132
1.9443,1929,2099,-300,124
1.9448,1929,2099,-300,124
1.9451,1929,2099,-300,124
1.9455,1929,2099,-300,132
1.9459,1929,2099,-300,132
1.9462,1929,2099,-300,132
1.9466,1929,2098,-300,124
1.9470,1929,2098,-300,124
1.9474,1929,2098,-300,132
1.9478,1929,2098,-300,132
1.9482,1929,2098,-300,132
1.9486,1929,2098,-300,132
1.9489,1929,2098,-300,132
1.9493,1929,2098,-300,140
1.9498,1929,2098,-300,140
1.9502,1946,2097,-300,132
1.9509,1946,2097,-300,132
1.9513,1946,2097,-300,140
1.9518,1946,2097,-300,140
1.9522,1946,2097,-300,140
1.9526,1946,2096,-300,132
1.9530,1946,2096,-300,132
1.9534,1946,2096,-300,140
1.9538,1946,2096,-300,140
1.9542,1946,2096,-300,140
1.9546,1946,2096,-300,140
1.9551,1946,2096,-300,140
1.9555,1946,2095,-300,140
1.9558,1946,2095,-300,140
1.9562,1946,2095,-300,140
1.9566,1946,2095,-300,148
1.9571,1946,2095,-300,148
1.9574,1946,2095,-300,148
1.9578,1946,2095,-300,148
1.9583,1946,2094,-300,148
1.9587,1946,2094,-300,148
1.9591,1946,2094,-300,148
1.9595,1946,2094,-300,148
1.9599,1946,2094,-300,148
1.9603,1964,2093,-300,148
1.9611,1964,2093,-300,148
1.9615,1964,2093,-300,148
1.9619,1964,2093,-300,148
1.9623,1964,2092,-300,148
1.9628,1964,2092,-300,148
1.9632,1964,2092,-400,156
1.9636,1964,2092,-400,156
1.9640,1964,2092,-400,156
1.9645,1964,2091,-400,148
1.9649,1964,2091,-400,148
1.9652,1964,2091,-400,156
1.9656,1964,2091,-400,156
1.9660,1964,2091,-400,156
1.9664,1964,2091,-400,156
1.9668,1964,2091,-400,156
1.9672,1964,2090,-400,156
1.9676,1964,2090,-400,156
1.9680,1964,2090,-400,156
1.9684,1964,2090,-400,156
1.9688,1964,2090,-400,156
1.9693,1964,2089,-400,156
1.9697,1964,2089,-400,156
1.9701,1983,2089,-400,164
1.9708,1983,2089,-400,164
1.9712,1983,2089,-400,164
1.9716,1983,2089,-400,164
1.9719,1983,2089,-400,164
1.9724,1983,2088,-400,164
1.9728,1983,2088,-400,164
1.9732,1983,2087,-400,164
1.9736,1983,2087,-400,164
1.9739,1983,2087,-400,164
1.9744,1983,2087,-400,164
1.9748,1983,2087,-400,164
1.9751,1983,2087,-400,164
1.9755,1983,2087,-400,172
1.9759,1983,2087,-400,172
1.9762,1983,2086,-400,164
1.9766,1983,2086,-400,164
1.9770,1983,2086,-400,164
1.9774,1983,2085,-400,164
1.9778,1983,2085,-400,164
1.9782,1983,2085,-400,172
1.9786,1983,2085,-400,172
1.9790,1983,2085,-400,172
1.9794,1983,2085,-400,172
1.9798,1983,2085,-400,172
1.9802,2004,2084,-400,172
1.9810,2004,2084,-400,172
1.9814,2004,2084,-400,184
1.9818,2004,2084,-400,184
1.9822,2004,2083,-400,176
1.9825,2004,2083,-400,176
1.9829,2004,2083,-400,176
1.9833,2004,2083,-450,184
1.9838,2004,2083,-450,184
1.9842,2004,2082,-450,184
1.9846,2004,2082,-450,184
1.9850,2004,2082,-450,184
1.9854,2004,2082,-450,192
1.9858,2004,2082,-450,192
1.9861,2004,2081,-450,184
1.9865,2004,2081,-450,184
1.9869,2004,2081,-450,184
1.9872,2004,2081,-450,192
1.9876,2004,2081,-450,192
1.9880,2004,2081,-450,192
1.9884,2004,2080,-450,192
1.9888,2004,2080,-450,192
1.9892,2004,2079,-450,184
1.9896,2004,2079,-450,184
1.9900,2025,2079,-450,192
1.9908,2025,2079,-450,192
1.9912,2025,2078,-450,192
1.9916,2025,2078,-450,192
1.9920,2025,2078,-450,192
1.9924,2025,2078,-450,192
1.9928,2025,2078,-450,192
1.9932,2025,2077,-450,192
1.9936,2025,2077,-450,192
1.9940,2025,2077,-450,192
1.9943,2025,2077,-450,200
1.9948,2025,2077,-450,200
1.9951,2025,2076,-450,200
1.9955,2025,2076,-450,200
1.9959,2025,2076,-450,200
1.9963,2025,2076,-450,200
1.9968,2025,2076,-450,200
1.9972,2025,2075,-450,200
1.9976,2025,2075,-450,200
1.9979,2025,2075,-450,200
1.9983,2025,2075,-450,208
1.9988,2025,2075,-450,208
1.9992,2025,2074,-450,200
1.9996,2025,2074,-450,200
2.0000,2025,2074,-450,200
2.0004,2047,2074,-450,208
2.0012,2047,2073,-450,204
2.0016,2047,2073,-450,204
2.0019,2047,2073,-450,204
2.0023,2047,2072,-450,196
2.0028,2047,2072,-450,196
2.0032,2047,2072,-550,204
2.0036,2047,2072,-550,204
2.0040,2047,2072,-550,204
2.0044,2047,2071,-550,204
2.0048,2047,2071,-550,204
2.0052,2047,2070,-550,196
2.0056,2047,2070,-550,196
2.0060,2047,2070,-550,196
2.0064,2047,2070,-550,204
2.0068,2047,2070,-550,204
2.0072,2047,2069,-550,196
2.0076,2047,2069,-550,196
2.0080,2047,2069,-550,196
2.0084,2047,2069,-550,204
2.0088,2047,2069,-550,204
2.0092,2047,2068,-550,204
2.0096,2047,2068,-550,204
2.0100,2047,2068,-550,204
2.0103,2068,2067,-550,196
2.0110,2068,2067,-550,204
2.0114,2068,2067,-550,204
2.0118,2068,2067,-550,204
2.0122,2068,2066,-550,204
2.0126,2068,2066,-550,204
2.0130,2068,2065,-550,196
2.0134,2068,2065,-550,196
2.0138,2068,2065,-550,196
2.0142,2068,2065,-550,204
2.0147,2068,2065,-550,204
2.0151,2068,2064,-550,196
2.0155,2068,2064,-550,196
2.0159,2068,2064,-550,196
2.0163,2068,2064,-550,204
2.0167,2068,2064,-550,204
2.0171,2068,2063,-550,196
2.0175,2068,2063,-550,196
2.0179,2068,2063,-550,196
2.0183,2068,2062,-550,196
2.0187,2068,2062,-550,196
2.0191,2068,2062,-550,204
2.0195,2068,2062,-550,204
2.0199,2068,2062,-550,204
2.0202,2089,2061,-550,196
2.0209,2089,2061,-550,196
2.0213,2089,2060,-550,180
2.0217,2089,2060,-550,180
2.0221,2089,2060,-550,180
2.0225,2089,2060,-550,180
2.0229,2089,2060,-550,180
2.0233,2089,2059,-650,180
2.0238,2089,2059,-650,180
2.0242,2089,2058,-650,172
2.0246,2089,2058,-650,172
2.0250,2089,2058,-650,180
2.0254,2089,2058,-650,180
2.0258,2089,2058,-650,180
2.0262,2089,2057,-650,172
2.0266,2089,2057,-650,172
2.0270,2089,2056,-650,172
2.0274,2089,2056,-650,172
2.0278,2089,2056,-650,172
2.0282,2089,2055,-650,172
2.0286,2089,2055,-650,172
2.0290,2089,2055,-650,172
2.0294,2089,2055,-650,172
2.0298,2089,2055,-650,172
2.0302,2109,2054,-650,172
2.0309,2109,2054,-650,172
2.0313,2109,2054,-650,172
2.0318,2109,2054,-650,172
2.0322,2109,2053,-650,172
2.0326,2109,2053,-650,172
2.0330,2109,2052,-650,164
2.0334,2109,2052,-650,164
2.0338,2109,2052,-650,164
2.0342,2109,2052,-650,172
2.0346,2109,2052,-650,172
2.0349,2109,2051,-650,164
2.0353,2109,2051,-650,164
2.0358,2109,2051,-650,164
2.0362,2109,2050,-650,164
2.0366,2109,2050,-650,164
2.0370,2109,2050,-650,164
2.0374,2109,2050,-650,164
2.0378,2109,2050,-650,164
2.0381,2109,2049,-650,156
2.0385,2109,2049,-650,156
2.0389,2109,2049,-650,164
2.0393,2109,2049,-650,164
2.0397,2109,2049,-650,164
2.0400,2128,2048,-650,156
2.0408,2128,2048,-650,156
2.0411,2128,2047,-650,148
2.0415,2128,2047,-650,148
2.0419,2128,2047,-650,148
2.0422,2128,2046,-650,140
2.0426,2128,2046,-650,140
2.0430,2128,2046,-650,148
2.0434,2128,2046,-650,148
2.0438,2128,2046,-650,148
2.0441,2128,2045,-650,140
2.0445,2128,2045,-650,140
2.0449,2128,2045,-650,140
2.0452,2128,2044,-650,140
2.0456,2128,2044,-650,140
2.0460,2128,2044,-650,140
2.0464,2128,2044,-650,140
2.0468,2128,2044,-650,140
2.0472,2128,2043,-650,140
2.0475,2128,2043,-650,140
2.0479,2128,2043,-650,140
2.0483,2128,2043,-650,140
2.0486,2128,2043,-650,140
2.0490,2128,2042,-650,132
2.0494,2128,2042,-650,132
2.0498,2128,2042,-650,132
2.0501,2147,2041,-650,132
2.0508,2147,2041,-650,132
2.0512,2147,2041,-650,132
2.0516,2147,2041,-650,132
2.0520,2147,2040,-650,132
2.0524,2147,2040,-650,132
2.0528,2147,2040,-650,132
2.0532,2147,2040,-650,132
2.0536,2147,2040,-650,132
2.0539,2147,2039,-650,124
2.0543,2147,2039,-650,124
2.0547,2147,2039,-650,124
2.0551,2147,2039,-650,132
2.0554,2147,2039,-650,132
2.0559,2147,2038,-650,124
2.0563,2147,2038,-650,124
2.0566,2147,2038,-650,124
2.0571,2147,2037,-650,124
2.0574,2147,2037,-650,124
2.0578,2147,2037,-650,124
2.0582,2147,2037,-650,124
2.0586,2147,2037,-650,124
2.0590,2147,2036,-650,116
2.0593,2147,2036,-650,116
2.0598,2147,2036,-650,116
2.0602,2163,2036,-650,124
2.0609,2163,2035,-650,112
2.0613,2163,2035,-650,112
2.0616,2163,2035,-650,112
2.0620,2163,2034,-650,104
2.0624,2163,2034,-650,104
2.0628,2163,2034,-600,112
2.0632,2163,2034,-600,112
2.0636,2163,2034,-600,112
2.0640,2163,2034,-600,112
2.0643,2163,2034,-600,112
2.0648,2163,2034,-600,112
2.0652,2163,2033,-600,104
2.0656,2163,2033,-600,104
2.0659,2163,2032,-600,104
2.0663,2163,2032,-600,104
2.0668,2163,2032,-600,104
2.0672,2163,2032,-600,104
2.0676,2163,2032,-600,104
2.0680,2163,2031,-600,96
2.0683,2163,2031,-600,96
2.0688,2163,2031,-600,104
2.0692,2163,2031,-600,104
2.0695,2163,2031,-600,104
2.0699,2163,2031,-600,104
2.0703,2178,2031,-600,104
2.0711,2178,2030,-600,96
2.0715,2178,2030,-600,96
2.0719,2178,2029,-600,96
2.0724,2178,2029,-600,96
2.0728,2178,2029,-600,96
2.0732,2178,2029,-600,96
2.0736,2178,2029,-600,96
2.0740,2178,2029,-600,96
2.0744,2178,2029,-600,96
2.0748,2178,2028,-600,96
2.0752,2178,2028,-600,96
2.0756,2178,2028,-600,96
2.0760,2178,2028,-600,96
2.0763,2178,2028,-600,96
2.0768,2178,2028,-600,96
2.0772,2178,2028,-600,96
2.0776,2178,2028,-600,96
2.0780,2178,2027,-600,88
2.0784,2178,2027,-600,88
2.0788,2178,2027,-600,96
2.0793,2178,2027,-600,96
2.0796,2178,2027,-600,96
2.0800,2190,2026,-600,88
2.0808,2190,2026,-600,92
2.0812,2190,2026,-600,92
2.0816,2190,2026,-600,92
2.0819,2190,2025,-600,84
2.0824,2190,2025,-600,84
2.0828,2190,2025,-450,92
2.0832,2190,2025,-450,92
2.0835,2190,2025,-450,92
2.0839,2190,2024,-450,84
2.0843,2190,2024,-450,84
2.0848,2190,2024,-450,84
2.0852,2190,2024,-450,84
2.0856,2190,2024,-450,84
2.0860,2190,2023,-450,76
2.0864,2190,2023,-450,76
2.0868,2190,2023,-450,84
2.0871,2190,2023,-450,84
2.0875,2190,2023,-450,84
2.0879,2190,2022,-450,76
2.0882,2190,2022,-450,76
2.0886,2190,2022,-450,76
2.0890,2190,2022,-450,76
2.0894,2190,2022,-450,76
2.0898,2190,2022,-450,76
2.0902,2201,2022,-450,76
2.0909,2201,2021,-450,76
2.0913,2201,2021,-450,76
2.0916,2201,2021,-450,76
2.0920,2201,2021,-450,76
2.0923,2201,2021,-450,76
2.0927,2201,2021,-450,76
2.0931,2201,2021,-450,76
2.0935,2201,2021,-450,76
2.0938,2201,2021,-450,76
2.0942,2201,2021,-450,76
2.0945,2201,2021,-450,76
2.0949,2201,2020,-450,68
2.0953,2201,2020,-450,68
2.0956,2201,2020,-450,68
2.0960,2201,2020,-450,68
2.0964,2201,2020,-450,68
2.0968,2201,2019,-450,68
2.0971,2201,2019,-450,68
2.0975,2201,2019,-450,68
2.0978,2201,2019,-450,68
2.0982,2201,2019,-450,68
2.0986,2201,2019,-450,68
2.0990,2201,2019,-450,68
2.0993,2201,2019,-450,68
2.0998,2201,2018,-450,60
2.1001,2208,2018,-450,60
2.1008,2208,2018,-450,56
2.1011,2208,2018,-450,56
2.1015,2208,2018,-450,56
2.1019,2208,2017,-450,48
2.1022,2208,2017,-450,48
2.1026,2208,2017,-450,48
2.1030,2208,2017,-400,56
2.1033,2208,2017,-400,56
2.1038,2208,2017,-400,56
2.1041,2208,2017,-400,56
2.1044,2208,2017,-400,56
2.1048,2208,2017,-400,56
2.1051,2208,2017,-400,56
2.1055,2208,2017,-400,56
2.1058,2208,2016,-400,48
2.1061,2208,2016,-400,48
2.1065,2208,2016,-400,48
2.1068,2208,2016,-400,48
2.1072,2208,2016,-400,48
2.1075,2208,2016,-400,48
2.1078,2208,2015,-400,40
2.1082,2208,2015,-400,40
2.1086,2208,2015,-400,40
2.1089,2208,2015,-400,40
2.1093,2208,2015,-400,40
2.1096,2208,2015,-400,40
2.1100,2208,2015,-400,48
2.1103,2214,2015,-400,48
2.1110,2214,2015,-400,48
2.1114,2214,2015,-400,48
2.1117,2214,2014,-400,40
2.1121,2214,2014,-400,40
2.1125,2214,2014,-400,40
2.1128,2214,2014,-400,40
2.1132,2214,2014,-400,40
2.1135,2214,2014,-400,40
2.1139,2214,2014,-400,40
2.1142,2214,2014,-400,40
2.1146,2214,2014,-400,40
2.1149,2214,2014,-400,40
2.1153,2214,2014,-400,40
2.1156,2214,2013,-400,32
2.1160,2214,2013,-400,32
2.1164,2214,2013,-400,32
2.1167,2214,2013,-400,32
2.1171,2214,2013,-400,32
2.1174,2214,2013,-400,32
2.1178,2214,2013,-400,32
2.1181,2214,2013,-400,32
2.1185,2214,2013,-400,32
2.1189,2214,2013,-400,32
2.1192,2214,2013,-400,32
2.1196,2214,2013,-400,32
2.1199,2214,2013,-400,32
2.1203,2216,2012,-400,24
2.1209,2216,2012,-400,24
2.1213,2216,2012,-400,24
2.1217,2216,2012,-400,32
2.1220,2216,2012,-400,32
2.1224,2216,2012,-400,32
2.1228,2216,2012,-250,32
2.1231,2216,2012,-250,32
2.1235,2216,2012,-250,32
2.1238,2216,2012,-250,24
2.1242,2216,2012,-250,24
2.1245,2216,2012,-250,24
2.1249,2216,2012,-250,24
2.1252,2216,2012,-250,24
2.1256,2216,2011,-250,0
2.1259,2216,2011,-250,0
2.1263,2216,2011,-250,0
2.1267,2216,2011,-250,0
2.1270,2216,2011,-250,0
2.1274,2216,2011,-250,0
2.1278,2216,2011,-250,0
2.1281,2216,2011,-250,0
2.1285,2216,2011,-250,0
2.1288,2216,2011,-250,0
2.1292,2216,2011,-250,0
2.1295,2216,2011,-250,0
2.1299,2216,2011,-250,0
2.1302,2216,2011,-250,0
2.1309,2216,2010,-250,-24
2.1312,2216,2010,-250,-24
2.1316,2216,2010,-250,-24
2.1319,2216,2010,-250,-24
2.1323,2216,2010,-250,-24
2.1326,2216,2010,-250,-24
2.1330,2216,2010,-250,-24
2.1334,2216,2010,-250,-24
2.1338,2216,2010,-250,-24
2.1341,2216,2010,-250,-24
2.1345,2216,2010,-250,-24
2.1348,2216,2010,-250,-24
2.1352,2216,2010,-250,-24
2.1355,2216,2010,-250,-24
2.1359,2216,2010,-250,-24
2.1362,2216,2010,-250,-24
2.1366,2216,2010,-250,-32
2.1369,2216,2010,-250,-32
2.1373,2216,2010,-250,-32
2.1376,2216,2010,-250,-32
2.1380,2216,2010,-250,-32
2.1384,2216,2010,-250,-32
2.1387,2216,2010,-250,-32
2.1391,2216,2010,-250,-32
2.1395,2216,2010,-250,-32
2.1398,2216,2009,-250,-32
2.1402,2214,2009,-250,-32
2.1408,2214,2009,-250,-28
2.1412,2214,2009,-250,-28
2.1415,2214,2009,-250,-28
2.1419,2214,2009,-250,-28
2.1422,2214,2009,-250,-28
2.1426,2214,2009,-150,-28
2.1430,2214,2009,-150,-28
2.1433,2214,2009,-150,-28
2.1437,2214,2009,-150,-28
2.1441,2214,2009,-150,-28
2.1444,2214,2009,-150,-28
2.1448,2214,2009,-150,-28
2.1451,2214,2009,-150,-28
2.1455,2214,2009,-150,-28
2.1458,2214,2009,-150,-28
2.1462,2214,2009,-150,-28
2.1465,2214,2009,-150,-28
2.1469,2214,2009,-150,-28
2.1473,2214,2009,-150,-28
2.1476,2214,2009,-150,-28
2.1480,2214,2009,-150,-28
2.1484,2214,2009,-150,-28
2.1488,2214,2009,-150,-28
2.1491,2214,2009,-150,-28
2.1495,2214,2009,-150,-36
2.1498,2214,2009,-150,-36
2.1502,2208,2009,-150,-36
2.1508,2208,2009,-150,-36
2.1512,2208,2009,-150,-36
2.1515,2208,2009,-150,-36
2.1519,2208,2009,-150,-36
2.1523,2208,2009,-150,-36
2.1526,2208,2009,-150,-36
2.1530,2208,2009,-150,-36
2.1534,2208,2009,-150,-36
2.1538,2208,2009,-150,-36
2.1541,2208,2009,-150,-36
2.1545,2208,2009,-150,-44
2.1548,2208,2009,-150,-44
2.1552,2208,2009,-150,-44
2.1555,2208,2009,-150,-44
2.1559,2208,2009,-150,-44
2.1562,2208,2009,-150,-44
2.1566,2208,2009,-150,-44
2.1569,2208,2009,-150,-44
2.1573,2208,2009,-150,-44
2.1576,2208,2009,-150,-44
2.1580,2208,2009,-150,-44
2.1584,2208,2009,-150,-44
2.1588,2208,2009,-150,-44
2.1591,2208,2009,-150,-44
2.1595,2208,2009,-150,-52
2.1598,2208,2009,-150,-52
2.1602,2200,2009,-150,-52
2.1608,2200,2009,-150,-52
2.1612,2200,2009,-150,-52
2.1615,2200,2009,-150,-52
2.1619,2200,2009,-150,-52
2.1622,2200,2009,-150,-52
2.1626,2200,2009,0,-52
2.1629,2200,2009,0,-52
2.1633,2200,2009,0,-52
2.1637,2200,2009,0,-60
2.1640,2200,2009,0,-60
2.1644,2200,2009,0,-60
2.1647,2200,2009,0,-60
2.1651,2200,2009,0,-60
2.1654,2200,2009,0,-60
2.1658,2200,2009,0,-60
2.1661,2200,2009,0,-60
2.1665,2200,2009,0,-60
2.1669,2200,2009,0,-60
2.1672,2200,2009,0,-60
2.1676,2200,2009,0,-68
2.1679,2200,2009,0,-68
2.1683,2200,2009,0,-68
2.1686,2200,2009,0,-68
2.1690,2200,2009,0,-68
2.1694,2200,2009,0,-68
2.1698,2200,2009,0,-68
2.1701,2190,2009,0,-68
2.1708,2190,2009,0,-68
2.1711,2190,2009,0,-68
2.1715,2190,2009,0,-76
2.1719,2190,2009,0,-76
2.1722,2190,2009,0,-76
2.1726,2190,2009,0,-76
2.1730,2190,2009,0,-76
2.1734,2190,2009,0,-76
2.1738,2190,2009,0,-76
2.1741,2190,2009,0,-76
2.1745,2190,2009,0,-84
2.1749,2190,2009,0,-84
2.1753,2190,2009,0,-84
2.1756,2190,2009,0,-84
2.1760,2190,2009,0,-84
2.1764,2190,2009,0,-84
2.1768,2190,2009,0,-84
2.1772,2190,2009,0,-84
2.1776,2190,2009,0,-92
2.1780,2190,2009,0,-92
2.1784,2190,2009,0,-92
2.1788,2190,2009,0,-92
2.1791,2190,2009,0,-92
2.1795,2190,2009,0,-92
2.1799,2190,2009,0,-92
2.1803,2177,2009,0,-112
2.1810,2177,2009,0,-112
2.1814,2177,2009,0,-112
2.1818,2177,2009,0,-112
2.1822,2177,2009,0,-112
2.1825,2177,2009,0,-112
2.1829,2177,2009,0,-112
2.1833,2177,2009,0,-120
2.1838,2177,2009,0,-120
2.1842,2177,2009,0,-120
2.1846,2177,2009,0,-120
2.1850,2177,2009,0,-120
2.1853,2177,2009,0,-120
2.1858,2177,2009,0,-120
2.1862,2177,2009,0,-120
2.1865,2177,2009,0,-128
2.1869,2177,2009,0,-128
2.1873,2177,2009,0,-128
2.1878,2177,2009,0,-128
2.1882,2177,2009,0,-128
2.1886,2177,2009,0,-128
2.1889,2177,2009,0,-128
2.1893,2177,2009,0,-136
2.1898,2177,2009,0,-136
2.1902,2163,2009,0,-136
2.1909,2163,2009,0,-136
2.1913,2163,2010,0,-136
2.1917,2163,2010,0,-136
2.1921,2163,2010,0,-136
2.1925,2163,2010,0,-136
2.1928,2163,2010,0,-136
2.1932,2163,2010,0,-136
2.1936,2163,2010,0,-136
2.1940,2163,2010,0,-136
2.1944,2163,2010,0,-144
2.1948,2163,2010,0,-144
2.1952,2163,2010,0,-144
2.1956,2163,2010,0,-144
2.1960,2163,2010,0,-144
2.1964,2163,2011,0,-144
2.1968,2163,2011,0,-144
2.1972,2163,2011,0,-144
2.1976,2163,2011,0,-144
2.1980,2163,2011,0,-144
2.1983,2163,2011,0,-152
2.1988,2163,2011,0,-152
2.1991,2163,2011,0,-152
2.1995,2163,2012,0,-144
2.1999,2163,2012,0,-144
2.2003,2146,2012,0,-136
2.2010,2146,2012,0,-136
2.2014,2146,2012,0,-144
2.2018,2146,2012,0,-144
2.2022,2146,2012,0,-144
2.2026,2146,2012,150,-144
2.2030,2146,2012,150,-144
2.2034,2146,2013,150,-144
2.2038,2146,2013,150,-144
2.2042,2146,2013,150,-144
2.2046,2146,2013,150,-144
2.2050,2146,2013,150,-144
2.2054,2146,2014,150,-144
2.2058,2146,2014,150,-144
2.2062,2146,2014,150,-144
2.2066,2146,2014,150,-144
2.2070,2146,2014,150,-144
2.2074,2146,2014,150,-152
2.2078,2146,2014,150,-152
2.2082,2146,2015,150,-144
2.2086,2146,2015,150,-144
2.2091,2146,2015,150,-144
2.2095,2146,2015,150,-152
2.2099,2146,2015,150,-152
2.2103,2128,2015,150,-152
2.2111,2128,2015,150,-152
2.2115,2128,2016,150,-144
2.2119,2128,2016,150,-144
2.2123,2128,2016,150,-152
2.2127,2128,2016,150,-152
2.2131,2128,2016,150,-152
2.2135,2128,2017,150,-144
2.2139,2128,2017,150,-144
2.2143,2128,2017,150,-152
2.2147,2128,2017,150,-152
2.2151,2128,2017,150,-152
2.2155,2128,2018,150,-144
2.2158,2128,2018,150,-144
2.2162,2128,2018,150,-152
2.2166,2128,2018,150,-152
2.2171,2128,2018,150,-152
2.2175,2128,2018,150,-160
2.2179,2128,2018,150,-160
2.2183,2128,2019,150,-152
2.2187,2128,2019,150,-152
2.2191,2128,2019,150,-152
2.2195,2128,2019,150,-160
2.2199,2128,2019,150,-160
2.2203,2108,2020,150,-144
2.2212,2108,2020,150,-152
2.2216,2108,2020,150,-152
2.2221,2108,2020,150,-152
2.2225,2108,2020,400,-152
2.2229,2108,2020,400,-152
2.2233,2108,2020,400,-160
2.2238,2108,2020,400,-160
2.2242,2108,2021,400,-152
2.2246,2108,2021,400,-152
2.2251,2108,2021,400,-152
2.2255,2108,2021,400,-160
2.2259,2108,2021,400,-160
2.2264,2108,2022,400,-152
2.2268,2108,2022,400,-152
2.2272,2108,2022,400,-160
2.2276,2108,2022,400,-160
2.2280,2108,2022,400,-160
2.2285,2108,2023,400,-160
2.2289,2108,2023,400,-160
2.2293,2108,2023,400,-160
2.2298,2108,2023,400,-160
2.2302,2088,2024,400,-160
2.2310,2088,2024,400,-160
2.2314,2088,2024,400,-160
2.2318,2088,2024,400,-160
2.2323,2088,2025,400,-160
2.2327,2088,2025,400,-160
2.2331,2088,2025,400,-168
2.2336,2088,2025,400,-168
2.2340,2088,2025,400,-168
2.2344,2088,2026,400,-160
2.2348,2088,2026,400,-160
2.2352,2088,2026,400,-168
2.2356,2088,2026,400,-168
2.2360,2088,2026,400,-168
2.2363,2088,2027,400,-160
2.2368,2088,2027,400,-160
2.2372,2088,2027,400,-168
2.2376,2088,2027,400,-168
2.2380,2088,2027,400,-168
2.2384,2088,2028,400,-168
2.2389,2088,2028,400,-168
2.2393,2088,2028,400,-168
2.2398,2088,2028,400,-168
2.2402,2067,2029,400,-172
2.2410,2067,2029,400,-172
2.2414,2067,2029,400,-180
2.2418,2067,2029,400,-180
2.2422,2067,2030,500,-172
2.2426,2067,2030,500,-172
2.2430,2067,2030,500,-172
2.2434,2067,2030,500,-180
2.2438,2067,2030,500,-180
2.2442,2067,2031,500,-172
2.2446,2067,2031,500,-172
2.2450,2067,2031,500,-172
2.2455,2067,2031,500,-180
2.2459,2067,2031,500,-180
2.2463,2067,2032,500,-180
2.2467,2067,2032,500,-180
2.2470,2067,2032,500,-180
2.2475,2067,2032,500,-180
2.2479,2067,2032,500,-180
2.2483,2067,2033,500,-180
2.2487,2067,2033,500,-180
2.2491,2067,2033,500,-180
2.2495,2067,2033,500,-180
2.2499,2067,2033,500,-180
2.2503,2045,2034,500,-180
2.2510,2045,2034,500,-180
2.2514,2045,2034,500,-188
2.2518,2045,2034,500,-188
2.2522,2045,2035,500,-180
2.2526,2045,2035,500,-180
2.2531,2045,2035,500,-188
2.2534,2045,2035,500,-188
2.2538,2045,2035,500,-188
2.2541,2045,2036,500,-180
2.2545,2045,2036,500,-180
2.2549,2045,2036,500,-180
2.2553,2045,2037,500,-180
2.2558,2045,2037,500,-180
2.2563,2045,2037,500,-180
2.2567,2045,2037,500,-180
2.2571,2045,2038,500,-180
2.2575,2045,2038,500,-180
2.2579,2045,2038,500,-180
2.2582,2045,2039,500,-172
2.2586,2045,2039,500,-172
2.2589,2045,2039,500,-172
2.2593,2045,2039,500,-180
2.2596,2045,2039,500,-180
2.2600,2025,2040,500,-172
2.2608,2025,2040,500,-172
2.2611,2025,2040,500,-172
2.2615,2025,2040,500,-172
2.2619,2025,2040,500,-172
2.2622,2025,2041,550,-172
2.2626,2025,2041,550,-172
2.2630,2025,2041,550,-172
2.2634,2025,2041,550,-172
2.2638,2025,2041,550,-172
2.2641,2025,2042,550,-172
2.2645,2025,2042,550,-172
2.2648,2025,2042,550,-172
2.2652,2025,2042,550,-172
2.2656,2025,2042,550,-172
2.2659,2025,2042,550,-172
2.2663,2025,2043,550,-172
2.2667,2025,2043,550,-172
2.2670,2025,2044,550,-164
2.2674,2025,2044,550,-164
2.2678,2025,2044,550,-164
2.2681,2025,2044,550,-172
2.2685,2025,2044,550,-172
2.2688,2025,2044,550,-172
2.2692,2025,2045,550,-164
2.2695,2025,2045,550,-164
2.2699,2025,2045,550,-164
2.2703,2003,2045,550,-172
2.2709,2003,2045,550,-172
2.2713,2003,2046,550,-164
2.2717,2003,2046,550,-164
2.2720,2003,2047,550,-164
2.2724,2003,2047,550,-164
2.2728,2003,2047,550,-164
2.2731,2003,2047,550,-164
2.2735,2003,2047,550,-164
2.2739,2003,2047,550,-164
2.2742,2003,2048,550,-156
2.2746,2003,2048,550,-156
2.2750,2003,2048,550,-164
2.2754,2003,2048,550,-164
2.2758,2003,2048,550,-164
2.2762,2003,2049,550,-156
2.2766,2003,2049,550,-156
2.2769,2003,2049,550,-164
2.2773,2003,2049,550,-164
2.2778,2003,2049,550,-164
2.2782,2003,2050,550,-156
2.2786,2003,2050,550,-156
2.2790,2003,2051,550,-156
2.2793,2003,2051,550,-156
2.2798,2003,2051,550,-156
2.2802,1983,2051,550,-144
2.2809,1983,2052,550,-144
2.2813,1983,2052,550,-144
2.2818,1983,2052,550,-144
2.2822,1983,2053,600,-136
2.2826,1983,2053,600,-136
2.2830,1983,2053,600,-136
2.2834,1983,2053,600,-136
2.2838,1983,2053,600,-136
2.2842,1983,2054,600,-136
2.2846,1983,2054,600,-136
2.2850,1983,2054,600,-136
2.2854,1983,2054,600,-136
2.2858,1983,2054,600,-136
2.2862,1983,2055,600,-136
2.2866,1983,2055,600,-136
2.2870,1983,2055,600,-136
2.2874,1983,2055,600,-136
2.2878,1983,2055,600,-136
2.2883,1983,2056,600,-128
2.2887,1983,2056,600,-128
2.2891,1983,2057,600,-128
2.2895,1983,2057,600,-128
2.2899,1983,2057,600,-128
2.2903,1963,2057,600,-128
2.2910,1963,2058,600,-128
2.2915,1963,2058,600,-128
2.2919,1963,2058,600,-128
2.2923,1963,2058,600,-128
2.2927,1963,2058,600,-128
2.2931,1963,2059,600,-120
2.2935,1963,2059,600,-120
2.2939,1963,2059,600,-128
2.2942,1963,2059,600,-128
2.2946,1963,2059,600,-128
2.2950,1963,2060,600,-120
2.2954,1963,2060,600,-120
2.2959,1963,2060,600,-120
2.2963,1963,2060,600,-120
2.2967,1963,2060,600,-120
2.2971,1963,2061,600,-120
2.2974,1963,2061,600,-120
2.2978,1963,2061,600,-120
2.2982,1963,2061,600,-120
2.2986,1963,2061,600,-120
2.2990,1963,2062,600,-112
2.2994,1963,2062,600,-112
2.2998,1963,2062,600,-116
2.3002,1945,2062,600,-116
2.3010,1945,2063,600,-108
2.3013,1945,2063,600,-108
2.3018,1945,2063,600,-108
2.3022,1945,2063,500,-108
2.3025,1945,2063,500,-108
2.3029,1945,2064,500,-108
2.3033,1945,2064,500,-108
2.3037,1945,2064,500,-108
2.3040,1945,2064,500,-108
2.3045,1945,2064,500,-108
2.3049,1945,2065,500,-100
2.3053,1945,2065,500,-100
2.3056,1945,2065,500,-100
2.3060,1945,2065,500,-108
2.3064,1945,2065,500,-108
2.3068,1945,2066,500,-100
2.3072,1945,2066,500,-100
2.3076,1945,2066,500,-100
2.3080,1945,2066,500,-100
2.3084,1945,2066,500,-100
2.3088,1945,2067,500,-100
2.3092,1945,2067,500,-100
2.3096,1945,2067,500,-100
2.3100,1945,2067,500,-100
2.3104,1929,2067,500,-100
2.3112,1929,2067,500,-100
2.3116,1929,2067,500,-100
2.3121,1929,2068,500,-92
2.3124,1929,2068,500,-92
2.3129,1929,2068,500,-100
2.3132,1929,2068,500,-100
2.3137,1929,2068,500,-100
2.3141,1929,2069,500,-92
2.3145,1929,2069,500,-92
2.3149,1929,2069,500,-92
2.3153,1929,2069,500,-92
2.3158,1929,2070,500,-92
2.3162,1929,2070,500,-92
2.3166,1929,2070,500,-92
2.3170,1929,2070,500,-92
2.3175,1929,2070,500,-92
2.3179,1929,2070,500,-92
2.3183,1929,2070,500,-92
2.3187,1929,2070,500,-92
2.3191,1929,2071,500,-84
2.3195,1929,2071,500,-84
2.3199,1929,2071,500,-80
2.3203,1914,2071,500,-80
2.3211,1914,2071,500,-88
2.3215,1914,2071,500,-88
2.3219,1914,2072,450,-80
2.3223,1914,2072,450,-80
2.3228,1914,2073,450,-72
2.3232,1914,2073,450,-72
2.3236,1914,2073,450,-72
2.3240,1914,2073,450,-72
2.3244,1914,2073,450,-72
2.3248,1914,2073,450,-80
2.3252,1914,2073,450,-80
2.3257,1914,2073,450,-80
2.3261,1914,2074,450,-72
2.3265,1914,2074,450,-72
2.3269,1914,2074,450,-72
2.3273,1914,2074,450,-72
2.3277,1914,2074,450,-72
2.3281,1914,2075,450,-64
2.3285,1914,2075,450,-64
2.3289,1914,2075,450,-64
2.3293,1914,2075,450,-64
2.3298,1914,2075,450,-72
2.3302,1902,2075,450,-72
2.3310,1902,2076,450,-64
2.3314,1902,2076,450,-64
2.3318,1902,2076,450,-64
2.3322,1902,2076,450,-64
2.3326,1902,2076,450,-64
2.3330,1902,2076,450,-64
2.3335,1902,2076,450,-64
2.3339,1902,2076,450,-64
2.3343,1902,2076,450,-64
2.3347,1902,2077,450,-56
2.3351,1902,2077,450,-56
2.3355,1902,2077,450,-56
2.3359,1902,2077,450,-64
2.3363,1902,2077,450,-64
2.3368,1902,2078,450,-56
2.3372,1902,2078,450,-56
2.3376,1902,2078,450,-56
2.3380,1902,2078,450,-56
2.3384,1902,2078,450,-56
2.3388,1902,2078,450,-56
2.3392,1902,2078,450,-56
2.3396,1902,2078,450,-56
2.3400,1892,2079,450,-48
2.3408,1892,2079,450,-48
2.3412,1892,2079,450,-48
2.3417,1892,2079,350,-48
2.3421,1892,2079,350,-48
2.3425,1892,2079,350,-48
2.3429,1892,2080,350,-40
2.3433,1892,2080,350,-40
2.3438,1892,2080,350,-48
2.3442,1892,2080,350,-48
2.3446,1892,2080,350,-48
2.3451,1892,2080,350,-48
2.3455,1892,2080,350,-48
2.3459,1892,2080,350,-48
2.3463,1892,2080,350,-48
2.3468,1892,2081,350,-40
2.3472,1892,2081,350,-40
2.3476,1892,2081,350,-40
2.3480,1892,2081,350,-40
2.3484,1892,2081,350,-40
2.3489,1892,2081,350,-40
2.3492,1892,2081,350,-40
2.3497,1892,2081,350,-40
2.3501,1884,2081,350,-40
2.3509,1884,2082,350,-32
2.3513,1884,2082,350,-32
2.3517,1884,2082,350,-32
2.3521,1884,2082,350,-32
2.3525,1884,2082,350,-32
2.3529,1884,2082,350,-32
2.3534,1884,2082,350,-32
2.3538,1884,2082,350,-32
2.3542,1884,2082,350,-32
2.3546,1884,2083,350,-32
2.3550,1884,2083,350,-32
2.3555,1884,2083,350,-32
2.3559,1884,2083,350,-32
2.3563,1884,2083,350,-32
2.3567,1884,2083,350,-32
2.3571,1884,2083,350,-32
2.3575,1884,2083,350,-32
2.3580,1884,2083,350,-32
2.3584,1884,2083,350,-32
2.3588,1884,2083,350,-24
2.3592,1884,2083,350,-24
2.3596,1884,2084,350,0
2.3601,1878,2084,350,0
2.3608,1878,2084,350,0
2.3613,1878,2084,350,0
2.3617,1878,2084,250,0
2.3621,1878,2084,250,0
2.3626,1878,2084,250,0
2.3630,1878,2084,250,0
2.3634,1878,2084,250,0
2.3638,1878,2084,250,0
2.3642,1878,2084,250,0
2.3647,1878,2084,250,0
2.3651,1878,2084,250,0
2.3655,1878,2084,250,0
2.3659,1878,2084,250,0
2.3663,1878,2084,250,0
2.3668,1878,2084,250,0
2.3672,1878,2084,250,0
2.3676,1878,2085,250,24
2.3681,1878,2085,250,24
2.3685,1878,2085,250,24
2.3689,1878,2085,250,24
2.3693,1878,2085,250,24
2.3698,1878,2085,250,24
2.3702,1876,2085,250,32
2.3711,1876,2085,250,32
2.3715,1876,2085,250,32
2.3719,1876,2085,250,32
2.3724,1876,2085,250,32
2.3728,1876,2085,250,32
2.3732,1876,2085,250,32
2.3736,1876,2085,250,32
2.3741,1876,2085,250,32
2.3745,1876,2085,250,32
2.3749,1876,2085,250,32
2.3753,1876,2085,250,32
2.3758,1876,2085,250,32
2.3762,1876,2085,250,32
2.3767,1876,2086,250,32
2.3771,1876,2086,250,32
2.3775,1876,2086,250,32
2.3779,1876,2086,250,32
2.3784,1876,2086,250,32
2.3788,1876,2086,250,32
2.3793,1876,2086,250,32
2.3797,1876,2086,250,24
2.3801,1876,2086,250,24
2.3809,1876,2086,250,24
2.3814,1876,2086,250,24
2.3818,1876,2086,100,24
2.3822,1876,2086,100,24
2.3826,1876,2086,100,24
2.3831,1876,2086,100,24
2.3835,1876,2086,100,32
2.3839,1876,2086,100,32
2.3843,1876,2086,100,32
2.3848,1876,2086,100,32
2.3852,1876,2086,100,32
2.3856,1876,2086,100,32
2.3861,1876,2086,100,32
2.3865,1876,2086,100,32
2.3869,1876,2086,100,32
2.3873,1876,2086,100,32
2.3878,1876,2086,100,32
2.3882,1876,2086,100,32
2.3887,1876,2086,100,32
2.3891,1876,2086,100,32
2.3896,1876,2086,100,40
2.3900,1878,2086,100,40
2.3908,1878,2086,100,40
2.3913,1878,2086,100,40
2.3917,1878,2086,100,40
2.3921,1878,2086,100,40
2.3926,1878,2086,100,40
2.3930,1878,2086,100,40
2.3934,1878,2086,100,48
2.3939,1878,2086,100,48
2.3943,1878,2086,100,48
2.3948,1878,2086,100,48
2.3952,1878,2086,100,48
2.3957,1878,2086,100,48
2.3962,1878,2086,100,48
2.3966,1878,2086,100,48
2.3971,1878,2086,100,48
2.3975,1878,2086,100,56
2.3980,1878,2086,100,56
2.3984,1878,2086,100,56
2.3988,1878,2086,100,56
2.3993,1878,2086,100,56
2.3997,1878,2086,100,64
2.4001,1884,2086,100,64
2.4010,1884,2086,100,64
2.4014,1884,2086,0,72
2.4018,1884,2086,0,72
2.4023,1884,2086,0,72
2.4027,1884,2086,0,72
2.4031,1884,2086,0,72
2.4036,1884,2086,0,72
2.4041,1884,2086,0,72
2.4045,1884,2086,0,72
2.4050,1884,2086,0,72
2.4054,1884,2086,0,80
2.4059,1884,2086,0,80
2.4063,1884,2086,0,80
2.4068,1884,2086,0,80
2.4072,1884,2086,0,80
2.4077,1884,2086,0,80
2.4081,1884,2086,0,80
2.4085,1884,2086,0,88
2.4090,1884,2086,0,88
2.4094,1884,2086,0,88
2.4099,1884,2086,0,88
2.4103,1892,2086,0,88
2.4111,1892,2086,0,88
2.4116,1892,2086,0,96
2.4120,1892,2086,0,96
2.4125,1892,2086,0,96
2.4130,1892,2086,0,96
2.4134,1892,2086,0,96
2.4138,1892,2086,0,96
2.4143,1892,2086,0,96
2.4147,1892,2086,0,104
2.4151,1892,2086,0,104
2.4156,1892,2086,0,104
2.4160,1892,2086,0,104
2.4164,1892,2086,0,104
2.4169,1892,2086,0,104
2.4173,1892,2086,0,112
2.4178,1892,2086,0,112
2.4182,1892,2086,0,112
2.4187,1892,2086,0,112
2.4191,1892,2086,0,112
2.4196,1892,2086,0,120
2.4201,1902,2086,0,128
2.4210,1902,2086,0,128
2.4214,1902,2086,0,128
2.4218,1902,2086,0,128
2.4222,1902,2086,0,128
2.4226,1902,2085,0,120
2.4230,1902,2085,0,120
2.4235,1902,2085,0,128
2.4239,1902,2085,0,128
2.4243,1902,2085,0,128
2.4246,1902,2085,0,128
2.4251,1902,2085,0,128
2.4255,1902,2085,0,136
2.4259,1902,2085,0,136
2.4263,1902,2085,0,136
2.4268,1902,2085,0,136
2.4272,1902,2085,0,136
2.4276,1902,2084,0,128
2.4280,1902,2084,0,128
2.4284,1902,2084,0,136
2.4288,1902,2084,0,136
2.4292,1902,2084,0,136
2.4296,1902,2084,0,136
2.4299,1902,2084,0,136
2.4303,1915,2084,0,144
2.4311,1915,2084,0,144
2.4315,1915,2083,0,136
2.4319,1915,2083,0,136
2.4323,1915,2083,0,136
2.4327,1915,2083,0,136
2.4331,1915,2083,0,136
2.4335,1915,2083,0,144
2.4338,1915,2083,0,144
2.4342,1915,2083,0,144
2.4346,1915,2082,0,136
2.4350,1915,2082,0,136
2.4354,1915,2082,0,144
2.4358,1915,2082,0,144
2.4362,1915,2082,0,144
2.4365,1915,2082,0,144
2.4369,1915,2082,0,144
2.4373,1915,2081,0,144
2.4376,1915,2081,0,144
2.4380,1915,2081,0,144
2.4384,1915,2081,0,144
2.4388,1915,2081,0,144
2.4391,1915,2081,0,144
2.4395,1915,2081,0,144
2.4399,1915,2081,0,144
2.4403,1930,2080,0,136
2.4410,1930,2080,0,136
2.4414,1930,2080,-300,136
2.4418,1930,2080,-300,136
2.4422,1930,2079,-300,136
2.4426,1930,2079,-300,136
2.4431,1930,2079,-300,136
2.4435,1930,2079,-300,136
2.4438,1930,2079,-300,136
2.4442,1930,2079,-300,144
2.4446,1930,2079,-300,144
2.4450,1930,2079,-300,144
2.4454,1930,2078,-300,136
2.4458,1930,2078,-300,136
2.4462,1930,2078,-300,136
2.4466,1930,2078,-300,144
2.4469,1930,2078,-300,144
2.4473,1930,2077,-300,136
2.4478,1930,2077,-300,136
2.4482,1930,2077,-300,136
2.4486,1930,2077,-300,144
2.4490,1930,2077,-300,144
2.4494,1930,2077,-300,144
2.4498,1930,2077,-300,144
2.4502,1946,2077,-300,152
2.4509,1946,2077,-300,152
2.4513,1946,2076,-300,144
2.4517,1946,2076,-300,144
2.4520,1946,2076,-300,144
2.4524,1946,2076,-300,152
2.4528,1946,2076,-300,152
2.4531,1946,2076,-300,152
2.4535,1946,2076,-300,160
2.4539,1946,2076,-300,160
2.4543,1946,2075,-300,152
2.4546,1946,2075,-300,152
2.4550,1946,2075,-300,152
2.4554,1946,2075,-300,160
2.4558,1946,2075,-300,160
2.4561,1946,2075,-300,160
2.4566,1946,2074,-300,152
2.4569,1946,2074,-300,152
2.4573,1946,2074,-300,160
2.4578,1946,2074,-300,160
2.4581,1946,2074,-300,160
2.4585,1946,2073,-300,152
2.4589,1946,2073,-300,152
2.4593,1946,2073,-300,152
2.4598,1946,2073,-300,152
2.4601,1964,2072,-300,144
2.4608,1964,2072,-300,144
2.4612,1964,2072,-400,152
2.4615,1964,2072,-400,152
2.4619,1964,2072,-400,152
2.4623,1964,2071,-400,152
2.4627,1964,2071,-400,152
2.4631,1964,2071,-400,152
2.4635,1964,2071,-400,152
2.4638,1964,2071,-400,152
2.4642,1964,2071,-400,160
2.4646,1964,2071,-400,160
2.4650,1964,2071,-400,160
2.4653,1964,2070,-400,152
2.4658,1964,2070,-400,152
2.4661,1964,2070,-400,152
2.4665,1964,2070,-400,160
2.4669,1964,2070,-400,160
2.4673,1964,2069,-400,152
2.4676,1964,2069,-400,152
2.4680,1964,2069,-400,152
2.4684,1964,2069,-400,160
2.4688,1964,2069,-400,160
2.4692,1964,2068,-400,160
2.4695,1964,2068,-400,160
2.4699,1964,2068,-400,160
2.4702,1984,2068,-400,160
2.4709,1984,2068,-400,160
2.4713,1984,2067,-400,160
2.4717,1984,2067,-400,160
2.4721,1984,2067,-400,160
2.4725,1984,2067,-400,168
2.4729,1984,2067,-400,168
2.4733,1984,2066,-400,160
2.4737,1984,2066,-400,160
2.4741,1984,2066,-400,160
2.4744,1984,2066,-400,168
2.4748,1984,2066,-400,168
2.4752,1984,2065,-400,160
2.4756,1984,2065,-400,160
2.4760,1984,2065,-400,160
2.4763,1984,2065,-400,168
2.4768,1984,2065,-400,168
2.4771,1984,2064,-400,168
2.4775,1984,2064,-400,168
2.4779,1984,2064,-400,168
2.4783,1984,2064,-400,168
2.4786,1984,2064,-400,168
2.4790,1984,2064,-400,168
2.4794,1984,2063,-400,168
2.4798,1984,2063,-400,168
2.4801,2004,2063,-400,176
2.4808,2004,2063,-400,176
2.4812,2004,2062,-500,168
2.4816,2004,2062,-500,168
2.4820,2004,2062,-500,168
2.4824,2004,2062,-500,176
2.4828,2004,2062,-500,176
2.4832,2004,2061,-500,176
2.4836,2004,2061,-500,176
2.4840,2004,2061,-500,176
2.4844,2004,2061,-500,176
2.4848,2004,2061,-500,176
2.4852,2004,2060,-500,176
2.4855,2004,2060,-500,176
2.4859,2004,2060,-500,176
2.4863,2004,2060,-500,184
2.4867,2004,2060,-500,184
2.4871,2004,2059,-500,176
2.4874,2004,2059,-500,176
2.4879,2004,2059,-500,176
2.4883,2004,2059,-500,184
2.4887,2004,2059,-500,184
2.4891,2004,2058,-500,176
2.4894,2004,2058,-500,176
2.4898,2004,2058,-500,176
2.4902,2025,2057,-500,176
2.4910,2025,2057,-500,184
2.4914,2025,2057,-500,184
2.4918,2025,2057,-500,184
2.4922,2025,2056,-500,176
2.4926,2025,2056,-500,176
2.4930,2025,2056,-500,176
2.4933,2025,2055,-500,176
2.4938,2025,2055,-500,176
2.4941,2025,2055,-500,184
2.4945,2025,2055,-500,184
2.4949,2025,2055,-500,184
2.4953,2025,2055,-500,184
2.4958,2025,2055,-500,184
2.4962,2025,2054,-500,184
2.4966,2025,2054,-500,184
2.4970,2025,2054,-500,184
2.4973,2025,2054,-500,184
2.4978,2025,2054,-500,184
2.4981,2025,2053,-500,184
2.4985,2025,2053,-500,184
2.4989,2025,2053,-500,184
2.4993,2025,2053,-500,184
2.4998,2025,2053,-500,184
2.5001,2046,2052,-500,184
2.5009,2046,2052,-500,184
2.5013,2046,2051,-550,184
2.5016,2046,2051,-550,184
2.5020,2046,2051,-550,184
2.5024,2046,2051,-550,184
2.5028,2046,2051,-550,184
2.5032,2046,2050,-550,184
2.5036,2046,2050,-550,184
2.5040,2046,2050,-550,184
2.5044,2046,2049,-550,176
2.5048,2046,2049,-550,176
2.5052,2046,2049,-550,184
2.5056,2046,2049,-550,184
2.5060,2046,2048,-550,176
2.5064,2046,2048,-550,176
2.5068,2046,2048,-550,176
2.5072,2046,2048,-550,184
2.5076,2046,2048,-550,184
2.5080,2046,2047,-550,176
2.5084,2046,2047,-550,176
2.5088,2046,2047,-550,176
2.5092,2046,2047,-550,184
2.5096,2046,2047,-550,184
2.5099,2046,2047,-550,184
2.5103,2068,2046,-550,176
2.5110,2068,2045,-550,176
2.5114,2068,2045,-550,176
2.5118,2068,2045,-550,176
2.5122,2068,2045,-550,176
2.5125,2068,2045,-550,176
2.5129,2068,2045,-550,176
2.5133,2068,2044,-550,176
2.5137,2068,2044,-550,176
2.5140,2068,2043,-550,168
2.5144,2068,2043,-550,168
2.5148,2068,2043,-550,168
2.5152,2068,2043,-550,176
2.5156,2068,2043,-550,176
2.5159,2068,2042,-550,168
2.5163,2068,2042,-550,168
2.5168,2068,2042,-550,168
2.5171,2068,2042,-550,176
2.5175,2068,2042,-550,176
2.5179,2068,2042,-550,176
2.5183,2068,2041,-550,168
2.5186,2068,2041,-550,168
2.5190,2068,2040,-550,152
2.5194,2068,2040,-550,152
2.5198,2068,2040,-550,152
2.5202,2089,2040,-550,152
2.5209,2089,2040,-550,152
2.5213,2089,2039,-600,152
2.5216,2089,2039,-600,152
2.5220,2089,2038,-600,144
2.5224,2089,2038,-600,144
2.5228,2089,2038,-600,144
2.5232,2089,2038,-600,152
2.5236,2089,2038,-600,152
2.5240,2089,2037,-600,144
2.5244,2089,2037,-600,144
2.5248,2089,2037,-600,144
2.5252,2089,2036,-600,136
2.5256,2089,2036,-600,136
2.5260,2089,2036,-600,144
2.5263,2089,2036,-600,144
2.5268,2089,2036,-600,144
2.5271,2089,2035,-600,136
2.5275,2089,2035,-600,136
2.5279,2089,2034,-600,136
2.5283,2089,2034,-600,136
2.5287,2089,2034,-600,136
2.5291,2089,2034,-600,136
2.5295,2089,2034,-600,136
2.5299,2089,2034,-600,144
2.5303,2109,2034,-600,144
2.5311,2109,2033,-600,136
2.5315,2109,2033,-600,136
2.5319,2109,2033,-600,136
2.5323,2109,2033,-600,136
2.5327,2109,2033,-600,136
2.5331,2109,2032,-600,136
2.5335,2109,2032,-600,136
2.5339,2109,2031,-600,128
2.5343,2109,2031,-600,128
2.5348,2109,2031,-600,128
2.5352,2109,2031,-600,136
2.5356,2109,2031,-600,136
2.5360,2109,2030,-600,128
2.5364,2109,2030,-600,128
2.5368,2109,2030,-600,128
2.5372,2109,2030,-600,128
2.5376,2109,2030,-600,128
2.5380,2109,2029,-600,128
2.5383,2109,2029,-600,128
2.5388,2109,2029,-600,128
2.5392,2109,2029,-600,124
2.5396,2109,2029,-600,124
2.5400,2109,2028,-600,116
2.5404,2129,2028,-600,116
2.5412,2129,2028,-550,124
2.5416,2129,2028,-550,124
2.5420,2129,2027,-550,116
2.5424,2129,2027,-550,116
2.5428,2129,2027,-550,124
2.5432,2129,2027,-550,124
2.5437,2129,2027,-550,124
2.5441,2129,2026,-550,116
2.5445,2129,2026,-550,116
2.5449,2129,2026,-550,116
2.5453,2129,2026,-550,116
2.5458,2129,2026,-550,116
2.5462,2129,2025,-550,116
2.5466,2129,2025,-550,116
2.5470,2129,2025,-550,116
2.5473,2129,2025,-550,116
2.5478,2129,2025,-550,116
2.5481,2129,2024,-550,108
2.5485,2129,2024,-550,108
2.5489,2129,2024,-550,116
2.5493,2129,2024,-550,116
2.5498,2129,2024,-550,116
2.5501,2147,2023,-550,108
2.5508,2147,2022,-550,100
2.5512,2147,2022,-550,100
2.5516,2147,2022,-550,100
2.5520,2147,2022,-550,100
2.5524,2147,2022,-550,100
2.5528,2147,2022,-550,108
2.5532,2147,2022,-550,108
2.5536,2147,2022,-550,108
2.5539,2147,2021,-550,100
2.5544,2147,2021,-550,100
2.5548,2147,2021,-550,100
2.5552,2147,2021,-550,100
2.5556,2147,2021,-550,100
2.5560,2147,2020,-550,100
2.5564,2147,2020,-550,100
2.5568,2147,2020,-550,100
2.5572,2147,2020,-550,100
2.5576,2147,2020,-550,100
2.5581,2147,2019,-550,92
2.5585,2147,2019,-550,92
2.5589,2147,2019,-550,88
2.5593,2147,2019,-550,88
2.5597,2147,2019,-550,88
2.5601,2163,2018,-550,88
2.5609,2163,2018,-500,88
2.5613,2163,2018,-500,88
2.5616,2163,2018,-500,88
2.5620,2163,2017,-500,80
2.5624,2163,2017,-500,80
2.5628,2163,2017,-500,80
2.5632,2163,2017,-500,80
2.5636,2163,2017,-500,80
2.5639,2163,2016,-500,80
2.5644,2163,2016,-500,80
2.5648,2163,2016,-500,80
2.5652,2163,2016,-500,80
2.5656,2163,2016,-500,80
2.5660,2163,2016,-500,80
2.5664,2163,2016,-500,80
2.5668,2163,2015,-500,72
2.5671,2163,2015,-500,72
2.5675,2163,2015,-500,72
2.5679,2163,2015,-500,80
2.5683,2163,2015,-500,80
2.5687,2163,2015,-500,80
2.5690,2163,2014,-500,72
2.5694,2163,2014,-500,72
2.5698,2163,2014,-500,72
2.5702,2178,2014,-500,72
2.5710,2178,2013,-500,64
2.5714,2178,2013,-500,64
2.5718,2178,2013,-500,72
2.5722,2178,2013,-500,72
2.5726,2178,2013,-500,72
2.5731,2178,2013,-500,72
2.5735,2178,2013,-500,72
2.5739,2178,2013,-500,72
2.5742,2178,2013,-500,72
2.5746,2178,2013,-500,72
2.5751,2178,2012,-500,64
2.5755,2178,2012,-500,64
2.5759,2178,2012,-500,64
2.5763,2178,2012,-500,64
2.5767,2178,2012,-500,64
2.5772,2178,2012,-500,64
2.5775,2178,2012,-500,64
2.5779,2178,2011,-500,64
2.5783,2178,2011,-500,64
2.5787,2178,2011,-500,68
2.5791,2178,2011,-500,68
2.5795,2178,2011,-500,68
2.5799,2178,2010,-500,60
2.5804,2191,2010,-400,60
2.5812,2191,2010,-400,60
2.5816,2191,2010,-400,60
2.5820,2191,2010,-400,60
2.5824,2191,2010,-400,60
2.5828,2191,2009,-400,52
2.5832,2191,2009,-400,52
2.5836,2191,2009,-400,52
2.5840,2191,2009,-400,60
2.5844,2191,2009,-400,60
2.5848,2191,2009,-400,60
2.5852,2191,2009,-400,60
2.5856,2191,2008,-400,52
2.5861,2191,2008,-400,52
2.5864,2191,2008,-400,52
2.5868,2191,2008,-400,52
2.5872,2191,2008,-400,52
2.5876,2191,2008,-400,52
2.5881,2191,2008,-400,52
2.5885,2191,2008,-400,52
2.5889,2191,2008,-400,52
2.5893,2191,2008,-400,52
2.5897,2191,2007,-400,44
2.5901,2201,2007,-400,44
2.5908,2201,2007,-400,44
2.5912,2201,2007,-400,44
2.5915,2201,2007,-400,44
2.5919,2201,2007,-400,52
2.5923,2201,2007,-400,52
2.5928,2201,2007,-400,52
2.5932,2201,2007,-400,52
2.5935,2201,2007,-400,52
2.5939,2201,2007,-400,52
2.5943,2201,2007,-400,52
2.5946,2201,2006,-400,44
2.5950,2201,2006,-400,44
2.5954,2201,2006,-400,44
2.5957,2201,2006,-400,44
2.5961,2201,2006,-400,44
2.5965,2201,2006,-400,44
2.5969,2201,2006,-400,44
2.5973,2201,2006,-400,44
2.5977,2201,2006,-400,44
2.5980,2201,2006,-400,44
2.5984,2201,2006,-400,44
2.5987,2201,2005,-400,32
2.5991,2201,2005,-400,32
2.5995,2201,2005,-400,32
2.5998,2201,2005,-400,32
2.6002,2208,2005,-400,32
2.6009,2208,2005,-250,32
2.6012,2208,2005,-250,32
2.6016,2208,2005,-250,32
2.6020,2208,2005,-250,32
2.6023,2208,2005,-250,32
2.6028,2208,2004,-250,24
2.6031,2208,2004,-250,24
2.6035,2208,2004,-250,24
2.6038,2208,2004,-250,24
2.6042,2208,2004,-250,24
2.6046,2208,2004,-250,24
2.6049,2208,2004,-250,24
2.6053,2208,2004,-250,24
2.6058,2208,2004,-250,24
2.6061,2208,2004,-250,24
2.6065,2208,2004,-250,24
2.6068,2208,2003,-250,0
2.6072,2208,2003,-250,0
2.6075,2208,2003,-250,0
2.6079,2208,2003,-250,0
2.6083,2208,2003,-250,0
2.6086,2208,2003,-250,0
2.6089,2208,2003,-250,0
2.6093,2208,2003,-250,0
2.6097,2208,2003,-250,0
2.6100,2214,2003,-250,0
2.6107,2214,2003,-250,0
2.6111,2214,2003,-250,0
2.6115,2214,2003,-250,0
2.6118,2214,2003,-250,0
2.6122,2214,2003,-250,0
2.6125,2214,2003,-250,-24
2.6129,2214,2002,-250,-24
2.6133,2214,2002,-250,-24
2.6136,2214,2002,-250,-24
2.6140,2214,2002,-250,-24
2.6144,2214,2002,-250,-24
2.6148,2214,2002,-250,-32
2.6151,2214,2002,-250,-32
2.6155,2214,2002,-250,-32
2.6158,2214,2002,-250,-32
2.6162,2214,2002,-250,-32
2.6165,2214,2002,-250,-32
2.6169,2214,2002,-250,-32
2.6173,2214,2002,-250,-32
2.6176,2214,2002,-250,-32
2.6180,2214,2002,-250,-32
2.6183,2214,2002,-250,-32
2.6186,2214,2002,-250,-32
2.6190,2214,2002,-250,-32
2.6194,2214,2002,-250,-32
2.6197,2214,2002,-250,-32
2.6201,2216,2002,-250,-32
2.6208,2216,2002,-150,-32
2.6211,2216,2002,-150,-32
2.6215,2216,2002,-150,-32
2.6218,2216,2002,-150,-32
2.6222,2216,2002,-150,-32
2.6225,2216,2002,-150,-32
2.6229,2216,2002,-150,-32
2.6232,2216,2002,-150,-32
2.6236,2216,2002,-150,-32
2.6240,2216,2002,-150,-32
2.6243,2216,2002,-150,-32
2.6246,2216,2001,-150,-32
2.6250,2216,2001,-150,-32
2.6253,2216,2001,-150,-32
2.6257,2216,2001,-150,-32
2.6261,2216,2001,-150,-32
2.6265,2216,2001,-150,-32
2.6268,2216,2001,-150,-32
2.6272,2216,2001,-150,-32
2.6275,2216,2001,-150,-32
2.6279,2216,2001,-150,-32
2.6283,2216,2001,-150,-32
2.6286,2216,2001,-150,-40
2.6290,2216,2001,-150,-40
2.6294,2216,2001,-150,-40
2.6297,2216,2001,-150,-40
2.6301,2216,2001,-150,-40
2.6308,2216,2001,-150,-40
2.6312,2216,2001,-150,-40
2.6315,2216,2001,-150,-40
2.6319,2216,2001,-150,-40
2.6323,2216,2001,-150,-40
2.6326,2216,2001,-150,-40
2.6330,2216,2001,-150,-40
2.6334,2216,2001,-150,-40
2.6338,2216,2001,-150,-48
2.6341,2216,2001,-150,-48
2.6345,2216,2001,-150,-48
2.6348,2216,2001,-150,-48
2.6352,2216,2001,-150,-48
2.6355,2216,2001,-150,-48
2.6359,2216,2001,-150,-48
2.6363,2216,2001,-150,-48
2.6366,2216,2001,-150,-48
2.6370,2216,2001,-150,-48
2.6374,2216,2001,-150,-48
2.6378,2216,2001,-150,-48
2.6382,2216,2001,-150,-48
2.6386,2216,2001,-150,-52
2.6389,2216,2001,-150,-52
2.6393,2216,2001,-150,-52
2.6398,2216,2001,-150,-52
2.6402,2214,2001,-50,-52
2.6409,2214,2001,-50,-52
2.6412,2214,2001,-50,-52
2.6417,2214,2001,-50,-52
2.6420,2214,2001,-50,-52
2.6424,2214,2001,-50,-60
2.6428,2214,2001,-50,-60
2.6432,2214,2001,-50,-60
2.6436,2214,2001,-50,-60
2.6440,2214,2001,-50,-60
2.6444,2214,2001,-50,-60
2.6448,2214,2001,-50,-60
2.6452,2214,2001,-50,-60
2.6455,2214,2001,-50,-60
2.6459,2214,2001,-50,-60
2.6463,2214,2001,-50,-60
2.6468,2214,2001,-50,-68
2.6471,2214,2001,-50,-68
2.6475,2214,2001,-50,-68
2.6479,2214,2001,-50,-68
2.6483,2214,2001,-50,-68
2.6487,2214,2001,-50,-68
2.6491,2214,2001,-50,-68
2.6494,2214,2001,-50,-68
2.6498,2214,2001,-50,-68
2.6501,2208,2001,-50,-76
2.6508,2208,2001,-50,-76
2.6512,2208,2001,-50,-76
2.6515,2208,2001,-50,-76
2.6519,2208,2001,-50,-76
2.6523,2208,2001,-50,-76
2.6526,2208,2001,-50,-76
2.6530,2208,2001,-50,-76
2.6534,2208,2001,-50,-84
2.6539,2208,2001,-50,-84
2.6543,2208,2001,-50,-84
2.6547,2208,2001,-50,-84
2.6551,2208,2001,-50,-84
2.6555,2208,2001,-50,-84
2.6559,2208,2001,-50,-84
2.6563,2208,2001,-50,-84
2.6567,2208,2001,-50,-92
2.6571,2208,2001,-50,-92
2.6575,2208,2001,-50,-92
2.6579,2208,2001,-50,-92
2.6583,2208,2001,-50,-92
2.6587,2208,2001,-50,-100
2.6591,2208,2001,-50,-100
2.6595,2208,2001,-50,-100
2.6599,2208,2001,-50,-100
2.6603,2200,2001,0,-108
2.6612,2200,2001,0,-108
2.6616,2200,2001,0,-108
2.6620,2200,2001,0,-108
2.6624,2200,2001,0,-116
2.6628,2200,2001,0,-116
2.6632,2200,2001,0,-116
2.6636,2200,2001,0,-116
2.6641,2200,2001,0,-116
2.6644,2200,2001,0,-116
2.6649,2200,2001,0,-116
2.6653,2200,2001,0,-116
2.6656,2200,2001,0,-124
2.6660,2200,2001,0,-124
2.6664,2200,2001,0,-124
2.6668,2200,2001,0,-124
2.6672,2200,2001,0,-124
2.6677,2200,2001,0,-124
2.6681,2200,2001,0,-124
2.6685,2200,2002,0,-124
2.6689,2200,2002,0,-124
2.6693,2200,2002,0,-124
2.6698,2200,2002,0,-124
2.6702,2190,2002,0,-124
2.6709,2190,2002,0,-124
2.6713,2190,2002,0,-132
2.6718,2190,2002,0,-132
2.6722,2190,2002,0,-132
2.6726,2190,2003,0,-124
2.6730,2190,2003,0,-124
2.6735,2190,2003,0,-132
2.6738,2190,2003,0,-132
2.6742,2190,2003,0,-132
2.6746,2190,2003,0,-132
2.6750,2190,2003,0,-132
2.6754,2190,2004,0,-124
2.6759,2190,2004,0,-124
2.6763,2190,2004,0,-132
2.6767,2190,2004,0,-132
2.6771,2190,2004,0,-132
2.6775,2190,2004,0,-132
2.6779,2190,2004,0,-132
2.6783,2190,2005,0,-128
2.6787,2190,2005,0,-128
2.6791,2190,2005,0,-128
2.6795,2190,2005,0,-128
2.6799,2190,2005,0,-128
2.6803,2177,2005,200,-136
2.6811,2177,2005,200,-136
2.6815,2177,2006,200,-128
2.6819,2177,2006,200,-128
2.6822,2177,2006,200,-128
2.6826,2177,2006,200,-128
2.6829,2177,2006,200,-128
2.6833,2177,2006,200,-136
2.6838,2177,2006,200,-136
2.6841,2177,2006,200,-136
2.6845,2177,2006,200,-136
2.6849,2177,2006,200,-136
2.6853,2177,2007,200,-136
2.6857,2177,2007,200,-136
2.6861,2177,2007,200,-136
2.6865,2177,2007,200,-136
2.6869,2177,2007,200,-136
2.6873,2177,2007,200,-144
2.6878,2177,2007,200,-144
2.6882,2177,2008,200,-136
2.6886,2177,2008,200,-136
2.6890,2177,2008,200,-136
2.6894,2177,2008,200,-144
2.6899,2177,2008,200,-144
2.6902,2162,2009,200,-136
2.6909,2162,2009,200,-136
2.6913,2162,2009,200,-144
2.6917,2162,2009,200,-144
2.6920,2162,2009,200,-144
2.6924,2162,2009,200,-144
2.6927,2162,2009,200,-144
2.6931,2162,2009,200,-144
2.6934,2162,2009,200,-152
2.6938,2162,2009,200,-152
2.6942,2162,2010,200,-144
2.6946,2162,2010,200,-144
2.6950,2162,2010,200,-144
2.6953,2162,2010,200,-152
2.6958,2162,2010,200,-152
2.6961,2162,2010,200,-152
2.6965,2162,2011,200,-144
2.6968,2162,2011,200,-144
2.6972,2162,2011,200,-152
2.6976,2162,2011,200,-152
2.6979,2162,2011,200,-152
2.6983,2162,2012,200,-136
2.6986,2162,2012,200,-136
2.6990,2162,2012,200,-136
2.6994,2162,2012,200,-144
2.6997,2162,2012,200,-144
2.7001,2146,2012,350,-144
2.7008,2146,2012,350,-144
2.7011,2146,2012,350,-144
2.7015,2146,2013,350,-144
2.7018,2146,2013,350,-144
2.7022,2146,2013,350,-144
2.7025,2146,2013,350,-144
2.7029,2146,2013,350,-144
2.7032,2146,2014,350,-144
2.7036,2146,2014,350,-144
2.7039,2146,2014,350,-144
2.7043,2146,2014,350,-152
2.7048,2146,2014,350,-152
2.7052,2146,2014,350,-152
2.7055,2146,2014,350,-152
2.7059,2146,2014,350,-152
2.7063,2146,2015,350,-152
2.7068,2146,2015,350,-152
2.7071,2146,2015,350,-152
2.7075,2146,2015,350,-152
2.7078,2146,2015,350,-152
2.7082,2146,2016,350,-152
2.7086,2146,2016,350,-152
2.7090,2146,2016,350,-152
2.7093,2146,2016,350,-152
2.7098,2146,2016,350,-152
2.7101,2128,2017,350,-152
2.7109,2128,2017,350,-152
2.7113,2128,2017,350,-160
2.7116,2128,2017,350,-160
2.7120,2128,2017,350,-160
2.7124,2128,2018,350,-152
2.7129,2128,2018,350,-152
2.7133,2128,2018,350,-160
2.7137,2128,2018,350,-160
2.7141,2128,2018,350,-160
2.7145,2128,2019,350,-152
2.7149,2128,2019,350,-152
2.7153,2128,2019,350,-160
2.7158,2128,2019,350,-160
2.7162,2128,2019,350,-168
2.7166,2128,2019,350,-168
2.7170,2128,2019,350,-168
2.7174,2128,2020,350,-160
2.7179,2128,2020,350,-160
2.7183,2128,2020,350,-176
2.7187,2128,2020,350,-176
2.7191,2128,2020,350,-176
2.7195,2128,2020,350,-176
2.7199,2128,2020,350,-176
2.7203,2108,2021,450,-176
2.7212,2108,2021,450,-184
2.7216,2108,2021,450,-184
2.7220,2108,2021,450,-184
2.7225,2108,2022,450,-176
2.7229,2108,2022,450,-176
2.7233,2108,2022,450,-184
2.7237,2108,2022,450,-184
2.7241,2108,2023,450,-184
2.7245,2108,2023,450,-184
2.7249,2108,2023,450,-184
2.7253,2108,2023,450,-184
2.7258,2108,2023,450,-184
2.7262,2108,2024,450,-184
2.7266,2108,2024,450,-184
2.7271,2108,2025,450,-184
2.7275,2108,2025,450,-184
2.7279,2108,2025,450,-184
2.7283,2108,2025,450,-184
2.7288,2108,2025,450,-184
2.7292,2108,2026,450,-184
2.7296,2108,2026,450,-184
2.7300,2088,2026,450,-192
2.7308,2088,2026,450,-192
2.7312,2088,2027,450,-184
2.7317,2088,2027,450,-184
2.7321,2088,2027,450,-192
2.7325,2088,2027,450,-192
2.7329,2088,2027,450,-192
2.7333,2088,2028,450,-192
2.7338,2088,2028,450,-192
2.7342,2088,2028,450,-192
2.7346,2088,2028,450,-192
2.7350,2088,2029,450,-192
2.7355,2088,2029,450,-192
2.7359,2088,2029,450,-192
2.7363,2088,2030,450,-192
2.7367,2088,2030,450,-192
2.7371,2088,2030,450,-192
2.7375,2088,2030,450,-192
2.7379,2088,2030,450,-192
2.7384,2088,2030,450,-196
2.7388,2088,2030,450,-196
2.7392,2088,2031,450,-196
2.7396,2088,2031,450,-196
2.7400,2067,2032,550,-188
2.7408,2067,2032,550,-188
2.7412,2067,2032,550,-196
2.7417,2067,2032,550,-196
2.7421,2067,2033,550,-196
2.7425,2067,2033,550,-196
2.7429,2067,2033,550,-196
2.7433,2067,2033,550,-196
2.7438,2067,2033,550,-196
2.7442,2067,2034,550,-196
2.7446,2067,2034,550,-196
2.7450,2067,2035,550,-188
2.7454,2067,2035,550,-188
2.7458,2067,2035,550,-188
2.7462,2067,2035,550,-196
2.7467,2067,2035,550,-196
2.7471,2067,2036,550,-196
2.7475,2067,2036,550,-196
2.7479,2067,2036,550,-196
2.7483,2067,2037,550,-188
2.7487,2067,2037,550,-188
2.7491,2067,2037,550,-196
2.7495,2067,2037,550,-196
2.7499,2067,2037,550,-196
2.7504,2045,2038,550,-188
2.7512,2045,2038,550,-196
2.7516,2045,2038,550,-196
2.7520,2045,2039,550,-196
2.7525,2045,2039,550,-196
2.7529,2045,2039,550,-196
2.7533,2045,2040,550,-188
2.7537,2045,2040,550,-188
2.7542,2045,2041,550,-188
2.7546,2045,2041,550,-188
2.7550,2045,2041,550,-188
2.7554,2045,2041,550,-188
2.7558,2045,2041,550,-188
2.7562,2045,2042,550,-188
2.7567,2045,2042,550,-188
2.7571,2045,2042,550,-188
2.7575,2045,2042,550,-188
2.7580,2045,2043,550,-172
2.7584,2045,2043,550,-172
2.7588,2045,2043,550,-172
2.7592,2045,2043,550,-172
2.7596,2045,2043,550,-172
2.7600,2045,2044,600,-172
2.7604,2024,2044,600,-172
2.7612,2024,2045,600,-164
2.7616,2024,2045,600,-164
2.7620,2024,2045,600,-172
2.7624,2024,2045,600,-172
2.7628,2024,2045,600,-172
2.7632,2024,2046,600,-164
2.7635,2024,2046,600,-164
2.7639,2024,2046,600,-164
2.7643,2024,2047,600,-164
2.7647,2024,2047,600,-164
2.7651,2024,2047,600,-172
2.7654,2024,2047,600,-172
2.7658,2024,2047,600,-172
2.7662,2024,2048,600,-164
2.7666,2024,2048,600,-164
2.7670,2024,2048,600,-172
2.7674,2024,2048,600,-172
2.7678,2024,2048,600,-172
2.7682,2024,2049,600,-164
2.7686,2024,2049,600,-164
2.7690,2024,2050,600,-164
2.7694,2024,2050,600,-164
2.7698,2024,2050,600,-164
2.7702,2003,2050,600,-164
2.7709,2003,2051,600,-156
2.7714,2003,2051,600,-156
2.7718,2003,2051,600,-156
2.7722,2003,2052,600,-156
2.7725,2003,2052,600,-156
2.7729,2003,2052,600,-156
2.7733,2003,2052,600,-156
2.7738,2003,2052,600,-156
2.7742,2003,2053,600,-156
2.7746,2003,2053,600,-156
2.7750,2003,2054,600,-148
2.7754,2003,2054,600,-148
2.7758,2003,2054,600,-148
2.7762,2003,2054,600,-156
2.7766,2003,2054,600,-156
2.7770,2003,2054,600,-156
2.7775,2003,2054,600,-156
2.7778,2003,2055,600,-152
2.7782,2003,2055,600,-152
2.7786,2003,2055,600,-152
2.7790,2003,2056,600,-144
2.7794,2003,2056,600,-144
2.7798,2003,2056,600,-144
2.7802,1983,2056,600,-152
2.7809,1983,2057,600,-144
2.7814,1983,2057,600,-144
2.7818,1983,2057,600,-144
2.7822,1983,2058,600,-136
2.7826,1983,2058,600,-136
2.7830,1983,2058,600,-144
2.7834,1983,2058,600,-144
2.7838,1983,2059,600,-136
2.7842,1983,2059,600,-136
2.7846,1983,2059,600,-136
2.7850,1983,2060,600,-136
2.7854,1983,2060,600,-136
2.7858,1983,2060,600,-136
2.7862,1983,2060,600,-136
2.7866,1983,2060,600,-136
2.7870,1983,2061,600,-128
2.7874,1983,2061,600,-128
2.7878,1983,2061,600,-128
2.7881,1983,2061,600,-136
2.7885,1983,2061,600,-136
2.7889,1983,2062,600,-128
2.7893,1983,2062,600,-128
2.7898,1983,2063,600,-128
2.7902,1963,2063,600,-128
2.7909,1963,2063,600,-128
2.7913,1963,2063,600,-128
2.7917,1963,2063,600,-128
2.7920,1963,2063,600,-128
2.7924,1963,2063,600,-128
2.7928,1963,2063,600,-128
2.7931,1963,2064,600,-128
2.7935,1963,2064,600,-128
2.7939,1963,2065,600,-120
2.7942,1963,2065,600,-120
2.7946,1963,2065,600,-120
2.7950,1963,2065,600,-120
2.7953,1963,2065,600,-120
2.7958,1963,2065,600,-120
2.7961,1963,2066,600,-120
2.7965,1963,2066,600,-120
2.7968,1963,2066,600,-120
2.7972,1963,2066,600,-120
2.7975,1963,2066,600,-120
2.7979,1963,2067,600,-112
2.7983,1963,2067,600,-112
2.7986,1963,2067,600,-112
2.7990,1963,2067,600,-112
2.7993,1963,2067,600,-112
2.7997,1963,2067,600,-112
2.8001,1946,2068,600,-104
2.8007,1946,2068,600,-104
2.8011,1946,2068,600,-112
2.8014,1946,2068,600,-112
2.8018,1946,2069,600,-104
2.8021,1946,2069,600,-104
2.8025,1946,2069,600,-104
2.8028,1946,2069,600,-104
2.8032,1946,2069,600,-104
2.8035,1946,2069,600,-104
2.8039,1946,2070,600,-104
2.8042,1946,2070,600,-104
2.8046,1946,2070,600,-104
2.8049,1946,2070,600,-104
2.8053,1946,2070,600,-104
2.8056,1946,2070,600,-104
2.8060,1946,2070,600,-104
2.8064,1946,2070,600,-104
2.8068,1946,2071,600,-96
2.8071,1946,2071,600,-96
2.8075,1946,2071,600,-96
2.8079,1946,2071,600,-104
2.8083,1946,2071,600,-104
2.8086,1946,2071,600,-104
2.8090,1946,2072,600,-96
2.8094,1946,2072,600,-96
2.8098,1946,2072,600,-96
2.8101,1929,2072,600,-96
2.8108,1929,2073,600,-96
2.8112,1929,2073,600,-96
2.8116,1929,2073,600,-96
2.8120,1929,2073,600,-96
2.8124,1929,2073,600,-96
2.8128,1929,2074,600,-88
2.8131,1929,2074,600,-88
2.8135,1929,2074,600,-88
2.8139,1929,2074,600,-88
2.8143,1929,2074,600,-88
2.8147,1929,2074,600,-88
2.8151,1929,2075,600,-88
2.8155,1929,2075,600,-88
2.8159,1929,2075,600,-88
2.8162,1929,2075,600,-88
2.8166,1929,2075,600,-88
2.8170,1929,2076,600,-80
2.8174,1929,2076,600,-80
2.8178,1929,2076,600,-80
2.8182,1929,2076,600,-80
2.8186,1929,2076,600,-80
2.8190,1929,2076,600,-88
2.8194,1929,2076,600,-88
2.8198,1929,2077,450,-80
2.8202,1914,2077,450,-80
2.8209,1914,2077,450,-80
2.8213,1914,2077,450,-80
2.8218,1914,2078,450,-72
2.8222,1914,2078,450,-72
2.8226,1914,2078,450,-72
2.8230,1914,2078,450,-80
2.8235,1914,2078,450,-80
2.8239,1914,2078,450,-80
2.8243,1914,2078,450,-80
2.8248,1914,2079,450,-72
2.8252,1914,2079,450,-72
2.8256,1914,2079,450,-72
2.8260,1914,2079,450,-72
2.8265,1914,2079,450,-72
2.8269,1914,2080,450,-64
2.8273,1914,2080,450,-64
2.8277,1914,2080,450,-72
2.8281,1914,2080,450,-72
2.8285,1914,2080,450,-72
2.8289,1914,2080,450,-72
2.8293,1914,2080,450,-72
2.8297,1914,2081,450,-64
2.8301,1902,2081,450,-64
2.8308,1902,2081,450,-64
2.8312,1902,2081,450,-64
2.8316,1902,2081,450,-64
2.8320,1902,2081,450,-64
2.8323,1902,2081,450,-64
2.8328,1902,2082,450,-56
2.8332,1902,2082,450,-56
2.8335,1902,2082,450,-56
2.8339,1902,2082,450,-64
2.8343,1902,2082,450,-64
2.8348,1902,2082,450,-64
2.8351,1902,2082,450,-64
2.8355,1902,2082,450,-64
2.8359,1902,2083,450,-56
2.8363,1902,2083,450,-56
2.8368,1902,2083,450,-56
2.8372,1902,2083,450,-56
2.8376,1902,2083,450,-60
2.8380,1902,2083,450,-60
2.8384,1902,2083,450,-60
2.8388,1902,2084,450,-52
2.8392,1902,2084,450,-52
2.8396,1902,2084,350,-60
2.8400,1892,2084,350,-60
2.8408,1892,2084,350,-60
2.8412,1892,2084,350,-60
2.8415,1892,2084,350,-60
2.8419,1892,2085,350,-52
2.8423,1892,2085,350,-52
2.8427,1892,2085,350,-52
2.8431,1892,2085,350,-52
2.8435,1892,2085,350,-52
2.8439,1892,2085,350,-52
2.8443,1892,2085,350,-52
2.8447,1892,2085,350,-52
2.8450,1892,2085,350,-52
2.8454,1892,2085,350,-52
2.8458,1892,2086,350,-44
2.8462,1892,2086,350,-44
2.8466,1892,2086,350,-44
2.8471,1892,2086,350,-44
2.8475,1892,2086,350,-44
2.8479,1892,2086,350,-44
2.8483,1892,2086,350,-44
2.8488,1892,2086,350,-52
2.8492,1892,2086,350,-52
2.8496,1892,2087,350,-44
2.8500,1892,2087,350,-44
2.8504,1883,2087,350,-44
2.8512,1883,2087,350,-44
2.8516,1883,2087,350,-44
2.8520,1883,2087,350,-44
2.8524,1883,2087,350,-44
2.8528,1883,2087,350,-44
2.8532,1883,2087,350,-44
2.8535,1883,2088,350,-36
2.8539,1883,2088,350,-36
2.8543,1883,2088,350,-36
2.8548,1883,2088,350,-36
2.8552,1883,2088,350,-36
2.8556,1883,2088,350,-36
2.8560,1883,2088,350,-36
2.8564,1883,2088,350,-36
2.8568,1883,2088,350,-36
2.8572,1883,2088,350,-36
2.8576,1883,2089,350,-24
2.8580,1883,2089,350,-24
2.8584,1883,2089,350,-24
2.8588,1883,2089,350,-24
2.8593,1883,2089,350,-24
2.8597,1883,2089,250,-24
2.8601,1878,2089,250,-24
2.8608,1878,2089,250,-24
2.8612,1878,2089,250,-24
2.8616,1878,2089,250,-24
2.8620,1878,2089,250,-24
2.8624,1878,2089,250,-24
2.8628,1878,2089,250,-24
2.8632,1878,2089,250,-24
2.8636,1878,2090,250,0
2.8640,1878,2090,250,0
2.8644,1878,2090,250,0
2.8649,1878,2090,250,24
2.8653,1878,2090,250,24
2.8657,1878,2090,250,24
2.8661,1878,2090,250,24
2.8665,1878,2090,250,24
2.8669,1878,2090,250,24
2.8673,1878,2090,250,24
2.8677,1878,2090,250,24
2.8681,1878,2090,250,24
2.8685,1878,2090,250,24
2.8689,1878,2090,250,24
2.8693,1878,2090,250,24
2.8697,1878,2090,250,24
2.8701,1876,2090,250,24
2.8708,1876,2090,250,24
2.8712,1876,2090,250,24
2.8717,1876,2090,250,24
2.8721,1876,2090,250,24
2.8725,1876,2091,250,32
2.8729,1876,2091,250,32
2.8733,1876,2091,250,32
2.8738,1876,2091,250,32
2.8742,1876,2091,250,32
2.8746,1876,2091,250,32
2.8749,1876,2091,250,32
2.8754,1876,2091,250,32
2.8758,1876,2091,250,32
2.8762,1876,2091,250,32
2.8766,1876,2091,250,32
2.8770,1876,2091,250,32
2.8774,1876,2091,250,32
2.8778,1876,2091,250,28
2.8782,1876,2091,250,28
2.8786,1876,2091,250,28
2.8791,1876,2091,250,28
2.8795,1876,2091,100,28
2.8799,1876,2091,100,28
2.8803,1876,2091,100,28
2.8811,1876,2091,100,28
2.8815,1876,2091,100,28
2.8819,1876,2091,100,28
2.8823,1876,2091,100,28
2.8827,1876,2091,100,28
2.8831,1876,2091,100,28
2.8835,1876,2091,100,28
2.8839,1876,2091,100,28
2.8843,1876,2091,100,28
2.8848,1876,2091,100,28
2.8852,1876,2091,100,28
2.8856,1876,2091,100,28
2.8860,1876,2091,100,28
2.8864,1876,2091,100,36
2.8868,1876,2091,100,36
2.8872,1876,2091,100,36
2.8876,1876,2091,100,36
2.8880,1876,2091,100,36
2.8885,1876,2091,100,36
2.8889,1876,2091,100,36
2.8893,1876,2091,100,36
2.8898,1876,2091,100,36
2.8902,1878,2091,100,44
2.8910,1878,2091,100,44
2.8914,1878,2091,100,44
2.8918,1878,2091,100,44
2.8922,1878,2091,100,44
2.8926,1878,2091,100,44
2.8931,1878,2091,100,44
2.8935,1878,2091,100,44
2.8939,1878,2091,100,44
2.8943,1878,2091,100,44
2.8948,1878,2091,100,44
2.8952,1878,2091,100,44
2.8956,1878,2091,100,52
2.8960,1878,2091,100,52
2.8964,1878,2091,100,52
2.8968,1878,2091,100,52
2.8973,1878,2091,100,52
2.8977,1878,2091,100,52
2.8981,1878,2091,100,52
2.8985,1878,2091,100,52
2.8989,1878,2091,100,52
2.8993,1878,2091,100,52
2.8998,1878,2091,0,60
2.9002,1884,2091,0,60
2.9010,1884,2091,0,60
2.9015,1884,2091,0,60
2.9019,1884,2091,0,60
2.9023,1884,2091,0,60
2.9028,1884,2091,0,60
2.9032,1884,2091,0,60
2.9036,1884,2091,0,68
2.9041,1884,2091,0,68
2.9045,1884,2091,0,68
2.9049,1884,2091,0,68
2.9053,1884,2091,0,68
2.9058,1884,2091,0,68
2.9062,1884,2091,0,68
2.9066,1884,2091,0,76
2.9070,1884,2091,0,76
2.9075,1884,2091,0,76
2.9079,1884,2091,0,76
2.9083,1884,2091,0,76
2.9088,1884,2091,0,76
2.9092,1884,2091,0,76
2.9096,1884,2091,0,84
2.9101,1892,2091,0,84
2.9109,1892,2091,0,84
2.9113,1892,2091,0,84
2.9117,1892,2091,0,84
2.9121,1892,2091,0,84
2.9125,1892,2091,0,84
2.9130,1892,2091,0,84
2.9134,1892,2091,0,92
2.9138,1892,2091,0,92
2.9142,1892,2091,0,92
2.9147,1892,2091,0,92
2.9151,1892,2091,0,92
2.9155,1892,2091,0,100
2.9159,1892,2091,0,100
2.9163,1892,2091,0,100
2.9168,1892,2091,0,100
2.9172,1892,2091,0,100
2.9176,1892,2091,0,112
2.9181,1892,2091,0,112
2.9185,1892,2091,0,120
2.9189,1892,2091,0,120
2.9193,1892,2091,0,120
2.9198,1892,2091,0,120
2.9202,1902,2091,0,120
2.9210,1902,2091,0,120
2.9214,1902,2091,0,128
2.9219,1902,2091,0,128
2.9223,1902,2091,0,128
2.9227,1902,2091,0,128
2.9231,1902,2091,0,128
2.9236,1902,2091,0,128
2.9240,1902,2091,0,128
2.9244,1902,2091,0,136
2.9249,1902,2091,0,136
2.9253,1902,2091,0,136
2.9257,1902,2091,0,136
2.9261,1902,2091,0,136
2.9265,1902,2091,0,144
2.9270,1902,2091,0,144
2.9274,1902,2091,0,144
2.9278,1902,2091,0,144
2.9282,1902,2091,0,144
2.9287,1902,2091,0,144
2.9291,1902,2091,0,144
2.9295,1902,2091,0,152
2.9299,1902,2091,0,152
2.9303,1915,2090,0,144
2.9312,1915,2090,0,152
2.9316,1915,2090,0,152
2.9320,1915,2090,0,152
2.9325,1915,2090,0,152
2.9329,1915,2090,0,152
2.9333,1915,2090,0,152
2.9338,1915,2090,0,152
2.9342,1915,2089,0,152
2.9346,1915,2089,0,152
2.9351,1915,2089,0,152
2.9355,1915,2089,0,152
2.9359,1915,2089,0,152
2.9363,1915,2089,0,160
2.9368,1915,2089,0,160
2.9372,1915,2088,0,148
2.9377,1915,2088,0,148
2.9381,1915,2088,0,148
2.9385,1915,2088,0,156
2.9390,1915,2088,0,156
2.9394,1915,2087,-200,148
2.9398,1915,2087,-200,148
2.9402,1930,2087,-200,156
2.9411,1930,2087,-200,156
2.9415,1930,2087,-200,156
2.9419,1930,2087,-200,156
2.9423,1930,2086,-200,156
2.9428,1930,2086,-200,156
2.9432,1930,2086,-200,156
2.9436,1930,2086,-200,156
2.9440,1930,2086,-200,156
2.9444,1930,2085,-200,156
2.9449,1930,2085,-200,156
2.9453,1930,2085,-200,156
2.9458,1930,2085,-200,156
2.9462,1930,2085,-200,164
2.9467,1930,2085,-200,164
2.9471,1930,2085,-200,164
2.9475,1930,2085,-200,164
2.9479,1930,2085,-200,164
2.9483,1930,2084,-200,164
2.9488,1930,2084,-200,164
2.9492,1930,2084,-200,164
2.9497,1930,2084,-200,164
2.9501,1946,2083,-200,164
2.9509,1946,2083,-200,164
2.9513,1946,2083,-200,164
2.9518,1946,2083,-200,164
2.9522,1946,2082,-200,164
2.9526,1946,2082,-200,164
2.9531,1946,2082,-200,164
2.9535,1946,2082,-200,164
2.9539,1946,2082,-200,164
2.9544,1946,2081,-200,164
2.9548,1946,2081,-200,164
2.9552,1946,2081,-200,164
2.9557,1946,2081,-200,164
2.9561,1946,2080,-200,164
2.9565,1946,2080,-200,164
2.9570,1946,2080,-200,164
2.9574,1946,2080,-200,152
2.9578,1946,2080,-200,152
2.9582,1946,2079,-200,152
2.9587,1946,2079,-200,152
2.9591,1946,2079,-400,152
2.9595,1946,2079,-400,152
2.9600,1946,2079,-400,152
2.9604,1965,2078,-400,152
2.9612,1965,2078,-400,160
2.9616,1965,2078,-400,160
2.9621,1965,2077,-400,152
2.9625,1965,2077,-400,152
2.9629,1965,2077,-400,152
2.9634,1965,2077,-400,160
2.9638,1965,2077,-400,160
2.9642,1965,2077,-400,160
2.9647,1965,2077,-400,160
2.9651,1965,2076,-400,160
2.9655,1965,2076,-400,160
2.9660,1965,2076,-400,160
2.9664,1965,2076,-400,160
2.9668,1965,2076,-400,160
2.9673,1965,2075,-400,160
2.9677,1965,2075,-400,160
2.9681,1965,2075,-400,168
2.9685,1965,2075,-400,168
2.9690,1965,2075,-400,168
2.9694,1965,2074,-400,160
2.9698,1965,2074,-400,160
2.9702,1984,2074,-400,168
2.9711,1984,2073,-400,168
2.9715,1984,2073,-400,168
2.9719,1984,2073,-400,168
2.9724,1984,2073,-400,168
2.9728,1984,2073,-400,168
2.9733,1984,2072,-400,168
2.9737,1984,2072,-400,168
2.9741,1984,2072,-400,168
2.9745,1984,2072,-400,168
2.9750,1984,2072,-400,168
2.9754,1984,2071,-400,168
2.9759,1984,2071,-400,168
2.9763,1984,2071,-400,176
2.9768,1984,2071,-400,176
2.9772,1984,2070,-400,168
2.9777,1984,2070,-400,168
2.9781,1984,2070,-400,176
2.9785,1984,2070,-400,176
2.9789,1984,2070,-400,176
2.9794,1984,2069,-500,176
2.9798,1984,2069,-500,176
2.9802,2004,2069,-500,176
2.9811,2004,2068,-500,176
2.9815,2004,2068,-500,176
2.9819,2004,2068,-500,176
2.9823,2004,2068,-500,184
2.9828,2004,2068,-500,184
2.9832,2004,2067,-500,176
2.9836,2004,2067,-500,176
2.9841,2004,2066,-500,176
2.9845,2004,2066,-500,176
2.9849,2004,2066,-500,176
2.9853,2004,2066,-500,184
2.9858,2004,2066,-500,184
2.9862,2004,2065,-500,176
2.9867,2004,2065,-500,176
2.9871,2004,2065,-500,184
2.9875,2004,2065,-500,184
2.9879,2004,2065,-500,184
2.9884,2004,2064,-500,184
2.9888,2004,2064,-500,184
2.9892,2004,2064,-500,184
2.9896,2004,2064,-500,184
2.9901,2025,2063,-500,184
2.9909,2025,2063,-500,184
2.9913,2025,2063,-500,184
2.9918,2025,2063,-500,184
2.9922,2025,2062,-500,184
2.9927,2025,2062,-500,184
2.9931,2025,2061,-500,184
2.9936,2025,2061,-500,184
2.9940,2025,2061,-500,184
2.9944,2025,2061,-500,184
2.9948,2025,2061,-500,184
2.9952,2025,2060,-500,184
2.9956,2025,2060,-500,184
2.9960,2025,2059,-500,176
2.9964,2025,2059,-500,176
2.9968,2025,2059,-500,176
2.9972,2025,2059,-500,184
2.9976,2025,2059,-500,184
2.9980,2025,2058,-500,184
2.9984,2025,2058,-500,184
2.9989,2025,2058,-500,184
2.9993,2025,2058,-550,184
2.9998,2025,2058,-550,184
3.0002,2046,2057,-550,184
3.0010,2046,2057,-550,184
3.0015,2046,2057,-550,184
3.0019,2046,2056,-550,184
3.0023,2046,2056,-550,184
3.0028,2046,2056,-550,184
3.0032,2046,2055,-550,176
3.0036,2046,2055,-550,176
3.0041,2046,2055,-550,184
3.0045,2046,2055,-550,184
3.0049,2046,2054,-550,184
3.0053,2046,2054,-550,184
3.0058,2046,2054,-550,184
3.0063,2046,2054,-550,184
3.0067,2046,2054,-550,184
3.0071,2046,2053,-550,184
3.0075,2046,2053,-550,184
3.0079,2046,2052,-550,176
3.0083,2046,2052,-550,176
3.0088,2046,2052,-550,176
3.0092,2046,2052,-550,184
3.0096,2046,2052,-550,184
3.0100,2067,2051,-550,176
3.0108,2067,2051,-550,176
3.0112,2067,2051,-550,184
3.0117,2067,2051,-550,184
3.0121,2067,2050,-550,176
3.0125,2067,2050,-550,176
3.0129,2067,2049,-550,176
3.0133,2067,2049,-550,176
3.0138,2067,2049,-550,176
3.0142,2067,2049,-550,176
3.0146,2067,2049,-550,176
3.0150,2067,2048,-550,176
3.0155,2067,2048,-550,176
3.0159,2067,2048,-550,176
3.0163,2067,2048,-550,176
3.0168,2067,2048,-550,176
3.0172,2067,2047,-550,164
3.0176,2067,2047,-550,164
3.0180,2067,2046,-550,156
3.0184,2067,2046,-550,156
3.0189,2067,2046,-600,164
3.0193,2067,2046,-600,164
3.0197,2067,2046,-600,164
3.0201,2089,2045,-600,156
3.0209,2089,2044,-600,156
3.0213,2089,2044,-600,156
3.0218,2089,2044,-600,156
3.0222,2089,2044,-600,156
3.0226,2089,2044,-600,156
3.0231,2089,2043,-600,156
3.0235,2089,2043,-600,156
3.0239,2089,2043,-600,156
3.0243,2089,2043,-600,156
3.0248,2089,2043,-600,156
3.0252,2089,2042,-600,156
3.0256,2089,2042,-600,156
3.0260,2089,2042,-600,156
3.0265,2089,2042,-600,156
3.0269,2089,2041,-600,148
3.0273,2089,2041,-600,148
3.0278,2089,2040,-600,148
3.0282,2089,2040,-600,148
3.0286,2089,2040,-600,148
3.0291,2089,2040,-600,148
3.0295,2089,2040,-600,148
3.0299,2089,2039,-600,148
3.0304,2110,2038,-600,140
3.0312,2110,2038,-600,140
3.0316,2110,2038,-600,140
3.0320,2110,2038,-600,148
3.0325,2110,2038,-600,148
3.0329,2110,2037,-600,140
3.0333,2110,2037,-600,140
3.0338,2110,2037,-600,140
3.0342,2110,2037,-600,140
3.0346,2110,2037,-600,140
3.0350,2110,2036,-600,140
3.0355,2110,2036,-600,140
3.0359,2110,2035,-600,132
3.0363,2110,2035,-600,132
3.0368,2110,2035,-600,132
3.0372,2110,2035,-600,132
3.0376,2110,2035,-600,132
3.0381,2110,2034,-600,124
3.0385,2110,2034,-600,124
3.0389,2110,2034,-600,124
3.0393,2110,2034,-600,124
3.0398,2110,2033,-600,124
3.0402,2129,2033,-600,124
3.0411,2129,2033,-600,124
3.0415,2129,2033,-600,124
3.0419,2129,2032,-600,116
3.0423,2129,2032,-600,116
3.0428,2129,2032,-600,124
3.0432,2129,2032,-600,124
3.0436,2129,2032,-600,124
3.0441,2129,2031,-600,116
3.0445,2129,2031,-600,116
3.0449,2129,2030,-600,108
3.0454,2129,2030,-600,108
3.0458,2129,2030,-600,116
3.0462,2129,2030,-600,116
3.0467,2129,2030,-600,116
3.0471,2129,2029,-600,108
3.0475,2129,2029,-600,108
3.0480,2129,2029,-600,108
3.0484,2129,2029,-600,108
3.0488,2129,2028,-600,108
3.0493,2129,2028,-600,108
3.0497,2129,2028,-600,108
3.0501,2147,2028,-600,108
3.0509,2147,2027,-600,100
3.0514,2147,2027,-600,100
3.0518,2147,2027,-600,108
3.0522,2147,2027,-600,108
3.0526,2147,2027,-600,108
3.0531,2147,2027,-600,108
3.0535,2147,2027,-600,108
3.0539,2147,2026,-600,100
3.0543,2147,2026,-600,100
3.0548,2147,2025,-600,100
3.0552,2147,2025,-600,100
3.0557,2147,2025,-600,100
3.0561,2147,2025,-600,100
3.0565,2147,2025,-600,100
3.0569,2147,2024,-600,84
3.0574,2147,2024,-600,84
3.0578,2147,2024,-600,92
3.0582,2147,2024,-600,92
3.0587,2147,2024,-500,92
3.0591,2147,2024,-500,92
3.0595,2147,2024,-500,92
3.0599,2147,2023,-500,84
3.0604,2163,2023,-500,84
3.0612,2163,2023,-500,84
3.0617,2163,2022,-500,84
3.0621,2163,2022,-500,84
3.0626,2163,2022,-500,84
3.0630,2163,2022,-500,84
3.0634,2163,2022,-500,84
3.0638,2163,2021,-500,76
3.0642,2163,2021,-500,76
3.0646,2163,2021,-500,76
3.0650,2163,2021,-500,76
3.0654,2163,2021,-500,76
3.0658,2163,2021,-500,84
3.0663,2163,2021,-500,84
3.0667,2163,2020,-500,76
3.0671,2163,2020,-500,76
3.0675,2163,2020,-500,76
3.0679,2163,2020,-500,76
3.0683,2163,2020,-500,76
3.0688,2163,2019,-500,68
3.0692,2163,2019,-500,68
3.0696,2163,2019,-500,76
3.0701,2178,2019,-500,76
3.0709,2178,2019,-500,76
3.0713,2178,2019,-500,76
3.0718,2178,2018,-500,68
3.0722,2178,2018,-500,68
3.0727,2178,2018,-500,68
3.0731,2178,2018,-500,68
3.0735,2178,2018,-500,68
3.0740,2178,2017,-500,60
3.0744,2178,2017,-500,60
3.0748,2178,2017,-500,68
3.0753,2178,2017,-500,68
3.0757,2178,2016,-500,60
3.0761,2178,2016,-500,60
3.0765,2178,2016,-500,60
3.0770,2178,2016,-500,68
3.0774,2178,2016,-500,68
3.0779,2178,2016,-500,68
3.0783,2178,2016,-500,68
3.0788,2178,2015,-450,60
3.0792,2178,2015,-450,60
3.0796,2178,2015,-450,68
3.0801,2190,2015,-450,68
3.0809,2190,2015,-450,68
3.0813,2190,2015,-450,68
3.0818,2190,2014,-450,60
3.0822,2190,2014,-450,60
3.0827,2190,2014,-450,60
3.0831,2190,2014,-450,60
3.0835,2190,2014,-450,60
3.0840,2190,2014,-450,60
3.0844,2190,2014,-450,60
3.0849,2190,2013,-450,52
3.0853,2190,2013,-450,52
3.0858,2190,2013,-450,60
3.0862,2190,2013,-450,60
3.0866,2190,2013,-450,60
3.0871,2190,2013,-450,60
3.0875,2190,2013,-450,60
3.0879,2190,2013,-450,60
3.0884,2190,2013,-450,60
3.0888,2190,2012,-450,52
3.0892,2190,2012,-450,52
3.0897,2190,2012,-450,52
3.0901,2200,2012,-450,52
3.0909,2200,2012,-450,52
3.0913,2200,2012,-450,52
3.0918,2200,2012,-450,52
3.0922,2200,2012,-450,52
3.0926,2200,2011,-450,44
3.0931,2200,2011,-450,44
3.0935,2200,2011,-450,52
3.0939,2200,2011,-450,52
3.0944,2200,2011,-450,52
3.0948,2200,2011,-450,52
3.0952,2200,2011,-450,52
3.0956,2200,2010,-450,44
3.0961,2200,2010,-450,44
3.0965,2200,2010,-450,44
3.0969,2200,2010,-450,44
3.0974,2200,2010,-450,44
3.0978,2200,2010,-450,44
3.0982,2200,2010,-450,44
3.0986,2200,2010,-250,44
3.0991,2200,2010,-250,44
3.0995,2200,2009,-250,36
3.0999,2200,2009,-250,36
3.1004,2209,2009,-250,36
3.1012,2209,2009,-250,36
3.1017,2209,2009,-250,36
3.1021,2209,2009,-250,36
3.1025,2209,2009,-250,36
3.1030,2209,2009,-250,36
3.1034,2209,2009,-250,36
3.1038,2209,2008,-250,28
3.1043,2209,2008,-250,28
3.1047,2209,2008,-250,28
3.1052,2209,2008,-250,28
3.1056,2209,2008,-250,28
3.1060,2209,2008,-250,28
3.1064,2209,2008,-250,28
3.1069,2209,2008,-250,28
3.1073,2209,2008,-250,28
3.1077,2209,2008,-250,28
3.1081,2209,2008,-250,28
3.1085,2209,2007,-250,20
3.1089,2209,2007,-250,20
3.1093,2209,2007,-250,20
3.1097,2209,2007,-250,20
3.1101,2214,2007,-250,20
3.1109,2214,2007,-250,20
3.1113,2214,2007,-250,20
3.1117,2214,2007,-250,20
3.1121,2214,2007,-250,20
3.1125,2214,2007,-250,20
3.1129,2214,2007,-250,20
3.1133,2214,2007,-250,20
3.1138,2214,2007,-250,20
3.1142,2214,2007,-250,20
3.1146,2214,2007,-250,20
3.1150,2214,2007,-250,20
3.1154,2214,2007,-250,20
3.1158,2214,2006,-250,-28
3.1162,2214,2006,-250,-28
3.1166,2214,2006,-250,-36
3.1170,2214,2006,-250,-36
3.1174,2214,2006,-250,-36
3.1178,2214,2006,-250,-36
3.1182,2214,2006,-250,-36
3.1186,2214,2006,-200,-36
3.1190,2214,2006,-200,-36
3.1194,2214,2006,-200,-36
3.1198,2214,2006,-200,-36
3.1202,2216,2006,-200,-36
3.1210,2216,2006,-200,-36
3.1214,2216,2006,-200,-36
3.1218,2216,2006,-200,-36
3.1222,2216,2006,-200,-36
3.1226,2216,2006,-200,-36
3.1230,2216,2006,-200,-36
3.1234,2216,2006,-200,-36
3.1238,2216,2006,-200,-36
3.1242,2216,2006,-200,-36
3.1246,2216,2005,-200,-36
3.1250,2216,2005,-200,-36
3.1254,2216,2005,-200,-36
3.1258,2216,2005,-200,-36
3.1262,2216,2005,-200,-36
3.1266,2216,2005,-200,-36
3.1270,2216,2005,-200,-36
3.1274,2216,2005,-200,-36
3.1278,2216,2005,-200,-36
3.1282,2216,2005,-200,-36
3.1286,2216,2005,-200,-36
3.1290,2216,2005,-200,-36
3.1294,2216,2005,-200,-36
3.1299,2216,2005,-200,-36
3.1303,2216,2005,-200,-44
3.1310,2216,2005,-200,-44
3.1314,2216,2005,-200,-44
3.1319,2216,2005,-200,-44
3.1323,2216,2005,-200,-44
3.1327,2216,2005,-200,-44
3.1331,2216,2005,-200,-44
3.1335,2216,2005,-200,-44
3.1339,2216,2005,-200,-44
3.1343,2216,2005,-200,-44
3.1348,2216,2005,-200,-44
3.1352,2216,2005,-200,-44
3.1356,2216,2005,-200,-52
3.1360,2216,2005,-200,-52
3.1364,2216,2005,-200,-40
3.1368,2216,2005,-200,-40
3.1372,2216,2005,-200,-40
3.1376,2216,2005,-200,-40
3.1380,2216,2005,-200,-40
3.1384,2216,2005,-50,-40
3.1388,2216,2005,-50,-40
3.1392,2216,2005,-50,-40
3.1396,2216,2005,-50,-40
3.1400,2214,2005,-50,-48
3.1408,2214,2005,-50,-48
3.1412,2214,2005,-50,-48
3.1416,2214,2005,-50,-48
3.1420,2214,2005,-50,-48
3.1424,2214,2005,-50,-48
3.1428,2214,2005,-50,-48
3.1432,2214,2005,-50,-48
3.1436,2214,2005,-50,-48
3.1440,2214,2005,-50,-48
3.1445,2214,2005,-50,-56
3.1449,2214,2005,-50,-56
3.1453,2214,2005,-50,-56
3.1458,2214,2005,-50,-56
3.1462,2214,2005,-50,-56
3.1466,2214,2005,-50,-56
3.1470,2214,2005,-50,-56
3.1474,2214,2005,-50,-56
3.1479,2214,2005,-50,-56
3.1483,2214,2005,-50,-56
3.1487,2214,2005,-50,-64
3.1491,2214,2005,-50,-64
3.1495,2214,2005,-50,-64
3.1499,2214,2005,-50,-64
3.1503,2208,2005,-50,-64
3.1511,2208,2005,-50,-64
3.1515,2208,2005,-50,-64
3.1519,2208,2005,-50,-64
3.1523,2208,2005,-50,-72
3.1528,2208,2005,-50,-72
3.1532,2208,2005,-50,-72
3.1536,2208,2005,-50,-72
3.1540,2208,2005,-50,-72
3.1544,2208,2005,-50,-72
3.1549,2208,2005,-50,-72
3.1553,2208,2005,-50,-80
3.1557,2208,2005,-50,-80
3.1561,2208,2005,-50,-80
3.1565,2208,2005,-50,-92
3.1569,2208,2005,-50,-92
3.1573,2208,2005,-50,-92
3.1577,2208,2005,-50,-92
3.1581,2208,2005,-50,-92
3.1585,2208,2005,0,-100
3.1589,2208,2005,0,-100
3.1593,2208,2005,0,-100
3.1598,2208,2005,0,-100
3.1603,2200,2005,0,-100
3.1610,2200,2005,0,-100
3.1615,2200,2005,0,-108
3.1619,2200,2005,0,-108
3.1623,2200,2005,0,-108
3.1627,2200,2005,0,-108
3.1631,2200,2005,0,-108
3.1635,2200,2005,0,-108
3.1639,2200,2005,0,-108
3.1644,2200,2005,0,-116
3.1648,2200,2005,0,-116
3.1652,2200,2005,0,-116
3.1656,2200,2005,0,-116
3.1660,2200,2005,0,-116
3.1665,2200,2005,0,-116
3.1669,2200,2005,0,-116
3.1673,2200,2005,0,-124
3.1678,2200,2005,0,-124
3.1682,2200,2006,0,-116
3.1686,2200,2006,0,-116
3.1690,2200,2006,0,-116
3.1694,2200,2006,0,-116
3.1699,2200,2006,0,-116
3.1703,2190,2006,0,-124
3.1711,2190,2006,0,-124
3.1715,2190,2006,0,-124
3.1719,2190,2006,0,-124
3.1724,2190,2006,0,-132
3.1728,2190,2006,0,-132
3.1732,2190,2007,0,-124
3.1736,2190,2007,0,-124
3.1740,2190,2007,0,-124
3.1745,2190,2007,0,-124
3.1749,2190,2007,0,-124
3.1753,2190,2007,0,-132
3.1758,2190,2007,0,-132
3.1762,2190,2008,0,-120
3.1766,2190,2008,0,-120
3.1771,2190,2008,0,-120
3.1775,2190,2008,0,-128
3.1779,2190,2008,0,-128
3.1783,2190,2008,150,-128
3.1788,2190,2008,150,-128
3.1792,2190,2008,150,-128
3.1796,2190,2008,150,-128
3.1801,2177,2009,150,-128
3.1808,2177,2009,150,-128
3.1813,2177,2009,150,-128
3.1817,2177,2009,150,-128
3.1821,2177,2009,150,-128
3.1825,2177,2009,150,-136
3.1829,2177,2009,150,-136
3.1833,2177,2010,150,-128
3.1838,2177,2010,150,-128
3.1842,2177,2010,150,-136
3.1846,2177,2010,150,-136
3.1850,2177,2010,150,-136
3.1854,2177,2010,150,-136
3.1858,2177,2010,150,-136
3.1862,2177,2011,150,-128
3.1866,2177,2011,150,-128
3.1869,2177,2011,150,-128
3.1873,2177,2011,150,-136
3.1877,2177,2011,150,-136
3.1880,2177,2011,150,-136
3.1884,2177,2011,150,-136
3.1888,2177,2011,150,-136
3.1891,2177,2012,150,-136
3.1895,2177,2012,150,-136
3.1899,2177,2012,150,-136
3.1903,2162,2012,150,-136
3.1910,2162,2012,150,-136
3.1914,2162,2012,150,-144
3.1918,2162,2012,150,-144
3.1921,2162,2012,150,-144
3.1925,2162,2012,150,-144
3.1929,2162,2012,150,-144
3.1933,2162,2013,150,-144
3.1937,2162,2013,150,-144
3.1940,2162,2013,150,-144
3.1944,2162,2013,150,-144
3.1948,2162,2013,150,-144
3.1951,2162,2014,150,-144
3.1955,2162,2014,150,-144
3.1959,2162,2014,150,-144
3.1964,2162,2014,150,-140
3.1968,2162,2014,150,-140
3.1972,2162,2014,150,-148
3.1975,2162,2014,150,-148
3.1979,2162,2014,150,-148
3.1983,2162,2015,350,-140
3.1988,2162,2015,350,-140
3.1991,2162,2015,350,-148
3.1995,2162,2015,350,-148
3.1999,2162,2015,350,-148
3.2002,2146,2016,350,-140
3.2009,2146,2016,350,-140
3.2013,2146,2016,350,-148
3.2018,2146,2016,350,-148
3.2022,2146,2017,350,-140
3.2026,2146,2017,350,-140
3.2030,2146,2017,350,-140
3.2034,2146,2017,350,-148
3.2038,2146,2017,350,-148
3.2042,2146,2017,350,-148
3.2046,2146,2017,350,-148
3.2050,2146,2017,350,-148
3.2054,2146,2018,350,-148
3.2058,2146,2018,350,-148
3.2061,2146,2018,350,-156
3.2065,2146,2018,350,-156
3.2069,2146,2018,350,-156
3.2073,2146,2019,350,-148
3.2077,2146,2019,350,-148
3.2081,2146,2019,350,-156
3.2085,2146,2019,350,-156
3.2089,2146,2019,350,-156
3.2093,2146,2020,350,-148
3.2098,2146,2020,350,-148
3.2102,2128,2020,350,-156
3.2109,2128,2020,350,-156
3.2113,2128,2020,350,-156
3.2118,2128,2020,350,-156
3.2122,2128,2021,350,-156
3.2126,2128,2021,350,-156
3.2130,2128,2021,350,-164
3.2134,2128,2021,350,-164
3.2138,2128,2021,350,-164
3.2141,2128,2021,350,-164
3.2145,2128,2021,350,-164
3.2149,2128,2021,350,-164
3.2153,2128,2022,350,-164
3.2157,2128,2022,350,-164
3.2161,2128,2022,350,-164
3.2164,2128,2022,350,-164
3.2168,2128,2022,350,-164
3.2172,2128,2023,350,-164
3.2176,2128,2023,350,-164
3.2180,2128,2023,350,-164
3.2183,2128,2023,400,-172
3.2188,2128,2023,400,-172
3.2191,2128,2024,400,-164
3.2195,2128,2024,400,-164
3.2199,2128,2024,400,-164
3.2203,2108,2024,400,-172
3.2210,2108,2025,400,-172
3.2214,2108,2025,400,-172
3.2218,2108,2025,400,-172
3.2222,2108,2025,400,-172
3.2226,2108,2025,400,-172
3.2230,2108,2026,400,-172
3.2234,2108,2026,400,-172
3.2239,2108,2026,400,-172
3.2243,2108,2026,400,-172
3.2247,2108,2026,400,-172
3.2251,2108,2027,400,-172
3.2255,2108,2027,400,-172
3.2259,2108,2027,400,-172
3.2263,2108,2027,400,-180
3.2268,2108,2027,400,-180
3.2272,2108,2028,400,-172
3.2276,2108,2028,400,-172
3.2280,2108,2028,400,-180
3.2285,2108,2028,400,-180
3.2289,2108,2028,400,-180
3.2293,2108,2029,400,-180
3.2297,2108,2029,400,-180
3.2301,2088,2029,400,-180
3.2309,2088,2029,400,-180
3.2313,2088,2030,400,-180
3.2317,2088,2030,400,-180
3.2321,2088,2030,400,-188
3.2325,2088,2030,400,-188
3.2328,2088,2030,400,-188
3.2333,2088,2031,400,-180
3.2337,2088,2031,400,-180
3.2341,2088,2031,400,-188
3.2345,2088,2031,400,-188
3.2349,2088,2031,400,-188
3.2353,2088,2032,400,-188
3.2357,2088,2032,400,-188
3.2362,2088,2033,400,-176
3.2366,2088,2033,400,-176
3.2370,2088,2033,400,-184
3.2374,2088,2033,400,-184
3.2378,2088,2033,400,-184
3.2382,2088,2033,500,-192
3.2386,2088,2033,500,-192
3.2390,2088,2034,500,-184
3.2394,2088,2034,500,-184
3.2399,2088,2034,500,-184
3.2403,2067,2035,500,-184
3.2411,2067,2035,500,-184
3.2415,2067,2035,500,-184
3.2419,2067,2036,500,-184
3.2423,2067,2036,500,-184
3.2428,2067,2036,500,-184
3.2432,2067,2037,500,-184
3.2436,2067,2037,500,-184
3.2440,2067,2037,500,-184
3.2444,2067,2037,500,-184
3.2448,2067,2037,500,-184
3.2452,2067,2038,500,-184
3.2456,2067,2038,500,-184
3.2460,2067,2039,500,-184
3.2465,2067,2039,500,-184
3.2469,2067,2039,500,-184
3.2473,2067,2039,500,-184
3.2477,2067,2039,500,-184
3.2481,2067,2040,500,-184
3.2485,2067,2040,500,-184
3.2489,2067,2040,500,-184
3.2493,2067,2040,500,-184
3.2498,2067,2040,500,-184
3.2502,2046,2041,500,-184
3.2509,2046,2041,500,-184
3.2514,2046,2041,500,-184
3.2518,2046,2041,500,-184
3.2522,2046,2042,500,-184
3.2525,2046,2042,500,-184
3.2529,2046,2042,500,-192
3.2533,2046,2042,500,-192
3.2538,2046,2042,500,-192
3.2542,2046,2043,500,-184
3.2546,2046,2043,500,-184
3.2550,2046,2044,500,-184
3.2554,2046,2044,500,-184
3.2558,2046,2044,500,-180
3.2563,2046,2044,500,-180
3.2567,2046,2044,500,-180
3.2570,2046,2045,500,-180
3.2575,2046,2045,500,-180
3.2579,2046,2045,600,-180
3.2583,2046,2045,600,-180
3.2587,2046,2045,600,-180
3.2591,2046,2046,600,-180
3.2595,2046,2046,600,-180
3.2599,2046,2047,600,-172
3.2603,2024,2047,600,-172
3.2611,2024,2047,600,-180
3.2615,2024,2047,600,-180
3.2619,2024,2048,600,-172
3.2623,2024,2048,600,-172
3.2628,2024,2048,600,-180
3.2632,2024,2048,600,-180
3.2637,2024,2048,600,-180
3.2641,2024,2049,600,-172
3.2645,2024,2049,600,-172
3.2648,2024,2050,600,-172
3.2652,2024,2050,600,-172
3.2656,2024,2050,600,-172
3.2660,2024,2050,600,-172
3.2664,2024,2050,600,-172
3.2668,2024,2051,600,-172
3.2672,2024,2051,600,-172
3.2676,2024,2051,600,-172
3.2680,2024,2052,600,-164
3.2684,2024,2052,600,-164
3.2689,2024,2052,600,-172
3.2693,2024,2052,600,-172
3.2697,2024,2052,600,-172
3.2701,2003,2053,600,-164
3.2708,2003,2054,600,-164
3.2712,2003,2054,600,-164
3.2717,2003,2054,600,-164
3.2721,2003,2054,600,-164
3.2725,2003,2054,600,-164
3.2729,2003,2055,600,-164
3.2733,2003,2055,600,-164
3.2738,2003,2055,600,-164
3.2742,2003,2055,600,-164
3.2746,2003,2055,600,-164
3.2751,2003,2056,600,-164
3.2755,2003,2056,600,-164
3.2759,2003,2057,600,-140
3.2764,2003,2057,600,-140
3.2768,2003,2057,600,-140
3.2772,2003,2057,600,-140
3.2777,2003,2057,600,-140
3.2781,2003,2058,650,-140
3.2785,2003,2058,650,-140
3.2789,2003,2059,650,-132
3.2793,2003,2059,650,-132
3.2798,2003,2059,650,-140
3.2802,1983,2059,650,-140
3.2810,1983,2060,650,-132
3.2815,1983,2060,650,-132
3.2819,1983,2060,650,-140
3.2824,1983,2060,650,-140
3.2828,1983,2061,650,-132
3.2832,1983,2061,650,-132
3.2837,1983,2061,650,-132
3.2841,1983,2062,650,-124
3.2845,1983,2062,650,-124
3.2849,1983,2062,650,-132
3.2853,1983,2062,650,-132
3.2858,1983,2063,650,-124
3.2862,1983,2063,650,-124
3.2866,1983,2063,650,-124
3.2871,1983,2063,650,-132
3.2875,1983,2063,650,-132
3.2879,1983,2064,650,-124
3.2883,1983,2064,650,-124
3.2888,1983,2064,650,-124
3.2892,1983,2064,650,-124
3.2896,1983,2064,650,-124
3.2901,1964,2065,650,-124
3.2909,1964,2065,650,-124
3.2913,1964,2065,650,-124
3.2918,1964,2066,650,-116
3.2922,1964,2066,650,-116
3.2926,1964,2066,650,-116
3.2930,1964,2066,650,-124
3.2934,1964,2066,650,-124
3.2938,1964,2067,650,-116
3.2942,1964,2067,650,-116
3.2946,1964,2067,650,-116
3.2950,1964,2067,650,-124
3.2953,1964,2067,650,-124
3.2958,1964,2068,650,-116
3.2962,1964,2068,650,-116
3.2966,1964,2068,650,-116
3.2971,1964,2069,650,-108
3.2975,1964,2069,650,-108
3.2979,1964,2069,550,-116
3.2983,1964,2069,550,-116
3.2988,1964,2069,550,-116
3.2992,1964,2069,550,-116
3.2996,1964,2069,550,-116
3.3001,1946,2070,550,-108
3.3009,1946,2070,550,-116
3.3013,1946,2070,550,-116
3.3018,1946,2071,550,-108
3.3022,1946,2071,550,-108
3.3026,1946,2071,550,-108
3.3031,1946,2071,550,-108
3.3035,1946,2071,550,-108
3.3039,1946,2072,550,-100
3.3043,1946,2072,550,-100
3.3048,1946,2072,550,-108
3.3052,1946,2072,550,-108
3.3056,1946,2073,550,-100
3.3060,1946,2073,550,-100
3.3065,1946,2073,550,-100
3.3069,1946,2073,550,-100
3.3073,1946,2073,550,-100
3.3078,1946,2073,550,-108
3.3082,1946,2073,550,-108
3.3087,1946,2074,550,-100
3.3091,1946,2074,550,-100
3.3095,1946,2074,550,-100
3.3099,1946,2075,550,-92
3.3104,1929,2075,550,-92
3.3112,1929,2075,550,-92
3.3116,1929,2075,550,-100
3.3120,1929,2075,550,-100
3.3125,1929,2075,550,-100
3.3129,1929,2076,550,-92
3.3133,1929,2076,550,-92
3.3138,1929,2076,550,-92
3.3142,1929,2076,550,-92
3.3147,1929,2077,550,-84
3.3151,1929,2077,550,-84
3.3155,1929,2077,550,-84
3.3160,1929,2077,550,-92
3.3164,1929,2077,550,-92
3.3168,1929,2078,550,-84
3.3172,1929,2078,550,-84
3.3177,1929,2078,450,-84
3.3181,1929,2078,450,-84
3.3185,1929,2078,450,-84
3.3189,1929,2079,450,-76
3.3193,1929,2079,450,-76
3.3198,1929,2079,450,-84
3.3202,1914,2079,450,-84
3.3211,1914,2079,450,-84
3.3215,1914,2079,450,-76
3.3220,1914,2080,450,-76
3.3225,1914,2080,450,-76
3.3229,1914,2080,450,-76
3.3233,1914,2080,450,-76
3.3238,1914,2080,450,-84
3.3242,1914,2080,450,-84
3.3246,1914,2081,450,-76
3.3251,1914,2081,450,-76
3.3255,1914,2081,450,-76
3.3259,1914,2081,450,-76
3.3263,1914,2081,450,-76
3.3268,1914,2082,450,-68
3.3272,1914,2082,450,-68
3.3277,1914,2082,450,-68
3.3281,1914,2082,450,-68
3.3285,1914,2083,450,-60
3.3290,1914,2083,450,-60
3.3294,1914,2083,450,-60
3.3298,1914,2083,450,-68
3.3303,1902,2083,450,-68
3.3310,1902,2083,450,-68
3.3314,1902,2083,450,-68
3.3318,1902,2084,450,-60
3.3322,1902,2084,450,-60
3.3327,1902,2084,450,-60
3.3331,1902,2084,450,-60
3.3335,1902,2084,450,-60
3.3339,1902,2084,450,-60
3.3344,1902,2084,450,-60
3.3348,1902,2084,450,-60
3.3352,1902,2084,450,-60
3.3356,1902,2085,450,-56
3.3360,1902,2085,450,-56
3.3364,1902,2085,450,-56
3.3368,1902,2085,450,-56
3.3371,1902,2085,450,-56
3.3375,1902,2085,350,-56
3.3379,1902,2085,350,-56
3.3383,1902,2085,350,-56
3.3386,1902,2085,350,-56
3.3390,1902,2085,350,-56
3.3394,1902,2085,350,-56
3.3399,1902,2086,350,-48
3.3403,1891,2086,350,-48
3.3411,1891,2086,350,-48
3.3415,1891,2086,350,-48
3.3419,1891,2086,350,-48
3.3423,1891,2086,350,-48
3.3428,1891,2087,350,-40
3.3432,1891,2087,350,-40
3.3436,1891,2087,350,-48
3.3440,1891,2087,350,-48
3.3444,1891,2087,350,-48
3.3449,1891,2087,350,-48
3.3453,1891,2087,350,-48
3.3458,1891,2088,350,-40
3.3462,1891,2088,350,-40
3.3466,1891,2088,350,-40
3.3470,1891,2088,350,-40
3.3474,1891,2088,350,-40
3.3478,1891,2088,350,-40
3.3483,1891,2088,350,-40
3.3487,1891,2088,350,-40
3.3491,1891,2088,350,-40
3.3495,1891,2089,350,-32
3.3499,1891,2089,350,-32
3.3503,1883,2089,350,-32
3.3511,1883,2089,350,-32
3.3515,1883,2089,350,-32
3.3519,1883,2089,350,-32
3.3523,1883,2089,350,-32
3.3528,1883,2089,350,-32
3.3532,1883,2089,350,-32
3.3536,1883,2089,350,-32
3.3541,1883,2089,350,-32
3.3545,1883,2090,350,-24
3.3549,1883,2090,350,-24
3.3553,1883,2090,350,-24
3.3558,1883,2090,350,-24
3.3562,1883,2090,350,-24
3.3566,1883,2090,350,-24
3.3570,1883,2090,350,-24
3.3574,1883,2090,250,-24
3.3579,1883,2090,250,-24
3.3583,1883,2090,250,-24
3.3587,1883,2090,250,-24
3.3591,1883,2090,250,-24
3.3595,1883,2090,250,-24
3.3599,1883,2090,250,-24
3.3603,1878,2090,250,-24
3.3611,1878,2090,250,-24
3.3615,1878,2091,250,0
3.3619,1878,2091,250,0
3.3624,1878,2091,250,0
3.3628,1878,2091,250,0
3.3632,1878,2091,250,0
3.3636,1878,2091,250,0
3.3640,1878,2091,250,0
3.3644,1878,2091,250,0
3.3648,1878,2091,250,0
3.3652,1878,2091,250,0
3.3656,1878,2091,250,0
3.3661,1878,2091,250,0
3.3665,1878,2092,250,32
3.3669,1878,2092,250,32
3.3673,1878,2092,250,32
3.3677,1878,2092,250,32
3.3681,1878,2092,250,32
3.3685,1878,2092,250,32
3.3688,1878,2092,250,32
3.3692,1878,2092,250,32
3.3696,1878,2092,250,32
3.3700,1878,2092,250,32
3.3703,1876,2092,250,32
3.3711,1876,2092,250,32
3.3715,1876,2092,250,32
3.3719,1876,2092,250,32
3.3723,1876,2092,250,32
3.3728,1876,2092,250,32
3.3732,1876,2092,250,32
3.3736,1876,2092,250,32
3.3740,1876,2092,250,32
3.3744,1876,2092,250,32
3.3748,1876,2092,250,32
3.3751,1876,2092,250,32
3.3755,1876,2092,250,28
3.3760,1876,2092,250,28
3.3764,1876,2092,250,28
3.3768,1876,2092,250,28
3.3772,1876,2092,250,28
3.3776,1876,2092,100,28
3.3780,1876,2092,100,28
3.3784,1876,2092,100,28
3.3788,1876,2092,100,28
3.3792,1876,2092,100,28
3.3797,1876,2092,100,28
3.3801,1876,2092,100,28
3.3808,1876,2092,100,28
3.3813,1876,2092,100,28
3.3817,1876,2092,100,28
3.3821,1876,2092,100,28
3.3825,1876,2092,100,28
3.3829,1876,2092,100,28
3.3833,1876,2092,100,28
3.3837,1876,2092,100,28
3.3841,1876,2092,100,28
3.3845,1876,2092,100,28
3.3849,1876,2092,100,28
3.3853,1876,2092,100,36
3.3858,1876,2092,100,36
3.3862,1876,2092,100,36
3.3866,1876,2092,100,36
3.3870,1876,2092,100,36
3.3874,1876,2092,100,36
3.3879,1876,2092,100,36
3.3883,1876,2092,100,36
3.3887,1876,2092,100,36
3.3891,1876,2092,100,36
3.3895,1876,2092,100,36
3.3899,1876,2092,100,36
3.3903,1878,2092,100,44
3.3912,1878,2092,100,44
3.3916,1878,2092,100,44
3.3920,1878,2092,100,44
3.3925,1878,2092,100,44
3.3929,1878,2092,100,44
3.3933,1878,2092,100,44
3.3937,1878,2092,100,44
3.3941,1878,2092,100,44
3.3946,1878,2092,100,52
3.3950,1878,2092,100,52
3.3954,1878,2092,100,52
3.3958,1878,2092,100,52
3.3962,1878,2092,100,52
3.3966,1878,2092,100,52
3.3970,1878,2092,100,52
3.3974,1878,2092,0,52
3.3979,1878,2092,0,52
3.3983,1878,2092,0,60
3.3987,1878,2092,0,60
3.3991,1878,2092,0,60
3.3995,1878,2092,0,60
3.3999,1878,2092,0,60
3.4003,1884,2092,0,60
3.4011,1884,2092,0,60
3.4015,1884,2092,0,60
3.4019,1884,2092,0,60
3.4023,1884,2092,0,68
3.4028,1884,2092,0,68
3.4032,1884,2092,0,68
3.4036,1884,2092,0,68
3.4040,1884,2092,0,68
3.4044,1884,2092,0,68
3.4049,1884,2092,0,68
3.4053,1884,2092,0,76
3.4057,1884,2092,0,76
3.4061,1884,2092,0,76
3.4065,1884,2092,0,76
3.4069,1884,2092,0,76
3.4073,1884,2092,0,76
3.4078,1884,2092,0,76
3.4082,1884,2092,0,84
3.4086,1884,2092,0,84
3.4091,1884,2092,0,84
3.4095,1884,2092,0,84
3.4099,1884,2092,0,84
3.4103,1892,2092,0,84
3.4111,1892,2092,0,84
3.4115,1892,2092,0,84
3.4119,1892,2092,0,84
3.4123,1892,2092,0,92
3.4127,1892,2092,0,92
3.4131,1892,2092,0,92
3.4135,1892,2092,0,92
3.4140,1892,2092,0,92
3.4144,1892,2092,0,100
3.4148,1892,2092,0,100
3.4152,1892,2092,0,112
3.4156,1892,2092,0,112
3.4160,1892,2092,0,112
3.4165,1892,2092,0,112
3.4169,1892,2092,0,112
3.4173,1892,2092,0,120
3.4178,1892,2092,0,120
3.4182,1892,2091,0,112
3.4186,1892,2091,0,112
3.4191,1892,2091,0,112
3.4195,1892,2091,0,112
3.4199,1892,2091,0,112
3.4203,1902,2091,0,120
3.4212,1902,2091,0,120
3.4217,1902,2091,0,120
3.4221,1902,2091,0,120
3.4225,1902,2091,0,120
3.4229,1902,2091,0,120
3.4234,1902,2091,0,128
3.4238,1902,2091,0,128
3.4242,1902,2090,0,120
3.4247,1902,2090,0,120
3.4250,1902,2090,0,120
3.4255,1902,2090,0,128
3.4259,1902,2090,0,128
3.4263,1902,2090,0,128
3.4268,1902,2090,0,128
3.4272,1902,2090,0,128
3.4276,1902,2090,0,128
3.4281,1902,2090,0,128
3.4285,1902,2089,0,128
3.4289,1902,2089,0,128
3.4294,1902,2089,0,128
3.4298,1902,2089,0,128
3.4302,1915,2089,0,136
3.4310,1915,2089,0,136
3.4315,1915,2089,0,136
3.4319,1915,2089,0,136
3.4323,1915,2088,0,136
3.4328,1915,2088,0,136
3.4332,1915,2088,0,136
3.4337,1915,2088,0,136
3.4341,1915,2087,0,128
3.4345,1915,2087,0,128
3.4349,1915,2087,0,128
3.4354,1915,2087,0,124
3.4358,1915,2087,0,124
3.4362,1915,2087,0,124
3.4367,1915,2087,0,124
3.4371,1915,2087,-250,132
3.4375,1915,2087,-250,132
3.4380,1915,2087,-250,132
3.4384,1915,2086,-250,124
3.4388,1915,2086,-250,124
3.4393,1915,2086,-250,132
3.4397,1915,2086,-250,132
3.4401,1929,2086,-250,132
3.4410,1929,2086,-250,132
3.4414,1929,2085,-250,132
3.4418,1929,2085,-250,132
3.4422,1929,2085,-250,132
3.4427,1929,2085,-250,132
3.4431,1929,2085,-250,140
3.4435,1929,2085,-250,140
3.4440,1929,2085,-250,140
3.4444,1929,2084,-250,132
3.4449,1929,2084,-250,132
3.4453,1929,2084,-250,140
3.4458,1929,2084,-250,140
3.4462,1929,2084,-250,140
3.4467,1929,2084,-250,140
3.4471,1929,2083,-250,140
3.4475,1929,2083,-250,140
3.4480,1929,2083,-250,140
3.4484,1929,2083,-250,140
3.4488,1929,2083,-250,140
3.4493,1929,2082,-250,140
3.4497,1929,2082,-250,140
3.4501,1946,2082,-250,140
3.4509,1946,2082,-250,140
3.4514,1946,2081,-250,140
3.4518,1946,2081,-250,140
3.4522,1946,2081,-250,140
3.4526,1946,2081,-250,140
3.4531,1946,2081,-250,148
3.4535,1946,2081,-250,148
3.4539,1946,2081,-250,148
3.4543,1946,2080,-250,140
3.4548,1946,2080,-250,140
3.4552,1946,2080,-250,148
3.4556,1946,2080,-250,148
3.4561,1946,2079,-250,148
3.4565,1946,2079,-250,148
3.4570,1946,2079,-250,148
3.4574,1946,2079,-400,148
3.4578,1946,2079,-400,148
3.4583,1946,2079,-400,156
3.4587,1946,2079,-400,156
3.4591,1946,2078,-400,148
3.4595,1946,2078,-400,148
3.4600,1946,2078,-400,156
3.4604,1965,2078,-400,156
3.4612,1965,2077,-400,148
3.4616,1965,2077,-400,148
3.4621,1965,2077,-400,156
3.4625,1965,2077,-400,156
3.4629,1965,2077,-400,156
3.4634,1965,2077,-400,164
3.4638,1965,2077,-400,164
3.4642,1965,2076,-400,156
3.4647,1965,2076,-400,156
3.4651,1965,2076,-400,164
3.4655,1965,2076,-400,164
3.4660,1965,2075,-400,156
3.4664,1965,2075,-400,156
3.4669,1965,2075,-400,156
3.4673,1965,2075,-400,164
3.4677,1965,2075,-400,164
3.4681,1965,2074,-400,164
3.4685,1965,2074,-400,164
3.4690,1965,2074,-400,164
3.4694,1965,2074,-400,164
3.4698,1965,2074,-400,164
3.4703,1984,2073,-400,164
3.4711,1984,2073,-400,164
3.4716,1984,2073,-400,164
3.4720,1984,2072,-400,164
3.4724,1984,2072,-400,164
3.4728,1984,2072,-400,164
3.4732,1984,2072,-400,172
3.4737,1984,2072,-400,172
3.4741,1984,2071,-400,164
3.4745,1984,2071,-400,164
3.4749,1984,2071,-400,172
3.4754,1984,2071,-400,172
3.4758,1984,2071,-400,172
3.4762,1984,2071,-400,180
3.4767,1984,2071,-400,180
3.4771,1984,2070,-450,172
3.4775,1984,2070,-450,172
3.4779,1984,2070,-450,180
3.4783,1984,2070,-450,180
3.4788,1984,2070,-450,180
3.4792,1984,2069,-450,180
3.4796,1984,2069,-450,180
3.4801,2004,2069,-450,180
3.4809,2004,2069,-450,180
3.4813,2004,2068,-450,180
3.4818,2004,2068,-450,180
3.4822,2004,2067,-450,180
3.4827,2004,2067,-450,180
3.4831,2004,2067,-450,180
3.4836,2004,2067,-450,180
3.4840,2004,2066,-450,180
3.4844,2004,2066,-450,180
3.4849,2004,2066,-450,180
3.4853,2004,2066,-450,188
3.4858,2004,2066,-450,188
3.4862,2004,2065,-450,180
3.4867,2004,2065,-450,180
3.4871,2004,2065,-450,188
3.4875,2004,2065,-450,188
3.4880,2004,2064,-450,188
3.4884,2004,2064,-450,188
3.4888,2004,2064,-450,188
3.4893,2004,2064,-450,188
3.4898,2004,2064,-450,188
3.4902,2025,2063,-450,188
3.4911,2025,2063,-450,188
3.4915,2025,2063,-450,188
3.4919,2025,2062,-450,188
3.4924,2025,2062,-450,188
3.4928,2025,2062,-450,188
3.4933,2025,2061,-450,188
3.4937,2025,2061,-450,188
3.4941,2025,2061,-450,188
3.4946,2025,2061,-450,188
3.4951,2025,2060,-450,184
3.4955,2025,2060,-450,184
3.4960,2025,2060,-450,184
3.4964,2025,2060,-450,184
3.4969,2025,2059,-550,184
3.4973,2025,2059,-550,184
3.4978,2025,2058,-550,184
3.4983,2025,2058,-550,184
3.4987,2025,2058,-550,184
3.4991,2025,2058,-550,184
3.4996,2025,2058,-550,184
3.5000,2046,2057,-550,184
3.5008,2046,2056,-550,176
3.5013,2046,2056,-550,176
3.5017,2046,2056,-550,176
3.5021,2046,2056,-550,184
3.5026,2046,2056,-550,184
3.5031,2046,2055,-550,176
3.5035,2046,2055,-550,176
3.5040,2046,2055,-550,184
3.5044,2046,2055,-550,184
3.5049,2046,2054,-550,184
3.5053,2046,2054,-550,184
3.5058,2046,2054,-550,184
3.5062,2046,2054,-550,184
3.5067,2046,2054,-550,184
3.5071,2046,2054,-550,192
3.5075,2046,2054,-550,192
3.5080,2046,2053,-550,184
3.5084,2046,2053,-550,184
3.5088,2046,2052,-550,184
3.5093,2046,2052,-550,184
3.5097,2046,2052,-550,184
3.5101,2068,2052,-550,184
3.5109,2068,2051,-550,184
3.5113,2068,2051,-550,184
3.5118,2068,2050,-550,176
3.5122,2068,2050,-550,176
3.5127,2068,2050,-550,176
3.5132,2068,2050,-550,184
3.5136,2068,2050,-550,184
3.5141,2068,2049,-550,176
3.5145,2068,2049,-550,176
3.5149,2068,2049,-550,176
3.5154,2068,2049,-550,176
3.5158,2068,2048,-550,168
3.5163,2068,2048,-550,168
3.5167,2068,2048,-550,168
3.5171,2068,2047,-600,168
3.5176,2068,2047,-600,168
3.5180,2068,2047,-600,168
3.5184,2068,2047,-600,168
3.5189,2068,2046,-600,168
3.5193,2068,2046,-600,168
3.5198,2068,2045,-600,160
3.5202,2089,2045,-600,160
3.5211,2089,2044,-600,160
3.5215,2089,2044,-600,160
3.5220,2089,2044,-600,160
3.5224,2089,2044,-600,160
3.5228,2089,2043,-600,160
3.5232,2089,2043,-600,160
3.5237,2089,2043,-600,160
3.5241,2089,2043,-600,160
3.5245,2089,2043,-600,160
3.5250,2089,2042,-600,160
3.5254,2089,2042,-600,160
3.5259,2089,2042,-600,160
3.5263,2089,2042,-600,160
3.5268,2089,2041,-600,152
3.5272,2089,2041,-600,152
3.5276,2089,2041,-600,152
3.5280,2089,2040,-600,152
3.5284,2089,2040,-600,152
3.5288,2089,2040,-600,152
3.5292,2089,2040,-600,152
3.5296,2089,2040,-600,152
3.5300,2109,2039,-600,152
3.5308,2109,2039,-600,152
3.5311,2109,2039,-600,152
3.5315,2109,2039,-600,152
3.5319,2109,2038,-600,152
3.5323,2109,2038,-600,152
3.5328,2109,2037,-600,144
3.5332,2109,2037,-600,144
3.5336,2109,2037,-600,144
3.5340,2109,2037,-600,144
3.5345,2109,2037,-600,144
3.5349,2109,2036,-600,128
3.5353,2109,2036,-600,128
3.5358,2109,2035,-600,120
3.5362,2109,2035,-600,120
3.5366,2109,2035,-600,120
3.5370,2109,2035,-600,128
3.5375,2109,2035,-600,128
3.5379,2109,2034,-600,120
3.5383,2109,2034,-600,120
3.5388,2109,2034,-600,120
3.5392,2109,2034,-600,120
3.5396,2109,2034,-600,120
3.5401,2128,2033,-600,120
3.5408,2128,2033,-600,120
3.5412,2128,2033,-600,120
3.5416,2128,2033,-600,120
3.5421,2128,2032,-600,112
3.5425,2128,2032,-600,112
3.5429,2128,2031,-600,112
3.5433,2128,2031,-600,112
3.5438,2128,2031,-600,112
3.5442,2128,2031,-600,112
3.5446,2128,2030,-600,104
3.5450,2128,2030,-600,104
3.5454,2128,2030,-600,104
3.5459,2128,2030,-600,112
3.5463,2128,2030,-600,112
3.5468,2128,2029,-600,104
3.5472,2128,2029,-600,104
3.5476,2128,2029,-600,104
3.5480,2128,2029,-600,104
3.5484,2128,2029,-600,104
3.5489,2128,2028,-600,104
3.5493,2128,2028,-600,104
3.5497,2128,2028,-600,104
3.5501,2146,2028,-600,104
3.5509,2146,2027,-600,96
3.5513,2146,2027,-600,96
3.5518,2146,2027,-600,104
3.5522,2146,2027,-600,104
3.5526,2146,2027,-600,104
3.5529,2146,2026,-600,96
3.5533,2146,2026,-600,96
3.5538,2146,2026,-600,96
3.5542,2146,2026,-600,96
3.5545,2146,2026,-600,96
3.5549,2146,2025,-600,96
3.5553,2146,2025,-600,96
3.5558,2146,2025,-600,96
3.5562,2146,2025,-600,96
3.5565,2146,2025,-600,96
3.5569,2146,2025,-500,96
3.5573,2146,2025,-500,96
3.5578,2146,2024,-500,96
3.5582,2146,2024,-500,96
3.5586,2146,2024,-500,96
3.5590,2146,2024,-500,96
3.5594,2146,2024,-500,96
3.5599,2146,2023,-500,88
3.5603,2163,2023,-500,88
3.5611,2163,2023,-500,88
3.5615,2163,2023,-500,88
3.5618,2163,2022,-500,88
3.5622,2163,2022,-500,88
3.5626,2163,2022,-500,88
3.5631,2163,2022,-500,88
3.5635,2163,2022,-500,88
3.5639,2163,2021,-500,80
3.5643,2163,2021,-500,80
3.5647,2163,2021,-500,80
3.5651,2163,2021,-500,80
3.5655,2163,2021,-500,80
3.5659,2163,2021,-500,88
3.5662,2163,2021,-500,88
3.5666,2163,2020,-500,80
3.5670,2163,2020,-500,80
3.5674,2163,2020,-500,80
3.5678,2163,2020,-500,80
3.5682,2163,2020,-500,80
3.5686,2163,2020,-500,80
3.5690,2163,2020,-500,80
3.5694,2163,2020,-500,80
3.5698,2163,2019,-500,80
3.5702,2178,2019,-500,80
3.5710,2178,2019,-500,80
3.5714,2178,2019,-500,80
3.5718,2178,2018,-500,72
3.5722,2178,2018,-500,72
3.5726,2178,2018,-500,72
3.5730,2178,2018,-500,72
3.5734,2178,2018,-500,72
3.5738,2178,2017,-500,64
3.5741,2178,2017,-500,64
3.5745,2178,2017,-500,76
3.5749,2178,2017,-500,76
3.5753,2178,2017,-500,76
3.5756,2178,2017,-500,76
3.5760,2178,2017,-500,76
3.5764,2178,2017,-500,76
3.5768,2178,2016,-450,68
3.5772,2178,2016,-450,68
3.5775,2178,2016,-450,68
3.5779,2178,2016,-450,68
3.5782,2178,2016,-450,68
3.5786,2178,2015,-450,60
3.5790,2178,2015,-450,60
3.5794,2178,2015,-450,60
3.5798,2178,2015,-450,68
3.5802,2190,2015,-450,68
3.5809,2190,2015,-450,68
3.5813,2190,2015,-450,68
3.5817,2190,2014,-450,60
3.5820,2190,2014,-450,60
3.5824,2190,2014,-450,60
3.5828,2190,2014,-450,60
3.5832,2190,2014,-450,60
3.5835,2190,2014,-450,60
3.5839,2190,2014,-450,60
3.5843,2190,2014,-450,60
3.5848,2190,2013,-450,52
3.5851,2190,2013,-450,52
3.5855,2190,2013,-450,60
3.5859,2190,2013,-450,60
3.5862,2190,2013,-450,60
3.5866,2190,2013,-450,60
3.5870,2190,2013,-450,60
3.5873,2190,2013,-450,60
3.5878,2190,2013,-450,60
3.5881,2190,2013,-450,60
3.5885,2190,2012,-450,52
3.5889,2190,2012,-450,52
3.5892,2190,2012,-450,52
3.5896,2190,2012,-450,52
3.5900,2200,2012,-450,52
3.5907,2200,2012,-450,52
3.5911,2200,2012,-450,52
3.5915,2200,2011,-450,44
3.5918,2200,2011,-450,44
3.5922,2200,2011,-450,44
3.5925,2200,2011,-450,44
3.5929,2200,2011,-450,44
3.5933,2200,2011,-450,44
3.5937,2200,2011,-450,52
3.5940,2200,2011,-450,52
3.5944,2200,2011,-450,52
3.5947,2200,2010,-450,40
3.5951,2200,2010,-450,40
3.5955,2200,2010,-450,40
3.5958,2200,2010,-450,40
3.5962,2200,2010,-450,40
3.5967,2200,2010,-300,40
3.5970,2200,2010,-300,40
3.5974,2200,2010,-300,40
3.5978,2200,2010,-300,40
3.5981,2200,2010,-300,40
3.5985,2200,2009,-300,32
3.5989,2200,2009,-300,32
3.5992,2200,2009,-300,32
3.5996,2200,2009,-300,32
3.5999,2200,2009,-300,32
3.6003,2209,2009,-300,32
3.6010,2209,2009,-300,32
3.6014,2209,2009,-300,32
3.6018,2209,2009,-300,32
3.6021,2209,2009,-300,32
3.6025,2209,2008,-300,24
3.6029,2209,2008,-300,24
3.6032,2209,2008,-300,24
3.6036,2209,2008,-300,24
3.6039,2209,2008,-300,24
3.6043,2209,2008,-300,24
3.6047,2209,2008,-300,24
3.6051,2209,2008,-300,24
3.6055,2209,2008,-300,24
3.6059,2209,2008,-300,24
3.6062,2209,2008,-300,24
3.6066,2209,2008,-300,24
3.6070,2209,2008,-300,24
3.6074,2209,2008,-300,24
3.6077,2209,2008,-300,24
3.6081,2209,2008,-300,24
3.6085,2209,2007,-300,0
3.6088,2209,2007,-300,0
3.6092,2209,2007,-300,0
3.6095,2209,2007,-300,0
3.6099,2209,2007,-300,0
3.6102,2214,2007,-300,0
3.6109,2214,2007,-300,0
3.6113,2214,2007,-300,0
3.6116,2214,2007,-300,0
3.6120,2214,2007,-300,0
3.6124,2214,2007,-300,0
3.6128,2214,2007,-300,0
3.6132,2214,2007,-300,0
3.6135,2214,2007,-300,0
3.6139,2214,2007,-300,0
3.6143,2214,2007,-300,0
3.6148,2214,2007,-300,20
3.6152,2214,2007,-300,20
3.6155,2214,2006,-300,-28
3.6159,2214,2006,-300,-28
3.6163,2214,2006,-300,-28
3.6167,2214,2006,-200,-28
3.6171,2214,2006,-200,-28
3.6175,2214,2006,-200,-28
3.6179,2214,2006,-200,-28
3.6183,2214,2006,-200,-28
3.6188,2214,2006,-200,-28
3.6192,2214,2006,-200,-28
3.6196,2214,2006,-200,-28
3.6199,2214,2006,-200,-28
3.6203,2216,2006,-200,-28
3.6211,2216,2006,-200,-28
3.6215,2216,2006,-200,-28
3.6219,2216,2006,-200,-28
3.6222,2216,2006,-200,-28
3.6226,2216,2006,-200,-28
3.6230,2216,2006,-200,-28
3.6234,2216,2006,-200,-28
3.6238,2216,2006,-200,-28
3.6242,2216,2006,-200,-28
3.6245,2216,2006,-200,-28
3.6249,2216,2006,-200,-28
3.6253,2216,2006,-200,-28
3.6258,2216,2006,-200,-28
3.6262,2216,2006,-200,-28
3.6266,2216,2006,-200,-28
3.6270,2216,2006,-200,-28
3.6274,2216,2006,-200,-28
3.6279,2216,2006,-200,-28
3.6282,2216,2006,-200,-28
3.6286,2216,2006,-200,-28
3.6291,2216,2006,-200,-28
3.6295,2216,2006,-200,-28
3.6299,2216,2006,-200,-28
3.6303,2216,2005,-200,-36
3.6311,2216,2005,-200,-36
3.6315,2216,2005,-200,-36
3.6319,2216,2005,-200,-36
3.6323,2216,2005,-200,-36
3.6327,2216,2005,-200,-36
3.6331,2216,2005,-200,-36
3.6335,2216,2005,-200,-36
3.6339,2216,2005,-200,-36
3.6343,2216,2005,-200,-36
3.6348,2216,2005,-200,-36
3.6352,2216,2005,-200,-36
3.6356,2216,2005,-200,-44
3.6360,2216,2005,-200,-44
3.6364,2216,2005,-50,-44
3.6368,2216,2005,-50,-44
3.6372,2216,2005,-50,-44
3.6376,2216,2005,-50,-44
3.6380,2216,2005,-50,-44
3.6385,2216,2005,-50,-44
3.6389,2216,2005,-50,-44
3.6393,2216,2005,-50,-44
3.6397,2216,2005,-50,-44
3.6401,2214,2005,-50,-52
3.6409,2214,2005,-50,-52
3.6412,2214,2005,-50,-52
3.6417,2214,2005,-50,-52
3.6421,2214,2005,-50,-52
3.6425,2214,2005,-50,-52
3.6429,2214,2005,-50,-52
3.6433,2214,2005,-50,-52
3.6438,2214,2005,-50,-52
3.6442,2214,2005,-50,-52
3.6446,2214,2005,-50,-60
3.6450,2214,2005,-50,-60
3.6453,2214,2005,-50,-60
3.6458,2214,2005,-50,-60
3.6462,2214,2005,-50,-60
3.6466,2214,2005,-50,-60
3.6471,2214,2005,-50,-60
3.6475,2214,2005,-50,-60
3.6479,2214,2005,-50,-60
3.6483,2214,2005,-50,-68
3.6487,2214,2005,-50,-68
3.6491,2214,2005,-50,-68
3.6495,2214,2005,-50,-68
3.6499,2214,2005,-50,-68
3.6503,2208,2005,-50,-68
3.6511,2208,2005,-50,-68
3.6515,2208,2005,-50,-68
3.6519,2208,2005,-50,-68
3.6523,2208,2005,-50,-76
3.6528,2208,2005,-50,-76
3.6532,2208,2005,-50,-76
3.6536,2208,2005,-50,-76
3.6540,2208,2005,-50,-76
3.6544,2208,2005,-50,-84
3.6548,2208,2005,-50,-84
3.6552,2208,2005,-50,-84
3.6555,2208,2005,-50,-92
3.6559,2208,2005,-50,-92
3.6563,2208,2005,0,-92
3.6568,2208,2005,0,-92
3.6572,2208,2005,0,-92
3.6576,2208,2005,0,-92
3.6579,2208,2005,0,-92
3.6583,2208,2005,0,-100
3.6588,2208,2005,0,-100
3.6592,2208,2005,0,-100
3.6596,2208,2005,0,-100
3.6599,2208,2005,0,-100
3.6603,2200,2005,0,-100
3.6610,2200,2005,0,-100
3.6614,2200,2005,0,-108
3.6618,2200,2005,0,-108
3.6622,2200,2005,0,-108
3.6626,2200,2005,0,-108
3.6631,2200,2005,0,-108
3.6635,2200,2005,0,-108
3.6639,2200,2005,0,-108
3.6643,2200,2005,0,-116
3.6648,2200,2005,0,-116
3.6652,2200,2005,0,-116
3.6656,2200,2005,0,-116
3.6660,2200,2005,0,-116
3.6664,2200,2005,0,-116
3.6668,2200,2005,0,-116
3.6673,2200,2005,0,-124
3.6677,2200,2005,0,-124
3.6681,2200,2005,0,-124
3.6685,2200,2005,0,-124
3.6689,2200,2005,0,-124
3.6693,2200,2006,0,-116
3.6697,2200,2006,0,-116
3.6701,2190,2006,0,-124
3.6709,2190,2006,0,-124
3.6713,2190,2006,0,-124
3.6717,2190,2006,0,-124
3.6721,2190,2006,0,-124
3.6725,2190,2006,0,-132
3.6729,2190,2006,0,-132
3.6733,2190,2006,0,-132
3.6738,2190,2006,0,-132
3.6742,2190,2006,0,-136
3.6745,2190,2006,0,-136
3.6749,2190,2006,0,-136
3.6753,2190,2007,0,-136
3.6758,2190,2007,0,-136
3.6762,2190,2007,100,-136
3.6766,2190,2007,100,-136
3.6771,2190,2007,100,-136
3.6775,2190,2007,100,-144
3.6778,2190,2007,100,-144
3.6782,2190,2008,100,-136
3.6787,2190,2008,100,-136
3.6791,2190,2008,100,-136
3.6795,2190,2008,100,-136
3.6799,2190,2008,100,-136
3.6803,2177,2008,100,-144
3.6811,2177,2009,100,-136
3.6815,2177,2009,100,-136
3.6819,2177,2009,100,-136
3.6823,2177,2009,100,-144
3.6827,2177,2009,100,-144
3.6831,2177,2009,100,-144
3.6835,2177,2009,100,-144
3.6839,2177,2009,100,-144
3.6843,2177,2010,100,-144
3.6848,2177,2010,100,-144
3.6852,2177,2010,100,-144
3.6856,2177,2010,100,-144
3.6860,2177,2010,100,-144
3.6864,2177,2010,100,-144
3.6868,2177,2010,100,-144
3.6872,2177,2011,100,-144
3.6876,2177,2011,100,-144
3.6880,2177,2011,100,-144
3.6884,2177,2011,100,-144
3.6888,2177,2011,100,-144
3.6892,2177,2012,100,-144
3.6896,2177,2012,100,-144
3.6900,2163,2012,100,-144
3.6908,2163,2012,100,-144
3.6912,2163,2012,100,-152
3.6916,2163,2012,100,-152
3.6919,2163,2012,100,-152
3.6923,2163,2012,100,-152
3.6927,2163,2012,100,-152
3.6931,2163,2013,100,-152
3.6935,2163,2013,100,-152
3.6939,2163,2013,100,-152
3.6943,2163,2013,100,-136
3.6948,2163,2013,100,-136
3.6951,2163,2014,100,-136
3.6958,2163,2014,100,-136
3.6962,2163,2014,350,-136
3.6966,2163,2014,350,-136
3.6970,2163,2014,350,-144
3.6974,2163,2014,350,-144
3.6978,2163,2014,350,-144
3.6983,2163,2015,350,-136
3.6987,2163,2015,350,-136
3.6990,2163,2015,350,-144
3.6994,2163,2015,350,-144
3.6998,2163,2015,350,-144
3.7002,2146,2016,350,-136
3.7009,2146,2016,350,-136
3.7012,2146,2016,350,-144
3.7016,2146,2016,350,-144
3.7020,2146,2017,350,-136
3.7024,2146,2017,350,-136
3.7028,2146,2017,350,-136
3.7031,2146,2017,350,-144
3.7035,2146,2017,350,-144
3.7039,2146,2017,350,-144
3.7042,2146,2018,350,-136
3.7046,2146,2018,350,-136
3.7050,2146,2018,350,-144
3.7054,2146,2018,350,-144
3.7057,2146,2018,350,-144
3.7061,2146,2018,350,-152
3.7065,2146,2018,350,-152
3.7069,2146,2018,350,-152
3.7073,2146,2018,350,-152
3.7077,2146,2018,350,-152
3.7081,2146,2019,350,-152
3.7085,2146,2019,350,-152
3.7088,2146,2019,350,-152
3.7092,2146,2020,350,-144
3.7096,2146,2020,350,-144
3.7100,2128,2020,350,-152
3.7108,2128,2020,350,-152
3.7112,2128,2020,350,-152
3.7116,2128,2020,350,-152
3.7119,2128,2021,350,-152
3.7123,2128,2021,350,-152
3.7128,2128,2021,350,-152
3.7132,2128,2021,350,-160
3.7136,2128,2021,350,-160
3.7140,2128,2021,350,-164
3.7144,2128,2021,350,-164
3.7148,2128,2021,350,-164
3.7152,2128,2022,350,-164
3.7156,2128,2022,350,-164
3.7160,2128,2022,400,-164
3.7164,2128,2022,400,-164
3.7168,2128,2022,400,-164
3.7172,2128,2023,400,-164
3.7176,2128,2023,400,-164
3.7180,2128,2023,400,-172
3.7184,2128,2023,400,-172
3.7188,2128,2023,400,-172
3.7192,2128,2024,400,-164
3.7196,2128,2024,400,-164
3.7200,2109,2024,400,-172
3.7208,2109,2024,400,-172
3.7212,2109,2025,400,-172
3.7215,2109,2025,400,-172
3.7219,2109,2025,400,-172
3.7223,2109,2025,400,-172
3.7228,2109,2025,400,-172
3.7232,2109,2026,400,-172
3.7236,2109,2026,400,-172
3.7240,2109,2026,400,-172
3.7245,2109,2026,400,-172
3.7249,2109,2026,400,-172
3.7253,2109,2027,400,-172
3.7257,2109,2027,400,-172
3.7261,2109,2027,400,-180
3.7265,2109,2027,400,-180
3.7269,2109,2028,400,-172
3.7273,2109,2028,400,-172
3.7278,2109,2028,400,-172
3.7282,2109,2028,400,-180
3.7286,2109,2028,400,-180
3.7290,2109,2029,400,-180
3.7294,2109,2029,400,-180
3.7298,2109,2029,400,-180
3.7302,2088,2029,400,-180
3.7310,2088,2030,400,-180
3.7314,2088,2030,400,-180
3.7318,2088,2030,400,-180
3.7322,2088,2030,400,-188
3.7326,2088,2030,400,-188
3.7330,2088,2031,400,-180
3.7334,2088,2031,400,-180
3.7338,2088,2031,400,-188
3.7343,2088,2031,400,-188
3.7347,2088,2031,400,-188
3.7351,2088,2032,400,-188
3.7355,2088,2032,400,-188
3.7359,2088,2033,550,-180
3.7363,2088,2033,550,-180
3.7367,2088,2033,550,-180
3.7371,2088,2033,550,-188
3.7375,2088,2033,550,-188
3.7379,2088,2033,550,-196
3.7383,2088,2033,550,-196
3.7388,2088,2033,550,-196
3.7392,2088,2034,550,-188
3.7396,2088,2034,550,-188
3.7401,2067,2035,550,-188
3.7409,2067,2035,550,-188
3.7413,2067,2035,550,-188
3.7417,2067,2035,550,-188
3.7421,2067,2036,550,-188
3.7425,2067,2036,550,-188
3.7429,2067,2037,550,-188
3.7433,2067,2037,550,-188
3.7438,2067,2037,550,-188
3.7442,2067,2037,550,-188
3.7446,2067,2037,550,-188
3.7450,2067,2038,550,-188
3.7454,2067,2038,550,-188
3.7458,2067,2038,550,-196
3.7462,2067,2038,550,-196
3.7467,2067,2038,550,-196
3.7470,2067,2039,550,-188
3.7475,2067,2039,550,-188
3.7479,2067,2040,550,-188
3.7483,2067,2040,550,-188
3.7487,2067,2040,550,-188
3.7491,2067,2040,550,-188
3.7495,2067,2040,550,-188
3.7499,2067,2041,550,-188
3.7503,2045,2041,550,-188
3.7511,2045,2041,550,-188
3.7515,2045,2041,550,-188
3.7519,2045,2042,550,-188
3.7523,2045,2042,550,-188
3.7528,2045,2042,550,-188
3.7532,2045,2042,550,-196
3.7535,2045,2042,550,-196
3.7539,2045,2043,550,-176
3.7543,2045,2043,550,-176
3.7546,2045,2043,550,-176
3.7550,2045,2044,550,-176
3.7554,2045,2044,550,-176
3.7557,2045,2044,550,-176
3.7561,2045,2044,550,-176
3.7565,2045,2044,550,-176
3.7568,2045,2045,550,-176
3.7572,2045,2045,550,-176
3.7576,2045,2045,550,-176
3.7579,2045,2046,550,-168
3.7583,2045,2046,550,-168
3.7588,2045,2046,550,-176
3.7592,2045,2046,550,-176
3.7596,2045,2046,550,-176
3.7599,2045,2047,550,-168
3.7603,2024,2047,550,-168
3.7610,2024,2047,550,-176
3.7614,2024,2047,550,-176
3.7617,2024,2048,550,-168
3.7621,2024,2048,550,-168
3.7625,2024,2048,550,-168
3.7629,2024,2048,550,-176
3.7633,2024,2048,550,-176
3.7636,2024,2048,550,-176
3.7640,2024,2049,550,-168
3.7644,2024,2049,550,-168
3.7648,2024,2050,550,-168
3.7652,2024,2050,550,-168
3.7656,2024,2050,550,-168
3.7660,2024,2051,550,-160
3.7664,2024,2051,550,-160
3.7668,2024,2051,550,-168
3.7671,2024,2051,550,-168
3.7675,2024,2051,550,-168
3.7679,2024,2052,550,-160
3.7682,2024,2052,550,-160
3.7686,2024,2052,550,-160
3.7690,2024,2052,550,-168
3.7694,2024,2052,550,-168
3.7698,2024,2053,550,-160
3.7701,2003,2053,550,-160
3.7709,2003,2054,550,-160
3.7712,2003,2054,550,-160
3.7716,2003,2054,550,-160
3.7720,2003,2054,550,-160
3.7724,2003,2054,550,-160
3.7727,2003,2055,550,-160
3.7731,2003,2055,550,-160
3.7735,2003,2055,550,-160
3.7739,2003,2055,550,-152
3.7743,2003,2055,550,-152
3.7748,2003,2056,550,-152
3.7752,2003,2056,550,-152
3.7756,2003,2056,550,-152
3.7760,2003,2057,650,-144
3.7764,2003,2057,650,-144
3.7768,2003,2057,650,-144
3.7772,2003,2057,650,-144
3.7775,2003,2057,650,-144
3.7779,2003,2058,650,-144
3.7783,2003,2058,650,-144
3.7788,2003,2058,650,-144
3.7792,2003,2058,650,-144
3.7795,2003,2058,650,-144
3.7799,2003,2059,650,-144
3.7803,1983,2059,650,-144
3.7810,1983,2060,650,-136
3.7814,1983,2060,650,-136
3.7818,1983,2060,650,-144
3.7822,1983,2060,650,-144
3.7826,1983,2060,650,-144
3.7830,1983,2061,650,-136
3.7834,1983,2061,650,-136
3.7838,1983,2061,650,-136
3.7842,1983,2061,650,-136
3.7846,1983,2061,650,-136
3.7850,1983,2062,650,-136
3.7854,1983,2062,650,-136
3.7858,1983,2063,650,-128
3.7862,1983,2063,650,-128
3.7866,1983,2063,650,-128
3.7869,1983,2063,650,-136
3.7873,1983,2063,650,-136
3.7877,1983,2064,650,-128
3.7880,1983,2064,650,-128
3.7884,1983,2064,650,-128
3.7888,1983,2064,650,-128
3.7891,1983,2064,650,-128
3.7895,1983,2064,650,-128
3.7899,1983,2065,650,-128
3.7903,1963,2065,650,-128
3.7910,1963,2065,650,-128
3.7913,1963,2065,650,-128
3.7918,1963,2066,650,-120
3.7922,1963,2066,650,-120
3.7926,1963,2066,650,-120
3.7929,1963,2066,650,-128
3.7933,1963,2066,650,-128
3.7937,1963,2067,650,-112
3.7941,1963,2067,650,-112
3.7945,1963,2067,650,-112
3.7948,1963,2067,650,-120
3.7952,1963,2067,650,-120
3.7955,1963,2067,650,-120
3.7959,1963,2068,550,-112
3.7963,1963,2068,550,-112
3.7968,1963,2068,550,-112
3.7972,1963,2068,550,-112
3.7976,1963,2068,550,-112
3.7980,1963,2069,550,-112
3.7984,1963,2069,550,-112
3.7988,1963,2069,550,-112
3.7992,1963,2069,550,-112
3.7995,1963,2069,550,-112
3.8000,1963,2070,550,-104
3.8004,1945,2070,550,-112
3.8012,1945,2070,550,-112
3.8016,1945,2071,550,-104
3.8020,1945,2071,550,-104
3.8023,1945,2071,550,-104
3.8027,1945,2071,550,-104
3.8031,1945,2071,550,-104
3.8035,1945,2071,550,-104
3.8038,1945,2072,550,-96
3.8042,1945,2072,550,-96
3.8047,1945,2072,550,-104
3.8050,1945,2072,550,-104
3.8054,1945,2072,550,-104
3.8058,1945,2073,550,-96
3.8062,1945,2073,550,-96
3.8066,1945,2073,550,-96
3.8070,1945,2073,550,-96
3.8074,1945,2073,550,-96
3.8078,1945,2074,550,-96
3.8082,1945,2074,550,-96
3.8086,1945,2074,550,-96
3.8090,1945,2074,550,-96
3.8094,1945,2074,550,-96
3.8098,1945,2075,550,-88
3.8101,1929,2075,550,-88
3.8108,1929,2075,550,-88
3.8112,1929,2075,550,-88
3.8115,1929,2075,550,-96
3.8119,1929,2075,550,-96
3.8123,1929,2075,550,-96
3.8128,1929,2076,550,-88
3.8132,1929,2076,550,-88
3.8135,1929,2076,550,-92
3.8139,1929,2076,550,-92
3.8143,1929,2076,550,-92
3.8148,1929,2077,550,-84
3.8151,1929,2077,550,-84
3.8155,1929,2077,550,-84
3.8159,1929,2077,450,-92
3.8162,1929,2077,450,-92
3.8166,1929,2078,450,-84
3.8170,1929,2078,450,-84
3.8174,1929,2078,450,-84
3.8177,1929,2078,450,-84
3.8181,1929,2078,450,-84
3.8185,1929,2078,450,-84
3.8188,1929,2078,450,-84
3.8192,1929,2078,450,-84
3.8196,1929,2079,450,-84
3.8199,1929,2079,450,-84
3.8203,1914,2079,450,-84
3.8209,1914,2079,450,-84
3.8213,1914,2079,450,-84
3.8218,1914,2080,450,-76
3.8221,1914,2080,450,-76
3.8225,1914,2080,450,-76
3.8229,1914,2080,450,-76
3.8233,1914,2080,450,-76
3.8236,1914,2080,450,-84
3.8240,1914,2080,450,-84
3.8244,1914,2080,450,-84
3.8248,1914,2081,450,-76
3.8251,1914,2081,450,-76
3.8255,1914,2081,450,-76
3.8259,1914,2081,450,-76
3.8263,1914,2081,450,-76
3.8268,1914,2081,450,-76
3.8271,1914,2081,450,-76
3.8275,1914,2082,450,-68
3.8279,1914,2082,450,-68
3.8283,1914,2082,450,-68
3.8288,1914,2082,450,-68
3.8291,1914,2082,450,-68
3.8295,1914,2083,450,-68
3.8299,1914,2083,450,-68
3.8303,1902,2083,450,-68
3.8310,1902,2083,450,-68
3.8314,1902,2083,450,-68
3.8318,1902,2084,450,-60
3.8322,1902,2084,450,-60
3.8326,1902,2084,450,-60
3.8330,1902,2084,450,-60
3.8333,1902,2084,450,-60
3.8338,1902,2084,450,-56
3.8341,1902,2084,450,-56
3.8345,1902,2084,450,-56
3.8348,1902,2084,450,-56
3.8352,1902,2084,450,-56
3.8356,1902,2084,350,-64
3.8360,1902,2084,350,-64
3.8364,1902,2085,350,-56
3.8368,1902,2085,350,-56
3.8372,1902,2085,350,-56
3.8376,1902,2085,350,-56
3.8380,1902,2085,350,-56
3.8384,1902,2085,350,-56
3.8389,1902,2085,350,-56
3.8393,1902,2085,350,-56
3.8397,1902,2086,350,-48
3.8401,1892,2086,350,-48
3.8409,1892,2086,350,-48
3.8412,1892,2086,350,-48
3.8416,1892,2086,350,-48
3.8420,1892,2086,350,-48
3.8424,1892,2087,350,-40
3.8428,1892,2087,350,-40
3.8432,1892,2087,350,-40
3.8436,1892,2087,350,-48
3.8440,1892,2087,350,-48
3.8443,1892,2087,350,-48
3.8447,1892,2087,350,-48
3.8451,1892,2087,350,-48
3.8454,1892,2087,350,-48
3.8458,1892,2087,350,-48
3.8462,1892,2087,350,-48
3.8466,1892,2088,350,-40
3.8470,1892,2088,350,-40
3.8474,1892,2088,350,-40
3.8478,1892,2088,350,-40
3.8483,1892,2088,350,-40
3.8487,1892,2088,350,-40
3.8491,1892,2088,350,-40
3.8495,1892,2089,350,-32
3.8499,1892,2089,350,-32
3.8503,1884,2089,350,-32
3.8510,1884,2089,350,-32
3.8514,1884,2089,350,-32
3.8518,1884,2089,350,-32
3.8522,1884,2089,350,-32
3.8525,1884,2089,350,-32
3.8529,1884,2089,350,-32
3.8532,1884,2089,350,-32
3.8536,1884,2089,350,-36
3.8540,1884,2089,350,-36
3.8544,1884,2090,350,-28
3.8548,1884,2090,350,-28
3.8552,1884,2090,350,-28
3.8555,1884,2090,300,-28
3.8559,1884,2090,300,-28
3.8564,1884,2090,300,-28
3.8568,1884,2090,300,-28
3.8572,1884,2090,300,-28
3.8575,1884,2090,300,-28
3.8579,1884,2090,300,-28
3.8583,1884,2090,300,-28
3.8587,1884,2090,300,-28
3.8590,1884,2090,300,-28
3.8594,1884,2090,300,-28
3.8598,1884,2090,300,-28
3.8602,1878,2090,300,-28
3.8608,1878,2090,300,-28
3.8612,1878,2090,300,-28
3.8616,1878,2091,300,-20
3.8619,1878,2091,300,-20
3.8623,1878,2091,300,-20
3.8626,1878,2091,300,-20
3.8630,1878,2091,300,-20
3.8634,1878,2091,300,-20
3.8638,1878,2091,300,-20
3.8641,1878,2091,300,-20
3.8645,1878,2091,300,-20
3.8650,1878,2091,300,-20
3.8653,1878,2091,300,-20
3.8658,1878,2091,300,-20
3.8662,1878,2091,300,-20
3.8665,1878,2091,300,20
3.8669,1878,2091,300,20
3.8673,1878,2091,300,20
3.8677,1878,2092,300,28
3.8680,1878,2092,300,28
3.8684,1878,2092,300,28
3.8688,1878,2092,300,28
3.8692,1878,2092,300,28
3.8695,1878,2092,300,28
3.8699,1878,2092,300,28
3.8703,1876,2092,300,28
3.8710,1876,2092,300,28
3.8714,1876,2092,300,28
3.8718,1876,2092,300,28
3.8721,1876,2092,300,28
3.8725,1876,2092,300,28
3.8729,1876,2092,300,28
3.8733,1876,2092,300,32
3.8738,1876,2092,300,32
3.8741,1876,2092,300,32
3.8745,1876,2092,300,32
3.8749,1876,2092,300,32
3.8753,1876,2092,300,32
3.8756,1876,2092,100,32
3.8760,1876,2092,100,32
3.8764,1876,2093,100,32
3.8768,1876,2093,100,32
3.8772,1876,2093,100,32
3.8776,1876,2093,100,32
3.8780,1876,2093,100,32
3.8784,1876,2093,100,32
3.8788,1876,2093,100,32
3.8792,1876,2093,100,32
3.8796,1876,2093,100,32
3.8800,1876,2093,100,40
3.8808,1876,2093,100,40
3.8811,1876,2093,100,40
3.8816,1876,2093,100,40
3.8819,1876,2093,100,40
3.8823,1876,2093,100,40
3.8828,1876,2093,100,40
3.8831,1876,2093,100,40
3.8835,1876,2093,100,40
3.8839,1876,2093,100,40
3.8842,1876,2093,100,40
3.8846,1876,2093,100,40
3.8850,1876,2093,100,40
3.8854,1876,2093,100,48
3.8858,1876,2093,100,48
3.8862,1876,2093,100,48
3.8866,1876,2093,100,48
3.8870,1876,2093,100,48
3.8874,1876,2093,100,48
3.8878,1876,2093,100,48
3.8881,1876,2093,100,48
3.8885,1876,2093,100,48
3.8889,1876,2093,100,48
3.8893,1876,2093,100,48
3.8898,1876,2093,100,48
3.8901,1878,2093,100,56
3.8908,1878,2093,100,56
3.8912,1878,2093,100,56
3.8915,1878,2093,100,56
3.8919,1878,2093,100,56
3.8923,1878,2093,100,56
3.8926,1878,2093,100,56
3.8930,1878,2093,100,56
3.8934,1878,2093,100,52
3.8938,1878,2093,100,52
3.8941,1878,2093,100,52
3.8945,1878,2093,100,60
3.8949,1878,2093,100,60
3.8953,1878,2093,50,60
3.8957,1878,2093,50,60
3.8961,1878,2093,50,60
3.8964,1878,2093,50,60
3.8968,1878,2093,50,60
3.8972,1878,2093,50,60
3.8976,1878,2093,50,60
3.8980,1878,2093,50,60
3.8984,1878,2093,50,68
3.8988,1878,2093,50,68
3.8991,1878,2093,50,68
3.8995,1878,2093,50,68
3.8999,1878,2093,50,68
3.9002,1884,2093,50,68
3.9009,1884,2093,50,68
3.9013,1884,2093,50,68
3.9018,1884,2093,50,68
3.9021,1884,2093,50,68
3.9025,1884,2093,50,76
3.9029,1884,2093,50,76
3.9033,1884,2093,50,76
3.9037,1884,2093,50,76
3.9042,1884,2093,50,76
3.9046,1884,2093,50,76
3.9049,1884,2093,50,76
3.9054,1884,2093,50,84
3.9058,1884,2093,50,84
3.9062,1884,2093,50,84
3.9065,1884,2093,50,84
3.9069,1884,2093,50,84
3.9073,1884,2093,50,84
3.9077,1884,2093,50,84
3.9080,1884,2093,50,84
3.9084,1884,2093,50,92
3.9088,1884,2093,50,92
3.9091,1884,2093,50,92
3.9095,1884,2093,50,92
3.9099,1884,2093,50,92
3.9103,1892,2093,50,92
3.9110,1892,2093,50,92
3.9114,1892,2093,50,92
3.9118,1892,2093,50,92
3.9122,1892,2093,50,100
3.9126,1892,2093,50,100
3.9130,1892,2093,50,100
3.9134,1892,2093,50,112
3.9138,1892,2093,50,112
3.9142,1892,2093,50,120
3.9145,1892,2093,50,120
3.9149,1892,2093,50,120
3.9153,1892,2093,0,120
3.9156,1892,2093,0,120
3.9160,1892,2093,0,120
3.9164,1892,2093,0,120
3.9167,1892,2093,0,120
3.9171,1892,2093,0,128
3.9175,1892,2093,0,128
3.9179,1892,2093,0,128
3.9182,1892,2092,0,120
3.9186,1892,2092,0,120
3.9190,1892,2092,0,120
3.9194,1892,2092,0,120
3.9198,1892,2092,0,120
3.9201,1902,2092,0,128
3.9209,1902,2092,0,128
3.9213,1902,2092,0,128
3.9217,1902,2092,0,128
3.9221,1902,2092,0,128
3.9225,1902,2092,0,128
3.9229,1902,2092,0,128
3.9232,1902,2091,0,128
3.9236,1902,2091,0,128
3.9239,1902,2091,0,128
3.9243,1902,2091,0,128
3.9246,1902,2091,0,128
3.9250,1902,2091,0,128
3.9253,1902,2091,0,136
3.9257,1902,2091,0,136
3.9261,1902,2091,0,136
3.9265,1902,2091,0,136
3.9269,1902,2091,0,136
3.9272,1902,2090,0,128
3.9276,1902,2090,0,128
3.9280,1902,2090,0,128
3.9284,1902,2090,0,136
3.9287,1902,2090,0,136
3.9291,1902,2090,0,136
3.9295,1902,2090,0,136
3.9298,1902,2090,0,136
3.9302,1915,2089,0,136
3.9308,1915,2089,0,136
3.9312,1915,2089,0,136
3.9316,1915,2089,0,136
3.9319,1915,2089,0,136
3.9323,1915,2089,0,144
3.9326,1915,2089,0,144
3.9330,1915,2089,0,144
3.9334,1915,2088,0,124
3.9337,1915,2088,0,124
3.9341,1915,2088,0,124
3.9345,1915,2088,0,124
3.9349,1915,2088,0,124
3.9353,1915,2088,-250,132
3.9358,1915,2088,-250,132
3.9361,1915,2087,-250,124
3.9365,1915,2087,-250,124
3.9369,1915,2087,-250,124
3.9373,1915,2087,-250,132
3.9377,1915,2087,-250,132
3.9381,1915,2087,-250,132
3.9384,1915,2087,-250,132
3.9388,1915,2087,-250,132
3.9392,1915,2086,-250,132
3.9396,1915,2086,-250,132
3.9399,1915,2086,-250,132
3.9404,1930,2086,-250,132
3.9411,1930,2085,-250,132
3.9415,1930,2085,-250,132
3.9419,1930,2085,-250,132
3.9423,1930,2085,-250,132
3.9426,1930,2085,-250,132
3.9430,1930,2085,-250,140
3.9434,1930,2085,-250,140
3.9438,1930,2085,-250,140
3.9442,1930,2085,-250,140
3.9445,1930,2085,-250,140
3.9449,1930,2085,-250,140
3.9453,1930,2084,-250,140
3.9458,1930,2084,-250,140
3.9462,1930,2084,-250,140
3.9465,1930,2084,-250,140
3.9469,1930,2084,-250,140
3.9473,1930,2083,-250,140
3.9478,1930,2083,-250,140
3.9482,1930,2083,-250,140
3.9486,1930,2083,-250,140
3.9490,1930,2083,-250,148
3.9494,1930,2083,-250,148
3.9498,1930,2083,-250,148
3.9502,1946,2082,-250,140
3.9510,1946,2082,-250,148
3.9514,1946,2082,-250,148
3.9518,1946,2082,-250,148
3.9522,1946,2081,-250,140
3.9525,1946,2081,-250,140
3.9529,1946,2081,-250,140
3.9533,1946,2081,-250,148
3.9536,1946,2081,-250,148
3.9540,1946,2080,-250,140
3.9544,1946,2080,-250,140
3.9548,1946,2080,-250,140
3.9551,1946,2080,-400,148
3.9555,1946,2080,-400,148
3.9559,1946,2080,-400,148
3.9562,1946,2079,-400,148
3.9566,1946,2079,-400,148
3.9570,1946,2079,-400,148
3.9574,1946,2079,-400,148
3.9578,1946,2079,-400,148
3.9581,1946,2079,-400,156
3.9585,1946,2079,-400,156
3.9588,1946,2079,-400,156
3.9592,1946,2078,-400,148
3.9596,1946,2078,-400,148
3.9600,1946,2078,-400,156
3.9604,1964,2078,-400,156
3.9612,1964,2077,-400,148
3.9615,1964,2077,-400,148
3.9619,1964,2077,-400,156
3.9623,1964,2077,-400,156
3.9626,1964,2077,-400,156
3.9630,1964,2077,-400,164
3.9634,1964,2077,-400,164
3.9638,1964,2077,-400,164
3.9642,1964,2076,-400,156
3.9645,1964,2076,-400,156
3.9649,1964,2076,-400,164
3.9653,1964,2076,-400,164
3.9657,1964,2076,-400,164
3.9660,1964,2075,-400,156
3.9664,1964,2075,-400,156
3.9668,1964,2075,-400,156
3.9671,1964,2075,-400,164
3.9675,1964,2075,-400,164
3.9679,1964,2074,-400,164
3.9683,1964,2074,-400,164
3.9688,1964,2074,-400,164
3.9691,1964,2074,-400,164
3.9695,1964,2074,-400,164
3.9699,1964,2073,-400,164
3.9703,1984,2073,-400,164
3.9710,1984,2073,-400,164
3.9714,1984,2073,-400,164
3.9719,1984,2072,-400,164
3.9723,1984,2072,-400,164
3.9727,1984,2072,-400,164
3.9731,1984,2072,-400,172
3.9735,1984,2072,-400,172
3.9739,1984,2072,-400,172
3.9743,1984,2072,-400,172
3.9747,1984,2072,-400,172
3.9751,1984,2071,-450,172
3.9755,1984,2071,-450,172
3.9759,1984,2071,-450,180
3.9763,1984,2071,-450,180
3.9767,1984,2071,-450,180
3.9771,1984,2070,-450,172
3.9774,1984,2070,-450,172
3.9778,1984,2070,-450,180
3.9782,1984,2070,-450,180
3.9786,1984,2070,-450,180
3.9790,1984,2069,-450,180
3.9794,1984,2069,-450,180
3.9798,1984,2069,-450,180
3.9802,2004,2069,-450,180
3.9810,2004,2068,-450,180
3.9813,2004,2068,-450,180
3.9818,2004,2068,-450,180
3.9822,2004,2067,-450,180
3.9825,2004,2067,-450,180
3.9829,2004,2067,-450,180
3.9833,2004,2067,-450,180
3.9838,2004,2067,-450,180
3.9842,2004,2066,-450,180
3.9845,2004,2066,-450,180
3.9849,2004,2066,-450,188
3.9853,2004,2066,-450,188
3.9858,2004,2066,-450,188
3.9862,2004,2065,-450,180
3.9865,2004,2065,-450,180
3.9869,2004,2065,-450,188
3.9873,2004,2065,-450,188
3.9878,2004,2065,-450,188
3.9882,2004,2064,-450,188
3.9886,2004,2064,-450,188
3.9890,2004,2064,-450,188
3.9893,2004,2064,-450,188
3.9898,2004,2063,-450,188
3.9902,2025,2063,-450,188
3.9910,2025,2063,-450,188
3.9914,2025,2063,-450,188
3.9918,2025,2062,-450,188
3.9922,2025,2062,-450,188
3.9925,2025,2062,-450,188
3.9929,2025,2061,-450,184
3.9933,2025,2061,-450,184
3.9938,2025,2061,-450,184
3.9941,2025,2061,-450,184
3.9945,2025,2061,-450,184
3.9949,2025,2060,-550,184
3.9953,2025,2060,-550,184
3.9957,2025,2060,-550,184
3.9961,2025,2059,-550,176
3.9965,2025,2059,-550,176
3.9969,2025,2059,-550,184
3.9973,2025,2059,-550,184
3.9978,2025,2058,-550,184
3.9982,2025,2058,-550,184
3.9986,2025,2058,-550,184
3.9989,2025,2058,-550,184
3.9993,2025,2058,-550,184
3.9998,2025,2057,-550,184
4.0002,2046,2057,-550,184
4.0010,2046,2056,-550,176
4.0014,2046,2056,-550,176
4.0018,2046,2056,-550,184
4.0022,2046,2056,-550,184
4.0026,2046,2056,-550,184
4.0029,2046,2055,-550,176
4.0033,2046,2055,-550,176
4.0038,2046,2055,-550,184
4.0042,2046,2055,-550,184
4.0046,2046,2055,-550,184
4.0050,2046,2054,-550,184
4.0054,2046,2054,-550,184
4.0058,2046,2054,-550,184
4.0062,2046,2054,-550,184
4.0066,2046,2054,-550,184
4.0071,2046,2053,-550,184
4.0074,2046,2053,-550,184
4.0078,2046,2053,-550,184
4.0082,2046,2053,-550,184
4.0086,2046,2053,-550,184
4.0090,2046,2052,-550,184
4.0094,2046,2052,-550,184
4.0098,2046,2051,-550,176
4.0101,2068,2051,-550,176
4.0109,2068,2051,-550,184
4.0112,2068,2051,-550,184
4.0116,2068,2051,-550,184
4.0120,2068,2050,-550,176
4.0124,2068,2050,-550,176
4.0128,2068,2049,-550,164
4.0132,2068,2049,-550,164
4.0136,2068,2049,-550,164
4.0140,2068,2049,-550,164
4.0145,2068,2049,-550,164
4.0149,2068,2048,-600,164
4.0153,2068,2048,-600,164
4.0157,2068,2048,-600,164
4.0161,2068,2048,-600,164
4.0165,2068,2048,-600,164
4.0170,2068,2047,-600,164
4.0174,2068,2047,-600,164
4.0178,2068,2046,-600,156
4.0182,2068,2046,-600,156
4.0186,2068,2046,-600,156
4.0190,2068,2046,-600,164
4.0194,2068,2046,-600,164
4.0198,2068,2045,-600,156
4.0203,2089,2045,-600,156
4.0211,2089,2044,-600,156
4.0215,2089,2044,-600,156
4.0219,2089,2044,-600,156
4.0223,2089,2044,-600,156
4.0228,2089,2043,-600,156
4.0232,2089,2043,-600,156
4.0236,2089,2043,-600,156
4.0240,2089,2043,-600,156
4.0243,2089,2043,-600,156
4.0248,2089,2042,-600,156
4.0253,2089,2042,-600,156
4.0257,2089,2042,-600,156
4.0261,2089,2042,-600,156
4.0265,2089,2042,-600,156
4.0269,2089,2041,-600,148
4.0273,2089,2041,-600,148
4.0278,2089,2040,-600,148
4.0282,2089,2040,-600,148
4.0286,2089,2040,-600,148
4.0290,2089,2040,-600,148
4.0295,2089,2040,-600,148
4.0299,2089,2039,-600,148
4.0303,2109,2038,-600,140
4.0310,2109,2038,-600,140
4.0315,2109,2038,-600,140
4.0319,2109,2038,-600,148
4.0323,2109,2038,-600,148
4.0326,2109,2037,-600,132
4.0331,2109,2037,-600,132
4.0335,2109,2037,-600,132
4.0339,2109,2036,-600,124
4.0343,2109,2036,-600,124
4.0348,2109,2036,-600,132
4.0352,2109,2036,-600,132
4.0356,2109,2035,-600,124
4.0360,2109,2035,-600,124
4.0364,2109,2035,-600,124
4.0368,2109,2035,-600,132
4.0372,2109,2035,-600,132
4.0376,2109,2034,-600,124
4.0381,2109,2034,-600,124
4.0385,2109,2034,-600,124
4.0389,2109,2034,-600,124
4.0393,2109,2034,-600,124
4.0398,2109,2033,-600,124
4.0402,2129,2033,-600,124
4.0409,2129,2033,-600,124
4.0413,2129,2033,-600,124
4.0418,2129,2032,-600,116
4.0422,2129,2032,-600,116
4.0426,2129,2032,-600,124
4.0430,2129,2032,-600,124
4.0435,2129,2032,-600,124
4.0439,2129,2031,-600,116
4.0443,2129,2031,-600,116
4.0448,2129,2031,-600,116
4.0452,2129,2031,-600,116
4.0456,2129,2031,-600,116
4.0460,2129,2030,-600,116
4.0465,2129,2030,-600,116
4.0469,2129,2030,-600,116
4.0473,2129,2030,-600,116
4.0478,2129,2029,-600,108
4.0482,2129,2029,-600,108
4.0486,2129,2028,-600,108
4.0490,2129,2028,-600,108
4.0494,2129,2028,-600,108
4.0498,2129,2028,-600,108
4.0502,2147,2028,-600,108
4.0510,2147,2028,-600,108
4.0515,2147,2028,-600,108
4.0519,2147,2027,-600,108
4.0523,2147,2027,-600,108
4.0528,2147,2027,-600,108
4.0532,2147,2027,-600,108
4.0536,2147,2026,-600,100
4.0541,2147,2026,-600,100
4.0545,2147,2026,-600,100
4.0549,2147,2026,-500,108
4.0553,2147,2026,-500,108
4.0558,2147,2025,-500,100
4.0562,2147,2025,-500,100
4.0566,2147,2025,-500,100
4.0571,2147,2025,-500,100
4.0575,2147,2025,-500,100
4.0579,2147,2024,-500,100
4.0583,2147,2024,-500,100
4.0588,2147,2024,-500,100
4.0592,2147,2024,-500,100
4.0596,2147,2023,-500,92
4.0600,2163,2023,-500,92
4.0609,2163,2023,-500,92
4.0613,2163,2023,-500,92
4.0617,2163,2022,-500,92
4.0621,2163,2022,-500,92
4.0625,2163,2022,-500,92
4.0629,2163,2022,-500,92
4.0634,2163,2022,-500,92
4.0638,2163,2021,-500,84
4.0642,2163,2021,-500,84
4.0647,2163,2021,-500,84
4.0651,2163,2021,-500,84
4.0655,2163,2021,-500,92
4.0659,2163,2021,-500,92
4.0663,2163,2021,-500,92
4.0668,2163,2020,-500,84
4.0672,2163,2020,-500,84
4.0676,2163,2020,-500,84
4.0680,2163,2020,-500,84
4.0685,2163,2019,-500,76
4.0689,2163,2019,-500,76
4.0694,2163,2019,-500,76
4.0698,2163,2019,-500,84
4.0702,2178,2019,-500,84
4.0711,2178,2019,-500,84
4.0715,2178,2018,-500,76
4.0719,2178,2018,-500,76
4.0724,2178,2018,-500,76
4.0728,2178,2018,-500,72
4.0732,2178,2018,-500,72
4.0736,2178,2017,-500,64
4.0741,2178,2017,-500,64
4.0745,2178,2017,-450,72
4.0749,2178,2017,-450,72
4.0754,2178,2017,-450,72
4.0758,2178,2016,-450,64
4.0762,2178,2016,-450,64
4.0767,2178,2016,-450,64
4.0771,2178,2016,-450,64
4.0775,2178,2016,-450,64
4.0779,2178,2016,-450,64
4.0784,2178,2016,-450,64
4.0788,2178,2016,-450,64
4.0792,2178,2016,-450,64
4.0797,2178,2015,-450,64
4.0801,2190,2015,-450,64
4.0809,2190,2015,-450,64
4.0814,2190,2015,-450,64
4.0818,2190,2014,-450,56
4.0822,2190,2014,-450,56
4.0826,2190,2014,-450,56
4.0831,2190,2014,-450,56
4.0835,2190,2014,-450,56
4.0839,2190,2014,-450,56
4.0843,2190,2014,-450,56
4.0848,2190,2013,-450,48
4.0852,2190,2013,-450,48
4.0857,2190,2013,-450,56
4.0861,2190,2013,-450,56
4.0865,2190,2013,-450,56
4.0869,2190,2013,-450,56
4.0873,2190,2013,-450,56
4.0878,2190,2013,-450,56
4.0882,2190,2013,-450,56
4.0887,2190,2012,-450,48
4.0891,2190,2012,-450,48
4.0895,2190,2012,-450,48
4.0900,2190,2012,-450,48
4.0904,2201,2012,-450,48
4.0912,2201,2012,-450,48
4.0916,2201,2011,-450,40
4.0921,2201,2011,-450,40
4.0925,2201,2011,-450,40
4.0929,2201,2011,-450,40
4.0933,2201,2011,-450,40
4.0938,2201,2011,-450,48
4.0942,2201,2011,-450,48
4.0946,2201,2011,-300,48
4.0950,2201,2011,-300,48
4.0955,2201,2010,-300,40
4.0959,2201,2010,-300,40
4.0963,2201,2010,-300,40
4.0968,2201,2010,-300,40
4.0972,2201,2010,-300,40
4.0976,2201,2010,-300,40
4.0979,2201,2010,-300,40
4.0983,2201,2010,-300,40
4.0988,2201,2009,-300,32
4.0991,2201,2009,-300,32
4.0995,2201,2009,-300,32
4.0999,2201,2009,-300,32
4.1003,2208,2009,-300,32
4.1010,2208,2009,-300,32
4.1014,2208,2009,-300,32
4.1017,2208,2009,-300,32
4.1021,2208,2009,-300,32
4.1025,2208,2009,-300,32
4.1028,2208,2009,-300,32
4.1032,2208,2009,-300,32
4.1035,2208,2008,-300,24
4.1039,2208,2008,-300,24
4.1043,2208,2008,-300,24
4.1046,2208,2008,-300,24
4.1050,2208,2008,-300,24
4.1054,2208,2008,-300,24
4.1057,2208,2008,-300,24
4.1061,2208,2008,-300,24
4.1065,2208,2008,-300,24
4.1068,2208,2008,-300,24
4.1072,2208,2008,-300,24
4.1075,2208,2008,-300,24
4.1079,2208,2008,-300,24
4.1083,2208,2008,-300,24
4.1086,2208,2007,-300,0
4.1090,2208,2007,-300,0
4.1094,2208,2007,-300,0
4.1097,2208,2007,-300,0
4.1101,2214,2007,-300,0
4.1108,2214,2007,-300,0
4.1111,2214,2007,-300,0
4.1115,2214,2007,-300,0
4.1118,2214,2007,-300,0
4.1122,2214,2007,-300,0
4.1125,2214,2007,-300,20
4.1129,2214,2007,-300,20
4.1132,2214,2007,-300,20
4.1136,2214,2007,-300,20
4.1139,2214,2007,-300,20
4.1143,2214,2007,-200,20
4.1146,2214,2007,-200,20
4.1150,2214,2007,-200,20
4.1154,2214,2006,-200,-28
4.1157,2214,2006,-200,-28
4.1161,2214,2006,-200,-28
4.1165,2214,2006,-200,-28
4.1168,2214,2006,-200,-28
4.1172,2214,2006,-200,-28
4.1175,2214,2006,-200,-28
4.1179,2214,2006,-200,-28
4.1182,2214,2006,-200,-28
4.1186,2214,2006,-200,-28
4.1189,2214,2006,-200,-28
4.1193,2214,2006,-200,-28
4.1196,2214,2006,-200,-28
4.1200,2214,2006,-200,-28
4.1203,2216,2006,-200,-28
4.1211,2216,2006,-200,-28
4.1215,2216,2006,-200,-28
4.1218,2216,2006,-200,-28
4.1222,2216,2006,-200,-28
4.1225,2216,2006,-200,-28
4.1228,2216,2006,-200,-28
4.1232,2216,2006,-200,-28
4.1236,2216,2006,-200,-28
4.1239,2216,2006,-200,-28
4.1243,2216,2006,-200,-28
4.1246,2216,2006,-200,-28
4.1250,2216,2006,-200,-28
4.1254,2216,2006,-200,-28
4.1257,2216,2006,-200,-28
4.1261,2216,2006,-200,-28
4.1265,2216,2006,-200,-28
4.1268,2216,2006,-200,-28
4.1272,2216,2006,-200,-28
4.1275,2216,2006,-200,-28
4.1279,2216,2006,-200,-28
4.1282,2216,2005,-200,-28
4.1286,2216,2005,-200,-28
4.1289,2216,2005,-200,-28
4.1293,2216,2005,-200,-28
4.1296,2216,2005,-200,-28
4.1300,2216,2005,-200,-28
4.1303,2216,2005,-200,-36
4.1311,2216,2005,-200,-36
4.1315,2216,2005,-200,-36
4.1318,2216,2005,-200,-36
4.1322,2216,2005,-200,-36
4.1325,2216,2005,-200,-36
4.1329,2216,2005,-200,-36
4.1332,2216,2005,-200,-36
4.1336,2216,2005,-200,-36
4.1339,2216,2005,-200,-36
4.1343,2216,2005,-100,-36
4.1347,2216,2005,-100,-36
4.1351,2216,2005,-100,-36
4.1355,2216,2005,-100,-44
4.1358,2216,2005,-100,-44
4.1362,2216,2005,-100,-44
4.1365,2216,2005,-100,-44
4.1369,2216,2005,-100,-44
4.1372,2216,2005,-100,-44
4.1376,2216,2005,-100,-44
4.1380,2216,2005,-100,-44
4.1384,2216,2005,-100,-44
4.1387,2216,2005,-100,-44
4.1391,2216,2005,-100,-44
4.1395,2216,2005,-100,-44
4.1398,2216,2005,-100,-44
4.1402,2214,2005,-100,-52
4.1409,2214,2005,-100,-52
4.1412,2214,2005,-100,-52
4.1415,2214,2005,-100,-52
4.1419,2214,2005,-100,-52
4.1423,2214,2005,-100,-52
4.1426,2214,2005,-100,-52
4.1430,2214,2005,-100,-52
4.1433,2214,2005,-100,-52
4.1437,2214,2005,-100,-52
4.1441,2214,2005,-100,-52
4.1444,2214,2005,-100,-60
4.1447,2214,2005,-100,-60
4.1451,2214,2005,-100,-60
4.1454,2214,2005,-100,-60
4.1458,2214,2005,-100,-60
4.1462,2214,2005,-100,-60
4.1465,2214,2005,-100,-60
4.1469,2214,2005,-100,-60
4.1472,2214,2005,-100,-60
4.1476,2214,2005,-100,-60
4.1479,2214,2005,-100,-60
4.1483,2214,2005,-100,-68
4.1486,2214,2005,-100,-68
4.1490,2214,2005,-100,-68
4.1493,2214,2005,-100,-68
4.1497,2214,2005,-100,-68
4.1501,2208,2005,-100,-68
4.1507,2208,2005,-100,-68
4.1511,2208,2005,-100,-68
4.1514,2208,2005,-100,-68
4.1518,2208,2005,-100,-68
4.1521,2208,2005,-100,-84
4.1525,2208,2005,-100,-84
4.1528,2208,2005,-100,-84
4.1532,2208,2005,-100,-84
4.1535,2208,2005,-100,-84
4.1539,2208,2005,-100,-84
4.1543,2208,2005,0,-84
4.1546,2208,2005,0,-84
4.1550,2208,2005,0,-84
4.1553,2208,2005,0,-92
4.1557,2208,2005,0,-92
4.1561,2208,2005,0,-92
4.1564,2208,2005,0,-92
4.1568,2208,2005,0,-92
4.1572,2208,2005,0,-92
4.1575,2208,2005,0,-92
4.1579,2208,2005,0,-92
4.1582,2208,2005,0,-100
4.1586,2208,2005,0,-100
4.1589,2208,2005,0,-100
4.1593,2208,2005,0,-100
4.1597,2208,2005,0,-100
4.1600,2200,2005,0,-100
4.1607,2200,2005,0,-100
4.1611,2200,2005,0,-108
4.1615,2200,2005,0,-108
4.1618,2200,2005,0,-108
4.1622,2200,2005,0,-108
4.1625,2200,2005,0,-108
4.1629,2200,2005,0,-108
4.1632,2200,2005,0,-108
4.1636,2200,2005,0,-108
4.1640,2200,2005,0,-108
4.1644,2200,2005,0,-116
4.1648,2200,2005,0,-116
4.1652,2200,2005,0,-116
4.1655,2200,2005,0,-116
4.1659,2200,2005,0,-116
4.1662,2200,2005,0,-116
4.1666,2200,2005,0,-116
4.1670,2200,2005,0,-116
4.1674,2200,2005,0,-124
4.1678,2200,2005,0,-124
4.1682,2200,2005,0,-124
4.1686,2200,2005,0,-124
4.1690,2200,2005,0,-124
4.1693,2200,2006,0,-116
4.1698,2200,2006,0,-116
4.1702,2190,2006,0,-124
4.1709,2190,2006,0,-124
4.1713,2190,2006,0,-124
4.1716,2190,2006,0,-124
4.1720,2190,2006,0,-124
4.1723,2190,2006,0,-136
4.1727,2190,2006,0,-136
4.1731,2190,2006,0,-136
4.1735,2190,2006,0,-136
4.1738,2190,2006,0,-136
4.1743,2190,2007,100,-128
4.1748,2190,2007,100,-128
4.1751,2190,2007,100,-136
4.1755,2190,2007,100,-136
4.1759,2190,2007,100,-136
4.1764,2190,2007,100,-136
4.1768,2190,2007,100,-136
4.1772,2190,2007,100,-144
4.1775,2190,2007,100,-144
4.1779,2190,2007,100,-144
4.1782,2190,2008,100,-136
4.1786,2190,2008,100,-136
4.1790,2190,2008,100,-136
4.1793,2190,2008,100,-136
4.1798,2190,2008,100,-136
4.1801,2177,2008,100,-144
4.1808,2177,2008,100,-144
4.1813,2177,2009,100,-136
4.1817,2177,2009,100,-136
4.1821,2177,2009,100,-144
4.1825,2177,2009,100,-144
4.1829,2177,2009,100,-144
4.1833,2177,2009,100,-144
4.1836,2177,2009,100,-144
4.1840,2177,2010,100,-144
4.1844,2177,2010,100,-144
4.1848,2177,2010,100,-144
4.1851,2177,2010,100,-144
4.1855,2177,2010,100,-144
4.1859,2177,2010,100,-144
4.1863,2177,2010,100,-144
4.1866,2177,2010,100,-144
4.1870,2177,2011,100,-144
4.1874,2177,2011,100,-144
4.1878,2177,2011,100,-144
4.1882,2177,2011,100,-144
4.1885,2177,2011,100,-144
4.1889,2177,2011,100,-144
4.1893,2177,2011,100,-152
4.1897,2177,2011,100,-152
4.1901,2163,2012,100,-144
4.1908,2163,2012,100,-144
4.1912,2163,2012,100,-152
4.1916,2163,2012,100,-152
4.1920,2163,2012,100,-136
4.1924,2163,2012,100,-136
4.1928,2163,2012,100,-136
4.1932,2163,2013,100,-136
4.1936,2163,2013,100,-136
4.1940,2163,2013,300,-136
4.1944,2163,2013,300,-136
4.1948,2163,2013,300,-136
4.1952,2163,2014,300,-136
4.1956,2163,2014,300,-136
4.1960,2163,2014,300,-136
4.1964,2163,2014,300,-136
4.1967,2163,2014,300,-136
4.1971,2163,2014,300,-144
4.1975,2163,2014,300,-144
4.1979,2163,2014,300,-144
4.1983,2163,2015,300,-136
4.1987,2163,2015,300,-136
4.1990,2163,2015,300,-144
4.1994,2163,2015,300,-144
4.1998,2163,2015,300,-144
4.2002,2146,2016,300,-136
4.2009,2146,2016,300,-144
4.2013,2146,2016,300,-144
4.2018,2146,2016,300,-144
4.2022,2146,2016,300,-144
4.2026,2146,2016,300,-144
4.2029,2146,2017,300,-144
4.2033,2146,2017,300,-144
4.2037,2146,2017,300,-144
4.2040,2146,2017,300,-144
4.2044,2146,2017,300,-144
4.2048,2146,2017,300,-144
4.2051,2146,2018,300,-144
4.2056,2146,2018,300,-144
4.2060,2146,2018,300,-152
4.2064,2146,2018,300,-152
4.2068,2146,2018,300,-152
4.2071,2146,2019,300,-144
4.2075,2146,2019,300,-144
4.2079,2146,2019,300,-152
4.2083,2146,2019,300,-152
4.2086,2146,2019,300,-152
4.2090,2146,2020,300,-144
4.2094,2146,2020,300,-144
4.2098,2146,2020,300,-144
4.2102,2128,2020,300,-152
4.2108,2128,2020,300,-152
4.2112,2128,2020,300,-152
4.2115,2128,2020,300,-152
4.2119,2128,2021,300,-152
4.2123,2128,2021,300,-152
4.2127,2128,2021,300,-152
4.2130,2128,2021,300,-160
4.2134,2128,2021,300,-160
4.2138,2128,2021,300,-160
4.2142,2128,2021,400,-160
4.2146,2128,2021,400,-160
4.2150,2128,2022,400,-160
4.2154,2128,2022,400,-160
4.2158,2128,2022,400,-160
4.2162,2128,2022,400,-160
4.2166,2128,2022,400,-160
4.2170,2128,2023,400,-160
4.2174,2128,2023,400,-160
4.2178,2128,2023,400,-160
4.2182,2128,2023,400,-168
4.2186,2128,2023,400,-168
4.2190,2128,2024,400,-160
4.2195,2128,2024,400,-160
4.2199,2128,2024,400,-168
4.2204,2108,2024,400,-168
4.2211,2108,2025,400,-168
4.2215,2108,2025,400,-168
4.2218,2108,2025,400,-168
4.2222,2108,2025,400,-168
4.2226,2108,2025,400,-168
4.2230,2108,2026,400,-168
4.2234,2108,2026,400,-168
4.2238,2108,2026,400,-168
4.2242,2108,2026,400,-168
4.2246,2108,2026,400,-168
4.2249,2108,2027,400,-168
4.2253,2108,2027,400,-168
4.2258,2108,2027,400,-168
4.2262,2108,2027,400,-176
4.2265,2108,2027,400,-176
4.2269,2108,2028,400,-168
4.2273,2108,2028,400,-168
4.2278,2108,2028,400,-168
4.2282,2108,2028,400,-176
4.2285,2108,2028,400,-176
4.2289,2108,2029,400,-176
4.2293,2108,2029,400,-176
4.2297,2108,2029,400,-176
4.2300,2088,2029,400,-176
4.2308,2088,2029,400,-176
4.2311,2088,2030,400,-176
4.2315,2088,2030,400,-176
4.2319,2088,2030,400,-192
4.2322,2088,2030,400,-192
4.2326,2088,2030,400,-192
4.2330,2088,2031,400,-184
4.2334,2088,2031,400,-184
4.2337,2088,2031,400,-184
4.2341,2088,2032,550,-184
4.2345,2088,2032,550,-184
4.2348,2088,2032,550,-192
4.2352,2088,2032,550,-192
4.2357,2088,2032,550,-192
4.2361,2088,2033,550,-184
4.2364,2088,2033,550,-184
4.2368,2088,2033,550,-192
4.2372,2088,2033,550,-192
4.2375,2088,2033,550,-192
4.2379,2088,2033,550,-200
4.2382,2088,2033,550,-200
4.2386,2088,2033,550,-200
4.2390,2088,2034,550,-192
4.2394,2088,2034,550,-192
4.2397,2088,2034,550,-192
4.2401,2067,2035,550,-192
4.2408,2067,2035,550,-192
4.2412,2067,2035,550,-192
4.2415,2067,2035,550,-192
4.2419,2067,2036,550,-192
4.2422,2067,2036,550,-192
4.2426,2067,2036,550,-192
4.2429,2067,2036,550,-200
4.2433,2067,2036,550,-200
4.2436,2067,2036,550,-200
4.2440,2067,2037,550,-192
4.2444,2067,2037,550,-192
4.2447,2067,2037,550,-192
4.2451,2067,2038,550,-192
4.2454,2067,2038,550,-192
4.2458,2067,2038,550,-200
4.2462,2067,2038,550,-200
4.2465,2067,2038,550,-200
4.2469,2067,2039,550,-192
4.2473,2067,2039,550,-192
4.2477,2067,2040,550,-192
4.2481,2067,2040,550,-192
4.2485,2067,2040,550,-192
4.2489,2067,2040,550,-192
4.2492,2067,2040,550,-192
4.2496,2067,2040,550,-192
4.2499,2067,2041,550,-192
4.2503,2045,2041,550,-192
4.2510,2045,2041,550,-192
4.2514,2045,2041,550,-192
4.2518,2045,2042,550,-176
4.2522,2045,2042,550,-176
4.2526,2045,2042,550,-176
4.2529,2045,2042,550,-184
4.2533,2045,2042,550,-184
4.2538,2045,2043,550,-176
4.2541,2045,2043,550,-176
4.2545,2045,2043,550,-176
4.2549,2045,2044,550,-176
4.2553,2045,2044,550,-176
4.2556,2045,2044,550,-176
4.2560,2045,2044,550,-176
4.2564,2045,2044,550,-176
4.2568,2045,2045,550,-176
4.2572,2045,2045,550,-176
4.2575,2045,2045,550,-176
4.2579,2045,2045,550,-176
4.2583,2045,2045,550,-176
4.2587,2045,2045,550,-176
4.2590,2045,2046,550,-176
4.2594,2045,2046,550,-176
4.2597,2045,2047,550,-168
4.2601,2024,2047,550,-168
4.2607,2024,2047,550,-176
4.2611,2024,2047,550,-176
4.2614,2024,2047,550,-176
4.2618,2024,2048,550,-168
4.2621,2024,2048,550,-168
4.2625,2024,2048,550,-168
4.2628,2024,2049,550,-168
4.2632,2024,2049,550,-168
4.2636,2024,2049,550,-168
4.2639,2024,2049,550,-168
4.2643,2024,2049,550,-168
4.2646,2024,2049,550,-168
4.2650,2024,2050,550,-168
4.2653,2024,2050,550,-168
4.2657,2024,2050,550,-168
4.2661,2024,2050,550,-168
4.2665,2024,2050,550,-168
4.2668,2024,2051,550,-168
4.2672,2024,2051,550,-168
4.2675,2024,2051,550,-168
4.2679,2024,2052,550,-160
4.2682,2024,2052,550,-160
4.2686,2024,2052,550,-160
4.2689,2024,2052,550,-168
4.2693,2024,2052,550,-168
4.2696,2024,2053,550,-160
4.2700,2024,2053,550,-160
4.2703,2003,2054,550,-160
4.2711,2003,2054,550,-160
4.2714,2003,2054,550,-160
4.2718,2003,2054,550,-152
4.2721,2003,2054,550,-152
4.2725,2003,2054,550,-152
4.2728,2003,2055,550,-152
4.2732,2003,2055,550,-152
4.2736,2003,2055,550,-152
4.2739,2003,2055,600,-152
4.2743,2003,2055,600,-152
4.2746,2003,2056,600,-152
4.2750,2003,2056,600,-152
4.2754,2003,2056,600,-152
4.2757,2003,2057,600,-144
4.2761,2003,2057,600,-144
4.2765,2003,2057,600,-144
4.2768,2003,2057,600,-144
4.2772,2003,2057,600,-144
4.2775,2003,2057,600,-144
4.2779,2003,2058,600,-144
4.2782,2003,2058,600,-144
4.2785,2003,2058,600,-144
4.2789,2003,2059,600,-136
4.2793,2003,2059,600,-136
4.2796,2003,2059,600,-144
4.2800,1983,2059,600,-144
4.2807,1983,2060,600,-136
4.2811,1983,2060,600,-136
4.2814,1983,2060,600,-136
4.2818,1983,2060,600,-144
4.2822,1983,2060,600,-144
4.2825,1983,2060,600,-144
4.2829,1983,2061,600,-136
4.2832,1983,2061,600,-136
4.2836,1983,2061,600,-136
4.2839,1983,2062,600,-128
4.2843,1983,2062,600,-128
4.2846,1983,2062,600,-136
4.2850,1983,2062,600,-136
4.2854,1983,2062,600,-136
4.2858,1983,2063,600,-128
4.2861,1983,2063,600,-128
4.2865,1983,2063,600,-128
4.2868,1983,2063,600,-136
4.2872,1983,2063,600,-136
4.2875,1983,2063,600,-136
4.2880,1983,2064,600,-128
4.2884,1983,2064,600,-128
4.2888,1983,2064,600,-128
4.2892,1983,2064,600,-128
4.2896,1983,2065,600,-128
4.2899,1983,2065,600,-128
4.2903,1963,2065,600,-128
4.2910,1963,2065,600,-128
4.2914,1963,2065,600,-128
4.2917,1963,2066,600,-112
4.2921,1963,2066,600,-112
4.2925,1963,2066,600,-112
4.2929,1963,2066,600,-120
4.2933,1963,2066,600,-120
4.2937,1963,2067,600,-112
4.2941,1963,2067,600,-112
4.2945,1963,2067,600,-112
4.2948,1963,2067,600,-120
4.2952,1963,2067,600,-120
4.2956,1963,2068,600,-112
4.2959,1963,2068,600,-112
4.2963,1963,2068,600,-112
4.2968,1963,2068,600,-112
4.2972,1963,2068,600,-112
4.2976,1963,2069,600,-112
4.2979,1963,2069,600,-112
4.2983,1963,2069,600,-112
4.2987,1963,2069,600,-112
4.2991,1963,2069,600,-112
4.2995,1963,2069,600,-112
4.2999,1963,2070,600,-104
4.3003,1945,2070,600,-112
4.3011,1945,2070,600,-112
4.3015,1945,2070,600,-112
4.3018,1945,2071,600,-104
4.3022,1945,2071,600,-104
4.3026,1945,2071,600,-104
4.3030,1945,2071,600,-104
4.3034,1945,2071,600,-104
4.3038,1945,2071,600,-104
4.3042,1945,2071,600,-104
4.3045,1945,2072,600,-104
4.3049,1945,2072,600,-104
4.3053,1945,2072,600,-104
4.3058,1945,2072,600,-104
4.3062,1945,2072,600,-104
4.3066,1945,2073,600,-96
4.3070,1945,2073,600,-96
4.3074,1945,2073,600,-96
4.3078,1945,2073,600,-104
4.3082,1945,2073,600,-104
4.3085,1945,2074,600,-96
4.3089,1945,2074,600,-96
4.3093,1945,2074,600,-96
4.3098,1945,2074,600,-96
4.3101,1929,2075,600,-88
4.3109,1929,2075,600,-88
4.3113,1929,2075,600,-88
4.3116,1929,2075,600,-104
4.3121,1929,2075,600,-104
4.3125,1929,2076,600,-96
4.3129,1929,2076,600,-96
4.3133,1929,2076,600,-96
4.3137,1929,2076,450,-96
4.3141,1929,2076,450,-96
4.3144,1929,2076,450,-96
4.3148,1929,2076,450,-96
4.3152,1929,2076,450,-96
4.3156,1929,2077,450,-96
4.3160,1929,2077,450,-96
4.3164,1929,2077,450,-96
4.3168,1929,2077,450,-96
4.3172,1929,2077,450,-96
4.3176,1929,2078,450,-88
4.3179,1929,2078,450,-88
4.3183,1929,2078,450,-88
4.3188,1929,2078,450,-88
4.3192,1929,2078,450,-88
4.3195,1929,2079,450,-88
4.3199,1929,2079,450,-88
4.3203,1914,2079,450,-88
4.3210,1914,2079,450,-88
4.3215,1914,2080,450,-80
4.3219,1914,2080,450,-80
4.3222,1914,2080,450,-80
4.3226,1914,2080,450,-80
4.3230,1914,2080,450,-80
4.3234,1914,2080,450,-80
4.3238,1914,2080,450,-88
4.3241,1914,2080,450,-88
4.3245,1914,2081,450,-80
4.3248,1914,2081,450,-80
4.3252,1914,2081,450,-80
4.3256,1914,2081,450,-80
4.3260,1914,2081,450,-80
4.3264,1914,2081,450,-80
4.3268,1914,2081,450,-80
4.3271,1914,2081,450,-80
4.3275,1914,2082,450,-72
4.3278,1914,2082,450,-72
4.3282,1914,2082,450,-72
4.3286,1914,2082,450,-72
4.3290,1914,2082,450,-72
4.3294,1914,2083,450,-72
4.3298,1914,2083,450,-72
4.3302,1902,2083,450,-72
4.3310,1902,2083,450,-72
4.3314,1902,2083,450,-64
4.3318,1902,2083,450,-64
4.3321,1902,2083,450,-64
4.3325,1902,2084,450,-56
4.3329,1902,2084,450,-56
4.3333,1902,2084,450,-56
4.3337,1902,2084,400,-56
4.3341,1902,2084,400,-56
4.3344,1902,2084,400,-56
4.3348,1902,2084,400,-56
4.3352,1902,2084,400,-56
4.3356,1902,2085,400,-56
4.3360,1902,2085,400,-56
4.3364,1902,2085,400,-56
4.3368,1902,2085,400,-56
4.3371,1902,2085,400,-56
4.3375,1902,2085,400,-56
4.3379,1902,2085,400,-56
4.3383,1902,2085,400,-56
4.3387,1902,2086,400,-48
4.3391,1902,2086,400,-48
4.3395,1902,2086,400,-48
4.3399,1902,2086,400,-48
4.3402,1891,2086,400,-48
4.3409,1891,2086,400,-48
4.3413,1891,2086,400,-48
4.3417,1891,2086,400,-48
4.3421,1891,2086,400,-48
4.3425,1891,2087,400,-40
4.3428,1891,2087,400,-40
4.3432,1891,2087,400,-40
4.3436,1891,2087,400,-48
4.3440,1891,2087,400,-48
4.3444,1891,2087,400,-48
4.3448,1891,2087,400,-48
4.3451,1891,2087,400,-48
4.3455,1891,2088,400,-40
4.3459,1891,2088,400,-40
4.3463,1891,2088,400,-40
4.3468,1891,2088,400,-40
4.3472,1891,2088,400,-40
4.3476,1891,2088,400,-40
4.3480,1891,2088,400,-40
4.3484,1891,2088,400,-40
4.3488,1891,2088,400,-40
4.3491,1891,2088,400,-40
4.3495,1891,2089,400,-32
4.3499,1891,2089,400,-32
4.3503,1884,2089,400,-32
4.3510,1884,2089,400,-32
4.3514,1884,2089,400,-32
4.3518,1884,2089,400,-32
4.3522,1884,2089,400,-32
4.3526,1884,2089,400,-32
4.3529,1884,2089,400,-32
4.3533,1884,2089,400,-32
4.3537,1884,2090,300,-24
4.3541,1884,2090,300,-24
4.3544,1884,2090,300,-24
4.3548,1884,2090,300,-24
4.3552,1884,2090,300,-24
4.3556,1884,2090,300,-24
4.3560,1884,2090,300,-24
4.3564,1884,2090,300,-24
4.3568,1884,2090,300,-24
4.3572,1884,2090,300,-24
4.3575,1884,2090,300,-24
4.3579,1884,2090,300,-24
4.3583,1884,2090,300,-24
4.3587,1884,2090,300,-24
4.3590,1884,2090,300,-24
4.3594,1884,2090,300,-24
4.3598,1884,2090,300,-24
4.3602,1878,2091,300,0
4.3609,1878,2091,300,0
4.3612,1878,2091,300,0
4.3616,1878,2091,300,0
4.3619,1878,2091,300,0
4.3623,1878,2091,300,0
4.3626,1878,2091,300,0
4.3630,1878,2091,300,0
4.3634,1878,2091,300,0
4.3637,1878,2091,300,0
4.3641,1878,2091,300,0
4.3645,1878,2091,300,0
4.3648,1878,2091,300,0
4.3652,1878,2091,300,0
4.3656,1878,2091,300,0
4.3659,1878,2091,300,0
4.3663,1878,2092,300,32
4.3666,1878,2092,300,32
4.3670,1878,2092,300,32
4.3674,1878,2092,300,32
4.3677,1878,2092,300,32
4.3681,1878,2092,300,32
4.3685,1878,2092,300,32
4.3688,1878,2092,300,32
4.3692,1878,2092,300,32
4.3695,1878,2092,300,32
4.3699,1878,2092,300,32
4.3703,1876,2092,300,32
4.3710,1876,2092,300,32
4.3714,1876,2092,300,32
4.3718,1876,2092,300,32
4.3721,1876,2092,300,32
4.3725,1876,2092,300,32
4.3729,1876,2092,300,32
4.3733,1876,2092,100,32
4.3736,1876,2092,100,32
4.3740,1876,2092,100,32
4.3744,1876,2092,100,32
4.3748,1876,2092,100,32
4.3752,1876,2092,100,32
4.3755,1876,2092,100,32
4.3759,1876,2092,100,32
4.3763,1876,2093,100,32
4.3766,1876,2093,100,32
4.3770,1876,2093,100,32
4.3774,1876,2093,100,32
4.3778,1876,2093,100,32
4.3781,1876,2093,100,32
4.3785,1876,2093,100,32
4.3789,1876,2093,100,32
4.3793,1876,2093,100,32
4.3798,1876,2093,100,32
4.3801,1876,2093,100,40
4.3809,1876,2093,100,40
4.3812,1876,2093,100,40
4.3816,1876,2093,100,40
4.3821,1876,2093,100,40
4.3825,1876,2093,100,40
4.3829,1876,2093,100,40
4.3832,1876,2093,100,40
4.3836,1876,2093,100,40
4.3841,1876,2093,100,40
4.3845,1876,2093,100,40
4.3849,1876,2093,100,40
4.3853,1876,2093,100,48
4.3857,1876,2093,100,48
4.3860,1876,2093,100,48
4.3865,1876,2093,100,48
4.3869,1876,2093,100,48
4.3872,1876,2093,100,48
4.3876,1876,2093,100,48
4.3880,1876,2093,100,48
4.3884,1876,2093,100,48
4.3888,1876,2093,100,48
4.3892,1876,2093,100,48
4.3896,1876,2093,100,48
4.3900,1878,2093,100,56
4.3908,1878,2093,100,56
4.3911,1878,2093,100,52
4.3915,1878,2093,100,52
4.3919,1878,2093,100,52
4.3923,1878,2093,100,52
4.3927,1878,2093,100,52
4.3931,1878,2093,100,52
4.3934,1878,2093,50,52
4.3938,1878,2093,50,52
4.3942,1878,2093,50,60
4.3946,1878,2093,50,60
4.3950,1878,2093,50,60
4.3953,1878,2093,50,60
4.3958,1878,2093,50,60
4.3962,1878,2093,50,60
4.3965,1878,2093,50,60
4.3969,1878,2093,50,60
4.3973,1878,2093,50,60
4.3978,1878,2093,50,60
4.3981,1878,2093,50,68
4.3985,1878,2093,50,68
4.3989,1878,2093,50,68
4.3993,1878,2093,50,68
4.3996,1878,2093,50,68
4.4000,1884,2093,50,68
4.4007,1884,2093,50,68
4.4011,1884,2093,50,68
4.4015,1884,2093,50,68
4.4018,1884,2093,50,68
4.4022,1884,2093,50,76
4.4026,1884,2093,50,76
4.4029,1884,2093,50,76
4.4033,1884,2093,50,76
4.4037,1884,2093,50,76
4.4041,1884,2093,50,76
4.4045,1884,2093,50,76
4.4048,1884,2093,50,76
4.4052,1884,2093,50,84
4.4056,1884,2093,50,84
4.4059,1884,2093,50,84
4.4063,1884,2093,50,84
4.4067,1884,2093,50,84
4.4070,1884,2093,50,84
4.4074,1884,2093,50,84
4.4078,1884,2093,50,84
4.4082,1884,2093,50,92
4.4085,1884,2093,50,92
4.4089,1884,2093,50,92
4.4093,1884,2093,50,92
4.4098,1884,2093,50,92
4.4101,1892,2093,50,92
4.4108,1892,2093,50,92
4.4112,1892,2093,50,100
4.4116,1892,2093,50,100
4.4119,1892,2093,50,100
4.4123,1892,2092,50,100
4.4128,1892,2092,50,100
4.4132,1892,2092,-50,100
4.4135,1892,2092,-50,100
4.4139,1892,2092,-50,100
4.4143,1892,2092,-50,108
4.4148,1892,2092,-50,108
4.4152,1892,2092,-50,108
4.4156,1892,2092,-50,108
4.4160,1892,2092,-50,108
4.4164,1892,2092,-50,108
4.4169,1892,2092,-50,108
4.4173,1892,2091,-50,108
4.4178,1892,2091,-50,108
4.4181,1892,2091,-50,108
4.4185,1892,2091,-50,108
4.4189,1892,2091,-50,108
4.4192,1892,2091,-50,108
4.4196,1892,2091,-50,108
4.4200,1902,2091,-50,116
4.4208,1902,2091,-50,116
4.4212,1902,2091,-50,116
4.4215,1902,2091,-50,116
4.4219,1902,2091,-50,116
4.4223,1902,2090,-50,108
4.4228,1902,2090,-50,108
4.4232,1902,2090,-50,116
4.4236,1902,2090,-50,116
4.4239,1902,2090,-50,116
4.4243,1902,2090,-50,116
4.4247,1902,2090,-50,116
4.4250,1902,2090,-50,124
4.4254,1902,2090,-50,124
4.4258,1902,2090,-50,124
4.4262,1902,2089,-50,116
4.4266,1902,2089,-50,116
4.4270,1902,2089,-50,116
4.4273,1902,2089,-50,116
4.4277,1902,2089,-50,116
4.4281,1902,2089,-50,124
4.4285,1902,2089,-50,124
4.4289,1902,2089,-50,124
4.4293,1902,2088,-50,116
4.4297,1902,2088,-50,116
4.4301,1915,2088,-50,124
4.4308,1915,2088,-50,124
4.4312,1915,2088,-50,116
4.4316,1915,2088,-50,116
4.4320,1915,2087,-50,116
4.4323,1915,2087,-50,116
4.4327,1915,2087,-50,116
4.4331,1915,2087,-250,116
4.4335,1915,2087,-250,116
4.4338,1915,2087,-250,116
4.4342,1915,2087,-250,116
4.4346,1915,2087,-250,116
4.4350,1915,2087,-250,124
4.4354,1915,2087,-250,124
4.4358,1915,2087,-250,124
4.4362,1915,2086,-250,116
4.4365,1915,2086,-250,116
4.4369,1915,2086,-250,116
4.4373,1915,2086,-250,124
4.4377,1915,2086,-250,124
4.4380,1915,2086,-250,124
4.4384,1915,2086,-250,124
4.4388,1915,2086,-250,124
4.4392,1915,2085,-250,124
4.4395,1915,2085,-250,124
4.4399,1915,2085,-250,124
4.4403,1930,2085,-250,124
4.4410,1930,2085,-250,132
4.4414,1930,2085,-250,132
4.4418,1930,2085,-250,132
4.4421,1930,2084,-250,124
4.4425,1930,2084,-250,124
4.4429,1930,2084,-250,132
4.4433,1930,2084,-250,132
4.4437,1930,2084,-250,132
4.4441,1930,2084,-250,132
4.4445,1930,2084,-250,132
4.4449,1930,2083,-250,132
4.4453,1930,2083,-250,132
4.4457,1930,2083,-250,132
4.4461,1930,2083,-250,132
4.4464,1930,2083,-250,132
4.4468,1930,2083,-250,132
4.4472,1930,2083,-250,140
4.4476,1930,2083,-250,140
4.4480,1930,2082,-250,132
4.4483,1930,2082,-250,132
4.4488,1930,2082,-250,132
4.4492,1930,2082,-250,140
4.4495,1930,2082,-250,140
4.4499,1930,2081,-250,132
4.4503,1946,2081,-250,132
4.4510,1946,2081,-250,140
4.4514,1946,2081,-250,140
4.4518,1946,2081,-250,140
4.4522,1946,2081,-250,140
4.4526,1946,2081,-250,140
4.4530,1946,2080,-350,140
4.4534,1946,2080,-350,140
4.4538,1946,2080,-350,140
4.4542,1946,2080,-350,140
4.4546,1946,2080,-350,140
4.4549,1946,2080,-350,148
4.4553,1946,2080,-350,148
4.4556,1946,2080,-350,148
4.4560,1946,2079,-350,148
4.4564,1946,2079,-350,148
4.4568,1946,2079,-350,148
4.4572,1946,2079,-350,148
4.4576,1946,2079,-350,148
4.4580,1946,2078,-350,148
4.4584,1946,2078,-350,148
4.4588,1946,2078,-350,148
4.4592,1946,2078,-350,148
4.4596,1946,2078,-350,148
4.4600,1946,2077,-350,148
4.4604,1964,2077,-350,148
4.4611,1964,2077,-350,148
4.4615,1964,2077,-350,148
4.4619,1964,2077,-350,156
4.4624,1964,2077,-350,156
4.4628,1964,2077,-350,156
4.4632,1964,2076,-350,156
4.4636,1964,2076,-350,156
4.4641,1964,2076,-350,156
4.4645,1964,2076,-350,156
4.4649,1964,2076,-350,164
4.4654,1964,2076,-350,164
4.4658,1964,2075,-350,156
4.4662,1964,2075,-350,156
4.4667,1964,2075,-350,156
4.4670,1964,2075,-350,164
4.4674,1964,2075,-350,164
4.4679,1964,2074,-350,164
4.4683,1964,2074,-350,164
4.4687,1964,2074,-350,164
4.4691,1964,2074,-350,164
4.4695,1964,2074,-350,164
4.4699,1964,2073,-350,164
4.4703,1984,2073,-350,164
4.4711,1984,2073,-350,164
4.4715,1984,2073,-350,164
4.4719,1984,2072,-350,164
4.4723,1984,2072,-350,164
4.4728,1984,2072,-400,172
4.4732,1984,2072,-400,172
4.4736,1984,2072,-400,172
4.4740,1984,2071,-400,164
4.4744,1984,2071,-400,164
4.4748,1984,2071,-400,172
4.4752,1984,2071,-400,172
4.4756,1984,2071,-400,172
4.4760,1984,2070,-400,172
4.4765,1984,2070,-400,172
4.4769,1984,2070,-400,172
4.4773,1984,2070,-400,172
4.4778,1984,2070,-400,180
4.4782,1984,2070,-400,180
4.4785,1984,2070,-400,180
4.4789,1984,2069,-400,180
4.4793,1984,2069,-400,180
4.4798,1984,2068,-400,172
4.4801,2004,2068,-400,172
4.4808,2004,2068,-400,180
4.4813,2004,2068,-400,180
4.4817,2004,2068,-400,180
4.4821,2004,2067,-400,180
4.4825,2004,2067,-400,180
4.4829,2004,2067,-400,180
4.4833,2004,2067,-400,180
4.4837,2004,2067,-400,180
4.4841,2004,2067,-400,188
4.4845,2004,2067,-400,188
4.4849,2004,2066,-400,188
4.4853,2004,2066,-400,188
4.4858,2004,2065,-400,180
4.4862,2004,2065,-400,180
4.4866,2004,2065,-400,180
4.4869,2004,2065,-400,188
4.4873,2004,2065,-400,188
4.4877,2004,2064,-400,188
4.4881,2004,2064,-400,188
4.4885,2004,2064,-400,188
4.4888,2004,2064,-400,188
4.4892,2004,2064,-400,188
4.4896,2004,2064,-400,188
4.4900,2004,2063,-400,188
4.4903,2025,2063,-400,188
4.4912,2025,2063,-400,188
4.4916,2025,2063,-400,188
4.4920,2025,2062,-400,188
4.4925,2025,2062,-400,188
4.4929,2025,2061,-550,188
4.4933,2025,2061,-550,188
4.4937,2025,2061,-550,188
4.4941,2025,2061,-550,188
4.4944,2025,2061,-550,188
4.4948,2025,2060,-550,188
4.4952,2025,2060,-550,188
4.4956,2025,2060,-550,188
4.4960,2025,2060,-550,188
4.4964,2025,2060,-550,188
4.4968,2025,2059,-550,188
4.4972,2025,2059,-550,188
4.4976,2025,2059,-550,188
4.4980,2025,2059,-550,196
4.4984,2025,2059,-550,196
4.4988,2025,2058,-550,188
4.4992,2025,2058,-550,188
4.4996,2025,2058,-550,188
4.5000,2046,2057,-550,188
4.5008,2046,2057,-550,188
4.5012,2046,2057,-550,188
4.5017,2046,2056,-550,188
4.5021,2046,2056,-550,188
4.5024,2046,2056,-550,188
4.5028,2046,2055,-550,180
4.5032,2046,2055,-550,180
4.5036,2046,2055,-550,180
4.5041,2046,2055,-550,188
4.5045,2046,2055,-550,188
4.5049,2046,2054,-550,188
4.5053,2046,2054,-550,188
4.5058,2046,2054,-550,188
4.5062,2046,2054,-550,188
4.5066,2046,2054,-550,188
4.5070,2046,2053,-550,188
4.5075,2046,2053,-550,188
4.5079,2046,2053,-550,188
4.5083,2046,2053,-550,188
4.5088,2046,2052,-550,188
4.5092,2046,2052,-550,188
4.5097,2046,2052,-550,188
4.5101,2068,2052,-550,188
4.5108,2068,2051,-550,176
4.5112,2068,2051,-550,176
4.5116,2068,2050,-550,168
4.5120,2068,2050,-550,168
4.5124,2068,2050,-550,168
4.5129,2068,2050,-550,176
4.5133,2068,2050,-550,176
4.5138,2068,2049,-550,168
4.5142,2068,2049,-550,168
4.5146,2068,2048,-550,168
4.5150,2068,2048,-550,168
4.5154,2068,2048,-550,168
4.5158,2068,2048,-550,168
4.5162,2068,2048,-550,168
4.5166,2068,2048,-550,168
4.5170,2068,2047,-550,168
4.5174,2068,2047,-550,168
4.5178,2068,2046,-550,160
4.5182,2068,2046,-550,160
4.5186,2068,2046,-550,168
4.5190,2068,2046,-550,168
4.5194,2068,2046,-550,168
4.5198,2068,2045,-550,160
4.5202,2089,2045,-550,160
4.5209,2089,2045,-550,168
4.5213,2089,2045,-550,168
4.5217,2089,2044,-550,160
4.5220,2089,2044,-550,160
4.5224,2089,2044,-550,160
4.5228,2089,2043,-550,160
4.5232,2089,2043,-550,160
4.5235,2089,2043,-550,160
4.5239,2089,2043,-550,160
4.5243,2089,2043,-550,160
4.5247,2089,2042,-550,160
4.5251,2089,2042,-550,160
4.5254,2089,2042,-550,160
4.5258,2089,2042,-550,160
4.5262,2089,2042,-550,160
4.5266,2089,2041,-550,152
4.5269,2089,2041,-550,152
4.5273,2089,2041,-550,152
4.5276,2089,2040,-550,152
4.5280,2089,2040,-550,152
4.5283,2089,2040,-550,152
4.5287,2089,2040,-550,152
4.5291,2089,2040,-550,152
4.5295,2089,2040,-550,152
4.5298,2089,2039,-550,152
4.5302,2109,2039,-550,152
4.5309,2109,2038,-550,128
4.5312,2109,2038,-550,128
4.5316,2109,2038,-550,136
4.5320,2109,2038,-550,136
4.5324,2109,2038,-550,136
4.5328,2109,2037,-650,128
4.5331,2109,2037,-650,128
4.5335,2109,2037,-650,128
4.5338,2109,2036,-650,120
4.5342,2109,2036,-650,120
4.5345,2109,2036,-650,120
4.5349,2109,2036,-650,128
4.5352,2109,2036,-650,128
4.5356,2109,2035,-650,120
4.5360,2109,2035,-650,120
4.5363,2109,2035,-650,120
4.5367,2109,2035,-650,128
4.5371,2109,2035,-650,128
4.5374,2109,2035,-650,128
4.5378,2109,2034,-650,120
4.5382,2109,2034,-650,120
4.5385,2109,2034,-650,120
4.5389,2109,2034,-650,120
4.5392,2109,2034,-650,120
4.5396,2109,2033,-650,120
4.5399,2109,2033,-650,120
4.5403,2129,2033,-650,120
4.5410,2129,2033,-650,120
4.5414,2129,2033,-650,120
4.5418,2129,2032,-650,112
4.5421,2129,2032,-650,112
4.5425,2129,2032,-650,112
4.5428,2129,2031,-650,112
4.5432,2129,2031,-650,112
4.5435,2129,2031,-650,112
4.5439,2129,2031,-650,112
4.5442,2129,2031,-650,112
4.5446,2129,2030,-650,104
4.5449,2129,2030,-650,104
4.5453,2129,2030,-650,104
4.5457,2129,2030,-650,112
4.5461,2129,2030,-650,112
4.5465,2129,2029,-650,104
4.5469,2129,2029,-650,104
4.5473,2129,2029,-650,104
4.5476,2129,2029,-650,104
4.5480,2129,2029,-650,104
4.5484,2129,2029,-650,104
4.5487,2129,2028,-650,104
4.5491,2129,2028,-650,104
4.5495,2129,2028,-650,104
4.5498,2129,2028,-650,104
4.5502,2147,2027,-650,96
4.5508,2147,2027,-650,96
4.5512,2147,2027,-650,96
4.5515,2147,2027,-650,104
4.5519,2147,2027,-650,104
4.5523,2147,2027,-650,104
4.5526,2147,2027,-500,104
4.5530,2147,2027,-500,104
4.5534,2147,2027,-500,104
4.5538,2147,2026,-500,96
4.5541,2147,2026,-500,96
4.5545,2147,2026,-500,104
4.5549,2147,2026,-500,104
4.5553,2147,2026,-500,104
4.5557,2147,2025,-500,96
4.5560,2147,2025,-500,96
4.5564,2147,2025,-500,96
4.5567,2147,2024,-500,88
4.5571,2147,2024,-500,88
4.5574,2147,2024,-500,88
4.5578,2147,2024,-500,96
4.5581,2147,2024,-500,96
4.5585,2147,2024,-500,96
4.5588,2147,2024,-500,96
4.5592,2147,2024,-500,96
4.5596,2147,2023,-500,88
4.5599,2147,2023,-500,88
4.5603,2163,2023,-500,88
4.5610,2163,2023,-500,88
4.5614,2163,2023,-500,88
4.5617,2163,2022,-500,88
4.5621,2163,2022,-500,88
4.5624,2163,2022,-500,88
4.5628,2163,2022,-500,88
4.5632,2163,2022,-500,88
4.5635,2163,2021,-500,80
4.5639,2163,2021,-500,80
4.5642,2163,2021,-500,80
4.5646,2163,2021,-500,80
4.5650,2163,2021,-500,80
4.5653,2163,2021,-500,80
4.5658,2163,2021,-500,88
4.5661,2163,2021,-500,88
4.5665,2163,2021,-500,88
4.5668,2163,2021,-500,88
4.5671,2163,2021,-500,88
4.5675,2163,2020,-500,80
4.5679,2163,2020,-500,80
4.5682,2163,2020,-500,80
4.5686,2163,2019,-500,72
4.5689,2163,2019,-500,72
4.5693,2163,2019,-500,72
4.5696,2163,2019,-500,80
4.5700,2163,2019,-500,80
4.5703,2178,2019,-500,88
4.5711,2178,2019,-500,88
4.5714,2178,2018,-500,80
4.5718,2178,2018,-500,80
4.5722,2178,2018,-500,80
4.5726,2178,2018,-450,80
4.5729,2178,2018,-450,80
4.5733,2178,2018,-450,80
4.5737,2178,2017,-450,72
4.5741,2178,2017,-450,72
4.5744,2178,2017,-450,80
4.5748,2178,2017,-450,80
4.5752,2178,2017,-450,80
4.5755,2178,2017,-450,80
4.5759,2178,2017,-450,80
4.5762,2178,2017,-450,80
4.5765,2178,2016,-450,72
4.5769,2178,2016,-450,72
4.5772,2178,2016,-450,72
4.5776,2178,2016,-450,72
4.5779,2178,2016,-450,72
4.5783,2178,2016,-450,72
4.5786,2178,2016,-450,72
4.5790,2178,2016,-450,72
4.5794,2178,2015,-450,72
4.5798,2178,2015,-450,72
4.5801,2190,2015,-450,72
4.5808,2190,2015,-450,72
4.5811,2190,2015,-450,72
4.5815,2190,2014,-450,64
4.5819,2190,2014,-450,64
4.5822,2190,2014,-450,64
4.5826,2190,2014,-450,64
4.5829,2190,2014,-450,64
4.5833,2190,2014,-450,64
4.5836,2190,2014,-450,64
4.5840,2190,2014,-450,64
4.5844,2190,2013,-450,56
4.5847,2190,2013,-450,56
4.5851,2190,2013,-450,56
4.5854,2190,2013,-450,64
4.5858,2190,2013,-450,64
4.5862,2190,2013,-450,64
4.5865,2190,2013,-450,64
4.5869,2190,2013,-450,64
4.5872,2190,2013,-450,64
4.5876,2190,2013,-450,64
4.5880,2190,2013,-450,64
4.5884,2190,2012,-450,56
4.5887,2190,2012,-450,56
4.5891,2190,2012,-450,56
4.5895,2190,2012,-450,56
4.5898,2190,2012,-450,56
4.5902,2201,2012,-450,48
4.5909,2201,2012,-450,48
4.5913,2201,2012,-450,48
4.5916,2201,2011,-450,40
4.5920,2201,2011,-450,40
4.5924,2201,2011,-350,40
4.5927,2201,2011,-350,40
4.5931,2201,2011,-350,40
4.5935,2201,2011,-350,48
4.5939,2201,2011,-350,48
4.5942,2201,2011,-350,48
4.5946,2201,2011,-350,48
4.5950,2201,2011,-350,48
4.5954,2201,2010,-350,40
4.5957,2201,2010,-350,40
4.5962,2201,2010,-350,40
4.5966,2201,2010,-350,40
4.5970,2201,2010,-350,40
4.5973,2201,2010,-350,40
4.5978,2201,2010,-350,40
4.5981,2201,2010,-350,40
4.5985,2201,2010,-350,40
4.5989,2201,2010,-350,40
4.5993,2201,2009,-350,32
4.5997,2201,2009,-350,32
4.6000,2208,2009,-350,32
4.6008,2208,2009,-350,32
4.6012,2208,2009,-350,32
4.6016,2208,2009,-350,32
4.6019,2208,2009,-350,32
4.6023,2208,2008,-350,24
4.6026,2208,2008,-350,24
4.6030,2208,2008,-350,24
4.6034,2208,2008,-350,24
4.6038,2208,2008,-350,24
4.6042,2208,2008,-350,24
4.6045,2208,2008,-350,24
4.6050,2208,2008,-350,24
4.6053,2208,2008,-350,24
4.6058,2208,2008,-350,24
4.6061,2208,2008,-350,24
4.6065,2208,2008,-350,24
4.6068,2208,2008,-350,24
4.6072,2208,2008,-350,24
4.6076,2208,2008,-350,24
4.6079,2208,2008,-350,24
4.6083,2208,2007,-350,0
4.6086,2208,2007,-350,0
4.6090,2208,2007,-350,0
4.6094,2208,2007,-350,0
4.6097,2208,2007,-350,0
4.6101,2214,2007,-350,0
4.6108,2214,2007,-350,0
4.6111,2214,2007,-350,0
4.6115,2214,2007,-350,0
4.6118,2214,2007,-350,0
4.6122,2214,2007,-350,0
4.6126,2214,2007,-200,0
4.6130,2214,2007,-200,0
4.6133,2214,2007,-200,0
4.6138,2214,2007,-200,0
4.6141,2214,2007,-200,0
4.6145,2214,2007,-200,0
4.6148,2214,2007,-200,0
4.6152,2214,2007,-200,0
4.6156,2214,2007,-200,-24
4.6159,2214,2007,-200,-24
4.6163,2214,2006,-200,-32
4.6166,2214,2006,-200,-32
4.6170,2214,2006,-200,-32
4.6174,2214,2006,-200,-32
4.6177,2214,2006,-200,-32
4.6181,2214,2006,-200,-32
4.6184,2214,2006,-200,-32
4.6188,2214,2006,-200,-32
4.6191,2214,2006,-200,-32
4.6195,2214,2006,-200,-32
4.6198,2214,2006,-200,-32
4.6202,2216,2006,-200,-32
4.6209,2216,2006,-200,-32
4.6213,2216,2006,-200,-32
4.6216,2216,2006,-200,-32
4.6220,2216,2006,-200,-32
4.6224,2216,2006,-200,-32
4.6227,2216,2006,-200,-32
4.6231,2216,2006,-200,-32
4.6234,2216,2006,-200,-32
4.6238,2216,2006,-200,-32
4.6242,2216,2006,-200,-32
4.6245,2216,2006,-200,-32
4.6249,2216,2006,-200,-32
4.6253,2216,2006,-200,-32
4.6256,2216,2006,-200,-32
4.6260,2216,2006,-200,-32
4.6264,2216,2006,-200,-32
4.6267,2216,2006,-200,-32
4.6271,2216,2006,-200,-32
4.6275,2216,2006,-200,-32
4.6278,2216,2006,-200,-32
4.6282,2216,2005,-200,-32
4.6285,2216,2005,-200,-32
4.6289,2216,2005,-200,-32
4.6293,2216,2005,-200,-32
4.6296,2216,2005,-200,-32
4.6300,2216,2005,-200,-36
4.6308,2216,2005,-200,-36
4.6311,2216,2005,-200,-36
4.6315,2216,2005,-200,-36
4.6319,2216,2005,-200,-36
4.6322,2216,2005,-100,-36
4.6326,2216,2005,-100,-36
4.6330,2216,2005,-100,-36
4.6333,2216,2005,-100,-36
4.6337,2216,2005,-100,-36
4.6341,2216,2005,-100,-36
4.6345,2216,2005,-100,-36
4.6348,2216,2005,-100,-36
4.6352,2216,2005,-100,-44
4.6355,2216,2005,-100,-44
4.6359,2216,2005,-100,-44
4.6362,2216,2005,-100,-44
4.6366,2216,2005,-100,-44
4.6370,2216,2005,-100,-44
4.6373,2216,2005,-100,-44
4.6378,2216,2005,-100,-44
4.6381,2216,2005,-100,-44
4.6385,2216,2005,-100,-44
4.6388,2216,2005,-100,-44
4.6392,2216,2005,-100,-44
4.6395,2216,2005,-100,-44
4.6399,2216,2005,-100,-44
4.6402,2214,2005,-100,-52
4.6409,2214,2005,-100,-52
4.6412,2214,2005,-100,-52
4.6416,2214,2005,-100,-52
4.6419,2214,2005,-100,-52
4.6423,2214,2005,-100,-52
4.6426,2214,2005,-100,-52
4.6430,2214,2005,-100,-52
4.6433,2214,2005,-100,-52
4.6437,2214,2005,-100,-52
4.6441,2214,2005,-100,-60
4.6444,2214,2005,-100,-60
4.6448,2214,2005,-100,-60
4.6452,2214,2005,-100,-60
4.6456,2214,2005,-100,-60
4.6459,2214,2005,-100,-60
4.6463,2214,2005,-100,-60
4.6467,2214,2005,-100,-60
4.6471,2214,2005,-100,-60
4.6475,2214,2005,-100,-60
4.6479,2214,2005,-100,-60
4.6483,2214,2005,-100,-68
4.6487,2214,2005,-100,-68
4.6490,2214,2005,-100,-68
4.6494,2214,2005,-100,-68
4.6498,2214,2005,-100,-68
4.6502,2208,2005,-100,-72
4.6508,2208,2005,-100,-72
4.6512,2208,2005,-100,-72
4.6516,2208,2005,-100,-72
4.6520,2208,2005,-100,-72
4.6524,2208,2005,0,-80
4.6528,2208,2005,0,-80
4.6531,2208,2005,0,-80
4.6535,2208,2005,0,-80
4.6539,2208,2005,0,-80
4.6543,2208,2005,0,-80
4.6547,2208,2005,0,-80
4.6551,2208,2005,0,-88
4.6555,2208,2005,0,-88
4.6559,2208,2005,0,-88
4.6563,2208,2005,0,-88
4.6566,2208,2005,0,-88
4.6570,2208,2005,0,-88
4.6574,2208,2005,0,-88
4.6577,2208,2005,0,-88
4.6581,2208,2005,0,-96
4.6585,2208,2005,0,-96
4.6588,2208,2005,0,-96
4.6592,2208,2005,0,-96
4.6596,2208,2005,0,-96
4.6599,2208,2005,0,-96
4.6603,2200,2005,0,-96
4.6610,2200,2005,0,-104
4.6614,2200,2005,0,-104
4.6617,2200,2005,0,-104
4.6621,2200,2005,0,-104
4.6625,2200,2005,0,-104
4.6629,2200,2005,0,-104
4.6632,2200,2005,0,-104
4.6636,2200,2005,0,-104
4.6640,2200,2005,0,-112
4.6644,2200,2005,0,-112
4.6648,2200,2005,0,-112
4.6651,2200,2005,0,-112
4.6655,2200,2005,0,-112
4.6658,2200,2005,0,-112
4.6662,2200,2005,0,-112
4.6666,2200,2005,0,-112
4.6670,2200,2005,0,-112
4.6673,2200,2005,0,-120
4.6677,2200,2005,0,-120
4.6681,2200,2006,0,-112
4.6685,2200,2006,0,-112
4.6688,2200,2006,0,-112
4.6692,2200,2006,0,-112
4.6696,2200,2006,0,-112
4.6699,2200,2006,0,-112
4.6703,2190,2006,0,-128
4.6710,2190,2006,0,-128
4.6714,2190,2006,0,-128
4.6717,2190,2006,0,-128
4.6721,2190,2006,50,-136
4.6725,2190,2006,50,-136
4.6728,2190,2006,50,-136
4.6732,2190,2006,50,-136
4.6736,2190,2006,50,-136
4.6739,2190,2006,50,-136
4.6743,2190,2007,50,-128
4.6747,2190,2007,50,-128
4.6751,2190,2007,50,-136
4.6755,2190,2007,50,-136
4.6759,2190,2007,50,-136
4.6762,2190,2007,50,-136
4.6766,2190,2007,50,-136
4.6770,2190,2007,50,-144
4.6773,2190,2007,50,-144
4.6777,2190,2007,50,-144
4.6781,2190,2008,50,-136
4.6785,2190,2008,50,-136
4.6789,2190,2008,50,-136
4.6793,2190,2008,50,-136
4.6796,2190,2008,50,-136
4.6800,2177,2008,50,-144
4.6807,2177,2008,50,-144
4.6811,2177,2009,50,-136
4.6815,2177,2009,50,-136
4.6818,2177,2009,50,-136
4.6822,2177,2009,50,-144
4.6825,2177,2009,50,-144
4.6829,2177,2009,50,-144
4.6833,2177,2009,50,-144
4.6836,2177,2009,50,-144
4.6840,2177,2010,50,-144
4.6844,2177,2010,50,-144
4.6847,2177,2010,50,-144
4.6851,2177,2010,50,-144
4.6854,2177,2010,50,-144
4.6858,2177,2010,50,-144
4.6862,2177,2010,50,-144
4.6866,2177,2010,50,-144
4.6869,2177,2011,50,-144
4.6873,2177,2011,50,-144
4.6877,2177,2011,50,-144
4.6880,2177,2011,50,-144
4.6884,2177,2011,50,-144
4.6887,2177,2011,50,-144
4.6891,2177,2011,50,-152
4.6894,2177,2011,50,-152
4.6898,2177,2011,50,-152
4.6902,2163,2012,50,-128
4.6908,2163,2012,50,-128
4.6912,2163,2012,50,-136
4.6915,2163,2012,50,-136
4.6919,2163,2012,50,-136
4.6922,2163,2012,300,-136
4.6926,2163,2012,300,-136
4.6930,2163,2013,300,-136
4.6934,2163,2013,300,-136
4.6938,2163,2013,300,-136
4.6941,2163,2013,300,-136
4.6945,2163,2013,300,-136
4.6948,2163,2013,300,-136
4.6952,2163,2014,300,-136
4.6956,2163,2014,300,-136
4.6959,2163,2014,300,-136
4.6963,2163,2014,300,-136
4.6966,2163,2014,300,-136
4.6970,2163,2014,300,-144
4.6973,2163,2014,300,-144
4.6977,2163,2014,300,-144
4.6981,2163,2015,300,-136
4.6984,2163,2015,300,-136
4.6988,2163,2015,300,-136
4.6991,2163,2015,300,-144
4.6995,2163,2015,300,-144
4.6999,2163,2016,300,-136
4.7002,2146,2016,300,-136
4.7009,2146,2016,300,-144
4.7013,2146,2016,300,-144
4.7016,2146,2016,300,-144
4.7020,2146,2016,300,-144
4.7024,2146,2016,300,-144
4.7027,2146,2016,300,-144
4.7031,2146,2017,300,-144
4.7034,2146,2017,300,-144
4.7039,2146,2017,300,-144
4.7043,2146,2017,300,-144
4.7047,2146,2017,300,-144
4.7052,2146,2018,300,-144
4.7056,2146,2018,300,-144
4.7060,2146,2018,300,-152
4.7064,2146,2018,300,-152
4.7068,2146,2018,300,-152
4.7071,2146,2018,300,-152
4.7075,2146,2018,300,-152
4.7078,2146,2018,300,-152
4.7082,2146,2019,300,-152
4.7085,2146,2019,300,-152
4.7089,2146,2020,300,-144
4.7092,2146,2020,300,-144
4.7096,2146,2020,300,-144
4.7099,2146,2020,300,-156
4.7103,2128,2020,300,-156
4.7110,2128,2020,300,-156
4.7113,2128,2020,300,-156
4.7117,2128,2020,300,-156
4.7121,2128,2021,450,-156
4.7125,2128,2021,450,-156
4.7128,2128,2021,450,-164
4.7132,2128,2021,450,-164
4.7136,2128,2021,450,-164
4.7139,2128,2021,450,-164
4.7143,2128,2021,450,-164
4.7146,2128,2021,450,-164
4.7150,2128,2022,450,-164
4.7154,2128,2022,450,-164
4.7157,2128,2022,450,-164
4.7161,2128,2022,450,-164
4.7164,2128,2022,450,-164
4.7168,2128,2023,450,-164
4.7172,2128,2023,450,-164
4.7175,2128,2023,450,-164
4.7179,2128,2023,450,-172
4.7182,2128,2023,450,-172
4.7186,2128,2023,450,-172
4.7190,2128,2024,450,-164
4.7195,2128,2024,450,-164
4.7199,2128,2024,450,-172
4.7203,2108,2024,450,-172
4.7210,2108,2025,450,-172
4.7214,2108,2025,450,-172
4.7217,2108,2025,450,-172
4.7221,2108,2025,450,-172
4.7225,2108,2025,450,-172
4.7228,2108,2026,450,-172
4.7232,2108,2026,450,-172
4.7235,2108,2026,450,-172
4.7239,2108,2026,450,-172
4.7243,2108,2026,450,-172
4.7246,2108,2026,450,-172
4.7250,2108,2027,450,-172
4.7254,2108,2027,450,-172
4.7258,2108,2027,450,-180
4.7262,2108,2027,450,-180
4.7265,2108,2027,450,-180
4.7269,2108,2028,450,-172
4.7273,2108,2028,450,-172
4.7276,2108,2028,450,-172
4.7280,2108,2028,450,-180
4.7284,2108,2028,450,-180
4.7287,2108,2029,450,-180
4.7291,2108,2029,450,-180
4.7295,2108,2029,450,-180
4.7299,2108,2029,450,-180
4.7303,2088,2029,450,-180
4.7310,2088,2030,450,-180
4.7314,2088,2030,450,-180
4.7318,2088,2030,450,-188
4.7322,2088,2030,450,-188
4.7325,2088,2030,450,-188
4.7329,2088,2031,450,-180
4.7333,2088,2031,450,-180
4.7336,2088,2031,450,-180
4.7340,2088,2032,450,-180
4.7344,2088,2032,450,-180
4.7347,2088,2032,450,-188
4.7351,2088,2032,450,-188
4.7355,2088,2032,450,-188
4.7358,2088,2033,450,-180
4.7362,2088,2033,450,-180
4.7365,2088,2033,450,-180
4.7369,2088,2033,450,-188
4.7373,2088,2033,450,-188
4.7376,2088,2033,450,-188
4.7380,2088,2034,450,-188
4.7384,2088,2034,450,-188
4.7388,2088,2034,450,-188
4.7391,2088,2034,450,-188
4.7395,2088,2034,450,-188
4.7399,2088,2035,450,-188
4.7403,2067,2035,450,-188
4.7410,2067,2035,450,-196
4.7414,2067,2035,450,-196
4.7418,2067,2036,450,-188
4.7422,2067,2036,450,-188
4.7425,2067,2036,450,-188
4.7429,2067,2037,450,-188
4.7432,2067,2037,450,-188
4.7436,2067,2037,450,-188
4.7440,2067,2037,450,-188
4.7444,2067,2037,450,-188
4.7448,2067,2038,450,-188
4.7451,2067,2038,450,-188
4.7455,2067,2038,450,-188
4.7459,2067,2038,450,-196
4.7462,2067,2038,450,-196
4.7466,2067,2038,450,-196
4.7470,2067,2039,450,-188
4.7474,2067,2039,450,-188
4.7478,2067,2040,450,-188
4.7482,2067,2040,450,-188
4.7486,2067,2040,450,-188
4.7489,2067,2040,450,-188
4.7493,2067,2040,450,-188
4.7497,2067,2041,450,-180
4.7501,2046,2041,450,-180
4.7508,2046,2041,450,-188
4.7512,2046,2041,450,-188
4.7515,2046,2041,450,-188
4.7519,2046,2042,600,-180
4.7523,2046,2042,600,-180
4.7526,2046,2042,600,-188
4.7530,2046,2042,600,-188
4.7534,2046,2042,600,-188
4.7537,2046,2043,600,-180
4.7541,2046,2043,600,-180
4.7545,2046,2043,600,-180
4.7549,2046,2044,600,-180
4.7553,2046,2044,600,-180
4.7558,2046,2044,600,-180
4.7562,2046,2044,600,-180
4.7566,2046,2044,600,-180
4.7570,2046,2045,600,-180
4.7574,2046,2045,600,-180
4.7578,2046,2045,600,-188
4.7582,2046,2045,600,-188
4.7585,2046,2045,600,-188
4.7589,2046,2046,600,-180
4.7593,2046,2046,600,-180
4.7597,2046,2047,600,-180
4.7601,2024,2047,600,-180
4.7608,2024,2047,600,-180
4.7612,2024,2047,600,-180
4.7616,2024,2048,600,-180
4.7620,2024,2048,600,-180
4.7624,2024,2048,600,-180
4.7628,2024,2048,600,-180
4.7632,2024,2048,600,-180
4.7636,2024,2049,600,-180
4.7640,2024,2049,600,-180
4.7644,2024,2049,600,-180
4.7648,2024,2050,600,-172
4.7652,2024,2050,600,-172
4.7656,2024,2050,600,-180
4.7659,2024,2050,600,-180
4.7663,2024,2050,600,-180
4.7667,2024,2051,600,-172
4.7671,2024,2051,600,-172
4.7675,2024,2051,600,-172
4.7678,2024,2052,600,-172
4.7682,2024,2052,600,-172
4.7686,2024,2052,600,-172
4.7690,2024,2052,600,-172
4.7694,2024,2052,600,-172
4.7697,2024,2053,600,-164
4.7701,2003,2053,600,-164
4.7708,2003,2054,600,-156
4.7712,2003,2054,600,-156
4.7716,2003,2054,600,-164
4.7719,2003,2054,600,-164
4.7723,2003,2054,600,-164
4.7726,2003,2055,600,-156
4.7730,2003,2055,600,-156
4.7734,2003,2055,600,-156
4.7738,2003,2055,600,-164
4.7741,2003,2055,600,-164
4.7745,2003,2055,600,-164
4.7748,2003,2056,600,-156
4.7752,2003,2056,600,-156
4.7756,2003,2057,600,-156
4.7760,2003,2057,600,-156
4.7764,2003,2057,600,-156
4.7768,2003,2057,600,-156
4.7772,2003,2057,600,-156
4.7775,2003,2058,600,-148
4.7779,2003,2058,600,-148
4.7783,2003,2058,600,-148
4.7788,2003,2058,600,-156
4.7791,2003,2058,600,-156
4.7795,2003,2058,600,-156
4.7799,2003,2059,600,-148
4.7803,1983,2060,600,-148
4.7810,1983,2060,600,-148
4.7814,1983,2060,600,-148
4.7818,1983,2060,600,-148
4.7822,1983,2060,600,-148
4.7826,1983,2061,600,-148
4.7830,1983,2061,600,-148
4.7834,1983,2061,600,-148
4.7838,1983,2062,600,-140
4.7842,1983,2062,600,-140
4.7846,1983,2062,600,-140
4.7850,1983,2062,600,-140
4.7854,1983,2062,600,-140
4.7858,1983,2063,600,-140
4.7861,1983,2063,600,-140
4.7865,1983,2063,600,-140
4.7869,1983,2063,600,-140
4.7873,1983,2063,600,-140
4.7878,1983,2064,600,-140
4.7881,1983,2064,600,-140
4.7885,1983,2064,600,-140
4.7889,1983,2064,600,-140
4.7893,1983,2064,600,-140
4.7898,1983,2065,600,-120
4.7902,1963,2066,600,-120
4.7909,1963,2066,600,-120
4.7913,1963,2066,600,-120
4.7918,1963,2066,600,-120
4.7922,1963,2066,600,-120
4.7926,1963,2067,600,-112
4.7930,1963,2067,600,-112
4.7934,1963,2067,600,-112
4.7938,1963,2067,600,-120
4.7942,1963,2067,600,-120
4.7946,1963,2068,600,-112
4.7950,1963,2068,600,-112
4.7954,1963,2068,600,-112
4.7958,1963,2068,600,-120
4.7962,1963,2068,600,-120
4.7966,1963,2069,600,-112
4.7970,1963,2069,600,-112
4.7974,1963,2069,600,-112
4.7978,1963,2069,600,-112
4.7982,1963,2069,600,-112
4.7985,1963,2070,600,-112
4.7989,1963,2070,600,-112
4.7993,1963,2070,600,-112
4.7998,1963,2070,600,-112
4.8002,1945,2071,600,-104
4.8009,1945,2071,600,-104
4.8013,1945,2071,600,-104
4.8018,1945,2071,600,-112
4.8021,1945,2071,600,-112
4.8025,1945,2072,600,-104
4.8029,1945,2072,600,-104
4.8033,1945,2072,600,-104
4.8036,1945,2072,600,-104
4.8040,1945,2072,600,-104
4.8044,1945,2073,600,-104
4.8048,1945,2073,600,-104
4.8052,1945,2073,600,-104
4.8056,1945,2073,600,-104
4.8060,1945,2073,600,-104
4.8064,1945,2073,600,-104
4.8067,1945,2074,600,-96
4.8071,1945,2074,600,-96
4.8075,1945,2074,600,-96
4.8079,1945,2074,600,-96
4.8083,1945,2074,600,-96
4.8086,1945,2075,600,-96
4.8090,1945,2075,600,-96
4.8094,1945,2075,600,-100
4.8098,1945,2075,600,-100
4.8102,1929,2076,600,-92
4.8109,1929,2076,600,-92
4.8113,1929,2076,600,-92
4.8116,1929,2076,500,-100
4.8120,1929,2076,500,-100
4.8124,1929,2076,500,-100
4.8128,1929,2076,500,-100
4.8131,1929,2076,500,-100
4.8135,1929,2077,500,-92
4.8139,1929,2077,500,-92
4.8143,1929,2077,500,-92
4.8146,1929,2077,500,-92
4.8150,1929,2077,500,-92
4.8154,1929,2078,500,-92
4.8158,1929,2078,500,-92
4.8162,1929,2078,500,-92
4.8165,1929,2078,500,-92
4.8169,1929,2078,500,-92
4.8173,1929,2078,500,-92
4.8176,1929,2079,500,-84
4.8181,1929,2079,500,-84
4.8185,1929,2079,500,-84
4.8189,1929,2079,500,-84
4.8193,1929,2079,500,-84
4.8197,1929,2080,500,-84
4.8201,1914,2080,500,-84
4.8208,1914,2080,500,-84
4.8212,1914,2080,500,-84
4.8216,1914,2080,500,-84
4.8220,1914,2080,500,-84
4.8224,1914,2081,500,-76
4.8228,1914,2081,500,-76
4.8232,1914,2081,500,-76
4.8236,1914,2081,500,-76
4.8240,1914,2081,500,-76
4.8245,1914,2082,500,-76
4.8249,1914,2082,500,-76
4.8253,1914,2082,500,-76
4.8258,1914,2082,500,-76
4.8262,1914,2082,500,-76
4.8266,1914,2082,500,-76
4.8270,1914,2082,500,-76
4.8274,1914,2083,500,-68
4.8279,1914,2083,500,-68
4.8283,1914,2083,500,-68
4.8287,1914,2083,500,-68
4.8291,1914,2083,500,-68
4.8295,1914,2083,500,-76
4.8298,1914,2083,500,-76
4.8302,1902,2084,500,-68
4.8309,1902,2084,500,-68
4.8313,1902,2084,500,-68
4.8317,1902,2084,400,-68
4.8320,1902,2084,400,-68
4.8324,1902,2084,400,-68
4.8328,1902,2084,400,-68
4.8332,1902,2084,400,-68
4.8335,1902,2084,400,-68
4.8339,1902,2084,400,-68
4.8343,1902,2084,400,-68
4.8346,1902,2085,400,-60
4.8350,1902,2085,400,-60
4.8354,1902,2085,400,-68
4.8357,1902,2085,400,-68
4.8361,1902,2085,400,-68
4.8365,1902,2086,400,-60
4.8368,1902,2086,400,-60
4.8372,1902,2086,400,-60
4.8376,1902,2086,400,-60
4.8379,1902,2086,400,-60
4.8383,1902,2086,400,-60
4.8386,1902,2086,400,-60
4.8390,1902,2086,400,-60
4.8394,1902,2087,400,-52
4.8398,1902,2087,400,-52
4.8401,1891,2087,400,-52
4.8408,1891,2087,400,-52
4.8412,1891,2087,400,-52
4.8415,1891,2087,400,-52
4.8419,1891,2087,400,-52
4.8423,1891,2088,400,-52
4.8426,1891,2088,400,-52
4.8430,1891,2088,400,-52
4.8434,1891,2088,400,-52
4.8437,1891,2088,400,-52
4.8441,1891,2088,400,-52
4.8445,1891,2088,400,-52
4.8448,1891,2088,400,-52
4.8452,1891,2088,400,-52
4.8456,1891,2088,400,-52
4.8460,1891,2088,400,-52
4.8464,1891,2089,400,-44
4.8467,1891,2089,400,-44
4.8471,1891,2089,400,-44
4.8474,1891,2089,400,-44
4.8478,1891,2089,400,-44
4.8482,1891,2089,400,-44
4.8486,1891,2089,400,-44
4.8490,1891,2089,400,-44
4.8493,1891,2089,400,-40
4.8497,1891,2089,400,-40
4.8501,1884,2090,400,-32
4.8508,1884,2090,400,-32
4.8512,1884,2090,400,-32
4.8515,1884,2090,300,-32
4.8519,1884,2090,300,-32
4.8523,1884,2090,300,-40
4.8527,1884,2090,300,-40
4.8531,1884,2090,300,-40
4.8534,1884,2090,300,-40
4.8538,1884,2090,300,-40
4.8541,1884,2090,300,-40
4.8545,1884,2090,300,-40
4.8549,1884,2090,300,-40
4.8553,1884,2090,300,-40
4.8558,1884,2090,300,-40
4.8562,1884,2090,300,-40
4.8566,1884,2091,300,-32
4.8570,1884,2091,300,-32
4.8574,1884,2091,300,-32
4.8578,1884,2091,300,-32
4.8582,1884,2091,300,-32
4.8586,1884,2091,300,-32
4.8590,1884,2091,300,-32
4.8594,1884,2092,300,-24
4.8598,1884,2092,300,-24
4.8603,1878,2092,300,0
4.8610,1878,2092,300,0
4.8614,1878,2092,300,0
4.8617,1878,2092,300,0
4.8621,1878,2092,300,0
4.8625,1878,2092,300,0
4.8629,1878,2092,300,0
4.8632,1878,2092,300,0
4.8636,1878,2092,300,0
4.8640,1878,2092,300,0
4.8644,1878,2092,300,0
4.8648,1878,2092,300,0
4.8652,1878,2092,300,0
4.8656,1878,2092,300,0
4.8659,1878,2092,300,0
4.8663,1878,2093,300,24
4.8668,1878,2093,300,24
4.8672,1878,2093,300,24
4.8676,1878,2093,300,24
4.8680,1878,2093,300,24
4.8684,1878,2093,300,24
4.8688,1878,2093,300,24
4.8691,1878,2093,300,24
4.8695,1878,2093,300,24
4.8699,1878,2093,300,24
4.8702,1876,2093,300,24
4.8709,1876,2093,300,24
4.8713,1876,2093,150,32
4.8718,1876,2093,150,32
4.8722,1876,2093,150,32
4.8725,1876,2093,150,32
4.8729,1876,2093,150,32
4.8733,1876,2094,150,32
4.8737,1876,2094,150,32
4.8741,1876,2094,150,32
4.8745,1876,2094,150,32
4.8749,1876,2094,150,32
4.8753,1876,2094,150,32
4.8757,1876,2094,150,32
4.8761,1876,2094,150,32
4.8765,1876,2094,150,32
4.8768,1876,2094,150,32
4.8772,1876,2094,150,32
4.8776,1876,2094,150,32
4.8780,1876,2094,150,32
4.8784,1876,2094,150,32
4.8788,1876,2094,150,32
4.8792,1876,2094,150,32
4.8796,1876,2094,150,32
4.8800,1876,2094,150,32
4.8808,1876,2094,150,32
4.8812,1876,2094,150,32
4.8815,1876,2094,150,32
4.8819,1876,2094,150,32
4.8823,1876,2094,150,32
4.8828,1876,2094,150,32
4.8832,1876,2094,150,32
4.8836,1876,2094,150,32
4.8840,1876,2094,150,32
4.8844,1876,2094,150,40
4.8848,1876,2094,150,40
4.8852,1876,2094,150,40
4.8856,1876,2094,150,40
4.8860,1876,2094,150,40
4.8864,1876,2094,150,40
4.8868,1876,2094,150,40
4.8871,1876,2094,150,40
4.8875,1876,2094,150,40
4.8879,1876,2094,150,40
4.8884,1876,2094,150,40
4.8888,1876,2094,150,40
4.8892,1876,2094,150,44
4.8896,1876,2094,150,44
4.8900,1876,2094,150,44
4.8904,1879,2094,150,44
4.8912,1879,2094,50,44
4.8916,1879,2094,50,44
4.8920,1879,2094,50,44
4.8924,1879,2094,50,44
4.8928,1879,2094,50,44
4.8932,1879,2094,50,44
4.8936,1879,2094,50,44
4.8940,1879,2094,50,44
4.8944,1879,2094,50,52
4.8948,1879,2094,50,52
4.8952,1879,2094,50,52
4.8956,1879,2094,50,52
4.8960,1879,2094,50,52
4.8964,1879,2094,50,52
4.8968,1879,2094,50,52
4.8972,1879,2094,50,52
4.8976,1879,2094,50,52
4.8979,1879,2094,50,52
4.8983,1879,2094,50,60
4.8987,1879,2094,50,60
4.8991,1879,2094,50,60
4.8995,1879,2094,50,60
4.8998,1879,2094,50,60
4.9002,1884,2094,50,60
4.9009,1884,2094,50,60
4.9013,1884,2094,50,60
4.9016,1884,2094,50,60
4.9020,1884,2094,50,60
4.9024,1884,2094,50,68
4.9028,1884,2094,50,68
4.9031,1884,2094,50,68
4.9035,1884,2094,50,68
4.9038,1884,2094,50,68
4.9042,1884,2094,50,68
4.9046,1884,2094,50,68
4.9049,1884,2094,50,68
4.9053,1884,2094,50,76
4.9056,1884,2094,50,76
4.9060,1884,2094,50,76
4.9064,1884,2094,50,76
4.9067,1884,2094,50,76
4.9071,1884,2094,50,76
4.9074,1884,2094,50,76
4.9078,1884,2094,50,76
4.9082,1884,2094,50,84
4.9085,1884,2094,50,84
4.9089,1884,2094,50,84
4.9092,1884,2094,50,92
4.9096,1884,2094,50,92
4.9100,1884,2094,50,92
4.9104,1892,2094,50,92
4.9111,1892,2094,0,92
4.9114,1892,2094,0,92
4.9118,1892,2094,0,92
4.9121,1892,2094,0,100
4.9125,1892,2094,0,100
4.9129,1892,2094,0,100
4.9132,1892,2094,0,100
4.9136,1892,2094,0,100
4.9139,1892,2094,0,100
4.9143,1892,2094,0,100
4.9146,1892,2094,0,100
4.9150,1892,2093,0,100
4.9153,1892,2093,0,100
4.9157,1892,2093,0,100
4.9161,1892,2093,0,100
4.9164,1892,2093,0,100
4.9168,1892,2093,0,100
4.9172,1892,2093,0,100
4.9175,1892,2093,0,100
4.9179,1892,2093,0,100
4.9182,1892,2093,0,108
4.9186,1892,2093,0,108
4.9189,1892,2093,0,108
4.9193,1892,2093,0,108
4.9196,1892,2093,0,108
4.9200,1892,2093,0,116
4.9204,1902,2093,0,116
4.9211,1902,2092,0,108
4.9215,1902,2092,0,108
4.9218,1902,2092,0,108
4.9222,1902,2092,0,108
4.9225,1902,2092,0,108
4.9229,1902,2092,0,108
4.9232,1902,2092,0,116
4.9236,1902,2092,0,116
4.9240,1902,2091,0,108
4.9244,1902,2091,0,108
4.9247,1902,2091,0,108
4.9251,1902,2091,0,108
4.9254,1902,2091,0,108
4.9258,1902,2091,0,108
4.9262,1902,2091,0,116
4.9265,1902,2091,0,116
4.9269,1902,2091,0,116
4.9272,1902,2091,0,116
4.9276,1902,2091,0,116
4.9279,1902,2091,0,124
4.9283,1902,2091,0,124
4.9287,1902,2091,0,124
4.9291,1902,2090,0,108
4.9294,1902,2090,0,108
4.9298,1902,2090,0,108
4.9301,1915,2090,0,116
4.9308,1915,2090,0,116
4.9311,1915,2090,-200,116
4.9315,1915,2090,-200,116
4.9318,1915,2090,-200,116
4.9322,1915,2090,-200,116
4.9326,1915,2090,-200,116
4.9329,1915,2089,-200,116
4.9333,1915,2089,-200,116
4.9336,1915,2089,-200,116
4.9340,1915,2089,-200,116
4.9344,1915,2089,-200,116
4.9347,1915,2089,-200,116
4.9351,1915,2089,-200,124
4.9355,1915,2089,-200,124
4.9358,1915,2089,-200,124
4.9361,1915,2088,-200,116
4.9365,1915,2088,-200,116
4.9369,1915,2088,-200,124
4.9372,1915,2088,-200,124
4.9376,1915,2088,-200,124
4.9379,1915,2088,-200,124
4.9383,1915,2088,-200,124
4.9386,1915,2088,-200,124
4.9390,1915,2087,-200,116
4.9393,1915,2087,-200,116
4.9397,1915,2087,-200,116
4.9401,1929,2087,-200,124
4.9408,1929,2087,-200,124
4.9411,1929,2087,-200,124
4.9415,1929,2087,-200,124
4.9418,1929,2087,-200,124
4.9421,1929,2086,-200,124
4.9425,1929,2086,-200,124
4.9428,1929,2086,-200,124
4.9432,1929,2086,-200,124
4.9436,1929,2086,-200,124
4.9439,1929,2086,-200,132
4.9442,1929,2086,-200,132
4.9446,1929,2086,-200,132
4.9449,1929,2085,-200,124
4.9453,1929,2085,-200,124
4.9456,1929,2085,-200,124
4.9460,1929,2085,-200,132
4.9463,1929,2085,-200,132
4.9467,1929,2085,-200,132
4.9471,1929,2085,-200,132
4.9474,1929,2085,-200,132
4.9478,1929,2085,-200,132
4.9482,1929,2084,-200,132
4.9485,1929,2084,-200,132
4.9489,1929,2084,-200,132
4.9492,1929,2084,-200,132
4.9496,1929,2084,-200,132
4.9499,1929,2084,-200,140
4.9503,1946,2084,-200,140
4.9510,1946,2083,-350,132
4.9513,1946,2083,-350,132
4.9517,1946,2083,-350,132
4.9521,1946,2083,-350,140
4.9524,1946,2083,-350,140
4.9528,1946,2083,-350,140
4.9531,1946,2083,-350,140
4.9535,1946,2083,-350,140
4.9538,1946,2082,-350,140
4.9542,1946,2082,-350,140
4.9546,1946,2082,-350,140
4.9549,1946,2082,-350,148
4.9553,1946,2082,-350,148
4.9556,1946,2082,-350,148
4.9560,1946,2081,-350,140
4.9564,1946,2081,-350,140
4.9567,1946,2081,-350,140
4.9571,1946,2081,-350,148
4.9574,1946,2081,-350,148
4.9578,1946,2081,-350,148
4.9581,1946,2081,-350,148
4.9585,1946,2081,-350,148
4.9589,1946,2080,-350,148
4.9592,1946,2080,-350,148
4.9596,1946,2080,-350,148
4.9599,1946,2080,-350,148
4.9603,1964,2080,-350,148
4.9609,1964,2079,-350,148
4.9613,1964,2079,-350,148
4.9616,1964,2079,-350,148
4.9620,1964,2079,-350,148
4.9624,1964,2079,-350,148
4.9627,1964,2079,-350,148
4.9631,1964,2079,-350,156
4.9635,1964,2079,-350,156
4.9638,1964,2078,-350,156
4.9642,1964,2078,-350,156
4.9645,1964,2078,-350,156
4.9649,1964,2078,-350,156
4.9652,1964,2078,-350,156
4.9656,1964,2078,-350,156
4.9659,1964,2077,-350,156
4.9663,1964,2077,-350,156
4.9667,1964,2077,-350,156
4.9671,1964,2077,-350,156
4.9674,1964,2077,-350,156
4.9678,1964,2077,-350,164
4.9682,1964,2077,-350,164
4.9685,1964,2077,-350,164
4.9689,1964,2076,-350,168
4.9692,1964,2076,-350,168
4.9696,1964,2076,-350,168
4.9699,1964,2076,-350,168
4.9703,1984,2076,-350,168
4.9709,1984,2075,-400,168
4.9713,1984,2075,-400,168
4.9717,1984,2075,-400,168
4.9721,1984,2075,-400,168
4.9724,1984,2075,-400,168
4.9728,1984,2074,-400,168
4.9731,1984,2074,-400,168
4.9735,1984,2074,-400,168
4.9738,1984,2074,-400,176
4.9742,1984,2074,-400,176
4.9746,1984,2074,-400,176
4.9749,1984,2073,-400,168
4.9753,1984,2073,-400,168
4.9756,1984,2073,-400,168
4.9760,1984,2073,-400,176
4.9763,1984,2073,-400,176
4.9767,1984,2072,-400,176
4.9771,1984,2072,-400,176
4.9774,1984,2072,-400,176
4.9778,1984,2072,-400,176
4.9781,1984,2072,-400,176
4.9785,1984,2072,-400,176
4.9788,1984,2071,-400,176
4.9792,1984,2071,-400,176
4.9796,1984,2071,-400,176
4.9799,1984,2071,-400,184
4.9803,2004,2071,-400,184
4.9809,2004,2071,-400,184
4.9813,2004,2071,-400,184
4.9816,2004,2071,-400,184
4.9820,2004,2070,-400,184
4.9823,2004,2070,-400,184
4.9827,2004,2070,-400,192
4.9831,2004,2070,-400,192
4.9834,2004,2070,-400,192
4.9838,2004,2069,-400,184
4.9841,2004,2069,-400,184
4.9845,2004,2069,-400,184
4.9849,2004,2069,-400,192
4.9852,2004,2069,-400,192
4.9856,2004,2069,-400,192
4.9859,2004,2068,-400,192
4.9863,2004,2068,-400,192
4.9866,2004,2068,-400,192
4.9870,2004,2067,-400,184
4.9874,2004,2067,-400,184
4.9877,2004,2067,-400,192
4.9881,2004,2067,-400,192
4.9884,2004,2067,-400,192
4.9888,2004,2066,-400,188
4.9891,2004,2066,-400,188
4.9895,2004,2066,-400,188
4.9899,2004,2065,-400,180
4.9902,2025,2065,-400,180
4.9909,2025,2065,-500,188
4.9912,2025,2065,-500,188
4.9916,2025,2065,-500,188
4.9919,2025,2065,-500,196
4.9923,2025,2065,-500,196
4.9926,2025,2065,-500,196
4.9930,2025,2064,-500,188
4.9933,2025,2064,-500,188
4.9937,2025,2064,-500,196
4.9941,2025,2064,-500,196
4.9944,2025,2064,-500,196
4.9948,2025,2063,-500,188
4.9951,2025,2063,-500,188
4.9955,2025,2063,-500,188
4.9959,2025,2062,-500,188
4.9962,2025,2062,-500,188
4.9966,2025,2062,-500,188
4.9969,2025,2062,-500,196
4.9973,2025,2062,-500,196
4.9976,2025,2061,-500,188
4.9980,2025,2061,-500,188
4.9984,2025,2061,-500,188
4.9987,2025,2061,-500,196
4.9991,2025,2061,-500,196
4.9994,2025,2061,-500,196
4.9998,2025,2060,-500,188
