"# servo_id=1 center=2049 amp_deg=15.0 cmd_hz=100.0 acc=None torque_limit=None note='leg servo 7.4V (control unit), no load, 7.5V/2.5A' hz=1.0 ratio=1.012 lag_ms=236.9 accel_est=None"
t_s,cmd_cnt,pos_cnt,speed_raw,load_duty_permille
0.0012,2050,2048,0,0
0.0023,2050,2048,0,0
0.0028,2050,2048,0,0
0.0032,2050,2048,0,0
0.0037,2050,2048,0,0
0.0041,2050,2048,0,0
0.0046,2050,2048,0,0
0.0051,2050,2048,0,0
0.0055,2050,2048,0,0
0.0059,2050,2048,0,0
0.0064,2050,2048,0,0
0.0069,2050,2048,0,0
0.0073,2050,2048,0,0
0.0077,2050,2048,0,0
0.0082,2050,2048,0,0
0.0086,2050,2048,0,0
0.0090,2050,2048,0,0
0.0094,2050,2048,0,0
0.0099,2050,2048,0,0
0.0103,2060,2048,0,0
0.0111,2060,2048,0,0
0.0116,2060,2048,0,0
0.0120,2060,2048,0,0
0.0124,2060,2048,0,0
0.0128,2060,2048,0,0
0.0133,2060,2048,0,0
0.0137,2060,2048,0,0
0.0141,2060,2048,0,0
0.0145,2060,2048,0,0
0.0149,2060,2048,0,0
0.0153,2060,2048,0,0
0.0158,2060,2048,0,-24
0.0162,2060,2048,0,-24
0.0166,2060,2048,0,-24
0.0171,2060,2048,0,-24
0.0176,2060,2048,0,-24
0.0180,2060,2048,0,-24
0.0184,2060,2048,0,-24
0.0188,2060,2048,0,-24
0.0192,2060,2048,0,-24
0.0196,2060,2048,0,-24
0.0201,2070,2048,0,-24
0.0209,2070,2048,0,-24
0.0213,2070,2048,0,-24
0.0218,2070,2048,0,-24
0.0223,2070,2048,0,-24
0.0227,2070,2048,0,-24
0.0231,2070,2048,0,-24
0.0236,2070,2048,0,-24
0.0240,2070,2048,0,-24
0.0244,2070,2048,0,-40
0.0248,2070,2048,0,-40
0.0252,2070,2048,0,-40
0.0256,2070,2048,0,-40
0.0260,2070,2048,0,-40
0.0264,2070,2048,0,-40
0.0268,2070,2048,0,-40
0.0272,2070,2048,0,-40
0.0276,2070,2048,0,-40
0.0281,2070,2048,0,-40
0.0286,2070,2048,0,-40
0.0290,2070,2048,0,-40
0.0294,2070,2048,0,-40
0.0299,2070,2048,0,-40
0.0303,2081,2048,0,-48
0.0311,2081,2048,0,-48
0.0316,2081,2048,0,-48
0.0320,2081,2048,0,-48
0.0325,2081,2048,0,-48
0.0329,2081,2048,0,-48
0.0333,2081,2048,0,-48
0.0337,2081,2048,0,-48
0.0341,2081,2048,0,-48
0.0346,2081,2048,0,-48
0.0350,2081,2048,0,-48
0.0354,2081,2048,0,-48
0.0359,2081,2048,0,-48
0.0363,2081,2048,0,-48
0.0367,2081,2048,0,-56
0.0371,2081,2048,0,-56
0.0376,2081,2048,0,-56
0.0380,2081,2048,0,-56
0.0384,2081,2048,0,-56
0.0388,2081,2048,0,-56
0.0392,2081,2048,0,-56
0.0396,2081,2048,0,-56
0.0401,2092,2048,0,-64
0.0409,2092,2048,0,-64
0.0413,2092,2048,0,-64
0.0417,2092,2048,0,-64
0.0422,2092,2048,0,-64
0.0426,2092,2048,0,-64
0.0431,2092,2048,0,-64
0.0436,2092,2048,0,-64
0.0440,2092,2048,0,-64
0.0445,2092,2048,0,-68
0.0449,2092,2048,0,-68
0.0453,2092,2048,0,-68
0.0457,2092,2048,0,-76
0.0461,2092,2048,0,-76
0.0466,2092,2048,0,-76
0.0470,2092,2048,0,-76
0.0475,2092,2048,0,-76
0.0480,2092,2048,0,-76
0.0484,2092,2048,0,-76
0.0488,2092,2048,0,-76
0.0493,2092,2048,0,-76
0.0497,2092,2048,0,-84
0.0501,2102,2048,0,-84
0.0510,2102,2048,0,-84
0.0514,2102,2048,0,-84
0.0519,2102,2048,0,-84
0.0524,2102,2048,0,-92
0.0529,2102,2048,0,-92
0.0533,2102,2048,0,-92
0.0538,2102,2048,0,-92
0.0542,2102,2048,0,-92
0.0547,2102,2048,0,-92
0.0552,2102,2048,0,-92
0.0556,2102,2049,0,-84
0.0560,2102,2049,0,-84
0.0564,2102,2049,0,-92
0.0569,2102,2049,0,-92
0.0575,2102,2049,0,-92
0.0580,2102,2049,0,-92
0.0586,2102,2049,0,-92
0.0592,2102,2049,0,-92
0.0597,2102,2049,0,-100
0.0603,2112,2049,0,-100
0.0613,2112,2050,0,-92
0.0619,2112,2050,0,-92
0.0624,2112,2050,0,-100
0.0629,2112,2050,0,-100
0.0635,2112,2050,0,-100
0.0640,2112,2050,0,-100
0.0647,2112,2050,0,-104
0.0653,2112,2050,0,-112
0.0659,2112,2050,0,-112
0.0665,2112,2051,150,-104
0.0671,2112,2051,150,-104
0.0676,2112,2051,150,-104
0.0681,2112,2051,150,-104
0.0686,2112,2051,150,-112
0.0691,2112,2051,150,-112
0.0696,2112,2051,150,-112
0.0700,2122,2052,150,-104
0.0710,2122,2052,150,-104
0.0715,2122,2052,150,-112
0.0719,2122,2052,150,-112
0.0724,2122,2052,150,-112
0.0729,2122,2052,150,-112
0.0734,2122,2052,150,-120
0.0740,2122,2052,150,-120
0.0745,2122,2053,150,-112
0.0751,2122,2053,150,-112
0.0756,2122,2053,150,-112
0.0762,2122,2053,150,-120
0.0768,2122,2053,150,-120
0.0773,2122,2054,150,-112
0.0779,2122,2054,150,-112
0.0784,2122,2054,150,-120
0.0789,2122,2054,150,-120
0.0794,2122,2054,150,-120
0.0799,2122,2054,150,-120
0.0804,2132,2054,150,-120
0.0813,2132,2054,150,-128
0.0818,2132,2054,150,-128
0.0823,2132,2055,150,-120
0.0827,2132,2055,150,-120
0.0832,2132,2055,150,-120
0.0836,2132,2055,150,-128
0.0840,2132,2055,150,-128
0.0844,2132,2055,150,-124
0.0849,2132,2055,150,-124
0.0853,2132,2055,150,-132
0.0857,2132,2055,150,-132
0.0861,2132,2055,150,-132
0.0866,2132,2056,250,-124
0.0870,2132,2056,250,-124
0.0875,2132,2056,250,-132
0.0879,2132,2056,250,-132
0.0884,2132,2057,250,-124
0.0888,2132,2057,250,-124
0.0892,2132,2057,250,-124
0.0896,2132,2057,250,-124
0.0900,2140,2057,250,-132
0.0909,2140,2057,250,-132
0.0912,2140,2058,250,-124
0.0916,2140,2058,250,-124
0.0921,2140,2058,250,-124
0.0925,2140,2058,250,-132
0.0929,2140,2058,250,-132
0.0933,2140,2058,250,-132
0.0938,2140,2058,250,-132
0.0942,2140,2059,250,-132
0.0946,2140,2059,250,-132
0.0951,2140,2059,250,-132
0.0955,2140,2059,250,-132
0.0959,2140,2059,250,-132
0.0963,2140,2059,250,-140
0.0968,2140,2059,250,-140
0.0973,2140,2060,250,-132
0.0978,2140,2060,250,-132
0.0981,2140,2060,250,-132
0.0986,2140,2060,250,-140
0.0989,2140,2060,250,-140
0.0994,2140,2061,250,-132
0.0998,2140,2061,250,-132
0.1002,2149,2061,250,-140
0.1010,2149,2061,250,-140
0.1014,2149,2061,250,-140
0.1019,2149,2061,250,-140
0.1023,2149,2062,250,-140
0.1027,2149,2062,250,-140
0.1031,2149,2062,250,-140
0.1036,2149,2062,250,-140
0.1040,2149,2062,250,-140
0.1044,2149,2062,250,-148
0.1049,2149,2062,250,-148
0.1053,2149,2063,250,-148
0.1057,2149,2063,250,-148
0.1061,2149,2063,350,-148
0.1066,2149,2063,350,-148
0.1070,2149,2063,350,-148
0.1075,2149,2063,350,-156
0.1079,2149,2063,350,-156
0.1083,2149,2064,350,-148
0.1087,2149,2064,350,-148
0.1092,2149,2064,350,-156
0.1096,2149,2064,350,-156
0.1100,2158,2065,350,-148
0.1108,2158,2065,350,-148
0.1113,2158,2065,350,-156
0.1117,2158,2065,350,-156
0.1121,2158,2066,350,-156
0.1126,2158,2066,350,-156
0.1130,2158,2066,350,-156
0.1134,2158,2066,350,-156
0.1138,2158,2066,350,-156
0.1143,2158,2066,350,-164
0.1147,2158,2066,350,-164
0.1151,2158,2067,350,-156
0.1156,2158,2067,350,-156
0.1160,2158,2067,350,-156
0.1164,2158,2067,350,-164
0.1168,2158,2067,350,-164
0.1171,2158,2068,350,-156
0.1176,2158,2068,350,-156
0.1179,2158,2068,350,-156
0.1183,2158,2068,350,-164
0.1187,2158,2068,350,-164
0.1192,2158,2069,350,-164
0.1196,2158,2069,350,-164
0.1200,2158,2069,350,-164
0.1204,2166,2069,350,-164
0.1211,2166,2069,350,-164
0.1214,2166,2069,350,-172
0.1218,2166,2069,350,-172
0.1222,2166,2070,350,-172
0.1226,2166,2070,350,-172
0.1229,2166,2070,350,-172
0.1233,2166,2070,350,-172
0.1237,2166,2070,350,-172
0.1241,2166,2071,350,-172
0.1246,2166,2071,350,-172
0.1250,2166,2071,350,-172
0.1253,2166,2071,350,-180
0.1257,2166,2071,350,-180
0.1261,2166,2072,450,-172
0.1266,2166,2072,450,-172
0.1269,2166,2072,450,-172
0.1274,2166,2072,450,-180
0.1278,2166,2072,450,-180
0.1282,2166,2073,450,-172
0.1286,2166,2073,450,-172
0.1290,2166,2073,450,-172
0.1293,2166,2073,450,-180
0.1297,2166,2073,450,-180
0.1301,2174,2074,450,-180
0.1309,2174,2074,450,-180
0.1314,2174,2074,450,-180
0.1318,2174,2074,450,-180
0.1322,2174,2075,450,-180
0.1326,2174,2075,450,-180
0.1330,2174,2075,450,-180
0.1333,2174,2076,450,-180
0.1337,2174,2076,450,-180
0.1341,2174,2076,450,-188
0.1346,2174,2076,450,-188
0.1350,2174,2076,450,-188
0.1354,2174,2076,450,-188
0.1358,2174,2076,450,-188
0.1362,2174,2077,450,-188
0.1366,2174,2077,450,-188
0.1370,2174,2077,450,-196
0.1374,2174,2077,450,-196
0.1378,2174,2077,450,-196
0.1382,2174,2078,450,-188
0.1386,2174,2078,450,-188
0.1390,2174,2078,450,-196
0.1394,2174,2078,450,-196
0.1399,2174,2078,450,-196
0.1403,2181,2079,450,-196
0.1412,2181,2080,450,-196
0.1416,2181,2080,450,-196
0.1421,2181,2080,450,-196
0.1426,2181,2080,450,-196
0.1431,2181,2081,450,-196
0.1436,2181,2081,450,-196
0.1442,2181,2081,450,-208
0.1447,2181,2081,450,-208
0.1452,2181,2082,450,-200
0.1457,2181,2082,450,-200
0.1463,2181,2083,550,-200
0.1469,2181,2083,550,-200
0.1473,2181,2083,550,-208
0.1478,2181,2083,550,-208
0.1482,2181,2084,550,-208
0.1486,2181,2084,550,-208
0.1491,2181,2084,550,-208
0.1495,2181,2084,550,-208
0.1499,2181,2084,550,-208
0.1503,2187,2085,550,-208
0.1511,2187,2085,550,-216
0.1515,2187,2085,550,-216
0.1519,2187,2086,550,-216
0.1523,2187,2086,550,-216
0.1528,2187,2086,550,-216
0.1532,2187,2086,550,-224
0.1536,2187,2086,550,-224
0.1540,2187,2087,550,-216
0.1544,2187,2087,550,-216
0.1548,2187,2087,550,-216
0.1552,2187,2088,550,-216
0.1557,2187,2088,550,-216
0.1561,2187,2089,550,-216
0.1565,2187,2089,550,-216
0.1568,2187,2089,550,-216
0.1572,2187,2089,550,-224
0.1576,2187,2089,550,-224
0.1580,2187,2090,550,-224
0.1584,2187,2090,550,-224
0.1588,2187,2090,550,-224
0.1592,2187,2090,550,-224
0.1596,2187,2090,550,-224
0.1601,2193,2090,550,-232
0.1608,2193,2090,550,-232
0.1612,2193,2091,550,-232
0.1616,2193,2091,550,-232
0.1620,2193,2092,550,-232
0.1624,2193,2092,550,-232
0.1628,2193,2092,550,-232
0.1632,2193,2093,550,-232
0.1636,2193,2093,550,-232
0.1640,2193,2093,550,-240
0.1644,2193,2093,550,-240
0.1648,2193,2093,550,-240
0.1653,2193,2094,550,-232
0.1657,2193,2094,550,-232
0.1661,2193,2094,550,-240
0.1664,2193,2094,550,-240
0.1668,2193,2094,550,-240
0.1672,2193,2095,550,-240
0.1676,2193,2095,550,-240
0.1680,2193,2096,550,-240
0.1684,2193,2096,550,-240
0.1688,2193,2096,550,-240
0.1692,2193,2097,550,-240
0.1696,2193,2097,550,-240
0.1700,2199,2097,550,-248
0.1708,2199,2097,550,-248
0.1712,2199,2098,550,-240
0.1716,2199,2098,550,-240
0.1720,2199,2099,550,-240
0.1724,2199,2099,550,-240
0.1728,2199,2099,550,-240
0.1733,2199,2100,550,-240
0.1737,2199,2100,550,-240
0.1742,2199,2100,550,-248
0.1747,2199,2100,550,-248
0.1751,2199,2101,550,-248
0.1756,2199,2101,550,-248
0.1760,2199,2102,550,-248
0.1765,2199,2102,550,-248
0.1770,2199,2103,550,-240
0.1774,2199,2103,550,-240
0.1779,2199,2104,550,-240
0.1783,2199,2104,550,-240
0.1787,2199,2104,550,-240
0.1792,2199,2104,550,-248
0.1796,2199,2104,550,-248
0.1800,2203,2105,550,-248
0.1809,2203,2105,550,-256
0.1813,2203,2105,550,-256
0.1818,2203,2105,550,-256
0.1822,2203,2106,550,-256
0.1827,2203,2106,550,-256
0.1831,2203,2107,550,-248
0.1836,2203,2107,550,-248
0.1840,2203,2108,550,-236
0.1845,2203,2108,550,-236
0.1849,2203,2109,550,-236
0.1854,2203,2109,550,-236
0.1858,2203,2109,550,-236
0.1862,2203,2109,750,-244
0.1866,2203,2109,750,-244
0.1871,2203,2110,750,-244
0.1875,2203,2110,750,-244
0.1880,2203,2111,750,-236
0.1884,2203,2111,750,-236
0.1888,2203,2112,750,-236
0.1892,2203,2112,750,-236
0.1896,2203,2112,750,-236
0.1901,2208,2112,750,-244
0.1909,2208,2113,750,-244
0.1913,2208,2113,750,-244
0.1919,2208,2114,750,-244
0.1926,2208,2114,750,-244
0.1932,2208,2115,750,-236
0.1937,2208,2115,750,-236
0.1941,2208,2115,750,-244
0.1945,2208,2115,750,-244
0.1948,2208,2116,750,-244
0.1952,2208,2116,750,-244
0.1957,2208,2116,750,-244
0.1960,2208,2117,750,-244
0.1964,2208,2117,750,-244
0.1968,2208,2118,750,-244
0.1972,2208,2118,750,-244
0.1976,2208,2118,750,-244
0.1980,2208,2119,750,-236
0.1984,2208,2119,750,-236
0.1987,2208,2119,750,-236
0.1991,2208,2119,750,-244
0.1996,2208,2119,750,-244
0.1999,2208,2120,750,-244
0.2003,2211,2120,750,-244
0.2010,2211,2121,750,-244
0.2014,2211,2121,750,-244
0.2018,2211,2122,750,-244
0.2022,2211,2122,750,-244
0.2025,2211,2122,750,-244
0.2029,2211,2123,750,-236
0.2033,2211,2123,750,-236
0.2037,2211,2123,750,-236
0.2040,2211,2124,750,-232
0.2044,2211,2124,750,-232
0.2047,2211,2124,750,-240
0.2051,2211,2124,750,-240
0.2056,2211,2124,750,-240
0.2059,2211,2125,800,-240
0.2063,2211,2125,800,-240
0.2067,2211,2125,800,-240
0.2071,2211,2126,800,-232
0.2076,2211,2126,800,-232
0.2080,2211,2127,800,-232
0.2084,2211,2127,800,-232
0.2087,2211,2128,800,-232
0.2091,2211,2128,800,-232
0.2096,2211,2128,800,-232
0.2099,2211,2128,800,-240
0.2103,2214,2128,800,-240
0.2111,2214,2129,800,-232
0.2115,2214,2129,800,-232
0.2119,2214,2130,800,-232
0.2122,2214,2130,800,-232
0.2126,2214,2130,800,-232
0.2130,2214,2131,800,-232
0.2134,2214,2131,800,-232
0.2138,2214,2132,800,-232
0.2142,2214,2132,800,-232
0.2146,2214,2132,800,-232
0.2150,2214,2132,800,-232
0.2154,2214,2132,800,-232
0.2158,2214,2133,800,-232
0.2161,2214,2133,800,-232
0.2166,2214,2133,800,-232
0.2169,2214,2134,800,-232
0.2173,2214,2134,800,-232
0.2177,2214,2135,800,-224
0.2181,2214,2135,800,-224
0.2185,2214,2135,800,-224
0.2189,2214,2136,800,-224
0.2192,2214,2136,800,-224
0.2196,2214,2136,800,-224
0.2200,2214,2137,800,-224
0.2204,2217,2138,800,-224
0.2211,2217,2138,800,-224
0.2215,2217,2138,800,-224
0.2218,2217,2138,800,-224
0.2222,2217,2138,800,-224
0.2226,2217,2138,800,-224
0.2230,2217,2139,800,-224
0.2234,2217,2139,800,-224
0.2237,2217,2140,800,-220
0.2241,2217,2140,800,-220
0.2246,2217,2140,800,-220
0.2249,2217,2141,800,-212
0.2253,2217,2141,800,-212
0.2257,2217,2141,800,-220
0.2261,2217,2141,800,-220
0.2265,2217,2141,800,-220
0.2268,2217,2142,800,-220
0.2272,2217,2142,800,-220
0.2276,2217,2142,800,-220
0.2280,2217,2143,800,-212
0.2284,2217,2143,800,-212
0.2288,2217,2144,800,-212
0.2291,2217,2144,800,-212
0.2295,2217,2144,800,-212
0.2299,2217,2144,800,-220
0.2302,2218,2144,800,-220
0.2310,2218,2145,800,-220
0.2313,2218,2145,800,-220
0.2317,2218,2146,800,-212
0.2321,2218,2146,800,-212
0.2326,2218,2146,800,-212
0.2329,2218,2147,800,-212
0.2333,2218,2147,800,-212
0.2337,2218,2148,800,-212
0.2341,2218,2148,800,-212
0.2344,2218,2148,800,-212
0.2348,2218,2148,800,-212
0.2352,2218,2148,800,-212
0.2356,2218,2148,800,-212
0.2359,2218,2149,800,-212
0.2363,2218,2149,800,-212
0.2367,2218,2150,800,-212
0.2371,2218,2150,800,-212
0.2374,2218,2150,800,-212
0.2378,2218,2151,800,-204
0.2382,2218,2151,800,-204
0.2386,2218,2151,800,-204
0.2390,2218,2152,800,-204
0.2394,2218,2152,800,-204
0.2397,2218,2153,800,-196
0.2401,2219,2153,800,-196
0.2408,2219,2154,800,-196
0.2412,2219,2154,800,-196
0.2416,2219,2154,800,-204
0.2420,2219,2154,800,-204
0.2423,2219,2154,800,-204
0.2427,2219,2155,800,-196
0.2431,2219,2155,800,-196
0.2435,2219,2155,800,-196
0.2438,2219,2156,800,-188
0.2442,2219,2156,800,-188
0.2446,2219,2156,800,-196
0.2450,2219,2156,800,-196
0.2453,2219,2156,800,-196
0.2457,2219,2157,800,-188
0.2461,2219,2157,800,-188
0.2465,2219,2157,800,-188
0.2468,2219,2158,800,-188
0.2472,2219,2158,800,-188
0.2476,2219,2159,800,-180
0.2480,2219,2159,800,-180
0.2483,2219,2159,800,-180
0.2487,2219,2160,800,-180
0.2491,2219,2160,800,-180
0.2494,2219,2160,800,-180
0.2498,2219,2160,800,-188
0.2502,2220,2161,800,-180
0.2509,2220,2161,800,-180
0.2513,2220,2161,800,-180
0.2517,2220,2162,800,-180
0.2521,2220,2162,800,-180
0.2524,2220,2162,800,-180
0.2528,2220,2162,800,-180
0.2532,2220,2162,800,-180
0.2536,2220,2163,800,-180
0.2539,2220,2163,800,-180
0.2543,2220,2163,800,-180
0.2547,2220,2164,800,-180
0.2551,2220,2164,800,-180
0.2554,2220,2164,800,-180
0.2558,2220,2164,800,-180
0.2562,2220,2164,800,-180
0.2566,2220,2165,800,-180
0.2569,2220,2165,800,-180
0.2573,2220,2165,800,-180
0.2577,2220,2166,800,-172
0.2581,2220,2166,800,-172
0.2584,2220,2166,800,-172
0.2588,2220,2167,800,-172
0.2592,2220,2167,800,-172
0.2596,2220,2167,800,-180
0.2600,2220,2167,800,-180
0.2603,2219,2168,800,-172
0.2611,2219,2168,800,-172
0.2614,2219,2168,800,-172
0.2618,2219,2168,800,-180
0.2622,2219,2168,800,-180
0.2626,2219,2169,800,-172
0.2629,2219,2169,800,-172
0.2633,2219,2169,800,-172
0.2637,2219,2170,800,-176
0.2641,2219,2170,800,-176
0.2644,2219,2170,800,-176
0.2648,2219,2171,800,-168
0.2652,2219,2171,800,-168
0.2656,2219,2171,700,-176
0.2659,2219,2171,700,-176
0.2663,2219,2171,700,-176
0.2667,2219,2172,700,-168
0.2671,2219,2172,700,-168
0.2675,2219,2172,700,-168
0.2678,2219,2173,700,-168
0.2682,2219,2173,700,-168
0.2686,2219,2174,700,-160
0.2690,2219,2174,700,-160
0.2693,2219,2174,700,-160
0.2697,2219,2174,700,-168
0.2701,2218,2174,700,-168
0.2708,2218,2175,700,-160
0.2712,2218,2175,700,-160
0.2716,2218,2175,700,-168
0.2720,2218,2175,700,-168
0.2724,2218,2175,700,-168
0.2727,2218,2176,700,-160
0.2731,2218,2176,700,-160
0.2736,2218,2177,700,-160
0.2739,2218,2177,700,-160
0.2743,2218,2177,700,-160
0.2747,2218,2177,700,-160
0.2751,2218,2177,700,-160
0.2755,2218,2178,700,-160
0.2758,2218,2178,700,-160
0.2762,2218,2178,700,-160
0.2766,2218,2179,700,-152
0.2770,2218,2179,700,-152
0.2774,2218,2179,700,-152
0.2777,2218,2179,700,-160
0.2781,2218,2179,700,-160
0.2786,2218,2180,700,-152
0.2789,2218,2180,700,-152
0.2793,2218,2180,700,-152
0.2797,2218,2181,700,-152
0.2801,2217,2181,700,-152
0.2808,2217,2181,700,-152
0.2812,2217,2181,700,-152
0.2816,2217,2182,700,-152
0.2820,2217,2182,700,-152
0.2824,2217,2183,700,-144
0.2828,2217,2183,700,-144
0.2832,2217,2183,700,-144
0.2836,2217,2183,700,-136
0.2840,2217,2183,700,-136
0.2843,2217,2183,700,-136
0.2848,2217,2184,700,-136
0.2852,2217,2184,700,-136
0.2856,2217,2184,650,-136
0.2859,2217,2184,650,-136
0.2863,2217,2184,650,-136
0.2867,2217,2185,650,-136
0.2871,2217,2185,650,-136
0.2875,2217,2186,650,-128
0.2878,2217,2186,650,-128
0.2882,2217,2186,650,-128
0.2886,2217,2186,650,-136
0.2890,2217,2186,650,-136
0.2894,2217,2186,650,-136
0.2898,2217,2186,650,-136
0.2901,2214,2187,650,-128
0.2910,2214,2187,650,-128
0.2914,2214,2187,650,-128
0.2918,2214,2188,650,-128
0.2922,2214,2188,650,-128
0.2926,2214,2188,650,-128
0.2930,2214,2188,650,-128
0.2933,2214,2188,650,-128
0.2937,2214,2189,650,-128
0.2941,2214,2189,650,-128
0.2945,2214,2189,650,-128
0.2949,2214,2189,650,-128
0.2953,2214,2189,650,-128
0.2957,2214,2190,650,-120
0.2960,2214,2190,650,-120
0.2964,2214,2190,650,-128
0.2968,2214,2190,650,-128
0.2972,2214,2190,650,-128
0.2976,2214,2191,650,-120
0.2980,2214,2191,650,-120
0.2984,2214,2191,650,-120
0.2988,2214,2191,650,-120
0.2992,2214,2191,650,-120
0.2996,2214,2192,650,-120
0.3000,2214,2192,650,-120
0.3004,2211,2192,650,-120
0.3011,2211,2192,650,-120
0.3015,2211,2193,650,-120
0.3018,2211,2193,650,-120
0.3022,2211,2193,650,-120
0.3026,2211,2194,650,-112
0.3030,2211,2194,650,-112
0.3034,2211,2194,650,-116
0.3038,2211,2194,650,-116
0.3042,2211,2194,650,-116
0.3046,2211,2195,650,-116
0.3050,2211,2195,650,-116
0.3054,2211,2195,550,-116
0.3058,2211,2195,550,-116
0.3061,2211,2195,550,-116
0.3066,2211,2196,550,-108
0.3070,2211,2196,550,-108
0.3073,2211,2196,550,-116
0.3077,2211,2196,550,-116
0.3081,2211,2196,550,-116
0.3086,2211,2197,550,-108
0.3090,2211,2197,550,-108
0.3094,2211,2197,550,-108
0.3097,2211,2197,550,-108
0.3101,2208,2198,550,-100
0.3109,2208,2198,550,-100
0.3113,2208,2198,550,-100
0.3116,2208,2198,550,-108
0.3120,2208,2198,550,-108
0.3124,2208,2199,550,-100
0.3128,2208,2199,550,-100
0.3132,2208,2199,550,-100
0.3136,2208,2199,550,-100
0.3140,2208,2199,550,-100
0.3144,2208,2200,550,-100
0.3148,2208,2200,550,-100
0.3152,2208,2200,550,-100
0.3156,2208,2200,550,-100
0.3160,2208,2200,550,-100
0.3164,2208,2201,550,-92
0.3167,2208,2201,550,-92
0.3171,2208,2201,550,-92
0.3176,2208,2201,550,-92
0.3180,2208,2201,550,-92
0.3184,2208,2202,550,-92
0.3188,2208,2202,550,-92
0.3192,2208,2202,550,-92
0.3196,2208,2202,550,-92
0.3200,2203,2203,550,-84
0.3208,2203,2203,550,-84
0.3212,2203,2203,550,-84
0.3216,2203,2203,550,-84
0.3220,2203,2203,550,-84
0.3224,2203,2204,550,-84
0.3228,2203,2204,550,-84
0.3232,2203,2204,550,-84
0.3236,2203,2204,550,-80
0.3240,2203,2204,550,-80
0.3244,2203,2204,550,-80
0.3248,2203,2204,550,-80
0.3252,2203,2204,550,-80
0.3256,2203,2204,450,-80
0.3260,2203,2204,450,-80
0.3264,2203,2205,450,-80
0.3268,2203,2205,450,-80
0.3272,2203,2205,450,-80
0.3276,2203,2205,450,-80
0.3281,2203,2205,450,-80
0.3285,2203,2206,450,-72
0.3289,2203,2206,450,-72
0.3293,2203,2206,450,-72
0.3297,2203,2206,450,-72
0.3301,2199,2206,450,-72
0.3308,2199,2206,450,-72
0.3312,2199,2207,450,-72
0.3317,2199,2207,450,-72
0.3321,2199,2207,450,-72
0.3325,2199,2207,450,-72
0.3329,2199,2207,450,-72
0.3333,2199,2208,450,-64
0.3337,2199,2208,450,-64
0.3341,2199,2208,450,-64
0.3345,2199,2208,450,-64
0.3349,2199,2208,450,-64
0.3353,2199,2208,450,-64
0.3357,2199,2208,450,-64
0.3361,2199,2208,450,-64
0.3365,2199,2209,450,-64
0.3369,2199,2209,450,-64
0.3373,2199,2209,450,-64
0.3377,2199,2209,450,-64
0.3381,2199,2209,450,-64
0.3385,2199,2209,450,-64
0.3389,2199,2209,450,-64
0.3393,2199,2210,450,-56
0.3397,2199,2210,450,-56
0.3401,2193,2210,450,-56
0.3408,2193,2210,450,-56
0.3412,2193,2210,450,-56
0.3416,2193,2210,450,-56
0.3420,2193,2210,450,-56
0.3424,2193,2211,450,-56
0.3428,2193,2211,450,-56
0.3432,2193,2211,450,-60
0.3436,2193,2211,450,-60
0.3440,2193,2211,450,-60
0.3444,2193,2211,450,-60
0.3448,2193,2211,450,-60
0.3452,2193,2211,350,-60
0.3456,2193,2211,350,-60
0.3460,2193,2211,350,-60
0.3464,2193,2211,350,-60
0.3468,2193,2211,350,-60
0.3472,2193,2212,350,-52
0.3476,2193,2212,350,-52
0.3480,2193,2212,350,-52
0.3484,2193,2212,350,-52
0.3488,2193,2212,350,-52
0.3492,2193,2212,350,-52
0.3496,2193,2212,350,-52
0.3500,2187,2213,350,-52
0.3508,2187,2213,350,-52
0.3512,2187,2213,350,-52
0.3516,2187,2213,350,-52
0.3520,2187,2213,350,-52
0.3524,2187,2213,350,-52
0.3529,2187,2213,350,-52
0.3533,2187,2213,350,-52
0.3537,2187,2213,350,-52
0.3541,2187,2213,350,-52
0.3545,2187,2214,350,-44
0.3549,2187,2214,350,-44
0.3553,2187,2214,350,-44
0.3557,2187,2214,350,-44
0.3561,2187,2214,350,-44
0.3565,2187,2214,350,-44
0.3569,2187,2214,350,-44
0.3573,2187,2214,350,-44
0.3576,2187,2214,350,-44
0.3581,2187,2214,350,-44
0.3585,2187,2215,350,-36
0.3589,2187,2215,350,-36
0.3593,2187,2215,350,-36
0.3597,2187,2215,350,-36
0.3601,2180,2215,350,-36
0.3608,2180,2215,350,-36
0.3612,2180,2215,350,-36
0.3616,2180,2215,350,-36
0.3620,2180,2215,350,-36
0.3624,2180,2215,350,-36
0.3628,2180,2215,350,-36
0.3632,2180,2216,350,-24
0.3636,2180,2216,350,-24
0.3640,2180,2216,350,-24
0.3644,2180,2216,350,-24
0.3649,2180,2216,350,-24
0.3653,2180,2216,250,-24
0.3657,2180,2216,250,-24
0.3661,2180,2216,250,-24
0.3665,2180,2216,250,-24
0.3669,2180,2216,250,-24
0.3673,2180,2217,250,0
0.3677,2180,2217,250,0
0.3681,2180,2217,250,0
0.3686,2180,2217,250,0
0.3690,2180,2217,250,0
0.3694,2180,2217,250,0
0.3699,2180,2217,250,0
0.3703,2173,2217,250,0
0.3710,2173,2217,250,0
0.3714,2173,2217,250,0
0.3718,2173,2217,250,0
0.3723,2173,2217,250,24
0.3727,2173,2217,250,24
0.3731,2173,2217,250,24
0.3735,2173,2217,250,24
0.3739,2173,2217,250,24
0.3743,2173,2217,250,24
0.3747,2173,2217,250,24
0.3751,2173,2218,250,32
0.3756,2173,2218,250,32
0.3760,2173,2218,250,32
0.3764,2173,2218,250,32
0.3768,2173,2218,250,32
0.3772,2173,2218,250,32
0.3776,2173,2218,250,32
0.3780,2173,2218,250,32
0.3784,2173,2218,250,32
0.3788,2173,2218,250,32
0.3791,2173,2218,250,32
0.3796,2173,2218,250,32
0.3800,2173,2218,250,32
0.3804,2166,2218,250,32
0.3811,2166,2218,250,32
0.3816,2166,2218,250,32
0.3820,2166,2218,250,32
0.3824,2166,2218,250,32
0.3828,2166,2218,250,32
0.3832,2166,2218,250,28
0.3836,2166,2218,250,28
0.3840,2166,2218,250,28
0.3845,2166,2218,250,28
0.3849,2166,2218,250,28
0.3853,2166,2218,100,28
0.3857,2166,2218,100,28
0.3861,2166,2218,100,28
0.3865,2166,2218,100,28
0.3869,2166,2218,100,28
0.3873,2166,2218,100,28
0.3877,2166,2218,100,28
0.3881,2166,2218,100,28
0.3886,2166,2218,100,28
0.3890,2166,2218,100,28
0.3894,2166,2218,100,28
0.3898,2166,2218,100,28
0.3902,2158,2218,100,28
0.3910,2158,2218,100,28
0.3914,2158,2218,100,28
0.3918,2158,2218,100,28
0.3922,2158,2218,100,36
0.3926,2158,2218,100,36
0.3930,2158,2218,100,36
0.3934,2158,2218,100,36
0.3938,2158,2218,100,36
0.3942,2158,2218,100,36
0.3947,2158,2218,100,36
0.3951,2158,2218,100,36
0.3955,2158,2218,100,36
0.3959,2158,2218,100,36
0.3963,2158,2218,100,36
0.3967,2158,2218,100,36
0.3971,2158,2218,100,44
0.3976,2158,2218,100,44
0.3980,2158,2218,100,44
0.3984,2158,2218,100,44
0.3989,2158,2218,100,44
0.3993,2158,2218,100,44
0.3997,2158,2218,100,44
0.4001,2149,2218,100,44
0.4009,2149,2218,100,44
0.4013,2149,2218,100,52
0.4017,2149,2218,100,52
0.4021,2149,2218,100,52
0.4026,2149,2218,100,52
0.4030,2149,2218,100,52
0.4034,2149,2218,100,52
0.4039,2149,2218,100,52
0.4043,2149,2218,100,52
0.4047,2149,2218,100,52
0.4051,2149,2218,0,60
0.4056,2149,2218,0,60
0.4060,2149,2218,0,60
0.4064,2149,2218,0,60
0.4069,2149,2218,0,60
0.4073,2149,2218,0,60
0.4077,2149,2218,0,60
0.4081,2149,2218,0,60
0.4086,2149,2218,0,60
0.4090,2149,2218,0,68
0.4094,2149,2218,0,68
0.4099,2149,2218,0,68
0.4103,2140,2218,0,68
0.4111,2140,2218,0,68
0.4115,2140,2218,0,68
0.4119,2140,2218,0,68
0.4123,2140,2218,0,76
0.4127,2140,2218,0,76
0.4131,2140,2218,0,76
0.4136,2140,2218,0,76
0.4140,2140,2218,0,76
0.4144,2140,2218,0,76
0.4149,2140,2218,0,76
0.4153,2140,2218,0,84
0.4157,2140,2218,0,84
0.4161,2140,2218,0,84
0.4166,2140,2218,0,84
0.4169,2140,2218,0,84
0.4173,2140,2218,0,84
0.4177,2140,2218,0,84
0.4181,2140,2218,0,92
0.4186,2140,2218,0,92
0.4191,2140,2218,0,92
0.4195,2140,2218,0,92
0.4199,2140,2218,0,92
0.4203,2131,2218,0,92
0.4211,2131,2218,0,100
0.4215,2131,2218,0,100
0.4219,2131,2218,0,100
0.4223,2131,2218,0,100
0.4227,2131,2218,0,100
0.4230,2131,2218,0,112
0.4234,2131,2218,0,112
0.4238,2131,2218,0,112
0.4243,2131,2218,0,120
0.4247,2131,2218,0,120
0.4251,2131,2218,0,120
0.4256,2131,2218,0,120
0.4259,2131,2218,0,120
0.4264,2131,2218,0,120
0.4269,2131,2218,0,120
0.4273,2131,2217,0,120
0.4277,2131,2217,0,120
0.4281,2131,2217,0,120
0.4286,2131,2217,0,120
0.4290,2131,2217,0,120
0.4294,2131,2217,0,120
0.4299,2131,2217,0,128
0.4303,2121,2217,0,128
0.4311,2121,2217,0,128
0.4315,2121,2217,0,128
0.4319,2121,2216,0,128
0.4323,2121,2216,0,128
0.4327,2121,2216,0,128
0.4332,2121,2216,0,128
0.4336,2121,2216,0,128
0.4340,2121,2216,0,128
0.4344,2121,2216,0,128
0.4349,2121,2215,0,128
0.4353,2121,2215,0,128
0.4357,2121,2215,0,128
0.4361,2121,2215,0,128
0.4366,2121,2215,0,128
0.4369,2121,2215,0,136
0.4373,2121,2215,0,136
0.4377,2121,2215,0,136
0.4381,2121,2215,0,136
0.4386,2121,2215,0,136
0.4390,2121,2214,0,136
0.4394,2121,2214,0,136
0.4399,2121,2214,0,136
0.4403,2112,2214,0,136
0.4410,2112,2214,0,136
0.4414,2112,2214,0,136
0.4419,2112,2213,0,136
0.4423,2112,2213,0,136
0.4427,2112,2213,0,136
0.4431,2112,2213,0,124
0.4435,2112,2213,0,124
0.4439,2112,2212,0,124
0.4443,2112,2212,0,124
0.4447,2112,2212,0,124
0.4451,2112,2212,-300,124
0.4456,2112,2212,-300,124
0.4460,2112,2212,-300,132
0.4464,2112,2212,-300,132
0.4468,2112,2212,-300,132
0.4473,2112,2212,-300,132
0.4477,2112,2212,-300,132
0.4481,2112,2211,-300,132
0.4485,2112,2211,-300,132
0.4489,2112,2211,-300,132
0.4493,2112,2211,-300,132
0.4497,2112,2211,-300,132
0.4501,2102,2211,-300,140
0.4510,2102,2210,-300,132
0.4514,2102,2210,-300,132
0.4519,2102,2210,-300,140
0.4523,2102,2210,-300,140
0.4527,2102,2210,-300,140
0.4531,2102,2210,-300,140
0.4535,2102,2210,-300,140
0.4539,2102,2209,-300,140
0.4543,2102,2209,-300,140
0.4547,2102,2209,-300,140
0.4551,2102,2208,-300,132
0.4556,2102,2208,-300,132
0.4560,2102,2208,-300,140
0.4564,2102,2208,-300,140
0.4568,2102,2208,-300,140
0.4573,2102,2208,-300,140
0.4577,2102,2208,-300,140
0.4581,2102,2207,-300,140
0.4585,2102,2207,-300,140
0.4589,2102,2207,-300,140
0.4593,2102,2207,-300,140
0.4597,2102,2207,-300,140
0.4601,2091,2207,-300,148
0.4609,2091,2206,-300,140
0.4613,2091,2206,-300,140
0.4617,2091,2206,-300,140
0.4621,2091,2206,-300,148
0.4625,2091,2206,-300,148
0.4628,2091,2205,-300,148
0.4632,2091,2205,-300,148
0.4636,2091,2205,-300,148
0.4640,2091,2205,-300,148
0.4643,2091,2205,-300,148
0.4647,2091,2205,-300,148
0.4651,2091,2205,-350,156
0.4655,2091,2205,-350,156
0.4659,2091,2204,-350,148
0.4662,2091,2204,-350,148
0.4666,2091,2204,-350,148
0.4669,2091,2204,-350,156
0.4673,2091,2204,-350,156
0.4677,2091,2204,-350,156
0.4680,2091,2203,-350,148
0.4684,2091,2203,-350,148
0.4687,2091,2203,-350,156
0.4691,2091,2203,-350,156
0.4695,2091,2203,-350,156
0.4699,2091,2202,-350,156
0.4703,2081,2202,-350,156
0.4709,2081,2202,-350,156
0.4713,2081,2202,-350,156
0.4717,2081,2202,-350,156
0.4720,2081,2201,-350,156
0.4724,2081,2201,-350,156
0.4727,2081,2201,-350,156
0.4731,2081,2201,-350,156
0.4734,2081,2201,-350,156
0.4738,2081,2201,-350,164
0.4742,2081,2201,-350,164
0.4745,2081,2201,-350,164
0.4749,2081,2200,-350,164
0.4753,2081,2200,-350,164
0.4756,2081,2200,-350,164
0.4760,2081,2200,-350,164
0.4764,2081,2200,-350,164
0.4767,2081,2199,-350,164
0.4771,2081,2199,-350,164
0.4774,2081,2199,-350,164
0.4778,2081,2198,-350,156
0.4782,2081,2198,-350,156
0.4785,2081,2198,-350,156
0.4789,2081,2198,-350,164
0.4793,2081,2198,-350,164
0.4796,2081,2198,-350,164
0.4800,2081,2198,-350,172
0.4803,2070,2198,-350,172
0.4810,2070,2197,-350,164
0.4813,2070,2197,-350,164
0.4817,2070,2197,-350,172
0.4821,2070,2197,-350,172
0.4824,2070,2197,-350,172
0.4828,2070,2197,-350,184
0.4832,2070,2197,-350,184
0.4835,2070,2197,-350,184
0.4839,2070,2196,-350,176
0.4842,2070,2196,-350,176
0.4846,2070,2196,-350,176
0.4850,2070,2196,-450,184
0.4853,2070,2196,-450,184
0.4857,2070,2195,-450,184
0.4860,2070,2195,-450,184
0.4864,2070,2195,-450,184
0.4867,2070,2194,-450,176
0.4871,2070,2194,-450,176
0.4875,2070,2194,-450,176
0.4878,2070,2194,-450,184
0.4882,2070,2194,-450,184
0.4885,2070,2194,-450,184
0.4889,2070,2194,-450,192
0.4892,2070,2194,-450,192
0.4896,2070,2194,-450,192
0.4900,2070,2193,-450,184
0.4903,2059,2193,-450,184
0.4910,2059,2192,-450,184
0.4913,2059,2192,-450,184
0.4917,2059,2192,-450,192
0.4920,2059,2192,-450,192
0.4924,2059,2192,-450,192
0.4928,2059,2191,-450,192
0.4932,2059,2191,-450,192
0.4935,2059,2191,-450,192
0.4939,2059,2191,-450,192
0.4942,2059,2191,-450,192
0.4946,2059,2191,-450,192
0.4950,2059,2190,-450,192
0.4953,2059,2190,-450,192
0.4957,2059,2190,-450,200
0.4960,2059,2190,-450,200
0.4964,2059,2190,-450,200
0.4968,2059,2189,-450,192
0.4971,2059,2189,-450,192
0.4975,2059,2189,-450,192
0.4979,2059,2189,-450,200
0.4983,2059,2189,-450,200
0.4986,2059,2188,-450,200
0.4990,2059,2188,-450,200
0.4994,2059,2188,-450,200
0.4997,2059,2188,-450,208
0.5001,2049,2188,-450,208
0.5008,2049,2187,-450,200
0.5012,2049,2187,-450,200
0.5015,2049,2187,-450,200
0.5019,2049,2187,-450,208
0.5023,2049,2187,-450,208
0.5026,2049,2186,-450,204
0.5030,2049,2186,-450,204
0.5033,2049,2186,-450,204
0.5037,2049,2185,-450,204
0.5041,2049,2185,-450,204
0.5044,2049,2185,-450,204
0.5048,2049,2184,-600,196
0.5052,2049,2184,-600,196
0.5055,2049,2184,-600,196
0.5059,2049,2184,-600,204
0.5063,2049,2184,-600,204
0.5066,2049,2184,-600,212
0.5070,2049,2184,-600,212
0.5073,2049,2184,-600,212
0.5077,2049,2183,-600,212
0.5081,2049,2183,-600,212
0.5084,2049,2183,-600,212
0.5088,2049,2183,-600,212
0.5092,2049,2183,-600,212
0.5096,2049,2183,-600,212
0.5099,2049,2182,-600,212
0.5103,2038,2181,-600,212
0.5110,2038,2181,-600,212
0.5114,2038,2181,-600,212
0.5118,2038,2180,-600,212
0.5122,2038,2180,-600,212
0.5126,2038,2180,-600,220
0.5130,2038,2180,-600,220
0.5134,2038,2180,-600,220
0.5137,2038,2179,-600,212
0.5141,2038,2179,-600,212
0.5146,2038,2178,-600,212
0.5150,2038,2178,-600,212
0.5154,2038,2178,-600,212
0.5158,2038,2178,-600,220
0.5162,2038,2178,-600,220
0.5166,2038,2177,-600,220
0.5170,2038,2177,-600,220
0.5174,2038,2177,-600,220
0.5178,2038,2176,-600,220
0.5182,2038,2176,-600,220
0.5187,2038,2176,-600,228
0.5190,2038,2176,-600,228
0.5194,2038,2176,-600,228
0.5198,2038,2176,-600,228
0.5202,2027,2175,-600,228
0.5210,2027,2175,-600,228
0.5213,2027,2175,-600,228
0.5217,2027,2174,-600,228
0.5221,2027,2174,-600,228
0.5226,2027,2173,-600,228
0.5230,2027,2173,-600,228
0.5233,2027,2173,-600,228
0.5238,2027,2173,-600,236
0.5242,2027,2173,-600,236
0.5246,2027,2172,-600,236
0.5250,2027,2172,-600,236
0.5254,2027,2172,-600,236
0.5257,2027,2171,-600,236
0.5261,2027,2171,-600,236
0.5266,2027,2171,-600,236
0.5270,2027,2171,-600,236
0.5274,2027,2171,-600,236
0.5277,2027,2170,-600,236
0.5281,2027,2170,-600,236
0.5286,2027,2169,-600,236
0.5290,2027,2169,-600,236
0.5294,2027,2169,-600,236
0.5298,2027,2169,-600,244
0.5302,2017,2168,-600,244
0.5310,2017,2168,-600,244
0.5314,2017,2168,-600,244
0.5318,2017,2168,-600,252
0.5321,2017,2168,-600,252
0.5326,2017,2167,-600,252
0.5330,2017,2167,-600,252
0.5333,2017,2167,-600,252
0.5337,2017,2166,-600,252
0.5341,2017,2166,-600,252
0.5346,2017,2165,-600,252
0.5350,2017,2165,-600,252
0.5354,2017,2165,-600,252
0.5358,2017,2164,-600,252
0.5362,2017,2164,-600,252
0.5366,2017,2163,-600,244
0.5370,2017,2163,-600,244
0.5374,2017,2163,-600,244
0.5377,2017,2163,-600,252
0.5381,2017,2163,-600,252
0.5386,2017,2162,-600,252
0.5390,2017,2162,-600,252
0.5394,2017,2162,-600,252
0.5398,2017,2162,-600,260
0.5402,2006,2161,-600,260
0.5410,2006,2161,-600,260
0.5414,2006,2161,-600,260
0.5418,2006,2160,-600,260
0.5422,2006,2160,-600,260
0.5426,2006,2159,-600,264
0.5430,2006,2159,-600,264
0.5434,2006,2159,-600,264
0.5438,2006,2158,-600,264
0.5442,2006,2158,-600,264
0.5446,2006,2158,-700,272
0.5450,2006,2158,-700,272
0.5454,2006,2158,-700,272
0.5458,2006,2157,-700,272
0.5461,2006,2157,-700,272
0.5466,2006,2156,-700,272
0.5470,2006,2156,-700,272
0.5474,2006,2156,-700,272
0.5478,2006,2155,-700,272
0.5482,2006,2155,-700,272
0.5486,2006,2154,-700,272
0.5490,2006,2154,-700,272
0.5494,2006,2154,-700,280
0.5499,2006,2154,-700,280
0.5503,1996,2153,-700,280
0.5511,1996,2153,-700,280
0.5515,1996,2152,-700,280
0.5519,1996,2152,-700,280
0.5523,1996,2152,-700,280
0.5528,1996,2151,-700,280
0.5532,1996,2151,-700,280
0.5536,1996,2150,-700,280
0.5540,1996,2150,-700,280
0.5544,1996,2149,-700,280
0.5549,1996,2149,-700,280
0.5553,1996,2149,-700,280
0.5557,1996,2149,-700,288
0.5562,1996,2149,-700,288
0.5566,1996,2148,-700,288
0.5570,1996,2148,-700,288
0.5574,1996,2147,-700,288
0.5578,1996,2147,-700,288
0.5582,1996,2147,-700,288
0.5587,1996,2146,-700,288
0.5591,1996,2146,-700,288
0.5595,1996,2145,-700,288
0.5599,1996,2145,-700,288
0.5603,1986,2144,-700,288
0.5611,1986,2144,-700,288
0.5616,1986,2143,-700,288
0.5620,1986,2143,-700,288
0.5625,1986,2142,-700,284
0.5629,1986,2142,-700,284
0.5633,1986,2142,-700,284
0.5637,1986,2142,-700,292
0.5642,1986,2142,-700,292
0.5646,1986,2141,-850,292
0.5650,1986,2141,-850,292
0.5654,1986,2140,-850,292
0.5659,1986,2140,-850,292
0.5663,1986,2140,-850,292
0.5667,1986,2139,-850,300
0.5671,1986,2139,-850,300
0.5675,1986,2138,-850,300
0.5679,1986,2138,-850,300
0.5683,1986,2138,-850,300
0.5687,1986,2137,-850,300
0.5692,1986,2137,-850,300
0.5696,1986,2136,-850,300
0.5700,1976,2135,-850,300
0.5709,1976,2135,-850,300
0.5713,1976,2135,-850,300
0.5717,1976,2134,-850,300
0.5721,1976,2134,-850,300
0.5726,1976,2133,-850,300
0.5730,1976,2133,-850,300
0.5734,1976,2132,-850,300
0.5739,1976,2132,-850,300
0.5743,1976,2131,-850,300
0.5747,1976,2131,-850,300
0.5752,1976,2131,-850,300
0.5756,1976,2130,-850,300
0.5760,1976,2130,-850,300
0.5765,1976,2129,-850,300
0.5769,1976,2129,-850,300
0.5773,1976,2129,-850,300
0.5777,1976,2128,-850,308
0.5781,1976,2128,-850,308
0.5787,1976,2127,-850,308
0.5791,1976,2127,-850,308
0.5795,1976,2126,-850,308
0.5799,1976,2126,-850,308
0.5804,1966,2125,-850,308
0.5812,1966,2125,-850,308
0.5817,1966,2125,-850,316
0.5821,1966,2125,-850,316
0.5825,1966,2124,-850,320
0.5829,1966,2124,-850,320
0.5833,1966,2123,-850,320
0.5837,1966,2123,-850,320
0.5842,1966,2123,-850,320
0.5846,1966,2122,-950,320
0.5850,1966,2122,-950,320
0.5854,1966,2121,-950,320
0.5858,1966,2121,-950,320
0.5862,1966,2121,-950,320
0.5866,1966,2120,-950,320
0.5871,1966,2120,-950,320
0.5875,1966,2119,-950,320
0.5879,1966,2119,-950,320
0.5883,1966,2118,-950,320
0.5887,1966,2118,-950,320
0.5892,1966,2118,-950,320
0.5896,1966,2117,-950,328
0.5900,1966,2117,-950,328
0.5904,1957,2116,-950,328
0.5912,1957,2116,-950,328
0.5916,1957,2114,-950,320
0.5921,1957,2114,-950,320
0.5925,1957,2113,-950,320
0.5929,1957,2113,-950,320
0.5933,1957,2112,-950,320
0.5937,1957,2112,-950,320
0.5942,1957,2112,-950,320
0.5946,1957,2111,-950,320
0.5950,1957,2111,-950,320
0.5954,1957,2110,-950,320
0.5958,1957,2110,-950,320
0.5963,1957,2109,-950,320
0.5967,1957,2109,-950,320
0.5971,1957,2109,-950,320
0.5976,1957,2108,-950,320
0.5980,1957,2108,-950,320
0.5984,1957,2107,-950,320
0.5989,1957,2107,-950,320
0.5993,1957,2106,-950,320
0.5997,1957,2106,-950,320
0.6001,1949,2105,-950,320
0.6010,1949,2105,-950,320
0.6014,1949,2104,-950,328
0.6019,1949,2104,-950,328
0.6023,1949,2103,-950,316
0.6027,1949,2103,-950,316
0.6030,1949,2103,-950,316
0.6034,1949,2102,-950,316
0.6038,1949,2102,-950,316
0.6042,1949,2101,-1050,316
0.6046,1949,2101,-1050,316
0.6051,1949,2101,-1050,316
0.6056,1949,2100,-1050,316
0.6060,1949,2100,-1050,316
0.6064,1949,2099,-1050,316
0.6069,1949,2099,-1050,316
0.6073,1949,2098,-1050,316
0.6077,1949,2098,-1050,316
0.6082,1949,2098,-1050,316
0.6086,1949,2097,-1050,316
0.6090,1949,2097,-1050,316
0.6094,1949,2096,-1050,316
0.6099,1949,2096,-1050,316
0.6103,1940,2095,-1050,316
0.6111,1940,2095,-1050,316
0.6116,1940,2094,-1050,316
0.6120,1940,2094,-1050,316
0.6125,1940,2092,-1050,308
0.6129,1940,2092,-1050,308
0.6133,1940,2091,-1050,308
0.6138,1940,2091,-1050,308
0.6142,1940,2091,-1050,316
0.6147,1940,2091,-1050,316
0.6151,1940,2091,-1050,316
0.6156,1940,2089,-1050,308
0.6161,1940,2089,-1050,308
0.6165,1940,2088,-1050,308
0.6169,1940,2088,-1050,308
0.6173,1940,2087,-1050,316
0.6177,1940,2087,-1050,316
0.6181,1940,2087,-1050,316
0.6184,1940,2086,-1050,316
0.6189,1940,2086,-1050,316
0.6193,1940,2085,-1050,316
0.6197,1940,2085,-1050,316
0.6201,1932,2084,-1050,316
0.6209,1932,2084,-1050,316
0.6214,1932,2083,-1050,316
0.6218,1932,2083,-1050,316
0.6222,1932,2082,-1050,312
0.6226,1932,2082,-1050,312
0.6230,1932,2082,-1050,312
0.6235,1932,2081,-1050,312
0.6239,1932,2081,-1050,312
0.6243,1932,2080,-1050,312
0.6248,1932,2080,-1050,312
0.6252,1932,2079,-1050,312
0.6256,1932,2079,-1050,312
0.6260,1932,2079,-1050,312
0.6264,1932,2078,-1050,312
0.6269,1932,2078,-1050,312
0.6273,1932,2076,-1050,304
0.6277,1932,2076,-1050,304
0.6282,1932,2075,-1050,304
0.6286,1932,2075,-1050,304
0.6290,1932,2075,-1050,304
0.6294,1932,2074,-1050,304
0.6299,1932,2074,-1050,304
0.6303,1924,2073,-1050,304
0.6311,1924,2072,-1050,304
0.6316,1924,2072,-1050,304
0.6320,1924,2072,-1050,304
0.6325,1924,2071,-1050,304
0.6329,1924,2071,-1050,304
0.6333,1924,2070,-1050,304
0.6337,1924,2070,-1050,304
0.6341,1924,2069,-1050,304
0.6346,1924,2069,-1050,304
0.6350,1924,2069,-1050,304
0.6354,1924,2068,-1050,304
0.6358,1924,2068,-1050,304
0.6363,1924,2067,-1050,304
0.6367,1924,2067,-1050,304
0.6371,1924,2066,-1050,304
0.6376,1924,2066,-1050,304
0.6380,1924,2066,-1050,304
0.6384,1924,2065,-1050,304
0.6388,1924,2065,-1050,304
0.6393,1924,2064,-1050,304
0.6397,1924,2064,-1050,304
0.6401,1917,2063,-1050,304
0.6409,1917,2063,-1050,304
0.6413,1917,2062,-1050,304
0.6417,1917,2062,-1050,304
0.6421,1917,2060,-1050,288
0.6425,1917,2060,-1050,288
0.6429,1917,2060,-1050,288
0.6433,1917,2059,-1050,296
0.6437,1917,2059,-1050,296
0.6441,1917,2058,-1100,296
0.6446,1917,2058,-1100,296
0.6450,1917,2058,-1100,296
0.6454,1917,2057,-1100,296
0.6459,1917,2057,-1100,296
0.6463,1917,2056,-1100,296
0.6467,1917,2056,-1100,296
0.6471,1917,2055,-1100,296
0.6476,1917,2055,-1100,296
0.6480,1917,2055,-1100,296
0.6483,1917,2054,-1100,296
0.6487,1917,2054,-1100,296
0.6491,1917,2053,-1100,296
0.6495,1917,2053,-1100,296
0.6498,1917,2053,-1100,296
0.6502,1911,2052,-1100,296
0.6510,1911,2052,-1100,296
0.6514,1911,2051,-1100,296
0.6518,1911,2051,-1100,296
0.6523,1911,2050,-1100,296
0.6527,1911,2050,-1100,296
0.6531,1911,2049,-1100,296
0.6536,1911,2049,-1100,296
0.6540,1911,2048,-1100,296
0.6544,1911,2048,-1100,296
0.6548,1911,2048,-1100,296
0.6553,1911,2047,-1100,296
0.6557,1911,2047,-1100,296
0.6561,1911,2045,-1100,288
0.6565,1911,2045,-1100,288
0.6569,1911,2045,-1100,288
0.6573,1911,2044,-1100,288
0.6577,1911,2044,-1100,288
0.6582,1911,2043,-1100,288
0.6586,1911,2043,-1100,288
0.6590,1911,2042,-1100,288
0.6594,1911,2042,-1100,288
0.6599,1911,2042,-1100,288
0.6603,1905,2041,-1100,288
0.6611,1905,2040,-1100,288
0.6616,1905,2040,-1100,288
0.6620,1905,2039,-1100,296
0.6624,1905,2039,-1100,296
0.6629,1905,2039,-1100,296
0.6633,1905,2038,-1100,296
0.6637,1905,2038,-1100,296
0.6641,1905,2037,-1050,296
0.6646,1905,2037,-1050,296
0.6650,1905,2035,-1050,288
0.6654,1905,2035,-1050,288
0.6659,1905,2035,-1050,288
0.6663,1905,2034,-1050,288
0.6667,1905,2034,-1050,288
0.6671,1905,2033,-1050,288
0.6676,1905,2033,-1050,288
0.6680,1905,2032,-1050,288
0.6684,1905,2032,-1050,288
0.6688,1905,2032,-1050,288
0.6692,1905,2031,-1050,288
0.6696,1905,2031,-1050,288
0.6700,1905,2030,-1050,288
0.6704,1899,2030,-1050,288
0.6712,1899,2029,-1050,280
0.6716,1899,2029,-1050,280
0.6721,1899,2029,-1050,288
0.6725,1899,2029,-1050,288
0.6729,1899,2029,-1050,288
0.6733,1899,2028,-1050,288
0.6737,1899,2028,-1050,288
0.6741,1899,2026,-1050,280
0.6746,1899,2026,-1050,280
0.6750,1899,2025,-1050,280
0.6754,1899,2025,-1050,280
0.6759,1899,2025,-1050,280
0.6763,1899,2024,-1050,280
0.6767,1899,2024,-1050,280
0.6771,1899,2023,-1050,280
0.6776,1899,2023,-1050,280
0.6780,1899,2022,-1050,280
0.6784,1899,2022,-1050,280
0.6789,1899,2022,-1050,280
0.6793,1899,2021,-1050,280
0.6797,1899,2021,-1050,280
0.6801,1895,2020,-1050,280
0.6810,1895,2019,-1050,280
0.6814,1895,2019,-1050,280
0.6818,1895,2019,-1050,280
0.6823,1895,2018,-1050,272
0.6827,1895,2018,-1050,272
0.6831,1895,2017,-1050,272
0.6836,1895,2017,-1050,272
0.6841,1895,2016,-1050,272
0.6845,1895,2016,-1050,272
0.6849,1895,2015,-1050,272
0.6853,1895,2015,-1050,272
0.6857,1895,2015,-1050,272
0.6862,1895,2014,-1050,272
0.6866,1895,2014,-1050,272
0.6870,1895,2013,-1050,272
0.6874,1895,2013,-1050,272
0.6878,1895,2013,-1050,272
0.6882,1895,2012,-1050,272
0.6886,1895,2012,-1050,272
0.6890,1895,2011,-1050,272
0.6894,1895,2011,-1050,272
0.6898,1895,2011,-1050,272
0.6902,1890,2010,-1050,272
0.6909,1890,2009,-1050,264
0.6913,1890,2009,-1050,264
0.6917,1890,2009,-1050,264
0.6921,1890,2008,-1050,264
0.6924,1890,2008,-1050,264
0.6928,1890,2008,-1050,264
0.6932,1890,2007,-1050,264
0.6936,1890,2007,-1050,264
0.6940,1890,2006,-1050,264
0.6944,1890,2006,-1050,264
0.6948,1890,2006,-1050,264
0.6952,1890,2005,-1050,264
0.6956,1890,2005,-1050,264
0.6960,1890,2004,-1050,264
0.6965,1890,2004,-1050,264
0.6969,1890,2004,-1050,272
0.6973,1890,2004,-1050,272
0.6977,1890,2004,-1050,272
0.6982,1890,2002,-1050,264
0.6986,1890,2002,-1050,264
0.6990,1890,2001,-1050,264
0.6994,1890,2001,-1050,264
0.6999,1890,2001,-1050,272
0.7003,1887,2001,-1050,272
0.7011,1887,2000,-1050,272
0.7016,1887,2000,-1050,272
0.7020,1887,1999,-1050,268
0.7024,1887,1999,-1050,268
0.7028,1887,1998,-1050,268
0.7033,1887,1998,-1050,268
0.7037,1887,1998,-1050,268
0.7041,1887,1997,-950,268
0.7046,1887,1997,-950,268
0.7050,1887,1996,-950,268
0.7054,1887,1996,-950,268
0.7059,1887,1995,-950,268
0.7063,1887,1995,-950,268
0.7067,1887,1995,-950,268
0.7071,1887,1994,-950,268
0.7076,1887,1994,-950,268
0.7080,1887,1993,-950,268
0.7084,1887,1993,-950,268
0.7089,1887,1992,-950,268
0.7093,1887,1992,-950,268
0.7097,1887,1992,-950,268
0.7101,1884,1991,-950,260
0.7110,1884,1990,-950,260
0.7114,1884,1990,-950,260
0.7118,1884,1989,-950,260
0.7123,1884,1989,-950,260
0.7127,1884,1989,-950,260
0.7131,1884,1988,-950,260
0.7135,1884,1988,-950,260
0.7139,1884,1987,-950,260
0.7143,1884,1987,-950,260
0.7147,1884,1987,-950,260
0.7151,1884,1986,-950,260
0.7156,1884,1986,-950,260
0.7160,1884,1985,-950,260
0.7164,1884,1985,-950,260
0.7168,1884,1984,-950,252
0.7172,1884,1984,-950,252
0.7176,1884,1984,-950,252
0.7180,1884,1984,-950,260
0.7184,1884,1984,-950,260
0.7188,1884,1983,-950,260
0.7192,1884,1983,-950,260
0.7196,1884,1983,-950,260
0.7201,1881,1982,-950,260
0.7208,1881,1981,-950,260
0.7213,1881,1981,-950,260
0.7217,1881,1981,-950,260
0.7221,1881,1980,-950,260
0.7225,1881,1980,-950,260
0.7229,1881,1979,-950,252
0.7233,1881,1979,-950,252
0.7237,1881,1979,-950,252
0.7241,1881,1978,-950,252
0.7245,1881,1978,-950,252
0.7249,1881,1977,-950,252
0.7252,1881,1977,-950,252
0.7256,1881,1977,-950,252
0.7260,1881,1976,-950,252
0.7264,1881,1976,-950,252
0.7268,1881,1975,-950,252
0.7272,1881,1975,-950,252
0.7276,1881,1975,-950,252
0.7280,1881,1974,-950,244
0.7284,1881,1974,-950,244
0.7288,1881,1973,-950,244
0.7292,1881,1973,-950,244
0.7296,1881,1973,-950,244
0.7300,1881,1972,-950,244
0.7304,1880,1972,-950,252
0.7311,1880,1972,-950,252
0.7316,1880,1972,-950,252
0.7320,1880,1971,-950,252
0.7324,1880,1971,-950,252
0.7328,1880,1970,-950,244
0.7332,1880,1970,-950,244
0.7336,1880,1970,-950,244
0.7341,1880,1969,-950,244
0.7345,1880,1969,-950,244
0.7349,1880,1968,-950,244
0.7353,1880,1968,-950,244
0.7357,1880,1967,-950,244
0.7361,1880,1967,-950,244
0.7366,1880,1967,-950,244
0.7370,1880,1966,-950,236
0.7374,1880,1966,-950,236
0.7378,1880,1965,-950,236
0.7382,1880,1965,-950,236
0.7387,1880,1965,-950,236
0.7391,1880,1965,-950,244
0.7395,1880,1965,-950,244
0.7399,1880,1964,-950,244
0.7403,1879,1963,-950,236
0.7411,1879,1963,-950,236
0.7416,1879,1963,-950,236
0.7420,1879,1962,-950,228
0.7424,1879,1962,-950,228
0.7428,1879,1961,-950,228
0.7432,1879,1961,-950,228
0.7436,1879,1961,-950,228
0.7441,1879,1960,-900,228
0.7445,1879,1960,-900,228
0.7449,1879,1959,-900,220
0.7453,1879,1959,-900,220
0.7457,1879,1958,-900,220
0.7461,1879,1958,-900,220
0.7465,1879,1958,-900,220
0.7469,1879,1957,-900,220
0.7473,1879,1957,-900,220
0.7477,1879,1957,-900,228
0.7481,1879,1957,-900,228
0.7486,1879,1957,-900,228
0.7490,1879,1956,-900,220
0.7494,1879,1956,-900,220
0.7498,1879,1955,-900,220
0.7502,1878,1955,-900,220
0.7510,1878,1954,-900,220
0.7514,1878,1954,-900,220
0.7518,1878,1953,-900,212
0.7522,1878,1953,-900,212
0.7527,1878,1952,-900,212
0.7530,1878,1952,-900,212
0.7534,1878,1952,-900,212
0.7538,1878,1951,-900,212
0.7542,1878,1951,-900,212
0.7546,1878,1950,-900,204
0.7550,1878,1950,-900,204
0.7554,1878,1950,-900,204
0.7557,1878,1950,-900,212
0.7561,1878,1950,-900,212
0.7564,1878,1950,-900,212
0.7568,1878,1949,-900,212
0.7571,1878,1949,-900,212
0.7576,1878,1949,-900,212
0.7580,1878,1948,-900,212
0.7583,1878,1948,-900,212
0.7587,1878,1947,-900,204
0.7591,1878,1947,-900,204
0.7596,1878,1947,-900,204
0.7599,1878,1946,-900,204
0.7603,1879,1945,-900,204
0.7611,1879,1945,-900,204
0.7615,1879,1945,-900,204
0.7619,1879,1944,-900,192
0.7622,1879,1944,-900,192
0.7626,1879,1944,-900,200
0.7630,1879,1944,-900,200
0.7634,1879,1944,-900,200
0.7638,1879,1943,-850,192
0.7642,1879,1943,-850,192
0.7646,1879,1942,-850,192
0.7650,1879,1942,-850,192
0.7654,1879,1942,-850,192
0.7658,1879,1941,-850,192
0.7662,1879,1941,-850,192
0.7666,1879,1941,-850,192
0.7670,1879,1941,-850,192
0.7673,1879,1941,-850,192
0.7677,1879,1940,-850,192
0.7681,1879,1940,-850,192
0.7686,1879,1939,-850,192
0.7690,1879,1939,-850,192
0.7693,1879,1939,-850,192
0.7697,1879,1938,-850,184
0.7701,1880,1938,-850,184
0.7708,1880,1937,-850,184
0.7712,1880,1937,-850,184
0.7716,1880,1936,-850,176
0.7720,1880,1936,-850,176
0.7724,1880,1936,-850,176
0.7728,1880,1936,-850,184
0.7731,1880,1936,-850,184
0.7736,1880,1935,-850,184
0.7740,1880,1935,-850,184
0.7744,1880,1935,-850,184
0.7748,1880,1934,-850,176
0.7752,1880,1934,-850,176
0.7756,1880,1934,-850,184
0.7760,1880,1934,-850,184
0.7764,1880,1934,-850,184
0.7767,1880,1933,-850,176
0.7771,1880,1933,-850,176
0.7776,1880,1932,-850,176
0.7780,1880,1932,-850,176
0.7783,1880,1932,-850,176
0.7787,1880,1931,-850,176
0.7791,1880,1931,-850,176
0.7796,1880,1931,-850,176
0.7800,1880,1931,-850,176
0.7804,1881,1930,-850,176
0.7812,1881,1930,-850,176
0.7816,1881,1929,-850,172
0.7819,1881,1929,-850,172
0.7823,1881,1929,-850,172
0.7827,1881,1929,-850,180
0.7831,1881,1929,-850,180
0.7834,1881,1929,-850,180
0.7838,1881,1928,-750,172
0.7842,1881,1928,-750,172
0.7846,1881,1927,-750,172
0.7850,1881,1927,-750,172
0.7854,1881,1927,-750,172
0.7858,1881,1927,-750,172
0.7862,1881,1927,-750,172
0.7866,1881,1926,-750,172
0.7870,1881,1926,-750,172
0.7873,1881,1926,-750,172
0.7877,1881,1925,-750,164
0.7881,1881,1925,-750,164
0.7886,1881,1924,-750,164
0.7890,1881,1924,-750,164
0.7894,1881,1924,-750,164
0.7897,1881,1924,-750,164
0.7901,1884,1923,-750,164
0.7909,1884,1923,-750,164
0.7912,1884,1923,-750,164
0.7916,1884,1922,-750,156
0.7920,1884,1922,-750,156
0.7923,1884,1922,-750,156
0.7928,1884,1922,-750,164
0.7932,1884,1922,-750,164
0.7936,1884,1921,-750,156
0.7940,1884,1921,-750,156
0.7944,1884,1921,-750,156
0.7948,1884,1921,-750,164
0.7952,1884,1921,-750,164
0.7956,1884,1920,-750,156
0.7960,1884,1920,-750,156
0.7963,1884,1920,-750,156
0.7967,1884,1919,-750,156
0.7971,1884,1919,-750,156
0.7976,1884,1918,-750,148
0.7980,1884,1918,-750,148
0.7984,1884,1918,-750,148
0.7988,1884,1918,-750,156
0.7992,1884,1918,-750,156
0.7996,1884,1917,-750,148
0.7999,1884,1917,-750,148
0.8003,1887,1916,-750,148
0.8010,1887,1916,-750,148
0.8014,1887,1916,-750,148
0.8018,1887,1916,-750,148
0.8022,1887,1916,-750,148
0.8026,1887,1915,-750,148
0.8030,1887,1915,-750,148
0.8034,1887,1914,-700,140
0.8038,1887,1914,-700,140
0.8042,1887,1914,-700,140
0.8046,1887,1914,-700,148
0.8050,1887,1914,-700,148
0.8054,1887,1914,-700,148
0.8058,1887,1914,-700,148
0.8062,1887,1914,-700,148
0.8066,1887,1913,-700,140
0.8070,1887,1913,-700,140
0.8074,1887,1912,-700,140
0.8078,1887,1912,-700,140
0.8083,1887,1912,-700,140
0.8087,1887,1912,-700,140
0.8091,1887,1912,-700,140
0.8094,1887,1911,-700,140
0.8098,1887,1911,-700,140
0.8102,1890,1910,-700,132
0.8110,1890,1910,-700,132
0.8114,1890,1910,-700,132
0.8118,1890,1910,-700,140
0.8122,1890,1910,-700,140
0.8126,1890,1909,-700,132
0.8130,1890,1909,-700,132
0.8134,1890,1909,-700,132
0.8138,1890,1909,-700,132
0.8142,1890,1909,-700,132
0.8146,1890,1908,-700,132
0.8150,1890,1908,-700,132
0.8154,1890,1908,-700,132
0.8159,1890,1908,-700,132
0.8163,1890,1908,-700,132
0.8167,1890,1907,-700,124
0.8171,1890,1907,-700,124
0.8176,1890,1907,-700,132
0.8180,1890,1907,-700,132
0.8184,1890,1906,-700,124
0.8189,1890,1906,-700,124
0.8193,1890,1906,-700,124
0.8197,1890,1906,-700,132
0.8201,1895,1905,-700,124
0.8208,1895,1905,-700,124
0.8212,1895,1905,-700,124
0.8217,1895,1904,-700,112
0.8221,1895,1904,-700,112
0.8225,1895,1904,-700,120
0.8229,1895,1904,-700,120
0.8233,1895,1904,-700,120
0.8238,1895,1904,-500,120
0.8242,1895,1904,-500,120
0.8246,1895,1903,-500,112
0.8250,1895,1903,-500,112
0.8254,1895,1902,-500,112
0.8257,1895,1902,-500,112
0.8262,1895,1902,-500,112
0.8266,1895,1902,-500,112
0.8270,1895,1902,-500,112
0.8274,1895,1901,-500,104
0.8278,1895,1901,-500,104
0.8282,1895,1901,-500,104
0.8286,1895,1901,-500,112
0.8290,1895,1901,-500,112
0.8294,1895,1900,-500,104
0.8299,1895,1900,-500,104
0.8303,1900,1900,-500,104
0.8310,1900,1900,-500,104
0.8315,1900,1899,-500,104
0.8319,1900,1899,-500,104
0.8324,1900,1899,-500,104
0.8329,1900,1899,-500,104
0.8333,1900,1899,-500,104
0.8337,1900,1898,-500,96
0.8341,1900,1898,-500,96
0.8345,1900,1898,-500,96
0.8349,1900,1898,-500,96
0.8353,1900,1898,-500,96
0.8357,1900,1897,-500,96
0.8361,1900,1897,-500,96
0.8366,1900,1897,-500,96
0.8370,1900,1897,-500,96
0.8374,1900,1896,-500,88
0.8378,1900,1896,-500,88
0.8383,1900,1896,-500,88
0.8387,1900,1896,-500,96
0.8391,1900,1896,-500,96
0.8395,1900,1895,-500,88
0.8399,1900,1895,-500,88
0.8403,1905,1895,-500,88
0.8411,1905,1895,-500,88
0.8416,1905,1895,-500,92
0.8420,1905,1895,-500,92
0.8424,1905,1894,-500,92
0.8428,1905,1894,-500,92
0.8432,1905,1894,-500,92
0.8437,1905,1894,-500,92
0.8441,1905,1894,-500,92
0.8445,1905,1893,-500,84
0.8449,1905,1893,-500,84
0.8453,1905,1893,-500,84
0.8457,1905,1893,-500,84
0.8460,1905,1893,-500,84
0.8464,1905,1893,-500,92
0.8469,1905,1893,-500,92
0.8473,1905,1892,-500,84
0.8478,1905,1892,-500,84
0.8482,1905,1892,-500,84
0.8486,1905,1892,-500,84
0.8490,1905,1892,-500,84
0.8494,1905,1891,-500,76
0.8498,1905,1891,-500,76
0.8502,1911,1891,-500,76
0.8510,1911,1891,-500,76
0.8514,1911,1891,-500,84
0.8519,1911,1891,-500,84
0.8523,1911,1890,-500,76
0.8527,1911,1890,-500,76
0.8531,1911,1890,-500,76
0.8535,1911,1890,-500,76
0.8539,1911,1890,-500,76
0.8544,1911,1889,-500,68
0.8548,1911,1889,-500,68
0.8552,1911,1889,-500,68
0.8556,1911,1889,-500,68
0.8560,1911,1889,-500,68
0.8564,1911,1889,-500,76
0.8569,1911,1889,-500,76
0.8573,1911,1888,-500,68
0.8577,1911,1888,-500,68
0.8581,1911,1888,-500,68
0.8586,1911,1888,-500,68
0.8590,1911,1888,-500,68
0.8594,1911,1888,-500,68
0.8598,1911,1888,-500,68
0.8603,1918,1887,-500,60
0.8610,1918,1887,-500,60
0.8614,1918,1887,-500,56
0.8618,1918,1887,-500,56
0.8622,1918,1887,-500,56
0.8626,1918,1887,-500,64
0.8630,1918,1887,-500,64
0.8634,1918,1887,-350,64
0.8637,1918,1887,-350,64
0.8641,1918,1887,-350,64
0.8646,1918,1886,-350,56
0.8650,1918,1886,-350,56
0.8653,1918,1886,-350,56
0.8656,1918,1886,-350,56
0.8660,1918,1886,-350,56
0.8664,1918,1886,-350,56
0.8668,1918,1886,-350,56
0.8672,1918,1885,-350,48
0.8676,1918,1885,-350,48
0.8680,1918,1885,-350,48
0.8684,1918,1885,-350,48
0.8688,1918,1885,-350,48
0.8692,1918,1885,-350,48
0.8696,1918,1885,-350,48
0.8700,1925,1885,-350,56
0.8708,1925,1885,-350,56
0.8712,1925,1884,-350,48
0.8717,1925,1884,-350,48
0.8721,1925,1884,-350,48
0.8725,1925,1884,-350,48
0.8729,1925,1884,-350,48
0.8733,1925,1884,-350,48
0.8736,1925,1884,-350,48
0.8740,1925,1884,-350,48
0.8745,1925,1883,-350,40
0.8749,1925,1883,-350,40
0.8753,1925,1883,-350,40
0.8757,1925,1883,-350,40
0.8761,1925,1883,-350,40
0.8765,1925,1883,-350,40
0.8769,1925,1883,-350,40
0.8773,1925,1883,-350,40
0.8777,1925,1883,-350,40
0.8780,1925,1883,-350,40
0.8784,1925,1882,-350,32
0.8788,1925,1882,-350,32
0.8792,1925,1882,-350,32
0.8796,1925,1882,-350,32
0.8800,1932,1882,-350,32
0.8808,1932,1882,-350,32
0.8812,1932,1882,-350,36
0.8816,1932,1882,-350,36
0.8820,1932,1882,-350,36
0.8824,1932,1881,-350,28
0.8829,1932,1881,-350,28
0.8833,1932,1881,-300,28
0.8837,1932,1881,-300,28
0.8841,1932,1881,-300,28
0.8846,1932,1881,-300,28
0.8850,1932,1881,-300,28
0.8854,1932,1881,-300,28
0.8858,1932,1881,-300,28
0.8862,1932,1881,-300,28
0.8866,1932,1881,-300,28
0.8871,1932,1881,-300,28
0.8875,1932,1880,-300,20
0.8879,1932,1880,-300,20
0.8883,1932,1880,-300,20
0.8887,1932,1880,-300,20
0.8891,1932,1880,-300,20
0.8896,1932,1880,-300,20
0.8900,1932,1880,-300,20
0.8904,1941,1880,-300,20
0.8912,1941,1880,-300,20
0.8916,1941,1880,-300,20
0.8920,1941,1880,-300,20
0.8924,1941,1880,-300,20
0.8928,1941,1880,-300,20
0.8932,1941,1880,-300,20
0.8937,1941,1880,-300,20
0.8941,1941,1880,-300,20
0.8945,1941,1879,-300,-20
0.8949,1941,1879,-300,-20
0.8953,1941,1879,-300,-28
0.8957,1941,1879,-300,-28
0.8961,1941,1879,-300,-28
0.8966,1941,1879,-300,-28
0.8970,1941,1879,-300,-28
0.8973,1941,1879,-300,-28
0.8977,1941,1879,-300,-28
0.8981,1941,1879,-300,-28
0.8985,1941,1879,-300,-28
0.8989,1941,1879,-300,-28
0.8993,1941,1879,-300,-28
0.8996,1941,1879,-300,-28
0.9000,1949,1879,-300,-28
0.9007,1949,1879,-300,-28
0.9011,1949,1879,-300,-32
0.9016,1949,1879,-300,-32
0.9020,1949,1879,-300,-32
0.9024,1949,1878,-300,-32
0.9028,1949,1878,-300,-32
0.9032,1949,1878,-150,-32
0.9036,1949,1878,-150,-32
0.9040,1949,1878,-150,-32
0.9044,1949,1878,-150,-32
0.9048,1949,1878,-150,-32
0.9052,1949,1878,-150,-32
0.9056,1949,1878,-150,-32
0.9060,1949,1878,-150,-32
0.9064,1949,1878,-150,-32
0.9068,1949,1878,-150,-32
0.9071,1949,1878,-150,-32
0.9076,1949,1878,-150,-32
0.9079,1949,1878,-150,-32
0.9083,1949,1878,-150,-32
0.9087,1949,1878,-150,-32
0.9091,1949,1878,-150,-40
0.9094,1949,1878,-150,-40
0.9098,1949,1878,-150,-40
0.9102,1958,1878,-150,-40
0.9110,1958,1878,-150,-40
0.9114,1958,1878,-150,-40
0.9118,1958,1878,-150,-40
0.9122,1958,1878,-150,-40
0.9126,1958,1878,-150,-40
0.9130,1958,1878,-150,-40
0.9134,1958,1878,-150,-40
0.9139,1958,1878,-150,-40
0.9142,1958,1878,-150,-48
0.9147,1958,1878,-150,-48
0.9151,1958,1878,-150,-48
0.9156,1958,1878,-150,-48
0.9159,1958,1878,-150,-48
0.9163,1958,1878,-150,-48
0.9167,1958,1878,-150,-48
0.9171,1958,1878,-150,-48
0.9176,1958,1878,-150,-48
0.9179,1958,1878,-150,-48
0.9183,1958,1878,-150,-48
0.9187,1958,1878,-150,-48
0.9191,1958,1878,-150,-56
0.9196,1958,1878,-150,-56
0.9200,1958,1878,-150,-56
0.9203,1967,1878,-150,-56
0.9211,1967,1878,-150,-52
0.9214,1967,1878,-150,-52
0.9218,1967,1878,-150,-52
0.9221,1967,1878,-150,-52
0.9226,1967,1878,-150,-52
0.9229,1967,1878,-150,-52
0.9233,1967,1878,0,-60
0.9237,1967,1878,0,-60
0.9241,1967,1878,0,-60
0.9245,1967,1878,0,-60
0.9248,1967,1878,0,-60
0.9252,1967,1878,0,-60
0.9256,1967,1878,0,-60
0.9260,1967,1878,0,-60
0.9264,1967,1878,0,-60
0.9268,1967,1878,0,-60
0.9272,1967,1878,0,-68
0.9276,1967,1878,0,-68
0.9280,1967,1878,0,-68
0.9284,1967,1878,0,-68
0.9288,1967,1878,0,-68
0.9291,1967,1878,0,-68
0.9296,1967,1878,0,-68
0.9299,1967,1878,0,-68
0.9303,1977,1878,0,-76
0.9310,1977,1878,0,-76
0.9314,1977,1878,0,-76
0.9318,1977,1878,0,-76
0.9322,1977,1878,0,-76
0.9326,1977,1878,0,-76
0.9330,1977,1878,0,-76
0.9333,1977,1878,0,-76
0.9337,1977,1878,0,-76
0.9341,1977,1878,0,-84
0.9346,1977,1878,0,-84
0.9349,1977,1878,0,-84
0.9353,1977,1878,0,-84
0.9357,1977,1878,0,-84
0.9361,1977,1878,0,-84
0.9366,1977,1878,0,-84
0.9370,1977,1878,0,-92
0.9374,1977,1878,0,-92
0.9378,1977,1878,0,-92
0.9382,1977,1878,0,-92
0.9387,1977,1878,0,-92
0.9391,1977,1879,0,-84
0.9395,1977,1879,0,-84
0.9399,1977,1879,0,-84
0.9403,1986,1879,0,-92
0.9410,1986,1879,0,-100
0.9414,1986,1879,0,-100
0.9418,1986,1879,0,-100
0.9422,1986,1879,0,-100
0.9427,1986,1879,0,-100
0.9430,1986,1879,50,-108
0.9434,1986,1879,50,-108
0.9438,1986,1879,50,-108
0.9442,1986,1879,50,-108
0.9446,1986,1879,50,-108
0.9450,1986,1879,50,-108
0.9454,1986,1879,50,-108
0.9458,1986,1879,50,-108
0.9462,1986,1879,50,-116
0.9466,1986,1879,50,-116
0.9470,1986,1880,50,-108
0.9474,1986,1880,50,-108
0.9478,1986,1880,50,-108
0.9482,1986,1880,50,-116
0.9486,1986,1880,50,-116
0.9490,1986,1880,50,-116
0.9495,1986,1880,50,-116
0.9499,1986,1880,50,-116
0.9503,1997,1880,50,-116
0.9511,1997,1881,50,-116
0.9515,1997,1881,50,-116
0.9519,1997,1881,50,-116
0.9523,1997,1881,50,-116
0.9527,1997,1881,50,-116
0.9531,1997,1881,50,-124
0.9536,1997,1881,50,-124
0.9540,1997,1881,50,-124
0.9544,1997,1881,50,-124
0.9548,1997,1881,50,-124
0.9552,1997,1882,50,-116
0.9556,1997,1882,50,-116
0.9561,1997,1882,50,-124
0.9565,1997,1882,50,-124
0.9569,1997,1882,50,-124
0.9573,1997,1882,50,-124
0.9578,1997,1882,50,-124
0.9582,1997,1882,50,-132
0.9586,1997,1882,50,-132
0.9590,1997,1883,50,-124
0.9594,1997,1883,50,-124
0.9599,1997,1883,50,-124
0.9603,2007,1883,50,-124
0.9610,2007,1884,50,-116
0.9614,2007,1884,50,-116
0.9618,2007,1884,50,-116
0.9622,2007,1884,50,-116
0.9627,2007,1884,50,-116
0.9631,2007,1884,250,-124
0.9635,2007,1884,250,-124
0.9639,2007,1884,250,-124
0.9643,2007,1884,250,-124
0.9647,2007,1884,250,-124
0.9651,2007,1885,250,-124
0.9655,2007,1885,250,-124
0.9659,2007,1885,250,-124
0.9664,2007,1885,250,-124
0.9668,2007,1885,250,-124
0.9672,2007,1886,250,-124
0.9676,2007,1886,250,-124
0.9680,2007,1886,250,-124
0.9684,2007,1886,250,-124
0.9688,2007,1886,250,-132
0.9693,2007,1886,250,-132
0.9697,2007,1886,250,-132
0.9702,2017,1886,250,-132
0.9710,2017,1887,250,-132
0.9714,2017,1887,250,-132
0.9718,2017,1887,250,-132
0.9722,2017,1887,250,-132
0.9726,2017,1887,250,-132
0.9730,2017,1887,250,-140
0.9734,2017,1887,250,-140
0.9738,2017,1888,250,-132
0.9742,2017,1888,250,-132
0.9747,2017,1888,250,-132
0.9751,2017,1888,250,-140
0.9756,2017,1888,250,-140
0.9760,2017,1889,250,-132
0.9764,2017,1889,250,-132
0.9769,2017,1889,250,-140
0.9773,2017,1889,250,-140
0.9777,2017,1889,250,-140
0.9781,2017,1889,250,-140
0.9785,2017,1889,250,-140
0.9789,2017,1890,250,-140
0.9793,2017,1890,250,-140
0.9797,2017,1890,250,-140
0.9801,2028,1890,250,-140
0.9809,2028,1891,250,-140
0.9813,2028,1891,250,-140
0.9817,2028,1891,250,-140
0.9822,2028,1891,250,-140
0.9826,2028,1891,250,-140
0.9830,2028,1891,350,-148
0.9834,2028,1891,350,-148
0.9838,2028,1892,350,-140
0.9842,2028,1892,350,-140
0.9847,2028,1892,350,-140
0.9851,2028,1892,350,-148
0.9856,2028,1892,350,-148
0.9860,2028,1892,350,-156
0.9864,2028,1892,350,-156
0.9868,2028,1892,350,-156
0.9873,2028,1892,350,-156
0.9877,2028,1892,350,-156
0.9881,2028,1893,350,-156
0.9885,2028,1893,350,-156
0.9889,2028,1894,350,-148
0.9893,2028,1894,350,-148
0.9897,2028,1894,350,-156
0.9901,2038,1894,350,-156
0.9910,2038,1894,350,-156
0.9914,2038,1894,350,-156
0.9917,2038,1895,350,-156
0.9921,2038,1895,350,-156
0.9925,2038,1895,350,-156
0.9929,2038,1895,350,-164
0.9933,2038,1895,350,-164
0.9937,2038,1896,350,-156
0.9941,2038,1896,350,-156
0.9946,2038,1896,350,-156
0.9950,2038,1896,350,-164
0.9954,2038,1896,350,-164
0.9959,2038,1897,350,-156
0.9963,2038,1897,350,-156
0.9967,2038,1897,350,-156
0.9971,2038,1897,350,-164
0.9976,2038,1897,350,-164
0.9980,2038,1898,350,-164
0.9984,2038,1898,350,-164
0.9989,2038,1898,350,-164
0.9993,2038,1898,350,-164
0.9997,2038,1898,350,-164
1.0001,2049,1898,350,-172
1.0009,2049,1899,350,-176
1.0013,2049,1899,350,-176
1.0017,2049,1899,350,-176
1.0021,2049,1899,350,-176
1.0026,2049,1899,350,-176
1.0030,2049,1900,450,-176
1.0034,2049,1900,450,-176
1.0038,2049,1900,450,-184
1.0042,2049,1900,450,-184
1.0047,2049,1900,450,-184
1.0051,2049,1900,450,-184
1.0055,2049,1900,450,-184
1.0059,2049,1901,450,-184
1.0063,2049,1901,450,-184
1.0067,2049,1902,450,-184
1.0071,2049,1902,450,-184
1.0076,2049,1902,450,-184
1.0080,2049,1902,450,-184
1.0083,2049,1902,450,-184
1.0087,2049,1902,450,-192
1.0091,2049,1902,450,-192
1.0096,2049,1902,450,-192
1.0100,2060,1903,450,-192
1.0108,2060,1903,450,-192
1.0113,2060,1903,450,-192
1.0117,2060,1904,450,-192
1.0121,2060,1904,450,-192
1.0126,2060,1904,450,-192
1.0130,2060,1904,450,-200
1.0134,2060,1904,450,-200
1.0139,2060,1905,450,-192
1.0143,2060,1905,450,-192
1.0147,2060,1906,450,-192
1.0152,2060,1906,450,-192
1.0156,2060,1906,450,-200
1.0161,2060,1906,450,-200
1.0165,2060,1906,450,-200
1.0169,2060,1907,450,-200
1.0174,2060,1907,450,-200
1.0178,2060,1907,450,-200
1.0182,2060,1907,450,-200
1.0186,2060,1908,450,-200
1.0190,2060,1908,450,-200
1.0194,2060,1908,450,-200
1.0198,2060,1908,450,-208
1.0202,2071,1908,450,-208
1.0210,2071,1909,450,-196
1.0214,2071,1909,450,-196
1.0219,2071,1909,450,-204
1.0223,2071,1909,450,-204
1.0227,2071,1910,500,-204
1.0231,2071,1910,500,-204
1.0236,2071,1911,500,-204
1.0240,2071,1911,500,-204
1.0245,2071,1911,500,-204
1.0249,2071,1911,500,-204
1.0253,2071,1911,500,-204
1.0257,2071,1912,500,-204
1.0262,2071,1912,500,-204
1.0266,2071,1913,500,-204
1.0270,2071,1913,500,-204
1.0274,2071,1913,500,-204
1.0278,2071,1913,500,-212
1.0283,2071,1913,500,-212
1.0287,2071,1913,500,-220
1.0291,2071,1913,500,-220
1.0296,2071,1914,500,-212
1.0300,2081,1914,500,-212
1.0308,2081,1915,500,-212
1.0313,2081,1915,500,-212
1.0317,2081,1916,500,-212
1.0321,2081,1916,500,-212
1.0326,2081,1916,500,-220
1.0330,2081,1916,500,-220
1.0335,2081,1916,500,-220
1.0339,2081,1917,500,-220
1.0344,2081,1917,500,-220
1.0348,2081,1917,500,-220
1.0352,2081,1917,500,-220
1.0357,2081,1918,500,-220
1.0361,2081,1918,500,-220
1.0366,2081,1919,500,-220
1.0370,2081,1919,500,-220
1.0375,2081,1919,500,-220
1.0379,2081,1919,500,-228
1.0383,2081,1919,500,-228
1.0387,2081,1920,500,-228
1.0392,2081,1920,500,-228
1.0396,2081,1921,500,-220
1.0400,2091,1921,500,-220
1.0409,2091,1921,500,-232
1.0413,2091,1921,500,-232
1.0417,2091,1922,500,-232
1.0422,2091,1922,500,-232
1.0426,2091,1922,600,-240
1.0430,2091,1922,600,-240
1.0435,2091,1922,600,-240
1.0439,2091,1923,600,-240
1.0443,2091,1923,600,-240
1.0448,2091,1924,600,-240
1.0452,2091,1924,600,-240
1.0456,2091,1924,600,-248
1.0460,2091,1924,600,-248
1.0465,2091,1924,600,-248
1.0469,2091,1925,600,-240
1.0473,2091,1925,600,-240
1.0478,2091,1926,600,-240
1.0482,2091,1926,600,-240
1.0486,2091,1926,600,-248
1.0491,2091,1926,600,-248
1.0495,2091,1927,600,-248
1.0499,2091,1927,600,-248
1.0504,2102,1928,600,-248
1.0512,2102,1928,600,-248
1.0517,2102,1929,600,-248
1.0521,2102,1929,600,-248
1.0526,2102,1929,600,-256
1.0530,2102,1929,600,-256
1.0534,2102,1929,600,-256
1.0539,2102,1930,600,-256
1.0543,2102,1930,600,-256
1.0547,2102,1931,600,-256
1.0551,2102,1931,600,-256
1.0556,2102,1932,600,-248
1.0560,2102,1932,600,-248
1.0564,2102,1932,600,-248
1.0569,2102,1932,600,-256
1.0573,2102,1932,600,-256
1.0577,2102,1933,600,-256
1.0582,2102,1933,600,-256
1.0586,2102,1934,600,-256
1.0590,2102,1934,600,-256
1.0594,2102,1934,600,-256
1.0598,2102,1935,600,-256
1.0603,2112,1935,600,-264
1.0611,2112,1935,600,-264
1.0615,2112,1936,600,-264
1.0619,2112,1936,600,-264
1.0623,2112,1936,600,-264
1.0628,2112,1937,750,-264
1.0632,2112,1937,750,-264
1.0636,2112,1938,750,-264
1.0640,2112,1938,750,-264
1.0644,2112,1939,750,-264
1.0649,2112,1939,750,-264
1.0653,2112,1939,750,-264
1.0657,2112,1940,750,-264
1.0661,2112,1940,750,-264
1.0666,2112,1941,750,-264
1.0670,2112,1941,750,-264
1.0674,2112,1941,750,-272
1.0679,2112,1941,750,-272
1.0683,2112,1941,750,-272
1.0688,2112,1942,750,-272
1.0692,2112,1942,750,-272
1.0697,2112,1943,750,-272
1.0701,2122,1944,750,-272
1.0709,2122,1944,750,-272
1.0713,2122,1944,750,-272
1.0718,2122,1944,750,-280
1.0722,2122,1944,750,-280
1.0726,2122,1945,750,-280
1.0730,2122,1945,750,-280
1.0735,2122,1946,750,-280
1.0739,2122,1946,750,-280
1.0743,2122,1946,750,-280
1.0748,2122,1947,750,-280
1.0752,2122,1947,750,-280
1.0756,2122,1948,750,-280
1.0761,2122,1948,750,-280
1.0766,2122,1948,750,-288
1.0770,2122,1948,750,-288
1.0774,2122,1949,750,-288
1.0779,2122,1949,750,-288
1.0783,2122,1949,750,-288
1.0787,2122,1950,750,-288
1.0792,2122,1950,750,-288
1.0796,2122,1951,750,-288
1.0800,2131,1952,750,-284
1.0808,2131,1952,750,-284
1.0813,2131,1952,750,-284
1.0817,2131,1953,750,-284
1.0822,2131,1953,750,-284
1.0827,2131,1954,850,-284
1.0831,2131,1954,850,-284
1.0836,2131,1955,850,-284
1.0840,2131,1955,850,-284
1.0845,2131,1956,850,-284
1.0849,2131,1956,850,-284
1.0853,2131,1957,850,-284
1.0858,2131,1957,850,-284
1.0862,2131,1957,850,-284
1.0866,2131,1958,850,-284
1.0871,2131,1958,850,-284
1.0875,2131,1958,850,-292
1.0879,2131,1958,850,-292
1.0884,2131,1959,850,-292
1.0888,2131,1959,850,-292
1.0892,2131,1959,850,-292
1.0896,2131,1960,850,-300
1.0901,2141,1961,850,-300
1.0909,2141,1961,850,-300
1.0913,2141,1961,850,-300
1.0917,2141,1962,850,-300
1.0921,2141,1962,850,-300
1.0926,2141,1963,850,-300
1.0930,2141,1963,850,-300
1.0934,2141,1964,850,-300
1.0939,2141,1964,850,-300
1.0943,2141,1964,850,-300
1.0947,2141,1965,850,-300
1.0952,2141,1965,850,-300
1.0956,2141,1965,850,-308
1.0960,2141,1965,850,-308
1.0965,2141,1966,850,-308
1.0969,2141,1966,850,-308
1.0973,2141,1967,850,-308
1.0978,2141,1967,850,-308
1.0982,2141,1967,850,-308
1.0986,2141,1968,850,-316
1.0990,2141,1968,850,-316
1.0994,2141,1969,850,-316
1.0999,2141,1969,850,-316
1.1003,2150,1970,850,-320
1.1010,2150,1970,850,-320
1.1015,2150,1971,850,-320
1.1019,2150,1971,850,-320
1.1023,2150,1972,900,-320
1.1027,2150,1972,900,-320
1.1031,2150,1972,900,-320
1.1036,2150,1973,900,-320
1.1040,2150,1973,900,-320
1.1044,2150,1974,900,-320
1.1047,2150,1974,900,-320
1.1051,2150,1974,900,-320
1.1056,2150,1975,900,-328
1.1059,2150,1975,900,-328
1.1063,2150,1976,900,-328
1.1067,2150,1976,900,-328
1.1070,2150,1976,900,-328
1.1074,2150,1977,900,-328
1.1078,2150,1977,900,-328
1.1082,2150,1977,900,-328
1.1086,2150,1978,900,-328
1.1090,2150,1978,900,-328
1.1094,2150,1979,900,-328
1.1098,2150,1979,900,-328
1.1102,2158,1980,900,-328
1.1110,2158,1980,900,-328
1.1114,2158,1981,900,-336
1.1118,2158,1981,900,-336
1.1122,2158,1981,900,-336
1.1127,2158,1982,900,-336
1.1131,2158,1982,900,-336
1.1135,2158,1983,900,-336
1.1139,2158,1983,900,-336
1.1143,2158,1984,900,-336
1.1147,2158,1984,900,-336
1.1151,2158,1984,900,-336
1.1156,2158,1985,900,-336
1.1160,2158,1985,900,-336
1.1164,2158,1986,900,-336
1.1168,2158,1986,900,-336
1.1172,2158,1987,900,-344
1.1176,2158,1987,900,-344
1.1181,2158,1987,900,-344
1.1185,2158,1988,900,-344
1.1189,2158,1988,900,-344
1.1193,2158,1989,900,-344
1.1197,2158,1989,900,-344
1.1202,2166,1990,900,-340
1.1210,2166,1990,900,-340
1.1214,2166,1991,900,-340
1.1218,2166,1991,900,-340
1.1222,2166,1992,1000,-340
1.1226,2166,1992,1000,-340
1.1230,2166,1992,1000,-340
1.1234,2166,1993,1000,-340
1.1238,2166,1993,1000,-340
1.1242,2166,1994,1000,-348
1.1246,2166,1994,1000,-348
1.1250,2166,1994,1000,-348
1.1254,2166,1996,1000,-340
1.1258,2166,1996,1000,-340
1.1262,2166,1996,1000,-340
1.1266,2166,1996,1000,-348
1.1269,2166,1996,1000,-348
1.1273,2166,1997,1000,-348
1.1277,2166,1997,1000,-348
1.1280,2166,1997,1000,-348
1.1284,2166,1999,1000,-340
1.1288,2166,1999,1000,-340
1.1292,2166,2000,1000,-340
1.1296,2166,2000,1000,-340
1.1300,2166,2000,1000,-340
1.1304,2174,2001,1000,-340
1.1311,2174,2001,1000,-340
1.1316,2174,2002,1000,-340
1.1320,2174,2002,1000,-340
1.1324,2174,2003,1000,-348
1.1328,2174,2003,1000,-348
1.1332,2174,2004,1000,-348
1.1336,2174,2004,1000,-348
1.1340,2174,2004,1000,-348
1.1344,2174,2005,1000,-348
1.1348,2174,2005,1000,-348
1.1352,2174,2006,1000,-348
1.1356,2174,2006,1000,-348
1.1360,2174,2006,1000,-348
1.1364,2174,2008,1000,-340
1.1368,2174,2008,1000,-340
1.1372,2174,2009,1000,-340
1.1376,2174,2009,1000,-340
1.1380,2174,2009,1000,-340
1.1384,2174,2010,1000,-340
1.1389,2174,2010,1000,-340
1.1392,2174,2011,1000,-348
1.1396,2174,2011,1000,-348
1.1400,2181,2012,1000,-340
1.1408,2181,2012,1000,-340
1.1412,2181,2013,1000,-340
1.1416,2181,2013,1000,-340
1.1420,2181,2013,1000,-340
1.1424,2181,2014,1100,-340
1.1428,2181,2014,1100,-340
1.1432,2181,2015,1100,-340
1.1436,2181,2015,1100,-340
1.1441,2181,2015,1100,-340
1.1445,2181,2017,1100,-332
1.1449,2181,2017,1100,-332
1.1453,2181,2018,1100,-332
1.1456,2181,2018,1100,-332
1.1460,2181,2018,1100,-332
1.1464,2181,2019,1100,-332
1.1468,2181,2019,1100,-332
1.1472,2181,2020,1100,-332
1.1476,2181,2020,1100,-332
1.1479,2181,2020,1100,-332
1.1483,2181,2021,1100,-340
1.1487,2181,2021,1100,-340
1.1490,2181,2021,1100,-340
1.1494,2181,2022,1100,-340
1.1498,2181,2022,1100,-340
1.1502,2187,2023,1100,-340
1.1509,2187,2023,1100,-340
1.1513,2187,2025,1100,-332
1.1516,2187,2025,1100,-332
1.1520,2187,2025,1100,-332
1.1523,2187,2026,1100,-332
1.1527,2187,2026,1100,-332
1.1531,2187,2026,1100,-332
1.1536,2187,2027,1100,-332
1.1540,2187,2027,1100,-332
1.1544,2187,2028,1100,-332
1.1549,2187,2028,1100,-332
1.1553,2187,2029,1100,-332
1.1557,2187,2029,1100,-332
1.1561,2187,2030,1100,-332
1.1566,2187,2030,1100,-332
1.1570,2187,2030,1100,-332
1.1574,2187,2032,1100,-324
1.1578,2187,2032,1100,-324
1.1582,2187,2033,1100,-324
1.1586,2187,2033,1100,-324
1.1590,2187,2033,1100,-324
1.1594,2187,2034,1100,-332
1.1598,2187,2034,1100,-332
1.1602,2193,2035,1100,-324
1.1610,2193,2035,1100,-324
1.1614,2193,2036,1100,-324
1.1618,2193,2036,1100,-324
1.1622,2193,2037,1150,-324
1.1626,2193,2037,1150,-324
1.1629,2193,2037,1150,-324
1.1633,2193,2039,1150,-316
1.1637,2193,2039,1150,-316
1.1641,2193,2040,1150,-316
1.1646,2193,2040,1150,-316
1.1650,2193,2040,1150,-316
1.1654,2193,2041,1150,-316
1.1658,2193,2041,1150,-316
1.1661,2193,2042,1150,-316
1.1666,2193,2042,1150,-316
1.1669,2193,2042,1150,-316
1.1673,2193,2043,1150,-316
1.1677,2193,2043,1150,-316
1.1681,2193,2044,1150,-316
1.1686,2193,2044,1150,-316
1.1690,2193,2044,1150,-316
1.1694,2193,2045,1150,-316
1.1698,2193,2045,1150,-316
1.1702,2199,2047,1150,-308
1.1710,2199,2048,1150,-308
1.1714,2199,2048,1150,-308
1.1718,2199,2048,1150,-308
1.1723,2199,2049,1150,-308
1.1727,2199,2049,1150,-308
1.1731,2199,2050,1150,-308
1.1735,2199,2050,1150,-308
1.1739,2199,2050,1150,-308
1.1743,2199,2051,1150,-308
1.1747,2199,2051,1150,-308
1.1751,2199,2053,1150,-300
1.1755,2199,2053,1150,-300
1.1759,2199,2053,1150,-300
1.1763,2199,2054,1150,-308
1.1767,2199,2054,1150,-308
1.1770,2199,2055,1150,-308
1.1774,2199,2055,1150,-308
1.1778,2199,2055,1150,-308
1.1782,2199,2056,1150,-308
1.1786,2199,2056,1150,-308
1.1790,2199,2057,1150,-308
1.1794,2199,2057,1150,-308
1.1798,2199,2057,1150,-308
1.1802,2204,2058,1150,-304
1.1810,2204,2058,1150,-304
1.1813,2204,2059,1150,-304
1.1817,2204,2059,1150,-304
1.1821,2204,2060,1150,-304
1.1825,2204,2060,1150,-304
1.1829,2204,2060,1150,-304
1.1833,2204,2062,1150,-296
1.1837,2204,2062,1150,-296
1.1841,2204,2063,1150,-296
1.1846,2204,2063,1150,-296
1.1850,2204,2064,1150,-296
1.1854,2204,2064,1150,-296
1.1858,2204,2064,1150,-296
1.1862,2204,2065,1150,-296
1.1866,2204,2065,1150,-296
1.1870,2204,2066,1150,-296
1.1874,2204,2066,1150,-296
1.1878,2204,2066,1150,-296
1.1882,2204,2067,1150,-296
1.1886,2204,2067,1150,-296
1.1890,2204,2068,1150,-296
1.1894,2204,2068,1150,-296
1.1898,2204,2068,1150,-296
1.1901,2208,2069,1150,-296
1.1910,2208,2070,1150,-296
1.1913,2208,2070,1150,-296
1.1917,2208,2070,1150,-296
1.1921,2208,2071,1150,-296
1.1926,2208,2071,1150,-296
1.1929,2208,2072,1150,-296
1.1933,2208,2072,1150,-296
1.1937,2208,2072,1150,-296
1.1941,2208,2073,1150,-296
1.1946,2208,2073,1150,-296
1.1949,2208,2075,1150,-288
1.1953,2208,2075,1150,-288
1.1957,2208,2075,1150,-288
1.1961,2208,2076,1150,-288
1.1966,2208,2076,1150,-288
1.1970,2208,2077,1150,-288
1.1974,2208,2077,1150,-288
1.1977,2208,2077,1150,-288
1.1981,2208,2078,1150,-288
1.1986,2208,2078,1150,-288
1.1990,2208,2079,1150,-288
1.1994,2208,2079,1150,-288
1.1998,2208,2079,1150,-288
1.2002,2211,2080,1150,-288
1.2010,2211,2081,1150,-288
1.2014,2211,2081,1150,-288
1.2017,2211,2081,1150,-288
1.2021,2211,2082,1100,-288
1.2026,2211,2082,1100,-288
1.2030,2211,2083,1100,-288
1.2033,2211,2083,1100,-288
1.2037,2211,2083,1100,-288
1.2041,2211,2084,1100,-288
1.2044,2211,2084,1100,-288
1.2049,2211,2085,1100,-288
1.2053,2211,2085,1100,-288
1.2057,2211,2085,1100,-288
1.2061,2211,2086,1100,-288
1.2064,2211,2086,1100,-288
1.2068,2211,2086,1100,-288
1.2072,2211,2087,1100,-280
1.2076,2211,2087,1100,-280
1.2080,2211,2088,1100,-280
1.2083,2211,2088,1100,-280
1.2087,2211,2088,1100,-280
1.2091,2211,2089,1100,-280
1.2096,2211,2089,1100,-280
1.2099,2211,2090,1100,-280
1.2103,2214,2090,1100,-280
1.2110,2214,2091,1100,-280
1.2114,2214,2091,1100,-280
1.2118,2214,2091,1100,-280
1.2122,2214,2092,1100,-280
1.2126,2214,2092,1100,-280
1.2130,2214,2093,1100,-280
1.2134,2214,2093,1100,-280
1.2138,2214,2093,1100,-280
1.2142,2214,2094,1100,-280
1.2146,2214,2094,1100,-280
1.2150,2214,2095,1100,-280
1.2154,2214,2095,1100,-280
1.2158,2214,2095,1100,-280
1.2162,2214,2096,1100,-280
1.2166,2214,2096,1100,-280
1.2170,2214,2097,1100,-280
1.2174,2214,2097,1100,-280
1.2178,2214,2097,1100,-280
1.2182,2214,2098,1100,-280
1.2187,2214,2098,1100,-280
1.2191,2214,2099,1100,-280
1.2194,2214,2099,1100,-280
1.2199,2214,2101,1100,-260
1.2202,2217,2101,1100,-260
1.2210,2217,2102,1100,-260
1.2214,2217,2102,1100,-260
1.2219,2217,2103,1050,-260
1.2223,2217,2103,1050,-260
1.2227,2217,2103,1050,-260
1.2231,2217,2104,1050,-260
1.2235,2217,2104,1050,-260
1.2239,2217,2105,1050,-260
1.2243,2217,2105,1050,-260
1.2247,2217,2105,1050,-260
1.2251,2217,2105,1050,-268
1.2256,2217,2105,1050,-268
1.2260,2217,2106,1050,-268
1.2264,2217,2106,1050,-268
1.2268,2217,2108,1050,-260
1.2272,2217,2108,1050,-260
1.2276,2217,2108,1050,-260
1.2281,2217,2109,1050,-260
1.2285,2217,2109,1050,-260
1.2289,2217,2110,1050,-252
1.2293,2217,2110,1050,-252
1.2297,2217,2110,1050,-252
1.2302,2218,2111,1050,-252
1.2310,2218,2112,1050,-252
1.2314,2218,2112,1050,-252
1.2319,2218,2112,1050,-260
1.2323,2218,2112,1050,-260
1.2327,2218,2112,1050,-260
1.2331,2218,2113,1050,-260
1.2335,2218,2113,1050,-260
1.2340,2218,2114,1050,-260
1.2344,2218,2114,1050,-260
1.2348,2218,2115,1050,-260
1.2353,2218,2115,1050,-260
1.2357,2218,2115,1050,-260
1.2361,2218,2116,1050,-252
1.2366,2218,2116,1050,-252
1.2370,2218,2117,1050,-252
1.2374,2218,2117,1050,-252
1.2378,2218,2118,1050,-252
1.2383,2218,2118,1050,-252
1.2387,2218,2118,1050,-252
1.2391,2218,2119,1050,-252
1.2396,2218,2119,1050,-252
1.2400,2218,2120,1050,-260
1.2404,2219,2121,1050,-260
1.2412,2219,2121,1050,-260
1.2417,2219,2121,1050,-260
1.2421,2219,2122,950,-252
1.2426,2219,2122,950,-252
1.2430,2219,2123,950,-252
1.2434,2219,2123,950,-252
1.2439,2219,2124,950,-252
1.2443,2219,2124,950,-252
1.2447,2219,2124,950,-252
1.2451,2219,2125,950,-252
1.2457,2219,2125,950,-252
1.2461,2219,2125,950,-260
1.2466,2219,2125,950,-260
1.2470,2219,2126,950,-252
1.2474,2219,2126,950,-252
1.2478,2219,2127,950,-252
1.2482,2219,2127,950,-252
1.2487,2219,2127,950,-252
1.2491,2219,2128,950,-252
1.2496,2219,2128,950,-252
1.2500,2220,2129,950,-252
1.2508,2220,2130,950,-244
1.2513,2220,2130,950,-244
1.2517,2220,2130,950,-244
1.2521,2220,2131,950,-244
1.2526,2220,2131,950,-244
1.2530,2220,2132,950,-244
1.2534,2220,2132,950,-244
1.2538,2220,2133,950,-244
1.2542,2220,2133,950,-244
1.2546,2220,2133,950,-244
1.2550,2220,2134,950,-236
1.2554,2220,2134,950,-236
1.2558,2220,2135,950,-236
1.2562,2220,2135,950,-236
1.2566,2220,2135,950,-236
1.2570,2220,2136,950,-236
1.2575,2220,2136,950,-236
1.2579,2220,2137,950,-236
1.2583,2220,2137,950,-236
1.2587,2220,2138,950,-228
1.2592,2220,2138,950,-228
1.2596,2220,2138,950,-228
1.2600,2220,2139,950,-216
1.2604,2219,2139,950,-224
1.2612,2219,2139,950,-224
1.2616,2219,2139,950,-224
1.2620,2219,2140,900,-224
1.2624,2219,2140,900,-224
1.2628,2219,2141,900,-216
1.2632,2219,2141,900,-216
1.2637,2219,2141,900,-216
1.2641,2219,2142,900,-216
1.2645,2219,2142,900,-216
1.2649,2219,2143,900,-216
1.2654,2219,2143,900,-216
1.2658,2219,2144,900,-208
1.2663,2219,2144,900,-208
1.2667,2219,2145,900,-208
1.2671,2219,2145,900,-208
1.2676,2219,2145,900,-208
1.2680,2219,2146,900,-208
1.2684,2219,2146,900,-208
1.2688,2219,2147,900,-208
1.2692,2219,2147,900,-208
1.2697,2219,2147,900,-208
1.2701,2218,2147,900,-208
1.2709,2218,2148,900,-208
1.2713,2218,2148,900,-208
1.2717,2218,2149,900,-208
1.2721,2218,2149,900,-208
1.2726,2218,2149,900,-208
1.2730,2218,2150,900,-200
1.2734,2218,2150,900,-200
1.2738,2218,2151,900,-200
1.2743,2218,2151,900,-200
1.2747,2218,2152,900,-200
1.2751,2218,2152,900,-200
1.2756,2218,2152,900,-200
1.2760,2218,2153,900,-192
1.2764,2218,2153,900,-192
1.2769,2218,2153,900,-200
1.2773,2218,2153,900,-200
1.2777,2218,2154,900,-192
1.2781,2218,2154,900,-192
1.2786,2218,2154,900,-192
1.2790,2218,2155,900,-192
1.2794,2218,2155,900,-192
1.2798,2218,2156,900,-196
1.2803,2217,2157,900,-188
1.2810,2217,2157,900,-188
1.2815,2217,2157,900,-188
1.2819,2217,2157,850,-196
1.2823,2217,2157,850,-196
1.2827,2217,2158,850,-196
1.2831,2217,2158,850,-196
1.2836,2217,2158,850,-188
1.2840,2217,2159,850,-188
1.2844,2217,2159,850,-188
1.2848,2217,2160,850,-188
1.2852,2217,2160,850,-188
1.2857,2217,2161,850,-180
1.2861,2217,2161,850,-180
1.2865,2217,2161,850,-180
1.2869,2217,2161,850,-188
1.2873,2217,2161,850,-188
1.2877,2217,2162,850,-188
1.2881,2217,2162,850,-188
1.2886,2217,2162,850,-188
1.2890,2217,2162,850,-188
1.2894,2217,2162,850,-188
1.2899,2217,2163,850,-188
1.2903,2214,2164,850,-180
1.2911,2214,2164,850,-180
1.2916,2214,2165,850,-180
1.2920,2214,2165,850,-180
1.2924,2214,2165,850,-180
1.2928,2214,2166,850,-172
1.2933,2214,2166,850,-172
1.2937,2214,2166,850,-180
1.2941,2214,2166,850,-180
1.2946,2214,2167,850,-180
1.2950,2214,2167,850,-180
1.2954,2214,2167,850,-180
1.2958,2214,2168,850,-172
1.2963,2214,2168,850,-172
1.2967,2214,2168,850,-180
1.2971,2214,2168,850,-180
1.2975,2214,2168,850,-180
1.2979,2214,2169,850,-172
1.2983,2214,2169,850,-172
1.2987,2214,2170,850,-172
1.2992,2214,2170,850,-172
1.2996,2214,2171,850,-160
1.3000,2211,2171,850,-160
1.3009,2211,2171,850,-168
1.3013,2211,2171,850,-168
1.3017,2211,2172,750,-160
1.3021,2211,2172,750,-160
1.3026,2211,2173,750,-160
1.3030,2211,2173,750,-160
1.3034,2211,2173,750,-160
1.3038,2211,2174,750,-152
1.3043,2211,2174,750,-152
1.3047,2211,2174,750,-160
1.3051,2211,2174,750,-160
1.3056,2211,2175,750,-152
1.3060,2211,2175,750,-152
1.3064,2211,2175,750,-152
1.3069,2211,2175,750,-160
1.3073,2211,2175,750,-160
1.3077,2211,2176,750,-152
1.3081,2211,2176,750,-152
1.3086,2211,2177,750,-152
1.3090,2211,2177,750,-152
1.3094,2211,2177,750,-152
1.3098,2211,2177,750,-152
1.3102,2208,2178,750,-152
1.3110,2208,2178,750,-152
1.3114,2208,2178,750,-152
1.3118,2208,2179,750,-144
1.3123,2208,2179,750,-144
1.3127,2208,2180,750,-144
1.3131,2208,2180,750,-144
1.3136,2208,2180,750,-144
1.3140,2208,2180,750,-144
1.3144,2208,2180,750,-144
1.3148,2208,2181,750,-144
1.3152,2208,2181,750,-144
1.3157,2208,2182,750,-136
1.3161,2208,2182,750,-136
1.3166,2208,2182,750,-144
1.3170,2208,2182,750,-144
1.3174,2208,2182,750,-144
1.3178,2208,2183,750,-136
1.3182,2208,2183,750,-136
1.3186,2208,2183,750,-136
1.3191,2208,2183,750,-136
1.3195,2208,2184,750,-140
1.3199,2208,2184,750,-140
1.3204,2203,2184,750,-140
1.3212,2203,2184,750,-140
1.3216,2203,2185,650,-140
1.3220,2203,2185,650,-140
1.3224,2203,2185,650,-140
1.3228,2203,2186,650,-132
1.3232,2203,2186,650,-132
1.3236,2203,2186,650,-132
1.3241,2203,2186,650,-132
1.3245,2203,2187,650,-132
1.3249,2203,2187,650,-132
1.3253,2203,2187,650,-132
1.3257,2203,2187,650,-132
1.3261,2203,2187,650,-132
1.3266,2203,2188,650,-132
1.3270,2203,2188,650,-132
1.3274,2203,2188,650,-132
1.3279,2203,2188,650,-132
1.3283,2203,2188,650,-132
1.3288,2203,2189,650,-124
1.3292,2203,2189,650,-124
1.3296,2203,2189,650,-132
1.3300,2199,2190,650,-124
1.3309,2199,2190,650,-124
1.3313,2199,2190,650,-124
1.3317,2199,2190,650,-132
1.3321,2199,2190,650,-132
1.3326,2199,2191,650,-124
1.3330,2199,2191,650,-124
1.3334,2199,2191,650,-124
1.3339,2199,2191,650,-124
1.3343,2199,2191,650,-124
1.3347,2199,2192,650,-124
1.3351,2199,2192,650,-124
1.3356,2199,2192,650,-124
1.3360,2199,2192,650,-124
1.3364,2199,2193,650,-116
1.3368,2199,2193,650,-116
1.3373,2199,2193,650,-116
1.3377,2199,2194,650,-116
1.3381,2199,2194,650,-116
1.3386,2199,2194,650,-116
1.3390,2199,2194,650,-116
1.3394,2199,2195,650,-104
1.3398,2199,2195,650,-104
1.3403,2193,2195,650,-112
1.3410,2193,2195,650,-112
1.3415,2193,2196,550,-104
1.3419,2193,2196,550,-104
1.3423,2193,2196,550,-104
1.3427,2193,2196,550,-104
1.3431,2193,2196,550,-104
1.3436,2193,2197,550,-104
1.3440,2193,2197,550,-104
1.3444,2193,2197,550,-104
1.3448,2193,2197,550,-104
1.3453,2193,2197,550,-104
1.3457,2193,2198,550,-96
1.3461,2193,2198,550,-96
1.3466,2193,2198,550,-104
1.3470,2193,2198,550,-104
1.3474,2193,2199,550,-96
1.3478,2193,2199,550,-96
1.3483,2193,2199,550,-96
1.3487,2193,2199,550,-96
1.3491,2193,2199,550,-96
1.3496,2193,2200,550,-88
1.3500,2187,2200,550,-96
1.3508,2187,2200,550,-96
1.3512,2187,2200,550,-96
1.3516,2187,2201,550,-88
1.3521,2187,2201,550,-88
1.3525,2187,2201,550,-88
1.3529,2187,2201,550,-88
1.3533,2187,2202,550,-80
1.3538,2187,2202,550,-80
1.3542,2187,2202,550,-80
1.3546,2187,2202,550,-88
1.3550,2187,2202,550,-88
1.3555,2187,2203,550,-80
1.3559,2187,2203,550,-80
1.3563,2187,2203,550,-80
1.3567,2187,2203,550,-80
1.3572,2187,2203,550,-80
1.3576,2187,2204,550,-72
1.3580,2187,2204,550,-72
1.3584,2187,2204,550,-80
1.3588,2187,2204,550,-80
1.3592,2187,2204,550,-80
1.3597,2187,2204,550,-84
1.3601,2180,2204,550,-84
1.3609,2180,2204,550,-84
1.3613,2180,2204,550,-84
1.3617,2180,2205,450,-76
1.3621,2180,2205,450,-76
1.3626,2180,2205,450,-84
1.3630,2180,2205,450,-84
1.3634,2180,2205,450,-84
1.3638,2180,2205,450,-84
1.3643,2180,2205,450,-84
1.3647,2180,2206,450,-76
1.3651,2180,2206,450,-76
1.3656,2180,2206,450,-76
1.3660,2180,2206,450,-76
1.3664,2180,2207,450,-68
1.3669,2180,2207,450,-68
1.3673,2180,2207,450,-76
1.3677,2180,2207,450,-76
1.3681,2180,2207,450,-76
1.3686,2180,2207,450,-76
1.3690,2180,2207,450,-76
1.3694,2180,2208,450,-68
1.3699,2180,2208,450,-68
1.3703,2173,2208,450,-68
1.3711,2173,2208,450,-68
1.3716,2173,2209,450,-60
1.3720,2173,2209,450,-60
1.3724,2173,2209,450,-60
1.3728,2173,2209,450,-60
1.3732,2173,2209,450,-60
1.3736,2173,2209,450,-68
1.3740,2173,2209,450,-68
1.3744,2173,2210,450,-60
1.3749,2173,2210,450,-60
1.3753,2173,2210,450,-60
1.3757,2173,2210,450,-60
1.3761,2173,2210,450,-60
1.3766,2173,2210,450,-60
1.3770,2173,2210,450,-60
1.3775,2173,2210,450,-60
1.3779,2173,2210,450,-60
1.3783,2173,2211,450,-52
1.3787,2173,2211,450,-52
1.3791,2173,2211,450,-52
1.3796,2173,2211,450,-48
1.3800,2173,2211,450,-48
1.3804,2166,2211,450,-56
1.3812,2166,2211,450,-56
1.3816,2166,2211,300,-56
1.3820,2166,2211,300,-56
1.3824,2166,2211,300,-56
1.3828,2166,2211,300,-56
1.3832,2166,2212,300,-48
1.3836,2166,2212,300,-48
1.3841,2166,2212,300,-48
1.3845,2166,2212,300,-48
1.3849,2166,2212,300,-48
1.3853,2166,2212,300,-48
1.3857,2166,2212,300,-48
1.3861,2166,2212,300,-48
1.3865,2166,2212,300,-48
1.3869,2166,2212,300,-48
1.3872,2166,2213,300,-40
1.3877,2166,2213,300,-40
1.3881,2166,2213,300,-40
1.3884,2166,2213,300,-40
1.3888,2166,2213,300,-40
1.3892,2166,2213,300,-40
1.3897,2166,2213,300,-40
1.3901,2158,2214,300,-40
1.3908,2158,2214,300,-40
1.3912,2158,2214,300,-40
1.3916,2158,2214,300,-40
1.3920,2158,2214,300,-40
1.3924,2158,2214,300,-40
1.3928,2158,2214,300,-40
1.3931,2158,2214,300,-40
1.3936,2158,2214,300,-40
1.3940,2158,2214,300,-40
1.3944,2158,2214,300,-40
1.3948,2158,2214,300,-40
1.3952,2158,2215,300,-32
1.3956,2158,2215,300,-32
1.3960,2158,2215,300,-32
1.3964,2158,2215,300,-32
1.3968,2158,2215,300,-32
1.3973,2158,2215,300,-32
1.3977,2158,2215,300,-32
1.3981,2158,2215,300,-32
1.3985,2158,2215,300,-32
1.3989,2158,2215,300,-32
1.3993,2158,2216,300,-28
1.3998,2158,2216,300,-28
1.4002,2149,2216,300,-28
1.4010,2149,2216,300,-28
1.4014,2149,2216,250,-20
1.4018,2149,2216,250,-20
1.4023,2149,2216,250,-20
1.4027,2149,2216,250,-20
1.4031,2149,2216,250,-20
1.4036,2149,2216,250,-20
1.4040,2149,2216,250,-20
1.4044,2149,2217,250,20
1.4048,2149,2217,250,20
1.4052,2149,2217,250,20
1.4056,2149,2217,250,20
1.4060,2149,2217,250,20
1.4064,2149,2217,250,20
1.4068,2149,2217,250,20
1.4073,2149,2217,250,20
1.4077,2149,2217,250,20
1.4081,2149,2217,250,20
1.4086,2149,2217,250,20
1.4090,2149,2217,250,20
1.4094,2149,2217,250,20
1.4098,2149,2217,250,20
1.4102,2140,2217,250,20
1.4110,2140,2217,250,20
1.4114,2140,2217,250,28
1.4118,2140,2217,250,28
1.4123,2140,2217,250,28
1.4127,2140,2217,250,28
1.4131,2140,2217,250,28
1.4136,2140,2217,250,28
1.4140,2140,2217,250,28
1.4145,2140,2218,250,28
1.4149,2140,2218,250,28
1.4153,2140,2218,250,28
1.4157,2140,2218,250,28
1.4161,2140,2218,250,28
1.4165,2140,2218,250,28
1.4169,2140,2218,250,28
1.4173,2140,2218,250,28
1.4177,2140,2218,250,28
1.4181,2140,2218,250,28
1.4186,2140,2218,250,28
1.4190,2140,2218,250,28
1.4194,2140,2218,250,28
1.4198,2140,2218,250,28
1.4202,2131,2218,250,28
1.4210,2131,2218,250,28
1.4214,2131,2218,100,28
1.4218,2131,2218,100,28
1.4222,2131,2218,100,28
1.4227,2131,2218,100,28
1.4231,2131,2218,100,28
1.4235,2131,2218,100,28
1.4239,2131,2218,100,28
1.4243,2131,2218,100,36
1.4247,2131,2218,100,36
1.4251,2131,2218,100,36
1.4256,2131,2218,100,36
1.4260,2131,2218,100,36
1.4264,2131,2218,100,36
1.4268,2131,2218,100,36
1.4272,2131,2218,100,36
1.4276,2131,2218,100,36
1.4280,2131,2218,100,36
1.4285,2131,2218,100,36
1.4289,2131,2218,100,36
1.4293,2131,2218,100,44
1.4297,2131,2218,100,44
1.4300,2122,2218,100,44
1.4308,2122,2218,100,44
1.4311,2122,2218,100,44
1.4316,2122,2218,100,44
1.4319,2122,2218,100,44
1.4323,2122,2218,100,44
1.4327,2122,2218,100,44
1.4331,2122,2218,100,52
1.4336,2122,2218,100,52
1.4339,2122,2218,100,52
1.4343,2122,2218,100,52
1.4347,2122,2218,100,52
1.4351,2122,2218,100,52
1.4356,2122,2218,100,52
1.4360,2122,2218,100,52
1.4363,2122,2218,100,52
1.4367,2122,2218,100,52
1.4371,2122,2218,100,60
1.4374,2122,2218,100,60
1.4378,2122,2218,100,60
1.4382,2122,2218,100,60
1.4386,2122,2218,100,60
1.4389,2122,2218,100,60
1.4393,2122,2218,100,64
1.4397,2122,2218,100,64
1.4400,2112,2218,100,64
1.4408,2112,2218,100,64
1.4412,2112,2218,0,72
1.4415,2112,2218,0,72
1.4419,2112,2218,0,72
1.4423,2112,2218,0,72
1.4426,2112,2218,0,72
1.4430,2112,2218,0,72
1.4434,2112,2218,0,72
1.4437,2112,2218,0,72
1.4441,2112,2218,0,80
1.4445,2112,2218,0,80
1.4449,2112,2218,0,80
1.4453,2112,2218,0,80
1.4456,2112,2218,0,80
1.4460,2112,2218,0,80
1.4463,2112,2218,0,80
1.4467,2112,2218,0,80
1.4470,2112,2218,0,80
1.4474,2112,2218,0,80
1.4478,2112,2218,0,80
1.4482,2112,2218,0,88
1.4485,2112,2218,0,88
1.4489,2112,2218,0,88
1.4493,2112,2218,0,88
1.4496,2112,2218,0,88
1.4500,2112,2218,0,88
1.4503,2101,2218,0,88
1.4510,2101,2218,0,96
1.4514,2101,2218,0,96
1.4517,2101,2218,0,96
1.4521,2101,2218,0,96
1.4524,2101,2218,0,96
1.4528,2101,2218,0,96
1.4532,2101,2218,0,96
1.4535,2101,2218,0,96
1.4539,2101,2218,0,96
1.4542,2101,2218,0,104
1.4546,2101,2218,0,104
1.4550,2101,2218,0,104
1.4554,2101,2218,0,104
1.4557,2101,2218,0,104
1.4561,2101,2218,0,104
1.4565,2101,2218,0,104
1.4568,2101,2218,0,104
1.4572,2101,2218,0,112
1.4575,2101,2218,0,112
1.4579,2101,2218,0,112
1.4583,2101,2217,0,104
1.4586,2101,2217,0,104
1.4590,2101,2217,0,108
1.4593,2101,2217,0,108
1.4597,2101,2217,0,108
1.4601,2091,2217,0,116
1.4608,2091,2217,0,116
1.4612,2091,2217,-50,116
1.4616,2091,2217,-50,116
1.4620,2091,2217,-50,124
1.4624,2091,2217,-50,124
1.4628,2091,2217,-50,124
1.4632,2091,2216,-50,116
1.4636,2091,2216,-50,116
1.4640,2091,2216,-50,116
1.4643,2091,2216,-50,116
1.4647,2091,2216,-50,116
1.4651,2091,2216,-50,124
1.4656,2091,2216,-50,124
1.4659,2091,2216,-50,124
1.4663,2091,2216,-50,124
1.4667,2091,2216,-50,124
1.4671,2091,2215,-50,124
1.4676,2091,2215,-50,124
1.4680,2091,2215,-50,124
1.4684,2091,2215,-50,124
1.4688,2091,2215,-50,124
1.4692,2091,2215,-50,124
1.4696,2091,2215,-50,124
1.4700,2091,2215,-50,132
1.4704,2081,2215,-50,132
1.4712,2081,2214,-50,124
1.4716,2081,2214,-50,124
1.4720,2081,2214,-50,132
1.4724,2081,2214,-50,132
1.4728,2081,2214,-50,132
1.4732,2081,2213,-50,124
1.4736,2081,2213,-50,124
1.4740,2081,2213,-50,132
1.4744,2081,2213,-50,132
1.4747,2081,2213,-50,132
1.4751,2081,2213,-50,132
1.4756,2081,2213,-50,132
1.4760,2081,2213,-50,132
1.4765,2081,2213,-50,132
1.4769,2081,2212,-50,132
1.4773,2081,2212,-50,132
1.4777,2081,2212,-50,132
1.4781,2081,2212,-50,132
1.4785,2081,2212,-50,132
1.4789,2081,2212,-50,136
1.4793,2081,2212,-50,136
1.4797,2081,2212,-50,136
1.4801,2070,2212,-50,136
1.4808,2070,2212,-50,136
1.4812,2070,2211,-300,136
1.4817,2070,2211,-300,136
1.4821,2070,2211,-300,136
1.4825,2070,2211,-300,136
1.4829,2070,2210,-300,136
1.4833,2070,2210,-300,136
1.4837,2070,2210,-300,136
1.4841,2070,2210,-300,136
1.4846,2070,2210,-300,136
1.4850,2070,2210,-300,144
1.4854,2070,2210,-300,144
1.4858,2070,2209,-300,136
1.4862,2070,2209,-300,136
1.4866,2070,2209,-300,136
1.4871,2070,2209,-300,144
1.4875,2070,2209,-300,144
1.4879,2070,2208,-300,136
1.4883,2070,2208,-300,136
1.4887,2070,2208,-300,136
1.4891,2070,2208,-300,144
1.4896,2070,2208,-300,144
1.4900,2070,2207,-300,136
1.4904,2059,2207,-300,136
1.4912,2059,2207,-300,144
1.4916,2059,2207,-300,144
1.4920,2059,2207,-300,144
1.4924,2059,2207,-300,144
1.4928,2059,2206,-300,144
1.4932,2059,2206,-300,144
1.4936,2059,2206,-300,144
1.4940,2059,2206,-300,144
1.4944,2059,2206,-300,144
1.4948,2059,2205,-300,144
1.4952,2059,2205,-300,144
1.4957,2059,2205,-300,144
1.4961,2059,2205,-300,144
1.4965,2059,2205,-300,144
1.4969,2059,2205,-300,152
1.4973,2059,2205,-300,152
1.4977,2059,2205,-300,152
1.4981,2059,2204,-300,152
1.4986,2059,2204,-300,152
1.4990,2059,2204,-300,144
1.4994,2059,2204,-300,144
1.4998,2059,2204,-300,152
1.5003,2049,2204,-300,152
1.5010,2049,2203,-400,144
1.5015,2049,2203,-400,144
1.5019,2049,2203,-400,152
1.5023,2049,2203,-400,152
1.5027,2049,2203,-400,152
1.5031,2049,2202,-400,144
1.5036,2049,2202,-400,144
1.5040,2049,2202,-400,152
1.5045,2049,2202,-400,152
1.5049,2049,2201,-400,152
1.5053,2049,2201,-400,152
1.5057,2049,2201,-400,152
1.5061,2049,2201,-400,152
1.5066,2049,2201,-400,152
1.5070,2049,2200,-400,152
1.5074,2049,2200,-400,152
1.5079,2049,2200,-400,152
1.5083,2049,2200,-400,152
1.5087,2049,2200,-400,152
1.5091,2049,2199,-400,152
1.5096,2049,2199,-400,152
1.5100,2038,2199,-400,160
1.5108,2038,2198,-400,152
1.5112,2038,2198,-400,152
1.5117,2038,2198,-400,152
1.5121,2038,2198,-400,160
1.5125,2038,2198,-400,160
1.5129,2038,2197,-400,160
1.5133,2038,2197,-400,160
1.5137,2038,2197,-400,160
1.5141,2038,2197,-400,160
1.5146,2038,2197,-400,160
1.5150,2038,2197,-400,168
1.5154,2038,2197,-400,168
1.5158,2038,2196,-400,168
1.5163,2038,2196,-400,168
1.5167,2038,2196,-400,168
1.5171,2038,2196,-400,168
1.5175,2038,2196,-400,168
1.5179,2038,2195,-400,168
1.5183,2038,2195,-400,168
1.5186,2038,2195,-400,168
1.5191,2038,2195,-400,184
1.5195,2038,2195,-400,184
1.5199,2038,2194,-400,176
1.5203,2027,2194,-400,176
1.5210,2027,2194,-450,184
1.5214,2027,2194,-450,184
1.5217,2027,2193,-450,184
1.5221,2027,2193,-450,184
1.5226,2027,2193,-450,184
1.5230,2027,2193,-450,184
1.5234,2027,2193,-450,184
1.5238,2027,2192,-450,184
1.5243,2027,2192,-450,184
1.5247,2027,2192,-450,192
1.5251,2027,2192,-450,192
1.5256,2027,2192,-450,192
1.5260,2027,2191,-450,184
1.5264,2027,2191,-450,184
1.5268,2027,2191,-450,192
1.5273,2027,2191,-450,192
1.5277,2027,2190,-450,192
1.5281,2027,2190,-450,192
1.5286,2027,2190,-450,192
1.5289,2027,2190,-450,192
1.5294,2027,2190,-450,192
1.5298,2027,2189,-450,192
1.5302,2017,2189,-450,192
1.5310,2017,2189,-450,200
1.5314,2017,2189,-450,200
1.5318,2017,2188,-450,200
1.5322,2017,2188,-450,200
1.5326,2017,2188,-450,200
1.5331,2017,2188,-450,200
1.5335,2017,2188,-450,200
1.5339,2017,2187,-450,200
1.5343,2017,2187,-450,200
1.5347,2017,2187,-450,208
1.5351,2017,2187,-450,208
1.5356,2017,2187,-450,208
1.5360,2017,2186,-450,208
1.5364,2017,2186,-450,208
1.5368,2017,2185,-450,200
1.5373,2017,2185,-450,200
1.5377,2017,2185,-450,208
1.5381,2017,2185,-450,208
1.5386,2017,2185,-450,208
1.5390,2017,2184,-450,204
1.5394,2017,2184,-450,204
1.5398,2017,2184,-450,212
1.5403,2006,2183,-550,204
1.5411,2006,2183,-550,204
1.5415,2006,2183,-550,204
1.5419,2006,2183,-550,212
1.5423,2006,2183,-550,212
1.5427,2006,2182,-550,212
1.5431,2006,2182,-550,212
1.5436,2006,2182,-550,212
1.5440,2006,2181,-550,212
1.5444,2006,2181,-550,212
1.5448,2006,2181,-550,220
1.5453,2006,2181,-550,220
1.5457,2006,2180,-550,212
1.5461,2006,2180,-550,212
1.5466,2006,2180,-550,220
1.5470,2006,2180,-550,220
1.5474,2006,2180,-550,220
1.5479,2006,2179,-550,220
1.5483,2006,2179,-550,220
1.5487,2006,2178,-550,220
1.5491,2006,2178,-550,220
1.5496,2006,2177,-550,220
1.5500,1996,2177,-550,220
1.5508,1996,2177,-550,220
1.5513,1996,2177,-550,220
1.5517,1996,2176,-550,220
1.5521,1996,2176,-550,220
1.5526,1996,2176,-550,228
1.5530,1996,2176,-550,228
1.5534,1996,2176,-550,228
1.5539,1996,2175,-550,228
1.5543,1996,2175,-550,228
1.5547,1996,2174,-550,228
1.5552,1996,2174,-550,228
1.5556,1996,2174,-550,236
1.5560,1996,2174,-550,236
1.5565,1996,2174,-550,236
1.5569,1996,2173,-550,228
1.5574,1996,2173,-550,228
1.5578,1996,2172,-550,228
1.5582,1996,2172,-550,228
1.5586,1996,2172,-550,240
1.5590,1996,2172,-550,240
1.5594,1996,2172,-550,240
1.5598,1996,2171,-550,240
1.5603,1986,2170,-650,240
1.5610,1986,2170,-650,240
1.5614,1986,2170,-650,240
1.5618,1986,2170,-650,248
1.5622,1986,2170,-650,248
1.5626,1986,2169,-650,248
1.5630,1986,2169,-650,248
1.5634,1986,2169,-650,248
1.5638,1986,2168,-650,248
1.5642,1986,2168,-650,248
1.5646,1986,2168,-650,256
1.5650,1986,2168,-650,256
1.5654,1986,2168,-650,256
1.5658,1986,2167,-650,248
1.5662,1986,2167,-650,248
1.5666,1986,2166,-650,248
1.5670,1986,2166,-650,248
1.5674,1986,2166,-650,248
1.5678,1986,2165,-650,248
1.5682,1986,2165,-650,248
1.5686,1986,2164,-650,248
1.5690,1986,2164,-650,248
1.5694,1986,2164,-650,248
1.5698,1986,2164,-650,256
1.5701,1976,2163,-650,256
1.5709,1976,2163,-650,256
1.5713,1976,2163,-650,256
1.5717,1976,2162,-650,256
1.5721,1976,2162,-650,256
1.5726,1976,2162,-650,264
1.5729,1976,2162,-650,264
1.5733,1976,2162,-650,264
1.5737,1976,2161,-650,264
1.5741,1976,2161,-650,264
1.5746,1976,2160,-650,264
1.5750,1976,2160,-650,264
1.5754,1976,2160,-650,264
1.5757,1976,2159,-650,264
1.5762,1976,2159,-650,264
1.5766,1976,2159,-650,272
1.5769,1976,2159,-650,272
1.5773,1976,2159,-650,272
1.5777,1976,2158,-650,272
1.5781,1976,2158,-650,272
1.5786,1976,2157,-650,272
1.5789,1976,2157,-650,272
1.5793,1976,2157,-650,272
1.5797,1976,2156,-650,272
1.5801,1967,2156,-650,272
1.5807,1967,2155,-750,272
1.5811,1967,2155,-750,272
1.5815,1967,2155,-750,272
1.5819,1967,2155,-750,272
1.5823,1967,2155,-750,272
1.5827,1967,2154,-750,272
1.5831,1967,2154,-750,272
1.5835,1967,2153,-750,272
1.5838,1967,2153,-750,272
1.5842,1967,2153,-750,272
1.5846,1967,2152,-750,272
1.5850,1967,2152,-750,272
1.5854,1967,2152,-750,272
1.5857,1967,2151,-750,272
1.5861,1967,2151,-750,272
1.5865,1967,2150,-750,272
1.5869,1967,2150,-750,272
1.5873,1967,2150,-750,272
1.5877,1967,2149,-750,272
1.5881,1967,2149,-750,272
1.5886,1967,2149,-750,280
1.5890,1967,2149,-750,280
1.5894,1967,2148,-750,288
1.5899,1967,2148,-750,288
1.5903,1957,2147,-750,288
1.5911,1957,2147,-750,288
1.5916,1957,2146,-750,288
1.5920,1957,2146,-750,288
1.5924,1957,2145,-750,288
1.5929,1957,2145,-750,288
1.5933,1957,2145,-750,288
1.5937,1957,2144,-750,288
1.5941,1957,2144,-750,288
1.5946,1957,2144,-750,296
1.5950,1957,2144,-750,296
1.5955,1957,2143,-750,296
1.5959,1957,2143,-750,296
1.5964,1957,2142,-750,296
1.5968,1957,2142,-750,296
1.5973,1957,2142,-750,296
1.5977,1957,2141,-750,296
1.5981,1957,2141,-750,296
1.5986,1957,2140,-750,292
1.5990,1957,2140,-750,292
1.5995,1957,2139,-750,292
1.5999,1957,2139,-750,292
1.6003,1948,2138,-850,292
1.6011,1948,2138,-850,292
1.6016,1948,2137,-850,292
1.6020,1948,2137,-850,292
1.6025,1948,2136,-850,292
1.6029,1948,2136,-850,292
1.6033,1948,2136,-850,292
1.6038,1948,2135,-850,292
1.6042,1948,2135,-850,292
1.6046,1948,2134,-850,292
1.6050,1948,2134,-850,292
1.6055,1948,2133,-850,300
1.6059,1948,2133,-850,300
1.6063,1948,2133,-850,300
1.6067,1948,2132,-850,300
1.6071,1948,2132,-850,300
1.6076,1948,2132,-850,308
1.6080,1948,2132,-850,308
1.6084,1948,2131,-850,308
1.6089,1948,2131,-850,308
1.6093,1948,2131,-850,308
1.6097,1948,2130,-850,308
1.6101,1940,2129,-850,308
1.6110,1940,2129,-850,308
1.6114,1940,2128,-850,308
1.6119,1940,2128,-850,308
1.6123,1940,2128,-850,308
1.6127,1940,2127,-850,308
1.6131,1940,2127,-850,308
1.6136,1940,2126,-850,308
1.6140,1940,2126,-850,308
1.6144,1940,2125,-850,316
1.6149,1940,2125,-850,316
1.6153,1940,2125,-850,316
1.6157,1940,2124,-850,316
1.6162,1940,2124,-850,316
1.6166,1940,2123,-850,316
1.6171,1940,2123,-850,316
1.6175,1940,2122,-850,316
1.6179,1940,2122,-850,316
1.6183,1940,2121,-850,316
1.6187,1940,2121,-850,316
1.6191,1940,2121,-850,316
1.6196,1940,2120,-850,316
1.6200,1940,2120,-850,316
1.6204,1932,2119,-950,324
1.6212,1932,2119,-950,324
1.6217,1932,2118,-950,324
1.6221,1932,2118,-950,324
1.6225,1932,2117,-950,324
1.6229,1932,2117,-950,324
1.6233,1932,2116,-950,324
1.6238,1932,2116,-950,324
1.6242,1932,2116,-950,324
1.6246,1932,2115,-950,324
1.6251,1932,2115,-950,324
1.6256,1932,2114,-950,332
1.6260,1932,2114,-950,332
1.6265,1932,2113,-950,332
1.6269,1932,2113,-950,332
1.6273,1932,2112,-950,332
1.6277,1932,2112,-950,332
1.6282,1932,2112,-950,332
1.6286,1932,2111,-950,332
1.6290,1932,2111,-950,332
1.6295,1932,2110,-950,332
1.6299,1932,2110,-950,332
1.6303,1924,2109,-950,340
1.6311,1924,2109,-950,340
1.6316,1924,2107,-950,332
1.6320,1924,2107,-950,332
1.6324,1924,2106,-950,332
1.6329,1924,2106,-950,332
1.6333,1924,2106,-950,340
1.6337,1924,2106,-950,340
1.6342,1924,2106,-950,340
1.6346,1924,2105,-950,340
1.6350,1924,2105,-950,340
1.6354,1924,2104,-950,348
1.6359,1924,2104,-950,348
1.6363,1924,2102,-950,340
1.6367,1924,2102,-950,340
1.6372,1924,2102,-950,340
1.6376,1924,2101,-950,340
1.6380,1924,2101,-950,340
1.6385,1924,2100,-950,340
1.6389,1924,2100,-950,340
1.6394,1924,2099,-950,340
1.6398,1924,2099,-950,340
1.6403,1917,2098,-1050,340
1.6411,1917,2098,-1050,340
1.6416,1917,2097,-1050,348
1.6420,1917,2097,-1050,348
1.6424,1917,2096,-1050,348
1.6429,1917,2096,-1050,348
1.6433,1917,2095,-1050,348
1.6437,1917,2095,-1050,348
1.6442,1917,2095,-1050,348
1.6446,1917,2094,-1050,348
1.6450,1917,2094,-1050,348
1.6454,1917,2093,-1050,348
1.6459,1917,2093,-1050,348
1.6463,1917,2091,-1050,340
1.6467,1917,2091,-1050,340
1.6471,1917,2091,-1050,340
1.6476,1917,2090,-1050,348
1.6480,1917,2090,-1050,348
1.6484,1917,2089,-1050,348
1.6489,1917,2089,-1050,348
1.6493,1917,2088,-1050,348
1.6497,1917,2088,-1050,348
1.6502,1911,2087,-1050,348
1.6510,1911,2087,-1050,348
1.6514,1911,2086,-1050,348
1.6519,1911,2086,-1050,348
1.6523,1911,2085,-1050,348
1.6527,1911,2085,-1050,348
1.6531,1911,2085,-1050,348
1.6536,1911,2084,-1050,348
1.6540,1911,2084,-1050,348
1.6544,1911,2083,-1050,356
1.6549,1911,2083,-1050,356
1.6553,1911,2081,-1050,348
1.6557,1911,2081,-1050,348
1.6561,1911,2081,-1050,348
1.6566,1911,2080,-1050,348
1.6570,1911,2080,-1050,348
1.6574,1911,2079,-1050,348
1.6579,1911,2079,-1050,348
1.6583,1911,2078,-1050,340
1.6587,1911,2078,-1050,340
1.6591,1911,2078,-1050,340
1.6595,1911,2077,-1050,340
1.6599,1911,2077,-1050,340
1.6603,1905,2076,-1100,340
1.6611,1905,2076,-1100,340
1.6616,1905,2075,-1100,348
1.6620,1905,2075,-1100,348
1.6625,1905,2073,-1100,340
1.6629,1905,2073,-1100,340
1.6633,1905,2072,-1100,340
1.6637,1905,2072,-1100,340
1.6641,1905,2072,-1100,340
1.6646,1905,2071,-1100,340
1.6651,1905,2071,-1100,340
1.6656,1905,2070,-1100,340
1.6660,1905,2070,-1100,340
1.6664,1905,2069,-1100,340
1.6669,1905,2069,-1100,340
1.6673,1905,2068,-1100,340
1.6677,1905,2068,-1100,340
1.6681,1905,2068,-1100,340
1.6686,1905,2066,-1100,332
1.6690,1905,2066,-1100,332
1.6694,1905,2065,-1100,340
1.6698,1905,2065,-1100,340
1.6702,1899,2064,-1100,340
1.6711,1899,2064,-1100,340
1.6715,1899,2063,-1100,340
1.6719,1899,2063,-1100,340
1.6724,1899,2062,-1100,340
1.6729,1899,2062,-1100,340
1.6733,1899,2060,-1100,332
1.6737,1899,2060,-1100,332
1.6741,1899,2059,-1100,332
1.6746,1899,2059,-1100,332
1.6750,1899,2059,-1100,332
1.6754,1899,2058,-1100,332
1.6758,1899,2058,-1100,332
1.6763,1899,2057,-1100,332
1.6767,1899,2057,-1100,332
1.6771,1899,2056,-1100,332
1.6776,1899,2056,-1100,332
1.6780,1899,2056,-1100,332
1.6784,1899,2055,-1100,324
1.6788,1899,2055,-1100,324
1.6793,1899,2054,-1100,332
1.6797,1899,2054,-1100,332
1.6801,1895,2052,-1200,324
1.6809,1895,2052,-1200,324
1.6813,1895,2051,-1200,324
1.6818,1895,2051,-1200,324
1.6822,1895,2050,-1200,324
1.6826,1895,2050,-1200,324
1.6830,1895,2050,-1200,324
1.6835,1895,2049,-1200,324
1.6839,1895,2049,-1200,324
1.6843,1895,2048,-1200,324
1.6847,1895,2048,-1200,324
1.6851,1895,2047,-1200,324
1.6856,1895,2047,-1200,324
1.6860,1895,2047,-1200,324
1.6864,1895,2045,-1200,316
1.6868,1895,2045,-1200,316
1.6872,1895,2044,-1200,316
1.6877,1895,2044,-1200,316
1.6881,1895,2043,-1200,316
1.6885,1895,2043,-1200,316
1.6889,1895,2043,-1200,316
1.6893,1895,2042,-1200,316
1.6897,1895,2042,-1200,316
1.6902,1890,2041,-1200,316
1.6910,1890,2041,-1200,316
1.6914,1890,2040,-1200,316
1.6918,1890,2040,-1200,316
1.6923,1890,2038,-1200,308
1.6927,1890,2038,-1200,308
1.6931,1890,2037,-1200,308
1.6936,1890,2037,-1200,308
1.6940,1890,2037,-1200,308
1.6944,1890,2036,-1200,308
1.6948,1890,2036,-1200,308
1.6952,1890,2035,-1200,308
1.6957,1890,2035,-1200,308
1.6961,1890,2034,-1200,316
1.6966,1890,2034,-1200,316
1.6970,1890,2033,-1200,316
1.6974,1890,2033,-1200,316
1.6979,1890,2033,-1200,316
1.6983,1890,2032,-1200,316
1.6987,1890,2032,-1200,316
1.6992,1890,2030,-1200,308
1.6996,1890,2030,-1200,308
1.7000,1887,2029,-1150,308
1.7008,1887,2029,-1150,308
1.7013,1887,2028,-1150,308
1.7017,1887,2028,-1150,308
1.7021,1887,2027,-1150,308
1.7026,1887,2027,-1150,308
1.7030,1887,2026,-1150,308
1.7034,1887,2026,-1150,308
1.7038,1887,2026,-1150,308
1.7043,1887,2025,-1150,308
1.7047,1887,2025,-1150,308
1.7051,1887,2024,-1150,308
1.7056,1887,2024,-1150,308
1.7060,1887,2022,-1150,300
1.7065,1887,2022,-1150,300
1.7069,1887,2022,-1150,300
1.7073,1887,2021,-1150,300
1.7077,1887,2021,-1150,300
1.7082,1887,2021,-1150,308
1.7086,1887,2021,-1150,308
1.7090,1887,2019,-1150,300
1.7094,1887,2019,-1150,300
1.7099,1887,2019,-1150,300
1.7103,1884,2018,-1150,300
1.7111,1884,2017,-1150,300
1.7116,1884,2017,-1150,300
1.7120,1884,2016,-1150,300
1.7125,1884,2016,-1150,300
1.7129,1884,2016,-1150,300
1.7133,1884,2015,-1150,300
1.7138,1884,2015,-1150,300
1.7142,1884,2013,-1150,292
1.7147,1884,2013,-1150,292
1.7151,1884,2013,-1150,300
1.7156,1884,2013,-1150,300
1.7161,1884,2011,-1150,292
1.7166,1884,2011,-1150,292
1.7170,1884,2010,-1150,292
1.7175,1884,2010,-1150,292
1.7179,1884,2010,-1150,292
1.7183,1884,2009,-1150,272
1.7187,1884,2009,-1150,272
1.7191,1884,2008,-1150,272
1.7196,1884,2008,-1150,272
1.7200,1884,2007,-1100,272
1.7204,1881,2007,-1100,272
1.7212,1881,2006,-1100,272
1.7216,1881,2006,-1100,272
1.7221,1881,2005,-1100,272
1.7225,1881,2005,-1100,272
1.7229,1881,2005,-1100,272
1.7233,1881,2004,-1100,272
1.7237,1881,2004,-1100,272
1.7242,1881,2003,-1100,272
1.7246,1881,2003,-1100,272
1.7250,1881,2002,-1100,272
1.7255,1881,2002,-1100,272
1.7259,1881,2001,-1100,272
1.7263,1881,2001,-1100,272
1.7267,1881,2001,-1100,272
1.7272,1881,2000,-1100,272
1.7276,1881,2000,-1100,272
1.7280,1881,1999,-1100,272
1.7284,1881,1999,-1100,272
1.7289,1881,1999,-1100,272
1.7293,1881,1998,-1100,272
1.7297,1881,1998,-1100,272
1.7302,1880,1997,-1100,272
1.7310,1880,1996,-1100,272
1.7314,1880,1996,-1100,272
1.7319,1880,1995,-1100,272
1.7323,1880,1995,-1100,272
1.7328,1880,1995,-1100,272
1.7332,1880,1994,-1100,264
1.7336,1880,1994,-1100,264
1.7341,1880,1993,-1100,264
1.7345,1880,1993,-1100,264
1.7349,1880,1992,-1100,264
1.7354,1880,1992,-1100,264
1.7358,1880,1992,-1100,264
1.7362,1880,1991,-1100,264
1.7366,1880,1991,-1100,264
1.7371,1880,1990,-1100,264
1.7376,1880,1990,-1100,264
1.7380,1880,1989,-1100,276
1.7385,1880,1989,-1100,276
1.7389,1880,1988,-1100,276
1.7393,1880,1988,-1100,276
1.7398,1880,1988,-1100,276
1.7402,1879,1987,-1000,276
1.7410,1879,1986,-1000,268
1.7414,1879,1986,-1000,268
1.7419,1879,1985,-1000,268
1.7423,1879,1985,-1000,268
1.7427,1879,1985,-1000,268
1.7432,1879,1984,-1000,268
1.7436,1879,1984,-1000,268
1.7440,1879,1983,-1000,268
1.7445,1879,1983,-1000,268
1.7449,1879,1982,-1000,268
1.7453,1879,1982,-1000,268
1.7457,1879,1982,-1000,268
1.7462,1879,1981,-1000,268
1.7466,1879,1981,-1000,268
1.7470,1879,1980,-1000,268
1.7475,1879,1980,-1000,268
1.7479,1879,1979,-1000,260
1.7484,1879,1979,-1000,260
1.7488,1879,1978,-1000,260
1.7492,1879,1978,-1000,260
1.7497,1879,1978,-1000,260
1.7501,1878,1977,-1000,260
1.7509,1878,1976,-1000,260
1.7513,1878,1976,-1000,260
1.7518,1878,1976,-1000,260
1.7522,1878,1975,-1000,260
1.7526,1878,1975,-1000,260
1.7530,1878,1974,-1000,252
1.7534,1878,1974,-1000,252
1.7538,1878,1973,-1000,252
1.7542,1878,1973,-1000,252
1.7546,1878,1973,-1000,252
1.7551,1878,1972,-1000,252
1.7555,1878,1972,-1000,252
1.7559,1878,1971,-1000,252
1.7563,1878,1971,-1000,252
1.7567,1878,1971,-1000,252
1.7571,1878,1970,-1000,252
1.7576,1878,1970,-1000,252
1.7580,1878,1970,-1000,244
1.7584,1878,1970,-1000,244
1.7588,1878,1969,-1000,244
1.7592,1878,1969,-1000,244
1.7597,1878,1969,-1000,244
1.7601,1879,1968,-950,244
1.7609,1879,1967,-950,244
1.7613,1879,1967,-950,244
1.7617,1879,1967,-950,244
1.7622,1879,1966,-950,244
1.7626,1879,1966,-950,244
1.7630,1879,1965,-950,236
1.7634,1879,1965,-950,236
1.7638,1879,1964,-950,236
1.7642,1879,1964,-950,236
1.7647,1879,1964,-950,236
1.7650,1879,1963,-950,236
1.7654,1879,1963,-950,236
1.7658,1879,1962,-950,236
1.7662,1879,1962,-950,236
1.7666,1879,1962,-950,236
1.7670,1879,1961,-950,228
1.7675,1879,1961,-950,228
1.7679,1879,1960,-950,228
1.7683,1879,1960,-950,228
1.7687,1879,1960,-950,228
1.7691,1879,1959,-950,228
1.7695,1879,1959,-950,228
1.7699,1879,1959,-950,228
1.7703,1880,1959,-950,228
1.7711,1880,1958,-950,228
1.7715,1880,1958,-950,228
1.7718,1880,1957,-950,228
1.7722,1880,1957,-950,228
1.7727,1880,1957,-950,228
1.7731,1880,1956,-950,228
1.7735,1880,1956,-950,228
1.7739,1880,1955,-950,220
1.7743,1880,1955,-950,220
1.7747,1880,1954,-950,220
1.7751,1880,1954,-950,220
1.7756,1880,1954,-950,220
1.7760,1880,1953,-950,220
1.7764,1880,1953,-950,220
1.7768,1880,1952,-950,212
1.7772,1880,1952,-950,212
1.7776,1880,1952,-950,212
1.7780,1880,1951,-950,208
1.7784,1880,1951,-950,208
1.7788,1880,1950,-950,208
1.7792,1880,1950,-950,208
1.7796,1880,1950,-950,208
1.7800,1881,1949,-950,200
1.7808,1881,1949,-950,208
1.7812,1881,1949,-950,208
1.7817,1881,1949,-950,208
1.7821,1881,1948,-950,208
1.7825,1881,1948,-950,208
1.7829,1881,1947,-950,200
1.7833,1881,1947,-950,200
1.7837,1881,1946,-950,200
1.7841,1881,1946,-950,200
1.7845,1881,1946,-950,200
1.7849,1881,1945,-950,200
1.7853,1881,1945,-950,200
1.7857,1881,1944,-950,192
1.7861,1881,1944,-950,192
1.7866,1881,1944,-950,192
1.7870,1881,1943,-950,192
1.7874,1881,1943,-950,192
1.7878,1881,1942,-950,192
1.7882,1881,1942,-950,192
1.7886,1881,1942,-950,192
1.7891,1881,1942,-950,192
1.7895,1881,1942,-950,192
1.7899,1881,1941,-950,192
1.7903,1884,1941,-950,192
1.7910,1884,1940,-950,192
1.7914,1884,1940,-950,192
1.7919,1884,1939,-950,184
1.7923,1884,1939,-950,184
1.7927,1884,1939,-950,192
1.7931,1884,1939,-950,192
1.7935,1884,1939,-950,192
1.7939,1884,1938,-950,184
1.7943,1884,1938,-950,184
1.7947,1884,1937,-950,184
1.7951,1884,1937,-950,184
1.7956,1884,1937,-950,184
1.7960,1884,1936,-950,184
1.7964,1884,1936,-950,184
1.7968,1884,1936,-950,184
1.7972,1884,1936,-950,184
1.7976,1884,1936,-950,184
1.7980,1884,1935,-950,188
1.7984,1884,1935,-950,188
1.7988,1884,1934,-950,180
1.7992,1884,1934,-950,180
1.7996,1884,1934,-950,180
1.8000,1884,1933,-800,180
1.8004,1887,1932,-800,172
1.8011,1887,1932,-800,172
1.8015,1887,1932,-800,172
1.8019,1887,1932,-800,180
1.8023,1887,1932,-800,180
1.8027,1887,1931,-800,180
1.8031,1887,1931,-800,180
1.8035,1887,1931,-800,180
1.8038,1887,1930,-800,172
1.8042,1887,1930,-800,172
1.8046,1887,1929,-800,172
1.8051,1887,1929,-800,172
1.8056,1887,1929,-800,172
1.8060,1887,1929,-800,172
1.8064,1887,1929,-800,172
1.8068,1887,1928,-800,172
1.8072,1887,1928,-800,172
1.8076,1887,1928,-800,172
1.8080,1887,1928,-800,172
1.8084,1887,1928,-800,172
1.8088,1887,1927,-800,172
1.8092,1887,1927,-800,172
1.8096,1887,1927,-800,172
1.8100,1887,1926,-800,164
1.8104,1890,1925,-800,164
1.8111,1890,1925,-800,164
1.8116,1890,1925,-800,164
1.8120,1890,1925,-800,164
1.8124,1890,1925,-800,164
1.8128,1890,1924,-800,164
1.8133,1890,1924,-800,164
1.8137,1890,1923,-800,156
1.8141,1890,1923,-800,156
1.8145,1890,1923,-800,156
1.8149,1890,1923,-800,164
1.8153,1890,1923,-800,164
1.8157,1890,1922,-800,156
1.8161,1890,1922,-800,156
1.8166,1890,1921,-800,156
1.8170,1890,1921,-800,156
1.8174,1890,1921,-800,156
1.8178,1890,1921,-800,152
1.8182,1890,1921,-800,152
1.8186,1890,1920,-800,152
1.8190,1890,1920,-800,152
1.8194,1890,1920,-800,152
1.8198,1890,1919,-700,144
1.8202,1895,1919,-700,152
1.8210,1895,1919,-700,152
1.8214,1895,1919,-700,152
1.8218,1895,1918,-700,144
1.8222,1895,1918,-700,144
1.8226,1895,1917,-700,144
1.8230,1895,1917,-700,144
1.8234,1895,1917,-700,144
1.8238,1895,1917,-700,144
1.8243,1895,1917,-700,144
1.8247,1895,1916,-700,144
1.8251,1895,1916,-700,144
1.8255,1895,1916,-700,144
1.8259,1895,1916,-700,144
1.8263,1895,1916,-700,144
1.8267,1895,1915,-700,144
1.8271,1895,1915,-700,144
1.8276,1895,1914,-700,136
1.8280,1895,1914,-700,136
1.8284,1895,1914,-700,136
1.8288,1895,1914,-700,136
1.8292,1895,1914,-700,136
1.8297,1895,1913,-700,136
1.8301,1899,1913,-700,136
1.8308,1899,1913,-700,136
1.8312,1899,1913,-700,136
1.8316,1899,1912,-700,136
1.8320,1899,1912,-700,136
1.8324,1899,1912,-700,136
1.8328,1899,1911,-700,128
1.8332,1899,1911,-700,128
1.8336,1899,1911,-700,128
1.8340,1899,1911,-700,128
1.8344,1899,1911,-700,128
1.8348,1899,1910,-700,128
1.8352,1899,1910,-700,128
1.8356,1899,1910,-700,128
1.8360,1899,1910,-700,128
1.8365,1899,1910,-700,128
1.8369,1899,1909,-700,128
1.8373,1899,1909,-700,128
1.8377,1899,1909,-700,132
1.8381,1899,1909,-700,132
1.8386,1899,1908,-700,124
1.8390,1899,1908,-700,124
1.8394,1899,1908,-700,124
1.8397,1899,1908,-550,132
1.8401,1905,1907,-550,124
1.8410,1905,1907,-550,124
1.8414,1905,1907,-550,124
1.8418,1905,1907,-550,132
1.8423,1905,1907,-550,132
1.8427,1905,1906,-550,124
1.8431,1905,1906,-550,124
1.8436,1905,1906,-550,124
1.8440,1905,1906,-550,124
1.8444,1905,1906,-550,124
1.8448,1905,1905,-550,124
1.8452,1905,1905,-550,124
1.8456,1905,1904,-550,116
1.8460,1905,1904,-550,116
1.8463,1905,1904,-550,116
1.8467,1905,1904,-550,116
1.8471,1905,1904,-550,116
1.8476,1905,1903,-550,116
1.8480,1905,1903,-550,116
1.8484,1905,1903,-550,116
1.8488,1905,1903,-550,116
1.8492,1905,1903,-550,116
1.8496,1905,1902,-550,108
1.8500,1911,1902,-550,108
1.8508,1911,1902,-550,116
1.8512,1911,1902,-550,116
1.8516,1911,1901,-550,108
1.8520,1911,1901,-550,108
1.8524,1911,1901,-550,108
1.8528,1911,1901,-550,108
1.8532,1911,1901,-550,108
1.8536,1911,1900,-550,108
1.8540,1911,1900,-550,108
1.8544,1911,1900,-550,108
1.8549,1911,1900,-550,108
1.8553,1911,1900,-550,108
1.8557,1911,1899,-550,100
1.8561,1911,1899,-550,100
1.8566,1911,1899,-550,100
1.8570,1911,1899,-550,100
1.8574,1911,1898,-550,96
1.8578,1911,1898,-550,96
1.8583,1911,1898,-550,96
1.8587,1911,1898,-550,96
1.8592,1911,1898,-550,96
1.8596,1911,1897,-550,88
1.8600,1918,1897,-550,96
1.8608,1918,1897,-550,96
1.8613,1918,1897,-550,96
1.8617,1918,1896,-550,88
1.8621,1918,1896,-550,88
1.8626,1918,1896,-550,88
1.8630,1918,1896,-550,88
1.8634,1918,1896,-550,88
1.8639,1918,1896,-550,88
1.8643,1918,1896,-550,88
1.8647,1918,1895,-550,88
1.8651,1918,1895,-550,88
1.8656,1918,1895,-550,88
1.8660,1918,1895,-550,88
1.8664,1918,1895,-550,88
1.8667,1918,1895,-550,88
1.8672,1918,1895,-550,88
1.8676,1918,1894,-550,80
1.8680,1918,1894,-550,80
1.8684,1918,1893,-550,80
1.8689,1918,1893,-550,80
1.8693,1918,1893,-550,80
1.8697,1918,1893,-550,80
1.8701,1925,1893,-550,80
1.8710,1925,1893,-550,80
1.8714,1925,1893,-550,80
1.8719,1925,1893,-550,80
1.8723,1925,1893,-550,80
1.8727,1925,1892,-550,72
1.8731,1925,1892,-550,72
1.8736,1925,1892,-550,80
1.8740,1925,1892,-550,80
1.8744,1925,1891,-550,72
1.8748,1925,1891,-550,72
1.8752,1925,1891,-550,72
1.8756,1925,1891,-550,72
1.8760,1925,1891,-550,72
1.8764,1925,1890,-550,64
1.8768,1925,1890,-550,64
1.8773,1925,1890,-550,64
1.8777,1925,1890,-550,64
1.8781,1925,1890,-550,64
1.8786,1925,1890,-550,72
1.8790,1925,1890,-550,72
1.8795,1925,1890,-350,72
1.8799,1925,1890,-350,72
1.8803,1932,1889,-350,64
1.8811,1932,1889,-350,64
1.8815,1932,1889,-350,64
1.8819,1932,1889,-350,64
1.8823,1932,1888,-350,56
1.8827,1932,1888,-350,56
1.8832,1932,1888,-350,56
1.8836,1932,1888,-350,56
1.8840,1932,1888,-350,56
1.8844,1932,1888,-350,64
1.8848,1932,1888,-350,64
1.8852,1932,1888,-350,64
1.8857,1932,1887,-350,56
1.8861,1932,1887,-350,56
1.8865,1932,1887,-350,56
1.8869,1932,1887,-350,56
1.8874,1932,1887,-350,56
1.8878,1932,1887,-350,56
1.8882,1932,1887,-350,56
1.8886,1932,1887,-350,56
1.8890,1932,1887,-350,56
1.8895,1932,1887,-350,56
1.8899,1932,1887,-350,56
1.8903,1940,1886,-350,48
1.8910,1940,1886,-350,48
1.8914,1940,1886,-350,48
1.8918,1940,1886,-350,48
1.8923,1940,1886,-350,56
1.8927,1940,1886,-350,56
1.8931,1940,1886,-350,56
1.8936,1940,1885,-350,48
1.8940,1940,1885,-350,48
1.8944,1940,1885,-350,48
1.8948,1940,1885,-350,48
1.8953,1940,1885,-350,48
1.8957,1940,1885,-350,48
1.8961,1940,1885,-350,48
1.8966,1940,1885,-350,48
1.8970,1940,1885,-350,48
1.8974,1940,1884,-350,44
1.8978,1940,1884,-350,44
1.8982,1940,1884,-350,44
1.8986,1940,1884,-350,44
1.8991,1940,1884,-350,44
1.8995,1940,1884,-300,44
1.8999,1940,1884,-300,44
1.9003,1949,1883,-300,36
1.9011,1949,1883,-300,36
1.9016,1949,1883,-300,36
1.9020,1949,1883,-300,36
1.9024,1949,1883,-300,36
1.9028,1949,1883,-300,36
1.9032,1949,1883,-300,36
1.9037,1949,1883,-300,36
1.9041,1949,1883,-300,36
1.9045,1949,1883,-300,36
1.9049,1949,1883,-300,36
1.9053,1949,1882,-300,28
1.9057,1949,1882,-300,28
1.9061,1949,1882,-300,28
1.9066,1949,1882,-300,28
1.9070,1949,1882,-300,28
1.9074,1949,1882,-300,28
1.9078,1949,1882,-300,28
1.9081,1949,1882,-300,28
1.9086,1949,1882,-300,28
1.9089,1949,1882,-300,28
1.9093,1949,1882,-300,28
1.9097,1949,1882,-300,28
1.9101,1958,1881,-300,20
1.9109,1958,1881,-300,20
1.9113,1958,1881,-300,20
1.9117,1958,1881,-300,20
1.9121,1958,1881,-300,20
1.9125,1958,1881,-300,20
1.9129,1958,1881,-300,20
1.9133,1958,1881,-300,20
1.9137,1958,1881,-300,20
1.9141,1958,1881,-300,20
1.9146,1958,1881,-300,20
1.9150,1958,1881,-300,20
1.9154,1958,1880,-300,-20
1.9158,1958,1880,-300,-20
1.9162,1958,1880,-300,-28
1.9166,1958,1880,-300,-28
1.9169,1958,1880,-300,-28
1.9174,1958,1880,-300,-36
1.9178,1958,1880,-300,-36
1.9182,1958,1880,-300,-36
1.9186,1958,1880,-300,-36
1.9190,1958,1880,-300,-36
1.9194,1958,1880,-200,-36
1.9198,1958,1880,-200,-36
1.9202,1967,1880,-200,-36
1.9210,1967,1880,-200,-36
1.9214,1967,1880,-200,-36
1.9218,1967,1880,-200,-36
1.9223,1967,1880,-200,-36
1.9227,1967,1880,-200,-36
1.9231,1967,1880,-200,-36
1.9236,1967,1880,-200,-36
1.9240,1967,1880,-200,-36
1.9245,1967,1880,-200,-36
1.9249,1967,1880,-200,-36
1.9253,1967,1880,-200,-36
1.9257,1967,1880,-200,-36
1.9261,1967,1880,-200,-36
1.9266,1967,1880,-200,-36
1.9270,1967,1880,-200,-36
1.9274,1967,1880,-200,-36
1.9278,1967,1880,-200,-36
1.9283,1967,1880,-200,-36
1.9287,1967,1880,-200,-36
1.9291,1967,1880,-200,-36
1.9296,1967,1880,-200,-36
1.9300,1976,1879,-200,-44
1.9308,1976,1879,-200,-44
1.9312,1976,1879,-200,-44
1.9316,1976,1879,-200,-44
1.9321,1976,1879,-200,-44
1.9325,1976,1879,-200,-44
1.9329,1976,1879,-200,-44
1.9333,1976,1879,-200,-44
1.9337,1976,1879,-200,-44
1.9341,1976,1879,-200,-44
1.9346,1976,1879,-200,-44
1.9350,1976,1879,-200,-44
1.9354,1976,1879,-200,-44
1.9358,1976,1879,-200,-44
1.9362,1976,1879,-200,-52
1.9367,1976,1879,-200,-52
1.9371,1976,1879,-200,-40
1.9376,1976,1879,-200,-40
1.9380,1976,1879,-200,-40
1.9384,1976,1879,-200,-40
1.9388,1976,1879,-200,-40
1.9393,1976,1879,-50,-40
1.9397,1976,1879,-50,-40
1.9401,1986,1879,-50,-48
1.9409,1986,1879,-50,-48
1.9413,1986,1879,-50,-48
1.9417,1986,1879,-50,-48
1.9421,1986,1879,-50,-48
1.9426,1986,1879,-50,-48
1.9430,1986,1879,-50,-48
1.9434,1986,1879,-50,-48
1.9438,1986,1879,-50,-48
1.9443,1986,1879,-50,-48
1.9447,1986,1879,-50,-48
1.9451,1986,1879,-50,-56
1.9455,1986,1879,-50,-56
1.9459,1986,1879,-50,-56
1.9463,1986,1879,-50,-56
1.9467,1986,1879,-50,-56
1.9471,1986,1879,-50,-56
1.9476,1986,1879,-50,-56
1.9480,1986,1879,-50,-56
1.9484,1986,1879,-50,-64
1.9489,1986,1879,-50,-64
1.9493,1986,1879,-50,-64
1.9497,1986,1879,-50,-64
1.9501,1996,1879,-50,-64
1.9510,1996,1879,-50,-64
1.9514,1996,1879,-50,-64
1.9518,1996,1879,-50,-64
1.9522,1996,1879,-50,-72
1.9527,1996,1879,-50,-72
1.9531,1996,1879,-50,-72
1.9536,1996,1879,-50,-72
1.9540,1996,1879,-50,-72
1.9544,1996,1879,-50,-72
1.9548,1996,1879,-50,-72
1.9552,1996,1879,-50,-80
1.9557,1996,1879,-50,-80
1.9561,1996,1879,-50,-80
1.9566,1996,1879,-50,-80
1.9570,1996,1879,-50,-80
1.9574,1996,1879,-50,-92
1.9578,1996,1879,-50,-92
1.9583,1996,1879,-50,-92
1.9587,1996,1879,-50,-92
1.9591,1996,1879,0,-100
1.9595,1996,1879,0,-100
1.9599,1996,1879,0,-100
1.9603,2007,1879,0,-100
1.9611,2007,1879,0,-100
1.9616,2007,1879,0,-100
1.9620,2007,1879,0,-108
1.9624,2007,1879,0,-108
1.9628,2007,1879,0,-108
1.9633,2007,1879,0,-108
1.9637,2007,1879,0,-108
1.9641,2007,1879,0,-108
1.9646,2007,1879,0,-108
1.9650,2007,1879,0,-116
1.9654,2007,1879,0,-116
1.9658,2007,1879,0,-116
1.9663,2007,1879,0,-116
1.9667,2007,1879,0,-116
1.9671,2007,1879,0,-116
1.9676,2007,1879,0,-116
1.9680,2007,1879,0,-124
1.9684,2007,1879,0,-124
1.9689,2007,1879,0,-124
1.9693,2007,1879,0,-124
1.9697,2007,1879,0,-124
1.9702,2017,1879,0,-132
1.9710,2017,1879,0,-132
1.9714,2017,1879,0,-132
1.9719,2017,1879,0,-132
1.9723,2017,1879,0,-132
1.9727,2017,1879,0,-132
1.9731,2017,1879,0,-140
1.9736,2017,1879,0,-140
1.9740,2017,1879,0,-140
1.9744,2017,1879,0,-140
1.9749,2017,1879,0,-140
1.9753,2017,1879,0,-148
1.9757,2017,1879,0,-148
1.9761,2017,1880,0,-140
1.9766,2017,1880,0,-140
1.9770,2017,1880,0,-144
1.9774,2017,1880,0,-144
1.9779,2017,1880,0,-144
1.9783,2017,1880,0,-152
1.9787,2017,1880,0,-152
1.9791,2017,1880,50,-152
1.9796,2017,1880,50,-152
1.9800,2028,1881,50,-152
1.9809,2028,1881,50,-152
1.9813,2028,1881,50,-152
1.9817,2028,1881,50,-152
1.9821,2028,1881,50,-152
1.9826,2028,1881,50,-152
1.9830,2028,1882,50,-152
1.9834,2028,1882,50,-152
1.9838,2028,1882,50,-152
1.9843,2028,1882,50,-152
1.9847,2028,1882,50,-152
1.9851,2028,1882,50,-160
1.9856,2028,1882,50,-160
1.9860,2028,1883,50,-152
1.9864,2028,1883,50,-152
1.9868,2028,1883,50,-152
1.9872,2028,1883,50,-160
1.9877,2028,1883,50,-160
1.9881,2028,1883,50,-160
1.9885,2028,1883,50,-160
1.9889,2028,1884,50,-160
1.9893,2028,1884,50,-160
1.9897,2028,1884,50,-160
1.9902,2038,1884,50,-160
1.9910,2038,1885,50,-160
1.9914,2038,1885,50,-160
1.9919,2038,1885,50,-160
1.9923,2038,1885,50,-160
1.9927,2038,1885,50,-160
1.9931,2038,1885,50,-168
1.9936,2038,1885,50,-168
1.9940,2038,1886,50,-160
1.9944,2038,1886,50,-160
1.9948,2038,1886,50,-160
1.9952,2038,1886,50,-168
1.9956,2038,1886,50,-168
1.9961,2038,1886,50,-168
1.9965,2038,1886,50,-168
1.9969,2038,1887,50,-156
1.9973,2038,1887,50,-156
1.9977,2038,1887,50,-156
1.9981,2038,1887,50,-156
1.9986,2038,1887,50,-156
1.9990,2038,1888,400,-156
1.9994,2038,1888,400,-156
1.9998,2038,1888,400,-156
2.0002,2049,1888,400,-156
2.0010,2049,1889,400,-156
2.0014,2049,1889,400,-156
2.0018,2049,1889,400,-156
2.0022,2049,1889,400,-156
2.0026,2049,1889,400,-156
2.0030,2049,1890,400,-156
2.0034,2049,1890,400,-156
2.0038,2049,1890,400,-156
2.0042,2049,1890,400,-156
2.0046,2049,1890,400,-156
2.0050,2049,1891,400,-156
2.0054,2049,1891,400,-156
2.0058,2049,1891,400,-156
2.0063,2049,1891,400,-156
2.0067,2049,1891,400,-156
2.0071,2049,1891,400,-164
2.0075,2049,1891,400,-164
2.0079,2049,1892,400,-164
2.0083,2049,1892,400,-164
2.0087,2049,1892,400,-164
2.0091,2049,1892,400,-164
2.0095,2049,1892,400,-164
2.0099,2049,1893,400,-164
2.0103,2060,1893,400,-164
2.0110,2060,1894,400,-156
2.0114,2060,1894,400,-156
2.0118,2060,1894,400,-164
2.0123,2060,1894,400,-164
2.0127,2060,1894,400,-164
2.0131,2060,1894,400,-164
2.0135,2060,1894,400,-164
2.0139,2060,1895,400,-164
2.0143,2060,1895,400,-164
2.0147,2060,1895,400,-164
2.0151,2060,1895,400,-172
2.0156,2060,1895,400,-172
2.0160,2060,1896,400,-164
2.0164,2060,1896,400,-164
2.0168,2060,1896,400,-168
2.0172,2060,1896,400,-168
2.0176,2060,1896,400,-168
2.0180,2060,1897,400,-160
2.0184,2060,1897,400,-160
2.0188,2060,1897,450,-168
2.0192,2060,1897,450,-168
2.0196,2060,1897,450,-168
2.0200,2070,1898,450,-168
2.0208,2070,1898,450,-168
2.0212,2070,1898,450,-168
2.0216,2070,1898,450,-168
2.0220,2070,1899,450,-168
2.0224,2070,1899,450,-168
2.0228,2070,1899,450,-176
2.0232,2070,1899,450,-176
2.0236,2070,1899,450,-176
2.0240,2070,1900,450,-168
2.0244,2070,1900,450,-168
2.0249,2070,1900,450,-176
2.0253,2070,1900,450,-176
2.0257,2070,1900,450,-176
2.0261,2070,1901,450,-176
2.0266,2070,1901,450,-176
2.0270,2070,1901,450,-176
2.0274,2070,1901,450,-176
2.0278,2070,1901,450,-184
2.0283,2070,1901,450,-184
2.0287,2070,1901,450,-184
2.0291,2070,1902,450,-184
2.0296,2070,1902,450,-184
2.0300,2081,1903,450,-176
2.0308,2081,1903,450,-184
2.0312,2081,1903,450,-184
2.0316,2081,1903,450,-184
2.0320,2081,1904,450,-184
2.0324,2081,1904,450,-184
2.0328,2081,1904,450,-184
2.0333,2081,1904,450,-184
2.0337,2081,1904,450,-184
2.0341,2081,1905,450,-184
2.0346,2081,1905,450,-184
2.0350,2081,1905,450,-192
2.0354,2081,1905,450,-192
2.0358,2081,1906,450,-184
2.0363,2081,1906,450,-184
2.0367,2081,1907,450,-184
2.0371,2081,1907,450,-184
2.0376,2081,1907,450,-184
2.0380,2081,1907,450,-192
2.0384,2081,1907,450,-192
2.0388,2081,1907,500,-200
2.0392,2081,1907,500,-200
2.0396,2081,1907,500,-200
2.0401,2092,1908,500,-192
2.0408,2092,1909,500,-192
2.0412,2092,1909,500,-192
2.0416,2092,1909,500,-192
2.0420,2092,1909,500,-200
2.0424,2092,1909,500,-200
2.0428,2092,1910,500,-192
2.0432,2092,1910,500,-192
2.0437,2092,1911,500,-192
2.0441,2092,1911,500,-192
2.0446,2092,1911,500,-192
2.0450,2092,1911,500,-200
2.0454,2092,1911,500,-200
2.0458,2092,1912,500,-200
2.0462,2092,1912,500,-200
2.0467,2092,1912,500,-200
2.0471,2092,1912,500,-200
2.0475,2092,1912,500,-200
2.0479,2092,1913,500,-200
2.0483,2092,1913,500,-200
2.0487,2092,1913,500,-208
2.0491,2092,1913,500,-208
2.0496,2092,1913,500,-208
2.0500,2102,1914,500,-208
2.0508,2102,1915,500,-208
2.0513,2102,1915,500,-208
2.0517,2102,1915,500,-208
2.0522,2102,1915,500,-208
2.0526,2102,1915,500,-208
2.0530,2102,1916,500,-208
2.0535,2102,1916,500,-208
2.0539,2102,1916,500,-216
2.0543,2102,1916,500,-216
2.0547,2102,1917,500,-216
2.0551,2102,1917,500,-216
2.0556,2102,1918,500,-216
2.0560,2102,1918,500,-216
2.0565,2102,1918,500,-216
2.0569,2102,1918,500,-224
2.0573,2102,1918,500,-224
2.0577,2102,1919,500,-224
2.0582,2102,1919,500,-224
2.0586,2102,1919,500,-224
2.0590,2102,1920,650,-224
2.0594,2102,1920,650,-224
2.0599,2102,1920,650,-232
2.0603,2112,1921,650,-232
2.0611,2112,1921,650,-232
2.0616,2112,1922,650,-224
2.0620,2112,1922,650,-224
2.0625,2112,1922,650,-224
2.0629,2112,1922,650,-232
2.0633,2112,1922,650,-232
2.0639,2112,1923,650,-232
2.0643,2112,1923,650,-232
2.0648,2112,1924,650,-232
2.0652,2112,1924,650,-232
2.0657,2112,1924,650,-240
2.0661,2112,1924,650,-240
2.0665,2112,1924,650,-240
2.0669,2112,1925,650,-240
2.0673,2112,1925,650,-240
2.0677,2112,1925,650,-248
2.0681,2112,1925,650,-248
2.0686,2112,1926,650,-240
2.0690,2112,1926,650,-240
2.0694,2112,1926,650,-240
2.0697,2112,1927,650,-240
2.0701,2122,1927,650,-240
2.0708,2122,1928,650,-240
2.0712,2122,1928,650,-240
2.0716,2122,1928,650,-248
2.0720,2122,1928,650,-248
2.0724,2122,1928,650,-248
2.0728,2122,1929,650,-248
2.0733,2122,1929,650,-248
2.0737,2122,1929,650,-256
2.0741,2122,1929,650,-256
2.0746,2122,1930,650,-256
2.0750,2122,1930,650,-256
2.0754,2122,1930,650,-256
2.0758,2122,1931,650,-256
2.0763,2122,1931,650,-256
2.0767,2122,1932,650,-256
2.0771,2122,1932,650,-256
2.0776,2122,1933,650,-256
2.0780,2122,1933,650,-256
2.0784,2122,1933,650,-256
2.0789,2122,1933,650,-256
2.0793,2122,1933,650,-256
2.0797,2122,1934,650,-256
2.0801,2131,1935,650,-256
2.0810,2131,1935,650,-256
2.0814,2131,1935,650,-256
2.0818,2131,1936,650,-256
2.0823,2131,1936,650,-256
2.0827,2131,1937,650,-256
2.0831,2131,1937,650,-256
2.0836,2131,1937,650,-264
2.0840,2131,1937,650,-264
2.0844,2131,1937,650,-264
2.0849,2131,1938,650,-264
2.0853,2131,1938,650,-264
2.0857,2131,1939,650,-264
2.0861,2131,1939,650,-264
2.0866,2131,1940,650,-264
2.0870,2131,1940,650,-264
2.0875,2131,1941,650,-264
2.0879,2131,1941,650,-264
2.0883,2131,1941,650,-264
2.0887,2131,1941,650,-272
2.0892,2131,1941,650,-272
2.0896,2131,1942,650,-272
2.0900,2140,1942,650,-272
2.0908,2140,1943,650,-272
2.0912,2140,1943,650,-272
2.0916,2140,1944,650,-272
2.0920,2140,1944,650,-272
2.0924,2140,1944,650,-272
2.0928,2140,1944,650,-280
2.0932,2140,1944,650,-280
2.0937,2140,1945,650,-280
2.0941,2140,1945,650,-280
2.0946,2140,1946,650,-280
2.0950,2140,1946,650,-280
2.0955,2140,1947,650,-280
2.0959,2140,1947,650,-280
2.0963,2140,1947,650,-280
2.0968,2140,1948,650,-276
2.0972,2140,1948,650,-276
2.0976,2140,1948,650,-284
2.0980,2140,1948,650,-284
2.0984,2140,1948,650,-284
2.0988,2140,1949,800,-284
2.0992,2140,1949,800,-284
2.0997,2140,1950,800,-284
2.1001,2149,1951,800,-284
2.1008,2149,1951,800,-284
2.1012,2149,1951,800,-284
2.1016,2149,1952,800,-284
2.1021,2149,1952,800,-284
2.1025,2149,1953,800,-284
2.1029,2149,1953,800,-284
2.1033,2149,1953,800,-284
2.1037,2149,1954,800,-284
2.1041,2149,1954,800,-284
2.1046,2149,1955,800,-284
2.1050,2149,1955,800,-284
2.1054,2149,1956,800,-284
2.1058,2149,1956,800,-284
2.1062,2149,1956,800,-284
2.1066,2149,1957,800,-284
2.1070,2149,1957,800,-284
2.1074,2149,1958,800,-284
2.1078,2149,1958,800,-284
2.1082,2149,1958,800,-284
2.1086,2149,1958,800,-292
2.1090,2149,1958,800,-292
2.1094,2149,1959,800,-292
2.1099,2149,1959,800,-292
2.1103,2158,1960,800,-300
2.1111,2158,1960,800,-300
2.1115,2158,1961,800,-300
2.1119,2158,1961,800,-300
2.1123,2158,1961,800,-300
2.1127,2158,1962,800,-300
2.1131,2158,1962,800,-300
2.1135,2158,1963,800,-300
2.1139,2158,1963,800,-300
2.1143,2158,1963,800,-300
2.1147,2158,1964,800,-300
2.1151,2158,1964,800,-300
2.1156,2158,1964,800,-308
2.1160,2158,1964,800,-308
2.1165,2158,1965,800,-312
2.1169,2158,1965,800,-312
2.1173,2158,1965,800,-312
2.1177,2158,1966,800,-312
2.1181,2158,1966,800,-312
2.1185,2158,1967,900,-312
2.1189,2158,1967,900,-312
2.1193,2158,1967,900,-312
2.1197,2158,1968,900,-312
2.1201,2166,1969,900,-320
2.1208,2166,1969,900,-320
2.1212,2166,1969,900,-320
2.1217,2166,1970,900,-320
2.1221,2166,1970,900,-320
2.1225,2166,1971,900,-320
2.1229,2166,1971,900,-320
2.1232,2166,1971,900,-320
2.1236,2166,1972,900,-320
2.1240,2166,1972,900,-320
2.1244,2166,1973,900,-320
2.1248,2166,1973,900,-320
2.1252,2166,1973,900,-320
2.1256,2166,1974,900,-320
2.1260,2166,1974,900,-320
2.1264,2166,1975,900,-320
2.1268,2166,1975,900,-320
2.1272,2166,1975,900,-320
2.1276,2166,1976,900,-328
2.1280,2166,1976,900,-328
2.1284,2166,1977,900,-328
2.1288,2166,1977,900,-328
2.1292,2166,1977,900,-328
2.1296,2166,1978,900,-328
2.1300,2166,1978,900,-328
2.1304,2174,1979,900,-328
2.1312,2174,1979,900,-328
2.1316,2174,1980,900,-328
2.1320,2174,1980,900,-328
2.1324,2174,1981,900,-336
2.1329,2174,1981,900,-336
2.1333,2174,1981,900,-336
2.1337,2174,1982,900,-336
2.1341,2174,1982,900,-336
2.1346,2174,1983,900,-336
2.1350,2174,1983,900,-336
2.1354,2174,1984,900,-336
2.1358,2174,1984,900,-336
2.1363,2174,1984,900,-336
2.1367,2174,1985,900,-332
2.1371,2174,1985,900,-332
2.1376,2174,1986,900,-340
2.1380,2174,1986,900,-340
2.1384,2174,1987,1000,-340
2.1389,2174,1987,1000,-340
2.1393,2174,1988,1000,-340
2.1397,2174,1988,1000,-340
2.1401,2181,1989,1000,-340
2.1409,2181,1989,1000,-340
2.1413,2181,1990,1000,-340
2.1417,2181,1990,1000,-340
2.1421,2181,1990,1000,-340
2.1426,2181,1991,1000,-348
2.1430,2181,1991,1000,-348
2.1434,2181,1992,1000,-348
2.1438,2181,1992,1000,-348
2.1442,2181,1992,1000,-348
2.1446,2181,1993,1000,-348
2.1450,2181,1993,1000,-348
2.1454,2181,1994,1000,-348
2.1458,2181,1994,1000,-348
2.1462,2181,1994,1000,-348
2.1466,2181,1995,1000,-356
2.1470,2181,1995,1000,-356
2.1474,2181,1997,1000,-348
2.1478,2181,1997,1000,-348
2.1483,2181,1998,1000,-348
2.1487,2181,1998,1000,-348
2.1491,2181,1998,1000,-348
2.1495,2181,1999,1000,-348
2.1499,2181,1999,1000,-348
2.1503,2187,2000,1000,-348
2.1510,2187,2000,1000,-348
2.1514,2187,2001,1000,-356
2.1518,2187,2001,1000,-356
2.1522,2187,2002,1000,-356
2.1526,2187,2002,1000,-356
2.1530,2187,2002,1000,-356
2.1535,2187,2003,1000,-356
2.1539,2187,2003,1000,-356
2.1543,2187,2004,1000,-356
2.1547,2187,2004,1000,-356
2.1551,2187,2004,1000,-356
2.1556,2187,2005,1000,-356
2.1560,2187,2005,1000,-356
2.1564,2187,2007,1000,-344
2.1568,2187,2007,1000,-344
2.1573,2187,2008,1000,-352
2.1577,2187,2008,1000,-352
2.1582,2187,2008,1000,-352
2.1586,2187,2009,1100,-352
2.1590,2187,2009,1100,-352
2.1594,2187,2010,1100,-352
2.1598,2187,2010,1100,-352
2.1603,2193,2011,1100,-352
2.1611,2193,2011,1100,-352
2.1615,2193,2012,1100,-352
2.1619,2193,2012,1100,-352
2.1623,2193,2013,1100,-352
2.1627,2193,2013,1100,-352
2.1631,2193,2013,1100,-352
2.1636,2193,2014,1100,-360
2.1640,2193,2014,1100,-360
2.1644,2193,2016,1100,-352
2.1648,2193,2016,1100,-352
2.1653,2193,2017,1100,-352
2.1657,2193,2017,1100,-352
2.1661,2193,2017,1100,-352
2.1666,2193,2018,1100,-352
2.1670,2193,2018,1100,-352
2.1674,2193,2019,1100,-352
2.1678,2193,2019,1100,-352
2.1682,2193,2020,1100,-352
2.1686,2193,2020,1100,-352
2.1690,2193,2020,1100,-352
2.1694,2193,2021,1100,-360
2.1698,2193,2021,1100,-360
2.1702,2199,2022,1100,-360
2.1709,2199,2022,1100,-360
2.1713,2199,2024,1100,-352
2.1717,2199,2024,1100,-352
2.1721,2199,2024,1100,-352
2.1726,2199,2025,1100,-352
2.1729,2199,2025,1100,-352
2.1733,2199,2026,1100,-352
2.1737,2199,2026,1100,-352
2.1741,2199,2026,1100,-352
2.1745,2199,2027,1100,-352
2.1749,2199,2027,1100,-352
2.1753,2199,2028,1100,-352
2.1757,2199,2028,1100,-352
2.1761,2199,2028,1100,-352
2.1765,2199,2029,1100,-360
2.1769,2199,2029,1100,-360
2.1773,2199,2031,1100,-352
2.1777,2199,2031,1100,-352
2.1781,2199,2031,1100,-352
2.1786,2199,2032,1150,-352
2.1790,2199,2032,1150,-352
2.1794,2199,2033,1150,-352
2.1798,2199,2033,1150,-352
2.1802,2204,2034,1150,-352
2.1810,2204,2034,1150,-352
2.1814,2204,2035,1150,-352
2.1818,2204,2035,1150,-352
2.1822,2204,2037,1150,-344
2.1826,2204,2037,1150,-344
2.1830,2204,2037,1150,-344
2.1834,2204,2038,1150,-344
2.1838,2204,2038,1150,-344
2.1842,2204,2039,1150,-352
2.1846,2204,2039,1150,-352
2.1850,2204,2039,1150,-352
2.1854,2204,2040,1150,-352
2.1858,2204,2040,1150,-352
2.1862,2204,2042,1150,-344
2.1866,2204,2042,1150,-344
2.1870,2204,2042,1150,-344
2.1874,2204,2043,1150,-344
2.1877,2204,2043,1150,-344
2.1881,2204,2044,1150,-344
2.1886,2204,2044,1150,-344
2.1889,2204,2044,1150,-344
2.1893,2204,2045,1150,-344
2.1897,2204,2045,1150,-344
2.1900,2208,2046,1150,-344
2.1908,2208,2046,1150,-344
2.1911,2208,2047,1150,-344
2.1915,2208,2047,1150,-344
2.1919,2208,2047,1150,-344
2.1923,2208,2049,1150,-336
2.1926,2208,2049,1150,-336
2.1930,2208,2049,1150,-336
2.1934,2208,2050,1150,-336
2.1937,2208,2050,1150,-336
2.1941,2208,2051,1150,-336
2.1944,2208,2051,1150,-336
2.1948,2208,2051,1150,-336
2.1952,2208,2052,1150,-344
2.1956,2208,2052,1150,-344
2.1959,2208,2052,1150,-344
2.1963,2208,2054,1150,-316
2.1967,2208,2054,1150,-316
2.1971,2208,2055,1150,-316
2.1976,2208,2055,1150,-316
2.1979,2208,2055,1150,-316
2.1983,2208,2056,1200,-316
2.1987,2208,2056,1200,-316
2.1991,2208,2057,1200,-316
2.1995,2208,2057,1200,-316
2.1999,2208,2057,1200,-316
2.2003,2211,2058,1200,-316
2.2010,2211,2058,1200,-316
2.2014,2211,2060,1200,-308
2.2018,2211,2060,1200,-308
2.2022,2211,2061,1200,-308
2.2026,2211,2061,1200,-308
2.2029,2211,2061,1200,-308
2.2033,2211,2062,1200,-308
2.2037,2211,2062,1200,-308
2.2041,2211,2063,1200,-308
2.2044,2211,2063,1200,-308
2.2048,2211,2063,1200,-308
2.2051,2211,2064,1200,-308
2.2055,2211,2064,1200,-308
2.2059,2211,2064,1200,-308
2.2063,2211,2066,1200,-300
2.2067,2211,2066,1200,-300
2.2071,2211,2067,1200,-300
2.2076,2211,2067,1200,-300
2.2079,2211,2067,1200,-300
2.2083,2211,2068,1200,-300
2.2086,2211,2068,1200,-300
2.2090,2211,2069,1200,-300
2.2094,2211,2069,1200,-300
2.2097,2211,2069,1200,-300
2.2101,2214,2070,1200,-300
2.2109,2214,2070,1200,-300
2.2113,2214,2071,1200,-300
2.2117,2214,2071,1200,-300
2.2120,2214,2072,1200,-300
2.2124,2214,2072,1200,-300
2.2128,2214,2072,1200,-300
2.2132,2214,2073,1200,-300
2.2136,2214,2073,1200,-300
2.2139,2214,2073,1200,-300
2.2143,2214,2075,1200,-292
2.2147,2214,2075,1200,-292
2.2151,2214,2076,1200,-292
2.2154,2214,2076,1200,-292
2.2158,2214,2076,1200,-292
2.2162,2214,2077,1200,-292
2.2166,2214,2077,1200,-292
2.2170,2214,2077,1200,-292
2.2173,2214,2078,1200,-292
2.2177,2214,2078,1200,-292
2.2181,2214,2079,1150,-292
2.2185,2214,2079,1150,-292
2.2188,2214,2079,1150,-292
2.2192,2214,2080,1150,-292
2.2196,2214,2080,1150,-292
2.2200,2214,2081,1150,-292
2.2204,2217,2081,1150,-292
2.2211,2217,2083,1150,-284
2.2214,2217,2083,1150,-284
2.2218,2217,2083,1150,-284
2.2222,2217,2084,1150,-284
2.2226,2217,2084,1150,-284
2.2230,2217,2085,1150,-284
2.2233,2217,2085,1150,-284
2.2237,2217,2085,1150,-284
2.2241,2217,2086,1150,-284
2.2245,2217,2086,1150,-284
2.2249,2217,2086,1150,-284
2.2253,2217,2087,1150,-284
2.2257,2217,2087,1150,-284
2.2261,2217,2088,1150,-284
2.2264,2217,2088,1150,-284
2.2268,2217,2088,1150,-284
2.2272,2217,2089,1150,-284
2.2276,2217,2089,1150,-284
2.2279,2217,2090,1150,-284
2.2283,2217,2090,1150,-284
2.2287,2217,2090,1150,-284
2.2291,2217,2091,1150,-284
2.2295,2217,2091,1150,-284
2.2299,2217,2091,1150,-284
2.2303,2218,2092,1150,-284
2.2310,2218,2093,1150,-284
2.2314,2218,2093,1150,-284
2.2318,2218,2093,1150,-284
2.2322,2218,2094,1150,-284
2.2326,2218,2094,1150,-284
2.2330,2218,2095,1150,-284
2.2334,2218,2095,1150,-284
2.2337,2218,2095,1150,-284
2.2341,2218,2096,1150,-284
2.2345,2218,2096,1150,-284
2.2349,2218,2097,1150,-284
2.2353,2218,2097,1150,-284
2.2357,2218,2097,1150,-284
2.2361,2218,2098,1150,-292
2.2364,2218,2098,1150,-292
2.2368,2218,2098,1150,-292
2.2372,2218,2099,1150,-292
2.2376,2218,2099,1150,-292
2.2379,2218,2101,1100,-276
2.2383,2218,2101,1100,-276
2.2387,2218,2101,1100,-276
2.2391,2218,2102,1100,-276
2.2394,2218,2102,1100,-276
2.2398,2218,2102,1100,-276
2.2402,2219,2103,1100,-276
2.2409,2219,2104,1100,-276
2.2413,2219,2104,1100,-276
2.2417,2219,2104,1100,-276
2.2421,2219,2105,1100,-276
2.2425,2219,2105,1100,-276
2.2429,2219,2106,1100,-276
2.2433,2219,2106,1100,-276
2.2437,2219,2106,1100,-276
2.2441,2219,2107,1100,-276
2.2446,2219,2107,1100,-276
2.2449,2219,2108,1100,-276
2.2453,2219,2108,1100,-276
2.2457,2219,2108,1100,-276
2.2461,2219,2109,1100,-276
2.2464,2219,2109,1100,-276
2.2468,2219,2109,1100,-276
2.2472,2219,2110,1100,-268
2.2476,2219,2110,1100,-268
2.2480,2219,2111,1100,-268
2.2484,2219,2111,1100,-268
2.2488,2219,2111,1100,-268
2.2492,2219,2112,1100,-268
2.2496,2219,2112,1100,-268
2.2500,2219,2113,1100,-268
2.2504,2220,2113,1100,-268
2.2511,2220,2114,1100,-268
2.2515,2220,2114,1100,-268
2.2518,2220,2114,1100,-268
2.2522,2220,2115,1100,-268
2.2526,2220,2115,1100,-268
2.2530,2220,2116,1100,-268
2.2534,2220,2116,1100,-268
2.2537,2220,2116,1100,-268
2.2541,2220,2117,1100,-260
2.2546,2220,2117,1100,-260
2.2549,2220,2118,1100,-260
2.2553,2220,2118,1100,-260
2.2557,2220,2118,1100,-260
2.2561,2220,2119,1100,-248
2.2564,2220,2119,1100,-248
2.2568,2220,2119,1100,-248
2.2572,2220,2120,1100,-248
2.2576,2220,2120,1100,-248
2.2580,2220,2121,1000,-248
2.2583,2220,2121,1000,-248
2.2587,2220,2121,1000,-248
2.2591,2220,2122,1000,-248
2.2596,2220,2122,1000,-248
2.2599,2220,2123,1000,-240
2.2603,2219,2123,1000,-240
2.2610,2219,2124,1000,-240
2.2614,2219,2124,1000,-240
2.2618,2219,2125,1000,-240
2.2622,2219,2125,1000,-240
2.2626,2219,2125,1000,-240
2.2630,2219,2126,1000,-240
2.2634,2219,2126,1000,-240
2.2637,2219,2126,1000,-240
2.2641,2219,2126,1000,-248
2.2646,2219,2126,1000,-248
2.2651,2219,2127,1000,-240
2.2655,2219,2127,1000,-240
2.2659,2219,2128,1000,-240
2.2662,2219,2128,1000,-240
2.2666,2219,2128,1000,-240
2.2670,2219,2129,1000,-240
2.2674,2219,2129,1000,-240
2.2678,2219,2130,1000,-240
2.2682,2219,2130,1000,-240
2.2686,2219,2130,1000,-240
2.2690,2219,2131,1000,-232
2.2694,2219,2131,1000,-232
2.2698,2219,2131,1000,-232
2.2702,2218,2132,1000,-232
2.2710,2218,2133,1000,-232
2.2713,2218,2133,1000,-232
2.2717,2218,2133,1000,-232
2.2721,2218,2134,1000,-232
2.2726,2218,2134,1000,-232
2.2730,2218,2135,1000,-224
2.2733,2218,2135,1000,-224
2.2737,2218,2135,1000,-224
2.2741,2218,2136,1000,-224
2.2745,2218,2136,1000,-224
2.2748,2218,2137,1000,-224
2.2752,2218,2137,1000,-224
2.2756,2218,2137,1000,-224
2.2760,2218,2138,1000,-228
2.2764,2218,2138,1000,-228
2.2767,2218,2138,1000,-228
2.2771,2218,2139,1000,-220
2.2776,2218,2139,1000,-220
2.2779,2218,2140,950,-220
2.2783,2218,2140,950,-220
2.2787,2218,2140,950,-220
2.2791,2218,2141,950,-220
2.2796,2218,2141,950,-220
2.2800,2218,2141,950,-228
2.2803,2217,2141,950,-228
2.2811,2217,2142,950,-220
2.2814,2217,2142,950,-220
2.2818,2217,2143,950,-220
2.2822,2217,2143,950,-220
2.2826,2217,2143,950,-220
2.2830,2217,2144,950,-220
2.2834,2217,2144,950,-220
2.2838,2217,2145,950,-212
2.2842,2217,2145,950,-212
2.2846,2217,2145,950,-212
2.2850,2217,2146,950,-212
2.2854,2217,2146,950,-212
2.2858,2217,2147,950,-212
2.2861,2217,2147,950,-212
2.2866,2217,2147,950,-212
2.2869,2217,2148,950,-204
2.2873,2217,2148,950,-204
2.2877,2217,2148,950,-212
2.2881,2217,2148,950,-212
2.2886,2217,2148,950,-212
2.2890,2217,2149,950,-212
2.2894,2217,2149,950,-212
2.2898,2217,2150,950,-204
2.2902,2214,2150,950,-204
2.2910,2214,2151,950,-204
2.2914,2214,2151,950,-204
2.2917,2214,2152,950,-204
2.2921,2214,2152,950,-204
2.2925,2214,2152,950,-204
2.2929,2214,2153,950,-196
2.2933,2214,2153,950,-196
2.2937,2214,2154,950,-196
2.2941,2214,2154,950,-196
2.2946,2214,2154,950,-196
2.2949,2214,2155,950,-196
2.2953,2214,2155,950,-196
2.2957,2214,2155,950,-196
2.2960,2214,2155,950,-192
2.2964,2214,2155,950,-192
2.2968,2214,2156,950,-192
2.2972,2214,2156,950,-192
2.2975,2214,2156,950,-192
2.2979,2214,2157,850,-184
2.2983,2214,2157,850,-184
2.2987,2214,2158,850,-184
2.2991,2214,2158,850,-184
2.2994,2214,2158,850,-184
2.2998,2214,2158,850,-192
2.3002,2211,2158,850,-192
2.3009,2211,2159,850,-184
2.3013,2211,2159,850,-184
2.3017,2211,2160,850,-184
2.3021,2211,2160,850,-184
2.3025,2211,2160,850,-184
2.3028,2211,2161,850,-176
2.3032,2211,2161,850,-176
2.3036,2211,2161,850,-176
2.3040,2211,2162,850,-176
2.3044,2211,2162,850,-176
2.3048,2211,2162,850,-184
2.3051,2211,2162,850,-184
2.3055,2211,2162,850,-184
2.3059,2211,2163,850,-176
2.3063,2211,2163,850,-176
2.3067,2211,2163,850,-184
2.3071,2211,2163,850,-184
2.3076,2211,2163,850,-184
2.3079,2211,2164,850,-176
2.3083,2211,2164,850,-176
2.3087,2211,2165,850,-176
2.3091,2211,2165,850,-176
2.3096,2211,2165,850,-176
2.3099,2211,2166,850,-176
2.3103,2208,2166,850,-176
2.3110,2208,2166,850,-176
2.3114,2208,2166,850,-176
2.3118,2208,2167,850,-176
2.3122,2208,2167,850,-176
2.3126,2208,2167,850,-176
2.3130,2208,2168,850,-168
2.3133,2208,2168,850,-168
2.3137,2208,2168,850,-176
2.3141,2208,2168,850,-176
2.3146,2208,2168,850,-176
2.3149,2208,2169,850,-168
2.3153,2208,2169,850,-168
2.3157,2208,2170,850,-172
2.3161,2208,2170,850,-172
2.3166,2208,2170,850,-172
2.3170,2208,2171,850,-164
2.3174,2208,2171,850,-164
2.3178,2208,2171,700,-172
2.3182,2208,2171,700,-172
2.3186,2208,2172,700,-164
2.3190,2208,2172,700,-164
2.3194,2208,2172,700,-164
2.3198,2208,2173,700,-164
2.3202,2203,2174,700,-156
2.3210,2203,2174,700,-156
2.3214,2203,2174,700,-156
2.3218,2203,2174,700,-164
2.3222,2203,2174,700,-164
2.3226,2203,2174,700,-164
2.3230,2203,2175,700,-156
2.3234,2203,2175,700,-156
2.3237,2203,2175,700,-164
2.3242,2203,2175,700,-164
2.3246,2203,2176,700,-156
2.3250,2203,2176,700,-156
2.3254,2203,2176,700,-156
2.3257,2203,2177,700,-156
2.3261,2203,2177,700,-156
2.3266,2203,2178,700,-148
2.3270,2203,2178,700,-148
2.3273,2203,2178,700,-148
2.3277,2203,2178,700,-156
2.3281,2203,2178,700,-156
2.3285,2203,2179,700,-148
2.3289,2203,2179,700,-148
2.3293,2203,2179,700,-148
2.3297,2203,2180,700,-148
2.3301,2199,2180,700,-148
2.3308,2199,2181,700,-140
2.3312,2199,2181,700,-140
2.3316,2199,2181,700,-148
2.3320,2199,2181,700,-148
2.3323,2199,2181,700,-148
2.3327,2199,2182,700,-140
2.3331,2199,2182,700,-140
2.3336,2199,2182,700,-140
2.3339,2199,2182,700,-140
2.3343,2199,2182,700,-140
2.3347,2199,2183,700,-140
2.3351,2199,2183,700,-140
2.3356,2199,2183,700,-136
2.3359,2199,2183,700,-136
2.3363,2199,2183,700,-136
2.3367,2199,2184,700,-136
2.3371,2199,2184,700,-136
2.3376,2199,2184,650,-136
2.3379,2199,2184,650,-136
2.3383,2199,2184,650,-136
2.3387,2199,2185,650,-136
2.3391,2199,2185,650,-136
2.3395,2199,2185,650,-136
2.3398,2199,2186,650,-128
2.3402,2193,2186,650,-128
2.3410,2193,2186,650,-128
2.3413,2193,2186,650,-128
2.3417,2193,2187,650,-128
2.3421,2193,2187,650,-128
2.3425,2193,2187,650,-128
2.3429,2193,2187,650,-128
2.3434,2193,2187,650,-128
2.3438,2193,2188,650,-128
2.3441,2193,2188,650,-128
2.3446,2193,2188,650,-128
2.3449,2193,2188,650,-128
2.3453,2193,2188,650,-128
2.3457,2193,2189,650,-120
2.3461,2193,2189,650,-120
2.3464,2193,2189,650,-120
2.3468,2193,2189,650,-128
2.3472,2193,2189,650,-128
2.3475,2193,2190,650,-120
2.3479,2193,2190,650,-120
2.3483,2193,2190,650,-120
2.3487,2193,2190,650,-120
2.3490,2193,2190,650,-120
2.3494,2193,2190,650,-120
2.3497,2193,2191,650,-120
2.3501,2187,2191,650,-120
2.3508,2187,2192,650,-112
2.3512,2187,2192,650,-112
2.3515,2187,2192,650,-120
2.3519,2187,2192,650,-120
2.3523,2187,2192,650,-120
2.3527,2187,2193,650,-112
2.3531,2187,2193,650,-112
2.3535,2187,2193,650,-112
2.3538,2187,2193,650,-112
2.3542,2187,2193,650,-112
2.3546,2187,2194,650,-112
2.3550,2187,2194,650,-112
2.3554,2187,2194,650,-112
2.3558,2187,2194,650,-116
2.3562,2187,2194,650,-116
2.3566,2187,2195,650,-108
2.3569,2187,2195,650,-108
2.3573,2187,2195,650,-108
2.3577,2187,2196,600,-108
2.3581,2187,2196,600,-108
2.3584,2187,2196,600,-108
2.3588,2187,2196,600,-108
2.3592,2187,2196,600,-108
2.3596,2187,2196,600,-108
2.3600,2180,2196,600,-108
2.3607,2180,2197,600,-100
2.3611,2180,2197,600,-100
2.3615,2180,2197,600,-108
2.3619,2180,2197,600,-108
2.3623,2180,2197,600,-108
2.3627,2180,2198,600,-100
2.3631,2180,2198,600,-100
2.3636,2180,2198,600,-100
2.3640,2180,2198,600,-100
2.3644,2180,2198,600,-100
2.3648,2180,2199,600,-100
2.3652,2180,2199,600,-100
2.3656,2180,2199,600,-100
2.3660,2180,2199,600,-100
2.3664,2180,2200,600,-92
2.3668,2180,2200,600,-92
2.3672,2180,2200,600,-92
2.3676,2180,2200,600,-92
2.3680,2180,2200,600,-92
2.3684,2180,2201,600,-92
2.3688,2180,2201,600,-92
2.3692,2180,2201,600,-92
2.3696,2180,2201,600,-92
2.3700,2173,2202,600,-84
2.3708,2173,2202,600,-84
2.3712,2173,2202,600,-84
2.3716,2173,2202,600,-84
2.3720,2173,2202,600,-84
2.3724,2173,2202,600,-92
2.3728,2173,2202,600,-92
2.3732,2173,2202,600,-92
2.3736,2173,2203,600,-84
2.3740,2173,2203,600,-84
2.3744,2173,2203,600,-84
2.3748,2173,2203,600,-84
2.3752,2173,2203,600,-84
2.3756,2173,2204,600,-68
2.3760,2173,2204,600,-68
2.3764,2173,2204,600,-76
2.3768,2173,2204,600,-76
2.3771,2173,2204,600,-76
2.3775,2173,2204,400,-76
2.3779,2173,2204,400,-76
2.3782,2173,2204,400,-76
2.3786,2173,2204,400,-76
2.3789,2173,2204,400,-76
2.3793,2173,2204,400,-76
2.3796,2173,2205,400,-68
2.3800,2173,2205,400,-68
2.3803,2166,2205,400,-76
2.3810,2166,2205,400,-76
2.3813,2166,2205,400,-76
2.3817,2166,2206,400,-68
2.3821,2166,2206,400,-68
2.3824,2166,2206,400,-68
2.3828,2166,2206,400,-68
2.3831,2166,2206,400,-68
2.3835,2166,2207,400,-60
2.3839,2166,2207,400,-60
2.3842,2166,2207,400,-60
2.3845,2166,2207,400,-60
2.3849,2166,2207,400,-60
2.3852,2166,2207,400,-60
2.3856,2166,2207,400,-60
2.3859,2166,2207,400,-60
2.3863,2166,2207,400,-60
2.3866,2166,2208,400,-60
2.3870,2166,2208,400,-60
2.3873,2166,2208,400,-60
2.3877,2166,2208,400,-60
2.3880,2166,2208,400,-60
2.3884,2166,2208,400,-60
2.3887,2166,2208,400,-60
2.3891,2166,2208,400,-60
2.3894,2166,2209,400,-52
2.3898,2166,2209,400,-52
2.3902,2158,2209,400,-52
2.3909,2158,2209,400,-52
2.3912,2158,2209,400,-52
2.3916,2158,2209,400,-52
2.3920,2158,2209,400,-52
2.3923,2158,2209,400,-60
2.3927,2158,2209,400,-60
2.3930,2158,2209,400,-60
2.3934,2158,2210,400,-52
2.3937,2158,2210,400,-52
2.3941,2158,2210,400,-52
2.3944,2158,2210,400,-52
2.3948,2158,2210,400,-52
2.3951,2158,2210,400,-52
2.3955,2158,2210,400,-64
2.3959,2158,2210,400,-64
2.3962,2158,2210,400,-64
2.3966,2158,2211,400,-56
2.3969,2158,2211,400,-56
2.3973,2158,2211,350,-56
2.3976,2158,2211,350,-56
2.3980,2158,2211,350,-56
2.3984,2158,2211,350,-56
2.3987,2158,2211,350,-56
2.3991,2158,2211,350,-56
2.3994,2158,2211,350,-56
2.3998,2158,2211,350,-56
2.4001,2149,2211,350,-64
2.4009,2149,2211,350,-64
2.4012,2149,2211,350,-64
2.4016,2149,2212,350,-56
2.4020,2149,2212,350,-56
2.4023,2149,2212,350,-56
2.4027,2149,2212,350,-56
2.4030,2149,2212,350,-56
2.4034,2149,2212,350,-56
2.4037,2149,2212,350,-56
2.4041,2149,2212,350,-56
2.4044,2149,2213,350,-48
2.4048,2149,2213,350,-48
2.4051,2149,2213,350,-48
2.4055,2149,2213,350,-48
2.4059,2149,2213,350,-48
2.4062,2149,2213,350,-48
2.4066,2149,2213,350,-48
2.4070,2149,2213,350,-48
2.4073,2149,2213,350,-48
2.4077,2149,2213,350,-48
2.4080,2149,2213,350,-48
2.4084,2149,2213,350,-48
2.4087,2149,2213,350,-48
2.4091,2149,2213,350,-48
2.4094,2149,2214,350,-40
2.4098,2149,2214,350,-40
2.4101,2140,2214,350,-40
2.4109,2140,2214,350,-40
2.4112,2140,2214,350,-40
2.4116,2140,2214,350,-40
2.4120,2140,2214,350,-40
2.4123,2140,2214,350,-40
2.4127,2140,2214,350,-40
2.4131,2140,2214,350,-40
2.4134,2140,2215,350,-32
2.4138,2140,2215,350,-32
2.4141,2140,2215,350,-32
2.4145,2140,2215,350,-32
2.4149,2140,2215,350,-32
2.4152,2140,2215,350,-24
2.4156,2140,2215,350,-24
2.4160,2140,2215,350,-24
2.4163,2140,2215,350,-24
2.4167,2140,2215,350,-24
2.4171,2140,2215,350,-24
2.4174,2140,2215,200,-24
2.4178,2140,2215,200,-24
2.4182,2140,2215,200,-24
2.4185,2140,2216,200,0
2.4189,2140,2216,200,0
2.4192,2140,2216,200,0
2.4196,2140,2216,200,0
2.4200,2140,2216,200,0
2.4204,2131,2216,200,0
2.4211,2131,2216,200,0
2.4215,2131,2216,200,0
2.4219,2131,2216,200,0
2.4222,2131,2216,200,0
2.4226,2131,2216,200,0
2.4230,2131,2216,200,0
2.4234,2131,2217,200,32
2.4238,2131,2217,200,32
2.4242,2131,2217,200,32
2.4245,2131,2217,200,32
2.4249,2131,2217,200,32
2.4253,2131,2217,200,32
2.4257,2131,2217,200,32
2.4261,2131,2217,200,32
2.4265,2131,2217,200,32
2.4268,2131,2217,200,32
2.4272,2131,2217,200,32
2.4276,2131,2217,200,32
2.4280,2131,2217,200,32
2.4284,2131,2217,200,32
2.4288,2131,2217,200,32
2.4292,2131,2217,200,32
2.4296,2131,2217,200,32
2.4300,2131,2217,200,32
2.4303,2121,2217,200,32
2.4310,2121,2217,200,32
2.4314,2121,2217,200,32
2.4317,2121,2217,200,32
2.4321,2121,2217,200,32
2.4326,2121,2217,200,32
2.4330,2121,2217,200,32
2.4334,2121,2217,200,32
2.4338,2121,2217,200,32
2.4342,2121,2217,200,32
2.4346,2121,2217,200,32
2.4350,2121,2217,200,32
2.4354,2121,2217,200,28
2.4357,2121,2217,200,28
2.4361,2121,2217,200,28
2.4366,2121,2217,200,28
2.4369,2121,2217,200,28
2.4373,2121,2217,100,28
2.4377,2121,2217,100,28
2.4381,2121,2217,100,28
2.4385,2121,2217,100,28
2.4388,2121,2217,100,28
2.4392,2121,2217,100,28
2.4396,2121,2217,100,28
2.4400,2121,2217,100,28
2.4403,2111,2217,100,28
2.4411,2111,2217,100,28
2.4415,2111,2217,100,28
2.4418,2111,2217,100,28
2.4422,2111,2217,100,36
2.4427,2111,2217,100,36
2.4430,2111,2217,100,36
2.4434,2111,2217,100,36
2.4438,2111,2217,100,36
2.4441,2111,2217,100,36
2.4446,2111,2217,100,36
2.4450,2111,2217,100,36
2.4453,2111,2217,100,36
2.4457,2111,2217,100,36
2.4461,2111,2217,100,36
2.4466,2111,2217,100,36
2.4469,2111,2217,100,36
2.4473,2111,2217,100,44
2.4477,2111,2217,100,44
2.4481,2111,2217,100,44
2.4486,2111,2217,100,44
2.4490,2111,2217,100,44
2.4494,2111,2217,100,44
2.4498,2111,2217,100,44
2.4501,2102,2217,100,44
2.4509,2102,2217,100,44
2.4513,2102,2217,100,52
2.4517,2102,2217,100,52
2.4521,2102,2217,100,52
2.4526,2102,2217,100,52
2.4529,2102,2217,100,52
2.4533,2102,2217,100,52
2.4537,2102,2217,100,52
2.4541,2102,2217,100,52
2.4546,2102,2217,100,52
2.4550,2102,2217,100,52
2.4554,2102,2217,100,64
2.4557,2102,2217,100,64
2.4561,2102,2217,100,64
2.4566,2102,2217,100,64
2.4569,2102,2217,100,64
2.4573,2102,2217,0,64
2.4577,2102,2217,0,64
2.4581,2102,2217,0,64
2.4586,2102,2217,0,64
2.4590,2102,2217,0,64
2.4594,2102,2217,0,72
2.4598,2102,2217,0,72
2.4602,2091,2217,0,72
2.4610,2091,2217,0,72
2.4614,2091,2217,0,72
2.4618,2091,2217,0,72
2.4622,2091,2217,0,80
2.4626,2091,2217,0,80
2.4631,2091,2217,0,80
2.4635,2091,2217,0,80
2.4639,2091,2217,0,80
2.4643,2091,2217,0,80
2.4647,2091,2217,0,80
2.4651,2091,2217,0,88
2.4655,2091,2217,0,88
2.4659,2091,2217,0,88
2.4663,2091,2217,0,88
2.4667,2091,2217,0,88
2.4671,2091,2217,0,88
2.4676,2091,2217,0,88
2.4680,2091,2217,0,88
2.4684,2091,2217,0,96
2.4688,2091,2217,0,96
2.4692,2091,2217,0,96
2.4696,2091,2217,0,96
2.4700,2081,2217,0,96
2.4708,2081,2217,0,96
2.4712,2081,2217,0,104
2.4716,2081,2217,0,104
2.4720,2081,2217,0,104
2.4724,2081,2217,0,104
2.4729,2081,2217,0,104
2.4732,2081,2217,0,104
2.4736,2081,2217,0,104
2.4740,2081,2217,0,112
2.4744,2081,2217,0,112
2.4748,2081,2217,0,112
2.4753,2081,2217,0,120
2.4757,2081,2217,0,120
2.4761,2081,2217,0,120
2.4766,2081,2217,0,120
2.4770,2081,2217,0,120
2.4774,2081,2217,0,128
2.4778,2081,2217,0,128
2.4782,2081,2217,0,128
2.4786,2081,2217,0,128
2.4790,2081,2217,0,128
2.4794,2081,2217,0,128
2.4798,2081,2217,0,128
2.4802,2070,2217,0,136
2.4810,2070,2217,0,136
2.4814,2070,2217,0,136
2.4818,2070,2217,0,136
2.4822,2070,2216,0,136
2.4826,2070,2216,0,136
2.4830,2070,2216,0,136
2.4834,2070,2216,0,136
2.4839,2070,2216,0,136
2.4843,2070,2216,0,136
2.4847,2070,2216,0,136
2.4851,2070,2216,0,144
2.4856,2070,2216,0,144
2.4860,2070,2215,0,136
2.4864,2070,2215,0,136
2.4868,2070,2215,0,136
2.4872,2070,2215,0,144
2.4877,2070,2215,0,144
2.4881,2070,2215,0,144
2.4885,2070,2215,0,144
2.4889,2070,2215,0,144
2.4893,2070,2214,0,144
2.4897,2070,2214,0,144
2.4901,2060,2214,0,144
2.4910,2060,2214,0,144
2.4914,2060,2214,0,144
2.4918,2060,2214,0,144
2.4922,2060,2213,0,144
2.4926,2060,2213,0,144
2.4930,2060,2213,0,144
2.4934,2060,2213,0,144
2.4939,2060,2213,0,144
2.4943,2060,2213,0,152
2.4947,2060,2213,0,152
2.4951,2060,2212,0,132
2.4955,2060,2212,0,132
2.4959,2060,2212,0,132
2.4963,2060,2212,0,140
2.4967,2060,2212,0,140
2.4971,2060,2212,-250,140
2.4976,2060,2212,-250,140
2.4979,2060,2211,-250,140
2.4984,2060,2211,-250,140
2.4988,2060,2211,-250,140
2.4992,2060,2211,-250,140
2.4996,2060,2211,-250,140
2.5000,2049,2211,-250,148
2.5008,2049,2211,-250,148
2.5012,2049,2210,-250,140
2.5017,2049,2210,-250,140
2.5021,2049,2210,-250,148
2.5026,2049,2210,-250,148
2.5030,2049,2209,-250,140
2.5034,2049,2209,-250,140
2.5038,2049,2209,-250,140
2.5042,2049,2209,-250,148
2.5047,2049,2209,-250,148
2.5051,2049,2208,-250,140
2.5056,2049,2208,-250,140
2.5060,2049,2208,-250,148
2.5064,2049,2208,-250,148
2.5069,2049,2208,-250,148
2.5073,2049,2208,-250,148
2.5078,2049,2208,-250,148
2.5082,2049,2207,-250,148
2.5086,2049,2207,-250,148
2.5090,2049,2207,-250,148
2.5094,2049,2207,-250,148
2.5099,2049,2206,-250,148
2.5103,2038,2206,-250,148
2.5111,2038,2206,-250,148
2.5116,2038,2206,-250,148
2.5120,2038,2205,-250,148
2.5124,2038,2205,-250,148
2.5129,2038,2205,-250,156
2.5133,2038,2205,-250,156
2.5137,2038,2205,-250,156
2.5141,2038,2205,-250,156
2.5146,2038,2205,-250,156
2.5150,2038,2204,-250,156
2.5155,2038,2204,-250,156
2.5159,2038,2204,-250,156
2.5163,2038,2204,-250,156
2.5167,2038,2204,-250,156
2.5172,2038,2203,-450,156
2.5176,2038,2203,-450,156
2.5180,2038,2203,-450,156
2.5184,2038,2203,-450,156
2.5189,2038,2202,-450,156
2.5193,2038,2202,-450,156
2.5197,2038,2202,-450,156
2.5202,2027,2202,-450,164
2.5210,2027,2201,-450,156
2.5214,2027,2201,-450,156
2.5219,2027,2201,-450,164
2.5223,2027,2201,-450,164
2.5227,2027,2201,-450,164
2.5231,2027,2201,-450,164
2.5236,2027,2201,-450,164
2.5240,2027,2200,-450,164
2.5244,2027,2200,-450,164
2.5248,2027,2199,-450,164
2.5252,2027,2199,-450,164
2.5256,2027,2199,-450,164
2.5260,2027,2199,-450,164
2.5265,2027,2199,-450,164
2.5269,2027,2199,-450,172
2.5273,2027,2199,-450,172
2.5277,2027,2199,-450,172
2.5281,2027,2198,-450,164
2.5286,2027,2198,-450,164
2.5290,2027,2198,-450,172
2.5294,2027,2198,-450,172
2.5298,2027,2197,-450,172
2.5302,2017,2197,-450,172
2.5310,2017,2197,-450,172
2.5315,2017,2197,-450,172
2.5319,2017,2196,-450,172
2.5323,2017,2196,-450,172
2.5327,2017,2196,-450,180
2.5332,2017,2196,-450,180
2.5336,2017,2196,-450,180
2.5340,2017,2195,-450,172
2.5344,2017,2195,-450,172
2.5349,2017,2195,-450,180
2.5353,2017,2195,-450,180
2.5358,2017,2194,-450,180
2.5362,2017,2194,-450,180
2.5366,2017,2194,-450,180
2.5370,2017,2194,-450,180
2.5375,2017,2194,-450,180
2.5379,2017,2193,-450,180
2.5383,2017,2193,-450,180
2.5387,2017,2193,-450,188
2.5392,2017,2193,-450,188
2.5396,2017,2193,-450,188
2.5400,2007,2192,-450,180
2.5408,2007,2192,-450,188
2.5413,2007,2192,-450,188
2.5417,2007,2192,-450,188
2.5421,2007,2191,-450,188
2.5426,2007,2191,-450,188
2.5430,2007,2191,-450,196
2.5434,2007,2191,-450,196
2.5438,2007,2190,-450,188
2.5442,2007,2190,-450,188
2.5447,2007,2190,-450,188
2.5451,2007,2190,-450,196
2.5456,2007,2190,-450,196
2.5460,2007,2189,-450,196
2.5464,2007,2189,-450,196
2.5468,2007,2188,-450,188
2.5473,2007,2188,-450,188
2.5477,2007,2188,-450,188
2.5481,2007,2188,-450,196
2.5485,2007,2188,-450,196
2.5489,2007,2187,-450,196
2.5493,2007,2187,-450,196
2.5497,2007,2187,-450,204
2.5501,1996,2187,-450,204
2.5510,1996,2186,-450,196
2.5514,1996,2186,-450,196
2.5519,1996,2186,-450,204
2.5523,1996,2186,-450,204
2.5527,1996,2185,-450,204
2.5531,1996,2185,-450,204
2.5535,1996,2185,-450,204
2.5539,1996,2184,-450,204
2.5543,1996,2184,-450,204
2.5547,1996,2184,-450,204
2.5551,1996,2184,-450,204
2.5556,1996,2184,-450,204
2.5560,1996,2183,-450,204
2.5564,1996,2183,-450,204
2.5568,1996,2183,-550,212
2.5573,1996,2183,-550,212
2.5577,1996,2182,-550,212
2.5581,1996,2182,-550,212
2.5586,1996,2182,-550,212
2.5590,1996,2181,-550,204
2.5594,1996,2181,-550,204
2.5599,1996,2181,-550,212
2.5603,1986,2180,-550,212
2.5611,1986,2180,-550,212
2.5616,1986,2180,-550,212
2.5620,1986,2179,-550,212
2.5624,1986,2179,-550,212
2.5628,1986,2179,-550,220
2.5633,1986,2179,-550,220
2.5637,1986,2178,-550,212
2.5641,1986,2178,-550,212
2.5646,1986,2178,-550,212
2.5650,1986,2177,-550,212
2.5654,1986,2177,-550,212
2.5659,1986,2177,-550,220
2.5663,1986,2177,-550,220
2.5668,1986,2176,-550,220
2.5672,1986,2176,-550,220
2.5676,1986,2176,-550,228
2.5680,1986,2176,-550,228
2.5684,1986,2176,-550,228
2.5689,1986,2175,-550,228
2.5693,1986,2175,-550,228
2.5697,1986,2174,-550,220
2.5701,1976,2174,-550,220
2.5710,1976,2174,-550,228
2.5714,1976,2174,-550,228
2.5718,1976,2173,-550,228
2.5723,1976,2173,-550,228
2.5727,1976,2172,-550,228
2.5731,1976,2172,-550,228
2.5736,1976,2172,-550,236
2.5740,1976,2172,-550,236
2.5745,1976,2172,-550,236
2.5749,1976,2171,-550,240
2.5753,1976,2171,-550,240
2.5757,1976,2170,-550,240
2.5761,1976,2170,-550,240
2.5766,1976,2170,-650,240
2.5770,1976,2170,-650,240
2.5774,1976,2170,-650,240
2.5778,1976,2169,-650,240
2.5783,1976,2169,-650,240
2.5787,1976,2168,-650,240
2.5791,1976,2168,-650,240
2.5796,1976,2168,-650,248
2.5800,1967,2168,-650,248
2.5808,1967,2167,-650,248
2.5813,1967,2167,-650,248
2.5817,1967,2166,-650,248
2.5821,1967,2166,-650,248
2.5826,1967,2165,-650,248
2.5830,1967,2165,-650,248
2.5835,1967,2165,-650,248
2.5839,1967,2165,-650,256
2.5842,1967,2165,-650,256
2.5846,1967,2164,-650,256
2.5850,1967,2164,-650,256
2.5854,1967,2164,-650,256
2.5858,1967,2163,-650,256
2.5862,1967,2163,-650,256
2.5866,1967,2163,-650,256
2.5870,1967,2163,-650,256
2.5873,1967,2163,-650,256
2.5877,1967,2162,-650,256
2.5881,1967,2162,-650,256
2.5886,1967,2161,-650,256
2.5890,1967,2161,-650,256
2.5894,1967,2161,-650,256
2.5898,1967,2160,-650,256
2.5902,1957,2160,-650,264
2.5909,1957,2160,-650,264
2.5913,1957,2160,-650,264
2.5917,1957,2159,-650,264
2.5921,1957,2159,-650,264
2.5926,1957,2158,-650,264
2.5930,1957,2158,-650,264
2.5934,1957,2158,-650,264
2.5938,1957,2157,-650,264
2.5942,1957,2157,-650,264
2.5946,1957,2156,-650,260
2.5950,1957,2156,-650,260
2.5954,1957,2156,-650,260
2.5959,1957,2156,-650,268
2.5963,1957,2156,-650,268
2.5967,1957,2155,-750,268
2.5971,1957,2155,-750,268
2.5975,1957,2155,-750,268
2.5979,1957,2154,-750,268
2.5983,1957,2154,-750,268
2.5987,1957,2153,-750,268
2.5991,1957,2153,-750,268
2.5995,1957,2153,-750,268
2.5999,1957,2153,-750,276
2.6003,1948,2152,-750,276
2.6010,1948,2152,-750,276
2.6015,1948,2152,-750,276
2.6019,1948,2151,-750,276
2.6023,1948,2151,-750,276
2.6027,1948,2150,-750,276
2.6031,1948,2150,-750,276
2.6036,1948,2149,-750,276
2.6040,1948,2149,-750,276
2.6044,1948,2149,-750,276
2.6048,1948,2148,-750,276
2.6052,1948,2148,-750,276
2.6056,1948,2148,-750,284
2.6061,1948,2148,-750,284
2.6065,1948,2148,-750,284
2.6069,1948,2147,-750,284
2.6073,1948,2147,-750,284
2.6077,1948,2146,-750,284
2.6081,1948,2146,-750,284
2.6086,1948,2145,-750,284
2.6090,1948,2145,-750,284
2.6094,1948,2145,-750,284
2.6098,1948,2144,-750,284
2.6102,1940,2143,-750,284
2.6110,1940,2143,-750,284
2.6114,1940,2143,-750,284
2.6118,1940,2142,-750,284
2.6123,1940,2142,-750,284
2.6127,1940,2142,-750,292
2.6131,1940,2142,-750,292
2.6136,1940,2141,-750,292
2.6140,1940,2141,-750,292
2.6144,1940,2139,-750,284
2.6148,1940,2139,-750,284
2.6153,1940,2139,-750,284
2.6157,1940,2139,-750,292
2.6161,1940,2139,-750,292
2.6166,1940,2138,-850,300
2.6170,1940,2138,-850,300
2.6174,1940,2137,-850,300
2.6178,1940,2137,-850,300
2.6182,1940,2137,-850,300
2.6187,1940,2136,-850,300
2.6191,1940,2136,-850,300
2.6195,1940,2135,-850,300
2.6199,1940,2135,-850,300
2.6203,1932,2134,-850,300
2.6211,1932,2134,-850,300
2.6215,1932,2133,-850,300
2.6219,1932,2133,-850,300
2.6223,1932,2133,-850,300
2.6227,1932,2132,-850,300
2.6231,1932,2132,-850,300
2.6236,1932,2131,-850,300
2.6240,1932,2131,-850,300
2.6244,1932,2130,-850,300
2.6248,1932,2130,-850,300
2.6252,1932,2130,-850,300
2.6257,1932,2129,-850,300
2.6261,1932,2129,-850,300
2.6265,1932,2128,-850,308
2.6269,1932,2128,-850,308
2.6273,1932,2128,-850,308
2.6277,1932,2127,-850,308
2.6281,1932,2127,-850,308
2.6286,1932,2126,-850,308
2.6290,1932,2126,-850,308
2.6294,1932,2126,-850,316
2.6298,1932,2126,-850,316
2.6303,1924,2125,-850,316
2.6310,1924,2125,-850,316
2.6315,1924,2124,-850,316
2.6319,1924,2124,-850,316
2.6323,1924,2124,-850,316
2.6327,1924,2123,-850,316
2.6331,1924,2123,-850,316
2.6336,1924,2122,-850,324
2.6340,1924,2122,-850,324
2.6344,1924,2121,-850,332
2.6348,1924,2121,-850,332
2.6353,1924,2121,-850,332
2.6357,1924,2120,-850,332
2.6361,1924,2120,-850,332
2.6366,1924,2119,-950,332
2.6370,1924,2119,-950,332
2.6374,1924,2118,-950,332
2.6378,1924,2118,-950,332
2.6382,1924,2118,-950,332
2.6387,1924,2117,-950,332
2.6391,1924,2117,-950,332
2.6395,1924,2116,-950,340
2.6399,1924,2116,-950,340
2.6403,1917,2115,-950,340
2.6411,1917,2115,-950,340
2.6416,1917,2114,-950,340
2.6420,1917,2114,-950,340
2.6424,1917,2113,-950,340
2.6428,1917,2113,-950,340
2.6432,1917,2113,-950,340
2.6436,1917,2112,-950,340
2.6440,1917,2112,-950,340
2.6444,1917,2110,-950,340
2.6449,1917,2110,-950,340
2.6453,1917,2110,-950,348
2.6457,1917,2110,-950,348
2.6462,1917,2110,-950,348
2.6466,1917,2109,-950,348
2.6470,1917,2109,-950,348
2.6474,1917,2107,-950,340
2.6478,1917,2107,-950,340
2.6482,1917,2107,-950,340
2.6487,1917,2106,-950,348
2.6491,1917,2106,-950,348
2.6495,1917,2105,-950,348
2.6499,1917,2105,-950,348
2.6503,1911,2104,-950,348
2.6510,1911,2104,-950,348
2.6514,1911,2103,-950,348
2.6518,1911,2103,-950,348
2.6522,1911,2103,-950,348
2.6527,1911,2102,-950,356
2.6531,1911,2102,-950,356
2.6536,1911,2101,-950,356
2.6540,1911,2101,-950,356
2.6544,1911,2100,-950,348
2.6549,1911,2100,-950,348
2.6553,1911,2099,-950,348
2.6557,1911,2099,-950,348
2.6560,1911,2099,-950,348
2.6564,1911,2098,-1050,348
2.6568,1911,2098,-1050,348
2.6573,1911,2097,-1050,356
2.6577,1911,2097,-1050,356
2.6581,1911,2097,-1050,356
2.6586,1911,2096,-1050,356
2.6590,1911,2096,-1050,356
2.6594,1911,2094,-1050,348
2.6598,1911,2094,-1050,348
2.6602,1905,2093,-1050,348
2.6610,1905,2093,-1050,348
2.6614,1905,2092,-1050,348
2.6619,1905,2092,-1050,348
2.6622,1905,2091,-1050,356
2.6627,1905,2091,-1050,356
2.6631,1905,2091,-1050,356
2.6636,1905,2090,-1050,356
2.6640,1905,2090,-1050,356
2.6644,1905,2089,-1050,356
2.6648,1905,2089,-1050,356
2.6652,1905,2088,-1050,356
2.6656,1905,2088,-1050,356
2.6661,1905,2088,-1050,356
2.6665,1905,2087,-1050,356
2.6669,1905,2087,-1050,356
2.6673,1905,2085,-1050,356
2.6677,1905,2085,-1050,356
2.6681,1905,2085,-1050,356
2.6686,1905,2084,-1050,356
2.6690,1905,2084,-1050,356
2.6694,1905,2083,-1050,356
2.6698,1905,2083,-1050,356
2.6702,1899,2082,-1050,356
2.6709,1899,2082,-1050,356
2.6714,1899,2081,-1050,356
2.6718,1899,2081,-1050,356
2.6722,1899,2081,-1050,356
2.6726,1899,2079,-1050,356
2.6730,1899,2079,-1050,356
2.6734,1899,2078,-1050,356
2.6738,1899,2078,-1050,356
2.6742,1899,2077,-1050,348
2.6747,1899,2077,-1050,348
2.6751,1899,2077,-1050,348
2.6756,1899,2076,-1050,348
2.6760,1899,2076,-1050,348
2.6764,1899,2075,-1150,348
2.6768,1899,2075,-1150,348
2.6772,1899,2074,-1150,348
2.6776,1899,2074,-1150,348
2.6781,1899,2074,-1150,348
2.6785,1899,2073,-1150,356
2.6789,1899,2073,-1150,356
2.6793,1899,2072,-1150,356
2.6797,1899,2072,-1150,356
2.6801,1895,2071,-1150,356
2.6809,1895,2071,-1150,356
2.6813,1895,2069,-1150,348
2.6817,1895,2069,-1150,348
2.6821,1895,2069,-1150,348
2.6826,1895,2068,-1150,348
2.6830,1895,2068,-1150,348
2.6834,1895,2067,-1150,348
2.6838,1895,2067,-1150,348
2.6842,1895,2065,-1150,340
2.6847,1895,2065,-1150,340
2.6851,1895,2065,-1150,340
2.6855,1895,2064,-1150,348
2.6859,1895,2064,-1150,348
2.6863,1895,2063,-1150,348
2.6867,1895,2063,-1150,348
2.6872,1895,2062,-1150,348
2.6876,1895,2062,-1150,348
2.6880,1895,2062,-1150,348
2.6884,1895,2061,-1150,348
2.6888,1895,2061,-1150,348
2.6892,1895,2059,-1150,340
2.6896,1895,2059,-1150,340
2.6901,1890,2058,-1150,340
2.6908,1890,2058,-1150,340
2.6913,1890,2057,-1150,340
2.6917,1890,2057,-1150,340
2.6921,1890,2057,-1150,340
2.6926,1890,2056,-1150,340
2.6930,1890,2056,-1150,340
2.6934,1890,2055,-1150,348
2.6938,1890,2055,-1150,348
2.6942,1890,2054,-1150,344
2.6947,1890,2054,-1150,344
2.6951,1890,2054,-1150,344
2.6956,1890,2052,-1150,336
2.6960,1890,2052,-1150,336
2.6964,1890,2051,-1200,336
2.6968,1890,2051,-1200,336
2.6972,1890,2050,-1200,336
2.6976,1890,2050,-1200,336
2.6981,1890,2050,-1200,336
2.6985,1890,2049,-1200,336
2.6989,1890,2049,-1200,336
2.6993,1890,2048,-1200,336
2.6997,1890,2048,-1200,336
2.7001,1887,2046,-1200,328
2.7010,1887,2046,-1200,328
2.7014,1887,2045,-1200,328
2.7018,1887,2045,-1200,328
2.7022,1887,2044,-1200,328
2.7027,1887,2044,-1200,328
2.7031,1887,2043,-1200,336
2.7036,1887,2043,-1200,336
2.7040,1887,2043,-1200,336
2.7044,1887,2042,-1200,336
2.7049,1887,2042,-1200,336
2.7053,1887,2040,-1200,328
2.7057,1887,2040,-1200,328
2.7061,1887,2039,-1200,328
2.7066,1887,2039,-1200,328
2.7070,1887,2038,-1200,328
2.7075,1887,2038,-1200,328
2.7079,1887,2038,-1200,328
2.7083,1887,2036,-1200,320
2.7088,1887,2036,-1200,320
2.7092,1887,2035,-1200,320
2.7096,1887,2035,-1200,320
2.7101,1884,2034,-1200,320
2.7109,1884,2034,-1200,320
2.7113,1884,2033,-1200,320
2.7117,1884,2033,-1200,320
2.7121,1884,2032,-1200,320
2.7126,1884,2032,-1200,320
2.7130,1884,2032,-1200,320
2.7134,1884,2031,-1200,320
2.7138,1884,2031,-1200,320
2.7142,1884,2029,-1200,296
2.7147,1884,2029,-1200,296
2.7151,1884,2028,-1200,296
2.7155,1884,2028,-1200,296
2.7159,1884,2028,-1200,296
2.7163,1884,2027,-1200,296
2.7168,1884,2027,-1200,296
2.7172,1884,2026,-1200,296
2.7176,1884,2026,-1200,296
2.7180,1884,2025,-1200,296
2.7185,1884,2025,-1200,296
2.7189,1884,2025,-1200,296
2.7193,1884,2024,-1200,296
2.7198,1884,2024,-1200,296
2.7202,1881,2023,-1200,296
2.7210,1881,2023,-1200,296
2.7214,1881,2022,-1200,296
2.7219,1881,2022,-1200,296
2.7223,1881,2020,-1200,288
2.7227,1881,2020,-1200,288
2.7231,1881,2019,-1200,288
2.7236,1881,2019,-1200,288
2.7240,1881,2018,-1200,288
2.7244,1881,2018,-1200,288
2.7249,1881,2018,-1200,288
2.7253,1881,2017,-1200,288
2.7257,1881,2017,-1200,288
2.7261,1881,2016,-1200,288
2.7266,1881,2016,-1200,288
2.7270,1881,2015,-1200,288
2.7274,1881,2015,-1200,288
2.7278,1881,2015,-1200,288
2.7283,1881,2014,-1200,288
2.7287,1881,2014,-1200,288
2.7291,1881,2013,-1200,288
2.7296,1881,2013,-1200,288
2.7300,1881,2011,-1200,280
2.7304,1880,2011,-1200,280
2.7313,1880,2010,-1200,280
2.7317,1880,2010,-1200,280
2.7321,1880,2009,-1200,280
2.7326,1880,2009,-1200,280
2.7330,1880,2008,-1200,280
2.7334,1880,2008,-1200,280
2.7338,1880,2008,-1200,280
2.7343,1880,2007,-1200,288
2.7347,1880,2007,-1200,288
2.7351,1880,2006,-1200,288
2.7356,1880,2006,-1200,288
2.7360,1880,2005,-1100,288
2.7364,1880,2005,-1100,288
2.7369,1880,2005,-1100,288
2.7373,1880,2004,-1100,288
2.7377,1880,2004,-1100,288
2.7381,1880,2003,-1100,288
2.7386,1880,2003,-1100,288
2.7390,1880,2002,-1100,288
2.7394,1880,2002,-1100,288
2.7398,1880,2002,-1100,288
2.7403,1879,2001,-1100,288
2.7411,1879,2000,-1100,288
2.7416,1879,2000,-1100,288
2.7420,1879,1999,-1100,288
2.7424,1879,1999,-1100,288
2.7428,1879,1999,-1100,288
2.7433,1879,1998,-1100,288
2.7437,1879,1998,-1100,288
2.7441,1879,1997,-1100,288
2.7446,1879,1997,-1100,288
2.7450,1879,1995,-1100,272
2.7454,1879,1995,-1100,272
2.7459,1879,1995,-1100,272
2.7463,1879,1994,-1100,272
2.7467,1879,1994,-1100,272
2.7472,1879,1993,-1100,272
2.7476,1879,1993,-1100,272
2.7481,1879,1992,-1100,272
2.7486,1879,1992,-1100,272
2.7490,1879,1991,-1100,272
2.7494,1879,1991,-1100,272
2.7498,1879,1991,-1100,272
2.7502,1878,1990,-1100,272
2.7510,1878,1989,-1100,272
2.7514,1878,1989,-1100,272
2.7519,1878,1988,-1100,272
2.7523,1878,1988,-1100,272
2.7527,1878,1988,-1100,272
2.7531,1878,1987,-1100,272
2.7536,1878,1987,-1100,272
2.7540,1878,1986,-1100,260
2.7544,1878,1986,-1100,260
2.7548,1878,1986,-1100,260
2.7553,1878,1985,-1100,260
2.7557,1878,1985,-1100,260
2.7561,1878,1984,-1050,260
2.7566,1878,1984,-1050,260
2.7570,1878,1983,-1050,260
2.7574,1878,1983,-1050,260
2.7579,1878,1982,-1050,260
2.7583,1878,1982,-1050,260
2.7587,1878,1982,-1050,260
2.7591,1878,1981,-1050,260
2.7596,1878,1981,-1050,260
2.7600,1879,1980,-1050,260
2.7608,1879,1980,-1050,260
2.7613,1879,1980,-1050,260
2.7617,1879,1980,-1050,260
2.7621,1879,1979,-1050,260
2.7626,1879,1979,-1050,260
2.7630,1879,1978,-1050,260
2.7634,1879,1978,-1050,260
2.7638,1879,1977,-1050,260
2.7643,1879,1977,-1050,260
2.7647,1879,1977,-1050,260
2.7651,1879,1976,-1050,260
2.7656,1879,1976,-1050,260
2.7660,1879,1974,-1050,252
2.7664,1879,1974,-1050,252
2.7668,1879,1973,-1050,244
2.7672,1879,1973,-1050,244
2.7676,1879,1973,-1050,244
2.7680,1879,1973,-1050,252
2.7685,1879,1973,-1050,252
2.7689,1879,1972,-1050,252
2.7693,1879,1972,-1050,252
2.7697,1879,1972,-1050,252
2.7702,1880,1971,-1050,252
2.7710,1880,1970,-1050,252
2.7714,1880,1970,-1050,252
2.7719,1880,1969,-1050,244
2.7723,1880,1969,-1050,244
2.7727,1880,1969,-1050,244
2.7731,1880,1968,-1050,244
2.7736,1880,1968,-1050,244
2.7740,1880,1967,-1050,248
2.7744,1880,1967,-1050,248
2.7748,1880,1966,-1050,248
2.7752,1880,1966,-1050,248
2.7756,1880,1966,-1050,248
2.7760,1880,1965,-950,240
2.7764,1880,1965,-950,240
2.7768,1880,1964,-950,240
2.7773,1880,1964,-950,240
2.7777,1880,1964,-950,240
2.7781,1880,1963,-950,240
2.7786,1880,1963,-950,240
2.7790,1880,1962,-950,240
2.7794,1880,1962,-950,240
2.7798,1880,1961,-950,232
2.7803,1881,1961,-950,232
2.7810,1881,1961,-950,240
2.7814,1881,1961,-950,240
2.7819,1881,1960,-950,240
2.7823,1881,1960,-950,240
2.7827,1881,1960,-950,240
2.7831,1881,1959,-950,240
2.7836,1881,1959,-950,240
2.7840,1881,1958,-950,232
2.7844,1881,1958,-950,232
2.7848,1881,1957,-950,232
2.7852,1881,1957,-950,232
2.7857,1881,1957,-950,232
2.7861,1881,1956,-950,232
2.7865,1881,1956,-950,232
2.7869,1881,1955,-950,232
2.7873,1881,1955,-950,232
2.7877,1881,1954,-950,224
2.7882,1881,1954,-950,224
2.7886,1881,1954,-950,224
2.7890,1881,1953,-950,224
2.7894,1881,1953,-950,224
2.7898,1881,1952,-950,224
2.7903,1884,1952,-950,224
2.7910,1884,1951,-950,216
2.7915,1884,1951,-950,216
2.7919,1884,1951,-950,224
2.7923,1884,1951,-950,224
2.7927,1884,1950,-950,224
2.7931,1884,1950,-950,224
2.7936,1884,1950,-950,224
2.7940,1884,1949,-950,208
2.7943,1884,1949,-950,208
2.7948,1884,1948,-950,208
2.7952,1884,1948,-950,208
2.7956,1884,1948,-950,208
2.7960,1884,1947,-900,208
2.7964,1884,1947,-900,208
2.7969,1884,1946,-900,200
2.7973,1884,1946,-900,200
2.7977,1884,1945,-900,200
2.7981,1884,1945,-900,200
2.7986,1884,1945,-900,200
2.7990,1884,1944,-900,200
2.7994,1884,1944,-900,200
2.7998,1884,1944,-900,200
2.8003,1887,1944,-900,200
2.8011,1887,1943,-900,200
2.8015,1887,1943,-900,200
2.8019,1887,1942,-900,200
2.8023,1887,1942,-900,200
2.8027,1887,1941,-900,192
2.8031,1887,1941,-900,192
2.8036,1887,1941,-900,192
2.8040,1887,1940,-900,192
2.8044,1887,1940,-900,192
2.8049,1887,1939,-900,184
2.8053,1887,1939,-900,184
2.8057,1887,1938,-900,184
2.8061,1887,1938,-900,184
2.8066,1887,1938,-900,184
2.8070,1887,1938,-900,192
2.8074,1887,1938,-900,192
2.8079,1887,1937,-900,184
2.8083,1887,1937,-900,184
2.8087,1887,1936,-900,184
2.8091,1887,1936,-900,184
2.8096,1887,1936,-900,184
2.8100,1887,1935,-900,176
2.8104,1890,1935,-900,184
2.8112,1890,1935,-900,184
2.8116,1890,1935,-900,184
2.8120,1890,1934,-900,184
2.8125,1890,1934,-900,184
2.8129,1890,1933,-900,176
2.8133,1890,1933,-900,176
2.8137,1890,1933,-900,188
2.8142,1890,1933,-900,188
2.8146,1890,1933,-900,188
2.8150,1890,1932,-900,180
2.8155,1890,1932,-900,180
2.8159,1890,1931,-800,180
2.8163,1890,1931,-800,180
2.8167,1890,1930,-800,172
2.8171,1890,1930,-800,172
2.8176,1890,1930,-800,172
2.8180,1890,1929,-800,172
2.8184,1890,1929,-800,172
2.8189,1890,1929,-800,180
2.8193,1890,1929,-800,180
2.8197,1890,1928,-800,172
2.8201,1895,1928,-800,172
2.8210,1895,1927,-800,172
2.8214,1895,1927,-800,172
2.8218,1895,1927,-800,172
2.8223,1895,1927,-800,172
2.8227,1895,1926,-800,172
2.8231,1895,1926,-800,172
2.8236,1895,1926,-800,172
2.8240,1895,1925,-800,164
2.8244,1895,1925,-800,164
2.8249,1895,1924,-800,164
2.8253,1895,1924,-800,164
2.8257,1895,1924,-800,164
2.8262,1895,1924,-800,164
2.8266,1895,1923,-800,164
2.8270,1895,1923,-800,164
2.8275,1895,1923,-800,164
2.8279,1895,1922,-800,156
2.8284,1895,1922,-800,156
2.8289,1895,1922,-800,164
2.8294,1895,1922,-800,164
2.8299,1895,1921,-800,156
2.8303,1900,1920,-800,156
2.8312,1900,1920,-800,156
2.8316,1900,1920,-800,156
2.8320,1900,1920,-800,156
2.8325,1900,1920,-800,156
2.8329,1900,1919,-800,156
2.8333,1900,1919,-800,156
2.8337,1900,1918,-800,140
2.8342,1900,1918,-800,140
2.8346,1900,1918,-800,148
2.8350,1900,1918,-800,148
2.8355,1900,1918,-800,148
2.8359,1900,1917,-700,140
2.8363,1900,1917,-700,140
2.8368,1900,1916,-700,140
2.8372,1900,1916,-700,140
2.8376,1900,1916,-700,140
2.8381,1900,1916,-700,140
2.8386,1900,1915,-700,140
2.8390,1900,1915,-700,140
2.8394,1900,1915,-700,140
2.8399,1900,1914,-700,132
2.8403,1905,1914,-700,132
2.8412,1905,1914,-700,132
2.8416,1905,1913,-700,132
2.8420,1905,1913,-700,132
2.8425,1905,1913,-700,132
2.8429,1905,1913,-700,132
2.8433,1905,1913,-700,132
2.8438,1905,1912,-700,132
2.8442,1905,1912,-700,132
2.8446,1905,1911,-700,124
2.8451,1905,1911,-700,124
2.8455,1905,1911,-700,132
2.8459,1905,1911,-700,132
2.8464,1905,1911,-700,132
2.8467,1905,1910,-700,124
2.8472,1905,1910,-700,124
2.8476,1905,1910,-700,124
2.8480,1905,1910,-700,124
2.8484,1905,1910,-700,124
2.8488,1905,1909,-700,124
2.8493,1905,1909,-700,124
2.8497,1905,1908,-700,116
2.8501,1911,1908,-700,124
2.8510,1911,1908,-700,124
2.8514,1911,1908,-700,124
2.8518,1911,1908,-700,124
2.8523,1911,1908,-700,124
2.8527,1911,1907,-700,116
2.8531,1911,1907,-700,116
2.8536,1911,1906,-700,124
2.8540,1911,1906,-700,124
2.8544,1911,1906,-700,124
2.8549,1911,1906,-700,124
2.8553,1911,1906,-700,124
2.8557,1911,1906,-550,124
2.8561,1911,1906,-550,124
2.8566,1911,1905,-550,124
2.8570,1911,1905,-550,124
2.8574,1911,1905,-550,124
2.8578,1911,1904,-550,116
2.8583,1911,1904,-550,116
2.8587,1911,1904,-550,116
2.8591,1911,1904,-550,116
2.8596,1911,1903,-550,116
2.8600,1918,1903,-550,116
2.8608,1918,1903,-550,116
2.8612,1918,1903,-550,116
2.8617,1918,1902,-550,116
2.8621,1918,1902,-550,116
2.8626,1918,1902,-550,116
2.8630,1918,1902,-550,116
2.8634,1918,1901,-550,108
2.8639,1918,1901,-550,108
2.8643,1918,1901,-550,108
2.8647,1918,1901,-550,108
2.8651,1918,1901,-550,108
2.8656,1918,1900,-550,108
2.8660,1918,1900,-550,108
2.8665,1918,1900,-550,108
2.8669,1918,1900,-550,108
2.8673,1918,1900,-550,108
2.8677,1918,1899,-550,100
2.8681,1918,1899,-550,100
2.8686,1918,1899,-550,108
2.8690,1918,1899,-550,108
2.8694,1918,1898,-550,100
2.8698,1918,1898,-550,100
2.8703,1925,1898,-550,100
2.8711,1925,1898,-550,100
2.8715,1925,1897,-550,100
2.8719,1925,1897,-550,100
2.8723,1925,1897,-550,100
2.8727,1925,1897,-550,100
2.8732,1925,1897,-550,100
2.8736,1925,1897,-550,100
2.8740,1925,1897,-550,100
2.8744,1925,1896,-550,92
2.8749,1925,1896,-550,92
2.8753,1925,1896,-550,92
2.8758,1925,1896,-500,100
2.8762,1925,1896,-500,100
2.8766,1925,1895,-500,92
2.8771,1925,1895,-500,92
2.8775,1925,1895,-500,92
2.8779,1925,1895,-500,92
2.8783,1925,1895,-500,92
2.8788,1925,1895,-500,92
2.8792,1925,1895,-500,92
2.8796,1925,1894,-500,92
2.8800,1932,1893,-500,84
2.8808,1932,1893,-500,84
2.8813,1932,1893,-500,84
2.8817,1932,1893,-500,84
2.8821,1932,1893,-500,84
2.8826,1932,1893,-500,84
2.8830,1932,1893,-500,84
2.8834,1932,1893,-500,92
2.8839,1932,1893,-500,92
2.8843,1932,1893,-500,92
2.8848,1932,1892,-500,84
2.8852,1932,1892,-500,84
2.8856,1932,1892,-500,84
2.8860,1932,1892,-500,84
2.8865,1932,1891,-500,76
2.8869,1932,1891,-500,76
2.8873,1932,1891,-500,76
2.8877,1932,1891,-500,76
2.8882,1932,1891,-500,76
2.8886,1932,1890,-500,76
2.8891,1932,1890,-500,76
2.8896,1932,1890,-500,76
2.8900,1940,1890,-500,76
2.8908,1940,1890,-500,76
2.8913,1940,1890,-500,76
2.8917,1940,1889,-500,68
2.8921,1940,1889,-500,68
2.8926,1940,1889,-500,68
2.8930,1940,1889,-500,68
2.8934,1940,1889,-500,76
2.8938,1940,1889,-500,76
2.8943,1940,1889,-500,76
2.8947,1940,1888,-500,68
2.8951,1940,1888,-500,68
2.8956,1940,1888,-400,68
2.8960,1940,1888,-400,68
2.8965,1940,1887,-400,60
2.8969,1940,1887,-400,60
2.8973,1940,1887,-400,60
2.8977,1940,1887,-400,60
2.8981,1940,1887,-400,60
2.8986,1940,1887,-400,60
2.8990,1940,1887,-400,60
2.8994,1940,1887,-400,68
2.8999,1940,1887,-400,68
2.9003,1949,1886,-400,60
2.9011,1949,1886,-400,60
2.9016,1949,1886,-400,60
2.9020,1949,1886,-400,60
2.9024,1949,1886,-400,60
2.9028,1949,1886,-400,60
2.9033,1949,1886,-400,60
2.9037,1949,1885,-400,52
2.9041,1949,1885,-400,52
2.9046,1949,1885,-400,52
2.9050,1949,1885,-400,52
2.9054,1949,1885,-400,52
2.9059,1949,1885,-400,52
2.9063,1949,1885,-400,52
2.9067,1949,1885,-400,52
2.9071,1949,1885,-400,52
2.9076,1949,1884,-400,52
2.9080,1949,1884,-400,52
2.9084,1949,1884,-400,52
2.9088,1949,1884,-400,52
2.9092,1949,1884,-400,52
2.9096,1949,1884,-400,52
2.9101,1958,1884,-400,52
2.9109,1958,1884,-400,52
2.9113,1958,1883,-400,44
2.9117,1958,1883,-400,44
2.9121,1958,1883,-400,44
2.9126,1958,1883,-400,44
2.9130,1958,1883,-400,44
2.9134,1958,1883,-400,40
2.9138,1958,1883,-400,40
2.9142,1958,1883,-400,40
2.9147,1958,1883,-400,40
2.9151,1958,1883,-400,40
2.9156,1958,1882,-300,32
2.9160,1958,1882,-300,32
2.9164,1958,1882,-300,32
2.9168,1958,1882,-300,32
2.9172,1958,1882,-300,32
2.9177,1958,1882,-300,32
2.9181,1958,1882,-300,32
2.9186,1958,1881,-300,24
2.9190,1958,1881,-300,24
2.9194,1958,1881,-300,24
2.9198,1958,1881,-300,24
2.9203,1967,1881,-300,24
2.9210,1967,1881,-300,24
2.9214,1967,1881,-300,24
2.9219,1967,1881,-300,24
2.9223,1967,1881,-300,24
2.9227,1967,1881,-300,24
2.9231,1967,1881,-300,24
2.9236,1967,1880,-300,0
2.9240,1967,1880,-300,0
2.9244,1967,1880,-300,0
2.9248,1967,1880,-300,0
2.9252,1967,1880,-300,0
2.9256,1967,1880,-300,0
2.9261,1967,1880,-300,0
2.9265,1967,1880,-300,0
2.9269,1967,1880,-300,0
2.9273,1967,1880,-300,0
2.9277,1967,1880,-300,0
2.9281,1967,1880,-300,0
2.9285,1967,1880,-300,0
2.9289,1967,1880,-300,0
2.9294,1967,1880,-300,-24
2.9298,1967,1880,-300,-24
2.9303,1977,1880,-300,-24
2.9310,1977,1880,-300,-24
2.9314,1977,1879,-300,-32
2.9319,1977,1879,-300,-32
2.9323,1977,1879,-300,-32
2.9327,1977,1879,-300,-32
2.9331,1977,1879,-300,-32
2.9336,1977,1879,-300,-36
2.9339,1977,1879,-300,-36
2.9343,1977,1879,-300,-36
2.9347,1977,1879,-300,-36
2.9351,1977,1879,-300,-36
2.9356,1977,1879,-150,-36
2.9360,1977,1879,-150,-36
2.9364,1977,1879,-150,-36
2.9368,1977,1879,-150,-36
2.9372,1977,1879,-150,-36
2.9377,1977,1879,-150,-36
2.9381,1977,1879,-150,-36
2.9385,1977,1879,-150,-36
2.9389,1977,1879,-150,-36
2.9393,1977,1879,-150,-36
2.9397,1977,1879,-150,-36
2.9401,1986,1879,-150,-36
2.9410,1986,1879,-150,-36
2.9414,1986,1879,-150,-36
2.9418,1986,1879,-150,-36
2.9422,1986,1879,-150,-36
2.9426,1986,1879,-150,-36
2.9430,1986,1879,-150,-36
2.9434,1986,1879,-150,-36
2.9438,1986,1879,-150,-36
2.9442,1986,1879,-150,-36
2.9446,1986,1879,-150,-36
2.9451,1986,1879,-150,-36
2.9455,1986,1879,-150,-36
2.9459,1986,1879,-150,-36
2.9463,1986,1879,-150,-36
2.9467,1986,1879,-150,-36
2.9472,1986,1879,-150,-36
2.9476,1986,1879,-150,-36
2.9480,1986,1879,-150,-36
2.9485,1986,1879,-150,-36
2.9489,1986,1879,-150,-36
2.9493,1986,1879,-150,-44
2.9497,1986,1879,-150,-44
2.9501,1996,1879,-150,-44
2.9510,1996,1879,-150,-44
2.9514,1996,1879,-150,-44
2.9518,1996,1879,-150,-44
2.9523,1996,1879,-150,-44
2.9527,1996,1879,-150,-44
2.9531,1996,1879,-150,-28
2.9536,1996,1879,-150,-28
2.9540,1996,1879,-150,-28
2.9544,1996,1879,-150,-36
2.9548,1996,1879,-150,-36
2.9553,1996,1879,0,-36
2.9557,1996,1879,0,-36
2.9561,1996,1879,0,-36
2.9566,1996,1879,0,-36
2.9570,1996,1879,0,-36
2.9574,1996,1879,0,-36
2.9578,1996,1879,0,-36
2.9583,1996,1879,0,-44
2.9587,1996,1879,0,-44
2.9591,1996,1879,0,-44
2.9596,1996,1879,0,-44
2.9600,2007,1879,0,-44
2.9609,2007,1879,0,-44
2.9613,2007,1879,0,-44
2.9617,2007,1879,0,-44
2.9621,2007,1879,0,-52
2.9626,2007,1879,0,-52
2.9630,2007,1879,0,-52
2.9634,2007,1879,0,-52
2.9638,2007,1879,0,-52
2.9642,2007,1879,0,-52
2.9647,2007,1879,0,-52
2.9651,2007,1879,0,-52
2.9656,2007,1879,0,-52
2.9660,2007,1879,0,-52
2.9664,2007,1879,0,-60
2.9668,2007,1879,0,-60
2.9673,2007,1879,0,-60
2.9677,2007,1879,0,-60
2.9681,2007,1879,0,-60
2.9686,2007,1879,0,-60
2.9690,2007,1879,0,-68
2.9694,2007,1879,0,-68
2.9699,2007,1879,0,-68
2.9703,2017,1879,0,-68
2.9711,2017,1879,0,-68
2.9716,2017,1879,0,-68
2.9720,2017,1879,0,-68
2.9724,2017,1879,0,-76
2.9728,2017,1879,0,-76
2.9732,2017,1879,0,-96
2.9737,2017,1879,0,-96
2.9741,2017,1879,0,-96
2.9746,2017,1879,0,-96
2.9750,2017,1879,0,-104
2.9754,2017,1879,0,-104
2.9759,2017,1879,0,-104
2.9763,2017,1879,0,-104
2.9767,2017,1879,0,-104
2.9771,2017,1879,0,-104
2.9776,2017,1879,0,-104
2.9780,2017,1879,0,-112
2.9784,2017,1879,0,-112
2.9788,2017,1879,0,-112
2.9793,2017,1879,0,-112
2.9797,2017,1879,0,-112
2.9801,2028,1879,0,-112
2.9809,2028,1879,0,-112
2.9813,2028,1879,0,-120
2.9817,2028,1879,0,-120
2.9821,2028,1879,0,-120
2.9826,2028,1879,0,-120
2.9830,2028,1879,0,-120
2.9834,2028,1879,0,-120
2.9838,2028,1879,0,-120
2.9842,2028,1880,0,-120
2.9847,2028,1880,0,-120
2.9851,2028,1880,0,-120
2.9856,2028,1880,0,-120
2.9860,2028,1880,0,-128
2.9864,2028,1880,0,-128
2.9868,2028,1880,0,-128
2.9872,2028,1880,0,-128
2.9877,2028,1880,0,-128
2.9881,2028,1881,0,-120
2.9885,2028,1881,0,-120
2.9889,2028,1881,0,-120
2.9893,2028,1881,0,-128
2.9897,2028,1881,0,-128
2.9901,2038,1881,0,-128
2.9910,2038,1881,0,-136
2.9914,2038,1881,0,-136
2.9918,2038,1881,0,-136
2.9923,2038,1882,0,-128
2.9927,2038,1882,0,-128
2.9931,2038,1882,0,-120
2.9936,2038,1882,0,-120
2.9939,2038,1882,0,-128
2.9943,2038,1882,0,-128
2.9947,2038,1882,0,-128
2.9951,2038,1883,200,-120
2.9956,2038,1883,200,-120
2.9960,2038,1883,200,-128
2.9964,2038,1883,200,-128
2.9968,2038,1883,200,-128
2.9972,2038,1883,200,-128
2.9977,2038,1883,200,-128
2.9981,2038,1883,200,-136
2.9986,2038,1883,200,-136
2.9990,2038,1884,200,-128
2.9994,2038,1884,200,-128
2.9998,2038,1884,200,-128
3.0003,2049,1884,200,-128
3.0010,2049,1885,200,-128
3.0015,2049,1885,200,-128
3.0019,2049,1885,200,-128
3.0023,2049,1885,200,-128
3.0027,2049,1885,200,-128
3.0031,2049,1885,200,-136
3.0036,2049,1885,200,-136
3.0040,2049,1886,200,-128
3.0044,2049,1886,200,-128
3.0048,2049,1886,200,-128
3.0053,2049,1886,200,-136
3.0057,2049,1886,200,-136
3.0061,2049,1886,200,-136
3.0066,2049,1886,200,-136
3.0070,2049,1886,200,-144
3.0074,2049,1886,200,-144
3.0078,2049,1886,200,-144
3.0082,2049,1887,200,-136
3.0087,2049,1887,200,-136
3.0091,2049,1887,200,-144
3.0096,2049,1887,200,-144
3.0100,2060,1888,200,-136
3.0108,2060,1888,200,-144
3.0113,2060,1888,200,-144
3.0117,2060,1888,200,-144
3.0121,2060,1888,200,-144
3.0126,2060,1888,200,-144
3.0130,2060,1889,200,-140
3.0134,2060,1889,200,-140
3.0139,2060,1889,200,-140
3.0143,2060,1889,200,-140
3.0147,2060,1889,200,-140
3.0151,2060,1889,300,-148
3.0156,2060,1889,300,-148
3.0160,2060,1890,300,-140
3.0164,2060,1890,300,-140
3.0169,2060,1890,300,-148
3.0173,2060,1890,300,-148
3.0177,2060,1890,300,-148
3.0181,2060,1891,300,-140
3.0186,2060,1891,300,-140
3.0190,2060,1891,300,-148
3.0194,2060,1891,300,-148
3.0198,2060,1892,300,-148
3.0202,2071,1892,300,-148
3.0210,2071,1892,300,-148
3.0215,2071,1892,300,-148
3.0219,2071,1892,300,-156
3.0223,2071,1892,300,-156
3.0228,2071,1892,300,-156
3.0232,2071,1893,300,-148
3.0236,2071,1893,300,-148
3.0240,2071,1893,300,-156
3.0244,2071,1893,300,-156
3.0248,2071,1893,300,-156
3.0252,2071,1894,300,-148
3.0256,2071,1894,300,-148
3.0260,2071,1894,300,-156
3.0264,2071,1894,300,-156
3.0269,2071,1894,300,-164
3.0273,2071,1894,300,-164
3.0277,2071,1894,300,-164
3.0281,2071,1895,300,-156
3.0286,2071,1895,300,-156
3.0290,2071,1895,300,-164
3.0294,2071,1895,300,-164
3.0298,2071,1896,300,-156
3.0302,2081,1896,300,-156
3.0310,2081,1896,300,-164
3.0314,2081,1896,300,-164
3.0318,2081,1897,300,-164
3.0322,2081,1897,300,-164
3.0327,2081,1897,300,-164
3.0331,2081,1897,300,-164
3.0336,2081,1897,300,-164
3.0340,2081,1898,300,-164
3.0344,2081,1898,300,-164
3.0348,2081,1898,450,-164
3.0352,2081,1898,450,-164
3.0357,2081,1898,450,-164
3.0361,2081,1899,450,-164
3.0366,2081,1899,450,-164
3.0370,2081,1899,450,-172
3.0374,2081,1899,450,-172
3.0378,2081,1899,450,-172
3.0383,2081,1899,450,-172
3.0387,2081,1899,450,-172
3.0391,2081,1900,450,-172
3.0396,2081,1900,450,-172
3.0400,2081,1900,450,-180
3.0404,2092,1901,450,-172
3.0412,2092,1901,450,-172
3.0416,2092,1901,450,-172
3.0420,2092,1901,450,-180
3.0424,2092,1901,450,-180
3.0428,2092,1901,450,-188
3.0433,2092,1901,450,-188
3.0437,2092,1901,450,-188
3.0441,2092,1902,450,-180
3.0446,2092,1902,450,-180
3.0450,2092,1902,450,-188
3.0454,2092,1902,450,-188
3.0458,2092,1903,450,-188
3.0462,2092,1903,450,-188
3.0467,2092,1903,450,-188
3.0471,2092,1904,450,-180
3.0476,2092,1904,450,-180
3.0480,2092,1904,450,-188
3.0484,2092,1904,450,-188
3.0488,2092,1905,450,-188
3.0493,2092,1905,450,-188
3.0497,2092,1905,450,-188
3.0501,2102,1905,450,-196
3.0509,2102,1906,450,-188
3.0513,2102,1906,450,-188
3.0517,2102,1906,450,-196
3.0522,2102,1906,450,-196
3.0526,2102,1906,450,-196
3.0530,2102,1907,450,-200
3.0534,2102,1907,450,-200
3.0538,2102,1907,450,-200
3.0543,2102,1907,450,-200
3.0547,2102,1908,500,-200
3.0551,2102,1908,500,-200
3.0556,2102,1908,500,-200
3.0560,2102,1908,500,-208
3.0564,2102,1908,500,-208
3.0568,2102,1909,500,-208
3.0572,2102,1909,500,-208
3.0576,2102,1909,500,-208
3.0580,2102,1909,500,-208
3.0584,2102,1909,500,-208
3.0588,2102,1910,500,-208
3.0592,2102,1910,500,-208
3.0596,2102,1910,500,-208
3.0600,2102,1911,500,-208
3.0603,2112,1911,500,-216
3.0611,2112,1911,500,-216
3.0614,2112,1911,500,-216
3.0618,2112,1912,500,-208
3.0622,2112,1912,500,-208
3.0626,2112,1912,500,-208
3.0629,2112,1913,500,-208
3.0633,2112,1913,500,-208
3.0638,2112,1913,500,-216
3.0642,2112,1913,500,-216
3.0646,2112,1913,500,-216
3.0650,2112,1914,500,-216
3.0654,2112,1914,500,-216
3.0658,2112,1914,500,-224
3.0662,2112,1914,500,-224
3.0666,2112,1915,500,-216
3.0670,2112,1915,500,-216
3.0675,2112,1915,500,-216
3.0679,2112,1915,500,-224
3.0683,2112,1915,500,-224
3.0687,2112,1916,500,-224
3.0691,2112,1916,500,-224
3.0696,2112,1916,500,-224
3.0700,2112,1917,500,-224
3.0704,2122,1918,500,-224
3.0712,2122,1918,500,-224
3.0716,2122,1918,500,-224
3.0720,2122,1918,500,-224
3.0724,2122,1918,500,-224
3.0729,2122,1919,500,-220
3.0733,2122,1919,500,-220
3.0737,2122,1919,500,-228
3.0741,2122,1919,500,-228
3.0746,2122,1919,500,-228
3.0750,2122,1920,600,-228
3.0754,2122,1920,600,-228
3.0758,2122,1921,600,-228
3.0762,2122,1921,600,-228
3.0767,2122,1921,600,-228
3.0771,2122,1921,600,-228
3.0776,2122,1921,600,-228
3.0780,2122,1922,600,-228
3.0784,2122,1922,600,-228
3.0788,2122,1923,600,-228
3.0793,2122,1923,600,-228
3.0797,2122,1923,600,-236
3.0801,2131,1923,600,-236
3.0809,2131,1924,600,-236
3.0813,2131,1924,600,-236
3.0817,2131,1925,600,-236
3.0821,2131,1925,600,-236
3.0826,2131,1925,600,-236
3.0830,2131,1925,600,-244
3.0834,2131,1925,600,-244
3.0838,2131,1926,600,-236
3.0842,2131,1926,600,-236
3.0846,2131,1927,600,-236
3.0851,2131,1927,600,-236
3.0855,2131,1927,600,-236
3.0859,2131,1928,600,-236
3.0863,2131,1928,600,-236
3.0867,2131,1928,600,-244
3.0871,2131,1928,600,-244
3.0876,2131,1929,600,-244
3.0880,2131,1929,600,-244
3.0884,2131,1929,600,-244
3.0888,2131,1930,600,-244
3.0892,2131,1930,600,-244
3.0897,2131,1930,600,-252
3.0901,2141,1930,600,-252
3.0909,2141,1931,600,-252
3.0913,2141,1931,600,-252
3.0917,2141,1932,600,-252
3.0921,2141,1932,600,-252
3.0926,2141,1933,600,-256
3.0930,2141,1933,600,-256
3.0934,2141,1933,600,-256
3.0938,2141,1934,600,-256
3.0943,2141,1934,600,-256
3.0947,2141,1934,700,-256
3.0951,2141,1934,700,-256
3.0956,2141,1935,700,-256
3.0960,2141,1935,700,-256
3.0965,2141,1935,700,-256
3.0969,2141,1936,700,-256
3.0973,2141,1936,700,-256
3.0977,2141,1936,700,-264
3.0981,2141,1936,700,-264
3.0986,2141,1937,700,-264
3.0990,2141,1937,700,-264
3.0994,2141,1937,700,-264
3.0998,2141,1938,700,-264
3.1002,2150,1939,700,-264
3.1010,2150,1939,700,-264
3.1015,2150,1939,700,-264
3.1019,2150,1940,700,-264
3.1023,2150,1940,700,-264
3.1027,2150,1940,700,-272
3.1031,2150,1940,700,-272
3.1036,2150,1941,700,-272
3.1040,2150,1941,700,-272
3.1045,2150,1942,700,-272
3.1049,2150,1942,700,-272
3.1054,2150,1942,700,-272
3.1058,2150,1943,700,-272
3.1062,2150,1943,700,-272
3.1065,2150,1943,700,-280
3.1069,2150,1943,700,-280
3.1073,2150,1943,700,-280
3.1077,2150,1944,700,-280
3.1081,2150,1944,700,-280
3.1085,2150,1945,700,-280
3.1089,2150,1945,700,-280
3.1093,2150,1945,700,-280
3.1097,2150,1946,700,-280
3.1101,2158,1947,700,-280
3.1110,2158,1947,700,-280
3.1114,2158,1947,700,-280
3.1118,2158,1948,700,-280
3.1122,2158,1948,700,-280
3.1126,2158,1948,700,-288
3.1130,2158,1948,700,-288
3.1134,2158,1948,700,-288
3.1138,2158,1949,700,-288
3.1142,2158,1949,700,-288
3.1146,2158,1950,800,-288
3.1151,2158,1950,800,-288
3.1155,2158,1951,800,-288
3.1159,2158,1951,800,-288
3.1163,2158,1951,800,-288
3.1167,2158,1952,800,-288
3.1171,2158,1952,800,-288
3.1176,2158,1953,800,-288
3.1180,2158,1953,800,-288
3.1184,2158,1953,800,-288
3.1188,2158,1954,800,-288
3.1192,2158,1954,800,-288
3.1197,2158,1955,800,-288
3.1201,2166,1956,800,-288
3.1209,2166,1956,800,-288
3.1213,2166,1956,800,-288
3.1217,2166,1957,800,-288
3.1221,2166,1957,800,-288
3.1226,2166,1958,800,-296
3.1230,2166,1958,800,-296
3.1234,2166,1958,800,-304
3.1238,2166,1958,800,-304
3.1242,2166,1958,800,-304
3.1247,2166,1959,800,-304
3.1251,2166,1959,800,-304
3.1256,2166,1960,800,-304
3.1260,2166,1960,800,-304
3.1264,2166,1961,800,-304
3.1268,2166,1961,800,-304
3.1272,2166,1961,800,-304
3.1277,2166,1962,800,-304
3.1281,2166,1962,800,-304
3.1286,2166,1963,800,-304
3.1290,2166,1963,800,-304
3.1294,2166,1964,800,-304
3.1298,2166,1964,800,-304
3.1302,2174,1965,800,-304
3.1310,2174,1965,800,-304
3.1314,2174,1966,800,-304
3.1319,2174,1966,800,-304
3.1323,2174,1966,800,-304
3.1327,2174,1967,800,-296
3.1331,2174,1967,800,-296
3.1336,2174,1968,800,-304
3.1340,2174,1968,800,-304
3.1344,2174,1968,800,-304
3.1347,2174,1969,950,-304
3.1351,2174,1969,950,-304
3.1355,2174,1970,950,-304
3.1359,2174,1970,950,-304
3.1363,2174,1970,950,-304
3.1366,2174,1971,950,-304
3.1370,2174,1971,950,-304
3.1374,2174,1971,950,-312
3.1378,2174,1971,950,-312
3.1382,2174,1971,950,-312
3.1385,2174,1972,950,-312
3.1389,2174,1972,950,-312
3.1393,2174,1972,950,-312
3.1397,2174,1973,950,-312
3.1400,2181,1974,950,-320
3.1408,2181,1974,950,-320
3.1412,2181,1974,950,-320
3.1416,2181,1975,950,-320
3.1420,2181,1975,950,-320
3.1425,2181,1976,950,-320
3.1429,2181,1976,950,-320
3.1433,2181,1976,950,-320
3.1437,2181,1977,950,-320
3.1441,2181,1977,950,-320
3.1446,2181,1978,950,-320
3.1450,2181,1978,950,-320
3.1454,2181,1979,950,-328
3.1458,2181,1979,950,-328
3.1462,2181,1979,950,-328
3.1467,2181,1980,950,-328
3.1471,2181,1980,950,-328
3.1475,2181,1981,950,-328
3.1479,2181,1981,950,-328
3.1483,2181,1982,950,-328
3.1487,2181,1982,950,-328
3.1491,2181,1982,950,-328
3.1496,2181,1983,950,-328
3.1500,2181,1983,950,-328
3.1504,2187,1984,950,-336
3.1512,2187,1984,950,-336
3.1516,2187,1985,950,-336
3.1521,2187,1985,950,-336
3.1525,2187,1986,950,-348
3.1529,2187,1986,950,-348
3.1532,2187,1986,950,-348
3.1537,2187,1987,950,-348
3.1541,2187,1987,950,-348
3.1545,2187,1988,950,-348
3.1549,2187,1988,950,-348
3.1553,2187,1989,950,-356
3.1557,2187,1989,950,-356
3.1562,2187,1989,950,-356
3.1566,2187,1990,950,-356
3.1570,2187,1990,950,-356
3.1574,2187,1991,950,-356
3.1578,2187,1991,950,-356
3.1582,2187,1991,950,-356
3.1586,2187,1992,950,-356
3.1590,2187,1992,950,-356
3.1593,2187,1994,950,-356
3.1598,2187,1994,950,-356
3.1602,2193,1995,950,-356
3.1609,2193,1995,950,-356
3.1613,2193,1996,950,-356
3.1617,2193,1996,950,-356
3.1621,2193,1996,950,-356
3.1626,2193,1997,950,-356
3.1630,2193,1997,950,-356
3.1634,2193,1998,950,-364
3.1638,2193,1998,950,-364
3.1643,2193,1999,950,-364
3.1647,2193,1999,950,-364
3.1651,2193,1999,950,-364
3.1656,2193,2000,950,-364
3.1660,2193,2000,950,-364
3.1664,2193,2001,950,-364
3.1669,2193,2001,950,-364
3.1673,2193,2002,950,-372
3.1677,2193,2002,950,-372
3.1681,2193,2002,950,-372
3.1686,2193,2003,950,-372
3.1690,2193,2003,950,-372
3.1694,2193,2005,950,-364
3.1698,2193,2005,950,-364
3.1702,2199,2006,950,-364
3.1710,2199,2006,950,-364
3.1714,2199,2007,950,-364
3.1718,2199,2007,950,-364
3.1722,2199,2008,950,-364
3.1726,2199,2008,950,-364
3.1730,2199,2008,950,-364
3.1734,2199,2009,950,-364
3.1738,2199,2009,950,-364
3.1742,2199,2010,1100,-364
3.1746,2199,2010,1100,-364
3.1750,2199,2010,1100,-364
3.1755,2199,2011,1100,-364
3.1759,2199,2011,1100,-364
3.1763,2199,2013,1100,-356
3.1767,2199,2013,1100,-356
3.1771,2199,2013,1100,-356
3.1776,2199,2014,1100,-364
3.1780,2199,2014,1100,-364
3.1784,2199,2015,1100,-364
3.1788,2199,2015,1100,-364
3.1792,2199,2016,1100,-364
3.1797,2199,2016,1100,-364
3.1801,2203,2017,1100,-364
3.1809,2203,2017,1100,-364
3.1813,2203,2018,1100,-364
3.1817,2203,2018,1100,-364
3.1821,2203,2018,1100,-364
3.1826,2203,2019,1100,-372
3.1830,2203,2019,1100,-372
3.1834,2203,2021,1100,-364
3.1838,2203,2021,1100,-364
3.1843,2203,2022,1100,-364
3.1847,2203,2022,1100,-364
3.1851,2203,2022,1100,-364
3.1856,2203,2023,1100,-364
3.1860,2203,2023,1100,-364
3.1864,2203,2024,1100,-364
3.1868,2203,2024,1100,-364
3.1872,2203,2025,1100,-364
3.1876,2203,2025,1100,-364
3.1880,2203,2025,1100,-364
3.1884,2203,2026,1100,-372
3.1889,2203,2026,1100,-372
3.1893,2203,2028,1100,-364
3.1897,2203,2028,1100,-364
3.1901,2208,2029,1100,-364
3.1909,2208,2029,1100,-364
3.1913,2208,2030,1100,-364
3.1917,2208,2030,1100,-364
3.1921,2208,2032,1100,-340
3.1926,2208,2032,1100,-340
3.1930,2208,2032,1100,-340
3.1934,2208,2033,1100,-340
3.1938,2208,2033,1100,-340
3.1942,2208,2034,1200,-348
3.1946,2208,2034,1200,-348
3.1951,2208,2034,1200,-348
3.1955,2208,2035,1200,-348
3.1959,2208,2035,1200,-348
3.1963,2208,2036,1200,-348
3.1967,2208,2036,1200,-348
3.1971,2208,2038,1200,-340
3.1976,2208,2038,1200,-340
3.1980,2208,2038,1200,-340
3.1984,2208,2039,1200,-340
3.1989,2208,2039,1200,-340
3.1993,2208,2040,1200,-340
3.1998,2208,2040,1200,-340
3.2002,2211,2041,1200,-340
3.2010,2211,2041,1200,-340
3.2013,2211,2042,1200,-340
3.2017,2211,2042,1200,-340
3.2021,2211,2044,1200,-340
3.2025,2211,2044,1200,-340
3.2029,2211,2044,1200,-340
3.2033,2211,2045,1200,-340
3.2037,2211,2045,1200,-340
3.2041,2211,2045,1200,-340
3.2045,2211,2046,1200,-340
3.2048,2211,2046,1200,-340
3.2052,2211,2047,1200,-340
3.2056,2211,2047,1200,-340
3.2060,2211,2047,1200,-340
3.2064,2211,2048,1200,-340
3.2068,2211,2048,1200,-340
3.2072,2211,2050,1200,-332
3.2077,2211,2050,1200,-332
3.2081,2211,2051,1200,-332
3.2086,2211,2051,1200,-332
3.2090,2211,2051,1200,-332
3.2094,2211,2052,1200,-332
3.2098,2211,2052,1200,-332
3.2102,2214,2054,1200,-324
3.2110,2214,2054,1200,-324
3.2114,2214,2055,1200,-332
3.2118,2214,2055,1200,-332
3.2122,2214,2056,1200,-332
3.2126,2214,2056,1200,-332
3.2131,2214,2057,1200,-332
3.2136,2214,2057,1200,-332
3.2140,2214,2058,1200,-332
3.2146,2214,2058,1200,-332
3.2151,2214,2060,1200,-324
3.2156,2214,2060,1200,-324
3.2161,2214,2061,1200,-324
3.2165,2214,2061,1200,-324
3.2169,2214,2061,1200,-324
3.2173,2214,2062,1200,-324
3.2177,2214,2062,1200,-324
3.2181,2214,2063,1200,-324
3.2185,2214,2063,1200,-324
3.2189,2214,2063,1200,-324
3.2193,2214,2064,1200,-324
3.2197,2214,2064,1200,-324
3.2200,2217,2065,1200,-324
3.2207,2217,2065,1200,-324
3.2211,2217,2067,1200,-316
3.2215,2217,2067,1200,-316
3.2219,2217,2067,1200,-316
3.2223,2217,2068,1200,-316
3.2226,2217,2068,1200,-316
3.2230,2217,2068,1200,-316
3.2233,2217,2069,1200,-316
3.2237,2217,2069,1200,-316
3.2241,2217,2070,1200,-316
3.2244,2217,2070,1200,-316
3.2248,2217,2070,1200,-316
3.2252,2217,2071,1200,-316
3.2256,2217,2071,1200,-316
3.2260,2217,2071,1200,-316
3.2264,2217,2072,1200,-316
3.2268,2217,2072,1200,-316
3.2272,2217,2074,1200,-308
3.2276,2217,2074,1200,-308
3.2280,2217,2075,1200,-308
3.2284,2217,2075,1200,-308
3.2288,2217,2075,1200,-308
3.2292,2217,2076,1200,-308
3.2296,2217,2076,1200,-308
3.2300,2218,2077,1200,-308
3.2308,2218,2077,1200,-308
3.2312,2218,2078,1200,-308
3.2316,2218,2078,1200,-308
3.2320,2218,2078,1200,-308
3.2324,2218,2079,1200,-312
3.2328,2218,2079,1200,-312
3.2332,2218,2081,1200,-304
3.2336,2218,2081,1200,-304
3.2340,2218,2082,1200,-304
3.2344,2218,2082,1200,-304
3.2348,2218,2082,1200,-304
3.2352,2218,2083,1200,-304
3.2356,2218,2083,1200,-304
3.2360,2218,2084,1200,-296
3.2364,2218,2084,1200,-296
3.2368,2218,2084,1200,-296
3.2372,2218,2085,1200,-296
3.2376,2218,2085,1200,-296
3.2380,2218,2086,1200,-296
3.2384,2218,2086,1200,-296
3.2388,2218,2086,1200,-296
3.2392,2218,2088,1200,-288
3.2396,2218,2088,1200,-288
3.2400,2219,2089,1200,-288
3.2408,2219,2089,1200,-288
3.2412,2219,2090,1200,-288
3.2416,2219,2090,1200,-288
3.2420,2219,2091,1200,-288
3.2424,2219,2091,1200,-288
3.2428,2219,2091,1200,-288
3.2432,2219,2092,1200,-288
3.2437,2219,2092,1200,-288
3.2441,2219,2093,1200,-288
3.2445,2219,2093,1200,-288
3.2449,2219,2093,1200,-288
3.2453,2219,2094,1200,-288
3.2457,2219,2094,1200,-288
3.2461,2219,2095,1200,-288
3.2466,2219,2095,1200,-288
3.2470,2219,2096,1200,-288
3.2474,2219,2096,1200,-288
3.2478,2219,2096,1200,-288
3.2482,2219,2097,1200,-288
3.2486,2219,2097,1200,-288
3.2490,2219,2098,1200,-288
3.2493,2219,2098,1200,-288
3.2497,2219,2098,1200,-288
3.2501,2220,2099,1200,-288
3.2510,2220,2100,1200,-288
3.2514,2220,2100,1200,-288
3.2518,2220,2100,1200,-288
3.2522,2220,2102,1200,-272
3.2527,2220,2102,1200,-272
3.2531,2220,2103,1200,-272
3.2536,2220,2103,1200,-272
3.2540,2220,2104,1100,-264
3.2544,2220,2104,1100,-264
3.2548,2220,2104,1100,-264
3.2552,2220,2105,1100,-264
3.2557,2220,2105,1100,-264
3.2561,2220,2106,1100,-264
3.2566,2220,2106,1100,-264
3.2570,2220,2107,1100,-264
3.2574,2220,2107,1100,-264
3.2578,2220,2107,1100,-264
3.2582,2220,2108,1100,-264
3.2587,2220,2108,1100,-264
3.2591,2220,2109,1100,-264
3.2596,2220,2109,1100,-264
3.2600,2220,2110,1100,-264
3.2604,2219,2110,1100,-264
3.2612,2219,2111,1100,-264
3.2616,2219,2111,1100,-264
3.2621,2219,2112,1100,-264
3.2626,2219,2112,1100,-264
3.2630,2219,2113,1100,-256
3.2634,2219,2113,1100,-256
3.2638,2219,2113,1100,-256
3.2643,2219,2114,1100,-256
3.2647,2219,2114,1100,-256
3.2651,2219,2115,1100,-256
3.2656,2219,2115,1100,-256
3.2660,2219,2116,1100,-256
3.2664,2219,2116,1100,-256
3.2668,2219,2116,1100,-256
3.2672,2219,2117,1100,-256
3.2676,2219,2117,1100,-256
3.2681,2219,2118,1100,-256
3.2685,2219,2118,1100,-256
3.2689,2219,2119,1100,-256
3.2693,2219,2119,1100,-256
3.2697,2219,2119,1100,-256
3.2702,2218,2120,1100,-248
3.2710,2218,2121,1100,-248
3.2714,2218,2121,1100,-248
3.2718,2218,2122,1100,-252
3.2722,2218,2122,1100,-252
3.2726,2218,2122,1100,-252
3.2731,2218,2123,1100,-252
3.2735,2218,2123,1100,-252
3.2739,2218,2124,1000,-252
3.2743,2218,2124,1000,-252
3.2747,2218,2124,1000,-252
3.2752,2218,2125,1000,-244
3.2756,2218,2125,1000,-244
3.2760,2218,2126,1000,-244
3.2764,2218,2126,1000,-244
3.2769,2218,2127,1000,-244
3.2773,2218,2127,1000,-244
3.2777,2218,2127,1000,-244
3.2782,2218,2128,1000,-244
3.2786,2218,2128,1000,-244
3.2790,2218,2129,1000,-244
3.2794,2218,2129,1000,-244
3.2799,2218,2130,1000,-236
3.2803,2217,2130,1000,-236
3.2811,2217,2131,1000,-236
3.2816,2217,2131,1000,-236
3.2820,2217,2132,1000,-236
3.2824,2217,2132,1000,-236
3.2828,2217,2133,1000,-236
3.2833,2217,2133,1000,-236
3.2837,2217,2133,1000,-236
3.2841,2217,2134,1000,-228
3.2846,2217,2134,1000,-228
3.2850,2217,2135,1000,-228
3.2855,2217,2135,1000,-228
3.2859,2217,2135,1000,-236
3.2863,2217,2135,1000,-236
3.2867,2217,2135,1000,-236
3.2872,2217,2136,1000,-236
3.2876,2217,2136,1000,-236
3.2880,2217,2137,1000,-228
3.2884,2217,2137,1000,-228
3.2888,2217,2138,1000,-228
3.2893,2217,2138,1000,-228
3.2897,2217,2138,1000,-228
3.2901,2214,2139,1000,-228
3.2909,2214,2140,1000,-228
3.2913,2214,2140,1000,-228
3.2917,2214,2141,1000,-216
3.2922,2214,2141,1000,-216
3.2926,2214,2141,1000,-216
3.2930,2214,2142,1000,-216
3.2935,2214,2142,1000,-216
3.2939,2214,2142,900,-224
3.2943,2214,2142,900,-224
3.2947,2214,2143,900,-224
3.2952,2214,2143,900,-224
3.2956,2214,2143,900,-224
3.2960,2214,2144,900,-216
3.2964,2214,2144,900,-216
3.2969,2214,2145,900,-216
3.2973,2214,2145,900,-216
3.2977,2214,2146,900,-216
3.2981,2214,2146,900,-216
3.2986,2214,2146,900,-216
3.2990,2214,2147,900,-208
3.2994,2214,2147,900,-208
3.2999,2214,2148,900,-208
3.3003,2211,2148,900,-208
3.3011,2211,2149,900,-208
3.3015,2211,2149,900,-208
3.3019,2211,2150,900,-200
3.3022,2211,2150,900,-200
3.3026,2211,2150,900,-200
3.3030,2211,2151,900,-200
3.3035,2211,2151,900,-200
3.3039,2211,2152,900,-200
3.3043,2211,2152,900,-200
3.3047,2211,2152,900,-200
3.3052,2211,2152,900,-200
3.3056,2211,2152,900,-200
3.3060,2211,2153,900,-200
3.3064,2211,2153,900,-200
3.3069,2211,2154,900,-200
3.3073,2211,2154,900,-200
3.3077,2211,2155,900,-192
3.3081,2211,2155,900,-192
3.3086,2211,2155,900,-192
3.3090,2211,2156,900,-192
3.3094,2211,2156,900,-192
3.3099,2211,2157,900,-184
3.3103,2208,2157,900,-192
3.3111,2208,2157,900,-192
3.3116,2208,2157,900,-192
3.3120,2208,2158,900,-196
3.3124,2208,2158,900,-196
3.3128,2208,2159,900,-188
3.3132,2208,2159,900,-188
3.3137,2208,2160,900,-188
3.3141,2208,2160,900,-188
3.3145,2208,2160,900,-188
3.3149,2208,2161,900,-188
3.3153,2208,2161,900,-188
3.3157,2208,2161,900,-188
3.3161,2208,2161,900,-188
3.3166,2208,2161,900,-188
3.3170,2208,2162,900,-188
3.3174,2208,2162,900,-188
3.3178,2208,2162,900,-188
3.3182,2208,2162,900,-188
3.3186,2208,2162,900,-188
3.3190,2208,2163,900,-188
3.3194,2208,2163,900,-188
3.3198,2208,2164,900,-188
3.3203,2203,2165,900,-180
3.3210,2203,2165,900,-180
3.3214,2203,2165,900,-180
3.3218,2203,2166,900,-180
3.3222,2203,2166,900,-180
3.3226,2203,2166,900,-180
3.3231,2203,2166,900,-180
3.3236,2203,2166,900,-180
3.3240,2203,2167,900,-180
3.3244,2203,2167,900,-180
3.3248,2203,2168,900,-172
3.3253,2203,2168,900,-172
3.3257,2203,2168,900,-180
3.3261,2203,2168,900,-180
3.3266,2203,2168,900,-180
3.3270,2203,2169,900,-172
3.3274,2203,2169,900,-172
3.3278,2203,2170,900,-172
3.3282,2203,2170,900,-172
3.3287,2203,2170,900,-172
3.3291,2203,2170,900,-172
3.3296,2203,2170,900,-172
3.3300,2203,2171,900,-172
3.3304,2198,2172,900,-172
3.3312,2198,2172,900,-172
3.3316,2198,2172,900,-172
3.3319,2198,2173,900,-160
3.3323,2198,2173,900,-160
3.3327,2198,2174,900,-160
3.3330,2198,2174,900,-160
3.3334,2198,2174,900,-160
3.3338,2198,2175,750,-152
3.3343,2198,2175,750,-152
3.3347,2198,2175,750,-160
3.3351,2198,2175,750,-160
3.3356,2198,2175,750,-160
3.3360,2198,2175,750,-160
3.3364,2198,2175,750,-160
3.3369,2198,2176,750,-160
3.3373,2198,2176,750,-160
3.3377,2198,2177,750,-152
3.3381,2198,2177,750,-152
3.3385,2198,2177,750,-152
3.3389,2198,2178,750,-152
3.3393,2198,2178,750,-152
3.3397,2198,2179,750,-144
3.3401,2193,2179,750,-152
3.3410,2193,2179,750,-152
3.3414,2193,2179,750,-152
3.3418,2193,2180,750,-144
3.3422,2193,2180,750,-144
3.3426,2193,2181,750,-136
3.3430,2193,2181,750,-136
3.3435,2193,2181,750,-136
3.3439,2193,2181,750,-144
3.3443,2193,2181,750,-144
3.3447,2193,2182,750,-136
3.3451,2193,2182,750,-136
3.3456,2193,2183,750,-136
3.3460,2193,2183,750,-136
3.3464,2193,2183,750,-136
3.3468,2193,2183,750,-136
3.3472,2193,2183,750,-136
3.3476,2193,2183,750,-144
3.3480,2193,2183,750,-144
3.3485,2193,2183,750,-144
3.3489,2193,2184,750,-136
3.3493,2193,2184,750,-136
3.3497,2193,2185,750,-136
3.3501,2187,2185,750,-136
3.3509,2187,2185,750,-136
3.3513,2187,2185,750,-136
3.3517,2187,2186,750,-128
3.3521,2187,2186,750,-128
3.3526,2187,2186,750,-136
3.3530,2187,2186,750,-136
3.3534,2187,2186,750,-136
3.3538,2187,2187,600,-128
3.3542,2187,2187,600,-128
3.3547,2187,2188,600,-128
3.3551,2187,2188,600,-128
3.3555,2187,2188,600,-128
3.3559,2187,2188,600,-128
3.3563,2187,2188,600,-128
3.3567,2187,2189,600,-120
3.3571,2187,2189,600,-120
3.3576,2187,2189,600,-128
3.3580,2187,2189,600,-128
3.3584,2187,2189,600,-128
3.3588,2187,2190,600,-120
3.3592,2187,2190,600,-120
3.3596,2187,2190,600,-128
3.3601,2180,2190,600,-128
3.3608,2180,2191,600,-120
3.3612,2180,2191,600,-120
3.3616,2180,2191,600,-120
3.3621,2180,2191,600,-120
3.3625,2180,2192,600,-120
3.3628,2180,2192,600,-120
3.3632,2180,2192,600,-120
3.3636,2180,2192,600,-120
3.3640,2180,2192,600,-120
3.3644,2180,2192,600,-120
3.3648,2180,2193,600,-112
3.3652,2180,2193,600,-112
3.3656,2180,2193,600,-120
3.3660,2180,2193,600,-120
3.3663,2180,2193,600,-120
3.3667,2180,2194,600,-112
3.3671,2180,2194,600,-112
3.3674,2180,2195,600,-104
3.3678,2180,2195,600,-104
3.3682,2180,2195,600,-104
3.3686,2180,2195,600,-112
3.3689,2180,2195,600,-112
3.3693,2180,2195,600,-112
3.3697,2180,2196,600,-104
3.3701,2173,2196,600,-104
3.3707,2173,2196,600,-104
3.3711,2173,2196,600,-104
3.3715,2173,2197,600,-108
3.3719,2173,2197,600,-108
3.3723,2173,2197,600,-108
3.3726,2173,2197,600,-108
3.3730,2173,2197,600,-108
3.3733,2173,2197,600,-108
3.3737,2173,2197,500,-108
3.3741,2173,2197,500,-108
3.3744,2173,2198,500,-108
3.3748,2173,2198,500,-108
3.3752,2173,2198,500,-108
3.3755,2173,2198,500,-108
3.3759,2173,2198,500,-108
3.3763,2173,2198,500,-108
3.3766,2173,2199,500,-100
3.3770,2173,2199,500,-100
3.3774,2173,2199,500,-100
3.3777,2173,2199,500,-108
3.3781,2173,2199,500,-108
3.3784,2173,2200,500,-100
3.3788,2173,2200,500,-100
3.3791,2173,2200,500,-100
3.3795,2173,2200,500,-100
3.3799,2173,2200,500,-100
3.3802,2166,2201,500,-92
3.3809,2166,2201,500,-92
3.3813,2166,2201,500,-92
3.3817,2166,2201,500,-100
3.3820,2166,2201,500,-100
3.3824,2166,2202,500,-92
3.3829,2166,2202,500,-92
3.3833,2166,2202,500,-92
3.3837,2166,2202,500,-92
3.3840,2166,2202,500,-92
3.3844,2166,2203,500,-84
3.3848,2166,2203,500,-84
3.3851,2166,2203,500,-84
3.3855,2166,2203,500,-92
3.3859,2166,2203,500,-92
3.3862,2166,2203,500,-92
3.3866,2166,2204,500,-84
3.3870,2166,2204,500,-84
3.3873,2166,2204,500,-84
3.3878,2166,2204,500,-84
3.3881,2166,2204,500,-84
3.3886,2166,2204,500,-84
3.3889,2166,2204,500,-84
3.3893,2166,2204,500,-84
3.3897,2166,2205,500,-84
3.3901,2158,2205,500,-84
3.3909,2158,2205,500,-84
3.3913,2158,2205,500,-84
3.3917,2158,2205,500,-84
3.3921,2158,2205,500,-84
3.3925,2158,2206,500,-76
3.3929,2158,2206,500,-76
3.3933,2158,2206,500,-76
3.3937,2158,2206,450,-84
3.3941,2158,2206,450,-84
3.3945,2158,2207,450,-76
3.3949,2158,2207,450,-76
3.3953,2158,2207,450,-76
3.3957,2158,2207,450,-76
3.3961,2158,2207,450,-76
3.3965,2158,2207,450,-76
3.3968,2158,2207,450,-76
3.3972,2158,2207,450,-76
3.3976,2158,2208,450,-68
3.3980,2158,2208,450,-68
3.3984,2158,2208,450,-76
3.3988,2158,2208,450,-76
3.3992,2158,2208,450,-76
3.3996,2158,2209,450,-68
3.4000,2158,2209,450,-68
3.4004,2149,2209,450,-68
3.4012,2149,2209,450,-68
3.4016,2149,2209,450,-68
3.4020,2149,2209,450,-68
3.4024,2149,2209,450,-68
3.4027,2149,2209,450,-68
3.4031,2149,2209,450,-68
3.4036,2149,2210,450,-60
3.4039,2149,2210,450,-60
3.4043,2149,2210,450,-68
3.4047,2149,2210,450,-68
3.4051,2149,2210,450,-68
3.4056,2149,2210,450,-68
3.4060,2149,2210,450,-68
3.4063,2149,2211,450,-60
3.4067,2149,2211,450,-60
3.4072,2149,2211,450,-60
3.4075,2149,2211,450,-60
3.4079,2149,2211,450,-60
3.4083,2149,2211,450,-60
3.4087,2149,2211,450,-60
3.4091,2149,2211,450,-60
3.4096,2149,2211,450,-60
3.4099,2149,2211,450,-60
3.4103,2140,2211,450,-60
3.4111,2140,2211,450,-60
3.4115,2140,2212,450,-48
3.4119,2140,2212,450,-48
3.4122,2140,2212,450,-48
3.4126,2140,2212,450,-56
3.4130,2140,2212,450,-56
3.4134,2140,2212,300,-56
3.4138,2140,2212,300,-56
3.4142,2140,2212,300,-56
3.4146,2140,2213,300,-48
3.4150,2140,2213,300,-48
3.4154,2140,2213,300,-48
3.4158,2140,2213,300,-48
3.4162,2140,2213,300,-48
3.4167,2140,2213,300,-48
3.4171,2140,2213,300,-48
3.4175,2140,2214,300,-40
3.4179,2140,2214,300,-40
3.4183,2140,2214,300,-40
3.4187,2140,2214,300,-40
3.4191,2140,2214,300,-40
3.4196,2140,2214,300,-40
3.4200,2140,2214,300,-40
3.4204,2131,2215,300,-32
3.4212,2131,2215,300,-32
3.4216,2131,2215,300,-32
3.4220,2131,2215,300,-32
3.4224,2131,2215,300,-32
3.4228,2131,2215,300,-32
3.4232,2131,2215,300,-40
3.4236,2131,2215,300,-40
3.4240,2131,2215,300,-40
3.4244,2131,2216,300,-32
3.4249,2131,2216,300,-32
3.4253,2131,2216,300,-32
3.4257,2131,2216,300,-32
3.4261,2131,2216,300,-32
3.4266,2131,2216,300,-32
3.4270,2131,2216,300,-32
3.4274,2131,2216,300,-24
3.4278,2131,2216,300,-24
3.4282,2131,2216,300,-24
3.4286,2131,2216,300,-24
3.4290,2131,2216,300,-24
3.4294,2131,2216,300,-24
3.4298,2131,2216,300,-24
3.4302,2121,2217,300,0
3.4310,2121,2217,300,0
3.4314,2121,2217,300,0
3.4318,2121,2217,300,0
3.4323,2121,2217,300,0
3.4327,2121,2217,300,0
3.4331,2121,2217,300,0
3.4336,2121,2217,250,0
3.4340,2121,2217,250,0
3.4344,2121,2217,250,0
3.4348,2121,2217,250,0
3.4352,2121,2217,250,0
3.4356,2121,2217,250,0
3.4360,2121,2217,250,0
3.4364,2121,2217,250,0
3.4368,2121,2217,250,0
3.4372,2121,2218,250,24
3.4376,2121,2218,250,24
3.4381,2121,2218,250,24
3.4385,2121,2218,250,24
3.4389,2121,2218,250,24
3.4393,2121,2218,250,32
3.4396,2121,2218,250,32
3.4400,2112,2218,250,32
3.4409,2112,2218,250,32
3.4413,2112,2218,250,32
3.4417,2112,2218,250,32
3.4421,2112,2218,250,32
3.4425,2112,2218,250,32
3.4429,2112,2218,250,32
3.4433,2112,2218,250,32
3.4437,2112,2218,250,32
3.4441,2112,2218,250,32
3.4445,2112,2218,250,32
3.4450,2112,2218,250,32
3.4454,2112,2219,250,32
3.4457,2112,2219,250,32
3.4461,2112,2219,250,32
3.4466,2112,2219,250,32
3.4469,2112,2219,250,32
3.4473,2112,2219,250,32
3.4478,2112,2219,250,32
3.4482,2112,2219,250,32
3.4486,2112,2219,250,32
3.4490,2112,2219,250,32
3.4494,2112,2219,250,32
3.4498,2112,2219,250,32
3.4502,2101,2219,250,32
3.4510,2101,2219,250,32
3.4514,2101,2219,250,24
3.4518,2101,2219,250,24
3.4522,2101,2219,250,32
3.4526,2101,2219,250,32
3.4530,2101,2219,250,32
3.4535,2101,2219,100,32
3.4539,2101,2219,100,32
3.4543,2101,2219,100,32
3.4547,2101,2219,100,32
3.4551,2101,2219,100,32
3.4556,2101,2219,100,32
3.4560,2101,2219,100,32
3.4564,2101,2219,100,32
3.4568,2101,2219,100,32
3.4572,2101,2219,100,40
3.4577,2101,2219,100,40
3.4581,2101,2219,100,40
3.4586,2101,2219,100,40
3.4590,2101,2219,100,40
3.4594,2101,2219,100,40
3.4598,2101,2219,100,40
3.4602,2091,2219,100,40
3.4610,2091,2219,100,40
3.4614,2091,2219,100,40
3.4618,2091,2219,100,40
3.4623,2091,2219,100,48
3.4627,2091,2219,100,48
3.4631,2091,2219,100,48
3.4636,2091,2219,100,48
3.4640,2091,2219,100,48
3.4644,2091,2219,100,48
3.4648,2091,2219,100,48
3.4652,2091,2219,100,48
3.4656,2091,2219,100,48
3.4660,2091,2219,100,56
3.4665,2091,2219,100,56
3.4669,2091,2219,100,56
3.4673,2091,2219,100,56
3.4677,2091,2219,100,56
3.4681,2091,2219,100,56
3.4686,2091,2219,100,56
3.4690,2091,2219,100,56
3.4694,2091,2219,100,56
3.4698,2091,2219,100,56
3.4702,2081,2219,100,64
3.4710,2081,2219,100,64
3.4714,2081,2219,100,76
3.4718,2081,2219,100,76
3.4722,2081,2219,100,76
3.4727,2081,2219,100,76
3.4731,2081,2219,0,76
3.4736,2081,2219,0,76
3.4740,2081,2219,0,84
3.4744,2081,2219,0,84
3.4748,2081,2219,0,84
3.4753,2081,2219,0,84
3.4757,2081,2219,0,84
3.4761,2081,2219,0,84
3.4766,2081,2219,0,84
3.4770,2081,2219,0,84
3.4774,2081,2219,0,92
3.4778,2081,2219,0,92
3.4782,2081,2219,0,92
3.4787,2081,2219,0,92
3.4791,2081,2219,0,92
3.4796,2081,2219,0,92
3.4800,2081,2219,0,100
3.4804,2070,2219,0,100
3.4812,2070,2219,0,100
3.4816,2070,2219,0,100
3.4820,2070,2219,0,100
3.4825,2070,2219,0,100
3.4829,2070,2219,0,100
3.4833,2070,2219,0,108
3.4837,2070,2219,0,108
3.4841,2070,2219,0,108
3.4846,2070,2219,0,108
3.4850,2070,2218,0,100
3.4854,2070,2218,0,100
3.4859,2070,2218,0,100
3.4863,2070,2218,0,108
3.4867,2070,2218,0,108
3.4872,2070,2218,0,108
3.4876,2070,2218,0,108
3.4880,2070,2218,0,108
3.4884,2070,2218,0,108
3.4888,2070,2218,0,108
3.4892,2070,2218,0,116
3.4896,2070,2218,0,116
3.4901,2060,2218,0,116
3.4909,2060,2218,0,116
3.4913,2060,2218,0,116
3.4917,2060,2218,0,116
3.4922,2060,2217,0,116
3.4926,2060,2217,0,116
3.4930,2060,2217,-100,116
3.4934,2060,2217,-100,116
3.4938,2060,2217,-100,116
3.4943,2060,2217,-100,124
3.4947,2060,2217,-100,124
3.4951,2060,2217,-100,124
3.4956,2060,2217,-100,124
3.4960,2060,2216,-100,116
3.4964,2060,2216,-100,116
3.4969,2060,2216,-100,116
3.4973,2060,2216,-100,124
3.4977,2060,2216,-100,124
3.4981,2060,2216,-100,124
3.4986,2060,2216,-100,124
3.4990,2060,2215,-100,124
3.4995,2060,2215,-100,124
3.4999,2060,2215,-100,124
3.5003,2049,2215,-100,124
3.5011,2049,2215,-100,124
3.5016,2049,2215,-100,124
3.5020,2049,2214,-100,124
3.5024,2049,2214,-100,124
3.5028,2049,2214,-100,124
3.5032,2049,2214,-100,124
3.5037,2049,2214,-100,124
3.5041,2049,2214,-100,132
3.5046,2049,2214,-100,132
3.5050,2049,2213,-100,124
3.5054,2049,2213,-100,124
3.5058,2049,2213,-100,124
3.5063,2049,2213,-100,132
3.5067,2049,2213,-100,132
3.5071,2049,2213,-100,132
3.5076,2049,2213,-100,132
3.5080,2049,2212,-100,132
3.5085,2049,2212,-100,132
3.5089,2049,2212,-100,132
3.5093,2049,2212,-100,132
3.5097,2049,2212,-100,132
3.5102,2038,2212,-100,140
3.5110,2038,2212,-100,132
3.5114,2038,2212,-100,132
3.5119,2038,2211,-100,124
3.5123,2038,2211,-100,124
3.5127,2038,2211,-100,124
3.5132,2038,2211,-300,132
3.5136,2038,2211,-300,132
3.5140,2038,2211,-300,132
3.5144,2038,2211,-300,132
3.5149,2038,2210,-300,132
3.5153,2038,2210,-300,132
3.5157,2038,2210,-300,132
3.5162,2038,2210,-300,132
3.5166,2038,2210,-300,132
3.5170,2038,2209,-300,132
3.5175,2038,2209,-300,132
3.5179,2038,2209,-300,132
3.5183,2038,2209,-300,132
3.5188,2038,2209,-300,132
3.5192,2038,2208,-300,132
3.5196,2038,2208,-300,132
3.5201,2028,2208,-300,132
3.5209,2028,2208,-300,140
3.5213,2028,2208,-300,140
3.5218,2028,2208,-300,140
3.5222,2028,2207,-300,140
3.5226,2028,2207,-300,140
3.5230,2028,2207,-300,140
3.5235,2028,2207,-300,140
3.5239,2028,2206,-300,140
3.5243,2028,2206,-300,140
3.5247,2028,2206,-300,140
3.5251,2028,2206,-300,140
3.5256,2028,2206,-300,140
3.5260,2028,2205,-300,140
3.5264,2028,2205,-300,140
3.5269,2028,2205,-300,140
3.5273,2028,2205,-300,140
3.5278,2028,2205,-300,148
3.5282,2028,2205,-300,148
3.5286,2028,2205,-300,148
3.5291,2028,2205,-300,148
3.5296,2028,2205,-300,148
3.5300,2028,2204,-300,148
3.5304,2017,2204,-300,156
3.5312,2017,2204,-300,156
3.5316,2017,2204,-300,156
3.5320,2017,2203,-300,148
3.5324,2017,2203,-300,148
3.5328,2017,2203,-400,156
3.5333,2017,2203,-400,156
3.5337,2017,2203,-400,156
3.5341,2017,2202,-400,148
3.5346,2017,2202,-400,148
3.5350,2017,2202,-400,156
3.5354,2017,2202,-400,156
3.5359,2017,2201,-400,148
3.5363,2017,2201,-400,148
3.5367,2017,2201,-400,148
3.5371,2017,2201,-400,156
3.5376,2017,2201,-400,156
3.5380,2017,2200,-400,156
3.5384,2017,2200,-400,156
3.5388,2017,2200,-400,156
3.5393,2017,2200,-400,156
3.5397,2017,2200,-400,156
3.5401,2006,2199,-400,156
3.5410,2006,2199,-400,164
3.5414,2006,2199,-400,164
3.5418,2006,2199,-400,164
3.5423,2006,2199,-400,164
3.5427,2006,2199,-400,164
3.5431,2006,2198,-400,164
3.5436,2006,2198,-400,164
3.5440,2006,2198,-400,164
3.5444,2006,2198,-400,164
3.5448,2006,2197,-400,164
3.5453,2006,2197,-400,164
3.5457,2006,2197,-400,164
3.5461,2006,2197,-400,172
3.5466,2006,2197,-400,172
3.5470,2006,2197,-400,172
3.5474,2006,2197,-400,172
3.5478,2006,2196,-400,172
3.5483,2006,2196,-400,172
3.5487,2006,2196,-400,172
3.5491,2006,2195,-400,172
3.5496,2006,2195,-400,172
3.5500,2006,2195,-400,172
3.5504,1996,2195,-400,180
3.5512,1996,2195,-400,180
3.5516,1996,2195,-400,180
3.5521,1996,2194,-400,180
3.5526,1996,2194,-400,180
3.5530,1996,2194,-450,180
3.5534,1996,2194,-450,180
3.5538,1996,2193,-450,180
3.5543,1996,2193,-450,180
3.5547,1996,2193,-450,188
3.5551,1996,2193,-450,188
3.5556,1996,2193,-450,188
3.5560,1996,2192,-450,188
3.5564,1996,2192,-450,188
3.5568,1996,2191,-450,180
3.5573,1996,2191,-450,180
3.5577,1996,2191,-450,188
3.5581,1996,2191,-450,188
3.5586,1996,2191,-450,188
3.5590,1996,2190,-450,188
3.5595,1996,2190,-450,188
3.5600,1996,2190,-450,188
3.5604,1986,2190,-450,196
3.5612,1986,2190,-450,196
3.5616,1986,2190,-450,196
3.5621,1986,2189,-450,196
3.5626,1986,2189,-450,196
3.5630,1986,2188,-450,196
3.5634,1986,2188,-450,196
3.5639,1986,2188,-450,196
3.5643,1986,2188,-450,196
3.5647,1986,2187,-450,196
3.5651,1986,2187,-450,196
3.5656,1986,2187,-450,196
3.5660,1986,2187,-450,204
3.5664,1986,2187,-450,204
3.5669,1986,2186,-450,204
3.5673,1986,2186,-450,204
3.5677,1986,2185,-450,196
3.5681,1986,2185,-450,196
3.5686,1986,2185,-450,196
3.5690,1986,2185,-450,204
3.5694,1986,2185,-450,204
3.5698,1986,2184,-450,204
3.5703,1976,2184,-450,216
3.5711,1976,2184,-450,216
3.5715,1976,2184,-450,216
3.5719,1976,2183,-450,208
3.5723,1976,2183,-450,208
3.5727,1976,2183,-550,216
3.5732,1976,2183,-550,216
3.5736,1976,2182,-550,216
3.5740,1976,2182,-550,216
3.5745,1976,2182,-550,216
3.5749,1976,2182,-550,224
3.5753,1976,2182,-550,224
3.5757,1976,2181,-550,224
3.5762,1976,2181,-550,224
3.5766,1976,2180,-550,216
3.5770,1976,2180,-550,216
3.5774,1976,2180,-550,216
3.5778,1976,2179,-550,216
3.5783,1976,2179,-550,216
3.5787,1976,2179,-550,224
3.5791,1976,2179,-550,224
3.5796,1976,2178,-550,224
3.5800,1976,2178,-550,224
3.5804,1966,2178,-550,232
3.5812,1966,2178,-550,232
3.5817,1966,2177,-550,232
3.5821,1966,2177,-550,232
3.5826,1966,2176,-550,224
3.5830,1966,2176,-550,224
3.5835,1966,2176,-550,224
3.5839,1966,2176,-550,232
3.5843,1966,2176,-550,232
3.5848,1966,2175,-550,232
3.5852,1966,2175,-550,232
3.5856,1966,2175,-550,240
3.5860,1966,2175,-550,240
3.5865,1966,2175,-550,240
3.5869,1966,2174,-550,240
3.5873,1966,2174,-550,240
3.5878,1966,2173,-550,240
3.5882,1966,2173,-550,240
3.5886,1966,2173,-550,240
3.5890,1966,2173,-550,240
3.5894,1966,2173,-550,240
3.5899,1966,2172,-550,240
3.5903,1957,2171,-550,236
3.5911,1957,2171,-550,236
3.5916,1957,2170,-550,236
3.5920,1957,2170,-550,236
3.5924,1957,2170,-550,236
3.5928,1957,2170,-650,244
3.5933,1957,2170,-650,244
3.5937,1957,2169,-650,244
3.5941,1957,2169,-650,244
3.5946,1957,2168,-650,244
3.5950,1957,2168,-650,244
3.5954,1957,2168,-650,244
3.5959,1957,2168,-650,252
3.5963,1957,2168,-650,252
3.5967,1957,2167,-650,252
3.5971,1957,2167,-650,252
3.5976,1957,2166,-650,244
3.5980,1957,2166,-650,244
3.5985,1957,2166,-650,252
3.5989,1957,2166,-650,252
3.5994,1957,2166,-650,252
3.5998,1957,2165,-650,252
3.6003,1948,2164,-650,252
3.6011,1948,2164,-650,252
3.6016,1948,2163,-650,252
3.6020,1948,2163,-650,252
3.6024,1948,2163,-650,252
3.6029,1948,2163,-650,260
3.6033,1948,2163,-650,260
3.6037,1948,2162,-650,260
3.6042,1948,2162,-650,260
3.6046,1948,2161,-650,260
3.6050,1948,2161,-650,260
3.6055,1948,2160,-650,260
3.6059,1948,2160,-650,260
3.6064,1948,2160,-650,260
3.6069,1948,2160,-650,268
3.6073,1948,2160,-650,268
3.6077,1948,2159,-650,268
3.6081,1948,2159,-650,268
3.6086,1948,2158,-650,268
3.6090,1948,2158,-650,268
3.6094,1948,2158,-650,268
3.6098,1948,2157,-650,268
3.6103,1940,2156,-650,272
3.6111,1940,2156,-650,272
3.6115,1940,2155,-650,272
3.6119,1940,2155,-650,272
3.6123,1940,2155,-650,272
3.6127,1940,2155,-750,280
3.6131,1940,2155,-750,280
3.6136,1940,2154,-750,280
3.6140,1940,2154,-750,280
3.6144,1940,2154,-750,280
3.6148,1940,2153,-750,280
3.6153,1940,2153,-750,280
3.6157,1940,2152,-750,280
3.6161,1940,2152,-750,280
3.6166,1940,2151,-750,280
3.6170,1940,2151,-750,280
3.6174,1940,2150,-750,280
3.6179,1940,2150,-750,280
3.6183,1940,2150,-750,280
3.6187,1940,2150,-750,288
3.6191,1940,2150,-750,288
3.6196,1940,2149,-750,288
3.6200,1940,2149,-750,288
3.6204,1932,2148,-750,288
3.6212,1932,2148,-750,288
3.6216,1932,2147,-750,288
3.6220,1932,2147,-750,288
3.6224,1932,2146,-750,288
3.6228,1932,2146,-750,288
3.6233,1932,2146,-750,288
3.6237,1932,2145,-750,288
3.6242,1932,2145,-750,288
3.6246,1932,2144,-750,288
3.6250,1932,2144,-750,288
3.6254,1932,2143,-750,288
3.6259,1932,2143,-750,288
3.6263,1932,2143,-750,288
3.6267,1932,2142,-750,288
3.6272,1932,2142,-750,288
3.6276,1932,2142,-750,296
3.6281,1932,2142,-750,296
3.6285,1932,2141,-750,296
3.6289,1932,2141,-750,296
3.6294,1932,2140,-750,296
3.6298,1932,2140,-750,296
3.6303,1924,2139,-750,292
3.6312,1924,2139,-750,292
3.6316,1924,2138,-750,292
3.6320,1924,2138,-750,292
3.6324,1924,2137,-900,292
3.6328,1924,2137,-900,292
3.6332,1924,2137,-900,292
3.6336,1924,2136,-900,300
3.6340,1924,2136,-900,300
3.6344,1924,2135,-900,300
3.6348,1924,2135,-900,300
3.6352,1924,2135,-900,300
3.6357,1924,2134,-900,300
3.6361,1924,2134,-900,300
3.6366,1924,2133,-900,300
3.6370,1924,2133,-900,300
3.6374,1924,2132,-900,300
3.6378,1924,2132,-900,300
3.6382,1924,2132,-900,300
3.6387,1924,2131,-900,300
3.6391,1924,2131,-900,300
3.6396,1924,2130,-900,300
3.6400,1924,2130,-900,300
3.6404,1917,2129,-900,300
3.6412,1917,2129,-900,300
3.6417,1917,2128,-900,300
3.6421,1917,2128,-900,300
3.6426,1917,2128,-900,316
3.6430,1917,2128,-900,316
3.6434,1917,2127,-900,316
3.6439,1917,2127,-900,316
3.6443,1917,2126,-900,316
3.6447,1917,2126,-900,316
3.6452,1917,2126,-900,316
3.6456,1917,2125,-900,316
3.6460,1917,2125,-900,316
3.6464,1917,2124,-900,316
3.6468,1917,2124,-900,316
3.6473,1917,2124,-900,316
3.6477,1917,2123,-900,316
3.6481,1917,2123,-900,316
3.6486,1917,2122,-900,324
3.6490,1917,2122,-900,324
3.6495,1917,2121,-900,324
3.6499,1917,2121,-900,324
3.6504,1911,2120,-900,328
3.6512,1911,2120,-900,328
3.6517,1911,2119,-900,328
3.6521,1911,2119,-900,328
3.6526,1911,2118,-950,328
3.6530,1911,2118,-950,328
3.6534,1911,2117,-950,328
3.6538,1911,2117,-950,328
3.6543,1911,2116,-950,336
3.6547,1911,2116,-950,336
3.6551,1911,2116,-950,336
3.6556,1911,2115,-950,336
3.6560,1911,2115,-950,336
3.6564,1911,2114,-950,336
3.6568,1911,2114,-950,336
3.6573,1911,2113,-950,336
3.6577,1911,2113,-950,336
3.6582,1911,2113,-950,336
3.6585,1911,2112,-950,336
3.6589,1911,2112,-950,336
3.6593,1911,2111,-950,344
3.6597,1911,2111,-950,344
3.6600,1905,2110,-950,344
3.6608,1905,2110,-950,344
3.6612,1905,2110,-950,344
3.6616,1905,2109,-950,344
3.6620,1905,2109,-950,344
3.6623,1905,2107,-950,336
3.6627,1905,2107,-950,336
3.6631,1905,2107,-950,336
3.6634,1905,2106,-950,344
3.6638,1905,2106,-950,344
3.6642,1905,2106,-950,344
3.6645,1905,2105,-950,344
3.6649,1905,2105,-950,344
3.6653,1905,2104,-950,344
3.6656,1905,2104,-950,344
3.6660,1905,2104,-950,344
3.6664,1905,2103,-950,344
3.6668,1905,2103,-950,344
3.6672,1905,2103,-950,344
3.6675,1905,2102,-950,352
3.6679,1905,2102,-950,352
3.6682,1905,2101,-950,352
3.6686,1905,2101,-950,352
3.6690,1905,2101,-950,352
3.6693,1905,2100,-950,352
3.6697,1905,2100,-950,352
3.6701,1899,2099,-950,348
3.6707,1899,2099,-950,348
3.6711,1899,2099,-950,348
3.6714,1899,2098,-950,356
3.6718,1899,2098,-950,356
3.6722,1899,2098,-950,356
3.6725,1899,2097,-1050,356
3.6729,1899,2097,-1050,356
3.6732,1899,2096,-1050,356
3.6736,1899,2096,-1050,356
3.6739,1899,2096,-1050,356
3.6743,1899,2094,-1050,348
3.6747,1899,2094,-1050,348
3.6750,1899,2094,-1050,348
3.6754,1899,2093,-1050,356
3.6758,1899,2093,-1050,356
3.6761,1899,2093,-1050,356
3.6765,1899,2092,-1050,356
3.6769,1899,2092,-1050,356
3.6772,1899,2091,-1050,356
3.6776,1899,2091,-1050,356
3.6779,1899,2091,-1050,356
3.6783,1899,2090,-1050,356
3.6787,1899,2090,-1050,356
3.6790,1899,2090,-1050,356
3.6794,1899,2089,-1050,356
3.6797,1899,2089,-1050,356
3.6801,1895,2088,-1050,364
3.6808,1895,2088,-1050,364
3.6811,1895,2088,-1050,364
3.6815,1895,2086,-1050,356
3.6819,1895,2086,-1050,356
3.6822,1895,2085,-1050,356
3.6826,1895,2085,-1050,356
3.6829,1895,2085,-1050,356
3.6833,1895,2084,-1050,356
3.6837,1895,2084,-1050,356
3.6840,1895,2084,-1050,356
3.6844,1895,2083,-1050,364
3.6847,1895,2083,-1050,364
3.6851,1895,2083,-1050,364
3.6854,1895,2082,-1050,364
3.6858,1895,2082,-1050,364
3.6861,1895,2081,-1050,364
3.6865,1895,2081,-1050,364
3.6869,1895,2081,-1050,364
3.6872,1895,2079,-1050,356
3.6876,1895,2079,-1050,356
3.6880,1895,2079,-1050,356
3.6883,1895,2078,-1050,356
3.6887,1895,2078,-1050,356
3.6890,1895,2078,-1050,356
3.6894,1895,2077,-1050,364
3.6898,1895,2077,-1050,364
3.6901,1890,2076,-1050,360
3.6909,1890,2076,-1050,360
3.6912,1890,2075,-1050,360
3.6916,1890,2075,-1050,360
3.6920,1890,2075,-1050,360
3.6923,1890,2074,-1150,360
3.6927,1890,2074,-1150,360
3.6930,1890,2074,-1150,360
3.6934,1890,2072,-1150,352
3.6938,1890,2072,-1150,352
3.6941,1890,2071,-1150,360
3.6945,1890,2071,-1150,360
3.6949,1890,2071,-1150,360
3.6952,1890,2070,-1150,360
3.6956,1890,2070,-1150,360
3.6959,1890,2070,-1150,360
3.6963,1890,2069,-1150,360
3.6967,1890,2069,-1150,360
3.6970,1890,2069,-1150,360
3.6974,1890,2068,-1150,360
3.6977,1890,2068,-1150,360
3.6981,1890,2068,-1150,360
3.6985,1890,2066,-1150,352
3.6989,1890,2066,-1150,352
3.6992,1890,2065,-1150,352
3.6996,1890,2065,-1150,352
3.6999,1890,2065,-1150,352
3.7003,1887,2064,-1150,360
3.7010,1887,2064,-1150,360
3.7013,1887,2063,-1150,360
3.7017,1887,2063,-1150,360
3.7020,1887,2063,-1150,360
3.7024,1887,2062,-1150,360
3.7027,1887,2062,-1150,360
3.7031,1887,2061,-1150,360
3.7034,1887,2061,-1150,360
3.7038,1887,2061,-1150,360
3.7041,1887,2059,-1150,352
3.7045,1887,2059,-1150,352
3.7049,1887,2059,-1150,352
3.7052,1887,2058,-1150,352
3.7056,1887,2058,-1150,352
3.7059,1887,2058,-1150,352
3.7063,1887,2057,-1150,352
3.7066,1887,2057,-1150,352
3.7070,1887,2057,-1150,352
3.7073,1887,2056,-1150,360
3.7077,1887,2056,-1150,360
3.7081,1887,2054,-1150,352
3.7084,1887,2054,-1150,352
3.7088,1887,2054,-1150,352
3.7091,1887,2053,-1150,352
3.7095,1887,2053,-1150,352
3.7099,1887,2053,-1150,352
3.7102,1884,2052,-1150,340
3.7109,1884,2052,-1150,340
3.7112,1884,2051,-1150,340
3.7116,1884,2051,-1150,340
3.7119,1884,2051,-1150,340
3.7123,1884,2050,-1200,340
3.7127,1884,2050,-1200,340
3.7130,1884,2050,-1200,340
3.7134,1884,2048,-1200,332
3.7137,1884,2048,-1200,332
3.7141,1884,2047,-1200,332
3.7144,1884,2047,-1200,332
3.7148,1884,2047,-1200,332
3.7151,1884,2046,-1200,332
3.7155,1884,2046,-1200,332
3.7159,1884,2046,-1200,332
3.7162,1884,2044,-1200,332
3.7166,1884,2044,-1200,332
3.7170,1884,2044,-1200,332
3.7173,1884,2043,-1200,332
3.7177,1884,2043,-1200,332
3.7180,1884,2042,-1200,332
3.7184,1884,2042,-1200,332
3.7188,1884,2042,-1200,332
3.7191,1884,2041,-1200,332
3.7195,1884,2041,-1200,332
3.7199,1884,2041,-1200,332
3.7202,1881,2040,-1200,332
3.7209,1881,2040,-1200,332
3.7213,1881,2038,-1200,324
3.7216,1881,2038,-1200,324
3.7220,1881,2038,-1200,324
3.7223,1881,2037,-1200,324
3.7227,1881,2037,-1200,324
3.7230,1881,2036,-1200,324
3.7234,1881,2036,-1200,324
3.7237,1881,2036,-1200,324
3.7241,1881,2035,-1200,324
3.7244,1881,2035,-1200,324
3.7248,1881,2035,-1200,324
3.7251,1881,2034,-1200,324
3.7255,1881,2034,-1200,324
3.7259,1881,2034,-1200,324
3.7262,1881,2033,-1200,324
3.7266,1881,2033,-1200,324
3.7269,1881,2033,-1200,324
3.7273,1881,2031,-1200,316
3.7276,1881,2031,-1200,316
3.7280,1881,2030,-1200,324
3.7283,1881,2030,-1200,324
3.7287,1881,2030,-1200,324
3.7290,1881,2029,-1200,324
3.7294,1881,2029,-1200,324
3.7298,1881,2029,-1200,324
3.7301,1880,2028,-1200,320
3.7309,1880,2028,-1200,320
3.7312,1880,2027,-1200,320
3.7316,1880,2027,-1200,320
3.7319,1880,2027,-1200,320
3.7323,1880,2025,-1250,312
3.7326,1880,2025,-1250,312
3.7330,1880,2024,-1250,312
3.7333,1880,2024,-1250,312
3.7337,1880,2024,-1250,312
3.7340,1880,2023,-1250,312
3.7345,1880,2023,-1250,312
3.7349,1880,2023,-1250,312
3.7353,1880,2022,-1250,312
3.7356,1880,2022,-1250,312
3.7360,1880,2021,-1250,312
3.7363,1880,2021,-1250,312
3.7367,1880,2021,-1250,312
3.7371,1880,2020,-1250,312
3.7375,1880,2020,-1250,312
3.7379,1880,2020,-1250,312
3.7382,1880,2019,-1250,312
3.7386,1880,2019,-1250,312
3.7390,1880,2017,-1250,304
3.7393,1880,2017,-1250,304
3.7397,1880,2017,-1250,304
3.7401,1879,2016,-1250,304
3.7408,1879,2016,-1250,304
3.7412,1879,2015,-1250,304
3.7415,1879,2015,-1250,304
3.7419,1879,2014,-1250,304
3.7423,1879,2014,-1250,304
3.7427,1879,2014,-1250,304
3.7431,1879,2013,-1250,304
3.7435,1879,2013,-1250,304
3.7439,1879,2011,-1250,296
3.7443,1879,2011,-1250,296
3.7448,1879,2011,-1250,296
3.7452,1879,2010,-1250,296
3.7455,1879,2010,-1250,296
3.7459,1879,2009,-1250,296
3.7463,1879,2009,-1250,296
3.7467,1879,2009,-1250,296
3.7472,1879,2008,-1250,296
3.7476,1879,2008,-1250,296
3.7480,1879,2007,-1250,296
3.7484,1879,2007,-1250,296
3.7488,1879,2007,-1250,296
3.7492,1879,2006,-1250,296
3.7496,1879,2006,-1250,296
3.7500,1878,2005,-1250,292
3.7507,1878,2005,-1250,292
3.7511,1878,2004,-1250,292
3.7515,1878,2004,-1250,292
3.7519,1878,2003,-1100,292
3.7523,1878,2003,-1100,292
3.7527,1878,2003,-1100,292
3.7531,1878,2002,-1100,292
3.7536,1878,2002,-1100,292
3.7540,1878,2001,-1100,292
3.7544,1878,2001,-1100,292
3.7547,1878,2001,-1100,292
3.7551,1878,2000,-1100,284
3.7556,1878,2000,-1100,284
3.7559,1878,1998,-1100,276
3.7563,1878,1998,-1100,276
3.7567,1878,1998,-1100,276
3.7571,1878,1997,-1100,276
3.7575,1878,1997,-1100,276
3.7578,1878,1996,-1100,276
3.7583,1878,1996,-1100,276
3.7587,1878,1996,-1100,276
3.7591,1878,1995,-1100,276
3.7595,1878,1995,-1100,276
3.7598,1878,1994,-1100,276
3.7602,1879,1994,-1100,276
3.7610,1879,1993,-1100,276
3.7614,1879,1993,-1100,276
3.7617,1879,1993,-1100,276
3.7621,1879,1992,-1100,276
3.7626,1879,1992,-1100,276
3.7630,1879,1991,-1100,276
3.7633,1879,1991,-1100,276
3.7637,1879,1991,-1100,276
3.7641,1879,1990,-1100,276
3.7645,1879,1990,-1100,276
3.7649,1879,1989,-1100,276
3.7653,1879,1989,-1100,276
3.7657,1879,1989,-1100,276
3.7661,1879,1988,-1100,268
3.7666,1879,1988,-1100,268
3.7670,1879,1986,-1100,260
3.7673,1879,1986,-1100,260
3.7677,1879,1986,-1100,260
3.7681,1879,1985,-1100,260
3.7686,1879,1985,-1100,260
3.7689,1879,1985,-1100,268
3.7694,1879,1985,-1100,268
3.7697,1879,1985,-1100,268
3.7701,1880,1984,-1100,268
3.7708,1880,1983,-1100,268
3.7712,1880,1983,-1100,268
3.7716,1880,1983,-1100,268
3.7720,1880,1982,-1050,268
3.7724,1880,1982,-1050,268
3.7728,1880,1981,-1050,268
3.7732,1880,1981,-1050,268
3.7736,1880,1981,-1050,268
3.7740,1880,1980,-1050,260
3.7744,1880,1980,-1050,260
3.7747,1880,1980,-1050,260
3.7751,1880,1979,-1050,260
3.7755,1880,1979,-1050,260
3.7759,1880,1978,-1050,260
3.7763,1880,1978,-1050,260
3.7767,1880,1978,-1050,260
3.7771,1880,1977,-1050,260
3.7775,1880,1977,-1050,260
3.7779,1880,1976,-1050,260
3.7783,1880,1976,-1050,260
3.7787,1880,1976,-1050,260
3.7791,1880,1975,-1050,260
3.7795,1880,1975,-1050,260
3.7799,1880,1974,-1050,252
3.7804,1881,1974,-1050,252
3.7811,1881,1973,-1050,252
3.7815,1881,1973,-1050,252
3.7819,1881,1972,-1050,252
3.7823,1881,1972,-1050,252
3.7827,1881,1972,-1050,252
3.7830,1881,1971,-1050,252
3.7834,1881,1971,-1050,252
3.7838,1881,1970,-1050,252
3.7841,1881,1970,-1050,252
3.7845,1881,1970,-1050,252
3.7849,1881,1969,-1050,244
3.7853,1881,1969,-1050,244
3.7856,1881,1969,-1050,244
3.7860,1881,1968,-1050,244
3.7864,1881,1968,-1050,244
3.7868,1881,1967,-1050,244
3.7872,1881,1967,-1050,244
3.7876,1881,1967,-1050,244
3.7880,1881,1966,-1050,244
3.7883,1881,1966,-1050,244
3.7887,1881,1966,-1050,244
3.7891,1881,1965,-1050,236
3.7894,1881,1965,-1050,236
3.7898,1881,1964,-1050,232
3.7902,1884,1964,-1050,232
3.7909,1884,1963,-1050,232
3.7913,1884,1963,-1050,232
3.7917,1884,1962,-1000,232
3.7921,1884,1962,-1000,232
3.7925,1884,1962,-1000,232
3.7929,1884,1961,-1000,224
3.7933,1884,1961,-1000,224
3.7937,1884,1960,-1000,224
3.7941,1884,1960,-1000,224
3.7945,1884,1960,-1000,224
3.7949,1884,1959,-1000,224
3.7953,1884,1959,-1000,224
3.7957,1884,1959,-1000,232
3.7961,1884,1959,-1000,232
3.7966,1884,1959,-1000,232
3.7970,1884,1958,-1000,224
3.7974,1884,1958,-1000,224
3.7978,1884,1957,-1000,224
3.7982,1884,1957,-1000,224
3.7985,1884,1957,-1000,224
3.7989,1884,1956,-1000,224
3.7993,1884,1956,-1000,224
3.7997,1884,1955,-1000,224
3.8001,1887,1955,-1000,224
3.8008,1887,1954,-1000,216
3.8012,1887,1954,-1000,216
3.8016,1887,1954,-1000,216
3.8020,1887,1953,-1000,216
3.8024,1887,1953,-1000,216
3.8028,1887,1952,-1000,216
3.8032,1887,1952,-1000,216
3.8036,1887,1952,-1000,216
3.8040,1887,1951,-1000,208
3.8043,1887,1951,-1000,208
3.8047,1887,1950,-1000,208
3.8051,1887,1950,-1000,208
3.8054,1887,1950,-1000,208
3.8058,1887,1949,-1000,208
3.8062,1887,1949,-1000,208
3.8066,1887,1949,-1000,208
3.8070,1887,1949,-1000,208
3.8074,1887,1949,-1000,208
3.8079,1887,1948,-1000,208
3.8084,1887,1948,-1000,208
3.8088,1887,1947,-1000,208
3.8092,1887,1947,-1000,208
3.8096,1887,1947,-1000,208
3.8100,1887,1946,-1000,200
3.8104,1890,1945,-1000,200
3.8112,1890,1945,-1000,200
3.8116,1890,1945,-1000,200
3.8120,1890,1944,-900,200
3.8123,1890,1944,-900,200
3.8127,1890,1943,-900,192
3.8131,1890,1943,-900,192
3.8135,1890,1943,-900,192
3.8139,1890,1942,-900,192
3.8143,1890,1942,-900,192
3.8147,1890,1942,-900,200
3.8151,1890,1942,-900,200
3.8156,1890,1942,-900,200
3.8160,1890,1941,-900,192
3.8164,1890,1941,-900,192
3.8168,1890,1940,-900,192
3.8171,1890,1940,-900,192
3.8175,1890,1940,-900,192
3.8179,1890,1939,-900,192
3.8183,1890,1939,-900,192
3.8187,1890,1938,-900,184
3.8191,1890,1938,-900,184
3.8195,1890,1938,-900,184
3.8199,1890,1938,-900,192
3.8203,1895,1937,-900,184
3.8211,1895,1937,-900,184
3.8215,1895,1937,-900,184
3.8218,1895,1936,-900,184
3.8222,1895,1936,-900,184
3.8226,1895,1935,-900,184
3.8230,1895,1935,-900,184
3.8234,1895,1935,-900,184
3.8238,1895,1935,-900,184
3.8242,1895,1935,-900,184
3.8246,1895,1934,-900,184
3.8250,1895,1934,-900,184
3.8254,1895,1934,-900,184
3.8258,1895,1933,-900,176
3.8262,1895,1933,-900,176
3.8266,1895,1932,-900,176
3.8270,1895,1932,-900,176
3.8274,1895,1932,-900,176
3.8278,1895,1932,-900,184
3.8282,1895,1932,-900,184
3.8286,1895,1931,-900,176
3.8289,1895,1931,-900,176
3.8293,1895,1931,-900,176
3.8297,1895,1930,-900,180
3.8301,1899,1930,-900,180
3.8308,1899,1929,-900,172
3.8312,1899,1929,-900,172
3.8316,1899,1929,-750,180
3.8319,1899,1929,-750,180
3.8323,1899,1929,-750,180
3.8326,1899,1928,-750,172
3.8330,1899,1928,-750,172
3.8334,1899,1928,-750,172
3.8337,1899,1927,-750,172
3.8341,1899,1927,-750,172
3.8345,1899,1926,-750,164
3.8349,1899,1926,-750,164
3.8353,1899,1926,-750,164
3.8357,1899,1926,-750,172
3.8360,1899,1926,-750,172
3.8364,1899,1926,-750,172
3.8368,1899,1925,-750,172
3.8371,1899,1925,-750,172
3.8375,1899,1924,-750,164
3.8379,1899,1924,-750,164
3.8383,1899,1924,-750,164
3.8386,1899,1924,-750,172
3.8390,1899,1924,-750,172
3.8393,1899,1924,-750,172
3.8397,1899,1923,-750,164
3.8401,1905,1923,-750,164
3.8408,1905,1922,-750,164
3.8412,1905,1922,-750,164
3.8416,1905,1922,-750,164
3.8420,1905,1922,-750,164
3.8424,1905,1922,-750,164
3.8427,1905,1921,-750,164
3.8431,1905,1921,-750,164
3.8436,1905,1921,-750,164
3.8440,1905,1921,-750,164
3.8444,1905,1921,-750,164
3.8448,1905,1920,-750,164
3.8452,1905,1920,-750,164
3.8456,1905,1919,-750,156
3.8460,1905,1919,-750,156
3.8464,1905,1919,-750,156
3.8468,1905,1918,-750,156
3.8472,1905,1918,-750,156
3.8476,1905,1918,-750,156
3.8481,1905,1918,-750,156
3.8485,1905,1917,-750,148
3.8489,1905,1917,-750,148
3.8493,1905,1917,-750,148
3.8497,1905,1916,-750,144
3.8501,1911,1916,-750,144
3.8510,1911,1916,-750,144
3.8514,1911,1916,-750,144
3.8518,1911,1915,-700,144
3.8522,1911,1915,-700,144
3.8526,1911,1914,-700,136
3.8530,1911,1914,-700,136
3.8533,1911,1914,-700,136
3.8537,1911,1914,-700,144
3.8541,1911,1914,-700,144
3.8546,1911,1913,-700,136
3.8550,1911,1913,-700,136
3.8554,1911,1913,-700,136
3.8558,1911,1913,-700,144
3.8562,1911,1913,-700,144
3.8566,1911,1912,-700,136
3.8570,1911,1912,-700,136
3.8574,1911,1912,-700,136
3.8578,1911,1911,-700,128
3.8583,1911,1911,-700,128
3.8587,1911,1911,-700,136
3.8591,1911,1911,-700,136
3.8596,1911,1910,-700,128
3.8600,1911,1910,-700,128
3.8604,1918,1909,-700,128
3.8612,1918,1909,-700,128
3.8616,1918,1909,-700,128
3.8620,1918,1909,-700,128
3.8624,1918,1908,-700,128
3.8628,1918,1908,-700,128
3.8632,1918,1908,-700,128
3.8636,1918,1908,-700,128
3.8640,1918,1908,-700,128
3.8645,1918,1908,-700,128
3.8649,1918,1908,-700,128
3.8653,1918,1908,-700,128
3.8657,1918,1907,-700,128
3.8661,1918,1907,-700,128
3.8666,1918,1906,-700,120
3.8670,1918,1906,-700,120
3.8674,1918,1906,-700,120
3.8678,1918,1906,-700,120
3.8682,1918,1906,-700,120
3.8686,1918,1905,-700,120
3.8690,1918,1905,-700,120
3.8694,1918,1905,-700,124
3.8698,1918,1905,-700,124
3.8702,1925,1904,-700,124
3.8710,1925,1904,-700,124
3.8714,1925,1904,-550,124
3.8718,1925,1904,-550,124
3.8722,1925,1904,-550,124
3.8726,1925,1903,-550,116
3.8730,1925,1903,-550,116
3.8735,1925,1902,-550,116
3.8739,1925,1902,-550,116
3.8743,1925,1902,-550,116
3.8747,1925,1902,-550,116
3.8751,1925,1902,-550,116
3.8756,1925,1901,-550,108
3.8760,1925,1901,-550,108
3.8764,1925,1901,-550,116
3.8768,1925,1901,-550,116
3.8772,1925,1901,-550,116
3.8777,1925,1901,-550,116
3.8781,1925,1901,-550,116
3.8786,1925,1900,-550,108
3.8789,1925,1900,-550,108
3.8793,1925,1899,-550,108
3.8797,1925,1899,-550,108
3.8801,1932,1899,-550,108
3.8809,1932,1899,-550,108
3.8813,1932,1899,-550,108
3.8817,1932,1898,-550,100
3.8821,1932,1898,-550,100
3.8826,1932,1898,-550,100
3.8830,1932,1898,-550,100
3.8834,1932,1898,-550,108
3.8839,1932,1898,-550,108
3.8843,1932,1898,-550,108
3.8847,1932,1897,-550,100
3.8851,1932,1897,-550,100
3.8855,1932,1897,-550,100
3.8859,1932,1897,-550,100
3.8863,1932,1896,-550,100
3.8867,1932,1896,-550,100
3.8871,1932,1896,-550,100
3.8876,1932,1896,-550,100
3.8880,1932,1896,-550,100
3.8884,1932,1895,-550,92
3.8888,1932,1895,-550,92
3.8893,1932,1895,-550,92
3.8897,1932,1895,-550,88
3.8901,1940,1895,-550,96
3.8909,1940,1895,-550,96
3.8913,1940,1895,-550,96
3.8917,1940,1894,-500,88
3.8921,1940,1894,-500,88
3.8926,1940,1893,-500,80
3.8930,1940,1893,-500,80
3.8934,1940,1893,-500,80
3.8938,1940,1893,-500,80
3.8942,1940,1893,-500,80
3.8947,1940,1893,-500,88
3.8951,1940,1893,-500,88
3.8955,1940,1892,-500,80
3.8959,1940,1892,-500,80
3.8963,1940,1892,-500,80
3.8967,1940,1892,-500,80
3.8971,1940,1892,-500,80
3.8976,1940,1891,-500,72
3.8980,1940,1891,-500,72
3.8984,1940,1891,-500,80
3.8988,1940,1891,-500,80
3.8993,1940,1891,-500,80
3.8997,1940,1891,-500,80
3.9001,1949,1890,-500,72
3.9010,1949,1890,-500,72
3.9014,1949,1890,-500,72
3.9018,1949,1890,-500,72
3.9022,1949,1890,-500,72
3.9026,1949,1890,-500,72
3.9031,1949,1890,-500,72
3.9035,1949,1889,-500,72
3.9039,1949,1889,-500,72
3.9043,1949,1889,-500,72
3.9047,1949,1889,-500,72
3.9051,1949,1889,-500,72
3.9056,1949,1889,-500,72
3.9060,1949,1889,-500,72
3.9064,1949,1888,-500,64
3.9068,1949,1888,-500,64
3.9073,1949,1888,-500,64
3.9077,1949,1888,-500,64
3.9081,1949,1888,-500,64
3.9086,1949,1887,-500,64
3.9089,1949,1887,-500,64
3.9093,1949,1887,-500,68
3.9097,1949,1887,-500,68
3.9101,1958,1887,-500,68
3.9109,1958,1887,-500,68
3.9113,1958,1887,-350,68
3.9117,1958,1887,-350,68
3.9121,1958,1887,-350,68
3.9126,1958,1886,-350,60
3.9130,1958,1886,-350,60
3.9134,1958,1886,-350,60
3.9138,1958,1886,-350,60
3.9143,1958,1886,-350,60
3.9147,1958,1886,-350,60
3.9151,1958,1886,-350,60
3.9155,1958,1885,-350,60
3.9159,1958,1885,-350,60
3.9163,1958,1885,-350,60
3.9167,1958,1885,-350,60
3.9171,1958,1885,-350,60
3.9176,1958,1885,-350,60
3.9180,1958,1885,-350,60
3.9184,1958,1884,-350,52
3.9188,1958,1884,-350,52
3.9192,1958,1884,-350,52
3.9196,1958,1884,-350,52
3.9200,1958,1884,-350,52
3.9203,1967,1884,-350,52
3.9211,1967,1884,-350,52
3.9216,1967,1884,-350,52
3.9220,1967,1884,-350,52
3.9224,1967,1883,-350,44
3.9228,1967,1883,-350,44
3.9232,1967,1883,-350,44
3.9237,1967,1883,-350,44
3.9241,1967,1883,-350,44
3.9246,1967,1883,-350,52
3.9250,1967,1883,-350,52
3.9254,1967,1882,-350,44
3.9258,1967,1882,-350,44
3.9262,1967,1882,-350,44
3.9266,1967,1882,-350,44
3.9270,1967,1882,-350,44
3.9275,1967,1882,-350,44
3.9279,1967,1882,-350,44
3.9283,1967,1882,-350,44
3.9287,1967,1882,-350,44
3.9291,1967,1882,-350,44
3.9296,1967,1882,-350,44
3.9300,1967,1882,-350,44
3.9304,1977,1881,-350,36
3.9311,1977,1881,-300,36
3.9316,1977,1881,-300,36
3.9320,1977,1881,-300,36
3.9324,1977,1881,-300,36
3.9328,1977,1881,-300,36
3.9332,1977,1881,-300,36
3.9336,1977,1881,-300,36
3.9340,1977,1881,-300,36
3.9345,1977,1880,-300,28
3.9349,1977,1880,-300,28
3.9353,1977,1880,-300,28
3.9357,1977,1880,-300,28
3.9362,1977,1880,-300,28
3.9365,1977,1880,-300,28
3.9370,1977,1880,-300,28
3.9373,1977,1880,-300,28
3.9378,1977,1880,-300,28
3.9382,1977,1880,-300,28
3.9386,1977,1880,-300,28
3.9390,1977,1880,-300,28
3.9394,1977,1880,-300,28
3.9398,1977,1880,-300,28
3.9402,1986,1879,-300,20
3.9410,1986,1879,-300,20
3.9414,1986,1879,-300,-20
3.9418,1986,1879,-300,-20
3.9421,1986,1879,-300,-20
3.9426,1986,1879,-300,-20
3.9430,1986,1879,-300,-20
3.9434,1986,1879,-300,-20
3.9438,1986,1879,-300,-20
3.9442,1986,1879,-300,-20
3.9446,1986,1879,-300,-20
3.9450,1986,1879,-300,-20
3.9453,1986,1879,-300,-20
3.9457,1986,1879,-300,-20
3.9461,1986,1878,-300,-28
3.9466,1986,1878,-300,-28
3.9470,1986,1878,-300,-28
3.9473,1986,1878,-300,-28
3.9478,1986,1878,-300,-28
3.9482,1986,1878,-300,-28
3.9486,1986,1878,-300,-28
3.9490,1986,1878,-300,-28
3.9494,1986,1878,-300,-36
3.9498,1986,1878,-300,-36
3.9502,1996,1878,-300,-36
3.9510,1996,1878,-300,-36
3.9514,1996,1878,-150,-36
3.9518,1996,1878,-150,-36
3.9522,1996,1878,-150,-36
3.9526,1996,1878,-150,-36
3.9530,1996,1878,-150,-36
3.9534,1996,1878,-150,-36
3.9538,1996,1878,-150,-36
3.9542,1996,1878,-150,-36
3.9546,1996,1878,-150,-36
3.9549,1996,1878,-150,-36
3.9553,1996,1878,-150,-36
3.9557,1996,1878,-150,-36
3.9561,1996,1878,-150,-36
3.9566,1996,1878,-150,-36
3.9570,1996,1878,-150,-36
3.9574,1996,1878,-150,-36
3.9578,1996,1878,-150,-36
3.9582,1996,1878,-150,-36
3.9586,1996,1878,-150,-36
3.9590,1996,1878,-150,-36
3.9595,1996,1878,-150,-36
3.9599,1996,1878,-150,-36
3.9603,2007,1878,-150,-36
3.9611,2007,1878,-150,-36
3.9616,2007,1878,-150,-36
3.9620,2007,1878,-150,-44
3.9624,2007,1878,-150,-44
3.9629,2007,1878,-150,-44
3.9633,2007,1878,-150,-44
3.9637,2007,1878,-150,-44
3.9641,2007,1878,-150,-44
3.9645,2007,1878,-150,-44
3.9649,2007,1878,-150,-44
3.9653,2007,1878,-150,-44
3.9657,2007,1878,-150,-44
3.9661,2007,1878,-150,-44
3.9666,2007,1878,-150,-44
3.9670,2007,1878,-150,-52
3.9674,2007,1878,-150,-52
3.9679,2007,1878,-150,-52
3.9683,2007,1878,-150,-52
3.9687,2007,1878,-150,-52
3.9691,2007,1878,-150,-40
3.9696,2007,1878,-150,-40
3.9700,2007,1878,-150,-40
3.9704,2017,1878,-150,-40
3.9712,2017,1878,0,-48
3.9717,2017,1878,0,-48
3.9721,2017,1878,0,-48
3.9726,2017,1878,0,-48
3.9730,2017,1878,0,-48
3.9734,2017,1878,0,-48
3.9738,2017,1878,0,-48
3.9743,2017,1878,0,-48
3.9747,2017,1878,0,-48
3.9751,2017,1878,0,-56
3.9756,2017,1878,0,-56
3.9760,2017,1878,0,-56
3.9764,2017,1878,0,-56
3.9768,2017,1878,0,-56
3.9772,2017,1878,0,-56
3.9777,2017,1878,0,-56
3.9781,2017,1878,0,-56
3.9786,2017,1878,0,-56
3.9790,2017,1878,0,-64
3.9794,2017,1878,0,-64
3.9798,2017,1878,0,-64
3.9803,2028,1878,0,-64
3.9810,2028,1878,0,-64
3.9815,2028,1878,0,-64
3.9819,2028,1878,0,-64
3.9823,2028,1878,0,-72
3.9827,2028,1878,0,-72
3.9831,2028,1878,0,-72
3.9836,2028,1878,0,-72
3.9840,2028,1878,0,-72
3.9844,2028,1878,0,-72
3.9848,2028,1878,0,-72
3.9853,2028,1878,0,-72
3.9857,2028,1878,0,-72
3.9861,2028,1878,0,-80
3.9866,2028,1878,0,-80
3.9870,2028,1878,0,-80
3.9874,2028,1878,0,-80
3.9878,2028,1878,0,-80
3.9882,2028,1878,0,-80
3.9887,2028,1878,0,-80
3.9891,2028,1878,0,-104
3.9896,2028,1878,0,-104
3.9900,2038,1878,0,-104
3.9908,2038,1878,0,-104
3.9912,2038,1878,0,-104
3.9917,2038,1878,0,-104
3.9921,2038,1878,0,-112
3.9926,2038,1878,0,-112
3.9930,2038,1878,0,-112
3.9934,2038,1878,0,-112
3.9939,2038,1878,0,-112
3.9943,2038,1878,0,-112
3.9947,2038,1878,0,-112
3.9950,2038,1878,0,-120
3.9954,2038,1878,0,-120
3.9958,2038,1878,0,-120
3.9962,2038,1878,0,-120
3.9966,2038,1878,0,-120
3.9970,2038,1878,0,-128
3.9974,2038,1878,0,-128
3.9978,2038,1878,0,-128
3.9982,2038,1878,0,-128
3.9986,2038,1878,0,-128
3.9990,2038,1878,0,-128
3.9994,2038,1878,0,-128
3.9999,2038,1878,0,-136
4.0003,2049,1878,0,-136
4.0010,2049,1879,0,-128
4.0014,2049,1879,0,-128
4.0019,2049,1879,0,-136
4.0023,2049,1879,0,-136
4.0026,2049,1879,0,-136
4.0030,2049,1879,0,-136
4.0034,2049,1879,0,-136
4.0038,2049,1879,0,-136
4.0042,2049,1879,0,-136
4.0046,2049,1879,0,-136
4.0050,2049,1879,0,-144
4.0055,2049,1879,0,-144
4.0059,2049,1880,0,-136
4.0063,2049,1880,0,-136
4.0067,2049,1880,0,-136
4.0071,2049,1880,0,-144
4.0076,2049,1880,0,-144
4.0080,2049,1880,0,-144
4.0084,2049,1880,0,-144
4.0088,2049,1881,0,-128
4.0093,2049,1881,0,-128
4.0097,2049,1881,0,-128
4.0101,2060,1881,0,-136
4.0109,2060,1881,150,-136
4.0113,2060,1881,150,-136
4.0117,2060,1881,150,-136
4.0121,2060,1881,150,-144
4.0126,2060,1881,150,-144
4.0130,2060,1882,150,-136
4.0134,2060,1882,150,-136
4.0138,2060,1882,150,-144
4.0142,2060,1882,150,-144
4.0147,2060,1882,150,-144
4.0151,2060,1882,150,-144
4.0156,2060,1882,150,-144
4.0160,2060,1883,150,-144
4.0164,2060,1883,150,-144
4.0168,2060,1883,150,-144
4.0172,2060,1883,150,-144
4.0177,2060,1883,150,-144
4.0181,2060,1884,150,-144
4.0186,2060,1884,150,-144
4.0190,2060,1884,150,-144
4.0194,2060,1884,150,-144
4.0198,2060,1884,150,-144
4.0202,2071,1884,150,-144
4.0210,2071,1885,150,-144
4.0214,2071,1885,150,-144
4.0219,2071,1885,150,-144
4.0223,2071,1885,150,-144
4.0227,2071,1885,150,-144
4.0231,2071,1886,150,-144
4.0236,2071,1886,150,-144
4.0240,2071,1886,150,-144
4.0244,2071,1886,150,-144
4.0248,2071,1886,150,-152
4.0252,2071,1886,150,-152
4.0256,2071,1886,150,-152
4.0260,2071,1886,150,-152
4.0264,2071,1886,150,-152
4.0268,2071,1887,150,-152
4.0273,2071,1887,150,-152
4.0277,2071,1887,150,-152
4.0281,2071,1887,150,-160
4.0286,2071,1887,150,-160
4.0290,2071,1888,150,-148
4.0294,2071,1888,150,-148
4.0298,2071,1888,150,-156
4.0302,2081,1888,150,-156
4.0311,2081,1888,350,-156
4.0315,2081,1888,350,-156
4.0319,2081,1889,350,-156
4.0323,2081,1889,350,-156
4.0328,2081,1890,350,-148
4.0332,2081,1890,350,-148
4.0336,2081,1890,350,-148
4.0340,2081,1890,350,-156
4.0344,2081,1890,350,-156
4.0349,2081,1891,350,-148
4.0353,2081,1891,350,-148
4.0357,2081,1891,350,-156
4.0361,2081,1891,350,-156
4.0366,2081,1891,350,-156
4.0370,2081,1891,350,-156
4.0374,2081,1891,350,-156
4.0378,2081,1892,350,-156
4.0382,2081,1892,350,-156
4.0387,2081,1892,350,-156
4.0391,2081,1892,350,-164
4.0396,2081,1892,350,-164
4.0400,2081,1892,350,-164
4.0404,2092,1893,350,-164
4.0412,2092,1893,350,-164
4.0416,2092,1893,350,-164
4.0420,2092,1894,350,-156
4.0424,2092,1894,350,-156
4.0429,2092,1894,350,-164
4.0433,2092,1894,350,-164
4.0437,2092,1894,350,-172
4.0441,2092,1894,350,-172
4.0446,2092,1894,350,-172
4.0450,2092,1895,350,-164
4.0454,2092,1895,350,-164
4.0458,2092,1895,350,-172
4.0463,2092,1895,350,-172
4.0467,2092,1896,350,-164
4.0471,2092,1896,350,-164
4.0476,2092,1896,350,-164
4.0480,2092,1896,350,-172
4.0485,2092,1896,350,-172
4.0489,2092,1897,350,-172
4.0493,2092,1897,350,-172
4.0498,2092,1897,350,-172
4.0502,2102,1897,350,-172
4.0510,2102,1898,500,-172
4.0514,2102,1898,500,-172
4.0518,2102,1898,500,-180
4.0523,2102,1898,500,-180
4.0527,2102,1899,500,-172
4.0531,2102,1899,500,-172
4.0535,2102,1899,500,-172
4.0540,2102,1899,500,-180
4.0544,2102,1899,500,-180
4.0548,2102,1900,500,-180
4.0553,2102,1900,500,-180
4.0557,2102,1900,500,-180
4.0561,2102,1900,500,-180
4.0566,2102,1900,500,-180
4.0570,2102,1901,500,-180
4.0574,2102,1901,500,-180
4.0579,2102,1901,500,-188
4.0583,2102,1901,500,-188
4.0588,2102,1902,500,-180
4.0592,2102,1902,500,-180
4.0596,2102,1902,500,-188
4.0600,2112,1902,500,-188
4.0608,2112,1903,500,-188
4.0613,2112,1903,500,-188
4.0617,2112,1903,500,-188
4.0621,2112,1903,500,-188
4.0626,2112,1903,500,-188
4.0630,2112,1904,500,-188
4.0634,2112,1904,500,-188
4.0639,2112,1904,500,-196
4.0643,2112,1904,500,-196
4.0647,2112,1905,500,-188
4.0652,2112,1905,500,-188
4.0656,2112,1905,500,-196
4.0660,2112,1905,500,-196
4.0665,2112,1905,500,-196
4.0669,2112,1906,500,-196
4.0673,2112,1906,500,-196
4.0677,2112,1907,500,-196
4.0682,2112,1907,500,-196
4.0686,2112,1907,500,-196
4.0690,2112,1907,500,-196
4.0695,2112,1907,500,-196
4.0699,2112,1907,500,-204
4.0703,2122,1908,500,-204
4.0711,2122,1908,500,-204
4.0716,2122,1909,500,-204
4.0720,2122,1909,500,-204
4.0724,2122,1909,500,-204
4.0728,2122,1909,500,-204
4.0733,2122,1909,500,-204
4.0737,2122,1910,500,-204
4.0741,2122,1910,500,-204
4.0746,2122,1911,500,-204
4.0750,2122,1911,500,-204
4.0754,2122,1911,500,-204
4.0759,2122,1911,500,-212
4.0763,2122,1911,500,-212
4.0768,2122,1912,500,-204
4.0772,2122,1912,500,-204
4.0776,2122,1912,500,-212
4.0781,2122,1912,500,-212
4.0786,2122,1913,500,-212
4.0790,2122,1913,500,-212
4.0794,2122,1913,500,-212
4.0799,2122,1914,500,-212
4.0803,2132,1914,500,-220
4.0811,2132,1914,500,-220
4.0816,2132,1915,500,-212
4.0820,2132,1915,500,-212
4.0824,2132,1915,500,-212
4.0829,2132,1915,500,-220
4.0833,2132,1915,500,-220
4.0837,2132,1916,500,-220
4.0841,2132,1916,500,-220
4.0846,2132,1917,500,-220
4.0850,2132,1917,500,-220
4.0854,2132,1917,500,-220
4.0858,2132,1917,500,-228
4.0862,2132,1917,500,-228
4.0866,2132,1918,500,-220
4.0870,2132,1918,500,-220
4.0875,2132,1918,500,-220
4.0879,2132,1919,500,-220
4.0883,2132,1919,500,-220
4.0887,2132,1919,500,-232
4.0891,2132,1919,500,-232
4.0896,2132,1920,500,-232
4.0900,2132,1920,500,-232
4.0904,2141,1921,650,-232
4.0912,2141,1921,650,-232
4.0916,2141,1921,650,-240
4.0920,2141,1921,650,-240
4.0924,2141,1921,650,-240
4.0928,2141,1922,650,-232
4.0932,2141,1922,650,-232
4.0936,2141,1923,650,-232
4.0940,2141,1923,650,-232
4.0944,2141,1923,650,-232
4.0948,2141,1923,650,-240
4.0952,2141,1923,650,-240
4.0956,2141,1924,650,-240
4.0960,2141,1924,650,-240
4.0963,2141,1924,650,-240
4.0967,2141,1925,650,-240
4.0971,2141,1925,650,-240
4.0975,2141,1925,650,-248
4.0979,2141,1925,650,-248
4.0983,2141,1925,650,-248
4.0987,2141,1926,650,-248
4.0991,2141,1926,650,-248
4.0995,2141,1927,650,-240
4.0999,2141,1927,650,-240
4.1003,2150,1927,650,-248
4.1010,2150,1927,650,-248
4.1014,2150,1927,650,-248
4.1018,2150,1928,650,-248
4.1022,2150,1928,650,-248
4.1026,2150,1929,650,-248
4.1029,2150,1929,650,-248
4.1033,2150,1929,650,-248
4.1037,2150,1929,650,-256
4.1041,2150,1929,650,-256
4.1045,2150,1930,650,-256
4.1049,2150,1930,650,-256
4.1053,2150,1930,650,-256
4.1057,2150,1931,650,-256
4.1060,2150,1931,650,-256
4.1064,2150,1932,650,-256
4.1068,2150,1932,650,-256
4.1072,2150,1932,650,-256
4.1076,2150,1933,650,-256
4.1080,2150,1933,650,-256
4.1083,2150,1933,650,-256
4.1087,2150,1934,650,-252
4.1091,2150,1934,650,-252
4.1095,2150,1934,650,-260
4.1099,2150,1934,650,-260
4.1103,2158,1935,700,-260
4.1110,2158,1935,700,-260
4.1114,2158,1935,700,-260
4.1118,2158,1935,700,-260
4.1122,2158,1935,700,-260
4.1126,2158,1936,700,-260
4.1130,2158,1936,700,-260
4.1133,2158,1936,700,-260
4.1137,2158,1937,700,-260
4.1141,2158,1937,700,-260
4.1146,2158,1938,700,-260
4.1150,2158,1938,700,-260
4.1154,2158,1938,700,-260
4.1157,2158,1939,700,-260
4.1161,2158,1939,700,-260
4.1166,2158,1940,700,-260
4.1170,2158,1940,700,-260
4.1174,2158,1941,700,-260
4.1178,2158,1941,700,-260
4.1183,2158,1941,700,-260
4.1187,2158,1941,700,-268
4.1191,2158,1941,700,-268
4.1196,2158,1942,700,-268
4.1200,2158,1942,700,-268
4.1204,2166,1943,700,-268
4.1212,2166,1943,700,-268
4.1216,2166,1944,700,-268
4.1220,2166,1944,700,-268
4.1224,2166,1944,700,-276
4.1228,2166,1944,700,-276
4.1232,2166,1944,700,-276
4.1236,2166,1945,700,-276
4.1240,2166,1945,700,-276
4.1244,2166,1946,700,-276
4.1248,2166,1946,700,-276
4.1252,2166,1946,700,-276
4.1257,2166,1947,700,-276
4.1261,2166,1947,700,-276
4.1266,2166,1948,700,-276
4.1270,2166,1948,700,-276
4.1274,2166,1949,700,-276
4.1278,2166,1949,700,-276
4.1282,2166,1949,700,-276
4.1286,2166,1949,700,-288
4.1290,2166,1949,700,-288
4.1294,2166,1950,700,-288
4.1298,2166,1950,700,-288
4.1302,2174,1951,800,-288
4.1310,2174,1951,800,-288
4.1314,2174,1952,800,-288
4.1319,2174,1952,800,-288
4.1323,2174,1952,800,-288
4.1327,2174,1953,800,-288
4.1331,2174,1953,800,-288
4.1336,2174,1954,800,-296
4.1340,2174,1954,800,-296
4.1344,2174,1954,800,-304
4.1348,2174,1954,800,-304
4.1352,2174,1954,800,-304
4.1356,2174,1956,800,-296
4.1361,2174,1956,800,-296
4.1366,2174,1957,800,-296
4.1370,2174,1957,800,-296
4.1374,2174,1958,800,-296
4.1378,2174,1958,800,-296
4.1382,2174,1958,800,-296
4.1386,2174,1959,800,-296
4.1391,2174,1959,800,-296
4.1395,2174,1959,800,-304
4.1399,2174,1959,800,-304
4.1403,2181,1960,800,-304
4.1411,2181,1960,800,-304
4.1416,2181,1961,800,-304
4.1420,2181,1961,800,-304
4.1424,2181,1962,800,-304
4.1428,2181,1962,800,-304
4.1432,2181,1962,800,-304
4.1437,2181,1963,800,-304
4.1441,2181,1963,800,-304
4.1446,2181,1964,800,-304
4.1450,2181,1964,800,-304
4.1454,2181,1965,800,-312
4.1458,2181,1965,800,-312
4.1462,2181,1966,800,-312
4.1467,2181,1966,800,-312
4.1471,2181,1966,800,-312
4.1476,2181,1967,800,-312
4.1480,2181,1967,800,-312
4.1484,2181,1968,800,-308
4.1488,2181,1968,800,-308
4.1492,2181,1969,800,-308
4.1497,2181,1969,800,-308
4.1501,2187,1969,900,-316
4.1509,2187,1969,900,-316
4.1513,2187,1970,900,-316
4.1517,2187,1970,900,-316
4.1521,2187,1970,900,-316
4.1526,2187,1971,900,-324
4.1530,2187,1971,900,-324
4.1534,2187,1972,900,-324
4.1538,2187,1972,900,-324
4.1542,2187,1973,900,-324
4.1546,2187,1973,900,-324
4.1551,2187,1973,900,-324
4.1556,2187,1974,900,-324
4.1560,2187,1974,900,-324
4.1564,2187,1975,900,-324
4.1568,2187,1975,900,-324
4.1572,2187,1976,900,-324
4.1577,2187,1976,900,-324
4.1581,2187,1976,900,-324
4.1586,2187,1977,900,-332
4.1590,2187,1977,900,-332
4.1594,2187,1978,900,-332
4.1598,2187,1978,900,-332
4.1602,2193,1979,900,-332
4.1610,2193,1979,900,-332
4.1615,2193,1980,900,-332
4.1619,2193,1980,900,-332
4.1623,2193,1981,900,-332
4.1627,2193,1981,900,-332
4.1631,2193,1981,900,-332
4.1636,2193,1982,900,-340
4.1640,2193,1982,900,-340
4.1644,2193,1984,900,-332
4.1648,2193,1984,900,-332
4.1652,2193,1984,900,-340
4.1657,2193,1984,900,-340
4.1661,2193,1984,900,-340
4.1666,2193,1985,900,-340
4.1670,2193,1985,900,-340
4.1674,2193,1986,900,-340
4.1678,2193,1986,900,-340
4.1682,2193,1988,900,-344
4.1687,2193,1988,900,-344
4.1691,2193,1988,900,-344
4.1696,2193,1989,900,-344
4.1700,2193,1989,900,-344
4.1704,2199,1990,1050,-344
4.1712,2199,1991,1050,-344
4.1716,2199,1991,1050,-344
4.1720,2199,1991,1050,-344
4.1725,2199,1992,1050,-352
4.1729,2199,1992,1050,-352
4.1733,2199,1993,1050,-352
4.1737,2199,1993,1050,-352
4.1742,2199,1994,1050,-352
4.1746,2199,1994,1050,-352
4.1750,2199,1994,1050,-352
4.1755,2199,1995,1050,-352
4.1759,2199,1995,1050,-352
4.1763,2199,1996,1050,-360
4.1767,2199,1996,1050,-360
4.1772,2199,1997,1050,-360
4.1776,2199,1997,1050,-360
4.1780,2199,1997,1050,-360
4.1784,2199,1998,1050,-360
4.1789,2199,1998,1050,-360
4.1793,2199,1999,1050,-360
4.1797,2199,1999,1050,-360
4.1801,2203,2000,1050,-368
4.1810,2203,2000,1050,-368
4.1814,2203,2002,1050,-360
4.1818,2203,2002,1050,-360
4.1823,2203,2003,1050,-360
4.1827,2203,2003,1050,-360
4.1832,2203,2004,1050,-360
4.1836,2203,2004,1050,-360
4.1840,2203,2004,1050,-360
4.1844,2203,2005,1050,-368
4.1848,2203,2005,1050,-368
4.1852,2203,2006,1050,-368
4.1856,2203,2006,1050,-368
4.1860,2203,2006,1050,-368
4.1865,2203,2007,1050,-368
4.1868,2203,2007,1050,-368
4.1872,2203,2008,1050,-368
4.1876,2203,2008,1050,-368
4.1880,2203,2008,1050,-368
4.1884,2203,2010,1050,-364
4.1888,2203,2010,1050,-364
4.1892,2203,2011,1050,-364
4.1896,2203,2011,1050,-364
4.1900,2203,2011,1050,-364
4.1904,2208,2012,1100,-364
4.1911,2208,2013,1100,-364
4.1915,2208,2013,1100,-364
4.1919,2208,2013,1100,-364
4.1923,2208,2014,1100,-372
4.1927,2208,2014,1100,-372
4.1931,2208,2015,1100,-372
4.1936,2208,2015,1100,-372
4.1940,2208,2015,1100,-372
4.1944,2208,2016,1100,-372
4.1948,2208,2016,1100,-372
4.1952,2208,2018,1100,-364
4.1956,2208,2018,1100,-364
4.1959,2208,2018,1100,-364
4.1964,2208,2019,1100,-364
4.1968,2208,2019,1100,-364
4.1972,2208,2020,1100,-372
4.1976,2208,2020,1100,-372
4.1980,2208,2020,1100,-372
4.1984,2208,2021,1100,-372
4.1988,2208,2021,1100,-372
4.1992,2208,2022,1100,-372
4.1995,2208,2022,1100,-372
4.1999,2208,2022,1100,-372
4.2002,2211,2023,1100,-372
4.2010,2211,2023,1100,-372
4.2014,2211,2025,1100,-364
4.2017,2211,2025,1100,-364
4.2021,2211,2026,1100,-372
4.2025,2211,2026,1100,-372
4.2029,2211,2026,1100,-372
4.2033,2211,2027,1100,-372
4.2037,2211,2027,1100,-372
4.2041,2211,2028,1100,-372
4.2044,2211,2028,1100,-372
4.2048,2211,2028,1100,-372
4.2052,2211,2029,1100,-372
4.2056,2211,2029,1100,-372
4.2060,2211,2031,1100,-364
4.2064,2211,2031,1100,-364
4.2068,2211,2031,1100,-364
4.2072,2211,2032,1100,-372
4.2075,2211,2032,1100,-372
4.2079,2211,2032,1100,-372
4.2083,2211,2033,1100,-364
4.2087,2211,2033,1100,-364
4.2091,2211,2034,1100,-364
4.2094,2211,2034,1100,-364
4.2098,2211,2034,1100,-364
4.2102,2214,2036,1200,-356
4.2109,2214,2036,1200,-356
4.2113,2214,2037,1200,-356
4.2116,2214,2037,1200,-356
4.2120,2214,2038,1200,-356
4.2124,2214,2038,1200,-356
4.2127,2214,2038,1200,-356
4.2131,2214,2040,1200,-348
4.2134,2214,2040,1200,-348
4.2138,2214,2040,1200,-348
4.2142,2214,2041,1200,-356
4.2146,2214,2041,1200,-356
4.2150,2214,2042,1200,-356
4.2154,2214,2042,1200,-356
4.2158,2214,2042,1200,-356
4.2162,2214,2043,1200,-356
4.2165,2214,2043,1200,-356
4.2169,2214,2043,1200,-356
4.2173,2214,2044,1200,-356
4.2177,2214,2044,1200,-356
4.2180,2214,2046,1200,-348
4.2184,2214,2046,1200,-348
4.2188,2214,2046,1200,-348
4.2191,2214,2047,1200,-348
4.2195,2214,2047,1200,-348
4.2199,2214,2047,1200,-348
4.2202,2217,2048,1200,-348
4.2209,2217,2049,1200,-356
4.2213,2217,2049,1200,-356
4.2217,2217,2049,1200,-356
4.2221,2217,2051,1200,-348
4.2224,2217,2051,1200,-348
4.2228,2217,2051,1200,-348
4.2232,2217,2052,1200,-348
4.2235,2217,2052,1200,-348
4.2239,2217,2052,1200,-348
4.2243,2217,2053,1200,-348
4.2246,2217,2053,1200,-348
4.2250,2217,2054,1200,-348
4.2254,2217,2054,1200,-348
4.2257,2217,2054,1200,-348
4.2261,2217,2056,1200,-340
4.2264,2217,2056,1200,-340
4.2268,2217,2056,1200,-340
4.2271,2217,2057,1200,-340
4.2275,2217,2057,1200,-340
4.2279,2217,2057,1200,-340
4.2283,2217,2058,1200,-324
4.2287,2217,2058,1200,-324
4.2290,2217,2059,1200,-324
4.2294,2217,2059,1200,-324
4.2298,2217,2059,1200,-324
4.2302,2218,2061,1250,-316
4.2309,2218,2061,1250,-316
4.2312,2218,2062,1250,-316
4.2316,2218,2062,1250,-316
4.2319,2218,2063,1250,-324
4.2323,2218,2063,1250,-324
4.2326,2218,2063,1250,-324
4.2330,2218,2064,1250,-324
4.2333,2218,2064,1250,-324
4.2337,2218,2064,1250,-324
4.2341,2218,2065,1250,-324
4.2344,2218,2065,1250,-324
4.2348,2218,2065,1250,-324
4.2352,2218,2067,1250,-316
4.2356,2218,2067,1250,-316
4.2360,2218,2068,1250,-316
4.2364,2218,2068,1250,-316
4.2367,2218,2068,1250,-316
4.2371,2218,2069,1250,-316
4.2375,2218,2069,1250,-316
4.2379,2218,2070,1250,-316
4.2383,2218,2070,1250,-316
4.2387,2218,2070,1250,-316
4.2391,2218,2071,1250,-316
4.2395,2218,2071,1250,-316
4.2399,2218,2072,1250,-316
4.2403,2219,2072,1250,-316
4.2410,2219,2074,1250,-308
4.2414,2219,2074,1250,-308
4.2418,2219,2074,1250,-308
4.2422,2219,2075,1250,-308
4.2426,2219,2075,1250,-308
4.2430,2219,2076,1250,-308
4.2434,2219,2076,1250,-308
4.2437,2219,2076,1250,-308
4.2441,2219,2077,1250,-308
4.2445,2219,2077,1250,-308
4.2449,2219,2078,1250,-308
4.2453,2219,2078,1250,-308
4.2457,2219,2078,1250,-308
4.2461,2219,2080,1250,-300
4.2464,2219,2080,1250,-300
4.2468,2219,2080,1250,-300
4.2472,2219,2081,1250,-300
4.2476,2219,2081,1250,-300
4.2480,2219,2082,1250,-300
4.2484,2219,2082,1250,-300
4.2487,2219,2082,1250,-300
4.2491,2219,2083,1250,-300
4.2495,2219,2083,1250,-300
4.2499,2219,2084,1150,-300
4.2503,2220,2084,1150,-300
4.2510,2220,2085,1150,-300
4.2514,2220,2085,1150,-300
4.2518,2220,2085,1150,-300
4.2522,2220,2087,1150,-292
4.2526,2220,2087,1150,-292
4.2529,2220,2088,1150,-292
4.2533,2220,2088,1150,-292
4.2537,2220,2088,1150,-292
4.2541,2220,2089,1150,-292
4.2545,2220,2089,1150,-292
4.2549,2220,2090,1150,-292
4.2553,2220,2090,1150,-292
4.2557,2220,2090,1150,-292
4.2561,2220,2091,1150,-292
4.2564,2220,2091,1150,-292
4.2568,2220,2092,1150,-292
4.2572,2220,2092,1150,-292
4.2576,2220,2092,1150,-292
4.2580,2220,2093,1150,-292
4.2584,2220,2093,1150,-292
4.2587,2220,2093,1150,-292
4.2591,2220,2094,1150,-292
4.2595,2220,2094,1150,-292
4.2599,2220,2095,1150,-292
4.2603,2219,2095,1150,-292
4.2610,2219,2096,1150,-292
4.2614,2219,2096,1150,-292
4.2618,2219,2098,1150,-284
4.2622,2219,2098,1150,-284
4.2626,2219,2098,1150,-284
4.2630,2219,2099,1150,-276
4.2633,2219,2099,1150,-276
4.2637,2219,2099,1150,-276
4.2641,2219,2100,1150,-276
4.2645,2219,2100,1150,-276
4.2649,2219,2101,1150,-276
4.2653,2219,2101,1150,-276
4.2657,2219,2101,1150,-276
4.2661,2219,2102,1150,-276
4.2665,2219,2102,1150,-276
4.2669,2219,2103,1150,-276
4.2673,2219,2103,1150,-276
4.2677,2219,2103,1150,-276
4.2681,2219,2104,1150,-276
4.2685,2219,2104,1150,-276
4.2689,2219,2105,1150,-276
4.2693,2219,2105,1150,-276
4.2696,2219,2105,1150,-276
4.2700,2218,2106,1100,-276
4.2708,2218,2107,1100,-276
4.2712,2218,2107,1100,-276
4.2716,2218,2107,1100,-276
4.2720,2218,2108,1100,-276
4.2724,2218,2108,1100,-276
4.2728,2218,2110,1100,-260
4.2732,2218,2110,1100,-260
4.2736,2218,2110,1100,-260
4.2740,2218,2110,1100,-268
4.2744,2218,2110,1100,-268
4.2748,2218,2112,1100,-260
4.2752,2218,2112,1100,-260
4.2756,2218,2112,1100,-260
4.2760,2218,2113,1100,-260
4.2764,2218,2113,1100,-260
4.2768,2218,2114,1100,-260
4.2772,2218,2114,1100,-260
4.2776,2218,2114,1100,-260
4.2780,2218,2114,1100,-268
4.2784,2218,2114,1100,-268
4.2788,2218,2115,1100,-268
4.2791,2218,2115,1100,-268
4.2795,2218,2115,1100,-268
4.2799,2218,2117,1100,-252
4.2803,2217,2117,1100,-252
4.2811,2217,2118,1100,-252
4.2814,2217,2118,1100,-252
4.2818,2217,2118,1100,-260
4.2822,2217,2118,1100,-260
4.2826,2217,2118,1100,-260
4.2830,2217,2119,1100,-260
4.2835,2217,2119,1100,-260
4.2838,2217,2120,1100,-260
4.2842,2217,2120,1100,-260
4.2846,2217,2120,1100,-260
4.2850,2217,2122,1100,-252
4.2854,2217,2122,1100,-252
4.2858,2217,2123,1100,-244
4.2862,2217,2123,1100,-244
4.2866,2217,2123,1100,-244
4.2870,2217,2124,1100,-244
4.2874,2217,2124,1100,-244
4.2877,2217,2125,1100,-240
4.2881,2217,2125,1100,-240
4.2885,2217,2125,1100,-240
4.2889,2217,2126,1100,-240
4.2893,2217,2126,1100,-240
4.2897,2217,2126,1000,-248
4.2901,2214,2126,1000,-248
4.2909,2214,2127,1000,-240
4.2913,2214,2127,1000,-240
4.2917,2214,2128,1000,-240
4.2921,2214,2128,1000,-240
4.2925,2214,2128,1000,-240
4.2929,2214,2129,1000,-240
4.2933,2214,2129,1000,-240
4.2937,2214,2131,1000,-232
4.2941,2214,2131,1000,-232
4.2945,2214,2131,1000,-232
4.2948,2214,2132,1000,-224
4.2952,2214,2132,1000,-224
4.2956,2214,2132,1000,-224
4.2960,2214,2132,1000,-232
4.2964,2214,2132,1000,-232
4.2968,2214,2133,1000,-232
4.2972,2214,2133,1000,-232
4.2976,2214,2133,1000,-232
4.2979,2214,2134,1000,-232
4.2983,2214,2134,1000,-232
4.2987,2214,2135,1000,-224
4.2991,2214,2135,1000,-224
4.2995,2214,2135,1000,-224
4.2999,2214,2136,1000,-224
4.3003,2211,2136,1000,-224
4.3010,2211,2137,1000,-224
4.3013,2211,2137,1000,-224
4.3017,2211,2138,1000,-224
4.3021,2211,2138,1000,-224
4.3024,2211,2138,1000,-224
4.3028,2211,2139,1000,-216
4.3031,2211,2139,1000,-216
4.3035,2211,2139,1000,-216
4.3039,2211,2140,1000,-216
4.3042,2211,2140,1000,-216
4.3046,2211,2140,1000,-216
4.3049,2211,2141,1000,-216
4.3053,2211,2141,1000,-216
4.3056,2211,2141,1000,-224
4.3060,2211,2141,1000,-224
4.3063,2211,2141,1000,-224
4.3067,2211,2142,1000,-216
4.3071,2211,2142,1000,-216
4.3074,2211,2142,1000,-216
4.3078,2211,2143,1000,-220
4.3081,2211,2143,1000,-220
4.3085,2211,2143,1000,-220
4.3089,2211,2144,1000,-220
4.3092,2211,2144,1000,-220
4.3096,2211,2144,1000,-220
4.3099,2211,2145,950,-212
4.3103,2208,2146,950,-212
4.3110,2208,2146,950,-212
4.3113,2208,2146,950,-212
4.3117,2208,2147,950,-212
4.3120,2208,2147,950,-212
4.3124,2208,2147,950,-212
4.3128,2208,2148,950,-204
4.3131,2208,2148,950,-204
4.3135,2208,2148,950,-204
4.3139,2208,2149,950,-204
4.3142,2208,2149,950,-204
4.3146,2208,2149,950,-212
4.3149,2208,2149,950,-212
4.3153,2208,2149,950,-212
4.3157,2208,2150,950,-204
4.3160,2208,2150,950,-204
4.3164,2208,2150,950,-204
4.3167,2208,2151,950,-204
4.3171,2208,2151,950,-204
4.3174,2208,2151,950,-204
4.3178,2208,2152,950,-204
4.3181,2208,2152,950,-204
4.3185,2208,2152,950,-204
4.3189,2208,2153,950,-196
4.3192,2208,2153,950,-196
4.3196,2208,2154,950,-196
4.3199,2208,2154,950,-196
4.3203,2203,2155,950,-196
4.3210,2203,2155,950,-196
4.3213,2203,2155,950,-196
4.3217,2203,2155,950,-196
4.3221,2203,2155,950,-196
4.3224,2203,2155,950,-196
4.3228,2203,2156,950,-196
4.3231,2203,2156,950,-196
4.3235,2203,2156,950,-196
4.3239,2203,2157,950,-188
4.3242,2203,2157,950,-188
4.3246,2203,2158,950,-188
4.3250,2203,2158,950,-188
4.3253,2203,2158,950,-188
4.3257,2203,2159,950,-188
4.3260,2203,2159,950,-188
4.3264,2203,2159,950,-188
4.3267,2203,2159,950,-188
4.3271,2203,2159,950,-188
4.3275,2203,2160,950,-184
4.3279,2203,2160,950,-184
4.3282,2203,2160,950,-184
4.3286,2203,2161,950,-176
4.3289,2203,2161,950,-176
4.3293,2203,2161,950,-176
4.3296,2203,2162,850,-176
4.3300,2203,2162,850,-176
4.3304,2198,2162,850,-184
4.3310,2198,2162,850,-184
4.3314,2198,2162,850,-184
4.3318,2198,2163,850,-176
4.3322,2198,2163,850,-176
4.3325,2198,2164,850,-176
4.3329,2198,2164,850,-176
4.3332,2198,2164,850,-176
4.3336,2198,2164,850,-176
4.3340,2198,2164,850,-176
4.3343,2198,2164,850,-176
4.3347,2198,2165,850,-176
4.3351,2198,2165,850,-176
4.3354,2198,2165,850,-176
4.3358,2198,2166,850,-168
4.3361,2198,2166,850,-168
4.3365,2198,2167,850,-168
4.3369,2198,2167,850,-168
4.3372,2198,2167,850,-168
4.3376,2198,2168,850,-168
4.3380,2198,2168,850,-168
4.3383,2198,2168,850,-168
4.3387,2198,2168,850,-168
4.3391,2198,2168,850,-168
4.3394,2198,2168,850,-168
4.3398,2198,2169,850,-168
4.3401,2193,2169,850,-168
4.3410,2193,2169,850,-168
4.3414,2193,2169,850,-168
4.3417,2193,2170,850,-168
4.3421,2193,2170,850,-168
4.3425,2193,2171,850,-160
4.3429,2193,2171,850,-160
4.3433,2193,2171,850,-160
4.3437,2193,2172,850,-160
4.3441,2193,2172,850,-160
4.3445,2193,2173,850,-152
4.3449,2193,2173,850,-152
4.3453,2193,2173,850,-152
4.3457,2193,2173,850,-160
4.3461,2193,2173,850,-160
4.3465,2193,2174,850,-152
4.3469,2193,2174,850,-152
4.3473,2193,2174,850,-152
4.3477,2193,2175,850,-152
4.3481,2193,2175,850,-152
4.3486,2193,2175,850,-152
4.3490,2193,2175,850,-152
4.3494,2193,2175,850,-152
4.3497,2193,2176,700,-152
4.3502,2187,2177,700,-144
4.3509,2187,2177,700,-144
4.3513,2187,2177,700,-144
4.3517,2187,2177,700,-152
4.3521,2187,2177,700,-152
4.3525,2187,2178,700,-144
4.3529,2187,2178,700,-144
4.3533,2187,2178,700,-144
4.3537,2187,2179,700,-144
4.3541,2187,2179,700,-144
4.3545,2187,2179,700,-144
4.3549,2187,2179,700,-144
4.3553,2187,2179,700,-144
4.3557,2187,2180,700,-144
4.3561,2187,2180,700,-144
4.3565,2187,2181,700,-136
4.3569,2187,2181,700,-136
4.3573,2187,2181,700,-136
4.3577,2187,2181,700,-144
4.3581,2187,2181,700,-144
4.3585,2187,2182,700,-136
4.3589,2187,2182,700,-136
4.3593,2187,2182,700,-136
4.3597,2187,2183,700,-128
4.3601,2180,2183,700,-136
4.3609,2180,2183,700,-136
4.3613,2180,2183,700,-136
4.3617,2180,2183,700,-136
4.3621,2180,2183,700,-136
4.3625,2180,2184,700,-136
4.3629,2180,2184,700,-136
4.3633,2180,2184,700,-136
4.3637,2180,2185,700,-128
4.3641,2180,2185,700,-128
4.3645,2180,2185,700,-136
4.3649,2180,2185,700,-136
4.3653,2180,2185,700,-136
4.3657,2180,2186,700,-128
4.3661,2180,2186,700,-128
4.3665,2180,2186,700,-128
4.3669,2180,2186,700,-128
4.3673,2180,2186,700,-128
4.3677,2180,2187,700,-132
4.3681,2180,2187,700,-132
4.3685,2180,2187,700,-132
4.3689,2180,2187,700,-132
4.3693,2180,2187,700,-132
4.3697,2180,2188,600,-132
4.3702,2173,2189,600,-124
4.3709,2173,2189,600,-124
4.3713,2173,2189,600,-124
4.3717,2173,2189,600,-124
4.3721,2173,2189,600,-124
4.3726,2173,2189,600,-132
4.3729,2173,2189,600,-132
4.3733,2173,2190,600,-124
4.3737,2173,2190,600,-124
4.3741,2173,2190,600,-124
4.3745,2173,2191,600,-116
4.3749,2173,2191,600,-116
4.3753,2173,2191,600,-124
4.3757,2173,2191,600,-124
4.3761,2173,2191,600,-124
4.3766,2173,2191,600,-124
4.3769,2173,2191,600,-124
4.3773,2173,2192,600,-116
4.3777,2173,2192,600,-116
4.3781,2173,2192,600,-116
4.3785,2173,2193,600,-116
4.3789,2173,2193,600,-116
4.3793,2173,2193,600,-116
4.3797,2173,2193,600,-116
4.3801,2166,2194,600,-116
4.3809,2166,2194,600,-116
4.3814,2166,2194,600,-116
4.3817,2166,2194,600,-116
4.3821,2166,2194,600,-116
4.3826,2166,2195,600,-108
4.3829,2166,2195,600,-108
4.3833,2166,2195,600,-108
4.3837,2166,2195,600,-108
4.3841,2166,2195,600,-108
4.3845,2166,2196,600,-108
4.3850,2166,2196,600,-108
4.3854,2166,2196,600,-108
4.3858,2166,2196,600,-108
4.3862,2166,2196,600,-108
4.3866,2166,2197,600,-100
4.3870,2166,2197,600,-100
4.3874,2166,2197,600,-108
4.3878,2166,2197,600,-108
4.3882,2166,2197,600,-108
4.3885,2166,2198,600,-100
4.3889,2166,2198,600,-100
4.3893,2166,2198,500,-100
4.3897,2166,2198,500,-100
4.3901,2158,2199,500,-100
4.3909,2158,2199,500,-100
4.3913,2158,2199,500,-100
4.3917,2158,2199,500,-100
4.3921,2158,2199,500,-100
4.3926,2158,2200,500,-92
4.3930,2158,2200,500,-92
4.3934,2158,2200,500,-92
4.3937,2158,2200,500,-92
4.3941,2158,2200,500,-92
4.3945,2158,2201,500,-92
4.3949,2158,2201,500,-92
4.3953,2158,2201,500,-92
4.3957,2158,2201,500,-92
4.3961,2158,2201,500,-92
4.3966,2158,2201,500,-92
4.3970,2158,2201,500,-92
4.3974,2158,2202,500,-84
4.3977,2158,2202,500,-84
4.3981,2158,2202,500,-84
4.3986,2158,2202,500,-92
4.3990,2158,2202,500,-92
4.3994,2158,2203,500,-84
4.3998,2158,2203,500,-84
4.4001,2149,2203,500,-84
4.4009,2149,2203,500,-84
4.4013,2149,2204,500,-76
4.4017,2149,2204,500,-76
4.4021,2149,2204,500,-76
4.4026,2149,2204,500,-84
4.4030,2149,2204,500,-84
4.4034,2149,2204,500,-84
4.4038,2149,2204,500,-84
4.4042,2149,2205,500,-76
4.4046,2149,2205,500,-76
4.4051,2149,2205,500,-76
4.4056,2149,2205,500,-76
4.4060,2149,2205,500,-76
4.4064,2149,2205,500,-76
4.4068,2149,2205,500,-76
4.4072,2149,2206,500,-72
4.4077,2149,2206,500,-72
4.4081,2149,2206,500,-72
4.4085,2149,2206,500,-72
4.4089,2149,2206,500,-72
4.4094,2149,2207,450,-64
4.4098,2149,2207,450,-64
4.4102,2140,2207,450,-64
4.4109,2140,2207,450,-64
4.4113,2140,2207,450,-64
4.4117,2140,2207,450,-64
4.4121,2140,2207,450,-64
4.4125,2140,2208,450,-64
4.4130,2140,2208,450,-64
4.4134,2140,2208,450,-64
4.4138,2140,2208,450,-64
4.4142,2140,2208,450,-64
4.4146,2140,2208,450,-64
4.4150,2140,2208,450,-64
4.4155,2140,2208,450,-64
4.4159,2140,2208,450,-64
4.4163,2140,2209,450,-56
4.4167,2140,2209,450,-56
4.4171,2140,2209,450,-56
4.4176,2140,2209,450,-56
4.4179,2140,2209,450,-56
4.4184,2140,2210,450,-56
4.4188,2140,2210,450,-56
4.4192,2140,2210,450,-56
4.4196,2140,2210,450,-56
4.4200,2140,2210,450,-56
4.4204,2131,2210,450,-56
4.4212,2131,2210,450,-56
4.4216,2131,2210,450,-56
4.4220,2131,2210,450,-56
4.4224,2131,2211,450,-48
4.4228,2131,2211,450,-48
4.4232,2131,2211,450,-48
4.4236,2131,2211,450,-48
4.4240,2131,2211,450,-48
4.4244,2131,2211,450,-48
4.4248,2131,2211,450,-48
4.4253,2131,2211,450,-48
4.4257,2131,2211,450,-48
4.4261,2131,2211,450,-48
4.4266,2131,2211,450,-56
4.4270,2131,2211,450,-56
4.4274,2131,2212,450,-52
4.4278,2131,2212,450,-52
4.4283,2131,2212,450,-52
4.4287,2131,2212,450,-52
4.4291,2131,2212,450,-52
4.4295,2131,2212,250,-52
4.4299,2131,2212,250,-52
4.4303,2121,2213,250,-44
4.4310,2121,2213,250,-44
4.4314,2121,2213,250,-44
4.4318,2121,2213,250,-44
4.4322,2121,2213,250,-44
4.4327,2121,2213,250,-44
4.4331,2121,2213,250,-44
4.4336,2121,2213,250,-44
4.4340,2121,2213,250,-44
4.4344,2121,2214,250,-36
4.4348,2121,2214,250,-36
4.4352,2121,2214,250,-36
4.4355,2121,2214,250,-36
4.4359,2121,2214,250,-36
4.4363,2121,2214,250,-36
4.4367,2121,2214,250,-36
4.4371,2121,2214,250,-36
4.4376,2121,2214,250,-36
4.4380,2121,2214,250,-36
4.4384,2121,2215,250,-28
4.4388,2121,2215,250,-28
4.4392,2121,2215,250,-28
4.4396,2121,2215,250,-28
4.4400,2112,2215,250,-28
4.4408,2112,2215,250,-28
4.4412,2112,2215,250,-28
4.4416,2112,2215,250,-28
4.4420,2112,2215,250,-28
4.4424,2112,2215,250,-28
4.4429,2112,2215,250,-28
4.4433,2112,2215,250,-28
4.4437,2112,2215,250,-28
4.4441,2112,2216,250,-20
4.4444,2112,2216,250,-20
4.4448,2112,2216,250,-20
4.4452,2112,2216,250,-20
4.4456,2112,2216,250,-20
4.4460,2112,2216,250,-20
4.4464,2112,2216,250,-20
4.4468,2112,2216,250,-20
4.4472,2112,2216,250,0
4.4476,2112,2216,250,0
4.4481,2112,2216,250,24
4.4485,2112,2216,250,24
4.4489,2112,2216,250,24
4.4493,2112,2216,200,24
4.4498,2112,2216,200,24
4.4502,2102,2217,200,32
4.4510,2102,2217,200,32
4.4514,2102,2217,200,32
4.4518,2102,2217,200,32
4.4523,2102,2217,200,32
4.4527,2102,2217,200,32
4.4531,2102,2217,200,32
4.4536,2102,2217,200,32
4.4540,2102,2217,200,32
4.4544,2102,2217,200,32
4.4548,2102,2217,200,32
4.4552,2102,2217,200,32
4.4556,2102,2217,200,32
4.4560,2102,2217,200,32
4.4564,2102,2217,200,32
4.4569,2102,2217,200,32
4.4573,2102,2217,200,32
4.4577,2102,2217,200,32
4.4581,2102,2217,200,32
4.4586,2102,2217,200,32
4.4590,2102,2217,200,32
4.4594,2102,2217,200,32
4.4598,2102,2217,200,32
4.4602,2091,2217,200,32
4.4610,2091,2217,200,32
4.4614,2091,2217,200,32
4.4619,2091,2217,200,32
4.4622,2091,2217,200,32
4.4627,2091,2217,200,32
4.4631,2091,2217,200,32
4.4636,2091,2217,200,32
4.4640,2091,2218,200,40
4.4644,2091,2218,200,40
4.4648,2091,2218,200,40
4.4653,2091,2218,200,40
4.4657,2091,2218,200,40
4.4661,2091,2218,200,40
4.4666,2091,2218,200,40
4.4670,2091,2218,200,36
4.4674,2091,2218,200,36
4.4678,2091,2218,200,36
4.4683,2091,2218,200,44
4.4687,2091,2218,200,44
4.4691,2091,2218,100,44
4.4696,2091,2218,100,44
4.4700,2091,2218,100,44
4.4704,2081,2218,100,44
4.4712,2081,2218,100,44
4.4716,2081,2218,100,44
4.4720,2081,2218,100,44
4.4724,2081,2218,100,44
4.4728,2081,2218,100,44
4.4733,2081,2218,100,52
4.4737,2081,2218,100,52
4.4741,2081,2218,100,52
4.4746,2081,2218,100,52
4.4750,2081,2218,100,52
4.4754,2081,2218,100,52
4.4758,2081,2218,100,52
4.4762,2081,2218,100,52
4.4767,2081,2218,100,52
4.4771,2081,2218,100,60
4.4775,2081,2218,100,60
4.4779,2081,2218,100,60
4.4783,2081,2218,100,60
4.4787,2081,2218,100,60
4.4791,2081,2218,100,60
4.4796,2081,2218,100,60
4.4800,2081,2218,100,60
4.4804,2070,2218,100,60
4.4812,2070,2218,100,68
4.4816,2070,2218,100,68
4.4820,2070,2218,100,68
4.4825,2070,2218,100,68
4.4829,2070,2218,100,68
4.4833,2070,2218,100,68
4.4837,2070,2218,100,68
4.4841,2070,2218,100,68
4.4846,2070,2218,100,68
4.4850,2070,2218,100,76
4.4854,2070,2218,100,76
4.4858,2070,2218,100,76
4.4862,2070,2218,100,76
4.4867,2070,2218,100,76
4.4871,2070,2218,100,84
4.4876,2070,2218,100,84
4.4880,2070,2218,100,92
4.4884,2070,2218,100,92
4.4888,2070,2218,100,92
4.4892,2070,2218,0,92
4.4897,2070,2218,0,92
4.4901,2060,2218,0,92
4.4909,2060,2218,0,100
4.4913,2060,2218,0,100
4.4918,2060,2218,0,100
4.4922,2060,2218,0,100
4.4927,2060,2218,0,100
4.4931,2060,2218,0,100
4.4936,2060,2218,0,100
4.4940,2060,2218,0,108
4.4944,2060,2218,0,108
4.4948,2060,2218,0,108
4.4952,2060,2218,0,108
4.4957,2060,2218,0,108
4.4961,2060,2218,0,108
4.4966,2060,2218,0,108
4.4970,2060,2218,0,116
4.4974,2060,2218,0,116
4.4979,2060,2218,0,116
4.4983,2060,2218,0,116
4.4987,2060,2218,0,116
4.4992,2060,2218,0,116
4.4996,2060,2218,0,116
4.5000,2060,2218,0,124
4.5004,2049,2217,0,116
4.5012,2049,2217,0,116
4.5016,2049,2217,0,116
4.5021,2049,2217,0,116
4.5025,2049,2217,0,116
4.5029,2049,2217,0,124
4.5033,2049,2217,0,124
4.5038,2049,2217,0,124
4.5042,2049,2217,0,124
4.5046,2049,2217,0,124
4.5051,2049,2217,0,124
4.5055,2049,2217,0,124
4.5059,2049,2216,0,124
4.5063,2049,2216,0,124
4.5068,2049,2216,0,124
4.5072,2049,2216,0,124
4.5076,2049,2216,0,124
4.5080,2049,2216,0,132
4.5085,2049,2216,0,132
4.5089,2049,2215,-150,124
4.5093,2049,2215,-150,124
4.5097,2049,2215,-150,124
4.5102,2038,2215,-150,124
4.5110,2038,2215,-150,132
4.5114,2038,2215,-150,132
4.5119,2038,2214,-150,124
4.5123,2038,2214,-150,124
4.5127,2038,2214,-150,124
4.5131,2038,2214,-150,132
4.5136,2038,2214,-150,132
4.5140,2038,2214,-150,132
4.5144,2038,2214,-150,132
4.5149,2038,2214,-150,140
4.5153,2038,2214,-150,140
4.5157,2038,2213,-150,132
4.5162,2038,2213,-150,132
4.5166,2038,2213,-150,132
4.5170,2038,2213,-150,140
4.5174,2038,2213,-150,140
4.5178,2038,2212,-150,132
4.5183,2038,2212,-150,132
4.5187,2038,2212,-150,132
4.5191,2038,2212,-150,132
4.5196,2038,2212,-150,132
4.5200,2028,2212,-150,140
4.5208,2028,2212,-150,140
4.5212,2028,2212,-150,140
4.5217,2028,2212,-150,140
4.5221,2028,2211,-150,140
4.5226,2028,2211,-150,140
4.5230,2028,2211,-150,140
4.5234,2028,2211,-150,140
4.5238,2028,2211,-150,148
4.5243,2028,2211,-150,148
4.5247,2028,2210,-150,140
4.5251,2028,2210,-150,140
4.5256,2028,2210,-150,140
4.5260,2028,2210,-150,148
4.5264,2028,2210,-150,148
4.5268,2028,2209,-150,128
4.5272,2028,2209,-150,128
4.5276,2028,2209,-150,128
4.5280,2028,2209,-150,136
4.5284,2028,2209,-150,136
4.5289,2028,2208,-350,128
4.5293,2028,2208,-350,128
4.5297,2028,2208,-350,136
4.5301,2017,2208,-350,136
4.5310,2017,2208,-350,136
4.5314,2017,2208,-350,136
4.5319,2017,2207,-350,136
4.5323,2017,2207,-350,136
4.5328,2017,2207,-350,136
4.5332,2017,2207,-350,136
4.5336,2017,2207,-350,136
4.5340,2017,2206,-350,136
4.5344,2017,2206,-350,136
4.5348,2017,2206,-350,136
4.5352,2017,2206,-350,136
4.5356,2017,2206,-350,136
4.5360,2017,2205,-350,136
4.5364,2017,2205,-350,136
4.5368,2017,2205,-350,136
4.5372,2017,2205,-350,136
4.5376,2017,2205,-350,144
4.5381,2017,2205,-350,144
4.5386,2017,2205,-350,144
4.5390,2017,2204,-350,144
4.5394,2017,2204,-350,144
4.5398,2017,2204,-350,144
4.5402,2006,2204,-350,144
4.5410,2006,2204,-350,152
4.5415,2006,2204,-350,152
4.5419,2006,2203,-350,144
4.5423,2006,2203,-350,144
4.5427,2006,2203,-350,152
4.5431,2006,2203,-350,152
4.5436,2006,2203,-350,152
4.5440,2006,2202,-350,144
4.5444,2006,2202,-350,144
4.5448,2006,2202,-350,152
4.5452,2006,2202,-350,152
4.5456,2006,2201,-350,152
4.5461,2006,2201,-350,152
4.5466,2006,2201,-350,152
4.5470,2006,2201,-350,156
4.5474,2006,2201,-350,156
4.5478,2006,2201,-350,164
4.5483,2006,2201,-350,164
4.5487,2006,2200,-400,156
4.5491,2006,2200,-400,156
4.5496,2006,2200,-400,156
4.5500,2006,2199,-400,156
4.5504,1996,2199,-400,164
4.5512,1996,2199,-400,164
4.5516,1996,2199,-400,164
4.5520,1996,2199,-400,164
4.5524,1996,2199,-400,164
4.5528,1996,2198,-400,164
4.5532,1996,2198,-400,164
4.5537,1996,2198,-400,164
4.5541,1996,2198,-400,164
4.5546,1996,2197,-400,164
4.5550,1996,2197,-400,164
4.5554,1996,2197,-400,164
4.5558,1996,2197,-400,172
4.5562,1996,2197,-400,172
4.5566,1996,2197,-400,172
4.5570,1996,2197,-400,172
4.5574,1996,2197,-400,172
4.5578,1996,2196,-400,172
4.5581,1996,2196,-400,172
4.5585,1996,2196,-400,172
4.5589,1996,2196,-400,180
4.5592,1996,2196,-400,180
4.5596,1996,2195,-400,172
4.5600,1996,2195,-400,172
4.5603,1986,2195,-400,180
4.5611,1986,2195,-400,180
4.5615,1986,2195,-400,180
4.5619,1986,2194,-400,180
4.5623,1986,2194,-400,180
4.5627,1986,2193,-400,172
4.5631,1986,2193,-400,172
4.5635,1986,2193,-400,180
4.5639,1986,2193,-400,180
4.5643,1986,2193,-400,180
4.5647,1986,2192,-400,180
4.5651,1986,2192,-400,180
4.5656,1986,2192,-400,180
4.5660,1986,2192,-400,180
4.5663,1986,2192,-400,180
4.5667,1986,2191,-400,180
4.5671,1986,2191,-400,180
4.5675,1986,2191,-400,188
4.5679,1986,2191,-400,188
4.5683,1986,2191,-400,188
4.5687,1986,2190,-500,188
4.5691,1986,2190,-500,188
4.5695,1986,2190,-500,188
4.5699,1986,2190,-500,188
4.5703,1976,2190,-500,196
4.5710,1976,2190,-500,196
4.5714,1976,2190,-500,196
4.5718,1976,2189,-500,196
4.5722,1976,2189,-500,196
4.5726,1976,2188,-500,188
4.5730,1976,2188,-500,188
4.5734,1976,2188,-500,188
4.5737,1976,2188,-500,196
4.5741,1976,2188,-500,196
4.5745,1976,2187,-500,196
4.5749,1976,2187,-500,196
4.5753,1976,2187,-500,196
4.5756,1976,2187,-500,204
4.5760,1976,2187,-500,204
4.5764,1976,2187,-500,204
4.5768,1976,2186,-500,196
4.5771,1976,2186,-500,196
4.5775,1976,2185,-500,196
4.5779,1976,2185,-500,196
4.5783,1976,2185,-500,196
4.5787,1976,2185,-500,204
4.5791,1976,2185,-500,204
4.5794,1976,2185,-500,204
4.5798,1976,2184,-500,204
4.5802,1967,2184,-500,204
4.5809,1967,2184,-500,204
4.5813,1967,2184,-500,204
4.5817,1967,2183,-500,204
4.5821,1967,2183,-500,204
4.5825,1967,2183,-500,212
4.5829,1967,2183,-500,212
4.5833,1967,2183,-500,212
4.5837,1967,2182,-500,212
4.5841,1967,2182,-500,212
4.5844,1967,2182,-500,212
4.5848,1967,2182,-500,212
4.5852,1967,2182,-500,212
4.5856,1967,2181,-500,212
4.5860,1967,2181,-500,212
4.5864,1967,2181,-500,212
4.5867,1967,2180,-500,216
4.5871,1967,2180,-500,216
4.5875,1967,2179,-500,216
4.5879,1967,2179,-500,216
4.5883,1967,2179,-500,216
4.5887,1967,2179,-550,224
4.5891,1967,2179,-550,224
4.5894,1967,2178,-550,216
4.5898,1967,2178,-550,216
4.5902,1957,2178,-550,224
4.5909,1957,2178,-550,224
4.5913,1957,2178,-550,224
4.5917,1957,2177,-550,224
4.5921,1957,2177,-550,224
4.5925,1957,2176,-550,224
4.5929,1957,2176,-550,224
4.5933,1957,2176,-550,224
4.5937,1957,2176,-550,232
4.5941,1957,2176,-550,232
4.5945,1957,2175,-550,232
4.5948,1957,2175,-550,232
4.5952,1957,2175,-550,232
4.5956,1957,2175,-550,232
4.5960,1957,2175,-550,232
4.5964,1957,2174,-550,232
4.5968,1957,2174,-550,232
4.5972,1957,2174,-550,232
4.5976,1957,2173,-550,232
4.5980,1957,2173,-550,232
4.5984,1957,2172,-550,232
4.5988,1957,2172,-550,232
4.5992,1957,2172,-550,232
4.5996,1957,2172,-550,240
4.6000,1957,2172,-550,240
4.6004,1948,2171,-550,240
4.6011,1948,2171,-550,240
4.6015,1948,2170,-550,240
4.6019,1948,2170,-550,240
4.6023,1948,2170,-550,240
4.6027,1948,2170,-550,240
4.6031,1948,2170,-550,240
4.6036,1948,2169,-550,240
4.6040,1948,2169,-550,240
4.6044,1948,2169,-550,240
4.6047,1948,2169,-550,248
4.6051,1948,2169,-550,248
4.6055,1948,2168,-550,248
4.6059,1948,2168,-550,248
4.6063,1948,2168,-550,248
4.6067,1948,2167,-550,248
4.6071,1948,2167,-550,248
4.6075,1948,2166,-550,248
4.6079,1948,2166,-550,248
4.6083,1948,2166,-550,248
4.6087,1948,2166,-650,256
4.6091,1948,2166,-650,256
4.6095,1948,2165,-650,256
4.6099,1948,2165,-650,256
4.6103,1940,2164,-650,256
4.6111,1940,2164,-650,256
4.6116,1940,2163,-650,256
4.6120,1940,2163,-650,256
4.6123,1940,2163,-650,264
4.6127,1940,2163,-650,264
4.6131,1940,2163,-650,264
4.6135,1940,2162,-650,256
4.6139,1940,2162,-650,256
4.6143,1940,2161,-650,256
4.6147,1940,2161,-650,256
4.6151,1940,2161,-650,256
4.6156,1940,2160,-650,256
4.6160,1940,2160,-650,256
4.6163,1940,2160,-650,264
4.6167,1940,2160,-650,264
4.6171,1940,2160,-650,264
4.6175,1940,2159,-650,264
4.6179,1940,2159,-650,264
4.6183,1940,2158,-650,264
4.6187,1940,2158,-650,264
4.6191,1940,2158,-650,264
4.6195,1940,2157,-650,264
4.6199,1940,2157,-650,264
4.6204,1932,2156,-650,264
4.6212,1932,2156,-650,264
4.6215,1932,2156,-650,272
4.6219,1932,2156,-650,272
4.6222,1932,2156,-650,272
4.6226,1932,2155,-650,272
4.6230,1932,2155,-650,272
4.6234,1932,2154,-650,272
4.6238,1932,2154,-650,272
4.6242,1932,2154,-650,272
4.6246,1932,2153,-650,272
4.6250,1932,2153,-650,272
4.6254,1932,2152,-650,272
4.6258,1932,2152,-650,272
4.6262,1932,2152,-650,272
4.6266,1932,2151,-650,268
4.6270,1932,2151,-650,268
4.6274,1932,2151,-650,276
4.6278,1932,2151,-650,276
4.6282,1932,2151,-650,276
4.6286,1932,2150,-800,276
4.6290,1932,2150,-800,276
4.6294,1932,2149,-800,276
4.6298,1932,2149,-800,276
4.6302,1924,2148,-800,276
4.6309,1924,2148,-800,276
4.6313,1924,2147,-800,276
4.6317,1924,2147,-800,276
4.6321,1924,2147,-800,276
4.6325,1924,2146,-800,276
4.6329,1924,2146,-800,276
4.6333,1924,2146,-800,284
4.6337,1924,2146,-800,284
4.6341,1924,2146,-800,284
4.6345,1924,2145,-800,284
4.6350,1924,2145,-800,284
4.6353,1924,2144,-800,284
4.6357,1924,2144,-800,284
4.6361,1924,2144,-800,284
4.6365,1924,2143,-800,284
4.6369,1924,2143,-800,284
4.6373,1924,2142,-800,284
4.6377,1924,2142,-800,284
4.6381,1924,2142,-800,284
4.6385,1924,2141,-800,284
4.6389,1924,2141,-800,284
4.6393,1924,2140,-800,284
4.6397,1924,2140,-800,284
4.6401,1917,2139,-800,284
4.6410,1917,2139,-800,284
4.6414,1917,2138,-800,292
4.6419,1917,2138,-800,292
4.6423,1917,2137,-800,292
4.6427,1917,2137,-800,292
4.6430,1917,2137,-800,292
4.6434,1917,2136,-800,292
4.6438,1917,2136,-800,292
4.6442,1917,2136,-800,300
4.6446,1917,2136,-800,300
4.6450,1917,2136,-800,300
4.6454,1917,2135,-800,300
4.6458,1917,2135,-800,300
4.6462,1917,2134,-800,304
4.6466,1917,2134,-800,304
4.6470,1917,2134,-800,304
4.6474,1917,2133,-800,304
4.6478,1917,2133,-800,304
4.6482,1917,2132,-900,304
4.6486,1917,2132,-900,304
4.6490,1917,2132,-900,304
4.6494,1917,2131,-900,304
4.6498,1917,2131,-900,304
4.6502,1911,2130,-900,304
4.6509,1911,2130,-900,304
4.6513,1911,2129,-900,304
4.6517,1911,2129,-900,304
4.6521,1911,2129,-900,304
4.6525,1911,2128,-900,312
4.6529,1911,2128,-900,312
4.6533,1911,2127,-900,312
4.6537,1911,2127,-900,312
4.6541,1911,2127,-900,312
4.6545,1911,2126,-900,312
4.6549,1911,2126,-900,312
4.6553,1911,2125,-900,312
4.6557,1911,2125,-900,312
4.6561,1911,2125,-900,312
4.6565,1911,2125,-900,320
4.6569,1911,2125,-900,320
4.6573,1911,2124,-900,320
4.6577,1911,2124,-900,320
4.6581,1911,2122,-900,312
4.6585,1911,2122,-900,312
4.6589,1911,2122,-900,312
4.6593,1911,2122,-900,328
4.6597,1911,2122,-900,328
4.6601,1905,2121,-900,328
4.6610,1905,2121,-900,328
4.6614,1905,2120,-900,328
4.6618,1905,2120,-900,328
4.6622,1905,2119,-900,328
4.6626,1905,2119,-900,328
4.6631,1905,2119,-900,328
4.6635,1905,2118,-900,328
4.6639,1905,2118,-900,328
4.6643,1905,2117,-900,328
4.6647,1905,2117,-900,328
4.6651,1905,2115,-900,328
4.6656,1905,2115,-900,328
4.6660,1905,2115,-900,328
4.6664,1905,2114,-900,324
4.6668,1905,2114,-900,324
4.6672,1905,2113,-900,324
4.6676,1905,2113,-900,324
4.6680,1905,2113,-900,324
4.6684,1905,2112,-1000,324
4.6688,1905,2112,-1000,324
4.6692,1905,2112,-1000,332
4.6696,1905,2112,-1000,332
4.6700,1899,2110,-1000,332
4.6708,1899,2110,-1000,332
4.6712,1899,2109,-1000,332
4.6715,1899,2109,-1000,332
4.6719,1899,2109,-1000,332
4.6723,1899,2108,-1000,332
4.6726,1899,2108,-1000,332
4.6730,1899,2108,-1000,332
4.6734,1899,2107,-1000,332
4.6738,1899,2107,-1000,332
4.6742,1899,2106,-1000,340
4.6746,1899,2106,-1000,340
4.6750,1899,2106,-1000,340
4.6753,1899,2105,-1000,340
4.6757,1899,2105,-1000,340
4.6761,1899,2104,-1000,340
4.6766,1899,2104,-1000,340
4.6770,1899,2104,-1000,340
4.6774,1899,2103,-1000,340
4.6778,1899,2103,-1000,340
4.6782,1899,2102,-1000,348
4.6786,1899,2102,-1000,348
4.6790,1899,2102,-1000,348
4.6794,1899,2101,-1000,348
4.6798,1899,2101,-1000,348
4.6802,1894,2100,-1000,348
4.6809,1894,2100,-1000,348
4.6813,1894,2099,-1000,348
4.6816,1894,2099,-1000,348
4.6820,1894,2099,-1000,348
4.6824,1894,2098,-1000,356
4.6828,1894,2098,-1000,356
4.6833,1894,2097,-1000,356
4.6837,1894,2097,-1000,356
4.6841,1894,2095,-1000,348
4.6846,1894,2095,-1000,348
4.6850,1894,2095,-1000,348
4.6853,1894,2095,-1000,364
4.6857,1894,2095,-1000,364
4.6862,1894,2093,-1000,360
4.6866,1894,2093,-1000,360
4.6870,1894,2093,-1000,360
4.6874,1894,2092,-1000,360
4.6878,1894,2092,-1000,360
4.6882,1894,2091,-1050,360
4.6886,1894,2091,-1050,360
4.6890,1894,2090,-1050,368
4.6895,1894,2090,-1050,368
4.6899,1894,2090,-1050,368
4.6903,1890,2089,-1050,368
4.6911,1890,2088,-1050,368
4.6916,1890,2088,-1050,368
4.6920,1890,2088,-1050,368
4.6924,1890,2086,-1050,360
4.6928,1890,2086,-1050,360
4.6932,1890,2085,-1050,368
4.6936,1890,2085,-1050,368
4.6941,1890,2084,-1050,368
4.6946,1890,2084,-1050,368
4.6950,1890,2084,-1050,368
4.6954,1890,2083,-1050,368
4.6958,1890,2083,-1050,368
4.6962,1890,2082,-1050,368
4.6966,1890,2082,-1050,368
4.6970,1890,2081,-1050,368
4.6974,1890,2081,-1050,368
4.6978,1890,2081,-1050,368
4.6982,1890,2080,-1050,376
4.6986,1890,2080,-1050,376
4.6990,1890,2078,-1050,368
4.6994,1890,2078,-1050,368
4.6999,1890,2078,-1050,368
4.7003,1887,2077,-1050,368
4.7011,1887,2076,-1050,368
4.7015,1887,2076,-1050,368
4.7019,1887,2076,-1050,368
4.7023,1887,2075,-1050,368
4.7027,1887,2075,-1050,368
4.7031,1887,2074,-1050,376
4.7036,1887,2074,-1050,376
4.7040,1887,2073,-1050,376
4.7044,1887,2073,-1050,376
4.7048,1887,2073,-1050,376
4.7052,1887,2071,-1050,368
4.7057,1887,2071,-1050,368
4.7061,1887,2070,-1050,356
4.7065,1887,2070,-1050,356
4.7070,1887,2069,-1050,356
4.7074,1887,2069,-1050,356
4.7078,1887,2069,-1050,356
4.7082,1887,2068,-1150,364
4.7087,1887,2068,-1150,364
4.7091,1887,2066,-1150,356
4.7096,1887,2066,-1150,356
4.7100,1887,2065,-1150,356
4.7104,1884,2065,-1150,356
4.7112,1884,2064,-1150,356
4.7116,1884,2064,-1150,356
4.7120,1884,2063,-1150,356
4.7124,1884,2063,-1150,356
4.7128,1884,2063,-1150,356
4.7133,1884,2062,-1150,364
4.7137,1884,2062,-1150,364
4.7141,1884,2060,-1150,356
4.7146,1884,2060,-1150,356
4.7150,1884,2059,-1150,356
4.7154,1884,2059,-1150,356
4.7158,1884,2059,-1150,356
4.7162,1884,2058,-1150,356
4.7167,1884,2058,-1150,356
4.7171,1884,2057,-1150,356
4.7176,1884,2057,-1150,356
4.7180,1884,2056,-1150,356
4.7184,1884,2056,-1150,356
4.7188,1884,2056,-1150,356
4.7192,1884,2054,-1150,348
4.7197,1884,2054,-1150,348
4.7201,1881,2053,-1150,356
4.7209,1881,2052,-1150,356
4.7213,1881,2052,-1150,356
4.7217,1881,2052,-1150,356
4.7221,1881,2051,-1150,356
4.7226,1881,2051,-1150,356
4.7230,1881,2049,-1150,348
4.7234,1881,2049,-1150,348
4.7238,1881,2049,-1150,348
4.7242,1881,2048,-1150,348
4.7247,1881,2048,-1150,348
4.7251,1881,2047,-1150,348
4.7256,1881,2047,-1150,348
4.7260,1881,2046,-1150,340
4.7264,1881,2046,-1150,340
4.7268,1881,2046,-1150,340
4.7273,1881,2044,-1150,332
4.7277,1881,2044,-1150,332
4.7281,1881,2043,-1250,340
4.7286,1881,2043,-1250,340
4.7290,1881,2042,-1250,340
4.7294,1881,2042,-1250,340
4.7298,1881,2041,-1250,340
4.7303,1880,2041,-1250,340
4.7311,1880,2039,-1250,332
4.7316,1880,2039,-1250,332
4.7320,1880,2038,-1250,332
4.7324,1880,2038,-1250,332
4.7328,1880,2037,-1250,332
4.7333,1880,2037,-1250,332
4.7337,1880,2037,-1250,332
4.7342,1880,2035,-1250,324
4.7346,1880,2035,-1250,324
4.7350,1880,2034,-1250,324
4.7355,1880,2034,-1250,324
4.7359,1880,2033,-1250,324
4.7363,1880,2033,-1250,324
4.7367,1880,2033,-1250,324
4.7371,1880,2032,-1250,324
4.7376,1880,2032,-1250,324
4.7380,1880,2031,-1250,324
4.7384,1880,2031,-1250,324
4.7388,1880,2029,-1250,316
4.7393,1880,2029,-1250,316
4.7397,1880,2029,-1250,316
4.7401,1879,2028,-1250,324
4.7410,1879,2027,-1250,324
4.7414,1879,2027,-1250,324
4.7418,1879,2026,-1250,324
4.7423,1879,2026,-1250,324
4.7427,1879,2026,-1250,324
4.7431,1879,2025,-1250,324
4.7436,1879,2025,-1250,324
4.7440,1879,2024,-1250,324
4.7444,1879,2024,-1250,324
4.7448,1879,2023,-1250,324
4.7452,1879,2023,-1250,324
4.7457,1879,2023,-1250,324
4.7461,1879,2021,-1250,308
4.7465,1879,2021,-1250,308
4.7470,1879,2020,-1250,308
4.7474,1879,2020,-1250,308
4.7478,1879,2019,-1200,308
4.7483,1879,2019,-1200,308
4.7487,1879,2019,-1200,308
4.7491,1879,2018,-1200,308
4.7496,1879,2018,-1200,308
4.7500,1878,2017,-1200,308
4.7508,1878,2015,-1200,300
4.7512,1878,2015,-1200,300
4.7517,1878,2015,-1200,300
4.7521,1878,2014,-1200,300
4.7526,1878,2014,-1200,300
4.7530,1878,2013,-1200,300
4.7534,1878,2013,-1200,300
4.7539,1878,2012,-1200,300
4.7543,1878,2012,-1200,300
4.7548,1878,2011,-1200,300
4.7553,1878,2011,-1200,300
4.7557,1878,2011,-1200,300
4.7561,1878,2010,-1200,300
4.7566,1878,2010,-1200,300
4.7570,1878,2008,-1200,292
4.7574,1878,2008,-1200,292
4.7579,1878,2007,-1200,292
4.7583,1878,2007,-1200,292
4.7587,1878,2007,-1200,300
4.7592,1878,2007,-1200,300
4.7596,1878,2007,-1200,300
4.7600,1879,2005,-1200,292
4.7609,1879,2004,-1200,292
4.7613,1879,2004,-1200,292
4.7617,1879,2003,-1200,292
4.7622,1879,2003,-1200,292
4.7626,1879,2003,-1200,292
4.7630,1879,2002,-1200,292
4.7635,1879,2002,-1200,292
4.7639,1879,2001,-1200,284
4.7643,1879,2001,-1200,284
4.7648,1879,2000,-1200,284
4.7652,1879,2000,-1200,284
4.7656,1879,2000,-1200,284
4.7660,1879,1999,-1200,284
4.7664,1879,1999,-1200,284
4.7669,1879,1998,-1200,284
4.7673,1879,1998,-1200,284
4.7677,1879,1997,-1100,284
4.7682,1879,1997,-1100,284
4.7686,1879,1997,-1100,284
4.7690,1879,1995,-1100,276
4.7695,1879,1995,-1100,276
4.7699,1879,1994,-1100,276
4.7703,1880,1993,-1100,276
4.7711,1880,1993,-1100,276
4.7716,1880,1993,-1100,276
4.7720,1880,1992,-1100,276
4.7724,1880,1992,-1100,276
4.7729,1880,1991,-1100,276
4.7733,1880,1991,-1100,276
4.7737,1880,1990,-1100,276
4.7742,1880,1990,-1100,276
4.7746,1880,1990,-1100,276
4.7750,1880,1989,-1100,276
4.7754,1880,1989,-1100,276
4.7759,1880,1988,-1100,268
4.7763,1880,1988,-1100,268
4.7767,1880,1987,-1100,268
4.7771,1880,1987,-1100,268
4.7776,1880,1987,-1100,268
4.7780,1880,1986,-1100,268
4.7784,1880,1986,-1100,268
4.7788,1880,1985,-1100,268
4.7792,1880,1985,-1100,268
4.7796,1880,1984,-1100,268
4.7801,1881,1984,-1100,268
4.7809,1881,1983,-1100,268
4.7813,1881,1983,-1100,268
4.7817,1881,1982,-1100,268
4.7821,1881,1982,-1100,268
4.7826,1881,1982,-1100,268
4.7830,1881,1981,-1100,260
4.7834,1881,1981,-1100,260
4.7838,1881,1980,-1100,260
4.7842,1881,1980,-1100,260
4.7846,1881,1979,-1100,260
4.7850,1881,1979,-1100,260
4.7855,1881,1979,-1100,260
4.7859,1881,1978,-1100,260
4.7863,1881,1978,-1100,260
4.7867,1881,1977,-1100,260
4.7871,1881,1977,-1100,260
4.7876,1881,1977,-1100,260
4.7880,1881,1976,-1050,260
4.7884,1881,1976,-1050,260
4.7888,1881,1975,-1050,252
4.7892,1881,1975,-1050,252
4.7897,1881,1974,-1050,252
4.7902,1884,1974,-1050,252
4.7910,1884,1973,-1050,252
4.7914,1884,1973,-1050,252
4.7919,1884,1972,-1050,252
4.7923,1884,1972,-1050,252
4.7927,1884,1971,-1050,252
4.7932,1884,1971,-1050,252
4.7936,1884,1971,-1050,252
4.7940,1884,1970,-1050,252
4.7945,1884,1970,-1050,252
4.7949,1884,1969,-1050,244
4.7953,1884,1969,-1050,244
4.7957,1884,1968,-1050,244
4.7962,1884,1968,-1050,244
4.7966,1884,1967,-1050,244
4.7971,1884,1967,-1050,244
4.7976,1884,1966,-1050,244
4.7980,1884,1966,-1050,244
4.7983,1884,1966,-1050,244
4.7987,1884,1965,-1050,236
4.7991,1884,1965,-1050,236
4.7995,1884,1965,-1050,236
4.7999,1884,1964,-1050,236
4.8003,1887,1963,-1050,236
4.8011,1887,1963,-1050,236
4.8016,1887,1962,-1050,236
4.8020,1887,1962,-1050,236
4.8023,1887,1962,-1050,236
4.8027,1887,1961,-1050,228
4.8031,1887,1961,-1050,228
4.8036,1887,1960,-1050,228
4.8039,1887,1960,-1050,228
4.8047,1887,1959,-1050,228
4.8052,1887,1959,-1050,228
4.8056,1887,1958,-1050,224
4.8060,1887,1958,-1050,224
4.8064,1887,1958,-1050,224
4.8068,1887,1958,-1050,224
4.8072,1887,1958,-1050,224
4.8076,1887,1957,-950,224
4.8080,1887,1957,-950,224
4.8085,1887,1957,-950,224
4.8088,1887,1956,-950,224
4.8093,1887,1956,-950,224
4.8097,1887,1955,-950,224
4.8101,1890,1955,-950,224
4.8108,1890,1954,-950,216
4.8112,1890,1954,-950,216
4.8116,1890,1953,-950,216
4.8120,1890,1953,-950,216
4.8124,1890,1953,-950,216
4.8128,1890,1952,-950,216
4.8132,1890,1952,-950,216
4.8136,1890,1951,-950,208
4.8140,1890,1951,-950,208
4.8144,1890,1951,-950,208
4.8147,1890,1950,-950,208
4.8151,1890,1950,-950,208
4.8155,1890,1949,-950,208
4.8159,1890,1949,-950,208
4.8163,1890,1949,-950,208
4.8167,1890,1949,-950,208
4.8171,1890,1949,-950,208
4.8175,1890,1948,-950,208
4.8179,1890,1948,-950,208
4.8183,1890,1948,-950,208
4.8187,1890,1947,-950,208
4.8191,1890,1947,-950,208
4.8194,1890,1947,-950,208
4.8198,1890,1946,-950,200
4.8202,1895,1945,-950,200
4.8209,1895,1945,-950,200
4.8213,1895,1945,-950,200
4.8217,1895,1944,-950,200
4.8220,1895,1944,-950,200
4.8224,1895,1944,-950,200
4.8228,1895,1943,-950,192
4.8232,1895,1943,-950,192
4.8236,1895,1942,-950,192
4.8240,1895,1942,-950,192
4.8244,1895,1942,-950,192
4.8247,1895,1942,-950,200
4.8251,1895,1942,-950,200
4.8255,1895,1941,-950,192
4.8259,1895,1941,-950,192
4.8263,1895,1941,-950,192
4.8266,1895,1940,-950,192
4.8270,1895,1940,-950,192
4.8274,1895,1940,-950,192
4.8278,1895,1939,-900,192
4.8282,1895,1939,-900,192
4.8286,1895,1938,-900,184
4.8290,1895,1938,-900,184
4.8294,1895,1938,-900,184
4.8298,1895,1937,-900,184
4.8302,1900,1936,-900,176
4.8310,1900,1936,-900,176
4.8314,1900,1936,-900,184
4.8318,1900,1936,-900,184
4.8322,1900,1936,-900,184
4.8326,1900,1935,-900,184
4.8329,1900,1935,-900,184
4.8333,1900,1935,-900,184
4.8338,1900,1934,-900,176
4.8342,1900,1934,-900,176
4.8346,1900,1934,-900,184
4.8350,1900,1934,-900,184
4.8354,1900,1933,-900,176
4.8358,1900,1933,-900,176
4.8362,1900,1933,-900,176
4.8366,1900,1932,-900,176
4.8371,1900,1932,-900,176
4.8376,1900,1931,-900,176
4.8380,1900,1931,-900,176
4.8384,1900,1931,-900,176
4.8388,1900,1931,-900,176
4.8392,1900,1931,-900,176
4.8396,1900,1930,-900,176
4.8400,1905,1929,-900,168
4.8408,1905,1929,-900,168
4.8412,1905,1929,-900,168
4.8417,1905,1929,-900,176
4.8421,1905,1929,-900,176
4.8426,1905,1928,-900,168
4.8430,1905,1928,-900,168
4.8434,1905,1927,-900,168
4.8438,1905,1927,-900,168
4.8442,1905,1927,-900,168
4.8446,1905,1926,-900,160
4.8450,1905,1926,-900,160
4.8455,1905,1926,-900,172
4.8459,1905,1926,-900,172
4.8463,1905,1926,-900,172
4.8467,1905,1925,-900,164
4.8471,1905,1925,-900,164
4.8475,1905,1924,-750,164
4.8479,1905,1924,-750,164
4.8483,1905,1924,-750,164
4.8487,1905,1923,-750,164
4.8491,1905,1923,-750,164
4.8496,1905,1923,-750,164
4.8500,1905,1923,-750,164
4.8504,1911,1922,-750,164
4.8512,1911,1922,-750,164
4.8516,1911,1922,-750,164
4.8520,1911,1922,-750,164
4.8524,1911,1921,-750,164
4.8528,1911,1921,-750,164
4.8532,1911,1921,-750,164
4.8536,1911,1920,-750,156
4.8541,1911,1920,-750,156
4.8545,1911,1920,-750,164
4.8549,1911,1920,-750,164
4.8553,1911,1920,-750,164
4.8557,1911,1919,-750,156
4.8561,1911,1919,-750,156
4.8566,1911,1918,-750,156
4.8570,1911,1918,-750,156
4.8574,1911,1918,-750,156
4.8579,1911,1918,-750,156
4.8583,1911,1918,-750,156
4.8587,1911,1917,-750,148
4.8591,1911,1917,-750,148
4.8596,1911,1916,-750,148
4.8600,1911,1916,-750,148
4.8604,1918,1916,-750,148
4.8612,1918,1916,-750,148
4.8616,1918,1915,-750,148
4.8620,1918,1915,-750,148
4.8624,1918,1914,-750,140
4.8628,1918,1914,-750,140
4.8632,1918,1914,-750,140
4.8637,1918,1914,-750,148
4.8641,1918,1914,-750,148
4.8646,1918,1913,-750,140
4.8650,1918,1913,-750,140
4.8654,1918,1913,-750,148
4.8658,1918,1913,-750,148
4.8662,1918,1913,-750,148
4.8667,1918,1912,-750,140
4.8671,1918,1912,-750,140
4.8676,1918,1911,-650,132
4.8680,1918,1911,-650,132
4.8684,1918,1911,-650,140
4.8688,1918,1911,-650,140
4.8692,1918,1911,-650,140
4.8697,1918,1910,-650,132
4.8701,1925,1909,-650,132
4.8709,1925,1909,-650,132
4.8713,1925,1909,-650,132
4.8717,1925,1909,-650,132
4.8721,1925,1909,-650,132
4.8726,1925,1908,-650,132
4.8730,1925,1908,-650,132
4.8734,1925,1908,-650,132
4.8738,1925,1908,-650,132
4.8742,1925,1908,-650,132
4.8747,1925,1907,-650,124
4.8751,1925,1907,-650,124
4.8756,1925,1907,-650,132
4.8760,1925,1907,-650,132
4.8764,1925,1906,-650,124
4.8768,1925,1906,-650,124
4.8772,1925,1906,-650,124
4.8776,1925,1906,-650,124
4.8781,1925,1906,-650,124
4.8786,1925,1905,-650,124
4.8790,1925,1905,-650,124
4.8794,1925,1905,-650,124
4.8798,1925,1905,-650,124
4.8802,1932,1904,-650,124
4.8810,1932,1904,-650,124
4.8814,1932,1904,-650,124
4.8818,1932,1904,-650,124
4.8823,1932,1903,-650,116
4.8827,1932,1903,-650,116
4.8831,1932,1903,-650,116
4.8836,1932,1902,-650,116
4.8840,1932,1902,-650,116
4.8844,1932,1902,-650,116
4.8849,1932,1902,-650,116
4.8853,1932,1901,-650,100
4.8857,1932,1901,-650,100
4.8861,1932,1901,-650,100
4.8866,1932,1901,-650,108
4.8870,1932,1901,-650,108
4.8874,1932,1900,-550,100
4.8878,1932,1900,-550,100
4.8883,1932,1900,-550,100
4.8887,1932,1900,-550,100
4.8891,1932,1900,-550,100
4.8896,1932,1899,-550,100
4.8900,1940,1899,-550,100
4.8908,1940,1899,-550,100
4.8913,1940,1898,-550,92
4.8917,1940,1898,-550,92
4.8921,1940,1898,-550,92
4.8926,1940,1898,-550,92
4.8930,1940,1898,-550,92
4.8934,1940,1897,-550,92
4.8938,1940,1897,-550,92
4.8943,1940,1897,-550,92
4.8947,1940,1897,-550,92
4.8951,1940,1897,-550,92
4.8956,1940,1896,-550,84
4.8960,1940,1896,-550,84
4.8964,1940,1896,-550,92
4.8969,1940,1896,-550,92
4.8973,1940,1895,-550,84
4.8977,1940,1895,-550,84
4.8982,1940,1895,-550,84
4.8986,1940,1895,-550,84
4.8990,1940,1895,-550,84
4.8994,1940,1895,-550,84
4.8998,1940,1895,-550,84
4.9002,1949,1894,-550,84
4.9010,1949,1894,-550,84
4.9014,1949,1894,-550,84
4.9018,1949,1894,-550,84
4.9022,1949,1893,-550,76
4.9027,1949,1893,-550,76
4.9031,1949,1893,-550,76
4.9036,1949,1893,-550,76
4.9040,1949,1893,-550,76
4.9044,1949,1893,-550,84
4.9048,1949,1893,-550,84
4.9053,1949,1892,-550,84
4.9057,1949,1892,-550,84
4.9061,1949,1892,-550,84
4.9066,1949,1892,-550,84
4.9071,1949,1892,-550,84
4.9076,1949,1892,-400,84
4.9080,1949,1892,-400,84
4.9084,1949,1891,-400,84
4.9088,1949,1891,-400,84
4.9093,1949,1891,-400,84
4.9097,1949,1891,-400,84
4.9101,1958,1890,-400,76
4.9109,1958,1890,-400,76
4.9113,1958,1890,-400,76
4.9117,1958,1890,-400,76
4.9122,1958,1890,-400,76
4.9127,1958,1890,-400,76
4.9131,1958,1889,-400,76
4.9136,1958,1889,-400,76
4.9140,1958,1889,-400,76
4.9144,1958,1889,-400,76
4.9148,1958,1889,-400,76
4.9153,1958,1888,-400,68
4.9157,1958,1888,-400,68
4.9161,1958,1888,-400,68
4.9165,1958,1888,-400,68
4.9169,1958,1888,-400,68
4.9173,1958,1888,-400,68
4.9177,1958,1888,-400,68
4.9180,1958,1888,-400,68
4.9184,1958,1888,-400,76
4.9188,1958,1888,-400,76
4.9192,1958,1887,-400,68
4.9196,1958,1887,-400,68
4.9199,1958,1887,-400,68
4.9203,1967,1887,-400,68
4.9211,1967,1887,-400,68
4.9214,1967,1887,-400,68
4.9218,1967,1887,-400,68
4.9222,1967,1886,-400,60
4.9226,1967,1886,-400,60
4.9230,1967,1886,-400,60
4.9233,1967,1886,-400,60
4.9237,1967,1886,-400,60
4.9241,1967,1886,-400,60
4.9245,1967,1886,-400,60
4.9249,1967,1886,-400,60
4.9253,1967,1885,-400,60
4.9257,1967,1885,-400,60
4.9261,1967,1885,-400,60
4.9266,1967,1885,-400,60
4.9270,1967,1885,-400,60
4.9274,1967,1885,-350,60
4.9278,1967,1885,-350,60
4.9282,1967,1885,-350,60
4.9286,1967,1885,-350,60
4.9289,1967,1885,-350,60
4.9293,1967,1884,-350,52
4.9297,1967,1884,-350,52
4.9301,1976,1884,-350,52
4.9310,1976,1884,-350,52
4.9314,1976,1884,-350,52
4.9318,1976,1884,-350,52
4.9322,1976,1883,-350,44
4.9326,1976,1883,-350,44
4.9330,1976,1883,-350,44
4.9334,1976,1883,-350,44
4.9338,1976,1883,-350,44
4.9342,1976,1883,-350,52
4.9346,1976,1883,-350,52
4.9351,1976,1883,-350,52
4.9355,1976,1883,-350,52
4.9359,1976,1883,-350,52
4.9363,1976,1882,-350,44
4.9367,1976,1882,-350,44
4.9371,1976,1882,-350,44
4.9375,1976,1882,-350,44
4.9379,1976,1882,-350,44
4.9383,1976,1882,-350,44
4.9387,1976,1882,-350,44
4.9391,1976,1882,-350,44
4.9395,1976,1882,-350,44
4.9399,1976,1882,-350,44
4.9403,1986,1881,-350,36
4.9410,1986,1881,-350,36
4.9414,1986,1881,-350,36
4.9418,1986,1881,-350,36
4.9422,1986,1881,-350,36
4.9426,1986,1881,-350,36
4.9430,1986,1881,-350,36
4.9434,1986,1881,-350,36
4.9438,1986,1881,-350,36
4.9443,1986,1880,-350,28
4.9447,1986,1880,-350,28
4.9451,1986,1880,-350,24
4.9454,1986,1880,-350,24
4.9458,1986,1880,-350,24
4.9462,1986,1880,-350,24
4.9466,1986,1880,-350,24
4.9470,1986,1880,-250,24
4.9474,1986,1880,-250,24
4.9479,1986,1880,-250,24
4.9483,1986,1880,-250,24
4.9487,1986,1880,-250,24
4.9491,1986,1880,-250,24
4.9495,1986,1880,-250,24
4.9499,1986,1880,-250,24
4.9503,1997,1879,-250,0
4.9511,1997,1879,-250,-24
4.9515,1997,1879,-250,-24
4.9520,1997,1879,-250,-24
4.9523,1997,1879,-250,-24
4.9527,1997,1879,-250,-24
4.9531,1997,1879,-250,-24
4.9536,1997,1879,-250,-24
4.9540,1997,1879,-250,-24
4.9545,1997,1879,-250,-24
4.9549,1997,1879,-250,-24
4.9553,1997,1879,-250,-24
4.9557,1997,1879,-250,-24
4.9561,1997,1879,-250,-24
4.9564,1997,1879,-250,-24
4.9569,1997,1879,-250,-24
4.9573,1997,1879,-250,-24
4.9577,1997,1879,-250,-24
4.9581,1997,1878,-250,-32
4.9585,1997,1878,-250,-32
4.9589,1997,1878,-250,-32
4.9593,1997,1878,-250,-32
4.9597,1997,1878,-250,-32
4.9601,2007,1878,-250,-32
4.9609,2007,1878,-250,-32
4.9613,2007,1878,-250,-32
4.9617,2007,1878,-250,-32
4.9622,2007,1878,-250,-32
4.9626,2007,1878,-250,-32
4.9629,2007,1878,-250,-32
4.9633,2007,1878,-250,-32
4.9637,2007,1878,-250,-32
4.9641,2007,1878,-250,-32
4.9644,2007,1878,-250,-32
4.9648,2007,1878,-250,-32
4.9651,2007,1878,-250,-28
4.9655,2007,1878,-250,-28
4.9659,2007,1878,-250,-28
4.9663,2007,1878,-250,-28
4.9667,2007,1878,-250,-28
4.9671,2007,1878,-100,-28
4.9674,2007,1878,-100,-28
4.9678,2007,1878,-100,-28
4.9682,2007,1878,-100,-28
4.9686,2007,1878,-100,-28
4.9690,2007,1878,-100,-28
4.9694,2007,1878,-100,-28
4.9698,2007,1878,-100,-28
4.9702,2017,1878,-100,-28
4.9709,2017,1878,-100,-28
4.9713,2017,1878,-100,-28
4.9717,2017,1878,-100,-28
4.9721,2017,1878,-100,-36
4.9725,2017,1878,-100,-36
4.9729,2017,1878,-100,-36
4.9734,2017,1878,-100,-36
4.9738,2017,1878,-100,-36
4.9743,2017,1878,-100,-36
4.9747,2017,1878,-100,-36
4.9751,2017,1878,-100,-36
4.9756,2017,1878,-100,-36
4.9760,2017,1878,-100,-36
4.9763,2017,1878,-100,-36
4.9768,2017,1878,-100,-36
4.9772,2017,1878,-100,-44
4.9776,2017,1878,-100,-44
4.9780,2017,1878,-100,-44
4.9784,2017,1878,-100,-44
4.9788,2017,1878,-100,-44
4.9792,2017,1878,-100,-44
4.9796,2017,1878,-100,-44
4.9800,2028,1878,-100,-44
4.9809,2028,1878,-100,-52
4.9813,2028,1878,-100,-52
4.9817,2028,1878,-100,-52
4.9821,2028,1878,-100,-52
4.9826,2028,1878,-100,-52
4.9830,2028,1878,-100,-52
4.9834,2028,1878,-100,-52
4.9838,2028,1878,-100,-52
4.9842,2028,1878,-100,-52
4.9846,2028,1878,-100,-52
4.9850,2028,1878,-100,-64
4.9854,2028,1878,-100,-64
4.9858,2028,1878,-100,-64
4.9863,2028,1878,-100,-64
4.9867,2028,1878,-100,-64
4.9871,2028,1878,0,-64
4.9876,2028,1878,0,-64
4.9880,2028,1878,0,-64
4.9884,2028,1878,0,-64
4.9888,2028,1878,0,-72
4.9892,2028,1878,0,-72
4.9896,2028,1878,0,-72
4.9901,2038,1878,0,-72
4.9909,2038,1878,0,-72
4.9913,2038,1878,0,-72
4.9917,2038,1878,0,-72
4.9921,2038,1878,0,-80
4.9926,2038,1878,0,-80
4.9929,2038,1878,0,-80
4.9933,2038,1878,0,-80
4.9937,2038,1878,0,-80
4.9941,2038,1878,0,-80
4.9945,2038,1878,0,-80
4.9949,2038,1878,0,-80
4.9953,2038,1878,0,-80
4.9957,2038,1878,0,-80
4.9961,2038,1878,0,-88
4.9964,2038,1878,0,-88
4.9968,2038,1878,0,-88
4.9972,2038,1878,0,-88
4.9976,2038,1878,0,-88
4.9981,2038,1878,0,-88
4.9985,2038,1878,0,-88
4.9989,2038,1878,0,-96
4.9993,2038,1878,0,-96
4.9997,2038,1878,0,-96
5.0002,2049,1878,0,-96
5.0010,2049,1878,0,-96
5.0014,2049,1878,0,-96
5.0018,2049,1878,0,-104
5.0022,2049,1878,0,-104
5.0026,2049,1878,0,-104
5.0030,2049,1878,0,-104
5.0034,2049,1878,0,-104
5.0038,2049,1879,0,-104
5.0042,2049,1879,0,-104
5.0046,2049,1879,0,-104
5.0051,2049,1879,0,-108
5.0055,2049,1879,0,-108
5.0059,2049,1879,0,-108
5.0062,2049,1879,0,-108
5.0066,2049,1879,0,-108
5.0071,2049,1879,50,-116
5.0076,2049,1879,50,-116
5.0080,2049,1879,50,-116
5.0084,2049,1879,50,-116
5.0088,2049,1880,50,-108
5.0094,2049,1880,50,-108
5.0098,2049,1880,50,-116
5.0102,2060,1880,50,-116
5.0109,2060,1880,50,-116
5.0113,2060,1880,50,-116
5.0117,2060,1880,50,-124
5.0121,2060,1880,50,-124
5.0125,2060,1880,50,-124
5.0129,2060,1880,50,-124
5.0133,2060,1880,50,-124
5.0137,2060,1881,50,-116
5.0141,2060,1881,50,-116
5.0145,2060,1881,50,-116
5.0149,2060,1881,50,-124
5.0153,2060,1881,50,-124
5.0157,2060,1881,50,-124
5.0161,2060,1881,50,-124
5.0164,2060,1881,50,-124
5.0168,2060,1881,50,-132
5.0172,2060,1881,50,-132
5.0176,2060,1881,50,-132
5.0180,2060,1882,50,-124
5.0184,2060,1882,50,-124
5.0187,2060,1882,50,-124
5.0191,2060,1882,50,-124
5.0201,2071,1882,50,-132
5.0209,2071,1883,50,-124
5.0213,2071,1883,50,-124
5.0217,2071,1883,50,-132
5.0221,2071,1883,50,-132
5.0225,2071,1883,50,-132
5.0229,2071,1883,50,-132
5.0233,2071,1883,50,-132
5.0237,2071,1884,50,-132
5.0241,2071,1884,50,-132
5.0246,2071,1884,50,-132
5.0249,2071,1884,50,-124
5.0253,2071,1884,50,-124
5.0257,2071,1884,50,-132
5.0261,2071,1884,50,-132
5.0274,2071,1885,300,-124
5.0280,2071,1885,300,-132
5.0284,2071,1885,300,-132
5.0288,2071,1885,300,-132
5.0293,2071,1885,300,-132
5.0296,2071,1886,300,-124
5.0301,2081,1886,300,-124
5.0308,2081,1886,300,-132
5.0313,2081,1886,300,-132
5.0317,2081,1886,300,-132
5.0320,2081,1886,300,-132
5.0324,2081,1886,300,-132
5.0328,2081,1887,300,-132
5.0332,2081,1887,300,-132
5.0336,2081,1887,300,-132
5.0340,2081,1887,300,-132
5.0344,2081,1887,300,-132
5.0347,2081,1887,300,-140
5.0351,2081,1887,300,-140
5.0355,2081,1887,300,-140
5.0359,2081,1888,300,-140
5.0363,2081,1888,300,-140
5.0367,2081,1888,300,-140
5.0370,2081,1888,300,-140
5.0374,2081,1888,300,-140
5.0378,2081,1889,300,-140
5.0382,2081,1889,300,-140
5.0386,2081,1889,300,-140
5.0390,2081,1889,300,-140
5.0394,2081,1889,300,-140
5.0398,2081,1890,300,-140
5.0402,2092,1890,300,-140
5.0409,2092,1890,300,-140
5.0413,2092,1890,300,-140
5.0417,2092,1890,300,-148
5.0421,2092,1890,300,-148
5.0425,2092,1890,300,-148
5.0429,2092,1891,300,-140
5.0433,2092,1891,300,-140
5.0437,2092,1891,300,-148
5.0441,2092,1891,300,-148
5.0445,2092,1891,300,-148
5.0449,2092,1891,300,-148
5.0453,2092,1891,300,-148
5.0457,2092,1892,300,-148
5.0461,2092,1892,300,-148
5.0465,2092,1892,300,-148
5.0469,2092,1892,350,-156
5.0473,2092,1892,350,-156
5.0477,2092,1892,350,-156
5.0481,2092,1892,350,-156
5.0484,2092,1892,350,-156
5.0488,2092,1893,350,-156
5.0492,2092,1893,350,-156
5.0495,2092,1893,350,-156
5.0499,2092,1894,350,-148
5.0503,2102,1894,350,-156
5.0510,2102,1894,350,-156
5.0513,2102,1894,350,-156
5.0517,2102,1894,350,-156
5.0521,2102,1894,350,-156
5.0525,2102,1894,350,-156
5.0529,2102,1895,350,-156
5.0533,2102,1895,350,-156
5.0536,2102,1895,350,-164
5.0540,2102,1895,350,-164
5.0544,2102,1895,350,-164
5.0548,2102,1896,350,-156
5.0551,2102,1896,350,-156
5.0555,2102,1896,350,-156
5.0559,2102,1896,350,-164
5.0562,2102,1896,350,-164
5.0566,2102,1896,350,-164
5.0570,2102,1896,350,-164
5.0574,2102,1896,350,-164
5.0577,2102,1897,350,-164
5.0581,2102,1897,350,-164
5.0586,2102,1897,350,-172
5.0589,2102,1897,350,-172
5.0593,2102,1897,350,-172
5.0597,2102,1898,350,-164
5.0600,2112,1898,350,-164
5.0607,2112,1898,350,-172
5.0610,2112,1898,350,-172
5.0614,2112,1898,350,-172
5.0618,2112,1899,350,-172
5.0622,2112,1899,350,-172
5.0625,2112,1899,350,-172
5.0629,2112,1899,350,-172
5.0632,2112,1899,350,-172
5.0636,2112,1900,350,-172
5.0640,2112,1900,350,-172
5.0643,2112,1900,350,-172
5.0647,2112,1900,350,-184
5.0651,2112,1900,350,-184
5.0655,2112,1900,350,-184
5.0659,2112,1900,350,-184
5.0663,2112,1900,350,-184
5.0667,2112,1901,450,-184
5.0670,2112,1901,450,-184
5.0674,2112,1901,450,-184
5.0678,2112,1901,450,-192
5.0681,2112,1901,450,-192
5.0685,2112,1902,450,-184
5.0688,2112,1902,450,-184
5.0692,2112,1902,450,-184
5.0695,2112,1902,450,-192
5.0699,2112,1902,450,-192
5.0702,2122,1903,450,-192
5.0709,2122,1903,450,-192
5.0713,2122,1903,450,-192
5.0717,2122,1903,450,-192
5.0720,2122,1903,450,-192
5.0724,2122,1903,450,-192
5.0727,2122,1904,450,-192
5.0731,2122,1904,450,-192
5.0735,2122,1904,450,-200
5.0739,2122,1904,450,-200
5.0742,2122,1904,450,-200
5.0746,2122,1905,450,-192
5.0750,2122,1905,450,-192
5.0753,2122,1905,450,-192
5.0757,2122,1906,450,-192
5.0761,2122,1906,450,-192
5.0765,2122,1906,450,-200
5.0769,2122,1906,450,-200
5.0773,2122,1906,450,-200
5.0776,2122,1906,450,-208
5.0780,2122,1906,450,-208
5.0783,2122,1906,450,-208
5.0787,2122,1907,450,-200
5.0791,2122,1907,450,-200
5.0795,2122,1908,450,-200
5.0799,2122,1908,450,-200
5.0802,2131,1908,450,-208
5.0809,2131,1908,450,-208
5.0813,2131,1908,450,-208
5.0816,2131,1909,450,-208
5.0820,2131,1909,450,-208
5.0824,2131,1909,450,-208
5.0828,2131,1909,450,-208
5.0832,2131,1909,450,-208
5.0835,2131,1910,450,-208
5.0839,2131,1910,450,-208
5.0843,2131,1910,450,-208
5.0846,2131,1911,450,-204
5.0850,2131,1911,450,-204
5.0854,2131,1911,450,-204
5.0857,2131,1911,450,-212
5.0861,2131,1911,450,-212
5.0865,2131,1912,550,-204
5.0869,2131,1912,550,-204
5.0873,2131,1912,550,-204
5.0876,2131,1912,550,-212
5.0880,2131,1912,550,-212
5.0884,2131,1913,550,-212
5.0888,2131,1913,550,-212
5.0892,2131,1913,550,-212
5.0895,2131,1914,550,-212
5.0899,2131,1914,550,-212
5.0903,2141,1914,550,-220
5.0910,2141,1914,550,-220
5.0913,2141,1914,550,-220
5.0917,2141,1915,550,-212
5.0921,2141,1915,550,-212
5.0925,2141,1915,550,-220
5.0929,2141,1915,550,-220
5.0933,2141,1915,550,-220
5.0937,2141,1916,550,-220
5.0940,2141,1916,550,-220
5.0944,2141,1917,550,-220
5.0948,2141,1917,550,-220
5.0952,2141,1917,550,-220
5.0955,2141,1917,550,-228
5.0959,2141,1917,550,-228
5.0963,2141,1917,550,-228
5.0966,2141,1918,550,-220
5.0970,2141,1918,550,-220
5.0974,2141,1919,550,-220
5.0978,2141,1919,550,-220
5.0982,2141,1919,550,-220
5.0985,2141,1919,550,-228
5.0989,2141,1919,550,-228
5.0993,2141,1919,550,-228
5.0996,2141,1920,550,-228
5.1000,2149,1921,550,-228
5.1007,2149,1921,550,-228
5.1011,2149,1921,550,-228
5.1015,2149,1921,550,-236
5.1019,2149,1921,550,-236
5.1023,2149,1921,550,-236
5.1026,2149,1922,550,-228
5.1030,2149,1922,550,-228
5.1034,2149,1923,550,-228
5.1038,2149,1923,550,-228
5.1042,2149,1923,550,-228
5.1045,2149,1923,550,-240
5.1049,2149,1923,550,-240
5.1053,2149,1923,550,-240
5.1056,2149,1924,550,-240
5.1060,2149,1924,550,-240
5.1064,2149,1925,650,-240
5.1068,2149,1925,650,-240
5.1072,2149,1925,650,-240
5.1075,2149,1925,650,-248
5.1079,2149,1925,650,-248
5.1083,2149,1925,650,-248
5.1087,2149,1926,650,-248
5.1091,2149,1926,650,-248
5.1094,2149,1926,650,-248
5.1098,2149,1926,650,-248
5.1102,2158,1927,650,-248
5.1109,2158,1927,650,-248
5.1113,2158,1928,650,-248
5.1117,2158,1928,650,-248
5.1121,2158,1928,650,-248
5.1124,2158,1929,650,-248
5.1128,2158,1929,650,-248
5.1132,2158,1929,650,-248
5.1136,2158,1929,650,-256
5.1139,2158,1929,650,-256
5.1143,2158,1930,650,-256
5.1147,2158,1930,650,-256
5.1151,2158,1930,650,-256
5.1155,2158,1931,650,-256
5.1159,2158,1931,650,-256
5.1163,2158,1932,650,-256
5.1167,2158,1932,650,-256
5.1170,2158,1932,650,-256
5.1174,2158,1933,650,-256
5.1178,2158,1933,650,-256
5.1182,2158,1933,650,-256
5.1185,2158,1933,650,-264
5.1189,2158,1933,650,-264
5.1193,2158,1934,650,-264
5.1197,2158,1934,650,-264
5.1200,2166,1935,650,-264
5.1207,2166,1935,650,-264
5.1211,2166,1935,650,-264
5.1215,2166,1936,650,-264
5.1219,2166,1936,650,-264
5.1223,2166,1936,650,-264
5.1226,2166,1936,650,-264
5.1230,2166,1936,650,-264
5.1234,2166,1937,650,-264
5.1238,2166,1937,650,-264
5.1242,2166,1937,650,-264
5.1245,2166,1938,650,-260
5.1249,2166,1938,650,-260
5.1253,2166,1939,650,-260
5.1256,2166,1939,650,-260
5.1260,2166,1939,650,-260
5.1264,2166,1940,750,-260
5.1267,2166,1940,750,-260
5.1271,2166,1940,750,-260
5.1276,2166,1940,750,-268
5.1280,2166,1940,750,-268
5.1284,2166,1941,750,-268
5.1288,2166,1941,750,-268
5.1292,2166,1942,750,-268
5.1297,2166,1942,750,-268
5.1301,2173,1943,750,-268
5.1309,2173,1943,750,-268
5.1313,2173,1944,750,-268
5.1317,2173,1944,750,-268
5.1321,2173,1944,750,-268
5.1326,2173,1945,750,-268
5.1330,2173,1945,750,-268
5.1334,2173,1945,750,-276
5.1338,2173,1945,750,-276
5.1342,2173,1946,750,-276
5.1346,2173,1946,750,-276
5.1350,2173,1946,750,-276
5.1354,2173,1947,750,-276
5.1358,2173,1947,750,-276
5.1362,2173,1948,750,-276
5.1367,2173,1948,750,-276
5.1371,2173,1948,750,-276
5.1376,2173,1948,750,-284
5.1380,2173,1948,750,-284
5.1384,2173,1949,750,-284
5.1388,2173,1949,750,-284
5.1392,2173,1950,750,-284
5.1397,2173,1950,750,-284
5.1401,2181,1951,750,-284
5.1409,2181,1951,750,-284
5.1413,2181,1952,750,-284
5.1417,2181,1952,750,-284
5.1421,2181,1952,750,-284
5.1426,2181,1953,750,-292
5.1430,2181,1953,750,-292
5.1434,2181,1954,750,-292
5.1438,2181,1954,750,-292
5.1443,2181,1955,750,-296
5.1447,2181,1955,750,-296
5.1451,2181,1955,750,-296
5.1456,2181,1956,750,-296
5.1460,2181,1956,750,-296
5.1464,2181,1957,850,-296
5.1468,2181,1957,850,-296
5.1472,2181,1958,850,-296
5.1476,2181,1958,850,-296
5.1481,2181,1958,850,-296
5.1485,2181,1959,850,-296
5.1489,2181,1959,850,-296
5.1493,2181,1959,850,-304
5.1497,2181,1959,850,-304
5.1502,2187,1960,850,-304
5.1510,2187,1960,850,-304
5.1514,2187,1961,850,-304
5.1518,2187,1961,850,-304
5.1522,2187,1962,850,-304
5.1526,2187,1962,850,-304
5.1531,2187,1962,850,-304
5.1535,2187,1963,850,-304
5.1539,2187,1963,850,-304
5.1543,2187,1964,850,-304
5.1547,2187,1964,850,-304
5.1551,2187,1965,850,-312
5.1556,2187,1965,850,-312
5.1560,2187,1965,850,-312
5.1564,2187,1966,850,-312
5.1568,2187,1966,850,-312
5.1572,2187,1967,850,-312
5.1576,2187,1967,850,-312
5.1580,2187,1967,850,-312
5.1584,2187,1968,850,-312
5.1588,2187,1968,850,-312
5.1592,2187,1969,850,-312
5.1596,2187,1969,850,-312
5.1600,2193,1970,850,-312
5.1608,2193,1970,850,-312
5.1612,2193,1971,850,-312
5.1616,2193,1971,850,-312
5.1620,2193,1971,850,-312
5.1624,2193,1971,850,-328
5.1628,2193,1971,850,-328
5.1632,2193,1972,850,-328
5.1636,2193,1972,850,-328
5.1640,2193,1972,850,-328
5.1644,2193,1973,850,-328
5.1649,2193,1973,850,-328
5.1653,2193,1974,850,-328
5.1657,2193,1974,850,-328
5.1661,2193,1975,900,-328
5.1666,2193,1975,900,-328
5.1670,2193,1975,900,-328
5.1674,2193,1976,900,-328
5.1678,2193,1976,900,-328
5.1682,2193,1977,900,-336
5.1685,2193,1977,900,-336
5.1689,2193,1977,900,-336
5.1693,2193,1978,900,-336
5.1696,2193,1978,900,-336
5.1700,2199,1979,900,-336
5.1707,2199,1979,900,-336
5.1710,2199,1979,900,-336
5.1714,2199,1980,900,-336
5.1718,2199,1980,900,-336
5.1721,2199,1981,900,-336
5.1725,2199,1981,900,-336
5.1729,2199,1981,900,-336
5.1732,2199,1982,900,-344
5.1736,2199,1982,900,-344
5.1740,2199,1982,900,-344
5.1743,2199,1983,900,-344
5.1747,2199,1983,900,-344
5.1751,2199,1984,900,-344
5.1755,2199,1984,900,-344
5.1759,2199,1984,900,-344
5.1763,2199,1985,900,-344
5.1767,2199,1985,900,-344
5.1771,2199,1987,900,-336
5.1775,2199,1987,900,-336
5.1779,2199,1987,900,-336
5.1783,2199,1988,900,-344
5.1787,2199,1988,900,-344
5.1791,2199,1989,900,-344
5.1795,2199,1989,900,-344
5.1799,2199,1989,900,-344
5.1803,2204,1990,900,-344
5.1811,2204,1991,900,-344
5.1815,2204,1991,900,-344
5.1819,2204,1991,900,-344
5.1823,2204,1992,900,-352
5.1827,2204,1992,900,-352
5.1830,2204,1993,900,-352
5.1834,2204,1993,900,-352
5.1838,2204,1993,900,-352
5.1842,2204,1994,900,-348
5.1846,2204,1994,900,-348
5.1850,2204,1994,900,-348
5.1854,2204,1995,900,-348
5.1858,2204,1995,900,-348
5.1862,2204,1996,1050,-356
5.1866,2204,1996,1050,-356
5.1870,2204,1996,1050,-356
5.1873,2204,1997,1050,-356
5.1877,2204,1997,1050,-356
5.1881,2204,1998,1050,-356
5.1885,2204,1998,1050,-356
5.1889,2204,1998,1050,-356
5.1893,2204,1999,1050,-356
5.1896,2204,1999,1050,-356
5.1900,2208,2000,1050,-364
5.1908,2208,2000,1050,-364
5.1912,2208,2001,1050,-364
5.1916,2208,2001,1050,-364
5.1920,2208,2003,1050,-356
5.1923,2208,2003,1050,-356
5.1927,2208,2003,1050,-356
5.1931,2208,2004,1050,-364
5.1935,2208,2004,1050,-364
5.1939,2208,2004,1050,-364
5.1944,2208,2005,1050,-364
5.1948,2208,2005,1050,-364
5.1952,2208,2006,1050,-364
5.1956,2208,2006,1050,-364
5.1960,2208,2007,1050,-364
5.1964,2208,2007,1050,-364
5.1968,2208,2007,1050,-364
5.1973,2208,2009,1050,-364
5.1977,2208,2009,1050,-364
5.1981,2208,2010,1050,-364
5.1986,2208,2010,1050,-364
5.1990,2208,2011,1050,-364
5.1994,2208,2011,1050,-364
5.1998,2208,2011,1050,-364
5.2002,2211,2012,1050,-364
5.2010,2211,2013,1050,-372
5.2014,2211,2013,1050,-372
5.2019,2211,2013,1050,-372
5.2023,2211,2014,1050,-372
5.2027,2211,2014,1050,-372
5.2031,2211,2015,1050,-372
5.2036,2211,2015,1050,-372
5.2040,2211,2017,1050,-360
5.2044,2211,2017,1050,-360
5.2048,2211,2017,1050,-360
5.2052,2211,2018,1050,-368
5.2057,2211,2018,1050,-368
5.2061,2211,2019,1150,-368
5.2065,2211,2019,1150,-368
5.2070,2211,2020,1150,-368
5.2074,2211,2020,1150,-368
5.2078,2211,2020,1150,-368
5.2082,2211,2021,1150,-368
5.2086,2211,2021,1150,-368
5.2091,2211,2022,1150,-368
5.2096,2211,2022,1150,-368
5.2100,2211,2023,1150,-376
5.2104,2214,2023,1150,-376
5.2112,2214,2025,1150,-368
5.2116,2214,2025,1150,-368
5.2120,2214,2026,1150,-368
5.2124,2214,2026,1150,-368
5.2129,2214,2026,1150,-368
5.2133,2214,2027,1150,-368
5.2137,2214,2027,1150,-368
5.2141,2214,2028,1150,-368
5.2146,2214,2028,1150,-368
5.2150,2214,2030,1150,-368
5.2154,2214,2030,1150,-368
5.2158,2214,2030,1150,-368
5.2163,2214,2031,1150,-368
5.2167,2214,2031,1150,-368
5.2171,2214,2032,1150,-368
5.2176,2214,2032,1150,-368
5.2180,2214,2033,1150,-368
5.2184,2214,2033,1150,-368
5.2189,2214,2035,1150,-360
5.2193,2214,2035,1150,-360
5.2197,2214,2035,1150,-360
5.2201,2217,2036,1150,-368
5.2210,2217,2037,1150,-368
5.2214,2217,2037,1150,-368
5.2218,2217,2038,1150,-368
5.2223,2217,2038,1150,-368
5.2227,2217,2038,1150,-368
5.2231,2217,2040,1150,-360
5.2236,2217,2040,1150,-360
5.2240,2217,2041,1150,-352
5.2245,2217,2041,1150,-352
5.2249,2217,2042,1150,-352
5.2253,2217,2042,1150,-352
5.2257,2217,2042,1150,-352
5.2261,2217,2043,1200,-352
5.2265,2217,2043,1200,-352
5.2269,2217,2044,1200,-360
5.2273,2217,2044,1200,-360
5.2277,2217,2044,1200,-360
5.2281,2217,2046,1200,-352
5.2285,2217,2046,1200,-352
5.2289,2217,2047,1200,-352
5.2293,2217,2047,1200,-352
5.2297,2217,2047,1200,-352
5.2301,2218,2048,1200,-352
5.2308,2218,2048,1200,-352
5.2311,2218,2049,1200,-352
5.2315,2218,2049,1200,-352
5.2319,2218,2051,1200,-344
5.2323,2218,2051,1200,-344
5.2326,2218,2051,1200,-344
5.2330,2218,2052,1200,-344
5.2334,2218,2052,1200,-344
5.2338,2218,2052,1200,-344
5.2341,2218,2053,1200,-352
5.2345,2218,2053,1200,-352
5.2350,2218,2054,1200,-352
5.2354,2218,2054,1200,-352
5.2358,2218,2056,1200,-344
5.2362,2218,2056,1200,-344
5.2366,2218,2056,1200,-344
5.2370,2218,2057,1200,-344
5.2374,2218,2057,1200,-344
5.2378,2218,2058,1200,-344
5.2382,2218,2058,1200,-344
5.2386,2218,2058,1200,-344
5.2390,2218,2060,1200,-336
5.2393,2218,2060,1200,-336
5.2397,2218,2060,1200,-336
5.2401,2219,2061,1200,-336
5.2408,2219,2062,1200,-336
5.2412,2219,2062,1200,-336
5.2416,2219,2062,1200,-336
5.2420,2219,2063,1200,-336
5.2424,2219,2063,1200,-336
5.2428,2219,2065,1200,-328
5.2432,2219,2065,1200,-328
5.2436,2219,2065,1200,-328
5.2440,2219,2066,1200,-316
5.2444,2219,2066,1200,-316
5.2448,2219,2067,1200,-316
5.2452,2219,2067,1200,-316
5.2456,2219,2067,1200,-316
5.2460,2219,2068,1250,-324
5.2464,2219,2068,1250,-324
5.2468,2219,2069,1250,-324
5.2472,2219,2069,1250,-324
5.2476,2219,2069,1250,-324
5.2480,2219,2070,1250,-324
5.2484,2219,2070,1250,-324
5.2488,2219,2071,1250,-324
5.2492,2219,2071,1250,-324
5.2495,2219,2071,1250,-324
5.2499,2219,2073,1250,-316
5.2503,2220,2073,1250,-316
5.2510,2220,2074,1250,-316
5.2513,2220,2074,1250,-316
5.2517,2220,2074,1250,-316
5.2521,2220,2075,1250,-316
5.2524,2220,2075,1250,-316
5.2528,2220,2077,1250,-308
5.2531,2220,2077,1250,-308
5.2535,2220,2077,1250,-308
5.2539,2220,2078,1250,-308
5.2543,2220,2078,1250,-308
5.2547,2220,2078,1250,-308
5.2551,2220,2079,1250,-308
5.2555,2220,2079,1250,-308
5.2559,2220,2080,1250,-308
5.2563,2220,2080,1250,-308
5.2567,2220,2081,1250,-308
5.2571,2220,2081,1250,-308
5.2575,2220,2081,1250,-308
5.2579,2220,2083,1250,-300
5.2583,2220,2083,1250,-300
5.2587,2220,2083,1250,-300
5.2590,2220,2084,1250,-300
5.2594,2220,2084,1250,-300
5.2598,2220,2085,1250,-300
5.2602,2219,2085,1250,-300
5.2610,2219,2086,1250,-300
5.2613,2219,2086,1250,-300
5.2617,2219,2087,1250,-300
5.2621,2219,2087,1250,-300
5.2625,2219,2087,1250,-300
5.2629,2219,2088,1250,-300
5.2633,2219,2088,1250,-300
5.2637,2219,2089,1250,-304
5.2641,2219,2089,1250,-304
5.2645,2219,2089,1250,-304
5.2649,2219,2090,1250,-304
5.2653,2219,2090,1250,-304
5.2657,2219,2091,1150,-304
5.2661,2219,2091,1150,-304
5.2665,2219,2091,1150,-304
5.2669,2219,2092,1150,-304
5.2673,2219,2092,1150,-304
5.2677,2219,2094,1150,-296
5.2681,2219,2094,1150,-296
5.2685,2219,2094,1150,-296
5.2689,2219,2095,1150,-296
5.2693,2219,2095,1150,-296
5.2697,2219,2096,1150,-288
5.2701,2218,2096,1150,-288
5.2708,2218,2097,1150,-288
5.2712,2218,2097,1150,-288
5.2716,2218,2097,1150,-288
5.2720,2218,2098,1150,-288
5.2724,2218,2098,1150,-288
5.2727,2218,2099,1150,-288
5.2731,2218,2099,1150,-288
5.2735,2218,2099,1150,-288
5.2739,2218,2100,1150,-288
5.2743,2218,2100,1150,-288
5.2747,2218,2102,1150,-280
5.2751,2218,2102,1150,-280
5.2755,2218,2102,1150,-280
5.2759,2218,2103,1150,-280
5.2763,2218,2103,1150,-280
5.2767,2218,2104,1150,-280
5.2771,2218,2104,1150,-280
5.2774,2218,2104,1150,-280
5.2778,2218,2105,1150,-280
5.2782,2218,2105,1150,-280
5.2785,2218,2105,1150,-280
5.2789,2218,2106,1150,-280
5.2793,2218,2106,1150,-280
5.2796,2218,2107,1150,-280
5.2800,2217,2107,1150,-280
5.2807,2217,2108,1150,-272
5.2811,2217,2108,1150,-272
5.2815,2217,2108,1150,-272
5.2819,2217,2109,1150,-272
5.2823,2217,2109,1150,-272
5.2827,2217,2110,1150,-272
5.2830,2217,2110,1150,-272
5.2834,2217,2110,1150,-272
5.2838,2217,2111,1150,-264
5.2842,2217,2111,1150,-264
5.2845,2217,2111,1150,-264
5.2849,2217,2112,1150,-264
5.2853,2217,2112,1150,-264
5.2856,2217,2113,1100,-264
5.2860,2217,2113,1100,-264
5.2864,2217,2113,1100,-264
5.2867,2217,2114,1100,-264
5.2871,2217,2114,1100,-264
5.2875,2217,2114,1100,-264
5.2879,2217,2115,1100,-264
5.2882,2217,2115,1100,-264
5.2886,2217,2116,1100,-256
5.2890,2217,2116,1100,-256
5.2893,2217,2116,1100,-256
5.2897,2217,2117,1100,-256
5.2901,2214,2117,1100,-256
5.2907,2214,2118,1100,-256
5.2911,2214,2118,1100,-256
5.2915,2214,2118,1100,-256
5.2919,2214,2119,1100,-256
5.2922,2214,2119,1100,-256
5.2926,2214,2120,1100,-256
5.2930,2214,2120,1100,-256
5.2933,2214,2120,1100,-256
5.2937,2214,2121,1100,-256
5.2940,2214,2121,1100,-256
5.2944,2214,2121,1100,-256
5.2948,2214,2123,1100,-240
5.2951,2214,2123,1100,-240
5.2955,2214,2123,1100,-240
5.2959,2214,2124,1100,-240
5.2962,2214,2124,1100,-240
5.2966,2214,2125,1100,-240
5.2970,2214,2125,1100,-240
5.2973,2214,2125,1100,-240
5.2977,2214,2125,1100,-248
5.2981,2214,2125,1100,-248
5.2984,2214,2125,1100,-248
5.2988,2214,2127,1100,-240
5.2991,2214,2127,1100,-240
5.2995,2214,2128,1100,-232
5.2999,2214,2128,1100,-232
5.3003,2211,2129,1100,-232
5.3010,2211,2129,1100,-232
5.3014,2211,2129,1100,-232
5.3018,2211,2129,1100,-240
5.3022,2211,2129,1100,-240
5.3026,2211,2130,1100,-240
5.3030,2211,2130,1100,-240
5.3034,2211,2130,1100,-240
5.3038,2211,2131,1100,-232
5.3042,2211,2131,1100,-232
5.3045,2211,2132,1100,-232
5.3049,2211,2132,1100,-232
5.3053,2211,2132,1100,-232
5.3057,2211,2133,1000,-232
5.3061,2211,2133,1000,-232
5.3064,2211,2133,1000,-232
5.3068,2211,2134,1000,-232
5.3072,2211,2134,1000,-232
5.3076,2211,2135,1000,-224
5.3080,2211,2135,1000,-224
5.3084,2211,2135,1000,-224
5.3088,2211,2136,1000,-224
5.3092,2211,2136,1000,-224
5.3096,2211,2137,1000,-224
5.3100,2211,2137,1000,-224
5.3104,2208,2138,1000,-224
5.3111,2208,2138,1000,-224
5.3115,2208,2139,1000,-216
5.3119,2208,2139,1000,-216
5.3123,2208,2139,1000,-216
5.3127,2208,2140,1000,-216
5.3131,2208,2140,1000,-216
5.3135,2208,2141,1000,-216
5.3139,2208,2141,1000,-216
5.3143,2208,2141,1000,-216
5.3147,2208,2142,1000,-216
5.3151,2208,2142,1000,-216
5.3156,2208,2142,1000,-216
5.3160,2208,2142,1000,-216
5.3164,2208,2142,1000,-216
5.3168,2208,2143,1000,-216
5.3172,2208,2143,1000,-216
5.3176,2208,2144,1000,-216
5.3180,2208,2144,1000,-216
5.3184,2208,2144,1000,-216
5.3188,2208,2146,1000,-200
5.3192,2208,2146,1000,-200
5.3196,2208,2146,1000,-208
5.3201,2203,2147,1000,-208
5.3208,2203,2147,1000,-208
5.3213,2203,2147,1000,-208
5.3217,2203,2148,1000,-200
5.3221,2203,2148,1000,-200
5.3226,2203,2149,1000,-200
5.3230,2203,2149,1000,-200
5.3234,2203,2149,1000,-200
5.3238,2203,2150,1000,-200
5.3242,2203,2150,1000,-200
5.3246,2203,2151,1000,-192
5.3251,2203,2151,1000,-192
5.3255,2203,2152,950,-192
5.3259,2203,2152,950,-192
5.3263,2203,2152,950,-192
5.3267,2203,2153,950,-192
5.3271,2203,2153,950,-192
5.3275,2203,2153,950,-192
5.3280,2203,2153,950,-192
5.3284,2203,2154,950,-192
5.3288,2203,2154,950,-192
5.3292,2203,2154,950,-192
5.3296,2203,2155,950,-192
5.3301,2199,2156,950,-184
5.3308,2199,2156,950,-184
5.3312,2199,2156,950,-184
5.3316,2199,2156,950,-192
5.3321,2199,2156,950,-192
5.3325,2199,2157,950,-192
5.3330,2199,2157,950,-192
5.3334,2199,2158,950,-184
5.3338,2199,2158,950,-184
5.3342,2199,2158,950,-184
5.3346,2199,2159,950,-184
5.3350,2199,2159,950,-184
5.3354,2199,2160,950,-176
5.3358,2199,2160,950,-176
5.3362,2199,2160,950,-176
5.3366,2199,2161,950,-176
5.3370,2199,2161,950,-176
5.3374,2199,2161,950,-184
5.3379,2199,2161,950,-184
5.3383,2199,2161,950,-184
5.3387,2199,2162,950,-176
5.3391,2199,2162,950,-176
5.3395,2199,2163,950,-176
5.3399,2199,2163,950,-176
5.3403,2193,2163,950,-176
5.3410,2193,2163,950,-176
5.3415,2193,2164,950,-176
5.3419,2193,2164,950,-176
5.3423,2193,2164,950,-176
5.3427,2193,2165,950,-176
5.3431,2193,2165,950,-176
5.3435,2193,2165,950,-180
5.3439,2193,2165,950,-180
5.3444,2193,2166,950,-180
5.3448,2193,2166,950,-180
5.3452,2193,2166,950,-180
5.3456,2193,2167,750,-172
5.3460,2193,2167,750,-172
5.3464,2193,2168,750,-172
5.3468,2193,2168,750,-172
5.3473,2193,2168,750,-172
5.3477,2193,2168,750,-172
5.3481,2193,2168,750,-172
5.3485,2193,2169,750,-172
5.3490,2193,2169,750,-172
5.3494,2193,2170,750,-164
5.3498,2193,2170,750,-164
5.3502,2187,2170,750,-172
5.3510,2187,2170,750,-172
5.3514,2187,2171,750,-172
5.3518,2187,2171,750,-172
5.3522,2187,2171,750,-172
5.3526,2187,2172,750,-164
5.3530,2187,2172,750,-164
5.3534,2187,2173,750,-164
5.3538,2187,2173,750,-164
5.3542,2187,2173,750,-164
5.3546,2187,2173,750,-164
5.3550,2187,2173,750,-164
5.3554,2187,2174,750,-164
5.3558,2187,2174,750,-164
5.3562,2187,2174,750,-164
5.3566,2187,2175,750,-156
5.3570,2187,2175,750,-156
5.3574,2187,2175,750,-164
5.3578,2187,2175,750,-164
5.3582,2187,2175,750,-164
5.3587,2187,2176,750,-156
5.3591,2187,2176,750,-156
5.3595,2187,2177,750,-156
5.3598,2187,2177,750,-156
5.3602,2180,2177,750,-156
5.3610,2180,2177,750,-156
5.3614,2180,2178,750,-156
5.3619,2180,2178,750,-156
5.3623,2180,2179,750,-148
5.3627,2180,2179,750,-148
5.3631,2180,2179,750,-148
5.3636,2180,2179,750,-144
5.3639,2180,2179,750,-144
5.3643,2180,2180,750,-144
5.3648,2180,2180,750,-144
5.3652,2180,2180,750,-144
5.3656,2180,2181,700,-136
5.3660,2180,2181,700,-136
5.3664,2180,2181,700,-144
5.3668,2180,2181,700,-144
5.3672,2180,2182,700,-136
5.3677,2180,2182,700,-136
5.3681,2180,2182,700,-136
5.3685,2180,2183,700,-136
5.3689,2180,2183,700,-136
5.3693,2180,2183,700,-136
5.3697,2180,2183,700,-136
5.3701,2173,2184,700,-136
5.3709,2173,2184,700,-136
5.3713,2173,2184,700,-136
5.3717,2173,2184,700,-136
5.3721,2173,2184,700,-136
5.3726,2173,2185,700,-128
5.3730,2173,2185,700,-128
5.3734,2173,2185,700,-136
5.3738,2173,2185,700,-136
5.3742,2173,2186,700,-128
5.3747,2173,2186,700,-128
5.3751,2173,2186,700,-128
5.3756,2173,2187,700,-128
5.3760,2173,2187,700,-128
5.3764,2173,2187,700,-128
5.3768,2173,2187,700,-128
5.3772,2173,2188,700,-128
5.3776,2173,2188,700,-128
5.3781,2173,2188,700,-128
5.3786,2173,2188,700,-128
5.3790,2173,2188,700,-128
5.3794,2173,2189,700,-120
5.3798,2173,2189,700,-120
5.3802,2166,2189,700,-128
5.3810,2166,2189,700,-128
5.3814,2166,2189,700,-128
5.3818,2166,2189,700,-128
5.3822,2166,2190,700,-120
5.3826,2166,2190,700,-120
5.3830,2166,2190,700,-120
5.3835,2166,2191,700,-124
5.3839,2166,2191,700,-124
5.3843,2166,2191,700,-124
5.3847,2166,2191,700,-124
5.3851,2166,2191,700,-124
5.3856,2166,2192,550,-124
5.3860,2166,2192,550,-124
5.3864,2166,2192,550,-124
5.3868,2166,2192,550,-124
5.3872,2166,2193,550,-116
5.3877,2166,2193,550,-116
5.3881,2166,2193,550,-116
5.3886,2166,2193,550,-124
5.3890,2166,2193,550,-124
5.3894,2166,2194,550,-116
5.3899,2166,2194,550,-116
5.3903,2158,2195,550,-108
5.3911,2158,2195,550,-108
5.3916,2158,2195,550,-116
5.3920,2158,2195,550,-116
5.3924,2158,2196,550,-108
5.3928,2158,2196,550,-108
5.3932,2158,2196,550,-108
5.3936,2158,2196,550,-108
5.3940,2158,2196,550,-108
5.3945,2158,2197,550,-108
5.3949,2158,2197,550,-108
5.3953,2158,2197,550,-108
5.3957,2158,2197,550,-108
5.3961,2158,2197,550,-108
5.3966,2158,2197,550,-108
5.3970,2158,2197,550,-108
5.3974,2158,2198,550,-100
5.3978,2158,2198,550,-100
5.3983,2158,2198,550,-108
5.3987,2158,2198,550,-108
5.3991,2158,2199,550,-100
5.3996,2158,2199,550,-100
5.4000,2158,2199,550,-100
5.4004,2149,2199,550,-100
5.4012,2149,2200,550,-100
5.4016,2149,2200,550,-100
5.4020,2149,2200,550,-100
5.4025,2149,2200,550,-100
5.4029,2149,2200,550,-100
5.4033,2149,2201,550,-88
5.4037,2149,2201,550,-88
5.4041,2149,2201,550,-88
5.4046,2149,2201,550,-88
5.4050,2149,2201,550,-88
5.4054,2149,2202,500,-88
5.4058,2149,2202,500,-88
5.4063,2149,2202,500,-88
5.4067,2149,2202,500,-88
5.4071,2149,2203,500,-80
5.4076,2149,2203,500,-80
5.4080,2149,2203,500,-80
5.4084,2149,2203,500,-80
5.4089,2149,2203,500,-80
5.4093,2149,2204,500,-80
5.4097,2149,2204,500,-80
5.4101,2140,2204,500,-80
5.4110,2140,2204,500,-80
5.4114,2140,2204,500,-80
5.4118,2140,2204,500,-80
5.4122,2140,2205,500,-72
5.4127,2140,2205,500,-72
5.4131,2140,2205,500,-80
5.4136,2140,2205,500,-80
5.4140,2140,2205,500,-80
5.4144,2140,2205,500,-80
5.4148,2140,2205,500,-80
5.4152,2140,2206,500,-72
5.4157,2140,2206,500,-72
5.4161,2140,2206,500,-72
5.4166,2140,2206,500,-72
5.4170,2140,2206,500,-72
5.4174,2140,2207,500,-64
5.4178,2140,2207,500,-64
5.4182,2140,2207,500,-72
5.4187,2140,2207,500,-72
5.4191,2140,2207,500,-72
5.4196,2140,2207,500,-72
5.4200,2140,2207,500,-72
5.4204,2131,2208,500,-64
5.4212,2131,2208,500,-64
5.4217,2131,2208,500,-64
5.4221,2131,2208,500,-64
5.4226,2131,2208,500,-64
5.4230,2131,2208,500,-64
5.4234,2131,2209,500,-68
5.4238,2131,2209,500,-68
5.4243,2131,2209,500,-68
5.4247,2131,2209,500,-68
5.4251,2131,2209,350,-68
5.4256,2131,2209,350,-68
5.4260,2131,2209,350,-68
5.4264,2131,2209,350,-68
5.4268,2131,2209,350,-68
5.4273,2131,2210,350,-60
5.4277,2131,2210,350,-60
5.4281,2131,2210,350,-60
5.4286,2131,2210,350,-60
5.4290,2131,2211,350,-52
5.4294,2131,2211,350,-52
5.4299,2131,2211,350,-52
5.4303,2121,2211,350,-60
5.4311,2121,2211,350,-60
5.4316,2121,2211,350,-60
5.4320,2121,2211,350,-60
5.4324,2121,2211,350,-60
5.4328,2121,2211,350,-60
5.4333,2121,2211,350,-60
5.4337,2121,2211,350,-60
5.4341,2121,2212,350,-52
5.4345,2121,2212,350,-52
5.4350,2121,2212,350,-52
5.4354,2121,2212,350,-52
5.4358,2121,2212,350,-52
5.4362,2121,2212,350,-52
5.4367,2121,2212,350,-52
5.4371,2121,2212,350,-52
5.4376,2121,2212,350,-52
5.4380,2121,2213,350,-44
5.4384,2121,2213,350,-44
5.4388,2121,2213,350,-44
5.4393,2121,2213,350,-52
5.4397,2121,2213,350,-52
5.4401,2112,2213,350,-52
5.4410,2112,2214,350,-44
5.4414,2112,2214,350,-44
5.4419,2112,2214,350,-44
5.4423,2112,2214,350,-44
5.4427,2112,2214,350,-44
5.4431,2112,2214,350,-44
5.4436,2112,2214,350,-44
5.4440,2112,2214,350,-44
5.4444,2112,2214,350,-44
5.4449,2112,2214,350,-44
5.4453,2112,2214,250,-44
5.4457,2112,2214,250,-44
5.4461,2112,2215,250,-36
5.4466,2112,2215,250,-36
5.4470,2112,2215,250,-36
5.4474,2112,2215,250,-36
5.4478,2112,2215,250,-36
5.4483,2112,2215,250,-36
5.4487,2112,2215,250,-36
5.4491,2112,2215,250,-36
5.4496,2112,2215,250,-36
5.4500,2112,2216,250,-28
5.4504,2101,2216,250,-28
5.4512,2101,2216,250,-28
5.4516,2101,2216,250,-28
5.4520,2101,2216,250,-28
5.4525,2101,2216,250,-28
5.4529,2101,2216,250,-28
5.4533,2101,2216,250,-28
5.4537,2101,2216,250,-28
5.4541,2101,2216,250,-28
5.4546,2101,2216,250,-28
5.4550,2101,2217,250,-20
5.4554,2101,2217,250,-20
5.4558,2101,2217,250,-20
5.4563,2101,2217,250,20
5.4568,2101,2217,250,20
5.4572,2101,2217,250,20
5.4576,2101,2217,250,20
5.4580,2101,2217,250,20
5.4585,2101,2217,250,20
5.4589,2101,2217,250,20
5.4593,2101,2217,250,20
5.4597,2101,2217,250,20
5.4601,2091,2217,250,20
5.4610,2091,2217,250,20
5.4614,2091,2217,250,20
5.4618,2091,2217,250,20
5.4622,2091,2217,250,20
5.4626,2091,2217,250,20
5.4630,2091,2218,250,36
5.4635,2091,2218,250,36
5.4639,2091,2218,250,36
5.4643,2091,2218,250,36
5.4647,2091,2218,250,36
5.4652,2091,2218,200,36
5.4656,2091,2218,200,36
5.4660,2091,2218,200,36
5.4664,2091,2218,200,36
5.4668,2091,2218,200,36
5.4673,2091,2218,200,36
5.4677,2091,2218,200,36
5.4681,2091,2218,200,36
5.4686,2091,2218,200,36
5.4690,2091,2218,200,36
5.4694,2091,2218,200,36
5.4698,2091,2218,200,36
5.4702,2081,2218,200,36
5.4710,2081,2218,200,36
5.4715,2081,2218,200,36
5.4719,2081,2218,200,36
5.4723,2081,2218,200,36
5.4727,2081,2218,200,36
5.4731,2081,2218,200,36
5.4736,2081,2218,200,36
5.4740,2081,2218,200,36
5.4744,2081,2218,200,36
5.4748,2081,2218,200,36
5.4752,2081,2218,200,36
5.4757,2081,2218,200,36
5.4761,2081,2218,200,36
5.4766,2081,2218,200,36
5.4770,2081,2218,200,44
5.4774,2081,2218,200,44
5.4778,2081,2218,200,44
5.4782,2081,2218,200,44
5.4787,2081,2218,200,44
5.4791,2081,2218,200,44
5.4795,2081,2218,200,44
5.4800,2081,2218,200,44
5.4804,2070,2218,200,44
5.4812,2070,2218,200,44
5.4816,2070,2218,200,44
5.4820,2070,2218,200,52
5.4825,2070,2218,200,52
5.4829,2070,2218,200,40
5.4833,2070,2218,200,40
5.4837,2070,2218,200,40
5.4841,2070,2218,200,40
5.4845,2070,2218,200,40
5.4850,2070,2218,0,40
5.4854,2070,2218,0,40
5.4858,2070,2218,0,48
5.4862,2070,2218,0,48
5.4867,2070,2218,0,48
5.4871,2070,2218,0,48
5.4876,2070,2218,0,48
5.4880,2070,2218,0,48
5.4884,2070,2218,0,48
5.4888,2070,2218,0,48
5.4892,2070,2218,0,48
5.4896,2070,2218,0,48
5.4901,2060,2218,0,56
5.4909,2060,2218,0,56
5.4913,2060,2218,0,56
5.4917,2060,2218,0,56
5.4921,2060,2218,0,56
5.4925,2060,2218,0,56
5.4930,2060,2218,0,56
5.4934,2060,2218,0,56
5.4938,2060,2218,0,64
5.4942,2060,2218,0,64
5.4946,2060,2218,0,64
5.4950,2060,2218,0,64
5.4955,2060,2218,0,64
5.4959,2060,2218,0,64
5.4963,2060,2218,0,64
5.4967,2060,2218,0,72
5.4971,2060,2218,0,72
5.4976,2060,2218,0,72
5.4980,2060,2218,0,72
5.4986,2060,2218,0,72
5.4990,2060,2218,0,72
5.4994,2060,2218,0,72
5.4998,2060,2218,0,72
5.5002,2049,2218,0,72
5.5010,2049,2218,0,80
5.5014,2049,2218,0,80
5.5019,2049,2218,0,80
5.5023,2049,2218,0,80
5.5027,2049,2218,0,92
5.5031,2049,2218,0,92
5.5036,2049,2218,0,92
5.5040,2049,2218,0,100
5.5044,2049,2218,0,100
5.5048,2049,2218,0,100
5.5052,2049,2218,0,100
5.5057,2049,2218,0,100
5.5061,2049,2218,0,100
5.5065,2049,2218,0,100
5.5069,2049,2218,0,108
5.5074,2049,2218,0,108
5.5078,2049,2218,0,108
5.5082,2049,2218,0,108
5.5087,2049,2218,0,108
5.5091,2049,2218,0,108
5.5096,2049,2218,0,108
5.5100,2038,2218,0,116
5.5108,2038,2217,0,108
5.5112,2038,2217,0,108
5.5117,2038,2217,0,116
5.5121,2038,2217,0,116
5.5126,2038,2217,0,116
5.5130,2038,2217,0,116
5.5134,2038,2217,0,116
5.5139,2038,2217,0,116
5.5143,2038,2217,0,116
5.5147,2038,2217,0,124
5.5151,2038,2217,0,124
5.5156,2038,2217,0,124
5.5160,2038,2216,0,116
5.5164,2038,2216,0,116
5.5168,2038,2216,0,124
5.5172,2038,2216,0,124
5.5177,2038,2216,0,124
5.5181,2038,2216,0,124
5.5186,2038,2216,0,124
5.5190,2038,2216,0,124
5.5194,2038,2216,0,124
5.5198,2038,2215,0,124
5.5202,2027,2215,0,124
5.5210,2027,2215,0,124
5.5215,2027,2215,0,124
5.5219,2027,2215,0,132
5.5223,2027,2215,0,132
5.5227,2027,2214,0,120
5.5232,2027,2214,0,120
5.5236,2027,2214,0,120
5.5240,2027,2214,0,120
5.5244,2027,2214,0,120
5.5249,2027,2214,-200,128
5.5253,2027,2214,-200,128
5.5257,2027,2213,-200,120
5.5262,2027,2213,-200,120
5.5266,2027,2213,-200,128
5.5270,2027,2213,-200,128
5.5275,2027,2213,-200,128
5.5279,2027,2213,-200,128
5.5283,2027,2213,-200,128
5.5287,2027,2212,-200,128
5.5291,2027,2212,-200,128
5.5296,2027,2212,-200,128
5.5300,2017,2212,-200,128
5.5308,2017,2212,-200,136
5.5313,2017,2212,-200,136
5.5317,2017,2212,-200,136
5.5321,2017,2212,-200,136
5.5326,2017,2211,-200,136
5.5330,2017,2211,-200,136
5.5334,2017,2211,-200,136
5.5339,2017,2211,-200,136
5.5343,2017,2211,-200,136
5.5347,2017,2211,-200,136
5.5351,2017,2211,-200,136
5.5356,2017,2210,-200,136
5.5360,2017,2210,-200,136
5.5364,2017,2210,-200,136
5.5368,2017,2210,-200,136
5.5373,2017,2210,-200,136
5.5377,2017,2210,-200,144
5.5381,2017,2210,-200,144
5.5385,2017,2209,-200,136
5.5390,2017,2209,-200,136
5.5394,2017,2209,-200,136
5.5398,2017,2209,-200,144
5.5402,2006,2208,-200,136
5.5410,2006,2208,-200,136
5.5415,2006,2208,-200,136
5.5419,2006,2208,-200,144
5.5423,2006,2208,-200,144
5.5427,2006,2207,-200,140
5.5431,2006,2207,-200,140
5.5436,2006,2207,-200,140
5.5440,2006,2207,-200,140
5.5444,2006,2207,-200,140
5.5448,2006,2207,-350,148
5.5452,2006,2207,-350,148
5.5456,2006,2206,-350,140
5.5460,2006,2206,-350,140
5.5464,2006,2206,-350,140
5.5468,2006,2206,-350,148
5.5473,2006,2206,-350,148
5.5477,2006,2205,-350,140
5.5481,2006,2205,-350,140
5.5486,2006,2205,-350,148
5.5490,2006,2205,-350,148
5.5494,2006,2205,-350,148
5.5498,2006,2205,-350,148
5.5503,1996,2204,-350,148
5.5511,1996,2204,-350,148
5.5516,1996,2204,-350,148
5.5520,1996,2204,-350,148
5.5524,1996,2204,-350,148
5.5528,1996,2203,-350,148
5.5532,1996,2203,-350,148
5.5537,1996,2203,-350,156
5.5541,1996,2203,-350,156
5.5546,1996,2203,-350,156
5.5550,1996,2203,-350,156
5.5554,1996,2203,-350,156
5.5558,1996,2202,-350,156
5.5563,1996,2202,-350,156
5.5567,1996,2201,-350,148
5.5571,1996,2201,-350,148
5.5576,1996,2201,-350,156
5.5580,1996,2201,-350,156
5.5584,1996,2201,-350,156
5.5589,1996,2201,-350,164
5.5593,1996,2201,-350,164
5.5597,1996,2200,-350,156
5.5601,1986,2200,-350,164
5.5610,1986,2200,-350,164
5.5614,1986,2200,-350,164
5.5618,1986,2199,-350,156
5.5623,1986,2199,-350,156
5.5627,1986,2199,-350,164
5.5631,1986,2199,-350,164
5.5635,1986,2198,-350,164
5.5640,1986,2198,-350,164
5.5644,1986,2198,-350,164
5.5648,1986,2198,-450,164
5.5652,1986,2198,-450,164
5.5657,1986,2197,-450,164
5.5661,1986,2197,-450,164
5.5666,1986,2197,-450,172
5.5670,1986,2197,-450,172
5.5674,1986,2197,-450,172
5.5678,1986,2197,-450,172
5.5682,1986,2197,-450,172
5.5686,1986,2196,-450,172
5.5691,1986,2196,-450,172
5.5696,1986,2196,-450,180
5.5700,1986,2196,-450,180
5.5704,1976,2195,-450,172
5.5712,1976,2195,-450,172
5.5716,1976,2195,-450,180
5.5720,1976,2195,-450,180
5.5724,1976,2194,-450,180
5.5728,1976,2194,-450,180
5.5733,1976,2194,-450,180
5.5737,1976,2194,-450,180
5.5741,1976,2194,-450,180
5.5746,1976,2193,-450,180
5.5750,1976,2193,-450,180
5.5754,1976,2193,-450,188
5.5758,1976,2193,-450,188
5.5762,1976,2193,-450,188
5.5766,1976,2192,-450,180
5.5770,1976,2192,-450,180
5.5775,1976,2192,-450,188
5.5779,1976,2192,-450,188
5.5783,1976,2192,-450,188
5.5787,1976,2191,-450,188
5.5791,1976,2191,-450,188
5.5795,1976,2190,-450,180
5.5800,1976,2190,-450,180
5.5804,1966,2190,-450,188
5.5812,1966,2190,-450,188
5.5816,1966,2190,-450,196
5.5820,1966,2190,-450,196
5.5825,1966,2189,-450,200
5.5829,1966,2189,-450,200
5.5833,1966,2189,-450,200
5.5837,1966,2188,-450,192
5.5841,1966,2188,-450,192
5.5845,1966,2188,-500,200
5.5850,1966,2188,-500,200
5.5854,1966,2187,-500,200
5.5858,1966,2187,-500,200
5.5862,1966,2187,-500,200
5.5867,1966,2187,-500,208
5.5871,1966,2187,-500,208
5.5875,1966,2186,-500,200
5.5880,1966,2186,-500,200
5.5884,1966,2186,-500,208
5.5888,1966,2186,-500,208
5.5892,1966,2186,-500,208
5.5896,1966,2185,-500,208
5.5901,1958,2184,-500,208
5.5908,1958,2184,-500,208
5.5912,1958,2184,-500,208
5.5917,1958,2184,-500,208
5.5921,1958,2184,-500,208
5.5925,1958,2183,-500,208
5.5929,1958,2183,-500,208
5.5934,1958,2183,-500,216
5.5938,1958,2183,-500,216
5.5942,1958,2183,-500,216
5.5946,1958,2182,-500,216
5.5950,1958,2182,-500,216
5.5954,1958,2182,-500,224
5.5958,1958,2182,-500,224
5.5962,1958,2182,-500,224
5.5967,1958,2181,-500,216
5.5971,1958,2181,-500,216
5.5976,1958,2180,-500,216
5.5980,1958,2180,-500,216
5.5984,1958,2180,-500,224
5.5988,1958,2180,-500,224
5.5993,1958,2179,-500,224
5.5997,1958,2179,-500,224
5.6001,1949,2178,-500,224
5.6009,1949,2178,-500,224
5.6014,1949,2178,-500,224
5.6018,1949,2178,-500,224
5.6022,1949,2178,-500,224
5.6026,1949,2177,-500,220
5.6030,1949,2177,-500,220
5.6035,1949,2176,-500,220
5.6039,1949,2176,-500,220
5.6043,1949,2176,-600,228
5.6047,1949,2176,-600,228
5.6051,1949,2176,-600,228
5.6055,1949,2175,-600,228
5.6059,1949,2175,-600,228
5.6063,1949,2174,-600,228
5.6067,1949,2174,-600,228
5.6071,1949,2174,-600,228
5.6076,1949,2174,-600,228
5.6080,1949,2174,-600,228
5.6084,1949,2173,-600,228
5.6088,1949,2173,-600,228
5.6092,1949,2173,-600,228
5.6096,1949,2172,-600,228
5.6101,1940,2172,-600,236
5.6108,1940,2172,-600,236
5.6113,1940,2171,-600,236
5.6117,1940,2171,-600,236
5.6121,1940,2171,-600,236
5.6126,1940,2170,-600,236
5.6130,1940,2170,-600,236
5.6134,1940,2170,-600,244
5.6138,1940,2170,-600,244
5.6142,1940,2169,-600,236
5.6146,1940,2169,-600,236
5.6151,1940,2169,-600,236
5.6156,1940,2169,-600,244
5.6160,1940,2169,-600,244
5.6164,1940,2168,-600,244
5.6168,1940,2168,-600,244
5.6173,1940,2167,-600,244
5.6177,1940,2167,-600,244
5.6181,1940,2167,-600,244
5.6186,1940,2166,-600,244
5.6190,1940,2166,-600,244
5.6194,1940,2165,-600,244
5.6198,1940,2165,-600,244
5.6202,1932,2165,-600,252
5.6211,1932,2165,-600,252
5.6216,1932,2164,-600,252
5.6220,1932,2164,-600,252
5.6224,1932,2163,-600,256
5.6228,1932,2163,-600,256
5.6232,1932,2163,-600,256
5.6236,1932,2163,-600,264
5.6240,1932,2163,-600,264
5.6244,1932,2162,-700,264
5.6248,1932,2162,-700,264
5.6252,1932,2161,-700,264
5.6256,1932,2161,-700,264
5.6260,1932,2161,-700,264
5.6264,1932,2160,-700,256
5.6268,1932,2160,-700,256
5.6272,1932,2159,-700,256
5.6277,1932,2159,-700,256
5.6281,1932,2159,-700,256
5.6286,1932,2159,-700,264
5.6290,1932,2159,-700,264
5.6294,1932,2158,-700,264
5.6298,1932,2158,-700,264
5.6302,1924,2157,-700,264
5.6310,1924,2157,-700,264
5.6314,1924,2156,-700,264
5.6318,1924,2156,-700,264
5.6322,1924,2156,-700,272
5.6326,1924,2156,-700,272
5.6331,1924,2156,-700,272
5.6335,1924,2155,-700,272
5.6339,1924,2155,-700,272
5.6343,1924,2154,-700,272
5.6348,1924,2154,-700,272
5.6352,1924,2153,-700,272
5.6356,1924,2153,-700,272
5.6360,1924,2153,-700,272
5.6364,1924,2152,-700,272
5.6368,1924,2152,-700,272
5.6372,1924,2152,-700,280
5.6376,1924,2152,-700,280
5.6381,1924,2152,-700,280
5.6385,1924,2151,-700,280
5.6389,1924,2151,-700,280
5.6393,1924,2150,-700,280
5.6397,1924,2150,-700,280
5.6401,1917,2149,-700,280
5.6409,1917,2149,-700,280
5.6414,1917,2148,-700,280
5.6418,1917,2148,-700,280
5.6422,1917,2147,-700,276
5.6426,1917,2147,-700,276
5.6430,1917,2147,-700,276
5.6434,1917,2147,-700,284
5.6438,1917,2147,-700,284
5.6442,1917,2146,-800,284
5.6446,1917,2146,-800,284
5.6450,1917,2146,-800,284
5.6454,1917,2145,-800,284
5.6458,1917,2145,-800,284
5.6463,1917,2144,-800,284
5.6467,1917,2144,-800,284
5.6470,1917,2144,-800,284
5.6474,1917,2143,-800,284
5.6479,1917,2143,-800,284
5.6483,1917,2142,-800,292
5.6487,1917,2142,-800,292
5.6491,1917,2141,-800,292
5.6496,1917,2141,-800,292
5.6500,1917,2141,-800,292
5.6504,1911,2140,-800,292
5.6512,1911,2139,-800,292
5.6516,1911,2139,-800,292
5.6520,1911,2139,-800,292
5.6524,1911,2138,-800,292
5.6528,1911,2138,-800,292
5.6532,1911,2138,-800,300
5.6537,1911,2138,-800,300
5.6541,1911,2136,-800,292
5.6545,1911,2136,-800,292
5.6550,1911,2136,-800,292
5.6554,1911,2135,-800,292
5.6558,1911,2135,-800,292
5.6562,1911,2135,-800,300
5.6566,1911,2135,-800,300
5.6570,1911,2135,-800,300
5.6575,1911,2134,-800,300
5.6579,1911,2134,-800,300
5.6583,1911,2133,-800,300
5.6587,1911,2133,-800,300
5.6591,1911,2132,-800,300
5.6595,1911,2132,-800,300
5.6600,1911,2132,-800,300
5.6604,1905,2131,-800,308
5.6612,1905,2130,-800,308
5.6616,1905,2130,-800,308
5.6620,1905,2130,-800,308
5.6624,1905,2129,-800,312
5.6628,1905,2129,-800,312
5.6632,1905,2128,-800,312
5.6636,1905,2128,-800,312
5.6640,1905,2127,-950,312
5.6644,1905,2127,-950,312
5.6649,1905,2127,-950,312
5.6653,1905,2126,-950,312
5.6657,1905,2126,-950,312
5.6661,1905,2125,-950,312
5.6665,1905,2125,-950,312
5.6670,1905,2125,-950,312
5.6674,1905,2124,-950,320
5.6678,1905,2124,-950,320
5.6682,1905,2123,-950,320
5.6686,1905,2123,-950,320
5.6690,1905,2122,-950,320
5.6695,1905,2122,-950,320
5.6699,1905,2122,-950,320
5.6703,1899,2121,-950,320
5.6711,1899,2120,-950,320
5.6715,1899,2120,-950,320
5.6720,1899,2120,-950,320
5.6724,1899,2120,-950,328
5.6728,1899,2120,-950,328
5.6732,1899,2119,-950,336
5.6736,1899,2119,-950,336
5.6741,1899,2118,-950,336
5.6744,1899,2118,-950,336
5.6749,1899,2118,-950,336
5.6753,1899,2117,-950,336
5.6757,1899,2117,-950,336
5.6761,1899,2115,-950,328
5.6765,1899,2115,-950,328
5.6770,1899,2115,-950,328
5.6774,1899,2114,-950,328
5.6778,1899,2114,-950,328
5.6782,1899,2113,-950,336
5.6786,1899,2113,-950,336
5.6790,1899,2112,-950,336
5.6795,1899,2112,-950,336
5.6799,1899,2112,-950,336
5.6803,1894,2111,-950,336
5.6811,1894,2110,-950,336
5.6816,1894,2110,-950,336
5.6820,1894,2109,-950,332
5.6824,1894,2109,-950,332
5.6828,1894,2109,-950,332
5.6832,1894,2108,-950,340
5.6836,1894,2108,-950,340
5.6841,1894,2107,-1000,340
5.6846,1894,2107,-1000,340
5.6850,1894,2106,-1000,340
5.6854,1894,2106,-1000,340
5.6858,1894,2106,-1000,340
5.6862,1894,2105,-1000,340
5.6866,1894,2105,-1000,340
5.6871,1894,2104,-1000,348
5.6875,1894,2104,-1000,348
5.6879,1894,2103,-1000,348
5.6884,1894,2103,-1000,348
5.6888,1894,2103,-1000,348
5.6893,1894,2102,-1000,348
5.6897,1894,2102,-1000,348
5.6901,1890,2101,-1000,348
5.6908,1890,2101,-1000,348
5.6912,1890,2099,-1000,348
5.6916,1890,2099,-1000,348
5.6920,1890,2098,-1000,348
5.6924,1890,2098,-1000,348
5.6928,1890,2098,-1000,348
5.6931,1890,2097,-1000,348
5.6935,1890,2097,-1000,348
5.6939,1890,2097,-1000,348
5.6942,1890,2097,-1000,356
5.6946,1890,2097,-1000,356
5.6950,1890,2095,-1000,356
5.6954,1890,2095,-1000,356
5.6958,1890,2095,-1000,356
5.6962,1890,2094,-1000,356
5.6966,1890,2094,-1000,356
5.6970,1890,2093,-1000,356
5.6974,1890,2093,-1000,356
5.6978,1890,2093,-1000,356
5.6982,1890,2092,-1000,364
5.6986,1890,2092,-1000,364
5.6990,1890,2091,-1000,364
5.6995,1890,2091,-1000,364
5.6999,1890,2091,-1000,364
5.7003,1887,2090,-1000,364
5.7011,1887,2088,-1000,356
5.7016,1887,2088,-1000,356
5.7020,1887,2087,-1000,368
5.7024,1887,2087,-1000,368
5.7028,1887,2087,-1000,368
5.7032,1887,2086,-1000,368
5.7036,1887,2086,-1000,368
5.7040,1887,2085,-1100,368
5.7044,1887,2085,-1100,368
5.7048,1887,2085,-1100,368
5.7052,1887,2084,-1100,368
5.7056,1887,2084,-1100,368
5.7060,1887,2083,-1100,376
5.7065,1887,2083,-1100,376
5.7069,1887,2081,-1100,368
5.7073,1887,2081,-1100,368
5.7077,1887,2081,-1100,368
5.7080,1887,2080,-1100,368
5.7084,1887,2080,-1100,368
5.7089,1887,2079,-1100,368
5.7093,1887,2079,-1100,368
5.7097,1887,2079,-1100,368
5.7101,1884,2078,-1100,376
5.7110,1884,2077,-1100,376
5.7114,1884,2077,-1100,376
5.7118,1884,2077,-1100,376
5.7122,1884,2076,-1100,376
5.7126,1884,2076,-1100,376
5.7130,1884,2075,-1100,376
5.7134,1884,2075,-1100,376
5.7138,1884,2075,-1100,376
5.7142,1884,2073,-1100,376
5.7146,1884,2073,-1100,376
5.7150,1884,2072,-1100,376
5.7155,1884,2072,-1100,376
5.7159,1884,2071,-1100,376
5.7163,1884,2071,-1100,376
5.7167,1884,2071,-1100,376
5.7171,1884,2070,-1100,376
5.7175,1884,2070,-1100,376
5.7180,1884,2068,-1100,368
5.7183,1884,2068,-1100,368
5.7187,1884,2068,-1100,368
5.7191,1884,2067,-1100,376
5.7194,1884,2067,-1100,376
5.7198,1884,2066,-1100,376
5.7203,1881,2066,-1100,376
5.7210,1881,2065,-1100,376
5.7215,1881,2065,-1100,376
5.7219,1881,2064,-1100,364
5.7223,1881,2064,-1100,364
5.7227,1881,2064,-1100,364
5.7231,1881,2062,-1100,356
5.7236,1881,2062,-1100,356
5.7240,1881,2061,-1200,356
5.7244,1881,2061,-1200,356
5.7248,1881,2060,-1200,364
5.7252,1881,2060,-1200,364
5.7256,1881,2060,-1200,364
5.7261,1881,2059,-1200,364
5.7265,1881,2059,-1200,364
5.7269,1881,2057,-1200,356
5.7274,1881,2057,-1200,356
5.7278,1881,2057,-1200,356
5.7282,1881,2056,-1200,356
5.7286,1881,2056,-1200,356
5.7290,1881,2055,-1200,356
5.7294,1881,2055,-1200,356
5.7298,1881,2054,-1200,356
5.7302,1880,2054,-1200,356
5.7310,1880,2052,-1200,348
5.7313,1880,2052,-1200,348
5.7317,1880,2052,-1200,348
5.7321,1880,2051,-1200,356
5.7326,1880,2051,-1200,356
5.7330,1880,2050,-1200,356
5.7334,1880,2050,-1200,356
5.7338,1880,2049,-1200,356
5.7342,1880,2049,-1200,356
5.7346,1880,2049,-1200,356
5.7350,1880,2048,-1200,356
5.7354,1880,2048,-1200,356
5.7358,1880,2046,-1200,348
5.7363,1880,2046,-1200,348
5.7367,1880,2046,-1200,348
5.7371,1880,2045,-1200,348
5.7375,1880,2045,-1200,348
5.7380,1880,2044,-1200,348
5.7384,1880,2044,-1200,348
5.7388,1880,2042,-1200,348
5.7392,1880,2042,-1200,348
5.7396,1880,2042,-1200,348
5.7400,1879,2041,-1200,348
5.7408,1879,2040,-1200,348
5.7412,1879,2040,-1200,348
5.7416,1879,2040,-1200,348
5.7420,1879,2039,-1200,336
5.7425,1879,2039,-1200,336
5.7429,1879,2037,-1200,328
5.7433,1879,2037,-1200,328
5.7437,1879,2037,-1200,328
5.7441,1879,2036,-1250,328
5.7445,1879,2036,-1250,328
5.7450,1879,2035,-1250,328
5.7454,1879,2035,-1250,328
5.7458,1879,2034,-1250,328
5.7462,1879,2034,-1250,328
5.7466,1879,2034,-1250,328
5.7471,1879,2032,-1250,320
5.7475,1879,2032,-1250,320
5.7479,1879,2031,-1250,320
5.7483,1879,2031,-1250,320
5.7487,1879,2030,-1250,320
5.7492,1879,2030,-1250,320
5.7496,1879,2030,-1250,320
5.7500,1879,2029,-1250,320
5.7504,1878,2028,-1250,320
5.7512,1878,2028,-1250,320
5.7516,1878,2028,-1250,320
5.7520,1878,2027,-1250,328
5.7524,1878,2027,-1250,328
5.7528,1878,2025,-1250,320
5.7532,1878,2025,-1250,320
5.7536,1878,2025,-1250,320
5.7540,1878,2024,-1250,320
5.7545,1878,2024,-1250,320
5.7549,1878,2023,-1250,320
5.7553,1878,2023,-1250,320
5.7557,1878,2022,-1250,320
5.7561,1878,2022,-1250,320
5.7565,1878,2022,-1250,320
5.7569,1878,2020,-1250,312
5.7573,1878,2020,-1250,312
5.7577,1878,2019,-1250,312
5.7582,1878,2019,-1250,312
5.7586,1878,2019,-1250,312
5.7590,1878,2018,-1250,312
5.7594,1878,2018,-1250,312
5.7598,1878,2017,-1250,312
5.7602,1879,2017,-1250,312
5.7610,1879,2015,-1250,304
5.7614,1879,2015,-1250,304
5.7618,1879,2014,-1250,296
5.7623,1879,2014,-1250,296
5.7627,1879,2013,-1250,296
5.7631,1879,2013,-1250,296
5.7636,1879,2013,-1250,296
5.7640,1879,2012,-1200,296
5.7644,1879,2012,-1200,296
5.7648,1879,2011,-1200,296
5.7652,1879,2011,-1200,296
5.7657,1879,2010,-1200,296
5.7661,1879,2010,-1200,296
5.7665,1879,2010,-1200,296
5.7670,1879,2008,-1200,288
5.7674,1879,2008,-1200,288
5.7678,1879,2007,-1200,288
5.7682,1879,2007,-1200,288
5.7687,1879,2006,-1200,288
5.7691,1879,2006,-1200,288
5.7696,1879,2006,-1200,288
5.7700,1879,2005,-1200,288
5.7704,1880,2004,-1200,288
5.7712,1880,2004,-1200,288
5.7716,1880,2003,-1200,288
5.7720,1880,2003,-1200,288
5.7724,1880,2003,-1200,288
5.7729,1880,2002,-1200,288
5.7733,1880,2002,-1200,288
5.7737,1880,2001,-1200,280
5.7741,1880,2001,-1200,280
5.7746,1880,2001,-1200,280
5.7750,1880,2000,-1200,280
5.7754,1880,2000,-1200,280
5.7758,1880,1999,-1200,280
5.7762,1880,1999,-1200,280
5.7767,1880,1998,-1200,280
5.7771,1880,1998,-1200,280
5.7775,1880,1998,-1200,280
5.7780,1880,1996,-1200,272
5.7784,1880,1996,-1200,272
5.7788,1880,1995,-1200,272
5.7792,1880,1995,-1200,272
5.7796,1880,1994,-1200,272
5.7801,1881,1994,-1200,272
5.7809,1881,1993,-1200,272
5.7813,1881,1993,-1200,272
5.7817,1881,1992,-1200,276
5.7821,1881,1992,-1200,276
5.7826,1881,1991,-1200,276
5.7830,1881,1991,-1200,276
5.7834,1881,1991,-1200,276
5.7838,1881,1990,-1100,276
5.7842,1881,1990,-1100,276
5.7846,1881,1989,-1100,276
5.7851,1881,1989,-1100,276
5.7855,1881,1988,-1100,268
5.7860,1881,1988,-1100,268
5.7864,1881,1988,-1100,268
5.7868,1881,1987,-1100,268
5.7872,1881,1987,-1100,268
5.7876,1881,1986,-1100,268
5.7881,1881,1986,-1100,268
5.7886,1881,1985,-1100,268
5.7890,1881,1985,-1100,268
5.7894,1881,1985,-1100,268
5.7898,1881,1984,-1100,268
5.7902,1884,1983,-1100,268
5.7910,1884,1983,-1100,268
5.7914,1884,1983,-1100,268
5.7918,1884,1982,-1100,268
5.7923,1884,1982,-1100,268
5.7927,1884,1981,-1100,260
5.7931,1884,1981,-1100,260
5.7936,1884,1980,-1100,260
5.7940,1884,1980,-1100,260
5.7944,1884,1980,-1100,260
5.7948,1884,1979,-1100,260
5.7952,1884,1979,-1100,260
5.7956,1884,1978,-1100,260
5.7960,1884,1978,-1100,260
5.7964,1884,1978,-1100,260
5.7968,1884,1977,-1100,260
5.7972,1884,1977,-1100,260
5.7977,1884,1976,-1100,260
5.7981,1884,1976,-1100,260
5.7985,1884,1975,-1100,252
5.7990,1884,1975,-1100,252
5.7994,1884,1975,-1100,252
5.7998,1884,1974,-1100,252
5.8002,1887,1973,-1100,252
5.8010,1887,1973,-1100,252
5.8014,1887,1973,-1100,252
5.8018,1887,1972,-1100,252
5.8022,1887,1972,-1100,252
5.8026,1887,1971,-1100,252
5.8031,1887,1971,-1100,252
5.8036,1887,1970,-1000,244
5.8040,1887,1970,-1000,244
5.8044,1887,1970,-1000,244
5.8048,1887,1969,-1000,244
5.8052,1887,1969,-1000,244
5.8057,1887,1968,-1000,244
5.8061,1887,1968,-1000,244
5.8066,1887,1967,-1000,244
5.8070,1887,1967,-1000,244
5.8074,1887,1967,-1000,244
5.8078,1887,1966,-1000,244
5.8082,1887,1966,-1000,244
5.8086,1887,1965,-1000,236
5.8090,1887,1965,-1000,236
5.8094,1887,1964,-1000,236
5.8099,1887,1964,-1000,236
5.8103,1890,1963,-1000,236
5.8110,1890,1963,-1000,236
5.8114,1890,1963,-1000,236
5.8118,1890,1962,-1000,236
5.8122,1890,1962,-1000,236
5.8126,1890,1961,-1000,228
5.8130,1890,1961,-1000,228
5.8134,1890,1960,-1000,228
5.8138,1890,1960,-1000,228
5.8142,1890,1960,-1000,228
5.8146,1890,1959,-1000,228
5.8150,1890,1959,-1000,228
5.8154,1890,1959,-1000,228
5.8157,1890,1959,-1000,236
5.8161,1890,1959,-1000,236
5.8165,1890,1958,-1000,228
5.8169,1890,1958,-1000,228
5.8173,1890,1958,-1000,228
5.8176,1890,1957,-1000,228
5.8180,1890,1957,-1000,228
5.8184,1890,1957,-1000,228
5.8188,1890,1956,-1000,228
5.8192,1890,1956,-1000,228
5.8196,1890,1955,-1000,228
5.8200,1890,1955,-1000,228
5.8204,1895,1954,-1000,220
5.8214,1895,1953,-1000,216
5.8219,1895,1953,-1000,216
5.8223,1895,1953,-1000,216
5.8227,1895,1952,-1000,216
5.8231,1895,1952,-1000,216
5.8235,1895,1951,-950,208
5.8240,1895,1951,-950,208
5.8244,1895,1950,-950,208
5.8248,1895,1950,-950,208
5.8252,1895,1950,-950,208
5.8256,1895,1949,-950,208
5.8260,1895,1949,-950,208
5.8264,1895,1948,-950,200
5.8268,1895,1948,-950,200
5.8272,1895,1948,-950,200
5.8276,1895,1948,-950,208
5.8280,1895,1948,-950,208
5.8284,1895,1947,-950,208
5.8288,1895,1947,-950,208
5.8292,1895,1947,-950,208
5.8296,1895,1946,-950,200
5.8300,1895,1946,-950,200
5.8304,1900,1945,-950,200
5.8311,1900,1945,-950,200
5.8315,1900,1944,-950,200
5.8319,1900,1944,-950,200
5.8323,1900,1944,-950,200
5.8327,1900,1943,-950,192
5.8331,1900,1943,-950,192
5.8335,1900,1942,-950,192
5.8339,1900,1942,-950,192
5.8343,1900,1942,-950,192
5.8347,1900,1942,-950,200
5.8351,1900,1942,-950,200
5.8355,1900,1941,-950,192
5.8359,1900,1941,-950,192
5.8363,1900,1941,-950,192
5.8367,1900,1940,-950,192
5.8371,1900,1940,-950,192
5.8376,1900,1939,-950,192
5.8380,1900,1939,-950,192
5.8384,1900,1938,-950,184
5.8388,1900,1938,-950,184
5.8392,1900,1938,-950,184
5.8396,1900,1937,-950,184
5.8400,1900,1937,-950,184
5.8404,1905,1937,-950,184
5.8412,1905,1937,-950,184
5.8416,1905,1936,-950,184
5.8419,1905,1936,-950,184
5.8423,1905,1935,-950,184
5.8427,1905,1935,-950,184
5.8431,1905,1935,-950,184
5.8435,1905,1934,-850,176
5.8439,1905,1934,-850,176
5.8443,1905,1934,-850,184
5.8447,1905,1934,-850,184
5.8451,1905,1934,-850,184
5.8455,1905,1933,-850,176
5.8459,1905,1933,-850,176
5.8463,1905,1932,-850,176
5.8467,1905,1932,-850,176
5.8471,1905,1932,-850,176
5.8475,1905,1931,-850,176
5.8479,1905,1931,-850,176
5.8483,1905,1931,-850,176
5.8487,1905,1931,-850,176
5.8491,1905,1931,-850,176
5.8495,1905,1930,-850,176
5.8499,1905,1930,-850,176
5.8503,1911,1929,-850,168
5.8510,1911,1929,-850,168
5.8514,1911,1928,-850,168
5.8518,1911,1928,-850,168
5.8522,1911,1928,-850,168
5.8526,1911,1928,-850,168
5.8530,1911,1928,-850,168
5.8534,1911,1927,-850,168
5.8538,1911,1927,-850,168
5.8542,1911,1927,-850,168
5.8545,1911,1926,-850,160
5.8549,1911,1926,-850,160
5.8553,1911,1926,-850,168
5.8557,1911,1926,-850,168
5.8561,1911,1926,-850,168
5.8565,1911,1925,-850,160
5.8569,1911,1925,-850,160
5.8573,1911,1924,-850,160
5.8577,1911,1924,-850,160
5.8581,1911,1924,-850,160
5.8585,1911,1923,-850,152
5.8589,1911,1923,-850,152
5.8593,1911,1923,-850,160
5.8597,1911,1923,-850,160
5.8601,1918,1922,-850,160
5.8609,1918,1922,-850,160
5.8613,1918,1922,-850,164
5.8617,1918,1922,-850,164
5.8621,1918,1922,-850,164
5.8625,1918,1921,-850,164
5.8629,1918,1921,-850,164
5.8633,1918,1920,-700,156
5.8637,1918,1920,-700,156
5.8641,1918,1920,-700,156
5.8645,1918,1920,-700,164
5.8649,1918,1920,-700,164
5.8653,1918,1919,-700,156
5.8657,1918,1919,-700,156
5.8661,1918,1919,-700,156
5.8665,1918,1918,-700,148
5.8670,1918,1918,-700,148
5.8674,1918,1918,-700,156
5.8678,1918,1918,-700,156
5.8682,1918,1918,-700,156
5.8686,1918,1917,-700,148
5.8690,1918,1917,-700,148
5.8694,1918,1916,-700,148
5.8698,1918,1916,-700,148
5.8702,1925,1916,-700,148
5.8709,1925,1916,-700,148
5.8713,1925,1915,-700,148
5.8717,1925,1915,-700,148
5.8721,1925,1915,-700,148
5.8725,1925,1914,-700,140
5.8729,1925,1914,-700,140
5.8733,1925,1914,-700,148
5.8737,1925,1914,-700,148
5.8741,1925,1914,-700,148
5.8745,1925,1913,-700,140
5.8750,1925,1913,-700,140
5.8754,1925,1913,-700,148
5.8758,1925,1913,-700,148
5.8762,1925,1912,-700,140
5.8766,1925,1912,-700,140
5.8771,1925,1912,-700,140
5.8775,1925,1911,-700,132
5.8780,1925,1911,-700,132
5.8784,1925,1911,-700,140
5.8788,1925,1911,-700,140
5.8792,1925,1910,-700,132
5.8797,1925,1910,-700,132
5.8801,1932,1909,-700,132
5.8809,1932,1909,-700,132
5.8813,1932,1909,-700,128
5.8817,1932,1909,-700,128
5.8821,1932,1909,-700,128
5.8825,1932,1908,-700,120
5.8830,1932,1908,-700,120
5.8834,1932,1908,-600,128
5.8838,1932,1908,-600,128
5.8842,1932,1908,-600,128
5.8847,1932,1908,-600,128
5.8851,1932,1908,-600,128
5.8856,1932,1907,-600,128
5.8860,1932,1907,-600,128
5.8865,1932,1906,-600,120
5.8869,1932,1906,-600,120
5.8873,1932,1906,-600,120
5.8877,1932,1906,-600,120
5.8881,1932,1905,-600,120
5.8886,1932,1905,-600,120
5.8890,1932,1905,-600,120
5.8894,1932,1905,-600,120
5.8898,1932,1905,-600,120
5.8903,1940,1904,-600,112
5.8911,1940,1904,-600,112
5.8916,1940,1904,-600,120
5.8920,1940,1904,-600,120
5.8924,1940,1903,-600,112
5.8928,1940,1903,-600,112
5.8932,1940,1902,-600,112
5.8936,1940,1902,-600,112
5.8941,1940,1902,-600,112
5.8946,1940,1902,-600,112
5.8950,1940,1902,-600,112
5.8954,1940,1901,-600,104
5.8958,1940,1901,-600,104
5.8962,1940,1901,-600,112
5.8967,1940,1901,-600,112
5.8971,1940,1901,-600,112
5.8975,1940,1901,-600,112
5.8980,1940,1901,-600,112
5.8984,1940,1900,-600,104
5.8988,1940,1900,-600,104
5.8992,1940,1899,-600,104
5.8996,1940,1899,-600,104
5.9000,1949,1899,-600,104
5.9008,1949,1899,-600,104
5.9012,1949,1899,-600,108
5.9017,1949,1899,-600,108
5.9022,1949,1898,-600,100
5.9026,1949,1898,-600,100
5.9030,1949,1898,-600,100
5.9034,1949,1897,-550,100
5.9039,1949,1897,-550,100
5.9043,1949,1897,-550,100
5.9047,1949,1897,-550,100
5.9051,1949,1896,-550,92
5.9056,1949,1896,-550,92
5.9060,1949,1896,-550,92
5.9064,1949,1896,-550,100
5.9068,1949,1896,-550,100
5.9072,1949,1896,-550,100
5.9077,1949,1896,-550,100
5.9081,1949,1895,-550,92
5.9085,1949,1895,-550,92
5.9089,1949,1895,-550,92
5.9093,1949,1895,-550,92
5.9097,1949,1895,-550,92
5.9101,1958,1895,-550,100
5.9110,1958,1895,-550,100
5.9114,1958,1894,-550,92
5.9118,1958,1894,-550,92
5.9122,1958,1893,-550,84
5.9127,1958,1893,-550,84
5.9131,1958,1893,-550,84
5.9136,1958,1893,-550,84
5.9140,1958,1893,-550,84
5.9144,1958,1893,-550,92
5.9148,1958,1893,-550,92
5.9152,1958,1892,-550,84
5.9156,1958,1892,-550,84
5.9160,1958,1892,-550,84
5.9164,1958,1892,-550,84
5.9168,1958,1892,-550,84
5.9172,1958,1892,-550,84
5.9176,1958,1892,-550,84
5.9181,1958,1891,-550,84
5.9186,1958,1891,-550,84
5.9190,1958,1891,-550,84
5.9194,1958,1891,-550,84
5.9198,1958,1891,-550,84
5.9202,1967,1890,-550,76
5.9210,1967,1890,-550,72
5.9214,1967,1890,-550,72
5.9218,1967,1890,-550,72
5.9222,1967,1890,-550,72
5.9226,1967,1890,-550,72
5.9230,1967,1889,-400,72
5.9234,1967,1889,-400,72
5.9239,1967,1889,-400,72
5.9243,1967,1889,-400,72
5.9247,1967,1889,-400,72
5.9250,1967,1888,-400,64
5.9254,1967,1888,-400,64
5.9258,1967,1888,-400,64
5.9262,1967,1888,-400,64
5.9266,1967,1888,-400,64
5.9270,1967,1888,-400,64
5.9274,1967,1888,-400,64
5.9278,1967,1888,-400,64
5.9282,1967,1887,-400,56
5.9286,1967,1887,-400,56
5.9290,1967,1887,-400,64
5.9294,1967,1887,-400,64
5.9298,1967,1887,-400,64
5.9302,1977,1887,-400,64
5.9310,1977,1887,-400,64
5.9314,1977,1887,-400,64
5.9318,1977,1887,-400,64
5.9322,1977,1886,-400,56
5.9326,1977,1886,-400,56
5.9330,1977,1886,-400,56
5.9334,1977,1886,-400,56
5.9338,1977,1886,-400,56
5.9342,1977,1886,-400,56
5.9346,1977,1886,-400,56
5.9350,1977,1885,-400,56
5.9354,1977,1885,-400,56
5.9358,1977,1885,-400,56
5.9362,1977,1885,-400,56
5.9366,1977,1885,-400,56
5.9370,1977,1885,-400,56
5.9374,1977,1885,-400,56
5.9379,1977,1885,-400,56
5.9383,1977,1885,-400,56
5.9387,1977,1885,-400,56
5.9391,1977,1884,-400,48
5.9395,1977,1884,-400,48
5.9400,1977,1884,-400,48
5.9404,1987,1884,-400,48
5.9412,1987,1884,-400,52
5.9416,1987,1884,-400,52
5.9420,1987,1883,-400,44
5.9424,1987,1883,-400,44
5.9428,1987,1883,-400,44
5.9432,1987,1883,-300,44
5.9436,1987,1883,-300,44
5.9440,1987,1883,-300,52
5.9444,1987,1883,-300,52
5.9448,1987,1883,-300,52
5.9452,1987,1883,-300,52
5.9456,1987,1883,-300,52
5.9460,1987,1882,-300,44
5.9465,1987,1882,-300,44
5.9468,1987,1882,-300,44
5.9472,1987,1882,-300,44
5.9477,1987,1882,-300,44
5.9481,1987,1882,-300,44
5.9485,1987,1882,-300,44
5.9490,1987,1882,-300,44
5.9494,1987,1882,-300,44
5.9498,1987,1882,-300,44
5.9502,1996,1881,-300,36
5.9510,1996,1881,-300,36
5.9514,1996,1881,-300,36
5.9518,1996,1881,-300,36
5.9522,1996,1881,-300,36
5.9526,1996,1881,-300,36
5.9530,1996,1881,-300,36
5.9534,1996,1881,-300,36
5.9538,1996,1881,-300,36
5.9542,1996,1880,-300,28
5.9547,1996,1880,-300,28
5.9551,1996,1880,-300,28
5.9555,1996,1880,-300,28
5.9560,1996,1880,-300,28
5.9564,1996,1880,-300,28
5.9568,1996,1880,-300,28
5.9572,1996,1880,-300,28
5.9576,1996,1880,-300,28
5.9580,1996,1880,-300,28
5.9584,1996,1880,-300,28
5.9589,1996,1880,-300,28
5.9593,1996,1880,-300,28
5.9597,1996,1880,-300,28
5.9601,2007,1879,-300,-20
5.9609,2007,1879,-300,-28
5.9613,2007,1879,-300,-28
5.9617,2007,1879,-300,-28
5.9621,2007,1879,-300,-28
5.9625,2007,1879,-300,-28
5.9629,2007,1879,-200,-28
5.9634,2007,1879,-200,-28
5.9638,2007,1879,-200,-28
5.9642,2007,1879,-200,-28
5.9646,2007,1879,-200,-28
5.9650,2007,1879,-200,-28
5.9654,2007,1879,-200,-28
5.9659,2007,1879,-200,-28
5.9663,2007,1879,-200,-28
5.9667,2007,1879,-200,-28
5.9671,2007,1878,-200,-36
5.9676,2007,1878,-200,-36
5.9680,2007,1878,-200,-36
5.9684,2007,1878,-200,-36
5.9688,2007,1878,-200,-36
5.9692,2007,1878,-200,-36
5.9697,2007,1878,-200,-36
5.9701,2017,1878,-200,-36
5.9708,2017,1878,-200,-36
5.9712,2017,1878,-200,-36
5.9716,2017,1878,-200,-36
5.9720,2017,1878,-200,-36
5.9724,2017,1878,-200,-36
5.9728,2017,1878,-200,-36
5.9732,2017,1878,-200,-36
5.9736,2017,1878,-200,-36
5.9740,2017,1878,-200,-36
5.9744,2017,1878,-200,-36
5.9748,2017,1878,-200,-36
5.9752,2017,1878,-200,-36
5.9757,2017,1878,-200,-36
5.9761,2017,1878,-200,-36
5.9765,2017,1878,-200,-36
5.9769,2017,1878,-200,-36
5.9773,2017,1878,-200,-36
5.9777,2017,1878,-200,-36
5.9782,2017,1878,-200,-36
5.9786,2017,1878,-200,-36
5.9790,2017,1878,-200,-36
5.9794,2017,1878,-200,-36
5.9798,2017,1878,-200,-36
5.9803,2028,1878,-200,-36
5.9811,2028,1878,-200,-20
5.9815,2028,1878,-200,-20
5.9819,2028,1878,-200,-28
5.9824,2028,1878,-200,-28
5.9828,2028,1878,-50,-28
5.9832,2028,1878,-50,-28
5.9837,2028,1878,-50,-28
5.9841,2028,1878,-50,-28
5.9846,2028,1878,-50,-28
5.9850,2028,1878,-50,-28
5.9854,2028,1878,-50,-28
5.9858,2028,1878,-50,-36
5.9862,2028,1878,-50,-36
5.9866,2028,1878,-50,-36
5.9871,2028,1878,-50,-36
5.9875,2028,1878,-50,-36
5.9880,2028,1878,-50,-36
5.9884,2028,1878,-50,-36
5.9888,2028,1878,-50,-36
5.9892,2028,1878,-50,-36
5.9896,2028,1878,-50,-36
5.9901,2038,1878,-50,-36
5.9909,2038,1878,-50,-44
5.9913,2038,1878,-50,-44
5.9917,2038,1878,-50,-44
5.9921,2038,1878,-50,-44
5.9926,2038,1878,-50,-44
5.9930,2038,1878,-50,-44
5.9934,2038,1878,-50,-44
5.9938,2038,1878,-50,-44
5.9942,2038,1878,-50,-44
5.9946,2038,1878,-50,-44
5.9951,2038,1878,-50,-52
5.9956,2038,1878,-50,-52
5.9960,2038,1878,-50,-52
5.9964,2038,1878,-50,-52
5.9968,2038,1878,-50,-52
5.9972,2038,1878,-50,-52
5.9976,2038,1878,-50,-52
5.9981,2038,1878,-50,-52
5.9986,2038,1878,-50,-52
5.9990,2038,1878,-50,-60
5.9995,2038,1878,-50,-60
5.9999,2038,1878,-50,-60
6.0003,2049,1878,-50,-76
6.0011,2049,1878,-50,-76
6.0016,2049,1878,-50,-76
6.0020,2049,1878,-50,-84
6.0024,2049,1878,-50,-84
6.0028,2049,1878,0,-84
6.0032,2049,1878,0,-84
6.0036,2049,1878,0,-84
6.0040,2049,1878,0,-84
6.0044,2049,1878,0,-84
6.0048,2049,1878,0,-92
6.0052,2049,1878,0,-92
6.0056,2049,1878,0,-92
6.0061,2049,1878,0,-92
6.0065,2049,1878,0,-92
6.0069,2049,1878,0,-92
6.0073,2049,1878,0,-92
6.0077,2049,1878,0,-92
6.0081,2049,1878,0,-92
6.0085,2049,1878,0,-92
6.0090,2049,1878,0,-100
6.0094,2049,1878,0,-100
6.0098,2049,1878,0,-100
6.0102,2060,1878,0,-100
6.0110,2060,1878,0,-108
6.0114,2060,1878,0,-108
6.0118,2060,1878,0,-108
6.0122,2060,1878,0,-108
6.0126,2060,1878,0,-108
6.0130,2060,1879,0,-100
6.0134,2060,1879,0,-100
6.0138,2060,1879,0,-108
6.0142,2060,1879,0,-108
6.0146,2060,1879,0,-108
6.0150,2060,1879,0,-108
6.0154,2060,1879,0,-108
6.0158,2060,1879,0,-108
6.0162,2060,1879,0,-108
6.0166,2060,1879,0,-108
6.0169,2060,1879,0,-116
6.0173,2060,1879,0,-116
6.0177,2060,1879,0,-116
6.0181,2060,1879,0,-116
6.0185,2060,1879,0,-116
6.0189,2060,1880,0,-108
6.0193,2060,1880,0,-108
6.0196,2060,1880,0,-116
6.0200,2070,1880,0,-116
6.0207,2070,1880,0,-116
6.0211,2070,1880,0,-116
6.0215,2070,1880,0,-116
6.0219,2070,1880,0,-124
6.0223,2070,1880,0,-124
6.0227,2070,1881,150,-116
6.0230,2070,1881,150,-116
6.0235,2070,1881,150,-116
6.0238,2070,1881,150,-116
6.0242,2070,1881,150,-116
6.0246,2070,1881,150,-124
6.0250,2070,1881,150,-124
6.0253,2070,1881,150,-124
6.0257,2070,1881,150,-124
6.0261,2070,1881,150,-124
6.0265,2070,1881,150,-124
6.0269,2070,1882,150,-124
6.0273,2070,1882,150,-124
6.0276,2070,1882,150,-124
6.0280,2070,1882,150,-124
6.0284,2070,1882,150,-124
6.0288,2070,1882,150,-124
6.0291,2070,1882,150,-124
6.0295,2070,1882,150,-124
6.0299,2070,1882,150,-132
6.0303,2081,1883,150,-124
6.0310,2081,1883,150,-124
6.0313,2081,1883,150,-124
6.0317,2081,1883,150,-132
6.0321,2081,1883,150,-132
6.0325,2081,1883,150,-132
6.0329,2081,1884,150,-124
6.0333,2081,1884,150,-124
6.0337,2081,1884,150,-132
6.0341,2081,1884,150,-132
6.0345,2081,1884,150,-132
6.0349,2081,1884,150,-132
6.0353,2081,1884,150,-132
6.0357,2081,1885,150,-132
6.0361,2081,1885,150,-132
6.0365,2081,1885,150,-132
6.0369,2081,1885,150,-132
6.0373,2081,1885,150,-132
6.0377,2081,1885,150,-140
6.0381,2081,1885,150,-140
6.0385,2081,1886,150,-132
6.0390,2081,1886,150,-132
6.0394,2081,1886,150,-132
6.0398,2081,1886,150,-140
6.0402,2092,1886,150,-132
6.0410,2092,1886,150,-132
6.0414,2092,1886,150,-132
6.0418,2092,1886,150,-140
6.0422,2092,1886,150,-140
6.0426,2092,1887,300,-132
6.0431,2092,1887,300,-132
6.0435,2092,1887,300,-140
6.0440,2092,1887,300,-140
6.0444,2092,1887,300,-140
6.0448,2092,1887,300,-140
6.0452,2092,1887,300,-140
6.0456,2092,1888,300,-140
6.0461,2092,1888,300,-140
6.0465,2092,1888,300,-140
6.0470,2092,1888,300,-140
6.0474,2092,1888,300,-140
6.0478,2092,1889,300,-140
6.0482,2092,1889,300,-140
6.0487,2092,1889,300,-140
6.0491,2092,1889,300,-140
6.0495,2092,1889,300,-148
6.0499,2092,1889,300,-148
6.0503,2102,1890,300,-140
6.0511,2102,1890,300,-140
6.0515,2102,1890,300,-148
6.0519,2102,1890,300,-148
6.0523,2102,1890,300,-148
6.0527,2102,1891,300,-140
6.0531,2102,1891,300,-140
6.0535,2102,1891,300,-148
6.0539,2102,1891,300,-148
6.0543,2102,1891,300,-148
6.0548,2102,1891,300,-148
6.0552,2102,1891,300,-148
6.0556,2102,1892,300,-148
6.0560,2102,1892,300,-148
6.0564,2102,1892,300,-148
6.0569,2102,1892,300,-156
6.0573,2102,1892,300,-156
6.0577,2102,1892,300,-156
6.0581,2102,1892,300,-156
6.0586,2102,1893,300,-156
6.0590,2102,1893,300,-156
6.0594,2102,1893,300,-156
6.0598,2102,1894,300,-148
6.0602,2112,1894,300,-156
6.0610,2112,1894,300,-156
6.0614,2112,1894,300,-156
6.0618,2112,1894,300,-156
6.0622,2112,1894,300,-156
6.0627,2112,1895,400,-156
6.0631,2112,1895,400,-156
6.0636,2112,1895,400,-164
6.0640,2112,1895,400,-164
6.0644,2112,1895,400,-164
6.0648,2112,1896,400,-156
6.0653,2112,1896,400,-156
6.0657,2112,1896,400,-164
6.0661,2112,1896,400,-164
6.0665,2112,1897,400,-164
6.0669,2112,1897,400,-164
6.0673,2112,1897,400,-164
6.0678,2112,1897,400,-164
6.0682,2112,1897,400,-164
6.0686,2112,1897,400,-172
6.0691,2112,1897,400,-172
6.0696,2112,1898,400,-164
6.0699,2112,1898,400,-164
6.0703,2122,1898,400,-172
6.0711,2122,1898,400,-172
6.0716,2122,1899,400,-172
6.0720,2122,1899,400,-172
6.0724,2122,1899,400,-172
6.0728,2122,1899,400,-172
6.0732,2122,1899,400,-172
6.0736,2122,1900,400,-172
6.0740,2122,1900,400,-172
6.0744,2122,1900,400,-180
6.0749,2122,1900,400,-180
6.0753,2122,1900,400,-180
6.0757,2122,1900,400,-180
6.0761,2122,1900,400,-180
6.0765,2122,1901,400,-180
6.0769,2122,1901,400,-180
6.0774,2122,1901,400,-188
6.0778,2122,1901,400,-188
6.0782,2122,1901,400,-188
6.0786,2122,1902,400,-180
6.0791,2122,1902,400,-180
6.0796,2122,1902,400,-188
6.0801,2131,1903,400,-192
6.0809,2131,1903,400,-192
6.0814,2131,1904,400,-184
6.0819,2131,1904,400,-184
6.0823,2131,1904,400,-184
6.0828,2131,1904,450,-192
6.0832,2131,1904,450,-192
6.0837,2131,1905,450,-192
6.0841,2131,1905,450,-192
6.0846,2131,1905,450,-200
6.0850,2131,1905,450,-200
6.0854,2131,1906,450,-192
6.0859,2131,1906,450,-192
6.0863,2131,1906,450,-192
6.0867,2131,1906,450,-200
6.0872,2131,1906,450,-200
6.0876,2131,1907,450,-200
6.0881,2131,1907,450,-200
6.0886,2131,1907,450,-200
6.0890,2131,1907,450,-200
6.0894,2131,1908,450,-200
6.0899,2131,1908,450,-200
6.0904,2141,1908,450,-208
6.0912,2141,1908,450,-208
6.0917,2141,1909,450,-208
6.0921,2141,1909,450,-208
6.0926,2141,1910,450,-200
6.0930,2141,1910,450,-200
6.0935,2141,1910,450,-208
6.0939,2141,1910,450,-208
6.0943,2141,1911,450,-208
6.0948,2141,1911,450,-208
6.0952,2141,1911,450,-208
6.0956,2141,1911,450,-216
6.0961,2141,1911,450,-216
6.0966,2141,1912,450,-208
6.0970,2141,1912,450,-208
6.0974,2141,1913,450,-208
6.0979,2141,1913,450,-208
6.0983,2141,1913,450,-216
6.0988,2141,1913,450,-216
6.0992,2141,1913,450,-216
6.0997,2141,1914,450,-216
6.1001,2149,1914,450,-224
6.1010,2149,1914,450,-224
6.1015,2149,1915,450,-216
6.1019,2149,1915,450,-216
6.1023,2149,1915,550,-224
6.1027,2149,1915,550,-224
6.1032,2149,1915,550,-224
6.1036,2149,1916,550,-224
6.1041,2149,1916,550,-224
6.1046,2149,1917,550,-224
6.1051,2149,1917,550,-224
6.1056,2149,1918,550,-224
6.1060,2149,1918,550,-224
6.1064,2149,1918,550,-224
6.1068,2149,1918,550,-224
6.1073,2149,1919,550,-224
6.1077,2149,1919,550,-224
6.1081,2149,1919,550,-224
6.1086,2149,1920,550,-224
6.1090,2149,1920,550,-224
6.1094,2149,1920,550,-232
6.1099,2149,1920,550,-232
6.1103,2158,1921,550,-232
6.1111,2158,1921,550,-232
6.1116,2158,1921,550,-240
6.1120,2158,1921,550,-240
6.1124,2158,1922,550,-232
6.1129,2158,1922,550,-232
6.1133,2158,1922,550,-240
6.1137,2158,1922,550,-240
6.1141,2158,1922,550,-240
6.1145,2158,1923,550,-240
6.1150,2158,1923,550,-240
6.1154,2158,1924,550,-240
6.1158,2158,1924,550,-240
6.1163,2158,1925,550,-240
6.1167,2158,1925,550,-240
6.1171,2158,1925,550,-240
6.1176,2158,1925,550,-248
6.1181,2158,1925,550,-248
6.1186,2158,1926,550,-248
6.1190,2158,1926,550,-248
6.1194,2158,1927,550,-248
6.1198,2158,1927,550,-248
6.1203,2166,1927,550,-244
6.1211,2166,1927,550,-244
6.1216,2166,1928,550,-244
6.1220,2166,1928,550,-244
6.1224,2166,1929,700,-244
6.1229,2166,1929,700,-244
6.1233,2166,1930,700,-244
6.1238,2166,1930,700,-244
6.1242,2166,1930,700,-252
6.1246,2166,1930,700,-252
6.1251,2166,1930,700,-252
6.1256,2166,1931,700,-252
6.1260,2166,1931,700,-252
6.1264,2166,1932,700,-252
6.1268,2166,1932,700,-252
6.1272,2166,1933,700,-252
6.1277,2166,1933,700,-252
6.1281,2166,1933,700,-252
6.1286,2166,1934,700,-252
6.1290,2166,1934,700,-252
6.1295,2166,1934,700,-260
6.1299,2166,1934,700,-260
6.1303,2174,1935,700,-260
6.1310,2174,1935,700,-260
6.1315,2174,1936,700,-260
6.1319,2174,1936,700,-260
6.1323,2174,1937,700,-252
6.1326,2174,1937,700,-252
6.1330,2174,1937,700,-252
6.1334,2174,1937,700,-260
6.1338,2174,1937,700,-260
6.1342,2174,1938,700,-260
6.1346,2174,1938,700,-260
6.1350,2174,1938,700,-260
6.1354,2174,1939,700,-260
6.1358,2174,1939,700,-260
6.1362,2174,1940,700,-260
6.1366,2174,1940,700,-260
6.1370,2174,1940,700,-260
6.1373,2174,1941,700,-260
6.1377,2174,1941,700,-260
6.1381,2174,1941,700,-260
6.1385,2174,1941,700,-268
6.1389,2174,1941,700,-268
6.1393,2174,1942,700,-268
6.1397,2174,1942,700,-268
6.1401,2181,1943,700,-268
6.1408,2181,1943,700,-268
6.1412,2181,1944,700,-268
6.1416,2181,1944,700,-268
6.1420,2181,1944,700,-268
6.1424,2181,1944,750,-276
6.1428,2181,1944,750,-276
6.1432,2181,1945,750,-276
6.1436,2181,1945,750,-276
6.1440,2181,1945,750,-276
6.1444,2181,1946,750,-276
6.1448,2181,1946,750,-276
6.1452,2181,1947,750,-276
6.1456,2181,1947,750,-276
6.1460,2181,1947,750,-276
6.1464,2181,1948,750,-276
6.1468,2181,1948,750,-276
6.1472,2181,1949,750,-276
6.1476,2181,1949,750,-276
6.1480,2181,1949,750,-276
6.1484,2181,1949,750,-284
6.1488,2181,1949,750,-284
6.1492,2181,1950,750,-284
6.1496,2181,1950,750,-284
6.1500,2181,1950,750,-284
6.1504,2187,1951,750,-284
6.1512,2187,1952,750,-284
6.1516,2187,1952,750,-284
6.1520,2187,1952,750,-284
6.1524,2187,1953,750,-292
6.1528,2187,1953,750,-292
6.1532,2187,1954,750,-292
6.1536,2187,1954,750,-292
6.1540,2187,1954,750,-292
6.1544,2187,1955,750,-292
6.1548,2187,1955,750,-292
6.1552,2187,1956,750,-292
6.1556,2187,1956,750,-292
6.1560,2187,1956,750,-292
6.1564,2187,1957,750,-292
6.1568,2187,1957,750,-292
6.1572,2187,1958,750,-292
6.1576,2187,1958,750,-292
6.1580,2187,1958,750,-292
6.1584,2187,1959,750,-292
6.1588,2187,1959,750,-292
6.1592,2187,1959,750,-300
6.1596,2187,1959,750,-300
6.1600,2193,1960,750,-304
6.1608,2193,1960,750,-304
6.1612,2193,1961,750,-304
6.1616,2193,1961,750,-304
6.1620,2193,1961,750,-304
6.1624,2193,1962,900,-304
6.1628,2193,1962,900,-304
6.1632,2193,1963,900,-304
6.1636,2193,1963,900,-304
6.1640,2193,1964,900,-312
6.1644,2193,1964,900,-312
6.1648,2193,1964,900,-312
6.1652,2193,1965,900,-312
6.1656,2193,1965,900,-312
6.1660,2193,1966,900,-312
6.1664,2193,1966,900,-312
6.1668,2193,1966,900,-312
6.1672,2193,1967,900,-312
6.1676,2193,1967,900,-312
6.1680,2193,1968,900,-312
6.1684,2193,1968,900,-312
6.1688,2193,1968,900,-312
6.1692,2193,1969,900,-312
6.1696,2193,1969,900,-312
6.1700,2199,1969,900,-320
6.1708,2199,1969,900,-320
6.1712,2199,1970,900,-320
6.1716,2199,1970,900,-320
6.1720,2199,1971,900,-328
6.1724,2199,1971,900,-328
6.1728,2199,1971,900,-328
6.1732,2199,1972,900,-328
6.1736,2199,1972,900,-328
6.1740,2199,1973,900,-328
6.1745,2199,1973,900,-328
6.1749,2199,1973,900,-328
6.1752,2199,1974,900,-328
6.1757,2199,1974,900,-328
6.1761,2199,1975,900,-328
6.1765,2199,1975,900,-328
6.1769,2199,1975,900,-328
6.1773,2199,1976,900,-328
6.1777,2199,1976,900,-328
6.1781,2199,1977,900,-336
6.1785,2199,1977,900,-336
6.1789,2199,1978,900,-336
6.1794,2199,1978,900,-336
6.1798,2199,1978,900,-336
6.1802,2204,1979,900,-336
6.1809,2204,1980,900,-336
6.1813,2204,1980,900,-336
6.1817,2204,1980,900,-336
6.1821,2204,1981,950,-336
6.1825,2204,1981,950,-336
6.1829,2204,1981,950,-336
6.1833,2204,1982,950,-344
6.1837,2204,1982,950,-344
6.1841,2204,1983,950,-344
6.1845,2204,1983,950,-344
6.1849,2204,1983,950,-344
6.1853,2204,1984,950,-344
6.1857,2204,1984,950,-344
6.1861,2204,1985,950,-344
6.1865,2204,1985,950,-344
6.1869,2204,1985,950,-344
6.1873,2204,1986,950,-344
6.1877,2204,1986,950,-344
6.1881,2204,1988,950,-344
6.1885,2204,1988,950,-344
6.1889,2204,1988,950,-344
6.1893,2204,1989,950,-344
6.1897,2204,1989,950,-344
6.1900,2208,1990,950,-344
6.1907,2208,1990,950,-344
6.1911,2208,1991,950,-344
6.1915,2208,1991,950,-344
6.1919,2208,1991,950,-344
6.1922,2208,1992,950,-352
6.1926,2208,1992,950,-352
6.1930,2208,1993,950,-352
6.1933,2208,1993,950,-352
6.1937,2208,1993,950,-352
6.1941,2208,1994,950,-352
6.1945,2208,1994,950,-352
6.1949,2208,1995,950,-352
6.1953,2208,1995,950,-352
6.1956,2208,1995,950,-352
6.1960,2208,1996,950,-360
6.1963,2208,1996,950,-360
6.1967,2208,1996,950,-360
6.1971,2208,1997,950,-360
6.1975,2208,1997,950,-360
6.1979,2208,1998,950,-360
6.1983,2208,1998,950,-360
6.1986,2208,1998,950,-360
6.1990,2208,1999,950,-368
6.1993,2208,1999,950,-368
6.1997,2208,1999,950,-368
6.2000,2211,2000,950,-368
6.2007,2211,2000,950,-368
6.2011,2211,2002,950,-360
6.2014,2211,2002,950,-360
6.2018,2211,2002,950,-360
6.2021,2211,2003,1100,-360
6.2025,2211,2003,1100,-360
6.2029,2211,2003,1100,-360
6.2032,2211,2004,1100,-368
6.2036,2211,2004,1100,-368
6.2039,2211,2005,1100,-368
6.2043,2211,2005,1100,-368
6.2046,2211,2005,1100,-368
6.2050,2211,2006,1100,-368
6.2054,2211,2006,1100,-368
6.2057,2211,2006,1100,-368
6.2061,2211,2007,1100,-376
6.2064,2211,2007,1100,-376
6.2068,2211,2007,1100,-376
6.2071,2211,2009,1100,-368
6.2075,2211,2009,1100,-368
6.2078,2211,2010,1100,-368
6.2082,2211,2010,1100,-368
6.2086,2211,2010,1100,-368
6.2089,2211,2011,1100,-368
6.2093,2211,2011,1100,-368
6.2096,2211,2011,1100,-368
6.2100,2211,2012,1100,-376
6.2103,2214,2012,1100,-376
6.2110,2214,2013,1100,-376
6.2113,2214,2013,1100,-376
6.2117,2214,2013,1100,-376
6.2120,2214,2014,1100,-376
6.2124,2214,2014,1100,-376
6.2128,2214,2014,1100,-376
6.2131,2214,2015,1100,-376
6.2135,2214,2015,1100,-376
6.2139,2214,2017,1100,-376
6.2142,2214,2017,1100,-376
6.2146,2214,2017,1100,-376
6.2149,2214,2018,1100,-376
6.2153,2214,2018,1100,-376
6.2157,2214,2018,1100,-376
6.2160,2214,2019,1100,-376
6.2164,2214,2019,1100,-376
6.2167,2214,2019,1100,-376
6.2171,2214,2020,1100,-376
6.2175,2214,2020,1100,-376
6.2179,2214,2021,1100,-376
6.2182,2214,2021,1100,-376
6.2186,2214,2021,1100,-376
6.2189,2214,2022,1100,-384
6.2193,2214,2022,1100,-384
6.2196,2214,2022,1100,-384
6.2200,2214,2024,1100,-364
6.2203,2217,2024,1100,-364
6.2210,2217,2025,1100,-364
6.2214,2217,2025,1100,-364
6.2217,2217,2025,1100,-364
6.2221,2217,2026,1150,-364
6.2224,2217,2026,1150,-364
6.2228,2217,2026,1150,-364
6.2231,2217,2027,1150,-364
6.2235,2217,2027,1150,-364
6.2238,2217,2029,1150,-364
6.2242,2217,2029,1150,-364
6.2246,2217,2029,1150,-364
6.2249,2217,2030,1150,-364
6.2253,2217,2030,1150,-364
6.2257,2217,2030,1150,-364
6.2260,2217,2031,1150,-364
6.2264,2217,2031,1150,-364
6.2267,2217,2031,1150,-364
6.2271,2217,2032,1150,-364
6.2275,2217,2032,1150,-364
6.2279,2217,2033,1150,-364
6.2282,2217,2033,1150,-364
6.2286,2217,2033,1150,-364
6.2289,2217,2035,1150,-364
6.2293,2217,2035,1150,-364
6.2297,2217,2035,1150,-364
6.2300,2218,2036,1150,-364
6.2307,2218,2036,1150,-364
6.2310,2218,2037,1150,-364
6.2314,2218,2037,1150,-364
6.2317,2218,2039,1150,-356
6.2322,2218,2039,1150,-356
6.2326,2218,2039,1150,-356
6.2329,2218,2040,1150,-356
6.2333,2218,2040,1150,-356
6.2337,2218,2040,1150,-356
6.2341,2218,2041,1150,-364
6.2345,2218,2041,1150,-364
6.2349,2218,2042,1150,-364
6.2352,2218,2042,1150,-364
6.2356,2218,2042,1150,-364
6.2360,2218,2044,1150,-356
6.2363,2218,2044,1150,-356
6.2367,2218,2044,1150,-356
6.2370,2218,2045,1150,-356
6.2374,2218,2045,1150,-356
6.2378,2218,2046,1150,-356
6.2381,2218,2046,1150,-356
6.2385,2218,2046,1150,-356
6.2389,2218,2047,1150,-356
6.2392,2218,2047,1150,-356
6.2396,2218,2047,1150,-356
6.2400,2218,2049,1150,-336
6.2404,2219,2049,1150,-336
6.2411,2219,2050,1150,-344
6.2415,2219,2050,1150,-344
6.2419,2219,2051,1250,-344
6.2423,2219,2051,1250,-344
6.2427,2219,2051,1250,-344
6.2430,2219,2052,1250,-344
6.2434,2219,2052,1250,-344
6.2438,2219,2054,1250,-336
6.2442,2219,2054,1250,-336
6.2446,2219,2054,1250,-336
6.2450,2219,2055,1250,-336
6.2453,2219,2055,1250,-336
6.2457,2219,2056,1250,-336
6.2461,2219,2056,1250,-336
6.2465,2219,2056,1250,-336
6.2469,2219,2057,1250,-336
6.2473,2219,2057,1250,-336
6.2477,2219,2057,1250,-336
6.2480,2219,2059,1250,-328
6.2484,2219,2059,1250,-328
6.2488,2219,2060,1250,-328
6.2492,2219,2060,1250,-328
6.2496,2219,2060,1250,-328
6.2499,2219,2061,1250,-328
6.2503,2220,2061,1250,-328
6.2510,2220,2062,1250,-328
6.2514,2220,2062,1250,-328
6.2518,2220,2064,1250,-328
6.2522,2220,2064,1250,-328
6.2526,2220,2064,1250,-328
6.2529,2220,2065,1250,-328
6.2533,2220,2065,1250,-328
6.2537,2220,2066,1250,-328
6.2540,2220,2066,1250,-328
6.2544,2220,2066,1250,-328
6.2548,2220,2067,1250,-328
6.2551,2220,2067,1250,-328
6.2555,2220,2067,1250,-328
6.2559,2220,2068,1250,-328
6.2562,2220,2068,1250,-328
6.2566,2220,2068,1250,-328
6.2570,2220,2070,1250,-320
6.2574,2220,2070,1250,-320
6.2578,2220,2071,1250,-320
6.2582,2220,2071,1250,-320
6.2586,2220,2071,1250,-320
6.2589,2220,2072,1250,-320
6.2593,2220,2072,1250,-320
6.2597,2220,2073,1250,-320
6.2601,2219,2073,1250,-320
6.2609,2219,2074,1250,-320
6.2613,2219,2074,1250,-320
6.2617,2219,2076,1250,-312
6.2621,2219,2076,1250,-312
6.2624,2219,2076,1250,-312
6.2628,2219,2077,1250,-312
6.2632,2219,2077,1250,-312
6.2636,2219,2077,1250,-312
6.2640,2219,2078,1250,-312
6.2644,2219,2078,1250,-312
6.2648,2219,2079,1250,-312
6.2652,2219,2079,1250,-312
6.2656,2219,2079,1250,-312
6.2660,2219,2080,1250,-312
6.2664,2219,2080,1250,-312
6.2668,2219,2081,1250,-312
6.2671,2219,2081,1250,-312
6.2675,2219,2081,1250,-312
6.2679,2219,2083,1250,-304
6.2683,2219,2083,1250,-304
6.2687,2219,2084,1250,-304
6.2691,2219,2084,1250,-304
6.2695,2219,2084,1250,-304
6.2699,2219,2085,1250,-304
6.2703,2218,2086,1250,-304
6.2711,2218,2086,1250,-304
6.2715,2218,2086,1250,-304
6.2719,2218,2087,1250,-304
6.2723,2218,2087,1250,-304
6.2727,2218,2089,1250,-296
6.2731,2218,2089,1250,-296
6.2735,2218,2089,1250,-296
6.2739,2218,2089,1250,-304
6.2743,2218,2089,1250,-304
6.2746,2218,2090,1250,-304
6.2750,2218,2090,1250,-304
6.2753,2218,2090,1250,-304
6.2757,2218,2092,1250,-296
6.2761,2218,2092,1250,-296
6.2764,2218,2092,1250,-296
6.2768,2218,2093,1250,-296
6.2771,2218,2093,1250,-296
6.2775,2218,2093,1250,-296
6.2779,2218,2094,1250,-296
6.2782,2218,2094,1250,-296
6.2786,2218,2094,1250,-296
6.2789,2218,2095,1250,-296
6.2793,2218,2095,1250,-296
6.2797,2218,2096,1250,-292
6.2801,2217,2096,1250,-292
6.2808,2217,2097,1250,-292
6.2812,2217,2097,1250,-292
6.2816,2217,2098,1100,-292
6.2819,2217,2098,1100,-292
6.2823,2217,2098,1100,-292
6.2827,2217,2100,1100,-284
6.2831,2217,2100,1100,-284
6.2835,2217,2100,1100,-284
6.2839,2217,2101,1100,-276
6.2843,2217,2101,1100,-276
6.2847,2217,2102,1100,-276
6.2851,2217,2102,1100,-276
6.2855,2217,2102,1100,-276
6.2859,2217,2103,1100,-276
6.2863,2217,2103,1100,-276
6.2867,2217,2104,1100,-276
6.2871,2217,2104,1100,-276
6.2875,2217,2105,1100,-276
6.2879,2217,2105,1100,-276
6.2883,2217,2105,1100,-276
6.2887,2217,2106,1100,-276
6.2891,2217,2106,1100,-276
6.2895,2217,2107,1100,-276
6.2899,2217,2107,1100,-276
6.2903,2214,2108,1100,-276
6.2910,2214,2108,1100,-276
6.2914,2214,2108,1100,-276
6.2918,2214,2110,1100,-268
6.2922,2214,2110,1100,-268
6.2926,2214,2111,1100,-268
6.2930,2214,2111,1100,-268
6.2934,2214,2111,1100,-268
6.2938,2214,2112,1100,-260
6.2942,2214,2112,1100,-260
6.2946,2214,2113,1100,-260
6.2950,2214,2113,1100,-260
6.2954,2214,2113,1100,-260
6.2958,2214,2114,1100,-260
6.2962,2214,2114,1100,-260
6.2966,2214,2115,1100,-260
6.2970,2214,2115,1100,-260
6.2974,2214,2115,1100,-260
6.2978,2214,2115,1100,-268
6.2982,2214,2115,1100,-268
6.2986,2214,2117,1100,-260
6.2990,2214,2117,1100,-260
6.2994,2214,2117,1100,-260
6.2997,2214,2118,1100,-256
6.3001,2211,2119,1100,-248
6.3010,2211,2119,1100,-248
6.3014,2211,2119,1100,-248
6.3018,2211,2119,1050,-256
6.3022,2211,2119,1050,-256
6.3026,2211,2121,1050,-248
6.3030,2211,2121,1050,-248
6.3034,2211,2121,1050,-248
6.3039,2211,2122,1050,-248
6.3043,2211,2122,1050,-248
6.3047,2211,2123,1050,-248
6.3051,2211,2123,1050,-248
6.3055,2211,2124,1050,-240
6.3059,2211,2124,1050,-240
6.3062,2211,2124,1050,-240
6.3066,2211,2125,1050,-240
6.3070,2211,2125,1050,-240
6.3074,2211,2125,1050,-240
6.3078,2211,2126,1050,-240
6.3082,2211,2126,1050,-240
6.3086,2211,2127,1050,-240
6.3089,2211,2127,1050,-240
6.3093,2211,2127,1050,-240
6.3097,2211,2128,1050,-240
6.3101,2208,2128,1050,-240
6.3108,2208,2129,1050,-232
6.3112,2208,2129,1050,-232
6.3115,2208,2130,1050,-232
6.3119,2208,2130,1050,-232
6.3123,2208,2130,1050,-232
6.3127,2208,2131,1050,-232
6.3131,2208,2131,1050,-232
6.3135,2208,2132,1050,-232
6.3139,2208,2132,1050,-232
6.3143,2208,2132,1050,-232
6.3146,2208,2132,1050,-240
6.3150,2208,2132,1050,-240
6.3154,2208,2132,1050,-240
6.3158,2208,2133,1050,-232
6.3162,2208,2133,1050,-232
6.3165,2208,2134,1050,-232
6.3169,2208,2134,1050,-232
6.3173,2208,2134,1050,-232
6.3176,2208,2135,1050,-232
6.3180,2208,2135,1050,-232
6.3184,2208,2135,1050,-232
6.3187,2208,2136,1050,-232
6.3191,2208,2136,1050,-232
6.3195,2208,2137,1050,-224
6.3199,2208,2137,1050,-224
6.3203,2203,2138,1050,-224
6.3209,2203,2138,1050,-224
6.3213,2203,2138,1050,-224
6.3217,2203,2139,1000,-224
6.3221,2203,2139,1000,-224
6.3225,2203,2140,1000,-216
6.3229,2203,2140,1000,-216
6.3233,2203,2140,1000,-216
6.3237,2203,2141,1000,-216
6.3240,2203,2141,1000,-216
6.3244,2203,2142,1000,-216
6.3248,2203,2142,1000,-216
6.3252,2203,2142,1000,-216
6.3255,2203,2143,1000,-216
6.3259,2203,2143,1000,-216
6.3263,2203,2143,1000,-216
6.3267,2203,2143,1000,-216
6.3270,2203,2143,1000,-216
6.3274,2203,2144,1000,-216
6.3278,2203,2144,1000,-216
6.3282,2203,2144,1000,-216
6.3285,2203,2145,1000,-216
6.3289,2203,2145,1000,-216
6.3293,2203,2145,1000,-216
6.3296,2203,2146,1000,-208
6.3300,2203,2146,1000,-208
6.3304,2198,2147,1000,-208
6.3311,2198,2147,1000,-208
6.3315,2198,2148,1000,-208
6.3319,2198,2148,1000,-208
6.3322,2198,2148,1000,-208
6.3326,2198,2149,1000,-200
6.3330,2198,2149,1000,-200
6.3334,2198,2150,1000,-200
6.3338,2198,2150,1000,-200
6.3342,2198,2150,1000,-200
6.3346,2198,2151,1000,-200
6.3349,2198,2151,1000,-200
6.3353,2198,2151,1000,-200
6.3357,2198,2152,1000,-192
6.3361,2198,2152,1000,-192
6.3366,2198,2152,1000,-200
6.3370,2198,2152,1000,-200
6.3373,2198,2153,1000,-200
6.3377,2198,2153,1000,-200
6.3381,2198,2153,1000,-200
6.3385,2198,2154,1000,-192
6.3389,2198,2154,1000,-192
6.3393,2198,2154,1000,-192
6.3396,2198,2155,1000,-192
6.3400,2193,2156,1000,-192
6.3407,2193,2156,1000,-192
6.3411,2193,2156,1000,-192
6.3415,2193,2157,900,-184
6.3419,2193,2157,900,-184
6.3423,2193,2158,900,-184
6.3427,2193,2158,900,-184
6.3431,2193,2158,900,-184
6.3435,2193,2158,900,-192
6.3439,2193,2158,900,-192
6.3443,2193,2159,900,-184
6.3447,2193,2159,900,-184
6.3451,2193,2159,900,-184
6.3455,2193,2160,900,-184
6.3459,2193,2160,900,-184
6.3463,2193,2160,900,-184
6.3466,2193,2161,900,-176
6.3470,2193,2161,900,-176
6.3474,2193,2161,900,-184
6.3478,2193,2161,900,-184
6.3482,2193,2161,900,-184
6.3485,2193,2162,900,-184
6.3489,2193,2162,900,-184
6.3493,2193,2163,900,-176
6.3497,2193,2163,900,-176
6.3501,2187,2163,900,-184
6.3508,2187,2163,900,-184
6.3512,2187,2163,900,-184
6.3515,2187,2164,900,-176
6.3519,2187,2164,900,-176
6.3523,2187,2165,900,-176
6.3527,2187,2165,900,-176
6.3531,2187,2165,900,-176
6.3534,2187,2165,900,-176
6.3538,2187,2165,900,-176
6.3542,2187,2165,900,-176
6.3546,2187,2166,900,-176
6.3549,2187,2166,900,-176
6.3553,2187,2167,900,-176
6.3557,2187,2167,900,-176
6.3561,2187,2167,900,-176
6.3565,2187,2168,900,-168
6.3569,2187,2168,900,-168
6.3573,2187,2168,900,-176
6.3576,2187,2168,900,-176
6.3580,2187,2168,900,-176
6.3584,2187,2169,900,-168
6.3588,2187,2169,900,-168
6.3592,2187,2169,900,-168
6.3596,2187,2170,900,-172
6.3599,2187,2170,900,-172
6.3603,2180,2171,900,-164
6.3610,2180,2171,900,-164
6.3614,2180,2171,700,-172
6.3618,2180,2171,700,-172
6.3622,2180,2171,700,-172
6.3626,2180,2172,700,-164
6.3629,2180,2172,700,-164
6.3633,2180,2173,700,-164
6.3637,2180,2173,700,-164
6.3641,2180,2173,700,-164
6.3645,2180,2174,700,-156
6.3649,2180,2174,700,-156
6.3653,2180,2174,700,-164
6.3656,2180,2174,700,-164
6.3660,2180,2174,700,-164
6.3664,2180,2175,700,-156
6.3668,2180,2175,700,-156
6.3672,2180,2175,700,-156
6.3676,2180,2176,700,-156
6.3680,2180,2176,700,-156
6.3684,2180,2176,700,-156
6.3688,2180,2176,700,-156
6.3692,2180,2176,700,-156
6.3696,2180,2177,700,-156
6.3699,2180,2177,700,-156
6.3703,2173,2178,700,-148
6.3711,2173,2178,700,-148
6.3715,2173,2178,700,-156
6.3719,2173,2178,700,-156
6.3723,2173,2179,700,-148
6.3727,2173,2179,700,-148
6.3731,2173,2179,700,-148
6.3735,2173,2180,700,-148
6.3740,2173,2180,700,-148
6.3744,2173,2180,700,-148
6.3748,2173,2180,700,-148
6.3752,2173,2181,700,-148
6.3756,2173,2181,700,-148
6.3760,2173,2181,700,-148
6.3764,2173,2182,700,-140
6.3768,2173,2182,700,-140
6.3772,2173,2182,700,-148
6.3776,2173,2182,700,-148
6.3780,2173,2182,700,-148
6.3784,2173,2183,700,-140
6.3788,2173,2183,700,-140
6.3792,2173,2183,700,-148
6.3796,2173,2183,700,-148
6.3799,2173,2183,700,-148
6.3803,2166,2184,700,-140
6.3811,2166,2184,700,-140
6.3815,2166,2184,650,-140
6.3819,2166,2184,650,-140
6.3823,2166,2185,650,-140
6.3827,2166,2185,650,-140
6.3831,2166,2186,650,-132
6.3836,2166,2186,650,-132
6.3839,2166,2186,650,-132
6.3843,2166,2186,650,-140
6.3847,2166,2186,650,-140
6.3852,2166,2187,650,-132
6.3856,2166,2187,650,-132
6.3860,2166,2187,650,-132
6.3865,2166,2187,650,-132
6.3869,2166,2187,650,-132
6.3873,2166,2188,650,-132
6.3877,2166,2188,650,-132
6.3881,2166,2189,650,-124
6.3885,2166,2189,650,-124
6.3890,2166,2189,650,-124
6.3894,2166,2189,650,-132
6.3898,2166,2189,650,-132
6.3902,2158,2189,650,-132
6.3911,2158,2190,650,-124
6.3916,2158,2190,650,-124
6.3920,2158,2190,650,-124
6.3924,2158,2191,650,-124
6.3929,2158,2191,650,-124
6.3933,2158,2191,650,-124
6.3937,2158,2191,650,-124
6.3941,2158,2192,650,-124
6.3946,2158,2192,650,-124
6.3950,2158,2192,650,-124
6.3955,2158,2192,650,-124
6.3959,2158,2192,650,-124
6.3963,2158,2193,650,-116
6.3968,2158,2193,650,-116
6.3972,2158,2193,650,-124
6.3976,2158,2193,650,-124
6.3980,2158,2193,650,-124
6.3985,2158,2194,650,-116
6.3990,2158,2194,650,-116
6.3994,2158,2195,650,-100
6.3998,2158,2195,650,-100
6.4002,2149,2195,650,-108
6.4010,2149,2195,650,-108
6.4014,2149,2196,600,-100
6.4018,2149,2196,600,-100
6.4022,2149,2196,600,-100
6.4026,2149,2196,600,-100
6.4030,2149,2196,600,-100
6.4034,2149,2196,600,-108
6.4038,2149,2196,600,-108
6.4042,2149,2197,600,-100
6.4046,2149,2197,600,-100
6.4050,2149,2197,600,-100
6.4054,2149,2197,600,-100
6.4058,2149,2197,600,-100
6.4062,2149,2198,600,-100
6.4066,2149,2198,600,-100
6.4070,2149,2198,600,-100
6.4074,2149,2198,600,-100
6.4078,2149,2198,600,-100
6.4082,2149,2199,600,-92
6.4086,2149,2199,600,-92
6.4090,2149,2199,600,-92
6.4094,2149,2200,600,-84
6.4098,2149,2200,600,-84
6.4102,2140,2200,600,-92
6.4110,2140,2200,600,-92
6.4114,2140,2200,600,-92
6.4118,2140,2200,600,-92
6.4122,2140,2201,600,-84
6.4126,2140,2201,600,-84
6.4130,2140,2201,600,-84
6.4134,2140,2201,600,-92
6.4138,2140,2201,600,-92
6.4142,2140,2202,600,-84
6.4146,2140,2202,600,-84
6.4150,2140,2202,600,-84
6.4154,2140,2202,600,-84
6.4158,2140,2202,600,-84
6.4162,2140,2203,600,-76
6.4166,2140,2203,600,-76
6.4170,2140,2203,600,-84
6.4174,2140,2203,600,-84
6.4178,2140,2203,600,-84
6.4183,2140,2204,600,-76
6.4187,2140,2204,600,-76
6.4191,2140,2204,600,-84
6.4196,2140,2204,600,-84
6.4200,2140,2204,600,-84
6.4204,2131,2204,600,-84
6.4212,2131,2205,450,-76
6.4216,2131,2205,450,-76
6.4220,2131,2205,450,-84
6.4224,2131,2205,450,-84
6.4228,2131,2205,450,-84
6.4233,2131,2205,450,-84
6.4237,2131,2205,450,-84
6.4241,2131,2206,450,-76
6.4245,2131,2206,450,-76
6.4249,2131,2206,450,-76
6.4253,2131,2206,450,-76
6.4258,2131,2206,450,-76
6.4262,2131,2207,450,-76
6.4266,2131,2207,450,-76
6.4270,2131,2207,450,-76
6.4275,2131,2207,450,-76
6.4279,2131,2207,450,-76
6.4283,2131,2207,450,-76
6.4288,2131,2207,450,-76
6.4292,2131,2208,450,-68
6.4296,2131,2208,450,-68
6.4301,2122,2208,450,-68
6.4309,2122,2208,450,-68
6.4313,2122,2208,450,-76
6.4317,2122,2208,450,-76
6.4321,2122,2209,450,-68
6.4326,2122,2209,450,-68
6.4330,2122,2209,450,-68
6.4334,2122,2209,450,-68
6.4338,2122,2209,450,-68
6.4342,2122,2209,450,-68
6.4347,2122,2209,450,-68
6.4351,2122,2209,450,-68
6.4355,2122,2209,450,-68
6.4360,2122,2210,450,-60
6.4364,2122,2210,450,-60
6.4368,2122,2210,450,-60
6.4373,2122,2210,450,-60
6.4377,2122,2210,450,-60
6.4381,2122,2210,450,-68
6.4385,2122,2210,450,-68
6.4389,2122,2210,450,-68
6.4393,2122,2211,450,-60
6.4397,2122,2211,450,-60
6.4401,2112,2211,450,-60
6.4409,2112,2211,300,-60
6.4413,2112,2211,300,-60
6.4418,2112,2211,300,-60
6.4422,2112,2211,300,-60
6.4426,2112,2211,300,-60
6.4430,2112,2212,300,-52
6.4434,2112,2212,300,-52
6.4438,2112,2212,300,-52
6.4442,2112,2212,300,-52
6.4446,2112,2212,300,-52
6.4450,2112,2212,300,-60
6.4455,2112,2212,300,-60
6.4459,2112,2212,300,-60
6.4463,2112,2212,300,-60
6.4467,2112,2212,300,-60
6.4471,2112,2213,300,-52
6.4475,2112,2213,300,-52
6.4479,2112,2213,300,-52
6.4484,2112,2213,300,-52
6.4488,2112,2213,300,-52
6.4492,2112,2213,300,-52
6.4496,2112,2213,300,-52
6.4500,2102,2214,300,-44
6.4508,2102,2214,300,-44
6.4512,2102,2214,300,-44
6.4517,2102,2214,300,-44
6.4521,2102,2214,300,-44
6.4525,2102,2214,300,-44
6.4530,2102,2214,300,-44
6.4534,2102,2214,300,-44
6.4538,2102,2214,300,-44
6.4542,2102,2215,300,-36
6.4546,2102,2215,300,-36
6.4550,2102,2215,300,-36
6.4554,2102,2215,300,-36
6.4559,2102,2215,300,-36
6.4563,2102,2215,300,-36
6.4567,2102,2215,300,-36
6.4571,2102,2215,300,-36
6.4575,2102,2215,300,-36
6.4580,2102,2216,300,-28
6.4584,2102,2216,300,-28
6.4588,2102,2216,300,-28
6.4592,2102,2216,300,-24
6.4596,2102,2216,300,-24
6.4600,2091,2216,300,-24
6.4608,2091,2216,250,-24
6.4613,2091,2216,250,-24
6.4617,2091,2216,250,-24
6.4621,2091,2216,250,-24
6.4625,2091,2216,250,-24
6.4630,2091,2217,250,0
6.4634,2091,2217,250,0
6.4638,2091,2217,250,0
6.4642,2091,2217,250,0
6.4646,2091,2217,250,0
6.4651,2091,2217,250,0
6.4656,2091,2217,250,0
6.4660,2091,2217,250,0
6.4663,2091,2217,250,0
6.4667,2091,2217,250,0
6.4671,2091,2217,250,0
6.4676,2091,2217,250,0
6.4680,2091,2217,250,0
6.4684,2091,2217,250,0
6.4689,2091,2217,250,24
6.4693,2091,2217,250,24
6.4697,2091,2217,250,24
6.4701,2081,2218,250,32
6.4709,2081,2218,250,32
6.4713,2081,2218,250,32
6.4717,2081,2218,250,32
6.4721,2081,2218,250,32
6.4725,2081,2218,250,32
6.4729,2081,2218,250,32
6.4733,2081,2218,250,32
6.4736,2081,2218,250,32
6.4740,2081,2218,250,32
6.4744,2081,2218,250,32
6.4748,2081,2218,250,32
6.4752,2081,2218,250,32
6.4756,2081,2218,250,32
6.4760,2081,2218,250,32
6.4765,2081,2218,250,32
6.4770,2081,2218,250,32
6.4774,2081,2218,250,32
6.4778,2081,2218,250,32
6.4782,2081,2218,250,32
6.4786,2081,2218,250,32
6.4791,2081,2218,250,28
6.4795,2081,2218,250,28
6.4799,2081,2218,250,28
6.4804,2070,2218,100,28
6.4812,2070,2218,100,28
6.4816,2070,2218,100,28
6.4820,2070,2219,100,28
6.4824,2070,2219,100,28
6.4828,2070,2219,100,36
6.4832,2070,2219,100,36
6.4836,2070,2219,100,36
6.4840,2070,2219,100,36
6.4844,2070,2219,100,36
6.4848,2070,2219,100,36
6.4852,2070,2219,100,36
6.4857,2070,2219,100,36
6.4861,2070,2219,100,36
6.4865,2070,2219,100,36
6.4869,2070,2219,100,36
6.4874,2070,2219,100,36
6.4878,2070,2219,100,36
6.4882,2070,2219,100,36
6.4886,2070,2219,100,36
6.4890,2070,2219,100,44
6.4894,2070,2219,100,44
6.4898,2070,2219,100,44
6.4902,2059,2219,100,44
6.4910,2059,2219,100,44
6.4914,2059,2219,100,44
6.4919,2059,2219,100,44
6.4923,2059,2219,100,44
6.4927,2059,2219,100,44
6.4931,2059,2219,100,52
6.4936,2059,2219,100,52
6.4940,2059,2219,100,52
6.4944,2059,2219,100,52
6.4948,2059,2219,100,52
6.4952,2059,2219,100,52
6.4957,2059,2219,100,52
6.4961,2059,2219,100,52
6.4965,2059,2219,100,52
6.4970,2059,2219,100,60
6.4974,2059,2219,100,60
6.4978,2059,2219,100,60
6.4983,2059,2219,100,60
6.4987,2059,2219,100,60
6.4991,2059,2219,100,64
6.4995,2059,2219,100,64
6.5000,2059,2219,100,64
6.5004,2049,2219,50,72
6.5012,2049,2219,50,72
6.5016,2049,2219,50,72
6.5020,2049,2219,50,72
6.5024,2049,2219,50,72
6.5028,2049,2219,50,72
6.5032,2049,2219,50,72
6.5036,2049,2219,50,72
6.5041,2049,2219,50,72
6.5045,2049,2219,50,72
6.5050,2049,2219,50,80
6.5054,2049,2219,50,80
6.5058,2049,2219,50,80
6.5062,2049,2219,50,80
6.5066,2049,2219,50,80
6.5071,2049,2219,50,80
6.5076,2049,2219,50,80
6.5080,2049,2219,50,88
6.5084,2049,2219,50,88
6.5088,2049,2219,50,88
6.5092,2049,2219,50,88
6.5096,2049,2219,50,88
6.5101,2038,2219,50,88
6.5109,2038,2219,50,88
6.5113,2038,2219,50,88
6.5117,2038,2219,50,96
6.5121,2038,2219,50,96
6.5125,2038,2219,50,96
6.5130,2038,2218,50,88
6.5134,2038,2218,50,88
6.5138,2038,2218,50,88
6.5142,2038,2218,50,88
6.5147,2038,2218,50,96
6.5151,2038,2218,50,96
6.5156,2038,2218,50,96
6.5160,2038,2218,50,96
6.5164,2038,2218,50,96
6.5168,2038,2218,50,96
6.5173,2038,2218,50,96
6.5177,2038,2218,50,104
6.5181,2038,2218,50,104
6.5186,2038,2218,50,104
6.5190,2038,2218,50,108
6.5194,2038,2218,50,108
6.5198,2038,2218,50,116
6.5202,2027,2217,-100,108
6.5210,2027,2217,-100,108
6.5214,2027,2217,-100,108
6.5219,2027,2217,-100,108
6.5223,2027,2217,-100,108
6.5227,2027,2217,-100,116
6.5232,2027,2217,-100,116
6.5236,2027,2217,-100,116
6.5240,2027,2217,-100,116
6.5244,2027,2217,-100,116
6.5249,2027,2216,-100,108
6.5253,2027,2216,-100,108
6.5257,2027,2216,-100,116
6.5261,2027,2216,-100,116
6.5266,2027,2216,-100,116
6.5270,2027,2216,-100,116
6.5274,2027,2216,-100,116
6.5278,2027,2216,-100,124
6.5282,2027,2216,-100,124
6.5286,2027,2215,-100,116
6.5290,2027,2215,-100,116
6.5294,2027,2215,-100,116
6.5299,2027,2215,-100,116
6.5305,2017,2215,-100,124
6.5313,2017,2215,-100,124
6.5317,2017,2214,-100,116
6.5321,2017,2214,-100,116
6.5326,2017,2214,-100,124
6.5330,2017,2214,-100,124
6.5334,2017,2214,-100,124
6.5338,2017,2214,-100,124
6.5342,2017,2214,-100,124
6.5347,2017,2213,-100,124
6.5351,2017,2213,-100,124
6.5356,2017,2213,-100,124
6.5360,2017,2213,-100,124
6.5364,2017,2213,-100,124
6.5368,2017,2213,-100,124
6.5373,2017,2213,-100,124
6.5377,2017,2212,-100,124
6.5381,2017,2212,-100,124
6.5386,2017,2212,-100,112
6.5390,2017,2212,-100,112
6.5394,2017,2212,-100,112
6.5399,2017,2212,-100,120
6.5403,2006,2212,-250,120
6.5411,2006,2212,-250,120
6.5416,2006,2211,-250,120
6.5420,2006,2211,-250,120
6.5424,2006,2211,-250,120
6.5428,2006,2211,-250,120
6.5433,2006,2211,-250,120
6.5437,2006,2211,-250,128
6.5441,2006,2211,-250,128
6.5445,2006,2210,-250,120
6.5450,2006,2210,-250,120
6.5454,2006,2210,-250,120
6.5458,2006,2210,-250,128
6.5462,2006,2210,-250,128
6.5467,2006,2210,-250,128
6.5471,2006,2210,-250,128
6.5476,2006,2209,-250,128
6.5480,2006,2209,-250,128
6.5484,2006,2209,-250,128
6.5489,2006,2209,-250,128
6.5493,2006,2209,-250,128
6.5497,2006,2208,-250,128
6.5501,1996,2208,-250,128
6.5508,1996,2208,-250,128
6.5512,1996,2208,-250,128
6.5517,1996,2208,-250,136
6.5521,1996,2208,-250,136
6.5525,1996,2207,-250,128
6.5529,1996,2207,-250,128
6.5534,1996,2207,-250,128
6.5538,1996,2207,-250,136
6.5542,1996,2207,-250,136
6.5546,1996,2206,-250,128
6.5550,1996,2206,-250,128
6.5554,1996,2206,-250,128
6.5558,1996,2206,-250,136
6.5562,1996,2206,-250,136
6.5566,1996,2206,-250,136
6.5570,1996,2206,-250,136
6.5574,1996,2206,-250,136
6.5578,1996,2205,-250,136
6.5582,1996,2205,-250,136
6.5586,1996,2205,-250,140
6.5590,1996,2205,-250,140
6.5594,1996,2205,-250,140
6.5598,1996,2205,-250,148
6.5602,1986,2204,-400,148
6.5610,1986,2204,-400,148
6.5614,1986,2204,-400,148
6.5618,1986,2204,-400,148
6.5622,1986,2204,-400,148
6.5626,1986,2203,-400,148
6.5630,1986,2203,-400,148
6.5634,1986,2203,-400,148
6.5638,1986,2203,-400,148
6.5642,1986,2203,-400,148
6.5646,1986,2202,-400,148
6.5650,1986,2202,-400,148
6.5654,1986,2202,-400,148
6.5659,1986,2202,-400,148
6.5663,1986,2202,-400,148
6.5667,1986,2202,-400,156
6.5671,1986,2202,-400,156
6.5675,1986,2201,-400,156
6.5679,1986,2201,-400,156
6.5683,1986,2201,-400,156
6.5687,1986,2201,-400,156
6.5691,1986,2201,-400,156
6.5696,1986,2200,-400,156
6.5700,1986,2200,-400,156
6.5704,1976,2200,-400,164
6.5712,1976,2200,-400,164
6.5716,1976,2199,-400,156
6.5720,1976,2199,-400,156
6.5724,1976,2199,-400,164
6.5728,1976,2199,-400,164
6.5732,1976,2199,-400,164
6.5736,1976,2198,-400,156
6.5740,1976,2198,-400,156
6.5744,1976,2198,-400,164
6.5748,1976,2198,-400,164
6.5752,1976,2198,-400,164
6.5756,1976,2198,-400,172
6.5760,1976,2198,-400,172
6.5764,1976,2197,-400,164
6.5768,1976,2197,-400,164
6.5772,1976,2197,-400,164
6.5776,1976,2197,-400,172
6.5780,1976,2197,-400,172
6.5784,1976,2197,-400,188
6.5788,1976,2197,-400,188
6.5793,1976,2197,-400,188
6.5797,1976,2196,-400,180
6.5801,1967,2196,-400,188
6.5808,1967,2196,-400,188
6.5813,1967,2196,-400,188
6.5817,1967,2195,-400,188
6.5821,1967,2195,-400,188
6.5825,1967,2194,-400,180
6.5829,1967,2194,-400,180
6.5833,1967,2194,-400,180
6.5837,1967,2194,-400,188
6.5841,1967,2194,-400,188
6.5845,1967,2194,-400,196
6.5850,1967,2194,-400,196
6.5854,1967,2193,-400,188
6.5858,1967,2193,-400,188
6.5862,1967,2193,-400,188
6.5866,1967,2193,-400,196
6.5870,1967,2193,-400,196
6.5875,1967,2192,-400,196
6.5879,1967,2192,-400,196
6.5883,1967,2192,-400,196
6.5887,1967,2192,-400,196
6.5891,1967,2192,-400,196
6.5895,1967,2191,-400,196
6.5899,1967,2191,-400,196
6.5904,1957,2190,-400,196
6.5911,1957,2190,-400,196
6.5915,1957,2190,-400,204
6.5919,1957,2190,-400,204
6.5923,1957,2190,-400,204
6.5927,1957,2190,-400,204
6.5931,1957,2190,-400,204
6.5935,1957,2189,-400,204
6.5940,1957,2189,-400,204
6.5944,1957,2188,-400,204
6.5948,1957,2188,-400,204
6.5953,1957,2188,-400,204
6.5957,1957,2188,-400,212
6.5961,1957,2188,-400,212
6.5965,1957,2187,-400,204
6.5970,1957,2187,-400,204
6.5974,1957,2187,-400,212
6.5978,1957,2187,-400,212
6.5982,1957,2187,-400,212
6.5986,1957,2186,-400,204
6.5990,1957,2186,-400,204
6.5995,1957,2185,-400,204
6.5999,1957,2185,-400,204
6.6003,1948,2185,-550,204
6.6011,1948,2185,-550,204
6.6016,1948,2184,-550,204
6.6020,1948,2184,-550,204
6.6024,1948,2184,-550,212
6.6028,1948,2184,-550,212
6.6032,1948,2184,-550,212
6.6036,1948,2183,-550,212
6.6040,1948,2183,-550,212
6.6045,1948,2182,-550,204
6.6049,1948,2182,-550,204
6.6053,1948,2182,-550,212
6.6057,1948,2182,-550,212
6.6061,1948,2182,-550,212
6.6065,1948,2181,-550,212
6.6070,1948,2181,-550,212
6.6074,1948,2180,-550,212
6.6078,1948,2180,-550,212
6.6082,1948,2180,-550,212
6.6086,1948,2180,-550,220
6.6090,1948,2180,-550,220
6.6095,1948,2179,-550,212
6.6099,1948,2179,-550,212
6.6103,1940,2178,-550,212
6.6110,1940,2178,-550,212
6.6115,1940,2178,-550,220
6.6119,1940,2178,-550,220
6.6124,1940,2177,-550,220
6.6128,1940,2177,-550,220
6.6132,1940,2177,-550,228
6.6136,1940,2177,-550,228
6.6141,1940,2177,-550,228
6.6145,1940,2176,-550,228
6.6150,1940,2176,-550,228
6.6154,1940,2175,-550,220
6.6158,1940,2175,-550,220
6.6162,1940,2175,-550,228
6.6166,1940,2175,-550,228
6.6170,1940,2175,-550,228
6.6175,1940,2174,-550,228
6.6179,1940,2174,-550,228
6.6183,1940,2173,-550,228
6.6187,1940,2173,-550,228
6.6191,1940,2173,-550,228
6.6196,1940,2173,-550,236
6.6200,1940,2173,-550,236
6.6204,1932,2172,-650,236
6.6212,1932,2171,-650,236
6.6216,1932,2171,-650,236
6.6220,1932,2171,-650,236
6.6224,1932,2171,-650,236
6.6228,1932,2171,-650,236
6.6233,1932,2170,-650,236
6.6237,1932,2170,-650,236
6.6241,1932,2170,-650,236
6.6245,1932,2169,-650,236
6.6249,1932,2169,-650,236
6.6253,1932,2169,-650,244
6.6257,1932,2169,-650,244
6.6262,1932,2169,-650,244
6.6266,1932,2168,-650,244
6.6270,1932,2168,-650,244
6.6274,1932,2167,-650,244
6.6278,1932,2167,-650,244
6.6282,1932,2167,-650,252
6.6287,1932,2167,-650,252
6.6291,1932,2167,-650,252
6.6295,1932,2166,-650,252
6.6300,1932,2166,-650,252
6.6304,1924,2165,-650,252
6.6312,1924,2164,-650,244
6.6316,1924,2164,-650,244
6.6320,1924,2164,-650,244
6.6324,1924,2163,-650,244
6.6328,1924,2163,-650,244
6.6333,1924,2163,-650,252
6.6337,1924,2163,-650,252
6.6341,1924,2163,-650,252
6.6345,1924,2162,-650,252
6.6350,1924,2162,-650,252
6.6354,1924,2161,-650,252
6.6358,1924,2161,-650,252
6.6362,1924,2161,-650,260
6.6366,1924,2161,-650,260
6.6370,1924,2161,-650,260
6.6374,1924,2160,-650,260
6.6379,1924,2160,-650,260
6.6383,1924,2159,-650,264
6.6387,1924,2159,-650,264
6.6391,1924,2159,-650,264
6.6395,1924,2158,-650,264
6.6400,1924,2158,-650,264
6.6404,1917,2157,-750,264
6.6412,1917,2157,-750,272
6.6416,1917,2157,-750,272
6.6421,1917,2157,-750,272
6.6425,1917,2156,-750,272
6.6430,1917,2156,-750,272
6.6434,1917,2155,-750,272
6.6438,1917,2155,-750,272
6.6442,1917,2154,-750,272
6.6446,1917,2154,-750,272
6.6451,1917,2154,-750,272
6.6456,1917,2153,-750,272
6.6460,1917,2153,-750,272
6.6464,1917,2153,-750,280
6.6469,1917,2153,-750,280
6.6473,1917,2152,-750,280
6.6477,1917,2152,-750,280
6.6481,1917,2151,-750,280
6.6485,1917,2151,-750,280
6.6490,1917,2151,-750,280
6.6494,1917,2150,-750,280
6.6498,1917,2150,-750,280
6.6502,1911,2149,-750,280
6.6510,1911,2149,-750,280
6.6516,1911,2149,-750,288
6.6520,1911,2149,-750,288
6.6525,1911,2148,-750,288
6.6530,1911,2148,-750,288
6.6534,1911,2147,-750,288
6.6538,1911,2147,-750,288
6.6542,1911,2146,-750,288
6.6547,1911,2146,-750,288
6.6551,1911,2145,-750,288
6.6556,1911,2145,-750,288
6.6560,1911,2145,-750,288
6.6565,1911,2144,-750,288
6.6570,1911,2144,-750,288
6.6574,1911,2143,-750,288
6.6578,1911,2143,-750,288
6.6582,1911,2142,-750,284
6.6586,1911,2142,-750,284
6.6590,1911,2142,-750,292
6.6595,1911,2142,-750,292
6.6599,1911,2142,-750,292
6.6603,1905,2141,-800,292
6.6610,1905,2141,-800,292
6.6614,1905,2140,-800,292
6.6618,1905,2140,-800,292
6.6623,1905,2139,-800,292
6.6627,1905,2139,-800,292
6.6631,1905,2138,-800,300
6.6636,1905,2138,-800,300
6.6640,1905,2138,-800,300
6.6644,1905,2137,-800,300
6.6648,1905,2137,-800,300
6.6652,1905,2136,-800,300
6.6657,1905,2136,-800,300
6.6661,1905,2135,-800,300
6.6666,1905,2135,-800,300
6.6670,1905,2134,-800,300
6.6676,1905,2134,-800,300
6.6680,1905,2133,-800,300
6.6685,1905,2133,-800,300
6.6689,1905,2133,-800,300
6.6694,1905,2132,-800,300
6.6698,1905,2132,-800,300
6.6702,1899,2131,-800,300
6.6710,1899,2130,-800,300
6.6714,1899,2130,-800,300
6.6718,1899,2130,-800,300
6.6723,1899,2129,-800,308
6.6727,1899,2129,-800,308
6.6731,1899,2128,-800,308
6.6735,1899,2128,-800,308
6.6740,1899,2128,-800,308
6.6744,1899,2127,-800,308
6.6748,1899,2127,-800,308
6.6752,1899,2126,-800,308
6.6757,1899,2126,-800,308
6.6761,1899,2126,-800,316
6.6765,1899,2126,-800,316
6.6770,1899,2125,-800,316
6.6774,1899,2125,-800,316
6.6778,1899,2125,-800,316
6.6782,1899,2124,-800,320
6.6787,1899,2124,-800,320
6.6791,1899,2123,-800,328
6.6796,1899,2123,-800,328
6.6800,1899,2122,-950,328
6.6804,1894,2122,-950,328
6.6812,1894,2121,-950,328
6.6817,1894,2121,-950,328
6.6821,1894,2120,-950,328
6.6826,1894,2120,-950,328
6.6830,1894,2119,-950,328
6.6834,1894,2119,-950,328
6.6839,1894,2119,-950,328
6.6843,1894,2118,-950,328
6.6847,1894,2118,-950,328
6.6851,1894,2117,-950,336
6.6856,1894,2117,-950,336
6.6860,1894,2116,-950,336
6.6864,1894,2116,-950,336
6.6869,1894,2116,-950,336
6.6873,1894,2114,-950,328
6.6877,1894,2114,-950,328
6.6881,1894,2113,-950,328
6.6886,1894,2113,-950,328
6.6890,1894,2112,-950,328
6.6894,1894,2112,-950,328
6.6898,1894,2112,-950,328
6.6902,1890,2111,-950,336
6.6911,1890,2110,-950,336
6.6916,1890,2110,-950,336
6.6920,1890,2109,-950,336
6.6924,1890,2109,-950,336
6.6928,1890,2109,-950,336
6.6933,1890,2108,-950,336
6.6937,1890,2108,-950,336
6.6942,1890,2107,-950,344
6.6946,1890,2107,-950,344
6.6950,1890,2106,-950,344
6.6954,1890,2106,-950,344
6.6959,1890,2106,-950,344
6.6963,1890,2105,-950,344
6.6967,1890,2105,-950,344
6.6971,1890,2104,-950,344
6.6976,1890,2104,-950,344
6.6980,1890,2103,-950,352
6.6984,1890,2103,-950,352
6.6989,1890,2103,-950,352
6.6993,1890,2102,-950,352
6.6997,1890,2102,-950,352
6.7002,1887,2101,-1050,352
6.7010,1887,2100,-1050,352
6.7014,1887,2100,-1050,352
6.7019,1887,2100,-1050,352
6.7023,1887,2099,-1050,360
6.7027,1887,2099,-1050,360
6.7031,1887,2098,-1050,360
6.7036,1887,2098,-1050,360
6.7040,1887,2097,-1050,360
6.7044,1887,2097,-1050,360
6.7049,1887,2095,-1050,352
6.7053,1887,2095,-1050,352
6.7057,1887,2095,-1050,352
6.7061,1887,2094,-1050,360
6.7066,1887,2094,-1050,360
6.7070,1887,2093,-1050,360
6.7076,1887,2093,-1050,360
6.7080,1887,2092,-1050,360
6.7084,1887,2092,-1050,360
6.7088,1887,2092,-1050,360
6.7092,1887,2091,-1050,368
6.7096,1887,2091,-1050,368
6.7101,1884,2090,-1050,368
6.7108,1884,2090,-1050,368
6.7113,1884,2089,-1050,368
6.7117,1884,2089,-1050,368
6.7121,1884,2087,-1050,360
6.7126,1884,2087,-1050,360
6.7130,1884,2086,-1050,368
6.7134,1884,2086,-1050,368
6.7138,1884,2086,-1050,368
6.7142,1884,2085,-1050,368
6.7147,1884,2085,-1050,368
6.7151,1884,2084,-1050,368
6.7156,1884,2084,-1050,368
6.7160,1884,2083,-1050,368
6.7164,1884,2083,-1050,368
6.7168,1884,2082,-1050,376
6.7173,1884,2082,-1050,376
6.7177,1884,2082,-1050,376
6.7181,1884,2081,-1050,372
6.7186,1884,2081,-1050,372
6.7190,1884,2079,-1050,364
6.7194,1884,2079,-1050,364
6.7199,1884,2078,-1150,364
6.7203,1881,2078,-1150,364
6.7211,1881,2077,-1150,372
6.7216,1881,2077,-1150,372
6.7220,1881,2076,-1150,372
6.7224,1881,2076,-1150,372
6.7228,1881,2075,-1150,372
6.7233,1881,2075,-1150,372
6.7237,1881,2075,-1150,372
6.7241,1881,2073,-1150,364
6.7246,1881,2073,-1150,364
6.7250,1881,2072,-1150,372
6.7254,1881,2072,-1150,372
6.7259,1881,2071,-1150,372
6.7263,1881,2071,-1150,372
6.7267,1881,2071,-1150,372
6.7271,1881,2070,-1150,372
6.7275,1881,2070,-1150,372
6.7280,1881,2069,-1150,372
6.7284,1881,2069,-1150,372
6.7288,1881,2067,-1150,364
6.7292,1881,2067,-1150,364
6.7297,1881,2067,-1150,364
6.7301,1880,2066,-1150,372
6.7309,1880,2065,-1150,372
6.7313,1880,2065,-1150,372
6.7317,1880,2065,-1150,372
6.7321,1880,2064,-1150,372
6.7325,1880,2064,-1150,372
6.7330,1880,2063,-1150,372
6.7334,1880,2063,-1150,372
6.7338,1880,2061,-1150,364
6.7342,1880,2061,-1150,364
6.7347,1880,2061,-1150,364
6.7351,1880,2060,-1150,372
6.7356,1880,2060,-1150,372
6.7360,1880,2059,-1150,372
6.7364,1880,2059,-1150,372
6.7369,1880,2057,-1150,364
6.7373,1880,2057,-1150,364
6.7377,1880,2056,-1150,348
6.7382,1880,2056,-1150,348
6.7386,1880,2056,-1150,348
6.7390,1880,2055,-1150,348
6.7394,1880,2055,-1150,348
6.7399,1880,2054,-1200,348
6.7403,1879,2054,-1200,348
6.7411,1879,2053,-1200,356
6.7416,1879,2053,-1200,356
6.7420,1879,2052,-1200,356
6.7424,1879,2052,-1200,356
6.7429,1879,2050,-1200,348
6.7433,1879,2050,-1200,348
6.7437,1879,2049,-1200,348
6.7442,1879,2049,-1200,348
6.7446,1879,2049,-1200,348
6.7450,1879,2048,-1200,348
6.7454,1879,2048,-1200,348
6.7459,1879,2046,-1200,340
6.7463,1879,2046,-1200,340
6.7467,1879,2045,-1200,340
6.7471,1879,2045,-1200,340
6.7476,1879,2045,-1200,340
6.7480,1879,2044,-1200,340
6.7484,1879,2044,-1200,340
6.7489,1879,2043,-1200,348
6.7493,1879,2043,-1200,348
6.7497,1879,2041,-1200,340
6.7501,1878,2041,-1200,340
6.7510,1878,2040,-1200,340
6.7514,1878,2040,-1200,340
6.7518,1878,2039,-1200,340
6.7522,1878,2039,-1200,340
6.7526,1878,2039,-1200,340
6.7531,1878,2037,-1200,332
6.7536,1878,2037,-1200,332
6.7540,1878,2036,-1200,332
6.7544,1878,2036,-1200,332
6.7548,1878,2035,-1200,332
6.7553,1878,2035,-1200,332
6.7557,1878,2033,-1200,324
6.7562,1878,2033,-1200,324
6.7566,1878,2033,-1200,324
6.7571,1878,2032,-1200,324
6.7576,1878,2032,-1200,324
6.7581,1878,2031,-1200,316
6.7586,1878,2031,-1200,316
6.7590,1878,2030,-1200,316
6.7594,1878,2030,-1200,316
6.7598,1878,2029,-1250,324
6.7602,1879,2029,-1250,324
6.7610,1879,2028,-1250,324
6.7615,1879,2028,-1250,324
6.7619,1879,2027,-1250,324
6.7623,1879,2027,-1250,324
6.7627,1879,2025,-1250,316
6.7632,1879,2025,-1250,316
6.7636,1879,2025,-1250,316
6.7640,1879,2024,-1250,316
6.7644,1879,2024,-1250,316
6.7649,1879,2023,-1250,316
6.7653,1879,2023,-1250,316
6.7657,1879,2022,-1250,316
6.7662,1879,2022,-1250,316
6.7666,1879,2021,-1250,316
6.7670,1879,2021,-1250,316
6.7675,1879,2021,-1250,316
6.7680,1879,2020,-1250,316
6.7684,1879,2020,-1250,316
6.7689,1879,2018,-1250,308
6.7693,1879,2018,-1250,308
6.7697,1879,2017,-1250,308
6.7702,1880,2017,-1250,308
6.7710,1880,2016,-1250,308
6.7714,1880,2016,-1250,308
6.7719,1880,2014,-1250,300
6.7723,1880,2014,-1250,300
6.7727,1880,2013,-1250,300
6.7731,1880,2013,-1250,300
6.7736,1880,2013,-1250,300
6.7740,1880,2012,-1250,300
6.7744,1880,2012,-1250,300
6.7748,1880,2011,-1250,300
6.7753,1880,2011,-1250,300
6.7757,1880,2010,-1250,300
6.7761,1880,2010,-1250,300
6.7766,1880,2009,-1250,300
6.7770,1880,2009,-1250,300
6.7774,1880,2009,-1250,300
6.7779,1880,2008,-1250,304
6.7783,1880,2008,-1250,304
6.7788,1880,2007,-1250,304
6.7792,1880,2007,-1250,304
6.7796,1880,2005,-1200,296
6.7801,1881,2005,-1200,296
6.7809,1881,2004,-1200,296
6.7813,1881,2004,-1200,296
6.7818,1881,2003,-1200,296
6.7822,1881,2003,-1200,296
6.7827,1881,2002,-1200,296
6.7831,1881,2002,-1200,296
6.7835,1881,2001,-1200,296
6.7840,1881,2001,-1200,296
6.7844,1881,2001,-1200,296
6.7849,1881,2000,-1200,296
6.7853,1881,2000,-1200,296
6.7857,1881,1999,-1200,288
6.7862,1881,1999,-1200,288
6.7866,1881,1998,-1200,288
6.7870,1881,1998,-1200,288
6.7875,1881,1998,-1200,288
6.7879,1881,1997,-1200,288
6.7883,1881,1997,-1200,288
6.7888,1881,1995,-1200,280
6.7893,1881,1995,-1200,280
6.7897,1881,1994,-1200,280
6.7901,1884,1993,-1200,280
6.7910,1884,1993,-1200,280
6.7914,1884,1993,-1200,280
6.7919,1884,1992,-1200,280
6.7923,1884,1992,-1200,280
6.7927,1884,1991,-1200,280
6.7932,1884,1991,-1200,280
6.7936,1884,1990,-1200,280
6.7941,1884,1990,-1200,280
6.7946,1884,1989,-1200,280
6.7950,1884,1989,-1200,280
6.7954,1884,1989,-1200,280
6.7959,1884,1988,-1200,280
6.7963,1884,1988,-1200,280
6.7967,1884,1987,-1200,272
6.7971,1884,1987,-1200,272
6.7975,1884,1986,-1200,264
6.7979,1884,1986,-1200,264
6.7984,1884,1986,-1200,264
6.7988,1884,1985,-1200,264
6.7992,1884,1985,-1200,264
6.7997,1884,1984,-1050,264
6.8001,1887,1983,-1050,264
6.8010,1887,1983,-1050,264
6.8014,1887,1983,-1050,264
6.8018,1887,1982,-1050,264
6.8023,1887,1982,-1050,264
6.8027,1887,1981,-1050,264
6.8032,1887,1981,-1050,264
6.8036,1887,1980,-1050,256
6.8040,1887,1980,-1050,256
6.8044,1887,1980,-1050,256
6.8049,1887,1979,-1050,256
6.8053,1887,1979,-1050,256
6.8057,1887,1978,-1050,256
6.8062,1887,1978,-1050,256
6.8066,1887,1977,-1050,256
6.8070,1887,1977,-1050,256
6.8074,1887,1977,-1050,256
6.8079,1887,1976,-1050,256
6.8083,1887,1976,-1050,256
6.8087,1887,1975,-1050,256
6.8091,1887,1975,-1050,256
6.8095,1887,1974,-1050,248
6.8100,1887,1974,-1050,248
6.8104,1890,1973,-1050,248
6.8112,1890,1973,-1050,248
6.8116,1890,1972,-1050,248
6.8120,1890,1972,-1050,248
6.8124,1890,1972,-1050,248
6.8128,1890,1971,-1050,248
6.8132,1890,1971,-1050,248
6.8136,1890,1970,-1050,248
6.8141,1890,1970,-1050,248
6.8146,1890,1969,-1050,240
6.8150,1890,1969,-1050,240
6.8154,1890,1969,-1050,240
6.8158,1890,1968,-1050,240
6.8163,1890,1968,-1050,240
6.8167,1890,1967,-1050,240
6.8171,1890,1967,-1050,240
6.8175,1890,1966,-1050,244
6.8180,1890,1966,-1050,244
6.8184,1890,1966,-1050,244
6.8188,1890,1965,-1050,244
6.8192,1890,1965,-1050,244
6.8197,1890,1964,-1000,236
6.8201,1895,1963,-1000,236
6.8210,1895,1963,-1000,236
6.8214,1895,1963,-1000,236
6.8218,1895,1962,-1000,236
6.8222,1895,1962,-1000,236
6.8226,1895,1961,-1000,236
6.8231,1895,1961,-1000,236
6.8236,1895,1960,-1000,228
6.8240,1895,1960,-1000,228
6.8244,1895,1959,-1000,228
6.8248,1895,1959,-1000,228
6.8253,1895,1959,-1000,228
6.8257,1895,1958,-1000,228
6.8261,1895,1958,-1000,228
6.8266,1895,1957,-1000,220
6.8270,1895,1957,-1000,220
6.8274,1895,1957,-1000,228
6.8279,1895,1957,-1000,228
6.8283,1895,1957,-1000,228
6.8288,1895,1956,-1000,228
6.8292,1895,1956,-1000,228
6.8297,1895,1955,-1000,228
6.8301,1900,1954,-1000,220
6.8310,1900,1954,-1000,220
6.8314,1900,1953,-1000,220
6.8318,1900,1953,-1000,220
6.8323,1900,1953,-1000,220
6.8327,1900,1952,-1000,220
6.8331,1900,1952,-1000,220
6.8335,1900,1951,-1000,212
6.8340,1900,1951,-1000,212
6.8344,1900,1950,-1000,212
6.8349,1900,1950,-1000,212
6.8353,1900,1950,-1000,212
6.8358,1900,1949,-1000,212
6.8362,1900,1949,-1000,212
6.8366,1900,1948,-1000,212
6.8370,1900,1948,-1000,212
6.8375,1900,1947,-1000,196
6.8380,1900,1947,-1000,196
6.8384,1900,1946,-1000,196
6.8388,1900,1946,-1000,196
6.8393,1900,1946,-1000,196
6.8397,1900,1945,-950,196
6.8401,1905,1945,-950,196
6.8410,1905,1945,-950,196
6.8414,1905,1944,-950,196
6.8418,1905,1944,-950,196
6.8422,1905,1944,-950,196
6.8426,1905,1943,-950,188
6.8430,1905,1943,-950,188
6.8435,1905,1942,-950,188
6.8439,1905,1942,-950,188
6.8443,1905,1941,-950,188
6.8448,1905,1941,-950,188
6.8453,1905,1941,-950,188
6.8457,1905,1941,-950,188
6.8461,1905,1941,-950,188
6.8465,1905,1940,-950,188
6.8469,1905,1940,-950,188
6.8473,1905,1940,-950,188
6.8477,1905,1939,-950,188
6.8482,1905,1939,-950,188
6.8486,1905,1938,-950,180
6.8490,1905,1938,-950,180
6.8494,1905,1937,-950,180
6.8498,1905,1937,-950,180
6.8502,1911,1936,-950,180
6.8510,1911,1936,-950,180
6.8514,1911,1936,-950,180
6.8518,1911,1936,-950,180
6.8523,1911,1935,-950,180
6.8527,1911,1935,-950,180
6.8531,1911,1935,-950,180
6.8535,1911,1934,-950,172
6.8540,1911,1934,-950,172
6.8544,1911,1934,-950,180
6.8548,1911,1934,-950,180
6.8552,1911,1934,-950,180
6.8556,1911,1933,-950,172
6.8561,1911,1933,-950,172
6.8565,1911,1932,-950,172
6.8570,1911,1932,-950,172
6.8574,1911,1931,-950,180
6.8578,1911,1931,-950,180
6.8582,1911,1931,-950,180
6.8587,1911,1931,-950,180
6.8591,1911,1931,-950,180
6.8596,1911,1930,-750,180
6.8600,1911,1930,-750,180
6.8604,1918,1929,-750,172
6.8612,1918,1929,-750,172
6.8616,1918,1928,-750,172
6.8620,1918,1928,-750,172
6.8624,1918,1928,-750,172
6.8629,1918,1928,-750,172
6.8633,1918,1927,-750,172
6.8637,1918,1927,-750,172
6.8641,1918,1927,-750,172
6.8646,1918,1926,-750,172
6.8650,1918,1926,-750,172
6.8654,1918,1926,-750,172
6.8659,1918,1926,-750,172
6.8663,1918,1925,-750,172
6.8667,1918,1925,-750,172
6.8671,1918,1925,-750,172
6.8676,1918,1924,-750,164
6.8680,1918,1924,-750,164
6.8684,1918,1923,-750,164
6.8688,1918,1923,-750,164
6.8692,1918,1923,-750,164
6.8696,1918,1923,-750,164
6.8701,1925,1922,-750,164
6.8708,1925,1922,-750,164
6.8712,1925,1922,-750,164
6.8717,1925,1922,-750,164
6.8721,1925,1922,-750,164
6.8725,1925,1921,-750,164
6.8729,1925,1921,-750,164
6.8734,1925,1920,-750,156
6.8738,1925,1920,-750,156
6.8743,1925,1919,-750,156
6.8747,1925,1919,-750,156
6.8751,1925,1919,-750,156
6.8755,1925,1919,-750,156
6.8760,1925,1919,-750,156
6.8764,1925,1918,-750,156
6.8768,1925,1918,-750,156
6.8772,1925,1918,-750,156
6.8777,1925,1918,-750,156
6.8781,1925,1918,-750,156
6.8785,1925,1917,-750,156
6.8790,1925,1917,-750,156
6.8794,1925,1916,-700,148
6.8798,1925,1916,-700,148
6.8802,1932,1916,-700,148
6.8810,1932,1916,-700,148
6.8815,1932,1915,-700,148
6.8820,1932,1915,-700,148
6.8824,1932,1914,-700,140
6.8828,1932,1914,-700,140
6.8832,1932,1914,-700,148
6.8837,1932,1914,-700,148
6.8841,1932,1914,-700,148
6.8845,1932,1913,-700,140
6.8850,1932,1913,-700,140
6.8854,1932,1913,-700,148
6.8858,1932,1913,-700,148
6.8862,1932,1912,-700,140
6.8867,1932,1912,-700,140
6.8871,1932,1912,-700,140
6.8875,1932,1911,-700,140
6.8880,1932,1911,-700,140
6.8884,1932,1911,-700,140
6.8888,1932,1911,-700,140
6.8892,1932,1910,-700,132
6.8896,1932,1910,-700,132
6.8901,1940,1909,-700,132
6.8909,1940,1909,-700,132
6.8913,1940,1909,-700,132
6.8917,1940,1909,-700,132
6.8921,1940,1908,-700,132
6.8925,1940,1908,-700,132
6.8930,1940,1908,-700,132
6.8934,1940,1908,-700,132
6.8938,1940,1908,-700,132
6.8942,1940,1908,-700,132
6.8946,1940,1908,-700,132
6.8951,1940,1908,-700,132
6.8955,1940,1907,-700,132
6.8960,1940,1907,-700,132
6.8964,1940,1907,-700,132
6.8968,1940,1907,-700,132
6.8972,1940,1906,-700,132
6.8976,1940,1906,-700,132
6.8980,1940,1906,-700,132
6.8985,1940,1905,-700,124
6.8989,1940,1905,-700,124
6.8993,1940,1905,-550,124
6.8997,1940,1905,-550,124
6.9001,1949,1904,-550,124
6.9010,1949,1904,-550,124
6.9014,1949,1903,-550,116
6.9018,1949,1903,-550,116
6.9022,1949,1903,-550,116
6.9026,1949,1903,-550,116
6.9031,1949,1903,-550,116
6.9036,1949,1902,-550,116
6.9040,1949,1902,-550,116
6.9044,1949,1902,-550,116
6.9048,1949,1902,-550,116
6.9052,1949,1901,-550,108
6.9057,1949,1901,-550,108
6.9061,1949,1901,-550,116
6.9065,1949,1901,-550,116
6.9070,1949,1901,-550,116
6.9074,1949,1901,-550,116
6.9078,1949,1901,-550,116
6.9082,1949,1900,-550,108
6.9087,1949,1900,-550,108
6.9091,1949,1899,-550,108
6.9095,1949,1899,-550,108
6.9100,1949,1899,-550,108
6.9104,1958,1899,-550,108
6.9112,1958,1898,-550,100
6.9116,1958,1898,-550,100
6.9120,1958,1898,-550,100
6.9124,1958,1898,-550,108
6.9128,1958,1898,-550,108
6.9132,1958,1898,-550,108
6.9137,1958,1898,-550,108
6.9141,1958,1897,-550,100
6.9146,1958,1897,-550,100
6.9150,1958,1897,-550,100
6.9154,1958,1896,-550,92
6.9158,1958,1896,-550,92
6.9163,1958,1896,-550,100
6.9167,1958,1896,-550,100
6.9171,1958,1895,-550,84
6.9175,1958,1895,-550,84
6.9180,1958,1895,-550,84
6.9184,1958,1895,-550,84
6.9188,1958,1895,-550,84
6.9192,1958,1895,-500,92
6.9197,1958,1895,-500,92
6.9201,1967,1894,-500,84
6.9209,1967,1894,-500,84
6.9213,1967,1894,-500,84
6.9217,1967,1894,-500,84
6.9221,1967,1893,-500,76
6.9225,1967,1893,-500,76
6.9230,1967,1893,-500,84
6.9234,1967,1893,-500,84
6.9238,1967,1893,-500,84
6.9242,1967,1893,-500,84
6.9247,1967,1893,-500,84
6.9251,1967,1892,-500,76
6.9255,1967,1892,-500,76
6.9260,1967,1892,-500,76
6.9264,1967,1892,-500,76
6.9268,1967,1892,-500,76
6.9272,1967,1891,-500,68
6.9276,1967,1891,-500,68
6.9280,1967,1891,-500,76
6.9284,1967,1891,-500,76
6.9288,1967,1891,-500,76
6.9293,1967,1891,-500,76
6.9297,1967,1891,-500,76
6.9301,1976,1890,-500,68
6.9310,1976,1890,-500,68
6.9314,1976,1890,-500,68
6.9319,1976,1890,-500,68
6.9323,1976,1889,-500,68
6.9327,1976,1889,-500,68
6.9331,1976,1889,-500,68
6.9336,1976,1889,-500,68
6.9340,1976,1889,-500,68
6.9344,1976,1889,-500,68
6.9348,1976,1889,-500,68
6.9352,1976,1888,-500,60
6.9357,1976,1888,-500,60
6.9361,1976,1888,-500,60
6.9365,1976,1888,-500,60
6.9370,1976,1887,-500,56
6.9374,1976,1887,-500,56
6.9378,1976,1887,-500,56
6.9382,1976,1887,-500,64
6.9386,1976,1887,-500,64
6.9391,1976,1887,-400,64
6.9396,1976,1887,-400,64
6.9400,1976,1887,-400,64
6.9404,1987,1887,-400,64
6.9412,1987,1887,-400,64
6.9416,1987,1887,-400,64
6.9420,1987,1886,-400,56
6.9425,1987,1886,-400,56
6.9429,1987,1886,-400,56
6.9433,1987,1886,-400,56
6.9437,1987,1886,-400,56
6.9442,1987,1886,-400,64
6.9446,1987,1886,-400,64
6.9450,1987,1885,-400,56
6.9455,1987,1885,-400,56
6.9459,1987,1885,-400,56
6.9463,1987,1885,-400,56
6.9467,1987,1885,-400,56
6.9472,1987,1885,-400,56
6.9476,1987,1885,-400,56
6.9480,1987,1885,-400,56
6.9484,1987,1885,-400,56
6.9489,1987,1885,-400,48
6.9493,1987,1884,-400,48
6.9497,1987,1884,-400,48
6.9501,1996,1884,-400,48
6.9510,1996,1884,-400,48
6.9514,1996,1884,-400,48
6.9518,1996,1884,-400,48
6.9522,1996,1883,-400,40
6.9527,1996,1883,-400,40
6.9531,1996,1883,-400,48
6.9535,1996,1883,-400,48
6.9540,1996,1883,-400,48
6.9544,1996,1883,-400,48
6.9548,1996,1883,-400,48
6.9552,1996,1883,-400,48
6.9556,1996,1883,-400,48
6.9561,1996,1882,-400,40
6.9565,1996,1882,-400,40
6.9570,1996,1882,-400,48
6.9574,1996,1882,-400,48
6.9578,1996,1882,-400,48
6.9582,1996,1882,-400,48
6.9586,1996,1882,-400,48
6.9590,1996,1882,-250,48
6.9594,1996,1882,-250,48
6.9599,1996,1881,-250,40
6.9603,2007,1881,-250,40
6.9611,2007,1881,-250,40
6.9616,2007,1881,-250,40
6.9620,2007,1881,-250,40
6.9624,2007,1881,-250,40
6.9628,2007,1881,-250,40
6.9632,2007,1881,-250,40
6.9636,2007,1881,-250,40
6.9641,2007,1880,-250,32
6.9646,2007,1880,-250,32
6.9650,2007,1880,-250,32
6.9654,2007,1880,-250,32
6.9659,2007,1880,-250,32
6.9663,2007,1880,-250,32
6.9667,2007,1880,-250,32
6.9671,2007,1880,-250,32
6.9675,2007,1880,-250,32
6.9680,2007,1880,-250,32
6.9684,2007,1880,-250,32
6.9688,2007,1880,-250,32
6.9692,2007,1880,-250,32
6.9697,2007,1880,-250,32
6.9701,2017,1880,-250,32
6.9710,2017,1879,-250,24
6.9714,2017,1879,-250,24
6.9718,2017,1879,-250,0
6.9722,2017,1879,-250,0
6.9726,2017,1879,-250,0
6.9730,2017,1879,-250,0
6.9735,2017,1879,-250,0
6.9740,2017,1879,-250,0
6.9744,2017,1879,-250,0
6.9749,2017,1879,-250,0
6.9753,2017,1879,-250,0
6.9756,2017,1879,-250,0
6.9760,2017,1879,-250,0
6.9764,2017,1879,-250,0
6.9768,2017,1878,-250,-36
6.9772,2017,1878,-250,-36
6.9776,2017,1878,-250,-36
6.9780,2017,1878,-250,-36
6.9784,2017,1878,-250,-36
6.9788,2017,1878,-200,-36
6.9792,2017,1878,-200,-36
6.9797,2017,1878,-200,-36
6.9801,2028,1878,-200,-36
6.9809,2028,1878,-200,-36
6.9814,2028,1878,-200,-36
6.9818,2028,1878,-200,-36
6.9822,2028,1878,-200,-36
6.9827,2028,1878,-200,-36
6.9831,2028,1878,-200,-36
6.9835,2028,1878,-200,-36
6.9840,2028,1878,-200,-36
6.9844,2028,1878,-200,-36
6.9848,2028,1878,-200,-36
6.9852,2028,1878,-200,-36
6.9856,2028,1878,-200,-36
6.9861,2028,1878,-200,-36
6.9865,2028,1878,-200,-36
6.9870,2028,1878,-200,-36
6.9874,2028,1878,-200,-36
6.9878,2028,1878,-200,-36
6.9882,2028,1878,-200,-36
6.9887,2028,1878,-200,-36
6.9891,2028,1878,-200,-36
6.9896,2028,1878,-200,-36
6.9900,2028,1878,-200,-36
6.9904,2039,1877,-200,-44
6.9912,2039,1877,-200,-44
6.9916,2039,1877,-200,-44
6.9920,2039,1877,-200,-52
6.9924,2039,1877,-200,-52
6.9929,2039,1877,-200,-52
6.9933,2039,1877,-200,-52
6.9937,2039,1877,-200,-52
6.9941,2039,1877,-200,-52
6.9946,2039,1877,-200,-52
6.9950,2039,1877,-200,-52
6.9954,2039,1877,-200,-52
6.9959,2039,1877,-200,-52
6.9963,2039,1877,-200,-52
6.9967,2039,1877,-200,-52
6.9971,2039,1877,-200,-52
6.9975,2039,1877,-200,-52
6.9979,2039,1877,-200,-52
6.9983,2039,1877,-200,-52
6.9987,2039,1877,-50,-52
6.9992,2039,1877,-50,-52
6.9996,2039,1877,-50,-52
7.0000,2049,1877,-50,-52
7.0009,2049,1877,-50,-60
7.0013,2049,1877,-50,-60
7.0017,2049,1877,-50,-60
7.0022,2049,1877,-50,-60
7.0026,2049,1877,-50,-60
7.0030,2049,1877,-50,-60
7.0034,2049,1877,-50,-60
7.0039,2049,1877,-50,-60
7.0043,2049,1877,-50,-60
7.0047,2049,1877,-50,-68
7.0051,2049,1877,-50,-68
7.0056,2049,1877,-50,-68
7.0060,2049,1877,-50,-68
7.0064,2049,1877,-50,-68
7.0068,2049,1877,-50,-68
7.0073,2049,1877,-50,-68
7.0077,2049,1877,-50,-68
7.0081,2049,1877,-50,-68
7.0086,2049,1877,-50,-68
7.0090,2049,1877,-50,-76
7.0094,2049,1877,-50,-76
7.0099,2049,1877,-50,-76
7.0103,2060,1877,-50,-76
7.0111,2060,1877,-50,-76
7.0116,2060,1877,-50,-76
7.0120,2060,1877,-50,-76
7.0124,2060,1877,-50,-76
7.0128,2060,1877,-50,-84
7.0133,2060,1877,-50,-84
7.0137,2060,1877,-50,-84
7.0141,2060,1877,-50,-84
7.0146,2060,1877,-50,-84
7.0151,2060,1877,-50,-84
7.0156,2060,1877,-50,-84
7.0160,2060,1877,-50,-92
7.0164,2060,1877,-50,-92
7.0168,2060,1877,-50,-100
7.0172,2060,1877,-50,-100
7.0176,2060,1877,-50,-100
7.0180,2060,1877,-50,-100
7.0185,2060,1877,-50,-100
7.0189,2060,1877,0,-108
7.0194,2060,1877,0,-108
7.0198,2060,1877,0,-108
7.0202,2071,1877,0,-108
7.0210,2071,1877,0,-108
7.0214,2071,1877,0,-108
7.0218,2071,1877,0,-116
7.0223,2071,1877,0,-116
7.0227,2071,1877,0,-116
7.0231,2071,1877,0,-116
7.0235,2071,1877,0,-116
7.0239,2071,1877,0,-116
7.0244,2071,1877,0,-116
7.0248,2071,1877,0,-124
7.0252,2071,1877,0,-124
7.0256,2071,1877,0,-124
7.0260,2071,1877,0,-124
7.0266,2071,1877,0,-124
7.0270,2071,1877,0,-132
7.0274,2071,1877,0,-132
7.0278,2071,1878,0,-124
7.0282,2071,1878,0,-124
7.0286,2071,1878,0,-124
7.0290,2071,1878,0,-124
7.0294,2071,1878,0,-124
7.0299,2071,1878,0,-132
7.0303,2081,1878,0,-132
7.0310,2081,1878,0,-132
7.0314,2081,1878,0,-132
7.0318,2081,1879,0,-124
7.0322,2081,1879,0,-124
7.0326,2081,1879,0,-132
7.0330,2081,1879,0,-132
7.0335,2081,1879,0,-132
7.0339,2081,1879,0,-132
7.0343,2081,1879,0,-132
7.0347,2081,1879,0,-140
7.0351,2081,1879,0,-140
7.0356,2081,1879,0,-140
7.0360,2081,1879,0,-140
7.0364,2081,1879,0,-140
7.0368,2081,1880,0,-128
7.0372,2081,1880,0,-128
7.0376,2081,1880,0,-136
7.0381,2081,1880,0,-136
7.0385,2081,1880,150,-136
7.0390,2081,1880,150,-136
7.0394,2081,1880,150,-136
7.0398,2081,1881,150,-136
7.0402,2092,1881,150,-136
7.0410,2092,1881,150,-136
7.0414,2092,1881,150,-136
7.0418,2092,1881,150,-144
7.0422,2092,1881,150,-144
7.0426,2092,1882,150,-136
7.0431,2092,1882,150,-136
7.0435,2092,1882,150,-144
7.0440,2092,1882,150,-144
7.0444,2092,1882,150,-144
7.0448,2092,1882,150,-144
7.0453,2092,1882,150,-144
7.0457,2092,1882,150,-144
7.0461,2092,1882,150,-144
7.0465,2092,1883,150,-144
7.0470,2092,1883,150,-144
7.0474,2092,1883,150,-144
7.0478,2092,1883,150,-144
7.0482,2092,1883,150,-144
7.0486,2092,1884,150,-144
7.0491,2092,1884,150,-144
7.0495,2092,1884,150,-144
7.0500,2092,1884,150,-144
7.0504,2102,1885,150,-144
7.0512,2102,1885,150,-144
7.0516,2102,1885,150,-144
7.0520,2102,1885,150,-144
7.0524,2102,1885,150,-144
7.0528,2102,1885,150,-152
7.0532,2102,1885,150,-152
7.0536,2102,1886,150,-144
7.0541,2102,1886,150,-144
7.0545,2102,1886,150,-152
7.0549,2102,1886,150,-152
7.0554,2102,1886,150,-152
7.0558,2102,1886,150,-152
7.0562,2102,1886,150,-152
7.0566,2102,1887,150,-148
7.0570,2102,1887,150,-148
7.0574,2102,1887,150,-148
7.0579,2102,1887,150,-148
7.0583,2102,1887,150,-148
7.0587,2102,1888,400,-148
7.0591,2102,1888,400,-148
7.0596,2102,1888,400,-156
7.0600,2102,1888,400,-156
7.0604,2112,1889,400,-148
7.0612,2112,1889,400,-148
7.0616,2112,1889,400,-156
7.0620,2112,1889,400,-156
7.0624,2112,1889,400,-156
7.0628,2112,1889,400,-156
7.0632,2112,1889,400,-156
7.0636,2112,1890,400,-156
7.0641,2112,1890,400,-156
7.0646,2112,1890,400,-156
7.0650,2112,1890,400,-156
7.0654,2112,1890,400,-156
7.0658,2112,1891,400,-156
7.0662,2112,1891,400,-156
7.0667,2112,1891,400,-156
7.0671,2112,1891,400,-156
7.0675,2112,1892,400,-156
7.0679,2112,1892,400,-156
7.0684,2112,1892,400,-156
7.0688,2112,1892,400,-164
7.0692,2112,1892,400,-164
7.0696,2112,1892,400,-164
7.0700,2122,1893,400,-164
7.0708,2122,1893,400,-164
7.0712,2122,1893,400,-164
7.0716,2122,1894,400,-156
7.0721,2122,1894,400,-156
7.0725,2122,1894,400,-164
7.0729,2122,1894,400,-164
7.0734,2122,1894,400,-172
7.0738,2122,1894,400,-172
7.0742,2122,1894,400,-172
7.0747,2122,1895,400,-164
7.0751,2122,1895,400,-164
7.0755,2122,1895,400,-172
7.0760,2122,1895,400,-172
7.0764,2122,1896,400,-160
7.0768,2122,1896,400,-160
7.0772,2122,1896,400,-160
7.0777,2122,1896,400,-168
7.0781,2122,1896,400,-168
7.0785,2122,1897,450,-168
7.0790,2122,1897,450,-168
7.0794,2122,1897,450,-168
7.0798,2122,1897,450,-168
7.0802,2131,1898,450,-168
7.0810,2131,1898,450,-168
7.0815,2131,1898,450,-176
7.0820,2131,1898,450,-176
7.0824,2131,1899,450,-168
7.0828,2131,1899,450,-168
7.0833,2131,1899,450,-168
7.0837,2131,1899,450,-176
7.0841,2131,1899,450,-176
7.0845,2131,1900,450,-176
7.0850,2131,1900,450,-176
7.0854,2131,1900,450,-176
7.0858,2131,1900,450,-176
7.0862,2131,1900,450,-176
7.0867,2131,1900,450,-184
7.0871,2131,1900,450,-184
7.0875,2131,1901,450,-184
7.0880,2131,1901,450,-184
7.0884,2131,1901,450,-184
7.0888,2131,1901,450,-184
7.0892,2131,1901,450,-184
7.0897,2131,1902,450,-184
7.0901,2141,1902,450,-192
7.0910,2141,1902,450,-192
7.0914,2141,1903,450,-184
7.0918,2141,1903,450,-184
7.0923,2141,1903,450,-184
7.0927,2141,1903,450,-192
7.0931,2141,1903,450,-192
7.0935,2141,1904,450,-192
7.0940,2141,1904,450,-192
7.0944,2141,1905,450,-184
7.0948,2141,1905,450,-184
7.0952,2141,1905,450,-184
7.0957,2141,1905,450,-192
7.0961,2141,1905,450,-192
7.0965,2141,1906,450,-200
7.0970,2141,1906,450,-200
7.0974,2141,1906,450,-208
7.0978,2141,1906,450,-208
7.0982,2141,1906,450,-208
7.0987,2141,1907,500,-200
7.0991,2141,1907,500,-200
7.0996,2141,1907,500,-208
7.1000,2141,1907,500,-208
7.1004,2150,1908,500,-208
7.1012,2150,1908,500,-208
7.1017,2150,1909,500,-208
7.1021,2150,1909,500,-208
7.1025,2150,1909,500,-208
7.1030,2150,1909,500,-208
7.1034,2150,1910,500,-208
7.1038,2150,1910,500,-208
7.1042,2150,1910,500,-216
7.1047,2150,1910,500,-216
7.1051,2150,1910,500,-216
7.1056,2150,1911,500,-216
7.1060,2150,1911,500,-216
7.1064,2150,1912,500,-208
7.1068,2150,1912,500,-208
7.1073,2150,1912,500,-216
7.1077,2150,1912,500,-216
7.1082,2150,1912,500,-216
7.1086,2150,1913,500,-216
7.1090,2150,1913,500,-216
7.1094,2150,1913,500,-224
7.1099,2150,1913,500,-224
7.1103,2158,1914,500,-216
7.1111,2158,1914,500,-216
7.1116,2158,1915,500,-216
7.1120,2158,1915,500,-216
7.1124,2158,1915,500,-224
7.1128,2158,1915,500,-224
7.1132,2158,1916,500,-224
7.1136,2158,1916,500,-224
7.1141,2158,1916,500,-224
7.1145,2158,1917,500,-224
7.1150,2158,1917,500,-224
7.1154,2158,1917,500,-224
7.1158,2158,1917,500,-224
7.1162,2158,1918,500,-220
7.1167,2158,1918,500,-220
7.1171,2158,1918,500,-220
7.1175,2158,1919,500,-220
7.1180,2158,1919,500,-220
7.1184,2158,1919,600,-228
7.1188,2158,1919,600,-228
7.1192,2158,1920,600,-228
7.1196,2158,1920,600,-228
7.1200,2166,1921,600,-228
7.1208,2166,1921,600,-228
7.1212,2166,1921,600,-228
7.1216,2166,1921,600,-228
7.1221,2166,1921,600,-228
7.1225,2166,1922,600,-228
7.1230,2166,1922,600,-228
7.1234,2166,1923,600,-228
7.1238,2166,1923,600,-228
7.1242,2166,1923,600,-236
7.1246,2166,1923,600,-236
7.1251,2166,1923,600,-236
7.1255,2166,1924,600,-236
7.1260,2166,1924,600,-236
7.1264,2166,1924,600,-244
7.1268,2166,1924,600,-244
7.1272,2166,1925,600,-244
7.1276,2166,1925,600,-244
7.1281,2166,1925,600,-244
7.1285,2166,1926,600,-244
7.1290,2166,1926,600,-244
7.1294,2166,1927,600,-236
7.1298,2166,1927,600,-236
7.1302,2174,1927,600,-244
7.1310,2174,1927,600,-244
7.1314,2174,1928,600,-244
7.1318,2174,1928,600,-244
7.1322,2174,1928,600,-252
7.1326,2174,1928,600,-252
7.1330,2174,1928,600,-252
7.1335,2174,1929,600,-252
7.1340,2174,1929,600,-252
7.1344,2174,1930,600,-252
7.1348,2174,1930,600,-252
7.1352,2174,1931,600,-252
7.1356,2174,1931,600,-252
7.1360,2174,1931,600,-252
7.1365,2174,1932,600,-256
7.1369,2174,1932,600,-256
7.1373,2174,1933,600,-256
7.1378,2174,1933,600,-256
7.1382,2174,1933,700,-264
7.1386,2174,1933,700,-264
7.1391,2174,1933,700,-264
7.1395,2174,1934,700,-264
7.1399,2174,1934,700,-264
7.1404,2181,1935,700,-256
7.1412,2181,1935,700,-264
7.1416,2181,1935,700,-264
7.1420,2181,1935,700,-264
7.1424,2181,1936,700,-264
7.1428,2181,1936,700,-264
7.1432,2181,1937,700,-264
7.1436,2181,1937,700,-264
7.1440,2181,1937,700,-264
7.1444,2181,1938,700,-264
7.1448,2181,1938,700,-264
7.1452,2181,1939,700,-264
7.1457,2181,1939,700,-264
7.1461,2181,1940,700,-264
7.1465,2181,1940,700,-264
7.1469,2181,1940,700,-264
7.1473,2181,1941,700,-264
7.1477,2181,1941,700,-264
7.1481,2181,1941,700,-272
7.1485,2181,1941,700,-272
7.1490,2181,1941,700,-272
7.1494,2181,1942,700,-272
7.1498,2181,1942,700,-272
7.1502,2187,1943,700,-272
7.1510,2187,1943,700,-272
7.1514,2187,1944,700,-272
7.1518,2187,1944,700,-272
7.1522,2187,1944,700,-280
7.1526,2187,1944,700,-280
7.1530,2187,1944,700,-280
7.1534,2187,1945,700,-280
7.1538,2187,1945,700,-280
7.1543,2187,1946,700,-280
7.1547,2187,1946,700,-280
7.1551,2187,1947,700,-280
7.1555,2187,1947,700,-280
7.1559,2187,1947,700,-280
7.1564,2187,1948,700,-276
7.1568,2187,1948,700,-276
7.1572,2187,1948,700,-284
7.1576,2187,1948,700,-284
7.1580,2187,1949,800,-284
7.1585,2187,1949,800,-284
7.1590,2187,1949,800,-284
7.1594,2187,1950,800,-284
7.1598,2187,1950,800,-284
7.1602,2193,1951,800,-284
7.1610,2193,1951,800,-284
7.1614,2193,1952,800,-284
7.1618,2193,1952,800,-284
7.1623,2193,1953,800,-284
7.1627,2193,1953,800,-284
7.1631,2193,1954,800,-284
7.1635,2193,1954,800,-284
7.1640,2193,1954,800,-284
7.1644,2193,1955,800,-292
7.1648,2193,1955,800,-292
7.1652,2193,1956,800,-292
7.1657,2193,1956,800,-292
7.1661,2193,1957,800,-292
7.1666,2193,1957,800,-292
7.1670,2193,1957,800,-292
7.1674,2193,1958,800,-292
7.1678,2193,1958,800,-292
7.1682,2193,1958,800,-300
7.1686,2193,1958,800,-300
7.1691,2193,1959,800,-300
7.1696,2193,1959,800,-300
7.1700,2193,1959,800,-300
7.1704,2199,1960,800,-300
7.1712,2199,1961,800,-300
7.1716,2199,1961,800,-300
7.1720,2199,1961,800,-300
7.1724,2199,1962,800,-300
7.1728,2199,1962,800,-300
7.1732,2199,1963,800,-300
7.1736,2199,1963,800,-300
7.1741,2199,1964,800,-300
7.1745,2199,1964,800,-300
7.1749,2199,1964,800,-300
7.1754,2199,1965,800,-308
7.1758,2199,1965,800,-308
7.1762,2199,1966,800,-312
7.1766,2199,1966,800,-312
7.1770,2199,1967,800,-312
7.1775,2199,1967,800,-312
7.1779,2199,1967,800,-312
7.1783,2199,1968,950,-312
7.1787,2199,1968,950,-312
7.1791,2199,1969,950,-312
7.1795,2199,1969,950,-312
7.1800,2199,1970,950,-312
7.1804,2204,1970,950,-312
7.1812,2204,1971,950,-312
7.1816,2204,1971,950,-312
7.1820,2204,1971,950,-320
7.1824,2204,1971,950,-320
7.1828,2204,1971,950,-320
7.1832,2204,1972,950,-328
7.1836,2204,1972,950,-328
7.1840,2204,1973,950,-328
7.1844,2204,1973,950,-328
7.1848,2204,1973,950,-328
7.1852,2204,1974,950,-328
7.1856,2204,1974,950,-328
7.1861,2204,1975,950,-328
7.1865,2204,1975,950,-328
7.1869,2204,1975,950,-328
7.1872,2204,1976,950,-328
7.1876,2204,1976,950,-328
7.1880,2204,1977,950,-328
7.1883,2204,1977,950,-328
7.1887,2204,1977,950,-328
7.1890,2204,1978,950,-336
7.1894,2204,1978,950,-336
7.1898,2204,1978,950,-336
7.1901,2208,1979,950,-336
7.1909,2208,1979,950,-336
7.1912,2208,1980,950,-336
7.1916,2208,1980,950,-336
7.1919,2208,1981,950,-336
7.1923,2208,1981,950,-336
7.1926,2208,1981,950,-336
7.1930,2208,1983,950,-328
7.1934,2208,1983,950,-328
7.1938,2208,1983,950,-328
7.1941,2208,1984,950,-336
7.1945,2208,1984,950,-336
7.1948,2208,1984,950,-336
7.1952,2208,1984,950,-344
7.1956,2208,1984,950,-344
7.1959,2208,1985,950,-344
7.1963,2208,1985,950,-344
7.1966,2208,1985,950,-344
7.1970,2208,1986,950,-344
7.1973,2208,1986,950,-344
7.1977,2208,1986,950,-344
7.1980,2208,1987,950,-352
7.1984,2208,1987,950,-352
7.1988,2208,1987,950,-352
7.1991,2208,1989,950,-344
7.1995,2208,1989,950,-344
7.1998,2208,1989,950,-344
7.2002,2211,1990,950,-344
7.2008,2211,1990,950,-344
7.2012,2211,1991,950,-344
7.2015,2211,1991,950,-344
7.2019,2211,1991,950,-344
7.2022,2211,1992,950,-352
7.2026,2211,1992,950,-352
7.2029,2211,1993,950,-352
7.2033,2211,1993,950,-352
7.2036,2211,1993,950,-352
7.2040,2211,1994,950,-352
7.2043,2211,1994,950,-352
7.2047,2211,1994,950,-352
7.2050,2211,1995,950,-352
7.2054,2211,1995,950,-352
7.2058,2211,1995,950,-352
7.2061,2211,1996,950,-360
7.2065,2211,1996,950,-360
7.2068,2211,1997,950,-360
7.2072,2211,1997,950,-360
7.2076,2211,1997,950,-360
7.2080,2211,1998,950,-360
7.2084,2211,1998,950,-360
7.2087,2211,1998,950,-360
7.2091,2211,1999,950,-360
7.2094,2211,1999,950,-360
7.2098,2211,1999,950,-360
7.2101,2214,2000,950,-368
7.2108,2214,2000,950,-368
7.2111,2214,2002,950,-360
7.2115,2214,2002,950,-360
7.2119,2214,2003,950,-360
7.2122,2214,2003,950,-360
7.2126,2214,2003,950,-360
7.2129,2214,2004,950,-368
7.2133,2214,2004,950,-368
7.2137,2214,2004,950,-368
7.2140,2214,2005,950,-368
7.2144,2214,2005,950,-368
7.2148,2214,2005,950,-368
7.2151,2214,2006,950,-368
7.2155,2214,2006,950,-368
7.2159,2214,2007,950,-364
7.2162,2214,2007,950,-364
7.2166,2214,2007,950,-364
7.2169,2214,2008,950,-372
7.2173,2214,2008,950,-372
7.2177,2214,2008,950,-372
7.2180,2214,2010,1150,-364
7.2184,2214,2010,1150,-364
7.2188,2214,2010,1150,-364
7.2191,2214,2011,1150,-364
7.2195,2214,2011,1150,-364
7.2199,2214,2012,1150,-372
7.2203,2217,2012,1150,-372
7.2210,2217,2013,1150,-372
7.2213,2217,2013,1150,-372
7.2217,2217,2013,1150,-372
7.2221,2217,2014,1150,-372
7.2225,2217,2014,1150,-372
7.2229,2217,2015,1150,-372
7.2233,2217,2015,1150,-372
7.2236,2217,2015,1150,-372
7.2240,2217,2017,1150,-372
7.2243,2217,2017,1150,-372
7.2247,2217,2017,1150,-372
7.2251,2217,2018,1150,-372
7.2254,2217,2018,1150,-372
7.2258,2217,2019,1150,-372
7.2261,2217,2019,1150,-372
7.2265,2217,2019,1150,-372
7.2269,2217,2020,1150,-372
7.2272,2217,2020,1150,-372
7.2276,2217,2020,1150,-372
7.2279,2217,2021,1150,-380
7.2283,2217,2021,1150,-380
7.2287,2217,2021,1150,-380
7.2291,2217,2022,1150,-380
7.2295,2217,2022,1150,-380
7.2299,2217,2023,1150,-380
7.2303,2218,2023,1150,-380
7.2310,2218,2025,1150,-372
7.2314,2218,2025,1150,-372
7.2318,2218,2026,1150,-372
7.2322,2218,2026,1150,-372
7.2326,2218,2026,1150,-372
7.2330,2218,2027,1150,-380
7.2334,2218,2027,1150,-380
7.2338,2218,2028,1150,-380
7.2342,2218,2028,1150,-380
7.2346,2218,2028,1150,-380
7.2350,2218,2030,1150,-372
7.2354,2218,2030,1150,-372
7.2358,2218,2031,1150,-364
7.2362,2218,2031,1150,-364
7.2366,2218,2031,1150,-364
7.2369,2218,2032,1150,-364
7.2374,2218,2032,1150,-364
7.2378,2218,2033,1150,-372
7.2382,2218,2033,1150,-372
7.2386,2218,2033,1150,-372
7.2389,2218,2034,1150,-372
7.2393,2218,2034,1150,-372
7.2397,2218,2034,1150,-372
7.2401,2219,2036,1150,-364
7.2408,2219,2037,1150,-364
7.2412,2219,2037,1150,-364
7.2416,2219,2037,1150,-364
7.2419,2219,2039,1150,-356
7.2423,2219,2039,1150,-356
7.2426,2219,2039,1150,-356
7.2430,2219,2040,1150,-364
7.2434,2219,2040,1150,-364
7.2438,2219,2041,1150,-364
7.2441,2219,2041,1150,-364
7.2445,2219,2041,1150,-364
7.2449,2219,2042,1150,-364
7.2452,2219,2042,1150,-364
7.2456,2219,2042,1150,-364
7.2460,2219,2043,1150,-364
7.2463,2219,2043,1150,-364
7.2467,2219,2043,1150,-364
7.2470,2219,2044,1150,-364
7.2474,2219,2044,1150,-364
7.2478,2219,2046,1150,-356
7.2481,2219,2046,1150,-356
7.2485,2219,2046,1150,-356
7.2489,2219,2047,1150,-356
7.2492,2219,2047,1150,-356
7.2496,2219,2047,1150,-356
7.2499,2219,2048,1150,-364
7.2503,2220,2048,1150,-364
7.2510,2220,2050,1150,-356
7.2513,2220,2050,1150,-356
7.2517,2220,2051,1150,-356
7.2521,2220,2051,1150,-356
7.2524,2220,2051,1150,-356
7.2528,2220,2053,1150,-348
7.2531,2220,2053,1150,-348
7.2535,2220,2053,1150,-348
7.2539,2220,2054,1150,-348
7.2543,2220,2054,1150,-348
7.2546,2220,2054,1150,-348
7.2550,2220,2055,1150,-348
7.2554,2220,2055,1150,-348
7.2558,2220,2056,1150,-336
7.2562,2220,2056,1150,-336
7.2566,2220,2056,1150,-336
7.2569,2220,2057,1150,-336
7.2573,2220,2057,1150,-336
7.2577,2220,2059,1300,-328
7.2581,2220,2059,1300,-328
7.2585,2220,2059,1300,-328
7.2589,2220,2060,1300,-336
7.2593,2220,2060,1300,-336
7.2597,2220,2061,1300,-336
7.2601,2219,2061,1300,-336
7.2609,2219,2063,1300,-328
7.2613,2219,2063,1300,-328
7.2617,2219,2064,1300,-328
7.2620,2219,2064,1300,-328
7.2624,2219,2064,1300,-328
7.2628,2219,2065,1300,-328
7.2632,2219,2065,1300,-328
7.2635,2219,2065,1300,-328
7.2639,2219,2066,1300,-328
7.2643,2219,2066,1300,-328
7.2647,2219,2067,1300,-328
7.2651,2219,2067,1300,-328
7.2654,2219,2067,1300,-328
7.2658,2219,2069,1300,-320
7.2662,2219,2069,1300,-320
7.2666,2219,2069,1300,-320
7.2669,2219,2070,1300,-320
7.2673,2219,2070,1300,-320
7.2677,2219,2071,1300,-320
7.2680,2219,2071,1300,-320
7.2684,2219,2071,1300,-320
7.2688,2219,2072,1300,-320
7.2691,2219,2072,1300,-320
7.2695,2219,2072,1300,-320
7.2699,2219,2073,1300,-320
7.2703,2218,2074,1300,-320
7.2710,2218,2074,1300,-320
7.2713,2218,2074,1300,-320
7.2717,2218,2076,1300,-312
7.2721,2218,2076,1300,-312
7.2725,2218,2076,1300,-312
7.2729,2218,2077,1300,-312
7.2732,2218,2077,1300,-312
7.2736,2218,2078,1300,-312
7.2740,2218,2078,1300,-312
7.2744,2218,2078,1300,-312
7.2748,2218,2079,1300,-312
7.2752,2218,2079,1300,-312
7.2756,2218,2079,1300,-312
7.2759,2218,2080,1300,-308
7.2763,2218,2080,1300,-308
7.2767,2218,2082,1300,-300
7.2771,2218,2082,1300,-300
7.2775,2218,2082,1300,-300
7.2779,2218,2083,1200,-300
7.2783,2218,2083,1200,-300
7.2787,2218,2084,1200,-300
7.2791,2218,2084,1200,-300
7.2795,2218,2084,1200,-300
7.2799,2218,2085,1200,-300
7.2803,2217,2086,1200,-300
7.2810,2217,2086,1200,-300
7.2814,2217,2086,1200,-300
7.2818,2217,2088,1200,-292
7.2822,2217,2088,1200,-292
7.2826,2217,2089,1200,-292
7.2830,2217,2089,1200,-292
7.2834,2217,2089,1200,-292
7.2838,2217,2090,1200,-292
7.2843,2217,2090,1200,-292
7.2847,2217,2091,1200,-292
7.2850,2217,2091,1200,-292
7.2854,2217,2091,1200,-292
7.2858,2217,2092,1200,-292
7.2862,2217,2092,1200,-292
7.2866,2217,2093,1200,-292
7.2870,2217,2093,1200,-292
7.2874,2217,2093,1200,-292
7.2878,2217,2094,1200,-292
7.2882,2217,2094,1200,-292
7.2886,2217,2095,1200,-292
7.2890,2217,2095,1200,-292
7.2894,2217,2095,1200,-292
7.2898,2217,2096,1200,-292
7.2902,2214,2098,1200,-284
7.2909,2214,2098,1200,-284
7.2913,2214,2098,1200,-284
7.2917,2214,2099,1200,-284
7.2920,2214,2099,1200,-284
7.2924,2214,2099,1200,-284
7.2928,2214,2100,1200,-284
7.2931,2214,2100,1200,-284
7.2935,2214,2101,1200,-284
7.2939,2214,2101,1200,-284
7.2942,2214,2101,1200,-284
7.2946,2214,2102,1200,-284
7.2949,2214,2102,1200,-284
7.2953,2214,2102,1200,-284
7.2957,2214,2103,1200,-284
7.2961,2214,2103,1200,-284
7.2965,2214,2104,1200,-276
7.2969,2214,2104,1200,-276
7.2973,2214,2104,1200,-276
7.2977,2214,2105,1100,-276
7.2981,2214,2105,1100,-276
7.2985,2214,2106,1100,-276
7.2989,2214,2106,1100,-276
7.2993,2214,2106,1100,-276
7.2997,2214,2108,1100,-268
7.3001,2211,2109,1100,-268
7.3009,2211,2109,1100,-268
7.3013,2211,2109,1100,-268
7.3017,2211,2109,1100,-276
7.3021,2211,2109,1100,-276
7.3025,2211,2111,1100,-268
7.3029,2211,2111,1100,-268
7.3033,2211,2111,1100,-268
7.3037,2211,2112,1100,-268
7.3041,2211,2112,1100,-268
7.3045,2211,2113,1100,-268
7.3049,2211,2113,1100,-268
7.3053,2211,2113,1100,-268
7.3057,2211,2114,1100,-260
7.3061,2211,2114,1100,-260
7.3065,2211,2115,1100,-260
7.3069,2211,2115,1100,-260
7.3073,2211,2115,1100,-260
7.3077,2211,2116,1100,-260
7.3081,2211,2116,1100,-260
7.3085,2211,2117,1100,-260
7.3089,2211,2117,1100,-260
7.3093,2211,2117,1100,-260
7.3097,2211,2118,1100,-260
7.3102,2208,2119,1100,-260
7.3109,2208,2119,1100,-260
7.3113,2208,2119,1100,-260
7.3117,2208,2119,1100,-260
7.3121,2208,2119,1100,-260
7.3125,2208,2121,1100,-252
7.3129,2208,2121,1100,-252
7.3132,2208,2121,1100,-252
7.3136,2208,2122,1100,-252
7.3140,2208,2122,1100,-252
7.3144,2208,2123,1100,-252
7.3148,2208,2123,1100,-252
7.3153,2208,2123,1100,-252
7.3156,2208,2124,1100,-248
7.3160,2208,2124,1100,-248
7.3164,2208,2125,1100,-248
7.3168,2208,2125,1100,-248
7.3172,2208,2125,1100,-248
7.3176,2208,2126,1050,-240
7.3180,2208,2126,1050,-240
7.3184,2208,2127,1050,-240
7.3188,2208,2127,1050,-240
7.3192,2208,2127,1050,-240
7.3196,2208,2128,1050,-240
7.3200,2208,2128,1050,-240
7.3204,2203,2129,1050,-240
7.3211,2203,2129,1050,-240
7.3215,2203,2130,1050,-232
7.3219,2203,2130,1050,-232
7.3223,2203,2130,1050,-232
7.3227,2203,2131,1050,-232
7.3231,2203,2131,1050,-232
7.3235,2203,2132,1050,-232
7.3239,2203,2132,1050,-232
7.3243,2203,2132,1050,-232
7.3247,2203,2133,1050,-232
7.3251,2203,2133,1050,-232
7.3255,2203,2134,1050,-232
7.3259,2203,2134,1050,-232
7.3263,2203,2134,1050,-232
7.3267,2203,2135,1050,-224
7.3271,2203,2135,1050,-224
7.3275,2203,2136,1050,-224
7.3278,2203,2136,1050,-224
7.3282,2203,2136,1050,-224
7.3286,2203,2137,1050,-224
7.3290,2203,2137,1050,-224
7.3294,2203,2138,1050,-224
7.3298,2203,2138,1050,-224
7.3302,2198,2138,1050,-224
7.3309,2198,2138,1050,-224
7.3313,2198,2138,1050,-224
7.3317,2198,2139,1050,-224
7.3321,2198,2139,1050,-224
7.3326,2198,2140,1050,-224
7.3330,2198,2140,1050,-224
7.3334,2198,2141,1050,-216
7.3338,2198,2141,1050,-216
7.3342,2198,2141,1050,-216
7.3346,2198,2142,1050,-216
7.3350,2198,2142,1050,-216
7.3354,2198,2143,1050,-216
7.3358,2198,2143,1050,-216
7.3361,2198,2143,1050,-216
7.3365,2198,2144,1050,-216
7.3369,2198,2144,1050,-216
7.3373,2198,2145,950,-208
7.3377,2198,2145,950,-208
7.3381,2198,2145,950,-208
7.3385,2198,2146,950,-208
7.3389,2198,2146,950,-208
7.3393,2198,2147,950,-208
7.3397,2198,2147,950,-208
7.3401,2193,2148,950,-200
7.3408,2193,2148,950,-200
7.3412,2193,2148,950,-200
7.3416,2193,2148,950,-208
7.3420,2193,2148,950,-208
7.3424,2193,2149,950,-208
7.3428,2193,2149,950,-208
7.3432,2193,2149,950,-208
7.3436,2193,2150,950,-200
7.3440,2193,2150,950,-200
7.3444,2193,2151,950,-200
7.3448,2193,2151,950,-200
7.3452,2193,2151,950,-200
7.3456,2193,2152,950,-200
7.3460,2193,2152,950,-200
7.3463,2193,2153,950,-192
7.3467,2193,2153,950,-192
7.3471,2193,2153,950,-192
7.3475,2193,2154,950,-192
7.3479,2193,2154,950,-192
7.3483,2193,2154,950,-200
7.3487,2193,2154,950,-200
7.3491,2193,2154,950,-200
7.3495,2193,2155,950,-192
7.3499,2193,2155,950,-192
7.3503,2187,2156,950,-192
7.3511,2187,2156,950,-192
7.3515,2187,2157,950,-192
7.3519,2187,2157,950,-192
7.3523,2187,2158,950,-184
7.3527,2187,2158,950,-184
7.3531,2187,2158,950,-184
7.3535,2187,2158,950,-192
7.3539,2187,2158,950,-192
7.3543,2187,2159,950,-184
7.3547,2187,2159,950,-184
7.3551,2187,2159,950,-184
7.3555,2187,2160,950,-184
7.3559,2187,2160,950,-184
7.3563,2187,2161,950,-184
7.3567,2187,2161,950,-184
7.3571,2187,2161,950,-184
7.3575,2187,2162,850,-176
7.3579,2187,2162,850,-176
7.3583,2187,2162,850,-184
7.3588,2187,2162,850,-184
7.3592,2187,2163,850,-176
7.3596,2187,2163,850,-176
7.3600,2180,2163,850,-184
7.3608,2180,2163,850,-184
7.3612,2180,2164,850,-184
7.3617,2180,2164,850,-184
7.3621,2180,2164,850,-184
7.3625,2180,2165,850,-176
7.3629,2180,2165,850,-176
7.3633,2180,2166,850,-176
7.3637,2180,2166,850,-176
7.3642,2180,2166,850,-176
7.3646,2180,2166,850,-176
7.3650,2180,2166,850,-176
7.3654,2180,2167,850,-176
7.3658,2180,2167,850,-176
7.3662,2180,2168,850,-168
7.3666,2180,2168,850,-168
7.3671,2180,2168,850,-168
7.3676,2180,2169,850,-168
7.3680,2180,2169,850,-168
7.3684,2180,2169,850,-176
7.3688,2180,2169,850,-176
7.3692,2180,2170,850,-168
7.3696,2180,2170,850,-168
7.3700,2173,2171,850,-168
7.3708,2173,2171,850,-168
7.3712,2173,2172,850,-160
7.3717,2173,2172,850,-160
7.3721,2173,2172,850,-160
7.3725,2173,2172,850,-168
7.3730,2173,2172,850,-168
7.3734,2173,2173,850,-160
7.3738,2173,2173,850,-160
7.3743,2173,2174,850,-160
7.3747,2173,2174,850,-160
7.3751,2173,2174,850,-160
7.3755,2173,2175,850,-152
7.3760,2173,2175,850,-152
7.3764,2173,2175,850,-160
7.3768,2173,2175,850,-160
7.3772,2173,2176,700,-152
7.3776,2173,2176,700,-152
7.3781,2173,2176,700,-152
7.3785,2173,2176,700,-160
7.3790,2173,2176,700,-160
7.3794,2173,2177,700,-152
7.3798,2173,2177,700,-152
7.3802,2166,2178,700,-152
7.3810,2166,2178,700,-152
7.3814,2166,2178,700,-152
7.3819,2166,2178,700,-152
7.3823,2166,2179,700,-152
7.3827,2166,2179,700,-152
7.3831,2166,2180,700,-144
7.3836,2166,2180,700,-144
7.3840,2166,2180,700,-144
7.3844,2166,2181,700,-144
7.3849,2166,2181,700,-144
7.3853,2166,2181,700,-144
7.3857,2166,2181,700,-144
7.3861,2166,2182,700,-136
7.3865,2166,2182,700,-136
7.3870,2166,2182,700,-136
7.3874,2166,2183,700,-136
7.3878,2166,2183,700,-136
7.3882,2166,2183,700,-136
7.3886,2166,2183,700,-136
7.3890,2166,2183,700,-136
7.3895,2166,2184,700,-136
7.3899,2166,2184,700,-136
7.3903,2158,2184,700,-136
7.3911,2158,2185,700,-136
7.3916,2158,2185,700,-136
7.3920,2158,2185,700,-136
7.3924,2158,2185,700,-136
7.3928,2158,2185,700,-136
7.3932,2158,2186,700,-136
7.3937,2158,2186,700,-136
7.3941,2158,2186,700,-136
7.3946,2158,2186,700,-136
7.3950,2158,2186,700,-136
7.3954,2158,2187,700,-132
7.3958,2158,2187,700,-132
7.3963,2158,2187,700,-140
7.3967,2158,2187,700,-140
7.3971,2158,2188,600,-132
7.3976,2158,2188,600,-132
7.3980,2158,2188,600,-132
7.3984,2158,2189,600,-132
7.3989,2158,2189,600,-132
7.3993,2158,2189,600,-132
7.3997,2158,2189,600,-132
7.4001,2149,2189,600,-132
7.4010,2149,2189,600,-132
7.4014,2149,2190,600,-132
7.4018,2149,2190,600,-132
7.4022,2149,2190,600,-132
7.4027,2149,2190,600,-132
7.4031,2149,2191,600,-124
7.4035,2149,2191,600,-124
7.4040,2149,2191,600,-124
7.4044,2149,2192,600,-124
7.4048,2149,2192,600,-124
7.4053,2149,2192,600,-124
7.4057,2149,2192,600,-124
7.4061,2149,2193,600,-124
7.4065,2149,2193,600,-124
7.4069,2149,2193,600,-124
7.4074,2149,2194,600,-116
7.4078,2149,2194,600,-116
7.4082,2149,2194,600,-116
7.4087,2149,2194,600,-116
7.4091,2149,2195,600,-116
7.4095,2149,2195,600,-116
7.4099,2149,2195,600,-116
7.4103,2140,2195,600,-116
7.4111,2140,2196,600,-108
7.4116,2140,2196,600,-108
7.4120,2140,2196,600,-108
7.4124,2140,2196,600,-116
7.4128,2140,2196,600,-116
7.4133,2140,2196,600,-116
7.4137,2140,2196,600,-116
7.4141,2140,2197,600,-108
7.4146,2140,2197,600,-108
7.4150,2140,2197,600,-108
7.4154,2140,2197,600,-108
7.4159,2140,2197,600,-108
7.4163,2140,2198,600,-108
7.4167,2140,2198,600,-108
7.4171,2140,2198,500,-108
7.4176,2140,2198,500,-108
7.4180,2140,2199,500,-100
7.4184,2140,2199,500,-100
7.4189,2140,2199,500,-100
7.4193,2140,2200,500,-100
7.4197,2140,2200,500,-100
7.4201,2131,2200,500,-100
7.4210,2131,2200,500,-100
7.4214,2131,2200,500,-100
7.4218,2131,2200,500,-100
7.4222,2131,2201,500,-100
7.4227,2131,2201,500,-100
7.4231,2131,2202,500,-92
7.4236,2131,2202,500,-92
7.4240,2131,2202,500,-92
7.4244,2131,2202,500,-92
7.4248,2131,2202,500,-92
7.4253,2131,2202,500,-92
7.4257,2131,2202,500,-92
7.4261,2131,2203,500,-92
7.4266,2131,2203,500,-92
7.4270,2131,2203,500,-92
7.4274,2131,2203,500,-92
7.4278,2131,2203,500,-92
7.4282,2131,2204,500,-84
7.4287,2131,2204,500,-84
7.4291,2131,2204,500,-84
7.4295,2131,2204,500,-84
7.4300,2131,2205,500,-84
7.4304,2121,2205,500,-84
7.4312,2121,2205,500,-84
7.4316,2121,2205,500,-84
7.4321,2121,2205,500,-84
7.4326,2121,2205,500,-84
7.4330,2121,2205,500,-84
7.4334,2121,2205,500,-84
7.4338,2121,2205,500,-84
7.4342,2121,2206,500,-76
7.4347,2121,2206,500,-76
7.4351,2121,2207,500,-72
7.4355,2121,2207,500,-72
7.4360,2121,2207,500,-72
7.4364,2121,2207,500,-72
7.4368,2121,2207,500,-72
7.4373,2121,2207,450,-72
7.4377,2121,2207,450,-72
7.4381,2121,2208,450,-64
7.4386,2121,2208,450,-64
7.4390,2121,2208,450,-64
7.4395,2121,2208,450,-64
7.4399,2121,2208,450,-64
7.4403,2112,2209,450,-64
7.4411,2112,2209,450,-64
7.4415,2112,2209,450,-64
7.4420,2112,2209,450,-64
7.4424,2112,2209,450,-64
7.4428,2112,2209,450,-64
7.4432,2112,2209,450,-64
7.4437,2112,2209,450,-64
7.4441,2112,2210,450,-56
7.4446,2112,2210,450,-56
7.4450,2112,2210,450,-56
7.4454,2112,2210,450,-56
7.4458,2112,2210,450,-56
7.4462,2112,2211,450,-56
7.4467,2112,2211,450,-56
7.4471,2112,2211,450,-56
7.4475,2112,2211,450,-56
7.4480,2112,2211,450,-56
7.4484,2112,2211,450,-56
7.4488,2112,2211,450,-56
7.4493,2112,2211,450,-56
7.4497,2112,2211,450,-56
7.4501,2102,2211,450,-56
7.4508,2102,2211,450,-56
7.4512,2102,2212,450,-48
7.4517,2102,2212,450,-48
7.4521,2102,2212,450,-48
7.4526,2102,2212,450,-48
7.4530,2102,2212,450,-56
7.4534,2102,2212,450,-56
7.4538,2102,2212,450,-56
7.4543,2102,2212,450,-56
7.4547,2102,2212,450,-56
7.4551,2102,2213,450,-52
7.4555,2102,2213,450,-52
7.4559,2102,2213,450,-52
7.4564,2102,2213,450,-52
7.4569,2102,2213,300,-52
7.4573,2102,2213,300,-52
7.4577,2102,2213,300,-52
7.4582,2102,2214,300,-44
7.4586,2102,2214,300,-44
7.4590,2102,2214,300,-44
7.4594,2102,2214,300,-44
7.4598,2102,2214,300,-44
7.4603,2091,2214,300,-44
7.4611,2091,2214,300,-44
7.4615,2091,2214,300,-44
7.4620,2091,2215,300,-36
7.4624,2091,2215,300,-36
7.4628,2091,2215,300,-36
7.4632,2091,2215,300,-36
7.4637,2091,2215,300,-36
7.4641,2091,2215,300,-44
7.4645,2091,2215,300,-44
7.4650,2091,2215,300,-44
7.4654,2091,2215,300,-44
7.4658,2091,2216,300,-36
7.4662,2091,2216,300,-36
7.4667,2091,2216,300,-36
7.4671,2091,2216,300,-36
7.4675,2091,2216,300,-36
7.4680,2091,2216,300,-36
7.4684,2091,2216,300,-36
7.4688,2091,2216,300,-36
7.4693,2091,2216,300,-36
7.4697,2091,2216,300,-36
7.4701,2081,2216,300,-28
7.4709,2081,2217,300,-20
7.4714,2081,2217,300,-20
7.4718,2081,2217,300,-20
7.4722,2081,2217,300,-20
7.4726,2081,2217,300,-20
7.4730,2081,2217,300,-20
7.4735,2081,2217,300,-20
7.4739,2081,2217,300,-20
7.4744,2081,2217,300,-20
7.4748,2081,2217,300,0
7.4752,2081,2217,300,0
7.4756,2081,2217,300,0
7.4760,2081,2217,300,0
7.4764,2081,2217,300,0
7.4769,2081,2217,200,0
7.4773,2081,2217,200,0
7.4776,2081,2217,200,0
7.4780,2081,2218,200,24
7.4784,2081,2218,200,24
7.4788,2081,2218,200,24
7.4792,2081,2218,200,24
7.4796,2081,2218,200,24
7.4800,2070,2218,200,24
7.4808,2070,2218,200,24
7.4812,2070,2218,200,24
7.4816,2070,2218,200,24
7.4820,2070,2218,200,32
7.4824,2070,2218,200,32
7.4828,2070,2218,200,32
7.4832,2070,2218,200,32
7.4836,2070,2218,200,32
7.4840,2070,2218,200,32
7.4844,2070,2218,200,32
7.4848,2070,2219,200,32
7.4852,2070,2219,200,32
7.4857,2070,2219,200,32
7.4861,2070,2219,200,32
7.4865,2070,2219,200,32
7.4869,2070,2219,200,32
7.4873,2070,2219,200,32
7.4876,2070,2219,200,32
7.4880,2070,2219,200,32
7.4884,2070,2219,200,32
7.4888,2070,2219,200,32
7.4892,2070,2219,200,32
7.4897,2070,2219,200,32
7.4901,2060,2219,200,32
7.4908,2060,2219,200,32
7.4913,2060,2219,200,32
7.4917,2060,2219,200,32
7.4921,2060,2219,200,32
7.4925,2060,2219,200,32
7.4930,2060,2219,200,32
7.4934,2060,2219,200,32
7.4938,2060,2219,200,32
7.4942,2060,2219,200,32
7.4945,2060,2219,200,32
7.4949,2060,2219,200,36
7.4953,2060,2219,200,36
7.4958,2060,2219,200,36
7.4962,2060,2219,200,36
7.4966,2060,2219,200,36
7.4970,2060,2219,100,36
7.4975,2060,2219,100,36
7.4980,2060,2219,100,36
7.4984,2060,2219,100,36
7.4988,2060,2219,100,36
7.4993,2060,2219,100,36
7.4997,2060,2219,100,44
7.5001,2049,2219,100,44
7.5010,2049,2219,100,44
7.5014,2049,2219,100,44
7.5018,2049,2219,100,44
7.5023,2049,2219,100,44
7.5027,2049,2219,100,44
7.5031,2049,2219,100,44
7.5035,2049,2219,100,44
7.5039,2049,2219,100,52
7.5043,2049,2219,100,52
7.5047,2049,2219,100,52
7.5052,2049,2219,100,52
7.5056,2049,2219,100,52
7.5060,2049,2219,100,52
7.5064,2049,2219,100,52
7.5068,2049,2219,100,52
7.5072,2049,2219,100,52
7.5077,2049,2219,100,52
7.5081,2049,2219,100,52
7.5085,2049,2219,100,52
7.5090,2049,2219,100,60
7.5094,2049,2219,100,60
7.5098,2049,2219,100,60
7.5103,2038,2219,100,60
7.5110,2038,2219,100,60
7.5115,2038,2219,100,60
7.5120,2038,2219,100,68
7.5124,2038,2219,100,68
7.5128,2038,2219,100,68
7.5133,2038,2219,100,68
7.5137,2038,2219,100,68
7.5141,2038,2219,100,68
7.5146,2038,2219,100,68
7.5150,2038,2219,100,72
7.5154,2038,2219,100,72
7.5158,2038,2219,100,80
7.5162,2038,2219,100,80
7.5166,2038,2219,100,80
7.5170,2038,2219,0,80
7.5174,2038,2219,0,80
7.5178,2038,2219,0,80
7.5182,2038,2219,0,80
7.5186,2038,2219,0,88
7.5191,2038,2219,0,88
7.5196,2038,2219,0,88
7.5200,2038,2219,0,88
7.5204,2027,2219,0,88
7.5212,2027,2219,0,88
7.5216,2027,2219,0,96
7.5220,2027,2219,0,96
7.5225,2027,2219,0,96
7.5230,2027,2219,0,96
7.5234,2027,2219,0,96
7.5238,2027,2219,0,96
7.5242,2027,2219,0,96
7.5247,2027,2219,0,104
7.5251,2027,2219,0,104
7.5255,2027,2219,0,104
7.5260,2027,2219,0,104
7.5264,2027,2219,0,104
7.5268,2027,2219,0,104
7.5272,2027,2219,0,104
7.5277,2027,2219,0,112
7.5281,2027,2219,0,112
7.5285,2027,2219,0,112
7.5290,2027,2219,0,112
7.5294,2027,2219,0,112
7.5298,2027,2219,0,112
7.5302,2017,2219,0,120
7.5310,2017,2219,0,120
7.5314,2017,2219,0,120
7.5318,2017,2219,0,120
7.5323,2017,2219,0,120
7.5327,2017,2219,0,120
7.5331,2017,2219,0,120
7.5336,2017,2219,0,128
7.5340,2017,2219,0,128
7.5344,2017,2219,0,128
7.5348,2017,2219,0,140
7.5353,2017,2219,0,140
7.5357,2017,2219,0,148
7.5361,2017,2219,0,148
7.5366,2017,2219,0,148
7.5370,2017,2219,0,148
7.5374,2017,2219,0,148
7.5379,2017,2219,0,148
7.5383,2017,2219,0,148
7.5387,2017,2219,0,156
7.5392,2017,2219,0,156
7.5396,2017,2219,0,156
7.5400,2007,2219,0,156
7.5409,2007,2219,0,164
7.5413,2007,2219,0,164
7.5417,2007,2218,0,156
7.5422,2007,2218,0,156
7.5426,2007,2218,0,156
7.5430,2007,2218,0,156
7.5434,2007,2218,0,156
7.5438,2007,2218,0,164
7.5442,2007,2218,0,164
7.5447,2007,2218,0,164
7.5451,2007,2218,0,164
7.5456,2007,2217,0,164
7.5460,2007,2217,0,164
7.5464,2007,2217,0,164
7.5469,2007,2217,0,164
7.5473,2007,2217,0,164
7.5477,2007,2217,0,172
7.5481,2007,2217,0,172
7.5486,2007,2216,0,164
7.5490,2007,2216,0,164
7.5495,2007,2216,0,172
7.5499,2007,2216,0,172
7.5503,1996,2216,0,172
7.5512,1996,2216,0,172
7.5516,1996,2215,0,164
7.5521,1996,2215,0,164
7.5526,1996,2215,0,172
7.5530,1996,2215,0,172
7.5534,1996,2215,0,164
7.5539,1996,2214,0,164
7.5543,1996,2214,0,164
7.5548,1996,2214,0,160
7.5552,1996,2214,0,160
7.5557,1996,2214,0,160
7.5561,1996,2214,0,160
7.5566,1996,2213,-300,160
7.5570,1996,2213,-300,160
7.5574,1996,2213,-300,160
7.5578,1996,2213,-300,160
7.5582,1996,2213,-300,160
7.5587,1996,2212,-300,160
7.5591,1996,2212,-300,160
7.5596,1996,2212,-300,160
7.5600,1996,2212,-300,160
7.5604,1986,2212,-300,168
7.5612,1986,2212,-300,168
7.5617,1986,2211,-300,160
7.5621,1986,2211,-300,160
7.5626,1986,2211,-300,168
7.5630,1986,2211,-300,168
7.5634,1986,2210,-300,160
7.5638,1986,2210,-300,160
7.5643,1986,2210,-300,160
7.5647,1986,2210,-300,168
7.5651,1986,2210,-300,168
7.5656,1986,2209,-300,168
7.5660,1986,2209,-300,168
7.5664,1986,2209,-300,168
7.5669,1986,2209,-300,168
7.5673,1986,2209,-300,168
7.5677,1986,2208,-300,168
7.5682,1986,2208,-300,168
7.5686,1986,2208,-300,168
7.5690,1986,2208,-300,168
7.5695,1986,2207,-300,168
7.5699,1986,2207,-300,168
7.5703,1976,2206,-300,160
7.5711,1976,2206,-300,160
7.5716,1976,2206,-300,168
7.5720,1976,2206,-300,168
7.5724,1976,2206,-300,168
7.5728,1976,2206,-300,168
7.5733,1976,2206,-300,168
7.5737,1976,2205,-300,168
7.5741,1976,2205,-300,168
7.5746,1976,2205,-300,168
7.5750,1976,2205,-300,168
7.5754,1976,2204,-300,160
7.5758,1976,2204,-300,160
7.5763,1976,2204,-300,160
7.5767,1976,2204,-450,168
7.5771,1976,2204,-450,168
7.5776,1976,2203,-450,160
7.5780,1976,2203,-450,160
7.5784,1976,2203,-450,168
7.5789,1976,2203,-450,168
7.5793,1976,2203,-450,168
7.5797,1976,2202,-450,168
7.5801,1967,2201,-450,160
7.5810,1967,2201,-450,160
7.5814,1967,2201,-450,168
7.5818,1967,2201,-450,168
7.5823,1967,2201,-450,168
7.5827,1967,2200,-450,160
7.5831,1967,2200,-450,160
7.5836,1967,2200,-450,168
7.5840,1967,2200,-450,168
7.5845,1967,2199,-450,168
7.5849,1967,2199,-450,168
7.5853,1967,2199,-450,168
7.5857,1967,2199,-450,168
7.5861,1967,2199,-450,168
7.5865,1967,2198,-450,168
7.5869,1967,2198,-450,168
7.5874,1967,2198,-450,176
7.5878,1967,2198,-450,176
7.5882,1967,2198,-450,176
7.5887,1967,2197,-450,168
7.5891,1967,2197,-450,168
7.5896,1967,2197,-450,176
7.5900,1958,2196,-450,176
7.5908,1958,2196,-450,176
7.5912,1958,2196,-450,176
7.5917,1958,2196,-450,176
7.5921,1958,2196,-450,176
7.5925,1958,2195,-450,176
7.5930,1958,2195,-450,176
7.5934,1958,2195,-450,184
7.5938,1958,2195,-450,184
7.5942,1958,2195,-450,184
7.5946,1958,2194,-450,172
7.5950,1958,2194,-450,172
7.5954,1958,2194,-450,180
7.5959,1958,2194,-450,180
7.5963,1958,2193,-550,180
7.5967,1958,2193,-550,180
7.5971,1958,2193,-550,180
7.5975,1958,2193,-550,180
7.5979,1958,2193,-550,180
7.5984,1958,2192,-550,180
7.5988,1958,2192,-550,180
7.5992,1958,2192,-550,180
7.5997,1958,2192,-550,188
7.6001,1949,2191,-550,188
7.6010,1949,2191,-550,188
7.6014,1949,2190,-550,180
7.6018,1949,2190,-550,180
7.6022,1949,2190,-550,180
7.6026,1949,2190,-550,188
7.6030,1949,2190,-550,188
7.6035,1949,2189,-550,188
7.6040,1949,2189,-550,188
7.6044,1949,2189,-550,196
7.6048,1949,2189,-550,196
7.6052,1949,2188,-550,188
7.6056,1949,2188,-550,188
7.6061,1949,2188,-550,188
7.6065,1949,2188,-550,196
7.6070,1949,2188,-550,196
7.6074,1949,2187,-550,196
7.6078,1949,2187,-550,196
7.6083,1949,2186,-550,188
7.6087,1949,2186,-550,188
7.6091,1949,2186,-550,188
7.6096,1949,2186,-550,196
7.6100,1949,2186,-550,196
7.6104,1940,2185,-550,196
7.6112,1940,2184,-550,196
7.6116,1940,2184,-550,196
7.6120,1940,2184,-550,196
7.6124,1940,2184,-550,204
7.6129,1940,2184,-550,204
7.6133,1940,2183,-550,196
7.6137,1940,2183,-550,196
7.6141,1940,2183,-550,196
7.6146,1940,2183,-550,216
7.6150,1940,2183,-550,216
7.6155,1940,2183,-550,224
7.6159,1940,2183,-550,224
7.6163,1940,2182,-550,224
7.6167,1940,2182,-550,224
7.6171,1940,2182,-550,224
7.6175,1940,2181,-550,224
7.6179,1940,2181,-550,224
7.6184,1940,2180,-550,216
7.6188,1940,2180,-550,216
7.6192,1940,2179,-550,216
7.6196,1940,2179,-550,216
7.6201,1932,2179,-550,224
7.6209,1932,2179,-550,224
7.6213,1932,2178,-550,224
7.6217,1932,2178,-550,224
7.6221,1932,2178,-550,224
7.6225,1932,2178,-550,232
7.6229,1932,2178,-550,232
7.6234,1932,2177,-550,224
7.6240,1932,2177,-550,224
7.6244,1932,2176,-550,224
7.6248,1932,2176,-550,224
7.6252,1932,2176,-550,232
7.6256,1932,2176,-550,232
7.6260,1932,2176,-550,232
7.6264,1932,2175,-550,232
7.6269,1932,2175,-550,232
7.6273,1932,2175,-550,240
7.6277,1932,2175,-550,240
7.6281,1932,2174,-550,240
7.6285,1932,2174,-550,240
7.6290,1932,2174,-550,240
7.6294,1932,2173,-550,240
7.6298,1932,2173,-550,240
7.6302,1924,2172,-550,232
7.6310,1924,2172,-550,232
7.6314,1924,2172,-550,240
7.6318,1924,2172,-550,240
7.6323,1924,2171,-550,240
7.6327,1924,2171,-550,240
7.6331,1924,2171,-550,240
7.6335,1924,2170,-550,240
7.6340,1924,2170,-550,240
7.6344,1924,2170,-550,248
7.6348,1924,2170,-550,248
7.6353,1924,2169,-550,248
7.6357,1924,2169,-550,248
7.6362,1924,2168,-700,248
7.6366,1924,2168,-700,248
7.6370,1924,2168,-700,248
7.6374,1924,2168,-700,256
7.6379,1924,2168,-700,256
7.6383,1924,2167,-700,248
7.6387,1924,2167,-700,248
7.6391,1924,2166,-700,248
7.6396,1924,2166,-700,248
7.6400,1917,2165,-700,248
7.6408,1917,2165,-700,248
7.6413,1917,2165,-700,256
7.6417,1917,2165,-700,256
7.6421,1917,2164,-700,256
7.6425,1917,2164,-700,256
7.6430,1917,2164,-700,256
7.6434,1917,2163,-700,256
7.6438,1917,2163,-700,256
7.6442,1917,2163,-700,264
7.6446,1917,2163,-700,264
7.6450,1917,2163,-700,264
7.6455,1917,2162,-700,264
7.6460,1917,2162,-700,264
7.6465,1917,2161,-700,264
7.6470,1917,2161,-700,264
7.6474,1917,2160,-700,264
7.6478,1917,2160,-700,264
7.6482,1917,2159,-700,264
7.6486,1917,2159,-700,264
7.6491,1917,2159,-700,272
7.6495,1917,2159,-700,272
7.6500,1917,2159,-700,272
7.6504,1911,2158,-700,272
7.6512,1911,2157,-700,272
7.6516,1911,2157,-700,272
7.6520,1911,2157,-700,272
7.6524,1911,2156,-700,272
7.6528,1911,2156,-700,272
7.6532,1911,2156,-700,280
7.6536,1911,2156,-700,280
7.6540,1911,2155,-700,280
7.6544,1911,2155,-700,280
7.6549,1911,2155,-700,280
7.6553,1911,2154,-700,280
7.6557,1911,2154,-700,280
7.6561,1911,2153,-750,280
7.6565,1911,2153,-750,280
7.6570,1911,2153,-750,280
7.6574,1911,2152,-750,280
7.6578,1911,2152,-750,280
7.6582,1911,2151,-750,280
7.6586,1911,2151,-750,280
7.6591,1911,2150,-750,280
7.6595,1911,2150,-750,280
7.6600,1911,2150,-750,280
7.6604,1905,2149,-750,280
7.6612,1905,2149,-750,288
7.6616,1905,2149,-750,288
7.6620,1905,2149,-750,288
7.6624,1905,2148,-750,288
7.6628,1905,2148,-750,288
7.6632,1905,2147,-750,288
7.6636,1905,2147,-750,288
7.6641,1905,2146,-750,288
7.6645,1905,2146,-750,288
7.6650,1905,2146,-750,288
7.6654,1905,2145,-750,288
7.6658,1905,2145,-750,288
7.6662,1905,2144,-750,288
7.6666,1905,2144,-750,288
7.6670,1905,2143,-750,288
7.6675,1905,2143,-750,288
7.6679,1905,2143,-750,288
7.6684,1905,2142,-750,288
7.6688,1905,2142,-750,288
7.6692,1905,2142,-750,296
7.6696,1905,2142,-750,296
7.6700,1899,2141,-750,296
7.6708,1899,2141,-750,296
7.6712,1899,2140,-750,296
7.6716,1899,2140,-750,296
7.6720,1899,2139,-750,296
7.6724,1899,2139,-750,296
7.6729,1899,2139,-750,296
7.6733,1899,2138,-750,296
7.6737,1899,2138,-750,296
7.6741,1899,2137,-750,288
7.6746,1899,2137,-750,288
7.6750,1899,2136,-750,288
7.6754,1899,2136,-750,288
7.6759,1899,2136,-750,288
7.6763,1899,2135,-900,296
7.6767,1899,2135,-900,296
7.6771,1899,2134,-900,296
7.6775,1899,2134,-900,296
7.6780,1899,2133,-900,296
7.6784,1899,2133,-900,296
7.6788,1899,2133,-900,296
7.6793,1899,2132,-900,296
7.6797,1899,2132,-900,296
7.6801,1895,2131,-900,296
7.6810,1895,2130,-900,296
7.6814,1895,2130,-900,296
7.6818,1895,2130,-900,296
7.6823,1895,2129,-900,296
7.6827,1895,2129,-900,296
7.6831,1895,2128,-900,296
7.6836,1895,2128,-900,296
7.6840,1895,2127,-900,304
7.6844,1895,2127,-900,304
7.6849,1895,2127,-900,304
7.6853,1895,2126,-900,304
7.6857,1895,2126,-900,304
7.6861,1895,2126,-900,312
7.6866,1895,2126,-900,312
7.6870,1895,2125,-900,312
7.6874,1895,2125,-900,312
7.6878,1895,2125,-900,312
7.6882,1895,2124,-900,312
7.6887,1895,2124,-900,312
7.6891,1895,2123,-900,312
7.6895,1895,2123,-900,312
7.6900,1895,2122,-900,312
7.6904,1890,2122,-900,312
7.6912,1890,2121,-900,320
7.6917,1890,2121,-900,320
7.6921,1890,2120,-900,320
7.6925,1890,2120,-900,320
7.6930,1890,2119,-900,320
7.6934,1890,2119,-900,320
7.6938,1890,2119,-900,320
7.6943,1890,2118,-900,328
7.6947,1890,2118,-900,328
7.6951,1890,2117,-900,328
7.6956,1890,2117,-900,328
7.6960,1890,2116,-950,336
7.6964,1890,2116,-950,336
7.6969,1890,2115,-950,336
7.6973,1890,2115,-950,336
7.6978,1890,2115,-950,336
7.6982,1890,2113,-950,328
7.6986,1890,2113,-950,328
7.6990,1890,2113,-950,336
7.6995,1890,2113,-950,336
7.7000,1890,2112,-950,336
7.7004,1887,2112,-950,336
7.7013,1887,2110,-950,336
7.7017,1887,2110,-950,336
7.7021,1887,2110,-950,344
7.7026,1887,2110,-950,344
7.7030,1887,2109,-950,344
7.7034,1887,2109,-950,344
7.7038,1887,2107,-950,336
7.7043,1887,2107,-950,336
7.7047,1887,2107,-950,336
7.7051,1887,2106,-950,336
7.7056,1887,2106,-950,336
7.7060,1887,2105,-950,344
7.7064,1887,2105,-950,344
7.7069,1887,2104,-950,344
7.7073,1887,2104,-950,344
7.7077,1887,2104,-950,344
7.7082,1887,2103,-950,344
7.7086,1887,2103,-950,344
7.7090,1887,2102,-950,352
7.7096,1887,2102,-950,352
7.7100,1884,2101,-950,352
7.7108,1884,2100,-950,352
7.7112,1884,2100,-950,352
7.7117,1884,2100,-950,352
7.7121,1884,2099,-950,352
7.7126,1884,2099,-950,352
7.7130,1884,2098,-950,360
7.7134,1884,2098,-950,360
7.7138,1884,2097,-950,360
7.7142,1884,2097,-950,360
7.7146,1884,2097,-950,360
7.7151,1884,2096,-950,360
7.7156,1884,2096,-950,360
7.7160,1884,2094,-1100,352
7.7164,1884,2094,-1100,352
7.7168,1884,2093,-1100,360
7.7173,1884,2093,-1100,360
7.7177,1884,2093,-1100,360
7.7181,1884,2092,-1100,360
7.7186,1884,2092,-1100,360
7.7190,1884,2091,-1100,360
7.7194,1884,2091,-1100,360
7.7199,1884,2090,-1100,368
7.7203,1881,2090,-1100,368
7.7211,1881,2089,-1100,368
7.7215,1881,2089,-1100,368
7.7220,1881,2087,-1100,360
7.7224,1881,2087,-1100,360
7.7228,1881,2086,-1100,360
7.7232,1881,2086,-1100,360
7.7236,1881,2086,-1100,360
7.7241,1881,2085,-1100,368
7.7245,1881,2085,-1100,368
7.7250,1881,2084,-1100,368
7.7254,1881,2084,-1100,368
7.7258,1881,2083,-1100,368
7.7263,1881,2083,-1100,368
7.7267,1881,2083,-1100,368
7.7271,1881,2082,-1100,376
7.7275,1881,2082,-1100,376
7.7280,1881,2081,-1100,376
7.7284,1881,2081,-1100,376
7.7288,1881,2079,-1100,368
7.7292,1881,2079,-1100,368
7.7297,1881,2079,-1100,368
7.7301,1880,2078,-1100,368
7.7310,1880,2077,-1100,376
7.7314,1880,2077,-1100,376
7.7318,1880,2076,-1100,376
7.7323,1880,2076,-1100,376
7.7327,1880,2076,-1100,376
7.7331,1880,2075,-1100,376
7.7336,1880,2075,-1100,376
7.7340,1880,2074,-1100,368
7.7345,1880,2074,-1100,368
7.7349,1880,2073,-1100,368
7.7353,1880,2073,-1100,368
7.7357,1880,2071,-1150,368
7.7362,1880,2071,-1150,368
7.7366,1880,2071,-1150,368
7.7371,1880,2070,-1150,368
7.7375,1880,2070,-1150,368
7.7380,1880,2069,-1150,368
7.7384,1880,2069,-1150,368
7.7388,1880,2068,-1150,368
7.7393,1880,2068,-1150,368
7.7397,1880,2066,-1150,368
7.7402,1879,2066,-1150,368
7.7410,1879,2065,-1150,368
7.7415,1879,2065,-1150,368
7.7420,1879,2064,-1150,368
7.7424,1879,2064,-1150,368
7.7429,1879,2063,-1150,368
7.7433,1879,2063,-1150,368
7.7437,1879,2061,-1150,360
7.7442,1879,2061,-1150,360
7.7446,1879,2061,-1150,360
7.7450,1879,2060,-1150,368
7.7456,1879,2060,-1150,368
7.7460,1879,2059,-1150,368
7.7464,1879,2059,-1150,368
7.7469,1879,2058,-1150,368
7.7473,1879,2058,-1150,368
7.7478,1879,2056,-1150,360
7.7482,1879,2056,-1150,360
7.7487,1879,2055,-1150,360
7.7491,1879,2055,-1150,360
7.7496,1879,2055,-1150,360
7.7500,1879,2054,-1150,360
7.7504,1878,2053,-1150,360
7.7512,1878,2053,-1150,360
7.7517,1878,2052,-1150,368
7.7521,1878,2052,-1150,368
7.7526,1878,2052,-1150,368
7.7530,1878,2050,-1150,360
7.7534,1878,2050,-1150,360
7.7539,1878,2049,-1150,348
7.7543,1878,2049,-1150,348
7.7547,1878,2048,-1150,348
7.7552,1878,2048,-1150,348
7.7556,1878,2047,-1200,348
7.7561,1878,2047,-1200,348
7.7566,1878,2047,-1200,348
7.7570,1878,2045,-1200,340
7.7575,1878,2045,-1200,340
7.7579,1878,2044,-1200,340
7.7583,1878,2044,-1200,340
7.7588,1878,2043,-1200,348
7.7592,1878,2043,-1200,348
7.7597,1878,2042,-1200,348
7.7601,1879,2042,-1200,348
7.7610,1879,2040,-1200,340
7.7614,1879,2040,-1200,340
7.7618,1879,2039,-1200,340
7.7623,1879,2039,-1200,340
7.7627,1879,2038,-1200,340
7.7631,1879,2038,-1200,340
7.7636,1879,2036,-1200,332
7.7640,1879,2036,-1200,332
7.7645,1879,2036,-1200,332
7.7649,1879,2035,-1200,332
7.7653,1879,2035,-1200,332
7.7658,1879,2034,-1200,332
7.7663,1879,2034,-1200,332
7.7667,1879,2033,-1200,332
7.7672,1879,2033,-1200,332
7.7676,1879,2031,-1200,324
7.7680,1879,2031,-1200,324
7.7686,1879,2030,-1200,332
7.7690,1879,2030,-1200,332
7.7694,1879,2030,-1200,332
7.7699,1879,2029,-1200,332
7.7703,1880,2028,-1200,332
7.7711,1880,2028,-1200,332
7.7716,1880,2027,-1200,332
7.7720,1880,2027,-1200,332
7.7725,1880,2027,-1200,332
7.7729,1880,2025,-1200,324
7.7733,1880,2025,-1200,324
7.7738,1880,2024,-1200,316
7.7742,1880,2024,-1200,316
7.7747,1880,2023,-1200,316
7.7751,1880,2023,-1200,316
7.7755,1880,2022,-1250,316
7.7760,1880,2022,-1250,316
7.7764,1880,2022,-1250,316
7.7768,1880,2021,-1250,316
7.7773,1880,2021,-1250,316
7.7777,1880,2020,-1250,316
7.7781,1880,2020,-1250,316
7.7786,1880,2018,-1250,308
7.7790,1880,2018,-1250,308
7.7794,1880,2018,-1250,308
7.7799,1880,2017,-1250,308
7.7803,1881,2016,-1250,308
7.7811,1881,2016,-1250,308
7.7816,1881,2014,-1250,300
7.7820,1881,2014,-1250,300
7.7825,1881,2013,-1250,300
7.7829,1881,2013,-1250,300
7.7834,1881,2013,-1250,300
7.7838,1881,2012,-1250,300
7.7843,1881,2012,-1250,300
7.7847,1881,2011,-1250,300
7.7852,1881,2011,-1250,300
7.7856,1881,2010,-1250,300
7.7861,1881,2010,-1250,300
7.7866,1881,2009,-1250,300
7.7871,1881,2009,-1250,300
7.7876,1881,2008,-1250,300
7.7880,1881,2008,-1250,300
7.7886,1881,2007,-1250,300
7.7890,1881,2007,-1250,300
7.7895,1881,2007,-1250,300
7.7899,1881,2006,-1250,300
7.7904,1884,2004,-1250,292
7.7913,1884,2004,-1250,292
7.7917,1884,2003,-1250,292
7.7922,1884,2003,-1250,292
7.7926,1884,2002,-1250,292
7.7931,1884,2002,-1250,292
7.7936,1884,2001,-1250,292
7.7940,1884,2001,-1250,292
7.7944,1884,2001,-1250,292
7.7949,1884,2000,-1250,292
7.7953,1884,2000,-1250,292
7.7957,1884,1999,-1150,292
7.7962,1884,1999,-1150,292
7.7966,1884,1998,-1150,284
7.7970,1884,1998,-1150,284
7.7975,1884,1996,-1150,276
7.7979,1884,1996,-1150,276
7.7983,1884,1996,-1150,276
7.7988,1884,1995,-1150,276
7.7992,1884,1995,-1150,276
7.7997,1884,1994,-1150,276
7.8002,1887,1993,-1150,276
7.8010,1887,1993,-1150,276
7.8014,1887,1993,-1150,276
7.8018,1887,1992,-1150,276
7.8022,1887,1992,-1150,276
7.8027,1887,1991,-1150,276
7.8031,1887,1991,-1150,276
7.8035,1887,1990,-1150,276
7.8040,1887,1990,-1150,276
7.8044,1887,1990,-1150,276
7.8048,1887,1989,-1150,276
7.8052,1887,1989,-1150,276
7.8056,1887,1988,-1150,276
7.8060,1887,1988,-1150,276
7.8064,1887,1987,-1150,268
7.8068,1887,1987,-1150,268
7.8072,1887,1987,-1150,268
7.8076,1887,1985,-1150,260
7.8079,1887,1985,-1150,260
7.8083,1887,1985,-1150,260
7.8087,1887,1985,-1150,268
7.8092,1887,1985,-1150,268
7.8096,1887,1984,-1150,268
7.8100,1890,1983,-1150,268
7.8108,1890,1983,-1150,268
7.8112,1890,1983,-1150,268
7.8117,1890,1981,-1150,260
7.8121,1890,1981,-1150,260
7.8125,1890,1981,-1150,268
7.8130,1890,1981,-1150,268
7.8134,1890,1980,-1150,256
7.8138,1890,1980,-1150,256
7.8142,1890,1980,-1150,256
7.8146,1890,1979,-1150,256
7.8150,1890,1979,-1150,256
7.8154,1890,1978,-1050,256
7.8158,1890,1978,-1050,256
7.8162,1890,1978,-1050,256
7.8165,1890,1977,-1050,256
7.8169,1890,1977,-1050,256
7.8173,1890,1977,-1050,256
7.8177,1890,1976,-1050,256
7.8182,1890,1976,-1050,256
7.8186,1890,1975,-1050,256
7.8190,1890,1975,-1050,256
7.8194,1890,1973,-1050,240
7.8198,1890,1973,-1050,240
7.8203,1895,1973,-1050,248
7.8210,1895,1973,-1050,248
7.8216,1895,1972,-1050,248
7.8220,1895,1972,-1050,248
7.8224,1895,1971,-1050,248
7.8228,1895,1971,-1050,248
7.8232,1895,1971,-1050,248
7.8237,1895,1970,-1050,248
7.8241,1895,1970,-1050,248
7.8245,1895,1969,-1050,240
7.8250,1895,1969,-1050,240
7.8254,1895,1968,-1050,240
7.8258,1895,1968,-1050,240
7.8262,1895,1968,-1050,240
7.8266,1895,1967,-1050,240
7.8270,1895,1967,-1050,240
7.8275,1895,1966,-1050,240
7.8280,1895,1966,-1050,240
7.8284,1895,1965,-1050,240
7.8288,1895,1965,-1050,240
7.8293,1895,1964,-1050,232
7.8297,1895,1964,-1050,232
7.8301,1900,1963,-1050,232
7.8309,1900,1963,-1050,232
7.8314,1900,1962,-1050,232
7.8318,1900,1962,-1050,232
7.8322,1900,1962,-1050,232
7.8326,1900,1961,-1050,232
7.8330,1900,1961,-1050,232
7.8334,1900,1960,-1050,224
7.8338,1900,1960,-1050,224
7.8342,1900,1960,-1050,224
7.8346,1900,1959,-1050,224
7.8350,1900,1959,-1050,224
7.8354,1900,1958,-1000,224
7.8358,1900,1958,-1000,224
7.8363,1900,1958,-1000,224
7.8367,1900,1957,-1000,224
7.8371,1900,1957,-1000,224
7.8375,1900,1956,-1000,216
7.8379,1900,1956,-1000,216
7.8383,1900,1956,-1000,224
7.8388,1900,1956,-1000,224
7.8392,1900,1956,-1000,224
7.8396,1900,1955,-1000,224
7.8400,1900,1955,-1000,224
7.8404,1905,1954,-1000,216
7.8412,1905,1954,-1000,216
7.8416,1905,1953,-1000,216
7.8420,1905,1953,-1000,216
7.8424,1905,1952,-1000,216
7.8428,1905,1952,-1000,216
7.8432,1905,1952,-1000,216
7.8436,1905,1951,-1000,216
7.8440,1905,1951,-1000,216
7.8444,1905,1950,-1000,208
7.8448,1905,1950,-1000,208
7.8452,1905,1950,-1000,208
7.8456,1905,1949,-1000,208
7.8460,1905,1949,-1000,208
7.8464,1905,1948,-1000,208
7.8468,1905,1948,-1000,208
7.8472,1905,1947,-1000,200
7.8477,1905,1947,-1000,200
7.8481,1905,1947,-1000,200
7.8485,1905,1946,-1000,200
7.8489,1905,1946,-1000,200
7.8493,1905,1945,-1000,200
7.8497,1905,1945,-1000,200
7.8501,1911,1945,-1000,200
7.8509,1911,1945,-1000,200
7.8513,1911,1944,-1000,200
7.8517,1911,1944,-1000,200
7.8522,1911,1944,-1000,200
7.8526,1911,1943,-1000,200
7.8530,1911,1943,-1000,200
7.8534,1911,1942,-1000,192
7.8538,1911,1942,-1000,192
7.8542,1911,1941,-1000,192
7.8546,1911,1941,-1000,192
7.8551,1911,1941,-1000,192
7.8555,1911,1941,-850,192
7.8560,1911,1941,-850,192
7.8564,1911,1940,-850,192
7.8568,1911,1940,-850,192
7.8573,1911,1939,-850,192
7.8577,1911,1939,-850,192
7.8581,1911,1939,-850,192
7.8586,1911,1938,-850,184
7.8590,1911,1938,-850,184
7.8594,1911,1937,-850,184
7.8599,1911,1937,-850,184
7.8603,1918,1936,-850,184
7.8612,1918,1936,-850,184
7.8616,1918,1936,-850,184
7.8620,1918,1936,-850,184
7.8624,1918,1935,-850,184
7.8628,1918,1935,-850,184
7.8633,1918,1934,-850,176
7.8637,1918,1934,-850,176
7.8641,1918,1934,-850,176
7.8646,1918,1933,-850,176
7.8651,1918,1933,-850,176
7.8656,1918,1933,-850,184
7.8660,1918,1933,-850,184
7.8664,1918,1932,-850,176
7.8668,1918,1932,-850,176
7.8673,1918,1931,-850,176
7.8677,1918,1931,-850,176
7.8682,1918,1931,-850,176
7.8686,1918,1931,-850,176
7.8690,1918,1931,-850,176
7.8694,1918,1930,-850,176
7.8698,1918,1930,-850,176
7.8702,1925,1929,-850,168
7.8710,1925,1929,-850,168
7.8714,1925,1929,-850,176
7.8718,1925,1929,-850,176
7.8722,1925,1928,-850,176
7.8726,1925,1928,-850,176
7.8730,1925,1928,-850,176
7.8734,1925,1927,-850,172
7.8738,1925,1927,-850,172
7.8742,1925,1926,-850,172
7.8746,1925,1926,-850,172
7.8750,1925,1926,-850,172
7.8754,1925,1925,-800,164
7.8758,1925,1925,-800,164
7.8762,1925,1925,-800,172
7.8767,1925,1925,-800,172
7.8771,1925,1925,-800,172
7.8775,1925,1924,-800,164
7.8779,1925,1924,-800,164
7.8783,1925,1923,-800,164
7.8787,1925,1923,-800,164
7.8791,1925,1922,-800,156
7.8795,1925,1922,-800,156
7.8799,1925,1922,-800,156
7.8803,1932,1922,-800,164
7.8812,1932,1921,-800,156
7.8816,1932,1921,-800,156
7.8821,1932,1921,-800,156
7.8826,1932,1921,-800,164
7.8830,1932,1921,-800,164
7.8834,1932,1920,-800,156
7.8838,1932,1920,-800,156
7.8842,1932,1919,-800,156
7.8846,1932,1919,-800,156
7.8850,1932,1919,-800,156
7.8854,1932,1919,-800,156
7.8858,1932,1919,-800,156
7.8862,1932,1918,-800,156
7.8866,1932,1918,-800,156
7.8870,1932,1918,-800,156
7.8874,1932,1917,-800,148
7.8878,1932,1917,-800,148
7.8882,1932,1917,-800,156
7.8886,1932,1917,-800,156
7.8890,1932,1917,-800,156
7.8895,1932,1916,-800,148
7.8900,1932,1916,-800,148
7.8904,1941,1915,-800,148
7.8911,1941,1915,-800,148
7.8915,1941,1915,-800,148
7.8919,1941,1915,-800,148
7.8923,1941,1914,-800,140
7.8927,1941,1914,-800,140
7.8932,1941,1914,-800,148
7.8936,1941,1914,-800,148
7.8940,1941,1914,-800,148
7.8944,1941,1913,-800,140
7.8948,1941,1913,-800,140
7.8952,1941,1912,-650,140
7.8956,1941,1912,-650,140
7.8961,1941,1912,-650,140
7.8965,1941,1912,-650,140
7.8969,1941,1912,-650,140
7.8974,1941,1911,-650,140
7.8978,1941,1911,-650,140
7.8982,1941,1910,-650,132
7.8986,1941,1910,-650,132
7.8991,1941,1910,-650,132
7.8996,1941,1910,-650,132
7.9000,1941,1910,-650,132
7.9004,1949,1909,-650,132
7.9012,1949,1909,-650,132
7.9017,1949,1909,-650,132
7.9021,1949,1908,-650,132
7.9025,1949,1908,-650,132
7.9030,1949,1908,-650,132
7.9034,1949,1908,-650,132
7.9038,1949,1908,-650,132
7.9043,1949,1907,-650,124
7.9047,1949,1907,-650,124
7.9051,1949,1907,-650,132
7.9055,1949,1907,-650,132
7.9060,1949,1907,-650,132
7.9065,1949,1906,-650,124
7.9070,1949,1905,-650,124
7.9075,1949,1905,-650,124
7.9079,1949,1905,-650,124
7.9082,1949,1905,-650,124
7.9086,1949,1905,-650,124
7.9090,1949,1905,-650,124
7.9093,1949,1904,-650,116
7.9098,1949,1904,-650,116
7.9101,1958,1904,-650,124
7.9109,1958,1904,-650,124
7.9113,1958,1903,-650,116
7.9118,1958,1903,-650,116
7.9122,1958,1903,-650,116
7.9127,1958,1903,-650,116
7.9131,1958,1902,-650,112
7.9135,1958,1902,-650,112
7.9139,1958,1902,-650,112
7.9144,1958,1902,-650,112
7.9148,1958,1902,-650,112
7.9152,1958,1901,-550,104
7.9157,1958,1901,-550,104
7.9162,1958,1901,-550,112
7.9166,1958,1901,-550,112
7.9170,1958,1900,-550,104
7.9174,1958,1900,-550,104
7.9179,1958,1900,-550,104
7.9183,1958,1900,-550,104
7.9187,1958,1900,-550,104
7.9191,1958,1899,-550,104
7.9196,1958,1899,-550,104
7.9200,1958,1898,-550,96
7.9204,1967,1898,-550,96
7.9212,1967,1898,-550,96
7.9217,1967,1898,-550,96
7.9221,1967,1898,-550,104
7.9226,1967,1898,-550,104
7.9230,1967,1897,-550,96
7.9234,1967,1897,-550,96
7.9239,1967,1897,-550,96
7.9244,1967,1897,-550,96
7.9248,1967,1897,-550,96
7.9252,1967,1896,-550,88
7.9256,1967,1896,-550,88
7.9261,1967,1896,-550,96
7.9265,1967,1896,-550,96
7.9270,1967,1895,-550,88
7.9274,1967,1895,-550,88
7.9279,1967,1895,-550,88
7.9284,1967,1895,-550,88
7.9288,1967,1895,-550,88
7.9292,1967,1895,-550,96
7.9296,1967,1895,-550,96
7.9300,1976,1894,-550,88
7.9308,1976,1894,-550,88
7.9312,1976,1893,-550,80
7.9317,1976,1893,-550,80
7.9321,1976,1893,-550,80
7.9325,1976,1893,-550,80
7.9329,1976,1893,-550,92
7.9333,1976,1893,-550,92
7.9337,1976,1893,-550,92
7.9342,1976,1892,-550,84
7.9346,1976,1892,-550,84
7.9350,1976,1892,-450,84
7.9354,1976,1892,-450,84
7.9358,1976,1892,-450,84
7.9362,1976,1892,-450,84
7.9366,1976,1892,-450,84
7.9370,1976,1891,-450,84
7.9375,1976,1891,-450,84
7.9379,1976,1891,-450,84
7.9383,1976,1891,-450,84
7.9388,1976,1891,-450,84
7.9392,1976,1890,-450,76
7.9396,1976,1890,-450,76
7.9400,1986,1890,-450,76
7.9408,1986,1890,-450,76
7.9412,1986,1890,-450,76
7.9416,1986,1890,-450,76
7.9420,1986,1889,-450,76
7.9424,1986,1889,-450,76
7.9428,1986,1889,-450,76
7.9432,1986,1889,-450,76
7.9436,1986,1889,-450,76
7.9441,1986,1888,-450,68
7.9445,1986,1888,-450,68
7.9449,1986,1888,-450,68
7.9454,1986,1888,-450,68
7.9458,1986,1888,-450,68
7.9462,1986,1888,-450,68
7.9466,1986,1888,-450,68
7.9470,1986,1887,-450,68
7.9474,1986,1887,-450,68
7.9479,1986,1887,-450,68
7.9482,1986,1887,-450,68
7.9486,1986,1887,-450,68
7.9490,1986,1887,-450,68
7.9495,1986,1887,-450,68
7.9498,1986,1887,-450,68
7.9503,1997,1887,-450,68
7.9511,1997,1886,-450,60
7.9515,1997,1886,-450,60
7.9519,1997,1886,-450,60
7.9524,1997,1886,-450,60
7.9528,1997,1886,-450,60
7.9532,1997,1886,-450,56
7.9536,1997,1886,-450,56
7.9540,1997,1885,-450,56
7.9544,1997,1885,-450,56
7.9549,1997,1885,-350,56
7.9553,1997,1885,-350,56
7.9557,1997,1885,-350,56
7.9561,1997,1885,-350,56
7.9565,1997,1885,-350,56
7.9569,1997,1884,-350,48
7.9574,1997,1884,-350,48
7.9578,1997,1884,-350,48
7.9582,1997,1884,-350,48
7.9586,1997,1884,-350,48
7.9590,1997,1884,-350,48
7.9594,1997,1884,-350,48
7.9598,1997,1883,-350,40
7.9602,2007,1883,-350,40
7.9610,2007,1883,-350,40
7.9614,2007,1883,-350,40
7.9618,2007,1883,-350,48
7.9623,2007,1883,-350,48
7.9627,2007,1883,-350,48
7.9631,2007,1883,-350,48
7.9635,2007,1883,-350,48
7.9639,2007,1882,-350,40
7.9643,2007,1882,-350,40
7.9648,2007,1882,-350,40
7.9652,2007,1882,-350,40
7.9656,2007,1882,-350,40
7.9660,2007,1882,-350,40
7.9664,2007,1882,-350,40
7.9668,2007,1882,-350,40
7.9673,2007,1882,-350,40
7.9677,2007,1882,-350,40
7.9681,2007,1881,-350,32
7.9685,2007,1881,-350,32
7.9689,2007,1881,-350,32
7.9693,2007,1881,-350,32
7.9697,2007,1881,-350,32
7.9702,2017,1881,-350,32
7.9709,2017,1881,-350,32
7.9713,2017,1881,-350,32
7.9718,2017,1881,-350,32
7.9723,2017,1881,-350,32
7.9727,2017,1881,-350,32
7.9731,2017,1880,-350,24
7.9736,2017,1880,-350,24
7.9740,2017,1880,-350,24
7.9744,2017,1880,-350,24
7.9748,2017,1880,-250,24
7.9752,2017,1880,-250,24
7.9756,2017,1880,-250,24
7.9760,2017,1880,-250,24
7.9765,2017,1880,-250,24
7.9769,2017,1880,-250,24
7.9773,2017,1880,-250,24
7.9778,2017,1880,-250,24
7.9782,2017,1880,-250,24
7.9787,2017,1880,-250,24
7.9791,2017,1879,-250,0
7.9795,2017,1879,-250,0
7.9799,2017,1879,-250,0
7.9803,2028,1879,-250,0
7.9811,2028,1879,-250,0
7.9816,2028,1879,-250,0
7.9820,2028,1879,-250,-24
7.9824,2028,1879,-250,-24
7.9828,2028,1879,-250,-24
7.9832,2028,1879,-250,-24
7.9836,2028,1879,-250,-24
7.9840,2028,1879,-250,-24
7.9845,2028,1879,-250,-24
7.9850,2028,1879,-250,-24
7.9853,2028,1879,-250,-24
7.9857,2028,1878,-250,-32
7.9861,2028,1878,-250,-32
7.9866,2028,1878,-250,-32
7.9870,2028,1878,-250,-32
7.9874,2028,1878,-250,-32
7.9878,2028,1878,-250,-32
7.9882,2028,1878,-250,-32
7.9886,2028,1878,-250,-32
7.9890,2028,1878,-250,-32
7.9894,2028,1878,-250,-32
7.9898,2028,1878,-250,-32
7.9902,2039,1878,-250,-32
7.9910,2039,1878,-250,-32
7.9914,2039,1878,-250,-32
7.9918,2039,1878,-250,-32
7.9922,2039,1878,-250,-32
7.9927,2039,1878,-250,-28
7.9931,2039,1878,-250,-28
7.9935,2039,1878,-250,-28
7.9939,2039,1878,-250,-28
7.9943,2039,1878,-250,-28
7.9948,2039,1878,-100,-28
7.9952,2039,1878,-100,-28
7.9956,2039,1878,-100,-28
7.9960,2039,1878,-100,-28
7.9965,2039,1878,-100,-28
7.9970,2039,1878,-100,-28
7.9974,2039,1878,-100,-28
7.9978,2039,1878,-100,-28
7.9982,2039,1878,-100,-28
7.9987,2039,1878,-100,-28
7.9991,2039,1878,-100,-28
7.9995,2039,1878,-100,-28
7.9999,2039,1878,-100,-28
8.0004,2049,1878,-100,-28
8.0012,2049,1878,-100,-28
8.0016,2049,1878,-100,-28
8.0020,2049,1878,-100,-28
8.0024,2049,1878,-100,-28
8.0028,2049,1878,-100,-36
8.0033,2049,1878,-100,-36
8.0037,2049,1878,-100,-36
8.0041,2049,1878,-100,-36
8.0045,2049,1878,-100,-36
8.0050,2049,1878,-100,-36
8.0054,2049,1878,-100,-36
8.0058,2049,1878,-100,-36
8.0062,2049,1878,-100,-36
8.0067,2049,1878,-100,-44
8.0071,2049,1878,-100,-44
8.0075,2049,1878,-100,-44
8.0079,2049,1878,-100,-44
8.0084,2049,1878,-100,-44
8.0088,2049,1878,-100,-44
8.0092,2049,1878,-100,-44
8.0096,2049,1878,-100,-44
8.0101,2060,1878,-100,-44
8.0110,2060,1878,-100,-44
8.0114,2060,1878,-100,-44
8.0118,2060,1878,-100,-52
8.0122,2060,1878,-100,-52
8.0127,2060,1878,-100,-52
8.0131,2060,1878,-100,-52
8.0135,2060,1878,-100,-52
8.0140,2060,1878,-100,-52
8.0144,2060,1878,-100,-52
8.0148,2060,1878,0,-52
8.0152,2060,1878,0,-52
8.0157,2060,1878,0,-60
8.0161,2060,1878,0,-60
8.0165,2060,1878,0,-60
8.0170,2060,1878,0,-60
8.0174,2060,1878,0,-60
8.0179,2060,1878,0,-60
8.0183,2060,1878,0,-60
8.0187,2060,1878,0,-68
8.0191,2060,1878,0,-68
8.0195,2060,1878,0,-68
8.0200,2060,1878,0,-68
8.0204,2071,1878,0,-68
8.0212,2071,1878,0,-68
8.0216,2071,1878,0,-68
8.0221,2071,1878,0,-68
8.0225,2071,1878,0,-76
8.0230,2071,1878,0,-76
8.0234,2071,1878,0,-76
8.0238,2071,1878,0,-76
8.0242,2071,1878,0,-76
8.0247,2071,1878,0,-76
8.0251,2071,1878,0,-76
8.0255,2071,1878,0,-84
8.0260,2071,1878,0,-84
8.0264,2071,1878,0,-84
8.0268,2071,1878,0,-84
8.0272,2071,1878,0,-84
8.0277,2071,1878,0,-84
8.0281,2071,1878,0,-84
8.0285,2071,1878,0,-92
8.0290,2071,1878,0,-92
8.0294,2071,1878,0,-92
8.0298,2071,1878,0,-92
8.0303,2081,1878,0,-92
8.0311,2081,1878,0,-92
8.0315,2081,1878,0,-100
8.0320,2081,1878,0,-100
8.0324,2081,1878,0,-100
8.0329,2081,1878,0,-112
8.0333,2081,1878,0,-112
8.0337,2081,1878,0,-112
8.0341,2081,1878,0,-112
8.0346,2081,1878,0,-120
8.0350,2081,1878,0,-120
8.0354,2081,1878,0,-120
8.0358,2081,1878,0,-120
8.0362,2081,1878,0,-120
8.0366,2081,1879,0,-112
8.0370,2081,1879,0,-112
8.0374,2081,1879,0,-112
8.0378,2081,1879,0,-120
8.0382,2081,1879,0,-120
8.0386,2081,1879,0,-120
8.0390,2081,1879,0,-120
8.0395,2081,1879,0,-128
8.0399,2081,1879,0,-128
8.0404,2092,1879,0,-128
8.0412,2092,1879,0,-128
8.0416,2092,1880,0,-120
8.0420,2092,1880,0,-120
8.0424,2092,1880,0,-120
8.0429,2092,1880,0,-128
8.0433,2092,1880,0,-128
8.0437,2092,1880,0,-128
8.0441,2092,1880,0,-128
8.0446,2092,1880,0,-136
8.0450,2092,1880,0,-136
8.0454,2092,1880,0,-136
8.0458,2092,1881,0,-128
8.0462,2092,1881,0,-128
8.0467,2092,1881,0,-128
8.0471,2092,1881,0,-128
8.0475,2092,1881,0,-136
8.0479,2092,1881,0,-136
8.0484,2092,1881,0,-136
8.0488,2092,1881,0,-136
8.0492,2092,1881,0,-136
8.0497,2092,1882,0,-136
8.0501,2102,1882,0,-136
8.0510,2102,1882,0,-136
8.0514,2102,1882,0,-144
8.0518,2102,1882,0,-144
8.0522,2102,1882,0,-144
8.0526,2102,1883,0,-124
8.0531,2102,1883,0,-124
8.0535,2102,1883,0,-132
8.0539,2102,1883,0,-132
8.0544,2102,1883,0,-132
8.0548,2102,1883,250,-132
8.0552,2102,1883,250,-132
8.0556,2102,1884,250,-124
8.0560,2102,1884,250,-124
8.0565,2102,1884,250,-132
8.0569,2102,1884,250,-132
8.0574,2102,1884,250,-132
8.0578,2102,1884,250,-132
8.0582,2102,1884,250,-132
8.0586,2102,1885,250,-132
8.0590,2102,1885,250,-132
8.0595,2102,1885,250,-132
8.0599,2102,1885,250,-132
8.0603,2112,1886,250,-132
8.0611,2112,1886,250,-132
8.0615,2112,1886,250,-132
8.0620,2112,1886,250,-132
8.0624,2112,1886,250,-140
8.0628,2112,1886,250,-140
8.0632,2112,1886,250,-140
8.0636,2112,1887,250,-132
8.0640,2112,1887,250,-132
8.0645,2112,1887,250,-140
8.0649,2112,1887,250,-140
8.0653,2112,1887,250,-140
8.0658,2112,1887,250,-140
8.0662,2112,1887,250,-140
8.0666,2112,1888,250,-140
8.0671,2112,1888,250,-140
8.0675,2112,1888,250,-140
8.0679,2112,1888,250,-140
8.0684,2112,1889,250,-140
8.0688,2112,1889,250,-140
8.0692,2112,1889,250,-140
8.0696,2112,1889,250,-140
8.0700,2122,1889,250,-148
8.0708,2122,1889,250,-148
8.0712,2122,1889,250,-148
8.0717,2122,1890,250,-148
8.0721,2122,1890,250,-148
8.0725,2122,1890,250,-148
8.0729,2122,1890,250,-148
8.0733,2122,1891,250,-148
8.0738,2122,1891,250,-148
8.0742,2122,1891,250,-148
8.0746,2122,1891,400,-148
8.0751,2122,1891,400,-148
8.0755,2122,1891,400,-156
8.0759,2122,1891,400,-156
8.0764,2122,1892,400,-148
8.0768,2122,1892,400,-148
8.0772,2122,1892,400,-148
8.0776,2122,1892,400,-156
8.0780,2122,1892,400,-156
8.0784,2122,1892,400,-164
8.0788,2122,1892,400,-164
8.0792,2122,1892,400,-164
8.0795,2122,1893,400,-156
8.0799,2122,1893,400,-156
8.0802,2131,1893,400,-164
8.0809,2131,1893,400,-164
8.0813,2131,1893,400,-164
8.0817,2131,1894,400,-156
8.0821,2131,1894,400,-156
8.0825,2131,1894,400,-164
8.0829,2131,1894,400,-164
8.0833,2131,1894,400,-164
8.0837,2131,1895,400,-156
8.0840,2131,1895,400,-156
8.0844,2131,1895,400,-164
8.0848,2131,1895,400,-164
8.0852,2131,1895,400,-164
8.0855,2131,1896,400,-164
8.0859,2131,1896,400,-164
8.0863,2131,1896,400,-164
8.0867,2131,1896,400,-164
8.0871,2131,1896,400,-164
8.0875,2131,1897,400,-164
8.0879,2131,1897,400,-164
8.0882,2131,1897,400,-164
8.0886,2131,1897,400,-172
8.0890,2131,1897,400,-172
8.0895,2131,1897,400,-172
8.0899,2131,1897,400,-172
8.0903,2141,1898,400,-172
8.0909,2141,1898,400,-172
8.0913,2141,1898,400,-172
8.0916,2141,1898,400,-172
8.0920,2141,1898,400,-172
8.0924,2141,1899,400,-172
8.0928,2141,1899,400,-172
8.0931,2141,1899,400,-172
8.0935,2141,1900,400,-172
8.0939,2141,1900,400,-172
8.0942,2141,1900,400,-172
8.0945,2141,1900,450,-172
8.0949,2141,1900,450,-172
8.0952,2141,1900,450,-172
8.0956,2141,1900,450,-180
8.0959,2141,1900,450,-180
8.0963,2141,1900,450,-188
8.0966,2141,1900,450,-188
8.0969,2141,1900,450,-188
8.0973,2141,1901,450,-180
8.0976,2141,1901,450,-180
8.0979,2141,1901,450,-180
8.0983,2141,1901,450,-188
8.0987,2141,1901,450,-188
8.0990,2141,1901,450,-188
8.0993,2141,1902,450,-188
8.0996,2141,1902,450,-188
8.1000,2141,1902,450,-188
8.1003,2150,1902,450,-196
8.1009,2150,1902,450,-196
8.1012,2150,1903,450,-188
8.1016,2150,1903,450,-188
8.1019,2150,1903,450,-188
8.1023,2150,1904,450,-188
8.1026,2150,1904,450,-188
8.1030,2150,1904,450,-188
8.1034,2150,1904,450,-196
8.1037,2150,1904,450,-196
8.1041,2150,1904,450,-196
8.1045,2150,1905,450,-188
8.1048,2150,1905,450,-188
8.1052,2150,1905,450,-188
8.1056,2150,1905,450,-196
8.1059,2150,1905,450,-196
8.1063,2150,1906,450,-196
8.1067,2150,1906,450,-196
8.1071,2150,1906,450,-196
8.1075,2150,1907,450,-188
8.1079,2150,1907,450,-188
8.1083,2150,1907,450,-196
8.1087,2150,1907,450,-196
8.1091,2150,1907,450,-196
8.1095,2150,1907,450,-204
8.1099,2150,1907,450,-204
8.1103,2158,1908,450,-204
8.1110,2158,1908,450,-204
8.1114,2158,1908,450,-204
8.1118,2158,1908,450,-204
8.1122,2158,1909,450,-208
8.1126,2158,1909,450,-208
8.1130,2158,1909,450,-208
8.1134,2158,1910,450,-208
8.1138,2158,1910,450,-208
8.1142,2158,1910,500,-216
8.1146,2158,1910,500,-216
8.1150,2158,1910,500,-216
8.1154,2158,1911,500,-208
8.1158,2158,1911,500,-208
8.1162,2158,1912,500,-208
8.1166,2158,1912,500,-208
8.1170,2158,1912,500,-208
8.1174,2158,1912,500,-216
8.1178,2158,1912,500,-216
8.1182,2158,1913,500,-216
8.1186,2158,1913,500,-216
8.1189,2158,1913,500,-216
8.1193,2158,1913,500,-224
8.1197,2158,1913,500,-224
8.1201,2166,1914,500,-216
8.1209,2166,1914,500,-216
8.1213,2166,1915,500,-216
8.1217,2166,1915,500,-216
8.1221,2166,1915,500,-216
8.1225,2166,1915,500,-224
8.1230,2166,1915,500,-224
8.1234,2166,1916,500,-224
8.1238,2166,1916,500,-224
8.1242,2166,1917,500,-224
8.1246,2166,1917,500,-224
8.1250,2166,1917,500,-224
8.1254,2166,1917,500,-224
8.1258,2166,1917,500,-224
8.1262,2166,1918,500,-224
8.1266,2166,1918,500,-224
8.1270,2166,1918,500,-224
8.1275,2166,1919,500,-224
8.1279,2166,1919,500,-224
8.1283,2166,1919,500,-232
8.1287,2166,1919,500,-232
8.1291,2166,1920,500,-232
8.1295,2166,1920,500,-232
8.1299,2166,1920,500,-232
8.1303,2174,1921,500,-232
8.1310,2174,1921,500,-232
8.1314,2174,1921,500,-232
8.1318,2174,1921,500,-232
8.1322,2174,1922,500,-228
8.1325,2174,1922,500,-228
8.1329,2174,1922,500,-228
8.1333,2174,1922,500,-236
8.1337,2174,1922,500,-236
8.1341,2174,1922,500,-236
8.1345,2174,1923,650,-236
8.1349,2174,1923,650,-236
8.1353,2174,1924,650,-236
8.1357,2174,1924,650,-236
8.1361,2174,1924,650,-236
8.1365,2174,1924,650,-244
8.1369,2174,1924,650,-244
8.1374,2174,1925,650,-244
8.1378,2174,1925,650,-244
8.1381,2174,1926,650,-236
8.1385,2174,1926,650,-236
8.1389,2174,1926,650,-236
8.1393,2174,1926,650,-244
8.1396,2174,1926,650,-244
8.1400,2181,1927,650,-244
8.1408,2181,1927,650,-244
8.1411,2181,1928,650,-244
8.1415,2181,1928,650,-244
8.1419,2181,1928,650,-244
8.1422,2181,1929,650,-244
8.1426,2181,1929,650,-244
8.1429,2181,1929,650,-244
8.1433,2181,1929,650,-252
8.1436,2181,1929,650,-252
8.1440,2181,1929,650,-252
8.1444,2181,1930,650,-252
8.1448,2181,1930,650,-252
8.1451,2181,1931,650,-252
8.1455,2181,1931,650,-252
8.1459,2181,1931,650,-252
8.1462,2181,1932,650,-252
8.1466,2181,1932,650,-252
8.1469,2181,1932,650,-252
8.1473,2181,1932,650,-260
8.1476,2181,1932,650,-260
8.1480,2181,1932,650,-260
8.1483,2181,1933,650,-260
8.1487,2181,1933,650,-260
8.1491,2181,1934,650,-252
8.1495,2181,1934,650,-252
8.1499,2181,1934,650,-252
8.1502,2187,1935,650,-252
8.1509,2187,1935,650,-252
8.1513,2187,1935,650,-260
8.1516,2187,1935,650,-260
8.1520,2187,1935,650,-260
8.1523,2187,1936,650,-264
8.1527,2187,1936,650,-264
8.1530,2187,1937,650,-264
8.1534,2187,1937,650,-264
8.1538,2187,1937,650,-264
8.1541,2187,1938,750,-264
8.1545,2187,1938,750,-264
8.1548,2187,1938,750,-264
8.1552,2187,1938,750,-272
8.1556,2187,1938,750,-272
8.1559,2187,1938,750,-272
8.1562,2187,1940,750,-264
8.1566,2187,1940,750,-264
8.1570,2187,1940,750,-264
8.1573,2187,1940,750,-272
8.1577,2187,1940,750,-272
8.1580,2187,1940,750,-272
8.1583,2187,1941,750,-272
8.1587,2187,1941,750,-272
8.1590,2187,1942,750,-272
8.1594,2187,1942,750,-272
8.1597,2187,1942,750,-272
8.1601,2193,1942,750,-280
8.1607,2193,1942,750,-280
8.1611,2193,1944,750,-272
8.1615,2193,1944,750,-272
8.1618,2193,1944,750,-272
8.1622,2193,1944,750,-280
8.1625,2193,1944,750,-280
8.1629,2193,1944,750,-280
8.1632,2193,1945,750,-280
8.1635,2193,1945,750,-280
8.1639,2193,1945,750,-280
8.1642,2193,1946,750,-280
8.1646,2193,1946,750,-280
8.1649,2193,1946,750,-280
8.1653,2193,1947,750,-280
8.1657,2193,1947,750,-280
8.1660,2193,1948,750,-280
8.1663,2193,1948,750,-280
8.1667,2193,1948,750,-280
8.1671,2193,1948,750,-288
8.1675,2193,1948,750,-288
8.1678,2193,1948,750,-288
8.1682,2193,1949,750,-288
8.1686,2193,1949,750,-288
8.1689,2193,1949,750,-288
8.1692,2193,1950,750,-288
8.1696,2193,1950,750,-288
8.1700,2193,1951,750,-288
8.1703,2199,1951,750,-288
8.1710,2199,1952,750,-288
8.1713,2199,1952,750,-288
8.1717,2199,1952,750,-288
8.1721,2199,1953,750,-284
8.1724,2199,1953,750,-284
8.1728,2199,1953,750,-284
8.1731,2199,1954,750,-284
8.1735,2199,1954,750,-284
8.1738,2199,1954,750,-284
8.1742,2199,1955,850,-284
8.1746,2199,1955,850,-284
8.1749,2199,1955,850,-284
8.1753,2199,1956,850,-292
8.1756,2199,1956,850,-292
8.1760,2199,1957,850,-292
8.1764,2199,1957,850,-292
8.1768,2199,1957,850,-292
8.1771,2199,1958,850,-292
8.1775,2199,1958,850,-292
8.1778,2199,1958,850,-292
8.1782,2199,1958,850,-300
8.1786,2199,1958,850,-300
8.1789,2199,1959,850,-300
8.1793,2199,1959,850,-300
8.1797,2199,1959,850,-300
8.1801,2203,1960,850,-300
8.1808,2203,1960,850,-300
8.1812,2203,1961,850,-300
8.1815,2203,1961,850,-300
8.1819,2203,1961,850,-300
8.1823,2203,1962,850,-300
8.1826,2203,1962,850,-300
8.1830,2203,1963,850,-300
8.1834,2203,1963,850,-300
8.1838,2203,1963,850,-300
8.1841,2203,1964,850,-300
8.1845,2203,1964,850,-300
8.1849,2203,1964,850,-300
8.1853,2203,1965,850,-300
8.1856,2203,1965,850,-300
8.1860,2203,1966,850,-308
8.1864,2203,1966,850,-308
8.1868,2203,1966,850,-308
8.1871,2203,1966,850,-316
8.1875,2203,1966,850,-316
8.1879,2203,1966,850,-316
8.1882,2203,1968,850,-308
8.1886,2203,1968,850,-308
8.1890,2203,1969,850,-308
8.1893,2203,1969,850,-308
8.1898,2203,1969,850,-308
8.1901,2208,1970,850,-308
8.1909,2208,1970,850,-308
8.1912,2208,1971,850,-308
8.1916,2208,1971,850,-308
8.1920,2208,1971,850,-320
8.1923,2208,1971,850,-320
8.1927,2208,1971,850,-320
8.1931,2208,1972,850,-328
8.1935,2208,1972,850,-328
8.1939,2208,1973,900,-328
8.1942,2208,1973,900,-328
8.1946,2208,1973,900,-328
8.1950,2208,1974,900,-328
8.1954,2208,1974,900,-328
8.1958,2208,1974,900,-328
8.1961,2208,1975,900,-328
8.1965,2208,1975,900,-328
8.1969,2208,1976,900,-328
8.1972,2208,1976,900,-328
8.1976,2208,1976,900,-328
8.1980,2208,1977,900,-328
8.1983,2208,1977,900,-328
8.1987,2208,1977,900,-328
8.1991,2208,1978,900,-336
8.1995,2208,1978,900,-336
8.1999,2208,1979,900,-336
8.2002,2211,1979,900,-336
8.2009,2211,1980,900,-336
8.2013,2211,1980,900,-336
8.2016,2211,1980,900,-336
8.2020,2211,1981,900,-336
8.2024,2211,1981,900,-336
8.2028,2211,1981,900,-336
8.2031,2211,1982,900,-336
8.2035,2211,1982,900,-336
8.2039,2211,1983,900,-344
8.2042,2211,1983,900,-344
8.2046,2211,1983,900,-344
8.2049,2211,1984,900,-344
8.2053,2211,1984,900,-344
8.2057,2211,1984,900,-344
8.2060,2211,1985,900,-344
8.2064,2211,1985,900,-344
8.2068,2211,1985,900,-344
8.2071,2211,1986,900,-344
8.2075,2211,1986,900,-344
8.2078,2211,1987,900,-344
8.2082,2211,1987,900,-344
8.2086,2211,1987,900,-344
8.2089,2211,1989,900,-344
8.2093,2211,1989,900,-344
8.2096,2211,1989,900,-344
8.2100,2211,1990,900,-344
8.2103,2214,1990,900,-344
8.2110,2214,1991,900,-344
8.2113,2214,1991,900,-344
8.2117,2214,1991,900,-344
8.2120,2214,1992,900,-340
8.2124,2214,1992,900,-340
8.2128,2214,1992,900,-340
8.2131,2214,1993,900,-348
8.2135,2214,1993,900,-348
8.2139,2214,1994,1050,-348
8.2142,2214,1994,1050,-348
8.2146,2214,1994,1050,-348
8.2149,2214,1995,1050,-348
8.2153,2214,1995,1050,-348
8.2156,2214,1995,1050,-348
8.2160,2214,1996,1050,-348
8.2163,2214,1996,1050,-348
8.2167,2214,1996,1050,-348
8.2170,2214,1997,1050,-356
8.2174,2214,1997,1050,-356
8.2178,2214,1997,1050,-356
8.2181,2214,1998,1050,-356
8.2185,2214,1998,1050,-356
8.2189,2214,1999,1050,-356
8.2192,2214,1999,1050,-356
8.2196,2214,1999,1050,-356
8.2199,2214,2000,1050,-364
8.2203,2217,2000,1050,-364
8.2209,2217,2001,1050,-364
8.2213,2217,2001,1050,-364
8.2216,2217,2001,1050,-364
8.2220,2217,2002,1050,-364
8.2223,2217,2002,1050,-364
8.2227,2217,2002,1050,-364
8.2230,2217,2004,1050,-364
8.2234,2217,2004,1050,-364
8.2238,2217,2005,1050,-364
8.2241,2217,2005,1050,-364
8.2245,2217,2005,1050,-364
8.2249,2217,2006,1050,-364
8.2252,2217,2006,1050,-364
8.2256,2217,2006,1050,-364
8.2259,2217,2007,1050,-364
8.2263,2217,2007,1050,-364
8.2266,2217,2007,1050,-364
8.2270,2217,2008,1050,-372
8.2274,2217,2008,1050,-372
8.2278,2217,2009,1050,-372
8.2281,2217,2009,1050,-372
8.2285,2217,2009,1050,-372
8.2288,2217,2011,1050,-364
8.2292,2217,2011,1050,-364
8.2296,2217,2011,1050,-364
8.2299,2217,2012,1050,-372
8.2303,2218,2012,1050,-372
8.2309,2218,2013,1050,-372
8.2313,2218,2013,1050,-372
8.2317,2218,2013,1050,-372
8.2320,2218,2014,1050,-376
8.2324,2218,2014,1050,-376
8.2328,2218,2015,1050,-376
8.2331,2218,2015,1050,-376
8.2335,2218,2015,1050,-376
8.2338,2218,2016,1100,-384
8.2342,2218,2016,1100,-384
8.2346,2218,2016,1100,-384
8.2349,2218,2018,1100,-376
8.2353,2218,2018,1100,-376
8.2356,2218,2018,1100,-376
8.2360,2218,2019,1100,-376
8.2363,2218,2019,1100,-376
8.2367,2218,2019,1100,-376
8.2370,2218,2020,1100,-376
8.2374,2218,2020,1100,-376
8.2377,2218,2021,1100,-384
8.2381,2218,2021,1100,-384
8.2385,2218,2021,1100,-384
8.2389,2218,2022,1100,-384
8.2392,2218,2022,1100,-384
8.2396,2218,2022,1100,-384
8.2399,2218,2023,1100,-384
8.2403,2219,2023,1100,-384
8.2409,2219,2025,1100,-376
8.2413,2219,2025,1100,-376
8.2416,2219,2025,1100,-376
8.2420,2219,2026,1100,-384
8.2423,2219,2026,1100,-384
8.2427,2219,2027,1100,-384
8.2430,2219,2027,1100,-384
8.2434,2219,2027,1100,-384
8.2438,2219,2028,1100,-384
8.2441,2219,2028,1100,-384
8.2445,2219,2028,1100,-384
8.2448,2219,2029,1100,-384
8.2452,2219,2029,1100,-384
8.2456,2219,2029,1100,-384
8.2459,2219,2031,1100,-376
8.2463,2219,2031,1100,-376
8.2466,2219,2031,1100,-376
8.2470,2219,2032,1100,-384
8.2474,2219,2032,1100,-384
8.2477,2219,2033,1100,-384
8.2481,2219,2033,1100,-384
8.2485,2219,2033,1100,-384
8.2489,2219,2034,1100,-384
8.2492,2219,2034,1100,-384
8.2496,2219,2034,1100,-384
8.2499,2219,2036,1100,-376
8.2503,2220,2036,1100,-376
8.2510,2220,2037,1100,-376
8.2513,2220,2037,1100,-376
8.2517,2220,2038,1100,-360
8.2521,2220,2038,1100,-360
8.2525,2220,2038,1100,-360
8.2528,2220,2040,1100,-360
8.2532,2220,2040,1100,-360
8.2536,2220,2040,1100,-360
8.2539,2220,2041,1250,-360
8.2543,2220,2041,1250,-360
8.2546,2220,2042,1250,-360
8.2550,2220,2042,1250,-360
8.2554,2220,2042,1250,-360
8.2558,2220,2043,1250,-360
8.2562,2220,2043,1250,-360
8.2566,2220,2043,1250,-360
8.2569,2220,2045,1250,-352
8.2573,2220,2045,1250,-352
8.2576,2220,2046,1250,-352
8.2580,2220,2046,1250,-352
8.2584,2220,2046,1250,-352
8.2588,2220,2047,1250,-360
8.2591,2220,2047,1250,-360
8.2595,2220,2047,1250,-360
8.2599,2220,2048,1250,-360
8.2602,2219,2048,1250,-360
8.2609,2219,2050,1250,-352
8.2613,2219,2050,1250,-352
8.2616,2219,2051,1250,-352
8.2620,2219,2051,1250,-352
8.2624,2219,2051,1250,-352
8.2628,2219,2052,1250,-352
8.2631,2219,2052,1250,-352
8.2636,2219,2054,1250,-344
8.2640,2219,2054,1250,-344
8.2644,2219,2054,1250,-344
8.2648,2219,2055,1250,-344
8.2652,2219,2055,1250,-344
8.2655,2219,2055,1250,-344
8.2659,2219,2056,1250,-344
8.2663,2219,2056,1250,-344
8.2667,2219,2057,1250,-352
8.2671,2219,2057,1250,-352
8.2675,2219,2057,1250,-352
8.2679,2219,2059,1250,-344
8.2683,2219,2059,1250,-344
8.2687,2219,2060,1250,-344
8.2691,2219,2060,1250,-344
8.2695,2219,2060,1250,-344
8.2699,2219,2061,1250,-344
8.2703,2218,2063,1250,-336
8.2711,2218,2063,1250,-336
8.2715,2218,2063,1250,-336
8.2719,2218,2064,1250,-324
8.2723,2218,2064,1250,-324
8.2727,2218,2065,1250,-324
8.2731,2218,2065,1250,-324
8.2735,2218,2065,1250,-324
8.2739,2218,2066,1250,-324
8.2743,2218,2066,1250,-324
8.2747,2218,2067,1250,-324
8.2751,2218,2067,1250,-324
8.2755,2218,2067,1250,-324
8.2759,2218,2069,1250,-316
8.2763,2218,2069,1250,-316
8.2767,2218,2070,1250,-316
8.2771,2218,2070,1250,-316
8.2775,2218,2071,1250,-316
8.2779,2218,2071,1250,-316
8.2783,2218,2071,1250,-316
8.2787,2218,2072,1250,-316
8.2791,2218,2072,1250,-316
8.2795,2218,2072,1250,-316
8.2800,2218,2073,1250,-324
8.2804,2217,2075,1250,-316
8.2811,2217,2075,1250,-316
8.2815,2217,2076,1250,-316
8.2819,2217,2076,1250,-316
8.2823,2217,2076,1250,-316
8.2827,2217,2077,1250,-316
8.2831,2217,2077,1250,-316
8.2835,2217,2078,1250,-316
8.2839,2217,2078,1250,-316
8.2843,2217,2078,1250,-316
8.2847,2217,2080,1250,-308
8.2851,2217,2080,1250,-308
8.2855,2217,2081,1250,-308
8.2859,2217,2081,1250,-308
8.2863,2217,2081,1250,-308
8.2867,2217,2082,1250,-308
8.2871,2217,2082,1250,-308
8.2875,2217,2083,1250,-308
8.2879,2217,2083,1250,-308
8.2883,2217,2083,1250,-308
8.2887,2217,2084,1250,-308
8.2891,2217,2084,1250,-308
8.2895,2217,2085,1250,-308
8.2899,2217,2085,1250,-308
8.2903,2214,2086,1250,-308
8.2911,2214,2086,1250,-308
8.2915,2214,2088,1250,-300
8.2919,2214,2088,1250,-300
8.2923,2214,2088,1250,-300
8.2927,2214,2089,1250,-300
8.2931,2214,2089,1250,-300
8.2935,2214,2090,1200,-300
8.2939,2214,2090,1200,-300
8.2943,2214,2090,1200,-300
8.2947,2214,2091,1200,-300
8.2951,2214,2091,1200,-300
8.2955,2214,2092,1200,-292
8.2959,2214,2092,1200,-292
8.2963,2214,2092,1200,-292
8.2967,2214,2093,1200,-292
8.2971,2214,2093,1200,-292
8.2975,2214,2094,1200,-292
8.2979,2214,2094,1200,-292
8.2983,2214,2094,1200,-292
8.2987,2214,2095,1200,-292
8.2991,2214,2095,1200,-292
8.2995,2214,2097,1200,-284
8.2999,2214,2097,1200,-284
8.3003,2211,2098,1200,-284
8.3011,2211,2098,1200,-284
8.3015,2211,2099,1200,-284
8.3019,2211,2099,1200,-284
8.3023,2211,2099,1200,-284
8.3027,2211,2100,1200,-284
8.3031,2211,2100,1200,-284
8.3035,2211,2101,1200,-284
8.3039,2211,2101,1200,-284
8.3043,2211,2101,1200,-284
8.3047,2211,2102,1200,-284
8.3051,2211,2102,1200,-284
8.3055,2211,2103,1200,-284
8.3059,2211,2103,1200,-284
8.3063,2211,2103,1200,-284
8.3067,2211,2104,1200,-284
8.3072,2211,2104,1200,-284
8.3076,2211,2106,1200,-276
8.3080,2211,2106,1200,-276
8.3084,2211,2106,1200,-276
8.3088,2211,2107,1200,-268
8.3092,2211,2107,1200,-268
8.3095,2211,2108,1200,-268
8.3099,2211,2108,1200,-268
8.3103,2208,2109,1200,-268
8.3110,2208,2109,1200,-268
8.3113,2208,2109,1200,-268
8.3117,2208,2110,1200,-264
8.3121,2208,2110,1200,-264
8.3125,2208,2111,1200,-264
8.3129,2208,2111,1200,-264
8.3132,2208,2111,1200,-264
8.3136,2208,2112,1100,-264
8.3140,2208,2112,1100,-264
8.3143,2208,2112,1100,-264
8.3147,2208,2113,1100,-264
8.3150,2208,2113,1100,-264
8.3154,2208,2114,1100,-264
8.3158,2208,2114,1100,-264
8.3162,2208,2114,1100,-264
8.3165,2208,2115,1100,-256
8.3169,2208,2115,1100,-256
8.3173,2208,2115,1100,-256
8.3177,2208,2116,1100,-256
8.3181,2208,2116,1100,-256
8.3185,2208,2117,1100,-256
8.3189,2208,2117,1100,-256
8.3193,2208,2117,1100,-256
8.3197,2208,2118,1100,-256
8.3201,2203,2119,1100,-256
8.3208,2203,2119,1100,-256
8.3212,2203,2119,1100,-256
8.3216,2203,2120,1100,-256
8.3220,2203,2120,1100,-256
8.3224,2203,2121,1100,-248
8.3228,2203,2121,1100,-248
8.3232,2203,2121,1100,-248
8.3236,2203,2122,1100,-248
8.3240,2203,2122,1100,-248
8.3244,2203,2123,1100,-248
8.3248,2203,2123,1100,-248
8.3252,2203,2123,1100,-248
8.3256,2203,2124,1100,-248
8.3260,2203,2124,1100,-248
8.3264,2203,2125,1100,-248
8.3268,2203,2125,1100,-248
8.3272,2203,2125,1100,-248
8.3276,2203,2126,1100,-248
8.3280,2203,2126,1100,-248
8.3284,2203,2127,1100,-240
8.3288,2203,2127,1100,-240
8.3292,2203,2127,1100,-240
8.3296,2203,2128,1100,-240
8.3300,2203,2128,1100,-240
8.3304,2198,2129,1100,-240
8.3311,2198,2129,1100,-240
8.3315,2198,2130,1100,-244
8.3319,2198,2130,1100,-244
8.3323,2198,2131,1100,-236
8.3327,2198,2131,1100,-236
8.3331,2198,2131,1100,-236
8.3335,2198,2132,1000,-236
8.3339,2198,2132,1000,-236
8.3344,2198,2133,1000,-236
8.3348,2198,2133,1000,-236
8.3352,2198,2133,1000,-236
8.3356,2198,2134,1000,-236
8.3360,2198,2134,1000,-236
8.3365,2198,2135,1000,-236
8.3369,2198,2135,1000,-236
8.3373,2198,2135,1000,-236
8.3377,2198,2136,1000,-228
8.3381,2198,2136,1000,-228
8.3385,2198,2137,1000,-228
8.3389,2198,2137,1000,-228
8.3393,2198,2138,1000,-228
8.3398,2198,2138,1000,-228
8.3402,2193,2139,1000,-220
8.3410,2193,2139,1000,-220
8.3414,2193,2140,1000,-220
8.3418,2193,2140,1000,-220
8.3423,2193,2141,1000,-220
8.3427,2193,2141,1000,-220
8.3431,2193,2141,1000,-220
8.3435,2193,2142,1000,-220
8.3440,2193,2142,1000,-220
8.3443,2193,2143,1000,-212
8.3448,2193,2143,1000,-212
8.3452,2193,2143,1000,-212
8.3456,2193,2143,1000,-220
8.3460,2193,2143,1000,-220
8.3464,2193,2144,1000,-220
8.3468,2193,2144,1000,-220
8.3473,2193,2145,1000,-212
8.3477,2193,2145,1000,-212
8.3481,2193,2145,1000,-212
8.3485,2193,2146,1000,-212
8.3490,2193,2146,1000,-212
8.3494,2193,2147,1000,-212
8.3498,2193,2147,1000,-212
8.3502,2187,2148,1000,-212
8.3510,2187,2148,1000,-212
8.3514,2187,2149,1000,-196
8.3519,2187,2149,1000,-196
8.3523,2187,2150,1000,-196
8.3527,2187,2150,1000,-196
8.3531,2187,2150,1000,-196
8.3535,2187,2151,950,-196
8.3540,2187,2151,950,-196
8.3544,2187,2152,950,-188
8.3548,2187,2152,950,-188
8.3552,2187,2152,950,-196
8.3556,2187,2152,950,-196
8.3561,2187,2152,950,-196
8.3565,2187,2153,950,-196
8.3569,2187,2153,950,-196
8.3574,2187,2154,950,-188
8.3578,2187,2154,950,-188
8.3582,2187,2155,950,-188
8.3586,2187,2155,950,-188
8.3590,2187,2155,950,-188
8.3595,2187,2156,950,-188
8.3599,2187,2156,950,-188
8.3604,2180,2156,950,-188
8.3612,2180,2156,950,-188
8.3616,2180,2157,950,-188
8.3620,2180,2157,950,-188
8.3624,2180,2158,950,-180
8.3628,2180,2158,950,-180
8.3632,2180,2159,950,-180
8.3636,2180,2159,950,-180
8.3640,2180,2159,950,-180
8.3644,2180,2160,950,-180
8.3648,2180,2160,950,-180
8.3653,2180,2160,950,-180
8.3657,2180,2160,950,-180
8.3661,2180,2160,950,-180
8.3665,2180,2161,950,-180
8.3670,2180,2161,950,-180
8.3674,2180,2162,950,-172
8.3678,2180,2162,950,-172
8.3682,2180,2162,950,-180
8.3686,2180,2162,950,-180
8.3690,2180,2162,950,-180
8.3694,2180,2163,950,-180
8.3698,2180,2163,950,-180
8.3703,2173,2164,950,-172
8.3711,2173,2164,950,-172
8.3715,2173,2165,950,-180
8.3719,2173,2165,950,-180
8.3724,2173,2165,950,-180
8.3728,2173,2165,950,-180
8.3733,2173,2166,750,-180
8.3737,2173,2166,750,-180
8.3741,2173,2166,750,-180
8.3745,2173,2167,750,-180
8.3750,2173,2167,750,-180
8.3754,2173,2168,750,-172
8.3758,2173,2168,750,-172
8.3762,2173,2168,750,-180
8.3767,2173,2168,750,-180
8.3771,2173,2168,750,-180
8.3775,2173,2169,750,-172
8.3780,2173,2169,750,-172
8.3783,2173,2170,750,-172
8.3788,2173,2170,750,-172
8.3792,2173,2170,750,-172
8.3796,2173,2170,750,-172
8.3801,2166,2171,750,-172
8.3810,2166,2171,750,-172
8.3814,2166,2172,750,-164
8.3818,2166,2172,750,-164
8.3822,2166,2173,750,-164
8.3826,2166,2173,750,-164
8.3831,2166,2173,750,-164
8.3835,2166,2173,750,-164
8.3839,2166,2173,750,-164
8.3844,2166,2174,750,-164
8.3848,2166,2174,750,-164
8.3852,2166,2175,750,-156
8.3856,2166,2175,750,-156
8.3861,2166,2175,750,-156
8.3865,2166,2175,750,-164
8.3870,2166,2175,750,-164
8.3874,2166,2176,750,-156
8.3878,2166,2176,750,-156
8.3882,2166,2177,750,-156
8.3886,2166,2177,750,-156
8.3890,2166,2177,750,-156
8.3895,2166,2178,750,-148
8.3900,2166,2178,750,-148
8.3904,2157,2178,750,-156
8.3912,2157,2179,750,-144
8.3916,2157,2179,750,-144
8.3920,2157,2179,750,-144
8.3925,2157,2180,750,-144
8.3930,2157,2180,750,-144
8.3934,2157,2181,750,-136
8.3938,2157,2181,750,-136
8.3942,2157,2181,750,-144
8.3946,2157,2181,750,-144
8.3951,2157,2182,750,-136
8.3956,2157,2182,750,-136
8.3960,2157,2182,750,-136
8.3964,2157,2182,750,-144
8.3968,2157,2182,750,-144
8.3972,2157,2183,750,-136
8.3976,2157,2183,750,-136
8.3980,2157,2183,750,-144
8.3985,2157,2183,750,-144
8.3990,2157,2183,750,-144
8.3994,2157,2184,750,-136
8.3999,2157,2184,750,-136
8.4003,2149,2184,750,-136
8.4011,2149,2185,750,-136
8.4015,2149,2185,750,-136
8.4020,2149,2185,750,-136
8.4024,2149,2186,750,-128
8.4028,2149,2186,750,-128
8.4032,2149,2186,750,-136
8.4037,2149,2186,750,-136
8.4041,2149,2187,750,-128
8.4045,2149,2187,750,-128
8.4050,2149,2187,750,-128
8.4054,2149,2187,750,-136
8.4058,2149,2187,750,-136
8.4062,2149,2188,750,-128
8.4067,2149,2188,750,-128
8.4071,2149,2188,750,-128
8.4075,2149,2188,750,-128
8.4080,2149,2188,750,-128
8.4084,2149,2189,750,-128
8.4088,2149,2189,750,-128
8.4092,2149,2189,750,-128
8.4096,2149,2189,750,-128
8.4100,2140,2190,750,-128
8.4108,2140,2190,750,-128
8.4112,2140,2190,750,-136
8.4115,2140,2190,750,-136
8.4119,2140,2190,750,-136
8.4123,2140,2191,750,-128
8.4127,2140,2191,750,-128
8.4132,2140,2191,500,-136
8.4136,2140,2191,500,-136
8.4141,2140,2192,500,-128
8.4146,2140,2192,500,-128
8.4150,2140,2192,500,-128
8.4154,2140,2192,500,-128
8.4159,2140,2192,500,-128
8.4163,2140,2193,500,-128
8.4167,2140,2193,500,-128
8.4171,2140,2194,500,-120
8.4176,2140,2194,500,-120
8.4180,2140,2194,500,-120
8.4184,2140,2194,500,-120
8.4188,2140,2194,500,-120
8.4193,2140,2195,500,-120
8.4197,2140,2195,500,-120
8.4201,2131,2195,500,-120
8.4210,2131,2196,500,-112
8.4215,2131,2196,500,-112
8.4219,2131,2196,500,-112
8.4223,2131,2196,500,-120
8.4227,2131,2196,500,-120
8.4231,2131,2197,500,-112
8.4235,2131,2197,500,-112
8.4240,2131,2197,500,-112
8.4244,2131,2197,500,-112
8.4248,2131,2197,500,-112
8.4252,2131,2198,500,-112
8.4257,2131,2198,500,-112
8.4261,2131,2198,500,-112
8.4265,2131,2198,500,-112
8.4270,2131,2199,500,-104
8.4274,2131,2199,500,-104
8.4278,2131,2199,500,-104
8.4282,2131,2199,500,-112
8.4286,2131,2199,500,-112
8.4291,2131,2200,500,-104
8.4296,2131,2200,500,-104
8.4300,2122,2200,500,-104
8.4308,2122,2200,500,-104
8.4313,2122,2201,500,-84
8.4317,2122,2201,500,-84
8.4322,2122,2201,500,-92
8.4326,2122,2201,500,-92
8.4330,2122,2202,550,-84
8.4335,2122,2202,550,-84
8.4339,2122,2202,550,-84
8.4343,2122,2202,550,-84
8.4347,2122,2202,550,-84
8.4351,2122,2203,550,-84
8.4355,2122,2203,550,-84
8.4360,2122,2203,550,-84
8.4364,2122,2203,550,-84
8.4368,2122,2203,550,-84
8.4372,2122,2204,550,-76
8.4376,2122,2204,550,-76
8.4381,2122,2204,550,-76
8.4385,2122,2204,550,-76
8.4390,2122,2204,550,-84
8.4394,2122,2204,550,-84
8.4399,2122,2204,550,-84
8.4403,2112,2205,550,-76
8.4413,2112,2205,550,-76
8.4417,2112,2205,550,-76
8.4421,2112,2206,550,-68
8.4425,2112,2206,550,-68
8.4429,2112,2206,550,-68
8.4433,2112,2206,550,-68
8.4437,2112,2206,550,-68
8.4441,2112,2206,550,-76
8.4445,2112,2206,550,-76
8.4449,2112,2207,550,-68
8.4453,2112,2207,550,-68
8.4457,2112,2207,550,-68
8.4461,2112,2207,550,-68
8.4465,2112,2207,550,-68
8.4469,2112,2208,550,-60
8.4473,2112,2208,550,-60
8.4477,2112,2208,550,-60
8.4482,2112,2208,550,-60
8.4486,2112,2208,550,-60
8.4490,2112,2208,550,-68
8.4494,2112,2208,550,-68
8.4498,2112,2208,550,-68
8.4502,2102,2209,550,-60
8.4509,2102,2209,550,-68
8.4514,2102,2209,550,-68
8.4518,2102,2209,550,-68
8.4522,2102,2209,550,-68
8.4526,2102,2209,550,-68
8.4531,2102,2210,400,-60
8.4535,2102,2210,400,-60
8.4540,2102,2210,400,-68
8.4544,2102,2210,400,-68
8.4548,2102,2210,400,-68
8.4552,2102,2210,400,-68
8.4557,2102,2210,400,-68
8.4561,2102,2211,400,-60
8.4565,2102,2211,400,-60
8.4570,2102,2211,400,-60
8.4574,2102,2211,400,-60
8.4579,2102,2211,400,-60
8.4583,2102,2211,400,-60
8.4587,2102,2211,400,-60
8.4591,2102,2211,400,-60
8.4596,2102,2211,400,-60
8.4600,2102,2211,400,-60
8.4604,2091,2212,400,-60
8.4612,2091,2212,400,-60
8.4617,2091,2212,400,-60
8.4621,2091,2212,400,-60
8.4626,2091,2212,400,-60
8.4630,2091,2212,400,-60
8.4634,2091,2212,400,-60
8.4638,2091,2213,400,-52
8.4643,2091,2213,400,-52
8.4647,2091,2213,400,-52
8.4651,2091,2213,400,-52
8.4656,2091,2213,400,-52
8.4660,2091,2213,400,-52
8.4665,2091,2213,400,-52
8.4669,2091,2213,400,-52
8.4674,2091,2213,400,-52
8.4679,2091,2214,400,-44
8.4683,2091,2214,400,-44
8.4687,2091,2214,400,-44
8.4691,2091,2214,400,-44
8.4695,2091,2214,400,-44
8.4699,2091,2214,400,-44
8.4704,2081,2214,400,-56
8.4712,2081,2214,400,-56
8.4716,2081,2214,400,-56
8.4721,2081,2215,400,-48
8.4725,2081,2215,400,-48
8.4730,2081,2215,250,-48
8.4734,2081,2215,250,-48
8.4739,2081,2215,250,-48
8.4743,2081,2215,250,-48
8.4748,2081,2215,250,-48
8.4753,2081,2215,250,-48
8.4757,2081,2215,250,-48
8.4761,2081,2216,250,-40
8.4766,2081,2216,250,-40
8.4770,2081,2216,250,-40
8.4775,2081,2216,250,-40
8.4779,2081,2216,250,-40
8.4783,2081,2216,250,-40
8.4788,2081,2216,250,-40
8.4792,2081,2216,250,-40
8.4797,2081,2217,250,-32
8.4801,2070,2217,250,-32
8.4809,2070,2217,250,-32
8.4812,2070,2217,250,-32
8.4816,2070,2217,250,-32
8.4820,2070,2217,250,-32
8.4825,2070,2217,250,-32
8.4830,2070,2217,250,-24
8.4834,2070,2217,250,-24
8.4838,2070,2217,250,-24
8.4842,2070,2217,250,-24
8.4846,2070,2217,250,-24
8.4850,2070,2217,250,-24
8.4854,2070,2217,250,-24
8.4858,2070,2217,250,-24
8.4863,2070,2217,250,-24
8.4867,2070,2217,250,-24
8.4871,2070,2218,250,0
8.4875,2070,2218,250,0
8.4879,2070,2218,250,0
8.4883,2070,2218,250,0
8.4887,2070,2218,250,0
8.4891,2070,2218,250,0
8.4896,2070,2218,250,0
8.4900,2070,2218,250,0
8.4904,2059,2218,250,28
8.4911,2059,2218,250,28
8.4916,2059,2218,250,28
8.4920,2059,2219,250,36
8.4924,2059,2219,250,36
8.4928,2059,2219,200,36
8.4932,2059,2219,200,36
8.4936,2059,2219,200,36
8.4940,2059,2219,200,36
8.4945,2059,2219,200,36
8.4949,2059,2219,200,36
8.4953,2059,2219,200,36
8.4958,2059,2219,200,36
8.4962,2059,2219,200,36
8.4966,2059,2219,200,36
8.4970,2059,2219,200,36
8.4974,2059,2219,200,36
8.4978,2059,2219,200,36
8.4982,2059,2219,200,36
8.4986,2059,2219,200,36
8.4991,2059,2219,200,36
8.4995,2059,2219,200,36
8.5000,2059,2219,200,36
8.5004,2049,2220,200,44
8.5012,2049,2220,200,44
8.5016,2049,2220,200,44
8.5020,2049,2220,200,44
8.5024,2049,2220,200,44
8.5028,2049,2220,200,44
8.5032,2049,2220,200,44
8.5037,2049,2220,200,44
8.5041,2049,2220,200,44
8.5045,2049,2220,200,44
8.5049,2049,2220,200,44
8.5054,2049,2220,200,44
8.5058,2049,2220,200,52
8.5063,2049,2220,200,52
8.5067,2049,2220,200,52
8.5071,2049,2220,200,52
8.5075,2049,2220,200,52
8.5079,2049,2220,200,52
8.5084,2049,2220,200,52
8.5088,2049,2220,200,52
8.5092,2049,2220,200,52
8.5096,2049,2220,200,52
8.5101,2038,2220,200,52
8.5108,2038,2220,200,56
8.5113,2038,2220,200,56
8.5117,2038,2220,200,56
8.5121,2038,2220,200,56
8.5125,2038,2220,200,56
8.5129,2038,2220,50,56
8.5133,2038,2220,50,56
8.5138,2038,2220,50,56
8.5142,2038,2220,50,56
8.5146,2038,2220,50,64
8.5150,2038,2220,50,64
8.5155,2038,2220,50,64
8.5160,2038,2220,50,64
8.5164,2038,2220,50,64
8.5168,2038,2220,50,64
8.5172,2038,2220,50,64
8.5176,2038,2220,50,64
8.5180,2038,2220,50,64
8.5186,2038,2220,50,72
8.5190,2038,2220,50,72
8.5194,2038,2220,50,72
8.5198,2038,2220,50,72
8.5202,2027,2220,50,72
8.5210,2027,2220,50,72
8.5214,2027,2220,50,72
8.5218,2027,2220,50,72
8.5222,2027,2220,50,72
8.5226,2027,2220,50,80
8.5231,2027,2220,50,80
8.5235,2027,2220,50,80
8.5240,2027,2220,50,80
8.5244,2027,2220,50,80
8.5248,2027,2220,50,80
8.5252,2027,2220,50,80
8.5256,2027,2220,50,80
8.5260,2027,2220,50,80
8.5264,2027,2220,50,80
8.5269,2027,2220,50,88
8.5273,2027,2220,50,88
8.5277,2027,2220,50,88
8.5281,2027,2220,50,88
8.5285,2027,2220,50,88
8.5290,2027,2220,50,88
8.5294,2027,2220,50,88
8.5298,2027,2220,50,96
8.5302,2017,2220,50,100
8.5310,2017,2220,50,100
8.5314,2017,2220,50,100
8.5319,2017,2220,50,100
8.5323,2017,2220,50,100
8.5327,2017,2220,0,108
8.5332,2017,2220,0,108
8.5336,2017,2220,0,108
8.5340,2017,2220,0,108
8.5344,2017,2220,0,108
8.5349,2017,2220,0,108
8.5353,2017,2220,0,108
8.5358,2017,2220,0,116
8.5362,2017,2220,0,116
8.5367,2017,2220,0,116
8.5371,2017,2220,0,116
8.5375,2017,2220,0,116
8.5380,2017,2220,0,116
8.5384,2017,2220,0,116
8.5388,2017,2220,0,124
8.5392,2017,2220,0,124
8.5396,2017,2219,0,116
8.5401,2007,2219,0,116
8.5409,2007,2219,0,116
8.5413,2007,2219,0,116
8.5417,2007,2219,0,124
8.5421,2007,2219,0,124
8.5426,2007,2218,0,116
8.5430,2007,2218,0,116
8.5434,2007,2218,0,116
8.5438,2007,2218,0,124
8.5442,2007,2218,0,124
8.5447,2007,2218,0,124
8.5451,2007,2218,0,124
8.5455,2007,2218,0,124
8.5460,2007,2218,0,124
8.5464,2007,2218,0,124
8.5468,2007,2218,0,132
8.5472,2007,2218,0,132
8.5477,2007,2217,0,124
8.5481,2007,2217,0,124
8.5485,2007,2217,0,132
8.5490,2007,2217,0,132
8.5494,2007,2217,0,132
8.5498,2007,2217,0,132
8.5502,1996,2217,0,128
8.5510,1996,2217,0,128
8.5514,1996,2216,0,128
8.5519,1996,2216,0,128
8.5523,1996,2216,0,128
8.5527,1996,2216,-200,128
8.5531,1996,2216,-200,128
8.5536,1996,2216,-200,136
8.5540,1996,2216,-200,136
8.5544,1996,2215,-200,128
8.5548,1996,2215,-200,128
8.5553,1996,2215,-200,128
8.5557,1996,2215,-200,128
8.5561,1996,2215,-200,128
8.5565,1996,2215,-200,136
8.5570,1996,2215,-200,136
8.5574,1996,2214,-200,128
8.5578,1996,2214,-200,128
8.5582,1996,2214,-200,128
8.5587,1996,2214,-200,136
8.5591,1996,2214,-200,136
8.5595,1996,2214,-200,136
8.5600,1996,2214,-200,136
8.5604,1986,2213,-200,136
8.5612,1986,2213,-200,136
8.5616,1986,2213,-200,136
8.5620,1986,2213,-200,136
8.5624,1986,2212,-200,136
8.5628,1986,2212,-200,136
8.5632,1986,2212,-200,136
8.5637,1986,2212,-200,136
8.5641,1986,2212,-200,136
8.5645,1986,2212,-200,144
8.5649,1986,2212,-200,144
8.5653,1986,2212,-200,144
8.5658,1986,2212,-200,144
8.5662,1986,2212,-200,144
8.5666,1986,2211,-200,144
8.5671,1986,2211,-200,144
8.5675,1986,2211,-200,144
8.5680,1986,2211,-200,144
8.5684,1986,2210,-200,144
8.5688,1986,2210,-200,144
8.5692,1986,2210,-200,144
8.5697,1986,2210,-200,144
8.5701,1976,2210,-200,148
8.5709,1976,2210,-200,148
8.5714,1976,2209,-200,140
8.5718,1976,2209,-200,140
8.5722,1976,2209,-200,140
8.5726,1976,2208,-400,140
8.5730,1976,2208,-400,140
8.5734,1976,2208,-400,140
8.5739,1976,2208,-400,140
8.5743,1976,2208,-400,140
8.5747,1976,2208,-400,148
8.5751,1976,2208,-400,148
8.5755,1976,2207,-400,140
8.5760,1976,2207,-400,140
8.5764,1976,2207,-400,148
8.5768,1976,2207,-400,148
8.5772,1976,2207,-400,148
8.5776,1976,2206,-400,140
8.5781,1976,2206,-400,140
8.5785,1976,2206,-400,148
8.5790,1976,2206,-400,148
8.5794,1976,2205,-400,148
8.5798,1976,2205,-400,148
8.5802,1967,2205,-400,148
8.5810,1967,2205,-400,148
8.5814,1967,2205,-400,156
8.5818,1967,2205,-400,156
8.5822,1967,2205,-400,156
8.5827,1967,2204,-400,148
8.5831,1967,2204,-400,148
8.5835,1967,2204,-400,156
8.5839,1967,2204,-400,156
8.5844,1967,2203,-400,148
8.5848,1967,2203,-400,148
8.5852,1967,2203,-400,148
8.5856,1967,2203,-400,156
8.5860,1967,2203,-400,156
8.5865,1967,2202,-400,156
8.5870,1967,2202,-400,156
8.5874,1967,2202,-400,156
8.5878,1967,2202,-400,156
8.5882,1967,2202,-400,156
8.5886,1967,2201,-400,156
8.5890,1967,2201,-400,156
8.5895,1967,2201,-400,156
8.5899,1967,2201,-400,156
8.5904,1957,2201,-400,160
8.5912,1957,2201,-400,160
8.5916,1957,2200,-400,160
8.5920,1957,2200,-400,160
8.5924,1957,2200,-400,160
8.5928,1957,2200,-400,160
8.5932,1957,2200,-400,160
8.5936,1957,2199,-400,160
8.5941,1957,2199,-400,160
8.5945,1957,2199,-400,168
8.5949,1957,2199,-400,168
8.5953,1957,2198,-400,160
8.5958,1957,2198,-400,160
8.5962,1957,2198,-400,160
8.5966,1957,2198,-400,168
8.5969,1957,2198,-400,168
8.5973,1957,2197,-400,160
8.5977,1957,2197,-400,160
8.5981,1957,2197,-400,160
8.5985,1957,2197,-400,168
8.5989,1957,2197,-400,168
8.5993,1957,2196,-400,168
8.5997,1957,2196,-400,168
8.6001,1949,2196,-400,168
8.6009,1949,2196,-400,168
8.6013,1949,2195,-400,168
8.6017,1949,2195,-400,168
8.6021,1949,2195,-400,168
8.6025,1949,2195,-400,176
8.6029,1949,2195,-400,176
8.6033,1949,2195,-400,176
8.6038,1949,2195,-400,176
8.6042,1949,2194,-400,176
8.6046,1949,2194,-400,176
8.6050,1949,2194,-400,176
8.6054,1949,2193,-400,176
8.6058,1949,2193,-400,176
8.6062,1949,2193,-400,184
8.6066,1949,2193,-400,184
8.6070,1949,2193,-400,184
8.6074,1949,2192,-400,176
8.6078,1949,2192,-400,176
8.6082,1949,2192,-400,184
8.6086,1949,2192,-400,184
8.6091,1949,2192,-400,184
8.6095,1949,2191,-400,184
8.6099,1949,2191,-400,184
8.6103,1940,2190,-400,176
8.6111,1940,2190,-400,176
8.6115,1940,2190,-400,184
8.6119,1940,2190,-400,184
8.6123,1940,2190,-500,192
8.6128,1940,2190,-500,192
8.6132,1940,2189,-500,192
8.6136,1940,2189,-500,192
8.6140,1940,2189,-500,192
8.6144,1940,2189,-500,192
8.6148,1940,2189,-500,192
8.6152,1940,2188,-500,192
8.6156,1940,2188,-500,192
8.6161,1940,2188,-500,192
8.6165,1940,2188,-500,200
8.6169,1940,2188,-500,200
8.6173,1940,2187,-500,200
8.6178,1940,2187,-500,200
8.6182,1940,2186,-500,192
8.6186,1940,2186,-500,192
8.6190,1940,2186,-500,192
8.6194,1940,2186,-500,200
8.6199,1940,2186,-500,200
8.6203,1932,2185,-500,200
8.6210,1932,2185,-500,200
8.6215,1932,2185,-500,208
8.6220,1932,2185,-500,208
8.6224,1932,2184,-500,200
8.6228,1932,2184,-500,200
8.6232,1932,2184,-500,208
8.6237,1932,2184,-500,208
8.6241,1932,2184,-500,208
8.6246,1932,2183,-500,208
8.6250,1932,2183,-500,208
8.6254,1932,2183,-500,216
8.6258,1932,2183,-500,216
8.6261,1932,2182,-500,216
8.6266,1932,2182,-500,216
8.6270,1932,2182,-500,216
8.6275,1932,2181,-500,208
8.6279,1932,2181,-500,208
8.6284,1932,2181,-500,216
8.6288,1932,2181,-500,216
8.6292,1932,2180,-500,216
8.6296,1932,2180,-500,216
8.6300,1932,2180,-500,216
8.6304,1924,2179,-500,228
8.6312,1924,2178,-500,228
8.6316,1924,2178,-500,228
8.6320,1924,2178,-500,228
8.6324,1924,2178,-600,228
8.6329,1924,2178,-600,228
8.6333,1924,2177,-600,228
8.6337,1924,2177,-600,228
8.6341,1924,2177,-600,236
8.6345,1924,2177,-600,236
8.6350,1924,2177,-600,236
8.6354,1924,2176,-600,236
8.6358,1924,2176,-600,236
8.6362,1924,2176,-600,244
8.6366,1924,2176,-600,244
8.6370,1924,2176,-600,244
8.6374,1924,2175,-600,244
8.6378,1924,2175,-600,244
8.6382,1924,2174,-600,236
8.6385,1924,2174,-600,236
8.6389,1924,2174,-600,236
8.6393,1924,2174,-600,244
8.6397,1924,2174,-600,244
8.6400,1917,2173,-600,244
8.6408,1917,2173,-600,244
8.6411,1917,2172,-600,244
8.6415,1917,2172,-600,244
8.6419,1917,2172,-600,244
8.6423,1917,2172,-600,252
8.6427,1917,2172,-600,252
8.6431,1917,2171,-600,252
8.6435,1917,2171,-600,252
8.6439,1917,2171,-600,252
8.6443,1917,2170,-600,252
8.6448,1917,2170,-600,252
8.6452,1917,2169,-600,252
8.6456,1917,2169,-600,252
8.6461,1917,2169,-600,252
8.6465,1917,2169,-600,252
8.6469,1917,2169,-600,252
8.6474,1917,2168,-600,252
8.6478,1917,2168,-600,252
8.6482,1917,2167,-600,252
8.6486,1917,2167,-600,252
8.6490,1917,2167,-600,252
8.6494,1917,2167,-600,260
8.6499,1917,2167,-600,260
8.6503,1911,2166,-600,256
8.6510,1911,2165,-600,256
8.6514,1911,2165,-600,256
8.6519,1911,2165,-600,256
8.6523,1911,2164,-700,256
8.6527,1911,2164,-700,256
8.6532,1911,2164,-700,264
8.6536,1911,2164,-700,264
8.6540,1911,2164,-700,264
8.6544,1911,2163,-700,264
8.6548,1911,2163,-700,264
8.6552,1911,2162,-700,264
8.6556,1911,2162,-700,264
8.6560,1911,2161,-700,264
8.6564,1911,2161,-700,264
8.6569,1911,2161,-700,264
8.6573,1911,2160,-700,264
8.6577,1911,2160,-700,264
8.6581,1911,2160,-700,272
8.6585,1911,2160,-700,272
8.6589,1911,2160,-700,272
8.6593,1911,2159,-700,272
8.6597,1911,2159,-700,272
8.6601,1905,2158,-700,272
8.6609,1905,2158,-700,272
8.6614,1905,2157,-700,264
8.6618,1905,2157,-700,264
8.6622,1905,2156,-700,264
8.6627,1905,2156,-700,264
8.6631,1905,2156,-700,272
8.6636,1905,2156,-700,272
8.6640,1905,2155,-700,272
8.6644,1905,2155,-700,272
8.6648,1905,2155,-700,272
8.6652,1905,2154,-700,272
8.6657,1905,2154,-700,272
8.6660,1905,2153,-700,272
8.6664,1905,2153,-700,272
8.6668,1905,2153,-700,272
8.6672,1905,2152,-700,272
8.6677,1905,2152,-700,272
8.6681,1905,2151,-700,272
8.6685,1905,2151,-700,272
8.6690,1905,2150,-700,272
8.6694,1905,2150,-700,272
8.6698,1905,2150,-700,272
8.6702,1899,2150,-700,276
8.6710,1899,2149,-700,276
8.6714,1899,2149,-700,276
8.6718,1899,2149,-700,276
8.6722,1899,2148,-800,276
8.6726,1899,2148,-800,276
8.6730,1899,2147,-800,284
8.6734,1899,2147,-800,284
8.6738,1899,2147,-800,284
8.6742,1899,2146,-800,284
8.6745,1899,2146,-800,284
8.6749,1899,2145,-800,284
8.6754,1899,2145,-800,284
8.6758,1899,2145,-800,284
8.6762,1899,2145,-800,292
8.6766,1899,2145,-800,292
8.6770,1899,2144,-800,292
8.6774,1899,2144,-800,292
8.6778,1899,2144,-800,292
8.6782,1899,2143,-800,292
8.6786,1899,2143,-800,292
8.6790,1899,2142,-800,292
8.6795,1899,2142,-800,292
8.6799,1899,2141,-800,292
8.6803,1894,2141,-800,292
8.6811,1894,2140,-800,292
8.6816,1894,2140,-800,292
8.6820,1894,2139,-800,292
8.6823,1894,2139,-800,292
8.6828,1894,2139,-800,292
8.6831,1894,2138,-800,292
8.6835,1894,2138,-800,292
8.6839,1894,2138,-800,292
8.6842,1894,2137,-800,292
8.6847,1894,2137,-800,292
8.6850,1894,2136,-800,292
8.6855,1894,2136,-800,292
8.6859,1894,2135,-800,292
8.6863,1894,2135,-800,292
8.6867,1894,2135,-800,292
8.6871,1894,2134,-800,292
8.6875,1894,2134,-800,292
8.6879,1894,2133,-800,300
8.6883,1894,2133,-800,300
8.6887,1894,2133,-800,300
8.6891,1894,2132,-800,300
8.6895,1894,2132,-800,300
8.6899,1894,2132,-800,312
8.6903,1890,2132,-800,312
8.6910,1890,2131,-800,312
8.6913,1890,2131,-800,312
8.6918,1890,2131,-800,312
8.6921,1890,2130,-900,312
8.6925,1890,2130,-900,312
8.6929,1890,2129,-900,312
8.6933,1890,2129,-900,312
8.6937,1890,2129,-900,312
8.6940,1890,2128,-900,312
8.6945,1890,2128,-900,312
8.6949,1890,2127,-900,312
8.6953,1890,2127,-900,312
8.6957,1890,2127,-900,312
8.6961,1890,2126,-900,320
8.6965,1890,2126,-900,320
8.6969,1890,2125,-900,320
8.6973,1890,2125,-900,320
8.6977,1890,2125,-900,320
8.6981,1890,2124,-900,320
8.6985,1890,2124,-900,320
8.6989,1890,2123,-900,320
8.6993,1890,2123,-900,320
8.6997,1890,2123,-900,320
8.7001,1887,2122,-900,320
8.7008,1887,2122,-900,320
8.7012,1887,2121,-900,320
8.7016,1887,2121,-900,320
8.7020,1887,2120,-900,328
8.7024,1887,2120,-900,328
8.7028,1887,2119,-900,328
8.7033,1887,2119,-900,328
8.7037,1887,2119,-900,328
8.7041,1887,2118,-900,328
8.7045,1887,2118,-900,328
8.7049,1887,2117,-900,328
8.7053,1887,2117,-900,328
8.7057,1887,2117,-900,328
8.7061,1887,2116,-900,328
8.7065,1887,2116,-900,328
8.7069,1887,2115,-900,336
8.7073,1887,2115,-900,336
8.7078,1887,2114,-900,336
8.7082,1887,2114,-900,336
8.7086,1887,2114,-900,336
8.7090,1887,2113,-900,336
8.7095,1887,2113,-900,336
8.7100,1887,2112,-900,332
8.7104,1884,2112,-900,332
8.7111,1884,2111,-900,332
8.7115,1884,2111,-900,332
8.7120,1884,2110,-1000,340
8.7124,1884,2110,-1000,340
8.7128,1884,2109,-1000,340
8.7132,1884,2109,-1000,340
8.7136,1884,2109,-1000,340
8.7140,1884,2108,-1000,340
8.7144,1884,2108,-1000,340
8.7149,1884,2107,-1000,340
8.7153,1884,2107,-1000,340
8.7157,1884,2107,-1000,340
8.7161,1884,2106,-1000,348
8.7165,1884,2106,-1000,348
8.7169,1884,2105,-1000,348
8.7174,1884,2105,-1000,348
8.7178,1884,2103,-1000,340
8.7182,1884,2103,-1000,340
8.7186,1884,2103,-1000,340
8.7190,1884,2102,-1000,340
8.7194,1884,2102,-1000,340
8.7198,1884,2101,-1000,348
8.7202,1881,2101,-1000,348
8.7210,1881,2100,-1000,348
8.7214,1881,2100,-1000,348
8.7218,1881,2099,-1000,348
8.7222,1881,2099,-1000,348
8.7227,1881,2099,-1000,348
8.7231,1881,2098,-1000,348
8.7235,1881,2098,-1000,348
8.7239,1881,2097,-1000,356
8.7244,1881,2097,-1000,356
8.7248,1881,2096,-1000,356
8.7252,1881,2096,-1000,356
8.7256,1881,2096,-1000,356
8.7260,1881,2095,-1000,356
8.7264,1881,2095,-1000,356
8.7269,1881,2093,-1000,356
8.7273,1881,2093,-1000,356
8.7277,1881,2092,-1000,356
8.7281,1881,2092,-1000,356
8.7285,1881,2092,-1000,356
8.7289,1881,2091,-1000,356
8.7293,1881,2091,-1000,356
8.7297,1881,2090,-1000,356
8.7301,1880,2090,-1000,356
8.7309,1880,2089,-1000,364
8.7313,1880,2089,-1000,364
8.7318,1880,2088,-1100,364
8.7322,1880,2088,-1100,364
8.7326,1880,2088,-1100,364
8.7330,1880,2087,-1100,364
8.7334,1880,2087,-1100,364
8.7338,1880,2086,-1100,372
8.7342,1880,2086,-1100,372
8.7346,1880,2086,-1100,372
8.7350,1880,2085,-1100,372
8.7353,1880,2085,-1100,372
8.7358,1880,2084,-1100,372
8.7362,1880,2084,-1100,372
8.7365,1880,2084,-1100,372
8.7369,1880,2082,-1100,364
8.7373,1880,2082,-1100,364
8.7377,1880,2081,-1100,372
8.7381,1880,2081,-1100,372
8.7385,1880,2081,-1100,372
8.7389,1880,2080,-1100,372
8.7393,1880,2080,-1100,372
8.7398,1880,2079,-1100,372
8.7402,1879,2079,-1100,372
8.7410,1879,2077,-1100,364
8.7414,1879,2077,-1100,364
8.7418,1879,2077,-1100,380
8.7422,1879,2077,-1100,380
8.7426,1879,2077,-1100,380
8.7430,1879,2075,-1100,372
8.7435,1879,2075,-1100,372
8.7439,1879,2074,-1100,372
8.7444,1879,2074,-1100,372
8.7448,1879,2073,-1100,372
8.7452,1879,2073,-1100,372
8.7456,1879,2073,-1100,372
8.7460,1879,2071,-1100,372
8.7465,1879,2071,-1100,372
8.7470,1879,2070,-1100,372
8.7474,1879,2070,-1100,372
8.7478,1879,2069,-1100,372
8.7482,1879,2069,-1100,372
8.7486,1879,2068,-1100,372
8.7491,1879,2068,-1100,372
8.7495,1879,2068,-1100,372
8.7499,1879,2067,-1100,380
8.7504,1878,2065,-1100,372
8.7512,1878,2065,-1100,372
8.7516,1878,2065,-1100,372
8.7520,1878,2064,-1200,372
8.7524,1878,2064,-1200,372
8.7528,1878,2063,-1200,372
8.7532,1878,2063,-1200,372
8.7536,1878,2063,-1200,372
8.7540,1878,2062,-1200,372
8.7544,1878,2062,-1200,372
8.7548,1878,2060,-1200,364
8.7551,1878,2060,-1200,364
8.7555,1878,2060,-1200,364
8.7559,1878,2059,-1200,372
8.7563,1878,2059,-1200,372
8.7567,1878,2058,-1200,372
8.7571,1878,2058,-1200,372
8.7575,1878,2058,-1200,372
8.7579,1878,2057,-1200,372
8.7583,1878,2057,-1200,372
8.7587,1878,2056,-1200,372
8.7591,1878,2056,-1200,372
8.7595,1878,2056,-1200,372
8.7600,1878,2054,-1200,364
8.7604,1879,2053,-1200,372
8.7611,1879,2053,-1200,372
8.7615,1879,2053,-1200,372
8.7619,1879,2052,-1200,372
8.7622,1879,2052,-1200,372
8.7626,1879,2051,-1200,372
8.7630,1879,2051,-1200,372
8.7634,1879,2051,-1200,372
8.7638,1879,2050,-1200,372
8.7642,1879,2050,-1200,372
8.7646,1879,2048,-1200,364
8.7650,1879,2048,-1200,364
8.7654,1879,2048,-1200,364
8.7658,1879,2047,-1200,364
8.7662,1879,2047,-1200,364
8.7666,1879,2045,-1200,356
8.7670,1879,2045,-1200,356
8.7674,1879,2045,-1200,356
8.7678,1879,2044,-1200,364
8.7683,1879,2044,-1200,364
8.7687,1879,2043,-1200,364
8.7691,1879,2043,-1200,364
8.7695,1879,2043,-1200,364
8.7700,1879,2042,-1200,344
8.7704,1880,2040,-1200,336
8.7711,1880,2040,-1200,336
8.7715,1880,2039,-1250,336
8.7720,1880,2039,-1250,336
8.7724,1880,2039,-1250,336
8.7728,1880,2038,-1250,336
8.7732,1880,2038,-1250,336
8.7736,1880,2037,-1250,336
8.7741,1880,2037,-1250,336
8.7745,1880,2035,-1250,328
8.7750,1880,2035,-1250,328
8.7754,1880,2035,-1250,328
8.7758,1880,2034,-1250,328
8.7762,1880,2034,-1250,328
8.7766,1880,2033,-1250,328
8.7770,1880,2033,-1250,328
8.7774,1880,2033,-1250,328
8.7778,1880,2031,-1250,320
8.7782,1880,2031,-1250,320
8.7787,1880,2030,-1250,328
8.7791,1880,2030,-1250,328
8.7795,1880,2029,-1250,328
8.7799,1880,2029,-1250,328
8.7804,1881,2028,-1250,328
8.7812,1881,2028,-1250,328
8.7816,1881,2027,-1250,328
8.7820,1881,2027,-1250,328
8.7825,1881,2027,-1250,328
8.7829,1881,2026,-1250,328
8.7833,1881,2026,-1250,328
8.7837,1881,2024,-1250,320
8.7841,1881,2024,-1250,320
8.7845,1881,2023,-1250,320
8.7850,1881,2023,-1250,320
8.7854,1881,2023,-1250,320
8.7858,1881,2022,-1250,320
8.7862,1881,2022,-1250,320
8.7866,1881,2021,-1250,320
8.7870,1881,2021,-1250,320
8.7875,1881,2019,-1250,312
8.7880,1881,2019,-1250,312
8.7884,1881,2019,-1250,312
8.7888,1881,2018,-1250,312
8.7892,1881,2018,-1250,312
8.7897,1881,2017,-1250,304
8.7901,1884,2015,-1250,296
8.7909,1884,2015,-1250,296
8.7914,1884,2015,-1250,296
8.7918,1884,2014,-1250,296
8.7922,1884,2014,-1250,296
8.7926,1884,2013,-1250,296
8.7930,1884,2013,-1250,296
8.7935,1884,2012,-1250,296
8.7939,1884,2012,-1250,296
8.7943,1884,2012,-1250,296
8.7948,1884,2011,-1250,296
8.7952,1884,2011,-1250,296
8.7956,1884,2010,-1250,296
8.7961,1884,2010,-1250,296
8.7966,1884,2009,-1250,296
8.7970,1884,2009,-1250,296
8.7974,1884,2008,-1250,296
8.7978,1884,2008,-1250,296
8.7983,1884,2008,-1250,296
8.7986,1884,2006,-1250,288
8.7990,1884,2006,-1250,288
8.7994,1884,2006,-1250,288
8.7998,1884,2005,-1250,288
8.8002,1887,2004,-1250,288
8.8010,1887,2004,-1250,288
8.8014,1887,2003,-1250,288
8.8018,1887,2003,-1250,288
8.8022,1887,2003,-1250,288
8.8026,1887,2002,-1250,288
8.8030,1887,2002,-1250,288
8.8035,1887,2001,-1250,288
8.8039,1887,2001,-1250,288
8.8043,1887,2001,-1250,288
8.8048,1887,2000,-1250,288
8.8052,1887,2000,-1250,288
8.8056,1887,1999,-1250,288
8.8060,1887,1999,-1250,288
8.8064,1887,1997,-1250,272
8.8068,1887,1997,-1250,272
8.8073,1887,1997,-1250,272
8.8077,1887,1996,-1250,272
8.8081,1887,1996,-1250,272
8.8085,1887,1995,-1250,272
8.8089,1887,1995,-1250,272
8.8093,1887,1994,-1250,272
8.8098,1887,1994,-1250,272
8.8102,1890,1993,-1250,272
8.8110,1890,1993,-1250,272
8.8114,1890,1992,-1100,272
8.8118,1890,1992,-1100,272
8.8123,1890,1992,-1100,272
8.8127,1890,1991,-1100,272
8.8131,1890,1991,-1100,272
8.8135,1890,1990,-1100,272
8.8139,1890,1990,-1100,272
8.8144,1890,1989,-1100,272
8.8148,1890,1989,-1100,272
8.8152,1890,1989,-1100,272
8.8156,1890,1988,-1100,272
8.8161,1890,1988,-1100,272
8.8165,1890,1986,-1100,264
8.8170,1890,1986,-1100,264
8.8174,1890,1985,-1100,256
8.8178,1890,1985,-1100,256
8.8182,1890,1985,-1100,256
8.8187,1890,1985,-1100,264
8.8191,1890,1985,-1100,264
8.8195,1890,1983,-1100,256
8.8200,1890,1983,-1100,256
8.8204,1895,1983,-1100,264
8.8212,1895,1983,-1100,264
8.8216,1895,1982,-1100,264
8.8221,1895,1982,-1100,264
8.8225,1895,1981,-1100,264
8.8230,1895,1981,-1100,264
8.8234,1895,1980,-1100,264
8.8239,1895,1980,-1100,264
8.8243,1895,1979,-1100,256
8.8247,1895,1979,-1100,256
8.8252,1895,1979,-1100,256
8.8256,1895,1978,-1100,256
8.8261,1895,1978,-1100,256
8.8265,1895,1977,-1100,256
8.8270,1895,1977,-1100,256
8.8274,1895,1975,-1100,248
8.8278,1895,1975,-1100,248
8.8282,1895,1975,-1100,248
8.8287,1895,1975,-1100,256
8.8292,1895,1975,-1100,256
8.8296,1895,1973,-1100,240
8.8300,1899,1972,-1100,240
8.8309,1899,1972,-1100,240
8.8313,1899,1972,-1000,248
8.8318,1899,1972,-1000,248
8.8322,1899,1972,-1000,248
8.8326,1899,1971,-1000,248
8.8330,1899,1971,-1000,248
8.8334,1899,1970,-1000,248
8.8339,1899,1970,-1000,248
8.8343,1899,1968,-1000,232
8.8347,1899,1968,-1000,232
8.8351,1899,1968,-1000,232
8.8355,1899,1968,-1000,240
8.8359,1899,1968,-1000,240
8.8363,1899,1967,-1000,240
8.8368,1899,1967,-1000,240
8.8372,1899,1967,-1000,240
8.8376,1899,1966,-1000,240
8.8380,1899,1966,-1000,240
8.8385,1899,1965,-1000,240
8.8389,1899,1965,-1000,240
8.8393,1899,1964,-1000,232
8.8397,1899,1964,-1000,232
8.8401,1905,1963,-1000,232
8.8410,1905,1963,-1000,232
8.8414,1905,1962,-1000,232
8.8418,1905,1962,-1000,232
8.8422,1905,1962,-1000,232
8.8426,1905,1961,-1000,232
8.8431,1905,1961,-1000,232
8.8435,1905,1960,-1000,224
8.8440,1905,1960,-1000,224
8.8444,1905,1959,-1000,224
8.8448,1905,1959,-1000,224
8.8453,1905,1958,-1000,224
8.8457,1905,1958,-1000,224
8.8461,1905,1958,-1000,224
8.8465,1905,1957,-1000,224
8.8470,1905,1957,-1000,224
8.8474,1905,1956,-1000,216
8.8478,1905,1956,-1000,216
8.8483,1905,1955,-1000,216
8.8487,1905,1955,-1000,216
8.8491,1905,1955,-1000,216
8.8496,1905,1955,-1000,232
8.8500,1905,1955,-1000,232
8.8504,1911,1954,-1000,224
8.8512,1911,1954,-1000,224
8.8516,1911,1953,-950,224
8.8520,1911,1953,-950,224
8.8524,1911,1952,-950,224
8.8529,1911,1952,-950,224
8.8533,1911,1951,-950,224
8.8538,1911,1951,-950,224
8.8542,1911,1950,-950,216
8.8547,1911,1950,-950,216
8.8551,1911,1950,-950,216
8.8555,1911,1949,-950,216
8.8560,1911,1949,-950,216
8.8564,1911,1948,-950,216
8.8569,1911,1948,-950,216
8.8573,1911,1947,-950,208
8.8578,1911,1947,-950,208
8.8582,1911,1947,-950,216
8.8586,1911,1947,-950,216
8.8591,1911,1947,-950,216
8.8595,1911,1946,-950,216
8.8600,1911,1946,-950,216
8.8604,1918,1945,-950,208
8.8612,1918,1944,-950,208
8.8616,1918,1944,-950,208
8.8621,1918,1944,-950,208
8.8625,1918,1943,-950,208
8.8630,1918,1943,-950,208
8.8634,1918,1942,-950,200
8.8639,1918,1942,-950,200
8.8644,1918,1941,-950,200
8.8648,1918,1941,-950,200
8.8653,1918,1940,-950,200
8.8657,1918,1940,-950,200
8.8661,1918,1940,-950,200
8.8665,1918,1940,-950,200
8.8670,1918,1940,-950,200
8.8674,1918,1939,-950,200
8.8678,1918,1939,-950,200
8.8682,1918,1938,-950,192
8.8686,1918,1938,-950,192
8.8691,1918,1938,-950,192
8.8695,1918,1937,-950,180
8.8700,1918,1937,-950,180
8.8704,1925,1936,-950,180
8.8711,1925,1936,-850,180
8.8716,1925,1936,-850,180
8.8720,1925,1936,-850,180
8.8724,1925,1935,-850,180
8.8728,1925,1935,-850,180
8.8733,1925,1934,-850,172
8.8737,1925,1934,-850,172
8.8741,1925,1933,-850,172
8.8746,1925,1933,-850,172
8.8750,1925,1933,-850,172
8.8754,1925,1933,-850,180
8.8758,1925,1933,-850,180
8.8763,1925,1932,-850,172
8.8767,1925,1932,-850,172
8.8771,1925,1931,-850,172
8.8776,1925,1931,-850,172
8.8780,1925,1931,-850,172
8.8784,1925,1930,-850,164
8.8788,1925,1930,-850,164
8.8793,1925,1929,-850,164
8.8797,1925,1929,-850,164
8.8801,1932,1929,-850,164
8.8809,1932,1929,-850,164
8.8814,1932,1928,-850,164
8.8818,1932,1928,-850,164
8.8823,1932,1928,-850,172
8.8827,1932,1928,-850,172
8.8831,1932,1927,-850,164
8.8835,1932,1927,-850,164
8.8840,1932,1927,-850,164
8.8844,1932,1926,-850,164
8.8848,1932,1926,-850,164
8.8853,1932,1925,-850,156
8.8857,1932,1925,-850,156
8.8861,1932,1925,-850,164
8.8865,1932,1925,-850,164
8.8870,1932,1925,-850,164
8.8874,1932,1924,-850,156
8.8878,1932,1924,-850,156
8.8882,1932,1923,-850,156
8.8887,1932,1923,-850,156
8.8891,1932,1922,-850,152
8.8895,1932,1922,-850,152
8.8900,1932,1922,-850,152
8.8904,1941,1922,-850,160
8.8913,1941,1921,-750,152
8.8917,1941,1921,-750,152
8.8921,1941,1921,-750,160
8.8925,1941,1921,-750,160
8.8930,1941,1921,-750,160
8.8934,1941,1920,-750,152
8.8938,1941,1920,-750,152
8.8942,1941,1919,-750,152
8.8947,1941,1919,-750,152
8.8951,1941,1918,-750,144
8.8955,1941,1918,-750,144
8.8960,1941,1918,-750,144
8.8964,1941,1918,-750,152
8.8968,1941,1918,-750,152
8.8972,1941,1917,-750,144
8.8977,1941,1917,-750,144
8.8982,1941,1916,-750,144
8.8986,1941,1916,-750,144
8.8990,1941,1916,-750,144
8.8995,1941,1916,-750,144
8.9000,1941,1916,-750,144
8.9004,1949,1915,-750,144
8.9012,1949,1914,-750,136
8.9017,1949,1914,-750,136
8.9021,1949,1914,-750,136
8.9025,1949,1914,-750,136
8.9030,1949,1914,-750,136
8.9034,1949,1913,-750,136
8.9038,1949,1913,-750,136
8.9042,1949,1913,-750,136
8.9047,1949,1913,-750,136
8.9051,1949,1912,-750,136
8.9055,1949,1912,-750,136
8.9060,1949,1912,-750,136
8.9064,1949,1912,-750,136
8.9069,1949,1912,-750,136
8.9073,1949,1911,-750,136
8.9078,1949,1911,-750,136
8.9082,1949,1910,-750,128
8.9087,1949,1910,-750,128
8.9091,1949,1910,-750,132
8.9096,1949,1910,-750,132
8.9100,1949,1909,-750,132
8.9104,1958,1909,-750,132
8.9112,1958,1909,-600,132
8.9117,1958,1909,-600,132
8.9121,1958,1908,-600,132
8.9125,1958,1908,-600,132
8.9130,1958,1908,-600,132
8.9134,1958,1908,-600,132
8.9138,1958,1908,-600,132
8.9142,1958,1907,-600,124
8.9147,1958,1907,-600,124
8.9151,1958,1907,-600,132
8.9155,1958,1907,-600,132
8.9160,1958,1906,-600,124
8.9164,1958,1906,-600,124
8.9168,1958,1906,-600,124
8.9173,1958,1906,-600,132
8.9177,1958,1906,-600,132
8.9181,1958,1905,-600,124
8.9185,1958,1905,-600,124
8.9190,1958,1905,-600,124
8.9194,1958,1905,-600,124
8.9198,1958,1905,-600,124
8.9203,1967,1904,-600,124
8.9211,1967,1903,-600,116
8.9215,1967,1903,-600,116
8.9220,1967,1903,-600,116
8.9224,1967,1903,-600,116
8.9228,1967,1903,-600,116
8.9232,1967,1902,-600,116
8.9236,1967,1902,-600,116
8.9241,1967,1902,-600,116
8.9245,1967,1902,-600,116
8.9250,1967,1901,-600,108
8.9254,1967,1901,-600,108
8.9258,1967,1901,-600,108
8.9261,1967,1901,-600,116
8.9266,1967,1901,-600,116
8.9270,1967,1901,-600,116
8.9274,1967,1901,-600,116
8.9278,1967,1901,-600,116
8.9282,1967,1900,-600,108
8.9287,1967,1900,-600,108
8.9291,1967,1899,-600,108
8.9295,1967,1899,-600,108
8.9299,1967,1899,-600,108
8.9303,1977,1899,-600,108
8.9310,1977,1898,-550,100
8.9314,1977,1898,-550,100
8.9319,1977,1898,-550,108
8.9323,1977,1898,-550,108
8.9328,1977,1898,-550,108
8.9332,1977,1897,-550,100
8.9336,1977,1897,-550,100
8.9340,1977,1897,-550,100
8.9345,1977,1897,-550,100
8.9350,1977,1896,-550,100
8.9354,1977,1896,-550,100
8.9358,1977,1896,-550,100
8.9362,1977,1896,-550,100
8.9366,1977,1896,-550,100
8.9370,1977,1896,-550,100
8.9375,1977,1896,-550,100
8.9379,1977,1895,-550,92
8.9384,1977,1895,-550,92
8.9388,1977,1895,-550,92
8.9392,1977,1895,-550,100
8.9396,1977,1895,-550,100
8.9400,1986,1894,-550,92
8.9409,1986,1893,-550,84
8.9413,1986,1893,-550,84
8.9416,1986,1893,-550,84
8.9420,1986,1893,-550,84
8.9424,1986,1893,-550,84
8.9428,1986,1893,-550,92
8.9433,1986,1893,-550,92
8.9437,1986,1893,-550,92
8.9441,1986,1893,-550,92
8.9445,1986,1893,-550,92
8.9450,1986,1892,-550,84
8.9454,1986,1892,-550,84
8.9458,1986,1892,-550,84
8.9462,1986,1892,-550,84
8.9466,1986,1892,-550,84
8.9470,1986,1891,-550,84
8.9474,1986,1891,-550,84
8.9478,1986,1891,-550,84
8.9482,1986,1891,-550,84
8.9486,1986,1891,-550,84
8.9490,1986,1891,-550,84
8.9494,1986,1891,-550,84
8.9498,1986,1890,-550,76
8.9502,1996,1890,-550,76
8.9510,1996,1890,-400,76
8.9515,1996,1890,-400,76
8.9520,1996,1889,-400,76
8.9524,1996,1889,-400,76
8.9528,1996,1889,-400,76
8.9532,1996,1889,-400,76
8.9536,1996,1889,-400,76
8.9540,1996,1888,-400,68
8.9545,1996,1888,-400,68
8.9549,1996,1888,-400,68
8.9554,1996,1888,-400,68
8.9558,1996,1888,-400,68
8.9562,1996,1888,-400,68
8.9566,1996,1888,-400,68
8.9570,1996,1887,-400,68
8.9575,1996,1887,-400,68
8.9580,1996,1887,-400,68
8.9584,1996,1887,-400,68
8.9588,1996,1887,-400,68
8.9592,1996,1887,-400,68
8.9596,1996,1887,-400,68
8.9600,2007,1887,-400,68
8.9608,2007,1886,-400,60
8.9612,2007,1886,-400,60
8.9617,2007,1886,-400,60
8.9621,2007,1886,-400,60
8.9625,2007,1886,-400,60
8.9629,2007,1886,-400,60
8.9634,2007,1886,-400,60
8.9638,2007,1885,-400,60
8.9642,2007,1885,-400,60
8.9646,2007,1885,-400,60
8.9651,2007,1885,-400,60
8.9655,2007,1885,-400,60
8.9660,2007,1885,-400,60
8.9664,2007,1885,-400,60
8.9668,2007,1884,-400,52
8.9672,2007,1884,-400,52
8.9677,2007,1884,-400,52
8.9681,2007,1884,-400,52
8.9686,2007,1884,-400,52
8.9690,2007,1884,-400,48
8.9694,2007,1884,-400,48
8.9698,2007,1884,-400,48
8.9702,2017,1884,-400,48
8.9710,2017,1883,-350,40
8.9714,2017,1883,-350,40
8.9718,2017,1883,-350,48
8.9722,2017,1883,-350,48
8.9727,2017,1883,-350,48
8.9731,2017,1883,-350,48
8.9736,2017,1883,-350,48
8.9740,2017,1882,-350,40
8.9744,2017,1882,-350,40
8.9748,2017,1882,-350,40
8.9753,2017,1882,-350,40
8.9757,2017,1882,-350,40
8.9761,2017,1882,-350,40
8.9765,2017,1882,-350,40
8.9770,2017,1882,-350,40
8.9774,2017,1882,-350,40
8.9778,2017,1881,-350,32
8.9783,2017,1881,-350,32
8.9787,2017,1881,-350,32
8.9791,2017,1881,-350,32
8.9796,2017,1881,-350,32
8.9800,2028,1881,-350,32
8.9808,2028,1881,-350,32
8.9812,2028,1881,-350,32
8.9816,2028,1881,-350,32
8.9820,2028,1880,-350,24
8.9824,2028,1880,-350,24
8.9828,2028,1880,-350,24
8.9832,2028,1880,-350,24
8.9836,2028,1880,-350,24
8.9841,2028,1880,-350,24
8.9845,2028,1880,-350,24
8.9850,2028,1880,-350,24
8.9854,2028,1880,-350,24
8.9858,2028,1880,-350,24
8.9862,2028,1880,-350,24
8.9866,2028,1880,-350,24
8.9870,2028,1880,-350,24
8.9874,2028,1880,-350,24
8.9879,2028,1879,-350,0
8.9883,2028,1879,-350,0
8.9887,2028,1879,-350,0
8.9891,2028,1879,-350,0
8.9895,2028,1879,-350,0
8.9900,2028,1879,-350,0
8.9904,2039,1879,-200,0
8.9912,2039,1879,-200,0
8.9916,2039,1879,-200,0
8.9920,2039,1879,-200,0
8.9925,2039,1879,-200,0
8.9929,2039,1879,-200,-24
8.9933,2039,1879,-200,-24
8.9938,2039,1878,-200,-32
8.9942,2039,1878,-200,-32
8.9946,2039,1878,-200,-32
8.9950,2039,1878,-200,-32
8.9955,2039,1878,-200,-32
8.9960,2039,1878,-200,-32
8.9964,2039,1878,-200,-32
8.9968,2039,1878,-200,-32
8.9972,2039,1878,-200,-32
8.9977,2039,1878,-200,-32
8.9982,2039,1878,-200,-32
8.9986,2039,1878,-200,-32
8.9990,2039,1878,-200,-32
8.9994,2039,1878,-200,-32
8.9998,2039,1878,-200,-32
9.0003,2049,1878,-200,-32
9.0011,2049,1878,-200,-32
9.0015,2049,1878,-200,-32
9.0020,2049,1878,-200,-32
9.0024,2049,1878,-200,-32
9.0028,2049,1878,-200,-32
9.0032,2049,1878,-200,-32
9.0037,2049,1878,-200,-32
9.0041,2049,1878,-200,-32
9.0045,2049,1878,-200,-32
9.0049,2049,1878,-200,-32
9.0054,2049,1878,-200,-32
9.0058,2049,1878,-200,-32
9.0062,2049,1878,-200,-32
9.0066,2049,1878,-200,-32
9.0071,2049,1878,-200,-32
9.0075,2049,1878,-200,-32
9.0080,2049,1878,-200,-32
9.0084,2049,1878,-200,-32
9.0088,2049,1878,-200,-24
9.0092,2049,1878,-200,-24
9.0097,2049,1878,-200,-24
9.0101,2060,1878,-50,-24
9.0110,2060,1878,-50,-24
9.0114,2060,1878,-50,-24
9.0118,2060,1878,-50,-24
9.0122,2060,1878,-50,-24
9.0126,2060,1878,-50,-32
9.0131,2060,1878,-50,-32
9.0135,2060,1878,-50,-32
9.0140,2060,1878,-50,-32
9.0144,2060,1878,-50,-32
9.0148,2060,1878,-50,-32
9.0152,2060,1878,-50,-32
9.0156,2060,1878,-50,-32
9.0161,2060,1878,-50,-32
9.0165,2060,1878,-50,-32
9.0170,2060,1878,-50,-32
9.0174,2060,1878,-50,-32
9.0178,2060,1878,-50,-40
9.0182,2060,1878,-50,-40
9.0186,2060,1878,-50,-40
9.0191,2060,1878,-50,-40
9.0195,2060,1878,-50,-40
9.0199,2060,1878,-50,-40
9.0204,2071,1878,-50,-40
9.0212,2071,1878,-50,-40
9.0216,2071,1878,-50,-48
9.0220,2071,1878,-50,-48
9.0224,2071,1878,-50,-48
9.0228,2071,1878,-50,-48
9.0232,2071,1878,-50,-48
9.0236,2071,1878,-50,-48
9.0240,2071,1878,-50,-48
9.0245,2071,1878,-50,-48
9.0249,2071,1878,-50,-48
9.0254,2071,1878,-50,-48
9.0258,2071,1878,-50,-56
9.0262,2071,1878,-50,-56
9.0266,2071,1878,-50,-56
9.0271,2071,1878,-50,-56
9.0275,2071,1878,-50,-56
9.0279,2071,1878,-50,-56
9.0283,2071,1878,-50,-56
9.0288,2071,1878,-50,-76
9.0292,2071,1878,-50,-76
9.0296,2071,1878,-50,-76
9.0300,2081,1878,-50,-76
9.0308,2081,1878,0,-76
9.0312,2081,1878,0,-76
9.0316,2081,1878,0,-76
9.0320,2081,1878,0,-76
9.0325,2081,1878,0,-84
9.0329,2081,1878,0,-84
9.0334,2081,1878,0,-84
9.0338,2081,1878,0,-84
9.0342,2081,1878,0,-84
9.0346,2081,1878,0,-84
9.0349,2081,1878,0,-84
9.0353,2081,1878,0,-84
9.0358,2081,1878,0,-92
9.0362,2081,1878,0,-92
9.0366,2081,1878,0,-92
9.0371,2081,1878,0,-92
9.0376,2081,1878,0,-92
9.0380,2081,1878,0,-92
9.0384,2081,1878,0,-92
9.0388,2081,1878,0,-100
9.0392,2081,1878,0,-100
9.0396,2081,1878,0,-100
9.0400,2091,1878,0,-100
9.0408,2091,1878,0,-100
9.0412,2091,1878,0,-100
9.0416,2091,1878,0,-108
9.0420,2091,1878,0,-108
9.0424,2091,1878,0,-108
9.0428,2091,1878,0,-108
9.0432,2091,1878,0,-108
9.0437,2091,1878,0,-108
9.0441,2091,1878,0,-108
9.0445,2091,1878,0,-116
9.0450,2091,1878,0,-116
9.0454,2091,1878,0,-116
9.0458,2091,1878,0,-116
9.0462,2091,1878,0,-116
9.0466,2091,1878,0,-116
9.0470,2091,1878,0,-116
9.0475,2091,1878,0,-124
9.0479,2091,1878,0,-124
9.0484,2091,1878,0,-124
9.0488,2091,1878,0,-128
9.0492,2091,1878,0,-128
9.0496,2091,1879,0,-128
9.0501,2102,1879,50,-128
9.0509,2102,1879,50,-128
9.0513,2102,1879,50,-128
9.0517,2102,1879,50,-128
9.0521,2102,1879,50,-128
9.0525,2102,1879,50,-136
9.0529,2102,1879,50,-136
9.0533,2102,1879,50,-136
9.0537,2102,1879,50,-136
9.0541,2102,1879,50,-136
9.0545,2102,1880,50,-136
9.0549,2102,1880,50,-136
9.0554,2102,1880,50,-136
9.0558,2102,1880,50,-136
9.0562,2102,1880,50,-136
9.0566,2102,1880,50,-136
9.0570,2102,1880,50,-136
9.0575,2102,1880,50,-144
9.0579,2102,1880,50,-144
9.0584,2102,1881,50,-136
9.0588,2102,1881,50,-136
9.0592,2102,1881,50,-136
9.0596,2102,1881,50,-144
9.0600,2112,1881,50,-144
9.0608,2112,1881,50,-144
9.0612,2112,1881,50,-144
9.0616,2112,1882,50,-144
9.0620,2112,1882,50,-144
9.0625,2112,1882,50,-144
9.0629,2112,1882,50,-144
9.0633,2112,1882,50,-144
9.0637,2112,1882,50,-144
9.0641,2112,1882,50,-144
9.0645,2112,1883,50,-144
9.0649,2112,1883,50,-144
9.0654,2112,1883,50,-144
9.0658,2112,1883,50,-144
9.0662,2112,1883,50,-144
9.0666,2112,1883,50,-152
9.0670,2112,1883,50,-152
9.0674,2112,1884,50,-144
9.0678,2112,1884,50,-144
9.0682,2112,1884,50,-144
9.0687,2112,1884,50,-140
9.0691,2112,1884,50,-140
9.0695,2112,1885,50,-132
9.0699,2112,1885,50,-132
9.0703,2122,1885,300,-140
9.0712,2122,1885,300,-140
9.0716,2122,1886,300,-132
9.0720,2122,1886,300,-132
9.0724,2122,1886,300,-140
9.0728,2122,1886,300,-140
9.0732,2122,1886,300,-140
9.0736,2122,1886,300,-140
9.0740,2122,1886,300,-140
9.0745,2122,1886,300,-148
9.0749,2122,1886,300,-148
9.0753,2122,1887,300,-140
9.0757,2122,1887,300,-140
9.0761,2122,1887,300,-140
9.0765,2122,1887,300,-148
9.0770,2122,1887,300,-148
9.0774,2122,1888,300,-140
9.0779,2122,1888,300,-140
9.0783,2122,1888,300,-148
9.0787,2122,1888,300,-148
9.0791,2122,1888,300,-148
9.0795,2122,1888,300,-148
9.0799,2122,1888,300,-148
9.0803,2132,1889,300,-148
9.0810,2132,1889,300,-148
9.0814,2132,1889,300,-156
9.0818,2132,1889,300,-156
9.0822,2132,1889,300,-156
9.0826,2132,1890,300,-148
9.0830,2132,1890,300,-148
9.0834,2132,1890,300,-156
9.0838,2132,1890,300,-156
9.0842,2132,1890,300,-156
9.0846,2132,1890,300,-156
9.0850,2132,1890,300,-156
9.0854,2132,1891,300,-156
9.0858,2132,1891,300,-156
9.0862,2132,1891,300,-156
9.0865,2132,1892,300,-148
9.0869,2132,1892,300,-148
9.0873,2132,1892,300,-156
9.0878,2132,1892,300,-156
9.0882,2132,1892,300,-156
9.0886,2132,1892,300,-152
9.0890,2132,1892,300,-152
9.0895,2132,1892,300,-160
9.0899,2132,1892,300,-160
9.0903,2141,1893,400,-160
9.0912,2141,1893,400,-160
9.0916,2141,1894,400,-152
9.0920,2141,1894,400,-152
9.0924,2141,1894,400,-160
9.0928,2141,1894,400,-160
9.0932,2141,1894,400,-160
9.0937,2141,1894,400,-160
9.0941,2141,1894,400,-160
9.0945,2141,1895,400,-160
9.0949,2141,1895,400,-160
9.0953,2141,1895,400,-168
9.0958,2141,1895,400,-168
9.0962,2141,1896,400,-160
9.0966,2141,1896,400,-160
9.0970,2141,1896,400,-160
9.0975,2141,1896,400,-168
9.0980,2141,1896,400,-168
9.0984,2141,1897,400,-168
9.0988,2141,1897,400,-168
9.0992,2141,1897,400,-168
9.0996,2141,1897,400,-168
9.1000,2149,1898,400,-168
9.1008,2149,1898,400,-168
9.1012,2149,1898,400,-168
9.1016,2149,1898,400,-168
9.1020,2149,1898,400,-168
9.1024,2149,1899,400,-168
9.1028,2149,1899,400,-168
9.1032,2149,1899,400,-176
9.1036,2149,1899,400,-176
9.1040,2149,1899,400,-176
9.1045,2149,1900,400,-168
9.1049,2149,1900,400,-168
9.1053,2149,1900,400,-176
9.1058,2149,1900,400,-176
9.1062,2149,1900,400,-184
9.1066,2149,1900,400,-184
9.1070,2149,1900,400,-184
9.1073,2149,1901,400,-176
9.1078,2149,1901,400,-176
9.1082,2149,1902,400,-180
9.1086,2149,1902,400,-180
9.1090,2149,1902,400,-180
9.1094,2149,1902,400,-188
9.1098,2149,1902,400,-188
9.1102,2158,1902,450,-188
9.1110,2158,1902,450,-188
9.1114,2158,1903,450,-188
9.1118,2158,1903,450,-188
9.1122,2158,1904,450,-188
9.1126,2158,1904,450,-188
9.1129,2158,1904,450,-188
9.1133,2158,1904,450,-196
9.1137,2158,1904,450,-196
9.1140,2158,1904,450,-196
9.1145,2158,1905,450,-188
9.1149,2158,1905,450,-188
9.1152,2158,1905,450,-196
9.1156,2158,1905,450,-196
9.1160,2158,1905,450,-196
9.1163,2158,1906,450,-196
9.1167,2158,1906,450,-196
9.1170,2158,1906,450,-196
9.1174,2158,1906,450,-196
9.1178,2158,1906,450,-196
9.1181,2158,1906,450,-196
9.1185,2158,1907,450,-196
9.1188,2158,1907,450,-196
9.1192,2158,1907,450,-204
9.1195,2158,1907,450,-204
9.1199,2158,1907,450,-204
9.1202,2166,1908,450,-204
9.1209,2166,1908,450,-204
9.1213,2166,1908,450,-204
9.1216,2166,1908,450,-204
9.1220,2166,1908,450,-204
9.1223,2166,1909,450,-204
9.1227,2166,1909,450,-204
9.1230,2166,1909,450,-204
9.1234,2166,1910,450,-204
9.1237,2166,1910,450,-204
9.1241,2166,1910,450,-212
9.1245,2166,1910,450,-212
9.1248,2166,1910,450,-212
9.1252,2166,1911,450,-204
9.1255,2166,1911,450,-204
9.1259,2166,1911,450,-204
9.1262,2166,1911,450,-212
9.1266,2166,1911,450,-212
9.1269,2166,1911,450,-212
9.1273,2166,1912,450,-212
9.1276,2166,1912,450,-212
9.1280,2166,1912,450,-212
9.1283,2166,1913,450,-216
9.1287,2166,1913,450,-216
9.1290,2166,1913,450,-216
9.1294,2166,1913,450,-224
9.1297,2166,1913,450,-224
9.1301,2173,1914,600,-216
9.1307,2173,1914,600,-216
9.1311,2173,1915,600,-216
9.1315,2173,1915,600,-216
9.1318,2173,1915,600,-216
9.1322,2173,1915,600,-224
9.1325,2173,1915,600,-224
9.1329,2173,1915,600,-224
9.1332,2173,1916,600,-224
9.1336,2173,1916,600,-224
9.1339,2173,1916,600,-224
9.1343,2173,1916,600,-232
9.1346,2173,1916,600,-232
9.1350,2173,1916,600,-232
9.1353,2173,1917,600,-224
9.1357,2173,1917,600,-224
9.1360,2173,1917,600,-224
9.1364,2173,1918,600,-224
9.1367,2173,1918,600,-224
9.1371,2173,1918,600,-232
9.1375,2173,1918,600,-232
9.1378,2173,1918,600,-232
9.1382,2173,1919,600,-232
9.1385,2173,1919,600,-232
9.1389,2173,1919,600,-232
9.1392,2173,1920,600,-232
9.1396,2173,1920,600,-232
9.1400,2173,1920,600,-232
9.1403,2181,1920,600,-240
9.1411,2181,1921,600,-232
9.1415,2181,1921,600,-232
9.1419,2181,1921,600,-232
9.1422,2181,1922,600,-232
9.1426,2181,1922,600,-232
9.1429,2181,1922,600,-232
9.1433,2181,1922,600,-240
9.1436,2181,1922,600,-240
9.1440,2181,1922,600,-240
9.1444,2181,1923,600,-240
9.1448,2181,1923,600,-240
9.1452,2181,1924,600,-240
9.1456,2181,1924,600,-240
9.1460,2181,1924,600,-240
9.1463,2181,1924,600,-248
9.1468,2181,1924,600,-248
9.1472,2181,1925,600,-248
9.1475,2181,1925,600,-248
9.1479,2181,1925,600,-248
9.1483,2181,1925,600,-248
9.1487,2181,1925,600,-248
9.1491,2181,1926,600,-248
9.1495,2181,1926,600,-248
9.1499,2181,1926,600,-248
9.1503,2187,1927,650,-248
9.1510,2187,1928,650,-248
9.1514,2187,1928,650,-248
9.1518,2187,1928,650,-248
9.1522,2187,1928,650,-256
9.1526,2187,1928,650,-256
9.1530,2187,1929,650,-256
9.1534,2187,1929,650,-256
9.1538,2187,1929,650,-256
9.1542,2187,1930,650,-256
9.1546,2187,1930,650,-256
9.1550,2187,1930,650,-256
9.1554,2187,1931,650,-256
9.1558,2187,1931,650,-256
9.1561,2187,1932,650,-256
9.1565,2187,1932,650,-256
9.1569,2187,1932,650,-256
9.1573,2187,1932,650,-264
9.1577,2187,1932,650,-264
9.1581,2187,1933,650,-256
9.1585,2187,1933,650,-256
9.1589,2187,1933,650,-256
9.1593,2187,1934,650,-256
9.1597,2187,1934,650,-256
9.1600,2193,1935,650,-256
9.1608,2193,1935,650,-256
9.1612,2193,1935,650,-264
9.1615,2193,1935,650,-264
9.1619,2193,1936,650,-264
9.1623,2193,1936,650,-264
9.1628,2193,1936,650,-264
9.1632,2193,1937,650,-264
9.1635,2193,1937,650,-264
9.1639,2193,1938,650,-264
9.1643,2193,1938,650,-264
9.1647,2193,1938,650,-264
9.1651,2193,1939,650,-264
9.1655,2193,1939,650,-264
9.1659,2193,1939,650,-264
9.1663,2193,1939,650,-272
9.1667,2193,1939,650,-272
9.1671,2193,1940,650,-272
9.1675,2193,1940,650,-272
9.1679,2193,1940,650,-272
9.1683,2193,1941,650,-268
9.1687,2193,1941,650,-268
9.1691,2193,1942,650,-268
9.1695,2193,1942,650,-268
9.1699,2193,1943,800,-268
9.1703,2199,1943,800,-268
9.1710,2199,1944,800,-268
9.1714,2199,1944,800,-268
9.1718,2199,1944,800,-268
9.1722,2199,1944,800,-276
9.1726,2199,1944,800,-276
9.1730,2199,1945,800,-276
9.1733,2199,1945,800,-276
9.1738,2199,1945,800,-276
9.1742,2199,1946,800,-276
9.1746,2199,1946,800,-276
9.1749,2199,1947,800,-276
9.1753,2199,1947,800,-276
9.1757,2199,1947,800,-276
9.1761,2199,1948,800,-276
9.1765,2199,1948,800,-276
9.1769,2199,1948,800,-284
9.1773,2199,1948,800,-284
9.1777,2199,1948,800,-284
9.1781,2199,1949,800,-284
9.1785,2199,1949,800,-284
9.1789,2199,1950,800,-284
9.1793,2199,1950,800,-284
9.1797,2199,1950,800,-284
9.1801,2203,1951,800,-284
9.1808,2203,1951,800,-284
9.1812,2203,1952,800,-284
9.1816,2203,1952,800,-284
9.1820,2203,1953,800,-284
9.1824,2203,1953,800,-284
9.1828,2203,1953,800,-284
9.1832,2203,1954,800,-284
9.1836,2203,1954,800,-284
9.1839,2203,1955,800,-284
9.1843,2203,1955,800,-284
9.1847,2203,1955,800,-284
9.1851,2203,1956,800,-284
9.1855,2203,1956,800,-284
9.1859,2203,1957,800,-292
9.1863,2203,1957,800,-292
9.1867,2203,1957,800,-292
9.1871,2203,1958,800,-292
9.1875,2203,1958,800,-292
9.1879,2203,1958,800,-304
9.1884,2203,1958,800,-304
9.1888,2203,1958,800,-304
9.1892,2203,1959,800,-304
9.1896,2203,1959,800,-304
9.1900,2208,1960,850,-304
9.1908,2208,1960,850,-304
9.1912,2208,1961,850,-304
9.1916,2208,1961,850,-304
9.1920,2208,1962,850,-304
9.1924,2208,1962,850,-304
9.1928,2208,1963,850,-304
9.1932,2208,1963,850,-304
9.1936,2208,1963,850,-304
9.1940,2208,1964,850,-304
9.1946,2208,1964,850,-304
9.1950,2208,1965,850,-304
9.1954,2208,1965,850,-304
9.1958,2208,1965,850,-320
9.1962,2208,1965,850,-320
9.1966,2208,1965,850,-320
9.1970,2208,1966,850,-320
9.1975,2208,1966,850,-320
9.1979,2208,1968,850,-312
9.1983,2208,1968,850,-312
9.1988,2208,1969,850,-312
9.1992,2208,1969,850,-312
9.1996,2208,1969,850,-312
9.2000,2211,1970,850,-312
9.2008,2211,1971,850,-312
9.2012,2211,1971,850,-312
9.2016,2211,1971,850,-312
9.2020,2211,1971,850,-320
9.2024,2211,1971,850,-320
9.2028,2211,1972,850,-328
9.2032,2211,1972,850,-328
9.2036,2211,1972,850,-328
9.2040,2211,1973,850,-328
9.2045,2211,1973,850,-328
9.2049,2211,1974,850,-328
9.2053,2211,1974,850,-328
9.2058,2211,1975,850,-328
9.2062,2211,1975,850,-328
9.2066,2211,1975,850,-328
9.2070,2211,1976,850,-328
9.2074,2211,1976,850,-328
9.2078,2211,1977,850,-324
9.2082,2211,1977,850,-324
9.2086,2211,1977,850,-324
9.2091,2211,1978,850,-332
9.2095,2211,1978,850,-332
9.2099,2211,1979,950,-332
9.2103,2214,1980,950,-332
9.2112,2214,1980,950,-332
9.2116,2214,1980,950,-332
9.2120,2214,1981,950,-332
9.2124,2214,1981,950,-332
9.2128,2214,1982,950,-332
9.2132,2214,1982,950,-332
9.2136,2214,1982,950,-332
9.2140,2214,1983,950,-340
9.2144,2214,1983,950,-340
9.2148,2214,1984,950,-340
9.2153,2214,1984,950,-340
9.2157,2214,1984,950,-340
9.2161,2214,1985,950,-340
9.2165,2214,1985,950,-340
9.2170,2214,1986,950,-340
9.2174,2214,1986,950,-340
9.2178,2214,1988,950,-332
9.2182,2214,1988,950,-332
9.2185,2214,1988,950,-332
9.2189,2214,1989,950,-340
9.2194,2214,1989,950,-340
9.2198,2214,1990,950,-340
9.2202,2217,1990,950,-340
9.2209,2217,1991,950,-340
9.2213,2217,1991,950,-340
9.2217,2217,1991,950,-340
9.2221,2217,1992,950,-340
9.2225,2217,1992,950,-340
9.2229,2217,1993,950,-348
9.2232,2217,1993,950,-348
9.2236,2217,1993,950,-348
9.2240,2217,1994,950,-348
9.2243,2217,1994,950,-348
9.2247,2217,1995,950,-348
9.2251,2217,1995,950,-348
9.2255,2217,1995,950,-348
9.2259,2217,1996,950,-348
9.2262,2217,1996,950,-348
9.2266,2217,1996,950,-348
9.2270,2217,1997,950,-356
9.2274,2217,1997,950,-356
9.2278,2217,1998,950,-360
9.2282,2217,1998,950,-360
9.2286,2217,1998,950,-360
9.2290,2217,1999,950,-360
9.2294,2217,1999,950,-360
9.2298,2217,2000,1050,-368
9.2302,2218,2000,1050,-368
9.2309,2218,2001,1050,-368
9.2313,2218,2001,1050,-368
9.2317,2218,2003,1050,-360
9.2321,2218,2003,1050,-360
9.2325,2218,2003,1050,-360
9.2329,2218,2004,1050,-360
9.2333,2218,2004,1050,-360
9.2337,2218,2005,1050,-368
9.2340,2218,2005,1050,-368
9.2345,2218,2005,1050,-368
9.2348,2218,2006,1050,-368
9.2352,2218,2006,1050,-368
9.2356,2218,2006,1050,-368
9.2359,2218,2007,1050,-368
9.2363,2218,2007,1050,-368
9.2367,2218,2008,1050,-376
9.2371,2218,2008,1050,-376
9.2376,2218,2008,1050,-376
9.2380,2218,2009,1050,-376
9.2383,2218,2009,1050,-376
9.2387,2218,2011,1050,-368
9.2391,2218,2011,1050,-368
9.2395,2218,2011,1050,-368
9.2399,2218,2012,1050,-376
9.2403,2219,2012,1050,-376
9.2410,2219,2013,1050,-376
9.2415,2219,2013,1050,-376
9.2419,2219,2014,1050,-376
9.2423,2219,2014,1050,-376
9.2427,2219,2015,1050,-376
9.2431,2219,2015,1050,-376
9.2435,2219,2015,1050,-376
9.2439,2219,2017,1050,-376
9.2443,2219,2017,1050,-376
9.2447,2219,2018,1050,-376
9.2451,2219,2018,1050,-376
9.2455,2219,2018,1050,-376
9.2459,2219,2019,1050,-376
9.2463,2219,2019,1050,-376
9.2467,2219,2020,1050,-376
9.2470,2219,2020,1050,-376
9.2475,2219,2020,1050,-376
9.2479,2219,2021,1050,-380
9.2483,2219,2021,1050,-380
9.2487,2219,2022,1050,-380
9.2491,2219,2022,1050,-380
9.2495,2219,2022,1050,-380
9.2499,2219,2023,1150,-380
9.2503,2220,2023,1150,-380
9.2509,2220,2025,1150,-372
9.2513,2220,2025,1150,-372
9.2517,2220,2026,1150,-380
9.2520,2220,2026,1150,-380
9.2525,2220,2026,1150,-380
9.2529,2220,2027,1150,-380
9.2533,2220,2027,1150,-380
9.2537,2220,2028,1150,-380
9.2541,2220,2028,1150,-380
9.2545,2220,2028,1150,-380
9.2548,2220,2029,1150,-380
9.2552,2220,2029,1150,-380
9.2556,2220,2031,1150,-372
9.2559,2220,2031,1150,-372
9.2563,2220,2031,1150,-372
9.2566,2220,2032,1150,-380
9.2570,2220,2032,1150,-380
9.2574,2220,2032,1150,-380
9.2577,2220,2033,1150,-380
9.2581,2220,2033,1150,-380
9.2585,2220,2033,1150,-380
9.2588,2220,2034,1150,-380
9.2592,2220,2034,1150,-380
9.2596,2220,2036,1150,-372
9.2599,2220,2036,1150,-372
9.2603,2219,2037,1150,-372
9.2609,2219,2037,1150,-372
9.2613,2219,2037,1150,-372
9.2617,2219,2038,1150,-380
9.2620,2219,2038,1150,-380
9.2624,2219,2038,1150,-380
9.2628,2219,2040,1150,-372
9.2631,2219,2040,1150,-372
9.2635,2219,2040,1150,-372
9.2639,2219,2041,1150,-372
9.2642,2219,2041,1150,-372
9.2646,2219,2042,1150,-372
9.2649,2219,2042,1150,-372
9.2653,2219,2042,1150,-372
9.2657,2219,2043,1150,-372
9.2660,2219,2043,1150,-372
9.2664,2219,2043,1150,-372
9.2668,2219,2044,1150,-372
9.2671,2219,2044,1150,-372
9.2675,2219,2044,1150,-372
9.2679,2219,2046,1150,-356
9.2682,2219,2046,1150,-356
9.2686,2219,2047,1150,-356
9.2689,2219,2047,1150,-356
9.2693,2219,2047,1150,-356
9.2697,2219,2048,1250,-356
9.2701,2218,2050,1250,-348
9.2709,2218,2050,1250,-348
9.2713,2218,2050,1250,-348
9.2717,2218,2051,1250,-348
9.2721,2218,2051,1250,-348
9.2725,2218,2052,1250,-348
9.2729,2218,2052,1250,-348
9.2733,2218,2052,1250,-348
9.2737,2218,2054,1250,-340
9.2741,2218,2054,1250,-340
9.2745,2218,2055,1250,-340
9.2749,2218,2055,1250,-340
9.2753,2218,2055,1250,-340
9.2757,2218,2056,1250,-348
9.2761,2218,2056,1250,-348
9.2765,2218,2057,1250,-348
9.2769,2218,2057,1250,-348
9.2773,2218,2057,1250,-348
9.2777,2218,2059,1250,-340
9.2781,2218,2059,1250,-340
9.2785,2218,2060,1250,-340
9.2789,2218,2060,1250,-340
9.2793,2218,2060,1250,-340
9.2797,2218,2061,1250,-340
9.2801,2217,2061,1250,-340
9.2808,2217,2063,1250,-332
9.2812,2217,2063,1250,-332
9.2816,2217,2064,1250,-332
9.2820,2217,2064,1250,-332
9.2823,2217,2064,1250,-332
9.2828,2217,2065,1250,-332
9.2832,2217,2065,1250,-332
9.2836,2217,2066,1250,-332
9.2840,2217,2066,1250,-332
9.2844,2217,2066,1250,-332
9.2848,2217,2067,1250,-332
9.2852,2217,2067,1250,-332
9.2856,2217,2069,1250,-324
9.2859,2217,2069,1250,-324
9.2863,2217,2069,1250,-324
9.2867,2217,2070,1250,-324
9.2871,2217,2070,1250,-324
9.2875,2217,2071,1250,-312
9.2879,2217,2071,1250,-312
9.2883,2217,2071,1250,-312
9.2887,2217,2072,1250,-320
9.2891,2217,2072,1250,-320
9.2895,2217,2073,1250,-320
9.2899,2217,2073,1250,-320
9.2903,2214,2075,1250,-312
9.2910,2214,2075,1250,-312
9.2915,2214,2076,1250,-312
9.2919,2214,2076,1250,-312
9.2923,2214,2076,1250,-312
9.2927,2214,2077,1250,-312
9.2931,2214,2077,1250,-312
9.2935,2214,2078,1250,-312
9.2939,2214,2078,1250,-312
9.2943,2214,2078,1250,-312
9.2947,2214,2080,1250,-304
9.2951,2214,2080,1250,-304
9.2955,2214,2081,1250,-304
9.2959,2214,2081,1250,-304
9.2963,2214,2081,1250,-304
9.2967,2214,2082,1250,-304
9.2971,2214,2082,1250,-304
9.2975,2214,2083,1250,-304
9.2979,2214,2083,1250,-304
9.2983,2214,2083,1250,-304
9.2987,2214,2084,1250,-304
9.2991,2214,2084,1250,-304
9.2995,2214,2085,1250,-304
9.2999,2214,2085,1250,-304
9.3003,2211,2087,1250,-296
9.3011,2211,2087,1250,-296
9.3015,2211,2088,1250,-296
9.3019,2211,2088,1250,-296
9.3023,2211,2088,1250,-296
9.3027,2211,2089,1250,-296
9.3031,2211,2089,1250,-296
9.3035,2211,2090,1250,-296
9.3039,2211,2090,1250,-296
9.3043,2211,2090,1250,-296
9.3047,2211,2091,1250,-296
9.3051,2211,2091,1250,-296
9.3055,2211,2092,1250,-296
9.3059,2211,2092,1250,-296
9.3063,2211,2092,1250,-296
9.3067,2211,2093,1250,-288
9.3071,2211,2093,1250,-288
9.3075,2211,2095,1250,-280
9.3079,2211,2095,1250,-280
9.3084,2211,2096,1250,-280
9.3088,2211,2096,1250,-280
9.3092,2211,2096,1250,-280
9.3096,2211,2097,1200,-280
9.3100,2208,2098,1200,-280
9.3108,2208,2098,1200,-280
9.3112,2208,2098,1200,-280
9.3116,2208,2099,1200,-280
9.3120,2208,2099,1200,-280
9.3124,2208,2100,1200,-280
9.3128,2208,2100,1200,-280
9.3132,2208,2100,1200,-280
9.3136,2208,2101,1200,-280
9.3140,2208,2101,1200,-280
9.3144,2208,2103,1200,-272
9.3148,2208,2103,1200,-272
9.3153,2208,2103,1200,-272
9.3157,2208,2104,1200,-272
9.3161,2208,2104,1200,-272
9.3165,2208,2105,1200,-272
9.3169,2208,2105,1200,-272
9.3174,2208,2106,1200,-272
9.3178,2208,2106,1200,-272
9.3182,2208,2106,1200,-272
9.3186,2208,2107,1200,-272
9.3190,2208,2107,1200,-272
9.3194,2208,2108,1200,-264
9.3198,2208,2108,1200,-264
9.3202,2203,2109,1200,-264
9.3210,2203,2109,1200,-264
9.3214,2203,2110,1200,-264
9.3218,2203,2110,1200,-264
9.3222,2203,2110,1200,-264
9.3226,2203,2111,1200,-264
9.3231,2203,2111,1200,-264
9.3235,2203,2112,1200,-264
9.3240,2203,2112,1200,-264
9.3244,2203,2113,1200,-264
9.3248,2203,2113,1200,-264
9.3252,2203,2113,1200,-264
9.3257,2203,2114,1200,-264
9.3261,2203,2114,1200,-264
9.3265,2203,2115,1200,-264
9.3269,2203,2115,1200,-264
9.3274,2203,2116,1200,-260
9.3278,2203,2116,1200,-260
9.3282,2203,2116,1200,-260
9.3286,2203,2117,1200,-260
9.3291,2203,2117,1200,-260
9.3295,2203,2118,1050,-260
9.3299,2203,2118,1050,-260
9.3303,2198,2119,1050,-260
9.3311,2198,2119,1050,-260
9.3315,2198,2120,1050,-260
9.3319,2198,2120,1050,-260
9.3323,2198,2121,1050,-260
9.3327,2198,2121,1050,-260
9.3331,2198,2121,1050,-260
9.3335,2198,2122,1050,-252
9.3339,2198,2122,1050,-252
9.3343,2198,2123,1050,-252
9.3346,2198,2123,1050,-252
9.3350,2198,2123,1050,-252
9.3354,2198,2124,1050,-252
9.3358,2198,2124,1050,-252
9.3361,2198,2124,1050,-252
9.3366,2198,2125,1050,-252
9.3370,2198,2125,1050,-252
9.3373,2198,2126,1050,-252
9.3378,2198,2126,1050,-252
9.3382,2198,2126,1050,-252
9.3386,2198,2127,1050,-244
9.3390,2198,2127,1050,-244
9.3394,2198,2128,1050,-244
9.3398,2198,2128,1050,-244
9.3402,2193,2129,1050,-244
9.3409,2193,2129,1050,-244
9.3413,2193,2130,1050,-244
9.3417,2193,2130,1050,-244
9.3421,2193,2130,1050,-244
9.3425,2193,2131,1050,-244
9.3429,2193,2131,1050,-244
9.3433,2193,2132,1050,-236
9.3437,2193,2132,1050,-236
9.3441,2193,2132,1050,-236
9.3445,2193,2133,1050,-236
9.3449,2193,2133,1050,-236
9.3453,2193,2134,1050,-236
9.3457,2193,2134,1050,-236
9.3461,2193,2134,1050,-236
9.3465,2193,2135,1050,-236
9.3469,2193,2135,1050,-236
9.3473,2193,2136,1050,-224
9.3477,2193,2136,1050,-224
9.3481,2193,2136,1050,-224
9.3485,2193,2137,1050,-224
9.3489,2193,2137,1050,-224
9.3493,2193,2138,1000,-224
9.3497,2193,2138,1000,-224
9.3501,2187,2139,1000,-224
9.3509,2187,2139,1000,-224
9.3514,2187,2140,1000,-216
9.3518,2187,2140,1000,-216
9.3523,2187,2141,1000,-216
9.3527,2187,2141,1000,-216
9.3531,2187,2141,1000,-216
9.3535,2187,2141,1000,-224
9.3540,2187,2141,1000,-224
9.3544,2187,2142,1000,-216
9.3548,2187,2142,1000,-216
9.3552,2187,2143,1000,-216
9.3557,2187,2143,1000,-216
9.3561,2187,2143,1000,-216
9.3565,2187,2144,1000,-216
9.3569,2187,2144,1000,-216
9.3574,2187,2145,1000,-216
9.3578,2187,2145,1000,-216
9.3582,2187,2146,1000,-208
9.3587,2187,2146,1000,-208
9.3591,2187,2146,1000,-208
9.3595,2187,2147,1000,-208
9.3599,2187,2147,1000,-208
9.3603,2180,2148,1000,-208
9.3612,2180,2149,1000,-200
9.3616,2180,2149,1000,-200
9.3620,2180,2149,1000,-200
9.3624,2180,2150,1000,-200
9.3628,2180,2150,1000,-200
9.3633,2180,2151,1000,-200
9.3637,2180,2151,1000,-200
9.3641,2180,2152,1000,-192
9.3645,2180,2152,1000,-192
9.3649,2180,2152,1000,-192
9.3654,2180,2152,1000,-200
9.3658,2180,2152,1000,-200
9.3662,2180,2153,1000,-200
9.3667,2180,2153,1000,-200
9.3671,2180,2154,1000,-192
9.3676,2180,2154,1000,-192
9.3680,2180,2154,1000,-192
9.3684,2180,2155,1000,-192
9.3688,2180,2155,1000,-192
9.3692,2180,2156,900,-192
9.3697,2180,2156,900,-192
9.3701,2173,2156,900,-192
9.3710,2173,2156,900,-192
9.3714,2173,2157,900,-192
9.3718,2173,2157,900,-192
9.3722,2173,2158,900,-184
9.3726,2173,2158,900,-184
9.3731,2173,2158,900,-184
9.3736,2173,2159,900,-184
9.3740,2173,2159,900,-184
9.3744,2173,2160,900,-184
9.3748,2173,2160,900,-184
9.3752,2173,2161,900,-176
9.3756,2173,2161,900,-176
9.3761,2173,2161,900,-184
9.3765,2173,2161,900,-184
9.3770,2173,2161,900,-184
9.3774,2173,2162,900,-184
9.3779,2173,2162,900,-184
9.3783,2173,2163,900,-176
9.3787,2173,2163,900,-176
9.3791,2173,2163,900,-184
9.3796,2173,2163,900,-184
9.3800,2173,2163,900,-184
9.3804,2166,2164,900,-176
9.3812,2166,2165,900,-176
9.3817,2166,2165,900,-176
9.3821,2166,2165,900,-176
9.3825,2166,2165,900,-176
9.3830,2166,2165,900,-176
9.3834,2166,2166,900,-176
9.3838,2166,2166,900,-176
9.3843,2166,2167,900,-176
9.3847,2166,2167,900,-176
9.3851,2166,2168,900,-168
9.3855,2166,2168,900,-168
9.3860,2166,2168,900,-168
9.3864,2166,2168,900,-176
9.3868,2166,2168,900,-176
9.3873,2166,2169,900,-172
9.3877,2166,2169,900,-172
9.3881,2166,2170,900,-172
9.3885,2166,2170,900,-172
9.3890,2166,2170,900,-172
9.3894,2166,2171,750,-164
9.3898,2166,2171,750,-164
9.3903,2158,2171,750,-172
9.3911,2158,2172,750,-164
9.3915,2158,2172,750,-164
9.3920,2158,2173,750,-164
9.3924,2158,2173,750,-164
9.3929,2158,2173,750,-164
9.3933,2158,2174,750,-156
9.3937,2158,2174,750,-156
9.3942,2158,2174,750,-164
9.3946,2158,2174,750,-164
9.3950,2158,2175,750,-156
9.3955,2158,2175,750,-156
9.3960,2158,2176,750,-156
9.3964,2158,2176,750,-156
9.3969,2158,2176,750,-156
9.3973,2158,2176,750,-156
9.3977,2158,2176,750,-156
9.3982,2158,2177,750,-156
9.3986,2158,2177,750,-156
9.3991,2158,2178,750,-148
9.3996,2158,2178,750,-148
9.4000,2158,2178,750,-156
9.4004,2149,2178,750,-156
9.4012,2149,2179,750,-148
9.4017,2149,2179,750,-148
9.4021,2149,2180,750,-148
9.4026,2149,2180,750,-148
9.4031,2149,2181,750,-140
9.4036,2149,2181,750,-140
9.4040,2149,2181,750,-148
9.4044,2149,2181,750,-148
9.4049,2149,2181,750,-148
9.4053,2149,2182,750,-140
9.4057,2149,2182,750,-140
9.4062,2149,2182,750,-148
9.4066,2149,2182,750,-148
9.4070,2149,2183,750,-136
9.4075,2149,2183,750,-136
9.4080,2149,2183,750,-144
9.4084,2149,2183,750,-144
9.4088,2149,2183,750,-144
9.4093,2149,2184,650,-136
9.4097,2149,2184,650,-136
9.4101,2140,2184,650,-144
9.4110,2140,2185,650,-136
9.4115,2140,2185,650,-136
9.4119,2140,2186,650,-128
9.4123,2140,2186,650,-128
9.4128,2140,2186,650,-128
9.4132,2140,2186,650,-136
9.4137,2140,2186,650,-136
9.4141,2140,2187,650,-128
9.4145,2140,2187,650,-128
9.4150,2140,2187,650,-136
9.4154,2140,2187,650,-136
9.4159,2140,2188,650,-128
9.4163,2140,2188,650,-128
9.4168,2140,2188,650,-128
9.4172,2140,2189,650,-120
9.4177,2140,2189,650,-120
9.4181,2140,2189,650,-128
9.4185,2140,2189,650,-128
9.4190,2140,2190,650,-120
9.4194,2140,2190,650,-120
9.4198,2140,2190,650,-120
9.4202,2131,2190,650,-128
9.4211,2131,2191,650,-120
9.4216,2131,2191,650,-120
9.4221,2131,2191,650,-120
9.4225,2131,2191,650,-120
9.4230,2131,2192,650,-120
9.4234,2131,2192,650,-120
9.4238,2131,2192,650,-120
9.4242,2131,2192,650,-120
9.4247,2131,2192,650,-120
9.4251,2131,2193,650,-112
9.4255,2131,2193,650,-112
9.4260,2131,2194,650,-112
9.4264,2131,2194,650,-112
9.4268,2131,2194,650,-116
9.4273,2131,2194,650,-116
9.4277,2131,2194,650,-116
9.4281,2131,2195,650,-108
9.4286,2131,2195,650,-108
9.4290,2131,2195,550,-116
9.4294,2131,2195,550,-116
9.4298,2131,2196,550,-108
9.4303,2121,2196,550,-108
9.4311,2121,2196,550,-108
9.4315,2121,2196,550,-108
9.4320,2121,2196,550,-116
9.4324,2121,2196,550,-116
9.4328,2121,2197,550,-108
9.4333,2121,2197,550,-108
9.4337,2121,2197,550,-108
9.4341,2121,2197,550,-108
9.4345,2121,2197,550,-108
9.4350,2121,2198,550,-108
9.4354,2121,2198,550,-108
9.4358,2121,2199,550,-100
9.4362,2121,2199,550,-100
9.4367,2121,2199,550,-100
9.4371,2121,2199,550,-100
9.4375,2121,2199,550,-100
9.4380,2121,2200,550,-100
9.4384,2121,2200,550,-100
9.4388,2121,2200,550,-100
9.4393,2121,2200,550,-100
9.4397,2121,2200,550,-100
9.4401,2112,2201,550,-92
9.4410,2112,2201,550,-100
9.4414,2112,2201,550,-100
9.4418,2112,2202,550,-92
9.4423,2112,2202,550,-92
9.4427,2112,2202,550,-92
9.4432,2112,2202,550,-92
9.4436,2112,2202,550,-92
9.4440,2112,2202,550,-92
9.4445,2112,2202,550,-92
9.4449,2112,2203,550,-92
9.4453,2112,2203,550,-92
9.4457,2112,2203,550,-92
9.4461,2112,2203,550,-92
9.4466,2112,2203,550,-92
9.4470,2112,2204,550,-80
9.4474,2112,2204,550,-80
9.4479,2112,2204,550,-80
9.4483,2112,2204,550,-80
9.4488,2112,2204,450,-88
9.4493,2112,2204,450,-88
9.4497,2112,2204,450,-88
9.4501,2102,2205,450,-80
9.4510,2102,2205,450,-80
9.4514,2102,2205,450,-80
9.4518,2102,2205,450,-80
9.4522,2102,2205,450,-80
9.4527,2102,2205,450,-80
9.4531,2102,2206,450,-72
9.4535,2102,2206,450,-72
9.4540,2102,2206,450,-80
9.4544,2102,2206,450,-80
9.4548,2102,2207,450,-72
9.4552,2102,2207,450,-72
9.4557,2102,2207,450,-72
9.4561,2102,2207,450,-72
9.4565,2102,2207,450,-72
9.4570,2102,2207,450,-72
9.4575,2102,2207,450,-72
9.4580,2102,2208,450,-72
9.4584,2102,2208,450,-72
9.4589,2102,2208,450,-72
9.4593,2102,2208,450,-72
9.4597,2102,2208,450,-72
9.4601,2091,2209,450,-64
9.4609,2091,2209,450,-64
9.4614,2091,2209,450,-64
9.4618,2091,2209,450,-64
9.4622,2091,2209,450,-64
9.4626,2091,2209,450,-64
9.4631,2091,2210,450,-56
9.4635,2091,2210,450,-56
9.4639,2091,2210,450,-64
9.4644,2091,2210,450,-64
9.4648,2091,2210,450,-64
9.4653,2091,2210,450,-64
9.4657,2091,2210,450,-64
9.4661,2091,2210,450,-64
9.4666,2091,2210,450,-64
9.4670,2091,2211,450,-60
9.4674,2091,2211,450,-60
9.4679,2091,2211,450,-60
9.4683,2091,2211,450,-60
9.4688,2091,2211,350,-60
9.4692,2091,2211,350,-60
9.4696,2091,2211,350,-60
9.4701,2081,2211,350,-60
9.4709,2081,2212,350,-60
9.4713,2081,2212,350,-60
9.4717,2081,2212,350,-60
9.4721,2081,2212,350,-60
9.4726,2081,2212,350,-60
9.4730,2081,2212,350,-60
9.4734,2081,2212,350,-60
9.4739,2081,2213,350,-52
9.4743,2081,2213,350,-52
9.4747,2081,2213,350,-52
9.4752,2081,2213,350,-52
9.4756,2081,2213,350,-52
9.4760,2081,2213,350,-52
9.4764,2081,2213,350,-52
9.4768,2081,2213,350,-52
9.4773,2081,2213,350,-52
9.4777,2081,2214,350,-44
9.4781,2081,2214,350,-44
9.4786,2081,2214,350,-44
9.4790,2081,2214,350,-44
9.4795,2081,2214,350,-44
9.4800,2081,2214,350,-52
9.4804,2070,2214,350,-52
9.4812,2070,2214,350,-52
9.4816,2070,2215,350,-44
9.4821,2070,2215,350,-44
9.4825,2070,2215,350,-44
9.4830,2070,2215,350,-44
9.4834,2070,2215,350,-44
9.4838,2070,2215,350,-44
9.4843,2070,2215,350,-44
9.4847,2070,2215,350,-44
9.4852,2070,2215,350,-44
9.4856,2070,2215,350,-44
9.4860,2070,2216,350,-36
9.4864,2070,2216,350,-36
9.4868,2070,2216,350,-36
9.4872,2070,2216,350,-36
9.4876,2070,2216,350,-36
9.4880,2070,2216,350,-36
9.4884,2070,2216,350,-36
9.4888,2070,2216,250,-36
9.4892,2070,2216,250,-36
9.4896,2070,2217,250,-28
9.4900,2060,2217,250,-28
9.4908,2060,2217,250,-28
9.4912,2060,2217,250,-28
9.4916,2060,2217,250,-28
9.4921,2060,2217,250,-28
9.4925,2060,2217,250,-28
9.4929,2060,2217,250,-28
9.4933,2060,2217,250,-28
9.4938,2060,2217,250,-20
9.4942,2060,2217,250,-20
9.4946,2060,2217,250,-20
9.4950,2060,2217,250,-20
9.4955,2060,2217,250,-20
9.4959,2060,2218,250,20
9.4964,2060,2218,250,20
9.4968,2060,2218,250,20
9.4972,2060,2218,250,20
9.4976,2060,2218,250,20
9.4980,2060,2218,250,20
9.4985,2060,2218,250,20
9.4989,2060,2218,250,20
9.4994,2060,2218,250,20
9.4998,2060,2218,250,20
9.5002,2049,2219,250,28
9.5010,2049,2219,250,28
9.5014,2049,2219,250,28
9.5018,2049,2219,250,28
9.5022,2049,2219,250,28
9.5026,2049,2219,250,28
9.5031,2049,2219,250,28
9.5035,2049,2219,250,28
9.5039,2049,2219,250,28
9.5044,2049,2219,250,28
9.5048,2049,2219,250,28
9.5052,2049,2219,250,28
9.5056,2049,2219,250,28
9.5060,2049,2219,250,28
9.5065,2049,2219,250,32
9.5070,2049,2219,250,32
9.5074,2049,2219,250,32
9.5078,2049,2219,250,32
9.5082,2049,2219,250,32
9.5086,2049,2219,150,32
9.5090,2049,2219,150,32
9.5095,2049,2219,150,32
9.5099,2049,2219,150,32
9.5104,2038,2219,150,32
9.5112,2038,2219,150,32
9.5116,2038,2219,150,32
9.5120,2038,2219,150,32
9.5124,2038,2219,150,32
9.5128,2038,2219,150,32
9.5132,2038,2219,150,32
9.5137,2038,2220,150,40
9.5141,2038,2220,150,40
9.5145,2038,2220,150,40
9.5149,2038,2220,150,40
9.5154,2038,2220,150,40
9.5158,2038,2220,150,48
9.5162,2038,2220,150,48
9.5166,2038,2220,150,48
9.5171,2038,2220,150,48
9.5175,2038,2220,150,48
9.5179,2038,2220,150,48
9.5184,2038,2220,150,48
9.5188,2038,2220,150,48
9.5192,2038,2220,150,48
9.5196,2038,2220,150,48
9.5201,2028,2220,150,48
9.5208,2028,2220,150,56
9.5213,2028,2220,150,56
9.5217,2028,2220,150,56
9.5221,2028,2220,150,56
9.5225,2028,2220,150,56
9.5230,2028,2220,150,56
9.5234,2028,2220,150,56
9.5238,2028,2220,150,56
9.5242,2028,2220,150,56
9.5246,2028,2220,150,56
9.5251,2028,2220,150,56
9.5255,2028,2220,150,64
9.5259,2028,2220,150,64
9.5264,2028,2220,150,64
9.5268,2028,2220,150,64
9.5272,2028,2220,150,64
9.5276,2028,2220,150,64
9.5280,2028,2220,150,64
9.5284,2028,2220,50,64
9.5289,2028,2220,50,64
9.5293,2028,2220,50,64
9.5297,2028,2220,50,72
9.5301,2017,2220,50,72
9.5310,2017,2220,50,72
9.5314,2017,2220,50,72
9.5318,2017,2220,50,72
9.5322,2017,2220,50,72
9.5326,2017,2220,50,80
9.5330,2017,2220,50,80
9.5334,2017,2220,50,80
9.5338,2017,2220,50,80
9.5343,2017,2220,50,80
9.5347,2017,2220,50,80
9.5351,2017,2220,50,80
9.5356,2017,2220,50,80
9.5360,2017,2220,50,80
9.5364,2017,2220,50,88
9.5368,2017,2220,50,88
9.5372,2017,2220,50,88
9.5377,2017,2220,50,88
9.5381,2017,2220,50,88
9.5385,2017,2220,50,88
9.5390,2017,2220,50,88
9.5394,2017,2220,50,88
9.5398,2017,2220,50,96
9.5402,2006,2220,50,96
9.5411,2006,2220,50,96
9.5415,2006,2220,50,96
9.5420,2006,2220,50,96
9.5424,2006,2220,50,104
9.5428,2006,2220,50,104
9.5432,2006,2220,50,104
9.5437,2006,2220,50,104
9.5441,2006,2220,50,104
9.5445,2006,2220,50,104
9.5449,2006,2220,50,104
9.5454,2006,2220,50,112
9.5458,2006,2220,50,112
9.5462,2006,2220,50,112
9.5466,2006,2220,50,120
9.5471,2006,2220,50,120
9.5475,2006,2220,50,120
9.5480,2006,2220,50,120
9.5484,2006,2220,0,128
9.5488,2006,2220,0,128
9.5493,2006,2220,0,128
9.5497,2006,2220,0,128
9.5501,1996,2220,0,128
9.5510,1996,2220,0,128
9.5514,1996,2219,0,128
9.5518,1996,2219,0,128
9.5522,1996,2219,0,128
9.5527,1996,2219,0,128
9.5531,1996,2219,0,128
9.5535,1996,2219,0,128
9.5540,1996,2219,0,128
9.5544,1996,2218,0,128
9.5548,1996,2218,0,128
9.5553,1996,2218,0,128
9.5557,1996,2218,0,128
9.5561,1996,2218,0,128
9.5565,1996,2218,0,136
9.5570,1996,2218,0,136
9.5574,1996,2218,0,136
9.5578,1996,2218,0,136
9.5582,1996,2218,0,136
9.5587,1996,2218,0,136
9.5591,1996,2218,0,136
9.5595,1996,2218,0,144
9.5600,1996,2218,0,144
9.5604,1986,2217,0,136
9.5612,1986,2217,0,136
9.5617,1986,2217,0,144
9.5621,1986,2217,0,144
9.5625,1986,2217,0,144
9.5630,1986,2217,0,144
9.5634,1986,2216,0,144
9.5638,1986,2216,0,144
9.5643,1986,2216,0,144
9.5647,1986,2216,0,144
9.5651,1986,2216,0,144
9.5656,1986,2216,0,144
9.5660,1986,2216,0,144
9.5664,1986,2215,0,132
9.5669,1986,2215,0,132
9.5673,1986,2215,0,132
9.5677,1986,2215,0,132
9.5682,1986,2215,0,132
9.5686,1986,2214,-300,132
9.5690,1986,2214,-300,132
9.5694,1986,2214,-300,132
9.5699,1986,2214,-300,132
9.5703,1976,2214,-300,140
9.5711,1976,2214,-300,140
9.5715,1976,2213,-300,132
9.5719,1976,2213,-300,132
9.5724,1976,2213,-300,140
9.5728,1976,2213,-300,140
9.5732,1976,2213,-300,140
9.5736,1976,2212,-300,132
9.5741,1976,2212,-300,132
9.5745,1976,2212,-300,140
9.5750,1976,2212,-300,140
9.5754,1976,2212,-300,140
9.5758,1976,2212,-300,140
9.5763,1976,2212,-300,148
9.5767,1976,2212,-300,148
9.5771,1976,2212,-300,148
9.5775,1976,2211,-300,140
9.5780,1976,2211,-300,140
9.5784,1976,2211,-300,148
9.5788,1976,2211,-300,148
9.5793,1976,2210,-300,140
9.5797,1976,2210,-300,140
9.5801,1967,2210,-300,148
9.5810,1967,2210,-300,148
9.5814,1967,2210,-300,148
9.5818,1967,2210,-300,148
9.5822,1967,2209,-300,148
9.5827,1967,2209,-300,148
9.5831,1967,2209,-300,148
9.5835,1967,2208,-300,140
9.5840,1967,2208,-300,140
9.5844,1967,2208,-300,148
9.5848,1967,2208,-300,148
9.5852,1967,2208,-300,148
9.5856,1967,2208,-300,148
9.5861,1967,2208,-300,148
9.5865,1967,2207,-300,144
9.5870,1967,2207,-300,144
9.5874,1967,2207,-300,144
9.5878,1967,2207,-300,144
9.5882,1967,2206,-400,144
9.5887,1967,2206,-400,144
9.5891,1967,2206,-400,144
9.5895,1967,2206,-400,144
9.5900,1967,2206,-400,144
9.5904,1957,2205,-400,144
9.5912,1957,2205,-400,152
9.5916,1957,2205,-400,152
9.5920,1957,2205,-400,152
9.5925,1957,2205,-400,152
9.5929,1957,2205,-400,152
9.5934,1957,2204,-400,152
9.5938,1957,2204,-400,152
9.5942,1957,2204,-400,152
9.5947,1957,2204,-400,152
9.5951,1957,2204,-400,152
9.5955,1957,2203,-400,152
9.5960,1957,2203,-400,152
9.5964,1957,2203,-400,160
9.5968,1957,2203,-400,160
9.5973,1957,2202,-400,152
9.5977,1957,2202,-400,152
9.5981,1957,2202,-400,152
9.5986,1957,2202,-400,160
9.5990,1957,2202,-400,160
9.5994,1957,2201,-400,152
9.5998,1957,2201,-400,152
9.6002,1948,2201,-400,160
9.6010,1948,2201,-400,160
9.6014,1948,2200,-400,160
9.6018,1948,2200,-400,160
9.6023,1948,2200,-400,160
9.6027,1948,2200,-400,160
9.6031,1948,2199,-400,160
9.6035,1948,2199,-400,160
9.6039,1948,2199,-400,160
9.6044,1948,2199,-400,160
9.6048,1948,2199,-400,160
9.6052,1948,2198,-400,160
9.6056,1948,2198,-400,160
9.6061,1948,2198,-400,160
9.6065,1948,2198,-400,172
9.6070,1948,2198,-400,172
9.6074,1948,2198,-400,172
9.6078,1948,2198,-400,172
9.6083,1948,2197,-450,172
9.6087,1948,2197,-450,172
9.6091,1948,2197,-450,172
9.6095,1948,2197,-450,180
9.6100,1948,2197,-450,180
9.6104,1940,2196,-450,172
9.6112,1940,2196,-450,180
9.6116,1940,2196,-450,180
9.6121,1940,2195,-450,180
9.6126,1940,2195,-450,180
9.6130,1940,2195,-450,180
9.6134,1940,2195,-450,180
9.6138,1940,2195,-450,180
9.6142,1940,2194,-450,180
9.6146,1940,2194,-450,180
9.6151,1940,2194,-450,188
9.6156,1940,2194,-450,188
9.6161,1940,2193,-450,180
9.6165,1940,2193,-450,180
9.6170,1940,2193,-450,180
9.6174,1940,2192,-450,180
9.6178,1940,2192,-450,180
9.6183,1940,2192,-450,188
9.6187,1940,2192,-450,188
9.6191,1940,2192,-450,196
9.6196,1940,2192,-450,196
9.6200,1932,2191,-450,188
9.6208,1932,2191,-450,188
9.6213,1932,2191,-450,196
9.6217,1932,2191,-450,196
9.6221,1932,2190,-450,196
9.6226,1932,2190,-450,196
9.6230,1932,2190,-450,196
9.6235,1932,2190,-450,196
9.6240,1932,2190,-450,196
9.6244,1932,2189,-450,196
9.6248,1932,2189,-450,196
9.6253,1932,2188,-450,196
9.6257,1932,2188,-450,196
9.6261,1932,2188,-450,208
9.6265,1932,2188,-450,208
9.6269,1932,2188,-450,208
9.6273,1932,2187,-450,200
9.6278,1932,2187,-450,200
9.6282,1932,2187,-500,208
9.6287,1932,2187,-500,208
9.6291,1932,2186,-500,208
9.6295,1932,2186,-500,208
9.6299,1932,2186,-500,208
9.6304,1924,2185,-500,208
9.6312,1924,2185,-500,216
9.6316,1924,2185,-500,216
9.6321,1924,2184,-500,208
9.6325,1924,2184,-500,208
9.6330,1924,2184,-500,208
9.6334,1924,2184,-500,216
9.6339,1924,2184,-500,216
9.6343,1924,2183,-500,216
9.6348,1924,2183,-500,216
9.6352,1924,2183,-500,224
9.6356,1924,2183,-500,224
9.6360,1924,2182,-500,216
9.6364,1924,2182,-500,216
9.6368,1924,2182,-500,216
9.6372,1924,2181,-500,216
9.6376,1924,2181,-500,216
9.6380,1924,2181,-500,224
9.6384,1924,2181,-500,224
9.6388,1924,2181,-500,224
9.6393,1924,2180,-500,224
9.6397,1924,2180,-500,224
9.6401,1917,2179,-500,224
9.6410,1917,2179,-500,224
9.6414,1917,2178,-500,216
9.6418,1917,2178,-500,216
9.6422,1917,2178,-500,224
9.6427,1917,2178,-500,224
9.6431,1917,2177,-500,224
9.6435,1917,2177,-500,224
9.6440,1917,2177,-500,232
9.6444,1917,2177,-500,232
9.6449,1917,2177,-500,232
9.6453,1917,2176,-500,232
9.6457,1917,2176,-500,232
9.6462,1917,2175,-500,228
9.6466,1917,2175,-500,228
9.6470,1917,2175,-500,236
9.6474,1917,2175,-500,236
9.6478,1917,2175,-500,236
9.6482,1917,2174,-650,228
9.6487,1917,2174,-650,228
9.6491,1917,2173,-650,228
9.6495,1917,2173,-650,228
9.6500,1917,2172,-650,228
9.6504,1911,2172,-650,228
9.6512,1911,2172,-650,236
9.6516,1911,2172,-650,236
9.6520,1911,2171,-650,236
9.6525,1911,2171,-650,236
9.6530,1911,2171,-650,244
9.6534,1911,2171,-650,244
9.6538,1911,2171,-650,244
9.6543,1911,2170,-650,244
9.6547,1911,2170,-650,244
9.6551,1911,2169,-650,236
9.6556,1911,2169,-650,236
9.6560,1911,2169,-650,244
9.6564,1911,2169,-650,244
9.6568,1911,2169,-650,244
9.6573,1911,2168,-650,244
9.6577,1911,2168,-650,244
9.6581,1911,2167,-650,244
9.6586,1911,2167,-650,244
9.6590,1911,2166,-650,244
9.6594,1911,2166,-650,244
9.6599,1911,2166,-650,244
9.6603,1905,2166,-650,252
9.6612,1905,2165,-650,252
9.6616,1905,2165,-650,252
9.6620,1905,2164,-650,252
9.6625,1905,2164,-650,252
9.6630,1905,2163,-650,252
9.6634,1905,2163,-650,252
9.6638,1905,2163,-650,252
9.6643,1905,2163,-650,260
9.6647,1905,2163,-650,260
9.6651,1905,2162,-650,260
9.6656,1905,2162,-650,260
9.6660,1905,2161,-650,264
9.6665,1905,2161,-650,264
9.6669,1905,2160,-650,264
9.6673,1905,2160,-650,264
9.6678,1905,2160,-650,264
9.6682,1905,2160,-700,272
9.6687,1905,2160,-700,272
9.6691,1905,2159,-700,264
9.6696,1905,2159,-700,264
9.6700,1899,2158,-700,264
9.6709,1899,2157,-700,264
9.6713,1899,2157,-700,264
9.6717,1899,2157,-700,264
9.6721,1899,2156,-700,264
9.6726,1899,2156,-700,264
9.6730,1899,2156,-700,272
9.6734,1899,2156,-700,272
9.6739,1899,2155,-700,272
9.6743,1899,2155,-700,272
9.6747,1899,2155,-700,272
9.6752,1899,2154,-700,272
9.6756,1899,2154,-700,272
9.6760,1899,2153,-700,272
9.6765,1899,2153,-700,272
9.6769,1899,2152,-700,272
9.6773,1899,2152,-700,272
9.6778,1899,2152,-700,272
9.6782,1899,2151,-700,272
9.6787,1899,2151,-700,272
9.6791,1899,2150,-700,272
9.6795,1899,2150,-700,272
9.6800,1899,2150,-700,280
9.6804,1894,2149,-700,280
9.6813,1894,2149,-700,280
9.6817,1894,2149,-700,280
9.6822,1894,2148,-700,280
9.6826,1894,2148,-700,280
9.6830,1894,2147,-700,280
9.6836,1894,2147,-700,280
9.6840,1894,2147,-700,288
9.6844,1894,2147,-700,288
9.6848,1894,2147,-700,288
9.6852,1894,2146,-700,296
9.6856,1894,2146,-700,296
9.6860,1894,2145,-700,296
9.6864,1894,2145,-700,296
9.6868,1894,2145,-700,296
9.6872,1894,2144,-700,296
9.6876,1894,2144,-700,296
9.6880,1894,2143,-850,296
9.6884,1894,2143,-850,296
9.6888,1894,2143,-850,296
9.6891,1894,2142,-850,296
9.6895,1894,2142,-850,296
9.6899,1894,2141,-850,296
9.6903,1890,2141,-850,296
9.6910,1890,2140,-850,296
9.6914,1890,2140,-850,296
9.6919,1890,2139,-850,296
9.6924,1890,2139,-850,296
9.6928,1890,2139,-850,296
9.6931,1890,2138,-850,296
9.6935,1890,2138,-850,296
9.6939,1890,2137,-850,296
9.6943,1890,2137,-850,296
9.6946,1890,2137,-850,296
9.6950,1890,2136,-850,296
9.6954,1890,2136,-850,296
9.6958,1890,2135,-850,296
9.6961,1890,2135,-850,296
9.6965,1890,2135,-850,296
9.6969,1890,2134,-850,296
9.6973,1890,2134,-850,296
9.6976,1890,2134,-850,296
9.6980,1890,2133,-850,296
9.6984,1890,2133,-850,296
9.6988,1890,2133,-850,312
9.6993,1890,2133,-850,312
9.6996,1890,2133,-850,312
9.7001,1887,2132,-850,312
9.7010,1887,2131,-850,312
9.7015,1887,2131,-850,312
9.7020,1887,2130,-850,312
9.7024,1887,2130,-850,312
9.7028,1887,2129,-850,312
9.7033,1887,2129,-850,312
9.7037,1887,2129,-850,312
9.7042,1887,2128,-850,312
9.7046,1887,2128,-850,312
9.7051,1887,2127,-850,312
9.7055,1887,2127,-850,312
9.7060,1887,2126,-850,316
9.7065,1887,2126,-850,316
9.7069,1887,2125,-850,316
9.7073,1887,2125,-850,316
9.7077,1887,2124,-950,316
9.7082,1887,2124,-950,316
9.7086,1887,2124,-950,316
9.7090,1887,2123,-950,316
9.7094,1887,2123,-950,316
9.7098,1887,2122,-950,316
9.7103,1884,2122,-950,316
9.7111,1884,2121,-950,316
9.7115,1884,2121,-950,316
9.7120,1884,2120,-950,316
9.7124,1884,2120,-950,316
9.7129,1884,2119,-950,324
9.7133,1884,2119,-950,324
9.7137,1884,2118,-950,324
9.7141,1884,2118,-950,324
9.7145,1884,2118,-950,324
9.7150,1884,2117,-950,324
9.7154,1884,2117,-950,324
9.7158,1884,2116,-950,324
9.7162,1884,2116,-950,324
9.7166,1884,2116,-950,324
9.7170,1884,2115,-950,324
9.7174,1884,2115,-950,324
9.7179,1884,2114,-950,332
9.7183,1884,2114,-950,332
9.7187,1884,2114,-950,332
9.7190,1884,2113,-950,332
9.7194,1884,2113,-950,332
9.7198,1884,2112,-950,332
9.7201,1881,2112,-950,332
9.7209,1881,2111,-950,332
9.7212,1881,2111,-950,332
9.7216,1881,2111,-950,332
9.7220,1881,2110,-950,340
9.7223,1881,2110,-950,340
9.7227,1881,2109,-950,340
9.7230,1881,2109,-950,340
9.7234,1881,2109,-950,340
9.7238,1881,2108,-950,340
9.7242,1881,2108,-950,340
9.7245,1881,2108,-950,340
9.7249,1881,2107,-950,340
9.7253,1881,2107,-950,340
9.7256,1881,2106,-950,340
9.7260,1881,2106,-950,340
9.7264,1881,2106,-950,340
9.7267,1881,2105,-950,348
9.7271,1881,2105,-950,348
9.7275,1881,2105,-950,348
9.7279,1881,2103,-1050,340
9.7282,1881,2103,-1050,340
9.7286,1881,2103,-1050,340
9.7290,1881,2102,-1050,340
9.7293,1881,2102,-1050,340
9.7297,1881,2101,-1050,340
9.7301,1880,2101,-1050,340
9.7308,1880,2100,-1050,348
9.7312,1880,2100,-1050,348
9.7316,1880,2100,-1050,348
9.7319,1880,2099,-1050,348
9.7323,1880,2099,-1050,348
9.7327,1880,2098,-1050,348
9.7331,1880,2098,-1050,348
9.7335,1880,2098,-1050,348
9.7339,1880,2097,-1050,356
9.7342,1880,2097,-1050,356
9.7346,1880,2096,-1050,356
9.7350,1880,2096,-1050,356
9.7354,1880,2096,-1050,356
9.7358,1880,2095,-1050,356
9.7362,1880,2095,-1050,356
9.7366,1880,2094,-1050,356
9.7370,1880,2094,-1050,356
9.7374,1880,2094,-1050,356
9.7378,1880,2092,-1050,356
9.7381,1880,2092,-1050,356
9.7385,1880,2092,-1050,356
9.7389,1880,2091,-1050,356
9.7393,1880,2091,-1050,356
9.7397,1880,2090,-1050,356
9.7400,1879,2090,-1050,356
9.7408,1879,2089,-1050,364
9.7412,1879,2089,-1050,364
9.7416,1879,2088,-1050,364
9.7420,1879,2088,-1050,364
9.7424,1879,2088,-1050,364
9.7428,1879,2087,-1050,364
9.7432,1879,2087,-1050,364
9.7436,1879,2086,-1050,372
9.7440,1879,2086,-1050,372
9.7443,1879,2086,-1050,372
9.7448,1879,2085,-1050,372
9.7451,1879,2085,-1050,372
9.7455,1879,2085,-1050,372
9.7459,1879,2084,-1050,376
9.7463,1879,2084,-1050,376
9.7466,1879,2082,-1050,368
9.7470,1879,2082,-1050,368
9.7475,1879,2082,-1050,368
9.7479,1879,2081,-1100,376
9.7483,1879,2081,-1100,376
9.7488,1879,2080,-1100,376
9.7491,1879,2080,-1100,376
9.7495,1879,2079,-1100,376
9.7499,1879,2079,-1100,376
9.7503,1878,2078,-1100,376
9.7511,1878,2078,-1100,376
9.7515,1878,2078,-1100,376
9.7519,1878,2077,-1100,384
9.7523,1878,2077,-1100,384
9.7527,1878,2075,-1100,376
9.7531,1878,2075,-1100,376
9.7535,1878,2075,-1100,376
9.7539,1878,2074,-1100,376
9.7543,1878,2074,-1100,376
9.7547,1878,2073,-1100,376
9.7551,1878,2073,-1100,376
9.7555,1878,2072,-1100,384
9.7559,1878,2072,-1100,384
9.7564,1878,2072,-1100,384
9.7568,1878,2071,-1100,384
9.7572,1878,2071,-1100,384
9.7576,1878,2069,-1100,376
9.7580,1878,2069,-1100,376
9.7584,1878,2069,-1100,376
9.7588,1878,2068,-1100,376
9.7592,1878,2068,-1100,376
9.7597,1878,2067,-1100,384
9.7601,1879,2065,-1100,376
9.7609,1879,2065,-1100,376
9.7613,1879,2065,-1100,376
9.7618,1879,2064,-1100,376
9.7622,1879,2064,-1100,376
9.7626,1879,2063,-1100,376
9.7630,1879,2063,-1100,376
9.7634,1879,2063,-1100,376
9.7638,1879,2062,-1100,376
9.7642,1879,2062,-1100,376
9.7646,1879,2061,-1100,384
9.7650,1879,2061,-1100,384
9.7655,1879,2059,-1100,360
9.7660,1879,2059,-1100,360
9.7664,1879,2059,-1100,360
9.7668,1879,2058,-1100,360
9.7673,1879,2058,-1100,360
9.7677,1879,2057,-1200,360
9.7681,1879,2057,-1200,360
9.7686,1879,2056,-1200,360
9.7690,1879,2056,-1200,360
9.7695,1879,2054,-1200,352
9.7699,1879,2054,-1200,352
9.7704,1880,2053,-1200,360
9.7712,1880,2053,-1200,360
9.7716,1880,2052,-1200,360
9.7720,1880,2052,-1200,360
9.7725,1880,2051,-1200,360
9.7732,1880,2051,-1200,360
9.7737,1880,2050,-1200,360
9.7742,1880,2050,-1200,360
9.7747,1880,2048,-1200,352
9.7753,1880,2048,-1200,352
9.7758,1880,2047,-1200,352
9.7762,1880,2047,-1200,352
9.7767,1880,2045,-1200,344
9.7771,1880,2045,-1200,344
9.7776,1880,2044,-1200,352
9.7780,1880,2044,-1200,352
9.7785,1880,2043,-1200,352
9.7790,1880,2043,-1200,352
9.7794,1880,2042,-1200,352
9.7799,1880,2042,-1200,352
9.7803,1881,2040,-1200,344
9.7813,1881,2040,-1200,344
9.7819,1881,2039,-1200,344
9.7825,1881,2038,-1200,344
9.7830,1881,2038,-1200,344
9.7836,1881,2036,-1200,336
9.7841,1881,2036,-1200,336
9.7846,1881,2035,-1200,336
9.7851,1881,2035,-1200,336
9.7856,1881,2034,-1200,324
9.7860,1881,2034,-1200,324
9.7865,1881,2033,-1200,324
9.7870,1881,2033,-1200,324
9.7875,1881,2032,-1250,332
9.7880,1881,2032,-1250,332
9.7885,1881,2030,-1250,324
9.7890,1881,2030,-1250,324
9.7895,1881,2029,-1250,324
9.7900,1884,2028,-1250,324
9.7910,1884,2028,-1250,324
9.7916,1884,2027,-1250,324
9.7920,1884,2027,-1250,324
9.7925,1884,2026,-1250,324
9.7930,1884,2026,-1250,324
9.7935,1884,2024,-1250,316
9.7940,1884,2024,-1250,316
9.7945,1884,2023,-1250,316
9.7950,1884,2023,-1250,316
9.7955,1884,2022,-1250,316
9.7960,1884,2022,-1250,316
9.7964,1884,2021,-1250,316
9.7969,1884,2021,-1250,316
9.7974,1884,2020,-1250,316
9.7979,1884,2020,-1250,316
9.7986,1884,2018,-1250,308
9.7992,1884,2018,-1250,308
9.7998,1884,2017,-1250,308
9.8003,1887,2016,-1250,308
9.8014,1887,2014,-1250,300
9.8019,1887,2014,-1250,300
9.8024,1887,2013,-1250,300
9.8029,1887,2013,-1250,300
9.8034,1887,2012,-1250,300
9.8038,1887,2012,-1250,300
9.8043,1887,2011,-1250,300
9.8048,1887,2011,-1250,300
9.8052,1887,2011,-1250,300
9.8056,1887,2010,-1250,300
9.8060,1887,2010,-1250,300
9.8065,1887,2009,-1250,300
9.8070,1887,2009,-1250,300
9.8075,1887,2008,-1200,300
9.8080,1887,2008,-1200,300
9.8084,1887,2007,-1200,300
9.8088,1887,2007,-1200,300
9.8092,1887,2007,-1200,300
9.8096,1887,2006,-1200,300
9.8101,1890,2004,-1200,292
9.8108,1890,2004,-1200,292
9.8112,1890,2004,-1200,292
9.8116,1890,2003,-1200,292
9.8121,1890,2003,-1200,292
9.8125,1890,2002,-1200,292
9.8129,1890,2002,-1200,292
9.8134,1890,2001,-1200,292
9.8138,1890,2001,-1200,292
9.8142,1890,2000,-1200,292
9.8147,1890,2000,-1200,292
9.8152,1890,2000,-1200,292
9.8156,1890,1999,-1200,292
9.8160,1890,1999,-1200,292
9.8165,1890,1998,-1200,292
9.8169,1890,1998,-1200,292
9.8173,1890,1996,-1200,276
9.8178,1890,1996,-1200,276
9.8183,1890,1995,-1200,276
9.8187,1890,1995,-1200,276
9.8192,1890,1994,-1200,276
9.8197,1890,1994,-1200,276
9.8201,1895,1993,-1200,276
9.8209,1895,1993,-1200,276
9.8214,1895,1992,-1200,276
9.8218,1895,1992,-1200,276
9.8222,1895,1992,-1200,276
9.8226,1895,1991,-1200,276
9.8231,1895,1991,-1200,276
9.8235,1895,1990,-1200,276
9.8240,1895,1990,-1200,276
9.8244,1895,1989,-1200,276
9.8249,1895,1989,-1200,276
9.8253,1895,1988,-1200,276
9.8257,1895,1988,-1200,276
9.8262,1895,1988,-1200,276
9.8267,1895,1987,-1200,276
9.8272,1895,1986,-1100,268
9.8276,1895,1986,-1100,268
9.8281,1895,1986,-1100,268
9.8286,1895,1985,-1100,268
9.8291,1895,1984,-1100,268
9.8297,1895,1984,-1100,268
9.8301,1900,1983,-1100,268
9.8313,1900,1982,-1100,268
9.8318,1900,1982,-1100,268
9.8323,1900,1980,-1100,260
9.8327,1900,1980,-1100,260
9.8332,1900,1979,-1100,260
9.8336,1900,1979,-1100,260
9.8340,1900,1979,-1100,260
9.8345,1900,1979,-1100,260
9.8350,1900,1979,-1100,260
9.8355,1900,1978,-1100,260
9.8359,1900,1978,-1100,260
9.8364,1900,1977,-1100,260
9.8368,1900,1977,-1100,260
9.8372,1900,1975,-1100,252
9.8377,1900,1975,-1100,252
9.8381,1900,1975,-1100,252
9.8386,1900,1974,-1100,252
9.8390,1900,1974,-1100,252
9.8394,1900,1973,-1100,252
9.8398,1900,1973,-1100,252
9.8403,1905,1972,-1100,244
9.8410,1905,1972,-1100,244
9.8415,1905,1971,-1100,244
9.8419,1905,1971,-1100,244
9.8423,1905,1970,-1100,244
9.8427,1905,1970,-1100,244
9.8431,1905,1970,-1100,244
9.8435,1905,1969,-1100,244
9.8439,1905,1969,-1100,244
9.8443,1905,1968,-1100,244
9.8448,1905,1968,-1100,244
9.8452,1905,1967,-1100,228
9.8456,1905,1967,-1100,228
9.8460,1905,1967,-1100,228
9.8464,1905,1967,-1100,236
9.8468,1905,1967,-1100,236
9.8472,1905,1965,-1050,228
9.8476,1905,1965,-1050,228
9.8480,1905,1965,-1050,228
9.8484,1905,1965,-1050,236
9.8488,1905,1965,-1050,236
9.8492,1905,1964,-1050,228
9.8497,1905,1964,-1050,228
9.8501,1911,1963,-1050,228
9.8509,1911,1963,-1050,228
9.8513,1911,1962,-1050,228
9.8518,1911,1962,-1050,228
9.8522,1911,1961,-1050,228
9.8526,1911,1961,-1050,228
9.8530,1911,1961,-1050,228
9.8534,1911,1960,-1050,220
9.8538,1911,1960,-1050,220
9.8542,1911,1959,-1050,220
9.8547,1911,1959,-1050,220
9.8551,1911,1959,-1050,220
9.8555,1911,1958,-1050,220
9.8559,1911,1958,-1050,220
9.8563,1911,1957,-1050,220
9.8567,1911,1957,-1050,220
9.8571,1911,1956,-1050,212
9.8576,1911,1956,-1050,212
9.8580,1911,1956,-1050,212
9.8584,1911,1955,-1050,212
9.8588,1911,1955,-1050,212
9.8592,1911,1954,-1050,212
9.8596,1911,1954,-1050,212
9.8600,1918,1954,-1050,220
9.8608,1918,1954,-1050,220
9.8612,1918,1952,-1050,204
9.8616,1918,1952,-1050,204
9.8620,1918,1952,-1050,204
9.8625,1918,1951,-1050,204
9.8629,1918,1951,-1050,204
9.8633,1918,1951,-1050,212
9.8638,1918,1951,-1050,212
9.8642,1918,1950,-1050,204
9.8646,1918,1950,-1050,204
9.8650,1918,1950,-1050,204
9.8654,1918,1949,-1050,212
9.8658,1918,1949,-1050,212
9.8662,1918,1948,-1050,212
9.8666,1918,1948,-1050,212
9.8670,1918,1948,-1050,212
9.8674,1918,1947,-900,204
9.8678,1918,1947,-900,204
9.8682,1918,1946,-900,204
9.8686,1918,1946,-900,204
9.8690,1918,1946,-900,204
9.8694,1918,1945,-900,204
9.8698,1918,1945,-900,204
9.8702,1925,1944,-900,196
9.8709,1925,1944,-900,196
9.8713,1925,1944,-900,204
9.8717,1925,1944,-900,204
9.8721,1925,1943,-900,204
9.8725,1925,1943,-900,204
9.8729,1925,1943,-900,204
9.8733,1925,1942,-900,196
9.8737,1925,1942,-900,196
9.8741,1925,1941,-900,196
9.8745,1925,1941,-900,196
9.8749,1925,1941,-900,196
9.8753,1925,1940,-900,196
9.8758,1925,1940,-900,196
9.8762,1925,1939,-900,188
9.8766,1925,1939,-900,188
9.8770,1925,1939,-900,196
9.8774,1925,1939,-900,196
9.8778,1925,1939,-900,196
9.8782,1925,1938,-900,188
9.8786,1925,1938,-900,188
9.8790,1925,1938,-900,188
9.8794,1925,1937,-900,188
9.8798,1925,1937,-900,188
9.8802,1932,1936,-900,188
9.8809,1932,1936,-900,188
9.8813,1932,1936,-900,188
9.8818,1932,1936,-900,188
9.8822,1932,1935,-900,188
9.8826,1932,1935,-900,188
9.8830,1932,1934,-900,180
9.8834,1932,1934,-900,180
9.8838,1932,1934,-900,180
9.8842,1932,1933,-900,180
9.8846,1932,1933,-900,180
9.8851,1932,1933,-900,188
9.8855,1932,1933,-900,188
9.8859,1932,1933,-900,188
9.8863,1932,1932,-900,180
9.8867,1932,1932,-900,180
9.8871,1932,1931,-800,180
9.8875,1932,1931,-800,180
9.8879,1932,1931,-800,180
9.8883,1932,1930,-800,172
9.8887,1932,1930,-800,172
9.8891,1932,1930,-800,180
9.8895,1932,1930,-800,180
9.8899,1932,1930,-800,180
9.8903,1940,1929,-800,172
9.8910,1940,1928,-800,172
9.8915,1940,1928,-800,172
9.8919,1940,1928,-800,180
9.8924,1940,1928,-800,180
9.8928,1940,1928,-800,180
9.8932,1940,1927,-800,172
9.8936,1940,1927,-800,172
9.8939,1940,1926,-800,172
9.8943,1940,1926,-800,172
9.8948,1940,1926,-800,172
9.8952,1940,1925,-800,164
9.8955,1940,1925,-800,164
9.8959,1940,1925,-800,172
9.8963,1940,1925,-800,172
9.8968,1940,1925,-800,172
9.8972,1940,1924,-800,164
9.8976,1940,1924,-800,164
9.8980,1940,1923,-800,164
9.8984,1940,1923,-800,164
9.8988,1940,1923,-800,164
9.8992,1940,1922,-800,156
9.8996,1940,1922,-800,156
9.9000,1949,1922,-800,164
9.9008,1949,1922,-800,164
9.9012,1949,1921,-800,156
9.9016,1949,1921,-800,156
9.9020,1949,1920,-800,156
9.9024,1949,1920,-800,156
9.9028,1949,1920,-800,156
9.9032,1949,1920,-800,156
9.9036,1949,1920,-800,156
9.9040,1949,1919,-800,156
9.9044,1949,1919,-800,156
9.9048,1949,1919,-800,156
9.9052,1949,1919,-800,152
9.9056,1949,1919,-800,152
9.9060,1949,1918,-800,152
9.9064,1949,1918,-800,152
9.9068,1949,1918,-800,152
9.9072,1949,1917,-700,144
9.9076,1949,1917,-700,144
9.9080,1949,1916,-700,144
9.9084,1949,1916,-700,144
9.9088,1949,1916,-700,144
9.9092,1949,1916,-700,144
9.9096,1949,1916,-700,144
9.9100,1958,1915,-700,144
9.9108,1958,1915,-700,144
9.9112,1958,1914,-700,136
9.9116,1958,1914,-700,136
9.9120,1958,1914,-700,144
9.9124,1958,1914,-700,144
9.9128,1958,1914,-700,144
9.9132,1958,1914,-700,144
9.9136,1958,1914,-700,144
9.9140,1958,1913,-700,136
9.9144,1958,1913,-700,136
9.9148,1958,1913,-700,136
9.9152,1958,1912,-700,136
9.9156,1958,1912,-700,136
9.9160,1958,1912,-700,136
9.9165,1958,1912,-700,136
9.9169,1958,1911,-700,136
9.9173,1958,1911,-700,136
9.9177,1958,1911,-700,136
9.9181,1958,1910,-700,128
9.9185,1958,1910,-700,128
9.9189,1958,1910,-700,136
9.9193,1958,1910,-700,136
9.9197,1958,1910,-700,136
9.9201,1967,1909,-700,128
9.9208,1967,1909,-700,128
9.9212,1967,1909,-700,128
9.9216,1967,1909,-700,128
9.9220,1967,1908,-700,128
9.9223,1967,1908,-700,128
9.9228,1967,1908,-700,128
9.9232,1967,1908,-700,128
9.9235,1967,1908,-700,128
9.9239,1967,1907,-700,128
9.9243,1967,1907,-700,128
9.9247,1967,1907,-700,128
9.9251,1967,1906,-700,120
9.9255,1967,1906,-700,120
9.9259,1967,1906,-700,120
9.9263,1967,1906,-700,120
9.9267,1967,1906,-700,120
9.9271,1967,1905,-600,120
9.9275,1967,1905,-600,120
9.9279,1967,1905,-600,120
9.9283,1967,1905,-600,120
9.9287,1967,1905,-600,120
9.9291,1967,1904,-600,112
9.9295,1967,1904,-600,112
9.9299,1967,1904,-600,120
9.9303,1977,1904,-600,120
9.9310,1977,1903,-600,112
9.9314,1977,1903,-600,112
9.9318,1977,1903,-600,112
9.9322,1977,1903,-600,112
9.9326,1977,1903,-600,112
9.9330,1977,1902,-600,112
9.9334,1977,1902,-600,112
9.9338,1977,1902,-600,112
9.9342,1977,1902,-600,112
9.9345,1977,1902,-600,112
9.9349,1977,1901,-600,112
9.9353,1977,1901,-600,112
9.9358,1977,1901,-600,112
9.9362,1977,1901,-600,112
9.9365,1977,1901,-600,112
9.9370,1977,1900,-600,104
9.9373,1977,1900,-600,104
9.9378,1977,1900,-600,104
9.9382,1977,1900,-600,104
9.9386,1977,1900,-600,104
9.9390,1977,1899,-600,104
9.9394,1977,1899,-600,104
9.9398,1977,1899,-600,104
9.9402,1986,1899,-600,104
9.9409,1986,1898,-600,96
9.9413,1986,1898,-600,96
9.9417,1986,1898,-600,96
9.9421,1986,1898,-600,104
9.9426,1986,1898,-600,104
9.9430,1986,1897,-600,96
9.9434,1986,1897,-600,96
9.9438,1986,1897,-600,96
9.9441,1986,1897,-600,96
9.9445,1986,1897,-600,96
9.9449,1986,1896,-600,100
9.9453,1986,1896,-600,100
9.9459,1986,1896,-600,100
9.9463,1986,1896,-600,100
9.9467,1986,1895,-500,92
9.9471,1986,1895,-500,92
9.9475,1986,1895,-500,92
9.9479,1986,1895,-500,92
9.9483,1986,1895,-500,92
9.9487,1986,1895,-500,92
9.9490,1986,1895,-500,100
9.9494,1986,1895,-500,100
9.9498,1986,1894,-500,92
9.9501,1996,1894,-500,92
9.9508,1996,1893,-500,84
9.9512,1996,1893,-500,84
9.9516,1996,1893,-500,84
9.9520,1996,1893,-500,84
9.9523,1996,1893,-500,84
9.9527,1996,1893,-500,84
9.9530,1996,1893,-500,92
9.9534,1996,1893,-500,92
9.9538,1996,1893,-500,92
9.9542,1996,1893,-500,92
9.9546,1996,1893,-500,92
9.9550,1996,1892,-500,84
9.9554,1996,1892,-500,84
9.9558,1996,1892,-500,84
9.9562,1996,1892,-500,84
9.9566,1996,1892,-500,84
9.9570,1996,1891,-500,84
9.9573,1996,1891,-500,84
9.9578,1996,1891,-500,84
9.9582,1996,1891,-500,84
9.9586,1996,1891,-500,84
9.9589,1996,1891,-500,84
9.9593,1996,1891,-500,84
9.9598,1996,1890,-500,76
9.9602,2007,1890,-500,76
9.9609,2007,1890,-500,76
9.9613,2007,1890,-500,76
9.9618,2007,1889,-500,76
9.9622,2007,1889,-500,76
9.9626,2007,1889,-500,76
9.9629,2007,1889,-500,76
9.9633,2007,1889,-500,76
9.9638,2007,1889,-500,76
9.9642,2007,1889,-500,76
9.9646,2007,1889,-500,76
9.9650,2007,1888,-500,64
9.9654,2007,1888,-500,64
9.9658,2007,1888,-500,64
9.9662,2007,1888,-500,64
9.9665,2007,1888,-500,64
9.9669,2007,1887,-400,64
9.9673,2007,1887,-400,64
9.9677,2007,1887,-400,64
9.9681,2007,1887,-400,64
9.9685,2007,1887,-400,64
9.9689,2007,1887,-400,64
9.9693,2007,1887,-400,64
9.9697,2007,1887,-400,64
9.9701,2017,1887,-400,64
9.9709,2017,1886,-400,56
9.9713,2017,1886,-400,56
9.9717,2017,1886,-400,56
9.9721,2017,1886,-400,56
9.9725,2017,1886,-400,56
9.9729,2017,1886,-400,64
9.9733,2017,1886,-400,64
9.9737,2017,1885,-400,56
9.9741,2017,1885,-400,56
9.9745,2017,1885,-400,56
9.9749,2017,1885,-400,56
9.9753,2017,1885,-400,56
9.9757,2017,1885,-400,56
9.9761,2017,1885,-400,56
9.9765,2017,1885,-400,56
9.9769,2017,1885,-400,56
9.9773,2017,1885,-400,56
9.9777,2017,1884,-400,48
9.9781,2017,1884,-400,48
9.9785,2017,1884,-400,48
9.9789,2017,1884,-400,48
9.9793,2017,1884,-400,48
9.9797,2017,1883,-400,40
9.9801,2028,1883,-400,40
9.9809,2028,1883,-400,48
9.9813,2028,1883,-400,48
9.9817,2028,1883,-400,48
9.9821,2028,1883,-400,48
9.9825,2028,1883,-400,48
9.9829,2028,1883,-400,48
9.9833,2028,1883,-400,48
9.9837,2028,1882,-400,40
9.9841,2028,1882,-400,40
9.9845,2028,1882,-400,40
9.9850,2028,1882,-400,44
9.9854,2028,1882,-400,44
9.9858,2028,1882,-400,44
9.9862,2028,1882,-400,44
9.9866,2028,1882,-400,44
9.9869,2028,1882,-250,44
9.9873,2028,1882,-250,44
9.9877,2028,1881,-250,36
9.9880,2028,1881,-250,36
9.9885,2028,1881,-250,36
9.9889,2028,1881,-250,36
9.9893,2028,1881,-250,36
9.9897,2028,1881,-250,36
9.9901,2038,1881,-250,36
9.9908,2038,1881,-250,36
9.9912,2038,1881,-250,36
9.9916,2038,1881,-250,36
9.9920,2038,1881,-250,36
9.9924,2038,1881,-250,36
9.9928,2038,1880,-250,28
9.9931,2038,1880,-250,28
9.9935,2038,1880,-250,28
9.9939,2038,1880,-250,28
9.9943,2038,1880,-250,28
9.9947,2038,1880,-250,28
9.9951,2038,1880,-250,28
9.9955,2038,1880,-250,28
9.9959,2038,1880,-250,28
9.9963,2038,1880,-250,28
9.9967,2038,1880,-250,28
9.9971,2038,1880,-250,28
9.9975,2038,1880,-250,28
9.9979,2038,1880,-250,28
9.9983,2038,1880,-250,28
9.9987,2038,1879,-250,20
9.9990,2038,1879,-250,20
9.9995,2038,1879,-250,20
9.9998,2038,1879,-250,20
