"# servo_id=1 center=2044 amp_deg=15.0 cmd_hz=100.0 acc=0 torque_limit=None note='leg 7.4V no load, reg85=254 (volatile), acc=0' hz=2.0 ratio=0.994 lag_ms=75.6 accel_est=None"
t_s,cmd_cnt,pos_cnt,speed_raw,load_duty_permille
0.0002,2044,2044,0,0
0.0010,2044,2044,0,0
0.0014,2044,2044,0,0
0.0018,2044,2044,0,0
0.0021,2044,2044,0,0
0.0025,2044,2044,0,0
0.0029,2044,2044,0,0
0.0033,2044,2044,0,0
0.0037,2044,2044,0,0
0.0041,2044,2044,0,0
0.0045,2044,2044,0,0
0.0049,2044,2044,0,0
0.0053,2044,2044,0,0
0.0057,2044,2044,0,0
0.0060,2044,2044,0,0
0.0064,2044,2044,0,0
0.0067,2044,2044,0,0
0.0071,2044,2044,0,0
0.0075,2044,2044,0,0
0.0079,2044,2044,0,0
0.0082,2044,2044,0,0
0.0086,2044,2044,0,0
0.0089,2044,2044,0,0
0.0093,2044,2044,0,0
0.0096,2044,2044,0,0
0.0100,2044,2044,0,0
0.0104,2066,2044,0,0
0.0110,2066,2044,0,0
0.0114,2066,2044,0,0
0.0118,2066,2044,0,0
0.0122,2066,2044,0,0
0.0125,2066,2044,0,0
0.0129,2066,2044,0,0
0.0132,2066,2044,0,0
0.0136,2066,2044,0,0
0.0139,2066,2044,0,0
0.0144,2066,2044,0,0
0.0148,2066,2044,0,0
0.0151,2066,2044,0,0
0.0155,2066,2044,0,0
0.0159,2066,2044,0,0
0.0163,2066,2044,0,0
0.0166,2066,2044,0,0
0.0170,2066,2044,0,0
0.0174,2066,2044,0,0
0.0177,2066,2044,0,0
0.0181,2066,2044,0,0
0.0184,2066,2044,0,0
0.0188,2066,2044,0,0
0.0192,2066,2044,0,0
0.0195,2066,2044,0,0
0.0199,2066,2044,0,0
0.0202,2087,2044,0,0
0.0209,2087,2044,0,0
0.0212,2087,2044,0,0
0.0216,2087,2044,0,0
0.0220,2087,2044,0,0
0.0224,2087,2044,0,0
0.0227,2087,2044,0,-24
0.0231,2087,2044,0,-24
0.0235,2087,2044,0,-24
0.0239,2087,2044,0,-24
0.0244,2087,2044,0,-24
0.0248,2087,2044,0,-32
0.0252,2087,2044,0,-32
0.0255,2087,2044,0,-32
0.0259,2087,2044,0,-32
0.0264,2087,2044,0,-32
0.0267,2087,2044,0,-32
0.0271,2087,2044,0,-32
0.0274,2087,2044,0,-32
0.0278,2087,2044,0,-40
0.0282,2087,2044,0,-40
0.0285,2087,2044,0,-40
0.0289,2087,2044,0,-40
0.0293,2087,2044,0,-40
0.0297,2087,2044,0,-48
0.0300,2107,2044,0,-48
0.0307,2107,2044,0,-48
0.0311,2107,2044,0,-48
0.0315,2107,2044,0,-48
0.0319,2107,2044,0,-56
0.0322,2107,2044,0,-56
0.0326,2107,2044,0,-56
0.0330,2107,2044,0,-56
0.0334,2107,2044,0,-56
0.0337,2107,2044,0,-64
0.0341,2107,2044,0,-64
0.0345,2107,2044,0,-64
0.0348,2107,2044,0,-72
0.0352,2107,2044,0,-72
0.0356,2107,2044,0,-72
0.0359,2107,2044,0,-100
0.0363,2107,2044,0,-100
0.0366,2107,2044,0,-108
0.0370,2107,2044,0,-108
0.0374,2107,2044,0,-108
0.0378,2107,2044,0,-116
0.0381,2107,2044,0,-116
0.0385,2107,2044,0,-116
0.0389,2107,2044,0,-124
0.0393,2107,2044,0,-124
0.0396,2107,2044,0,-124
0.0400,2126,2044,0,-124
0.0408,2126,2044,0,-132
0.0411,2126,2044,0,-132
0.0415,2126,2044,0,-132
0.0418,2126,2044,0,-140
0.0422,2126,2044,0,-140
0.0426,2126,2044,0,-148
0.0430,2126,2044,0,-148
0.0434,2126,2044,0,-148
0.0437,2126,2044,0,-156
0.0441,2126,2044,0,-156
0.0445,2126,2044,0,-156
0.0448,2126,2044,0,-156
0.0452,2126,2044,0,-156
0.0455,2126,2044,0,-156
0.0459,2126,2044,0,-164
0.0463,2126,2044,0,-164
0.0466,2126,2045,0,-164
0.0470,2126,2045,0,-164
0.0474,2126,2045,0,-164
0.0477,2126,2045,0,-172
0.0481,2126,2045,0,-172
0.0484,2126,2045,0,-172
0.0488,2126,2045,0,-180
0.0491,2126,2045,0,-180
0.0495,2126,2045,0,-180
0.0498,2126,2045,0,-188
0.0502,2145,2045,0,-188
0.0509,2145,2045,0,-196
0.0512,2145,2045,0,-196
0.0517,2145,2046,0,-196
0.0520,2145,2046,0,-196
0.0524,2145,2046,0,-196
0.0528,2145,2046,0,-204
0.0532,2145,2046,0,-204
0.0535,2145,2047,0,-212
0.0539,2145,2047,0,-212
0.0544,2145,2047,0,-212
0.0548,2145,2047,0,-220
0.0551,2145,2047,0,-220
0.0555,2145,2047,0,-264
0.0559,2145,2047,0,-264
0.0563,2145,2047,0,-264
0.0567,2145,2048,0,-264
0.0571,2145,2048,0,-264
0.0575,2145,2048,0,-264
0.0579,2145,2048,200,-272
0.0582,2145,2048,200,-272
0.0586,2145,2048,200,-288
0.0589,2145,2048,200,-288
0.0594,2145,2048,200,-288
0.0597,2145,2049,200,-288
0.0601,2161,2049,200,-288
0.0608,2161,2049,200,-296
0.0612,2161,2049,200,-296
0.0616,2161,2050,200,-296
0.0619,2161,2050,200,-296
0.0624,2161,2050,200,-296
0.0627,2161,2050,200,-312
0.0631,2161,2050,200,-312
0.0635,2161,2051,200,-312
0.0639,2161,2051,200,-312
0.0642,2161,2051,200,-312
0.0646,2161,2051,200,-328
0.0650,2161,2051,200,-328
0.0654,2161,2051,200,-328
0.0658,2161,2052,200,-328
0.0662,2161,2052,200,-328
0.0665,2161,2053,200,-328
0.0669,2161,2053,200,-328
0.0673,2161,2053,200,-328
0.0677,2161,2053,200,-344
0.0680,2161,2053,200,-344
0.0684,2161,2053,200,-344
0.0688,2161,2054,200,-344
0.0692,2161,2054,200,-344
0.0696,2161,2054,200,-360
0.0699,2161,2054,200,-360
0.0704,2176,2055,200,-360
0.0711,2176,2055,200,-360
0.0715,2176,2056,200,-368
0.0719,2176,2056,200,-368
0.0722,2176,2056,200,-368
0.0726,2176,2057,200,-376
0.0730,2176,2057,200,-376
0.0734,2176,2057,200,-376
0.0738,2176,2057,200,-384
0.0741,2176,2057,200,-384
0.0745,2176,2058,200,-392
0.0749,2176,2058,200,-392
0.0753,2176,2058,200,-392
0.0757,2176,2059,200,-404
0.0760,2176,2059,200,-404
0.0764,2176,2059,200,-404
0.0767,2176,2060,200,-404
0.0771,2176,2060,200,-404
0.0775,2176,2061,650,-412
0.0779,2176,2061,650,-412
0.0782,2176,2061,650,-412
0.0786,2176,2062,650,-420
0.0789,2176,2062,650,-420
0.0794,2176,2062,650,-420
0.0798,2176,2063,650,-428
0.0801,2188,2063,650,-436
0.0808,2188,2063,650,-436
0.0812,2188,2063,650,-436
0.0816,2188,2064,650,-444
0.0820,2188,2064,650,-444
0.0824,2188,2064,650,-444
0.0827,2188,2065,650,-452
0.0831,2188,2065,650,-452
0.0835,2188,2066,650,-460
0.0839,2188,2066,650,-460
0.0842,2188,2066,650,-460
0.0846,2188,2067,650,-468
0.0850,2188,2067,650,-468
0.0854,2188,2068,650,-476
0.0858,2188,2068,650,-476
0.0861,2188,2068,650,-476
0.0865,2188,2069,650,-484
0.0869,2188,2069,650,-484
0.0872,2188,2069,650,-484
0.0876,2188,2070,650,-492
0.0879,2188,2070,650,-492
0.0884,2188,2071,650,-492
0.0887,2188,2071,650,-492
0.0891,2188,2071,650,-492
0.0895,2188,2072,650,-500
0.0899,2188,2072,650,-500
0.0902,2199,2074,650,-500
0.0910,2199,2074,650,-500
0.0914,2199,2075,650,-508
0.0917,2199,2075,650,-508
0.0921,2199,2075,650,-508
0.0924,2199,2076,650,-516
0.0928,2199,2076,650,-516
0.0932,2199,2076,650,-516
0.0936,2199,2077,650,-524
0.0940,2199,2077,650,-524
0.0944,2199,2078,650,-524
0.0948,2199,2078,650,-524
0.0951,2199,2078,650,-524
0.0955,2199,2080,650,-516
0.0959,2199,2080,650,-516
0.0963,2199,2080,650,-516
0.0967,2199,2081,650,-524
0.0971,2199,2081,650,-524
0.0975,2199,2082,1050,-532
0.0979,2199,2082,1050,-532
0.0983,2199,2082,1050,-532
0.0987,2199,2084,1050,-532
0.0990,2199,2084,1050,-532
0.0994,2199,2085,1050,-532
0.0998,2199,2085,1050,-532
0.1001,2206,2086,1050,-540
0.1008,2206,2086,1050,-540
0.1012,2206,2086,1050,-540
0.1015,2206,2088,1050,-540
0.1019,2206,2088,1050,-540
0.1022,2206,2088,1050,-540
0.1026,2206,2089,1050,-540
0.1030,2206,2089,1050,-540
0.1034,2206,2090,1050,-548
0.1037,2206,2090,1050,-548
0.1041,2206,2090,1050,-548
0.1045,2206,2092,1050,-548
0.1048,2206,2092,1050,-548
0.1052,2206,2092,1050,-548
0.1056,2206,2093,1050,-556
0.1060,2206,2093,1050,-556
0.1064,2206,2094,1050,-556
0.1068,2206,2094,1050,-556
0.1072,2206,2094,1050,-556
0.1076,2206,2096,1050,-556
0.1080,2206,2096,1050,-556
0.1084,2206,2098,1050,-548
0.1088,2206,2098,1050,-548
0.1092,2206,2098,1050,-548
0.1095,2206,2099,1050,-556
0.1099,2206,2099,1050,-556
0.1104,2212,2101,1050,-556
0.1110,2212,2101,1050,-556
0.1114,2212,2102,1050,-556
0.1118,2212,2102,1050,-556
0.1121,2212,2102,1050,-556
0.1125,2212,2104,1050,-556
0.1129,2212,2104,1050,-556
0.1132,2212,2105,1050,-556
0.1137,2212,2105,1050,-556
0.1140,2212,2105,1050,-556
0.1144,2212,2107,1050,-556
0.1148,2212,2107,1050,-556
0.1152,2212,2107,1050,-556
0.1156,2212,2109,1050,-504
0.1159,2212,2109,1050,-504
0.1164,2212,2111,1050,-504
0.1168,2212,2111,1050,-504
0.1171,2212,2111,1050,-504
0.1175,2212,2112,1500,-504
0.1179,2212,2112,1500,-504
0.1182,2212,2113,1500,-512
0.1186,2212,2113,1500,-512
0.1190,2212,2113,1500,-512
0.1194,2212,2115,1500,-504
0.1198,2212,2115,1500,-504
0.1202,2214,2117,1500,-504
0.1209,2214,2117,1500,-504
0.1212,2214,2118,1500,-504
0.1217,2214,2118,1500,-504
0.1220,2214,2118,1500,-504
0.1224,2214,2120,1500,-496
0.1228,2214,2120,1500,-496
0.1232,2214,2122,1500,-496
0.1236,2214,2122,1500,-496
0.1240,2214,2122,1500,-496
0.1244,2214,2123,1500,-496
0.1248,2214,2123,1500,-496
0.1251,2214,2123,1500,-496
0.1255,2214,2125,1500,-488
0.1259,2214,2125,1500,-488
0.1263,2214,2126,1500,-488
0.1266,2214,2126,1500,-488
0.1270,2214,2126,1500,-488
0.1274,2214,2128,1500,-488
0.1278,2214,2128,1500,-488
0.1282,2214,2128,1500,-480
0.1285,2214,2130,1500,-480
0.1289,2214,2130,1500,-480
0.1292,2214,2132,1500,-472
0.1296,2214,2132,1500,-472
0.1300,2214,2133,1500,-472
0.1308,2214,2133,1500,-472
0.1311,2214,2135,1500,-464
0.1315,2214,2135,1500,-464
0.1319,2214,2135,1500,-464
0.1323,2214,2137,1500,-456
0.1327,2214,2137,1500,-456
0.1330,2214,2137,1500,-456
0.1334,2214,2139,1500,-448
0.1338,2214,2139,1500,-448
0.1341,2214,2140,1500,-456
0.1345,2214,2140,1500,-456
0.1349,2214,2140,1500,-456
0.1353,2214,2142,1500,-404
0.1356,2214,2142,1500,-404
0.1360,2214,2142,1500,-404
0.1364,2214,2144,1500,-396
0.1368,2214,2144,1500,-396
0.1371,2214,2145,1650,-388
0.1375,2214,2145,1650,-388
0.1379,2214,2145,1650,-388
0.1383,2214,2147,1650,-380
0.1386,2214,2147,1650,-380
0.1390,2214,2147,1650,-380
0.1394,2214,2149,1650,-372
0.1398,2214,2149,1650,-372
0.1402,2212,2151,1650,-364
0.1409,2212,2151,1650,-364
0.1413,2212,2153,1650,-356
0.1416,2212,2153,1650,-356
0.1420,2212,2153,1650,-356
0.1424,2212,2154,1650,-356
0.1428,2212,2154,1650,-356
0.1432,2212,2156,1650,-348
0.1435,2212,2156,1650,-348
0.1439,2212,2156,1650,-348
0.1443,2212,2157,1650,-348
0.1446,2212,2157,1650,-348
0.1450,2212,2157,1650,-348
0.1454,2212,2159,1650,-332
0.1458,2212,2159,1650,-332
0.1461,2212,2161,1650,-324
0.1465,2212,2161,1650,-324
0.1469,2212,2161,1650,-324
0.1473,2212,2162,1650,-324
0.1477,2212,2162,1650,-324
0.1481,2212,2163,1650,-316
0.1484,2212,2163,1650,-316
0.1488,2212,2163,1650,-316
0.1491,2212,2165,1650,-308
0.1495,2212,2165,1650,-308
0.1499,2212,2165,1650,-308
0.1502,2206,2166,1650,-308
0.1509,2206,2166,1650,-308
0.1514,2206,2168,1650,-292
0.1517,2206,2168,1650,-292
0.1521,2206,2169,1650,-292
0.1525,2206,2169,1650,-292
0.1529,2206,2169,1650,-292
0.1533,2206,2171,1650,-276
0.1536,2206,2171,1650,-276
0.1540,2206,2171,1650,-276
0.1544,2206,2173,1650,-268
0.1548,2206,2173,1650,-268
0.1551,2206,2174,1650,-228
0.1555,2206,2174,1650,-228
0.1559,2206,2174,1650,-228
0.1562,2206,2176,1650,-212
0.1566,2206,2176,1650,-212
0.1570,2206,2176,1650,-212
0.1574,2206,2177,1600,-204
0.1578,2206,2177,1600,-204
0.1581,2206,2178,1600,-204
0.1585,2206,2178,1600,-204
0.1589,2206,2178,1600,-204
0.1592,2206,2180,1600,-188
0.1596,2206,2180,1600,-188
0.1600,2198,2181,1600,-188
0.1608,2198,2181,1600,-188
0.1612,2198,2182,1600,-180
0.1615,2198,2182,1600,-180
0.1619,2198,2182,1600,-180
0.1624,2198,2184,1600,-164
0.1628,2198,2184,1600,-164
0.1632,2198,2185,1600,-164
0.1636,2198,2185,1600,-164
0.1639,2198,2185,1600,-164
0.1644,2198,2186,1600,-156
0.1648,2198,2186,1600,-156
0.1652,2198,2188,1600,-140
0.1655,2198,2188,1600,-140
0.1659,2198,2188,1600,-140
0.1663,2198,2189,1600,-132
0.1667,2198,2189,1600,-132
0.1670,2198,2190,1600,-132
0.1674,2198,2190,1600,-132
0.1677,2198,2190,1600,-132
0.1681,2198,2191,1600,-124
0.1685,2198,2191,1600,-124
0.1689,2198,2191,1600,-124
0.1693,2198,2192,1600,-116
0.1696,2198,2192,1600,-116
0.1700,2188,2193,1600,-108
0.1708,2188,2193,1600,-108
0.1711,2188,2194,1600,-100
0.1715,2188,2194,1600,-100
0.1719,2188,2196,1600,-84
0.1724,2188,2196,1600,-84
0.1728,2188,2196,1600,-84
0.1732,2188,2197,1600,-76
0.1736,2188,2197,1600,-76
0.1739,2188,2198,1600,-68
0.1744,2188,2198,1600,-68
0.1748,2188,2198,1600,-68
0.1752,2188,2199,1600,-44
0.1756,2188,2199,1600,-44
0.1760,2188,2200,1600,-36
0.1764,2188,2200,1600,-36
0.1768,2188,2200,1600,-36
0.1771,2188,2201,1200,-28
0.1775,2188,2201,1200,-28
0.1779,2188,2201,1200,-28
0.1783,2188,2202,1200,-20
0.1787,2188,2202,1200,-20
0.1791,2188,2203,1200,20
0.1794,2188,2203,1200,20
0.1798,2188,2203,1200,20
0.1802,2175,2204,1200,36
0.1809,2175,2204,1200,36
0.1814,2175,2204,1200,36
0.1817,2175,2204,1200,36
0.1821,2175,2205,1200,44
0.1825,2175,2205,1200,44
0.1829,2175,2206,1200,52
0.1833,2175,2206,1200,52
0.1837,2175,2206,1200,52
0.1841,2175,2206,1200,60
0.1845,2175,2206,1200,60
0.1848,2175,2206,1200,60
0.1852,2175,2207,1200,68
0.1857,2175,2207,1200,68
0.1860,2175,2208,1200,76
0.1864,2175,2208,1200,76
0.1868,2175,2208,1200,76
0.1872,2175,2208,1200,84
0.1875,2175,2208,1200,84
0.1879,2175,2209,1200,92
0.1883,2175,2209,1200,92
0.1887,2175,2209,1200,92
0.1890,2175,2209,1200,100
0.1894,2175,2209,1200,100
0.1898,2175,2209,1200,100
0.1902,2161,2210,1200,100
0.1909,2161,2210,1200,100
0.1913,2161,2210,1200,100
0.1917,2161,2210,1200,100
0.1921,2161,2211,1200,108
0.1925,2161,2211,1200,108
0.1929,2161,2211,1200,116
0.1933,2161,2211,1200,116
0.1936,2161,2211,1200,116
0.1940,2161,2211,1200,116
0.1944,2161,2211,1200,116
0.1948,2161,2211,1200,116
0.1952,2161,2212,1200,120
0.1955,2161,2212,1200,120
0.1959,2161,2212,1200,120
0.1963,2161,2212,1200,120
0.1967,2161,2212,1200,120
0.1971,2161,2212,550,128
0.1975,2161,2212,550,128
0.1978,2161,2212,550,136
0.1982,2161,2212,550,136
0.1986,2161,2212,550,136
0.1990,2161,2212,550,136
0.1994,2161,2212,550,136
0.1998,2161,2212,550,136
0.2002,2144,2212,550,144
0.2009,2144,2213,550,160
0.2013,2144,2213,550,160
0.2017,2144,2213,550,160
0.2020,2144,2213,550,168
0.2024,2144,2213,550,168
0.2029,2144,2213,550,168
0.2032,2144,2213,550,168
0.2036,2144,2213,550,168
0.2040,2144,2213,550,176
0.2044,2144,2213,550,176
0.2048,2144,2213,550,176
0.2051,2144,2213,550,184
0.2055,2144,2213,550,184
0.2059,2144,2213,550,192
0.2062,2144,2213,550,192
0.2066,2144,2213,550,192
0.2070,2144,2213,550,200
0.2074,2144,2213,550,200
0.2078,2144,2213,550,200
0.2081,2144,2213,550,208
0.2085,2144,2213,550,208
0.2089,2144,2213,550,216
0.2092,2144,2213,550,216
0.2096,2144,2213,550,216
0.2100,2144,2213,550,224
0.2104,2125,2213,550,224
0.2111,2125,2213,550,232
0.2115,2125,2213,550,232
0.2119,2125,2213,550,240
0.2123,2125,2213,550,240
0.2126,2125,2213,550,240
0.2130,2125,2213,550,248
0.2134,2125,2213,550,248
0.2138,2125,2213,550,256
0.2141,2125,2213,550,256
0.2145,2125,2213,550,256
0.2149,2125,2213,550,264
0.2152,2125,2213,550,264
0.2156,2125,2213,550,264
0.2159,2125,2213,550,272
0.2164,2125,2213,550,272
0.2167,2125,2213,50,280
0.2171,2125,2213,50,280
0.2175,2125,2213,50,280
0.2179,2125,2213,50,288
0.2183,2125,2213,50,288
0.2187,2125,2213,50,288
0.2190,2125,2213,50,296
0.2194,2125,2213,50,296
0.2198,2125,2213,50,312
0.2202,2106,2213,50,312
0.2209,2106,2212,50,312
0.2213,2106,2212,50,312
0.2217,2106,2212,50,320
0.2221,2106,2212,50,320
0.2225,2106,2212,50,320
0.2229,2106,2211,50,320
0.2233,2106,2211,50,320
0.2237,2106,2211,50,320
0.2240,2106,2210,50,328
0.2244,2106,2210,50,328
0.2248,2106,2210,50,336
0.2252,2106,2210,50,336
0.2256,2106,2210,50,336
0.2260,2106,2209,50,336
0.2264,2106,2209,50,336
0.2268,2106,2209,50,352
0.2272,2106,2209,50,352
0.2276,2106,2209,50,352
0.2279,2106,2208,50,352
0.2283,2106,2208,50,352
0.2287,2106,2208,50,352
0.2290,2106,2207,50,360
0.2294,2106,2207,50,360
0.2297,2106,2207,50,368
0.2301,2086,2207,50,368
0.2308,2086,2206,50,376
0.2312,2086,2206,50,376
0.2316,2086,2206,50,376
0.2320,2086,2205,50,376
0.2324,2086,2205,50,376
0.2328,2086,2205,50,392
0.2333,2086,2205,50,392
0.2336,2086,2205,50,392
0.2340,2086,2204,50,392
0.2344,2086,2204,50,392
0.2348,2086,2203,50,396
0.2352,2086,2203,50,396
0.2356,2086,2203,50,396
0.2360,2086,2202,50,404
0.2364,2086,2202,50,404
0.2368,2086,2201,-600,404
0.2372,2086,2201,-600,404
0.2375,2086,2201,-600,404
0.2379,2086,2200,-600,412
0.2383,2086,2200,-600,412
0.2386,2086,2199,-600,420
0.2390,2086,2199,-600,420
0.2394,2086,2199,-600,420
0.2397,2086,2198,-600,420
0.2401,2065,2198,-600,420
0.2408,2065,2198,-600,436
0.2412,2065,2198,-600,436
0.2415,2065,2198,-600,436
0.2419,2065,2197,-600,444
0.2423,2065,2197,-600,444
0.2427,2065,2196,-600,452
0.2431,2065,2196,-600,452
0.2434,2065,2196,-600,452
0.2438,2065,2195,-600,452
0.2442,2065,2195,-600,452
0.2446,2065,2195,-600,452
0.2450,2065,2194,-600,460
0.2454,2065,2194,-600,460
0.2458,2065,2193,-600,468
0.2462,2065,2193,-600,468
0.2465,2065,2193,-600,468
0.2469,2065,2192,-600,476
0.2474,2065,2192,-600,476
0.2478,2065,2191,-600,484
0.2482,2065,2191,-600,484
0.2486,2065,2191,-600,484
0.2490,2065,2190,-600,492
0.2494,2065,2190,-600,492
0.2498,2065,2188,-600,492
0.2501,2044,2188,-600,492
0.2508,2044,2187,-600,500
0.2512,2044,2187,-600,500
0.2515,2044,2187,-600,500
0.2519,2044,2186,-600,508
0.2524,2044,2186,-600,508
0.2528,2044,2185,-600,516
0.2532,2044,2185,-600,516
0.2536,2044,2184,-600,524
0.2539,2044,2184,-600,524
0.2544,2044,2184,-600,524
0.2547,2044,2183,-600,532
0.2551,2044,2183,-600,532
0.2555,2044,2183,-600,532
0.2559,2044,2181,-600,532
0.2563,2044,2181,-600,532
0.2567,2044,2180,-1050,540
0.2570,2044,2180,-1050,540
0.2574,2044,2180,-1050,540
0.2578,2044,2178,-1050,540
0.2582,2044,2178,-1050,540
0.2585,2044,2177,-1050,548
0.2589,2044,2177,-1050,548
0.2594,2044,2177,-1050,548
0.2598,2044,2176,-1050,556
0.2602,2022,2175,-1050,564
0.2610,2022,2175,-1050,564
0.2614,2022,2175,-1050,564
0.2618,2022,2173,-1050,564
0.2622,2022,2173,-1050,564
0.2626,2022,2172,-1050,572
0.2630,2022,2172,-1050,572
0.2634,2022,2172,-1050,572
0.2637,2022,2170,-1050,572
0.2642,2022,2170,-1050,572
0.2645,2022,2169,-1050,580
0.2649,2022,2169,-1050,580
0.2654,2022,2169,-1050,580
0.2657,2022,2168,-1050,588
0.2661,2022,2168,-1050,588
0.2665,2022,2166,-1050,588
0.2669,2022,2166,-1050,588
0.2673,2022,2166,-1050,588
0.2677,2022,2164,-1050,588
0.2681,2022,2164,-1050,588
0.2685,2022,2163,-1050,596
0.2689,2022,2163,-1050,596
0.2692,2022,2163,-1050,596
0.2696,2022,2161,-1050,596
0.2700,2001,2161,-1050,596
0.2708,2001,2160,-1050,604
0.2711,2001,2160,-1050,604
0.2715,2001,2158,-1050,604
0.2719,2001,2158,-1050,604
0.2722,2001,2158,-1050,604
0.2727,2001,2157,-1050,612
0.2730,2001,2157,-1050,612
0.2734,2001,2155,-1050,612
0.2738,2001,2155,-1050,612
0.2742,2001,2155,-1050,612
0.2746,2001,2153,-1050,584
0.2750,2001,2153,-1050,584
0.2754,2001,2153,-1050,584
0.2757,2001,2151,-1050,584
0.2761,2001,2151,-1050,584
0.2764,2001,2150,-1500,592
0.2768,2001,2150,-1500,592
0.2772,2001,2150,-1500,592
0.2776,2001,2148,-1500,592
0.2780,2001,2148,-1500,592
0.2784,2001,2148,-1500,592
0.2788,2001,2146,-1500,592
0.2791,2001,2146,-1500,592
0.2795,2001,2145,-1500,600
0.2799,2001,2145,-1500,600
0.2803,1981,2143,-1500,600
0.2810,1981,2143,-1500,600
0.2814,1981,2143,-1500,600
0.2818,1981,2141,-1500,600
0.2821,1981,2141,-1500,600
0.2825,1981,2139,-1500,600
0.2829,1981,2139,-1500,600
0.2832,1981,2139,-1500,600
0.2837,1981,2137,-1500,600
0.2840,1981,2137,-1500,600
0.2844,1981,2136,-1500,608
0.2848,1981,2136,-1500,608
0.2852,1981,2136,-1500,608
0.2856,1981,2134,-1500,608
0.2859,1981,2134,-1500,608
0.2864,1981,2134,-1500,608
0.2867,1981,2132,-1500,608
0.2871,1981,2132,-1500,608
0.2875,1981,2130,-1500,608
0.2879,1981,2130,-1500,608
0.2883,1981,2130,-1500,608
0.2887,1981,2128,-1500,608
0.2891,1981,2128,-1500,608
0.2895,1981,2126,-1500,608
0.2899,1981,2126,-1500,608
0.2903,1961,2125,-1500,616
0.2910,1961,2125,-1500,616
0.2914,1961,2123,-1500,616
0.2918,1961,2123,-1500,616
0.2922,1961,2123,-1500,616
0.2926,1961,2121,-1500,616
0.2930,1961,2121,-1500,616
0.2934,1961,2119,-1500,616
0.2938,1961,2119,-1500,616
0.2941,1961,2119,-1500,616
0.2945,1961,2117,-1500,592
0.2948,1961,2117,-1500,592
0.2952,1961,2117,-1500,592
0.2956,1961,2115,-1500,592
0.2960,1961,2115,-1500,592
0.2964,1961,2113,-1850,592
0.2967,1961,2113,-1850,592
0.2971,1961,2113,-1850,592
0.2974,1961,2111,-1850,600
0.2978,1961,2111,-1850,600
0.2982,1961,2111,-1850,600
0.2986,1961,2109,-1850,600
0.2990,1961,2109,-1850,600
0.2994,1961,2107,-1850,600
0.2998,1961,2107,-1850,600
0.3002,1943,2105,-1850,592
0.3009,1943,2105,-1850,592
0.3012,1943,2105,-1850,592
0.3017,1943,2103,-1850,592
0.3020,1943,2103,-1850,592
0.3024,1943,2101,-1850,592
0.3028,1943,2101,-1850,592
0.3032,1943,2101,-1850,592
0.3035,1943,2099,-1850,592
0.3039,1943,2099,-1850,592
0.3043,1943,2097,-1850,600
0.3047,1943,2097,-1850,600
0.3050,1943,2097,-1850,600
0.3054,1943,2095,-1850,600
0.3058,1943,2095,-1850,600
0.3062,1943,2095,-1850,600
0.3066,1943,2093,-1850,600
0.3069,1943,2093,-1850,600
0.3073,1943,2092,-1850,608
0.3077,1943,2092,-1850,608
0.3080,1943,2092,-1850,608
0.3084,1943,2090,-1850,608
0.3088,1943,2090,-1850,608
0.3092,1943,2090,-1850,608
0.3096,1943,2087,-1850,600
0.3100,1943,2087,-1850,600
0.3104,1927,2085,-1850,600
0.3111,1927,2085,-1850,600
0.3114,1927,2083,-1850,600
0.3118,1927,2083,-1850,600
0.3122,1927,2083,-1850,600
0.3126,1927,2081,-1850,600
0.3130,1927,2081,-1850,600
0.3134,1927,2079,-1850,600
0.3138,1927,2079,-1850,600
0.3142,1927,2079,-1850,600
0.3145,1927,2077,-1850,588
0.3149,1927,2077,-1850,588
0.3154,1927,2076,-1850,596
0.3158,1927,2076,-1850,596
0.3162,1927,2076,-1850,596
0.3166,1927,2073,-2000,588
0.3169,1927,2073,-2000,588
0.3173,1927,2071,-2000,588
0.3178,1927,2071,-2000,588
0.3181,1927,2071,-2000,588
0.3185,1927,2069,-2000,588
0.3189,1927,2069,-2000,588
0.3193,1927,2067,-2000,588
0.3196,1927,2067,-2000,588
0.3200,1912,2065,-2000,588
0.3208,1912,2065,-2000,588
0.3212,1912,2065,-2000,588
0.3215,1912,2063,-2000,580
0.3219,1912,2063,-2000,580
0.3223,1912,2061,-2000,580
0.3227,1912,2061,-2000,580
0.3230,1912,2061,-2000,580
0.3234,1912,2059,-2000,580
0.3238,1912,2059,-2000,580
0.3241,1912,2059,-2000,580
0.3245,1912,2057,-2000,580
0.3249,1912,2057,-2000,580
0.3253,1912,2055,-2000,580
0.3257,1912,2055,-2000,580
0.3261,1912,2055,-2000,580
0.3264,1912,2053,-2000,580
0.3268,1912,2053,-2000,580
0.3272,1912,2053,-2000,580
0.3276,1912,2051,-2000,580
0.3279,1912,2051,-2000,580
0.3283,1912,2049,-2000,580
0.3287,1912,2049,-2000,580
0.3291,1912,2049,-2000,580
0.3295,1912,2047,-2000,580
0.3299,1912,2047,-2000,580
0.3302,1900,2045,-2000,580
0.3310,1900,2045,-2000,580
0.3314,1900,2043,-2000,572
0.3317,1900,2043,-2000,572
0.3321,1900,2043,-2000,572
0.3325,1900,2041,-2000,572
0.3329,1900,2041,-2000,572
0.3333,1900,2038,-2000,564
0.3337,1900,2038,-2000,564
0.3341,1900,2038,-2000,564
0.3345,1900,2036,-2000,548
0.3348,1900,2036,-2000,548
0.3352,1900,2034,-2000,548
0.3355,1900,2034,-2000,548
0.3359,1900,2034,-2000,548
0.3362,1900,2032,-2050,548
0.3367,1900,2032,-2050,548
0.3370,1900,2032,-2050,548
0.3374,1900,2030,-2050,548
0.3378,1900,2030,-2050,548
0.3382,1900,2028,-2050,540
0.3386,1900,2028,-2050,540
0.3390,1900,2028,-2050,540
0.3394,1900,2026,-2050,540
0.3397,1900,2026,-2050,540
0.3401,1889,2024,-2050,540
0.3408,1889,2024,-2050,540
0.3412,1889,2022,-2050,540
0.3417,1889,2022,-2050,540
0.3420,1889,2022,-2050,540
0.3424,1889,2020,-2050,532
0.3428,1889,2020,-2050,532
0.3431,1889,2018,-2050,532
0.3435,1889,2018,-2050,532
0.3439,1889,2018,-2050,532
0.3443,1889,2016,-2050,532
0.3447,1889,2016,-2050,532
0.3450,1889,2016,-2050,532
0.3454,1889,2014,-2050,532
0.3458,1889,2014,-2050,532
0.3462,1889,2012,-2050,532
0.3466,1889,2012,-2050,532
0.3470,1889,2012,-2050,532
0.3474,1889,2010,-2050,524
0.3478,1889,2010,-2050,524
0.3482,1889,2008,-2050,524
0.3485,1889,2008,-2050,524
0.3489,1889,2008,-2050,524
0.3493,1889,2006,-2050,524
0.3497,1889,2006,-2050,524
0.3500,1882,2004,-2050,516
0.3507,1882,2004,-2050,516
0.3511,1882,2002,-2050,516
0.3515,1882,2002,-2050,516
0.3519,1882,2002,-2050,516
0.3523,1882,2000,-2050,516
0.3527,1882,2000,-2050,516
0.3531,1882,1998,-2050,508
0.3534,1882,1998,-2050,508
0.3538,1882,1998,-2050,508
0.3542,1882,1996,-2050,500
0.3545,1882,1996,-2050,500
0.3549,1882,1996,-2050,500
0.3553,1882,1994,-2050,500
0.3557,1882,1994,-2050,500
0.3561,1882,1992,-2000,492
0.3564,1882,1992,-2000,492
0.3568,1882,1992,-2000,492
0.3572,1882,1990,-2000,492
0.3575,1882,1990,-2000,492
0.3579,1882,1990,-2000,492
0.3583,1882,1988,-2000,484
0.3587,1882,1988,-2000,484
0.3591,1882,1986,-2000,484
0.3595,1882,1986,-2000,484
0.3598,1882,1986,-2000,484
0.3602,1876,1985,-2000,484
0.3609,1876,1985,-2000,484
0.3612,1876,1983,-2000,484
0.3617,1876,1983,-2000,484
0.3620,1876,1981,-2000,484
0.3624,1876,1981,-2000,484
0.3628,1876,1981,-2000,484
0.3632,1876,1979,-2000,476
0.3637,1876,1979,-2000,476
0.3641,1876,1978,-2000,484
0.3645,1876,1978,-2000,484
0.3648,1876,1978,-2000,484
0.3652,1876,1976,-2000,476
0.3655,1876,1976,-2000,476
0.3659,1876,1976,-2000,476
0.3662,1876,1973,-2000,460
0.3666,1876,1973,-2000,460
0.3670,1876,1973,-2000,460
0.3674,1876,1971,-2000,460
0.3677,1876,1971,-2000,460
0.3681,1876,1969,-2000,452
0.3684,1876,1969,-2000,452
0.3688,1876,1969,-2000,452
0.3691,1876,1968,-2000,460
0.3695,1876,1968,-2000,460
0.3698,1876,1968,-2000,460
0.3702,1874,1966,-2000,452
0.3708,1874,1966,-2000,452
0.3712,1874,1964,-2000,444
0.3716,1874,1964,-2000,444
0.3720,1874,1962,-2000,444
0.3724,1874,1962,-2000,444
0.3728,1874,1962,-2000,444
0.3731,1874,1960,-2000,436
0.3735,1874,1960,-2000,436
0.3739,1874,1960,-2000,436
0.3743,1874,1959,-2000,424
0.3747,1874,1959,-2000,424
0.3750,1874,1957,-2000,416
0.3754,1874,1957,-2000,416
0.3758,1874,1957,-2000,416
0.3762,1874,1955,-1850,416
0.3767,1874,1955,-1850,416
0.3770,1874,1953,-1850,408
0.3774,1874,1953,-1850,408
0.3778,1874,1953,-1850,408
0.3782,1874,1951,-1850,400
0.3786,1874,1951,-1850,400
0.3789,1874,1951,-1850,400
0.3793,1874,1949,-1850,392
0.3796,1874,1949,-1850,392
0.3800,1874,1948,-1850,392
0.3804,1874,1948,-1850,392
0.3811,1874,1946,-1850,384
0.3814,1874,1946,-1850,384
0.3818,1874,1946,-1850,384
0.3821,1874,1944,-1850,376
0.3825,1874,1944,-1850,376
0.3828,1874,1944,-1850,376
0.3832,1874,1942,-1850,368
0.3836,1874,1942,-1850,368
0.3839,1874,1941,-1850,368
0.3843,1874,1941,-1850,368
0.3847,1874,1941,-1850,368
0.3850,1874,1939,-1850,360
0.3854,1874,1939,-1850,360
0.3858,1874,1939,-1850,360
0.3862,1874,1937,-1850,352
0.3866,1874,1937,-1850,352
0.3869,1874,1936,-1850,352
0.3873,1874,1936,-1850,352
0.3877,1874,1936,-1850,352
0.3881,1874,1934,-1850,344
0.3884,1874,1934,-1850,344
0.3888,1874,1934,-1850,344
0.3891,1874,1932,-1850,336
0.3895,1874,1932,-1850,336
0.3899,1874,1931,-1850,336
0.3903,1876,1931,-1850,336
0.3910,1876,1929,-1850,320
0.3914,1876,1929,-1850,320
0.3917,1876,1929,-1850,320
0.3921,1876,1927,-1850,312
0.3925,1876,1927,-1850,312
0.3928,1876,1927,-1850,312
0.3932,1876,1926,-1850,312
0.3936,1876,1926,-1850,312
0.3940,1876,1924,-1850,276
0.3944,1876,1924,-1850,276
0.3948,1876,1924,-1850,276
0.3951,1876,1923,-1850,268
0.3955,1876,1923,-1850,268
0.3959,1876,1921,-1700,260
0.3963,1876,1921,-1700,260
0.3967,1876,1921,-1700,260
0.3970,1876,1920,-1700,260
0.3974,1876,1920,-1700,260
0.3978,1876,1918,-1700,244
0.3982,1876,1918,-1700,244
0.3986,1876,1918,-1700,244
0.3990,1876,1917,-1700,244
0.3994,1876,1917,-1700,244
0.3998,1876,1917,-1700,244
0.4002,1882,1915,-1700,236
0.4009,1882,1914,-1700,228
0.4013,1882,1914,-1700,228
0.4017,1882,1914,-1700,228
0.4021,1882,1912,-1700,220
0.4025,1882,1912,-1700,220
0.4029,1882,1911,-1700,212
0.4032,1882,1911,-1700,212
0.4037,1882,1911,-1700,212
0.4040,1882,1910,-1700,212
0.4044,1882,1910,-1700,212
0.4048,1882,1908,-1700,196
0.4052,1882,1908,-1700,196
0.4056,1882,1908,-1700,196
0.4060,1882,1907,-1700,196
0.4064,1882,1907,-1700,196
0.4068,1882,1906,-1700,188
0.4072,1882,1906,-1700,188
0.4075,1882,1906,-1700,188
0.4079,1882,1904,-1700,172
0.4083,1882,1904,-1700,172
0.4087,1882,1904,-1700,172
0.4090,1882,1903,-1700,172
0.4094,1882,1903,-1700,172
0.4098,1882,1902,-1700,164
0.4102,1890,1902,-1700,164
0.4109,1890,1900,-1700,148
0.4114,1890,1900,-1700,148
0.4118,1890,1899,-1700,148
0.4122,1890,1899,-1700,148
0.4125,1890,1899,-1700,148
0.4129,1890,1898,-1700,140
0.4133,1890,1898,-1700,140
0.4137,1890,1898,-1700,140
0.4140,1890,1897,-1700,120
0.4144,1890,1897,-1700,120
0.4148,1890,1896,-1700,112
0.4152,1890,1896,-1700,112
0.4156,1890,1896,-1700,112
0.4160,1890,1894,-1350,96
0.4164,1890,1894,-1350,96
0.4167,1890,1893,-1350,96
0.4171,1890,1893,-1350,96
0.4175,1890,1893,-1350,96
0.4179,1890,1893,-1350,96
0.4183,1890,1893,-1350,96
0.4187,1890,1893,-1350,96
0.4190,1890,1892,-1350,88
0.4194,1890,1892,-1350,88
0.4198,1890,1890,-1350,72
0.4202,1900,1890,-1350,72
0.4209,1900,1889,-1350,64
0.4213,1900,1889,-1350,64
0.4217,1900,1889,-1350,64
0.4220,1900,1888,-1350,56
0.4224,1900,1888,-1350,56
0.4227,1900,1887,-1350,48
0.4231,1900,1887,-1350,48
0.4235,1900,1887,-1350,48
0.4239,1900,1887,-1350,48
0.4243,1900,1887,-1350,48
0.4247,1900,1887,-1350,48
0.4250,1900,1886,-1350,40
0.4254,1900,1886,-1350,40
0.4258,1900,1885,-1350,24
0.4262,1900,1885,-1350,24
0.4266,1900,1885,-1350,24
0.4269,1900,1884,-1350,0
0.4274,1900,1884,-1350,0
0.4278,1900,1883,-1350,-24
0.4282,1900,1883,-1350,-24
0.4285,1900,1883,-1350,-24
0.4289,1900,1883,-1350,-24
0.4294,1900,1883,-1350,-24
0.4298,1900,1882,-1350,-32
0.4301,1913,1882,-1350,-32
0.4309,1913,1881,-1350,-48
0.4312,1913,1881,-1350,-48
0.4317,1913,1880,-1350,-56
0.4320,1913,1880,-1350,-56
0.4324,1913,1880,-1350,-56
0.4328,1913,1880,-1350,-56
0.4332,1913,1880,-1350,-56
0.4335,1913,1880,-1350,-56
0.4339,1913,1879,-1350,-80
0.4343,1913,1879,-1350,-80
0.4347,1913,1879,-1350,-80
0.4351,1913,1879,-1350,-80
0.4355,1913,1879,-1350,-80
0.4359,1913,1878,-800,-96
0.4362,1913,1878,-800,-96
0.4366,1913,1878,-800,-96
0.4370,1913,1878,-800,-96
0.4374,1913,1878,-800,-96
0.4378,1913,1877,-800,-96
0.4382,1913,1877,-800,-96
0.4385,1913,1877,-800,-96
0.4389,1913,1877,-800,-96
0.4393,1913,1877,-800,-96
0.4396,1913,1876,-800,-104
0.4400,1927,1876,-800,-104
0.4407,1927,1876,-800,-112
0.4411,1927,1876,-800,-112
0.4415,1927,1876,-800,-112
0.4419,1927,1875,-800,-120
0.4423,1927,1875,-800,-120
0.4427,1927,1875,-800,-128
0.4430,1927,1875,-800,-128
0.4434,1927,1875,-800,-128
0.4438,1927,1875,-800,-136
0.4441,1927,1875,-800,-136
0.4445,1927,1875,-800,-136
0.4448,1927,1874,-800,-144
0.4452,1927,1874,-800,-144
0.4455,1927,1874,-800,-144
0.4459,1927,1874,-800,-152
0.4463,1927,1874,-800,-152
0.4467,1927,1874,-800,-160
0.4470,1927,1874,-800,-160
0.4474,1927,1874,-800,-160
0.4478,1927,1874,-800,-160
0.4482,1927,1874,-800,-160
0.4486,1927,1874,-800,-168
0.4490,1927,1874,-800,-168
0.4494,1927,1874,-800,-168
0.4498,1927,1874,-800,-176
0.4502,1944,1874,-800,-176
0.4509,1944,1874,-800,-184
0.4512,1944,1874,-800,-184
0.4516,1944,1874,-800,-184
0.4520,1944,1874,-800,-184
0.4524,1944,1874,-800,-184
0.4528,1944,1874,-800,-192
0.4532,1944,1874,-800,-192
0.4536,1944,1874,-800,-180
0.4540,1944,1874,-800,-180
0.4544,1944,1874,-800,-180
0.4547,1944,1874,-800,-188
0.4551,1944,1874,-800,-188
0.4555,1944,1874,-800,-188
0.4559,1944,1874,-200,-196
0.4563,1944,1874,-200,-196
0.4567,1944,1874,-200,-204
0.4571,1944,1874,-200,-204
0.4574,1944,1874,-200,-204
0.4578,1944,1874,-200,-212
0.4582,1944,1874,-200,-212
0.4586,1944,1874,-200,-220
0.4590,1944,1874,-200,-220
0.4594,1944,1874,-200,-220
0.4598,1944,1874,-200,-228
0.4601,1962,1874,-200,-228
0.4608,1962,1874,-200,-236
0.4612,1962,1874,-200,-236
0.4616,1962,1874,-200,-244
0.4620,1962,1874,-200,-244
0.4624,1962,1874,-200,-244
0.4628,1962,1874,-200,-252
0.4632,1962,1874,-200,-252
0.4635,1962,1874,-200,-260
0.4639,1962,1874,-200,-260
0.4643,1962,1874,-200,-260
0.4647,1962,1874,-200,-268
0.4651,1962,1874,-200,-268
0.4654,1962,1874,-200,-268
0.4658,1962,1874,-200,-284
0.4661,1962,1874,-200,-284
0.4665,1962,1875,-200,-284
0.4669,1962,1875,-200,-284
0.4673,1962,1875,-200,-284
0.4676,1962,1875,-200,-292
0.4680,1962,1875,-200,-292
0.4684,1962,1875,-200,-292
0.4688,1962,1876,-200,-292
0.4692,1962,1876,-200,-292
0.4696,1962,1876,-200,-300
0.4699,1962,1876,-200,-300
0.4704,1982,1877,-200,-308
0.4711,1982,1877,-200,-308
0.4715,1982,1877,-200,-316
0.4719,1982,1877,-200,-316
0.4724,1982,1877,-200,-316
0.4727,1982,1878,-200,-316
0.4731,1982,1878,-200,-316
0.4735,1982,1878,-200,-348
0.4739,1982,1878,-200,-348
0.4743,1982,1878,-200,-348
0.4747,1982,1879,-200,-348
0.4750,1982,1879,-200,-348
0.4754,1982,1879,-200,-348
0.4758,1982,1879,250,-364
0.4761,1982,1879,250,-364
0.4765,1982,1880,250,-364
0.4768,1982,1880,250,-364
0.4772,1982,1880,250,-364
0.4777,1982,1881,250,-364
0.4780,1982,1881,250,-364
0.4784,1982,1881,250,-380
0.4788,1982,1881,250,-380
0.4792,1982,1881,250,-380
0.4796,1982,1882,250,-388
0.4799,1982,1882,250,-388
0.4804,2002,1883,250,-388
0.4811,2002,1883,250,-388
0.4815,2002,1884,250,-396
0.4819,2002,1884,250,-396
0.4824,2002,1884,250,-404
0.4828,2002,1884,250,-404
0.4831,2002,1884,250,-404
0.4835,2002,1885,250,-412
0.4839,2002,1885,250,-412
0.4843,2002,1885,250,-412
0.4847,2002,1886,250,-420
0.4850,2002,1886,250,-420
0.4854,2002,1887,250,-420
0.4858,2002,1887,250,-420
0.4862,2002,1887,250,-420
0.4866,2002,1888,250,-428
0.4870,2002,1888,250,-428
0.4874,2002,1889,250,-436
0.4877,2002,1889,250,-436
0.4881,2002,1889,250,-436
0.4885,2002,1890,250,-436
0.4889,2002,1890,250,-436
0.4893,2002,1890,250,-436
0.4896,2002,1891,250,-444
0.4900,2023,1892,250,-452
0.4908,2023,1892,250,-452
0.4912,2023,1892,250,-452
0.4915,2023,1893,250,-460
0.4919,2023,1893,250,-460
0.4924,2023,1894,250,-468
0.4928,2023,1894,250,-468
0.4932,2023,1894,250,-468
0.4935,2023,1895,250,-464
0.4939,2023,1895,250,-464
0.4944,2023,1896,250,-464
0.4948,2023,1896,250,-464
0.4952,2023,1896,250,-464
0.4955,2023,1897,900,-472
0.4959,2023,1897,900,-472
0.4964,2023,1898,900,-480
0.4967,2023,1898,900,-480
0.4971,2023,1898,900,-480
0.4975,2023,1899,900,-488
0.4979,2023,1899,900,-488
0.4982,2023,1899,900,-488
0.4986,2023,1900,900,-496
0.4990,2023,1900,900,-496
0.4994,2023,1901,900,-504
0.4998,2023,1901,900,-504
0.5002,2044,1902,900,-512
0.5009,2044,1902,900,-512
0.5013,2044,1902,900,-512
0.5017,2044,1904,900,-512
0.5021,2044,1904,900,-512
0.5025,2044,1905,900,-520
0.5029,2044,1905,900,-520
0.5033,2044,1905,900,-520
0.5037,2044,1906,900,-528
0.5040,2044,1906,900,-528
0.5044,2044,1907,900,-536
0.5048,2044,1907,900,-536
0.5052,2044,1907,900,-536
0.5056,2044,1909,900,-536
0.5060,2044,1909,900,-536
0.5064,2044,1910,900,-544
0.5068,2044,1910,900,-544
0.5072,2044,1910,900,-544
0.5075,2044,1911,900,-544
0.5079,2044,1911,900,-544
0.5083,2044,1912,900,-552
0.5087,2044,1912,900,-552
0.5091,2044,1912,900,-552
0.5094,2044,1914,900,-552
0.5098,2044,1914,900,-552
0.5102,2066,1915,900,-560
0.5109,2066,1915,900,-560
0.5114,2066,1917,900,-560
0.5118,2066,1917,900,-560
0.5122,2066,1917,900,-560
0.5126,2066,1918,900,-568
0.5130,2066,1918,900,-568
0.5134,2066,1920,900,-556
0.5138,2066,1920,900,-556
0.5141,2066,1920,900,-556
0.5145,2066,1921,900,-564
0.5149,2066,1921,900,-564
0.5153,2066,1922,1250,-572
0.5157,2066,1922,1250,-572
0.5160,2066,1922,1250,-572
0.5164,2066,1924,1250,-572
0.5168,2066,1924,1250,-572
0.5172,2066,1926,1250,-572
0.5176,2066,1926,1250,-572
0.5180,2066,1926,1250,-572
0.5184,2066,1927,1250,-580
0.5188,2066,1927,1250,-580
0.5192,2066,1927,1250,-580
0.5196,2066,1928,1250,-588
0.5200,2066,1928,1250,-588
0.5204,2087,1930,1250,-588
0.5211,2087,1930,1250,-588
0.5215,2087,1932,1250,-588
0.5219,2087,1932,1250,-588
0.5223,2087,1934,1250,-588
0.5227,2087,1934,1250,-588
0.5230,2087,1934,1250,-588
0.5234,2087,1935,1250,-596
0.5237,2087,1935,1250,-596
0.5241,2087,1935,1250,-596
0.5245,2087,1937,1250,-596
0.5248,2087,1937,1250,-596
0.5252,2087,1939,1250,-596
0.5257,2087,1939,1250,-596
0.5260,2087,1939,1250,-596
0.5264,2087,1940,1250,-604
0.5268,2087,1940,1250,-604
0.5272,2087,1942,1250,-604
0.5276,2087,1942,1250,-604
0.5279,2087,1942,1250,-604
0.5284,2087,1944,1250,-604
0.5288,2087,1944,1250,-604
0.5292,2087,1945,1250,-612
0.5295,2087,1945,1250,-612
0.5299,2087,1945,1250,-612
0.5304,2108,1947,1250,-612
0.5311,2108,1947,1250,-612
0.5315,2108,1949,1250,-612
0.5319,2108,1949,1250,-612
0.5323,2108,1951,1250,-612
0.5327,2108,1951,1250,-612
0.5330,2108,1951,1250,-612
0.5334,2108,1952,1250,-600
0.5338,2108,1952,1250,-600
0.5342,2108,1954,1250,-600
0.5346,2108,1954,1250,-600
0.5350,2108,1954,1250,-600
0.5354,2108,1956,1700,-600
0.5358,2108,1956,1700,-600
0.5362,2108,1958,1700,-600
0.5365,2108,1958,1700,-600
0.5369,2108,1958,1700,-600
0.5374,2108,1960,1700,-600
0.5378,2108,1960,1700,-600
0.5382,2108,1962,1700,-600
0.5386,2108,1962,1700,-600
0.5389,2108,1962,1700,-600
0.5394,2108,1964,1700,-600
0.5398,2108,1964,1700,-600
0.5401,2126,1965,1700,-608
0.5409,2126,1965,1700,-608
0.5413,2126,1967,1700,-608
0.5417,2126,1967,1700,-608
0.5420,2126,1967,1700,-608
0.5424,2126,1969,1700,-608
0.5428,2126,1969,1700,-608
0.5432,2126,1971,1700,-608
0.5436,2126,1971,1700,-608
0.5440,2126,1971,1700,-608
0.5444,2126,1973,1700,-608
0.5447,2126,1973,1700,-608
0.5451,2126,1975,1700,-608
0.5455,2126,1975,1700,-608
0.5459,2126,1975,1700,-608
0.5463,2126,1977,1700,-608
0.5467,2126,1977,1700,-608
0.5470,2126,1977,1700,-608
0.5474,2126,1979,1700,-608
0.5478,2126,1979,1700,-608
0.5482,2126,1981,1700,-608
0.5486,2126,1981,1700,-608
0.5490,2126,1981,1700,-608
0.5494,2126,1983,1700,-608
0.5498,2126,1983,1700,-608
0.5502,2145,1985,1700,-608
0.5509,2145,1985,1700,-608
0.5513,2145,1986,1700,-616
0.5517,2145,1986,1700,-616
0.5521,2145,1988,1700,-616
0.5524,2145,1988,1700,-616
0.5528,2145,1988,1700,-616
0.5532,2145,1990,1700,-592
0.5536,2145,1990,1700,-592
0.5539,2145,1990,1700,-592
0.5544,2145,1992,1700,-592
0.5548,2145,1992,1700,-592
0.5552,2145,1994,1900,-592
0.5556,2145,1994,1900,-592
0.5560,2145,1994,1900,-592
0.5564,2145,1996,1900,-592
0.5567,2145,1996,1900,-592
0.5571,2145,1998,1900,-592
0.5575,2145,1998,1900,-592
0.5578,2145,1998,1900,-592
0.5582,2145,2000,1900,-592
0.5587,2145,2000,1900,-592
0.5590,2145,2002,1900,-592
0.5594,2145,2002,1900,-592
0.5598,2145,2002,1900,-592
0.5602,2161,2004,1900,-592
0.5609,2161,2004,1900,-592
0.5613,2161,2006,1900,-592
0.5617,2161,2006,1900,-592
0.5621,2161,2008,1900,-592
0.5624,2161,2008,1900,-592
0.5628,2161,2008,1900,-592
0.5632,2161,2010,1900,-592
0.5636,2161,2010,1900,-592
0.5640,2161,2010,1900,-592
0.5644,2161,2012,1900,-592
0.5648,2161,2012,1900,-592
0.5652,2161,2014,1900,-584
0.5656,2161,2014,1900,-584
0.5660,2161,2014,1900,-584
0.5664,2161,2016,1900,-584
0.5668,2161,2016,1900,-584
0.5671,2161,2018,1900,-584
0.5675,2161,2018,1900,-584
0.5679,2161,2018,1900,-584
0.5683,2161,2020,1900,-584
0.5687,2161,2020,1900,-584
0.5690,2161,2022,1900,-584
0.5694,2161,2022,1900,-584
0.5698,2161,2022,1900,-584
0.5701,2176,2024,1900,-584
0.5708,2176,2024,1900,-584
0.5712,2176,2026,1900,-584
0.5715,2176,2026,1900,-584
0.5719,2176,2026,1900,-584
0.5723,2176,2028,1900,-584
0.5727,2176,2028,1900,-584
0.5730,2176,2030,1900,-572
0.5734,2176,2030,1900,-572
0.5738,2176,2030,1900,-572
0.5742,2176,2032,1900,-572
0.5746,2176,2032,1900,-572
0.5749,2176,2034,2000,-572
0.5754,2176,2034,2000,-572
0.5758,2176,2034,2000,-572
0.5762,2176,2036,2000,-572
0.5765,2176,2036,2000,-572
0.5769,2176,2039,2000,-556
0.5774,2176,2039,2000,-556
0.5777,2176,2039,2000,-556
0.5781,2176,2041,2000,-556
0.5785,2176,2041,2000,-556
0.5788,2176,2041,2000,-556
0.5792,2176,2042,2000,-564
0.5796,2176,2042,2000,-564
0.5800,2176,2045,2000,-556
0.5804,2189,2045,2000,-556
0.5811,2189,2047,2000,-556
0.5814,2189,2047,2000,-556
0.5818,2189,2047,2000,-556
0.5822,2189,2049,2000,-548
0.5826,2189,2049,2000,-548
0.5829,2189,2051,2000,-548
0.5834,2189,2051,2000,-548
0.5838,2189,2051,2000,-548
0.5841,2189,2053,2000,-548
0.5845,2189,2053,2000,-548
0.5849,2189,2055,2000,-548
0.5853,2189,2055,2000,-548
0.5857,2189,2055,2000,-548
0.5861,2189,2057,2000,-548
0.5865,2189,2057,2000,-548
0.5868,2189,2057,2000,-548
0.5872,2189,2059,2000,-548
0.5876,2189,2059,2000,-548
0.5879,2189,2061,2000,-540
0.5884,2189,2061,2000,-540
0.5888,2189,2061,2000,-540
0.5892,2189,2063,2000,-540
0.5895,2189,2063,2000,-540
0.5899,2189,2065,2000,-540
0.5903,2199,2065,2000,-540
0.5910,2199,2067,2000,-540
0.5914,2199,2067,2000,-540
0.5918,2199,2067,2000,-540
0.5921,2199,2069,2000,-540
0.5925,2199,2069,2000,-540
0.5929,2199,2071,2000,-516
0.5933,2199,2071,2000,-516
0.5937,2199,2071,2000,-516
0.5940,2199,2073,2000,-516
0.5944,2199,2073,2000,-516
0.5948,2199,2073,2000,-516
0.5952,2199,2075,2050,-516
0.5956,2199,2075,2050,-516
0.5959,2199,2077,2050,-508
0.5964,2199,2077,2050,-508
0.5968,2199,2077,2050,-508
0.5972,2199,2079,2050,-508
0.5975,2199,2079,2050,-508
0.5979,2199,2081,2050,-508
0.5984,2199,2081,2050,-508
0.5988,2199,2081,2050,-508
0.5992,2199,2083,2050,-500
0.5995,2199,2083,2050,-500
0.5999,2199,2085,2050,-500
0.6003,2206,2085,2050,-500
0.6010,2206,2087,2050,-500
0.6014,2206,2087,2050,-500
0.6018,2206,2087,2050,-500
0.6022,2206,2089,2050,-492
0.6026,2206,2089,2050,-492
0.6030,2206,2091,2050,-492
0.6034,2206,2091,2050,-492
0.6038,2206,2093,2050,-484
0.6042,2206,2093,2050,-484
0.6045,2206,2093,2050,-484
0.6049,2206,2095,2050,-484
0.6053,2206,2095,2050,-484
0.6057,2206,2095,2050,-484
0.6061,2206,2096,2050,-492
0.6065,2206,2096,2050,-492
0.6069,2206,2098,2050,-484
0.6072,2206,2098,2050,-484
0.6076,2206,2098,2050,-484
0.6081,2206,2100,2050,-484
0.6084,2206,2100,2050,-484
0.6088,2206,2102,2050,-476
0.6092,2206,2102,2050,-476
0.6096,2206,2102,2050,-476
0.6100,2206,2104,2050,-476
0.6104,2212,2104,2050,-476
0.6111,2212,2106,2050,-468
0.6115,2212,2106,2050,-468
0.6119,2212,2108,2050,-468
0.6123,2212,2108,2050,-468
0.6126,2212,2108,2050,-468
0.6130,2212,2110,2050,-452
0.6134,2212,2110,2050,-452
0.6138,2212,2112,2050,-452
0.6141,2212,2112,2050,-452
0.6145,2212,2112,2050,-452
0.6149,2212,2113,1900,-452
0.6153,2212,2113,1900,-452
0.6157,2212,2113,1900,-452
0.6161,2212,2115,1900,-452
0.6164,2212,2115,1900,-452
0.6168,2212,2117,1900,-444
0.6172,2212,2117,1900,-444
0.6176,2212,2117,1900,-444
0.6180,2212,2119,1900,-444
0.6184,2212,2119,1900,-444
0.6187,2212,2121,1900,-436
0.6191,2212,2121,1900,-436
0.6195,2212,2121,1900,-436
0.6199,2212,2123,1900,-428
0.6202,2214,2123,1900,-428
0.6210,2214,2125,1900,-428
0.6214,2214,2125,1900,-428
0.6218,2214,2126,1900,-428
0.6222,2214,2126,1900,-428
0.6225,2214,2126,1900,-428
0.6229,2214,2128,1900,-420
0.6234,2214,2128,1900,-420
0.6237,2214,2130,1900,-412
0.6241,2214,2130,1900,-412
0.6245,2214,2130,1900,-412
0.6249,2214,2132,1900,-412
0.6253,2214,2132,1900,-412
0.6257,2214,2132,1900,-412
0.6260,2214,2133,1900,-412
0.6264,2214,2133,1900,-412
0.6268,2214,2135,1900,-404
0.6272,2214,2135,1900,-404
0.6276,2214,2135,1900,-404
0.6280,2214,2137,1900,-396
0.6284,2214,2137,1900,-396
0.6288,2214,2139,1900,-388
0.6292,2214,2139,1900,-388
0.6295,2214,2139,1900,-388
0.6299,2214,2140,1900,-388
0.6303,2214,2140,1900,-388
0.6310,2214,2142,1900,-380
0.6314,2214,2142,1900,-380
0.6318,2214,2144,1900,-372
0.6321,2214,2144,1900,-372
0.6325,2214,2144,1900,-372
0.6329,2214,2145,1900,-360
0.6333,2214,2145,1900,-360
0.6337,2214,2147,1900,-352
0.6340,2214,2147,1900,-352
0.6344,2214,2147,1900,-352
0.6347,2214,2149,1800,-344
0.6351,2214,2149,1800,-344
0.6355,2214,2149,1800,-344
0.6359,2214,2151,1800,-336
0.6362,2214,2151,1800,-336
0.6367,2214,2153,1800,-328
0.6370,2214,2153,1800,-328
0.6374,2214,2153,1800,-328
0.6378,2214,2154,1800,-328
0.6382,2214,2154,1800,-328
0.6386,2214,2154,1800,-328
0.6390,2214,2156,1800,-320
0.6394,2214,2156,1800,-320
0.6398,2214,2157,1800,-320
0.6402,2212,2157,1800,-320
0.6409,2212,2159,1800,-312
0.6412,2212,2159,1800,-312
0.6416,2212,2160,1800,-304
0.6420,2212,2160,1800,-304
0.6424,2212,2160,1800,-304
0.6428,2212,2162,1800,-296
0.6431,2212,2162,1800,-296
0.6435,2212,2162,1800,-296
0.6439,2212,2163,1800,-296
0.6443,2212,2163,1800,-296
0.6446,2212,2165,1800,-288
0.6450,2212,2165,1800,-288
0.6454,2212,2165,1800,-288
0.6458,2212,2166,1800,-280
0.6462,2212,2166,1800,-280
0.6465,2212,2166,1800,-280
0.6469,2212,2168,1800,-272
0.6473,2212,2168,1800,-272
0.6477,2212,2169,1800,-272
0.6481,2212,2169,1800,-272
0.6485,2212,2169,1800,-272
0.6489,2212,2171,1800,-256
0.6493,2212,2171,1800,-256
0.6496,2212,2172,1800,-256
0.6500,2206,2172,1800,-256
0.6508,2206,2174,1800,-240
0.6511,2206,2174,1800,-240
0.6515,2206,2174,1800,-240
0.6519,2206,2175,1800,-240
0.6522,2206,2175,1800,-240
0.6526,2206,2176,1800,-208
0.6530,2206,2176,1800,-208
0.6534,2206,2176,1800,-208
0.6538,2206,2178,1800,-200
0.6542,2206,2178,1800,-200
0.6546,2206,2179,1500,-192
0.6550,2206,2179,1500,-192
0.6554,2206,2179,1500,-192
0.6557,2206,2181,1500,-184
0.6561,2206,2181,1500,-184
0.6564,2206,2181,1500,-184
0.6568,2206,2182,1500,-176
0.6572,2206,2182,1500,-176
0.6576,2206,2183,1500,-176
0.6579,2206,2183,1500,-176
0.6584,2206,2183,1500,-176
0.6588,2206,2184,1500,-168
0.6592,2206,2184,1500,-168
0.6596,2206,2186,1500,-152
0.6599,2206,2186,1500,-152
0.6604,2198,2187,1500,-152
0.6611,2198,2187,1500,-152
0.6615,2198,2187,1500,-152
0.6618,2198,2188,1500,-144
0.6622,2198,2188,1500,-144
0.6627,2198,2189,1500,-136
0.6630,2198,2189,1500,-136
0.6634,2198,2189,1500,-136
0.6638,2198,2190,1500,-128
0.6641,2198,2190,1500,-128
0.6645,2198,2191,1500,-128
0.6649,2198,2191,1500,-128
0.6653,2198,2191,1500,-128
0.6657,2198,2193,1500,-112
0.6661,2198,2193,1500,-112
0.6664,2198,2193,1500,-112
0.6668,2198,2194,1500,-104
0.6672,2198,2194,1500,-104
0.6676,2198,2195,1500,-96
0.6680,2198,2195,1500,-96
0.6684,2198,2195,1500,-96
0.6688,2198,2196,1500,-88
0.6692,2198,2196,1500,-88
0.6696,2198,2197,1500,-80
0.6700,2198,2197,1500,-80
0.6704,2188,2198,1500,-72
0.6711,2188,2198,1500,-72
0.6715,2188,2199,1500,-64
0.6719,2188,2199,1500,-64
0.6723,2188,2199,1500,-64
0.6727,2188,2200,1500,-44
0.6731,2188,2200,1500,-44
0.6735,2188,2201,1500,-36
0.6738,2188,2201,1500,-36
0.6742,2188,2201,1500,-36
0.6746,2188,2202,1150,-28
0.6749,2188,2202,1150,-28
0.6754,2188,2202,1150,-28
0.6758,2188,2202,1150,-28
0.6762,2188,2202,1150,-28
0.6765,2188,2203,1150,20
0.6769,2188,2203,1150,20
0.6774,2188,2203,1150,20
0.6778,2188,2204,1150,28
0.6782,2188,2204,1150,28
0.6786,2188,2205,1150,36
0.6789,2188,2205,1150,36
0.6794,2188,2205,1150,36
0.6798,2188,2206,1150,44
0.6802,2175,2206,1150,44
0.6809,2175,2206,1150,44
0.6813,2175,2206,1150,44
0.6816,2175,2207,1150,60
0.6820,2175,2207,1150,60
0.6824,2175,2207,1150,60
0.6827,2175,2208,1150,68
0.6831,2175,2208,1150,68
0.6835,2175,2208,1150,68
0.6839,2175,2208,1150,68
0.6842,2175,2208,1150,68
0.6846,2175,2209,1150,84
0.6850,2175,2209,1150,84
0.6854,2175,2209,1150,84
0.6858,2175,2209,1150,84
0.6861,2175,2209,1150,84
0.6865,2175,2210,1150,92
0.6869,2175,2210,1150,92
0.6873,2175,2210,1150,92
0.6877,2175,2210,1150,92
0.6881,2175,2210,1150,92
0.6885,2175,2211,1150,100
0.6889,2175,2211,1150,100
0.6893,2175,2211,1150,100
0.6897,2175,2211,1150,100
0.6900,2175,2211,1150,100
0.6904,2160,2211,1150,108
0.6910,2160,2211,1150,108
0.6914,2160,2211,1150,108
0.6917,2160,2211,1150,108
0.6921,2160,2211,1150,108
0.6924,2160,2212,1150,116
0.6928,2160,2212,1150,116
0.6932,2160,2212,1150,116
0.6935,2160,2212,1150,116
0.6938,2160,2212,1150,116
0.6942,2160,2212,1150,116
0.6946,2160,2212,500,124
0.6950,2160,2212,500,124
0.6954,2160,2212,500,132
0.6957,2160,2212,500,132
0.6961,2160,2212,500,132
0.6964,2160,2212,500,132
0.6968,2160,2212,500,132
0.6971,2160,2212,500,132
0.6975,2160,2213,500,148
0.6979,2160,2213,500,148
0.6982,2160,2213,500,148
0.6986,2160,2213,500,156
0.6990,2160,2213,500,156
0.6994,2160,2213,500,164
0.6997,2160,2213,500,164
0.7001,2144,2213,500,164
0.7008,2144,2213,500,164
0.7012,2144,2213,500,164
0.7015,2144,2213,500,172
0.7019,2144,2213,500,172
0.7023,2144,2213,500,172
0.7026,2144,2213,500,180
0.7030,2144,2213,500,180
0.7034,2144,2213,500,188
0.7037,2144,2213,500,188
0.7041,2144,2213,500,188
0.7045,2144,2213,500,196
0.7048,2144,2213,500,196
0.7052,2144,2213,500,196
0.7055,2144,2213,500,204
0.7059,2144,2213,500,204
0.7063,2144,2213,500,204
0.7066,2144,2213,500,212
0.7070,2144,2213,500,212
0.7074,2144,2213,500,220
0.7078,2144,2213,500,220
0.7081,2144,2213,500,220
0.7085,2144,2213,500,228
0.7089,2144,2213,500,228
0.7092,2144,2213,500,236
0.7097,2144,2213,500,236
0.7100,2126,2213,500,244
0.7108,2126,2213,500,244
0.7112,2126,2213,500,244
0.7116,2126,2213,500,252
0.7119,2126,2213,500,252
0.7124,2126,2213,500,264
0.7128,2126,2213,500,264
0.7132,2126,2213,500,264
0.7136,2126,2213,500,272
0.7139,2126,2213,500,272
0.7143,2126,2213,50,280
0.7147,2126,2213,50,280
0.7150,2126,2213,50,280
0.7154,2126,2213,50,288
0.7158,2126,2213,50,288
0.7161,2126,2213,50,288
0.7165,2126,2212,50,288
0.7169,2126,2212,50,288
0.7173,2126,2212,50,304
0.7177,2126,2212,50,304
0.7181,2126,2212,50,304
0.7184,2126,2212,50,312
0.7188,2126,2212,50,312
0.7193,2126,2211,50,312
0.7196,2126,2211,50,312
0.7200,2107,2211,50,320
0.7208,2107,2211,50,320
0.7211,2107,2211,50,320
0.7215,2107,2210,50,328
0.7219,2107,2210,50,328
0.7223,2107,2210,50,336
0.7227,2107,2210,50,336
0.7231,2107,2210,50,336
0.7234,2107,2209,50,336
0.7238,2107,2209,50,336
0.7242,2107,2208,50,344
0.7246,2107,2208,50,344
0.7250,2107,2208,50,344
0.7254,2107,2208,50,352
0.7258,2107,2208,50,352
0.7261,2107,2208,50,352
0.7265,2107,2207,50,360
0.7269,2107,2207,50,360
0.7272,2107,2206,50,360
0.7276,2107,2206,50,360
0.7280,2107,2206,50,360
0.7284,2107,2205,50,368
0.7290,2107,2205,50,368
0.7294,2107,2205,50,376
0.7300,2086,2204,50,384
0.7309,2086,2204,50,384
0.7313,2086,2203,50,384
0.7316,2086,2203,50,384
0.7320,2086,2203,50,384
0.7324,2086,2203,50,396
0.7328,2086,2203,50,396
0.7332,2086,2202,50,404
0.7335,2086,2202,50,404
0.7339,2086,2202,50,404
0.7344,2086,2201,-600,404
0.7348,2086,2201,-600,404
0.7351,2086,2201,-600,404
0.7355,2086,2200,-600,412
0.7359,2086,2200,-600,412
0.7362,2086,2199,-600,420
0.7367,2086,2199,-600,420
0.7371,2086,2199,-600,420
0.7374,2086,2198,-600,420
0.7378,2086,2198,-600,420
0.7381,2086,2197,-600,428
0.7385,2086,2197,-600,428
0.7389,2086,2197,-600,428
0.7392,2086,2196,-600,436
0.7397,2086,2196,-600,436
0.7400,2065,2196,-600,452
0.7408,2065,2196,-600,452
0.7411,2065,2195,-600,460
0.7415,2065,2195,-600,460
0.7419,2065,2195,-600,460
0.7423,2065,2194,-600,460
0.7427,2065,2194,-600,460
0.7430,2065,2194,-600,460
0.7434,2065,2192,-600,460
0.7437,2065,2192,-600,460
0.7441,2065,2191,-600,468
0.7445,2065,2191,-600,468
0.7449,2065,2191,-600,468
0.7453,2065,2190,-600,476
0.7457,2065,2190,-600,476
0.7461,2065,2189,-600,484
0.7465,2065,2189,-600,484
0.7468,2065,2189,-600,484
0.7472,2065,2188,-600,492
0.7476,2065,2188,-600,492
0.7480,2065,2188,-600,492
0.7484,2065,2187,-600,500
0.7487,2065,2187,-600,500
0.7491,2065,2186,-600,508
0.7495,2065,2186,-600,508
0.7499,2065,2186,-600,508
0.7503,2043,2184,-600,508
0.7510,2043,2184,-600,508
0.7514,2043,2183,-600,508
0.7518,2043,2183,-600,508
0.7522,2043,2182,-600,508
0.7525,2043,2182,-600,508
0.7529,2043,2182,-600,508
0.7534,2043,2181,-600,516
0.7538,2043,2181,-600,516
0.7542,2043,2180,-1050,524
0.7545,2043,2180,-1050,524
0.7549,2043,2180,-1050,524
0.7553,2043,2178,-1050,524
0.7557,2043,2178,-1050,524
0.7561,2043,2177,-1050,532
0.7565,2043,2177,-1050,532
0.7569,2043,2177,-1050,532
0.7572,2043,2176,-1050,540
0.7576,2043,2176,-1050,540
0.7580,2043,2174,-1050,540
0.7584,2043,2174,-1050,540
0.7588,2043,2174,-1050,540
0.7592,2043,2173,-1050,548
0.7596,2043,2173,-1050,548
0.7600,2023,2172,-1050,556
0.7608,2023,2172,-1050,556
0.7612,2023,2170,-1050,556
0.7615,2023,2170,-1050,556
0.7619,2023,2170,-1050,556
0.7624,2023,2169,-1050,564
0.7628,2023,2169,-1050,564
0.7631,2023,2168,-1050,572
0.7635,2023,2168,-1050,572
0.7639,2023,2168,-1050,572
0.7644,2023,2166,-1050,572
0.7648,2023,2166,-1050,572
0.7652,2023,2164,-1050,572
0.7655,2023,2164,-1050,572
0.7659,2023,2164,-1050,572
0.7664,2023,2163,-1050,580
0.7668,2023,2163,-1050,580
0.7671,2023,2161,-1050,580
0.7674,2023,2161,-1050,580
0.7678,2023,2161,-1050,580
0.7682,2023,2160,-1050,588
0.7685,2023,2160,-1050,588
0.7689,2023,2160,-1050,588
0.7692,2023,2158,-1050,588
0.7696,2023,2158,-1050,588
0.7700,2023,2158,-1050,588
0.7704,2001,2157,-1050,596
0.7711,2001,2155,-1050,596
0.7715,2001,2155,-1050,596
0.7719,2001,2155,-1050,596
0.7723,2001,2153,-1050,568
0.7727,2001,2153,-1050,568
0.7730,2001,2152,-1050,576
0.7734,2001,2152,-1050,576
0.7738,2001,2152,-1050,576
0.7742,2001,2150,-1500,576
0.7745,2001,2150,-1500,576
0.7749,2001,2150,-1500,576
0.7753,2001,2149,-1500,584
0.7757,2001,2149,-1500,584
0.7760,2001,2147,-1500,584
0.7764,2001,2147,-1500,584
0.7768,2001,2147,-1500,584
0.7772,2001,2145,-1500,584
0.7777,2001,2145,-1500,584
0.7780,2001,2143,-1500,584
0.7784,2001,2143,-1500,584
0.7788,2001,2143,-1500,584
0.7792,2001,2142,-1500,592
0.7795,2001,2142,-1500,592
0.7799,2001,2140,-1500,592
0.7803,1981,2140,-1500,592
0.7810,1981,2138,-1500,592
0.7814,1981,2138,-1500,592
0.7818,1981,2138,-1500,592
0.7822,1981,2136,-1500,592
0.7825,1981,2136,-1500,592
0.7829,1981,2134,-1500,592
0.7834,1981,2134,-1500,592
0.7838,1981,2134,-1500,592
0.7842,1981,2132,-1500,592
0.7845,1981,2132,-1500,592
0.7849,1981,2131,-1500,600
0.7854,1981,2131,-1500,600
0.7858,1981,2131,-1500,600
0.7861,1981,2129,-1500,608
0.7865,1981,2129,-1500,608
0.7869,1981,2127,-1500,608
0.7873,1981,2127,-1500,608
0.7876,1981,2127,-1500,608
0.7880,1981,2125,-1500,608
0.7884,1981,2125,-1500,608
0.7888,1981,2125,-1500,608
0.7891,1981,2124,-1500,616
0.7895,1981,2124,-1500,616
0.7898,1981,2124,-1500,616
0.7902,1961,2122,-1500,616
0.7909,1961,2120,-1500,608
0.7912,1961,2120,-1500,608
0.7916,1961,2120,-1500,608
0.7920,1961,2118,-1500,588
0.7924,1961,2118,-1500,588
0.7927,1961,2118,-1500,588
0.7931,1961,2116,-1500,596
0.7934,1961,2116,-1500,596
0.7938,1961,2116,-1500,596
0.7941,1961,2114,-1800,596
0.7945,1961,2114,-1800,596
0.7949,1961,2112,-1800,596
0.7953,1961,2112,-1800,596
0.7956,1961,2112,-1800,596
0.7960,1961,2110,-1800,596
0.7964,1961,2110,-1800,596
0.7967,1961,2110,-1800,596
0.7971,1961,2108,-1800,596
0.7975,1961,2108,-1800,596
0.7979,1961,2106,-1800,596
0.7983,1961,2106,-1800,596
0.7987,1961,2106,-1800,596
0.7991,1961,2105,-1800,604
0.7994,1961,2105,-1800,604
0.7998,1961,2105,-1800,604
0.8002,1943,2103,-1800,604
0.8009,1943,2101,-1800,604
0.8014,1943,2101,-1800,604
0.8017,1943,2101,-1800,604
0.8021,1943,2098,-1800,596
0.8025,1943,2098,-1800,596
0.8029,1943,2097,-1800,604
0.8033,1943,2097,-1800,604
0.8036,1943,2097,-1800,604
0.8040,1943,2095,-1800,604
0.8044,1943,2095,-1800,604
0.8047,1943,2095,-1800,604
0.8051,1943,2093,-1800,604
0.8055,1943,2093,-1800,604
0.8059,1943,2091,-1800,604
0.8063,1943,2091,-1800,604
0.8067,1943,2091,-1800,604
0.8071,1943,2089,-1800,604
0.8074,1943,2089,-1800,604
0.8078,1943,2089,-1800,604
0.8081,1943,2087,-1800,604
0.8085,1943,2087,-1800,604
0.8089,1943,2085,-1800,604
0.8092,1943,2085,-1800,604
0.8097,1943,2085,-1800,604
0.8100,1927,2083,-1800,604
0.8108,1927,2081,-1800,604
0.8112,1927,2081,-1800,604
0.8115,1927,2081,-1800,604
0.8119,1927,2079,-1800,580
0.8122,1927,2079,-1800,580
0.8126,1927,2079,-1800,580
0.8130,1927,2077,-1800,580
0.8134,1927,2077,-1800,580
0.8138,1927,2075,-1950,580
0.8142,1927,2075,-1950,580
0.8145,1927,2075,-1950,580
0.8149,1927,2073,-1950,580
0.8154,1927,2073,-1950,580
0.8158,1927,2071,-1950,580
0.8161,1927,2071,-1950,580
0.8165,1927,2071,-1950,580
0.8169,1927,2069,-1950,580
0.8173,1927,2069,-1950,580
0.8176,1927,2069,-1950,580
0.8180,1927,2066,-1950,572
0.8184,1927,2066,-1950,572
0.8188,1927,2065,-1950,580
0.8192,1927,2065,-1950,580
0.8195,1927,2065,-1950,580
0.8199,1927,2063,-1950,580
0.8203,1912,2063,-1950,580
0.8209,1912,2061,-1950,580
0.8214,1912,2061,-1950,580
0.8218,1912,2059,-1950,580
0.8222,1912,2059,-1950,580
0.8225,1912,2059,-1950,580
0.8229,1912,2056,-1950,572
0.8232,1912,2056,-1950,572
0.8236,1912,2056,-1950,572
0.8240,1912,2055,-1950,572
0.8244,1912,2055,-1950,572
0.8247,1912,2053,-1950,572
0.8251,1912,2053,-1950,572
0.8255,1912,2053,-1950,572
0.8259,1912,2050,-1950,564
0.8264,1912,2050,-1950,564
0.8267,1912,2049,-1950,572
0.8271,1912,2049,-1950,572
0.8274,1912,2049,-1950,572
0.8278,1912,2047,-1950,572
0.8281,1912,2047,-1950,572
0.8285,1912,2047,-1950,572
0.8289,1912,2044,-1950,564
0.8292,1912,2044,-1950,564
0.8296,1912,2044,-1950,564
0.8299,1912,2042,-1950,564
0.8304,1899,2040,-1950,556
0.8312,1899,2040,-1950,556
0.8315,1899,2040,-1950,556
0.8319,1899,2038,-1950,540
0.8323,1899,2038,-1950,540
0.8327,1899,2036,-1950,540
0.8330,1899,2036,-1950,540
0.8334,1899,2036,-1950,540
0.8337,1899,2034,-2050,540
0.8341,1899,2034,-2050,540
0.8344,1899,2034,-2050,540
0.8348,1899,2032,-2050,540
0.8351,1899,2032,-2050,540
0.8355,1899,2032,-2050,540
0.8358,1899,2030,-2050,540
0.8362,1899,2030,-2050,540
0.8366,1899,2030,-2050,540
0.8369,1899,2028,-2050,532
0.8373,1899,2028,-2050,532
0.8376,1899,2028,-2050,532
0.8380,1899,2026,-2050,532
0.8384,1899,2026,-2050,532
0.8387,1899,2024,-2050,532
0.8391,1899,2024,-2050,532
0.8394,1899,2024,-2050,532
0.8398,1899,2022,-2050,532
0.8402,1889,2022,-2050,532
0.8409,1889,2020,-2050,524
0.8413,1889,2020,-2050,524
0.8416,1889,2018,-2050,524
0.8420,1889,2018,-2050,524
0.8424,1889,2018,-2050,524
0.8428,1889,2016,-2050,524
0.8431,1889,2016,-2050,524
0.8435,1889,2016,-2050,524
0.8439,1889,2014,-2050,524
0.8442,1889,2014,-2050,524
0.8446,1889,2012,-2050,524
0.8450,1889,2012,-2050,524
0.8454,1889,2012,-2050,524
0.8458,1889,2010,-2050,516
0.8461,1889,2010,-2050,516
0.8465,1889,2010,-2050,516
0.8469,1889,2008,-2050,516
0.8472,1889,2008,-2050,516
0.8476,1889,2006,-2050,516
0.8480,1889,2006,-2050,516
0.8484,1889,2006,-2050,516
0.8488,1889,2004,-2050,508
0.8491,1889,2004,-2050,508
0.8495,1889,2004,-2050,508
0.8499,1889,2002,-2050,508
0.8502,1882,2001,-2050,516
0.8509,1882,2001,-2050,516
0.8513,1882,2001,-2050,516
0.8517,1882,1999,-2050,504
0.8520,1882,1999,-2050,504
0.8524,1882,1999,-2050,504
0.8528,1882,1997,-2050,504
0.8531,1882,1997,-2050,504
0.8535,1882,1997,-2050,504
0.8538,1882,1995,-1950,504
0.8542,1882,1995,-1950,504
0.8545,1882,1995,-1950,504
0.8549,1882,1992,-1950,488
0.8553,1882,1992,-1950,488
0.8556,1882,1991,-1950,496
0.8560,1882,1991,-1950,496
0.8564,1882,1991,-1950,496
0.8567,1882,1989,-1950,488
0.8571,1882,1989,-1950,488
0.8575,1882,1989,-1950,488
0.8578,1882,1987,-1950,488
0.8582,1882,1987,-1950,488
0.8586,1882,1985,-1950,488
0.8589,1882,1985,-1950,488
0.8594,1882,1985,-1950,488
0.8598,1882,1983,-1950,480
0.8602,1876,1983,-1950,480
0.8608,1876,1981,-1950,480
0.8612,1876,1981,-1950,480
0.8615,1876,1980,-1950,480
0.8619,1876,1980,-1950,480
0.8623,1876,1980,-1950,480
0.8626,1876,1978,-1950,480
0.8630,1876,1978,-1950,480
0.8634,1876,1978,-1950,480
0.8637,1876,1976,-1950,472
0.8641,1876,1976,-1950,472
0.8644,1876,1976,-1950,472
0.8648,1876,1974,-1950,472
0.8652,1876,1974,-1950,472
0.8655,1876,1972,-1950,464
0.8659,1876,1972,-1950,464
0.8663,1876,1972,-1950,464
0.8667,1876,1970,-1950,456
0.8671,1876,1970,-1950,456
0.8675,1876,1968,-1950,456
0.8679,1876,1968,-1950,456
0.8683,1876,1968,-1950,456
0.8686,1876,1967,-1950,456
0.8690,1876,1967,-1950,456
0.8694,1876,1967,-1950,456
0.8698,1876,1965,-1950,456
0.8702,1874,1963,-1950,448
0.8708,1874,1963,-1950,448
0.8712,1874,1963,-1950,448
0.8716,1874,1961,-1950,424
0.8719,1874,1961,-1950,424
0.8724,1874,1961,-1950,424
0.8727,1874,1959,-1950,416
0.8731,1874,1959,-1950,416
0.8735,1874,1958,-1850,424
0.8738,1874,1958,-1850,424
0.8742,1874,1958,-1850,424
0.8746,1874,1956,-1850,416
0.8749,1874,1956,-1850,416
0.8753,1874,1956,-1850,416
0.8757,1874,1954,-1850,408
0.8760,1874,1954,-1850,408
0.8764,1874,1952,-1850,400
0.8768,1874,1952,-1850,400
0.8773,1874,1952,-1850,400
0.8776,1874,1950,-1850,392
0.8780,1874,1950,-1850,392
0.8784,1874,1950,-1850,392
0.8788,1874,1948,-1850,384
0.8791,1874,1948,-1850,384
0.8795,1874,1947,-1850,392
0.8799,1874,1947,-1850,392
0.8803,1874,1945,-1850,384
0.8810,1874,1945,-1850,384
0.8814,1874,1945,-1850,384
0.8818,1874,1943,-1850,376
0.8822,1874,1943,-1850,376
0.8826,1874,1942,-1850,376
0.8829,1874,1942,-1850,376
0.8833,1874,1942,-1850,376
0.8836,1874,1940,-1850,368
0.8840,1874,1940,-1850,368
0.8844,1874,1940,-1850,368
0.8847,1874,1938,-1850,360
0.8851,1874,1938,-1850,360
0.8855,1874,1936,-1850,352
0.8859,1874,1936,-1850,352
0.8863,1874,1936,-1850,352
0.8866,1874,1935,-1850,344
0.8870,1874,1935,-1850,344
0.8874,1874,1933,-1850,336
0.8878,1874,1933,-1850,336
0.8882,1874,1933,-1850,336
0.8885,1874,1931,-1850,328
0.8889,1874,1931,-1850,328
0.8893,1874,1931,-1850,328
0.8896,1874,1930,-1850,328
0.8900,1876,1928,-1850,320
0.8908,1876,1928,-1850,320
0.8912,1876,1928,-1850,320
0.8915,1876,1927,-1850,300
0.8919,1876,1927,-1850,300
0.8923,1876,1927,-1850,300
0.8927,1876,1925,-1850,284
0.8931,1876,1925,-1850,284
0.8934,1876,1923,-1750,276
0.8938,1876,1923,-1750,276
0.8942,1876,1923,-1750,276
0.8946,1876,1922,-1750,276
0.8950,1876,1922,-1750,276
0.8954,1876,1920,-1750,268
0.8958,1876,1920,-1750,268
0.8961,1876,1920,-1750,268
0.8965,1876,1919,-1750,260
0.8969,1876,1919,-1750,260
0.8973,1876,1919,-1750,260
0.8977,1876,1918,-1750,260
0.8980,1876,1918,-1750,260
0.8984,1876,1916,-1750,244
0.8988,1876,1916,-1750,244
0.8992,1876,1916,-1750,244
0.8995,1876,1915,-1750,244
0.8999,1876,1915,-1750,244
0.9003,1882,1913,-1750,236
0.9010,1882,1913,-1750,236
0.9014,1882,1912,-1750,228
0.9018,1882,1912,-1750,228
0.9022,1882,1912,-1750,228
0.9025,1882,1910,-1750,220
0.9029,1882,1910,-1750,220
0.9033,1882,1909,-1750,212
0.9037,1882,1909,-1750,212
0.9041,1882,1909,-1750,212
0.9044,1882,1908,-1750,212
0.9048,1882,1908,-1750,212
0.9052,1882,1908,-1750,212
0.9057,1882,1907,-1750,204
0.9060,1882,1907,-1750,204
0.9064,1882,1905,-1750,188
0.9068,1882,1905,-1750,188
0.9071,1882,1905,-1750,188
0.9075,1882,1904,-1750,188
0.9079,1882,1904,-1750,188
0.9083,1882,1903,-1750,180
0.9087,1882,1903,-1750,180
0.9091,1882,1903,-1750,180
0.9095,1882,1901,-1750,172
0.9098,1882,1901,-1750,172
0.9102,1890,1900,-1750,164
0.9109,1890,1900,-1750,164
0.9112,1890,1899,-1750,136
0.9117,1890,1899,-1750,136
0.9120,1890,1899,-1750,136
0.9124,1890,1897,-1750,120
0.9128,1890,1897,-1750,120
0.9132,1890,1897,-1750,120
0.9136,1890,1896,-1350,120
0.9140,1890,1896,-1350,120
0.9144,1890,1895,-1350,112
0.9148,1890,1895,-1350,112
0.9152,1890,1895,-1350,112
0.9156,1890,1894,-1350,104
0.9159,1890,1894,-1350,104
0.9164,1890,1893,-1350,96
0.9168,1890,1893,-1350,96
0.9172,1890,1893,-1350,96
0.9176,1890,1892,-1350,88
0.9179,1890,1892,-1350,88
0.9184,1890,1891,-1350,80
0.9188,1890,1891,-1350,80
0.9192,1890,1891,-1350,80
0.9196,1890,1890,-1350,72
0.9200,1890,1890,-1350,72
0.9204,1900,1889,-1350,64
0.9211,1900,1889,-1350,64
0.9214,1900,1888,-1350,56
0.9218,1900,1888,-1350,56
0.9222,1900,1888,-1350,56
0.9226,1900,1887,-1350,48
0.9229,1900,1887,-1350,48
0.9234,1900,1886,-1350,40
0.9238,1900,1886,-1350,40
0.9241,1900,1886,-1350,40
0.9245,1900,1885,-1350,32
0.9249,1900,1885,-1350,32
0.9253,1900,1884,-1350,24
0.9257,1900,1884,-1350,24
0.9261,1900,1884,-1350,24
0.9265,1900,1883,-1350,0
0.9269,1900,1883,-1350,0
0.9272,1900,1883,-1350,0
0.9276,1900,1883,-1350,0
0.9280,1900,1883,-1350,0
0.9284,1900,1882,-1350,-32
0.9288,1900,1882,-1350,-32
0.9292,1900,1881,-1350,-40
0.9296,1900,1881,-1350,-40
0.9300,1900,1881,-1350,-40
0.9304,1913,1880,-1350,-48
0.9312,1913,1880,-1350,-64
0.9316,1913,1880,-1350,-64
0.9320,1913,1880,-1350,-64
0.9324,1913,1879,-1350,-72
0.9327,1913,1879,-1350,-72
0.9331,1913,1879,-1350,-72
0.9335,1913,1879,-850,-72
0.9338,1913,1879,-850,-72
0.9342,1913,1878,-850,-88
0.9345,1913,1878,-850,-88
0.9349,1913,1878,-850,-88
0.9353,1913,1877,-850,-96
0.9357,1913,1877,-850,-96
0.9361,1913,1877,-850,-96
0.9364,1913,1877,-850,-96
0.9368,1913,1877,-850,-96
0.9371,1913,1876,-850,-96
0.9375,1913,1876,-850,-96
0.9379,1913,1876,-850,-96
0.9383,1913,1876,-850,-96
0.9386,1913,1876,-850,-96
0.9390,1913,1876,-850,-96
0.9394,1913,1876,-850,-104
0.9398,1913,1876,-850,-104
0.9402,1927,1875,-850,-112
0.9409,1927,1875,-850,-112
0.9413,1927,1875,-850,-120
0.9416,1927,1875,-850,-120
0.9420,1927,1875,-850,-120
0.9424,1927,1875,-850,-128
0.9428,1927,1875,-850,-128
0.9432,1927,1874,-850,-136
0.9435,1927,1874,-850,-136
0.9439,1927,1874,-850,-136
0.9443,1927,1874,-850,-144
0.9447,1927,1874,-850,-144
0.9450,1927,1874,-850,-144
0.9454,1927,1874,-850,-144
0.9458,1927,1874,-850,-144
0.9462,1927,1874,-850,-152
0.9466,1927,1874,-850,-152
0.9470,1927,1874,-850,-152
0.9474,1927,1874,-850,-160
0.9478,1927,1874,-850,-160
0.9482,1927,1874,-850,-168
0.9485,1927,1874,-850,-168
0.9489,1927,1874,-850,-168
0.9494,1927,1873,-850,-176
0.9498,1927,1873,-850,-176
0.9502,1944,1873,-850,-184
0.9509,1944,1873,-850,-184
0.9513,1944,1873,-850,-176
0.9516,1944,1873,-850,-176
0.9520,1944,1873,-850,-176
0.9524,1944,1873,-850,-184
0.9527,1944,1873,-850,-184
0.9531,1944,1873,-300,-192
0.9535,1944,1873,-300,-192
0.9539,1944,1873,-300,-192
0.9543,1944,1873,-300,-200
0.9547,1944,1873,-300,-200
0.9551,1944,1873,-300,-200
0.9555,1944,1873,-300,-200
0.9558,1944,1873,-300,-200
0.9562,1944,1873,-300,-208
0.9567,1944,1873,-300,-208
0.9570,1944,1873,-300,-216
0.9574,1944,1873,-300,-216
0.9578,1944,1873,-300,-216
0.9582,1944,1873,-300,-224
0.9587,1944,1873,-300,-224
0.9590,1944,1873,-300,-232
0.9594,1944,1873,-300,-232
0.9598,1944,1873,-300,-232
0.9602,1962,1873,-300,-240
0.9609,1962,1873,-300,-240
0.9614,1962,1873,-300,-248
0.9618,1962,1873,-300,-248
0.9621,1962,1873,-300,-264
0.9625,1962,1873,-300,-264
0.9629,1962,1873,-300,-264
0.9633,1962,1873,-300,-272
0.9637,1962,1873,-300,-272
0.9640,1962,1873,-300,-280
0.9644,1962,1873,-300,-280
0.9648,1962,1873,-300,-280
0.9652,1962,1874,-300,-280
0.9656,1962,1874,-300,-280
0.9660,1962,1874,-300,-280
0.9664,1962,1874,-300,-288
0.9668,1962,1874,-300,-288
0.9672,1962,1874,-300,-296
0.9675,1962,1874,-300,-296
0.9679,1962,1874,-300,-296
0.9683,1962,1875,-300,-304
0.9687,1962,1875,-300,-304
0.9691,1962,1875,-300,-312
0.9694,1962,1875,-300,-312
0.9698,1962,1875,-300,-312
0.9702,1982,1876,-300,-312
0.9709,1982,1876,-300,-312
0.9714,1982,1876,-300,-340
0.9718,1982,1876,-300,-340
0.9722,1982,1877,-300,-340
0.9726,1982,1877,-300,-340
0.9729,1982,1877,200,-340
0.9734,1982,1877,200,-348
0.9737,1982,1877,200,-348
0.9741,1982,1878,200,-356
0.9745,1982,1878,200,-356
0.9749,1982,1878,200,-356
0.9753,1982,1879,200,-356
0.9757,1982,1879,200,-356
0.9761,1982,1879,200,-372
0.9765,1982,1879,200,-372
0.9768,1982,1879,200,-372
0.9772,1982,1880,200,-372
0.9777,1982,1880,200,-372
0.9780,1982,1880,200,-380
0.9784,1982,1880,200,-380
0.9788,1982,1880,200,-380
0.9791,1982,1881,200,-388
0.9795,1982,1881,200,-388
0.9799,1982,1882,200,-396
0.9804,2002,1882,200,-396
0.9811,2002,1882,200,-404
0.9815,2002,1882,200,-404
0.9819,2002,1883,200,-412
0.9823,2002,1883,200,-412
0.9827,2002,1883,200,-412
0.9830,2002,1884,200,-412
0.9834,2002,1884,200,-412
0.9839,2002,1884,200,-412
0.9842,2002,1885,200,-420
0.9847,2002,1885,200,-420
0.9850,2002,1886,200,-428
0.9854,2002,1886,200,-428
0.9858,2002,1886,200,-428
0.9862,2002,1887,200,-428
0.9866,2002,1887,200,-428
0.9870,2002,1888,200,-436
0.9874,2002,1888,200,-436
0.9878,2002,1888,200,-436
0.9882,2002,1889,200,-444
0.9885,2002,1889,200,-444
0.9889,2002,1890,200,-452
0.9893,2002,1890,200,-452
0.9897,2002,1890,200,-452
0.9901,2023,1891,200,-452
0.9907,2023,1891,200,-452
0.9911,2023,1892,200,-444
0.9915,2023,1892,200,-444
0.9919,2023,1892,200,-460
0.9923,2023,1892,200,-460
0.9927,2023,1892,200,-460
0.9931,2023,1893,800,-468
0.9934,2023,1893,800,-468
0.9938,2023,1893,800,-468
0.9942,2023,1894,800,-476
0.9945,2023,1894,800,-476
0.9949,2023,1896,800,-476
0.9953,2023,1896,800,-476
0.9957,2023,1896,800,-476
0.9961,2023,1897,800,-484
0.9965,2023,1897,800,-484
0.9968,2023,1898,800,-492
0.9972,2023,1898,800,-492
0.9977,2023,1898,800,-492
0.9980,2023,1899,800,-500
0.9984,2023,1899,800,-500
0.9988,2023,1899,800,-508
0.9992,2023,1900,800,-508
0.9996,2023,1900,800,-508
0.9999,2023,1901,800,-508
1.0003,2045,1901,800,-508
1.0010,2045,1902,800,-516
1.0014,2045,1902,800,-516
1.0018,2045,1902,800,-516
1.0022,2045,1904,800,-516
1.0025,2045,1904,800,-516
1.0029,2045,1905,800,-524
1.0033,2045,1905,800,-524
1.0037,2045,1905,800,-524
1.0040,2045,1907,800,-524
1.0044,2045,1907,800,-524
1.0048,2045,1907,800,-524
1.0051,2045,1908,800,-532
1.0055,2045,1908,800,-532
1.0059,2045,1909,800,-540
1.0063,2045,1909,800,-540
1.0067,2045,1909,800,-540
1.0071,2045,1911,800,-540
1.0075,2045,1911,800,-540
1.0078,2045,1912,800,-548
1.0082,2045,1912,800,-548
1.0086,2045,1912,800,-548
1.0090,2045,1913,800,-556
1.0094,2045,1913,800,-556
1.0097,2045,1913,800,-556
1.0101,2066,1915,800,-548
1.0108,2066,1916,800,-552
1.0112,2066,1916,800,-552
1.0115,2066,1916,800,-552
1.0119,2066,1918,800,-552
1.0124,2066,1918,800,-552
1.0128,2066,1919,1300,-560
1.0132,2066,1919,1300,-560
1.0135,2066,1919,1300,-560
1.0139,2066,1920,1300,-568
1.0143,2066,1920,1300,-568
1.0147,2066,1920,1300,-568
1.0151,2066,1922,1300,-568
1.0155,2066,1922,1300,-568
1.0158,2066,1923,1300,-576
1.0162,2066,1923,1300,-576
1.0167,2066,1923,1300,-576
1.0170,2066,1925,1300,-576
1.0174,2066,1925,1300,-576
1.0178,2066,1926,1300,-584
1.0182,2066,1926,1300,-584
1.0186,2066,1926,1300,-584
1.0190,2066,1928,1300,-584
1.0194,2066,1928,1300,-584
1.0198,2066,1929,1300,-592
1.0202,2087,1929,1300,-592
1.0209,2087,1931,1300,-592
1.0213,2087,1931,1300,-592
1.0216,2087,1931,1300,-592
1.0220,2087,1933,1300,-592
1.0224,2087,1933,1300,-592
1.0228,2087,1934,1300,-600
1.0232,2087,1934,1300,-600
1.0236,2087,1934,1300,-600
1.0240,2087,1936,1300,-600
1.0244,2087,1936,1300,-600
1.0247,2087,1938,1300,-600
1.0251,2087,1938,1300,-600
1.0255,2087,1938,1300,-600
1.0259,2087,1939,1300,-608
1.0263,2087,1939,1300,-608
1.0267,2087,1939,1300,-608
1.0270,2087,1941,1300,-608
1.0274,2087,1941,1300,-608
1.0278,2087,1943,1300,-608
1.0282,2087,1943,1300,-608
1.0286,2087,1943,1300,-608
1.0290,2087,1945,1300,-608
1.0294,2087,1945,1300,-608
1.0298,2087,1946,1300,-616
1.0302,2107,1946,1300,-616
1.0309,2107,1948,1300,-592
1.0313,2107,1948,1300,-592
1.0317,2107,1949,1300,-600
1.0321,2107,1949,1300,-600
1.0325,2107,1949,1300,-600
1.0328,2107,1951,1600,-600
1.0332,2107,1951,1600,-600
1.0336,2107,1951,1600,-600
1.0340,2107,1953,1600,-600
1.0344,2107,1953,1600,-600
1.0348,2107,1955,1600,-600
1.0352,2107,1955,1600,-600
1.0355,2107,1955,1600,-600
1.0359,2107,1957,1600,-600
1.0364,2107,1957,1600,-600
1.0368,2107,1959,1600,-600
1.0371,2107,1959,1600,-600
1.0375,2107,1959,1600,-600
1.0379,2107,1961,1600,-600
1.0383,2107,1961,1600,-600
1.0387,2107,1963,1600,-600
1.0390,2107,1963,1600,-600
1.0394,2107,1963,1600,-600
1.0398,2107,1965,1600,-600
1.0402,2127,1965,1600,-600
1.0409,2127,1966,1600,-608
1.0413,2127,1966,1600,-608
1.0416,2127,1968,1600,-608
1.0420,2127,1968,1600,-608
1.0424,2127,1968,1600,-608
1.0428,2127,1970,1600,-608
1.0431,2127,1970,1600,-608
1.0435,2127,1970,1600,-608
1.0438,2127,1972,1600,-608
1.0442,2127,1972,1600,-608
1.0445,2127,1972,1600,-608
1.0449,2127,1974,1600,-608
1.0452,2127,1974,1600,-608
1.0456,2127,1976,1600,-608
1.0460,2127,1976,1600,-608
1.0464,2127,1976,1600,-608
1.0467,2127,1978,1600,-608
1.0471,2127,1978,1600,-608
1.0475,2127,1978,1600,-608
1.0478,2127,1980,1600,-608
1.0481,2127,1980,1600,-608
1.0485,2127,1980,1600,-608
1.0489,2127,1982,1600,-608
1.0492,2127,1982,1600,-608
1.0496,2127,1984,1600,-608
1.0499,2127,1984,1600,-608
1.0504,2145,1985,1600,-596
1.0510,2145,1985,1600,-596
1.0514,2145,1985,1600,-596
1.0518,2145,1988,1600,-588
1.0521,2145,1988,1600,-588
1.0525,2145,1988,1600,-588
1.0529,2145,1990,1950,-588
1.0533,2145,1990,1950,-588
1.0536,2145,1991,1950,-596
1.0540,2145,1991,1950,-596
1.0544,2145,1991,1950,-596
1.0548,2145,1993,1950,-596
1.0551,2145,1993,1950,-596
1.0555,2145,1993,1950,-596
1.0559,2145,1995,1950,-596
1.0562,2145,1995,1950,-596
1.0566,2145,1997,1950,-596
1.0570,2145,1997,1950,-596
1.0574,2145,1997,1950,-596
1.0577,2145,1999,1950,-588
1.0581,2145,1999,1950,-588
1.0585,2145,1999,1950,-588
1.0588,2145,2001,1950,-588
1.0592,2145,2001,1950,-588
1.0595,2145,2003,1950,-588
1.0599,2145,2003,1950,-588
1.0602,2161,2005,1950,-588
1.0609,2161,2005,1950,-588
1.0614,2161,2005,1950,-588
1.0617,2161,2007,1950,-588
1.0621,2161,2007,1950,-588
1.0625,2161,2007,1950,-588
1.0628,2161,2009,1950,-588
1.0632,2161,2009,1950,-588
1.0636,2161,2011,1950,-588
1.0639,2161,2011,1950,-588
1.0643,2161,2011,1950,-588
1.0646,2161,2013,1950,-588
1.0650,2161,2013,1950,-588
1.0654,2161,2013,1950,-588
1.0657,2161,2015,1950,-588
1.0661,2161,2015,1950,-588
1.0664,2161,2015,1950,-588
1.0668,2161,2017,1950,-588
1.0671,2161,2017,1950,-588
1.0676,2161,2019,1950,-588
1.0680,2161,2019,1950,-588
1.0684,2161,2019,1950,-588
1.0687,2161,2021,1950,-588
1.0691,2161,2021,1950,-588
1.0694,2161,2021,1950,-588
1.0698,2161,2023,1950,-588
1.0701,2176,2023,1950,-588
1.0708,2176,2025,1950,-572
1.0711,2176,2025,1950,-572
1.0715,2176,2027,1950,-572
1.0719,2176,2027,1950,-572
1.0722,2176,2027,1950,-572
1.0726,2176,2029,1950,-564
1.0729,2176,2029,1950,-564
1.0733,2176,2029,1950,-564
1.0736,2176,2031,1950,-564
1.0740,2176,2031,1950,-564
1.0744,2176,2031,1950,-564
1.0747,2176,2033,1950,-564
1.0751,2176,2033,1950,-564
1.0755,2176,2035,1950,-564
1.0758,2176,2035,1950,-564
1.0762,2176,2035,1950,-564
1.0765,2176,2038,1950,-556
1.0769,2176,2038,1950,-556
1.0772,2176,2038,1950,-556
1.0776,2176,2040,1950,-556
1.0780,2176,2040,1950,-556
1.0784,2176,2040,1950,-556
1.0787,2176,2041,1950,-564
1.0791,2176,2041,1950,-564
1.0794,2176,2041,1950,-564
1.0798,2176,2043,1950,-564
1.0801,2188,2045,1950,-556
1.0808,2188,2045,1950,-556
1.0811,2188,2045,1950,-556
1.0815,2188,2047,1950,-556
1.0818,2188,2047,1950,-556
1.0822,2188,2047,1950,-556
1.0825,2188,2050,1950,-548
1.0829,2188,2050,1950,-548
1.0832,2188,2050,1950,-548
1.0836,2188,2052,1950,-548
1.0840,2188,2052,1950,-548
1.0844,2188,2052,1950,-548
1.0847,2188,2054,1950,-548
1.0851,2188,2054,1950,-548
1.0855,2188,2056,1950,-548
1.0858,2188,2056,1950,-548
1.0862,2188,2056,1950,-548
1.0865,2188,2058,1950,-540
1.0869,2188,2058,1950,-540
1.0872,2188,2058,1950,-540
1.0876,2188,2060,1950,-540
1.0880,2188,2060,1950,-540
1.0884,2188,2060,1950,-540
1.0887,2188,2062,1950,-540
1.0891,2188,2062,1950,-540
1.0895,2188,2064,1950,-540
1.0899,2188,2064,1950,-540
1.0902,2199,2066,1950,-516
1.0910,2199,2066,1950,-516
1.0914,2199,2068,1950,-516
1.0918,2199,2068,1950,-516
1.0922,2199,2068,1950,-516
1.0926,2199,2070,2050,-516
1.0929,2199,2070,2050,-516
1.0934,2199,2072,2050,-516
1.0937,2199,2072,2050,-516
1.0941,2199,2072,2050,-516
1.0944,2199,2074,2050,-516
1.0948,2199,2074,2050,-516
1.0952,2199,2074,2050,-516
1.0956,2199,2076,2050,-508
1.0959,2199,2076,2050,-508
1.0963,2199,2076,2050,-508
1.0966,2199,2078,2050,-508
1.0970,2199,2078,2050,-508
1.0974,2199,2080,2050,-508
1.0977,2199,2080,2050,-508
1.0981,2199,2080,2050,-508
1.0984,2199,2082,2050,-500
1.0988,2199,2082,2050,-500
1.0991,2199,2082,2050,-500
1.0995,2199,2084,2050,-500
1.0998,2199,2084,2050,-500
1.1002,2206,2086,2050,-500
1.1008,2206,2086,2050,-500
1.1012,2206,2086,2050,-500
1.1016,2206,2088,2050,-492
1.1019,2206,2088,2050,-492
1.1023,2206,2088,2050,-492
1.1027,2206,2090,2050,-492
1.1030,2206,2090,2050,-492
1.1034,2206,2091,2050,-500
1.1037,2206,2091,2050,-500
1.1041,2206,2091,2050,-500
1.1044,2206,2093,2050,-492
1.1048,2206,2093,2050,-492
1.1052,2206,2093,2050,-492
1.1055,2206,2095,2050,-492
1.1059,2206,2095,2050,-492
1.1063,2206,2097,2050,-484
1.1067,2206,2097,2050,-484
1.1070,2206,2097,2050,-484
1.1074,2206,2099,2050,-484
1.1078,2206,2099,2050,-484
1.1081,2206,2099,2050,-484
1.1085,2206,2101,2050,-484
1.1088,2206,2101,2050,-484
1.1092,2206,2101,2050,-484
1.1095,2206,2103,2050,-476
1.1099,2206,2103,2050,-476
1.1103,2212,2105,2050,-476
1.1109,2212,2105,2050,-476
1.1114,2212,2107,2050,-468
1.1117,2212,2107,2050,-468
1.1121,2212,2107,2050,-468
1.1125,2212,2109,1950,-468
1.1129,2212,2109,1950,-468
1.1132,2212,2110,1950,-468
1.1136,2212,2110,1950,-468
1.1140,2212,2110,1950,-468
1.1144,2212,2112,1950,-468
1.1148,2212,2112,1950,-468
1.1151,2212,2112,1950,-468
1.1155,2212,2114,1950,-460
1.1159,2212,2114,1950,-460
1.1163,2212,2116,1950,-452
1.1166,2212,2116,1950,-452
1.1170,2212,2116,1950,-452
1.1174,2212,2118,1950,-452
1.1177,2212,2118,1950,-452
1.1181,2212,2118,1950,-452
1.1184,2212,2119,1950,-452
1.1188,2212,2119,1950,-452
1.1192,2212,2119,1950,-452
1.1195,2212,2121,1950,-452
1.1199,2212,2121,1950,-452
1.1202,2214,2123,1950,-444
1.1209,2214,2123,1950,-444
1.1212,2214,2123,1950,-444
1.1216,2214,2125,1950,-436
1.1219,2214,2125,1950,-436
1.1224,2214,2127,1950,-428
1.1227,2214,2127,1950,-428
1.1231,2214,2127,1950,-428
1.1234,2214,2129,1950,-428
1.1238,2214,2129,1950,-428
1.1241,2214,2129,1950,-428
1.1245,2214,2130,1950,-428
1.1248,2214,2130,1950,-428
1.1252,2214,2130,1950,-428
1.1255,2214,2132,1950,-420
1.1258,2214,2132,1950,-420
1.1262,2214,2132,1950,-420
1.1265,2214,2134,1950,-420
1.1269,2214,2134,1950,-420
1.1272,2214,2136,1950,-412
1.1276,2214,2136,1950,-412
1.1280,2214,2136,1950,-412
1.1284,2214,2137,1950,-412
1.1287,2214,2137,1950,-412
1.1290,2214,2137,1950,-412
1.1294,2214,2139,1950,-404
1.1297,2214,2139,1950,-404
1.1301,2214,2141,1950,-376
1.1307,2214,2141,1950,-376
1.1311,2214,2141,1950,-376
1.1314,2214,2143,1950,-368
1.1318,2214,2143,1950,-368
1.1322,2214,2143,1950,-368
1.1325,2214,2145,1800,-360
1.1329,2214,2145,1800,-360
1.1332,2214,2146,1800,-360
1.1336,2214,2146,1800,-360
1.1339,2214,2146,1800,-360
1.1343,2214,2148,1800,-352
1.1346,2214,2148,1800,-352
1.1350,2214,2148,1800,-352
1.1354,2214,2150,1800,-344
1.1357,2214,2150,1800,-344
1.1361,2214,2150,1800,-344
1.1364,2214,2151,1800,-344
1.1368,2214,2151,1800,-344
1.1372,2214,2153,1800,-336
1.1375,2214,2153,1800,-336
1.1379,2214,2153,1800,-336
1.1382,2214,2155,1800,-328
1.1386,2214,2155,1800,-328
1.1390,2214,2155,1800,-328
1.1394,2214,2156,1800,-328
1.1398,2214,2156,1800,-328
1.1402,2212,2158,1800,-320
1.1409,2212,2158,1800,-320
1.1412,2212,2159,1800,-320
1.1416,2212,2159,1800,-320
1.1420,2212,2159,1800,-320
1.1424,2212,2161,1800,-312
1.1427,2212,2161,1800,-312
1.1431,2212,2161,1800,-312
1.1435,2212,2163,1800,-296
1.1438,2212,2163,1800,-296
1.1442,2212,2164,1800,-296
1.1446,2212,2164,1800,-296
1.1449,2212,2164,1800,-296
1.1454,2212,2165,1800,-296
1.1457,2212,2165,1800,-296
1.1461,2212,2165,1800,-296
1.1465,2212,2167,1800,-288
1.1468,2212,2167,1800,-288
1.1472,2212,2168,1800,-280
1.1476,2212,2168,1800,-280
1.1479,2212,2168,1800,-280
1.1484,2212,2170,1800,-272
1.1487,2212,2170,1800,-272
1.1491,2212,2171,1800,-272
1.1495,2212,2171,1800,-272
1.1499,2212,2171,1800,-272
1.1502,2206,2173,1800,-236
1.1510,2206,2173,1800,-236
1.1514,2206,2175,1800,-228
1.1517,2206,2175,1800,-228
1.1521,2206,2176,1550,-220
1.1524,2206,2176,1550,-220
1.1528,2206,2176,1550,-220
1.1531,2206,2177,1550,-220
1.1535,2206,2177,1550,-220
1.1538,2206,2177,1550,-220
1.1542,2206,2179,1550,-204
1.1545,2206,2179,1550,-204
1.1549,2206,2179,1550,-204
1.1553,2206,2180,1550,-204
1.1556,2206,2180,1550,-204
1.1560,2206,2180,1550,-204
1.1564,2206,2182,1550,-188
1.1567,2206,2182,1550,-188
1.1571,2206,2183,1550,-188
1.1575,2206,2183,1550,-188
1.1579,2206,2183,1550,-188
1.1582,2206,2184,1550,-180
1.1586,2206,2184,1550,-180
1.1590,2206,2184,1550,-180
1.1594,2206,2185,1550,-172
1.1598,2206,2185,1550,-172
1.1602,2198,2186,1550,-172
1.1609,2198,2186,1550,-172
1.1613,2198,2188,1550,-156
1.1617,2198,2188,1550,-156
1.1621,2198,2189,1550,-148
1.1624,2198,2189,1550,-148
1.1628,2198,2189,1550,-148
1.1632,2198,2190,1550,-148
1.1636,2198,2190,1550,-148
1.1640,2198,2190,1550,-148
1.1644,2198,2191,1550,-140
1.1648,2198,2191,1550,-140
1.1652,2198,2192,1550,-132
1.1655,2198,2192,1550,-132
1.1659,2198,2192,1550,-132
1.1663,2198,2193,1550,-124
1.1667,2198,2193,1550,-124
1.1671,2198,2195,1550,-116
1.1675,2198,2195,1550,-116
1.1678,2198,2195,1550,-116
1.1682,2198,2196,1550,-108
1.1686,2198,2196,1550,-108
1.1691,2198,2197,1550,-100
1.1695,2198,2197,1550,-100
1.1698,2198,2197,1550,-100
1.1702,2188,2198,1550,-80
1.1709,2188,2198,1550,-80
1.1713,2188,2199,1550,-72
1.1716,2188,2199,1550,-72
1.1720,2188,2200,1200,-64
1.1724,2188,2200,1200,-64
1.1728,2188,2200,1200,-64
1.1731,2188,2201,1200,-56
1.1735,2188,2201,1200,-56
1.1739,2188,2201,1200,-56
1.1742,2188,2202,1200,-48
1.1746,2188,2202,1200,-48
1.1750,2188,2203,1200,-40
1.1754,2188,2203,1200,-40
1.1758,2188,2203,1200,-40
1.1761,2188,2204,1200,-32
1.1765,2188,2204,1200,-32
1.1769,2188,2204,1200,-32
1.1774,2188,2204,1200,-32
1.1778,2188,2204,1200,-32
1.1782,2188,2205,1200,0
1.1785,2188,2205,1200,0
1.1789,2188,2205,1200,0
1.1793,2188,2206,1200,24
1.1797,2188,2206,1200,24
1.1800,2175,2207,1200,32
1.1808,2175,2207,1200,32
1.1811,2175,2207,1200,32
1.1815,2175,2207,1200,32
1.1819,2175,2207,1200,32
1.1823,2175,2208,1200,48
1.1827,2175,2208,1200,48
1.1830,2175,2209,1200,56
1.1834,2175,2209,1200,56
1.1838,2175,2209,1200,56
1.1842,2175,2210,1200,64
1.1846,2175,2210,1200,64
1.1849,2175,2210,1200,72
1.1854,2175,2210,1200,72
1.1858,2175,2210,1200,72
1.1862,2175,2211,1200,80
1.1865,2175,2211,1200,80
1.1869,2175,2211,1200,80
1.1872,2175,2211,1200,80
1.1876,2175,2211,1200,80
1.1880,2175,2211,1200,88
1.1884,2175,2211,1200,88
1.1888,2175,2211,1200,88
1.1892,2175,2212,1200,88
1.1895,2175,2212,1200,88
1.1900,2175,2212,1200,84
1.1904,2160,2212,1200,84
1.1911,2160,2213,1200,92
1.1914,2160,2213,1200,92
1.1918,2160,2213,1200,92
1.1922,2160,2213,650,100
1.1926,2160,2213,650,100
1.1929,2160,2213,650,100
1.1934,2160,2213,650,100
1.1938,2160,2213,650,100
1.1942,2160,2214,650,116
1.1945,2160,2214,650,116
1.1949,2160,2214,650,124
1.1954,2160,2214,650,124
1.1958,2160,2214,650,124
1.1961,2160,2214,650,124
1.1965,2160,2214,650,124
1.1969,2160,2214,650,132
1.1972,2160,2214,650,132
1.1976,2160,2214,650,132
1.1980,2160,2215,650,140
1.1984,2160,2215,650,140
1.1988,2160,2215,650,140
1.1991,2160,2215,650,148
1.1995,2160,2215,650,148
1.1998,2160,2215,650,156
1.2002,2144,2215,650,156
1.2010,2144,2215,650,164
1.2014,2144,2215,650,164
1.2017,2144,2215,650,164
1.2021,2144,2215,650,164
1.2025,2144,2215,650,164
1.2029,2144,2215,650,172
1.2033,2144,2215,650,172
1.2037,2144,2215,650,172
1.2041,2144,2215,650,180
1.2044,2144,2215,650,180
1.2048,2144,2215,650,188
1.2052,2144,2215,650,188
1.2056,2144,2215,650,188
1.2060,2144,2215,650,196
1.2064,2144,2215,650,196
1.2068,2144,2215,650,196
1.2072,2144,2215,650,204
1.2075,2144,2215,650,204
1.2079,2144,2215,650,212
1.2083,2144,2215,650,212
1.2087,2144,2215,650,212
1.2091,2144,2215,650,220
1.2094,2144,2215,650,220
1.2098,2144,2215,650,232
1.2102,2126,2215,650,232
1.2109,2126,2215,650,240
1.2112,2126,2215,650,240
1.2116,2126,2215,650,240
1.2120,2126,2215,100,248
1.2124,2126,2215,100,248
1.2128,2126,2215,100,256
1.2132,2126,2215,100,256
1.2136,2126,2215,100,256
1.2139,2126,2215,100,264
1.2143,2126,2215,100,264
1.2147,2126,2215,100,264
1.2151,2126,2215,100,272
1.2154,2126,2215,100,272
1.2158,2126,2215,100,280
1.2162,2126,2215,100,280
1.2166,2126,2215,100,280
1.2170,2126,2215,100,288
1.2174,2126,2215,100,288
1.2178,2126,2215,100,304
1.2181,2126,2215,100,304
1.2185,2126,2215,100,304
1.2189,2126,2215,100,312
1.2193,2126,2215,100,312
1.2197,2126,2215,100,312
1.2201,2107,2214,100,312
1.2208,2107,2214,100,320
1.2211,2107,2214,100,320
1.2215,2107,2214,100,320
1.2218,2107,2213,100,328
1.2222,2107,2213,100,328
1.2226,2107,2213,100,328
1.2230,2107,2213,100,336
1.2234,2107,2213,100,336
1.2238,2107,2212,100,336
1.2241,2107,2212,100,336
1.2245,2107,2212,100,336
1.2249,2107,2212,100,352
1.2253,2107,2212,100,352
1.2257,2107,2211,100,352
1.2261,2107,2211,100,352
1.2265,2107,2211,100,352
1.2268,2107,2211,100,360
1.2272,2107,2211,100,360
1.2276,2107,2211,100,360
1.2280,2107,2210,100,368
1.2284,2107,2210,100,368
1.2288,2107,2209,100,368
1.2291,2107,2209,100,368
1.2295,2107,2209,100,368
1.2299,2107,2208,100,376
1.2303,2086,2208,100,376
1.2310,2086,2207,100,376
1.2314,2086,2207,100,376
1.2317,2086,2207,-400,392
1.2321,2086,2207,-400,392
1.2324,2086,2207,-400,392
1.2328,2086,2206,-400,392
1.2332,2086,2206,-400,392
1.2336,2086,2206,-400,392
1.2339,2086,2205,-400,400
1.2344,2086,2205,-400,400
1.2348,2086,2205,-400,416
1.2352,2086,2205,-400,416
1.2355,2086,2205,-400,416
1.2359,2086,2204,-400,416
1.2363,2086,2204,-400,416
1.2367,2086,2203,-400,424
1.2371,2086,2203,-400,424
1.2375,2086,2203,-400,424
1.2378,2086,2202,-400,432
1.2382,2086,2202,-400,432
1.2386,2086,2202,-400,432
1.2389,2086,2201,-400,432
1.2394,2086,2201,-400,432
1.2397,2086,2200,-400,440
1.2401,2065,2200,-400,440
1.2407,2065,2199,-400,448
1.2411,2065,2199,-400,448
1.2414,2065,2199,-400,448
1.2418,2065,2198,-400,456
1.2422,2065,2198,-400,456
1.2426,2065,2198,-400,456
1.2429,2065,2197,-400,464
1.2434,2065,2197,-400,464
1.2438,2065,2196,-400,464
1.2442,2065,2196,-400,464
1.2446,2065,2196,-400,464
1.2449,2065,2195,-400,472
1.2454,2065,2195,-400,472
1.2458,2065,2194,-400,480
1.2462,2065,2194,-400,480
1.2465,2065,2194,-400,480
1.2469,2065,2193,-400,488
1.2473,2065,2193,-400,488
1.2477,2065,2192,-400,496
1.2481,2065,2192,-400,496
1.2485,2065,2192,-400,496
1.2488,2065,2191,-400,504
1.2492,2065,2191,-400,504
1.2495,2065,2191,-400,504
1.2499,2065,2189,-400,496
1.2502,2043,2188,-400,504
1.2510,2043,2188,-400,504
1.2514,2043,2188,-400,504
1.2518,2043,2187,-1000,512
1.2522,2043,2187,-1000,512
1.2525,2043,2187,-1000,512
1.2529,2043,2186,-1000,520
1.2533,2043,2186,-1000,520
1.2536,2043,2185,-1000,528
1.2540,2043,2185,-1000,528
1.2544,2043,2185,-1000,528
1.2548,2043,2183,-1000,528
1.2552,2043,2183,-1000,528
1.2556,2043,2182,-1000,536
1.2560,2043,2182,-1000,536
1.2564,2043,2182,-1000,536
1.2568,2043,2181,-1000,544
1.2572,2043,2181,-1000,544
1.2576,2043,2179,-1000,544
1.2580,2043,2179,-1000,544
1.2584,2043,2179,-1000,544
1.2587,2043,2178,-1000,552
1.2591,2043,2178,-1000,552
1.2595,2043,2178,-1000,552
1.2599,2043,2177,-1000,560
1.2603,2022,2175,-1000,560
1.2610,2022,2175,-1000,560
1.2614,2022,2175,-1000,560
1.2618,2022,2174,-1000,568
1.2622,2022,2174,-1000,568
1.2625,2022,2173,-1000,576
1.2629,2022,2173,-1000,576
1.2634,2022,2173,-1000,576
1.2638,2022,2171,-1000,576
1.2641,2022,2171,-1000,576
1.2646,2022,2170,-1000,584
1.2649,2022,2170,-1000,584
1.2654,2022,2170,-1000,584
1.2658,2022,2168,-1000,584
1.2662,2022,2168,-1000,584
1.2666,2022,2167,-1000,592
1.2670,2022,2167,-1000,592
1.2674,2022,2167,-1000,592
1.2678,2022,2165,-1000,592
1.2683,2022,2165,-1000,592
1.2687,2022,2164,-1000,600
1.2691,2022,2164,-1000,600
1.2694,2022,2164,-1000,600
1.2698,2022,2162,-1000,588
1.2702,2001,2160,-1000,588
1.2709,2001,2160,-1000,588
1.2713,2001,2160,-1000,588
1.2717,2001,2159,-1400,596
1.2721,2001,2159,-1400,596
1.2724,2001,2159,-1400,596
1.2728,2001,2157,-1400,596
1.2732,2001,2157,-1400,596
1.2736,2001,2155,-1400,596
1.2740,2001,2155,-1400,596
1.2744,2001,2155,-1400,596
1.2748,2001,2154,-1400,604
1.2752,2001,2154,-1400,604
1.2756,2001,2152,-1400,604
1.2760,2001,2152,-1400,604
1.2764,2001,2152,-1400,604
1.2768,2001,2150,-1400,604
1.2772,2001,2150,-1400,604
1.2776,2001,2149,-1400,620
1.2780,2001,2149,-1400,620
1.2784,2001,2149,-1400,620
1.2788,2001,2147,-1400,620
1.2792,2001,2147,-1400,620
1.2796,2001,2145,-1400,620
1.2800,2001,2145,-1400,620
1.2804,1980,2143,-1400,620
1.2811,1980,2143,-1400,620
1.2814,1980,2141,-1400,620
1.2818,1980,2141,-1400,620
1.2822,1980,2141,-1400,620
1.2826,1980,2140,-1400,628
1.2830,1980,2140,-1400,628
1.2834,1980,2140,-1400,628
1.2838,1980,2138,-1400,628
1.2841,1980,2138,-1400,628
1.2845,1980,2136,-1400,628
1.2849,1980,2136,-1400,628
1.2854,1980,2136,-1400,628
1.2858,1980,2134,-1400,628
1.2862,1980,2134,-1400,628
1.2865,1980,2132,-1400,628
1.2869,1980,2132,-1400,628
1.2873,1980,2132,-1400,628
1.2877,1980,2130,-1400,628
1.2881,1980,2130,-1400,628
1.2885,1980,2128,-1400,628
1.2888,1980,2128,-1400,628
1.2892,1980,2128,-1400,628
1.2896,1980,2126,-1400,596
1.2900,1962,2125,-1400,604
1.2908,1962,2125,-1400,604
1.2912,1962,2125,-1400,604
1.2916,1962,2123,-1800,604
1.2919,1962,2123,-1800,604
1.2924,1962,2121,-1800,604
1.2928,1962,2121,-1800,604
1.2931,1962,2121,-1800,604
1.2935,1962,2119,-1800,604
1.2939,1962,2119,-1800,604
1.2943,1962,2119,-1800,604
1.2947,1962,2117,-1800,604
1.2951,1962,2117,-1800,604
1.2955,1962,2115,-1800,604
1.2959,1962,2115,-1800,604
1.2962,1962,2115,-1800,604
1.2966,1962,2113,-1800,604
1.2970,1962,2113,-1800,604
1.2974,1962,2111,-1800,604
1.2978,1962,2111,-1800,604
1.2982,1962,2111,-1800,604
1.2986,1962,2109,-1800,604
1.2990,1962,2109,-1800,604
1.2994,1962,2107,-1800,604
1.2997,1962,2107,-1800,604
1.3001,1944,2105,-1800,604
1.3008,1944,2105,-1800,604
1.3012,1944,2105,-1800,604
1.3015,1944,2103,-1800,604
1.3019,1944,2103,-1800,604
1.3023,1944,2103,-1800,604
1.3026,1944,2101,-1800,604
1.3030,1944,2101,-1800,604
1.3034,1944,2099,-1800,604
1.3037,1944,2099,-1800,604
1.3041,1944,2099,-1800,604
1.3045,1944,2097,-1800,604
1.3048,1944,2097,-1800,604
1.3052,1944,2097,-1800,604
1.3056,1944,2095,-1800,604
1.3059,1944,2095,-1800,604
1.3064,1944,2093,-1800,604
1.3067,1944,2093,-1800,604
1.3071,1944,2093,-1800,604
1.3074,1944,2091,-1800,604
1.3078,1944,2091,-1800,604
1.3082,1944,2091,-1800,604
1.3085,1944,2089,-1800,604
1.3089,1944,2089,-1800,604
1.3092,1944,2089,-1800,604
1.3096,1944,2087,-1800,588
1.3099,1944,2087,-1800,588
1.3104,1927,2085,-1800,588
1.3110,1927,2085,-1800,588
1.3114,1927,2083,-2000,588
1.3117,1927,2083,-2000,588
1.3121,1927,2083,-2000,588
1.3125,1927,2081,-2000,588
1.3128,1927,2081,-2000,588
1.3132,1927,2081,-2000,588
1.3135,1927,2079,-2000,588
1.3139,1927,2079,-2000,588
1.3142,1927,2077,-2000,588
1.3146,1927,2077,-2000,588
1.3150,1927,2077,-2000,588
1.3154,1927,2075,-2000,588
1.3157,1927,2075,-2000,588
1.3161,1927,2075,-2000,588
1.3165,1927,2073,-2000,588
1.3169,1927,2073,-2000,588
1.3172,1927,2071,-2000,588
1.3176,1927,2071,-2000,588
1.3180,1927,2071,-2000,588
1.3184,1927,2069,-2000,588
1.3187,1927,2069,-2000,588
1.3191,1927,2069,-2000,588
1.3194,1927,2067,-2000,588
1.3198,1927,2067,-2000,588
1.3202,1912,2065,-2000,588
1.3209,1912,2065,-2000,588
1.3214,1912,2063,-2000,588
1.3218,1912,2063,-2000,588
1.3222,1912,2063,-2000,588
1.3226,1912,2061,-2000,588
1.3229,1912,2061,-2000,588
1.3234,1912,2059,-2000,580
1.3238,1912,2059,-2000,580
1.3241,1912,2059,-2000,580
1.3245,1912,2057,-2000,580
1.3249,1912,2057,-2000,580
1.3253,1912,2054,-2000,572
1.3257,1912,2054,-2000,572
1.3260,1912,2054,-2000,572
1.3264,1912,2052,-2000,572
1.3268,1912,2052,-2000,572
1.3272,1912,2052,-2000,572
1.3276,1912,2050,-2000,572
1.3279,1912,2050,-2000,572
1.3284,1912,2048,-2000,572
1.3288,1912,2048,-2000,572
1.3291,1912,2048,-2000,572
1.3295,1912,2046,-2000,560
1.3299,1912,2046,-2000,560
1.3303,1900,2044,-2000,560
1.3310,1900,2044,-2000,560
1.3314,1900,2042,-2050,560
1.3317,1900,2042,-2050,560
1.3321,1900,2042,-2050,560
1.3325,1900,2040,-2050,560
1.3329,1900,2040,-2050,560
1.3333,1900,2038,-2050,552
1.3336,1900,2038,-2050,552
1.3340,1900,2038,-2050,552
1.3344,1900,2036,-2050,552
1.3348,1900,2036,-2050,552
1.3352,1900,2034,-2050,552
1.3355,1900,2034,-2050,552
1.3359,1900,2034,-2050,552
1.3363,1900,2032,-2050,552
1.3367,1900,2032,-2050,552
1.3370,1900,2032,-2050,552
1.3374,1900,2030,-2050,552
1.3378,1900,2030,-2050,552
1.3382,1900,2027,-2050,544
1.3386,1900,2027,-2050,544
1.3389,1900,2027,-2050,544
1.3394,1900,2026,-2050,544
1.3398,1900,2026,-2050,544
1.3402,1889,2024,-2050,544
1.3409,1889,2024,-2050,544
1.3413,1889,2022,-2050,544
1.3417,1889,2022,-2050,544
1.3420,1889,2022,-2050,544
1.3424,1889,2020,-2050,544
1.3428,1889,2020,-2050,544
1.3432,1889,2018,-2050,536
1.3436,1889,2018,-2050,536
1.3439,1889,2018,-2050,536
1.3444,1889,2015,-2050,528
1.3448,1889,2015,-2050,528
1.3451,1889,2013,-2050,528
1.3455,1889,2013,-2050,528
1.3459,1889,2013,-2050,528
1.3464,1889,2011,-2050,528
1.3468,1889,2011,-2050,528
1.3471,1889,2009,-2050,520
1.3475,1889,2009,-2050,520
1.3479,1889,2009,-2050,520
1.3482,1889,2008,-2050,528
1.3486,1889,2008,-2050,528
1.3490,1889,2008,-2050,528
1.3494,1889,2006,-2050,520
1.3498,1889,2006,-2050,520
1.3501,1882,2004,-2050,512
1.3508,1882,2004,-2050,512
1.3512,1882,2002,-2000,512
1.3516,1882,2002,-2000,512
1.3520,1882,2002,-2000,512
1.3524,1882,2000,-2000,512
1.3528,1882,2000,-2000,512
1.3531,1882,1998,-2000,504
1.3535,1882,1998,-2000,504
1.3539,1882,1998,-2000,504
1.3543,1882,1996,-2000,504
1.3547,1882,1996,-2000,504
1.3551,1882,1994,-2000,496
1.3555,1882,1994,-2000,496
1.3558,1882,1994,-2000,496
1.3562,1882,1992,-2000,496
1.3566,1882,1992,-2000,496
1.3570,1882,1992,-2000,496
1.3574,1882,1990,-2000,496
1.3577,1882,1990,-2000,496
1.3581,1882,1988,-2000,488
1.3585,1882,1988,-2000,488
1.3589,1882,1988,-2000,488
1.3593,1882,1986,-2000,488
1.3597,1882,1986,-2000,488
1.3600,1876,1984,-2000,480
1.3608,1876,1984,-2000,480
1.3612,1876,1982,-2000,480
1.3615,1876,1982,-2000,480
1.3620,1876,1982,-2000,480
1.3624,1876,1981,-2000,480
1.3627,1876,1981,-2000,480
1.3631,1876,1979,-2000,480
1.3635,1876,1979,-2000,480
1.3639,1876,1979,-2000,480
1.3642,1876,1977,-2000,472
1.3646,1876,1977,-2000,472
1.3650,1876,1975,-2000,472
1.3654,1876,1975,-2000,472
1.3658,1876,1975,-2000,472
1.3661,1876,1973,-2000,464
1.3665,1876,1973,-2000,464
1.3669,1876,1973,-2000,464
1.3673,1876,1971,-2000,456
1.3677,1876,1971,-2000,456
1.3681,1876,1969,-2000,456
1.3685,1876,1969,-2000,456
1.3689,1876,1969,-2000,456
1.3692,1876,1967,-2000,428
1.3696,1876,1967,-2000,428
1.3700,1874,1966,-2000,428
1.3708,1874,1966,-2000,428
1.3712,1874,1964,-1900,428
1.3715,1874,1964,-1900,428
1.3719,1874,1964,-1900,428
1.3724,1874,1962,-1900,420
1.3728,1874,1962,-1900,420
1.3731,1874,1960,-1900,412
1.3735,1874,1960,-1900,412
1.3739,1874,1960,-1900,412
1.3742,1874,1958,-1900,412
1.3746,1874,1958,-1900,412
1.3750,1874,1957,-1900,412
1.3754,1874,1957,-1900,412
1.3758,1874,1957,-1900,412
1.3762,1874,1955,-1900,404
1.3765,1874,1955,-1900,404
1.3769,1874,1955,-1900,404
1.3774,1874,1953,-1900,396
1.3777,1874,1953,-1900,396
1.3781,1874,1951,-1900,388
1.3784,1874,1951,-1900,388
1.3788,1874,1951,-1900,388
1.3792,1874,1949,-1900,388
1.3795,1874,1949,-1900,388
1.3799,1874,1949,-1900,388
1.3803,1874,1948,-1900,388
1.3810,1874,1946,-1900,380
1.3814,1874,1946,-1900,380
1.3818,1874,1946,-1900,380
1.3822,1874,1944,-1900,372
1.3826,1874,1944,-1900,372
1.3830,1874,1942,-1900,364
1.3834,1874,1942,-1900,364
1.3838,1874,1942,-1900,364
1.3842,1874,1940,-1900,356
1.3846,1874,1940,-1900,356
1.3849,1874,1939,-1900,356
1.3853,1874,1939,-1900,356
1.3857,1874,1939,-1900,356
1.3861,1874,1937,-1900,348
1.3865,1874,1937,-1900,348
1.3868,1874,1937,-1900,348
1.3872,1874,1936,-1900,348
1.3876,1874,1936,-1900,348
1.3881,1874,1934,-1900,340
1.3885,1874,1934,-1900,340
1.3888,1874,1934,-1900,340
1.3892,1874,1932,-1900,320
1.3896,1874,1932,-1900,320
1.3900,1874,1931,-1900,312
1.3904,1877,1931,-1900,312
1.3911,1877,1929,-1750,304
1.3915,1877,1929,-1750,304
1.3919,1877,1928,-1750,304
1.3923,1877,1928,-1750,304
1.3926,1877,1928,-1750,304
1.3930,1877,1926,-1750,296
1.3934,1877,1926,-1750,296
1.3938,1877,1926,-1750,296
1.3941,1877,1925,-1750,296
1.3945,1877,1925,-1750,296
1.3949,1877,1923,-1750,280
1.3953,1877,1923,-1750,280
1.3956,1877,1923,-1750,280
1.3960,1877,1922,-1750,280
1.3964,1877,1922,-1750,280
1.3968,1877,1922,-1750,280
1.3972,1877,1920,-1750,272
1.3976,1877,1920,-1750,272
1.3980,1877,1919,-1750,264
1.3984,1877,1919,-1750,264
1.3987,1877,1919,-1750,264
1.3991,1877,1917,-1750,256
1.3995,1877,1917,-1750,256
1.3999,1877,1915,-1750,248
1.4003,1882,1915,-1750,248
1.4010,1882,1914,-1750,240
1.4014,1882,1914,-1750,240
1.4018,1882,1914,-1750,240
1.4022,1882,1913,-1750,240
1.4026,1882,1913,-1750,240
1.4029,1882,1911,-1750,224
1.4034,1882,1911,-1750,224
1.4038,1882,1911,-1750,224
1.4042,1882,1910,-1750,224
1.4045,1882,1910,-1750,224
1.4049,1882,1909,-1750,216
1.4053,1882,1909,-1750,216
1.4056,1882,1909,-1750,216
1.4060,1882,1907,-1750,208
1.4064,1882,1907,-1750,208
1.4067,1882,1907,-1750,208
1.4071,1882,1906,-1750,200
1.4075,1882,1906,-1750,200
1.4079,1882,1905,-1750,200
1.4083,1882,1905,-1750,200
1.4087,1882,1905,-1750,200
1.4090,1882,1903,-1750,164
1.4094,1882,1903,-1750,164
1.4098,1882,1903,-1750,164
1.4101,1890,1902,-1750,156
1.4108,1890,1901,-1400,156
1.4112,1890,1901,-1400,156
1.4116,1890,1901,-1400,156
1.4120,1890,1900,-1400,148
1.4124,1890,1900,-1400,148
1.4128,1890,1898,-1400,132
1.4132,1890,1898,-1400,132
1.4135,1890,1898,-1400,132
1.4139,1890,1897,-1400,132
1.4144,1890,1897,-1400,132
1.4148,1890,1896,-1400,124
1.4151,1890,1896,-1400,124
1.4156,1890,1896,-1400,124
1.4160,1890,1895,-1400,116
1.4164,1890,1895,-1400,116
1.4168,1890,1894,-1400,108
1.4172,1890,1894,-1400,108
1.4176,1890,1894,-1400,108
1.4179,1890,1893,-1400,100
1.4184,1890,1893,-1400,100
1.4188,1890,1892,-1400,92
1.4192,1890,1892,-1400,92
1.4196,1890,1892,-1400,92
1.4199,1890,1891,-1400,92
1.4204,1900,1891,-1400,92
1.4210,1900,1890,-1400,84
1.4214,1900,1890,-1400,84
1.4218,1900,1889,-1400,76
1.4222,1900,1889,-1400,76
1.4226,1900,1889,-1400,76
1.4230,1900,1888,-1400,68
1.4234,1900,1888,-1400,68
1.4238,1900,1887,-1400,60
1.4242,1900,1887,-1400,60
1.4245,1900,1887,-1400,60
1.4249,1900,1886,-1400,44
1.4254,1900,1886,-1400,44
1.4258,1900,1885,-1400,36
1.4262,1900,1885,-1400,36
1.4265,1900,1885,-1400,36
1.4269,1900,1884,-1400,28
1.4274,1900,1884,-1400,28
1.4278,1900,1884,-1400,28
1.4281,1900,1884,-1400,28
1.4285,1900,1884,-1400,28
1.4289,1900,1882,-1400,-28
1.4293,1900,1882,-1400,-28
1.4297,1900,1882,-1400,-28
1.4301,1913,1882,-1400,-28
1.4308,1913,1881,-1000,-44
1.4312,1913,1881,-1000,-44
1.4316,1913,1881,-1000,-44
1.4319,1913,1880,-1000,-52
1.4323,1913,1880,-1000,-52
1.4326,1913,1880,-1000,-52
1.4330,1913,1880,-1000,-52
1.4334,1913,1880,-1000,-52
1.4338,1913,1879,-1000,-68
1.4342,1913,1879,-1000,-68
1.4346,1913,1879,-1000,-68
1.4349,1913,1879,-1000,-68
1.4354,1913,1879,-1000,-68
1.4358,1913,1878,-1000,-76
1.4362,1913,1878,-1000,-76
1.4365,1913,1878,-1000,-76
1.4369,1913,1878,-1000,-84
1.4374,1913,1878,-1000,-84
1.4378,1913,1877,-1000,-92
1.4382,1913,1877,-1000,-92
1.4386,1913,1877,-1000,-92
1.4389,1913,1876,-1000,-92
1.4394,1913,1876,-1000,-92
1.4398,1913,1876,-1000,-92
1.4401,1927,1876,-1000,-92
1.4409,1927,1875,-1000,-108
1.4412,1927,1875,-1000,-108
1.4416,1927,1875,-1000,-108
1.4420,1927,1875,-1000,-108
1.4424,1927,1875,-1000,-108
1.4428,1927,1875,-1000,-116
1.4432,1927,1875,-1000,-116
1.4436,1927,1875,-1000,-116
1.4440,1927,1874,-1000,-124
1.4444,1927,1874,-1000,-124
1.4448,1927,1874,-1000,-132
1.4452,1927,1874,-1000,-132
1.4456,1927,1874,-1000,-132
1.4460,1927,1874,-1000,-140
1.4464,1927,1874,-1000,-140
1.4468,1927,1874,-1000,-140
1.4472,1927,1874,-1000,-140
1.4476,1927,1874,-1000,-140
1.4479,1927,1873,-1000,-156
1.4484,1927,1873,-1000,-156
1.4488,1927,1873,-1000,-156
1.4492,1927,1873,-1000,-156
1.4496,1927,1873,-1000,-156
1.4499,1927,1873,-1000,-156
1.4504,1944,1873,-400,-164
1.4511,1944,1873,-400,-164
1.4515,1944,1873,-400,-164
1.4519,1944,1873,-400,-172
1.4522,1944,1873,-400,-172
1.4526,1944,1873,-400,-180
1.4529,1944,1873,-400,-180
1.4534,1944,1873,-400,-180
1.4538,1944,1873,-400,-188
1.4542,1944,1873,-400,-188
1.4546,1944,1873,-400,-188
1.4550,1944,1873,-400,-188
1.4554,1944,1873,-400,-188
1.4558,1944,1873,-400,-196
1.4561,1944,1873,-400,-196
1.4565,1944,1873,-400,-196
1.4569,1944,1873,-400,-204
1.4573,1944,1873,-400,-204
1.4577,1944,1873,-400,-212
1.4581,1944,1873,-400,-212
1.4585,1944,1873,-400,-212
1.4589,1944,1873,-400,-220
1.4593,1944,1873,-400,-220
1.4596,1944,1873,-400,-228
1.4600,1962,1873,-400,-228
1.4608,1962,1873,-400,-236
1.4611,1962,1873,-400,-236
1.4615,1962,1873,-400,-244
1.4619,1962,1873,-400,-244
1.4624,1962,1873,-400,-244
1.4627,1962,1873,-400,-252
1.4631,1962,1873,-400,-252
1.4635,1962,1873,-400,-252
1.4639,1962,1873,-400,-260
1.4643,1962,1873,-400,-260
1.4647,1962,1873,-400,-268
1.4650,1962,1873,-400,-268
1.4654,1962,1873,-400,-268
1.4658,1962,1873,-400,-284
1.4662,1962,1873,-400,-284
1.4666,1962,1873,-400,-292
1.4670,1962,1873,-400,-292
1.4674,1962,1873,-400,-292
1.4678,1962,1873,-400,-300
1.4682,1962,1873,-400,-300
1.4686,1962,1873,-400,-316
1.4689,1962,1873,-400,-316
1.4694,1962,1873,-400,-316
1.4698,1962,1874,-400,-316
1.4702,1982,1874,50,-332
1.4709,1982,1874,50,-332
1.4714,1982,1874,50,-332
1.4718,1982,1875,50,-332
1.4722,1982,1875,50,-332
1.4726,1982,1875,50,-340
1.4729,1982,1875,50,-340
1.4733,1982,1875,50,-340
1.4736,1982,1876,50,-348
1.4740,1982,1876,50,-348
1.4744,1982,1876,50,-348
1.4748,1982,1876,50,-356
1.4752,1982,1876,50,-356
1.4756,1982,1877,50,-356
1.4760,1982,1877,50,-356
1.4764,1982,1877,50,-356
1.4768,1982,1878,50,-364
1.4772,1982,1878,50,-364
1.4775,1982,1878,50,-372
1.4779,1982,1878,50,-372
1.4784,1982,1878,50,-372
1.4788,1982,1879,50,-380
1.4792,1982,1879,50,-380
1.4795,1982,1879,50,-388
1.4799,1982,1879,50,-388
1.4804,2002,1880,50,-396
1.4811,2002,1880,50,-396
1.4815,2002,1881,50,-396
1.4819,2002,1881,50,-396
1.4823,2002,1881,50,-396
1.4826,2002,1881,50,-412
1.4830,2002,1881,50,-412
1.4834,2002,1881,50,-412
1.4838,2002,1882,50,-420
1.4841,2002,1882,50,-420
1.4845,2002,1883,50,-420
1.4849,2002,1883,50,-420
1.4853,2002,1883,50,-420
1.4857,2002,1884,50,-428
1.4860,2002,1884,50,-428
1.4864,2002,1885,50,-428
1.4868,2002,1885,50,-428
1.4872,2002,1885,50,-428
1.4877,2002,1886,50,-436
1.4880,2002,1886,50,-436
1.4884,2002,1886,50,-444
1.4888,2002,1886,50,-444
1.4892,2002,1886,50,-444
1.4896,2002,1887,50,-452
1.4900,2002,1887,50,-452
1.4904,2023,1888,700,-452
1.4911,2023,1888,700,-452
1.4914,2023,1890,700,-452
1.4918,2023,1890,700,-452
1.4922,2023,1890,700,-452
1.4926,2023,1891,700,-460
1.4930,2023,1891,700,-460
1.4934,2023,1892,700,-468
1.4938,2023,1892,700,-468
1.4942,2023,1892,700,-468
1.4946,2023,1893,700,-476
1.4949,2023,1893,700,-476
1.4954,2023,1894,700,-484
1.4958,2023,1894,700,-484
1.4961,2023,1894,700,-484
1.4965,2023,1895,700,-492
1.4969,2023,1895,700,-492
1.4973,2023,1895,700,-492
1.4977,2023,1896,700,-500
1.4980,2023,1896,700,-500
1.4984,2023,1897,700,-500
1.4988,2023,1897,700,-500
1.4991,2023,1897,700,-500
1.4995,2023,1898,700,-508
1.4999,2023,1898,700,-508
1.5003,2045,1899,700,-516
1.5010,2045,1899,700,-516
1.5014,2045,1900,700,-524
1.5017,2045,1900,700,-524
1.5021,2045,1900,700,-524
1.5025,2045,1901,700,-532
1.5028,2045,1901,700,-532
1.5032,2045,1901,700,-532
1.5036,2045,1903,700,-532
1.5040,2045,1903,700,-532
1.5044,2045,1904,700,-540
1.5048,2045,1904,700,-540
1.5051,2045,1904,700,-540
1.5055,2045,1906,700,-540
1.5059,2045,1906,700,-540
1.5063,2045,1906,700,-540
1.5066,2045,1907,700,-548
1.5070,2045,1907,700,-548
1.5074,2045,1908,700,-556
1.5078,2045,1908,700,-556
1.5082,2045,1908,700,-556
1.5085,2045,1910,700,-544
1.5089,2045,1910,700,-544
1.5094,2045,1911,700,-552
1.5098,2045,1911,700,-552
1.5102,2066,1912,1200,-560
1.5109,2066,1912,1200,-560
1.5113,2066,1912,1200,-560
1.5116,2066,1914,1200,-560
1.5120,2066,1914,1200,-560
1.5124,2066,1915,1200,-568
1.5128,2066,1915,1200,-568
1.5132,2066,1915,1200,-568
1.5136,2066,1917,1200,-568
1.5139,2066,1917,1200,-568
1.5144,2066,1918,1200,-576
1.5148,2066,1918,1200,-576
1.5152,2066,1918,1200,-576
1.5155,2066,1920,1200,-576
1.5159,2066,1920,1200,-576
1.5164,2066,1921,1200,-584
1.5168,2066,1921,1200,-584
1.5171,2066,1921,1200,-584
1.5175,2066,1923,1200,-584
1.5179,2066,1923,1200,-584
1.5183,2066,1924,1200,-592
1.5187,2066,1924,1200,-592
1.5190,2066,1924,1200,-592
1.5194,2066,1926,1200,-592
1.5198,2066,1926,1200,-592
1.5201,2087,1927,1200,-600
1.5209,2087,1927,1200,-600
1.5212,2087,1929,1200,-600
1.5216,2087,1929,1200,-600
1.5220,2087,1929,1200,-600
1.5224,2087,1930,1200,-608
1.5228,2087,1930,1200,-608
1.5232,2087,1930,1200,-608
1.5235,2087,1932,1200,-608
1.5239,2087,1932,1200,-608
1.5243,2087,1934,1200,-608
1.5247,2087,1934,1200,-608
1.5250,2087,1934,1200,-608
1.5255,2087,1936,1200,-608
1.5258,2087,1936,1200,-608
1.5262,2087,1937,1200,-616
1.5266,2087,1937,1200,-616
1.5270,2087,1937,1200,-616
1.5274,2087,1939,1200,-616
1.5278,2087,1939,1200,-616
1.5281,2087,1939,1200,-616
1.5285,2087,1941,1200,-596
1.5289,2087,1941,1200,-596
1.5293,2087,1942,1200,-604
1.5297,2087,1942,1200,-604
1.5300,2107,1944,1600,-604
1.5307,2107,1944,1600,-604
1.5311,2107,1944,1600,-604
1.5315,2107,1946,1600,-604
1.5319,2107,1946,1600,-604
1.5323,2107,1948,1600,-604
1.5326,2107,1948,1600,-604
1.5330,2107,1948,1600,-604
1.5334,2107,1949,1600,-612
1.5338,2107,1949,1600,-612
1.5341,2107,1949,1600,-612
1.5345,2107,1951,1600,-612
1.5349,2107,1951,1600,-612
1.5353,2107,1953,1600,-612
1.5356,2107,1953,1600,-612
1.5360,2107,1953,1600,-612
1.5364,2107,1955,1600,-612
1.5368,2107,1955,1600,-612
1.5372,2107,1957,1600,-612
1.5375,2107,1957,1600,-612
1.5379,2107,1957,1600,-612
1.5383,2107,1959,1600,-612
1.5387,2107,1959,1600,-612
1.5391,2107,1959,1600,-612
1.5394,2107,1961,1600,-612
1.5398,2107,1961,1600,-612
1.5402,2127,1963,1600,-612
1.5409,2127,1963,1600,-612
1.5413,2127,1965,1600,-612
1.5416,2127,1965,1600,-612
1.5420,2127,1965,1600,-612
1.5424,2127,1966,1600,-620
1.5428,2127,1966,1600,-620
1.5432,2127,1968,1600,-620
1.5436,2127,1968,1600,-620
1.5440,2127,1968,1600,-620
1.5444,2127,1970,1600,-620
1.5448,2127,1970,1600,-620
1.5451,2127,1972,1600,-620
1.5455,2127,1972,1600,-620
1.5459,2127,1972,1600,-620
1.5463,2127,1974,1600,-620
1.5467,2127,1974,1600,-620
1.5470,2127,1974,1600,-620
1.5474,2127,1976,1600,-620
1.5478,2127,1976,1600,-620
1.5482,2127,1978,1600,-596
1.5486,2127,1978,1600,-596
1.5490,2127,1978,1600,-596
1.5494,2127,1980,1600,-596
1.5498,2127,1980,1600,-596
1.5502,2145,1982,1900,-596
1.5509,2145,1982,1900,-596
1.5513,2145,1984,1900,-596
1.5517,2145,1984,1900,-596
1.5521,2145,1984,1900,-596
1.5524,2145,1986,1900,-596
1.5528,2145,1986,1900,-596
1.5532,2145,1988,1900,-596
1.5536,2145,1988,1900,-596
1.5540,2145,1988,1900,-596
1.5544,2145,1990,1900,-604
1.5548,2145,1990,1900,-604
1.5552,2145,1992,1900,-604
1.5556,2145,1992,1900,-604
1.5559,2145,1992,1900,-604
1.5564,2145,1994,1900,-604
1.5567,2145,1994,1900,-604
1.5571,2145,1996,1900,-604
1.5575,2145,1996,1900,-604
1.5579,2145,1996,1900,-604
1.5583,2145,1998,1900,-604
1.5587,2145,1998,1900,-604
1.5591,2145,1999,1900,-612
1.5594,2145,1999,1900,-612
1.5598,2145,1999,1900,-612
1.5602,2161,2001,1900,-612
1.5609,2161,2001,1900,-612
1.5614,2161,2004,1900,-596
1.5617,2161,2004,1900,-596
1.5621,2161,2006,1900,-596
1.5625,2161,2006,1900,-596
1.5629,2161,2006,1900,-596
1.5633,2161,2008,1900,-596
1.5636,2161,2008,1900,-596
1.5640,2161,2010,1900,-596
1.5644,2161,2010,1900,-596
1.5648,2161,2010,1900,-596
1.5652,2161,2012,1900,-596
1.5656,2161,2012,1900,-596
1.5659,2161,2012,1900,-596
1.5664,2161,2014,1900,-596
1.5667,2161,2014,1900,-596
1.5671,2161,2016,1900,-596
1.5675,2161,2016,1900,-596
1.5678,2161,2016,1900,-596
1.5682,2161,2018,1900,-584
1.5687,2161,2018,1900,-584
1.5690,2161,2020,1900,-584
1.5694,2161,2020,1900,-584
1.5698,2161,2020,1900,-584
1.5702,2176,2022,2000,-584
1.5709,2176,2022,2000,-584
1.5714,2176,2024,2000,-584
1.5718,2176,2024,2000,-584
1.5722,2176,2026,2000,-584
1.5725,2176,2026,2000,-584
1.5729,2176,2026,2000,-584
1.5733,2176,2028,2000,-584
1.5737,2176,2028,2000,-584
1.5741,2176,2030,2000,-584
1.5744,2176,2030,2000,-584
1.5748,2176,2030,2000,-584
1.5752,2176,2032,2000,-584
1.5757,2176,2032,2000,-584
1.5760,2176,2034,2000,-584
1.5764,2176,2034,2000,-584
1.5768,2176,2034,2000,-584
1.5772,2176,2036,2000,-584
1.5777,2176,2036,2000,-584
1.5781,2176,2038,2000,-584
1.5784,2176,2038,2000,-584
1.5788,2176,2038,2000,-584
1.5792,2176,2041,2000,-568
1.5797,2176,2041,2000,-568
1.5801,2188,2043,2000,-568
1.5808,2188,2043,2000,-568
1.5812,2188,2045,2000,-568
1.5816,2188,2045,2000,-568
1.5820,2188,2047,2000,-568
1.5824,2188,2047,2000,-568
1.5828,2188,2047,2000,-568
1.5831,2188,2049,2000,-568
1.5835,2188,2049,2000,-568
1.5839,2188,2049,2000,-568
1.5843,2188,2051,2000,-568
1.5847,2188,2051,2000,-568
1.5851,2188,2053,2000,-568
1.5854,2188,2053,2000,-568
1.5858,2188,2053,2000,-568
1.5862,2188,2055,2000,-560
1.5866,2188,2055,2000,-560
1.5870,2188,2057,2000,-560
1.5874,2188,2057,2000,-560
1.5878,2188,2057,2000,-560
1.5882,2188,2059,2000,-548
1.5886,2188,2059,2000,-548
1.5889,2188,2061,2000,-548
1.5894,2188,2061,2000,-548
1.5898,2188,2061,2000,-548
1.5902,2199,2063,2050,-548
1.5909,2199,2065,2050,-540
1.5913,2199,2065,2050,-540
1.5917,2199,2065,2050,-540
1.5920,2199,2067,2050,-540
1.5924,2199,2067,2050,-540
1.5928,2199,2067,2050,-540
1.5932,2199,2069,2050,-540
1.5936,2199,2069,2050,-540
1.5940,2199,2071,2050,-540
1.5944,2199,2071,2050,-540
1.5948,2199,2071,2050,-540
1.5952,2199,2073,2050,-532
1.5956,2199,2073,2050,-532
1.5960,2199,2075,2050,-532
1.5964,2199,2075,2050,-532
1.5968,2199,2075,2050,-532
1.5972,2199,2077,2050,-532
1.5976,2199,2077,2050,-532
1.5979,2199,2079,2050,-524
1.5984,2199,2079,2050,-524
1.5988,2199,2081,2050,-524
1.5992,2199,2081,2050,-524
1.5996,2199,2081,2050,-524
1.6000,2199,2083,2050,-524
1.6004,2207,2083,2050,-524
1.6011,2207,2086,2050,-508
1.6015,2207,2086,2050,-508
1.6019,2207,2088,2050,-508
1.6023,2207,2088,2050,-508
1.6027,2207,2088,2050,-508
1.6030,2207,2089,2050,-516
1.6034,2207,2089,2050,-516
1.6038,2207,2091,2050,-508
1.6042,2207,2091,2050,-508
1.6046,2207,2091,2050,-508
1.6050,2207,2093,2050,-508
1.6054,2207,2093,2050,-508
1.6057,2207,2093,2050,-508
1.6061,2207,2095,2050,-508
1.6064,2207,2095,2050,-508
1.6068,2207,2095,2050,-508
1.6072,2207,2097,2050,-500
1.6076,2207,2097,2050,-500
1.6079,2207,2099,2050,-488
1.6084,2207,2099,2050,-488
1.6088,2207,2099,2050,-488
1.6092,2207,2101,2050,-480
1.6096,2207,2101,2050,-480
1.6100,2207,2103,2000,-480
1.6104,2212,2103,2000,-480
1.6111,2212,2105,2000,-472
1.6115,2212,2105,2000,-472
1.6119,2212,2107,2000,-472
1.6123,2212,2107,2000,-472
1.6126,2212,2107,2000,-472
1.6130,2212,2109,2000,-464
1.6134,2212,2109,2000,-464
1.6138,2212,2111,2000,-464
1.6142,2212,2111,2000,-464
1.6146,2212,2111,2000,-464
1.6150,2212,2113,2000,-456
1.6154,2212,2113,2000,-456
1.6158,2212,2114,2000,-464
1.6161,2212,2114,2000,-464
1.6165,2212,2114,2000,-464
1.6169,2212,2116,2000,-456
1.6173,2212,2116,2000,-456
1.6176,2212,2116,2000,-456
1.6180,2212,2118,2000,-448
1.6184,2212,2118,2000,-448
1.6188,2212,2120,2000,-448
1.6192,2212,2120,2000,-448
1.6196,2212,2120,2000,-448
1.6199,2212,2122,2000,-440
1.6204,2214,2122,2000,-440
1.6211,2214,2124,2000,-432
1.6214,2214,2124,2000,-432
1.6218,2214,2126,2000,-432
1.6221,2214,2126,2000,-432
1.6225,2214,2126,2000,-432
1.6229,2214,2127,2000,-432
1.6233,2214,2127,2000,-432
1.6237,2214,2127,2000,-432
1.6240,2214,2129,2000,-424
1.6244,2214,2129,2000,-424
1.6248,2214,2131,2000,-424
1.6251,2214,2131,2000,-424
1.6255,2214,2131,2000,-424
1.6259,2214,2133,2000,-416
1.6263,2214,2133,2000,-416
1.6266,2214,2133,2000,-416
1.6270,2214,2135,2000,-408
1.6274,2214,2135,2000,-408
1.6278,2214,2137,2000,-380
1.6282,2214,2137,2000,-380
1.6286,2214,2137,2000,-380
1.6289,2214,2139,2000,-372
1.6293,2214,2139,2000,-372
1.6297,2214,2140,1850,-372
1.6301,2214,2140,1850,-372
1.6308,2214,2142,1850,-364
1.6311,2214,2142,1850,-364
1.6315,2214,2142,1850,-364
1.6319,2214,2144,1850,-364
1.6323,2214,2144,1850,-364
1.6326,2214,2144,1850,-364
1.6330,2214,2145,1850,-364
1.6334,2214,2145,1850,-364
1.6337,2214,2147,1850,-356
1.6341,2214,2147,1850,-356
1.6345,2214,2147,1850,-356
1.6349,2214,2149,1850,-348
1.6353,2214,2149,1850,-348
1.6357,2214,2149,1850,-348
1.6360,2214,2151,1850,-340
1.6364,2214,2151,1850,-340
1.6368,2214,2153,1850,-324
1.6371,2214,2153,1850,-324
1.6375,2214,2153,1850,-324
1.6379,2214,2154,1850,-324
1.6382,2214,2154,1850,-324
1.6386,2214,2154,1850,-324
1.6390,2214,2156,1850,-316
1.6394,2214,2156,1850,-316
1.6398,2214,2157,1850,-316
1.6402,2212,2157,1850,-316
1.6409,2212,2159,1850,-308
1.6414,2212,2159,1850,-308
1.6417,2212,2161,1850,-300
1.6421,2212,2161,1850,-300
1.6425,2212,2161,1850,-300
1.6429,2212,2162,1850,-300
1.6433,2212,2162,1850,-300
1.6437,2212,2164,1850,-284
1.6440,2212,2164,1850,-284
1.6444,2212,2164,1850,-284
1.6448,2212,2165,1850,-284
1.6452,2212,2165,1850,-284
1.6455,2212,2165,1850,-284
1.6459,2212,2166,1850,-284
1.6463,2212,2166,1850,-284
1.6466,2212,2168,1850,-268
1.6470,2212,2168,1850,-268
1.6474,2212,2168,1850,-268
1.6478,2212,2169,1850,-256
1.6481,2212,2169,1850,-256
1.6485,2212,2169,1850,-256
1.6489,2212,2171,1850,-248
1.6492,2212,2171,1850,-248
1.6496,2212,2172,1600,-240
1.6500,2212,2172,1600,-240
1.6504,2206,2174,1600,-232
1.6510,2206,2174,1600,-232
1.6514,2206,2174,1600,-232
1.6518,2206,2175,1600,-232
1.6522,2206,2175,1600,-232
1.6526,2206,2175,1600,-232
1.6529,2206,2177,1600,-216
1.6534,2206,2177,1600,-216
1.6537,2206,2178,1600,-216
1.6541,2206,2178,1600,-216
1.6545,2206,2178,1600,-216
1.6549,2206,2180,1600,-200
1.6553,2206,2180,1600,-200
1.6556,2206,2181,1600,-200
1.6560,2206,2181,1600,-200
1.6564,2206,2181,1600,-200
1.6568,2206,2183,1600,-184
1.6572,2206,2183,1600,-184
1.6576,2206,2184,1600,-176
1.6580,2206,2184,1600,-176
1.6584,2206,2184,1600,-176
1.6588,2206,2185,1600,-176
1.6592,2206,2185,1600,-176
1.6596,2206,2186,1600,-168
1.6599,2206,2186,1600,-168
1.6604,2198,2187,1600,-160
1.6611,2198,2187,1600,-160
1.6615,2198,2187,1600,-160
1.6619,2198,2188,1600,-160
1.6622,2198,2188,1600,-160
1.6626,2198,2189,1600,-152
1.6630,2198,2189,1600,-152
1.6634,2198,2189,1600,-152
1.6638,2198,2190,1600,-144
1.6641,2198,2190,1600,-144
1.6645,2198,2190,1600,-144
1.6648,2198,2192,1600,-128
1.6652,2198,2192,1600,-128
1.6656,2198,2193,1600,-128
1.6659,2198,2193,1600,-128
1.6664,2198,2193,1600,-128
1.6667,2198,2194,1600,-120
1.6671,2198,2194,1600,-120
1.6675,2198,2194,1600,-120
1.6678,2198,2196,1600,-84
1.6682,2198,2196,1600,-84
1.6685,2198,2197,1600,-76
1.6689,2198,2197,1600,-76
1.6692,2198,2197,1600,-76
1.6696,2198,2197,1250,-76
1.6700,2198,2197,1250,-76
1.6704,2188,2198,1250,-68
1.6710,2188,2198,1250,-68
1.6714,2188,2198,1250,-68
1.6718,2188,2200,1250,-52
1.6722,2188,2200,1250,-52
1.6726,2188,2201,1250,-44
1.6730,2188,2201,1250,-44
1.6734,2188,2201,1250,-44
1.6738,2188,2202,1250,-36
1.6741,2188,2202,1250,-36
1.6745,2188,2202,1250,-36
1.6749,2188,2202,1250,-36
1.6753,2188,2202,1250,-36
1.6757,2188,2203,1250,-28
1.6760,2188,2203,1250,-28
1.6764,2188,2203,1250,-28
1.6768,2188,2204,1250,-20
1.6772,2188,2204,1250,-20
1.6775,2188,2205,1250,20
1.6779,2188,2205,1250,20
1.6783,2188,2205,1250,20
1.6786,2188,2206,1250,36
1.6790,2188,2206,1250,36
1.6794,2188,2206,1250,36
1.6798,2188,2206,1250,36
1.6801,2175,2207,1250,44
1.6808,2175,2207,1250,44
1.6812,2175,2207,1250,44
1.6816,2175,2208,1250,52
1.6820,2175,2208,1250,52
1.6824,2175,2209,1250,68
1.6828,2175,2209,1250,68
1.6832,2175,2209,1250,68
1.6835,2175,2209,1250,68
1.6839,2175,2209,1250,68
1.6843,2175,2209,1250,68
1.6847,2175,2210,1250,76
1.6850,2175,2210,1250,76
1.6854,2175,2210,1250,84
1.6858,2175,2210,1250,84
1.6862,2175,2210,1250,84
1.6866,2175,2211,1250,92
1.6869,2175,2211,1250,92
1.6874,2175,2211,1250,88
1.6878,2175,2211,1250,88
1.6881,2175,2211,1250,88
1.6885,2175,2211,1250,88
1.6889,2175,2211,1250,88
1.6893,2175,2211,1250,88
1.6897,2175,2212,750,88
1.6900,2161,2212,750,88
1.6907,2161,2212,750,96
1.6911,2161,2212,750,96
1.6914,2161,2212,750,104
1.6918,2161,2212,750,104
1.6921,2161,2212,750,104
1.6925,2161,2213,750,112
1.6929,2161,2213,750,112
1.6933,2161,2213,750,112
1.6936,2161,2213,750,120
1.6940,2161,2213,750,120
1.6944,2161,2213,750,120
1.6947,2161,2213,750,120
1.6951,2161,2213,750,120
1.6955,2161,2213,750,128
1.6958,2161,2213,750,128
1.6962,2161,2213,750,128
1.6966,2161,2214,750,144
1.6970,2161,2214,750,144
1.6974,2161,2214,750,144
1.6977,2161,2214,750,144
1.6981,2161,2214,750,144
1.6985,2161,2214,750,152
1.6988,2161,2214,750,152
1.6992,2161,2214,750,152
1.6996,2161,2214,750,160
1.6999,2161,2214,750,160
1.7003,2144,2214,750,160
1.7009,2144,2214,750,160
1.7014,2144,2214,750,168
1.7017,2144,2214,750,168
1.7021,2144,2214,750,168
1.7024,2144,2214,750,176
1.7028,2144,2214,750,176
1.7031,2144,2214,750,176
1.7035,2144,2214,750,184
1.7039,2144,2214,750,184
1.7044,2144,2214,750,192
1.7047,2144,2214,750,192
1.7051,2144,2214,750,192
1.7054,2144,2214,750,200
1.7058,2144,2214,750,200
1.7062,2144,2214,750,200
1.7065,2144,2214,750,208
1.7069,2144,2214,750,208
1.7073,2144,2214,750,208
1.7076,2144,2214,750,208
1.7080,2144,2214,750,208
1.7084,2144,2214,750,208
1.7088,2144,2214,750,208
1.7092,2144,2214,750,208
1.7095,2144,2214,100,216
1.7099,2144,2214,100,216
1.7102,2126,2214,100,224
1.7109,2126,2214,100,224
1.7114,2126,2214,100,240
1.7117,2126,2214,100,240
1.7121,2126,2214,100,240
1.7124,2126,2214,100,248
1.7128,2126,2214,100,248
1.7132,2126,2214,100,248
1.7135,2126,2214,100,256
1.7139,2126,2214,100,256
1.7142,2126,2214,100,256
1.7147,2126,2214,100,264
1.7151,2126,2214,100,264
1.7155,2126,2214,100,272
1.7159,2126,2214,100,272
1.7162,2126,2214,100,280
1.7167,2126,2214,100,280
1.7171,2126,2214,100,280
1.7175,2126,2214,100,288
1.7179,2126,2214,100,288
1.7182,2126,2214,100,304
1.7186,2126,2214,100,304
1.7190,2126,2214,100,304
1.7194,2126,2213,100,304
1.7198,2126,2213,100,304
1.7202,2107,2213,100,312
1.7208,2107,2213,100,312
1.7212,2107,2213,100,312
1.7215,2107,2212,100,312
1.7219,2107,2212,100,312
1.7222,2107,2212,100,328
1.7226,2107,2212,100,328
1.7230,2107,2212,100,328
1.7234,2107,2211,100,328
1.7238,2107,2211,100,328
1.7241,2107,2211,100,328
1.7245,2107,2211,100,336
1.7249,2107,2211,100,336
1.7254,2107,2210,100,344
1.7257,2107,2210,100,344
1.7261,2107,2210,100,344
1.7265,2107,2210,100,352
1.7268,2107,2210,100,352
1.7272,2107,2210,100,352
1.7276,2107,2209,100,372
1.7280,2107,2209,100,372
1.7284,2107,2208,100,372
1.7288,2107,2208,100,372
1.7292,2107,2208,100,372
1.7295,2107,2207,-350,380
1.7299,2107,2207,-350,380
1.7304,2086,2206,-350,380
1.7311,2086,2206,-350,380
1.7314,2086,2206,-350,396
1.7318,2086,2206,-350,396
1.7322,2086,2206,-350,396
1.7325,2086,2205,-350,396
1.7329,2086,2205,-350,396
1.7332,2086,2204,-350,404
1.7336,2086,2204,-350,404
1.7340,2086,2204,-350,404
1.7344,2086,2203,-350,404
1.7347,2086,2203,-350,404
1.7351,2086,2203,-350,404
1.7355,2086,2203,-350,420
1.7359,2086,2203,-350,420
1.7364,2086,2202,-350,428
1.7368,2086,2202,-350,428
1.7371,2086,2202,-350,428
1.7375,2086,2201,-350,428
1.7379,2086,2201,-350,428
1.7382,2086,2200,-350,436
1.7386,2086,2200,-350,436
1.7390,2086,2200,-350,436
1.7394,2086,2199,-350,444
1.7398,2086,2199,-350,444
1.7401,2065,2198,-350,452
1.7409,2065,2198,-350,452
1.7412,2065,2197,-350,460
1.7416,2065,2197,-350,460
1.7420,2065,2197,-350,460
1.7424,2065,2196,-350,460
1.7428,2065,2196,-350,460
1.7431,2065,2195,-350,468
1.7435,2065,2195,-350,468
1.7438,2065,2195,-350,468
1.7442,2065,2194,-350,476
1.7446,2065,2194,-350,476
1.7450,2065,2194,-350,476
1.7454,2065,2193,-350,484
1.7458,2065,2193,-350,484
1.7461,2065,2193,-350,484
1.7465,2065,2192,-350,492
1.7468,2065,2192,-350,492
1.7472,2065,2191,-350,488
1.7476,2065,2191,-350,488
1.7480,2065,2191,-350,488
1.7484,2065,2190,-350,496
1.7488,2065,2190,-350,496
1.7492,2065,2189,-900,504
1.7496,2065,2189,-900,504
1.7499,2065,2189,-900,504
1.7504,2043,2187,-900,504
1.7511,2043,2187,-900,504
1.7514,2043,2186,-900,512
1.7518,2043,2186,-900,512
1.7522,2043,2185,-900,520
1.7526,2043,2185,-900,520
1.7529,2043,2185,-900,520
1.7534,2043,2184,-900,528
1.7537,2043,2184,-900,528
1.7541,2043,2183,-900,536
1.7545,2043,2183,-900,536
1.7548,2043,2183,-900,536
1.7552,2043,2181,-900,536
1.7556,2043,2181,-900,536
1.7560,2043,2181,-900,536
1.7564,2043,2180,-900,544
1.7568,2043,2180,-900,544
1.7572,2043,2179,-900,552
1.7576,2043,2179,-900,552
1.7579,2043,2179,-900,552
1.7584,2043,2177,-900,552
1.7587,2043,2177,-900,552
1.7591,2043,2176,-900,560
1.7595,2043,2176,-900,560
1.7598,2043,2176,-900,560
1.7602,2022,2175,-900,568
1.7610,2022,2175,-900,568
1.7614,2022,2173,-900,568
1.7617,2022,2173,-900,568
1.7621,2022,2171,-900,568
1.7625,2022,2171,-900,568
1.7628,2022,2171,-900,568
1.7632,2022,2170,-900,576
1.7635,2022,2170,-900,576
1.7639,2022,2170,-900,576
1.7643,2022,2169,-900,584
1.7646,2022,2169,-900,584
1.7650,2022,2169,-900,584
1.7654,2022,2167,-900,584
1.7657,2022,2167,-900,584
1.7661,2022,2166,-900,592
1.7665,2022,2166,-900,592
1.7669,2022,2166,-900,592
1.7672,2022,2164,-900,580
1.7677,2022,2164,-900,580
1.7681,2022,2163,-900,588
1.7685,2022,2163,-900,588
1.7690,2022,2163,-900,588
1.7694,2022,2161,-1400,588
1.7697,2022,2161,-1400,588
1.7701,2001,2159,-1400,588
1.7707,2001,2159,-1400,588
1.7711,2001,2158,-1400,596
1.7715,2001,2158,-1400,596
1.7719,2001,2158,-1400,596
1.7723,2001,2156,-1400,596
1.7726,2001,2156,-1400,596
1.7730,2001,2155,-1400,604
1.7734,2001,2155,-1400,604
1.7738,2001,2155,-1400,604
1.7742,2001,2153,-1400,604
1.7745,2001,2153,-1400,604
1.7749,2001,2153,-1400,604
1.7753,2001,2151,-1400,604
1.7756,2001,2151,-1400,604
1.7760,2001,2149,-1400,604
1.7764,2001,2149,-1400,604
1.7768,2001,2149,-1400,604
1.7771,2001,2148,-1400,612
1.7775,2001,2148,-1400,612
1.7779,2001,2148,-1400,612
1.7783,2001,2146,-1400,612
1.7787,2001,2146,-1400,612
1.7791,2001,2144,-1400,612
1.7794,2001,2144,-1400,612
1.7798,2001,2144,-1400,612
1.7802,1981,2143,-1400,620
1.7809,1981,2143,-1400,620
1.7812,1981,2141,-1400,620
1.7816,1981,2141,-1400,620
1.7820,1981,2139,-1400,620
1.7824,1981,2139,-1400,620
1.7828,1981,2139,-1400,620
1.7832,1981,2137,-1400,620
1.7836,1981,2137,-1400,620
1.7839,1981,2135,-1400,620
1.7844,1981,2135,-1400,620
1.7848,1981,2135,-1400,620
1.7851,1981,2133,-1400,620
1.7855,1981,2133,-1400,620
1.7859,1981,2133,-1400,620
1.7863,1981,2131,-1400,620
1.7867,1981,2131,-1400,620
1.7870,1981,2129,-1400,588
1.7874,1981,2129,-1400,588
1.7878,1981,2129,-1400,588
1.7881,1981,2128,-1400,596
1.7885,1981,2128,-1400,596
1.7889,1981,2126,-1750,596
1.7893,1981,2126,-1750,596
1.7897,1981,2126,-1750,596
1.7900,1962,2124,-1750,596
1.7907,1962,2124,-1750,596
1.7911,1962,2122,-1750,596
1.7914,1962,2122,-1750,596
1.7918,1962,2122,-1750,596
1.7921,1962,2120,-1750,596
1.7925,1962,2120,-1750,596
1.7929,1962,2120,-1750,596
1.7933,1962,2118,-1750,596
1.7937,1962,2118,-1750,596
1.7941,1962,2116,-1750,596
1.7945,1962,2116,-1750,596
1.7948,1962,2116,-1750,596
1.7952,1962,2114,-1750,596
1.7956,1962,2114,-1750,596
1.7960,1962,2112,-1750,604
1.7964,1962,2112,-1750,604
1.7968,1962,2112,-1750,604
1.7971,1962,2110,-1750,604
1.7975,1962,2110,-1750,604
1.7979,1962,2108,-1750,596
1.7983,1962,2108,-1750,596
1.7987,1962,2108,-1750,596
1.7990,1962,2106,-1750,596
1.7994,1962,2106,-1750,596
1.7998,1962,2106,-1750,596
1.8002,1943,2105,-1750,604
1.8008,1943,2105,-1750,604
1.8012,1943,2102,-1750,596
1.8016,1943,2102,-1750,596
1.8019,1943,2101,-1750,604
1.8024,1943,2101,-1750,604
1.8028,1943,2101,-1750,604
1.8032,1943,2099,-1750,604
1.8036,1943,2099,-1750,604
1.8040,1943,2097,-1750,604
1.8044,1943,2097,-1750,604
1.8048,1943,2097,-1750,604
1.8052,1943,2095,-1750,604
1.8055,1943,2095,-1750,604
1.8059,1943,2093,-1750,604
1.8063,1943,2093,-1750,604
1.8067,1943,2093,-1750,604
1.8070,1943,2091,-1750,592
1.8074,1943,2091,-1750,592
1.8078,1943,2091,-1750,592
1.8082,1943,2089,-1750,592
1.8085,1943,2089,-1750,592
1.8089,1943,2087,-1950,592
1.8092,1943,2087,-1950,592
1.8096,1943,2087,-1950,592
1.8100,1943,2085,-1950,592
1.8104,1927,2085,-1950,592
1.8111,1927,2083,-1950,592
1.8115,1927,2083,-1950,592
1.8119,1927,2081,-1950,592
1.8122,1927,2081,-1950,592
1.8126,1927,2081,-1950,592
1.8130,1927,2079,-1950,592
1.8134,1927,2079,-1950,592
1.8138,1927,2077,-1950,592
1.8142,1927,2077,-1950,592
1.8146,1927,2077,-1950,592
1.8150,1927,2075,-1950,592
1.8154,1927,2075,-1950,592
1.8158,1927,2072,-1950,584
1.8162,1927,2072,-1950,584
1.8166,1927,2072,-1950,584
1.8169,1927,2070,-1950,584
1.8173,1927,2070,-1950,584
1.8176,1927,2070,-1950,584
1.8180,1927,2068,-1950,584
1.8184,1927,2068,-1950,584
1.8187,1927,2068,-1950,584
1.8191,1927,2067,-1950,592
1.8194,1927,2067,-1950,592
1.8198,1927,2065,-1950,592
1.8201,1912,2065,-1950,592
1.8208,1912,2063,-1950,592
1.8212,1912,2063,-1950,592
1.8215,1912,2063,-1950,592
1.8219,1912,2060,-1950,584
1.8224,1912,2060,-1950,584
1.8228,1912,2058,-1950,584
1.8232,1912,2058,-1950,584
1.8236,1912,2058,-1950,584
1.8239,1912,2056,-1950,576
1.8244,1912,2056,-1950,576
1.8247,1912,2054,-1950,576
1.8251,1912,2054,-1950,576
1.8255,1912,2054,-1950,576
1.8259,1912,2052,-1950,576
1.8262,1912,2052,-1950,576
1.8266,1912,2052,-1950,576
1.8270,1912,2050,-1950,560
1.8274,1912,2050,-1950,560
1.8278,1912,2048,-1950,560
1.8282,1912,2048,-1950,560
1.8285,1912,2048,-1950,560
1.8289,1912,2046,-2050,560
1.8293,1912,2046,-2050,560
1.8296,1912,2046,-2050,560
1.8300,1912,2044,-2050,560
1.8304,1899,2044,-2050,560
1.8311,1899,2042,-2050,560
1.8314,1899,2042,-2050,560
1.8318,1899,2040,-2050,552
1.8321,1899,2040,-2050,552
1.8326,1899,2040,-2050,552
1.8329,1899,2038,-2050,552
1.8333,1899,2038,-2050,552
1.8337,1899,2038,-2050,552
1.8340,1899,2035,-2050,544
1.8344,1899,2035,-2050,544
1.8348,1899,2033,-2050,544
1.8352,1899,2033,-2050,544
1.8356,1899,2033,-2050,544
1.8360,1899,2031,-2050,544
1.8364,1899,2031,-2050,544
1.8368,1899,2029,-2050,544
1.8372,1899,2029,-2050,544
1.8375,1899,2029,-2050,544
1.8379,1899,2028,-2050,544
1.8383,1899,2028,-2050,544
1.8386,1899,2028,-2050,544
1.8390,1899,2026,-2050,544
1.8394,1899,2026,-2050,544
1.8397,1899,2023,-2050,536
1.8401,1889,2023,-2050,536
1.8408,1889,2021,-2050,536
1.8412,1889,2021,-2050,536
1.8415,1889,2021,-2050,536
1.8419,1889,2019,-2050,528
1.8423,1889,2019,-2050,528
1.8426,1889,2017,-2050,528
1.8430,1889,2017,-2050,528
1.8434,1889,2017,-2050,528
1.8437,1889,2015,-2050,528
1.8441,1889,2015,-2050,528
1.8445,1889,2015,-2050,528
1.8448,1889,2013,-2050,528
1.8452,1889,2013,-2050,528
1.8455,1889,2013,-2050,528
1.8459,1889,2011,-2050,520
1.8463,1889,2011,-2050,520
1.8466,1889,2009,-2050,508
1.8470,1889,2009,-2050,508
1.8474,1889,2009,-2050,508
1.8477,1889,2007,-2050,508
1.8481,1889,2007,-2050,508
1.8485,1889,2007,-2050,508
1.8488,1889,2006,-2000,508
1.8492,1889,2006,-2000,508
1.8496,1889,2006,-2000,508
1.8499,1889,2004,-2000,508
1.8503,1881,2002,-2000,508
1.8510,1881,2002,-2000,508
1.8514,1881,2002,-2000,508
1.8518,1881,2000,-2000,500
1.8522,1881,2000,-2000,500
1.8525,1881,2000,-2000,500
1.8529,1881,1998,-2000,500
1.8533,1881,1998,-2000,500
1.8537,1881,1996,-2000,500
1.8540,1881,1996,-2000,500
1.8544,1881,1996,-2000,500
1.8547,1881,1994,-2000,492
1.8551,1881,1994,-2000,492
1.8555,1881,1994,-2000,492
1.8559,1881,1992,-2000,492
1.8563,1881,1992,-2000,492
1.8566,1881,1990,-2000,484
1.8570,1881,1990,-2000,484
1.8574,1881,1990,-2000,484
1.8578,1881,1988,-2000,484
1.8581,1881,1988,-2000,484
1.8585,1881,1988,-2000,484
1.8588,1881,1986,-2000,484
1.8592,1881,1986,-2000,484
1.8596,1881,1985,-2000,484
1.8600,1881,1985,-2000,484
1.8604,1876,1983,-2000,484
1.8611,1876,1983,-2000,484
1.8615,1876,1983,-2000,484
1.8619,1876,1981,-2000,476
1.8622,1876,1981,-2000,476
1.8626,1876,1979,-2000,476
1.8630,1876,1979,-2000,476
1.8634,1876,1979,-2000,476
1.8638,1876,1977,-2000,468
1.8641,1876,1977,-2000,468
1.8645,1876,1977,-2000,468
1.8649,1876,1975,-2000,468
1.8652,1876,1975,-2000,468
1.8656,1876,1973,-2000,460
1.8660,1876,1973,-2000,460
1.8664,1876,1973,-2000,460
1.8667,1876,1972,-2000,456
1.8671,1876,1972,-2000,456
1.8675,1876,1970,-2000,456
1.8679,1876,1970,-2000,456
1.8683,1876,1970,-2000,456
1.8686,1876,1968,-1900,448
1.8690,1876,1968,-1900,448
1.8694,1876,1968,-1900,448
1.8698,1876,1966,-1900,440
1.8702,1874,1966,-1900,440
1.8708,1874,1964,-1900,440
1.8712,1874,1964,-1900,440
1.8716,1874,1962,-1900,432
1.8719,1874,1962,-1900,432
1.8724,1874,1962,-1900,432
1.8727,1874,1960,-1900,424
1.8731,1874,1960,-1900,424
1.8735,1874,1959,-1900,432
1.8739,1874,1959,-1900,432
1.8742,1874,1959,-1900,432
1.8746,1874,1957,-1900,424
1.8750,1874,1957,-1900,424
1.8754,1874,1957,-1900,424
1.8757,1874,1955,-1900,416
1.8761,1874,1955,-1900,416
1.8765,1874,1953,-1900,408
1.8769,1874,1953,-1900,408
1.8772,1874,1953,-1900,408
1.8776,1874,1952,-1900,408
1.8780,1874,1952,-1900,408
1.8784,1874,1952,-1900,408
1.8787,1874,1950,-1900,408
1.8791,1874,1950,-1900,408
1.8795,1874,1948,-1900,400
1.8799,1874,1948,-1900,400
1.8803,1874,1946,-1900,392
1.8809,1874,1946,-1900,392
1.8814,1874,1946,-1900,392
1.8818,1874,1944,-1900,384
1.8821,1874,1944,-1900,384
1.8825,1874,1943,-1900,384
1.8829,1874,1943,-1900,384
1.8832,1874,1943,-1900,384
1.8836,1874,1941,-1900,376
1.8840,1874,1941,-1900,376
1.8844,1874,1941,-1900,376
1.8848,1874,1939,-1900,368
1.8852,1874,1939,-1900,368
1.8855,1874,1937,-1900,360
1.8859,1874,1937,-1900,360
1.8864,1874,1937,-1900,360
1.8867,1874,1936,-1900,336
1.8871,1874,1936,-1900,336
1.8874,1874,1934,-1900,328
1.8878,1874,1934,-1900,328
1.8881,1874,1934,-1900,328
1.8885,1874,1932,-1800,320
1.8889,1874,1932,-1800,320
1.8893,1874,1932,-1800,320
1.8897,1874,1931,-1800,312
1.8901,1876,1929,-1800,304
1.8908,1876,1929,-1800,304
1.8912,1876,1929,-1800,304
1.8915,1876,1928,-1800,304
1.8919,1876,1928,-1800,304
1.8923,1876,1928,-1800,304
1.8927,1876,1926,-1800,296
1.8930,1876,1926,-1800,296
1.8934,1876,1926,-1800,296
1.8937,1876,1924,-1800,288
1.8941,1876,1924,-1800,288
1.8945,1876,1923,-1800,280
1.8949,1876,1923,-1800,280
1.8953,1876,1923,-1800,280
1.8956,1876,1921,-1800,272
1.8960,1876,1921,-1800,272
1.8964,1876,1920,-1800,272
1.8968,1876,1920,-1800,272
1.8971,1876,1920,-1800,272
1.8975,1876,1918,-1800,256
1.8978,1876,1918,-1800,256
1.8982,1876,1918,-1800,256
1.8986,1876,1917,-1800,256
1.8990,1876,1917,-1800,256
1.8994,1876,1915,-1800,248
1.8997,1876,1915,-1800,248
1.9001,1882,1914,-1800,240
1.9008,1882,1914,-1800,240
1.9012,1882,1914,-1800,240
1.9016,1882,1913,-1800,240
1.9019,1882,1913,-1800,240
1.9024,1882,1911,-1800,224
1.9028,1882,1911,-1800,224
1.9031,1882,1911,-1800,224
1.9035,1882,1910,-1800,224
1.9039,1882,1910,-1800,224
1.9043,1882,1910,-1800,224
1.9046,1882,1909,-1800,216
1.9050,1882,1909,-1800,216
1.9054,1882,1907,-1800,208
1.9058,1882,1907,-1800,208
1.9062,1882,1907,-1800,208
1.9066,1882,1906,-1800,180
1.9070,1882,1906,-1800,180
1.9074,1882,1905,-1800,180
1.9077,1882,1905,-1800,180
1.9081,1882,1905,-1800,180
1.9085,1882,1903,-1450,164
1.9089,1882,1903,-1450,164
1.9092,1882,1903,-1450,164
1.9096,1882,1902,-1450,156
1.9100,1890,1901,-1450,156
1.9108,1890,1901,-1450,156
1.9112,1890,1901,-1450,156
1.9115,1890,1900,-1450,148
1.9119,1890,1900,-1450,148
1.9124,1890,1898,-1450,132
1.9128,1890,1898,-1450,132
1.9131,1890,1898,-1450,132
1.9135,1890,1897,-1450,132
1.9138,1890,1897,-1450,132
1.9142,1890,1897,-1450,132
1.9146,1890,1896,-1450,124
1.9149,1890,1896,-1450,124
1.9154,1890,1895,-1450,116
1.9158,1890,1895,-1450,116
1.9162,1890,1895,-1450,116
1.9165,1890,1894,-1450,108
1.9169,1890,1894,-1450,108
1.9172,1890,1894,-1450,108
1.9176,1890,1893,-1450,100
1.9179,1890,1893,-1450,100
1.9184,1890,1892,-1450,92
1.9187,1890,1892,-1450,92
1.9191,1890,1892,-1450,92
1.9195,1890,1891,-1450,92
1.9198,1890,1891,-1450,92
1.9202,1900,1889,-1450,76
1.9209,1900,1889,-1450,76
1.9212,1900,1888,-1450,68
1.9216,1900,1888,-1450,68
1.9220,1900,1888,-1450,68
1.9224,1900,1887,-1450,60
1.9228,1900,1887,-1450,60
1.9231,1900,1887,-1450,60
1.9235,1900,1887,-1450,52
1.9239,1900,1887,-1450,52
1.9243,1900,1886,-1450,44
1.9246,1900,1886,-1450,44
1.9250,1900,1886,-1450,44
1.9254,1900,1885,-1450,36
1.9258,1900,1885,-1450,36
1.9262,1900,1885,-1450,36
1.9265,1900,1884,-1450,20
1.9269,1900,1884,-1450,20
1.9274,1900,1883,-1450,-20
1.9278,1900,1883,-1450,-20
1.9281,1900,1883,-1450,-20
1.9286,1900,1882,-1050,-28
1.9289,1900,1882,-1050,-28
1.9294,1900,1882,-1050,-36
1.9298,1900,1882,-1050,-36
1.9301,1913,1881,-1050,-44
1.9309,1913,1881,-1050,-44
1.9312,1913,1880,-1050,-52
1.9316,1913,1880,-1050,-52
1.9320,1913,1880,-1050,-52
1.9324,1913,1880,-1050,-52
1.9328,1913,1880,-1050,-52
1.9331,1913,1880,-1050,-52
1.9335,1913,1879,-1050,-68
1.9338,1913,1879,-1050,-68
1.9342,1913,1879,-1050,-68
1.9346,1913,1879,-1050,-68
1.9350,1913,1879,-1050,-68
1.9354,1913,1878,-1050,-76
1.9358,1913,1878,-1050,-76
1.9362,1913,1878,-1050,-76
1.9366,1913,1877,-1050,-92
1.9369,1913,1877,-1050,-92
1.9373,1913,1877,-1050,-92
1.9376,1913,1877,-1050,-92
1.9380,1913,1877,-1050,-92
1.9384,1913,1876,-1050,-92
1.9388,1913,1876,-1050,-92
1.9391,1913,1876,-1050,-92
1.9395,1913,1876,-1050,-92
1.9399,1913,1876,-1050,-92
1.9403,1928,1875,-1050,-108
1.9410,1928,1875,-1050,-108
1.9414,1928,1875,-1050,-108
1.9417,1928,1875,-1050,-108
1.9421,1928,1875,-1050,-108
1.9425,1928,1875,-1050,-116
1.9429,1928,1875,-1050,-116
1.9432,1928,1874,-1050,-124
1.9437,1928,1874,-1050,-124
1.9441,1928,1874,-1050,-124
1.9444,1928,1874,-1050,-132
1.9448,1928,1874,-1050,-132
1.9452,1928,1874,-1050,-140
1.9455,1928,1874,-1050,-140
1.9459,1928,1874,-1050,-140
1.9464,1928,1874,-1050,-128
1.9467,1928,1874,-1050,-128
1.9471,1928,1874,-1050,-128
1.9475,1928,1874,-1050,-136
1.9479,1928,1874,-1050,-136
1.9483,1928,1874,-400,-144
1.9486,1928,1874,-400,-144
1.9490,1928,1874,-400,-144
1.9494,1928,1873,-400,-152
1.9498,1928,1873,-400,-152
1.9502,1944,1873,-400,-160
1.9509,1944,1873,-400,-160
1.9514,1944,1873,-400,-168
1.9518,1944,1873,-400,-168
1.9522,1944,1873,-400,-176
1.9526,1944,1873,-400,-176
1.9530,1944,1873,-400,-176
1.9534,1944,1873,-400,-184
1.9537,1944,1873,-400,-184
1.9541,1944,1873,-400,-184
1.9545,1944,1873,-400,-184
1.9549,1944,1873,-400,-184
1.9552,1944,1873,-400,-192
1.9556,1944,1873,-400,-192
1.9560,1944,1873,-400,-192
1.9564,1944,1873,-400,-200
1.9568,1944,1873,-400,-200
1.9571,1944,1873,-400,-208
1.9575,1944,1873,-400,-208
1.9579,1944,1873,-400,-208
1.9582,1944,1873,-400,-216
1.9586,1944,1873,-400,-216
1.9590,1944,1873,-400,-216
1.9594,1944,1873,-400,-224
1.9597,1944,1873,-400,-224
1.9601,1962,1873,-400,-232
1.9608,1962,1873,-400,-232
1.9612,1962,1873,-400,-240
1.9615,1962,1873,-400,-240
1.9619,1962,1873,-400,-240
1.9623,1962,1873,-400,-248
1.9626,1962,1873,-400,-248
1.9630,1962,1873,-400,-248
1.9634,1962,1873,-400,-256
1.9637,1962,1873,-400,-256
1.9641,1962,1873,-400,-272
1.9645,1962,1873,-400,-272
1.9649,1962,1873,-400,-272
1.9653,1962,1873,-400,-280
1.9657,1962,1873,-400,-280
1.9660,1962,1873,-400,-304
1.9664,1962,1873,-400,-304
1.9668,1962,1873,-400,-304
1.9671,1962,1873,-400,-312
1.9675,1962,1873,-400,-312
1.9679,1962,1873,-400,-312
1.9683,1962,1874,0,-312
1.9686,1962,1874,0,-312
1.9690,1962,1874,0,-320
1.9694,1962,1874,0,-320
1.9698,1962,1874,0,-320
1.9702,1982,1874,0,-336
1.9709,1982,1874,0,-336
1.9712,1982,1875,0,-336
1.9716,1982,1875,0,-336
1.9720,1982,1875,0,-344
1.9724,1982,1875,0,-344
1.9728,1982,1875,0,-344
1.9732,1982,1876,0,-352
1.9736,1982,1876,0,-352
1.9740,1982,1876,0,-352
1.9744,1982,1876,0,-360
1.9747,1982,1876,0,-360
1.9751,1982,1877,0,-360
1.9754,1982,1877,0,-360
1.9758,1982,1877,0,-360
1.9762,1982,1878,0,-368
1.9766,1982,1878,0,-368
1.9770,1982,1878,0,-376
1.9774,1982,1878,0,-376
1.9778,1982,1878,0,-376
1.9782,1982,1879,0,-384
1.9785,1982,1879,0,-384
1.9789,1982,1879,0,-384
1.9794,1982,1879,0,-392
1.9798,1982,1879,0,-392
1.9801,2002,1880,0,-400
1.9809,2002,1880,0,-400
1.9812,2002,1881,0,-400
1.9816,2002,1881,0,-400
1.9820,2002,1882,0,-408
1.9824,2002,1882,0,-408
1.9828,2002,1882,0,-408
1.9832,2002,1882,0,-424
1.9835,2002,1882,0,-424
1.9839,2002,1882,0,-424
1.9844,2002,1883,0,-424
1.9848,2002,1883,0,-424
1.9852,2002,1884,0,-432
1.9856,2002,1884,0,-432
1.9859,2002,1885,0,-428
1.9864,2002,1885,0,-428
1.9868,2002,1885,0,-428
1.9872,2002,1886,0,-428
1.9876,2002,1886,0,-428
1.9880,2002,1887,650,-436
1.9884,2002,1887,650,-436
1.9887,2002,1887,650,-436
1.9891,2002,1888,650,-444
1.9895,2002,1888,650,-444
1.9899,2002,1888,650,-444
1.9903,2023,1889,650,-444
1.9910,2023,1890,650,-452
1.9914,2023,1890,650,-452
1.9918,2023,1890,650,-452
1.9923,2023,1891,650,-460
1.9926,2023,1891,650,-460
1.9930,2023,1892,650,-468
1.9934,2023,1892,650,-468
1.9938,2023,1892,650,-468
1.9942,2023,1893,650,-476
1.9946,2023,1893,650,-476
1.9949,2023,1894,650,-484
1.9954,2023,1894,650,-484
1.9958,2023,1894,650,-484
1.9961,2023,1895,650,-492
1.9965,2023,1895,650,-492
1.9969,2023,1896,650,-500
1.9973,2023,1896,650,-500
1.9977,2023,1896,650,-500
1.9981,2023,1897,650,-508
1.9985,2023,1897,650,-508
1.9988,2023,1897,650,-508
1.9992,2023,1898,650,-508
1.9996,2023,1898,650,-508
2.0000,2044,1900,650,-508
2.0008,2044,1900,650,-508
2.0011,2044,1901,650,-516
2.0015,2044,1901,650,-516
2.0019,2044,1902,650,-524
2.0023,2044,1902,650,-524
2.0027,2044,1902,650,-524
2.0031,2044,1903,650,-532
2.0034,2044,1903,650,-532
2.0038,2044,1903,650,-532
2.0042,2044,1904,650,-540
2.0046,2044,1904,650,-540
2.0050,2044,1906,650,-540
2.0054,2044,1906,650,-540
2.0058,2044,1906,650,-540
2.0062,2044,1907,650,-540
2.0065,2044,1907,650,-540
2.0069,2044,1908,650,-548
2.0074,2044,1908,650,-548
2.0078,2044,1908,650,-548
2.0082,2044,1910,1150,-548
2.0085,2044,1910,1150,-548
2.0089,2044,1911,1150,-556
2.0094,2044,1911,1150,-556
2.0098,2044,1911,1150,-556
2.0101,2066,1912,1150,-564
2.0109,2066,1914,1150,-564
2.0113,2066,1914,1150,-564
2.0117,2066,1914,1150,-564
2.0121,2066,1915,1150,-572
2.0124,2066,1915,1150,-572
2.0128,2066,1917,1150,-572
2.0132,2066,1917,1150,-572
2.0136,2066,1917,1150,-572
2.0140,2066,1918,1150,-580
2.0144,2066,1918,1150,-580
2.0148,2066,1918,1150,-580
2.0152,2066,1920,1150,-580
2.0156,2066,1920,1150,-580
2.0159,2066,1922,1150,-580
2.0164,2066,1922,1150,-580
2.0168,2066,1922,1150,-580
2.0172,2066,1923,1150,-588
2.0175,2066,1923,1150,-588
2.0179,2066,1924,1150,-596
2.0184,2066,1924,1150,-596
2.0188,2066,1924,1150,-596
2.0191,2066,1926,1150,-596
2.0195,2066,1926,1150,-596
2.0199,2066,1927,1150,-604
2.0203,2087,1927,1150,-604
2.0210,2087,1929,1150,-604
2.0214,2087,1929,1150,-604
2.0218,2087,1931,1150,-604
2.0222,2087,1931,1150,-604
2.0225,2087,1931,1150,-604
2.0229,2087,1932,1150,-612
2.0234,2087,1932,1150,-612
2.0238,2087,1934,1150,-612
2.0242,2087,1934,1150,-612
2.0246,2087,1934,1150,-612
2.0250,2087,1936,1150,-612
2.0254,2087,1936,1150,-612
2.0258,2087,1937,1150,-600
2.0262,2087,1937,1150,-600
2.0266,2087,1937,1150,-600
2.0270,2087,1939,1150,-600
2.0274,2087,1939,1150,-600
2.0278,2087,1941,1550,-600
2.0282,2087,1941,1550,-600
2.0286,2087,1941,1550,-600
2.0290,2087,1943,1550,-600
2.0294,2087,1943,1550,-600
2.0298,2087,1944,1550,-608
2.0302,2107,1944,1550,-608
2.0309,2107,1946,1550,-608
2.0314,2107,1946,1550,-608
2.0318,2107,1948,1550,-608
2.0321,2107,1948,1550,-608
2.0325,2107,1948,1550,-608
2.0329,2107,1949,1550,-616
2.0334,2107,1949,1550,-616
2.0338,2107,1951,1550,-616
2.0342,2107,1951,1550,-616
2.0345,2107,1951,1550,-616
2.0349,2107,1953,1550,-616
2.0353,2107,1953,1550,-616
2.0357,2107,1955,1550,-616
2.0361,2107,1955,1550,-616
2.0364,2107,1955,1550,-616
2.0368,2107,1957,1550,-616
2.0371,2107,1957,1550,-616
2.0375,2107,1957,1550,-616
2.0379,2107,1959,1550,-616
2.0384,2107,1959,1550,-616
2.0388,2107,1961,1550,-616
2.0391,2107,1961,1550,-616
2.0395,2107,1961,1550,-616
2.0399,2107,1963,1550,-616
2.0404,2127,1965,1550,-616
2.0411,2127,1965,1550,-616
2.0415,2127,1965,1550,-616
2.0419,2127,1967,1550,-616
2.0422,2127,1967,1550,-616
2.0426,2127,1967,1550,-616
2.0430,2127,1969,1550,-616
2.0434,2127,1969,1550,-616
2.0438,2127,1971,1550,-616
2.0442,2127,1971,1550,-616
2.0445,2127,1971,1550,-616
2.0449,2127,1972,1550,-624
2.0454,2127,1972,1550,-624
2.0457,2127,1974,1550,-596
2.0461,2127,1974,1550,-596
2.0465,2127,1974,1550,-596
2.0468,2127,1976,1550,-596
2.0472,2127,1976,1550,-596
2.0476,2127,1976,1550,-596
2.0480,2127,1978,1850,-596
2.0484,2127,1978,1850,-596
2.0488,2127,1980,1850,-596
2.0491,2127,1980,1850,-596
2.0495,2127,1980,1850,-596
2.0499,2127,1982,1850,-596
2.0504,2145,1984,1850,-596
2.0511,2145,1984,1850,-596
2.0515,2145,1984,1850,-596
2.0518,2145,1986,1850,-596
2.0522,2145,1986,1850,-596
2.0526,2145,1988,1850,-596
2.0530,2145,1988,1850,-596
2.0534,2145,1988,1850,-596
2.0538,2145,1990,1850,-596
2.0541,2145,1990,1850,-596
2.0545,2145,1990,1850,-596
2.0549,2145,1992,1850,-596
2.0554,2145,1992,1850,-596
2.0559,2145,1994,1850,-596
2.0563,2145,1994,1850,-596
2.0567,2145,1996,1850,-596
2.0571,2145,1996,1850,-596
2.0575,2145,1996,1850,-596
2.0579,2145,1998,1850,-596
2.0583,2145,1998,1850,-596
2.0586,2145,2000,1850,-596
2.0590,2145,2000,1850,-596
2.0594,2145,2000,1850,-596
2.0598,2145,2002,1850,-596
2.0602,2161,2002,1850,-596
2.0609,2161,2004,1850,-596
2.0613,2161,2004,1850,-596
2.0617,2161,2006,1850,-596
2.0621,2161,2006,1850,-596
2.0624,2161,2006,1850,-596
2.0628,2161,2008,1850,-596
2.0632,2161,2008,1850,-596
2.0636,2161,2010,1850,-596
2.0639,2161,2010,1850,-596
2.0643,2161,2010,1850,-596
2.0646,2161,2012,1850,-596
2.0650,2161,2012,1850,-596
2.0654,2161,2012,1850,-596
2.0658,2161,2014,1850,-584
2.0662,2161,2014,1850,-584
2.0665,2161,2016,1850,-584
2.0669,2161,2016,1850,-584
2.0674,2161,2016,1850,-584
2.0677,2161,2018,2000,-584
2.0681,2161,2018,2000,-584
2.0685,2161,2020,2000,-584
2.0689,2161,2020,2000,-584
2.0694,2161,2020,2000,-584
2.0698,2161,2022,2000,-584
2.0702,2176,2022,2000,-584
2.0709,2176,2024,2000,-576
2.0712,2176,2024,2000,-576
2.0716,2176,2026,2000,-576
2.0720,2176,2026,2000,-576
2.0724,2176,2026,2000,-576
2.0727,2176,2028,2000,-576
2.0731,2176,2028,2000,-576
2.0735,2176,2028,2000,-576
2.0739,2176,2030,2000,-576
2.0742,2176,2030,2000,-576
2.0746,2176,2032,2000,-576
2.0750,2176,2032,2000,-576
2.0754,2176,2032,2000,-576
2.0758,2176,2034,2000,-576
2.0762,2176,2034,2000,-576
2.0767,2176,2036,2000,-576
2.0770,2176,2036,2000,-576
2.0774,2176,2036,2000,-576
2.0778,2176,2038,2000,-576
2.0782,2176,2038,2000,-576
2.0786,2176,2040,2000,-576
2.0790,2176,2040,2000,-576
2.0794,2176,2040,2000,-576
2.0798,2176,2042,2000,-568
2.0802,2188,2044,2000,-568
2.0809,2188,2044,2000,-568
2.0812,2188,2044,2000,-568
2.0816,2188,2046,2000,-568
2.0820,2188,2046,2000,-568
2.0824,2188,2046,2000,-568
2.0827,2188,2048,2000,-568
2.0831,2188,2048,2000,-568
2.0834,2188,2048,2000,-568
2.0838,2188,2051,2000,-560
2.0842,2188,2051,2000,-560
2.0845,2188,2053,2000,-560
2.0849,2188,2053,2000,-560
2.0852,2188,2053,2000,-560
2.0856,2188,2055,2000,-536
2.0859,2188,2055,2000,-536
2.0864,2188,2055,2000,-536
2.0867,2188,2057,2000,-536
2.0871,2188,2057,2000,-536
2.0874,2188,2059,2050,-536
2.0878,2188,2059,2050,-536
2.0882,2188,2059,2050,-536
2.0886,2188,2061,2050,-536
2.0890,2188,2061,2050,-536
2.0894,2188,2061,2050,-536
2.0898,2188,2063,2050,-536
2.0902,2199,2065,2050,-528
2.0909,2199,2065,2050,-528
2.0913,2199,2065,2050,-528
2.0917,2199,2067,2050,-528
2.0921,2199,2067,2050,-528
2.0924,2199,2067,2050,-528
2.0928,2199,2069,2050,-528
2.0932,2199,2069,2050,-528
2.0935,2199,2071,2050,-528
2.0939,2199,2071,2050,-528
2.0942,2199,2071,2050,-528
2.0946,2199,2073,2050,-520
2.0950,2199,2073,2050,-520
2.0954,2199,2075,2050,-520
2.0958,2199,2075,2050,-520
2.0962,2199,2075,2050,-520
2.0965,2199,2077,2050,-520
2.0969,2199,2077,2050,-520
2.0974,2199,2077,2050,-520
2.0977,2199,2079,2050,-512
2.0981,2199,2079,2050,-512
2.0985,2199,2081,2050,-512
2.0989,2199,2081,2050,-512
2.0993,2199,2081,2050,-512
2.0996,2199,2083,2050,-512
2.1000,2206,2085,2050,-504
2.1008,2206,2085,2050,-504
2.1011,2206,2085,2050,-504
2.1015,2206,2087,2050,-504
2.1019,2206,2087,2050,-504
2.1023,2206,2087,2050,-504
2.1027,2206,2089,2050,-504
2.1030,2206,2089,2050,-504
2.1034,2206,2091,2050,-496
2.1038,2206,2091,2050,-496
2.1042,2206,2091,2050,-496
2.1046,2206,2093,2050,-496
2.1050,2206,2093,2050,-496
2.1054,2206,2095,2050,-480
2.1058,2206,2095,2050,-480
2.1061,2206,2095,2050,-480
2.1065,2206,2096,2050,-488
2.1069,2206,2096,2050,-488
2.1073,2206,2096,2050,-488
2.1076,2206,2098,1950,-488
2.1080,2206,2098,1950,-488
2.1085,2206,2100,1950,-480
2.1088,2206,2100,1950,-480
2.1092,2206,2100,1950,-480
2.1096,2206,2102,1950,-480
2.1100,2212,2104,1950,-472
2.1107,2212,2104,1950,-472
2.1111,2212,2104,1950,-472
2.1115,2212,2106,1950,-472
2.1119,2212,2106,1950,-472
2.1123,2212,2106,1950,-472
2.1126,2212,2108,1950,-464
2.1130,2212,2108,1950,-464
2.1134,2212,2110,1950,-464
2.1138,2212,2110,1950,-464
2.1142,2212,2110,1950,-464
2.1146,2212,2112,1950,-456
2.1149,2212,2112,1950,-456
2.1154,2212,2114,1950,-456
2.1158,2212,2114,1950,-456
2.1162,2212,2114,1950,-456
2.1165,2212,2116,1950,-448
2.1169,2212,2116,1950,-448
2.1174,2212,2117,1950,-448
2.1178,2212,2117,1950,-448
2.1181,2212,2117,1950,-448
2.1185,2212,2119,1950,-448
2.1189,2212,2119,1950,-448
2.1193,2212,2119,1950,-448
2.1196,2212,2121,1950,-440
2.1200,2214,2123,1950,-432
2.1208,2214,2123,1950,-432
2.1212,2214,2123,1950,-432
2.1216,2214,2125,1950,-432
2.1219,2214,2125,1950,-432
2.1224,2214,2126,1950,-432
2.1228,2214,2126,1950,-432
2.1232,2214,2126,1950,-432
2.1236,2214,2128,1950,-424
2.1239,2214,2128,1950,-424
2.1244,2214,2130,1950,-416
2.1248,2214,2130,1950,-416
2.1251,2214,2130,1950,-416
2.1255,2214,2132,1950,-408
2.1259,2214,2132,1950,-408
2.1263,2214,2133,1950,-408
2.1267,2214,2133,1950,-408
2.1271,2214,2133,1950,-408
2.1275,2214,2135,1850,-400
2.1279,2214,2135,1850,-400
2.1283,2214,2137,1850,-392
2.1287,2214,2137,1850,-392
2.1291,2214,2137,1850,-392
2.1294,2214,2139,1850,-384
2.1298,2214,2139,1850,-384
2.1302,2214,2141,1850,-376
2.1310,2214,2141,1850,-376
2.1314,2214,2142,1850,-376
2.1318,2214,2142,1850,-376
2.1322,2214,2142,1850,-376
2.1325,2214,2144,1850,-368
2.1329,2214,2144,1850,-368
2.1334,2214,2146,1850,-360
2.1338,2214,2146,1850,-360
2.1342,2214,2146,1850,-360
2.1345,2214,2148,1850,-352
2.1349,2214,2148,1850,-352
2.1354,2214,2149,1850,-352
2.1357,2214,2149,1850,-352
2.1361,2214,2149,1850,-352
2.1365,2214,2151,1850,-344
2.1369,2214,2151,1850,-344
2.1373,2214,2153,1850,-336
2.1376,2214,2153,1850,-336
2.1381,2214,2153,1850,-336
2.1384,2214,2155,1850,-328
2.1388,2214,2155,1850,-328
2.1392,2214,2155,1850,-328
2.1395,2214,2156,1850,-328
2.1399,2214,2156,1850,-328
2.1403,2212,2158,1850,-320
2.1410,2212,2158,1850,-320
2.1414,2212,2159,1850,-320
2.1418,2212,2159,1850,-320
2.1422,2212,2161,1850,-304
2.1426,2212,2161,1850,-304
2.1429,2212,2161,1850,-304
2.1434,2212,2162,1850,-304
2.1438,2212,2162,1850,-304
2.1441,2212,2162,1850,-304
2.1445,2212,2164,1850,-296
2.1449,2212,2164,1850,-296
2.1452,2212,2165,1850,-272
2.1456,2212,2165,1850,-272
2.1460,2212,2165,1850,-272
2.1464,2212,2167,1850,-256
2.1468,2212,2167,1850,-256
2.1472,2212,2168,1650,-256
2.1476,2212,2168,1650,-256
2.1480,2212,2168,1650,-256
2.1484,2212,2170,1650,-248
2.1488,2212,2170,1650,-248
2.1492,2212,2171,1650,-240
2.1495,2212,2171,1650,-240
2.1499,2212,2171,1650,-240
2.1503,2206,2173,1650,-232
2.1510,2206,2173,1650,-232
2.1514,2206,2174,1650,-224
2.1518,2206,2174,1650,-224
2.1521,2206,2176,1650,-216
2.1525,2206,2176,1650,-216
2.1529,2206,2176,1650,-216
2.1533,2206,2177,1650,-208
2.1537,2206,2177,1650,-208
2.1541,2206,2177,1650,-208
2.1544,2206,2179,1650,-200
2.1548,2206,2179,1650,-200
2.1552,2206,2180,1650,-192
2.1555,2206,2180,1650,-192
2.1560,2206,2180,1650,-192
2.1564,2206,2181,1650,-192
2.1567,2206,2181,1650,-192
2.1571,2206,2183,1650,-176
2.1575,2206,2183,1650,-176
2.1579,2206,2183,1650,-176
2.1583,2206,2184,1650,-176
2.1587,2206,2184,1650,-176
2.1591,2206,2184,1650,-176
2.1594,2206,2185,1650,-168
2.1598,2206,2185,1650,-168
2.1602,2198,2186,1650,-160
2.1610,2198,2186,1650,-160
2.1614,2198,2187,1650,-160
2.1617,2198,2187,1650,-160
2.1621,2198,2189,1650,-144
2.1625,2198,2189,1650,-144
2.1629,2198,2189,1650,-144
2.1633,2198,2190,1650,-136
2.1637,2198,2190,1650,-136
2.1640,2198,2190,1650,-136
2.1644,2198,2191,1650,-128
2.1647,2198,2191,1650,-128
2.1651,2198,2192,1650,-112
2.1655,2198,2192,1650,-112
2.1658,2198,2192,1650,-112
2.1662,2198,2193,1650,-104
2.1666,2198,2193,1650,-104
2.1670,2198,2193,1650,-104
2.1674,2198,2194,1300,-96
2.1678,2198,2194,1300,-96
2.1682,2198,2195,1300,-88
2.1685,2198,2195,1300,-88
2.1689,2198,2195,1300,-88
2.1693,2198,2196,1300,-80
2.1696,2198,2196,1300,-80
2.1700,2188,2197,1300,-72
2.1708,2188,2197,1300,-72
2.1711,2188,2198,1300,-64
2.1715,2188,2198,1300,-64
2.1719,2188,2198,1300,-64
2.1722,2188,2199,1300,-56
2.1726,2188,2199,1300,-56
2.1729,2188,2199,1300,-56
2.1734,2188,2200,1300,-48
2.1738,2188,2200,1300,-48
2.1741,2188,2201,1300,-40
2.1745,2188,2201,1300,-40
2.1749,2188,2201,1300,-40
2.1752,2188,2202,1300,-32
2.1756,2188,2202,1300,-32
2.1760,2188,2203,1300,-24
2.1764,2188,2203,1300,-24
2.1768,2188,2203,1300,-24
2.1772,2188,2204,1300,0
2.1776,2188,2204,1300,0
2.1780,2188,2204,1300,24
2.1784,2188,2204,1300,24
2.1787,2188,2204,1300,24
2.1791,2188,2205,1300,32
2.1795,2188,2205,1300,32
2.1799,2188,2205,1300,32
2.1803,2175,2206,1300,40
2.1810,2175,2206,1300,40
2.1814,2175,2207,1300,48
2.1817,2175,2207,1300,48
2.1821,2175,2207,1300,56
2.1825,2175,2207,1300,56
2.1828,2175,2207,1300,56
2.1832,2175,2208,1300,64
2.1835,2175,2208,1300,64
2.1839,2175,2208,1300,64
2.1843,2175,2209,1300,72
2.1847,2175,2209,1300,72
2.1850,2175,2209,1300,88
2.1854,2175,2209,1300,88
2.1858,2175,2209,1300,88
2.1861,2175,2210,1300,96
2.1865,2175,2210,1300,96
2.1868,2175,2210,1300,96
2.1872,2175,2210,800,96
2.1875,2175,2210,800,96
2.1879,2175,2210,800,96
2.1882,2175,2211,800,96
2.1886,2175,2211,800,96
2.1889,2175,2211,800,104
2.1894,2175,2211,800,104
2.1898,2175,2211,800,104
2.1901,2161,2211,800,104
2.1908,2161,2211,800,104
2.1912,2161,2211,800,112
2.1916,2161,2211,800,112
2.1920,2161,2212,800,120
2.1924,2161,2212,800,120
2.1927,2161,2212,800,120
2.1931,2161,2212,800,128
2.1935,2161,2212,800,128
2.1938,2161,2212,800,128
2.1942,2161,2212,800,128
2.1946,2161,2212,800,128
2.1950,2161,2212,800,136
2.1954,2161,2212,800,136
2.1957,2161,2212,800,136
2.1961,2161,2213,800,152
2.1965,2161,2213,800,152
2.1969,2161,2213,800,152
2.1973,2161,2213,800,152
2.1977,2161,2213,800,152
2.1980,2161,2213,800,160
2.1984,2161,2213,800,160
2.1988,2161,2213,800,160
2.1991,2161,2213,800,168
2.1995,2161,2213,800,168
2.1998,2161,2213,800,168
2.2002,2144,2213,800,176
2.2009,2144,2213,800,176
2.2012,2144,2213,800,176
2.2017,2144,2213,800,176
2.2020,2144,2213,800,184
2.2024,2144,2213,800,184
2.2028,2144,2213,800,184
2.2031,2144,2213,800,192
2.2035,2144,2213,800,192
2.2039,2144,2213,800,200
2.2042,2144,2213,800,200
2.2046,2144,2213,800,200
2.2050,2144,2213,800,188
2.2054,2144,2213,800,188
2.2058,2144,2213,800,188
2.2061,2144,2213,800,196
2.2065,2144,2213,800,196
2.2069,2144,2213,150,204
2.2074,2144,2213,150,204
2.2077,2144,2213,150,204
2.2081,2144,2213,150,212
2.2085,2144,2213,150,212
2.2088,2144,2213,150,220
2.2092,2144,2213,150,220
2.2096,2144,2213,150,220
2.2100,2126,2213,150,228
2.2108,2126,2213,150,236
2.2112,2126,2213,150,236
2.2116,2126,2213,150,236
2.2120,2126,2213,150,244
2.2124,2126,2213,150,244
2.2127,2126,2213,150,244
2.2131,2126,2213,150,252
2.2135,2126,2213,150,252
2.2138,2126,2213,150,260
2.2142,2126,2213,150,260
2.2147,2126,2213,150,260
2.2152,2126,2213,150,268
2.2155,2126,2213,150,268
2.2159,2126,2213,150,276
2.2162,2126,2213,150,276
2.2166,2126,2213,150,276
2.2170,2126,2213,150,284
2.2174,2126,2213,150,284
2.2177,2126,2213,150,284
2.2181,2126,2213,150,300
2.2185,2126,2213,150,300
2.2189,2126,2212,150,300
2.2192,2126,2212,150,300
2.2196,2126,2212,150,300
2.2200,2107,2212,150,308
2.2207,2107,2212,150,308
2.2211,2107,2211,150,308
2.2214,2107,2211,150,308
2.2218,2107,2211,150,324
2.2222,2107,2211,150,324
2.2225,2107,2211,150,324
2.2229,2107,2210,150,324
2.2233,2107,2210,150,324
2.2236,2107,2210,150,324
2.2240,2107,2210,150,332
2.2244,2107,2210,150,332
2.2247,2107,2210,150,332
2.2251,2107,2209,150,356
2.2255,2107,2209,150,356
2.2258,2107,2209,150,364
2.2262,2107,2209,150,364
2.2265,2107,2209,150,364
2.2269,2107,2208,-250,372
2.2273,2107,2208,-250,372
2.2277,2107,2208,-250,372
2.2281,2107,2207,-250,372
2.2284,2107,2207,-250,372
2.2288,2107,2206,-250,380
2.2292,2107,2206,-250,380
2.2296,2107,2206,-250,380
2.2299,2107,2206,-250,388
2.2304,2086,2205,-250,396
2.2311,2086,2205,-250,396
2.2315,2086,2205,-250,396
2.2319,2086,2204,-250,396
2.2324,2086,2204,-250,396
2.2327,2086,2204,-250,412
2.2331,2086,2204,-250,412
2.2335,2086,2204,-250,412
2.2339,2086,2203,-250,420
2.2342,2086,2203,-250,420
2.2346,2086,2203,-250,420
2.2350,2086,2202,-250,420
2.2354,2086,2202,-250,420
2.2358,2086,2201,-250,428
2.2361,2086,2201,-250,428
2.2365,2086,2201,-250,428
2.2369,2086,2200,-250,436
2.2373,2086,2200,-250,436
2.2377,2086,2200,-250,436
2.2380,2086,2199,-250,436
2.2384,2086,2199,-250,436
2.2388,2086,2198,-250,444
2.2392,2086,2198,-250,444
2.2396,2086,2198,-250,444
2.2399,2086,2197,-250,452
2.2404,2065,2196,-250,460
2.2411,2065,2196,-250,460
2.2415,2065,2196,-250,460
2.2418,2065,2195,-250,460
2.2422,2065,2195,-250,460
2.2426,2065,2195,-250,460
2.2430,2065,2194,-250,468
2.2434,2065,2194,-250,468
2.2438,2065,2193,-250,476
2.2441,2065,2193,-250,476
2.2445,2065,2193,-250,476
2.2449,2065,2192,-250,472
2.2453,2065,2192,-250,472
2.2456,2065,2191,-250,480
2.2460,2065,2191,-250,480
2.2464,2065,2191,-250,480
2.2468,2065,2190,-900,488
2.2472,2065,2190,-900,488
2.2475,2065,2190,-900,488
2.2479,2065,2189,-900,496
2.2484,2065,2189,-900,496
2.2488,2065,2188,-900,504
2.2491,2065,2188,-900,504
2.2495,2065,2188,-900,504
2.2499,2065,2186,-900,504
2.2504,2043,2185,-900,512
2.2511,2043,2185,-900,512
2.2515,2043,2185,-900,512
2.2519,2043,2184,-900,512
2.2522,2043,2184,-900,512
2.2526,2043,2183,-900,520
2.2530,2043,2183,-900,520
2.2534,2043,2183,-900,520
2.2538,2043,2182,-900,528
2.2542,2043,2182,-900,528
2.2546,2043,2182,-900,528
2.2550,2043,2180,-900,528
2.2554,2043,2180,-900,528
2.2558,2043,2179,-900,536
2.2561,2043,2179,-900,536
2.2565,2043,2179,-900,536
2.2569,2043,2177,-900,536
2.2573,2043,2177,-900,536
2.2577,2043,2176,-900,544
2.2580,2043,2176,-900,544
2.2584,2043,2176,-900,544
2.2588,2043,2175,-900,552
2.2592,2043,2175,-900,552
2.2596,2043,2175,-900,560
2.2600,2043,2174,-900,560
2.2604,2022,2172,-900,560
2.2611,2022,2172,-900,560
2.2615,2022,2172,-900,560
2.2619,2022,2171,-900,568
2.2624,2022,2171,-900,568
2.2628,2022,2169,-900,568
2.2631,2022,2169,-900,568
2.2635,2022,2168,-900,576
2.2639,2022,2168,-900,576
2.2644,2022,2168,-900,576
2.2648,2022,2166,-900,564
2.2652,2022,2166,-900,564
2.2656,2022,2165,-900,572
2.2659,2022,2165,-900,572
2.2664,2022,2165,-900,572
2.2668,2022,2164,-1300,580
2.2671,2022,2164,-1300,580
2.2675,2022,2162,-1300,580
2.2679,2022,2162,-1300,580
2.2683,2022,2162,-1300,580
2.2686,2022,2160,-1300,580
2.2690,2022,2160,-1300,580
2.2694,2022,2160,-1300,580
2.2697,2022,2159,-1300,588
2.2701,2001,2159,-1300,588
2.2708,2001,2157,-1300,588
2.2712,2001,2157,-1300,588
2.2716,2001,2156,-1300,596
2.2719,2001,2156,-1300,596
2.2724,2001,2156,-1300,596
2.2727,2001,2154,-1300,596
2.2731,2001,2154,-1300,596
2.2734,2001,2154,-1300,596
2.2738,2001,2152,-1300,596
2.2742,2001,2152,-1300,596
2.2746,2001,2150,-1300,596
2.2750,2001,2150,-1300,596
2.2754,2001,2150,-1300,596
2.2758,2001,2149,-1300,604
2.2762,2001,2149,-1300,604
2.2766,2001,2147,-1300,604
2.2770,2001,2147,-1300,604
2.2774,2001,2147,-1300,604
2.2778,2001,2146,-1300,612
2.2782,2001,2146,-1300,612
2.2785,2001,2144,-1300,612
2.2789,2001,2144,-1300,612
2.2794,2001,2144,-1300,612
2.2798,2001,2142,-1300,612
2.2801,1981,2140,-1300,612
2.2809,1981,2140,-1300,612
2.2812,1981,2140,-1300,612
2.2816,1981,2138,-1300,612
2.2820,1981,2138,-1300,612
2.2824,1981,2138,-1300,612
2.2828,1981,2136,-1300,612
2.2832,1981,2136,-1300,612
2.2835,1981,2134,-1300,612
2.2839,1981,2134,-1300,612
2.2842,1981,2134,-1300,612
2.2846,1981,2133,-1300,596
2.2850,1981,2133,-1300,596
2.2854,1981,2133,-1300,596
2.2858,1981,2131,-1300,596
2.2862,1981,2131,-1300,596
2.2865,1981,2129,-1750,596
2.2869,1981,2129,-1750,596
2.2873,1981,2129,-1750,596
2.2877,1981,2127,-1750,596
2.2880,1981,2127,-1750,596
2.2884,1981,2125,-1750,596
2.2888,1981,2125,-1750,596
2.2892,1981,2125,-1750,596
2.2895,1981,2124,-1750,604
2.2899,1981,2124,-1750,604
2.2904,1961,2121,-1750,596
2.2911,1961,2121,-1750,596
2.2915,1961,2120,-1750,604
2.2918,1961,2120,-1750,604
2.2922,1961,2120,-1750,604
2.2926,1961,2118,-1750,604
2.2930,1961,2118,-1750,604
2.2934,1961,2118,-1750,604
2.2937,1961,2116,-1750,604
2.2941,1961,2116,-1750,604
2.2944,1961,2114,-1750,604
2.2948,1961,2114,-1750,604
2.2952,1961,2114,-1750,604
2.2956,1961,2112,-1750,604
2.2959,1961,2112,-1750,604
2.2964,1961,2110,-1750,604
2.2968,1961,2110,-1750,604
2.2972,1961,2110,-1750,604
2.2975,1961,2108,-1750,604
2.2979,1961,2108,-1750,604
2.2984,1961,2106,-1750,604
2.2988,1961,2106,-1750,604
2.2991,1961,2106,-1750,604
2.2995,1961,2104,-1750,604
2.2999,1961,2104,-1750,604
2.3003,1943,2102,-1750,604
2.3010,1943,2102,-1750,604
2.3014,1943,2100,-1750,604
2.3018,1943,2100,-1750,604
2.3022,1943,2100,-1750,604
2.3026,1943,2099,-1750,612
2.3029,1943,2099,-1750,612
2.3034,1943,2097,-1750,612
2.3038,1943,2097,-1750,612
2.3042,1943,2097,-1750,612
2.3045,1943,2094,-1750,580
2.3049,1943,2094,-1750,580
2.3054,1943,2092,-1750,580
2.3058,1943,2092,-1750,580
2.3061,1943,2092,-1750,580
2.3065,1943,2090,-1950,580
2.3069,1943,2090,-1950,580
2.3073,1943,2090,-1950,580
2.3077,1943,2089,-1950,588
2.3080,1943,2089,-1950,588
2.3084,1943,2087,-1950,588
2.3088,1943,2087,-1950,588
2.3092,1943,2087,-1950,588
2.3096,1943,2085,-1950,588
2.3099,1943,2085,-1950,588
2.3104,1927,2082,-1950,580
2.3111,1927,2082,-1950,580
2.3115,1927,2080,-1950,580
2.3119,1927,2080,-1950,580
2.3122,1927,2080,-1950,580
2.3126,1927,2078,-1950,580
2.3130,1927,2078,-1950,580
2.3134,1927,2076,-1950,580
2.3138,1927,2076,-1950,580
2.3142,1927,2076,-1950,580
2.3145,1927,2074,-1950,580
2.3149,1927,2074,-1950,580
2.3152,1927,2074,-1950,580
2.3156,1927,2073,-1950,588
2.3160,1927,2073,-1950,588
2.3164,1927,2070,-1950,580
2.3168,1927,2070,-1950,580
2.3172,1927,2070,-1950,580
2.3175,1927,2068,-1950,580
2.3179,1927,2068,-1950,580
2.3183,1927,2066,-1950,572
2.3187,1927,2066,-1950,572
2.3190,1927,2066,-1950,572
2.3194,1927,2064,-1950,572
2.3198,1927,2064,-1950,572
2.3202,1912,2062,-1950,572
2.3208,1912,2062,-1950,572
2.3212,1912,2060,-1950,572
2.3216,1912,2060,-1950,572
2.3220,1912,2060,-1950,572
2.3224,1912,2058,-1950,572
2.3228,1912,2058,-1950,572
2.3232,1912,2058,-1950,572
2.3236,1912,2056,-1950,572
2.3240,1912,2056,-1950,572
2.3244,1912,2054,-1950,564
2.3247,1912,2054,-1950,564
2.3251,1912,2054,-1950,564
2.3255,1912,2052,-1950,564
2.3258,1912,2052,-1950,564
2.3262,1912,2050,-2000,564
2.3266,1912,2050,-2000,564
2.3270,1912,2050,-2000,564
2.3274,1912,2048,-2000,564
2.3278,1912,2048,-2000,564
2.3281,1912,2048,-2000,564
2.3285,1912,2046,-2000,556
2.3289,1912,2046,-2000,556
2.3293,1912,2044,-2000,556
2.3296,1912,2044,-2000,556
2.3300,1900,2042,-2000,556
2.3308,1900,2042,-2000,556
2.3311,1900,2042,-2000,556
2.3315,1900,2040,-2000,556
2.3318,1900,2040,-2000,556
2.3322,1900,2040,-2000,556
2.3326,1900,2038,-2000,556
2.3329,1900,2038,-2000,556
2.3333,1900,2035,-2000,548
2.3336,1900,2035,-2000,548
2.3340,1900,2035,-2000,548
2.3344,1900,2033,-2000,548
2.3348,1900,2033,-2000,548
2.3352,1900,2033,-2000,548
2.3355,1900,2031,-2000,540
2.3359,1900,2031,-2000,540
2.3363,1900,2029,-2000,540
2.3366,1900,2029,-2000,540
2.3370,1900,2029,-2000,540
2.3374,1900,2028,-2000,548
2.3378,1900,2028,-2000,548
2.3382,1900,2026,-2000,548
2.3386,1900,2026,-2000,548
2.3390,1900,2026,-2000,548
2.3394,1900,2024,-2000,540
2.3398,1900,2024,-2000,540
2.3401,1889,2022,-2000,540
2.3409,1889,2022,-2000,540
2.3412,1889,2020,-2000,540
2.3416,1889,2020,-2000,540
2.3420,1889,2020,-2000,540
2.3424,1889,2018,-2000,540
2.3428,1889,2018,-2000,540
2.3431,1889,2015,-2000,524
2.3435,1889,2015,-2000,524
2.3439,1889,2015,-2000,524
2.3443,1889,2013,-2000,508
2.3446,1889,2013,-2000,508
2.3450,1889,2013,-2000,508
2.3454,1889,2012,-2000,516
2.3457,1889,2012,-2000,516
2.3462,1889,2010,-2000,516
2.3466,1889,2010,-2000,516
2.3470,1889,2010,-2000,516
2.3474,1889,2008,-2000,508
2.3477,1889,2008,-2000,508
2.3481,1889,2008,-2000,508
2.3484,1889,2006,-2000,508
2.3488,1889,2006,-2000,508
2.3491,1889,2004,-2000,500
2.3495,1889,2004,-2000,500
2.3499,1889,2004,-2000,500
2.3502,1882,2002,-2000,500
2.3509,1882,2002,-2000,500
2.3514,1882,2000,-2000,500
2.3517,1882,2000,-2000,500
2.3521,1882,2000,-2000,500
2.3525,1882,1998,-2000,492
2.3528,1882,1998,-2000,492
2.3531,1882,1996,-2000,492
2.3535,1882,1996,-2000,492
2.3538,1882,1996,-2000,492
2.3542,1882,1994,-2000,492
2.3546,1882,1994,-2000,492
2.3549,1882,1994,-2000,492
2.3554,1882,1992,-2000,484
2.3558,1882,1992,-2000,484
2.3562,1882,1990,-2000,484
2.3565,1882,1990,-2000,484
2.3569,1882,1990,-2000,484
2.3573,1882,1988,-2000,476
2.3577,1882,1988,-2000,476
2.3581,1882,1986,-2000,476
2.3585,1882,1986,-2000,476
2.3588,1882,1986,-2000,476
2.3592,1882,1985,-2000,484
2.3596,1882,1985,-2000,484
2.3600,1876,1983,-2000,476
2.3607,1876,1983,-2000,476
2.3611,1876,1981,-2000,476
2.3615,1876,1981,-2000,476
2.3619,1876,1981,-2000,476
2.3622,1876,1979,-2000,468
2.3626,1876,1979,-2000,468
2.3630,1876,1979,-2000,468
2.3634,1876,1977,-2000,468
2.3638,1876,1977,-2000,468
2.3642,1876,1976,-2000,468
2.3646,1876,1976,-2000,468
2.3650,1876,1976,-2000,468
2.3654,1876,1974,-2000,468
2.3657,1876,1974,-2000,468
2.3662,1876,1972,-1900,460
2.3665,1876,1972,-1900,460
2.3669,1876,1972,-1900,460
2.3674,1876,1970,-1900,452
2.3677,1876,1970,-1900,452
2.3681,1876,1968,-1900,452
2.3685,1876,1968,-1900,452
2.3689,1876,1968,-1900,452
2.3693,1876,1966,-1900,444
2.3696,1876,1966,-1900,444
2.3700,1874,1964,-1900,444
2.3708,1874,1964,-1900,444
2.3711,1874,1963,-1900,444
2.3715,1874,1963,-1900,444
2.3719,1874,1963,-1900,444
2.3722,1874,1961,-1900,436
2.3726,1874,1961,-1900,436
2.3730,1874,1961,-1900,436
2.3734,1874,1959,-1900,428
2.3738,1874,1959,-1900,428
2.3741,1874,1957,-1900,428
2.3745,1874,1957,-1900,428
2.3749,1874,1957,-1900,428
2.3753,1874,1955,-1900,420
2.3757,1874,1955,-1900,420
2.3760,1874,1953,-1900,412
2.3764,1874,1953,-1900,412
2.3768,1874,1953,-1900,412
2.3772,1874,1952,-1900,412
2.3776,1874,1952,-1900,412
2.3780,1874,1950,-1900,404
2.3784,1874,1950,-1900,404
2.3788,1874,1950,-1900,404
2.3792,1874,1948,-1900,404
2.3795,1874,1948,-1900,404
2.3799,1874,1948,-1900,404
2.3804,1874,1946,-1900,396
2.3811,1874,1944,-1900,388
2.3815,1874,1944,-1900,388
2.3819,1874,1944,-1900,388
2.3823,1874,1943,-1900,388
2.3826,1874,1943,-1900,388
2.3830,1874,1941,-1900,380
2.3834,1874,1941,-1900,380
2.3837,1874,1941,-1900,380
2.3841,1874,1939,-1900,344
2.3845,1874,1939,-1900,344
2.3849,1874,1939,-1900,344
2.3853,1874,1937,-1900,336
2.3856,1874,1937,-1900,336
2.3860,1874,1936,-1800,336
2.3864,1874,1936,-1800,336
2.3868,1874,1936,-1800,336
2.3872,1874,1935,-1800,336
2.3876,1874,1935,-1800,336
2.3879,1874,1933,-1800,320
2.3884,1874,1933,-1800,320
2.3887,1874,1933,-1800,320
2.3891,1874,1931,-1800,312
2.3895,1874,1931,-1800,312
2.3898,1874,1931,-1800,312
2.3902,1876,1930,-1800,312
2.3908,1876,1930,-1800,312
2.3912,1876,1928,-1800,304
2.3915,1876,1928,-1800,304
2.3919,1876,1928,-1800,304
2.3922,1876,1926,-1800,296
2.3926,1876,1926,-1800,296
2.3929,1876,1925,-1800,296
2.3933,1876,1925,-1800,296
2.3936,1876,1925,-1800,296
2.3940,1876,1923,-1800,280
2.3944,1876,1923,-1800,280
2.3947,1876,1923,-1800,280
2.3951,1876,1922,-1800,280
2.3955,1876,1922,-1800,280
2.3959,1876,1922,-1800,280
2.3962,1876,1920,-1800,272
2.3966,1876,1920,-1800,272
2.3970,1876,1919,-1800,264
2.3974,1876,1919,-1800,264
2.3978,1876,1919,-1800,264
2.3981,1876,1917,-1800,256
2.3985,1876,1917,-1800,256
2.3989,1876,1916,-1800,256
2.3994,1876,1916,-1800,256
2.3998,1876,1916,-1800,256
2.4002,1882,1914,-1800,240
2.4009,1882,1913,-1800,240
2.4013,1882,1913,-1800,240
2.4017,1882,1913,-1800,240
2.4021,1882,1912,-1800,232
2.4025,1882,1912,-1800,232
2.4029,1882,1910,-1800,224
2.4032,1882,1910,-1800,224
2.4036,1882,1910,-1800,224
2.4040,1882,1909,-1800,200
2.4044,1882,1909,-1800,200
2.4047,1882,1909,-1800,200
2.4051,1882,1908,-1800,200
2.4055,1882,1908,-1800,200
2.4058,1882,1906,-1500,184
2.4062,1882,1906,-1500,184
2.4066,1882,1906,-1500,184
2.4069,1882,1905,-1500,184
2.4074,1882,1905,-1500,184
2.4077,1882,1905,-1500,184
2.4081,1882,1904,-1500,176
2.4085,1882,1904,-1500,176
2.4089,1882,1902,-1500,160
2.4092,1882,1902,-1500,160
2.4096,1882,1902,-1500,160
2.4100,1890,1901,-1500,160
2.4108,1890,1901,-1500,160
2.4112,1890,1900,-1500,152
2.4116,1890,1900,-1500,152
2.4119,1890,1899,-1500,144
2.4124,1890,1899,-1500,144
2.4128,1890,1899,-1500,144
2.4132,1890,1897,-1500,128
2.4136,1890,1897,-1500,128
2.4139,1890,1896,-1500,128
2.4144,1890,1896,-1500,128
2.4148,1890,1895,-1500,120
2.4152,1890,1895,-1500,120
2.4156,1890,1895,-1500,120
2.4159,1890,1894,-1500,112
2.4164,1890,1894,-1500,112
2.4168,1890,1893,-1500,104
2.4172,1890,1893,-1500,104
2.4176,1890,1893,-1500,104
2.4179,1890,1892,-1500,96
2.4184,1890,1892,-1500,96
2.4187,1890,1892,-1500,96
2.4191,1890,1891,-1500,88
2.4195,1890,1891,-1500,88
2.4198,1890,1890,-1500,80
2.4202,1900,1890,-1500,80
2.4210,1900,1889,-1500,72
2.4214,1900,1889,-1500,72
2.4218,1900,1888,-1500,64
2.4222,1900,1888,-1500,64
2.4225,1900,1888,-1500,64
2.4229,1900,1887,-1500,56
2.4234,1900,1887,-1500,56
2.4238,1900,1886,-1500,36
2.4241,1900,1886,-1500,36
2.4245,1900,1886,-1500,36
2.4249,1900,1885,-1500,28
2.4252,1900,1885,-1500,28
2.4256,1900,1885,-1500,28
2.4260,1900,1884,-1100,20
2.4264,1900,1884,-1100,20
2.4268,1900,1884,-1100,20
2.4271,1900,1884,-1100,20
2.4275,1900,1884,-1100,20
2.4279,1900,1883,-1100,-20
2.4284,1900,1883,-1100,-20
2.4287,1900,1882,-1100,-36
2.4291,1900,1882,-1100,-36
2.4295,1900,1882,-1100,-36
2.4299,1900,1881,-1100,-44
2.4302,1913,1881,-1100,-44
2.4310,1913,1880,-1100,-52
2.4314,1913,1880,-1100,-52
2.4318,1913,1880,-1100,-52
2.4321,1913,1880,-1100,-52
2.4325,1913,1880,-1100,-52
2.4329,1913,1879,-1100,-68
2.4333,1913,1879,-1100,-68
2.4337,1913,1879,-1100,-68
2.4340,1913,1879,-1100,-68
2.4344,1913,1879,-1100,-68
2.4348,1913,1878,-1100,-84
2.4352,1913,1878,-1100,-84
2.4355,1913,1878,-1100,-84
2.4359,1913,1877,-1100,-92
2.4364,1913,1877,-1100,-92
2.4368,1913,1877,-1100,-92
2.4371,1913,1877,-1100,-92
2.4375,1913,1877,-1100,-92
2.4379,1913,1876,-1100,-92
2.4384,1913,1876,-1100,-92
2.4388,1913,1876,-1100,-92
2.4391,1913,1876,-1100,-92
2.4395,1913,1876,-1100,-92
2.4399,1913,1875,-1100,-108
2.4403,1928,1875,-1100,-108
2.4410,1928,1875,-1100,-108
2.4414,1928,1875,-1100,-108
2.4417,1928,1875,-1100,-116
2.4421,1928,1875,-1100,-116
2.4425,1928,1875,-1100,-116
2.4429,1928,1874,-1100,-124
2.4433,1928,1874,-1100,-124
2.4436,1928,1874,-1100,-124
2.4440,1928,1874,-1100,-124
2.4444,1928,1874,-1100,-124
2.4448,1928,1874,-1100,-132
2.4452,1928,1874,-1100,-132
2.4455,1928,1874,-1100,-132
2.4459,1928,1874,-500,-132
2.4463,1928,1874,-500,-132
2.4466,1928,1874,-500,-140
2.4470,1928,1874,-500,-140
2.4474,1928,1874,-500,-140
2.4478,1928,1874,-500,-148
2.4481,1928,1874,-500,-148
2.4485,1928,1874,-500,-148
2.4488,1928,1873,-500,-164
2.4492,1928,1873,-500,-164
2.4496,1928,1873,-500,-164
2.4500,1944,1873,-500,-164
2.4508,1944,1873,-500,-172
2.4511,1944,1873,-500,-172
2.4515,1944,1873,-500,-172
2.4519,1944,1873,-500,-180
2.4523,1944,1873,-500,-180
2.4527,1944,1873,-500,-188
2.4530,1944,1873,-500,-188
2.4534,1944,1873,-500,-188
2.4538,1944,1873,-500,-196
2.4542,1944,1873,-500,-196
2.4546,1944,1873,-500,-196
2.4550,1944,1873,-500,-196
2.4554,1944,1873,-500,-196
2.4557,1944,1873,-500,-204
2.4561,1944,1873,-500,-204
2.4565,1944,1873,-500,-204
2.4569,1944,1873,-500,-212
2.4572,1944,1873,-500,-212
2.4576,1944,1873,-500,-220
2.4580,1944,1873,-500,-220
2.4584,1944,1873,-500,-220
2.4588,1944,1873,-500,-228
2.4592,1944,1873,-500,-228
2.4595,1944,1873,-500,-228
2.4599,1944,1873,-500,-236
2.4603,1962,1873,-500,-244
2.4610,1962,1873,-500,-244
2.4614,1962,1873,-500,-244
2.4618,1962,1873,-500,-252
2.4622,1962,1873,-500,-252
2.4626,1962,1873,-500,-260
2.4630,1962,1873,-500,-260
2.4634,1962,1873,-500,-260
2.4638,1962,1873,-500,-284
2.4641,1962,1873,-500,-284
2.4645,1962,1873,-500,-284
2.4649,1962,1873,-500,-292
2.4652,1962,1873,-500,-292
2.4656,1962,1873,-50,-300
2.4660,1962,1873,-50,-300
2.4664,1962,1873,-50,-300
2.4668,1962,1873,-50,-308
2.4671,1962,1873,-50,-308
2.4675,1962,1873,-50,-308
2.4679,1962,1873,-50,-316
2.4683,1962,1873,-50,-316
2.4687,1962,1874,-50,-324
2.4690,1962,1874,-50,-324
2.4694,1962,1874,-50,-324
2.4698,1962,1874,-50,-332
2.4701,1981,1874,-50,-332
2.4708,1981,1875,-50,-332
2.4712,1981,1875,-50,-332
2.4716,1981,1875,-50,-340
2.4720,1981,1875,-50,-340
2.4724,1981,1875,-50,-340
2.4728,1981,1876,-50,-348
2.4731,1981,1876,-50,-348
2.4735,1981,1877,-50,-348
2.4739,1981,1877,-50,-348
2.4743,1981,1877,-50,-348
2.4747,1981,1877,-50,-364
2.4750,1981,1877,-50,-364
2.4754,1981,1877,-50,-364
2.4758,1981,1878,-50,-364
2.4762,1981,1878,-50,-364
2.4765,1981,1878,-50,-372
2.4769,1981,1878,-50,-372
2.4773,1981,1878,-50,-372
2.4776,1981,1879,-50,-380
2.4780,1981,1879,-50,-380
2.4784,1981,1879,-50,-380
2.4788,1981,1879,-50,-388
2.4791,1981,1879,-50,-388
2.4795,1981,1880,-50,-396
2.4799,1981,1880,-50,-396
2.4803,2002,1881,-50,-396
2.4810,2002,1881,-50,-396
2.4814,2002,1881,-50,-396
2.4818,2002,1882,-50,-404
2.4821,2002,1882,-50,-404
2.4825,2002,1882,-50,-420
2.4829,2002,1882,-50,-420
2.4834,2002,1882,-50,-420
2.4838,2002,1883,-50,-412
2.4842,2002,1883,-50,-412
2.4845,2002,1884,-50,-420
2.4849,2002,1884,-50,-420
2.4854,2002,1884,-50,-420
2.4858,2002,1885,600,-428
2.4861,2002,1885,600,-428
2.4865,2002,1886,600,-428
2.4869,2002,1886,600,-428
2.4874,2002,1886,600,-428
2.4877,2002,1887,600,-436
2.4881,2002,1887,600,-436
2.4885,2002,1888,600,-444
2.4889,2002,1888,600,-444
2.4892,2002,1888,600,-444
2.4896,2002,1889,600,-452
2.4900,2002,1889,600,-452
2.4904,2023,1890,600,-452
2.4911,2023,1890,600,-452
2.4915,2023,1891,600,-460
2.4919,2023,1891,600,-460
2.4923,2023,1891,600,-460
2.4926,2023,1892,600,-468
2.4930,2023,1892,600,-468
2.4934,2023,1893,600,-476
2.4938,2023,1893,600,-476
2.4942,2023,1893,600,-476
2.4946,2023,1894,600,-484
2.4950,2023,1894,600,-484
2.4954,2023,1895,600,-492
2.4958,2023,1895,600,-492
2.4961,2023,1895,600,-492
2.4965,2023,1896,600,-500
2.4969,2023,1896,600,-500
2.4973,2023,1896,600,-500
2.4977,2023,1897,600,-508
2.4981,2023,1897,600,-508
2.4984,2023,1899,600,-508
2.4988,2023,1899,600,-508
2.4992,2023,1899,600,-508
2.4996,2023,1900,600,-508
2.5000,2023,1900,600,-508
2.5004,2045,1901,600,-516
2.5011,2045,1901,600,-516
2.5014,2045,1902,600,-524
2.5018,2045,1902,600,-524
2.5022,2045,1902,600,-524
2.5026,2045,1903,600,-532
2.5030,2045,1903,600,-532
2.5034,2045,1904,600,-536
2.5038,2045,1904,600,-536
2.5041,2045,1904,600,-536
2.5045,2045,1906,600,-536
2.5049,2045,1906,600,-536
2.5054,2045,1907,1100,-544
2.5057,2045,1907,1100,-544
2.5061,2045,1907,1100,-544
2.5064,2045,1908,1100,-552
2.5068,2045,1908,1100,-552
2.5071,2045,1908,1100,-552
2.5075,2045,1910,1100,-552
2.5079,2045,1910,1100,-552
2.5083,2045,1910,1100,-552
2.5086,2045,1911,1100,-560
2.5090,2045,1911,1100,-560
2.5094,2045,1913,1100,-560
2.5098,2045,1913,1100,-560
2.5101,2066,1914,1100,-568
2.5108,2066,1914,1100,-568
2.5112,2066,1914,1100,-568
2.5117,2066,1916,1100,-568
2.5121,2066,1916,1100,-568
2.5125,2066,1917,1100,-576
2.5128,2066,1917,1100,-576
2.5132,2066,1917,1100,-576
2.5136,2066,1918,1100,-584
2.5139,2066,1918,1100,-584
2.5143,2066,1920,1100,-584
2.5147,2066,1920,1100,-584
2.5151,2066,1920,1100,-584
2.5154,2066,1921,1100,-592
2.5158,2066,1921,1100,-592
2.5162,2066,1921,1100,-592
2.5166,2066,1923,1100,-592
2.5170,2066,1923,1100,-592
2.5174,2066,1924,1100,-600
2.5177,2066,1924,1100,-600
2.5181,2066,1924,1100,-600
2.5184,2066,1926,1100,-600
2.5188,2066,1926,1100,-600
2.5191,2066,1926,1100,-600
2.5195,2066,1928,1100,-592
2.5199,2066,1928,1100,-592
2.5202,2087,1929,1100,-600
2.5210,2087,1929,1100,-600
2.5214,2087,1931,1100,-600
2.5218,2087,1931,1100,-600
2.5221,2087,1931,1100,-600
2.5225,2087,1933,1100,-600
2.5229,2087,1933,1100,-600
2.5233,2087,1934,1100,-580
2.5237,2087,1934,1100,-580
2.5240,2087,1934,1100,-580
2.5244,2087,1936,1100,-580
2.5248,2087,1936,1100,-580
2.5252,2087,1936,1100,-580
2.5255,2087,1938,1550,-580
2.5259,2087,1938,1550,-580
2.5264,2087,1939,1550,-588
2.5267,2087,1939,1550,-588
2.5271,2087,1939,1550,-588
2.5275,2087,1941,1550,-588
2.5278,2087,1941,1550,-588
2.5282,2087,1941,1550,-588
2.5286,2087,1943,1550,-588
2.5290,2087,1943,1550,-588
2.5294,2087,1945,1550,-588
2.5298,2087,1945,1550,-588
2.5302,2107,1946,1550,-596
2.5309,2107,1946,1550,-596
2.5312,2107,1948,1550,-596
2.5316,2107,1948,1550,-596
2.5320,2107,1948,1550,-596
2.5324,2107,1950,1550,-596
2.5328,2107,1950,1550,-596
2.5332,2107,1950,1550,-596
2.5336,2107,1952,1550,-596
2.5339,2107,1952,1550,-596
2.5344,2107,1954,1550,-596
2.5348,2107,1954,1550,-596
2.5351,2107,1954,1550,-596
2.5355,2107,1955,1550,-604
2.5359,2107,1955,1550,-604
2.5363,2107,1957,1550,-612
2.5367,2107,1957,1550,-612
2.5370,2107,1957,1550,-612
2.5374,2107,1959,1550,-612
2.5377,2107,1959,1550,-612
2.5381,2107,1959,1550,-612
2.5385,2107,1961,1550,-612
2.5389,2107,1961,1550,-612
2.5393,2107,1963,1550,-612
2.5397,2107,1963,1550,-612
2.5400,2126,1965,1550,-604
2.5408,2126,1965,1550,-604
2.5411,2126,1965,1550,-604
2.5415,2126,1967,1550,-604
2.5419,2126,1967,1550,-604
2.5423,2126,1969,1550,-604
2.5427,2126,1969,1550,-604
2.5431,2126,1969,1550,-604
2.5435,2126,1970,1550,-604
2.5438,2126,1970,1550,-604
2.5442,2126,1972,1550,-604
2.5446,2126,1972,1550,-604
2.5450,2126,1972,1550,-604
2.5454,2126,1974,1800,-604
2.5457,2126,1974,1800,-604
2.5461,2126,1974,1800,-604
2.5465,2126,1976,1800,-604
2.5468,2126,1976,1800,-604
2.5472,2126,1978,1800,-604
2.5476,2126,1978,1800,-604
2.5480,2126,1978,1800,-604
2.5484,2126,1980,1800,-604
2.5488,2126,1980,1800,-604
2.5491,2126,1980,1800,-604
2.5495,2126,1982,1800,-596
2.5498,2126,1982,1800,-596
2.5502,2145,1984,1800,-596
2.5508,2145,1984,1800,-596
2.5512,2145,1986,1800,-596
2.5515,2145,1986,1800,-596
2.5519,2145,1986,1800,-596
2.5523,2145,1988,1800,-596
2.5526,2145,1988,1800,-596
2.5530,2145,1988,1800,-596
2.5534,2145,1990,1800,-596
2.5537,2145,1990,1800,-596
2.5541,2145,1990,1800,-596
2.5544,2145,1992,1800,-596
2.5548,2145,1992,1800,-596
2.5551,2145,1994,1800,-596
2.5555,2145,1994,1800,-596
2.5558,2145,1994,1800,-596
2.5562,2145,1996,1800,-596
2.5566,2145,1996,1800,-596
2.5570,2145,1996,1800,-596
2.5574,2145,1998,1800,-596
2.5578,2145,1998,1800,-596
2.5581,2145,1999,1800,-604
2.5585,2145,1999,1800,-604
2.5588,2145,1999,1800,-604
2.5592,2145,2001,1800,-604
2.5596,2145,2001,1800,-604
2.5599,2145,2001,1800,-604
2.5604,2161,2003,1800,-604
2.5610,2161,2003,1800,-604
2.5614,2161,2005,1800,-604
2.5617,2161,2005,1800,-604
2.5621,2161,2005,1800,-604
2.5624,2161,2007,1800,-604
2.5628,2161,2007,1800,-604
2.5631,2161,2010,1800,-572
2.5635,2161,2010,1800,-572
2.5639,2161,2010,1800,-572
2.5643,2161,2012,1800,-572
2.5647,2161,2012,1800,-572
2.5650,2161,2014,2000,-572
2.5654,2161,2014,2000,-572
2.5658,2161,2014,2000,-572
2.5662,2161,2016,2000,-572
2.5665,2161,2016,2000,-572
2.5669,2161,2016,2000,-572
2.5672,2161,2018,2000,-572
2.5676,2161,2018,2000,-572
2.5680,2161,2018,2000,-572
2.5684,2161,2019,2000,-580
2.5688,2161,2019,2000,-580
2.5691,2161,2021,2000,-580
2.5695,2161,2021,2000,-580
2.5698,2161,2021,2000,-580
2.5702,2176,2023,2000,-572
2.5709,2176,2023,2000,-572
2.5713,2176,2025,2000,-572
2.5716,2176,2025,2000,-572
2.5720,2176,2027,2000,-572
2.5724,2176,2027,2000,-572
2.5728,2176,2027,2000,-572
2.5732,2176,2029,2000,-572
2.5736,2176,2029,2000,-572
2.5739,2176,2029,2000,-572
2.5744,2176,2032,2000,-564
2.5747,2176,2032,2000,-564
2.5751,2176,2033,2000,-572
2.5754,2176,2033,2000,-572
2.5758,2176,2033,2000,-572
2.5762,2176,2036,2000,-564
2.5765,2176,2036,2000,-564
2.5769,2176,2036,2000,-564
2.5774,2176,2038,2000,-564
2.5778,2176,2038,2000,-564
2.5781,2176,2040,2000,-564
2.5785,2176,2040,2000,-564
2.5789,2176,2040,2000,-564
2.5792,2176,2042,2000,-556
2.5796,2176,2042,2000,-556
2.5800,2176,2044,2000,-556
2.5804,2189,2044,2000,-556
2.5811,2189,2046,2000,-556
2.5815,2189,2046,2000,-556
2.5819,2189,2046,2000,-556
2.5823,2189,2048,2000,-556
2.5826,2189,2048,2000,-556
2.5830,2189,2050,2000,-552
2.5834,2189,2050,2000,-552
2.5837,2189,2050,2000,-552
2.5841,2189,2052,2000,-552
2.5844,2189,2052,2000,-552
2.5848,2189,2052,2000,-552
2.5851,2189,2054,2000,-544
2.5855,2189,2054,2000,-544
2.5859,2189,2054,2000,-544
2.5864,2189,2056,2000,-544
2.5868,2189,2056,2000,-544
2.5871,2189,2058,2000,-544
2.5875,2189,2058,2000,-544
2.5879,2189,2058,2000,-544
2.5883,2189,2061,2000,-536
2.5887,2189,2061,2000,-536
2.5890,2189,2063,2000,-536
2.5894,2189,2063,2000,-536
2.5898,2189,2063,2000,-536
2.5902,2199,2065,2000,-528
2.5909,2199,2065,2000,-528
2.5913,2199,2066,2000,-536
2.5917,2199,2066,2000,-536
2.5920,2199,2068,2000,-536
2.5924,2199,2068,2000,-536
2.5928,2199,2068,2000,-536
2.5932,2199,2070,2000,-536
2.5936,2199,2070,2000,-536
2.5939,2199,2072,2000,-536
2.5944,2199,2072,2000,-536
2.5948,2199,2072,2000,-536
2.5951,2199,2074,2000,-528
2.5955,2199,2074,2000,-528
2.5959,2199,2074,2000,-528
2.5962,2199,2076,2000,-528
2.5966,2199,2076,2000,-528
2.5970,2199,2078,2000,-528
2.5974,2199,2078,2000,-528
2.5978,2199,2078,2000,-528
2.5982,2199,2080,2000,-528
2.5985,2199,2080,2000,-528
2.5989,2199,2082,2000,-520
2.5994,2199,2082,2000,-520
2.5998,2199,2082,2000,-520
2.6001,2206,2084,2000,-520
2.6008,2206,2084,2000,-520
2.6012,2206,2086,2000,-520
2.6016,2206,2086,2000,-520
2.6020,2206,2088,2000,-512
2.6024,2206,2088,2000,-512
2.6027,2206,2088,2000,-512
2.6031,2206,2090,2000,-500
2.6035,2206,2090,2000,-500
2.6039,2206,2092,2000,-500
2.6043,2206,2092,2000,-500
2.6047,2206,2092,2000,-500
2.6050,2206,2094,2000,-492
2.6054,2206,2094,2000,-492
2.6058,2206,2094,2000,-492
2.6062,2206,2096,2000,-492
2.6066,2206,2096,2000,-492
2.6070,2206,2098,2000,-484
2.6074,2206,2098,2000,-484
2.6078,2206,2098,2000,-484
2.6082,2206,2100,2000,-484
2.6086,2206,2100,2000,-484
2.6090,2206,2102,2000,-484
2.6094,2206,2102,2000,-484
2.6098,2206,2102,2000,-484
2.6101,2212,2103,2000,-484
2.6109,2212,2105,2000,-484
2.6112,2212,2105,2000,-484
2.6116,2212,2105,2000,-484
2.6120,2212,2107,2000,-476
2.6124,2212,2107,2000,-476
2.6127,2212,2107,2000,-476
2.6131,2212,2109,2000,-476
2.6135,2212,2109,2000,-476
2.6138,2212,2111,2000,-468
2.6142,2212,2111,2000,-468
2.6146,2212,2111,2000,-468
2.6150,2212,2113,2000,-468
2.6154,2212,2113,2000,-468
2.6158,2212,2113,2000,-468
2.6161,2212,2115,2000,-460
2.6165,2212,2115,2000,-460
2.6169,2212,2117,2000,-452
2.6173,2212,2117,2000,-452
2.6177,2212,2117,2000,-452
2.6180,2212,2118,2000,-460
2.6184,2212,2118,2000,-460
2.6188,2212,2120,2000,-452
2.6192,2212,2120,2000,-452
2.6195,2212,2120,2000,-452
2.6199,2212,2122,2000,-452
2.6204,2214,2122,2000,-452
2.6211,2214,2124,2000,-444
2.6215,2214,2124,2000,-444
2.6218,2214,2126,2000,-436
2.6222,2214,2126,2000,-436
2.6225,2214,2126,2000,-436
2.6229,2214,2127,2000,-424
2.6233,2214,2127,2000,-424
2.6236,2214,2127,2000,-424
2.6240,2214,2129,2000,-424
2.6244,2214,2129,2000,-424
2.6248,2214,2131,1850,-416
2.6252,2214,2131,1850,-416
2.6255,2214,2131,1850,-416
2.6259,2214,2133,1850,-408
2.6262,2214,2133,1850,-408
2.6266,2214,2133,1850,-408
2.6270,2214,2135,1850,-400
2.6274,2214,2135,1850,-400
2.6277,2214,2135,1850,-400
2.6281,2214,2137,1850,-392
2.6284,2214,2137,1850,-392
2.6288,2214,2138,1850,-400
2.6291,2214,2138,1850,-400
2.6295,2214,2138,1850,-400
2.6298,2214,2140,1850,-392
2.6302,2214,2140,1850,-392
2.6309,2214,2142,1850,-384
2.6314,2214,2142,1850,-384
2.6318,2214,2144,1850,-376
2.6321,2214,2144,1850,-376
2.6325,2214,2144,1850,-376
2.6329,2214,2146,1850,-368
2.6333,2214,2146,1850,-368
2.6337,2214,2146,1850,-368
2.6340,2214,2147,1850,-368
2.6344,2214,2147,1850,-368
2.6348,2214,2149,1850,-360
2.6352,2214,2149,1850,-360
2.6356,2214,2149,1850,-360
2.6360,2214,2151,1850,-352
2.6364,2214,2151,1850,-352
2.6368,2214,2153,1850,-344
2.6371,2214,2153,1850,-344
2.6375,2214,2153,1850,-344
2.6379,2214,2154,1850,-336
2.6383,2214,2154,1850,-336
2.6386,2214,2154,1850,-336
2.6390,2214,2156,1850,-328
2.6394,2214,2156,1850,-328
2.6398,2214,2157,1850,-328
2.6402,2212,2157,1850,-328
2.6409,2212,2159,1850,-320
2.6413,2212,2159,1850,-320
2.6417,2212,2159,1850,-320
2.6420,2212,2161,1850,-312
2.6424,2212,2161,1850,-312
2.6428,2212,2162,1850,-276
2.6431,2212,2162,1850,-276
2.6435,2212,2162,1850,-276
2.6439,2212,2163,1850,-276
2.6443,2212,2163,1850,-276
2.6446,2212,2163,1850,-276
2.6450,2212,2165,1700,-268
2.6454,2212,2165,1700,-268
2.6458,2212,2167,1700,-260
2.6462,2212,2167,1700,-260
2.6465,2212,2167,1700,-260
2.6469,2212,2168,1700,-252
2.6473,2212,2168,1700,-252
2.6476,2212,2168,1700,-252
2.6480,2212,2169,1700,-252
2.6483,2212,2169,1700,-252
2.6487,2212,2171,1700,-244
2.6491,2212,2171,1700,-244
2.6494,2212,2171,1700,-244
2.6498,2212,2173,1700,-228
2.6501,2206,2173,1700,-228
2.6508,2206,2174,1700,-228
2.6512,2206,2174,1700,-228
2.6515,2206,2174,1700,-228
2.6519,2206,2176,1700,-212
2.6522,2206,2176,1700,-212
2.6526,2206,2177,1700,-212
2.6530,2206,2177,1700,-212
2.6533,2206,2177,1700,-212
2.6537,2206,2179,1700,-196
2.6540,2206,2179,1700,-196
2.6544,2206,2179,1700,-196
2.6548,2206,2180,1700,-196
2.6551,2206,2180,1700,-196
2.6555,2206,2180,1700,-196
2.6559,2206,2181,1700,-188
2.6562,2206,2181,1700,-188
2.6566,2206,2181,1700,-188
2.6569,2206,2183,1700,-172
2.6573,2206,2183,1700,-172
2.6577,2206,2184,1700,-172
2.6580,2206,2184,1700,-172
2.6584,2206,2184,1700,-172
2.6588,2206,2185,1700,-164
2.6592,2206,2185,1700,-164
2.6596,2206,2186,1700,-164
2.6600,2198,2186,1700,-164
2.6608,2198,2187,1700,-156
2.6611,2198,2187,1700,-156
2.6615,2198,2187,1700,-156
2.6619,2198,2188,1700,-148
2.6624,2198,2188,1700,-148
2.6628,2198,2189,1700,-132
2.6631,2198,2189,1700,-132
2.6635,2198,2189,1700,-132
2.6639,2198,2191,1700,-124
2.6644,2198,2191,1700,-124
2.6648,2198,2192,1350,-116
2.6651,2198,2192,1350,-116
2.6655,2198,2192,1350,-116
2.6659,2198,2193,1350,-108
2.6662,2198,2193,1350,-108
2.6666,2198,2194,1350,-100
2.6670,2198,2194,1350,-100
2.6674,2198,2194,1350,-100
2.6678,2198,2196,1350,-84
2.6681,2198,2196,1350,-84
2.6685,2198,2196,1350,-84
2.6689,2198,2196,1350,-84
2.6694,2198,2196,1350,-84
2.6697,2198,2197,1350,-76
2.6701,2188,2197,1350,-76
2.6708,2188,2198,1350,-68
2.6712,2188,2198,1350,-68
2.6716,2188,2199,1350,-60
2.6720,2188,2199,1350,-60
2.6724,2188,2199,1350,-60
2.6728,2188,2200,1350,-52
2.6731,2188,2200,1350,-52
2.6735,2188,2201,1350,-44
2.6739,2188,2201,1350,-44
2.6744,2188,2201,1350,-44
2.6748,2188,2202,1350,-36
2.6752,2188,2202,1350,-36
2.6756,2188,2203,1350,-28
2.6760,2188,2203,1350,-28
2.6764,2188,2203,1350,-28
2.6768,2188,2204,1350,-20
2.6771,2188,2204,1350,-20
2.6775,2188,2205,1350,20
2.6779,2188,2205,1350,20
2.6783,2188,2205,1350,20
2.6787,2188,2205,1350,28
2.6790,2188,2205,1350,28
2.6794,2188,2205,1350,28
2.6798,2188,2206,1350,36
2.6802,2175,2207,1350,44
2.6809,2175,2207,1350,44
2.6813,2175,2207,1350,44
2.6817,2175,2207,1350,52
2.6820,2175,2207,1350,52
2.6824,2175,2207,1350,52
2.6828,2175,2208,1350,72
2.6831,2175,2208,1350,72
2.6835,2175,2209,1350,80
2.6839,2175,2209,1350,80
2.6843,2175,2209,1350,80
2.6847,2175,2210,900,96
2.6850,2175,2210,900,96
2.6854,2175,2210,900,96
2.6857,2175,2210,900,96
2.6861,2175,2210,900,96
2.6865,2175,2210,900,96
2.6868,2175,2210,900,96
2.6872,2175,2210,900,96
2.6875,2175,2211,900,96
2.6879,2175,2211,900,96
2.6882,2175,2211,900,96
2.6886,2175,2211,900,96
2.6890,2175,2211,900,96
2.6894,2175,2211,900,96
2.6897,2175,2211,900,104
2.6901,2161,2211,900,104
2.6908,2161,2212,900,112
2.6912,2161,2212,900,112
2.6915,2161,2212,900,120
2.6919,2161,2212,900,120
2.6924,2161,2212,900,120
2.6928,2161,2212,900,128
2.6932,2161,2212,900,128
2.6935,2161,2213,900,136
2.6939,2161,2213,900,136
2.6943,2161,2213,900,136
2.6946,2161,2213,900,144
2.6950,2161,2213,900,144
2.6954,2161,2213,900,144
2.6957,2161,2213,900,144
2.6961,2161,2213,900,144
2.6965,2161,2213,900,152
2.6968,2161,2213,900,152
2.6972,2161,2213,900,152
2.6975,2161,2213,900,160
2.6979,2161,2213,900,160
2.6983,2161,2213,900,160
2.6986,2161,2213,900,168
2.6990,2161,2213,900,168
2.6994,2161,2213,900,168
2.6997,2161,2213,900,168
2.7001,2144,2213,900,176
2.7008,2144,2213,900,176
2.7012,2144,2213,900,176
2.7016,2144,2213,900,184
2.7020,2144,2213,900,184
2.7024,2144,2213,900,172
2.7028,2144,2213,900,172
2.7031,2144,2213,900,172
2.7035,2144,2213,900,180
2.7039,2144,2213,900,180
2.7043,2144,2213,900,180
2.7046,2144,2213,150,188
2.7050,2144,2213,150,188
2.7054,2144,2213,150,188
2.7058,2144,2213,150,188
2.7062,2144,2213,150,188
2.7066,2144,2213,150,196
2.7069,2144,2213,150,196
2.7074,2144,2213,150,204
2.7077,2144,2213,150,204
2.7081,2144,2213,150,204
2.7085,2144,2213,150,212
2.7088,2144,2213,150,212
2.7092,2144,2213,150,212
2.7096,2144,2213,150,220
2.7099,2144,2213,150,220
2.7104,2126,2213,150,228
2.7111,2126,2213,150,228
2.7115,2126,2213,150,236
2.7118,2126,2213,150,236
2.7122,2126,2213,150,236
2.7126,2126,2213,150,252
2.7129,2126,2213,150,252
2.7134,2126,2213,150,260
2.7138,2126,2213,150,260
2.7141,2126,2213,150,260
2.7145,2126,2213,150,268
2.7149,2126,2213,150,268
2.7152,2126,2213,150,268
2.7156,2126,2213,150,276
2.7160,2126,2213,150,276
2.7164,2126,2213,150,284
2.7167,2126,2213,150,284
2.7171,2126,2213,150,284
2.7175,2126,2213,150,292
2.7178,2126,2213,150,292
2.7182,2126,2213,150,292
2.7186,2126,2213,150,308
2.7190,2126,2213,150,308
2.7194,2126,2213,150,316
2.7198,2126,2213,150,316
2.7202,2106,2213,150,324
2.7210,2106,2213,150,324
2.7214,2106,2212,150,324
2.7217,2106,2212,150,324
2.7221,2106,2212,150,324
2.7225,2106,2212,150,364
2.7229,2106,2212,150,364
2.7233,2106,2212,150,372
2.7237,2106,2212,150,372
2.7241,2106,2212,150,372
2.7244,2106,2211,-100,380
2.7248,2106,2211,-100,380
2.7252,2106,2211,-100,380
2.7255,2106,2210,-100,380
2.7259,2106,2210,-100,380
2.7263,2106,2210,-100,388
2.7267,2106,2210,-100,388
2.7271,2106,2210,-100,388
2.7274,2106,2209,-100,396
2.7278,2106,2209,-100,396
2.7282,2106,2209,-100,396
2.7285,2106,2208,-100,396
2.7289,2106,2208,-100,396
2.7293,2106,2207,-100,404
2.7297,2106,2207,-100,404
2.7300,2086,2206,-100,412
2.7308,2086,2206,-100,412
2.7311,2086,2206,-100,412
2.7315,2086,2206,-100,420
2.7319,2086,2206,-100,420
2.7324,2086,2205,-100,428
2.7327,2086,2205,-100,428
2.7331,2086,2205,-100,428
2.7335,2086,2204,-100,428
2.7338,2086,2204,-100,428
2.7342,2086,2204,-100,444
2.7346,2086,2204,-100,444
2.7350,2086,2204,-100,444
2.7354,2086,2203,-100,452
2.7358,2086,2203,-100,452
2.7362,2086,2203,-100,452
2.7365,2086,2202,-100,452
2.7369,2086,2202,-100,452
2.7372,2086,2201,-100,460
2.7376,2086,2201,-100,460
2.7380,2086,2201,-100,460
2.7384,2086,2200,-100,468
2.7388,2086,2200,-100,468
2.7391,2086,2200,-100,468
2.7395,2086,2199,-100,476
2.7398,2086,2199,-100,476
2.7402,2065,2198,-100,476
2.7409,2065,2198,-100,476
2.7414,2065,2197,-100,484
2.7417,2065,2197,-100,484
2.7421,2065,2197,-100,484
2.7424,2065,2196,-100,472
2.7428,2065,2196,-100,472
2.7431,2065,2196,-100,472
2.7435,2065,2195,-100,480
2.7438,2065,2195,-100,480
2.7442,2065,2194,-850,488
2.7445,2065,2194,-850,488
2.7449,2065,2194,-850,488
2.7453,2065,2192,-850,488
2.7456,2065,2192,-850,488
2.7460,2065,2192,-850,488
2.7464,2065,2191,-850,496
2.7468,2065,2191,-850,496
2.7471,2065,2191,-850,496
2.7475,2065,2190,-850,504
2.7478,2065,2190,-850,504
2.7482,2065,2189,-850,512
2.7486,2065,2189,-850,512
2.7490,2065,2189,-850,512
2.7494,2065,2188,-850,512
2.7497,2065,2188,-850,512
2.7501,2044,2186,-850,512
2.7507,2044,2186,-850,512
2.7511,2044,2186,-850,512
2.7515,2044,2185,-850,520
2.7518,2044,2185,-850,520
2.7522,2044,2184,-850,528
2.7526,2044,2184,-850,528
2.7530,2044,2184,-850,528
2.7534,2044,2183,-850,536
2.7538,2044,2183,-850,536
2.7541,2044,2183,-850,536
2.7545,2044,2181,-850,536
2.7548,2044,2181,-850,536
2.7552,2044,2180,-850,544
2.7555,2044,2180,-850,544
2.7559,2044,2180,-850,544
2.7563,2044,2178,-850,544
2.7566,2044,2178,-850,544
2.7570,2044,2178,-850,544
2.7574,2044,2177,-850,552
2.7578,2044,2177,-850,552
2.7581,2044,2176,-850,560
2.7585,2044,2176,-850,560
2.7589,2044,2176,-850,560
2.7592,2044,2175,-850,568
2.7596,2044,2175,-850,568
2.7600,2023,2173,-850,568
2.7608,2023,2173,-850,568
2.7611,2023,2171,-850,568
2.7615,2023,2171,-850,568
2.7619,2023,2171,-850,568
2.7622,2023,2170,-850,564
2.7626,2023,2170,-850,564
2.7630,2023,2170,-850,564
2.7634,2023,2169,-850,572
2.7638,2023,2169,-850,572
2.7641,2023,2167,-1350,572
2.7645,2023,2167,-1350,572
2.7649,2023,2167,-1350,572
2.7654,2023,2166,-1350,580
2.7658,2023,2166,-1350,580
2.7661,2023,2164,-1350,580
2.7665,2023,2164,-1350,580
2.7668,2023,2164,-1350,580
2.7672,2023,2163,-1350,588
2.7676,2023,2163,-1350,588
2.7680,2023,2163,-1350,588
2.7684,2023,2161,-1350,588
2.7687,2023,2161,-1350,588
2.7691,2023,2159,-1350,588
2.7695,2023,2159,-1350,588
2.7699,2023,2159,-1350,588
2.7702,2001,2158,-1350,588
2.7709,2001,2158,-1350,588
2.7713,2001,2156,-1350,588
2.7717,2001,2156,-1350,588
2.7720,2001,2155,-1350,596
2.7724,2001,2155,-1350,596
2.7728,2001,2155,-1350,596
2.7732,2001,2153,-1350,596
2.7735,2001,2153,-1350,596
2.7739,2001,2153,-1350,596
2.7742,2001,2151,-1350,596
2.7746,2001,2151,-1350,596
2.7750,2001,2151,-1350,596
2.7754,2001,2149,-1350,596
2.7758,2001,2149,-1350,596
2.7762,2001,2148,-1350,604
2.7766,2001,2148,-1350,604
2.7769,2001,2148,-1350,604
2.7773,2001,2146,-1350,604
2.7777,2001,2146,-1350,604
2.7780,2001,2144,-1350,604
2.7784,2001,2144,-1350,604
2.7788,2001,2144,-1350,604
2.7791,2001,2142,-1350,604
2.7795,2001,2142,-1350,604
2.7799,2001,2142,-1350,604
2.7802,1981,2140,-1350,604
2.7810,1981,2140,-1350,604
2.7814,1981,2139,-1350,612
2.7818,1981,2139,-1350,612
2.7821,1981,2137,-1350,584
2.7825,1981,2137,-1350,584
2.7829,1981,2137,-1350,584
2.7832,1981,2135,-1350,584
2.7836,1981,2135,-1350,584
2.7839,1981,2135,-1350,584
2.7844,1981,2133,-1700,584
2.7847,1981,2133,-1700,584
2.7851,1981,2131,-1700,592
2.7855,1981,2131,-1700,592
2.7859,1981,2131,-1700,592
2.7863,1981,2129,-1700,592
2.7867,1981,2129,-1700,592
2.7871,1981,2127,-1700,592
2.7874,1981,2127,-1700,592
2.7878,1981,2127,-1700,592
2.7882,1981,2126,-1700,600
2.7886,1981,2126,-1700,600
2.7890,1981,2126,-1700,600
2.7894,1981,2124,-1700,600
2.7897,1981,2124,-1700,600
2.7901,1962,2122,-1700,600
2.7908,1962,2122,-1700,600
2.7912,1962,2120,-1700,600
2.7915,1962,2120,-1700,600
2.7919,1962,2120,-1700,600
2.7922,1962,2118,-1700,600
2.7926,1962,2118,-1700,600
2.7930,1962,2116,-1700,600
2.7933,1962,2116,-1700,600
2.7937,1962,2116,-1700,600
2.7941,1962,2114,-1700,600
2.7944,1962,2114,-1700,600
2.7948,1962,2114,-1700,600
2.7952,1962,2112,-1700,600
2.7955,1962,2112,-1700,600
2.7959,1962,2112,-1700,600
2.7962,1962,2110,-1700,600
2.7966,1962,2110,-1700,600
2.7970,1962,2108,-1700,600
2.7974,1962,2108,-1700,600
2.7977,1962,2108,-1700,600
2.7981,1962,2106,-1700,600
2.7985,1962,2106,-1700,600
2.7989,1962,2105,-1700,608
2.7994,1962,2105,-1700,608
2.7997,1962,2105,-1700,608
2.8001,1944,2103,-1700,600
2.8008,1944,2103,-1700,600
2.8011,1944,2101,-1700,600
2.8015,1944,2101,-1700,600
2.8019,1944,2101,-1700,600
2.8023,1944,2099,-1700,584
2.8026,1944,2099,-1700,584
2.8030,1944,2097,-1700,584
2.8034,1944,2097,-1700,584
2.8038,1944,2097,-1700,584
2.8041,1944,2095,-1900,584
2.8045,1944,2095,-1900,584
2.8049,1944,2093,-1900,584
2.8053,1944,2093,-1900,584
2.8056,1944,2093,-1900,584
2.8060,1944,2091,-1900,584
2.8064,1944,2091,-1900,584
2.8068,1944,2091,-1900,584
2.8072,1944,2089,-1900,584
2.8075,1944,2089,-1900,584
2.8079,1944,2087,-1900,584
2.8083,1944,2087,-1900,584
2.8086,1944,2087,-1900,584
2.8090,1944,2085,-1900,584
2.8094,1944,2085,-1900,584
2.8097,1944,2085,-1900,584
2.8101,1927,2083,-1900,584
2.8108,1927,2083,-1900,584
2.8111,1927,2081,-1900,584
2.8115,1927,2081,-1900,584
2.8119,1927,2079,-1900,584
2.8122,1927,2079,-1900,584
2.8126,1927,2079,-1900,584
2.8130,1927,2077,-1900,584
2.8134,1927,2077,-1900,584
2.8138,1927,2077,-1900,584
2.8142,1927,2075,-1900,584
2.8145,1927,2075,-1900,584
2.8149,1927,2073,-1900,584
2.8154,1927,2073,-1900,584
2.8157,1927,2073,-1900,584
2.8161,1927,2071,-1900,584
2.8165,1927,2071,-1900,584
2.8169,1927,2069,-1900,584
2.8173,1927,2069,-1900,584
2.8176,1927,2069,-1900,584
2.8180,1927,2067,-1900,584
2.8184,1927,2067,-1900,584
2.8188,1927,2067,-1900,584
2.8192,1927,2065,-1900,584
2.8196,1927,2065,-1900,584
2.8199,1927,2063,-1900,576
2.8204,1912,2063,-1900,576
2.8210,1912,2060,-1900,568
2.8214,1912,2060,-1900,568
2.8218,1912,2060,-1900,568
2.8221,1912,2059,-1900,564
2.8225,1912,2059,-1900,564
2.8229,1912,2057,-1900,564
2.8233,1912,2057,-1900,564
2.8237,1912,2057,-1900,564
2.8240,1912,2055,-2000,564
2.8244,1912,2055,-2000,564
2.8248,1912,2055,-2000,564
2.8251,1912,2053,-2000,564
2.8255,1912,2053,-2000,564
2.8259,1912,2051,-2000,564
2.8262,1912,2051,-2000,564
2.8266,1912,2051,-2000,564
2.8270,1912,2048,-2000,556
2.8274,1912,2048,-2000,556
2.8278,1912,2048,-2000,548
2.8281,1912,2046,-2000,548
2.8285,1912,2046,-2000,548
2.8289,1912,2044,-2000,548
2.8292,1912,2044,-2000,548
2.8296,1912,2044,-2000,548
2.8300,1900,2042,-2000,548
2.8308,1900,2040,-2000,548
2.8311,1900,2040,-2000,548
2.8315,1900,2040,-2000,548
2.8319,1900,2038,-2000,548
2.8324,1900,2038,-2000,548
2.8327,1900,2038,-2000,548
2.8331,1900,2036,-2000,548
2.8334,1900,2036,-2000,548
2.8338,1900,2034,-2000,548
2.8341,1900,2034,-2000,548
2.8345,1900,2034,-2000,548
2.8349,1900,2032,-2000,540
2.8353,1900,2032,-2000,540
2.8357,1900,2032,-2000,540
2.8361,1900,2030,-2000,540
2.8365,1900,2030,-2000,540
2.8369,1900,2028,-2000,540
2.8372,1900,2028,-2000,540
2.8376,1900,2028,-2000,540
2.8380,1900,2026,-2000,540
2.8384,1900,2026,-2000,540
2.8388,1900,2024,-2000,540
2.8392,1900,2024,-2000,540
2.8395,1900,2024,-2000,540
2.8399,1900,2022,-2000,532
2.8404,1889,2020,-2000,532
2.8411,1889,2020,-2000,532
2.8414,1889,2020,-2000,532
2.8418,1889,2018,-2000,520
2.8422,1889,2018,-2000,520
2.8425,1889,2018,-2000,520
2.8429,1889,2016,-2000,520
2.8434,1889,2016,-2000,520
2.8438,1889,2014,-2050,520
2.8441,1889,2014,-2050,520
2.8445,1889,2014,-2050,520
2.8449,1889,2012,-2050,512
2.8453,1889,2012,-2050,512
2.8457,1889,2010,-2050,512
2.8461,1889,2010,-2050,512
2.8464,1889,2010,-2050,512
2.8468,1889,2008,-2050,512
2.8472,1889,2008,-2050,512
2.8476,1889,2008,-2050,512
2.8480,1889,2006,-2050,504
2.8484,1889,2006,-2050,504
2.8487,1889,2004,-2050,504
2.8491,1889,2004,-2050,504
2.8495,1889,2004,-2050,504
2.8498,1889,2002,-2050,504
2.8502,1882,2002,-2050,504
2.8508,1882,2000,-2050,496
2.8512,1882,2000,-2050,496
2.8515,1882,2000,-2050,496
2.8519,1882,1999,-2050,504
2.8523,1882,1999,-2050,504
2.8526,1882,1999,-2050,504
2.8530,1882,1997,-2050,504
2.8534,1882,1997,-2050,504
2.8537,1882,1995,-2050,496
2.8541,1882,1995,-2050,496
2.8544,1882,1995,-2050,496
2.8548,1882,1993,-2050,496
2.8551,1882,1993,-2050,496
2.8555,1882,1993,-2050,496
2.8559,1882,1991,-2050,496
2.8562,1882,1991,-2050,496
2.8566,1882,1989,-2050,488
2.8570,1882,1989,-2050,488
2.8574,1882,1989,-2050,488
2.8578,1882,1987,-2050,488
2.8581,1882,1987,-2050,488
2.8585,1882,1987,-2050,488
2.8588,1882,1985,-2050,480
2.8592,1882,1985,-2050,480
2.8596,1882,1983,-2050,480
2.8600,1876,1983,-2050,480
2.8607,1876,1982,-2050,480
2.8611,1876,1982,-2050,480
2.8615,1876,1982,-2050,480
2.8619,1876,1980,-2050,476
2.8622,1876,1980,-2050,476
2.8626,1876,1978,-2050,468
2.8630,1876,1978,-2050,468
2.8634,1876,1978,-2050,468
2.8637,1876,1976,-1900,468
2.8641,1876,1976,-1900,468
2.8645,1876,1976,-1900,468
2.8648,1876,1974,-1900,460
2.8652,1876,1974,-1900,460
2.8655,1876,1974,-1900,460
2.8659,1876,1972,-1900,460
2.8664,1876,1972,-1900,460
2.8667,1876,1970,-1900,452
2.8671,1876,1970,-1900,452
2.8675,1876,1970,-1900,452
2.8678,1876,1968,-1900,452
2.8682,1876,1968,-1900,452
2.8686,1876,1967,-1900,452
2.8690,1876,1967,-1900,452
2.8694,1876,1967,-1900,452
2.8698,1876,1965,-1900,444
2.8702,1874,1965,-1900,444
2.8708,1874,1963,-1900,444
2.8712,1874,1963,-1900,444
2.8715,1874,1963,-1900,444
2.8719,1874,1961,-1900,436
2.8723,1874,1961,-1900,436
2.8727,1874,1960,-1900,436
2.8730,1874,1960,-1900,436
2.8734,1874,1960,-1900,436
2.8738,1874,1958,-1900,428
2.8742,1874,1958,-1900,428
2.8745,1874,1958,-1900,428
2.8749,1874,1956,-1900,428
2.8752,1874,1956,-1900,428
2.8756,1874,1954,-1900,420
2.8760,1874,1954,-1900,420
2.8764,1874,1954,-1900,420
2.8768,1874,1953,-1900,420
2.8771,1874,1953,-1900,420
2.8775,1874,1953,-1900,420
2.8779,1874,1951,-1900,412
2.8783,1874,1951,-1900,412
2.8786,1874,1949,-1900,404
2.8791,1874,1949,-1900,404
2.8795,1874,1949,-1900,404
2.8799,1874,1947,-1900,396
2.8802,1874,1945,-1900,388
2.8810,1874,1945,-1900,388
2.8814,1874,1945,-1900,388
2.8818,1874,1943,-1900,364
2.8822,1874,1943,-1900,364
2.8825,1874,1942,-1900,364
2.8829,1874,1942,-1900,364
2.8833,1874,1942,-1900,364
2.8837,1874,1940,-1800,356
2.8840,1874,1940,-1800,356
2.8844,1874,1940,-1800,356
2.8848,1874,1938,-1800,340
2.8851,1874,1938,-1800,340
2.8855,1874,1938,-1800,340
2.8858,1874,1937,-1800,340
2.8862,1874,1937,-1800,340
2.8866,1874,1935,-1800,332
2.8869,1874,1935,-1800,332
2.8874,1874,1935,-1800,332
2.8877,1874,1933,-1800,324
2.8881,1874,1933,-1800,324
2.8884,1874,1933,-1800,324
2.8888,1874,1932,-1800,324
2.8891,1874,1932,-1800,324
2.8895,1874,1930,-1800,316
2.8899,1874,1930,-1800,316
2.8903,1876,1928,-1800,308
2.8910,1876,1928,-1800,308
2.8914,1876,1928,-1800,308
2.8917,1876,1927,-1800,308
2.8921,1876,1927,-1800,308
2.8925,1876,1925,-1800,292
2.8929,1876,1925,-1800,292
2.8932,1876,1925,-1800,292
2.8936,1876,1924,-1800,292
2.8940,1876,1924,-1800,292
2.8944,1876,1924,-1800,292
2.8948,1876,1922,-1800,284
2.8952,1876,1922,-1800,284
2.8955,1876,1921,-1800,276
2.8959,1876,1921,-1800,276
2.8962,1876,1921,-1800,276
2.8966,1876,1919,-1800,268
2.8970,1876,1919,-1800,268
2.8974,1876,1919,-1800,268
2.8978,1876,1918,-1800,268
2.8981,1876,1918,-1800,268
2.8985,1876,1916,-1800,252
2.8989,1876,1916,-1800,252
2.8993,1876,1916,-1800,252
2.8996,1876,1915,-1800,252
2.9000,1882,1915,-1800,252
2.9007,1882,1913,-1800,236
2.9011,1882,1913,-1800,236
2.9015,1882,1912,-1800,216
2.9019,1882,1912,-1800,216
2.9023,1882,1912,-1800,216
2.9026,1882,1911,-1800,208
2.9030,1882,1911,-1800,208
2.9034,1882,1911,-1800,208
2.9037,1882,1909,-1550,200
2.9041,1882,1909,-1550,200
2.9045,1882,1908,-1550,192
2.9049,1882,1908,-1550,192
2.9052,1882,1908,-1550,192
2.9056,1882,1907,-1550,192
2.9060,1882,1907,-1550,192
2.9064,1882,1907,-1550,192
2.9067,1882,1905,-1550,176
2.9071,1882,1905,-1550,176
2.9075,1882,1904,-1550,176
2.9078,1882,1904,-1550,176
2.9082,1882,1904,-1550,176
2.9085,1882,1903,-1550,168
2.9089,1882,1903,-1550,168
2.9093,1882,1903,-1550,168
2.9097,1882,1901,-1550,152
2.9100,1890,1900,-1550,152
2.9108,1890,1900,-1550,152
2.9111,1890,1900,-1550,152
2.9115,1890,1899,-1550,144
2.9119,1890,1899,-1550,144
2.9124,1890,1898,-1550,136
2.9128,1890,1898,-1550,136
2.9131,1890,1898,-1550,136
2.9135,1890,1896,-1550,120
2.9139,1890,1896,-1550,120
2.9143,1890,1896,-1550,120
2.9147,1890,1895,-1550,120
2.9151,1890,1895,-1550,120
2.9154,1890,1894,-1550,112
2.9158,1890,1894,-1550,112
2.9162,1890,1894,-1550,112
2.9166,1890,1893,-1550,104
2.9170,1890,1893,-1550,104
2.9174,1890,1892,-1550,96
2.9178,1890,1892,-1550,96
2.9181,1890,1892,-1550,96
2.9185,1890,1891,-1550,88
2.9189,1890,1891,-1550,88
2.9193,1890,1891,-1550,88
2.9197,1890,1890,-1550,80
2.9201,1900,1889,-1550,72
2.9208,1900,1889,-1550,72
2.9211,1900,1889,-1550,72
2.9215,1900,1888,-1550,52
2.9219,1900,1888,-1550,52
2.9224,1900,1887,-1550,44
2.9227,1900,1887,-1550,44
2.9231,1900,1887,-1550,44
2.9235,1900,1886,-1150,36
2.9238,1900,1886,-1150,36
2.9242,1900,1886,-1150,36
2.9246,1900,1885,-1150,28
2.9249,1900,1885,-1150,28
2.9254,1900,1885,-1150,28
2.9257,1900,1885,-1150,28
2.9261,1900,1885,-1150,28
2.9265,1900,1884,-1150,20
2.9268,1900,1884,-1150,20
2.9272,1900,1884,-1150,20
2.9276,1900,1883,-1150,-28
2.9280,1900,1883,-1150,-28
2.9284,1900,1882,-1150,-36
2.9288,1900,1882,-1150,-36
2.9292,1900,1882,-1150,-36
2.9295,1900,1881,-1150,-44
2.9299,1900,1881,-1150,-44
2.9303,1913,1881,-1150,-44
2.9310,1913,1881,-1150,-44
2.9314,1913,1880,-1150,-60
2.9317,1913,1880,-1150,-60
2.9321,1913,1880,-1150,-60
2.9325,1913,1879,-1150,-68
2.9329,1913,1879,-1150,-68
2.9334,1913,1879,-1150,-68
2.9338,1913,1879,-1150,-68
2.9341,1913,1879,-1150,-68
2.9345,1913,1878,-1150,-84
2.9349,1913,1878,-1150,-84
2.9354,1913,1878,-1150,-84
2.9358,1913,1878,-1150,-84
2.9361,1913,1878,-1150,-84
2.9365,1913,1877,-1150,-92
2.9369,1913,1877,-1150,-92
2.9374,1913,1877,-1150,-92
2.9378,1913,1877,-1150,-92
2.9381,1913,1877,-1150,-92
2.9385,1913,1876,-1150,-100
2.9389,1913,1876,-1150,-100
2.9392,1913,1876,-1150,-100
2.9396,1913,1876,-1150,-100
2.9400,1927,1875,-1150,-116
2.9407,1927,1875,-1150,-116
2.9411,1927,1875,-1150,-116
2.9414,1927,1875,-1150,-108
2.9418,1927,1875,-1150,-108
2.9422,1927,1875,-1150,-108
2.9426,1927,1875,-1150,-116
2.9430,1927,1875,-1150,-116
2.9434,1927,1874,-600,-124
2.9438,1927,1874,-600,-124
2.9442,1927,1874,-600,-124
2.9445,1927,1874,-600,-132
2.9449,1927,1874,-600,-132
2.9454,1927,1874,-600,-140
2.9457,1927,1874,-600,-140
2.9461,1927,1874,-600,-140
2.9465,1927,1874,-600,-140
2.9469,1927,1874,-600,-140
2.9473,1927,1874,-600,-148
2.9477,1927,1874,-600,-148
2.9481,1927,1874,-600,-148
2.9485,1927,1874,-600,-156
2.9488,1927,1874,-600,-156
2.9492,1927,1874,-600,-164
2.9496,1927,1874,-600,-164
2.9500,1944,1874,-600,-164
2.9508,1944,1874,-600,-164
2.9512,1944,1874,-600,-164
2.9515,1944,1874,-600,-172
2.9519,1944,1874,-600,-172
2.9524,1944,1874,-600,-180
2.9528,1944,1874,-600,-180
2.9532,1944,1874,-600,-188
2.9536,1944,1874,-600,-188
2.9540,1944,1874,-600,-188
2.9544,1944,1874,-600,-196
2.9548,1944,1874,-600,-196
2.9551,1944,1874,-600,-196
2.9555,1944,1874,-600,-204
2.9559,1944,1874,-600,-204
2.9562,1944,1874,-600,-212
2.9566,1944,1874,-600,-212
2.9570,1944,1874,-600,-212
2.9574,1944,1874,-600,-220
2.9577,1944,1874,-600,-220
2.9581,1944,1874,-600,-220
2.9584,1944,1874,-600,-228
2.9588,1944,1874,-600,-228
2.9591,1944,1874,-600,-228
2.9595,1944,1874,-600,-236
2.9598,1944,1874,-600,-236
2.9602,1962,1874,-600,-244
2.9609,1962,1874,-600,-244
2.9614,1962,1874,-600,-256
2.9617,1962,1874,-600,-256
2.9621,1962,1874,-600,-256
2.9625,1962,1874,-600,-264
2.9629,1962,1874,-600,-264
2.9633,1962,1874,0,-272
2.9636,1962,1874,0,-272
2.9640,1962,1874,0,-272
2.9644,1962,1874,0,-280
2.9648,1962,1874,0,-280
2.9652,1962,1874,0,-288
2.9656,1962,1874,0,-288
2.9660,1962,1874,0,-288
2.9664,1962,1874,0,-296
2.9668,1962,1874,0,-296
2.9672,1962,1874,0,-312
2.9676,1962,1874,0,-312
2.9680,1962,1874,0,-312
2.9684,1962,1875,0,-312
2.9688,1962,1875,0,-312
2.9692,1962,1875,0,-320
2.9696,1962,1875,0,-320
2.9700,1981,1876,0,-320
2.9708,1981,1876,0,-320
2.9711,1981,1876,0,-336
2.9715,1981,1876,0,-336
2.9719,1981,1876,0,-336
2.9724,1981,1877,0,-336
2.9728,1981,1877,0,-336
2.9732,1981,1877,0,-344
2.9735,1981,1877,0,-344
2.9739,1981,1877,0,-344
2.9744,1981,1878,0,-352
2.9747,1981,1878,0,-352
2.9751,1981,1879,0,-352
2.9755,1981,1879,0,-352
2.9759,1981,1879,0,-352
2.9763,1981,1879,0,-368
2.9766,1981,1879,0,-368
2.9770,1981,1879,0,-368
2.9774,1981,1880,0,-368
2.9778,1981,1880,0,-368
2.9782,1981,1881,0,-376
2.9786,1981,1881,0,-376
2.9789,1981,1881,0,-376
2.9794,1981,1881,0,-384
2.9798,1981,1881,0,-384
2.9801,2002,1882,0,-392
2.9809,2002,1882,0,-392
2.9813,2002,1883,0,-388
2.9817,2002,1883,0,-388
2.9820,2002,1884,0,-396
2.9824,2002,1884,0,-396
2.9828,2002,1884,0,-396
2.9831,2002,1884,500,-412
2.9835,2002,1884,500,-412
2.9839,2002,1884,500,-412
2.9844,2002,1885,500,-412
2.9848,2002,1885,500,-412
2.9852,2002,1886,500,-420
2.9855,2002,1886,500,-420
2.9859,2002,1886,500,-420
2.9864,2002,1887,500,-428
2.9867,2002,1887,500,-428
2.9871,2002,1888,500,-428
2.9875,2002,1888,500,-428
2.9879,2002,1888,500,-428
2.9883,2002,1889,500,-436
2.9886,2002,1889,500,-436
2.9890,2002,1890,500,-444
2.9894,2002,1890,500,-444
2.9897,2002,1890,500,-444
2.9901,2023,1891,500,-452
2.9908,2023,1891,500,-452
2.9912,2023,1892,500,-452
2.9916,2023,1892,500,-452
2.9919,2023,1892,500,-452
2.9924,2023,1893,500,-460
2.9928,2023,1893,500,-460
2.9931,2023,1894,500,-468
2.9935,2023,1894,500,-468
2.9939,2023,1894,500,-468
2.9943,2023,1895,500,-476
2.9946,2023,1895,500,-476
2.9950,2023,1896,500,-484
2.9954,2023,1896,500,-484
2.9958,2023,1896,500,-484
2.9961,2023,1897,500,-492
2.9965,2023,1897,500,-492
2.9969,2023,1897,500,-492
2.9974,2023,1898,500,-500
2.9978,2023,1898,500,-500
2.9982,2023,1899,500,-508
2.9986,2023,1899,500,-508
2.9989,2023,1900,500,-516
2.9994,2023,1900,500,-516
2.9997,2023,1900,500,-516
3.0001,2044,1901,500,-524
3.0008,2044,1901,500,-524
3.0011,2044,1903,500,-512
3.0015,2044,1903,500,-512
3.0019,2044,1903,500,-512
3.0024,2044,1904,500,-520
3.0028,2044,1904,500,-520
3.0031,2044,1905,1050,-528
3.0036,2044,1905,1050,-528
3.0039,2044,1905,1050,-528
3.0044,2044,1906,1050,-536
3.0047,2044,1906,1050,-536
3.0051,2044,1908,1050,-536
3.0055,2044,1908,1050,-536
3.0059,2044,1908,1050,-536
3.0062,2044,1909,1050,-544
3.0066,2044,1909,1050,-544
3.0070,2044,1910,1050,-552
3.0075,2044,1910,1050,-552
3.0079,2044,1910,1050,-552
3.0082,2044,1912,1050,-552
3.0086,2044,1912,1050,-552
3.0090,2044,1913,1050,-560
3.0094,2044,1913,1050,-560
3.0098,2044,1913,1050,-560
3.0102,2066,1915,1050,-560
3.0109,2066,1916,1050,-568
3.0113,2066,1916,1050,-568
3.0116,2066,1916,1050,-568
3.0120,2066,1917,1050,-576
3.0124,2066,1917,1050,-576
3.0128,2066,1917,1050,-576
3.0132,2066,1919,1050,-576
3.0135,2066,1919,1050,-576
3.0139,2066,1921,1050,-576
3.0144,2066,1921,1050,-576
3.0147,2066,1921,1050,-576
3.0151,2066,1922,1050,-584
3.0155,2066,1922,1050,-584
3.0159,2066,1923,1050,-592
3.0163,2066,1923,1050,-592
3.0166,2066,1923,1050,-592
3.0170,2066,1925,1050,-592
3.0175,2066,1925,1050,-592
3.0179,2066,1927,1050,-592
3.0183,2066,1927,1050,-592
3.0187,2066,1927,1050,-592
3.0190,2066,1928,1050,-600
3.0194,2066,1928,1050,-600
3.0198,2066,1928,1050,-600
3.0201,2087,1930,1050,-600
3.0208,2087,1930,1050,-600
3.0212,2087,1931,1050,-592
3.0216,2087,1931,1050,-592
3.0220,2087,1933,1050,-592
3.0224,2087,1933,1050,-592
3.0228,2087,1933,1050,-592
3.0231,2087,1935,1500,-584
3.0235,2087,1935,1500,-584
3.0239,2087,1936,1500,-600
3.0244,2087,1936,1500,-600
3.0247,2087,1936,1500,-600
3.0251,2087,1938,1500,-600
3.0255,2087,1938,1500,-600
3.0258,2087,1938,1500,-600
3.0262,2087,1940,1500,-600
3.0266,2087,1940,1500,-600
3.0270,2087,1941,1500,-608
3.0274,2087,1941,1500,-608
3.0278,2087,1941,1500,-608
3.0281,2087,1943,1500,-608
3.0285,2087,1943,1500,-608
3.0288,2087,1945,1500,-608
3.0292,2087,1945,1500,-608
3.0296,2087,1945,1500,-608
3.0299,2087,1947,1500,-608
3.0304,2108,1947,1500,-608
3.0311,2108,1948,1500,-608
3.0314,2108,1948,1500,-608
3.0318,2108,1950,1500,-608
3.0322,2108,1950,1500,-608
3.0325,2108,1950,1500,-608
3.0329,2108,1952,1500,-608
3.0333,2108,1952,1500,-608
3.0336,2108,1952,1500,-608
3.0340,2108,1954,1500,-608
3.0344,2108,1954,1500,-608
3.0347,2108,1954,1500,-608
3.0351,2108,1956,1500,-608
3.0354,2108,1956,1500,-608
3.0358,2108,1958,1500,-616
3.0362,2108,1958,1500,-616
3.0365,2108,1958,1500,-616
3.0369,2108,1959,1500,-624
3.0373,2108,1959,1500,-624
3.0376,2108,1959,1500,-624
3.0380,2108,1961,1500,-624
3.0384,2108,1961,1500,-624
3.0388,2108,1963,1500,-624
3.0392,2108,1963,1500,-624
3.0395,2108,1963,1500,-624
3.0399,2108,1965,1500,-616
3.0404,2127,1965,1500,-616
3.0411,2127,1967,1500,-580
3.0414,2127,1967,1500,-580
3.0418,2127,1969,1500,-580
3.0422,2127,1969,1500,-580
3.0426,2127,1969,1500,-580
3.0430,2127,1971,1800,-580
3.0434,2127,1971,1800,-580
3.0438,2127,1972,1800,-588
3.0441,2127,1972,1800,-588
3.0445,2127,1972,1800,-588
3.0449,2127,1974,1800,-588
3.0454,2127,1974,1800,-588
3.0457,2127,1976,1800,-588
3.0461,2127,1976,1800,-588
3.0465,2127,1976,1800,-588
3.0469,2127,1978,1800,-588
3.0473,2127,1978,1800,-588
3.0477,2127,1978,1800,-588
3.0481,2127,1980,1800,-588
3.0484,2127,1980,1800,-588
3.0488,2127,1982,1800,-588
3.0492,2127,1982,1800,-588
3.0496,2127,1982,1800,-588
3.0500,2127,1984,1800,-588
3.0504,2145,1986,1800,-588
3.0511,2145,1986,1800,-588
3.0514,2145,1986,1800,-588
3.0518,2145,1988,1800,-588
3.0522,2145,1988,1800,-588
3.0526,2145,1988,1800,-588
3.0530,2145,1990,1800,-588
3.0534,2145,1990,1800,-588
3.0538,2145,1992,1800,-588
3.0542,2145,1992,1800,-588
3.0546,2145,1992,1800,-588
3.0550,2145,1994,1800,-588
3.0554,2145,1994,1800,-588
3.0558,2145,1996,1800,-588
3.0561,2145,1996,1800,-588
3.0565,2145,1996,1800,-588
3.0569,2145,1998,1800,-588
3.0573,2145,1998,1800,-588
3.0577,2145,2000,1800,-588
3.0581,2145,2000,1800,-588
3.0585,2145,2000,1800,-588
3.0588,2145,2002,1800,-588
3.0592,2145,2002,1800,-588
3.0596,2145,2002,1800,-588
3.0600,2161,2004,1800,-588
3.0608,2161,2006,1800,-580
3.0612,2161,2006,1800,-580
3.0615,2161,2006,1800,-580
3.0619,2161,2008,1800,-580
3.0623,2161,2008,1800,-580
3.0626,2161,2010,1950,-580
3.0630,2161,2010,1950,-580
3.0634,2161,2010,1950,-580
3.0637,2161,2012,1950,-580
3.0641,2161,2012,1950,-580
3.0644,2161,2012,1950,-580
3.0648,2161,2014,1950,-580
3.0652,2161,2014,1950,-580
3.0656,2161,2014,1950,-580
3.0659,2161,2016,1950,-580
3.0664,2161,2016,1950,-580
3.0667,2161,2018,1950,-580
3.0671,2161,2018,1950,-580
3.0674,2161,2018,1950,-580
3.0678,2161,2020,1950,-580
3.0682,2161,2020,1950,-580
3.0686,2161,2020,1950,-580
3.0689,2161,2022,1950,-580
3.0694,2161,2022,1950,-580
3.0698,2161,2023,1950,-580
3.0702,2176,2023,1950,-580
3.0708,2176,2026,1950,-572
3.0712,2176,2026,1950,-572
3.0716,2176,2028,1950,-572
3.0720,2176,2028,1950,-572
3.0724,2176,2028,1950,-572
3.0727,2176,2030,1950,-572
3.0731,2176,2030,1950,-572
3.0735,2176,2030,1950,-572
3.0739,2176,2032,1950,-572
3.0742,2176,2032,1950,-572
3.0746,2176,2034,1950,-572
3.0750,2176,2034,1950,-572
3.0754,2176,2034,1950,-572
3.0758,2176,2036,1950,-572
3.0762,2176,2036,1950,-572
3.0765,2176,2036,1950,-572
3.0769,2176,2038,1950,-572
3.0774,2176,2038,1950,-572
3.0777,2176,2040,1950,-572
3.0781,2176,2040,1950,-572
3.0785,2176,2040,1950,-572
3.0788,2176,2042,1950,-564
3.0792,2176,2042,1950,-564
3.0796,2176,2044,1950,-564
3.0800,2188,2044,1950,-564
3.0808,2188,2046,1950,-552
3.0812,2188,2046,1950,-552
3.0815,2188,2046,1950,-552
3.0819,2188,2048,1950,-552
3.0824,2188,2048,1950,-552
3.0828,2188,2050,2000,-552
3.0831,2188,2050,2000,-552
3.0835,2188,2052,2000,-544
3.0839,2188,2052,2000,-544
3.0844,2188,2052,2000,-544
3.0847,2188,2054,2000,-544
3.0851,2188,2054,2000,-544
3.0855,2188,2054,2000,-544
3.0859,2188,2056,2000,-544
3.0863,2188,2056,2000,-544
3.0867,2188,2058,2000,-544
3.0870,2188,2058,2000,-544
3.0874,2188,2058,2000,-544
3.0877,2188,2061,2000,-536
3.0881,2188,2061,2000,-536
3.0885,2188,2063,2000,-536
3.0889,2188,2063,2000,-536
3.0893,2188,2063,2000,-536
3.0897,2188,2065,2000,-528
3.0900,2198,2065,2000,-528
3.0908,2198,2067,2000,-528
3.0911,2198,2067,2000,-528
3.0915,2198,2068,2000,-536
3.0919,2198,2068,2000,-536
3.0924,2198,2068,2000,-536
3.0927,2198,2070,2000,-536
3.0931,2198,2070,2000,-536
3.0935,2198,2070,2000,-536
3.0938,2198,2072,2000,-528
3.0942,2198,2072,2000,-528
3.0946,2198,2074,2000,-528
3.0950,2198,2074,2000,-528
3.0954,2198,2074,2000,-528
3.0957,2198,2076,2000,-528
3.0961,2198,2076,2000,-528
3.0965,2198,2078,2000,-520
3.0969,2198,2078,2000,-520
3.0973,2198,2078,2000,-520
3.0976,2198,2080,2000,-520
3.0980,2198,2080,2000,-520
3.0984,2198,2080,2000,-520
3.0988,2198,2082,2000,-520
3.0992,2198,2082,2000,-520
3.0996,2198,2084,2000,-512
3.0999,2198,2084,2000,-512
3.1004,2207,2086,2000,-500
3.1011,2207,2086,2000,-500
3.1015,2207,2088,2000,-492
3.1019,2207,2088,2000,-492
3.1022,2207,2088,2000,-492
3.1026,2207,2090,2000,-492
3.1030,2207,2090,2000,-492
3.1034,2207,2090,2000,-492
3.1038,2207,2092,2000,-492
3.1041,2207,2092,2000,-492
3.1045,2207,2094,2000,-484
3.1049,2207,2094,2000,-484
3.1054,2207,2094,2000,-484
3.1058,2207,2096,2000,-484
3.1062,2207,2096,2000,-484
3.1065,2207,2098,2000,-484
3.1069,2207,2098,2000,-484
3.1074,2207,2098,2000,-484
3.1077,2207,2100,2000,-476
3.1081,2207,2100,2000,-476
3.1085,2207,2102,2000,-476
3.1088,2207,2102,2000,-476
3.1092,2207,2102,2000,-476
3.1096,2207,2104,2000,-468
3.1099,2207,2104,2000,-468
3.1103,2212,2105,2000,-476
3.1109,2212,2105,2000,-476
3.1114,2212,2105,2000,-476
3.1117,2212,2107,2000,-468
3.1121,2212,2107,2000,-468
3.1124,2212,2109,2000,-468
3.1128,2212,2109,2000,-468
3.1131,2212,2109,2000,-468
3.1135,2212,2111,2000,-460
3.1138,2212,2111,2000,-460
3.1142,2212,2111,2000,-460
3.1146,2212,2113,2000,-460
3.1150,2212,2113,2000,-460
3.1154,2212,2115,2000,-452
3.1158,2212,2115,2000,-452
3.1161,2212,2115,2000,-452
3.1165,2212,2116,2000,-452
3.1169,2212,2116,2000,-452
3.1173,2212,2116,2000,-452
3.1177,2212,2118,2000,-452
3.1181,2212,2118,2000,-452
3.1184,2212,2120,2000,-444
3.1188,2212,2120,2000,-444
3.1192,2212,2120,2000,-444
3.1196,2212,2122,2000,-444
3.1200,2212,2122,2000,-444
3.1204,2214,2124,2000,-424
3.1211,2214,2124,2000,-424
3.1215,2214,2126,2000,-416
3.1219,2214,2126,2000,-416
3.1223,2214,2126,2000,-416
3.1227,2214,2127,1850,-424
3.1231,2214,2127,1850,-424
3.1234,2214,2129,1850,-416
3.1238,2214,2129,1850,-416
3.1242,2214,2129,1850,-416
3.1247,2214,2131,1850,-408
3.1251,2214,2131,1850,-408
3.1254,2214,2133,1850,-400
3.1258,2214,2133,1850,-400
3.1262,2214,2133,1850,-400
3.1266,2214,2134,1850,-408
3.1270,2214,2134,1850,-408
3.1274,2214,2136,1850,-400
3.1278,2214,2136,1850,-400
3.1282,2214,2136,1850,-400
3.1286,2214,2138,1850,-392
3.1290,2214,2138,1850,-392
3.1294,2214,2140,1850,-384
3.1297,2214,2140,1850,-384
3.1301,2214,2142,1850,-376
3.1308,2214,2142,1850,-376
3.1312,2214,2142,1850,-376
3.1315,2214,2143,1850,-376
3.1319,2214,2143,1850,-376
3.1324,2214,2145,1850,-368
3.1327,2214,2145,1850,-368
3.1331,2214,2145,1850,-368
3.1335,2214,2147,1850,-360
3.1339,2214,2147,1850,-360
3.1343,2214,2147,1850,-360
3.1346,2214,2148,1850,-360
3.1350,2214,2148,1850,-360
3.1354,2214,2150,1850,-352
3.1358,2214,2150,1850,-352
3.1362,2214,2150,1850,-352
3.1366,2214,2152,1850,-344
3.1370,2214,2152,1850,-344
3.1374,2214,2154,1850,-336
3.1377,2214,2154,1850,-336
3.1381,2214,2154,1850,-336
3.1384,2214,2155,1850,-336
3.1388,2214,2155,1850,-336
3.1391,2214,2155,1850,-336
3.1395,2214,2157,1850,-328
3.1399,2214,2157,1850,-328
3.1402,2212,2158,1850,-312
3.1409,2212,2158,1850,-312
3.1413,2212,2160,1850,-304
3.1416,2212,2160,1850,-304
3.1420,2212,2160,1850,-304
3.1424,2212,2161,1700,-304
3.1427,2212,2161,1700,-304
3.1431,2212,2161,1700,-304
3.1434,2212,2163,1700,-288
3.1438,2212,2163,1700,-288
3.1442,2212,2163,1700,-288
3.1445,2212,2164,1700,-288
3.1449,2212,2164,1700,-288
3.1454,2212,2166,1700,-280
3.1457,2212,2166,1700,-280
3.1461,2212,2166,1700,-280
3.1464,2212,2167,1700,-280
3.1468,2212,2167,1700,-280
3.1472,2212,2169,1700,-264
3.1476,2212,2169,1700,-264
3.1480,2212,2169,1700,-264
3.1484,2212,2170,1700,-264
3.1488,2212,2170,1700,-264
3.1492,2212,2170,1700,-264
3.1495,2212,2172,1700,-256
3.1499,2212,2172,1700,-256
3.1503,2206,2173,1700,-248
3.1510,2206,2173,1700,-248
3.1514,2206,2175,1700,-240
3.1517,2206,2175,1700,-240
3.1521,2206,2175,1700,-240
3.1525,2206,2176,1700,-232
3.1528,2206,2176,1700,-232
3.1532,2206,2177,1700,-232
3.1536,2206,2177,1700,-232
3.1540,2206,2177,1700,-232
3.1544,2206,2179,1700,-216
3.1547,2206,2179,1700,-216
3.1551,2206,2179,1700,-216
3.1555,2206,2180,1700,-216
3.1559,2206,2180,1700,-216
3.1564,2206,2182,1700,-200
3.1568,2206,2182,1700,-200
3.1572,2206,2182,1700,-200
3.1575,2206,2183,1700,-200
3.1579,2206,2183,1700,-200
3.1583,2206,2184,1700,-192
3.1587,2206,2184,1700,-192
3.1590,2206,2184,1700,-192
3.1594,2206,2185,1700,-192
3.1598,2206,2185,1700,-192
3.1602,2198,2186,1700,-168
3.1610,2198,2186,1700,-168
3.1614,2198,2188,1700,-152
3.1618,2198,2188,1700,-152
3.1622,2198,2189,1400,-144
3.1625,2198,2189,1400,-144
3.1629,2198,2189,1400,-144
3.1633,2198,2190,1400,-144
3.1636,2198,2190,1400,-144
3.1640,2198,2190,1400,-144
3.1644,2198,2191,1400,-136
3.1648,2198,2191,1400,-136
3.1652,2198,2192,1400,-128
3.1656,2198,2192,1400,-128
3.1660,2198,2192,1400,-128
3.1664,2198,2193,1400,-120
3.1667,2198,2193,1400,-120
3.1671,2198,2193,1400,-120
3.1675,2198,2194,1400,-120
3.1679,2198,2194,1400,-120
3.1683,2198,2196,1400,-104
3.1687,2198,2196,1400,-104
3.1691,2198,2196,1400,-104
3.1694,2198,2197,1400,-96
3.1698,2198,2197,1400,-96
3.1702,2188,2198,1400,-88
3.1710,2188,2198,1400,-88
3.1714,2188,2199,1400,-80
3.1717,2188,2199,1400,-80
3.1721,2188,2200,1400,-72
3.1725,2188,2200,1400,-72
3.1729,2188,2200,1400,-72
3.1734,2188,2201,1400,-64
3.1738,2188,2201,1400,-64
3.1742,2188,2202,1400,-56
3.1746,2188,2202,1400,-56
3.1750,2188,2202,1400,-56
3.1754,2188,2203,1400,-48
3.1758,2188,2203,1400,-48
3.1762,2188,2203,1400,-48
3.1765,2188,2203,1400,-48
3.1769,2188,2203,1400,-48
3.1774,2188,2204,1400,-40
3.1777,2188,2204,1400,-40
3.1781,2188,2205,1400,-24
3.1785,2188,2205,1400,-24
3.1789,2188,2205,1400,-24
3.1792,2188,2205,1400,-24
3.1796,2188,2205,1400,-24
3.1800,2175,2206,1400,28
3.1808,2175,2206,1400,28
3.1812,2175,2207,1400,36
3.1816,2175,2207,1400,36
3.1819,2175,2207,1400,36
3.1824,2175,2208,950,52
3.1827,2175,2208,950,52
3.1831,2175,2209,950,60
3.1835,2175,2209,950,60
3.1839,2175,2209,950,60
3.1843,2175,2209,950,60
3.1847,2175,2209,950,60
3.1850,2175,2209,950,60
3.1854,2175,2210,950,76
3.1858,2175,2210,950,76
3.1862,2175,2210,950,76
3.1866,2175,2210,950,76
3.1869,2175,2210,950,76
3.1874,2175,2211,950,84
3.1877,2175,2211,950,84
3.1881,2175,2211,950,92
3.1885,2175,2211,950,92
3.1888,2175,2211,950,92
3.1892,2175,2212,950,92
3.1896,2175,2212,950,92
3.1900,2175,2212,950,92
3.1904,2160,2212,950,92
3.1911,2160,2212,950,92
3.1914,2160,2212,950,92
3.1918,2160,2212,950,92
3.1922,2160,2213,950,108
3.1925,2160,2213,950,108
3.1929,2160,2213,950,108
3.1933,2160,2213,950,108
3.1936,2160,2213,950,108
3.1940,2160,2213,950,116
3.1944,2160,2213,950,116
3.1948,2160,2213,950,116
3.1951,2160,2214,950,124
3.1955,2160,2214,950,124
3.1959,2160,2214,950,124
3.1964,2160,2214,950,132
3.1968,2160,2214,950,132
3.1972,2160,2214,950,140
3.1975,2160,2214,950,140
3.1979,2160,2214,950,140
3.1984,2160,2214,950,140
3.1988,2160,2214,950,140
3.1991,2160,2214,950,148
3.1995,2160,2214,950,148
3.1999,2160,2214,950,148
3.2002,2144,2214,950,144
3.2010,2144,2214,950,152
3.2014,2144,2214,950,152
3.2018,2144,2214,950,152
3.2021,2144,2214,300,152
3.2025,2144,2214,300,152
3.2029,2144,2214,300,152
3.2033,2144,2214,300,160
3.2037,2144,2214,300,160
3.2040,2144,2214,300,168
3.2044,2144,2214,300,168
3.2048,2144,2214,300,168
3.2052,2144,2215,300,184
3.2056,2144,2215,300,184
3.2060,2144,2215,300,192
3.2064,2144,2215,300,192
3.2068,2144,2215,300,192
3.2072,2144,2215,300,200
3.2076,2144,2215,300,200
3.2080,2144,2215,300,208
3.2084,2144,2215,300,208
3.2088,2144,2215,300,208
3.2092,2144,2215,300,216
3.2095,2144,2215,300,216
3.2099,2144,2215,300,224
3.2104,2126,2215,300,224
3.2111,2126,2215,300,232
3.2115,2126,2215,300,232
3.2119,2126,2215,300,240
3.2123,2126,2215,300,240
3.2127,2126,2215,300,240
3.2131,2126,2215,300,248
3.2134,2126,2215,300,248
3.2138,2126,2215,300,248
3.2142,2126,2215,300,256
3.2146,2126,2215,300,256
3.2150,2126,2215,300,264
3.2154,2126,2215,300,264
3.2158,2126,2215,300,264
3.2161,2126,2215,300,272
3.2165,2126,2215,300,272
3.2169,2126,2215,300,280
3.2173,2126,2215,300,280
3.2176,2126,2215,300,280
3.2180,2126,2215,300,296
3.2184,2126,2215,300,296
3.2188,2126,2215,300,296
3.2192,2126,2215,300,304
3.2196,2126,2215,300,304
3.2200,2126,2214,300,320
3.2204,2106,2214,300,320
3.2211,2106,2214,300,328
3.2215,2106,2214,300,328
3.2219,2106,2214,0,344
3.2223,2106,2214,0,344
3.2227,2106,2214,0,344
3.2230,2106,2213,0,344
3.2234,2106,2213,0,344
3.2238,2106,2213,0,344
3.2241,2106,2212,0,344
3.2245,2106,2212,0,344
3.2249,2106,2212,0,360
3.2254,2106,2212,0,360
3.2258,2106,2212,0,360
3.2261,2106,2212,0,368
3.2265,2106,2212,0,368
3.2268,2106,2211,0,368
3.2272,2106,2211,0,368
3.2275,2106,2211,0,368
3.2279,2106,2210,0,376
3.2284,2106,2210,0,376
3.2288,2106,2210,0,376
3.2292,2106,2210,0,384
3.2295,2106,2210,0,384
3.2299,2106,2209,0,392
3.2304,2086,2209,0,392
3.2311,2086,2208,0,392
3.2315,2086,2208,0,392
3.2319,2086,2207,0,400
3.2322,2086,2207,0,400
3.2326,2086,2207,0,400
3.2330,2086,2206,0,400
3.2334,2086,2206,0,400
3.2338,2086,2206,0,400
3.2342,2086,2205,0,408
3.2345,2086,2205,0,408
3.2349,2086,2205,0,424
3.2354,2086,2205,0,424
3.2358,2086,2205,0,424
3.2362,2086,2204,0,424
3.2365,2086,2204,0,424
3.2369,2086,2203,0,432
3.2373,2086,2203,0,432
3.2376,2086,2203,0,432
3.2380,2086,2202,0,440
3.2384,2086,2202,0,440
3.2388,2086,2201,0,440
3.2392,2086,2201,0,440
3.2395,2086,2201,0,440
3.2399,2086,2200,0,432
3.2404,2065,2200,0,432
3.2411,2065,2200,0,448
3.2415,2065,2200,0,448
3.2419,2065,2199,-750,456
3.2424,2065,2199,-750,456
3.2427,2065,2199,-750,456
3.2431,2065,2197,-750,456
3.2435,2065,2197,-750,456
3.2439,2065,2197,-750,464
3.2443,2065,2197,-750,464
3.2447,2065,2197,-750,464
3.2451,2065,2196,-750,472
3.2454,2065,2196,-750,472
3.2458,2065,2194,-750,472
3.2462,2065,2194,-750,472
3.2466,2065,2194,-750,472
3.2470,2065,2193,-750,480
3.2474,2065,2193,-750,480
3.2478,2065,2192,-750,488
3.2481,2065,2192,-750,488
3.2485,2065,2192,-750,488
3.2489,2065,2191,-750,496
3.2494,2065,2191,-750,496
3.2498,2065,2190,-750,504
3.2501,2044,2190,-750,504
3.2509,2044,2189,-750,512
3.2512,2044,2189,-750,512
3.2516,2044,2189,-750,512
3.2520,2044,2188,-750,520
3.2524,2044,2188,-750,520
3.2528,2044,2187,-750,528
3.2532,2044,2187,-750,528
3.2536,2044,2187,-750,528
3.2539,2044,2185,-750,528
3.2543,2044,2185,-750,528
3.2546,2044,2185,-750,528
3.2550,2044,2184,-750,536
3.2554,2044,2184,-750,536
3.2558,2044,2183,-750,544
3.2561,2044,2183,-750,544
3.2565,2044,2183,-750,544
3.2569,2044,2182,-750,552
3.2574,2044,2182,-750,552
3.2578,2044,2180,-750,552
3.2581,2044,2180,-750,552
3.2585,2044,2180,-750,552
3.2589,2044,2179,-750,560
3.2592,2044,2179,-750,560
3.2596,2044,2179,-750,560
3.2600,2023,2177,-750,560
3.2608,2023,2176,-750,568
3.2612,2023,2176,-750,568
3.2616,2023,2176,-750,568
3.2619,2023,2175,-1200,576
3.2624,2023,2175,-1200,576
3.2627,2023,2173,-1200,576
3.2631,2023,2173,-1200,576
3.2635,2023,2173,-1200,576
3.2639,2023,2172,-1200,584
3.2643,2023,2172,-1200,584
3.2647,2023,2170,-1200,584
3.2651,2023,2170,-1200,584
3.2654,2023,2170,-1200,584
3.2658,2023,2169,-1200,592
3.2662,2023,2169,-1200,592
3.2666,2023,2169,-1200,592
3.2669,2023,2168,-1200,600
3.2674,2023,2168,-1200,600
3.2678,2023,2166,-1200,600
3.2682,2023,2166,-1200,600
3.2685,2023,2166,-1200,600
3.2689,2023,2164,-1200,600
3.2694,2023,2164,-1200,600
3.2697,2023,2163,-1200,608
3.2701,2001,2163,-1200,608
3.2709,2001,2161,-1200,608
3.2712,2001,2161,-1200,608
3.2716,2001,2160,-1200,616
3.2720,2001,2160,-1200,616
3.2724,2001,2160,-1200,616
3.2728,2001,2158,-1200,616
3.2731,2001,2158,-1200,616
3.2735,2001,2158,-1200,616
3.2739,2001,2156,-1200,616
3.2743,2001,2156,-1200,616
3.2746,2001,2155,-1200,624
3.2750,2001,2155,-1200,624
3.2754,2001,2155,-1200,624
3.2758,2001,2153,-1200,624
3.2761,2001,2153,-1200,624
3.2765,2001,2153,-1200,624
3.2769,2001,2151,-1200,624
3.2773,2001,2151,-1200,624
3.2776,2001,2149,-1200,632
3.2780,2001,2149,-1200,632
3.2784,2001,2149,-1200,632
3.2788,2001,2148,-1200,640
3.2791,2001,2148,-1200,640
3.2796,2001,2146,-1200,616
3.2799,2001,2146,-1200,616
3.2803,1980,2144,-1200,616
3.2811,1980,2144,-1200,616
3.2814,1980,2144,-1200,616
3.2818,1980,2142,-1650,616
3.2822,1980,2142,-1650,616
3.2826,1980,2140,-1650,616
3.2830,1980,2140,-1650,616
3.2834,1980,2140,-1650,616
3.2838,1980,2138,-1650,616
3.2842,1980,2138,-1650,616
3.2846,1980,2136,-1650,616
3.2850,1980,2136,-1650,616
3.2854,1980,2136,-1650,616
3.2858,1980,2135,-1650,624
3.2862,1980,2135,-1650,624
3.2865,1980,2135,-1650,624
3.2869,1980,2133,-1650,624
3.2873,1980,2133,-1650,624
3.2877,1980,2131,-1650,624
3.2880,1980,2131,-1650,624
3.2884,1980,2131,-1650,624
3.2888,1980,2129,-1650,624
3.2892,1980,2129,-1650,624
3.2896,1980,2127,-1650,624
3.2899,1980,2127,-1650,624
3.2904,1961,2125,-1650,624
3.2911,1961,2125,-1650,624
3.2915,1961,2125,-1650,624
3.2918,1961,2123,-1650,624
3.2922,1961,2123,-1650,624
3.2926,1961,2121,-1650,624
3.2930,1961,2121,-1650,624
3.2934,1961,2121,-1650,624
3.2938,1961,2119,-1650,624
3.2942,1961,2119,-1650,624
3.2946,1961,2117,-1650,624
3.2950,1961,2117,-1650,624
3.2954,1961,2117,-1650,624
3.2958,1961,2115,-1650,624
3.2961,1961,2115,-1650,624
3.2965,1961,2115,-1650,624
3.2969,1961,2114,-1650,632
3.2972,1961,2114,-1650,632
3.2975,1961,2112,-1650,632
3.2979,1961,2112,-1650,632
3.2984,1961,2112,-1650,632
3.2988,1961,2110,-1650,632
3.2991,1961,2110,-1650,632
3.2995,1961,2107,-1650,588
3.2999,1961,2107,-1650,588
3.3004,1943,2105,-1650,588
3.3010,1943,2105,-1650,588
3.3014,1943,2105,-1650,588
3.3018,1943,2104,-1900,596
3.3022,1943,2104,-1900,596
3.3026,1943,2102,-1900,596
3.3030,1943,2102,-1900,596
3.3034,1943,2102,-1900,596
3.3038,1943,2100,-1900,596
3.3041,1943,2100,-1900,596
3.3045,1943,2098,-1900,604
3.3049,1943,2098,-1900,604
3.3052,1943,2098,-1900,604
3.3056,1943,2096,-1900,604
3.3059,1943,2096,-1900,604
3.3063,1943,2096,-1900,604
3.3067,1943,2094,-1900,604
3.3071,1943,2094,-1900,604
3.3075,1943,2091,-1900,596
3.3078,1943,2091,-1900,596
3.3082,1943,2091,-1900,596
3.3086,1943,2089,-1900,596
3.3090,1943,2089,-1900,596
3.3094,1943,2089,-1900,596
3.3098,1943,2087,-1900,596
3.3102,1927,2085,-1900,596
3.3109,1927,2085,-1900,596
3.3113,1927,2085,-1900,596
3.3117,1927,2083,-1900,588
3.3121,1927,2083,-1900,588
3.3125,1927,2081,-1900,588
3.3128,1927,2081,-1900,588
3.3132,1927,2081,-1900,588
3.3136,1927,2079,-1900,588
3.3140,1927,2079,-1900,588
3.3144,1927,2077,-1900,596
3.3148,1927,2077,-1900,596
3.3152,1927,2077,-1900,596
3.3155,1927,2075,-1900,596
3.3159,1927,2075,-1900,596
3.3164,1927,2075,-1900,596
3.3168,1927,2073,-1900,588
3.3171,1927,2073,-1900,588
3.3175,1927,2071,-1900,588
3.3178,1927,2071,-1900,588
3.3182,1927,2071,-1900,588
3.3186,1927,2069,-1900,588
3.3190,1927,2069,-1900,588
3.3194,1927,2066,-1900,572
3.3197,1927,2066,-1900,572
3.3201,1912,2065,-1900,580
3.3209,1912,2065,-1900,580
3.3213,1912,2065,-1900,580
3.3216,1912,2063,-2050,580
3.3220,1912,2063,-2050,580
3.3224,1912,2061,-2050,580
3.3228,1912,2061,-2050,580
3.3231,1912,2061,-2050,580
3.3235,1912,2058,-2050,572
3.3239,1912,2058,-2050,572
3.3244,1912,2056,-2050,572
3.3247,1912,2056,-2050,572
3.3251,1912,2056,-2050,572
3.3255,1912,2054,-2050,572
3.3259,1912,2054,-2050,572
3.3263,1912,2052,-2050,572
3.3267,1912,2052,-2050,572
3.3271,1912,2052,-2050,572
3.3275,1912,2050,-2050,572
3.3278,1912,2050,-2050,572
3.3282,1912,2050,-2050,572
3.3286,1912,2048,-2050,572
3.3290,1912,2048,-2050,572
3.3294,1912,2046,-2050,564
3.3297,1912,2046,-2050,564
3.3301,1900,2044,-2050,564
3.3309,1900,2044,-2050,564
3.3312,1900,2044,-2050,564
3.3316,1900,2042,-2050,564
3.3320,1900,2042,-2050,564
3.3324,1900,2040,-2050,564
3.3328,1900,2040,-2050,564
3.3331,1900,2040,-2050,564
3.3335,1900,2037,-2050,556
3.3339,1900,2037,-2050,556
3.3344,1900,2035,-2050,556
3.3348,1900,2035,-2050,556
3.3352,1900,2035,-2050,556
3.3356,1900,2033,-2050,556
3.3360,1900,2033,-2050,556
3.3364,1900,2032,-2050,556
3.3367,1900,2032,-2050,556
3.3371,1900,2032,-2050,556
3.3375,1900,2029,-2050,548
3.3378,1900,2029,-2050,548
3.3382,1900,2029,-2050,548
3.3386,1900,2027,-2050,548
3.3390,1900,2027,-2050,548
3.3394,1900,2025,-2050,540
3.3398,1900,2025,-2050,540
3.3401,1889,2023,-2050,540
3.3409,1889,2023,-2050,540
3.3414,1889,2021,-2100,532
3.3417,1889,2021,-2100,532
3.3421,1889,2021,-2100,532
3.3425,1889,2019,-2100,532
3.3428,1889,2019,-2100,532
3.3432,1889,2019,-2100,532
3.3436,1889,2017,-2100,532
3.3440,1889,2017,-2100,532
3.3444,1889,2015,-2100,532
3.3448,1889,2015,-2100,532
3.3451,1889,2015,-2100,532
3.3455,1889,2013,-2100,524
3.3459,1889,2013,-2100,524
3.3464,1889,2011,-2100,524
3.3468,1889,2011,-2100,524
3.3471,1889,2011,-2100,524
3.3475,1889,2009,-2100,524
3.3479,1889,2009,-2100,524
3.3483,1889,2007,-2100,516
3.3487,1889,2007,-2100,516
3.3490,1889,2007,-2100,516
3.3494,1889,2005,-2100,516
3.3498,1889,2005,-2100,516
3.3502,1882,2003,-2100,516
3.3509,1882,2003,-2100,516
3.3513,1882,2001,-2100,508
3.3516,1882,2001,-2100,508
3.3520,1882,2001,-2100,508
3.3524,1882,1999,-2100,508
3.3528,1882,1999,-2100,508
3.3531,1882,1999,-2100,508
3.3535,1882,1997,-2100,508
3.3539,1882,1997,-2100,508
3.3544,1882,1995,-2100,500
3.3548,1882,1995,-2100,500
3.3552,1882,1995,-2100,500
3.3555,1882,1993,-2100,500
3.3559,1882,1993,-2100,500
3.3564,1882,1991,-2100,500
3.3568,1882,1991,-2100,500
3.3572,1882,1991,-2100,500
3.3575,1882,1989,-2100,492
3.3579,1882,1989,-2100,492
3.3584,1882,1987,-2100,492
3.3588,1882,1987,-2100,492
3.3591,1882,1987,-2100,492
3.3595,1882,1985,-2100,468
3.3599,1882,1985,-2100,468
3.3603,1876,1984,-2100,476
3.3609,1876,1984,-2100,476
3.3614,1876,1982,-1950,468
3.3617,1876,1982,-1950,468
3.3621,1876,1982,-1950,468
3.3625,1876,1980,-1950,468
3.3628,1876,1980,-1950,468
3.3632,1876,1978,-1950,460
3.3636,1876,1978,-1950,460
3.3640,1876,1978,-1950,460
3.3644,1876,1976,-1950,460
3.3648,1876,1976,-1950,460
3.3652,1876,1974,-1950,452
3.3655,1876,1974,-1950,452
3.3659,1876,1974,-1950,452
3.3664,1876,1972,-1950,444
3.3668,1876,1972,-1950,444
3.3672,1876,1971,-1950,452
3.3675,1876,1971,-1950,452
3.3679,1876,1971,-1950,452
3.3684,1876,1969,-1950,444
3.3688,1876,1969,-1950,444
3.3692,1876,1967,-1950,444
3.3696,1876,1967,-1950,444
3.3699,1876,1967,-1950,444
3.3704,1874,1965,-1950,436
3.3711,1874,1963,-1950,428
3.3715,1874,1963,-1950,428
3.3719,1874,1963,-1950,428
3.3723,1874,1961,-1950,428
3.3726,1874,1961,-1950,428
3.3730,1874,1961,-1950,428
3.3734,1874,1960,-1950,428
3.3738,1874,1960,-1950,428
3.3742,1874,1958,-1950,420
3.3745,1874,1958,-1950,420
3.3749,1874,1958,-1950,420
3.3754,1874,1956,-1950,412
3.3758,1874,1956,-1950,412
3.3761,1874,1954,-1950,412
3.3765,1874,1954,-1950,412
3.3769,1874,1954,-1950,412
3.3774,1874,1952,-1950,404
3.3777,1874,1952,-1950,404
3.3781,1874,1950,-1950,396
3.3785,1874,1950,-1950,396
3.3788,1874,1950,-1950,396
3.3792,1874,1949,-1950,388
3.3796,1874,1949,-1950,388
3.3800,1874,1949,-1950,388
3.3803,1874,1947,-1950,380
3.3811,1874,1945,-1850,372
3.3815,1874,1945,-1850,372
3.3819,1874,1945,-1850,372
3.3823,1874,1943,-1850,364
3.3826,1874,1943,-1850,364
3.3830,1874,1943,-1850,364
3.3834,1874,1941,-1850,356
3.3838,1874,1941,-1850,356
3.3842,1874,1940,-1850,356
3.3846,1874,1940,-1850,356
3.3849,1874,1940,-1850,356
3.3854,1874,1938,-1850,348
3.3858,1874,1938,-1850,348
3.3862,1874,1936,-1850,340
3.3865,1874,1936,-1850,340
3.3869,1874,1936,-1850,340
3.3874,1874,1935,-1850,340
3.3878,1874,1935,-1850,340
3.3882,1874,1933,-1850,332
3.3885,1874,1933,-1850,332
3.3889,1874,1933,-1850,332
3.3894,1874,1931,-1850,324
3.3898,1874,1931,-1850,324
3.3901,1876,1930,-1850,324
3.3909,1876,1930,-1850,324
3.3912,1876,1928,-1850,316
3.3916,1876,1928,-1850,316
3.3920,1876,1927,-1850,316
3.3924,1876,1927,-1850,316
3.3928,1876,1927,-1850,316
3.3932,1876,1925,-1850,300
3.3936,1876,1925,-1850,300
3.3939,1876,1925,-1850,300
3.3944,1876,1924,-1850,300
3.3948,1876,1924,-1850,300
3.3951,1876,1922,-1850,292
3.3955,1876,1922,-1850,292
3.3959,1876,1922,-1850,292
3.3963,1876,1921,-1850,292
3.3967,1876,1921,-1850,292
3.3971,1876,1919,-1850,276
3.3974,1876,1919,-1850,276
3.3978,1876,1919,-1850,276
3.3981,1876,1917,-1850,268
3.3985,1876,1917,-1850,268
3.3989,1876,1917,-1850,268
3.3993,1876,1916,-1850,244
3.3997,1876,1916,-1850,244
3.4000,1882,1915,-1850,236
3.4008,1882,1915,-1850,236
3.4012,1882,1913,-1600,228
3.4015,1882,1913,-1600,228
3.4020,1882,1912,-1600,220
3.4024,1882,1912,-1600,220
3.4028,1882,1912,-1600,220
3.4032,1882,1910,-1600,212
3.4035,1882,1910,-1600,212
3.4039,1882,1910,-1600,212
3.4044,1882,1909,-1600,204
3.4048,1882,1909,-1600,204
3.4052,1882,1908,-1600,204
3.4055,1882,1908,-1600,204
3.4059,1882,1908,-1600,204
3.4064,1882,1906,-1600,188
3.4067,1882,1906,-1600,188
3.4071,1882,1905,-1600,188
3.4075,1882,1905,-1600,188
3.4078,1882,1905,-1600,188
3.4082,1882,1904,-1600,180
3.4085,1882,1904,-1600,180
3.4089,1882,1902,-1600,172
3.4094,1882,1902,-1600,172
3.4098,1882,1902,-1600,172
3.4101,1890,1901,-1600,164
3.4108,1890,1901,-1600,164
3.4112,1890,1900,-1600,156
3.4116,1890,1900,-1600,156
3.4120,1890,1899,-1600,156
3.4124,1890,1899,-1600,156
3.4127,1890,1899,-1600,156
3.4131,1890,1897,-1600,140
3.4135,1890,1897,-1600,140
3.4139,1890,1897,-1600,140
3.4142,1890,1896,-1600,132
3.4146,1890,1896,-1600,132
3.4150,1890,1895,-1600,124
3.4154,1890,1895,-1600,124
3.4158,1890,1895,-1600,124
3.4161,1890,1894,-1600,116
3.4165,1890,1894,-1600,116
3.4168,1890,1894,-1600,116
3.4172,1890,1893,-1600,116
3.4176,1890,1893,-1600,116
3.4179,1890,1892,-1600,108
3.4184,1890,1892,-1600,108
3.4187,1890,1892,-1600,108
3.4191,1890,1891,-1600,88
3.4195,1890,1891,-1600,88
3.4199,1890,1890,-1600,80
3.4202,1900,1890,-1600,80
3.4209,1900,1889,-1200,72
3.4213,1900,1889,-1200,72
3.4217,1900,1889,-1200,72
3.4221,1900,1888,-1200,64
3.4224,1900,1888,-1200,64
3.4228,1900,1888,-1200,64
3.4232,1900,1887,-1200,56
3.4236,1900,1887,-1200,56
3.4239,1900,1886,-1200,48
3.4243,1900,1886,-1200,48
3.4247,1900,1886,-1200,48
3.4251,1900,1885,-1200,40
3.4255,1900,1885,-1200,40
3.4258,1900,1885,-1200,40
3.4262,1900,1884,-1200,32
3.4266,1900,1884,-1200,32
3.4270,1900,1883,-1200,24
3.4274,1900,1883,-1200,24
3.4278,1900,1883,-1200,24
3.4282,1900,1882,-1200,-24
3.4285,1900,1882,-1200,-24
3.4289,1900,1881,-1200,-32
3.4293,1900,1881,-1200,-32
3.4297,1900,1881,-1200,-32
3.4300,1913,1881,-1200,-32
3.4307,1913,1881,-1200,-32
3.4311,1913,1880,-1200,-40
3.4315,1913,1880,-1200,-40
3.4319,1913,1880,-1200,-48
3.4324,1913,1880,-1200,-48
3.4327,1913,1880,-1200,-48
3.4331,1913,1879,-1200,-56
3.4334,1913,1879,-1200,-56
3.4338,1913,1879,-1200,-56
3.4341,1913,1878,-1200,-64
3.4345,1913,1878,-1200,-64
3.4349,1913,1878,-1200,-72
3.4352,1913,1878,-1200,-72
3.4356,1913,1878,-1200,-72
3.4360,1913,1877,-1200,-80
3.4364,1913,1877,-1200,-80
3.4367,1913,1877,-1200,-80
3.4371,1913,1877,-1200,-80
3.4375,1913,1877,-1200,-80
3.4378,1913,1876,-1200,-88
3.4382,1913,1876,-1200,-88
3.4386,1913,1876,-1200,-88
3.4389,1913,1876,-1200,-88
3.4394,1913,1876,-1200,-88
3.4398,1913,1876,-1200,-88
3.4401,1927,1875,-1200,-96
3.4408,1927,1874,-750,-104
3.4412,1927,1874,-750,-104
3.4415,1927,1874,-750,-104
3.4419,1927,1874,-750,-112
3.4423,1927,1874,-750,-112
3.4426,1927,1874,-750,-112
3.4430,1927,1874,-750,-112
3.4434,1927,1874,-750,-112
3.4438,1927,1874,-750,-120
3.4442,1927,1874,-750,-120
3.4446,1927,1874,-750,-120
3.4449,1927,1873,-750,-128
3.4454,1927,1873,-750,-128
3.4457,1927,1873,-750,-128
3.4461,1927,1873,-750,-136
3.4464,1927,1873,-750,-136
3.4468,1927,1873,-750,-144
3.4472,1927,1873,-750,-144
3.4476,1927,1873,-750,-144
3.4480,1927,1873,-750,-144
3.4484,1927,1873,-750,-144
3.4488,1927,1873,-750,-152
3.4492,1927,1873,-750,-152
3.4495,1927,1873,-750,-152
3.4499,1927,1873,-750,-160
3.4503,1944,1873,-750,-160
3.4510,1944,1873,-750,-168
3.4514,1944,1873,-750,-168
3.4518,1944,1873,-750,-168
3.4521,1944,1873,-750,-168
3.4525,1944,1873,-750,-168
3.4529,1944,1873,-750,-176
3.4534,1944,1873,-750,-176
3.4537,1944,1873,-750,-184
3.4541,1944,1873,-750,-184
3.4544,1944,1873,-750,-184
3.4548,1944,1873,-750,-192
3.4552,1944,1873,-750,-192
3.4556,1944,1873,-750,-192
3.4560,1944,1873,-750,-200
3.4564,1944,1873,-750,-200
3.4568,1944,1873,-750,-208
3.4572,1944,1873,-750,-208
3.4576,1944,1873,-750,-208
3.4579,1944,1873,-750,-216
3.4583,1944,1873,-750,-216
3.4587,1944,1872,-750,-232
3.4591,1944,1872,-750,-232
3.4594,1944,1872,-750,-232
3.4598,1944,1872,-750,-240
3.4601,1962,1872,-750,-240
3.4608,1962,1872,-100,-248
3.4612,1962,1872,-100,-248
3.4616,1962,1872,-100,-248
3.4619,1962,1872,-100,-256
3.4624,1962,1872,-100,-256
3.4627,1962,1872,-100,-264
3.4631,1962,1872,-100,-264
3.4635,1962,1872,-100,-264
3.4639,1962,1872,-100,-272
3.4642,1962,1872,-100,-272
3.4646,1962,1872,-100,-272
3.4650,1962,1872,-100,-280
3.4654,1962,1872,-100,-280
3.4658,1962,1872,-100,-288
3.4662,1962,1872,-100,-288
3.4666,1962,1872,-100,-288
3.4669,1962,1873,-100,-288
3.4674,1962,1873,-100,-288
3.4678,1962,1873,-100,-296
3.4681,1962,1873,-100,-296
3.4685,1962,1873,-100,-296
3.4689,1962,1874,-100,-304
3.4693,1962,1874,-100,-304
3.4697,1962,1874,-100,-312
3.4700,1981,1874,-100,-312
3.4708,1981,1875,-100,-312
3.4712,1981,1875,-100,-312
3.4715,1981,1875,-100,-312
3.4719,1981,1875,-100,-328
3.4724,1981,1875,-100,-328
3.4727,1981,1876,-100,-328
3.4731,1981,1876,-100,-328
3.4735,1981,1876,-100,-328
3.4739,1981,1876,-100,-336
3.4743,1981,1876,-100,-336
3.4747,1981,1877,-100,-344
3.4751,1981,1877,-100,-344
3.4755,1981,1877,-100,-344
3.4758,1981,1877,-100,-352
3.4762,1981,1877,-100,-352
3.4766,1981,1878,-100,-352
3.4771,1981,1878,-100,-352
3.4774,1981,1878,-100,-352
3.4778,1981,1879,-100,-360
3.4782,1981,1879,-100,-360
3.4786,1981,1879,-100,-360
3.4789,1981,1879,-100,-364
3.4793,1981,1879,-100,-364
3.4797,1981,1880,-100,-372
3.4800,2002,1880,-100,-372
3.4808,2002,1880,400,-380
3.4812,2002,1880,400,-380
3.4815,2002,1880,400,-380
3.4819,2002,1881,400,-388
3.4822,2002,1881,400,-388
3.4826,2002,1882,400,-388
3.4830,2002,1882,400,-388
3.4834,2002,1882,400,-388
3.4838,2002,1883,400,-396
3.4841,2002,1883,400,-396
3.4845,2002,1883,400,-396
3.4849,2002,1884,400,-404
3.4853,2002,1884,400,-404
3.4856,2002,1885,400,-404
3.4860,2002,1885,400,-404
3.4864,2002,1885,400,-404
3.4868,2002,1886,400,-412
3.4872,2002,1886,400,-412
3.4875,2002,1886,400,-412
3.4879,2002,1886,400,-428
3.4883,2002,1886,400,-428
3.4887,2002,1887,400,-428
3.4890,2002,1887,400,-428
3.4894,2002,1887,400,-428
3.4898,2002,1888,400,-436
3.4902,2023,1888,400,-436
3.4909,2023,1889,400,-444
3.4913,2023,1889,400,-444
3.4917,2023,1890,400,-452
3.4921,2023,1890,400,-452
3.4925,2023,1890,400,-452
3.4929,2023,1891,400,-460
3.4932,2023,1891,400,-460
3.4936,2023,1892,400,-460
3.4940,2023,1892,400,-460
3.4944,2023,1892,400,-460
3.4948,2023,1893,400,-468
3.4951,2023,1893,400,-468
3.4955,2023,1894,400,-476
3.4959,2023,1894,400,-476
3.4963,2023,1894,400,-476
3.4967,2023,1895,400,-484
3.4971,2023,1895,400,-484
3.4974,2023,1895,400,-484
3.4978,2023,1896,400,-492
3.4982,2023,1896,400,-492
3.4985,2023,1898,400,-488
3.4989,2023,1898,400,-488
3.4994,2023,1898,400,-488
3.4997,2023,1899,400,-496
3.5001,2044,1899,400,-496
3.5008,2044,1900,1000,-504
3.5011,2044,1900,1000,-504
3.5015,2044,1901,1000,-512
3.5019,2044,1901,1000,-512
3.5023,2044,1901,1000,-512
3.5026,2044,1902,1000,-520
3.5030,2044,1902,1000,-520
3.5034,2044,1902,1000,-520
3.5037,2044,1903,1000,-528
3.5041,2044,1903,1000,-528
3.5045,2044,1905,1000,-528
3.5048,2044,1905,1000,-528
3.5052,2044,1905,1000,-528
3.5056,2044,1906,1000,-536
3.5060,2044,1906,1000,-536
3.5064,2044,1906,1000,-536
3.5068,2044,1907,1000,-544
3.5071,2044,1907,1000,-544
3.5075,2044,1908,1000,-552
3.5079,2044,1908,1000,-552
3.5084,2044,1908,1000,-552
3.5088,2044,1910,1000,-552
3.5091,2044,1910,1000,-552
3.5095,2044,1911,1000,-560
3.5099,2044,1911,1000,-560
3.5104,2066,1913,1000,-560
3.5111,2066,1913,1000,-560
3.5115,2066,1914,1000,-568
3.5118,2066,1914,1000,-568
3.5122,2066,1914,1000,-568
3.5126,2066,1915,1000,-576
3.5130,2066,1915,1000,-576
3.5133,2066,1915,1000,-576
3.5137,2066,1917,1000,-576
3.5141,2066,1917,1000,-576
3.5145,2066,1918,1000,-584
3.5149,2066,1918,1000,-584
3.5153,2066,1918,1000,-584
3.5156,2066,1920,1000,-584
3.5160,2066,1920,1000,-584
3.5164,2066,1920,1000,-584
3.5167,2066,1921,1000,-592
3.5171,2066,1921,1000,-592
3.5175,2066,1923,1000,-592
3.5179,2066,1923,1000,-592
3.5182,2066,1923,1000,-592
3.5186,2066,1924,1000,-592
3.5190,2066,1924,1000,-592
3.5194,2066,1924,1000,-592
3.5198,2066,1926,1000,-592
3.5201,2087,1927,1350,-600
3.5209,2087,1927,1350,-600
3.5212,2087,1927,1350,-600
3.5216,2087,1929,1350,-600
3.5220,2087,1929,1350,-600
3.5224,2087,1931,1350,-600
3.5228,2087,1931,1350,-600
3.5231,2087,1931,1350,-600
3.5235,2087,1932,1350,-608
3.5239,2087,1932,1350,-608
3.5242,2087,1932,1350,-608
3.5246,2087,1934,1350,-608
3.5250,2087,1934,1350,-608
3.5254,2087,1935,1350,-616
3.5258,2087,1935,1350,-616
3.5262,2087,1935,1350,-616
3.5265,2087,1937,1350,-616
3.5269,2087,1937,1350,-616
3.5274,2087,1939,1350,-616
3.5277,2087,1939,1350,-616
3.5281,2087,1939,1350,-616
3.5285,2087,1941,1350,-616
3.5289,2087,1941,1350,-616
3.5293,2087,1941,1350,-616
3.5296,2087,1942,1350,-624
3.5300,2107,1944,1350,-624
3.5307,2107,1944,1350,-624
3.5311,2107,1944,1350,-624
3.5315,2107,1946,1350,-624
3.5318,2107,1946,1350,-624
3.5322,2107,1946,1350,-624
3.5327,2107,1948,1350,-624
3.5330,2107,1948,1350,-624
3.5334,2107,1949,1350,-632
3.5338,2107,1949,1350,-632
3.5341,2107,1949,1350,-632
3.5345,2107,1951,1350,-632
3.5349,2107,1951,1350,-632
3.5354,2107,1953,1350,-632
3.5358,2107,1953,1350,-632
3.5361,2107,1953,1350,-632
3.5365,2107,1955,1350,-632
3.5369,2107,1955,1350,-632
3.5373,2107,1955,1350,-632
3.5377,2107,1957,1350,-632
3.5381,2107,1957,1350,-632
3.5384,2107,1959,1350,-596
3.5388,2107,1959,1350,-596
3.5392,2107,1959,1350,-596
3.5396,2107,1961,1350,-596
3.5400,2126,1963,1800,-596
3.5407,2126,1963,1800,-596
3.5411,2126,1963,1800,-596
3.5415,2126,1965,1800,-596
3.5419,2126,1965,1800,-596
3.5423,2126,1967,1800,-596
3.5427,2126,1967,1800,-596
3.5431,2126,1967,1800,-596
3.5434,2126,1969,1800,-604
3.5438,2126,1969,1800,-604
3.5441,2126,1969,1800,-604
3.5445,2126,1971,1800,-604
3.5448,2126,1971,1800,-604
3.5452,2126,1971,1800,-604
3.5456,2126,1972,1800,-612
3.5460,2126,1972,1800,-612
3.5464,2126,1974,1800,-612
3.5468,2126,1974,1800,-612
3.5471,2126,1974,1800,-612
3.5475,2126,1976,1800,-612
3.5479,2126,1976,1800,-612
3.5483,2126,1978,1800,-612
3.5487,2126,1978,1800,-612
3.5490,2126,1978,1800,-612
3.5494,2126,1980,1800,-612
3.5498,2126,1980,1800,-612
3.5502,2145,1982,1800,-612
3.5509,2145,1982,1800,-612
3.5514,2145,1984,1800,-612
3.5518,2145,1984,1800,-612
3.5521,2145,1984,1800,-612
3.5525,2145,1986,1800,-604
3.5529,2145,1986,1800,-604
3.5533,2145,1988,1800,-612
3.5536,2145,1988,1800,-612
3.5540,2145,1988,1800,-612
3.5544,2145,1990,1800,-612
3.5548,2145,1990,1800,-612
3.5551,2145,1990,1800,-612
3.5555,2145,1992,1800,-612
3.5559,2145,1992,1800,-612
3.5564,2145,1994,1800,-612
3.5568,2145,1994,1800,-612
3.5571,2145,1994,1800,-612
3.5575,2145,1996,1800,-612
3.5579,2145,1996,1800,-612
3.5584,2145,1998,1800,-600
3.5588,2145,1998,1800,-600
3.5592,2145,1998,1800,-600
3.5596,2145,2000,1800,-600
3.5599,2145,2000,1800,-600
3.5604,2161,2002,1950,-592
3.5611,2161,2002,1950,-592
3.5615,2161,2004,1950,-592
3.5619,2161,2004,1950,-592
3.5623,2161,2006,1950,-592
3.5627,2161,2006,1950,-592
3.5631,2161,2006,1950,-592
3.5634,2161,2008,1950,-592
3.5638,2161,2008,1950,-592
3.5642,2161,2010,1950,-592
3.5646,2161,2010,1950,-592
3.5650,2161,2010,1950,-592
3.5654,2161,2012,1950,-592
3.5658,2161,2012,1950,-592
3.5661,2161,2012,1950,-592
3.5665,2161,2014,1950,-592
3.5669,2161,2014,1950,-592
3.5674,2161,2016,1950,-592
3.5678,2161,2016,1950,-592
3.5682,2161,2018,1950,-592
3.5685,2161,2018,1950,-592
3.5689,2161,2018,1950,-592
3.5694,2161,2020,1950,-592
3.5698,2161,2020,1950,-592
3.5701,2176,2022,1950,-592
3.5708,2176,2022,1950,-592
3.5712,2176,2024,1950,-592
3.5716,2176,2024,1950,-592
3.5720,2176,2024,1950,-592
3.5724,2176,2027,1950,-584
3.5728,2176,2027,1950,-584
3.5732,2176,2028,1950,-592
3.5736,2176,2028,1950,-592
3.5740,2176,2028,1950,-592
3.5744,2176,2031,1950,-584
3.5748,2176,2031,1950,-584
3.5752,2176,2033,1950,-584
3.5755,2176,2033,1950,-584
3.5759,2176,2033,1950,-584
3.5764,2176,2035,1950,-584
3.5768,2176,2035,1950,-584
3.5771,2176,2037,1950,-584
3.5775,2176,2037,1950,-584
3.5779,2176,2037,1950,-584
3.5784,2176,2039,1950,-568
3.5788,2176,2039,1950,-568
3.5791,2176,2041,1950,-560
3.5795,2176,2041,1950,-560
3.5799,2176,2041,1950,-560
3.5803,2188,2043,2050,-560
3.5810,2188,2043,2050,-560
3.5814,2188,2045,2050,-560
3.5817,2188,2045,2050,-560
3.5821,2188,2047,2050,-560
3.5825,2188,2047,2050,-560
3.5829,2188,2047,2050,-560
3.5833,2188,2049,2050,-560
3.5836,2188,2049,2050,-560
3.5840,2188,2049,2050,-560
3.5844,2188,2051,2050,-560
3.5848,2188,2051,2050,-560
3.5852,2188,2054,2050,-552
3.5856,2188,2054,2050,-552
3.5860,2188,2054,2050,-552
3.5863,2188,2056,2050,-544
3.5867,2188,2056,2050,-544
3.5871,2188,2058,2050,-544
3.5874,2188,2058,2050,-544
3.5878,2188,2058,2050,-544
3.5882,2188,2060,2050,-544
3.5885,2188,2060,2050,-544
3.5889,2188,2060,2050,-544
3.5893,2188,2062,2050,-544
3.5896,2188,2062,2050,-544
3.5900,2198,2064,2050,-536
3.5908,2198,2064,2050,-536
3.5911,2198,2066,2050,-536
3.5915,2198,2066,2050,-536
3.5919,2198,2066,2050,-536
3.5922,2198,2068,2050,-536
3.5926,2198,2068,2050,-536
3.5930,2198,2068,2050,-536
3.5934,2198,2070,2050,-536
3.5938,2198,2070,2050,-536
3.5941,2198,2072,2050,-536
3.5945,2198,2072,2050,-536
3.5949,2198,2072,2050,-536
3.5953,2198,2074,2050,-528
3.5957,2198,2074,2050,-528
3.5961,2198,2076,2050,-528
3.5965,2198,2076,2050,-528
3.5968,2198,2076,2050,-528
3.5972,2198,2078,2050,-528
3.5976,2198,2078,2050,-528
3.5979,2198,2078,2050,-528
3.5984,2198,2080,2050,-504
3.5987,2198,2080,2050,-504
3.5991,2198,2082,2050,-504
3.5995,2198,2082,2050,-504
3.5999,2198,2082,2050,-504
3.6003,2206,2084,2050,-504
3.6010,2206,2086,2050,-496
3.6014,2206,2086,2050,-496
3.6018,2206,2086,2050,-496
3.6022,2206,2088,2050,-496
3.6026,2206,2088,2050,-496
3.6029,2206,2088,2050,-496
3.6034,2206,2090,2050,-496
3.6038,2206,2090,2050,-496
3.6041,2206,2092,2050,-488
3.6045,2206,2092,2050,-488
3.6049,2206,2092,2050,-488
3.6053,2206,2094,2050,-488
3.6057,2206,2094,2050,-488
3.6060,2206,2096,2050,-488
3.6064,2206,2096,2050,-488
3.6068,2206,2096,2050,-488
3.6072,2206,2098,2050,-480
3.6075,2206,2098,2050,-480
3.6079,2206,2098,2050,-480
3.6084,2206,2100,2050,-480
3.6088,2206,2100,2050,-480
3.6091,2206,2102,2050,-472
3.6095,2206,2102,2050,-472
3.6099,2206,2102,2050,-472
3.6104,2212,2104,2050,-472
3.6111,2212,2105,2050,-472
3.6115,2212,2105,2050,-472
3.6118,2212,2105,2050,-472
3.6122,2212,2107,2050,-472
3.6125,2212,2107,2050,-472
3.6129,2212,2107,2050,-472
3.6133,2212,2109,2050,-464
3.6137,2212,2109,2050,-464
3.6140,2212,2111,2050,-464
3.6144,2212,2111,2050,-464
3.6148,2212,2111,2050,-464
3.6152,2212,2113,2050,-456
3.6156,2212,2113,2050,-456
3.6159,2212,2115,2050,-448
3.6164,2212,2115,2050,-448
3.6168,2212,2115,2050,-448
3.6172,2212,2117,2050,-448
3.6175,2212,2117,2050,-448
3.6179,2212,2118,2050,-444
3.6184,2212,2118,2050,-444
3.6187,2212,2118,2050,-444
3.6191,2212,2120,2050,-444
3.6195,2212,2120,2050,-444
3.6199,2212,2122,1900,-436
3.6204,2214,2122,1900,-436
3.6211,2214,2124,1900,-428
3.6215,2214,2124,1900,-428
3.6219,2214,2124,1900,-428
3.6223,2214,2126,1900,-420
3.6226,2214,2126,1900,-420
3.6230,2214,2128,1900,-420
3.6234,2214,2128,1900,-420
3.6238,2214,2128,1900,-420
3.6241,2214,2130,1900,-412
3.6245,2214,2130,1900,-412
3.6249,2214,2130,1900,-412
3.6252,2214,2131,1900,-412
3.6256,2214,2131,1900,-412
3.6260,2214,2133,1900,-404
3.6264,2214,2133,1900,-404
3.6268,2214,2133,1900,-404
3.6272,2214,2135,1900,-404
3.6276,2214,2135,1900,-404
3.6280,2214,2137,1900,-396
3.6283,2214,2137,1900,-396
3.6287,2214,2137,1900,-396
3.6291,2214,2139,1900,-388
3.6295,2214,2139,1900,-388
3.6299,2214,2140,1900,-388
3.6303,2214,2140,1900,-388
3.6310,2214,2142,1900,-380
3.6314,2214,2142,1900,-380
3.6318,2214,2144,1900,-372
3.6322,2214,2144,1900,-372
3.6326,2214,2144,1900,-372
3.6330,2214,2145,1900,-372
3.6334,2214,2145,1900,-372
3.6337,2214,2145,1900,-372
3.6341,2214,2147,1900,-364
3.6345,2214,2147,1900,-364
3.6349,2214,2149,1900,-356
3.6352,2214,2149,1900,-356
3.6356,2214,2149,1900,-356
3.6360,2214,2151,1900,-348
3.6364,2214,2151,1900,-348
3.6368,2214,2151,1900,-348
3.6372,2214,2152,1900,-348
3.6375,2214,2152,1900,-348
3.6379,2214,2154,1900,-316
3.6383,2214,2154,1900,-316
3.6387,2214,2154,1900,-316
3.6391,2214,2156,1900,-308
3.6395,2214,2156,1900,-308
3.6399,2214,2157,1750,-308
3.6402,2212,2157,1750,-308
3.6410,2212,2159,1750,-300
3.6414,2212,2159,1750,-300
3.6418,2212,2159,1750,-300
3.6422,2212,2161,1750,-292
3.6426,2212,2161,1750,-292
3.6429,2212,2162,1750,-284
3.6434,2212,2162,1750,-284
3.6437,2212,2162,1750,-284
3.6441,2212,2163,1750,-284
3.6444,2212,2163,1750,-284
3.6448,2212,2165,1750,-276
3.6452,2212,2165,1750,-276
3.6456,2212,2165,1750,-276
3.6459,2212,2166,1750,-276
3.6464,2212,2166,1750,-276
3.6468,2212,2166,1750,-276
3.6471,2212,2168,1750,-260
3.6475,2212,2168,1750,-260
3.6478,2212,2169,1750,-260
3.6482,2212,2169,1750,-260
3.6485,2212,2169,1750,-260
3.6489,2212,2171,1750,-244
3.6493,2212,2171,1750,-244
3.6497,2212,2171,1750,-244
3.6501,2206,2172,1750,-244
3.6507,2206,2172,1750,-244
3.6511,2206,2174,1750,-236
3.6515,2206,2174,1750,-236
3.6518,2206,2175,1750,-228
3.6522,2206,2175,1750,-228
3.6526,2206,2175,1750,-228
3.6530,2206,2176,1750,-228
3.6534,2206,2176,1750,-228
3.6538,2206,2178,1750,-212
3.6542,2206,2178,1750,-212
3.6546,2206,2178,1750,-212
3.6549,2206,2180,1750,-204
3.6554,2206,2180,1750,-204
3.6558,2206,2181,1750,-196
3.6562,2206,2181,1750,-196
3.6565,2206,2181,1750,-196
3.6569,2206,2182,1750,-196
3.6574,2206,2182,1750,-196
3.6578,2206,2184,1750,-164
3.6581,2206,2184,1750,-164
3.6585,2206,2184,1750,-164
3.6589,2206,2185,1750,-156
3.6593,2206,2185,1750,-156
3.6596,2206,2185,1750,-156
3.6601,2198,2186,1450,-156
3.6607,2198,2187,1450,-148
3.6611,2198,2187,1450,-148
3.6615,2198,2187,1450,-148
3.6619,2198,2188,1450,-140
3.6622,2198,2188,1450,-140
3.6626,2198,2188,1450,-140
3.6630,2198,2189,1450,-140
3.6634,2198,2189,1450,-140
3.6638,2198,2190,1450,-132
3.6642,2198,2190,1450,-132
3.6646,2198,2190,1450,-132
3.6649,2198,2192,1450,-116
3.6654,2198,2192,1450,-116
3.6658,2198,2193,1450,-108
3.6661,2198,2193,1450,-108
3.6666,2198,2193,1450,-108
3.6669,2198,2194,1450,-108
3.6674,2198,2194,1450,-108
3.6678,2198,2195,1450,-100
3.6681,2198,2195,1450,-100
3.6685,2198,2195,1450,-100
3.6689,2198,2196,1450,-92
3.6693,2198,2196,1450,-92
3.6697,2198,2197,1450,-84
3.6700,2188,2197,1450,-84
3.6707,2188,2198,1450,-76
3.6711,2188,2198,1450,-76
3.6715,2188,2198,1450,-76
3.6718,2188,2199,1450,-68
3.6722,2188,2199,1450,-68
3.6726,2188,2199,1450,-68
3.6730,2188,2200,1450,-60
3.6734,2188,2200,1450,-60
3.6738,2188,2201,1450,-52
3.6742,2188,2201,1450,-52
3.6745,2188,2201,1450,-52
3.6749,2188,2202,1450,-44
3.6753,2188,2202,1450,-44
3.6756,2188,2203,1450,-36
3.6760,2188,2203,1450,-36
3.6764,2188,2203,1450,-36
3.6768,2188,2204,1450,-28
3.6772,2188,2204,1450,-28
3.6775,2188,2204,1450,-28
3.6779,2188,2204,1450,0
3.6784,2188,2204,1450,0
3.6787,2188,2205,1450,24
3.6791,2188,2205,1450,24
3.6795,2188,2205,1450,24
3.6798,2188,2206,1000,32
3.6802,2175,2206,1000,32
3.6808,2175,2206,1000,32
3.6812,2175,2206,1000,32
3.6816,2175,2206,1000,32
3.6820,2175,2207,1000,48
3.6824,2175,2207,1000,48
3.6827,2175,2208,1000,56
3.6831,2175,2208,1000,56
3.6835,2175,2208,1000,56
3.6838,2175,2208,1000,56
3.6842,2175,2208,1000,56
3.6846,2175,2209,1000,72
3.6850,2175,2209,1000,72
3.6854,2175,2209,1000,72
3.6858,2175,2209,1000,72
3.6861,2175,2209,1000,72
3.6865,2175,2209,1000,72
3.6869,2175,2210,1000,80
3.6873,2175,2210,1000,80
3.6876,2175,2211,1000,88
3.6880,2175,2211,1000,88
3.6884,2175,2211,1000,88
3.6887,2175,2211,1000,88
3.6891,2175,2211,1000,88
3.6895,2175,2211,1000,88
3.6899,2175,2211,1000,88
3.6902,2160,2211,1000,88
3.6910,2160,2211,1000,88
3.6914,2160,2211,1000,88
3.6918,2160,2212,1000,104
3.6921,2160,2212,1000,104
3.6925,2160,2212,1000,104
3.6928,2160,2212,1000,104
3.6932,2160,2212,1000,104
3.6936,2160,2212,1000,112
3.6940,2160,2212,1000,112
3.6944,2160,2212,1000,112
3.6948,2160,2213,1000,128
3.6952,2160,2213,1000,128
3.6955,2160,2213,1000,128
3.6959,2160,2213,1000,128
3.6963,2160,2213,1000,128
3.6967,2160,2213,1000,136
3.6971,2160,2213,1000,136
3.6975,2160,2213,1000,136
3.6978,2160,2213,1000,136
3.6982,2160,2213,1000,136
3.6986,2160,2213,1000,136
3.6990,2160,2213,1000,136
3.6994,2160,2213,1000,136
3.6997,2160,2214,400,152
3.7001,2144,2214,400,152
3.7008,2144,2214,400,160
3.7012,2144,2214,400,160
3.7016,2144,2214,400,168
3.7019,2144,2214,400,168
3.7024,2144,2214,400,168
3.7027,2144,2214,400,168
3.7031,2144,2214,400,168
3.7034,2144,2214,400,168
3.7038,2144,2214,400,176
3.7042,2144,2214,400,176
3.7045,2144,2214,400,184
3.7049,2144,2214,400,184
3.7053,2144,2214,400,184
3.7057,2144,2214,400,192
3.7060,2144,2214,400,192
3.7064,2144,2214,400,192
3.7068,2144,2214,400,200
3.7072,2144,2214,400,200
3.7076,2144,2214,400,208
3.7080,2144,2214,400,208
3.7084,2144,2214,400,208
3.7088,2144,2214,400,216
3.7092,2144,2214,400,216
3.7095,2144,2214,400,224
3.7099,2144,2214,400,224
3.7104,2126,2214,400,232
3.7111,2126,2214,400,232
3.7115,2126,2214,400,240
3.7118,2126,2214,400,240
3.7122,2126,2214,400,240
3.7126,2126,2214,400,248
3.7130,2126,2214,400,248
3.7134,2126,2214,400,248
3.7138,2126,2214,400,256
3.7141,2126,2214,400,256
3.7145,2126,2214,400,264
3.7149,2126,2214,400,264
3.7154,2126,2214,400,264
3.7158,2126,2214,400,272
3.7161,2126,2214,400,272
3.7165,2126,2214,400,280
3.7168,2126,2214,400,280
3.7172,2126,2214,400,280
3.7176,2126,2214,400,312
3.7180,2126,2214,400,312
3.7184,2126,2214,400,312
3.7187,2126,2214,400,320
3.7191,2126,2214,400,320
3.7195,2126,2213,-50,320
3.7199,2126,2213,-50,320
3.7203,2106,2213,-50,328
3.7210,2106,2213,-50,328
3.7214,2106,2213,-50,328
3.7218,2106,2212,-50,336
3.7221,2106,2212,-50,336
3.7225,2106,2212,-50,344
3.7229,2106,2212,-50,344
3.7234,2106,2212,-50,344
3.7237,2106,2211,-50,344
3.7241,2106,2211,-50,344
3.7244,2106,2211,-50,360
3.7249,2106,2211,-50,360
3.7253,2106,2211,-50,360
3.7256,2106,2210,-50,360
3.7260,2106,2210,-50,360
3.7264,2106,2210,-50,368
3.7268,2106,2210,-50,368
3.7272,2106,2210,-50,368
3.7276,2106,2209,-50,376
3.7280,2106,2209,-50,376
3.7284,2106,2208,-50,376
3.7288,2106,2208,-50,376
3.7292,2106,2208,-50,376
3.7295,2106,2207,-50,384
3.7299,2106,2207,-50,384
3.7303,2086,2207,-50,392
3.7310,2086,2207,-50,392
3.7314,2086,2207,-50,392
3.7317,2086,2206,-50,400
3.7321,2086,2206,-50,400
3.7325,2086,2205,-50,408
3.7329,2086,2205,-50,408
3.7334,2086,2205,-50,416
3.7338,2086,2205,-50,416
3.7341,2086,2205,-50,416
3.7345,2086,2204,-50,424
3.7349,2086,2204,-50,424
3.7352,2086,2204,-50,424
3.7356,2086,2203,-50,424
3.7360,2086,2203,-50,424
3.7364,2086,2202,-50,432
3.7368,2086,2202,-50,432
3.7372,2086,2202,-50,432
3.7376,2086,2201,-50,424
3.7380,2086,2201,-50,424
3.7384,2086,2200,-50,424
3.7388,2086,2200,-50,424
3.7391,2086,2200,-50,424
3.7395,2086,2199,-700,432
3.7398,2086,2199,-700,432
3.7402,2065,2198,-700,440
3.7410,2065,2198,-700,440
3.7414,2065,2197,-700,448
3.7417,2065,2197,-700,448
3.7421,2065,2197,-700,448
3.7424,2065,2196,-700,456
3.7428,2065,2196,-700,456
3.7431,2065,2196,-700,456
3.7435,2065,2195,-700,464
3.7439,2065,2195,-700,464
3.7442,2065,2195,-700,464
3.7446,2065,2194,-700,464
3.7450,2065,2194,-700,464
3.7454,2065,2193,-700,472
3.7457,2065,2193,-700,472
3.7461,2065,2193,-700,472
3.7465,2065,2192,-700,480
3.7468,2065,2192,-700,480
3.7472,2065,2192,-700,480
3.7475,2065,2191,-700,488
3.7479,2065,2191,-700,488
3.7483,2065,2191,-700,488
3.7486,2065,2190,-700,496
3.7490,2065,2190,-700,496
3.7494,2065,2189,-700,504
3.7497,2065,2189,-700,504
3.7501,2044,2188,-700,512
3.7508,2044,2188,-700,512
3.7512,2044,2188,-700,512
3.7515,2044,2186,-700,512
3.7519,2044,2186,-700,512
3.7524,2044,2185,-700,520
3.7528,2044,2185,-700,520
3.7531,2044,2185,-700,520
3.7535,2044,2184,-700,528
3.7539,2044,2184,-700,528
3.7542,2044,2183,-700,536
3.7546,2044,2183,-700,536
3.7550,2044,2183,-700,536
3.7554,2044,2181,-700,536
3.7558,2044,2181,-700,536
3.7562,2044,2181,-700,536
3.7565,2044,2180,-700,544
3.7569,2044,2180,-700,544
3.7574,2044,2179,-700,552
3.7577,2044,2179,-700,552
3.7581,2044,2179,-700,552
3.7584,2044,2177,-700,552
3.7588,2044,2177,-700,552
3.7592,2044,2177,-700,552
3.7595,2044,2176,-1150,560
3.7599,2044,2176,-1150,560
3.7604,2022,2175,-1150,568
3.7611,2022,2175,-1150,568
3.7615,2022,2173,-1150,568
3.7618,2022,2173,-1150,568
3.7622,2022,2173,-1150,568
3.7626,2022,2172,-1150,576
3.7629,2022,2172,-1150,576
3.7634,2022,2170,-1150,576
3.7638,2022,2170,-1150,576
3.7641,2022,2170,-1150,576
3.7645,2022,2169,-1150,584
3.7649,2022,2169,-1150,584
3.7653,2022,2168,-1150,592
3.7657,2022,2168,-1150,592
3.7661,2022,2168,-1150,592
3.7665,2022,2166,-1150,592
3.7668,2022,2166,-1150,592
3.7672,2022,2166,-1150,592
3.7675,2022,2164,-1150,592
3.7679,2022,2164,-1150,592
3.7683,2022,2163,-1150,600
3.7687,2022,2163,-1150,600
3.7690,2022,2163,-1150,600
3.7694,2022,2161,-1150,600
3.7698,2022,2161,-1150,600
3.7702,2001,2160,-1150,608
3.7708,2001,2160,-1150,608
3.7712,2001,2158,-1150,608
3.7716,2001,2158,-1150,608
3.7720,2001,2158,-1150,608
3.7724,2001,2156,-1150,608
3.7727,2001,2156,-1150,608
3.7731,2001,2156,-1150,608
3.7735,2001,2155,-1150,616
3.7738,2001,2155,-1150,616
3.7742,2001,2153,-1150,616
3.7745,2001,2153,-1150,616
3.7749,2001,2153,-1150,616
3.7753,2001,2151,-1150,616
3.7757,2001,2151,-1150,616
3.7762,2001,2149,-1150,616
3.7765,2001,2149,-1150,616
3.7769,2001,2149,-1150,616
3.7773,2001,2148,-1150,596
3.7777,2001,2148,-1150,596
3.7780,2001,2148,-1150,596
3.7784,2001,2146,-1150,596
3.7788,2001,2146,-1150,596
3.7792,2001,2144,-1600,596
3.7796,2001,2144,-1600,596
3.7800,2001,2144,-1600,596
3.7804,1980,2143,-1600,604
3.7811,1980,2141,-1600,604
3.7815,1980,2141,-1600,604
3.7819,1980,2141,-1600,604
3.7823,1980,2139,-1600,604
3.7826,1980,2139,-1600,604
3.7830,1980,2139,-1600,604
3.7833,1980,2137,-1600,604
3.7837,1980,2137,-1600,604
3.7841,1980,2137,-1600,604
3.7845,1980,2135,-1600,604
3.7848,1980,2135,-1600,604
3.7852,1980,2133,-1600,604
3.7855,1980,2133,-1600,604
3.7859,1980,2133,-1600,604
3.7864,1980,2131,-1600,604
3.7867,1980,2131,-1600,604
3.7871,1980,2130,-1600,620
3.7875,1980,2130,-1600,620
3.7878,1980,2130,-1600,620
3.7882,1980,2128,-1600,620
3.7886,1980,2128,-1600,620
3.7890,1980,2128,-1600,620
3.7894,1980,2126,-1600,620
3.7897,1980,2126,-1600,620
3.7901,1962,2124,-1600,620
3.7908,1962,2124,-1600,620
3.7912,1962,2122,-1600,620
3.7915,1962,2122,-1600,620
3.7919,1962,2122,-1600,620
3.7922,1962,2120,-1600,620
3.7926,1962,2120,-1600,620
3.7930,1962,2120,-1600,620
3.7933,1962,2118,-1600,620
3.7937,1962,2118,-1600,620
3.7941,1962,2116,-1600,620
3.7944,1962,2116,-1600,620
3.7948,1962,2116,-1600,620
3.7951,1962,2114,-1600,620
3.7955,1962,2114,-1600,620
3.7958,1962,2114,-1600,620
3.7962,1962,2112,-1600,620
3.7965,1962,2112,-1600,620
3.7969,1962,2112,-1600,620
3.7973,1962,2110,-1600,596
3.7977,1962,2110,-1600,596
3.7981,1962,2108,-1600,596
3.7984,1962,2108,-1600,596
3.7988,1962,2108,-1600,596
3.7991,1962,2106,-1900,596
3.7995,1962,2106,-1900,596
3.7999,1962,2106,-1900,596
3.8002,1943,2104,-1900,596
3.8009,1943,2104,-1900,596
3.8014,1943,2102,-1900,596
3.8017,1943,2102,-1900,596
3.8021,1943,2100,-1900,596
3.8025,1943,2100,-1900,596
3.8028,1943,2100,-1900,596
3.8032,1943,2099,-1900,604
3.8036,1943,2099,-1900,604
3.8040,1943,2099,-1900,604
3.8044,1943,2097,-1900,604
3.8047,1943,2097,-1900,604
3.8051,1943,2095,-1900,604
3.8055,1943,2095,-1900,604
3.8059,1943,2095,-1900,604
3.8063,1943,2092,-1900,596
3.8066,1943,2092,-1900,596
3.8070,1943,2090,-1900,596
3.8074,1943,2090,-1900,596
3.8077,1943,2090,-1900,596
3.8081,1943,2088,-1900,596
3.8085,1943,2088,-1900,596
3.8088,1943,2088,-1900,596
3.8092,1943,2086,-1900,596
3.8095,1943,2086,-1900,596
3.8099,1943,2086,-1900,596
3.8102,1927,2084,-1900,596
3.8109,1927,2084,-1900,596
3.8114,1927,2083,-1900,604
3.8117,1927,2083,-1900,604
3.8121,1927,2080,-1900,596
3.8125,1927,2080,-1900,596
3.8128,1927,2080,-1900,596
3.8132,1927,2078,-1900,596
3.8136,1927,2078,-1900,596
3.8140,1927,2076,-1900,596
3.8143,1927,2076,-1900,596
3.8147,1927,2076,-1900,596
3.8151,1927,2074,-1900,596
3.8155,1927,2074,-1900,596
3.8159,1927,2074,-1900,596
3.8162,1927,2072,-1900,596
3.8166,1927,2072,-1900,596
3.8170,1927,2070,-1900,584
3.8174,1927,2070,-1900,584
3.8178,1927,2070,-1900,584
3.8182,1927,2068,-1900,576
3.8185,1927,2068,-1900,576
3.8189,1927,2066,-2000,576
3.8194,1927,2066,-2000,576
3.8198,1927,2066,-2000,576
3.8201,1912,2064,-2000,576
3.8208,1912,2064,-2000,576
3.8212,1912,2062,-2000,576
3.8215,1912,2062,-2000,576
3.8219,1912,2060,-2000,576
3.8224,1912,2060,-2000,576
3.8228,1912,2060,-2000,576
3.8231,1912,2058,-2000,576
3.8235,1912,2058,-2000,576
3.8239,1912,2058,-2000,576
3.8243,1912,2056,-2000,576
3.8246,1912,2056,-2000,576
3.8250,1912,2054,-2000,576
3.8254,1912,2054,-2000,576
3.8258,1912,2054,-2000,576
3.8261,1912,2051,-2000,568
3.8265,1912,2051,-2000,568
3.8269,1912,2050,-2000,576
3.8274,1912,2050,-2000,576
3.8278,1912,2050,-2000,576
3.8282,1912,2048,-2000,576
3.8285,1912,2048,-2000,576
3.8289,1912,2046,-2000,576
3.8293,1912,2046,-2000,576
3.8296,1912,2046,-2000,576
3.8300,1900,2043,-2000,560
3.8307,1900,2043,-2000,560
3.8311,1900,2041,-2000,560
3.8315,1900,2041,-2000,560
3.8319,1900,2039,-2000,560
3.8324,1900,2039,-2000,560
3.8327,1900,2039,-2000,560
3.8331,1900,2037,-2000,560
3.8335,1900,2037,-2000,560
3.8338,1900,2037,-2000,560
3.8342,1900,2035,-2000,560
3.8346,1900,2035,-2000,560
3.8349,1900,2033,-2000,560
3.8353,1900,2033,-2000,560
3.8357,1900,2033,-2000,560
3.8360,1900,2031,-2000,560
3.8364,1900,2031,-2000,560
3.8368,1900,2031,-2000,560
3.8372,1900,2029,-2000,536
3.8375,1900,2029,-2000,536
3.8379,1900,2027,-2000,536
3.8383,1900,2027,-2000,536
3.8387,1900,2027,-2000,536
3.8390,1900,2025,-2050,536
3.8394,1900,2025,-2050,536
3.8398,1900,2025,-2050,536
3.8402,1889,2023,-2050,536
3.8409,1889,2021,-2050,528
3.8414,1889,2021,-2050,528
3.8417,1889,2021,-2050,528
3.8421,1889,2019,-2050,528
3.8425,1889,2019,-2050,528
3.8429,1889,2017,-2050,528
3.8433,1889,2017,-2050,528
3.8436,1889,2017,-2050,528
3.8440,1889,2015,-2050,528
3.8444,1889,2015,-2050,528
3.8448,1889,2012,-2050,512
3.8452,1889,2012,-2050,512
3.8455,1889,2012,-2050,512
3.8459,1889,2010,-2050,512
3.8464,1889,2010,-2050,512
3.8467,1889,2010,-2050,512
3.8471,1889,2008,-2050,512
3.8475,1889,2008,-2050,512
3.8479,1889,2007,-2050,520
3.8483,1889,2007,-2050,520
3.8486,1889,2007,-2050,520
3.8490,1889,2005,-2050,512
3.8493,1889,2005,-2050,512
3.8497,1889,2005,-2050,512
3.8501,1882,2002,-2050,504
3.8508,1882,2002,-2050,504
3.8511,1882,2001,-2050,504
3.8515,1882,2001,-2050,504
3.8518,1882,1999,-2050,504
3.8522,1882,1999,-2050,504
3.8525,1882,1999,-2050,504
3.8529,1882,1997,-2050,504
3.8534,1882,1997,-2050,504
3.8537,1882,1997,-2050,504
3.8541,1882,1995,-2050,496
3.8545,1882,1995,-2050,496
3.8548,1882,1993,-2050,496
3.8552,1882,1993,-2050,496
3.8556,1882,1993,-2050,496
3.8560,1882,1991,-2050,496
3.8563,1882,1991,-2050,496
3.8567,1882,1991,-2050,496
3.8571,1882,1989,-2050,480
3.8575,1882,1989,-2050,480
3.8578,1882,1987,-2050,480
3.8582,1882,1987,-2050,480
3.8586,1882,1987,-2050,480
3.8589,1882,1985,-2000,472
3.8594,1882,1985,-2000,472
3.8597,1882,1984,-2000,480
3.8601,1876,1984,-2000,480
3.8608,1876,1981,-2000,464
3.8611,1876,1981,-2000,464
3.8615,1876,1981,-2000,464
3.8618,1876,1980,-2000,472
3.8622,1876,1980,-2000,472
3.8626,1876,1980,-2000,472
3.8629,1876,1978,-2000,464
3.8634,1876,1978,-2000,464
3.8637,1876,1976,-2000,464
3.8641,1876,1976,-2000,464
3.8645,1876,1976,-2000,464
3.8649,1876,1974,-2000,456
3.8653,1876,1974,-2000,456
3.8656,1876,1974,-2000,456
3.8660,1876,1972,-2000,456
3.8664,1876,1972,-2000,456
3.8667,1876,1970,-2000,448
3.8671,1876,1970,-2000,448
3.8675,1876,1970,-2000,448
3.8679,1876,1969,-2000,448
3.8682,1876,1969,-2000,448
3.8686,1876,1969,-2000,448
3.8690,1876,1967,-2000,448
3.8694,1876,1967,-2000,448
3.8698,1876,1965,-2000,440
3.8702,1874,1965,-2000,440
3.8708,1874,1963,-2000,432
3.8712,1874,1963,-2000,432
3.8715,1874,1963,-2000,432
3.8719,1874,1961,-2000,432
3.8722,1874,1961,-2000,432
3.8726,1874,1961,-2000,432
3.8730,1874,1959,-2000,424
3.8734,1874,1959,-2000,424
3.8738,1874,1957,-2000,416
3.8741,1874,1957,-2000,416
3.8745,1874,1957,-2000,416
3.8749,1874,1956,-2000,416
3.8752,1874,1956,-2000,416
3.8756,1874,1956,-2000,416
3.8760,1874,1954,-2000,416
3.8763,1874,1954,-2000,416
3.8767,1874,1952,-2000,396
3.8771,1874,1952,-2000,396
3.8775,1874,1952,-2000,396
3.8779,1874,1950,-2000,388
3.8783,1874,1950,-2000,388
3.8786,1874,1950,-2000,388
3.8790,1874,1948,-1850,380
3.8794,1874,1948,-1850,380
3.8798,1874,1946,-1850,372
3.8802,1874,1946,-1850,372
3.8809,1874,1945,-1850,372
3.8813,1874,1945,-1850,372
3.8816,1874,1943,-1850,364
3.8820,1874,1943,-1850,364
3.8824,1874,1943,-1850,364
3.8828,1874,1941,-1850,356
3.8832,1874,1941,-1850,356
3.8836,1874,1941,-1850,356
3.8839,1874,1940,-1850,356
3.8844,1874,1940,-1850,356
3.8847,1874,1938,-1850,348
3.8851,1874,1938,-1850,348
3.8855,1874,1938,-1850,348
3.8859,1874,1936,-1850,340
3.8863,1874,1936,-1850,340
3.8866,1874,1935,-1850,340
3.8870,1874,1935,-1850,340
3.8874,1874,1935,-1850,340
3.8877,1874,1933,-1850,332
3.8881,1874,1933,-1850,332
3.8885,1874,1933,-1850,332
3.8889,1874,1931,-1850,324
3.8893,1874,1931,-1850,324
3.8896,1874,1930,-1850,324
3.8900,1876,1930,-1850,324
3.8907,1876,1928,-1850,316
3.8911,1876,1928,-1850,316
3.8914,1876,1928,-1850,316
3.8918,1876,1927,-1850,316
3.8922,1876,1927,-1850,316
3.8926,1876,1925,-1850,300
3.8930,1876,1925,-1850,300
3.8934,1876,1925,-1850,300
3.8938,1876,1923,-1850,292
3.8942,1876,1923,-1850,292
3.8945,1876,1923,-1850,292
3.8949,1876,1922,-1850,292
3.8953,1876,1922,-1850,292
3.8957,1876,1921,-1850,292
3.8960,1876,1921,-1850,292
3.8964,1876,1921,-1850,292
3.8968,1876,1919,-1850,252
3.8972,1876,1919,-1850,252
3.8976,1876,1918,-1850,252
3.8979,1876,1918,-1850,252
3.8984,1876,1918,-1850,252
3.8988,1876,1916,-1600,244
3.8991,1876,1916,-1600,244
3.8995,1876,1916,-1600,244
3.8998,1876,1915,-1600,236
3.9002,1882,1913,-1600,228
3.9009,1882,1913,-1600,228
3.9014,1882,1913,-1600,228
3.9017,1882,1912,-1600,220
3.9021,1882,1912,-1600,220
3.9025,1882,1912,-1600,220
3.9029,1882,1910,-1600,212
3.9032,1882,1910,-1600,212
3.9036,1882,1909,-1600,204
3.9040,1882,1909,-1600,204
3.9044,1882,1909,-1600,204
3.9048,1882,1908,-1600,204
3.9051,1882,1908,-1600,204
3.9055,1882,1907,-1600,196
3.9059,1882,1907,-1600,196
3.9064,1882,1907,-1600,196
3.9068,1882,1905,-1600,188
3.9071,1882,1905,-1600,188
3.9075,1882,1904,-1600,180
3.9079,1882,1904,-1600,180
3.9082,1882,1904,-1600,180
3.9086,1882,1902,-1600,172
3.9090,1882,1902,-1600,172
3.9094,1882,1902,-1600,172
3.9098,1882,1901,-1600,164
3.9102,1890,1900,-1600,156
3.9109,1890,1900,-1600,156
3.9114,1890,1900,-1600,156
3.9117,1890,1898,-1600,148
3.9121,1890,1898,-1600,148
3.9124,1890,1898,-1600,148
3.9128,1890,1897,-1600,140
3.9132,1890,1897,-1600,140
3.9136,1890,1896,-1600,132
3.9140,1890,1896,-1600,132
3.9144,1890,1896,-1600,132
3.9148,1890,1895,-1600,124
3.9152,1890,1895,-1600,124
3.9156,1890,1894,-1600,116
3.9160,1890,1894,-1600,116
3.9163,1890,1894,-1600,116
3.9167,1890,1893,-1600,108
3.9171,1890,1893,-1600,108
3.9175,1890,1892,-1600,100
3.9178,1890,1892,-1600,100
3.9182,1890,1892,-1600,100
3.9186,1890,1891,-1250,92
3.9190,1890,1891,-1250,92
3.9194,1890,1891,-1250,92
3.9198,1890,1890,-1250,84
3.9202,1900,1889,-1250,76
3.9209,1900,1889,-1250,76
3.9214,1900,1889,-1250,76
3.9217,1900,1888,-1250,68
3.9221,1900,1888,-1250,68
3.9225,1900,1887,-1250,60
3.9229,1900,1887,-1250,60
3.9232,1900,1887,-1250,60
3.9236,1900,1886,-1250,52
3.9240,1900,1886,-1250,52
3.9244,1900,1885,-1250,44
3.9248,1900,1885,-1250,44
3.9252,1900,1885,-1250,44
3.9256,1900,1884,-1250,36
3.9259,1900,1884,-1250,36
3.9264,1900,1884,-1250,36
3.9267,1900,1883,-1250,28
3.9271,1900,1883,-1250,28
3.9275,1900,1883,-1250,20
3.9279,1900,1883,-1250,20
3.9284,1900,1883,-1250,20
3.9288,1900,1882,-1250,-20
3.9291,1900,1882,-1250,-20
3.9295,1900,1881,-1250,-28
3.9299,1900,1881,-1250,-28
3.9304,1913,1880,-1250,-36
3.9311,1913,1880,-1250,-36
3.9315,1913,1880,-1250,-44
3.9319,1913,1880,-1250,-44
3.9322,1913,1880,-1250,-44
3.9326,1913,1879,-1250,-52
3.9330,1913,1879,-1250,-52
3.9334,1913,1878,-1250,-60
3.9338,1913,1878,-1250,-60
3.9342,1913,1878,-1250,-60
3.9346,1913,1878,-1250,-68
3.9350,1913,1878,-1250,-68
3.9354,1913,1877,-1250,-76
3.9358,1913,1877,-1250,-76
3.9361,1913,1877,-1250,-76
3.9365,1913,1876,-1250,-96
3.9369,1913,1876,-1250,-96
3.9374,1913,1876,-1250,-96
3.9378,1913,1876,-1250,-96
3.9381,1913,1876,-1250,-96
3.9385,1913,1875,-800,-96
3.9389,1913,1875,-800,-96
3.9394,1913,1875,-800,-104
3.9398,1913,1875,-800,-104
3.9401,1927,1874,-800,-112
3.9409,1927,1874,-800,-112
3.9413,1927,1874,-800,-112
3.9417,1927,1874,-800,-120
3.9420,1927,1874,-800,-120
3.9424,1927,1874,-800,-120
3.9428,1927,1874,-800,-120
3.9431,1927,1874,-800,-120
3.9435,1927,1874,-800,-128
3.9439,1927,1874,-800,-128
3.9444,1927,1873,-800,-136
3.9448,1927,1873,-800,-136
3.9451,1927,1873,-800,-136
3.9455,1927,1873,-800,-144
3.9459,1927,1873,-800,-144
3.9462,1927,1873,-800,-144
3.9466,1927,1873,-800,-152
3.9470,1927,1873,-800,-152
3.9474,1927,1873,-800,-152
3.9478,1927,1873,-800,-152
3.9482,1927,1873,-800,-152
3.9486,1927,1873,-800,-160
3.9490,1927,1873,-800,-160
3.9494,1927,1873,-800,-168
3.9498,1927,1873,-800,-168
3.9501,1944,1872,-800,-184
3.9509,1944,1872,-800,-184
3.9513,1944,1872,-800,-184
3.9517,1944,1872,-800,-184
3.9520,1944,1872,-800,-184
3.9524,1944,1872,-800,-192
3.9528,1944,1872,-800,-192
3.9531,1944,1872,-800,-192
3.9535,1944,1872,-800,-200
3.9539,1944,1872,-800,-200
3.9543,1944,1872,-800,-208
3.9546,1944,1872,-800,-208
3.9550,1944,1872,-800,-208
3.9554,1944,1872,-800,-216
3.9558,1944,1872,-800,-216
3.9561,1944,1872,-800,-216
3.9565,1944,1872,-800,-208
3.9569,1944,1872,-800,-208
3.9573,1944,1872,-800,-216
3.9576,1944,1872,-800,-216
3.9580,1944,1872,-800,-216
3.9584,1944,1872,-150,-224
3.9588,1944,1872,-150,-224
3.9592,1944,1872,-150,-232
3.9596,1944,1872,-150,-232
3.9600,1962,1872,-150,-240
3.9607,1962,1872,-150,-240
3.9611,1962,1872,-150,-240
3.9615,1962,1872,-150,-248
3.9619,1962,1872,-150,-248
3.9622,1962,1872,-150,-256
3.9626,1962,1872,-150,-256
3.9630,1962,1872,-150,-256
3.9634,1962,1872,-150,-264
3.9638,1962,1872,-150,-264
3.9641,1962,1872,-150,-264
3.9645,1962,1872,-150,-272
3.9649,1962,1872,-150,-272
3.9654,1962,1873,-150,-272
3.9658,1962,1873,-150,-272
3.9661,1962,1873,-150,-272
3.9665,1962,1873,-150,-280
3.9669,1962,1873,-150,-280
3.9674,1962,1873,-150,-288
3.9677,1962,1873,-150,-288
3.9681,1962,1873,-150,-288
3.9685,1962,1874,-150,-296
3.9689,1962,1874,-150,-296
3.9692,1962,1874,-150,-304
3.9696,1962,1874,-150,-304
3.9700,1962,1874,-150,-304
3.9704,1982,1875,-150,-304
3.9711,1982,1875,-150,-304
3.9715,1982,1875,-150,-320
3.9719,1982,1875,-150,-320
3.9722,1982,1876,-150,-320
3.9726,1982,1876,-150,-320
3.9730,1982,1876,-150,-320
3.9734,1982,1877,-150,-320
3.9738,1982,1877,-150,-320
3.9742,1982,1877,-150,-336
3.9746,1982,1877,-150,-336
3.9750,1982,1877,-150,-336
3.9754,1982,1878,-150,-336
3.9758,1982,1878,-150,-336
3.9762,1982,1878,-150,-348
3.9765,1982,1878,-150,-348
3.9769,1982,1878,-150,-348
3.9774,1982,1879,-150,-356
3.9778,1982,1879,-150,-356
3.9781,1982,1879,-150,-356
3.9785,1982,1879,350,-364
3.9789,1982,1879,350,-364
3.9794,1982,1880,350,-372
3.9798,1982,1880,350,-372
3.9801,2002,1881,350,-372
3.9809,2002,1881,350,-372
3.9813,2002,1881,350,-388
3.9817,2002,1881,350,-388
3.9820,2002,1881,350,-388
3.9824,2002,1882,350,-388
3.9828,2002,1882,350,-388
3.9832,2002,1883,350,-396
3.9836,2002,1883,350,-396
3.9840,2002,1883,350,-396
3.9844,2002,1884,350,-404
3.9847,2002,1884,350,-404
3.9851,2002,1885,350,-404
3.9855,2002,1885,350,-404
3.9859,2002,1885,350,-404
3.9863,2002,1886,350,-412
3.9866,2002,1886,350,-412
3.9870,2002,1886,350,-412
3.9874,2002,1886,350,-428
3.9878,2002,1886,350,-428
3.9882,2002,1887,350,-428
3.9886,2002,1887,350,-428
3.9890,2002,1887,350,-428
3.9894,2002,1888,350,-436
3.9897,2002,1888,350,-436
3.9901,2023,1889,350,-444
3.9908,2023,1889,350,-444
3.9912,2023,1890,350,-452
3.9916,2023,1890,350,-452
3.9920,2023,1890,350,-452
3.9924,2023,1891,350,-460
3.9928,2023,1891,350,-460
3.9932,2023,1892,350,-460
3.9936,2023,1892,350,-460
3.9939,2023,1892,350,-460
3.9943,2023,1893,350,-468
3.9946,2023,1893,350,-468
3.9950,2023,1893,350,-468
3.9953,2023,1894,350,-476
3.9957,2023,1894,350,-476
3.9961,2023,1895,350,-484
3.9965,2023,1895,350,-484
3.9969,2023,1895,350,-484
3.9973,2023,1896,350,-492
3.9977,2023,1896,350,-492
3.9981,2023,1898,950,-492
3.9984,2023,1898,950,-492
3.9988,2023,1898,950,-492
3.9992,2023,1899,950,-500
3.9996,2023,1899,950,-500
4.0000,2044,1900,950,-508
4.0008,2044,1900,950,-508
4.0012,2044,1901,950,-516
4.0015,2044,1901,950,-516
4.0019,2044,1901,950,-516
4.0023,2044,1902,950,-524
4.0027,2044,1902,950,-524
4.0031,2044,1903,950,-532
4.0034,2044,1903,950,-532
4.0038,2044,1903,950,-532
4.0042,2044,1905,950,-532
4.0047,2044,1905,950,-532
4.0050,2044,1906,950,-540
4.0054,2044,1906,950,-540
4.0058,2044,1906,950,-540
4.0062,2044,1907,950,-548
4.0066,2044,1907,950,-548
4.0070,2044,1908,950,-556
4.0074,2044,1908,950,-556
4.0078,2044,1908,950,-556
4.0082,2044,1910,950,-556
4.0085,2044,1910,950,-556
4.0089,2044,1910,950,-556
4.0094,2044,1911,950,-564
4.0098,2044,1911,950,-564
4.0101,2066,1913,950,-564
4.0108,2066,1913,950,-564
4.0112,2066,1914,950,-572
4.0116,2066,1914,950,-572
4.0120,2066,1915,950,-580
4.0124,2066,1915,950,-580
4.0128,2066,1915,950,-580
4.0132,2066,1917,950,-580
4.0136,2066,1917,950,-580
4.0140,2066,1918,950,-588
4.0144,2066,1918,950,-588
4.0148,2066,1918,950,-588
4.0151,2066,1920,950,-588
4.0155,2066,1920,950,-588
4.0159,2066,1920,950,-588
4.0164,2066,1921,950,-584
4.0168,2066,1921,950,-584
4.0171,2066,1923,950,-584
4.0175,2066,1923,950,-584
4.0179,2066,1923,950,-584
4.0184,2066,1924,1300,-592
4.0188,2066,1924,1300,-592
4.0191,2066,1926,1300,-592
4.0195,2066,1926,1300,-592
4.0199,2066,1927,1300,-600
4.0204,2087,1927,1300,-600
4.0211,2087,1929,1300,-600
4.0215,2087,1929,1300,-600
4.0219,2087,1929,1300,-600
4.0222,2087,1931,1300,-600
4.0226,2087,1931,1300,-600
4.0230,2087,1933,1300,-600
4.0234,2087,1933,1300,-600
4.0238,2087,1933,1300,-600
4.0242,2087,1934,1300,-608
4.0246,2087,1934,1300,-608
4.0249,2087,1936,1300,-608
4.0254,2087,1936,1300,-608
4.0257,2087,1936,1300,-608
4.0261,2087,1937,1300,-616
4.0265,2087,1937,1300,-616
4.0269,2087,1939,1300,-616
4.0274,2087,1939,1300,-616
4.0278,2087,1939,1300,-616
4.0282,2087,1941,1300,-616
4.0285,2087,1941,1300,-616
4.0289,2087,1943,1300,-616
4.0294,2087,1943,1300,-616
4.0298,2087,1943,1300,-616
4.0302,2107,1944,1300,-624
4.0309,2107,1946,1300,-624
4.0313,2107,1946,1300,-624
4.0317,2107,1946,1300,-624
4.0321,2107,1948,1300,-624
4.0324,2107,1948,1300,-624
4.0328,2107,1948,1300,-624
4.0331,2107,1950,1300,-624
4.0335,2107,1950,1300,-624
4.0339,2107,1951,1300,-632
4.0343,2107,1951,1300,-632
4.0347,2107,1951,1300,-632
4.0351,2107,1953,1300,-632
4.0354,2107,1953,1300,-632
4.0358,2107,1953,1300,-632
4.0362,2107,1956,1300,-588
4.0365,2107,1956,1300,-588
4.0369,2107,1957,1300,-596
4.0374,2107,1957,1300,-596
4.0378,2107,1957,1300,-596
4.0381,2107,1959,1750,-596
4.0385,2107,1959,1750,-596
4.0389,2107,1961,1750,-596
4.0394,2107,1961,1750,-596
4.0397,2107,1961,1750,-596
4.0401,2126,1963,1750,-596
4.0408,2126,1963,1750,-596
4.0412,2126,1965,1750,-596
4.0416,2126,1965,1750,-596
4.0420,2126,1967,1750,-596
4.0424,2126,1967,1750,-596
4.0427,2126,1967,1750,-596
4.0431,2126,1969,1750,-596
4.0434,2126,1969,1750,-596
4.0438,2126,1970,1750,-604
4.0442,2126,1970,1750,-604
4.0445,2126,1970,1750,-604
4.0449,2126,1972,1750,-604
4.0453,2126,1972,1750,-604
4.0457,2126,1972,1750,-604
4.0461,2126,1974,1750,-604
4.0465,2126,1974,1750,-604
4.0469,2126,1977,1750,-596
4.0472,2126,1977,1750,-596
4.0476,2126,1977,1750,-596
4.0480,2126,1978,1750,-604
4.0484,2126,1978,1750,-604
4.0488,2126,1980,1750,-604
4.0492,2126,1980,1750,-604
4.0496,2126,1980,1750,-604
4.0499,2126,1982,1750,-604
4.0504,2145,1982,1750,-604
4.0510,2145,1984,1750,-604
4.0513,2145,1984,1750,-604
4.0517,2145,1984,1750,-604
4.0521,2145,1986,1750,-604
4.0524,2145,1986,1750,-604
4.0528,2145,1986,1750,-604
4.0531,2145,1988,1750,-604
4.0535,2145,1988,1750,-604
4.0539,2145,1990,1750,-604
4.0542,2145,1990,1750,-604
4.0546,2145,1990,1750,-604
4.0549,2145,1992,1750,-604
4.0553,2145,1992,1750,-604
4.0557,2145,1992,1750,-604
4.0561,2145,1994,1750,-592
4.0564,2145,1994,1750,-592
4.0568,2145,1996,1750,-592
4.0572,2145,1996,1750,-592
4.0576,2145,1996,1750,-592
4.0580,2145,1998,1950,-592
4.0584,2145,1998,1950,-592
4.0587,2145,1998,1950,-592
4.0591,2145,2000,1950,-592
4.0594,2145,2000,1950,-592
4.0598,2145,2002,1950,-592
4.0602,2161,2002,1950,-592
4.0610,2161,2004,1950,-592
4.0614,2161,2004,1950,-592
4.0617,2161,2006,1950,-592
4.0621,2161,2006,1950,-592
4.0625,2161,2006,1950,-592
4.0629,2161,2008,1950,-592
4.0633,2161,2008,1950,-592
4.0637,2161,2008,1950,-592
4.0641,2161,2010,1950,-592
4.0644,2161,2010,1950,-592
4.0648,2161,2012,1950,-592
4.0651,2161,2012,1950,-592
4.0655,2161,2012,1950,-592
4.0659,2161,2014,1950,-592
4.0662,2161,2014,1950,-592
4.0666,2161,2014,1950,-592
4.0670,2161,2016,1950,-592
4.0674,2161,2016,1950,-592
4.0677,2161,2018,1950,-592
4.0681,2161,2018,1950,-592
4.0685,2161,2018,1950,-592
4.0689,2161,2020,1950,-584
4.0692,2161,2020,1950,-584
4.0697,2161,2022,1950,-584
4.0701,2176,2022,1950,-584
4.0707,2176,2024,1950,-584
4.0711,2176,2024,1950,-584
4.0714,2176,2024,1950,-584
4.0718,2176,2026,1950,-584
4.0722,2176,2026,1950,-584
4.0726,2176,2026,1950,-584
4.0730,2176,2028,1950,-584
4.0734,2176,2028,1950,-584
4.0737,2176,2030,1950,-584
4.0741,2176,2030,1950,-584
4.0744,2176,2030,1950,-584
4.0748,2176,2032,1950,-584
4.0752,2176,2032,1950,-584
4.0755,2176,2032,1950,-584
4.0758,2176,2034,1950,-572
4.0762,2176,2034,1950,-572
4.0766,2176,2034,1950,-572
4.0770,2176,2037,1950,-564
4.0773,2176,2037,1950,-564
4.0777,2176,2039,2050,-564
4.0780,2176,2039,2050,-564
4.0784,2176,2039,2050,-564
4.0788,2176,2040,2050,-572
4.0791,2176,2040,2050,-572
4.0795,2176,2040,2050,-572
4.0799,2176,2043,2050,-556
4.0802,2188,2043,2050,-556
4.0810,2188,2045,2050,-556
4.0814,2188,2045,2050,-556
4.0817,2188,2047,2050,-556
4.0821,2188,2047,2050,-556
4.0824,2188,2047,2050,-556
4.0828,2188,2049,2050,-556
4.0831,2188,2049,2050,-556
4.0835,2188,2049,2050,-556
4.0839,2188,2051,2050,-556
4.0842,2188,2051,2050,-556
4.0846,2188,2051,2050,-556
4.0850,2188,2053,2050,-556
4.0853,2188,2053,2050,-556
4.0857,2188,2055,2050,-556
4.0861,2188,2055,2050,-556
4.0865,2188,2055,2050,-556
4.0868,2188,2057,2050,-548
4.0872,2188,2057,2050,-548
4.0875,2188,2057,2050,-548
4.0879,2188,2059,2050,-548
4.0882,2188,2059,2050,-548
4.0886,2188,2061,2050,-548
4.0890,2188,2061,2050,-548
4.0894,2188,2061,2050,-548
4.0898,2188,2063,2050,-548
4.0902,2199,2063,2050,-548
4.0908,2199,2065,2050,-540
4.0912,2199,2065,2050,-540
4.0916,2199,2067,2050,-540
4.0920,2199,2067,2050,-540
4.0924,2199,2067,2050,-540
4.0927,2199,2069,2050,-540
4.0931,2199,2069,2050,-540
4.0935,2199,2069,2050,-540
4.0939,2199,2071,2050,-540
4.0943,2199,2071,2050,-540
4.0946,2199,2073,2050,-532
4.0950,2199,2073,2050,-532
4.0954,2199,2073,2050,-532
4.0958,2199,2075,2050,-516
4.0962,2199,2075,2050,-516
4.0965,2199,2075,2050,-516
4.0969,2199,2077,2050,-516
4.0974,2199,2077,2050,-516
4.0977,2199,2079,2000,-508
4.0981,2199,2079,2000,-508
4.0984,2199,2079,2000,-508
4.0988,2199,2082,2000,-500
4.0992,2199,2082,2000,-500
4.0995,2199,2084,2000,-500
4.0999,2199,2084,2000,-500
4.1004,2207,2085,2000,-500
4.1011,2207,2085,2000,-500
4.1015,2207,2085,2000,-500
4.1018,2207,2087,2000,-500
4.1022,2207,2087,2000,-500
4.1026,2207,2089,2000,-500
4.1029,2207,2089,2000,-500
4.1034,2207,2089,2000,-500
4.1037,2207,2091,2000,-492
4.1041,2207,2091,2000,-492
4.1045,2207,2093,2000,-492
4.1049,2207,2093,2000,-492
4.1053,2207,2093,2000,-492
4.1057,2207,2095,2000,-484
4.1061,2207,2095,2000,-484
4.1064,2207,2095,2000,-484
4.1068,2207,2097,2000,-484
4.1072,2207,2097,2000,-484
4.1075,2207,2099,2000,-484
4.1079,2207,2099,2000,-484
4.1083,2207,2099,2000,-484
4.1086,2207,2101,2000,-476
4.1090,2207,2101,2000,-476
4.1094,2207,2101,2000,-476
4.1098,2207,2103,2000,-476
4.1102,2212,2105,2000,-468
4.1109,2212,2105,2000,-468
4.1113,2212,2105,2000,-468
4.1117,2212,2107,2000,-468
4.1121,2212,2107,2000,-468
4.1124,2212,2107,2000,-468
4.1128,2212,2109,2000,-460
4.1131,2212,2109,2000,-460
4.1135,2212,2111,2000,-460
4.1139,2212,2111,2000,-460
4.1143,2212,2111,2000,-460
4.1146,2212,2112,2000,-460
4.1150,2212,2112,2000,-460
4.1154,2212,2112,2000,-460
4.1158,2212,2114,2000,-452
4.1162,2212,2114,2000,-452
4.1166,2212,2116,2000,-444
4.1170,2212,2116,2000,-444
4.1174,2212,2116,2000,-444
4.1178,2212,2118,1950,-436
4.1181,2212,2118,1950,-436
4.1185,2212,2119,1950,-444
4.1189,2212,2119,1950,-444
4.1193,2212,2119,1950,-444
4.1197,2212,2122,1950,-428
4.1201,2214,2124,1950,-420
4.1208,2214,2124,1950,-420
4.1212,2214,2124,1950,-420
4.1216,2214,2125,1950,-428
4.1219,2214,2125,1950,-428
4.1223,2214,2125,1950,-428
4.1227,2214,2127,1950,-420
4.1231,2214,2127,1950,-420
4.1235,2214,2129,1950,-412
4.1239,2214,2129,1950,-412
4.1242,2214,2129,1950,-412
4.1246,2214,2131,1950,-404
4.1250,2214,2131,1950,-404
4.1254,2214,2133,1950,-404
4.1258,2214,2133,1950,-404
4.1262,2214,2133,1950,-404
4.1266,2214,2134,1950,-404
4.1270,2214,2134,1950,-404
4.1274,2214,2134,1950,-404
4.1277,2214,2136,1950,-396
4.1281,2214,2136,1950,-396
4.1285,2214,2138,1950,-388
4.1289,2214,2138,1950,-388
4.1292,2214,2138,1950,-388
4.1296,2214,2140,1950,-380
4.1300,2214,2140,1950,-380
4.1303,2214,2141,1950,-380
4.1310,2214,2141,1950,-380
4.1314,2214,2143,1950,-372
4.1318,2214,2143,1950,-372
4.1321,2214,2143,1950,-372
4.1325,2214,2145,1950,-364
4.1329,2214,2145,1950,-364
4.1333,2214,2145,1950,-364
4.1338,2214,2147,1950,-356
4.1342,2214,2147,1950,-356
4.1345,2214,2148,1950,-356
4.1349,2214,2148,1950,-356
4.1352,2214,2148,1950,-356
4.1356,2214,2150,1950,-324
4.1360,2214,2150,1950,-324
4.1364,2214,2152,1950,-316
4.1367,2214,2152,1950,-316
4.1371,2214,2152,1950,-316
4.1374,2214,2154,1800,-308
4.1378,2214,2154,1800,-308
4.1382,2214,2154,1800,-308
4.1387,2214,2155,1800,-308
4.1390,2214,2155,1800,-308
4.1394,2214,2157,1800,-300
4.1398,2214,2157,1800,-300
4.1401,2212,2158,1800,-300
4.1408,2212,2158,1800,-300
4.1412,2212,2158,1800,-300
4.1415,2212,2160,1800,-292
4.1419,2212,2160,1800,-292
4.1424,2212,2161,1800,-284
4.1428,2212,2161,1800,-284
4.1432,2212,2161,1800,-284
4.1436,2212,2163,1800,-276
4.1440,2212,2163,1800,-276
4.1444,2212,2164,1800,-276
4.1448,2212,2164,1800,-276
4.1452,2212,2164,1800,-276
4.1455,2212,2166,1800,-268
4.1459,2212,2166,1800,-268
4.1463,2212,2166,1800,-268
4.1466,2212,2167,1800,-260
4.1470,2212,2167,1800,-260
4.1474,2212,2168,1800,-260
4.1478,2212,2168,1800,-260
4.1482,2212,2168,1800,-260
4.1485,2212,2170,1800,-252
4.1489,2212,2170,1800,-252
4.1492,2212,2170,1800,-252
4.1496,2212,2171,1800,-244
4.1500,2212,2171,1800,-244
4.1504,2206,2173,1800,-236
4.1511,2206,2173,1800,-236
4.1514,2206,2174,1800,-228
4.1518,2206,2174,1800,-228
4.1521,2206,2174,1800,-228
4.1525,2206,2176,1800,-220
4.1528,2206,2176,1800,-220
4.1532,2206,2176,1800,-220
4.1536,2206,2177,1800,-212
4.1539,2206,2177,1800,-212
4.1544,2206,2178,1800,-212
4.1548,2206,2178,1800,-212
4.1551,2206,2178,1800,-212
4.1555,2206,2180,1800,-184
4.1560,2206,2180,1800,-184
4.1564,2206,2181,1800,-184
4.1567,2206,2181,1800,-184
4.1571,2206,2181,1800,-184
4.1575,2206,2183,1450,-168
4.1579,2206,2183,1450,-168
4.1583,2206,2184,1450,-168
4.1587,2206,2184,1450,-168
4.1591,2206,2184,1450,-168
4.1594,2206,2185,1450,-160
4.1598,2206,2185,1450,-160
4.1602,2198,2186,1450,-152
4.1609,2198,2186,1450,-152
4.1613,2198,2187,1450,-152
4.1617,2198,2187,1450,-152
4.1621,2198,2187,1450,-152
4.1624,2198,2188,1450,-144
4.1628,2198,2188,1450,-144
4.1632,2198,2188,1450,-144
4.1635,2198,2189,1450,-136
4.1639,2198,2189,1450,-136
4.1643,2198,2190,1450,-128
4.1647,2198,2190,1450,-128
4.1651,2198,2190,1450,-128
4.1656,2198,2191,1450,-128
4.1659,2198,2191,1450,-128
4.1663,2198,2193,1450,-112
4.1667,2198,2193,1450,-112
4.1671,2198,2193,1450,-112
4.1675,2198,2194,1450,-104
4.1679,2198,2194,1450,-104
4.1683,2198,2195,1450,-96
4.1687,2198,2195,1450,-96
4.1690,2198,2195,1450,-96
4.1694,2198,2196,1450,-88
4.1698,2198,2196,1450,-88
4.1702,2188,2197,1450,-80
4.1708,2188,2197,1450,-80
4.1712,2188,2198,1450,-72
4.1716,2188,2198,1450,-72
4.1719,2188,2198,1450,-72
4.1723,2188,2199,1450,-64
4.1727,2188,2199,1450,-64
4.1731,2188,2199,1450,-64
4.1735,2188,2200,1450,-56
4.1738,2188,2200,1450,-56
4.1742,2188,2201,1450,-48
4.1745,2188,2201,1450,-48
4.1749,2188,2201,1450,-48
4.1752,2188,2202,1450,-32
4.1756,2188,2202,1450,-32
4.1761,2188,2202,1450,-32
4.1765,2188,2203,1450,-24
4.1769,2188,2203,1450,-24
4.1772,2188,2204,1050,0
4.1776,2188,2204,1050,0
4.1780,2188,2204,1050,0
4.1783,2188,2204,1050,24
4.1787,2188,2204,1050,24
4.1791,2188,2204,1050,24
4.1794,2188,2205,1050,32
4.1798,2188,2205,1050,32
4.1802,2175,2206,1050,40
4.1809,2175,2206,1050,40
4.1814,2175,2206,1050,40
4.1817,2175,2206,1050,40
4.1821,2175,2207,1050,56
4.1825,2175,2207,1050,56
4.1829,2175,2207,1050,56
4.1832,2175,2208,1050,64
4.1836,2175,2208,1050,64
4.1840,2175,2208,1050,64
4.1844,2175,2208,1050,64
4.1848,2175,2208,1050,64
4.1851,2175,2209,1050,80
4.1855,2175,2209,1050,80
4.1858,2175,2209,1050,80
4.1862,2175,2209,1050,80
4.1866,2175,2209,1050,80
4.1870,2175,2209,1050,80
4.1874,2175,2210,1050,88
4.1877,2175,2210,1050,88
4.1881,2175,2210,1050,88
4.1884,2175,2210,1050,88
4.1888,2175,2210,1050,88
4.1891,2175,2211,1050,96
4.1895,2175,2211,1050,96
4.1899,2175,2211,1050,96
4.1903,2160,2211,1050,96
4.1910,2160,2211,1050,96
4.1914,2160,2211,1050,104
4.1917,2160,2211,1050,104
4.1921,2160,2211,1050,104
4.1924,2160,2211,1050,104
4.1928,2160,2211,1050,104
4.1931,2160,2212,1050,120
4.1935,2160,2212,1050,120
4.1939,2160,2212,1050,120
4.1943,2160,2212,1050,120
4.1946,2160,2212,1050,120
4.1950,2160,2212,1050,120
4.1953,2160,2212,1050,120
4.1957,2160,2212,1050,120
4.1961,2160,2212,1050,128
4.1964,2160,2212,1050,128
4.1968,2160,2212,1050,128
4.1971,2160,2212,400,128
4.1975,2160,2212,400,128
4.1979,2160,2212,400,128
4.1983,2160,2213,400,144
4.1986,2160,2213,400,144
4.1990,2160,2213,400,152
4.1995,2160,2213,400,152
4.1998,2160,2213,400,152
4.2002,2144,2213,400,160
4.2009,2144,2213,400,160
4.2012,2144,2213,400,160
4.2016,2144,2213,400,160
4.2020,2144,2213,400,160
4.2023,2144,2213,400,168
4.2027,2144,2213,400,168
4.2031,2144,2213,400,176
4.2035,2144,2213,400,176
4.2039,2144,2213,400,176
4.2042,2144,2213,400,184
4.2046,2144,2213,400,184
4.2050,2144,2213,400,184
4.2054,2144,2213,400,192
4.2058,2144,2213,400,192
4.2062,2144,2213,400,200
4.2065,2144,2213,400,200
4.2069,2144,2213,400,200
4.2074,2144,2213,400,208
4.2077,2144,2213,400,208
4.2081,2144,2213,400,216
4.2085,2144,2213,400,216
4.2089,2144,2213,400,216
4.2094,2144,2213,400,224
4.2098,2144,2213,400,224
4.2102,2126,2213,400,232
4.2109,2126,2213,400,232
4.2113,2126,2213,400,240
4.2117,2126,2213,400,240
4.2120,2126,2213,400,248
4.2124,2126,2213,400,248
4.2128,2126,2213,400,248
4.2131,2126,2213,400,256
4.2135,2126,2213,400,256
4.2139,2126,2213,400,256
4.2142,2126,2213,400,264
4.2146,2126,2213,400,264
4.2150,2126,2213,400,284
4.2154,2126,2213,400,284
4.2158,2126,2213,400,284
4.2162,2126,2213,400,292
4.2165,2126,2213,400,292
4.2169,2126,2213,400,292
4.2172,2126,2213,50,300
4.2176,2126,2213,50,300
4.2180,2126,2213,50,316
4.2184,2126,2213,50,316
4.2188,2126,2213,50,316
4.2191,2126,2212,50,316
4.2195,2126,2212,50,316
4.2199,2126,2212,50,316
4.2203,2106,2212,50,324
4.2210,2106,2212,50,332
4.2214,2106,2212,50,332
4.2218,2106,2212,50,332
4.2222,2106,2211,50,340
4.2226,2106,2211,50,340
4.2230,2106,2210,50,340
4.2234,2106,2210,50,340
4.2238,2106,2210,50,340
4.2241,2106,2210,50,348
4.2245,2106,2210,50,348
4.2249,2106,2210,50,364
4.2254,2106,2210,50,364
4.2258,2106,2210,50,364
4.2261,2106,2209,50,364
4.2265,2106,2209,50,364
4.2269,2106,2209,50,364
4.2272,2106,2208,50,372
4.2276,2106,2208,50,372
4.2280,2106,2207,50,372
4.2284,2106,2207,50,372
4.2287,2106,2207,50,372
4.2291,2106,2206,50,380
4.2295,2106,2206,50,380
4.2298,2106,2206,50,380
4.2302,2086,2206,50,388
4.2309,2086,2205,50,396
4.2314,2086,2205,50,396
4.2318,2086,2205,50,396
4.2321,2086,2205,50,404
4.2325,2086,2205,50,404
4.2328,2086,2205,50,404
4.2332,2086,2204,50,412
4.2336,2086,2204,50,412
4.2340,2086,2203,50,420
4.2344,2086,2203,50,420
4.2348,2086,2203,50,420
4.2352,2086,2202,50,412
4.2356,2086,2202,50,412
4.2360,2086,2201,50,420
4.2364,2086,2201,50,420
4.2368,2086,2201,50,420
4.2371,2086,2200,-650,428
4.2375,2086,2200,-650,428
4.2379,2086,2199,-650,428
4.2383,2086,2199,-650,428
4.2386,2086,2199,-650,428
4.2390,2086,2198,-650,436
4.2394,2086,2198,-650,436
4.2398,2086,2198,-650,436
4.2401,2065,2197,-650,444
4.2409,2065,2197,-650,460
4.2412,2065,2197,-650,460
4.2416,2065,2197,-650,460
4.2420,2065,2196,-650,460
4.2424,2065,2196,-650,460
4.2427,2065,2196,-650,460
4.2431,2065,2195,-650,468
4.2435,2065,2195,-650,468
4.2439,2065,2193,-650,468
4.2443,2065,2193,-650,468
4.2446,2065,2193,-650,468
4.2450,2065,2192,-650,476
4.2454,2065,2192,-650,476
4.2457,2065,2192,-650,476
4.2461,2065,2191,-650,484
4.2465,2065,2191,-650,484
4.2469,2065,2190,-650,492
4.2474,2065,2190,-650,492
4.2477,2065,2190,-650,492
4.2481,2065,2189,-650,500
4.2484,2065,2189,-650,500
4.2488,2065,2188,-650,508
4.2492,2065,2188,-650,508
4.2496,2065,2188,-650,508
4.2499,2065,2187,-650,516
4.2504,2043,2187,-650,516
4.2511,2043,2186,-650,524
4.2515,2043,2186,-650,524
4.2518,2043,2184,-650,516
4.2522,2043,2184,-650,516
4.2526,2043,2184,-650,516
4.2529,2043,2183,-650,524
4.2534,2043,2183,-650,524
4.2537,2043,2183,-650,524
4.2541,2043,2182,-650,532
4.2545,2043,2182,-650,532
4.2549,2043,2181,-650,536
4.2554,2043,2181,-650,536
4.2568,2043,2178,-1100,544
4.2590,2043,2175,-1100,552
4.2595,2043,2175,-1100,552
4.2599,2043,2174,-1100,560
4.2603,2022,2174,-1100,560
4.2610,2022,2172,-1100,560
4.2614,2022,2172,-1100,560
4.2618,2022,2171,-1100,568
4.2622,2022,2171,-1100,568
4.2626,2022,2171,-1100,568
4.2630,2022,2170,-1100,576
4.2634,2022,2170,-1100,576
4.2638,2022,2168,-1100,576
4.2642,2022,2168,-1100,576
4.2646,2022,2168,-1100,576
4.2649,2022,2167,-1100,584
4.2654,2022,2167,-1100,584
4.2658,2022,2165,-1100,584
4.2662,2022,2165,-1100,584
4.2666,2022,2165,-1100,584
4.2670,2022,2163,-1100,584
4.2674,2022,2163,-1100,584
4.2677,2022,2162,-1100,592
4.2681,2022,2162,-1100,592
4.2685,2022,2162,-1100,592
4.2689,2022,2160,-1100,592
4.2693,2022,2160,-1100,592
4.2696,2022,2160,-1100,592
4.2700,2022,2159,-1100,600
4.2704,2001,2157,-1100,600
4.2711,2001,2157,-1100,600
4.2715,2001,2157,-1100,600
4.2718,2001,2156,-1100,608
4.2722,2001,2156,-1100,608
4.2726,2001,2156,-1100,608
4.2730,2001,2154,-1100,608
4.2734,2001,2154,-1100,608
4.2737,2001,2152,-1100,608
4.2741,2001,2152,-1100,608
4.2745,2001,2152,-1100,608
4.2748,2001,2150,-1100,580
4.2752,2001,2150,-1100,580
4.2756,2001,2150,-1100,580
4.2760,2001,2149,-1100,588
4.2764,2001,2149,-1100,588
4.2768,2001,2147,-1550,588
4.2772,2001,2147,-1550,588
4.2776,2001,2147,-1550,588
4.2780,2001,2145,-1550,588
4.2784,2001,2145,-1550,588
4.2788,2001,2144,-1550,596
4.2791,2001,2144,-1550,596
4.2795,2001,2144,-1550,596
4.2798,2001,2142,-1550,596
4.2802,1981,2142,-1550,596
4.2809,1981,2140,-1550,596
4.2814,1981,2140,-1550,596
4.2817,1981,2138,-1550,596
4.2821,1981,2138,-1550,596
4.2824,1981,2138,-1550,596
4.2828,1981,2136,-1550,596
4.2832,1981,2136,-1550,596
4.2835,1981,2136,-1550,596
4.2839,1981,2134,-1550,596
4.2843,1981,2134,-1550,596
4.2846,1981,2133,-1550,604
4.2850,1981,2133,-1550,604
4.2854,1981,2133,-1550,604
4.2857,1981,2131,-1550,604
4.2861,1981,2131,-1550,604
4.2865,1981,2131,-1550,604
4.2868,1981,2129,-1550,604
4.2872,1981,2129,-1550,604
4.2876,1981,2127,-1550,604
4.2881,1981,2127,-1550,604
4.2884,1981,2127,-1550,604
4.2889,1981,2125,-1550,604
4.2894,1981,2125,-1550,604
4.2897,1981,2123,-1550,604
4.2901,1962,2123,-1550,604
4.2909,1962,2121,-1550,604
4.2913,1962,2121,-1550,604
4.2916,1962,2120,-1550,612
4.2920,1962,2120,-1550,612
4.2924,1962,2120,-1550,612
4.2928,1962,2118,-1550,612
4.2932,1962,2118,-1550,612
4.2936,1962,2116,-1550,612
4.2940,1962,2116,-1550,612
4.2944,1962,2116,-1550,612
4.2948,1962,2114,-1550,592
4.2952,1962,2114,-1550,592
4.2955,1962,2114,-1550,592
4.2959,1962,2112,-1550,592
4.2963,1962,2112,-1550,592
4.2966,1962,2110,-1850,592
4.2970,1962,2110,-1850,592
4.2974,1962,2110,-1850,592
4.2978,1962,2108,-1850,592
4.2982,1962,2108,-1850,592
4.2986,1962,2106,-1850,592
4.2990,1962,2106,-1850,592
4.2994,1962,2106,-1850,592
4.2998,1962,2104,-1850,592
4.3001,1943,2104,-1850,592
4.3008,1943,2102,-1850,592
4.3012,1943,2102,-1850,592
4.3016,1943,2100,-1850,592
4.3020,1943,2100,-1850,592
4.3024,1943,2100,-1850,592
4.3028,1943,2098,-1850,592
4.3032,1943,2098,-1850,592
4.3036,1943,2096,-1850,592
4.3040,1943,2096,-1850,592
4.3044,1943,2096,-1850,592
4.3048,1943,2094,-1850,592
4.3052,1943,2094,-1850,592
4.3055,1943,2092,-1850,592
4.3059,1943,2092,-1850,592
4.3063,1943,2092,-1850,592
4.3067,1943,2090,-1850,592
4.3070,1943,2090,-1850,592
4.3074,1943,2090,-1850,592
4.3078,1943,2088,-1850,592
4.3082,1943,2088,-1850,592
4.3086,1943,2086,-1850,584
4.3090,1943,2086,-1850,584
4.3093,1943,2086,-1850,584
4.3097,1943,2084,-1850,584
4.3101,1927,2084,-1850,584
4.3108,1927,2082,-1850,584
4.3112,1927,2082,-1850,584
4.3116,1927,2080,-1850,584
4.3120,1927,2080,-1850,584
4.3124,1927,2080,-1850,584
4.3128,1927,2078,-1850,584
4.3132,1927,2078,-1850,584
4.3135,1927,2076,-1850,584
4.3139,1927,2076,-1850,584
4.3144,1927,2076,-1850,584
4.3148,1927,2074,-1850,564
4.3152,1927,2074,-1850,564
4.3156,1927,2072,-1850,564
4.3159,1927,2072,-1850,564
4.3164,1927,2072,-1850,564
4.3168,1927,2070,-2000,564
4.3172,1927,2070,-2000,564
4.3175,1927,2068,-2000,564
4.3179,1927,2068,-2000,564
4.3183,1927,2068,-2000,564
4.3186,1927,2066,-2000,564
4.3190,1927,2066,-2000,564
4.3193,1927,2066,-2000,564
4.3197,1927,2064,-2000,564
4.3200,1912,2064,-2000,564
4.3207,1912,2062,-2000,564
4.3211,1912,2062,-2000,564
4.3214,1912,2060,-2000,564
4.3218,1912,2060,-2000,564
4.3222,1912,2060,-2000,564
4.3226,1912,2058,-2000,556
4.3229,1912,2058,-2000,556
4.3234,1912,2058,-2000,556
4.3237,1912,2056,-2000,556
4.3241,1912,2056,-2000,556
4.3244,1912,2054,-2000,556
4.3248,1912,2054,-2000,556
4.3252,1912,2054,-2000,556
4.3255,1912,2052,-2000,556
4.3259,1912,2052,-2000,556
4.3263,1912,2052,-2000,556
4.3267,1912,2050,-2000,556
4.3271,1912,2050,-2000,556
4.3274,1912,2048,-2000,556
4.3278,1912,2048,-2000,556
4.3281,1912,2048,-2000,556
4.3285,1912,2046,-2000,556
4.3288,1912,2046,-2000,556
4.3292,1912,2046,-2000,556
4.3296,1912,2044,-2000,556
4.3299,1912,2044,-2000,556
4.3304,1899,2042,-2000,556
4.3311,1899,2042,-2000,556
4.3314,1899,2040,-2000,548
4.3318,1899,2040,-2000,548
4.3322,1899,2040,-2000,548
4.3326,1899,2038,-2000,548
4.3330,1899,2038,-2000,548
4.3334,1899,2038,-2000,548
4.3337,1899,2035,-2000,540
4.3341,1899,2035,-2000,540
4.3345,1899,2034,-2000,544
4.3348,1899,2034,-2000,544
4.3352,1899,2034,-2000,544
4.3356,1899,2032,-2000,544
4.3360,1899,2032,-2000,544
4.3364,1899,2032,-2000,544
4.3367,1899,2030,-2000,544
4.3371,1899,2030,-2000,544
4.3375,1899,2028,-2000,544
4.3378,1899,2028,-2000,544
4.3382,1899,2028,-2000,544
4.3386,1899,2026,-2000,536
4.3390,1899,2026,-2000,536
4.3394,1899,2024,-2000,536
4.3398,1899,2024,-2000,536
4.3401,1889,2022,-2000,536
4.3409,1889,2022,-2000,536
4.3412,1889,2022,-2000,536
4.3416,1889,2020,-2000,536
4.3420,1889,2020,-2000,536
4.3424,1889,2018,-2000,528
4.3428,1889,2018,-2000,528
4.3432,1889,2018,-2000,528
4.3436,1889,2016,-2000,528
4.3440,1889,2016,-2000,528
4.3444,1889,2014,-2000,528
4.3448,1889,2014,-2000,528
4.3452,1889,2014,-2000,528
4.3455,1889,2012,-2000,528
4.3459,1889,2012,-2000,528
4.3464,1889,2010,-2000,520
4.3467,1889,2010,-2000,520
4.3471,1889,2010,-2000,520
4.3475,1889,2008,-2000,520
4.3478,1889,2008,-2000,520
4.3482,1889,2008,-2000,520
4.3485,1889,2006,-2000,520
4.3489,1889,2006,-2000,520
4.3493,1889,2006,-2000,520
4.3496,1889,2004,-2000,512
4.3500,1889,2004,-2000,512
4.3503,1881,2002,-2000,512
4.3511,1881,2002,-2000,512
4.3515,1881,2000,-2000,512
4.3519,1881,2000,-2000,512
4.3523,1881,1998,-2000,504
4.3527,1881,1998,-2000,504
4.3531,1881,1998,-2000,504
4.3534,1881,1996,-2000,504
4.3538,1881,1996,-2000,504
4.3541,1881,1996,-2000,504
4.3544,1881,1994,-2000,492
4.3548,1881,1994,-2000,492
4.3551,1881,1994,-2000,492
4.3555,1881,1992,-2000,484
4.3558,1881,1992,-2000,484
4.3562,1881,1992,-2000,484
4.3565,1881,1991,-1950,492
4.3569,1881,1991,-1950,492
4.3573,1881,1989,-1950,484
4.3577,1881,1989,-1950,484
4.3580,1881,1989,-1950,484
4.3584,1881,1987,-1950,484
4.3587,1881,1987,-1950,484
4.3591,1881,1987,-1950,484
4.3595,1881,1985,-1950,476
4.3598,1881,1985,-1950,476
4.3602,1876,1983,-1950,476
4.3608,1876,1983,-1950,476
4.3612,1876,1983,-1950,476
4.3615,1876,1981,-1950,468
4.3619,1876,1981,-1950,468
4.3624,1876,1979,-1950,468
4.3628,1876,1979,-1950,468
4.3631,1876,1979,-1950,468
4.3635,1876,1978,-1950,476
4.3639,1876,1978,-1950,476
4.3642,1876,1976,-1950,468
4.3646,1876,1976,-1950,468
4.3650,1876,1976,-1950,468
4.3653,1876,1974,-1950,468
4.3658,1876,1974,-1950,468
4.3661,1876,1974,-1950,468
4.3665,1876,1972,-1950,460
4.3668,1876,1972,-1950,460
4.3672,1876,1972,-1950,460
4.3675,1876,1970,-1950,452
4.3679,1876,1970,-1950,452
4.3682,1876,1968,-1950,452
4.3686,1876,1968,-1950,452
4.3690,1876,1968,-1950,452
4.3694,1876,1966,-1950,444
4.3697,1876,1966,-1950,444
4.3701,1874,1964,-1950,444
4.3707,1874,1964,-1950,444
4.3711,1874,1964,-1950,444
4.3714,1874,1963,-1950,444
4.3718,1874,1963,-1950,444
4.3722,1874,1963,-1950,444
4.3725,1874,1961,-1950,436
4.3729,1874,1961,-1950,436
4.3732,1874,1959,-1950,428
4.3736,1874,1959,-1950,428
4.3740,1874,1959,-1950,428
4.3744,1874,1957,-1950,416
4.3747,1874,1957,-1950,416
4.3751,1874,1957,-1950,416
4.3754,1874,1955,-1950,408
4.3758,1874,1955,-1950,408
4.3762,1874,1954,-1850,408
4.3765,1874,1954,-1850,408
4.3769,1874,1954,-1850,408
4.3774,1874,1952,-1850,400
4.3777,1874,1952,-1850,400
4.3781,1874,1952,-1850,400
4.3785,1874,1950,-1850,392
4.3788,1874,1950,-1850,392
4.3792,1874,1948,-1850,384
4.3796,1874,1948,-1850,384
4.3800,1874,1946,-1850,384
4.3808,1874,1946,-1850,384
4.3811,1874,1946,-1850,384
4.3815,1874,1944,-1850,376
4.3818,1874,1944,-1850,376
4.3822,1874,1943,-1850,376
4.3825,1874,1943,-1850,376
4.3829,1874,1943,-1850,376
4.3832,1874,1941,-1850,368
4.3836,1874,1941,-1850,368
4.3840,1874,1941,-1850,368
4.3844,1874,1939,-1850,360
4.3847,1874,1939,-1850,360
4.3851,1874,1938,-1850,360
4.3855,1874,1938,-1850,360
4.3859,1874,1938,-1850,360
4.3862,1874,1936,-1850,352
4.3866,1874,1936,-1850,352
4.3870,1874,1936,-1850,352
4.3874,1874,1934,-1850,344
4.3877,1874,1934,-1850,344
4.3881,1874,1933,-1850,336
4.3885,1874,1933,-1850,336
4.3889,1874,1933,-1850,336
4.3893,1874,1931,-1850,328
4.3897,1874,1931,-1850,328
4.3901,1876,1930,-1850,328
4.3908,1876,1930,-1850,328
4.3912,1876,1928,-1850,320
4.3915,1876,1928,-1850,320
4.3919,1876,1928,-1850,320
4.3924,1876,1926,-1850,312
4.3927,1876,1926,-1850,312
4.3931,1876,1925,-1850,304
4.3935,1876,1925,-1850,304
4.3938,1876,1925,-1850,304
4.3942,1876,1923,-1850,268
4.3946,1876,1923,-1850,268
4.3950,1876,1923,-1850,268
4.3954,1876,1922,-1850,268
4.3958,1876,1922,-1850,268
4.3961,1876,1920,-1700,260
4.3965,1876,1920,-1700,260
4.3969,1876,1920,-1700,260
4.3974,1876,1919,-1700,252
4.3978,1876,1919,-1700,252
4.3981,1876,1917,-1700,244
4.3985,1876,1917,-1700,244
4.3989,1876,1917,-1700,244
4.3994,1876,1915,-1700,228
4.3997,1876,1915,-1700,228
4.4001,1882,1914,-1700,228
4.4008,1882,1914,-1700,228
4.4012,1882,1913,-1700,228
4.4016,1882,1913,-1700,228
4.4020,1882,1913,-1700,228
4.4024,1882,1911,-1700,212
4.4028,1882,1911,-1700,212
4.4031,1882,1910,-1700,212
4.4035,1882,1910,-1700,212
4.4039,1882,1910,-1700,212
4.4043,1882,1909,-1700,204
4.4047,1882,1909,-1700,204
4.4051,1882,1907,-1700,196
4.4055,1882,1907,-1700,196
4.4059,1882,1907,-1700,196
4.4064,1882,1906,-1700,188
4.4068,1882,1906,-1700,188
4.4071,1882,1905,-1700,180
4.4075,1882,1905,-1700,180
4.4079,1882,1905,-1700,180
4.4084,1882,1903,-1700,172
4.4087,1882,1903,-1700,172
4.4091,1882,1902,-1700,164
4.4095,1882,1902,-1700,164
4.4098,1882,1902,-1700,164
4.4102,1890,1901,-1700,164
4.4110,1890,1900,-1700,156
4.4114,1890,1900,-1700,156
4.4118,1890,1900,-1700,156
4.4122,1890,1898,-1700,140
4.4126,1890,1898,-1700,140
4.4130,1890,1897,-1700,132
4.4134,1890,1897,-1700,132
4.4137,1890,1897,-1700,132
4.4141,1890,1896,-1700,124
4.4144,1890,1896,-1700,124
4.4148,1890,1896,-1700,124
4.4152,1890,1895,-1700,116
4.4155,1890,1895,-1700,116
4.4159,1890,1895,-1700,116
4.4162,1890,1894,-1300,108
4.4166,1890,1894,-1300,108
4.4169,1890,1894,-1300,108
4.4173,1890,1893,-1300,100
4.4177,1890,1893,-1300,100
4.4181,1890,1892,-1300,92
4.4184,1890,1892,-1300,92
4.4188,1890,1892,-1300,92
4.4192,1890,1891,-1300,84
4.4196,1890,1891,-1300,84
4.4200,1890,1890,-1300,76
4.4204,1900,1890,-1300,76
4.4211,1900,1889,-1300,68
4.4215,1900,1889,-1300,68
4.4219,1900,1889,-1300,68
4.4223,1900,1888,-1300,60
4.4227,1900,1888,-1300,60
4.4230,1900,1887,-1300,52
4.4234,1900,1887,-1300,52
4.4238,1900,1887,-1300,52
4.4242,1900,1886,-1300,44
4.4246,1900,1886,-1300,44
4.4250,1900,1885,-1300,36
4.4253,1900,1885,-1300,36
4.4257,1900,1885,-1300,36
4.4261,1900,1884,-1300,28
4.4265,1900,1884,-1300,28
4.4268,1900,1884,-1300,28
4.4272,1900,1883,-1300,20
4.4276,1900,1883,-1300,20
4.4280,1900,1882,-1300,-20
4.4283,1900,1882,-1300,-20
4.4287,1900,1882,-1300,-20
4.4291,1900,1882,-1300,-28
4.4295,1900,1882,-1300,-28
4.4298,1900,1882,-1300,-28
4.4302,1913,1881,-1300,-36
4.4310,1913,1880,-1300,-44
4.4314,1913,1880,-1300,-44
4.4317,1913,1880,-1300,-44
4.4321,1913,1880,-1300,-52
4.4325,1913,1880,-1300,-52
4.4328,1913,1880,-1300,-52
4.4332,1913,1879,-1300,-60
4.4336,1913,1879,-1300,-60
4.4340,1913,1879,-1300,-68
4.4344,1913,1879,-1300,-68
4.4348,1913,1879,-1300,-68
4.4352,1913,1878,-1300,-84
4.4356,1913,1878,-1300,-84
4.4360,1913,1877,-850,-92
4.4364,1913,1877,-850,-92
4.4368,1913,1877,-850,-92
4.4372,1913,1877,-850,-92
4.4375,1913,1877,-850,-92
4.4379,1913,1876,-850,-92
4.4384,1913,1876,-850,-92
4.4387,1913,1876,-850,-92
4.4391,1913,1876,-850,-92
4.4395,1913,1876,-850,-92
4.4399,1913,1875,-850,-108
4.4404,1928,1875,-850,-108
4.4411,1928,1875,-850,-108
4.4415,1928,1875,-850,-108
4.4418,1928,1875,-850,-116
4.4422,1928,1875,-850,-116
4.4426,1928,1875,-850,-116
4.4430,1928,1874,-850,-132
4.4434,1928,1874,-850,-132
4.4438,1928,1874,-850,-132
4.4442,1928,1874,-850,-132
4.4445,1928,1874,-850,-132
4.4449,1928,1874,-850,-140
4.4453,1928,1874,-850,-140
4.4456,1928,1874,-850,-140
4.4460,1928,1874,-850,-140
4.4463,1928,1874,-850,-140
4.4467,1928,1874,-850,-140
4.4471,1928,1873,-850,-156
4.4477,1928,1873,-850,-156
4.4481,1928,1873,-850,-164
4.4484,1928,1873,-850,-164
4.4488,1928,1873,-850,-164
4.4492,1928,1873,-850,-172
4.4496,1928,1873,-850,-172
4.4500,1928,1873,-850,-172
4.4504,1944,1873,-850,-172
4.4511,1944,1873,-850,-180
4.4515,1944,1873,-850,-180
4.4519,1944,1873,-850,-188
4.4524,1944,1873,-850,-188
4.4528,1944,1873,-850,-188
4.4531,1944,1873,-850,-196
4.4535,1944,1873,-850,-196
4.4539,1944,1873,-850,-196
4.4542,1944,1873,-850,-196
4.4546,1944,1873,-850,-196
4.4550,1944,1873,-850,-204
4.4553,1944,1873,-850,-204
4.4557,1944,1873,-850,-204
4.4560,1944,1873,-200,-204
4.4564,1944,1873,-200,-204
4.4568,1944,1873,-200,-212
4.4572,1944,1873,-200,-212
4.4575,1944,1873,-200,-212
4.4579,1944,1873,-200,-220
4.4584,1944,1873,-200,-220
4.4588,1944,1873,-200,-228
4.4591,1944,1873,-200,-228
4.4595,1944,1873,-200,-228
4.4599,1944,1873,-200,-236
4.4603,1962,1873,-200,-236
4.4610,1962,1873,-200,-244
4.4614,1962,1873,-200,-244
4.4617,1962,1873,-200,-244
4.4621,1962,1873,-200,-252
4.4625,1962,1873,-200,-252
4.4628,1962,1873,-200,-268
4.4632,1962,1873,-200,-268
4.4636,1962,1873,-200,-268
4.4640,1962,1873,-200,-276
4.4644,1962,1873,-200,-276
4.4648,1962,1873,-200,-284
4.4652,1962,1873,-200,-284
4.4656,1962,1873,-200,-284
4.4659,1962,1873,-200,-292
4.4663,1962,1873,-200,-292
4.4667,1962,1873,-200,-300
4.4671,1962,1873,-200,-300
4.4675,1962,1873,-200,-300
4.4679,1962,1873,-200,-308
4.4683,1962,1873,-200,-308
4.4687,1962,1873,-200,-308
4.4691,1962,1874,-200,-316
4.4695,1962,1874,-200,-316
4.4699,1962,1874,-200,-324
4.4703,1982,1874,-200,-324
4.4710,1982,1875,-200,-324
4.4714,1982,1875,-200,-324
4.4717,1982,1875,-200,-340
4.4722,1982,1875,-200,-340
4.4726,1982,1875,-200,-340
4.4730,1982,1876,-200,-340
4.4733,1982,1876,-200,-340
4.4737,1982,1876,-200,-340
4.4740,1982,1876,-200,-356
4.4744,1982,1876,-200,-356
4.4748,1982,1877,-200,-364
4.4752,1982,1877,-200,-364
4.4755,1982,1877,-200,-364
4.4759,1982,1877,200,-372
4.4764,1982,1877,200,-372
4.4767,1982,1878,200,-380
4.4771,1982,1878,200,-380
4.4775,1982,1878,200,-380
4.4779,1982,1879,200,-380
4.4782,1982,1879,200,-380
4.4786,1982,1879,200,-380
4.4790,1982,1879,200,-388
4.4794,1982,1879,200,-388
4.4797,1982,1880,200,-396
4.4801,2002,1880,200,-396
4.4808,2002,1881,200,-404
4.4812,2002,1881,200,-404
4.4815,2002,1881,200,-404
4.4819,2002,1881,200,-412
4.4824,2002,1881,200,-412
4.4827,2002,1882,200,-420
4.4831,2002,1882,200,-420
4.4835,2002,1882,200,-420
4.4838,2002,1883,200,-420
4.4842,2002,1883,200,-420
4.4845,2002,1883,200,-420
4.4849,2002,1884,200,-428
4.4853,2002,1884,200,-428
4.4856,2002,1884,200,-428
4.4860,2002,1885,200,-436
4.4864,2002,1885,200,-436
4.4867,2002,1886,200,-436
4.4871,2002,1886,200,-436
4.4875,2002,1886,200,-436
4.4879,2002,1887,200,-444
4.4882,2002,1887,200,-444
4.4885,2002,1887,200,-444
4.4889,2002,1888,200,-452
4.4894,2002,1888,200,-452
4.4897,2002,1889,200,-460
4.4901,2023,1889,200,-460
4.4908,2023,1890,200,-460
4.4912,2023,1890,200,-460
4.4916,2023,1891,200,-468
4.4920,2023,1891,200,-468
4.4924,2023,1891,200,-468
4.4928,2023,1892,200,-476
4.4931,2023,1892,200,-476
4.4935,2023,1892,200,-476
4.4939,2023,1893,200,-472
4.4944,2023,1893,200,-472
4.4948,2023,1894,200,-480
4.4951,2023,1894,200,-480
4.4955,2023,1894,200,-480
4.4958,2023,1895,900,-488
4.4962,2023,1895,900,-488
4.4966,2023,1896,900,-496
4.4970,2023,1896,900,-496
4.4974,2023,1896,900,-496
4.4977,2023,1897,900,-504
4.4981,2023,1897,900,-504
4.4985,2023,1897,900,-504
4.4988,2023,1898,900,-512
4.4992,2023,1898,900,-512
4.4995,2023,1898,900,-512
4.4999,2023,1900,900,-512
4.5003,2045,1901,900,-512
4.5010,2045,1901,900,-512
4.5014,2045,1901,900,-512
4.5017,2045,1902,900,-520
4.5021,2045,1902,900,-520
4.5025,2045,1902,900,-520
4.5029,2045,1903,900,-528
4.5032,2045,1903,900,-528
4.5036,2045,1905,900,-528
4.5040,2045,1905,900,-528
4.5044,2045,1905,900,-528
4.5048,2045,1906,900,-536
4.5052,2045,1906,900,-536
4.5056,2045,1907,900,-544
4.5060,2045,1907,900,-544
4.5064,2045,1907,900,-544
4.5067,2045,1908,900,-552
4.5071,2045,1908,900,-552
4.5074,2045,1908,900,-552
4.5078,2045,1910,900,-552
4.5081,2045,1910,900,-552
4.5085,2045,1911,900,-560
4.5089,2045,1911,900,-560
4.5093,2045,1911,900,-560
4.5096,2045,1913,900,-560
4.5100,2045,1913,900,-560
4.5104,2066,1914,900,-568
4.5111,2066,1914,900,-568
4.5114,2066,1914,900,-568
4.5118,2066,1916,900,-568
4.5122,2066,1916,900,-568
4.5126,2066,1917,900,-576
4.5130,2066,1917,900,-576
4.5134,2066,1917,900,-576
4.5138,2066,1918,900,-576
4.5142,2066,1918,900,-576
4.5145,2066,1920,900,-576
4.5149,2066,1920,900,-576
4.5154,2066,1920,900,-576
4.5157,2066,1921,1300,-584
4.5161,2066,1921,1300,-584
4.5164,2066,1921,1300,-584
4.5168,2066,1923,1300,-584
4.5172,2066,1923,1300,-584
4.5176,2066,1924,1300,-592
4.5180,2066,1924,1300,-592
4.5184,2066,1924,1300,-592
4.5187,2066,1926,1300,-592
4.5191,2066,1926,1300,-592
4.5195,2066,1928,1300,-592
4.5199,2066,1928,1300,-592
4.5202,2087,1929,1300,-592
4.5209,2087,1929,1300,-592
4.5214,2087,1929,1300,-592
4.5217,2087,1931,1300,-592
4.5221,2087,1931,1300,-592
4.5225,2087,1933,1300,-592
4.5230,2087,1933,1300,-592
4.5233,2087,1933,1300,-592
4.5237,2087,1934,1300,-600
4.5241,2087,1934,1300,-600
4.5244,2087,1934,1300,-600
4.5248,2087,1936,1300,-600
4.5252,2087,1936,1300,-600
4.5255,2087,1938,1300,-600
4.5259,2087,1938,1300,-600
4.5264,2087,1938,1300,-600
4.5267,2087,1940,1300,-600
4.5271,2087,1940,1300,-600
4.5274,2087,1941,1300,-608
4.5278,2087,1941,1300,-608
4.5282,2087,1941,1300,-608
4.5285,2087,1943,1300,-608
4.5288,2087,1943,1300,-608
4.5292,2087,1943,1300,-608
4.5295,2087,1945,1300,-608
4.5299,2087,1945,1300,-608
4.5303,2108,1946,1300,-616
4.5310,2108,1946,1300,-616
4.5314,2108,1946,1300,-616
4.5317,2108,1948,1300,-616
4.5321,2108,1948,1300,-616
4.5324,2108,1948,1300,-616
4.5328,2108,1950,1300,-616
4.5331,2108,1950,1300,-616
4.5335,2108,1951,1300,-592
4.5339,2108,1951,1300,-592
4.5343,2108,1951,1300,-592
4.5346,2108,1954,1300,-584
4.5350,2108,1954,1300,-584
4.5354,2108,1954,1300,-584
4.5357,2108,1956,1750,-592
4.5361,2108,1956,1750,-592
4.5365,2108,1958,1750,-592
4.5368,2108,1958,1750,-592
4.5372,2108,1958,1750,-592
4.5376,2108,1959,1750,-600
4.5380,2108,1959,1750,-600
4.5383,2108,1959,1750,-600
4.5387,2108,1961,1750,-600
4.5391,2108,1961,1750,-600
4.5395,2108,1963,1750,-600
4.5398,2108,1963,1750,-600
4.5402,2127,1965,1750,-600
4.5408,2127,1965,1750,-600
4.5412,2127,1965,1750,-600
4.5416,2127,1967,1750,-600
4.5420,2127,1967,1750,-600
4.5424,2127,1969,1750,-600
4.5428,2127,1969,1750,-600
4.5432,2127,1969,1750,-600
4.5436,2127,1971,1750,-600
4.5439,2127,1971,1750,-600
4.5443,2127,1971,1750,-600
4.5447,2127,1972,1750,-608
4.5451,2127,1972,1750,-608
4.5454,2127,1974,1750,-608
4.5458,2127,1974,1750,-608
4.5462,2127,1974,1750,-608
4.5466,2127,1976,1750,-608
4.5470,2127,1976,1750,-608
4.5473,2127,1978,1750,-608
4.5477,2127,1978,1750,-608
4.5481,2127,1978,1750,-608
4.5484,2127,1980,1750,-608
4.5488,2127,1980,1750,-608
4.5492,2127,1980,1750,-608
4.5496,2127,1982,1750,-608
4.5500,2144,1984,1750,-608
4.5508,2144,1984,1750,-608
4.5511,2144,1984,1750,-608
4.5515,2144,1986,1750,-608
4.5519,2144,1986,1750,-608
4.5524,2144,1988,1750,-608
4.5528,2144,1988,1750,-608
4.5531,2144,1988,1750,-608
4.5535,2144,1990,1750,-592
4.5539,2144,1990,1750,-592
4.5542,2144,1990,1750,-592
4.5546,2144,1992,1750,-592
4.5550,2144,1992,1750,-592
4.5554,2144,1994,1900,-592
4.5557,2144,1994,1900,-592
4.5561,2144,1994,1900,-592
4.5565,2144,1996,1900,-592
4.5569,2144,1996,1900,-592
4.5574,2144,1998,1900,-592
4.5577,2144,1998,1900,-592
4.5581,2144,1998,1900,-592
4.5585,2144,2000,1900,-592
4.5588,2144,2000,1900,-592
4.5592,2144,2000,1900,-592
4.5596,2144,2002,1900,-592
4.5600,2144,2002,1900,-592
4.5604,2161,2004,1900,-592
4.5611,2161,2004,1900,-592
4.5614,2161,2006,1900,-592
4.5618,2161,2006,1900,-592
4.5621,2161,2006,1900,-592
4.5625,2161,2008,1900,-592
4.5628,2161,2008,1900,-592
4.5632,2161,2008,1900,-592
4.5636,2161,2010,1900,-592
4.5640,2161,2010,1900,-592
4.5644,2161,2012,1900,-592
4.5648,2161,2012,1900,-592
4.5651,2161,2012,1900,-592
4.5655,2161,2014,1900,-584
4.5659,2161,2014,1900,-584
4.5662,2161,2016,1900,-584
4.5666,2161,2016,1900,-584
4.5670,2161,2016,1900,-584
4.5674,2161,2018,1900,-584
4.5678,2161,2018,1900,-584
4.5681,2161,2018,1900,-584
4.5685,2161,2020,1900,-584
4.5689,2161,2020,1900,-584
4.5693,2161,2022,1900,-584
4.5696,2161,2022,1900,-584
4.5700,2176,2024,1900,-584
4.5707,2176,2024,1900,-584
4.5711,2176,2024,1900,-584
4.5715,2176,2026,1900,-584
4.5718,2176,2026,1900,-584
4.5722,2176,2028,1900,-584
4.5726,2176,2028,1900,-584
4.5730,2176,2028,1900,-584
4.5734,2176,2030,1900,-572
4.5737,2176,2030,1900,-572
4.5741,2176,2030,1900,-572
4.5745,2176,2032,1900,-572
4.5749,2176,2032,1900,-572
4.5753,2176,2034,2000,-572
4.5757,2176,2034,2000,-572
4.5761,2176,2034,2000,-572
4.5765,2176,2036,2000,-572
4.5769,2176,2036,2000,-572
4.5773,2176,2038,2000,-564
4.5777,2176,2038,2000,-564
4.5780,2176,2038,2000,-564
4.5784,2176,2040,2000,-564
4.5788,2176,2040,2000,-564
4.5792,2176,2042,2000,-564
4.5796,2176,2042,2000,-564
4.5800,2176,2042,2000,-564
4.5804,2189,2044,2000,-564
4.5810,2189,2044,2000,-564
4.5814,2189,2046,2000,-564
4.5818,2189,2046,2000,-564
4.5822,2189,2048,2000,-564
4.5826,2189,2048,2000,-564
4.5830,2189,2048,2000,-564
4.5833,2189,2051,2000,-548
4.5837,2189,2051,2000,-548
4.5841,2189,2051,2000,-548
4.5845,2189,2053,2000,-548
4.5849,2189,2053,2000,-548
4.5853,2189,2055,2000,-548
4.5856,2189,2055,2000,-548
4.5861,2189,2055,2000,-548
4.5864,2189,2057,2000,-548
4.5868,2189,2057,2000,-548
4.5872,2189,2059,2000,-548
4.5876,2189,2059,2000,-548
4.5880,2189,2059,2000,-548
4.5884,2189,2061,2000,-548
4.5887,2189,2061,2000,-548
4.5891,2189,2061,2000,-548
4.5895,2189,2063,2000,-540
4.5899,2189,2063,2000,-540
4.5904,2199,2065,2000,-540
4.5911,2199,2065,2000,-540
4.5915,2199,2067,2000,-540
4.5918,2199,2067,2000,-540
4.5922,2199,2069,2000,-540
4.5926,2199,2069,2000,-540
4.5929,2199,2069,2000,-540
4.5933,2199,2071,2000,-528
4.5937,2199,2071,2000,-528
4.5941,2199,2071,2000,-528
4.5944,2199,2073,2000,-520
4.5948,2199,2073,2000,-520
4.5951,2199,2075,2050,-520
4.5955,2199,2075,2050,-520
4.5959,2199,2075,2050,-520
4.5962,2199,2077,2050,-520
4.5967,2199,2077,2050,-520
4.5972,2199,2079,2050,-512
4.5975,2199,2079,2050,-512
4.5979,2199,2079,2050,-512
4.5983,2199,2081,2050,-512
4.5987,2199,2081,2050,-512
4.5991,2199,2081,2050,-512
4.5994,2199,2083,2050,-512
4.5998,2199,2083,2050,-512
4.6002,2206,2085,2050,-504
4.6008,2206,2085,2050,-504
4.6012,2206,2087,2050,-504
4.6015,2206,2087,2050,-504
4.6019,2206,2087,2050,-504
4.6022,2206,2089,2050,-504
4.6026,2206,2089,2050,-504
4.6030,2206,2089,2050,-504
4.6034,2206,2091,2050,-496
4.6037,2206,2091,2050,-496
4.6041,2206,2092,2050,-504
4.6045,2206,2092,2050,-504
4.6049,2206,2092,2050,-504
4.6052,2206,2094,2050,-504
4.6056,2206,2094,2050,-504
4.6060,2206,2094,2050,-504
4.6064,2206,2097,2050,-488
4.6067,2206,2097,2050,-488
4.6071,2206,2099,2050,-488
4.6075,2206,2099,2050,-488
4.6078,2206,2099,2050,-488
4.6082,2206,2101,2050,-480
4.6086,2206,2101,2050,-480
4.6090,2206,2102,2050,-488
4.6094,2206,2102,2050,-488
4.6098,2206,2102,2050,-488
4.6102,2212,2104,2050,-480
4.6110,2212,2104,2050,-480
4.6114,2212,2106,2050,-480
4.6118,2212,2106,2050,-480
4.6122,2212,2108,2050,-472
4.6125,2212,2108,2050,-472
4.6129,2212,2108,2050,-472
4.6134,2212,2110,2050,-460
4.6137,2212,2110,2050,-460
4.6141,2212,2112,2050,-452
4.6144,2212,2112,2050,-452
4.6148,2212,2112,2050,-452
4.6152,2212,2114,1950,-452
4.6156,2212,2114,1950,-452
4.6159,2212,2114,1950,-452
4.6164,2212,2116,1950,-444
4.6167,2212,2116,1950,-444
4.6171,2212,2117,1950,-444
4.6175,2212,2117,1950,-444
4.6179,2212,2117,1950,-444
4.6183,2212,2119,1950,-444
4.6186,2212,2119,1950,-444
4.6190,2212,2121,1950,-436
4.6194,2212,2121,1950,-436
4.6198,2212,2121,1950,-436
4.6201,2214,2123,1950,-428
4.6208,2214,2123,1950,-428
4.6212,2214,2125,1950,-428
4.6216,2214,2125,1950,-428
4.6220,2214,2127,1950,-420
4.6224,2214,2127,1950,-420
4.6227,2214,2127,1950,-420
4.6231,2214,2129,1950,-412
4.6235,2214,2129,1950,-412
4.6238,2214,2129,1950,-412
4.6242,2214,2131,1950,-404
4.6246,2214,2131,1950,-404
4.6250,2214,2132,1950,-412
4.6254,2214,2132,1950,-412
4.6258,2214,2132,1950,-412
4.6262,2214,2134,1950,-404
4.6266,2214,2134,1950,-404
4.6269,2214,2136,1950,-396
4.6274,2214,2136,1950,-396
4.6277,2214,2136,1950,-396
4.6281,2214,2137,1950,-396
4.6285,2214,2137,1950,-396
4.6288,2214,2137,1950,-396
4.6294,2214,2139,1950,-388
4.6297,2214,2139,1950,-388
4.6301,2214,2141,1950,-380
4.6308,2214,2141,1950,-380
4.6312,2214,2143,1950,-372
4.6316,2214,2143,1950,-372
4.6319,2214,2144,1950,-380
4.6324,2214,2144,1950,-380
4.6328,2214,2144,1950,-380
4.6332,2214,2146,1950,-356
4.6335,2214,2146,1950,-356
4.6339,2214,2148,1950,-348
4.6344,2214,2148,1950,-348
4.6348,2214,2148,1950,-348
4.6352,2214,2150,1800,-340
4.6355,2214,2150,1800,-340
4.6359,2214,2151,1800,-332
4.6364,2214,2151,1800,-332
4.6367,2214,2151,1800,-332
4.6371,2214,2153,1800,-324
4.6375,2214,2153,1800,-324
4.6379,2214,2153,1800,-324
4.6382,2214,2155,1800,-316
4.6386,2214,2155,1800,-316
4.6390,2214,2156,1800,-316
4.6394,2214,2156,1800,-316
4.6397,2214,2156,1800,-316
4.6401,2212,2158,1800,-308
4.6408,2212,2158,1800,-308
4.6412,2212,2160,1800,-300
4.6415,2212,2160,1800,-300
4.6419,2212,2161,1800,-300
4.6424,2212,2161,1800,-300
4.6427,2212,2161,1800,-300
4.6431,2212,2163,1800,-284
4.6435,2212,2163,1800,-284
4.6439,2212,2164,1800,-284
4.6443,2212,2164,1800,-284
4.6446,2212,2164,1800,-284
4.6450,2212,2166,1800,-276
4.6454,2212,2166,1800,-276
4.6457,2212,2166,1800,-276
4.6461,2212,2167,1800,-268
4.6465,2212,2167,1800,-268
4.6468,2212,2167,1800,-268
4.6472,2212,2168,1800,-268
4.6476,2212,2168,1800,-268
4.6480,2212,2170,1800,-260
4.6484,2212,2170,1800,-260
4.6488,2212,2170,1800,-260
4.6492,2212,2171,1800,-252
4.6495,2212,2171,1800,-252
4.6499,2212,2173,1800,-244
4.6503,2206,2173,1800,-244
4.6509,2206,2175,1800,-228
4.6513,2206,2175,1800,-228
4.6517,2206,2175,1800,-228
4.6521,2206,2176,1800,-228
4.6525,2206,2176,1800,-228
4.6528,2206,2177,1800,-208
4.6532,2206,2177,1800,-208
4.6536,2206,2177,1800,-208
4.6540,2206,2179,1800,-192
4.6544,2206,2179,1800,-192
4.6548,2206,2179,1800,-192
4.6551,2206,2180,1500,-184
4.6555,2206,2180,1500,-184
4.6559,2206,2182,1500,-176
4.6564,2206,2182,1500,-176
4.6568,2206,2182,1500,-176
4.6572,2206,2183,1500,-168
4.6575,2206,2183,1500,-168
4.6579,2206,2184,1500,-168
4.6582,2206,2184,1500,-168
4.6586,2206,2184,1500,-168
4.6590,2206,2185,1500,-160
4.6594,2206,2185,1500,-160
4.6597,2206,2185,1500,-160
4.6601,2198,2186,1500,-152
4.6609,2198,2187,1500,-152
4.6612,2198,2187,1500,-152
4.6616,2198,2187,1500,-152
4.6620,2198,2189,1500,-136
4.6624,2198,2189,1500,-136
4.6627,2198,2189,1500,-136
4.6631,2198,2190,1500,-128
4.6635,2198,2190,1500,-128
4.6639,2198,2191,1500,-120
4.6642,2198,2191,1500,-120
4.6646,2198,2191,1500,-120
4.6650,2198,2192,1500,-120
4.6654,2198,2192,1500,-120
4.6658,2198,2193,1500,-112
4.6662,2198,2193,1500,-112
4.6665,2198,2193,1500,-112
4.6669,2198,2194,1500,-104
4.6672,2198,2194,1500,-104
4.6676,2198,2194,1500,-104
4.6680,2198,2195,1500,-96
4.6684,2198,2195,1500,-96
4.6687,2198,2196,1500,-88
4.6691,2198,2196,1500,-88
4.6695,2198,2196,1500,-88
4.6699,2198,2197,1500,-80
4.6702,2188,2197,1500,-80
4.6709,2188,2198,1500,-72
4.6714,2188,2198,1500,-72
4.6717,2188,2198,1500,-72
4.6721,2188,2199,1500,-64
4.6725,2188,2199,1500,-64
4.6729,2188,2200,1500,-44
4.6732,2188,2200,1500,-44
4.6736,2188,2200,1500,-44
4.6740,2188,2201,1500,-36
4.6744,2188,2201,1500,-36
4.6748,2188,2202,1100,-28
4.6751,2188,2202,1100,-28
4.6755,2188,2202,1100,-28
4.6759,2188,2203,1100,-20
4.6762,2188,2203,1100,-20
4.6766,2188,2203,1100,-20
4.6770,2188,2204,1100,20
4.6774,2188,2204,1100,20
4.6777,2188,2204,1100,28
4.6781,2188,2204,1100,28
4.6785,2188,2204,1100,28
4.6788,2188,2205,1100,36
4.6792,2188,2205,1100,36
4.6795,2188,2205,1100,36
4.6799,2188,2206,1100,44
4.6802,2175,2206,1100,44
4.6809,2175,2207,1100,52
4.6813,2175,2207,1100,52
4.6817,2175,2207,1100,60
4.6821,2175,2207,1100,60
4.6825,2175,2207,1100,60
4.6829,2175,2208,1100,68
4.6833,2175,2208,1100,68
4.6836,2175,2208,1100,68
4.6840,2175,2208,1100,68
4.6844,2175,2208,1100,68
4.6847,2175,2209,1100,84
4.6851,2175,2209,1100,84
4.6854,2175,2209,1100,84
4.6858,2175,2210,1100,92
4.6862,2175,2210,1100,92
4.6865,2175,2210,1100,92
4.6869,2175,2210,1100,92
4.6872,2175,2210,1100,92
4.6876,2175,2210,1100,92
4.6880,2175,2210,1100,92
4.6884,2175,2210,1100,92
4.6887,2175,2211,1100,100
4.6891,2175,2211,1100,100
4.6894,2175,2211,1100,100
4.6898,2175,2211,1100,100
4.6902,2161,2211,1100,100
4.6909,2161,2211,1100,108
4.6912,2161,2211,1100,108
4.6916,2161,2211,1100,108
4.6920,2161,2211,1100,108
4.6924,2161,2211,1100,108
4.6927,2161,2212,1100,116
4.6931,2161,2212,1100,116
4.6935,2161,2212,1100,116
4.6939,2161,2212,1100,116
4.6944,2161,2212,1100,116
4.6947,2161,2212,500,124
4.6951,2161,2212,500,124
4.6955,2161,2212,500,124
4.6959,2161,2212,500,132
4.6964,2161,2212,500,132
4.6967,2161,2213,500,140
4.6971,2161,2213,500,140
4.6975,2161,2213,500,140
4.6979,2161,2213,500,148
4.6983,2161,2213,500,148
4.6987,2161,2213,500,156
4.6991,2161,2213,500,156
4.6995,2161,2213,500,156
4.6999,2161,2213,500,164
4.7002,2144,2213,500,164
4.7010,2144,2213,500,164
4.7014,2144,2213,500,164
4.7017,2144,2213,500,172
4.7021,2144,2213,500,172
4.7025,2144,2213,500,172
4.7029,2144,2213,500,180
4.7032,2144,2213,500,180
4.7036,2144,2213,500,188
4.7040,2144,2213,500,188
4.7044,2144,2213,500,188
4.7048,2144,2213,500,196
4.7052,2144,2213,500,196
4.7056,2144,2213,500,204
4.7060,2144,2213,500,204
4.7064,2144,2213,500,204
4.7068,2144,2213,500,212
4.7071,2144,2213,500,212
4.7075,2144,2213,500,212
4.7079,2144,2213,500,220
4.7082,2144,2213,500,220
4.7086,2144,2213,500,220
4.7090,2144,2213,500,220
4.7094,2144,2213,500,220
4.7098,2144,2213,500,236
4.7102,2126,2213,500,244
4.7110,2126,2213,500,244
4.7114,2126,2213,500,244
4.7118,2126,2213,500,252
4.7121,2126,2213,500,252
4.7125,2126,2213,500,252
4.7129,2126,2213,500,264
4.7133,2126,2213,500,264
4.7136,2126,2213,500,272
4.7140,2126,2213,500,272
4.7144,2126,2213,500,272
4.7147,2126,2213,50,280
4.7151,2126,2213,50,280
4.7155,2126,2213,50,280
4.7158,2126,2213,50,288
4.7162,2126,2213,50,288
4.7166,2126,2213,50,296
4.7170,2126,2213,50,296
4.7174,2126,2213,50,296
4.7177,2126,2213,50,312
4.7181,2126,2213,50,312
4.7185,2126,2212,50,312
4.7189,2126,2212,50,312
4.7193,2126,2212,50,312
4.7197,2126,2212,50,320
4.7201,2107,2212,50,320
4.7208,2107,2212,50,328
4.7212,2107,2212,50,328
4.7216,2107,2211,50,336
4.7219,2107,2211,50,336
4.7224,2107,2211,50,336
4.7228,2107,2211,50,344
4.7231,2107,2211,50,344
4.7235,2107,2210,50,344
4.7239,2107,2210,50,344
4.7243,2107,2210,50,344
4.7246,2107,2210,50,360
4.7250,2107,2210,50,360
4.7253,2107,2210,50,360
4.7257,2107,2209,50,360
4.7261,2107,2209,50,360
4.7265,2107,2208,50,368
4.7268,2107,2208,50,368
4.7272,2107,2208,50,368
4.7276,2107,2208,50,376
4.7280,2107,2208,50,376
4.7284,2107,2208,50,376
4.7288,2107,2207,50,384
4.7291,2107,2207,50,384
4.7295,2107,2206,50,384
4.7299,2107,2206,50,384
4.7304,2086,2205,50,392
4.7310,2086,2205,50,392
4.7314,2086,2205,50,400
4.7318,2086,2205,50,400
4.7322,2086,2205,50,400
4.7326,2086,2204,50,408
4.7330,2086,2204,50,408
4.7334,2086,2204,50,408
4.7338,2086,2203,50,408
4.7342,2086,2203,50,408
4.7345,2086,2202,-550,416
4.7349,2086,2202,-550,416
4.7354,2086,2202,-550,416
4.7358,2086,2201,-550,424
4.7361,2086,2201,-550,424
4.7365,2086,2200,-550,432
4.7369,2086,2200,-550,432
4.7373,2086,2200,-550,432
4.7377,2086,2199,-550,432
4.7381,2086,2199,-550,432
4.7384,2086,2198,-550,440
4.7388,2086,2198,-550,440
4.7392,2086,2198,-550,440
4.7396,2086,2197,-550,448
4.7400,2065,2197,-550,448
4.7408,2065,2197,-550,464
4.7411,2065,2197,-550,464
4.7415,2065,2196,-550,464
4.7419,2065,2196,-550,464
4.7424,2065,2196,-550,464
4.7427,2065,2195,-550,472
4.7431,2065,2195,-550,472
4.7435,2065,2194,-550,480
4.7439,2065,2194,-550,480
4.7444,2065,2194,-550,480
4.7448,2065,2193,-550,488
4.7451,2065,2193,-550,488
4.7455,2065,2191,-550,488
4.7459,2065,2191,-550,488
4.7463,2065,2191,-550,488
4.7467,2065,2190,-550,496
4.7470,2065,2190,-550,496
4.7474,2065,2189,-550,504
4.7478,2065,2189,-550,504
4.7482,2065,2189,-550,504
4.7486,2065,2188,-550,512
4.7490,2065,2188,-550,512
4.7494,2065,2187,-550,520
4.7498,2065,2187,-550,520
4.7501,2044,2186,-550,520
4.7509,2044,2186,-550,520
4.7512,2044,2186,-550,520
4.7516,2044,2184,-550,520
4.7520,2044,2184,-550,520
4.7524,2044,2183,-550,516
4.7528,2044,2183,-550,516
4.7532,2044,2183,-550,516
4.7535,2044,2182,-550,524
4.7539,2044,2182,-550,524
4.7544,2044,2181,-1050,532
4.7547,2044,2181,-1050,532
4.7551,2044,2181,-1050,532
4.7555,2044,2179,-1050,532
4.7558,2044,2179,-1050,532
4.7562,2044,2179,-1050,532
4.7566,2044,2178,-1050,540
4.7570,2044,2178,-1050,540
4.7574,2044,2177,-1050,548
4.7577,2044,2177,-1050,548
4.7581,2044,2177,-1050,548
4.7585,2044,2175,-1050,548
4.7589,2044,2175,-1050,548
4.7593,2044,2175,-1050,548
4.7596,2044,2174,-1050,556
4.7600,2023,2173,-1050,564
4.7607,2023,2173,-1050,564
4.7611,2023,2173,-1050,564
4.7615,2023,2171,-1050,564
4.7619,2023,2171,-1050,564
4.7623,2023,2170,-1050,572
4.7627,2023,2170,-1050,572
4.7630,2023,2170,-1050,572
4.7634,2023,2168,-1050,572
4.7638,2023,2168,-1050,572
4.7642,2023,2168,-1050,572
4.7646,2023,2167,-1050,580
4.7649,2023,2167,-1050,580
4.7654,2023,2165,-1050,580
4.7658,2023,2165,-1050,580
4.7661,2023,2165,-1050,580
4.7665,2023,2164,-1050,588
4.7668,2023,2164,-1050,588
4.7672,2023,2164,-1050,588
4.7676,2023,2162,-1050,588
4.7680,2023,2162,-1050,588
4.7684,2023,2160,-1050,588
4.7688,2023,2160,-1050,588
4.7692,2023,2160,-1050,588
4.7695,2023,2159,-1050,596
4.7699,2023,2159,-1050,596
4.7704,2001,2157,-1050,596
4.7711,2001,2157,-1050,596
4.7715,2001,2156,-1050,604
4.7719,2001,2156,-1050,604
4.7723,2001,2154,-1050,576
4.7726,2001,2154,-1050,576
4.7730,2001,2154,-1050,576
4.7734,2001,2152,-1050,576
4.7738,2001,2152,-1050,576
4.7742,2001,2152,-1050,576
4.7746,2001,2150,-1550,576
4.7750,2001,2150,-1550,576
4.7754,2001,2149,-1550,592
4.7757,2001,2149,-1550,592
4.7761,2001,2149,-1550,592
4.7765,2001,2147,-1550,592
4.7768,2001,2147,-1550,592
4.7772,2001,2146,-1550,600
4.7776,2001,2146,-1550,600
4.7780,2001,2146,-1550,600
4.7784,2001,2144,-1550,600
4.7788,2001,2144,-1550,600
4.7792,2001,2144,-1550,600
4.7795,2001,2142,-1550,600
4.7799,2001,2142,-1550,600
4.7804,1980,2140,-1550,600
4.7811,1980,2140,-1550,600
4.7815,1980,2138,-1550,600
4.7819,1980,2138,-1550,600
4.7822,1980,2137,-1550,608
4.7826,1980,2137,-1550,608
4.7830,1980,2137,-1550,608
4.7834,1980,2135,-1550,608
4.7837,1980,2135,-1550,608
4.7841,1980,2135,-1550,608
4.7845,1980,2133,-1550,608
4.7849,1980,2133,-1550,608
4.7853,1980,2131,-1550,608
4.7856,1980,2131,-1550,608
4.7860,1980,2131,-1550,608
4.7864,1980,2129,-1550,608
4.7868,1980,2129,-1550,608
4.7871,1980,2129,-1550,608
4.7875,1980,2127,-1550,608
4.7878,1980,2127,-1550,608
4.7882,1980,2125,-1550,608
4.7886,1980,2125,-1550,608
4.7890,1980,2125,-1550,608
4.7893,1980,2123,-1550,608
4.7897,1980,2123,-1550,608
4.7901,1962,2122,-1550,616
4.7908,1962,2122,-1550,616
4.7912,1962,2120,-1550,616
4.7916,1962,2120,-1550,616
4.7919,1962,2120,-1550,616
4.7924,1962,2118,-1550,596
4.7928,1962,2118,-1550,596
4.7931,1962,2116,-1550,596
4.7935,1962,2116,-1550,596
4.7939,1962,2116,-1550,596
4.7944,1962,2114,-1800,596
4.7947,1962,2114,-1800,596
4.7951,1962,2112,-1800,596
4.7955,1962,2112,-1800,596
4.7959,1962,2112,-1800,596
4.7963,1962,2110,-1800,596
4.7966,1962,2110,-1800,596
4.7970,1962,2110,-1800,596
4.7974,1962,2108,-1800,596
4.7978,1962,2108,-1800,596
4.7981,1962,2106,-1800,596
4.7985,1962,2106,-1800,596
4.7989,1962,2106,-1800,596
4.7994,1962,2104,-1800,596
4.7997,1962,2104,-1800,596
4.8001,1943,2102,-1800,596
4.8008,1943,2102,-1800,596
4.8012,1943,2100,-1800,596
4.8016,1943,2100,-1800,596
4.8020,1943,2100,-1800,596
4.8024,1943,2098,-1800,588
4.8027,1943,2098,-1800,588
4.8031,1943,2097,-1800,596
4.8035,1943,2097,-1800,596
4.8039,1943,2097,-1800,596
4.8043,1943,2095,-1800,596
4.8046,1943,2095,-1800,596
4.8050,1943,2095,-1800,596
4.8054,1943,2092,-1800,588
4.8058,1943,2092,-1800,588
4.8062,1943,2091,-1800,604
4.8066,1943,2091,-1800,604
4.8070,1943,2091,-1800,604
4.8074,1943,2089,-1800,596
4.8078,1943,2089,-1800,596
4.8081,1943,2087,-1800,596
4.8085,1943,2087,-1800,596
4.8089,1943,2087,-1800,596
4.8093,1943,2085,-1800,596
4.8096,1943,2085,-1800,596
4.8100,1927,2083,-1800,596
4.8108,1927,2083,-1800,596
4.8112,1927,2081,-1800,596
4.8115,1927,2081,-1800,596
4.8119,1927,2081,-1800,596
4.8124,1927,2078,-1800,564
4.8128,1927,2078,-1800,564
4.8131,1927,2076,-1800,564
4.8135,1927,2076,-1800,564
4.8139,1927,2076,-1800,564
4.8144,1927,2075,-1950,572
4.8147,1927,2075,-1950,572
4.8151,1927,2073,-1950,572
4.8155,1927,2073,-1950,572
4.8159,1927,2073,-1950,572
4.8163,1927,2070,-1950,564
4.8167,1927,2070,-1950,564
4.8170,1927,2068,-1950,564
4.8174,1927,2068,-1950,564
4.8177,1927,2068,-1950,564
4.8181,1927,2066,-1950,564
4.8185,1927,2066,-1950,564
4.8188,1927,2066,-1950,564
4.8192,1927,2064,-1950,564
4.8196,1927,2064,-1950,564
4.8200,1927,2062,-1950,564
4.8204,1912,2062,-1950,564
4.8211,1912,2060,-1950,564
4.8215,1912,2060,-1950,564
4.8219,1912,2060,-1950,564
4.8223,1912,2058,-1950,556
4.8227,1912,2058,-1950,556
4.8230,1912,2056,-1950,556
4.8234,1912,2056,-1950,556
4.8238,1912,2056,-1950,556
4.8242,1912,2054,-1950,556
4.8246,1912,2054,-1950,556
4.8250,1912,2052,-1950,556
4.8253,1912,2052,-1950,556
4.8257,1912,2052,-1950,556
4.8261,1912,2050,-1950,556
4.8265,1912,2050,-1950,556
4.8269,1912,2050,-1950,556
4.8273,1912,2048,-1950,556
4.8277,1912,2048,-1950,556
4.8281,1912,2046,-1950,556
4.8285,1912,2046,-1950,556
4.8288,1912,2046,-1950,556
4.8292,1912,2044,-1950,556
4.8296,1912,2044,-1950,556
4.8300,1900,2042,-1950,556
4.8307,1900,2042,-1950,556
4.8311,1900,2040,-1950,548
4.8315,1900,2040,-1950,548
4.8319,1900,2040,-1950,548
4.8323,1900,2038,-1950,544
4.8326,1900,2038,-1950,544
4.8330,1900,2036,-1950,544
4.8334,1900,2036,-1950,544
4.8338,1900,2036,-1950,544
4.8342,1900,2034,-2050,544
4.8345,1900,2034,-2050,544
4.8349,1900,2034,-2050,544
4.8352,1900,2032,-2050,544
4.8356,1900,2032,-2050,544
4.8359,1900,2030,-2050,544
4.8363,1900,2030,-2050,544
4.8367,1900,2030,-2050,544
4.8371,1900,2028,-2050,536
4.8375,1900,2028,-2050,536
4.8378,1900,2028,-2050,536
4.8382,1900,2026,-2050,536
4.8386,1900,2026,-2050,536
4.8390,1900,2024,-2050,536
4.8394,1900,2024,-2050,536
4.8398,1900,2024,-2050,536
4.8402,1889,2022,-2050,536
4.8409,1889,2020,-2050,528
4.8414,1889,2020,-2050,528
4.8418,1889,2020,-2050,528
4.8421,1889,2018,-2050,528
4.8425,1889,2018,-2050,528
4.8429,1889,2016,-2050,528
4.8433,1889,2016,-2050,528
4.8437,1889,2016,-2050,528
4.8441,1889,2014,-2050,528
4.8445,1889,2014,-2050,528
4.8448,1889,2014,-2050,528
4.8452,1889,2012,-2050,520
4.8456,1889,2012,-2050,520
4.8460,1889,2010,-2050,520
4.8464,1889,2010,-2050,520
4.8468,1889,2010,-2050,520
4.8471,1889,2008,-2050,520
4.8475,1889,2008,-2050,520
4.8479,1889,2006,-2050,520
4.8484,1889,2006,-2050,520
4.8487,1889,2006,-2050,520
4.8491,1889,2004,-2050,512
4.8495,1889,2004,-2050,512
4.8499,1889,2002,-2050,512
4.8502,1882,2002,-2050,512
4.8510,1882,2000,-2050,512
4.8514,1882,2000,-2050,512
4.8517,1882,2000,-2050,512
4.8521,1882,1998,-2050,492
4.8525,1882,1998,-2050,492
4.8529,1882,1997,-2050,500
4.8534,1882,1997,-2050,500
4.8537,1882,1997,-2050,500
4.8542,1882,1995,-1950,500
4.8545,1882,1995,-1950,500
4.8549,1882,1993,-1950,492
4.8554,1882,1993,-1950,492
4.8557,1882,1993,-1950,492
4.8561,1882,1991,-1950,492
4.8565,1882,1991,-1950,492
4.8569,1882,1989,-1950,484
4.8572,1882,1989,-1950,484
4.8576,1882,1989,-1950,484
4.8580,1882,1987,-1950,484
4.8584,1882,1987,-1950,484
4.8588,1882,1987,-1950,484
4.8591,1882,1985,-1950,476
4.8595,1882,1985,-1950,476
4.8599,1882,1983,-1950,476
4.8602,1876,1983,-1950,476
4.8609,1876,1981,-1950,468
4.8614,1876,1981,-1950,468
4.8618,1876,1981,-1950,468
4.8622,1876,1980,-1950,476
4.8625,1876,1980,-1950,476
4.8629,1876,1978,-1950,468
4.8634,1876,1978,-1950,468
4.8637,1876,1978,-1950,468
4.8641,1876,1976,-1950,468
4.8645,1876,1976,-1950,468
4.8649,1876,1974,-1950,460
4.8653,1876,1974,-1950,460
4.8657,1876,1974,-1950,460
4.8660,1876,1972,-1950,460
4.8664,1876,1972,-1950,460
4.8668,1876,1970,-1950,452
4.8672,1876,1970,-1950,452
4.8676,1876,1970,-1950,452
4.8679,1876,1968,-1950,452
4.8684,1876,1968,-1950,452
4.8687,1876,1968,-1950,452
4.8691,1876,1967,-1950,452
4.8695,1876,1967,-1950,452
4.8699,1876,1965,-1950,444
4.8704,1874,1965,-1950,444
4.8710,1874,1963,-1950,444
4.8714,1874,1963,-1950,444
4.8718,1874,1961,-1950,428
4.8722,1874,1961,-1950,428
4.8726,1874,1961,-1950,428
4.8729,1874,1959,-1950,420
4.8734,1874,1959,-1950,420
4.8737,1874,1958,-1850,420
4.8741,1874,1958,-1850,420
4.8745,1874,1958,-1850,420
4.8749,1874,1956,-1850,420
4.8753,1874,1956,-1850,420
4.8757,1874,1956,-1850,420
4.8760,1874,1954,-1850,412
4.8764,1874,1954,-1850,412
4.8768,1874,1952,-1850,404
4.8772,1874,1952,-1850,404
4.8776,1874,1952,-1850,404
4.8780,1874,1950,-1850,396
4.8784,1874,1950,-1850,396
4.8787,1874,1948,-1850,388
4.8791,1874,1948,-1850,388
4.8795,1874,1948,-1850,388
4.8798,1874,1947,-1850,388
4.8802,1874,1947,-1850,388
4.8809,1874,1945,-1850,380
4.8813,1874,1945,-1850,380
4.8817,1874,1943,-1850,380
4.8821,1874,1943,-1850,380
4.8825,1874,1943,-1850,380
4.8828,1874,1941,-1850,372
4.8832,1874,1941,-1850,372
4.8836,1874,1941,-1850,372
4.8840,1874,1940,-1850,372
4.8844,1874,1940,-1850,372
4.8848,1874,1938,-1850,356
4.8852,1874,1938,-1850,356
4.8856,1874,1938,-1850,356
4.8859,1874,1936,-1850,348
4.8863,1874,1936,-1850,348
4.8867,1874,1935,-1850,348
4.8871,1874,1935,-1850,348
4.8875,1874,1935,-1850,348
4.8878,1874,1933,-1850,340
4.8882,1874,1933,-1850,340
4.8885,1874,1933,-1850,340
4.8889,1874,1931,-1850,332
4.8894,1874,1931,-1850,332
4.8897,1874,1930,-1850,332
4.8901,1876,1930,-1850,332
4.8908,1876,1928,-1850,324
4.8912,1876,1928,-1850,324
4.8916,1876,1927,-1850,300
4.8920,1876,1927,-1850,300
4.8924,1876,1927,-1850,300
4.8928,1876,1925,-1850,284
4.8932,1876,1925,-1850,284
4.8935,1876,1925,-1850,284
4.8939,1876,1924,-1700,284
4.8944,1876,1924,-1700,284
4.8947,1876,1922,-1700,276
4.8951,1876,1922,-1700,276
4.8955,1876,1922,-1700,276
4.8959,1876,1921,-1700,268
4.8963,1876,1921,-1700,268
4.8967,1876,1919,-1700,260
4.8970,1876,1919,-1700,260
4.8974,1876,1919,-1700,260
4.8977,1876,1917,-1700,252
4.8981,1876,1917,-1700,252
4.8985,1876,1917,-1700,252
4.8989,1876,1916,-1700,244
4.8993,1876,1916,-1700,244
4.8996,1876,1914,-1700,236
4.9000,1882,1914,-1700,236
4.9007,1882,1913,-1700,228
4.9011,1882,1913,-1700,228
4.9015,1882,1913,-1700,228
4.9019,1882,1912,-1700,228
4.9022,1882,1912,-1700,228
4.9026,1882,1910,-1700,220
4.9030,1882,1910,-1700,220
4.9034,1882,1910,-1700,220
4.9038,1882,1909,-1700,212
4.9042,1882,1909,-1700,212
4.9045,1882,1909,-1700,212
4.9049,1882,1908,-1700,204
4.9054,1882,1908,-1700,204
4.9057,1882,1906,-1700,196
4.9061,1882,1906,-1700,196
4.9065,1882,1906,-1700,196
4.9069,1882,1905,-1700,188
4.9072,1882,1905,-1700,188
4.9076,1882,1904,-1700,188
4.9079,1882,1904,-1700,188
4.9083,1882,1904,-1700,188
4.9087,1882,1902,-1700,172
4.9090,1882,1902,-1700,172
4.9094,1882,1902,-1700,172
4.9098,1882,1901,-1700,164
4.9102,1890,1901,-1700,164
4.9109,1890,1900,-1700,164
4.9114,1890,1900,-1700,164
4.9118,1890,1899,-1700,136
4.9121,1890,1899,-1700,136
4.9125,1890,1897,-1700,120
4.9129,1890,1897,-1700,120
4.9134,1890,1897,-1700,120
4.9137,1890,1896,-1400,112
4.9141,1890,1896,-1400,112
4.9145,1890,1896,-1400,112
4.9149,1890,1895,-1400,112
4.9154,1890,1895,-1400,112
4.9157,1890,1894,-1400,104
4.9161,1890,1894,-1400,104
4.9165,1890,1893,-1400,96
4.9169,1890,1893,-1400,96
4.9174,1890,1893,-1400,96
4.9178,1890,1892,-1400,88
4.9183,1890,1892,-1400,88
4.9188,1890,1891,-1400,80
4.9192,1890,1891,-1400,80
4.9196,1890,1890,-1400,72
4.9199,1890,1890,-1400,72
4.9204,1900,1889,-1400,64
4.9211,1900,1889,-1400,64
4.9214,1900,1889,-1400,64
4.9218,1900,1888,-1400,56
4.9222,1900,1888,-1400,56
4.9225,1900,1887,-1400,48
4.9229,1900,1887,-1400,48
4.9233,1900,1887,-1400,48
4.9236,1900,1886,-1400,40
4.9240,1900,1886,-1400,40
4.9244,1900,1886,-1400,40
4.9248,1900,1885,-1400,32
4.9252,1900,1885,-1400,32
4.9255,1900,1884,-1400,24
4.9259,1900,1884,-1400,24
4.9264,1900,1884,-1400,24
4.9268,1900,1883,-1400,0
4.9271,1900,1883,-1400,0
4.9275,1900,1883,-1400,-24
4.9279,1900,1883,-1400,-24
4.9283,1900,1883,-1400,-24
4.9287,1900,1882,-1400,-32
4.9291,1900,1882,-1400,-32
4.9295,1900,1881,-1400,-40
4.9299,1900,1881,-1400,-40
4.9303,1913,1880,-1400,-48
4.9310,1913,1880,-1400,-48
4.9314,1913,1880,-1400,-48
4.9317,1913,1880,-1400,-64
4.9321,1913,1880,-1400,-64
4.9325,1913,1879,-1400,-72
4.9329,1913,1879,-1400,-72
4.9332,1913,1879,-1400,-72
4.9336,1913,1879,-850,-72
4.9340,1913,1879,-850,-72
4.9344,1913,1879,-850,-72
4.9348,1913,1878,-850,-88
4.9352,1913,1878,-850,-88
4.9356,1913,1878,-850,-88
4.9359,1913,1878,-850,-88
4.9363,1913,1878,-850,-88
4.9367,1913,1877,-850,-96
4.9371,1913,1877,-850,-96
4.9375,1913,1876,-850,-96
4.9379,1913,1876,-850,-96
4.9383,1913,1876,-850,-96
4.9387,1913,1876,-850,-104
4.9390,1913,1876,-850,-104
4.9394,1913,1876,-850,-104
4.9398,1913,1876,-850,-104
4.9402,1927,1875,-850,-120
4.9409,1927,1875,-850,-120
4.9414,1927,1875,-850,-120
4.9417,1927,1875,-850,-120
4.9421,1927,1875,-850,-120
4.9425,1927,1874,-850,-136
4.9429,1927,1874,-850,-136
4.9434,1927,1874,-850,-136
4.9437,1927,1874,-850,-136
4.9441,1927,1874,-850,-136
4.9445,1927,1874,-850,-144
4.9449,1927,1874,-850,-144
4.9454,1927,1874,-850,-144
4.9458,1927,1874,-850,-152
4.9461,1927,1874,-850,-152
4.9465,1927,1874,-850,-152
4.9469,1927,1874,-850,-152
4.9473,1927,1874,-850,-152
4.9477,1927,1874,-850,-160
4.9481,1927,1874,-850,-160
4.9485,1927,1874,-850,-168
4.9489,1927,1874,-850,-168
4.9492,1927,1874,-850,-168
4.9496,1927,1874,-850,-176
4.9500,1944,1874,-850,-176
4.9507,1944,1874,-850,-176
4.9511,1944,1874,-850,-176
4.9515,1944,1874,-850,-164
4.9519,1944,1874,-850,-164
4.9523,1944,1874,-850,-164
4.9526,1944,1874,-850,-172
4.9530,1944,1874,-850,-172
4.9534,1944,1874,-250,-180
4.9537,1944,1874,-250,-180
4.9541,1944,1874,-250,-180
4.9545,1944,1874,-250,-188
4.9549,1944,1874,-250,-188
4.9552,1944,1874,-250,-188
4.9556,1944,1874,-250,-196
4.9560,1944,1874,-250,-196
4.9563,1944,1874,-250,-204
4.9567,1944,1874,-250,-204
4.9570,1944,1874,-250,-204
4.9574,1944,1874,-250,-212
4.9578,1944,1874,-250,-212
4.9582,1944,1874,-250,-212
4.9586,1944,1874,-250,-220
4.9590,1944,1874,-250,-220
4.9593,1944,1874,-250,-228
4.9597,1944,1874,-250,-228
4.9601,1962,1874,-250,-236
4.9608,1962,1874,-250,-236
4.9611,1962,1874,-250,-236
4.9615,1962,1874,-250,-244
4.9619,1962,1874,-250,-244
4.9623,1962,1874,-250,-244
4.9627,1962,1874,-250,-252
4.9631,1962,1874,-250,-252
4.9634,1962,1874,-250,-260
4.9638,1962,1874,-250,-260
4.9642,1962,1874,-250,-260
4.9646,1962,1874,-250,-268
4.9650,1962,1874,-250,-268
4.9653,1962,1874,-250,-276
4.9657,1962,1874,-250,-276
4.9661,1962,1874,-250,-276
4.9665,1962,1874,-250,-284
4.9669,1962,1874,-250,-284
4.9672,1962,1874,-250,-284
4.9676,1962,1875,-250,-292
4.9680,1962,1875,-250,-292
4.9684,1962,1875,-250,-300
4.9688,1962,1875,-250,-300
4.9692,1962,1875,-250,-300
4.9695,1962,1875,-250,-308
4.9699,1962,1875,-250,-308
4.9703,1982,1876,-250,-308
4.9711,1982,1876,-250,-308
4.9714,1982,1877,-250,-332
4.9718,1982,1877,-250,-332
4.9722,1982,1877,-250,-340
4.9726,1982,1877,-250,-340
4.9730,1982,1877,-250,-340
4.9734,1982,1877,150,-348
4.9738,1982,1877,150,-348
4.9742,1982,1877,150,-348
4.9745,1982,1878,150,-356
4.9749,1982,1878,150,-356
4.9754,1982,1879,150,-356
4.9757,1982,1879,150,-356
4.9761,1982,1879,150,-356
4.9765,1982,1879,150,-372
4.9769,1982,1879,150,-372
4.9774,1982,1880,150,-372
4.9778,1982,1880,150,-372
4.9782,1982,1880,150,-372
4.9785,1982,1880,150,-388
4.9789,1982,1880,150,-388
4.9794,1982,1881,150,-388
4.9797,1982,1881,150,-388
4.9801,2002,1882,150,-396
4.9808,2002,1882,150,-396
4.9812,2002,1883,150,-396
4.9816,2002,1883,150,-396
4.9820,2002,1883,150,-396
4.9824,2002,1883,150,-412
4.9828,2002,1883,150,-412
4.9831,2002,1883,150,-412
4.9835,2002,1884,150,-420
4.9839,2002,1884,150,-420
4.9844,2002,1885,150,-420
4.9848,2002,1885,150,-420
4.9851,2002,1885,150,-420
4.9855,2002,1886,150,-428
4.9858,2002,1886,150,-428
4.9862,2002,1887,150,-436
4.9866,2002,1887,150,-436
4.9870,2002,1887,150,-436
4.9874,2002,1888,150,-436
4.9878,2002,1888,150,-436
4.9882,2002,1889,150,-444
4.9886,2002,1889,150,-444
4.9890,2002,1889,150,-444
4.9894,2002,1890,150,-452
4.9898,2002,1890,150,-452
4.9902,2023,1891,150,-460
4.9909,2023,1891,150,-460
4.9914,2023,1892,150,-448
4.9918,2023,1892,150,-448
4.9921,2023,1892,150,-448
4.9925,2023,1893,150,-456
4.9929,2023,1893,150,-456
4.9933,2023,1894,850,-464
4.9936,2023,1894,850,-464
4.9940,2023,1894,850,-464
4.9944,2023,1895,850,-472
4.9948,2023,1895,850,-472
4.9951,2023,1896,850,-480
4.9955,2023,1896,850,-480
4.9959,2023,1896,850,-480
4.9962,2023,1897,850,-488
4.9966,2023,1897,850,-488
4.9970,2023,1897,850,-488
4.9974,2023,1898,850,-496
4.9978,2023,1898,850,-496
4.9982,2023,1899,850,-504
4.9986,2023,1899,850,-504
4.9990,2023,1899,850,-504
4.9994,2023,1900,850,-512
4.9998,2023,1900,850,-512
