solid OpenSCAD_Model
  facet normal -1 0 0
    outer loop
      vertex 121 -14 100
      vertex 121 -12.691814035342734 100.16662913856025
      vertex 121 -12.7 100
    endloop
  endfacet
  facet normal -1 0 0
    outer loop
      vertex 121 -14 100
      vertex 121 -14 105.84137931034482
      vertex 121 -12.667334976685492 100.33165354742742
    endloop
  endfacet
  facet normal -1 0 0
    outer loop
      vertex 121 -14 100
      vertex 121 -12.667334976685492 100.33165354742742
      vertex 121 -12.691814035342734 100.16662913856025
    endloop
  endfacet
  facet normal -1 0 0
    outer loop
      vertex 121 -14 105.84137931034482
      vertex 121 -12.626798570744755 100.49348395133259
      vertex 121 -12.667334976685492 100.33165354742742
    endloop
  endfacet
  facet normal -1 0 0
    outer loop
      vertex 121 -14 105.84137931034482
      vertex 121 -12.570595205269187 100.65056183502065
      vertex 121 -12.626798570744755 100.49348395133259
    endloop
  endfacet
  facet normal -1 0 0
    outer loop
      vertex 121 -14 105.84137931034482
      vertex 121 -12.499266149392204 100.8013744526042
      vertex 121 -12.570595205269187 100.65056183502065
    endloop
  endfacet
  facet normal -1 0 0
    outer loop
      vertex 121 -14 100
      vertex 121 -15 106
      vertex 121 -14.991735537190083 106
    endloop
  endfacet
  facet normal -1 0 0
    outer loop
      vertex 121 -14 100
      vertex 121 -14.991735537190083 106
      vertex 121 -14 105.84137931034482
    endloop
  endfacet
  facet normal -1 0 0
    outer loop
      vertex 121 -14.991735537190083 106
      vertex 121 -15 106.05
      vertex 121 -14 105.84137931034482
    endloop
  endfacet
  facet normal -1 0 0
    outer loop
      vertex 121 -15 106.05
      vertex 121 -14 106
      vertex 121 -14 105.84137931034482
    endloop
  endfacet
  facet normal -1 0 0
    outer loop
      vertex 121 -14 105.84137931034482
      vertex 121 -12.413498340914327 100.94446939613333
      vertex 121 -12.499266149392204 100.8013744526042
    endloop
  endfacet
  facet normal -1 0 0
    outer loop
      vertex 121 -14 105.84137931034482
      vertex 121 -12.314117770716653 101.07846858307819
      vertex 121 -12.413498340914327 100.94446939613333
    endloop
  endfacet
  facet normal -1 0 0
    outer loop
      vertex 121 -14 105.84137931034482
      vertex 121 -12.20208152801713 101.20208152801713
      vertex 121 -12.314117770716653 101.07846858307819
    endloop
  endfacet
  facet normal -1 0 0
    outer loop
      vertex 121 -14 105.84137931034482
      vertex 121 -12.078468583078198 101.31411777071665
      vertex 121 -12.20208152801713 101.20208152801713
    endloop
  endfacet
  facet normal -1 0 0
    outer loop
      vertex 121 -14 105.84137931034482
      vertex 121 -11.944469396133323 101.41349834091433
      vertex 121 -12.078468583078198 101.31411777071665
    endloop
  endfacet
  facet normal -1 0 0
    outer loop
      vertex 121 -14 105.84137931034482
      vertex 121 -11.801374452604197 101.4992661493922
      vertex 121 -11.944469396133323 101.41349834091433
    endloop
  endfacet
  facet normal -1 0 0
    outer loop
      vertex 121 -14 105.84137931034482
      vertex 121 -11.650561835020653 101.57059520526919
      vertex 121 -11.801374452604197 101.4992661493922
    endloop
  endfacet
  facet normal -1 0 0
    outer loop
      vertex 121 -14 105.84137931034482
      vertex 121 -11.493483951332585 101.62679857074475
      vertex 121 -11.650561835020653 101.57059520526919
    endloop
  endfacet
  facet normal -1 0 0
    outer loop
      vertex 121 -14 105.84137931034482
      vertex 121 -11.331653547427418 101.6673349766855
      vertex 121 -11.493483951332585 101.62679857074475
    endloop
  endfacet
  facet normal -1 0 0
    outer loop
      vertex 121 -14 105.84137931034482
      vertex 121 -11.166629138560253 101.69181403534273
      vertex 121 -11.331653547427418 101.6673349766855
    endloop
  endfacet
  facet normal -1 0 0
    outer loop
      vertex 121 -15 106.05
      vertex 121 -5.5 106.03362068965517
      vertex 121 -14 106
    endloop
  endfacet
  facet normal -1 0 0
    outer loop
      vertex 121 -9.3 100
      vertex 121 -9.308185964657266 100.16662913856025
      vertex 121 -5.5 100
    endloop
  endfacet
  facet normal -1 0 0
    outer loop
      vertex 121 -5.5 104.06810344827586
      vertex 121 -10.349438164979347 101.57059520526919
      vertex 121 -10.506516048667415 101.62679857074475
    endloop
  endfacet
  facet normal -1 0 0
    outer loop
      vertex 121 -5.5 104.06810344827586
      vertex 121 -10.198625547395803 101.4992661493922
      vertex 121 -10.349438164979347 101.57059520526919
    endloop
  endfacet
  facet normal -1 0 0
    outer loop
      vertex 121 -5.5 104.06810344827586
      vertex 121 -10.055530603866677 101.41349834091433
      vertex 121 -10.198625547395803 101.4992661493922
    endloop
  endfacet
  facet normal -1 0 0
    outer loop
      vertex 121 -5.5 104.06810344827586
      vertex 121 -9.921531416921802 101.31411777071665
      vertex 121 -10.055530603866677 101.41349834091433
    endloop
  endfacet
  facet normal -1 0 0
    outer loop
      vertex 121 -5.5 104.06810344827586
      vertex 121 -9.373201429255245 100.49348395133259
      vertex 121 -9.429404794730813 100.65056183502065
    endloop
  endfacet
  facet normal -1 0 0
    outer loop
      vertex 121 -5.5 104.06810344827586
      vertex 121 -9.308185964657266 100.16662913856025
      vertex 121 -9.332665023314508 100.33165354742742
    endloop
  endfacet
  facet normal -1 0 0
    outer loop
      vertex 121 -5.5 104.06810344827586
      vertex 121 -9.332665023314508 100.33165354742742
      vertex 121 -9.373201429255245 100.49348395133259
    endloop
  endfacet
  facet normal -1 0 0
    outer loop
      vertex 121 -5.5 104.06810344827586
      vertex 121 -9.429404794730813 100.65056183502065
      vertex 121 -9.500733850607796 100.8013744526042
    endloop
  endfacet
  facet normal -1 0 0
    outer loop
      vertex 121 -5.5 104.06810344827586
      vertex 121 -9.500733850607796 100.8013744526042
      vertex 121 -9.586501659085673 100.94446939613333
    endloop
  endfacet
  facet normal -1 0 0
    outer loop
      vertex 121 -5.5 104.06810344827586
      vertex 121 -9.685882229283347 101.07846858307819
      vertex 121 -9.79791847198287 101.20208152801713
    endloop
  endfacet
  facet normal -1 0 0
    outer loop
      vertex 121 -5.5 104.06810344827586
      vertex 121 -9.79791847198287 101.20208152801713
      vertex 121 -9.921531416921802 101.31411777071665
    endloop
  endfacet
  facet normal -1 0 0
    outer loop
      vertex 121 -5.5 104.06810344827586
      vertex 121 -9.586501659085673 100.94446939613333
      vertex 121 -9.685882229283347 101.07846858307819
    endloop
  endfacet
  facet normal -1 0 0
    outer loop
      vertex 121 -14 105.84137931034482
      vertex 121 -5.5 104.06810344827586
      vertex 121 -11.166629138560253 101.69181403534273
    endloop
  endfacet
  facet normal -1 0 0
    outer loop
      vertex 121 -5.5 104.06810344827586
      vertex 121 -11 101.7
      vertex 121 -11.166629138560253 101.69181403534273
    endloop
  endfacet
  facet normal -1 0 0
    outer loop
      vertex 121 -5.5 104.06810344827586
      vertex 121 -10.833370861439747 101.69181403534273
      vertex 121 -11 101.7
    endloop
  endfacet
  facet normal -1 0 0
    outer loop
      vertex 121 -5.5 104.06810344827586
      vertex 121 -10.668346452572582 101.6673349766855
      vertex 121 -10.833370861439747 101.69181403534273
    endloop
  endfacet
  facet normal -1 0 0
    outer loop
      vertex 121 -5.5 104.06810344827586
      vertex 121 -10.506516048667415 101.62679857074475
      vertex 121 -10.668346452572582 101.6673349766855
    endloop
  endfacet
  facet normal -1 0 0
    outer loop
      vertex 121 -14 106
      vertex 121 -5.5 106.03362068965517
      vertex 121 -5.5 106
    endloop
  endfacet
  facet normal 0 -0.9863939238321437 -0.1643989873053573
    outer loop
      vertex 121 -14 100
      vertex 128 -15 106
      vertex 121 -15 106
    endloop
  endfacet
  facet normal -1 0 0
    outer loop
      vertex 121 -5.5 100
      vertex 121 -9.308185964657266 100.16662913856025
      vertex 121 -5.5 104.06810344827586
    endloop
  endfacet
  facet normal 0 -0.9863939238321436 -0.16439898730535799
    outer loop
      vertex 121 -14 100
      vertex 128 -14 100
      vertex 128 -14.138386987277014 100.83032192366208
    endloop
  endfacet
  facet normal -9.683872364244216e-17 -0.9863939238321439 -0.16439898730535718
    outer loop
      vertex 121 -14 100
      vertex 128 -14.138386987277014 100.83032192366208
      vertex 128 -15 106
    endloop
  endfacet
  facet normal 0 -1 0
    outer loop
      vertex 121 -15 106
      vertex 128 -15 106
      vertex 128 -15 106.02423814624386
    endloop
  endfacet
  facet normal -1 0 0
    outer loop
      vertex 121 5.5 100
      vertex 121 5.5 101.77327586206896
      vertex 121 9.308185964657266 100.16662913856025
    endloop
  endfacet
  facet normal -1 0 0
    outer loop
      vertex 121 5.5 100
      vertex 121 9.308185964657266 100.16662913856025
      vertex 121 9.3 100
    endloop
  endfacet
  facet normal -1 0 0
    outer loop
      vertex 121 5.5 101.77327586206896
      vertex 121 9.332665023314508 100.33165354742742
      vertex 121 9.308185964657266 100.16662913856025
    endloop
  endfacet
  facet normal -1 0 0
    outer loop
      vertex 121 5.5 101.77327586206896
      vertex 121 9.373201429255245 100.49348395133259
      vertex 121 9.332665023314508 100.33165354742742
    endloop
  endfacet
  facet normal -1 0 0
    outer loop
      vertex 121 5.5 101.77327586206896
      vertex 121 9.429404794730813 100.65056183502065
      vertex 121 9.373201429255245 100.49348395133259
    endloop
  endfacet
  facet normal -1 0 0
    outer loop
      vertex 121 9.573863365522564 100.9233836771927
      vertex 121 9.500733850607796 100.8013744526042
      vertex 121 5.5 101.77327586206896
    endloop
  endfacet
  facet normal -1 0 0
    outer loop
      vertex 121 5.5 101.77327586206896
      vertex 121 9.500733850607796 100.8013744526042
      vertex 121 9.429404794730813 100.65056183502065
    endloop
  endfacet
  facet normal -1 0 0
    outer loop
      vertex 121 14 106
      vertex 121 5.5 106
      vertex 121 5.5 106.0146551724138
    endloop
  endfacet
  facet normal -1 0 0
    outer loop
      vertex 121 14 100
      vertex 121 12.691814035342734 100.16662913856025
      vertex 121 12.67554459443132 100.27630880012727
    endloop
  endfacet
  facet normal -1 0 0
    outer loop
      vertex 121 14 100
      vertex 121 12.7 100
      vertex 121 12.691814035342734 100.16662913856025
    endloop
  endfacet
  facet normal -1 0 0
    outer loop
      vertex 121 14 100
      vertex 121 14 106
      vertex 121 15 106
    endloop
  endfacet
  facet normal 0 0.9863939238321437 -0.1643989873053573
    outer loop
      vertex 121 14 100
      vertex 121 15 106
      vertex 127 14 100
    endloop
  endfacet
  facet normal 0 0.9863939238321437 -0.1643989873053573
    outer loop
      vertex 121 15 106
      vertex 127 15 106
      vertex 127 14 100
    endloop
  endfacet
  facet normal 0 1 0
    outer loop
      vertex 121 15 106
      vertex 127 15 106.02077555392331
      vertex 127 15 106
    endloop
  endfacet
  facet normal 0 0 -1
    outer loop
      vertex 79 -38 126
      vertex 79 -21 126
      vertex 85 -38 126
    endloop
  endfacet
  facet normal -0.9885298826717214 0 -0.15102539874151238
    outer loop
      vertex 78.77083333333333 -21 127.5
      vertex 74.98229220333079 -20.194396742686294 152.29772376001674
      vertex 78.77083333333333 -1.875 127.5
    endloop
  endfacet
  facet normal -0.9885298826717208 0 -0.15102539874151602
    outer loop
      vertex 79 -38 126
      vertex 78.77083333333333 -21 127.5
      vertex 79 -21 126
    endloop
  endfacet
  facet normal 0 0 -1
    outer loop
      vertex 85 -38 126
      vertex 79 -21 126
      vertex 85 -21 126
    endloop
  endfacet
  facet normal 1 0 0
    outer loop
      vertex 85 -38 126
      vertex 85 -21 126
      vertex 85 -21 127.5
    endloop
  endfacet
  facet normal 1 0 0
    outer loop
      vertex 85 -38 126
      vertex 85 -21 127.5
      vertex 85 -1 130
    endloop
  endfacet
  facet normal 1 0 0
    outer loop
      vertex 85 -38 126
      vertex 85 -1 130
      vertex 85 -38 130
    endloop
  endfacet
  facet normal 0.9885298826717213 0 0.15102539874151297
    outer loop
      vertex 85 -38 130
      vertex 85 -1 130
      vertex 81.61845396111741 -20.467960605315508 152.13375589086786
    endloop
  endfacet
  facet normal 0 1 0
    outer loop
      vertex 79 -1 127.5
      vertex 79 -1 130
      vertex 85 -1 127.5
    endloop
  endfacet
  facet normal 0 1 0
    outer loop
      vertex 85 -1 127.5
      vertex 79 -1 130
      vertex 85 -1 130
    endloop
  endfacet
  facet normal 1 0 0
    outer loop
      vertex 85 -21 127.5
      vertex 85 -1 127.5
      vertex 85 -1 130
    endloop
  endfacet
  facet normal 0 -0.9904922731777517 -0.13756837127468774
    outer loop
      vertex 79 -38 126
      vertex 85 -38 126
      vertex 68 -48 198
    endloop
  endfacet
  facet normal -0.9885298826717213 -2.7211340521614555e-16 -0.15102539874151302
    outer loop
      vertex 79 -38 126
      vertex 68 -48 198
      vertex 78.77083333333333 -21 127.5
    endloop
  endfacet
  facet normal -0.9885298826717146 -8.188369552822502e-14 -0.15102539874155693
    outer loop
      vertex 68 -48 198
      vertex 74.66631220850105 -25.1875521613105 154.36595645344758
      vertex 74.71357885016454 -25.110056091129678 154.056574798923
    endloop
  endfacet
  facet normal -0.9885298826717791 7.559942035599876e-13 -0.1510253987411344
    outer loop
      vertex 68 -48 198
      vertex 74.75945739870906 -25.00260848066168 153.75627884481347
      vertex 74.80350601863235 -24.866244109132154 153.4679606053155
    endloop
  endfacet
  facet normal -0.9885298826717088 -1.7679724256064417e-13 -0.15102539874159432
    outer loop
      vertex 68 -48 198
      vertex 74.71357885016454 -25.110056091129678 154.056574798923
      vertex 74.75945739870906 -25.00260848066168 153.75627884481347
    endloop
  endfacet
  facet normal -0.9885298826717254 4.487307847011501e-14 -0.15102539874148652
    outer loop
      vertex 68 -48 198
      vertex 74.56944444444444 -25.25 155
      vertex 74.6181126773164 -25.23435036168464 154.68144429392893
    endloop
  endfacet
  facet normal -0.9885298826717187 -3.6078781106985027e-14 -0.15102539874153045
    outer loop
      vertex 68 -48 198
      vertex 74.52077621157247 -25.23435036168464 155.31855570607107
      vertex 74.56944444444444 -25.25 155
    endloop
  endfacet
  facet normal -0.9885298826717216 8.91469886457457e-15 -0.1510253987415104
    outer loop
      vertex 68 -48 198
      vertex 74.6181126773164 -25.23435036168464 154.68144429392893
      vertex 74.66631220850105 -25.1875521613105 154.36595645344758
    endloop
  endfacet
  facet normal -0.9885298826717218 2.2313132554744475e-15 -0.15102539874151014
    outer loop
      vertex 68 -48 198
      vertex 74.47257668038782 -25.1875521613105 155.63404354655242
      vertex 74.52077621157247 -25.23435036168464 155.31855570607107
    endloop
  endfacet
  facet normal -0.9885298826717235 2.5050007763811795e-14 -0.15102539874149953
    outer loop
      vertex 68 -48 198
      vertex 74.42531003872435 -25.110056091129678 155.943425201077
      vertex 74.47257668038782 -25.1875521613105 155.63404354655242
    endloop
  endfacet
  facet normal -0.9885298826717229 2.0879451828014545e-14 -0.15102539874150184
    outer loop
      vertex 68 -48 198
      vertex 74.37943149017984 -25.00260848066168 156.24372115518653
      vertex 74.42531003872435 -25.110056091129678 155.943425201077
    endloop
  endfacet
  facet normal -0.9885298826717203 -1.1234211888956879e-14 -0.15102539874151977
    outer loop
      vertex 68 -48 198
      vertex 74.33538287025654 -24.866244109132154 156.5320393946845
      vertex 74.37943149017984 -25.00260848066168 156.24372115518653
    endloop
  endfacet
  facet normal -0.9885298826717228 1.7277677767146573e-14 -0.15102539874150275
    outer loop
      vertex 68 -48 198
      vertex 74.29358839124374 -24.70227623998327 156.80560325731372
      vertex 74.33538287025654 -24.866244109132154 156.5320393946845
    endloop
  endfacet
  facet normal -0.9885298826717198 -1.984917363447988e-14 -0.15102539874152293
    outer loop
      vertex 68 -48 198
      vertex 74.25445055682152 -24.512283973428897 157.06177817353185
      vertex 74.29358839124374 -24.70227623998327 156.80560325731372
    endloop
  endfacet
  facet normal -0.9885298826717183 -3.334192802098186e-14 -0.15102539874153223
    outer loop
      vertex 68 -48 198
      vertex 74.18562328183724 -24.06177817353185 157.5122839734289
      vertex 74.21834628573029 -24.29809703885628 157.29809703885627
    endloop
  endfacet
  facet normal -0.9885298826717247 3.707377918070421e-14 -0.15102539874149076
    outer loop
      vertex 68 -48 198
      vertex 74.15659668555811 -23.805603257313706 157.70227623998326
      vertex 74.18562328183724 -24.06177817353185 157.5122839734289
    endloop
  endfacet
  facet normal -0.9885298826717208 -4.978780175476189e-15 -0.1510253987415159
    outer loop
      vertex 68 -48 198
      vertex 74.21834628573029 -24.29809703885628 157.29809703885627
      vertex 74.25445055682152 -24.512283973428897 157.06177817353185
    endloop
  endfacet
  facet normal -0.9885298826717209 -3.770810678140146e-15 -0.15102539874151424
    outer loop
      vertex 68 -48 198
      vertex 74.13154603888259 -23.532039394684492 157.86624410913214
      vertex 74.15659668555811 -23.805603257313706 157.70227623998326
    endloop
  endfacet
  facet normal -0.9885298826717228 1.8544457936228744e-14 -0.15102539874150298
    outer loop
      vertex 68 -48 198
      vertex 74.11071259323225 -23.24372115518654 158.00260848066168
      vertex 74.13154603888259 -23.532039394684492 157.86624410913214
    endloop
  endfacet
  facet normal -0.9885298826717211 -8.51516201997702e-16 -0.1510253987415134
    outer loop
      vertex 68 -48 198
      vertex 74.08245730868867 -22.634043546552416 158.1875521613105
      vertex 74.09429698607741 -22.943425201077 158.11005609112968
    endloop
  endfacet
  facet normal -0.9885298826717195 -1.9507573189678397e-14 -0.15102539874152393
    outer loop
      vertex 68 -48 198
      vertex 74.09429698607741 -22.943425201077 158.11005609112968
      vertex 74.11071259323225 -23.24372115518654 158.00260848066168
    endloop
  endfacet
  facet normal -0.9885298826717177 -3.636521646861792e-14 -0.15102539874153573
    outer loop
      vertex 68 -48 198
      vertex 74.0753075836315 -22.318555706071074 158.23435036168465
      vertex 74.08245730868867 -22.634043546552416 158.1875521613105
    endloop
  endfacet
  facet normal -0.9885298826717264 5.239940025291746e-14 -0.1510253987414795
    outer loop
      vertex 68 -48 198
      vertex 74.07291666666667 -22 158.25
      vertex 74.0753075836315 -22.318555706071074 158.23435036168465
    endloop
  endfacet
  facet normal -0.9885298826717213 -3.2778839859505933e-16 -0.15102539874151302
    outer loop
      vertex 78.77083333333333 -21 127.5
      vertex 68 -48 198
      vertex 74.80350601863235 -24.866244109132154 153.4679606053155
    endloop
  endfacet
  facet normal 0.6726727939963124 -0.7399400733959437 0
    outer loop
      vertex 85 -38 126
      vertex 85 -38 130
      vertex 74 -48 202
    endloop
  endfacet
  facet normal 0.9885298826717213 9.521467536426874e-17 0.15102539874151297
    outer loop
      vertex 85 -38 130
      vertex 81.41461712974346 -24.866244109132154 153.4679606053155
      vertex 74 -48 202
    endloop
  endfacet
  facet normal 0.9885298826717178 4.7804941513506074e-14 0.15102539874153548
    outer loop
      vertex 74 -48 202
      vertex 81.22922378842753 -25.23435036168464 154.68144429392893
      vertex 81.18055555555556 -25.25 155
    endloop
  endfacet
  facet normal 0.9885298826717331 -1.7590513943355657e-13 0.151025398741435
    outer loop
      vertex 74 -48 202
      vertex 81.37056850982016 -25.00260848066168 153.75627884481347
      vertex 81.32468996127565 -25.110056091129678 154.056574798923
    endloop
  endfacet
  facet normal 0.9885298826714308 3.290630291812142e-12 0.15102539874341422
    outer loop
      vertex 74 -48 202
      vertex 81.41461712974346 -24.866244109132154 153.4679606053155
      vertex 81.37056850982016 -25.00260848066168 153.75627884481347
    endloop
  endfacet
  facet normal 0.9885298826717281 -1.0249138411308138e-13 0.15102539874146803
    outer loop
      vertex 74 -48 202
      vertex 81.32468996127565 -25.110056091129678 154.056574798923
      vertex 81.27742331961218 -25.1875521613105 154.36595645344758
    endloop
  endfacet
  facet normal 0.9885298826717217 -8.601799900196e-15 0.15102539874151047
    outer loop
      vertex 74 -48 202
      vertex 81.27742331961218 -25.1875521613105 154.36595645344758
      vertex 81.22922378842753 -25.23435036168464 154.68144429392893
    endloop
  endfacet
  facet normal 0.9885298826717186 3.871544160572229e-14 0.15102539874153062
    outer loop
      vertex 74 -48 202
      vertex 81.18055555555556 -25.25 155
      vertex 81.13188732268358 -25.23435036168464 155.31855570607107
    endloop
  endfacet
  facet normal 0.9885298826717218 -8.206296665236982e-16 0.15102539874150925
    outer loop
      vertex 74 -48 202
      vertex 81.13188732268358 -25.23435036168464 155.31855570607107
      vertex 81.08368779149893 -25.1875521613105 155.63404354655242
    endloop
  endfacet
  facet normal 0.9885298826717189 3.316910589690729e-14 0.1510253987415279
    outer loop
      vertex 74 -48 202
      vertex 81.03642114983546 -25.110056091129678 155.943425201077
      vertex 80.99054260129094 -25.00260848066168 156.24372115518653
    endloop
  endfacet
  facet normal 0.9885298826717234 -2.7603588593076933e-14 0.15102539874149895
    outer loop
      vertex 74 -48 202
      vertex 81.08368779149893 -25.1875521613105 155.63404354655242
      vertex 81.03642114983546 -25.110056091129678 155.943425201077
    endloop
  endfacet
  facet normal 0.9885298826717241 -3.859138104315859e-14 0.15102539874149384
    outer loop
      vertex 74 -48 202
      vertex 80.99054260129094 -25.00260848066168 156.24372115518653
      vertex 80.94649398136765 -24.866244109132154 156.5320393946845
    endloop
  endfacet
  facet normal 0.9885298826717226 -1.8276553106728716e-14 0.15102539874150386
    outer loop
      vertex 74 -48 202
      vertex 80.94649398136765 -24.866244109132154 156.5320393946845
      vertex 80.90469950235486 -24.70227623998327 156.80560325731372
    endloop
  endfacet
  facet normal 0.9885298826717198 1.8954336628947477e-14 0.151025398741523
    outer loop
      vertex 74 -48 202
      vertex 80.90469950235486 -24.70227623998327 156.80560325731372
      vertex 80.86556166793264 -24.512283973428897 157.06177817353185
    endloop
  endfacet
  facet normal 0.9885298826717206 7.245487963972551e-15 0.15102539874151721
    outer loop
      vertex 74 -48 202
      vertex 80.86556166793264 -24.512283973428897 157.06177817353185
      vertex 80.8294573968414 -24.29809703885628 157.29809703885627
    endloop
  endfacet
  facet normal 0.9885298826717218 -8.00930704440814e-15 0.15102539874150955
    outer loop
      vertex 74 -48 202
      vertex 80.8294573968414 -24.29809703885628 157.29809703885627
      vertex 80.79673439294837 -24.06177817353185 157.5122839734289
    endloop
  endfacet
  facet normal 0.9885298826717213 -3.273043324864089e-16 0.1510253987415126
    outer loop
      vertex 74 -48 202
      vertex 80.79673439294837 -24.06177817353185 157.5122839734289
      vertex 80.76770779666923 -23.805603257313706 157.70227623998326
    endloop
  endfacet
  facet normal -1 0 0
    outer loop
      vertex 68 -48 198
      vertex 68 -48 202
      vertex 68 -43 202
    endloop
  endfacet
  facet normal 0 -1 0
    outer loop
      vertex 68 -48 198
      vertex 74 -48 202
      vertex 68 -48 202
    endloop
  endfacet
  facet normal 0 0 1
    outer loop
      vertex 68 -48 202
      vertex 74 -48 202
      vertex 68 -43 202
    endloop
  endfacet
  facet normal 0 -1 0
    outer loop
      vertex 68 -48 198
      vertex 74 -48 198
      vertex 74 -48 202
    endloop
  endfacet
  facet normal -0.9885298826717213 0 -0.1510253987415131
    outer loop
      vertex 68 -48 198
      vertex 68 -43 198
      vertex 74.07291666666667 -22 158.25
    endloop
  endfacet
  facet normal 0 -0.9904922731777517 -0.13756837127468774
    outer loop
      vertex 85 -38 126
      vertex 74 -48 198
      vertex 68 -48 198
    endloop
  endfacet
  facet normal 0.6726727939963124 -0.7399400733959437 0
    outer loop
      vertex 85 -38 126
      vertex 74 -48 202
      vertex 74 -48 198
    endloop
  endfacet
  facet normal 0.9885298826717213 0 0.15102539874151297
    outer loop
      vertex 85 -1 130
      vertex 74 -43 202
      vertex 74 -48 202
    endloop
  endfacet
  facet normal -1 0 0
    outer loop
      vertex 68 -48 198
      vertex 68 -43 202
      vertex 68 -43 198
    endloop
  endfacet
  facet normal 0 0 1
    outer loop
      vertex 74 -48 202
      vertex 74 -43 202
      vertex 68 -43 202
    endloop
  endfacet
  facet normal 0.9885298826717209 2.356912297760899e-15 0.15102539874151447
    outer loop
      vertex 74 -48 202
      vertex 80.76770779666923 -23.805603257313706 157.70227623998326
      vertex 80.7426571499937 -23.532039394684492 157.86624410913214
    endloop
  endfacet
  facet normal 0.9885298826717196 1.919228095943413e-14 0.15102539874152435
    outer loop
      vertex 74 -48 202
      vertex 80.7426571499937 -23.532039394684492 157.86624410913214
      vertex 80.72182370434335 -23.24372115518654 158.00260848066168
    endloop
  endfacet
  facet normal 0.9885298826717229 -1.8961880155714398e-14 0.1510253987415022
    outer loop
      vertex 74 -48 202
      vertex 80.72182370434335 -23.24372115518654 158.00260848066168
      vertex 80.70540809718852 -22.943425201077 158.11005609112968
    endloop
  endfacet
  facet normal 0.9885298826717214 -1.6646503844434015e-15 0.15102539874151186
    outer loop
      vertex 74 -48 202
      vertex 80.70540809718852 -22.943425201077 158.11005609112968
      vertex 80.69356841979979 -22.634043546552416 158.1875521613105
    endloop
  endfacet
  facet normal 0.9885298826717215 -4.649864569629936e-15 0.15102539874151213
    outer loop
      vertex 74 -48 202
      vertex 80.69356841979979 -22.634043546552416 158.1875521613105
      vertex 80.68641869474263 -22.318555706071074 158.23435036168465
    endloop
  endfacet
  facet normal 0.9885298826717185 3.3611594319231976e-14 0.15102539874153112
    outer loop
      vertex 74 -48 202
      vertex 80.68641869474263 -22.318555706071074 158.23435036168465
      vertex 80.68402777777777 -22 158.25
    endloop
  endfacet
  facet normal 0.9885298826717241 -3.582067938731042e-14 0.15102539874149387
    outer loop
      vertex 74 -48 202
      vertex 80.68402777777777 -22 158.25
      vertex 80.68641869474263 -21.681444293928926 158.23435036168465
    endloop
  endfacet
  facet normal 0.9885298826717207 4.366564128949846e-15 0.1510253987415169
    outer loop
      vertex 74 -48 202
      vertex 80.68641869474263 -21.681444293928926 158.23435036168465
      vertex 80.69356841979979 -21.365956453447584 158.1875521613105
    endloop
  endfacet
  facet normal 0.9885298826717211 -2.2300205608102195e-15 0.15102539874151363
    outer loop
      vertex 74 -48 202
      vertex 80.69356841979979 -21.365956453447584 158.1875521613105
      vertex 80.70540809718852 -21.056574798923 158.11005609112968
    endloop
  endfacet
  facet normal -0.9885298826717228 6.668212441682868e-14 -0.15102539874150311
    outer loop
      vertex 78.77083333333333 -21 127.5
      vertex 74.80350601863235 -24.866244109132154 153.4679606053155
      vertex 74.84530049764516 -24.70227623998327 153.19439674268628
    endloop
  endfacet
  facet normal -0.9885298826717216 2.769359600699074e-14 -0.15102539874151022
    outer loop
      vertex 78.77083333333333 -21 127.5
      vertex 75.0073428500063 -23.532039394684492 152.13375589086786
      vertex 75.02817629565665 -23.24372115518654 151.99739151933832
    endloop
  endfacet
  facet normal -0.9885298826717215 1.0184345356550934e-14 -0.15102539874151152
    outer loop
      vertex 78.77083333333333 -21 127.5
      vertex 74.88443833206736 -24.512283973428897 152.93822182646815
      vertex 74.9205426031586 -24.29809703885628 152.70190296114373
    endloop
  endfacet
  facet normal -0.988529882671721 -1.0080349119421301e-14 -0.15102539874151447
    outer loop
      vertex 78.77083333333333 -21 127.5
      vertex 74.9205426031586 -24.29809703885628 152.70190296114373
      vertex 74.95326560705163 -24.06177817353185 152.4877160265711
    endloop
  endfacet
  facet normal -0.9885298826717203 -4.972172060386831e-14 -0.15102539874151938
    outer loop
      vertex 78.77083333333333 -21 127.5
      vertex 74.84530049764516 -24.70227623998327 153.19439674268628
      vertex 74.88443833206736 -24.512283973428897 152.93822182646815
    endloop
  endfacet
  facet normal -0.9885298826717213 2.311908263013961e-15 -0.15102539874151288
    outer loop
      vertex 78.77083333333333 -21 127.5
      vertex 74.95326560705163 -24.06177817353185 152.4877160265711
      vertex 74.98229220333077 -23.805603257313706 152.29772376001674
    endloop
  endfacet
  facet normal -0.9885298826717214 5.567695957323073e-15 -0.15102539874151247
    outer loop
      vertex 78.77083333333333 -21 127.5
      vertex 74.98229220333077 -23.805603257313706 152.29772376001674
      vertex 75.0073428500063 -23.532039394684492 152.13375589086786
    endloop
  endfacet
  facet normal -0.988529882671721 -2.3297285664948974e-14 -0.15102539874151474
    outer loop
      vertex 78.77083333333333 -21 127.5
      vertex 75.02817629565665 -23.24372115518654 151.99739151933832
      vertex 75.04459190281148 -22.943425201077 151.88994390887032
    endloop
  endfacet
  facet normal -0.9885298826717213 2.372469272199346e-14 -0.15102539874151283
    outer loop
      vertex 78.77083333333333 -21 127.5
      vertex 75.04459190281148 -21.056574798923 151.88994390887032
      vertex 75.02817629565665 -20.75627884481346 151.99739151933832
    endloop
  endfacet
  facet normal -0.9885298826717213 -2.5369865167963335e-14 -0.15102539874151233
    outer loop
      vertex 78.77083333333333 -21 127.5
      vertex 75.02817629565665 -20.75627884481346 151.99739151933832
      vertex 75.0073428500063 -20.467960605315508 152.13375589086786
    endloop
  endfacet
  facet normal -0.9885298826717213 9.481900005696668e-16 -0.1510253987415129
    outer loop
      vertex 78.77083333333333 -21 127.5
      vertex 75.04459190281148 -22.943425201077 151.88994390887032
      vertex 75.05643158020021 -22.634043546552416 151.8124478386895
    endloop
  endfacet
  facet normal -0.9885298826717213 -4.912703639642212e-15 -0.15102539874151313
    outer loop
      vertex 78.77083333333333 -21 127.5
      vertex 75.05643158020021 -22.634043546552416 151.8124478386895
      vertex 75.06358130525737 -22.318555706071074 151.76564963831535
    endloop
  endfacet
  facet normal -0.9885298826717211 -1.0597814419445304e-14 -0.1510253987415136
    outer loop
      vertex 78.77083333333333 -21 127.5
      vertex 75.06358130525737 -22.318555706071074 151.76564963831535
      vertex 75.06597222222221 -22 151.75
    endloop
  endfacet
  facet normal -0.9885298826717213 1.1342635137461857e-14 -0.1510253987415127
    outer loop
      vertex 78.77083333333333 -21 127.5
      vertex 75.06597222222221 -22 151.75
      vertex 75.06358130525737 -21.681444293928926 151.76564963831535
    endloop
  endfacet
  facet normal -0.9885298826717213 5.55385500387949e-15 -0.15102539874151286
    outer loop
      vertex 78.77083333333333 -21 127.5
      vertex 75.06358130525737 -21.681444293928926 151.76564963831535
      vertex 75.05643158020021 -21.365956453447584 151.8124478386895
    endloop
  endfacet
  facet normal -0.9885298826717213 9.08699066912094e-16 -0.15102539874151288
    outer loop
      vertex 78.77083333333333 -21 127.5
      vertex 75.05643158020021 -21.365956453447584 151.8124478386895
      vertex 75.04459190281148 -21.056574798923 151.88994390887032
    endloop
  endfacet
  facet normal -0.988529882671721 4.660829755103703e-14 -0.15102539874151394
    outer loop
      vertex 78.77083333333333 -21 127.5
      vertex 75.0073428500063 -20.467960605315508 152.13375589086786
      vertex 74.98229220333079 -20.194396742686294 152.29772376001674
    endloop
  endfacet
  facet normal -0.967372223380244 0.2533593918376882 3.1199287652717358e-15
    outer loop
      vertex 78.77083333333333 -1.875 127.5
      vertex 68 -43 198
      vertex 79 -1 127.5
    endloop
  endfacet
  facet normal -0.9885298826717204 -1.0185383654541685e-14 -0.15102539874151857
    outer loop
      vertex 68 -43 198
      vertex 74.07530758363151 -21.681444293928926 158.23435036168465
      vertex 74.07291666666667 -22 158.25
    endloop
  endfacet
  facet normal -0.9885298826717211 -4.8778701181008936e-15 -0.15102539874151458
    outer loop
      vertex 68 -43 198
      vertex 74.08245730868867 -21.365956453447584 158.1875521613105
      vertex 74.07530758363151 -21.681444293928926 158.23435036168465
    endloop
  endfacet
  facet normal -0.9885298826717211 -1.1401488751664025e-15 -0.1510253987415134
    outer loop
      vertex 68 -43 198
      vertex 74.09429698607741 -21.056574798923 158.11005609112968
      vertex 74.08245730868867 -21.365956453447584 158.1875521613105
    endloop
  endfacet
  facet normal -0.9885298826717189 -2.9823015438352694e-14 -0.15102539874152868
    outer loop
      vertex 68 -43 198
      vertex 74.11071259323224 -20.75627884481346 158.00260848066168
      vertex 74.09429698607741 -21.056574798923 158.11005609112968
    endloop
  endfacet
  facet normal -0.9885298826717335 1.4956336350844486e-13 -0.15102539874143342
    outer loop
      vertex 68 -43 198
      vertex 74.29358839124374 -19.29772376001673 156.80560325731372
      vertex 74.25445055682152 -19.487716026571103 157.06177817353185
    endloop
  endfacet
  facet normal -0.9885298826716424 -8.913890236739141e-13 -0.15102539874202855
    outer loop
      vertex 68 -43 198
      vertex 74.33538287025654 -19.133755890867846 156.5320393946845
      vertex 74.29358839124374 -19.29772376001673 156.80560325731372
    endloop
  endfacet
  facet normal -0.9885298826717217 4.252223058814322e-16 -0.15102539874151089
    outer loop
      vertex 68 -43 198
      vertex 74.18562328183725 -19.93822182646815 157.5122839734289
      vertex 74.15659668555811 -20.194396742686294 157.70227623998326
    endloop
  endfacet
  facet normal -0.9885298826717241 3.4482630697721244e-14 -0.15102539874149343
    outer loop
      vertex 68 -43 198
      vertex 74.13154603888259 -20.467960605315508 157.86624410913214
      vertex 74.11071259323224 -20.75627884481346 158.00260848066168
    endloop
  endfacet
  facet normal -0.9885298826717218 6.403298700210386e-15 -0.15102539874150914
    outer loop
      vertex 68 -43 198
      vertex 74.15659668555811 -20.194396742686294 157.70227623998326
      vertex 74.13154603888259 -20.467960605315508 157.86624410913214
    endloop
  endfacet
  facet normal -0.9885298826717203 -2.3219289200185445e-14 -0.15102539874152027
    outer loop
      vertex 68 -43 198
      vertex 74.21834628573029 -19.70190296114372 157.29809703885627
      vertex 74.18562328183725 -19.93822182646815 157.5122839734289
    endloop
  endfacet
  facet normal -0.9885298826717239 2.882701400415658e-14 -0.15102539874149615
    outer loop
      vertex 68 -43 198
      vertex 74.25445055682152 -19.487716026571103 157.06177817353185
      vertex 74.21834628573029 -19.70190296114372 157.29809703885627
    endloop
  endfacet
  facet normal -0.9885298826717202 -1.3343182198469919e-14 -0.15102539874151985
    outer loop
      vertex 78.77083333333333 -1.875 127.5
      vertex 74.33538287025654 -19.133755890867846 156.5320393946845
      vertex 68 -43 198
    endloop
  endfacet
  facet normal -0.9885298826717175 -3.676772902020105e-14 -0.15102539874153834
    outer loop
      vertex 78.77083333333333 -1.875 127.5
      vertex 74.98229220333079 -20.194396742686294 152.29772376001674
      vertex 74.95326560705163 -19.93822182646815 152.4877160265711
    endloop
  endfacet
  facet normal -0.9885298826717219 6.32095469927409e-15 -0.15102539874150817
    outer loop
      vertex 78.77083333333333 -1.875 127.5
      vertex 74.95326560705163 -19.93822182646815 152.4877160265711
      vertex 74.9205426031586 -19.70190296114372 152.70190296114373
    endloop
  endfacet
  facet normal -0.9885298826717207 -4.6647238306804705e-15 -0.1510253987415161
    outer loop
      vertex 78.77083333333333 -1.875 127.5
      vertex 74.9205426031586 -19.70190296114372 152.70190296114373
      vertex 74.88443833206736 -19.487716026571103 152.93822182646815
    endloop
  endfacet
  facet normal -0.9885298826717235 2.1351347358540155e-14 -0.1510253987414987
    outer loop
      vertex 78.77083333333333 -1.875 127.5
      vertex 74.88443833206736 -19.487716026571103 152.93822182646815
      vertex 74.84530049764516 -19.29772376001673 153.19439674268628
    endloop
  endfacet
  facet normal -0.9885298826717189 -2.3399992953311366e-14 -0.15102539874152762
    outer loop
      vertex 78.77083333333333 -1.875 127.5
      vertex 74.84530049764516 -19.29772376001673 153.19439674268628
      vertex 74.80350601863235 -19.133755890867846 153.4679606053155
    endloop
  endfacet
  facet normal -0.9885298826717245 3.215796050190024e-14 -0.1510253987414917
    outer loop
      vertex 78.77083333333333 -1.875 127.5
      vertex 74.80350601863235 -19.133755890867846 153.4679606053155
      vertex 74.75945739870906 -18.99739151933832 153.75627884481347
    endloop
  endfacet
  facet normal -0.9885298826717189 -2.8269901724281622e-14 -0.15102539874152898
    outer loop
      vertex 78.77083333333333 -1.875 127.5
      vertex 74.75945739870906 -18.99739151933832 153.75627884481347
      vertex 74.71357885016454 -18.889943908870322 154.056574798923
    endloop
  endfacet
  facet normal -0.988529882671727 6.138975753879706e-14 -0.151025398741476
    outer loop
      vertex 78.77083333333333 -1.875 127.5
      vertex 74.66631220850105 -18.8124478386895 154.36595645344758
      vertex 74.61811267731642 -18.76564963831536 154.68144429392893
    endloop
  endfacet
  facet normal -0.9885298826717187 -2.701814361399253e-14 -0.15102539874152937
    outer loop
      vertex 78.77083333333333 -1.875 127.5
      vertex 74.71357885016454 -18.889943908870322 154.056574798923
      vertex 74.66631220850105 -18.8124478386895 154.36595645344758
    endloop
  endfacet
  facet normal -0.9885298826717182 -3.280151912241827e-14 -0.1510253987415331
    outer loop
      vertex 78.77083333333333 -1.875 127.5
      vertex 74.61811267731642 -18.76564963831536 154.68144429392893
      vertex 74.56944444444444 -18.75 155
    endloop
  endfacet
  facet normal -0.9885298826717249 3.97693679892081e-14 -0.1510253987414888
    outer loop
      vertex 78.77083333333333 -1.875 127.5
      vertex 74.56944444444444 -18.75 155
      vertex 74.52077621157248 -18.76564963831536 155.31855570607107
    endloop
  endfacet
  facet normal -0.9885298826717129 -9.185576924103766e-14 -0.15102539874156695
    outer loop
      vertex 78.77083333333333 -1.875 127.5
      vertex 74.52077621157248 -18.76564963831536 155.31855570607107
      vertex 74.47257668038782 -18.8124478386895 155.63404354655242
    endloop
  endfacet
  facet normal -0.9885298826717269 6.052506398736727e-14 -0.15102539874147639
    outer loop
      vertex 78.77083333333333 -1.875 127.5
      vertex 74.47257668038782 -18.8124478386895 155.63404354655242
      vertex 74.42531003872435 -18.889943908870322 155.943425201077
    endloop
  endfacet
  facet normal -0.9885298826717115 -1.171226278152931e-13 -0.151025398741578
    outer loop
      vertex 78.77083333333333 -1.875 127.5
      vertex 74.42531003872435 -18.889943908870322 155.943425201077
      vertex 74.37943149017983 -18.99739151933832 156.24372115518653
    endloop
  endfacet
  facet normal -0.9885298826717485 2.983623689300934e-13 -0.15102539874133525
    outer loop
      vertex 78.77083333333333 -1.875 127.5
      vertex 74.37943149017983 -18.99739151933832 156.24372115518653
      vertex 74.33538287025654 -19.133755890867846 156.5320393946845
    endloop
  endfacet
  facet normal -0.9673722233802453 0.2533593918376833 0
    outer loop
      vertex 79 -1 127.5
      vertex 68 -43 202
      vertex 79 -1 130
    endloop
  endfacet
  facet normal 0.988529882671721 -3.37391429288384e-15 0.15102539874151472
    outer loop
      vertex 85 -38 130
      vertex 81.61845396111741 -23.532039394684492 152.13375589086786
      vertex 81.59340331444189 -23.805603257313706 152.29772376001674
    endloop
  endfacet
  facet normal 0.9885298826717194 -1.9875490474403935e-14 0.15102539874152598
    outer loop
      vertex 85 -38 130
      vertex 81.63928740676776 -23.24372115518654 151.99739151933832
      vertex 81.61845396111741 -23.532039394684492 152.13375589086786
    endloop
  endfacet
  facet normal 0.9885298826717234 2.3276962350427454e-14 0.1510253987414995
    outer loop
      vertex 85 -38 130
      vertex 81.49554944317848 -24.512283973428897 152.93822182646815
      vertex 81.45641160875627 -24.70227623998327 153.19439674268628
    endloop
  endfacet
  facet normal 0.9885298826717192 -2.5210728707799183e-14 0.1510253987415266
    outer loop
      vertex 85 -38 130
      vertex 81.45641160875627 -24.70227623998327 153.19439674268628
      vertex 81.41461712974346 -24.866244109132154 153.4679606053155
    endloop
  endfacet
  facet normal 0.9885298826717207 -5.332475945111982e-15 0.15102539874151585
    outer loop
      vertex 85 -38 130
      vertex 81.53165371426971 -24.29809703885628 152.70190296114373
      vertex 81.49554944317848 -24.512283973428897 152.93822182646815
    endloop
  endfacet
  facet normal 0.9885298826717218 6.975932512037299e-15 0.15102539874150941
    outer loop
      vertex 85 -38 130
      vertex 81.56437671816275 -24.06177817353185 152.4877160265711
      vertex 81.53165371426971 -24.29809703885628 152.70190296114373
    endloop
  endfacet
  facet normal 0.9885298826717211 -7.053585191973759e-16 0.15102539874151352
    outer loop
      vertex 85 -38 130
      vertex 81.59340331444189 -23.805603257313706 152.29772376001674
      vertex 81.56437671816275 -24.06177817353185 152.4877160265711
    endloop
  endfacet
  facet normal 0.9885298826717231 1.8893886143916224e-14 0.1510253987415004
    outer loop
      vertex 85 -38 130
      vertex 81.65570301392259 -22.943425201077 151.88994390887032
      vertex 81.63928740676776 -23.24372115518654 151.99739151933832
    endloop
  endfacet
  facet normal 0.9885298826717211 -6.472061375766785e-16 0.15102539874151302
    outer loop
      vertex 85 -38 130
      vertex 81.66754269131133 -22.634043546552416 151.8124478386895
      vertex 81.65570301392259 -22.943425201077 151.88994390887032
    endloop
  endfacet
  facet normal 0.9885298826717217 5.382997381355472e-15 0.15102539874150955
    outer loop
      vertex 85 -38 130
      vertex 81.67469241636849 -22.318555706071074 151.76564963831535
      vertex 81.66754269131133 -22.634043546552416 151.8124478386895
    endloop
  endfacet
  facet normal 0.9885298826717225 9.784017325250678e-15 0.15102539874150506
    outer loop
      vertex 85 -38 130
      vertex 81.67708333333333 -22 151.75
      vertex 81.67469241636849 -22.318555706071074 151.76564963831535
    endloop
  endfacet
  facet normal 0.9885298826717202 -1.1448979881762798e-14 0.1510253987415209
    outer loop
      vertex 85 -38 130
      vertex 81.67469241636849 -21.681444293928926 151.76564963831535
      vertex 81.67708333333333 -22 151.75
    endloop
  endfacet
  facet normal 0.9885298826717207 -5.776950974460946e-15 0.1510253987415176
    outer loop
      vertex 85 -38 130
      vertex 81.66754269131133 -21.365956453447584 151.8124478386895
      vertex 81.67469241636849 -21.681444293928926 151.76564963831535
    endloop
  endfacet
  facet normal 0.9885298826717214 -9.356588654365214e-16 0.1510253987415133
    outer loop
      vertex 85 -38 130
      vertex 81.65570301392259 -21.056574798923 151.88994390887032
      vertex 81.66754269131133 -21.365956453447584 151.8124478386895
    endloop
  endfacet
  facet normal 0.9885298826717249 3.273339839986093e-14 0.1510253987414883
    outer loop
      vertex 85 -38 130
      vertex 81.63928740676775 -20.75627884481346 151.99739151933832
      vertex 81.65570301392259 -21.056574798923 151.88994390887032
    endloop
  endfacet
  facet normal 0.9885298826717168 -3.6158992038096484e-14 0.15102539874154225
    outer loop
      vertex 85 -38 130
      vertex 81.61845396111741 -20.467960605315508 152.13375589086786
      vertex 81.63928740676775 -20.75627884481346 151.99739151933832
    endloop
  endfacet
  facet normal 0.9885298826717199 1.3664098905428542e-14 0.15102539874152146
    outer loop
      vertex 85 -1 130
      vertex 74 -48 202
      vertex 80.90469950235486 -19.29772376001673 156.80560325731372
    endloop
  endfacet
  facet normal 0.9885298826717211 -2.886449005571572e-15 0.1510253987415129
    outer loop
      vertex 74 -48 202
      vertex 80.76770779666921 -20.194396742686294 157.70227623998326
      vertex 80.79673439294835 -19.93822182646815 157.5122839734289
    endloop
  endfacet
  facet normal 0.9885298826717229 -3.085739933335125e-14 0.15102539874150267
    outer loop
      vertex 74 -48 202
      vertex 80.8294573968414 -19.70190296114372 157.29809703885627
      vertex 80.86556166793264 -19.487716026571103 157.06177817353185
    endloop
  endfacet
  facet normal 0.9885298826717319 -1.1677796813179765e-13 0.15102539874144294
    outer loop
      vertex 74 -48 202
      vertex 80.79673439294835 -19.93822182646815 157.5122839734289
      vertex 80.8294573968414 -19.70190296114372 157.29809703885627
    endloop
  endfacet
  facet normal 0.9885298826717414 -2.3063284235874443e-13 0.15102539874138177
    outer loop
      vertex 74 -48 202
      vertex 80.86556166793264 -19.487716026571103 157.06177817353185
      vertex 80.90469950235486 -19.29772376001673 156.80560325731372
    endloop
  endfacet
  facet normal 0.9885298826717208 2.7655955940262804e-15 0.15102539874151547
    outer loop
      vertex 85 -1 130
      vertex 81.59340331444189 -20.194396742686294 152.29772376001674
      vertex 81.61845396111741 -20.467960605315508 152.13375589086786
    endloop
  endfacet
  facet normal 0.9885298826717236 -1.9800627889129388e-14 0.15102539874149737
    outer loop
      vertex 85 -1 130
      vertex 81.45641160875627 -19.29772376001673 153.19439674268628
      vertex 81.49554944317848 -19.487716026571103 152.93822182646815
    endloop
  endfacet
  facet normal 0.9885298826717187 2.1219218862565116e-14 0.15102539874152943
    outer loop
      vertex 85 -1 130
      vertex 81.41461712974346 -19.133755890867846 153.4679606053155
      vertex 81.45641160875627 -19.29772376001673 153.19439674268628
    endloop
  endfacet
  facet normal 0.9885298826717211 2.721731216957478e-16 0.1510253987415136
    outer loop
      vertex 85 -1 130
      vertex 81.56437671816275 -19.93822182646815 152.4877160265711
      vertex 81.59340331444189 -20.194396742686294 152.29772376001674
    endloop
  endfacet
  facet normal 0.988529882671722 -5.472289378978376e-15 0.15102539874150878
    outer loop
      vertex 85 -1 130
      vertex 81.53165371426971 -19.70190296114372 152.70190296114373
      vertex 81.56437671816275 -19.93822182646815 152.4877160265711
    endloop
  endfacet
  facet normal 0.9885298826717206 4.67847639984032e-15 0.15102539874151752
    outer loop
      vertex 85 -1 130
      vertex 81.49554944317848 -19.487716026571103 152.93822182646815
      vertex 81.53165371426971 -19.70190296114372 152.70190296114373
    endloop
  endfacet
  facet normal 0.9885298826717203 9.964964627275827e-15 0.1510253987415203
    outer loop
      vertex 85 -1 130
      vertex 81.37056850982016 -18.99739151933832 153.75627884481347
      vertex 81.41461712974346 -19.133755890867846 153.4679606053155
    endloop
  endfacet
  facet normal 0.9885298826717231 -1.6902256987897236e-14 0.15102539874149964
    outer loop
      vertex 85 -1 130
      vertex 81.32468996127565 -18.889943908870322 154.056574798923
      vertex 81.37056850982016 -18.99739151933832 153.75627884481347
    endloop
  endfacet
  facet normal 0.9885298826717237 -2.0700247889781616e-14 0.15102539874149698
    outer loop
      vertex 85 -1 130
      vertex 81.27742331961218 -18.8124478386895 154.36595645344758
      vertex 81.32468996127565 -18.889943908870322 154.056574798923
    endloop
  endfacet
  facet normal 0.9885298826717246 -3.020741793585885e-14 0.1510253987414906
    outer loop
      vertex 85 -1 130
      vertex 81.18055555555556 -18.75 155
      vertex 81.22922378842752 -18.76564963831536 154.68144429392893
    endloop
  endfacet
  facet normal 0.9885298826717159 4.732064245436915e-14 0.15102539874154747
    outer loop
      vertex 85 -1 130
      vertex 81.22922378842752 -18.76564963831536 154.68144429392893
      vertex 81.27742331961218 -18.8124478386895 154.36595645344758
    endloop
  endfacet
  facet normal 0.9885298826718097 -8.677797642766965e-13 0.15102539874093376
    outer loop
      vertex 85 -1 130
      vertex 80.90469950235486 -19.29772376001673 156.80560325731372
      vertex 80.94649398136764 -19.133755890867846 156.5320393946845
    endloop
  endfacet
  facet normal 0.9885298826717155 5.968181915961178e-14 0.15102539874155055
    outer loop
      vertex 85 -1 130
      vertex 80.94649398136764 -19.133755890867846 156.5320393946845
      vertex 80.99054260129094 -18.99739151933832 156.24372115518653
    endloop
  endfacet
  facet normal 0.9885298826717178 3.160480150422049e-14 0.1510253987415357
    outer loop
      vertex 85 -1 130
      vertex 81.13188732268358 -18.76564963831536 155.31855570607107
      vertex 81.18055555555556 -18.75 155
    endloop
  endfacet
  facet normal 0.9885298826717303 -8.602815950460018e-14 0.1510253987414542
    outer loop
      vertex 85 -1 130
      vertex 81.08368779149895 -18.8124478386895 155.63404354655242
      vertex 81.13188732268358 -18.76564963831536 155.31855570607107
    endloop
  endfacet
  facet normal 0.9885298826717159 5.506718965119285e-14 0.15102539874154783
    outer loop
      vertex 85 -1 130
      vertex 81.03642114983546 -18.889943908870322 155.943425201077
      vertex 81.08368779149895 -18.8124478386895 155.63404354655242
    endloop
  endfacet
  facet normal 0.9885298826717133 8.205844272629475e-14 0.15102539874156531
    outer loop
      vertex 85 -1 130
      vertex 80.99054260129094 -18.99739151933832 156.24372115518653
      vertex 81.03642114983546 -18.889943908870322 155.943425201077
    endloop
  endfacet
  facet normal 0 0.8637789008984335 0.5038710255240862
    outer loop
      vertex 79 -1 130
      vertex 74 -43 202
      vertex 85 -1 130
    endloop
  endfacet
  facet normal -0.9673722233802453 0.2533593918376833 0
    outer loop
      vertex 79 -1 127.5
      vertex 68 -43 198
      vertex 68 -43 202
    endloop
  endfacet
  facet normal 0 0.8637789008984335 0.5038710255240862
    outer loop
      vertex 79 -1 130
      vertex 68 -43 202
      vertex 74 -43 202
    endloop
  endfacet
  facet normal 0.9885298826717186 2.8056759610808848e-14 0.1510253987415303
    outer loop
      vertex 74 -48 202
      vertex 80.70540809718852 -21.056574798923 158.11005609112968
      vertex 80.72182370434335 -20.75627884481346 158.00260848066168
    endloop
  endfacet
  facet normal 0.9885298826717246 -3.3387952338903436e-14 0.151025398741491
    outer loop
      vertex 74 -48 202
      vertex 80.72182370434335 -20.75627884481346 158.00260848066168
      vertex 80.7426571499937 -20.467960605315508 157.86624410913214
    endloop
  endfacet
  facet normal 0.9885298826717137 7.283359987834602e-14 0.15102539874156223
    outer loop
      vertex 74 -48 202
      vertex 80.7426571499937 -20.467960605315508 157.86624410913214
      vertex 80.76770779666921 -20.194396742686294 157.70227623998326
    endloop
  endfacet
  facet normal -0.967372223380245 -0.2533593918376849 1.2274643484944464e-15
    outer loop
      vertex 78.77083333333333 6.875 127.5
      vertex 79 6 130
      vertex 75.13526030254886 20.75627884481346 151.99739151933832
    endloop
  endfacet
  facet normal -0.9885298826717211 0 -0.15102539874151313
    outer loop
      vertex 78.77083333333333 6.875 127.5
      vertex 75.04612425201461 21.096616492307838 151.87991398681342
      vertex 78.77083333333333 21 127.5
    endloop
  endfacet
  facet normal -0.9673722233802441 -0.25335939183768824 0
    outer loop
      vertex 78.77083333333333 6.875 127.5
      vertex 79 6 127.5
      vertex 79 6 130
    endloop
  endfacet
  facet normal 0 -1 0
    outer loop
      vertex 79 6 127.5
      vertex 85 6 130
      vertex 79 6 130
    endloop
  endfacet
  facet normal 0 -1 0
    outer loop
      vertex 79 6 127.5
      vertex 85 6 127.5
      vertex 85 6 130
    endloop
  endfacet
  facet normal 0 -0.8637789008984332 0.5038710255240866
    outer loop
      vertex 79 6 130
      vertex 85 6 130
      vertex 81.48320177821702 19.427775028625923 153.01904290621584
    endloop
  endfacet
  facet normal 1 0 0
    outer loop
      vertex 85 6 127.5
      vertex 85 21 127.5
      vertex 85 6 130
    endloop
  endfacet
  facet normal -0.9885298826717209 0 -0.15102539874151605
    outer loop
      vertex 79 21 126
      vertex 78.77083333333333 21 127.5
      vertex 79 43 126
    endloop
  endfacet
  facet normal 0 0 -1
    outer loop
      vertex 79 21 126
      vertex 79 43 126
      vertex 85 21 126
    endloop
  endfacet
  facet normal 1 0 0
    outer loop
      vertex 85 6 130
      vertex 85 21 127.5
      vertex 85 43 126
    endloop
  endfacet
  facet normal 1 0 0
    outer loop
      vertex 85 21 126
      vertex 85 43 126
      vertex 85 21 127.5
    endloop
  endfacet
  facet normal 0.9885298826717214 0 0.15102539874151266
    outer loop
      vertex 85 6 130
      vertex 85 43 130
      vertex 81.63928740676776 20.75627884481346 151.99739151933832
    endloop
  endfacet
  facet normal 0 0 -1
    outer loop
      vertex 85 21 126
      vertex 79 43 126
      vertex 85 43 126
    endloop
  endfacet
  facet normal 1 0 0
    outer loop
      vertex 85 6 130
      vertex 85 43 126
      vertex 85 43 130
    endloop
  endfacet
  facet normal -0.9673722233802486 -0.2533593918376711 -8.620980132865588e-15
    outer loop
      vertex 79 6 130
      vertex 75.48320177821702 19.427775028625916 153.01904290621584
      vertex 75.46750294542186 19.487716026571103 152.93822182646815
    endloop
  endfacet
  facet normal -0.9673722233802424 -0.25335939183769435 7.790180293394946e-15
    outer loop
      vertex 79 6 130
      vertex 75.28241990072502 20.194396742686294 152.29772376001674
      vertex 75.21077222241736 20.467960605315508 152.13375589086786
    endloop
  endfacet
  facet normal -0.9673722233802498 -0.2533593918376668 -1.2281951788185146e-14
    outer loop
      vertex 79 6 130
      vertex 75.21077222241736 20.467960605315508 152.13375589086786
      vertex 75.13526030254886 20.75627884481346 151.99739151933832
    endloop
  endfacet
  facet normal -0.9673722233802406 -0.25335939183770123 1.1237667680894289e-14
    outer loop
      vertex 78.77083333333333 6.875 127.5
      vertex 75.13526030254886 20.75627884481346 151.99739151933832
      vertex 75.05661136218683 21.056574798923 151.88994390887032
    endloop
  endfacet
  facet normal -0.9673722233802418 -0.25335939183769657 1.0752990640009898e-14
    outer loop
      vertex 78.77083333333333 6.875 127.5
      vertex 75.05661136218683 21.056574798923 151.88994390887032
      vertex 75.04612425201461 21.096616492307838 151.87991398681342
    endloop
  endfacet
  facet normal -0.9673722233802406 -0.2533593918377009 1.1025513529087717e-14
    outer loop
      vertex 79 6 130
      vertex 75.4114063673195 19.70190296114372 152.70190296114373
      vertex 75.3495133311631 19.93822182646815 152.4877160265711
    endloop
  endfacet
  facet normal -0.9673722233802496 -0.2533593918376671 -1.1316948461437907e-14
    outer loop
      vertex 79 6 130
      vertex 75.3495133311631 19.93822182646815 152.4877160265711
      vertex 75.28241990072502 20.194396742686294 152.29772376001674
    endloop
  endfacet
  facet normal -0.9673722233802425 -0.2533593918376936 5.683820913333336e-15
    outer loop
      vertex 79 6 130
      vertex 75.46750294542186 19.487716026571103 152.93822182646815
      vertex 75.4114063673195 19.70190296114372 152.70190296114373
    endloop
  endfacet
  facet normal -0.9885298826717216 -2.3711680343209188e-14 -0.15102539874151094
    outer loop
      vertex 78.77083333333333 21 127.5
      vertex 75.04459190281148 22.943425201077 151.88994390887032
      vertex 75.02817629565664 23.24372115518654 151.99739151933832
    endloop
  endfacet
  facet normal -0.9885298826717213 2.344279164602759e-14 -0.15102539874151324
    outer loop
      vertex 78.77083333333333 21 127.5
      vertex 75.04612425201461 21.096616492307838 151.87991398681342
      vertex 75.05643158020021 21.365956453447584 151.8124478386895
    endloop
  endfacet
  facet normal -0.988529882671721 3.3482863557061085e-14 -0.15102539874151386
    outer loop
      vertex 78.77083333333333 21 127.5
      vertex 75.06358130525737 21.681444293928926 151.76564963831535
      vertex 75.06597222222223 22 151.75
    endloop
  endfacet
  facet normal -0.9885298826717214 -4.852890059767468e-15 -0.15102539874151277
    outer loop
      vertex 78.77083333333333 21 127.5
      vertex 75.05643158020021 21.365956453447584 151.8124478386895
      vertex 75.06358130525737 21.681444293928926 151.76564963831535
    endloop
  endfacet
  facet normal -0.9885298826717215 -3.2343866454154035e-14 -0.15102539874151122
    outer loop
      vertex 78.77083333333333 21 127.5
      vertex 75.06597222222223 22 151.75
      vertex 75.06358130525737 22.318555706071074 151.76564963831535
    endloop
  endfacet
  facet normal -0.9885298826717213 5.622308223671408e-15 -0.1510253987415132
    outer loop
      vertex 78.77083333333333 21 127.5
      vertex 75.06358130525737 22.318555706071074 151.76564963831535
      vertex 75.05643158020021 22.634043546552416 151.8124478386895
    endloop
  endfacet
  facet normal -0.9885298826717213 9.277440338253656e-16 -0.15102539874151283
    outer loop
      vertex 78.77083333333333 21 127.5
      vertex 75.05643158020021 22.634043546552416 151.8124478386895
      vertex 75.04459190281148 22.943425201077 151.88994390887032
    endloop
  endfacet
  facet normal -0.9885298826717208 2.3501742160565518e-14 -0.15102539874151513
    outer loop
      vertex 78.77083333333333 21 127.5
      vertex 75.02817629565664 23.24372115518654 151.99739151933832
      vertex 75.0073428500063 23.532039394684492 152.13375589086786
    endloop
  endfacet
  facet normal -0.9885298826717213 -5.697346811153944e-15 -0.15102539874151255
    outer loop
      vertex 78.77083333333333 21 127.5
      vertex 75.0073428500063 23.532039394684492 152.13375589086786
      vertex 74.98229220333077 23.805603257313706 152.29772376001674
    endloop
  endfacet
  facet normal -0.9885298826717214 -1.777526749853865e-15 -0.15102539874151272
    outer loop
      vertex 78.77083333333333 21 127.5
      vertex 74.98229220333077 23.805603257313706 152.29772376001674
      vertex 74.95326560705163 24.06177817353185 152.4877160265711
    endloop
  endfacet
  facet normal -0.988529882671721 1.1769404801356596e-14 -0.15102539874151436
    outer loop
      vertex 78.77083333333333 21 127.5
      vertex 74.95326560705163 24.06177817353185 152.4877160265711
      vertex 74.9205426031586 24.29809703885628 152.70190296114373
    endloop
  endfacet
  facet normal -0.9885298826717215 -9.706906954608849e-15 -0.15102539874151125
    outer loop
      vertex 78.77083333333333 21 127.5
      vertex 74.9205426031586 24.29809703885628 152.70190296114373
      vertex 74.88443833206736 24.512283973428897 152.93822182646815
    endloop
  endfacet
  facet normal -0.9885298826717202 5.072790009535274e-14 -0.15102539874151974
    outer loop
      vertex 78.77083333333333 21 127.5
      vertex 74.88443833206736 24.512283973428897 152.93822182646815
      vertex 74.84530049764516 24.70227623998327 153.19439674268628
    endloop
  endfacet
  facet normal -0.9885298826717226 -6.565593039899587e-14 -0.15102539874150347
    outer loop
      vertex 78.77083333333333 21 127.5
      vertex 74.84530049764516 24.70227623998327 153.19439674268628
      vertex 74.80350601863235 24.866244109132154 153.4679606053155
    endloop
  endfacet
  facet normal 9.725181760894852e-16 -0.8637789008984332 0.5038710255240865
    outer loop
      vertex 79 6 130
      vertex 81.48320177821702 19.427775028625923 153.01904290621584
      vertex 75.48320177821702 19.427775028625916 153.01904290621584
    endloop
  endfacet
  facet normal 0.988529882671721 1.477741528116651e-15 0.1510253987415142
    outer loop
      vertex 85 6 130
      vertex 81.49554944317848 19.487716026571103 152.93822182646815
      vertex 81.48320177821702 19.427775028625923 153.01904290621584
    endloop
  endfacet
  facet normal 0.9885298826717247 3.352196612030991e-14 0.15102539874149112
    outer loop
      vertex 85 6 130
      vertex 81.61845396111741 20.467960605315508 152.13375589086786
      vertex 81.5934033144419 20.194396742686294 152.29772376001674
    endloop
  endfacet
  facet normal 0.9885298826717194 -1.9875490474403935e-14 0.15102539874152598
    outer loop
      vertex 85 6 130
      vertex 81.63928740676776 20.75627884481346 151.99739151933832
      vertex 81.61845396111741 20.467960605315508 152.13375589086786
    endloop
  endfacet
  facet normal 0.9885298826717218 6.975932512037299e-15 0.15102539874150941
    outer loop
      vertex 85 6 130
      vertex 81.56437671816275 19.93822182646815 152.4877160265711
      vertex 81.53165371426971 19.70190296114372 152.70190296114373
    endloop
  endfacet
  facet normal 0.9885298826717207 -5.332475945111982e-15 0.15102539874151585
    outer loop
      vertex 85 6 130
      vertex 81.53165371426971 19.70190296114372 152.70190296114373
      vertex 81.49554944317848 19.487716026571103 152.93822182646815
    endloop
  endfacet
  facet normal 0.9885298826717176 -3.912881432010225e-14 0.15102539874153628
    outer loop
      vertex 85 6 130
      vertex 81.5934033144419 20.194396742686294 152.29772376001674
      vertex 81.56437671816275 19.93822182646815 152.4877160265711
    endloop
  endfacet
  facet normal 0.9885298826717156 3.671155175654239e-14 0.15102539874154977
    outer loop
      vertex 85 43 130
      vertex 81.65570301392259 21.056574798923 151.88994390887032
      vertex 81.63928740676776 20.75627884481346 151.99739151933832
    endloop
  endfacet
  facet normal 0.9885298826717211 -1.0131044309405332e-15 0.15102539874151388
    outer loop
      vertex 85 43 130
      vertex 81.66754269131133 21.365956453447584 151.8124478386895
      vertex 81.65570301392259 21.056574798923 151.88994390887032
    endloop
  endfacet
  facet normal 0.9885298826717204 6.971110677654111e-15 0.1510253987415189
    outer loop
      vertex 85 43 130
      vertex 81.67469241636849 21.681444293928926 151.76564963831535
      vertex 81.66754269131133 21.365956453447584 151.8124478386895
    endloop
  endfacet
  facet normal 0.9885298826717196 1.0642404021480345e-14 0.1510253987415236
    outer loop
      vertex 85 43 130
      vertex 81.67708333333333 22 151.75
      vertex 81.67469241636849 21.681444293928926 151.76564963831535
    endloop
  endfacet
  facet normal 0.9885298826717227 -1.0535493677065847e-14 0.15102539874150314
    outer loop
      vertex 85 43 130
      vertex 81.67469241636849 22.318555706071074 151.76564963831535
      vertex 81.67708333333333 22 151.75
    endloop
  endfacet
  facet normal 0.9885298826717219 -4.5001892984121464e-15 0.15102539874150883
    outer loop
      vertex 85 43 130
      vertex 81.66754269131133 22.634043546552416 151.8124478386895
      vertex 81.67469241636849 22.318555706071074 151.76564963831535
    endloop
  endfacet
  facet normal 0.9885298826717215 -6.134566773901233e-16 0.15102539874151186
    outer loop
      vertex 85 43 130
      vertex 81.65570301392259 22.943425201077 151.88994390887032
      vertex 81.66754269131133 22.634043546552416 151.8124478386895
    endloop
  endfacet
  facet normal 0.9885298826717188 1.7824335993621572e-14 0.15102539874152895
    outer loop
      vertex 85 43 130
      vertex 81.63928740676775 23.24372115518654 151.99739151933832
      vertex 81.65570301392259 22.943425201077 151.88994390887032
    endloop
  endfacet
  facet normal 0.9885298826717233 -1.5969368068574742e-14 0.1510253987415001
    outer loop
      vertex 85 43 130
      vertex 81.61845396111741 23.532039394684492 152.13375589086786
      vertex 81.63928740676775 23.24372115518654 151.99739151933832
    endloop
  endfacet
  facet normal -0.9885298826717213 2.1084959916373002e-16 -0.151025398741513
    outer loop
      vertex 78.77083333333333 21 127.5
      vertex 68 53 198
      vertex 79 43 126
    endloop
  endfacet
  facet normal -0.9885298826717147 8.336035854279674e-14 -0.15102539874155607
    outer loop
      vertex 68 48 198
      vertex 74.71357885016454 25.110056091129678 154.056574798923
      vertex 74.66631220850105 25.1875521613105 154.36595645344758
    endloop
  endfacet
  facet normal -0.9885298826717008 2.6748548542523314e-13 -0.15102539874164705
    outer loop
      vertex 68 48 198
      vertex 74.80350601863235 24.866244109132154 153.4679606053155
      vertex 74.75945739870905 25.00260848066168 153.75627884481347
    endloop
  endfacet
  facet normal -0.9885298826717317 -1.1358792043568617e-13 -0.15102539874144535
    outer loop
      vertex 68 48 198
      vertex 74.75945739870905 25.00260848066168 153.75627884481347
      vertex 74.71357885016454 25.110056091129678 154.056574798923
    endloop
  endfacet
  facet normal -0.9673722233802512 -0.25335939183766065 -1.4318654779097488e-14
    outer loop
      vertex 68 48 198
      vertex 74.3366277183226 23.805603257313706 157.70227623998326
      vertex 74.40827539663024 23.532039394684492 157.86624410913214
    endloop
  endfacet
  facet normal -0.9885298826717215 -7.994389772095339e-15 -0.15102539874151133
    outer loop
      vertex 68 48 198
      vertex 74.66631220850105 25.1875521613105 154.36595645344758
      vertex 74.6181126773164 25.23435036168464 154.68144429392893
    endloop
  endfacet
  facet normal -0.9885298826717215 -1.1157306388527783e-15 -0.15102539874151139
    outer loop
      vertex 68 48 198
      vertex 74.52077621157247 25.23435036168464 155.31855570607107
      vertex 74.47257668038782 25.1875521613105 155.63404354655242
    endloop
  endfacet
  facet normal -0.9885298826717233 -2.9075273714191024e-14 -0.1510253987415003
    outer loop
      vertex 68 48 198
      vertex 74.47257668038782 25.1875521613105 155.63404354655242
      vertex 74.42531003872435 25.110056091129678 155.943425201077
    endloop
  endfacet
  facet normal -0.988529882671719 3.142176461658796e-14 -0.15102539874152746
    outer loop
      vertex 68 48 198
      vertex 74.42531003872435 25.110056091129678 155.943425201077
      vertex 74.37943149017983 25.00260848066168 156.24372115518653
    endloop
  endfacet
  facet normal -0.9885298826717196 1.9024196611026284e-14 -0.15102539874152396
    outer loop
      vertex 68 48 198
      vertex 74.29358839124374 24.70227623998327 156.80560325731372
      vertex 74.25445055682152 24.512283973428897 157.06177817353185
    endloop
  endfacet
  facet normal -0.9885298826717267 -6.116780309714917e-14 -0.15102539874147772
    outer loop
      vertex 68 48 198
      vertex 74.33538287025652 24.866244109132154 156.5320393946845
      vertex 74.29358839124374 24.70227623998327 156.80560325731372
    endloop
  endfacet
  facet normal -0.9885298826717203 1.1666158078853979e-14 -0.15102539874151943
    outer loop
      vertex 68 48 198
      vertex 74.37943149017983 25.00260848066168 156.24372115518653
      vertex 74.33538287025652 24.866244109132154 156.5320393946845
    endloop
  endfacet
  facet normal -0.9885298826717251 -4.6281343894678667e-14 -0.1510253987414877
    outer loop
      vertex 68 48 198
      vertex 74.6181126773164 25.23435036168464 154.68144429392893
      vertex 74.56944444444444 25.25 155
    endloop
  endfacet
  facet normal -0.9885298826717186 3.547403634780499e-14 -0.1510253987415297
    outer loop
      vertex 68 48 198
      vertex 74.56944444444444 25.25 155
      vertex 74.52077621157247 25.23435036168464 155.31855570607107
    endloop
  endfacet
  facet normal -0.9673722233802404 -0.25335939183770195 1.025917902516392e-14
    outer loop
      vertex 68 48 198
      vertex 74.26953428788451 24.06177817353185 157.5122839734289
      vertex 74.3366277183226 23.805603257313706 157.70227623998326
    endloop
  endfacet
  facet normal -0.9885298826717366 -1.8943409730910228e-13 -0.15102539874141285
    outer loop
      vertex 68 48 198
      vertex 74.21834628573029 24.29809703885628 157.29809703885627
      vertex 74.21464394446612 24.271359484765743 157.32233054531272
    endloop
  endfacet
  facet normal -0.9885298826717208 6.466461309345535e-15 -0.15102539874151574
    outer loop
      vertex 68 48 198
      vertex 74.25445055682152 24.512283973428897 157.06177817353185
      vertex 74.21834628573029 24.29809703885628 157.29809703885627
    endloop
  endfacet
  facet normal -0.9673722233802516 -0.25335939183765915 -1.4038218875093326e-14
    outer loop
      vertex 68 48 198
      vertex 74.21464394446612 24.271359484765743 157.32233054531272
      vertex 74.26953428788451 24.06177817353185 157.5122839734289
    endloop
  endfacet
  facet normal -0.9885298826717213 2.181755276675201e-16 -0.15102539874151302
    outer loop
      vertex 78.77083333333333 21 127.5
      vertex 74.80350601863235 24.866244109132154 153.4679606053155
      vertex 68 48 198
    endloop
  endfacet
  facet normal 0 0.9904922731777517 -0.13756837127468774
    outer loop
      vertex 79 43 126
      vertex 68 53 198
      vertex 85 43 126
    endloop
  endfacet
  facet normal 0.9885298826717208 2.7655955940262804e-15 0.15102539874151547
    outer loop
      vertex 85 43 130
      vertex 81.59340331444189 23.805603257313706 152.29772376001674
      vertex 81.61845396111741 23.532039394684492 152.13375589086786
    endloop
  endfacet
  facet normal 0.9885298826717236 -1.9800627889129388e-14 0.15102539874149737
    outer loop
      vertex 85 43 130
      vertex 81.45641160875627 24.70227623998327 153.19439674268628
      vertex 81.49554944317848 24.512283973428897 152.93822182646815
    endloop
  endfacet
  facet normal 0.9885298826717187 2.1219218862565116e-14 0.15102539874152943
    outer loop
      vertex 85 43 130
      vertex 81.41461712974346 24.866244109132154 153.4679606053155
      vertex 81.45641160875627 24.70227623998327 153.19439674268628
    endloop
  endfacet
  facet normal 0.9885298826717211 2.721731216957478e-16 0.1510253987415136
    outer loop
      vertex 85 43 130
      vertex 81.56437671816275 24.06177817353185 152.4877160265711
      vertex 81.59340331444189 23.805603257313706 152.29772376001674
    endloop
  endfacet
  facet normal 0.988529882671722 -5.472289378978376e-15 0.15102539874150878
    outer loop
      vertex 85 43 130
      vertex 81.53165371426971 24.29809703885628 152.70190296114373
      vertex 81.56437671816275 24.06177817353185 152.4877160265711
    endloop
  endfacet
  facet normal 0.9885298826717206 4.67847639984032e-15 0.15102539874151752
    outer loop
      vertex 85 43 130
      vertex 81.49554944317848 24.512283973428897 152.93822182646815
      vertex 81.53165371426971 24.29809703885628 152.70190296114373
    endloop
  endfacet
  facet normal 0.9885298826717211 -1.3602645017166608e-15 0.1510253987415132
    outer loop
      vertex 74 48 202
      vertex 80.76770779666923 23.805603257313706 157.70227623998326
      vertex 80.79673439294837 24.06177817353185 157.5122839734289
    endloop
  endfacet
  facet normal 0.9885298826717246 3.986737318001666e-14 0.15102539874149112
    outer loop
      vertex 74 53 202
      vertex 81.18055555555556 25.25 155
      vertex 81.22922378842752 25.23435036168464 154.68144429392893
    endloop
  endfacet
  facet normal 0.9885298826717281 8.029174096779342e-14 0.15102539874146798
    outer loop
      vertex 74 53 202
      vertex 81.32468996127565 25.110056091129678 154.056574798923
      vertex 81.37056850982016 25.00260848066168 153.75627884481347
    endloop
  endfacet
  facet normal 0.988529882671712 -1.1307618784517633e-13 0.15102539874157278
    outer loop
      vertex 74 53 202
      vertex 81.37056850982016 25.00260848066168 153.75627884481347
      vertex 81.41461712974346 24.866244109132154 153.4679606053155
    endloop
  endfacet
  facet normal 0.9885298826717158 -7.406181349168583e-14 0.1510253987415488
    outer loop
      vertex 74 53 202
      vertex 81.27742331961217 25.1875521613105 154.36595645344758
      vertex 81.32468996127565 25.110056091129678 154.056574798923
    endloop
  endfacet
  facet normal 0.9885298826717216 6.630778046767457e-15 0.15102539874151075
    outer loop
      vertex 74 53 202
      vertex 81.22922378842752 25.23435036168464 154.68144429392893
      vertex 81.27742331961217 25.1875521613105 154.36595645344758
    endloop
  endfacet
  facet normal 0.9885298826717185 -3.5443000085459013e-14 0.1510253987415315
    outer loop
      vertex 74 53 202
      vertex 81.13188732268358 25.23435036168464 155.31855570607107
      vertex 81.18055555555556 25.25 155
    endloop
  endfacet
  facet normal 0.9885298826717218 2.4802543377498883e-15 0.15102539874150867
    outer loop
      vertex 74 53 202
      vertex 81.08368779149893 25.1875521613105 155.63404354655242
      vertex 81.13188732268358 25.23435036168464 155.31855570607107
    endloop
  endfacet
  facet normal 0.9885298826717186 -2.8363446171804e-14 0.15102539874153015
    outer loop
      vertex 74 53 202
      vertex 80.99054260129094 25.00260848066168 156.24372115518653
      vertex 81.03642114983546 25.110056091129678 155.943425201077
    endloop
  endfacet
  facet normal 0.9885298826717234 2.4037321546319224e-14 0.15102539874149887
    outer loop
      vertex 74 53 202
      vertex 81.03642114983546 25.110056091129678 155.943425201077
      vertex 81.08368779149893 25.1875521613105 155.63404354655242
    endloop
  endfacet
  facet normal 0.9885298826717228 1.585712880217107e-14 0.15102539874150264
    outer loop
      vertex 74 53 202
      vertex 80.90469950235486 24.70227623998327 156.80560325731372
      vertex 80.94649398136765 24.866244109132154 156.5320393946845
    endloop
  endfacet
  facet normal 0.9885298826717193 -1.796888371250189e-14 0.15102539874152585
    outer loop
      vertex 74 53 202
      vertex 80.86556166793264 24.512283973428897 157.06177817353185
      vertex 80.90469950235486 24.70227623998327 156.80560325731372
    endloop
  endfacet
  facet normal 0.9885298826717207 -5.446547002466896e-15 0.15102539874151624
    outer loop
      vertex 74 53 202
      vertex 80.8294573968414 24.29809703885628 157.29809703885627
      vertex 80.86556166793264 24.512283973428897 157.06177817353185
    endloop
  endfacet
  facet normal 0.9885298826717219 5.521678250681507e-15 0.15102539874150855
    outer loop
      vertex 74 53 202
      vertex 80.79673439294837 24.06177817353185 157.5122839734289
      vertex 80.8294573968414 24.29809703885628 157.29809703885627
    endloop
  endfacet
  facet normal 0.9885298826717245 3.419888280923066e-14 0.15102539874149207
    outer loop
      vertex 74 53 202
      vertex 80.94649398136765 24.866244109132154 156.5320393946845
      vertex 80.99054260129094 25.00260848066168 156.24372115518653
    endloop
  endfacet
  facet normal 0.9885298826717213 -7.296117934127455e-17 0.15102539874151297
    outer loop
      vertex 85 43 130
      vertex 74 53 202
      vertex 81.41461712974346 24.866244109132154 153.4679606053155
    endloop
  endfacet
  facet normal 0.6726727939963124 0.7399400733959437 0
    outer loop
      vertex 85 43 126
      vertex 74 53 202
      vertex 85 43 130
    endloop
  endfacet
  facet normal -0.9673722233802249 -0.25335939183776124 4.842608437617385e-14
    outer loop
      vertex 68 48 202
      vertex 74.64346478542674 22.634043546552416 158.1875521613105
      vertex 74.68957825256578 22.457973944748883 158.21366961956952
    endloop
  endfacet
  facet normal -0.9673722233802411 -0.2533593918376994 1.0490878660004685e-14
    outer loop
      vertex 68 48 202
      vertex 74.48378731649876 23.24372115518654 158.00260848066168
      vertex 74.56243625686079 22.943425201077 158.11005609112968
    endloop
  endfacet
  facet normal -0.9673722233802529 -0.25335939183765444 -1.8427129107894228e-14
    outer loop
      vertex 68 48 202
      vertex 74.56243625686079 22.943425201077 158.11005609112968
      vertex 74.64346478542674 22.634043546552416 158.1875521613105
    endloop
  endfacet
  facet normal -0.9673722233802409 -0.25335939183770045 9.685238837991554e-15
    outer loop
      vertex 68 48 202
      vertex 74.40827539663024 23.532039394684492 157.86624410913214
      vertex 74.48378731649876 23.24372115518654 158.00260848066168
    endloop
  endfacet
  facet normal -0.9885298826717214 -1.9926034814586546e-17 -0.15102539874151288
    outer loop
      vertex 78.77083333333333 21 127.5
      vertex 68 48 198
      vertex 68 53 198
    endloop
  endfacet
  facet normal -0.9673722233802453 -0.253359391837683 0
    outer loop
      vertex 68 48 198
      vertex 74.40827539663024 23.532039394684492 157.86624410913214
      vertex 68 48 202
    endloop
  endfacet
  facet normal -3.7034707330081025e-16 -0.8637789008984335 0.5038710255240861
    outer loop
      vertex 74 48 202
      vertex 74.68957825256578 22.457973944748883 158.21366961956952
      vertex 80.68957825256577 22.457973944748865 158.2136696195695
    endloop
  endfacet
  facet normal 0.9885298826717211 0 0.15102539874151308
    outer loop
      vertex 74 48 202
      vertex 80.79673439294837 24.06177817353185 157.5122839734289
      vertex 74 53 202
    endloop
  endfacet
  facet normal 0 -0.8637789008984333 0.5038710255240861
    outer loop
      vertex 68 48 202
      vertex 74.68957825256578 22.457973944748883 158.21366961956952
      vertex 74 48 202
    endloop
  endfacet
  facet normal 0 0.9904922731777517 -0.13756837127468774
    outer loop
      vertex 85 43 126
      vertex 68 53 198
      vertex 74 53 198
    endloop
  endfacet
  facet normal 0.6726727939963124 0.7399400733959437 0
    outer loop
      vertex 85 43 126
      vertex 74 53 198
      vertex 74 53 202
    endloop
  endfacet
  facet normal -1 0 0
    outer loop
      vertex 68 48 198
      vertex 68 48 202
      vertex 68 53 198
    endloop
  endfacet
  facet normal -1 0 0
    outer loop
      vertex 68 48 202
      vertex 68 53 202
      vertex 68 53 198
    endloop
  endfacet
  facet normal 0 0 1
    outer loop
      vertex 68 48 202
      vertex 74 53 202
      vertex 68 53 202
    endloop
  endfacet
  facet normal 0 0 1
    outer loop
      vertex 68 48 202
      vertex 74 48 202
      vertex 74 53 202
    endloop
  endfacet
  facet normal 0 1 0
    outer loop
      vertex 68 53 198
      vertex 68 53 202
      vertex 74 53 202
    endloop
  endfacet
  facet normal 0 1 0
    outer loop
      vertex 68 53 198
      vertex 74 53 202
      vertex 74 53 198
    endloop
  endfacet
  facet normal 0.9885298826717174 -4.699966036599548e-14 0.1510253987415392
    outer loop
      vertex 74 48 202
      vertex 80.68957825256577 22.457973944748865 158.2136696195695
      vertex 80.69356841979979 22.634043546552416 158.1875521613105
    endloop
  endfacet
  facet normal 0.9885298826717231 1.8180344187482067e-14 0.15102539874150067
    outer loop
      vertex 74 48 202
      vertex 80.70540809718852 22.943425201077 158.11005609112968
      vertex 80.72182370434335 23.24372115518654 158.00260848066168
    endloop
  endfacet
  facet normal 0.9885298826717214 -1.6510115051365496e-15 0.15102539874151238
    outer loop
      vertex 74 48 202
      vertex 80.69356841979979 22.634043546552416 158.1875521613105
      vertex 80.70540809718852 22.943425201077 158.11005609112968
    endloop
  endfacet
  facet normal 0.9885298826717194 -1.8647253101621166e-14 0.1510253987415252
    outer loop
      vertex 74 48 202
      vertex 80.72182370434335 23.24372115518654 158.00260848066168
      vertex 80.7426571499937 23.532039394684492 157.86624410913214
    endloop
  endfacet
  facet normal 0.9885298826717209 -4.3165431622897334e-15 0.15102539874151594
    outer loop
      vertex 74 48 202
      vertex 80.7426571499937 23.532039394684492 157.86624410913214
      vertex 80.76770779666923 23.805603257313706 157.70227623998326
    endloop
  endfacet
  facet normal -0.9094744755858001 -0.4157597602677943 0
    outer loop
      vertex 128 -56 101
      vertex 128 -56 101.05
      vertex 112 -21 123.95
    endloop
  endfacet
  facet normal -0.8203219441726426 0 -0.5719020090092497
    outer loop
      vertex 128 -56 101
      vertex 112 -16 123.95
      vertex 128 -46 101
    endloop
  endfacet
  facet normal -0.9094744755858014 -0.41575976026779154 0
    outer loop
      vertex 128 -56 101.05
      vertex 112 -21 124
      vertex 112 -21 123.95
    endloop
  endfacet
  facet normal -0.8203219441726426 0 -0.5719020090092497
    outer loop
      vertex 128 -56 101
      vertex 112 -21 123.95
      vertex 112 -16 123.95
    endloop
  endfacet
  facet normal 1.6830846679278706e-16 -0.5483432666935852 0.836253347898714
    outer loop
      vertex 128 -56 101.05
      vertex 120 -22.525054466230934 123
      vertex 112 -21 124
    endloop
  endfacet
  facet normal 4.478210755186682e-15 -0.5483432666935845 0.8362533478987146
    outer loop
      vertex 128 -56 101.05
      vertex 121.87016574585635 -24.340030135610245 121.80989452536413
      vertex 120 -22.525054466230934 123
    endloop
  endfacet
  facet normal -1.2934457352872469e-15 -0.5483432666935855 0.836253347898714
    outer loop
      vertex 128 -56 101.05
      vertex 127.67127071823204 -25.394776494224008 121.11828227021597
      vertex 121.87016574585635 -24.340030135610245 121.80989452536413
    endloop
  endfacet
  facet normal -9.80430011394946e-16 0.6075975006788159 -0.794245098926557
    outer loop
      vertex 128 -46 101
      vertex 120 -17.24183006535948 123
      vertex 130.3967093235832 -25.890310786106035 116.38391224862887
    endloop
  endfacet
  facet normal -1 0 0
    outer loop
      vertex 112 -21 123.95
      vertex 112 -21 124
      vertex 112 -16 123.95
    endloop
  endfacet
  facet normal -1 0 0
    outer loop
      vertex 112 -21 124
      vertex 112 -16 124
      vertex 112 -16 123.95
    endloop
  endfacet
  facet normal 0 1 0
    outer loop
      vertex 112 -16 123.95
      vertex 112 -16 124
      vertex 120 -16 124
    endloop
  endfacet
  facet normal 0 -0.5483432666935861 0.8362533478987135
    outer loop
      vertex 112 -21 124
      vertex 120 -22.525054466230934 123
      vertex 120 -21 124
    endloop
  endfacet
  facet normal 0 0.6075975006788163 -0.7942450989265566
    outer loop
      vertex 112 -16 123.95
      vertex 120 -16 123.95
      vertex 120 -17.24183006535948 123
    endloop
  endfacet
  facet normal 0 1 0
    outer loop
      vertex 112 -16 123.95
      vertex 120 -16 124
      vertex 120 -16 123.95
    endloop
  endfacet
  facet normal 0 0.607597500678816 -0.7942450989265568
    outer loop
      vertex 128 -46 101
      vertex 112 -16 123.95
      vertex 120 -17.24183006535948 123
    endloop
  endfacet
  facet normal 0 -1 0
    outer loop
      vertex 128 -56 101
      vertex 132.03835159213668 -56 101
      vertex 128 -56 101.05
    endloop
  endfacet
  facet normal 0 0 -1
    outer loop
      vertex 128 -56 101
      vertex 128 -46 101
      vertex 132.03835159213668 -56 101
    endloop
  endfacet
  facet normal 0 -1 0
    outer loop
      vertex 128 -56 101.05
      vertex 132.03835159213668 -56 101
      vertex 132.0638278646114 -56 101.05
    endloop
  endfacet
  facet normal 0 -0.5483432666935851 0.836253347898714
    outer loop
      vertex 128 -56 101.05
      vertex 132.0638278646114 -56 101.05
      vertex 134.76868894258948 -47.90411299063134 106.35858876757173
    endloop
  endfacet
  facet normal 0 0 -1
    outer loop
      vertex 128 -46 101
      vertex 132.03835159213668 -46 101
      vertex 132.03835159213668 -56 101
    endloop
  endfacet
  facet normal 0 0.6075975006788159 -0.7942450989265569
    outer loop
      vertex 128 -46 101
      vertex 131 -26 116.3
      vertex 132.03835159213668 -46 101
    endloop
  endfacet
  facet normal 2.642331252065544e-16 -0.5483432666935855 0.8362533478987139
    outer loop
      vertex 128 -56 101.05
      vertex 134.76868894258948 -47.90411299063134 106.35858876757173
      vertex 134.1255650426921 -25.394776494224008 121.11828227021597
    endloop
  endfacet
  facet normal 7.765737970166216e-15 0.6075975006788152 -0.7942450989265576
    outer loop
      vertex 128 -46 101
      vertex 130.3967093235832 -25.890310786106035 116.38391224862887
      vertex 131 -26 116.3
    endloop
  endfacet
  facet normal 0 0.607597500678816 -0.794245098926557
    outer loop
      vertex 132.03835159213668 -46 101
      vertex 131 -26 116.3
      vertex 134.76668192690602 -39.00045780718077 106.35464977750671
    endloop
  endfacet
  facet normal 4.4141148993577565e-17 0.6075975006788159 -0.7942450989265569
    outer loop
      vertex 134.76668192690602 -39.00045780718077 106.35464977750671
      vertex 131 -26 116.3
      vertex 134.33333333333334 -26 116.3
    endloop
  endfacet
  facet normal 0.999052047127694 3.1408738920652534e-15 0.04353167961340297
    outer loop
      vertex 134.76868894258948 -47.90411299063134 106.35858876757173
      vertex 134.76868894258945 -39.060668277683995 106.35858876757175
      vertex 134.21786492374727 -26 119
    endloop
  endfacet
  facet normal 0.9994449069791588 0.033314830232508134 1.6874857865209409e-13
    outer loop
      vertex 134.76668192690602 -39.00045780718077 106.35464977750671
      vertex 134.33333333333334 -26 116.3
      vertex 134.76868894258945 -39.060668277683995 106.35858876757175
    endloop
  endfacet
  facet normal 0.9994449069791543 0.0333148302326369 -5.842097187168414e-16
    outer loop
      vertex 134.76868894258945 -39.060668277683995 106.35858876757175
      vertex 134.33333333333334 -26 116.3
      vertex 134.33333333333334 -26 116.35
    endloop
  endfacet
  facet normal -1.6710007929624287e-16 -0.5483432666935854 0.836253347898714
    outer loop
      vertex 128 -56 101.05
      vertex 134.1255650426921 -25.394776494224008 121.11828227021597
      vertex 127.67127071823204 -25.394776494224008 121.11828227021597
    endloop
  endfacet
  facet normal 0.9990520471276936 -1.324659260444481e-15 0.04353167961341074
    outer loop
      vertex 134.76868894258948 -47.90411299063134 106.35858876757173
      vertex 134.21786492374727 -26 119
      vertex 134.1255650426921 -25.394776494224008 121.11828227021597
    endloop
  endfacet
  facet normal 0.9990520471276935 -6.261643927663994e-15 0.04353167961341268
    outer loop
      vertex 134.76868894258945 -39.060668277683995 106.35858876757175
      vertex 134.33333333333334 -26 116.35
      vertex 134.21786492374727 -26 119
    endloop
  endfacet
  facet normal -1 0 0
    outer loop
      vertex 112 16 123.95
      vertex 112 16 124
      vertex 112 21 124
    endloop
  endfacet
  facet normal -1 0 0
    outer loop
      vertex 112 16 123.95
      vertex 112 21 124
      vertex 112 21 123.95
    endloop
  endfacet
  facet normal 0 -1 0
    outer loop
      vertex 112 16 123.95
      vertex 120 16 123.95
      vertex 112 16 124
    endloop
  endfacet
  facet normal 0 -0.6075975006788163 -0.7942450989265566
    outer loop
      vertex 112 16 123.95
      vertex 120 17.24183006535948 123
      vertex 120 16 123.95
    endloop
  endfacet
  facet normal 0 -1 0
    outer loop
      vertex 112 16 124
      vertex 120 16 123.95
      vertex 120 16 124
    endloop
  endfacet
  facet normal 0 0.5483432666935861 0.8362533478987135
    outer loop
      vertex 112 21 124
      vertex 120 21 124
      vertex 120 22.525054466230934 123
    endloop
  endfacet
  facet normal -6.704764358656242e-17 -0.6075975006788161 -0.7942450989265569
    outer loop
      vertex 112 16 123.95
      vertex 134.76668192690602 39.00045780718077 106.35464977750671
      vertex 120 17.24183006535948 123
    endloop
  endfacet
  facet normal -1.6304188151781652e-15 -0.6075975006788153 -0.7942450989265574
    outer loop
      vertex 120 17.24183006535948 123
      vertex 134.76668192690602 39.00045780718077 106.35464977750671
      vertex 130.3967093235832 25.890310786106035 116.38391224862887
    endloop
  endfacet
  facet normal -0.8203219441726425 0 -0.5719020090092497
    outer loop
      vertex 112 16 123.95
      vertex 128 56 101
      vertex 128 46 101
    endloop
  endfacet
  facet normal -0.9094744755857989 0.41575976026779715 0
    outer loop
      vertex 112 21 124
      vertex 128 56 101.05
      vertex 128 56 101
    endloop
  endfacet
  facet normal -1.4332886060682596e-16 -0.607597500678816 -0.7942450989265569
    outer loop
      vertex 112 16 123.95
      vertex 128 46 101
      vertex 134.76668192690602 39.00045780718077 106.35464977750671
    endloop
  endfacet
  facet normal -0.8203219441726426 0 -0.5719020090092497
    outer loop
      vertex 112 16 123.95
      vertex 112 21 123.95
      vertex 128 56 101
    endloop
  endfacet
  facet normal -0.9094744755858001 0.4157597602677943 0
    outer loop
      vertex 112 21 123.95
      vertex 112 21 124
      vertex 128 56 101
    endloop
  endfacet
  facet normal 2.1480265830258304e-16 0.5483432666935852 0.836253347898714
    outer loop
      vertex 112 21 124
      vertex 120 22.525054466230934 123
      vertex 128 56 101.05
    endloop
  endfacet
  facet normal 4.695704370224463e-15 0.5483432666935845 0.8362533478987145
    outer loop
      vertex 120 22.525054466230934 123
      vertex 121.87016574585635 24.340030135610245 121.80989452536413
      vertex 128 56 101.05
    endloop
  endfacet
  facet normal -1.3459486206345774e-15 0.5483432666935855 0.836253347898714
    outer loop
      vertex 121.87016574585635 24.340030135610245 121.80989452536413
      vertex 127.67127071823204 25.394776494224008 121.11828227021597
      vertex 128 56 101.05
    endloop
  endfacet
  facet normal 8.410083852907353e-15 -0.6075975006788175 -0.7942450989265557
    outer loop
      vertex 130.3967093235832 25.890310786106035 116.38391224862887
      vertex 134.76668192690602 39.00045780718077 106.35464977750671
      vertex 131 26 116.3
    endloop
  endfacet
  facet normal 0 -0.6075975006788159 -0.7942450989265569
    outer loop
      vertex 131 26 116.3
      vertex 134.76668192690602 39.00045780718077 106.35464977750671
      vertex 134.33333333333334 26 116.3
    endloop
  endfacet
  facet normal 0 -0.6075975006788159 -0.7942450989265569
    outer loop
      vertex 128 46 101
      vertex 132.03835159213668 46 101
      vertex 134.76668192690602 39.00045780718077 106.35464977750671
    endloop
  endfacet
  facet normal 4.4016872097481524e-16 0.5483432666935852 0.836253347898714
    outer loop
      vertex 127.67127071823204 25.394776494224008 121.11828227021597
      vertex 134.76868894258948 47.90411299063132 106.35858876757175
      vertex 132.0638278646114 56 101.05
    endloop
  endfacet
  facet normal 0.9994449069791543 -0.033314830232638606 0
    outer loop
      vertex 134.33333333333334 26 116.3
      vertex 134.76868894258948 39.060668277683995 106.35858876757175
      vertex 134.33333333333334 26 116.35
    endloop
  endfacet
  facet normal 0.9994449069791442 -0.03331483023294178 -3.9912338962182077e-13
    outer loop
      vertex 134.33333333333334 26 116.3
      vertex 134.76668192690602 39.00045780718077 106.35464977750671
      vertex 134.76868894258948 39.060668277683995 106.35858876757175
    endloop
  endfacet
  facet normal 0.9990520471276938 9.603862434733137e-19 0.04353167961340734
    outer loop
      vertex 134.33333333333334 26 116.35
      vertex 134.76868894258948 39.060668277683995 106.35858876757175
      vertex 134.76868894258948 47.90411299063132 106.35858876757175
    endloop
  endfacet
  facet normal 0 0 -1
    outer loop
      vertex 128 46 101
      vertex 128 56 101
      vertex 132.03835159213668 46 101
    endloop
  endfacet
  facet normal 2.6539339985595083e-16 0.5483432666935854 0.836253347898714
    outer loop
      vertex 127.67127071823204 25.394776494224008 121.11828227021597
      vertex 132.0638278646114 56 101.05
      vertex 128 56 101.05
    endloop
  endfacet
  facet normal 0 1 0
    outer loop
      vertex 128 56 101
      vertex 128 56 101.05
      vertex 132.03835159213668 56 101
    endloop
  endfacet
  facet normal 0 0 -1
    outer loop
      vertex 128 56 101
      vertex 132.03835159213668 56 101
      vertex 132.03835159213668 46 101
    endloop
  endfacet
  facet normal 0 1 0
    outer loop
      vertex 128 56 101.05
      vertex 132.0638278646114 56 101.05
      vertex 132.03835159213668 56 101
    endloop
  endfacet
  facet normal 1.539404264564676e-15 0.548343266693585 0.8362533478987141
    outer loop
      vertex 127.67127071823204 25.394776494224008 121.11828227021597
      vertex 134.12556504269213 25.39477649422401 121.11828227021596
      vertex 134.76868894258948 47.90411299063132 106.35858876757175
    endloop
  endfacet
  facet normal 0.9990520471276937 2.445502784147314e-15 0.04353167961341269
    outer loop
      vertex 134.21786492374727 26 119
      vertex 134.33333333333334 26 116.35
      vertex 134.76868894258948 47.90411299063132 106.35858876757175
    endloop
  endfacet
  facet normal 0.9990520471276942 -7.756416818692524e-15 0.04353167961339504
    outer loop
      vertex 134.21786492374727 26 119
      vertex 134.76868894258948 47.90411299063132 106.35858876757175
      vertex 134.12556504269213 25.39477649422401 121.11828227021596
    endloop
  endfacet
  facet normal -1 0 0
    outer loop
      vertex 120 -24 123
      vertex 120 -24 126
      vertex 120 -22.525054466230934 123
    endloop
  endfacet
  facet normal -1 0 0
    outer loop
      vertex 120 -22.525054466230934 123
      vertex 120 -24 126
      vertex 120 -21 124
    endloop
  endfacet
  facet normal -0.5368754921931622 0 -0.8436614877321057
    outer loop
      vertex 120 -24 123
      vertex 120 -22.525054466230934 123
      vertex 121.87016574585635 -24.340030135610245 121.80989452536413
    endloop
  endfacet
  facet normal -0.17888543819998268 -0.9838699100999075 0
    outer loop
      vertex 120 -24 123
      vertex 121.87016574585635 -24.340030135610245 121.80989452536413
      vertex 120 -24 126
    endloop
  endfacet
  facet normal -0.17888543819998354 -0.9838699100999074 -3.8732215640073234e-16
    outer loop
      vertex 120 -24 126
      vertex 121.87016574585635 -24.340030135610245 121.80989452536413
      vertex 127.67127071823204 -25.394776494224008 121.11828227021597
    endloop
  endfacet
  facet normal -0.5368754921931599 -1.0762801156691205e-15 -0.8436614877321071
    outer loop
      vertex 120 -17.24183006535948 123
      vertex 121 -15 122.36363636363636
      vertex 131 -26 116
    endloop
  endfacet
  facet normal -1 0 0
    outer loop
      vertex 120 -24 126
      vertex 120 -21 126
      vertex 120 -21 124
    endloop
  endfacet
  facet normal -0.5368754921931582 2.940577991310354e-15 -0.843661487732108
    outer loop
      vertex 120 -17.24183006535948 123
      vertex 131 -26 116
      vertex 130.3967093235832 -25.890310786106035 116.38391224862887
    endloop
  endfacet
  facet normal 0 0 1
    outer loop
      vertex 120 -24 126
      vertex 134 -24 126
      vertex 120 -21 126
    endloop
  endfacet
  facet normal 0 -0.9615239476408232 0.27472112789737796
    outer loop
      vertex 120 -24 126
      vertex 127.67127071823204 -25.394776494224008 121.11828227021597
      vertex 134 -24 126
    endloop
  endfacet
  facet normal -0.5368754921931591 0 -0.8436614877321075
    outer loop
      vertex 128 -16 117.9090909090909
      vertex 121 -15 122.36363636363636
      vertex 128 -15 117.9090909090909
    endloop
  endfacet
  facet normal -0.5368754921931592 -1.7894254971600235e-16 -0.8436614877321075
    outer loop
      vertex 128 -16 117.9090909090909
      vertex 131 -26 116
      vertex 121 -15 122.36363636363636
    endloop
  endfacet
  facet normal -1 0 0
    outer loop
      vertex 120 -17.24183006535948 123
      vertex 120 -16 123.95
      vertex 120 -6 123
    endloop
  endfacet
  facet normal -1 0 0
    outer loop
      vertex 120 -16 123.95
      vertex 120 -16 124
      vertex 120 -6 123
    endloop
  endfacet
  facet normal -0.5368754921931617 0 -0.843661487732106
    outer loop
      vertex 120 -17.24183006535948 123
      vertex 120 -6 123
      vertex 121 -15 122.36363636363636
    endloop
  endfacet
  facet normal -1 0 0
    outer loop
      vertex 120 -16 124
      vertex 120 -6 124
      vertex 120 -6 123
    endloop
  endfacet
  facet normal -0.5368754921931617 0 -0.843661487732106
    outer loop
      vertex 121 -15 122.36363636363636
      vertex 120 -6 123
      vertex 121 -6 122.36363636363636
    endloop
  endfacet
  facet normal -0.17888543819998418 -0.9838699100999073 2.6702244257973016e-17
    outer loop
      vertex 130.3967093235832 -25.890310786106035 116.38391224862887
      vertex 131 -26 116
      vertex 131 -26 116.3
    endloop
  endfacet
  facet normal 0 -1 0
    outer loop
      vertex 131 -26 116
      vertex 135 -26 116
      vertex 131 -26 116.3
    endloop
  endfacet
  facet normal 0 -1 0
    outer loop
      vertex 131 -26 116.3
      vertex 135 -26 116
      vertex 134.33333333333334 -26 116.3
    endloop
  endfacet
  facet normal 0 0 -1
    outer loop
      vertex 131 -26 116
      vertex 135 -16 116
      vertex 135 -26 116
    endloop
  endfacet
  facet normal 0 -0.9615239476408233 0.274721127897378
    outer loop
      vertex 127.67127071823204 -25.394776494224008 121.11828227021597
      vertex 134.1255650426921 -25.394776494224008 121.11828227021597
      vertex 134 -24 126
    endloop
  endfacet
  facet normal -0.5368754921931588 0 -0.8436614877321078
    outer loop
      vertex 128 -16 117.9090909090909
      vertex 131 -16 116
      vertex 131 -26 116
    endloop
  endfacet
  facet normal 0 0 -1
    outer loop
      vertex 131 -26 116
      vertex 131 -16 116
      vertex 135 -16 116
    endloop
  endfacet
  facet normal 0 0 1
    outer loop
      vertex 120 -21 126
      vertex 134 -24 126
      vertex 134 -21 126
    endloop
  endfacet
  facet normal 0.9899494936611671 0 0.14142135623730556
    outer loop
      vertex 134 -24 126
      vertex 134.28571428571428 -21 124
      vertex 134 -21 126
    endloop
  endfacet
  facet normal 0 -1 0
    outer loop
      vertex 134.33333333333334 -26 116.35
      vertex 134.33333333333334 -26 116.3
      vertex 135 -26 116
    endloop
  endfacet
  facet normal 0 -1 0
    outer loop
      vertex 134.33333333333334 -26 116.35
      vertex 135 -26 116
      vertex 135 -26 119
    endloop
  endfacet
  facet normal 0 -1 0
    outer loop
      vertex 134.21786492374727 -26 119
      vertex 134.33333333333334 -26 116.35
      vertex 135 -26 119
    endloop
  endfacet
  facet normal 0 -0.9615239476408232 0.2747211278973783
    outer loop
      vertex 134.21786492374727 -26 119
      vertex 135 -26 119
      vertex 134.1255650426921 -25.394776494224008 121.11828227021597
    endloop
  endfacet
  facet normal 1 0 0
    outer loop
      vertex 135 -26 116
      vertex 135 -16 119
      vertex 135 -26 119
    endloop
  endfacet
  facet normal -8.699759465759569e-16 -0.9615239476408232 0.2747211278973779
    outer loop
      vertex 134.1255650426921 -25.394776494224008 121.11828227021597
      vertex 135 -26 119
      vertex 134 -24 126
    endloop
  endfacet
  facet normal 0.9899494936611667 2.2508845487690602e-15 0.1414213562373089
    outer loop
      vertex 134 -24 126
      vertex 135 -26 119
      vertex 134.28571428571428 -21 124
    endloop
  endfacet
  facet normal 1 0 0
    outer loop
      vertex 135 -26 116
      vertex 135 -16 116
      vertex 135 -16 119
    endloop
  endfacet
  facet normal 0.9899494936611664 0 0.14142135623731109
    outer loop
      vertex 134.28571428571428 -21 124
      vertex 135 -26 119
      vertex 135 -16 119
    endloop
  endfacet
  facet normal 0.9899494936611664 0 0.14142135623731109
    outer loop
      vertex 134.28571428571428 -21 124
      vertex 135 -16 119
      vertex 134.28571428571428 -16 124
    endloop
  endfacet
  facet normal -1 0 0
    outer loop
      vertex 120 17.24183006535948 123
      vertex 120 6 123
      vertex 120 6 124
    endloop
  endfacet
  facet normal -0.5368754921931617 0 -0.843661487732106
    outer loop
      vertex 121 15 122.36363636363636
      vertex 121 6 122.36363636363636
      vertex 120 6 123
    endloop
  endfacet
  facet normal -1 0 0
    outer loop
      vertex 120 16 123.95
      vertex 120 6 124
      vertex 120 16 124
    endloop
  endfacet
  facet normal -1 0 0
    outer loop
      vertex 120 16 123.95
      vertex 120 17.24183006535948 123
      vertex 120 6 124
    endloop
  endfacet
  facet normal -0.5368754921931617 0 -0.843661487732106
    outer loop
      vertex 120 17.24183006535948 123
      vertex 121 15 122.36363636363636
      vertex 120 6 123
    endloop
  endfacet
  facet normal -1 0 0
    outer loop
      vertex 120 21 124
      vertex 120 21 126
      vertex 120 24 126
    endloop
  endfacet
  facet normal -0.5368754921931593 1.4364448528885967e-15 -0.8436614877321075
    outer loop
      vertex 120 17.24183006535948 123
      vertex 128 16 117.9090909090909
      vertex 121 15 122.36363636363636
    endloop
  endfacet
  facet normal -1 0 0
    outer loop
      vertex 120 21 124
      vertex 120 24 123
      vertex 120 22.525054466230934 123
    endloop
  endfacet
  facet normal -1 0 0
    outer loop
      vertex 120 21 124
      vertex 120 24 126
      vertex 120 24 123
    endloop
  endfacet
  facet normal -0.5368754921931622 0 -0.8436614877321057
    outer loop
      vertex 120 22.525054466230934 123
      vertex 120 24 123
      vertex 121.87016574585635 24.340030135610245 121.80989452536413
    endloop
  endfacet
  facet normal -0.17888543819998268 0.9838699100999075 0
    outer loop
      vertex 120 24 123
      vertex 120 24 126
      vertex 121.87016574585635 24.340030135610245 121.80989452536413
    endloop
  endfacet
  facet normal -0.17888543819998354 0.9838699100999074 -3.876170751579241e-16
    outer loop
      vertex 120 24 126
      vertex 127.67127071823204 25.394776494224008 121.11828227021597
      vertex 121.87016574585635 24.340030135610245 121.80989452536413
    endloop
  endfacet
  facet normal -0.5368754921931588 -3.996383610324054e-15 -0.8436614877321077
    outer loop
      vertex 121 15 122.36363636363636
      vertex 128 16 117.9090909090909
      vertex 127 15 118.54545454545455
    endloop
  endfacet
  facet normal -0.5368754921931596 1.460332185300811e-16 -0.8436614877321074
    outer loop
      vertex 120 17.24183006535948 123
      vertex 130.3967093235832 25.890310786106035 116.38391224862887
      vertex 128 16 117.9090909090909
    endloop
  endfacet
  facet normal -0.5368754921931617 0 -0.843661487732106
    outer loop
      vertex 128 16 117.9090909090909
      vertex 128 15 117.9090909090909
      vertex 127 15 118.54545454545455
    endloop
  endfacet
  facet normal 0 0 1
    outer loop
      vertex 120 21 126
      vertex 134 21 126
      vertex 120 24 126
    endloop
  endfacet
  facet normal 0 0.9615239476408232 0.27472112789737796
    outer loop
      vertex 120 24 126
      vertex 134 24 126
      vertex 127.67127071823204 25.394776494224008 121.11828227021597
    endloop
  endfacet
  facet normal -0.5368754921931588 0 -0.8436614877321078
    outer loop
      vertex 128 16 117.9090909090909
      vertex 131 26 116
      vertex 131 16 116
    endloop
  endfacet
  facet normal 0 0 -1
    outer loop
      vertex 131 16 116
      vertex 135 26 116
      vertex 135 16 116
    endloop
  endfacet
  facet normal 0.9899494936611671 0 0.14142135623730556
    outer loop
      vertex 134.28571428571428 21 124
      vertex 134 24 126
      vertex 134 21 126
    endloop
  endfacet
  facet normal -0.5368754921931581 -3.9411451349410667e-16 -0.8436614877321084
    outer loop
      vertex 128 16 117.9090909090909
      vertex 130.3967093235832 25.890310786106035 116.38391224862887
      vertex 131 26 116
    endloop
  endfacet
  facet normal -0.1788854381999842 0.9838699100999072 -2.6702244257973016e-17
    outer loop
      vertex 130.3967093235832 25.890310786106035 116.38391224862887
      vertex 131 26 116.3
      vertex 131 26 116
    endloop
  endfacet
  facet normal 0 0 -1
    outer loop
      vertex 131 16 116
      vertex 131 26 116
      vertex 135 26 116
    endloop
  endfacet
  facet normal 0 1 0
    outer loop
      vertex 131 26 116
      vertex 131 26 116.3
      vertex 134.33333333333334 26 116.3
    endloop
  endfacet
  facet normal 0 1 0
    outer loop
      vertex 131 26 116
      vertex 134.33333333333334 26 116.3
      vertex 135 26 116
    endloop
  endfacet
  facet normal 0 0 1
    outer loop
      vertex 120 24 126
      vertex 134 21 126
      vertex 134 24 126
    endloop
  endfacet
  facet normal 7.560900230701479e-17 0.9615239476408233 0.2747211278973779
    outer loop
      vertex 127.67127071823204 25.394776494224008 121.11828227021597
      vertex 134 24 126
      vertex 134.12556504269213 25.39477649422401 121.11828227021596
    endloop
  endfacet
  facet normal 1 0 0
    outer loop
      vertex 135 16 116
      vertex 135 26 119
      vertex 135 16 119
    endloop
  endfacet
  facet normal 0.9899494936611664 0 0.14142135623731109
    outer loop
      vertex 134.28571428571428 21 124
      vertex 135 16 119
      vertex 135 26 119
    endloop
  endfacet
  facet normal 0.9899494936611664 0 0.14142135623731109
    outer loop
      vertex 134.28571428571428 16 124
      vertex 135 16 119
      vertex 134.28571428571428 21 124
    endloop
  endfacet
  facet normal 1 0 0
    outer loop
      vertex 135 16 116
      vertex 135 26 116
      vertex 135 26 119
    endloop
  endfacet
  facet normal 0 1 0
    outer loop
      vertex 134.33333333333334 26 116.3
      vertex 134.33333333333334 26 116.35
      vertex 135 26 116
    endloop
  endfacet
  facet normal 0 1 0
    outer loop
      vertex 134.21786492374727 26 119
      vertex 135 26 116
      vertex 134.33333333333334 26 116.35
    endloop
  endfacet
  facet normal 0 1 0
    outer loop
      vertex 134.21786492374727 26 119
      vertex 135 26 119
      vertex 135 26 116
    endloop
  endfacet
  facet normal 0 0.961523947640823 0.27472112789737846
    outer loop
      vertex 134.21786492374727 26 119
      vertex 134.12556504269213 25.39477649422401 121.11828227021596
      vertex 135 26 119
    endloop
  endfacet
  facet normal 0.9899494936611667 -2.2508845487690602e-15 0.1414213562373089
    outer loop
      vertex 134.28571428571428 21 124
      vertex 135 26 119
      vertex 134 24 126
    endloop
  endfacet
  facet normal -1.6568367346628853e-15 0.9615239476408233 0.27472112789737785
    outer loop
      vertex 134.12556504269213 25.39477649422401 121.11828227021596
      vertex 134 24 126
      vertex 135 26 119
    endloop
  endfacet
  facet normal 0 -1 0
    outer loop
      vertex 74 -21 124
      vertex 79 -21 126
      vertex 74 -21 127.5
    endloop
  endfacet
  facet normal 0 -1 0
    outer loop
      vertex 74 -21 127.5
      vertex 79 -21 126
      vertex 78.77083333333333 -21 127.5
    endloop
  endfacet
  facet normal 0 0 1
    outer loop
      vertex 74 -21 127.5
      vertex 78.77083333333333 -21 127.5
      vertex 78.77083333333333 -1.875 127.5
    endloop
  endfacet
  facet normal -1 0 0
    outer loop
      vertex 74 -21 124
      vertex 74 -21 127.5
      vertex 74 21 127.5
    endloop
  endfacet
  facet normal 0 0 1
    outer loop
      vertex 74 -21 127.5
      vertex 78.77083333333333 -1.875 127.5
      vertex 79 6 127.5
    endloop
  endfacet
  facet normal 0 0 1
    outer loop
      vertex 74 -21 127.5
      vertex 79 6 127.5
      vertex 78.77083333333333 6.875 127.5
    endloop
  endfacet
  facet normal 0 -1 0
    outer loop
      vertex 74 -21 124
      vertex 85 -21 126
      vertex 79 -21 126
    endloop
  endfacet
  facet normal 0 -1 0
    outer loop
      vertex 74 -21 124
      vertex 105 -21 127.5
      vertex 85 -21 126
    endloop
  endfacet
  facet normal 0 -1 0
    outer loop
      vertex 85 -21 126
      vertex 105 -21 127.5
      vertex 85 -21 127.5
    endloop
  endfacet
  facet normal 0 -1 0
    outer loop
      vertex 74 -21 124
      vertex 105 -21 124
      vertex 105 -21 127.5
    endloop
  endfacet
  facet normal 0 0 1
    outer loop
      vertex 85 -21 127.5
      vertex 105 21 127.5
      vertex 85 -1 127.5
    endloop
  endfacet
  facet normal 0 0 -1
    outer loop
      vertex 74 -21 124
      vertex 105 13.263157894736842 124
      vertex 105 -21 124
    endloop
  endfacet
  facet normal 0 0 1
    outer loop
      vertex 85 -21 127.5
      vertex 105 -21 127.5
      vertex 105 21 127.5
    endloop
  endfacet
  facet normal 0 0 -1
    outer loop
      vertex 105 -21 124
      vertex 106.8326650233145 -18.33165354742742 124
      vertex 106.87320142925525 -18.493483951332585 124
    endloop
  endfacet
  facet normal 0 0 -1
    outer loop
      vertex 105 -21 124
      vertex 106.80818596465727 -18.166629138560253 124
      vertex 106.8326650233145 -18.33165354742742 124
    endloop
  endfacet
  facet normal 0 0 -1
    outer loop
      vertex 105 -21 124
      vertex 106.92940479473081 -18.650561835020653 124
      vertex 107.0007338506078 -18.801374452604197 124
    endloop
  endfacet
  facet normal 0 0 -1
    outer loop
      vertex 105 -21 124
      vertex 107.08650165908567 -18.944469396133325 124
      vertex 107.09405072321871 -18.95464813080963 124
    endloop
  endfacet
  facet normal 0 0 -1
    outer loop
      vertex 105 -21 124
      vertex 107.0007338506078 -18.801374452604197 124
      vertex 107.08650165908567 -18.944469396133325 124
    endloop
  endfacet
  facet normal 0 0 -1
    outer loop
      vertex 105 -21 124
      vertex 106.87320142925525 -18.493483951332585 124
      vertex 106.92940479473081 -18.650561835020653 124
    endloop
  endfacet
  facet normal 0 0 -1
    outer loop
      vertex 105 -21 124
      vertex 105 13.263157894736842 124
      vertex 106.80818596465727 -18.166629138560253 124
    endloop
  endfacet
  facet normal 0 0 -1
    outer loop
      vertex 105 13.263157894736842 124
      vertex 106.8 -18 124
      vertex 106.80818596465727 -18.166629138560253 124
    endloop
  endfacet
  facet normal 0 0 -1
    outer loop
      vertex 105 13.263157894736842 124
      vertex 106.80818596465727 -17.833370861439747 124
      vertex 106.8 -18 124
    endloop
  endfacet
  facet normal 0 0 -1
    outer loop
      vertex 105 13.263157894736842 124
      vertex 106.8326650233145 -17.66834645257258 124
      vertex 106.80818596465727 -17.833370861439747 124
    endloop
  endfacet
  facet normal 0 0 -1
    outer loop
      vertex 105 13.263157894736842 124
      vertex 106.87320142925525 -17.506516048667415 124
      vertex 106.8326650233145 -17.66834645257258 124
    endloop
  endfacet
  facet normal 0 0 -1
    outer loop
      vertex 105 13.263157894736842 124
      vertex 106.92940479473081 -17.349438164979347 124
      vertex 106.87320142925525 -17.506516048667415 124
    endloop
  endfacet
  facet normal 0 0 -1
    outer loop
      vertex 105 13.263157894736842 124
      vertex 107.0007338506078 -17.198625547395803 124
      vertex 106.92940479473081 -17.349438164979347 124
    endloop
  endfacet
  facet normal 0 0 -1
    outer loop
      vertex 105 13.263157894736842 124
      vertex 107.08650165908567 -17.055530603866675 124
      vertex 107.0007338506078 -17.198625547395803 124
    endloop
  endfacet
  facet normal 0 0 -1
    outer loop
      vertex 105 13.263157894736842 124
      vertex 107.18588222928335 -16.921531416921802 124
      vertex 107.08650165908567 -17.055530603866675 124
    endloop
  endfacet
  facet normal 0 0 -1
    outer loop
      vertex 105 13.263157894736842 124
      vertex 107.29791847198287 -16.797918471982868 124
      vertex 107.18588222928335 -16.921531416921802 124
    endloop
  endfacet
  facet normal 0 0 -1
    outer loop
      vertex 105 13.263157894736842 124
      vertex 107.42153141692181 -16.685882229283347 124
      vertex 107.29791847198287 -16.797918471982868 124
    endloop
  endfacet
  facet normal 0 0 -1
    outer loop
      vertex 105 13.263157894736842 124
      vertex 107.55553060386667 -16.586501659085673 124
      vertex 107.42153141692181 -16.685882229283347 124
    endloop
  endfacet
  facet normal 0 0 -1
    outer loop
      vertex 105 13.263157894736842 124
      vertex 107.6986255473958 -16.500733850607798 124
      vertex 107.55553060386667 -16.586501659085673 124
    endloop
  endfacet
  facet normal 0 0 -1
    outer loop
      vertex 105 13.263157894736842 124
      vertex 107.84943816497935 -16.429404794730814 124
      vertex 107.6986255473958 -16.500733850607798 124
    endloop
  endfacet
  facet normal 0 0 -1
    outer loop
      vertex 105 13.263157894736842 124
      vertex 108.00651604866741 -16.373201429255246 124
      vertex 107.84943816497935 -16.429404794730814 124
    endloop
  endfacet
  facet normal 0 0 -1
    outer loop
      vertex 105 13.263157894736842 124
      vertex 108.16834645257258 -16.332665023314508 124
      vertex 108.00651604866741 -16.373201429255246 124
    endloop
  endfacet
  facet normal 0 0 -1
    outer loop
      vertex 105 13.263157894736842 124
      vertex 108.33337086143975 -16.308185964657266 124
      vertex 108.16834645257258 -16.332665023314508 124
    endloop
  endfacet
  facet normal 0 0 -1
    outer loop
      vertex 105 13.263157894736842 124
      vertex 108.5 -16.3 124
      vertex 108.33337086143975 -16.308185964657266 124
    endloop
  endfacet
  facet normal 0 0 -1
    outer loop
      vertex 105 13.263157894736842 124
      vertex 108.66662913856025 -16.308185964657266 124
      vertex 108.5 -16.3 124
    endloop
  endfacet
  facet normal 0 0 -1
    outer loop
      vertex 105 13.263157894736842 124
      vertex 108.83165354742742 -16.332665023314508 124
      vertex 108.66662913856025 -16.308185964657266 124
    endloop
  endfacet
  facet normal 0 0 -1
    outer loop
      vertex 105 13.263157894736842 124
      vertex 108.99348395133259 -16.373201429255246 124
      vertex 108.83165354742742 -16.332665023314508 124
    endloop
  endfacet
  facet normal 0 0 -1
    outer loop
      vertex 105 13.263157894736842 124
      vertex 109.15056183502065 -16.429404794730814 124
      vertex 108.99348395133259 -16.373201429255246 124
    endloop
  endfacet
  facet normal 0 0 -1
    outer loop
      vertex 105 13.263157894736842 124
      vertex 112 -14.162790697674417 124
      vertex 109.15056183502065 -16.429404794730814 124
    endloop
  endfacet
  facet normal 0 0 1
    outer loop
      vertex 74 -21 127.5
      vertex 78.77083333333333 6.875 127.5
      vertex 74 21 127.5
    endloop
  endfacet
  facet normal -1 0 0
    outer loop
      vertex 74 -21 124
      vertex 74 21 127.5
      vertex 74 21 124
    endloop
  endfacet
  facet normal 0 0 1
    outer loop
      vertex 74 21 127.5
      vertex 78.77083333333333 6.875 127.5
      vertex 78.77083333333333 21 127.5
    endloop
  endfacet
  facet normal 0 1 0
    outer loop
      vertex 74 21 124
      vertex 74 21 127.5
      vertex 79 21 126
    endloop
  endfacet
  facet normal 0 1 0
    outer loop
      vertex 74 21 127.5
      vertex 78.77083333333333 21 127.5
      vertex 79 21 126
    endloop
  endfacet
  facet normal 0 0 1
    outer loop
      vertex 78.77083333333333 -1.875 127.5
      vertex 79 -1 127.5
      vertex 79 6 127.5
    endloop
  endfacet
  facet normal 0 0 1
    outer loop
      vertex 79 -1 127.5
      vertex 85 -1 127.5
      vertex 79 6 127.5
    endloop
  endfacet
  facet normal 0 0 1
    outer loop
      vertex 85 -1 127.5
      vertex 85 6 127.5
      vertex 79 6 127.5
    endloop
  endfacet
  facet normal 0 0 -1
    outer loop
      vertex 74 -21 124
      vertex 74 21 124
      vertex 105 13.263157894736842 124
    endloop
  endfacet
  facet normal 0 1 0
    outer loop
      vertex 74 21 124
      vertex 79 21 126
      vertex 105 21 124
    endloop
  endfacet
  facet normal 0 0 1
    outer loop
      vertex 85 -1 127.5
      vertex 105 21 127.5
      vertex 85 6 127.5
    endloop
  endfacet
  facet normal 0 1 0
    outer loop
      vertex 79 21 126
      vertex 85 21 126
      vertex 105 21 124
    endloop
  endfacet
  facet normal 0 0 1
    outer loop
      vertex 85 6 127.5
      vertex 105 21 127.5
      vertex 85 21 127.5
    endloop
  endfacet
  facet normal 0 1 0
    outer loop
      vertex 85 21 126
      vertex 85 21 127.5
      vertex 105 21 124
    endloop
  endfacet
  facet normal 0 0 -1
    outer loop
      vertex 74 21 124
      vertex 105 21 124
      vertex 105 13.263157894736842 124
    endloop
  endfacet
  facet normal 0 1 0
    outer loop
      vertex 85 21 127.5
      vertex 105 21 127.5
      vertex 105 21 124
    endloop
  endfacet
  facet normal 0 0 -1
    outer loop
      vertex 112 -14.162790697674417 124
      vertex 109.3013744526042 -16.500733850607798 124
      vertex 109.15056183502065 -16.429404794730814 124
    endloop
  endfacet
  facet normal 0 0 -1
    outer loop
      vertex 112 -14.162790697674417 124
      vertex 109.44446939613333 -16.586501659085673 124
      vertex 109.3013744526042 -16.500733850607798 124
    endloop
  endfacet
  facet normal 0 0 -1
    outer loop
      vertex 112 -14.162790697674417 124
      vertex 109.48659516433896 -16.61774425808752 124
      vertex 109.44446939613333 -16.586501659085673 124
    endloop
  endfacet
  facet normal -1 0 0
    outer loop
      vertex 121 -14 84
      vertex 121 -12.7 89
      vertex 121 -12.691814035342734 88.83337086143975
    endloop
  endfacet
  facet normal -1 0 0
    outer loop
      vertex 121 -14 84
      vertex 121 -12.499266149392204 88.1986255473958
      vertex 121 -12.413498340914327 88.05553060386667
    endloop
  endfacet
  facet normal -1 0 0
    outer loop
      vertex 121 -14 84
      vertex 121 -12.413498340914327 88.05553060386667
      vertex 121 -12.314117770716653 87.92153141692181
    endloop
  endfacet
  facet normal -1 0 0
    outer loop
      vertex 121 -14 84
      vertex 121 -12.20208152801713 87.79791847198287
      vertex 121 -12.078468583078198 87.68588222928335
    endloop
  endfacet
  facet normal -1 0 0
    outer loop
      vertex 121 -14 84
      vertex 121 -12.078468583078198 87.68588222928335
      vertex 121 -11.944469396133323 87.58650165908567
    endloop
  endfacet
  facet normal -1 0 0
    outer loop
      vertex 121 -14 84
      vertex 121 -12.314117770716653 87.92153141692181
      vertex 121 -12.20208152801713 87.79791847198287
    endloop
  endfacet
  facet normal -1 0 0
    outer loop
      vertex 121 -14 84
      vertex 121 -11.650561835020653 87.42940479473081
      vertex 121 -11.493483951332585 87.37320142925525
    endloop
  endfacet
  facet normal -1 0 0
    outer loop
      vertex 121 -14 84
      vertex 121 -11.493483951332585 87.37320142925525
      vertex 121 -11.331653547427418 87.3326650233145
    endloop
  endfacet
  facet normal -1 0 0
    outer loop
      vertex 121 -14 84
      vertex 121 -11.944469396133323 87.58650165908567
      vertex 121 -11.801374452604197 87.5007338506078
    endloop
  endfacet
  facet normal -1 0 0
    outer loop
      vertex 121 -14 84
      vertex 121 -11.801374452604197 87.5007338506078
      vertex 121 -11.650561835020653 87.42940479473081
    endloop
  endfacet
  facet normal -1 0 0
    outer loop
      vertex 121 -14 84
      vertex 121 -12.570595205269187 88.34943816497935
      vertex 121 -12.499266149392204 88.1986255473958
    endloop
  endfacet
  facet normal -1 0 0
    outer loop
      vertex 121 -14 84
      vertex 121 -12.626798570744755 88.50651604866741
      vertex 121 -12.570595205269187 88.34943816497935
    endloop
  endfacet
  facet normal -1 0 0
    outer loop
      vertex 121 -14 84
      vertex 121 -12.667334976685492 88.66834645257258
      vertex 121 -12.626798570744755 88.50651604866741
    endloop
  endfacet
  facet normal -1 0 0
    outer loop
      vertex 121 -14 84
      vertex 121 -12.691814035342734 88.83337086143975
      vertex 121 -12.667334976685492 88.66834645257258
    endloop
  endfacet
  facet normal -1 0 0
    outer loop
      vertex 121 -14 84
      vertex 121 -11.331653547427418 87.3326650233145
      vertex 121 -11.166629138560253 87.30818596465727
    endloop
  endfacet
  facet normal -1 0 0
    outer loop
      vertex 121 -14 84
      vertex 121 -11.166629138560253 87.30818596465727
      vertex 121 -11 87.3
    endloop
  endfacet
  facet normal -1 0 0
    outer loop
      vertex 121 -14 84
      vertex 121 -11 87.3
      vertex 121 -10.833370861439747 87.30818596465727
    endloop
  endfacet
  facet normal -1 0 0
    outer loop
      vertex 121 -14 84
      vertex 121 -10.833370861439747 87.30818596465727
      vertex 121 -10.668346452572582 87.3326650233145
    endloop
  endfacet
  facet normal -1 0 0
    outer loop
      vertex 121 -14 84
      vertex 121 -10.668346452572582 87.3326650233145
      vertex 121 -10.506516048667415 87.37320142925525
    endloop
  endfacet
  facet normal -1 0 0
    outer loop
      vertex 121 -14 84
      vertex 121 -14 100
      vertex 121 -12.7 89
    endloop
  endfacet
  facet normal -1 0 0
    outer loop
      vertex 121 -14 84
      vertex 121 -10.506516048667415 87.37320142925525
      vertex 121 -5.5 88.85714285714286
    endloop
  endfacet
  facet normal -1 0 0
    outer loop
      vertex 121 -14 84
      vertex 121 -5.5 88.85714285714286
      vertex 121 -5.5 84
    endloop
  endfacet
  facet normal -1 0 0
    outer loop
      vertex 121 -5.5 88.85714285714286
      vertex 121 -10.506516048667415 87.37320142925525
      vertex 121 -10.349438164979347 87.42940479473081
    endloop
  endfacet
  facet normal -1 0 0
    outer loop
      vertex 121 -5.5 88.85714285714286
      vertex 121 -10.349438164979347 87.42940479473081
      vertex 121 -10.198625547395803 87.5007338506078
    endloop
  endfacet
  facet normal -1 0 0
    outer loop
      vertex 121 -5.5 88.85714285714286
      vertex 121 -10.198625547395803 87.5007338506078
      vertex 121 -10.055530603866677 87.58650165908567
    endloop
  endfacet
  facet normal -1 0 0
    outer loop
      vertex 121 -5.5 88.85714285714286
      vertex 121 -10.055530603866677 87.58650165908567
      vertex 121 -9.921531416921802 87.68588222928335
    endloop
  endfacet
  facet normal -1 0 0
    outer loop
      vertex 121 -5.5 88.85714285714286
      vertex 121 -9.921531416921802 87.68588222928335
      vertex 121 -9.79791847198287 87.79791847198287
    endloop
  endfacet
  facet normal -1 0 0
    outer loop
      vertex 121 -5.5 88.85714285714286
      vertex 121 -9.79791847198287 87.79791847198287
      vertex 121 -9.685882229283347 87.92153141692181
    endloop
  endfacet
  facet normal -1 0 0
    outer loop
      vertex 121 -5.5 88.85714285714286
      vertex 121 -9.685882229283347 87.92153141692181
      vertex 121 -9.586501659085673 88.05553060386667
    endloop
  endfacet
  facet normal -1 0 0
    outer loop
      vertex 121 -5.5 88.85714285714286
      vertex 121 -9.586501659085673 88.05553060386667
      vertex 121 -9.500733850607796 88.1986255473958
    endloop
  endfacet
  facet normal -1 0 0
    outer loop
      vertex 121 -5.5 88.85714285714286
      vertex 121 -9.500733850607796 88.1986255473958
      vertex 121 -9.429404794730813 88.34943816497935
    endloop
  endfacet
  facet normal -1 0 0
    outer loop
      vertex 121 -5.5 88.85714285714286
      vertex 121 -9.429404794730813 88.34943816497935
      vertex 121 -9.373201429255245 88.50651604866741
    endloop
  endfacet
  facet normal -1 0 0
    outer loop
      vertex 121 -5.5 88.85714285714286
      vertex 121 -9.373201429255245 88.50651604866741
      vertex 121 -9.332665023314508 88.66834645257258
    endloop
  endfacet
  facet normal -1 0 0
    outer loop
      vertex 121 -5.5 88.85714285714286
      vertex 121 -9.332665023314508 88.66834645257258
      vertex 121 -9.308185964657266 88.83337086143975
    endloop
  endfacet
  facet normal -1 0 0
    outer loop
      vertex 121 -5.5 88.85714285714286
      vertex 121 -9.308185964657266 88.83337086143975
      vertex 121 -9.3 89
    endloop
  endfacet
  facet normal -1 0 0
    outer loop
      vertex 121 -5.5 88.85714285714286
      vertex 121 -9.3 89
      vertex 121 -9.308185964657266 89.16662913856025
    endloop
  endfacet
  facet normal -1 0 0
    outer loop
      vertex 121 -5.5 88.85714285714286
      vertex 121 -9.308185964657266 89.16662913856025
      vertex 121 -9.332665023314508 89.33165354742742
    endloop
  endfacet
  facet normal -1 0 0
    outer loop
      vertex 121 -5.5 88.85714285714286
      vertex 121 -9.332665023314508 89.33165354742742
      vertex 121 -9.373201429255245 89.49348395133259
    endloop
  endfacet
  facet normal -1 0 0
    outer loop
      vertex 121 -5.5 88.85714285714286
      vertex 121 -9.373201429255245 89.49348395133259
      vertex 121 -9.429404794730813 89.65056183502065
    endloop
  endfacet
  facet normal -1 0 0
    outer loop
      vertex 121 -5.5 88.85714285714286
      vertex 121 -9.429404794730813 89.65056183502065
      vertex 121 -9.500733850607796 89.8013744526042
    endloop
  endfacet
  facet normal -1 0 0
    outer loop
      vertex 121 -5.5 88.85714285714286
      vertex 121 -9.921531416921802 90.31411777071665
      vertex 121 -10.055530603866677 90.41349834091433
    endloop
  endfacet
  facet normal -1 0 0
    outer loop
      vertex 121 -5.5 88.85714285714286
      vertex 121 -9.685882229283347 90.07846858307819
      vertex 121 -9.79791847198287 90.20208152801713
    endloop
  endfacet
  facet normal -1 0 0
    outer loop
      vertex 121 -5.5 88.85714285714286
      vertex 121 -9.586501659085673 89.94446939613333
      vertex 121 -9.685882229283347 90.07846858307819
    endloop
  endfacet
  facet normal -1 0 0
    outer loop
      vertex 121 -5.5 88.85714285714286
      vertex 121 -9.79791847198287 90.20208152801713
      vertex 121 -9.921531416921802 90.31411777071665
    endloop
  endfacet
  facet normal -1 0 0
    outer loop
      vertex 121 -5.5 88.85714285714286
      vertex 121 -9.500733850607796 89.8013744526042
      vertex 121 -9.586501659085673 89.94446939613333
    endloop
  endfacet
  facet normal -1 0 0
    outer loop
      vertex 121 -14 100
      vertex 121 -12.691814035342734 89.16662913856025
      vertex 121 -12.7 89
    endloop
  endfacet
  facet normal -1 0 0
    outer loop
      vertex 121 -14 100
      vertex 121 -12.667334976685492 89.33165354742742
      vertex 121 -12.691814035342734 89.16662913856025
    endloop
  endfacet
  facet normal -1 0 0
    outer loop
      vertex 121 -12.667334976685492 89.33165354742742
      vertex 121 -12.626798570744755 99.50651604866741
      vertex 121 -12.626798570744755 89.49348395133259
    endloop
  endfacet
  facet normal -1 0 0
    outer loop
      vertex 121 -12.626798570744755 89.49348395133259
      vertex 121 -12.570595205269187 99.34943816497935
      vertex 121 -12.570595205269187 89.65056183502065
    endloop
  endfacet
  facet normal -1 0 0
    outer loop
      vertex 121 -12.570595205269187 89.65056183502065
      vertex 121 -12.499266149392204 99.1986255473958
      vertex 121 -12.499266149392204 89.8013744526042
    endloop
  endfacet
  facet normal -1 0 0
    outer loop
      vertex 121 -12.499266149392204 89.8013744526042
      vertex 121 -12.413498340914327 99.05553060386667
      vertex 121 -12.413498340914327 89.94446939613333
    endloop
  endfacet
  facet normal -1 0 0
    outer loop
      vertex 121 -12.413498340914327 89.94446939613333
      vertex 121 -12.314117770716653 98.92153141692181
      vertex 121 -12.314117770716653 90.07846858307819
    endloop
  endfacet
  facet normal -1 0 0
    outer loop
      vertex 121 -12.314117770716653 90.07846858307819
      vertex 121 -12.20208152801713 98.79791847198287
      vertex 121 -12.20208152801713 90.20208152801713
    endloop
  endfacet
  facet normal -1 0 0
    outer loop
      vertex 121 -12.20208152801713 90.20208152801713
      vertex 121 -12.078468583078198 98.68588222928335
      vertex 121 -12.078468583078198 90.31411777071665
    endloop
  endfacet
  facet normal -1 0 0
    outer loop
      vertex 121 -12.078468583078198 90.31411777071665
      vertex 121 -11.944469396133323 98.58650165908567
      vertex 121 -11.944469396133323 90.41349834091433
    endloop
  endfacet
  facet normal -1 0 0
    outer loop
      vertex 121 -11.944469396133323 90.41349834091433
      vertex 121 -11.801374452604197 98.5007338506078
      vertex 121 -11.801374452604197 90.4992661493922
    endloop
  endfacet
  facet normal -1 0 0
    outer loop
      vertex 121 -11.801374452604197 90.4992661493922
      vertex 121 -11.650561835020653 98.42940479473081
      vertex 121 -11.650561835020653 90.57059520526919
    endloop
  endfacet
  facet normal -1 0 0
    outer loop
      vertex 121 -11.650561835020653 90.57059520526919
      vertex 121 -11.493483951332585 98.37320142925525
      vertex 121 -11.493483951332585 90.62679857074475
    endloop
  endfacet
  facet normal -1 0 0
    outer loop
      vertex 121 -11.493483951332585 90.62679857074475
      vertex 121 -11.331653547427418 98.3326650233145
      vertex 121 -11.331653547427418 90.6673349766855
    endloop
  endfacet
  facet normal -1 0 0
    outer loop
      vertex 121 -12.413498340914327 89.94446939613333
      vertex 121 -12.413498340914327 99.05553060386667
      vertex 121 -12.314117770716653 98.92153141692181
    endloop
  endfacet
  facet normal -1 0 0
    outer loop
      vertex 121 -12.314117770716653 90.07846858307819
      vertex 121 -12.314117770716653 98.92153141692181
      vertex 121 -12.20208152801713 98.79791847198287
    endloop
  endfacet
  facet normal -1 0 0
    outer loop
      vertex 121 -14 100
      vertex 121 -12.667334976685492 99.66834645257258
      vertex 121 -12.667334976685492 89.33165354742742
    endloop
  endfacet
  facet normal -1 0 0
    outer loop
      vertex 121 -12.570595205269187 89.65056183502065
      vertex 121 -12.570595205269187 99.34943816497935
      vertex 121 -12.499266149392204 99.1986255473958
    endloop
  endfacet
  facet normal -1 0 0
    outer loop
      vertex 121 -12.667334976685492 89.33165354742742
      vertex 121 -12.667334976685492 99.66834645257258
      vertex 121 -12.626798570744755 99.50651604866741
    endloop
  endfacet
  facet normal -1 0 0
    outer loop
      vertex 121 -12.626798570744755 89.49348395133259
      vertex 121 -12.626798570744755 99.50651604866741
      vertex 121 -12.570595205269187 99.34943816497935
    endloop
  endfacet
  facet normal -1 0 0
    outer loop
      vertex 121 -12.499266149392204 89.8013744526042
      vertex 121 -12.499266149392204 99.1986255473958
      vertex 121 -12.413498340914327 99.05553060386667
    endloop
  endfacet
  facet normal -1 0 0
    outer loop
      vertex 121 -12.20208152801713 98.79791847198287
      vertex 121 -12.078468583078198 98.68588222928335
      vertex 121 -12.20208152801713 90.20208152801713
    endloop
  endfacet
  facet normal -1 0 0
    outer loop
      vertex 121 -12.078468583078198 90.31411777071665
      vertex 121 -12.078468583078198 98.68588222928335
      vertex 121 -11.944469396133323 98.58650165908567
    endloop
  endfacet
  facet normal -1 0 0
    outer loop
      vertex 121 -11.944469396133323 90.41349834091433
      vertex 121 -11.944469396133323 98.58650165908567
      vertex 121 -11.801374452604197 98.5007338506078
    endloop
  endfacet
  facet normal -1 0 0
    outer loop
      vertex 121 -11.801374452604197 90.4992661493922
      vertex 121 -11.801374452604197 98.5007338506078
      vertex 121 -11.650561835020653 98.42940479473081
    endloop
  endfacet
  facet normal -1 0 0
    outer loop
      vertex 121 -11.650561835020653 90.57059520526919
      vertex 121 -11.650561835020653 98.42940479473081
      vertex 121 -11.493483951332585 98.37320142925525
    endloop
  endfacet
  facet normal -1 0 0
    outer loop
      vertex 121 -11.493483951332585 90.62679857074475
      vertex 121 -11.493483951332585 98.37320142925525
      vertex 121 -11.331653547427418 98.3326650233145
    endloop
  endfacet
  facet normal -1 0 0
    outer loop
      vertex 121 -11.331653547427418 90.6673349766855
      vertex 121 -11.331653547427418 98.3326650233145
      vertex 121 -11.166629138560253 98.30818596465727
    endloop
  endfacet
  facet normal -1 0 0
    outer loop
      vertex 121 -10.506516048667415 90.62679857074475
      vertex 121 -10.349438164979347 98.42940479473081
      vertex 121 -10.349438164979347 90.57059520526919
    endloop
  endfacet
  facet normal -1 0 0
    outer loop
      vertex 121 -10.349438164979347 90.57059520526919
      vertex 121 -10.198625547395803 98.5007338506078
      vertex 121 -10.198625547395803 90.4992661493922
    endloop
  endfacet
  facet normal -1 0 0
    outer loop
      vertex 121 -10.198625547395803 90.4992661493922
      vertex 121 -10.198625547395803 98.5007338506078
      vertex 121 -10.055530603866677 90.41349834091433
    endloop
  endfacet
  facet normal -1 0 0
    outer loop
      vertex 121 -11.331653547427418 90.6673349766855
      vertex 121 -11.166629138560253 98.30818596465727
      vertex 121 -11.166629138560253 90.69181403534273
    endloop
  endfacet
  facet normal -1 0 0
    outer loop
      vertex 121 -11.166629138560253 90.69181403534273
      vertex 121 -11 98.3
      vertex 121 -11 90.7
    endloop
  endfacet
  facet normal -1 0 0
    outer loop
      vertex 121 -11 90.7
      vertex 121 -10.833370861439747 98.30818596465727
      vertex 121 -10.833370861439747 90.69181403534273
    endloop
  endfacet
  facet normal -1 0 0
    outer loop
      vertex 121 -10.833370861439747 90.69181403534273
      vertex 121 -10.668346452572582 98.3326650233145
      vertex 121 -10.668346452572582 90.6673349766855
    endloop
  endfacet
  facet normal -1 0 0
    outer loop
      vertex 121 -10.668346452572582 90.6673349766855
      vertex 121 -10.506516048667415 98.37320142925525
      vertex 121 -10.506516048667415 90.62679857074475
    endloop
  endfacet
  facet normal -1 0 0
    outer loop
      vertex 121 -5.5 88.85714285714286
      vertex 121 -10.055530603866677 90.41349834091433
      vertex 121 -10.198625547395803 98.5007338506078
    endloop
  endfacet
  facet normal -1 0 0
    outer loop
      vertex 121 -11.166629138560253 90.69181403534273
      vertex 121 -11.166629138560253 98.30818596465727
      vertex 121 -11 98.3
    endloop
  endfacet
  facet normal -1 0 0
    outer loop
      vertex 121 -11 90.7
      vertex 121 -11 98.3
      vertex 121 -10.833370861439747 98.30818596465727
    endloop
  endfacet
  facet normal -1 0 0
    outer loop
      vertex 121 -10.833370861439747 90.69181403534273
      vertex 121 -10.833370861439747 98.30818596465727
      vertex 121 -10.668346452572582 98.3326650233145
    endloop
  endfacet
  facet normal -1 0 0
    outer loop
      vertex 121 -10.668346452572582 90.6673349766855
      vertex 121 -10.668346452572582 98.3326650233145
      vertex 121 -10.506516048667415 98.37320142925525
    endloop
  endfacet
  facet normal -1 0 0
    outer loop
      vertex 121 -10.506516048667415 90.62679857074475
      vertex 121 -10.506516048667415 98.37320142925525
      vertex 121 -10.349438164979347 98.42940479473081
    endloop
  endfacet
  facet normal -1 0 0
    outer loop
      vertex 121 -10.349438164979347 90.57059520526919
      vertex 121 -10.349438164979347 98.42940479473081
      vertex 121 -10.198625547395803 98.5007338506078
    endloop
  endfacet
  facet normal -1 0 0
    outer loop
      vertex 121 -5.5 88.85714285714286
      vertex 121 -10.198625547395803 98.5007338506078
      vertex 121 -10.055530603866677 98.58650165908567
    endloop
  endfacet
  facet normal -1 0 0
    outer loop
      vertex 121 -5.5 88.85714285714286
      vertex 121 -10.055530603866677 98.58650165908567
      vertex 121 -9.921531416921802 98.68588222928335
    endloop
  endfacet
  facet normal -1 0 0
    outer loop
      vertex 121 -5.5 88.85714285714286
      vertex 121 -9.921531416921802 98.68588222928335
      vertex 121 -9.79791847198287 98.79791847198287
    endloop
  endfacet
  facet normal -1 0 0
    outer loop
      vertex 121 -5.5 88.85714285714286
      vertex 121 -9.79791847198287 98.79791847198287
      vertex 121 -9.685882229283347 98.92153141692181
    endloop
  endfacet
  facet normal -1 0 0
    outer loop
      vertex 121 -5.5 88.85714285714286
      vertex 121 -9.685882229283347 98.92153141692181
      vertex 121 -9.586501659085673 99.05553060386667
    endloop
  endfacet
  facet normal -1 0 0
    outer loop
      vertex 121 -5.5 88.85714285714286
      vertex 121 -9.586501659085673 99.05553060386667
      vertex 121 -9.500733850607796 99.1986255473958
    endloop
  endfacet
  facet normal -1 0 0
    outer loop
      vertex 121 -5.5 88.85714285714286
      vertex 121 -9.500733850607796 99.1986255473958
      vertex 121 -9.429404794730813 99.34943816497935
    endloop
  endfacet
  facet normal -1 0 0
    outer loop
      vertex 121 -5.5 88.85714285714286
      vertex 121 -9.429404794730813 99.34943816497935
      vertex 121 -9.373201429255245 99.50651604866741
    endloop
  endfacet
  facet normal -1 0 0
    outer loop
      vertex 121 -5.5 88.85714285714286
      vertex 121 -9.373201429255245 99.50651604866741
      vertex 121 -9.332665023314508 99.66834645257258
    endloop
  endfacet
  facet normal 0 -1 0
    outer loop
      vertex 121 -14 84
      vertex 128 -14 90.24923632416876
      vertex 121 -14 100
    endloop
  endfacet
  facet normal -1 0 0
    outer loop
      vertex 121 -5.5 100
      vertex 121 -5.5 88.85714285714286
      vertex 121 -9.332665023314508 99.66834645257258
    endloop
  endfacet
  facet normal 0 -1 0
    outer loop
      vertex 121 -14 84
      vertex 128 -14 87.75076367583124
      vertex 128 -14 90.24923632416876
    endloop
  endfacet
  facet normal 0 0 -1
    outer loop
      vertex 121 -14 84
      vertex 121 -5.5 84
      vertex 133 -5.5 84
    endloop
  endfacet
  facet normal 0 -1 0
    outer loop
      vertex 121 -14 84
      vertex 133 -14 84
      vertex 128 -14 87.75076367583124
    endloop
  endfacet
  facet normal 0 0 -1
    outer loop
      vertex 121 -14 84
      vertex 133 -5.5 84
      vertex 133 -14 84
    endloop
  endfacet
  facet normal 0 -1 0
    outer loop
      vertex 128 -14 95
      vertex 128 -14 98.75076367583124
      vertex 121 -14 100
    endloop
  endfacet
  facet normal 0 -1 0
    outer loop
      vertex 121 -14 100
      vertex 128 -14 90.24923632416876
      vertex 133 -14 90.24923632416876
    endloop
  endfacet
  facet normal 0 -1 0
    outer loop
      vertex 128 -14 95
      vertex 121 -14 100
      vertex 133 -14 90.24923632416876
    endloop
  endfacet
  facet normal -1 0 0
    outer loop
      vertex 121 -14 100
      vertex 121 -12.7 100
      vertex 121 -12.691814035342734 99.83337086143975
    endloop
  endfacet
  facet normal -1 0 0
    outer loop
      vertex 121 -14 100
      vertex 121 -12.691814035342734 99.83337086143975
      vertex 121 -12.667334976685492 99.66834645257258
    endloop
  endfacet
  facet normal -1 0 0
    outer loop
      vertex 121 -5.5 100
      vertex 121 -9.332665023314508 99.66834645257258
      vertex 121 -9.308185964657266 99.83337086143975
    endloop
  endfacet
  facet normal -1 0 0
    outer loop
      vertex 121 -5.5 100
      vertex 121 -9.308185964657266 99.83337086143975
      vertex 121 -9.3 100
    endloop
  endfacet
  facet normal -1 0 0
    outer loop
      vertex 121 -14 105.84137931034482
      vertex 121 -14 106
      vertex 121 -5.5 104.06810344827586
    endloop
  endfacet
  facet normal -1 0 0
    outer loop
      vertex 121 -14 106
      vertex 121 -5.5 106
      vertex 121 -5.5 104.06810344827586
    endloop
  endfacet
  facet normal 0 -1 0
    outer loop
      vertex 121 -14 100
      vertex 128 -14 98.75076367583124
      vertex 128 -14 100
    endloop
  endfacet
  facet normal 0 -1 0
    outer loop
      vertex 133 -14 84
      vertex 133 -14 87.75076367583124
      vertex 128 -14 87.75076367583124
    endloop
  endfacet
  facet normal 1 0 0
    outer loop
      vertex 133 -14 84
      vertex 133 -13.061778173531849 86.4877160265711
      vertex 133 -13.29809703885628 86.70190296114372
    endloop
  endfacet
  facet normal 1 0 0
    outer loop
      vertex 133 -14 84
      vertex 133 -12.805603257313708 86.29772376001672
      vertex 133 -13.061778173531849 86.4877160265711
    endloop
  endfacet
  facet normal 1 0 0
    outer loop
      vertex 133 -14 84
      vertex 133 -13.702276239983272 87.1943967426863
      vertex 133 -13.866244109132154 87.46796060531551
    endloop
  endfacet
  facet normal 1 0 0
    outer loop
      vertex 133 -14 84
      vertex 133 -13.512283973428895 86.93822182646815
      vertex 133 -13.702276239983272 87.1943967426863
    endloop
  endfacet
  facet normal 1 0 0
    outer loop
      vertex 133 -14 84
      vertex 133 -13.29809703885628 86.70190296114372
      vertex 133 -13.512283973428895 86.93822182646815
    endloop
  endfacet
  facet normal 1 0 0
    outer loop
      vertex 133 -14 84
      vertex 133 -13.866244109132154 87.46796060531551
      vertex 133 -14 87.75076367583124
    endloop
  endfacet
  facet normal 1 0 0
    outer loop
      vertex 133 -14 84
      vertex 133 -12.243721155186542 85.99739151933832
      vertex 133 -12.532039394684492 86.13375589086785
    endloop
  endfacet
  facet normal 1 0 0
    outer loop
      vertex 133 -14 84
      vertex 133 -11.943425201077002 85.88994390887032
      vertex 133 -12.243721155186542 85.99739151933832
    endloop
  endfacet
  facet normal 1 0 0
    outer loop
      vertex 133 -14 84
      vertex 133 -12.532039394684492 86.13375589086785
      vertex 133 -12.805603257313708 86.29772376001672
    endloop
  endfacet
  facet normal 1 0 0
    outer loop
      vertex 133 -14 84
      vertex 133 -11.634043546552416 85.81244783868951
      vertex 133 -11.943425201077002 85.88994390887032
    endloop
  endfacet
  facet normal 1 0 0
    outer loop
      vertex 133 -14 84
      vertex 133 -5.5 84
      vertex 133 -11.634043546552416 85.81244783868951
    endloop
  endfacet
  facet normal 1 0 0
    outer loop
      vertex 133 -5.5 84
      vertex 133 -11.318555706071072 85.76564963831537
      vertex 133 -11.634043546552416 85.81244783868951
    endloop
  endfacet
  facet normal 1 0 0
    outer loop
      vertex 133 -5.5 84
      vertex 133 -11 85.75
      vertex 133 -11.318555706071072 85.76564963831537
    endloop
  endfacet
  facet normal 1 0 0
    outer loop
      vertex 133 -5.5 84
      vertex 133 -10.681444293928928 85.76564963831537
      vertex 133 -11 85.75
    endloop
  endfacet
  facet normal 1 0 0
    outer loop
      vertex 133 -5.5 84
      vertex 133 -10.365956453447584 85.81244783868951
      vertex 133 -10.681444293928928 85.76564963831537
    endloop
  endfacet
  facet normal 1 0 0
    outer loop
      vertex 133 -5.5 84
      vertex 133 -10.056574798922998 85.88994390887032
      vertex 133 -10.365956453447584 85.81244783868951
    endloop
  endfacet
  facet normal 1 0 0
    outer loop
      vertex 133 -5.5 84
      vertex 133 -9.756278844813458 85.99739151933832
      vertex 133 -10.056574798922998 85.88994390887032
    endloop
  endfacet
  facet normal 1 0 0
    outer loop
      vertex 133 -5.5 84
      vertex 133 -9.467960605315508 86.13375589086785
      vertex 133 -9.756278844813458 85.99739151933832
    endloop
  endfacet
  facet normal 1 0 0
    outer loop
      vertex 133 -5.5 84
      vertex 133 -9.194396742686292 86.29772376001672
      vertex 133 -9.467960605315508 86.13375589086785
    endloop
  endfacet
  facet normal 1 0 0
    outer loop
      vertex 133 -5.5 84
      vertex 133 -8.938221826468151 86.4877160265711
      vertex 133 -9.194396742686292 86.29772376001672
    endloop
  endfacet
  facet normal 1 0 0
    outer loop
      vertex 133 -5.5 84
      vertex 133 -8.70190296114372 86.70190296114372
      vertex 133 -8.938221826468151 86.4877160265711
    endloop
  endfacet
  facet normal 1 0 0
    outer loop
      vertex 133 -5.5 84
      vertex 133 -8.487716026571105 86.93822182646815
      vertex 133 -8.70190296114372 86.70190296114372
    endloop
  endfacet
  facet normal 0 -1 0
    outer loop
      vertex 128 -14 95
      vertex 133 -14 90.24923632416876
      vertex 133 -14 95
    endloop
  endfacet
  facet normal 1 0 0
    outer loop
      vertex 133 -14 95
      vertex 133 -14 90.24923632416876
      vertex 133 -13.866244109132154 90.53203939468449
    endloop
  endfacet
  facet normal 1 0 0
    outer loop
      vertex 133 -14 95
      vertex 133 -13.866244109132154 90.53203939468449
      vertex 133 -13.702276239983272 90.8056032573137
    endloop
  endfacet
  facet normal 1 0 0
    outer loop
      vertex 133 -14 95
      vertex 133 -13.702276239983272 90.8056032573137
      vertex 133 -13.512283973428895 91.06177817353185
    endloop
  endfacet
  facet normal 1 0 0
    outer loop
      vertex 133 -14 95
      vertex 133 -13.512283973428895 91.06177817353185
      vertex 133 -13.29809703885628 91.29809703885628
    endloop
  endfacet
  facet normal 1 0 0
    outer loop
      vertex 133 -14 95
      vertex 133 -13.29809703885628 91.29809703885628
      vertex 133 -13.061778173531849 91.5122839734289
    endloop
  endfacet
  facet normal 1 0 0
    outer loop
      vertex 133 -14 95
      vertex 133 -13.061778173531849 91.5122839734289
      vertex 133 -12.805603257313708 91.70227623998328
    endloop
  endfacet
  facet normal 1 0 0
    outer loop
      vertex 133 -14 95
      vertex 133 -12.805603257313708 91.70227623998328
      vertex 133 -12.532039394684492 91.86624410913215
    endloop
  endfacet
  facet normal 1 0 0
    outer loop
      vertex 133 -14 95
      vertex 133 -12.532039394684492 91.86624410913215
      vertex 133 -12.243721155186542 92.00260848066168
    endloop
  endfacet
  facet normal 1 0 0
    outer loop
      vertex 133 -14 95
      vertex 133 -12.243721155186542 92.00260848066168
      vertex 133 -11.943425201077002 92.11005609112968
    endloop
  endfacet
  facet normal 1 0 0
    outer loop
      vertex 133 -14 95
      vertex 133 -11.943425201077002 92.11005609112968
      vertex 133 -11.634043546552416 92.18755216131049
    endloop
  endfacet
  facet normal 1 0 0
    outer loop
      vertex 133 -14 95
      vertex 133 -11.634043546552416 92.18755216131049
      vertex 133 -11.318555706071072 92.23435036168463
    endloop
  endfacet
  facet normal 1 0 0
    outer loop
      vertex 133 -14 95
      vertex 133 -11.318555706071072 92.23435036168463
      vertex 133 -11 92.25
    endloop
  endfacet
  facet normal 1 0 0
    outer loop
      vertex 133 -14 95
      vertex 133 -11 92.25
      vertex 133 -10.681444293928928 92.23435036168463
    endloop
  endfacet
  facet normal 1 0 0
    outer loop
      vertex 133 -14 95
      vertex 133 -10.681444293928928 92.23435036168463
      vertex 133 -10.365956453447584 92.18755216131049
    endloop
  endfacet
  facet normal 1 0 0
    outer loop
      vertex 133 -14 95
      vertex 133 -10.365956453447584 92.18755216131049
      vertex 133 -10.056574798922998 92.11005609112968
    endloop
  endfacet
  facet normal 1 0 0
    outer loop
      vertex 133 -14 95
      vertex 133 -10.056574798922998 92.11005609112968
      vertex 133 -9.756278844813458 92.00260848066168
    endloop
  endfacet
  facet normal 1 0 0
    outer loop
      vertex 133 -14 95
      vertex 133 -9.756278844813458 92.00260848066168
      vertex 133 -9.467960605315508 91.86624410913215
    endloop
  endfacet
  facet normal 1 0 0
    outer loop
      vertex 133 -14 95
      vertex 133 -9.467960605315508 91.86624410913215
      vertex 133 -9.194396742686292 91.70227623998328
    endloop
  endfacet
  facet normal 1 0 0
    outer loop
      vertex 133 -14 95
      vertex 133 -9.194396742686292 91.70227623998328
      vertex 133 -5.5 95
    endloop
  endfacet
  facet normal 1 0 0
    outer loop
      vertex 133 -5.5 95
      vertex 133 -9.194396742686292 91.70227623998328
      vertex 133 -8.938221826468151 91.5122839734289
    endloop
  endfacet
  facet normal 1 0 0
    outer loop
      vertex 133 -5.5 95
      vertex 133 -8.70190296114372 91.29809703885628
      vertex 133 -8.487716026571105 91.06177817353185
    endloop
  endfacet
  facet normal 1 0 0
    outer loop
      vertex 133 -5.5 95
      vertex 133 -8.938221826468151 91.5122839734289
      vertex 133 -8.70190296114372 91.29809703885628
    endloop
  endfacet
  facet normal 1 0 0
    outer loop
      vertex 133 -5.5 84
      vertex 133 -8.297723760016728 87.1943967426863
      vertex 133 -8.487716026571105 86.93822182646815
    endloop
  endfacet
  facet normal 1 0 0
    outer loop
      vertex 133 -5.5 84
      vertex 133 -8.133755890867846 87.46796060531551
      vertex 133 -8.297723760016728 87.1943967426863
    endloop
  endfacet
  facet normal 1 0 0
    outer loop
      vertex 133 -5.5 84
      vertex 133 -7.9973915193383185 87.75627884481347
      vertex 133 -8.133755890867846 87.46796060531551
    endloop
  endfacet
  facet normal 1 0 0
    outer loop
      vertex 133 -5.5 84
      vertex 133 -7.889943908870322 88.056574798923
      vertex 133 -7.9973915193383185 87.75627884481347
    endloop
  endfacet
  facet normal 1 0 0
    outer loop
      vertex 133 -5.5 84
      vertex 133 -5.5 95
      vertex 133 -7.889943908870322 88.056574798923
    endloop
  endfacet
  facet normal 1 0 0
    outer loop
      vertex 133 -5.5 95
      vertex 133 -7.812447838689501 88.36595645344758
      vertex 133 -7.889943908870322 88.056574798923
    endloop
  endfacet
  facet normal 1 0 0
    outer loop
      vertex 133 -5.5 95
      vertex 133 -7.7656496383153595 88.68144429392893
      vertex 133 -7.812447838689501 88.36595645344758
    endloop
  endfacet
  facet normal 1 0 0
    outer loop
      vertex 133 -5.5 95
      vertex 133 -7.75 89
      vertex 133 -7.7656496383153595 88.68144429392893
    endloop
  endfacet
  facet normal 1 0 0
    outer loop
      vertex 133 -5.5 95
      vertex 133 -7.7656496383153595 89.31855570607107
      vertex 133 -7.75 89
    endloop
  endfacet
  facet normal 1 0 0
    outer loop
      vertex 133 -5.5 95
      vertex 133 -7.812447838689501 89.63404354655242
      vertex 133 -7.7656496383153595 89.31855570607107
    endloop
  endfacet
  facet normal 1 0 0
    outer loop
      vertex 133 -5.5 95
      vertex 133 -7.889943908870322 89.943425201077
      vertex 133 -7.812447838689501 89.63404354655242
    endloop
  endfacet
  facet normal 1 0 0
    outer loop
      vertex 133 -5.5 95
      vertex 133 -7.9973915193383185 90.24372115518653
      vertex 133 -7.889943908870322 89.943425201077
    endloop
  endfacet
  facet normal 1 0 0
    outer loop
      vertex 133 -5.5 95
      vertex 133 -8.487716026571105 91.06177817353185
      vertex 133 -8.297723760016728 90.8056032573137
    endloop
  endfacet
  facet normal 1 0 0
    outer loop
      vertex 133 -5.5 95
      vertex 133 -8.297723760016728 90.8056032573137
      vertex 133 -8.133755890867846 90.53203939468449
    endloop
  endfacet
  facet normal 1 0 0
    outer loop
      vertex 133 -5.5 95
      vertex 133 -8.133755890867846 90.53203939468449
      vertex 133 -7.9973915193383185 90.24372115518653
    endloop
  endfacet
  facet normal -1 0 0
    outer loop
      vertex 121 5.5 95.14285714285714
      vertex 121 9.3 89
      vertex 121 5.5 84
    endloop
  endfacet
  facet normal -1 0 0
    outer loop
      vertex 121 5.5 100
      vertex 121 9.332665023314508 99.66834645257258
      vertex 121 5.5 95.14285714285714
    endloop
  endfacet
  facet normal -1 0 0
    outer loop
      vertex 121 5.5 84
      vertex 121 9.500733850607796 88.1986255473958
      vertex 121 9.586501659085673 88.05553060386667
    endloop
  endfacet
  facet normal -1 0 0
    outer loop
      vertex 121 5.5 84
      vertex 121 9.79791847198287 87.79791847198287
      vertex 121 9.921531416921802 87.68588222928335
    endloop
  endfacet
  facet normal -1 0 0
    outer loop
      vertex 121 5.5 84
      vertex 121 9.586501659085673 88.05553060386667
      vertex 121 9.685882229283347 87.92153141692181
    endloop
  endfacet
  facet normal -1 0 0
    outer loop
      vertex 121 5.5 84
      vertex 121 9.685882229283347 87.92153141692181
      vertex 121 9.79791847198287 87.79791847198287
    endloop
  endfacet
  facet normal -1 0 0
    outer loop
      vertex 121 5.5 84
      vertex 121 9.429404794730813 88.34943816497935
      vertex 121 9.500733850607796 88.1986255473958
    endloop
  endfacet
  facet normal -1 0 0
    outer loop
      vertex 121 5.5 84
      vertex 121 9.373201429255245 88.50651604866741
      vertex 121 9.429404794730813 88.34943816497935
    endloop
  endfacet
  facet normal -1 0 0
    outer loop
      vertex 121 5.5 84
      vertex 121 9.332665023314508 88.66834645257258
      vertex 121 9.373201429255245 88.50651604866741
    endloop
  endfacet
  facet normal -1 0 0
    outer loop
      vertex 121 5.5 84
      vertex 121 9.308185964657266 88.83337086143975
      vertex 121 9.332665023314508 88.66834645257258
    endloop
  endfacet
  facet normal -1 0 0
    outer loop
      vertex 121 5.5 84
      vertex 121 9.3 89
      vertex 121 9.308185964657266 88.83337086143975
    endloop
  endfacet
  facet normal -1 0 0
    outer loop
      vertex 121 5.5 84
      vertex 121 9.921531416921802 87.68588222928335
      vertex 121 10.055530603866677 87.58650165908567
    endloop
  endfacet
  facet normal -1 0 0
    outer loop
      vertex 121 5.5 84
      vertex 121 10.055530603866677 87.58650165908567
      vertex 121 10.198625547395803 87.5007338506078
    endloop
  endfacet
  facet normal -1 0 0
    outer loop
      vertex 121 5.5 84
      vertex 121 10.198625547395803 87.5007338506078
      vertex 121 10.349438164979347 87.42940479473081
    endloop
  endfacet
  facet normal -1 0 0
    outer loop
      vertex 121 14 84
      vertex 121 5.5 84
      vertex 121 10.349438164979347 87.42940479473081
    endloop
  endfacet
  facet normal -1 0 0
    outer loop
      vertex 121 5.5 95.14285714285714
      vertex 121 9.308185964657266 89.16662913856025
      vertex 121 9.3 89
    endloop
  endfacet
  facet normal -1 0 0
    outer loop
      vertex 121 5.5 95.14285714285714
      vertex 121 9.332665023314508 89.33165354742742
      vertex 121 9.308185964657266 89.16662913856025
    endloop
  endfacet
  facet normal -1 0 0
    outer loop
      vertex 121 5.5 95.14285714285714
      vertex 121 9.373201429255245 89.49348395133259
      vertex 121 9.332665023314508 89.33165354742742
    endloop
  endfacet
  facet normal -1 0 0
    outer loop
      vertex 121 14 84
      vertex 121 10.349438164979347 87.42940479473081
      vertex 121 10.506516048667415 87.37320142925525
    endloop
  endfacet
  facet normal -1 0 0
    outer loop
      vertex 121 14 84
      vertex 121 10.506516048667415 87.37320142925525
      vertex 121 10.668346452572582 87.3326650233145
    endloop
  endfacet
  facet normal -1 0 0
    outer loop
      vertex 121 14 84
      vertex 121 10.668346452572582 87.3326650233145
      vertex 121 10.833370861439747 87.30818596465727
    endloop
  endfacet
  facet normal -1 0 0
    outer loop
      vertex 121 14 84
      vertex 121 10.833370861439747 87.30818596465727
      vertex 121 11 87.3
    endloop
  endfacet
  facet normal -1 0 0
    outer loop
      vertex 121 14 84
      vertex 121 11 87.3
      vertex 121 11.166629138560253 87.30818596465727
    endloop
  endfacet
  facet normal -1 0 0
    outer loop
      vertex 121 14 84
      vertex 121 11.166629138560253 87.30818596465727
      vertex 121 11.331653547427418 87.3326650233145
    endloop
  endfacet
  facet normal -1 0 0
    outer loop
      vertex 121 14 84
      vertex 121 11.331653547427418 87.3326650233145
      vertex 121 11.493483951332585 87.37320142925525
    endloop
  endfacet
  facet normal -1 0 0
    outer loop
      vertex 121 14 84
      vertex 121 11.493483951332585 87.37320142925525
      vertex 121 11.650561835020653 87.42940479473081
    endloop
  endfacet
  facet normal -1 0 0
    outer loop
      vertex 121 14 84
      vertex 121 11.650561835020653 87.42940479473081
      vertex 121 11.801374452604197 87.5007338506078
    endloop
  endfacet
  facet normal -1 0 0
    outer loop
      vertex 121 14 84
      vertex 121 11.801374452604197 87.5007338506078
      vertex 121 11.944469396133323 87.58650165908567
    endloop
  endfacet
  facet normal -1 0 0
    outer loop
      vertex 121 14 84
      vertex 121 11.944469396133323 87.58650165908567
      vertex 121 12.078468583078198 87.68588222928335
    endloop
  endfacet
  facet normal -1 0 0
    outer loop
      vertex 121 14 84
      vertex 121 12.078468583078198 87.68588222928335
      vertex 121 12.20208152801713 87.79791847198287
    endloop
  endfacet
  facet normal -1 0 0
    outer loop
      vertex 121 14 84
      vertex 121 12.20208152801713 87.79791847198287
      vertex 121 12.314117770716653 87.92153141692181
    endloop
  endfacet
  facet normal -1 0 0
    outer loop
      vertex 121 14 84
      vertex 121 12.314117770716653 87.92153141692181
      vertex 121 12.413498340914327 88.05553060386667
    endloop
  endfacet
  facet normal -1 0 0
    outer loop
      vertex 121 14 84
      vertex 121 12.413498340914327 88.05553060386667
      vertex 121 12.499266149392204 88.1986255473958
    endloop
  endfacet
  facet normal -1 0 0
    outer loop
      vertex 121 14 84
      vertex 121 12.499266149392204 88.1986255473958
      vertex 121 12.570595205269187 88.34943816497935
    endloop
  endfacet
  facet normal -1 0 0
    outer loop
      vertex 121 14 84
      vertex 121 12.570595205269187 88.34943816497935
      vertex 121 12.626798570744755 88.50651604866741
    endloop
  endfacet
  facet normal -1 0 0
    outer loop
      vertex 121 14 84
      vertex 121 12.626798570744755 88.50651604866741
      vertex 121 12.667334976685492 88.66834645257258
    endloop
  endfacet
  facet normal -1 0 0
    outer loop
      vertex 121 14 84
      vertex 121 12.667334976685492 88.66834645257258
      vertex 121 12.691814035342734 88.83337086143975
    endloop
  endfacet
  facet normal -1 0 0
    outer loop
      vertex 121 14 84
      vertex 121 12.691814035342734 88.83337086143975
      vertex 121 14 100
    endloop
  endfacet
  facet normal 0 0 -1
    outer loop
      vertex 121 14 84
      vertex 127 6 84
      vertex 121 5.5 84
    endloop
  endfacet
  facet normal 0 1 0
    outer loop
      vertex 121 14 84
      vertex 121 14 100
      vertex 127 14 84
    endloop
  endfacet
  facet normal -1 0 0
    outer loop
      vertex 121 5.5 95.14285714285714
      vertex 121 9.429404794730813 89.65056183502065
      vertex 121 9.373201429255245 89.49348395133259
    endloop
  endfacet
  facet normal -1 0 0
    outer loop
      vertex 121 5.5 95.14285714285714
      vertex 121 9.500733850607796 89.8013744526042
      vertex 121 9.429404794730813 89.65056183502065
    endloop
  endfacet
  facet normal -1 0 0
    outer loop
      vertex 121 5.5 95.14285714285714
      vertex 121 9.586501659085673 89.94446939613333
      vertex 121 9.500733850607796 89.8013744526042
    endloop
  endfacet
  facet normal -1 0 0
    outer loop
      vertex 121 5.5 95.14285714285714
      vertex 121 9.685882229283347 90.07846858307819
      vertex 121 9.586501659085673 89.94446939613333
    endloop
  endfacet
  facet normal -1 0 0
    outer loop
      vertex 121 5.5 95.14285714285714
      vertex 121 9.79791847198287 90.20208152801713
      vertex 121 9.685882229283347 90.07846858307819
    endloop
  endfacet
  facet normal -1 0 0
    outer loop
      vertex 121 5.5 95.14285714285714
      vertex 121 9.921531416921802 90.31411777071665
      vertex 121 9.79791847198287 90.20208152801713
    endloop
  endfacet
  facet normal -1 0 0
    outer loop
      vertex 121 5.5 95.14285714285714
      vertex 121 10.055530603866677 90.41349834091433
      vertex 121 9.921531416921802 90.31411777071665
    endloop
  endfacet
  facet normal -1 0 0
    outer loop
      vertex 121 11.166629138560253 98.30818596465727
      vertex 121 10.055530603866677 90.41349834091433
      vertex 121 5.5 95.14285714285714
    endloop
  endfacet
  facet normal -1 0 0
    outer loop
      vertex 121 11.166629138560253 98.30818596465727
      vertex 121 10.198625547395803 90.4992661493922
      vertex 121 10.055530603866677 90.41349834091433
    endloop
  endfacet
  facet normal -1 0 0
    outer loop
      vertex 121 11.166629138560253 98.30818596465727
      vertex 121 10.349438164979347 90.57059520526919
      vertex 121 10.198625547395803 90.4992661493922
    endloop
  endfacet
  facet normal -1 0 0
    outer loop
      vertex 121 11.166629138560253 98.30818596465727
      vertex 121 10.506516048667415 90.62679857074475
      vertex 121 10.349438164979347 90.57059520526919
    endloop
  endfacet
  facet normal -1 0 0
    outer loop
      vertex 121 11.166629138560253 98.30818596465727
      vertex 121 10.668346452572582 90.6673349766855
      vertex 121 10.506516048667415 90.62679857074475
    endloop
  endfacet
  facet normal -1 0 0
    outer loop
      vertex 121 11.166629138560253 98.30818596465727
      vertex 121 10.833370861439747 90.69181403534273
      vertex 121 10.668346452572582 90.6673349766855
    endloop
  endfacet
  facet normal -1 0 0
    outer loop
      vertex 121 11.166629138560253 98.30818596465727
      vertex 121 11 90.7
      vertex 121 10.833370861439747 90.69181403534273
    endloop
  endfacet
  facet normal -1 0 0
    outer loop
      vertex 121 11.166629138560253 98.30818596465727
      vertex 121 11.166629138560253 90.69181403534273
      vertex 121 11 90.7
    endloop
  endfacet
  facet normal -1 0 0
    outer loop
      vertex 121 5.5 95.14285714285714
      vertex 121 9.500733850607796 99.1986255473958
      vertex 121 9.586501659085673 99.05553060386667
    endloop
  endfacet
  facet normal -1 0 0
    outer loop
      vertex 121 5.5 95.14285714285714
      vertex 121 9.79791847198287 98.79791847198287
      vertex 121 9.921531416921802 98.68588222928335
    endloop
  endfacet
  facet normal -1 0 0
    outer loop
      vertex 121 5.5 95.14285714285714
      vertex 121 9.586501659085673 99.05553060386667
      vertex 121 9.685882229283347 98.92153141692181
    endloop
  endfacet
  facet normal -1 0 0
    outer loop
      vertex 121 5.5 95.14285714285714
      vertex 121 9.685882229283347 98.92153141692181
      vertex 121 9.79791847198287 98.79791847198287
    endloop
  endfacet
  facet normal -1 0 0
    outer loop
      vertex 121 5.5 95.14285714285714
      vertex 121 9.429404794730813 99.34943816497935
      vertex 121 9.500733850607796 99.1986255473958
    endloop
  endfacet
  facet normal -1 0 0
    outer loop
      vertex 121 5.5 95.14285714285714
      vertex 121 9.373201429255245 99.50651604866741
      vertex 121 9.429404794730813 99.34943816497935
    endloop
  endfacet
  facet normal -1 0 0
    outer loop
      vertex 121 5.5 95.14285714285714
      vertex 121 9.332665023314508 99.66834645257258
      vertex 121 9.373201429255245 99.50651604866741
    endloop
  endfacet
  facet normal -1 0 0
    outer loop
      vertex 121 5.5 95.14285714285714
      vertex 121 10.349438164979347 98.42940479473081
      vertex 121 10.506516048667415 98.37320142925525
    endloop
  endfacet
  facet normal -1 0 0
    outer loop
      vertex 121 5.5 95.14285714285714
      vertex 121 10.198625547395803 98.5007338506078
      vertex 121 10.349438164979347 98.42940479473081
    endloop
  endfacet
  facet normal -1 0 0
    outer loop
      vertex 121 5.5 95.14285714285714
      vertex 121 10.506516048667415 98.37320142925525
      vertex 121 10.668346452572582 98.3326650233145
    endloop
  endfacet
  facet normal -1 0 0
    outer loop
      vertex 121 5.5 95.14285714285714
      vertex 121 9.921531416921802 98.68588222928335
      vertex 121 10.055530603866677 98.58650165908567
    endloop
  endfacet
  facet normal -1 0 0
    outer loop
      vertex 121 5.5 95.14285714285714
      vertex 121 10.055530603866677 98.58650165908567
      vertex 121 10.198625547395803 98.5007338506078
    endloop
  endfacet
  facet normal -1 0 0
    outer loop
      vertex 121 5.5 95.14285714285714
      vertex 121 10.668346452572582 98.3326650233145
      vertex 121 10.833370861439747 98.30818596465727
    endloop
  endfacet
  facet normal -1 0 0
    outer loop
      vertex 121 5.5 95.14285714285714
      vertex 121 10.833370861439747 98.30818596465727
      vertex 121 11 98.3
    endloop
  endfacet
  facet normal -1 0 0
    outer loop
      vertex 121 11.166629138560253 98.30818596465727
      vertex 121 5.5 95.14285714285714
      vertex 121 11 98.3
    endloop
  endfacet
  facet normal -1 0 0
    outer loop
      vertex 121 11.166629138560253 90.69181403534273
      vertex 121 11.166629138560253 98.30818596465727
      vertex 121 11.331653547427418 98.3326650233145
    endloop
  endfacet
  facet normal -1 0 0
    outer loop
      vertex 121 11.493483951332585 90.62679857074475
      vertex 121 11.650561835020653 98.42940479473081
      vertex 121 11.650561835020653 90.57059520526919
    endloop
  endfacet
  facet normal -1 0 0
    outer loop
      vertex 121 11.650561835020653 90.57059520526919
      vertex 121 11.801374452604197 98.5007338506078
      vertex 121 11.801374452604197 90.4992661493922
    endloop
  endfacet
  facet normal -1 0 0
    outer loop
      vertex 121 11.801374452604197 90.4992661493922
      vertex 121 11.944469396133323 98.58650165908567
      vertex 121 11.944469396133323 90.41349834091433
    endloop
  endfacet
  facet normal -1 0 0
    outer loop
      vertex 121 11.944469396133323 90.41349834091433
      vertex 121 12.078468583078198 98.68588222928335
      vertex 121 12.078468583078198 90.31411777071665
    endloop
  endfacet
  facet normal -1 0 0
    outer loop
      vertex 121 12.078468583078198 90.31411777071665
      vertex 121 12.20208152801713 98.79791847198287
      vertex 121 12.20208152801713 90.20208152801713
    endloop
  endfacet
  facet normal -1 0 0
    outer loop
      vertex 121 12.20208152801713 90.20208152801713
      vertex 121 12.314117770716653 98.92153141692181
      vertex 121 12.314117770716653 90.07846858307819
    endloop
  endfacet
  facet normal -1 0 0
    outer loop
      vertex 121 12.314117770716653 90.07846858307819
      vertex 121 12.413498340914327 99.05553060386667
      vertex 121 12.413498340914327 89.94446939613333
    endloop
  endfacet
  facet normal -1 0 0
    outer loop
      vertex 121 14 100
      vertex 121 12.691814035342734 89.16662913856025
      vertex 121 12.667334976685492 89.33165354742742
    endloop
  endfacet
  facet normal -1 0 0
    outer loop
      vertex 121 14 100
      vertex 121 12.667334976685492 89.33165354742742
      vertex 121 12.626798570744755 89.49348395133259
    endloop
  endfacet
  facet normal -1 0 0
    outer loop
      vertex 121 14 100
      vertex 121 12.626798570744755 89.49348395133259
      vertex 121 12.570595205269187 89.65056183502065
    endloop
  endfacet
  facet normal -1 0 0
    outer loop
      vertex 121 14 100
      vertex 121 12.570595205269187 89.65056183502065
      vertex 121 12.499266149392204 89.8013744526042
    endloop
  endfacet
  facet normal -1 0 0
    outer loop
      vertex 121 11.166629138560253 90.69181403534273
      vertex 121 11.331653547427418 98.3326650233145
      vertex 121 11.331653547427418 90.6673349766855
    endloop
  endfacet
  facet normal -1 0 0
    outer loop
      vertex 121 11.331653547427418 90.6673349766855
      vertex 121 11.493483951332585 98.37320142925525
      vertex 121 11.493483951332585 90.62679857074475
    endloop
  endfacet
  facet normal -1 0 0
    outer loop
      vertex 121 14 100
      vertex 121 12.499266149392204 89.8013744526042
      vertex 121 12.413498340914327 89.94446939613333
    endloop
  endfacet
  facet normal -1 0 0
    outer loop
      vertex 121 14 100
      vertex 121 12.691814035342734 88.83337086143975
      vertex 121 12.7 89
    endloop
  endfacet
  facet normal -1 0 0
    outer loop
      vertex 121 14 100
      vertex 121 12.7 89
      vertex 121 12.691814035342734 89.16662913856025
    endloop
  endfacet
  facet normal -1 0 0
    outer loop
      vertex 121 11.331653547427418 90.6673349766855
      vertex 121 11.331653547427418 98.3326650233145
      vertex 121 11.493483951332585 98.37320142925525
    endloop
  endfacet
  facet normal -1 0 0
    outer loop
      vertex 121 11.493483951332585 90.62679857074475
      vertex 121 11.493483951332585 98.37320142925525
      vertex 121 11.650561835020653 98.42940479473081
    endloop
  endfacet
  facet normal -1 0 0
    outer loop
      vertex 121 11.650561835020653 90.57059520526919
      vertex 121 11.650561835020653 98.42940479473081
      vertex 121 11.801374452604197 98.5007338506078
    endloop
  endfacet
  facet normal -1 0 0
    outer loop
      vertex 121 11.801374452604197 90.4992661493922
      vertex 121 11.801374452604197 98.5007338506078
      vertex 121 11.944469396133323 98.58650165908567
    endloop
  endfacet
  facet normal -1 0 0
    outer loop
      vertex 121 11.944469396133323 90.41349834091433
      vertex 121 11.944469396133323 98.58650165908567
      vertex 121 12.078468583078198 98.68588222928335
    endloop
  endfacet
  facet normal -1 0 0
    outer loop
      vertex 121 12.078468583078198 90.31411777071665
      vertex 121 12.078468583078198 98.68588222928335
      vertex 121 12.20208152801713 98.79791847198287
    endloop
  endfacet
  facet normal -1 0 0
    outer loop
      vertex 121 12.20208152801713 98.79791847198287
      vertex 121 12.314117770716653 98.92153141692181
      vertex 121 12.20208152801713 90.20208152801713
    endloop
  endfacet
  facet normal -1 0 0
    outer loop
      vertex 121 12.314117770716653 90.07846858307819
      vertex 121 12.314117770716653 98.92153141692181
      vertex 121 12.413498340914327 99.05553060386667
    endloop
  endfacet
  facet normal -1 0 0
    outer loop
      vertex 121 12.499266149392204 99.1986255473958
      vertex 121 12.413498340914327 89.94446939613333
      vertex 121 12.413498340914327 99.05553060386667
    endloop
  endfacet
  facet normal -1 0 0
    outer loop
      vertex 121 14 100
      vertex 121 12.413498340914327 89.94446939613333
      vertex 121 12.499266149392204 99.1986255473958
    endloop
  endfacet
  facet normal 0 0 -1
    outer loop
      vertex 121 5.5 84
      vertex 127 6 84
      vertex 133 6 84
    endloop
  endfacet
  facet normal 0 0 -1
    outer loop
      vertex 133 6 84
      vertex 133 5.5 84
      vertex 121 5.5 84
    endloop
  endfacet
  facet normal 0 0 -1
    outer loop
      vertex 121 14 84
      vertex 127 14 84
      vertex 127 6 84
    endloop
  endfacet
  facet normal 0 1 0
    outer loop
      vertex 121 14 100
      vertex 127 14 100
      vertex 127 14 84
    endloop
  endfacet
  facet normal -1 0 0
    outer loop
      vertex 121 9.573863365522564 100.9233836771927
      vertex 121 5.5 101.77327586206896
      vertex 121 5.5 106
    endloop
  endfacet
  facet normal -1 0 0
    outer loop
      vertex 121 5.5 100
      vertex 121 9.308185964657266 99.83337086143975
      vertex 121 9.332665023314508 99.66834645257258
    endloop
  endfacet
  facet normal -1 0 0
    outer loop
      vertex 121 5.5 100
      vertex 121 9.3 100
      vertex 121 9.308185964657266 99.83337086143975
    endloop
  endfacet
  facet normal -1 0 0
    outer loop
      vertex 121 9.573863365522564 100.9233836771927
      vertex 121 5.5 106
      vertex 121 9.586501659085673 100.94446939613333
    endloop
  endfacet
  facet normal -1 0 0
    outer loop
      vertex 121 5.5 106
      vertex 121 9.685882229283347 101.07846858307819
      vertex 121 9.586501659085673 100.94446939613333
    endloop
  endfacet
  facet normal -1 0 0
    outer loop
      vertex 121 5.5 106
      vertex 121 9.79791847198287 101.20208152801713
      vertex 121 9.685882229283347 101.07846858307819
    endloop
  endfacet
  facet normal -1 0 0
    outer loop
      vertex 121 5.5 106
      vertex 121 9.921531416921802 101.31411777071665
      vertex 121 9.79791847198287 101.20208152801713
    endloop
  endfacet
  facet normal -1 0 0
    outer loop
      vertex 121 5.5 106
      vertex 121 10.055530603866677 101.41349834091433
      vertex 121 9.921531416921802 101.31411777071665
    endloop
  endfacet
  facet normal -1 0 0
    outer loop
      vertex 121 5.5 106
      vertex 121 10.198625547395803 101.4992661493922
      vertex 121 10.055530603866677 101.41349834091433
    endloop
  endfacet
  facet normal -1 0 0
    outer loop
      vertex 121 5.5 106
      vertex 121 10.349438164979347 101.57059520526919
      vertex 121 10.198625547395803 101.4992661493922
    endloop
  endfacet
  facet normal -1 0 0
    outer loop
      vertex 121 14 106
      vertex 121 10.349438164979347 101.57059520526919
      vertex 121 5.5 106
    endloop
  endfacet
  facet normal -1 0 0
    outer loop
      vertex 121 14 100
      vertex 121 12.499266149392204 99.1986255473958
      vertex 121 12.570595205269187 99.34943816497935
    endloop
  endfacet
  facet normal -1 0 0
    outer loop
      vertex 121 14 100
      vertex 121 12.570595205269187 99.34943816497935
      vertex 121 12.626798570744755 99.50651604866741
    endloop
  endfacet
  facet normal -1 0 0
    outer loop
      vertex 121 14 100
      vertex 121 12.626798570744755 99.50651604866741
      vertex 121 12.667334976685492 99.66834645257258
    endloop
  endfacet
  facet normal -1 0 0
    outer loop
      vertex 121 14 100
      vertex 121 12.667334976685492 99.66834645257258
      vertex 121 12.691814035342734 99.83337086143975
    endloop
  endfacet
  facet normal -1 0 0
    outer loop
      vertex 121 14 100
      vertex 121 12.67554459443132 100.27630880012727
      vertex 121 12.667334976685492 100.33165354742742
    endloop
  endfacet
  facet normal -1 0 0
    outer loop
      vertex 121 14 106
      vertex 121 12.667334976685492 100.33165354742742
      vertex 121 12.626798570744755 100.49348395133259
    endloop
  endfacet
  facet normal -1 0 0
    outer loop
      vertex 121 14 106
      vertex 121 12.626798570744755 100.49348395133259
      vertex 121 12.570595205269187 100.65056183502065
    endloop
  endfacet
  facet normal -1 0 0
    outer loop
      vertex 121 14 100
      vertex 121 12.691814035342734 99.83337086143975
      vertex 121 12.7 100
    endloop
  endfacet
  facet normal -1 0 0
    outer loop
      vertex 121 14 100
      vertex 121 12.667334976685492 100.33165354742742
      vertex 121 14 106
    endloop
  endfacet
  facet normal -1 0 0
    outer loop
      vertex 121 14 106
      vertex 121 10.506516048667415 101.62679857074475
      vertex 121 10.349438164979347 101.57059520526919
    endloop
  endfacet
  facet normal -1 0 0
    outer loop
      vertex 121 14 106
      vertex 121 10.668346452572582 101.6673349766855
      vertex 121 10.506516048667415 101.62679857074475
    endloop
  endfacet
  facet normal -1 0 0
    outer loop
      vertex 121 14 106
      vertex 121 10.833370861439747 101.69181403534273
      vertex 121 10.668346452572582 101.6673349766855
    endloop
  endfacet
  facet normal -1 0 0
    outer loop
      vertex 121 14 106
      vertex 121 11 101.7
      vertex 121 10.833370861439747 101.69181403534273
    endloop
  endfacet
  facet normal -1 0 0
    outer loop
      vertex 121 14 106
      vertex 121 11.331653547427418 101.6673349766855
      vertex 121 11.166629138560253 101.69181403534273
    endloop
  endfacet
  facet normal -1 0 0
    outer loop
      vertex 121 14 106
      vertex 121 11.166629138560253 101.69181403534273
      vertex 121 11 101.7
    endloop
  endfacet
  facet normal -1 0 0
    outer loop
      vertex 121 14 106
      vertex 121 11.493483951332585 101.62679857074475
      vertex 121 11.331653547427418 101.6673349766855
    endloop
  endfacet
  facet normal -1 0 0
    outer loop
      vertex 121 14 106
      vertex 121 11.650561835020653 101.57059520526919
      vertex 121 11.493483951332585 101.62679857074475
    endloop
  endfacet
  facet normal -1 0 0
    outer loop
      vertex 121 14 106
      vertex 121 11.801374452604197 101.4992661493922
      vertex 121 11.650561835020653 101.57059520526919
    endloop
  endfacet
  facet normal -1 0 0
    outer loop
      vertex 121 14 106
      vertex 121 11.944469396133323 101.41349834091433
      vertex 121 11.801374452604197 101.4992661493922
    endloop
  endfacet
  facet normal -1 0 0
    outer loop
      vertex 121 14 106
      vertex 121 12.20208152801713 101.20208152801713
      vertex 121 12.078468583078198 101.31411777071665
    endloop
  endfacet
  facet normal -1 0 0
    outer loop
      vertex 121 14 106
      vertex 121 12.314117770716653 101.07846858307819
      vertex 121 12.20208152801713 101.20208152801713
    endloop
  endfacet
  facet normal -1 0 0
    outer loop
      vertex 121 14 106
      vertex 121 12.499266149392204 100.8013744526042
      vertex 121 12.413498340914327 100.94446939613333
    endloop
  endfacet
  facet normal -1 0 0
    outer loop
      vertex 121 14 106
      vertex 121 12.570595205269187 100.65056183502065
      vertex 121 12.499266149392204 100.8013744526042
    endloop
  endfacet
  facet normal -1 0 0
    outer loop
      vertex 121 14 106
      vertex 121 12.413498340914327 100.94446939613333
      vertex 121 12.314117770716653 101.07846858307819
    endloop
  endfacet
  facet normal -1 0 0
    outer loop
      vertex 121 14 106
      vertex 121 12.078468583078198 101.31411777071665
      vertex 121 11.944469396133323 101.41349834091433
    endloop
  endfacet
  facet normal 1 0 0
    outer loop
      vertex 133 6 84
      vertex 133 6 95
      vertex 133 5.5 84
    endloop
  endfacet
  facet normal 1 0 0
    outer loop
      vertex 133 5.5 84
      vertex 133 6 95
      vertex 133 5.5 95
    endloop
  endfacet
  facet normal -1 0 0
    outer loop
      vertex 121 -15 106
      vertex 121 -15 106.05
      vertex 121 -14.991735537190083 106
    endloop
  endfacet
  facet normal -1 0 0
    outer loop
      vertex 121 -15 106.05
      vertex 121 -15 122.36363636363636
      vertex 121 -5.5 106.03362068965517
    endloop
  endfacet
  facet normal 0 -1 0
    outer loop
      vertex 121 -15 106
      vertex 128 -15 117.9090909090909
      vertex 121 -15 106.05
    endloop
  endfacet
  facet normal 0 -1 0
    outer loop
      vertex 121 -15 106
      vertex 128 -15 106.02423814624386
      vertex 128 -15 117.9090909090909
    endloop
  endfacet
  facet normal -1 0 0
    outer loop
      vertex 121 -15 122.36363636363636
      vertex 121 -6 118
      vertex 121 -5.5 106.03362068965517
    endloop
  endfacet
  facet normal 0 -1 0
    outer loop
      vertex 121 -15 106.05
      vertex 128 -15 117.9090909090909
      vertex 121 -15 122.36363636363636
    endloop
  endfacet
  facet normal -1 0 0
    outer loop
      vertex 121 -15 122.36363636363636
      vertex 121 -6 122.36363636363636
      vertex 121 -6 118
    endloop
  endfacet
  facet normal -1 0 0
    outer loop
      vertex 121 -5.5 106.03362068965517
      vertex 121 -6 118
      vertex 121 -5.5 118
    endloop
  endfacet
  facet normal -1 0 0
    outer loop
      vertex 121 14 106
      vertex 121 5.5 106.0146551724138
      vertex 121 15 122.36363636363636
    endloop
  endfacet
  facet normal -1 0 0
    outer loop
      vertex 121 14 106
      vertex 121 15 122.36363636363636
      vertex 121 15 106
    endloop
  endfacet
  facet normal 0 1 0
    outer loop
      vertex 121 15 106
      vertex 121 15 122.36363636363636
      vertex 127 15 106.02077555392331
    endloop
  endfacet
  facet normal -1 0 0
    outer loop
      vertex 121 5.5 106.0146551724138
      vertex 121 5.5 118
      vertex 121 6 118
    endloop
  endfacet
  facet normal -1 0 0
    outer loop
      vertex 121 15 122.36363636363636
      vertex 121 5.5 106.0146551724138
      vertex 121 6 118
    endloop
  endfacet
  facet normal -1 0 0
    outer loop
      vertex 121 15 122.36363636363636
      vertex 121 6 118
      vertex 121 6 122.36363636363636
    endloop
  endfacet
  facet normal 0 1 0
    outer loop
      vertex 121 15 122.36363636363636
      vertex 127 15 118.54545454545455
      vertex 127 15 106.02077555392331
    endloop
  endfacet
  facet normal 0 0 1
    outer loop
      vertex 105 -21 128
      vertex 106.87320142925525 -18.493483951332585 128
      vertex 106.8326650233145 -18.33165354742742 128
    endloop
  endfacet
  facet normal 0 0 1
    outer loop
      vertex 105 -21 128
      vertex 106.8326650233145 -18.33165354742742 128
      vertex 106.80818596465727 -18.166629138560253 128
    endloop
  endfacet
  facet normal 0 0 1
    outer loop
      vertex 105 -21 128
      vertex 106.80818596465727 -18.166629138560253 128
      vertex 106.8 -18 128
    endloop
  endfacet
  facet normal 0 0 1
    outer loop
      vertex 105 -21 128
      vertex 106.8 -18 128
      vertex 106.80818596465727 -17.833370861439747 128
    endloop
  endfacet
  facet normal 0 0 1
    outer loop
      vertex 105 -21 128
      vertex 106.80818596465727 -17.833370861439747 128
      vertex 106.8326650233145 -17.66834645257258 128
    endloop
  endfacet
  facet normal 0 0 1
    outer loop
      vertex 105 -21 128
      vertex 106.8326650233145 -17.66834645257258 128
      vertex 106.87320142925525 -17.506516048667415 128
    endloop
  endfacet
  facet normal 0 0 -1
    outer loop
      vertex 105 -21 124
      vertex 107.18588222928335 -19.078468583078198 124
      vertex 107.29791847198287 -19.202081528017132 124
    endloop
  endfacet
  facet normal 0 0 -1
    outer loop
      vertex 105 -21 124
      vertex 107.29791847198287 -19.202081528017132 124
      vertex 107.42153141692181 -19.314117770716653 124
    endloop
  endfacet
  facet normal 0 0 -1
    outer loop
      vertex 105 -21 124
      vertex 107.42153141692181 -19.314117770716653 124
      vertex 107.55553060386667 -19.413498340914327 124
    endloop
  endfacet
  facet normal 0 0 -1
    outer loop
      vertex 105 -21 124
      vertex 107.55553060386667 -19.413498340914327 124
      vertex 107.6986255473958 -19.499266149392202 124
    endloop
  endfacet
  facet normal 0 0 -1
    outer loop
      vertex 105 -21 124
      vertex 107.6986255473958 -19.499266149392202 124
      vertex 107.84943816497935 -19.570595205269186 124
    endloop
  endfacet
  facet normal 0 0 -1
    outer loop
      vertex 105 -21 124
      vertex 107.09405072321871 -18.95464813080963 124
      vertex 107.18588222928335 -19.078468583078198 124
    endloop
  endfacet
  facet normal 0 0 -1
    outer loop
      vertex 105 -21 124
      vertex 107.84943816497935 -19.570595205269186 124
      vertex 108.00651604866741 -19.626798570744754 124
    endloop
  endfacet
  facet normal 0 0 -1
    outer loop
      vertex 105 -21 124
      vertex 108.00651604866741 -19.626798570744754 124
      vertex 112 -21 124
    endloop
  endfacet
  facet normal 0 -1 0
    outer loop
      vertex 105 -21 124
      vertex 112 -21 124
      vertex 105 -21 127.5
    endloop
  endfacet
  facet normal 0 0 1
    outer loop
      vertex 105 -21 128
      vertex 107.29791847198287 -19.202081528017132 128
      vertex 107.18588222928335 -19.078468583078198 128
    endloop
  endfacet
  facet normal 0 0 1
    outer loop
      vertex 105 -21 128
      vertex 107.42153141692181 -19.314117770716653 128
      vertex 107.29791847198287 -19.202081528017132 128
    endloop
  endfacet
  facet normal 0 0 1
    outer loop
      vertex 105 -21 128
      vertex 107.55553060386667 -19.413498340914327 128
      vertex 107.42153141692181 -19.314117770716653 128
    endloop
  endfacet
  facet normal 0 0 1
    outer loop
      vertex 105 -21 128
      vertex 107.6986255473958 -19.499266149392202 128
      vertex 107.55553060386667 -19.413498340914327 128
    endloop
  endfacet
  facet normal 0 0 1
    outer loop
      vertex 105 -21 128
      vertex 107.84943816497935 -19.570595205269186 128
      vertex 107.6986255473958 -19.499266149392202 128
    endloop
  endfacet
  facet normal 0 0 1
    outer loop
      vertex 105 -21 128
      vertex 107.0007338506078 -18.801374452604197 128
      vertex 106.92940479473081 -18.650561835020653 128
    endloop
  endfacet
  facet normal 0 0 1
    outer loop
      vertex 105 -21 128
      vertex 107.08650165908567 -18.944469396133325 128
      vertex 107.0007338506078 -18.801374452604197 128
    endloop
  endfacet
  facet normal 0 0 1
    outer loop
      vertex 105 -21 128
      vertex 106.92940479473081 -18.650561835020653 128
      vertex 106.87320142925525 -18.493483951332585 128
    endloop
  endfacet
  facet normal 0 0 1
    outer loop
      vertex 105 -21 128
      vertex 107.18588222928335 -19.078468583078198 128
      vertex 107.08650165908567 -18.944469396133325 128
    endloop
  endfacet
  facet normal 0 0 1
    outer loop
      vertex 105 -21 128
      vertex 108.00651604866741 -19.626798570744754 128
      vertex 107.84943816497935 -19.570595205269186 128
    endloop
  endfacet
  facet normal 0 0 1
    outer loop
      vertex 105 -21 128
      vertex 108.16834645257258 -19.667334976685492 128
      vertex 108.00651604866741 -19.626798570744754 128
    endloop
  endfacet
  facet normal 0 0 1
    outer loop
      vertex 105 -21 128
      vertex 108.33337086143975 -19.691814035342734 128
      vertex 108.16834645257258 -19.667334976685492 128
    endloop
  endfacet
  facet normal 0 0 1
    outer loop
      vertex 105 -21 128
      vertex 108.5 -19.7 128
      vertex 108.33337086143975 -19.691814035342734 128
    endloop
  endfacet
  facet normal 0 0 1
    outer loop
      vertex 105 -21 128
      vertex 106.92940479473081 -17.349438164979347 128
      vertex 107.0007338506078 -17.198625547395803 128
    endloop
  endfacet
  facet normal 0 0 1
    outer loop
      vertex 105 -21 128
      vertex 106.87320142925525 -17.506516048667415 128
      vertex 106.92940479473081 -17.349438164979347 128
    endloop
  endfacet
  facet normal -1 0 0
    outer loop
      vertex 105 -21 127.5
      vertex 105 -21 128
      vertex 105 21 127.5
    endloop
  endfacet
  facet normal 0 0 1
    outer loop
      vertex 105 -21 128
      vertex 107.0007338506078 -17.198625547395803 128
      vertex 107.08650165908567 17.055530603866675 128
    endloop
  endfacet
  facet normal 0 0 1
    outer loop
      vertex 107.08650165908567 -17.055530603866675 128
      vertex 107.08650165908567 17.055530603866675 128
      vertex 107.0007338506078 -17.198625547395803 128
    endloop
  endfacet
  facet normal 0 0 1
    outer loop
      vertex 107.18588222928335 -16.921531416921802 128
      vertex 107.08650165908567 17.055530603866675 128
      vertex 107.08650165908567 -17.055530603866675 128
    endloop
  endfacet
  facet normal 0 0 1
    outer loop
      vertex 107.29791847198287 -16.797918471982868 128
      vertex 107.18588222928335 16.921531416921802 128
      vertex 107.18588222928335 -16.921531416921802 128
    endloop
  endfacet
  facet normal 0 0 1
    outer loop
      vertex 107.29791847198287 -16.797918471982868 128
      vertex 107.42153141692181 -16.685882229283347 128
      vertex 107.29791847198287 16.797918471982868 128
    endloop
  endfacet
  facet normal 0 0 1
    outer loop
      vertex 107.42153141692181 -16.685882229283347 128
      vertex 107.55553060386667 -16.586501659085673 128
      vertex 107.42153141692181 16.685882229283347 128
    endloop
  endfacet
  facet normal 0 0 1
    outer loop
      vertex 107.55553060386667 -16.586501659085673 128
      vertex 107.6986255473958 -16.500733850607798 128
      vertex 107.55553060386667 16.586501659085673 128
    endloop
  endfacet
  facet normal 0 0 1
    outer loop
      vertex 107.6986255473958 -16.500733850607798 128
      vertex 107.84943816497935 -16.429404794730814 128
      vertex 107.6986255473958 16.500733850607798 128
    endloop
  endfacet
  facet normal 0 0 1
    outer loop
      vertex 107.84943816497935 -16.429404794730814 128
      vertex 108.00651604866741 -16.373201429255246 128
      vertex 107.84943816497935 16.429404794730814 128
    endloop
  endfacet
  facet normal 0 0 1
    outer loop
      vertex 108.00651604866741 -16.373201429255246 128
      vertex 108.16834645257258 -16.332665023314508 128
      vertex 108.00651604866741 16.373201429255246 128
    endloop
  endfacet
  facet normal 0 0 1
    outer loop
      vertex 108.16834645257258 -16.332665023314508 128
      vertex 108.33337086143975 -16.308185964657266 128
      vertex 108.16834645257258 16.332665023314508 128
    endloop
  endfacet
  facet normal 0 0 1
    outer loop
      vertex 108.33337086143975 -16.308185964657266 128
      vertex 108.5 -16.3 128
      vertex 108.33337086143975 16.308185964657266 128
    endloop
  endfacet
  facet normal 0 0 1
    outer loop
      vertex 105 -21 128
      vertex 106.87320142925525 17.506516048667415 128
      vertex 106.8326650233145 17.66834645257258 128
    endloop
  endfacet
  facet normal 0 0 1
    outer loop
      vertex 105 -21 128
      vertex 106.8326650233145 17.66834645257258 128
      vertex 106.80818596465727 17.833370861439747 128
    endloop
  endfacet
  facet normal 0 0 1
    outer loop
      vertex 105 -21 128
      vertex 106.80818596465727 17.833370861439747 128
      vertex 106.8 18 128
    endloop
  endfacet
  facet normal 0 0 1
    outer loop
      vertex 105 -21 128
      vertex 106.8 18 128
      vertex 105 21 128
    endloop
  endfacet
  facet normal -1 0 0
    outer loop
      vertex 105 -21 128
      vertex 105 21 128
      vertex 105 21 127.5
    endloop
  endfacet
  facet normal 0 0 1
    outer loop
      vertex 105 -21 128
      vertex 107.08650165908567 17.055530603866675 128
      vertex 107.0007338506078 17.198625547395803 128
    endloop
  endfacet
  facet normal 0 0 1
    outer loop
      vertex 105 -21 128
      vertex 107.0007338506078 17.198625547395803 128
      vertex 106.92940479473081 17.349438164979347 128
    endloop
  endfacet
  facet normal 0 0 1
    outer loop
      vertex 105 -21 128
      vertex 106.92940479473081 17.349438164979347 128
      vertex 106.87320142925525 17.506516048667415 128
    endloop
  endfacet
  facet normal 0 0 1
    outer loop
      vertex 107.42153141692181 -16.685882229283347 128
      vertex 107.42153141692181 16.685882229283347 128
      vertex 107.29791847198287 16.797918471982868 128
    endloop
  endfacet
  facet normal 0 0 1
    outer loop
      vertex 107.55553060386667 -16.586501659085673 128
      vertex 107.55553060386667 16.586501659085673 128
      vertex 107.42153141692181 16.685882229283347 128
    endloop
  endfacet
  facet normal 0 0 1
    outer loop
      vertex 107.18588222928335 -16.921531416921802 128
      vertex 107.18588222928335 16.921531416921802 128
      vertex 107.08650165908567 17.055530603866675 128
    endloop
  endfacet
  facet normal 0 0 1
    outer loop
      vertex 107.29791847198287 -16.797918471982868 128
      vertex 107.29791847198287 16.797918471982868 128
      vertex 107.18588222928335 16.921531416921802 128
    endloop
  endfacet
  facet normal 0 0 1
    outer loop
      vertex 107.6986255473958 -16.500733850607798 128
      vertex 107.6986255473958 16.500733850607798 128
      vertex 107.55553060386667 16.586501659085673 128
    endloop
  endfacet
  facet normal 0 0 1
    outer loop
      vertex 107.84943816497935 -16.429404794730814 128
      vertex 107.84943816497935 16.429404794730814 128
      vertex 107.6986255473958 16.500733850607798 128
    endloop
  endfacet
  facet normal 0 0 1
    outer loop
      vertex 108.00651604866741 -16.373201429255246 128
      vertex 108.00651604866741 16.373201429255246 128
      vertex 107.84943816497935 16.429404794730814 128
    endloop
  endfacet
  facet normal 0 0 1
    outer loop
      vertex 108.16834645257258 -16.332665023314508 128
      vertex 108.16834645257258 16.332665023314508 128
      vertex 108.00651604866741 16.373201429255246 128
    endloop
  endfacet
  facet normal 0 0 1
    outer loop
      vertex 108.33337086143975 -16.308185964657266 128
      vertex 108.33337086143975 16.308185964657266 128
      vertex 108.16834645257258 16.332665023314508 128
    endloop
  endfacet
  facet normal 0 0 1
    outer loop
      vertex 108.5 -16.3 128
      vertex 108.5 16.3 128
      vertex 108.33337086143975 16.308185964657266 128
    endloop
  endfacet
  facet normal 0 0 -1
    outer loop
      vertex 105 13.263157894736842 124
      vertex 106.8326650233145 17.66834645257258 124
      vertex 106.87320142925525 17.506516048667415 124
    endloop
  endfacet
  facet normal 0 0 -1
    outer loop
      vertex 105 13.263157894736842 124
      vertex 106.80818596465727 17.833370861439747 124
      vertex 106.8326650233145 17.66834645257258 124
    endloop
  endfacet
  facet normal 0 0 -1
    outer loop
      vertex 105 13.263157894736842 124
      vertex 106.8 18 124
      vertex 106.80818596465727 17.833370861439747 124
    endloop
  endfacet
  facet normal 0 0 -1
    outer loop
      vertex 105 13.263157894736842 124
      vertex 106.80818596465727 18.166629138560253 124
      vertex 106.8 18 124
    endloop
  endfacet
  facet normal 0 0 -1
    outer loop
      vertex 105 13.263157894736842 124
      vertex 106.8326650233145 18.33165354742742 124
      vertex 106.80818596465727 18.166629138560253 124
    endloop
  endfacet
  facet normal 0 0 -1
    outer loop
      vertex 105 13.263157894736842 124
      vertex 105 21 124
      vertex 106.8326650233145 18.33165354742742 124
    endloop
  endfacet
  facet normal 0 0 -1
    outer loop
      vertex 105 21 124
      vertex 106.87320142925525 18.493483951332585 124
      vertex 106.8326650233145 18.33165354742742 124
    endloop
  endfacet
  facet normal 0 0 1
    outer loop
      vertex 105 21 128
      vertex 106.8 18 128
      vertex 106.80818596465727 18.166629138560253 128
    endloop
  endfacet
  facet normal 0 0 1
    outer loop
      vertex 105 21 128
      vertex 106.80818596465727 18.166629138560253 128
      vertex 106.8326650233145 18.33165354742742 128
    endloop
  endfacet
  facet normal 0 0 1
    outer loop
      vertex 105 21 128
      vertex 106.8326650233145 18.33165354742742 128
      vertex 106.87320142925525 18.493483951332585 128
    endloop
  endfacet
  facet normal 0 0 -1
    outer loop
      vertex 105 13.263157894736842 124
      vertex 106.92940479473081 17.349438164979347 124
      vertex 107.0007338506078 17.198625547395803 124
    endloop
  endfacet
  facet normal 0 0 -1
    outer loop
      vertex 105 13.263157894736842 124
      vertex 107.0007338506078 17.198625547395803 124
      vertex 107.08650165908567 17.055530603866675 124
    endloop
  endfacet
  facet normal 0 0 -1
    outer loop
      vertex 105 13.263157894736842 124
      vertex 107.18588222928335 16.921531416921802 124
      vertex 107.29791847198287 16.797918471982868 124
    endloop
  endfacet
  facet normal 0 0 -1
    outer loop
      vertex 105 13.263157894736842 124
      vertex 107.08650165908567 17.055530603866675 124
      vertex 107.18588222928335 16.921531416921802 124
    endloop
  endfacet
  facet normal 0 0 -1
    outer loop
      vertex 105 13.263157894736842 124
      vertex 107.55553060386667 16.586501659085673 124
      vertex 107.6986255473958 16.500733850607798 124
    endloop
  endfacet
  facet normal 0 0 -1
    outer loop
      vertex 105 13.263157894736842 124
      vertex 107.6986255473958 16.500733850607798 124
      vertex 107.84943816497935 16.429404794730814 124
    endloop
  endfacet
  facet normal 0 0 -1
    outer loop
      vertex 105 13.263157894736842 124
      vertex 107.29791847198287 16.797918471982868 124
      vertex 107.42153141692181 16.685882229283347 124
    endloop
  endfacet
  facet normal 0 0 -1
    outer loop
      vertex 105 13.263157894736842 124
      vertex 107.42153141692181 16.685882229283347 124
      vertex 107.55553060386667 16.586501659085673 124
    endloop
  endfacet
  facet normal 0 0 -1
    outer loop
      vertex 105 13.263157894736842 124
      vertex 106.87320142925525 17.506516048667415 124
      vertex 106.92940479473081 17.349438164979347 124
    endloop
  endfacet
  facet normal 0 0 -1
    outer loop
      vertex 105 13.263157894736842 124
      vertex 107.84943816497935 16.429404794730814 124
      vertex 108.00651604866741 16.373201429255246 124
    endloop
  endfacet
  facet normal 0 0 -1
    outer loop
      vertex 105 13.263157894736842 124
      vertex 108.00651604866741 16.373201429255246 124
      vertex 108.16834645257258 16.332665023314508 124
    endloop
  endfacet
  facet normal 0 0 -1
    outer loop
      vertex 105 13.263157894736842 124
      vertex 108.16834645257258 16.332665023314508 124
      vertex 108.33337086143975 16.308185964657266 124
    endloop
  endfacet
  facet normal 0 0 -1
    outer loop
      vertex 105 13.263157894736842 124
      vertex 108.33337086143975 16.308185964657266 124
      vertex 108.5 16.3 124
    endloop
  endfacet
  facet normal 0 0 -1
    outer loop
      vertex 105 13.263157894736842 124
      vertex 108.5 16.3 124
      vertex 108.66662913856025 16.308185964657266 124
    endloop
  endfacet
  facet normal 0 0 -1
    outer loop
      vertex 105 13.263157894736842 124
      vertex 108.66662913856025 16.308185964657266 124
      vertex 108.83165354742742 16.332665023314508 124
    endloop
  endfacet
  facet normal 0 0 -1
    outer loop
      vertex 105 13.263157894736842 124
      vertex 108.83165354742742 16.332665023314508 124
      vertex 108.99348395133259 16.373201429255246 124
    endloop
  endfacet
  facet normal 0 0 -1
    outer loop
      vertex 105 13.263157894736842 124
      vertex 108.99348395133259 16.373201429255246 124
      vertex 109.15056183502065 16.429404794730814 124
    endloop
  endfacet
  facet normal 0 0 -1
    outer loop
      vertex 105 13.263157894736842 124
      vertex 109.15056183502065 16.429404794730814 124
      vertex 109.3013744526042 16.500733850607798 124
    endloop
  endfacet
  facet normal 0 0 -1
    outer loop
      vertex 105 13.263157894736842 124
      vertex 109.3013744526042 16.500733850607798 124
      vertex 109.44446939613333 16.586501659085673 124
    endloop
  endfacet
  facet normal 0 0 -1
    outer loop
      vertex 105 21 124
      vertex 106.92940479473081 18.650561835020653 124
      vertex 106.87320142925525 18.493483951332585 124
    endloop
  endfacet
  facet normal 0 0 -1
    outer loop
      vertex 105 21 124
      vertex 107.0007338506078 18.801374452604197 124
      vertex 106.92940479473081 18.650561835020653 124
    endloop
  endfacet
  facet normal 0 0 -1
    outer loop
      vertex 105 21 124
      vertex 107.08650165908567 18.944469396133325 124
      vertex 107.0007338506078 18.801374452604197 124
    endloop
  endfacet
  facet normal 0 0 -1
    outer loop
      vertex 105 21 124
      vertex 107.18588222928335 19.078468583078198 124
      vertex 107.08650165908567 18.944469396133325 124
    endloop
  endfacet
  facet normal 0 0 -1
    outer loop
      vertex 105 21 124
      vertex 107.29791847198287 19.202081528017132 124
      vertex 107.18588222928335 19.078468583078198 124
    endloop
  endfacet
  facet normal 0 0 -1
    outer loop
      vertex 105 21 124
      vertex 107.42153141692181 19.314117770716653 124
      vertex 107.29791847198287 19.202081528017132 124
    endloop
  endfacet
  facet normal 0 0 -1
    outer loop
      vertex 105 21 124
      vertex 107.55553060386667 19.413498340914327 124
      vertex 107.42153141692181 19.314117770716653 124
    endloop
  endfacet
  facet normal 0 0 -1
    outer loop
      vertex 105 21 124
      vertex 107.6986255473958 19.499266149392202 124
      vertex 107.55553060386667 19.413498340914327 124
    endloop
  endfacet
  facet normal 0 0 -1
    outer loop
      vertex 105 21 124
      vertex 107.84943816497935 19.570595205269186 124
      vertex 107.6986255473958 19.499266149392202 124
    endloop
  endfacet
  facet normal 0 0 -1
    outer loop
      vertex 105 21 124
      vertex 108.00651604866741 19.626798570744754 124
      vertex 107.84943816497935 19.570595205269186 124
    endloop
  endfacet
  facet normal 0 0 -1
    outer loop
      vertex 105 21 124
      vertex 108.16834645257258 19.667334976685492 124
      vertex 108.00651604866741 19.626798570744754 124
    endloop
  endfacet
  facet normal 0 0 -1
    outer loop
      vertex 105 21 124
      vertex 108.33337086143975 19.691814035342734 124
      vertex 108.16834645257258 19.667334976685492 124
    endloop
  endfacet
  facet normal 0 0 -1
    outer loop
      vertex 105 21 124
      vertex 108.5 19.7 124
      vertex 108.33337086143975 19.691814035342734 124
    endloop
  endfacet
  facet normal 0 0 -1
    outer loop
      vertex 105 21 124
      vertex 108.66662913856025 19.691814035342734 124
      vertex 108.5 19.7 124
    endloop
  endfacet
  facet normal 0 0 -1
    outer loop
      vertex 105 21 124
      vertex 108.83165354742742 19.667334976685492 124
      vertex 108.66662913856025 19.691814035342734 124
    endloop
  endfacet
  facet normal 0 0 -1
    outer loop
      vertex 105 21 124
      vertex 108.99348395133259 19.626798570744754 124
      vertex 108.83165354742742 19.667334976685492 124
    endloop
  endfacet
  facet normal 0 0 -1
    outer loop
      vertex 105 21 124
      vertex 112 21 124
      vertex 108.99348395133259 19.626798570744754 124
    endloop
  endfacet
  facet normal 0 0 1
    outer loop
      vertex 105 21 128
      vertex 106.87320142925525 18.493483951332585 128
      vertex 106.92940479473081 18.650561835020653 128
    endloop
  endfacet
  facet normal 0 0 1
    outer loop
      vertex 105 21 128
      vertex 106.92940479473081 18.650561835020653 128
      vertex 107.0007338506078 18.801374452604197 128
    endloop
  endfacet
  facet normal 0 0 1
    outer loop
      vertex 105 21 128
      vertex 107.0007338506078 18.801374452604197 128
      vertex 107.08650165908567 18.944469396133325 128
    endloop
  endfacet
  facet normal 0 0 1
    outer loop
      vertex 105 21 128
      vertex 107.08650165908567 18.944469396133325 128
      vertex 107.18588222928335 19.078468583078198 128
    endloop
  endfacet
  facet normal 0 0 1
    outer loop
      vertex 105 21 128
      vertex 107.18588222928335 19.078468583078198 128
      vertex 107.29791847198287 19.202081528017132 128
    endloop
  endfacet
  facet normal 0 0 1
    outer loop
      vertex 105 21 128
      vertex 107.29791847198287 19.202081528017132 128
      vertex 107.42153141692181 19.314117770716653 128
    endloop
  endfacet
  facet normal 0 0 1
    outer loop
      vertex 105 21 128
      vertex 107.42153141692181 19.314117770716653 128
      vertex 107.55553060386667 19.413498340914327 128
    endloop
  endfacet
  facet normal 0 0 1
    outer loop
      vertex 105 21 128
      vertex 107.55553060386667 19.413498340914327 128
      vertex 107.6986255473958 19.499266149392202 128
    endloop
  endfacet
  facet normal 0 0 1
    outer loop
      vertex 105 21 128
      vertex 107.6986255473958 19.499266149392202 128
      vertex 107.84943816497935 19.570595205269186 128
    endloop
  endfacet
  facet normal 0 0 1
    outer loop
      vertex 105 21 128
      vertex 107.84943816497935 19.570595205269186 128
      vertex 108.00651604866741 19.626798570744754 128
    endloop
  endfacet
  facet normal 0 0 1
    outer loop
      vertex 105 21 128
      vertex 108.00651604866741 19.626798570744754 128
      vertex 108.16834645257258 19.667334976685492 128
    endloop
  endfacet
  facet normal 0 0 1
    outer loop
      vertex 105 21 128
      vertex 108.16834645257258 19.667334976685492 128
      vertex 108.33337086143975 19.691814035342734 128
    endloop
  endfacet
  facet normal 0 0 1
    outer loop
      vertex 105 21 128
      vertex 108.33337086143975 19.691814035342734 128
      vertex 108.5 19.7 128
    endloop
  endfacet
  facet normal 0 1 0
    outer loop
      vertex 105 21 124
      vertex 105 21 127.5
      vertex 112 21 124
    endloop
  endfacet
  facet normal 0 1 0
    outer loop
      vertex 105 21 127.5
      vertex 105 21 128
      vertex 112 21 124
    endloop
  endfacet
  facet normal 0 0 -1
    outer loop
      vertex 112 -21 124
      vertex 108.00651604866741 -19.626798570744754 124
      vertex 108.16834645257258 -19.667334976685492 124
    endloop
  endfacet
  facet normal 0 0 -1
    outer loop
      vertex 112 -21 124
      vertex 108.16834645257258 -19.667334976685492 124
      vertex 108.33337086143975 -19.691814035342734 124
    endloop
  endfacet
  facet normal 0 0 -1
    outer loop
      vertex 112 -21 124
      vertex 108.33337086143975 -19.691814035342734 124
      vertex 108.5 -19.7 124
    endloop
  endfacet
  facet normal 0 0 -1
    outer loop
      vertex 112 -21 124
      vertex 108.5 -19.7 124
      vertex 108.66662913856025 -19.691814035342734 124
    endloop
  endfacet
  facet normal 0 0 -1
    outer loop
      vertex 112 -21 124
      vertex 108.66662913856025 -19.691814035342734 124
      vertex 108.83165354742742 -19.667334976685492 124
    endloop
  endfacet
  facet normal 0 0 -1
    outer loop
      vertex 112 -21 124
      vertex 108.83165354742742 -19.667334976685492 124
      vertex 108.99348395133259 -19.626798570744754 124
    endloop
  endfacet
  facet normal 0 0 -1
    outer loop
      vertex 112 -21 124
      vertex 108.99348395133259 -19.626798570744754 124
      vertex 109.15056183502065 -19.570595205269186 124
    endloop
  endfacet
  facet normal 0 0 -1
    outer loop
      vertex 112 -21 124
      vertex 109.15056183502065 -19.570595205269186 124
      vertex 109.3013744526042 -19.499266149392202 124
    endloop
  endfacet
  facet normal 0 0 -1
    outer loop
      vertex 112 -21 124
      vertex 109.3013744526042 -19.499266149392202 124
      vertex 109.44446939613333 -19.413498340914327 124
    endloop
  endfacet
  facet normal 0 0 -1
    outer loop
      vertex 112 -21 124
      vertex 109.44446939613333 -19.413498340914327 124
      vertex 109.57846858307819 -19.314117770716653 124
    endloop
  endfacet
  facet normal 0 0 -1
    outer loop
      vertex 112 -21 124
      vertex 109.57846858307819 -19.314117770716653 124
      vertex 109.70208152801713 -19.202081528017132 124
    endloop
  endfacet
  facet normal 0 0 -1
    outer loop
      vertex 112 -21 124
      vertex 109.70208152801713 -19.202081528017132 124
      vertex 109.81411777071665 -19.078468583078198 124
    endloop
  endfacet
  facet normal 0 0 -1
    outer loop
      vertex 112 -21 124
      vertex 109.81411777071665 -19.078468583078198 124
      vertex 109.91349834091433 -18.944469396133325 124
    endloop
  endfacet
  facet normal 0 0 -1
    outer loop
      vertex 112 -21 124
      vertex 109.91349834091433 -18.944469396133325 124
      vertex 109.9992661493922 -18.801374452604197 124
    endloop
  endfacet
  facet normal 0 0 -1
    outer loop
      vertex 112 -21 124
      vertex 109.9992661493922 -18.801374452604197 124
      vertex 110.07059520526919 -18.650561835020653 124
    endloop
  endfacet
  facet normal 0 0 -1
    outer loop
      vertex 112 -21 124
      vertex 110.07059520526919 -18.650561835020653 124
      vertex 110.12679857074475 -18.493483951332585 124
    endloop
  endfacet
  facet normal 0 0 -1
    outer loop
      vertex 112 -21 124
      vertex 110.12679857074475 -18.493483951332585 124
      vertex 110.1673349766855 -18.33165354742742 124
    endloop
  endfacet
  facet normal 0 0 -1
    outer loop
      vertex 112 -21 124
      vertex 110.1673349766855 -18.33165354742742 124
      vertex 110.19181403534273 -18.166629138560253 124
    endloop
  endfacet
  facet normal 0 0 -1
    outer loop
      vertex 112 -21 124
      vertex 110.19181403534273 -18.166629138560253 124
      vertex 110.2 -18 124
    endloop
  endfacet
  facet normal 0 0 -1
    outer loop
      vertex 112 -21 124
      vertex 110.2 -18 124
      vertex 110.19181403534273 -17.833370861439747 124
    endloop
  endfacet
  facet normal 0 -1 0
    outer loop
      vertex 105 -21 127.5
      vertex 120 -21 126
      vertex 105 -21 128
    endloop
  endfacet
  facet normal 0 0 -1
    outer loop
      vertex 112 -16 124
      vertex 110.19181403534273 -17.833370861439747 124
      vertex 110.1673349766855 -17.66834645257258 124
    endloop
  endfacet
  facet normal 0 0 -1
    outer loop
      vertex 112 -16 124
      vertex 110.1673349766855 -17.66834645257258 124
      vertex 110.12679857074475 -17.506516048667415 124
    endloop
  endfacet
  facet normal 0 0 -1
    outer loop
      vertex 112 -16 124
      vertex 110.12679857074475 -17.506516048667415 124
      vertex 110.07059520526919 -17.349438164979347 124
    endloop
  endfacet
  facet normal 0 0 -1
    outer loop
      vertex 112 -16 124
      vertex 109.57846858307819 -16.685882229283347 124
      vertex 109.48659516433896 -16.61774425808752 124
    endloop
  endfacet
  facet normal 0 0 -1
    outer loop
      vertex 112 -16 124
      vertex 109.70208152801713 -16.797918471982868 124
      vertex 109.57846858307819 -16.685882229283347 124
    endloop
  endfacet
  facet normal 0 0 -1
    outer loop
      vertex 112 -16 124
      vertex 109.81411777071665 -16.921531416921802 124
      vertex 109.70208152801713 -16.797918471982868 124
    endloop
  endfacet
  facet normal 0 0 -1
    outer loop
      vertex 112 -16 124
      vertex 109.91349834091433 -17.055530603866675 124
      vertex 109.81411777071665 -16.921531416921802 124
    endloop
  endfacet
  facet normal 0 0 -1
    outer loop
      vertex 112 -16 124
      vertex 110.07059520526919 -17.349438164979347 124
      vertex 109.9992661493922 -17.198625547395803 124
    endloop
  endfacet
  facet normal 0 0 -1
    outer loop
      vertex 112 -16 124
      vertex 109.9992661493922 -17.198625547395803 124
      vertex 109.91349834091433 -17.055530603866675 124
    endloop
  endfacet
  facet normal 0 0 -1
    outer loop
      vertex 112 -16 124
      vertex 109.48659516433896 -16.61774425808752 124
      vertex 112 -14.162790697674417 124
    endloop
  endfacet
  facet normal 0 -1 0
    outer loop
      vertex 105 -21 127.5
      vertex 112 -21 124
      vertex 120 -21 124
    endloop
  endfacet
  facet normal 0 0 -1
    outer loop
      vertex 112 -21 124
      vertex 110.19181403534273 -17.833370861439747 124
      vertex 112 -16 124
    endloop
  endfacet
  facet normal 0 -1 0
    outer loop
      vertex 105 -21 127.5
      vertex 120 -21 124
      vertex 120 -21 126
    endloop
  endfacet
  facet normal 0 0 -1
    outer loop
      vertex 112 -16 124
      vertex 112 -14.162790697674417 124
      vertex 120 -16 124
    endloop
  endfacet
  facet normal 0 0 1
    outer loop
      vertex 108.5 -16.3 128
      vertex 108.66662913856025 -16.308185964657266 128
      vertex 119 -6 128
    endloop
  endfacet
  facet normal 0 0 1
    outer loop
      vertex 108.83165354742742 -16.332665023314508 128
      vertex 108.99348395133259 -16.373201429255246 128
      vertex 119 -6 128
    endloop
  endfacet
  facet normal 0 0 1
    outer loop
      vertex 108.66662913856025 -16.308185964657266 128
      vertex 108.83165354742742 -16.332665023314508 128
      vertex 119 -6 128
    endloop
  endfacet
  facet normal 0 0 1
    outer loop
      vertex 108.99348395133259 -16.373201429255246 128
      vertex 109.15056183502065 -16.429404794730814 128
      vertex 119 -6 128
    endloop
  endfacet
  facet normal 0 0 1
    outer loop
      vertex 109.15056183502065 -16.429404794730814 128
      vertex 109.3013744526042 -16.500733850607798 128
      vertex 119 -6 128
    endloop
  endfacet
  facet normal 0 0 1
    outer loop
      vertex 109.3013744526042 -16.500733850607798 128
      vertex 109.44446939613333 -16.586501659085673 128
      vertex 119 -6 128
    endloop
  endfacet
  facet normal 0 0 1
    outer loop
      vertex 109.57846858307819 -16.685882229283347 128
      vertex 109.70208152801713 -16.797918471982868 128
      vertex 119 -6 128
    endloop
  endfacet
  facet normal 0 0 1
    outer loop
      vertex 109.81411777071665 -16.921531416921802 128
      vertex 119 -6 128
      vertex 109.70208152801713 -16.797918471982868 128
    endloop
  endfacet
  facet normal 0 0 1
    outer loop
      vertex 109.44446939613333 -16.586501659085673 128
      vertex 109.57846858307819 -16.685882229283347 128
      vertex 119 -6 128
    endloop
  endfacet
  facet normal 0 0 -1
    outer loop
      vertex 105 13.263157894736842 124
      vertex 120 -16 124
      vertex 112 -14.162790697674417 124
    endloop
  endfacet
  facet normal 0 0 1
    outer loop
      vertex 108.5 -16.3 128
      vertex 119 -6 128
      vertex 119 6 128
    endloop
  endfacet
  facet normal 0 0 -1
    outer loop
      vertex 120 -16 124
      vertex 112 16 124
      vertex 119 -6 124
    endloop
  endfacet
  facet normal 0 0 1
    outer loop
      vertex 105 -21 128
      vertex 143.84943816497935 -19.570595205269186 128
      vertex 108.5 -19.7 128
    endloop
  endfacet
  facet normal 0 0 1
    outer loop
      vertex 108.66662913856025 -19.691814035342734 128
      vertex 108.5 -19.7 128
      vertex 143.84943816497935 -19.570595205269186 128
    endloop
  endfacet
  facet normal 0 0 1
    outer loop
      vertex 108.83165354742742 -19.667334976685492 128
      vertex 108.66662913856025 -19.691814035342734 128
      vertex 143.84943816497935 -19.570595205269186 128
    endloop
  endfacet
  facet normal 0 0 1
    outer loop
      vertex 108.99348395133259 -19.626798570744754 128
      vertex 108.83165354742742 -19.667334976685492 128
      vertex 143.84943816497935 -19.570595205269186 128
    endloop
  endfacet
  facet normal 0 0 1
    outer loop
      vertex 109.15056183502065 -19.570595205269186 128
      vertex 108.99348395133259 -19.626798570744754 128
      vertex 143.84943816497935 -19.570595205269186 128
    endloop
  endfacet
  facet normal 0 0 1
    outer loop
      vertex 109.3013744526042 -19.499266149392202 128
      vertex 109.15056183502065 -19.570595205269186 128
      vertex 143.6986255473958 -19.499266149392202 128
    endloop
  endfacet
  facet normal 0 0 1
    outer loop
      vertex 109.57846858307819 -19.314117770716653 128
      vertex 109.44446939613333 -19.413498340914327 128
      vertex 143.4215314169218 -19.314117770716653 128
    endloop
  endfacet
  facet normal 0 0 1
    outer loop
      vertex 109.44446939613333 -19.413498340914327 128
      vertex 109.3013744526042 -19.499266149392202 128
      vertex 143.55553060386669 -19.413498340914327 128
    endloop
  endfacet
  facet normal 0 0 1
    outer loop
      vertex 109.70208152801713 -19.202081528017132 128
      vertex 109.57846858307819 -19.314117770716653 128
      vertex 143.29791847198288 -19.202081528017132 128
    endloop
  endfacet
  facet normal 0 0 1
    outer loop
      vertex 109.70208152801713 -19.202081528017132 128
      vertex 143.18588222928335 -19.078468583078198 128
      vertex 109.81411777071665 -19.078468583078198 128
    endloop
  endfacet
  facet normal 0 0 1
    outer loop
      vertex 109.91349834091433 -18.944469396133325 128
      vertex 109.81411777071665 -19.078468583078198 128
      vertex 143.08650165908568 -18.944469396133325 128
    endloop
  endfacet
  facet normal 0 0 1
    outer loop
      vertex 109.91349834091433 -18.944469396133325 128
      vertex 143.0007338506078 -18.801374452604197 128
      vertex 109.9992661493922 -18.801374452604197 128
    endloop
  endfacet
  facet normal 0 0 1
    outer loop
      vertex 109.91349834091433 -17.055530603866675 128
      vertex 142.9294047947308 -17.349438164979347 128
      vertex 109.81411777071665 -16.921531416921802 128
    endloop
  endfacet
  facet normal 0 0 1
    outer loop
      vertex 109.9992661493922 -18.801374452604197 128
      vertex 142.9294047947308 -18.650561835020653 128
      vertex 110.07059520526919 -18.650561835020653 128
    endloop
  endfacet
  facet normal 0 0 1
    outer loop
      vertex 110.07059520526919 -18.650561835020653 128
      vertex 142.87320142925523 -18.493483951332585 128
      vertex 110.12679857074475 -18.493483951332585 128
    endloop
  endfacet
  facet normal 0 0 1
    outer loop
      vertex 110.12679857074475 -18.493483951332585 128
      vertex 142.80818596465727 -18.166629138560253 128
      vertex 110.1673349766855 -18.33165354742742 128
    endloop
  endfacet
  facet normal 0 0 1
    outer loop
      vertex 110.1673349766855 -18.33165354742742 128
      vertex 142.8 -18 128
      vertex 110.19181403534273 -18.166629138560253 128
    endloop
  endfacet
  facet normal 0 0 1
    outer loop
      vertex 110.19181403534273 -17.833370861439747 128
      vertex 142.8 -18 128
      vertex 110.1673349766855 -17.66834645257258 128
    endloop
  endfacet
  facet normal 0 0 1
    outer loop
      vertex 110.19181403534273 -18.166629138560253 128
      vertex 142.8 -18 128
      vertex 110.2 -18 128
    endloop
  endfacet
  facet normal 0 0 1
    outer loop
      vertex 110.2 -18 128
      vertex 142.8 -18 128
      vertex 110.19181403534273 -17.833370861439747 128
    endloop
  endfacet
  facet normal 0 0 1
    outer loop
      vertex 110.1673349766855 -17.66834645257258 128
      vertex 142.80818596465727 -17.833370861439747 128
      vertex 110.12679857074475 -17.506516048667415 128
    endloop
  endfacet
  facet normal 0 0 1
    outer loop
      vertex 110.12679857074475 -17.506516048667415 128
      vertex 142.80818596465727 -17.833370861439747 128
      vertex 110.07059520526919 -17.349438164979347 128
    endloop
  endfacet
  facet normal 0 0 1
    outer loop
      vertex 109.9992661493922 -17.198625547395803 128
      vertex 142.9294047947308 -17.349438164979347 128
      vertex 109.91349834091433 -17.055530603866675 128
    endloop
  endfacet
  facet normal 0 0 1
    outer loop
      vertex 110.07059520526919 -17.349438164979347 128
      vertex 142.9294047947308 -17.349438164979347 128
      vertex 109.9992661493922 -17.198625547395803 128
    endloop
  endfacet
  facet normal 0 -1 0
    outer loop
      vertex 105 -21 128
      vertex 120 -21 126
      vertex 148 -21 128
    endloop
  endfacet
  facet normal 0 0 -1
    outer loop
      vertex 120 -16 124
      vertex 119 -6 124
      vertex 120 -6 124
    endloop
  endfacet
  facet normal 0 0 1
    outer loop
      vertex 109.81411777071665 -16.921531416921802 128
      vertex 142.9294047947308 -17.349438164979347 128
      vertex 119 -6 128
    endloop
  endfacet
  facet normal 0 0 1
    outer loop
      vertex 105 -21 128
      vertex 144.0065160486674 -19.626798570744754 128
      vertex 143.84943816497935 -19.570595205269186 128
    endloop
  endfacet
  facet normal 0 0 1
    outer loop
      vertex 105 -21 128
      vertex 144.1683464525726 -19.667334976685492 128
      vertex 144.0065160486674 -19.626798570744754 128
    endloop
  endfacet
  facet normal 0 0 1
    outer loop
      vertex 105 -21 128
      vertex 144.33337086143976 -19.691814035342734 128
      vertex 144.1683464525726 -19.667334976685492 128
    endloop
  endfacet
  facet normal 0 0 1
    outer loop
      vertex 105 -21 128
      vertex 144.5 -19.7 128
      vertex 144.33337086143976 -19.691814035342734 128
    endloop
  endfacet
  facet normal 0 0 1
    outer loop
      vertex 109.81411777071665 -19.078468583078198 128
      vertex 143.18588222928335 -19.078468583078198 128
      vertex 143.08650165908568 -18.944469396133325 128
    endloop
  endfacet
  facet normal 0 0 1
    outer loop
      vertex 109.91349834091433 -18.944469396133325 128
      vertex 143.08650165908568 -18.944469396133325 128
      vertex 143.0007338506078 -18.801374452604197 128
    endloop
  endfacet
  facet normal 0 0 1
    outer loop
      vertex 109.9992661493922 -18.801374452604197 128
      vertex 143.0007338506078 -18.801374452604197 128
      vertex 142.9294047947308 -18.650561835020653 128
    endloop
  endfacet
  facet normal 0 0 1
    outer loop
      vertex 109.3013744526042 -19.499266149392202 128
      vertex 143.6986255473958 -19.499266149392202 128
      vertex 143.55553060386669 -19.413498340914327 128
    endloop
  endfacet
  facet normal 0 0 1
    outer loop
      vertex 109.57846858307819 -19.314117770716653 128
      vertex 143.4215314169218 -19.314117770716653 128
      vertex 143.29791847198288 -19.202081528017132 128
    endloop
  endfacet
  facet normal 0 0 1
    outer loop
      vertex 109.44446939613333 -19.413498340914327 128
      vertex 143.55553060386669 -19.413498340914327 128
      vertex 143.4215314169218 -19.314117770716653 128
    endloop
  endfacet
  facet normal 0 0 1
    outer loop
      vertex 109.15056183502065 -19.570595205269186 128
      vertex 143.84943816497935 -19.570595205269186 128
      vertex 143.6986255473958 -19.499266149392202 128
    endloop
  endfacet
  facet normal 0 0 1
    outer loop
      vertex 109.70208152801713 -19.202081528017132 128
      vertex 143.29791847198288 -19.202081528017132 128
      vertex 143.18588222928335 -19.078468583078198 128
    endloop
  endfacet
  facet normal 0 0 1
    outer loop
      vertex 105 -21 128
      vertex 148 -21 128
      vertex 144.5 -19.7 128
    endloop
  endfacet
  facet normal 0 -1 0
    outer loop
      vertex 120 -21 126
      vertex 134 -21 126
      vertex 148 -21 128
    endloop
  endfacet
  facet normal 0 0 1
    outer loop
      vertex 110.07059520526919 -18.650561835020653 128
      vertex 142.9294047947308 -18.650561835020653 128
      vertex 142.87320142925523 -18.493483951332585 128
    endloop
  endfacet
  facet normal 0 0 1
    outer loop
      vertex 110.12679857074475 -18.493483951332585 128
      vertex 142.87320142925523 -18.493483951332585 128
      vertex 142.83266502331452 -18.33165354742742 128
    endloop
  endfacet
  facet normal 0 0 1
    outer loop
      vertex 110.12679857074475 -18.493483951332585 128
      vertex 142.83266502331452 -18.33165354742742 128
      vertex 142.80818596465727 -18.166629138560253 128
    endloop
  endfacet
  facet normal 0 0 1
    outer loop
      vertex 110.1673349766855 -18.33165354742742 128
      vertex 142.80818596465727 -18.166629138560253 128
      vertex 142.8 -18 128
    endloop
  endfacet
  facet normal 0 0 1
    outer loop
      vertex 110.1673349766855 -17.66834645257258 128
      vertex 142.8 -18 128
      vertex 142.80818596465727 -17.833370861439747 128
    endloop
  endfacet
  facet normal 0 0 1
    outer loop
      vertex 110.07059520526919 -17.349438164979347 128
      vertex 142.80818596465727 -17.833370861439747 128
      vertex 142.83266502331452 -17.66834645257258 128
    endloop
  endfacet
  facet normal 0 0 1
    outer loop
      vertex 110.07059520526919 -17.349438164979347 128
      vertex 142.83266502331452 -17.66834645257258 128
      vertex 142.87320142925523 -17.506516048667415 128
    endloop
  endfacet
  facet normal 0 0 1
    outer loop
      vertex 110.07059520526919 -17.349438164979347 128
      vertex 142.87320142925523 -17.506516048667415 128
      vertex 142.9294047947308 -17.349438164979347 128
    endloop
  endfacet
  facet normal 0 0 -1
    outer loop
      vertex 134.28571428571428 -21 124
      vertex 134.28571428571428 -16 124
      vertex 138 -16 124
    endloop
  endfacet
  facet normal 0 0 -1
    outer loop
      vertex 134.28571428571428 -21 124
      vertex 138 -16 124
      vertex 143.75743693050853 -21 124
    endloop
  endfacet
  facet normal 0 -1 0
    outer loop
      vertex 134.28571428571428 -21 124
      vertex 148 -21 128
      vertex 134 -21 126
    endloop
  endfacet
  facet normal 0 0 1
    outer loop
      vertex 134 -6 128
      vertex 119 -6 128
      vertex 142.9294047947308 -17.349438164979347 128
    endloop
  endfacet
  facet normal 0 0 1
    outer loop
      vertex 144.5 -16.3 128
      vertex 134 6 128
      vertex 134 -6 128
    endloop
  endfacet
  facet normal 0 0 -1
    outer loop
      vertex 138 -16 124
      vertex 143.55553060386669 -19.413498340914327 124
      vertex 143.75743693050853 -21 124
    endloop
  endfacet
  facet normal 0 -1 0
    outer loop
      vertex 134.28571428571428 -21 124
      vertex 143.75743693050853 -21 124
      vertex 145.12782962528158 -21 126.68954709942906
    endloop
  endfacet
  facet normal 0 0 -1
    outer loop
      vertex 138 -16 124
      vertex 142.87320142925523 -18.493483951332585 124
      vertex 142.9294047947308 -18.650561835020653 124
    endloop
  endfacet
  facet normal 0 0 -1
    outer loop
      vertex 138 -16 124
      vertex 142.83266502331452 -18.33165354742742 124
      vertex 142.87320142925523 -18.493483951332585 124
    endloop
  endfacet
  facet normal 0 0 -1
    outer loop
      vertex 138 -16 124
      vertex 142.80818596465727 -18.166629138560253 124
      vertex 142.83266502331452 -18.33165354742742 124
    endloop
  endfacet
  facet normal 0 0 -1
    outer loop
      vertex 138 -16 124
      vertex 142.8 -18 124
      vertex 142.80818596465727 -18.166629138560253 124
    endloop
  endfacet
  facet normal 0 0 -1
    outer loop
      vertex 138 -16 124
      vertex 142.80818596465727 -17.833370861439747 124
      vertex 142.8 -18 124
    endloop
  endfacet
  facet normal 0 0 -1
    outer loop
      vertex 138 -16 124
      vertex 142.83266502331452 -17.66834645257258 124
      vertex 142.80818596465727 -17.833370861439747 124
    endloop
  endfacet
  facet normal 0 0 -1
    outer loop
      vertex 138 -16 124
      vertex 142.87320142925523 -17.506516048667415 124
      vertex 142.83266502331452 -17.66834645257258 124
    endloop
  endfacet
  facet normal 0 0 -1
    outer loop
      vertex 138 -16 124
      vertex 142.9294047947308 -17.349438164979347 124
      vertex 142.87320142925523 -17.506516048667415 124
    endloop
  endfacet
  facet normal 0 0 -1
    outer loop
      vertex 138 -16 124
      vertex 143.0007338506078 -18.801374452604197 124
      vertex 143.08650165908568 -18.944469396133325 124
    endloop
  endfacet
  facet normal 0 0 -1
    outer loop
      vertex 138 -16 124
      vertex 142.9294047947308 -18.650561835020653 124
      vertex 143.0007338506078 -18.801374452604197 124
    endloop
  endfacet
  facet normal 0 0 -1
    outer loop
      vertex 138 -16 124
      vertex 143.08650165908568 -18.944469396133325 124
      vertex 143.18588222928335 -19.078468583078198 124
    endloop
  endfacet
  facet normal 0 0 -1
    outer loop
      vertex 138 -16 124
      vertex 143.18588222928335 -19.078468583078198 124
      vertex 143.29791847198288 -19.202081528017132 124
    endloop
  endfacet
  facet normal 0 0 -1
    outer loop
      vertex 138 -16 124
      vertex 143.29791847198288 -19.202081528017132 124
      vertex 143.4215314169218 -19.314117770716653 124
    endloop
  endfacet
  facet normal 0 0 -1
    outer loop
      vertex 138 -16 124
      vertex 143.4215314169218 -19.314117770716653 124
      vertex 143.55553060386669 -19.413498340914327 124
    endloop
  endfacet
  facet normal 0 0 -1
    outer loop
      vertex 138 -16 124
      vertex 143.0007338506078 -17.198625547395803 124
      vertex 142.9294047947308 -17.349438164979347 124
    endloop
  endfacet
  facet normal 0 0 -1
    outer loop
      vertex 138 -16 124
      vertex 143.08650165908568 -17.055530603866675 124
      vertex 143.0007338506078 -17.198625547395803 124
    endloop
  endfacet
  facet normal 0 0 -1
    outer loop
      vertex 143.75743693050853 -21 124
      vertex 143.55553060386669 -19.413498340914327 124
      vertex 143.6986255473958 -19.499266149392202 124
    endloop
  endfacet
  facet normal 0 0 -1
    outer loop
      vertex 143.75743693050853 -21 124
      vertex 143.6986255473958 -19.499266149392202 124
      vertex 143.75743693050853 -19.527081862025973 124
    endloop
  endfacet
  facet normal 0 -1 0
    outer loop
      vertex 134.28571428571428 -21 124
      vertex 145.12782962528158 -21 126.68954709942906
      vertex 148 -21 128
    endloop
  endfacet
  facet normal 0 0 1
    outer loop
      vertex 148 -21 128
      vertex 144.66662913856024 -19.691814035342734 128
      vertex 144.5 -19.7 128
    endloop
  endfacet
  facet normal 0 0 1
    outer loop
      vertex 148 -21 128
      vertex 144.8316535474274 -19.667334976685492 128
      vertex 144.66662913856024 -19.691814035342734 128
    endloop
  endfacet
  facet normal 0 0 1
    outer loop
      vertex 148 -21 128
      vertex 144.9934839513326 -19.626798570744754 128
      vertex 144.8316535474274 -19.667334976685492 128
    endloop
  endfacet
  facet normal 0 0 1
    outer loop
      vertex 148 -21 128
      vertex 145.15056183502065 -19.570595205269186 128
      vertex 144.9934839513326 -19.626798570744754 128
    endloop
  endfacet
  facet normal 0 0 1
    outer loop
      vertex 148 -21 128
      vertex 145.3013744526042 -19.499266149392202 128
      vertex 145.15056183502065 -19.570595205269186 128
    endloop
  endfacet
  facet normal 0 0 1
    outer loop
      vertex 148 -21 128
      vertex 145.44446939613331 -19.413498340914327 128
      vertex 145.3013744526042 -19.499266149392202 128
    endloop
  endfacet
  facet normal 0 0 1
    outer loop
      vertex 148 -21 128
      vertex 145.5784685830782 -19.314117770716653 128
      vertex 145.44446939613331 -19.413498340914327 128
    endloop
  endfacet
  facet normal 0 0 1
    outer loop
      vertex 148 -21 128
      vertex 145.70208152801712 -19.202081528017132 128
      vertex 145.5784685830782 -19.314117770716653 128
    endloop
  endfacet
  facet normal 0 0 1
    outer loop
      vertex 148 -21 128
      vertex 145.81411777071665 -19.078468583078198 128
      vertex 145.70208152801712 -19.202081528017132 128
    endloop
  endfacet
  facet normal 0 0 1
    outer loop
      vertex 148 -21 128
      vertex 145.91349834091432 -18.944469396133325 128
      vertex 145.81411777071665 -19.078468583078198 128
    endloop
  endfacet
  facet normal 0 0 1
    outer loop
      vertex 148 -21 128
      vertex 145.9992661493922 -18.801374452604197 128
      vertex 145.91349834091432 -18.944469396133325 128
    endloop
  endfacet
  facet normal 0 0 1
    outer loop
      vertex 148 -21 128
      vertex 146.0705952052692 -18.650561835020653 128
      vertex 145.9992661493922 -18.801374452604197 128
    endloop
  endfacet
  facet normal 0 0 1
    outer loop
      vertex 148 -21 128
      vertex 146.12679857074477 -18.493483951332585 128
      vertex 146.0705952052692 -18.650561835020653 128
    endloop
  endfacet
  facet normal 0 0 1
    outer loop
      vertex 148 -21 128
      vertex 146.16733497668548 -18.33165354742742 128
      vertex 146.12679857074477 -18.493483951332585 128
    endloop
  endfacet
  facet normal 0 0 1
    outer loop
      vertex 148 -21 128
      vertex 146.19181403534273 -18.166629138560253 128
      vertex 146.16733497668548 -18.33165354742742 128
    endloop
  endfacet
  facet normal 0 0 1
    outer loop
      vertex 148 -21 128
      vertex 146.2 -18 128
      vertex 146.19181403534273 -18.166629138560253 128
    endloop
  endfacet
  facet normal 0 0 1
    outer loop
      vertex 148 -21 128
      vertex 146.19181403534273 -17.833370861439747 128
      vertex 146.2 -18 128
    endloop
  endfacet
  facet normal 0 -1 0
    outer loop
      vertex 145.12782962528158 -21 126.68954709942906
      vertex 148 -21 125.22610319822608
      vertex 148 -21 128
    endloop
  endfacet
  facet normal 0 0 1
    outer loop
      vertex 134 -6 128
      vertex 142.9294047947308 -17.349438164979347 128
      vertex 143.0007338506078 -17.198625547395803 128
    endloop
  endfacet
  facet normal 0 0 1
    outer loop
      vertex 134 -6 128
      vertex 143.0007338506078 -17.198625547395803 128
      vertex 143.08650165908568 -17.055530603866675 128
    endloop
  endfacet
  facet normal 0 0 1
    outer loop
      vertex 134 -6 128
      vertex 143.08650165908568 -17.055530603866675 128
      vertex 143.18588222928335 -16.921531416921802 128
    endloop
  endfacet
  facet normal 0 0 1
    outer loop
      vertex 134 -6 128
      vertex 143.18588222928335 -16.921531416921802 128
      vertex 143.29791847198288 -16.797918471982868 128
    endloop
  endfacet
  facet normal 0 0 1
    outer loop
      vertex 134 -6 128
      vertex 143.29791847198288 -16.797918471982868 128
      vertex 143.4215314169218 -16.685882229283347 128
    endloop
  endfacet
  facet normal 0 0 1
    outer loop
      vertex 134 -6 128
      vertex 143.4215314169218 -16.685882229283347 128
      vertex 143.55553060386669 -16.586501659085673 128
    endloop
  endfacet
  facet normal 0 0 1
    outer loop
      vertex 134 -6 128
      vertex 143.55553060386669 -16.586501659085673 128
      vertex 143.6986255473958 -16.500733850607798 128
    endloop
  endfacet
  facet normal 0 0 1
    outer loop
      vertex 134 -6 128
      vertex 143.6986255473958 -16.500733850607798 128
      vertex 143.84943816497935 -16.429404794730814 128
    endloop
  endfacet
  facet normal 0 0 1
    outer loop
      vertex 134 -6 128
      vertex 143.84943816497935 -16.429404794730814 128
      vertex 144.0065160486674 -16.373201429255246 128
    endloop
  endfacet
  facet normal 0 0 1
    outer loop
      vertex 134 -6 128
      vertex 144.0065160486674 -16.373201429255246 128
      vertex 144.1683464525726 -16.332665023314508 128
    endloop
  endfacet
  facet normal 0 0 1
    outer loop
      vertex 134 -6 128
      vertex 144.1683464525726 -16.332665023314508 128
      vertex 144.33337086143976 -16.308185964657266 128
    endloop
  endfacet
  facet normal 0 0 1
    outer loop
      vertex 134 -6 128
      vertex 144.33337086143976 -16.308185964657266 128
      vertex 144.5 -16.3 128
    endloop
  endfacet
  facet normal 0 0 1
    outer loop
      vertex 144.5 -16.3 128
      vertex 144.66662913856024 -16.308185964657266 128
      vertex 134 6 128
    endloop
  endfacet
  facet normal 0 0 1
    outer loop
      vertex 144.66662913856024 -16.308185964657266 128
      vertex 144.8316535474274 -16.332665023314508 128
      vertex 134 6 128
    endloop
  endfacet
  facet normal 0 0 1
    outer loop
      vertex 144.8316535474274 -16.332665023314508 128
      vertex 144.9934839513326 -16.373201429255246 128
      vertex 134 6 128
    endloop
  endfacet
  facet normal 0 0 1
    outer loop
      vertex 144.9934839513326 -16.373201429255246 128
      vertex 145.15056183502065 -16.429404794730814 128
      vertex 134 6 128
    endloop
  endfacet
  facet normal 0 0 1
    outer loop
      vertex 145.15056183502065 -16.429404794730814 128
      vertex 145.3013744526042 -16.500733850607798 128
      vertex 134 6 128
    endloop
  endfacet
  facet normal 0 0 1
    outer loop
      vertex 145.3013744526042 -16.500733850607798 128
      vertex 145.44446939613331 -16.586501659085673 128
      vertex 134 6 128
    endloop
  endfacet
  facet normal 0 0 -1
    outer loop
      vertex 138 -16 124
      vertex 138 16 124
      vertex 143.08650165908568 -17.055530603866675 124
    endloop
  endfacet
  facet normal 0 0 -1
    outer loop
      vertex 138 16 124
      vertex 143.18588222928335 -16.921531416921802 124
      vertex 143.08650165908568 -17.055530603866675 124
    endloop
  endfacet
  facet normal 0 0 -1
    outer loop
      vertex 138 16 124
      vertex 143.29791847198288 -16.797918471982868 124
      vertex 143.18588222928335 -16.921531416921802 124
    endloop
  endfacet
  facet normal 0 0 -1
    outer loop
      vertex 138 16 124
      vertex 143.4215314169218 -16.685882229283347 124
      vertex 143.29791847198288 -16.797918471982868 124
    endloop
  endfacet
  facet normal 0 0 -1
    outer loop
      vertex 138 16 124
      vertex 143.55553060386669 -16.586501659085673 124
      vertex 143.4215314169218 -16.685882229283347 124
    endloop
  endfacet
  facet normal 0 0 -1
    outer loop
      vertex 138 16 124
      vertex 143.6986255473958 -16.500733850607798 124
      vertex 143.55553060386669 -16.586501659085673 124
    endloop
  endfacet
  facet normal 0 0 -1
    outer loop
      vertex 138 16 124
      vertex 143.75743693050853 -16.472918137974027 124
      vertex 143.6986255473958 -16.500733850607798 124
    endloop
  endfacet
  facet normal 0 0 1
    outer loop
      vertex 145.91349834091432 -17.055530603866675 128
      vertex 143.08650165908568 17.055530603866675 128
      vertex 145.81411777071665 -16.921531416921802 128
    endloop
  endfacet
  facet normal 0 0 1
    outer loop
      vertex 146.12679857074477 -17.506516048667415 128
      vertex 143.08650165908568 17.055530603866675 128
      vertex 146.0705952052692 -17.349438164979347 128
    endloop
  endfacet
  facet normal 0 0 1
    outer loop
      vertex 145.9992661493922 -17.198625547395803 128
      vertex 143.08650165908568 17.055530603866675 128
      vertex 145.91349834091432 -17.055530603866675 128
    endloop
  endfacet
  facet normal 0 0 1
    outer loop
      vertex 146.0705952052692 -17.349438164979347 128
      vertex 143.08650165908568 17.055530603866675 128
      vertex 145.9992661493922 -17.198625547395803 128
    endloop
  endfacet
  facet normal 0 0 1
    outer loop
      vertex 146.19181403534273 -17.833370861439747 128
      vertex 143.08650165908568 17.055530603866675 128
      vertex 146.16733497668548 -17.66834645257258 128
    endloop
  endfacet
  facet normal 0 0 1
    outer loop
      vertex 146.16733497668548 -17.66834645257258 128
      vertex 143.08650165908568 17.055530603866675 128
      vertex 146.12679857074477 -17.506516048667415 128
    endloop
  endfacet
  facet normal 0 0 1
    outer loop
      vertex 145.44446939613331 -16.586501659085673 128
      vertex 145.5784685830782 -16.685882229283347 128
      vertex 143.08650165908568 17.055530603866675 128
    endloop
  endfacet
  facet normal 0 0 1
    outer loop
      vertex 145.5784685830782 -16.685882229283347 128
      vertex 145.70208152801712 -16.797918471982868 128
      vertex 143.08650165908568 17.055530603866675 128
    endloop
  endfacet
  facet normal 0 0 1
    outer loop
      vertex 145.81411777071665 -16.921531416921802 128
      vertex 143.08650165908568 17.055530603866675 128
      vertex 145.70208152801712 -16.797918471982868 128
    endloop
  endfacet
  facet normal 0 0 1
    outer loop
      vertex 148 -21 128
      vertex 143.08650165908568 17.055530603866675 128
      vertex 146.19181403534273 -17.833370861439747 128
    endloop
  endfacet
  facet normal 1 0 0
    outer loop
      vertex 148 -21 125.22610319822608
      vertex 148 21 125.22610319822608
      vertex 148 -21 128
    endloop
  endfacet
  facet normal 0 0 1
    outer loop
      vertex 108.5 -16.3 128
      vertex 119 6 128
      vertex 108.5 16.3 128
    endloop
  endfacet
  facet normal 0 0 -1
    outer loop
      vertex 105 13.263157894736842 124
      vertex 112 16 124
      vertex 120 -16 124
    endloop
  endfacet
  facet normal 0 0 1
    outer loop
      vertex 108.66662913856025 16.308185964657266 128
      vertex 108.5 16.3 128
      vertex 119 6 128
    endloop
  endfacet
  facet normal 0 0 1
    outer loop
      vertex 108.83165354742742 16.332665023314508 128
      vertex 108.66662913856025 16.308185964657266 128
      vertex 119 6 128
    endloop
  endfacet
  facet normal 0 0 1
    outer loop
      vertex 108.99348395133259 16.373201429255246 128
      vertex 108.83165354742742 16.332665023314508 128
      vertex 119 6 128
    endloop
  endfacet
  facet normal 0 0 1
    outer loop
      vertex 109.15056183502065 16.429404794730814 128
      vertex 108.99348395133259 16.373201429255246 128
      vertex 119 6 128
    endloop
  endfacet
  facet normal 0 0 1
    outer loop
      vertex 109.3013744526042 16.500733850607798 128
      vertex 109.15056183502065 16.429404794730814 128
      vertex 119 6 128
    endloop
  endfacet
  facet normal 0 0 1
    outer loop
      vertex 109.44446939613333 16.586501659085673 128
      vertex 109.3013744526042 16.500733850607798 128
      vertex 119 6 128
    endloop
  endfacet
  facet normal 0 0 1
    outer loop
      vertex 119 6 128
      vertex 109.57846858307819 16.685882229283347 128
      vertex 109.44446939613333 16.586501659085673 128
    endloop
  endfacet
  facet normal 0 0 1
    outer loop
      vertex 119 6 128
      vertex 109.70208152801713 16.797918471982868 128
      vertex 109.57846858307819 16.685882229283347 128
    endloop
  endfacet
  facet normal 0 0 1
    outer loop
      vertex 119 6 128
      vertex 109.81411777071665 16.921531416921802 128
      vertex 109.70208152801713 16.797918471982868 128
    endloop
  endfacet
  facet normal 0 0 1
    outer loop
      vertex 119 6 128
      vertex 109.91349834091433 17.055530603866675 128
      vertex 109.81411777071665 16.921531416921802 128
    endloop
  endfacet
  facet normal 0 0 1
    outer loop
      vertex 119 6 128
      vertex 109.9992661493922 17.198625547395803 128
      vertex 109.91349834091433 17.055530603866675 128
    endloop
  endfacet
  facet normal 0 0 1
    outer loop
      vertex 119 6 128
      vertex 110.07059520526919 17.349438164979347 128
      vertex 109.9992661493922 17.198625547395803 128
    endloop
  endfacet
  facet normal 0 0 1
    outer loop
      vertex 119 6 128
      vertex 110.12679857074475 17.506516048667415 128
      vertex 110.07059520526919 17.349438164979347 128
    endloop
  endfacet
  facet normal 0 0 1
    outer loop
      vertex 119 6 128
      vertex 110.1673349766855 17.66834645257258 128
      vertex 110.12679857074475 17.506516048667415 128
    endloop
  endfacet
  facet normal 0 0 1
    outer loop
      vertex 119 6 128
      vertex 110.19181403534273 17.833370861439747 128
      vertex 110.1673349766855 17.66834645257258 128
    endloop
  endfacet
  facet normal 0 0 -1
    outer loop
      vertex 112 16 124
      vertex 119 6 124
      vertex 119 -6 124
    endloop
  endfacet
  facet normal 0 0 -1
    outer loop
      vertex 112 16 124
      vertex 120 16 124
      vertex 119 6 124
    endloop
  endfacet
  facet normal 0 0 1
    outer loop
      vertex 110.19181403534273 17.833370861439747 128
      vertex 134 6 128
      vertex 110.2 18 128
    endloop
  endfacet
  facet normal 0 0 1
    outer loop
      vertex 110.2 18 128
      vertex 134 6 128
      vertex 110.19181403534273 18.166629138560253 128
    endloop
  endfacet
  facet normal 0 0 1
    outer loop
      vertex 110.07059520526919 18.650561835020653 128
      vertex 134 6 128
      vertex 109.9992661493922 18.801374452604197 128
    endloop
  endfacet
  facet normal 0 0 1
    outer loop
      vertex 109.9992661493922 18.801374452604197 128
      vertex 134 6 128
      vertex 109.91349834091433 18.944469396133325 128
    endloop
  endfacet
  facet normal 0 0 1
    outer loop
      vertex 110.1673349766855 18.33165354742742 128
      vertex 134 6 128
      vertex 110.12679857074475 18.493483951332585 128
    endloop
  endfacet
  facet normal 0 0 1
    outer loop
      vertex 110.19181403534273 18.166629138560253 128
      vertex 134 6 128
      vertex 110.1673349766855 18.33165354742742 128
    endloop
  endfacet
  facet normal 0 0 1
    outer loop
      vertex 110.12679857074475 18.493483951332585 128
      vertex 134 6 128
      vertex 110.07059520526919 18.650561835020653 128
    endloop
  endfacet
  facet normal 0 0 -1
    outer loop
      vertex 105 13.263157894736842 124
      vertex 109.44446939613333 16.586501659085673 124
      vertex 112 16 124
    endloop
  endfacet
  facet normal 0 0 -1
    outer loop
      vertex 112 16 124
      vertex 109.44446939613333 16.586501659085673 124
      vertex 109.57846858307819 16.685882229283347 124
    endloop
  endfacet
  facet normal 0 0 -1
    outer loop
      vertex 112 16 124
      vertex 109.57846858307819 16.685882229283347 124
      vertex 109.70208152801713 16.797918471982868 124
    endloop
  endfacet
  facet normal 0 0 -1
    outer loop
      vertex 112 16 124
      vertex 109.70208152801713 16.797918471982868 124
      vertex 109.81411777071665 16.921531416921802 124
    endloop
  endfacet
  facet normal 0 0 -1
    outer loop
      vertex 112 16 124
      vertex 109.81411777071665 16.921531416921802 124
      vertex 109.91349834091433 17.055530603866675 124
    endloop
  endfacet
  facet normal 0 0 -1
    outer loop
      vertex 112 16 124
      vertex 109.91349834091433 17.055530603866675 124
      vertex 109.9992661493922 17.198625547395803 124
    endloop
  endfacet
  facet normal 0 0 -1
    outer loop
      vertex 112 16 124
      vertex 109.9992661493922 17.198625547395803 124
      vertex 110.07059520526919 17.349438164979347 124
    endloop
  endfacet
  facet normal 0 0 -1
    outer loop
      vertex 112 16 124
      vertex 110.07059520526919 17.349438164979347 124
      vertex 110.12679857074475 17.506516048667415 124
    endloop
  endfacet
  facet normal 0 0 -1
    outer loop
      vertex 112 16 124
      vertex 110.12679857074475 17.506516048667415 124
      vertex 110.1673349766855 17.66834645257258 124
    endloop
  endfacet
  facet normal 0 0 -1
    outer loop
      vertex 112 16 124
      vertex 110.1673349766855 17.66834645257258 124
      vertex 110.19181403534273 17.833370861439747 124
    endloop
  endfacet
  facet normal 0 0 -1
    outer loop
      vertex 112 21 124
      vertex 109.15056183502065 19.570595205269186 124
      vertex 108.99348395133259 19.626798570744754 124
    endloop
  endfacet
  facet normal 0 0 -1
    outer loop
      vertex 112 21 124
      vertex 109.91349834091433 18.944469396133325 124
      vertex 109.81411777071665 19.078468583078198 124
    endloop
  endfacet
  facet normal 0 0 -1
    outer loop
      vertex 112 21 124
      vertex 110.07059520526919 18.650561835020653 124
      vertex 109.9992661493922 18.801374452604197 124
    endloop
  endfacet
  facet normal 0 0 -1
    outer loop
      vertex 112 21 124
      vertex 109.9992661493922 18.801374452604197 124
      vertex 109.91349834091433 18.944469396133325 124
    endloop
  endfacet
  facet normal 0 0 -1
    outer loop
      vertex 112 21 124
      vertex 109.3013744526042 19.499266149392202 124
      vertex 109.15056183502065 19.570595205269186 124
    endloop
  endfacet
  facet normal 0 0 -1
    outer loop
      vertex 112 21 124
      vertex 109.57846858307819 19.314117770716653 124
      vertex 109.44446939613333 19.413498340914327 124
    endloop
  endfacet
  facet normal 0 0 -1
    outer loop
      vertex 112 21 124
      vertex 109.44446939613333 19.413498340914327 124
      vertex 109.3013744526042 19.499266149392202 124
    endloop
  endfacet
  facet normal 0 0 -1
    outer loop
      vertex 112 21 124
      vertex 109.70208152801713 19.202081528017132 124
      vertex 109.57846858307819 19.314117770716653 124
    endloop
  endfacet
  facet normal 0 0 -1
    outer loop
      vertex 112 21 124
      vertex 109.81411777071665 19.078468583078198 124
      vertex 109.70208152801713 19.202081528017132 124
    endloop
  endfacet
  facet normal 0 0 -1
    outer loop
      vertex 112 21 124
      vertex 110.19181403534273 17.833370861439747 124
      vertex 110.2 18 124
    endloop
  endfacet
  facet normal 0 0 -1
    outer loop
      vertex 112 21 124
      vertex 110.2 18 124
      vertex 110.19181403534273 18.166629138560253 124
    endloop
  endfacet
  facet normal 0 0 -1
    outer loop
      vertex 112 21 124
      vertex 110.19181403534273 18.166629138560253 124
      vertex 110.1673349766855 18.33165354742742 124
    endloop
  endfacet
  facet normal 0 0 -1
    outer loop
      vertex 112 21 124
      vertex 110.1673349766855 18.33165354742742 124
      vertex 110.12679857074475 18.493483951332585 124
    endloop
  endfacet
  facet normal 0 0 -1
    outer loop
      vertex 112 21 124
      vertex 110.12679857074475 18.493483951332585 124
      vertex 110.07059520526919 18.650561835020653 124
    endloop
  endfacet
  facet normal 0 0 -1
    outer loop
      vertex 112 16 124
      vertex 110.19181403534273 17.833370861439747 124
      vertex 112 21 124
    endloop
  endfacet
  facet normal 0 1 0
    outer loop
      vertex 105 21 128
      vertex 120 21 126
      vertex 112 21 124
    endloop
  endfacet
  facet normal 0 1 0
    outer loop
      vertex 112 21 124
      vertex 120 21 126
      vertex 120 21 124
    endloop
  endfacet
  facet normal 0 0 -1
    outer loop
      vertex 120 16 124
      vertex 120 6 124
      vertex 119 6 124
    endloop
  endfacet
  facet normal 0 0 1
    outer loop
      vertex 119 6 128
      vertex 134 6 128
      vertex 110.19181403534273 17.833370861439747 128
    endloop
  endfacet
  facet normal 0 0 1
    outer loop
      vertex 109.91349834091433 18.944469396133325 128
      vertex 134 6 128
      vertex 143.08650165908568 17.055530603866675 128
    endloop
  endfacet
  facet normal 0 1 0
    outer loop
      vertex 105 21 128
      vertex 134 21 126
      vertex 120 21 126
    endloop
  endfacet
  facet normal 0 0 1
    outer loop
      vertex 109.57846858307819 19.314117770716653 128
      vertex 109.70208152801713 19.202081528017132 128
      vertex 143.4215314169218 19.314117770716653 128
    endloop
  endfacet
  facet normal 0 0 1
    outer loop
      vertex 109.44446939613333 19.413498340914327 128
      vertex 109.57846858307819 19.314117770716653 128
      vertex 143.55553060386669 19.413498340914327 128
    endloop
  endfacet
  facet normal 0 0 1
    outer loop
      vertex 109.3013744526042 19.499266149392202 128
      vertex 109.44446939613333 19.413498340914327 128
      vertex 143.6986255473958 19.499266149392202 128
    endloop
  endfacet
  facet normal 0 0 1
    outer loop
      vertex 109.15056183502065 19.570595205269186 128
      vertex 109.3013744526042 19.499266149392202 128
      vertex 143.84943816497935 19.570595205269186 128
    endloop
  endfacet
  facet normal 0 0 1
    outer loop
      vertex 105 21 128
      vertex 108.5 19.7 128
      vertex 148 21 128
    endloop
  endfacet
  facet normal 0 0 1
    outer loop
      vertex 109.91349834091433 18.944469396133325 128
      vertex 143.18588222928335 19.078468583078198 128
      vertex 109.81411777071665 19.078468583078198 128
    endloop
  endfacet
  facet normal 0 0 1
    outer loop
      vertex 109.81411777071665 19.078468583078198 128
      vertex 143.29791847198288 19.202081528017132 128
      vertex 109.70208152801713 19.202081528017132 128
    endloop
  endfacet
  facet normal 0 0 1
    outer loop
      vertex 148 21 128
      vertex 108.5 19.7 128
      vertex 108.66662913856025 19.691814035342734 128
    endloop
  endfacet
  facet normal 0 0 1
    outer loop
      vertex 148 21 128
      vertex 108.66662913856025 19.691814035342734 128
      vertex 108.83165354742742 19.667334976685492 128
    endloop
  endfacet
  facet normal 0 0 1
    outer loop
      vertex 148 21 128
      vertex 108.83165354742742 19.667334976685492 128
      vertex 108.99348395133259 19.626798570744754 128
    endloop
  endfacet
  facet normal 0 0 1
    outer loop
      vertex 148 21 128
      vertex 108.99348395133259 19.626798570744754 128
      vertex 109.15056183502065 19.570595205269186 128
    endloop
  endfacet
  facet normal 0 1 0
    outer loop
      vertex 105 21 128
      vertex 148 21 128
      vertex 134 21 126
    endloop
  endfacet
  facet normal 0 0 1
    outer loop
      vertex 109.91349834091433 18.944469396133325 128
      vertex 143.08650165908568 17.055530603866675 128
      vertex 143.0007338506078 17.198625547395803 128
    endloop
  endfacet
  facet normal 0 0 1
    outer loop
      vertex 109.91349834091433 18.944469396133325 128
      vertex 142.87320142925523 17.506516048667415 128
      vertex 142.83266502331452 17.66834645257258 128
    endloop
  endfacet
  facet normal 0 0 1
    outer loop
      vertex 109.91349834091433 18.944469396133325 128
      vertex 142.83266502331452 17.66834645257258 128
      vertex 142.80818596465727 17.833370861439747 128
    endloop
  endfacet
  facet normal 0 0 1
    outer loop
      vertex 109.91349834091433 18.944469396133325 128
      vertex 142.80818596465727 17.833370861439747 128
      vertex 142.8 18 128
    endloop
  endfacet
  facet normal 0 0 1
    outer loop
      vertex 109.91349834091433 18.944469396133325 128
      vertex 143.0007338506078 17.198625547395803 128
      vertex 142.9294047947308 17.349438164979347 128
    endloop
  endfacet
  facet normal 0 0 1
    outer loop
      vertex 109.91349834091433 18.944469396133325 128
      vertex 142.9294047947308 17.349438164979347 128
      vertex 142.87320142925523 17.506516048667415 128
    endloop
  endfacet
  facet normal 0 0 1
    outer loop
      vertex 109.91349834091433 18.944469396133325 128
      vertex 142.8 18 128
      vertex 142.80818596465727 18.166629138560253 128
    endloop
  endfacet
  facet normal 0 0 1
    outer loop
      vertex 109.91349834091433 18.944469396133325 128
      vertex 142.80818596465727 18.166629138560253 128
      vertex 142.83266502331452 18.33165354742742 128
    endloop
  endfacet
  facet normal 0 0 1
    outer loop
      vertex 109.91349834091433 18.944469396133325 128
      vertex 142.83266502331452 18.33165354742742 128
      vertex 142.87320142925523 18.493483951332585 128
    endloop
  endfacet
  facet normal 0 0 1
    outer loop
      vertex 109.91349834091433 18.944469396133325 128
      vertex 142.87320142925523 18.493483951332585 128
      vertex 142.9294047947308 18.650561835020653 128
    endloop
  endfacet
  facet normal 0 0 1
    outer loop
      vertex 109.91349834091433 18.944469396133325 128
      vertex 142.9294047947308 18.650561835020653 128
      vertex 143.0007338506078 18.801374452604197 128
    endloop
  endfacet
  facet normal 0 0 1
    outer loop
      vertex 109.91349834091433 18.944469396133325 128
      vertex 143.0007338506078 18.801374452604197 128
      vertex 143.08650165908568 18.944469396133325 128
    endloop
  endfacet
  facet normal 0 0 1
    outer loop
      vertex 109.91349834091433 18.944469396133325 128
      vertex 143.08650165908568 18.944469396133325 128
      vertex 143.18588222928335 19.078468583078198 128
    endloop
  endfacet
  facet normal 0 0 1
    outer loop
      vertex 109.81411777071665 19.078468583078198 128
      vertex 143.18588222928335 19.078468583078198 128
      vertex 143.29791847198288 19.202081528017132 128
    endloop
  endfacet
  facet normal 0 0 1
    outer loop
      vertex 109.70208152801713 19.202081528017132 128
      vertex 143.29791847198288 19.202081528017132 128
      vertex 143.4215314169218 19.314117770716653 128
    endloop
  endfacet
  facet normal 0 0 1
    outer loop
      vertex 109.57846858307819 19.314117770716653 128
      vertex 143.4215314169218 19.314117770716653 128
      vertex 143.55553060386669 19.413498340914327 128
    endloop
  endfacet
  facet normal 0 0 1
    outer loop
      vertex 109.44446939613333 19.413498340914327 128
      vertex 143.55553060386669 19.413498340914327 128
      vertex 143.6986255473958 19.499266149392202 128
    endloop
  endfacet
  facet normal 0 0 1
    outer loop
      vertex 109.3013744526042 19.499266149392202 128
      vertex 143.6986255473958 19.499266149392202 128
      vertex 143.84943816497935 19.570595205269186 128
    endloop
  endfacet
  facet normal 0 0 1
    outer loop
      vertex 109.15056183502065 19.570595205269186 128
      vertex 143.84943816497935 19.570595205269186 128
      vertex 144.0065160486674 19.626798570744754 128
    endloop
  endfacet
  facet normal 0 0 1
    outer loop
      vertex 109.15056183502065 19.570595205269186 128
      vertex 144.0065160486674 19.626798570744754 128
      vertex 144.1683464525726 19.667334976685492 128
    endloop
  endfacet
  facet normal 0 0 1
    outer loop
      vertex 109.15056183502065 19.570595205269186 128
      vertex 144.1683464525726 19.667334976685492 128
      vertex 144.33337086143976 19.691814035342734 128
    endloop
  endfacet
  facet normal 0 0 1
    outer loop
      vertex 109.15056183502065 19.570595205269186 128
      vertex 144.33337086143976 19.691814035342734 128
      vertex 144.5 19.7 128
    endloop
  endfacet
  facet normal 0 0 1
    outer loop
      vertex 148 21 128
      vertex 109.15056183502065 19.570595205269186 128
      vertex 144.5 19.7 128
    endloop
  endfacet
  facet normal 0 0 -1
    outer loop
      vertex 134.28571428571428 16 124
      vertex 134.28571428571428 21 124
      vertex 138 16 124
    endloop
  endfacet
  facet normal 0 0 -1
    outer loop
      vertex 134.28571428571428 21 124
      vertex 143.75743693050856 21 124
      vertex 138 16 124
    endloop
  endfacet
  facet normal 0 1 0
    outer loop
      vertex 134.28571428571428 21 124
      vertex 134 21 126
      vertex 148 21 128
    endloop
  endfacet
  facet normal 0 0 1
    outer loop
      vertex 145.44446939613331 -16.586501659085673 128
      vertex 143.08650165908568 17.055530603866675 128
      vertex 134 6 128
    endloop
  endfacet
  facet normal 0 0 -1
    outer loop
      vertex 138 16 124
      vertex 143.75743693050856 16.472918137974016 124
      vertex 143.75743693050853 -16.472918137974027 124
    endloop
  endfacet
  facet normal 0 0 1
    outer loop
      vertex 148 -21 128
      vertex 143.18588222928335 16.921531416921802 128
      vertex 143.08650165908568 17.055530603866675 128
    endloop
  endfacet
  facet normal 0 0 1
    outer loop
      vertex 148 -21 128
      vertex 143.4215314169218 16.685882229283347 128
      vertex 143.29791847198288 16.797918471982868 128
    endloop
  endfacet
  facet normal 0 0 1
    outer loop
      vertex 148 -21 128
      vertex 143.55553060386669 16.586501659085673 128
      vertex 143.4215314169218 16.685882229283347 128
    endloop
  endfacet
  facet normal 0 0 1
    outer loop
      vertex 148 -21 128
      vertex 143.6986255473958 16.500733850607798 128
      vertex 143.55553060386669 16.586501659085673 128
    endloop
  endfacet
  facet normal 0 0 1
    outer loop
      vertex 148 -21 128
      vertex 143.29791847198288 16.797918471982868 128
      vertex 143.18588222928335 16.921531416921802 128
    endloop
  endfacet
  facet normal 0 0 1
    outer loop
      vertex 148 -21 128
      vertex 143.84943816497935 16.429404794730814 128
      vertex 143.6986255473958 16.500733850607798 128
    endloop
  endfacet
  facet normal 0 0 1
    outer loop
      vertex 148 -21 128
      vertex 144.0065160486674 16.373201429255246 128
      vertex 143.84943816497935 16.429404794730814 128
    endloop
  endfacet
  facet normal 0 0 1
    outer loop
      vertex 148 -21 128
      vertex 144.1683464525726 16.332665023314508 128
      vertex 144.0065160486674 16.373201429255246 128
    endloop
  endfacet
  facet normal 0 0 1
    outer loop
      vertex 148 -21 128
      vertex 144.33337086143976 16.308185964657266 128
      vertex 144.1683464525726 16.332665023314508 128
    endloop
  endfacet
  facet normal 0 0 1
    outer loop
      vertex 148 -21 128
      vertex 144.5 16.3 128
      vertex 144.33337086143976 16.308185964657266 128
    endloop
  endfacet
  facet normal 0 0 1
    outer loop
      vertex 148 -21 128
      vertex 144.66662913856024 16.308185964657266 128
      vertex 144.5 16.3 128
    endloop
  endfacet
  facet normal 0 0 1
    outer loop
      vertex 148 -21 128
      vertex 144.8316535474274 16.332665023314508 128
      vertex 144.66662913856024 16.308185964657266 128
    endloop
  endfacet
  facet normal 0 0 1
    outer loop
      vertex 148 -21 128
      vertex 144.9934839513326 16.373201429255246 128
      vertex 144.8316535474274 16.332665023314508 128
    endloop
  endfacet
  facet normal 0 0 1
    outer loop
      vertex 148 -21 128
      vertex 145.15056183502065 16.429404794730814 128
      vertex 144.9934839513326 16.373201429255246 128
    endloop
  endfacet
  facet normal 0 0 1
    outer loop
      vertex 148 -21 128
      vertex 145.3013744526042 16.500733850607798 128
      vertex 145.15056183502065 16.429404794730814 128
    endloop
  endfacet
  facet normal 0 0 1
    outer loop
      vertex 148 -21 128
      vertex 145.44446939613331 16.586501659085673 128
      vertex 145.3013744526042 16.500733850607798 128
    endloop
  endfacet
  facet normal 0 0 1
    outer loop
      vertex 148 -21 128
      vertex 145.5784685830782 16.685882229283347 128
      vertex 145.44446939613331 16.586501659085673 128
    endloop
  endfacet
  facet normal 0 0 1
    outer loop
      vertex 148 -21 128
      vertex 145.70208152801712 16.797918471982868 128
      vertex 145.5784685830782 16.685882229283347 128
    endloop
  endfacet
  facet normal 0 0 1
    outer loop
      vertex 148 -21 128
      vertex 145.81411777071665 16.921531416921802 128
      vertex 145.70208152801712 16.797918471982868 128
    endloop
  endfacet
  facet normal 0 0 1
    outer loop
      vertex 148 -21 128
      vertex 145.91349834091432 17.055530603866675 128
      vertex 145.81411777071665 16.921531416921802 128
    endloop
  endfacet
  facet normal 0 0 1
    outer loop
      vertex 148 -21 128
      vertex 145.9992661493922 17.198625547395803 128
      vertex 145.91349834091432 17.055530603866675 128
    endloop
  endfacet
  facet normal 0 0 1
    outer loop
      vertex 148 -21 128
      vertex 146.0705952052692 17.349438164979347 128
      vertex 145.9992661493922 17.198625547395803 128
    endloop
  endfacet
  facet normal 0 0 1
    outer loop
      vertex 148 -21 128
      vertex 146.12679857074477 17.506516048667415 128
      vertex 146.0705952052692 17.349438164979347 128
    endloop
  endfacet
  facet normal 0 0 1
    outer loop
      vertex 148 -21 128
      vertex 146.16733497668548 17.66834645257258 128
      vertex 146.12679857074477 17.506516048667415 128
    endloop
  endfacet
  facet normal 0 0 1
    outer loop
      vertex 148 -21 128
      vertex 146.19181403534273 17.833370861439747 128
      vertex 146.16733497668548 17.66834645257258 128
    endloop
  endfacet
  facet normal 0 0 1
    outer loop
      vertex 148 -21 128
      vertex 146.2 18 128
      vertex 146.19181403534273 17.833370861439747 128
    endloop
  endfacet
  facet normal 0 0 1
    outer loop
      vertex 148 -21 128
      vertex 148 21 128
      vertex 146.2 18 128
    endloop
  endfacet
  facet normal 1 0 0
    outer loop
      vertex 148 -21 128
      vertex 148 21 125.22610319822608
      vertex 148 21 128
    endloop
  endfacet
  facet normal 0 0 -1
    outer loop
      vertex 138 16 124
      vertex 143.0007338506078 17.198625547395803 124
      vertex 143.08650165908568 17.055530603866675 124
    endloop
  endfacet
  facet normal 0 0 -1
    outer loop
      vertex 138 16 124
      vertex 142.9294047947308 17.349438164979347 124
      vertex 143.0007338506078 17.198625547395803 124
    endloop
  endfacet
  facet normal 0 0 -1
    outer loop
      vertex 138 16 124
      vertex 143.08650165908568 17.055530603866675 124
      vertex 143.18588222928335 16.921531416921802 124
    endloop
  endfacet
  facet normal 0 0 -1
    outer loop
      vertex 138 16 124
      vertex 143.18588222928335 16.921531416921802 124
      vertex 143.29791847198288 16.797918471982868 124
    endloop
  endfacet
  facet normal 0 0 -1
    outer loop
      vertex 138 16 124
      vertex 143.29791847198288 16.797918471982868 124
      vertex 143.4215314169218 16.685882229283347 124
    endloop
  endfacet
  facet normal 0 0 -1
    outer loop
      vertex 138 16 124
      vertex 143.55553060386669 16.586501659085673 124
      vertex 143.6986255473958 16.500733850607798 124
    endloop
  endfacet
  facet normal 0 0 -1
    outer loop
      vertex 138 16 124
      vertex 143.6986255473958 16.500733850607798 124
      vertex 143.75743693050856 16.472918137974016 124
    endloop
  endfacet
  facet normal 0 0 -1
    outer loop
      vertex 138 16 124
      vertex 143.4215314169218 16.685882229283347 124
      vertex 143.55553060386669 16.586501659085673 124
    endloop
  endfacet
  facet normal 0 0 -1
    outer loop
      vertex 138 16 124
      vertex 142.87320142925523 17.506516048667415 124
      vertex 142.9294047947308 17.349438164979347 124
    endloop
  endfacet
  facet normal 0 0 -1
    outer loop
      vertex 138 16 124
      vertex 142.83266502331452 17.66834645257258 124
      vertex 142.87320142925523 17.506516048667415 124
    endloop
  endfacet
  facet normal 0 0 -1
    outer loop
      vertex 138 16 124
      vertex 142.80818596465727 17.833370861439747 124
      vertex 142.83266502331452 17.66834645257258 124
    endloop
  endfacet
  facet normal 0 0 -1
    outer loop
      vertex 138 16 124
      vertex 142.8 18 124
      vertex 142.80818596465727 17.833370861439747 124
    endloop
  endfacet
  facet normal 0 0 -1
    outer loop
      vertex 138 16 124
      vertex 142.80818596465727 18.166629138560253 124
      vertex 142.8 18 124
    endloop
  endfacet
  facet normal 0 0 -1
    outer loop
      vertex 138 16 124
      vertex 142.83266502331452 18.33165354742742 124
      vertex 142.80818596465727 18.166629138560253 124
    endloop
  endfacet
  facet normal 0 0 -1
    outer loop
      vertex 138 16 124
      vertex 142.87320142925523 18.493483951332585 124
      vertex 142.83266502331452 18.33165354742742 124
    endloop
  endfacet
  facet normal 0 0 -1
    outer loop
      vertex 138 16 124
      vertex 142.9294047947308 18.650561835020653 124
      vertex 142.87320142925523 18.493483951332585 124
    endloop
  endfacet
  facet normal 0 0 -1
    outer loop
      vertex 138 16 124
      vertex 143.08650165908568 18.944469396133325 124
      vertex 143.0007338506078 18.801374452604197 124
    endloop
  endfacet
  facet normal 0 0 -1
    outer loop
      vertex 138 16 124
      vertex 143.0007338506078 18.801374452604197 124
      vertex 142.9294047947308 18.650561835020653 124
    endloop
  endfacet
  facet normal 0 0 -1
    outer loop
      vertex 138 16 124
      vertex 143.18588222928335 19.078468583078198 124
      vertex 143.08650165908568 18.944469396133325 124
    endloop
  endfacet
  facet normal 0 0 -1
    outer loop
      vertex 138 16 124
      vertex 143.29791847198288 19.202081528017132 124
      vertex 143.18588222928335 19.078468583078198 124
    endloop
  endfacet
  facet normal 0 0 -1
    outer loop
      vertex 138 16 124
      vertex 143.4215314169218 19.314117770716653 124
      vertex 143.29791847198288 19.202081528017132 124
    endloop
  endfacet
  facet normal 0 0 -1
    outer loop
      vertex 138 16 124
      vertex 143.55553060386669 19.413498340914327 124
      vertex 143.4215314169218 19.314117770716653 124
    endloop
  endfacet
  facet normal 0 0 -1
    outer loop
      vertex 138 16 124
      vertex 143.75743693050856 21 124
      vertex 143.55553060386669 19.413498340914327 124
    endloop
  endfacet
  facet normal 0 1 0
    outer loop
      vertex 134.28571428571428 21 124
      vertex 145.12782962528158 21 126.68954709942906
      vertex 143.75743693050856 21 124
    endloop
  endfacet
  facet normal 0 0 -1
    outer loop
      vertex 143.75743693050856 21 124
      vertex 143.6986255473958 19.499266149392202 124
      vertex 143.55553060386669 19.413498340914327 124
    endloop
  endfacet
  facet normal 0 0 -1
    outer loop
      vertex 143.75743693050856 21 124
      vertex 143.75743693050856 19.527081862025984 124
      vertex 143.6986255473958 19.499266149392202 124
    endloop
  endfacet
  facet normal 0 1 0
    outer loop
      vertex 134.28571428571428 21 124
      vertex 148 21 128
      vertex 145.12782962528158 21 126.68954709942906
    endloop
  endfacet
  facet normal 0 0 1
    outer loop
      vertex 148 21 128
      vertex 144.5 19.7 128
      vertex 144.66662913856024 19.691814035342734 128
    endloop
  endfacet
  facet normal 0 0 1
    outer loop
      vertex 148 21 128
      vertex 144.66662913856024 19.691814035342734 128
      vertex 144.8316535474274 19.667334976685492 128
    endloop
  endfacet
  facet normal 0 0 1
    outer loop
      vertex 148 21 128
      vertex 144.8316535474274 19.667334976685492 128
      vertex 144.9934839513326 19.626798570744754 128
    endloop
  endfacet
  facet normal 0 0 1
    outer loop
      vertex 148 21 128
      vertex 144.9934839513326 19.626798570744754 128
      vertex 145.15056183502065 19.570595205269186 128
    endloop
  endfacet
  facet normal 0 0 1
    outer loop
      vertex 148 21 128
      vertex 145.15056183502065 19.570595205269186 128
      vertex 145.3013744526042 19.499266149392202 128
    endloop
  endfacet
  facet normal 0 0 1
    outer loop
      vertex 148 21 128
      vertex 145.44446939613331 19.413498340914327 128
      vertex 145.5784685830782 19.314117770716653 128
    endloop
  endfacet
  facet normal 0 0 1
    outer loop
      vertex 148 21 128
      vertex 145.3013744526042 19.499266149392202 128
      vertex 145.44446939613331 19.413498340914327 128
    endloop
  endfacet
  facet normal 0 0 1
    outer loop
      vertex 148 21 128
      vertex 145.81411777071665 19.078468583078198 128
      vertex 145.91349834091432 18.944469396133325 128
    endloop
  endfacet
  facet normal 0 0 1
    outer loop
      vertex 148 21 128
      vertex 145.9992661493922 18.801374452604197 128
      vertex 146.0705952052692 18.650561835020653 128
    endloop
  endfacet
  facet normal 0 0 1
    outer loop
      vertex 148 21 128
      vertex 145.91349834091432 18.944469396133325 128
      vertex 145.9992661493922 18.801374452604197 128
    endloop
  endfacet
  facet normal 0 0 1
    outer loop
      vertex 148 21 128
      vertex 146.16733497668548 18.33165354742742 128
      vertex 146.19181403534273 18.166629138560253 128
    endloop
  endfacet
  facet normal 0 0 1
    outer loop
      vertex 148 21 128
      vertex 146.19181403534273 18.166629138560253 128
      vertex 146.2 18 128
    endloop
  endfacet
  facet normal 0 0 1
    outer loop
      vertex 148 21 128
      vertex 146.12679857074477 18.493483951332585 128
      vertex 146.16733497668548 18.33165354742742 128
    endloop
  endfacet
  facet normal 0 0 1
    outer loop
      vertex 148 21 128
      vertex 146.0705952052692 18.650561835020653 128
      vertex 146.12679857074477 18.493483951332585 128
    endloop
  endfacet
  facet normal 0 0 1
    outer loop
      vertex 148 21 128
      vertex 145.5784685830782 19.314117770716653 128
      vertex 145.70208152801712 19.202081528017132 128
    endloop
  endfacet
  facet normal 0 0 1
    outer loop
      vertex 148 21 128
      vertex 145.70208152801712 19.202081528017132 128
      vertex 145.81411777071665 19.078468583078198 128
    endloop
  endfacet
  facet normal 0 1 0
    outer loop
      vertex 145.12782962528158 21 126.68954709942906
      vertex 148 21 128
      vertex 148 21 125.22610319822608
    endloop
  endfacet
  facet normal -1 0 0
    outer loop
      vertex 128 -16 95
      vertex 128 -15 106
      vertex 128 -14.138386987277014 100.83032192366208
    endloop
  endfacet
  facet normal -1 0 0
    outer loop
      vertex 128 -16 95
      vertex 128 -16 117.9090909090909
      vertex 128 -15 106
    endloop
  endfacet
  facet normal 0 -1 0
    outer loop
      vertex 128 -16 95
      vertex 131 -16 116
      vertex 128 -16 117.9090909090909
    endloop
  endfacet
  facet normal -1 0 0
    outer loop
      vertex 128 -15 106
      vertex 128 -16 117.9090909090909
      vertex 128 -15 106.02423814624386
    endloop
  endfacet
  facet normal -1 0 0
    outer loop
      vertex 128 -16 95
      vertex 128 -14 98.75076367583124
      vertex 128 -14 95
    endloop
  endfacet
  facet normal -1 0 0
    outer loop
      vertex 128 -16 95
      vertex 128 -14.1875521613105 99.36595645344758
      vertex 128 -14.110056091129678 99.056574798923
    endloop
  endfacet
  facet normal -1 0 0
    outer loop
      vertex 128 -16 95
      vertex 128 -14.002608480661682 98.75627884481347
      vertex 128 -14 98.75076367583124
    endloop
  endfacet
  facet normal -1 0 0
    outer loop
      vertex 128 -16 95
      vertex 128 -14.110056091129678 99.056574798923
      vertex 128 -14.002608480661682 98.75627884481347
    endloop
  endfacet
  facet normal -1 0 0
    outer loop
      vertex 128 -16 95
      vertex 128 -14.23435036168464 99.68144429392893
      vertex 128 -14.1875521613105 99.36595645344758
    endloop
  endfacet
  facet normal -1 0 0
    outer loop
      vertex 128 -16 95
      vertex 128 -14.25 100
      vertex 128 -14.23435036168464 99.68144429392893
    endloop
  endfacet
  facet normal -1 0 0
    outer loop
      vertex 128 -16 95
      vertex 128 -14.23435036168464 100.31855570607107
      vertex 128 -14.25 100
    endloop
  endfacet
  facet normal -1 0 0
    outer loop
      vertex 128 -16 95
      vertex 128 -14.1875521613105 100.63404354655242
      vertex 128 -14.23435036168464 100.31855570607107
    endloop
  endfacet
  facet normal -1 0 0
    outer loop
      vertex 128 -16 95
      vertex 128 -14.138386987277014 100.83032192366208
      vertex 128 -14.1875521613105 100.63404354655242
    endloop
  endfacet
  facet normal -1 0 0
    outer loop
      vertex 128 -15 106.02423814624386
      vertex 128 -16 117.9090909090909
      vertex 128 -15 117.9090909090909
    endloop
  endfacet
  facet normal 0 0 -1
    outer loop
      vertex 128 -16 95
      vertex 133 -14 95
      vertex 138 -16 95
    endloop
  endfacet
  facet normal 0 -1 0
    outer loop
      vertex 128 -16 95
      vertex 136.41713775377656 -16 98.58040539926867
      vertex 131.96210513283472 -16 100.8503578979664
    endloop
  endfacet
  facet normal 0 -1 0
    outer loop
      vertex 128 -16 95
      vertex 138 -16 95
      vertex 136.41713775377656 -16 98.58040539926867
    endloop
  endfacet
  facet normal 0 -1 0
    outer loop
      vertex 136.41713775377656 -16 98.58040539926867
      vertex 138 -16 95
      vertex 138 -16 101.68694747247427
    endloop
  endfacet
  facet normal 0 -1 0
    outer loop
      vertex 128 -16 95
      vertex 135 -16 116
      vertex 131 -16 116
    endloop
  endfacet
  facet normal 0 -1 0
    outer loop
      vertex 128 -16 95
      vertex 131.96210513283472 -16 100.8503578979664
      vertex 138 -16 124
    endloop
  endfacet
  facet normal 0 -1 0
    outer loop
      vertex 128 -16 95
      vertex 138 -16 124
      vertex 135 -16 116
    endloop
  endfacet
  facet normal 0 -1 0
    outer loop
      vertex 131.96210513283472 -16 100.8503578979664
      vertex 138 -16 112.7003937954006
      vertex 138 -16 124
    endloop
  endfacet
  facet normal 0 0 -1
    outer loop
      vertex 128 -16 95
      vertex 128 -14 95
      vertex 133 -14 95
    endloop
  endfacet
  facet normal 0 0 -1
    outer loop
      vertex 138 -16 95
      vertex 133 -14 95
      vertex 138 6 95
    endloop
  endfacet
  facet normal 0 0 -1
    outer loop
      vertex 133 -14 95
      vertex 133 -5.5 95
      vertex 138 6 95
    endloop
  endfacet
  facet normal 1 0 0
    outer loop
      vertex 138 -16 95
      vertex 138 6 95
      vertex 138 6 101.57681300924499
    endloop
  endfacet
  facet normal 1 0 0
    outer loop
      vertex 138 -16 95
      vertex 138 3 101.57681300924499
      vertex 138 -16 101.68694747247427
    endloop
  endfacet
  facet normal 1 0 0
    outer loop
      vertex 138 -16 95
      vertex 138 6 101.57681300924499
      vertex 138 3 101.57681300924499
    endloop
  endfacet
  facet normal 1 0 0
    outer loop
      vertex 138 -16 101.68694747247427
      vertex 138 3 101.57681300924499
      vertex 138 3 101.68694747247427
    endloop
  endfacet
  facet normal 1 0 0
    outer loop
      vertex 138 -16 112.7003937954006
      vertex 138 3 112.7003937954006
      vertex 138 3 112.81052825862983
    endloop
  endfacet
  facet normal 0 -1 0
    outer loop
      vertex 135 -16 116
      vertex 138 -16 124
      vertex 135 -16 119
    endloop
  endfacet
  facet normal 0 -1 0
    outer loop
      vertex 134.28571428571428 -16 124
      vertex 135 -16 119
      vertex 138 -16 124
    endloop
  endfacet
  facet normal 1 0 0
    outer loop
      vertex 138 -16 112.7003937954006
      vertex 138 6 123.95
      vertex 138 -16 124
    endloop
  endfacet
  facet normal 1 0 0
    outer loop
      vertex 138 -16 112.7003937954006
      vertex 138 3 112.81052825862983
      vertex 138 6 123.95
    endloop
  endfacet
  facet normal -1 0 0
    outer loop
      vertex 128 16 95
      vertex 128 15 95
      vertex 128 15 117.9090909090909
    endloop
  endfacet
  facet normal -1 0 0
    outer loop
      vertex 128 16 95
      vertex 128 15 117.9090909090909
      vertex 128 16 117.9090909090909
    endloop
  endfacet
  facet normal 0 0 -1
    outer loop
      vertex 138 6 95
      vertex 133 -5.5 95
      vertex 133 5.5 95
    endloop
  endfacet
  facet normal 0 0 -1
    outer loop
      vertex 133 6 95
      vertex 138 6 95
      vertex 133 5.5 95
    endloop
  endfacet
  facet normal 0 0 -1
    outer loop
      vertex 128 16 95
      vertex 138 16 95
      vertex 128 15 95
    endloop
  endfacet
  facet normal 0 1 0
    outer loop
      vertex 128 16 95
      vertex 131.96210513283472 16 100.8503578979664
      vertex 136.41713775377656 16 98.58040539926867
    endloop
  endfacet
  facet normal 0 1 0
    outer loop
      vertex 128 16 95
      vertex 136.41713775377656 16 98.58040539926867
      vertex 138 16 95
    endloop
  endfacet
  facet normal 0 0 -1
    outer loop
      vertex 138 16 95
      vertex 138 15 95
      vertex 128 15 95
    endloop
  endfacet
  facet normal 0 1 0
    outer loop
      vertex 136.41713775377656 16 98.58040539926867
      vertex 137.1426738295953 16 99.89421566056424
      vertex 138 16 95
    endloop
  endfacet
  facet normal 1 0 0
    outer loop
      vertex 138 16 95
      vertex 138 15 101.57681300924499
      vertex 138 15 95
    endloop
  endfacet
  facet normal 0 1 0
    outer loop
      vertex 128 16 95
      vertex 128 16 117.9090909090909
      vertex 131.96210513283472 16 100.8503578979664
    endloop
  endfacet
  facet normal 0 1 0
    outer loop
      vertex 131.96210513283472 16 100.8503578979664
      vertex 132.59854055623464 16 102.20956720923593
      vertex 132.64309088244406 16 102.18686768424895
    endloop
  endfacet
  facet normal 0 1 0
    outer loop
      vertex 128 16 117.9090909090909
      vertex 131 16 116
      vertex 131.96210513283472 16 100.8503578979664
    endloop
  endfacet
  facet normal 0 1 0
    outer loop
      vertex 131.96210513283472 16 100.8503578979664
      vertex 131 16 116
      vertex 132.59854055623464 16 102.20956720923593
    endloop
  endfacet
  facet normal 0 1 0
    outer loop
      vertex 131 16 116
      vertex 135 16 116
      vertex 132.59854055623464 16 102.20956720923593
    endloop
  endfacet
  facet normal 0 1 0
    outer loop
      vertex 136.41713775377656 16 98.58040539926867
      vertex 137.0981235033859 16 99.91691518555122
      vertex 137.1426738295953 16 99.89421566056424
    endloop
  endfacet
  facet normal 1 0 0
    outer loop
      vertex 138 16 95
      vertex 138 16 101.57681300924499
      vertex 138 15 101.57681300924499
    endloop
  endfacet
  facet normal 0 1 0
    outer loop
      vertex 138 16 95
      vertex 137.1426738295953 16 99.89421566056424
      vertex 138 16 101.57681300924499
    endloop
  endfacet
  facet normal 0 1 0
    outer loop
      vertex 135 16 116
      vertex 138 16 112.81052825862983
      vertex 132.59854055623464 16 102.20956720923593
    endloop
  endfacet
  facet normal 1 0 0
    outer loop
      vertex 138 3 112.81052825862983
      vertex 138 6 112.81052825862983
      vertex 138 6 123.95
    endloop
  endfacet
  facet normal 1 0 0
    outer loop
      vertex 138 -16 124
      vertex 138 6 123.95
      vertex 138 16 124
    endloop
  endfacet
  facet normal 1 0 0
    outer loop
      vertex 138 16 124
      vertex 138 6 123.95
      vertex 138 15 123.95
    endloop
  endfacet
  facet normal 0 1 0
    outer loop
      vertex 135 16 116
      vertex 135 16 119
      vertex 138 16 124
    endloop
  endfacet
  facet normal 1 0 0
    outer loop
      vertex 138 16 124
      vertex 138 15 112.81052825862983
      vertex 138 16 112.81052825862983
    endloop
  endfacet
  facet normal 0 1 0
    outer loop
      vertex 135 16 116
      vertex 138 16 124
      vertex 138 16 112.81052825862983
    endloop
  endfacet
  facet normal 1 0 0
    outer loop
      vertex 138 16 124
      vertex 138 15 123.95
      vertex 138 15 112.81052825862983
    endloop
  endfacet
  facet normal 0 1 0
    outer loop
      vertex 134.28571428571428 16 124
      vertex 138 16 124
      vertex 135 16 119
    endloop
  endfacet
  facet normal -0.8910065241883713 -4.010100482118489e-16 0.4539904997395399
    outer loop
      vertex 131.96210513283472 -60 100.8503578979664
      vertex 132.0638278646114 -56 101.05
      vertex 132.03835159213668 -56 101
    endloop
  endfacet
  facet normal -0.8910065241883661 -1.0512573874762493e-15 0.45399049973955025
    outer loop
      vertex 131.96210513283472 -60 100.8503578979664
      vertex 134.76868894258948 -47.90411299063134 106.35858876757173
      vertex 132.0638278646114 -56 101.05
    endloop
  endfacet
  facet normal 0 -1 0
    outer loop
      vertex 136.41713775377656 -60 98.58040539926867
      vertex 149.58286224622344 -60 124.41959460073133
      vertex 131.96210513283472 -60 100.8503578979664
    endloop
  endfacet
  facet normal -0.8910065241883678 8.869494551741909e-16 0.45399049973954686
    outer loop
      vertex 131.96210513283472 -60 100.8503578979664
      vertex 145.12782962528158 -60 126.68954709942906
      vertex 134.76868894258948 -47.90411299063134 106.35858876757173
    endloop
  endfacet
  facet normal -0.453990499739547 0 -0.8910065241883678
    outer loop
      vertex 136.41713775377656 -60 98.58040539926867
      vertex 131.96210513283472 -60 100.8503578979664
      vertex 136.41713775377656 -16 98.58040539926867
    endloop
  endfacet
  facet normal 0.8910065241883466 3.143164719559541e-14 -0.4539904997395884
    outer loop
      vertex 136.41713775377656 -60 98.58040539926867
      vertex 140.86624465122412 -47.2 107.31226933631467
      vertex 140.86996100140973 -47.366629138560256 107.31956308423108
    endloop
  endfacet
  facet normal 0.8910065241884154 -8.02375667660964e-14 -0.4539904997394536
    outer loop
      vertex 136.41713775377656 -60 98.58040539926867
      vertex 140.86996100140973 -47.03337086143975 107.31956308423106
      vertex 140.86624465122412 -47.2 107.31226933631467
    endloop
  endfacet
  facet normal -0.8910065241883652 5.3944721455603344e-14 0.4539904997395518
    outer loop
      vertex 134.76868894258948 -47.90411299063134 106.35858876757173
      vertex 136.63726228620735 -48.402081528017135 110.02587044206305
      vertex 136.58639889639525 -48.2784685830782 109.92604541887222
    endloop
  endfacet
  facet normal -0.8910065241883681 5.357452038212307e-15 0.4539904997395463
    outer loop
      vertex 134.76868894258948 -47.90411299063134 106.35858876757173
      vertex 136.69338138885445 -48.51411777071666 110.13601038247778
      vertex 136.63726228620735 -48.402081528017135 110.02587044206305
    endloop
  endfacet
  facet normal -0.8910065241883675 1.816319999223008e-15 0.4539904997395475
    outer loop
      vertex 134.76868894258948 -47.90411299063134 106.35858876757173
      vertex 136.58639889639525 -48.2784685830782 109.92604541887222
      vertex 136.5412810616668 -48.144469396133324 109.83749668244853
    endloop
  endfacet
  facet normal -0.8910065241883698 -7.8595619571953e-14 0.4539904997395432
    outer loop
      vertex 134.76868894258948 -47.90411299063134 106.35858876757173
      vertex 136.5412810616668 -48.144469396133324 109.83749668244853
      vertex 136.50234329143436 -48.001374452604196 109.7610770055294
    endloop
  endfacet
  facet normal -0.8910065241883682 -9.10695032959411e-14 0.45399049973954636
    outer loop
      vertex 134.76868894258948 -47.90411299063134 106.35858876757173
      vertex 136.46996057771082 -47.850561835020656 109.69752235137882
      vertex 136.4444447837315 -47.69348395133259 109.64744478605876
    endloop
  endfacet
  facet normal -0.8910065241883687 5.316706955080225e-15 0.45399049973954503
    outer loop
      vertex 134.76868894258948 -47.90411299063134 106.35858876757173
      vertex 136.50234329143436 -48.001374452604196 109.7610770055294
      vertex 136.46996057771082 -47.850561835020656 109.69752235137882
    endloop
  endfacet
  facet normal -0.891006524188353 2.311560187141366e-13 0.45399049973957584
    outer loop
      vertex 134.76868894258948 -47.90411299063134 106.35858876757173
      vertex 136.75421574670023 -48.61349834091433 110.2554045322816
      vertex 136.69338138885445 -48.51411777071666 110.13601038247778
    endloop
  endfacet
  facet normal -0.8910065241883657 -2.9447245057928165e-14 0.45399049973955097
    outer loop
      vertex 134.76868894258948 -47.90411299063134 106.35858876757173
      vertex 136.42604164054086 -47.53165354742742 109.6113265838984
      vertex 136.4149283804679 -47.366629138560256 109.58951558292881
    endloop
  endfacet
  facet normal -0.8910065241883653 -3.517483317221684e-14 0.4539904997395518
    outer loop
      vertex 134.76868894258948 -47.90411299063134 106.35858876757173
      vertex 136.4149283804679 -47.366629138560256 109.58951558292881
      vertex 136.4112120302823 -47.2 109.5822218350124
    endloop
  endfacet
  facet normal -0.8910065241883716 3.528813197298689e-14 0.45399049973953953
    outer loop
      vertex 134.76868894258948 -47.90411299063134 106.35858876757173
      vertex 136.4112120302823 -47.2 109.5822218350124
      vertex 136.4149283804679 -47.03337086143975 109.58951558292881
    endloop
  endfacet
  facet normal -0.8910065241883495 -1.6799575348408874e-13 0.4539904997395833
    outer loop
      vertex 134.76868894258948 -47.90411299063134 106.35858876757173
      vertex 136.4149283804679 -47.03337086143975 109.58951558292881
      vertex 136.42604164054083 -46.86834645257259 109.61132658389842
    endloop
  endfacet
  facet normal -0.8910065241883748 1.6692153770484066e-13 0.4539904997395332
    outer loop
      vertex 134.76868894258948 -47.90411299063134 106.35858876757173
      vertex 136.4444447837315 -47.69348395133259 109.64744478605876
      vertex 136.42604164054086 -47.53165354742742 109.6113265838984
    endloop
  endfacet
  facet normal -0.8910065241883749 2.888194421853059e-14 0.4539904997395329
    outer loop
      vertex 134.76868894258948 -47.90411299063134 106.35858876757173
      vertex 136.42604164054083 -46.86834645257259 109.61132658389842
      vertex 136.4444447837315 -46.70651604866742 109.64744478605876
    endloop
  endfacet
  facet normal -0.8910065241883861 1.0553750757656449e-13 0.45399049973951117
    outer loop
      vertex 134.76868894258948 -47.90411299063134 106.35858876757173
      vertex 136.4444447837315 -46.70651604866742 109.64744478605876
      vertex 136.46996057771082 -46.54943816497935 109.69752235137882
    endloop
  endfacet
  facet normal -0.8910065241883673 -6.561096808673059e-15 0.4539904997395477
    outer loop
      vertex 134.76868894258948 -47.90411299063134 106.35858876757173
      vertex 136.46996057771082 -46.54943816497935 109.69752235137882
      vertex 136.50234329143436 -46.39862554739581 109.7610770055294
    endloop
  endfacet
  facet normal -0.8910065241883867 1.0143953744536604e-13 0.45399049973950983
    outer loop
      vertex 134.76868894258948 -47.90411299063134 106.35858876757173
      vertex 136.50234329143436 -46.39862554739581 109.7610770055294
      vertex 136.5412810616668 -46.25553060386668 109.83749668244853
    endloop
  endfacet
  facet normal -0.891006524188301 -3.4570859473809596e-13 0.45399049973967837
    outer loop
      vertex 134.76868894258948 -47.90411299063134 106.35858876757173
      vertex 136.5412810616668 -46.25553060386668 109.83749668244853
      vertex 136.58639889639522 -46.121531416921805 109.92604541887223
    endloop
  endfacet
  facet normal -0.8910065241883757 0 0.4539904997395313
    outer loop
      vertex 131.96210513283472 -60 100.8503578979664
      vertex 132.03835159213668 -56 101
      vertex 131.96210513283472 -16 100.8503578979664
    endloop
  endfacet
  facet normal -0.8910065241883758 0 0.4539904997395314
    outer loop
      vertex 132.03835159213668 -56 101
      vertex 132.03835159213668 -46 101
      vertex 131.96210513283472 -16 100.8503578979664
    endloop
  endfacet
  facet normal -0.453990499739547 0 -0.8910065241883678
    outer loop
      vertex 131.96210513283472 -60 100.8503578979664
      vertex 131.96210513283472 -16 100.8503578979664
      vertex 136.41713775377656 -16 98.58040539926867
    endloop
  endfacet
  facet normal -0.8910065241883685 8.856986797196007e-17 0.45399049973954536
    outer loop
      vertex 132.03835159213668 -46 101
      vertex 134.76668192690602 -39.00045780718077 106.35464977750671
      vertex 131.96210513283472 -16 100.8503578979664
    endloop
  endfacet
  facet normal 0.8910065241883671 6.337201009122029e-17 -0.4539904997395481
    outer loop
      vertex 136.41713775377656 -60 98.58040539926867
      vertex 138 -16 101.68694747247427
      vertex 140.99631368260864 -46.25553060386668 107.5675441837508
    endloop
  endfacet
  facet normal -0.8910065241883705 -3.593115872419644e-15 0.4539904997395418
    outer loop
      vertex 134.76868894258948 -47.90411299063134 106.35858876757173
      vertex 136.58639889639522 -46.121531416921805 109.92604541887223
      vertex 134.76868894258945 -39.060668277683995 106.35858876757175
    endloop
  endfacet
  facet normal -0.8910065241883034 8.000383480821678e-14 0.45399049973967337
    outer loop
      vertex 134.76868894258945 -39.060668277683995 106.35858876757175
      vertex 136.58639889639522 -46.121531416921805 109.92604541887223
      vertex 136.63726228620735 -45.99791847198287 110.02587044206305
    endloop
  endfacet
  facet normal -0.8910065241883676 -4.120567287664317e-15 0.4539904997395472
    outer loop
      vertex 134.76868894258945 -39.060668277683995 106.35858876757175
      vertex 136.63726228620735 -45.99791847198287 110.02587044206305
      vertex 136.69338138885445 -45.88588222928335 110.13601038247778
    endloop
  endfacet
  facet normal -0.8910065241883964 -4.188960324774755e-14 0.45399049973949074
    outer loop
      vertex 134.76868894258945 -39.060668277683995 106.35858876757175
      vertex 136.75421574670023 -45.78650165908567 110.2554045322816
      vertex 136.8191794916232 -45.7007338506078 110.38290306054442
    endloop
  endfacet
  facet normal -0.8910065241884105 -6.193998614269773e-14 0.45399049973946315
    outer loop
      vertex 134.76868894258945 -39.060668277683995 106.35858876757175
      vertex 136.69338138885445 -45.88588222928335 110.13601038247778
      vertex 136.75421574670023 -45.78650165908567 110.2554045322816
    endloop
  endfacet
  facet normal -0.8910065241883477 3.0531338811555944e-14 0.4539904997395862
    outer loop
      vertex 134.76868894258945 -39.060668277683995 106.35858876757175
      vertex 136.8191794916232 -45.7007338506078 110.38290306054442
      vertex 136.887646987247 -45.62940479473082 110.51727808674129
    endloop
  endfacet
  facet normal -0.8910065241883208 7.322537244145917e-14 0.4539904997396392
    outer loop
      vertex 134.76868894258945 -39.060668277683995 106.35858876757175
      vertex 136.887646987247 -45.62940479473082 110.51727808674129
      vertex 136.95895885416058 -45.57320142925525 110.65723550591304
    endloop
  endfacet
  facet normal -0.8910065241884265 -9.980828626749104e-14 0.45399049973943173
    outer loop
      vertex 134.76868894258945 -39.060668277683995 106.35858876757175
      vertex 136.95895885416058 -45.57320142925525 110.65723550591304
      vertex 137.03242832010253 -45.532665023314514 110.8014274516046
    endloop
  endfacet
  facet normal -0.8910065241883599 1.1945848787642428e-14 0.45399049973956224
    outer loop
      vertex 134.76868894258945 -39.060668277683995 106.35858876757175
      vertex 137.03242832010253 -45.532665023314514 110.8014274516046
      vertex 137.10734783395336 -45.508185964657265 110.94846527655557
    endloop
  endfacet
  facet normal -0.8910065241883809 -2.2530158846704383e-14 0.45399049973952127
    outer loop
      vertex 134.76868894258945 -39.060668277683995 106.35858876757175
      vertex 137.10734783395336 -45.508185964657265 110.94846527655557
      vertex 137.1829958798395 -45.5 111.09693292613265
    endloop
  endfacet
  facet normal -0.8910065241883678 8.648700012318342e-17 0.45399049973954686
    outer loop
      vertex 134.76868894258945 -39.060668277683995 106.35858876757175
      vertex 137.1829958798395 -45.5 111.09693292613265
      vertex 139.90693887827678 -45.5 116.44297207126286
    endloop
  endfacet
  facet normal 0.8910065241883675 0 -0.45399049973954736
    outer loop
      vertex 136.41713775377656 -60 98.58040539926867
      vertex 136.41713775377656 -16 98.58040539926867
      vertex 138 -16 101.68694747247427
    endloop
  endfacet
  facet normal -0.8910065241884264 1.420245728743614e-13 0.45399049973943184
    outer loop
      vertex 134.76668192690602 -39.00045780718077 106.35464977750671
      vertex 134.76868894258945 -39.060668277683995 106.35858876757175
      vertex 143.75743693050853 -21 124
    endloop
  endfacet
  facet normal 0.8910065241883909 -5.333369433909573e-14 -0.45399049973950184
    outer loop
      vertex 136.41713775377656 -60 98.58040539926867
      vertex 141.34267960818886 -48.77059520526919 108.24732558804354
      vertex 141.41399147510242 -48.82679857074476 108.3872830072153
    endloop
  endfacet
  facet normal 0.8910065241883517 3.179255374601907e-14 -0.4539904997395788
    outer loop
      vertex 136.41713775377656 -60 98.58040539926867
      vertex 141.41399147510242 -48.82679857074476 108.3872830072153
      vertex 141.4874609410444 -48.86733497668549 108.53147495290685
    endloop
  endfacet
  facet normal 0.8910065241883611 1.5802449445151076e-14 -0.4539904997395602
    outer loop
      vertex 136.41713775377656 -60 98.58040539926867
      vertex 141.4874609410444 -48.86733497668549 108.53147495290685
      vertex 141.56238045489522 -48.89181403534274 108.67851277785782
    endloop
  endfacet
  facet normal 0.8910065241883675 -4.313267632227919e-16 -0.45399049973954775
    outer loop
      vertex 136.41713775377656 -60 98.58040539926867
      vertex 141.56238045489522 -48.89181403534274 108.67851277785782
      vertex 149.58286224622344 -60 124.41959460073133
    endloop
  endfacet
  facet normal 0.8910065241883437 4.491620522165243e-14 -0.4539904997395942
    outer loop
      vertex 136.41713775377656 -60 98.58040539926867
      vertex 140.9573759123762 -48.001374452604196 107.49112450683167
      vertex 140.99631368260864 -48.144469396133324 107.5675441837508
    endloop
  endfacet
  facet normal 0.8910065241883675 4.959585090237448e-16 -0.4539904997395477
    outer loop
      vertex 136.41713775377656 -60 98.58040539926867
      vertex 141.0414315173371 -48.2784685830782 107.65609292017449
      vertex 141.09229490714918 -48.402081528017135 107.7559179433653
    endloop
  endfacet
  facet normal 0.8910065241883682 4.975329187323026e-16 -0.45399049973954586
    outer loop
      vertex 136.41713775377656 -60 98.58040539926867
      vertex 140.99631368260864 -48.144469396133324 107.5675441837508
      vertex 141.0414315173371 -48.2784685830782 107.65609292017449
    endloop
  endfacet
  facet normal 0.8910065241883811 -2.892478146651838e-14 -0.45399049973952066
    outer loop
      vertex 136.41713775377656 -60 98.58040539926867
      vertex 141.09229490714918 -48.402081528017135 107.7559179433653
      vertex 141.14841400979628 -48.51411777071666 107.86605788378004
    endloop
  endfacet
  facet normal 0.8910065241883415 5.2118927320082054e-14 -0.45399049973959865
    outer loop
      vertex 136.41713775377656 -60 98.58040539926867
      vertex 141.14841400979628 -48.51411777071666 107.86605788378004
      vertex 141.2092483676421 -48.61349834091433 107.98545203358385
    endloop
  endfacet
  facet normal 0.8910065241883927 -5.287159784454743e-14 -0.4539904997394983
    outer loop
      vertex 136.41713775377656 -60 98.58040539926867
      vertex 141.2092483676421 -48.61349834091433 107.98545203358385
      vertex 141.27421211256507 -48.69926614939221 108.11295056184667
    endloop
  endfacet
  facet normal 0.8910065241883486 3.8680367361765896e-14 -0.45399049973958455
    outer loop
      vertex 136.41713775377656 -60 98.58040539926867
      vertex 141.27421211256507 -48.69926614939221 108.11295056184667
      vertex 141.34267960818886 -48.77059520526919 108.24732558804354
    endloop
  endfacet
  facet normal 0.8910065241883709 -3.543262901055747e-15 -0.45399049973954064
    outer loop
      vertex 136.41713775377656 -60 98.58040539926867
      vertex 140.92499319865266 -47.850561835020656 107.42756985268109
      vertex 140.9573759123762 -48.001374452604196 107.49112450683167
    endloop
  endfacet
  facet normal 0.8910065241884099 -7.621565075557561e-14 -0.4539904997394642
    outer loop
      vertex 136.41713775377656 -60 98.58040539926867
      vertex 140.89947740467338 -47.69348395133259 107.37749228736101
      vertex 140.92499319865266 -47.850561835020656 107.42756985268109
    endloop
  endfacet
  facet normal 0.8910065241883558 1.7606772876498512e-14 -0.4539904997395708
    outer loop
      vertex 136.41713775377656 -60 98.58040539926867
      vertex 140.8810742614827 -47.53165354742742 107.34137408520067
      vertex 140.89947740467338 -47.69348395133259 107.37749228736101
    endloop
  endfacet
  facet normal 0.8910065241883526 2.362907714453214e-14 -0.45399049973957684
    outer loop
      vertex 136.41713775377656 -60 98.58040539926867
      vertex 140.86996100140973 -47.366629138560256 107.31956308423108
      vertex 140.8810742614827 -47.53165354742742 107.34137408520067
    endloop
  endfacet
  facet normal 0.8910065241883615 1.3685559651236285e-14 -0.4539904997395593
    outer loop
      vertex 136.41713775377656 -60 98.58040539926867
      vertex 140.8810742614827 -46.86834645257259 107.34137408520067
      vertex 140.86996100140973 -47.03337086143975 107.31956308423106
    endloop
  endfacet
  facet normal 0.8910065241882491 1.9828492059843747e-13 -0.4539904997397802
    outer loop
      vertex 136.41713775377656 -60 98.58040539926867
      vertex 140.89947740467335 -46.70651604866742 107.37749228736101
      vertex 140.8810742614827 -46.86834645257259 107.34137408520067
    endloop
  endfacet
  facet normal 0.8910065241883534 1.7545966024235683e-14 -0.4539904997395756
    outer loop
      vertex 136.41713775377656 -60 98.58040539926867
      vertex 140.9573759123762 -46.39862554739581 107.49112450683167
      vertex 140.92499319865266 -46.54943816497935 107.42756985268109
    endloop
  endfacet
  facet normal 0.891006524188427 -9.652413889080459e-14 -0.4539904997394305
    outer loop
      vertex 136.41713775377656 -60 98.58040539926867
      vertex 140.92499319865266 -46.54943816497935 107.42756985268109
      vertex 140.89947740467335 -46.70651604866742 107.37749228736101
    endloop
  endfacet
  facet normal 0.8910065241886208 -4.200172789099282e-13 -0.45399049973905053
    outer loop
      vertex 136.41713775377656 -60 98.58040539926867
      vertex 140.99631368260864 -46.25553060386668 107.5675441837508
      vertex 140.9573759123762 -46.39862554739581 107.49112450683167
    endloop
  endfacet
  facet normal 0.8910065241883672 3.0684007257838363e-17 -0.45399049973954786
    outer loop
      vertex 138 -16 101.68694747247427
      vertex 141.0414315173371 -46.121531416921805 107.65609292017449
      vertex 140.99631368260864 -46.25553060386668 107.5675441837508
    endloop
  endfacet
  facet normal 0.8910065241883665 -1.1802600885034549e-17 -0.4539904997395493
    outer loop
      vertex 138 -16 101.68694747247427
      vertex 141.09229490714918 -45.99791847198287 107.7559179433653
      vertex 141.0414315173371 -46.121531416921805 107.65609292017449
    endloop
  endfacet
  facet normal 0.8910065241883897 1.1285245195803881e-14 -0.45399049973950395
    outer loop
      vertex 138 -16 101.68694747247427
      vertex 141.14841400979628 -45.88588222928335 107.86605788378004
      vertex 141.09229490714918 -45.99791847198287 107.7559179433653
    endloop
  endfacet
  facet normal 0.8910065241883308 -1.8973243636370208e-14 -0.45399049973961964
    outer loop
      vertex 138 -16 101.68694747247427
      vertex 141.2092483676421 -45.78650165908567 107.98545203358385
      vertex 141.14841400979628 -45.88588222928335 107.86605788378004
    endloop
  endfacet
  facet normal 0.8910065241884031 1.8767246202163516e-14 -0.45399049973947747
    outer loop
      vertex 138 -16 101.68694747247427
      vertex 141.27421211256507 -45.7007338506078 108.11295056184667
      vertex 141.2092483676421 -45.78650165908567 107.98545203358385
    endloop
  endfacet
  facet normal 0.8910065241883441 -1.3009017903132639e-14 -0.4539904997395934
    outer loop
      vertex 138 -16 101.68694747247427
      vertex 141.34267960818886 -45.62940479473082 108.24732558804354
      vertex 141.27421211256507 -45.7007338506078 108.11295056184667
    endloop
  endfacet
  facet normal 0.891006524188398 1.6831070058629994e-14 -0.4539904997394879
    outer loop
      vertex 138 -16 101.68694747247427
      vertex 141.41399147510242 -45.57320142925525 108.3872830072153
      vertex 141.34267960818886 -45.62940479473082 108.24732558804354
    endloop
  endfacet
  facet normal 0.8910065241883496 -1.0207862194174514e-14 -0.4539904997395828
    outer loop
      vertex 138 -16 101.68694747247427
      vertex 141.4874609410444 -45.532665023314514 108.53147495290685
      vertex 141.41399147510242 -45.57320142925525 108.3872830072153
    endloop
  endfacet
  facet normal 0.8910065241883602 -4.0404018734625965e-15 -0.45399049973956174
    outer loop
      vertex 138 -16 101.68694747247427
      vertex 141.56238045489522 -45.508185964657265 108.67851277785782
      vertex 141.4874609410444 -45.532665023314514 108.53147495290685
    endloop
  endfacet
  facet normal 0.8910065241883637 -2.329462818594695e-15 -0.453990499739555
    outer loop
      vertex 138 -16 101.68694747247427
      vertex 141.63802850078136 -45.5 108.82698042743489
      vertex 141.56238045489522 -45.508185964657265 108.67851277785782
    endloop
  endfacet
  facet normal 0.8910065241883682 7.906130492140264e-16 -0.45399049973954586
    outer loop
      vertex 138 -16 101.68694747247427
      vertex 144.36197149921864 -45.5 114.17301957256511
      vertex 141.63802850078136 -45.5 108.82698042743489
    endloop
  endfacet
  facet normal 0.8910065241883632 -3.812904293748231e-15 -0.4539904997395559
    outer loop
      vertex 138 -16 101.68694747247427
      vertex 144.43761954510478 -45.508185964657265 114.32148722214218
      vertex 144.36197149921864 -45.5 114.17301957256511
    endloop
  endfacet
  facet normal 0.8910065241883403 -2.882998744288103e-14 -0.4539904997396011
    outer loop
      vertex 138 -16 101.68694747247427
      vertex 144.5125390589556 -45.532665023314514 114.46852504709314
      vertex 144.43761954510478 -45.508185964657265 114.32148722214218
    endloop
  endfacet
  facet normal 0.8910065241883646 -1.7231925867516734e-15 -0.45399049973955313
    outer loop
      vertex 138 -16 101.68694747247427
      vertex 144.58600852489758 -45.57320142925525 114.6127169927847
      vertex 144.5125390589556 -45.532665023314514 114.46852504709314
    endloop
  endfacet
  facet normal 0.8910065241883338 -3.786206046014407e-14 -0.45399049973961353
    outer loop
      vertex 138 -16 101.68694747247427
      vertex 144.85158599020372 -45.88588222928335 115.13394211621997
      vertex 144.7907516323579 -45.78650165908567 115.01454796641615
    endloop
  endfacet
  facet normal 0.8910065241883317 -3.9394155822093886e-14 -0.45399049973961786
    outer loop
      vertex 138 -16 101.68694747247427
      vertex 144.72578788743493 -45.7007338506078 114.88704943815333
      vertex 144.65732039181114 -45.62940479473082 114.75267441195646
    endloop
  endfacet
  facet normal 0.8910065241884095 4.3484048634581085e-14 -0.453990499739465
    outer loop
      vertex 138 -16 101.68694747247427
      vertex 144.65732039181114 -45.62940479473082 114.75267441195646
      vertex 144.58600852489758 -45.57320142925525 114.6127169927847
    endloop
  endfacet
  facet normal 0.8910065241884234 6.474895544065599e-14 -0.4539904997394377
    outer loop
      vertex 138 -16 101.68694747247427
      vertex 144.7907516323579 -45.78650165908567 115.01454796641615
      vertex 144.72578788743493 -45.7007338506078 114.88704943815333
    endloop
  endfacet
  facet normal 0.8910065241883715 7.877646324346052e-15 -0.4539904997395397
    outer loop
      vertex 138 -16 101.68694747247427
      vertex 144.90770509285082 -45.99791847198287 115.2440820566347
      vertex 144.85158599020372 -45.88588222928335 115.13394211621997
    endloop
  endfacet
  facet normal 0.8910065241879733 -4.1899840057793123e-13 -0.4539904997403212
    outer loop
      vertex 138 -16 101.68694747247427
      vertex 145.0426240876238 -46.39862554739581 115.50887549316833
      vertex 145.00368631739136 -46.25553060386668 115.4324558162492
    endloop
  endfacet
  facet normal 0.8910065241883719 3.4624056663994757e-15 -0.4539904997395387
    outer loop
      vertex 138 -16 101.68694747247427
      vertex 145.00368631739136 -46.25553060386668 115.4324558162492
      vertex 144.9585684826629 -46.121531416921805 115.34390707982551
    endloop
  endfacet
  facet normal 0.8910065241883653 -6.857158673804425e-15 -0.4539904997395515
    outer loop
      vertex 138 -16 101.68694747247427
      vertex 144.9585684826629 -46.121531416921805 115.34390707982551
      vertex 144.90770509285082 -45.99791847198287 115.2440820566347
    endloop
  endfacet
  facet normal -0.8910065241883712 -1.3048254271202368e-14 0.4539904997395404
    outer loop
      vertex 134.76868894258948 -47.90411299063134 106.35858876757173
      vertex 145.12782962528158 -60 126.68954709942906
      vertex 136.75421574670023 -48.61349834091433 110.2554045322816
    endloop
  endfacet
  facet normal -0.8910065241884403 -2.7946181330945766e-13 0.4539904997394045
    outer loop
      vertex 145.12782962528158 -60 126.68954709942906
      vertex 136.95895885416058 -48.82679857074476 110.65723550591304
      vertex 136.88764698724702 -48.77059520526919 110.51727808674127
    endloop
  endfacet
  facet normal -0.8910065241883339 1.2477962555851058e-13 0.4539904997396136
    outer loop
      vertex 145.12782962528158 -60 126.68954709942906
      vertex 137.03242832010255 -48.86733497668549 110.80142745160458
      vertex 136.95895885416058 -48.82679857074476 110.65723550591304
    endloop
  endfacet
  facet normal -0.8910065241883606 3.522293057478588e-14 0.4539904997395612
    outer loop
      vertex 145.12782962528158 -60 126.68954709942906
      vertex 137.10734783395338 -48.89181403534274 110.94846527655555
      vertex 137.03242832010255 -48.86733497668549 110.80142745160458
    endloop
  endfacet
  facet normal -0.8910065241883841 -4.858523506423184e-14 0.453990499739515
    outer loop
      vertex 145.12782962528158 -60 126.68954709942906
      vertex 137.18299587983952 -48.900000000000006 111.09693292613264
      vertex 137.10734783395338 -48.89181403534274 110.94846527655555
    endloop
  endfacet
  facet normal -0.8910065241883703 -7.450349539225595e-15 0.4539904997395422
    outer loop
      vertex 145.12782962528158 -60 126.68954709942906
      vertex 139.90693887827678 -48.900000000000006 116.44297207126286
      vertex 137.18299587983952 -48.900000000000006 111.09693292613264
    endloop
  endfacet
  facet normal -0.8910065241883643 7.119978303921148e-15 0.45399049973955374
    outer loop
      vertex 145.12782962528158 -60 126.68954709942906
      vertex 139.98258692416292 -48.89181403534274 116.59143972083993
      vertex 139.90693887827678 -48.900000000000006 116.44297207126286
    endloop
  endfacet
  facet normal -0.8910065241883608 1.4824495406049644e-14 0.45399049973956046
    outer loop
      vertex 145.12782962528158 -60 126.68954709942906
      vertex 140.05750643801375 -48.86733497668549 116.7384775457909
      vertex 139.98258692416292 -48.89181403534274 116.59143972083993
    endloop
  endfacet
  facet normal -0.8910065241883371 6.331159801710914e-14 0.4539904997396073
    outer loop
      vertex 145.12782962528158 -60 126.68954709942906
      vertex 140.13097590395572 -48.82679857074476 116.88266949148243
      vertex 140.05750643801375 -48.86733497668549 116.7384775457909
    endloop
  endfacet
  facet normal -0.8910065241884043 -8.324925950908731e-14 0.4539904997394752
    outer loop
      vertex 145.12782962528158 -60 126.68954709942906
      vertex 140.20228777086928 -48.77059520526919 117.02262691065421
      vertex 140.13097590395572 -48.82679857074476 116.88266949148243
    endloop
  endfacet
  facet normal 0 -1 0
    outer loop
      vertex 131.96210513283472 -60 100.8503578979664
      vertex 149.58286224622344 -60 124.41959460073133
      vertex 145.12782962528158 -60 126.68954709942906
    endloop
  endfacet
  facet normal 0.8910065241883639 -1.178547427145602e-14 -0.4539904997395545
    outer loop
      vertex 149.58286224622344 -60 124.41959460073133
      vertex 141.56238045489522 -48.89181403534274 108.67851277785782
      vertex 141.63802850078136 -48.900000000000006 108.82698042743489
    endloop
  endfacet
  facet normal -0.8910065241863149 7.559130960014083e-12 0.453990499743576
    outer loop
      vertex 145.12782962528158 -60 126.68954709942906
      vertex 136.81917949162323 -48.69926614939221 110.38290306054441
      vertex 136.75421574670023 -48.61349834091433 110.2554045322816
    endloop
  endfacet
  facet normal -0.8910065241882467 4.4359289373270957e-13 0.4539904997397846
    outer loop
      vertex 145.12782962528158 -60 126.68954709942906
      vertex 136.88764698724702 -48.77059520526919 110.51727808674127
      vertex 136.81917949162323 -48.69926614939221 110.38290306054441
    endloop
  endfacet
  facet normal -0.8910065241883482 3.910920215948016e-14 0.4539904997395853
    outer loop
      vertex 145.12782962528158 -60 126.68954709942906
      vertex 140.27075526649307 -48.69926614939221 117.15700193685107
      vertex 140.20228777086928 -48.77059520526919 117.02262691065421
    endloop
  endfacet
  facet normal -0.8910065241883283 8.168626090364135e-14 0.45399049973962463
    outer loop
      vertex 145.12782962528158 -60 126.68954709942906
      vertex 140.33571901141607 -48.61349834091433 117.28450046511388
      vertex 140.27075526649307 -48.69926614939221 117.15700193685107
    endloop
  endfacet
  facet normal -0.891006524188419 -1.0327746008425652e-13 0.4539904997394465
    outer loop
      vertex 145.12782962528158 -60 126.68954709942906
      vertex 140.39655336926185 -48.51411777071666 117.40389461491772
      vertex 140.33571901141607 -48.61349834091433 117.28450046511388
    endloop
  endfacet
  facet normal -0.8910065241883685 -2.733305492980396e-15 0.4539904997395455
    outer loop
      vertex 145.12782962528158 -60 126.68954709942906
      vertex 140.45267247190895 -48.402081528017135 117.51403455533244
      vertex 140.39655336926185 -48.51411777071666 117.40389461491772
    endloop
  endfacet
  facet normal -0.8910065241883677 -4.7169340551485555e-16 0.4539904997395471
    outer loop
      vertex 145.12782962528158 -60 126.68954709942906
      vertex 140.50353586172105 -48.2784685830782 117.61385957852326
      vertex 140.45267247190895 -48.402081528017135 117.51403455533244
    endloop
  endfacet
  facet normal -0.8910065241883675 -2.0067481048557863e-16 0.45399049973954786
    outer loop
      vertex 145.12782962528158 -60 126.68954709942906
      vertex 140.5486536964495 -48.144469396133324 117.70240831494695
      vertex 140.50353586172105 -48.2784685830782 117.61385957852326
    endloop
  endfacet
  facet normal -0.8910065241883295 7.091008338670209e-14 0.45399049973962224
    outer loop
      vertex 145.12782962528158 -60 126.68954709942906
      vertex 140.58759146668194 -48.001374452604196 117.77882799186607
      vertex 140.5486536964495 -48.144469396133324 117.70240831494695
    endloop
  endfacet
  facet normal -0.8910065241884009 -5.812725383937871e-14 0.4539904997394824
    outer loop
      vertex 145.12782962528158 -60 126.68954709942906
      vertex 140.61997418040548 -47.850561835020656 117.84238264601667
      vertex 140.58759146668194 -48.001374452604196 117.77882799186607
    endloop
  endfacet
  facet normal -0.8910065241883155 9.171422463780583e-14 0.45399049973964967
    outer loop
      vertex 145.12782962528158 -60 126.68954709942906
      vertex 140.6454899743848 -47.69348395133259 117.89246021133673
      vertex 140.61997418040548 -47.850561835020656 117.84238264601667
    endloop
  endfacet
  facet normal 0.8910065241883678 9.98042091202661e-16 -0.4539904997395468
    outer loop
      vertex 149.58286224622344 -60 124.41959460073133
      vertex 141.63802850078136 -48.900000000000006 108.82698042743489
      vertex 144.36197149921864 -48.900000000000006 114.1730195725651
    endloop
  endfacet
  facet normal 0.8910065241883796 3.1301703165216314e-14 -0.45399049973952393
    outer loop
      vertex 149.58286224622344 -60 124.41959460073133
      vertex 144.36197149921864 -48.900000000000006 114.1730195725651
      vertex 144.43761954510478 -48.89181403534274 114.32148722214218
    endloop
  endfacet
  facet normal 0.8910065241883615 -1.58059587443336e-14 -0.45399049973955946
    outer loop
      vertex 149.58286224622344 -60 124.41959460073133
      vertex 144.43761954510478 -48.89181403534274 114.32148722214218
      vertex 144.5125390589556 -48.86733497668549 114.46852504709315
    endloop
  endfacet
  facet normal 0.8910065241883526 -3.282364577774413e-14 -0.45399049973957656
    outer loop
      vertex 149.58286224622344 -60 124.41959460073133
      vertex 144.5125390589556 -48.86733497668549 114.46852504709315
      vertex 144.58600852489758 -48.82679857074476 114.6127169927847
    endloop
  endfacet
  facet normal 0.891006524188392 5.280584212117964e-14 -0.4539904997394995
    outer loop
      vertex 149.58286224622344 -60 124.41959460073133
      vertex 144.58600852489758 -48.82679857074476 114.6127169927847
      vertex 144.65732039181114 -48.77059520526919 114.75267441195646
    endloop
  endfacet
  facet normal 0.891006524188349 -3.731102667145998e-14 -0.45399049973958394
    outer loop
      vertex 149.58286224622344 -60 124.41959460073133
      vertex 144.65732039181114 -48.77059520526919 114.75267441195646
      vertex 144.72578788743493 -48.69926614939221 114.88704943815333
    endloop
  endfacet
  facet normal 0.8910065241883938 5.3469257038642925e-14 -0.45399049973949596
    outer loop
      vertex 149.58286224622344 -60 124.41959460073133
      vertex 144.72578788743493 -48.69926614939221 114.88704943815333
      vertex 144.7907516323579 -48.61349834091433 115.01454796641615
    endloop
  endfacet
  facet normal 0.891006524188355 -2.5282463020533913e-14 -0.4539904997395721
    outer loop
      vertex 149.58286224622344 -60 124.41959460073133
      vertex 144.7907516323579 -48.61349834091433 115.01454796641615
      vertex 144.85158599020372 -48.51411777071666 115.13394211621997
    endloop
  endfacet
  facet normal 0.8910065241883692 4.1538916807225664e-15 -0.4539904997395441
    outer loop
      vertex 149.58286224622344 -60 124.41959460073133
      vertex 144.85158599020372 -48.51411777071666 115.13394211621997
      vertex 144.90770509285082 -48.402081528017135 115.2440820566347
    endloop
  endfacet
  facet normal 0.8910065241883667 -3.031505021471228e-16 -0.45399049973954914
    outer loop
      vertex 149.58286224622344 -60 124.41959460073133
      vertex 144.90770509285082 -48.402081528017135 115.2440820566347
      vertex 144.9585684826629 -48.2784685830782 115.34390707982551
    endloop
  endfacet
  facet normal 0.8910065241883675 1.2767146744210565e-15 -0.4539904997395478
    outer loop
      vertex 149.58286224622344 -60 124.41959460073133
      vertex 144.9585684826629 -48.2784685830782 115.34390707982551
      vertex 145.00368631739136 -48.144469396133324 115.4324558162492
    endloop
  endfacet
  facet normal 0.891006524188344 -4.5156674271839177e-14 -0.45399049973959366
    outer loop
      vertex 149.58286224622344 -60 124.41959460073133
      vertex 145.00368631739136 -48.144469396133324 115.4324558162492
      vertex 145.0426240876238 -48.001374452604196 115.50887549316833
    endloop
  endfacet
  facet normal 0.891006524188386 3.104356049753843e-14 -0.4539904997395112
    outer loop
      vertex 149.58286224622344 -60 124.41959460073133
      vertex 145.0426240876238 -48.001374452604196 115.50887549316833
      vertex 145.07500680134734 -47.850561835020656 115.57243014731893
    endloop
  endfacet
  facet normal 0.891006524188395 4.9129788090267165e-14 -0.4539904997394937
    outer loop
      vertex 149.58286224622344 -60 124.41959460073133
      vertex 145.07500680134734 -47.850561835020656 115.57243014731893
      vertex 145.10052259532662 -47.69348395133259 115.62250771263899
    endloop
  endfacet
  facet normal 0.8910065241883744 1.2031400777087154e-14 -0.45399049973953387
    outer loop
      vertex 149.58286224622344 -60 124.41959460073133
      vertex 145.10052259532662 -47.69348395133259 115.62250771263899
      vertex 145.1189257385173 -47.53165354742742 115.65862591479934
    endloop
  endfacet
  facet normal 0.8910065241883331 -5.67576810129321e-14 -0.4539904997396148
    outer loop
      vertex 149.58286224622344 -60 124.41959460073133
      vertex 145.1189257385173 -47.53165354742742 115.65862591479934
      vertex 145.13003899859027 -47.366629138560256 115.68043691576892
    endloop
  endfacet
  facet normal 0.8910065241883567 -1.8876910769603465e-14 -0.4539904997395686
    outer loop
      vertex 149.58286224622344 -60 124.41959460073133
      vertex 145.11892573851733 -46.86834645257259 115.65862591479934
      vertex 145.10052259532665 -46.70651604866742 115.62250771263899
    endloop
  endfacet
  facet normal 0.8910065241883484 -3.417775344512085e-14 -0.45399049973958505
    outer loop
      vertex 149.58286224622344 -60 124.41959460073133
      vertex 145.13003899859027 -47.366629138560256 115.68043691576892
      vertex 145.13375534877588 -47.2 115.68773066368533
    endloop
  endfacet
  facet normal 0.8910065241883905 3.574188249568787e-14 -0.4539904997395023
    outer loop
      vertex 149.58286224622344 -60 124.41959460073133
      vertex 145.13375534877588 -47.2 115.68773066368533
      vertex 145.13003899859027 -47.03337086143975 115.68043691576892
    endloop
  endfacet
  facet normal 0.8910065241883043 -1.0673379866860564e-13 -0.45399049973967176
    outer loop
      vertex 149.58286224622344 -60 124.41959460073133
      vertex 145.13003899859027 -47.03337086143975 115.68043691576892
      vertex 145.11892573851733 -46.86834645257259 115.65862591479934
    endloop
  endfacet
  facet normal 0.8910065241884753 1.763331053617577e-13 -0.4539904997393361
    outer loop
      vertex 149.58286224622344 -60 124.41959460073133
      vertex 145.10052259532665 -46.70651604866742 115.62250771263899
      vertex 145.07500680134734 -46.54943816497935 115.57243014731893
    endloop
  endfacet
  facet normal 0.8910065241882793 -1.3548071518965392e-13 -0.45399049973972033
    outer loop
      vertex 149.58286224622344 -60 124.41959460073133
      vertex 145.07500680134734 -46.54943816497935 115.57243014731893
      vertex 145.0426240876238 -46.39862554739581 115.50887549316833
    endloop
  endfacet
  facet normal 0.45399049973954475 2.167438432274429e-17 0.891006524188369
    outer loop
      vertex 145.12782962528158 -60 126.68954709942906
      vertex 149.58286224622344 -60 124.41959460073133
      vertex 148 -21 125.22610319822608
    endloop
  endfacet
  facet normal -0.8910065241873961 -5.388129403703517e-13 0.4539904997414539
    outer loop
      vertex 143.75743693050853 -21 124
      vertex 140.66389311757547 -47.53165354742742 117.92857841349708
      vertex 140.6454899743848 -47.69348395133259 117.89246021133673
    endloop
  endfacet
  facet normal -0.8910065241884894 7.155115536947016e-14 0.4539904997393083
    outer loop
      vertex 143.75743693050853 -21 124
      vertex 140.67500637764843 -47.366629138560256 117.95038941446667
      vertex 140.66389311757547 -47.53165354742742 117.92857841349708
    endloop
  endfacet
  facet normal -0.8910065241881134 -1.4610853582264436e-13 0.4539904997400461
    outer loop
      vertex 143.75743693050853 -21 124
      vertex 140.678722727834 -47.2 117.95768316238308
      vertex 140.67500637764843 -47.366629138560256 117.95038941446667
    endloop
  endfacet
  facet normal -0.891006524188367 3.97871783991581e-16 0.45399049973954847
    outer loop
      vertex 143.75743693050853 -21 124
      vertex 140.50353586172105 -46.121531416921805 117.61385957852326
      vertex 140.5486536964495 -46.25553060386668 117.70240831494695
    endloop
  endfacet
  facet normal -0.8910065241883693 1.4184667957668013e-15 0.4539904997395441
    outer loop
      vertex 143.75743693050853 -21 124
      vertex 140.39655336926185 -45.88588222928335 117.40389461491772
      vertex 140.45267247190895 -45.99791847198287 117.51403455533244
    endloop
  endfacet
  facet normal -0.8910065241884381 4.633989427137353e-14 0.45399049973940914
    outer loop
      vertex 143.75743693050853 -21 124
      vertex 140.33571901141607 -45.78650165908567 117.28450046511388
      vertex 140.39655336926185 -45.88588222928335 117.40389461491772
    endloop
  endfacet
  facet normal -0.8910065241883675 -3.9938106790355915e-16 0.4539904997395478
    outer loop
      vertex 143.75743693050853 -21 124
      vertex 140.45267247190895 -45.99791847198287 117.51403455533244
      vertex 140.50353586172105 -46.121531416921805 117.61385957852326
    endloop
  endfacet
  facet normal -0.8910065241883807 6.802579523878276e-15 0.4539904997395214
    outer loop
      vertex 143.75743693050853 -21 124
      vertex 140.6454899743848 -46.70651604866742 117.89246021133673
      vertex 140.66389311757547 -46.86834645257259 117.92857841349708
    endloop
  endfacet
  facet normal -0.891006524188272 -5.663029192063957e-14 0.45399049973973493
    outer loop
      vertex 143.75743693050853 -21 124
      vertex 140.61997418040548 -46.54943816497935 117.84238264601667
      vertex 140.6454899743848 -46.70651604866742 117.89246021133673
    endloop
  endfacet
  facet normal -0.8910065241884251 3.405634595420972e-14 0.45399049973943467
    outer loop
      vertex 143.75743693050853 -21 124
      vertex 140.58759146668194 -46.39862554739581 117.77882799186607
      vertex 140.61997418040548 -46.54943816497935 117.84238264601667
    endloop
  endfacet
  facet normal -0.891006524188304 -3.774506435281629e-14 0.45399049973967237
    outer loop
      vertex 143.75743693050853 -21 124
      vertex 140.5486536964495 -46.25553060386668 117.70240831494695
      vertex 140.58759146668194 -46.39862554739581 117.77882799186607
    endloop
  endfacet
  facet normal -0.8910065241885389 9.920415907758964e-14 0.453990499739211
    outer loop
      vertex 143.75743693050853 -21 124
      vertex 140.67500637764843 -47.03337086143975 117.95038941446667
      vertex 140.678722727834 -47.2 117.95768316238308
    endloop
  endfacet
  facet normal -0.8910065241883358 -2.0585250558817192e-14 0.45399049973960964
    outer loop
      vertex 143.75743693050853 -21 124
      vertex 140.66389311757547 -46.86834645257259 117.92857841349708
      vertex 140.67500637764843 -47.03337086143975 117.95038941446667
    endloop
  endfacet
  facet normal 0.8910065241883689 1.9547189258879708e-15 -0.4539904997395447
    outer loop
      vertex 149.58286224622344 -60 124.41959460073133
      vertex 145.0426240876238 -46.39862554739581 115.50887549316833
      vertex 138 -16 101.68694747247427
    endloop
  endfacet
  facet normal -0.8910065241883682 -3.9482980233676603e-16 0.45399049973954597
    outer loop
      vertex 145.12782962528158 -60 126.68954709942906
      vertex 143.75743693050853 -21 124
      vertex 140.6454899743848 -47.69348395133259 117.89246021133673
    endloop
  endfacet
  facet normal -0.8910065241883678 3.85065605208683e-16 0.453990499739547
    outer loop
      vertex 134.76868894258945 -39.060668277683995 106.35858876757175
      vertex 139.90693887827678 -45.5 116.44297207126286
      vertex 143.75743693050853 -21 124
    endloop
  endfacet
  facet normal -0.8910065241883638 -2.5259061218809887e-15 0.45399049973955447
    outer loop
      vertex 143.75743693050853 -21 124
      vertex 139.90693887827678 -45.5 116.44297207126286
      vertex 139.98258692416292 -45.508185964657265 116.59143972083993
    endloop
  endfacet
  facet normal -0.8910065241883607 -5.4708648795329295e-15 0.4539904997395609
    outer loop
      vertex 143.75743693050853 -21 124
      vertex 139.98258692416292 -45.508185964657265 116.59143972083993
      vertex 140.05750643801375 -45.532665023314514 116.7384775457909
    endloop
  endfacet
  facet normal -0.8910065241883335 -2.5322525035648403e-14 0.4539904997396145
    outer loop
      vertex 143.75743693050853 -21 124
      vertex 140.05750643801375 -45.532665023314514 116.7384775457909
      vertex 140.13097590395572 -45.57320142925525 116.88266949148243
    endloop
  endfacet
  facet normal -0.8910065241884143 3.2196117726191153e-14 0.4539904997394558
    outer loop
      vertex 143.75743693050853 -21 124
      vertex 140.13097590395572 -45.57320142925525 116.88266949148243
      vertex 140.20228777086928 -45.62940479473082 117.02262691065421
    endloop
  endfacet
  facet normal -0.8910065241883439 -1.574041714856209e-14 0.45399049973959343
    outer loop
      vertex 143.75743693050853 -21 124
      vertex 140.20228777086928 -45.62940479473082 117.02262691065421
      vertex 140.27075526649307 -45.7007338506078 117.15700193685107
    endloop
  endfacet
  facet normal -0.8910065241883155 -3.5471862033364e-14 0.45399049973964967
    outer loop
      vertex 143.75743693050853 -21 124
      vertex 140.27075526649307 -45.7007338506078 117.15700193685107
      vertex 140.33571901141607 -45.78650165908567 117.28450046511388
    endloop
  endfacet
  facet normal -0.8910065241883659 0 0.4539904997395506
    outer loop
      vertex 145.12782962528158 -60 126.68954709942906
      vertex 145.12782962528158 -21 126.68954709942906
      vertex 143.75743693050853 -21 124
    endloop
  endfacet
  facet normal 0.453990499739545 0 0.8910065241883687
    outer loop
      vertex 145.12782962528158 -60 126.68954709942906
      vertex 148 -21 125.22610319822608
      vertex 145.12782962528158 -21 126.68954709942906
    endloop
  endfacet
  facet normal -0.8910065241883678 5.309109983162352e-16 0.4539904997395468
    outer loop
      vertex 134.76668192690602 -39.00045780718077 106.35464977750671
      vertex 138 -16 112.7003937954006
      vertex 131.96210513283472 -16 100.8503578979664
    endloop
  endfacet
  facet normal -0.8910065241883631 0 0.453990499739556
    outer loop
      vertex 138 -16 112.7003937954006
      vertex 138.54496737905816 3 113.76995249869773
      vertex 138 3 112.7003937954006
    endloop
  endfacet
  facet normal 0.8910065241883673 -2.902839704606639e-17 -0.4539904997395477
    outer loop
      vertex 149.58286224622344 -60 124.41959460073133
      vertex 138 -16 101.68694747247427
      vertex 143 3 111.5
    endloop
  endfacet
  facet normal 0.8910065241883675 0 -0.45399049973954775
    outer loop
      vertex 138 -16 101.68694747247427
      vertex 138 3 101.68694747247427
      vertex 143 3 111.5
    endloop
  endfacet
  facet normal -0.8910065241883706 2.3911285538691014e-15 0.45399049973954164
    outer loop
      vertex 134.76668192690602 -39.00045780718077 106.35464977750671
      vertex 143.75743693050856 21 124
      vertex 138 -16 112.7003937954006
    endloop
  endfacet
  facet normal -0.8910065241883679 -1.479178104305304e-16 0.45399049973954675
    outer loop
      vertex 134.76668192690602 -39.00045780718077 106.35464977750671
      vertex 143.75743693050853 -21 124
      vertex 143.7319606580338 -19.51503248252442 123.95
    endloop
  endfacet
  facet normal -0.8910065241883679 6.565246253284922e-17 0.45399049973954675
    outer loop
      vertex 134.76668192690602 -39.00045780718077 106.35464977750671
      vertex 143.7319606580338 -19.51503248252442 123.95
      vertex 143.7319606580338 -16.48496751747558 123.95
    endloop
  endfacet
  facet normal -0.8910065241883715 0 0.45399049973954
    outer loop
      vertex 143.75743693050853 -21 124
      vertex 143.75743693050853 -19.527081862025973 124
      vertex 143.7319606580338 -19.51503248252442 123.95
    endloop
  endfacet
  facet normal 0.4539904997395443 -9.591927767959388e-19 0.8910065241883692
    outer loop
      vertex 149.58286224622344 -60 124.41959460073133
      vertex 148 21 125.22610319822608
      vertex 148 -21 125.22610319822608
    endloop
  endfacet
  facet normal -0.8910065241883682 7.741252668714526e-16 0.4539904997395462
    outer loop
      vertex 134.76668192690602 -39.00045780718077 106.35464977750671
      vertex 143.7319606580338 -16.48496751747558 123.95
      vertex 143.73196065803384 16.484967517475567 123.95
    endloop
  endfacet
  facet normal -0.8910065241883675 -1.265507001294383e-16 0.45399049973954764
    outer loop
      vertex 134.76668192690602 -39.00045780718077 106.35464977750671
      vertex 143.73196065803384 16.484967517475567 123.95
      vertex 143.73196065803384 19.515032482524433 123.95
    endloop
  endfacet
  facet normal -0.8910065241883715 7.680537417815776e-16 0.45399049973953975
    outer loop
      vertex 143.75743693050853 -16.472918137974027 124
      vertex 143.73196065803384 16.484967517475567 123.95
      vertex 143.7319606580338 -16.48496751747558 123.95
    endloop
  endfacet
  facet normal -0.8910065241883635 4.6707835690796645e-18 0.45399049973955535
    outer loop
      vertex 131.96210513283472 16 100.8503578979664
      vertex 132.64309088244406 16 102.18686768424895
      vertex 132.64309088244406 19 102.18686768424895
    endloop
  endfacet
  facet normal -0.8910065241883576 -6.624850315256355e-15 0.4539904997395672
    outer loop
      vertex 131.96210513283472 16 100.8503578979664
      vertex 132.64309088244406 19 102.18686768424895
      vertex 134.76668192690602 39.00045780718077 106.35464977750671
    endloop
  endfacet
  facet normal -0.891006524188368 -1.2885297185265387e-15 0.4539904997395469
    outer loop
      vertex 134.76668192690602 39.00045780718077 106.35464977750671
      vertex 132.64309088244406 19 102.18686768424895
      vertex 138.54496737905816 19 113.76995249869773
    endloop
  endfacet
  facet normal 0.8910065241883678 1.3205126814598278e-16 -0.4539904997395468
    outer loop
      vertex 137.0981235033859 19 99.91691518555122
      vertex 144.36197149921864 45.5 114.17301957256511
      vertex 143 19 111.5
    endloop
  endfacet
  facet normal -0.8910065241883653 1.4548585969373706e-16 0.4539904997395517
    outer loop
      vertex 134.76668192690602 -39.00045780718077 106.35464977750671
      vertex 143.73196065803384 19.515032482524433 123.95
      vertex 143.75743693050856 21 124
    endloop
  endfacet
  facet normal -0.8910065241883713 7.686533836618302e-16 0.4539904997395401
    outer loop
      vertex 143.75743693050853 -16.472918137974027 124
      vertex 143.75743693050856 16.472918137974016 124
      vertex 143.73196065803384 16.484967517475567 123.95
    endloop
  endfacet
  facet normal 0.8910065241883675 0 -0.4539904997395477
    outer loop
      vertex 149.58286224622344 -60 124.41959460073133
      vertex 143 3 111.5
      vertex 149.58286224622344 60 124.41959460073133
    endloop
  endfacet
  facet normal 0.4539904997395443 0 0.8910065241883691
    outer loop
      vertex 149.58286224622344 -60 124.41959460073133
      vertex 149.58286224622344 60 124.41959460073133
      vertex 148 21 125.22610319822608
    endloop
  endfacet
  facet normal -0.8910065241883699 9.352447078658835e-16 0.4539904997395429
    outer loop
      vertex 138 -16 112.7003937954006
      vertex 145.12782962528158 60 126.68954709942906
      vertex 138.54496737905816 3 113.76995249869773
    endloop
  endfacet
  facet normal -0.8910065241883667 -5.308265100530735e-16 0.4539904997395491
    outer loop
      vertex 138 -16 112.7003937954006
      vertex 143.75743693050856 21 124
      vertex 145.12782962528158 60 126.68954709942906
    endloop
  endfacet
  facet normal -0.8910065241883713 0 0.45399049973953987
    outer loop
      vertex 143.75743693050856 21 124
      vertex 143.73196065803384 19.515032482524433 123.95
      vertex 143.75743693050856 19.527081862025984 124
    endloop
  endfacet
  facet normal -0.8910065241883682 1.5365090320889635e-17 0.45399049973954625
    outer loop
      vertex 145.12782962528158 60 126.68954709942906
      vertex 138.54496737905816 19 113.76995249869773
      vertex 138.54496737905816 3 113.76995249869773
    endloop
  endfacet
  facet normal 0.8910065241883675 5.514836464640618e-18 -0.4539904997395477
    outer loop
      vertex 149.58286224622344 60 124.41959460073133
      vertex 143 3 111.5
      vertex 143 19 111.5
    endloop
  endfacet
  facet normal -0.8910065241883685 -8.85523421039301e-17 0.45399049973954536
    outer loop
      vertex 131.96210513283472 16 100.8503578979664
      vertex 134.76668192690602 39.00045780718077 106.35464977750671
      vertex 132.03835159213668 46 101
    endloop
  endfacet
  facet normal -0.8910065241883758 -1.7214156452057355e-19 0.4539904997395314
    outer loop
      vertex 131.96210513283472 16 100.8503578979664
      vertex 132.03835159213668 46 101
      vertex 132.03835159213668 56 101
    endloop
  endfacet
  facet normal -0.8910065241883757 0 0.4539904997395313
    outer loop
      vertex 131.96210513283472 16 100.8503578979664
      vertex 132.03835159213668 56 101
      vertex 131.96210513283472 60 100.8503578979664
    endloop
  endfacet
  facet normal -0.453990499739547 0 -0.8910065241883678
    outer loop
      vertex 136.41713775377656 16 98.58040539926867
      vertex 131.96210513283472 16 100.8503578979664
      vertex 136.41713775377656 60 98.58040539926867
    endloop
  endfacet
  facet normal 0.8910065241883636 0 -0.45399049973955535
    outer loop
      vertex 136.41713775377656 16 98.58040539926867
      vertex 136.41713775377656 60 98.58040539926867
      vertex 137.0981235033859 16 99.91691518555122
    endloop
  endfacet
  facet normal 0.8910065241883635 4.6707835690796645e-18 -0.45399049973955535
    outer loop
      vertex 136.41713775377656 60 98.58040539926867
      vertex 137.0981235033859 19 99.91691518555122
      vertex 137.0981235033859 16 99.91691518555122
    endloop
  endfacet
  facet normal -0.8910065241883661 3.001323252173505e-16 0.45399049973955014
    outer loop
      vertex 134.76668192690602 39.00045780718077 106.35464977750671
      vertex 138.54496737905816 19 113.76995249869773
      vertex 137.18299587983952 45.5 111.09693292613264
    endloop
  endfacet
  facet normal 0.8910065241883678 3.4106053328432675e-16 -0.45399049973954697
    outer loop
      vertex 136.41713775377656 60 98.58040539926867
      vertex 140.86624465122412 47.2 107.31226933631467
      vertex 137.0981235033859 19 99.91691518555122
    endloop
  endfacet
  facet normal -0.8910065241885295 2.952602916779302e-13 0.4539904997392292
    outer loop
      vertex 134.76668192690602 39.00045780718077 106.35464977750671
      vertex 137.18299587983952 45.5 111.09693292613264
      vertex 134.76868894258948 39.060668277683995 106.35858876757175
    endloop
  endfacet
  facet normal -0.8910065241883668 0 0.4539904997395488
    outer loop
      vertex 134.76868894258948 39.060668277683995 106.35858876757175
      vertex 136.58639889639525 46.121531416921805 109.92604541887222
      vertex 134.76868894258948 47.90411299063132 106.35858876757175
    endloop
  endfacet
  facet normal -0.8910065241883693 1.692640973991909e-15 0.45399049973954386
    outer loop
      vertex 134.76868894258948 39.060668277683995 106.35858876757175
      vertex 136.69338138885445 45.88588222928335 110.13601038247778
      vertex 136.63726228620735 45.99791847198287 110.02587044206305
    endloop
  endfacet
  facet normal -0.8910065241883828 1.9634802250461656e-14 0.4539904997395176
    outer loop
      vertex 134.76868894258948 39.060668277683995 106.35858876757175
      vertex 136.63726228620735 45.99791847198287 110.02587044206305
      vertex 136.58639889639525 46.121531416921805 109.92604541887222
    endloop
  endfacet
  facet normal -0.8910065241883955 4.252113160493547e-14 0.4539904997394923
    outer loop
      vertex 134.76868894258948 39.060668277683995 106.35858876757175
      vertex 136.81917949162323 45.7007338506078 110.38290306054441
      vertex 136.75421574670025 45.78650165908567 110.25540453228159
    endloop
  endfacet
  facet normal -0.8910065241883376 -4.136105413312653e-14 0.4539904997396063
    outer loop
      vertex 134.76868894258948 39.060668277683995 106.35858876757175
      vertex 136.75421574670025 45.78650165908567 110.25540453228159
      vertex 136.69338138885445 45.88588222928335 110.13601038247778
    endloop
  endfacet
  facet normal -0.891006524188347 -3.0631152034951945e-14 0.4539904997395876
    outer loop
      vertex 134.76868894258948 39.060668277683995 106.35858876757175
      vertex 136.88764698724702 45.62940479473082 110.51727808674127
      vertex 136.81917949162323 45.7007338506078 110.38290306054441
    endloop
  endfacet
  facet normal -0.8910065241883932 4.222452339197257e-14 0.45399049973949723
    outer loop
      vertex 134.76868894258948 39.060668277683995 106.35858876757175
      vertex 136.95895885416058 45.57320142925525 110.65723550591304
      vertex 136.88764698724702 45.62940479473082 110.51727808674127
    endloop
  endfacet
  facet normal -0.8910065241883515 -2.6659840383026825e-14 0.453990499739579
    outer loop
      vertex 134.76868894258948 39.060668277683995 106.35858876757175
      vertex 137.03242832010255 45.532665023314514 110.80142745160458
      vertex 136.95895885416058 45.57320142925525 110.65723550591304
    endloop
  endfacet
  facet normal -0.8910065241883807 2.3449435648149183e-14 0.4539904997395215
    outer loop
      vertex 134.76868894258948 39.060668277683995 106.35858876757175
      vertex 137.18299587983952 45.5 111.09693292613264
      vertex 137.10734783395338 45.508185964657265 110.94846527655555
    endloop
  endfacet
  facet normal -0.8910065241883606 -1.094686181814112e-14 0.453990499739561
    outer loop
      vertex 134.76868894258948 39.060668277683995 106.35858876757175
      vertex 137.10734783395338 45.508185964657265 110.94846527655555
      vertex 137.03242832010255 45.532665023314514 110.80142745160458
    endloop
  endfacet
  facet normal -0.453990499739547 0 -0.8910065241883678
    outer loop
      vertex 131.96210513283472 16 100.8503578979664
      vertex 131.96210513283472 60 100.8503578979664
      vertex 136.41713775377656 60 98.58040539926867
    endloop
  endfacet
  facet normal -0.8910065241883713 4.0358619177063366e-16 0.4539904997395399
    outer loop
      vertex 132.03835159213668 56 101
      vertex 132.0638278646114 56 101.05
      vertex 131.96210513283472 60 100.8503578979664
    endloop
  endfacet
  facet normal 0.8910065241883265 -7.056144540595338e-14 -0.453990499739628
    outer loop
      vertex 136.41713775377656 60 98.58040539926867
      vertex 140.86996100140973 47.366629138560256 107.31956308423106
      vertex 140.86624465122412 47.2 107.31226933631467
    endloop
  endfacet
  facet normal -0.8910065241883861 -9.865806512451928e-14 0.45399049973951106
    outer loop
      vertex 134.76868894258948 47.90411299063132 106.35858876757175
      vertex 136.5412810616668 46.25553060386668 109.83749668244853
      vertex 136.50234329143436 46.39862554739581 109.7610770055294
    endloop
  endfacet
  facet normal -0.8910065241883661 4.101834812092715e-15 0.45399049973955025
    outer loop
      vertex 134.76868894258948 47.90411299063132 106.35858876757175
      vertex 136.58639889639525 46.121531416921805 109.92604541887222
      vertex 136.5412810616668 46.25553060386668 109.83749668244853
    endloop
  endfacet
  facet normal -0.8910065241883702 -3.172928032471112e-14 0.453990499739542
    outer loop
      vertex 134.76868894258948 47.90411299063132 106.35858876757175
      vertex 136.42604164054086 46.86834645257259 109.6113265838984
      vertex 136.4149283804679 47.03337086143975 109.58951558292881
    endloop
  endfacet
  facet normal -0.8910065241883706 -3.478347862476569e-14 0.4539904997395412
    outer loop
      vertex 134.76868894258948 47.90411299063132 106.35858876757175
      vertex 136.4149283804679 47.03337086143975 109.58951558292881
      vertex 136.4112120302823 47.2 109.5822218350124
    endloop
  endfacet
  facet normal -0.8910065241883646 3.41238291795564e-14 0.4539904997395533
    outer loop
      vertex 134.76868894258948 47.90411299063132 106.35858876757175
      vertex 136.4112120302823 47.2 109.5822218350124
      vertex 136.4149283804679 47.366629138560256 109.58951558292881
    endloop
  endfacet
  facet normal -0.8910065241883649 3.008861860755015e-14 0.4539904997395526
    outer loop
      vertex 134.76868894258948 47.90411299063132 106.35858876757175
      vertex 136.4149283804679 47.366629138560256 109.58951558292881
      vertex 136.42604164054086 47.53165354742742 109.6113265838984
    endloop
  endfacet
  facet normal -0.8910065241883663 7.934551037960467e-15 0.45399049973954975
    outer loop
      vertex 134.76868894258948 47.90411299063132 106.35858876757175
      vertex 136.50234329143436 46.39862554739581 109.7610770055294
      vertex 136.46996057771082 46.54943816497935 109.69752235137882
    endloop
  endfacet
  facet normal -0.8910065241883849 -1.0480822638845568e-13 0.45399049973951316
    outer loop
      vertex 134.76868894258948 47.90411299063132 106.35858876757175
      vertex 136.46996057771082 46.54943816497935 109.69752235137882
      vertex 136.4444447837315 46.70651604866742 109.64744478605876
    endloop
  endfacet
  facet normal -0.8910065241883424 1.850649226174794e-13 0.4539904997395968
    outer loop
      vertex 134.76868894258948 47.90411299063132 106.35858876757175
      vertex 136.4444447837315 46.70651604866742 109.64744478605876
      vertex 136.42604164054086 46.86834645257259 109.6113265838984
    endloop
  endfacet
  facet normal -0.891006524188374 -1.6679073408535805e-13 0.4539904997395347
    outer loop
      vertex 134.76868894258948 47.90411299063132 106.35858876757175
      vertex 136.42604164054086 47.53165354742742 109.6113265838984
      vertex 136.4444447837315 47.69348395133259 109.64744478605876
    endloop
  endfacet
  facet normal -0.8910065241883675 8.958713210656389e-14 0.4539904997395478
    outer loop
      vertex 134.76868894258948 47.90411299063132 106.35858876757175
      vertex 136.4444447837315 47.69348395133259 109.64744478605876
      vertex 136.46996057771082 47.850561835020656 109.69752235137882
    endloop
  endfacet
  facet normal -0.891006524188368 -6.55555598954298e-15 0.4539904997395467
    outer loop
      vertex 134.76868894258948 47.90411299063132 106.35858876757175
      vertex 136.46996057771082 47.850561835020656 109.69752235137882
      vertex 136.50234329143436 48.001374452604196 109.7610770055294
    endloop
  endfacet
  facet normal -0.891006524188369 7.642323943959161e-14 0.45399049973954475
    outer loop
      vertex 134.76868894258948 47.90411299063132 106.35858876757175
      vertex 136.50234329143436 48.001374452604196 109.7610770055294
      vertex 136.5412810616668 48.144469396133324 109.83749668244853
    endloop
  endfacet
  facet normal -0.8910065241883667 -2.904216247855015e-15 0.4539904997395491
    outer loop
      vertex 134.76868894258948 47.90411299063132 106.35858876757175
      vertex 136.5412810616668 48.144469396133324 109.83749668244853
      vertex 136.58639889639525 48.2784685830782 109.92604541887222
    endloop
  endfacet
  facet normal -0.8910065241883646 -5.5326805019413694e-14 0.45399049973955335
    outer loop
      vertex 134.76868894258948 47.90411299063132 106.35858876757175
      vertex 136.58639889639525 48.2784685830782 109.92604541887222
      vertex 136.63726228620735 48.402081528017135 110.02587044206305
    endloop
  endfacet
  facet normal -0.8910065241883671 -7.714835875715245e-15 0.4539904997395482
    outer loop
      vertex 134.76868894258948 47.90411299063132 106.35858876757175
      vertex 136.63726228620735 48.402081528017135 110.02587044206305
      vertex 136.69338138885445 48.51411777071666 110.13601038247778
    endloop
  endfacet
  facet normal -0.8910065241883781 1.6173394255744273e-13 0.4539904997395269
    outer loop
      vertex 134.76868894258948 47.90411299063132 106.35858876757175
      vertex 136.69338138885445 48.51411777071666 110.13601038247778
      vertex 136.75421574670025 48.61349834091433 110.25540453228159
    endloop
  endfacet
  facet normal -0.8910065241883678 8.42787417356598e-16 0.45399049973954686
    outer loop
      vertex 132.0638278646114 56 101.05
      vertex 145.12782962528158 60 126.68954709942906
      vertex 131.96210513283472 60 100.8503578979664
    endloop
  endfacet
  facet normal -0.8910065241883677 -7.785950224534332e-16 0.4539904997395471
    outer loop
      vertex 132.0638278646114 56 101.05
      vertex 134.76868894258948 47.90411299063132 106.35858876757175
      vertex 145.12782962528158 60 126.68954709942906
    endloop
  endfacet
  facet normal 0 1 0
    outer loop
      vertex 136.41713775377656 60 98.58040539926867
      vertex 131.96210513283472 60 100.8503578979664
      vertex 149.58286224622344 60 124.41959460073133
    endloop
  endfacet
  facet normal 0.8910065241883313 2.5723381908329267e-14 -0.4539904997396185
    outer loop
      vertex 137.0981235033859 19 99.91691518555122
      vertex 140.9573759123762 46.39862554739581 107.49112450683167
      vertex 140.99631368260864 46.25553060386668 107.5675441837508
    endloop
  endfacet
  facet normal 0.8910065241883713 -2.1196682189004915e-15 -0.4539904997395401
    outer loop
      vertex 137.0981235033859 19 99.91691518555122
      vertex 140.92499319865266 46.54943816497935 107.42756985268109
      vertex 140.9573759123762 46.39862554739581 107.49112450683167
    endloop
  endfacet
  facet normal 0.8910065241884455 -5.156760066961233e-14 -0.4539904997393945
    outer loop
      vertex 137.0981235033859 19 99.91691518555122
      vertex 140.89947740467338 46.70651604866742 107.37749228736101
      vertex 140.92499319865266 46.54943816497935 107.42756985268109
    endloop
  endfacet
  facet normal 0.8910065241883883 -1.4568535224194938e-14 -0.4539904997395067
    outer loop
      vertex 137.0981235033859 19 99.91691518555122
      vertex 141.09229490714918 45.99791847198287 107.7559179433653
      vertex 141.14841400979628 45.88588222928335 107.86605788378004
    endloop
  endfacet
  facet normal 0.8910065241883672 -3.6872062949618067e-19 -0.45399049973954797
    outer loop
      vertex 137.0981235033859 19 99.91691518555122
      vertex 140.99631368260864 46.25553060386668 107.5675441837508
      vertex 141.0414315173371 46.121531416921805 107.65609292017449
    endloop
  endfacet
  facet normal 0.8910065241883671 6.316829309442383e-16 -0.45399049973954825
    outer loop
      vertex 137.0981235033859 19 99.91691518555122
      vertex 141.0414315173371 46.121531416921805 107.65609292017449
      vertex 141.09229490714918 45.99791847198287 107.7559179433653
    endloop
  endfacet
  facet normal 0.8910065241883318 2.6071019626356618e-14 -0.45399049973961764
    outer loop
      vertex 137.0981235033859 19 99.91691518555122
      vertex 141.14841400979628 45.88588222928335 107.86605788378004
      vertex 141.2092483676421 45.78650165908567 107.98545203358385
    endloop
  endfacet
  facet normal 0.8910065241884009 -2.4688366772329505e-14 -0.45399049973948213
    outer loop
      vertex 137.0981235033859 19 99.91691518555122
      vertex 141.2092483676421 45.78650165908567 107.98545203358385
      vertex 141.27421211256507 45.7007338506078 108.11295056184667
    endloop
  endfacet
  facet normal 0.8910065241883445 1.7799251473702116e-14 -0.45399049973959266
    outer loop
      vertex 137.0981235033859 19 99.91691518555122
      vertex 141.27421211256507 45.7007338506078 108.11295056184667
      vertex 141.34267960818886 45.62940479473082 108.24732558804354
    endloop
  endfacet
  facet normal 0.8910065241883963 -2.2315461410777884e-14 -0.45399049973949085
    outer loop
      vertex 137.0981235033859 19 99.91691518555122
      vertex 141.34267960818886 45.62940479473082 108.24732558804354
      vertex 141.41399147510242 45.57320142925525 108.3872830072153
    endloop
  endfacet
  facet normal 0.8910065241883501 1.3551296518796318e-14 -0.4539904997395818
    outer loop
      vertex 137.0981235033859 19 99.91691518555122
      vertex 141.41399147510242 45.57320142925525 108.3872830072153
      vertex 141.4874609410444 45.532665023314514 108.53147495290685
    endloop
  endfacet
  facet normal 0.8910065241883631 2.6562536111058487e-15 -0.45399049973955624
    outer loop
      vertex 137.0981235033859 19 99.91691518555122
      vertex 141.56238045489522 45.508185964657265 108.67851277785782
      vertex 141.63802850078136 45.5 108.82698042743489
    endloop
  endfacet
  facet normal 0.8910065241883609 6.484984194005824e-15 -0.4539904997395603
    outer loop
      vertex 137.0981235033859 19 99.91691518555122
      vertex 141.4874609410444 45.532665023314514 108.53147495290685
      vertex 141.56238045489522 45.508185964657265 108.67851277785782
    endloop
  endfacet
  facet normal 0.8910065241883683 -4.593303466609217e-16 -0.45399049973954586
    outer loop
      vertex 137.0981235033859 19 99.91691518555122
      vertex 141.63802850078136 45.5 108.82698042743489
      vertex 144.36197149921864 45.5 114.17301957256511
    endloop
  endfacet
  facet normal 0.8910065241883636 1.1375929794269048e-15 -0.45399049973955546
    outer loop
      vertex 143 19 111.5
      vertex 144.36197149921864 45.5 114.17301957256511
      vertex 144.43761954510478 45.508185964657265 114.32148722214218
    endloop
  endfacet
  facet normal 0.8910065241883594 2.15182970453919e-15 -0.45399049973956357
    outer loop
      vertex 143 19 111.5
      vertex 144.43761954510478 45.508185964657265 114.32148722214218
      vertex 144.5125390589556 45.532665023314514 114.46852504709315
    endloop
  endfacet
  facet normal 0.8910065241885335 -1.0742938081663176e-13 -0.45399049973922156
    outer loop
      vertex 137.0981235033859 19 99.91691518555122
      vertex 140.86996100140973 47.03337086143975 107.31956308423106
      vertex 140.88107426148267 46.86834645257259 107.34137408520067
    endloop
  endfacet
  facet normal 0.8910065241882188 9.961693710657097e-14 -0.45399049973983957
    outer loop
      vertex 137.0981235033859 19 99.91691518555122
      vertex 140.88107426148267 46.86834645257259 107.34137408520067
      vertex 140.89947740467338 46.70651604866742 107.37749228736101
    endloop
  endfacet
  facet normal 0.8910065241882694 6.249022854816079e-14 -0.45399049973974015
    outer loop
      vertex 137.0981235033859 19 99.91691518555122
      vertex 140.86624465122412 47.2 107.31226933631467
      vertex 140.86996100140973 47.03337086143975 107.31956308423106
    endloop
  endfacet
  facet normal 0.8910065241883703 9.236937182782509e-15 -0.45399049973954186
    outer loop
      vertex 136.41713775377656 60 98.58040539926867
      vertex 140.8810742614827 47.53165354742742 107.34137408520067
      vertex 140.86996100140973 47.366629138560256 107.31956308423106
    endloop
  endfacet
  facet normal 0.8910065241883572 -1.8469142950227076e-14 -0.4539904997395676
    outer loop
      vertex 136.41713775377656 60 98.58040539926867
      vertex 140.89947740467338 47.69348395133259 107.37749228736101
      vertex 140.8810742614827 47.53165354742742 107.34137408520067
    endloop
  endfacet
  facet normal 0.8910065241883476 -3.336281871494779e-14 -0.4539904997395867
    outer loop
      vertex 136.41713775377656 60 98.58040539926867
      vertex 140.9249931986527 47.850561835020656 107.42756985268109
      vertex 140.89947740467338 47.69348395133259 107.37749228736101
    endloop
  endfacet
  facet normal 0.8910065241884295 1.1112055617702554e-13 -0.4539904997394259
    outer loop
      vertex 136.41713775377656 60 98.58040539926867
      vertex 140.9573759123762 48.001374452604196 107.49112450683167
      vertex 140.9249931986527 47.850561835020656 107.42756985268109
    endloop
  endfacet
  facet normal 0.891006524188344 -4.5156674271839177e-14 -0.45399049973959366
    outer loop
      vertex 136.41713775377656 60 98.58040539926867
      vertex 140.99631368260864 48.144469396133324 107.5675441837508
      vertex 140.9573759123762 48.001374452604196 107.49112450683167
    endloop
  endfacet
  facet normal 0.8910065241883675 1.2767146744210565e-15 -0.4539904997395478
    outer loop
      vertex 136.41713775377656 60 98.58040539926867
      vertex 141.0414315173371 48.2784685830782 107.65609292017449
      vertex 140.99631368260864 48.144469396133324 107.5675441837508
    endloop
  endfacet
  facet normal 0.8910065241883667 -3.031505021471228e-16 -0.45399049973954914
    outer loop
      vertex 136.41713775377656 60 98.58040539926867
      vertex 141.09229490714918 48.402081528017135 107.7559179433653
      vertex 141.0414315173371 48.2784685830782 107.65609292017449
    endloop
  endfacet
  facet normal 0.8910065241883818 2.9831467658916984e-14 -0.4539904997395197
    outer loop
      vertex 136.41713775377656 60 98.58040539926867
      vertex 141.14841400979628 48.51411777071666 107.86605788378004
      vertex 141.09229490714918 48.402081528017135 107.7559179433653
    endloop
  endfacet
  facet normal 0.891006524188342 -5.287853533657337e-14 -0.4539904997395975
    outer loop
      vertex 136.41713775377656 60 98.58040539926867
      vertex 141.2092483676421 48.61349834091433 107.98545203358385
      vertex 141.14841400979628 48.51411777071666 107.86605788378004
    endloop
  endfacet
  facet normal 0.8910065241883938 5.3469257038642925e-14 -0.45399049973949596
    outer loop
      vertex 136.41713775377656 60 98.58040539926867
      vertex 141.27421211256507 48.69926614939221 108.11295056184667
      vertex 141.2092483676421 48.61349834091433 107.98545203358385
    endloop
  endfacet
  facet normal 0.891006524188349 -3.731102667145998e-14 -0.45399049973958394
    outer loop
      vertex 136.41713775377656 60 98.58040539926867
      vertex 141.34267960818886 48.77059520526919 108.24732558804354
      vertex 141.27421211256507 48.69926614939221 108.11295056184667
    endloop
  endfacet
  facet normal 0.891006524188392 5.280584212117964e-14 -0.4539904997394995
    outer loop
      vertex 136.41713775377656 60 98.58040539926867
      vertex 141.41399147510242 48.82679857074476 108.3872830072153
      vertex 141.34267960818886 48.77059520526919 108.24732558804354
    endloop
  endfacet
  facet normal 0.8910065241883526 -3.282364577774413e-14 -0.45399049973957656
    outer loop
      vertex 136.41713775377656 60 98.58040539926867
      vertex 141.4874609410444 48.86733497668549 108.53147495290685
      vertex 141.41399147510242 48.82679857074476 108.3872830072153
    endloop
  endfacet
  facet normal 0.8910065241883615 -1.58059587443336e-14 -0.45399049973955946
    outer loop
      vertex 136.41713775377656 60 98.58040539926867
      vertex 141.56238045489522 48.89181403534274 108.67851277785782
      vertex 141.4874609410444 48.86733497668549 108.53147495290685
    endloop
  endfacet
  facet normal 0.8910065241883629 -6.315968143839359e-15 -0.45399049973955646
    outer loop
      vertex 136.41713775377656 60 98.58040539926867
      vertex 141.63802850078136 48.900000000000006 108.82698042743489
      vertex 141.56238045489522 48.89181403534274 108.67851277785782
    endloop
  endfacet
  facet normal 0.8910065241883683 2.4916754696773424e-15 -0.45399049973954597
    outer loop
      vertex 136.41713775377656 60 98.58040539926867
      vertex 144.36197149921864 48.900000000000006 114.17301957256511
      vertex 141.63802850078136 48.900000000000006 108.82698042743489
    endloop
  endfacet
  facet normal 0.8910065241883675 -5.24787989651685e-16 -0.45399049973954764
    outer loop
      vertex 136.41713775377656 60 98.58040539926867
      vertex 149.58286224622344 60 124.41959460073133
      vertex 144.36197149921864 48.900000000000006 114.17301957256511
    endloop
  endfacet
  facet normal -0.8910065241883678 -1.2205234274854232e-16 0.4539904997395468
    outer loop
      vertex 138.54496737905816 19 113.76995249869773
      vertex 139.9069388782768 45.5 116.44297207126284
      vertex 137.18299587983952 45.5 111.09693292613264
    endloop
  endfacet
  facet normal -0.8910065241883655 -9.975013757328436e-15 0.45399049973955147
    outer loop
      vertex 134.76868894258948 47.90411299063132 106.35858876757175
      vertex 136.75421574670025 48.61349834091433 110.25540453228159
      vertex 145.12782962528158 60 126.68954709942906
    endloop
  endfacet
  facet normal -0.8910065241883643 -1.1536215825735845e-15 0.4539904997395539
    outer loop
      vertex 138.54496737905816 19 113.76995249869773
      vertex 139.98258692416294 45.508185964657265 116.59143972083992
      vertex 139.9069388782768 45.5 116.44297207126284
    endloop
  endfacet
  facet normal -0.8910065241884487 2.1190256214826064e-14 0.4539904997393882
    outer loop
      vertex 138.54496737905816 19 113.76995249869773
      vertex 140.05750643801375 45.532665023314514 116.7384775457909
      vertex 139.98258692416294 45.508185964657265 116.59143972083992
    endloop
  endfacet
  facet normal -0.8910065241883287 -1.1786379588452624e-14 0.45399049973962335
    outer loop
      vertex 138.54496737905816 19 113.76995249869773
      vertex 140.13097590395572 45.57320142925525 116.88266949148243
      vertex 140.05750643801375 45.532665023314514 116.7384775457909
    endloop
  endfacet
  facet normal -0.8910065241883252 -1.3168433014544718e-14 0.4539904997396305
    outer loop
      vertex 138.54496737905816 19 113.76995249869773
      vertex 140.2022877708693 45.62940479473082 117.0226269106542
      vertex 140.13097590395572 45.57320142925525 116.88266949148243
    endloop
  endfacet
  facet normal -0.8910065241884407 2.2023564799919542e-14 0.45399049973940375
    outer loop
      vertex 138.54496737905816 19 113.76995249869773
      vertex 140.27075526649307 45.7007338506078 117.15700193685107
      vertex 140.2022877708693 45.62940479473082 117.0226269106542
    endloop
  endfacet
  facet normal -0.8910065241883006 -2.1984876924762385e-14 0.453990499739679
    outer loop
      vertex 138.54496737905816 19 113.76995249869773
      vertex 140.33571901141607 45.78650165908567 117.28450046511388
      vertex 140.27075526649307 45.7007338506078 117.15700193685107
    endloop
  endfacet
  facet normal -0.8910065241884634 3.087494748122467e-14 0.45399049973935923
    outer loop
      vertex 138.54496737905816 19 113.76995249869773
      vertex 140.39655336926185 45.88588222928335 117.40389461491772
      vertex 140.33571901141607 45.78650165908567 117.28450046511388
    endloop
  endfacet
  facet normal -0.8910065241882346 -4.591881960811906e-14 0.45399049973980854
    outer loop
      vertex 138.54496737905816 19 113.76995249869773
      vertex 140.45267247190898 45.99791847198287 117.51403455533243
      vertex 140.39655336926185 45.88588222928335 117.40389461491772
    endloop
  endfacet
  facet normal -0.8910065241885213 5.26067450567871e-14 0.45399049973924566
    outer loop
      vertex 138.54496737905816 19 113.76995249869773
      vertex 140.50353586172105 46.121531416921805 117.61385957852326
      vertex 140.45267247190898 45.99791847198287 117.51403455533243
    endloop
  endfacet
  facet normal -0.8910065241881819 -6.619858394986325e-14 0.4539904997399118
    outer loop
      vertex 138.54496737905816 19 113.76995249869773
      vertex 140.54865369644952 46.25553060386668 117.70240831494694
      vertex 140.50353586172105 46.121531416921805 117.61385957852326
    endloop
  endfacet
  facet normal -0.8910065241884738 3.7807662677891504e-14 0.4539904997393389
    outer loop
      vertex 138.54496737905816 19 113.76995249869773
      vertex 140.58759146668194 46.39862554739581 117.77882799186607
      vertex 140.54865369644952 46.25553060386668 117.70240831494694
    endloop
  endfacet
  facet normal -0.8910065241885035 4.862614030366926e-14 0.4539904997392807
    outer loop
      vertex 138.54496737905816 19 113.76995249869773
      vertex 140.61997418040548 46.54943816497935 117.84238264601667
      vertex 140.58759146668194 46.39862554739581 117.77882799186607
    endloop
  endfacet
  facet normal -0.8910065241880555 -1.1656215279029267e-13 0.45399049974015987
    outer loop
      vertex 138.54496737905816 19 113.76995249869773
      vertex 140.6454899743848 46.70651604866742 117.89246021133673
      vertex 140.61997418040548 46.54943816497935 117.84238264601667
    endloop
  endfacet
  facet normal 0.8910065241883485 5.529688636254104e-15 -0.4539904997395851
    outer loop
      vertex 143 19 111.5
      vertex 144.5125390589556 45.532665023314514 114.46852504709315
      vertex 144.58600852489758 45.57320142925525 114.6127169927847
    endloop
  endfacet
  facet normal 0.8910065241884018 -1.0131348949694072e-14 -0.45399049973948036
    outer loop
      vertex 143 19 111.5
      vertex 144.58600852489758 45.57320142925525 114.6127169927847
      vertex 144.65732039181114 45.62940479473082 114.75267441195646
    endloop
  endfacet
  facet normal 0.8910065241883388 8.772978282637987e-15 -0.45399049973960376
    outer loop
      vertex 143 19 111.5
      vertex 144.65732039181114 45.62940479473082 114.75267441195646
      vertex 144.72578788743493 45.7007338506078 114.88704943815333
    endloop
  endfacet
  facet normal 0.8910065241884118 -1.3825809435364314e-14 -0.4539904997394607
    outer loop
      vertex 143 19 111.5
      vertex 144.72578788743493 45.7007338506078 114.88704943815333
      vertex 144.7907516323579 45.78650165908567 115.01454796641615
    endloop
  endfacet
  facet normal 0.8910065241883431 8.579786079628251e-15 -0.4539904997395953
    outer loop
      vertex 143 19 111.5
      vertex 144.7907516323579 45.78650165908567 115.01454796641615
      vertex 144.85158599020372 45.88588222928335 115.13394211621997
    endloop
  endfacet
  facet normal 0.8910065241883697 -9.163612318818395e-16 -0.4539904997395432
    outer loop
      vertex 143 19 111.5
      vertex 144.85158599020372 45.88588222928335 115.13394211621997
      vertex 144.90770509285082 45.99791847198287 115.2440820566347
    endloop
  endfacet
  facet normal 0.8910065241883658 5.582059123782569e-16 -0.4539904997395508
    outer loop
      vertex 143 19 111.5
      vertex 144.90770509285082 45.99791847198287 115.2440820566347
      vertex 144.9585684826629 46.121531416921805 115.34390707982551
    endloop
  endfacet
  facet normal 0.8910065241883688 -1.0976016967896119e-16 -0.453990499739545
    outer loop
      vertex 143 19 111.5
      vertex 144.9585684826629 46.121531416921805 115.34390707982551
      vertex 145.00368631739136 46.25553060386668 115.4324558162492
    endloop
  endfacet
  facet normal 0.8910065241882882 2.8304045901281126e-14 -0.4539904997397031
    outer loop
      vertex 143 19 111.5
      vertex 145.00368631739136 46.25553060386668 115.4324558162492
      vertex 145.0426240876238 46.39862554739581 115.50887549316833
    endloop
  endfacet
  facet normal 0.8910065241884421 -2.7419998922019678e-14 -0.4539904997394011
    outer loop
      vertex 143 19 111.5
      vertex 145.0426240876238 46.39862554739581 115.50887549316833
      vertex 145.07500680134734 46.54943816497935 115.57243014731893
    endloop
  endfacet
  facet normal 0.8910065241885344 -6.017890506593918e-14 -0.4539904997392199
    outer loop
      vertex 143 19 111.5
      vertex 145.07500680134734 46.54943816497935 115.57243014731893
      vertex 145.10052259532662 46.70651604866742 115.62250771263899
    endloop
  endfacet
  facet normal -0.8910065241884413 2.5675442959068356e-14 0.4539904997394026
    outer loop
      vertex 138.54496737905816 19 113.76995249869773
      vertex 140.66389311757547 46.86834645257259 117.92857841349708
      vertex 140.6454899743848 46.70651604866742 117.89246021133673
    endloop
  endfacet
  facet normal -0.8910065241883676 -4.4228510287927444e-16 0.45399049973954725
    outer loop
      vertex 145.12782962528158 60 126.68954709942906
      vertex 140.66389311757547 46.86834645257259 117.92857841349708
      vertex 138.54496737905816 19 113.76995249869773
    endloop
  endfacet
  facet normal 0.8910065241875939 2.8734032028093365e-13 -0.45399049974106576
    outer loop
      vertex 143 19 111.5
      vertex 145.10052259532662 46.70651604866742 115.62250771263899
      vertex 145.11892573851733 46.86834645257259 115.65862591479934
    endloop
  endfacet
  facet normal -0.8910065241883698 -1.684154303206184e-18 0.45399049973954314
    outer loop
      vertex 143.75743693050856 21 124
      vertex 145.12782962528158 21 126.68954709942906
      vertex 145.12782962528158 60 126.68954709942906
    endloop
  endfacet
  facet normal 0.453990499739545 -3.6219647137846607e-17 0.8910065241883687
    outer loop
      vertex 145.12782962528158 21 126.68954709942906
      vertex 148 21 125.22610319822608
      vertex 149.58286224622344 60 124.41959460073133
    endloop
  endfacet
  facet normal 0.8910065241883683 -7.435917916432482e-16 -0.45399049973954586
    outer loop
      vertex 149.58286224622344 60 124.41959460073133
      vertex 143 19 111.5
      vertex 145.11892573851733 46.86834645257259 115.65862591479934
    endloop
  endfacet
  facet normal -0.8910065241896259 4.9795296788577645e-12 0.45399049973707745
    outer loop
      vertex 145.12782962528158 60 126.68954709942906
      vertex 136.75421574670025 48.61349834091433 110.25540453228159
      vertex 136.81917949162323 48.69926614939221 110.38290306054441
    endloop
  endfacet
  facet normal -0.891006524188253 -3.989591453607511e-13 0.45399049973977257
    outer loop
      vertex 145.12782962528158 60 126.68954709942906
      vertex 136.81917949162323 48.69926614939221 110.38290306054441
      vertex 136.88764698724702 48.77059520526919 110.51727808674127
    endloop
  endfacet
  facet normal -0.8910065241884149 1.0091475190395084e-13 0.4539904997394544
    outer loop
      vertex 145.12782962528158 60 126.68954709942906
      vertex 140.2022877708693 48.77059520526919 117.0226269106542
      vertex 140.27075526649307 48.69926614939221 117.15700193685107
    endloop
  endfacet
  facet normal -0.8910065241883288 -8.028798771469112e-14 0.4539904997396233
    outer loop
      vertex 145.12782962528158 60 126.68954709942906
      vertex 140.27075526649307 48.69926614939221 117.15700193685107
      vertex 140.33571901141607 48.61349834091433 117.28450046511388
    endloop
  endfacet
  facet normal -0.891006524188391 3.5639828365278495e-14 0.45399049973950145
    outer loop
      vertex 145.12782962528158 60 126.68954709942906
      vertex 140.67500637764843 47.03337086143975 117.95038941446667
      vertex 140.66389311757547 46.86834645257259 117.92857841349708
    endloop
  endfacet
  facet normal -0.8910065241882923 -1.2621759464503577e-13 0.45399049973969496
    outer loop
      vertex 145.12782962528158 60 126.68954709942906
      vertex 140.678722727834 47.2 117.95768316238308
      vertex 140.67500637764843 47.03337086143975 117.95038941446667
    endloop
  endfacet
  facet normal -0.8910065241884324 1.0934909430201721e-13 0.45399049973942
    outer loop
      vertex 145.12782962528158 60 126.68954709942906
      vertex 140.67500637764843 47.366629138560256 117.95038941446667
      vertex 140.678722727834 47.2 117.95768316238308
    endloop
  endfacet
  facet normal -0.8910065241883529 -2.743388928366856e-14 0.45399049973957606
    outer loop
      vertex 145.12782962528158 60 126.68954709942906
      vertex 140.66389311757547 47.53165354742742 117.92857841349708
      vertex 140.67500637764843 47.366629138560256 117.95038941446667
    endloop
  endfacet
  facet normal -0.8910065241883742 1.1393100470756738e-14 0.45399049973953426
    outer loop
      vertex 145.12782962528158 60 126.68954709942906
      vertex 140.6454899743848 47.69348395133259 117.89246021133673
      vertex 140.66389311757547 47.53165354742742 117.92857841349708
    endloop
  endfacet
  facet normal -0.8910065241883165 -9.140323785458641e-14 0.4539904997396478
    outer loop
      vertex 145.12782962528158 60 126.68954709942906
      vertex 140.61997418040548 47.850561835020656 117.84238264601667
      vertex 140.6454899743848 47.69348395133259 117.89246021133673
    endloop
  endfacet
  facet normal -0.8910065241884009 5.80936788660204e-14 0.4539904997394821
    outer loop
      vertex 145.12782962528158 60 126.68954709942906
      vertex 140.58759146668194 48.001374452604196 117.77882799186607
      vertex 140.61997418040548 47.850561835020656 117.84238264601667
    endloop
  endfacet
  facet normal -0.8910065241884322 1.2399761402786975e-13 0.45399049973942035
    outer loop
      vertex 145.12782962528158 60 126.68954709942906
      vertex 140.45267247190898 48.402081528017135 117.51403455533243
      vertex 140.50353586172105 48.2784685830782 117.61385957852326
    endloop
  endfacet
  facet normal -0.8910065241883013 -1.2640987170330614e-13 0.45399049973967764
    outer loop
      vertex 145.12782962528158 60 126.68954709942906
      vertex 140.50353586172105 48.2784685830782 117.61385957852326
      vertex 140.54865369644952 48.144469396133324 117.70240831494694
    endloop
  endfacet
  facet normal -0.8910065241884 5.881883838834508e-14 0.4539904997394836
    outer loop
      vertex 145.12782962528158 60 126.68954709942906
      vertex 140.54865369644952 48.144469396133324 117.70240831494694
      vertex 140.58759146668194 48.001374452604196 117.77882799186607
    endloop
  endfacet
  facet normal -0.8910065241884193 1.0165946963323417e-13 0.453990499739446
    outer loop
      vertex 145.12782962528158 60 126.68954709942906
      vertex 140.33571901141607 48.61349834091433 117.28450046511388
      vertex 140.39655336926185 48.51411777071666 117.40389461491772
    endloop
  endfacet
  facet normal -0.8910065241883045 -1.235236981392162e-13 0.45399049973967104
    outer loop
      vertex 145.12782962528158 60 126.68954709942906
      vertex 140.39655336926185 48.51411777071666 117.40389461491772
      vertex 140.45267247190898 48.402081528017135 117.51403455533243
    endloop
  endfacet
  facet normal -0.8910065241884453 2.5808720755080363e-13 0.4539904997393951
    outer loop
      vertex 145.12782962528158 60 126.68954709942906
      vertex 136.88764698724702 48.77059520526919 110.51727808674127
      vertex 136.95895885416058 48.82679857074476 110.65723550591304
    endloop
  endfacet
  facet normal -0.8910065241883358 -1.2185884927197127e-13 0.4539904997396099
    outer loop
      vertex 145.12782962528158 60 126.68954709942906
      vertex 136.95895885416058 48.82679857074476 110.65723550591304
      vertex 137.03242832010255 48.86733497668549 110.80142745160458
    endloop
  endfacet
  facet normal -0.8910065241883548 -3.427883531115414e-14 0.4539904997395724
    outer loop
      vertex 145.12782962528158 60 126.68954709942906
      vertex 137.03242832010255 48.86733497668549 110.80142745160458
      vertex 137.10734783395338 48.89181403534274 110.94846527655555
    endloop
  endfacet
  facet normal -0.8910065241883837 5.0825473948016134e-14 0.4539904997395158
    outer loop
      vertex 145.12782962528158 60 126.68954709942906
      vertex 137.10734783395338 48.89181403534274 110.94846527655555
      vertex 137.18299587983952 48.900000000000006 111.09693292613264
    endloop
  endfacet
  facet normal -0.8910065241883678 -7.956236318874571e-16 0.4539904997395468
    outer loop
      vertex 145.12782962528158 60 126.68954709942906
      vertex 137.18299587983952 48.900000000000006 111.09693292613264
      vertex 139.9069388782768 48.900000000000006 116.44297207126284
    endloop
  endfacet
  facet normal -0.8910065241883636 -9.921465066486718e-15 0.4539904997395552
    outer loop
      vertex 145.12782962528158 60 126.68954709942906
      vertex 139.9069388782768 48.900000000000006 116.44297207126284
      vertex 139.98258692416294 48.89181403534274 116.59143972083992
    endloop
  endfacet
  facet normal -0.8910065241884375 1.525250540310459e-13 0.4539904997394102
    outer loop
      vertex 145.12782962528158 60 126.68954709942906
      vertex 139.98258692416294 48.89181403534274 116.59143972083992
      vertex 140.05750643801375 48.86733497668549 116.7384775457909
    endloop
  endfacet
  facet normal -0.8910065241883371 -6.432285650947054e-14 0.4539904997396072
    outer loop
      vertex 145.12782962528158 60 126.68954709942906
      vertex 140.05750643801375 48.86733497668549 116.7384775457909
      vertex 140.13097590395572 48.82679857074476 116.88266949148243
    endloop
  endfacet
  facet normal -0.8910065241883375 -6.461936284033435e-14 0.4539904997396064
    outer loop
      vertex 145.12782962528158 60 126.68954709942906
      vertex 140.13097590395572 48.82679857074476 116.88266949148243
      vertex 140.2022877708693 48.77059520526919 117.0226269106542
    endloop
  endfacet
  facet normal 0 1 0
    outer loop
      vertex 131.96210513283472 60 100.8503578979664
      vertex 145.12782962528158 60 126.68954709942906
      vertex 149.58286224622344 60 124.41959460073133
    endloop
  endfacet
  facet normal 0.8910065241883486 3.8680367361765896e-14 -0.45399049973958455
    outer loop
      vertex 149.58286224622344 60 124.41959460073133
      vertex 144.72578788743493 48.69926614939221 114.88704943815333
      vertex 144.65732039181114 48.77059520526919 114.75267441195646
    endloop
  endfacet
  facet normal 0.8910065241883927 -5.287159784454743e-14 -0.4539904997394983
    outer loop
      vertex 149.58286224622344 60 124.41959460073133
      vertex 144.7907516323579 48.61349834091433 115.01454796641615
      vertex 144.72578788743493 48.69926614939221 114.88704943815333
    endloop
  endfacet
  facet normal 0.8910065241882739 1.507198004192235e-13 -0.45399049973973116
    outer loop
      vertex 149.58286224622344 60 124.41959460073133
      vertex 145.11892573851733 46.86834645257259 115.65862591479934
      vertex 145.13003899859027 47.03337086143975 115.68043691576894
    endloop
  endfacet
  facet normal 0.8910065241884154 -8.02375667660964e-14 -0.4539904997394536
    outer loop
      vertex 149.58286224622344 60 124.41959460073133
      vertex 145.13003899859027 47.03337086143975 115.68043691576894
      vertex 145.13375534877588 47.2 115.68773066368533
    endloop
  endfacet
  facet normal 0.8910065241883252 6.823153031768318e-14 -0.45399049973963074
    outer loop
      vertex 149.58286224622344 60 124.41959460073133
      vertex 145.13375534877588 47.2 115.68773066368533
      vertex 145.13003899859027 47.366629138560256 115.68043691576894
    endloop
  endfacet
  facet normal 0.891006524188305 1.0922810411399708e-13 -0.4539904997396703
    outer loop
      vertex 149.58286224622344 60 124.41959460073133
      vertex 145.11892573851733 47.53165354742742 115.65862591479934
      vertex 145.10052259532662 47.69348395133259 115.62250771263899
    endloop
  endfacet
  facet normal 0.8910065241883939 -5.0867745035824424e-14 -0.45399049973949585
    outer loop
      vertex 149.58286224622344 60 124.41959460073133
      vertex 145.10052259532662 47.69348395133259 115.62250771263899
      vertex 145.07500680134734 47.850561835020656 115.57243014731893
    endloop
  endfacet
  facet normal 0.8910065241883858 -3.083525837021898e-14 -0.4539904997395115
    outer loop
      vertex 149.58286224622344 60 124.41959460073133
      vertex 145.07500680134734 47.850561835020656 115.57243014731893
      vertex 145.0426240876238 48.001374452604196 115.50887549316833
    endloop
  endfacet
  facet normal 0.8910065241884277 -1.04944303709609e-13 -0.4539904997394294
    outer loop
      vertex 149.58286224622344 60 124.41959460073133
      vertex 145.13003899859027 47.366629138560256 115.68043691576894
      vertex 145.11892573851733 47.53165354742742 115.65862591479934
    endloop
  endfacet
  facet normal 0.8910065241883675 4.959585090237448e-16 -0.4539904997395477
    outer loop
      vertex 149.58286224622344 60 124.41959460073133
      vertex 144.9585684826629 48.2784685830782 115.34390707982551
      vertex 144.90770509285082 48.402081528017135 115.2440820566347
    endloop
  endfacet
  facet normal 0.8910065241883682 4.975329187323026e-16 -0.45399049973954586
    outer loop
      vertex 149.58286224622344 60 124.41959460073133
      vertex 145.00368631739136 48.144469396133324 115.4324558162492
      vertex 144.9585684826629 48.2784685830782 115.34390707982551
    endloop
  endfacet
  facet normal 0.8910065241883437 4.491620522165243e-14 -0.4539904997395942
    outer loop
      vertex 149.58286224622344 60 124.41959460073133
      vertex 145.0426240876238 48.001374452604196 115.50887549316833
      vertex 145.00368631739136 48.144469396133324 115.4324558162492
    endloop
  endfacet
  facet normal 0.8910065241883539 2.5670241110743282e-14 -0.45399049973957406
    outer loop
      vertex 149.58286224622344 60 124.41959460073133
      vertex 144.85158599020372 48.51411777071666 115.13394211621997
      vertex 144.7907516323579 48.61349834091433 115.01454796641615
    endloop
  endfacet
  facet normal 0.8910065241883681 -4.2092290024652244e-15 -0.45399049973954647
    outer loop
      vertex 149.58286224622344 60 124.41959460073133
      vertex 144.90770509285082 48.402081528017135 115.2440820566347
      vertex 144.85158599020372 48.51411777071666 115.13394211621997
    endloop
  endfacet
  facet normal 0.45399049973954475 0 0.891006524188369
    outer loop
      vertex 145.12782962528158 21 126.68954709942906
      vertex 149.58286224622344 60 124.41959460073133
      vertex 145.12782962528158 60 126.68954709942906
    endloop
  endfacet
  facet normal 0.8910065241883646 8.734944982603237e-15 -0.4539904997395534
    outer loop
      vertex 149.58286224622344 60 124.41959460073133
      vertex 144.43761954510478 48.89181403534274 114.32148722214218
      vertex 144.36197149921864 48.900000000000006 114.17301957256511
    endloop
  endfacet
  facet normal 0.8910065241883611 1.5802449445151076e-14 -0.4539904997395602
    outer loop
      vertex 149.58286224622344 60 124.41959460073133
      vertex 144.5125390589556 48.86733497668549 114.46852504709315
      vertex 144.43761954510478 48.89181403534274 114.32148722214218
    endloop
  endfacet
  facet normal 0.8910065241883517 3.179255374601907e-14 -0.4539904997395788
    outer loop
      vertex 149.58286224622344 60 124.41959460073133
      vertex 144.58600852489758 48.82679857074476 114.6127169927847
      vertex 144.5125390589556 48.86733497668549 114.46852504709315
    endloop
  endfacet
  facet normal 0.8910065241883909 -5.333369433909573e-14 -0.45399049973950184
    outer loop
      vertex 149.58286224622344 60 124.41959460073133
      vertex 144.65732039181114 48.77059520526919 114.75267441195646
      vertex 144.58600852489758 48.82679857074476 114.6127169927847
    endloop
  endfacet
  facet normal 0 0.5956993044924567 0.8032075314806276
    outer loop
      vertex 128 -12.078468583078198 87.68588222928335
      vertex 121 -11.944469396133323 87.58650165908567
      vertex 121 -12.078468583078198 87.68588222928335
    endloop
  endfacet
  facet normal 0 0.5141027441931887 0.8577286100002919
    outer loop
      vertex 128 -11.944469396133323 87.58650165908567
      vertex 121 -11.801374452604197 87.5007338506078
      vertex 121 -11.944469396133323 87.58650165908567
    endloop
  endfacet
  facet normal 0 0.4275550934302967 0.9039892931234363
    outer loop
      vertex 128 -11.801374452604197 87.5007338506078
      vertex 121 -11.650561835020653 87.42940479473081
      vertex 121 -11.801374452604197 87.5007338506078
    endloop
  endfacet
  facet normal 0 0.3368898533922202 0.9415440651830207
    outer loop
      vertex 128 -11.650561835020653 87.42940479473081
      vertex 121 -11.493483951332585 87.37320142925525
      vertex 121 -11.650561835020653 87.42940479473081
    endloop
  endfacet
  facet normal 0 0.24298017990329385 0.9700312531945365
    outer loop
      vertex 128 -11.493483951332585 87.37320142925525
      vertex 121 -11.331653547427418 87.3326650233145
      vertex 121 -11.493483951332585 87.37320142925525
    endloop
  endfacet
  facet normal 0 0.14673047445531526 0.9891765099647879
    outer loop
      vertex 128 -11.331653547427418 87.3326650233145
      vertex 121 -11.166629138560253 87.30818596465727
      vertex 121 -11.331653547427418 87.3326650233145
    endloop
  endfacet
  facet normal 0 0.740951125354978 0.6715589548469976
    outer loop
      vertex 128 -12.314117770716653 87.92153141692181
      vertex 121 -12.20208152801713 87.79791847198287
      vertex 121 -12.314117770716653 87.92153141692181
    endloop
  endfacet
  facet normal 0 0.8032075314806215 0.5956993044924649
    outer loop
      vertex 128 -12.413498340914327 88.05553060386667
      vertex 121 -12.314117770716653 87.92153141692181
      vertex 121 -12.413498340914327 88.05553060386667
    endloop
  endfacet
  facet normal 0 0.9039892931234408 0.4275550934302876
    outer loop
      vertex 128 -12.570595205269187 88.34943816497935
      vertex 121 -12.499266149392204 88.1986255473958
      vertex 121 -12.570595205269187 88.34943816497935
    endloop
  endfacet
  facet normal 0 0.8577286100002824 0.5141027441932045
    outer loop
      vertex 128 -12.499266149392204 88.1986255473958
      vertex 121 -12.413498340914327 88.05553060386667
      vertex 121 -12.499266149392204 88.1986255473958
    endloop
  endfacet
  facet normal 0 0.9415440651830158 0.33688985339223376
    outer loop
      vertex 128 -12.626798570744755 88.50651604866741
      vertex 121 -12.570595205269187 88.34943816497935
      vertex 121 -12.626798570744755 88.50651604866741
    endloop
  endfacet
  facet normal 0 0.9891765099647821 0.1467304744553538
    outer loop
      vertex 128 -12.691814035342734 88.83337086143975
      vertex 121 -12.667334976685492 88.66834645257258
      vertex 121 -12.691814035342734 88.83337086143975
    endloop
  endfacet
  facet normal 0 0.9987954562051724 0.04906767432741786
    outer loop
      vertex 128 -12.7 89
      vertex 121 -12.691814035342734 88.83337086143975
      vertex 121 -12.7 89
    endloop
  endfacet
  facet normal 0 0.9987954562051724 -0.04906767432741786
    outer loop
      vertex 128 -12.691814035342734 89.16662913856025
      vertex 121 -12.7 89
      vertex 121 -12.691814035342734 89.16662913856025
    endloop
  endfacet
  facet normal 0 0.9891765099647821 -0.1467304744553538
    outer loop
      vertex 128 -12.667334976685492 89.33165354742742
      vertex 121 -12.691814035342734 89.16662913856025
      vertex 121 -12.667334976685492 89.33165354742742
    endloop
  endfacet
  facet normal 0 0.9700312531945453 0.24298017990325876
    outer loop
      vertex 128 -12.667334976685492 88.66834645257258
      vertex 121 -12.626798570744755 88.50651604866741
      vertex 121 -12.667334976685492 88.66834645257258
    endloop
  endfacet
  facet normal 0 0.9700312531945453 -0.24298017990325876
    outer loop
      vertex 128 -12.626798570744755 89.49348395133259
      vertex 121 -12.667334976685492 89.33165354742742
      vertex 121 -12.626798570744755 89.49348395133259
    endloop
  endfacet
  facet normal 0 0.6715589548470066 0.7409511253549698
    outer loop
      vertex 128 -12.20208152801713 87.79791847198287
      vertex 121 -12.078468583078198 87.68588222928335
      vertex 121 -12.20208152801713 87.79791847198287
    endloop
  endfacet
  facet normal 0 0.9415440651830158 -0.33688985339223376
    outer loop
      vertex 128 -12.570595205269187 89.65056183502065
      vertex 121 -12.626798570744755 89.49348395133259
      vertex 121 -12.570595205269187 89.65056183502065
    endloop
  endfacet
  facet normal 0 0.9039892931234408 -0.4275550934302876
    outer loop
      vertex 128 -12.499266149392204 89.8013744526042
      vertex 121 -12.570595205269187 89.65056183502065
      vertex 121 -12.499266149392204 89.8013744526042
    endloop
  endfacet
  facet normal 0 0.8577286100002824 -0.5141027441932045
    outer loop
      vertex 128 -12.413498340914327 89.94446939613333
      vertex 121 -12.499266149392204 89.8013744526042
      vertex 121 -12.413498340914327 89.94446939613333
    endloop
  endfacet
  facet normal 0 0.8032075314806215 -0.5956993044924649
    outer loop
      vertex 128 -12.314117770716653 90.07846858307819
      vertex 121 -12.413498340914327 89.94446939613333
      vertex 121 -12.314117770716653 90.07846858307819
    endloop
  endfacet
  facet normal 0 0.740951125354978 -0.6715589548469976
    outer loop
      vertex 128 -12.20208152801713 90.20208152801713
      vertex 121 -12.314117770716653 90.07846858307819
      vertex 121 -12.20208152801713 90.20208152801713
    endloop
  endfacet
  facet normal 0 0.6715589548470066 -0.7409511253549698
    outer loop
      vertex 128 -12.078468583078198 90.31411777071665
      vertex 121 -12.20208152801713 90.20208152801713
      vertex 121 -12.078468583078198 90.31411777071665
    endloop
  endfacet
  facet normal 0 0.5956993044924567 -0.8032075314806276
    outer loop
      vertex 128 -11.944469396133323 90.41349834091433
      vertex 121 -12.078468583078198 90.31411777071665
      vertex 121 -11.944469396133323 90.41349834091433
    endloop
  endfacet
  facet normal 0 0.5141027441931887 -0.8577286100002919
    outer loop
      vertex 128 -11.801374452604197 90.4992661493922
      vertex 121 -11.944469396133323 90.41349834091433
      vertex 121 -11.801374452604197 90.4992661493922
    endloop
  endfacet
  facet normal 0 0.4275550934302967 -0.9039892931234363
    outer loop
      vertex 128 -11.650561835020653 90.57059520526919
      vertex 121 -11.801374452604197 90.4992661493922
      vertex 121 -11.650561835020653 90.57059520526919
    endloop
  endfacet
  facet normal 0 0.3368898533922202 -0.9415440651830207
    outer loop
      vertex 128 -11.493483951332585 90.62679857074475
      vertex 121 -11.650561835020653 90.57059520526919
      vertex 121 -11.493483951332585 90.62679857074475
    endloop
  endfacet
  facet normal 0 0.24298017990329385 -0.9700312531945365
    outer loop
      vertex 128 -11.331653547427418 90.6673349766855
      vertex 121 -11.493483951332585 90.62679857074475
      vertex 121 -11.331653547427418 90.6673349766855
    endloop
  endfacet
  facet normal 0 0.049067674327460356 0.9987954562051703
    outer loop
      vertex 128 -11.166629138560253 87.30818596465727
      vertex 121 -11 87.3
      vertex 121 -11.166629138560253 87.30818596465727
    endloop
  endfacet
  facet normal 0 -0.049067674327460356 0.9987954562051703
    outer loop
      vertex 128 -11 87.3
      vertex 121 -10.833370861439747 87.30818596465727
      vertex 121 -11 87.3
    endloop
  endfacet
  facet normal 0 -0.14673047445531526 0.9891765099647879
    outer loop
      vertex 128 -10.833370861439747 87.30818596465727
      vertex 121 -10.668346452572582 87.3326650233145
      vertex 121 -10.833370861439747 87.30818596465727
    endloop
  endfacet
  facet normal 0 -0.24298017990329385 0.9700312531945365
    outer loop
      vertex 128 -10.668346452572582 87.3326650233145
      vertex 121 -10.506516048667415 87.37320142925525
      vertex 121 -10.668346452572582 87.3326650233145
    endloop
  endfacet
  facet normal 0 -0.3368898533922202 0.9415440651830207
    outer loop
      vertex 128 -10.506516048667415 87.37320142925525
      vertex 121 -10.349438164979347 87.42940479473081
      vertex 121 -10.506516048667415 87.37320142925525
    endloop
  endfacet
  facet normal 0 -0.4275550934302967 0.9039892931234363
    outer loop
      vertex 128 -10.349438164979347 87.42940479473081
      vertex 121 -10.198625547395803 87.5007338506078
      vertex 121 -10.349438164979347 87.42940479473081
    endloop
  endfacet
  facet normal 0 -0.5141027441931887 0.8577286100002919
    outer loop
      vertex 128 -10.198625547395803 87.5007338506078
      vertex 121 -10.055530603866677 87.58650165908567
      vertex 121 -10.198625547395803 87.5007338506078
    endloop
  endfacet
  facet normal 0 -0.5956993044924567 0.8032075314806276
    outer loop
      vertex 128 -10.055530603866677 87.58650165908567
      vertex 121 -9.921531416921802 87.68588222928335
      vertex 121 -10.055530603866677 87.58650165908567
    endloop
  endfacet
  facet normal 0 -0.6715589548470066 0.7409511253549698
    outer loop
      vertex 128 -9.921531416921802 87.68588222928335
      vertex 121 -9.79791847198287 87.79791847198287
      vertex 121 -9.921531416921802 87.68588222928335
    endloop
  endfacet
  facet normal 0 -0.740951125354978 0.6715589548469976
    outer loop
      vertex 128 -9.79791847198287 87.79791847198287
      vertex 121 -9.685882229283347 87.92153141692181
      vertex 121 -9.79791847198287 87.79791847198287
    endloop
  endfacet
  facet normal 0 -0.8032075314806215 0.5956993044924649
    outer loop
      vertex 128 -9.685882229283347 87.92153141692181
      vertex 121 -9.586501659085673 88.05553060386667
      vertex 121 -9.685882229283347 87.92153141692181
    endloop
  endfacet
  facet normal 0 -0.8577286100002824 0.5141027441932045
    outer loop
      vertex 128 -9.586501659085673 88.05553060386667
      vertex 121 -9.500733850607796 88.1986255473958
      vertex 121 -9.586501659085673 88.05553060386667
    endloop
  endfacet
  facet normal 0 -0.9039892931234408 0.4275550934302876
    outer loop
      vertex 128 -9.500733850607796 88.1986255473958
      vertex 121 -9.429404794730813 88.34943816497935
      vertex 121 -9.500733850607796 88.1986255473958
    endloop
  endfacet
  facet normal 0 -0.9415440651830158 0.33688985339223376
    outer loop
      vertex 128 -9.429404794730813 88.34943816497935
      vertex 121 -9.373201429255245 88.50651604866741
      vertex 121 -9.429404794730813 88.34943816497935
    endloop
  endfacet
  facet normal 0 0.14673047445531526 -0.9891765099647879
    outer loop
      vertex 128 -11.166629138560253 90.69181403534273
      vertex 121 -11.331653547427418 90.6673349766855
      vertex 121 -11.166629138560253 90.69181403534273
    endloop
  endfacet
  facet normal 0 0.049067674327460356 -0.9987954562051703
    outer loop
      vertex 128 -11 90.7
      vertex 121 -11.166629138560253 90.69181403534273
      vertex 121 -11 90.7
    endloop
  endfacet
  facet normal 0 -0.049067674327460356 -0.9987954562051703
    outer loop
      vertex 128 -10.833370861439747 90.69181403534273
      vertex 121 -11 90.7
      vertex 121 -10.833370861439747 90.69181403534273
    endloop
  endfacet
  facet normal 0 -0.14673047445531526 -0.9891765099647879
    outer loop
      vertex 128 -10.668346452572582 90.6673349766855
      vertex 121 -10.833370861439747 90.69181403534273
      vertex 121 -10.668346452572582 90.6673349766855
    endloop
  endfacet
  facet normal 0 -0.24298017990329385 -0.9700312531945365
    outer loop
      vertex 128 -10.506516048667415 90.62679857074475
      vertex 121 -10.668346452572582 90.6673349766855
      vertex 121 -10.506516048667415 90.62679857074475
    endloop
  endfacet
  facet normal 0 -0.3368898533922202 -0.9415440651830207
    outer loop
      vertex 128 -10.349438164979347 90.57059520526919
      vertex 121 -10.506516048667415 90.62679857074475
      vertex 121 -10.349438164979347 90.57059520526919
    endloop
  endfacet
  facet normal 0 -0.5141027441931887 -0.8577286100002919
    outer loop
      vertex 128 -10.055530603866677 90.41349834091433
      vertex 121 -10.198625547395803 90.4992661493922
      vertex 121 -10.055530603866677 90.41349834091433
    endloop
  endfacet
  facet normal 0 -0.5956993044924567 -0.8032075314806276
    outer loop
      vertex 128 -9.921531416921802 90.31411777071665
      vertex 121 -10.055530603866677 90.41349834091433
      vertex 121 -9.921531416921802 90.31411777071665
    endloop
  endfacet
  facet normal 0 -0.8032075314806215 -0.5956993044924649
    outer loop
      vertex 128 -9.586501659085673 89.94446939613333
      vertex 121 -9.685882229283347 90.07846858307819
      vertex 121 -9.586501659085673 89.94446939613333
    endloop
  endfacet
  facet normal 0 -0.9415440651830158 -0.33688985339223376
    outer loop
      vertex 128 -9.373201429255245 89.49348395133259
      vertex 121 -9.429404794730813 89.65056183502065
      vertex 121 -9.373201429255245 89.49348395133259
    endloop
  endfacet
  facet normal 0 -0.9039892931234408 -0.4275550934302876
    outer loop
      vertex 128 -9.429404794730813 89.65056183502065
      vertex 121 -9.500733850607796 89.8013744526042
      vertex 121 -9.429404794730813 89.65056183502065
    endloop
  endfacet
  facet normal 0 -0.8577286100002824 -0.5141027441932045
    outer loop
      vertex 128 -9.500733850607796 89.8013744526042
      vertex 121 -9.586501659085673 89.94446939613333
      vertex 121 -9.500733850607796 89.8013744526042
    endloop
  endfacet
  facet normal 0 -0.740951125354978 -0.6715589548469976
    outer loop
      vertex 128 -9.685882229283347 90.07846858307819
      vertex 121 -9.79791847198287 90.20208152801713
      vertex 121 -9.685882229283347 90.07846858307819
    endloop
  endfacet
  facet normal 0 -0.6715589548470066 -0.7409511253549698
    outer loop
      vertex 128 -9.79791847198287 90.20208152801713
      vertex 121 -9.921531416921802 90.31411777071665
      vertex 121 -9.79791847198287 90.20208152801713
    endloop
  endfacet
  facet normal 0 -0.4275550934302967 -0.9039892931234363
    outer loop
      vertex 128 -10.198625547395803 90.4992661493922
      vertex 121 -10.349438164979347 90.57059520526919
      vertex 121 -10.198625547395803 90.4992661493922
    endloop
  endfacet
  facet normal 0 -0.9700312531945453 0.24298017990325876
    outer loop
      vertex 128 -9.373201429255245 88.50651604866741
      vertex 121 -9.332665023314508 88.66834645257258
      vertex 121 -9.373201429255245 88.50651604866741
    endloop
  endfacet
  facet normal 0 -0.9891765099647821 0.1467304744553538
    outer loop
      vertex 128 -9.332665023314508 88.66834645257258
      vertex 121 -9.308185964657266 88.83337086143975
      vertex 121 -9.332665023314508 88.66834645257258
    endloop
  endfacet
  facet normal 0 -0.9987954562051724 0.04906767432741786
    outer loop
      vertex 128 -9.308185964657266 88.83337086143975
      vertex 121 -9.3 89
      vertex 121 -9.308185964657266 88.83337086143975
    endloop
  endfacet
  facet normal 0 -0.9987954562051724 -0.04906767432741786
    outer loop
      vertex 128 -9.3 89
      vertex 121 -9.308185964657266 89.16662913856025
      vertex 121 -9.3 89
    endloop
  endfacet
  facet normal 0 -0.9891765099647821 -0.1467304744553538
    outer loop
      vertex 128 -9.308185964657266 89.16662913856025
      vertex 121 -9.332665023314508 89.33165354742742
      vertex 121 -9.308185964657266 89.16662913856025
    endloop
  endfacet
  facet normal 0 -0.9700312531945453 -0.24298017990325876
    outer loop
      vertex 128 -9.332665023314508 89.33165354742742
      vertex 121 -9.373201429255245 89.49348395133259
      vertex 121 -9.332665023314508 89.33165354742742
    endloop
  endfacet
  facet normal 9.193542406116065e-20 0.5956993044924567 0.8032075314806276
    outer loop
      vertex 128 -12.078468583078198 87.68588222928335
      vertex 128 -11.944469396133323 87.58650165908567
      vertex 121 -11.944469396133323 87.58650165908567
    endloop
  endfacet
  facet normal 5.134553904582811e-19 0.5141027441931887 0.8577286100002919
    outer loop
      vertex 128 -11.944469396133323 87.58650165908567
      vertex 128 -11.801374452604197 87.5007338506078
      vertex 121 -11.801374452604197 87.5007338506078
    endloop
  endfacet
  facet normal 0 0.4275550934302967 0.9039892931234363
    outer loop
      vertex 128 -11.650561835020653 87.42940479473081
      vertex 121 -11.650561835020653 87.42940479473081
      vertex 128 -11.801374452604197 87.5007338506078
    endloop
  endfacet
  facet normal -3.001422881308372e-19 0.3368898533922202 0.9415440651830207
    outer loop
      vertex 128 -11.650561835020653 87.42940479473081
      vertex 128 -11.493483951332585 87.37320142925525
      vertex 121 -11.493483951332585 87.37320142925525
    endloop
  endfacet
  facet normal 1.551155304206574e-19 0.24298017990329385 0.9700312531945365
    outer loop
      vertex 128 -11.493483951332585 87.37320142925525
      vertex 128 -11.331653547427418 87.3326650233145
      vertex 121 -11.331653547427418 87.3326650233145
    endloop
  endfacet
  facet normal -6.411698823494478e-19 0.8577286100002824 0.5141027441932045
    outer loop
      vertex 128 -12.499266149392204 88.1986255473958
      vertex 128 -12.413498340914327 88.05553060386667
      vertex 121 -12.413498340914327 88.05553060386667
    endloop
  endfacet
  facet normal 2.598226454970851e-19 0.740951125354978 0.6715589548469976
    outer loop
      vertex 128 -12.314117770716653 87.92153141692181
      vertex 128 -12.20208152801713 87.79791847198287
      vertex 121 -12.20208152801713 87.79791847198287
    endloop
  endfacet
  facet normal 0 0.8032075314806215 0.5956993044924649
    outer loop
      vertex 128 -12.314117770716653 87.92153141692181
      vertex 121 -12.314117770716653 87.92153141692181
      vertex 128 -12.413498340914327 88.05553060386667
    endloop
  endfacet
  facet normal 0 0.9039892931234408 0.4275550934302876
    outer loop
      vertex 128 -12.499266149392204 88.1986255473958
      vertex 121 -12.499266149392204 88.1986255473958
      vertex 128 -12.570595205269187 88.34943816497935
    endloop
  endfacet
  facet normal 1.0294309613729126e-20 0.9415440651830158 0.33688985339223376
    outer loop
      vertex 128 -12.626798570744755 88.50651604866741
      vertex 128 -12.570595205269187 88.34943816497935
      vertex 121 -12.570595205269187 88.34943816497935
    endloop
  endfacet
  facet normal 0 0.9700312531945453 0.24298017990325876
    outer loop
      vertex 128 -12.626798570744755 88.50651604866741
      vertex 121 -12.626798570744755 88.50651604866741
      vertex 128 -12.667334976685492 88.66834645257258
    endloop
  endfacet
  facet normal 0 0.9891765099647821 0.1467304744553538
    outer loop
      vertex 128 -12.667334976685492 88.66834645257258
      vertex 121 -12.667334976685492 88.66834645257258
      vertex 128 -12.691814035342734 88.83337086143975
    endloop
  endfacet
  facet normal 0 0.9987954562051724 0.04906767432741786
    outer loop
      vertex 128 -12.691814035342734 88.83337086143975
      vertex 121 -12.691814035342734 88.83337086143975
      vertex 128 -12.7 89
    endloop
  endfacet
  facet normal 0 0.9987954562051724 -0.04906767432741786
    outer loop
      vertex 128 -12.7 89
      vertex 121 -12.7 89
      vertex 128 -12.691814035342734 89.16662913856025
    endloop
  endfacet
  facet normal 0 0.9891765099647821 -0.1467304744553538
    outer loop
      vertex 128 -12.691814035342734 89.16662913856025
      vertex 121 -12.691814035342734 89.16662913856025
      vertex 128 -12.667334976685492 89.33165354742742
    endloop
  endfacet
  facet normal 0 0.9700312531945453 -0.24298017990325876
    outer loop
      vertex 128 -12.667334976685492 89.33165354742742
      vertex 121 -12.667334976685492 89.33165354742742
      vertex 128 -12.626798570744755 89.49348395133259
    endloop
  endfacet
  facet normal 0 0.6715589548470066 0.7409511253549698
    outer loop
      vertex 128 -12.078468583078198 87.68588222928335
      vertex 121 -12.078468583078198 87.68588222928335
      vertex 128 -12.20208152801713 87.79791847198287
    endloop
  endfacet
  facet normal 0 0.9415440651830158 -0.33688985339223376
    outer loop
      vertex 128 -12.626798570744755 89.49348395133259
      vertex 121 -12.626798570744755 89.49348395133259
      vertex 128 -12.570595205269187 89.65056183502065
    endloop
  endfacet
  facet normal 0 0.9039892931234408 -0.4275550934302876
    outer loop
      vertex 128 -12.570595205269187 89.65056183502065
      vertex 121 -12.570595205269187 89.65056183502065
      vertex 128 -12.499266149392204 89.8013744526042
    endloop
  endfacet
  facet normal 0 0.8577286100002824 -0.5141027441932045
    outer loop
      vertex 128 -12.499266149392204 89.8013744526042
      vertex 121 -12.499266149392204 89.8013744526042
      vertex 128 -12.413498340914327 89.94446939613333
    endloop
  endfacet
  facet normal 0 0.8032075314806215 -0.5956993044924649
    outer loop
      vertex 128 -12.413498340914327 89.94446939613333
      vertex 121 -12.413498340914327 89.94446939613333
      vertex 128 -12.314117770716653 90.07846858307819
    endloop
  endfacet
  facet normal 0 0.740951125354978 -0.6715589548469976
    outer loop
      vertex 128 -12.314117770716653 90.07846858307819
      vertex 121 -12.314117770716653 90.07846858307819
      vertex 128 -12.20208152801713 90.20208152801713
    endloop
  endfacet
  facet normal 0 0.6715589548470066 -0.7409511253549698
    outer loop
      vertex 128 -12.20208152801713 90.20208152801713
      vertex 121 -12.20208152801713 90.20208152801713
      vertex 128 -12.078468583078198 90.31411777071665
    endloop
  endfacet
  facet normal 0 0.5956993044924567 -0.8032075314806276
    outer loop
      vertex 128 -12.078468583078198 90.31411777071665
      vertex 121 -12.078468583078198 90.31411777071665
      vertex 128 -11.944469396133323 90.41349834091433
    endloop
  endfacet
  facet normal 0 0.5141027441931887 -0.8577286100002919
    outer loop
      vertex 128 -11.944469396133323 90.41349834091433
      vertex 121 -11.944469396133323 90.41349834091433
      vertex 128 -11.801374452604197 90.4992661493922
    endloop
  endfacet
  facet normal 0 0.4275550934302967 -0.9039892931234363
    outer loop
      vertex 128 -11.801374452604197 90.4992661493922
      vertex 121 -11.801374452604197 90.4992661493922
      vertex 128 -11.650561835020653 90.57059520526919
    endloop
  endfacet
  facet normal 0 0.3368898533922202 -0.9415440651830207
    outer loop
      vertex 128 -11.650561835020653 90.57059520526919
      vertex 121 -11.650561835020653 90.57059520526919
      vertex 128 -11.493483951332585 90.62679857074475
    endloop
  endfacet
  facet normal 0 0.24298017990329385 -0.9700312531945365
    outer loop
      vertex 128 -11.493483951332585 90.62679857074475
      vertex 121 -11.493483951332585 90.62679857074475
      vertex 128 -11.331653547427418 90.6673349766855
    endloop
  endfacet
  facet normal 0 0.14673047445531526 -0.9891765099647879
    outer loop
      vertex 128 -11.331653547427418 90.6673349766855
      vertex 121 -11.331653547427418 90.6673349766855
      vertex 128 -11.166629138560253 90.69181403534273
    endloop
  endfacet
  facet normal -3.6569131971717707e-19 0.14673047445531526 0.9891765099647879
    outer loop
      vertex 128 -11.331653547427418 87.3326650233145
      vertex 128 -11.166629138560253 87.30818596465727
      vertex 121 -11.166629138560253 87.30818596465727
    endloop
  endfacet
  facet normal -4.8312011284562426e-20 0.049067674327460356 0.9987954562051703
    outer loop
      vertex 128 -11.166629138560253 87.30818596465727
      vertex 128 -11 87.3
      vertex 121 -11 87.3
    endloop
  endfacet
  facet normal 4.8312011284562426e-20 -0.049067674327460356 0.9987954562051703
    outer loop
      vertex 128 -11 87.3
      vertex 128 -10.833370861439747 87.30818596465727
      vertex 121 -10.833370861439747 87.30818596465727
    endloop
  endfacet
  facet normal 3.6569131971717707e-19 -0.14673047445531526 0.9891765099647879
    outer loop
      vertex 128 -10.833370861439747 87.30818596465727
      vertex 128 -10.668346452572582 87.3326650233145
      vertex 121 -10.668346452572582 87.3326650233145
    endloop
  endfacet
  facet normal -1.551155304206574e-19 -0.24298017990329385 0.9700312531945365
    outer loop
      vertex 128 -10.668346452572582 87.3326650233145
      vertex 128 -10.506516048667415 87.37320142925525
      vertex 121 -10.506516048667415 87.37320142925525
    endloop
  endfacet
  facet normal 3.001422881308372e-19 -0.3368898533922202 0.9415440651830207
    outer loop
      vertex 128 -10.506516048667415 87.37320142925525
      vertex 128 -10.349438164979347 87.42940479473081
      vertex 121 -10.349438164979347 87.42940479473081
    endloop
  endfacet
  facet normal -6.228655909364469e-19 -0.4275550934302967 0.9039892931234363
    outer loop
      vertex 128 -10.349438164979347 87.42940479473081
      vertex 128 -10.198625547395803 87.5007338506078
      vertex 121 -10.198625547395803 87.5007338506078
    endloop
  endfacet
  facet normal -5.134553904582811e-19 -0.5141027441931887 0.8577286100002919
    outer loop
      vertex 128 -10.198625547395803 87.5007338506078
      vertex 128 -10.055530603866677 87.58650165908567
      vertex 121 -10.055530603866677 87.58650165908567
    endloop
  endfacet
  facet normal -9.193542406116065e-20 -0.5956993044924567 0.8032075314806276
    outer loop
      vertex 128 -10.055530603866677 87.58650165908567
      vertex 128 -9.921531416921802 87.68588222928335
      vertex 121 -9.921531416921802 87.68588222928335
    endloop
  endfacet
  facet normal 6.841365834871067e-19 -0.6715589548470066 0.7409511253549698
    outer loop
      vertex 128 -9.921531416921802 87.68588222928335
      vertex 128 -9.79791847198287 87.79791847198287
      vertex 121 -9.79791847198287 87.79791847198287
    endloop
  endfacet
  facet normal -2.598226454970851e-19 -0.740951125354978 0.6715589548469976
    outer loop
      vertex 128 -9.79791847198287 87.79791847198287
      vertex 128 -9.685882229283347 87.92153141692181
      vertex 121 -9.685882229283347 87.92153141692181
    endloop
  endfacet
  facet normal -4.19620932774184e-19 -0.8032075314806215 0.5956993044924649
    outer loop
      vertex 128 -9.685882229283347 87.92153141692181
      vertex 128 -9.586501659085673 88.05553060386667
      vertex 121 -9.586501659085673 88.05553060386667
    endloop
  endfacet
  facet normal 6.411698823494478e-19 -0.8577286100002824 0.5141027441932045
    outer loop
      vertex 128 -9.586501659085673 88.05553060386667
      vertex 128 -9.500733850607796 88.1986255473958
      vertex 121 -9.500733850607796 88.1986255473958
    endloop
  endfacet
  facet normal -5.428700585449936e-19 -0.9039892931234408 0.4275550934302876
    outer loop
      vertex 128 -9.500733850607796 88.1986255473958
      vertex 128 -9.429404794730813 88.34943816497935
      vertex 121 -9.429404794730813 88.34943816497935
    endloop
  endfacet
  facet normal -1.0294309613729126e-20 -0.9415440651830158 0.33688985339223376
    outer loop
      vertex 128 -9.429404794730813 88.34943816497935
      vertex 128 -9.373201429255245 88.50651604866741
      vertex 121 -9.373201429255245 88.50651604866741
    endloop
  endfacet
  facet normal 0 0.049067674327460356 -0.9987954562051703
    outer loop
      vertex 128 -11.166629138560253 90.69181403534273
      vertex 121 -11.166629138560253 90.69181403534273
      vertex 128 -11 90.7
    endloop
  endfacet
  facet normal 0 -0.049067674327460356 -0.9987954562051703
    outer loop
      vertex 128 -11 90.7
      vertex 121 -11 90.7
      vertex 128 -10.833370861439747 90.69181403534273
    endloop
  endfacet
  facet normal 0 -0.24298017990329385 -0.9700312531945365
    outer loop
      vertex 128 -10.668346452572582 90.6673349766855
      vertex 121 -10.668346452572582 90.6673349766855
      vertex 128 -10.506516048667415 90.62679857074475
    endloop
  endfacet
  facet normal 0 -0.14673047445531526 -0.9891765099647879
    outer loop
      vertex 128 -10.833370861439747 90.69181403534273
      vertex 121 -10.833370861439747 90.69181403534273
      vertex 128 -10.668346452572582 90.6673349766855
    endloop
  endfacet
  facet normal -3.001422881308372e-19 -0.3368898533922202 -0.9415440651830207
    outer loop
      vertex 128 -10.349438164979347 90.57059520526919
      vertex 128 -10.506516048667415 90.62679857074475
      vertex 121 -10.506516048667415 90.62679857074475
    endloop
  endfacet
  facet normal 0 -0.5956993044924567 -0.8032075314806276
    outer loop
      vertex 128 -10.055530603866677 90.41349834091433
      vertex 121 -10.055530603866677 90.41349834091433
      vertex 128 -9.921531416921802 90.31411777071665
    endloop
  endfacet
  facet normal 0 -0.6715589548470066 -0.7409511253549698
    outer loop
      vertex 128 -9.921531416921802 90.31411777071665
      vertex 121 -9.921531416921802 90.31411777071665
      vertex 128 -9.79791847198287 90.20208152801713
    endloop
  endfacet
  facet normal 1.0294309613729126e-20 -0.9415440651830158 -0.33688985339223376
    outer loop
      vertex 128 -9.373201429255245 89.49348395133259
      vertex 128 -9.429404794730813 89.65056183502065
      vertex 121 -9.429404794730813 89.65056183502065
    endloop
  endfacet
  facet normal 5.428700585449936e-19 -0.9039892931234408 -0.4275550934302876
    outer loop
      vertex 128 -9.429404794730813 89.65056183502065
      vertex 128 -9.500733850607796 89.8013744526042
      vertex 121 -9.500733850607796 89.8013744526042
    endloop
  endfacet
  facet normal 0 -0.8577286100002824 -0.5141027441932045
    outer loop
      vertex 128 -9.586501659085673 89.94446939613333
      vertex 121 -9.586501659085673 89.94446939613333
      vertex 128 -9.500733850607796 89.8013744526042
    endloop
  endfacet
  facet normal 0 -0.740951125354978 -0.6715589548469976
    outer loop
      vertex 128 -9.79791847198287 90.20208152801713
      vertex 121 -9.79791847198287 90.20208152801713
      vertex 128 -9.685882229283347 90.07846858307819
    endloop
  endfacet
  facet normal 4.19620932774184e-19 -0.8032075314806215 -0.5956993044924649
    outer loop
      vertex 128 -9.586501659085673 89.94446939613333
      vertex 128 -9.685882229283347 90.07846858307819
      vertex 121 -9.685882229283347 90.07846858307819
    endloop
  endfacet
  facet normal 0 -0.4275550934302967 -0.9039892931234363
    outer loop
      vertex 128 -10.349438164979347 90.57059520526919
      vertex 121 -10.349438164979347 90.57059520526919
      vertex 128 -10.198625547395803 90.4992661493922
    endloop
  endfacet
  facet normal 0 -0.5141027441931887 -0.8577286100002919
    outer loop
      vertex 128 -10.198625547395803 90.4992661493922
      vertex 121 -10.198625547395803 90.4992661493922
      vertex 128 -10.055530603866677 90.41349834091433
    endloop
  endfacet
  facet normal -3.399669618321779e-19 -0.9700312531945453 0.24298017990325876
    outer loop
      vertex 128 -9.373201429255245 88.50651604866741
      vertex 128 -9.332665023314508 88.66834645257258
      vertex 121 -9.332665023314508 88.66834645257258
    endloop
  endfacet
  facet normal -2.6846056557256204e-19 -0.9891765099647821 0.1467304744553538
    outer loop
      vertex 128 -9.332665023314508 88.66834645257258
      vertex 128 -9.308185964657266 88.83337086143975
      vertex 121 -9.308185964657266 88.83337086143975
    endloop
  endfacet
  facet normal 2.9073151490700596e-20 -0.9987954562051724 0.04906767432741786
    outer loop
      vertex 128 -9.308185964657266 88.83337086143975
      vertex 128 -9.3 89
      vertex 121 -9.3 89
    endloop
  endfacet
  facet normal -2.9073151490700596e-20 -0.9987954562051724 -0.04906767432741786
    outer loop
      vertex 128 -9.3 89
      vertex 128 -9.308185964657266 89.16662913856025
      vertex 121 -9.308185964657266 89.16662913856025
    endloop
  endfacet
  facet normal 2.6846056557256204e-19 -0.9891765099647821 -0.1467304744553538
    outer loop
      vertex 128 -9.308185964657266 89.16662913856025
      vertex 128 -9.332665023314508 89.33165354742742
      vertex 121 -9.332665023314508 89.33165354742742
    endloop
  endfacet
  facet normal 3.399669618321779e-19 -0.9700312531945453 -0.24298017990325876
    outer loop
      vertex 128 -9.332665023314508 89.33165354742742
      vertex 128 -9.373201429255245 89.49348395133259
      vertex 121 -9.373201429255245 89.49348395133259
    endloop
  endfacet
  facet normal 1 0 0
    outer loop
      vertex 128 -12.532039394684492 86.13375589086785
      vertex 128 -12.243721155186542 85.99739151933832
      vertex 128 -12.314117770716653 87.92153141692181
    endloop
  endfacet
  facet normal 1 0 0
    outer loop
      vertex 128 -12.532039394684492 86.13375589086785
      vertex 128 -12.570595205269187 88.34943816497935
      vertex 128 -12.805603257313708 86.29772376001672
    endloop
  endfacet
  facet normal 1 0 0
    outer loop
      vertex 128 -12.532039394684492 86.13375589086785
      vertex 128 -12.499266149392204 88.1986255473958
      vertex 128 -12.570595205269187 88.34943816497935
    endloop
  endfacet
  facet normal 1 0 0
    outer loop
      vertex 128 -12.532039394684492 86.13375589086785
      vertex 128 -12.413498340914327 88.05553060386667
      vertex 128 -12.499266149392204 88.1986255473958
    endloop
  endfacet
  facet normal 1 0 0
    outer loop
      vertex 128 -12.532039394684492 86.13375589086785
      vertex 128 -12.314117770716653 87.92153141692181
      vertex 128 -12.413498340914327 88.05553060386667
    endloop
  endfacet
  facet normal 1 0 0
    outer loop
      vertex 128 -12.243721155186542 85.99739151933832
      vertex 128 -12.20208152801713 87.79791847198287
      vertex 128 -12.314117770716653 87.92153141692181
    endloop
  endfacet
  facet normal 1 0 0
    outer loop
      vertex 128 -12.243721155186542 85.99739151933832
      vertex 128 -11.943425201077002 85.88994390887032
      vertex 128 -11.944469396133323 87.58650165908567
    endloop
  endfacet
  facet normal 1 0 0
    outer loop
      vertex 128 -11.943425201077002 85.88994390887032
      vertex 128 -11.634043546552416 85.81244783868951
      vertex 128 -11.650561835020653 87.42940479473081
    endloop
  endfacet
  facet normal 1 0 0
    outer loop
      vertex 128 -11.634043546552416 85.81244783868951
      vertex 128 -11.318555706071072 85.76564963831537
      vertex 128 -11.331653547427418 87.3326650233145
    endloop
  endfacet
  facet normal 1 0 0
    outer loop
      vertex 128 -12.243721155186542 85.99739151933832
      vertex 128 -11.944469396133323 87.58650165908567
      vertex 128 -12.078468583078198 87.68588222928335
    endloop
  endfacet
  facet normal 1 0 0
    outer loop
      vertex 128 -12.243721155186542 85.99739151933832
      vertex 128 -12.078468583078198 87.68588222928335
      vertex 128 -12.20208152801713 87.79791847198287
    endloop
  endfacet
  facet normal 1 0 0
    outer loop
      vertex 128 -11.943425201077002 85.88994390887032
      vertex 128 -11.801374452604197 87.5007338506078
      vertex 128 -11.944469396133323 87.58650165908567
    endloop
  endfacet
  facet normal 1 0 0
    outer loop
      vertex 128 -11.943425201077002 85.88994390887032
      vertex 128 -11.650561835020653 87.42940479473081
      vertex 128 -11.801374452604197 87.5007338506078
    endloop
  endfacet
  facet normal 1 0 0
    outer loop
      vertex 128 -11.634043546552416 85.81244783868951
      vertex 128 -11.331653547427418 87.3326650233145
      vertex 128 -11.493483951332585 87.37320142925525
    endloop
  endfacet
  facet normal 1 0 0
    outer loop
      vertex 128 -11.634043546552416 85.81244783868951
      vertex 128 -11.493483951332585 87.37320142925525
      vertex 128 -11.650561835020653 87.42940479473081
    endloop
  endfacet
  facet normal 1 0 0
    outer loop
      vertex 128 -11.318555706071072 85.76564963831537
      vertex 128 -11.166629138560253 87.30818596465727
      vertex 128 -11.331653547427418 87.3326650233145
    endloop
  endfacet
  facet normal 1 0 0
    outer loop
      vertex 128 -13.866244109132154 87.46796060531551
      vertex 128 -14 90.24923632416876
      vertex 128 -14 87.75076367583124
    endloop
  endfacet
  facet normal 1 0 0
    outer loop
      vertex 128 -13.866244109132154 87.46796060531551
      vertex 128 -13.702276239983272 87.1943967426863
      vertex 128 -13.702276239983272 90.8056032573137
    endloop
  endfacet
  facet normal 1 0 0
    outer loop
      vertex 128 -13.29809703885628 86.70190296114372
      vertex 128 -13.29809703885628 91.29809703885628
      vertex 128 -13.512283973428895 86.93822182646815
    endloop
  endfacet
  facet normal 1 0 0
    outer loop
      vertex 128 -13.512283973428895 86.93822182646815
      vertex 128 -13.512283973428895 91.06177817353185
      vertex 128 -13.702276239983272 87.1943967426863
    endloop
  endfacet
  facet normal 1 0 0
    outer loop
      vertex 128 -13.061778173531849 86.4877160265711
      vertex 128 -13.061778173531849 91.5122839734289
      vertex 128 -13.29809703885628 86.70190296114372
    endloop
  endfacet
  facet normal 1 0 0
    outer loop
      vertex 128 -13.866244109132154 87.46796060531551
      vertex 128 -13.866244109132154 90.53203939468449
      vertex 128 -14 90.24923632416876
    endloop
  endfacet
  facet normal 1 0 0
    outer loop
      vertex 128 -13.866244109132154 87.46796060531551
      vertex 128 -13.702276239983272 90.8056032573137
      vertex 128 -13.866244109132154 90.53203939468449
    endloop
  endfacet
  facet normal 1 0 0
    outer loop
      vertex 128 -13.702276239983272 87.1943967426863
      vertex 128 -13.512283973428895 91.06177817353185
      vertex 128 -13.702276239983272 90.8056032573137
    endloop
  endfacet
  facet normal 1 0 0
    outer loop
      vertex 128 -13.512283973428895 86.93822182646815
      vertex 128 -13.29809703885628 91.29809703885628
      vertex 128 -13.512283973428895 91.06177817353185
    endloop
  endfacet
  facet normal 1 0 0
    outer loop
      vertex 128 -13.29809703885628 86.70190296114372
      vertex 128 -13.061778173531849 91.5122839734289
      vertex 128 -13.29809703885628 91.29809703885628
    endloop
  endfacet
  facet normal 1 0 0
    outer loop
      vertex 128 -12.805603257313708 86.29772376001672
      vertex 128 -12.570595205269187 88.34943816497935
      vertex 128 -12.626798570744755 88.50651604866741
    endloop
  endfacet
  facet normal 1 0 0
    outer loop
      vertex 128 -12.805603257313708 86.29772376001672
      vertex 128 -12.626798570744755 88.50651604866741
      vertex 128 -12.667334976685492 88.66834645257258
    endloop
  endfacet
  facet normal 1 0 0
    outer loop
      vertex 128 -12.805603257313708 86.29772376001672
      vertex 128 -12.667334976685492 88.66834645257258
      vertex 128 -12.691814035342734 88.83337086143975
    endloop
  endfacet
  facet normal 1 0 0
    outer loop
      vertex 128 -12.805603257313708 86.29772376001672
      vertex 128 -12.691814035342734 88.83337086143975
      vertex 128 -12.7 89
    endloop
  endfacet
  facet normal 1 0 0
    outer loop
      vertex 128 -13.061778173531849 86.4877160265711
      vertex 128 -12.805603257313708 86.29772376001672
      vertex 128 -12.805603257313708 91.70227623998328
    endloop
  endfacet
  facet normal 1 0 0
    outer loop
      vertex 128 -12.805603257313708 86.29772376001672
      vertex 128 -12.7 89
      vertex 128 -12.805603257313708 91.70227623998328
    endloop
  endfacet
  facet normal 1 0 0
    outer loop
      vertex 128 -13.061778173531849 86.4877160265711
      vertex 128 -12.805603257313708 91.70227623998328
      vertex 128 -13.061778173531849 91.5122839734289
    endloop
  endfacet
  facet normal 1 0 0
    outer loop
      vertex 128 -12.7 89
      vertex 128 -12.691814035342734 89.16662913856025
      vertex 128 -12.805603257313708 91.70227623998328
    endloop
  endfacet
  facet normal 1 0 0
    outer loop
      vertex 128 -12.691814035342734 89.16662913856025
      vertex 128 -12.667334976685492 89.33165354742742
      vertex 128 -12.805603257313708 91.70227623998328
    endloop
  endfacet
  facet normal 1 0 0
    outer loop
      vertex 128 -12.667334976685492 89.33165354742742
      vertex 128 -12.626798570744755 89.49348395133259
      vertex 128 -12.805603257313708 91.70227623998328
    endloop
  endfacet
  facet normal 1 0 0
    outer loop
      vertex 128 -12.626798570744755 89.49348395133259
      vertex 128 -12.570595205269187 89.65056183502065
      vertex 128 -12.532039394684492 91.86624410913215
    endloop
  endfacet
  facet normal 1 0 0
    outer loop
      vertex 128 -12.570595205269187 89.65056183502065
      vertex 128 -12.499266149392204 89.8013744526042
      vertex 128 -12.532039394684492 91.86624410913215
    endloop
  endfacet
  facet normal 1 0 0
    outer loop
      vertex 128 -12.499266149392204 89.8013744526042
      vertex 128 -12.413498340914327 89.94446939613333
      vertex 128 -12.532039394684492 91.86624410913215
    endloop
  endfacet
  facet normal 1 0 0
    outer loop
      vertex 128 -12.413498340914327 89.94446939613333
      vertex 128 -12.314117770716653 90.07846858307819
      vertex 128 -12.532039394684492 91.86624410913215
    endloop
  endfacet
  facet normal 1 0 0
    outer loop
      vertex 128 -12.314117770716653 90.07846858307819
      vertex 128 -12.20208152801713 90.20208152801713
      vertex 128 -12.243721155186542 92.00260848066168
    endloop
  endfacet
  facet normal 1 0 0
    outer loop
      vertex 128 -12.626798570744755 89.49348395133259
      vertex 128 -12.532039394684492 91.86624410913215
      vertex 128 -12.805603257313708 91.70227623998328
    endloop
  endfacet
  facet normal 1 0 0
    outer loop
      vertex 128 -12.314117770716653 90.07846858307819
      vertex 128 -12.243721155186542 92.00260848066168
      vertex 128 -12.532039394684492 91.86624410913215
    endloop
  endfacet
  facet normal 1 0 0
    outer loop
      vertex 128 -12.243721155186542 92.00260848066168
      vertex 128 -12.20208152801713 90.20208152801713
      vertex 128 -12.078468583078198 90.31411777071665
    endloop
  endfacet
  facet normal 1 0 0
    outer loop
      vertex 128 -12.243721155186542 92.00260848066168
      vertex 128 -12.078468583078198 90.31411777071665
      vertex 128 -11.944469396133323 90.41349834091433
    endloop
  endfacet
  facet normal 1 0 0
    outer loop
      vertex 128 -11.944469396133323 90.41349834091433
      vertex 128 -11.801374452604197 90.4992661493922
      vertex 128 -11.943425201077002 92.11005609112968
    endloop
  endfacet
  facet normal 1 0 0
    outer loop
      vertex 128 -11.801374452604197 90.4992661493922
      vertex 128 -11.650561835020653 90.57059520526919
      vertex 128 -11.943425201077002 92.11005609112968
    endloop
  endfacet
  facet normal 1 0 0
    outer loop
      vertex 128 -11.650561835020653 90.57059520526919
      vertex 128 -11.493483951332585 90.62679857074475
      vertex 128 -11.634043546552416 92.18755216131049
    endloop
  endfacet
  facet normal 1 0 0
    outer loop
      vertex 128 -11.493483951332585 90.62679857074475
      vertex 128 -11.331653547427418 90.6673349766855
      vertex 128 -11.634043546552416 92.18755216131049
    endloop
  endfacet
  facet normal 1 0 0
    outer loop
      vertex 128 -11.331653547427418 90.6673349766855
      vertex 128 -11.166629138560253 90.69181403534273
      vertex 128 -11.318555706071072 92.23435036168463
    endloop
  endfacet
  facet normal 1 0 0
    outer loop
      vertex 128 -11.318555706071072 85.76564963831537
      vertex 128 -11 85.75
      vertex 128 -11 87.3
    endloop
  endfacet
  facet normal 1 0 0
    outer loop
      vertex 128 -11 85.75
      vertex 128 -10.681444293928928 85.76564963831537
      vertex 128 -11 87.3
    endloop
  endfacet
  facet normal 1 0 0
    outer loop
      vertex 128 -10.681444293928928 85.76564963831537
      vertex 128 -10.365956453447584 85.81244783868951
      vertex 128 -10.668346452572582 87.3326650233145
    endloop
  endfacet
  facet normal 1 0 0
    outer loop
      vertex 128 -11.318555706071072 85.76564963831537
      vertex 128 -11 87.3
      vertex 128 -11.166629138560253 87.30818596465727
    endloop
  endfacet
  facet normal 1 0 0
    outer loop
      vertex 128 -10.681444293928928 85.76564963831537
      vertex 128 -10.833370861439747 87.30818596465727
      vertex 128 -11 87.3
    endloop
  endfacet
  facet normal 1 0 0
    outer loop
      vertex 128 -10.681444293928928 85.76564963831537
      vertex 128 -10.668346452572582 87.3326650233145
      vertex 128 -10.833370861439747 87.30818596465727
    endloop
  endfacet
  facet normal 1 0 0
    outer loop
      vertex 128 -10.365956453447584 85.81244783868951
      vertex 128 -10.506516048667415 87.37320142925525
      vertex 128 -10.668346452572582 87.3326650233145
    endloop
  endfacet
  facet normal 1 0 0
    outer loop
      vertex 128 -10.365956453447584 85.81244783868951
      vertex 128 -10.349438164979347 87.42940479473081
      vertex 128 -10.506516048667415 87.37320142925525
    endloop
  endfacet
  facet normal 1 0 0
    outer loop
      vertex 128 -10.365956453447584 85.81244783868951
      vertex 128 -10.056574798922998 85.88994390887032
      vertex 128 -10.349438164979347 87.42940479473081
    endloop
  endfacet
  facet normal 1 0 0
    outer loop
      vertex 128 -10.056574798922998 85.88994390887032
      vertex 128 -9.756278844813458 85.99739151933832
      vertex 128 -10.055530603866677 87.58650165908567
    endloop
  endfacet
  facet normal 1 0 0
    outer loop
      vertex 128 -9.756278844813458 85.99739151933832
      vertex 128 -9.467960605315508 86.13375589086785
      vertex 128 -9.685882229283347 87.92153141692181
    endloop
  endfacet
  facet normal 1 0 0
    outer loop
      vertex 128 -10.056574798922998 85.88994390887032
      vertex 128 -10.198625547395803 87.5007338506078
      vertex 128 -10.349438164979347 87.42940479473081
    endloop
  endfacet
  facet normal 1 0 0
    outer loop
      vertex 128 -10.056574798922998 85.88994390887032
      vertex 128 -10.055530603866677 87.58650165908567
      vertex 128 -10.198625547395803 87.5007338506078
    endloop
  endfacet
  facet normal 1 0 0
    outer loop
      vertex 128 -9.756278844813458 85.99739151933832
      vertex 128 -9.921531416921802 87.68588222928335
      vertex 128 -10.055530603866677 87.58650165908567
    endloop
  endfacet
  facet normal 1 0 0
    outer loop
      vertex 128 -9.756278844813458 85.99739151933832
      vertex 128 -9.79791847198287 87.79791847198287
      vertex 128 -9.921531416921802 87.68588222928335
    endloop
  endfacet
  facet normal 1 0 0
    outer loop
      vertex 128 -9.756278844813458 85.99739151933832
      vertex 128 -9.685882229283347 87.92153141692181
      vertex 128 -9.79791847198287 87.79791847198287
    endloop
  endfacet
  facet normal 1 0 0
    outer loop
      vertex 128 -9.467960605315508 86.13375589086785
      vertex 128 -9.586501659085673 88.05553060386667
      vertex 128 -9.685882229283347 87.92153141692181
    endloop
  endfacet
  facet normal 1 0 0
    outer loop
      vertex 128 -9.467960605315508 86.13375589086785
      vertex 128 -9.500733850607796 88.1986255473958
      vertex 128 -9.586501659085673 88.05553060386667
    endloop
  endfacet
  facet normal 1 0 0
    outer loop
      vertex 128 -9.467960605315508 86.13375589086785
      vertex 128 -9.429404794730813 88.34943816497935
      vertex 128 -9.500733850607796 88.1986255473958
    endloop
  endfacet
  facet normal 1 0 0
    outer loop
      vertex 128 -9.467960605315508 86.13375589086785
      vertex 128 -9.373201429255245 88.50651604866741
      vertex 128 -9.429404794730813 88.34943816497935
    endloop
  endfacet
  facet normal 1 0 0
    outer loop
      vertex 128 -9.467960605315508 86.13375589086785
      vertex 128 -9.194396742686292 86.29772376001672
      vertex 128 -9.373201429255245 88.50651604866741
    endloop
  endfacet
  facet normal 1 0 0
    outer loop
      vertex 128 -11.166629138560253 90.69181403534273
      vertex 128 -11 90.7
      vertex 128 -11.318555706071072 92.23435036168463
    endloop
  endfacet
  facet normal 1 0 0
    outer loop
      vertex 128 -11 90.7
      vertex 128 -10.833370861439747 90.69181403534273
      vertex 128 -10.681444293928928 92.23435036168463
    endloop
  endfacet
  facet normal 1 0 0
    outer loop
      vertex 128 -10.833370861439747 90.69181403534273
      vertex 128 -10.668346452572582 90.6673349766855
      vertex 128 -10.681444293928928 92.23435036168463
    endloop
  endfacet
  facet normal 1 0 0
    outer loop
      vertex 128 -10.349438164979347 90.57059520526919
      vertex 128 -10.365956453447584 92.18755216131049
      vertex 128 -10.506516048667415 90.62679857074475
    endloop
  endfacet
  facet normal 1 0 0
    outer loop
      vertex 128 -10.668346452572582 90.6673349766855
      vertex 128 -10.506516048667415 90.62679857074475
      vertex 128 -10.365956453447584 92.18755216131049
    endloop
  endfacet
  facet normal 1 0 0
    outer loop
      vertex 128 -9.429404794730813 89.65056183502065
      vertex 128 -9.467960605315508 91.86624410913215
      vertex 128 -9.500733850607796 89.8013744526042
    endloop
  endfacet
  facet normal 1 0 0
    outer loop
      vertex 128 -10.055530603866677 90.41349834091433
      vertex 128 -9.921531416921802 90.31411777071665
      vertex 128 -9.756278844813458 92.00260848066168
    endloop
  endfacet
  facet normal 1 0 0
    outer loop
      vertex 128 -10.349438164979347 90.57059520526919
      vertex 128 -10.198625547395803 90.4992661493922
      vertex 128 -10.056574798922998 92.11005609112968
    endloop
  endfacet
  facet normal 1 0 0
    outer loop
      vertex 128 -10.198625547395803 90.4992661493922
      vertex 128 -10.055530603866677 90.41349834091433
      vertex 128 -10.056574798922998 92.11005609112968
    endloop
  endfacet
  facet normal 1 0 0
    outer loop
      vertex 128 -9.79791847198287 90.20208152801713
      vertex 128 -9.685882229283347 90.07846858307819
      vertex 128 -9.756278844813458 92.00260848066168
    endloop
  endfacet
  facet normal 1 0 0
    outer loop
      vertex 128 -9.921531416921802 90.31411777071665
      vertex 128 -9.79791847198287 90.20208152801713
      vertex 128 -9.756278844813458 92.00260848066168
    endloop
  endfacet
  facet normal 1 0 0
    outer loop
      vertex 128 -9.586501659085673 89.94446939613333
      vertex 128 -9.500733850607796 89.8013744526042
      vertex 128 -9.467960605315508 91.86624410913215
    endloop
  endfacet
  facet normal 1 0 0
    outer loop
      vertex 128 -9.586501659085673 89.94446939613333
      vertex 128 -9.467960605315508 91.86624410913215
      vertex 128 -9.685882229283347 90.07846858307819
    endloop
  endfacet
  facet normal 1 0 0
    outer loop
      vertex 128 -9.685882229283347 90.07846858307819
      vertex 128 -9.467960605315508 91.86624410913215
      vertex 128 -9.756278844813458 92.00260848066168
    endloop
  endfacet
  facet normal 1 0 0
    outer loop
      vertex 128 -9.194396742686292 86.29772376001672
      vertex 128 -9.332665023314508 88.66834645257258
      vertex 128 -9.373201429255245 88.50651604866741
    endloop
  endfacet
  facet normal 1 0 0
    outer loop
      vertex 128 -9.194396742686292 86.29772376001672
      vertex 128 -9.308185964657266 88.83337086143975
      vertex 128 -9.332665023314508 88.66834645257258
    endloop
  endfacet
  facet normal 1 0 0
    outer loop
      vertex 128 -9.194396742686292 86.29772376001672
      vertex 128 -9.3 89
      vertex 128 -9.308185964657266 88.83337086143975
    endloop
  endfacet
  facet normal 1 0 0
    outer loop
      vertex 128 -9.194396742686292 86.29772376001672
      vertex 128 -8.938221826468151 86.4877160265711
      vertex 128 -8.938221826468151 91.5122839734289
    endloop
  endfacet
  facet normal 1 0 0
    outer loop
      vertex 128 -8.938221826468151 86.4877160265711
      vertex 128 -8.70190296114372 86.70190296114372
      vertex 128 -8.70190296114372 91.29809703885628
    endloop
  endfacet
  facet normal 1 0 0
    outer loop
      vertex 128 -8.70190296114372 86.70190296114372
      vertex 128 -8.487716026571105 86.93822182646815
      vertex 128 -8.487716026571105 91.06177817353185
    endloop
  endfacet
  facet normal 1 0 0
    outer loop
      vertex 128 -9.194396742686292 86.29772376001672
      vertex 128 -9.194396742686292 91.70227623998328
      vertex 128 -9.3 89
    endloop
  endfacet
  facet normal 1 0 0
    outer loop
      vertex 128 -8.487716026571105 86.93822182646815
      vertex 128 -8.297723760016728 87.1943967426863
      vertex 128 -8.297723760016728 90.8056032573137
    endloop
  endfacet
  facet normal 1 0 0
    outer loop
      vertex 128 -8.297723760016728 87.1943967426863
      vertex 128 -8.133755890867846 87.46796060531551
      vertex 128 -8.133755890867846 90.53203939468449
    endloop
  endfacet
  facet normal 1 0 0
    outer loop
      vertex 128 -8.133755890867846 87.46796060531551
      vertex 128 -7.9973915193383185 87.75627884481347
      vertex 128 -7.9973915193383185 90.24372115518653
    endloop
  endfacet
  facet normal 1 0 0
    outer loop
      vertex 128 -7.9973915193383185 87.75627884481347
      vertex 128 -7.889943908870322 88.056574798923
      vertex 128 -7.889943908870322 89.943425201077
    endloop
  endfacet
  facet normal 1 0 0
    outer loop
      vertex 128 -8.297723760016728 87.1943967426863
      vertex 128 -8.133755890867846 90.53203939468449
      vertex 128 -8.297723760016728 90.8056032573137
    endloop
  endfacet
  facet normal 1 0 0
    outer loop
      vertex 128 -8.133755890867846 87.46796060531551
      vertex 128 -7.9973915193383185 90.24372115518653
      vertex 128 -8.133755890867846 90.53203939468449
    endloop
  endfacet
  facet normal 1 0 0
    outer loop
      vertex 128 -7.889943908870322 88.056574798923
      vertex 128 -7.812447838689501 88.36595645344758
      vertex 128 -7.812447838689501 89.63404354655242
    endloop
  endfacet
  facet normal 1 0 0
    outer loop
      vertex 128 -7.812447838689501 88.36595645344758
      vertex 128 -7.7656496383153595 88.68144429392893
      vertex 128 -7.7656496383153595 89.31855570607107
    endloop
  endfacet
  facet normal 1 0 0
    outer loop
      vertex 128 -7.7656496383153595 88.68144429392893
      vertex 128 -7.75 89
      vertex 128 -7.7656496383153595 89.31855570607107
    endloop
  endfacet
  facet normal 1 0 0
    outer loop
      vertex 128 -7.889943908870322 88.056574798923
      vertex 128 -7.812447838689501 89.63404354655242
      vertex 128 -7.889943908870322 89.943425201077
    endloop
  endfacet
  facet normal 1 0 0
    outer loop
      vertex 128 -7.812447838689501 88.36595645344758
      vertex 128 -7.7656496383153595 89.31855570607107
      vertex 128 -7.812447838689501 89.63404354655242
    endloop
  endfacet
  facet normal 1 0 0
    outer loop
      vertex 128 -7.9973915193383185 87.75627884481347
      vertex 128 -7.889943908870322 89.943425201077
      vertex 128 -7.9973915193383185 90.24372115518653
    endloop
  endfacet
  facet normal 1 0 0
    outer loop
      vertex 128 -9.3 89
      vertex 128 -9.194396742686292 91.70227623998328
      vertex 128 -9.308185964657266 89.16662913856025
    endloop
  endfacet
  facet normal 1 0 0
    outer loop
      vertex 128 -9.194396742686292 86.29772376001672
      vertex 128 -8.938221826468151 91.5122839734289
      vertex 128 -9.194396742686292 91.70227623998328
    endloop
  endfacet
  facet normal 1 0 0
    outer loop
      vertex 128 -9.308185964657266 89.16662913856025
      vertex 128 -9.194396742686292 91.70227623998328
      vertex 128 -9.332665023314508 89.33165354742742
    endloop
  endfacet
  facet normal 1 0 0
    outer loop
      vertex 128 -9.332665023314508 89.33165354742742
      vertex 128 -9.194396742686292 91.70227623998328
      vertex 128 -9.373201429255245 89.49348395133259
    endloop
  endfacet
  facet normal 1 0 0
    outer loop
      vertex 128 -9.373201429255245 89.49348395133259
      vertex 128 -9.194396742686292 91.70227623998328
      vertex 128 -9.429404794730813 89.65056183502065
    endloop
  endfacet
  facet normal 1 0 0
    outer loop
      vertex 128 -8.938221826468151 86.4877160265711
      vertex 128 -8.70190296114372 91.29809703885628
      vertex 128 -8.938221826468151 91.5122839734289
    endloop
  endfacet
  facet normal 1 0 0
    outer loop
      vertex 128 -8.70190296114372 86.70190296114372
      vertex 128 -8.487716026571105 91.06177817353185
      vertex 128 -8.70190296114372 91.29809703885628
    endloop
  endfacet
  facet normal 1 0 0
    outer loop
      vertex 128 -9.429404794730813 89.65056183502065
      vertex 128 -9.194396742686292 91.70227623998328
      vertex 128 -9.467960605315508 91.86624410913215
    endloop
  endfacet
  facet normal 1 0 0
    outer loop
      vertex 128 -8.487716026571105 86.93822182646815
      vertex 128 -8.297723760016728 90.8056032573137
      vertex 128 -8.487716026571105 91.06177817353185
    endloop
  endfacet
  facet normal 1 0 0
    outer loop
      vertex 128 -12.243721155186542 92.00260848066168
      vertex 128 -11.944469396133323 90.41349834091433
      vertex 128 -11.943425201077002 92.11005609112968
    endloop
  endfacet
  facet normal 1 0 0
    outer loop
      vertex 128 -11.650561835020653 90.57059520526919
      vertex 128 -11.634043546552416 92.18755216131049
      vertex 128 -11.943425201077002 92.11005609112968
    endloop
  endfacet
  facet normal 1 0 0
    outer loop
      vertex 128 -11.331653547427418 90.6673349766855
      vertex 128 -11.318555706071072 92.23435036168463
      vertex 128 -11.634043546552416 92.18755216131049
    endloop
  endfacet
  facet normal 1 0 0
    outer loop
      vertex 128 -11 90.7
      vertex 128 -11 92.25
      vertex 128 -11.318555706071072 92.23435036168463
    endloop
  endfacet
  facet normal 1 0 0
    outer loop
      vertex 128 -11 90.7
      vertex 128 -10.681444293928928 92.23435036168463
      vertex 128 -11 92.25
    endloop
  endfacet
  facet normal 1 0 0
    outer loop
      vertex 128 -10.668346452572582 90.6673349766855
      vertex 128 -10.365956453447584 92.18755216131049
      vertex 128 -10.681444293928928 92.23435036168463
    endloop
  endfacet
  facet normal 1 0 0
    outer loop
      vertex 128 -10.349438164979347 90.57059520526919
      vertex 128 -10.056574798922998 92.11005609112968
      vertex 128 -10.365956453447584 92.18755216131049
    endloop
  endfacet
  facet normal 1 0 0
    outer loop
      vertex 128 -10.055530603866677 90.41349834091433
      vertex 128 -9.756278844813458 92.00260848066168
      vertex 128 -10.056574798922998 92.11005609112968
    endloop
  endfacet
  facet normal -1.790071546972982e-18 0.6715589548470076 0.7409511253549689
    outer loop
      vertex 128 -13.061778173531849 86.4877160265711
      vertex 128 -13.29809703885628 86.70190296114372
      vertex 133 -13.29809703885628 86.70190296114372
    endloop
  endfacet
  facet normal 1.0494780193875685e-18 0.8032075314806473 0.5956993044924302
    outer loop
      vertex 128 -13.512283973428895 86.93822182646815
      vertex 128 -13.702276239983272 87.1943967426863
      vertex 133 -13.702276239983272 87.1943967426863
    endloop
  endfacet
  facet normal 1.3496606194209761e-18 0.9039892931234452 0.42755509343027814
    outer loop
      vertex 128 -13.866244109132154 87.46796060531551
      vertex 128 -14 87.75076367583124
      vertex 133 -14 87.75076367583124
    endloop
  endfacet
  facet normal 0 0.8577286100002735 0.5141027441932193
    outer loop
      vertex 128 -13.866244109132154 87.46796060531551
      vertex 133 -13.866244109132154 87.46796060531551
      vertex 128 -13.702276239983272 87.1943967426863
    endloop
  endfacet
  facet normal 1.879754573205635e-18 0.7409511253549655 0.6715589548470112
    outer loop
      vertex 128 -13.29809703885628 86.70190296114372
      vertex 128 -13.512283973428895 86.93822182646815
      vertex 133 -13.512283973428895 86.93822182646815
    endloop
  endfacet
  facet normal 0 0.14673047445536289 0.9891765099647808
    outer loop
      vertex 128 -11.634043546552416 85.81244783868951
      vertex 133 -11.634043546552416 85.81244783868951
      vertex 128 -11.318555706071072 85.76564963831537
    endloop
  endfacet
  facet normal 1.486512085648651e-18 0.5141027441932096 0.8577286100002794
    outer loop
      vertex 128 -12.532039394684492 86.13375589086785
      vertex 128 -12.805603257313708 86.29772376001672
      vertex 133 -12.805603257313708 86.29772376001672
    endloop
  endfacet
  facet normal 0 0.5956993044924472 0.8032075314806346
    outer loop
      vertex 128 -13.061778173531849 86.4877160265711
      vertex 133 -13.061778173531849 86.4877160265711
      vertex 128 -12.805603257313708 86.29772376001672
    endloop
  endfacet
  facet normal 0 0.4275550934302714 0.9039892931234484
    outer loop
      vertex 128 -12.532039394684492 86.13375589086785
      vertex 133 -12.532039394684492 86.13375589086785
      vertex 128 -12.243721155186542 85.99739151933832
    endloop
  endfacet
  facet normal 0 0.33688985339222843 0.9415440651830178
    outer loop
      vertex 128 -12.243721155186542 85.99739151933832
      vertex 133 -12.243721155186542 85.99739151933832
      vertex 128 -11.943425201077002 85.88994390887032
    endloop
  endfacet
  facet normal 0 0.24298017990324594 0.9700312531945484
    outer loop
      vertex 128 -11.943425201077002 85.88994390887032
      vertex 133 -11.943425201077002 85.88994390887032
      vertex 128 -11.634043546552416 85.81244783868951
    endloop
  endfacet
  facet normal 0 0.6715589548470076 0.7409511253549689
    outer loop
      vertex 128 -13.061778173531849 86.4877160265711
      vertex 133 -13.29809703885628 86.70190296114372
      vertex 133 -13.061778173531849 86.4877160265711
    endloop
  endfacet
  facet normal 0 0.9039892931234452 0.42755509343027814
    outer loop
      vertex 128 -13.866244109132154 87.46796060531551
      vertex 133 -14 87.75076367583124
      vertex 133 -13.866244109132154 87.46796060531551
    endloop
  endfacet
  facet normal 0 0.8577286100002735 0.5141027441932193
    outer loop
      vertex 128 -13.702276239983272 87.1943967426863
      vertex 133 -13.866244109132154 87.46796060531551
      vertex 133 -13.702276239983272 87.1943967426863
    endloop
  endfacet
  facet normal 0 0.7409511253549655 0.6715589548470112
    outer loop
      vertex 128 -13.29809703885628 86.70190296114372
      vertex 133 -13.512283973428895 86.93822182646815
      vertex 133 -13.29809703885628 86.70190296114372
    endloop
  endfacet
  facet normal 0 0.8032075314806473 0.5956993044924302
    outer loop
      vertex 128 -13.512283973428895 86.93822182646815
      vertex 133 -13.702276239983272 87.1943967426863
      vertex 133 -13.512283973428895 86.93822182646815
    endloop
  endfacet
  facet normal 0 0.24298017990324594 0.9700312531945484
    outer loop
      vertex 128 -11.634043546552416 85.81244783868951
      vertex 133 -11.943425201077002 85.88994390887032
      vertex 133 -11.634043546552416 85.81244783868951
    endloop
  endfacet
  facet normal 0 0.14673047445536289 0.9891765099647808
    outer loop
      vertex 128 -11.318555706071072 85.76564963831537
      vertex 133 -11.634043546552416 85.81244783868951
      vertex 133 -11.318555706071072 85.76564963831537
    endloop
  endfacet
  facet normal 0 0.5956993044924472 0.8032075314806346
    outer loop
      vertex 128 -12.805603257313708 86.29772376001672
      vertex 133 -13.061778173531849 86.4877160265711
      vertex 133 -12.805603257313708 86.29772376001672
    endloop
  endfacet
  facet normal 0 0.5141027441932096 0.8577286100002794
    outer loop
      vertex 128 -12.532039394684492 86.13375589086785
      vertex 133 -12.805603257313708 86.29772376001672
      vertex 133 -12.532039394684492 86.13375589086785
    endloop
  endfacet
  facet normal 0 0.4275550934302714 0.9039892931234484
    outer loop
      vertex 128 -12.243721155186542 85.99739151933832
      vertex 133 -12.532039394684492 86.13375589086785
      vertex 133 -12.243721155186542 85.99739151933832
    endloop
  endfacet
  facet normal 0 0.33688985339222843 0.9415440651830178
    outer loop
      vertex 128 -11.943425201077002 85.88994390887032
      vertex 133 -12.243721155186542 85.99739151933832
      vertex 133 -11.943425201077002 85.88994390887032
    endloop
  endfacet
  facet normal -1.3496606194209761e-18 0.9039892931234452 -0.42755509343027814
    outer loop
      vertex 128 -13.866244109132154 90.53203939468449
      vertex 133 -14 90.24923632416876
      vertex 128 -14 90.24923632416876
    endloop
  endfacet
  facet normal -1.1696516181544942e-18 0.8577286100002735 -0.5141027441932193
    outer loop
      vertex 128 -13.866244109132154 90.53203939468449
      vertex 128 -13.702276239983272 90.8056032573137
      vertex 133 -13.702276239983272 90.8056032573137
    endloop
  endfacet
  facet normal -1.0494780193875685e-18 0.8032075314806473 -0.5956993044924302
    outer loop
      vertex 128 -13.702276239983272 90.8056032573137
      vertex 128 -13.512283973428895 91.06177817353185
      vertex 133 -13.512283973428895 91.06177817353185
    endloop
  endfacet
  facet normal -1.879754573205635e-18 0.7409511253549655 -0.6715589548470112
    outer loop
      vertex 128 -13.512283973428895 91.06177817353185
      vertex 128 -13.29809703885628 91.29809703885628
      vertex 133 -13.29809703885628 91.29809703885628
    endloop
  endfacet
  facet normal 0 0.9039892931234452 -0.42755509343027814
    outer loop
      vertex 128 -13.866244109132154 90.53203939468449
      vertex 133 -13.866244109132154 90.53203939468449
      vertex 133 -14 90.24923632416876
    endloop
  endfacet
  facet normal 0 0.8577286100002735 -0.5141027441932193
    outer loop
      vertex 128 -13.866244109132154 90.53203939468449
      vertex 133 -13.702276239983272 90.8056032573137
      vertex 133 -13.866244109132154 90.53203939468449
    endloop
  endfacet
  facet normal 0 0.8032075314806473 -0.5956993044924302
    outer loop
      vertex 128 -13.702276239983272 90.8056032573137
      vertex 133 -13.512283973428895 91.06177817353185
      vertex 133 -13.702276239983272 90.8056032573137
    endloop
  endfacet
  facet normal 0 0.7409511253549655 -0.6715589548470112
    outer loop
      vertex 128 -13.512283973428895 91.06177817353185
      vertex 133 -13.29809703885628 91.29809703885628
      vertex 133 -13.512283973428895 91.06177817353185
    endloop
  endfacet
  facet normal 0 0.6715589548470076 -0.7409511253549689
    outer loop
      vertex 128 -13.29809703885628 91.29809703885628
      vertex 133 -13.061778173531849 91.5122839734289
      vertex 133 -13.29809703885628 91.29809703885628
    endloop
  endfacet
  facet normal 0 0.049067674327438277 0.9987954562051714
    outer loop
      vertex 128 -11.318555706071072 85.76564963831537
      vertex 133 -11.318555706071072 85.76564963831537
      vertex 128 -11 85.75
    endloop
  endfacet
  facet normal 0 -0.049067674327438277 0.9987954562051714
    outer loop
      vertex 128 -11 85.75
      vertex 133 -11 85.75
      vertex 128 -10.681444293928928 85.76564963831537
    endloop
  endfacet
  facet normal 0 -0.14673047445536289 0.9891765099647808
    outer loop
      vertex 128 -10.681444293928928 85.76564963831537
      vertex 133 -10.681444293928928 85.76564963831537
      vertex 128 -10.365956453447584 85.81244783868951
    endloop
  endfacet
  facet normal 0 -0.24298017990324594 0.9700312531945484
    outer loop
      vertex 128 -10.365956453447584 85.81244783868951
      vertex 133 -10.365956453447584 85.81244783868951
      vertex 128 -10.056574798922998 85.88994390887032
    endloop
  endfacet
  facet normal 0 -0.33688985339222843 0.9415440651830178
    outer loop
      vertex 128 -10.056574798922998 85.88994390887032
      vertex 133 -10.056574798922998 85.88994390887032
      vertex 128 -9.756278844813458 85.99739151933832
    endloop
  endfacet
  facet normal 0 -0.4275550934302714 0.9039892931234484
    outer loop
      vertex 128 -9.756278844813458 85.99739151933832
      vertex 133 -9.756278844813458 85.99739151933832
      vertex 128 -9.467960605315508 86.13375589086785
    endloop
  endfacet
  facet normal 0 -0.5141027441932096 0.8577286100002794
    outer loop
      vertex 128 -9.467960605315508 86.13375589086785
      vertex 133 -9.467960605315508 86.13375589086785
      vertex 128 -9.194396742686292 86.29772376001672
    endloop
  endfacet
  facet normal 0 -0.5956993044924472 0.8032075314806346
    outer loop
      vertex 128 -9.194396742686292 86.29772376001672
      vertex 133 -9.194396742686292 86.29772376001672
      vertex 128 -8.938221826468151 86.4877160265711
    endloop
  endfacet
  facet normal 0 -0.6715589548470076 0.7409511253549689
    outer loop
      vertex 128 -8.938221826468151 86.4877160265711
      vertex 133 -8.938221826468151 86.4877160265711
      vertex 128 -8.70190296114372 86.70190296114372
    endloop
  endfacet
  facet normal 0 -0.7409511253549655 0.6715589548470112
    outer loop
      vertex 128 -8.70190296114372 86.70190296114372
      vertex 133 -8.70190296114372 86.70190296114372
      vertex 128 -8.487716026571105 86.93822182646815
    endloop
  endfacet
  facet normal 0 -0.8032075314806473 0.5956993044924302
    outer loop
      vertex 128 -8.487716026571105 86.93822182646815
      vertex 133 -8.487716026571105 86.93822182646815
      vertex 128 -8.297723760016728 87.1943967426863
    endloop
  endfacet
  facet normal 0 -0.8577286100002735 0.5141027441932193
    outer loop
      vertex 128 -8.297723760016728 87.1943967426863
      vertex 133 -8.297723760016728 87.1943967426863
      vertex 128 -8.133755890867846 87.46796060531551
    endloop
  endfacet
  facet normal 0 -0.9039892931234461 0.4275550934302762
    outer loop
      vertex 128 -8.133755890867846 87.46796060531551
      vertex 133 -8.133755890867846 87.46796060531551
      vertex 128 -7.9973915193383185 87.75627884481347
    endloop
  endfacet
  facet normal 0 0.049067674327438277 0.9987954562051714
    outer loop
      vertex 128 -11 85.75
      vertex 133 -11.318555706071072 85.76564963831537
      vertex 133 -11 85.75
    endloop
  endfacet
  facet normal 0 -0.049067674327438277 0.9987954562051714
    outer loop
      vertex 128 -10.681444293928928 85.76564963831537
      vertex 133 -11 85.75
      vertex 133 -10.681444293928928 85.76564963831537
    endloop
  endfacet
  facet normal 0 -0.14673047445536289 0.9891765099647808
    outer loop
      vertex 128 -10.365956453447584 85.81244783868951
      vertex 133 -10.681444293928928 85.76564963831537
      vertex 133 -10.365956453447584 85.81244783868951
    endloop
  endfacet
  facet normal 0 -0.24298017990324594 0.9700312531945484
    outer loop
      vertex 128 -10.056574798922998 85.88994390887032
      vertex 133 -10.365956453447584 85.81244783868951
      vertex 133 -10.056574798922998 85.88994390887032
    endloop
  endfacet
  facet normal 0 -0.33688985339222843 0.9415440651830178
    outer loop
      vertex 128 -9.756278844813458 85.99739151933832
      vertex 133 -10.056574798922998 85.88994390887032
      vertex 133 -9.756278844813458 85.99739151933832
    endloop
  endfacet
  facet normal 0 -0.4275550934302714 0.9039892931234484
    outer loop
      vertex 128 -9.467960605315508 86.13375589086785
      vertex 133 -9.756278844813458 85.99739151933832
      vertex 133 -9.467960605315508 86.13375589086785
    endloop
  endfacet
  facet normal 0 -0.5141027441932096 0.8577286100002794
    outer loop
      vertex 128 -9.194396742686292 86.29772376001672
      vertex 133 -9.467960605315508 86.13375589086785
      vertex 133 -9.194396742686292 86.29772376001672
    endloop
  endfacet
  facet normal 0 -0.5956993044924472 0.8032075314806346
    outer loop
      vertex 128 -8.938221826468151 86.4877160265711
      vertex 133 -9.194396742686292 86.29772376001672
      vertex 133 -8.938221826468151 86.4877160265711
    endloop
  endfacet
  facet normal 0 -0.6715589548470076 0.7409511253549689
    outer loop
      vertex 128 -8.70190296114372 86.70190296114372
      vertex 133 -8.938221826468151 86.4877160265711
      vertex 133 -8.70190296114372 86.70190296114372
    endloop
  endfacet
  facet normal 0 -0.7409511253549655 0.6715589548470112
    outer loop
      vertex 128 -8.487716026571105 86.93822182646815
      vertex 133 -8.70190296114372 86.70190296114372
      vertex 133 -8.487716026571105 86.93822182646815
    endloop
  endfacet
  facet normal 0 -0.8032075314806473 0.5956993044924302
    outer loop
      vertex 128 -8.297723760016728 87.1943967426863
      vertex 133 -8.487716026571105 86.93822182646815
      vertex 133 -8.297723760016728 87.1943967426863
    endloop
  endfacet
  facet normal 0 -0.8577286100002735 0.5141027441932193
    outer loop
      vertex 128 -8.133755890867846 87.46796060531551
      vertex 133 -8.297723760016728 87.1943967426863
      vertex 133 -8.133755890867846 87.46796060531551
    endloop
  endfacet
  facet normal 0 -0.9039892931234461 0.4275550934302762
    outer loop
      vertex 128 -7.9973915193383185 87.75627884481347
      vertex 133 -8.133755890867846 87.46796060531551
      vertex 133 -7.9973915193383185 87.75627884481347
    endloop
  endfacet
  facet normal 0 -0.9415440651830175 0.3368898533922292
    outer loop
      vertex 128 -7.9973915193383185 87.75627884481347
      vertex 133 -7.9973915193383185 87.75627884481347
      vertex 128 -7.889943908870322 88.056574798923
    endloop
  endfacet
  facet normal 0 -0.9700312531945433 0.24298017990326695
    outer loop
      vertex 128 -7.889943908870322 88.056574798923
      vertex 133 -7.889943908870322 88.056574798923
      vertex 128 -7.812447838689501 88.36595645344758
    endloop
  endfacet
  facet normal 0 -0.9891765099647813 0.14673047445535883
    outer loop
      vertex 128 -7.812447838689501 88.36595645344758
      vertex 133 -7.812447838689501 88.36595645344758
      vertex 128 -7.7656496383153595 88.68144429392893
    endloop
  endfacet
  facet normal 0 -0.9987954562051725 0.04906767432741687
    outer loop
      vertex 128 -7.7656496383153595 88.68144429392893
      vertex 133 -7.7656496383153595 88.68144429392893
      vertex 128 -7.75 89
    endloop
  endfacet
  facet normal 0 -0.9987954562051725 -0.04906767432741687
    outer loop
      vertex 128 -7.75 89
      vertex 133 -7.75 89
      vertex 128 -7.7656496383153595 89.31855570607107
    endloop
  endfacet
  facet normal 0 -0.9891765099647813 -0.14673047445535883
    outer loop
      vertex 128 -7.7656496383153595 89.31855570607107
      vertex 133 -7.7656496383153595 89.31855570607107
      vertex 128 -7.812447838689501 89.63404354655242
    endloop
  endfacet
  facet normal 0 -0.6715589548470076 -0.7409511253549689
    outer loop
      vertex 128 -8.70190296114372 91.29809703885628
      vertex 133 -8.70190296114372 91.29809703885628
      vertex 128 -8.938221826468151 91.5122839734289
    endloop
  endfacet
  facet normal 0 -0.7409511253549655 -0.6715589548470112
    outer loop
      vertex 128 -8.487716026571105 91.06177817353185
      vertex 133 -8.487716026571105 91.06177817353185
      vertex 128 -8.70190296114372 91.29809703885628
    endloop
  endfacet
  facet normal 0 -0.9039892931234461 -0.4275550934302762
    outer loop
      vertex 128 -7.9973915193383185 90.24372115518653
      vertex 133 -7.9973915193383185 90.24372115518653
      vertex 128 -8.133755890867846 90.53203939468449
    endloop
  endfacet
  facet normal 0 -0.9700312531945433 -0.24298017990326695
    outer loop
      vertex 128 -7.812447838689501 89.63404354655242
      vertex 133 -7.812447838689501 89.63404354655242
      vertex 128 -7.889943908870322 89.943425201077
    endloop
  endfacet
  facet normal 0 -0.9415440651830175 -0.3368898533922292
    outer loop
      vertex 128 -7.889943908870322 89.943425201077
      vertex 133 -7.889943908870322 89.943425201077
      vertex 128 -7.9973915193383185 90.24372115518653
    endloop
  endfacet
  facet normal 0 -0.8032075314806473 -0.5956993044924302
    outer loop
      vertex 128 -8.297723760016728 90.8056032573137
      vertex 133 -8.297723760016728 90.8056032573137
      vertex 128 -8.487716026571105 91.06177817353185
    endloop
  endfacet
  facet normal 0 -0.8577286100002735 -0.5141027441932193
    outer loop
      vertex 128 -8.133755890867846 90.53203939468449
      vertex 133 -8.133755890867846 90.53203939468449
      vertex 128 -8.297723760016728 90.8056032573137
    endloop
  endfacet
  facet normal 0 -0.9415440651830175 0.3368898533922292
    outer loop
      vertex 128 -7.889943908870322 88.056574798923
      vertex 133 -7.9973915193383185 87.75627884481347
      vertex 133 -7.889943908870322 88.056574798923
    endloop
  endfacet
  facet normal 0 -0.9700312531945433 0.24298017990326695
    outer loop
      vertex 128 -7.812447838689501 88.36595645344758
      vertex 133 -7.889943908870322 88.056574798923
      vertex 133 -7.812447838689501 88.36595645344758
    endloop
  endfacet
  facet normal 0 -0.9891765099647813 0.14673047445535883
    outer loop
      vertex 128 -7.7656496383153595 88.68144429392893
      vertex 133 -7.812447838689501 88.36595645344758
      vertex 133 -7.7656496383153595 88.68144429392893
    endloop
  endfacet
  facet normal 0 -0.9987954562051725 0.04906767432741687
    outer loop
      vertex 128 -7.75 89
      vertex 133 -7.7656496383153595 88.68144429392893
      vertex 133 -7.75 89
    endloop
  endfacet
  facet normal 0 -0.9987954562051725 -0.04906767432741687
    outer loop
      vertex 128 -7.7656496383153595 89.31855570607107
      vertex 133 -7.75 89
      vertex 133 -7.7656496383153595 89.31855570607107
    endloop
  endfacet
  facet normal 0 -0.9891765099647813 -0.14673047445535883
    outer loop
      vertex 128 -7.812447838689501 89.63404354655242
      vertex 133 -7.7656496383153595 89.31855570607107
      vertex 133 -7.812447838689501 89.63404354655242
    endloop
  endfacet
  facet normal 0 -0.7409511253549655 -0.6715589548470112
    outer loop
      vertex 128 -8.70190296114372 91.29809703885628
      vertex 133 -8.487716026571105 91.06177817353185
      vertex 133 -8.70190296114372 91.29809703885628
    endloop
  endfacet
  facet normal 0 -0.9039892931234461 -0.4275550934302762
    outer loop
      vertex 128 -8.133755890867846 90.53203939468449
      vertex 133 -7.9973915193383185 90.24372115518653
      vertex 133 -8.133755890867846 90.53203939468449
    endloop
  endfacet
  facet normal 0 -0.9700312531945433 -0.24298017990326695
    outer loop
      vertex 128 -7.889943908870322 89.943425201077
      vertex 133 -7.812447838689501 89.63404354655242
      vertex 133 -7.889943908870322 89.943425201077
    endloop
  endfacet
  facet normal 0 -0.9415440651830175 -0.3368898533922292
    outer loop
      vertex 128 -7.9973915193383185 90.24372115518653
      vertex 133 -7.889943908870322 89.943425201077
      vertex 133 -7.9973915193383185 90.24372115518653
    endloop
  endfacet
  facet normal 0 -0.8577286100002735 -0.5141027441932193
    outer loop
      vertex 128 -8.297723760016728 90.8056032573137
      vertex 133 -8.133755890867846 90.53203939468449
      vertex 133 -8.297723760016728 90.8056032573137
    endloop
  endfacet
  facet normal 0 -0.8032075314806473 -0.5956993044924302
    outer loop
      vertex 128 -8.487716026571105 91.06177817353185
      vertex 133 -8.297723760016728 90.8056032573137
      vertex 133 -8.487716026571105 91.06177817353185
    endloop
  endfacet
  facet normal 1.790071546972982e-18 0.6715589548470076 -0.7409511253549689
    outer loop
      vertex 128 -13.29809703885628 91.29809703885628
      vertex 128 -13.061778173531849 91.5122839734289
      vertex 133 -13.061778173531849 91.5122839734289
    endloop
  endfacet
  facet normal 1.9315191024745235e-18 0.5956993044924472 -0.8032075314806346
    outer loop
      vertex 128 -13.061778173531849 91.5122839734289
      vertex 128 -12.805603257313708 91.70227623998328
      vertex 133 -12.805603257313708 91.70227623998328
    endloop
  endfacet
  facet normal -1.486512085648651e-18 0.5141027441932096 -0.8577286100002794
    outer loop
      vertex 128 -12.805603257313708 91.70227623998328
      vertex 128 -12.532039394684492 91.86624410913215
      vertex 133 -12.532039394684492 91.86624410913215
    endloop
  endfacet
  facet normal -7.662110633477407e-20 0.4275550934302714 -0.9039892931234484
    outer loop
      vertex 128 -12.532039394684492 91.86624410913215
      vertex 128 -12.243721155186542 92.00260848066168
      vertex 133 -12.243721155186542 92.00260848066168
    endloop
  endfacet
  facet normal -6.792512395332155e-19 0.33688985339222843 -0.9415440651830178
    outer loop
      vertex 128 -12.243721155186542 92.00260848066168
      vertex 128 -11.943425201077002 92.11005609112968
      vertex 133 -11.943425201077002 92.11005609112968
    endloop
  endfacet
  facet normal -7.685572234879212e-19 0.24298017990324594 -0.9700312531945484
    outer loop
      vertex 128 -11.943425201077002 92.11005609112968
      vertex 128 -11.634043546552416 92.18755216131049
      vertex 133 -11.634043546552416 92.18755216131049
    endloop
  endfacet
  facet normal -2.6930845973335827e-19 0.14673047445536289 -0.9891765099647808
    outer loop
      vertex 128 -11.634043546552416 92.18755216131049
      vertex 128 -11.318555706071072 92.23435036168463
      vertex 133 -11.318555706071072 92.23435036168463
    endloop
  endfacet
  facet normal 0 0.5956993044924472 -0.8032075314806346
    outer loop
      vertex 128 -13.061778173531849 91.5122839734289
      vertex 133 -12.805603257313708 91.70227623998328
      vertex 133 -13.061778173531849 91.5122839734289
    endloop
  endfacet
  facet normal 0 0.5141027441932096 -0.8577286100002794
    outer loop
      vertex 128 -12.805603257313708 91.70227623998328
      vertex 133 -12.532039394684492 91.86624410913215
      vertex 133 -12.805603257313708 91.70227623998328
    endloop
  endfacet
  facet normal 0 0.4275550934302714 -0.9039892931234484
    outer loop
      vertex 128 -12.532039394684492 91.86624410913215
      vertex 133 -12.243721155186542 92.00260848066168
      vertex 133 -12.532039394684492 91.86624410913215
    endloop
  endfacet
  facet normal 0 0.33688985339222843 -0.9415440651830178
    outer loop
      vertex 128 -12.243721155186542 92.00260848066168
      vertex 133 -11.943425201077002 92.11005609112968
      vertex 133 -12.243721155186542 92.00260848066168
    endloop
  endfacet
  facet normal 0 0.24298017990324594 -0.9700312531945484
    outer loop
      vertex 128 -11.943425201077002 92.11005609112968
      vertex 133 -11.634043546552416 92.18755216131049
      vertex 133 -11.943425201077002 92.11005609112968
    endloop
  endfacet
  facet normal 0 0.14673047445536289 -0.9891765099647808
    outer loop
      vertex 128 -11.634043546552416 92.18755216131049
      vertex 133 -11.318555706071072 92.23435036168463
      vertex 133 -11.634043546552416 92.18755216131049
    endloop
  endfacet
  facet normal 2.707501401908079e-19 0.049067674327438277 -0.9987954562051714
    outer loop
      vertex 128 -11.318555706071072 92.23435036168463
      vertex 128 -11 92.25
      vertex 133 -11 92.25
    endloop
  endfacet
  facet normal -2.707501401908079e-19 -0.049067674327438277 -0.9987954562051714
    outer loop
      vertex 128 -11 92.25
      vertex 128 -10.681444293928928 92.23435036168463
      vertex 133 -10.681444293928928 92.23435036168463
    endloop
  endfacet
  facet normal 2.6930845973335827e-19 -0.14673047445536289 -0.9891765099647808
    outer loop
      vertex 128 -10.681444293928928 92.23435036168463
      vertex 128 -10.365956453447584 92.18755216131049
      vertex 133 -10.365956453447584 92.18755216131049
    endloop
  endfacet
  facet normal 7.685572234879212e-19 -0.24298017990324594 -0.9700312531945484
    outer loop
      vertex 128 -10.365956453447584 92.18755216131049
      vertex 128 -10.056574798922998 92.11005609112968
      vertex 133 -10.056574798922998 92.11005609112968
    endloop
  endfacet
  facet normal 0 -0.33688985339222843 -0.9415440651830178
    outer loop
      vertex 128 -9.756278844813458 92.00260848066168
      vertex 133 -9.756278844813458 92.00260848066168
      vertex 128 -10.056574798922998 92.11005609112968
    endloop
  endfacet
  facet normal 7.662110633477407e-20 -0.4275550934302714 -0.9039892931234484
    outer loop
      vertex 128 -9.756278844813458 92.00260848066168
      vertex 128 -9.467960605315508 91.86624410913215
      vertex 133 -9.467960605315508 91.86624410913215
    endloop
  endfacet
  facet normal 0 -0.5141027441932096 -0.8577286100002794
    outer loop
      vertex 128 -9.194396742686292 91.70227623998328
      vertex 133 -9.194396742686292 91.70227623998328
      vertex 128 -9.467960605315508 91.86624410913215
    endloop
  endfacet
  facet normal -1.9315191024745235e-18 -0.5956993044924472 -0.8032075314806346
    outer loop
      vertex 128 -9.194396742686292 91.70227623998328
      vertex 128 -8.938221826468151 91.5122839734289
      vertex 133 -8.938221826468151 91.5122839734289
    endloop
  endfacet
  facet normal 0 0.049067674327438277 -0.9987954562051714
    outer loop
      vertex 128 -11.318555706071072 92.23435036168463
      vertex 133 -11 92.25
      vertex 133 -11.318555706071072 92.23435036168463
    endloop
  endfacet
  facet normal 0 -0.049067674327438277 -0.9987954562051714
    outer loop
      vertex 128 -11 92.25
      vertex 133 -10.681444293928928 92.23435036168463
      vertex 133 -11 92.25
    endloop
  endfacet
  facet normal 0 -0.14673047445536289 -0.9891765099647808
    outer loop
      vertex 128 -10.681444293928928 92.23435036168463
      vertex 133 -10.365956453447584 92.18755216131049
      vertex 133 -10.681444293928928 92.23435036168463
    endloop
  endfacet
  facet normal 0 -0.24298017990324594 -0.9700312531945484
    outer loop
      vertex 128 -10.365956453447584 92.18755216131049
      vertex 133 -10.056574798922998 92.11005609112968
      vertex 133 -10.365956453447584 92.18755216131049
    endloop
  endfacet
  facet normal 0 -0.33688985339222843 -0.9415440651830178
    outer loop
      vertex 128 -10.056574798922998 92.11005609112968
      vertex 133 -9.756278844813458 92.00260848066168
      vertex 133 -10.056574798922998 92.11005609112968
    endloop
  endfacet
  facet normal 0 -0.5141027441932096 -0.8577286100002794
    outer loop
      vertex 128 -9.467960605315508 91.86624410913215
      vertex 133 -9.194396742686292 91.70227623998328
      vertex 133 -9.467960605315508 91.86624410913215
    endloop
  endfacet
  facet normal 0 -0.4275550934302714 -0.9039892931234484
    outer loop
      vertex 128 -9.756278844813458 92.00260848066168
      vertex 133 -9.467960605315508 91.86624410913215
      vertex 133 -9.756278844813458 92.00260848066168
    endloop
  endfacet
  facet normal 0 -0.5956993044924472 -0.8032075314806346
    outer loop
      vertex 128 -9.194396742686292 91.70227623998328
      vertex 133 -8.938221826468151 91.5122839734289
      vertex 133 -9.194396742686292 91.70227623998328
    endloop
  endfacet
  facet normal 0 -0.6715589548470076 -0.7409511253549689
    outer loop
      vertex 128 -8.938221826468151 91.5122839734289
      vertex 133 -8.70190296114372 91.29809703885628
      vertex 133 -8.938221826468151 91.5122839734289
    endloop
  endfacet
  facet normal 0 0.5956993044924567 0.8032075314806276
    outer loop
      vertex 127 9.921531416921802 87.68588222928335
      vertex 121 10.055530603866677 87.58650165908567
      vertex 121 9.921531416921802 87.68588222928335
    endloop
  endfacet
  facet normal 0 0.5141027441931887 0.8577286100002919
    outer loop
      vertex 127 10.055530603866677 87.58650165908567
      vertex 121 10.198625547395803 87.5007338506078
      vertex 121 10.055530603866677 87.58650165908567
    endloop
  endfacet
  facet normal 0 0.42755509343029674 0.9039892931234365
    outer loop
      vertex 127 10.198625547395803 87.5007338506078
      vertex 121 10.349438164979347 87.42940479473081
      vertex 121 10.198625547395803 87.5007338506078
    endloop
  endfacet
  facet normal 0 0.3368898533922203 0.9415440651830208
    outer loop
      vertex 127 10.349438164979347 87.42940479473081
      vertex 121 10.506516048667415 87.37320142925525
      vertex 121 10.349438164979347 87.42940479473081
    endloop
  endfacet
  facet normal 0 0.24298017990329385 0.9700312531945365
    outer loop
      vertex 127 10.506516048667415 87.37320142925525
      vertex 121 10.668346452572582 87.3326650233145
      vertex 121 10.506516048667415 87.37320142925525
    endloop
  endfacet
  facet normal 0 0.14673047445531526 0.989176509964788
    outer loop
      vertex 127 10.668346452572582 87.3326650233145
      vertex 121 10.833370861439747 87.30818596465727
      vertex 121 10.668346452572582 87.3326650233145
    endloop
  endfacet
  facet normal 0 0.049067674327460356 0.9987954562051703
    outer loop
      vertex 127 10.833370861439747 87.30818596465727
      vertex 121 11 87.3
      vertex 121 10.833370861439747 87.30818596465727
    endloop
  endfacet
  facet normal 0 -0.049067674327460356 0.9987954562051703
    outer loop
      vertex 127 11 87.3
      vertex 121 11.166629138560253 87.30818596465727
      vertex 121 11 87.3
    endloop
  endfacet
  facet normal 0 -0.14673047445531526 0.989176509964788
    outer loop
      vertex 127 11.166629138560253 87.30818596465727
      vertex 121 11.331653547427418 87.3326650233145
      vertex 121 11.166629138560253 87.30818596465727
    endloop
  endfacet
  facet normal 0 0.9700312531945454 0.24298017990325876
    outer loop
      vertex 127 9.332665023314508 88.66834645257258
      vertex 121 9.373201429255245 88.50651604866741
      vertex 121 9.332665023314508 88.66834645257258
    endloop
  endfacet
  facet normal 0 0.9891765099647821 0.1467304744553538
    outer loop
      vertex 127 9.308185964657266 88.83337086143975
      vertex 121 9.332665023314508 88.66834645257258
      vertex 121 9.308185964657266 88.83337086143975
    endloop
  endfacet
  facet normal 0 0.9987954562051725 0.049067674327417876
    outer loop
      vertex 127 9.3 89
      vertex 121 9.308185964657266 88.83337086143975
      vertex 121 9.3 89
    endloop
  endfacet
  facet normal 0 0.9987954562051725 -0.049067674327417876
    outer loop
      vertex 127 9.308185964657266 89.16662913856025
      vertex 121 9.3 89
      vertex 121 9.308185964657266 89.16662913856025
    endloop
  endfacet
  facet normal 0 0.9891765099647821 -0.1467304744553538
    outer loop
      vertex 127 9.332665023314508 89.33165354742742
      vertex 121 9.308185964657266 89.16662913856025
      vertex 121 9.332665023314508 89.33165354742742
    endloop
  endfacet
  facet normal 0 0.9700312531945454 -0.24298017990325876
    outer loop
      vertex 127 9.373201429255245 89.49348395133259
      vertex 121 9.332665023314508 89.33165354742742
      vertex 121 9.373201429255245 89.49348395133259
    endloop
  endfacet
  facet normal 0 0.740951125354978 0.6715589548469977
    outer loop
      vertex 127 9.685882229283347 87.92153141692181
      vertex 121 9.79791847198287 87.79791847198287
      vertex 121 9.685882229283347 87.92153141692181
    endloop
  endfacet
  facet normal 0 0.6715589548470066 0.7409511253549698
    outer loop
      vertex 127 9.79791847198287 87.79791847198287
      vertex 121 9.921531416921802 87.68588222928335
      vertex 121 9.79791847198287 87.79791847198287
    endloop
  endfacet
  facet normal 0 0.8032075314806215 0.5956993044924649
    outer loop
      vertex 127 9.586501659085673 88.05553060386667
      vertex 121 9.685882229283347 87.92153141692181
      vertex 121 9.586501659085673 88.05553060386667
    endloop
  endfacet
  facet normal 0 0.9039892931234407 0.4275550934302875
    outer loop
      vertex 127 9.429404794730813 88.34943816497935
      vertex 121 9.500733850607796 88.1986255473958
      vertex 121 9.429404794730813 88.34943816497935
    endloop
  endfacet
  facet normal 0 0.8577286100002824 0.5141027441932045
    outer loop
      vertex 127 9.500733850607796 88.1986255473958
      vertex 121 9.586501659085673 88.05553060386667
      vertex 121 9.500733850607796 88.1986255473958
    endloop
  endfacet
  facet normal 0 0.9415440651830158 0.33688985339223376
    outer loop
      vertex 127 9.373201429255245 88.50651604866741
      vertex 121 9.429404794730813 88.34943816497935
      vertex 121 9.373201429255245 88.50651604866741
    endloop
  endfacet
  facet normal 0 0.9415440651830158 -0.33688985339223376
    outer loop
      vertex 127 9.429404794730813 89.65056183502065
      vertex 121 9.373201429255245 89.49348395133259
      vertex 121 9.429404794730813 89.65056183502065
    endloop
  endfacet
  facet normal 0 0.9039892931234407 -0.4275550934302875
    outer loop
      vertex 127 9.500733850607796 89.8013744526042
      vertex 121 9.429404794730813 89.65056183502065
      vertex 121 9.500733850607796 89.8013744526042
    endloop
  endfacet
  facet normal 0 0.8577286100002824 -0.5141027441932045
    outer loop
      vertex 127 9.586501659085673 89.94446939613333
      vertex 121 9.500733850607796 89.8013744526042
      vertex 121 9.586501659085673 89.94446939613333
    endloop
  endfacet
  facet normal 0 0.8032075314806215 -0.5956993044924649
    outer loop
      vertex 127 9.685882229283347 90.07846858307819
      vertex 121 9.586501659085673 89.94446939613333
      vertex 121 9.685882229283347 90.07846858307819
    endloop
  endfacet
  facet normal 0 0.740951125354978 -0.6715589548469977
    outer loop
      vertex 127 9.79791847198287 90.20208152801713
      vertex 121 9.685882229283347 90.07846858307819
      vertex 121 9.79791847198287 90.20208152801713
    endloop
  endfacet
  facet normal 0 0.6715589548470066 -0.7409511253549698
    outer loop
      vertex 127 9.921531416921802 90.31411777071665
      vertex 121 9.79791847198287 90.20208152801713
      vertex 121 9.921531416921802 90.31411777071665
    endloop
  endfacet
  facet normal 0 0.5956993044924567 -0.8032075314806276
    outer loop
      vertex 127 10.055530603866677 90.41349834091433
      vertex 121 9.921531416921802 90.31411777071665
      vertex 121 10.055530603866677 90.41349834091433
    endloop
  endfacet
  facet normal 0 0.5141027441931887 -0.8577286100002919
    outer loop
      vertex 127 10.198625547395803 90.4992661493922
      vertex 121 10.055530603866677 90.41349834091433
      vertex 121 10.198625547395803 90.4992661493922
    endloop
  endfacet
  facet normal 0 0.42755509343029674 -0.9039892931234365
    outer loop
      vertex 127 10.349438164979347 90.57059520526919
      vertex 121 10.198625547395803 90.4992661493922
      vertex 121 10.349438164979347 90.57059520526919
    endloop
  endfacet
  facet normal 0 0.3368898533922203 -0.9415440651830208
    outer loop
      vertex 127 10.506516048667415 90.62679857074475
      vertex 121 10.349438164979347 90.57059520526919
      vertex 121 10.506516048667415 90.62679857074475
    endloop
  endfacet
  facet normal 0 0.24298017990329385 -0.9700312531945365
    outer loop
      vertex 127 10.668346452572582 90.6673349766855
      vertex 121 10.506516048667415 90.62679857074475
      vertex 121 10.668346452572582 90.6673349766855
    endloop
  endfacet
  facet normal 0 0.14673047445531526 -0.989176509964788
    outer loop
      vertex 127 10.833370861439747 90.69181403534273
      vertex 121 10.668346452572582 90.6673349766855
      vertex 121 10.833370861439747 90.69181403534273
    endloop
  endfacet
  facet normal 0 0.049067674327460356 -0.9987954562051703
    outer loop
      vertex 127 11 90.7
      vertex 121 10.833370861439747 90.69181403534273
      vertex 121 11 90.7
    endloop
  endfacet
  facet normal 0 -0.049067674327460356 -0.9987954562051703
    outer loop
      vertex 127 11.166629138560253 90.69181403534273
      vertex 121 11 90.7
      vertex 121 11.166629138560253 90.69181403534273
    endloop
  endfacet
  facet normal 0 -0.24298017990329385 0.9700312531945365
    outer loop
      vertex 127 11.331653547427418 87.3326650233145
      vertex 121 11.493483951332585 87.37320142925525
      vertex 121 11.331653547427418 87.3326650233145
    endloop
  endfacet
  facet normal 0 -0.3368898533922203 0.9415440651830208
    outer loop
      vertex 127 11.493483951332585 87.37320142925525
      vertex 121 11.650561835020653 87.42940479473081
      vertex 121 11.493483951332585 87.37320142925525
    endloop
  endfacet
  facet normal 0 -0.42755509343029674 0.9039892931234365
    outer loop
      vertex 127 11.650561835020653 87.42940479473081
      vertex 121 11.801374452604197 87.5007338506078
      vertex 121 11.650561835020653 87.42940479473081
    endloop
  endfacet
  facet normal 0 -0.5141027441931887 0.8577286100002919
    outer loop
      vertex 127 11.801374452604197 87.5007338506078
      vertex 121 11.944469396133323 87.58650165908567
      vertex 121 11.801374452604197 87.5007338506078
    endloop
  endfacet
  facet normal 0 -0.5956993044924567 0.8032075314806276
    outer loop
      vertex 127 11.944469396133323 87.58650165908567
      vertex 121 12.078468583078198 87.68588222928335
      vertex 121 11.944469396133323 87.58650165908567
    endloop
  endfacet
  facet normal 0 -0.6715589548470066 0.7409511253549698
    outer loop
      vertex 127 12.078468583078198 87.68588222928335
      vertex 121 12.20208152801713 87.79791847198287
      vertex 121 12.078468583078198 87.68588222928335
    endloop
  endfacet
  facet normal 0 -0.740951125354978 0.6715589548469977
    outer loop
      vertex 127 12.20208152801713 87.79791847198287
      vertex 121 12.314117770716653 87.92153141692181
      vertex 121 12.20208152801713 87.79791847198287
    endloop
  endfacet
  facet normal 0 -0.8032075314806215 0.5956993044924649
    outer loop
      vertex 127 12.314117770716653 87.92153141692181
      vertex 121 12.413498340914327 88.05553060386667
      vertex 121 12.314117770716653 87.92153141692181
    endloop
  endfacet
  facet normal 0 -0.8577286100002824 0.5141027441932045
    outer loop
      vertex 127 12.413498340914327 88.05553060386667
      vertex 121 12.499266149392204 88.1986255473958
      vertex 121 12.413498340914327 88.05553060386667
    endloop
  endfacet
  facet normal 0 -0.9039892931234407 0.4275550934302875
    outer loop
      vertex 127 12.499266149392204 88.1986255473958
      vertex 121 12.570595205269187 88.34943816497935
      vertex 121 12.499266149392204 88.1986255473958
    endloop
  endfacet
  facet normal 0 -0.9415440651830158 0.33688985339223376
    outer loop
      vertex 127 12.570595205269187 88.34943816497935
      vertex 121 12.626798570744755 88.50651604866741
      vertex 121 12.570595205269187 88.34943816497935
    endloop
  endfacet
  facet normal 0 -0.9700312531945454 0.24298017990325876
    outer loop
      vertex 127 12.626798570744755 88.50651604866741
      vertex 121 12.667334976685492 88.66834645257258
      vertex 121 12.626798570744755 88.50651604866741
    endloop
  endfacet
  facet normal 0 -0.9700312531945454 -0.24298017990325876
    outer loop
      vertex 127 12.667334976685492 89.33165354742742
      vertex 121 12.626798570744755 89.49348395133259
      vertex 121 12.667334976685492 89.33165354742742
    endloop
  endfacet
  facet normal 0 -0.9891765099647821 0.1467304744553538
    outer loop
      vertex 127 12.667334976685492 88.66834645257258
      vertex 121 12.691814035342734 88.83337086143975
      vertex 121 12.667334976685492 88.66834645257258
    endloop
  endfacet
  facet normal 0 -0.9987954562051725 0.049067674327417876
    outer loop
      vertex 127 12.691814035342734 88.83337086143975
      vertex 121 12.7 89
      vertex 121 12.691814035342734 88.83337086143975
    endloop
  endfacet
  facet normal 0 -0.9987954562051725 -0.049067674327417876
    outer loop
      vertex 127 12.7 89
      vertex 121 12.691814035342734 89.16662913856025
      vertex 121 12.7 89
    endloop
  endfacet
  facet normal 0 -0.9891765099647821 -0.1467304744553538
    outer loop
      vertex 127 12.691814035342734 89.16662913856025
      vertex 121 12.667334976685492 89.33165354742742
      vertex 121 12.691814035342734 89.16662913856025
    endloop
  endfacet
  facet normal 0 -0.5141027441931887 -0.8577286100002919
    outer loop
      vertex 127 11.944469396133323 90.41349834091433
      vertex 121 11.801374452604197 90.4992661493922
      vertex 121 11.944469396133323 90.41349834091433
    endloop
  endfacet
  facet normal 0 -0.5956993044924567 -0.8032075314806276
    outer loop
      vertex 127 12.078468583078198 90.31411777071665
      vertex 121 11.944469396133323 90.41349834091433
      vertex 121 12.078468583078198 90.31411777071665
    endloop
  endfacet
  facet normal 0 -0.6715589548470066 -0.7409511253549698
    outer loop
      vertex 127 12.20208152801713 90.20208152801713
      vertex 121 12.078468583078198 90.31411777071665
      vertex 121 12.20208152801713 90.20208152801713
    endloop
  endfacet
  facet normal 0 -0.14673047445531526 -0.989176509964788
    outer loop
      vertex 127 11.331653547427418 90.6673349766855
      vertex 121 11.166629138560253 90.69181403534273
      vertex 121 11.331653547427418 90.6673349766855
    endloop
  endfacet
  facet normal 0 -0.24298017990329385 -0.9700312531945365
    outer loop
      vertex 127 11.493483951332585 90.62679857074475
      vertex 121 11.331653547427418 90.6673349766855
      vertex 121 11.493483951332585 90.62679857074475
    endloop
  endfacet
  facet normal 0 -0.3368898533922203 -0.9415440651830208
    outer loop
      vertex 127 11.650561835020653 90.57059520526919
      vertex 121 11.493483951332585 90.62679857074475
      vertex 121 11.650561835020653 90.57059520526919
    endloop
  endfacet
  facet normal 0 -0.42755509343029674 -0.9039892931234365
    outer loop
      vertex 127 11.801374452604197 90.4992661493922
      vertex 121 11.650561835020653 90.57059520526919
      vertex 121 11.801374452604197 90.4992661493922
    endloop
  endfacet
  facet normal 0 -0.8032075314806215 -0.5956993044924649
    outer loop
      vertex 127 12.413498340914327 89.94446939613333
      vertex 121 12.314117770716653 90.07846858307819
      vertex 121 12.413498340914327 89.94446939613333
    endloop
  endfacet
  facet normal 0 -0.9415440651830158 -0.33688985339223376
    outer loop
      vertex 127 12.626798570744755 89.49348395133259
      vertex 121 12.570595205269187 89.65056183502065
      vertex 121 12.626798570744755 89.49348395133259
    endloop
  endfacet
  facet normal 0 -0.9039892931234407 -0.4275550934302875
    outer loop
      vertex 127 12.570595205269187 89.65056183502065
      vertex 121 12.499266149392204 89.8013744526042
      vertex 121 12.570595205269187 89.65056183502065
    endloop
  endfacet
  facet normal 0 -0.8577286100002824 -0.5141027441932045
    outer loop
      vertex 127 12.499266149392204 89.8013744526042
      vertex 121 12.413498340914327 89.94446939613333
      vertex 121 12.499266149392204 89.8013744526042
    endloop
  endfacet
  facet normal 0 -0.740951125354978 -0.6715589548469977
    outer loop
      vertex 127 12.314117770716653 90.07846858307819
      vertex 121 12.20208152801713 90.20208152801713
      vertex 121 12.314117770716653 90.07846858307819
    endloop
  endfacet
  facet normal 1.0725799473802075e-19 0.5956993044924567 0.8032075314806276
    outer loop
      vertex 127 9.921531416921802 87.68588222928335
      vertex 127 10.055530603866677 87.58650165908567
      vertex 121 10.055530603866677 87.58650165908567
    endloop
  endfacet
  facet normal 0 0.42755509343029674 0.9039892931234365
    outer loop
      vertex 127 10.349438164979347 87.42940479473081
      vertex 121 10.349438164979347 87.42940479473081
      vertex 127 10.198625547395803 87.5007338506078
    endloop
  endfacet
  facet normal 5.990312888679947e-19 0.5141027441931887 0.8577286100002919
    outer loop
      vertex 127 10.055530603866677 87.58650165908567
      vertex 127 10.198625547395803 87.5007338506078
      vertex 121 10.198625547395803 87.5007338506078
    endloop
  endfacet
  facet normal -3.5016600281931016e-19 0.3368898533922203 0.9415440651830208
    outer loop
      vertex 127 10.349438164979347 87.42940479473081
      vertex 127 10.506516048667415 87.37320142925525
      vertex 121 10.506516048667415 87.37320142925525
    endloop
  endfacet
  facet normal 1.809681188241003e-19 0.24298017990329385 0.9700312531945365
    outer loop
      vertex 127 10.506516048667415 87.37320142925525
      vertex 127 10.668346452572582 87.3326650233145
      vertex 121 10.668346452572582 87.3326650233145
    endloop
  endfacet
  facet normal -4.2663987300337325e-19 0.14673047445531526 0.989176509964788
    outer loop
      vertex 127 10.668346452572582 87.3326650233145
      vertex 127 10.833370861439747 87.30818596465727
      vertex 121 10.833370861439747 87.30818596465727
    endloop
  endfacet
  facet normal -5.636401316532284e-20 0.049067674327460356 0.9987954562051703
    outer loop
      vertex 127 10.833370861439747 87.30818596465727
      vertex 127 11 87.3
      vertex 121 11 87.3
    endloop
  endfacet
  facet normal 5.636401316532284e-20 -0.049067674327460356 0.9987954562051703
    outer loop
      vertex 127 11 87.3
      vertex 127 11.166629138560253 87.30818596465727
      vertex 121 11.166629138560253 87.30818596465727
    endloop
  endfacet
  facet normal 0 0.9700312531945454 0.24298017990325876
    outer loop
      vertex 127 9.373201429255245 88.50651604866741
      vertex 121 9.373201429255245 88.50651604866741
      vertex 127 9.332665023314508 88.66834645257258
    endloop
  endfacet
  facet normal 0 0.9891765099647821 0.1467304744553538
    outer loop
      vertex 127 9.332665023314508 88.66834645257258
      vertex 121 9.332665023314508 88.66834645257258
      vertex 127 9.308185964657266 88.83337086143975
    endloop
  endfacet
  facet normal 0 0.9987954562051725 0.049067674327417876
    outer loop
      vertex 127 9.308185964657266 88.83337086143975
      vertex 121 9.308185964657266 88.83337086143975
      vertex 127 9.3 89
    endloop
  endfacet
  facet normal 0 0.9987954562051725 -0.049067674327417876
    outer loop
      vertex 127 9.3 89
      vertex 121 9.3 89
      vertex 127 9.308185964657266 89.16662913856025
    endloop
  endfacet
  facet normal 0 0.9891765099647821 -0.1467304744553538
    outer loop
      vertex 127 9.308185964657266 89.16662913856025
      vertex 121 9.308185964657266 89.16662913856025
      vertex 127 9.332665023314508 89.33165354742742
    endloop
  endfacet
  facet normal 0 0.9700312531945454 -0.24298017990325876
    outer loop
      vertex 127 9.332665023314508 89.33165354742742
      vertex 121 9.332665023314508 89.33165354742742
      vertex 127 9.373201429255245 89.49348395133259
    endloop
  endfacet
  facet normal -7.480315294076892e-19 0.8577286100002824 0.5141027441932045
    outer loop
      vertex 127 9.500733850607796 88.1986255473958
      vertex 127 9.586501659085673 88.05553060386667
      vertex 121 9.586501659085673 88.05553060386667
    endloop
  endfacet
  facet normal 3.0312641974659933e-19 0.740951125354978 0.6715589548469977
    outer loop
      vertex 127 9.685882229283347 87.92153141692181
      vertex 127 9.79791847198287 87.79791847198287
      vertex 121 9.79791847198287 87.79791847198287
    endloop
  endfacet
  facet normal 0 0.8032075314806215 0.5956993044924649
    outer loop
      vertex 127 9.685882229283347 87.92153141692181
      vertex 121 9.685882229283347 87.92153141692181
      vertex 127 9.586501659085673 88.05553060386667
    endloop
  endfacet
  facet normal 0 0.9039892931234407 0.4275550934302875
    outer loop
      vertex 127 9.500733850607796 88.1986255473958
      vertex 121 9.500733850607796 88.1986255473958
      vertex 127 9.429404794730813 88.34943816497935
    endloop
  endfacet
  facet normal 0 0.9415440651830158 0.33688985339223376
    outer loop
      vertex 127 9.429404794730813 88.34943816497935
      vertex 121 9.429404794730813 88.34943816497935
      vertex 127 9.373201429255245 88.50651604866741
    endloop
  endfacet
  facet normal 0 0.6715589548470066 0.7409511253549698
    outer loop
      vertex 127 9.921531416921802 87.68588222928335
      vertex 121 9.921531416921802 87.68588222928335
      vertex 127 9.79791847198287 87.79791847198287
    endloop
  endfacet
  facet normal 0 0.9415440651830158 -0.33688985339223376
    outer loop
      vertex 127 9.373201429255245 89.49348395133259
      vertex 121 9.373201429255245 89.49348395133259
      vertex 127 9.429404794730813 89.65056183502065
    endloop
  endfacet
  facet normal 0 0.9039892931234407 -0.4275550934302875
    outer loop
      vertex 127 9.429404794730813 89.65056183502065
      vertex 121 9.429404794730813 89.65056183502065
      vertex 127 9.500733850607796 89.8013744526042
    endloop
  endfacet
  facet normal 0 0.8577286100002824 -0.5141027441932045
    outer loop
      vertex 127 9.500733850607796 89.8013744526042
      vertex 121 9.500733850607796 89.8013744526042
      vertex 127 9.586501659085673 89.94446939613333
    endloop
  endfacet
  facet normal 0 0.8032075314806215 -0.5956993044924649
    outer loop
      vertex 127 9.586501659085673 89.94446939613333
      vertex 121 9.586501659085673 89.94446939613333
      vertex 127 9.685882229283347 90.07846858307819
    endloop
  endfacet
  facet normal 0 0.740951125354978 -0.6715589548469977
    outer loop
      vertex 127 9.685882229283347 90.07846858307819
      vertex 121 9.685882229283347 90.07846858307819
      vertex 127 9.79791847198287 90.20208152801713
    endloop
  endfacet
  facet normal 0 0.6715589548470066 -0.7409511253549698
    outer loop
      vertex 127 9.79791847198287 90.20208152801713
      vertex 121 9.79791847198287 90.20208152801713
      vertex 127 9.921531416921802 90.31411777071665
    endloop
  endfacet
  facet normal 0 0.5956993044924567 -0.8032075314806276
    outer loop
      vertex 127 9.921531416921802 90.31411777071665
      vertex 121 9.921531416921802 90.31411777071665
      vertex 127 10.055530603866677 90.41349834091433
    endloop
  endfacet
  facet normal 0 0.5141027441931887 -0.8577286100002919
    outer loop
      vertex 127 10.055530603866677 90.41349834091433
      vertex 121 10.055530603866677 90.41349834091433
      vertex 127 10.198625547395803 90.4992661493922
    endloop
  endfacet
  facet normal 0 0.42755509343029674 -0.9039892931234365
    outer loop
      vertex 127 10.198625547395803 90.4992661493922
      vertex 121 10.198625547395803 90.4992661493922
      vertex 127 10.349438164979347 90.57059520526919
    endloop
  endfacet
  facet normal 0 0.3368898533922203 -0.9415440651830208
    outer loop
      vertex 127 10.349438164979347 90.57059520526919
      vertex 121 10.349438164979347 90.57059520526919
      vertex 127 10.506516048667415 90.62679857074475
    endloop
  endfacet
  facet normal 0 0.24298017990329385 -0.9700312531945365
    outer loop
      vertex 127 10.506516048667415 90.62679857074475
      vertex 121 10.506516048667415 90.62679857074475
      vertex 127 10.668346452572582 90.6673349766855
    endloop
  endfacet
  facet normal 0 0.14673047445531526 -0.989176509964788
    outer loop
      vertex 127 10.668346452572582 90.6673349766855
      vertex 121 10.668346452572582 90.6673349766855
      vertex 127 10.833370861439747 90.69181403534273
    endloop
  endfacet
  facet normal 0 0.049067674327460356 -0.9987954562051703
    outer loop
      vertex 127 10.833370861439747 90.69181403534273
      vertex 121 10.833370861439747 90.69181403534273
      vertex 127 11 90.7
    endloop
  endfacet
  facet normal 0 -0.049067674327460356 -0.9987954562051703
    outer loop
      vertex 127 11 90.7
      vertex 121 11 90.7
      vertex 127 11.166629138560253 90.69181403534273
    endloop
  endfacet
  facet normal 0 -0.14673047445531526 -0.989176509964788
    outer loop
      vertex 127 11.166629138560253 90.69181403534273
      vertex 121 11.166629138560253 90.69181403534273
      vertex 127 11.331653547427418 90.6673349766855
    endloop
  endfacet
  facet normal 4.2663987300337325e-19 -0.14673047445531526 0.989176509964788
    outer loop
      vertex 127 11.166629138560253 87.30818596465727
      vertex 127 11.331653547427418 87.3326650233145
      vertex 121 11.331653547427418 87.3326650233145
    endloop
  endfacet
  facet normal -1.809681188241003e-19 -0.24298017990329385 0.9700312531945365
    outer loop
      vertex 127 11.331653547427418 87.3326650233145
      vertex 127 11.493483951332585 87.37320142925525
      vertex 121 11.493483951332585 87.37320142925525
    endloop
  endfacet
  facet normal 3.5016600281931016e-19 -0.3368898533922203 0.9415440651830208
    outer loop
      vertex 127 11.493483951332585 87.37320142925525
      vertex 127 11.650561835020653 87.42940479473081
      vertex 121 11.650561835020653 87.42940479473081
    endloop
  endfacet
  facet normal -7.266765227591882e-19 -0.42755509343029674 0.9039892931234365
    outer loop
      vertex 127 11.650561835020653 87.42940479473081
      vertex 127 11.801374452604197 87.5007338506078
      vertex 121 11.801374452604197 87.5007338506078
    endloop
  endfacet
  facet normal -5.990312888679947e-19 -0.5141027441931887 0.8577286100002919
    outer loop
      vertex 127 11.801374452604197 87.5007338506078
      vertex 127 11.944469396133323 87.58650165908567
      vertex 121 11.944469396133323 87.58650165908567
    endloop
  endfacet
  facet normal -1.0725799473802075e-19 -0.5956993044924567 0.8032075314806276
    outer loop
      vertex 127 11.944469396133323 87.58650165908567
      vertex 127 12.078468583078198 87.68588222928335
      vertex 121 12.078468583078198 87.68588222928335
    endloop
  endfacet
  facet normal 7.981593474016245e-19 -0.6715589548470066 0.7409511253549698
    outer loop
      vertex 127 12.078468583078198 87.68588222928335
      vertex 127 12.20208152801713 87.79791847198287
      vertex 121 12.20208152801713 87.79791847198287
    endloop
  endfacet
  facet normal -3.0312641974659933e-19 -0.740951125354978 0.6715589548469977
    outer loop
      vertex 127 12.20208152801713 87.79791847198287
      vertex 127 12.314117770716653 87.92153141692181
      vertex 121 12.314117770716653 87.92153141692181
    endloop
  endfacet
  facet normal -4.895577549032146e-19 -0.8032075314806215 0.5956993044924649
    outer loop
      vertex 127 12.314117770716653 87.92153141692181
      vertex 127 12.413498340914327 88.05553060386667
      vertex 121 12.413498340914327 88.05553060386667
    endloop
  endfacet
  facet normal 7.480315294076892e-19 -0.8577286100002824 0.5141027441932045
    outer loop
      vertex 127 12.413498340914327 88.05553060386667
      vertex 127 12.499266149392204 88.1986255473958
      vertex 121 12.499266149392204 88.1986255473958
    endloop
  endfacet
  facet normal -6.333484016358257e-19 -0.9039892931234407 0.4275550934302875
    outer loop
      vertex 127 12.499266149392204 88.1986255473958
      vertex 127 12.570595205269187 88.34943816497935
      vertex 121 12.570595205269187 88.34943816497935
    endloop
  endfacet
  facet normal -1.201002788268398e-20 -0.9415440651830158 0.33688985339223376
    outer loop
      vertex 127 12.570595205269187 88.34943816497935
      vertex 127 12.626798570744755 88.50651604866741
      vertex 121 12.626798570744755 88.50651604866741
    endloop
  endfacet
  facet normal -3.9662812213754094e-19 -0.9700312531945454 0.24298017990325876
    outer loop
      vertex 127 12.626798570744755 88.50651604866741
      vertex 127 12.667334976685492 88.66834645257258
      vertex 121 12.667334976685492 88.66834645257258
    endloop
  endfacet
  facet normal 3.9662812213754094e-19 -0.9700312531945454 -0.24298017990325876
    outer loop
      vertex 127 12.667334976685492 89.33165354742742
      vertex 127 12.626798570744755 89.49348395133259
      vertex 121 12.626798570744755 89.49348395133259
    endloop
  endfacet
  facet normal -3.1320399316798907e-19 -0.9891765099647821 0.1467304744553538
    outer loop
      vertex 127 12.667334976685492 88.66834645257258
      vertex 127 12.691814035342734 88.83337086143975
      vertex 121 12.691814035342734 88.83337086143975
    endloop
  endfacet
  facet normal 3.3918676739150704e-20 -0.9987954562051725 0.049067674327417876
    outer loop
      vertex 127 12.691814035342734 88.83337086143975
      vertex 127 12.7 89
      vertex 121 12.7 89
    endloop
  endfacet
  facet normal -3.3918676739150704e-20 -0.9987954562051725 -0.049067674327417876
    outer loop
      vertex 127 12.7 89
      vertex 127 12.691814035342734 89.16662913856025
      vertex 121 12.691814035342734 89.16662913856025
    endloop
  endfacet
  facet normal 3.1320399316798907e-19 -0.9891765099647821 -0.1467304744553538
    outer loop
      vertex 127 12.691814035342734 89.16662913856025
      vertex 127 12.667334976685492 89.33165354742742
      vertex 121 12.667334976685492 89.33165354742742
    endloop
  endfacet
  facet normal 1.0725799473802075e-19 -0.5956993044924567 -0.8032075314806276
    outer loop
      vertex 127 12.078468583078198 90.31411777071665
      vertex 127 11.944469396133323 90.41349834091433
      vertex 121 11.944469396133323 90.41349834091433
    endloop
  endfacet
  facet normal 0 -0.6715589548470066 -0.7409511253549698
    outer loop
      vertex 127 12.078468583078198 90.31411777071665
      vertex 121 12.078468583078198 90.31411777071665
      vertex 127 12.20208152801713 90.20208152801713
    endloop
  endfacet
  facet normal 0 -0.24298017990329385 -0.9700312531945365
    outer loop
      vertex 127 11.331653547427418 90.6673349766855
      vertex 121 11.331653547427418 90.6673349766855
      vertex 127 11.493483951332585 90.62679857074475
    endloop
  endfacet
  facet normal -3.5016600281931016e-19 -0.3368898533922203 -0.9415440651830208
    outer loop
      vertex 127 11.650561835020653 90.57059520526919
      vertex 127 11.493483951332585 90.62679857074475
      vertex 121 11.493483951332585 90.62679857074475
    endloop
  endfacet
  facet normal 0 -0.42755509343029674 -0.9039892931234365
    outer loop
      vertex 127 11.650561835020653 90.57059520526919
      vertex 121 11.650561835020653 90.57059520526919
      vertex 127 11.801374452604197 90.4992661493922
    endloop
  endfacet
  facet normal 0 -0.5141027441931887 -0.8577286100002919
    outer loop
      vertex 127 11.801374452604197 90.4992661493922
      vertex 121 11.801374452604197 90.4992661493922
      vertex 127 11.944469396133323 90.41349834091433
    endloop
  endfacet
  facet normal 6.333484016358257e-19 -0.9039892931234407 -0.4275550934302875
    outer loop
      vertex 127 12.570595205269187 89.65056183502065
      vertex 127 12.499266149392204 89.8013744526042
      vertex 121 12.499266149392204 89.8013744526042
    endloop
  endfacet
  facet normal 0 -0.9415440651830158 -0.33688985339223376
    outer loop
      vertex 127 12.570595205269187 89.65056183502065
      vertex 121 12.570595205269187 89.65056183502065
      vertex 127 12.626798570744755 89.49348395133259
    endloop
  endfacet
  facet normal 0 -0.8577286100002824 -0.5141027441932045
    outer loop
      vertex 127 12.413498340914327 89.94446939613333
      vertex 121 12.413498340914327 89.94446939613333
      vertex 127 12.499266149392204 89.8013744526042
    endloop
  endfacet
  facet normal 0 -0.740951125354978 -0.6715589548469977
    outer loop
      vertex 127 12.20208152801713 90.20208152801713
      vertex 121 12.20208152801713 90.20208152801713
      vertex 127 12.314117770716653 90.07846858307819
    endloop
  endfacet
  facet normal 4.895577549032146e-19 -0.8032075314806215 -0.5956993044924649
    outer loop
      vertex 127 12.413498340914327 89.94446939613333
      vertex 127 12.314117770716653 90.07846858307819
      vertex 121 12.314117770716653 90.07846858307819
    endloop
  endfacet
  facet normal 0 0.5956993044924567 0.8032075314806276
    outer loop
      vertex 128 -12.078468583078198 98.68588222928335
      vertex 121 -11.944469396133323 98.58650165908567
      vertex 121 -12.078468583078198 98.68588222928335
    endloop
  endfacet
  facet normal 0 0.4275550934302967 0.9039892931234363
    outer loop
      vertex 128 -11.801374452604197 98.5007338506078
      vertex 121 -11.650561835020653 98.42940479473081
      vertex 121 -11.801374452604197 98.5007338506078
    endloop
  endfacet
  facet normal 0 0.5141027441931887 0.8577286100002919
    outer loop
      vertex 128 -11.944469396133323 98.58650165908567
      vertex 121 -11.801374452604197 98.5007338506078
      vertex 121 -11.944469396133323 98.58650165908567
    endloop
  endfacet
  facet normal 0 0.3368898533922202 0.9415440651830207
    outer loop
      vertex 128 -11.650561835020653 98.42940479473081
      vertex 121 -11.493483951332585 98.37320142925525
      vertex 121 -11.650561835020653 98.42940479473081
    endloop
  endfacet
  facet normal 0 0.24298017990329385 0.9700312531945365
    outer loop
      vertex 128 -11.493483951332585 98.37320142925525
      vertex 121 -11.331653547427418 98.3326650233145
      vertex 121 -11.493483951332585 98.37320142925525
    endloop
  endfacet
  facet normal 0 0.14673047445531526 0.9891765099647879
    outer loop
      vertex 128 -11.331653547427418 98.3326650233145
      vertex 121 -11.166629138560253 98.30818596465727
      vertex 121 -11.331653547427418 98.3326650233145
    endloop
  endfacet
  facet normal 0 0.049067674327460356 0.9987954562051703
    outer loop
      vertex 128 -11.166629138560253 98.30818596465727
      vertex 121 -11 98.3
      vertex 121 -11.166629138560253 98.30818596465727
    endloop
  endfacet
  facet normal 0 -0.049067674327460356 0.9987954562051703
    outer loop
      vertex 128 -11 98.3
      vertex 121 -10.833370861439747 98.30818596465727
      vertex 121 -11 98.3
    endloop
  endfacet
  facet normal 0 -0.14673047445531526 0.9891765099647879
    outer loop
      vertex 128 -10.833370861439747 98.30818596465727
      vertex 121 -10.668346452572582 98.3326650233145
      vertex 121 -10.833370861439747 98.30818596465727
    endloop
  endfacet
  facet normal 0 -0.24298017990329385 0.9700312531945365
    outer loop
      vertex 128 -10.668346452572582 98.3326650233145
      vertex 121 -10.506516048667415 98.37320142925525
      vertex 121 -10.668346452572582 98.3326650233145
    endloop
  endfacet
  facet normal 0 -0.3368898533922202 0.9415440651830207
    outer loop
      vertex 128 -10.506516048667415 98.37320142925525
      vertex 121 -10.349438164979347 98.42940479473081
      vertex 121 -10.506516048667415 98.37320142925525
    endloop
  endfacet
  facet normal 0 -0.4275550934302967 0.9039892931234363
    outer loop
      vertex 128 -10.349438164979347 98.42940479473081
      vertex 121 -10.198625547395803 98.5007338506078
      vertex 121 -10.349438164979347 98.42940479473081
    endloop
  endfacet
  facet normal 0 -0.5141027441931887 0.8577286100002919
    outer loop
      vertex 128 -10.198625547395803 98.5007338506078
      vertex 121 -10.055530603866677 98.58650165908567
      vertex 121 -10.198625547395803 98.5007338506078
    endloop
  endfacet
  facet normal 0 -0.5956993044924567 0.8032075314806276
    outer loop
      vertex 128 -10.055530603866677 98.58650165908567
      vertex 121 -9.921531416921802 98.68588222928335
      vertex 121 -10.055530603866677 98.58650165908567
    endloop
  endfacet
  facet normal 0 -0.6715589548470066 0.7409511253549698
    outer loop
      vertex 128 -9.921531416921802 98.68588222928335
      vertex 121 -9.79791847198287 98.79791847198287
      vertex 121 -9.921531416921802 98.68588222928335
    endloop
  endfacet
  facet normal 0 0.6715589548470066 0.7409511253549698
    outer loop
      vertex 128 -12.078468583078198 98.68588222928335
      vertex 121 -12.078468583078198 98.68588222928335
      vertex 128 -12.20208152801713 98.79791847198287
    endloop
  endfacet
  facet normal 9.193542406116065e-20 0.5956993044924567 0.8032075314806276
    outer loop
      vertex 128 -12.078468583078198 98.68588222928335
      vertex 128 -11.944469396133323 98.58650165908567
      vertex 121 -11.944469396133323 98.58650165908567
    endloop
  endfacet
  facet normal 5.134553904582811e-19 0.5141027441931887 0.8577286100002919
    outer loop
      vertex 128 -11.944469396133323 98.58650165908567
      vertex 128 -11.801374452604197 98.5007338506078
      vertex 121 -11.801374452604197 98.5007338506078
    endloop
  endfacet
  facet normal 0 0.4275550934302967 0.9039892931234363
    outer loop
      vertex 128 -11.650561835020653 98.42940479473081
      vertex 121 -11.650561835020653 98.42940479473081
      vertex 128 -11.801374452604197 98.5007338506078
    endloop
  endfacet
  facet normal -3.001422881308372e-19 0.3368898533922202 0.9415440651830207
    outer loop
      vertex 128 -11.650561835020653 98.42940479473081
      vertex 128 -11.493483951332585 98.37320142925525
      vertex 121 -11.493483951332585 98.37320142925525
    endloop
  endfacet
  facet normal 1.551155304206574e-19 0.24298017990329385 0.9700312531945365
    outer loop
      vertex 128 -11.493483951332585 98.37320142925525
      vertex 128 -11.331653547427418 98.3326650233145
      vertex 121 -11.331653547427418 98.3326650233145
    endloop
  endfacet
  facet normal -3.6569131971717707e-19 0.14673047445531526 0.9891765099647879
    outer loop
      vertex 128 -11.331653547427418 98.3326650233145
      vertex 128 -11.166629138560253 98.30818596465727
      vertex 121 -11.166629138560253 98.30818596465727
    endloop
  endfacet
  facet normal -4.8312011284562426e-20 0.049067674327460356 0.9987954562051703
    outer loop
      vertex 128 -11.166629138560253 98.30818596465727
      vertex 128 -11 98.3
      vertex 121 -11 98.3
    endloop
  endfacet
  facet normal 4.8312011284562426e-20 -0.049067674327460356 0.9987954562051703
    outer loop
      vertex 128 -11 98.3
      vertex 128 -10.833370861439747 98.30818596465727
      vertex 121 -10.833370861439747 98.30818596465727
    endloop
  endfacet
  facet normal 3.6569131971717707e-19 -0.14673047445531526 0.9891765099647879
    outer loop
      vertex 128 -10.833370861439747 98.30818596465727
      vertex 128 -10.668346452572582 98.3326650233145
      vertex 121 -10.668346452572582 98.3326650233145
    endloop
  endfacet
  facet normal -1.551155304206574e-19 -0.24298017990329385 0.9700312531945365
    outer loop
      vertex 128 -10.668346452572582 98.3326650233145
      vertex 128 -10.506516048667415 98.37320142925525
      vertex 121 -10.506516048667415 98.37320142925525
    endloop
  endfacet
  facet normal 3.001422881308372e-19 -0.3368898533922202 0.9415440651830207
    outer loop
      vertex 128 -10.506516048667415 98.37320142925525
      vertex 128 -10.349438164979347 98.42940479473081
      vertex 121 -10.349438164979347 98.42940479473081
    endloop
  endfacet
  facet normal -6.228655909364469e-19 -0.4275550934302967 0.9039892931234363
    outer loop
      vertex 128 -10.349438164979347 98.42940479473081
      vertex 128 -10.198625547395803 98.5007338506078
      vertex 121 -10.198625547395803 98.5007338506078
    endloop
  endfacet
  facet normal -5.134553904582811e-19 -0.5141027441931887 0.8577286100002919
    outer loop
      vertex 128 -10.198625547395803 98.5007338506078
      vertex 128 -10.055530603866677 98.58650165908567
      vertex 121 -10.055530603866677 98.58650165908567
    endloop
  endfacet
  facet normal -9.193542406116065e-20 -0.5956993044924567 0.8032075314806276
    outer loop
      vertex 128 -10.055530603866677 98.58650165908567
      vertex 128 -9.921531416921802 98.68588222928335
      vertex 121 -9.921531416921802 98.68588222928335
    endloop
  endfacet
  facet normal 0 0.8577286100002824 0.5141027441932045
    outer loop
      vertex 128 -12.499266149392204 99.1986255473958
      vertex 121 -12.413498340914327 99.05553060386667
      vertex 121 -12.499266149392204 99.1986255473958
    endloop
  endfacet
  facet normal 0 0.740951125354978 0.6715589548469976
    outer loop
      vertex 128 -12.314117770716653 98.92153141692181
      vertex 121 -12.20208152801713 98.79791847198287
      vertex 121 -12.314117770716653 98.92153141692181
    endloop
  endfacet
  facet normal 0 0.8032075314806215 0.5956993044924649
    outer loop
      vertex 128 -12.413498340914327 99.05553060386667
      vertex 121 -12.314117770716653 98.92153141692181
      vertex 121 -12.413498340914327 99.05553060386667
    endloop
  endfacet
  facet normal 0 0.9039892931234408 0.4275550934302876
    outer loop
      vertex 128 -12.570595205269187 99.34943816497935
      vertex 121 -12.499266149392204 99.1986255473958
      vertex 121 -12.570595205269187 99.34943816497935
    endloop
  endfacet
  facet normal 0 0.9415440651830158 0.33688985339223376
    outer loop
      vertex 128 -12.626798570744755 99.50651604866741
      vertex 121 -12.570595205269187 99.34943816497935
      vertex 121 -12.626798570744755 99.50651604866741
    endloop
  endfacet
  facet normal 0 0.9700312531945453 0.24298017990325876
    outer loop
      vertex 128 -12.667334976685492 99.66834645257258
      vertex 121 -12.626798570744755 99.50651604866741
      vertex 121 -12.667334976685492 99.66834645257258
    endloop
  endfacet
  facet normal 0 0.9891765099647821 0.1467304744553538
    outer loop
      vertex 128 -12.691814035342734 99.83337086143975
      vertex 121 -12.667334976685492 99.66834645257258
      vertex 121 -12.691814035342734 99.83337086143975
    endloop
  endfacet
  facet normal 0 0.9987954562051724 0.04906767432741786
    outer loop
      vertex 128 -12.7 100
      vertex 121 -12.691814035342734 99.83337086143975
      vertex 121 -12.7 100
    endloop
  endfacet
  facet normal 0 0.9987954562051724 -0.04906767432741786
    outer loop
      vertex 128 -12.691814035342734 100.16662913856025
      vertex 121 -12.7 100
      vertex 121 -12.691814035342734 100.16662913856025
    endloop
  endfacet
  facet normal 0 0.9891765099647821 -0.1467304744553538
    outer loop
      vertex 128 -12.667334976685492 100.33165354742742
      vertex 121 -12.691814035342734 100.16662913856025
      vertex 121 -12.667334976685492 100.33165354742742
    endloop
  endfacet
  facet normal 0 0.9700312531945453 -0.24298017990325876
    outer loop
      vertex 128 -12.626798570744755 100.49348395133259
      vertex 121 -12.667334976685492 100.33165354742742
      vertex 121 -12.626798570744755 100.49348395133259
    endloop
  endfacet
  facet normal 0 0.6715589548470066 0.7409511253549698
    outer loop
      vertex 128 -12.20208152801713 98.79791847198287
      vertex 121 -12.078468583078198 98.68588222928335
      vertex 121 -12.20208152801713 98.79791847198287
    endloop
  endfacet
  facet normal 0 0.9415440651830158 -0.33688985339223376
    outer loop
      vertex 128 -12.570595205269187 100.65056183502065
      vertex 121 -12.626798570744755 100.49348395133259
      vertex 121 -12.570595205269187 100.65056183502065
    endloop
  endfacet
  facet normal 0 0.9039892931234408 -0.4275550934302876
    outer loop
      vertex 128 -12.499266149392204 100.8013744526042
      vertex 121 -12.570595205269187 100.65056183502065
      vertex 121 -12.499266149392204 100.8013744526042
    endloop
  endfacet
  facet normal 0 0.8577286100002824 -0.5141027441932045
    outer loop
      vertex 128 -12.413498340914327 100.94446939613333
      vertex 121 -12.499266149392204 100.8013744526042
      vertex 121 -12.413498340914327 100.94446939613333
    endloop
  endfacet
  facet normal 0 0.8032075314806215 -0.5956993044924649
    outer loop
      vertex 128 -12.314117770716653 101.07846858307819
      vertex 121 -12.413498340914327 100.94446939613333
      vertex 121 -12.314117770716653 101.07846858307819
    endloop
  endfacet
  facet normal 0 0.740951125354978 -0.6715589548469976
    outer loop
      vertex 128 -12.20208152801713 101.20208152801713
      vertex 121 -12.314117770716653 101.07846858307819
      vertex 121 -12.20208152801713 101.20208152801713
    endloop
  endfacet
  facet normal 0 0.6715589548470066 -0.7409511253549698
    outer loop
      vertex 128 -12.078468583078198 101.31411777071665
      vertex 121 -12.20208152801713 101.20208152801713
      vertex 121 -12.078468583078198 101.31411777071665
    endloop
  endfacet
  facet normal 0 0.5956993044924567 -0.8032075314806276
    outer loop
      vertex 128 -11.944469396133323 101.41349834091433
      vertex 121 -12.078468583078198 101.31411777071665
      vertex 121 -11.944469396133323 101.41349834091433
    endloop
  endfacet
  facet normal 0 0.5141027441931887 -0.8577286100002919
    outer loop
      vertex 128 -11.801374452604197 101.4992661493922
      vertex 121 -11.944469396133323 101.41349834091433
      vertex 121 -11.801374452604197 101.4992661493922
    endloop
  endfacet
  facet normal 0 0.4275550934302967 -0.9039892931234363
    outer loop
      vertex 128 -11.650561835020653 101.57059520526919
      vertex 121 -11.801374452604197 101.4992661493922
      vertex 121 -11.650561835020653 101.57059520526919
    endloop
  endfacet
  facet normal 0 0.3368898533922202 -0.9415440651830207
    outer loop
      vertex 128 -11.493483951332585 101.62679857074475
      vertex 121 -11.650561835020653 101.57059520526919
      vertex 121 -11.493483951332585 101.62679857074475
    endloop
  endfacet
  facet normal 0 0.24298017990329385 -0.9700312531945365
    outer loop
      vertex 128 -11.331653547427418 101.6673349766855
      vertex 121 -11.493483951332585 101.62679857074475
      vertex 121 -11.331653547427418 101.6673349766855
    endloop
  endfacet
  facet normal 0 -0.740951125354978 0.6715589548469976
    outer loop
      vertex 128 -9.79791847198287 98.79791847198287
      vertex 121 -9.685882229283347 98.92153141692181
      vertex 121 -9.79791847198287 98.79791847198287
    endloop
  endfacet
  facet normal 0 -0.8032075314806215 0.5956993044924649
    outer loop
      vertex 128 -9.685882229283347 98.92153141692181
      vertex 121 -9.586501659085673 99.05553060386667
      vertex 121 -9.685882229283347 98.92153141692181
    endloop
  endfacet
  facet normal 0 -0.8577286100002824 0.5141027441932045
    outer loop
      vertex 128 -9.586501659085673 99.05553060386667
      vertex 121 -9.500733850607796 99.1986255473958
      vertex 121 -9.586501659085673 99.05553060386667
    endloop
  endfacet
  facet normal 0 -0.9039892931234408 0.4275550934302876
    outer loop
      vertex 128 -9.500733850607796 99.1986255473958
      vertex 121 -9.429404794730813 99.34943816497935
      vertex 121 -9.500733850607796 99.1986255473958
    endloop
  endfacet
  facet normal 0 -0.9415440651830158 0.33688985339223376
    outer loop
      vertex 128 -9.429404794730813 99.34943816497935
      vertex 121 -9.373201429255245 99.50651604866741
      vertex 121 -9.429404794730813 99.34943816497935
    endloop
  endfacet
  facet normal 0 -0.9415440651830158 -0.33688985339223376
    outer loop
      vertex 128 -9.373201429255245 100.49348395133259
      vertex 121 -9.429404794730813 100.65056183502065
      vertex 121 -9.373201429255245 100.49348395133259
    endloop
  endfacet
  facet normal 0 0.14673047445531526 -0.9891765099647879
    outer loop
      vertex 128 -11.166629138560253 101.69181403534273
      vertex 121 -11.331653547427418 101.6673349766855
      vertex 121 -11.166629138560253 101.69181403534273
    endloop
  endfacet
  facet normal 0 0.049067674327460356 -0.9987954562051703
    outer loop
      vertex 128 -11 101.7
      vertex 121 -11.166629138560253 101.69181403534273
      vertex 121 -11 101.7
    endloop
  endfacet
  facet normal 0 -0.049067674327460356 -0.9987954562051703
    outer loop
      vertex 128 -10.833370861439747 101.69181403534273
      vertex 121 -11 101.7
      vertex 121 -10.833370861439747 101.69181403534273
    endloop
  endfacet
  facet normal 0 -0.14673047445531526 -0.9891765099647879
    outer loop
      vertex 128 -10.668346452572582 101.6673349766855
      vertex 121 -10.833370861439747 101.69181403534273
      vertex 121 -10.668346452572582 101.6673349766855
    endloop
  endfacet
  facet normal 0 -0.24298017990329385 -0.9700312531945365
    outer loop
      vertex 128 -10.506516048667415 101.62679857074475
      vertex 121 -10.668346452572582 101.6673349766855
      vertex 121 -10.506516048667415 101.62679857074475
    endloop
  endfacet
  facet normal 0 -0.3368898533922202 -0.9415440651830207
    outer loop
      vertex 128 -10.349438164979347 101.57059520526919
      vertex 121 -10.506516048667415 101.62679857074475
      vertex 121 -10.349438164979347 101.57059520526919
    endloop
  endfacet
  facet normal 0 -0.5141027441931887 -0.8577286100002919
    outer loop
      vertex 128 -10.055530603866677 101.41349834091433
      vertex 121 -10.198625547395803 101.4992661493922
      vertex 121 -10.055530603866677 101.41349834091433
    endloop
  endfacet
  facet normal 0 -0.5956993044924567 -0.8032075314806276
    outer loop
      vertex 128 -9.921531416921802 101.31411777071665
      vertex 121 -10.055530603866677 101.41349834091433
      vertex 121 -9.921531416921802 101.31411777071665
    endloop
  endfacet
  facet normal 0 -0.8032075314806215 -0.5956993044924649
    outer loop
      vertex 128 -9.586501659085673 100.94446939613333
      vertex 121 -9.685882229283347 101.07846858307819
      vertex 121 -9.586501659085673 100.94446939613333
    endloop
  endfacet
  facet normal 0 -0.9039892931234408 -0.4275550934302876
    outer loop
      vertex 128 -9.429404794730813 100.65056183502065
      vertex 121 -9.500733850607796 100.8013744526042
      vertex 121 -9.429404794730813 100.65056183502065
    endloop
  endfacet
  facet normal 0 -0.8577286100002824 -0.5141027441932045
    outer loop
      vertex 128 -9.500733850607796 100.8013744526042
      vertex 121 -9.586501659085673 100.94446939613333
      vertex 121 -9.500733850607796 100.8013744526042
    endloop
  endfacet
  facet normal 0 -0.6715589548470066 -0.7409511253549698
    outer loop
      vertex 128 -9.79791847198287 101.20208152801713
      vertex 121 -9.921531416921802 101.31411777071665
      vertex 121 -9.79791847198287 101.20208152801713
    endloop
  endfacet
  facet normal 0 -0.740951125354978 -0.6715589548469976
    outer loop
      vertex 128 -9.685882229283347 101.07846858307819
      vertex 121 -9.79791847198287 101.20208152801713
      vertex 121 -9.685882229283347 101.07846858307819
    endloop
  endfacet
  facet normal 0 -0.4275550934302967 -0.9039892931234363
    outer loop
      vertex 128 -10.198625547395803 101.4992661493922
      vertex 121 -10.349438164979347 101.57059520526919
      vertex 121 -10.198625547395803 101.4992661493922
    endloop
  endfacet
  facet normal 0 -0.9700312531945453 0.24298017990325876
    outer loop
      vertex 128 -9.373201429255245 99.50651604866741
      vertex 121 -9.332665023314508 99.66834645257258
      vertex 121 -9.373201429255245 99.50651604866741
    endloop
  endfacet
  facet normal 0 -0.9891765099647821 0.1467304744553538
    outer loop
      vertex 128 -9.332665023314508 99.66834645257258
      vertex 121 -9.308185964657266 99.83337086143975
      vertex 121 -9.332665023314508 99.66834645257258
    endloop
  endfacet
  facet normal 0 -0.9987954562051724 0.04906767432741786
    outer loop
      vertex 128 -9.308185964657266 99.83337086143975
      vertex 121 -9.3 100
      vertex 121 -9.308185964657266 99.83337086143975
    endloop
  endfacet
  facet normal 0 -0.9987954562051724 -0.04906767432741786
    outer loop
      vertex 128 -9.3 100
      vertex 121 -9.308185964657266 100.16662913856025
      vertex 121 -9.3 100
    endloop
  endfacet
  facet normal 0 -0.9891765099647821 -0.1467304744553538
    outer loop
      vertex 128 -9.308185964657266 100.16662913856025
      vertex 121 -9.332665023314508 100.33165354742742
      vertex 121 -9.308185964657266 100.16662913856025
    endloop
  endfacet
  facet normal 0 -0.9700312531945453 -0.24298017990325876
    outer loop
      vertex 128 -9.332665023314508 100.33165354742742
      vertex 121 -9.373201429255245 100.49348395133259
      vertex 121 -9.332665023314508 100.33165354742742
    endloop
  endfacet
  facet normal -6.411698823494478e-19 0.8577286100002824 0.5141027441932045
    outer loop
      vertex 128 -12.499266149392204 99.1986255473958
      vertex 128 -12.413498340914327 99.05553060386667
      vertex 121 -12.413498340914327 99.05553060386667
    endloop
  endfacet
  facet normal 0 0.8032075314806215 0.5956993044924649
    outer loop
      vertex 128 -12.314117770716653 98.92153141692181
      vertex 121 -12.314117770716653 98.92153141692181
      vertex 128 -12.413498340914327 99.05553060386667
    endloop
  endfacet
  facet normal 2.598226454970851e-19 0.740951125354978 0.6715589548469976
    outer loop
      vertex 128 -12.314117770716653 98.92153141692181
      vertex 128 -12.20208152801713 98.79791847198287
      vertex 121 -12.20208152801713 98.79791847198287
    endloop
  endfacet
  facet normal 1.0294309613729126e-20 0.9415440651830158 0.33688985339223376
    outer loop
      vertex 128 -12.626798570744755 99.50651604866741
      vertex 128 -12.570595205269187 99.34943816497935
      vertex 121 -12.570595205269187 99.34943816497935
    endloop
  endfacet
  facet normal 0 0.9039892931234408 0.4275550934302876
    outer loop
      vertex 128 -12.499266149392204 99.1986255473958
      vertex 121 -12.499266149392204 99.1986255473958
      vertex 128 -12.570595205269187 99.34943816497935
    endloop
  endfacet
  facet normal 0 0.9700312531945453 0.24298017990325876
    outer loop
      vertex 128 -12.626798570744755 99.50651604866741
      vertex 121 -12.626798570744755 99.50651604866741
      vertex 128 -12.667334976685492 99.66834645257258
    endloop
  endfacet
  facet normal 0 0.9891765099647821 0.1467304744553538
    outer loop
      vertex 128 -12.667334976685492 99.66834645257258
      vertex 121 -12.667334976685492 99.66834645257258
      vertex 128 -12.691814035342734 99.83337086143975
    endloop
  endfacet
  facet normal 0 0.9987954562051724 0.04906767432741786
    outer loop
      vertex 128 -12.691814035342734 99.83337086143975
      vertex 121 -12.691814035342734 99.83337086143975
      vertex 128 -12.7 100
    endloop
  endfacet
  facet normal 0 0.9987954562051724 -0.04906767432741786
    outer loop
      vertex 128 -12.7 100
      vertex 121 -12.7 100
      vertex 128 -12.691814035342734 100.16662913856025
    endloop
  endfacet
  facet normal 0 0.9891765099647821 -0.1467304744553538
    outer loop
      vertex 128 -12.691814035342734 100.16662913856025
      vertex 121 -12.691814035342734 100.16662913856025
      vertex 128 -12.667334976685492 100.33165354742742
    endloop
  endfacet
  facet normal 0 0.9700312531945453 -0.24298017990325876
    outer loop
      vertex 128 -12.667334976685492 100.33165354742742
      vertex 121 -12.667334976685492 100.33165354742742
      vertex 128 -12.626798570744755 100.49348395133259
    endloop
  endfacet
  facet normal 0 0.9415440651830158 -0.33688985339223376
    outer loop
      vertex 128 -12.626798570744755 100.49348395133259
      vertex 121 -12.626798570744755 100.49348395133259
      vertex 128 -12.570595205269187 100.65056183502065
    endloop
  endfacet
  facet normal 0 0.9039892931234408 -0.4275550934302876
    outer loop
      vertex 128 -12.570595205269187 100.65056183502065
      vertex 121 -12.570595205269187 100.65056183502065
      vertex 128 -12.499266149392204 100.8013744526042
    endloop
  endfacet
  facet normal 0 0.8577286100002824 -0.5141027441932045
    outer loop
      vertex 128 -12.499266149392204 100.8013744526042
      vertex 121 -12.499266149392204 100.8013744526042
      vertex 128 -12.413498340914327 100.94446939613333
    endloop
  endfacet
  facet normal 0 0.8032075314806215 -0.5956993044924649
    outer loop
      vertex 128 -12.413498340914327 100.94446939613333
      vertex 121 -12.413498340914327 100.94446939613333
      vertex 128 -12.314117770716653 101.07846858307819
    endloop
  endfacet
  facet normal 0 0.740951125354978 -0.6715589548469976
    outer loop
      vertex 128 -12.314117770716653 101.07846858307819
      vertex 121 -12.314117770716653 101.07846858307819
      vertex 128 -12.20208152801713 101.20208152801713
    endloop
  endfacet
  facet normal 0 0.6715589548470066 -0.7409511253549698
    outer loop
      vertex 128 -12.20208152801713 101.20208152801713
      vertex 121 -12.20208152801713 101.20208152801713
      vertex 128 -12.078468583078198 101.31411777071665
    endloop
  endfacet
  facet normal 0 0.5956993044924567 -0.8032075314806276
    outer loop
      vertex 128 -12.078468583078198 101.31411777071665
      vertex 121 -12.078468583078198 101.31411777071665
      vertex 128 -11.944469396133323 101.41349834091433
    endloop
  endfacet
  facet normal 0 0.5141027441931887 -0.8577286100002919
    outer loop
      vertex 128 -11.944469396133323 101.41349834091433
      vertex 121 -11.944469396133323 101.41349834091433
      vertex 128 -11.801374452604197 101.4992661493922
    endloop
  endfacet
  facet normal 0 0.4275550934302967 -0.9039892931234363
    outer loop
      vertex 128 -11.801374452604197 101.4992661493922
      vertex 121 -11.801374452604197 101.4992661493922
      vertex 128 -11.650561835020653 101.57059520526919
    endloop
  endfacet
  facet normal 0 0.3368898533922202 -0.9415440651830207
    outer loop
      vertex 128 -11.650561835020653 101.57059520526919
      vertex 121 -11.650561835020653 101.57059520526919
      vertex 128 -11.493483951332585 101.62679857074475
    endloop
  endfacet
  facet normal 0 0.24298017990329385 -0.9700312531945365
    outer loop
      vertex 128 -11.493483951332585 101.62679857074475
      vertex 121 -11.493483951332585 101.62679857074475
      vertex 128 -11.331653547427418 101.6673349766855
    endloop
  endfacet
  facet normal 0 0.14673047445531526 -0.9891765099647879
    outer loop
      vertex 128 -11.331653547427418 101.6673349766855
      vertex 121 -11.331653547427418 101.6673349766855
      vertex 128 -11.166629138560253 101.69181403534273
    endloop
  endfacet
  facet normal 6.841365834871067e-19 -0.6715589548470066 0.7409511253549698
    outer loop
      vertex 128 -9.921531416921802 98.68588222928335
      vertex 128 -9.79791847198287 98.79791847198287
      vertex 121 -9.79791847198287 98.79791847198287
    endloop
  endfacet
  facet normal -2.598226454970851e-19 -0.740951125354978 0.6715589548469976
    outer loop
      vertex 128 -9.79791847198287 98.79791847198287
      vertex 128 -9.685882229283347 98.92153141692181
      vertex 121 -9.685882229283347 98.92153141692181
    endloop
  endfacet
  facet normal -4.19620932774184e-19 -0.8032075314806215 0.5956993044924649
    outer loop
      vertex 128 -9.685882229283347 98.92153141692181
      vertex 128 -9.586501659085673 99.05553060386667
      vertex 121 -9.586501659085673 99.05553060386667
    endloop
  endfacet
  facet normal 6.411698823494478e-19 -0.8577286100002824 0.5141027441932045
    outer loop
      vertex 128 -9.586501659085673 99.05553060386667
      vertex 128 -9.500733850607796 99.1986255473958
      vertex 121 -9.500733850607796 99.1986255473958
    endloop
  endfacet
  facet normal -5.428700585449936e-19 -0.9039892931234408 0.4275550934302876
    outer loop
      vertex 128 -9.500733850607796 99.1986255473958
      vertex 128 -9.429404794730813 99.34943816497935
      vertex 121 -9.429404794730813 99.34943816497935
    endloop
  endfacet
  facet normal -1.0294309613729126e-20 -0.9415440651830158 0.33688985339223376
    outer loop
      vertex 128 -9.429404794730813 99.34943816497935
      vertex 128 -9.373201429255245 99.50651604866741
      vertex 121 -9.373201429255245 99.50651604866741
    endloop
  endfacet
  facet normal 0 0.049067674327460356 -0.9987954562051703
    outer loop
      vertex 128 -11.166629138560253 101.69181403534273
      vertex 121 -11.166629138560253 101.69181403534273
      vertex 128 -11 101.7
    endloop
  endfacet
  facet normal 0 -0.049067674327460356 -0.9987954562051703
    outer loop
      vertex 128 -11 101.7
      vertex 121 -11 101.7
      vertex 128 -10.833370861439747 101.69181403534273
    endloop
  endfacet
  facet normal 0 -0.14673047445531526 -0.9891765099647879
    outer loop
      vertex 128 -10.833370861439747 101.69181403534273
      vertex 121 -10.833370861439747 101.69181403534273
      vertex 128 -10.668346452572582 101.6673349766855
    endloop
  endfacet
  facet normal 1.551155304206574e-19 -0.24298017990329385 -0.9700312531945365
    outer loop
      vertex 128 -10.506516048667415 101.62679857074475
      vertex 128 -10.668346452572582 101.6673349766855
      vertex 121 -10.668346452572582 101.6673349766855
    endloop
  endfacet
  facet normal 0 -0.3368898533922202 -0.9415440651830207
    outer loop
      vertex 128 -10.506516048667415 101.62679857074475
      vertex 121 -10.506516048667415 101.62679857074475
      vertex 128 -10.349438164979347 101.57059520526919
    endloop
  endfacet
  facet normal 0 -0.5141027441931887 -0.8577286100002919
    outer loop
      vertex 128 -10.198625547395803 101.4992661493922
      vertex 121 -10.198625547395803 101.4992661493922
      vertex 128 -10.055530603866677 101.41349834091433
    endloop
  endfacet
  facet normal -6.841365834871067e-19 -0.6715589548470066 -0.7409511253549698
    outer loop
      vertex 128 -9.79791847198287 101.20208152801713
      vertex 128 -9.921531416921802 101.31411777071665
      vertex 121 -9.921531416921802 101.31411777071665
    endloop
  endfacet
  facet normal 9.193542406116065e-20 -0.5956993044924567 -0.8032075314806276
    outer loop
      vertex 128 -9.921531416921802 101.31411777071665
      vertex 128 -10.055530603866677 101.41349834091433
      vertex 121 -10.055530603866677 101.41349834091433
    endloop
  endfacet
  facet normal 4.19620932774184e-19 -0.8032075314806215 -0.5956993044924649
    outer loop
      vertex 128 -9.586501659085673 100.94446939613333
      vertex 128 -9.685882229283347 101.07846858307819
      vertex 121 -9.685882229283347 101.07846858307819
    endloop
  endfacet
  facet normal 1.0294309613729126e-20 -0.9415440651830158 -0.33688985339223376
    outer loop
      vertex 128 -9.373201429255245 100.49348395133259
      vertex 128 -9.429404794730813 100.65056183502065
      vertex 121 -9.429404794730813 100.65056183502065
    endloop
  endfacet
  facet normal 5.428700585449936e-19 -0.9039892931234408 -0.4275550934302876
    outer loop
      vertex 128 -9.429404794730813 100.65056183502065
      vertex 128 -9.500733850607796 100.8013744526042
      vertex 121 -9.500733850607796 100.8013744526042
    endloop
  endfacet
  facet normal 0 -0.8577286100002824 -0.5141027441932045
    outer loop
      vertex 128 -9.586501659085673 100.94446939613333
      vertex 121 -9.586501659085673 100.94446939613333
      vertex 128 -9.500733850607796 100.8013744526042
    endloop
  endfacet
  facet normal 0 -0.740951125354978 -0.6715589548469976
    outer loop
      vertex 128 -9.79791847198287 101.20208152801713
      vertex 121 -9.79791847198287 101.20208152801713
      vertex 128 -9.685882229283347 101.07846858307819
    endloop
  endfacet
  facet normal 0 -0.4275550934302967 -0.9039892931234363
    outer loop
      vertex 128 -10.349438164979347 101.57059520526919
      vertex 121 -10.349438164979347 101.57059520526919
      vertex 128 -10.198625547395803 101.4992661493922
    endloop
  endfacet
  facet normal -3.399669618321779e-19 -0.9700312531945453 0.24298017990325876
    outer loop
      vertex 128 -9.373201429255245 99.50651604866741
      vertex 128 -9.332665023314508 99.66834645257258
      vertex 121 -9.332665023314508 99.66834645257258
    endloop
  endfacet
  facet normal -2.6846056557256204e-19 -0.9891765099647821 0.1467304744553538
    outer loop
      vertex 128 -9.332665023314508 99.66834645257258
      vertex 128 -9.308185964657266 99.83337086143975
      vertex 121 -9.308185964657266 99.83337086143975
    endloop
  endfacet
  facet normal 2.9073151490700596e-20 -0.9987954562051724 0.04906767432741786
    outer loop
      vertex 128 -9.308185964657266 99.83337086143975
      vertex 128 -9.3 100
      vertex 121 -9.3 100
    endloop
  endfacet
  facet normal -2.9073151490700596e-20 -0.9987954562051724 -0.04906767432741786
    outer loop
      vertex 128 -9.3 100
      vertex 128 -9.308185964657266 100.16662913856025
      vertex 121 -9.308185964657266 100.16662913856025
    endloop
  endfacet
  facet normal 2.6846056557256204e-19 -0.9891765099647821 -0.1467304744553538
    outer loop
      vertex 128 -9.308185964657266 100.16662913856025
      vertex 128 -9.332665023314508 100.33165354742742
      vertex 121 -9.332665023314508 100.33165354742742
    endloop
  endfacet
  facet normal 3.399669618321779e-19 -0.9700312531945453 -0.24298017990325876
    outer loop
      vertex 128 -9.332665023314508 100.33165354742742
      vertex 128 -9.373201429255245 100.49348395133259
      vertex 121 -9.373201429255245 100.49348395133259
    endloop
  endfacet
  facet normal 1 0 0
    outer loop
      vertex 128 -12.243721155186542 96.99739151933832
      vertex 128 -12.20208152801713 98.79791847198287
      vertex 128 -12.532039394684492 97.13375589086785
    endloop
  endfacet
  facet normal 1 0 0
    outer loop
      vertex 128 -12.805603257313708 97.29772376001672
      vertex 128 -12.570595205269187 99.34943816497935
      vertex 128 -12.626798570744755 99.50651604866741
    endloop
  endfacet
  facet normal 1 0 0
    outer loop
      vertex 128 -12.805603257313708 97.29772376001672
      vertex 128 -12.532039394684492 97.13375589086785
      vertex 128 -12.499266149392204 99.1986255473958
    endloop
  endfacet
  facet normal 1 0 0
    outer loop
      vertex 128 -12.532039394684492 97.13375589086785
      vertex 128 -12.20208152801713 98.79791847198287
      vertex 128 -12.314117770716653 98.92153141692181
    endloop
  endfacet
  facet normal 1 0 0
    outer loop
      vertex 128 -12.532039394684492 97.13375589086785
      vertex 128 -12.413498340914327 99.05553060386667
      vertex 128 -12.499266149392204 99.1986255473958
    endloop
  endfacet
  facet normal 1 0 0
    outer loop
      vertex 128 -12.805603257313708 97.29772376001672
      vertex 128 -12.499266149392204 99.1986255473958
      vertex 128 -12.570595205269187 99.34943816497935
    endloop
  endfacet
  facet normal 1 0 0
    outer loop
      vertex 128 -12.532039394684492 97.13375589086785
      vertex 128 -12.314117770716653 98.92153141692181
      vertex 128 -12.413498340914327 99.05553060386667
    endloop
  endfacet
  facet normal 1 0 0
    outer loop
      vertex 128 -12.243721155186542 96.99739151933832
      vertex 128 -11.943425201077002 96.88994390887032
      vertex 128 -11.801374452604197 98.5007338506078
    endloop
  endfacet
  facet normal 1 0 0
    outer loop
      vertex 128 -11.943425201077002 96.88994390887032
      vertex 128 -11.634043546552416 96.81244783868951
      vertex 128 -11.493483951332585 98.37320142925525
    endloop
  endfacet
  facet normal 1 0 0
    outer loop
      vertex 128 -11.634043546552416 96.81244783868951
      vertex 128 -11.318555706071072 96.76564963831537
      vertex 128 -11.166629138560253 98.30818596465727
    endloop
  endfacet
  facet normal 1 0 0
    outer loop
      vertex 128 -11.634043546552416 96.81244783868951
      vertex 128 -11.166629138560253 98.30818596465727
      vertex 128 -11.331653547427418 98.3326650233145
    endloop
  endfacet
  facet normal 1 0 0
    outer loop
      vertex 128 -12.243721155186542 96.99739151933832
      vertex 128 -11.801374452604197 98.5007338506078
      vertex 128 -11.944469396133323 98.58650165908567
    endloop
  endfacet
  facet normal 1 0 0
    outer loop
      vertex 128 -12.243721155186542 96.99739151933832
      vertex 128 -12.078468583078198 98.68588222928335
      vertex 128 -12.20208152801713 98.79791847198287
    endloop
  endfacet
  facet normal 1 0 0
    outer loop
      vertex 128 -12.243721155186542 96.99739151933832
      vertex 128 -11.944469396133323 98.58650165908567
      vertex 128 -12.078468583078198 98.68588222928335
    endloop
  endfacet
  facet normal 1 0 0
    outer loop
      vertex 128 -11.943425201077002 96.88994390887032
      vertex 128 -11.650561835020653 98.42940479473081
      vertex 128 -11.801374452604197 98.5007338506078
    endloop
  endfacet
  facet normal 1 0 0
    outer loop
      vertex 128 -11.943425201077002 96.88994390887032
      vertex 128 -11.493483951332585 98.37320142925525
      vertex 128 -11.650561835020653 98.42940479473081
    endloop
  endfacet
  facet normal 1 0 0
    outer loop
      vertex 128 -11.634043546552416 96.81244783868951
      vertex 128 -11.331653547427418 98.3326650233145
      vertex 128 -11.493483951332585 98.37320142925525
    endloop
  endfacet
  facet normal 1 0 0
    outer loop
      vertex 128 -11.318555706071072 96.76564963831537
      vertex 128 -11 96.75
      vertex 128 -11 98.3
    endloop
  endfacet
  facet normal 1 0 0
    outer loop
      vertex 128 -11 96.75
      vertex 128 -10.681444293928928 96.76564963831537
      vertex 128 -10.833370861439747 98.30818596465727
    endloop
  endfacet
  facet normal 1 0 0
    outer loop
      vertex 128 -11.318555706071072 96.76564963831537
      vertex 128 -11 98.3
      vertex 128 -11.166629138560253 98.30818596465727
    endloop
  endfacet
  facet normal 1 0 0
    outer loop
      vertex 128 -11 96.75
      vertex 128 -10.833370861439747 98.30818596465727
      vertex 128 -11 98.3
    endloop
  endfacet
  facet normal 1 0 0
    outer loop
      vertex 128 -10.681444293928928 96.76564963831537
      vertex 128 -10.365956453447584 96.81244783868951
      vertex 128 -10.506516048667415 98.37320142925525
    endloop
  endfacet
  facet normal 1 0 0
    outer loop
      vertex 128 -10.681444293928928 96.76564963831537
      vertex 128 -10.668346452572582 98.3326650233145
      vertex 128 -10.833370861439747 98.30818596465727
    endloop
  endfacet
  facet normal 1 0 0
    outer loop
      vertex 128 -10.681444293928928 96.76564963831537
      vertex 128 -10.506516048667415 98.37320142925525
      vertex 128 -10.668346452572582 98.3326650233145
    endloop
  endfacet
  facet normal 1 0 0
    outer loop
      vertex 128 -10.365956453447584 96.81244783868951
      vertex 128 -10.349438164979347 98.42940479473081
      vertex 128 -10.506516048667415 98.37320142925525
    endloop
  endfacet
  facet normal 1 0 0
    outer loop
      vertex 128 -10.365956453447584 96.81244783868951
      vertex 128 -10.056574798922998 96.88994390887032
      vertex 128 -10.198625547395803 98.5007338506078
    endloop
  endfacet
  facet normal 1 0 0
    outer loop
      vertex 128 -10.056574798922998 96.88994390887032
      vertex 128 -9.756278844813458 96.99739151933832
      vertex 128 -9.921531416921802 98.68588222928335
    endloop
  endfacet
  facet normal 1 0 0
    outer loop
      vertex 128 -9.756278844813458 96.99739151933832
      vertex 128 -9.467960605315508 97.13375589086785
      vertex 128 -9.586501659085673 99.05553060386667
    endloop
  endfacet
  facet normal 1 0 0
    outer loop
      vertex 128 -10.365956453447584 96.81244783868951
      vertex 128 -10.198625547395803 98.5007338506078
      vertex 128 -10.349438164979347 98.42940479473081
    endloop
  endfacet
  facet normal 1 0 0
    outer loop
      vertex 128 -10.056574798922998 96.88994390887032
      vertex 128 -10.055530603866677 98.58650165908567
      vertex 128 -10.198625547395803 98.5007338506078
    endloop
  endfacet
  facet normal 1 0 0
    outer loop
      vertex 128 -10.056574798922998 96.88994390887032
      vertex 128 -9.921531416921802 98.68588222928335
      vertex 128 -10.055530603866677 98.58650165908567
    endloop
  endfacet
  facet normal 1 0 0
    outer loop
      vertex 128 -9.756278844813458 96.99739151933832
      vertex 128 -9.79791847198287 98.79791847198287
      vertex 128 -9.921531416921802 98.68588222928335
    endloop
  endfacet
  facet normal 1 0 0
    outer loop
      vertex 128 -9.756278844813458 96.99739151933832
      vertex 128 -9.685882229283347 98.92153141692181
      vertex 128 -9.79791847198287 98.79791847198287
    endloop
  endfacet
  facet normal 1 0 0
    outer loop
      vertex 128 -9.756278844813458 96.99739151933832
      vertex 128 -9.586501659085673 99.05553060386667
      vertex 128 -9.685882229283347 98.92153141692181
    endloop
  endfacet
  facet normal 1 0 0
    outer loop
      vertex 128 -9.467960605315508 97.13375589086785
      vertex 128 -9.500733850607796 99.1986255473958
      vertex 128 -9.586501659085673 99.05553060386667
    endloop
  endfacet
  facet normal 1 0 0
    outer loop
      vertex 128 -9.467960605315508 97.13375589086785
      vertex 128 -9.429404794730813 99.34943816497935
      vertex 128 -9.500733850607796 99.1986255473958
    endloop
  endfacet
  facet normal 1 0 0
    outer loop
      vertex 128 -9.467960605315508 97.13375589086785
      vertex 128 -9.373201429255245 99.50651604866741
      vertex 128 -9.429404794730813 99.34943816497935
    endloop
  endfacet
  facet normal 1 0 0
    outer loop
      vertex 128 -9.467960605315508 97.13375589086785
      vertex 128 -9.194396742686292 97.29772376001672
      vertex 128 -9.332665023314508 99.66834645257258
    endloop
  endfacet
  facet normal 1 0 0
    outer loop
      vertex 128 -13.866244109132154 98.46796060531551
      vertex 128 -14 100
      vertex 128 -14 98.75076367583124
    endloop
  endfacet
  facet normal 1 0 0
    outer loop
      vertex 128 -13.866244109132154 98.46796060531551
      vertex 128 -13.702276239983272 98.1943967426863
      vertex 128 -13.702276239983272 101.8056032573137
    endloop
  endfacet
  facet normal 1 0 0
    outer loop
      vertex 128 -13.512283973428895 97.93822182646815
      vertex 128 -13.512283973428895 102.06177817353185
      vertex 128 -13.702276239983272 98.1943967426863
    endloop
  endfacet
  facet normal 1 0 0
    outer loop
      vertex 128 -13.29809703885628 97.70190296114372
      vertex 128 -13.29809703885628 102.29809703885628
      vertex 128 -13.512283973428895 97.93822182646815
    endloop
  endfacet
  facet normal 1 0 0
    outer loop
      vertex 128 -13.061778173531849 97.4877160265711
      vertex 128 -13.061778173531849 102.5122839734289
      vertex 128 -13.29809703885628 97.70190296114372
    endloop
  endfacet
  facet normal 1 0 0
    outer loop
      vertex 128 -13.866244109132154 98.46796060531551
      vertex 128 -13.866244109132154 101.53203939468449
      vertex 128 -14 100
    endloop
  endfacet
  facet normal 1 0 0
    outer loop
      vertex 128 -14.110056091129678 100.943425201077
      vertex 128 -14.138386987277014 100.83032192366208
      vertex 128 -14.002608480661682 101.24372115518653
    endloop
  endfacet
  facet normal 1 0 0
    outer loop
      vertex 128 -14.002608480661682 101.24372115518653
      vertex 128 -14.138386987277014 100.83032192366208
      vertex 128 -14 100
    endloop
  endfacet
  facet normal 1 0 0
    outer loop
      vertex 128 -14.002608480661682 101.24372115518653
      vertex 128 -14 100
      vertex 128 -13.866244109132154 101.53203939468449
    endloop
  endfacet
  facet normal 1 0 0
    outer loop
      vertex 128 -13.866244109132154 98.46796060531551
      vertex 128 -13.702276239983272 101.8056032573137
      vertex 128 -13.866244109132154 101.53203939468449
    endloop
  endfacet
  facet normal 1 0 0
    outer loop
      vertex 128 -13.702276239983272 98.1943967426863
      vertex 128 -13.512283973428895 102.06177817353185
      vertex 128 -13.702276239983272 101.8056032573137
    endloop
  endfacet
  facet normal 1 0 0
    outer loop
      vertex 128 -13.512283973428895 97.93822182646815
      vertex 128 -13.29809703885628 102.29809703885628
      vertex 128 -13.512283973428895 102.06177817353185
    endloop
  endfacet
  facet normal 1 0 0
    outer loop
      vertex 128 -13.29809703885628 97.70190296114372
      vertex 128 -13.061778173531849 102.5122839734289
      vertex 128 -13.29809703885628 102.29809703885628
    endloop
  endfacet
  facet normal 1 0 0
    outer loop
      vertex 128 -13.061778173531849 97.4877160265711
      vertex 128 -12.805603257313708 97.29772376001672
      vertex 128 -12.805603257313708 102.70227623998328
    endloop
  endfacet
  facet normal 1 0 0
    outer loop
      vertex 128 -12.805603257313708 97.29772376001672
      vertex 128 -12.626798570744755 99.50651604866741
      vertex 128 -12.667334976685492 99.66834645257258
    endloop
  endfacet
  facet normal 1 0 0
    outer loop
      vertex 128 -12.805603257313708 97.29772376001672
      vertex 128 -12.667334976685492 99.66834645257258
      vertex 128 -12.691814035342734 99.83337086143975
    endloop
  endfacet
  facet normal 1 0 0
    outer loop
      vertex 128 -12.805603257313708 97.29772376001672
      vertex 128 -12.691814035342734 99.83337086143975
      vertex 128 -12.7 100
    endloop
  endfacet
  facet normal 1 0 0
    outer loop
      vertex 128 -12.805603257313708 97.29772376001672
      vertex 128 -12.7 100
      vertex 128 -12.805603257313708 102.70227623998328
    endloop
  endfacet
  facet normal 1 0 0
    outer loop
      vertex 128 -13.061778173531849 97.4877160265711
      vertex 128 -12.805603257313708 102.70227623998328
      vertex 128 -13.061778173531849 102.5122839734289
    endloop
  endfacet
  facet normal 1 0 0
    outer loop
      vertex 128 -12.7 100
      vertex 128 -12.691814035342734 100.16662913856025
      vertex 128 -12.805603257313708 102.70227623998328
    endloop
  endfacet
  facet normal 1 0 0
    outer loop
      vertex 128 -12.691814035342734 100.16662913856025
      vertex 128 -12.667334976685492 100.33165354742742
      vertex 128 -12.805603257313708 102.70227623998328
    endloop
  endfacet
  facet normal 1 0 0
    outer loop
      vertex 128 -12.667334976685492 100.33165354742742
      vertex 128 -12.626798570744755 100.49348395133259
      vertex 128 -12.532039394684492 102.86624410913215
    endloop
  endfacet
  facet normal 1 0 0
    outer loop
      vertex 128 -12.626798570744755 100.49348395133259
      vertex 128 -12.570595205269187 100.65056183502065
      vertex 128 -12.532039394684492 102.86624410913215
    endloop
  endfacet
  facet normal 1 0 0
    outer loop
      vertex 128 -12.570595205269187 100.65056183502065
      vertex 128 -12.499266149392204 100.8013744526042
      vertex 128 -12.532039394684492 102.86624410913215
    endloop
  endfacet
  facet normal 1 0 0
    outer loop
      vertex 128 -12.667334976685492 100.33165354742742
      vertex 128 -12.532039394684492 102.86624410913215
      vertex 128 -12.805603257313708 102.70227623998328
    endloop
  endfacet
  facet normal 1 0 0
    outer loop
      vertex 128 -12.499266149392204 100.8013744526042
      vertex 128 -12.413498340914327 100.94446939613333
      vertex 128 -12.532039394684492 102.86624410913215
    endloop
  endfacet
  facet normal 1 0 0
    outer loop
      vertex 128 -12.413498340914327 100.94446939613333
      vertex 128 -12.314117770716653 101.07846858307819
      vertex 128 -12.243721155186542 103.00260848066168
    endloop
  endfacet
  facet normal 1 0 0
    outer loop
      vertex 128 -12.314117770716653 101.07846858307819
      vertex 128 -12.20208152801713 101.20208152801713
      vertex 128 -12.243721155186542 103.00260848066168
    endloop
  endfacet
  facet normal 1 0 0
    outer loop
      vertex 128 -12.413498340914327 100.94446939613333
      vertex 128 -12.243721155186542 103.00260848066168
      vertex 128 -12.532039394684492 102.86624410913215
    endloop
  endfacet
  facet normal 1 0 0
    outer loop
      vertex 128 -12.20208152801713 101.20208152801713
      vertex 128 -12.078468583078198 101.31411777071665
      vertex 128 -12.243721155186542 103.00260848066168
    endloop
  endfacet
  facet normal 1 0 0
    outer loop
      vertex 128 -12.078468583078198 101.31411777071665
      vertex 128 -11.944469396133323 101.41349834091433
      vertex 128 -11.943425201077002 103.11005609112968
    endloop
  endfacet
  facet normal 1 0 0
    outer loop
      vertex 128 -11.944469396133323 101.41349834091433
      vertex 128 -11.801374452604197 101.4992661493922
      vertex 128 -11.943425201077002 103.11005609112968
    endloop
  endfacet
  facet normal 1 0 0
    outer loop
      vertex 128 -11.801374452604197 101.4992661493922
      vertex 128 -11.650561835020653 101.57059520526919
      vertex 128 -11.634043546552416 103.18755216131049
    endloop
  endfacet
  facet normal 1 0 0
    outer loop
      vertex 128 -11.650561835020653 101.57059520526919
      vertex 128 -11.493483951332585 101.62679857074475
      vertex 128 -11.634043546552416 103.18755216131049
    endloop
  endfacet
  facet normal 1 0 0
    outer loop
      vertex 128 -11.493483951332585 101.62679857074475
      vertex 128 -11.331653547427418 101.6673349766855
      vertex 128 -11.318555706071072 103.23435036168463
    endloop
  endfacet
  facet normal 1 0 0
    outer loop
      vertex 128 -11.331653547427418 101.6673349766855
      vertex 128 -11.166629138560253 101.69181403534273
      vertex 128 -11.318555706071072 103.23435036168463
    endloop
  endfacet
  facet normal 1 0 0
    outer loop
      vertex 128 -12.078468583078198 101.31411777071665
      vertex 128 -11.943425201077002 103.11005609112968
      vertex 128 -12.243721155186542 103.00260848066168
    endloop
  endfacet
  facet normal 1 0 0
    outer loop
      vertex 128 -11.801374452604197 101.4992661493922
      vertex 128 -11.634043546552416 103.18755216131049
      vertex 128 -11.943425201077002 103.11005609112968
    endloop
  endfacet
  facet normal 1 0 0
    outer loop
      vertex 128 -11.493483951332585 101.62679857074475
      vertex 128 -11.318555706071072 103.23435036168463
      vertex 128 -11.634043546552416 103.18755216131049
    endloop
  endfacet
  facet normal 1 0 0
    outer loop
      vertex 128 -9.467960605315508 97.13375589086785
      vertex 128 -9.332665023314508 99.66834645257258
      vertex 128 -9.373201429255245 99.50651604866741
    endloop
  endfacet
  facet normal 1 0 0
    outer loop
      vertex 128 -11.166629138560253 101.69181403534273
      vertex 128 -11 101.7
      vertex 128 -11 103.25
    endloop
  endfacet
  facet normal 1 0 0
    outer loop
      vertex 128 -11 101.7
      vertex 128 -10.833370861439747 101.69181403534273
      vertex 128 -10.681444293928928 103.23435036168463
    endloop
  endfacet
  facet normal 1 0 0
    outer loop
      vertex 128 -10.833370861439747 101.69181403534273
      vertex 128 -10.668346452572582 101.6673349766855
      vertex 128 -10.365956453447584 103.18755216131049
    endloop
  endfacet
  facet normal 1 0 0
    outer loop
      vertex 128 -10.506516048667415 101.62679857074475
      vertex 128 -10.365956453447584 103.18755216131049
      vertex 128 -10.668346452572582 101.6673349766855
    endloop
  endfacet
  facet normal 1 0 0
    outer loop
      vertex 128 -10.198625547395803 101.4992661493922
      vertex 128 -10.055530603866677 101.41349834091433
      vertex 128 -9.756278844813458 103.00260848066168
    endloop
  endfacet
  facet normal 1 0 0
    outer loop
      vertex 128 -9.921531416921802 101.31411777071665
      vertex 128 -9.756278844813458 103.00260848066168
      vertex 128 -10.055530603866677 101.41349834091433
    endloop
  endfacet
  facet normal 1 0 0
    outer loop
      vertex 128 -10.349438164979347 101.57059520526919
      vertex 128 -10.198625547395803 101.4992661493922
      vertex 128 -10.056574798922998 103.11005609112968
    endloop
  endfacet
  facet normal 1 0 0
    outer loop
      vertex 128 -10.506516048667415 101.62679857074475
      vertex 128 -10.349438164979347 101.57059520526919
      vertex 128 -10.056574798922998 103.11005609112968
    endloop
  endfacet
  facet normal 1 0 0
    outer loop
      vertex 128 -9.79791847198287 101.20208152801713
      vertex 128 -9.685882229283347 101.07846858307819
      vertex 128 -9.467960605315508 102.86624410913215
    endloop
  endfacet
  facet normal 1 0 0
    outer loop
      vertex 128 -9.79791847198287 101.20208152801713
      vertex 128 -9.756278844813458 103.00260848066168
      vertex 128 -9.921531416921802 101.31411777071665
    endloop
  endfacet
  facet normal 1 0 0
    outer loop
      vertex 128 -9.586501659085673 100.94446939613333
      vertex 128 -9.467960605315508 102.86624410913215
      vertex 128 -9.685882229283347 101.07846858307819
    endloop
  endfacet
  facet normal 1 0 0
    outer loop
      vertex 128 -9.586501659085673 100.94446939613333
      vertex 128 -9.500733850607796 100.8013744526042
      vertex 128 -9.467960605315508 102.86624410913215
    endloop
  endfacet
  facet normal 1 0 0
    outer loop
      vertex 128 -9.79791847198287 101.20208152801713
      vertex 128 -9.467960605315508 102.86624410913215
      vertex 128 -9.756278844813458 103.00260848066168
    endloop
  endfacet
  facet normal 1 0 0
    outer loop
      vertex 128 -9.500733850607796 100.8013744526042
      vertex 128 -9.194396742686292 102.70227623998328
      vertex 128 -9.467960605315508 102.86624410913215
    endloop
  endfacet
  facet normal 1 0 0
    outer loop
      vertex 128 -9.194396742686292 97.29772376001672
      vertex 128 -9.308185964657266 99.83337086143975
      vertex 128 -9.332665023314508 99.66834645257258
    endloop
  endfacet
  facet normal 1 0 0
    outer loop
      vertex 128 -9.194396742686292 97.29772376001672
      vertex 128 -9.3 100
      vertex 128 -9.308185964657266 99.83337086143975
    endloop
  endfacet
  facet normal 1 0 0
    outer loop
      vertex 128 -9.194396742686292 97.29772376001672
      vertex 128 -8.938221826468151 97.4877160265711
      vertex 128 -8.938221826468151 102.5122839734289
    endloop
  endfacet
  facet normal 1 0 0
    outer loop
      vertex 128 -8.938221826468151 97.4877160265711
      vertex 128 -8.70190296114372 97.70190296114372
      vertex 128 -8.70190296114372 102.29809703885628
    endloop
  endfacet
  facet normal 1 0 0
    outer loop
      vertex 128 -8.70190296114372 97.70190296114372
      vertex 128 -8.487716026571105 97.93822182646815
      vertex 128 -8.487716026571105 102.06177817353185
    endloop
  endfacet
  facet normal 1 0 0
    outer loop
      vertex 128 -9.194396742686292 97.29772376001672
      vertex 128 -9.194396742686292 102.70227623998328
      vertex 128 -9.3 100
    endloop
  endfacet
  facet normal 1 0 0
    outer loop
      vertex 128 -8.487716026571105 97.93822182646815
      vertex 128 -8.297723760016728 98.1943967426863
      vertex 128 -8.297723760016728 101.8056032573137
    endloop
  endfacet
  facet normal 1 0 0
    outer loop
      vertex 128 -8.297723760016728 98.1943967426863
      vertex 128 -8.133755890867846 98.46796060531551
      vertex 128 -8.133755890867846 101.53203939468449
    endloop
  endfacet
  facet normal 1 0 0
    outer loop
      vertex 128 -8.133755890867846 98.46796060531551
      vertex 128 -7.9973915193383185 98.75627884481347
      vertex 128 -7.9973915193383185 101.24372115518653
    endloop
  endfacet
  facet normal 1 0 0
    outer loop
      vertex 128 -7.9973915193383185 98.75627884481347
      vertex 128 -7.889943908870322 99.056574798923
      vertex 128 -7.889943908870322 100.943425201077
    endloop
  endfacet
  facet normal 1 0 0
    outer loop
      vertex 128 -8.297723760016728 98.1943967426863
      vertex 128 -8.133755890867846 101.53203939468449
      vertex 128 -8.297723760016728 101.8056032573137
    endloop
  endfacet
  facet normal 1 0 0
    outer loop
      vertex 128 -8.133755890867846 98.46796060531551
      vertex 128 -7.9973915193383185 101.24372115518653
      vertex 128 -8.133755890867846 101.53203939468449
    endloop
  endfacet
  facet normal 1 0 0
    outer loop
      vertex 128 -7.889943908870322 99.056574798923
      vertex 128 -7.812447838689501 99.36595645344758
      vertex 128 -7.812447838689501 100.63404354655242
    endloop
  endfacet
  facet normal 1 0 0
    outer loop
      vertex 128 -7.812447838689501 99.36595645344758
      vertex 128 -7.7656496383153595 99.68144429392893
      vertex 128 -7.7656496383153595 100.31855570607107
    endloop
  endfacet
  facet normal 1 0 0
    outer loop
      vertex 128 -7.7656496383153595 99.68144429392893
      vertex 128 -7.75 100
      vertex 128 -7.7656496383153595 100.31855570607107
    endloop
  endfacet
  facet normal 1 0 0
    outer loop
      vertex 128 -7.812447838689501 99.36595645344758
      vertex 128 -7.7656496383153595 100.31855570607107
      vertex 128 -7.812447838689501 100.63404354655242
    endloop
  endfacet
  facet normal 1 0 0
    outer loop
      vertex 128 -7.889943908870322 99.056574798923
      vertex 128 -7.812447838689501 100.63404354655242
      vertex 128 -7.889943908870322 100.943425201077
    endloop
  endfacet
  facet normal 1 0 0
    outer loop
      vertex 128 -7.9973915193383185 98.75627884481347
      vertex 128 -7.889943908870322 100.943425201077
      vertex 128 -7.9973915193383185 101.24372115518653
    endloop
  endfacet
  facet normal 1 0 0
    outer loop
      vertex 128 -9.3 100
      vertex 128 -9.194396742686292 102.70227623998328
      vertex 128 -9.308185964657266 100.16662913856025
    endloop
  endfacet
  facet normal 1 0 0
    outer loop
      vertex 128 -9.194396742686292 97.29772376001672
      vertex 128 -8.938221826468151 102.5122839734289
      vertex 128 -9.194396742686292 102.70227623998328
    endloop
  endfacet
  facet normal 1 0 0
    outer loop
      vertex 128 -9.308185964657266 100.16662913856025
      vertex 128 -9.194396742686292 102.70227623998328
      vertex 128 -9.332665023314508 100.33165354742742
    endloop
  endfacet
  facet normal 1 0 0
    outer loop
      vertex 128 -9.332665023314508 100.33165354742742
      vertex 128 -9.194396742686292 102.70227623998328
      vertex 128 -9.373201429255245 100.49348395133259
    endloop
  endfacet
  facet normal 1 0 0
    outer loop
      vertex 128 -9.373201429255245 100.49348395133259
      vertex 128 -9.194396742686292 102.70227623998328
      vertex 128 -9.429404794730813 100.65056183502065
    endloop
  endfacet
  facet normal 1 0 0
    outer loop
      vertex 128 -9.429404794730813 100.65056183502065
      vertex 128 -9.194396742686292 102.70227623998328
      vertex 128 -9.500733850607796 100.8013744526042
    endloop
  endfacet
  facet normal 1 0 0
    outer loop
      vertex 128 -8.938221826468151 97.4877160265711
      vertex 128 -8.70190296114372 102.29809703885628
      vertex 128 -8.938221826468151 102.5122839734289
    endloop
  endfacet
  facet normal 1 0 0
    outer loop
      vertex 128 -8.70190296114372 97.70190296114372
      vertex 128 -8.487716026571105 102.06177817353185
      vertex 128 -8.70190296114372 102.29809703885628
    endloop
  endfacet
  facet normal 1 0 0
    outer loop
      vertex 128 -8.487716026571105 97.93822182646815
      vertex 128 -8.297723760016728 101.8056032573137
      vertex 128 -8.487716026571105 102.06177817353185
    endloop
  endfacet
  facet normal 1 0 0
    outer loop
      vertex 128 -11.166629138560253 101.69181403534273
      vertex 128 -11 103.25
      vertex 128 -11.318555706071072 103.23435036168463
    endloop
  endfacet
  facet normal 1 0 0
    outer loop
      vertex 128 -11 101.7
      vertex 128 -10.681444293928928 103.23435036168463
      vertex 128 -11 103.25
    endloop
  endfacet
  facet normal 1 0 0
    outer loop
      vertex 128 -10.833370861439747 101.69181403534273
      vertex 128 -10.365956453447584 103.18755216131049
      vertex 128 -10.681444293928928 103.23435036168463
    endloop
  endfacet
  facet normal 1 0 0
    outer loop
      vertex 128 -10.506516048667415 101.62679857074475
      vertex 128 -10.056574798922998 103.11005609112968
      vertex 128 -10.365956453447584 103.18755216131049
    endloop
  endfacet
  facet normal 1 0 0
    outer loop
      vertex 128 -10.198625547395803 101.4992661493922
      vertex 128 -9.756278844813458 103.00260848066168
      vertex 128 -10.056574798922998 103.11005609112968
    endloop
  endfacet
  facet normal 0 0.6715589548470076 0.7409511253549689
    outer loop
      vertex 128 -13.061778173531849 97.4877160265711
      vertex 128 -13.29809703885628 97.70190296114372
      vertex 134 -13.061778173531849 97.4877160265711
    endloop
  endfacet
  facet normal 8.74565016156307e-19 0.8032075314806473 0.5956993044924302
    outer loop
      vertex 128 -13.512283973428895 97.93822182646815
      vertex 128 -13.702276239983272 98.1943967426863
      vertex 134 -13.702276239983272 98.1943967426863
    endloop
  endfacet
  facet normal -1.1223938717920748e-16 0.9039892931234452 0.42755509343027814
    outer loop
      vertex 128 -13.866244109132154 98.46796060531551
      vertex 128 -14 98.75076367583124
      vertex 134 -14.002608480661682 98.75627884481347
    endloop
  endfacet
  facet normal 0 0.8577286100002736 0.5141027441932193
    outer loop
      vertex 128 -13.866244109132154 98.46796060531551
      vertex 134 -13.866244109132154 98.46796060531551
      vertex 128 -13.702276239983272 98.1943967426863
    endloop
  endfacet
  facet normal 1.5664621443380293e-18 0.7409511253549655 0.6715589548470112
    outer loop
      vertex 128 -13.29809703885628 97.70190296114372
      vertex 128 -13.512283973428895 97.93822182646815
      vertex 134 -13.512283973428895 97.93822182646815
    endloop
  endfacet
  facet normal 6.40464352906601e-19 0.242980179903246 0.9700312531945485
    outer loop
      vertex 128 -11.943425201077002 96.88994390887032
      vertex 134 -11.634043546552416 96.81244783868951
      vertex 128 -11.634043546552416 96.81244783868951
    endloop
  endfacet
  facet normal 2.2442371644446523e-19 0.14673047445536289 0.9891765099647808
    outer loop
      vertex 128 -11.634043546552416 96.81244783868951
      vertex 134 -11.318555706071072 96.76564963831537
      vertex 128 -11.318555706071072 96.76564963831537
    endloop
  endfacet
  facet normal -1.6095992520621027e-18 0.5956993044924471 0.8032075314806345
    outer loop
      vertex 128 -13.061778173531849 97.4877160265711
      vertex 134 -12.805603257313708 97.29772376001672
      vertex 128 -12.805603257313708 97.29772376001672
    endloop
  endfacet
  facet normal 1.2387600713738758e-18 0.5141027441932096 0.8577286100002794
    outer loop
      vertex 128 -12.805603257313708 97.29772376001672
      vertex 134 -12.532039394684492 97.13375589086785
      vertex 128 -12.532039394684492 97.13375589086785
    endloop
  endfacet
  facet normal 0 0.42755509343027137 0.9039892931234483
    outer loop
      vertex 128 -12.243721155186542 96.99739151933832
      vertex 128 -12.532039394684492 97.13375589086785
      vertex 134 -12.243721155186542 96.99739151933832
    endloop
  endfacet
  facet normal 5.660426996110129e-19 0.3368898533922285 0.9415440651830178
    outer loop
      vertex 128 -12.243721155186542 96.99739151933832
      vertex 134 -11.943425201077002 96.88994390887032
      vertex 128 -11.943425201077002 96.88994390887032
    endloop
  endfacet
  facet normal -2.2562511682567326e-19 0.049067674327438277 0.9987954562051714
    outer loop
      vertex 128 -11.318555706071072 96.76564963831537
      vertex 134 -11 96.75
      vertex 128 -11 96.75
    endloop
  endfacet
  facet normal 2.2562511682567326e-19 -0.049067674327438277 0.9987954562051714
    outer loop
      vertex 128 -11 96.75
      vertex 134 -10.681444293928928 96.76564963831537
      vertex 128 -10.681444293928928 96.76564963831537
    endloop
  endfacet
  facet normal -2.2442371644446523e-19 -0.14673047445536289 0.9891765099647808
    outer loop
      vertex 128 -10.681444293928928 96.76564963831537
      vertex 134 -10.365956453447584 96.81244783868951
      vertex 128 -10.365956453447584 96.81244783868951
    endloop
  endfacet
  facet normal -6.40464352906601e-19 -0.242980179903246 0.9700312531945485
    outer loop
      vertex 128 -10.365956453447584 96.81244783868951
      vertex 134 -10.056574798922998 96.88994390887032
      vertex 128 -10.056574798922998 96.88994390887032
    endloop
  endfacet
  facet normal -5.660426996110129e-19 -0.3368898533922285 0.9415440651830178
    outer loop
      vertex 128 -10.056574798922998 96.88994390887032
      vertex 134 -9.756278844813458 96.99739151933832
      vertex 128 -9.756278844813458 96.99739151933832
    endloop
  endfacet
  facet normal -6.385092194564506e-20 -0.42755509343027137 0.9039892931234483
    outer loop
      vertex 128 -9.756278844813458 96.99739151933832
      vertex 134 -9.467960605315508 97.13375589086785
      vertex 128 -9.467960605315508 97.13375589086785
    endloop
  endfacet
  facet normal -1.2387600713738758e-18 -0.5141027441932096 0.8577286100002794
    outer loop
      vertex 128 -9.467960605315508 97.13375589086785
      vertex 134 -9.194396742686292 97.29772376001672
      vertex 128 -9.194396742686292 97.29772376001672
    endloop
  endfacet
  facet normal 1.6095992520621027e-18 -0.5956993044924471 0.8032075314806345
    outer loop
      vertex 128 -9.194396742686292 97.29772376001672
      vertex 134 -8.938221826468151 97.4877160265711
      vertex 128 -8.938221826468151 97.4877160265711
    endloop
  endfacet
  facet normal 1.491726289144152e-18 -0.6715589548470076 0.7409511253549689
    outer loop
      vertex 128 -8.938221826468151 97.4877160265711
      vertex 134 -8.70190296114372 97.70190296114372
      vertex 128 -8.70190296114372 97.70190296114372
    endloop
  endfacet
  facet normal 0 -0.7409511253549655 0.6715589548470112
    outer loop
      vertex 128 -8.70190296114372 97.70190296114372
      vertex 134 -8.70190296114372 97.70190296114372
      vertex 128 -8.487716026571105 97.93822182646815
    endloop
  endfacet
  facet normal 0 -0.8032075314806473 0.5956993044924302
    outer loop
      vertex 128 -8.487716026571105 97.93822182646815
      vertex 134 -8.487716026571105 97.93822182646815
      vertex 128 -8.297723760016728 98.1943967426863
    endloop
  endfacet
  facet normal 0 -0.8577286100002736 0.5141027441932193
    outer loop
      vertex 128 -8.297723760016728 98.1943967426863
      vertex 134 -8.297723760016728 98.1943967426863
      vertex 128 -8.133755890867846 98.46796060531551
    endloop
  endfacet
  facet normal 0 -0.9039892931234462 0.4275550934302762
    outer loop
      vertex 128 -8.133755890867846 98.46796060531551
      vertex 134 -8.133755890867846 98.46796060531551
      vertex 128 -7.9973915193383185 98.75627884481347
    endloop
  endfacet
  facet normal 0 0.7409511253549655 0.6715589548470112
    outer loop
      vertex 128 -13.29809703885628 97.70190296114372
      vertex 134 -13.512283973428895 97.93822182646815
      vertex 134 -13.29809703885628 97.70190296114372
    endloop
  endfacet
  facet normal 0 0.6715589548470076 0.7409511253549689
    outer loop
      vertex 128 -13.29809703885628 97.70190296114372
      vertex 134 -13.29809703885628 97.70190296114372
      vertex 134 -13.061778173531849 97.4877160265711
    endloop
  endfacet
  facet normal 0 0.8577286100002736 0.5141027441932193
    outer loop
      vertex 128 -13.702276239983272 98.1943967426863
      vertex 134 -13.866244109132154 98.46796060531551
      vertex 134 -13.702276239983272 98.1943967426863
    endloop
  endfacet
  facet normal 0 0.9039892931234462 0.4275550934302762
    outer loop
      vertex 128 -13.866244109132154 98.46796060531551
      vertex 134 -14.002608480661682 98.75627884481347
      vertex 134 -13.866244109132154 98.46796060531551
    endloop
  endfacet
  facet normal 0 0.8032075314806473 0.5956993044924302
    outer loop
      vertex 128 -13.512283973428895 97.93822182646815
      vertex 134 -13.702276239983272 98.1943967426863
      vertex 134 -13.512283973428895 97.93822182646815
    endloop
  endfacet
  facet normal 0 0.242980179903246 0.9700312531945485
    outer loop
      vertex 128 -11.943425201077002 96.88994390887032
      vertex 134 -11.943425201077002 96.88994390887032
      vertex 134 -11.634043546552416 96.81244783868951
    endloop
  endfacet
  facet normal 0 0.14673047445536289 0.9891765099647808
    outer loop
      vertex 128 -11.634043546552416 96.81244783868951
      vertex 134 -11.634043546552416 96.81244783868951
      vertex 134 -11.318555706071072 96.76564963831537
    endloop
  endfacet
  facet normal 0 0.5141027441932096 0.8577286100002794
    outer loop
      vertex 128 -12.805603257313708 97.29772376001672
      vertex 134 -12.805603257313708 97.29772376001672
      vertex 134 -12.532039394684492 97.13375589086785
    endloop
  endfacet
  facet normal 0 0.5956993044924471 0.8032075314806345
    outer loop
      vertex 128 -13.061778173531849 97.4877160265711
      vertex 134 -13.061778173531849 97.4877160265711
      vertex 134 -12.805603257313708 97.29772376001672
    endloop
  endfacet
  facet normal 0 0.42755509343027137 0.9039892931234483
    outer loop
      vertex 128 -12.532039394684492 97.13375589086785
      vertex 134 -12.532039394684492 97.13375589086785
      vertex 134 -12.243721155186542 96.99739151933832
    endloop
  endfacet
  facet normal 0 0.3368898533922285 0.9415440651830178
    outer loop
      vertex 128 -12.243721155186542 96.99739151933832
      vertex 134 -12.243721155186542 96.99739151933832
      vertex 134 -11.943425201077002 96.88994390887032
    endloop
  endfacet
  facet normal 0 0.049067674327438277 0.9987954562051714
    outer loop
      vertex 128 -11.318555706071072 96.76564963831537
      vertex 134 -11.318555706071072 96.76564963831537
      vertex 134 -11 96.75
    endloop
  endfacet
  facet normal 0 -0.049067674327438277 0.9987954562051714
    outer loop
      vertex 128 -11 96.75
      vertex 134 -11 96.75
      vertex 134 -10.681444293928928 96.76564963831537
    endloop
  endfacet
  facet normal 0 -0.14673047445536289 0.9891765099647808
    outer loop
      vertex 128 -10.681444293928928 96.76564963831537
      vertex 134 -10.681444293928928 96.76564963831537
      vertex 134 -10.365956453447584 96.81244783868951
    endloop
  endfacet
  facet normal 0 -0.242980179903246 0.9700312531945485
    outer loop
      vertex 128 -10.365956453447584 96.81244783868951
      vertex 134 -10.365956453447584 96.81244783868951
      vertex 134 -10.056574798922998 96.88994390887032
    endloop
  endfacet
  facet normal 0 -0.3368898533922285 0.9415440651830178
    outer loop
      vertex 128 -10.056574798922998 96.88994390887032
      vertex 134 -10.056574798922998 96.88994390887032
      vertex 134 -9.756278844813458 96.99739151933832
    endloop
  endfacet
  facet normal 0 -0.42755509343027137 0.9039892931234483
    outer loop
      vertex 128 -9.756278844813458 96.99739151933832
      vertex 134 -9.756278844813458 96.99739151933832
      vertex 134 -9.467960605315508 97.13375589086785
    endloop
  endfacet
  facet normal 0 -0.5141027441932096 0.8577286100002794
    outer loop
      vertex 128 -9.467960605315508 97.13375589086785
      vertex 134 -9.467960605315508 97.13375589086785
      vertex 134 -9.194396742686292 97.29772376001672
    endloop
  endfacet
  facet normal 0 -0.5956993044924471 0.8032075314806345
    outer loop
      vertex 128 -9.194396742686292 97.29772376001672
      vertex 134 -9.194396742686292 97.29772376001672
      vertex 134 -8.938221826468151 97.4877160265711
    endloop
  endfacet
  facet normal 0 -0.6715589548470076 0.7409511253549689
    outer loop
      vertex 128 -8.938221826468151 97.4877160265711
      vertex 134 -8.938221826468151 97.4877160265711
      vertex 134 -8.70190296114372 97.70190296114372
    endloop
  endfacet
  facet normal 0 -0.7409511253549655 0.6715589548470112
    outer loop
      vertex 128 -8.487716026571105 97.93822182646815
      vertex 134 -8.70190296114372 97.70190296114372
      vertex 134 -8.487716026571105 97.93822182646815
    endloop
  endfacet
  facet normal 0 -0.8032075314806473 0.5956993044924302
    outer loop
      vertex 128 -8.297723760016728 98.1943967426863
      vertex 134 -8.487716026571105 97.93822182646815
      vertex 134 -8.297723760016728 98.1943967426863
    endloop
  endfacet
  facet normal 0 -0.8577286100002736 0.5141027441932193
    outer loop
      vertex 128 -8.133755890867846 98.46796060531551
      vertex 134 -8.297723760016728 98.1943967426863
      vertex 134 -8.133755890867846 98.46796060531551
    endloop
  endfacet
  facet normal 0 -0.9039892931234462 0.4275550934302762
    outer loop
      vertex 128 -7.9973915193383185 98.75627884481347
      vertex 134 -8.133755890867846 98.46796060531551
      vertex 134 -7.9973915193383185 98.75627884481347
    endloop
  endfacet
  facet normal 0 0.9415440651830175 0.33688985339222915
    outer loop
      vertex 134 -14.110056091129678 99.056574798923
      vertex 128 -14.002608480661682 98.75627884481347
      vertex 128 -14.110056091129678 99.056574798923
    endloop
  endfacet
  facet normal 0 0.9700312531945433 0.24298017990326695
    outer loop
      vertex 134 -14.1875521613105 99.36595645344758
      vertex 128 -14.110056091129678 99.056574798923
      vertex 128 -14.1875521613105 99.36595645344758
    endloop
  endfacet
  facet normal 0 0.9891765099647815 0.14673047445535883
    outer loop
      vertex 134 -14.23435036168464 99.68144429392893
      vertex 128 -14.1875521613105 99.36595645344758
      vertex 128 -14.23435036168464 99.68144429392893
    endloop
  endfacet
  facet normal 0 0.9987954562051725 0.04906767432741687
    outer loop
      vertex 134 -14.25 100
      vertex 128 -14.23435036168464 99.68144429392893
      vertex 128 -14.25 100
    endloop
  endfacet
  facet normal 0 0.9987954562051725 -0.04906767432741687
    outer loop
      vertex 134 -14.23435036168464 100.31855570607107
      vertex 128 -14.25 100
      vertex 128 -14.23435036168464 100.31855570607107
    endloop
  endfacet
  facet normal 0 0.9891765099647815 -0.14673047445535883
    outer loop
      vertex 134 -14.1875521613105 100.63404354655242
      vertex 128 -14.23435036168464 100.31855570607107
      vertex 128 -14.1875521613105 100.63404354655242
    endloop
  endfacet
  facet normal 0 0.903989293123493 0.4275550934301772
    outer loop
      vertex 134 -14.002608480661682 98.75627884481347
      vertex 128 -14 98.75076367583124
      vertex 128 -14.002608480661682 98.75627884481347
    endloop
  endfacet
  facet normal 4.549656425289147e-16 0.9700312531945412 -0.24298017990327525
    outer loop
      vertex 134 -14.110056091129678 100.943425201077
      vertex 128 -14.1875521613105 100.63404354655242
      vertex 128 -14.138386987277014 100.83032192366208
    endloop
  endfacet
  facet normal 0 0.9700312531945469 -0.24298017990325252
    outer loop
      vertex 128 -14.110056091129678 100.943425201077
      vertex 134 -14.110056091129678 100.943425201077
      vertex 128 -14.138386987277014 100.83032192366208
    endloop
  endfacet
  facet normal 1.915844570265877e-19 0.9415440651830175 -0.33688985339222915
    outer loop
      vertex 128 -14.110056091129678 100.943425201077
      vertex 128 -14.002608480661682 101.24372115518653
      vertex 134 -14.002608480661682 101.24372115518653
    endloop
  endfacet
  facet normal 1.5225212852503125e-18 0.9039892931234462 -0.4275550934302762
    outer loop
      vertex 128 -14.002608480661682 101.24372115518653
      vertex 128 -13.866244109132154 101.53203939468449
      vertex 134 -13.866244109132154 101.53203939468449
    endloop
  endfacet
  facet normal -9.74709681795412e-19 0.8577286100002736 -0.5141027441932193
    outer loop
      vertex 128 -13.866244109132154 101.53203939468449
      vertex 128 -13.702276239983272 101.8056032573137
      vertex 134 -13.702276239983272 101.8056032573137
    endloop
  endfacet
  facet normal -8.74565016156307e-19 0.8032075314806473 -0.5956993044924302
    outer loop
      vertex 128 -13.702276239983272 101.8056032573137
      vertex 128 -13.512283973428895 102.06177817353185
      vertex 134 -13.512283973428895 102.06177817353185
    endloop
  endfacet
  facet normal -1.5664621443380293e-18 0.7409511253549655 -0.6715589548470112
    outer loop
      vertex 128 -13.512283973428895 102.06177817353185
      vertex 128 -13.29809703885628 102.29809703885628
      vertex 134 -13.29809703885628 102.29809703885628
    endloop
  endfacet
  facet normal 0 0.6715589548470076 -0.7409511253549689
    outer loop
      vertex 128 -13.29809703885628 102.29809703885628
      vertex 128 -13.061778173531849 102.5122839734289
      vertex 134 -13.29809703885628 102.29809703885628
    endloop
  endfacet
  facet normal 0 0.5956993044924471 -0.8032075314806345
    outer loop
      vertex 128 -13.061778173531849 102.5122839734289
      vertex 128 -12.805603257313708 102.70227623998328
      vertex 134 -13.061778173531849 102.5122839734289
    endloop
  endfacet
  facet normal 0 0.5141027441932096 -0.8577286100002794
    outer loop
      vertex 128 -12.805603257313708 102.70227623998328
      vertex 128 -12.532039394684492 102.86624410913215
      vertex 134 -12.805603257313708 102.70227623998328
    endloop
  endfacet
  facet normal 0 0.42755509343027137 -0.9039892931234483
    outer loop
      vertex 128 -12.532039394684492 102.86624410913215
      vertex 128 -12.243721155186542 103.00260848066168
      vertex 134 -12.532039394684492 102.86624410913215
    endloop
  endfacet
  facet normal 0 0.3368898533922285 -0.9415440651830178
    outer loop
      vertex 128 -12.243721155186542 103.00260848066168
      vertex 128 -11.943425201077002 103.11005609112968
      vertex 134 -12.243721155186542 103.00260848066168
    endloop
  endfacet
  facet normal 0 0.242980179903246 -0.9700312531945485
    outer loop
      vertex 128 -11.943425201077002 103.11005609112968
      vertex 128 -11.634043546552416 103.18755216131049
      vertex 134 -11.943425201077002 103.11005609112968
    endloop
  endfacet
  facet normal 0 0.14673047445536289 -0.9891765099647808
    outer loop
      vertex 128 -11.634043546552416 103.18755216131049
      vertex 128 -11.318555706071072 103.23435036168463
      vertex 134 -11.634043546552416 103.18755216131049
    endloop
  endfacet
  facet normal 0 -0.9415440651830175 0.33688985339222915
    outer loop
      vertex 128 -7.9973915193383185 98.75627884481347
      vertex 134 -7.9973915193383185 98.75627884481347
      vertex 128 -7.889943908870322 99.056574798923
    endloop
  endfacet
  facet normal 0 -0.9700312531945433 0.24298017990326695
    outer loop
      vertex 128 -7.889943908870322 99.056574798923
      vertex 134 -7.889943908870322 99.056574798923
      vertex 128 -7.812447838689501 99.36595645344758
    endloop
  endfacet
  facet normal 0 -0.9891765099647815 0.14673047445535883
    outer loop
      vertex 128 -7.812447838689501 99.36595645344758
      vertex 134 -7.812447838689501 99.36595645344758
      vertex 128 -7.7656496383153595 99.68144429392893
    endloop
  endfacet
  facet normal 0 -0.9987954562051725 0.04906767432741687
    outer loop
      vertex 128 -7.7656496383153595 99.68144429392893
      vertex 134 -7.7656496383153595 99.68144429392893
      vertex 128 -7.75 100
    endloop
  endfacet
  facet normal 0 -0.9987954562051725 -0.04906767432741687
    outer loop
      vertex 128 -7.75 100
      vertex 134 -7.75 100
      vertex 128 -7.7656496383153595 100.31855570607107
    endloop
  endfacet
  facet normal 0 -0.9891765099647815 -0.14673047445535883
    outer loop
      vertex 128 -7.7656496383153595 100.31855570607107
      vertex 134 -7.7656496383153595 100.31855570607107
      vertex 128 -7.812447838689501 100.63404354655242
    endloop
  endfacet
  facet normal 0 -0.7409511253549655 -0.6715589548470112
    outer loop
      vertex 128 -8.487716026571105 102.06177817353185
      vertex 134 -8.487716026571105 102.06177817353185
      vertex 128 -8.70190296114372 102.29809703885628
    endloop
  endfacet
  facet normal 0 -0.9039892931234462 -0.4275550934302762
    outer loop
      vertex 128 -7.9973915193383185 101.24372115518653
      vertex 134 -7.9973915193383185 101.24372115518653
      vertex 128 -8.133755890867846 101.53203939468449
    endloop
  endfacet
  facet normal 0 -0.9700312531945433 -0.24298017990326695
    outer loop
      vertex 128 -7.812447838689501 100.63404354655242
      vertex 134 -7.812447838689501 100.63404354655242
      vertex 128 -7.889943908870322 100.943425201077
    endloop
  endfacet
  facet normal 0 -0.9415440651830175 -0.33688985339222915
    outer loop
      vertex 128 -7.889943908870322 100.943425201077
      vertex 134 -7.889943908870322 100.943425201077
      vertex 128 -7.9973915193383185 101.24372115518653
    endloop
  endfacet
  facet normal 8.74565016156307e-19 -0.8032075314806473 -0.5956993044924302
    outer loop
      vertex 128 -8.487716026571105 102.06177817353185
      vertex 128 -8.297723760016728 101.8056032573137
      vertex 134 -8.297723760016728 101.8056032573137
    endloop
  endfacet
  facet normal 0 -0.8577286100002736 -0.5141027441932193
    outer loop
      vertex 128 -8.133755890867846 101.53203939468449
      vertex 134 -8.133755890867846 101.53203939468449
      vertex 128 -8.297723760016728 101.8056032573137
    endloop
  endfacet
  facet normal 0 0.049067674327438277 -0.9987954562051714
    outer loop
      vertex 128 -11.318555706071072 103.23435036168463
      vertex 128 -11 103.25
      vertex 134 -11.318555706071072 103.23435036168463
    endloop
  endfacet
  facet normal 0 -0.049067674327438277 -0.9987954562051714
    outer loop
      vertex 128 -11 103.25
      vertex 128 -10.681444293928928 103.23435036168463
      vertex 134 -11 103.25
    endloop
  endfacet
  facet normal 0 -0.14673047445536289 -0.9891765099647808
    outer loop
      vertex 128 -10.681444293928928 103.23435036168463
      vertex 128 -10.365956453447584 103.18755216131049
      vertex 134 -10.681444293928928 103.23435036168463
    endloop
  endfacet
  facet normal 0 -0.242980179903246 -0.9700312531945485
    outer loop
      vertex 128 -10.365956453447584 103.18755216131049
      vertex 128 -10.056574798922998 103.11005609112968
      vertex 134 -10.365956453447584 103.18755216131049
    endloop
  endfacet
  facet normal 0 -0.3368898533922285 -0.9415440651830178
    outer loop
      vertex 128 -10.056574798922998 103.11005609112968
      vertex 128 -9.756278844813458 103.00260848066168
      vertex 134 -10.056574798922998 103.11005609112968
    endloop
  endfacet
  facet normal 1.2387600713738758e-18 -0.5141027441932096 -0.8577286100002794
    outer loop
      vertex 128 -9.194396742686292 102.70227623998328
      vertex 134 -9.467960605315508 102.86624410913215
      vertex 128 -9.467960605315508 102.86624410913215
    endloop
  endfacet
  facet normal 0 -0.42755509343027137 -0.9039892931234483
    outer loop
      vertex 128 -9.756278844813458 103.00260848066168
      vertex 128 -9.467960605315508 102.86624410913215
      vertex 134 -9.756278844813458 103.00260848066168
    endloop
  endfacet
  facet normal -1.6095992520621027e-18 -0.5956993044924471 -0.8032075314806345
    outer loop
      vertex 128 -8.938221826468151 102.5122839734289
      vertex 134 -9.194396742686292 102.70227623998328
      vertex 128 -9.194396742686292 102.70227623998328
    endloop
  endfacet
  facet normal 0 -0.6715589548470076 -0.7409511253549689
    outer loop
      vertex 128 -8.938221826468151 102.5122839734289
      vertex 128 -8.70190296114372 102.29809703885628
      vertex 134 -8.938221826468151 102.5122839734289
    endloop
  endfacet
  facet normal -4.720501181250604e-19 0.9700312531945433 0.24298017990326695
    outer loop
      vertex 134 -14.1875521613105 99.36595645344758
      vertex 134 -14.110056091129678 99.056574798923
      vertex 128 -14.110056091129678 99.056574798923
    endloop
  endfacet
  facet normal 0 0.9891765099647815 0.14673047445535883
    outer loop
      vertex 134 -14.1875521613105 99.36595645344758
      vertex 128 -14.1875521613105 99.36595645344758
      vertex 134 -14.23435036168464 99.68144429392893
    endloop
  endfacet
  facet normal 0 0.9987954562051725 0.04906767432741687
    outer loop
      vertex 134 -14.23435036168464 99.68144429392893
      vertex 128 -14.23435036168464 99.68144429392893
      vertex 134 -14.25 100
    endloop
  endfacet
  facet normal 0 0.9987954562051725 -0.04906767432741687
    outer loop
      vertex 134 -14.25 100
      vertex 128 -14.25 100
      vertex 134 -14.23435036168464 100.31855570607107
    endloop
  endfacet
  facet normal 0 0.9891765099647815 -0.14673047445535883
    outer loop
      vertex 134 -14.23435036168464 100.31855570607107
      vertex 128 -14.23435036168464 100.31855570607107
      vertex 134 -14.1875521613105 100.63404354655242
    endloop
  endfacet
  facet normal 0 0.9415440651830175 0.33688985339222915
    outer loop
      vertex 134 -14.002608480661682 98.75627884481347
      vertex 128 -14.002608480661682 98.75627884481347
      vertex 134 -14.110056091129678 99.056574798923
    endloop
  endfacet
  facet normal 0 0.9700312531945433 -0.24298017990326695
    outer loop
      vertex 134 -14.1875521613105 100.63404354655242
      vertex 128 -14.1875521613105 100.63404354655242
      vertex 134 -14.110056091129678 100.943425201077
    endloop
  endfacet
  facet normal 0 0.9415440651830175 -0.33688985339222915
    outer loop
      vertex 128 -14.110056091129678 100.943425201077
      vertex 134 -14.002608480661682 101.24372115518653
      vertex 134 -14.110056091129678 100.943425201077
    endloop
  endfacet
  facet normal 0 0.9039892931234462 -0.4275550934302762
    outer loop
      vertex 128 -14.002608480661682 101.24372115518653
      vertex 134 -13.866244109132154 101.53203939468449
      vertex 134 -14.002608480661682 101.24372115518653
    endloop
  endfacet
  facet normal 0 0.8577286100002736 -0.5141027441932193
    outer loop
      vertex 128 -13.866244109132154 101.53203939468449
      vertex 134 -13.702276239983272 101.8056032573137
      vertex 134 -13.866244109132154 101.53203939468449
    endloop
  endfacet
  facet normal 0 0.8032075314806473 -0.5956993044924302
    outer loop
      vertex 128 -13.702276239983272 101.8056032573137
      vertex 134 -13.512283973428895 102.06177817353185
      vertex 134 -13.702276239983272 101.8056032573137
    endloop
  endfacet
  facet normal 0 0.7409511253549655 -0.6715589548470112
    outer loop
      vertex 128 -13.512283973428895 102.06177817353185
      vertex 134 -13.29809703885628 102.29809703885628
      vertex 134 -13.512283973428895 102.06177817353185
    endloop
  endfacet
  facet normal -1 0 0
    outer loop
      vertex 134 -14.002608480661682 98.75627884481347
      vertex 134 -14.110056091129678 99.056574798923
      vertex 134 -14.110056091129678 100.943425201077
    endloop
  endfacet
  facet normal -1 0 0
    outer loop
      vertex 134 -14.1875521613105 99.36595645344758
      vertex 134 -14.23435036168464 99.68144429392893
      vertex 134 -14.23435036168464 100.31855570607107
    endloop
  endfacet
  facet normal -1 0 0
    outer loop
      vertex 134 -14.1875521613105 99.36595645344758
      vertex 134 -14.1875521613105 100.63404354655242
      vertex 134 -14.110056091129678 99.056574798923
    endloop
  endfacet
  facet normal -1 0 0
    outer loop
      vertex 134 -14.23435036168464 99.68144429392893
      vertex 134 -14.25 100
      vertex 134 -14.23435036168464 100.31855570607107
    endloop
  endfacet
  facet normal -1 0 0
    outer loop
      vertex 134 -14.1875521613105 99.36595645344758
      vertex 134 -14.23435036168464 100.31855570607107
      vertex 134 -14.1875521613105 100.63404354655242
    endloop
  endfacet
  facet normal -1 0 0
    outer loop
      vertex 134 -14.110056091129678 99.056574798923
      vertex 134 -14.1875521613105 100.63404354655242
      vertex 134 -14.110056091129678 100.943425201077
    endloop
  endfacet
  facet normal -1 0 0
    outer loop
      vertex 134 -13.866244109132154 98.46796060531551
      vertex 134 -14.002608480661682 98.75627884481347
      vertex 134 -14.002608480661682 101.24372115518653
    endloop
  endfacet
  facet normal -1 0 0
    outer loop
      vertex 134 -13.866244109132154 98.46796060531551
      vertex 134 -13.866244109132154 101.53203939468449
      vertex 134 -13.702276239983272 98.1943967426863
    endloop
  endfacet
  facet normal -1 0 0
    outer loop
      vertex 134 -13.512283973428895 97.93822182646815
      vertex 134 -13.702276239983272 98.1943967426863
      vertex 134 -13.702276239983272 101.8056032573137
    endloop
  endfacet
  facet normal -1 0 0
    outer loop
      vertex 134 -13.061778173531849 97.4877160265711
      vertex 134 -13.29809703885628 97.70190296114372
      vertex 134 -13.29809703885628 102.29809703885628
    endloop
  endfacet
  facet normal -1 0 0
    outer loop
      vertex 134 -13.29809703885628 97.70190296114372
      vertex 134 -13.512283973428895 97.93822182646815
      vertex 134 -13.512283973428895 102.06177817353185
    endloop
  endfacet
  facet normal -1 0 0
    outer loop
      vertex 134 -14.002608480661682 98.75627884481347
      vertex 134 -14.110056091129678 100.943425201077
      vertex 134 -14.002608480661682 101.24372115518653
    endloop
  endfacet
  facet normal -1 0 0
    outer loop
      vertex 134 -13.866244109132154 98.46796060531551
      vertex 134 -14.002608480661682 101.24372115518653
      vertex 134 -13.866244109132154 101.53203939468449
    endloop
  endfacet
  facet normal -1 0 0
    outer loop
      vertex 134 -13.702276239983272 98.1943967426863
      vertex 134 -13.866244109132154 101.53203939468449
      vertex 134 -13.702276239983272 101.8056032573137
    endloop
  endfacet
  facet normal -1 0 0
    outer loop
      vertex 134 -13.512283973428895 97.93822182646815
      vertex 134 -13.702276239983272 101.8056032573137
      vertex 134 -13.512283973428895 102.06177817353185
    endloop
  endfacet
  facet normal -1 0 0
    outer loop
      vertex 134 -13.29809703885628 97.70190296114372
      vertex 134 -13.512283973428895 102.06177817353185
      vertex 134 -13.29809703885628 102.29809703885628
    endloop
  endfacet
  facet normal -1 0 0
    outer loop
      vertex 134 -13.061778173531849 97.4877160265711
      vertex 134 -13.29809703885628 102.29809703885628
      vertex 134 -13.061778173531849 102.5122839734289
    endloop
  endfacet
  facet normal -1 0 0
    outer loop
      vertex 134 -13.061778173531849 97.4877160265711
      vertex 134 -13.061778173531849 102.5122839734289
      vertex 134 -12.805603257313708 97.29772376001672
    endloop
  endfacet
  facet normal -1 0 0
    outer loop
      vertex 134 -12.805603257313708 97.29772376001672
      vertex 134 -12.805603257313708 102.70227623998328
      vertex 134 -12.532039394684492 97.13375589086785
    endloop
  endfacet
  facet normal -1 0 0
    outer loop
      vertex 134 -12.243721155186542 96.99739151933832
      vertex 134 -12.532039394684492 97.13375589086785
      vertex 134 -12.532039394684492 102.86624410913215
    endloop
  endfacet
  facet normal -1 0 0
    outer loop
      vertex 134 -12.243721155186542 96.99739151933832
      vertex 134 -12.243721155186542 103.00260848066168
      vertex 134 -11.943425201077002 96.88994390887032
    endloop
  endfacet
  facet normal -1 0 0
    outer loop
      vertex 134 -11.943425201077002 96.88994390887032
      vertex 134 -11.943425201077002 103.11005609112968
      vertex 134 -11.634043546552416 96.81244783868951
    endloop
  endfacet
  facet normal -1 0 0
    outer loop
      vertex 134 -11.634043546552416 96.81244783868951
      vertex 134 -11.634043546552416 103.18755216131049
      vertex 134 -11.318555706071072 96.76564963831537
    endloop
  endfacet
  facet normal -1 0 0
    outer loop
      vertex 134 -12.805603257313708 97.29772376001672
      vertex 134 -13.061778173531849 102.5122839734289
      vertex 134 -12.805603257313708 102.70227623998328
    endloop
  endfacet
  facet normal -1 0 0
    outer loop
      vertex 134 -12.532039394684492 97.13375589086785
      vertex 134 -12.805603257313708 102.70227623998328
      vertex 134 -12.532039394684492 102.86624410913215
    endloop
  endfacet
  facet normal -1 0 0
    outer loop
      vertex 134 -12.243721155186542 96.99739151933832
      vertex 134 -12.532039394684492 102.86624410913215
      vertex 134 -12.243721155186542 103.00260848066168
    endloop
  endfacet
  facet normal -1 0 0
    outer loop
      vertex 134 -11.943425201077002 96.88994390887032
      vertex 134 -12.243721155186542 103.00260848066168
      vertex 134 -11.943425201077002 103.11005609112968
    endloop
  endfacet
  facet normal -1 0 0
    outer loop
      vertex 134 -11.634043546552416 96.81244783868951
      vertex 134 -11.943425201077002 103.11005609112968
      vertex 134 -11.634043546552416 103.18755216131049
    endloop
  endfacet
  facet normal -1 0 0
    outer loop
      vertex 134 -11.318555706071072 96.76564963831537
      vertex 134 -11.634043546552416 103.18755216131049
      vertex 134 -11.318555706071072 103.23435036168463
    endloop
  endfacet
  facet normal 0 0.6715589548470076 -0.7409511253549689
    outer loop
      vertex 128 -13.061778173531849 102.5122839734289
      vertex 134 -13.061778173531849 102.5122839734289
      vertex 134 -13.29809703885628 102.29809703885628
    endloop
  endfacet
  facet normal 0 0.5956993044924471 -0.8032075314806345
    outer loop
      vertex 128 -12.805603257313708 102.70227623998328
      vertex 134 -12.805603257313708 102.70227623998328
      vertex 134 -13.061778173531849 102.5122839734289
    endloop
  endfacet
  facet normal 0 0.5141027441932096 -0.8577286100002794
    outer loop
      vertex 128 -12.532039394684492 102.86624410913215
      vertex 134 -12.532039394684492 102.86624410913215
      vertex 134 -12.805603257313708 102.70227623998328
    endloop
  endfacet
  facet normal 0 0.42755509343027137 -0.9039892931234483
    outer loop
      vertex 128 -12.243721155186542 103.00260848066168
      vertex 134 -12.243721155186542 103.00260848066168
      vertex 134 -12.532039394684492 102.86624410913215
    endloop
  endfacet
  facet normal 0 0.3368898533922285 -0.9415440651830178
    outer loop
      vertex 128 -11.943425201077002 103.11005609112968
      vertex 134 -11.943425201077002 103.11005609112968
      vertex 134 -12.243721155186542 103.00260848066168
    endloop
  endfacet
  facet normal 0 0.242980179903246 -0.9700312531945485
    outer loop
      vertex 128 -11.634043546552416 103.18755216131049
      vertex 134 -11.634043546552416 103.18755216131049
      vertex 134 -11.943425201077002 103.11005609112968
    endloop
  endfacet
  facet normal 0 0.14673047445536289 -0.9891765099647808
    outer loop
      vertex 128 -11.318555706071072 103.23435036168463
      vertex 134 -11.318555706071072 103.23435036168463
      vertex 134 -11.634043546552416 103.18755216131049
    endloop
  endfacet
  facet normal 0 -0.9415440651830175 0.33688985339222915
    outer loop
      vertex 128 -7.889943908870322 99.056574798923
      vertex 134 -7.9973915193383185 98.75627884481347
      vertex 134 -7.889943908870322 99.056574798923
    endloop
  endfacet
  facet normal 0 -0.9700312531945433 0.24298017990326695
    outer loop
      vertex 128 -7.812447838689501 99.36595645344758
      vertex 134 -7.889943908870322 99.056574798923
      vertex 134 -7.812447838689501 99.36595645344758
    endloop
  endfacet
  facet normal 0 -0.9891765099647815 0.14673047445535883
    outer loop
      vertex 128 -7.7656496383153595 99.68144429392893
      vertex 134 -7.812447838689501 99.36595645344758
      vertex 134 -7.7656496383153595 99.68144429392893
    endloop
  endfacet
  facet normal 0 -0.9987954562051725 0.04906767432741687
    outer loop
      vertex 128 -7.75 100
      vertex 134 -7.7656496383153595 99.68144429392893
      vertex 134 -7.75 100
    endloop
  endfacet
  facet normal 0 -0.9987954562051725 -0.04906767432741687
    outer loop
      vertex 128 -7.7656496383153595 100.31855570607107
      vertex 134 -7.75 100
      vertex 134 -7.7656496383153595 100.31855570607107
    endloop
  endfacet
  facet normal 0 -0.9891765099647815 -0.14673047445535883
    outer loop
      vertex 128 -7.812447838689501 100.63404354655242
      vertex 134 -7.7656496383153595 100.31855570607107
      vertex 134 -7.812447838689501 100.63404354655242
    endloop
  endfacet
  facet normal 0 -0.6715589548470076 -0.7409511253549689
    outer loop
      vertex 128 -8.70190296114372 102.29809703885628
      vertex 134 -8.70190296114372 102.29809703885628
      vertex 134 -8.938221826468151 102.5122839734289
    endloop
  endfacet
  facet normal 0 -0.7409511253549655 -0.6715589548470112
    outer loop
      vertex 128 -8.70190296114372 102.29809703885628
      vertex 134 -8.487716026571105 102.06177817353185
      vertex 134 -8.70190296114372 102.29809703885628
    endloop
  endfacet
  facet normal 0 -0.9039892931234462 -0.4275550934302762
    outer loop
      vertex 128 -8.133755890867846 101.53203939468449
      vertex 134 -7.9973915193383185 101.24372115518653
      vertex 134 -8.133755890867846 101.53203939468449
    endloop
  endfacet
  facet normal 0 -0.9700312531945433 -0.24298017990326695
    outer loop
      vertex 128 -7.889943908870322 100.943425201077
      vertex 134 -7.812447838689501 100.63404354655242
      vertex 134 -7.889943908870322 100.943425201077
    endloop
  endfacet
  facet normal 0 -0.9415440651830175 -0.33688985339222915
    outer loop
      vertex 128 -7.9973915193383185 101.24372115518653
      vertex 134 -7.889943908870322 100.943425201077
      vertex 134 -7.9973915193383185 101.24372115518653
    endloop
  endfacet
  facet normal 0 -0.8577286100002736 -0.5141027441932193
    outer loop
      vertex 128 -8.297723760016728 101.8056032573137
      vertex 134 -8.133755890867846 101.53203939468449
      vertex 134 -8.297723760016728 101.8056032573137
    endloop
  endfacet
  facet normal 0 -0.8032075314806473 -0.5956993044924302
    outer loop
      vertex 128 -8.487716026571105 102.06177817353185
      vertex 134 -8.297723760016728 101.8056032573137
      vertex 134 -8.487716026571105 102.06177817353185
    endloop
  endfacet
  facet normal -1 0 0
    outer loop
      vertex 134 -11.318555706071072 96.76564963831537
      vertex 134 -11.318555706071072 103.23435036168463
      vertex 134 -11 96.75
    endloop
  endfacet
  facet normal -1 0 0
    outer loop
      vertex 134 -11 96.75
      vertex 134 -11 103.25
      vertex 134 -10.681444293928928 96.76564963831537
    endloop
  endfacet
  facet normal -1 0 0
    outer loop
      vertex 134 -10.681444293928928 96.76564963831537
      vertex 134 -10.681444293928928 103.23435036168463
      vertex 134 -10.365956453447584 96.81244783868951
    endloop
  endfacet
  facet normal -1 0 0
    outer loop
      vertex 134 -10.365956453447584 96.81244783868951
      vertex 134 -10.365956453447584 103.18755216131049
      vertex 134 -10.056574798922998 96.88994390887032
    endloop
  endfacet
  facet normal -1 0 0
    outer loop
      vertex 134 -10.056574798922998 96.88994390887032
      vertex 134 -10.056574798922998 103.11005609112968
      vertex 134 -9.756278844813458 96.99739151933832
    endloop
  endfacet
  facet normal -1 0 0
    outer loop
      vertex 134 -9.756278844813458 96.99739151933832
      vertex 134 -9.756278844813458 103.00260848066168
      vertex 134 -9.467960605315508 97.13375589086785
    endloop
  endfacet
  facet normal -1 0 0
    outer loop
      vertex 134 -9.467960605315508 97.13375589086785
      vertex 134 -9.467960605315508 102.86624410913215
      vertex 134 -9.194396742686292 97.29772376001672
    endloop
  endfacet
  facet normal -1 0 0
    outer loop
      vertex 134 -11 96.75
      vertex 134 -11.318555706071072 103.23435036168463
      vertex 134 -11 103.25
    endloop
  endfacet
  facet normal -1 0 0
    outer loop
      vertex 134 -10.681444293928928 96.76564963831537
      vertex 134 -11 103.25
      vertex 134 -10.681444293928928 103.23435036168463
    endloop
  endfacet
  facet normal -1 0 0
    outer loop
      vertex 134 -10.365956453447584 96.81244783868951
      vertex 134 -10.681444293928928 103.23435036168463
      vertex 134 -10.365956453447584 103.18755216131049
    endloop
  endfacet
  facet normal -1 0 0
    outer loop
      vertex 134 -9.756278844813458 96.99739151933832
      vertex 134 -10.056574798922998 103.11005609112968
      vertex 134 -9.756278844813458 103.00260848066168
    endloop
  endfacet
  facet normal -1 0 0
    outer loop
      vertex 134 -10.056574798922998 96.88994390887032
      vertex 134 -10.365956453447584 103.18755216131049
      vertex 134 -10.056574798922998 103.11005609112968
    endloop
  endfacet
  facet normal -1 0 0
    outer loop
      vertex 134 -9.467960605315508 97.13375589086785
      vertex 134 -9.756278844813458 103.00260848066168
      vertex 134 -9.467960605315508 102.86624410913215
    endloop
  endfacet
  facet normal -1 0 0
    outer loop
      vertex 134 -9.194396742686292 97.29772376001672
      vertex 134 -9.194396742686292 102.70227623998328
      vertex 134 -8.938221826468151 97.4877160265711
    endloop
  endfacet
  facet normal -1 0 0
    outer loop
      vertex 134 -8.938221826468151 97.4877160265711
      vertex 134 -8.938221826468151 102.5122839734289
      vertex 134 -8.70190296114372 97.70190296114372
    endloop
  endfacet
  facet normal -1 0 0
    outer loop
      vertex 134 -8.70190296114372 97.70190296114372
      vertex 134 -8.70190296114372 102.29809703885628
      vertex 134 -8.487716026571105 97.93822182646815
    endloop
  endfacet
  facet normal -1 0 0
    outer loop
      vertex 134 -8.487716026571105 97.93822182646815
      vertex 134 -8.487716026571105 102.06177817353185
      vertex 134 -8.297723760016728 98.1943967426863
    endloop
  endfacet
  facet normal -1 0 0
    outer loop
      vertex 134 -8.297723760016728 98.1943967426863
      vertex 134 -8.297723760016728 101.8056032573137
      vertex 134 -8.133755890867846 98.46796060531551
    endloop
  endfacet
  facet normal -1 0 0
    outer loop
      vertex 134 -8.133755890867846 98.46796060531551
      vertex 134 -8.133755890867846 101.53203939468449
      vertex 134 -7.9973915193383185 98.75627884481347
    endloop
  endfacet
  facet normal -1 0 0
    outer loop
      vertex 134 -7.9973915193383185 98.75627884481347
      vertex 134 -8.133755890867846 101.53203939468449
      vertex 134 -7.9973915193383185 101.24372115518653
    endloop
  endfacet
  facet normal -1 0 0
    outer loop
      vertex 134 -7.9973915193383185 98.75627884481347
      vertex 134 -7.9973915193383185 101.24372115518653
      vertex 134 -7.889943908870322 99.056574798923
    endloop
  endfacet
  facet normal -1 0 0
    outer loop
      vertex 134 -7.889943908870322 99.056574798923
      vertex 134 -7.889943908870322 100.943425201077
      vertex 134 -7.812447838689501 99.36595645344758
    endloop
  endfacet
  facet normal -1 0 0
    outer loop
      vertex 134 -7.812447838689501 99.36595645344758
      vertex 134 -7.812447838689501 100.63404354655242
      vertex 134 -7.7656496383153595 99.68144429392893
    endloop
  endfacet
  facet normal -1 0 0
    outer loop
      vertex 134 -7.7656496383153595 99.68144429392893
      vertex 134 -7.7656496383153595 100.31855570607107
      vertex 134 -7.75 100
    endloop
  endfacet
  facet normal -1 0 0
    outer loop
      vertex 134 -7.7656496383153595 99.68144429392893
      vertex 134 -7.812447838689501 100.63404354655242
      vertex 134 -7.7656496383153595 100.31855570607107
    endloop
  endfacet
  facet normal -1 0 0
    outer loop
      vertex 134 -7.812447838689501 99.36595645344758
      vertex 134 -7.889943908870322 100.943425201077
      vertex 134 -7.812447838689501 100.63404354655242
    endloop
  endfacet
  facet normal -1 0 0
    outer loop
      vertex 134 -7.889943908870322 99.056574798923
      vertex 134 -7.9973915193383185 101.24372115518653
      vertex 134 -7.889943908870322 100.943425201077
    endloop
  endfacet
  facet normal -1 0 0
    outer loop
      vertex 134 -9.194396742686292 97.29772376001672
      vertex 134 -9.467960605315508 102.86624410913215
      vertex 134 -9.194396742686292 102.70227623998328
    endloop
  endfacet
  facet normal -1 0 0
    outer loop
      vertex 134 -8.938221826468151 97.4877160265711
      vertex 134 -9.194396742686292 102.70227623998328
      vertex 134 -8.938221826468151 102.5122839734289
    endloop
  endfacet
  facet normal -1 0 0
    outer loop
      vertex 134 -8.70190296114372 97.70190296114372
      vertex 134 -8.938221826468151 102.5122839734289
      vertex 134 -8.70190296114372 102.29809703885628
    endloop
  endfacet
  facet normal -1 0 0
    outer loop
      vertex 134 -8.487716026571105 97.93822182646815
      vertex 134 -8.70190296114372 102.29809703885628
      vertex 134 -8.487716026571105 102.06177817353185
    endloop
  endfacet
  facet normal -1 0 0
    outer loop
      vertex 134 -8.297723760016728 98.1943967426863
      vertex 134 -8.487716026571105 102.06177817353185
      vertex 134 -8.297723760016728 101.8056032573137
    endloop
  endfacet
  facet normal -1 0 0
    outer loop
      vertex 134 -8.133755890867846 98.46796060531551
      vertex 134 -8.297723760016728 101.8056032573137
      vertex 134 -8.133755890867846 101.53203939468449
    endloop
  endfacet
  facet normal 0 0.049067674327438277 -0.9987954562051714
    outer loop
      vertex 128 -11 103.25
      vertex 134 -11 103.25
      vertex 134 -11.318555706071072 103.23435036168463
    endloop
  endfacet
  facet normal 0 -0.049067674327438277 -0.9987954562051714
    outer loop
      vertex 128 -10.681444293928928 103.23435036168463
      vertex 134 -10.681444293928928 103.23435036168463
      vertex 134 -11 103.25
    endloop
  endfacet
  facet normal 0 -0.14673047445536289 -0.9891765099647808
    outer loop
      vertex 128 -10.365956453447584 103.18755216131049
      vertex 134 -10.365956453447584 103.18755216131049
      vertex 134 -10.681444293928928 103.23435036168463
    endloop
  endfacet
  facet normal 0 -0.242980179903246 -0.9700312531945485
    outer loop
      vertex 128 -10.056574798922998 103.11005609112968
      vertex 134 -10.056574798922998 103.11005609112968
      vertex 134 -10.365956453447584 103.18755216131049
    endloop
  endfacet
  facet normal 0 -0.3368898533922285 -0.9415440651830178
    outer loop
      vertex 128 -9.756278844813458 103.00260848066168
      vertex 134 -9.756278844813458 103.00260848066168
      vertex 134 -10.056574798922998 103.11005609112968
    endloop
  endfacet
  facet normal 0 -0.42755509343027137 -0.9039892931234483
    outer loop
      vertex 128 -9.467960605315508 102.86624410913215
      vertex 134 -9.467960605315508 102.86624410913215
      vertex 134 -9.756278844813458 103.00260848066168
    endloop
  endfacet
  facet normal 0 -0.5141027441932096 -0.8577286100002794
    outer loop
      vertex 128 -9.194396742686292 102.70227623998328
      vertex 134 -9.194396742686292 102.70227623998328
      vertex 134 -9.467960605315508 102.86624410913215
    endloop
  endfacet
  facet normal 0 -0.5956993044924471 -0.8032075314806345
    outer loop
      vertex 128 -8.938221826468151 102.5122839734289
      vertex 134 -8.938221826468151 102.5122839734289
      vertex 134 -9.194396742686292 102.70227623998328
    endloop
  endfacet
  facet normal 0 0.5956993044924567 0.8032075314806276
    outer loop
      vertex 127 9.921531416921802 98.68588222928335
      vertex 121 10.055530603866677 98.58650165908567
      vertex 121 9.921531416921802 98.68588222928335
    endloop
  endfacet
  facet normal 0 0.42755509343029674 0.9039892931234365
    outer loop
      vertex 127 10.198625547395803 98.5007338506078
      vertex 121 10.349438164979347 98.42940479473081
      vertex 121 10.198625547395803 98.5007338506078
    endloop
  endfacet
  facet normal 0 0.5141027441931887 0.8577286100002919
    outer loop
      vertex 127 10.055530603866677 98.58650165908567
      vertex 121 10.198625547395803 98.5007338506078
      vertex 121 10.055530603866677 98.58650165908567
    endloop
  endfacet
  facet normal 0 0.3368898533922203 0.9415440651830208
    outer loop
      vertex 127 10.349438164979347 98.42940479473081
      vertex 121 10.506516048667415 98.37320142925525
      vertex 121 10.349438164979347 98.42940479473081
    endloop
  endfacet
  facet normal 0 0.24298017990329385 0.9700312531945365
    outer loop
      vertex 127 10.506516048667415 98.37320142925525
      vertex 121 10.668346452572582 98.3326650233145
      vertex 121 10.506516048667415 98.37320142925525
    endloop
  endfacet
  facet normal 0 0.14673047445531526 0.989176509964788
    outer loop
      vertex 127 10.668346452572582 98.3326650233145
      vertex 121 10.833370861439747 98.30818596465727
      vertex 121 10.668346452572582 98.3326650233145
    endloop
  endfacet
  facet normal 0 0.049067674327460356 0.9987954562051703
    outer loop
      vertex 127 10.833370861439747 98.30818596465727
      vertex 121 11 98.3
      vertex 121 10.833370861439747 98.30818596465727
    endloop
  endfacet
  facet normal 0 -0.049067674327460356 0.9987954562051703
    outer loop
      vertex 127 11 98.3
      vertex 121 11.166629138560253 98.30818596465727
      vertex 121 11 98.3
    endloop
  endfacet
  facet normal 0 -0.14673047445531526 0.989176509964788
    outer loop
      vertex 127 11.166629138560253 98.30818596465727
      vertex 121 11.331653547427418 98.3326650233145
      vertex 121 11.166629138560253 98.30818596465727
    endloop
  endfacet
  facet normal 0 -0.24298017990329385 0.9700312531945365
    outer loop
      vertex 127 11.331653547427418 98.3326650233145
      vertex 121 11.493483951332585 98.37320142925525
      vertex 121 11.331653547427418 98.3326650233145
    endloop
  endfacet
  facet normal 0 -0.3368898533922203 0.9415440651830208
    outer loop
      vertex 127 11.493483951332585 98.37320142925525
      vertex 121 11.650561835020653 98.42940479473081
      vertex 121 11.493483951332585 98.37320142925525
    endloop
  endfacet
  facet normal 0 -0.42755509343029674 0.9039892931234365
    outer loop
      vertex 127 11.650561835020653 98.42940479473081
      vertex 121 11.801374452604197 98.5007338506078
      vertex 121 11.650561835020653 98.42940479473081
    endloop
  endfacet
  facet normal 0 -0.5141027441931887 0.8577286100002919
    outer loop
      vertex 127 11.801374452604197 98.5007338506078
      vertex 121 11.944469396133323 98.58650165908567
      vertex 121 11.801374452604197 98.5007338506078
    endloop
  endfacet
  facet normal 0 -0.5956993044924567 0.8032075314806276
    outer loop
      vertex 127 11.944469396133323 98.58650165908567
      vertex 121 12.078468583078198 98.68588222928335
      vertex 121 11.944469396133323 98.58650165908567
    endloop
  endfacet
  facet normal 0 -0.6715589548470066 0.7409511253549698
    outer loop
      vertex 127 12.078468583078198 98.68588222928335
      vertex 121 12.20208152801713 98.79791847198287
      vertex 121 12.078468583078198 98.68588222928335
    endloop
  endfacet
  facet normal 0 0.6715589548470066 0.7409511253549698
    outer loop
      vertex 127 9.921531416921802 98.68588222928335
      vertex 121 9.921531416921802 98.68588222928335
      vertex 127 9.79791847198287 98.79791847198287
    endloop
  endfacet
  facet normal 1.0725799473802075e-19 0.5956993044924567 0.8032075314806276
    outer loop
      vertex 127 9.921531416921802 98.68588222928335
      vertex 127 10.055530603866677 98.58650165908567
      vertex 121 10.055530603866677 98.58650165908567
    endloop
  endfacet
  facet normal 0 0.42755509343029674 0.9039892931234365
    outer loop
      vertex 127 10.349438164979347 98.42940479473081
      vertex 121 10.349438164979347 98.42940479473081
      vertex 127 10.198625547395803 98.5007338506078
    endloop
  endfacet
  facet normal 5.990312888679947e-19 0.5141027441931887 0.8577286100002919
    outer loop
      vertex 127 10.055530603866677 98.58650165908567
      vertex 127 10.198625547395803 98.5007338506078
      vertex 121 10.198625547395803 98.5007338506078
    endloop
  endfacet
  facet normal -3.5016600281931016e-19 0.3368898533922203 0.9415440651830208
    outer loop
      vertex 127 10.349438164979347 98.42940479473081
      vertex 127 10.506516048667415 98.37320142925525
      vertex 121 10.506516048667415 98.37320142925525
    endloop
  endfacet
  facet normal 1.809681188241003e-19 0.24298017990329385 0.9700312531945365
    outer loop
      vertex 127 10.506516048667415 98.37320142925525
      vertex 127 10.668346452572582 98.3326650233145
      vertex 121 10.668346452572582 98.3326650233145
    endloop
  endfacet
  facet normal -4.2663987300337325e-19 0.14673047445531526 0.989176509964788
    outer loop
      vertex 127 10.668346452572582 98.3326650233145
      vertex 127 10.833370861439747 98.30818596465727
      vertex 121 10.833370861439747 98.30818596465727
    endloop
  endfacet
  facet normal -5.636401316532284e-20 0.049067674327460356 0.9987954562051703
    outer loop
      vertex 127 10.833370861439747 98.30818596465727
      vertex 127 11 98.3
      vertex 121 11 98.3
    endloop
  endfacet
  facet normal 5.636401316532284e-20 -0.049067674327460356 0.9987954562051703
    outer loop
      vertex 127 11 98.3
      vertex 127 11.166629138560253 98.30818596465727
      vertex 121 11.166629138560253 98.30818596465727
    endloop
  endfacet
  facet normal 4.2663987300337325e-19 -0.14673047445531526 0.989176509964788
    outer loop
      vertex 127 11.166629138560253 98.30818596465727
      vertex 127 11.331653547427418 98.3326650233145
      vertex 121 11.331653547427418 98.3326650233145
    endloop
  endfacet
  facet normal -1.809681188241003e-19 -0.24298017990329385 0.9700312531945365
    outer loop
      vertex 127 11.331653547427418 98.3326650233145
      vertex 127 11.493483951332585 98.37320142925525
      vertex 121 11.493483951332585 98.37320142925525
    endloop
  endfacet
  facet normal 3.5016600281931016e-19 -0.3368898533922203 0.9415440651830208
    outer loop
      vertex 127 11.493483951332585 98.37320142925525
      vertex 127 11.650561835020653 98.42940479473081
      vertex 121 11.650561835020653 98.42940479473081
    endloop
  endfacet
  facet normal -7.266765227591882e-19 -0.42755509343029674 0.9039892931234365
    outer loop
      vertex 127 11.650561835020653 98.42940479473081
      vertex 127 11.801374452604197 98.5007338506078
      vertex 121 11.801374452604197 98.5007338506078
    endloop
  endfacet
  facet normal -5.990312888679947e-19 -0.5141027441931887 0.8577286100002919
    outer loop
      vertex 127 11.801374452604197 98.5007338506078
      vertex 127 11.944469396133323 98.58650165908567
      vertex 121 11.944469396133323 98.58650165908567
    endloop
  endfacet
  facet normal -1.0725799473802075e-19 -0.5956993044924567 0.8032075314806276
    outer loop
      vertex 127 11.944469396133323 98.58650165908567
      vertex 127 12.078468583078198 98.68588222928335
      vertex 121 12.078468583078198 98.68588222928335
    endloop
  endfacet
  facet normal 0 0.9700312531945454 0.24298017990325876
    outer loop
      vertex 127 9.332665023314508 99.66834645257258
      vertex 121 9.373201429255245 99.50651604866741
      vertex 121 9.332665023314508 99.66834645257258
    endloop
  endfacet
  facet normal 0 0.9891765099647821 0.1467304744553538
    outer loop
      vertex 127 9.308185964657266 99.83337086143975
      vertex 121 9.332665023314508 99.66834645257258
      vertex 121 9.308185964657266 99.83337086143975
    endloop
  endfacet
  facet normal 0 0.9987954562051725 0.049067674327417876
    outer loop
      vertex 127 9.3 100
      vertex 121 9.308185964657266 99.83337086143975
      vertex 121 9.3 100
    endloop
  endfacet
  facet normal 0 0.9987954562051725 -0.049067674327417876
    outer loop
      vertex 127 9.308185964657266 100.16662913856025
      vertex 121 9.3 100
      vertex 121 9.308185964657266 100.16662913856025
    endloop
  endfacet
  facet normal 0 0.9891765099647821 -0.1467304744553538
    outer loop
      vertex 127 9.332665023314508 100.33165354742742
      vertex 121 9.308185964657266 100.16662913856025
      vertex 121 9.332665023314508 100.33165354742742
    endloop
  endfacet
  facet normal 0 0.9700312531945454 -0.24298017990325876
    outer loop
      vertex 127 9.373201429255245 100.49348395133259
      vertex 121 9.332665023314508 100.33165354742742
      vertex 121 9.373201429255245 100.49348395133259
    endloop
  endfacet
  facet normal 0 0.8577286100002824 0.5141027441932045
    outer loop
      vertex 127 9.500733850607796 99.1986255473958
      vertex 121 9.586501659085673 99.05553060386667
      vertex 121 9.500733850607796 99.1986255473958
    endloop
  endfacet
  facet normal 0 0.740951125354978 0.6715589548469977
    outer loop
      vertex 127 9.685882229283347 98.92153141692181
      vertex 121 9.79791847198287 98.79791847198287
      vertex 121 9.685882229283347 98.92153141692181
    endloop
  endfacet
  facet normal 0 0.6715589548470066 0.7409511253549698
    outer loop
      vertex 127 9.79791847198287 98.79791847198287
      vertex 121 9.921531416921802 98.68588222928335
      vertex 121 9.79791847198287 98.79791847198287
    endloop
  endfacet
  facet normal 0 0.8032075314806215 0.5956993044924649
    outer loop
      vertex 127 9.586501659085673 99.05553060386667
      vertex 121 9.685882229283347 98.92153141692181
      vertex 121 9.586501659085673 99.05553060386667
    endloop
  endfacet
  facet normal 0 0.9039892931234407 0.4275550934302875
    outer loop
      vertex 127 9.429404794730813 99.34943816497935
      vertex 121 9.500733850607796 99.1986255473958
      vertex 121 9.429404794730813 99.34943816497935
    endloop
  endfacet
  facet normal 0 0.9415440651830158 0.33688985339223376
    outer loop
      vertex 127 9.373201429255245 99.50651604866741
      vertex 121 9.429404794730813 99.34943816497935
      vertex 121 9.373201429255245 99.50651604866741
    endloop
  endfacet
  facet normal 0 0.9415440651830158 -0.33688985339223376
    outer loop
      vertex 127 9.429404794730813 100.65056183502065
      vertex 121 9.373201429255245 100.49348395133259
      vertex 121 9.429404794730813 100.65056183502065
    endloop
  endfacet
  facet normal 0 0.9039892931234407 -0.4275550934302875
    outer loop
      vertex 127 9.500733850607796 100.8013744526042
      vertex 121 9.429404794730813 100.65056183502065
      vertex 121 9.500733850607796 100.8013744526042
    endloop
  endfacet
  facet normal 2.570972567279506e-16 0.8577286100002777 -0.5141027441932123
    outer loop
      vertex 121 9.573863365522564 100.9233836771927
      vertex 127 9.586501659085673 100.94446939613333
      vertex 121 9.500733850607796 100.8013744526042
    endloop
  endfacet
  facet normal 0 0.85772861000031 -0.5141027441931585
    outer loop
      vertex 127 9.586501659085673 100.94446939613333
      vertex 121 9.573863365522564 100.9233836771927
      vertex 121 9.586501659085673 100.94446939613333
    endloop
  endfacet
  facet normal 0 0.8032075314806215 -0.5956993044924649
    outer loop
      vertex 127 9.685882229283347 101.07846858307819
      vertex 121 9.586501659085673 100.94446939613333
      vertex 121 9.685882229283347 101.07846858307819
    endloop
  endfacet
  facet normal 0 0.740951125354978 -0.6715589548469977
    outer loop
      vertex 127 9.79791847198287 101.20208152801713
      vertex 121 9.685882229283347 101.07846858307819
      vertex 121 9.79791847198287 101.20208152801713
    endloop
  endfacet
  facet normal 0 0.6715589548470066 -0.7409511253549698
    outer loop
      vertex 127 9.921531416921802 101.31411777071665
      vertex 121 9.79791847198287 101.20208152801713
      vertex 121 9.921531416921802 101.31411777071665
    endloop
  endfacet
  facet normal 0 0.5956993044924567 -0.8032075314806276
    outer loop
      vertex 127 10.055530603866677 101.41349834091433
      vertex 121 9.921531416921802 101.31411777071665
      vertex 121 10.055530603866677 101.41349834091433
    endloop
  endfacet
  facet normal 0 0.5141027441931887 -0.8577286100002919
    outer loop
      vertex 127 10.198625547395803 101.4992661493922
      vertex 121 10.055530603866677 101.41349834091433
      vertex 121 10.198625547395803 101.4992661493922
    endloop
  endfacet
  facet normal 0 0.42755509343029674 -0.9039892931234365
    outer loop
      vertex 127 10.349438164979347 101.57059520526919
      vertex 121 10.198625547395803 101.4992661493922
      vertex 121 10.349438164979347 101.57059520526919
    endloop
  endfacet
  facet normal 0 0.3368898533922203 -0.9415440651830208
    outer loop
      vertex 127 10.506516048667415 101.62679857074475
      vertex 121 10.349438164979347 101.57059520526919
      vertex 121 10.506516048667415 101.62679857074475
    endloop
  endfacet
  facet normal 0 0.24298017990329385 -0.9700312531945365
    outer loop
      vertex 127 10.668346452572582 101.6673349766855
      vertex 121 10.506516048667415 101.62679857074475
      vertex 121 10.668346452572582 101.6673349766855
    endloop
  endfacet
  facet normal 0 0.14673047445531526 -0.989176509964788
    outer loop
      vertex 127 10.833370861439747 101.69181403534273
      vertex 121 10.668346452572582 101.6673349766855
      vertex 121 10.833370861439747 101.69181403534273
    endloop
  endfacet
  facet normal 0 0.049067674327460356 -0.9987954562051703
    outer loop
      vertex 127 11 101.7
      vertex 121 10.833370861439747 101.69181403534273
      vertex 121 11 101.7
    endloop
  endfacet
  facet normal 0 -0.049067674327460356 -0.9987954562051703
    outer loop
      vertex 127 11.166629138560253 101.69181403534273
      vertex 121 11 101.7
      vertex 121 11.166629138560253 101.69181403534273
    endloop
  endfacet
  facet normal 0 -0.740951125354978 0.6715589548469977
    outer loop
      vertex 127 12.20208152801713 98.79791847198287
      vertex 121 12.314117770716653 98.92153141692181
      vertex 121 12.20208152801713 98.79791847198287
    endloop
  endfacet
  facet normal 0 -0.8032075314806215 0.5956993044924649
    outer loop
      vertex 127 12.314117770716653 98.92153141692181
      vertex 121 12.413498340914327 99.05553060386667
      vertex 121 12.314117770716653 98.92153141692181
    endloop
  endfacet
  facet normal 0 -0.8577286100002824 0.5141027441932045
    outer loop
      vertex 127 12.413498340914327 99.05553060386667
      vertex 121 12.499266149392204 99.1986255473958
      vertex 121 12.413498340914327 99.05553060386667
    endloop
  endfacet
  facet normal 0 -0.9039892931234407 0.4275550934302875
    outer loop
      vertex 127 12.499266149392204 99.1986255473958
      vertex 121 12.570595205269187 99.34943816497935
      vertex 121 12.499266149392204 99.1986255473958
    endloop
  endfacet
  facet normal 0 -0.9415440651830158 0.33688985339223376
    outer loop
      vertex 127 12.570595205269187 99.34943816497935
      vertex 121 12.626798570744755 99.50651604866741
      vertex 121 12.570595205269187 99.34943816497935
    endloop
  endfacet
  facet normal 0 -0.9700312531945454 0.24298017990325876
    outer loop
      vertex 127 12.626798570744755 99.50651604866741
      vertex 121 12.667334976685492 99.66834645257258
      vertex 121 12.626798570744755 99.50651604866741
    endloop
  endfacet
  facet normal 0 -0.9700312531945454 -0.24298017990325876
    outer loop
      vertex 127 12.667334976685492 100.33165354742742
      vertex 121 12.626798570744755 100.49348395133259
      vertex 121 12.667334976685492 100.33165354742742
    endloop
  endfacet
  facet normal 0 -0.9415440651830158 -0.33688985339223376
    outer loop
      vertex 127 12.626798570744755 100.49348395133259
      vertex 121 12.570595205269187 100.65056183502065
      vertex 121 12.626798570744755 100.49348395133259
    endloop
  endfacet
  facet normal 0 -0.9891765099647821 0.1467304744553538
    outer loop
      vertex 127 12.667334976685492 99.66834645257258
      vertex 121 12.691814035342734 99.83337086143975
      vertex 121 12.667334976685492 99.66834645257258
    endloop
  endfacet
  facet normal 0 -0.9987954562051725 0.049067674327417876
    outer loop
      vertex 127 12.691814035342734 99.83337086143975
      vertex 121 12.7 100
      vertex 121 12.691814035342734 99.83337086143975
    endloop
  endfacet
  facet normal 0 -0.9987954562051725 -0.049067674327417876
    outer loop
      vertex 127 12.7 100
      vertex 121 12.691814035342734 100.16662913856025
      vertex 121 12.7 100
    endloop
  endfacet
  facet normal 0 -0.9891765099647828 -0.14673047445534995
    outer loop
      vertex 127 12.691814035342734 100.16662913856025
      vertex 121 12.67554459443132 100.27630880012727
      vertex 121 12.691814035342734 100.16662913856025
    endloop
  endfacet
  facet normal -2.1594976333066164e-16 -0.989176509964781 -0.14673047445536153
    outer loop
      vertex 121 12.67554459443132 100.27630880012727
      vertex 127 12.691814035342734 100.16662913856025
      vertex 121 12.667334976685492 100.33165354742742
    endloop
  endfacet
  facet normal 0 -0.5141027441931887 -0.8577286100002919
    outer loop
      vertex 127 11.944469396133323 101.41349834091433
      vertex 121 11.801374452604197 101.4992661493922
      vertex 121 11.944469396133323 101.41349834091433
    endloop
  endfacet
  facet normal 0 -0.6715589548470066 -0.7409511253549698
    outer loop
      vertex 127 12.20208152801713 101.20208152801713
      vertex 121 12.078468583078198 101.31411777071665
      vertex 121 12.20208152801713 101.20208152801713
    endloop
  endfacet
  facet normal 0 -0.5956993044924567 -0.8032075314806276
    outer loop
      vertex 127 12.078468583078198 101.31411777071665
      vertex 121 11.944469396133323 101.41349834091433
      vertex 121 12.078468583078198 101.31411777071665
    endloop
  endfacet
  facet normal 0 -0.14673047445531526 -0.989176509964788
    outer loop
      vertex 127 11.331653547427418 101.6673349766855
      vertex 121 11.166629138560253 101.69181403534273
      vertex 121 11.331653547427418 101.6673349766855
    endloop
  endfacet
  facet normal 0 -0.24298017990329385 -0.9700312531945365
    outer loop
      vertex 127 11.493483951332585 101.62679857074475
      vertex 121 11.331653547427418 101.6673349766855
      vertex 121 11.493483951332585 101.62679857074475
    endloop
  endfacet
  facet normal 0 -0.3368898533922203 -0.9415440651830208
    outer loop
      vertex 127 11.650561835020653 101.57059520526919
      vertex 121 11.493483951332585 101.62679857074475
      vertex 121 11.650561835020653 101.57059520526919
    endloop
  endfacet
  facet normal 0 -0.42755509343029674 -0.9039892931234365
    outer loop
      vertex 127 11.801374452604197 101.4992661493922
      vertex 121 11.650561835020653 101.57059520526919
      vertex 121 11.801374452604197 101.4992661493922
    endloop
  endfacet
  facet normal 0 -0.8032075314806215 -0.5956993044924649
    outer loop
      vertex 127 12.413498340914327 100.94446939613333
      vertex 121 12.314117770716653 101.07846858307819
      vertex 121 12.413498340914327 100.94446939613333
    endloop
  endfacet
  facet normal 0 -0.9039892931234407 -0.4275550934302875
    outer loop
      vertex 127 12.570595205269187 100.65056183502065
      vertex 121 12.499266149392204 100.8013744526042
      vertex 121 12.570595205269187 100.65056183502065
    endloop
  endfacet
  facet normal 0 -0.8577286100002824 -0.5141027441932045
    outer loop
      vertex 127 12.499266149392204 100.8013744526042
      vertex 121 12.413498340914327 100.94446939613333
      vertex 121 12.499266149392204 100.8013744526042
    endloop
  endfacet
  facet normal 0 -0.740951125354978 -0.6715589548469977
    outer loop
      vertex 127 12.314117770716653 101.07846858307819
      vertex 121 12.20208152801713 101.20208152801713
      vertex 121 12.314117770716653 101.07846858307819
    endloop
  endfacet
  facet normal 0 0.9700312531945454 0.24298017990325876
    outer loop
      vertex 127 9.373201429255245 99.50651604866741
      vertex 121 9.373201429255245 99.50651604866741
      vertex 127 9.332665023314508 99.66834645257258
    endloop
  endfacet
  facet normal 0 0.9891765099647821 0.1467304744553538
    outer loop
      vertex 127 9.332665023314508 99.66834645257258
      vertex 121 9.332665023314508 99.66834645257258
      vertex 127 9.308185964657266 99.83337086143975
    endloop
  endfacet
  facet normal 0 0.9987954562051725 0.049067674327417876
    outer loop
      vertex 127 9.308185964657266 99.83337086143975
      vertex 121 9.308185964657266 99.83337086143975
      vertex 127 9.3 100
    endloop
  endfacet
  facet normal 0 0.9987954562051725 -0.049067674327417876
    outer loop
      vertex 127 9.3 100
      vertex 121 9.3 100
      vertex 127 9.308185964657266 100.16662913856025
    endloop
  endfacet
  facet normal 0 0.9891765099647821 -0.1467304744553538
    outer loop
      vertex 127 9.308185964657266 100.16662913856025
      vertex 121 9.308185964657266 100.16662913856025
      vertex 127 9.332665023314508 100.33165354742742
    endloop
  endfacet
  facet normal 0 0.9700312531945454 -0.24298017990325876
    outer loop
      vertex 127 9.332665023314508 100.33165354742742
      vertex 121 9.332665023314508 100.33165354742742
      vertex 127 9.373201429255245 100.49348395133259
    endloop
  endfacet
  facet normal -7.480315294076892e-19 0.8577286100002824 0.5141027441932045
    outer loop
      vertex 127 9.500733850607796 99.1986255473958
      vertex 127 9.586501659085673 99.05553060386667
      vertex 121 9.586501659085673 99.05553060386667
    endloop
  endfacet
  facet normal 0 0.8032075314806215 0.5956993044924649
    outer loop
      vertex 127 9.685882229283347 98.92153141692181
      vertex 121 9.685882229283347 98.92153141692181
      vertex 127 9.586501659085673 99.05553060386667
    endloop
  endfacet
  facet normal 3.0312641974659933e-19 0.740951125354978 0.6715589548469977
    outer loop
      vertex 127 9.685882229283347 98.92153141692181
      vertex 127 9.79791847198287 98.79791847198287
      vertex 121 9.79791847198287 98.79791847198287
    endloop
  endfacet
  facet normal 0 0.9039892931234407 0.4275550934302875
    outer loop
      vertex 127 9.500733850607796 99.1986255473958
      vertex 121 9.500733850607796 99.1986255473958
      vertex 127 9.429404794730813 99.34943816497935
    endloop
  endfacet
  facet normal 0 0.9415440651830158 0.33688985339223376
    outer loop
      vertex 127 9.429404794730813 99.34943816497935
      vertex 121 9.429404794730813 99.34943816497935
      vertex 127 9.373201429255245 99.50651604866741
    endloop
  endfacet
  facet normal 0 0.9415440651830158 -0.33688985339223376
    outer loop
      vertex 127 9.373201429255245 100.49348395133259
      vertex 121 9.373201429255245 100.49348395133259
      vertex 127 9.429404794730813 100.65056183502065
    endloop
  endfacet
  facet normal 0 0.9039892931234407 -0.4275550934302875
    outer loop
      vertex 127 9.429404794730813 100.65056183502065
      vertex 121 9.429404794730813 100.65056183502065
      vertex 127 9.500733850607796 100.8013744526042
    endloop
  endfacet
  facet normal 0 0.8577286100002824 -0.5141027441932045
    outer loop
      vertex 127 9.500733850607796 100.8013744526042
      vertex 121 9.500733850607796 100.8013744526042
      vertex 127 9.586501659085673 100.94446939613333
    endloop
  endfacet
  facet normal 0 0.8032075314806215 -0.5956993044924649
    outer loop
      vertex 127 9.586501659085673 100.94446939613333
      vertex 121 9.586501659085673 100.94446939613333
      vertex 127 9.685882229283347 101.07846858307819
    endloop
  endfacet
  facet normal 0 0.740951125354978 -0.6715589548469977
    outer loop
      vertex 127 9.685882229283347 101.07846858307819
      vertex 121 9.685882229283347 101.07846858307819
      vertex 127 9.79791847198287 101.20208152801713
    endloop
  endfacet
  facet normal 0 0.6715589548470066 -0.7409511253549698
    outer loop
      vertex 127 9.79791847198287 101.20208152801713
      vertex 121 9.79791847198287 101.20208152801713
      vertex 127 9.921531416921802 101.31411777071665
    endloop
  endfacet
  facet normal 0 0.5956993044924567 -0.8032075314806276
    outer loop
      vertex 127 9.921531416921802 101.31411777071665
      vertex 121 9.921531416921802 101.31411777071665
      vertex 127 10.055530603866677 101.41349834091433
    endloop
  endfacet
  facet normal 0 0.5141027441931887 -0.8577286100002919
    outer loop
      vertex 127 10.055530603866677 101.41349834091433
      vertex 121 10.055530603866677 101.41349834091433
      vertex 127 10.198625547395803 101.4992661493922
    endloop
  endfacet
  facet normal 0 0.42755509343029674 -0.9039892931234365
    outer loop
      vertex 127 10.198625547395803 101.4992661493922
      vertex 121 10.198625547395803 101.4992661493922
      vertex 127 10.349438164979347 101.57059520526919
    endloop
  endfacet
  facet normal 0 0.3368898533922203 -0.9415440651830208
    outer loop
      vertex 127 10.349438164979347 101.57059520526919
      vertex 121 10.349438164979347 101.57059520526919
      vertex 127 10.506516048667415 101.62679857074475
    endloop
  endfacet
  facet normal 0 0.24298017990329385 -0.9700312531945365
    outer loop
      vertex 127 10.506516048667415 101.62679857074475
      vertex 121 10.506516048667415 101.62679857074475
      vertex 127 10.668346452572582 101.6673349766855
    endloop
  endfacet
  facet normal 0 0.14673047445531526 -0.989176509964788
    outer loop
      vertex 127 10.668346452572582 101.6673349766855
      vertex 121 10.668346452572582 101.6673349766855
      vertex 127 10.833370861439747 101.69181403534273
    endloop
  endfacet
  facet normal 0 0.049067674327460356 -0.9987954562051703
    outer loop
      vertex 127 10.833370861439747 101.69181403534273
      vertex 121 10.833370861439747 101.69181403534273
      vertex 127 11 101.7
    endloop
  endfacet
  facet normal 0 -0.049067674327460356 -0.9987954562051703
    outer loop
      vertex 127 11 101.7
      vertex 121 11 101.7
      vertex 127 11.166629138560253 101.69181403534273
    endloop
  endfacet
  facet normal 0 -0.14673047445531526 -0.989176509964788
    outer loop
      vertex 127 11.166629138560253 101.69181403534273
      vertex 121 11.166629138560253 101.69181403534273
      vertex 127 11.331653547427418 101.6673349766855
    endloop
  endfacet
  facet normal 7.981593474016245e-19 -0.6715589548470066 0.7409511253549698
    outer loop
      vertex 127 12.078468583078198 98.68588222928335
      vertex 127 12.20208152801713 98.79791847198287
      vertex 121 12.20208152801713 98.79791847198287
    endloop
  endfacet
  facet normal -3.0312641974659933e-19 -0.740951125354978 0.6715589548469977
    outer loop
      vertex 127 12.20208152801713 98.79791847198287
      vertex 127 12.314117770716653 98.92153141692181
      vertex 121 12.314117770716653 98.92153141692181
    endloop
  endfacet
  facet normal -4.895577549032146e-19 -0.8032075314806215 0.5956993044924649
    outer loop
      vertex 127 12.314117770716653 98.92153141692181
      vertex 127 12.413498340914327 99.05553060386667
      vertex 121 12.413498340914327 99.05553060386667
    endloop
  endfacet
  facet normal 7.480315294076892e-19 -0.8577286100002824 0.5141027441932045
    outer loop
      vertex 127 12.413498340914327 99.05553060386667
      vertex 127 12.499266149392204 99.1986255473958
      vertex 121 12.499266149392204 99.1986255473958
    endloop
  endfacet
  facet normal -6.333484016358257e-19 -0.9039892931234407 0.4275550934302875
    outer loop
      vertex 127 12.499266149392204 99.1986255473958
      vertex 127 12.570595205269187 99.34943816497935
      vertex 121 12.570595205269187 99.34943816497935
    endloop
  endfacet
  facet normal -1.201002788268398e-20 -0.9415440651830158 0.33688985339223376
    outer loop
      vertex 127 12.570595205269187 99.34943816497935
      vertex 127 12.626798570744755 99.50651604866741
      vertex 121 12.626798570744755 99.50651604866741
    endloop
  endfacet
  facet normal -3.9662812213754094e-19 -0.9700312531945454 0.24298017990325876
    outer loop
      vertex 127 12.626798570744755 99.50651604866741
      vertex 127 12.667334976685492 99.66834645257258
      vertex 121 12.667334976685492 99.66834645257258
    endloop
  endfacet
  facet normal 3.9662812213754094e-19 -0.9700312531945454 -0.24298017990325876
    outer loop
      vertex 127 12.667334976685492 100.33165354742742
      vertex 127 12.626798570744755 100.49348395133259
      vertex 121 12.626798570744755 100.49348395133259
    endloop
  endfacet
  facet normal -3.1320399316798907e-19 -0.9891765099647821 0.1467304744553538
    outer loop
      vertex 127 12.667334976685492 99.66834645257258
      vertex 127 12.691814035342734 99.83337086143975
      vertex 121 12.691814035342734 99.83337086143975
    endloop
  endfacet
  facet normal 3.3918676739150704e-20 -0.9987954562051725 0.049067674327417876
    outer loop
      vertex 127 12.691814035342734 99.83337086143975
      vertex 127 12.7 100
      vertex 121 12.7 100
    endloop
  endfacet
  facet normal -3.3918676739150704e-20 -0.9987954562051725 -0.049067674327417876
    outer loop
      vertex 127 12.7 100
      vertex 127 12.691814035342734 100.16662913856025
      vertex 121 12.691814035342734 100.16662913856025
    endloop
  endfacet
  facet normal 3.1320399316798907e-19 -0.9891765099647821 -0.1467304744553538
    outer loop
      vertex 127 12.691814035342734 100.16662913856025
      vertex 127 12.667334976685492 100.33165354742742
      vertex 121 12.667334976685492 100.33165354742742
    endloop
  endfacet
  facet normal 0 -0.5141027441931887 -0.8577286100002919
    outer loop
      vertex 127 11.801374452604197 101.4992661493922
      vertex 121 11.801374452604197 101.4992661493922
      vertex 127 11.944469396133323 101.41349834091433
    endloop
  endfacet
  facet normal -7.981593474016245e-19 -0.6715589548470066 -0.7409511253549698
    outer loop
      vertex 127 12.20208152801713 101.20208152801713
      vertex 127 12.078468583078198 101.31411777071665
      vertex 121 12.078468583078198 101.31411777071665
    endloop
  endfacet
  facet normal 1.0725799473802075e-19 -0.5956993044924567 -0.8032075314806276
    outer loop
      vertex 127 12.078468583078198 101.31411777071665
      vertex 127 11.944469396133323 101.41349834091433
      vertex 121 11.944469396133323 101.41349834091433
    endloop
  endfacet
  facet normal 0 -0.24298017990329385 -0.9700312531945365
    outer loop
      vertex 127 11.331653547427418 101.6673349766855
      vertex 121 11.331653547427418 101.6673349766855
      vertex 127 11.493483951332585 101.62679857074475
    endloop
  endfacet
  facet normal 0 -0.3368898533922203 -0.9415440651830208
    outer loop
      vertex 127 11.493483951332585 101.62679857074475
      vertex 121 11.493483951332585 101.62679857074475
      vertex 127 11.650561835020653 101.57059520526919
    endloop
  endfacet
  facet normal 0 -0.42755509343029674 -0.9039892931234365
    outer loop
      vertex 127 11.650561835020653 101.57059520526919
      vertex 121 11.650561835020653 101.57059520526919
      vertex 127 11.801374452604197 101.4992661493922
    endloop
  endfacet
  facet normal 4.895577549032146e-19 -0.8032075314806215 -0.5956993044924649
    outer loop
      vertex 127 12.413498340914327 100.94446939613333
      vertex 127 12.314117770716653 101.07846858307819
      vertex 121 12.314117770716653 101.07846858307819
    endloop
  endfacet
  facet normal 6.333484016358257e-19 -0.9039892931234407 -0.4275550934302875
    outer loop
      vertex 127 12.570595205269187 100.65056183502065
      vertex 127 12.499266149392204 100.8013744526042
      vertex 121 12.499266149392204 100.8013744526042
    endloop
  endfacet
  facet normal 0 -0.9415440651830158 -0.33688985339223376
    outer loop
      vertex 127 12.570595205269187 100.65056183502065
      vertex 121 12.570595205269187 100.65056183502065
      vertex 127 12.626798570744755 100.49348395133259
    endloop
  endfacet
  facet normal 0 -0.8577286100002824 -0.5141027441932045
    outer loop
      vertex 127 12.413498340914327 100.94446939613333
      vertex 121 12.413498340914327 100.94446939613333
      vertex 127 12.499266149392204 100.8013744526042
    endloop
  endfacet
  facet normal 0 -0.740951125354978 -0.6715589548469977
    outer loop
      vertex 127 12.20208152801713 101.20208152801713
      vertex 121 12.20208152801713 101.20208152801713
      vertex 127 12.314117770716653 101.07846858307819
    endloop
  endfacet
  facet normal 0.8577286100002947 0.514102744193184 -1.2492831684798714e-18
    outer loop
      vertex 107.08650165908567 -18.944469396133325 124
      vertex 107.0007338506078 -18.801374452604197 124
      vertex 107.0007338506078 -18.801374452604197 128
    endloop
  endfacet
  facet normal 0.8032075314806366 0.5956993044924445 8.989536001565495e-16
    outer loop
      vertex 107.09405072321871 -18.95464813080963 124
      vertex 107.08650165908567 -18.944469396133325 128
      vertex 107.18588222928335 -19.078468583078198 124
    endloop
  endfacet
  facet normal 0.8032075314804675 0.5956993044926724 1.3087520188852164e-19
    outer loop
      vertex 107.09405072321871 -18.95464813080963 124
      vertex 107.08650165908567 -18.944469396133325 124
      vertex 107.08650165908567 -18.944469396133325 128
    endloop
  endfacet
  facet normal 0.6715589548469918 0.7409511253549832 0
    outer loop
      vertex 107.29791847198287 -19.202081528017132 124
      vertex 107.29791847198287 -19.202081528017132 128
      vertex 107.42153141692181 -19.314117770716653 124
    endloop
  endfacet
  facet normal 0.5956993044924649 0.8032075314806215 0
    outer loop
      vertex 107.42153141692181 -19.314117770716653 124
      vertex 107.42153141692181 -19.314117770716653 128
      vertex 107.55553060386667 -19.413498340914327 124
    endloop
  endfacet
  facet normal 0.7409511253549746 0.6715589548470013 -4.826590709509631e-19
    outer loop
      vertex 107.29791847198287 -19.202081528017132 124
      vertex 107.18588222928335 -19.078468583078198 124
      vertex 107.18588222928335 -19.078468583078198 128
    endloop
  endfacet
  facet normal 0.9039892931234363 0.42755509343029674 0
    outer loop
      vertex 107.0007338506078 -18.801374452604197 124
      vertex 106.92940479473081 -18.650561835020653 128
      vertex 107.0007338506078 -18.801374452604197 128
    endloop
  endfacet
  facet normal 0.8032075314806238 0.5956993044924618 0
    outer loop
      vertex 107.18588222928335 -19.078468583078198 124
      vertex 107.08650165908567 -18.944469396133325 128
      vertex 107.18588222928335 -19.078468583078198 128
    endloop
  endfacet
  facet normal 0.8577286100002947 0.514102744193184 0
    outer loop
      vertex 107.08650165908567 -18.944469396133325 124
      vertex 107.0007338506078 -18.801374452604197 128
      vertex 107.08650165908567 -18.944469396133325 128
    endloop
  endfacet
  facet normal 0.6715589548469918 0.7409511253549832 0
    outer loop
      vertex 107.42153141692181 -19.314117770716653 124
      vertex 107.29791847198287 -19.202081528017132 128
      vertex 107.42153141692181 -19.314117770716653 128
    endloop
  endfacet
  facet normal 0.5956993044924649 0.8032075314806215 0
    outer loop
      vertex 107.55553060386667 -19.413498340914327 124
      vertex 107.42153141692181 -19.314117770716653 128
      vertex 107.55553060386667 -19.413498340914327 128
    endloop
  endfacet
  facet normal 0.7409511253549746 0.6715589548470013 0
    outer loop
      vertex 107.29791847198287 -19.202081528017132 124
      vertex 107.18588222928335 -19.078468583078198 128
      vertex 107.29791847198287 -19.202081528017132 128
    endloop
  endfacet
  facet normal 0.5141027441931966 0.8577286100002872 0
    outer loop
      vertex 107.55553060386667 -19.413498340914327 124
      vertex 107.55553060386667 -19.413498340914327 128
      vertex 107.6986255473958 -19.499266149392202 124
    endloop
  endfacet
  facet normal 0.4275550934302876 0.9039892931234408 0
    outer loop
      vertex 107.6986255473958 -19.499266149392202 124
      vertex 107.6986255473958 -19.499266149392202 128
      vertex 107.84943816497935 -19.570595205269186 124
    endloop
  endfacet
  facet normal 0.33688985339223376 0.9415440651830158 0
    outer loop
      vertex 107.84943816497935 -19.570595205269186 124
      vertex 107.84943816497935 -19.570595205269186 128
      vertex 108.00651604866741 -19.626798570744754 124
    endloop
  endfacet
  facet normal 0.24298017990326878 0.9700312531945428 0
    outer loop
      vertex 108.00651604866741 -19.626798570744754 124
      vertex 108.00651604866741 -19.626798570744754 128
      vertex 108.16834645257258 -19.667334976685492 124
    endloop
  endfacet
  facet normal 0.04906767432741787 0.9987954562051724 0
    outer loop
      vertex 108.33337086143975 -19.691814035342734 124
      vertex 108.33337086143975 -19.691814035342734 128
      vertex 108.5 -19.7 124
    endloop
  endfacet
  facet normal -0.04906767432741787 0.9987954562051724 0
    outer loop
      vertex 108.5 -19.7 124
      vertex 108.5 -19.7 128
      vertex 108.66662913856025 -19.691814035342734 124
    endloop
  endfacet
  facet normal 0.1467304744553538 0.9891765099647821 0
    outer loop
      vertex 108.16834645257258 -19.667334976685492 124
      vertex 108.16834645257258 -19.667334976685492 128
      vertex 108.33337086143975 -19.691814035342734 124
    endloop
  endfacet
  facet normal -0.1467304744553538 0.9891765099647821 0
    outer loop
      vertex 108.66662913856025 -19.691814035342734 124
      vertex 108.66662913856025 -19.691814035342734 128
      vertex 108.83165354742742 -19.667334976685492 124
    endloop
  endfacet
  facet normal 0.5141027441931966 0.8577286100002872 0
    outer loop
      vertex 107.6986255473958 -19.499266149392202 124
      vertex 107.55553060386667 -19.413498340914327 128
      vertex 107.6986255473958 -19.499266149392202 128
    endloop
  endfacet
  facet normal 0.4275550934302876 0.9039892931234408 0
    outer loop
      vertex 107.84943816497935 -19.570595205269186 124
      vertex 107.6986255473958 -19.499266149392202 128
      vertex 107.84943816497935 -19.570595205269186 128
    endloop
  endfacet
  facet normal 0.33688985339223376 0.9415440651830158 0
    outer loop
      vertex 108.00651604866741 -19.626798570744754 124
      vertex 107.84943816497935 -19.570595205269186 128
      vertex 108.00651604866741 -19.626798570744754 128
    endloop
  endfacet
  facet normal 0.24298017990326878 0.9700312531945428 0
    outer loop
      vertex 108.16834645257258 -19.667334976685492 124
      vertex 108.00651604866741 -19.626798570744754 128
      vertex 108.16834645257258 -19.667334976685492 128
    endloop
  endfacet
  facet normal 0.04906767432741787 0.9987954562051724 0
    outer loop
      vertex 108.5 -19.7 124
      vertex 108.33337086143975 -19.691814035342734 128
      vertex 108.5 -19.7 128
    endloop
  endfacet
  facet normal -0.04906767432741787 0.9987954562051724 0
    outer loop
      vertex 108.66662913856025 -19.691814035342734 124
      vertex 108.5 -19.7 128
      vertex 108.66662913856025 -19.691814035342734 128
    endloop
  endfacet
  facet normal 0.1467304744553538 0.9891765099647821 0
    outer loop
      vertex 108.33337086143975 -19.691814035342734 124
      vertex 108.16834645257258 -19.667334976685492 128
      vertex 108.33337086143975 -19.691814035342734 128
    endloop
  endfacet
  facet normal -0.1467304744553538 0.9891765099647821 0
    outer loop
      vertex 108.83165354742742 -19.667334976685492 124
      vertex 108.66662913856025 -19.691814035342734 128
      vertex 108.83165354742742 -19.667334976685492 128
    endloop
  endfacet
  facet normal 0.9700312531945365 0.24298017990329382 2.7145217823615043e-19
    outer loop
      vertex 106.87320142925525 -18.493483951332585 124
      vertex 106.8326650233145 -18.33165354742742 124
      vertex 106.8326650233145 -18.33165354742742 128
    endloop
  endfacet
  facet normal 0.9891765099647878 0.14673047445531523 -6.399598095050598e-19
    outer loop
      vertex 106.8326650233145 -18.33165354742742 124
      vertex 106.80818596465727 -18.166629138560253 124
      vertex 106.80818596465727 -18.166629138560253 128
    endloop
  endfacet
  facet normal 0.9987954562051702 0.04906767432746035 -8.454601974798425e-20
    outer loop
      vertex 106.80818596465727 -18.166629138560253 124
      vertex 106.8 -18 124
      vertex 106.8 -18 128
    endloop
  endfacet
  facet normal 0.9987954562051702 -0.04906767432746035 8.454601974798425e-20
    outer loop
      vertex 106.8 -18 124
      vertex 106.80818596465727 -17.833370861439747 124
      vertex 106.80818596465727 -17.833370861439747 128
    endloop
  endfacet
  facet normal 0.9891765099647878 -0.14673047445531523 6.399598095050598e-19
    outer loop
      vertex 106.80818596465727 -17.833370861439747 124
      vertex 106.8326650233145 -17.66834645257258 124
      vertex 106.8326650233145 -17.66834645257258 128
    endloop
  endfacet
  facet normal 0.9700312531945365 -0.24298017990329382 -2.7145217823615043e-19
    outer loop
      vertex 106.8326650233145 -17.66834645257258 124
      vertex 106.87320142925525 -17.506516048667415 124
      vertex 106.87320142925525 -17.506516048667415 128
    endloop
  endfacet
  facet normal 0.9039892931234363 0.42755509343029674 1.0900147841387822e-18
    outer loop
      vertex 107.0007338506078 -18.801374452604197 124
      vertex 106.92940479473081 -18.650561835020653 124
      vertex 106.92940479473081 -18.650561835020653 128
    endloop
  endfacet
  facet normal 0.9415440651830207 0.3368898533922202 -5.252490042289651e-19
    outer loop
      vertex 106.92940479473081 -18.650561835020653 124
      vertex 106.87320142925525 -18.493483951332585 124
      vertex 106.87320142925525 -18.493483951332585 128
    endloop
  endfacet
  facet normal 0.9415440651830207 -0.3368898533922202 5.252490042289651e-19
    outer loop
      vertex 106.87320142925525 -17.506516048667415 124
      vertex 106.92940479473081 -17.349438164979347 124
      vertex 106.92940479473081 -17.349438164979347 128
    endloop
  endfacet
  facet normal 0.9039892931234363 -0.42755509343029674 -1.0900147841387822e-18
    outer loop
      vertex 106.92940479473081 -17.349438164979347 124
      vertex 107.0007338506078 -17.198625547395803 124
      vertex 107.0007338506078 -17.198625547395803 128
    endloop
  endfacet
  facet normal 0.8577286100002947 -0.514102744193184 1.2492831684798714e-18
    outer loop
      vertex 107.0007338506078 -17.198625547395803 124
      vertex 107.08650165908567 -17.055530603866675 124
      vertex 107.08650165908567 -17.055530603866675 128
    endloop
  endfacet
  facet normal 0.8032075314806238 -0.5956993044924618 4.481742522954731e-19
    outer loop
      vertex 107.08650165908567 -17.055530603866675 124
      vertex 107.18588222928335 -16.921531416921802 124
      vertex 107.18588222928335 -16.921531416921802 128
    endloop
  endfacet
  facet normal 0.9700312531945365 0.24298017990329382 0
    outer loop
      vertex 106.87320142925525 -18.493483951332585 124
      vertex 106.8326650233145 -18.33165354742742 128
      vertex 106.87320142925525 -18.493483951332585 128
    endloop
  endfacet
  facet normal 0.9891765099647878 0.14673047445531523 0
    outer loop
      vertex 106.8326650233145 -18.33165354742742 124
      vertex 106.80818596465727 -18.166629138560253 128
      vertex 106.8326650233145 -18.33165354742742 128
    endloop
  endfacet
  facet normal 0.9987954562051702 0.04906767432746035 0
    outer loop
      vertex 106.80818596465727 -18.166629138560253 124
      vertex 106.8 -18 128
      vertex 106.80818596465727 -18.166629138560253 128
    endloop
  endfacet
  facet normal 0.9987954562051702 -0.04906767432746035 0
    outer loop
      vertex 106.8 -18 124
      vertex 106.80818596465727 -17.833370861439747 128
      vertex 106.8 -18 128
    endloop
  endfacet
  facet normal 0.9891765099647878 -0.14673047445531523 0
    outer loop
      vertex 106.80818596465727 -17.833370861439747 124
      vertex 106.8326650233145 -17.66834645257258 128
      vertex 106.80818596465727 -17.833370861439747 128
    endloop
  endfacet
  facet normal 0.9700312531945365 -0.24298017990329382 0
    outer loop
      vertex 106.8326650233145 -17.66834645257258 124
      vertex 106.87320142925525 -17.506516048667415 128
      vertex 106.8326650233145 -17.66834645257258 128
    endloop
  endfacet
  facet normal 0.9415440651830207 0.3368898533922202 0
    outer loop
      vertex 106.92940479473081 -18.650561835020653 124
      vertex 106.87320142925525 -18.493483951332585 128
      vertex 106.92940479473081 -18.650561835020653 128
    endloop
  endfacet
  facet normal 0.9415440651830207 -0.3368898533922202 0
    outer loop
      vertex 106.87320142925525 -17.506516048667415 124
      vertex 106.92940479473081 -17.349438164979347 128
      vertex 106.87320142925525 -17.506516048667415 128
    endloop
  endfacet
  facet normal 0.9039892931234363 -0.42755509343029674 0
    outer loop
      vertex 106.92940479473081 -17.349438164979347 124
      vertex 107.0007338506078 -17.198625547395803 128
      vertex 106.92940479473081 -17.349438164979347 128
    endloop
  endfacet
  facet normal 0.8577286100002947 -0.514102744193184 0
    outer loop
      vertex 107.0007338506078 -17.198625547395803 124
      vertex 107.08650165908567 -17.055530603866675 128
      vertex 107.0007338506078 -17.198625547395803 128
    endloop
  endfacet
  facet normal 0.8032075314806238 -0.5956993044924618 0
    outer loop
      vertex 107.08650165908567 -17.055530603866675 124
      vertex 107.18588222928335 -16.921531416921802 128
      vertex 107.08650165908567 -17.055530603866675 128
    endloop
  endfacet
  facet normal 0.7409511253549746 -0.6715589548470013 0
    outer loop
      vertex 107.18588222928335 -16.921531416921802 124
      vertex 107.29791847198287 -16.797918471982868 128
      vertex 107.18588222928335 -16.921531416921802 128
    endloop
  endfacet
  facet normal 0.7409511253549746 -0.6715589548470013 4.826590709509631e-19
    outer loop
      vertex 107.18588222928335 -16.921531416921802 124
      vertex 107.29791847198287 -16.797918471982868 124
      vertex 107.29791847198287 -16.797918471982868 128
    endloop
  endfacet
  facet normal 0.6715589548469918 -0.7409511253549832 0
    outer loop
      vertex 107.42153141692181 -16.685882229283347 124
      vertex 107.42153141692181 -16.685882229283347 128
      vertex 107.29791847198287 -16.797918471982868 124
    endloop
  endfacet
  facet normal 0.5956993044924649 -0.8032075314806215 0
    outer loop
      vertex 107.55553060386667 -16.586501659085673 124
      vertex 107.55553060386667 -16.586501659085673 128
      vertex 107.42153141692181 -16.685882229283347 124
    endloop
  endfacet
  facet normal 0.6715589548469918 -0.7409511253549832 0
    outer loop
      vertex 107.29791847198287 -16.797918471982868 124
      vertex 107.42153141692181 -16.685882229283347 128
      vertex 107.29791847198287 -16.797918471982868 128
    endloop
  endfacet
  facet normal 0.5956993044924649 -0.8032075314806215 0
    outer loop
      vertex 107.42153141692181 -16.685882229283347 124
      vertex 107.55553060386667 -16.586501659085673 128
      vertex 107.42153141692181 -16.685882229283347 128
    endloop
  endfacet
  facet normal 0.5141027441931966 -0.8577286100002872 0
    outer loop
      vertex 107.6986255473958 -16.500733850607798 124
      vertex 107.6986255473958 -16.500733850607798 128
      vertex 107.55553060386667 -16.586501659085673 124
    endloop
  endfacet
  facet normal 0.4275550934302876 -0.9039892931234408 0
    outer loop
      vertex 107.84943816497935 -16.429404794730814 124
      vertex 107.84943816497935 -16.429404794730814 128
      vertex 107.6986255473958 -16.500733850607798 124
    endloop
  endfacet
  facet normal 0.33688985339223376 -0.9415440651830158 0
    outer loop
      vertex 108.00651604866741 -16.373201429255246 124
      vertex 108.00651604866741 -16.373201429255246 128
      vertex 107.84943816497935 -16.429404794730814 124
    endloop
  endfacet
  facet normal 0.24298017990326878 -0.9700312531945428 0
    outer loop
      vertex 108.16834645257258 -16.332665023314508 124
      vertex 108.16834645257258 -16.332665023314508 128
      vertex 108.00651604866741 -16.373201429255246 124
    endloop
  endfacet
  facet normal 0.1467304744553538 -0.9891765099647821 0
    outer loop
      vertex 108.33337086143975 -16.308185964657266 124
      vertex 108.33337086143975 -16.308185964657266 128
      vertex 108.16834645257258 -16.332665023314508 124
    endloop
  endfacet
  facet normal 0.04906767432741787 -0.9987954562051724 0
    outer loop
      vertex 108.5 -16.3 124
      vertex 108.5 -16.3 128
      vertex 108.33337086143975 -16.308185964657266 124
    endloop
  endfacet
  facet normal -0.04906767432741787 -0.9987954562051724 0
    outer loop
      vertex 108.66662913856025 -16.308185964657266 124
      vertex 108.66662913856025 -16.308185964657266 128
      vertex 108.5 -16.3 124
    endloop
  endfacet
  facet normal -0.1467304744553538 -0.9891765099647821 0
    outer loop
      vertex 108.83165354742742 -16.332665023314508 124
      vertex 108.83165354742742 -16.332665023314508 128
      vertex 108.66662913856025 -16.308185964657266 124
    endloop
  endfacet
  facet normal 0.5141027441931966 -0.8577286100002872 0
    outer loop
      vertex 107.55553060386667 -16.586501659085673 124
      vertex 107.6986255473958 -16.500733850607798 128
      vertex 107.55553060386667 -16.586501659085673 128
    endloop
  endfacet
  facet normal 0.4275550934302876 -0.9039892931234408 0
    outer loop
      vertex 107.6986255473958 -16.500733850607798 124
      vertex 107.84943816497935 -16.429404794730814 128
      vertex 107.6986255473958 -16.500733850607798 128
    endloop
  endfacet
  facet normal 0.33688985339223376 -0.9415440651830158 0
    outer loop
      vertex 107.84943816497935 -16.429404794730814 124
      vertex 108.00651604866741 -16.373201429255246 128
      vertex 107.84943816497935 -16.429404794730814 128
    endloop
  endfacet
  facet normal 0.24298017990326878 -0.9700312531945428 0
    outer loop
      vertex 108.00651604866741 -16.373201429255246 124
      vertex 108.16834645257258 -16.332665023314508 128
      vertex 108.00651604866741 -16.373201429255246 128
    endloop
  endfacet
  facet normal 0.1467304744553538 -0.9891765099647821 0
    outer loop
      vertex 108.16834645257258 -16.332665023314508 124
      vertex 108.33337086143975 -16.308185964657266 128
      vertex 108.16834645257258 -16.332665023314508 128
    endloop
  endfacet
  facet normal 0.04906767432741787 -0.9987954562051724 0
    outer loop
      vertex 108.33337086143975 -16.308185964657266 124
      vertex 108.5 -16.3 128
      vertex 108.33337086143975 -16.308185964657266 128
    endloop
  endfacet
  facet normal -0.04906767432741787 -0.9987954562051724 0
    outer loop
      vertex 108.5 -16.3 124
      vertex 108.66662913856025 -16.308185964657266 128
      vertex 108.5 -16.3 128
    endloop
  endfacet
  facet normal -0.1467304744553538 -0.9891765099647821 0
    outer loop
      vertex 108.66662913856025 -16.308185964657266 124
      vertex 108.83165354742742 -16.332665023314508 128
      vertex 108.66662913856025 -16.308185964657266 128
    endloop
  endfacet
  facet normal -0.24298017990326878 0.9700312531945428 0
    outer loop
      vertex 108.83165354742742 -19.667334976685492 124
      vertex 108.83165354742742 -19.667334976685492 128
      vertex 108.99348395133259 -19.626798570744754 124
    endloop
  endfacet
  facet normal -0.33688985339223376 0.9415440651830158 0
    outer loop
      vertex 108.99348395133259 -19.626798570744754 124
      vertex 108.99348395133259 -19.626798570744754 128
      vertex 109.15056183502065 -19.570595205269186 124
    endloop
  endfacet
  facet normal -0.4275550934302876 0.9039892931234408 0
    outer loop
      vertex 109.15056183502065 -19.570595205269186 124
      vertex 109.15056183502065 -19.570595205269186 128
      vertex 109.3013744526042 -19.499266149392202 124
    endloop
  endfacet
  facet normal -0.5141027441931966 0.8577286100002872 0
    outer loop
      vertex 109.3013744526042 -19.499266149392202 124
      vertex 109.3013744526042 -19.499266149392202 128
      vertex 109.44446939613333 -19.413498340914327 124
    endloop
  endfacet
  facet normal -0.5956993044924649 0.8032075314806215 0
    outer loop
      vertex 109.44446939613333 -19.413498340914327 124
      vertex 109.44446939613333 -19.413498340914327 128
      vertex 109.57846858307819 -19.314117770716653 124
    endloop
  endfacet
  facet normal -0.6715589548469918 0.7409511253549832 0
    outer loop
      vertex 109.57846858307819 -19.314117770716653 124
      vertex 109.57846858307819 -19.314117770716653 128
      vertex 109.70208152801713 -19.202081528017132 124
    endloop
  endfacet
  facet normal -0.7409511253549746 0.6715589548470013 0
    outer loop
      vertex 109.70208152801713 -19.202081528017132 124
      vertex 109.70208152801713 -19.202081528017132 128
      vertex 109.81411777071665 -19.078468583078198 124
    endloop
  endfacet
  facet normal -0.8032075314806238 0.5956993044924618 0
    outer loop
      vertex 109.81411777071665 -19.078468583078198 124
      vertex 109.81411777071665 -19.078468583078198 128
      vertex 109.91349834091433 -18.944469396133325 124
    endloop
  endfacet
  facet normal -0.8577286100002947 0.514102744193184 0
    outer loop
      vertex 109.91349834091433 -18.944469396133325 124
      vertex 109.91349834091433 -18.944469396133325 128
      vertex 109.9992661493922 -18.801374452604197 124
    endloop
  endfacet
  facet normal -0.9039892931234363 0.42755509343029674 -1.0900147841387822e-18
    outer loop
      vertex 110.07059520526919 -18.650561835020653 124
      vertex 109.9992661493922 -18.801374452604197 124
      vertex 109.9992661493922 -18.801374452604197 128
    endloop
  endfacet
  facet normal -0.24298017990326878 0.9700312531945428 0
    outer loop
      vertex 108.99348395133259 -19.626798570744754 124
      vertex 108.83165354742742 -19.667334976685492 128
      vertex 108.99348395133259 -19.626798570744754 128
    endloop
  endfacet
  facet normal -0.33688985339223376 0.9415440651830158 0
    outer loop
      vertex 109.15056183502065 -19.570595205269186 124
      vertex 108.99348395133259 -19.626798570744754 128
      vertex 109.15056183502065 -19.570595205269186 128
    endloop
  endfacet
  facet normal -0.4275550934302876 0.9039892931234408 0
    outer loop
      vertex 109.3013744526042 -19.499266149392202 124
      vertex 109.15056183502065 -19.570595205269186 128
      vertex 109.3013744526042 -19.499266149392202 128
    endloop
  endfacet
  facet normal -0.5141027441931966 0.8577286100002872 0
    outer loop
      vertex 109.44446939613333 -19.413498340914327 124
      vertex 109.3013744526042 -19.499266149392202 128
      vertex 109.44446939613333 -19.413498340914327 128
    endloop
  endfacet
  facet normal -0.5956993044924649 0.8032075314806215 0
    outer loop
      vertex 109.57846858307819 -19.314117770716653 124
      vertex 109.44446939613333 -19.413498340914327 128
      vertex 109.57846858307819 -19.314117770716653 128
    endloop
  endfacet
  facet normal -0.6715589548469918 0.7409511253549832 0
    outer loop
      vertex 109.70208152801713 -19.202081528017132 124
      vertex 109.57846858307819 -19.314117770716653 128
      vertex 109.70208152801713 -19.202081528017132 128
    endloop
  endfacet
  facet normal -0.7409511253549746 0.6715589548470013 0
    outer loop
      vertex 109.81411777071665 -19.078468583078198 124
      vertex 109.70208152801713 -19.202081528017132 128
      vertex 109.81411777071665 -19.078468583078198 128
    endloop
  endfacet
  facet normal -0.8032075314806238 0.5956993044924618 0
    outer loop
      vertex 109.91349834091433 -18.944469396133325 128
      vertex 109.91349834091433 -18.944469396133325 124
      vertex 109.81411777071665 -19.078468583078198 128
    endloop
  endfacet
  facet normal -0.8577286100002947 0.514102744193184 0
    outer loop
      vertex 109.9992661493922 -18.801374452604197 124
      vertex 109.91349834091433 -18.944469396133325 128
      vertex 109.9992661493922 -18.801374452604197 128
    endloop
  endfacet
  facet normal -0.7409511253549746 -0.6715589548470013 -4.826590709509631e-19
    outer loop
      vertex 109.70208152801713 -16.797918471982868 124
      vertex 109.81411777071665 -16.921531416921802 124
      vertex 109.81411777071665 -16.921531416921802 128
    endloop
  endfacet
  facet normal -0.8032075314806238 -0.5956993044924618 -4.481742522954731e-19
    outer loop
      vertex 109.81411777071665 -16.921531416921802 124
      vertex 109.91349834091433 -17.055530603866675 124
      vertex 109.91349834091433 -17.055530603866675 128
    endloop
  endfacet
  facet normal -0.8577286100002947 -0.514102744193184 -1.2492831684798714e-18
    outer loop
      vertex 109.91349834091433 -17.055530603866675 124
      vertex 109.9992661493922 -17.198625547395803 124
      vertex 109.9992661493922 -17.198625547395803 128
    endloop
  endfacet
  facet normal -0.9039892931234363 -0.42755509343029674 1.0900147841387822e-18
    outer loop
      vertex 109.9992661493922 -17.198625547395803 124
      vertex 110.07059520526919 -17.349438164979347 124
      vertex 110.07059520526919 -17.349438164979347 128
    endloop
  endfacet
  facet normal -0.9039892931234363 0.42755509343029674 0
    outer loop
      vertex 110.07059520526919 -18.650561835020653 124
      vertex 109.9992661493922 -18.801374452604197 128
      vertex 110.07059520526919 -18.650561835020653 128
    endloop
  endfacet
  facet normal -0.8032075314806238 -0.5956993044924618 0
    outer loop
      vertex 109.81411777071665 -16.921531416921802 124
      vertex 109.91349834091433 -17.055530603866675 128
      vertex 109.81411777071665 -16.921531416921802 128
    endloop
  endfacet
  facet normal -0.9039892931234363 -0.42755509343029674 0
    outer loop
      vertex 109.9992661493922 -17.198625547395803 124
      vertex 110.07059520526919 -17.349438164979347 128
      vertex 109.9992661493922 -17.198625547395803 128
    endloop
  endfacet
  facet normal -0.8577286100002947 -0.514102744193184 0
    outer loop
      vertex 109.91349834091433 -17.055530603866675 124
      vertex 109.9992661493922 -17.198625547395803 128
      vertex 109.91349834091433 -17.055530603866675 128
    endloop
  endfacet
  facet normal -0.33688985339223376 -0.9415440651830158 0
    outer loop
      vertex 109.15056183502065 -16.429404794730814 124
      vertex 109.15056183502065 -16.429404794730814 128
      vertex 108.99348395133259 -16.373201429255246 124
    endloop
  endfacet
  facet normal -0.24298017990326878 -0.9700312531945428 0
    outer loop
      vertex 108.99348395133259 -16.373201429255246 124
      vertex 108.99348395133259 -16.373201429255246 128
      vertex 108.83165354742742 -16.332665023314508 124
    endloop
  endfacet
  facet normal -0.4275550934302876 -0.9039892931234408 0
    outer loop
      vertex 109.3013744526042 -16.500733850607798 124
      vertex 109.3013744526042 -16.500733850607798 128
      vertex 109.15056183502065 -16.429404794730814 124
    endloop
  endfacet
  facet normal -0.5141027441931966 -0.8577286100002872 0
    outer loop
      vertex 109.44446939613333 -16.586501659085673 124
      vertex 109.44446939613333 -16.586501659085673 128
      vertex 109.3013744526042 -16.500733850607798 124
    endloop
  endfacet
  facet normal -0.5956993044924414 -0.803207531480639 0
    outer loop
      vertex 109.57846858307819 -16.685882229283347 124
      vertex 109.57846858307819 -16.685882229283347 128
      vertex 109.48659516433896 -16.61774425808752 124
    endloop
  endfacet
  facet normal -0.5956993044925163 -0.8032075314805834 2.665986782490144e-15
    outer loop
      vertex 109.48659516433896 -16.61774425808752 124
      vertex 109.57846858307819 -16.685882229283347 128
      vertex 109.44446939613333 -16.586501659085673 124
    endloop
  endfacet
  facet normal -0.6715589548469918 -0.7409511253549832 0
    outer loop
      vertex 109.70208152801713 -16.797918471982868 124
      vertex 109.70208152801713 -16.797918471982868 128
      vertex 109.57846858307819 -16.685882229283347 124
    endloop
  endfacet
  facet normal -0.24298017990326878 -0.9700312531945428 0
    outer loop
      vertex 108.83165354742742 -16.332665023314508 124
      vertex 108.99348395133259 -16.373201429255246 128
      vertex 108.83165354742742 -16.332665023314508 128
    endloop
  endfacet
  facet normal -0.33688985339223376 -0.9415440651830158 0
    outer loop
      vertex 108.99348395133259 -16.373201429255246 124
      vertex 109.15056183502065 -16.429404794730814 128
      vertex 108.99348395133259 -16.373201429255246 128
    endloop
  endfacet
  facet normal -0.4275550934302876 -0.9039892931234408 0
    outer loop
      vertex 109.15056183502065 -16.429404794730814 124
      vertex 109.3013744526042 -16.500733850607798 128
      vertex 109.15056183502065 -16.429404794730814 128
    endloop
  endfacet
  facet normal -0.5141027441931966 -0.8577286100002872 0
    outer loop
      vertex 109.3013744526042 -16.500733850607798 124
      vertex 109.44446939613333 -16.586501659085673 128
      vertex 109.3013744526042 -16.500733850607798 128
    endloop
  endfacet
  facet normal -0.5956993044924649 -0.8032075314806215 0
    outer loop
      vertex 109.44446939613333 -16.586501659085673 124
      vertex 109.57846858307819 -16.685882229283347 128
      vertex 109.44446939613333 -16.586501659085673 128
    endloop
  endfacet
  facet normal -0.6715589548469918 -0.7409511253549832 0
    outer loop
      vertex 109.57846858307819 -16.685882229283347 124
      vertex 109.70208152801713 -16.797918471982868 128
      vertex 109.57846858307819 -16.685882229283347 128
    endloop
  endfacet
  facet normal -0.7409511253549746 -0.6715589548470013 0
    outer loop
      vertex 109.70208152801713 -16.797918471982868 124
      vertex 109.81411777071665 -16.921531416921802 128
      vertex 109.70208152801713 -16.797918471982868 128
    endloop
  endfacet
  facet normal -0.9415440651830207 0.3368898533922202 5.252490042289651e-19
    outer loop
      vertex 110.12679857074475 -18.493483951332585 124
      vertex 110.07059520526919 -18.650561835020653 124
      vertex 110.07059520526919 -18.650561835020653 128
    endloop
  endfacet
  facet normal -0.9700312531945365 0.24298017990329382 0
    outer loop
      vertex 110.12679857074475 -18.493483951332585 124
      vertex 110.12679857074475 -18.493483951332585 128
      vertex 110.1673349766855 -18.33165354742742 124
    endloop
  endfacet
  facet normal -0.9891765099647878 0.14673047445531523 0
    outer loop
      vertex 110.1673349766855 -18.33165354742742 124
      vertex 110.1673349766855 -18.33165354742742 128
      vertex 110.19181403534273 -18.166629138560253 124
    endloop
  endfacet
  facet normal -0.9987954562051702 0.04906767432746035 8.454601974798425e-20
    outer loop
      vertex 110.2 -18 124
      vertex 110.19181403534273 -18.166629138560253 124
      vertex 110.19181403534273 -18.166629138560253 128
    endloop
  endfacet
  facet normal -0.9987954562051702 -0.04906767432746035 -8.454601974798425e-20
    outer loop
      vertex 110.19181403534273 -17.833370861439747 124
      vertex 110.2 -18 124
      vertex 110.2 -18 128
    endloop
  endfacet
  facet normal -0.9891765099647878 -0.14673047445531523 -6.399598095050598e-19
    outer loop
      vertex 110.1673349766855 -17.66834645257258 124
      vertex 110.19181403534273 -17.833370861439747 124
      vertex 110.19181403534273 -17.833370861439747 128
    endloop
  endfacet
  facet normal -0.9700312531945365 -0.24298017990329382 2.7145217823615043e-19
    outer loop
      vertex 110.12679857074475 -17.506516048667415 124
      vertex 110.1673349766855 -17.66834645257258 124
      vertex 110.1673349766855 -17.66834645257258 128
    endloop
  endfacet
  facet normal -0.9415440651830207 -0.3368898533922202 -5.252490042289651e-19
    outer loop
      vertex 110.07059520526919 -17.349438164979347 124
      vertex 110.12679857074475 -17.506516048667415 124
      vertex 110.12679857074475 -17.506516048667415 128
    endloop
  endfacet
  facet normal -0.9415440651830207 0.3368898533922202 0
    outer loop
      vertex 110.12679857074475 -18.493483951332585 124
      vertex 110.07059520526919 -18.650561835020653 128
      vertex 110.12679857074475 -18.493483951332585 128
    endloop
  endfacet
  facet normal -0.9700312531945365 0.24298017990329382 0
    outer loop
      vertex 110.1673349766855 -18.33165354742742 124
      vertex 110.12679857074475 -18.493483951332585 128
      vertex 110.1673349766855 -18.33165354742742 128
    endloop
  endfacet
  facet normal -0.9891765099647878 0.14673047445531523 0
    outer loop
      vertex 110.19181403534273 -18.166629138560253 124
      vertex 110.1673349766855 -18.33165354742742 128
      vertex 110.19181403534273 -18.166629138560253 128
    endloop
  endfacet
  facet normal -0.9987954562051702 0.04906767432746035 0
    outer loop
      vertex 110.2 -18 124
      vertex 110.19181403534273 -18.166629138560253 128
      vertex 110.2 -18 128
    endloop
  endfacet
  facet normal -0.9987954562051702 -0.04906767432746035 0
    outer loop
      vertex 110.19181403534273 -17.833370861439747 124
      vertex 110.2 -18 128
      vertex 110.19181403534273 -17.833370861439747 128
    endloop
  endfacet
  facet normal -0.9891765099647878 -0.14673047445531523 0
    outer loop
      vertex 110.1673349766855 -17.66834645257258 124
      vertex 110.19181403534273 -17.833370861439747 128
      vertex 110.1673349766855 -17.66834645257258 128
    endloop
  endfacet
  facet normal -0.9700312531945365 -0.24298017990329382 0
    outer loop
      vertex 110.12679857074475 -17.506516048667415 124
      vertex 110.1673349766855 -17.66834645257258 128
      vertex 110.12679857074475 -17.506516048667415 128
    endloop
  endfacet
  facet normal -0.9415440651830207 -0.3368898533922202 0
    outer loop
      vertex 110.07059520526919 -17.349438164979347 124
      vertex 110.12679857074475 -17.506516048667415 128
      vertex 110.07059520526919 -17.349438164979347 128
    endloop
  endfacet
  facet normal 0.6715589548469918 0.7409511253549832 -6.380108186344204e-19
    outer loop
      vertex 107.42153141692181 16.685882229283347 124
      vertex 107.29791847198287 16.797918471982868 124
      vertex 107.29791847198287 16.797918471982868 128
    endloop
  endfacet
  facet normal 0.5956993044924649 0.8032075314806215 0
    outer loop
      vertex 107.42153141692181 16.685882229283347 124
      vertex 107.42153141692181 16.685882229283347 128
      vertex 107.55553060386667 16.586501659085673 124
    endloop
  endfacet
  facet normal 0.7409511253549746 0.6715589548470013 0
    outer loop
      vertex 107.29791847198287 16.797918471982868 124
      vertex 107.18588222928335 16.921531416921802 128
      vertex 107.29791847198287 16.797918471982868 128
    endloop
  endfacet
  facet normal 0.5956993044924649 0.8032075314806215 0
    outer loop
      vertex 107.55553060386667 16.586501659085673 124
      vertex 107.42153141692181 16.685882229283347 128
      vertex 107.55553060386667 16.586501659085673 128
    endloop
  endfacet
  facet normal 0.6715589548469918 0.7409511253549832 0
    outer loop
      vertex 107.42153141692181 16.685882229283347 124
      vertex 107.29791847198287 16.797918471982868 128
      vertex 107.42153141692181 16.685882229283347 128
    endloop
  endfacet
  facet normal 0.9700312531945365 0.24298017990329382 2.7145217823615043e-19
    outer loop
      vertex 106.87320142925525 17.506516048667415 124
      vertex 106.8326650233145 17.66834645257258 124
      vertex 106.8326650233145 17.66834645257258 128
    endloop
  endfacet
  facet normal 0.9891765099647878 0.14673047445531523 -6.399598095050598e-19
    outer loop
      vertex 106.8326650233145 17.66834645257258 124
      vertex 106.80818596465727 17.833370861439747 124
      vertex 106.80818596465727 17.833370861439747 128
    endloop
  endfacet
  facet normal 0.9987954562051702 0.04906767432746035 -8.454601974798425e-20
    outer loop
      vertex 106.80818596465727 17.833370861439747 124
      vertex 106.8 18 124
      vertex 106.8 18 128
    endloop
  endfacet
  facet normal 0.9987954562051702 -0.04906767432746035 8.454601974798425e-20
    outer loop
      vertex 106.8 18 124
      vertex 106.80818596465727 18.166629138560253 124
      vertex 106.80818596465727 18.166629138560253 128
    endloop
  endfacet
  facet normal 0.9891765099647878 -0.14673047445531523 6.399598095050598e-19
    outer loop
      vertex 106.80818596465727 18.166629138560253 124
      vertex 106.8326650233145 18.33165354742742 124
      vertex 106.8326650233145 18.33165354742742 128
    endloop
  endfacet
  facet normal 0.9700312531945365 -0.24298017990329382 -2.7145217823615043e-19
    outer loop
      vertex 106.8326650233145 18.33165354742742 124
      vertex 106.87320142925525 18.493483951332585 124
      vertex 106.87320142925525 18.493483951332585 128
    endloop
  endfacet
  facet normal 0.9039892931234363 0.42755509343029674 1.0900147841387822e-18
    outer loop
      vertex 107.0007338506078 17.198625547395803 124
      vertex 106.92940479473081 17.349438164979347 124
      vertex 106.92940479473081 17.349438164979347 128
    endloop
  endfacet
  facet normal 0.8577286100002947 0.514102744193184 -1.2492831684798714e-18
    outer loop
      vertex 107.08650165908567 17.055530603866675 124
      vertex 107.0007338506078 17.198625547395803 124
      vertex 107.0007338506078 17.198625547395803 128
    endloop
  endfacet
  facet normal 0.8032075314806238 0.5956993044924618 -4.481742522954731e-19
    outer loop
      vertex 107.18588222928335 16.921531416921802 124
      vertex 107.08650165908567 17.055530603866675 124
      vertex 107.08650165908567 17.055530603866675 128
    endloop
  endfacet
  facet normal 0.9415440651830207 0.3368898533922202 -5.252490042289651e-19
    outer loop
      vertex 106.92940479473081 17.349438164979347 124
      vertex 106.87320142925525 17.506516048667415 124
      vertex 106.87320142925525 17.506516048667415 128
    endloop
  endfacet
  facet normal 0.7409511253549746 0.6715589548470013 -4.826590709509631e-19
    outer loop
      vertex 107.29791847198287 16.797918471982868 124
      vertex 107.18588222928335 16.921531416921802 124
      vertex 107.18588222928335 16.921531416921802 128
    endloop
  endfacet
  facet normal 0.9415440651830207 -0.3368898533922202 5.252490042289651e-19
    outer loop
      vertex 106.87320142925525 18.493483951332585 124
      vertex 106.92940479473081 18.650561835020653 124
      vertex 106.92940479473081 18.650561835020653 128
    endloop
  endfacet
  facet normal 0.9700312531945365 0.24298017990329382 0
    outer loop
      vertex 106.87320142925525 17.506516048667415 124
      vertex 106.8326650233145 17.66834645257258 128
      vertex 106.87320142925525 17.506516048667415 128
    endloop
  endfacet
  facet normal 0.9891765099647878 0.14673047445531523 0
    outer loop
      vertex 106.8326650233145 17.66834645257258 124
      vertex 106.80818596465727 17.833370861439747 128
      vertex 106.8326650233145 17.66834645257258 128
    endloop
  endfacet
  facet normal 0.9987954562051702 0.04906767432746035 0
    outer loop
      vertex 106.80818596465727 17.833370861439747 124
      vertex 106.8 18 128
      vertex 106.80818596465727 17.833370861439747 128
    endloop
  endfacet
  facet normal 0.9987954562051702 -0.04906767432746035 0
    outer loop
      vertex 106.8 18 124
      vertex 106.80818596465727 18.166629138560253 128
      vertex 106.8 18 128
    endloop
  endfacet
  facet normal 0.9891765099647878 -0.14673047445531523 0
    outer loop
      vertex 106.80818596465727 18.166629138560253 124
      vertex 106.8326650233145 18.33165354742742 128
      vertex 106.80818596465727 18.166629138560253 128
    endloop
  endfacet
  facet normal 0.9700312531945365 -0.24298017990329382 0
    outer loop
      vertex 106.8326650233145 18.33165354742742 124
      vertex 106.87320142925525 18.493483951332585 128
      vertex 106.8326650233145 18.33165354742742 128
    endloop
  endfacet
  facet normal 0.9039892931234363 0.42755509343029674 0
    outer loop
      vertex 107.0007338506078 17.198625547395803 124
      vertex 106.92940479473081 17.349438164979347 128
      vertex 107.0007338506078 17.198625547395803 128
    endloop
  endfacet
  facet normal 0.8577286100002947 0.514102744193184 0
    outer loop
      vertex 107.08650165908567 17.055530603866675 124
      vertex 107.0007338506078 17.198625547395803 128
      vertex 107.08650165908567 17.055530603866675 128
    endloop
  endfacet
  facet normal 0.8032075314806238 0.5956993044924618 0
    outer loop
      vertex 107.18588222928335 16.921531416921802 124
      vertex 107.08650165908567 17.055530603866675 128
      vertex 107.18588222928335 16.921531416921802 128
    endloop
  endfacet
  facet normal 0.9415440651830207 0.3368898533922202 0
    outer loop
      vertex 106.92940479473081 17.349438164979347 124
      vertex 106.87320142925525 17.506516048667415 128
      vertex 106.92940479473081 17.349438164979347 128
    endloop
  endfacet
  facet normal 0.9415440651830207 -0.3368898533922202 0
    outer loop
      vertex 106.87320142925525 18.493483951332585 124
      vertex 106.92940479473081 18.650561835020653 128
      vertex 106.87320142925525 18.493483951332585 128
    endloop
  endfacet
  facet normal 0.9039892931234363 -0.42755509343029674 0
    outer loop
      vertex 106.92940479473081 18.650561835020653 124
      vertex 107.0007338506078 18.801374452604197 128
      vertex 106.92940479473081 18.650561835020653 128
    endloop
  endfacet
  facet normal 0.5141027441931966 0.8577286100002872 0
    outer loop
      vertex 107.55553060386667 16.586501659085673 124
      vertex 107.55553060386667 16.586501659085673 128
      vertex 107.6986255473958 16.500733850607798 124
    endloop
  endfacet
  facet normal 0.4275550934302876 0.9039892931234408 0
    outer loop
      vertex 107.6986255473958 16.500733850607798 124
      vertex 107.6986255473958 16.500733850607798 128
      vertex 107.84943816497935 16.429404794730814 124
    endloop
  endfacet
  facet normal 0.24298017990326878 0.9700312531945428 0
    outer loop
      vertex 108.00651604866741 16.373201429255246 124
      vertex 108.00651604866741 16.373201429255246 128
      vertex 108.16834645257258 16.332665023314508 124
    endloop
  endfacet
  facet normal 0.33688985339223376 0.9415440651830158 0
    outer loop
      vertex 107.84943816497935 16.429404794730814 124
      vertex 107.84943816497935 16.429404794730814 128
      vertex 108.00651604866741 16.373201429255246 124
    endloop
  endfacet
  facet normal 0.1467304744553538 0.9891765099647821 0
    outer loop
      vertex 108.16834645257258 16.332665023314508 124
      vertex 108.16834645257258 16.332665023314508 128
      vertex 108.33337086143975 16.308185964657266 124
    endloop
  endfacet
  facet normal 0.04906767432741787 0.9987954562051724 0
    outer loop
      vertex 108.33337086143975 16.308185964657266 124
      vertex 108.33337086143975 16.308185964657266 128
      vertex 108.5 16.3 124
    endloop
  endfacet
  facet normal -0.04906767432741787 0.9987954562051724 0
    outer loop
      vertex 108.5 16.3 124
      vertex 108.5 16.3 128
      vertex 108.66662913856025 16.308185964657266 124
    endloop
  endfacet
  facet normal -0.1467304744553538 0.9891765099647821 0
    outer loop
      vertex 108.66662913856025 16.308185964657266 124
      vertex 108.66662913856025 16.308185964657266 128
      vertex 108.83165354742742 16.332665023314508 124
    endloop
  endfacet
  facet normal 0.5141027441931966 0.8577286100002872 0
    outer loop
      vertex 107.6986255473958 16.500733850607798 124
      vertex 107.55553060386667 16.586501659085673 128
      vertex 107.6986255473958 16.500733850607798 128
    endloop
  endfacet
  facet normal 0.4275550934302876 0.9039892931234408 0
    outer loop
      vertex 107.84943816497935 16.429404794730814 124
      vertex 107.6986255473958 16.500733850607798 128
      vertex 107.84943816497935 16.429404794730814 128
    endloop
  endfacet
  facet normal 0.33688985339223376 0.9415440651830158 0
    outer loop
      vertex 108.00651604866741 16.373201429255246 124
      vertex 107.84943816497935 16.429404794730814 128
      vertex 108.00651604866741 16.373201429255246 128
    endloop
  endfacet
  facet normal 0.24298017990326878 0.9700312531945428 0
    outer loop
      vertex 108.16834645257258 16.332665023314508 124
      vertex 108.00651604866741 16.373201429255246 128
      vertex 108.16834645257258 16.332665023314508 128
    endloop
  endfacet
  facet normal 0.1467304744553538 0.9891765099647821 0
    outer loop
      vertex 108.33337086143975 16.308185964657266 124
      vertex 108.16834645257258 16.332665023314508 128
      vertex 108.33337086143975 16.308185964657266 128
    endloop
  endfacet
  facet normal 0.04906767432741787 0.9987954562051724 0
    outer loop
      vertex 108.5 16.3 124
      vertex 108.33337086143975 16.308185964657266 128
      vertex 108.5 16.3 128
    endloop
  endfacet
  facet normal -0.04906767432741787 0.9987954562051724 0
    outer loop
      vertex 108.66662913856025 16.308185964657266 124
      vertex 108.5 16.3 128
      vertex 108.66662913856025 16.308185964657266 128
    endloop
  endfacet
  facet normal -0.1467304744553538 0.9891765099647821 0
    outer loop
      vertex 108.83165354742742 16.332665023314508 124
      vertex 108.66662913856025 16.308185964657266 128
      vertex 108.83165354742742 16.332665023314508 128
    endloop
  endfacet
  facet normal 0.9039892931234363 -0.42755509343029674 -1.0900147841387822e-18
    outer loop
      vertex 106.92940479473081 18.650561835020653 124
      vertex 107.0007338506078 18.801374452604197 124
      vertex 107.0007338506078 18.801374452604197 128
    endloop
  endfacet
  facet normal 0.8577286100002947 -0.514102744193184 1.2492831684798714e-18
    outer loop
      vertex 107.0007338506078 18.801374452604197 124
      vertex 107.08650165908567 18.944469396133325 124
      vertex 107.08650165908567 18.944469396133325 128
    endloop
  endfacet
  facet normal 0.8032075314806238 -0.5956993044924618 4.481742522954731e-19
    outer loop
      vertex 107.08650165908567 18.944469396133325 124
      vertex 107.18588222928335 19.078468583078198 124
      vertex 107.18588222928335 19.078468583078198 128
    endloop
  endfacet
  facet normal 0.7409511253549746 -0.6715589548470013 4.826590709509631e-19
    outer loop
      vertex 107.18588222928335 19.078468583078198 124
      vertex 107.29791847198287 19.202081528017132 124
      vertex 107.29791847198287 19.202081528017132 128
    endloop
  endfacet
  facet normal 0.6715589548469918 -0.7409511253549832 0
    outer loop
      vertex 107.42153141692181 19.314117770716653 124
      vertex 107.42153141692181 19.314117770716653 128
      vertex 107.29791847198287 19.202081528017132 124
    endloop
  endfacet
  facet normal 0.5956993044924649 -0.8032075314806215 0
    outer loop
      vertex 107.55553060386667 19.413498340914327 124
      vertex 107.55553060386667 19.413498340914327 128
      vertex 107.42153141692181 19.314117770716653 124
    endloop
  endfacet
  facet normal 0.8577286100002947 -0.514102744193184 0
    outer loop
      vertex 107.0007338506078 18.801374452604197 124
      vertex 107.08650165908567 18.944469396133325 128
      vertex 107.0007338506078 18.801374452604197 128
    endloop
  endfacet
  facet normal 0.8032075314806238 -0.5956993044924618 4.481742522954731e-19
    outer loop
      vertex 107.18588222928335 19.078468583078198 128
      vertex 107.08650165908567 18.944469396133325 128
      vertex 107.08650165908567 18.944469396133325 124
    endloop
  endfacet
  facet normal 0.7409511253549746 -0.6715589548470013 0
    outer loop
      vertex 107.18588222928335 19.078468583078198 124
      vertex 107.29791847198287 19.202081528017132 128
      vertex 107.18588222928335 19.078468583078198 128
    endloop
  endfacet
  facet normal 0.6715589548469918 -0.7409511253549832 0
    outer loop
      vertex 107.29791847198287 19.202081528017132 124
      vertex 107.42153141692181 19.314117770716653 128
      vertex 107.29791847198287 19.202081528017132 128
    endloop
  endfacet
  facet normal 0.5956993044924649 -0.8032075314806215 0
    outer loop
      vertex 107.42153141692181 19.314117770716653 124
      vertex 107.55553060386667 19.413498340914327 128
      vertex 107.42153141692181 19.314117770716653 128
    endloop
  endfacet
  facet normal 0.5141027441931966 -0.8577286100002872 0
    outer loop
      vertex 107.6986255473958 19.499266149392202 124
      vertex 107.6986255473958 19.499266149392202 128
      vertex 107.55553060386667 19.413498340914327 124
    endloop
  endfacet
  facet normal 0.4275550934302876 -0.9039892931234408 0
    outer loop
      vertex 107.84943816497935 19.570595205269186 124
      vertex 107.84943816497935 19.570595205269186 128
      vertex 107.6986255473958 19.499266149392202 124
    endloop
  endfacet
  facet normal 0.33688985339223376 -0.9415440651830158 0
    outer loop
      vertex 108.00651604866741 19.626798570744754 124
      vertex 108.00651604866741 19.626798570744754 128
      vertex 107.84943816497935 19.570595205269186 124
    endloop
  endfacet
  facet normal 0.24298017990326878 -0.9700312531945428 0
    outer loop
      vertex 108.16834645257258 19.667334976685492 124
      vertex 108.16834645257258 19.667334976685492 128
      vertex 108.00651604866741 19.626798570744754 124
    endloop
  endfacet
  facet normal 0.1467304744553538 -0.9891765099647821 0
    outer loop
      vertex 108.33337086143975 19.691814035342734 124
      vertex 108.33337086143975 19.691814035342734 128
      vertex 108.16834645257258 19.667334976685492 124
    endloop
  endfacet
  facet normal -0.1467304744553538 -0.9891765099647821 0
    outer loop
      vertex 108.83165354742742 19.667334976685492 124
      vertex 108.83165354742742 19.667334976685492 128
      vertex 108.66662913856025 19.691814035342734 124
    endloop
  endfacet
  facet normal 0.04906767432741787 -0.9987954562051724 0
    outer loop
      vertex 108.5 19.7 124
      vertex 108.5 19.7 128
      vertex 108.33337086143975 19.691814035342734 124
    endloop
  endfacet
  facet normal -0.04906767432741787 -0.9987954562051724 0
    outer loop
      vertex 108.66662913856025 19.691814035342734 124
      vertex 108.66662913856025 19.691814035342734 128
      vertex 108.5 19.7 124
    endloop
  endfacet
  facet normal 0.5141027441931966 -0.8577286100002872 0
    outer loop
      vertex 107.55553060386667 19.413498340914327 124
      vertex 107.6986255473958 19.499266149392202 128
      vertex 107.55553060386667 19.413498340914327 128
    endloop
  endfacet
  facet normal 0.4275550934302876 -0.9039892931234408 0
    outer loop
      vertex 107.6986255473958 19.499266149392202 124
      vertex 107.84943816497935 19.570595205269186 128
      vertex 107.6986255473958 19.499266149392202 128
    endloop
  endfacet
  facet normal 0.33688985339223376 -0.9415440651830158 0
    outer loop
      vertex 107.84943816497935 19.570595205269186 124
      vertex 108.00651604866741 19.626798570744754 128
      vertex 107.84943816497935 19.570595205269186 128
    endloop
  endfacet
  facet normal 0.24298017990326878 -0.9700312531945428 0
    outer loop
      vertex 108.00651604866741 19.626798570744754 124
      vertex 108.16834645257258 19.667334976685492 128
      vertex 108.00651604866741 19.626798570744754 128
    endloop
  endfacet
  facet normal 0.1467304744553538 -0.9891765099647821 0
    outer loop
      vertex 108.16834645257258 19.667334976685492 124
      vertex 108.33337086143975 19.691814035342734 128
      vertex 108.16834645257258 19.667334976685492 128
    endloop
  endfacet
  facet normal -0.1467304744553538 -0.9891765099647821 0
    outer loop
      vertex 108.66662913856025 19.691814035342734 124
      vertex 108.83165354742742 19.667334976685492 128
      vertex 108.66662913856025 19.691814035342734 128
    endloop
  endfacet
  facet normal 0.04906767432741787 -0.9987954562051724 0
    outer loop
      vertex 108.33337086143975 19.691814035342734 124
      vertex 108.5 19.7 128
      vertex 108.33337086143975 19.691814035342734 128
    endloop
  endfacet
  facet normal -0.04906767432741787 -0.9987954562051724 0
    outer loop
      vertex 108.5 19.7 124
      vertex 108.66662913856025 19.691814035342734 128
      vertex 108.5 19.7 128
    endloop
  endfacet
  facet normal -0.24298017990326878 0.9700312531945428 0
    outer loop
      vertex 108.83165354742742 16.332665023314508 124
      vertex 108.83165354742742 16.332665023314508 128
      vertex 108.99348395133259 16.373201429255246 124
    endloop
  endfacet
  facet normal -0.33688985339223376 0.9415440651830158 0
    outer loop
      vertex 108.99348395133259 16.373201429255246 124
      vertex 108.99348395133259 16.373201429255246 128
      vertex 109.15056183502065 16.429404794730814 124
    endloop
  endfacet
  facet normal -0.4275550934302876 0.9039892931234408 0
    outer loop
      vertex 109.15056183502065 16.429404794730814 124
      vertex 109.15056183502065 16.429404794730814 128
      vertex 109.3013744526042 16.500733850607798 124
    endloop
  endfacet
  facet normal -0.5141027441931966 0.8577286100002872 0
    outer loop
      vertex 109.3013744526042 16.500733850607798 124
      vertex 109.3013744526042 16.500733850607798 128
      vertex 109.44446939613333 16.586501659085673 124
    endloop
  endfacet
  facet normal -0.5956993044924649 0.8032075314806215 0
    outer loop
      vertex 109.44446939613333 16.586501659085673 124
      vertex 109.44446939613333 16.586501659085673 128
      vertex 109.57846858307819 16.685882229283347 124
    endloop
  endfacet
  facet normal -0.6715589548469918 0.7409511253549832 0
    outer loop
      vertex 109.57846858307819 16.685882229283347 124
      vertex 109.57846858307819 16.685882229283347 128
      vertex 109.70208152801713 16.797918471982868 124
    endloop
  endfacet
  facet normal -0.7409511253549746 0.6715589548470013 0
    outer loop
      vertex 109.70208152801713 16.797918471982868 124
      vertex 109.70208152801713 16.797918471982868 128
      vertex 109.81411777071665 16.921531416921802 124
    endloop
  endfacet
  facet normal -0.24298017990326878 0.9700312531945428 0
    outer loop
      vertex 108.99348395133259 16.373201429255246 124
      vertex 108.83165354742742 16.332665023314508 128
      vertex 108.99348395133259 16.373201429255246 128
    endloop
  endfacet
  facet normal -0.33688985339223376 0.9415440651830158 0
    outer loop
      vertex 109.15056183502065 16.429404794730814 124
      vertex 108.99348395133259 16.373201429255246 128
      vertex 109.15056183502065 16.429404794730814 128
    endloop
  endfacet
  facet normal -0.4275550934302876 0.9039892931234408 0
    outer loop
      vertex 109.3013744526042 16.500733850607798 124
      vertex 109.15056183502065 16.429404794730814 128
      vertex 109.3013744526042 16.500733850607798 128
    endloop
  endfacet
  facet normal -0.5141027441931966 0.8577286100002872 0
    outer loop
      vertex 109.44446939613333 16.586501659085673 124
      vertex 109.3013744526042 16.500733850607798 128
      vertex 109.44446939613333 16.586501659085673 128
    endloop
  endfacet
  facet normal -0.5956993044924649 0.8032075314806215 0
    outer loop
      vertex 109.57846858307819 16.685882229283347 124
      vertex 109.44446939613333 16.586501659085673 128
      vertex 109.57846858307819 16.685882229283347 128
    endloop
  endfacet
  facet normal -0.6715589548469918 0.7409511253549832 0
    outer loop
      vertex 109.70208152801713 16.797918471982868 124
      vertex 109.57846858307819 16.685882229283347 128
      vertex 109.70208152801713 16.797918471982868 128
    endloop
  endfacet
  facet normal -0.8032075314806238 0.5956993044924618 0
    outer loop
      vertex 109.81411777071665 16.921531416921802 124
      vertex 109.81411777071665 16.921531416921802 128
      vertex 109.91349834091433 17.055530603866675 124
    endloop
  endfacet
  facet normal -0.8577286100002947 0.514102744193184 0
    outer loop
      vertex 109.91349834091433 17.055530603866675 124
      vertex 109.91349834091433 17.055530603866675 128
      vertex 109.9992661493922 17.198625547395803 124
    endloop
  endfacet
  facet normal -0.9039892931234363 0.42755509343029674 -1.0900147841387822e-18
    outer loop
      vertex 110.07059520526919 17.349438164979347 124
      vertex 109.9992661493922 17.198625547395803 124
      vertex 109.9992661493922 17.198625547395803 128
    endloop
  endfacet
  facet normal -0.9039892931234363 -0.42755509343029674 1.0900147841387822e-18
    outer loop
      vertex 109.9992661493922 18.801374452604197 124
      vertex 110.07059520526919 18.650561835020653 124
      vertex 110.07059520526919 18.650561835020653 128
    endloop
  endfacet
  facet normal -0.7409511253549746 0.6715589548470013 0
    outer loop
      vertex 109.81411777071665 16.921531416921802 124
      vertex 109.70208152801713 16.797918471982868 128
      vertex 109.81411777071665 16.921531416921802 128
    endloop
  endfacet
  facet normal -0.8032075314806238 0.5956993044924618 0
    outer loop
      vertex 109.91349834091433 17.055530603866675 128
      vertex 109.91349834091433 17.055530603866675 124
      vertex 109.81411777071665 16.921531416921802 128
    endloop
  endfacet
  facet normal -0.8577286100002947 0.514102744193184 0
    outer loop
      vertex 109.9992661493922 17.198625547395803 124
      vertex 109.91349834091433 17.055530603866675 128
      vertex 109.9992661493922 17.198625547395803 128
    endloop
  endfacet
  facet normal -0.9039892931234363 0.42755509343029674 0
    outer loop
      vertex 110.07059520526919 17.349438164979347 124
      vertex 109.9992661493922 17.198625547395803 128
      vertex 110.07059520526919 17.349438164979347 128
    endloop
  endfacet
  facet normal -0.9415440651830207 0.3368898533922202 5.252490042289651e-19
    outer loop
      vertex 110.12679857074475 17.506516048667415 124
      vertex 110.07059520526919 17.349438164979347 124
      vertex 110.07059520526919 17.349438164979347 128
    endloop
  endfacet
  facet normal -0.9700312531945365 0.24298017990329382 -2.7145217823615043e-19
    outer loop
      vertex 110.1673349766855 17.66834645257258 124
      vertex 110.12679857074475 17.506516048667415 124
      vertex 110.12679857074475 17.506516048667415 128
    endloop
  endfacet
  facet normal -0.9891765099647878 0.14673047445531523 6.399598095050598e-19
    outer loop
      vertex 110.19181403534273 17.833370861439747 124
      vertex 110.1673349766855 17.66834645257258 124
      vertex 110.1673349766855 17.66834645257258 128
    endloop
  endfacet
  facet normal -0.9987954562051702 0.04906767432746035 8.454601974798425e-20
    outer loop
      vertex 110.2 18 124
      vertex 110.19181403534273 17.833370861439747 124
      vertex 110.19181403534273 17.833370861439747 128
    endloop
  endfacet
  facet normal -0.9987954562051702 -0.04906767432746035 -8.454601974798425e-20
    outer loop
      vertex 110.19181403534273 18.166629138560253 124
      vertex 110.2 18 124
      vertex 110.2 18 128
    endloop
  endfacet
  facet normal -0.9891765099647878 -0.14673047445531523 -6.399598095050598e-19
    outer loop
      vertex 110.1673349766855 18.33165354742742 124
      vertex 110.19181403534273 18.166629138560253 124
      vertex 110.19181403534273 18.166629138560253 128
    endloop
  endfacet
  facet normal -0.9700312531945365 -0.24298017990329382 0
    outer loop
      vertex 110.1673349766855 18.33165354742742 124
      vertex 110.1673349766855 18.33165354742742 128
      vertex 110.12679857074475 18.493483951332585 124
    endloop
  endfacet
  facet normal -0.9415440651830207 -0.3368898533922202 -5.252490042289651e-19
    outer loop
      vertex 110.07059520526919 18.650561835020653 124
      vertex 110.12679857074475 18.493483951332585 124
      vertex 110.12679857074475 18.493483951332585 128
    endloop
  endfacet
  facet normal -0.9415440651830207 0.3368898533922202 0
    outer loop
      vertex 110.12679857074475 17.506516048667415 124
      vertex 110.07059520526919 17.349438164979347 128
      vertex 110.12679857074475 17.506516048667415 128
    endloop
  endfacet
  facet normal -0.9700312531945365 0.24298017990329382 0
    outer loop
      vertex 110.1673349766855 17.66834645257258 124
      vertex 110.12679857074475 17.506516048667415 128
      vertex 110.1673349766855 17.66834645257258 128
    endloop
  endfacet
  facet normal -0.9891765099647878 0.14673047445531523 0
    outer loop
      vertex 110.19181403534273 17.833370861439747 124
      vertex 110.1673349766855 17.66834645257258 128
      vertex 110.19181403534273 17.833370861439747 128
    endloop
  endfacet
  facet normal -0.9987954562051702 0.04906767432746035 0
    outer loop
      vertex 110.2 18 124
      vertex 110.19181403534273 17.833370861439747 128
      vertex 110.2 18 128
    endloop
  endfacet
  facet normal -0.9987954562051702 -0.04906767432746035 0
    outer loop
      vertex 110.19181403534273 18.166629138560253 124
      vertex 110.2 18 128
      vertex 110.19181403534273 18.166629138560253 128
    endloop
  endfacet
  facet normal -0.9891765099647878 -0.14673047445531523 0
    outer loop
      vertex 110.1673349766855 18.33165354742742 124
      vertex 110.19181403534273 18.166629138560253 128
      vertex 110.1673349766855 18.33165354742742 128
    endloop
  endfacet
  facet normal -0.9700312531945365 -0.24298017990329382 0
    outer loop
      vertex 110.12679857074475 18.493483951332585 124
      vertex 110.1673349766855 18.33165354742742 128
      vertex 110.12679857074475 18.493483951332585 128
    endloop
  endfacet
  facet normal -0.9415440651830207 -0.3368898533922202 0
    outer loop
      vertex 110.07059520526919 18.650561835020653 124
      vertex 110.12679857074475 18.493483951332585 128
      vertex 110.07059520526919 18.650561835020653 128
    endloop
  endfacet
  facet normal -0.24298017990326878 -0.9700312531945428 0
    outer loop
      vertex 108.99348395133259 19.626798570744754 124
      vertex 108.99348395133259 19.626798570744754 128
      vertex 108.83165354742742 19.667334976685492 124
    endloop
  endfacet
  facet normal -0.33688985339223376 -0.9415440651830158 0
    outer loop
      vertex 109.15056183502065 19.570595205269186 124
      vertex 109.15056183502065 19.570595205269186 128
      vertex 108.99348395133259 19.626798570744754 124
    endloop
  endfacet
  facet normal -0.4275550934302876 -0.9039892931234408 0
    outer loop
      vertex 109.3013744526042 19.499266149392202 124
      vertex 109.3013744526042 19.499266149392202 128
      vertex 109.15056183502065 19.570595205269186 124
    endloop
  endfacet
  facet normal -0.5141027441931966 -0.8577286100002872 0
    outer loop
      vertex 109.44446939613333 19.413498340914327 124
      vertex 109.44446939613333 19.413498340914327 128
      vertex 109.3013744526042 19.499266149392202 124
    endloop
  endfacet
  facet normal -0.5956993044924649 -0.8032075314806215 0
    outer loop
      vertex 109.57846858307819 19.314117770716653 124
      vertex 109.57846858307819 19.314117770716653 128
      vertex 109.44446939613333 19.413498340914327 124
    endloop
  endfacet
  facet normal -0.6715589548469918 -0.7409511253549832 -6.380108186344204e-19
    outer loop
      vertex 109.57846858307819 19.314117770716653 124
      vertex 109.70208152801713 19.202081528017132 124
      vertex 109.70208152801713 19.202081528017132 128
    endloop
  endfacet
  facet normal -0.7409511253549746 -0.6715589548470013 -4.826590709509631e-19
    outer loop
      vertex 109.70208152801713 19.202081528017132 124
      vertex 109.81411777071665 19.078468583078198 124
      vertex 109.81411777071665 19.078468583078198 128
    endloop
  endfacet
  facet normal -0.8032075314806238 -0.5956993044924618 -4.481742522954731e-19
    outer loop
      vertex 109.81411777071665 19.078468583078198 124
      vertex 109.91349834091433 18.944469396133325 124
      vertex 109.91349834091433 18.944469396133325 128
    endloop
  endfacet
  facet normal -0.8577286100002947 -0.514102744193184 -1.2492831684798714e-18
    outer loop
      vertex 109.91349834091433 18.944469396133325 124
      vertex 109.9992661493922 18.801374452604197 124
      vertex 109.9992661493922 18.801374452604197 128
    endloop
  endfacet
  facet normal -0.24298017990326878 -0.9700312531945428 0
    outer loop
      vertex 108.83165354742742 19.667334976685492 124
      vertex 108.99348395133259 19.626798570744754 128
      vertex 108.83165354742742 19.667334976685492 128
    endloop
  endfacet
  facet normal -0.33688985339223376 -0.9415440651830158 0
    outer loop
      vertex 108.99348395133259 19.626798570744754 124
      vertex 109.15056183502065 19.570595205269186 128
      vertex 108.99348395133259 19.626798570744754 128
    endloop
  endfacet
  facet normal -0.4275550934302876 -0.9039892931234408 0
    outer loop
      vertex 109.15056183502065 19.570595205269186 124
      vertex 109.3013744526042 19.499266149392202 128
      vertex 109.15056183502065 19.570595205269186 128
    endloop
  endfacet
  facet normal -0.5141027441931966 -0.8577286100002872 0
    outer loop
      vertex 109.3013744526042 19.499266149392202 124
      vertex 109.44446939613333 19.413498340914327 128
      vertex 109.3013744526042 19.499266149392202 128
    endloop
  endfacet
  facet normal -0.7409511253549746 -0.6715589548470013 0
    outer loop
      vertex 109.70208152801713 19.202081528017132 124
      vertex 109.81411777071665 19.078468583078198 128
      vertex 109.70208152801713 19.202081528017132 128
    endloop
  endfacet
  facet normal -0.5956993044924649 -0.8032075314806215 0
    outer loop
      vertex 109.44446939613333 19.413498340914327 124
      vertex 109.57846858307819 19.314117770716653 128
      vertex 109.44446939613333 19.413498340914327 128
    endloop
  endfacet
  facet normal -0.6715589548469918 -0.7409511253549832 0
    outer loop
      vertex 109.57846858307819 19.314117770716653 124
      vertex 109.70208152801713 19.202081528017132 128
      vertex 109.57846858307819 19.314117770716653 128
    endloop
  endfacet
  facet normal -0.8032075314806238 -0.5956993044924618 0
    outer loop
      vertex 109.81411777071665 19.078468583078198 124
      vertex 109.91349834091433 18.944469396133325 128
      vertex 109.81411777071665 19.078468583078198 128
    endloop
  endfacet
  facet normal -0.8577286100002947 -0.514102744193184 0
    outer loop
      vertex 109.91349834091433 18.944469396133325 124
      vertex 109.9992661493922 18.801374452604197 128
      vertex 109.91349834091433 18.944469396133325 128
    endloop
  endfacet
  facet normal -0.9039892931234363 -0.42755509343029674 0
    outer loop
      vertex 109.9992661493922 18.801374452604197 124
      vertex 110.07059520526919 18.650561835020653 128
      vertex 109.9992661493922 18.801374452604197 128
    endloop
  endfacet
  facet normal 0.42755509343029446 0.9039892931234375 4.482964576135747e-14
    outer loop
      vertex 143.84943816497935 -19.570595205269186 123.95
      vertex 143.7319606580338 -19.51503248252442 123.95
      vertex 143.75743693050853 -19.527081862025973 124
    endloop
  endfacet
  facet normal 0.8577286100002196 0.5141027441933094 0
    outer loop
      vertex 143.0007338506078 -18.801374452604197 124
      vertex 143.0007338506078 -18.801374452604197 128
      vertex 143.08650165908568 -18.944469396133325 124
    endloop
  endfacet
  facet normal 0.8032075314806646 0.5956993044924068 0
    outer loop
      vertex 143.08650165908568 -18.944469396133325 128
      vertex 143.18588222928335 -19.078468583078198 124
      vertex 143.08650165908568 -18.944469396133325 124
    endloop
  endfacet
  facet normal 0.9039892931234363 0.42755509343029674 1.0900147841387822e-18
    outer loop
      vertex 142.9294047947308 -18.650561835020653 128
      vertex 143.0007338506078 -18.801374452604197 128
      vertex 143.0007338506078 -18.801374452604197 124
    endloop
  endfacet
  facet normal 0.8032075314806646 0.5956993044924068 -1.1725624395337726e-18
    outer loop
      vertex 143.08650165908568 -18.944469396133325 128
      vertex 143.18588222928335 -19.078468583078198 128
      vertex 143.18588222928335 -19.078468583078198 124
    endloop
  endfacet
  facet normal 0.8577286100002196 0.5141027441933094 0
    outer loop
      vertex 143.08650165908568 -18.944469396133325 128
      vertex 143.08650165908568 -18.944469396133325 124
      vertex 143.0007338506078 -18.801374452604197 128
    endloop
  endfacet
  facet normal 0.6715589548470765 0.7409511253549064 0
    outer loop
      vertex 143.29791847198288 -19.202081528017132 128
      vertex 143.4215314169218 -19.314117770716653 124
      vertex 143.29791847198288 -19.202081528017132 124
    endloop
  endfacet
  facet normal 0.5956993044923834 0.803207531480682 0
    outer loop
      vertex 143.4215314169218 -19.314117770716653 128
      vertex 143.55553060386669 -19.413498340914327 124
      vertex 143.4215314169218 -19.314117770716653 124
    endloop
  endfacet
  facet normal 0.7409511253549322 0.6715589548470481 0
    outer loop
      vertex 143.18588222928335 -19.078468583078198 128
      vertex 143.29791847198288 -19.202081528017132 124
      vertex 143.18588222928335 -19.078468583078198 124
    endloop
  endfacet
  facet normal 0.5141027441932341 0.8577286100002647 0
    outer loop
      vertex 143.55553060386669 -19.413498340914327 128
      vertex 143.6986255473958 -19.499266149392202 124
      vertex 143.55553060386669 -19.413498340914327 124
    endloop
  endfacet
  facet normal 0.4275550934303078 0.9039892931234311 0
    outer loop
      vertex 143.6986255473958 -19.499266149392202 128
      vertex 143.75743693050853 -19.527081862025973 124
      vertex 143.6986255473958 -19.499266149392202 124
    endloop
  endfacet
  facet normal 0.4275550934302746 0.9039892931234469 0
    outer loop
      vertex 143.84943816497935 -19.570595205269186 123.95
      vertex 143.75743693050853 -19.527081862025973 124
      vertex 143.84943816497935 -19.570595205269186 128
    endloop
  endfacet
  facet normal 0.04906767432742204 0.9987954562051722 0
    outer loop
      vertex 144.33337086143976 -19.691814035342734 123.95
      vertex 144.33337086143976 -19.691814035342734 128
      vertex 144.5 -19.7 123.95
    endloop
  endfacet
  facet normal 0.3368898533922337 0.9415440651830158 0
    outer loop
      vertex 143.84943816497935 -19.570595205269186 123.95
      vertex 143.84943816497935 -19.570595205269186 128
      vertex 144.0065160486674 -19.626798570744754 123.95
    endloop
  endfacet
  facet normal 0.2429801799032487 0.9700312531945479 0
    outer loop
      vertex 144.0065160486674 -19.626798570744754 123.95
      vertex 144.0065160486674 -19.626798570744754 128
      vertex 144.1683464525726 -19.667334976685492 123.95
    endloop
  endfacet
  facet normal 0.14673047445535384 0.989176509964782 0
    outer loop
      vertex 144.1683464525726 -19.667334976685492 123.95
      vertex 144.1683464525726 -19.667334976685492 128
      vertex 144.33337086143976 -19.691814035342734 123.95
    endloop
  endfacet
  facet normal 0.6715589548470765 0.7409511253549064 0
    outer loop
      vertex 143.4215314169218 -19.314117770716653 128
      vertex 143.4215314169218 -19.314117770716653 124
      vertex 143.29791847198288 -19.202081528017132 128
    endloop
  endfacet
  facet normal 0.5956993044923834 0.803207531480682 0
    outer loop
      vertex 143.55553060386669 -19.413498340914327 128
      vertex 143.55553060386669 -19.413498340914327 124
      vertex 143.4215314169218 -19.314117770716653 128
    endloop
  endfacet
  facet normal 0.7409511253549322 0.6715589548470481 4.603358480381709e-19
    outer loop
      vertex 143.18588222928335 -19.078468583078198 128
      vertex 143.29791847198288 -19.202081528017132 128
      vertex 143.29791847198288 -19.202081528017132 124
    endloop
  endfacet
  facet normal 0.5141027441932341 0.8577286100002647 0
    outer loop
      vertex 143.6986255473958 -19.499266149392202 128
      vertex 143.6986255473958 -19.499266149392202 124
      vertex 143.55553060386669 -19.413498340914327 128
    endloop
  endfacet
  facet normal 0.4275550934302876 0.9039892931234408 -3.6477020715002257e-16
    outer loop
      vertex 143.75743693050853 -19.527081862025973 124
      vertex 143.6986255473958 -19.499266149392202 128
      vertex 143.84943816497935 -19.570595205269186 128
    endloop
  endfacet
  facet normal 0.04906767432742204 0.9987954562051722 0
    outer loop
      vertex 144.5 -19.7 123.95
      vertex 144.33337086143976 -19.691814035342734 128
      vertex 144.5 -19.7 128
    endloop
  endfacet
  facet normal 0.3368898533922337 0.9415440651830158 0
    outer loop
      vertex 144.0065160486674 -19.626798570744754 123.95
      vertex 143.84943816497935 -19.570595205269186 128
      vertex 144.0065160486674 -19.626798570744754 128
    endloop
  endfacet
  facet normal 0.2429801799032487 0.9700312531945479 0
    outer loop
      vertex 144.1683464525726 -19.667334976685492 123.95
      vertex 144.0065160486674 -19.626798570744754 128
      vertex 144.1683464525726 -19.667334976685492 128
    endloop
  endfacet
  facet normal 0.14673047445535384 0.989176509964782 0
    outer loop
      vertex 144.33337086143976 -19.691814035342734 123.95
      vertex 144.1683464525726 -19.667334976685492 128
      vertex 144.33337086143976 -19.691814035342734 128
    endloop
  endfacet
  facet normal 0 0 1
    outer loop
      vertex 143.84943816497935 -19.570595205269186 123.95
      vertex 143.7319606580338 -16.48496751747558 123.95
      vertex 143.7319606580338 -19.51503248252442 123.95
    endloop
  endfacet
  facet normal 0 0 1
    outer loop
      vertex 143.84943816497935 -19.570595205269186 123.95
      vertex 143.84943816497935 -16.429404794730814 123.95
      vertex 143.7319606580338 -16.48496751747558 123.95
    endloop
  endfacet
  facet normal 0 0 1
    outer loop
      vertex 143.84943816497935 -19.570595205269186 123.95
      vertex 144.0065160486674 -19.626798570744754 123.95
      vertex 144.0065160486674 -16.373201429255246 123.95
    endloop
  endfacet
  facet normal 0 0 1
    outer loop
      vertex 144.0065160486674 -19.626798570744754 123.95
      vertex 144.1683464525726 -19.667334976685492 123.95
      vertex 144.1683464525726 -16.332665023314508 123.95
    endloop
  endfacet
  facet normal 0 0 1
    outer loop
      vertex 144.1683464525726 -19.667334976685492 123.95
      vertex 144.33337086143976 -19.691814035342734 123.95
      vertex 144.33337086143976 -16.308185964657266 123.95
    endloop
  endfacet
  facet normal 0 0 1
    outer loop
      vertex 144.33337086143976 -19.691814035342734 123.95
      vertex 144.5 -19.7 123.95
      vertex 144.5 -16.3 123.95
    endloop
  endfacet
  facet normal 0 0 1
    outer loop
      vertex 143.84943816497935 -19.570595205269186 123.95
      vertex 144.0065160486674 -16.373201429255246 123.95
      vertex 143.84943816497935 -16.429404794730814 123.95
    endloop
  endfacet
  facet normal 0 0 1
    outer loop
      vertex 144.0065160486674 -19.626798570744754 123.95
      vertex 144.1683464525726 -16.332665023314508 123.95
      vertex 144.0065160486674 -16.373201429255246 123.95
    endloop
  endfacet
  facet normal 0 0 1
    outer loop
      vertex 144.1683464525726 -19.667334976685492 123.95
      vertex 144.33337086143976 -16.308185964657266 123.95
      vertex 144.1683464525726 -16.332665023314508 123.95
    endloop
  endfacet
  facet normal 0 0 1
    outer loop
      vertex 144.33337086143976 -19.691814035342734 123.95
      vertex 144.5 -16.3 123.95
      vertex 144.33337086143976 -16.308185964657266 123.95
    endloop
  endfacet
  facet normal 0.42755509343029446 -0.9039892931234375 4.4887316469484026e-14
    outer loop
      vertex 143.84943816497935 -16.429404794730814 123.95
      vertex 143.75743693050853 -16.472918137974027 124
      vertex 143.7319606580338 -16.48496751747558 123.95
    endloop
  endfacet
  facet normal 0.9700312531945767 0.24298017990313353 0
    outer loop
      vertex 142.83266502331452 -18.33165354742742 128
      vertex 142.87320142925523 -18.493483951332585 124
      vertex 142.83266502331452 -18.33165354742742 124
    endloop
  endfacet
  facet normal 0.9987954562051744 0.049067674327375375 0
    outer loop
      vertex 142.8 -18 128
      vertex 142.80818596465727 -18.166629138560253 124
      vertex 142.8 -18 124
    endloop
  endfacet
  facet normal 0.9891765099647755 0.14673047445539858 0
    outer loop
      vertex 142.80818596465727 -18.166629138560253 128
      vertex 142.83266502331452 -18.33165354742742 124
      vertex 142.80818596465727 -18.166629138560253 124
    endloop
  endfacet
  facet normal 0.9987954562051744 -0.049067674327375375 0
    outer loop
      vertex 142.80818596465727 -17.833370861439747 128
      vertex 142.8 -18 124
      vertex 142.80818596465727 -17.833370861439747 124
    endloop
  endfacet
  facet normal 0.9039892931234363 0.42755509343029674 0
    outer loop
      vertex 142.9294047947308 -18.650561835020653 128
      vertex 143.0007338506078 -18.801374452604197 124
      vertex 142.9294047947308 -18.650561835020653 124
    endloop
  endfacet
  facet normal 0.9415440651830207 0.3368898533922202 0
    outer loop
      vertex 142.87320142925523 -18.493483951332585 128
      vertex 142.9294047947308 -18.650561835020653 124
      vertex 142.87320142925523 -18.493483951332585 124
    endloop
  endfacet
  facet normal 0.9891765099647755 -0.14673047445539858 0
    outer loop
      vertex 142.83266502331452 -17.66834645257258 128
      vertex 142.80818596465727 -17.833370861439747 124
      vertex 142.83266502331452 -17.66834645257258 124
    endloop
  endfacet
  facet normal 0.9700312531945767 -0.24298017990313353 0
    outer loop
      vertex 142.87320142925523 -17.506516048667415 128
      vertex 142.83266502331452 -17.66834645257258 124
      vertex 142.87320142925523 -17.506516048667415 124
    endloop
  endfacet
  facet normal 0.9415440651830207 -0.3368898533922202 0
    outer loop
      vertex 142.9294047947308 -17.349438164979347 128
      vertex 142.87320142925523 -17.506516048667415 124
      vertex 142.9294047947308 -17.349438164979347 124
    endloop
  endfacet
  facet normal 0.9039892931234363 -0.42755509343029674 0
    outer loop
      vertex 143.0007338506078 -17.198625547395803 128
      vertex 142.9294047947308 -17.349438164979347 124
      vertex 143.0007338506078 -17.198625547395803 124
    endloop
  endfacet
  facet normal 0.8577286100002196 -0.5141027441933094 0
    outer loop
      vertex 143.08650165908568 -17.055530603866675 128
      vertex 143.0007338506078 -17.198625547395803 124
      vertex 143.08650165908568 -17.055530603866675 124
    endloop
  endfacet
  facet normal 0.8032075314806646 -0.5956993044924068 1.1725624395337726e-18
    outer loop
      vertex 143.08650165908568 -17.055530603866675 124
      vertex 143.18588222928335 -16.921531416921802 124
      vertex 143.18588222928335 -16.921531416921802 128
    endloop
  endfacet
  facet normal 0.9700312531945767 0.24298017990313353 8.776266375848709e-20
    outer loop
      vertex 142.83266502331452 -18.33165354742742 128
      vertex 142.87320142925523 -18.493483951332585 128
      vertex 142.87320142925523 -18.493483951332585 124
    endloop
  endfacet
  facet normal 0.9987954562051744 0.049067674327375375 -1.7210010469467705e-20
    outer loop
      vertex 142.8 -18 128
      vertex 142.80818596465727 -18.166629138560253 128
      vertex 142.80818596465727 -18.166629138560253 124
    endloop
  endfacet
  facet normal 0.9891765099647755 0.14673047445539858 -3.2790482607323377e-19
    outer loop
      vertex 142.80818596465727 -18.166629138560253 128
      vertex 142.83266502331452 -18.33165354742742 128
      vertex 142.83266502331452 -18.33165354742742 124
    endloop
  endfacet
  facet normal 0.9987954562051744 -0.049067674327375375 1.7210010469467705e-20
    outer loop
      vertex 142.80818596465727 -17.833370861439747 128
      vertex 142.8 -18 128
      vertex 142.8 -18 124
    endloop
  endfacet
  facet normal 0.9415440651830207 0.3368898533922202 -5.252490042289651e-19
    outer loop
      vertex 142.87320142925523 -18.493483951332585 128
      vertex 142.9294047947308 -18.650561835020653 128
      vertex 142.9294047947308 -18.650561835020653 124
    endloop
  endfacet
  facet normal 0.9891765099647755 -0.14673047445539858 3.2790482607323377e-19
    outer loop
      vertex 142.83266502331452 -17.66834645257258 128
      vertex 142.80818596465727 -17.833370861439747 128
      vertex 142.80818596465727 -17.833370861439747 124
    endloop
  endfacet
  facet normal 0.9700312531945767 -0.24298017990313353 -8.776266375848709e-20
    outer loop
      vertex 142.87320142925523 -17.506516048667415 128
      vertex 142.83266502331452 -17.66834645257258 128
      vertex 142.83266502331452 -17.66834645257258 124
    endloop
  endfacet
  facet normal 0.9415440651830207 -0.3368898533922202 5.252490042289651e-19
    outer loop
      vertex 142.9294047947308 -17.349438164979347 128
      vertex 142.87320142925523 -17.506516048667415 128
      vertex 142.87320142925523 -17.506516048667415 124
    endloop
  endfacet
  facet normal 0.9039892931234363 -0.42755509343029674 -1.0900147841387822e-18
    outer loop
      vertex 143.0007338506078 -17.198625547395803 128
      vertex 142.9294047947308 -17.349438164979347 128
      vertex 142.9294047947308 -17.349438164979347 124
    endloop
  endfacet
  facet normal 0.8577286100002196 -0.5141027441933094 -1.348274641385429e-19
    outer loop
      vertex 143.08650165908568 -17.055530603866675 128
      vertex 143.0007338506078 -17.198625547395803 128
      vertex 143.0007338506078 -17.198625547395803 124
    endloop
  endfacet
  facet normal 0.8032075314806646 -0.5956993044924068 1.1725624395337726e-18
    outer loop
      vertex 143.18588222928335 -16.921531416921802 128
      vertex 143.08650165908568 -17.055530603866675 128
      vertex 143.08650165908568 -17.055530603866675 124
    endloop
  endfacet
  facet normal 0.7409511253549322 -0.6715589548470481 -4.603358480381709e-19
    outer loop
      vertex 143.29791847198288 -16.797918471982868 128
      vertex 143.18588222928335 -16.921531416921802 128
      vertex 143.18588222928335 -16.921531416921802 124
    endloop
  endfacet
  facet normal 0.7409511253549322 -0.6715589548470481 0
    outer loop
      vertex 143.29791847198288 -16.797918471982868 128
      vertex 143.18588222928335 -16.921531416921802 124
      vertex 143.29791847198288 -16.797918471982868 124
    endloop
  endfacet
  facet normal 0.6715589548470765 -0.7409511253549064 0
    outer loop
      vertex 143.4215314169218 -16.685882229283347 128
      vertex 143.29791847198288 -16.797918471982868 124
      vertex 143.4215314169218 -16.685882229283347 124
    endloop
  endfacet
  facet normal 0.5956993044923834 -0.803207531480682 0
    outer loop
      vertex 143.55553060386669 -16.586501659085673 128
      vertex 143.4215314169218 -16.685882229283347 124
      vertex 143.55553060386669 -16.586501659085673 124
    endloop
  endfacet
  facet normal 0.5141027441932341 -0.8577286100002647 0
    outer loop
      vertex 143.6986255473958 -16.500733850607798 128
      vertex 143.55553060386669 -16.586501659085673 124
      vertex 143.6986255473958 -16.500733850607798 124
    endloop
  endfacet
  facet normal 0.4275550934302746 -0.9039892931234469 0
    outer loop
      vertex 143.84943816497935 -16.429404794730814 123.95
      vertex 143.84943816497935 -16.429404794730814 128
      vertex 143.75743693050853 -16.472918137974027 124
    endloop
  endfacet
  facet normal 0.4275550934303078 -0.9039892931234311 -9.35240146946261e-16
    outer loop
      vertex 143.75743693050853 -16.472918137974027 124
      vertex 143.84943816497935 -16.429404794730814 128
      vertex 143.6986255473958 -16.500733850607798 124
    endloop
  endfacet
  facet normal 0.3368898533922337 -0.9415440651830158 -1.7792633900272574e-20
    outer loop
      vertex 143.84943816497935 -16.429404794730814 123.95
      vertex 144.0065160486674 -16.373201429255246 123.95
      vertex 144.0065160486674 -16.373201429255246 128
    endloop
  endfacet
  facet normal 0.2429801799032487 -0.9700312531945479 1.5329259663834084e-19
    outer loop
      vertex 144.0065160486674 -16.373201429255246 123.95
      vertex 144.1683464525726 -16.332665023314508 123.95
      vertex 144.1683464525726 -16.332665023314508 128
    endloop
  endfacet
  facet normal 0.14673047445535384 -0.989176509964782 -4.640059158044285e-19
    outer loop
      vertex 144.1683464525726 -16.332665023314508 123.95
      vertex 144.33337086143976 -16.308185964657266 123.95
      vertex 144.33337086143976 -16.308185964657266 128
    endloop
  endfacet
  facet normal 0.04906767432742204 -0.9987954562051722 -1.0231392997969664e-19
    outer loop
      vertex 144.33337086143976 -16.308185964657266 123.95
      vertex 144.5 -16.3 123.95
      vertex 144.5 -16.3 128
    endloop
  endfacet
  facet normal 0.6715589548470765 -0.7409511253549064 0
    outer loop
      vertex 143.29791847198288 -16.797918471982868 128
      vertex 143.29791847198288 -16.797918471982868 124
      vertex 143.4215314169218 -16.685882229283347 128
    endloop
  endfacet
  facet normal 0.5956993044923834 -0.803207531480682 0
    outer loop
      vertex 143.4215314169218 -16.685882229283347 128
      vertex 143.4215314169218 -16.685882229283347 124
      vertex 143.55553060386669 -16.586501659085673 128
    endloop
  endfacet
  facet normal 0.5141027441932341 -0.8577286100002647 0
    outer loop
      vertex 143.55553060386669 -16.586501659085673 128
      vertex 143.55553060386669 -16.586501659085673 124
      vertex 143.6986255473958 -16.500733850607798 128
    endloop
  endfacet
  facet normal 0.4275550934302876 -0.9039892931234408 0
    outer loop
      vertex 143.6986255473958 -16.500733850607798 128
      vertex 143.6986255473958 -16.500733850607798 124
      vertex 143.84943816497935 -16.429404794730814 128
    endloop
  endfacet
  facet normal 0.3368898533922337 -0.9415440651830158 0
    outer loop
      vertex 143.84943816497935 -16.429404794730814 123.95
      vertex 144.0065160486674 -16.373201429255246 128
      vertex 143.84943816497935 -16.429404794730814 128
    endloop
  endfacet
  facet normal 0.2429801799032487 -0.9700312531945479 0
    outer loop
      vertex 144.0065160486674 -16.373201429255246 123.95
      vertex 144.1683464525726 -16.332665023314508 128
      vertex 144.0065160486674 -16.373201429255246 128
    endloop
  endfacet
  facet normal 0.14673047445535384 -0.989176509964782 0
    outer loop
      vertex 144.1683464525726 -16.332665023314508 123.95
      vertex 144.33337086143976 -16.308185964657266 128
      vertex 144.1683464525726 -16.332665023314508 128
    endloop
  endfacet
  facet normal 0.04906767432742204 -0.9987954562051722 0
    outer loop
      vertex 144.33337086143976 -16.308185964657266 123.95
      vertex 144.5 -16.3 128
      vertex 144.33337086143976 -16.308185964657266 128
    endloop
  endfacet
  facet normal -0.04906767432742204 0.9987954562051722 0
    outer loop
      vertex 144.5 -19.7 123.95
      vertex 144.5 -19.7 128
      vertex 144.66662913856024 -19.691814035342734 123.95
    endloop
  endfacet
  facet normal -0.14673047445535384 0.989176509964782 0
    outer loop
      vertex 144.66662913856024 -19.691814035342734 123.95
      vertex 144.66662913856024 -19.691814035342734 128
      vertex 144.8316535474274 -19.667334976685492 123.95
    endloop
  endfacet
  facet normal -0.2429801799032487 0.9700312531945479 0
    outer loop
      vertex 144.8316535474274 -19.667334976685492 123.95
      vertex 144.8316535474274 -19.667334976685492 128
      vertex 144.9934839513326 -19.626798570744754 123.95
    endloop
  endfacet
  facet normal -0.3368898533922337 0.9415440651830158 0
    outer loop
      vertex 144.9934839513326 -19.626798570744754 123.95
      vertex 144.9934839513326 -19.626798570744754 128
      vertex 145.15056183502065 -19.570595205269186 123.95
    endloop
  endfacet
  facet normal -0.42755509343028764 0.9039892931234408 0
    outer loop
      vertex 145.15056183502065 -19.570595205269186 123.95
      vertex 145.15056183502065 -19.570595205269186 128
      vertex 145.3013744526042 -19.499266149392202 123.95
    endloop
  endfacet
  facet normal -0.5141027441932341 0.8577286100002647 0
    outer loop
      vertex 145.3013744526042 -19.499266149392202 123.95
      vertex 145.3013744526042 -19.499266149392202 128
      vertex 145.44446939613331 -19.413498340914327 123.95
    endloop
  endfacet
  facet normal -0.5956993044923834 0.8032075314806821 0
    outer loop
      vertex 145.44446939613331 -19.413498340914327 123.95
      vertex 145.44446939613331 -19.413498340914327 128
      vertex 145.5784685830782 -19.314117770716653 123.95
    endloop
  endfacet
  facet normal -0.6715589548470766 0.7409511253549064 0
    outer loop
      vertex 145.5784685830782 -19.314117770716653 123.95
      vertex 145.5784685830782 -19.314117770716653 128
      vertex 145.70208152801712 -19.202081528017132 123.95
    endloop
  endfacet
  facet normal -0.7409511253549322 0.671558954847048 0
    outer loop
      vertex 145.70208152801712 -19.202081528017132 123.95
      vertex 145.70208152801712 -19.202081528017132 128
      vertex 145.81411777071665 -19.078468583078198 123.95
    endloop
  endfacet
  facet normal -0.04906767432742204 0.9987954562051722 0
    outer loop
      vertex 144.66662913856024 -19.691814035342734 123.95
      vertex 144.5 -19.7 128
      vertex 144.66662913856024 -19.691814035342734 128
    endloop
  endfacet
  facet normal -0.14673047445535384 0.989176509964782 0
    outer loop
      vertex 144.8316535474274 -19.667334976685492 123.95
      vertex 144.66662913856024 -19.691814035342734 128
      vertex 144.8316535474274 -19.667334976685492 128
    endloop
  endfacet
  facet normal -0.2429801799032487 0.9700312531945479 0
    outer loop
      vertex 144.9934839513326 -19.626798570744754 123.95
      vertex 144.8316535474274 -19.667334976685492 128
      vertex 144.9934839513326 -19.626798570744754 128
    endloop
  endfacet
  facet normal -0.3368898533922337 0.9415440651830158 0
    outer loop
      vertex 145.15056183502065 -19.570595205269186 123.95
      vertex 144.9934839513326 -19.626798570744754 128
      vertex 145.15056183502065 -19.570595205269186 128
    endloop
  endfacet
  facet normal -0.42755509343028764 0.9039892931234408 0
    outer loop
      vertex 145.3013744526042 -19.499266149392202 123.95
      vertex 145.15056183502065 -19.570595205269186 128
      vertex 145.3013744526042 -19.499266149392202 128
    endloop
  endfacet
  facet normal -0.5141027441932341 0.8577286100002647 0
    outer loop
      vertex 145.44446939613331 -19.413498340914327 123.95
      vertex 145.3013744526042 -19.499266149392202 128
      vertex 145.44446939613331 -19.413498340914327 128
    endloop
  endfacet
  facet normal -0.5956993044923834 0.8032075314806821 0
    outer loop
      vertex 145.5784685830782 -19.314117770716653 123.95
      vertex 145.44446939613331 -19.413498340914327 128
      vertex 145.5784685830782 -19.314117770716653 128
    endloop
  endfacet
  facet normal -0.6715589548470766 0.7409511253549064 0
    outer loop
      vertex 145.70208152801712 -19.202081528017132 123.95
      vertex 145.5784685830782 -19.314117770716653 128
      vertex 145.70208152801712 -19.202081528017132 128
    endloop
  endfacet
  facet normal -0.8032075314806647 0.5956993044924069 0
    outer loop
      vertex 145.81411777071665 -19.078468583078198 123.95
      vertex 145.81411777071665 -19.078468583078198 128
      vertex 145.91349834091432 -18.944469396133325 123.95
    endloop
  endfacet
  facet normal -0.8577286100002196 0.5141027441933094 0
    outer loop
      vertex 145.91349834091432 -18.944469396133325 123.95
      vertex 145.91349834091432 -18.944469396133325 128
      vertex 145.9992661493922 -18.801374452604197 123.95
    endloop
  endfacet
  facet normal -0.9039892931234365 0.42755509343029674 0
    outer loop
      vertex 145.9992661493922 -18.801374452604197 123.95
      vertex 145.9992661493922 -18.801374452604197 128
      vertex 146.0705952052692 -18.650561835020653 123.95
    endloop
  endfacet
  facet normal -0.7409511253549322 0.671558954847048 0
    outer loop
      vertex 145.81411777071665 -19.078468583078198 123.95
      vertex 145.70208152801712 -19.202081528017132 128
      vertex 145.81411777071665 -19.078468583078198 128
    endloop
  endfacet
  facet normal -0.8032075314806647 0.5956993044924069 0
    outer loop
      vertex 145.91349834091432 -18.944469396133325 123.95
      vertex 145.81411777071665 -19.078468583078198 128
      vertex 145.91349834091432 -18.944469396133325 128
    endloop
  endfacet
  facet normal -0.8577286100002196 0.5141027441933094 0
    outer loop
      vertex 145.9992661493922 -18.801374452604197 123.95
      vertex 145.91349834091432 -18.944469396133325 128
      vertex 145.9992661493922 -18.801374452604197 128
    endloop
  endfacet
  facet normal 0 0 1
    outer loop
      vertex 144.5 -19.7 123.95
      vertex 144.66662913856024 -19.691814035342734 123.95
      vertex 144.66662913856024 -16.308185964657266 123.95
    endloop
  endfacet
  facet normal 0 0 1
    outer loop
      vertex 144.66662913856024 -19.691814035342734 123.95
      vertex 144.8316535474274 -19.667334976685492 123.95
      vertex 144.8316535474274 -16.332665023314508 123.95
    endloop
  endfacet
  facet normal 0 0 1
    outer loop
      vertex 144.8316535474274 -19.667334976685492 123.95
      vertex 144.9934839513326 -19.626798570744754 123.95
      vertex 144.9934839513326 -16.373201429255246 123.95
    endloop
  endfacet
  facet normal 0 0 1
    outer loop
      vertex 144.9934839513326 -19.626798570744754 123.95
      vertex 145.15056183502065 -19.570595205269186 123.95
      vertex 145.15056183502065 -16.429404794730814 123.95
    endloop
  endfacet
  facet normal 0 0 1
    outer loop
      vertex 144.5 -19.7 123.95
      vertex 144.66662913856024 -16.308185964657266 123.95
      vertex 144.5 -16.3 123.95
    endloop
  endfacet
  facet normal 0 0 1
    outer loop
      vertex 144.66662913856024 -19.691814035342734 123.95
      vertex 144.8316535474274 -16.332665023314508 123.95
      vertex 144.66662913856024 -16.308185964657266 123.95
    endloop
  endfacet
  facet normal 0 0 1
    outer loop
      vertex 144.8316535474274 -19.667334976685492 123.95
      vertex 144.9934839513326 -16.373201429255246 123.95
      vertex 144.8316535474274 -16.332665023314508 123.95
    endloop
  endfacet
  facet normal 0 0 1
    outer loop
      vertex 144.9934839513326 -19.626798570744754 123.95
      vertex 145.15056183502065 -16.429404794730814 123.95
      vertex 144.9934839513326 -16.373201429255246 123.95
    endloop
  endfacet
  facet normal 0 0 1
    outer loop
      vertex 145.15056183502065 -19.570595205269186 123.95
      vertex 145.3013744526042 -19.499266149392202 123.95
      vertex 145.3013744526042 -16.500733850607798 123.95
    endloop
  endfacet
  facet normal 0 0 1
    outer loop
      vertex 145.3013744526042 -19.499266149392202 123.95
      vertex 145.44446939613331 -19.413498340914327 123.95
      vertex 145.44446939613331 -16.586501659085673 123.95
    endloop
  endfacet
  facet normal 0 0 1
    outer loop
      vertex 145.44446939613331 -19.413498340914327 123.95
      vertex 145.5784685830782 -19.314117770716653 123.95
      vertex 145.5784685830782 -16.685882229283347 123.95
    endloop
  endfacet
  facet normal 0 0 1
    outer loop
      vertex 145.5784685830782 -19.314117770716653 123.95
      vertex 145.70208152801712 -19.202081528017132 123.95
      vertex 145.70208152801712 -16.797918471982868 123.95
    endloop
  endfacet
  facet normal 0 0 1
    outer loop
      vertex 145.15056183502065 -19.570595205269186 123.95
      vertex 145.3013744526042 -16.500733850607798 123.95
      vertex 145.15056183502065 -16.429404794730814 123.95
    endloop
  endfacet
  facet normal 0 0 1
    outer loop
      vertex 145.3013744526042 -19.499266149392202 123.95
      vertex 145.44446939613331 -16.586501659085673 123.95
      vertex 145.3013744526042 -16.500733850607798 123.95
    endloop
  endfacet
  facet normal 0 0 1
    outer loop
      vertex 145.44446939613331 -19.413498340914327 123.95
      vertex 145.5784685830782 -16.685882229283347 123.95
      vertex 145.44446939613331 -16.586501659085673 123.95
    endloop
  endfacet
  facet normal 0 0 1
    outer loop
      vertex 145.5784685830782 -19.314117770716653 123.95
      vertex 145.70208152801712 -16.797918471982868 123.95
      vertex 145.5784685830782 -16.685882229283347 123.95
    endloop
  endfacet
  facet normal 0 0 1
    outer loop
      vertex 145.70208152801712 -19.202081528017132 123.95
      vertex 145.81411777071665 -16.921531416921802 123.95
      vertex 145.70208152801712 -16.797918471982868 123.95
    endloop
  endfacet
  facet normal 0 0 1
    outer loop
      vertex 145.70208152801712 -19.202081528017132 123.95
      vertex 145.81411777071665 -19.078468583078198 123.95
      vertex 145.81411777071665 -16.921531416921802 123.95
    endloop
  endfacet
  facet normal 0 0 1
    outer loop
      vertex 145.81411777071665 -19.078468583078198 123.95
      vertex 145.91349834091432 -18.944469396133325 123.95
      vertex 145.91349834091432 -17.055530603866675 123.95
    endloop
  endfacet
  facet normal 0 0 1
    outer loop
      vertex 145.91349834091432 -18.944469396133325 123.95
      vertex 145.9992661493922 -18.801374452604197 123.95
      vertex 145.9992661493922 -17.198625547395803 123.95
    endloop
  endfacet
  facet normal 0 0 1
    outer loop
      vertex 145.9992661493922 -18.801374452604197 123.95
      vertex 146.0705952052692 -18.650561835020653 123.95
      vertex 146.0705952052692 -17.349438164979347 123.95
    endloop
  endfacet
  facet normal 0 0 1
    outer loop
      vertex 146.0705952052692 -18.650561835020653 123.95
      vertex 146.12679857074477 -18.493483951332585 123.95
      vertex 146.12679857074477 -17.506516048667415 123.95
    endloop
  endfacet
  facet normal 0 0 1
    outer loop
      vertex 146.12679857074477 -18.493483951332585 123.95
      vertex 146.16733497668548 -18.33165354742742 123.95
      vertex 146.16733497668548 -17.66834645257258 123.95
    endloop
  endfacet
  facet normal 0 0 1
    outer loop
      vertex 146.16733497668548 -18.33165354742742 123.95
      vertex 146.19181403534273 -18.166629138560253 123.95
      vertex 146.19181403534273 -17.833370861439747 123.95
    endloop
  endfacet
  facet normal 0 0 1
    outer loop
      vertex 146.0705952052692 -18.650561835020653 123.95
      vertex 146.12679857074477 -17.506516048667415 123.95
      vertex 146.0705952052692 -17.349438164979347 123.95
    endloop
  endfacet
  facet normal 0 0 1
    outer loop
      vertex 146.12679857074477 -18.493483951332585 123.95
      vertex 146.16733497668548 -17.66834645257258 123.95
      vertex 146.12679857074477 -17.506516048667415 123.95
    endloop
  endfacet
  facet normal 0 0 1
    outer loop
      vertex 146.19181403534273 -18.166629138560253 123.95
      vertex 146.2 -18 123.95
      vertex 146.19181403534273 -17.833370861439747 123.95
    endloop
  endfacet
  facet normal 0 0 1
    outer loop
      vertex 146.16733497668548 -18.33165354742742 123.95
      vertex 146.19181403534273 -17.833370861439747 123.95
      vertex 146.16733497668548 -17.66834645257258 123.95
    endloop
  endfacet
  facet normal 0 0 1
    outer loop
      vertex 145.81411777071665 -19.078468583078198 123.95
      vertex 145.91349834091432 -17.055530603866675 123.95
      vertex 145.81411777071665 -16.921531416921802 123.95
    endloop
  endfacet
  facet normal 0 0 1
    outer loop
      vertex 145.91349834091432 -18.944469396133325 123.95
      vertex 145.9992661493922 -17.198625547395803 123.95
      vertex 145.91349834091432 -17.055530603866675 123.95
    endloop
  endfacet
  facet normal 0 0 1
    outer loop
      vertex 145.9992661493922 -18.801374452604197 123.95
      vertex 146.0705952052692 -17.349438164979347 123.95
      vertex 145.9992661493922 -17.198625547395803 123.95
    endloop
  endfacet
  facet normal -0.04906767432742204 -0.9987954562051722 1.0231392997969664e-19
    outer loop
      vertex 144.5 -16.3 123.95
      vertex 144.66662913856024 -16.308185964657266 123.95
      vertex 144.66662913856024 -16.308185964657266 128
    endloop
  endfacet
  facet normal -0.14673047445535384 -0.989176509964782 4.640059158044285e-19
    outer loop
      vertex 144.66662913856024 -16.308185964657266 123.95
      vertex 144.8316535474274 -16.332665023314508 123.95
      vertex 144.8316535474274 -16.332665023314508 128
    endloop
  endfacet
  facet normal -0.3368898533922337 -0.9415440651830158 1.7792633900272574e-20
    outer loop
      vertex 144.9934839513326 -16.373201429255246 123.95
      vertex 145.15056183502065 -16.429404794730814 123.95
      vertex 145.15056183502065 -16.429404794730814 128
    endloop
  endfacet
  facet normal -0.2429801799032487 -0.9700312531945479 -1.5329259663834084e-19
    outer loop
      vertex 144.8316535474274 -16.332665023314508 123.95
      vertex 144.9934839513326 -16.373201429255246 123.95
      vertex 144.9934839513326 -16.373201429255246 128
    endloop
  endfacet
  facet normal -0.42755509343028764 -0.9039892931234408 9.382939283493722e-19
    outer loop
      vertex 145.15056183502065 -16.429404794730814 123.95
      vertex 145.3013744526042 -16.500733850607798 123.95
      vertex 145.3013744526042 -16.500733850607798 128
    endloop
  endfacet
  facet normal -0.5141027441932341 -0.8577286100002647 -7.510398280682861e-19
    outer loop
      vertex 145.3013744526042 -16.500733850607798 123.95
      vertex 145.44446939613331 -16.586501659085673 123.95
      vertex 145.44446939613331 -16.586501659085673 128
    endloop
  endfacet
  facet normal -0.5956993044923834 -0.8032075314806821 8.016953432268858e-20
    outer loop
      vertex 145.44446939613331 -16.586501659085673 123.95
      vertex 145.5784685830782 -16.685882229283347 123.95
      vertex 145.5784685830782 -16.685882229283347 128
    endloop
  endfacet
  facet normal -0.6715589548470766 -0.7409511253549064 9.14954164038254e-19
    outer loop
      vertex 145.5784685830782 -16.685882229283347 123.95
      vertex 145.70208152801712 -16.797918471982868 123.95
      vertex 145.70208152801712 -16.797918471982868 128
    endloop
  endfacet
  facet normal -0.04906767432742204 -0.9987954562051722 0
    outer loop
      vertex 144.5 -16.3 123.95
      vertex 144.66662913856024 -16.308185964657266 128
      vertex 144.5 -16.3 128
    endloop
  endfacet
  facet normal -0.14673047445535384 -0.989176509964782 0
    outer loop
      vertex 144.66662913856024 -16.308185964657266 123.95
      vertex 144.8316535474274 -16.332665023314508 128
      vertex 144.66662913856024 -16.308185964657266 128
    endloop
  endfacet
  facet normal -0.2429801799032487 -0.9700312531945479 0
    outer loop
      vertex 144.8316535474274 -16.332665023314508 123.95
      vertex 144.9934839513326 -16.373201429255246 128
      vertex 144.8316535474274 -16.332665023314508 128
    endloop
  endfacet
  facet normal -0.3368898533922337 -0.9415440651830158 0
    outer loop
      vertex 144.9934839513326 -16.373201429255246 123.95
      vertex 145.15056183502065 -16.429404794730814 128
      vertex 144.9934839513326 -16.373201429255246 128
    endloop
  endfacet
  facet normal -0.42755509343028764 -0.9039892931234408 0
    outer loop
      vertex 145.15056183502065 -16.429404794730814 123.95
      vertex 145.3013744526042 -16.500733850607798 128
      vertex 145.15056183502065 -16.429404794730814 128
    endloop
  endfacet
  facet normal -0.5141027441932341 -0.8577286100002647 0
    outer loop
      vertex 145.3013744526042 -16.500733850607798 123.95
      vertex 145.44446939613331 -16.586501659085673 128
      vertex 145.3013744526042 -16.500733850607798 128
    endloop
  endfacet
  facet normal -0.5956993044923834 -0.8032075314806821 0
    outer loop
      vertex 145.44446939613331 -16.586501659085673 123.95
      vertex 145.5784685830782 -16.685882229283347 128
      vertex 145.44446939613331 -16.586501659085673 128
    endloop
  endfacet
  facet normal -0.6715589548470766 -0.7409511253549064 0
    outer loop
      vertex 145.5784685830782 -16.685882229283347 123.95
      vertex 145.70208152801712 -16.797918471982868 128
      vertex 145.5784685830782 -16.685882229283347 128
    endloop
  endfacet
  facet normal -0.7409511253549322 -0.671558954847048 0
    outer loop
      vertex 145.70208152801712 -16.797918471982868 123.95
      vertex 145.81411777071665 -16.921531416921802 128
      vertex 145.70208152801712 -16.797918471982868 128
    endloop
  endfacet
  facet normal -0.9415440651830207 0.3368898533922203 0
    outer loop
      vertex 146.0705952052692 -18.650561835020653 123.95
      vertex 146.0705952052692 -18.650561835020653 128
      vertex 146.12679857074477 -18.493483951332585 123.95
    endloop
  endfacet
  facet normal -0.9700312531945767 0.2429801799031335 0
    outer loop
      vertex 146.12679857074477 -18.493483951332585 123.95
      vertex 146.12679857074477 -18.493483951332585 128
      vertex 146.16733497668548 -18.33165354742742 123.95
    endloop
  endfacet
  facet normal -0.9891765099647755 0.14673047445539858 0
    outer loop
      vertex 146.16733497668548 -18.33165354742742 123.95
      vertex 146.16733497668548 -18.33165354742742 128
      vertex 146.19181403534273 -18.166629138560253 123.95
    endloop
  endfacet
  facet normal -0.9987954562051745 0.049067674327375375 0
    outer loop
      vertex 146.19181403534273 -18.166629138560253 123.95
      vertex 146.19181403534273 -18.166629138560253 128
      vertex 146.2 -18 123.95
    endloop
  endfacet
  facet normal -0.9987954562051745 -0.049067674327375375 0
    outer loop
      vertex 146.2 -18 123.95
      vertex 146.2 -18 128
      vertex 146.19181403534273 -17.833370861439747 123.95
    endloop
  endfacet
  facet normal -0.7409511253549322 -0.671558954847048 0
    outer loop
      vertex 145.81411777071665 -16.921531416921802 123.95
      vertex 145.81411777071665 -16.921531416921802 128
      vertex 145.70208152801712 -16.797918471982868 123.95
    endloop
  endfacet
  facet normal -0.8032075314806647 -0.5956993044924069 -1.1580863600333564e-18
    outer loop
      vertex 145.81411777071665 -16.921531416921802 123.95
      vertex 145.91349834091432 -17.055530603866675 123.95
      vertex 145.91349834091432 -17.055530603866675 128
    endloop
  endfacet
  facet normal -0.8577286100002196 -0.5141027441933094 1.3316292754423998e-19
    outer loop
      vertex 145.91349834091432 -17.055530603866675 123.95
      vertex 145.9992661493922 -17.198625547395803 123.95
      vertex 145.9992661493922 -17.198625547395803 128
    endloop
  endfacet
  facet normal -0.9039892931234365 -0.42755509343029674 1.0765578114950942e-18
    outer loop
      vertex 145.9992661493922 -17.198625547395803 123.95
      vertex 146.0705952052692 -17.349438164979347 123.95
      vertex 146.0705952052692 -17.349438164979347 128
    endloop
  endfacet
  facet normal -0.9700312531945767 -0.2429801799031335 0
    outer loop
      vertex 146.16733497668548 -17.66834645257258 123.95
      vertex 146.16733497668548 -17.66834645257258 128
      vertex 146.12679857074477 -17.506516048667415 123.95
    endloop
  endfacet
  facet normal -0.9891765099647755 -0.14673047445539858 0
    outer loop
      vertex 146.19181403534273 -17.833370861439747 123.95
      vertex 146.19181403534273 -17.833370861439747 128
      vertex 146.16733497668548 -17.66834645257258 123.95
    endloop
  endfacet
  facet normal -0.9415440651830207 -0.3368898533922203 0
    outer loop
      vertex 146.12679857074477 -17.506516048667415 123.95
      vertex 146.12679857074477 -17.506516048667415 128
      vertex 146.0705952052692 -17.349438164979347 123.95
    endloop
  endfacet
  facet normal -0.9039892931234365 0.42755509343029674 0
    outer loop
      vertex 146.0705952052692 -18.650561835020653 123.95
      vertex 145.9992661493922 -18.801374452604197 128
      vertex 146.0705952052692 -18.650561835020653 128
    endloop
  endfacet
  facet normal -0.9415440651830207 0.3368898533922203 0
    outer loop
      vertex 146.12679857074477 -18.493483951332585 123.95
      vertex 146.0705952052692 -18.650561835020653 128
      vertex 146.12679857074477 -18.493483951332585 128
    endloop
  endfacet
  facet normal -0.9700312531945767 0.2429801799031335 0
    outer loop
      vertex 146.16733497668548 -18.33165354742742 123.95
      vertex 146.12679857074477 -18.493483951332585 128
      vertex 146.16733497668548 -18.33165354742742 128
    endloop
  endfacet
  facet normal -0.9891765099647755 0.14673047445539858 0
    outer loop
      vertex 146.19181403534273 -18.166629138560253 123.95
      vertex 146.16733497668548 -18.33165354742742 128
      vertex 146.19181403534273 -18.166629138560253 128
    endloop
  endfacet
  facet normal -0.9987954562051745 0.049067674327375375 0
    outer loop
      vertex 146.2 -18 123.95
      vertex 146.19181403534273 -18.166629138560253 128
      vertex 146.2 -18 128
    endloop
  endfacet
  facet normal -0.9987954562051745 -0.049067674327375375 0
    outer loop
      vertex 146.19181403534273 -17.833370861439747 123.95
      vertex 146.2 -18 128
      vertex 146.19181403534273 -17.833370861439747 128
    endloop
  endfacet
  facet normal -0.8032075314806647 -0.5956993044924069 0
    outer loop
      vertex 145.81411777071665 -16.921531416921802 123.95
      vertex 145.91349834091432 -17.055530603866675 128
      vertex 145.81411777071665 -16.921531416921802 128
    endloop
  endfacet
  facet normal -0.9039892931234365 -0.42755509343029674 0
    outer loop
      vertex 145.9992661493922 -17.198625547395803 123.95
      vertex 146.0705952052692 -17.349438164979347 128
      vertex 145.9992661493922 -17.198625547395803 128
    endloop
  endfacet
  facet normal -0.8577286100002196 -0.5141027441933094 0
    outer loop
      vertex 145.91349834091432 -17.055530603866675 123.95
      vertex 145.9992661493922 -17.198625547395803 128
      vertex 145.91349834091432 -17.055530603866675 128
    endloop
  endfacet
  facet normal -0.9891765099647755 -0.14673047445539858 0
    outer loop
      vertex 146.16733497668548 -17.66834645257258 123.95
      vertex 146.19181403534273 -17.833370861439747 128
      vertex 146.16733497668548 -17.66834645257258 128
    endloop
  endfacet
  facet normal -0.9700312531945767 -0.2429801799031335 0
    outer loop
      vertex 146.12679857074477 -17.506516048667415 123.95
      vertex 146.16733497668548 -17.66834645257258 128
      vertex 146.12679857074477 -17.506516048667415 128
    endloop
  endfacet
  facet normal -0.9415440651830207 -0.3368898533922203 0
    outer loop
      vertex 146.0705952052692 -17.349438164979347 123.95
      vertex 146.12679857074477 -17.506516048667415 128
      vertex 146.0705952052692 -17.349438164979347 128
    endloop
  endfacet
  facet normal 0.42755509343028963 0.9039892931234397 -1.6386291450845498e-14
    outer loop
      vertex 143.84943816497935 16.429404794730814 123.95
      vertex 143.73196065803384 16.484967517475567 123.95
      vertex 143.75743693050856 16.472918137974016 124
    endloop
  endfacet
  facet normal 0 0 1
    outer loop
      vertex 143.84943816497935 16.429404794730814 123.95
      vertex 143.73196065803384 19.515032482524433 123.95
      vertex 143.73196065803384 16.484967517475567 123.95
    endloop
  endfacet
  facet normal 0 0 1
    outer loop
      vertex 143.84943816497935 16.429404794730814 123.95
      vertex 143.84943816497935 19.570595205269186 123.95
      vertex 143.73196065803384 19.515032482524433 123.95
    endloop
  endfacet
  facet normal 0 0 1
    outer loop
      vertex 143.84943816497935 16.429404794730814 123.95
      vertex 144.0065160486674 16.373201429255246 123.95
      vertex 144.0065160486674 19.626798570744754 123.95
    endloop
  endfacet
  facet normal 0 0 1
    outer loop
      vertex 144.0065160486674 16.373201429255246 123.95
      vertex 144.1683464525726 16.332665023314508 123.95
      vertex 144.1683464525726 19.667334976685492 123.95
    endloop
  endfacet
  facet normal 0 0 1
    outer loop
      vertex 144.1683464525726 16.332665023314508 123.95
      vertex 144.33337086143976 16.308185964657266 123.95
      vertex 144.33337086143976 19.691814035342734 123.95
    endloop
  endfacet
  facet normal 0 0 1
    outer loop
      vertex 144.33337086143976 16.308185964657266 123.95
      vertex 144.5 16.3 123.95
      vertex 144.5 19.7 123.95
    endloop
  endfacet
  facet normal 0 0 1
    outer loop
      vertex 143.84943816497935 16.429404794730814 123.95
      vertex 144.0065160486674 19.626798570744754 123.95
      vertex 143.84943816497935 19.570595205269186 123.95
    endloop
  endfacet
  facet normal 0 0 1
    outer loop
      vertex 144.0065160486674 16.373201429255246 123.95
      vertex 144.1683464525726 19.667334976685492 123.95
      vertex 144.0065160486674 19.626798570744754 123.95
    endloop
  endfacet
  facet normal 0 0 1
    outer loop
      vertex 144.1683464525726 16.332665023314508 123.95
      vertex 144.33337086143976 19.691814035342734 123.95
      vertex 144.1683464525726 19.667334976685492 123.95
    endloop
  endfacet
  facet normal 0 0 1
    outer loop
      vertex 144.33337086143976 16.308185964657266 123.95
      vertex 144.5 19.7 123.95
      vertex 144.33337086143976 19.691814035342734 123.95
    endloop
  endfacet
  facet normal 0.9700312531945767 0.24298017990313353 0
    outer loop
      vertex 142.83266502331452 17.66834645257258 128
      vertex 142.87320142925523 17.506516048667415 124
      vertex 142.83266502331452 17.66834645257258 124
    endloop
  endfacet
  facet normal 0.9891765099647755 0.14673047445539858 0
    outer loop
      vertex 142.80818596465727 17.833370861439747 128
      vertex 142.83266502331452 17.66834645257258 124
      vertex 142.80818596465727 17.833370861439747 124
    endloop
  endfacet
  facet normal 0.9039892931234363 0.42755509343029674 0
    outer loop
      vertex 142.9294047947308 17.349438164979347 128
      vertex 143.0007338506078 17.198625547395803 124
      vertex 142.9294047947308 17.349438164979347 124
    endloop
  endfacet
  facet normal 0.8577286100002196 0.5141027441933094 0
    outer loop
      vertex 143.0007338506078 17.198625547395803 124
      vertex 143.0007338506078 17.198625547395803 128
      vertex 143.08650165908568 17.055530603866675 124
    endloop
  endfacet
  facet normal 0.8032075314806646 0.5956993044924068 0
    outer loop
      vertex 143.08650165908568 17.055530603866675 128
      vertex 143.18588222928335 16.921531416921802 124
      vertex 143.08650165908568 17.055530603866675 124
    endloop
  endfacet
  facet normal 0.9415440651830207 0.3368898533922202 0
    outer loop
      vertex 142.87320142925523 17.506516048667415 128
      vertex 142.9294047947308 17.349438164979347 124
      vertex 142.87320142925523 17.506516048667415 124
    endloop
  endfacet
  facet normal 0.9987954562051744 0.049067674327375375 0
    outer loop
      vertex 142.8 18 128
      vertex 142.80818596465727 17.833370861439747 124
      vertex 142.8 18 124
    endloop
  endfacet
  facet normal 0.9987954562051744 -0.049067674327375375 0
    outer loop
      vertex 142.80818596465727 18.166629138560253 128
      vertex 142.8 18 124
      vertex 142.80818596465727 18.166629138560253 124
    endloop
  endfacet
  facet normal 0.9891765099647755 -0.14673047445539858 0
    outer loop
      vertex 142.83266502331452 18.33165354742742 128
      vertex 142.80818596465727 18.166629138560253 124
      vertex 142.83266502331452 18.33165354742742 124
    endloop
  endfacet
  facet normal 0.9700312531945767 -0.24298017990313353 0
    outer loop
      vertex 142.87320142925523 18.493483951332585 128
      vertex 142.83266502331452 18.33165354742742 124
      vertex 142.87320142925523 18.493483951332585 124
    endloop
  endfacet
  facet normal 0.9415440651830207 -0.3368898533922202 0
    outer loop
      vertex 142.9294047947308 18.650561835020653 128
      vertex 142.87320142925523 18.493483951332585 124
      vertex 142.9294047947308 18.650561835020653 124
    endloop
  endfacet
  facet normal 0.9700312531945767 0.24298017990313353 8.776266375848709e-20
    outer loop
      vertex 142.83266502331452 17.66834645257258 128
      vertex 142.87320142925523 17.506516048667415 128
      vertex 142.87320142925523 17.506516048667415 124
    endloop
  endfacet
  facet normal 0.9891765099647755 0.14673047445539858 -3.2790482607323377e-19
    outer loop
      vertex 142.80818596465727 17.833370861439747 128
      vertex 142.83266502331452 17.66834645257258 128
      vertex 142.83266502331452 17.66834645257258 124
    endloop
  endfacet
  facet normal 0.9039892931234363 0.42755509343029674 1.0900147841387822e-18
    outer loop
      vertex 142.9294047947308 17.349438164979347 128
      vertex 143.0007338506078 17.198625547395803 128
      vertex 143.0007338506078 17.198625547395803 124
    endloop
  endfacet
  facet normal 0.8577286100002196 0.5141027441933094 0
    outer loop
      vertex 143.08650165908568 17.055530603866675 128
      vertex 143.08650165908568 17.055530603866675 124
      vertex 143.0007338506078 17.198625547395803 128
    endloop
  endfacet
  facet normal 0.8032075314806646 0.5956993044924068 -1.1725624395337726e-18
    outer loop
      vertex 143.08650165908568 17.055530603866675 128
      vertex 143.18588222928335 16.921531416921802 128
      vertex 143.18588222928335 16.921531416921802 124
    endloop
  endfacet
  facet normal 0.9415440651830207 0.3368898533922202 -5.252490042289651e-19
    outer loop
      vertex 142.87320142925523 17.506516048667415 128
      vertex 142.9294047947308 17.349438164979347 128
      vertex 142.9294047947308 17.349438164979347 124
    endloop
  endfacet
  facet normal 0.9987954562051744 0.049067674327375375 -1.7210010469467705e-20
    outer loop
      vertex 142.8 18 128
      vertex 142.80818596465727 17.833370861439747 128
      vertex 142.80818596465727 17.833370861439747 124
    endloop
  endfacet
  facet normal 0.9987954562051744 -0.049067674327375375 1.7210010469467705e-20
    outer loop
      vertex 142.80818596465727 18.166629138560253 128
      vertex 142.8 18 128
      vertex 142.8 18 124
    endloop
  endfacet
  facet normal 0.9891765099647755 -0.14673047445539858 3.2790482607323377e-19
    outer loop
      vertex 142.83266502331452 18.33165354742742 128
      vertex 142.80818596465727 18.166629138560253 128
      vertex 142.80818596465727 18.166629138560253 124
    endloop
  endfacet
  facet normal 0.9700312531945767 -0.24298017990313353 -8.776266375848709e-20
    outer loop
      vertex 142.87320142925523 18.493483951332585 128
      vertex 142.83266502331452 18.33165354742742 128
      vertex 142.83266502331452 18.33165354742742 124
    endloop
  endfacet
  facet normal 0.9415440651830207 -0.3368898533922202 5.252490042289651e-19
    outer loop
      vertex 142.9294047947308 18.650561835020653 128
      vertex 142.87320142925523 18.493483951332585 128
      vertex 142.87320142925523 18.493483951332585 124
    endloop
  endfacet
  facet normal 0.9039892931234363 -0.42755509343029674 -1.0900147841387822e-18
    outer loop
      vertex 143.0007338506078 18.801374452604197 128
      vertex 142.9294047947308 18.650561835020653 128
      vertex 142.9294047947308 18.650561835020653 124
    endloop
  endfacet
  facet normal 0.6715589548470765 0.7409511253549064 9.263910910887313e-19
    outer loop
      vertex 143.4215314169218 16.685882229283347 124
      vertex 143.29791847198288 16.797918471982868 124
      vertex 143.29791847198288 16.797918471982868 128
    endloop
  endfacet
  facet normal 0.5956993044923834 0.803207531480682 0
    outer loop
      vertex 143.4215314169218 16.685882229283347 128
      vertex 143.55553060386669 16.586501659085673 124
      vertex 143.4215314169218 16.685882229283347 124
    endloop
  endfacet
  facet normal 0.5141027441932341 0.8577286100002647 0
    outer loop
      vertex 143.55553060386669 16.586501659085673 128
      vertex 143.6986255473958 16.500733850607798 124
      vertex 143.55553060386669 16.586501659085673 124
    endloop
  endfacet
  facet normal 0.4275550934302729 0.9039892931234478 0
    outer loop
      vertex 143.6986255473958 16.500733850607798 128
      vertex 143.75743693050856 16.472918137974016 124
      vertex 143.6986255473958 16.500733850607798 124
    endloop
  endfacet
  facet normal 0.427555093430297 0.9039892931234363 0
    outer loop
      vertex 143.84943816497935 16.429404794730814 123.95
      vertex 143.75743693050856 16.472918137974016 124
      vertex 143.84943816497935 16.429404794730814 128
    endloop
  endfacet
  facet normal 0.2429801799032487 0.9700312531945479 0
    outer loop
      vertex 144.0065160486674 16.373201429255246 123.95
      vertex 144.0065160486674 16.373201429255246 128
      vertex 144.1683464525726 16.332665023314508 123.95
    endloop
  endfacet
  facet normal 0.3368898533922337 0.9415440651830158 0
    outer loop
      vertex 143.84943816497935 16.429404794730814 123.95
      vertex 143.84943816497935 16.429404794730814 128
      vertex 144.0065160486674 16.373201429255246 123.95
    endloop
  endfacet
  facet normal 0.14673047445535384 0.989176509964782 0
    outer loop
      vertex 144.1683464525726 16.332665023314508 123.95
      vertex 144.1683464525726 16.332665023314508 128
      vertex 144.33337086143976 16.308185964657266 123.95
    endloop
  endfacet
  facet normal 0.04906767432742204 0.9987954562051722 0
    outer loop
      vertex 144.33337086143976 16.308185964657266 123.95
      vertex 144.33337086143976 16.308185964657266 128
      vertex 144.5 16.3 123.95
    endloop
  endfacet
  facet normal 0.7409511253549322 0.6715589548470481 4.603358480381709e-19
    outer loop
      vertex 143.18588222928335 16.921531416921802 128
      vertex 143.29791847198288 16.797918471982868 128
      vertex 143.29791847198288 16.797918471982868 124
    endloop
  endfacet
  facet normal 0.5956993044923834 0.803207531480682 0
    outer loop
      vertex 143.55553060386669 16.586501659085673 128
      vertex 143.55553060386669 16.586501659085673 124
      vertex 143.4215314169218 16.685882229283347 128
    endloop
  endfacet
  facet normal 0.6715589548470765 0.7409511253549064 0
    outer loop
      vertex 143.4215314169218 16.685882229283347 128
      vertex 143.4215314169218 16.685882229283347 124
      vertex 143.29791847198288 16.797918471982868 128
    endloop
  endfacet
  facet normal 0.5141027441932341 0.8577286100002647 0
    outer loop
      vertex 143.6986255473958 16.500733850607798 128
      vertex 143.6986255473958 16.500733850607798 124
      vertex 143.55553060386669 16.586501659085673 128
    endloop
  endfacet
  facet normal 0.4275550934302876 0.9039892931234408 2.6453976144311137e-16
    outer loop
      vertex 143.75743693050856 16.472918137974016 124
      vertex 143.6986255473958 16.500733850607798 128
      vertex 143.84943816497935 16.429404794730814 128
    endloop
  endfacet
  facet normal 0.3368898533922337 0.9415440651830158 0
    outer loop
      vertex 144.0065160486674 16.373201429255246 123.95
      vertex 143.84943816497935 16.429404794730814 128
      vertex 144.0065160486674 16.373201429255246 128
    endloop
  endfacet
  facet normal 0.2429801799032487 0.9700312531945479 0
    outer loop
      vertex 144.1683464525726 16.332665023314508 123.95
      vertex 144.0065160486674 16.373201429255246 128
      vertex 144.1683464525726 16.332665023314508 128
    endloop
  endfacet
  facet normal 0.14673047445535384 0.989176509964782 0
    outer loop
      vertex 144.33337086143976 16.308185964657266 123.95
      vertex 144.1683464525726 16.332665023314508 128
      vertex 144.33337086143976 16.308185964657266 128
    endloop
  endfacet
  facet normal 0.04906767432742204 0.9987954562051722 0
    outer loop
      vertex 144.5 16.3 123.95
      vertex 144.33337086143976 16.308185964657266 128
      vertex 144.5 16.3 128
    endloop
  endfacet
  facet normal 0.7409511253549322 0.6715589548470481 0
    outer loop
      vertex 143.18588222928335 16.921531416921802 128
      vertex 143.29791847198288 16.797918471982868 124
      vertex 143.18588222928335 16.921531416921802 124
    endloop
  endfacet
  facet normal 0.42755509343028963 -0.9039892931234397 -1.6386869271176028e-14
    outer loop
      vertex 143.84943816497935 19.570595205269186 123.95
      vertex 143.75743693050856 19.527081862025984 124
      vertex 143.73196065803384 19.515032482524433 123.95
    endloop
  endfacet
  facet normal 0.9039892931234363 -0.42755509343029674 0
    outer loop
      vertex 143.0007338506078 18.801374452604197 128
      vertex 142.9294047947308 18.650561835020653 124
      vertex 143.0007338506078 18.801374452604197 124
    endloop
  endfacet
  facet normal 0.8577286100002196 -0.5141027441933094 0
    outer loop
      vertex 143.08650165908568 18.944469396133325 128
      vertex 143.0007338506078 18.801374452604197 124
      vertex 143.08650165908568 18.944469396133325 124
    endloop
  endfacet
  facet normal 0.8032075314806646 -0.5956993044924068 0
    outer loop
      vertex 143.18588222928335 19.078468583078198 128
      vertex 143.08650165908568 18.944469396133325 124
      vertex 143.18588222928335 19.078468583078198 124
    endloop
  endfacet
  facet normal 0.8577286100002196 -0.5141027441933094 -1.348274641385429e-19
    outer loop
      vertex 143.08650165908568 18.944469396133325 128
      vertex 143.0007338506078 18.801374452604197 128
      vertex 143.0007338506078 18.801374452604197 124
    endloop
  endfacet
  facet normal 0.8032075314806646 -0.5956993044924068 1.1725624395337726e-18
    outer loop
      vertex 143.18588222928335 19.078468583078198 128
      vertex 143.08650165908568 18.944469396133325 128
      vertex 143.08650165908568 18.944469396133325 124
    endloop
  endfacet
  facet normal 0.7409511253549322 -0.6715589548470481 0
    outer loop
      vertex 143.29791847198288 19.202081528017132 128
      vertex 143.18588222928335 19.078468583078198 124
      vertex 143.29791847198288 19.202081528017132 124
    endloop
  endfacet
  facet normal 0.6715589548470765 -0.7409511253549064 0
    outer loop
      vertex 143.4215314169218 19.314117770716653 128
      vertex 143.29791847198288 19.202081528017132 124
      vertex 143.4215314169218 19.314117770716653 124
    endloop
  endfacet
  facet normal 0.5956993044923834 -0.803207531480682 0
    outer loop
      vertex 143.55553060386669 19.413498340914327 128
      vertex 143.4215314169218 19.314117770716653 124
      vertex 143.55553060386669 19.413498340914327 124
    endloop
  endfacet
  facet normal 0.5141027441932341 -0.8577286100002647 0
    outer loop
      vertex 143.6986255473958 19.499266149392202 128
      vertex 143.55553060386669 19.413498340914327 124
      vertex 143.6986255473958 19.499266149392202 124
    endloop
  endfacet
  facet normal 0.427555093430297 -0.9039892931234363 0
    outer loop
      vertex 143.84943816497935 19.570595205269186 123.95
      vertex 143.84943816497935 19.570595205269186 128
      vertex 143.75743693050856 19.527081862025984 124
    endloop
  endfacet
  facet normal 0.4275550934302729 -0.9039892931234478 6.778043135002319e-16
    outer loop
      vertex 143.75743693050856 19.527081862025984 124
      vertex 143.84943816497935 19.570595205269186 128
      vertex 143.6986255473958 19.499266149392202 124
    endloop
  endfacet
  facet normal 0.3368898533922337 -0.9415440651830158 -1.7792633900272574e-20
    outer loop
      vertex 143.84943816497935 19.570595205269186 123.95
      vertex 144.0065160486674 19.626798570744754 123.95
      vertex 144.0065160486674 19.626798570744754 128
    endloop
  endfacet
  facet normal 0.2429801799032487 -0.9700312531945479 1.5329259663834084e-19
    outer loop
      vertex 144.0065160486674 19.626798570744754 123.95
      vertex 144.1683464525726 19.667334976685492 123.95
      vertex 144.1683464525726 19.667334976685492 128
    endloop
  endfacet
  facet normal 0.14673047445535384 -0.989176509964782 -4.640059158044285e-19
    outer loop
      vertex 144.1683464525726 19.667334976685492 123.95
      vertex 144.33337086143976 19.691814035342734 123.95
      vertex 144.33337086143976 19.691814035342734 128
    endloop
  endfacet
  facet normal 0.04906767432742204 -0.9987954562051722 -1.0231392997969664e-19
    outer loop
      vertex 144.33337086143976 19.691814035342734 123.95
      vertex 144.5 19.7 123.95
      vertex 144.5 19.7 128
    endloop
  endfacet
  facet normal 0.7409511253549322 -0.6715589548470481 -4.603358480381709e-19
    outer loop
      vertex 143.29791847198288 19.202081528017132 128
      vertex 143.18588222928335 19.078468583078198 128
      vertex 143.18588222928335 19.078468583078198 124
    endloop
  endfacet
  facet normal 0.6715589548470765 -0.7409511253549064 0
    outer loop
      vertex 143.29791847198288 19.202081528017132 128
      vertex 143.29791847198288 19.202081528017132 124
      vertex 143.4215314169218 19.314117770716653 128
    endloop
  endfacet
  facet normal 0.5956993044923834 -0.803207531480682 0
    outer loop
      vertex 143.4215314169218 19.314117770716653 128
      vertex 143.4215314169218 19.314117770716653 124
      vertex 143.55553060386669 19.413498340914327 128
    endloop
  endfacet
  facet normal 0.5141027441932341 -0.8577286100002647 0
    outer loop
      vertex 143.55553060386669 19.413498340914327 128
      vertex 143.55553060386669 19.413498340914327 124
      vertex 143.6986255473958 19.499266149392202 128
    endloop
  endfacet
  facet normal 0.4275550934302876 -0.9039892931234408 0
    outer loop
      vertex 143.6986255473958 19.499266149392202 128
      vertex 143.6986255473958 19.499266149392202 124
      vertex 143.84943816497935 19.570595205269186 128
    endloop
  endfacet
  facet normal 0.3368898533922337 -0.9415440651830158 0
    outer loop
      vertex 143.84943816497935 19.570595205269186 123.95
      vertex 144.0065160486674 19.626798570744754 128
      vertex 143.84943816497935 19.570595205269186 128
    endloop
  endfacet
  facet normal 0.2429801799032487 -0.9700312531945479 0
    outer loop
      vertex 144.0065160486674 19.626798570744754 123.95
      vertex 144.1683464525726 19.667334976685492 128
      vertex 144.0065160486674 19.626798570744754 128
    endloop
  endfacet
  facet normal 0.14673047445535384 -0.989176509964782 0
    outer loop
      vertex 144.1683464525726 19.667334976685492 123.95
      vertex 144.33337086143976 19.691814035342734 128
      vertex 144.1683464525726 19.667334976685492 128
    endloop
  endfacet
  facet normal 0.04906767432742204 -0.9987954562051722 0
    outer loop
      vertex 144.33337086143976 19.691814035342734 123.95
      vertex 144.5 19.7 128
      vertex 144.33337086143976 19.691814035342734 128
    endloop
  endfacet
  facet normal 0 0 1
    outer loop
      vertex 144.5 16.3 123.95
      vertex 144.66662913856024 16.308185964657266 123.95
      vertex 144.66662913856024 19.691814035342734 123.95
    endloop
  endfacet
  facet normal 0 0 1
    outer loop
      vertex 144.66662913856024 16.308185964657266 123.95
      vertex 144.8316535474274 16.332665023314508 123.95
      vertex 144.8316535474274 19.667334976685492 123.95
    endloop
  endfacet
  facet normal 0 0 1
    outer loop
      vertex 144.8316535474274 16.332665023314508 123.95
      vertex 144.9934839513326 16.373201429255246 123.95
      vertex 144.9934839513326 19.626798570744754 123.95
    endloop
  endfacet
  facet normal 0 0 1
    outer loop
      vertex 144.9934839513326 16.373201429255246 123.95
      vertex 145.15056183502065 16.429404794730814 123.95
      vertex 145.15056183502065 19.570595205269186 123.95
    endloop
  endfacet
  facet normal 0 0 1
    outer loop
      vertex 144.5 16.3 123.95
      vertex 144.66662913856024 19.691814035342734 123.95
      vertex 144.5 19.7 123.95
    endloop
  endfacet
  facet normal 0 0 1
    outer loop
      vertex 144.66662913856024 16.308185964657266 123.95
      vertex 144.8316535474274 19.667334976685492 123.95
      vertex 144.66662913856024 19.691814035342734 123.95
    endloop
  endfacet
  facet normal 0 0 1
    outer loop
      vertex 144.8316535474274 16.332665023314508 123.95
      vertex 144.9934839513326 19.626798570744754 123.95
      vertex 144.8316535474274 19.667334976685492 123.95
    endloop
  endfacet
  facet normal 0 0 1
    outer loop
      vertex 144.9934839513326 16.373201429255246 123.95
      vertex 145.15056183502065 19.570595205269186 123.95
      vertex 144.9934839513326 19.626798570744754 123.95
    endloop
  endfacet
  facet normal 0 0 1
    outer loop
      vertex 145.15056183502065 16.429404794730814 123.95
      vertex 145.3013744526042 16.500733850607798 123.95
      vertex 145.3013744526042 19.499266149392202 123.95
    endloop
  endfacet
  facet normal 0 0 1
    outer loop
      vertex 145.3013744526042 16.500733850607798 123.95
      vertex 145.44446939613331 16.586501659085673 123.95
      vertex 145.44446939613331 19.413498340914327 123.95
    endloop
  endfacet
  facet normal 0 0 1
    outer loop
      vertex 145.44446939613331 16.586501659085673 123.95
      vertex 145.5784685830782 16.685882229283347 123.95
      vertex 145.5784685830782 19.314117770716653 123.95
    endloop
  endfacet
  facet normal 0 0 1
    outer loop
      vertex 145.5784685830782 16.685882229283347 123.95
      vertex 145.70208152801712 16.797918471982868 123.95
      vertex 145.70208152801712 19.202081528017132 123.95
    endloop
  endfacet
  facet normal 0 0 1
    outer loop
      vertex 145.15056183502065 16.429404794730814 123.95
      vertex 145.3013744526042 19.499266149392202 123.95
      vertex 145.15056183502065 19.570595205269186 123.95
    endloop
  endfacet
  facet normal 0 0 1
    outer loop
      vertex 145.3013744526042 16.500733850607798 123.95
      vertex 145.44446939613331 19.413498340914327 123.95
      vertex 145.3013744526042 19.499266149392202 123.95
    endloop
  endfacet
  facet normal 0 0 1
    outer loop
      vertex 145.44446939613331 16.586501659085673 123.95
      vertex 145.5784685830782 19.314117770716653 123.95
      vertex 145.44446939613331 19.413498340914327 123.95
    endloop
  endfacet
  facet normal 0 0 1
    outer loop
      vertex 145.5784685830782 16.685882229283347 123.95
      vertex 145.70208152801712 19.202081528017132 123.95
      vertex 145.5784685830782 19.314117770716653 123.95
    endloop
  endfacet
  facet normal 0 0 1
    outer loop
      vertex 145.70208152801712 16.797918471982868 123.95
      vertex 145.81411777071665 19.078468583078198 123.95
      vertex 145.70208152801712 19.202081528017132 123.95
    endloop
  endfacet
  facet normal 0 0 1
    outer loop
      vertex 145.70208152801712 16.797918471982868 123.95
      vertex 145.81411777071665 16.921531416921802 123.95
      vertex 145.81411777071665 19.078468583078198 123.95
    endloop
  endfacet
  facet normal 0 0 1
    outer loop
      vertex 145.81411777071665 16.921531416921802 123.95
      vertex 145.91349834091432 17.055530603866675 123.95
      vertex 145.91349834091432 18.944469396133325 123.95
    endloop
  endfacet
  facet normal 0 0 1
    outer loop
      vertex 145.91349834091432 17.055530603866675 123.95
      vertex 145.9992661493922 17.198625547395803 123.95
      vertex 145.9992661493922 18.801374452604197 123.95
    endloop
  endfacet
  facet normal 0 0 1
    outer loop
      vertex 145.9992661493922 17.198625547395803 123.95
      vertex 146.0705952052692 17.349438164979347 123.95
      vertex 146.0705952052692 18.650561835020653 123.95
    endloop
  endfacet
  facet normal 0 0 1
    outer loop
      vertex 146.0705952052692 17.349438164979347 123.95
      vertex 146.12679857074477 17.506516048667415 123.95
      vertex 146.12679857074477 18.493483951332585 123.95
    endloop
  endfacet
  facet normal 0 0 1
    outer loop
      vertex 145.91349834091432 17.055530603866675 123.95
      vertex 145.9992661493922 18.801374452604197 123.95
      vertex 145.91349834091432 18.944469396133325 123.95
    endloop
  endfacet
  facet normal 0 0 1
    outer loop
      vertex 145.9992661493922 17.198625547395803 123.95
      vertex 146.0705952052692 18.650561835020653 123.95
      vertex 145.9992661493922 18.801374452604197 123.95
    endloop
  endfacet
  facet normal 0 0 1
    outer loop
      vertex 145.81411777071665 16.921531416921802 123.95
      vertex 145.91349834091432 18.944469396133325 123.95
      vertex 145.81411777071665 19.078468583078198 123.95
    endloop
  endfacet
  facet normal 0 0 1
    outer loop
      vertex 146.12679857074477 17.506516048667415 123.95
      vertex 146.16733497668548 17.66834645257258 123.95
      vertex 146.16733497668548 18.33165354742742 123.95
    endloop
  endfacet
  facet normal 0 0 1
    outer loop
      vertex 146.16733497668548 17.66834645257258 123.95
      vertex 146.19181403534273 17.833370861439747 123.95
      vertex 146.19181403534273 18.166629138560253 123.95
    endloop
  endfacet
  facet normal 0 0 1
    outer loop
      vertex 146.19181403534273 17.833370861439747 123.95
      vertex 146.2 18 123.95
      vertex 146.19181403534273 18.166629138560253 123.95
    endloop
  endfacet
  facet normal 0 0 1
    outer loop
      vertex 146.12679857074477 17.506516048667415 123.95
      vertex 146.16733497668548 18.33165354742742 123.95
      vertex 146.12679857074477 18.493483951332585 123.95
    endloop
  endfacet
  facet normal 0 0 1
    outer loop
      vertex 146.0705952052692 17.349438164979347 123.95
      vertex 146.12679857074477 18.493483951332585 123.95
      vertex 146.0705952052692 18.650561835020653 123.95
    endloop
  endfacet
  facet normal 0 0 1
    outer loop
      vertex 146.16733497668548 17.66834645257258 123.95
      vertex 146.19181403534273 18.166629138560253 123.95
      vertex 146.16733497668548 18.33165354742742 123.95
    endloop
  endfacet
  facet normal -0.04906767432742204 0.9987954562051722 0
    outer loop
      vertex 144.5 16.3 123.95
      vertex 144.5 16.3 128
      vertex 144.66662913856024 16.308185964657266 123.95
    endloop
  endfacet
  facet normal -0.14673047445535384 0.989176509964782 0
    outer loop
      vertex 144.66662913856024 16.308185964657266 123.95
      vertex 144.66662913856024 16.308185964657266 128
      vertex 144.8316535474274 16.332665023314508 123.95
    endloop
  endfacet
  facet normal -0.2429801799032487 0.9700312531945479 0
    outer loop
      vertex 144.8316535474274 16.332665023314508 123.95
      vertex 144.8316535474274 16.332665023314508 128
      vertex 144.9934839513326 16.373201429255246 123.95
    endloop
  endfacet
  facet normal -0.3368898533922337 0.9415440651830158 0
    outer loop
      vertex 144.9934839513326 16.373201429255246 123.95
      vertex 144.9934839513326 16.373201429255246 128
      vertex 145.15056183502065 16.429404794730814 123.95
    endloop
  endfacet
  facet normal -0.42755509343028764 0.9039892931234408 0
    outer loop
      vertex 145.15056183502065 16.429404794730814 123.95
      vertex 145.15056183502065 16.429404794730814 128
      vertex 145.3013744526042 16.500733850607798 123.95
    endloop
  endfacet
  facet normal -0.5141027441932341 0.8577286100002647 0
    outer loop
      vertex 145.3013744526042 16.500733850607798 123.95
      vertex 145.3013744526042 16.500733850607798 128
      vertex 145.44446939613331 16.586501659085673 123.95
    endloop
  endfacet
  facet normal -0.5956993044923834 0.8032075314806821 0
    outer loop
      vertex 145.44446939613331 16.586501659085673 123.95
      vertex 145.44446939613331 16.586501659085673 128
      vertex 145.5784685830782 16.685882229283347 123.95
    endloop
  endfacet
  facet normal -0.6715589548470766 0.7409511253549064 0
    outer loop
      vertex 145.5784685830782 16.685882229283347 123.95
      vertex 145.5784685830782 16.685882229283347 128
      vertex 145.70208152801712 16.797918471982868 123.95
    endloop
  endfacet
  facet normal -0.7409511253549322 0.671558954847048 0
    outer loop
      vertex 145.70208152801712 16.797918471982868 123.95
      vertex 145.70208152801712 16.797918471982868 128
      vertex 145.81411777071665 16.921531416921802 123.95
    endloop
  endfacet
  facet normal -0.04906767432742204 0.9987954562051722 0
    outer loop
      vertex 144.66662913856024 16.308185964657266 123.95
      vertex 144.5 16.3 128
      vertex 144.66662913856024 16.308185964657266 128
    endloop
  endfacet
  facet normal -0.14673047445535384 0.989176509964782 0
    outer loop
      vertex 144.8316535474274 16.332665023314508 123.95
      vertex 144.66662913856024 16.308185964657266 128
      vertex 144.8316535474274 16.332665023314508 128
    endloop
  endfacet
  facet normal -0.2429801799032487 0.9700312531945479 0
    outer loop
      vertex 144.9934839513326 16.373201429255246 123.95
      vertex 144.8316535474274 16.332665023314508 128
      vertex 144.9934839513326 16.373201429255246 128
    endloop
  endfacet
  facet normal -0.3368898533922337 0.9415440651830158 0
    outer loop
      vertex 145.15056183502065 16.429404794730814 123.95
      vertex 144.9934839513326 16.373201429255246 128
      vertex 145.15056183502065 16.429404794730814 128
    endloop
  endfacet
  facet normal -0.42755509343028764 0.9039892931234408 0
    outer loop
      vertex 145.3013744526042 16.500733850607798 123.95
      vertex 145.15056183502065 16.429404794730814 128
      vertex 145.3013744526042 16.500733850607798 128
    endloop
  endfacet
  facet normal -0.5141027441932341 0.8577286100002647 0
    outer loop
      vertex 145.44446939613331 16.586501659085673 123.95
      vertex 145.3013744526042 16.500733850607798 128
      vertex 145.44446939613331 16.586501659085673 128
    endloop
  endfacet
  facet normal -0.5956993044923834 0.8032075314806821 0
    outer loop
      vertex 145.5784685830782 16.685882229283347 123.95
      vertex 145.44446939613331 16.586501659085673 128
      vertex 145.5784685830782 16.685882229283347 128
    endloop
  endfacet
  facet normal -0.6715589548470766 0.7409511253549064 0
    outer loop
      vertex 145.70208152801712 16.797918471982868 123.95
      vertex 145.5784685830782 16.685882229283347 128
      vertex 145.70208152801712 16.797918471982868 128
    endloop
  endfacet
  facet normal -0.8032075314806647 0.5956993044924069 0
    outer loop
      vertex 145.81411777071665 16.921531416921802 123.95
      vertex 145.81411777071665 16.921531416921802 128
      vertex 145.91349834091432 17.055530603866675 123.95
    endloop
  endfacet
  facet normal -0.8577286100002196 0.5141027441933094 0
    outer loop
      vertex 145.91349834091432 17.055530603866675 123.95
      vertex 145.91349834091432 17.055530603866675 128
      vertex 145.9992661493922 17.198625547395803 123.95
    endloop
  endfacet
  facet normal -0.9039892931234365 0.42755509343029674 0
    outer loop
      vertex 145.9992661493922 17.198625547395803 123.95
      vertex 145.9992661493922 17.198625547395803 128
      vertex 146.0705952052692 17.349438164979347 123.95
    endloop
  endfacet
  facet normal -0.9415440651830207 0.3368898533922203 0
    outer loop
      vertex 146.0705952052692 17.349438164979347 123.95
      vertex 146.0705952052692 17.349438164979347 128
      vertex 146.12679857074477 17.506516048667415 123.95
    endloop
  endfacet
  facet normal -0.9700312531945767 0.2429801799031335 0
    outer loop
      vertex 146.12679857074477 17.506516048667415 123.95
      vertex 146.12679857074477 17.506516048667415 128
      vertex 146.16733497668548 17.66834645257258 123.95
    endloop
  endfacet
  facet normal -0.9891765099647755 0.14673047445539858 0
    outer loop
      vertex 146.16733497668548 17.66834645257258 123.95
      vertex 146.16733497668548 17.66834645257258 128
      vertex 146.19181403534273 17.833370861439747 123.95
    endloop
  endfacet
  facet normal -0.9039892931234365 -0.42755509343029674 0
    outer loop
      vertex 146.0705952052692 18.650561835020653 123.95
      vertex 146.0705952052692 18.650561835020653 128
      vertex 145.9992661493922 18.801374452604197 123.95
    endloop
  endfacet
  facet normal -0.9987954562051745 0.049067674327375375 0
    outer loop
      vertex 146.19181403534273 17.833370861439747 123.95
      vertex 146.19181403534273 17.833370861439747 128
      vertex 146.2 18 123.95
    endloop
  endfacet
  facet normal -0.9987954562051745 -0.049067674327375375 0
    outer loop
      vertex 146.2 18 123.95
      vertex 146.2 18 128
      vertex 146.19181403534273 18.166629138560253 123.95
    endloop
  endfacet
  facet normal -0.9891765099647755 -0.14673047445539858 0
    outer loop
      vertex 146.19181403534273 18.166629138560253 123.95
      vertex 146.19181403534273 18.166629138560253 128
      vertex 146.16733497668548 18.33165354742742 123.95
    endloop
  endfacet
  facet normal -0.9700312531945767 -0.2429801799031335 0
    outer loop
      vertex 146.16733497668548 18.33165354742742 123.95
      vertex 146.16733497668548 18.33165354742742 128
      vertex 146.12679857074477 18.493483951332585 123.95
    endloop
  endfacet
  facet normal -0.9415440651830207 -0.3368898533922203 0
    outer loop
      vertex 146.12679857074477 18.493483951332585 123.95
      vertex 146.12679857074477 18.493483951332585 128
      vertex 146.0705952052692 18.650561835020653 123.95
    endloop
  endfacet
  facet normal -0.7409511253549322 0.671558954847048 0
    outer loop
      vertex 145.81411777071665 16.921531416921802 123.95
      vertex 145.70208152801712 16.797918471982868 128
      vertex 145.81411777071665 16.921531416921802 128
    endloop
  endfacet
  facet normal -0.8032075314806647 0.5956993044924069 0
    outer loop
      vertex 145.91349834091432 17.055530603866675 123.95
      vertex 145.81411777071665 16.921531416921802 128
      vertex 145.91349834091432 17.055530603866675 128
    endloop
  endfacet
  facet normal -0.8577286100002196 0.5141027441933094 0
    outer loop
      vertex 145.9992661493922 17.198625547395803 123.95
      vertex 145.91349834091432 17.055530603866675 128
      vertex 145.9992661493922 17.198625547395803 128
    endloop
  endfacet
  facet normal -0.9039892931234365 0.42755509343029674 0
    outer loop
      vertex 146.0705952052692 17.349438164979347 123.95
      vertex 145.9992661493922 17.198625547395803 128
      vertex 146.0705952052692 17.349438164979347 128
    endloop
  endfacet
  facet normal -0.9415440651830207 0.3368898533922203 0
    outer loop
      vertex 146.12679857074477 17.506516048667415 123.95
      vertex 146.0705952052692 17.349438164979347 128
      vertex 146.12679857074477 17.506516048667415 128
    endloop
  endfacet
  facet normal -0.9700312531945767 0.2429801799031335 0
    outer loop
      vertex 146.16733497668548 17.66834645257258 123.95
      vertex 146.12679857074477 17.506516048667415 128
      vertex 146.16733497668548 17.66834645257258 128
    endloop
  endfacet
  facet normal -0.9891765099647755 0.14673047445539858 0
    outer loop
      vertex 146.19181403534273 17.833370861439747 123.95
      vertex 146.16733497668548 17.66834645257258 128
      vertex 146.19181403534273 17.833370861439747 128
    endloop
  endfacet
  facet normal -0.9987954562051745 0.049067674327375375 0
    outer loop
      vertex 146.2 18 123.95
      vertex 146.19181403534273 17.833370861439747 128
      vertex 146.2 18 128
    endloop
  endfacet
  facet normal -0.9987954562051745 -0.049067674327375375 0
    outer loop
      vertex 146.19181403534273 18.166629138560253 123.95
      vertex 146.2 18 128
      vertex 146.19181403534273 18.166629138560253 128
    endloop
  endfacet
  facet normal -0.9891765099647755 -0.14673047445539858 0
    outer loop
      vertex 146.16733497668548 18.33165354742742 123.95
      vertex 146.19181403534273 18.166629138560253 128
      vertex 146.16733497668548 18.33165354742742 128
    endloop
  endfacet
  facet normal -0.9700312531945767 -0.2429801799031335 0
    outer loop
      vertex 146.12679857074477 18.493483951332585 123.95
      vertex 146.16733497668548 18.33165354742742 128
      vertex 146.12679857074477 18.493483951332585 128
    endloop
  endfacet
  facet normal -0.9415440651830207 -0.3368898533922203 0
    outer loop
      vertex 146.0705952052692 18.650561835020653 123.95
      vertex 146.12679857074477 18.493483951332585 128
      vertex 146.0705952052692 18.650561835020653 128
    endloop
  endfacet
  facet normal -0.14673047445535384 -0.989176509964782 4.640059158044285e-19
    outer loop
      vertex 144.66662913856024 19.691814035342734 123.95
      vertex 144.8316535474274 19.667334976685492 123.95
      vertex 144.8316535474274 19.667334976685492 128
    endloop
  endfacet
  facet normal -0.2429801799032487 -0.9700312531945479 -1.5329259663834084e-19
    outer loop
      vertex 144.8316535474274 19.667334976685492 123.95
      vertex 144.9934839513326 19.626798570744754 123.95
      vertex 144.9934839513326 19.626798570744754 128
    endloop
  endfacet
  facet normal -0.3368898533922337 -0.9415440651830158 1.7792633900272574e-20
    outer loop
      vertex 144.9934839513326 19.626798570744754 123.95
      vertex 145.15056183502065 19.570595205269186 123.95
      vertex 145.15056183502065 19.570595205269186 128
    endloop
  endfacet
  facet normal -0.04906767432742204 -0.9987954562051722 1.0231392997969664e-19
    outer loop
      vertex 144.5 19.7 123.95
      vertex 144.66662913856024 19.691814035342734 123.95
      vertex 144.66662913856024 19.691814035342734 128
    endloop
  endfacet
  facet normal -0.42755509343028764 -0.9039892931234408 9.382939283493722e-19
    outer loop
      vertex 145.15056183502065 19.570595205269186 123.95
      vertex 145.3013744526042 19.499266149392202 123.95
      vertex 145.3013744526042 19.499266149392202 128
    endloop
  endfacet
  facet normal -0.5141027441932341 -0.8577286100002647 -7.510398280682861e-19
    outer loop
      vertex 145.3013744526042 19.499266149392202 123.95
      vertex 145.44446939613331 19.413498340914327 123.95
      vertex 145.44446939613331 19.413498340914327 128
    endloop
  endfacet
  facet normal -0.5956993044923834 -0.8032075314806821 8.016953432268858e-20
    outer loop
      vertex 145.44446939613331 19.413498340914327 123.95
      vertex 145.5784685830782 19.314117770716653 123.95
      vertex 145.5784685830782 19.314117770716653 128
    endloop
  endfacet
  facet normal -0.6715589548470766 -0.7409511253549064 9.14954164038254e-19
    outer loop
      vertex 145.5784685830782 19.314117770716653 123.95
      vertex 145.70208152801712 19.202081528017132 123.95
      vertex 145.70208152801712 19.202081528017132 128
    endloop
  endfacet
  facet normal -0.14673047445535384 -0.989176509964782 0
    outer loop
      vertex 144.66662913856024 19.691814035342734 123.95
      vertex 144.8316535474274 19.667334976685492 128
      vertex 144.66662913856024 19.691814035342734 128
    endloop
  endfacet
  facet normal -0.2429801799032487 -0.9700312531945479 0
    outer loop
      vertex 144.8316535474274 19.667334976685492 123.95
      vertex 144.9934839513326 19.626798570744754 128
      vertex 144.8316535474274 19.667334976685492 128
    endloop
  endfacet
  facet normal -0.3368898533922337 -0.9415440651830158 0
    outer loop
      vertex 144.9934839513326 19.626798570744754 123.95
      vertex 145.15056183502065 19.570595205269186 128
      vertex 144.9934839513326 19.626798570744754 128
    endloop
  endfacet
  facet normal -0.04906767432742204 -0.9987954562051722 0
    outer loop
      vertex 144.5 19.7 123.95
      vertex 144.66662913856024 19.691814035342734 128
      vertex 144.5 19.7 128
    endloop
  endfacet
  facet normal -0.42755509343028764 -0.9039892931234408 0
    outer loop
      vertex 145.15056183502065 19.570595205269186 123.95
      vertex 145.3013744526042 19.499266149392202 128
      vertex 145.15056183502065 19.570595205269186 128
    endloop
  endfacet
  facet normal -0.5141027441932341 -0.8577286100002647 0
    outer loop
      vertex 145.3013744526042 19.499266149392202 123.95
      vertex 145.44446939613331 19.413498340914327 128
      vertex 145.3013744526042 19.499266149392202 128
    endloop
  endfacet
  facet normal -0.7409511253549322 -0.671558954847048 0
    outer loop
      vertex 145.70208152801712 19.202081528017132 123.95
      vertex 145.81411777071665 19.078468583078198 128
      vertex 145.70208152801712 19.202081528017132 128
    endloop
  endfacet
  facet normal -0.5956993044923834 -0.8032075314806821 0
    outer loop
      vertex 145.44446939613331 19.413498340914327 123.95
      vertex 145.5784685830782 19.314117770716653 128
      vertex 145.44446939613331 19.413498340914327 128
    endloop
  endfacet
  facet normal -0.6715589548470766 -0.7409511253549064 0
    outer loop
      vertex 145.5784685830782 19.314117770716653 123.95
      vertex 145.70208152801712 19.202081528017132 128
      vertex 145.5784685830782 19.314117770716653 128
    endloop
  endfacet
  facet normal -0.7409511253549322 -0.671558954847048 0
    outer loop
      vertex 145.81411777071665 19.078468583078198 123.95
      vertex 145.81411777071665 19.078468583078198 128
      vertex 145.70208152801712 19.202081528017132 123.95
    endloop
  endfacet
  facet normal -0.8032075314806647 -0.5956993044924069 -1.1580863600333564e-18
    outer loop
      vertex 145.81411777071665 19.078468583078198 123.95
      vertex 145.91349834091432 18.944469396133325 123.95
      vertex 145.91349834091432 18.944469396133325 128
    endloop
  endfacet
  facet normal -0.8577286100002196 -0.5141027441933094 1.3316292754423998e-19
    outer loop
      vertex 145.91349834091432 18.944469396133325 123.95
      vertex 145.9992661493922 18.801374452604197 123.95
      vertex 145.9992661493922 18.801374452604197 128
    endloop
  endfacet
  facet normal -0.8032075314806647 -0.5956993044924069 0
    outer loop
      vertex 145.81411777071665 19.078468583078198 123.95
      vertex 145.91349834091432 18.944469396133325 128
      vertex 145.81411777071665 19.078468583078198 128
    endloop
  endfacet
  facet normal -0.8577286100002196 -0.5141027441933094 0
    outer loop
      vertex 145.91349834091432 18.944469396133325 123.95
      vertex 145.9992661493922 18.801374452604197 128
      vertex 145.91349834091432 18.944469396133325 128
    endloop
  endfacet
  facet normal -0.9039892931234365 -0.42755509343029674 0
    outer loop
      vertex 145.9992661493922 18.801374452604197 123.95
      vertex 146.0705952052692 18.650561835020653 128
      vertex 145.9992661493922 18.801374452604197 128
    endloop
  endfacet
  facet normal 0.15294479289872678 0.9415440651830128 0.3001710573053505
    outer loop
      vertex 136.95895885416058 -48.82679857074476 110.65723550591304
      vertex 141.41399147510242 -48.82679857074476 108.3872830072153
      vertex 136.88764698724702 -48.77059520526919 110.51727808674127
    endloop
  endfacet
  facet normal 0.11031069330107883 0.970031253194549 0.2164969255422538
    outer loop
      vertex 136.95895885416058 -48.82679857074476 110.65723550591304
      vertex 137.03242832010255 -48.86733497668549 110.80142745160458
      vertex 141.4874609410444 -48.86733497668549 108.53147495290685
    endloop
  endfacet
  facet normal 0.06661424142502749 0.9891765099647754 0.13073781003701523
    outer loop
      vertex 137.03242832010255 -48.86733497668549 110.80142745160458
      vertex 137.10734783395338 -48.89181403534274 110.94846527655555
      vertex 141.56238045489522 -48.89181403534274 108.67851277785782
    endloop
  endfacet
  facet normal 0.02227625798896039 0.9987954562051725 0.0437196179524764
    outer loop
      vertex 137.10734783395338 -48.89181403534274 110.94846527655555
      vertex 137.18299587983952 -48.900000000000006 111.09693292613264
      vertex 141.63802850078136 -48.900000000000006 108.82698042743489
    endloop
  endfacet
  facet normal 0.3363847716824749 0.6715589548470291 0.6601922867959722
    outer loop
      vertex 136.58639889639525 -48.2784685830782 109.92604541887222
      vertex 136.63726228620735 -48.402081528017135 110.02587044206305
      vertex 141.09229490714918 -48.402081528017135 107.7559179433653
    endloop
  endfacet
  facet normal 0.3894006402949194 0.5141027441932626 0.7642417874932406
    outer loop
      vertex 136.50234329143436 -48.001374452604196 109.7610770055294
      vertex 136.5412810616668 -48.144469396133324 109.83749668244853
      vertex 140.99631368260864 -48.144469396133324 107.5675441837508
    endloop
  endfacet
  facet normal 0.36464858861146643 0.595699304492432 0.7156631508264892
    outer loop
      vertex 136.5412810616668 -48.144469396133324 109.83749668244853
      vertex 136.58639889639525 -48.2784685830782 109.92604541887222
      vertex 141.0414315173371 -48.2784685830782 107.65609292017449
    endloop
  endfacet
  facet normal 0.41040255094432304 0.42755509343023007 0.8054603579694407
    outer loop
      vertex 136.50234329143436 -48.001374452604196 109.7610770055294
      vertex 140.9573759123762 -48.001374452604196 107.49112450683167
      vertex 136.46996057771082 -47.850561835020656 109.69752235137882
    endloop
  endfacet
  facet normal 0.44038497340077376 0.24298017990323145 0.8643041752629643
    outer loop
      vertex 136.42604164054086 -47.53165354742742 109.6113265838984
      vertex 136.4444447837315 -47.69348395133259 109.64744478605876
      vertex 140.89947740467338 -47.69348395133259 107.37749228736101
    endloop
  endfacet
  facet normal 0.4490767380895312 0.14673047445537196 0.8813627239524984
    outer loop
      vertex 136.42604164054086 -47.53165354742742 109.6113265838984
      vertex 140.8810742614827 -47.53165354742742 107.34137408520067
      vertex 136.4149283804679 -47.366629138560256 109.58951558292881
    endloop
  endfacet
  facet normal 0.45344364830017353 0.049067674327489576 0.8899332678085026
    outer loop
      vertex 136.4149283804679 -47.366629138560256 109.58951558292881
      vertex 140.86996100140973 -47.366629138560256 107.31956308423108
      vertex 136.4112120302823 -47.2 109.5822218350124
    endloop
  endfacet
  facet normal 0.45344364830017353 -0.049067674327489576 0.8899332678085026
    outer loop
      vertex 136.4112120302823 -47.2 109.5822218350124
      vertex 140.86624465122412 -47.2 107.31226933631467
      vertex 136.4149283804679 -47.03337086143975 109.58951558292881
    endloop
  endfacet
  facet normal 0.4490767380895336 -0.14673047445537057 0.8813627239524975
    outer loop
      vertex 136.4149283804679 -47.03337086143975 109.58951558292881
      vertex 140.86996100140973 -47.03337086143975 107.31956308423106
      vertex 136.42604164054083 -46.86834645257259 109.61132658389842
    endloop
  endfacet
  facet normal 0.4274520606792458 0.3368898533922102 0.8389219048889125
    outer loop
      vertex 136.4444447837315 -47.69348395133259 109.64744478605876
      vertex 136.46996057771082 -47.850561835020656 109.69752235137882
      vertex 140.92499319865266 -47.850561835020656 107.42756985268109
    endloop
  endfacet
  facet normal 0.44038497340077365 -0.24298017990323284 0.8643041752629641
    outer loop
      vertex 136.42604164054083 -46.86834645257259 109.61132658389842
      vertex 140.8810742614827 -46.86834645257259 107.34137408520067
      vertex 136.4444447837315 -46.70651604866742 109.64744478605876
    endloop
  endfacet
  facet normal 0.42745206067924796 -0.3368898533922103 0.8389219048889113
    outer loop
      vertex 136.4444447837315 -46.70651604866742 109.64744478605876
      vertex 140.89947740467335 -46.70651604866742 107.37749228736101
      vertex 136.46996057771082 -46.54943816497935 109.69752235137882
    endloop
  endfacet
  facet normal 0.41040255094432304 -0.42755509343023007 0.8054603579694407
    outer loop
      vertex 136.46996057771082 -46.54943816497935 109.69752235137882
      vertex 140.92499319865266 -46.54943816497935 107.42756985268109
      vertex 136.50234329143436 -46.39862554739581 109.7610770055294
    endloop
  endfacet
  facet normal 0.3894006402949194 -0.5141027441932626 0.7642417874932406
    outer loop
      vertex 136.50234329143436 -46.39862554739581 109.7610770055294
      vertex 140.9573759123762 -46.39862554739581 107.49112450683167
      vertex 136.5412810616668 -46.25553060386668 109.83749668244853
    endloop
  endfacet
  facet normal 0.3646485886114667 -0.595699304492431 0.71566315082649
    outer loop
      vertex 136.5412810616668 -46.25553060386668 109.83749668244853
      vertex 140.99631368260864 -46.25553060386668 107.5675441837508
      vertex 136.58639889639522 -46.121531416921805 109.92604541887223
    endloop
  endfacet
  facet normal 0.3363847716824728 -0.67155895484703 0.6601922867959723
    outer loop
      vertex 136.58639889639522 -46.121531416921805 109.92604541887223
      vertex 141.0414315173371 -46.121531416921805 107.65609292017449
      vertex 136.63726228620735 -45.99791847198287 110.02587044206305
    endloop
  endfacet
  facet normal 0.3048813855155715 0.7409511253549476 0.5983634101458262
    outer loop
      vertex 136.69338138885445 -48.51411777071666 110.13601038247778
      vertex 141.14841400979628 -48.51411777071666 107.86605788378004
      vertex 136.63726228620735 -48.402081528017135 110.02587044206305
    endloop
  endfacet
  facet normal 0.27044182494102514 0.8032075314806371 0.5307719667572405
    outer loop
      vertex 136.69338138885445 -48.51411777071666 110.13601038247778
      vertex 136.75421574670023 -48.61349834091433 110.2554045322816
      vertex 141.2092483676421 -48.61349834091433 107.98545203358385
    endloop
  endfacet
  facet normal 0.23339776175375757 0.8577286100002662 0.4580688991793125
    outer loop
      vertex 136.75421574670023 -48.61349834091433 110.2554045322816
      vertex 136.81917949162323 -48.69926614939221 110.38290306054441
      vertex 141.27421211256507 -48.69926614939221 108.11295056184667
    endloop
  endfacet
  facet normal 0.19410595053258733 0.9039892931234592 0.3809543776963187
    outer loop
      vertex 136.81917949162323 -48.69926614939221 110.38290306054441
      vertex 136.88764698724702 -48.77059520526919 110.51727808674127
      vertex 141.34267960818886 -48.77059520526919 108.24732558804354
    endloop
  endfacet
  facet normal 0.45344364830017353 0.04906767432748945 0.8899332678085026
    outer loop
      vertex 136.4112120302823 -47.2 109.5822218350124
      vertex 140.86996100140973 -47.366629138560256 107.31956308423108
      vertex 140.86624465122412 -47.2 107.31226933631467
    endloop
  endfacet
  facet normal 0.4534436483001775 -0.049067674327413234 0.8899332678085049
    outer loop
      vertex 136.4149283804679 -47.03337086143975 109.58951558292881
      vertex 140.86624465122412 -47.2 107.31226933631467
      vertex 140.86996100140973 -47.03337086143975 107.31956308423106
    endloop
  endfacet
  facet normal 0.30488138551557303 -0.7409511253549476 0.5983634101458253
    outer loop
      vertex 136.69338138885445 -45.88588222928335 110.13601038247778
      vertex 136.63726228620735 -45.99791847198287 110.02587044206305
      vertex 141.09229490714918 -45.99791847198287 107.7559179433653
    endloop
  endfacet
  facet normal 0.2704418249410252 -0.8032075314806371 0.5307719667572405
    outer loop
      vertex 136.69338138885445 -45.88588222928335 110.13601038247778
      vertex 141.14841400979628 -45.88588222928335 107.86605788378004
      vertex 136.75421574670023 -45.78650165908567 110.2554045322816
    endloop
  endfacet
  facet normal 0.23339776175375784 -0.8577286100002659 0.4580688991793132
    outer loop
      vertex 136.75421574670023 -45.78650165908567 110.2554045322816
      vertex 141.2092483676421 -45.78650165908567 107.98545203358385
      vertex 136.8191794916232 -45.7007338506078 110.38290306054442
    endloop
  endfacet
  facet normal 0.1941059505325873 -0.9039892931234591 0.38095437769631874
    outer loop
      vertex 136.8191794916232 -45.7007338506078 110.38290306054442
      vertex 141.27421211256507 -45.7007338506078 108.11295056184667
      vertex 136.887646987247 -45.62940479473082 110.51727808674129
    endloop
  endfacet
  facet normal 0.15294479289872656 -0.9415440651830129 0.3001710573053501
    outer loop
      vertex 136.887646987247 -45.62940479473082 110.51727808674129
      vertex 141.34267960818886 -45.62940479473082 108.24732558804354
      vertex 136.95895885416058 -45.57320142925525 110.65723550591304
    endloop
  endfacet
  facet normal 0.110310693301079 -0.9700312531945489 0.21649692554225414
    outer loop
      vertex 137.03242832010253 -45.532665023314514 110.8014274516046
      vertex 136.95895885416058 -45.57320142925525 110.65723550591304
      vertex 141.41399147510242 -45.57320142925525 108.3872830072153
    endloop
  endfacet
  facet normal 0.06661424142502749 -0.9891765099647755 0.13073781003701526
    outer loop
      vertex 137.03242832010253 -45.532665023314514 110.8014274516046
      vertex 141.4874609410444 -45.532665023314514 108.53147495290685
      vertex 137.10734783395336 -45.508185964657265 110.94846527655557
    endloop
  endfacet
  facet normal 0.02227625798896028 -0.9987954562051725 0.043719617952476454
    outer loop
      vertex 137.10734783395336 -45.508185964657265 110.94846527655557
      vertex 141.56238045489522 -45.508185964657265 108.67851277785782
      vertex 137.1829958798395 -45.5 111.09693292613265
    endloop
  endfacet
  facet normal 0.15294479289872664 0.9415440651830129 0.30017105730535026
    outer loop
      vertex 136.88764698724702 -48.77059520526919 110.51727808674127
      vertex 141.41399147510242 -48.82679857074476 108.3872830072153
      vertex 141.34267960818886 -48.77059520526919 108.24732558804354
    endloop
  endfacet
  facet normal 0.1103106933010788 0.9700312531945491 0.21649692554225372
    outer loop
      vertex 136.95895885416058 -48.82679857074476 110.65723550591304
      vertex 141.4874609410444 -48.86733497668549 108.53147495290685
      vertex 141.41399147510242 -48.82679857074476 108.3872830072153
    endloop
  endfacet
  facet normal 0.06661424142502745 0.9891765099647754 0.13073781003701515
    outer loop
      vertex 137.03242832010255 -48.86733497668549 110.80142745160458
      vertex 141.56238045489522 -48.89181403534274 108.67851277785782
      vertex 141.4874609410444 -48.86733497668549 108.53147495290685
    endloop
  endfacet
  facet normal 0.022276257988961982 0.9987954562051723 0.0437196179524798
    outer loop
      vertex 137.10734783395338 -48.89181403534274 110.94846527655555
      vertex 141.63802850078136 -48.900000000000006 108.82698042743489
      vertex 141.56238045489522 -48.89181403534274 108.67851277785782
    endloop
  endfacet
  facet normal 0 1 0
    outer loop
      vertex 137.18299587983952 -48.900000000000006 111.09693292613264
      vertex 144.36197149921864 -48.900000000000006 114.1730195725651
      vertex 141.63802850078136 -48.900000000000006 108.82698042743489
    endloop
  endfacet
  facet normal 0.27044182494102514 0.8032075314806372 0.5307719667572404
    outer loop
      vertex 136.69338138885445 -48.51411777071666 110.13601038247778
      vertex 141.2092483676421 -48.61349834091433 107.98545203358385
      vertex 141.14841400979628 -48.51411777071666 107.86605788378004
    endloop
  endfacet
  facet normal 0.33638477168249037 0.6715589548469875 0.6601922867960065
    outer loop
      vertex 136.58639889639525 -48.2784685830782 109.92604541887222
      vertex 141.09229490714918 -48.402081528017135 107.7559179433653
      vertex 141.0414315173371 -48.2784685830782 107.65609292017449
    endloop
  endfacet
  facet normal 0.30488138551555577 0.7409511253549821 0.5983634101457915
    outer loop
      vertex 136.63726228620735 -48.402081528017135 110.02587044206305
      vertex 141.14841400979628 -48.51411777071666 107.86605788378004
      vertex 141.09229490714918 -48.402081528017135 107.7559179433653
    endloop
  endfacet
  facet normal 0.36464858861146643 0.5956993044924318 0.7156631508264893
    outer loop
      vertex 136.5412810616668 -48.144469396133324 109.83749668244853
      vertex 141.0414315173371 -48.2784685830782 107.65609292017449
      vertex 140.99631368260864 -48.144469396133324 107.5675441837508
    endloop
  endfacet
  facet normal 0.38940064029491944 0.5141027441932626 0.7642417874932407
    outer loop
      vertex 136.50234329143436 -48.001374452604196 109.7610770055294
      vertex 140.99631368260864 -48.144469396133324 107.5675441837508
      vertex 140.9573759123762 -48.001374452604196 107.49112450683167
    endloop
  endfacet
  facet normal 0.41040255094432315 0.4275550934302297 0.8054603579694409
    outer loop
      vertex 136.46996057771082 -47.850561835020656 109.69752235137882
      vertex 140.9573759123762 -48.001374452604196 107.49112450683167
      vertex 140.92499319865266 -47.850561835020656 107.42756985268109
    endloop
  endfacet
  facet normal 0.23339776175375795 0.8577286100002658 0.45806889917931337
    outer loop
      vertex 136.75421574670023 -48.61349834091433 110.2554045322816
      vertex 141.27421211256507 -48.69926614939221 108.11295056184667
      vertex 141.2092483676421 -48.61349834091433 107.98545203358385
    endloop
  endfacet
  facet normal 0.19410595053258717 0.9039892931234592 0.3809543776963184
    outer loop
      vertex 136.81917949162323 -48.69926614939221 110.38290306054441
      vertex 141.34267960818886 -48.77059520526919 108.24732558804354
      vertex 141.27421211256507 -48.69926614939221 108.11295056184667
    endloop
  endfacet
  facet normal 0.427452060679246 0.33688985339220856 0.8389219048889129
    outer loop
      vertex 136.4444447837315 -47.69348395133259 109.64744478605876
      vertex 140.92499319865266 -47.850561835020656 107.42756985268109
      vertex 140.89947740467338 -47.69348395133259 107.37749228736101
    endloop
  endfacet
  facet normal 0.4403849734007736 0.24298017990323292 0.8643041752629641
    outer loop
      vertex 136.42604164054086 -47.53165354742742 109.6113265838984
      vertex 140.89947740467338 -47.69348395133259 107.37749228736101
      vertex 140.8810742614827 -47.53165354742742 107.34137408520067
    endloop
  endfacet
  facet normal 0.4490767380895312 0.14673047445537293 0.8813627239524984
    outer loop
      vertex 136.4149283804679 -47.366629138560256 109.58951558292881
      vertex 140.8810742614827 -47.53165354742742 107.34137408520067
      vertex 140.86996100140973 -47.366629138560256 107.31956308423108
    endloop
  endfacet
  facet normal 0.44907673808952614 -0.14673047445544726 0.8813627239524886
    outer loop
      vertex 136.42604164054083 -46.86834645257259 109.61132658389842
      vertex 140.86996100140973 -47.03337086143975 107.31956308423106
      vertex 140.8810742614827 -46.86834645257259 107.34137408520067
    endloop
  endfacet
  facet normal 0.4403849734007841 -0.24298017990316007 0.8643041752629791
    outer loop
      vertex 136.4444447837315 -46.70651604866742 109.64744478605876
      vertex 140.8810742614827 -46.86834645257259 107.34137408520067
      vertex 140.89947740467335 -46.70651604866742 107.37749228736101
    endloop
  endfacet
  facet normal 0.427452060679235 -0.33688985339227717 0.8389219048888911
    outer loop
      vertex 136.46996057771082 -46.54943816497935 109.69752235137882
      vertex 140.89947740467335 -46.70651604866742 107.37749228736101
      vertex 140.92499319865266 -46.54943816497935 107.42756985268109
    endloop
  endfacet
  facet normal 0.41040255094432304 -0.4275550934302299 0.8054603579694407
    outer loop
      vertex 136.50234329143436 -46.39862554739581 109.7610770055294
      vertex 140.92499319865266 -46.54943816497935 107.42756985268109
      vertex 140.9573759123762 -46.39862554739581 107.49112450683167
    endloop
  endfacet
  facet normal 0.3894006402949194 -0.5141027441932629 0.7642417874932406
    outer loop
      vertex 136.5412810616668 -46.25553060386668 109.83749668244853
      vertex 140.9573759123762 -46.39862554739581 107.49112450683167
      vertex 140.99631368260864 -46.25553060386668 107.5675441837508
    endloop
  endfacet
  facet normal 0.3646485886114666 -0.5956993044924315 0.7156631508264897
    outer loop
      vertex 136.58639889639522 -46.121531416921805 109.92604541887223
      vertex 140.99631368260864 -46.25553060386668 107.5675441837508
      vertex 141.0414315173371 -46.121531416921805 107.65609292017449
    endloop
  endfacet
  facet normal 0.3363847716824918 -0.671558954846988 0.6601922867960054
    outer loop
      vertex 136.63726228620735 -45.99791847198287 110.02587044206305
      vertex 141.0414315173371 -46.121531416921805 107.65609292017449
      vertex 141.09229490714918 -45.99791847198287 107.7559179433653
    endloop
  endfacet
  facet normal 0.30488138551555416 -0.7409511253549822 0.5983634101457921
    outer loop
      vertex 136.69338138885445 -45.88588222928335 110.13601038247778
      vertex 141.09229490714918 -45.99791847198287 107.7559179433653
      vertex 141.14841400979628 -45.88588222928335 107.86605788378004
    endloop
  endfacet
  facet normal 0.2704418249410248 -0.8032075314806377 0.5307719667572398
    outer loop
      vertex 136.75421574670023 -45.78650165908567 110.2554045322816
      vertex 141.14841400979628 -45.88588222928335 107.86605788378004
      vertex 141.2092483676421 -45.78650165908567 107.98545203358385
    endloop
  endfacet
  facet normal 0.23339776175375795 -0.8577286100002659 0.45806889917931337
    outer loop
      vertex 136.8191794916232 -45.7007338506078 110.38290306054442
      vertex 141.2092483676421 -45.78650165908567 107.98545203358385
      vertex 141.27421211256507 -45.7007338506078 108.11295056184667
    endloop
  endfacet
  facet normal 0.1941059505325873 -0.9039892931234591 0.3809543776963188
    outer loop
      vertex 136.887646987247 -45.62940479473082 110.51727808674129
      vertex 141.27421211256507 -45.7007338506078 108.11295056184667
      vertex 141.34267960818886 -45.62940479473082 108.24732558804354
    endloop
  endfacet
  facet normal 0.15294479289872692 -0.9415440651830128 0.3001710573053508
    outer loop
      vertex 136.95895885416058 -45.57320142925525 110.65723550591304
      vertex 141.34267960818886 -45.62940479473082 108.24732558804354
      vertex 141.41399147510242 -45.57320142925525 108.3872830072153
    endloop
  endfacet
  facet normal 0.11031069330107889 -0.970031253194549 0.21649692554225394
    outer loop
      vertex 137.03242832010253 -45.532665023314514 110.8014274516046
      vertex 141.41399147510242 -45.57320142925525 108.3872830072153
      vertex 141.4874609410444 -45.532665023314514 108.53147495290685
    endloop
  endfacet
  facet normal 0.0666142414250275 -0.9891765099647755 0.1307378100370153
    outer loop
      vertex 137.10734783395336 -45.508185964657265 110.94846527655557
      vertex 141.4874609410444 -45.532665023314514 108.53147495290685
      vertex 141.56238045489522 -45.508185964657265 108.67851277785782
    endloop
  endfacet
  facet normal 0.022276257988962066 -0.9987954562051723 0.043719617952479695
    outer loop
      vertex 137.1829958798395 -45.5 111.09693292613265
      vertex 141.56238045489522 -45.508185964657265 108.67851277785782
      vertex 141.63802850078136 -45.5 108.82698042743489
    endloop
  endfacet
  facet normal 0 -1 0
    outer loop
      vertex 139.90693887827678 -45.5 116.44297207126286
      vertex 137.1829958798395 -45.5 111.09693292613265
      vertex 141.63802850078136 -45.5 108.82698042743489
    endloop
  endfacet
  facet normal 0 -1 0
    outer loop
      vertex 144.36197149921864 -45.5 114.17301957256511
      vertex 139.90693887827678 -45.5 116.44297207126286
      vertex 141.63802850078136 -45.5 108.82698042743489
    endloop
  endfacet
  facet normal 0 1 0
    outer loop
      vertex 137.18299587983952 -48.900000000000006 111.09693292613264
      vertex 139.90693887827678 -48.900000000000006 116.44297207126286
      vertex 144.36197149921864 -48.900000000000006 114.1730195725651
    endloop
  endfacet
  facet normal -0.022276257988961965 0.9987954562051723 -0.043719617952479764
    outer loop
      vertex 139.90693887827678 -48.900000000000006 116.44297207126286
      vertex 139.98258692416292 -48.89181403534274 116.59143972083993
      vertex 144.43761954510478 -48.89181403534274 114.32148722214218
    endloop
  endfacet
  facet normal -0.06661424142502752 0.9891765099647755 -0.13073781003701532
    outer loop
      vertex 144.5125390589556 -48.86733497668549 114.46852504709315
      vertex 139.98258692416292 -48.89181403534274 116.59143972083993
      vertex 140.05750643801375 -48.86733497668549 116.7384775457909
    endloop
  endfacet
  facet normal -0.11031069330108642 0.9700312531945444 -0.2164969255422701
    outer loop
      vertex 144.58600852489758 -48.82679857074476 114.6127169927847
      vertex 140.05750643801375 -48.86733497668549 116.7384775457909
      vertex 140.13097590395572 -48.82679857074476 116.88266949148243
    endloop
  endfacet
  facet normal -0.15294479289871588 0.9415440651830214 -0.30017105730532917
    outer loop
      vertex 144.65732039181114 -48.77059520526919 114.75267441195646
      vertex 140.13097590395572 -48.82679857074476 116.88266949148243
      vertex 140.20228777086928 -48.77059520526919 117.02262691065421
    endloop
  endfacet
  facet normal -0.19410595053258733 0.9039892931234591 -0.38095437769631885
    outer loop
      vertex 144.72578788743493 -48.69926614939221 114.88704943815333
      vertex 140.20228777086928 -48.77059520526919 117.02262691065421
      vertex 140.27075526649307 -48.69926614939221 117.15700193685107
    endloop
  endfacet
  facet normal -0.2333977617537576 0.8577286100002662 -0.45806889917931265
    outer loop
      vertex 144.7907516323579 -48.61349834091433 115.01454796641615
      vertex 140.27075526649307 -48.69926614939221 117.15700193685107
      vertex 140.33571901141607 -48.61349834091433 117.28450046511388
    endloop
  endfacet
  facet normal -0.27044182494100866 0.8032075314806641 -0.5307719667572082
    outer loop
      vertex 140.33571901141607 -48.61349834091433 117.28450046511388
      vertex 140.39655336926185 -48.51411777071666 117.40389461491772
      vertex 144.85158599020372 -48.51411777071666 115.13394211621997
    endloop
  endfacet
  facet normal -0.3048813855155716 0.7409511253549476 -0.5983634101458263
    outer loop
      vertex 144.90770509285082 -48.402081528017135 115.2440820566347
      vertex 140.39655336926185 -48.51411777071666 117.40389461491772
      vertex 140.45267247190895 -48.402081528017135 117.51403455533244
    endloop
  endfacet
  facet normal -0.022276257988961958 -0.9987954562051723 -0.04371961795247975
    outer loop
      vertex 144.36197149921864 -45.5 114.17301957256511
      vertex 139.98258692416292 -45.508185964657265 116.59143972083993
      vertex 139.90693887827678 -45.5 116.44297207126286
    endloop
  endfacet
  facet normal -0.0666142414250275 -0.9891765099647755 -0.1307378100370153
    outer loop
      vertex 144.43761954510478 -45.508185964657265 114.32148722214218
      vertex 140.05750643801375 -45.532665023314514 116.7384775457909
      vertex 139.98258692416292 -45.508185964657265 116.59143972083993
    endloop
  endfacet
  facet normal -0.1103106933010875 -0.9700312531945445 -0.2164969255422695
    outer loop
      vertex 140.05750643801375 -45.532665023314514 116.7384775457909
      vertex 144.5125390589556 -45.532665023314514 114.46852504709314
      vertex 140.13097590395572 -45.57320142925525 116.88266949148243
    endloop
  endfacet
  facet normal -0.15294479289871513 -0.9415440651830215 -0.30017105730532956
    outer loop
      vertex 144.58600852489758 -45.57320142925525 114.6127169927847
      vertex 140.20228777086928 -45.62940479473082 117.02262691065421
      vertex 140.13097590395572 -45.57320142925525 116.88266949148243
    endloop
  endfacet
  facet normal -0.1941059505325873 -0.9039892931234591 -0.38095437769631874
    outer loop
      vertex 140.20228777086928 -45.62940479473082 117.02262691065421
      vertex 144.65732039181114 -45.62940479473082 114.75267441195646
      vertex 140.27075526649307 -45.7007338506078 117.15700193685107
    endloop
  endfacet
  facet normal -0.23339776175375776 -0.857728610000266 -0.458068899179313
    outer loop
      vertex 144.72578788743493 -45.7007338506078 114.88704943815333
      vertex 140.33571901141607 -45.78650165908567 117.28450046511388
      vertex 140.27075526649307 -45.7007338506078 117.15700193685107
    endloop
  endfacet
  facet normal -0.2704418249410087 -0.803207531480664 -0.5307719667572082
    outer loop
      vertex 140.33571901141607 -45.78650165908567 117.28450046511388
      vertex 144.7907516323579 -45.78650165908567 115.01454796641615
      vertex 140.39655336926185 -45.88588222928335 117.40389461491772
    endloop
  endfacet
  facet normal -0.3048813855155715 -0.7409511253549476 -0.5983634101458261
    outer loop
      vertex 144.85158599020372 -45.88588222928335 115.13394211621997
      vertex 140.45267247190895 -45.99791847198287 117.51403455533244
      vertex 140.39655336926185 -45.88588222928335 117.40389461491772
    endloop
  endfacet
  facet normal -0.022276257988960387 0.9987954562051725 -0.0437196179524764
    outer loop
      vertex 144.36197149921864 -48.900000000000006 114.1730195725651
      vertex 139.90693887827678 -48.900000000000006 116.44297207126286
      vertex 144.43761954510478 -48.89181403534274 114.32148722214218
    endloop
  endfacet
  facet normal -0.06661424142502749 0.9891765099647755 -0.13073781003701526
    outer loop
      vertex 144.5125390589556 -48.86733497668549 114.46852504709315
      vertex 144.43761954510478 -48.89181403534274 114.32148722214218
      vertex 139.98258692416292 -48.89181403534274 116.59143972083993
    endloop
  endfacet
  facet normal -0.11031069330107883 0.970031253194549 -0.21649692554225383
    outer loop
      vertex 144.58600852489758 -48.82679857074476 114.6127169927847
      vertex 144.5125390589556 -48.86733497668549 114.46852504709315
      vertex 140.05750643801375 -48.86733497668549 116.7384775457909
    endloop
  endfacet
  facet normal -0.15294479289872598 0.9415440651830128 -0.3001710573053509
    outer loop
      vertex 144.58600852489758 -48.82679857074476 114.6127169927847
      vertex 140.13097590395572 -48.82679857074476 116.88266949148243
      vertex 144.65732039181114 -48.77059520526919 114.75267441195646
    endloop
  endfacet
  facet normal -0.3363847716824903 0.6715589548469876 -0.6601922867960066
    outer loop
      vertex 140.45267247190895 -48.402081528017135 117.51403455533244
      vertex 140.50353586172105 -48.2784685830782 117.61385957852326
      vertex 144.9585684826629 -48.2784685830782 115.34390707982551
    endloop
  endfacet
  facet normal -0.3646485886114666 0.5956993044924314 -0.7156631508264897
    outer loop
      vertex 145.00368631739136 -48.144469396133324 115.4324558162492
      vertex 140.50353586172105 -48.2784685830782 117.61385957852326
      vertex 140.5486536964495 -48.144469396133324 117.70240831494695
    endloop
  endfacet
  facet normal -0.3894006402949328 0.5141027441932063 -0.7642417874932717
    outer loop
      vertex 145.0426240876238 -48.001374452604196 115.50887549316833
      vertex 140.5486536964495 -48.144469396133324 117.70240831494695
      vertex 140.58759146668194 -48.001374452604196 117.77882799186607
    endloop
  endfacet
  facet normal -0.41040255094429645 0.42755509343035414 -0.8054603579693884
    outer loop
      vertex 140.58759146668194 -48.001374452604196 117.77882799186607
      vertex 140.61997418040548 -47.850561835020656 117.84238264601667
      vertex 145.07500680134734 -47.850561835020656 115.57243014731893
    endloop
  endfacet
  facet normal -0.42745206067925684 0.33688985339214234 -0.838921904888934
    outer loop
      vertex 145.10052259532662 -47.69348395133259 115.62250771263899
      vertex 140.61997418040548 -47.850561835020656 117.84238264601667
      vertex 140.6454899743848 -47.69348395133259 117.89246021133673
    endloop
  endfacet
  facet normal -0.4403849734007655 0.24298017990330423 -0.8643041752629481
    outer loop
      vertex 140.6454899743848 -47.69348395133259 117.89246021133673
      vertex 140.66389311757547 -47.53165354742742 117.92857841349708
      vertex 145.1189257385173 -47.53165354742742 115.65862591479934
    endloop
  endfacet
  facet normal -0.44907673808953347 0.1467304744553714 -0.8813627239524973
    outer loop
      vertex 145.13003899859027 -47.366629138560256 115.68043691576892
      vertex 140.66389311757547 -47.53165354742742 117.92857841349708
      vertex 140.67500637764843 -47.366629138560256 117.95038941446667
    endloop
  endfacet
  facet normal -0.44907673808952897 -0.146730474455372 -0.8813627239524996
    outer loop
      vertex 140.66389311757547 -46.86834645257259 117.92857841349708
      vertex 145.11892573851733 -46.86834645257259 115.65862591479934
      vertex 140.67500637764843 -47.03337086143975 117.95038941446667
    endloop
  endfacet
  facet normal -0.1941059505325873 0.9039892931234591 -0.38095437769631874
    outer loop
      vertex 144.65732039181114 -48.77059520526919 114.75267441195646
      vertex 140.20228777086928 -48.77059520526919 117.02262691065421
      vertex 144.72578788743493 -48.69926614939221 114.88704943815333
    endloop
  endfacet
  facet normal -0.022276257988961965 -0.9987954562051723 -0.043719617952479764
    outer loop
      vertex 144.43761954510478 -45.508185964657265 114.32148722214218
      vertex 139.98258692416292 -45.508185964657265 116.59143972083993
      vertex 144.36197149921864 -45.5 114.17301957256511
    endloop
  endfacet
  facet normal -0.06661424142503282 -0.9891765099647739 -0.1307378100370249
    outer loop
      vertex 144.5125390589556 -45.532665023314514 114.46852504709314
      vertex 140.05750643801375 -45.532665023314514 116.7384775457909
      vertex 144.43761954510478 -45.508185964657265 114.32148722214218
    endloop
  endfacet
  facet normal -0.11031069330107016 -0.9700312531945534 -0.21649692554223815
    outer loop
      vertex 144.5125390589556 -45.532665023314514 114.46852504709314
      vertex 144.58600852489758 -45.57320142925525 114.6127169927847
      vertex 140.13097590395572 -45.57320142925525 116.88266949148243
    endloop
  endfacet
  facet normal -0.4104025509442943 -0.4275550934303546 -0.8054603579693892
    outer loop
      vertex 145.0426240876238 -46.39862554739581 115.50887549316833
      vertex 140.61997418040548 -46.54943816497935 117.84238264601667
      vertex 140.58759146668194 -46.39862554739581 117.77882799186607
    endloop
  endfacet
  facet normal -0.4403849734007634 -0.2429801799033033 -0.8643041752629496
    outer loop
      vertex 145.10052259532665 -46.70651604866742 115.62250771263899
      vertex 140.66389311757547 -46.86834645257259 117.92857841349708
      vertex 140.6454899743848 -46.70651604866742 117.89246021133673
    endloop
  endfacet
  facet normal -0.42745206067925684 -0.3368898533921421 -0.8389219048889343
    outer loop
      vertex 145.07500680134734 -46.54943816497935 115.57243014731893
      vertex 140.6454899743848 -46.70651604866742 117.89246021133673
      vertex 140.61997418040548 -46.54943816497935 117.84238264601667
    endloop
  endfacet
  facet normal -0.3894006402949347 -0.5141027441932065 -0.7642417874932705
    outer loop
      vertex 145.00368631739136 -46.25553060386668 115.4324558162492
      vertex 140.58759146668194 -46.39862554739581 117.77882799186607
      vertex 140.5486536964495 -46.25553060386668 117.70240831494695
    endloop
  endfacet
  facet normal -0.36464858861146643 -0.595699304492432 -0.7156631508264893
    outer loop
      vertex 140.5486536964495 -46.25553060386668 117.70240831494695
      vertex 140.50353586172105 -46.121531416921805 117.61385957852326
      vertex 144.9585684826629 -46.121531416921805 115.34390707982551
    endloop
  endfacet
  facet normal -0.3363847716824904 -0.6715589548469871 -0.6601922867960069
    outer loop
      vertex 144.90770509285082 -45.99791847198287 115.2440820566347
      vertex 140.50353586172105 -46.121531416921805 117.61385957852326
      vertex 140.45267247190895 -45.99791847198287 117.51403455533244
    endloop
  endfacet
  facet normal -0.15294479289872676 -0.9415440651830128 -0.30017105730535054
    outer loop
      vertex 144.65732039181114 -45.62940479473082 114.75267441195646
      vertex 140.20228777086928 -45.62940479473082 117.02262691065421
      vertex 144.58600852489758 -45.57320142925525 114.6127169927847
    endloop
  endfacet
  facet normal -0.23339776175375784 0.8577286100002659 -0.4580688991793132
    outer loop
      vertex 144.72578788743493 -48.69926614939221 114.88704943815333
      vertex 140.27075526649307 -48.69926614939221 117.15700193685107
      vertex 144.7907516323579 -48.61349834091433 115.01454796641615
    endloop
  endfacet
  facet normal -0.27044182494100844 0.8032075314806646 -0.5307719667572076
    outer loop
      vertex 144.7907516323579 -48.61349834091433 115.01454796641615
      vertex 140.33571901141607 -48.61349834091433 117.28450046511388
      vertex 144.85158599020372 -48.51411777071666 115.13394211621997
    endloop
  endfacet
  facet normal -0.3048813855155715 0.7409511253549476 -0.5983634101458261
    outer loop
      vertex 144.90770509285082 -48.402081528017135 115.2440820566347
      vertex 144.85158599020372 -48.51411777071666 115.13394211621997
      vertex 140.39655336926185 -48.51411777071666 117.40389461491772
    endloop
  endfacet
  facet normal -0.3363847716824903 0.6715589548469876 -0.6601922867960066
    outer loop
      vertex 144.90770509285082 -48.402081528017135 115.2440820566347
      vertex 140.45267247190895 -48.402081528017135 117.51403455533244
      vertex 144.9585684826629 -48.2784685830782 115.34390707982551
    endloop
  endfacet
  facet normal -0.36464858861146643 0.595699304492432 -0.7156631508264893
    outer loop
      vertex 145.00368631739136 -48.144469396133324 115.4324558162492
      vertex 144.9585684826629 -48.2784685830782 115.34390707982551
      vertex 140.50353586172105 -48.2784685830782 117.61385957852326
    endloop
  endfacet
  facet normal -0.38940064029491933 0.5141027441932626 -0.7642417874932406
    outer loop
      vertex 145.0426240876238 -48.001374452604196 115.50887549316833
      vertex 145.00368631739136 -48.144469396133324 115.4324558162492
      vertex 140.5486536964495 -48.144469396133324 117.70240831494695
    endloop
  endfacet
  facet normal -0.4104025509443077 0.42755509343029213 -0.8054603579694156
    outer loop
      vertex 145.0426240876238 -48.001374452604196 115.50887549316833
      vertex 140.58759146668194 -48.001374452604196 117.77882799186607
      vertex 145.07500680134734 -47.850561835020656 115.57243014731893
    endloop
  endfacet
  facet normal -0.4274520606792569 0.33688985339214167 -0.8389219048889344
    outer loop
      vertex 145.10052259532662 -47.69348395133259 115.62250771263899
      vertex 145.07500680134734 -47.850561835020656 115.57243014731893
      vertex 140.61997418040548 -47.850561835020656 117.84238264601667
    endloop
  endfacet
  facet normal -0.44038497340076543 0.2429801799033042 -0.8643041752629481
    outer loop
      vertex 145.10052259532662 -47.69348395133259 115.62250771263899
      vertex 140.6454899743848 -47.69348395133259 117.89246021133673
      vertex 145.1189257385173 -47.53165354742742 115.65862591479934
    endloop
  endfacet
  facet normal -0.4490767380895362 0.14673047445529772 -0.8813627239525083
    outer loop
      vertex 145.13003899859027 -47.366629138560256 115.68043691576892
      vertex 145.1189257385173 -47.53165354742742 115.65862591479934
      vertex 140.66389311757547 -47.53165354742742 117.92857841349708
    endloop
  endfacet
  facet normal -0.45344364830017575 0.04906767432748957 -0.8899332678085015
    outer loop
      vertex 145.13003899859027 -47.366629138560256 115.68043691576892
      vertex 140.67500637764843 -47.366629138560256 117.95038941446667
      vertex 145.13375534877588 -47.2 115.68773066368533
    endloop
  endfacet
  facet normal -0.4534436483001735 -0.04906767432748957 -0.8899332678085027
    outer loop
      vertex 145.13375534877588 -47.2 115.68773066368533
      vertex 140.678722727834 -47.2 117.95768316238308
      vertex 145.13003899859027 -47.03337086143975 115.68043691576892
    endloop
  endfacet
  facet normal -0.44907673808954357 -0.14673047445522205 -0.8813627239525171
    outer loop
      vertex 145.11892573851733 -46.86834645257259 115.65862591479934
      vertex 145.13003899859027 -47.03337086143975 115.68043691576892
      vertex 140.67500637764843 -47.03337086143975 117.95038941446667
    endloop
  endfacet
  facet normal -0.36464858861146643 -0.595699304492432 -0.7156631508264893
    outer loop
      vertex 145.00368631739136 -46.25553060386668 115.4324558162492
      vertex 140.5486536964495 -46.25553060386668 117.70240831494695
      vertex 144.9585684826629 -46.121531416921805 115.34390707982551
    endloop
  endfacet
  facet normal -0.3048813855155715 -0.7409511253549476 -0.5983634101458261
    outer loop
      vertex 144.90770509285082 -45.99791847198287 115.2440820566347
      vertex 140.45267247190895 -45.99791847198287 117.51403455533244
      vertex 144.85158599020372 -45.88588222928335 115.13394211621997
    endloop
  endfacet
  facet normal -0.3363847716824903 -0.6715589548469876 -0.6601922867960065
    outer loop
      vertex 144.90770509285082 -45.99791847198287 115.2440820566347
      vertex 144.9585684826629 -46.121531416921805 115.34390707982551
      vertex 140.50353586172105 -46.121531416921805 117.61385957852326
    endloop
  endfacet
  facet normal -0.38940064029491744 -0.5141027441932627 -0.7642417874932416
    outer loop
      vertex 145.00368631739136 -46.25553060386668 115.4324558162492
      vertex 145.0426240876238 -46.39862554739581 115.50887549316833
      vertex 140.58759146668194 -46.39862554739581 117.77882799186607
    endloop
  endfacet
  facet normal -0.4274520606792437 -0.3368898533922102 -0.8389219048889135
    outer loop
      vertex 145.10052259532665 -46.70651604866742 115.62250771263899
      vertex 140.6454899743848 -46.70651604866742 117.89246021133673
      vertex 145.07500680134734 -46.54943816497935 115.57243014731893
    endloop
  endfacet
  facet normal -0.44038497340076327 -0.24298017990330423 -0.8643041752629492
    outer loop
      vertex 145.11892573851733 -46.86834645257259 115.65862591479934
      vertex 140.66389311757547 -46.86834645257259 117.92857841349708
      vertex 145.10052259532665 -46.70651604866742 115.62250771263899
    endloop
  endfacet
  facet normal -0.4104025509443097 -0.427555093430292 -0.8054603579694146
    outer loop
      vertex 145.0426240876238 -46.39862554739581 115.50887549316833
      vertex 145.07500680134734 -46.54943816497935 115.57243014731893
      vertex 140.61997418040548 -46.54943816497935 117.84238264601667
    endloop
  endfacet
  facet normal -0.23339776175375787 -0.8577286100002659 -0.4580688991793132
    outer loop
      vertex 144.7907516323579 -45.78650165908567 115.01454796641615
      vertex 140.33571901141607 -45.78650165908567 117.28450046511388
      vertex 144.72578788743493 -45.7007338506078 114.88704943815333
    endloop
  endfacet
  facet normal -0.1941059505325873 -0.9039892931234591 -0.38095437769631874
    outer loop
      vertex 144.65732039181114 -45.62940479473082 114.75267441195646
      vertex 144.72578788743493 -45.7007338506078 114.88704943815333
      vertex 140.27075526649307 -45.7007338506078 117.15700193685107
    endloop
  endfacet
  facet normal -0.2704418249410083 -0.8032075314806645 -0.5307719667572075
    outer loop
      vertex 144.7907516323579 -45.78650165908567 115.01454796641615
      vertex 144.85158599020372 -45.88588222928335 115.13394211621997
      vertex 140.39655336926185 -45.88588222928335 117.40389461491772
    endloop
  endfacet
  facet normal -0.45344364830017514 0.049067674327413 -0.889933267808506
    outer loop
      vertex 145.13375534877588 -47.2 115.68773066368533
      vertex 140.67500637764843 -47.366629138560256 117.95038941446667
      vertex 140.678722727834 -47.2 117.95768316238308
    endloop
  endfacet
  facet normal -0.4534436483001775 -0.04906767432741241 -0.8899332678085049
    outer loop
      vertex 140.678722727834 -47.2 117.95768316238308
      vertex 140.67500637764843 -47.03337086143975 117.95038941446667
      vertex 145.13003899859027 -47.03337086143975 115.68043691576892
    endloop
  endfacet
  facet normal 0.44038497340077376 0.24298017990323204 0.8643041752629643
    outer loop
      vertex 140.89947740467338 46.70651604866742 107.37749228736101
      vertex 136.42604164054086 46.86834645257259 109.6113265838984
      vertex 136.4444447837315 46.70651604866742 109.64744478605876
    endloop
  endfacet
  facet normal 0.3363847716824749 0.6715589548470291 0.6601922867959721
    outer loop
      vertex 141.09229490714918 45.99791847198287 107.7559179433653
      vertex 136.58639889639525 46.121531416921805 109.92604541887222
      vertex 136.63726228620735 45.99791847198287 110.02587044206305
    endloop
  endfacet
  facet normal 0.36464858861146643 0.5956993044924318 0.7156631508264893
    outer loop
      vertex 141.0414315173371 46.121531416921805 107.65609292017449
      vertex 136.5412810616668 46.25553060386668 109.83749668244853
      vertex 136.58639889639525 46.121531416921805 109.92604541887222
    endloop
  endfacet
  facet normal 0.3894006402949194 0.5141027441932626 0.7642417874932406
    outer loop
      vertex 136.50234329143436 46.39862554739581 109.7610770055294
      vertex 136.5412810616668 46.25553060386668 109.83749668244853
      vertex 140.99631368260864 46.25553060386668 107.5675441837508
    endloop
  endfacet
  facet normal 0.4274520606792458 0.3368898533922102 0.8389219048889125
    outer loop
      vertex 136.4444447837315 46.70651604866742 109.64744478605876
      vertex 136.46996057771082 46.54943816497935 109.69752235137882
      vertex 140.92499319865266 46.54943816497935 107.42756985268109
    endloop
  endfacet
  facet normal 0.41040255094432304 0.42755509343023007 0.8054603579694407
    outer loop
      vertex 136.50234329143436 46.39862554739581 109.7610770055294
      vertex 140.9573759123762 46.39862554739581 107.49112450683167
      vertex 136.46996057771082 46.54943816497935 109.69752235137882
    endloop
  endfacet
  facet normal 0.44907673808953363 0.14673047445537155 0.8813627239524975
    outer loop
      vertex 140.88107426148267 46.86834645257259 107.34137408520067
      vertex 136.4149283804679 47.03337086143975 109.58951558292881
      vertex 136.42604164054086 46.86834645257259 109.6113265838984
    endloop
  endfacet
  facet normal 0.45344364830017575 0.04906767432749015 0.8899332678085015
    outer loop
      vertex 140.86996100140973 47.03337086143975 107.31956308423106
      vertex 136.4112120302823 47.2 109.5822218350124
      vertex 136.4149283804679 47.03337086143975 109.58951558292881
    endloop
  endfacet
  facet normal 0.4534436483001734 -0.04906767432748977 0.8899332678085025
    outer loop
      vertex 140.86624465122412 47.2 107.31226933631467
      vertex 136.4149283804679 47.366629138560256 109.58951558292881
      vertex 136.4112120302823 47.2 109.5822218350124
    endloop
  endfacet
  facet normal 0.4490767380895334 -0.1467304744553723 0.8813627239524972
    outer loop
      vertex 140.86996100140973 47.366629138560256 107.31956308423106
      vertex 136.42604164054086 47.53165354742742 109.6113265838984
      vertex 136.4149283804679 47.366629138560256 109.58951558292881
    endloop
  endfacet
  facet normal 0.4403849734007737 -0.24298017990323142 0.8643041752629643
    outer loop
      vertex 136.42604164054086 47.53165354742742 109.6113265838984
      vertex 140.8810742614827 47.53165354742742 107.34137408520067
      vertex 136.4444447837315 47.69348395133259 109.64744478605876
    endloop
  endfacet
  facet normal 0.4274520606792459 -0.3368898533922094 0.8389219048889127
    outer loop
      vertex 140.89947740467338 47.69348395133259 107.37749228736101
      vertex 136.46996057771082 47.850561835020656 109.69752235137882
      vertex 136.4444447837315 47.69348395133259 109.64744478605876
    endloop
  endfacet
  facet normal 0.41040255094432093 -0.42755509343023057 0.8054603579694416
    outer loop
      vertex 140.9249931986527 47.850561835020656 107.42756985268109
      vertex 136.50234329143436 48.001374452604196 109.7610770055294
      vertex 136.46996057771082 47.850561835020656 109.69752235137882
    endloop
  endfacet
  facet normal 0.3894006402949194 -0.5141027441932629 0.7642417874932406
    outer loop
      vertex 140.9573759123762 48.001374452604196 107.49112450683167
      vertex 136.5412810616668 48.144469396133324 109.83749668244853
      vertex 136.50234329143436 48.001374452604196 109.7610770055294
    endloop
  endfacet
  facet normal 0.3646485886114664 -0.5956993044924319 0.7156631508264893
    outer loop
      vertex 136.5412810616668 48.144469396133324 109.83749668244853
      vertex 140.99631368260864 48.144469396133324 107.5675441837508
      vertex 136.58639889639525 48.2784685830782 109.92604541887222
    endloop
  endfacet
  facet normal 0.3363847716824731 -0.6715589548470293 0.6601922867959726
    outer loop
      vertex 141.0414315173371 48.2784685830782 107.65609292017449
      vertex 136.63726228620735 48.402081528017135 110.02587044206305
      vertex 136.58639889639525 48.2784685830782 109.92604541887222
    endloop
  endfacet
  facet normal 0.30488138551557137 0.7409511253549479 0.5983634101458258
    outer loop
      vertex 141.14841400979628 45.88588222928335 107.86605788378004
      vertex 136.63726228620735 45.99791847198287 110.02587044206305
      vertex 136.69338138885445 45.88588222928335 110.13601038247778
    endloop
  endfacet
  facet normal 0.2704418249410249 0.8032075314806377 0.5307719667572399
    outer loop
      vertex 136.69338138885445 45.88588222928335 110.13601038247778
      vertex 136.75421574670025 45.78650165908567 110.25540453228159
      vertex 141.2092483676421 45.78650165908567 107.98545203358385
    endloop
  endfacet
  facet normal 0.19410595053258733 0.9039892931234592 0.3809543776963187
    outer loop
      vertex 136.88764698724702 45.62940479473082 110.51727808674127
      vertex 141.34267960818886 45.62940479473082 108.24732558804354
      vertex 136.81917949162323 45.7007338506078 110.38290306054441
    endloop
  endfacet
  facet normal 0.23339776175375776 0.857728610000266 0.4580688991793129
    outer loop
      vertex 141.27421211256507 45.7007338506078 108.11295056184667
      vertex 136.75421574670025 45.78650165908567 110.25540453228159
      vertex 136.81917949162323 45.7007338506078 110.38290306054441
    endloop
  endfacet
  facet normal 0.30488138551557303 -0.7409511253549476 0.5983634101458253
    outer loop
      vertex 136.63726228620735 48.402081528017135 110.02587044206305
      vertex 141.09229490714918 48.402081528017135 107.7559179433653
      vertex 136.69338138885445 48.51411777071666 110.13601038247778
    endloop
  endfacet
  facet normal 0.2704418249410251 -0.8032075314806374 0.5307719667572403
    outer loop
      vertex 141.14841400979628 48.51411777071666 107.86605788378004
      vertex 136.75421574670025 48.61349834091433 110.25540453228159
      vertex 136.69338138885445 48.51411777071666 110.13601038247778
    endloop
  endfacet
  facet normal 0.2333977617537577 -0.8577286100002661 0.4580688991793128
    outer loop
      vertex 141.2092483676421 48.61349834091433 107.98545203358385
      vertex 136.81917949162323 48.69926614939221 110.38290306054441
      vertex 136.75421574670025 48.61349834091433 110.25540453228159
    endloop
  endfacet
  facet normal 0.19410595053258753 -0.903989293123459 0.38095437769631907
    outer loop
      vertex 141.27421211256507 48.69926614939221 108.11295056184667
      vertex 136.88764698724702 48.77059520526919 110.51727808674127
      vertex 136.81917949162323 48.69926614939221 110.38290306054441
    endloop
  endfacet
  facet normal 0.4534436483001752 0.04906767432741386 0.8899332678085059
    outer loop
      vertex 140.86624465122412 47.2 107.31226933631467
      vertex 136.4112120302823 47.2 109.5822218350124
      vertex 140.86996100140973 47.03337086143975 107.31956308423106
    endloop
  endfacet
  facet normal 0.45344364830017747 -0.04906767432741385 0.8899332678085048
    outer loop
      vertex 140.86996100140973 47.366629138560256 107.31956308423106
      vertex 136.4149283804679 47.366629138560256 109.58951558292881
      vertex 140.86624465122412 47.2 107.31226933631467
    endloop
  endfacet
  facet normal 0.15294479289872678 0.9415440651830128 0.3001710573053505
    outer loop
      vertex 136.88764698724702 45.62940479473082 110.51727808674127
      vertex 136.95895885416058 45.57320142925525 110.65723550591304
      vertex 141.41399147510242 45.57320142925525 108.3872830072153
    endloop
  endfacet
  facet normal 0.1103106933010788 0.9700312531945491 0.21649692554225372
    outer loop
      vertex 141.4874609410444 45.532665023314514 108.53147495290685
      vertex 136.95895885416058 45.57320142925525 110.65723550591304
      vertex 137.03242832010255 45.532665023314514 110.80142745160458
    endloop
  endfacet
  facet normal 0.06661424142502749 0.9891765099647754 0.13073781003701523
    outer loop
      vertex 137.03242832010255 45.532665023314514 110.80142745160458
      vertex 137.10734783395338 45.508185964657265 110.94846527655555
      vertex 141.56238045489522 45.508185964657265 108.67851277785782
    endloop
  endfacet
  facet normal 0.022276257988960373 0.9987954562051725 0.043719617952476364
    outer loop
      vertex 141.63802850078136 45.5 108.82698042743489
      vertex 137.10734783395338 45.508185964657265 110.94846527655555
      vertex 137.18299587983952 45.5 111.09693292613264
    endloop
  endfacet
  facet normal 0.15294479289872678 -0.9415440651830128 0.3001710573053505
    outer loop
      vertex 136.88764698724702 48.77059520526919 110.51727808674127
      vertex 141.34267960818886 48.77059520526919 108.24732558804354
      vertex 136.95895885416058 48.82679857074476 110.65723550591304
    endloop
  endfacet
  facet normal 0.11031069330107876 -0.9700312531945491 0.21649692554225364
    outer loop
      vertex 141.41399147510242 48.82679857074476 108.3872830072153
      vertex 137.03242832010255 48.86733497668549 110.80142745160458
      vertex 136.95895885416058 48.82679857074476 110.65723550591304
    endloop
  endfacet
  facet normal 0.06661424142502742 -0.9891765099647754 0.1307378100370151
    outer loop
      vertex 141.4874609410444 48.86733497668549 108.53147495290685
      vertex 137.10734783395338 48.89181403534274 110.94846527655555
      vertex 137.03242832010255 48.86733497668549 110.80142745160458
    endloop
  endfacet
  facet normal 0.02227625798896029 -0.9987954562051726 0.04371961795247648
    outer loop
      vertex 141.56238045489522 48.89181403534274 108.67851277785782
      vertex 137.18299587983952 48.900000000000006 111.09693292613264
      vertex 137.10734783395338 48.89181403534274 110.94846527655555
    endloop
  endfacet
  facet normal 0.2704418249410249 0.8032075314806376 0.5307719667572399
    outer loop
      vertex 141.14841400979628 45.88588222928335 107.86605788378004
      vertex 136.69338138885445 45.88588222928335 110.13601038247778
      vertex 141.2092483676421 45.78650165908567 107.98545203358385
    endloop
  endfacet
  facet normal 0.23339776175375787 0.8577286100002659 0.4580688991793131
    outer loop
      vertex 141.27421211256507 45.7007338506078 108.11295056184667
      vertex 141.2092483676421 45.78650165908567 107.98545203358385
      vertex 136.75421574670025 45.78650165908567 110.25540453228159
    endloop
  endfacet
  facet normal 0.19410595053258733 0.9039892931234592 0.3809543776963187
    outer loop
      vertex 141.34267960818886 45.62940479473082 108.24732558804354
      vertex 141.27421211256507 45.7007338506078 108.11295056184667
      vertex 136.81917949162323 45.7007338506078 110.38290306054441
    endloop
  endfacet
  facet normal 0.15294479289872678 0.9415440651830128 0.3001710573053505
    outer loop
      vertex 141.34267960818886 45.62940479473082 108.24732558804354
      vertex 136.88764698724702 45.62940479473082 110.51727808674127
      vertex 141.41399147510242 45.57320142925525 108.3872830072153
    endloop
  endfacet
  facet normal 0.11031069330107883 0.970031253194549 0.2164969255422538
    outer loop
      vertex 141.4874609410444 45.532665023314514 108.53147495290685
      vertex 141.41399147510242 45.57320142925525 108.3872830072153
      vertex 136.95895885416058 45.57320142925525 110.65723550591304
    endloop
  endfacet
  facet normal 0.36464858861146643 0.595699304492432 0.7156631508264892
    outer loop
      vertex 141.0414315173371 46.121531416921805 107.65609292017449
      vertex 140.99631368260864 46.25553060386668 107.5675441837508
      vertex 136.5412810616668 46.25553060386668 109.83749668244853
    endloop
  endfacet
  facet normal 0.3894006402949194 0.5141027441932626 0.7642417874932406
    outer loop
      vertex 140.9573759123762 46.39862554739581 107.49112450683167
      vertex 136.50234329143436 46.39862554739581 109.7610770055294
      vertex 140.99631368260864 46.25553060386668 107.5675441837508
    endloop
  endfacet
  facet normal 0.33638477168249037 0.6715589548469875 0.6601922867960065
    outer loop
      vertex 141.0414315173371 46.121531416921805 107.65609292017449
      vertex 136.58639889639525 46.121531416921805 109.92604541887222
      vertex 141.09229490714918 45.99791847198287 107.7559179433653
    endloop
  endfacet
  facet normal 0.3048813855155559 0.7409511253549819 0.5983634101457918
    outer loop
      vertex 141.14841400979628 45.88588222928335 107.86605788378004
      vertex 141.09229490714918 45.99791847198287 107.7559179433653
      vertex 136.63726228620735 45.99791847198287 110.02587044206305
    endloop
  endfacet
  facet normal 0.4104025509443231 0.4275550934302301 0.8054603579694407
    outer loop
      vertex 140.9573759123762 46.39862554739581 107.49112450683167
      vertex 140.92499319865266 46.54943816497935 107.42756985268109
      vertex 136.46996057771082 46.54943816497935 109.69752235137882
    endloop
  endfacet
  facet normal 0.42745206067924596 0.3368898533922089 0.8389219048889128
    outer loop
      vertex 140.89947740467338 46.70651604866742 107.37749228736101
      vertex 136.4444447837315 46.70651604866742 109.64744478605876
      vertex 140.92499319865266 46.54943816497935 107.42756985268109
    endloop
  endfacet
  facet normal 0.4403849734007676 0.24298017990330564 0.8643041752629468
    outer loop
      vertex 140.89947740467338 46.70651604866742 107.37749228736101
      vertex 140.88107426148267 46.86834645257259 107.34137408520067
      vertex 136.42604164054086 46.86834645257259 109.6113265838984
    endloop
  endfacet
  facet normal 0.06661424142502749 0.9891765099647754 0.13073781003701526
    outer loop
      vertex 141.4874609410444 45.532665023314514 108.53147495290685
      vertex 137.03242832010255 45.532665023314514 110.80142745160458
      vertex 141.56238045489522 45.508185964657265 108.67851277785782
    endloop
  endfacet
  facet normal 0.022276257988961965 0.9987954562051723 0.043719617952479764
    outer loop
      vertex 141.63802850078136 45.5 108.82698042743489
      vertex 141.56238045489522 45.508185964657265 108.67851277785782
      vertex 137.10734783395338 45.508185964657265 110.94846527655555
    endloop
  endfacet
  facet normal 0.4490767380895336 0.14673047445537057 0.8813627239524975
    outer loop
      vertex 140.86996100140973 47.03337086143975 107.31956308423106
      vertex 136.4149283804679 47.03337086143975 109.58951558292881
      vertex 140.88107426148267 46.86834645257259 107.34137408520067
    endloop
  endfacet
  facet normal 0.44907673808952625 -0.14673047445544624 0.8813627239524886
    outer loop
      vertex 140.8810742614827 47.53165354742742 107.34137408520067
      vertex 136.42604164054086 47.53165354742742 109.6113265838984
      vertex 140.86996100140973 47.366629138560256 107.31956308423106
    endloop
  endfacet
  facet normal 0.44038497340077365 -0.24298017990323284 0.8643041752629641
    outer loop
      vertex 140.8810742614827 47.53165354742742 107.34137408520067
      vertex 140.89947740467338 47.69348395133259 107.37749228736101
      vertex 136.4444447837315 47.69348395133259 109.64744478605876
    endloop
  endfacet
  facet normal 0.4274520606792328 -0.33688985339227756 0.8389219048888921
    outer loop
      vertex 140.89947740467338 47.69348395133259 107.37749228736101
      vertex 140.9249931986527 47.850561835020656 107.42756985268109
      vertex 136.46996057771082 47.850561835020656 109.69752235137882
    endloop
  endfacet
  facet normal 0.41040255094433664 -0.4275550934301669 0.8054603579694674
    outer loop
      vertex 140.9573759123762 48.001374452604196 107.49112450683167
      vertex 136.50234329143436 48.001374452604196 109.7610770055294
      vertex 140.9249931986527 47.850561835020656 107.42756985268109
    endloop
  endfacet
  facet normal 0.3894006402949194 -0.5141027441932626 0.7642417874932406
    outer loop
      vertex 140.99631368260864 48.144469396133324 107.5675441837508
      vertex 136.5412810616668 48.144469396133324 109.83749668244853
      vertex 140.9573759123762 48.001374452604196 107.49112450683167
    endloop
  endfacet
  facet normal 0.3646485886114664 -0.5956993044924319 0.7156631508264893
    outer loop
      vertex 140.99631368260864 48.144469396133324 107.5675441837508
      vertex 141.0414315173371 48.2784685830782 107.65609292017449
      vertex 136.58639889639525 48.2784685830782 109.92604541887222
    endloop
  endfacet
  facet normal 0.33638477168249203 -0.6715589548469876 0.6601922867960058
    outer loop
      vertex 141.09229490714918 48.402081528017135 107.7559179433653
      vertex 136.63726228620735 48.402081528017135 110.02587044206305
      vertex 141.0414315173371 48.2784685830782 107.65609292017449
    endloop
  endfacet
  facet normal 0.3048813855155544 -0.7409511253549819 0.5983634101457924
    outer loop
      vertex 141.09229490714918 48.402081528017135 107.7559179433653
      vertex 141.14841400979628 48.51411777071666 107.86605788378004
      vertex 136.69338138885445 48.51411777071666 110.13601038247778
    endloop
  endfacet
  facet normal 0.2704418249410249 -0.8032075314806376 0.5307719667572399
    outer loop
      vertex 141.2092483676421 48.61349834091433 107.98545203358385
      vertex 136.75421574670025 48.61349834091433 110.25540453228159
      vertex 141.14841400979628 48.51411777071666 107.86605788378004
    endloop
  endfacet
  facet normal 0.23339776175375787 -0.8577286100002659 0.4580688991793132
    outer loop
      vertex 141.27421211256507 48.69926614939221 108.11295056184667
      vertex 136.81917949162323 48.69926614939221 110.38290306054441
      vertex 141.2092483676421 48.61349834091433 107.98545203358385
    endloop
  endfacet
  facet normal 0.19410595053258733 -0.9039892931234592 0.3809543776963187
    outer loop
      vertex 141.34267960818886 48.77059520526919 108.24732558804354
      vertex 136.88764698724702 48.77059520526919 110.51727808674127
      vertex 141.27421211256507 48.69926614939221 108.11295056184667
    endloop
  endfacet
  facet normal 0 1 0
    outer loop
      vertex 137.18299587983952 45.5 111.09693292613264
      vertex 144.36197149921864 45.5 114.17301957256511
      vertex 141.63802850078136 45.5 108.82698042743489
    endloop
  endfacet
  facet normal 0.15294479289872678 -0.9415440651830128 0.3001710573053506
    outer loop
      vertex 141.34267960818886 48.77059520526919 108.24732558804354
      vertex 141.41399147510242 48.82679857074476 108.3872830072153
      vertex 136.95895885416058 48.82679857074476 110.65723550591304
    endloop
  endfacet
  facet normal 0.11031069330107883 -0.970031253194549 0.2164969255422538
    outer loop
      vertex 141.41399147510242 48.82679857074476 108.3872830072153
      vertex 141.4874609410444 48.86733497668549 108.53147495290685
      vertex 137.03242832010255 48.86733497668549 110.80142745160458
    endloop
  endfacet
  facet normal 0.06661424142502749 -0.9891765099647754 0.13073781003701526
    outer loop
      vertex 141.56238045489522 48.89181403534274 108.67851277785782
      vertex 137.10734783395338 48.89181403534274 110.94846527655555
      vertex 141.4874609410444 48.86733497668549 108.53147495290685
    endloop
  endfacet
  facet normal 0.02227625798896208 -0.9987954562051723 0.043719617952479715
    outer loop
      vertex 141.63802850078136 48.900000000000006 108.82698042743489
      vertex 137.18299587983952 48.900000000000006 111.09693292613264
      vertex 141.56238045489522 48.89181403534274 108.67851277785782
    endloop
  endfacet
  facet normal 0 -1 0
    outer loop
      vertex 139.9069388782768 48.900000000000006 116.44297207126284
      vertex 137.18299587983952 48.900000000000006 111.09693292613264
      vertex 141.63802850078136 48.900000000000006 108.82698042743489
    endloop
  endfacet
  facet normal 0 -1 0
    outer loop
      vertex 144.36197149921864 48.900000000000006 114.17301957256511
      vertex 139.9069388782768 48.900000000000006 116.44297207126284
      vertex 141.63802850078136 48.900000000000006 108.82698042743489
    endloop
  endfacet
  facet normal 0 1 0
    outer loop
      vertex 137.18299587983952 45.5 111.09693292613264
      vertex 139.9069388782768 45.5 116.44297207126284
      vertex 144.36197149921864 45.5 114.17301957256511
    endloop
  endfacet
  facet normal -0.022276257988961982 0.9987954562051723 -0.0437196179524798
    outer loop
      vertex 144.43761954510478 45.508185964657265 114.32148722214218
      vertex 139.9069388782768 45.5 116.44297207126284
      vertex 139.98258692416294 45.508185964657265 116.59143972083992
    endloop
  endfacet
  facet normal -0.06661424142502759 0.9891765099647755 -0.13073781003701546
    outer loop
      vertex 139.98258692416294 45.508185964657265 116.59143972083992
      vertex 140.05750643801375 45.532665023314514 116.7384775457909
      vertex 144.5125390589556 45.532665023314514 114.46852504709315
    endloop
  endfacet
  facet normal -0.11031069330108642 0.9700312531945444 -0.2164969255422701
    outer loop
      vertex 144.58600852489758 45.57320142925525 114.6127169927847
      vertex 140.05750643801375 45.532665023314514 116.7384775457909
      vertex 140.13097590395572 45.57320142925525 116.88266949148243
    endloop
  endfacet
  facet normal -0.15294479289871563 0.9415440651830217 -0.30017105730532867
    outer loop
      vertex 140.13097590395572 45.57320142925525 116.88266949148243
      vertex 140.2022877708693 45.62940479473082 117.0226269106542
      vertex 144.65732039181114 45.62940479473082 114.75267441195646
    endloop
  endfacet
  facet normal -0.19410595053258747 0.9039892931234589 -0.38095437769631907
    outer loop
      vertex 144.72578788743493 45.7007338506078 114.88704943815333
      vertex 140.2022877708693 45.62940479473082 117.0226269106542
      vertex 140.27075526649307 45.7007338506078 117.15700193685107
    endloop
  endfacet
  facet normal -0.2333977617537576 0.8577286100002662 -0.45806889917931265
    outer loop
      vertex 144.7907516323579 45.78650165908567 115.01454796641615
      vertex 140.27075526649307 45.7007338506078 117.15700193685107
      vertex 140.33571901141607 45.78650165908567 117.28450046511388
    endloop
  endfacet
  facet normal -0.27044182494100866 0.8032075314806641 -0.5307719667572082
    outer loop
      vertex 140.33571901141607 45.78650165908567 117.28450046511388
      vertex 140.39655336926185 45.88588222928335 117.40389461491772
      vertex 144.85158599020372 45.88588222928335 115.13394211621997
    endloop
  endfacet
  facet normal -0.3048813855155712 0.7409511253549482 -0.5983634101458255
    outer loop
      vertex 144.90770509285082 45.99791847198287 115.2440820566347
      vertex 140.39655336926185 45.88588222928335 117.40389461491772
      vertex 140.45267247190898 45.99791847198287 117.51403455533243
    endloop
  endfacet
  facet normal -0.19410595053258758 -0.9039892931234589 -0.3809543776963192
    outer loop
      vertex 140.2022877708693 48.77059520526919 117.0226269106542
      vertex 144.65732039181114 48.77059520526919 114.75267441195646
      vertex 140.27075526649307 48.69926614939221 117.15700193685107
    endloop
  endfacet
  facet normal -0.30488138551557137 -0.740951125354948 -0.5983634101458258
    outer loop
      vertex 144.85158599020372 48.51411777071666 115.13394211621997
      vertex 140.45267247190898 48.402081528017135 117.51403455533243
      vertex 140.39655336926185 48.51411777071666 117.40389461491772
    endloop
  endfacet
  facet normal -0.23339776175375776 -0.857728610000266 -0.458068899179313
    outer loop
      vertex 144.72578788743493 48.69926614939221 114.88704943815333
      vertex 140.33571901141607 48.61349834091433 117.28450046511388
      vertex 140.27075526649307 48.69926614939221 117.15700193685107
    endloop
  endfacet
  facet normal -0.2704418249410087 -0.803207531480664 -0.5307719667572082
    outer loop
      vertex 140.33571901141607 48.61349834091433 117.28450046511388
      vertex 144.7907516323579 48.61349834091433 115.01454796641615
      vertex 140.39655336926185 48.51411777071666 117.40389461491772
    endloop
  endfacet
  facet normal -0.02227625798896198 -0.9987954562051724 -0.0437196179524798
    outer loop
      vertex 144.36197149921864 48.900000000000006 114.17301957256511
      vertex 139.98258692416294 48.89181403534274 116.59143972083992
      vertex 139.9069388782768 48.900000000000006 116.44297207126284
    endloop
  endfacet
  facet normal -0.06661424142502761 -0.9891765099647754 -0.13073781003701548
    outer loop
      vertex 144.43761954510478 48.89181403534274 114.32148722214218
      vertex 140.05750643801375 48.86733497668549 116.7384775457909
      vertex 139.98258692416294 48.89181403534274 116.59143972083992
    endloop
  endfacet
  facet normal -0.11031069330108695 -0.9700312531945445 -0.21649692554226976
    outer loop
      vertex 140.05750643801375 48.86733497668549 116.7384775457909
      vertex 144.5125390589556 48.86733497668549 114.46852504709315
      vertex 140.13097590395572 48.82679857074476 116.88266949148243
    endloop
  endfacet
  facet normal -0.15294479289871502 -0.9415440651830215 -0.30017105730532934
    outer loop
      vertex 144.58600852489758 48.82679857074476 114.6127169927847
      vertex 140.2022877708693 48.77059520526919 117.0226269106542
      vertex 140.13097590395572 48.82679857074476 116.88266949148243
    endloop
  endfacet
  facet normal -0.022276257988961965 0.9987954562051723 -0.043719617952479764
    outer loop
      vertex 144.36197149921864 45.5 114.17301957256511
      vertex 139.9069388782768 45.5 116.44297207126284
      vertex 144.43761954510478 45.508185964657265 114.32148722214218
    endloop
  endfacet
  facet normal -0.06661424142502749 0.9891765099647754 -0.13073781003701526
    outer loop
      vertex 144.43761954510478 45.508185964657265 114.32148722214218
      vertex 139.98258692416294 45.508185964657265 116.59143972083992
      vertex 144.5125390589556 45.532665023314514 114.46852504709315
    endloop
  endfacet
  facet normal -0.11031069330107883 0.970031253194549 -0.21649692554225383
    outer loop
      vertex 144.58600852489758 45.57320142925525 114.6127169927847
      vertex 144.5125390589556 45.532665023314514 114.46852504709315
      vertex 140.05750643801375 45.532665023314514 116.7384775457909
    endloop
  endfacet
  facet normal -0.33638477168249065 0.6715589548469867 -0.6601922867960073
    outer loop
      vertex 140.45267247190898 45.99791847198287 117.51403455533243
      vertex 140.50353586172105 46.121531416921805 117.61385957852326
      vertex 144.9585684826629 46.121531416921805 115.34390707982551
    endloop
  endfacet
  facet normal -0.36464858861146626 0.5956993044924324 -0.7156631508264891
    outer loop
      vertex 145.00368631739136 46.25553060386668 115.4324558162492
      vertex 140.50353586172105 46.121531416921805 117.61385957852326
      vertex 140.54865369644952 46.25553060386668 117.70240831494694
    endloop
  endfacet
  facet normal -0.38940064029493293 0.5141027441932057 -0.764241787493272
    outer loop
      vertex 145.0426240876238 46.39862554739581 115.50887549316833
      vertex 140.54865369644952 46.25553060386668 117.70240831494694
      vertex 140.58759146668194 46.39862554739581 117.77882799186607
    endloop
  endfacet
  facet normal -0.4104025509442966 0.42755509343035336 -0.8054603579693888
    outer loop
      vertex 145.07500680134734 46.54943816497935 115.57243014731893
      vertex 140.58759146668194 46.39862554739581 117.77882799186607
      vertex 140.61997418040548 46.54943816497935 117.84238264601667
    endloop
  endfacet
  facet normal -0.42745206067925684 0.33688985339214234 -0.838921904888934
    outer loop
      vertex 145.10052259532662 46.70651604866742 115.62250771263899
      vertex 140.61997418040548 46.54943816497935 117.84238264601667
      vertex 140.6454899743848 46.70651604866742 117.89246021133673
    endloop
  endfacet
  facet normal -0.44038497340076327 0.24298017990330423 -0.8643041752629492
    outer loop
      vertex 140.6454899743848 46.70651604866742 117.89246021133673
      vertex 140.66389311757547 46.86834645257259 117.92857841349708
      vertex 145.11892573851733 46.86834645257259 115.65862591479934
    endloop
  endfacet
  facet normal -0.15294479289872598 0.9415440651830128 -0.3001710573053509
    outer loop
      vertex 144.58600852489758 45.57320142925525 114.6127169927847
      vertex 140.13097590395572 45.57320142925525 116.88266949148243
      vertex 144.65732039181114 45.62940479473082 114.75267441195646
    endloop
  endfacet
  facet normal -0.19410595053258733 0.9039892931234592 -0.3809543776963187
    outer loop
      vertex 144.72578788743493 45.7007338506078 114.88704943815333
      vertex 144.65732039181114 45.62940479473082 114.75267441195646
      vertex 140.2022877708693 45.62940479473082 117.0226269106542
    endloop
  endfacet
  facet normal -0.4490767380895312 0.14673047445537293 -0.8813627239524984
    outer loop
      vertex 145.13003899859027 47.03337086143975 115.68043691576894
      vertex 140.66389311757547 46.86834645257259 117.92857841349708
      vertex 140.67500637764843 47.03337086143975 117.95038941446667
    endloop
  endfacet
  facet normal -0.44907673808952897 -0.146730474455372 -0.8813627239524996
    outer loop
      vertex 140.67500637764843 47.366629138560256 117.95038941446667
      vertex 140.66389311757547 47.53165354742742 117.92857841349708
      vertex 145.11892573851733 47.53165354742742 115.65862591479934
    endloop
  endfacet
  facet normal -0.4403849734007654 -0.24298017990330464 -0.864304175262948
    outer loop
      vertex 145.10052259532662 47.69348395133259 115.62250771263899
      vertex 140.66389311757547 47.53165354742742 117.92857841349708
      vertex 140.6454899743848 47.69348395133259 117.89246021133673
    endloop
  endfacet
  facet normal -0.42745206067925684 -0.3368898533921421 -0.8389219048889343
    outer loop
      vertex 145.07500680134734 47.850561835020656 115.57243014731893
      vertex 140.6454899743848 47.69348395133259 117.89246021133673
      vertex 140.61997418040548 47.850561835020656 117.84238264601667
    endloop
  endfacet
  facet normal -0.4104025509442944 -0.4275550934303541 -0.8054603579693894
    outer loop
      vertex 140.58759146668194 48.001374452604196 117.77882799186607
      vertex 145.0426240876238 48.001374452604196 115.50887549316833
      vertex 140.61997418040548 47.850561835020656 117.84238264601667
    endloop
  endfacet
  facet normal -0.3646485886114661 -0.5956993044924329 -0.7156631508264887
    outer loop
      vertex 140.50353586172105 48.2784685830782 117.61385957852326
      vertex 144.9585684826629 48.2784685830782 115.34390707982551
      vertex 140.54865369644952 48.144469396133324 117.70240831494694
    endloop
  endfacet
  facet normal -0.3894006402949347 -0.5141027441932065 -0.7642417874932707
    outer loop
      vertex 145.00368631739136 48.144469396133324 115.4324558162492
      vertex 140.58759146668194 48.001374452604196 117.77882799186607
      vertex 140.54865369644952 48.144469396133324 117.70240831494694
    endloop
  endfacet
  facet normal -0.3363847716824904 -0.6715589548469872 -0.6601922867960067
    outer loop
      vertex 144.90770509285082 48.402081528017135 115.2440820566347
      vertex 140.50353586172105 48.2784685830782 117.61385957852326
      vertex 140.45267247190898 48.402081528017135 117.51403455533243
    endloop
  endfacet
  facet normal -0.23339776175375784 0.8577286100002659 -0.4580688991793132
    outer loop
      vertex 144.72578788743493 45.7007338506078 114.88704943815333
      vertex 140.27075526649307 45.7007338506078 117.15700193685107
      vertex 144.7907516323579 45.78650165908567 115.01454796641615
    endloop
  endfacet
  facet normal -0.27044182494100844 0.8032075314806646 -0.5307719667572076
    outer loop
      vertex 144.7907516323579 45.78650165908567 115.01454796641615
      vertex 140.33571901141607 45.78650165908567 117.28450046511388
      vertex 144.85158599020372 45.88588222928335 115.13394211621997
    endloop
  endfacet
  facet normal -0.3048813855155715 0.7409511253549476 -0.5983634101458261
    outer loop
      vertex 144.90770509285082 45.99791847198287 115.2440820566347
      vertex 144.85158599020372 45.88588222928335 115.13394211621997
      vertex 140.39655336926185 45.88588222928335 117.40389461491772
    endloop
  endfacet
  facet normal -0.33638477168249037 0.6715589548469875 -0.6601922867960065
    outer loop
      vertex 144.90770509285082 45.99791847198287 115.2440820566347
      vertex 140.45267247190898 45.99791847198287 117.51403455533243
      vertex 144.9585684826629 46.121531416921805 115.34390707982551
    endloop
  endfacet
  facet normal -0.36464858861146643 0.595699304492432 -0.7156631508264893
    outer loop
      vertex 145.00368631739136 46.25553060386668 115.4324558162492
      vertex 144.9585684826629 46.121531416921805 115.34390707982551
      vertex 140.50353586172105 46.121531416921805 117.61385957852326
    endloop
  endfacet
  facet normal -0.3894006402949194 0.5141027441932626 -0.7642417874932406
    outer loop
      vertex 145.0426240876238 46.39862554739581 115.50887549316833
      vertex 145.00368631739136 46.25553060386668 115.4324558162492
      vertex 140.54865369644952 46.25553060386668 117.70240831494694
    endloop
  endfacet
  facet normal -0.4104025509443077 0.42755509343029213 -0.8054603579694156
    outer loop
      vertex 145.0426240876238 46.39862554739581 115.50887549316833
      vertex 140.58759146668194 46.39862554739581 117.77882799186607
      vertex 145.07500680134734 46.54943816497935 115.57243014731893
    endloop
  endfacet
  facet normal -0.4274520606792569 0.33688985339214167 -0.8389219048889344
    outer loop
      vertex 145.07500680134734 46.54943816497935 115.57243014731893
      vertex 140.61997418040548 46.54943816497935 117.84238264601667
      vertex 145.10052259532662 46.70651604866742 115.62250771263899
    endloop
  endfacet
  facet normal -0.44038497340075716 0.242980179903377 -0.8643041752629319
    outer loop
      vertex 145.10052259532662 46.70651604866742 115.62250771263899
      vertex 140.6454899743848 46.70651604866742 117.89246021133673
      vertex 145.11892573851733 46.86834645257259 115.65862591479934
    endloop
  endfacet
  facet normal -0.4490767380895341 0.1467304744552963 -0.8813627239525096
    outer loop
      vertex 145.13003899859027 47.03337086143975 115.68043691576894
      vertex 145.11892573851733 46.86834645257259 115.65862591479934
      vertex 140.66389311757547 46.86834645257259 117.92857841349708
    endloop
  endfacet
  facet normal -0.4534436483001752 0.04906767432741386 -0.8899332678085059
    outer loop
      vertex 145.13375534877588 47.2 115.68773066368533
      vertex 145.13003899859027 47.03337086143975 115.68043691576894
      vertex 140.67500637764843 47.03337086143975 117.95038941446667
    endloop
  endfacet
  facet normal -0.45344364830017514 -0.04906767432741385 -0.889933267808506
    outer loop
      vertex 145.13003899859027 47.366629138560256 115.68043691576894
      vertex 145.13375534877588 47.2 115.68773066368533
      vertex 140.678722727834 47.2 117.95768316238308
    endloop
  endfacet
  facet normal -0.44907673808953635 -0.1467304744552963 -0.8813627239525085
    outer loop
      vertex 145.13003899859027 47.366629138560256 115.68043691576894
      vertex 140.67500637764843 47.366629138560256 117.95038941446667
      vertex 145.11892573851733 47.53165354742742 115.65862591479934
    endloop
  endfacet
  facet normal -0.42745206067925695 -0.33688985339214167 -0.8389219048889343
    outer loop
      vertex 145.07500680134734 47.850561835020656 115.57243014731893
      vertex 145.10052259532662 47.69348395133259 115.62250771263899
      vertex 140.6454899743848 47.69348395133259 117.89246021133673
    endloop
  endfacet
  facet normal -0.44038497340075494 -0.242980179903377 -0.8643041752629329
    outer loop
      vertex 145.10052259532662 47.69348395133259 115.62250771263899
      vertex 145.11892573851733 47.53165354742742 115.65862591479934
      vertex 140.66389311757547 47.53165354742742 117.92857841349708
    endloop
  endfacet
  facet normal -0.3646485886114664 -0.5956993044924319 -0.7156631508264893
    outer loop
      vertex 144.9585684826629 48.2784685830782 115.34390707982551
      vertex 145.00368631739136 48.144469396133324 115.4324558162492
      vertex 140.54865369644952 48.144469396133324 117.70240831494694
    endloop
  endfacet
  facet normal -0.1941059505325873 -0.9039892931234591 -0.38095437769631874
    outer loop
      vertex 144.65732039181114 48.77059520526919 114.75267441195646
      vertex 144.72578788743493 48.69926614939221 114.88704943815333
      vertex 140.27075526649307 48.69926614939221 117.15700193685107
    endloop
  endfacet
  facet normal -0.23339776175375787 -0.8577286100002659 -0.4580688991793132
    outer loop
      vertex 144.7907516323579 48.61349834091433 115.01454796641615
      vertex 140.33571901141607 48.61349834091433 117.28450046511388
      vertex 144.72578788743493 48.69926614939221 114.88704943815333
    endloop
  endfacet
  facet normal -0.2704418249410083 -0.8032075314806645 -0.5307719667572075
    outer loop
      vertex 144.7907516323579 48.61349834091433 115.01454796641615
      vertex 144.85158599020372 48.51411777071666 115.13394211621997
      vertex 140.39655336926185 48.51411777071666 117.40389461491772
    endloop
  endfacet
  facet normal -0.3048813855155715 -0.7409511253549476 -0.5983634101458262
    outer loop
      vertex 144.90770509285082 48.402081528017135 115.2440820566347
      vertex 140.45267247190898 48.402081528017135 117.51403455533243
      vertex 144.85158599020372 48.51411777071666 115.13394211621997
    endloop
  endfacet
  facet normal -0.3363847716824903 -0.6715589548469876 -0.6601922867960066
    outer loop
      vertex 144.9585684826629 48.2784685830782 115.34390707982551
      vertex 140.50353586172105 48.2784685830782 117.61385957852326
      vertex 144.90770509285082 48.402081528017135 115.2440820566347
    endloop
  endfacet
  facet normal -0.38940064029491744 -0.5141027441932627 -0.7642417874932416
    outer loop
      vertex 145.0426240876238 48.001374452604196 115.50887549316833
      vertex 140.58759146668194 48.001374452604196 117.77882799186607
      vertex 145.00368631739136 48.144469396133324 115.4324558162492
    endloop
  endfacet
  facet normal -0.4104025509443097 -0.427555093430292 -0.8054603579694146
    outer loop
      vertex 145.0426240876238 48.001374452604196 115.50887549316833
      vertex 145.07500680134734 47.850561835020656 115.57243014731893
      vertex 140.61997418040548 47.850561835020656 117.84238264601667
    endloop
  endfacet
  facet normal -0.45344364830017514 0.049067674327413 -0.889933267808506
    outer loop
      vertex 145.13375534877588 47.2 115.68773066368533
      vertex 140.67500637764843 47.03337086143975 117.95038941446667
      vertex 140.678722727834 47.2 117.95768316238308
    endloop
  endfacet
  facet normal -0.4534436483001752 -0.04906767432741329 -0.8899332678085059
    outer loop
      vertex 145.13003899859027 47.366629138560256 115.68043691576894
      vertex 140.678722727834 47.2 117.95768316238308
      vertex 140.67500637764843 47.366629138560256 117.95038941446667
    endloop
  endfacet
  facet normal -0.022276257988961965 -0.9987954562051723 -0.043719617952479764
    outer loop
      vertex 144.43761954510478 48.89181403534274 114.32148722214218
      vertex 139.98258692416294 48.89181403534274 116.59143972083992
      vertex 144.36197149921864 48.900000000000006 114.17301957256511
    endloop
  endfacet
  facet normal -0.06661424142502749 -0.9891765099647755 -0.13073781003701526
    outer loop
      vertex 144.5125390589556 48.86733497668549 114.46852504709315
      vertex 140.05750643801375 48.86733497668549 116.7384775457909
      vertex 144.43761954510478 48.89181403534274 114.32148722214218
    endloop
  endfacet
  facet normal -0.11031069330107827 -0.970031253194549 -0.21649692554225408
    outer loop
      vertex 144.5125390589556 48.86733497668549 114.46852504709315
      vertex 144.58600852489758 48.82679857074476 114.6127169927847
      vertex 140.13097590395572 48.82679857074476 116.88266949148243
    endloop
  endfacet
  facet normal -0.15294479289872678 -0.9415440651830128 -0.3001710573053505
    outer loop
      vertex 144.65732039181114 48.77059520526919 114.75267441195646
      vertex 140.2022877708693 48.77059520526919 117.0226269106542
      vertex 144.58600852489758 48.82679857074476 114.6127169927847
    endloop
  endfacet
  facet normal -1.622679462778011e-18 0.8032075314806367 0.5956993044924442
    outer loop
      vertex 74.88443833206736 -24.512283973428897 152.93822182646815
      vertex 74.84530049764516 -24.70227623998327 153.19439674268628
      vertex 81.45641160875627 -24.70227623998327 153.19439674268628
    endloop
  endfacet
  facet normal 0 0.7409511253549428 0.6715589548470365
    outer loop
      vertex 74.88443833206736 -24.512283973428897 152.93822182646815
      vertex 81.49554944317848 -24.512283973428897 152.93822182646815
      vertex 74.9205426031586 -24.29809703885628 152.70190296114373
    endloop
  endfacet
  facet normal -1.381784023588521e-18 0.9039892931234461 0.4275550934302762
    outer loop
      vertex 74.80350601863235 -24.866244109132154 153.4679606053155
      vertex 74.75945739870906 -25.00260848066168 153.75627884481347
      vertex 81.37056850982016 -25.00260848066168 153.75627884481347
    endloop
  endfacet
  facet normal -3.4732284409483756e-19 0.9415440651830226 0.3368898533922151
    outer loop
      vertex 74.75945739870906 -25.00260848066168 153.75627884481347
      vertex 74.71357885016454 -25.110056091129678 154.056574798923
      vertex 81.32468996127565 -25.110056091129678 154.056574798923
    endloop
  endfacet
  facet normal 1.415933769011935e-18 0.8577286100002829 0.5141027441932038
    outer loop
      vertex 74.84530049764516 -24.70227623998327 153.19439674268628
      vertex 74.80350601863235 -24.866244109132154 153.4679606053155
      vertex 81.41461712974346 -24.866244109132154 153.4679606053155
    endloop
  endfacet
  facet normal 0 0.4275550934303078 0.9039892931234311
    outer loop
      vertex 75.0073428500063 -23.532039394684492 152.13375589086786
      vertex 81.61845396111741 -23.532039394684492 152.13375589086786
      vertex 75.02817629565665 -23.24372115518654 151.99739151933832
    endloop
  endfacet
  facet normal 0 0.3368898533922285 0.9415440651830178
    outer loop
      vertex 75.02817629565665 -23.24372115518654 151.99739151933832
      vertex 81.63928740676776 -23.24372115518654 151.99739151933832
      vertex 75.04459190281148 -22.943425201077 151.88994390887032
    endloop
  endfacet
  facet normal 0 0.24298017990324597 0.9700312531945485
    outer loop
      vertex 75.04459190281148 -22.943425201077 151.88994390887032
      vertex 81.65570301392259 -22.943425201077 151.88994390887032
      vertex 75.05643158020021 -22.634043546552416 151.8124478386895
    endloop
  endfacet
  facet normal 0 0.14673047445540724 0.9891765099647741
    outer loop
      vertex 75.05643158020021 -22.634043546552416 151.8124478386895
      vertex 81.66754269131133 -22.634043546552416 151.8124478386895
      vertex 75.06358130525737 -22.318555706071074 151.76564963831535
    endloop
  endfacet
  facet normal -1.229021802779624e-18 0.6715589548470565 0.7409511253549246
    outer loop
      vertex 74.95326560705163 -24.06177817353185 152.4877160265711
      vertex 74.9205426031586 -24.29809703885628 152.70190296114373
      vertex 81.53165371426971 -24.29809703885628 152.70190296114373
    endloop
  endfacet
  facet normal 0 0.5956993044923871 0.8032075314806791
    outer loop
      vertex 74.95326560705163 -24.06177817353185 152.4877160265711
      vertex 81.56437671816275 -24.06177817353185 152.4877160265711
      vertex 74.98229220333077 -23.805603257313706 152.29772376001674
    endloop
  endfacet
  facet normal 0 0.514102744193212 0.8577286100002779
    outer loop
      vertex 74.98229220333077 -23.805603257313706 152.29772376001674
      vertex 81.59340331444189 -23.805603257313706 152.29772376001674
      vertex 75.0073428500063 -23.532039394684492 152.13375589086786
    endloop
  endfacet
  facet normal 2.6908430831286944e-19 0.9700312531945406 0.24298017990327742
    outer loop
      vertex 74.71357885016454 -25.110056091129678 154.056574798923
      vertex 74.66631220850105 -25.1875521613105 154.36595645344758
      vertex 81.27742331961218 -25.1875521613105 154.36595645344758
    endloop
  endfacet
  facet normal -2.955303950111411e-19 0.9891765099647813 0.14673047445535883
    outer loop
      vertex 74.66631220850105 -25.1875521613105 154.36595645344758
      vertex 74.6181126773164 -25.23435036168464 154.68144429392893
      vertex 81.22922378842753 -25.23435036168464 154.68144429392893
    endloop
  endfacet
  facet normal 1.0774654520531066e-19 0.9987954562051725 0.04906767432741687
    outer loop
      vertex 74.6181126773164 -25.23435036168464 154.68144429392893
      vertex 74.56944444444444 -25.25 155
      vertex 81.18055555555556 -25.25 155
    endloop
  endfacet
  facet normal -1.0774654520531066e-19 0.9987954562051725 -0.04906767432741687
    outer loop
      vertex 74.56944444444444 -25.25 155
      vertex 74.52077621157247 -25.23435036168464 155.31855570607107
      vertex 81.13188732268358 -25.23435036168464 155.31855570607107
    endloop
  endfacet
  facet normal 2.955303950111418e-19 0.9891765099647816 -0.14673047445535886
    outer loop
      vertex 74.52077621157247 -25.23435036168464 155.31855570607107
      vertex 74.47257668038782 -25.1875521613105 155.63404354655242
      vertex 81.08368779149893 -25.1875521613105 155.63404354655242
    endloop
  endfacet
  facet normal -2.6908430831287e-19 0.9700312531945406 -0.2429801799032774
    outer loop
      vertex 74.47257668038782 -25.1875521613105 155.63404354655242
      vertex 74.42531003872435 -25.110056091129678 155.943425201077
      vertex 81.03642114983546 -25.110056091129678 155.943425201077
    endloop
  endfacet
  facet normal 3.4732284409483833e-19 0.9415440651830226 -0.33688985339221506
    outer loop
      vertex 74.42531003872435 -25.110056091129678 155.943425201077
      vertex 74.37943149017984 -25.00260848066168 156.24372115518653
      vertex 80.99054260129094 -25.00260848066168 156.24372115518653
    endloop
  endfacet
  facet normal 1.3817840235885182e-18 0.9039892931234461 -0.4275550934302762
    outer loop
      vertex 74.37943149017984 -25.00260848066168 156.24372115518653
      vertex 74.33538287025654 -24.866244109132154 156.5320393946845
      vertex 80.94649398136765 -24.866244109132154 156.5320393946845
    endloop
  endfacet
  facet normal -1.415933769011935e-18 0.8577286100002829 -0.5141027441932039
    outer loop
      vertex 74.33538287025654 -24.866244109132154 156.5320393946845
      vertex 74.29358839124374 -24.70227623998327 156.80560325731372
      vertex 80.90469950235486 -24.70227623998327 156.80560325731372
    endloop
  endfacet
  facet normal 1.622679462778011e-18 0.8032075314806367 -0.5956993044924443
    outer loop
      vertex 74.29358839124374 -24.70227623998327 156.80560325731372
      vertex 74.25445055682152 -24.512283973428897 157.06177817353185
      vertex 80.86556166793264 -24.512283973428897 157.06177817353185
    endloop
  endfacet
  facet normal 1.3518169843543252e-18 0.7409511253549428 -0.6715589548470365
    outer loop
      vertex 74.25445055682152 -24.512283973428897 157.06177817353185
      vertex 74.21834628573029 -24.29809703885628 157.29809703885627
      vertex 80.8294573968414 -24.29809703885628 157.29809703885627
    endloop
  endfacet
  facet normal 0 0.6715589548470565 -0.7409511253549246
    outer loop
      vertex 74.18562328183724 -24.06177817353185 157.5122839734289
      vertex 80.79673439294837 -24.06177817353185 157.5122839734289
      vertex 74.21834628573029 -24.29809703885628 157.29809703885627
    endloop
  endfacet
  facet normal 0 0.5956993044923871 -0.8032075314806791
    outer loop
      vertex 74.15659668555811 -23.805603257313706 157.70227623998326
      vertex 80.76770779666923 -23.805603257313706 157.70227623998326
      vertex 74.18562328183724 -24.06177817353185 157.5122839734289
    endloop
  endfacet
  facet normal 0 0.049067674327393555 0.9987954562051736
    outer loop
      vertex 75.06358130525737 -22.318555706071074 151.76564963831535
      vertex 81.67469241636849 -22.318555706071074 151.76564963831535
      vertex 75.06597222222221 -22 151.75
    endloop
  endfacet
  facet normal 0 -0.049067674327393555 0.9987954562051736
    outer loop
      vertex 75.06597222222221 -22 151.75
      vertex 81.67708333333333 -22 151.75
      vertex 75.06358130525737 -21.681444293928926 151.76564963831535
    endloop
  endfacet
  facet normal 0 -0.14673047445540724 0.9891765099647741
    outer loop
      vertex 75.06358130525737 -21.681444293928926 151.76564963831535
      vertex 81.67469241636849 -21.681444293928926 151.76564963831535
      vertex 75.05643158020021 -21.365956453447584 151.8124478386895
    endloop
  endfacet
  facet normal 0 -0.42755509343030784 0.9039892931234313
    outer loop
      vertex 75.02817629565665 -20.75627884481346 151.99739151933832
      vertex 81.63928740676775 -20.75627884481346 151.99739151933832
      vertex 75.0073428500063 -20.467960605315508 152.13375589086786
    endloop
  endfacet
  facet normal 0 -0.24298017990324597 0.9700312531945485
    outer loop
      vertex 75.05643158020021 -21.365956453447584 151.8124478386895
      vertex 81.66754269131133 -21.365956453447584 151.8124478386895
      vertex 75.04459190281148 -21.056574798923 151.88994390887032
    endloop
  endfacet
  facet normal 0 -0.3368898533922285 0.9415440651830178
    outer loop
      vertex 75.04459190281148 -21.056574798923 151.88994390887032
      vertex 81.65570301392259 -21.056574798923 151.88994390887032
      vertex 75.02817629565665 -20.75627884481346 151.99739151933832
    endloop
  endfacet
  facet normal 0 -0.514102744193212 0.8577286100002779
    outer loop
      vertex 75.0073428500063 -20.467960605315508 152.13375589086786
      vertex 81.61845396111741 -20.467960605315508 152.13375589086786
      vertex 74.98229220333079 -20.194396742686294 152.29772376001674
    endloop
  endfacet
  facet normal 0 -0.5956993044923871 0.8032075314806792
    outer loop
      vertex 74.98229220333079 -20.194396742686294 152.29772376001674
      vertex 81.59340331444189 -20.194396742686294 152.29772376001674
      vertex 74.95326560705163 -19.93822182646815 152.4877160265711
    endloop
  endfacet
  facet normal 0 -0.6715589548470565 0.7409511253549246
    outer loop
      vertex 74.95326560705163 -19.93822182646815 152.4877160265711
      vertex 81.56437671816275 -19.93822182646815 152.4877160265711
      vertex 74.9205426031586 -19.70190296114372 152.70190296114373
    endloop
  endfacet
  facet normal 1.622679462778011e-18 -0.8032075314806367 0.5956993044924443
    outer loop
      vertex 74.84530049764516 -19.29772376001673 153.19439674268628
      vertex 74.88443833206736 -19.487716026571103 152.93822182646815
      vertex 81.49554944317848 -19.487716026571103 152.93822182646815
    endloop
  endfacet
  facet normal 0 -0.7409511253549428 0.6715589548470365
    outer loop
      vertex 74.9205426031586 -19.70190296114372 152.70190296114373
      vertex 81.53165371426971 -19.70190296114372 152.70190296114373
      vertex 74.88443833206736 -19.487716026571103 152.93822182646815
    endloop
  endfacet
  facet normal -1.415933769011935e-18 -0.8577286100002829 0.5141027441932039
    outer loop
      vertex 74.80350601863235 -19.133755890867846 153.4679606053155
      vertex 74.84530049764516 -19.29772376001673 153.19439674268628
      vertex 81.45641160875627 -19.29772376001673 153.19439674268628
    endloop
  endfacet
  facet normal 1.3817840235885182e-18 -0.9039892931234461 0.4275550934302762
    outer loop
      vertex 74.75945739870906 -18.99739151933832 153.75627884481347
      vertex 74.80350601863235 -19.133755890867846 153.4679606053155
      vertex 81.41461712974346 -19.133755890867846 153.4679606053155
    endloop
  endfacet
  facet normal 3.4732284409483833e-19 -0.9415440651830226 0.33688985339221506
    outer loop
      vertex 74.71357885016454 -18.889943908870322 154.056574798923
      vertex 74.75945739870906 -18.99739151933832 153.75627884481347
      vertex 81.37056850982016 -18.99739151933832 153.75627884481347
    endloop
  endfacet
  facet normal -2.6908430831287e-19 -0.9700312531945406 0.24298017990327744
    outer loop
      vertex 74.66631220850105 -18.8124478386895 154.36595645344758
      vertex 74.71357885016454 -18.889943908870322 154.056574798923
      vertex 81.32468996127565 -18.889943908870322 154.056574798923
    endloop
  endfacet
  facet normal 2.955303950111411e-19 -0.9891765099647813 0.14673047445535883
    outer loop
      vertex 74.61811267731642 -18.76564963831536 154.68144429392893
      vertex 74.66631220850105 -18.8124478386895 154.36595645344758
      vertex 81.27742331961218 -18.8124478386895 154.36595645344758
    endloop
  endfacet
  facet normal -1.0774654520531088e-19 -0.9987954562051725 0.04906767432741688
    outer loop
      vertex 74.56944444444444 -18.75 155
      vertex 74.61811267731642 -18.76564963831536 154.68144429392893
      vertex 81.22922378842752 -18.76564963831536 154.68144429392893
    endloop
  endfacet
  facet normal 1.0774654520531066e-19 -0.9987954562051725 -0.04906767432741688
    outer loop
      vertex 74.52077621157248 -18.76564963831536 155.31855570607107
      vertex 74.56944444444444 -18.75 155
      vertex 81.18055555555556 -18.75 155
    endloop
  endfacet
  facet normal -2.9553039501114238e-19 -0.9891765099647813 -0.14673047445535883
    outer loop
      vertex 74.47257668038782 -18.8124478386895 155.63404354655242
      vertex 74.52077621157248 -18.76564963831536 155.31855570607107
      vertex 81.13188732268358 -18.76564963831536 155.31855570607107
    endloop
  endfacet
  facet normal 2.6908430831286944e-19 -0.9700312531945406 -0.24298017990327747
    outer loop
      vertex 74.42531003872435 -18.889943908870322 155.943425201077
      vertex 74.47257668038782 -18.8124478386895 155.63404354655242
      vertex 81.08368779149895 -18.8124478386895 155.63404354655242
    endloop
  endfacet
  facet normal 0 -0.5956993044923871 -0.8032075314806792
    outer loop
      vertex 74.18562328183725 -19.93822182646815 157.5122839734289
      vertex 80.79673439294835 -19.93822182646815 157.5122839734289
      vertex 74.15659668555811 -20.194396742686294 157.70227623998326
    endloop
  endfacet
  facet normal -1.229021802779624e-18 -0.6715589548470565 -0.7409511253549246
    outer loop
      vertex 74.18562328183725 -19.93822182646815 157.5122839734289
      vertex 74.21834628573029 -19.70190296114372 157.29809703885627
      vertex 80.8294573968414 -19.70190296114372 157.29809703885627
    endloop
  endfacet
  facet normal -1.3817840235885182e-18 -0.9039892931234461 -0.4275550934302762
    outer loop
      vertex 74.33538287025654 -19.133755890867846 156.5320393946845
      vertex 74.37943149017983 -18.99739151933832 156.24372115518653
      vertex 80.99054260129094 -18.99739151933832 156.24372115518653
    endloop
  endfacet
  facet normal 1.415933769011938e-18 -0.8577286100002828 -0.5141027441932038
    outer loop
      vertex 74.29358839124374 -19.29772376001673 156.80560325731372
      vertex 74.33538287025654 -19.133755890867846 156.5320393946845
      vertex 80.94649398136764 -19.133755890867846 156.5320393946845
    endloop
  endfacet
  facet normal -3.4732284409483756e-19 -0.9415440651830226 -0.33688985339221506
    outer loop
      vertex 74.37943149017983 -18.99739151933832 156.24372115518653
      vertex 74.42531003872435 -18.889943908870322 155.943425201077
      vertex 81.03642114983546 -18.889943908870322 155.943425201077
    endloop
  endfacet
  facet normal -1.3518169843543252e-18 -0.7409511253549428 -0.6715589548470365
    outer loop
      vertex 74.21834628573029 -19.70190296114372 157.29809703885627
      vertex 74.25445055682152 -19.487716026571103 157.06177817353185
      vertex 80.86556166793264 -19.487716026571103 157.06177817353185
    endloop
  endfacet
  facet normal -1.622679462778011e-18 -0.8032075314806367 -0.5956993044924442
    outer loop
      vertex 74.25445055682152 -19.487716026571103 157.06177817353185
      vertex 74.29358839124374 -19.29772376001673 156.80560325731372
      vertex 80.90469950235486 -19.29772376001673 156.80560325731372
    endloop
  endfacet
  facet normal 0 0.514102744193212 -0.8577286100002779
    outer loop
      vertex 74.13154603888259 -23.532039394684492 157.86624410913214
      vertex 80.7426571499937 -23.532039394684492 157.86624410913214
      vertex 74.15659668555811 -23.805603257313706 157.70227623998326
    endloop
  endfacet
  facet normal 0 0.42755509343030784 -0.9039892931234313
    outer loop
      vertex 74.11071259323225 -23.24372115518654 158.00260848066168
      vertex 80.72182370434335 -23.24372115518654 158.00260848066168
      vertex 74.13154603888259 -23.532039394684492 157.86624410913214
    endloop
  endfacet
  facet normal 0 0.3368898533922285 -0.9415440651830178
    outer loop
      vertex 74.09429698607741 -22.943425201077 158.11005609112968
      vertex 80.70540809718852 -22.943425201077 158.11005609112968
      vertex 74.11071259323225 -23.24372115518654 158.00260848066168
    endloop
  endfacet
  facet normal 0 0.24298017990324597 -0.9700312531945485
    outer loop
      vertex 74.08245730868867 -22.634043546552416 158.1875521613105
      vertex 80.69356841979979 -22.634043546552416 158.1875521613105
      vertex 74.09429698607741 -22.943425201077 158.11005609112968
    endloop
  endfacet
  facet normal 0 0.14673047445540724 -0.9891765099647741
    outer loop
      vertex 74.0753075836315 -22.318555706071074 158.23435036168465
      vertex 80.68641869474263 -22.318555706071074 158.23435036168465
      vertex 74.08245730868867 -22.634043546552416 158.1875521613105
    endloop
  endfacet
  facet normal 0 0.04906767432739356 -0.9987954562051736
    outer loop
      vertex 74.07291666666667 -22 158.25
      vertex 80.68402777777777 -22 158.25
      vertex 74.0753075836315 -22.318555706071074 158.23435036168465
    endloop
  endfacet
  facet normal 0 -0.049067674327393555 -0.9987954562051736
    outer loop
      vertex 74.07530758363151 -21.681444293928926 158.23435036168465
      vertex 80.68641869474263 -21.681444293928926 158.23435036168465
      vertex 74.07291666666667 -22 158.25
    endloop
  endfacet
  facet normal 0 -0.14673047445540724 -0.9891765099647741
    outer loop
      vertex 74.08245730868867 -21.365956453447584 158.1875521613105
      vertex 80.69356841979979 -21.365956453447584 158.1875521613105
      vertex 74.07530758363151 -21.681444293928926 158.23435036168465
    endloop
  endfacet
  facet normal 0 -0.24298017990324597 -0.9700312531945485
    outer loop
      vertex 74.09429698607741 -21.056574798923 158.11005609112968
      vertex 80.70540809718852 -21.056574798923 158.11005609112968
      vertex 74.08245730868867 -21.365956453447584 158.1875521613105
    endloop
  endfacet
  facet normal 0 -0.3368898533922285 -0.9415440651830178
    outer loop
      vertex 74.11071259323224 -20.75627884481346 158.00260848066168
      vertex 80.72182370434335 -20.75627884481346 158.00260848066168
      vertex 74.09429698607741 -21.056574798923 158.11005609112968
    endloop
  endfacet
  facet normal 0 -0.4275550934303078 -0.9039892931234311
    outer loop
      vertex 74.13154603888259 -20.467960605315508 157.86624410913214
      vertex 80.7426571499937 -20.467960605315508 157.86624410913214
      vertex 74.11071259323224 -20.75627884481346 158.00260848066168
    endloop
  endfacet
  facet normal 0 -0.514102744193212 -0.8577286100002778
    outer loop
      vertex 74.15659668555811 -20.194396742686294 157.70227623998326
      vertex 80.76770779666921 -20.194396742686294 157.70227623998326
      vertex 74.13154603888259 -20.467960605315508 157.86624410913214
    endloop
  endfacet
  facet normal -1.622679462778011e-18 0.8032075314806367 0.5956993044924442
    outer loop
      vertex 81.45641160875627 -24.70227623998327 153.19439674268628
      vertex 81.49554944317848 -24.512283973428897 152.93822182646815
      vertex 74.88443833206736 -24.512283973428897 152.93822182646815
    endloop
  endfacet
  facet normal -3.4732284409483833e-19 0.9415440651830226 0.33688985339221506
    outer loop
      vertex 81.32468996127565 -25.110056091129678 154.056574798923
      vertex 81.37056850982016 -25.00260848066168 153.75627884481347
      vertex 74.75945739870906 -25.00260848066168 153.75627884481347
    endloop
  endfacet
  facet normal -1.3817840235885182e-18 0.9039892931234461 0.4275550934302762
    outer loop
      vertex 81.37056850982016 -25.00260848066168 153.75627884481347
      vertex 81.41461712974346 -24.866244109132154 153.4679606053155
      vertex 74.80350601863235 -24.866244109132154 153.4679606053155
    endloop
  endfacet
  facet normal 1.415933769011935e-18 0.8577286100002829 0.5141027441932038
    outer loop
      vertex 81.41461712974346 -24.866244109132154 153.4679606053155
      vertex 81.45641160875627 -24.70227623998327 153.19439674268628
      vertex 74.84530049764516 -24.70227623998327 153.19439674268628
    endloop
  endfacet
  facet normal 0 0.514102744193212 0.8577286100002779
    outer loop
      vertex 75.0073428500063 -23.532039394684492 152.13375589086786
      vertex 81.59340331444189 -23.805603257313706 152.29772376001674
      vertex 81.61845396111741 -23.532039394684492 152.13375589086786
    endloop
  endfacet
  facet normal 0 0.4275550934303078 0.9039892931234311
    outer loop
      vertex 75.02817629565665 -23.24372115518654 151.99739151933832
      vertex 81.61845396111741 -23.532039394684492 152.13375589086786
      vertex 81.63928740676776 -23.24372115518654 151.99739151933832
    endloop
  endfacet
  facet normal 0 0.3368898533922285 0.9415440651830178
    outer loop
      vertex 75.04459190281148 -22.943425201077 151.88994390887032
      vertex 81.63928740676776 -23.24372115518654 151.99739151933832
      vertex 81.65570301392259 -22.943425201077 151.88994390887032
    endloop
  endfacet
  facet normal 0 0.24298017990324597 0.9700312531945485
    outer loop
      vertex 75.05643158020021 -22.634043546552416 151.8124478386895
      vertex 81.65570301392259 -22.943425201077 151.88994390887032
      vertex 81.66754269131133 -22.634043546552416 151.8124478386895
    endloop
  endfacet
  facet normal 0 0.6715589548470565 0.7409511253549246
    outer loop
      vertex 74.95326560705163 -24.06177817353185 152.4877160265711
      vertex 81.53165371426971 -24.29809703885628 152.70190296114373
      vertex 81.56437671816275 -24.06177817353185 152.4877160265711
    endloop
  endfacet
  facet normal 0 0.7409511253549428 0.6715589548470365
    outer loop
      vertex 74.9205426031586 -24.29809703885628 152.70190296114373
      vertex 81.49554944317848 -24.512283973428897 152.93822182646815
      vertex 81.53165371426971 -24.29809703885628 152.70190296114373
    endloop
  endfacet
  facet normal 0 0.5956993044923871 0.8032075314806791
    outer loop
      vertex 74.98229220333077 -23.805603257313706 152.29772376001674
      vertex 81.56437671816275 -24.06177817353185 152.4877160265711
      vertex 81.59340331444189 -23.805603257313706 152.29772376001674
    endloop
  endfacet
  facet normal 2.6908430831287e-19 0.9700312531945406 0.2429801799032774
    outer loop
      vertex 81.27742331961218 -25.1875521613105 154.36595645344758
      vertex 81.32468996127565 -25.110056091129678 154.056574798923
      vertex 74.71357885016454 -25.110056091129678 154.056574798923
    endloop
  endfacet
  facet normal -2.955303950111411e-19 0.9891765099647813 0.14673047445535883
    outer loop
      vertex 81.22922378842753 -25.23435036168464 154.68144429392893
      vertex 81.27742331961218 -25.1875521613105 154.36595645344758
      vertex 74.66631220850105 -25.1875521613105 154.36595645344758
    endloop
  endfacet
  facet normal 1.0774654520531043e-19 0.9987954562051725 0.04906767432741687
    outer loop
      vertex 81.18055555555556 -25.25 155
      vertex 81.22922378842753 -25.23435036168464 154.68144429392893
      vertex 74.6181126773164 -25.23435036168464 154.68144429392893
    endloop
  endfacet
  facet normal -1.0774654520531066e-19 0.9987954562051725 -0.04906767432741687
    outer loop
      vertex 81.13188732268358 -25.23435036168464 155.31855570607107
      vertex 81.18055555555556 -25.25 155
      vertex 74.56944444444444 -25.25 155
    endloop
  endfacet
  facet normal 2.955303950111418e-19 0.9891765099647816 -0.14673047445535886
    outer loop
      vertex 81.08368779149893 -25.1875521613105 155.63404354655242
      vertex 81.13188732268358 -25.23435036168464 155.31855570607107
      vertex 74.52077621157247 -25.23435036168464 155.31855570607107
    endloop
  endfacet
  facet normal -2.6908430831287e-19 0.9700312531945406 -0.2429801799032774
    outer loop
      vertex 81.03642114983546 -25.110056091129678 155.943425201077
      vertex 81.08368779149893 -25.1875521613105 155.63404354655242
      vertex 74.47257668038782 -25.1875521613105 155.63404354655242
    endloop
  endfacet
  facet normal 3.4732284409483756e-19 0.9415440651830226 -0.3368898533922151
    outer loop
      vertex 80.99054260129094 -25.00260848066168 156.24372115518653
      vertex 81.03642114983546 -25.110056091129678 155.943425201077
      vertex 74.42531003872435 -25.110056091129678 155.943425201077
    endloop
  endfacet
  facet normal 1.381784023588521e-18 0.9039892931234461 -0.4275550934302762
    outer loop
      vertex 80.94649398136765 -24.866244109132154 156.5320393946845
      vertex 80.99054260129094 -25.00260848066168 156.24372115518653
      vertex 74.37943149017984 -25.00260848066168 156.24372115518653
    endloop
  endfacet
  facet normal -1.415933769011935e-18 0.8577286100002829 -0.5141027441932039
    outer loop
      vertex 80.90469950235486 -24.70227623998327 156.80560325731372
      vertex 80.94649398136765 -24.866244109132154 156.5320393946845
      vertex 74.33538287025654 -24.866244109132154 156.5320393946845
    endloop
  endfacet
  facet normal 1.3518169843543252e-18 0.7409511253549428 -0.6715589548470365
    outer loop
      vertex 80.8294573968414 -24.29809703885628 157.29809703885627
      vertex 80.86556166793264 -24.512283973428897 157.06177817353185
      vertex 74.25445055682152 -24.512283973428897 157.06177817353185
    endloop
  endfacet
  facet normal 1.622679462778011e-18 0.8032075314806367 -0.5956993044924443
    outer loop
      vertex 80.86556166793264 -24.512283973428897 157.06177817353185
      vertex 80.90469950235486 -24.70227623998327 156.80560325731372
      vertex 74.29358839124374 -24.70227623998327 156.80560325731372
    endloop
  endfacet
  facet normal 0 0.6715589548470565 -0.7409511253549246
    outer loop
      vertex 74.21834628573029 -24.29809703885628 157.29809703885627
      vertex 80.79673439294837 -24.06177817353185 157.5122839734289
      vertex 80.8294573968414 -24.29809703885628 157.29809703885627
    endloop
  endfacet
  facet normal 0 0.5956993044923871 -0.8032075314806791
    outer loop
      vertex 74.18562328183724 -24.06177817353185 157.5122839734289
      vertex 80.76770779666923 -23.805603257313706 157.70227623998326
      vertex 80.79673439294837 -24.06177817353185 157.5122839734289
    endloop
  endfacet
  facet normal 0 0.049067674327393555 0.9987954562051736
    outer loop
      vertex 75.06597222222221 -22 151.75
      vertex 81.67469241636849 -22.318555706071074 151.76564963831535
      vertex 81.67708333333333 -22 151.75
    endloop
  endfacet
  facet normal 0 0.14673047445540724 0.9891765099647741
    outer loop
      vertex 75.06358130525737 -22.318555706071074 151.76564963831535
      vertex 81.66754269131133 -22.634043546552416 151.8124478386895
      vertex 81.67469241636849 -22.318555706071074 151.76564963831535
    endloop
  endfacet
  facet normal 0 -0.049067674327393555 0.9987954562051736
    outer loop
      vertex 75.06358130525737 -21.681444293928926 151.76564963831535
      vertex 81.67708333333333 -22 151.75
      vertex 81.67469241636849 -21.681444293928926 151.76564963831535
    endloop
  endfacet
  facet normal 0 -0.14673047445540724 0.9891765099647741
    outer loop
      vertex 81.66754269131133 -21.365956453447584 151.8124478386895
      vertex 75.05643158020021 -21.365956453447584 151.8124478386895
      vertex 81.67469241636849 -21.681444293928926 151.76564963831535
    endloop
  endfacet
  facet normal 0 -0.24298017990324597 0.9700312531945485
    outer loop
      vertex 81.65570301392259 -21.056574798923 151.88994390887032
      vertex 75.04459190281148 -21.056574798923 151.88994390887032
      vertex 81.66754269131133 -21.365956453447584 151.8124478386895
    endloop
  endfacet
  facet normal 0 -0.33688985339222843 0.9415440651830178
    outer loop
      vertex 81.63928740676775 -20.75627884481346 151.99739151933832
      vertex 75.02817629565665 -20.75627884481346 151.99739151933832
      vertex 81.65570301392259 -21.056574798923 151.88994390887032
    endloop
  endfacet
  facet normal 0 -0.4275550934303078 0.9039892931234311
    outer loop
      vertex 81.61845396111741 -20.467960605315508 152.13375589086786
      vertex 75.0073428500063 -20.467960605315508 152.13375589086786
      vertex 81.63928740676775 -20.75627884481346 151.99739151933832
    endloop
  endfacet
  facet normal 0 -0.514102744193212 0.8577286100002778
    outer loop
      vertex 81.59340331444189 -20.194396742686294 152.29772376001674
      vertex 74.98229220333079 -20.194396742686294 152.29772376001674
      vertex 81.61845396111741 -20.467960605315508 152.13375589086786
    endloop
  endfacet
  facet normal 0 -0.5956993044923871 0.8032075314806791
    outer loop
      vertex 81.56437671816275 -19.93822182646815 152.4877160265711
      vertex 74.95326560705163 -19.93822182646815 152.4877160265711
      vertex 81.59340331444189 -20.194396742686294 152.29772376001674
    endloop
  endfacet
  facet normal 0 -0.6715589548470565 0.7409511253549246
    outer loop
      vertex 81.53165371426971 -19.70190296114372 152.70190296114373
      vertex 74.9205426031586 -19.70190296114372 152.70190296114373
      vertex 81.56437671816275 -19.93822182646815 152.4877160265711
    endloop
  endfacet
  facet normal 0 -0.7409511253549428 0.6715589548470365
    outer loop
      vertex 74.88443833206736 -19.487716026571103 152.93822182646815
      vertex 81.53165371426971 -19.70190296114372 152.70190296114373
      vertex 81.49554944317848 -19.487716026571103 152.93822182646815
    endloop
  endfacet
  facet normal 0 -0.8032075314806367 0.5956993044924442
    outer loop
      vertex 74.84530049764516 -19.29772376001673 153.19439674268628
      vertex 81.49554944317848 -19.487716026571103 152.93822182646815
      vertex 81.45641160875627 -19.29772376001673 153.19439674268628
    endloop
  endfacet
  facet normal 0 -0.9415440651830226 0.3368898533922151
    outer loop
      vertex 74.71357885016454 -18.889943908870322 154.056574798923
      vertex 81.37056850982016 -18.99739151933832 153.75627884481347
      vertex 81.32468996127565 -18.889943908870322 154.056574798923
    endloop
  endfacet
  facet normal 0 -0.8577286100002829 0.5141027441932039
    outer loop
      vertex 74.80350601863235 -19.133755890867846 153.4679606053155
      vertex 81.45641160875627 -19.29772376001673 153.19439674268628
      vertex 81.41461712974346 -19.133755890867846 153.4679606053155
    endloop
  endfacet
  facet normal 0 -0.9039892931234461 0.4275550934302762
    outer loop
      vertex 74.75945739870906 -18.99739151933832 153.75627884481347
      vertex 81.41461712974346 -19.133755890867846 153.4679606053155
      vertex 81.37056850982016 -18.99739151933832 153.75627884481347
    endloop
  endfacet
  facet normal 0 -0.9700312531945406 0.24298017990327742
    outer loop
      vertex 74.66631220850105 -18.8124478386895 154.36595645344758
      vertex 81.32468996127565 -18.889943908870322 154.056574798923
      vertex 81.27742331961218 -18.8124478386895 154.36595645344758
    endloop
  endfacet
  facet normal 0 -0.9987954562051725 0.04906767432741687
    outer loop
      vertex 74.56944444444444 -18.75 155
      vertex 81.22922378842752 -18.76564963831536 154.68144429392893
      vertex 81.18055555555556 -18.75 155
    endloop
  endfacet
  facet normal 0 -0.9891765099647813 0.14673047445535883
    outer loop
      vertex 74.61811267731642 -18.76564963831536 154.68144429392893
      vertex 81.27742331961218 -18.8124478386895 154.36595645344758
      vertex 81.22922378842752 -18.76564963831536 154.68144429392893
    endloop
  endfacet
  facet normal 0 -0.9987954562051725 -0.04906767432741687
    outer loop
      vertex 74.52077621157248 -18.76564963831536 155.31855570607107
      vertex 81.18055555555556 -18.75 155
      vertex 81.13188732268358 -18.76564963831536 155.31855570607107
    endloop
  endfacet
  facet normal 0 -0.9891765099647813 -0.14673047445535883
    outer loop
      vertex 74.47257668038782 -18.8124478386895 155.63404354655242
      vertex 81.13188732268358 -18.76564963831536 155.31855570607107
      vertex 81.08368779149895 -18.8124478386895 155.63404354655242
    endloop
  endfacet
  facet normal 0 -0.9700312531945406 -0.2429801799032774
    outer loop
      vertex 74.42531003872435 -18.889943908870322 155.943425201077
      vertex 81.08368779149895 -18.8124478386895 155.63404354655242
      vertex 81.03642114983546 -18.889943908870322 155.943425201077
    endloop
  endfacet
  facet normal 0 -0.5956993044923871 -0.8032075314806792
    outer loop
      vertex 80.76770779666921 -20.194396742686294 157.70227623998326
      vertex 74.15659668555811 -20.194396742686294 157.70227623998326
      vertex 80.79673439294835 -19.93822182646815 157.5122839734289
    endloop
  endfacet
  facet normal 0 -0.6715589548470565 -0.7409511253549245
    outer loop
      vertex 80.79673439294835 -19.93822182646815 157.5122839734289
      vertex 74.18562328183725 -19.93822182646815 157.5122839734289
      vertex 80.8294573968414 -19.70190296114372 157.29809703885627
    endloop
  endfacet
  facet normal 0 -0.8577286100002829 -0.5141027441932039
    outer loop
      vertex 74.29358839124374 -19.29772376001673 156.80560325731372
      vertex 80.94649398136764 -19.133755890867846 156.5320393946845
      vertex 80.90469950235486 -19.29772376001673 156.80560325731372
    endloop
  endfacet
  facet normal 0 -0.9415440651830226 -0.3368898533922151
    outer loop
      vertex 74.37943149017983 -18.99739151933832 156.24372115518653
      vertex 81.03642114983546 -18.889943908870322 155.943425201077
      vertex 80.99054260129094 -18.99739151933832 156.24372115518653
    endloop
  endfacet
  facet normal 0 -0.9039892931234461 -0.4275550934302762
    outer loop
      vertex 74.33538287025654 -19.133755890867846 156.5320393946845
      vertex 80.99054260129094 -18.99739151933832 156.24372115518653
      vertex 80.94649398136764 -19.133755890867846 156.5320393946845
    endloop
  endfacet
  facet normal 0 -0.7409511253549428 -0.6715589548470365
    outer loop
      vertex 74.21834628573029 -19.70190296114372 157.29809703885627
      vertex 80.86556166793264 -19.487716026571103 157.06177817353185
      vertex 80.8294573968414 -19.70190296114372 157.29809703885627
    endloop
  endfacet
  facet normal 0 -0.8032075314806367 -0.5956993044924442
    outer loop
      vertex 74.25445055682152 -19.487716026571103 157.06177817353185
      vertex 80.90469950235486 -19.29772376001673 156.80560325731372
      vertex 80.86556166793264 -19.487716026571103 157.06177817353185
    endloop
  endfacet
  facet normal 0 0.514102744193212 -0.8577286100002779
    outer loop
      vertex 74.15659668555811 -23.805603257313706 157.70227623998326
      vertex 80.7426571499937 -23.532039394684492 157.86624410913214
      vertex 80.76770779666923 -23.805603257313706 157.70227623998326
    endloop
  endfacet
  facet normal 0 0.33688985339222843 -0.9415440651830178
    outer loop
      vertex 74.11071259323225 -23.24372115518654 158.00260848066168
      vertex 80.70540809718852 -22.943425201077 158.11005609112968
      vertex 80.72182370434335 -23.24372115518654 158.00260848066168
    endloop
  endfacet
  facet normal 0 0.24298017990324597 -0.9700312531945485
    outer loop
      vertex 74.09429698607741 -22.943425201077 158.11005609112968
      vertex 80.69356841979979 -22.634043546552416 158.1875521613105
      vertex 80.70540809718852 -22.943425201077 158.11005609112968
    endloop
  endfacet
  facet normal 0 0.14673047445540724 -0.9891765099647741
    outer loop
      vertex 74.08245730868867 -22.634043546552416 158.1875521613105
      vertex 80.68641869474263 -22.318555706071074 158.23435036168465
      vertex 80.69356841979979 -22.634043546552416 158.1875521613105
    endloop
  endfacet
  facet normal 0 0.4275550934303078 -0.9039892931234311
    outer loop
      vertex 74.13154603888259 -23.532039394684492 157.86624410913214
      vertex 80.72182370434335 -23.24372115518654 158.00260848066168
      vertex 80.7426571499937 -23.532039394684492 157.86624410913214
    endloop
  endfacet
  facet normal 0 0.049067674327393555 -0.9987954562051736
    outer loop
      vertex 74.0753075836315 -22.318555706071074 158.23435036168465
      vertex 80.68402777777777 -22 158.25
      vertex 80.68641869474263 -22.318555706071074 158.23435036168465
    endloop
  endfacet
  facet normal 0 -0.04906767432739356 -0.9987954562051736
    outer loop
      vertex 74.07291666666667 -22 158.25
      vertex 80.68641869474263 -21.681444293928926 158.23435036168465
      vertex 80.68402777777777 -22 158.25
    endloop
  endfacet
  facet normal 0 -0.14673047445540724 -0.9891765099647741
    outer loop
      vertex 80.68641869474263 -21.681444293928926 158.23435036168465
      vertex 74.07530758363151 -21.681444293928926 158.23435036168465
      vertex 80.69356841979979 -21.365956453447584 158.1875521613105
    endloop
  endfacet
  facet normal 0 -0.24298017990324597 -0.9700312531945485
    outer loop
      vertex 80.69356841979979 -21.365956453447584 158.1875521613105
      vertex 74.08245730868867 -21.365956453447584 158.1875521613105
      vertex 80.70540809718852 -21.056574798923 158.11005609112968
    endloop
  endfacet
  facet normal 0 -0.3368898533922285 -0.9415440651830178
    outer loop
      vertex 80.70540809718852 -21.056574798923 158.11005609112968
      vertex 74.09429698607741 -21.056574798923 158.11005609112968
      vertex 80.72182370434335 -20.75627884481346 158.00260848066168
    endloop
  endfacet
  facet normal 0 -0.4275550934303078 -0.9039892931234311
    outer loop
      vertex 80.72182370434335 -20.75627884481346 158.00260848066168
      vertex 74.11071259323224 -20.75627884481346 158.00260848066168
      vertex 80.7426571499937 -20.467960605315508 157.86624410913214
    endloop
  endfacet
  facet normal 0 -0.514102744193212 -0.8577286100002779
    outer loop
      vertex 80.7426571499937 -20.467960605315508 157.86624410913214
      vertex 74.13154603888259 -20.467960605315508 157.86624410913214
      vertex 80.76770779666921 -20.194396742686294 157.70227623998326
    endloop
  endfacet
  facet normal -1.5555494160840066e-18 0.4275550934303078 0.9039892931234311
    outer loop
      vertex 75.13526030254886 20.75627884481346 151.99739151933832
      vertex 75.21077222241736 20.467960605315508 152.13375589086786
      vertex 81.61845396111741 20.467960605315508 152.13375589086786
    endloop
  endfacet
  facet normal -1.4825718893806758e-18 0.7409511253549427 0.6715589548470364
    outer loop
      vertex 75.4114063673195 19.70190296114372 152.70190296114373
      vertex 75.46750294542186 19.487716026571103 152.93822182646815
      vertex 81.49554944317848 19.487716026571103 152.93822182646815
    endloop
  endfacet
  facet normal 5.376373807926455e-19 0.8032075314805751 0.5956993044925274
    outer loop
      vertex 75.48320177821702 19.427775028625916 153.01904290621584
      vertex 81.49554944317848 19.487716026571103 152.93822182646815
      vertex 75.46750294542186 19.487716026571103 152.93822182646815
    endloop
  endfacet
  facet normal 0 0.5956993044923871 0.8032075314806791
    outer loop
      vertex 75.3495133311631 19.93822182646815 152.4877160265711
      vertex 81.56437671816275 19.93822182646815 152.4877160265711
      vertex 75.28241990072502 20.194396742686294 152.29772376001674
    endloop
  endfacet
  facet normal -1.3275933529390881e-18 0.6715589548470565 0.7409511253549246
    outer loop
      vertex 75.3495133311631 19.93822182646815 152.4877160265711
      vertex 75.4114063673195 19.70190296114372 152.70190296114373
      vertex 81.53165371426971 19.70190296114372 152.70190296114373
    endloop
  endfacet
  facet normal 0 0.514102744193212 0.8577286100002779
    outer loop
      vertex 75.28241990072502 20.194396742686294 152.29772376001674
      vertex 81.5934033144419 20.194396742686294 152.29772376001674
      vertex 75.21077222241736 20.467960605315508 152.13375589086786
    endloop
  endfacet
  facet normal 0 0.3368898533922285 0.9415440651830178
    outer loop
      vertex 75.13526030254886 20.75627884481346 151.99739151933832
      vertex 81.63928740676776 20.75627884481346 151.99739151933832
      vertex 75.05661136218683 21.056574798923 151.88994390887032
    endloop
  endfacet
  facet normal 5.96599929109851e-20 0.2429801799037317 0.9700312531944267
    outer loop
      vertex 75.04612425201461 21.096616492307838 151.87991398681342
      vertex 75.05661136218683 21.056574798923 151.88994390887032
      vertex 81.65570301392259 21.056574798923 151.88994390887032
    endloop
  endfacet
  facet normal -3.591804983210294e-15 0.2429801799031739 0.9700312531945666
    outer loop
      vertex 75.04612425201461 21.096616492307838 151.87991398681342
      vertex 81.65570301392259 21.056574798923 151.88994390887032
      vertex 75.05643158020021 21.365956453447584 151.8124478386895
    endloop
  endfacet
  facet normal 0 0.14673047445540724 0.9891765099647741
    outer loop
      vertex 75.05643158020021 21.365956453447584 151.8124478386895
      vertex 81.66754269131133 21.365956453447584 151.8124478386895
      vertex 75.06358130525737 21.681444293928926 151.76564963831535
    endloop
  endfacet
  facet normal 0 0.049067674327393555 0.9987954562051736
    outer loop
      vertex 75.06358130525737 21.681444293928926 151.76564963831535
      vertex 81.67469241636849 21.681444293928926 151.76564963831535
      vertex 75.06597222222223 22 151.75
    endloop
  endfacet
  facet normal 0 -0.04906767432739356 0.9987954562051736
    outer loop
      vertex 75.06597222222223 22 151.75
      vertex 81.67708333333333 22 151.75
      vertex 75.06358130525737 22.318555706071074 151.76564963831535
    endloop
  endfacet
  facet normal 0 -0.14673047445540724 0.9891765099647741
    outer loop
      vertex 75.06358130525737 22.318555706071074 151.76564963831535
      vertex 81.67469241636849 22.318555706071074 151.76564963831535
      vertex 75.05643158020021 22.634043546552416 151.8124478386895
    endloop
  endfacet
  facet normal 0 -0.4275550934303078 0.9039892931234311
    outer loop
      vertex 75.02817629565664 23.24372115518654 151.99739151933832
      vertex 81.63928740676775 23.24372115518654 151.99739151933832
      vertex 75.0073428500063 23.532039394684492 152.13375589086786
    endloop
  endfacet
  facet normal 0 -0.24298017990324597 0.9700312531945485
    outer loop
      vertex 75.05643158020021 22.634043546552416 151.8124478386895
      vertex 81.66754269131133 22.634043546552416 151.8124478386895
      vertex 75.04459190281148 22.943425201077 151.88994390887032
    endloop
  endfacet
  facet normal 0 -0.3368898533922285 0.9415440651830178
    outer loop
      vertex 75.04459190281148 22.943425201077 151.88994390887032
      vertex 81.65570301392259 22.943425201077 151.88994390887032
      vertex 75.02817629565664 23.24372115518654 151.99739151933832
    endloop
  endfacet
  facet normal 0 -0.514102744193212 0.8577286100002779
    outer loop
      vertex 75.0073428500063 23.532039394684492 152.13375589086786
      vertex 81.61845396111741 23.532039394684492 152.13375589086786
      vertex 74.98229220333077 23.805603257313706 152.29772376001674
    endloop
  endfacet
  facet normal 0 -0.5956993044923871 0.8032075314806791
    outer loop
      vertex 74.98229220333077 23.805603257313706 152.29772376001674
      vertex 81.59340331444189 23.805603257313706 152.29772376001674
      vertex 74.95326560705163 24.06177817353185 152.4877160265711
    endloop
  endfacet
  facet normal 0 -0.6715589548470565 0.7409511253549246
    outer loop
      vertex 74.95326560705163 24.06177817353185 152.4877160265711
      vertex 81.56437671816275 24.06177817353185 152.4877160265711
      vertex 74.9205426031586 24.29809703885628 152.70190296114373
    endloop
  endfacet
  facet normal 0 -0.7409511253549428 0.6715589548470365
    outer loop
      vertex 74.9205426031586 24.29809703885628 152.70190296114373
      vertex 81.53165371426971 24.29809703885628 152.70190296114373
      vertex 74.88443833206736 24.512283973428897 152.93822182646815
    endloop
  endfacet
  facet normal 0 -0.8032075314806367 0.5956993044924442
    outer loop
      vertex 74.88443833206736 24.512283973428897 152.93822182646815
      vertex 81.49554944317848 24.512283973428897 152.93822182646815
      vertex 74.84530049764516 24.70227623998327 153.19439674268628
    endloop
  endfacet
  facet normal -1.415933769011935e-18 -0.8577286100002829 0.5141027441932039
    outer loop
      vertex 74.80350601863235 24.866244109132154 153.4679606053155
      vertex 74.84530049764516 24.70227623998327 153.19439674268628
      vertex 81.45641160875627 24.70227623998327 153.19439674268628
    endloop
  endfacet
  facet normal 1.3817840235885182e-18 -0.9039892931234461 0.4275550934302762
    outer loop
      vertex 74.75945739870905 25.00260848066168 153.75627884481347
      vertex 74.80350601863235 24.866244109132154 153.4679606053155
      vertex 81.41461712974346 24.866244109132154 153.4679606053155
    endloop
  endfacet
  facet normal 3.4732284409483756e-19 -0.9415440651830226 0.3368898533922151
    outer loop
      vertex 74.71357885016454 25.110056091129678 154.056574798923
      vertex 74.75945739870905 25.00260848066168 153.75627884481347
      vertex 81.37056850982016 25.00260848066168 153.75627884481347
    endloop
  endfacet
  facet normal 4.260461671728253e-16 -0.671558954847063 -0.7409511253549187
    outer loop
      vertex 74.21464394446612 24.271359484765743 157.32233054531272
      vertex 80.8294573968414 24.29809703885628 157.29809703885627
      vertex 74.26953428788451 24.06177817353185 157.5122839734289
    endloop
  endfacet
  facet normal -1.5249604642850724e-19 -0.6715589548470052 -0.7409511253549711
    outer loop
      vertex 74.21464394446612 24.271359484765743 157.32233054531272
      vertex 74.21834628573029 24.29809703885628 157.29809703885627
      vertex 80.8294573968414 24.29809703885628 157.29809703885627
    endloop
  endfacet
  facet normal 0 -0.5956993044923871 -0.8032075314806792
    outer loop
      vertex 80.79673439294837 24.06177817353185 157.5122839734289
      vertex 74.3366277183226 23.805603257313706 157.70227623998326
      vertex 74.26953428788451 24.06177817353185 157.5122839734289
    endloop
  endfacet
  facet normal -2.6908430831287e-19 -0.9700312531945406 0.24298017990327744
    outer loop
      vertex 74.66631220850105 25.1875521613105 154.36595645344758
      vertex 74.71357885016454 25.110056091129678 154.056574798923
      vertex 81.32468996127565 25.110056091129678 154.056574798923
    endloop
  endfacet
  facet normal 2.955303950111418e-19 -0.9891765099647816 0.14673047445535886
    outer loop
      vertex 74.6181126773164 25.23435036168464 154.68144429392893
      vertex 74.66631220850105 25.1875521613105 154.36595645344758
      vertex 81.27742331961217 25.1875521613105 154.36595645344758
    endloop
  endfacet
  facet normal -1.0774654520531066e-19 -0.9987954562051725 0.04906767432741688
    outer loop
      vertex 74.56944444444444 25.25 155
      vertex 74.6181126773164 25.23435036168464 154.68144429392893
      vertex 81.22922378842752 25.23435036168464 154.68144429392893
    endloop
  endfacet
  facet normal 1.0774654520531066e-19 -0.9987954562051725 -0.04906767432741688
    outer loop
      vertex 74.52077621157247 25.23435036168464 155.31855570607107
      vertex 74.56944444444444 25.25 155
      vertex 81.18055555555556 25.25 155
    endloop
  endfacet
  facet normal -2.955303950111418e-19 -0.9891765099647816 -0.14673047445535886
    outer loop
      vertex 74.47257668038782 25.1875521613105 155.63404354655242
      vertex 74.52077621157247 25.23435036168464 155.31855570607107
      vertex 81.13188732268358 25.23435036168464 155.31855570607107
    endloop
  endfacet
  facet normal 2.6908430831287e-19 -0.9700312531945406 -0.24298017990327744
    outer loop
      vertex 74.42531003872435 25.110056091129678 155.943425201077
      vertex 74.47257668038782 25.1875521613105 155.63404354655242
      vertex 81.08368779149893 25.1875521613105 155.63404354655242
    endloop
  endfacet
  facet normal 1.415933769011932e-18 -0.8577286100002829 -0.5141027441932038
    outer loop
      vertex 74.29358839124374 24.70227623998327 156.80560325731372
      vertex 74.33538287025652 24.866244109132154 156.5320393946845
      vertex 80.94649398136765 24.866244109132154 156.5320393946845
    endloop
  endfacet
  facet normal -1.3817840235885182e-18 -0.9039892931234461 -0.4275550934302762
    outer loop
      vertex 74.33538287025652 24.866244109132154 156.5320393946845
      vertex 74.37943149017983 25.00260848066168 156.24372115518653
      vertex 80.99054260129094 25.00260848066168 156.24372115518653
    endloop
  endfacet
  facet normal -3.4732284409483756e-19 -0.9415440651830226 -0.33688985339221506
    outer loop
      vertex 74.37943149017983 25.00260848066168 156.24372115518653
      vertex 74.42531003872435 25.110056091129678 155.943425201077
      vertex 81.03642114983546 25.110056091129678 155.943425201077
    endloop
  endfacet
  facet normal -1.3518169843543252e-18 -0.7409511253549428 -0.6715589548470365
    outer loop
      vertex 74.21834628573029 24.29809703885628 157.29809703885627
      vertex 74.25445055682152 24.512283973428897 157.06177817353185
      vertex 80.86556166793264 24.512283973428897 157.06177817353185
    endloop
  endfacet
  facet normal -1.622679462778011e-18 -0.8032075314806367 -0.5956993044924442
    outer loop
      vertex 74.25445055682152 24.512283973428897 157.06177817353185
      vertex 74.29358839124374 24.70227623998327 156.80560325731372
      vertex 80.90469950235486 24.70227623998327 156.80560325731372
    endloop
  endfacet
  facet normal 0 -0.3368898533922285 -0.9415440651830178
    outer loop
      vertex 74.48378731649876 23.24372115518654 158.00260848066168
      vertex 80.72182370434335 23.24372115518654 158.00260848066168
      vertex 74.56243625686079 22.943425201077 158.11005609112968
    endloop
  endfacet
  facet normal 0 -0.42755509343030784 -0.9039892931234312
    outer loop
      vertex 74.40827539663024 23.532039394684492 157.86624410913214
      vertex 80.7426571499937 23.532039394684492 157.86624410913214
      vertex 74.48378731649876 23.24372115518654 158.00260848066168
    endloop
  endfacet
  facet normal 0 -0.1467304744554288 -0.9891765099647712
    outer loop
      vertex 74.64346478542674 22.634043546552416 158.1875521613105
      vertex 80.69356841979979 22.634043546552416 158.1875521613105
      vertex 74.68957825256578 22.457973944748883 158.21366961956952
    endloop
  endfacet
  facet normal 0 -0.24298017990324597 -0.9700312531945485
    outer loop
      vertex 74.56243625686079 22.943425201077 158.11005609112968
      vertex 80.70540809718852 22.943425201077 158.11005609112968
      vertex 74.64346478542674 22.634043546552416 158.1875521613105
    endloop
  endfacet
  facet normal 0 -0.514102744193212 -0.8577286100002779
    outer loop
      vertex 74.3366277183226 23.805603257313706 157.70227623998326
      vertex 80.76770779666923 23.805603257313706 157.70227623998326
      vertex 74.40827539663024 23.532039394684492 157.86624410913214
    endloop
  endfacet
  facet normal 0 0.4275550934303079 0.9039892931234312
    outer loop
      vertex 81.63928740676776 20.75627884481346 151.99739151933832
      vertex 75.13526030254886 20.75627884481346 151.99739151933832
      vertex 81.61845396111741 20.467960605315508 152.13375589086786
    endloop
  endfacet
  facet normal 0 0.3368898533922285 0.9415440651830178
    outer loop
      vertex 81.65570301392259 21.056574798923 151.88994390887032
      vertex 75.05661136218683 21.056574798923 151.88994390887032
      vertex 81.63928740676776 20.75627884481346 151.99739151933832
    endloop
  endfacet
  facet normal 0 0.24298017990324597 0.9700312531945485
    outer loop
      vertex 75.05643158020021 21.365956453447584 151.8124478386895
      vertex 81.65570301392259 21.056574798923 151.88994390887032
      vertex 81.66754269131133 21.365956453447584 151.8124478386895
    endloop
  endfacet
  facet normal 0 0.04906767432739356 0.9987954562051736
    outer loop
      vertex 75.06597222222223 22 151.75
      vertex 81.67469241636849 21.681444293928926 151.76564963831535
      vertex 81.67708333333333 22 151.75
    endloop
  endfacet
  facet normal 0 0.14673047445540724 0.9891765099647741
    outer loop
      vertex 75.06358130525737 21.681444293928926 151.76564963831535
      vertex 81.66754269131133 21.365956453447584 151.8124478386895
      vertex 81.67469241636849 21.681444293928926 151.76564963831535
    endloop
  endfacet
  facet normal 0 -0.049067674327393555 0.9987954562051736
    outer loop
      vertex 75.06358130525737 22.318555706071074 151.76564963831535
      vertex 81.67708333333333 22 151.75
      vertex 81.67469241636849 22.318555706071074 151.76564963831535
    endloop
  endfacet
  facet normal 1.0776920431062935e-18 0.5141027441932119 0.8577286100002779
    outer loop
      vertex 81.5934033144419 20.194396742686294 152.29772376001674
      vertex 81.61845396111741 20.467960605315508 152.13375589086786
      vertex 75.21077222241736 20.467960605315508 152.13375589086786
    endloop
  endfacet
  facet normal -9.511887946689145e-16 0.803207531480609 0.5956993044924818
    outer loop
      vertex 81.48320177821702 19.427775028625923 153.01904290621584
      vertex 81.49554944317848 19.487716026571103 152.93822182646815
      vertex 75.48320177821702 19.427775028625916 153.01904290621584
    endloop
  endfacet
  facet normal -1.4602371078853566e-18 0.7409511253549427 0.6715589548470365
    outer loop
      vertex 81.49554944317848 19.487716026571103 152.93822182646815
      vertex 81.53165371426971 19.70190296114372 152.70190296114373
      vertex 75.4114063673195 19.70190296114372 152.70190296114373
    endloop
  endfacet
  facet normal 0 0.6715589548470566 0.7409511253549246
    outer loop
      vertex 81.56437671816275 19.93822182646815 152.4877160265711
      vertex 75.3495133311631 19.93822182646815 152.4877160265711
      vertex 81.53165371426971 19.70190296114372 152.70190296114373
    endloop
  endfacet
  facet normal 0 0.5956993044923871 0.8032075314806794
    outer loop
      vertex 81.5934033144419 20.194396742686294 152.29772376001674
      vertex 75.28241990072502 20.194396742686294 152.29772376001674
      vertex 81.56437671816275 19.93822182646815 152.4877160265711
    endloop
  endfacet
  facet normal 0 -0.14673047445540724 0.9891765099647741
    outer loop
      vertex 81.66754269131133 22.634043546552416 151.8124478386895
      vertex 75.05643158020021 22.634043546552416 151.8124478386895
      vertex 81.67469241636849 22.318555706071074 151.76564963831535
    endloop
  endfacet
  facet normal 0 -0.24298017990324597 0.9700312531945485
    outer loop
      vertex 81.65570301392259 22.943425201077 151.88994390887032
      vertex 75.04459190281148 22.943425201077 151.88994390887032
      vertex 81.66754269131133 22.634043546552416 151.8124478386895
    endloop
  endfacet
  facet normal 0 -0.3368898533922285 0.9415440651830178
    outer loop
      vertex 81.63928740676775 23.24372115518654 151.99739151933832
      vertex 75.02817629565664 23.24372115518654 151.99739151933832
      vertex 81.65570301392259 22.943425201077 151.88994390887032
    endloop
  endfacet
  facet normal 0 -0.4275550934303078 0.9039892931234311
    outer loop
      vertex 81.61845396111741 23.532039394684492 152.13375589086786
      vertex 75.0073428500063 23.532039394684492 152.13375589086786
      vertex 81.63928740676775 23.24372115518654 151.99739151933832
    endloop
  endfacet
  facet normal 0 -0.514102744193212 0.8577286100002779
    outer loop
      vertex 81.59340331444189 23.805603257313706 152.29772376001674
      vertex 74.98229220333077 23.805603257313706 152.29772376001674
      vertex 81.61845396111741 23.532039394684492 152.13375589086786
    endloop
  endfacet
  facet normal 0 -0.5956993044923871 0.8032075314806791
    outer loop
      vertex 81.56437671816275 24.06177817353185 152.4877160265711
      vertex 74.95326560705163 24.06177817353185 152.4877160265711
      vertex 81.59340331444189 23.805603257313706 152.29772376001674
    endloop
  endfacet
  facet normal 0 -0.6715589548470565 0.7409511253549246
    outer loop
      vertex 81.53165371426971 24.29809703885628 152.70190296114373
      vertex 74.9205426031586 24.29809703885628 152.70190296114373
      vertex 81.56437671816275 24.06177817353185 152.4877160265711
    endloop
  endfacet
  facet normal 0 -0.7409511253549428 0.6715589548470365
    outer loop
      vertex 81.49554944317848 24.512283973428897 152.93822182646815
      vertex 74.88443833206736 24.512283973428897 152.93822182646815
      vertex 81.53165371426971 24.29809703885628 152.70190296114373
    endloop
  endfacet
  facet normal 0 -0.8032075314806367 0.5956993044924442
    outer loop
      vertex 74.84530049764516 24.70227623998327 153.19439674268628
      vertex 81.49554944317848 24.512283973428897 152.93822182646815
      vertex 81.45641160875627 24.70227623998327 153.19439674268628
    endloop
  endfacet
  facet normal 0 -0.9415440651830226 0.3368898533922151
    outer loop
      vertex 74.71357885016454 25.110056091129678 154.056574798923
      vertex 81.37056850982016 25.00260848066168 153.75627884481347
      vertex 81.32468996127565 25.110056091129678 154.056574798923
    endloop
  endfacet
  facet normal 0 -0.8577286100002829 0.5141027441932039
    outer loop
      vertex 74.80350601863235 24.866244109132154 153.4679606053155
      vertex 81.45641160875627 24.70227623998327 153.19439674268628
      vertex 81.41461712974346 24.866244109132154 153.4679606053155
    endloop
  endfacet
  facet normal 0 -0.9039892931234461 0.4275550934302762
    outer loop
      vertex 74.75945739870905 25.00260848066168 153.75627884481347
      vertex 81.41461712974346 24.866244109132154 153.4679606053155
      vertex 81.37056850982016 25.00260848066168 153.75627884481347
    endloop
  endfacet
  facet normal 0 -0.5956993044923872 -0.8032075314806792
    outer loop
      vertex 74.3366277183226 23.805603257313706 157.70227623998326
      vertex 80.79673439294837 24.06177817353185 157.5122839734289
      vertex 80.76770779666923 23.805603257313706 157.70227623998326
    endloop
  endfacet
  facet normal 0 -0.7409511253549428 -0.6715589548470365
    outer loop
      vertex 74.21834628573029 24.29809703885628 157.29809703885627
      vertex 80.86556166793264 24.512283973428897 157.06177817353185
      vertex 80.8294573968414 24.29809703885628 157.29809703885627
    endloop
  endfacet
  facet normal 0 -0.6715589548470565 -0.7409511253549246
    outer loop
      vertex 80.79673439294837 24.06177817353185 157.5122839734289
      vertex 74.26953428788451 24.06177817353185 157.5122839734289
      vertex 80.8294573968414 24.29809703885628 157.29809703885627
    endloop
  endfacet
  facet normal 0 -0.9700312531945406 0.2429801799032774
    outer loop
      vertex 74.66631220850105 25.1875521613105 154.36595645344758
      vertex 81.32468996127565 25.110056091129678 154.056574798923
      vertex 81.27742331961217 25.1875521613105 154.36595645344758
    endloop
  endfacet
  facet normal 0 -0.9987954562051725 0.04906767432741687
    outer loop
      vertex 74.56944444444444 25.25 155
      vertex 81.22922378842752 25.23435036168464 154.68144429392893
      vertex 81.18055555555556 25.25 155
    endloop
  endfacet
  facet normal 0 -0.9891765099647816 0.14673047445535886
    outer loop
      vertex 74.6181126773164 25.23435036168464 154.68144429392893
      vertex 81.27742331961217 25.1875521613105 154.36595645344758
      vertex 81.22922378842752 25.23435036168464 154.68144429392893
    endloop
  endfacet
  facet normal 0 -0.9987954562051725 -0.04906767432741687
    outer loop
      vertex 74.52077621157247 25.23435036168464 155.31855570607107
      vertex 81.18055555555556 25.25 155
      vertex 81.13188732268358 25.23435036168464 155.31855570607107
    endloop
  endfacet
  facet normal 0 -0.9891765099647816 -0.14673047445535886
    outer loop
      vertex 74.47257668038782 25.1875521613105 155.63404354655242
      vertex 81.13188732268358 25.23435036168464 155.31855570607107
      vertex 81.08368779149893 25.1875521613105 155.63404354655242
    endloop
  endfacet
  facet normal 0 -0.9700312531945406 -0.2429801799032774
    outer loop
      vertex 74.42531003872435 25.110056091129678 155.943425201077
      vertex 81.08368779149893 25.1875521613105 155.63404354655242
      vertex 81.03642114983546 25.110056091129678 155.943425201077
    endloop
  endfacet
  facet normal 0 -0.8577286100002829 -0.5141027441932039
    outer loop
      vertex 74.29358839124374 24.70227623998327 156.80560325731372
      vertex 80.94649398136765 24.866244109132154 156.5320393946845
      vertex 80.90469950235486 24.70227623998327 156.80560325731372
    endloop
  endfacet
  facet normal 0 -0.9415440651830226 -0.3368898533922151
    outer loop
      vertex 74.37943149017983 25.00260848066168 156.24372115518653
      vertex 81.03642114983546 25.110056091129678 155.943425201077
      vertex 80.99054260129094 25.00260848066168 156.24372115518653
    endloop
  endfacet
  facet normal 0 -0.9039892931234461 -0.42755509343027615
    outer loop
      vertex 74.33538287025652 24.866244109132154 156.5320393946845
      vertex 80.99054260129094 25.00260848066168 156.24372115518653
      vertex 80.94649398136765 24.866244109132154 156.5320393946845
    endloop
  endfacet
  facet normal 0 -0.8032075314806367 -0.5956993044924442
    outer loop
      vertex 74.25445055682152 24.512283973428897 157.06177817353185
      vertex 80.90469950235486 24.70227623998327 156.80560325731372
      vertex 80.86556166793264 24.512283973428897 157.06177817353185
    endloop
  endfacet
  facet normal -5.120090693345177e-15 -0.14673047445525797 -0.9891765099647964
    outer loop
      vertex 80.68957825256577 22.457973944748865 158.2136696195695
      vertex 74.68957825256578 22.457973944748883 158.21366961956952
      vertex 80.69356841979979 22.634043546552416 158.1875521613105
    endloop
  endfacet
  facet normal 0 -0.24298017990324597 -0.9700312531945485
    outer loop
      vertex 74.64346478542674 22.634043546552416 158.1875521613105
      vertex 80.70540809718852 22.943425201077 158.11005609112968
      vertex 80.69356841979979 22.634043546552416 158.1875521613105
    endloop
  endfacet
  facet normal 0 -0.33688985339222843 -0.9415440651830177
    outer loop
      vertex 74.56243625686079 22.943425201077 158.11005609112968
      vertex 80.72182370434335 23.24372115518654 158.00260848066168
      vertex 80.70540809718852 22.943425201077 158.11005609112968
    endloop
  endfacet
  facet normal 0 -0.42755509343030784 -0.9039892931234312
    outer loop
      vertex 74.48378731649876 23.24372115518654 158.00260848066168
      vertex 80.7426571499937 23.532039394684492 157.86624410913214
      vertex 80.72182370434335 23.24372115518654 158.00260848066168
    endloop
  endfacet
  facet normal 0 -0.514102744193212 -0.8577286100002779
    outer loop
      vertex 74.40827539663024 23.532039394684492 157.86624410913214
      vertex 80.76770779666923 23.805603257313706 157.70227623998326
      vertex 80.7426571499937 23.532039394684492 157.86624410913214
    endloop
  endfacet
  facet normal 0 1 0
    outer loop
      vertex 133 -5.5 84
      vertex 121 -5.5 84
      vertex 133 -5.5 95
    endloop
  endfacet
  facet normal 0 1 0
    outer loop
      vertex 133 -5.5 118
      vertex 121 -5.5 84
      vertex 121 -5.5 88.85714285714286
    endloop
  endfacet
  facet normal 0 1 0
    outer loop
      vertex 133 -5.5 118
      vertex 121 -5.5 88.85714285714286
      vertex 121 -5.5 100
    endloop
  endfacet
  facet normal 0 1 0
    outer loop
      vertex 133 -5.5 118
      vertex 133 -5.5 95
      vertex 121 -5.5 84
    endloop
  endfacet
  facet normal 0 1 0
    outer loop
      vertex 133 -5.5 118
      vertex 121 -5.5 100
      vertex 121 -5.5 104.06810344827586
    endloop
  endfacet
  facet normal 0 1 0
    outer loop
      vertex 133 -5.5 118
      vertex 121 -5.5 104.06810344827586
      vertex 121 -5.5 106
    endloop
  endfacet
  facet normal 0 1 0
    outer loop
      vertex 133 -5.5 118
      vertex 121 -5.5 106
      vertex 121 -5.5 106.03362068965517
    endloop
  endfacet
  facet normal 0 1 0
    outer loop
      vertex 133 -5.5 118
      vertex 121 -5.5 106.03362068965517
      vertex 121 -5.5 118
    endloop
  endfacet
  facet normal -1 0 0
    outer loop
      vertex 133 -5.5 118
      vertex 133 5.5 95
      vertex 133 -5.5 95
    endloop
  endfacet
  facet normal 0 -1 0
    outer loop
      vertex 133 5.5 84
      vertex 133 5.5 95
      vertex 121 5.5 84
    endloop
  endfacet
  facet normal 0 -1 0
    outer loop
      vertex 132.59854055623464 5.5 102.20956720923593
      vertex 121 5.5 95.14285714285714
      vertex 121 5.5 84
    endloop
  endfacet
  facet normal 0 -1 0
    outer loop
      vertex 132.59854055623464 5.5 102.20956720923593
      vertex 121 5.5 84
      vertex 133 5.5 95
    endloop
  endfacet
  facet normal 0 -1 0
    outer loop
      vertex 121 5.5 100
      vertex 121 5.5 95.14285714285714
      vertex 132.59854055623464 5.5 102.20956720923593
    endloop
  endfacet
  facet normal 0 -1 0
    outer loop
      vertex 121 5.5 100
      vertex 132.59854055623464 5.5 102.20956720923593
      vertex 121 5.5 101.77327586206896
    endloop
  endfacet
  facet normal 0 -1 0
    outer loop
      vertex 121 5.5 101.77327586206896
      vertex 132.59854055623464 5.5 102.20956720923593
      vertex 121 5.5 106
    endloop
  endfacet
  facet normal 0 -1 0
    outer loop
      vertex 121 5.5 106.0146551724138
      vertex 121 5.5 106
      vertex 132.59854055623464 5.5 102.20956720923593
    endloop
  endfacet
  facet normal 0 -1 0
    outer loop
      vertex 132.59854055623464 5.5 102.20956720923593
      vertex 133 5.5 102.99747573110407
      vertex 121 5.5 106.0146551724138
    endloop
  endfacet
  facet normal 0 -1 0
    outer loop
      vertex 133 5.5 102.99747573110407
      vertex 121 5.5 118
      vertex 121 5.5 106.0146551724138
    endloop
  endfacet
  facet normal 0 -1 0
    outer loop
      vertex 133 5.5 102.99747573110407
      vertex 133 5.5 118
      vertex 121 5.5 118
    endloop
  endfacet
  facet normal -1 0 0
    outer loop
      vertex 133 -5.5 118
      vertex 133 3 102.0050134056976
      vertex 133 5.5 95
    endloop
  endfacet
  facet normal -1 0 0
    outer loop
      vertex 133 3 102.0050134056976
      vertex 133 5.5 102.0050134056976
      vertex 133 5.5 95
    endloop
  endfacet
  facet normal 0 -1 0
    outer loop
      vertex 132.59854055623464 5.5 102.20956720923593
      vertex 133 5.5 95
      vertex 133 5.5 102.0050134056976
    endloop
  endfacet
  facet normal -1 0 0
    outer loop
      vertex 133 -5.5 118
      vertex 133 3 102.99747573110407
      vertex 133 3 102.0050134056976
    endloop
  endfacet
  facet normal -1 0 0
    outer loop
      vertex 133 -5.5 118
      vertex 133 5.5 118
      vertex 133 3 102.99747573110407
    endloop
  endfacet
  facet normal -1 0 0
    outer loop
      vertex 133 3 102.99747573110407
      vertex 133 5.5 118
      vertex 133 5.5 102.99747573110407
    endloop
  endfacet
  facet normal 0 1 0
    outer loop
      vertex 120 -6 124
      vertex 119 -6 124
      vertex 119 -6 128
    endloop
  endfacet
  facet normal 1 0 0
    outer loop
      vertex 119 -6 128
      vertex 119 -6 124
      vertex 119 6 128
    endloop
  endfacet
  facet normal 0 0 1
    outer loop
      vertex 133 -5.5 118
      vertex 121 -5.5 118
      vertex 121 -6 118
    endloop
  endfacet
  facet normal 0 1 0
    outer loop
      vertex 121 -6 122.36363636363636
      vertex 134 -6 128
      vertex 121 -6 118
    endloop
  endfacet
  facet normal 0 1 0
    outer loop
      vertex 120 -6 123
      vertex 134 -6 128
      vertex 121 -6 122.36363636363636
    endloop
  endfacet
  facet normal 0 1 0
    outer loop
      vertex 120 -6 124
      vertex 134 -6 128
      vertex 120 -6 123
    endloop
  endfacet
  facet normal 0 1 0
    outer loop
      vertex 120 -6 124
      vertex 119 -6 128
      vertex 134 -6 128
    endloop
  endfacet
  facet normal 0 0 1
    outer loop
      vertex 133 -5.5 118
      vertex 121 -6 118
      vertex 134 -6 118
    endloop
  endfacet
  facet normal 0 0 1
    outer loop
      vertex 133 -5.5 118
      vertex 134 -6 118
      vertex 134 6 118
    endloop
  endfacet
  facet normal 0 1 0
    outer loop
      vertex 134 -6 118
      vertex 121 -6 118
      vertex 134 -6 128
    endloop
  endfacet
  facet normal -1 0 0
    outer loop
      vertex 134 -6 118
      vertex 134 -6 128
      vertex 134 6 118
    endloop
  endfacet
  facet normal 0 0 1
    outer loop
      vertex 127 6 118
      vertex 121 6 118
      vertex 121 5.5 118
    endloop
  endfacet
  facet normal 0 -1 0
    outer loop
      vertex 127 6 118
      vertex 121 6 122.36363636363636
      vertex 121 6 118
    endloop
  endfacet
  facet normal 1 0 0
    outer loop
      vertex 119 6 128
      vertex 119 -6 124
      vertex 119 6 124
    endloop
  endfacet
  facet normal 0 -1 0
    outer loop
      vertex 120 6 124
      vertex 120 6 123
      vertex 121 6 122.36363636363636
    endloop
  endfacet
  facet normal 0 -1 0
    outer loop
      vertex 120 6 124
      vertex 119 6 128
      vertex 119 6 124
    endloop
  endfacet
  facet normal 0 -1 0
    outer loop
      vertex 127 6 118
      vertex 120 6 124
      vertex 121 6 122.36363636363636
    endloop
  endfacet
  facet normal 0 -1 0
    outer loop
      vertex 127 6 118
      vertex 119 6 128
      vertex 120 6 124
    endloop
  endfacet
  facet normal 0 0 1
    outer loop
      vertex 127 6 118
      vertex 121 5.5 118
      vertex 133 5.5 118
    endloop
  endfacet
  facet normal 0 -1 0
    outer loop
      vertex 127 6 118
      vertex 127 6 123.95
      vertex 119 6 128
    endloop
  endfacet
  facet normal 0 -1 0
    outer loop
      vertex 127 6 123.95
      vertex 134 6 128
      vertex 119 6 128
    endloop
  endfacet
  facet normal 0 0 1
    outer loop
      vertex 127 6 118
      vertex 133 5.5 118
      vertex 134 6 118
    endloop
  endfacet
  facet normal 0 0 1
    outer loop
      vertex 133 -5.5 118
      vertex 134 6 118
      vertex 133 5.5 118
    endloop
  endfacet
  facet normal 0 -1 0
    outer loop
      vertex 127 6 123.95
      vertex 134 6 123.95
      vertex 134 6 128
    endloop
  endfacet
  facet normal -1 0 0
    outer loop
      vertex 134 6 118
      vertex 134 -6 128
      vertex 134 6 123.95
    endloop
  endfacet
  facet normal -1 0 0
    outer loop
      vertex 134 6 123.95
      vertex 134 -6 128
      vertex 134 6 128
    endloop
  endfacet
  facet normal 0.4539904997395467 0 0.8910065241883679
    outer loop
      vertex 132.59854055623464 5.5 102.20956720923593
      vertex 137.1426738295953 6 99.89421566056424
      vertex 132.59854055623464 6 102.20956720923593
    endloop
  endfacet
  facet normal 0.45399049973955125 -5.221988092132393e-14 0.8910065241883656
    outer loop
      vertex 132.59854055623464 5.5 102.20956720923593
      vertex 133 5.5 102.0050134056976
      vertex 137.1426738295953 6 99.89421566056424
    endloop
  endfacet
  facet normal 0.8910065241883666 0 -0.4539904997395494
    outer loop
      vertex 132.59854055623464 5.5 102.20956720923593
      vertex 132.59854055623464 6 102.20956720923593
      vertex 133 5.5 102.99747573110407
    endloop
  endfacet
  facet normal 0 1 0
    outer loop
      vertex 133 3 102.0050134056976
      vertex 138 3 101.57681300924499
      vertex 137.1426738295953 3 99.89421566056424
    endloop
  endfacet
  facet normal 0 1 0
    outer loop
      vertex 133 3 102.0050134056976
      vertex 138 3 101.68694747247427
      vertex 138 3 101.57681300924499
    endloop
  endfacet
  facet normal 0 1 0
    outer loop
      vertex 133 3 102.0050134056976
      vertex 133 3 102.99747573110407
      vertex 138 3 112.81052825862983
    endloop
  endfacet
  facet normal 0.45399049973954625 0 0.8910065241883681
    outer loop
      vertex 133 3 102.0050134056976
      vertex 137.1426738295953 3 99.89421566056424
      vertex 133 5.5 102.0050134056976
    endloop
  endfacet
  facet normal 0.4539904997395462 -4.823150482291473e-18 0.8910065241883681
    outer loop
      vertex 133 5.5 102.0050134056976
      vertex 137.1426738295953 3 99.89421566056424
      vertex 137.1426738295953 6 99.89421566056424
    endloop
  endfacet
  facet normal 0.8910065241883678 4.922621191409194e-15 -0.4539904997395469
    outer loop
      vertex 132.59854055623464 6 102.20956720923593
      vertex 138 6 112.81052825862983
      vertex 133 5.5 102.99747573110407
    endloop
  endfacet
  facet normal 0 1 0
    outer loop
      vertex 133 3 102.0050134056976
      vertex 143 3 111.5
      vertex 138 3 101.68694747247427
    endloop
  endfacet
  facet normal -0.891006524188368 0 0.45399049973954664
    outer loop
      vertex 137.1426738295953 3 99.89421566056424
      vertex 138 6 101.57681300924499
      vertex 137.1426738295953 6 99.89421566056424
    endloop
  endfacet
  facet normal -0.891006524188368 1.462299325944887e-17 0.45399049973954664
    outer loop
      vertex 137.1426738295953 3 99.89421566056424
      vertex 138 3 101.57681300924499
      vertex 138 6 101.57681300924499
    endloop
  endfacet
  facet normal 0 1 0
    outer loop
      vertex 133 3 102.0050134056976
      vertex 138 3 112.81052825862983
      vertex 138 3 112.7003937954006
    endloop
  endfacet
  facet normal 0.8910065241883679 0 -0.4539904997395467
    outer loop
      vertex 133 3 102.99747573110407
      vertex 133 5.5 102.99747573110407
      vertex 138 6 112.81052825862983
    endloop
  endfacet
  facet normal 0.891006524188368 0 -0.45399049973954675
    outer loop
      vertex 133 3 102.99747573110407
      vertex 138 6 112.81052825862983
      vertex 138 3 112.81052825862983
    endloop
  endfacet
  facet normal 0 1 0
    outer loop
      vertex 133 3 102.0050134056976
      vertex 138 3 112.7003937954006
      vertex 143 3 111.5
    endloop
  endfacet
  facet normal 0.4539904997395291 0 0.8910065241883769
    outer loop
      vertex 132.59854055623464 15 102.20956720923593
      vertex 132.64309088244406 16 102.18686768424895
      vertex 132.59854055623464 16 102.20956720923593
    endloop
  endfacet
  facet normal 0.4539904997395471 -1.0077548444456666e-15 0.8910065241883678
    outer loop
      vertex 132.59854055623464 15 102.20956720923593
      vertex 137.0981235033859 16 99.91691518555122
      vertex 132.64309088244406 16 102.18686768424895
    endloop
  endfacet
  facet normal 0.453990499739547 0 0.8910065241883677
    outer loop
      vertex 132.64309088244406 16 102.18686768424895
      vertex 137.0981235033859 16 99.91691518555122
      vertex 132.64309088244406 19 102.18686768424895
    endloop
  endfacet
  facet normal 0.4539904997395467 1.0507846415058901e-15 0.8910065241883679
    outer loop
      vertex 132.59854055623464 15 102.20956720923593
      vertex 137.1426738295953 15 99.89421566056424
      vertex 137.0981235033859 16 99.91691518555122
    endloop
  endfacet
  facet normal 0.453990499739547 -8.988743749622053e-18 0.8910065241883677
    outer loop
      vertex 132.64309088244406 19 102.18686768424895
      vertex 137.0981235033859 16 99.91691518555122
      vertex 137.0981235033859 19 99.91691518555122
    endloop
  endfacet
  facet normal 0.8910065241883678 0 -0.4539904997395469
    outer loop
      vertex 132.59854055623464 15 102.20956720923593
      vertex 132.59854055623464 16 102.20956720923593
      vertex 138 15 112.81052825862983
    endloop
  endfacet
  facet normal 0 -1 0
    outer loop
      vertex 132.64309088244406 19 102.18686768424895
      vertex 137.0981235033859 19 99.91691518555122
      vertex 138.54496737905816 19 113.76995249869773
    endloop
  endfacet
  facet normal 0.4539904997395291 0 0.8910065241883769
    outer loop
      vertex 137.1426738295953 15 99.89421566056424
      vertex 137.1426738295953 16 99.89421566056424
      vertex 137.0981235033859 16 99.91691518555122
    endloop
  endfacet
  facet normal -0.8910065241883679 0 0.4539904997395466
    outer loop
      vertex 137.1426738295953 15 99.89421566056424
      vertex 138 16 101.57681300924499
      vertex 137.1426738295953 16 99.89421566056424
    endloop
  endfacet
  facet normal -0.8910065241883679 4.3868979778346606e-17 0.4539904997395466
    outer loop
      vertex 137.1426738295953 15 99.89421566056424
      vertex 138 15 101.57681300924499
      vertex 138 16 101.57681300924499
    endloop
  endfacet
  facet normal 0.8910065241883678 0 -0.4539904997395469
    outer loop
      vertex 138 15 112.81052825862983
      vertex 132.59854055623464 16 102.20956720923593
      vertex 138 16 112.81052825862983
    endloop
  endfacet
  facet normal 0 1 0
    outer loop
      vertex 138 3 112.7003937954006
      vertex 138.54496737905816 3 113.76995249869773
      vertex 143 3 111.5
    endloop
  endfacet
  facet normal -0.4539904997395471 -1.685389453054135e-18 -0.8910065241883678
    outer loop
      vertex 138.54496737905816 3 113.76995249869773
      vertex 143 19 111.5
      vertex 143 3 111.5
    endloop
  endfacet
  facet normal -0.4539904997395471 0 -0.8910065241883678
    outer loop
      vertex 138.54496737905816 3 113.76995249869773
      vertex 138.54496737905816 19 113.76995249869773
      vertex 143 19 111.5
    endloop
  endfacet
  facet normal 0 -1 0
    outer loop
      vertex 137.0981235033859 19 99.91691518555122
      vertex 143 19 111.5
      vertex 138.54496737905816 19 113.76995249869773
    endloop
  endfacet
  facet normal 1 0 0
    outer loop
      vertex 127 9.500733850607796 88.1986255473958
      vertex 127 6 84
      vertex 127 9.586501659085673 88.05553060386667
    endloop
  endfacet
  facet normal 1 0 0
    outer loop
      vertex 127 9.685882229283347 87.92153141692181
      vertex 127 9.586501659085673 88.05553060386667
      vertex 127 6 84
    endloop
  endfacet
  facet normal 1 0 0
    outer loop
      vertex 127 9.500733850607796 88.1986255473958
      vertex 127 9.429404794730813 88.34943816497935
      vertex 127 6 84
    endloop
  endfacet
  facet normal 1 0 0
    outer loop
      vertex 127 9.429404794730813 88.34943816497935
      vertex 127 9.373201429255245 88.50651604866741
      vertex 127 6 84
    endloop
  endfacet
  facet normal 1 0 0
    outer loop
      vertex 127 9.373201429255245 88.50651604866741
      vertex 127 9.332665023314508 88.66834645257258
      vertex 127 6 84
    endloop
  endfacet
  facet normal 1 0 0
    outer loop
      vertex 127 9.332665023314508 88.66834645257258
      vertex 127 9.308185964657266 88.83337086143975
      vertex 127 6 84
    endloop
  endfacet
  facet normal 1 0 0
    outer loop
      vertex 127 9.308185964657266 88.83337086143975
      vertex 127 9.3 89
      vertex 127 6 84
    endloop
  endfacet
  facet normal 1 0 0
    outer loop
      vertex 127 9.921531416921802 87.68588222928335
      vertex 127 9.79791847198287 87.79791847198287
      vertex 127 6 84
    endloop
  endfacet
  facet normal 1 0 0
    outer loop
      vertex 127 9.921531416921802 87.68588222928335
      vertex 127 6 84
      vertex 127 10.055530603866677 87.58650165908567
    endloop
  endfacet
  facet normal 1 0 0
    outer loop
      vertex 127 9.685882229283347 87.92153141692181
      vertex 127 6 84
      vertex 127 9.79791847198287 87.79791847198287
    endloop
  endfacet
  facet normal 1 0 0
    outer loop
      vertex 127 10.055530603866677 87.58650165908567
      vertex 127 6 84
      vertex 127 10.198625547395803 87.5007338506078
    endloop
  endfacet
  facet normal 1 0 0
    outer loop
      vertex 127 10.349438164979347 87.42940479473081
      vertex 127 10.198625547395803 87.5007338506078
      vertex 127 6 84
    endloop
  endfacet
  facet normal 1 0 0
    outer loop
      vertex 127 10.349438164979347 87.42940479473081
      vertex 127 6 84
      vertex 127 14 84
    endloop
  endfacet
  facet normal 1 0 0
    outer loop
      vertex 127 9.3 89
      vertex 127 9.429404794730813 99.34943816497935
      vertex 127 6 84
    endloop
  endfacet
  facet normal 1 0 0
    outer loop
      vertex 127 10.349438164979347 87.42940479473081
      vertex 127 14 84
      vertex 127 10.506516048667415 87.37320142925525
    endloop
  endfacet
  facet normal 1 0 0
    outer loop
      vertex 127 10.506516048667415 87.37320142925525
      vertex 127 14 84
      vertex 127 10.668346452572582 87.3326650233145
    endloop
  endfacet
  facet normal 1 0 0
    outer loop
      vertex 127 10.668346452572582 87.3326650233145
      vertex 127 14 84
      vertex 127 10.833370861439747 87.30818596465727
    endloop
  endfacet
  facet normal 1 0 0
    outer loop
      vertex 127 10.833370861439747 87.30818596465727
      vertex 127 14 84
      vertex 127 11 87.3
    endloop
  endfacet
  facet normal 1 0 0
    outer loop
      vertex 127 11 87.3
      vertex 127 14 84
      vertex 127 11.166629138560253 87.30818596465727
    endloop
  endfacet
  facet normal 1 0 0
    outer loop
      vertex 127 11.166629138560253 87.30818596465727
      vertex 127 14 84
      vertex 127 11.331653547427418 87.3326650233145
    endloop
  endfacet
  facet normal 1 0 0
    outer loop
      vertex 127 11.331653547427418 87.3326650233145
      vertex 127 14 84
      vertex 127 11.493483951332585 87.37320142925525
    endloop
  endfacet
  facet normal 1 0 0
    outer loop
      vertex 127 11.493483951332585 87.37320142925525
      vertex 127 14 84
      vertex 127 11.650561835020653 87.42940479473081
    endloop
  endfacet
  facet normal 1 0 0
    outer loop
      vertex 127 11.650561835020653 87.42940479473081
      vertex 127 14 84
      vertex 127 11.801374452604197 87.5007338506078
    endloop
  endfacet
  facet normal 1 0 0
    outer loop
      vertex 127 11.801374452604197 87.5007338506078
      vertex 127 14 84
      vertex 127 11.944469396133323 87.58650165908567
    endloop
  endfacet
  facet normal 1 0 0
    outer loop
      vertex 127 11.944469396133323 87.58650165908567
      vertex 127 14 84
      vertex 127 12.078468583078198 87.68588222928335
    endloop
  endfacet
  facet normal 1 0 0
    outer loop
      vertex 127 12.078468583078198 87.68588222928335
      vertex 127 14 84
      vertex 127 12.20208152801713 87.79791847198287
    endloop
  endfacet
  facet normal 1 0 0
    outer loop
      vertex 127 12.20208152801713 87.79791847198287
      vertex 127 14 84
      vertex 127 12.314117770716653 87.92153141692181
    endloop
  endfacet
  facet normal 1 0 0
    outer loop
      vertex 127 12.314117770716653 87.92153141692181
      vertex 127 14 84
      vertex 127 12.413498340914327 88.05553060386667
    endloop
  endfacet
  facet normal 1 0 0
    outer loop
      vertex 127 12.413498340914327 88.05553060386667
      vertex 127 14 84
      vertex 127 12.499266149392204 88.1986255473958
    endloop
  endfacet
  facet normal 1 0 0
    outer loop
      vertex 127 12.499266149392204 88.1986255473958
      vertex 127 14 84
      vertex 127 12.570595205269187 88.34943816497935
    endloop
  endfacet
  facet normal 1 0 0
    outer loop
      vertex 127 12.570595205269187 88.34943816497935
      vertex 127 14 84
      vertex 127 12.626798570744755 88.50651604866741
    endloop
  endfacet
  facet normal 1 0 0
    outer loop
      vertex 127 12.626798570744755 88.50651604866741
      vertex 127 14 84
      vertex 127 12.667334976685492 88.66834645257258
    endloop
  endfacet
  facet normal 1 0 0
    outer loop
      vertex 127 12.667334976685492 88.66834645257258
      vertex 127 14 84
      vertex 127 12.691814035342734 88.83337086143975
    endloop
  endfacet
  facet normal 1 0 0
    outer loop
      vertex 127 12.691814035342734 88.83337086143975
      vertex 127 14 84
      vertex 127 14 100
    endloop
  endfacet
  facet normal 1 0 0
    outer loop
      vertex 127 9.3 89
      vertex 127 9.308185964657266 89.16662913856025
      vertex 127 9.429404794730813 99.34943816497935
    endloop
  endfacet
  facet normal 1 0 0
    outer loop
      vertex 127 9.308185964657266 89.16662913856025
      vertex 127 9.332665023314508 89.33165354742742
      vertex 127 9.429404794730813 99.34943816497935
    endloop
  endfacet
  facet normal 1 0 0
    outer loop
      vertex 127 9.429404794730813 99.34943816497935
      vertex 127 9.373201429255245 99.50651604866741
      vertex 127 6 84
    endloop
  endfacet
  facet normal 1 0 0
    outer loop
      vertex 127 9.373201429255245 99.50651604866741
      vertex 127 9.332665023314508 99.66834645257258
      vertex 127 6 84
    endloop
  endfacet
  facet normal 1 0 0
    outer loop
      vertex 127 9.332665023314508 89.33165354742742
      vertex 127 9.373201429255245 89.49348395133259
      vertex 127 9.429404794730813 99.34943816497935
    endloop
  endfacet
  facet normal 1 0 0
    outer loop
      vertex 127 9.373201429255245 89.49348395133259
      vertex 127 9.429404794730813 89.65056183502065
      vertex 127 9.429404794730813 99.34943816497935
    endloop
  endfacet
  facet normal 1 0 0
    outer loop
      vertex 127 9.429404794730813 89.65056183502065
      vertex 127 9.500733850607796 89.8013744526042
      vertex 127 9.429404794730813 99.34943816497935
    endloop
  endfacet
  facet normal 1 0 0
    outer loop
      vertex 127 9.500733850607796 89.8013744526042
      vertex 127 9.586501659085673 89.94446939613333
      vertex 127 9.500733850607796 99.1986255473958
    endloop
  endfacet
  facet normal 1 0 0
    outer loop
      vertex 127 9.586501659085673 89.94446939613333
      vertex 127 9.685882229283347 90.07846858307819
      vertex 127 9.586501659085673 99.05553060386667
    endloop
  endfacet
  facet normal 1 0 0
    outer loop
      vertex 127 9.685882229283347 90.07846858307819
      vertex 127 9.79791847198287 90.20208152801713
      vertex 127 9.685882229283347 98.92153141692181
    endloop
  endfacet
  facet normal 1 0 0
    outer loop
      vertex 127 9.79791847198287 90.20208152801713
      vertex 127 9.921531416921802 90.31411777071665
      vertex 127 9.79791847198287 98.79791847198287
    endloop
  endfacet
  facet normal 1 0 0
    outer loop
      vertex 127 9.921531416921802 90.31411777071665
      vertex 127 10.055530603866677 90.41349834091433
      vertex 127 9.921531416921802 98.68588222928335
    endloop
  endfacet
  facet normal 1 0 0
    outer loop
      vertex 127 10.055530603866677 90.41349834091433
      vertex 127 10.198625547395803 90.4992661493922
      vertex 127 10.055530603866677 98.58650165908567
    endloop
  endfacet
  facet normal 1 0 0
    outer loop
      vertex 127 10.198625547395803 90.4992661493922
      vertex 127 10.349438164979347 90.57059520526919
      vertex 127 10.198625547395803 98.5007338506078
    endloop
  endfacet
  facet normal 1 0 0
    outer loop
      vertex 127 10.349438164979347 90.57059520526919
      vertex 127 10.506516048667415 90.62679857074475
      vertex 127 10.349438164979347 98.42940479473081
    endloop
  endfacet
  facet normal 1 0 0
    outer loop
      vertex 127 10.506516048667415 90.62679857074475
      vertex 127 10.668346452572582 90.6673349766855
      vertex 127 10.506516048667415 98.37320142925525
    endloop
  endfacet
  facet normal 1 0 0
    outer loop
      vertex 127 10.668346452572582 90.6673349766855
      vertex 127 10.833370861439747 90.69181403534273
      vertex 127 10.668346452572582 98.3326650233145
    endloop
  endfacet
  facet normal 1 0 0
    outer loop
      vertex 127 10.833370861439747 90.69181403534273
      vertex 127 11 90.7
      vertex 127 10.833370861439747 98.30818596465727
    endloop
  endfacet
  facet normal 1 0 0
    outer loop
      vertex 127 11 90.7
      vertex 127 11.166629138560253 90.69181403534273
      vertex 127 11 98.3
    endloop
  endfacet
  facet normal 1 0 0
    outer loop
      vertex 127 11.166629138560253 90.69181403534273
      vertex 127 11.331653547427418 90.6673349766855
      vertex 127 11.166629138560253 98.30818596465727
    endloop
  endfacet
  facet normal 1 0 0
    outer loop
      vertex 127 9.79791847198287 90.20208152801713
      vertex 127 9.79791847198287 98.79791847198287
      vertex 127 9.685882229283347 98.92153141692181
    endloop
  endfacet
  facet normal 1 0 0
    outer loop
      vertex 127 9.921531416921802 90.31411777071665
      vertex 127 9.921531416921802 98.68588222928335
      vertex 127 9.79791847198287 98.79791847198287
    endloop
  endfacet
  facet normal 1 0 0
    outer loop
      vertex 127 10.055530603866677 90.41349834091433
      vertex 127 10.055530603866677 98.58650165908567
      vertex 127 9.921531416921802 98.68588222928335
    endloop
  endfacet
  facet normal 1 0 0
    outer loop
      vertex 127 10.198625547395803 90.4992661493922
      vertex 127 10.198625547395803 98.5007338506078
      vertex 127 10.055530603866677 98.58650165908567
    endloop
  endfacet
  facet normal 1 0 0
    outer loop
      vertex 127 10.349438164979347 90.57059520526919
      vertex 127 10.349438164979347 98.42940479473081
      vertex 127 10.198625547395803 98.5007338506078
    endloop
  endfacet
  facet normal 1 0 0
    outer loop
      vertex 127 9.500733850607796 89.8013744526042
      vertex 127 9.500733850607796 99.1986255473958
      vertex 127 9.429404794730813 99.34943816497935
    endloop
  endfacet
  facet normal 1 0 0
    outer loop
      vertex 127 9.586501659085673 89.94446939613333
      vertex 127 9.586501659085673 99.05553060386667
      vertex 127 9.500733850607796 99.1986255473958
    endloop
  endfacet
  facet normal 1 0 0
    outer loop
      vertex 127 9.685882229283347 90.07846858307819
      vertex 127 9.685882229283347 98.92153141692181
      vertex 127 9.586501659085673 99.05553060386667
    endloop
  endfacet
  facet normal 1 0 0
    outer loop
      vertex 127 10.506516048667415 90.62679857074475
      vertex 127 10.506516048667415 98.37320142925525
      vertex 127 10.349438164979347 98.42940479473081
    endloop
  endfacet
  facet normal 1 0 0
    outer loop
      vertex 127 10.668346452572582 90.6673349766855
      vertex 127 10.668346452572582 98.3326650233145
      vertex 127 10.506516048667415 98.37320142925525
    endloop
  endfacet
  facet normal 1 0 0
    outer loop
      vertex 127 10.833370861439747 90.69181403534273
      vertex 127 10.833370861439747 98.30818596465727
      vertex 127 10.668346452572582 98.3326650233145
    endloop
  endfacet
  facet normal 1 0 0
    outer loop
      vertex 127 11 90.7
      vertex 127 11 98.3
      vertex 127 10.833370861439747 98.30818596465727
    endloop
  endfacet
  facet normal 1 0 0
    outer loop
      vertex 127 11.166629138560253 90.69181403534273
      vertex 127 11.166629138560253 98.30818596465727
      vertex 127 11 98.3
    endloop
  endfacet
  facet normal 1 0 0
    outer loop
      vertex 127 11.331653547427418 90.6673349766855
      vertex 127 11.493483951332585 90.62679857074475
      vertex 127 11.331653547427418 98.3326650233145
    endloop
  endfacet
  facet normal 1 0 0
    outer loop
      vertex 127 11.650561835020653 90.57059520526919
      vertex 127 11.493483951332585 98.37320142925525
      vertex 127 11.493483951332585 90.62679857074475
    endloop
  endfacet
  facet normal 1 0 0
    outer loop
      vertex 127 11.650561835020653 90.57059520526919
      vertex 127 11.801374452604197 90.4992661493922
      vertex 127 11.650561835020653 98.42940479473081
    endloop
  endfacet
  facet normal 1 0 0
    outer loop
      vertex 127 11.801374452604197 90.4992661493922
      vertex 127 11.944469396133323 90.41349834091433
      vertex 127 11.801374452604197 98.5007338506078
    endloop
  endfacet
  facet normal 1 0 0
    outer loop
      vertex 127 12.078468583078198 90.31411777071665
      vertex 127 11.944469396133323 98.58650165908567
      vertex 127 11.944469396133323 90.41349834091433
    endloop
  endfacet
  facet normal 1 0 0
    outer loop
      vertex 127 12.078468583078198 90.31411777071665
      vertex 127 12.20208152801713 90.20208152801713
      vertex 127 12.078468583078198 98.68588222928335
    endloop
  endfacet
  facet normal 1 0 0
    outer loop
      vertex 127 12.413498340914327 89.94446939613333
      vertex 127 12.314117770716653 98.92153141692181
      vertex 127 12.314117770716653 90.07846858307819
    endloop
  endfacet
  facet normal 1 0 0
    outer loop
      vertex 127 12.20208152801713 90.20208152801713
      vertex 127 12.314117770716653 90.07846858307819
      vertex 127 12.20208152801713 98.79791847198287
    endloop
  endfacet
  facet normal 1 0 0
    outer loop
      vertex 127 12.413498340914327 89.94446939613333
      vertex 127 12.499266149392204 89.8013744526042
      vertex 127 12.413498340914327 99.05553060386667
    endloop
  endfacet
  facet normal 1 0 0
    outer loop
      vertex 127 11.331653547427418 90.6673349766855
      vertex 127 11.331653547427418 98.3326650233145
      vertex 127 11.166629138560253 98.30818596465727
    endloop
  endfacet
  facet normal 1 0 0
    outer loop
      vertex 127 11.493483951332585 90.62679857074475
      vertex 127 11.493483951332585 98.37320142925525
      vertex 127 11.331653547427418 98.3326650233145
    endloop
  endfacet
  facet normal 1 0 0
    outer loop
      vertex 127 11.650561835020653 90.57059520526919
      vertex 127 11.650561835020653 98.42940479473081
      vertex 127 11.493483951332585 98.37320142925525
    endloop
  endfacet
  facet normal 1 0 0
    outer loop
      vertex 127 11.801374452604197 90.4992661493922
      vertex 127 11.801374452604197 98.5007338506078
      vertex 127 11.650561835020653 98.42940479473081
    endloop
  endfacet
  facet normal 1 0 0
    outer loop
      vertex 127 11.944469396133323 90.41349834091433
      vertex 127 11.944469396133323 98.58650165908567
      vertex 127 11.801374452604197 98.5007338506078
    endloop
  endfacet
  facet normal 1 0 0
    outer loop
      vertex 127 12.078468583078198 90.31411777071665
      vertex 127 12.078468583078198 98.68588222928335
      vertex 127 11.944469396133323 98.58650165908567
    endloop
  endfacet
  facet normal 1 0 0
    outer loop
      vertex 127 12.20208152801713 90.20208152801713
      vertex 127 12.20208152801713 98.79791847198287
      vertex 127 12.078468583078198 98.68588222928335
    endloop
  endfacet
  facet normal 1 0 0
    outer loop
      vertex 127 12.20208152801713 98.79791847198287
      vertex 127 12.314117770716653 90.07846858307819
      vertex 127 12.314117770716653 98.92153141692181
    endloop
  endfacet
  facet normal 1 0 0
    outer loop
      vertex 127 12.413498340914327 89.94446939613333
      vertex 127 12.413498340914327 99.05553060386667
      vertex 127 12.314117770716653 98.92153141692181
    endloop
  endfacet
  facet normal 1 0 0
    outer loop
      vertex 127 12.499266149392204 89.8013744526042
      vertex 127 12.499266149392204 99.1986255473958
      vertex 127 12.413498340914327 99.05553060386667
    endloop
  endfacet
  facet normal 1 0 0
    outer loop
      vertex 127 12.499266149392204 89.8013744526042
      vertex 127 12.570595205269187 99.34943816497935
      vertex 127 12.499266149392204 99.1986255473958
    endloop
  endfacet
  facet normal 1 0 0
    outer loop
      vertex 127 12.499266149392204 89.8013744526042
      vertex 127 12.626798570744755 99.50651604866741
      vertex 127 12.570595205269187 99.34943816497935
    endloop
  endfacet
  facet normal 1 0 0
    outer loop
      vertex 127 12.499266149392204 89.8013744526042
      vertex 127 12.667334976685492 99.66834645257258
      vertex 127 12.626798570744755 99.50651604866741
    endloop
  endfacet
  facet normal 1 0 0
    outer loop
      vertex 127 12.499266149392204 89.8013744526042
      vertex 127 12.691814035342734 99.83337086143975
      vertex 127 12.667334976685492 99.66834645257258
    endloop
  endfacet
  facet normal 1 0 0
    outer loop
      vertex 127 12.499266149392204 89.8013744526042
      vertex 127 12.7 100
      vertex 127 12.691814035342734 99.83337086143975
    endloop
  endfacet
  facet normal 1 0 0
    outer loop
      vertex 127 9.332665023314508 99.66834645257258
      vertex 127 6 118
      vertex 127 6 84
    endloop
  endfacet
  facet normal 1 0 0
    outer loop
      vertex 127 9.308185964657266 99.83337086143975
      vertex 127 9.3 100
      vertex 127 6 118
    endloop
  endfacet
  facet normal 1 0 0
    outer loop
      vertex 127 9.3 100
      vertex 127 9.308185964657266 100.16662913856025
      vertex 127 6 118
    endloop
  endfacet
  facet normal 1 0 0
    outer loop
      vertex 127 9.332665023314508 99.66834645257258
      vertex 127 9.308185964657266 99.83337086143975
      vertex 127 6 118
    endloop
  endfacet
  facet normal 1 0 0
    outer loop
      vertex 127 12.691814035342734 88.83337086143975
      vertex 127 15 123.95
      vertex 127 12.7 89
    endloop
  endfacet
  facet normal 1 0 0
    outer loop
      vertex 127 12.7 89
      vertex 127 15 123.95
      vertex 127 12.691814035342734 89.16662913856025
    endloop
  endfacet
  facet normal 1 0 0
    outer loop
      vertex 127 12.691814035342734 89.16662913856025
      vertex 127 15 123.95
      vertex 127 12.667334976685492 89.33165354742742
    endloop
  endfacet
  facet normal 1 0 0
    outer loop
      vertex 127 12.667334976685492 89.33165354742742
      vertex 127 15 123.95
      vertex 127 12.626798570744755 89.49348395133259
    endloop
  endfacet
  facet normal 1 0 0
    outer loop
      vertex 127 12.570595205269187 89.65056183502065
      vertex 127 12.626798570744755 89.49348395133259
      vertex 127 15 123.95
    endloop
  endfacet
  facet normal 1 0 0
    outer loop
      vertex 127 12.570595205269187 89.65056183502065
      vertex 127 15 123.95
      vertex 127 12.499266149392204 89.8013744526042
    endloop
  endfacet
  facet normal 1 0 0
    outer loop
      vertex 127 12.691814035342734 88.83337086143975
      vertex 127 14 100
      vertex 127 15 118.54545454545455
    endloop
  endfacet
  facet normal 1 0 0
    outer loop
      vertex 127 15 106
      vertex 127 15 106.02077555392331
      vertex 127 14 100
    endloop
  endfacet
  facet normal 1 0 0
    outer loop
      vertex 127 12.499266149392204 89.8013744526042
      vertex 127 15 123.95
      vertex 127 12.7 100
    endloop
  endfacet
  facet normal 1 0 0
    outer loop
      vertex 127 9.308185964657266 100.16662913856025
      vertex 127 9.332665023314508 100.33165354742742
      vertex 127 6 118
    endloop
  endfacet
  facet normal 1 0 0
    outer loop
      vertex 127 9.332665023314508 100.33165354742742
      vertex 127 9.373201429255245 100.49348395133259
      vertex 127 6 118
    endloop
  endfacet
  facet normal 1 0 0
    outer loop
      vertex 127 9.373201429255245 100.49348395133259
      vertex 127 9.429404794730813 100.65056183502065
      vertex 127 6 118
    endloop
  endfacet
  facet normal 1 0 0
    outer loop
      vertex 127 9.429404794730813 100.65056183502065
      vertex 127 9.500733850607796 100.8013744526042
      vertex 127 6 118
    endloop
  endfacet
  facet normal 1 0 0
    outer loop
      vertex 127 9.500733850607796 100.8013744526042
      vertex 127 9.586501659085673 100.94446939613333
      vertex 127 6 118
    endloop
  endfacet
  facet normal 1 0 0
    outer loop
      vertex 127 9.586501659085673 100.94446939613333
      vertex 127 9.685882229283347 101.07846858307819
      vertex 127 6 118
    endloop
  endfacet
  facet normal 1 0 0
    outer loop
      vertex 127 9.685882229283347 101.07846858307819
      vertex 127 9.79791847198287 101.20208152801713
      vertex 127 6 118
    endloop
  endfacet
  facet normal 1 0 0
    outer loop
      vertex 127 9.79791847198287 101.20208152801713
      vertex 127 9.921531416921802 101.31411777071665
      vertex 127 6 118
    endloop
  endfacet
  facet normal 1 0 0
    outer loop
      vertex 127 9.921531416921802 101.31411777071665
      vertex 127 10.055530603866677 101.41349834091433
      vertex 127 15 123.95
    endloop
  endfacet
  facet normal 1 0 0
    outer loop
      vertex 127 10.055530603866677 101.41349834091433
      vertex 127 10.198625547395803 101.4992661493922
      vertex 127 15 123.95
    endloop
  endfacet
  facet normal 1 0 0
    outer loop
      vertex 127 10.198625547395803 101.4992661493922
      vertex 127 10.349438164979347 101.57059520526919
      vertex 127 15 123.95
    endloop
  endfacet
  facet normal 1 0 0
    outer loop
      vertex 127 10.349438164979347 101.57059520526919
      vertex 127 10.506516048667415 101.62679857074475
      vertex 127 15 123.95
    endloop
  endfacet
  facet normal 1 0 0
    outer loop
      vertex 127 10.506516048667415 101.62679857074475
      vertex 127 10.668346452572582 101.6673349766855
      vertex 127 15 123.95
    endloop
  endfacet
  facet normal 1 0 0
    outer loop
      vertex 127 10.668346452572582 101.6673349766855
      vertex 127 10.833370861439747 101.69181403534273
      vertex 127 15 123.95
    endloop
  endfacet
  facet normal 1 0 0
    outer loop
      vertex 127 12.20208152801713 101.20208152801713
      vertex 127 15 123.95
      vertex 127 12.078468583078198 101.31411777071665
    endloop
  endfacet
  facet normal 1 0 0
    outer loop
      vertex 127 10.833370861439747 101.69181403534273
      vertex 127 11 101.7
      vertex 127 15 123.95
    endloop
  endfacet
  facet normal 1 0 0
    outer loop
      vertex 127 11 101.7
      vertex 127 11.166629138560253 101.69181403534273
      vertex 127 15 123.95
    endloop
  endfacet
  facet normal 1 0 0
    outer loop
      vertex 127 11.166629138560253 101.69181403534273
      vertex 127 11.331653547427418 101.6673349766855
      vertex 127 15 123.95
    endloop
  endfacet
  facet normal 1 0 0
    outer loop
      vertex 127 11.331653547427418 101.6673349766855
      vertex 127 11.493483951332585 101.62679857074475
      vertex 127 15 123.95
    endloop
  endfacet
  facet normal 1 0 0
    outer loop
      vertex 127 11.493483951332585 101.62679857074475
      vertex 127 11.650561835020653 101.57059520526919
      vertex 127 15 123.95
    endloop
  endfacet
  facet normal 1 0 0
    outer loop
      vertex 127 11.650561835020653 101.57059520526919
      vertex 127 11.801374452604197 101.4992661493922
      vertex 127 15 123.95
    endloop
  endfacet
  facet normal 1 0 0
    outer loop
      vertex 127 11.801374452604197 101.4992661493922
      vertex 127 11.944469396133323 101.41349834091433
      vertex 127 15 123.95
    endloop
  endfacet
  facet normal 1 0 0
    outer loop
      vertex 127 12.078468583078198 101.31411777071665
      vertex 127 15 123.95
      vertex 127 11.944469396133323 101.41349834091433
    endloop
  endfacet
  facet normal 1 0 0
    outer loop
      vertex 127 12.7 100
      vertex 127 15 123.95
      vertex 127 12.691814035342734 100.16662913856025
    endloop
  endfacet
  facet normal 1 0 0
    outer loop
      vertex 127 12.691814035342734 100.16662913856025
      vertex 127 15 123.95
      vertex 127 12.667334976685492 100.33165354742742
    endloop
  endfacet
  facet normal 1 0 0
    outer loop
      vertex 127 12.667334976685492 100.33165354742742
      vertex 127 15 123.95
      vertex 127 12.626798570744755 100.49348395133259
    endloop
  endfacet
  facet normal 1 0 0
    outer loop
      vertex 127 12.570595205269187 100.65056183502065
      vertex 127 12.626798570744755 100.49348395133259
      vertex 127 15 123.95
    endloop
  endfacet
  facet normal 1 0 0
    outer loop
      vertex 127 12.570595205269187 100.65056183502065
      vertex 127 15 123.95
      vertex 127 12.499266149392204 100.8013744526042
    endloop
  endfacet
  facet normal 1 0 0
    outer loop
      vertex 127 12.413498340914327 100.94446939613333
      vertex 127 12.499266149392204 100.8013744526042
      vertex 127 15 123.95
    endloop
  endfacet
  facet normal 1 0 0
    outer loop
      vertex 127 12.413498340914327 100.94446939613333
      vertex 127 15 123.95
      vertex 127 12.314117770716653 101.07846858307819
    endloop
  endfacet
  facet normal 1 0 0
    outer loop
      vertex 127 12.20208152801713 101.20208152801713
      vertex 127 12.314117770716653 101.07846858307819
      vertex 127 15 123.95
    endloop
  endfacet
  facet normal 1 0 0
    outer loop
      vertex 127 14 100
      vertex 127 15 106.02077555392331
      vertex 127 15 118.54545454545455
    endloop
  endfacet
  facet normal 1 0 0
    outer loop
      vertex 127 12.691814035342734 88.83337086143975
      vertex 127 15 118.54545454545455
      vertex 127 15 123.95
    endloop
  endfacet
  facet normal 1 0 0
    outer loop
      vertex 127 9.921531416921802 101.31411777071665
      vertex 127 15 123.95
      vertex 127 6 118
    endloop
  endfacet
  facet normal 1 0 0
    outer loop
      vertex 127 6 118
      vertex 127 15 123.95
      vertex 127 6 123.95
    endloop
  endfacet
  facet normal 0 -1 0
    outer loop
      vertex 127 15 123.95
      vertex 127 15 118.54545454545455
      vertex 128 15 117.9090909090909
    endloop
  endfacet
  facet normal 0 1 0
    outer loop
      vertex 132.59854055623464 6 102.20956720923593
      vertex 133 6 84
      vertex 127 6 84
    endloop
  endfacet
  facet normal 0 1 0
    outer loop
      vertex 132.59854055623464 6 102.20956720923593
      vertex 133 6 95
      vertex 133 6 84
    endloop
  endfacet
  facet normal 0 1 0
    outer loop
      vertex 132.59854055623464 6 102.20956720923593
      vertex 138 6 95
      vertex 133 6 95
    endloop
  endfacet
  facet normal 0 1 0
    outer loop
      vertex 132.59854055623464 6 102.20956720923593
      vertex 127 6 84
      vertex 138 6 123.95
    endloop
  endfacet
  facet normal 0 1 0
    outer loop
      vertex 127 6 118
      vertex 134 6 118
      vertex 127 6 84
    endloop
  endfacet
  facet normal 0 1 0
    outer loop
      vertex 134 6 118
      vertex 138 6 123.95
      vertex 127 6 84
    endloop
  endfacet
  facet normal 0 1 0
    outer loop
      vertex 132.59854055623464 6 102.20956720923593
      vertex 137.1426738295953 6 99.89421566056424
      vertex 138 6 95
    endloop
  endfacet
  facet normal 0 1 0
    outer loop
      vertex 137.1426738295953 6 99.89421566056424
      vertex 138 6 101.57681300924499
      vertex 138 6 95
    endloop
  endfacet
  facet normal 0 1 0
    outer loop
      vertex 132.59854055623464 6 102.20956720923593
      vertex 138 6 123.95
      vertex 138 6 112.81052825862983
    endloop
  endfacet
  facet normal 0 -1 0
    outer loop
      vertex 137.1426738295953 15 99.89421566056424
      vertex 128 15 95
      vertex 138 15 95
    endloop
  endfacet
  facet normal 0 -1 0
    outer loop
      vertex 132.59854055623464 15 102.20956720923593
      vertex 128 15 117.9090909090909
      vertex 128 15 95
    endloop
  endfacet
  facet normal 0 -1 0
    outer loop
      vertex 132.59854055623464 15 102.20956720923593
      vertex 128 15 95
      vertex 137.1426738295953 15 99.89421566056424
    endloop
  endfacet
  facet normal 0 -1 0
    outer loop
      vertex 132.59854055623464 15 102.20956720923593
      vertex 138 15 112.81052825862983
      vertex 127 15 123.95
    endloop
  endfacet
  facet normal 0 -1 0
    outer loop
      vertex 137.1426738295953 15 99.89421566056424
      vertex 138 15 95
      vertex 138 15 101.57681300924499
    endloop
  endfacet
  facet normal 0 0 -1
    outer loop
      vertex 127 6 123.95
      vertex 127 15 123.95
      vertex 134 6 123.95
    endloop
  endfacet
  facet normal 0 0 -1
    outer loop
      vertex 127 15 123.95
      vertex 138 6 123.95
      vertex 134 6 123.95
    endloop
  endfacet
  facet normal 0 1 0
    outer loop
      vertex 134 6 118
      vertex 134 6 123.95
      vertex 138 6 123.95
    endloop
  endfacet
  facet normal 0 0 -1
    outer loop
      vertex 127 15 123.95
      vertex 138 15 123.95
      vertex 138 6 123.95
    endloop
  endfacet
  facet normal 0 -1 0
    outer loop
      vertex 132.59854055623464 15 102.20956720923593
      vertex 127 15 123.95
      vertex 128 15 117.9090909090909
    endloop
  endfacet
  facet normal 0 -1 0
    outer loop
      vertex 127 15 123.95
      vertex 138 15 112.81052825862983
      vertex 138 15 123.95
    endloop
  endfacet
endsolid OpenSCAD_Model
