solid OpenSCAD_Model
  facet normal -1 0 0
    outer loop
      vertex 51.6 -18 75.9
      vertex 51.6 -16.542735331136303 77.69729309159857
      vertex 51.6 -16.542735331136303 75.9
    endloop
  endfacet
  facet normal -1.473315766973848e-14 -0.776755748719504 0.6298019584212189
    outer loop
      vertex 51.6 -18 75.9
      vertex 51.77962350542724 -16.70553658676958 77.49650487631753
      vertex 51.6 -16.542735331136303 77.69729309159857
    endloop
  endfacet
  facet normal -1 0 0
    outer loop
      vertex 51.6 -9 75.9
      vertex 51.6 -11.457264668863694 75.9
      vertex 51.6 -11.457264668863694 83.96937357506812
    endloop
  endfacet
  facet normal -3.5743702507529556e-15 -0.776755748719503 0.6298019584212202
    outer loop
      vertex 51.6 -9 87
      vertex 51.6 -11.457264668863694 83.96937357506812
      vertex 51.77962350542724 -11.294463413230421 84.17016179034916
    endloop
  endfacet
  facet normal -1 0 0
    outer loop
      vertex 51.6 -9 75.9
      vertex 51.6 -11.457264668863694 83.96937357506812
      vertex 51.6 -9 79.60000000000001
    endloop
  endfacet
  facet normal -1 0 0
    outer loop
      vertex 51.6 -9 79.60000000000001
      vertex 51.6 -9 87
      vertex 51.6 -5.5 81.03888888888889
    endloop
  endfacet
  facet normal -1 0 0
    outer loop
      vertex 51.6 -9 79.60000000000001
      vertex 51.6 -11.457264668863694 83.96937357506812
      vertex 51.6 -9 87
    endloop
  endfacet
  facet normal -1 0 0
    outer loop
      vertex 51.6 -9 87
      vertex 51.6 -5.5 87
      vertex 51.6 -5.5 81.03888888888889
    endloop
  endfacet
  facet normal -1 0 0
    outer loop
      vertex 51.6 9 75.9
      vertex 51.6 9 87
      vertex 51.6 11.457264668863694 83.96937357506812
    endloop
  endfacet
  facet normal -1 0 0
    outer loop
      vertex 51.6 9 87
      vertex 51.6 5.5 85.56111111111112
      vertex 51.6 5.5 87
    endloop
  endfacet
  facet normal -1 0 0
    outer loop
      vertex 51.6 9 75.9
      vertex 51.6 11.457264668863694 83.96937357506812
      vertex 51.6 11.457264668863694 75.9
    endloop
  endfacet
  facet normal -1 0 0
    outer loop
      vertex 51.6 18 75.9
      vertex 51.6 16.542735331136303 75.9
      vertex 51.6 16.542735331136303 77.69729309159857
    endloop
  endfacet
  facet normal 3.488023393679455e-14 0.776755748719504 0.6298019584212189
    outer loop
      vertex 51.6 18 75.9
      vertex 51.6 16.542735331136303 77.69729309159857
      vertex 51.77962350542724 16.70553658676958 77.49650487631752
    endloop
  endfacet
  facet normal -3.1788793437085016e-15 0.776755748719503 0.6298019584212202
    outer loop
      vertex 51.6 9 87
      vertex 51.77962350542724 11.294463413230421 84.17016179034916
      vertex 51.6 11.457264668863694 83.96937357506812
    endloop
  endfacet
  facet normal -3.934282943376197e-15 -0.7767557487194998 0.6298019584212241
    outer loop
      vertex 51.6 -18 75.9
      vertex 52.98400362960938 -17.34929117506273 76.7025408840893
      vertex 52.660607986722184 -17.233578363789505 76.84525335132628
    endloop
  endfacet
  facet normal -6.037812899908908e-15 -0.776755748719498 0.6298019584212261
    outer loop
      vertex 51.6 -18 75.9
      vertex 53.31718387294355 -17.432748481411306 76.5996102062594
      vertex 52.98400362960938 -17.34929117506273 76.7025408840893
    endloop
  endfacet
  facet normal -5.802850559287995e-16 -0.7767557487195047 0.629801958421218
    outer loop
      vertex 51.6 -18 75.9
      vertex 53.65694000884654 -17.48314654335269 76.5374525965317
      vertex 53.31718387294355 -17.432748481411306 76.5996102062594
    endloop
  endfacet
  facet normal 1.583303188594696e-14 -0.7767557487195306 0.629801958421186
    outer loop
      vertex 51.6 -18 75.9
      vertex 54 -17.5 76.51666666666667
      vertex 53.65694000884654 -17.48314654335269 76.5374525965317
    endloop
  endfacet
  facet normal -2.0091342266534734e-15 -0.7767557487195028 0.6298019584212203
    outer loop
      vertex 51.6 -18 75.9
      vertex 52.350111421109006 -17.08672442521924 77.02637320889627
      vertex 52.05550418443139 -16.91014364305891 77.24415617356068
    endloop
  endfacet
  facet normal 6.909112627947699e-15 -0.7767557487195058 0.6298019584212167
    outer loop
      vertex 51.6 -18 75.9
      vertex 52.660607986722184 -17.233578363789505 76.84525335132628
      vertex 52.350111421109006 -17.08672442521924 77.02637320889627
    endloop
  endfacet
  facet normal 1.3972598057025086e-14 -0.7767557487195055 0.6298019584212169
    outer loop
      vertex 51.6 -18 75.9
      vertex 52.05550418443139 -16.91014364305891 77.24415617356068
      vertex 51.77962350542724 -16.70553658676958 77.49650487631753
    endloop
  endfacet
  facet normal 0 -0.7767557487195005 0.6298019584212232
    outer loop
      vertex 51.6 -18 75.9
      vertex 59 -17.5 76.51666666666667
      vertex 54 -17.5 76.51666666666667
    endloop
  endfacet
  facet normal 0 -0.7767557487196582 0.6298019584210287
    outer loop
      vertex 54.34305999115346 -17.48314654335269 76.5374525965317
      vertex 54 -17.5 76.51666666666667
      vertex 58.65694000884654 -17.48314654335269 76.5374525965317
    endloop
  endfacet
  facet normal 0 -0.776755748719503 0.62980195842122
    outer loop
      vertex 54.68281612705645 -17.432748481411306 76.5996102062594
      vertex 54.34305999115346 -17.48314654335269 76.5374525965317
      vertex 58.31718387294355 -17.432748481411306 76.5996102062594
    endloop
  endfacet
  facet normal 0 -0.7767557487194885 0.6298019584212381
    outer loop
      vertex 55.01599637039062 -17.34929117506273 76.7025408840893
      vertex 54.68281612705645 -17.432748481411306 76.5996102062594
      vertex 57.98400362960938 -17.34929117506273 76.7025408840893
    endloop
  endfacet
  facet normal 0 -0.7767557487194956 0.6298019584212293
    outer loop
      vertex 55.339392013277816 -17.233578363789505 76.84525335132628
      vertex 55.01599637039062 -17.34929117506273 76.7025408840893
      vertex 57.660607986722184 -17.233578363789505 76.84525335132628
    endloop
  endfacet
  facet normal 0 -0.7767557487195116 0.6298019584212096
    outer loop
      vertex 55.649888578890994 -17.08672442521924 77.02637320889627
      vertex 55.339392013277816 -17.233578363789505 76.84525335132628
      vertex 57.350111421109006 -17.08672442521924 77.02637320889627
    endloop
  endfacet
  facet normal -7.160330585364727e-14 -0.7767557487190792 0.629801958421743
    outer loop
      vertex 51.6 -18 75.9
      vertex 59.34305999115346 -17.48314654335269 76.5374525965317
      vertex 59 -17.5 76.51666666666667
    endloop
  endfacet
  facet normal 0 -0.7767557487195054 0.6298019584212169
    outer loop
      vertex 51.6 -18 75.9
      vertex 63 -18 75.9
      vertex 59.34305999115346 -17.48314654335269 76.5374525965317
    endloop
  endfacet
  facet normal 0 -0.7767557487195016 0.6298019584212219
    outer loop
      vertex 55.94449581556861 -16.91014364305891 77.24415617356068
      vertex 55.649888578890994 -17.08672442521924 77.02637320889627
      vertex 57.05550418443139 -16.91014364305891 77.24415617356068
    endloop
  endfacet
  facet normal 0 -0.7767557487195131 0.6298019584212077
    outer loop
      vertex 56.22037649457276 -16.70553658676958 77.49650487631753
      vertex 55.94449581556861 -16.91014364305891 77.24415617356068
      vertex 56.77962350542724 -16.70553658676958 77.49650487631753
    endloop
  endfacet
  facet normal 0 -0.7767557487195131 0.6298019584212077
    outer loop
      vertex 57.05550418443139 -16.91014364305891 77.24415617356068
      vertex 56.77962350542724 -16.70553658676958 77.49650487631753
      vertex 55.94449581556861 -16.91014364305891 77.24415617356068
    endloop
  endfacet
  facet normal 0 -0.7767557487194955 0.6298019584212292
    outer loop
      vertex 57.98400362960938 -17.34929117506273 76.7025408840893
      vertex 57.660607986722184 -17.233578363789505 76.84525335132628
      vertex 55.01599637039062 -17.34929117506273 76.7025408840893
    endloop
  endfacet
  facet normal 0 -0.7767557487194885 0.6298019584212381
    outer loop
      vertex 58.31718387294355 -17.432748481411306 76.5996102062594
      vertex 57.98400362960938 -17.34929117506273 76.7025408840893
      vertex 54.68281612705645 -17.432748481411306 76.5996102062594
    endloop
  endfacet
  facet normal 0 -0.7767557487195031 0.6298019584212199
    outer loop
      vertex 58.65694000884654 -17.48314654335269 76.5374525965317
      vertex 58.31718387294355 -17.432748481411306 76.5996102062594
      vertex 54.34305999115346 -17.48314654335269 76.5374525965317
    endloop
  endfacet
  facet normal 0 -0.7767557487195115 0.6298019584212096
    outer loop
      vertex 57.660607986722184 -17.233578363789505 76.84525335132628
      vertex 57.350111421109006 -17.08672442521924 77.02637320889627
      vertex 55.339392013277816 -17.233578363789505 76.84525335132628
    endloop
  endfacet
  facet normal 0 -0.7767557487195016 0.6298019584212219
    outer loop
      vertex 57.350111421109006 -17.08672442521924 77.02637320889627
      vertex 57.05550418443139 -16.91014364305891 77.24415617356068
      vertex 55.649888578890994 -17.08672442521924 77.02637320889627
    endloop
  endfacet
  facet normal 0 -0.7767557487196581 0.6298019584210287
    outer loop
      vertex 59 -17.5 76.51666666666667
      vertex 58.65694000884654 -17.48314654335269 76.5374525965317
      vertex 54 -17.5 76.51666666666667
    endloop
  endfacet
  facet normal 0 -0.776755748719502 0.6298019584212213
    outer loop
      vertex 56.77962350542724 -16.70553658676958 77.49650487631753
      vertex 56.525126265847085 -16.474873734152915 77.78098906121141
      vertex 56.22037649457276 -16.70553658676958 77.49650487631753
    endloop
  endfacet
  facet normal 0 -0.7767557487195019 0.6298019584212212
    outer loop
      vertex 56.474873734152915 -16.474873734152915 77.78098906121141
      vertex 56.22037649457276 -16.70553658676958 77.49650487631753
      vertex 56.525126265847085 -16.474873734152915 77.78098906121141
    endloop
  endfacet
  facet normal 0 -0.7767557487194653 0.6298019584212665
    outer loop
      vertex 56.474873734152915 -16.474873734152915 77.78098906121141
      vertex 56.525126265847085 -16.474873734152915 77.78098906121141
      vertex 56.5 -16.447151171865578 77.8151802213658
    endloop
  endfacet
  facet normal 1.2332617717218617e-14 -0.7767557487195026 0.6298019584212208
    outer loop
      vertex 51.6 -9 87
      vertex 51.77962350542724 -11.294463413230421 84.17016179034916
      vertex 52.05550418443139 -11.089856356941091 84.42251049310599
    endloop
  endfacet
  facet normal -1.997017507399699e-14 -0.7767557487195053 0.6298019584212173
    outer loop
      vertex 51.6 -9 87
      vertex 52.05550418443139 -11.089856356941091 84.42251049310599
      vertex 52.350111421109006 -10.913275574780757 84.64029345777041
    endloop
  endfacet
  facet normal 7.486291598884227e-15 -0.7767557487195009 0.6298019584212226
    outer loop
      vertex 51.6 -9 87
      vertex 52.350111421109006 -10.913275574780757 84.64029345777041
      vertex 52.660607986722184 -10.766421636210497 84.8214133153404
    endloop
  endfacet
  facet normal 8.758224376106761e-15 -0.7767557487195006 0.629801958421223
    outer loop
      vertex 51.6 -9 87
      vertex 52.660607986722184 -10.766421636210497 84.8214133153404
      vertex 52.98400362960938 -10.650708824937269 84.96412578257737
    endloop
  endfacet
  facet normal 7.768284245018819e-15 -0.776755748719501 0.6298019584212227
    outer loop
      vertex 51.6 -9 87
      vertex 52.98400362960938 -10.650708824937269 84.96412578257737
      vertex 53.31718387294355 -10.567251518588694 85.06705646040727
    endloop
  endfacet
  facet normal 4.775481930402931e-16 -0.7767557487195045 0.6298019584212184
    outer loop
      vertex 51.6 -9 87
      vertex 53.31718387294355 -10.567251518588694 85.06705646040727
      vertex 53.65694000884654 -10.516853456647311 85.12921407013498
    endloop
  endfacet
  facet normal 6.613080706157604e-15 -0.776755748719501 0.6298019584212226
    outer loop
      vertex 51.6 -9 87
      vertex 53.65694000884654 -10.516853456647311 85.12921407013498
      vertex 54 -10.5 85.14999999999999
    endloop
  endfacet
  facet normal -7.66848259441012e-15 -0.7767557487195099 0.6298019584212113
    outer loop
      vertex 51.6 -9 87
      vertex 54 -10.5 85.14999999999999
      vertex 54.34305999115346 -10.516853456647311 85.12921407013498
    endloop
  endfacet
  facet normal -6.564579931035271e-16 -0.776755748719505 0.6298019584212177
    outer loop
      vertex 51.6 -9 87
      vertex 54.34305999115346 -10.516853456647311 85.12921407013498
      vertex 54.68281612705645 -10.567251518588694 85.06705646040727
    endloop
  endfacet
  facet normal 1.4315286930605756e-17 -0.7767557487195045 0.6298019584212184
    outer loop
      vertex 51.6 -9 87
      vertex 54.68281612705645 -10.567251518588694 85.06705646040727
      vertex 58.31718387294355 -10.567251518588694 85.06705646040727
    endloop
  endfacet
  facet normal 0 -0.7767557487194907 0.6298019584212351
    outer loop
      vertex 55.01599637039062 -10.650708824937269 84.96412578257737
      vertex 55.339392013277816 -10.766421636210497 84.8214133153404
      vertex 57.98400362960938 -10.650708824937269 84.96412578257737
    endloop
  endfacet
  facet normal 0 -0.7767557487194885 0.6298019584212381
    outer loop
      vertex 54.68281612705645 -10.567251518588694 85.06705646040727
      vertex 55.01599637039062 -10.650708824937269 84.96412578257737
      vertex 58.31718387294355 -10.567251518588694 85.06705646040727
    endloop
  endfacet
  facet normal -1.4285582456111706e-17 -0.776755748719485 0.6298019584212423
    outer loop
      vertex 56.5 -11.552848828134419 83.85148644530089
      vertex 56.525126265847085 -11.525126265847083 83.88567760545527
      vertex 56.474873734152915 -11.525126265847083 83.88567760545527
    endloop
  endfacet
  facet normal 0 -0.7767557487195045 0.6298019584212183
    outer loop
      vertex 56.525126265847085 -11.525126265847083 83.88567760545527
      vertex 56.77962350542724 -11.294463413230421 84.17016179034916
      vertex 56.474873734152915 -11.525126265847083 83.88567760545527
    endloop
  endfacet
  facet normal 0 -0.7767557487195045 0.6298019584212184
    outer loop
      vertex 56.22037649457276 -11.294463413230421 84.17016179034916
      vertex 56.474873734152915 -11.525126265847083 83.88567760545527
      vertex 56.77962350542724 -11.294463413230421 84.17016179034916
    endloop
  endfacet
  facet normal 0 -0.7767557487194984 0.6298019584212257
    outer loop
      vertex 55.649888578890994 -10.913275574780757 84.6402934577704
      vertex 55.94449581556861 -11.089856356941091 84.42251049310599
      vertex 57.350111421109006 -10.913275574780757 84.6402934577704
    endloop
  endfacet
  facet normal 0 -0.7767557487194957 0.6298019584212291
    outer loop
      vertex 55.94449581556861 -11.089856356941091 84.42251049310599
      vertex 56.22037649457276 -11.294463413230421 84.17016179034916
      vertex 57.05550418443139 -11.089856356941091 84.42251049310599
    endloop
  endfacet
  facet normal 0 -0.7767557487194958 0.629801958421229
    outer loop
      vertex 56.22037649457276 -11.294463413230421 84.17016179034916
      vertex 56.77962350542724 -11.294463413230421 84.17016179034916
      vertex 57.05550418443139 -11.089856356941091 84.42251049310599
    endloop
  endfacet
  facet normal 0 -0.7767557487194985 0.6298019584212258
    outer loop
      vertex 55.94449581556861 -11.089856356941091 84.42251049310599
      vertex 57.05550418443139 -11.089856356941091 84.42251049310599
      vertex 57.350111421109006 -10.913275574780757 84.6402934577704
    endloop
  endfacet
  facet normal 0 -0.7767557487195189 0.6298019584212003
    outer loop
      vertex 55.339392013277816 -10.766421636210497 84.8214133153404
      vertex 55.649888578890994 -10.913275574780757 84.6402934577704
      vertex 57.660607986722184 -10.766421636210497 84.8214133153404
    endloop
  endfacet
  facet normal 0 -0.776755748719519 0.6298019584212003
    outer loop
      vertex 57.350111421109006 -10.913275574780757 84.6402934577704
      vertex 57.660607986722184 -10.766421636210497 84.8214133153404
      vertex 55.649888578890994 -10.913275574780757 84.6402934577704
    endloop
  endfacet
  facet normal 0 -0.7767557487194908 0.6298019584212352
    outer loop
      vertex 55.339392013277816 -10.766421636210497 84.8214133153404
      vertex 57.660607986722184 -10.766421636210497 84.8214133153404
      vertex 57.98400362960938 -10.650708824937269 84.96412578257737
    endloop
  endfacet
  facet normal 0 -0.7767557487194885 0.6298019584212381
    outer loop
      vertex 55.01599637039062 -10.650708824937269 84.96412578257737
      vertex 57.98400362960938 -10.650708824937269 84.96412578257737
      vertex 58.31718387294355 -10.567251518588694 85.06705646040727
    endloop
  endfacet
  facet normal 9.970868483376791e-16 -0.7767557487195053 0.6298019584212173
    outer loop
      vertex 63 -9 87
      vertex 58.31718387294355 -10.567251518588694 85.06705646040727
      vertex 58.65694000884654 -10.516853456647311 85.12921407013498
    endloop
  endfacet
  facet normal -2.215091716398643e-14 -0.7767557487194798 0.6298019584212488
    outer loop
      vertex 63 -9 87
      vertex 58.65694000884654 -10.516853456647311 85.12921407013498
      vertex 59 -10.5 85.15
    endloop
  endfacet
  facet normal 1.6819630161654e-14 -0.7767557487195208 0.6298019584211982
    outer loop
      vertex 63 -9 87
      vertex 59 -10.5 85.15
      vertex 59.34305999115346 -10.516853456647311 85.12921407013498
    endloop
  endfacet
  facet normal 0 -0.7767557487195044 0.6298019584212183
    outer loop
      vertex 51.6 -9 87
      vertex 58.31718387294355 -10.567251518588694 85.06705646040727
      vertex 63 -9 87
    endloop
  endfacet
  facet normal 4.767385375883538e-16 -0.7767557487195044 0.6298019584212186
    outer loop
      vertex 63 -18 75.9
      vertex 59.68281612705645 -17.432748481411306 76.5996102062594
      vertex 59.34305999115346 -17.48314654335269 76.5374525965317
    endloop
  endfacet
  facet normal 4.2902060822707194e-15 -0.7767557487194953 0.6298019584212298
    outer loop
      vertex 63 -18 75.9
      vertex 60.01599637039062 -17.34929117506273 76.7025408840893
      vertex 59.68281612705645 -17.432748481411306 76.5996102062594
    endloop
  endfacet
  facet normal 2.626933490341187e-15 -0.7767557487194984 0.6298019584212259
    outer loop
      vertex 63 -18 75.9
      vertex 60.339392013277816 -17.233578363789505 76.84525335132628
      vertex 60.01599637039062 -17.34929117506273 76.7025408840893
    endloop
  endfacet
  facet normal -4.323144984915853e-15 -0.7767557487195079 0.6298019584212141
    outer loop
      vertex 63 -18 75.9
      vertex 60.649888578890994 -17.08672442521924 77.02637320889627
      vertex 60.339392013277816 -17.233578363789505 76.84525335132628
    endloop
  endfacet
  facet normal 1.2455674942836077e-15 -0.7767557487195024 0.6298019584212209
    outer loop
      vertex 63 -18 75.9
      vertex 60.94449581556861 -16.91014364305891 77.24415617356068
      vertex 60.649888578890994 -17.08672442521924 77.02637320889627
    endloop
  endfacet
  facet normal 5.740763447558199e-15 -0.7767557487194989 0.6298019584212251
    outer loop
      vertex 63 -18 75.9
      vertex 61.22037649457276 -16.70553658676958 77.49650487631752
      vertex 60.94449581556861 -16.91014364305891 77.24415617356068
    endloop
  endfacet
  facet normal -1.2381178976650828e-17 -0.776755748719502 0.6298019584212213
    outer loop
      vertex 63 -18 75.9
      vertex 61.474873734152915 -16.474873734152915 77.7809890612114
      vertex 61.22037649457276 -16.70553658676958 77.49650487631752
    endloop
  endfacet
  facet normal -1.6493044883834506e-14 -0.7767557487195086 0.6298019584212131
    outer loop
      vertex 63 -18 75.9
      vertex 61.70553658676958 -16.220376494572758 78.09486899002694
      vertex 61.474873734152915 -16.474873734152915 77.7809890612114
    endloop
  endfacet
  facet normal 1.5175177976543838e-14 -0.7767557487194994 0.6298019584212244
    outer loop
      vertex 63 -18 75.9
      vertex 61.91014364305891 -15.944495815568608 78.43512182746538
      vertex 61.70553658676958 -16.220376494572758 78.09486899002694
    endloop
  endfacet
  facet normal -2.6691480137775582e-14 -0.7767557487195084 0.6298019584212136
    outer loop
      vertex 63 -18 75.9
      vertex 62.086724425219245 -15.649888578890991 78.79847075270112
      vertex 61.91014364305891 -15.944495815568608 78.43512182746538
    endloop
  endfacet
  facet normal 3.99927240686628e-14 -0.7767557487194982 0.6298019584212262
    outer loop
      vertex 63 -18 75.9
      vertex 62.233578363789505 -15.339392013277815 79.18141651695736
      vertex 62.086724425219245 -15.649888578890991 78.79847075270112
    endloop
  endfacet
  facet normal -5.656164037485416e-14 -0.7767557487195089 0.6298019584212128
    outer loop
      vertex 63 -18 75.9
      vertex 62.34929117506273 -15.015996370390617 79.58027114318492
      vertex 62.233578363789505 -15.339392013277815 79.18141651695736
    endloop
  endfacet
  facet normal 2.8889608693812745e-14 -0.7767557487195019 0.6298019584212217
    outer loop
      vertex 63 -18 75.9
      vertex 62.43274848141131 -14.68281612705645 79.99119344329705
      vertex 62.34929117506273 -15.015996370390617 79.58027114318492
    endloop
  endfacet
  facet normal 6.835671595004146e-15 -0.7767557487195031 0.62980195842122
    outer loop
      vertex 63 -18 75.9
      vertex 62.48314654335269 -14.343059991153462 80.41022601091073
      vertex 62.43274848141131 -14.68281612705645 79.99119344329705
    endloop
  endfacet
  facet normal -9.62020387808657e-16 -0.7767557487195036 0.6298019584212194
    outer loop
      vertex 63 -18 75.9
      vertex 63 -9 87
      vertex 62.48314654335269 -14.343059991153462 80.41022601091073
    endloop
  endfacet
  facet normal 2.564103237928183e-13 -0.7767557487195136 0.629801958421207
    outer loop
      vertex 63 -9 87
      vertex 62.5 -14 80.83333333333334
      vertex 62.48314654335269 -14.343059991153462 80.41022601091073
    endloop
  endfacet
  facet normal -8.603007748971641e-14 -0.7767557487194997 0.6298019584212242
    outer loop
      vertex 63 -9 87
      vertex 62.48314654335269 -13.656940008846538 81.25644065575594
      vertex 62.5 -14 80.83333333333334
    endloop
  endfacet
  facet normal -3.5382806917409904e-16 -0.776755748719504 0.6298019584212187
    outer loop
      vertex 63 -9 87
      vertex 59.34305999115346 -10.516853456647311 85.12921407013498
      vertex 59.68281612705645 -10.567251518588694 85.06705646040727
    endloop
  endfacet
  facet normal -6.4250661777405896e-15 -0.7767557487194987 0.6298019584212253
    outer loop
      vertex 63 -9 87
      vertex 59.68281612705645 -10.567251518588694 85.06705646040727
      vertex 60.01599637039062 -10.650708824937269 84.96412578257737
    endloop
  endfacet
  facet normal -7.118417484516852e-15 -0.7767557487194988 0.6298019584212253
    outer loop
      vertex 63 -9 87
      vertex 60.01599637039062 -10.650708824937269 84.96412578257737
      vertex 60.339392013277816 -10.766421636210497 84.8214133153404
    endloop
  endfacet
  facet normal 1.154959798266158e-14 -0.7767557487195098 0.6298019584212119
    outer loop
      vertex 63 -9 87
      vertex 60.339392013277816 -10.766421636210497 84.8214133153404
      vertex 60.649888578890994 -10.913275574780757 84.6402934577704
    endloop
  endfacet
  facet normal 3.715961131405971e-14 -0.7767557487195057 0.6298019584212168
    outer loop
      vertex 63 -9 87
      vertex 62.34929117506273 -12.984003629609383 82.08639552348177
      vertex 62.43274848141131 -13.31718387294355 81.67547322336962
    endloop
  endfacet
  facet normal -3.880314052842327e-14 -0.7767557487195006 0.629801958421223
    outer loop
      vertex 63 -9 87
      vertex 62.233578363789505 -12.660607986722185 82.4852501497093
      vertex 62.34929117506273 -12.984003629609383 82.08639552348177
    endloop
  endfacet
  facet normal 3.5238264429382936e-14 -0.776755748719507 0.6298019584212151
    outer loop
      vertex 63 -9 87
      vertex 62.086724425219245 -12.350111421109009 82.86819591396556
      vertex 62.233578363789505 -12.660607986722185 82.4852501497093
    endloop
  endfacet
  facet normal 3.619585706037678e-15 -0.7767557487195049 0.6298019584212177
    outer loop
      vertex 63 -9 87
      vertex 61.70553658676958 -11.77962350542724 83.57179767663973
      vertex 61.91014364305891 -12.055504184431392 83.23154483920128
    endloop
  endfacet
  facet normal -3.5545935288093395e-14 -0.7767557487194993 0.6298019584212249
    outer loop
      vertex 63 -9 87
      vertex 61.91014364305891 -12.055504184431392 83.23154483920128
      vertex 62.086724425219245 -12.350111421109009 82.86819591396556
    endloop
  endfacet
  facet normal 1.8874761957856145e-14 -0.7767557487195077 0.6298019584212143
    outer loop
      vertex 63 -9 87
      vertex 61.474873734152915 -11.525126265847083 83.88567760545527
      vertex 61.70553658676958 -11.77962350542724 83.57179767663973
    endloop
  endfacet
  facet normal -5.119232147583758e-15 -0.7767557487195016 0.6298019584212218
    outer loop
      vertex 63 -9 87
      vertex 60.649888578890994 -10.913275574780757 84.6402934577704
      vertex 60.94449581556861 -11.089856356941091 84.42251049310599
    endloop
  endfacet
  facet normal 1.0182516334938268e-14 -0.7767557487195076 0.6298019584212143
    outer loop
      vertex 63 -9 87
      vertex 60.94449581556861 -11.089856356941091 84.42251049310599
      vertex 61.22037649457276 -11.294463413230421 84.17016179034914
    endloop
  endfacet
  facet normal -2.0757163766133596e-14 -0.776755748719498 0.6298019584212263
    outer loop
      vertex 63 -9 87
      vertex 61.22037649457276 -11.294463413230421 84.17016179034914
      vertex 61.474873734152915 -11.525126265847083 83.88567760545527
    endloop
  endfacet
  facet normal -7.248430235266348e-15 -0.7767557487195031 0.62980195842122
    outer loop
      vertex 63 -9 87
      vertex 62.43274848141131 -13.31718387294355 81.67547322336962
      vertex 62.48314654335269 -13.656940008846538 81.25644065575594
    endloop
  endfacet
  facet normal 1 0 0
    outer loop
      vertex 63 -18 75.9
      vertex 63 9 87
      vertex 63 -9 87
    endloop
  endfacet
  facet normal 0 0.7767557487195027 0.6298019584212203
    outer loop
      vertex 51.6 9 87
      vertex 63 9 87
      vertex 59 10.5 85.15
    endloop
  endfacet
  facet normal -2.122025738498143e-15 0.7767557487195029 0.6298019584212203
    outer loop
      vertex 51.6 18 75.9
      vertex 52.05550418443139 16.91014364305891 77.24415617356068
      vertex 52.350111421109006 17.08672442521924 77.02637320889627
    endloop
  endfacet
  facet normal 6.903096637132674e-15 0.7767557487195058 0.6298019584212167
    outer loop
      vertex 51.6 18 75.9
      vertex 52.350111421109006 17.08672442521924 77.02637320889627
      vertex 52.660607986722184 17.233578363789505 76.84525335132628
    endloop
  endfacet
  facet normal -1.051229378184955e-14 0.7767557487195014 0.629801958421222
    outer loop
      vertex 51.6 18 75.9
      vertex 51.77962350542724 16.70553658676958 77.49650487631752
      vertex 52.05550418443139 16.91014364305891 77.24415617356068
    endloop
  endfacet
  facet normal -3.93932859735285e-15 0.7767557487194999 0.629801958421224
    outer loop
      vertex 51.6 18 75.9
      vertex 52.660607986722184 17.233578363789505 76.84525335132628
      vertex 52.98400362960938 17.34929117506273 76.7025408840893
    endloop
  endfacet
  facet normal -6.014141525188286e-15 0.776755748719498 0.6298019584212263
    outer loop
      vertex 51.6 18 75.9
      vertex 52.98400362960938 17.34929117506273 76.7025408840893
      vertex 53.31718387294355 17.432748481411306 76.5996102062594
    endloop
  endfacet
  facet normal -6.143928789881034e-16 0.7767557487195047 0.6298019584212181
    outer loop
      vertex 51.6 18 75.9
      vertex 53.31718387294355 17.432748481411306 76.5996102062594
      vertex 53.65694000884654 17.48314654335269 76.5374525965317
    endloop
  endfacet
  facet normal 1.58132559267743e-14 0.7767557487195307 0.6298019584211859
    outer loop
      vertex 51.6 18 75.9
      vertex 53.65694000884654 17.48314654335269 76.5374525965317
      vertex 54 17.5 76.51666666666667
    endloop
  endfacet
  facet normal 0 0.7767557487196581 0.6298019584210287
    outer loop
      vertex 54 17.5 76.51666666666667
      vertex 54.34305999115346 17.48314654335269 76.5374525965317
      vertex 59 17.5 76.51666666666667
    endloop
  endfacet
  facet normal 0 0.7767557487195031 0.6298019584212199
    outer loop
      vertex 54.34305999115346 17.48314654335269 76.5374525965317
      vertex 54.68281612705645 17.432748481411306 76.5996102062594
      vertex 58.65694000884654 17.48314654335269 76.5374525965317
    endloop
  endfacet
  facet normal 0 0.7767557487194955 0.6298019584212292
    outer loop
      vertex 55.01599637039062 17.34929117506273 76.7025408840893
      vertex 55.339392013277816 17.233578363789505 76.84525335132628
      vertex 57.98400362960938 17.34929117506273 76.7025408840893
    endloop
  endfacet
  facet normal 0 0.7767557487194885 0.6298019584212381
    outer loop
      vertex 54.68281612705645 17.432748481411306 76.5996102062594
      vertex 55.01599637039062 17.34929117506273 76.7025408840893
      vertex 58.31718387294355 17.432748481411306 76.5996102062594
    endloop
  endfacet
  facet normal 0 0.7767557487195004 0.6298019584212233
    outer loop
      vertex 51.6 18 75.9
      vertex 54 17.5 76.51666666666667
      vertex 59 17.5 76.51666666666667
    endloop
  endfacet
  facet normal 0 0.7767557487194957 0.6298019584212291
    outer loop
      vertex 55.94449581556861 16.91014364305891 77.24415617356068
      vertex 56.22037649457276 16.70553658676958 77.49650487631752
      vertex 57.05550418443139 16.91014364305891 77.24415617356068
    endloop
  endfacet
  facet normal 0 0.7767557487195115 0.6298019584212096
    outer loop
      vertex 55.339392013277816 17.233578363789505 76.84525335132628
      vertex 55.649888578890994 17.08672442521924 77.02637320889627
      vertex 57.660607986722184 17.233578363789505 76.84525335132628
    endloop
  endfacet
  facet normal 0 0.7767557487195016 0.6298019584212219
    outer loop
      vertex 55.649888578890994 17.08672442521924 77.02637320889627
      vertex 55.94449581556861 16.91014364305891 77.24415617356068
      vertex 57.350111421109006 17.08672442521924 77.02637320889627
    endloop
  endfacet
  facet normal 0 0.7767557487194958 0.629801958421229
    outer loop
      vertex 56.22037649457276 16.70553658676958 77.49650487631752
      vertex 56.77962350542724 16.70553658676958 77.49650487631752
      vertex 57.05550418443139 16.91014364305891 77.24415617356068
    endloop
  endfacet
  facet normal 0 0.7767557487194956 0.6298019584212293
    outer loop
      vertex 55.339392013277816 17.233578363789505 76.84525335132628
      vertex 57.660607986722184 17.233578363789505 76.84525335132628
      vertex 57.98400362960938 17.34929117506273 76.7025408840893
    endloop
  endfacet
  facet normal 0 0.7767557487194885 0.6298019584212381
    outer loop
      vertex 57.98400362960938 17.34929117506273 76.7025408840893
      vertex 58.31718387294355 17.432748481411306 76.5996102062594
      vertex 55.01599637039062 17.34929117506273 76.7025408840893
    endloop
  endfacet
  facet normal 0 0.7767557487195016 0.6298019584212219
    outer loop
      vertex 57.05550418443139 16.91014364305891 77.24415617356068
      vertex 57.350111421109006 17.08672442521924 77.02637320889627
      vertex 55.94449581556861 16.91014364305891 77.24415617356068
    endloop
  endfacet
  facet normal 0 0.7767557487195116 0.6298019584212096
    outer loop
      vertex 57.350111421109006 17.08672442521924 77.02637320889627
      vertex 57.660607986722184 17.233578363789505 76.84525335132628
      vertex 55.649888578890994 17.08672442521924 77.02637320889627
    endloop
  endfacet
  facet normal 0 0.776755748719503 0.62980195842122
    outer loop
      vertex 58.31718387294355 17.432748481411306 76.5996102062594
      vertex 58.65694000884654 17.48314654335269 76.5374525965317
      vertex 54.68281612705645 17.432748481411306 76.5996102062594
    endloop
  endfacet
  facet normal 0 0.7767557487196582 0.6298019584210287
    outer loop
      vertex 58.65694000884654 17.48314654335269 76.5374525965317
      vertex 59 17.5 76.51666666666667
      vertex 54.34305999115346 17.48314654335269 76.5374525965317
    endloop
  endfacet
  facet normal -7.169285250107662e-14 0.7767557487190819 0.6298019584217396
    outer loop
      vertex 51.6 18 75.9
      vertex 59 17.5 76.51666666666667
      vertex 59.34305999115346 17.48314654335269 76.5374525965317
    endloop
  endfacet
  facet normal 0 0.7767557487195054 0.6298019584212169
    outer loop
      vertex 51.6 18 75.9
      vertex 59.34305999115346 17.48314654335269 76.5374525965317
      vertex 63 18 75.9
    endloop
  endfacet
  facet normal 5.0724605959478744e-18 0.7767557487194653 0.6298019584212665
    outer loop
      vertex 56.5 16.447151171865578 77.8151802213658
      vertex 56.525126265847085 16.474873734152915 77.78098906121141
      vertex 56.474873734152915 16.474873734152915 77.78098906121141
    endloop
  endfacet
  facet normal 0 0.7767557487195174 0.6298019584212023
    outer loop
      vertex 56.525126265847085 16.474873734152915 77.78098906121141
      vertex 56.77962350542724 16.70553658676958 77.49650487631752
      vertex 56.474873734152915 16.474873734152915 77.78098906121141
    endloop
  endfacet
  facet normal 0 0.7767557487195175 0.6298019584212023
    outer loop
      vertex 56.22037649457276 16.70553658676958 77.49650487631752
      vertex 56.474873734152915 16.474873734152915 77.78098906121141
      vertex 56.77962350542724 16.70553658676958 77.49650487631752
    endloop
  endfacet
  facet normal 1.2767529246896058e-14 0.7767557487195025 0.6298019584212207
    outer loop
      vertex 51.6 9 87
      vertex 52.05550418443139 11.089856356941091 84.42251049310599
      vertex 51.77962350542724 11.294463413230421 84.17016179034916
    endloop
  endfacet
  facet normal 7.196938055336254e-15 0.7767557487195029 0.62980195842122
    outer loop
      vertex 51.6 9 87
      vertex 52.350111421109006 10.913275574780757 84.6402934577704
      vertex 52.05550418443139 11.089856356941091 84.42251049310599
    endloop
  endfacet
  facet normal -1.5403162800986585e-14 0.7767557487195064 0.6298019584212159
    outer loop
      vertex 51.6 9 87
      vertex 52.660607986722184 10.766421636210497 84.8214133153404
      vertex 52.350111421109006 10.913275574780757 84.6402934577704
    endloop
  endfacet
  facet normal 9.017476926732004e-15 0.7767557487195007 0.6298019584212231
    outer loop
      vertex 51.6 9 87
      vertex 52.98400362960938 10.650708824937269 84.96412578257737
      vertex 52.660607986722184 10.766421636210497 84.8214133153404
    endloop
  endfacet
  facet normal 7.71426889335732e-15 0.7767557487195011 0.6298019584212223
    outer loop
      vertex 51.6 9 87
      vertex 53.31718387294355 10.567251518588694 85.06705646040727
      vertex 52.98400362960938 10.650708824937269 84.96412578257737
    endloop
  endfacet
  facet normal 3.999191793847228e-16 0.7767557487195043 0.6298019584212187
    outer loop
      vertex 51.6 9 87
      vertex 53.65694000884654 10.516853456647311 85.12921407013498
      vertex 53.31718387294355 10.567251518588694 85.06705646040727
    endloop
  endfacet
  facet normal -1.7636781458339883e-14 0.7767557487195141 0.6298019584212066
    outer loop
      vertex 51.6 9 87
      vertex 54 10.5 85.15
      vertex 53.65694000884654 10.516853456647311 85.12921407013498
    endloop
  endfacet
  facet normal 2.089114345706756e-14 0.7767557487194894 0.629801958421237
    outer loop
      vertex 51.6 9 87
      vertex 54.34305999115346 10.516853456647311 85.12921407013498
      vertex 54 10.5 85.15
    endloop
  endfacet
  facet normal -1.3767814316932122e-15 0.7767557487195055 0.6298019584212171
    outer loop
      vertex 51.6 9 87
      vertex 59 10.5 85.15
      vertex 54.34305999115346 10.516853456647311 85.12921407013498
    endloop
  endfacet
  facet normal 0 0.776755748719503 0.62980195842122
    outer loop
      vertex 54.68281612705645 10.567251518588694 85.06705646040727
      vertex 54.34305999115346 10.516853456647311 85.12921407013498
      vertex 58.31718387294355 10.567251518588694 85.06705646040727
    endloop
  endfacet
  facet normal 0 0.7767557487194885 0.6298019584212381
    outer loop
      vertex 55.01599637039062 10.650708824937269 84.96412578257737
      vertex 54.68281612705645 10.567251518588694 85.06705646040727
      vertex 57.98400362960938 10.650708824937269 84.96412578257737
    endloop
  endfacet
  facet normal 3.855748122047139e-15 0.7767557487194865 0.6298019584212405
    outer loop
      vertex 55.339392013277816 10.766421636210497 84.8214133153404
      vertex 55.01599637039062 10.650708824937269 84.96412578257737
      vertex 57.660607986722184 10.766421636210497 84.82141331534038
    endloop
  endfacet
  facet normal -5.264030048436249e-15 0.7767557487195236 0.6298019584211949
    outer loop
      vertex 55.649888578890994 10.913275574780757 84.6402934577704
      vertex 55.339392013277816 10.766421636210497 84.8214133153404
      vertex 57.350111421109006 10.913275574780757 84.64029345777041
    endloop
  endfacet
  facet normal 0 0.7767557487195131 0.6298019584212077
    outer loop
      vertex 56.22037649457276 11.294463413230421 84.17016179034914
      vertex 55.94449581556861 11.089856356941091 84.42251049310599
      vertex 56.77962350542724 11.294463413230421 84.17016179034914
    endloop
  endfacet
  facet normal 0 0.7767557487194985 0.6298019584212258
    outer loop
      vertex 55.94449581556861 11.089856356941091 84.42251049310599
      vertex 55.649888578890994 10.913275574780757 84.6402934577704
      vertex 57.05550418443139 11.089856356941091 84.42251049310599
    endloop
  endfacet
  facet normal 0 0.7767557487195131 0.6298019584212077
    outer loop
      vertex 57.05550418443139 11.089856356941091 84.42251049310599
      vertex 56.77962350542724 11.294463413230421 84.17016179034914
      vertex 55.94449581556861 11.089856356941091 84.42251049310599
    endloop
  endfacet
  facet normal -5.264030048436335e-15 0.776755748719515 0.6298019584212052
    outer loop
      vertex 57.350111421109006 10.913275574780757 84.64029345777041
      vertex 57.05550418443139 11.089856356941091 84.42251049310599
      vertex 55.649888578890994 10.913275574780757 84.6402934577704
    endloop
  endfacet
  facet normal 0 0.7767557487194885 0.6298019584212381
    outer loop
      vertex 58.31718387294355 10.567251518588694 85.06705646040727
      vertex 57.98400362960938 10.650708824937269 84.96412578257737
      vertex 54.68281612705645 10.567251518588694 85.06705646040727
    endloop
  endfacet
  facet normal 0 0.7767557487195031 0.6298019584212199
    outer loop
      vertex 58.65694000884654 10.516853456647311 85.12921407013498
      vertex 58.31718387294355 10.567251518588694 85.06705646040727
      vertex 54.34305999115346 10.516853456647311 85.12921407013498
    endloop
  endfacet
  facet normal 3.8557481220472344e-15 0.7767557487194738 0.629801958421256
    outer loop
      vertex 57.660607986722184 10.766421636210497 84.82141331534038
      vertex 57.350111421109006 10.913275574780757 84.64029345777041
      vertex 55.339392013277816 10.766421636210497 84.8214133153404
    endloop
  endfacet
  facet normal 0 0.7767557487195216 0.6298019584211973
    outer loop
      vertex 57.98400362960938 10.650708824937269 84.96412578257737
      vertex 57.660607986722184 10.766421636210497 84.82141331534038
      vertex 55.01599637039062 10.650708824937269 84.96412578257737
    endloop
  endfacet
  facet normal 0 0.776755748719489 0.6298019584212373
    outer loop
      vertex 56.474873734152915 11.525126265847083 83.88567760545527
      vertex 56.22037649457276 11.294463413230421 84.17016179034914
      vertex 56.525126265847085 11.525126265847083 83.88567760545527
    endloop
  endfacet
  facet normal 0 0.7767557487196131 0.6298019584210842
    outer loop
      vertex 56.474873734152915 11.525126265847083 83.88567760545527
      vertex 56.525126265847085 11.525126265847083 83.88567760545527
      vertex 56.5 11.552848828134419 83.85148644530088
    endloop
  endfacet
  facet normal 0 0.776755748719489 0.6298019584212373
    outer loop
      vertex 56.77962350542724 11.294463413230421 84.17016179034914
      vertex 56.525126265847085 11.525126265847083 83.88567760545527
      vertex 56.22037649457276 11.294463413230421 84.17016179034914
    endloop
  endfacet
  facet normal 0 0.7767557487196582 0.6298019584210287
    outer loop
      vertex 54.34305999115346 10.516853456647311 85.12921407013498
      vertex 59 10.5 85.15
      vertex 58.65694000884654 10.516853456647311 85.12921407013498
    endloop
  endfacet
  facet normal -6.047510401426852e-15 0.7767557487194964 0.6298019584212283
    outer loop
      vertex 63 9 87
      vertex 59.34305999115346 10.516853456647311 85.12921407013499
      vertex 59 10.5 85.15
    endloop
  endfacet
  facet normal 1 0 0
    outer loop
      vertex 63 -18 75.9
      vertex 63 17.959641255605383 75.9
      vertex 63 9 87
    endloop
  endfacet
  facet normal 1 0 0
    outer loop
      vertex 63 9 87
      vertex 63 17.959641255605383 75.9
      vertex 63 18 75.9
    endloop
  endfacet
  facet normal -9.62020387808657e-16 0.7767557487195036 0.6298019584212194
    outer loop
      vertex 63 9 87
      vertex 63 18 75.9
      vertex 62.48314654335269 13.656940008846538 81.25644065575594
    endloop
  endfacet
  facet normal -4.3269125695070024e-15 0.776755748719508 0.629801958421214
    outer loop
      vertex 63 18 75.9
      vertex 60.339392013277816 17.233578363789505 76.84525335132628
      vertex 60.649888578890994 17.08672442521924 77.02637320889627
    endloop
  endfacet
  facet normal 1.1793034546995389e-15 0.7767557487195024 0.6298019584212208
    outer loop
      vertex 63 18 75.9
      vertex 60.649888578890994 17.08672442521924 77.02637320889627
      vertex 60.94449581556861 16.91014364305891 77.24415617356068
    endloop
  endfacet
  facet normal -7.630435550772678e-15 0.776755748719509 0.6298019584212127
    outer loop
      vertex 63 18 75.9
      vertex 60.94449581556861 16.91014364305891 77.24415617356068
      vertex 61.22037649457276 16.70553658676958 77.49650487631753
    endloop
  endfacet
  facet normal 2.875451397599477e-15 0.7767557487195033 0.6298019584212198
    outer loop
      vertex 63 18 75.9
      vertex 61.22037649457276 16.70553658676958 77.49650487631753
      vertex 61.474873734152915 16.474873734152915 77.78098906121141
    endloop
  endfacet
  facet normal 4.903940834372241e-15 0.7767557487195024 0.6298019584212209
    outer loop
      vertex 63 18 75.9
      vertex 61.474873734152915 16.474873734152915 77.78098906121141
      vertex 61.70553658676958 16.220376494572758 78.09486899002694
    endloop
  endfacet
  facet normal -6.641179402186241e-15 0.7767557487195058 0.6298019584212166
    outer loop
      vertex 63 18 75.9
      vertex 61.70553658676958 16.220376494572758 78.09486899002694
      vertex 61.91014364305891 15.944495815568608 78.4351218274654
    endloop
  endfacet
  facet normal 4.502725510157301e-16 0.7767557487195044 0.6298019584212184
    outer loop
      vertex 63 18 75.9
      vertex 59.34305999115346 17.48314654335269 76.5374525965317
      vertex 59.68281612705645 17.432748481411306 76.5996102062594
    endloop
  endfacet
  facet normal 4.307092129161502e-15 0.7767557487194954 0.6298019584212295
    outer loop
      vertex 63 18 75.9
      vertex 59.68281612705645 17.432748481411306 76.5996102062594
      vertex 60.01599637039062 17.34929117506273 76.7025408840893
    endloop
  endfacet
  facet normal 2.623568805957952e-15 0.7767557487194985 0.6298019584212258
    outer loop
      vertex 63 18 75.9
      vertex 60.01599637039062 17.34929117506273 76.7025408840893
      vertex 60.339392013277816 17.233578363789505 76.84525335132628
    endloop
  endfacet
  facet normal 1 0 0
    outer loop
      vertex 63 17.959641255605383 75.9
      vertex 63 18 75.85000000000001
      vertex 63 18 75.9
    endloop
  endfacet
  facet normal 3.531182176831318e-14 0.7767557487194999 0.629801958421224
    outer loop
      vertex 63 18 75.9
      vertex 62.233578363789505 15.339392013277815 79.18141651695737
      vertex 62.34929117506273 15.015996370390617 79.5802711431849
    endloop
  endfacet
  facet normal -3.711297976032846e-14 0.7767557487195059 0.6298019584212164
    outer loop
      vertex 63 18 75.9
      vertex 62.34929117506273 15.015996370390617 79.5802711431849
      vertex 62.43274848141131 14.68281612705645 79.99119344329705
    endloop
  endfacet
  facet normal 3.974244235128698e-15 0.7767557487195036 0.6298019584212194
    outer loop
      vertex 63 18 75.9
      vertex 61.91014364305891 15.944495815568608 78.4351218274654
      vertex 62.086724425219245 15.649888578890991 78.79847075270112
    endloop
  endfacet
  facet normal 6.21410143469732e-15 0.7767557487195033 0.6298019584212197
    outer loop
      vertex 63 18 75.9
      vertex 62.086724425219245 15.649888578890991 78.79847075270112
      vertex 62.233578363789505 15.339392013277815 79.18141651695737
    endloop
  endfacet
  facet normal 6.820588424497053e-15 0.7767557487195029 0.62980195842122
    outer loop
      vertex 63 18 75.9
      vertex 62.43274848141131 14.68281612705645 79.99119344329705
      vertex 62.48314654335269 14.343059991153462 80.41022601091073
    endloop
  endfacet
  facet normal -1.7192380813683706e-13 0.776755748719512 0.629801958421209
    outer loop
      vertex 63 18 75.9
      vertex 62.5 14 80.83333333333333
      vertex 62.48314654335269 13.656940008846538 81.25644065575594
    endloop
  endfacet
  facet normal 7.110846633551189e-14 0.7767557487194997 0.6298019584212242
    outer loop
      vertex 63 18 75.9
      vertex 62.48314654335269 14.343059991153462 80.41022601091073
      vertex 62.5 14 80.83333333333333
    endloop
  endfacet
  facet normal 1.962562684235758e-14 0.7767557487195212 0.6298019584211978
    outer loop
      vertex 63 9 87
      vertex 59.68281612705645 10.567251518588694 85.06705646040727
      vertex 59.34305999115346 10.516853456647311 85.12921407013499
    endloop
  endfacet
  facet normal -6.470054525157142e-15 0.7767557487194989 0.6298019584212252
    outer loop
      vertex 63 9 87
      vertex 60.01599637039062 10.650708824937269 84.96412578257737
      vertex 59.68281612705645 10.567251518588694 85.06705646040727
    endloop
  endfacet
  facet normal 9.629823448757589e-15 0.7767557487195108 0.6298019584212106
    outer loop
      vertex 63 9 87
      vertex 60.339392013277816 10.766421636210497 84.82141331534038
      vertex 60.01599637039062 10.650708824937269 84.96412578257737
    endloop
  endfacet
  facet normal -7.169309565555834e-15 0.7767557487195005 0.6298019584212231
    outer loop
      vertex 63 9 87
      vertex 60.649888578890994 10.913275574780757 84.6402934577704
      vertex 60.339392013277816 10.766421636210497 84.82141331534038
    endloop
  endfacet
  facet normal 6.804552301309422e-15 0.7767557487195039 0.6298019584212188
    outer loop
      vertex 63 9 87
      vertex 61.91014364305891 12.055504184431392 83.23154483920129
      vertex 61.70553658676958 11.77962350542724 83.57179767663975
    endloop
  endfacet
  facet normal 3.041843473918785e-14 0.7767557487195074 0.6298019584212147
    outer loop
      vertex 63 9 87
      vertex 62.086724425219245 12.350111421109009 82.86819591396555
      vertex 61.91014364305891 12.055504184431392 83.23154483920129
    endloop
  endfacet
  facet normal -4.9074009580041826e-15 0.7767557487195018 0.6298019584212218
    outer loop
      vertex 63 9 87
      vertex 60.94449581556861 11.089856356941091 84.42251049310599
      vertex 60.649888578890994 10.913275574780757 84.6402934577704
    endloop
  endfacet
  facet normal -8.283618312462944e-15 0.7767557487195004 0.6298019584212234
    outer loop
      vertex 63 9 87
      vertex 61.22037649457276 11.294463413230421 84.17016179034916
      vertex 60.94449581556861 11.089856356941091 84.42251049310599
    endloop
  endfacet
  facet normal 2.01524408105172e-15 0.7767557487195037 0.6298019584212193
    outer loop
      vertex 63 9 87
      vertex 61.474873734152915 11.525126265847083 83.88567760545527
      vertex 61.22037649457276 11.294463413230421 84.17016179034916
    endloop
  endfacet
  facet normal -4.276134005054329e-15 0.776755748719502 0.6298019584212214
    outer loop
      vertex 63 9 87
      vertex 61.70553658676958 11.77962350542724 83.57179767663975
      vertex 61.474873734152915 11.525126265847083 83.88567760545527
    endloop
  endfacet
  facet normal 6.215735191234691e-14 0.7767557487195081 0.6298019584212138
    outer loop
      vertex 63 9 87
      vertex 62.34929117506273 12.984003629609383 82.08639552348176
      vertex 62.233578363789505 12.660607986722185 82.48525014970932
    endloop
  endfacet
  facet normal -3.170169689424909e-14 0.7767557487195021 0.6298019584212212
    outer loop
      vertex 63 9 87
      vertex 62.43274848141131 13.31718387294355 81.67547322336962
      vertex 62.34929117506273 12.984003629609383 82.08639552348176
    endloop
  endfacet
  facet normal -4.50454226718142e-14 0.7767557487194993 0.6298019584212248
    outer loop
      vertex 63 9 87
      vertex 62.233578363789505 12.660607986722185 82.48525014970932
      vertex 62.086724425219245 12.350111421109009 82.86819591396555
    endloop
  endfacet
  facet normal -7.405807380986246e-15 0.7767557487195035 0.6298019584212197
    outer loop
      vertex 63 9 87
      vertex 62.48314654335269 13.656940008846538 81.25644065575594
      vertex 62.43274848141131 13.31718387294355 81.67547322336962
    endloop
  endfacet
  facet normal -1 0 0
    outer loop
      vertex 34.5 -19 113.4
      vertex 34.5 -19 113.45
      vertex 34.5 19 113.4
    endloop
  endfacet
  facet normal -0.16159075991093405 0 -0.9868578551703416
    outer loop
      vertex 34.5 -19 113.4
      vertex 34.5 19 113.4
      vertex 46 -6 111.51695906432748
    endloop
  endfacet
  facet normal 0 -1 0
    outer loop
      vertex 34.5 -19 113.4
      vertex 69.1 -19 113.45
      vertex 34.5 -19 113.45
    endloop
  endfacet
  facet normal -0.1615907599109338 6.01423117536829e-17 -0.9868578551703416
    outer loop
      vertex 34.5 -19 113.4
      vertex 51.6 -6 110.6
      vertex 51.6 -9 110.6
    endloop
  endfacet
  facet normal -0.1615907599109332 -7.875653748813675e-16 -0.9868578551703416
    outer loop
      vertex 34.5 -19 113.4
      vertex 46 -6 111.51695906432748
      vertex 51.6 -6 110.6
    endloop
  endfacet
  facet normal 0 -0.26962992551997184 -0.9629640197141814
    outer loop
      vertex 34.5 -19 113.4
      vertex 51.6 -9 110.6
      vertex 63 -9 110.6
    endloop
  endfacet
  facet normal -1 0 0
    outer loop
      vertex 34.5 -19 113.45
      vertex 34.5 19 113.45
      vertex 34.5 19 113.4
    endloop
  endfacet
  facet normal -0.16159075991093405 0 -0.9868578551703414
    outer loop
      vertex 34.5 19 113.4
      vertex 46 6 111.51695906432748
      vertex 46 -6 111.51695906432748
    endloop
  endfacet
  facet normal -0.1615907599109332 0 -0.9868578551703417
    outer loop
      vertex 51.6 9 110.6
      vertex 51.6 6 110.6
      vertex 46 6 111.51695906432748
    endloop
  endfacet
  facet normal -0.16159075991093347 5.227993887933489e-16 -0.9868578551703416
    outer loop
      vertex 34.5 19 113.4
      vertex 51.6 9 110.6
      vertex 46 6 111.51695906432748
    endloop
  endfacet
  facet normal 0 0.26962992551997184 -0.9629640197141814
    outer loop
      vertex 34.5 19 113.4
      vertex 63 9 110.6
      vertex 51.6 9 110.6
    endloop
  endfacet
  facet normal 0 -0.2696299255199719 -0.9629640197141814
    outer loop
      vertex 34.5 -19 113.4
      vertex 63 -9 110.6
      vertex 69.1 -19 113.4
    endloop
  endfacet
  facet normal 0 -1 0
    outer loop
      vertex 34.5 -19 113.4
      vertex 69.1 -19 113.4
      vertex 69.1 -19 113.45
    endloop
  endfacet
  facet normal 0.41716766033065245 -1.4115021459142478e-17 -0.9088295457203455
    outer loop
      vertex 69.1 -19 113.4
      vertex 63 -9 110.6
      vertex 63 9 110.6
    endloop
  endfacet
  facet normal 1 0 0
    outer loop
      vertex 69.1 -19 113.4
      vertex 69.1 19 113.45
      vertex 69.1 -19 113.45
    endloop
  endfacet
  facet normal 0 0.2696299255199719 -0.9629640197141814
    outer loop
      vertex 34.5 19 113.4
      vertex 69.1 19 113.4
      vertex 63 9 110.6
    endloop
  endfacet
  facet normal 0 1 0
    outer loop
      vertex 34.5 19 113.4
      vertex 68.66750000000002 19 113.45
      vertex 69.1 19 113.45
    endloop
  endfacet
  facet normal 0 1 0
    outer loop
      vertex 34.5 19 113.4
      vertex 69.1 19 113.45
      vertex 69.1 19 113.4
    endloop
  endfacet
  facet normal 0.4171676603306524 0 -0.9088295457203454
    outer loop
      vertex 69.1 -19 113.4
      vertex 63 9 110.6
      vertex 69.1 19 113.4
    endloop
  endfacet
  facet normal 1 0 0
    outer loop
      vertex 69.1 -19 113.4
      vertex 69.1 19 113.4
      vertex 69.1 19 113.45
    endloop
  endfacet
  facet normal -1 0 0
    outer loop
      vertex 51.3 -20 71.9
      vertex 51.3 -20 75.9
      vertex 51.3 -16.226485176718885 75.9
    endloop
  endfacet
  facet normal 0 0 1
    outer loop
      vertex 51.3 -20 75.9
      vertex 51.6 -18 75.9
      vertex 51.6 -16.542735331136303 75.9
    endloop
  endfacet
  facet normal -1 0 0
    outer loop
      vertex 51.3 -20 71.9
      vertex 51.3 -16.226485176718885 75.9
      vertex 51.3 -11.773514823281113 75.9
    endloop
  endfacet
  facet normal 0 0 1
    outer loop
      vertex 51.3 -20 75.9
      vertex 51.33661254273543 -15.362411253512134 75.9
      vertex 51.3 -16.226485176718885 75.9
    endloop
  endfacet
  facet normal 0 0 1
    outer loop
      vertex 51.3 -20 75.9
      vertex 51.6 -16.542735331136303 75.9
      vertex 51.6 -14.950783862641307 75.9
    endloop
  endfacet
  facet normal 0 0 1
    outer loop
      vertex 51.3 -20 75.9
      vertex 51.525126265847085 -11.745370252273563 75.9
      vertex 51.33661254273543 -15.362411253512134 75.9
    endloop
  endfacet
  facet normal 0 0 1
    outer loop
      vertex 51.3 -20 75.9
      vertex 51.6 -14.950783862641307 75.9
      vertex 51.525126265847085 -11.745370252273563 75.9
    endloop
  endfacet
  facet normal 0 0 -1
    outer loop
      vertex 51.3 -20 71.9
      vertex 51.3 -5.5 71.9
      vertex 52.33266502331451 -13.668346452572582 71.9
    endloop
  endfacet
  facet normal -1 0 0
    outer loop
      vertex 51.3 -20 71.9
      vertex 51.3 -11.773514823281113 75.9
      vertex 51.3 -5.5 71.9
    endloop
  endfacet
  facet normal 0 0 1
    outer loop
      vertex 51.33661254273543 -15.362411253512134 75.9
      vertex 51.3 -5.5 75.9
      vertex 51.3 -11.773514823281113 75.9
    endloop
  endfacet
  facet normal 0 0 1
    outer loop
      vertex 51.33661254273543 -15.362411253512134 75.9
      vertex 51.525126265847085 -11.745370252273563 75.9
      vertex 51.3 -5.5 75.9
    endloop
  endfacet
  facet normal 0 0 1
    outer loop
      vertex 51.6 -9 75.9
      vertex 51.531285158986755 -11.519544170485652 75.9
      vertex 51.6 -11.457264668863694 75.9
    endloop
  endfacet
  facet normal -1 0 0
    outer loop
      vertex 51.3 -11.773514823281113 75.9
      vertex 51.3 -5.5 75.9
      vertex 51.3 -5.5 71.9
    endloop
  endfacet
  facet normal 0 0 1
    outer loop
      vertex 51.531285158986755 -11.519544170485652 75.9
      vertex 51.3 -5.5 75.9
      vertex 51.525126265847085 -11.745370252273563 75.9
    endloop
  endfacet
  facet normal 0 0 1
    outer loop
      vertex 51.6 -9 75.9
      vertex 51.3 -5.5 75.9
      vertex 51.531285158986755 -11.519544170485652 75.9
    endloop
  endfacet
  facet normal 0 0 1
    outer loop
      vertex 51.6 -9 75.9
      vertex 51.6 -5.5 75.9
      vertex 51.3 -5.5 75.9
    endloop
  endfacet
  facet normal 0 0 1
    outer loop
      vertex 51.6 9 75.9
      vertex 51.3 5.5 75.9
      vertex 51.6 5.5 75.9
    endloop
  endfacet
  facet normal 0 0 1
    outer loop
      vertex 51.6 9 75.9
      vertex 51.54871379820529 11.503747772670076 75.9
      vertex 51.3 5.5 75.9
    endloop
  endfacet
  facet normal -1 0 0
    outer loop
      vertex 51.3 20 71.9
      vertex 51.3 5.5 71.9
      vertex 51.3 5.5 75.9
    endloop
  endfacet
  facet normal 0 0 1
    outer loop
      vertex 51.3 5.5 75.9
      vertex 51.54871379820529 11.503747772670076 75.9
      vertex 51.58841236508714 16.5322329110374 75.9
    endloop
  endfacet
  facet normal 0 0 1
    outer loop
      vertex 51.6 9 75.9
      vertex 51.6 11.457264668863694 75.9
      vertex 51.54871379820529 11.503747772670076 75.9
    endloop
  endfacet
  facet normal 0 0 -1
    outer loop
      vertex 51.3 20 71.9
      vertex 52.3 14 71.9
      vertex 51.3 5.5 71.9
    endloop
  endfacet
  facet normal 0 0 1
    outer loop
      vertex 51.3 5.5 75.9
      vertex 51.58841236508714 16.5322329110374 75.9
      vertex 51.3 20 75.9
    endloop
  endfacet
  facet normal -1 0 0
    outer loop
      vertex 51.3 20 71.9
      vertex 51.3 5.5 75.9
      vertex 51.3 20 75.9
    endloop
  endfacet
  facet normal 0 0 1
    outer loop
      vertex 51.6 18 75.9
      vertex 51.58841236508714 16.5322329110374 75.9
      vertex 51.6 16.542735331136303 75.9
    endloop
  endfacet
  facet normal 0 0 1
    outer loop
      vertex 51.6 18 75.9
      vertex 51.3 20 75.9
      vertex 51.58841236508714 16.5322329110374 75.9
    endloop
  endfacet
  facet normal 0 0 -1
    outer loop
      vertex 51.3 -20 71.9
      vertex 52.33266502331451 -14.331653547427418 71.9
      vertex 52.373201429255246 -14.493483951332585 71.9
    endloop
  endfacet
  facet normal 0 0 -1
    outer loop
      vertex 51.3 -20 71.9
      vertex 52.373201429255246 -14.493483951332585 71.9
      vertex 52.429404794730814 -14.650561835020653 71.9
    endloop
  endfacet
  facet normal 0 0 -1
    outer loop
      vertex 51.3 -20 71.9
      vertex 52.500733850607794 -14.801374452604197 71.9
      vertex 52.58650165908567 -14.944469396133323 71.9
    endloop
  endfacet
  facet normal 0 0 -1
    outer loop
      vertex 51.3 -20 71.9
      vertex 52.58650165908567 -14.944469396133323 71.9
      vertex 52.685882229283344 -15.078468583078198 71.9
    endloop
  endfacet
  facet normal 0 0 -1
    outer loop
      vertex 51.3 -20 71.9
      vertex 52.685882229283344 -15.078468583078198 71.9
      vertex 52.79791847198287 -15.20208152801713 71.9
    endloop
  endfacet
  facet normal 0 0 -1
    outer loop
      vertex 51.3 -20 71.9
      vertex 52.79791847198287 -15.20208152801713 71.9
      vertex 52.9215314169218 -15.314117770716653 71.9
    endloop
  endfacet
  facet normal 0 0 -1
    outer loop
      vertex 51.3 -20 71.9
      vertex 52.429404794730814 -14.650561835020653 71.9
      vertex 52.500733850607794 -14.801374452604197 71.9
    endloop
  endfacet
  facet normal 0 0 -1
    outer loop
      vertex 51.3 -20 71.9
      vertex 52.9215314169218 -15.314117770716653 71.9
      vertex 53.05553060386668 -15.413498340914327 71.9
    endloop
  endfacet
  facet normal 0 0 -1
    outer loop
      vertex 51.3 -20 71.9
      vertex 53.05553060386668 -15.413498340914327 71.9
      vertex 53.19862554739581 -15.499266149392204 71.9
    endloop
  endfacet
  facet normal 0 0 -1
    outer loop
      vertex 51.3 -20 71.9
      vertex 53.34943816497935 -15.570595205269187 71.9
      vertex 53.506516048667415 -15.626798570744755 71.9
    endloop
  endfacet
  facet normal 0 0 -1
    outer loop
      vertex 51.3 -20 71.9
      vertex 53.19862554739581 -15.499266149392204 71.9
      vertex 53.34943816497935 -15.570595205269187 71.9
    endloop
  endfacet
  facet normal 0 0 -1
    outer loop
      vertex 51.3 -20 71.9
      vertex 53.506516048667415 -15.626798570744755 71.9
      vertex 53.668346452572585 -15.667334976685492 71.9
    endloop
  endfacet
  facet normal 0 0 -1
    outer loop
      vertex 51.3 -20 71.9
      vertex 52.30818596465726 -14.166629138560253 71.9
      vertex 52.33266502331451 -14.331653547427418 71.9
    endloop
  endfacet
  facet normal 0 0 -1
    outer loop
      vertex 51.3 -20 71.9
      vertex 52.3 -14 71.9
      vertex 52.30818596465726 -14.166629138560253 71.9
    endloop
  endfacet
  facet normal 0 0 -1
    outer loop
      vertex 51.3 -20 71.9
      vertex 52.30818596465726 -13.833370861439747 71.9
      vertex 52.3 -14 71.9
    endloop
  endfacet
  facet normal 0 0 -1
    outer loop
      vertex 51.3 -20 71.9
      vertex 52.33266502331451 -13.668346452572582 71.9
      vertex 52.30818596465726 -13.833370861439747 71.9
    endloop
  endfacet
  facet normal 0 0 -1
    outer loop
      vertex 51.3 -20 71.9
      vertex 53.668346452572585 -15.667334976685492 71.9
      vertex 53.83337086143975 -15.691814035342734 71.9
    endloop
  endfacet
  facet normal 0 0 -1
    outer loop
      vertex 51.3 -20 71.9
      vertex 53.83337086143975 -15.691814035342734 71.9
      vertex 54 -15.7 71.9
    endloop
  endfacet
  facet normal 0 0 -1
    outer loop
      vertex 51.3 -20 71.9
      vertex 54 -15.7 71.9
      vertex 54.16662913856025 -15.691814035342734 71.9
    endloop
  endfacet
  facet normal 0 0 -1
    outer loop
      vertex 51.3 -20 71.9
      vertex 54.16662913856025 -15.691814035342734 71.9
      vertex 54.331653547427415 -15.667334976685492 71.9
    endloop
  endfacet
  facet normal 0 0 -1
    outer loop
      vertex 51.3 -20 71.9
      vertex 54.331653547427415 -15.667334976685492 71.9
      vertex 54.493483951332585 -15.626798570744755 71.9
    endloop
  endfacet
  facet normal 0 -1 0
    outer loop
      vertex 51.3 -20 71.9
      vertex 63 -20 75.9
      vertex 51.3 -20 75.9
    endloop
  endfacet
  facet normal 0 0 1
    outer loop
      vertex 51.3 -20 75.9
      vertex 63 -18 75.9
      vertex 51.6 -18 75.9
    endloop
  endfacet
  facet normal 0 0 -1
    outer loop
      vertex 55.0784685830782 -15.314117770716653 71.9
      vertex 58.05553060386668 -15.413498340914327 71.9
      vertex 54.94446939613332 -15.413498340914327 71.9
    endloop
  endfacet
  facet normal 0 0 -1
    outer loop
      vertex 55.0784685830782 -15.314117770716653 71.9
      vertex 55.20208152801713 -15.20208152801713 71.9
      vertex 57.9215314169218 -15.314117770716653 71.9
    endloop
  endfacet
  facet normal 0 0 -1
    outer loop
      vertex 55.314117770716656 -15.078468583078198 71.9
      vertex 57.79791847198287 -15.20208152801713 71.9
      vertex 55.20208152801713 -15.20208152801713 71.9
    endloop
  endfacet
  facet normal 0 0 -1
    outer loop
      vertex 51.3 -5.5 71.9
      vertex 52.373201429255246 -13.506516048667415 71.9
      vertex 52.33266502331451 -13.668346452572582 71.9
    endloop
  endfacet
  facet normal 0 0 -1
    outer loop
      vertex 51.3 -5.5 71.9
      vertex 52.429404794730814 -13.349438164979347 71.9
      vertex 52.373201429255246 -13.506516048667415 71.9
    endloop
  endfacet
  facet normal 0 0 -1
    outer loop
      vertex 51.3 -5.5 71.9
      vertex 52.500733850607794 -13.198625547395803 71.9
      vertex 52.429404794730814 -13.349438164979347 71.9
    endloop
  endfacet
  facet normal 0 0 -1
    outer loop
      vertex 51.3 -5.5 71.9
      vertex 52.58650165908567 -13.055530603866677 71.9
      vertex 52.500733850607794 -13.198625547395803 71.9
    endloop
  endfacet
  facet normal 0 0 -1
    outer loop
      vertex 51.3 -5.5 71.9
      vertex 52.685882229283344 -12.921531416921802 71.9
      vertex 52.58650165908567 -13.055530603866677 71.9
    endloop
  endfacet
  facet normal 0 0 -1
    outer loop
      vertex 51.3 -5.5 71.9
      vertex 52.79791847198287 -12.79791847198287 71.9
      vertex 52.685882229283344 -12.921531416921802 71.9
    endloop
  endfacet
  facet normal 0 0 -1
    outer loop
      vertex 51.3 -5.5 71.9
      vertex 52.9215314169218 -12.685882229283347 71.9
      vertex 52.79791847198287 -12.79791847198287 71.9
    endloop
  endfacet
  facet normal 0 0 -1
    outer loop
      vertex 51.3 -5.5 71.9
      vertex 53.05553060386668 -12.586501659085673 71.9
      vertex 52.9215314169218 -12.685882229283347 71.9
    endloop
  endfacet
  facet normal 0 0 -1
    outer loop
      vertex 51.3 -5.5 71.9
      vertex 53.19862554739581 -12.500733850607796 71.9
      vertex 53.05553060386668 -12.586501659085673 71.9
    endloop
  endfacet
  facet normal 0 0 -1
    outer loop
      vertex 51.3 -5.5 71.9
      vertex 53.34943816497935 -12.429404794730813 71.9
      vertex 53.19862554739581 -12.500733850607796 71.9
    endloop
  endfacet
  facet normal 0 0 -1
    outer loop
      vertex 51.3 -5.5 71.9
      vertex 53.506516048667415 -12.373201429255245 71.9
      vertex 53.34943816497935 -12.429404794730813 71.9
    endloop
  endfacet
  facet normal 0 0 -1
    outer loop
      vertex 53.506516048667415 -12.373201429255245 71.9
      vertex 60 -5.5 71.9
      vertex 53.668346452572585 -12.332665023314508 71.9
    endloop
  endfacet
  facet normal 0 0 -1
    outer loop
      vertex 60 -5.5 71.9
      vertex 53.83337086143975 -12.308185964657266 71.9
      vertex 53.668346452572585 -12.332665023314508 71.9
    endloop
  endfacet
  facet normal 0 0 -1
    outer loop
      vertex 60 -5.5 71.9
      vertex 54 -12.3 71.9
      vertex 53.83337086143975 -12.308185964657266 71.9
    endloop
  endfacet
  facet normal 0 0 -1
    outer loop
      vertex 60 -5.5 71.9
      vertex 54.16662913856025 -12.308185964657266 71.9
      vertex 54 -12.3 71.9
    endloop
  endfacet
  facet normal 0 0 -1
    outer loop
      vertex 51.3 -20 71.9
      vertex 54.493483951332585 -15.626798570744755 71.9
      vertex 63 -20 71.9
    endloop
  endfacet
  facet normal 0 0 -1
    outer loop
      vertex 55.41349834091433 -14.944469396133323 71.9
      vertex 57.685882229283344 -15.078468583078198 71.9
      vertex 55.314117770716656 -15.078468583078198 71.9
    endloop
  endfacet
  facet normal 0 0 -1
    outer loop
      vertex 55.314117770716656 -15.078468583078198 71.9
      vertex 57.685882229283344 -15.078468583078198 71.9
      vertex 57.79791847198287 -15.20208152801713 71.9
    endloop
  endfacet
  facet normal 0 0 -1
    outer loop
      vertex 55.0784685830782 -15.314117770716653 71.9
      vertex 57.9215314169218 -15.314117770716653 71.9
      vertex 58.05553060386668 -15.413498340914327 71.9
    endloop
  endfacet
  facet normal 0 0 -1
    outer loop
      vertex 55.20208152801713 -15.20208152801713 71.9
      vertex 57.79791847198287 -15.20208152801713 71.9
      vertex 57.9215314169218 -15.314117770716653 71.9
    endloop
  endfacet
  facet normal 0 0 -1
    outer loop
      vertex 63 -20 71.9
      vertex 54.493483951332585 -15.626798570744755 71.9
      vertex 54.65056183502065 -15.570595205269187 71.9
    endloop
  endfacet
  facet normal 0 0 -1
    outer loop
      vertex 63 -20 71.9
      vertex 54.65056183502065 -15.570595205269187 71.9
      vertex 54.80137445260419 -15.499266149392204 71.9
    endloop
  endfacet
  facet normal 0 0 -1
    outer loop
      vertex 63 -20 71.9
      vertex 54.80137445260419 -15.499266149392204 71.9
      vertex 54.94446939613332 -15.413498340914327 71.9
    endloop
  endfacet
  facet normal 0 -1 0
    outer loop
      vertex 51.3 -20 71.9
      vertex 63 -20 71.9
      vertex 63 -20 75.9
    endloop
  endfacet
  facet normal 0 0 1
    outer loop
      vertex 51.3 -20 75.9
      vertex 63 -20 75.9
      vertex 63 -18 75.9
    endloop
  endfacet
  facet normal 0 0 -1
    outer loop
      vertex 63 -20 71.9
      vertex 54.94446939613332 -15.413498340914327 71.9
      vertex 58.05553060386668 -15.413498340914327 71.9
    endloop
  endfacet
  facet normal 0 0 -1
    outer loop
      vertex 63 -20 71.9
      vertex 58.05553060386668 -15.413498340914327 71.9
      vertex 58.19862554739581 -15.499266149392204 71.9
    endloop
  endfacet
  facet normal 0 0 -1
    outer loop
      vertex 63 -20 71.9
      vertex 58.19862554739581 -15.499266149392204 71.9
      vertex 58.34943816497935 -15.570595205269187 71.9
    endloop
  endfacet
  facet normal 0 0 -1
    outer loop
      vertex 63 -20 71.9
      vertex 58.34943816497935 -15.570595205269187 71.9
      vertex 58.506516048667415 -15.626798570744755 71.9
    endloop
  endfacet
  facet normal 0 0 -1
    outer loop
      vertex 63 -20 71.9
      vertex 58.506516048667415 -15.626798570744755 71.9
      vertex 58.668346452572585 -15.667334976685492 71.9
    endloop
  endfacet
  facet normal 0 0 -1
    outer loop
      vertex 63 -20 71.9
      vertex 58.668346452572585 -15.667334976685492 71.9
      vertex 58.83337086143975 -15.691814035342734 71.9
    endloop
  endfacet
  facet normal 0 0 -1
    outer loop
      vertex 63 -20 71.9
      vertex 58.83337086143975 -15.691814035342734 71.9
      vertex 59 -15.7 71.9
    endloop
  endfacet
  facet normal 0 0 -1
    outer loop
      vertex 63 -20 71.9
      vertex 59 -15.7 71.9
      vertex 59.16662913856025 -15.691814035342734 71.9
    endloop
  endfacet
  facet normal 0 0 -1
    outer loop
      vertex 55.499266149392206 -14.801374452604197 71.9
      vertex 57.58650165908567 -14.944469396133323 71.9
      vertex 55.41349834091433 -14.944469396133323 71.9
    endloop
  endfacet
  facet normal 0 0 -1
    outer loop
      vertex 55.570595205269186 -14.650561835020653 71.9
      vertex 57.500733850607794 -14.801374452604197 71.9
      vertex 55.499266149392206 -14.801374452604197 71.9
    endloop
  endfacet
  facet normal 0 0 -1
    outer loop
      vertex 55.626798570744754 -14.493483951332585 71.9
      vertex 57.429404794730814 -14.650561835020653 71.9
      vertex 55.570595205269186 -14.650561835020653 71.9
    endloop
  endfacet
  facet normal 0 0 -1
    outer loop
      vertex 55.66733497668549 -14.331653547427418 71.9
      vertex 57.373201429255246 -14.493483951332585 71.9
      vertex 55.626798570744754 -14.493483951332585 71.9
    endloop
  endfacet
  facet normal 0 0 -1
    outer loop
      vertex 55.69181403534274 -14.166629138560253 71.9
      vertex 57.33266502331451 -14.331653547427418 71.9
      vertex 55.66733497668549 -14.331653547427418 71.9
    endloop
  endfacet
  facet normal 0 0 -1
    outer loop
      vertex 55.69181403534274 -14.166629138560253 71.9
      vertex 55.7 -14 71.9
      vertex 57.30818596465726 -14.166629138560253 71.9
    endloop
  endfacet
  facet normal 0 0 -1
    outer loop
      vertex 55.69181403534274 -13.833370861439747 71.9
      vertex 57.3 -14 71.9
      vertex 55.7 -14 71.9
    endloop
  endfacet
  facet normal 0 0 -1
    outer loop
      vertex 55.66733497668549 -13.668346452572582 71.9
      vertex 57.30818596465726 -13.833370861439747 71.9
      vertex 55.69181403534274 -13.833370861439747 71.9
    endloop
  endfacet
  facet normal 0 0 -1
    outer loop
      vertex 55.499266149392206 -14.801374452604197 71.9
      vertex 57.500733850607794 -14.801374452604197 71.9
      vertex 57.58650165908567 -14.944469396133323 71.9
    endloop
  endfacet
  facet normal 0 0 -1
    outer loop
      vertex 55.41349834091433 -14.944469396133323 71.9
      vertex 57.58650165908567 -14.944469396133323 71.9
      vertex 57.685882229283344 -15.078468583078198 71.9
    endloop
  endfacet
  facet normal 0 0 -1
    outer loop
      vertex 55.570595205269186 -14.650561835020653 71.9
      vertex 57.429404794730814 -14.650561835020653 71.9
      vertex 57.500733850607794 -14.801374452604197 71.9
    endloop
  endfacet
  facet normal 0 0 -1
    outer loop
      vertex 55.66733497668549 -14.331653547427418 71.9
      vertex 57.33266502331451 -14.331653547427418 71.9
      vertex 57.373201429255246 -14.493483951332585 71.9
    endloop
  endfacet
  facet normal 0 0 -1
    outer loop
      vertex 55.626798570744754 -14.493483951332585 71.9
      vertex 57.373201429255246 -14.493483951332585 71.9
      vertex 57.429404794730814 -14.650561835020653 71.9
    endloop
  endfacet
  facet normal 0 0 -1
    outer loop
      vertex 55.69181403534274 -14.166629138560253 71.9
      vertex 57.30818596465726 -14.166629138560253 71.9
      vertex 57.33266502331451 -14.331653547427418 71.9
    endloop
  endfacet
  facet normal 0 0 -1
    outer loop
      vertex 55.7 -14 71.9
      vertex 57.3 -14 71.9
      vertex 57.30818596465726 -14.166629138560253 71.9
    endloop
  endfacet
  facet normal 0 0 -1
    outer loop
      vertex 55.69181403534274 -13.833370861439747 71.9
      vertex 57.30818596465726 -13.833370861439747 71.9
      vertex 57.3 -14 71.9
    endloop
  endfacet
  facet normal 0 0 -1
    outer loop
      vertex 55.626798570744754 -13.506516048667415 71.9
      vertex 57.33266502331451 -13.668346452572582 71.9
      vertex 55.66733497668549 -13.668346452572582 71.9
    endloop
  endfacet
  facet normal 0 0 -1
    outer loop
      vertex 55.570595205269186 -13.349438164979347 71.9
      vertex 57.373201429255246 -13.506516048667415 71.9
      vertex 55.626798570744754 -13.506516048667415 71.9
    endloop
  endfacet
  facet normal 0 0 -1
    outer loop
      vertex 55.499266149392206 -13.198625547395803 71.9
      vertex 57.429404794730814 -13.349438164979347 71.9
      vertex 55.570595205269186 -13.349438164979347 71.9
    endloop
  endfacet
  facet normal 0 0 -1
    outer loop
      vertex 55.66733497668549 -13.668346452572582 71.9
      vertex 57.33266502331451 -13.668346452572582 71.9
      vertex 57.30818596465726 -13.833370861439747 71.9
    endloop
  endfacet
  facet normal 0 0 -1
    outer loop
      vertex 55.626798570744754 -13.506516048667415 71.9
      vertex 57.373201429255246 -13.506516048667415 71.9
      vertex 57.33266502331451 -13.668346452572582 71.9
    endloop
  endfacet
  facet normal 0 0 -1
    outer loop
      vertex 55.570595205269186 -13.349438164979347 71.9
      vertex 57.429404794730814 -13.349438164979347 71.9
      vertex 57.373201429255246 -13.506516048667415 71.9
    endloop
  endfacet
  facet normal 0 0 -1
    outer loop
      vertex 55.499266149392206 -13.198625547395803 71.9
      vertex 57.500733850607794 -13.198625547395803 71.9
      vertex 57.429404794730814 -13.349438164979347 71.9
    endloop
  endfacet
  facet normal 0 0 -1
    outer loop
      vertex 60 -5.5 71.9
      vertex 54.331653547427415 -12.332665023314508 71.9
      vertex 54.16662913856025 -12.308185964657266 71.9
    endloop
  endfacet
  facet normal 0 0 -1
    outer loop
      vertex 60 -5.5 71.9
      vertex 54.493483951332585 -12.373201429255245 71.9
      vertex 54.331653547427415 -12.332665023314508 71.9
    endloop
  endfacet
  facet normal 0 0 -1
    outer loop
      vertex 60 -5.5 71.9
      vertex 54.65056183502065 -12.429404794730813 71.9
      vertex 54.493483951332585 -12.373201429255245 71.9
    endloop
  endfacet
  facet normal 0 0 -1
    outer loop
      vertex 60 -5.5 71.9
      vertex 54.80137445260419 -12.500733850607796 71.9
      vertex 54.65056183502065 -12.429404794730813 71.9
    endloop
  endfacet
  facet normal 0 0 -1
    outer loop
      vertex 54.80137445260419 -12.500733850607796 71.9
      vertex 60 -5.5 71.9
      vertex 54.94446939613332 -12.586501659085673 71.9
    endloop
  endfacet
  facet normal 0 0 -1
    outer loop
      vertex 55.0784685830782 -12.685882229283347 71.9
      vertex 60 -5.5 71.9
      vertex 55.20208152801713 -12.79791847198287 71.9
    endloop
  endfacet
  facet normal 0 0 -1
    outer loop
      vertex 55.314117770716656 -12.921531416921802 71.9
      vertex 60 -5.5 71.9
      vertex 55.41349834091433 -13.055530603866677 71.9
    endloop
  endfacet
  facet normal 0 0 -1
    outer loop
      vertex 55.20208152801713 -12.79791847198287 71.9
      vertex 60 -5.5 71.9
      vertex 55.314117770716656 -12.921531416921802 71.9
    endloop
  endfacet
  facet normal 0 0 -1
    outer loop
      vertex 54.94446939613332 -12.586501659085673 71.9
      vertex 60 -5.5 71.9
      vertex 55.0784685830782 -12.685882229283347 71.9
    endloop
  endfacet
  facet normal 0 0 -1
    outer loop
      vertex 55.499266149392206 -13.198625547395803 71.9
      vertex 55.41349834091433 -13.055530603866677 71.9
      vertex 60 -5.5 71.9
    endloop
  endfacet
  facet normal 0 0 -1
    outer loop
      vertex 55.499266149392206 -13.198625547395803 71.9
      vertex 60 -5.5 71.9
      vertex 57.500733850607794 -13.198625547395803 71.9
    endloop
  endfacet
  facet normal 0 0 -1
    outer loop
      vertex 57.500733850607794 -13.198625547395803 71.9
      vertex 60 -5.5 71.9
      vertex 57.58650165908567 -13.055530603866677 71.9
    endloop
  endfacet
  facet normal 0 0 -1
    outer loop
      vertex 57.58650165908567 -13.055530603866677 71.9
      vertex 60 -5.5 71.9
      vertex 57.685882229283344 -12.921531416921802 71.9
    endloop
  endfacet
  facet normal 0 0 -1
    outer loop
      vertex 57.685882229283344 -12.921531416921802 71.9
      vertex 60 -5.5 71.9
      vertex 57.79791847198287 -12.79791847198287 71.9
    endloop
  endfacet
  facet normal 0 0 -1
    outer loop
      vertex 57.79791847198287 -12.79791847198287 71.9
      vertex 60 -5.5 71.9
      vertex 57.9215314169218 -12.685882229283347 71.9
    endloop
  endfacet
  facet normal 0 0 -1
    outer loop
      vertex 57.9215314169218 -12.685882229283347 71.9
      vertex 60 -5.5 71.9
      vertex 58.05553060386668 -12.586501659085673 71.9
    endloop
  endfacet
  facet normal 0 0 -1
    outer loop
      vertex 58.05553060386668 -12.586501659085673 71.9
      vertex 60 -5.5 71.9
      vertex 58.19862554739581 -12.500733850607796 71.9
    endloop
  endfacet
  facet normal 0 0 -1
    outer loop
      vertex 58.19862554739581 -12.500733850607796 71.9
      vertex 60 -5.5 71.9
      vertex 58.34943816497935 -12.429404794730813 71.9
    endloop
  endfacet
  facet normal 0 0 -1
    outer loop
      vertex 58.34943816497935 -12.429404794730813 71.9
      vertex 60 -5.5 71.9
      vertex 58.506516048667415 -12.373201429255245 71.9
    endloop
  endfacet
  facet normal 0 0 -1
    outer loop
      vertex 58.506516048667415 -12.373201429255245 71.9
      vertex 60 -5.5 71.9
      vertex 58.668346452572585 -12.332665023314508 71.9
    endloop
  endfacet
  facet normal 0 0 -1
    outer loop
      vertex 58.668346452572585 -12.332665023314508 71.9
      vertex 60 -5.5 71.9
      vertex 58.83337086143975 -12.308185964657266 71.9
    endloop
  endfacet
  facet normal 0 0 -1
    outer loop
      vertex 58.83337086143975 -12.308185964657266 71.9
      vertex 60 -5.5 71.9
      vertex 59 -12.3 71.9
    endloop
  endfacet
  facet normal 0 0 -1
    outer loop
      vertex 59 -12.3 71.9
      vertex 60 -5.5 71.9
      vertex 59.16662913856025 -12.308185964657266 71.9
    endloop
  endfacet
  facet normal 0 0 -1
    outer loop
      vertex 59.16662913856025 -12.308185964657266 71.9
      vertex 60 -5.5 71.9
      vertex 59.331653547427415 -12.332665023314508 71.9
    endloop
  endfacet
  facet normal 0 0 -1
    outer loop
      vertex 59.331653547427415 -12.332665023314508 71.9
      vertex 60 -5.5 71.9
      vertex 59.493483951332585 -12.373201429255245 71.9
    endloop
  endfacet
  facet normal 0 0 -1
    outer loop
      vertex 59.493483951332585 -12.373201429255245 71.9
      vertex 60 -5.5 71.9
      vertex 59.65056183502065 -12.429404794730813 71.9
    endloop
  endfacet
  facet normal 0 0 -1
    outer loop
      vertex 59.65056183502065 -12.429404794730813 71.9
      vertex 60 -5.5 71.9
      vertex 59.80137445260419 -12.500733850607796 71.9
    endloop
  endfacet
  facet normal 0 0 -1
    outer loop
      vertex 60 -5.5 71.9
      vertex 60.626798570744754 -13.506516048667415 71.9
      vertex 60.570595205269186 -13.349438164979347 71.9
    endloop
  endfacet
  facet normal 0 0 -1
    outer loop
      vertex 60 -5.5 71.9
      vertex 60.570595205269186 -13.349438164979347 71.9
      vertex 60.499266149392206 -13.198625547395803 71.9
    endloop
  endfacet
  facet normal 0 0 -1
    outer loop
      vertex 60 -5.5 71.9
      vertex 60.20208152801713 -12.79791847198287 71.9
      vertex 60.0784685830782 -12.685882229283347 71.9
    endloop
  endfacet
  facet normal 0 0 -1
    outer loop
      vertex 60 -5.5 71.9
      vertex 60.314117770716656 -12.921531416921802 71.9
      vertex 60.20208152801713 -12.79791847198287 71.9
    endloop
  endfacet
  facet normal 0 0 -1
    outer loop
      vertex 59.80137445260419 -12.500733850607796 71.9
      vertex 60 -5.5 71.9
      vertex 59.94446939613332 -12.586501659085673 71.9
    endloop
  endfacet
  facet normal 0 0 -1
    outer loop
      vertex 60 -5.5 71.9
      vertex 60.0784685830782 -12.685882229283347 71.9
      vertex 59.94446939613332 -12.586501659085673 71.9
    endloop
  endfacet
  facet normal 0 0 -1
    outer loop
      vertex 60 -5.5 71.9
      vertex 60.41349834091433 -13.055530603866677 71.9
      vertex 60.314117770716656 -12.921531416921802 71.9
    endloop
  endfacet
  facet normal 0 0 -1
    outer loop
      vertex 60 -5.5 71.9
      vertex 60.499266149392206 -13.198625547395803 71.9
      vertex 60.41349834091433 -13.055530603866677 71.9
    endloop
  endfacet
  facet normal 0 0 -1
    outer loop
      vertex 53.506516048667415 -12.373201429255245 71.9
      vertex 51.3 -5.5 71.9
      vertex 60 -5.5 71.9
    endloop
  endfacet
  facet normal 0 0 -1
    outer loop
      vertex 60.626798570744754 -13.506516048667415 71.9
      vertex 60 5.5 71.9
      vertex 60.66733497668549 -13.668346452572582 71.9
    endloop
  endfacet
  facet normal 0 0 -1
    outer loop
      vertex 60 -5.5 71.9
      vertex 60 5.5 71.9
      vertex 60.626798570744754 -13.506516048667415 71.9
    endloop
  endfacet
  facet normal 0 0 -1
    outer loop
      vertex 63 -20 71.9
      vertex 59.16662913856025 -15.691814035342734 71.9
      vertex 59.331653547427415 -15.667334976685492 71.9
    endloop
  endfacet
  facet normal 0 0 -1
    outer loop
      vertex 63 -20 71.9
      vertex 59.331653547427415 -15.667334976685492 71.9
      vertex 59.493483951332585 -15.626798570744755 71.9
    endloop
  endfacet
  facet normal 0 0 -1
    outer loop
      vertex 63 -20 71.9
      vertex 59.493483951332585 -15.626798570744755 71.9
      vertex 59.65056183502065 -15.570595205269187 71.9
    endloop
  endfacet
  facet normal 0 0 -1
    outer loop
      vertex 63 -20 71.9
      vertex 59.65056183502065 -15.570595205269187 71.9
      vertex 59.80137445260419 -15.499266149392204 71.9
    endloop
  endfacet
  facet normal 0 0 -1
    outer loop
      vertex 63 -20 71.9
      vertex 59.80137445260419 -15.499266149392204 71.9
      vertex 59.94446939613332 -15.413498340914327 71.9
    endloop
  endfacet
  facet normal 0 0 -1
    outer loop
      vertex 63 -20 71.9
      vertex 59.94446939613332 -15.413498340914327 71.9
      vertex 60.0784685830782 -15.314117770716653 71.9
    endloop
  endfacet
  facet normal 0 0 -1
    outer loop
      vertex 63 -20 71.9
      vertex 60.0784685830782 -15.314117770716653 71.9
      vertex 60.20208152801713 -15.20208152801713 71.9
    endloop
  endfacet
  facet normal 0 0 -1
    outer loop
      vertex 63 -20 71.9
      vertex 60.20208152801713 -15.20208152801713 71.9
      vertex 60.314117770716656 -15.078468583078198 71.9
    endloop
  endfacet
  facet normal 0 0 -1
    outer loop
      vertex 63 -20 71.9
      vertex 60.314117770716656 -15.078468583078198 71.9
      vertex 60.41349834091433 -14.944469396133323 71.9
    endloop
  endfacet
  facet normal 0 0 -1
    outer loop
      vertex 63 -20 71.9
      vertex 60.41349834091433 -14.944469396133323 71.9
      vertex 60.499266149392206 -14.801374452604197 71.9
    endloop
  endfacet
  facet normal 0 0 -1
    outer loop
      vertex 63 -20 71.9
      vertex 60.499266149392206 -14.801374452604197 71.9
      vertex 60.570595205269186 -14.650561835020653 71.9
    endloop
  endfacet
  facet normal 0 0 -1
    outer loop
      vertex 63 -20 71.9
      vertex 60.570595205269186 -14.650561835020653 71.9
      vertex 60.626798570744754 -14.493483951332585 71.9
    endloop
  endfacet
  facet normal 0 0 -1
    outer loop
      vertex 63 -20 71.9
      vertex 60.626798570744754 -14.493483951332585 71.9
      vertex 60.66733497668549 -14.331653547427418 71.9
    endloop
  endfacet
  facet normal 0 0 -1
    outer loop
      vertex 63 -20 71.9
      vertex 60.66733497668549 -14.331653547427418 71.9
      vertex 60.69181403534274 -14.166629138560253 71.9
    endloop
  endfacet
  facet normal 0 0 -1
    outer loop
      vertex 63 -20 71.9
      vertex 60.69181403534274 -14.166629138560253 71.9
      vertex 60.7 -14 71.9
    endloop
  endfacet
  facet normal 0 0 -1
    outer loop
      vertex 63 -20 71.9
      vertex 60.7 -14 71.9
      vertex 60.69181403534274 -13.833370861439747 71.9
    endloop
  endfacet
  facet normal 0 0 -1
    outer loop
      vertex 63 -20 71.9
      vertex 60.69181403534274 -13.833370861439747 71.9
      vertex 60 5.5 71.9
    endloop
  endfacet
  facet normal 0 0 -1
    outer loop
      vertex 60.66733497668549 -13.668346452572582 71.9
      vertex 60 5.5 71.9
      vertex 60.69181403534274 -13.833370861439747 71.9
    endloop
  endfacet
  facet normal 1 0 0
    outer loop
      vertex 63 -20 71.9
      vertex 63 20 71.9
      vertex 63 -20 75.9
    endloop
  endfacet
  facet normal 1 0 0
    outer loop
      vertex 63 -20 75.9
      vertex 63 18 75.85000000000001
      vertex 63 -18 75.9
    endloop
  endfacet
  facet normal 0 0 -1
    outer loop
      vertex 60 5.5 71.9
      vertex 51.3 5.5 71.9
      vertex 53.83337086143975 12.308185964657266 71.9
    endloop
  endfacet
  facet normal 0 0 -1
    outer loop
      vertex 51.3 5.5 71.9
      vertex 52.500733850607794 13.198625547395803 71.9
      vertex 52.58650165908567 13.055530603866677 71.9
    endloop
  endfacet
  facet normal 0 0 -1
    outer loop
      vertex 51.3 5.5 71.9
      vertex 52.58650165908567 13.055530603866677 71.9
      vertex 52.685882229283344 12.921531416921802 71.9
    endloop
  endfacet
  facet normal 0 0 -1
    outer loop
      vertex 51.3 5.5 71.9
      vertex 52.685882229283344 12.921531416921802 71.9
      vertex 52.79791847198287 12.79791847198287 71.9
    endloop
  endfacet
  facet normal 0 0 -1
    outer loop
      vertex 51.3 5.5 71.9
      vertex 52.79791847198287 12.79791847198287 71.9
      vertex 52.9215314169218 12.685882229283347 71.9
    endloop
  endfacet
  facet normal 0 0 -1
    outer loop
      vertex 51.3 5.5 71.9
      vertex 52.33266502331451 13.668346452572582 71.9
      vertex 52.373201429255246 13.506516048667415 71.9
    endloop
  endfacet
  facet normal 0 0 -1
    outer loop
      vertex 51.3 5.5 71.9
      vertex 52.373201429255246 13.506516048667415 71.9
      vertex 52.429404794730814 13.349438164979347 71.9
    endloop
  endfacet
  facet normal 0 0 -1
    outer loop
      vertex 51.3 5.5 71.9
      vertex 52.30818596465726 13.833370861439747 71.9
      vertex 52.33266502331451 13.668346452572582 71.9
    endloop
  endfacet
  facet normal 0 0 -1
    outer loop
      vertex 51.3 5.5 71.9
      vertex 52.3 14 71.9
      vertex 52.30818596465726 13.833370861439747 71.9
    endloop
  endfacet
  facet normal 0 0 -1
    outer loop
      vertex 51.3 5.5 71.9
      vertex 52.429404794730814 13.349438164979347 71.9
      vertex 52.500733850607794 13.198625547395803 71.9
    endloop
  endfacet
  facet normal 0 0 -1
    outer loop
      vertex 51.3 5.5 71.9
      vertex 52.9215314169218 12.685882229283347 71.9
      vertex 53.05553060386668 12.586501659085673 71.9
    endloop
  endfacet
  facet normal 0 0 -1
    outer loop
      vertex 51.3 5.5 71.9
      vertex 53.05553060386668 12.586501659085673 71.9
      vertex 53.19862554739581 12.500733850607796 71.9
    endloop
  endfacet
  facet normal 0 0 -1
    outer loop
      vertex 51.3 5.5 71.9
      vertex 53.19862554739581 12.500733850607796 71.9
      vertex 53.34943816497935 12.429404794730813 71.9
    endloop
  endfacet
  facet normal 0 0 -1
    outer loop
      vertex 51.3 5.5 71.9
      vertex 53.34943816497935 12.429404794730813 71.9
      vertex 53.506516048667415 12.373201429255245 71.9
    endloop
  endfacet
  facet normal 0 0 -1
    outer loop
      vertex 51.3 5.5 71.9
      vertex 53.506516048667415 12.373201429255245 71.9
      vertex 53.668346452572585 12.332665023314508 71.9
    endloop
  endfacet
  facet normal 0 0 -1
    outer loop
      vertex 51.3 5.5 71.9
      vertex 53.668346452572585 12.332665023314508 71.9
      vertex 53.83337086143975 12.308185964657266 71.9
    endloop
  endfacet
  facet normal 0 0 -1
    outer loop
      vertex 60 5.5 71.9
      vertex 53.83337086143975 12.308185964657266 71.9
      vertex 54 12.3 71.9
    endloop
  endfacet
  facet normal 0 0 -1
    outer loop
      vertex 60 5.5 71.9
      vertex 54 12.3 71.9
      vertex 54.16662913856025 12.308185964657266 71.9
    endloop
  endfacet
  facet normal 0 0 -1
    outer loop
      vertex 55.314117770716656 15.078468583078198 71.9
      vertex 57.58650165908567 14.944469396133323 71.9
      vertex 55.41349834091433 14.944469396133323 71.9
    endloop
  endfacet
  facet normal 0 0 -1
    outer loop
      vertex 51.3 20 71.9
      vertex 52.30818596465726 14.166629138560253 71.9
      vertex 52.3 14 71.9
    endloop
  endfacet
  facet normal 0 0 -1
    outer loop
      vertex 51.3 20 71.9
      vertex 52.33266502331451 14.331653547427418 71.9
      vertex 52.30818596465726 14.166629138560253 71.9
    endloop
  endfacet
  facet normal 0 0 -1
    outer loop
      vertex 51.3 20 71.9
      vertex 52.373201429255246 14.493483951332585 71.9
      vertex 52.33266502331451 14.331653547427418 71.9
    endloop
  endfacet
  facet normal 0 0 -1
    outer loop
      vertex 51.3 20 71.9
      vertex 52.429404794730814 14.650561835020653 71.9
      vertex 52.373201429255246 14.493483951332585 71.9
    endloop
  endfacet
  facet normal 0 0 -1
    outer loop
      vertex 51.3 20 71.9
      vertex 52.500733850607794 14.801374452604197 71.9
      vertex 52.429404794730814 14.650561835020653 71.9
    endloop
  endfacet
  facet normal 0 0 -1
    outer loop
      vertex 51.3 20 71.9
      vertex 52.58650165908567 14.944469396133323 71.9
      vertex 52.500733850607794 14.801374452604197 71.9
    endloop
  endfacet
  facet normal 0 0 -1
    outer loop
      vertex 51.3 20 71.9
      vertex 52.685882229283344 15.078468583078198 71.9
      vertex 52.58650165908567 14.944469396133323 71.9
    endloop
  endfacet
  facet normal 0 0 -1
    outer loop
      vertex 51.3 20 71.9
      vertex 52.79791847198287 15.20208152801713 71.9
      vertex 52.685882229283344 15.078468583078198 71.9
    endloop
  endfacet
  facet normal 0 0 -1
    outer loop
      vertex 51.3 20 71.9
      vertex 52.9215314169218 15.314117770716653 71.9
      vertex 52.79791847198287 15.20208152801713 71.9
    endloop
  endfacet
  facet normal 0 0 -1
    outer loop
      vertex 51.3 20 71.9
      vertex 53.05553060386668 15.413498340914327 71.9
      vertex 52.9215314169218 15.314117770716653 71.9
    endloop
  endfacet
  facet normal 0 0 -1
    outer loop
      vertex 51.3 20 71.9
      vertex 53.19862554739581 15.499266149392204 71.9
      vertex 53.05553060386668 15.413498340914327 71.9
    endloop
  endfacet
  facet normal 0 0 -1
    outer loop
      vertex 51.3 20 71.9
      vertex 53.34943816497935 15.570595205269187 71.9
      vertex 53.19862554739581 15.499266149392204 71.9
    endloop
  endfacet
  facet normal 0 0 -1
    outer loop
      vertex 51.3 20 71.9
      vertex 53.506516048667415 15.626798570744755 71.9
      vertex 53.34943816497935 15.570595205269187 71.9
    endloop
  endfacet
  facet normal 0 0 -1
    outer loop
      vertex 51.3 20 71.9
      vertex 53.668346452572585 15.667334976685492 71.9
      vertex 53.506516048667415 15.626798570744755 71.9
    endloop
  endfacet
  facet normal 0 0 -1
    outer loop
      vertex 51.3 20 71.9
      vertex 53.83337086143975 15.691814035342734 71.9
      vertex 53.668346452572585 15.667334976685492 71.9
    endloop
  endfacet
  facet normal 0 0 -1
    outer loop
      vertex 51.3 20 71.9
      vertex 54 15.7 71.9
      vertex 53.83337086143975 15.691814035342734 71.9
    endloop
  endfacet
  facet normal 0 0 -1
    outer loop
      vertex 51.3 20 71.9
      vertex 54.16662913856025 15.691814035342734 71.9
      vertex 54 15.7 71.9
    endloop
  endfacet
  facet normal 0 0 -1
    outer loop
      vertex 51.3 20 71.9
      vertex 54.331653547427415 15.667334976685492 71.9
      vertex 54.16662913856025 15.691814035342734 71.9
    endloop
  endfacet
  facet normal 0 0 -1
    outer loop
      vertex 51.3 20 71.9
      vertex 54.493483951332585 15.626798570744755 71.9
      vertex 54.331653547427415 15.667334976685492 71.9
    endloop
  endfacet
  facet normal 0 0 -1
    outer loop
      vertex 55.20208152801713 15.20208152801713 71.9
      vertex 57.685882229283344 15.078468583078198 71.9
      vertex 55.314117770716656 15.078468583078198 71.9
    endloop
  endfacet
  facet normal 0 0 -1
    outer loop
      vertex 55.0784685830782 15.314117770716653 71.9
      vertex 57.79791847198287 15.20208152801713 71.9
      vertex 55.20208152801713 15.20208152801713 71.9
    endloop
  endfacet
  facet normal 0 0 -1
    outer loop
      vertex 54.94446939613332 15.413498340914327 71.9
      vertex 57.9215314169218 15.314117770716653 71.9
      vertex 55.0784685830782 15.314117770716653 71.9
    endloop
  endfacet
  facet normal 0 1 0
    outer loop
      vertex 51.3 20 71.9
      vertex 51.3 20 75.9
      vertex 63 20 71.9
    endloop
  endfacet
  facet normal 0 0 1
    outer loop
      vertex 51.6 18 75.9
      vertex 63 20 75.9
      vertex 51.3 20 75.9
    endloop
  endfacet
  facet normal 0 0 -1
    outer loop
      vertex 60 5.5 71.9
      vertex 54.16662913856025 12.308185964657266 71.9
      vertex 54.331653547427415 12.332665023314508 71.9
    endloop
  endfacet
  facet normal 0 0 -1
    outer loop
      vertex 60 5.5 71.9
      vertex 54.331653547427415 12.332665023314508 71.9
      vertex 54.493483951332585 12.373201429255245 71.9
    endloop
  endfacet
  facet normal 0 0 -1
    outer loop
      vertex 60 5.5 71.9
      vertex 54.493483951332585 12.373201429255245 71.9
      vertex 54.65056183502065 12.429404794730813 71.9
    endloop
  endfacet
  facet normal 0 0 -1
    outer loop
      vertex 60 5.5 71.9
      vertex 54.65056183502065 12.429404794730813 71.9
      vertex 54.80137445260419 12.500733850607796 71.9
    endloop
  endfacet
  facet normal 0 0 -1
    outer loop
      vertex 60 5.5 71.9
      vertex 54.80137445260419 12.500733850607796 71.9
      vertex 54.94446939613332 12.586501659085673 71.9
    endloop
  endfacet
  facet normal 0 0 -1
    outer loop
      vertex 60 5.5 71.9
      vertex 54.94446939613332 12.586501659085673 71.9
      vertex 55.0784685830782 12.685882229283347 71.9
    endloop
  endfacet
  facet normal 0 0 -1
    outer loop
      vertex 60 5.5 71.9
      vertex 55.0784685830782 12.685882229283347 71.9
      vertex 55.20208152801713 12.79791847198287 71.9
    endloop
  endfacet
  facet normal 0 0 -1
    outer loop
      vertex 60 5.5 71.9
      vertex 55.20208152801713 12.79791847198287 71.9
      vertex 55.314117770716656 12.921531416921802 71.9
    endloop
  endfacet
  facet normal 0 0 -1
    outer loop
      vertex 60 5.5 71.9
      vertex 55.314117770716656 12.921531416921802 71.9
      vertex 55.41349834091433 13.055530603866677 71.9
    endloop
  endfacet
  facet normal 0 0 -1
    outer loop
      vertex 60 5.5 71.9
      vertex 55.41349834091433 13.055530603866677 71.9
      vertex 57.58650165908567 13.055530603866677 71.9
    endloop
  endfacet
  facet normal 0 0 -1
    outer loop
      vertex 55.41349834091433 13.055530603866677 71.9
      vertex 55.499266149392206 13.198625547395803 71.9
      vertex 57.58650165908567 13.055530603866677 71.9
    endloop
  endfacet
  facet normal 0 0 -1
    outer loop
      vertex 55.570595205269186 13.349438164979347 71.9
      vertex 57.500733850607794 13.198625547395803 71.9
      vertex 55.499266149392206 13.198625547395803 71.9
    endloop
  endfacet
  facet normal 0 0 -1
    outer loop
      vertex 55.626798570744754 13.506516048667415 71.9
      vertex 57.429404794730814 13.349438164979347 71.9
      vertex 55.570595205269186 13.349438164979347 71.9
    endloop
  endfacet
  facet normal 0 0 -1
    outer loop
      vertex 55.66733497668549 13.668346452572582 71.9
      vertex 57.373201429255246 13.506516048667415 71.9
      vertex 55.626798570744754 13.506516048667415 71.9
    endloop
  endfacet
  facet normal 0 0 -1
    outer loop
      vertex 55.69181403534274 13.833370861439747 71.9
      vertex 57.33266502331451 13.668346452572582 71.9
      vertex 55.66733497668549 13.668346452572582 71.9
    endloop
  endfacet
  facet normal 0 0 -1
    outer loop
      vertex 55.499266149392206 13.198625547395803 71.9
      vertex 57.500733850607794 13.198625547395803 71.9
      vertex 57.58650165908567 13.055530603866677 71.9
    endloop
  endfacet
  facet normal 0 0 -1
    outer loop
      vertex 55.570595205269186 13.349438164979347 71.9
      vertex 57.429404794730814 13.349438164979347 71.9
      vertex 57.500733850607794 13.198625547395803 71.9
    endloop
  endfacet
  facet normal 0 0 -1
    outer loop
      vertex 55.66733497668549 13.668346452572582 71.9
      vertex 57.33266502331451 13.668346452572582 71.9
      vertex 57.373201429255246 13.506516048667415 71.9
    endloop
  endfacet
  facet normal 0 0 -1
    outer loop
      vertex 55.626798570744754 13.506516048667415 71.9
      vertex 57.373201429255246 13.506516048667415 71.9
      vertex 57.429404794730814 13.349438164979347 71.9
    endloop
  endfacet
  facet normal 0 0 -1
    outer loop
      vertex 55.7 14 71.9
      vertex 57.30818596465726 13.833370861439747 71.9
      vertex 55.69181403534274 13.833370861439747 71.9
    endloop
  endfacet
  facet normal 0 0 -1
    outer loop
      vertex 55.69181403534274 14.166629138560253 71.9
      vertex 57.3 14 71.9
      vertex 55.7 14 71.9
    endloop
  endfacet
  facet normal 0 0 -1
    outer loop
      vertex 55.69181403534274 14.166629138560253 71.9
      vertex 55.66733497668549 14.331653547427418 71.9
      vertex 57.30818596465726 14.166629138560253 71.9
    endloop
  endfacet
  facet normal 0 0 -1
    outer loop
      vertex 55.626798570744754 14.493483951332585 71.9
      vertex 57.33266502331451 14.331653547427418 71.9
      vertex 55.66733497668549 14.331653547427418 71.9
    endloop
  endfacet
  facet normal 0 0 -1
    outer loop
      vertex 55.570595205269186 14.650561835020653 71.9
      vertex 57.373201429255246 14.493483951332585 71.9
      vertex 55.626798570744754 14.493483951332585 71.9
    endloop
  endfacet
  facet normal 0 0 -1
    outer loop
      vertex 55.499266149392206 14.801374452604197 71.9
      vertex 57.429404794730814 14.650561835020653 71.9
      vertex 55.570595205269186 14.650561835020653 71.9
    endloop
  endfacet
  facet normal 0 0 -1
    outer loop
      vertex 55.41349834091433 14.944469396133323 71.9
      vertex 57.500733850607794 14.801374452604197 71.9
      vertex 55.499266149392206 14.801374452604197 71.9
    endloop
  endfacet
  facet normal 0 0 -1
    outer loop
      vertex 55.69181403534274 13.833370861439747 71.9
      vertex 57.30818596465726 13.833370861439747 71.9
      vertex 57.33266502331451 13.668346452572582 71.9
    endloop
  endfacet
  facet normal 0 0 -1
    outer loop
      vertex 55.7 14 71.9
      vertex 57.3 14 71.9
      vertex 57.30818596465726 13.833370861439747 71.9
    endloop
  endfacet
  facet normal 0 0 -1
    outer loop
      vertex 55.69181403534274 14.166629138560253 71.9
      vertex 57.30818596465726 14.166629138560253 71.9
      vertex 57.3 14 71.9
    endloop
  endfacet
  facet normal 0 0 -1
    outer loop
      vertex 55.66733497668549 14.331653547427418 71.9
      vertex 57.33266502331451 14.331653547427418 71.9
      vertex 57.30818596465726 14.166629138560253 71.9
    endloop
  endfacet
  facet normal 0 0 -1
    outer loop
      vertex 55.626798570744754 14.493483951332585 71.9
      vertex 57.373201429255246 14.493483951332585 71.9
      vertex 57.33266502331451 14.331653547427418 71.9
    endloop
  endfacet
  facet normal 0 0 -1
    outer loop
      vertex 55.570595205269186 14.650561835020653 71.9
      vertex 57.429404794730814 14.650561835020653 71.9
      vertex 57.373201429255246 14.493483951332585 71.9
    endloop
  endfacet
  facet normal 0 0 -1
    outer loop
      vertex 55.499266149392206 14.801374452604197 71.9
      vertex 57.500733850607794 14.801374452604197 71.9
      vertex 57.429404794730814 14.650561835020653 71.9
    endloop
  endfacet
  facet normal 0 0 -1
    outer loop
      vertex 55.41349834091433 14.944469396133323 71.9
      vertex 57.58650165908567 14.944469396133323 71.9
      vertex 57.500733850607794 14.801374452604197 71.9
    endloop
  endfacet
  facet normal 0 0 -1
    outer loop
      vertex 60 5.5 71.9
      vertex 57.685882229283344 12.921531416921802 71.9
      vertex 57.79791847198287 12.79791847198287 71.9
    endloop
  endfacet
  facet normal 0 0 -1
    outer loop
      vertex 60 5.5 71.9
      vertex 57.58650165908567 13.055530603866677 71.9
      vertex 57.685882229283344 12.921531416921802 71.9
    endloop
  endfacet
  facet normal 0 0 -1
    outer loop
      vertex 60 5.5 71.9
      vertex 57.9215314169218 12.685882229283347 71.9
      vertex 58.05553060386668 12.586501659085673 71.9
    endloop
  endfacet
  facet normal 0 0 -1
    outer loop
      vertex 60 5.5 71.9
      vertex 58.05553060386668 12.586501659085673 71.9
      vertex 58.19862554739581 12.500733850607796 71.9
    endloop
  endfacet
  facet normal 0 0 -1
    outer loop
      vertex 60 5.5 71.9
      vertex 57.79791847198287 12.79791847198287 71.9
      vertex 57.9215314169218 12.685882229283347 71.9
    endloop
  endfacet
  facet normal 0 0 -1
    outer loop
      vertex 60 5.5 71.9
      vertex 58.19862554739581 12.500733850607796 71.9
      vertex 58.34943816497935 12.429404794730813 71.9
    endloop
  endfacet
  facet normal 0 0 -1
    outer loop
      vertex 60 5.5 71.9
      vertex 58.34943816497935 12.429404794730813 71.9
      vertex 58.506516048667415 12.373201429255245 71.9
    endloop
  endfacet
  facet normal 0 0 -1
    outer loop
      vertex 60 5.5 71.9
      vertex 58.506516048667415 12.373201429255245 71.9
      vertex 58.668346452572585 12.332665023314508 71.9
    endloop
  endfacet
  facet normal 0 0 -1
    outer loop
      vertex 60 5.5 71.9
      vertex 58.668346452572585 12.332665023314508 71.9
      vertex 58.83337086143975 12.308185964657266 71.9
    endloop
  endfacet
  facet normal 0 0 -1
    outer loop
      vertex 60 5.5 71.9
      vertex 58.83337086143975 12.308185964657266 71.9
      vertex 59 12.3 71.9
    endloop
  endfacet
  facet normal 0 0 -1
    outer loop
      vertex 60 5.5 71.9
      vertex 59 12.3 71.9
      vertex 59.16662913856025 12.308185964657266 71.9
    endloop
  endfacet
  facet normal 0 0 -1
    outer loop
      vertex 60 5.5 71.9
      vertex 59.16662913856025 12.308185964657266 71.9
      vertex 59.331653547427415 12.332665023314508 71.9
    endloop
  endfacet
  facet normal 0 0 -1
    outer loop
      vertex 60 5.5 71.9
      vertex 59.331653547427415 12.332665023314508 71.9
      vertex 59.493483951332585 12.373201429255245 71.9
    endloop
  endfacet
  facet normal 0 0 -1
    outer loop
      vertex 60 5.5 71.9
      vertex 59.493483951332585 12.373201429255245 71.9
      vertex 59.65056183502065 12.429404794730813 71.9
    endloop
  endfacet
  facet normal 0 0 -1
    outer loop
      vertex 60 5.5 71.9
      vertex 59.65056183502065 12.429404794730813 71.9
      vertex 59.80137445260419 12.500733850607796 71.9
    endloop
  endfacet
  facet normal 0 0 -1
    outer loop
      vertex 60 5.5 71.9
      vertex 59.80137445260419 12.500733850607796 71.9
      vertex 59.94446939613332 12.586501659085673 71.9
    endloop
  endfacet
  facet normal 0 0 -1
    outer loop
      vertex 60 5.5 71.9
      vertex 59.94446939613332 12.586501659085673 71.9
      vertex 60.0784685830782 12.685882229283347 71.9
    endloop
  endfacet
  facet normal 0 0 -1
    outer loop
      vertex 60 5.5 71.9
      vertex 60.0784685830782 12.685882229283347 71.9
      vertex 60.20208152801713 12.79791847198287 71.9
    endloop
  endfacet
  facet normal 0 0 -1
    outer loop
      vertex 60 5.5 71.9
      vertex 60.20208152801713 12.79791847198287 71.9
      vertex 60.314117770716656 12.921531416921802 71.9
    endloop
  endfacet
  facet normal 0 0 -1
    outer loop
      vertex 60 5.5 71.9
      vertex 60.314117770716656 12.921531416921802 71.9
      vertex 60.41349834091433 13.055530603866677 71.9
    endloop
  endfacet
  facet normal 0 0 -1
    outer loop
      vertex 60 5.5 71.9
      vertex 60.41349834091433 13.055530603866677 71.9
      vertex 60.499266149392206 13.198625547395803 71.9
    endloop
  endfacet
  facet normal 0 0 -1
    outer loop
      vertex 60 5.5 71.9
      vertex 60.499266149392206 13.198625547395803 71.9
      vertex 60.570595205269186 13.349438164979347 71.9
    endloop
  endfacet
  facet normal 0 0 -1
    outer loop
      vertex 55.314117770716656 15.078468583078198 71.9
      vertex 57.685882229283344 15.078468583078198 71.9
      vertex 57.58650165908567 14.944469396133323 71.9
    endloop
  endfacet
  facet normal 0 0 -1
    outer loop
      vertex 55.20208152801713 15.20208152801713 71.9
      vertex 57.79791847198287 15.20208152801713 71.9
      vertex 57.685882229283344 15.078468583078198 71.9
    endloop
  endfacet
  facet normal 0 0 -1
    outer loop
      vertex 55.0784685830782 15.314117770716653 71.9
      vertex 57.9215314169218 15.314117770716653 71.9
      vertex 57.79791847198287 15.20208152801713 71.9
    endloop
  endfacet
  facet normal 0 0 -1
    outer loop
      vertex 54.94446939613332 15.413498340914327 71.9
      vertex 58.05553060386668 15.413498340914327 71.9
      vertex 57.9215314169218 15.314117770716653 71.9
    endloop
  endfacet
  facet normal 0 0 -1
    outer loop
      vertex 63 20 71.9
      vertex 54.65056183502065 15.570595205269187 71.9
      vertex 54.493483951332585 15.626798570744755 71.9
    endloop
  endfacet
  facet normal 0 0 -1
    outer loop
      vertex 63 20 71.9
      vertex 54.80137445260419 15.499266149392204 71.9
      vertex 54.65056183502065 15.570595205269187 71.9
    endloop
  endfacet
  facet normal 0 0 -1
    outer loop
      vertex 63 20 71.9
      vertex 54.94446939613332 15.413498340914327 71.9
      vertex 54.80137445260419 15.499266149392204 71.9
    endloop
  endfacet
  facet normal 0 0 -1
    outer loop
      vertex 51.3 20 71.9
      vertex 63 20 71.9
      vertex 54.493483951332585 15.626798570744755 71.9
    endloop
  endfacet
  facet normal 0 0 -1
    outer loop
      vertex 63 20 71.9
      vertex 58.05553060386668 15.413498340914327 71.9
      vertex 54.94446939613332 15.413498340914327 71.9
    endloop
  endfacet
  facet normal 0 0 -1
    outer loop
      vertex 63 20 71.9
      vertex 58.19862554739581 15.499266149392204 71.9
      vertex 58.05553060386668 15.413498340914327 71.9
    endloop
  endfacet
  facet normal 0 0 -1
    outer loop
      vertex 63 20 71.9
      vertex 58.34943816497935 15.570595205269187 71.9
      vertex 58.19862554739581 15.499266149392204 71.9
    endloop
  endfacet
  facet normal 0 0 -1
    outer loop
      vertex 63 20 71.9
      vertex 58.506516048667415 15.626798570744755 71.9
      vertex 58.34943816497935 15.570595205269187 71.9
    endloop
  endfacet
  facet normal 0 0 -1
    outer loop
      vertex 63 20 71.9
      vertex 58.668346452572585 15.667334976685492 71.9
      vertex 58.506516048667415 15.626798570744755 71.9
    endloop
  endfacet
  facet normal 0 0 -1
    outer loop
      vertex 63 20 71.9
      vertex 58.83337086143975 15.691814035342734 71.9
      vertex 58.668346452572585 15.667334976685492 71.9
    endloop
  endfacet
  facet normal 0 0 -1
    outer loop
      vertex 63 20 71.9
      vertex 59 15.7 71.9
      vertex 58.83337086143975 15.691814035342734 71.9
    endloop
  endfacet
  facet normal 0 0 -1
    outer loop
      vertex 63 20 71.9
      vertex 59.16662913856025 15.691814035342734 71.9
      vertex 59 15.7 71.9
    endloop
  endfacet
  facet normal 0 1 0
    outer loop
      vertex 51.3 20 75.9
      vertex 63 20 75.9
      vertex 63 20 71.9
    endloop
  endfacet
  facet normal 0 0 1
    outer loop
      vertex 51.6 18 75.9
      vertex 63 18 75.9
      vertex 63 20 75.9
    endloop
  endfacet
  facet normal 0 0 -1
    outer loop
      vertex 63 -20 71.9
      vertex 60 5.5 71.9
      vertex 63 20 71.9
    endloop
  endfacet
  facet normal 1 0 0
    outer loop
      vertex 63 -20 75.9
      vertex 63 20 71.9
      vertex 63 18 75.85000000000001
    endloop
  endfacet
  facet normal 1 0 0
    outer loop
      vertex 63 -18 75.9
      vertex 63 18 75.85000000000001
      vertex 63 17.959641255605383 75.9
    endloop
  endfacet
  facet normal 0 0 -1
    outer loop
      vertex 63 20 71.9
      vertex 60 5.5 71.9
      vertex 60.570595205269186 13.349438164979347 71.9
    endloop
  endfacet
  facet normal 0 0 -1
    outer loop
      vertex 63 20 71.9
      vertex 60.570595205269186 13.349438164979347 71.9
      vertex 60.626798570744754 13.506516048667415 71.9
    endloop
  endfacet
  facet normal 0 0 -1
    outer loop
      vertex 63 20 71.9
      vertex 60.626798570744754 13.506516048667415 71.9
      vertex 60.66733497668549 13.668346452572582 71.9
    endloop
  endfacet
  facet normal 0 0 -1
    outer loop
      vertex 63 20 71.9
      vertex 60.66733497668549 13.668346452572582 71.9
      vertex 60.69181403534274 13.833370861439747 71.9
    endloop
  endfacet
  facet normal 0 0 -1
    outer loop
      vertex 63 20 71.9
      vertex 60.69181403534274 13.833370861439747 71.9
      vertex 60.7 14 71.9
    endloop
  endfacet
  facet normal 0 0 -1
    outer loop
      vertex 63 20 71.9
      vertex 60.7 14 71.9
      vertex 60.69181403534274 14.166629138560253 71.9
    endloop
  endfacet
  facet normal 0 0 -1
    outer loop
      vertex 63 20 71.9
      vertex 60.69181403534274 14.166629138560253 71.9
      vertex 60.66733497668549 14.331653547427418 71.9
    endloop
  endfacet
  facet normal 0 0 -1
    outer loop
      vertex 63 20 71.9
      vertex 59.331653547427415 15.667334976685492 71.9
      vertex 59.16662913856025 15.691814035342734 71.9
    endloop
  endfacet
  facet normal 0 0 -1
    outer loop
      vertex 63 20 71.9
      vertex 59.493483951332585 15.626798570744755 71.9
      vertex 59.331653547427415 15.667334976685492 71.9
    endloop
  endfacet
  facet normal 0 0 -1
    outer loop
      vertex 63 20 71.9
      vertex 59.65056183502065 15.570595205269187 71.9
      vertex 59.493483951332585 15.626798570744755 71.9
    endloop
  endfacet
  facet normal 0 0 -1
    outer loop
      vertex 63 20 71.9
      vertex 59.80137445260419 15.499266149392204 71.9
      vertex 59.65056183502065 15.570595205269187 71.9
    endloop
  endfacet
  facet normal 0 0 -1
    outer loop
      vertex 63 20 71.9
      vertex 59.94446939613332 15.413498340914327 71.9
      vertex 59.80137445260419 15.499266149392204 71.9
    endloop
  endfacet
  facet normal 0 0 -1
    outer loop
      vertex 63 20 71.9
      vertex 60.20208152801713 15.20208152801713 71.9
      vertex 60.0784685830782 15.314117770716653 71.9
    endloop
  endfacet
  facet normal 0 0 -1
    outer loop
      vertex 63 20 71.9
      vertex 60.41349834091433 14.944469396133323 71.9
      vertex 60.314117770716656 15.078468583078198 71.9
    endloop
  endfacet
  facet normal 0 0 -1
    outer loop
      vertex 63 20 71.9
      vertex 60.314117770716656 15.078468583078198 71.9
      vertex 60.20208152801713 15.20208152801713 71.9
    endloop
  endfacet
  facet normal 0 0 -1
    outer loop
      vertex 63 20 71.9
      vertex 60.570595205269186 14.650561835020653 71.9
      vertex 60.499266149392206 14.801374452604197 71.9
    endloop
  endfacet
  facet normal 0 0 -1
    outer loop
      vertex 63 20 71.9
      vertex 60.66733497668549 14.331653547427418 71.9
      vertex 60.626798570744754 14.493483951332585 71.9
    endloop
  endfacet
  facet normal 0 0 -1
    outer loop
      vertex 63 20 71.9
      vertex 60.626798570744754 14.493483951332585 71.9
      vertex 60.570595205269186 14.650561835020653 71.9
    endloop
  endfacet
  facet normal 0 0 -1
    outer loop
      vertex 63 20 71.9
      vertex 60.499266149392206 14.801374452604197 71.9
      vertex 60.41349834091433 14.944469396133323 71.9
    endloop
  endfacet
  facet normal 0 0 -1
    outer loop
      vertex 63 20 71.9
      vertex 60.0784685830782 15.314117770716653 71.9
      vertex 59.94446939613332 15.413498340914327 71.9
    endloop
  endfacet
  facet normal 1 0 0
    outer loop
      vertex 63 20 71.9
      vertex 63 20 75.9
      vertex 63 18 75.85000000000001
    endloop
  endfacet
  facet normal 1 0 0
    outer loop
      vertex 63 18 75.85000000000001
      vertex 63 20 75.9
      vertex 63 18 75.9
    endloop
  endfacet
  facet normal -1 0 0
    outer loop
      vertex 51.6 -9 75.9
      vertex 51.6 -9 79.60000000000001
      vertex 51.6 -5.5 75.9
    endloop
  endfacet
  facet normal -1 0 0
    outer loop
      vertex 51.6 -9 79.60000000000001
      vertex 51.6 -5.5 81.03888888888889
      vertex 51.6 -5.5 75.9
    endloop
  endfacet
  facet normal -1 0 0
    outer loop
      vertex 51.6 -9 87
      vertex 51.6 -9 110.6
      vertex 51.6 -5.5 87
    endloop
  endfacet
  facet normal -1 0 0
    outer loop
      vertex 51.6 -9 110.6
      vertex 51.6 -6 107.4
      vertex 51.6 -5.5 87
    endloop
  endfacet
  facet normal -1 0 0
    outer loop
      vertex 51.6 -5.5 87
      vertex 51.6 -6 107.4
      vertex 51.6 -5.5 107.4
    endloop
  endfacet
  facet normal -1 0 0
    outer loop
      vertex 51.6 -9 110.6
      vertex 51.6 -6 110.6
      vertex 51.6 -6 107.4
    endloop
  endfacet
  facet normal -1 0 0
    outer loop
      vertex 51.6 9 75.9
      vertex 51.6 5.5 75.9
      vertex 51.6 5.5 85.56111111111112
    endloop
  endfacet
  facet normal -1 0 0
    outer loop
      vertex 51.6 9 75.9
      vertex 51.6 5.5 85.56111111111112
      vertex 51.6 9 87
    endloop
  endfacet
  facet normal -1 0 0
    outer loop
      vertex 51.6 9 87
      vertex 51.6 5.5 87
      vertex 51.6 9 110.6
    endloop
  endfacet
  facet normal -1 0 0
    outer loop
      vertex 51.6 5.5 87
      vertex 51.6 5.5 107.4
      vertex 51.6 6 107.4
    endloop
  endfacet
  facet normal -1 0 0
    outer loop
      vertex 51.6 9 110.6
      vertex 51.6 5.5 87
      vertex 51.6 6 107.4
    endloop
  endfacet
  facet normal -1 0 0
    outer loop
      vertex 51.6 9 110.6
      vertex 51.6 6 107.4
      vertex 51.6 6 110.6
    endloop
  endfacet
  facet normal 0 -1 0
    outer loop
      vertex 51.6 -9 87
      vertex 63 -9 110.6
      vertex 51.6 -9 110.6
    endloop
  endfacet
  facet normal 0 -1 0
    outer loop
      vertex 51.6 -9 87
      vertex 63 -9 87
      vertex 63 -9 110.6
    endloop
  endfacet
  facet normal 1 0 0
    outer loop
      vertex 63 -9 87
      vertex 63 9 110.6
      vertex 63 -9 110.6
    endloop
  endfacet
  facet normal 0 1 0
    outer loop
      vertex 51.6 9 87
      vertex 51.6 9 110.6
      vertex 63 9 87
    endloop
  endfacet
  facet normal 0 1 0
    outer loop
      vertex 51.6 9 110.6
      vertex 63 9 110.6
      vertex 63 9 87
    endloop
  endfacet
  facet normal 1 0 0
    outer loop
      vertex 63 -9 87
      vertex 63 9 87
      vertex 63 9 110.6
    endloop
  endfacet
  facet normal 0 0 1
    outer loop
      vertex 34.5 -19 117.4
      vertex 40.83650165908567 -12.194469396133323 117.4
      vertex 40.750733850607794 -12.051374452604197 117.4
    endloop
  endfacet
  facet normal 0 0 1
    outer loop
      vertex 34.5 -19 117.4
      vertex 40.935882229283344 -12.328468583078198 117.4
      vertex 40.83650165908567 -12.194469396133323 117.4
    endloop
  endfacet
  facet normal 0 0 1
    outer loop
      vertex 34.5 -19 117.4
      vertex 40.58266502331451 -11.581653547427418 117.4
      vertex 40.55818596465726 -11.416629138560253 117.4
    endloop
  endfacet
  facet normal 0 0 1
    outer loop
      vertex 34.5 -19 117.4
      vertex 40.55818596465726 -11.416629138560253 117.4
      vertex 40.55 -11.25 117.4
    endloop
  endfacet
  facet normal 0 0 1
    outer loop
      vertex 34.5 -19 117.4
      vertex 40.750733850607794 -12.051374452604197 117.4
      vertex 40.679404794730814 -11.900561835020653 117.4
    endloop
  endfacet
  facet normal 0 0 1
    outer loop
      vertex 34.5 -19 117.4
      vertex 40.679404794730814 -11.900561835020653 117.4
      vertex 40.623201429255246 -11.743483951332585 117.4
    endloop
  endfacet
  facet normal 0 0 1
    outer loop
      vertex 34.5 -19 117.4
      vertex 40.623201429255246 -11.743483951332585 117.4
      vertex 40.58266502331451 -11.581653547427418 117.4
    endloop
  endfacet
  facet normal 0 0 1
    outer loop
      vertex 34.5 -19 117.4
      vertex 41.30553060386668 -12.663498340914327 117.4
      vertex 41.1715314169218 -12.564117770716653 117.4
    endloop
  endfacet
  facet normal 0 0 1
    outer loop
      vertex 34.5 -19 117.4
      vertex 41.44862554739581 -12.749266149392204 117.4
      vertex 41.30553060386668 -12.663498340914327 117.4
    endloop
  endfacet
  facet normal 0 0 1
    outer loop
      vertex 34.5 -19 117.4
      vertex 41.04791847198287 -12.45208152801713 117.4
      vertex 40.935882229283344 -12.328468583078198 117.4
    endloop
  endfacet
  facet normal 0 0 1
    outer loop
      vertex 34.5 -19 117.4
      vertex 41.1715314169218 -12.564117770716653 117.4
      vertex 41.04791847198287 -12.45208152801713 117.4
    endloop
  endfacet
  facet normal 0 0 1
    outer loop
      vertex 34.5 -19 117.4
      vertex 41.59943816497935 -12.820595205269187 117.4
      vertex 41.44862554739581 -12.749266149392204 117.4
    endloop
  endfacet
  facet normal 0 0 1
    outer loop
      vertex 34.5 -19 117.4
      vertex 41.756516048667415 -12.876798570744755 117.4
      vertex 41.59943816497935 -12.820595205269187 117.4
    endloop
  endfacet
  facet normal 0 0 1
    outer loop
      vertex 34.5 -19 117.4
      vertex 41.918346452572585 -12.917334976685492 117.4
      vertex 41.756516048667415 -12.876798570744755 117.4
    endloop
  endfacet
  facet normal 0 0 1
    outer loop
      vertex 34.5 -19 117.4
      vertex 42.08337086143975 -12.941814035342734 117.4
      vertex 41.918346452572585 -12.917334976685492 117.4
    endloop
  endfacet
  facet normal 0 0 1
    outer loop
      vertex 34.5 -19 117.4
      vertex 42.25 -12.95 117.4
      vertex 42.08337086143975 -12.941814035342734 117.4
    endloop
  endfacet
  facet normal 0 0 1
    outer loop
      vertex 34.5 -19 117.4
      vertex 42.41662913856025 -12.941814035342734 117.4
      vertex 42.25 -12.95 117.4
    endloop
  endfacet
  facet normal 0 0 1
    outer loop
      vertex 34.5 -19 117.4
      vertex 42.581653547427415 -12.917334976685492 117.4
      vertex 42.41662913856025 -12.941814035342734 117.4
    endloop
  endfacet
  facet normal 0 0 1
    outer loop
      vertex 34.5 -19 117.4
      vertex 42.743483951332585 -12.876798570744755 117.4
      vertex 42.581653547427415 -12.917334976685492 117.4
    endloop
  endfacet
  facet normal 0 0 1
    outer loop
      vertex 34.5 -19 117.4
      vertex 42.90056183502065 -12.820595205269187 117.4
      vertex 42.743483951332585 -12.876798570744755 117.4
    endloop
  endfacet
  facet normal 0 0 1
    outer loop
      vertex 34.5 -19 117.4
      vertex 43.05137445260419 -12.749266149392204 117.4
      vertex 42.90056183502065 -12.820595205269187 117.4
    endloop
  endfacet
  facet normal 0 0 1
    outer loop
      vertex 34.5 -19 117.4
      vertex 43.19446939613332 -12.663498340914327 117.4
      vertex 43.05137445260419 -12.749266149392204 117.4
    endloop
  endfacet
  facet normal -1 0 0
    outer loop
      vertex 34.5 -19 113.45
      vertex 34.5 -19 117.4
      vertex 34.5 19 113.45
    endloop
  endfacet
  facet normal 0 0 1
    outer loop
      vertex 34.5 -19 117.4
      vertex 40.55 -11.25 117.4
      vertex 40.55 11.25 117.4
    endloop
  endfacet
  facet normal 0 0 1
    outer loop
      vertex 40.55818596465726 -11.083370861439747 117.4
      vertex 40.55 11.25 117.4
      vertex 40.55 -11.25 117.4
    endloop
  endfacet
  facet normal 0 0 1
    outer loop
      vertex 40.58266502331451 -10.918346452572582 117.4
      vertex 40.55818596465726 11.083370861439747 117.4
      vertex 40.55818596465726 -11.083370861439747 117.4
    endloop
  endfacet
  facet normal 0 0 1
    outer loop
      vertex 40.623201429255246 -10.756516048667415 117.4
      vertex 40.58266502331451 10.918346452572582 117.4
      vertex 40.58266502331451 -10.918346452572582 117.4
    endloop
  endfacet
  facet normal 0 0 1
    outer loop
      vertex 40.679404794730814 -10.599438164979347 117.4
      vertex 40.623201429255246 10.756516048667415 117.4
      vertex 40.623201429255246 -10.756516048667415 117.4
    endloop
  endfacet
  facet normal 0 0 1
    outer loop
      vertex 40.750733850607794 -10.448625547395803 117.4
      vertex 40.679404794730814 10.599438164979347 117.4
      vertex 40.679404794730814 -10.599438164979347 117.4
    endloop
  endfacet
  facet normal 0 0 1
    outer loop
      vertex 40.83650165908567 -10.305530603866677 117.4
      vertex 40.750733850607794 10.448625547395803 117.4
      vertex 40.750733850607794 -10.448625547395803 117.4
    endloop
  endfacet
  facet normal 0 0 1
    outer loop
      vertex 40.935882229283344 -10.171531416921802 117.4
      vertex 40.83650165908567 10.305530603866677 117.4
      vertex 40.83650165908567 -10.305530603866677 117.4
    endloop
  endfacet
  facet normal 0 0 1
    outer loop
      vertex 41.04791847198287 -10.04791847198287 117.4
      vertex 40.935882229283344 10.171531416921802 117.4
      vertex 40.935882229283344 -10.171531416921802 117.4
    endloop
  endfacet
  facet normal 0 0 1
    outer loop
      vertex 41.04791847198287 -10.04791847198287 117.4
      vertex 41.1715314169218 -9.935882229283347 117.4
      vertex 41.04791847198287 10.04791847198287 117.4
    endloop
  endfacet
  facet normal 0 0 1
    outer loop
      vertex 41.1715314169218 -9.935882229283347 117.4
      vertex 41.30553060386668 -9.836501659085673 117.4
      vertex 41.1715314169218 9.935882229283347 117.4
    endloop
  endfacet
  facet normal 0 0 1
    outer loop
      vertex 41.30553060386668 -9.836501659085673 117.4
      vertex 41.44862554739581 -9.750733850607796 117.4
      vertex 41.30553060386668 9.836501659085673 117.4
    endloop
  endfacet
  facet normal 0 0 1
    outer loop
      vertex 41.44862554739581 -9.750733850607796 117.4
      vertex 41.59943816497935 -9.679404794730813 117.4
      vertex 41.44862554739581 9.750733850607796 117.4
    endloop
  endfacet
  facet normal 0 0 1
    outer loop
      vertex 41.59943816497935 -9.679404794730813 117.4
      vertex 41.756516048667415 -9.623201429255245 117.4
      vertex 41.59943816497935 9.679404794730813 117.4
    endloop
  endfacet
  facet normal 0 0 1
    outer loop
      vertex 41.756516048667415 -9.623201429255245 117.4
      vertex 41.918346452572585 -9.582665023314508 117.4
      vertex 41.756516048667415 9.623201429255245 117.4
    endloop
  endfacet
  facet normal 0 -1 0
    outer loop
      vertex 34.5 -19 113.45
      vertex 69.1 -19 117.4
      vertex 34.5 -19 117.4
    endloop
  endfacet
  facet normal 0 0 1
    outer loop
      vertex 34.5 -19 117.4
      vertex 69.1 -19 117.4
      vertex 43.19446939613332 -12.663498340914327 117.4
    endloop
  endfacet
  facet normal 0 0 1
    outer loop
      vertex 42.41662913856025 -9.558185964657266 117.4
      vertex 42.581653547427415 -9.582665023314508 117.4
      vertex 46 -6 117.4
    endloop
  endfacet
  facet normal 0 0 1
    outer loop
      vertex 42.581653547427415 -9.582665023314508 117.4
      vertex 42.743483951332585 -9.623201429255245 117.4
      vertex 46 -6 117.4
    endloop
  endfacet
  facet normal 0 0 1
    outer loop
      vertex 42.743483951332585 -9.623201429255245 117.4
      vertex 42.90056183502065 -9.679404794730813 117.4
      vertex 46 -6 117.4
    endloop
  endfacet
  facet normal 0 0 1
    outer loop
      vertex 42.90056183502065 -9.679404794730813 117.4
      vertex 43.05137445260419 -9.750733850607796 117.4
      vertex 46 -6 117.4
    endloop
  endfacet
  facet normal 0 0 1
    outer loop
      vertex 43.05137445260419 -9.750733850607796 117.4
      vertex 43.19446939613332 -9.836501659085673 117.4
      vertex 46 -6 117.4
    endloop
  endfacet
  facet normal 0 0 1
    outer loop
      vertex 43.19446939613332 -9.836501659085673 117.4
      vertex 43.3284685830782 -9.935882229283347 117.4
      vertex 46 -6 117.4
    endloop
  endfacet
  facet normal 0 0 1
    outer loop
      vertex 43.95 -11.25 117.4
      vertex 46 -6 117.4
      vertex 43.94181403534274 -11.083370861439747 117.4
    endloop
  endfacet
  facet normal 0 0 1
    outer loop
      vertex 43.749266149392206 -10.448625547395803 117.4
      vertex 46 -6 117.4
      vertex 43.66349834091433 -10.305530603866677 117.4
    endloop
  endfacet
  facet normal 0 0 1
    outer loop
      vertex 43.66349834091433 -10.305530603866677 117.4
      vertex 46 -6 117.4
      vertex 43.564117770716656 -10.171531416921802 117.4
    endloop
  endfacet
  facet normal 0 0 1
    outer loop
      vertex 43.94181403534274 -11.083370861439747 117.4
      vertex 46 -6 117.4
      vertex 43.91733497668549 -10.918346452572582 117.4
    endloop
  endfacet
  facet normal 0 0 1
    outer loop
      vertex 43.91733497668549 -10.918346452572582 117.4
      vertex 46 -6 117.4
      vertex 43.876798570744754 -10.756516048667415 117.4
    endloop
  endfacet
  facet normal 0 0 1
    outer loop
      vertex 43.876798570744754 -10.756516048667415 117.4
      vertex 46 -6 117.4
      vertex 43.820595205269186 -10.599438164979347 117.4
    endloop
  endfacet
  facet normal 0 0 1
    outer loop
      vertex 43.749266149392206 -10.448625547395803 117.4
      vertex 43.820595205269186 -10.599438164979347 117.4
      vertex 46 -6 117.4
    endloop
  endfacet
  facet normal 0 0 1
    outer loop
      vertex 43.3284685830782 -9.935882229283347 117.4
      vertex 43.45208152801713 -10.04791847198287 117.4
      vertex 46 -6 117.4
    endloop
  endfacet
  facet normal 0 0 1
    outer loop
      vertex 43.564117770716656 -10.171531416921802 117.4
      vertex 46 -6 117.4
      vertex 43.45208152801713 -10.04791847198287 117.4
    endloop
  endfacet
  facet normal 0 0 1
    outer loop
      vertex 41.918346452572585 -9.582665023314508 117.4
      vertex 42.08337086143975 -9.558185964657266 117.4
      vertex 46 6 117.4
    endloop
  endfacet
  facet normal 0 0 1
    outer loop
      vertex 42.08337086143975 -9.558185964657266 117.4
      vertex 42.25 -9.55 117.4
      vertex 46 6 117.4
    endloop
  endfacet
  facet normal 0 0 1
    outer loop
      vertex 42.25 -9.55 117.4
      vertex 42.41662913856025 -9.558185964657266 117.4
      vertex 46 6 117.4
    endloop
  endfacet
  facet normal 0 0 1
    outer loop
      vertex 42.41662913856025 -9.558185964657266 117.4
      vertex 46 -6 117.4
      vertex 46 6 117.4
    endloop
  endfacet
  facet normal 0 0 1
    outer loop
      vertex 34.5 -19 117.4
      vertex 40.55 11.25 117.4
      vertex 34.5 19 117.4
    endloop
  endfacet
  facet normal -1 0 0
    outer loop
      vertex 34.5 -19 117.4
      vertex 34.5 19 117.4
      vertex 34.5 19 113.45
    endloop
  endfacet
  facet normal 0 0 1
    outer loop
      vertex 40.58266502331451 -10.918346452572582 117.4
      vertex 40.58266502331451 10.918346452572582 117.4
      vertex 40.55818596465726 11.083370861439747 117.4
    endloop
  endfacet
  facet normal 0 0 1
    outer loop
      vertex 40.679404794730814 -10.599438164979347 117.4
      vertex 40.679404794730814 10.599438164979347 117.4
      vertex 40.623201429255246 10.756516048667415 117.4
    endloop
  endfacet
  facet normal 0 0 1
    outer loop
      vertex 40.623201429255246 -10.756516048667415 117.4
      vertex 40.623201429255246 10.756516048667415 117.4
      vertex 40.58266502331451 10.918346452572582 117.4
    endloop
  endfacet
  facet normal 0 0 1
    outer loop
      vertex 40.935882229283344 -10.171531416921802 117.4
      vertex 40.935882229283344 10.171531416921802 117.4
      vertex 40.83650165908567 10.305530603866677 117.4
    endloop
  endfacet
  facet normal 0 0 1
    outer loop
      vertex 40.750733850607794 -10.448625547395803 117.4
      vertex 40.750733850607794 10.448625547395803 117.4
      vertex 40.679404794730814 10.599438164979347 117.4
    endloop
  endfacet
  facet normal 0 0 1
    outer loop
      vertex 40.83650165908567 -10.305530603866677 117.4
      vertex 40.83650165908567 10.305530603866677 117.4
      vertex 40.750733850607794 10.448625547395803 117.4
    endloop
  endfacet
  facet normal 0 0 1
    outer loop
      vertex 40.55818596465726 -11.083370861439747 117.4
      vertex 40.55818596465726 11.083370861439747 117.4
      vertex 40.55 11.25 117.4
    endloop
  endfacet
  facet normal 0 0 1
    outer loop
      vertex 41.04791847198287 -10.04791847198287 117.4
      vertex 41.04791847198287 10.04791847198287 117.4
      vertex 40.935882229283344 10.171531416921802 117.4
    endloop
  endfacet
  facet normal 0 0 1
    outer loop
      vertex 41.1715314169218 -9.935882229283347 117.4
      vertex 41.1715314169218 9.935882229283347 117.4
      vertex 41.04791847198287 10.04791847198287 117.4
    endloop
  endfacet
  facet normal 0 0 1
    outer loop
      vertex 41.30553060386668 -9.836501659085673 117.4
      vertex 41.30553060386668 9.836501659085673 117.4
      vertex 41.1715314169218 9.935882229283347 117.4
    endloop
  endfacet
  facet normal 0 0 1
    outer loop
      vertex 41.44862554739581 -9.750733850607796 117.4
      vertex 41.44862554739581 9.750733850607796 117.4
      vertex 41.30553060386668 9.836501659085673 117.4
    endloop
  endfacet
  facet normal 0 0 1
    outer loop
      vertex 41.59943816497935 -9.679404794730813 117.4
      vertex 41.59943816497935 9.679404794730813 117.4
      vertex 41.44862554739581 9.750733850607796 117.4
    endloop
  endfacet
  facet normal 0 0 1
    outer loop
      vertex 41.756516048667415 -9.623201429255245 117.4
      vertex 41.756516048667415 9.623201429255245 117.4
      vertex 41.59943816497935 9.679404794730813 117.4
    endloop
  endfacet
  facet normal 0 0 1
    outer loop
      vertex 41.918346452572585 -9.582665023314508 117.4
      vertex 41.918346452572585 9.582665023314508 117.4
      vertex 41.756516048667415 9.623201429255245 117.4
    endloop
  endfacet
  facet normal 0 0 1
    outer loop
      vertex 41.918346452572585 -9.582665023314508 117.4
      vertex 42.08337086143975 9.558185964657266 117.4
      vertex 41.918346452572585 9.582665023314508 117.4
    endloop
  endfacet
  facet normal 0 0 1
    outer loop
      vertex 41.918346452572585 -9.582665023314508 117.4
      vertex 42.25 9.55 117.4
      vertex 42.08337086143975 9.558185964657266 117.4
    endloop
  endfacet
  facet normal 0 0 1
    outer loop
      vertex 34.5 19 117.4
      vertex 40.55 11.25 117.4
      vertex 40.55818596465726 11.416629138560253 117.4
    endloop
  endfacet
  facet normal 0 0 1
    outer loop
      vertex 34.5 19 117.4
      vertex 40.55818596465726 11.416629138560253 117.4
      vertex 40.58266502331451 11.581653547427418 117.4
    endloop
  endfacet
  facet normal 0 0 1
    outer loop
      vertex 34.5 19 117.4
      vertex 40.58266502331451 11.581653547427418 117.4
      vertex 40.623201429255246 11.743483951332585 117.4
    endloop
  endfacet
  facet normal 0 0 1
    outer loop
      vertex 34.5 19 117.4
      vertex 40.623201429255246 11.743483951332585 117.4
      vertex 40.679404794730814 11.900561835020653 117.4
    endloop
  endfacet
  facet normal 0 0 1
    outer loop
      vertex 34.5 19 117.4
      vertex 40.679404794730814 11.900561835020653 117.4
      vertex 40.750733850607794 12.051374452604197 117.4
    endloop
  endfacet
  facet normal 0 0 1
    outer loop
      vertex 34.5 19 117.4
      vertex 40.750733850607794 12.051374452604197 117.4
      vertex 40.83650165908567 12.194469396133323 117.4
    endloop
  endfacet
  facet normal 0 0 1
    outer loop
      vertex 34.5 19 117.4
      vertex 40.83650165908567 12.194469396133323 117.4
      vertex 40.935882229283344 12.328468583078198 117.4
    endloop
  endfacet
  facet normal 0 0 1
    outer loop
      vertex 34.5 19 117.4
      vertex 40.935882229283344 12.328468583078198 117.4
      vertex 41.04791847198287 12.45208152801713 117.4
    endloop
  endfacet
  facet normal 0 0 1
    outer loop
      vertex 34.5 19 117.4
      vertex 41.04791847198287 12.45208152801713 117.4
      vertex 41.1715314169218 12.564117770716653 117.4
    endloop
  endfacet
  facet normal 0 0 1
    outer loop
      vertex 34.5 19 117.4
      vertex 41.1715314169218 12.564117770716653 117.4
      vertex 41.30553060386668 12.663498340914327 117.4
    endloop
  endfacet
  facet normal 0 0 1
    outer loop
      vertex 34.5 19 117.4
      vertex 41.30553060386668 12.663498340914327 117.4
      vertex 41.44862554739581 12.749266149392204 117.4
    endloop
  endfacet
  facet normal 0 0 1
    outer loop
      vertex 34.5 19 117.4
      vertex 41.44862554739581 12.749266149392204 117.4
      vertex 41.59943816497935 12.820595205269187 117.4
    endloop
  endfacet
  facet normal 0 0 1
    outer loop
      vertex 34.5 19 117.4
      vertex 41.59943816497935 12.820595205269187 117.4
      vertex 41.756516048667415 12.876798570744755 117.4
    endloop
  endfacet
  facet normal 0 0 1
    outer loop
      vertex 34.5 19 117.4
      vertex 41.756516048667415 12.876798570744755 117.4
      vertex 41.918346452572585 12.917334976685492 117.4
    endloop
  endfacet
  facet normal 0 0 1
    outer loop
      vertex 41.918346452572585 -9.582665023314508 117.4
      vertex 46 6 117.4
      vertex 42.25 9.55 117.4
    endloop
  endfacet
  facet normal 0 0 1
    outer loop
      vertex 42.41662913856025 9.558185964657266 117.4
      vertex 42.25 9.55 117.4
      vertex 46 6 117.4
    endloop
  endfacet
  facet normal 0 0 1
    outer loop
      vertex 42.581653547427415 9.582665023314508 117.4
      vertex 42.41662913856025 9.558185964657266 117.4
      vertex 46 6 117.4
    endloop
  endfacet
  facet normal 0 0 1
    outer loop
      vertex 42.743483951332585 9.623201429255245 117.4
      vertex 42.581653547427415 9.582665023314508 117.4
      vertex 46 6 117.4
    endloop
  endfacet
  facet normal 0 0 1
    outer loop
      vertex 42.90056183502065 9.679404794730813 117.4
      vertex 42.743483951332585 9.623201429255245 117.4
      vertex 46 6 117.4
    endloop
  endfacet
  facet normal 0 0 1
    outer loop
      vertex 61 6 117.4
      vertex 43.05137445260419 9.750733850607796 117.4
      vertex 42.90056183502065 9.679404794730813 117.4
    endloop
  endfacet
  facet normal 0 0 1
    outer loop
      vertex 61 6 117.4
      vertex 43.19446939613332 9.836501659085673 117.4
      vertex 43.05137445260419 9.750733850607796 117.4
    endloop
  endfacet
  facet normal 0 0 1
    outer loop
      vertex 61 6 117.4
      vertex 43.3284685830782 9.935882229283347 117.4
      vertex 43.19446939613332 9.836501659085673 117.4
    endloop
  endfacet
  facet normal 0 0 1
    outer loop
      vertex 61 6 117.4
      vertex 43.45208152801713 10.04791847198287 117.4
      vertex 43.3284685830782 9.935882229283347 117.4
    endloop
  endfacet
  facet normal 0 0 1
    outer loop
      vertex 61 6 117.4
      vertex 43.564117770716656 10.171531416921802 117.4
      vertex 43.45208152801713 10.04791847198287 117.4
    endloop
  endfacet
  facet normal 0 0 1
    outer loop
      vertex 61 6 117.4
      vertex 43.66349834091433 10.305530603866677 117.4
      vertex 43.564117770716656 10.171531416921802 117.4
    endloop
  endfacet
  facet normal 0 0 1
    outer loop
      vertex 61 6 117.4
      vertex 43.749266149392206 10.448625547395803 117.4
      vertex 43.66349834091433 10.305530603866677 117.4
    endloop
  endfacet
  facet normal 0 0 1
    outer loop
      vertex 43.749266149392206 10.448625547395803 117.4
      vertex 61 6 117.4
      vertex 43.820595205269186 10.599438164979347 117.4
    endloop
  endfacet
  facet normal 0 0 1
    outer loop
      vertex 43.820595205269186 10.599438164979347 117.4
      vertex 61 6 117.4
      vertex 43.876798570744754 10.756516048667415 117.4
    endloop
  endfacet
  facet normal 0 0 1
    outer loop
      vertex 43.876798570744754 10.756516048667415 117.4
      vertex 61 6 117.4
      vertex 43.91733497668549 10.918346452572582 117.4
    endloop
  endfacet
  facet normal 0 0 1
    outer loop
      vertex 43.91733497668549 10.918346452572582 117.4
      vertex 61 6 117.4
      vertex 43.94181403534274 11.083370861439747 117.4
    endloop
  endfacet
  facet normal 0 0 1
    outer loop
      vertex 43.94181403534274 11.083370861439747 117.4
      vertex 61 6 117.4
      vertex 43.95 11.25 117.4
    endloop
  endfacet
  facet normal 0 0 1
    outer loop
      vertex 43.95 11.25 117.4
      vertex 61 6 117.4
      vertex 43.94181403534274 11.416629138560253 117.4
    endloop
  endfacet
  facet normal 0 0 1
    outer loop
      vertex 43.94181403534274 11.416629138560253 117.4
      vertex 61 6 117.4
      vertex 43.91733497668549 11.581653547427418 117.4
    endloop
  endfacet
  facet normal 0 0 1
    outer loop
      vertex 43.91733497668549 11.581653547427418 117.4
      vertex 61 6 117.4
      vertex 43.876798570744754 11.743483951332585 117.4
    endloop
  endfacet
  facet normal 0 0 1
    outer loop
      vertex 42.90056183502065 9.679404794730813 117.4
      vertex 46 6 117.4
      vertex 61 6 117.4
    endloop
  endfacet
  facet normal 0 1 0
    outer loop
      vertex 34.5 19 113.4
      vertex 34.5 19 113.45
      vertex 68.66750000000002 19 113.45
    endloop
  endfacet
  facet normal 0 1 0
    outer loop
      vertex 34.5 19 113.45
      vertex 34.5 19 117.4
      vertex 68.66750000000002 19 113.45
    endloop
  endfacet
  facet normal 0 0 1
    outer loop
      vertex 43.564117770716656 12.328468583078198 117.4
      vertex 63.435882229283344 12.328468583078198 117.4
      vertex 43.45208152801713 12.45208152801713 117.4
    endloop
  endfacet
  facet normal 0 0 1
    outer loop
      vertex 43.876798570744754 11.743483951332585 117.4
      vertex 63.05818596465726 11.416629138560253 117.4
      vertex 43.820595205269186 11.900561835020653 117.4
    endloop
  endfacet
  facet normal 0 0 1
    outer loop
      vertex 43.749266149392206 12.051374452604197 117.4
      vertex 43.820595205269186 11.900561835020653 117.4
      vertex 63.05818596465726 11.416629138560253 117.4
    endloop
  endfacet
  facet normal 0 0 1
    outer loop
      vertex 43.749266149392206 12.051374452604197 117.4
      vertex 63.250733850607794 12.051374452604197 117.4
      vertex 43.66349834091433 12.194469396133323 117.4
    endloop
  endfacet
  facet normal 0 0 1
    outer loop
      vertex 43.66349834091433 12.194469396133323 117.4
      vertex 63.33650165908567 12.194469396133323 117.4
      vertex 43.564117770716656 12.328468583078198 117.4
    endloop
  endfacet
  facet normal 0 0 1
    outer loop
      vertex 42.25 12.95 117.4
      vertex 42.41662913856025 12.941814035342734 117.4
      vertex 64.75 12.95 117.4
    endloop
  endfacet
  facet normal 0 0 1
    outer loop
      vertex 42.41662913856025 12.941814035342734 117.4
      vertex 42.581653547427415 12.917334976685492 117.4
      vertex 64.58337086143975 12.941814035342734 117.4
    endloop
  endfacet
  facet normal 0 0 1
    outer loop
      vertex 42.90056183502065 12.820595205269187 117.4
      vertex 43.05137445260419 12.749266149392204 117.4
      vertex 64.09943816497935 12.820595205269187 117.4
    endloop
  endfacet
  facet normal 0 0 1
    outer loop
      vertex 43.19446939613332 12.663498340914327 117.4
      vertex 43.3284685830782 12.564117770716653 117.4
      vertex 63.80553060386668 12.663498340914327 117.4
    endloop
  endfacet
  facet normal 0 0 1
    outer loop
      vertex 43.3284685830782 12.564117770716653 117.4
      vertex 43.45208152801713 12.45208152801713 117.4
      vertex 63.6715314169218 12.564117770716653 117.4
    endloop
  endfacet
  facet normal 0 0 1
    outer loop
      vertex 43.05137445260419 12.749266149392204 117.4
      vertex 43.19446939613332 12.663498340914327 117.4
      vertex 63.94862554739581 12.749266149392204 117.4
    endloop
  endfacet
  facet normal 0 0 1
    outer loop
      vertex 42.743483951332585 12.876798570744755 117.4
      vertex 42.90056183502065 12.820595205269187 117.4
      vertex 64.25651604866741 12.876798570744755 117.4
    endloop
  endfacet
  facet normal 0 0 1
    outer loop
      vertex 42.581653547427415 12.917334976685492 117.4
      vertex 42.743483951332585 12.876798570744755 117.4
      vertex 64.41834645257258 12.917334976685492 117.4
    endloop
  endfacet
  facet normal 0 0 1
    outer loop
      vertex 69.1 19 117.4
      vertex 41.918346452572585 12.917334976685492 117.4
      vertex 42.08337086143975 12.941814035342734 117.4
    endloop
  endfacet
  facet normal 0 0 1
    outer loop
      vertex 69.1 19 117.4
      vertex 42.08337086143975 12.941814035342734 117.4
      vertex 42.25 12.95 117.4
    endloop
  endfacet
  facet normal 0 0 1
    outer loop
      vertex 34.5 19 117.4
      vertex 41.918346452572585 12.917334976685492 117.4
      vertex 69.1 19 117.4
    endloop
  endfacet
  facet normal 0 0 1
    outer loop
      vertex 69.1 -19 117.4
      vertex 43.3284685830782 -12.564117770716653 117.4
      vertex 43.19446939613332 -12.663498340914327 117.4
    endloop
  endfacet
  facet normal 0 0 1
    outer loop
      vertex 69.1 -19 117.4
      vertex 43.45208152801713 -12.45208152801713 117.4
      vertex 43.3284685830782 -12.564117770716653 117.4
    endloop
  endfacet
  facet normal 0 0 1
    outer loop
      vertex 69.1 -19 117.4
      vertex 43.564117770716656 -12.328468583078198 117.4
      vertex 43.45208152801713 -12.45208152801713 117.4
    endloop
  endfacet
  facet normal 0 0 1
    outer loop
      vertex 69.1 -19 117.4
      vertex 43.66349834091433 -12.194469396133323 117.4
      vertex 43.564117770716656 -12.328468583078198 117.4
    endloop
  endfacet
  facet normal 0 0 1
    outer loop
      vertex 69.1 -19 117.4
      vertex 43.749266149392206 -12.051374452604197 117.4
      vertex 43.66349834091433 -12.194469396133323 117.4
    endloop
  endfacet
  facet normal 0 0 1
    outer loop
      vertex 69.1 -19 117.4
      vertex 43.820595205269186 -11.900561835020653 117.4
      vertex 43.749266149392206 -12.051374452604197 117.4
    endloop
  endfacet
  facet normal 0 0 1
    outer loop
      vertex 69.1 -19 117.4
      vertex 43.876798570744754 -11.743483951332585 117.4
      vertex 43.820595205269186 -11.900561835020653 117.4
    endloop
  endfacet
  facet normal 0 0 1
    outer loop
      vertex 69.1 -19 117.4
      vertex 43.91733497668549 -11.581653547427418 117.4
      vertex 43.876798570744754 -11.743483951332585 117.4
    endloop
  endfacet
  facet normal 0 0 1
    outer loop
      vertex 69.1 -19 117.4
      vertex 43.94181403534274 -11.416629138560253 117.4
      vertex 43.91733497668549 -11.581653547427418 117.4
    endloop
  endfacet
  facet normal 0 0 1
    outer loop
      vertex 69.1 -19 117.4
      vertex 43.95 -11.25 117.4
      vertex 43.94181403534274 -11.416629138560253 117.4
    endloop
  endfacet
  facet normal 0 0 1
    outer loop
      vertex 69.1 -19 117.4
      vertex 46 -6 117.4
      vertex 43.95 -11.25 117.4
    endloop
  endfacet
  facet normal 0 -1 0
    outer loop
      vertex 34.5 -19 113.45
      vertex 69.1 -19 113.45
      vertex 69.1 -19 117.4
    endloop
  endfacet
  facet normal 0 0 1
    outer loop
      vertex 46 -6 117.4
      vertex 63.435882229283344 -12.328468583078198 117.4
      vertex 63.33650165908567 -12.194469396133323 117.4
    endloop
  endfacet
  facet normal 0 0 1
    outer loop
      vertex 46 -6 117.4
      vertex 63.33650165908567 -12.194469396133323 117.4
      vertex 63.250733850607794 -12.051374452604197 117.4
    endloop
  endfacet
  facet normal 0 0 1
    outer loop
      vertex 69.1 -19 117.4
      vertex 63.435882229283344 -12.328468583078198 117.4
      vertex 46 -6 117.4
    endloop
  endfacet
  facet normal 0 0 1
    outer loop
      vertex 46 -6 117.4
      vertex 63.179404794730814 -11.900561835020653 117.4
      vertex 63.123201429255246 -11.743483951332585 117.4
    endloop
  endfacet
  facet normal 0 0 1
    outer loop
      vertex 46 -6 117.4
      vertex 63.123201429255246 -11.743483951332585 117.4
      vertex 63.08266502331451 -11.581653547427418 117.4
    endloop
  endfacet
  facet normal 0 0 1
    outer loop
      vertex 46 -6 117.4
      vertex 63.08266502331451 -11.581653547427418 117.4
      vertex 63.05818596465726 -11.416629138560253 117.4
    endloop
  endfacet
  facet normal 0 0 1
    outer loop
      vertex 46 -6 117.4
      vertex 63.05818596465726 -11.416629138560253 117.4
      vertex 63.05 -11.25 117.4
    endloop
  endfacet
  facet normal 0 0 1
    outer loop
      vertex 46 -6 117.4
      vertex 63.05 -11.25 117.4
      vertex 63.05818596465726 -11.083370861439747 117.4
    endloop
  endfacet
  facet normal 0 0 1
    outer loop
      vertex 46 -6 117.4
      vertex 63.250733850607794 -12.051374452604197 117.4
      vertex 63.179404794730814 -11.900561835020653 117.4
    endloop
  endfacet
  facet normal 0 0 1
    outer loop
      vertex 46 -6 117.4
      vertex 63.05818596465726 -11.083370861439747 117.4
      vertex 63.08266502331451 -10.918346452572582 117.4
    endloop
  endfacet
  facet normal 0 0 1
    outer loop
      vertex 46 -6 117.4
      vertex 63.08266502331451 -10.918346452572582 117.4
      vertex 63.123201429255246 -10.756516048667415 117.4
    endloop
  endfacet
  facet normal 0 0 1
    outer loop
      vertex 46 -6 117.4
      vertex 63.123201429255246 -10.756516048667415 117.4
      vertex 63.179404794730814 -10.599438164979347 117.4
    endloop
  endfacet
  facet normal 0 0 1
    outer loop
      vertex 46 -6 117.4
      vertex 63.179404794730814 -10.599438164979347 117.4
      vertex 63.250733850607794 -10.448625547395803 117.4
    endloop
  endfacet
  facet normal 0 0 1
    outer loop
      vertex 46 -6 117.4
      vertex 63.250733850607794 -10.448625547395803 117.4
      vertex 63.33650165908567 -10.305530603866677 117.4
    endloop
  endfacet
  facet normal 0 0 1
    outer loop
      vertex 46 -6 117.4
      vertex 63.33650165908567 -10.305530603866677 117.4
      vertex 61 -6 117.4
    endloop
  endfacet
  facet normal 0 0 1
    outer loop
      vertex 69.1 -19 117.4
      vertex 63.80553060386668 -12.663498340914327 117.4
      vertex 63.6715314169218 -12.564117770716653 117.4
    endloop
  endfacet
  facet normal 0 0 1
    outer loop
      vertex 69.1 -19 117.4
      vertex 63.54791847198287 -12.45208152801713 117.4
      vertex 63.435882229283344 -12.328468583078198 117.4
    endloop
  endfacet
  facet normal 0 0 1
    outer loop
      vertex 69.1 -19 117.4
      vertex 63.6715314169218 -12.564117770716653 117.4
      vertex 63.54791847198287 -12.45208152801713 117.4
    endloop
  endfacet
  facet normal 0 0 1
    outer loop
      vertex 69.1 -19 117.4
      vertex 64.09943816497935 -12.820595205269187 117.4
      vertex 63.94862554739581 -12.749266149392204 117.4
    endloop
  endfacet
  facet normal 0 0 1
    outer loop
      vertex 69.1 -19 117.4
      vertex 63.94862554739581 -12.749266149392204 117.4
      vertex 63.80553060386668 -12.663498340914327 117.4
    endloop
  endfacet
  facet normal 0 0 1
    outer loop
      vertex 69.1 -19 117.4
      vertex 64.25651604866741 -12.876798570744755 117.4
      vertex 64.09943816497935 -12.820595205269187 117.4
    endloop
  endfacet
  facet normal 0 0 1
    outer loop
      vertex 69.1 -19 117.4
      vertex 64.41834645257258 -12.917334976685492 117.4
      vertex 64.25651604866741 -12.876798570744755 117.4
    endloop
  endfacet
  facet normal 0 0 1
    outer loop
      vertex 69.1 -19 117.4
      vertex 64.58337086143975 -12.941814035342734 117.4
      vertex 64.41834645257258 -12.917334976685492 117.4
    endloop
  endfacet
  facet normal 0 0 1
    outer loop
      vertex 69.1 -19 117.4
      vertex 64.75 -12.95 117.4
      vertex 64.58337086143975 -12.941814035342734 117.4
    endloop
  endfacet
  facet normal 0 0 1
    outer loop
      vertex 69.1 -19 117.4
      vertex 64.91662913856025 -12.941814035342734 117.4
      vertex 64.75 -12.95 117.4
    endloop
  endfacet
  facet normal 0 0 1
    outer loop
      vertex 69.1 -19 117.4
      vertex 65.08165354742742 -12.917334976685492 117.4
      vertex 64.91662913856025 -12.941814035342734 117.4
    endloop
  endfacet
  facet normal 0 0 1
    outer loop
      vertex 69.1 -19 117.4
      vertex 65.24348395133259 -12.876798570744755 117.4
      vertex 65.08165354742742 -12.917334976685492 117.4
    endloop
  endfacet
  facet normal 0 0 1
    outer loop
      vertex 69.1 -19 117.4
      vertex 65.40056183502065 -12.820595205269187 117.4
      vertex 65.24348395133259 -12.876798570744755 117.4
    endloop
  endfacet
  facet normal 0 0 1
    outer loop
      vertex 69.1 -19 117.4
      vertex 65.5513744526042 -12.749266149392204 117.4
      vertex 65.40056183502065 -12.820595205269187 117.4
    endloop
  endfacet
  facet normal 0 0 1
    outer loop
      vertex 69.1 -19 117.4
      vertex 65.69446939613333 -12.663498340914327 117.4
      vertex 65.5513744526042 -12.749266149392204 117.4
    endloop
  endfacet
  facet normal 0 0 1
    outer loop
      vertex 69.1 -19 117.4
      vertex 65.82846858307819 -12.564117770716653 117.4
      vertex 65.69446939613333 -12.663498340914327 117.4
    endloop
  endfacet
  facet normal 0 0 1
    outer loop
      vertex 69.1 -19 117.4
      vertex 65.95208152801713 -12.45208152801713 117.4
      vertex 65.82846858307819 -12.564117770716653 117.4
    endloop
  endfacet
  facet normal 0 0 1
    outer loop
      vertex 69.1 -19 117.4
      vertex 66.06411777071665 -12.328468583078198 117.4
      vertex 65.95208152801713 -12.45208152801713 117.4
    endloop
  endfacet
  facet normal 0 0 1
    outer loop
      vertex 69.1 -19 117.4
      vertex 66.16349834091433 -12.194469396133323 117.4
      vertex 66.06411777071665 -12.328468583078198 117.4
    endloop
  endfacet
  facet normal 0 0 1
    outer loop
      vertex 69.1 -19 117.4
      vertex 66.2492661493922 -12.051374452604197 117.4
      vertex 66.16349834091433 -12.194469396133323 117.4
    endloop
  endfacet
  facet normal 0 0 1
    outer loop
      vertex 69.1 -19 117.4
      vertex 66.32059520526919 -11.900561835020653 117.4
      vertex 66.2492661493922 -12.051374452604197 117.4
    endloop
  endfacet
  facet normal 0 0 1
    outer loop
      vertex 69.1 -19 117.4
      vertex 66.37679857074475 -11.743483951332585 117.4
      vertex 66.32059520526919 -11.900561835020653 117.4
    endloop
  endfacet
  facet normal 0 0 1
    outer loop
      vertex 69.1 -19 117.4
      vertex 66.4173349766855 -11.581653547427418 117.4
      vertex 66.37679857074475 -11.743483951332585 117.4
    endloop
  endfacet
  facet normal 0 0 1
    outer loop
      vertex 69.1 -19 117.4
      vertex 66.44181403534273 -11.416629138560253 117.4
      vertex 66.4173349766855 -11.581653547427418 117.4
    endloop
  endfacet
  facet normal 0 0 1
    outer loop
      vertex 69.1 -19 117.4
      vertex 66.45 -11.25 117.4
      vertex 66.44181403534273 -11.416629138560253 117.4
    endloop
  endfacet
  facet normal 0 0 1
    outer loop
      vertex 61 -6 117.4
      vertex 63.33650165908567 -10.305530603866677 117.4
      vertex 63.435882229283344 -10.171531416921802 117.4
    endloop
  endfacet
  facet normal 0 0 1
    outer loop
      vertex 61 -6 117.4
      vertex 63.435882229283344 -10.171531416921802 117.4
      vertex 63.54791847198287 -10.04791847198287 117.4
    endloop
  endfacet
  facet normal 0 0 1
    outer loop
      vertex 61 -6 117.4
      vertex 63.54791847198287 -10.04791847198287 117.4
      vertex 63.6715314169218 -9.935882229283347 117.4
    endloop
  endfacet
  facet normal 0 0 1
    outer loop
      vertex 61 -6 117.4
      vertex 63.6715314169218 -9.935882229283347 117.4
      vertex 63.80553060386668 -9.836501659085673 117.4
    endloop
  endfacet
  facet normal 0 0 1
    outer loop
      vertex 61 -6 117.4
      vertex 63.80553060386668 -9.836501659085673 117.4
      vertex 63.94862554739581 -9.750733850607796 117.4
    endloop
  endfacet
  facet normal 0 0 1
    outer loop
      vertex 61 -6 117.4
      vertex 63.94862554739581 -9.750733850607796 117.4
      vertex 64.09943816497935 -9.679404794730813 117.4
    endloop
  endfacet
  facet normal 0 0 1
    outer loop
      vertex 64.09943816497935 -9.679404794730813 117.4
      vertex 64.25651604866741 -9.623201429255245 117.4
      vertex 61 -6 117.4
    endloop
  endfacet
  facet normal 0 0 1
    outer loop
      vertex 64.25651604866741 -9.623201429255245 117.4
      vertex 64.41834645257258 -9.582665023314508 117.4
      vertex 61 -6 117.4
    endloop
  endfacet
  facet normal 0 0 1
    outer loop
      vertex 64.41834645257258 -9.582665023314508 117.4
      vertex 64.58337086143975 -9.558185964657266 117.4
      vertex 61 -6 117.4
    endloop
  endfacet
  facet normal 0 0 1
    outer loop
      vertex 64.58337086143975 -9.558185964657266 117.4
      vertex 64.75 -9.55 117.4
      vertex 61 -6 117.4
    endloop
  endfacet
  facet normal 0 0 1
    outer loop
      vertex 64.75 -9.55 117.4
      vertex 64.91662913856025 -9.558185964657266 117.4
      vertex 61 -6 117.4
    endloop
  endfacet
  facet normal 0 0 1
    outer loop
      vertex 64.91662913856025 -9.558185964657266 117.4
      vertex 65.82846858307819 9.935882229283347 117.4
      vertex 61 -6 117.4
    endloop
  endfacet
  facet normal 1 0 0
    outer loop
      vertex 69.1 -19 113.45
      vertex 69.1 19 117.4
      vertex 69.1 -19 117.4
    endloop
  endfacet
  facet normal 0 0 1
    outer loop
      vertex 64.91662913856025 -9.558185964657266 117.4
      vertex 65.08165354742742 -9.582665023314508 117.4
      vertex 66.06411777071665 10.171531416921802 117.4
    endloop
  endfacet
  facet normal 0 0 1
    outer loop
      vertex 65.08165354742742 -9.582665023314508 117.4
      vertex 65.24348395133259 -9.623201429255245 117.4
      vertex 66.32059520526919 10.599438164979347 117.4
    endloop
  endfacet
  facet normal 0 0 1
    outer loop
      vertex 65.24348395133259 -9.623201429255245 117.4
      vertex 65.40056183502065 -9.679404794730813 117.4
      vertex 66.44181403534273 11.083370861439747 117.4
    endloop
  endfacet
  facet normal 0 0 1
    outer loop
      vertex 65.40056183502065 -9.679404794730813 117.4
      vertex 65.5513744526042 -9.750733850607796 117.4
      vertex 66.44181403534273 11.083370861439747 117.4
    endloop
  endfacet
  facet normal 0 0 1
    outer loop
      vertex 66.37679857074475 -10.756516048667415 117.4
      vertex 66.45 11.25 117.4
      vertex 66.32059520526919 -10.599438164979347 117.4
    endloop
  endfacet
  facet normal 0 0 1
    outer loop
      vertex 66.2492661493922 -10.448625547395803 117.4
      vertex 66.45 11.25 117.4
      vertex 66.16349834091433 -10.305530603866677 117.4
    endloop
  endfacet
  facet normal 0 0 1
    outer loop
      vertex 66.32059520526919 -10.599438164979347 117.4
      vertex 66.45 11.25 117.4
      vertex 66.2492661493922 -10.448625547395803 117.4
    endloop
  endfacet
  facet normal 0 0 1
    outer loop
      vertex 65.69446939613333 -9.836501659085673 117.4
      vertex 65.82846858307819 -9.935882229283347 117.4
      vertex 66.45 11.25 117.4
    endloop
  endfacet
  facet normal 0 0 1
    outer loop
      vertex 65.82846858307819 -9.935882229283347 117.4
      vertex 65.95208152801713 -10.04791847198287 117.4
      vertex 66.45 11.25 117.4
    endloop
  endfacet
  facet normal 0 0 1
    outer loop
      vertex 65.5513744526042 -9.750733850607796 117.4
      vertex 65.69446939613333 -9.836501659085673 117.4
      vertex 66.45 11.25 117.4
    endloop
  endfacet
  facet normal 0 0 1
    outer loop
      vertex 66.06411777071665 -10.171531416921802 117.4
      vertex 66.45 11.25 117.4
      vertex 65.95208152801713 -10.04791847198287 117.4
    endloop
  endfacet
  facet normal 0 0 1
    outer loop
      vertex 66.16349834091433 -10.305530603866677 117.4
      vertex 66.45 11.25 117.4
      vertex 66.06411777071665 -10.171531416921802 117.4
    endloop
  endfacet
  facet normal 0 0 1
    outer loop
      vertex 66.45 -11.25 117.4
      vertex 66.45 11.25 117.4
      vertex 66.44181403534273 -11.083370861439747 117.4
    endloop
  endfacet
  facet normal 0 0 1
    outer loop
      vertex 66.44181403534273 -11.083370861439747 117.4
      vertex 66.45 11.25 117.4
      vertex 66.4173349766855 -10.918346452572582 117.4
    endloop
  endfacet
  facet normal 0 0 1
    outer loop
      vertex 66.4173349766855 -10.918346452572582 117.4
      vertex 66.45 11.25 117.4
      vertex 66.37679857074475 -10.756516048667415 117.4
    endloop
  endfacet
  facet normal 0 0 1
    outer loop
      vertex 69.1 -19 117.4
      vertex 69.1 19 117.4
      vertex 66.45 -11.25 117.4
    endloop
  endfacet
  facet normal 0 0 1
    outer loop
      vertex 43.876798570744754 11.743483951332585 117.4
      vertex 61 6 117.4
      vertex 63.123201429255246 10.756516048667415 117.4
    endloop
  endfacet
  facet normal 0 0 1
    outer loop
      vertex 43.876798570744754 11.743483951332585 117.4
      vertex 63.123201429255246 10.756516048667415 117.4
      vertex 63.08266502331451 10.918346452572582 117.4
    endloop
  endfacet
  facet normal 0 0 1
    outer loop
      vertex 43.876798570744754 11.743483951332585 117.4
      vertex 63.08266502331451 10.918346452572582 117.4
      vertex 63.05818596465726 11.083370861439747 117.4
    endloop
  endfacet
  facet normal 0 0 1
    outer loop
      vertex 43.876798570744754 11.743483951332585 117.4
      vertex 63.05818596465726 11.083370861439747 117.4
      vertex 63.05 11.25 117.4
    endloop
  endfacet
  facet normal 0 0 1
    outer loop
      vertex 43.876798570744754 11.743483951332585 117.4
      vertex 63.05 11.25 117.4
      vertex 63.05818596465726 11.416629138560253 117.4
    endloop
  endfacet
  facet normal 0 0 1
    outer loop
      vertex 43.749266149392206 12.051374452604197 117.4
      vertex 63.05818596465726 11.416629138560253 117.4
      vertex 63.08266502331451 11.581653547427418 117.4
    endloop
  endfacet
  facet normal 0 0 1
    outer loop
      vertex 43.749266149392206 12.051374452604197 117.4
      vertex 63.08266502331451 11.581653547427418 117.4
      vertex 63.123201429255246 11.743483951332585 117.4
    endloop
  endfacet
  facet normal 0 0 1
    outer loop
      vertex 43.749266149392206 12.051374452604197 117.4
      vertex 63.123201429255246 11.743483951332585 117.4
      vertex 63.179404794730814 11.900561835020653 117.4
    endloop
  endfacet
  facet normal 0 0 1
    outer loop
      vertex 43.749266149392206 12.051374452604197 117.4
      vertex 63.179404794730814 11.900561835020653 117.4
      vertex 63.250733850607794 12.051374452604197 117.4
    endloop
  endfacet
  facet normal 0 0 1
    outer loop
      vertex 43.66349834091433 12.194469396133323 117.4
      vertex 63.250733850607794 12.051374452604197 117.4
      vertex 63.33650165908567 12.194469396133323 117.4
    endloop
  endfacet
  facet normal 0 0 1
    outer loop
      vertex 43.564117770716656 12.328468583078198 117.4
      vertex 63.33650165908567 12.194469396133323 117.4
      vertex 63.435882229283344 12.328468583078198 117.4
    endloop
  endfacet
  facet normal 0 0 1
    outer loop
      vertex 43.45208152801713 12.45208152801713 117.4
      vertex 63.435882229283344 12.328468583078198 117.4
      vertex 63.54791847198287 12.45208152801713 117.4
    endloop
  endfacet
  facet normal 0 0 1
    outer loop
      vertex 43.45208152801713 12.45208152801713 117.4
      vertex 63.54791847198287 12.45208152801713 117.4
      vertex 63.6715314169218 12.564117770716653 117.4
    endloop
  endfacet
  facet normal 0 0 1
    outer loop
      vertex 43.3284685830782 12.564117770716653 117.4
      vertex 63.6715314169218 12.564117770716653 117.4
      vertex 63.80553060386668 12.663498340914327 117.4
    endloop
  endfacet
  facet normal 0 0 1
    outer loop
      vertex 43.19446939613332 12.663498340914327 117.4
      vertex 63.80553060386668 12.663498340914327 117.4
      vertex 63.94862554739581 12.749266149392204 117.4
    endloop
  endfacet
  facet normal 0 0 1
    outer loop
      vertex 43.05137445260419 12.749266149392204 117.4
      vertex 63.94862554739581 12.749266149392204 117.4
      vertex 64.09943816497935 12.820595205269187 117.4
    endloop
  endfacet
  facet normal 0 0 1
    outer loop
      vertex 42.90056183502065 12.820595205269187 117.4
      vertex 64.09943816497935 12.820595205269187 117.4
      vertex 64.25651604866741 12.876798570744755 117.4
    endloop
  endfacet
  facet normal 0 0 1
    outer loop
      vertex 42.743483951332585 12.876798570744755 117.4
      vertex 64.25651604866741 12.876798570744755 117.4
      vertex 64.41834645257258 12.917334976685492 117.4
    endloop
  endfacet
  facet normal 0 0 1
    outer loop
      vertex 42.581653547427415 12.917334976685492 117.4
      vertex 64.41834645257258 12.917334976685492 117.4
      vertex 64.58337086143975 12.941814035342734 117.4
    endloop
  endfacet
  facet normal 0 0 1
    outer loop
      vertex 42.41662913856025 12.941814035342734 117.4
      vertex 64.58337086143975 12.941814035342734 117.4
      vertex 64.75 12.95 117.4
    endloop
  endfacet
  facet normal 0 0 1
    outer loop
      vertex 69.1 19 117.4
      vertex 42.25 12.95 117.4
      vertex 64.75 12.95 117.4
    endloop
  endfacet
  facet normal 0 1 0
    outer loop
      vertex 34.5 19 117.4
      vertex 69.1 19 117.4
      vertex 68.66750000000002 19 113.45
    endloop
  endfacet
  facet normal 0 0 1
    outer loop
      vertex 61 -6 117.4
      vertex 64.58337086143975 9.558185964657266 117.4
      vertex 61 6 117.4
    endloop
  endfacet
  facet normal 0 0 1
    outer loop
      vertex 61 -6 117.4
      vertex 64.75 9.55 117.4
      vertex 64.58337086143975 9.558185964657266 117.4
    endloop
  endfacet
  facet normal 0 0 1
    outer loop
      vertex 61 -6 117.4
      vertex 64.91662913856025 9.558185964657266 117.4
      vertex 64.75 9.55 117.4
    endloop
  endfacet
  facet normal 0 0 1
    outer loop
      vertex 61 -6 117.4
      vertex 65.08165354742742 9.582665023314508 117.4
      vertex 64.91662913856025 9.558185964657266 117.4
    endloop
  endfacet
  facet normal 0 0 1
    outer loop
      vertex 61 -6 117.4
      vertex 65.24348395133259 9.623201429255245 117.4
      vertex 65.08165354742742 9.582665023314508 117.4
    endloop
  endfacet
  facet normal 0 0 1
    outer loop
      vertex 61 -6 117.4
      vertex 65.40056183502065 9.679404794730813 117.4
      vertex 65.24348395133259 9.623201429255245 117.4
    endloop
  endfacet
  facet normal 0 0 1
    outer loop
      vertex 61 -6 117.4
      vertex 65.5513744526042 9.750733850607796 117.4
      vertex 65.40056183502065 9.679404794730813 117.4
    endloop
  endfacet
  facet normal 0 0 1
    outer loop
      vertex 61 -6 117.4
      vertex 65.69446939613333 9.836501659085673 117.4
      vertex 65.5513744526042 9.750733850607796 117.4
    endloop
  endfacet
  facet normal 0 0 1
    outer loop
      vertex 61 -6 117.4
      vertex 65.82846858307819 9.935882229283347 117.4
      vertex 65.69446939613333 9.836501659085673 117.4
    endloop
  endfacet
  facet normal 0 0 1
    outer loop
      vertex 61 6 117.4
      vertex 63.250733850607794 10.448625547395803 117.4
      vertex 63.179404794730814 10.599438164979347 117.4
    endloop
  endfacet
  facet normal 0 0 1
    outer loop
      vertex 61 6 117.4
      vertex 63.435882229283344 10.171531416921802 117.4
      vertex 63.33650165908567 10.305530603866677 117.4
    endloop
  endfacet
  facet normal 0 0 1
    outer loop
      vertex 61 6 117.4
      vertex 63.33650165908567 10.305530603866677 117.4
      vertex 63.250733850607794 10.448625547395803 117.4
    endloop
  endfacet
  facet normal 0 0 1
    outer loop
      vertex 61 6 117.4
      vertex 63.179404794730814 10.599438164979347 117.4
      vertex 63.123201429255246 10.756516048667415 117.4
    endloop
  endfacet
  facet normal 0 0 1
    outer loop
      vertex 61 6 117.4
      vertex 63.54791847198287 10.04791847198287 117.4
      vertex 63.435882229283344 10.171531416921802 117.4
    endloop
  endfacet
  facet normal 0 0 1
    outer loop
      vertex 61 6 117.4
      vertex 63.6715314169218 9.935882229283347 117.4
      vertex 63.54791847198287 10.04791847198287 117.4
    endloop
  endfacet
  facet normal 0 0 1
    outer loop
      vertex 61 6 117.4
      vertex 63.80553060386668 9.836501659085673 117.4
      vertex 63.6715314169218 9.935882229283347 117.4
    endloop
  endfacet
  facet normal 0 0 1
    outer loop
      vertex 61 6 117.4
      vertex 64.25651604866741 9.623201429255245 117.4
      vertex 64.09943816497935 9.679404794730813 117.4
    endloop
  endfacet
  facet normal 0 0 1
    outer loop
      vertex 61 6 117.4
      vertex 63.94862554739581 9.750733850607796 117.4
      vertex 63.80553060386668 9.836501659085673 117.4
    endloop
  endfacet
  facet normal 0 0 1
    outer loop
      vertex 61 6 117.4
      vertex 64.09943816497935 9.679404794730813 117.4
      vertex 63.94862554739581 9.750733850607796 117.4
    endloop
  endfacet
  facet normal 0 0 1
    outer loop
      vertex 61 6 117.4
      vertex 64.41834645257258 9.582665023314508 117.4
      vertex 64.25651604866741 9.623201429255245 117.4
    endloop
  endfacet
  facet normal 0 0 1
    outer loop
      vertex 61 6 117.4
      vertex 64.58337086143975 9.558185964657266 117.4
      vertex 64.41834645257258 9.582665023314508 117.4
    endloop
  endfacet
  facet normal 0 0 1
    outer loop
      vertex 64.91662913856025 -9.558185964657266 117.4
      vertex 65.95208152801713 10.04791847198287 117.4
      vertex 65.82846858307819 9.935882229283347 117.4
    endloop
  endfacet
  facet normal 0 0 1
    outer loop
      vertex 64.91662913856025 -9.558185964657266 117.4
      vertex 66.06411777071665 10.171531416921802 117.4
      vertex 65.95208152801713 10.04791847198287 117.4
    endloop
  endfacet
  facet normal 0 0 1
    outer loop
      vertex 65.08165354742742 -9.582665023314508 117.4
      vertex 66.16349834091433 10.305530603866677 117.4
      vertex 66.06411777071665 10.171531416921802 117.4
    endloop
  endfacet
  facet normal 0 0 1
    outer loop
      vertex 65.08165354742742 -9.582665023314508 117.4
      vertex 66.2492661493922 10.448625547395803 117.4
      vertex 66.16349834091433 10.305530603866677 117.4
    endloop
  endfacet
  facet normal 0 0 1
    outer loop
      vertex 65.08165354742742 -9.582665023314508 117.4
      vertex 66.32059520526919 10.599438164979347 117.4
      vertex 66.2492661493922 10.448625547395803 117.4
    endloop
  endfacet
  facet normal 0 0 1
    outer loop
      vertex 65.24348395133259 -9.623201429255245 117.4
      vertex 66.37679857074475 10.756516048667415 117.4
      vertex 66.32059520526919 10.599438164979347 117.4
    endloop
  endfacet
  facet normal 0 0 1
    outer loop
      vertex 65.24348395133259 -9.623201429255245 117.4
      vertex 66.4173349766855 10.918346452572582 117.4
      vertex 66.37679857074475 10.756516048667415 117.4
    endloop
  endfacet
  facet normal 0 0 1
    outer loop
      vertex 65.24348395133259 -9.623201429255245 117.4
      vertex 66.44181403534273 11.083370861439747 117.4
      vertex 66.4173349766855 10.918346452572582 117.4
    endloop
  endfacet
  facet normal 0 0 1
    outer loop
      vertex 65.5513744526042 -9.750733850607796 117.4
      vertex 66.45 11.25 117.4
      vertex 66.44181403534273 11.083370861439747 117.4
    endloop
  endfacet
  facet normal 0 0 1
    outer loop
      vertex 69.1 19 117.4
      vertex 66.45 11.25 117.4
      vertex 66.45 -11.25 117.4
    endloop
  endfacet
  facet normal 1 0 0
    outer loop
      vertex 69.1 -19 113.45
      vertex 69.1 19 113.45
      vertex 69.1 19 117.4
    endloop
  endfacet
  facet normal 0 0 1
    outer loop
      vertex 69.1 19 117.4
      vertex 64.75 12.95 117.4
      vertex 64.91662913856025 12.941814035342734 117.4
    endloop
  endfacet
  facet normal 0 0 1
    outer loop
      vertex 69.1 19 117.4
      vertex 64.91662913856025 12.941814035342734 117.4
      vertex 65.08165354742742 12.917334976685492 117.4
    endloop
  endfacet
  facet normal 0 0 1
    outer loop
      vertex 69.1 19 117.4
      vertex 65.08165354742742 12.917334976685492 117.4
      vertex 65.24348395133259 12.876798570744755 117.4
    endloop
  endfacet
  facet normal 0 0 1
    outer loop
      vertex 69.1 19 117.4
      vertex 65.24348395133259 12.876798570744755 117.4
      vertex 65.40056183502065 12.820595205269187 117.4
    endloop
  endfacet
  facet normal 0 0 1
    outer loop
      vertex 69.1 19 117.4
      vertex 65.5513744526042 12.749266149392204 117.4
      vertex 65.69446939613333 12.663498340914327 117.4
    endloop
  endfacet
  facet normal 0 0 1
    outer loop
      vertex 69.1 19 117.4
      vertex 65.40056183502065 12.820595205269187 117.4
      vertex 65.5513744526042 12.749266149392204 117.4
    endloop
  endfacet
  facet normal 0 0 1
    outer loop
      vertex 69.1 19 117.4
      vertex 65.69446939613333 12.663498340914327 117.4
      vertex 65.82846858307819 12.564117770716653 117.4
    endloop
  endfacet
  facet normal 0 0 1
    outer loop
      vertex 69.1 19 117.4
      vertex 66.44181403534273 11.416629138560253 117.4
      vertex 66.45 11.25 117.4
    endloop
  endfacet
  facet normal 0 0 1
    outer loop
      vertex 69.1 19 117.4
      vertex 66.4173349766855 11.581653547427418 117.4
      vertex 66.44181403534273 11.416629138560253 117.4
    endloop
  endfacet
  facet normal 0 0 1
    outer loop
      vertex 69.1 19 117.4
      vertex 66.32059520526919 11.900561835020653 117.4
      vertex 66.37679857074475 11.743483951332585 117.4
    endloop
  endfacet
  facet normal 0 0 1
    outer loop
      vertex 69.1 19 117.4
      vertex 66.37679857074475 11.743483951332585 117.4
      vertex 66.4173349766855 11.581653547427418 117.4
    endloop
  endfacet
  facet normal 0 0 1
    outer loop
      vertex 69.1 19 117.4
      vertex 66.2492661493922 12.051374452604197 117.4
      vertex 66.32059520526919 11.900561835020653 117.4
    endloop
  endfacet
  facet normal 0 0 1
    outer loop
      vertex 69.1 19 117.4
      vertex 65.82846858307819 12.564117770716653 117.4
      vertex 65.95208152801713 12.45208152801713 117.4
    endloop
  endfacet
  facet normal 0 0 1
    outer loop
      vertex 69.1 19 117.4
      vertex 65.95208152801713 12.45208152801713 117.4
      vertex 66.06411777071665 12.328468583078198 117.4
    endloop
  endfacet
  facet normal 0 0 1
    outer loop
      vertex 69.1 19 117.4
      vertex 66.06411777071665 12.328468583078198 117.4
      vertex 66.16349834091433 12.194469396133323 117.4
    endloop
  endfacet
  facet normal 0 0 1
    outer loop
      vertex 69.1 19 117.4
      vertex 66.16349834091433 12.194469396133323 117.4
      vertex 66.2492661493922 12.051374452604197 117.4
    endloop
  endfacet
  facet normal 0 1 0
    outer loop
      vertex 68.66750000000002 19 113.45
      vertex 69.1 19 117.4
      vertex 69.1 19 113.45
    endloop
  endfacet
  facet normal 0.7409511253549487 0.6715589548470299 0
    outer loop
      vertex 52.685882229283344 -15.078468583078198 75.9
      vertex 52.79791847198287 -15.20208152801713 71.9
      vertex 52.685882229283344 -15.078468583078198 71.9
    endloop
  endfacet
  facet normal 0.6715589548470189 0.7409511253549588 0
    outer loop
      vertex 52.79791847198287 -15.20208152801713 75.9
      vertex 52.9215314169218 -15.314117770716653 71.9
      vertex 52.79791847198287 -15.20208152801713 71.9
    endloop
  endfacet
  facet normal 0.8032075314806479 0.5956993044924292 0
    outer loop
      vertex 52.685882229283344 -15.078468583078198 75.9
      vertex 52.685882229283344 -15.078468583078198 71.9
      vertex 52.58650165908567 -14.944469396133323 75.9
    endloop
  endfacet
  facet normal 0.7409511253549487 0.6715589548470299 5.740265496105773e-19
    outer loop
      vertex 52.685882229283344 -15.078468583078198 75.9
      vertex 52.79791847198287 -15.20208152801713 75.9
      vertex 52.79791847198287 -15.20208152801713 71.9
    endloop
  endfacet
  facet normal 0.6715589548470189 0.7409511253549588 0
    outer loop
      vertex 52.9215314169218 -15.314117770716653 75.9
      vertex 52.9215314169218 -15.314117770716653 71.9
      vertex 52.79791847198287 -15.20208152801713 75.9
    endloop
  endfacet
  facet normal 0.5956993044924241 0.8032075314806518 0
    outer loop
      vertex 52.9215314169218 -15.314117770716653 75.9
      vertex 53.05553060386668 -15.413498340914327 71.9
      vertex 52.9215314169218 -15.314117770716653 71.9
    endloop
  endfacet
  facet normal 0.5141027441932232 0.8577286100002712 0
    outer loop
      vertex 53.05553060386668 -15.413498340914327 75.9
      vertex 53.19862554739581 -15.499266149392204 71.9
      vertex 53.05553060386668 -15.413498340914327 71.9
    endloop
  endfacet
  facet normal 0.4275550934302876 0.9039892931234408 0
    outer loop
      vertex 53.19862554739581 -15.499266149392204 75.9
      vertex 53.34943816497935 -15.570595205269187 71.9
      vertex 53.19862554739581 -15.499266149392204 71.9
    endloop
  endfacet
  facet normal 0.3368898533922202 0.9415440651830207 0
    outer loop
      vertex 53.34943816497935 -15.570595205269187 75.9
      vertex 53.506516048667415 -15.626798570744755 71.9
      vertex 53.34943816497935 -15.570595205269187 71.9
    endloop
  endfacet
  facet normal 0.24298017990325874 0.9700312531945452 0
    outer loop
      vertex 53.506516048667415 -15.626798570744755 75.9
      vertex 53.668346452572585 -15.667334976685492 71.9
      vertex 53.506516048667415 -15.626798570744755 71.9
    endloop
  endfacet
  facet normal 0.14673047445536 0.9891765099647811 0
    outer loop
      vertex 53.668346452572585 -15.667334976685492 75.9
      vertex 53.83337086143975 -15.691814035342734 71.9
      vertex 53.668346452572585 -15.667334976685492 71.9
    endloop
  endfacet
  facet normal 0.04906767432741787 0.9987954562051724 0
    outer loop
      vertex 53.83337086143975 -15.691814035342734 75.9
      vertex 54 -15.7 71.9
      vertex 53.83337086143975 -15.691814035342734 71.9
    endloop
  endfacet
  facet normal 0.5956993044924241 0.8032075314806518 4.0775414292824974e-19
    outer loop
      vertex 52.9215314169218 -15.314117770716653 75.9
      vertex 53.05553060386668 -15.413498340914327 75.9
      vertex 53.05553060386668 -15.413498340914327 71.9
    endloop
  endfacet
  facet normal 0.5141027441932232 0.8577286100002712 -3.293355540867808e-19
    outer loop
      vertex 53.05553060386668 -15.413498340914327 75.9
      vertex 53.19862554739581 -15.499266149392204 75.9
      vertex 53.19862554739581 -15.499266149392204 71.9
    endloop
  endfacet
  facet normal 0.4275550934302876 0.9039892931234408 9.500226024537387e-19
    outer loop
      vertex 53.19862554739581 -15.499266149392204 75.9
      vertex 53.34943816497935 -15.570595205269187 75.9
      vertex 53.34943816497935 -15.570595205269187 71.9
    endloop
  endfacet
  facet normal 0.24298017990325874 0.9700312531945452 5.949421832063113e-19
    outer loop
      vertex 53.506516048667415 -15.626798570744755 75.9
      vertex 53.668346452572585 -15.667334976685492 75.9
      vertex 53.668346452572585 -15.667334976685492 71.9
    endloop
  endfacet
  facet normal 0.14673047445536 0.9891765099647811 -1.3790251413078666e-19
    outer loop
      vertex 53.668346452572585 -15.667334976685492 75.9
      vertex 53.83337086143975 -15.691814035342734 75.9
      vertex 53.83337086143975 -15.691814035342734 71.9
    endloop
  endfacet
  facet normal 0.04906767432741787 0.9987954562051724 -5.0878015108726047e-20
    outer loop
      vertex 53.83337086143975 -15.691814035342734 75.9
      vertex 54 -15.7 75.9
      vertex 54 -15.7 71.9
    endloop
  endfacet
  facet normal 0.3368898533922202 0.9415440651830207 -5.252490042289651e-19
    outer loop
      vertex 53.34943816497935 -15.570595205269187 75.9
      vertex 53.506516048667415 -15.626798570744755 75.9
      vertex 53.506516048667415 -15.626798570744755 71.9
    endloop
  endfacet
  facet normal -0.04906767432741787 0.9987954562051724 0
    outer loop
      vertex 54 -15.7 75.9
      vertex 54.16662913856025 -15.691814035342734 71.9
      vertex 54 -15.7 71.9
    endloop
  endfacet
  facet normal -0.14673047445536 0.9891765099647811 0
    outer loop
      vertex 54.16662913856025 -15.691814035342734 75.9
      vertex 54.331653547427415 -15.667334976685492 71.9
      vertex 54.16662913856025 -15.691814035342734 71.9
    endloop
  endfacet
  facet normal -0.24298017990325874 0.9700312531945452 0
    outer loop
      vertex 54.331653547427415 -15.667334976685492 75.9
      vertex 54.493483951332585 -15.626798570744755 71.9
      vertex 54.331653547427415 -15.667334976685492 71.9
    endloop
  endfacet
  facet normal -0.3368898533922202 0.9415440651830207 0
    outer loop
      vertex 54.493483951332585 -15.626798570744755 75.9
      vertex 54.65056183502065 -15.570595205269187 71.9
      vertex 54.493483951332585 -15.626798570744755 71.9
    endloop
  endfacet
  facet normal -0.4275550934302876 0.9039892931234408 0
    outer loop
      vertex 54.65056183502065 -15.570595205269187 75.9
      vertex 54.80137445260419 -15.499266149392204 71.9
      vertex 54.65056183502065 -15.570595205269187 71.9
    endloop
  endfacet
  facet normal -0.5141027441932232 0.8577286100002712 0
    outer loop
      vertex 54.80137445260419 -15.499266149392204 75.9
      vertex 54.94446939613332 -15.413498340914327 71.9
      vertex 54.80137445260419 -15.499266149392204 71.9
    endloop
  endfacet
  facet normal -0.5956993044924241 0.8032075314806518 0
    outer loop
      vertex 54.94446939613332 -15.413498340914327 75.9
      vertex 55.0784685830782 -15.314117770716653 71.9
      vertex 54.94446939613332 -15.413498340914327 71.9
    endloop
  endfacet
  facet normal -0.04906767432741787 0.9987954562051724 5.0878015108726047e-20
    outer loop
      vertex 54 -15.7 75.9
      vertex 54.16662913856025 -15.691814035342734 75.9
      vertex 54.16662913856025 -15.691814035342734 71.9
    endloop
  endfacet
  facet normal -0.14673047445536 0.9891765099647811 1.3790251413078666e-19
    outer loop
      vertex 54.16662913856025 -15.691814035342734 75.9
      vertex 54.331653547427415 -15.667334976685492 75.9
      vertex 54.331653547427415 -15.667334976685492 71.9
    endloop
  endfacet
  facet normal -0.24298017990325874 0.9700312531945452 -5.949421832063113e-19
    outer loop
      vertex 54.331653547427415 -15.667334976685492 75.9
      vertex 54.493483951332585 -15.626798570744755 75.9
      vertex 54.493483951332585 -15.626798570744755 71.9
    endloop
  endfacet
  facet normal -0.3368898533922202 0.9415440651830207 5.252490042289651e-19
    outer loop
      vertex 54.493483951332585 -15.626798570744755 75.9
      vertex 54.65056183502065 -15.570595205269187 75.9
      vertex 54.65056183502065 -15.570595205269187 71.9
    endloop
  endfacet
  facet normal -0.4275550934302876 0.9039892931234408 -9.500226024537387e-19
    outer loop
      vertex 54.65056183502065 -15.570595205269187 75.9
      vertex 54.80137445260419 -15.499266149392204 75.9
      vertex 54.80137445260419 -15.499266149392204 71.9
    endloop
  endfacet
  facet normal -0.5141027441932232 0.8577286100002712 3.293355540867808e-19
    outer loop
      vertex 54.80137445260419 -15.499266149392204 75.9
      vertex 54.94446939613332 -15.413498340914327 75.9
      vertex 54.94446939613332 -15.413498340914327 71.9
    endloop
  endfacet
  facet normal -0.5956993044924241 0.8032075314806518 -4.0775414292824974e-19
    outer loop
      vertex 54.94446939613332 -15.413498340914327 75.9
      vertex 55.0784685830782 -15.314117770716653 75.9
      vertex 55.0784685830782 -15.314117770716653 71.9
    endloop
  endfacet
  facet normal -0.6715589548470189 0.7409511253549588 0
    outer loop
      vertex 55.0784685830782 -15.314117770716653 75.9
      vertex 55.20208152801713 -15.20208152801713 71.9
      vertex 55.0784685830782 -15.314117770716653 71.9
    endloop
  endfacet
  facet normal -0.7409511253549487 0.6715589548470299 0
    outer loop
      vertex 55.20208152801713 -15.20208152801713 75.9
      vertex 55.314117770716656 -15.078468583078198 71.9
      vertex 55.20208152801713 -15.20208152801713 71.9
    endloop
  endfacet
  facet normal -0.8032075314806479 0.5956993044924292 0
    outer loop
      vertex 55.314117770716656 -15.078468583078198 75.9
      vertex 55.41349834091433 -14.944469396133323 71.9
      vertex 55.314117770716656 -15.078468583078198 71.9
    endloop
  endfacet
  facet normal -0.6715589548470189 0.7409511253549588 -1.9590605146984848e-19
    outer loop
      vertex 55.0784685830782 -15.314117770716653 75.9
      vertex 55.20208152801713 -15.20208152801713 75.9
      vertex 55.20208152801713 -15.20208152801713 71.9
    endloop
  endfacet
  facet normal -0.7409511253549487 0.6715589548470299 -5.740265496105773e-19
    outer loop
      vertex 55.20208152801713 -15.20208152801713 75.9
      vertex 55.314117770716656 -15.078468583078198 75.9
      vertex 55.314117770716656 -15.078468583078198 71.9
    endloop
  endfacet
  facet normal 0.9891765099647755 0.14673047445539858 0
    outer loop
      vertex 52.30818596465726 -14.166629138560253 75.9
      vertex 52.33266502331451 -14.331653547427418 71.9
      vertex 52.30818596465726 -14.166629138560253 71.9
    endloop
  endfacet
  facet normal 0.9987954562051724 0.04906767432741787 0
    outer loop
      vertex 52.3 -14 75.9
      vertex 52.30818596465726 -14.166629138560253 71.9
      vertex 52.3 -14 71.9
    endloop
  endfacet
  facet normal 0.9987954562051724 -0.04906767432741787 0
    outer loop
      vertex 52.30818596465726 -13.833370861439747 75.9
      vertex 52.3 -14 71.9
      vertex 52.30818596465726 -13.833370861439747 71.9
    endloop
  endfacet
  facet normal 0.9039892931234528 0.4275550934302619 0
    outer loop
      vertex 52.429404794730814 -14.650561835020653 75.9
      vertex 52.500733850607794 -14.801374452604197 71.9
      vertex 52.429404794730814 -14.650561835020653 71.9
    endloop
  endfacet
  facet normal 0.857728610000273 0.51410274419322 0
    outer loop
      vertex 52.500733850607794 -14.801374452604197 75.9
      vertex 52.58650165908567 -14.944469396133323 71.9
      vertex 52.500733850607794 -14.801374452604197 71.9
    endloop
  endfacet
  facet normal 0.9415440651830207 0.3368898533922202 0
    outer loop
      vertex 52.373201429255246 -14.493483951332585 75.9
      vertex 52.429404794730814 -14.650561835020653 71.9
      vertex 52.373201429255246 -14.493483951332585 71.9
    endloop
  endfacet
  facet normal 0.9700312531945465 0.24298017990325374 0
    outer loop
      vertex 52.33266502331451 -14.331653547427418 75.9
      vertex 52.373201429255246 -14.493483951332585 71.9
      vertex 52.33266502331451 -14.331653547427418 71.9
    endloop
  endfacet
  facet normal 0.8032075314806479 0.5956993044924292 0
    outer loop
      vertex 52.58650165908567 -14.944469396133323 75.9
      vertex 52.685882229283344 -15.078468583078198 71.9
      vertex 52.58650165908567 -14.944469396133323 71.9
    endloop
  endfacet
  facet normal 0.9891765099647755 0.14673047445539858 0
    outer loop
      vertex 52.33266502331451 -14.331653547427418 75.9
      vertex 52.33266502331451 -14.331653547427418 71.9
      vertex 52.30818596465726 -14.166629138560253 75.9
    endloop
  endfacet
  facet normal 0.9987954562051724 0.04906767432741787 0
    outer loop
      vertex 52.30818596465726 -14.166629138560253 75.9
      vertex 52.30818596465726 -14.166629138560253 71.9
      vertex 52.3 -14 75.9
    endloop
  endfacet
  facet normal 0.9987954562051724 -0.04906767432741787 0
    outer loop
      vertex 52.3 -14 75.9
      vertex 52.3 -14 71.9
      vertex 52.30818596465726 -13.833370861439747 75.9
    endloop
  endfacet
  facet normal 0.9891765099647755 -0.14673047445539858 0
    outer loop
      vertex 52.30818596465726 -13.833370861439747 75.9
      vertex 52.30818596465726 -13.833370861439747 71.9
      vertex 52.33266502331451 -13.668346452572582 75.9
    endloop
  endfacet
  facet normal 0.857728610000273 0.51410274419322 0
    outer loop
      vertex 52.58650165908567 -14.944469396133323 75.9
      vertex 52.58650165908567 -14.944469396133323 71.9
      vertex 52.500733850607794 -14.801374452604197 75.9
    endloop
  endfacet
  facet normal 0.9039892931234528 0.4275550934302619 0
    outer loop
      vertex 52.500733850607794 -14.801374452604197 75.9
      vertex 52.500733850607794 -14.801374452604197 71.9
      vertex 52.429404794730814 -14.650561835020653 75.9
    endloop
  endfacet
  facet normal 0.9415440651830207 0.3368898533922202 -5.252490042289651e-19
    outer loop
      vertex 52.373201429255246 -14.493483951332585 75.9
      vertex 52.429404794730814 -14.650561835020653 75.9
      vertex 52.429404794730814 -14.650561835020653 71.9
    endloop
  endfacet
  facet normal 0.9700312531945465 0.24298017990325374 0
    outer loop
      vertex 52.373201429255246 -14.493483951332585 75.9
      vertex 52.373201429255246 -14.493483951332585 71.9
      vertex 52.33266502331451 -14.331653547427418 75.9
    endloop
  endfacet
  facet normal 0.9891765099647755 -0.14673047445539858 0
    outer loop
      vertex 52.33266502331451 -13.668346452572582 75.9
      vertex 52.30818596465726 -13.833370861439747 71.9
      vertex 52.33266502331451 -13.668346452572582 71.9
    endloop
  endfacet
  facet normal 0.9700312531945465 -0.24298017990325374 0
    outer loop
      vertex 52.373201429255246 -13.506516048667415 75.9
      vertex 52.33266502331451 -13.668346452572582 71.9
      vertex 52.373201429255246 -13.506516048667415 71.9
    endloop
  endfacet
  facet normal 0.9415440651830207 -0.3368898533922202 0
    outer loop
      vertex 52.429404794730814 -13.349438164979347 75.9
      vertex 52.373201429255246 -13.506516048667415 71.9
      vertex 52.429404794730814 -13.349438164979347 71.9
    endloop
  endfacet
  facet normal 0.9039892931234528 -0.4275550934302619 0
    outer loop
      vertex 52.500733850607794 -13.198625547395803 75.9
      vertex 52.429404794730814 -13.349438164979347 71.9
      vertex 52.500733850607794 -13.198625547395803 71.9
    endloop
  endfacet
  facet normal 0.857728610000273 -0.51410274419322 0
    outer loop
      vertex 52.58650165908567 -13.055530603866677 75.9
      vertex 52.500733850607794 -13.198625547395803 71.9
      vertex 52.58650165908567 -13.055530603866677 71.9
    endloop
  endfacet
  facet normal 0.8032075314806479 -0.5956993044924292 0
    outer loop
      vertex 52.685882229283344 -12.921531416921802 75.9
      vertex 52.58650165908567 -13.055530603866677 71.9
      vertex 52.685882229283344 -12.921531416921802 71.9
    endloop
  endfacet
  facet normal 0.7409511253549487 -0.6715589548470299 0
    outer loop
      vertex 52.79791847198287 -12.79791847198287 75.9
      vertex 52.685882229283344 -12.921531416921802 71.9
      vertex 52.79791847198287 -12.79791847198287 71.9
    endloop
  endfacet
  facet normal 0.6715589548470189 -0.7409511253549588 0
    outer loop
      vertex 52.9215314169218 -12.685882229283347 75.9
      vertex 52.79791847198287 -12.79791847198287 71.9
      vertex 52.9215314169218 -12.685882229283347 71.9
    endloop
  endfacet
  facet normal 0.9700312531945465 -0.24298017990325374 0
    outer loop
      vertex 52.33266502331451 -13.668346452572582 75.9
      vertex 52.33266502331451 -13.668346452572582 71.9
      vertex 52.373201429255246 -13.506516048667415 75.9
    endloop
  endfacet
  facet normal 0.9415440651830207 -0.3368898533922202 0
    outer loop
      vertex 52.373201429255246 -13.506516048667415 75.9
      vertex 52.373201429255246 -13.506516048667415 71.9
      vertex 52.429404794730814 -13.349438164979347 75.9
    endloop
  endfacet
  facet normal 0.9039892931234528 -0.4275550934302619 0
    outer loop
      vertex 52.429404794730814 -13.349438164979347 75.9
      vertex 52.429404794730814 -13.349438164979347 71.9
      vertex 52.500733850607794 -13.198625547395803 75.9
    endloop
  endfacet
  facet normal 0.857728610000273 -0.51410274419322 0
    outer loop
      vertex 52.500733850607794 -13.198625547395803 75.9
      vertex 52.500733850607794 -13.198625547395803 71.9
      vertex 52.58650165908567 -13.055530603866677 75.9
    endloop
  endfacet
  facet normal 0.8032075314806479 -0.5956993044924292 0
    outer loop
      vertex 52.58650165908567 -13.055530603866677 75.9
      vertex 52.58650165908567 -13.055530603866677 71.9
      vertex 52.685882229283344 -12.921531416921802 75.9
    endloop
  endfacet
  facet normal 0.7409511253549487 -0.6715589548470299 0
    outer loop
      vertex 52.685882229283344 -12.921531416921802 75.9
      vertex 52.685882229283344 -12.921531416921802 71.9
      vertex 52.79791847198287 -12.79791847198287 75.9
    endloop
  endfacet
  facet normal 0.6715589548470189 -0.7409511253549588 0
    outer loop
      vertex 52.79791847198287 -12.79791847198287 75.9
      vertex 52.79791847198287 -12.79791847198287 71.9
      vertex 52.9215314169218 -12.685882229283347 75.9
    endloop
  endfacet
  facet normal 0.5956993044924241 -0.8032075314806518 0
    outer loop
      vertex 53.05553060386668 -12.586501659085673 75.9
      vertex 52.9215314169218 -12.685882229283347 71.9
      vertex 53.05553060386668 -12.586501659085673 71.9
    endloop
  endfacet
  facet normal 0.5141027441932232 -0.8577286100002712 0
    outer loop
      vertex 53.19862554739581 -12.500733850607796 75.9
      vertex 53.05553060386668 -12.586501659085673 71.9
      vertex 53.19862554739581 -12.500733850607796 71.9
    endloop
  endfacet
  facet normal 0.5956993044924241 -0.8032075314806518 0
    outer loop
      vertex 52.9215314169218 -12.685882229283347 75.9
      vertex 52.9215314169218 -12.685882229283347 71.9
      vertex 53.05553060386668 -12.586501659085673 75.9
    endloop
  endfacet
  facet normal 0.5141027441932232 -0.8577286100002712 0
    outer loop
      vertex 53.05553060386668 -12.586501659085673 75.9
      vertex 53.05553060386668 -12.586501659085673 71.9
      vertex 53.19862554739581 -12.500733850607796 75.9
    endloop
  endfacet
  facet normal 0.4275550934302876 -0.9039892931234408 0
    outer loop
      vertex 53.34943816497935 -12.429404794730813 75.9
      vertex 53.19862554739581 -12.500733850607796 71.9
      vertex 53.34943816497935 -12.429404794730813 71.9
    endloop
  endfacet
  facet normal 0.3368898533922202 -0.9415440651830207 0
    outer loop
      vertex 53.506516048667415 -12.373201429255245 75.9
      vertex 53.34943816497935 -12.429404794730813 71.9
      vertex 53.506516048667415 -12.373201429255245 71.9
    endloop
  endfacet
  facet normal 0.24298017990325874 -0.9700312531945452 0
    outer loop
      vertex 53.668346452572585 -12.332665023314508 75.9
      vertex 53.506516048667415 -12.373201429255245 71.9
      vertex 53.668346452572585 -12.332665023314508 71.9
    endloop
  endfacet
  facet normal 0.14673047445536 -0.9891765099647811 0
    outer loop
      vertex 53.83337086143975 -12.308185964657266 75.9
      vertex 53.668346452572585 -12.332665023314508 71.9
      vertex 53.83337086143975 -12.308185964657266 71.9
    endloop
  endfacet
  facet normal 0.04906767432741787 -0.9987954562051724 0
    outer loop
      vertex 54 -12.3 75.9
      vertex 53.83337086143975 -12.308185964657266 71.9
      vertex 54 -12.3 71.9
    endloop
  endfacet
  facet normal 0.4275550934302876 -0.9039892931234408 0
    outer loop
      vertex 53.19862554739581 -12.500733850607796 75.9
      vertex 53.19862554739581 -12.500733850607796 71.9
      vertex 53.34943816497935 -12.429404794730813 75.9
    endloop
  endfacet
  facet normal 0.3368898533922202 -0.9415440651830207 0
    outer loop
      vertex 53.34943816497935 -12.429404794730813 75.9
      vertex 53.34943816497935 -12.429404794730813 71.9
      vertex 53.506516048667415 -12.373201429255245 75.9
    endloop
  endfacet
  facet normal 0.24298017990325874 -0.9700312531945452 0
    outer loop
      vertex 53.506516048667415 -12.373201429255245 75.9
      vertex 53.506516048667415 -12.373201429255245 71.9
      vertex 53.668346452572585 -12.332665023314508 75.9
    endloop
  endfacet
  facet normal 0.14673047445536 -0.9891765099647811 0
    outer loop
      vertex 53.668346452572585 -12.332665023314508 75.9
      vertex 53.668346452572585 -12.332665023314508 71.9
      vertex 53.83337086143975 -12.308185964657266 75.9
    endloop
  endfacet
  facet normal 0.04906767432741787 -0.9987954562051724 0
    outer loop
      vertex 53.83337086143975 -12.308185964657266 75.9
      vertex 53.83337086143975 -12.308185964657266 71.9
      vertex 54 -12.3 75.9
    endloop
  endfacet
  facet normal -0.5141027441932232 -0.8577286100002712 0
    outer loop
      vertex 54.94446939613332 -12.586501659085673 75.9
      vertex 54.80137445260419 -12.500733850607796 71.9
      vertex 54.94446939613332 -12.586501659085673 71.9
    endloop
  endfacet
  facet normal -0.5956993044924241 -0.8032075314806518 0
    outer loop
      vertex 55.0784685830782 -12.685882229283347 75.9
      vertex 54.94446939613332 -12.586501659085673 71.9
      vertex 55.0784685830782 -12.685882229283347 71.9
    endloop
  endfacet
  facet normal -0.5141027441932232 -0.8577286100002712 -3.293355540867808e-19
    outer loop
      vertex 54.94446939613332 -12.586501659085673 75.9
      vertex 54.80137445260419 -12.500733850607796 75.9
      vertex 54.80137445260419 -12.500733850607796 71.9
    endloop
  endfacet
  facet normal -0.5956993044924241 -0.8032075314806518 0
    outer loop
      vertex 54.94446939613332 -12.586501659085673 75.9
      vertex 54.94446939613332 -12.586501659085673 71.9
      vertex 55.0784685830782 -12.685882229283347 75.9
    endloop
  endfacet
  facet normal -0.857728610000273 0.51410274419322 0
    outer loop
      vertex 55.41349834091433 -14.944469396133323 75.9
      vertex 55.499266149392206 -14.801374452604197 71.9
      vertex 55.41349834091433 -14.944469396133323 71.9
    endloop
  endfacet
  facet normal -0.9039892931234528 0.4275550934302619 0
    outer loop
      vertex 55.499266149392206 -14.801374452604197 75.9
      vertex 55.570595205269186 -14.650561835020653 71.9
      vertex 55.499266149392206 -14.801374452604197 71.9
    endloop
  endfacet
  facet normal -0.9415440651830207 0.3368898533922202 0
    outer loop
      vertex 55.570595205269186 -14.650561835020653 75.9
      vertex 55.626798570744754 -14.493483951332585 71.9
      vertex 55.570595205269186 -14.650561835020653 71.9
    endloop
  endfacet
  facet normal -0.9700312531945465 0.24298017990325374 0
    outer loop
      vertex 55.626798570744754 -14.493483951332585 75.9
      vertex 55.66733497668549 -14.331653547427418 71.9
      vertex 55.626798570744754 -14.493483951332585 71.9
    endloop
  endfacet
  facet normal -0.9891765099647755 0.14673047445539858 0
    outer loop
      vertex 55.66733497668549 -14.331653547427418 75.9
      vertex 55.69181403534274 -14.166629138560253 71.9
      vertex 55.66733497668549 -14.331653547427418 71.9
    endloop
  endfacet
  facet normal -0.9987954562051724 0.04906767432741787 0
    outer loop
      vertex 55.69181403534274 -14.166629138560253 75.9
      vertex 55.7 -14 71.9
      vertex 55.69181403534274 -14.166629138560253 71.9
    endloop
  endfacet
  facet normal -0.9987954562051724 -0.04906767432741787 0
    outer loop
      vertex 55.7 -14 75.9
      vertex 55.69181403534274 -13.833370861439747 71.9
      vertex 55.7 -14 71.9
    endloop
  endfacet
  facet normal -0.9891765099647755 -0.14673047445539858 0
    outer loop
      vertex 55.69181403534274 -13.833370861439747 75.9
      vertex 55.66733497668549 -13.668346452572582 71.9
      vertex 55.69181403534274 -13.833370861439747 71.9
    endloop
  endfacet
  facet normal -0.8032075314806479 0.5956993044924292 2.0130710149317673e-19
    outer loop
      vertex 55.314117770716656 -15.078468583078198 75.9
      vertex 55.41349834091433 -14.944469396133323 75.9
      vertex 55.41349834091433 -14.944469396133323 71.9
    endloop
  endfacet
  facet normal -0.857728610000273 0.51410274419322 -5.946905358757322e-19
    outer loop
      vertex 55.41349834091433 -14.944469396133323 75.9
      vertex 55.499266149392206 -14.801374452604197 75.9
      vertex 55.499266149392206 -14.801374452604197 71.9
    endloop
  endfacet
  facet normal -0.9039892931234528 0.4275550934302619 -3.8419292598643933e-19
    outer loop
      vertex 55.499266149392206 -14.801374452604197 75.9
      vertex 55.570595205269186 -14.650561835020653 75.9
      vertex 55.570595205269186 -14.650561835020653 71.9
    endloop
  endfacet
  facet normal -0.9415440651830207 0.3368898533922202 5.252490042289651e-19
    outer loop
      vertex 55.570595205269186 -14.650561835020653 75.9
      vertex 55.626798570744754 -14.493483951332585 75.9
      vertex 55.626798570744754 -14.493483951332585 71.9
    endloop
  endfacet
  facet normal -0.9700312531945465 0.24298017990325374 9.941222818314107e-20
    outer loop
      vertex 55.626798570744754 -14.493483951332585 75.9
      vertex 55.66733497668549 -14.331653547427418 75.9
      vertex 55.66733497668549 -14.331653547427418 71.9
    endloop
  endfacet
  facet normal -0.9891765099647755 0.14673047445539858 3.2790482607323377e-19
    outer loop
      vertex 55.66733497668549 -14.331653547427418 75.9
      vertex 55.69181403534274 -14.166629138560253 75.9
      vertex 55.69181403534274 -14.166629138560253 71.9
    endloop
  endfacet
  facet normal -0.9987954562051724 0.04906767432741787 5.0878015108726047e-20
    outer loop
      vertex 55.69181403534274 -14.166629138560253 75.9
      vertex 55.7 -14 75.9
      vertex 55.7 -14 71.9
    endloop
  endfacet
  facet normal -0.9987954562051724 -0.04906767432741787 -5.0878015108726047e-20
    outer loop
      vertex 55.7 -14 75.9
      vertex 55.69181403534274 -13.833370861439747 75.9
      vertex 55.69181403534274 -13.833370861439747 71.9
    endloop
  endfacet
  facet normal -0.9039892931234528 -0.4275550934302619 0
    outer loop
      vertex 55.570595205269186 -13.349438164979347 75.9
      vertex 55.499266149392206 -13.198625547395803 71.9
      vertex 55.570595205269186 -13.349438164979347 71.9
    endloop
  endfacet
  facet normal -0.857728610000273 -0.51410274419322 0
    outer loop
      vertex 55.499266149392206 -13.198625547395803 75.9
      vertex 55.41349834091433 -13.055530603866677 71.9
      vertex 55.499266149392206 -13.198625547395803 71.9
    endloop
  endfacet
  facet normal -0.7409511253549487 -0.6715589548470299 0
    outer loop
      vertex 55.314117770716656 -12.921531416921802 75.9
      vertex 55.20208152801713 -12.79791847198287 71.9
      vertex 55.314117770716656 -12.921531416921802 71.9
    endloop
  endfacet
  facet normal -0.6715589548470189 -0.7409511253549588 0
    outer loop
      vertex 55.20208152801713 -12.79791847198287 75.9
      vertex 55.0784685830782 -12.685882229283347 71.9
      vertex 55.20208152801713 -12.79791847198287 71.9
    endloop
  endfacet
  facet normal -0.8032075314806479 -0.5956993044924292 0
    outer loop
      vertex 55.41349834091433 -13.055530603866677 75.9
      vertex 55.314117770716656 -12.921531416921802 71.9
      vertex 55.41349834091433 -13.055530603866677 71.9
    endloop
  endfacet
  facet normal -0.9700312531945465 -0.24298017990325374 0
    outer loop
      vertex 55.66733497668549 -13.668346452572582 75.9
      vertex 55.626798570744754 -13.506516048667415 71.9
      vertex 55.66733497668549 -13.668346452572582 71.9
    endloop
  endfacet
  facet normal -0.9415440651830207 -0.3368898533922202 0
    outer loop
      vertex 55.626798570744754 -13.506516048667415 75.9
      vertex 55.570595205269186 -13.349438164979347 71.9
      vertex 55.626798570744754 -13.506516048667415 71.9
    endloop
  endfacet
  facet normal -0.9039892931234528 -0.4275550934302619 0
    outer loop
      vertex 55.499266149392206 -13.198625547395803 75.9
      vertex 55.499266149392206 -13.198625547395803 71.9
      vertex 55.570595205269186 -13.349438164979347 75.9
    endloop
  endfacet
  facet normal -0.7409511253549487 -0.6715589548470299 5.740265496105773e-19
    outer loop
      vertex 55.314117770716656 -12.921531416921802 75.9
      vertex 55.20208152801713 -12.79791847198287 75.9
      vertex 55.20208152801713 -12.79791847198287 71.9
    endloop
  endfacet
  facet normal -0.6715589548470189 -0.7409511253549588 0
    outer loop
      vertex 55.0784685830782 -12.685882229283347 75.9
      vertex 55.0784685830782 -12.685882229283347 71.9
      vertex 55.20208152801713 -12.79791847198287 75.9
    endloop
  endfacet
  facet normal -0.857728610000273 -0.51410274419322 5.946905358757322e-19
    outer loop
      vertex 55.499266149392206 -13.198625547395803 75.9
      vertex 55.41349834091433 -13.055530603866677 75.9
      vertex 55.41349834091433 -13.055530603866677 71.9
    endloop
  endfacet
  facet normal -0.8032075314806479 -0.5956993044924292 0
    outer loop
      vertex 55.314117770716656 -12.921531416921802 75.9
      vertex 55.314117770716656 -12.921531416921802 71.9
      vertex 55.41349834091433 -13.055530603866677 75.9
    endloop
  endfacet
  facet normal -0.9891765099647755 -0.14673047445539858 -3.2790482607323377e-19
    outer loop
      vertex 55.69181403534274 -13.833370861439747 75.9
      vertex 55.66733497668549 -13.668346452572582 75.9
      vertex 55.66733497668549 -13.668346452572582 71.9
    endloop
  endfacet
  facet normal -0.9700312531945465 -0.24298017990325374 -9.941222818314107e-20
    outer loop
      vertex 55.66733497668549 -13.668346452572582 75.9
      vertex 55.626798570744754 -13.506516048667415 75.9
      vertex 55.626798570744754 -13.506516048667415 71.9
    endloop
  endfacet
  facet normal -0.9415440651830207 -0.3368898533922202 -5.252490042289651e-19
    outer loop
      vertex 55.626798570744754 -13.506516048667415 75.9
      vertex 55.570595205269186 -13.349438164979347 75.9
      vertex 55.570595205269186 -13.349438164979347 71.9
    endloop
  endfacet
  facet normal -0.04906767432741787 -0.9987954562051724 0
    outer loop
      vertex 54.16662913856025 -12.308185964657266 75.9
      vertex 54 -12.3 71.9
      vertex 54.16662913856025 -12.308185964657266 71.9
    endloop
  endfacet
  facet normal -0.14673047445536 -0.9891765099647811 0
    outer loop
      vertex 54.331653547427415 -12.332665023314508 75.9
      vertex 54.16662913856025 -12.308185964657266 71.9
      vertex 54.331653547427415 -12.332665023314508 71.9
    endloop
  endfacet
  facet normal -0.24298017990325874 -0.9700312531945452 0
    outer loop
      vertex 54.493483951332585 -12.373201429255245 75.9
      vertex 54.331653547427415 -12.332665023314508 71.9
      vertex 54.493483951332585 -12.373201429255245 71.9
    endloop
  endfacet
  facet normal -0.3368898533922202 -0.9415440651830207 0
    outer loop
      vertex 54.65056183502065 -12.429404794730813 75.9
      vertex 54.493483951332585 -12.373201429255245 71.9
      vertex 54.65056183502065 -12.429404794730813 71.9
    endloop
  endfacet
  facet normal -0.4275550934302876 -0.9039892931234408 0
    outer loop
      vertex 54.80137445260419 -12.500733850607796 75.9
      vertex 54.65056183502065 -12.429404794730813 71.9
      vertex 54.80137445260419 -12.500733850607796 71.9
    endloop
  endfacet
  facet normal -0.04906767432741787 -0.9987954562051724 0
    outer loop
      vertex 54 -12.3 75.9
      vertex 54 -12.3 71.9
      vertex 54.16662913856025 -12.308185964657266 75.9
    endloop
  endfacet
  facet normal -0.14673047445536 -0.9891765099647811 0
    outer loop
      vertex 54.16662913856025 -12.308185964657266 75.9
      vertex 54.16662913856025 -12.308185964657266 71.9
      vertex 54.331653547427415 -12.332665023314508 75.9
    endloop
  endfacet
  facet normal -0.24298017990325874 -0.9700312531945452 0
    outer loop
      vertex 54.331653547427415 -12.332665023314508 75.9
      vertex 54.331653547427415 -12.332665023314508 71.9
      vertex 54.493483951332585 -12.373201429255245 75.9
    endloop
  endfacet
  facet normal -0.3368898533922202 -0.9415440651830207 0
    outer loop
      vertex 54.493483951332585 -12.373201429255245 75.9
      vertex 54.493483951332585 -12.373201429255245 71.9
      vertex 54.65056183502065 -12.429404794730813 75.9
    endloop
  endfacet
  facet normal -0.4275550934302876 -0.9039892931234408 0
    outer loop
      vertex 54.65056183502065 -12.429404794730813 75.9
      vertex 54.65056183502065 -12.429404794730813 71.9
      vertex 54.80137445260419 -12.500733850607796 75.9
    endloop
  endfacet
  facet normal 0.6715589548470283 0.74095112535495 0
    outer loop
      vertex 51.77962350542724 -16.70553658676958 75.9
      vertex 51.6 -16.542735331136303 75.9
      vertex 51.77962350542724 -16.70553658676958 77.49650487631753
    endloop
  endfacet
  facet normal 0.6715589548470283 0.74095112535495 0
    outer loop
      vertex 51.6 -16.542735331136303 75.9
      vertex 51.6 -16.542735331136303 77.69729309159857
      vertex 51.77962350542724 -16.70553658676958 77.49650487631753
    endloop
  endfacet
  facet normal 0 0 1
    outer loop
      vertex 51.77962350542724 -16.70553658676958 75.9
      vertex 51.6 -14.950783862641307 75.9
      vertex 51.6 -16.542735331136303 75.9
    endloop
  endfacet
  facet normal 0 0 1
    outer loop
      vertex 51.33661254273543 -15.362411253512134 75.9
      vertex 51.3 -11.773514823281113 75.9
      vertex 51.3 -16.226485176718885 75.9
    endloop
  endfacet
  facet normal 0 0 1
    outer loop
      vertex 51.77962350542724 -16.70553658676958 75.9
      vertex 51.77962350542724 -11.294463413230421 75.9
      vertex 51.6 -14.950783862641307 75.9
    endloop
  endfacet
  facet normal 0 0 1
    outer loop
      vertex 51.531285158986755 -11.519544170485652 75.9
      vertex 51.525126265847085 -11.745370252273563 75.9
      vertex 51.6 -14.950783862641307 75.9
    endloop
  endfacet
  facet normal 0 0 1
    outer loop
      vertex 51.6 -11.457264668863694 75.9
      vertex 51.531285158986755 -11.519544170485652 75.9
      vertex 51.6 -14.950783862641307 75.9
    endloop
  endfacet
  facet normal 0 0 1
    outer loop
      vertex 51.77962350542724 -11.294463413230421 75.9
      vertex 51.6 -11.457264668863694 75.9
      vertex 51.6 -14.950783862641307 75.9
    endloop
  endfacet
  facet normal 0.6715589548470203 -0.7409511253549573 -6.632731953288857e-19
    outer loop
      vertex 51.77962350542724 -11.294463413230421 75.9
      vertex 51.6 -11.457264668863694 83.96937357506812
      vertex 51.6 -11.457264668863694 75.9
    endloop
  endfacet
  facet normal 0.6715589548470202 -0.7409511253549573 0
    outer loop
      vertex 51.77962350542724 -11.294463413230421 75.9
      vertex 51.77962350542724 -11.294463413230421 84.17016179034916
      vertex 51.6 -11.457264668863694 83.96937357506812
    endloop
  endfacet
  facet normal 0 0 1
    outer loop
      vertex 52.350111421109006 -17.08672442521924 75.9
      vertex 52.660607986722184 -17.233578363789505 75.9
      vertex 52.58650165908567 -14.944469396133323 75.9
    endloop
  endfacet
  facet normal 0 0 1
    outer loop
      vertex 52.660607986722184 -17.233578363789505 75.9
      vertex 52.98400362960938 -17.34929117506273 75.9
      vertex 52.9215314169218 -15.314117770716653 75.9
    endloop
  endfacet
  facet normal 0.514102744193221 0.8577286100002726 1.1380269455374257e-18
    outer loop
      vertex 52.05550418443139 -16.91014364305891 75.9
      vertex 52.350111421109006 -17.08672442521924 77.02637320889627
      vertex 52.350111421109006 -17.08672442521924 75.9
    endloop
  endfacet
  facet normal 0.514102744193221 0.8577286100002725 0
    outer loop
      vertex 52.05550418443139 -16.91014364305891 75.9
      vertex 52.05550418443139 -16.91014364305891 77.24415617356068
      vertex 52.350111421109006 -17.08672442521924 77.02637320889627
    endloop
  endfacet
  facet normal 0.5956993044924326 0.8032075314806456 6.956053395622874e-18
    outer loop
      vertex 51.77962350542724 -16.70553658676958 75.9
      vertex 52.05550418443139 -16.91014364305891 77.24415617356068
      vertex 52.05550418443139 -16.91014364305891 75.9
    endloop
  endfacet
  facet normal 0.5956993044924326 0.8032075314806455 0
    outer loop
      vertex 51.77962350542724 -16.70553658676958 75.9
      vertex 51.77962350542724 -16.70553658676958 77.49650487631753
      vertex 52.05550418443139 -16.91014364305891 77.24415617356068
    endloop
  endfacet
  facet normal 0.427555093430287 0.903989293123441 6.184425806714498e-18
    outer loop
      vertex 52.350111421109006 -17.08672442521924 75.9
      vertex 52.660607986722184 -17.233578363789505 76.84525335132628
      vertex 52.660607986722184 -17.233578363789505 75.9
    endloop
  endfacet
  facet normal 0.4275550934302871 0.9039892931234411 0
    outer loop
      vertex 52.350111421109006 -17.08672442521924 75.9
      vertex 52.350111421109006 -17.08672442521924 77.02637320889627
      vertex 52.660607986722184 -17.233578363789505 76.84525335132628
    endloop
  endfacet
  facet normal 0.3368898533922151 0.9415440651830225 -8.719081858048586e-18
    outer loop
      vertex 52.660607986722184 -17.233578363789505 75.9
      vertex 52.98400362960938 -17.34929117506273 76.7025408840893
      vertex 52.98400362960938 -17.34929117506273 75.9
    endloop
  endfacet
  facet normal 0.3368898533922152 0.9415440651830226 0
    outer loop
      vertex 52.660607986722184 -17.233578363789505 75.9
      vertex 52.660607986722184 -17.233578363789505 76.84525335132628
      vertex 52.98400362960938 -17.34929117506273 76.7025408840893
    endloop
  endfacet
  facet normal 0 0 1
    outer loop
      vertex 52.05550418443139 -16.91014364305891 75.9
      vertex 52.350111421109006 -17.08672442521924 75.9
      vertex 52.33266502331451 -14.331653547427418 75.9
    endloop
  endfacet
  facet normal 0 0 1
    outer loop
      vertex 52.05550418443139 -16.91014364305891 75.9
      vertex 52.33266502331451 -14.331653547427418 75.9
      vertex 52.30818596465726 -14.166629138560253 75.9
    endloop
  endfacet
  facet normal 0 0 1
    outer loop
      vertex 52.05550418443139 -16.91014364305891 75.9
      vertex 52.30818596465726 -14.166629138560253 75.9
      vertex 52.3 -14 75.9
    endloop
  endfacet
  facet normal 0 0 1
    outer loop
      vertex 52.660607986722184 -17.233578363789505 75.9
      vertex 52.79791847198287 -15.20208152801713 75.9
      vertex 52.685882229283344 -15.078468583078198 75.9
    endloop
  endfacet
  facet normal 0 0 1
    outer loop
      vertex 52.660607986722184 -17.233578363789505 75.9
      vertex 52.685882229283344 -15.078468583078198 75.9
      vertex 52.58650165908567 -14.944469396133323 75.9
    endloop
  endfacet
  facet normal 0 0 1
    outer loop
      vertex 52.660607986722184 -17.233578363789505 75.9
      vertex 52.9215314169218 -15.314117770716653 75.9
      vertex 52.79791847198287 -15.20208152801713 75.9
    endloop
  endfacet
  facet normal 0 0 1
    outer loop
      vertex 52.350111421109006 -17.08672442521924 75.9
      vertex 52.500733850607794 -14.801374452604197 75.9
      vertex 52.429404794730814 -14.650561835020653 75.9
    endloop
  endfacet
  facet normal 0 0 1
    outer loop
      vertex 52.350111421109006 -17.08672442521924 75.9
      vertex 52.429404794730814 -14.650561835020653 75.9
      vertex 52.373201429255246 -14.493483951332585 75.9
    endloop
  endfacet
  facet normal 0 0 1
    outer loop
      vertex 52.350111421109006 -17.08672442521924 75.9
      vertex 52.58650165908567 -14.944469396133323 75.9
      vertex 52.500733850607794 -14.801374452604197 75.9
    endloop
  endfacet
  facet normal 0 0 1
    outer loop
      vertex 52.350111421109006 -17.08672442521924 75.9
      vertex 52.373201429255246 -14.493483951332585 75.9
      vertex 52.33266502331451 -14.331653547427418 75.9
    endloop
  endfacet
  facet normal 0.2429801799032602 0.970031253194545 1.3894990856324167e-19
    outer loop
      vertex 52.98400362960938 -17.34929117506273 75.9
      vertex 53.31718387294355 -17.432748481411306 76.5996102062594
      vertex 53.31718387294355 -17.432748481411306 75.9
    endloop
  endfacet
  facet normal 0 0 1
    outer loop
      vertex 52.98400362960938 -17.34929117506273 75.9
      vertex 53.31718387294355 -17.432748481411306 75.9
      vertex 53.19862554739581 -15.499266149392204 75.9
    endloop
  endfacet
  facet normal 0.14673047445536283 0.9891765099647808 -6.363216102629379e-18
    outer loop
      vertex 53.31718387294355 -17.432748481411306 75.9
      vertex 53.65694000884654 -17.48314654335269 76.5374525965317
      vertex 53.65694000884654 -17.48314654335269 75.9
    endloop
  endfacet
  facet normal 0.0490676743274195 0.9987954562051723 1.345414612013069e-18
    outer loop
      vertex 53.65694000884654 -17.48314654335269 75.9
      vertex 54 -17.5 76.51666666666667
      vertex 54 -17.5 75.9
    endloop
  endfacet
  facet normal 0 0 1
    outer loop
      vertex 53.65694000884654 -17.48314654335269 75.9
      vertex 54 -17.5 75.9
      vertex 53.83337086143975 -15.691814035342734 75.9
    endloop
  endfacet
  facet normal 0 0 1
    outer loop
      vertex 53.31718387294355 -17.432748481411306 75.9
      vertex 53.65694000884654 -17.48314654335269 75.9
      vertex 53.506516048667415 -15.626798570744755 75.9
    endloop
  endfacet
  facet normal 0 0 1
    outer loop
      vertex 53.65694000884654 -17.48314654335269 75.9
      vertex 53.668346452572585 -15.667334976685492 75.9
      vertex 53.506516048667415 -15.626798570744755 75.9
    endloop
  endfacet
  facet normal 0 0 1
    outer loop
      vertex 53.65694000884654 -17.48314654335269 75.9
      vertex 53.83337086143975 -15.691814035342734 75.9
      vertex 53.668346452572585 -15.667334976685492 75.9
    endloop
  endfacet
  facet normal 0 0 1
    outer loop
      vertex 54 -17.5 75.9
      vertex 54 -15.7 75.9
      vertex 53.83337086143975 -15.691814035342734 75.9
    endloop
  endfacet
  facet normal 0.24298017990326015 0.970031253194545 0
    outer loop
      vertex 52.98400362960938 -17.34929117506273 75.9
      vertex 52.98400362960938 -17.34929117506273 76.7025408840893
      vertex 53.31718387294355 -17.432748481411306 76.5996102062594
    endloop
  endfacet
  facet normal 0.14673047445536286 0.9891765099647808 0
    outer loop
      vertex 53.31718387294355 -17.432748481411306 75.9
      vertex 53.31718387294355 -17.432748481411306 76.5996102062594
      vertex 53.65694000884654 -17.48314654335269 76.5374525965317
    endloop
  endfacet
  facet normal 0.04906767432741949 0.9987954562051723 0
    outer loop
      vertex 53.65694000884654 -17.48314654335269 75.9
      vertex 53.65694000884654 -17.48314654335269 76.5374525965317
      vertex 54 -17.5 76.51666666666667
    endloop
  endfacet
  facet normal 0 0 1
    outer loop
      vertex 52.98400362960938 -17.34929117506273 75.9
      vertex 53.05553060386668 -15.413498340914327 75.9
      vertex 52.9215314169218 -15.314117770716653 75.9
    endloop
  endfacet
  facet normal 0 0 1
    outer loop
      vertex 52.98400362960938 -17.34929117506273 75.9
      vertex 53.19862554739581 -15.499266149392204 75.9
      vertex 53.05553060386668 -15.413498340914327 75.9
    endloop
  endfacet
  facet normal 0 0 1
    outer loop
      vertex 53.31718387294355 -17.432748481411306 75.9
      vertex 53.34943816497935 -15.570595205269187 75.9
      vertex 53.19862554739581 -15.499266149392204 75.9
    endloop
  endfacet
  facet normal 0 0 1
    outer loop
      vertex 53.31718387294355 -17.432748481411306 75.9
      vertex 53.506516048667415 -15.626798570744755 75.9
      vertex 53.34943816497935 -15.570595205269187 75.9
    endloop
  endfacet
  facet normal -0.0490676743274195 0.9987954562051723 0
    outer loop
      vertex 54 -17.5 75.9
      vertex 54 -17.5 76.51666666666667
      vertex 54.34305999115346 -17.48314654335269 75.9
    endloop
  endfacet
  facet normal 0 0 1
    outer loop
      vertex 54 -17.5 75.9
      vertex 54.34305999115346 -17.48314654335269 75.9
      vertex 54 -15.7 75.9
    endloop
  endfacet
  facet normal -0.14673047445536283 0.9891765099647808 0
    outer loop
      vertex 54.34305999115346 -17.48314654335269 75.9
      vertex 54.34305999115346 -17.48314654335269 76.5374525965317
      vertex 54.68281612705645 -17.432748481411306 75.9
    endloop
  endfacet
  facet normal 0 0 1
    outer loop
      vertex 54 -15.7 75.9
      vertex 54.34305999115346 -17.48314654335269 75.9
      vertex 54.16662913856025 -15.691814035342734 75.9
    endloop
  endfacet
  facet normal 0 0 1
    outer loop
      vertex 54.34305999115346 -17.48314654335269 75.9
      vertex 54.68281612705645 -17.432748481411306 75.9
      vertex 54.331653547427415 -15.667334976685492 75.9
    endloop
  endfacet
  facet normal 0 0 1
    outer loop
      vertex 54.16662913856025 -15.691814035342734 75.9
      vertex 54.34305999115346 -17.48314654335269 75.9
      vertex 54.331653547427415 -15.667334976685492 75.9
    endloop
  endfacet
  facet normal -0.2429801799032602 0.970031253194545 0
    outer loop
      vertex 54.68281612705645 -17.432748481411306 75.9
      vertex 54.68281612705645 -17.432748481411306 76.5996102062594
      vertex 55.01599637039062 -17.34929117506273 75.9
    endloop
  endfacet
  facet normal 0 0 1
    outer loop
      vertex 54.68281612705645 -17.432748481411306 75.9
      vertex 55.01599637039062 -17.34929117506273 75.9
      vertex 54.65056183502065 -15.570595205269187 75.9
    endloop
  endfacet
  facet normal -0.04906767432741949 0.9987954562051723 0
    outer loop
      vertex 54.34305999115346 -17.48314654335269 75.9
      vertex 54 -17.5 76.51666666666667
      vertex 54.34305999115346 -17.48314654335269 76.5374525965317
    endloop
  endfacet
  facet normal -0.14673047445536286 0.9891765099647808 0
    outer loop
      vertex 54.68281612705645 -17.432748481411306 75.9
      vertex 54.34305999115346 -17.48314654335269 76.5374525965317
      vertex 54.68281612705645 -17.432748481411306 76.5996102062594
    endloop
  endfacet
  facet normal -0.24298017990326015 0.970031253194545 0
    outer loop
      vertex 55.01599637039062 -17.34929117506273 75.9
      vertex 54.68281612705645 -17.432748481411306 76.5996102062594
      vertex 55.01599637039062 -17.34929117506273 76.7025408840893
    endloop
  endfacet
  facet normal 0 0 1
    outer loop
      vertex 54.68281612705645 -17.432748481411306 75.9
      vertex 54.493483951332585 -15.626798570744755 75.9
      vertex 54.331653547427415 -15.667334976685492 75.9
    endloop
  endfacet
  facet normal 0 0 1
    outer loop
      vertex 54.68281612705645 -17.432748481411306 75.9
      vertex 54.65056183502065 -15.570595205269187 75.9
      vertex 54.493483951332585 -15.626798570744755 75.9
    endloop
  endfacet
  facet normal 0 0 1
    outer loop
      vertex 55.01599637039062 -17.34929117506273 75.9
      vertex 54.80137445260419 -15.499266149392204 75.9
      vertex 54.65056183502065 -15.570595205269187 75.9
    endloop
  endfacet
  facet normal 0 0 1
    outer loop
      vertex 55.01599637039062 -17.34929117506273 75.9
      vertex 54.94446939613332 -15.413498340914327 75.9
      vertex 54.80137445260419 -15.499266149392204 75.9
    endloop
  endfacet
  facet normal 0 0 1
    outer loop
      vertex 55.01599637039062 -17.34929117506273 75.9
      vertex 55.0784685830782 -15.314117770716653 75.9
      vertex 54.94446939613332 -15.413498340914327 75.9
    endloop
  endfacet
  facet normal 0 0 1
    outer loop
      vertex 55.01599637039062 -17.34929117506273 75.9
      vertex 55.339392013277816 -17.233578363789505 75.9
      vertex 55.0784685830782 -15.314117770716653 75.9
    endloop
  endfacet
  facet normal 0 0 1
    outer loop
      vertex 55.339392013277816 -17.233578363789505 75.9
      vertex 55.649888578890994 -17.08672442521924 75.9
      vertex 55.41349834091433 -14.944469396133323 75.9
    endloop
  endfacet
  facet normal -0.3368898533922151 0.9415440651830225 0
    outer loop
      vertex 55.01599637039062 -17.34929117506273 75.9
      vertex 55.01599637039062 -17.34929117506273 76.7025408840893
      vertex 55.339392013277816 -17.233578363789505 75.9
    endloop
  endfacet
  facet normal -0.3368898533922152 0.9415440651830226 0
    outer loop
      vertex 55.339392013277816 -17.233578363789505 75.9
      vertex 55.01599637039062 -17.34929117506273 76.7025408840893
      vertex 55.339392013277816 -17.233578363789505 76.84525335132628
    endloop
  endfacet
  facet normal -0.427555093430287 0.903989293123441 0
    outer loop
      vertex 55.339392013277816 -17.233578363789505 75.9
      vertex 55.339392013277816 -17.233578363789505 76.84525335132628
      vertex 55.649888578890994 -17.08672442521924 75.9
    endloop
  endfacet
  facet normal -0.4275550934302871 0.9039892931234411 0
    outer loop
      vertex 55.649888578890994 -17.08672442521924 75.9
      vertex 55.339392013277816 -17.233578363789505 76.84525335132628
      vertex 55.649888578890994 -17.08672442521924 77.02637320889627
    endloop
  endfacet
  facet normal -0.514102744193221 0.8577286100002726 0
    outer loop
      vertex 55.649888578890994 -17.08672442521924 75.9
      vertex 55.649888578890994 -17.08672442521924 77.02637320889627
      vertex 55.94449581556861 -16.91014364305891 75.9
    endloop
  endfacet
  facet normal -0.514102744193221 0.8577286100002725 0
    outer loop
      vertex 55.94449581556861 -16.91014364305891 75.9
      vertex 55.649888578890994 -17.08672442521924 77.02637320889627
      vertex 55.94449581556861 -16.91014364305891 77.24415617356068
    endloop
  endfacet
  facet normal -0.5956993044924326 0.8032075314806456 0
    outer loop
      vertex 55.94449581556861 -16.91014364305891 75.9
      vertex 55.94449581556861 -16.91014364305891 77.24415617356068
      vertex 56.22037649457276 -16.70553658676958 75.9
    endloop
  endfacet
  facet normal 0 0 1
    outer loop
      vertex 55.0784685830782 -15.314117770716653 75.9
      vertex 55.339392013277816 -17.233578363789505 75.9
      vertex 55.20208152801713 -15.20208152801713 75.9
    endloop
  endfacet
  facet normal 0 0 1
    outer loop
      vertex 55.339392013277816 -17.233578363789505 75.9
      vertex 55.314117770716656 -15.078468583078198 75.9
      vertex 55.20208152801713 -15.20208152801713 75.9
    endloop
  endfacet
  facet normal 0 0 1
    outer loop
      vertex 55.339392013277816 -17.233578363789505 75.9
      vertex 55.41349834091433 -14.944469396133323 75.9
      vertex 55.314117770716656 -15.078468583078198 75.9
    endloop
  endfacet
  facet normal 0 0 1
    outer loop
      vertex 55.649888578890994 -17.08672442521924 75.9
      vertex 55.499266149392206 -14.801374452604197 75.9
      vertex 55.41349834091433 -14.944469396133323 75.9
    endloop
  endfacet
  facet normal 0 0 1
    outer loop
      vertex 55.649888578890994 -17.08672442521924 75.9
      vertex 55.570595205269186 -14.650561835020653 75.9
      vertex 55.499266149392206 -14.801374452604197 75.9
    endloop
  endfacet
  facet normal 0 0 1
    outer loop
      vertex 55.649888578890994 -17.08672442521924 75.9
      vertex 55.626798570744754 -14.493483951332585 75.9
      vertex 55.570595205269186 -14.650561835020653 75.9
    endloop
  endfacet
  facet normal 0 0 1
    outer loop
      vertex 55.649888578890994 -17.08672442521924 75.9
      vertex 55.66733497668549 -14.331653547427418 75.9
      vertex 55.626798570744754 -14.493483951332585 75.9
    endloop
  endfacet
  facet normal 0 0 1
    outer loop
      vertex 55.649888578890994 -17.08672442521924 75.9
      vertex 55.69181403534274 -14.166629138560253 75.9
      vertex 55.66733497668549 -14.331653547427418 75.9
    endloop
  endfacet
  facet normal 0 0 1
    outer loop
      vertex 55.649888578890994 -17.08672442521924 75.9
      vertex 55.94449581556861 -16.91014364305891 75.9
      vertex 55.94449581556861 -11.089856356941091 75.9
    endloop
  endfacet
  facet normal 0 0 1
    outer loop
      vertex 51.77962350542724 -16.70553658676958 75.9
      vertex 52.05550418443139 -16.91014364305891 75.9
      vertex 52.05550418443139 -11.089856356941091 75.9
    endloop
  endfacet
  facet normal 0 0 1
    outer loop
      vertex 52.05550418443139 -16.91014364305891 75.9
      vertex 52.3 -14 75.9
      vertex 52.350111421109006 -10.913275574780757 75.9
    endloop
  endfacet
  facet normal 0 0 1
    outer loop
      vertex 51.77962350542724 -16.70553658676958 75.9
      vertex 52.05550418443139 -11.089856356941091 75.9
      vertex 51.77962350542724 -11.294463413230421 75.9
    endloop
  endfacet
  facet normal 0 0 1
    outer loop
      vertex 52.05550418443139 -16.91014364305891 75.9
      vertex 52.350111421109006 -10.913275574780757 75.9
      vertex 52.05550418443139 -11.089856356941091 75.9
    endloop
  endfacet
  facet normal 0 0 1
    outer loop
      vertex 52.3 -14 75.9
      vertex 52.30818596465726 -13.833370861439747 75.9
      vertex 52.350111421109006 -10.913275574780757 75.9
    endloop
  endfacet
  facet normal 0 0 1
    outer loop
      vertex 52.30818596465726 -13.833370861439747 75.9
      vertex 52.33266502331451 -13.668346452572582 75.9
      vertex 52.350111421109006 -10.913275574780757 75.9
    endloop
  endfacet
  facet normal 0 0 1
    outer loop
      vertex 52.33266502331451 -13.668346452572582 75.9
      vertex 52.373201429255246 -13.506516048667415 75.9
      vertex 52.350111421109006 -10.913275574780757 75.9
    endloop
  endfacet
  facet normal 0 0 1
    outer loop
      vertex 52.373201429255246 -13.506516048667415 75.9
      vertex 52.429404794730814 -13.349438164979347 75.9
      vertex 52.350111421109006 -10.913275574780757 75.9
    endloop
  endfacet
  facet normal 0 0 1
    outer loop
      vertex 52.429404794730814 -13.349438164979347 75.9
      vertex 52.500733850607794 -13.198625547395803 75.9
      vertex 52.350111421109006 -10.913275574780757 75.9
    endloop
  endfacet
  facet normal 0 0 1
    outer loop
      vertex 52.500733850607794 -13.198625547395803 75.9
      vertex 52.58650165908567 -13.055530603866677 75.9
      vertex 52.350111421109006 -10.913275574780757 75.9
    endloop
  endfacet
  facet normal 0 0 1
    outer loop
      vertex 52.58650165908567 -13.055530603866677 75.9
      vertex 52.685882229283344 -12.921531416921802 75.9
      vertex 52.660607986722184 -10.766421636210497 75.9
    endloop
  endfacet
  facet normal 0 0 1
    outer loop
      vertex 52.685882229283344 -12.921531416921802 75.9
      vertex 52.79791847198287 -12.79791847198287 75.9
      vertex 52.660607986722184 -10.766421636210497 75.9
    endloop
  endfacet
  facet normal 0 0 1
    outer loop
      vertex 52.79791847198287 -12.79791847198287 75.9
      vertex 52.9215314169218 -12.685882229283347 75.9
      vertex 52.660607986722184 -10.766421636210497 75.9
    endloop
  endfacet
  facet normal 0 0 1
    outer loop
      vertex 52.58650165908567 -13.055530603866677 75.9
      vertex 52.660607986722184 -10.766421636210497 75.9
      vertex 52.350111421109006 -10.913275574780757 75.9
    endloop
  endfacet
  facet normal 0 0 1
    outer loop
      vertex 52.9215314169218 -12.685882229283347 75.9
      vertex 52.98400362960938 -10.650708824937269 75.9
      vertex 52.660607986722184 -10.766421636210497 75.9
    endloop
  endfacet
  facet normal 0 0 1
    outer loop
      vertex 52.9215314169218 -12.685882229283347 75.9
      vertex 53.05553060386668 -12.586501659085673 75.9
      vertex 52.98400362960938 -10.650708824937269 75.9
    endloop
  endfacet
  facet normal 0 0 1
    outer loop
      vertex 53.05553060386668 -12.586501659085673 75.9
      vertex 53.19862554739581 -12.500733850607796 75.9
      vertex 52.98400362960938 -10.650708824937269 75.9
    endloop
  endfacet
  facet normal 0 0 1
    outer loop
      vertex 53.19862554739581 -12.500733850607796 75.9
      vertex 53.34943816497935 -12.429404794730813 75.9
      vertex 52.98400362960938 -10.650708824937269 75.9
    endloop
  endfacet
  facet normal 0 0 1
    outer loop
      vertex 53.34943816497935 -12.429404794730813 75.9
      vertex 53.506516048667415 -12.373201429255245 75.9
      vertex 53.31718387294355 -10.567251518588694 75.9
    endloop
  endfacet
  facet normal 0 0 1
    outer loop
      vertex 53.31718387294355 -10.567251518588694 75.9
      vertex 53.506516048667415 -12.373201429255245 75.9
      vertex 53.668346452572585 -12.332665023314508 75.9
    endloop
  endfacet
  facet normal 0 0 1
    outer loop
      vertex 53.668346452572585 -12.332665023314508 75.9
      vertex 53.83337086143975 -12.308185964657266 75.9
      vertex 53.65694000884654 -10.516853456647311 75.9
    endloop
  endfacet
  facet normal 0 0 1
    outer loop
      vertex 53.83337086143975 -12.308185964657266 75.9
      vertex 54 -12.3 75.9
      vertex 53.65694000884654 -10.516853456647311 75.9
    endloop
  endfacet
  facet normal 0 0 1
    outer loop
      vertex 53.34943816497935 -12.429404794730813 75.9
      vertex 53.31718387294355 -10.567251518588694 75.9
      vertex 52.98400362960938 -10.650708824937269 75.9
    endloop
  endfacet
  facet normal 0 0 1
    outer loop
      vertex 53.31718387294355 -10.567251518588694 75.9
      vertex 53.668346452572585 -12.332665023314508 75.9
      vertex 53.65694000884654 -10.516853456647311 75.9
    endloop
  endfacet
  facet normal 0 0 1
    outer loop
      vertex 54 -12.3 75.9
      vertex 54 -10.5 75.9
      vertex 53.65694000884654 -10.516853456647311 75.9
    endloop
  endfacet
  facet normal 0 0 1
    outer loop
      vertex 55.649888578890994 -17.08672442521924 75.9
      vertex 55.94449581556861 -11.089856356941091 75.9
      vertex 55.69181403534274 -14.166629138560253 75.9
    endloop
  endfacet
  facet normal 0 0 1
    outer loop
      vertex 55.69181403534274 -14.166629138560253 75.9
      vertex 55.94449581556861 -11.089856356941091 75.9
      vertex 55.7 -14 75.9
    endloop
  endfacet
  facet normal 0 0 1
    outer loop
      vertex 55.7 -14 75.9
      vertex 55.94449581556861 -11.089856356941091 75.9
      vertex 55.69181403534274 -13.833370861439747 75.9
    endloop
  endfacet
  facet normal 0 0 1
    outer loop
      vertex 55.69181403534274 -13.833370861439747 75.9
      vertex 55.94449581556861 -11.089856356941091 75.9
      vertex 55.66733497668549 -13.668346452572582 75.9
    endloop
  endfacet
  facet normal 0 0 1
    outer loop
      vertex 55.66733497668549 -13.668346452572582 75.9
      vertex 55.649888578890994 -10.913275574780757 75.9
      vertex 55.626798570744754 -13.506516048667415 75.9
    endloop
  endfacet
  facet normal 0 0 1
    outer loop
      vertex 55.626798570744754 -13.506516048667415 75.9
      vertex 55.649888578890994 -10.913275574780757 75.9
      vertex 55.570595205269186 -13.349438164979347 75.9
    endloop
  endfacet
  facet normal 0 0 1
    outer loop
      vertex 55.94449581556861 -16.91014364305891 75.9
      vertex 56.22037649457276 -11.294463413230421 75.9
      vertex 55.94449581556861 -11.089856356941091 75.9
    endloop
  endfacet
  facet normal 0 0 1
    outer loop
      vertex 54 -12.3 75.9
      vertex 54.16662913856025 -12.308185964657266 75.9
      vertex 54 -10.5 75.9
    endloop
  endfacet
  facet normal 0 0 1
    outer loop
      vertex 54.16662913856025 -12.308185964657266 75.9
      vertex 54.331653547427415 -12.332665023314508 75.9
      vertex 54.34305999115346 -10.516853456647311 75.9
    endloop
  endfacet
  facet normal 0 0 1
    outer loop
      vertex 54.331653547427415 -12.332665023314508 75.9
      vertex 54.493483951332585 -12.373201429255245 75.9
      vertex 54.34305999115346 -10.516853456647311 75.9
    endloop
  endfacet
  facet normal 0 0 1
    outer loop
      vertex 54.94446939613332 -12.586501659085673 75.9
      vertex 55.01599637039062 -10.650708824937269 75.9
      vertex 54.80137445260419 -12.500733850607796 75.9
    endloop
  endfacet
  facet normal 0 0 1
    outer loop
      vertex 54.94446939613332 -12.586501659085673 75.9
      vertex 55.0784685830782 -12.685882229283347 75.9
      vertex 55.01599637039062 -10.650708824937269 75.9
    endloop
  endfacet
  facet normal 0 0 1
    outer loop
      vertex 54.493483951332585 -12.373201429255245 75.9
      vertex 54.65056183502065 -12.429404794730813 75.9
      vertex 54.68281612705645 -10.567251518588694 75.9
    endloop
  endfacet
  facet normal 0 0 1
    outer loop
      vertex 54.65056183502065 -12.429404794730813 75.9
      vertex 54.80137445260419 -12.500733850607796 75.9
      vertex 54.68281612705645 -10.567251518588694 75.9
    endloop
  endfacet
  facet normal 0 0 1
    outer loop
      vertex 54.16662913856025 -12.308185964657266 75.9
      vertex 54.34305999115346 -10.516853456647311 75.9
      vertex 54 -10.5 75.9
    endloop
  endfacet
  facet normal 0 0 1
    outer loop
      vertex 54.493483951332585 -12.373201429255245 75.9
      vertex 54.68281612705645 -10.567251518588694 75.9
      vertex 54.34305999115346 -10.516853456647311 75.9
    endloop
  endfacet
  facet normal 0 0 1
    outer loop
      vertex 54.80137445260419 -12.500733850607796 75.9
      vertex 55.01599637039062 -10.650708824937269 75.9
      vertex 54.68281612705645 -10.567251518588694 75.9
    endloop
  endfacet
  facet normal 0 0 1
    outer loop
      vertex 55.0784685830782 -12.685882229283347 75.9
      vertex 55.20208152801713 -12.79791847198287 75.9
      vertex 55.339392013277816 -10.766421636210497 75.9
    endloop
  endfacet
  facet normal 0 0 1
    outer loop
      vertex 55.314117770716656 -12.921531416921802 75.9
      vertex 55.339392013277816 -10.766421636210497 75.9
      vertex 55.20208152801713 -12.79791847198287 75.9
    endloop
  endfacet
  facet normal 0 0 1
    outer loop
      vertex 55.314117770716656 -12.921531416921802 75.9
      vertex 55.41349834091433 -13.055530603866677 75.9
      vertex 55.339392013277816 -10.766421636210497 75.9
    endloop
  endfacet
  facet normal 0 0 1
    outer loop
      vertex 55.499266149392206 -13.198625547395803 75.9
      vertex 55.570595205269186 -13.349438164979347 75.9
      vertex 55.649888578890994 -10.913275574780757 75.9
    endloop
  endfacet
  facet normal 0 0 1
    outer loop
      vertex 55.499266149392206 -13.198625547395803 75.9
      vertex 55.649888578890994 -10.913275574780757 75.9
      vertex 55.41349834091433 -13.055530603866677 75.9
    endloop
  endfacet
  facet normal 0 0 1
    outer loop
      vertex 55.0784685830782 -12.685882229283347 75.9
      vertex 55.339392013277816 -10.766421636210497 75.9
      vertex 55.01599637039062 -10.650708824937269 75.9
    endloop
  endfacet
  facet normal 0 0 1
    outer loop
      vertex 55.41349834091433 -13.055530603866677 75.9
      vertex 55.649888578890994 -10.913275574780757 75.9
      vertex 55.339392013277816 -10.766421636210497 75.9
    endloop
  endfacet
  facet normal 0 0 1
    outer loop
      vertex 55.66733497668549 -13.668346452572582 75.9
      vertex 55.94449581556861 -11.089856356941091 75.9
      vertex 55.649888578890994 -10.913275574780757 75.9
    endloop
  endfacet
  facet normal 0.5956993044924325 -0.8032075314806456 0
    outer loop
      vertex 51.77962350542724 -11.294463413230421 75.9
      vertex 52.05550418443139 -11.089856356941091 75.9
      vertex 51.77962350542724 -11.294463413230421 84.17016179034916
    endloop
  endfacet
  facet normal 0.5141027441932248 -0.8577286100002702 0
    outer loop
      vertex 52.05550418443139 -11.089856356941091 75.9
      vertex 52.350111421109006 -10.913275574780757 75.9
      vertex 52.05550418443139 -11.089856356941091 84.42251049310599
    endloop
  endfacet
  facet normal 0.4275550934302787 -0.903989293123445 0
    outer loop
      vertex 52.350111421109006 -10.913275574780757 75.9
      vertex 52.660607986722184 -10.766421636210497 75.9
      vertex 52.350111421109006 -10.913275574780757 84.64029345777041
    endloop
  endfacet
  facet normal 0.3368898533922198 -0.941544065183021 0
    outer loop
      vertex 52.660607986722184 -10.766421636210497 75.9
      vertex 52.98400362960938 -10.650708824937269 75.9
      vertex 52.660607986722184 -10.766421636210497 84.8214133153404
    endloop
  endfacet
  facet normal 0.2429801799032602 -0.970031253194545 0
    outer loop
      vertex 52.98400362960938 -10.650708824937269 75.9
      vertex 53.31718387294355 -10.567251518588694 75.9
      vertex 52.98400362960938 -10.650708824937269 84.96412578257737
    endloop
  endfacet
  facet normal 0.14673047445536286 -0.9891765099647808 0
    outer loop
      vertex 53.31718387294355 -10.567251518588694 75.9
      vertex 53.65694000884654 -10.516853456647311 75.9
      vertex 53.31718387294355 -10.567251518588694 85.06705646040727
    endloop
  endfacet
  facet normal 0.0490676743274195 -0.9987954562051724 0
    outer loop
      vertex 53.65694000884654 -10.516853456647311 75.9
      vertex 54 -10.5 75.9
      vertex 53.65694000884654 -10.516853456647311 85.12921407013498
    endloop
  endfacet
  facet normal 0.5956993044924326 -0.8032075314806456 0
    outer loop
      vertex 52.05550418443139 -11.089856356941091 75.9
      vertex 52.05550418443139 -11.089856356941091 84.42251049310599
      vertex 51.77962350542724 -11.294463413230421 84.17016179034916
    endloop
  endfacet
  facet normal 0.5141027441932248 -0.8577286100002702 0
    outer loop
      vertex 52.350111421109006 -10.913275574780757 75.9
      vertex 52.350111421109006 -10.913275574780757 84.64029345777041
      vertex 52.05550418443139 -11.089856356941091 84.42251049310599
    endloop
  endfacet
  facet normal 0.42755509343027853 -0.9039892931234449 0
    outer loop
      vertex 52.660607986722184 -10.766421636210497 75.9
      vertex 52.660607986722184 -10.766421636210497 84.8214133153404
      vertex 52.350111421109006 -10.913275574780757 84.64029345777041
    endloop
  endfacet
  facet normal 0.3368898533922197 -0.9415440651830209 0
    outer loop
      vertex 52.98400362960938 -10.650708824937269 75.9
      vertex 52.98400362960938 -10.650708824937269 84.96412578257737
      vertex 52.660607986722184 -10.766421636210497 84.8214133153404
    endloop
  endfacet
  facet normal 0.2429801799032602 -0.9700312531945449 0
    outer loop
      vertex 53.31718387294355 -10.567251518588694 75.9
      vertex 53.31718387294355 -10.567251518588694 85.06705646040727
      vertex 52.98400362960938 -10.650708824937269 84.96412578257737
    endloop
  endfacet
  facet normal 0.14673047445536283 -0.9891765099647808 0
    outer loop
      vertex 53.65694000884654 -10.516853456647311 75.9
      vertex 53.65694000884654 -10.516853456647311 85.12921407013498
      vertex 53.31718387294355 -10.567251518588694 85.06705646040727
    endloop
  endfacet
  facet normal 0.0490676743274195 -0.9987954562051723 0
    outer loop
      vertex 54 -10.5 75.9
      vertex 54 -10.5 85.14999999999999
      vertex 53.65694000884654 -10.516853456647311 85.12921407013498
    endloop
  endfacet
  facet normal -0.0490676743274195 -0.9987954562051724 8.98963159560328e-20
    outer loop
      vertex 54 -10.5 75.9
      vertex 54.34305999115346 -10.516853456647311 75.9
      vertex 54.34305999115346 -10.516853456647311 85.12921407013498
    endloop
  endfacet
  facet normal -0.14673047445536286 -0.9891765099647808 -4.424810346082602e-19
    outer loop
      vertex 54.34305999115346 -10.516853456647311 75.9
      vertex 54.68281612705645 -10.567251518588694 75.9
      vertex 54.68281612705645 -10.567251518588694 85.06705646040727
    endloop
  endfacet
  facet normal -0.2429801799032602 -0.970031253194545 1.0724782126976584e-20
    outer loop
      vertex 54.68281612705645 -10.567251518588694 75.9
      vertex 55.01599637039062 -10.650708824937269 75.9
      vertex 55.01599637039062 -10.650708824937269 84.96412578257737
    endloop
  endfacet
  facet normal -0.3368898533922198 -0.941544065183021 -3.071849089014779e-19
    outer loop
      vertex 55.01599637039062 -10.650708824937269 75.9
      vertex 55.339392013277816 -10.766421636210497 75.9
      vertex 55.339392013277816 -10.766421636210497 84.8214133153404
    endloop
  endfacet
  facet normal -0.4275550934302786 -0.903989293123445 6.09301631715111e-19
    outer loop
      vertex 55.339392013277816 -10.766421636210497 75.9
      vertex 55.649888578890994 -10.913275574780757 75.9
      vertex 55.649888578890994 -10.913275574780757 84.6402934577704
    endloop
  endfacet
  facet normal -0.5141027441932248 -0.8577286100002702 0
    outer loop
      vertex 55.94449581556861 -11.089856356941091 75.9
      vertex 55.94449581556861 -11.089856356941091 84.42251049310599
      vertex 55.649888578890994 -10.913275574780757 75.9
    endloop
  endfacet
  facet normal -0.0490676743274195 -0.9987954562051723 0
    outer loop
      vertex 54 -10.5 75.9
      vertex 54.34305999115346 -10.516853456647311 85.12921407013498
      vertex 54 -10.5 85.14999999999999
    endloop
  endfacet
  facet normal -0.14673047445536283 -0.9891765099647808 0
    outer loop
      vertex 54.34305999115346 -10.516853456647311 75.9
      vertex 54.68281612705645 -10.567251518588694 85.06705646040727
      vertex 54.34305999115346 -10.516853456647311 85.12921407013498
    endloop
  endfacet
  facet normal -0.2429801799032602 -0.9700312531945449 0
    outer loop
      vertex 54.68281612705645 -10.567251518588694 75.9
      vertex 55.01599637039062 -10.650708824937269 84.96412578257737
      vertex 54.68281612705645 -10.567251518588694 85.06705646040727
    endloop
  endfacet
  facet normal -0.42755509343027853 -0.9039892931234449 0
    outer loop
      vertex 55.339392013277816 -10.766421636210497 75.9
      vertex 55.649888578890994 -10.913275574780757 84.6402934577704
      vertex 55.339392013277816 -10.766421636210497 84.8214133153404
    endloop
  endfacet
  facet normal -0.5141027441932249 -0.8577286100002703 0
    outer loop
      vertex 55.649888578890994 -10.913275574780757 75.9
      vertex 55.94449581556861 -11.089856356941091 84.42251049310599
      vertex 55.649888578890994 -10.913275574780757 84.6402934577704
    endloop
  endfacet
  facet normal -0.5956993044924326 -0.8032075314806456 0
    outer loop
      vertex 55.94449581556861 -11.089856356941091 75.9
      vertex 56.22037649457276 -11.294463413230421 84.17016179034916
      vertex 55.94449581556861 -11.089856356941091 84.42251049310599
    endloop
  endfacet
  facet normal -0.3368898533922197 -0.9415440651830209 0
    outer loop
      vertex 55.01599637039062 -10.650708824937269 75.9
      vertex 55.339392013277816 -10.766421636210497 84.8214133153404
      vertex 55.01599637039062 -10.650708824937269 84.96412578257737
    endloop
  endfacet
  facet normal -0.671558954847025 0.740951125354953 0
    outer loop
      vertex 56.22037649457276 -16.70553658676958 75.9
      vertex 56.22037649457276 -16.70553658676958 77.49650487631753
      vertex 56.474873734152915 -16.474873734152915 75.9
    endloop
  endfacet
  facet normal -0.7409511253549621 0.6715589548470153 0
    outer loop
      vertex 56.474873734152915 -16.474873734152915 75.9
      vertex 56.474873734152915 -16.474873734152915 77.78098906121141
      vertex 56.5 -16.447151171865578 75.9
    endloop
  endfacet
  facet normal -0.5956993044924326 0.8032075314806455 0
    outer loop
      vertex 56.22037649457276 -16.70553658676958 75.9
      vertex 55.94449581556861 -16.91014364305891 77.24415617356068
      vertex 56.22037649457276 -16.70553658676958 77.49650487631753
    endloop
  endfacet
  facet normal -0.671558954847025 0.740951125354953 0
    outer loop
      vertex 56.474873734152915 -16.474873734152915 75.9
      vertex 56.22037649457276 -16.70553658676958 77.49650487631753
      vertex 56.474873734152915 -16.474873734152915 77.78098906121141
    endloop
  endfacet
  facet normal -0.7409511253549621 0.6715589548470153 0
    outer loop
      vertex 56.5 -16.447151171865578 75.9
      vertex 56.474873734152915 -16.474873734152915 77.78098906121141
      vertex 56.5 -16.447151171865578 77.8151802213658
    endloop
  endfacet
  facet normal 0 0 1
    outer loop
      vertex 56.474873734152915 -16.474873734152915 75.9
      vertex 56.5 -16.447151171865578 75.9
      vertex 56.525126265847085 -15.451959952178616 75.9
    endloop
  endfacet
  facet normal 0 0 1
    outer loop
      vertex 56.5 -16.447151171865578 75.9
      vertex 56.52800621225017 -16.416251078383212 75.9
      vertex 56.525126265847085 -15.451959952178616 75.9
    endloop
  endfacet
  facet normal 0 0 1
    outer loop
      vertex 56.77962350542724 -16.12048184873172 75.9
      vertex 56.810404319343014 -16.078978725636215 75.9
      vertex 56.77962350542724 -14.712302620401761 75.9
    endloop
  endfacet
  facet normal 0 0 1
    outer loop
      vertex 57.12097405452743 -15.577473821906949 75.9
      vertex 57.22162761112844 -15.364659756818643 75.9
      vertex 57.24135170286158 -15.18116206145815 75.9
    endloop
  endfacet
  facet normal 0 0 1
    outer loop
      vertex 55.94449581556861 -16.91014364305891 75.9
      vertex 56.22037649457276 -16.70553658676958 75.9
      vertex 56.22037649457276 -11.294463413230421 75.9
    endloop
  endfacet
  facet normal 0 0 1
    outer loop
      vertex 56.22037649457276 -16.70553658676958 75.9
      vertex 56.474873734152915 -16.474873734152915 75.9
      vertex 56.474873734152915 -11.525126265847083 75.9
    endloop
  endfacet
  facet normal 0 0 1
    outer loop
      vertex 56.52800621225017 -16.416251078383212 75.9
      vertex 56.70553658676958 -12.802537287401417 75.9
      vertex 56.525126265847085 -15.451959952178616 75.9
    endloop
  endfacet
  facet normal 0 0 1
    outer loop
      vertex 56.474873734152915 -16.474873734152915 75.9
      vertex 56.525126265847085 -15.451959952178616 75.9
      vertex 56.474873734152915 -11.525126265847083 75.9
    endloop
  endfacet
  facet normal 0 0 1
    outer loop
      vertex 56.810404319343014 -16.078978725636215 75.9
      vertex 56.91014364305891 -14.04873815079926 75.9
      vertex 56.77962350542724 -14.712302620401761 75.9
    endloop
  endfacet
  facet normal 0 0 1
    outer loop
      vertex 56.22037649457276 -16.70553658676958 75.9
      vertex 56.474873734152915 -11.525126265847083 75.9
      vertex 56.22037649457276 -11.294463413230421 75.9
    endloop
  endfacet
  facet normal 0 0 1
    outer loop
      vertex 56.525126265847085 -15.451959952178616 75.9
      vertex 56.522542471283835 -11.577720612428983 75.9
      vertex 56.5 -11.552848828134419 75.9
    endloop
  endfacet
  facet normal 0 0 1
    outer loop
      vertex 56.525126265847085 -15.451959952178616 75.9
      vertex 56.5 -11.552848828134419 75.9
      vertex 56.474873734152915 -11.525126265847083 75.9
    endloop
  endfacet
  facet normal 0 0 1
    outer loop
      vertex 56.91014364305891 -14.04873815079926 75.9
      vertex 57.05550418443139 -12.985614021710449 75.9
      vertex 57.0006470038766 -12.206499919722262 75.9
    endloop
  endfacet
  facet normal 0 0 1
    outer loop
      vertex 57.12097405452743 -15.577473821906949 75.9
      vertex 57.24135170286158 -15.18116206145815 75.9
      vertex 57.30030676317769 -13.981104239864505 75.9
    endloop
  endfacet
  facet normal 0 0 1
    outer loop
      vertex 57.24135170286158 -15.18116206145815 75.9
      vertex 57.33721237362585 -15.04975435892278 75.9
      vertex 57.34929117506273 -14.398028865869234 75.9
    endloop
  endfacet
  facet normal 0 0 1
    outer loop
      vertex 57.369258797997105 -14.936281151206662 75.9
      vertex 57.42769880823714 -14.70297555240264 75.9
      vertex 57.429404794730814 -14.650561835020653 75.9
    endloop
  endfacet
  facet normal 0 0 1
    outer loop
      vertex 57.369258797997105 -14.936281151206662 75.9
      vertex 57.429404794730814 -14.650561835020653 75.9
      vertex 57.37281201956511 -14.53721858161006 75.9
    endloop
  endfacet
  facet normal 0 0 1
    outer loop
      vertex 57.24135170286158 -15.18116206145815 75.9
      vertex 57.34929117506273 -14.398028865869234 75.9
      vertex 57.33266502331451 -14.331653547427418 75.9
    endloop
  endfacet
  facet normal 0 0 1
    outer loop
      vertex 57.24135170286158 -15.18116206145815 75.9
      vertex 57.33266502331451 -14.331653547427418 75.9
      vertex 57.30818596465726 -14.166629138560253 75.9
    endloop
  endfacet
  facet normal 0 0 1
    outer loop
      vertex 57.24135170286158 -15.18116206145815 75.9
      vertex 57.30818596465726 -14.166629138560253 75.9
      vertex 57.3 -14 75.9
    endloop
  endfacet
  facet normal 0 0 1
    outer loop
      vertex 57.429404794730814 -14.650561835020653 75.9
      vertex 57.373201429255246 -14.493483951332585 75.9
      vertex 57.37281201956511 -14.53721858161006 75.9
    endloop
  endfacet
  facet normal 0 0 1
    outer loop
      vertex 57.42769880823714 -14.70297555240264 75.9
      vertex 57.43274848141131 -14.657631466525862 75.9
      vertex 57.429404794730814 -14.650561835020653 75.9
    endloop
  endfacet
  facet normal 0 0 1
    outer loop
      vertex 57.37281201956511 -14.53721858161006 75.9
      vertex 57.373201429255246 -14.493483951332585 75.9
      vertex 57.34929117506273 -14.398028865869234 75.9
    endloop
  endfacet
  facet normal 0 0 1
    outer loop
      vertex 57.24135170286158 -15.18116206145815 75.9
      vertex 57.3 -14 75.9
      vertex 57.30818596465726 -13.833370861439747 75.9
    endloop
  endfacet
  facet normal 0 0 1
    outer loop
      vertex 57.24135170286158 -15.18116206145815 75.9
      vertex 57.30818596465726 -13.833370861439747 75.9
      vertex 57.30030676317769 -13.981104239864505 75.9
    endloop
  endfacet
  facet normal 0 0 1
    outer loop
      vertex 57.12097405452743 -15.577473821906949 75.9
      vertex 57.30030676317769 -13.981104239864505 75.9
      vertex 57.26056518437395 -12.736031097580518 75.9
    endloop
  endfacet
  facet normal 0 0 1
    outer loop
      vertex 57.30030676317769 -13.981104239864505 75.9
      vertex 57.30818596465726 -13.833370861439747 75.9
      vertex 57.33517961763317 -13.27125098000488 75.9
    endloop
  endfacet
  facet normal 0 0 1
    outer loop
      vertex 57.30818596465726 -13.833370861439747 75.9
      vertex 57.33266502331451 -13.668346452572582 75.9
      vertex 57.33517961763317 -13.27125098000488 75.9
    endloop
  endfacet
  facet normal 0 0 1
    outer loop
      vertex 57.33266502331451 -13.668346452572582 75.9
      vertex 57.34929117506273 -13.601971134130766 75.9
      vertex 57.33517961763317 -13.27125098000488 75.9
    endloop
  endfacet
  facet normal 0 0 1
    outer loop
      vertex 57.34929117506273 -13.601971134130766 75.9
      vertex 57.373201429255246 -13.506516048667415 75.9
      vertex 57.369258797997105 -13.063718848793338 75.9
    endloop
  endfacet
  facet normal 0 0 1
    outer loop
      vertex 57.373201429255246 -13.506516048667415 75.9
      vertex 57.42769880823714 -13.29702444759736 75.9
      vertex 57.369258797997105 -13.063718848793338 75.9
    endloop
  endfacet
  facet normal 0 0 1
    outer loop
      vertex 57.373201429255246 -13.506516048667415 75.9
      vertex 57.429404794730814 -13.349438164979347 75.9
      vertex 57.42769880823714 -13.29702444759736 75.9
    endloop
  endfacet
  facet normal 0 0 1
    outer loop
      vertex 57.429404794730814 -13.349438164979347 75.9
      vertex 57.43136783013304 -13.345287675339762 75.9
      vertex 57.42769880823714 -13.29702444759736 75.9
    endloop
  endfacet
  facet normal -0.6715589548470222 -0.7409511253549557 -1.4425282163520414e-19
    outer loop
      vertex 56.22037649457276 -11.294463413230421 75.9
      vertex 56.474873734152915 -11.525126265847083 75.9
      vertex 56.474873734152915 -11.525126265847083 83.88567760545527
    endloop
  endfacet
  facet normal -0.7409511253549405 -0.6715589548470389 1.349148945233902e-19
    outer loop
      vertex 56.474873734152915 -11.525126265847083 75.9
      vertex 56.5 -11.552848828134419 75.9
      vertex 56.5 -11.552848828134419 83.85148644530089
    endloop
  endfacet
  facet normal -0.5956993044924325 -0.8032075314806456 1.1305730591939792e-18
    outer loop
      vertex 55.94449581556861 -11.089856356941091 75.9
      vertex 56.22037649457276 -11.294463413230421 75.9
      vertex 56.22037649457276 -11.294463413230421 84.17016179034916
    endloop
  endfacet
  facet normal -0.6715589548470222 -0.7409511253549556 0
    outer loop
      vertex 56.22037649457276 -11.294463413230421 75.9
      vertex 56.474873734152915 -11.525126265847083 83.88567760545527
      vertex 56.22037649457276 -11.294463413230421 84.17016179034916
    endloop
  endfacet
  facet normal -0.7409511253549405 -0.6715589548470389 0
    outer loop
      vertex 56.474873734152915 -11.525126265847083 75.9
      vertex 56.5 -11.552848828134419 83.85148644530089
      vertex 56.474873734152915 -11.525126265847083 83.88567760545527
    endloop
  endfacet
  facet normal 0.4275550934302876 0.9039892931234408 0
    outer loop
      vertex 53.19862554739581 12.500733850607796 75.9
      vertex 53.34943816497935 12.429404794730813 71.9
      vertex 53.19862554739581 12.500733850607796 71.9
    endloop
  endfacet
  facet normal 0.3368898533922202 0.9415440651830207 0
    outer loop
      vertex 53.34943816497935 12.429404794730813 75.9
      vertex 53.506516048667415 12.373201429255245 71.9
      vertex 53.34943816497935 12.429404794730813 71.9
    endloop
  endfacet
  facet normal 0.24298017990325874 0.9700312531945452 0
    outer loop
      vertex 53.506516048667415 12.373201429255245 75.9
      vertex 53.668346452572585 12.332665023314508 71.9
      vertex 53.506516048667415 12.373201429255245 71.9
    endloop
  endfacet
  facet normal 0.14673047445536 0.9891765099647811 0
    outer loop
      vertex 53.668346452572585 12.332665023314508 75.9
      vertex 53.83337086143975 12.308185964657266 71.9
      vertex 53.668346452572585 12.332665023314508 71.9
    endloop
  endfacet
  facet normal 0.04906767432741787 0.9987954562051724 0
    outer loop
      vertex 53.83337086143975 12.308185964657266 75.9
      vertex 54 12.3 71.9
      vertex 53.83337086143975 12.308185964657266 71.9
    endloop
  endfacet
  facet normal 0.4275550934302876 0.9039892931234408 9.500226024537387e-19
    outer loop
      vertex 53.19862554739581 12.500733850607796 75.9
      vertex 53.34943816497935 12.429404794730813 75.9
      vertex 53.34943816497935 12.429404794730813 71.9
    endloop
  endfacet
  facet normal 0.3368898533922202 0.9415440651830207 -5.252490042289651e-19
    outer loop
      vertex 53.34943816497935 12.429404794730813 75.9
      vertex 53.506516048667415 12.373201429255245 75.9
      vertex 53.506516048667415 12.373201429255245 71.9
    endloop
  endfacet
  facet normal 0.24298017990325874 0.9700312531945452 5.949421832063113e-19
    outer loop
      vertex 53.506516048667415 12.373201429255245 75.9
      vertex 53.668346452572585 12.332665023314508 75.9
      vertex 53.668346452572585 12.332665023314508 71.9
    endloop
  endfacet
  facet normal 0.14673047445536 0.9891765099647811 -1.3790251413078666e-19
    outer loop
      vertex 53.668346452572585 12.332665023314508 75.9
      vertex 53.83337086143975 12.308185964657266 75.9
      vertex 53.83337086143975 12.308185964657266 71.9
    endloop
  endfacet
  facet normal 0.04906767432741787 0.9987954562051724 -5.0878015108726047e-20
    outer loop
      vertex 53.83337086143975 12.308185964657266 75.9
      vertex 54 12.3 75.9
      vertex 54 12.3 71.9
    endloop
  endfacet
  facet normal 0.6715589548470189 0.7409511253549588 0
    outer loop
      vertex 52.79791847198287 12.79791847198287 75.9
      vertex 52.9215314169218 12.685882229283347 71.9
      vertex 52.79791847198287 12.79791847198287 71.9
    endloop
  endfacet
  facet normal 0.7409511253549487 0.6715589548470299 0
    outer loop
      vertex 52.685882229283344 12.921531416921802 75.9
      vertex 52.79791847198287 12.79791847198287 71.9
      vertex 52.685882229283344 12.921531416921802 71.9
    endloop
  endfacet
  facet normal 0.8032075314806479 0.5956993044924292 0
    outer loop
      vertex 52.58650165908567 13.055530603866677 75.9
      vertex 52.685882229283344 12.921531416921802 71.9
      vertex 52.58650165908567 13.055530603866677 71.9
    endloop
  endfacet
  facet normal 0.9039892931234528 0.4275550934302619 0
    outer loop
      vertex 52.429404794730814 13.349438164979347 75.9
      vertex 52.500733850607794 13.198625547395803 71.9
      vertex 52.429404794730814 13.349438164979347 71.9
    endloop
  endfacet
  facet normal 0.857728610000273 0.51410274419322 0
    outer loop
      vertex 52.500733850607794 13.198625547395803 75.9
      vertex 52.58650165908567 13.055530603866677 71.9
      vertex 52.500733850607794 13.198625547395803 71.9
    endloop
  endfacet
  facet normal 0.9415440651830207 0.3368898533922202 0
    outer loop
      vertex 52.373201429255246 13.506516048667415 75.9
      vertex 52.429404794730814 13.349438164979347 71.9
      vertex 52.373201429255246 13.506516048667415 71.9
    endloop
  endfacet
  facet normal 0.9700312531945465 0.24298017990325374 0
    outer loop
      vertex 52.33266502331451 13.668346452572582 75.9
      vertex 52.373201429255246 13.506516048667415 71.9
      vertex 52.33266502331451 13.668346452572582 71.9
    endloop
  endfacet
  facet normal 0.9891765099647755 0.14673047445539858 0
    outer loop
      vertex 52.33266502331451 13.668346452572582 75.9
      vertex 52.33266502331451 13.668346452572582 71.9
      vertex 52.30818596465726 13.833370861439747 75.9
    endloop
  endfacet
  facet normal 0.857728610000273 0.51410274419322 0
    outer loop
      vertex 52.58650165908567 13.055530603866677 75.9
      vertex 52.58650165908567 13.055530603866677 71.9
      vertex 52.500733850607794 13.198625547395803 75.9
    endloop
  endfacet
  facet normal 0.6715589548470189 0.7409511253549588 1.9590605146984848e-19
    outer loop
      vertex 52.79791847198287 12.79791847198287 75.9
      vertex 52.9215314169218 12.685882229283347 75.9
      vertex 52.9215314169218 12.685882229283347 71.9
    endloop
  endfacet
  facet normal 0.8032075314806479 0.5956993044924292 -2.0130710149317673e-19
    outer loop
      vertex 52.58650165908567 13.055530603866677 75.9
      vertex 52.685882229283344 12.921531416921802 75.9
      vertex 52.685882229283344 12.921531416921802 71.9
    endloop
  endfacet
  facet normal 0.7409511253549487 0.6715589548470299 5.740265496105773e-19
    outer loop
      vertex 52.685882229283344 12.921531416921802 75.9
      vertex 52.79791847198287 12.79791847198287 75.9
      vertex 52.79791847198287 12.79791847198287 71.9
    endloop
  endfacet
  facet normal 0.9415440651830207 0.3368898533922202 0
    outer loop
      vertex 52.429404794730814 13.349438164979347 75.9
      vertex 52.429404794730814 13.349438164979347 71.9
      vertex 52.373201429255246 13.506516048667415 75.9
    endloop
  endfacet
  facet normal 0.9039892931234528 0.4275550934302619 3.8419292598643933e-19
    outer loop
      vertex 52.429404794730814 13.349438164979347 75.9
      vertex 52.500733850607794 13.198625547395803 75.9
      vertex 52.500733850607794 13.198625547395803 71.9
    endloop
  endfacet
  facet normal 0.9700312531945465 0.24298017990325374 0
    outer loop
      vertex 52.373201429255246 13.506516048667415 75.9
      vertex 52.373201429255246 13.506516048667415 71.9
      vertex 52.33266502331451 13.668346452572582 75.9
    endloop
  endfacet
  facet normal 0.9891765099647755 0.14673047445539858 0
    outer loop
      vertex 52.30818596465726 13.833370861439747 75.9
      vertex 52.33266502331451 13.668346452572582 71.9
      vertex 52.30818596465726 13.833370861439747 71.9
    endloop
  endfacet
  facet normal 0.9987954562051724 0.04906767432741787 0
    outer loop
      vertex 52.3 14 75.9
      vertex 52.30818596465726 13.833370861439747 71.9
      vertex 52.3 14 71.9
    endloop
  endfacet
  facet normal 0.9987954562051724 -0.04906767432741787 0
    outer loop
      vertex 52.30818596465726 14.166629138560253 75.9
      vertex 52.3 14 71.9
      vertex 52.30818596465726 14.166629138560253 71.9
    endloop
  endfacet
  facet normal 0.9891765099647755 -0.14673047445539858 0
    outer loop
      vertex 52.33266502331451 14.331653547427418 75.9
      vertex 52.30818596465726 14.166629138560253 71.9
      vertex 52.33266502331451 14.331653547427418 71.9
    endloop
  endfacet
  facet normal 0.9700312531945465 -0.24298017990325374 0
    outer loop
      vertex 52.373201429255246 14.493483951332585 75.9
      vertex 52.33266502331451 14.331653547427418 71.9
      vertex 52.373201429255246 14.493483951332585 71.9
    endloop
  endfacet
  facet normal 0.9415440651830207 -0.3368898533922202 0
    outer loop
      vertex 52.429404794730814 14.650561835020653 75.9
      vertex 52.373201429255246 14.493483951332585 71.9
      vertex 52.429404794730814 14.650561835020653 71.9
    endloop
  endfacet
  facet normal 0.9039892931234528 -0.4275550934302619 0
    outer loop
      vertex 52.500733850607794 14.801374452604197 75.9
      vertex 52.429404794730814 14.650561835020653 71.9
      vertex 52.500733850607794 14.801374452604197 71.9
    endloop
  endfacet
  facet normal 0.857728610000273 -0.51410274419322 0
    outer loop
      vertex 52.58650165908567 14.944469396133323 75.9
      vertex 52.500733850607794 14.801374452604197 71.9
      vertex 52.58650165908567 14.944469396133323 71.9
    endloop
  endfacet
  facet normal 0.9987954562051724 0.04906767432741787 0
    outer loop
      vertex 52.30818596465726 13.833370861439747 75.9
      vertex 52.30818596465726 13.833370861439747 71.9
      vertex 52.3 14 75.9
    endloop
  endfacet
  facet normal 0.9987954562051724 -0.04906767432741787 0
    outer loop
      vertex 52.3 14 75.9
      vertex 52.3 14 71.9
      vertex 52.30818596465726 14.166629138560253 75.9
    endloop
  endfacet
  facet normal 0.9891765099647755 -0.14673047445539858 0
    outer loop
      vertex 52.30818596465726 14.166629138560253 75.9
      vertex 52.30818596465726 14.166629138560253 71.9
      vertex 52.33266502331451 14.331653547427418 75.9
    endloop
  endfacet
  facet normal 0.9700312531945465 -0.24298017990325374 0
    outer loop
      vertex 52.33266502331451 14.331653547427418 75.9
      vertex 52.33266502331451 14.331653547427418 71.9
      vertex 52.373201429255246 14.493483951332585 75.9
    endloop
  endfacet
  facet normal 0.9415440651830207 -0.3368898533922202 0
    outer loop
      vertex 52.373201429255246 14.493483951332585 75.9
      vertex 52.373201429255246 14.493483951332585 71.9
      vertex 52.429404794730814 14.650561835020653 75.9
    endloop
  endfacet
  facet normal 0.9039892931234528 -0.4275550934302619 0
    outer loop
      vertex 52.429404794730814 14.650561835020653 75.9
      vertex 52.429404794730814 14.650561835020653 71.9
      vertex 52.500733850607794 14.801374452604197 75.9
    endloop
  endfacet
  facet normal 0.857728610000273 -0.51410274419322 0
    outer loop
      vertex 52.500733850607794 14.801374452604197 75.9
      vertex 52.500733850607794 14.801374452604197 71.9
      vertex 52.58650165908567 14.944469396133323 75.9
    endloop
  endfacet
  facet normal 0.8032075314806479 -0.5956993044924292 0
    outer loop
      vertex 52.58650165908567 14.944469396133323 75.9
      vertex 52.58650165908567 14.944469396133323 71.9
      vertex 52.685882229283344 15.078468583078198 75.9
    endloop
  endfacet
  facet normal 0.5956993044924241 0.8032075314806518 0
    outer loop
      vertex 52.9215314169218 12.685882229283347 75.9
      vertex 53.05553060386668 12.586501659085673 71.9
      vertex 52.9215314169218 12.685882229283347 71.9
    endloop
  endfacet
  facet normal 0.5141027441932232 0.8577286100002712 0
    outer loop
      vertex 53.05553060386668 12.586501659085673 75.9
      vertex 53.19862554739581 12.500733850607796 71.9
      vertex 53.05553060386668 12.586501659085673 71.9
    endloop
  endfacet
  facet normal 0.5956993044924241 0.8032075314806518 4.0775414292824974e-19
    outer loop
      vertex 52.9215314169218 12.685882229283347 75.9
      vertex 53.05553060386668 12.586501659085673 75.9
      vertex 53.05553060386668 12.586501659085673 71.9
    endloop
  endfacet
  facet normal 0.5141027441932232 0.8577286100002712 -3.293355540867808e-19
    outer loop
      vertex 53.05553060386668 12.586501659085673 75.9
      vertex 53.19862554739581 12.500733850607796 75.9
      vertex 53.19862554739581 12.500733850607796 71.9
    endloop
  endfacet
  facet normal -0.04906767432741787 0.9987954562051724 0
    outer loop
      vertex 54 12.3 75.9
      vertex 54.16662913856025 12.308185964657266 71.9
      vertex 54 12.3 71.9
    endloop
  endfacet
  facet normal -0.14673047445536 0.9891765099647811 0
    outer loop
      vertex 54.16662913856025 12.308185964657266 75.9
      vertex 54.331653547427415 12.332665023314508 71.9
      vertex 54.16662913856025 12.308185964657266 71.9
    endloop
  endfacet
  facet normal -0.24298017990325874 0.9700312531945452 0
    outer loop
      vertex 54.331653547427415 12.332665023314508 75.9
      vertex 54.493483951332585 12.373201429255245 71.9
      vertex 54.331653547427415 12.332665023314508 71.9
    endloop
  endfacet
  facet normal -0.3368898533922202 0.9415440651830207 0
    outer loop
      vertex 54.493483951332585 12.373201429255245 75.9
      vertex 54.65056183502065 12.429404794730813 71.9
      vertex 54.493483951332585 12.373201429255245 71.9
    endloop
  endfacet
  facet normal -0.4275550934302876 0.9039892931234408 0
    outer loop
      vertex 54.65056183502065 12.429404794730813 75.9
      vertex 54.80137445260419 12.500733850607796 71.9
      vertex 54.65056183502065 12.429404794730813 71.9
    endloop
  endfacet
  facet normal -0.04906767432741787 0.9987954562051724 5.0878015108726047e-20
    outer loop
      vertex 54 12.3 75.9
      vertex 54.16662913856025 12.308185964657266 75.9
      vertex 54.16662913856025 12.308185964657266 71.9
    endloop
  endfacet
  facet normal -0.14673047445536 0.9891765099647811 1.3790251413078666e-19
    outer loop
      vertex 54.16662913856025 12.308185964657266 75.9
      vertex 54.331653547427415 12.332665023314508 75.9
      vertex 54.331653547427415 12.332665023314508 71.9
    endloop
  endfacet
  facet normal -0.24298017990325874 0.9700312531945452 -5.949421832063113e-19
    outer loop
      vertex 54.331653547427415 12.332665023314508 75.9
      vertex 54.493483951332585 12.373201429255245 75.9
      vertex 54.493483951332585 12.373201429255245 71.9
    endloop
  endfacet
  facet normal -0.3368898533922202 0.9415440651830207 5.252490042289651e-19
    outer loop
      vertex 54.493483951332585 12.373201429255245 75.9
      vertex 54.65056183502065 12.429404794730813 75.9
      vertex 54.65056183502065 12.429404794730813 71.9
    endloop
  endfacet
  facet normal -0.4275550934302876 0.9039892931234408 -9.500226024537387e-19
    outer loop
      vertex 54.65056183502065 12.429404794730813 75.9
      vertex 54.80137445260419 12.500733850607796 75.9
      vertex 54.80137445260419 12.500733850607796 71.9
    endloop
  endfacet
  facet normal -0.5141027441932232 0.8577286100002712 0
    outer loop
      vertex 54.80137445260419 12.500733850607796 75.9
      vertex 54.94446939613332 12.586501659085673 71.9
      vertex 54.80137445260419 12.500733850607796 71.9
    endloop
  endfacet
  facet normal -0.5956993044924241 0.8032075314806518 0
    outer loop
      vertex 54.94446939613332 12.586501659085673 75.9
      vertex 55.0784685830782 12.685882229283347 71.9
      vertex 54.94446939613332 12.586501659085673 71.9
    endloop
  endfacet
  facet normal -0.5141027441932232 0.8577286100002712 3.293355540867808e-19
    outer loop
      vertex 54.80137445260419 12.500733850607796 75.9
      vertex 54.94446939613332 12.586501659085673 75.9
      vertex 54.94446939613332 12.586501659085673 71.9
    endloop
  endfacet
  facet normal -0.5956993044924241 0.8032075314806518 -4.0775414292824974e-19
    outer loop
      vertex 54.94446939613332 12.586501659085673 75.9
      vertex 55.0784685830782 12.685882229283347 75.9
      vertex 55.0784685830782 12.685882229283347 71.9
    endloop
  endfacet
  facet normal -0.6715589548470189 0.7409511253549588 0
    outer loop
      vertex 55.0784685830782 12.685882229283347 75.9
      vertex 55.20208152801713 12.79791847198287 71.9
      vertex 55.0784685830782 12.685882229283347 71.9
    endloop
  endfacet
  facet normal -0.7409511253549487 0.6715589548470299 0
    outer loop
      vertex 55.20208152801713 12.79791847198287 75.9
      vertex 55.314117770716656 12.921531416921802 71.9
      vertex 55.20208152801713 12.79791847198287 71.9
    endloop
  endfacet
  facet normal -0.8032075314806479 0.5956993044924292 0
    outer loop
      vertex 55.314117770716656 12.921531416921802 75.9
      vertex 55.41349834091433 13.055530603866677 71.9
      vertex 55.314117770716656 12.921531416921802 71.9
    endloop
  endfacet
  facet normal -0.857728610000273 0.51410274419322 0
    outer loop
      vertex 55.41349834091433 13.055530603866677 75.9
      vertex 55.499266149392206 13.198625547395803 71.9
      vertex 55.41349834091433 13.055530603866677 71.9
    endloop
  endfacet
  facet normal -0.9039892931234528 0.4275550934302619 0
    outer loop
      vertex 55.499266149392206 13.198625547395803 75.9
      vertex 55.570595205269186 13.349438164979347 71.9
      vertex 55.499266149392206 13.198625547395803 71.9
    endloop
  endfacet
  facet normal -0.9415440651830207 0.3368898533922202 0
    outer loop
      vertex 55.570595205269186 13.349438164979347 75.9
      vertex 55.626798570744754 13.506516048667415 71.9
      vertex 55.570595205269186 13.349438164979347 71.9
    endloop
  endfacet
  facet normal -0.9700312531945465 0.24298017990325374 0
    outer loop
      vertex 55.626798570744754 13.506516048667415 75.9
      vertex 55.66733497668549 13.668346452572582 71.9
      vertex 55.626798570744754 13.506516048667415 71.9
    endloop
  endfacet
  facet normal -0.9891765099647755 0.14673047445539858 0
    outer loop
      vertex 55.66733497668549 13.668346452572582 75.9
      vertex 55.69181403534274 13.833370861439747 71.9
      vertex 55.66733497668549 13.668346452572582 71.9
    endloop
  endfacet
  facet normal -0.6715589548470189 0.7409511253549588 -1.9590605146984848e-19
    outer loop
      vertex 55.0784685830782 12.685882229283347 75.9
      vertex 55.20208152801713 12.79791847198287 75.9
      vertex 55.20208152801713 12.79791847198287 71.9
    endloop
  endfacet
  facet normal -0.7409511253549487 0.6715589548470299 -5.740265496105773e-19
    outer loop
      vertex 55.20208152801713 12.79791847198287 75.9
      vertex 55.314117770716656 12.921531416921802 75.9
      vertex 55.314117770716656 12.921531416921802 71.9
    endloop
  endfacet
  facet normal -0.8032075314806479 0.5956993044924292 2.0130710149317673e-19
    outer loop
      vertex 55.314117770716656 12.921531416921802 75.9
      vertex 55.41349834091433 13.055530603866677 75.9
      vertex 55.41349834091433 13.055530603866677 71.9
    endloop
  endfacet
  facet normal -0.857728610000273 0.51410274419322 -5.946905358757322e-19
    outer loop
      vertex 55.41349834091433 13.055530603866677 75.9
      vertex 55.499266149392206 13.198625547395803 75.9
      vertex 55.499266149392206 13.198625547395803 71.9
    endloop
  endfacet
  facet normal -0.9039892931234528 0.4275550934302619 -3.8419292598643933e-19
    outer loop
      vertex 55.499266149392206 13.198625547395803 75.9
      vertex 55.570595205269186 13.349438164979347 75.9
      vertex 55.570595205269186 13.349438164979347 71.9
    endloop
  endfacet
  facet normal -0.9415440651830207 0.3368898533922202 5.252490042289651e-19
    outer loop
      vertex 55.570595205269186 13.349438164979347 75.9
      vertex 55.626798570744754 13.506516048667415 75.9
      vertex 55.626798570744754 13.506516048667415 71.9
    endloop
  endfacet
  facet normal -0.9700312531945465 0.24298017990325374 9.941222818314107e-20
    outer loop
      vertex 55.626798570744754 13.506516048667415 75.9
      vertex 55.66733497668549 13.668346452572582 75.9
      vertex 55.66733497668549 13.668346452572582 71.9
    endloop
  endfacet
  facet normal -0.8032075314806479 -0.5956993044924292 0
    outer loop
      vertex 55.41349834091433 14.944469396133323 75.9
      vertex 55.314117770716656 15.078468583078198 71.9
      vertex 55.41349834091433 14.944469396133323 71.9
    endloop
  endfacet
  facet normal -0.9039892931234528 -0.4275550934302619 0
    outer loop
      vertex 55.570595205269186 14.650561835020653 75.9
      vertex 55.499266149392206 14.801374452604197 71.9
      vertex 55.570595205269186 14.650561835020653 71.9
    endloop
  endfacet
  facet normal -0.857728610000273 -0.51410274419322 0
    outer loop
      vertex 55.499266149392206 14.801374452604197 75.9
      vertex 55.41349834091433 14.944469396133323 71.9
      vertex 55.499266149392206 14.801374452604197 71.9
    endloop
  endfacet
  facet normal -0.9987954562051724 0.04906767432741787 0
    outer loop
      vertex 55.69181403534274 13.833370861439747 75.9
      vertex 55.7 14 71.9
      vertex 55.69181403534274 13.833370861439747 71.9
    endloop
  endfacet
  facet normal -0.9987954562051724 -0.04906767432741787 0
    outer loop
      vertex 55.7 14 75.9
      vertex 55.69181403534274 14.166629138560253 71.9
      vertex 55.7 14 71.9
    endloop
  endfacet
  facet normal -0.9891765099647755 -0.14673047445539858 0
    outer loop
      vertex 55.69181403534274 14.166629138560253 75.9
      vertex 55.66733497668549 14.331653547427418 71.9
      vertex 55.69181403534274 14.166629138560253 71.9
    endloop
  endfacet
  facet normal -0.9700312531945465 -0.24298017990325374 0
    outer loop
      vertex 55.66733497668549 14.331653547427418 75.9
      vertex 55.626798570744754 14.493483951332585 71.9
      vertex 55.66733497668549 14.331653547427418 71.9
    endloop
  endfacet
  facet normal -0.9415440651830207 -0.3368898533922202 0
    outer loop
      vertex 55.626798570744754 14.493483951332585 75.9
      vertex 55.570595205269186 14.650561835020653 71.9
      vertex 55.626798570744754 14.493483951332585 71.9
    endloop
  endfacet
  facet normal -0.857728610000273 -0.51410274419322 0
    outer loop
      vertex 55.41349834091433 14.944469396133323 75.9
      vertex 55.41349834091433 14.944469396133323 71.9
      vertex 55.499266149392206 14.801374452604197 75.9
    endloop
  endfacet
  facet normal -0.9039892931234528 -0.4275550934302619 0
    outer loop
      vertex 55.499266149392206 14.801374452604197 75.9
      vertex 55.499266149392206 14.801374452604197 71.9
      vertex 55.570595205269186 14.650561835020653 75.9
    endloop
  endfacet
  facet normal -0.9891765099647755 0.14673047445539858 3.2790482607323377e-19
    outer loop
      vertex 55.66733497668549 13.668346452572582 75.9
      vertex 55.69181403534274 13.833370861439747 75.9
      vertex 55.69181403534274 13.833370861439747 71.9
    endloop
  endfacet
  facet normal -0.9987954562051724 0.04906767432741787 5.0878015108726047e-20
    outer loop
      vertex 55.69181403534274 13.833370861439747 75.9
      vertex 55.7 14 75.9
      vertex 55.7 14 71.9
    endloop
  endfacet
  facet normal -0.9987954562051724 -0.04906767432741787 -5.0878015108726047e-20
    outer loop
      vertex 55.7 14 75.9
      vertex 55.69181403534274 14.166629138560253 75.9
      vertex 55.69181403534274 14.166629138560253 71.9
    endloop
  endfacet
  facet normal -0.9891765099647755 -0.14673047445539858 -3.2790482607323377e-19
    outer loop
      vertex 55.69181403534274 14.166629138560253 75.9
      vertex 55.66733497668549 14.331653547427418 75.9
      vertex 55.66733497668549 14.331653547427418 71.9
    endloop
  endfacet
  facet normal -0.9700312531945465 -0.24298017990325374 -9.941222818314107e-20
    outer loop
      vertex 55.66733497668549 14.331653547427418 75.9
      vertex 55.626798570744754 14.493483951332585 75.9
      vertex 55.626798570744754 14.493483951332585 71.9
    endloop
  endfacet
  facet normal -0.9415440651830207 -0.3368898533922202 0
    outer loop
      vertex 55.570595205269186 14.650561835020653 75.9
      vertex 55.570595205269186 14.650561835020653 71.9
      vertex 55.626798570744754 14.493483951332585 75.9
    endloop
  endfacet
  facet normal 0.8032075314806479 -0.5956993044924292 0
    outer loop
      vertex 52.685882229283344 15.078468583078198 75.9
      vertex 52.58650165908567 14.944469396133323 71.9
      vertex 52.685882229283344 15.078468583078198 71.9
    endloop
  endfacet
  facet normal 0.7409511253549487 -0.6715589548470299 0
    outer loop
      vertex 52.79791847198287 15.20208152801713 75.9
      vertex 52.685882229283344 15.078468583078198 71.9
      vertex 52.79791847198287 15.20208152801713 71.9
    endloop
  endfacet
  facet normal 0.6715589548470189 -0.7409511253549588 0
    outer loop
      vertex 52.9215314169218 15.314117770716653 75.9
      vertex 52.79791847198287 15.20208152801713 71.9
      vertex 52.9215314169218 15.314117770716653 71.9
    endloop
  endfacet
  facet normal 0.7409511253549487 -0.6715589548470299 0
    outer loop
      vertex 52.685882229283344 15.078468583078198 75.9
      vertex 52.685882229283344 15.078468583078198 71.9
      vertex 52.79791847198287 15.20208152801713 75.9
    endloop
  endfacet
  facet normal 0.6715589548470189 -0.7409511253549588 0
    outer loop
      vertex 52.79791847198287 15.20208152801713 75.9
      vertex 52.79791847198287 15.20208152801713 71.9
      vertex 52.9215314169218 15.314117770716653 75.9
    endloop
  endfacet
  facet normal 0.5956993044924241 -0.8032075314806518 0
    outer loop
      vertex 53.05553060386668 15.413498340914327 75.9
      vertex 52.9215314169218 15.314117770716653 71.9
      vertex 53.05553060386668 15.413498340914327 71.9
    endloop
  endfacet
  facet normal 0.5141027441932232 -0.8577286100002712 0
    outer loop
      vertex 53.19862554739581 15.499266149392204 75.9
      vertex 53.05553060386668 15.413498340914327 71.9
      vertex 53.19862554739581 15.499266149392204 71.9
    endloop
  endfacet
  facet normal 0.4275550934302876 -0.9039892931234408 0
    outer loop
      vertex 53.34943816497935 15.570595205269187 75.9
      vertex 53.19862554739581 15.499266149392204 71.9
      vertex 53.34943816497935 15.570595205269187 71.9
    endloop
  endfacet
  facet normal 0.3368898533922202 -0.9415440651830207 0
    outer loop
      vertex 53.506516048667415 15.626798570744755 75.9
      vertex 53.34943816497935 15.570595205269187 71.9
      vertex 53.506516048667415 15.626798570744755 71.9
    endloop
  endfacet
  facet normal 0.24298017990325874 -0.9700312531945452 0
    outer loop
      vertex 53.668346452572585 15.667334976685492 75.9
      vertex 53.506516048667415 15.626798570744755 71.9
      vertex 53.668346452572585 15.667334976685492 71.9
    endloop
  endfacet
  facet normal 0.14673047445536 -0.9891765099647811 0
    outer loop
      vertex 53.83337086143975 15.691814035342734 75.9
      vertex 53.668346452572585 15.667334976685492 71.9
      vertex 53.83337086143975 15.691814035342734 71.9
    endloop
  endfacet
  facet normal 0.04906767432741787 -0.9987954562051724 0
    outer loop
      vertex 54 15.7 75.9
      vertex 53.83337086143975 15.691814035342734 71.9
      vertex 54 15.7 71.9
    endloop
  endfacet
  facet normal 0.5956993044924241 -0.8032075314806518 0
    outer loop
      vertex 52.9215314169218 15.314117770716653 75.9
      vertex 52.9215314169218 15.314117770716653 71.9
      vertex 53.05553060386668 15.413498340914327 75.9
    endloop
  endfacet
  facet normal 0.5141027441932232 -0.8577286100002712 0
    outer loop
      vertex 53.05553060386668 15.413498340914327 75.9
      vertex 53.05553060386668 15.413498340914327 71.9
      vertex 53.19862554739581 15.499266149392204 75.9
    endloop
  endfacet
  facet normal 0.4275550934302876 -0.9039892931234408 0
    outer loop
      vertex 53.19862554739581 15.499266149392204 75.9
      vertex 53.19862554739581 15.499266149392204 71.9
      vertex 53.34943816497935 15.570595205269187 75.9
    endloop
  endfacet
  facet normal 0.3368898533922202 -0.9415440651830207 0
    outer loop
      vertex 53.34943816497935 15.570595205269187 75.9
      vertex 53.34943816497935 15.570595205269187 71.9
      vertex 53.506516048667415 15.626798570744755 75.9
    endloop
  endfacet
  facet normal 0.24298017990325874 -0.9700312531945452 0
    outer loop
      vertex 53.506516048667415 15.626798570744755 75.9
      vertex 53.506516048667415 15.626798570744755 71.9
      vertex 53.668346452572585 15.667334976685492 75.9
    endloop
  endfacet
  facet normal 0.14673047445536 -0.9891765099647811 0
    outer loop
      vertex 53.668346452572585 15.667334976685492 75.9
      vertex 53.668346452572585 15.667334976685492 71.9
      vertex 53.83337086143975 15.691814035342734 75.9
    endloop
  endfacet
  facet normal 0.04906767432741787 -0.9987954562051724 0
    outer loop
      vertex 53.83337086143975 15.691814035342734 75.9
      vertex 53.83337086143975 15.691814035342734 71.9
      vertex 54 15.7 75.9
    endloop
  endfacet
  facet normal -0.04906767432741787 -0.9987954562051724 0
    outer loop
      vertex 54.16662913856025 15.691814035342734 75.9
      vertex 54 15.7 71.9
      vertex 54.16662913856025 15.691814035342734 71.9
    endloop
  endfacet
  facet normal -0.14673047445536 -0.9891765099647811 0
    outer loop
      vertex 54.331653547427415 15.667334976685492 75.9
      vertex 54.16662913856025 15.691814035342734 71.9
      vertex 54.331653547427415 15.667334976685492 71.9
    endloop
  endfacet
  facet normal -0.24298017990325874 -0.9700312531945452 0
    outer loop
      vertex 54.493483951332585 15.626798570744755 75.9
      vertex 54.331653547427415 15.667334976685492 71.9
      vertex 54.493483951332585 15.626798570744755 71.9
    endloop
  endfacet
  facet normal -0.3368898533922202 -0.9415440651830207 0
    outer loop
      vertex 54.65056183502065 15.570595205269187 75.9
      vertex 54.493483951332585 15.626798570744755 71.9
      vertex 54.65056183502065 15.570595205269187 71.9
    endloop
  endfacet
  facet normal -0.4275550934302876 -0.9039892931234408 0
    outer loop
      vertex 54.80137445260419 15.499266149392204 75.9
      vertex 54.65056183502065 15.570595205269187 71.9
      vertex 54.80137445260419 15.499266149392204 71.9
    endloop
  endfacet
  facet normal -0.5141027441932232 -0.8577286100002712 0
    outer loop
      vertex 54.94446939613332 15.413498340914327 75.9
      vertex 54.80137445260419 15.499266149392204 71.9
      vertex 54.94446939613332 15.413498340914327 71.9
    endloop
  endfacet
  facet normal -0.5956993044924241 -0.8032075314806518 0
    outer loop
      vertex 55.0784685830782 15.314117770716653 75.9
      vertex 54.94446939613332 15.413498340914327 71.9
      vertex 55.0784685830782 15.314117770716653 71.9
    endloop
  endfacet
  facet normal -0.04906767432741787 -0.9987954562051724 0
    outer loop
      vertex 54 15.7 75.9
      vertex 54 15.7 71.9
      vertex 54.16662913856025 15.691814035342734 75.9
    endloop
  endfacet
  facet normal -0.14673047445536 -0.9891765099647811 0
    outer loop
      vertex 54.16662913856025 15.691814035342734 75.9
      vertex 54.16662913856025 15.691814035342734 71.9
      vertex 54.331653547427415 15.667334976685492 75.9
    endloop
  endfacet
  facet normal -0.24298017990325874 -0.9700312531945452 0
    outer loop
      vertex 54.331653547427415 15.667334976685492 75.9
      vertex 54.331653547427415 15.667334976685492 71.9
      vertex 54.493483951332585 15.626798570744755 75.9
    endloop
  endfacet
  facet normal -0.3368898533922202 -0.9415440651830207 0
    outer loop
      vertex 54.493483951332585 15.626798570744755 75.9
      vertex 54.493483951332585 15.626798570744755 71.9
      vertex 54.65056183502065 15.570595205269187 75.9
    endloop
  endfacet
  facet normal -0.4275550934302876 -0.9039892931234408 0
    outer loop
      vertex 54.65056183502065 15.570595205269187 75.9
      vertex 54.65056183502065 15.570595205269187 71.9
      vertex 54.80137445260419 15.499266149392204 75.9
    endloop
  endfacet
  facet normal -0.5141027441932232 -0.8577286100002712 0
    outer loop
      vertex 54.80137445260419 15.499266149392204 75.9
      vertex 54.80137445260419 15.499266149392204 71.9
      vertex 54.94446939613332 15.413498340914327 75.9
    endloop
  endfacet
  facet normal -0.5956993044924241 -0.8032075314806518 0
    outer loop
      vertex 54.94446939613332 15.413498340914327 75.9
      vertex 54.94446939613332 15.413498340914327 71.9
      vertex 55.0784685830782 15.314117770716653 75.9
    endloop
  endfacet
  facet normal -0.6715589548470189 -0.7409511253549588 0
    outer loop
      vertex 55.20208152801713 15.20208152801713 75.9
      vertex 55.0784685830782 15.314117770716653 71.9
      vertex 55.20208152801713 15.20208152801713 71.9
    endloop
  endfacet
  facet normal -0.7409511253549487 -0.6715589548470299 0
    outer loop
      vertex 55.314117770716656 15.078468583078198 75.9
      vertex 55.20208152801713 15.20208152801713 71.9
      vertex 55.314117770716656 15.078468583078198 71.9
    endloop
  endfacet
  facet normal -0.6715589548470189 -0.7409511253549588 0
    outer loop
      vertex 55.0784685830782 15.314117770716653 75.9
      vertex 55.0784685830782 15.314117770716653 71.9
      vertex 55.20208152801713 15.20208152801713 75.9
    endloop
  endfacet
  facet normal -0.7409511253549487 -0.6715589548470299 0
    outer loop
      vertex 55.20208152801713 15.20208152801713 75.9
      vertex 55.20208152801713 15.20208152801713 71.9
      vertex 55.314117770716656 15.078468583078198 75.9
    endloop
  endfacet
  facet normal -0.8032075314806479 -0.5956993044924292 0
    outer loop
      vertex 55.314117770716656 15.078468583078198 75.9
      vertex 55.314117770716656 15.078468583078198 71.9
      vertex 55.41349834091433 14.944469396133323 75.9
    endloop
  endfacet
  facet normal 0 0 1
    outer loop
      vertex 51.77962350542724 16.70553658676958 75.9
      vertex 51.54871379820529 11.503747772670076 75.9
      vertex 51.6 11.457264668863694 75.9
    endloop
  endfacet
  facet normal 0 0 1
    outer loop
      vertex 51.77962350542724 11.294463413230421 75.9
      vertex 51.77962350542724 16.70553658676958 75.9
      vertex 51.6 11.457264668863694 75.9
    endloop
  endfacet
  facet normal 0 0 1
    outer loop
      vertex 51.6 16.542735331136303 75.9
      vertex 51.58841236508714 16.5322329110374 75.9
      vertex 51.54871379820529 11.503747772670076 75.9
    endloop
  endfacet
  facet normal 0 0 1
    outer loop
      vertex 51.77962350542724 16.70553658676958 75.9
      vertex 51.6 16.542735331136303 75.9
      vertex 51.54871379820529 11.503747772670076 75.9
    endloop
  endfacet
  facet normal 0.6715589548470203 0.7409511253549573 6.632731953288857e-19
    outer loop
      vertex 51.77962350542724 11.294463413230421 75.9
      vertex 51.6 11.457264668863694 75.9
      vertex 51.6 11.457264668863694 83.96937357506812
    endloop
  endfacet
  facet normal 0.6715589548470202 0.7409511253549573 0
    outer loop
      vertex 51.77962350542724 11.294463413230421 75.9
      vertex 51.6 11.457264668863694 83.96937357506812
      vertex 51.77962350542724 11.294463413230421 84.17016179034916
    endloop
  endfacet
  facet normal 0.6715589548470283 -0.7409511253549501 0
    outer loop
      vertex 51.77962350542724 16.70553658676958 75.9
      vertex 51.77962350542724 16.70553658676958 77.49650487631752
      vertex 51.6 16.542735331136303 75.9
    endloop
  endfacet
  facet normal 0.6715589548470283 -0.74095112535495 0
    outer loop
      vertex 51.6 16.542735331136303 75.9
      vertex 51.77962350542724 16.70553658676958 77.49650487631752
      vertex 51.6 16.542735331136303 77.69729309159857
    endloop
  endfacet
  facet normal 0 0 1
    outer loop
      vertex 52.350111421109006 10.913275574780757 75.9
      vertex 52.33266502331451 13.668346452572582 75.9
      vertex 52.05550418443139 11.089856356941091 75.9
    endloop
  endfacet
  facet normal 0 0 1
    outer loop
      vertex 52.350111421109006 10.913275574780757 75.9
      vertex 52.660607986722184 10.766421636210497 75.9
      vertex 52.58650165908567 13.055530603866677 75.9
    endloop
  endfacet
  facet normal 0 0 1
    outer loop
      vertex 52.660607986722184 10.766421636210497 75.9
      vertex 52.98400362960938 10.650708824937269 75.9
      vertex 52.9215314169218 12.685882229283347 75.9
    endloop
  endfacet
  facet normal 0 0 1
    outer loop
      vertex 52.350111421109006 10.913275574780757 75.9
      vertex 52.500733850607794 13.198625547395803 75.9
      vertex 52.429404794730814 13.349438164979347 75.9
    endloop
  endfacet
  facet normal 0 0 1
    outer loop
      vertex 52.350111421109006 10.913275574780757 75.9
      vertex 52.58650165908567 13.055530603866677 75.9
      vertex 52.500733850607794 13.198625547395803 75.9
    endloop
  endfacet
  facet normal 0 0 1
    outer loop
      vertex 52.660607986722184 10.766421636210497 75.9
      vertex 52.79791847198287 12.79791847198287 75.9
      vertex 52.685882229283344 12.921531416921802 75.9
    endloop
  endfacet
  facet normal 0 0 1
    outer loop
      vertex 52.660607986722184 10.766421636210497 75.9
      vertex 52.9215314169218 12.685882229283347 75.9
      vertex 52.79791847198287 12.79791847198287 75.9
    endloop
  endfacet
  facet normal 0 0 1
    outer loop
      vertex 52.660607986722184 10.766421636210497 75.9
      vertex 52.685882229283344 12.921531416921802 75.9
      vertex 52.58650165908567 13.055530603866677 75.9
    endloop
  endfacet
  facet normal 0 0 1
    outer loop
      vertex 52.98400362960938 10.650708824937269 75.9
      vertex 53.31718387294355 10.567251518588694 75.9
      vertex 53.19862554739581 12.500733850607796 75.9
    endloop
  endfacet
  facet normal 0 0 1
    outer loop
      vertex 53.31718387294355 10.567251518588694 75.9
      vertex 53.65694000884654 10.516853456647311 75.9
      vertex 53.506516048667415 12.373201429255245 75.9
    endloop
  endfacet
  facet normal 0 0 1
    outer loop
      vertex 53.65694000884654 10.516853456647311 75.9
      vertex 54 10.5 75.9
      vertex 53.83337086143975 12.308185964657266 75.9
    endloop
  endfacet
  facet normal 0 0 1
    outer loop
      vertex 53.31718387294355 10.567251518588694 75.9
      vertex 53.34943816497935 12.429404794730813 75.9
      vertex 53.19862554739581 12.500733850607796 75.9
    endloop
  endfacet
  facet normal 0 0 1
    outer loop
      vertex 53.31718387294355 10.567251518588694 75.9
      vertex 53.506516048667415 12.373201429255245 75.9
      vertex 53.34943816497935 12.429404794730813 75.9
    endloop
  endfacet
  facet normal 0 0 1
    outer loop
      vertex 52.98400362960938 10.650708824937269 75.9
      vertex 53.05553060386668 12.586501659085673 75.9
      vertex 52.9215314169218 12.685882229283347 75.9
    endloop
  endfacet
  facet normal 0 0 1
    outer loop
      vertex 52.98400362960938 10.650708824937269 75.9
      vertex 53.19862554739581 12.500733850607796 75.9
      vertex 53.05553060386668 12.586501659085673 75.9
    endloop
  endfacet
  facet normal 0 0 1
    outer loop
      vertex 53.65694000884654 10.516853456647311 75.9
      vertex 53.668346452572585 12.332665023314508 75.9
      vertex 53.506516048667415 12.373201429255245 75.9
    endloop
  endfacet
  facet normal 0 0 1
    outer loop
      vertex 53.65694000884654 10.516853456647311 75.9
      vertex 53.83337086143975 12.308185964657266 75.9
      vertex 53.668346452572585 12.332665023314508 75.9
    endloop
  endfacet
  facet normal 0 0 1
    outer loop
      vertex 54 10.5 75.9
      vertex 54 12.3 75.9
      vertex 53.83337086143975 12.308185964657266 75.9
    endloop
  endfacet
  facet normal 0 0 1
    outer loop
      vertex 51.77962350542724 11.294463413230421 75.9
      vertex 52.05550418443139 11.089856356941091 75.9
      vertex 52.05550418443139 16.91014364305891 75.9
    endloop
  endfacet
  facet normal 0 0 1
    outer loop
      vertex 52.05550418443139 11.089856356941091 75.9
      vertex 52.33266502331451 13.668346452572582 75.9
      vertex 52.30818596465726 13.833370861439747 75.9
    endloop
  endfacet
  facet normal 0 0 1
    outer loop
      vertex 52.05550418443139 11.089856356941091 75.9
      vertex 52.30818596465726 13.833370861439747 75.9
      vertex 52.3 14 75.9
    endloop
  endfacet
  facet normal 0 0 1
    outer loop
      vertex 52.350111421109006 10.913275574780757 75.9
      vertex 52.429404794730814 13.349438164979347 75.9
      vertex 52.373201429255246 13.506516048667415 75.9
    endloop
  endfacet
  facet normal 0 0 1
    outer loop
      vertex 52.350111421109006 10.913275574780757 75.9
      vertex 52.373201429255246 13.506516048667415 75.9
      vertex 52.33266502331451 13.668346452572582 75.9
    endloop
  endfacet
  facet normal 0 0 1
    outer loop
      vertex 52.05550418443139 11.089856356941091 75.9
      vertex 52.3 14 75.9
      vertex 52.350111421109006 17.08672442521924 75.9
    endloop
  endfacet
  facet normal 0 0 1
    outer loop
      vertex 51.77962350542724 11.294463413230421 75.9
      vertex 52.05550418443139 16.91014364305891 75.9
      vertex 51.77962350542724 16.70553658676958 75.9
    endloop
  endfacet
  facet normal 0 0 1
    outer loop
      vertex 54 10.5 75.9
      vertex 54.34305999115346 10.516853456647311 75.9
      vertex 54 12.3 75.9
    endloop
  endfacet
  facet normal 0 0 1
    outer loop
      vertex 54.34305999115346 10.516853456647311 75.9
      vertex 54.68281612705645 10.567251518588694 75.9
      vertex 54.331653547427415 12.332665023314508 75.9
    endloop
  endfacet
  facet normal 0 0 1
    outer loop
      vertex 54.68281612705645 10.567251518588694 75.9
      vertex 55.01599637039062 10.650708824937269 75.9
      vertex 54.65056183502065 12.429404794730813 75.9
    endloop
  endfacet
  facet normal 0 0 1
    outer loop
      vertex 54.34305999115346 10.516853456647311 75.9
      vertex 54.16662913856025 12.308185964657266 75.9
      vertex 54 12.3 75.9
    endloop
  endfacet
  facet normal 0 0 1
    outer loop
      vertex 54.34305999115346 10.516853456647311 75.9
      vertex 54.331653547427415 12.332665023314508 75.9
      vertex 54.16662913856025 12.308185964657266 75.9
    endloop
  endfacet
  facet normal 0 0 1
    outer loop
      vertex 54.68281612705645 10.567251518588694 75.9
      vertex 54.493483951332585 12.373201429255245 75.9
      vertex 54.331653547427415 12.332665023314508 75.9
    endloop
  endfacet
  facet normal 0 0 1
    outer loop
      vertex 54.68281612705645 10.567251518588694 75.9
      vertex 54.65056183502065 12.429404794730813 75.9
      vertex 54.493483951332585 12.373201429255245 75.9
    endloop
  endfacet
  facet normal 0 0 1
    outer loop
      vertex 55.01599637039062 10.650708824937269 75.9
      vertex 54.80137445260419 12.500733850607796 75.9
      vertex 54.65056183502065 12.429404794730813 75.9
    endloop
  endfacet
  facet normal 0 0 1
    outer loop
      vertex 55.01599637039062 10.650708824937269 75.9
      vertex 54.94446939613332 12.586501659085673 75.9
      vertex 54.80137445260419 12.500733850607796 75.9
    endloop
  endfacet
  facet normal 0 0 1
    outer loop
      vertex 55.01599637039062 10.650708824937269 75.9
      vertex 55.0784685830782 12.685882229283347 75.9
      vertex 54.94446939613332 12.586501659085673 75.9
    endloop
  endfacet
  facet normal 0 0 1
    outer loop
      vertex 55.01599637039062 10.650708824937269 75.9
      vertex 55.339392013277816 10.766421636210497 75.9
      vertex 55.0784685830782 12.685882229283347 75.9
    endloop
  endfacet
  facet normal 0 0 1
    outer loop
      vertex 55.339392013277816 10.766421636210497 75.9
      vertex 55.649888578890994 10.913275574780757 75.9
      vertex 55.41349834091433 13.055530603866677 75.9
    endloop
  endfacet
  facet normal 0 0 1
    outer loop
      vertex 55.0784685830782 12.685882229283347 75.9
      vertex 55.339392013277816 10.766421636210497 75.9
      vertex 55.20208152801713 12.79791847198287 75.9
    endloop
  endfacet
  facet normal 0 0 1
    outer loop
      vertex 55.339392013277816 10.766421636210497 75.9
      vertex 55.314117770716656 12.921531416921802 75.9
      vertex 55.20208152801713 12.79791847198287 75.9
    endloop
  endfacet
  facet normal 0 0 1
    outer loop
      vertex 55.339392013277816 10.766421636210497 75.9
      vertex 55.41349834091433 13.055530603866677 75.9
      vertex 55.314117770716656 12.921531416921802 75.9
    endloop
  endfacet
  facet normal 0 0 1
    outer loop
      vertex 55.649888578890994 10.913275574780757 75.9
      vertex 55.499266149392206 13.198625547395803 75.9
      vertex 55.41349834091433 13.055530603866677 75.9
    endloop
  endfacet
  facet normal 0 0 1
    outer loop
      vertex 55.649888578890994 10.913275574780757 75.9
      vertex 55.570595205269186 13.349438164979347 75.9
      vertex 55.499266149392206 13.198625547395803 75.9
    endloop
  endfacet
  facet normal 0 0 1
    outer loop
      vertex 55.649888578890994 10.913275574780757 75.9
      vertex 55.626798570744754 13.506516048667415 75.9
      vertex 55.570595205269186 13.349438164979347 75.9
    endloop
  endfacet
  facet normal 0 0 1
    outer loop
      vertex 55.649888578890994 10.913275574780757 75.9
      vertex 55.66733497668549 13.668346452572582 75.9
      vertex 55.626798570744754 13.506516048667415 75.9
    endloop
  endfacet
  facet normal 0 0 1
    outer loop
      vertex 55.649888578890994 10.913275574780757 75.9
      vertex 55.69181403534274 13.833370861439747 75.9
      vertex 55.66733497668549 13.668346452572582 75.9
    endloop
  endfacet
  facet normal 0 0 1
    outer loop
      vertex 55.649888578890994 10.913275574780757 75.9
      vertex 55.94449581556861 11.089856356941091 75.9
      vertex 55.94449581556861 16.91014364305891 75.9
    endloop
  endfacet
  facet normal 0 0 1
    outer loop
      vertex 55.649888578890994 10.913275574780757 75.9
      vertex 55.94449581556861 16.91014364305891 75.9
      vertex 55.69181403534274 13.833370861439747 75.9
    endloop
  endfacet
  facet normal 0 0 1
    outer loop
      vertex 55.69181403534274 13.833370861439747 75.9
      vertex 55.94449581556861 16.91014364305891 75.9
      vertex 55.7 14 75.9
    endloop
  endfacet
  facet normal 0 0 1
    outer loop
      vertex 55.94449581556861 11.089856356941091 75.9
      vertex 56.22037649457276 16.70553658676958 75.9
      vertex 55.94449581556861 16.91014364305891 75.9
    endloop
  endfacet
  facet normal 0.5956993044924325 0.8032075314806456 0
    outer loop
      vertex 51.77962350542724 11.294463413230421 75.9
      vertex 51.77962350542724 11.294463413230421 84.17016179034916
      vertex 52.05550418443139 11.089856356941091 75.9
    endloop
  endfacet
  facet normal 0.5141027441932248 0.8577286100002702 -8.438809580196821e-19
    outer loop
      vertex 52.350111421109006 10.913275574780757 75.9
      vertex 52.05550418443139 11.089856356941091 75.9
      vertex 52.05550418443139 11.089856356941091 84.42251049310599
    endloop
  endfacet
  facet normal 0.4275550934302786 0.903989293123445 0
    outer loop
      vertex 52.350111421109006 10.913275574780757 75.9
      vertex 52.350111421109006 10.913275574780757 84.6402934577704
      vertex 52.660607986722184 10.766421636210497 75.9
    endloop
  endfacet
  facet normal 0.3368898533922198 0.941544065183021 0
    outer loop
      vertex 52.660607986722184 10.766421636210497 75.9
      vertex 52.660607986722184 10.766421636210497 84.8214133153404
      vertex 52.98400362960938 10.650708824937269 75.9
    endloop
  endfacet
  facet normal 0.2429801799032602 0.970031253194545 0
    outer loop
      vertex 52.98400362960938 10.650708824937269 75.9
      vertex 52.98400362960938 10.650708824937269 84.96412578257737
      vertex 53.31718387294355 10.567251518588694 75.9
    endloop
  endfacet
  facet normal 0.14673047445536286 0.9891765099647808 0
    outer loop
      vertex 53.31718387294355 10.567251518588694 75.9
      vertex 53.31718387294355 10.567251518588694 85.06705646040727
      vertex 53.65694000884654 10.516853456647311 75.9
    endloop
  endfacet
  facet normal 0.0490676743274195 0.9987954562051724 0
    outer loop
      vertex 53.65694000884654 10.516853456647311 75.9
      vertex 53.65694000884654 10.516853456647311 85.12921407013498
      vertex 54 10.5 75.9
    endloop
  endfacet
  facet normal 0.5956993044924326 0.8032075314806456 0
    outer loop
      vertex 52.05550418443139 11.089856356941091 75.9
      vertex 51.77962350542724 11.294463413230421 84.17016179034916
      vertex 52.05550418443139 11.089856356941091 84.42251049310599
    endloop
  endfacet
  facet normal 0.5141027441932249 0.8577286100002703 0
    outer loop
      vertex 52.350111421109006 10.913275574780757 75.9
      vertex 52.05550418443139 11.089856356941091 84.42251049310599
      vertex 52.350111421109006 10.913275574780757 84.6402934577704
    endloop
  endfacet
  facet normal 0.42755509343027853 0.9039892931234449 0
    outer loop
      vertex 52.660607986722184 10.766421636210497 75.9
      vertex 52.350111421109006 10.913275574780757 84.6402934577704
      vertex 52.660607986722184 10.766421636210497 84.8214133153404
    endloop
  endfacet
  facet normal 0.3368898533922197 0.9415440651830209 0
    outer loop
      vertex 52.98400362960938 10.650708824937269 75.9
      vertex 52.660607986722184 10.766421636210497 84.8214133153404
      vertex 52.98400362960938 10.650708824937269 84.96412578257737
    endloop
  endfacet
  facet normal 0.2429801799032602 0.9700312531945449 0
    outer loop
      vertex 53.31718387294355 10.567251518588694 75.9
      vertex 52.98400362960938 10.650708824937269 84.96412578257737
      vertex 53.31718387294355 10.567251518588694 85.06705646040727
    endloop
  endfacet
  facet normal 0.14673047445536283 0.9891765099647808 0
    outer loop
      vertex 53.65694000884654 10.516853456647311 75.9
      vertex 53.31718387294355 10.567251518588694 85.06705646040727
      vertex 53.65694000884654 10.516853456647311 85.12921407013498
    endloop
  endfacet
  facet normal 0.0490676743274195 0.9987954562051723 0
    outer loop
      vertex 54 10.5 75.9
      vertex 53.65694000884654 10.516853456647311 85.12921407013498
      vertex 54 10.5 85.15
    endloop
  endfacet
  facet normal -0.0490676743274195 0.9987954562051724 -8.98963159560328e-20
    outer loop
      vertex 54 10.5 75.9
      vertex 54.34305999115346 10.516853456647311 85.12921407013498
      vertex 54.34305999115346 10.516853456647311 75.9
    endloop
  endfacet
  facet normal -0.14673047445536286 0.9891765099647808 4.424810346082602e-19
    outer loop
      vertex 54.34305999115346 10.516853456647311 75.9
      vertex 54.68281612705645 10.567251518588694 85.06705646040727
      vertex 54.68281612705645 10.567251518588694 75.9
    endloop
  endfacet
  facet normal -0.2429801799032602 0.970031253194545 -1.0724782126976584e-20
    outer loop
      vertex 54.68281612705645 10.567251518588694 75.9
      vertex 55.01599637039062 10.650708824937269 84.96412578257737
      vertex 55.01599637039062 10.650708824937269 75.9
    endloop
  endfacet
  facet normal -0.3368898533922198 0.941544065183021 3.071849089014779e-19
    outer loop
      vertex 55.01599637039062 10.650708824937269 75.9
      vertex 55.339392013277816 10.766421636210497 84.8214133153404
      vertex 55.339392013277816 10.766421636210497 75.9
    endloop
  endfacet
  facet normal -0.4275550934302786 0.903989293123445 -6.09301631715111e-19
    outer loop
      vertex 55.339392013277816 10.766421636210497 75.9
      vertex 55.649888578890994 10.913275574780757 84.6402934577704
      vertex 55.649888578890994 10.913275574780757 75.9
    endloop
  endfacet
  facet normal -0.5141027441932248 0.8577286100002702 8.438809580196821e-19
    outer loop
      vertex 55.649888578890994 10.913275574780757 75.9
      vertex 55.94449581556861 11.089856356941091 84.42251049310599
      vertex 55.94449581556861 11.089856356941091 75.9
    endloop
  endfacet
  facet normal -0.0490676743274195 0.9987954562051723 0
    outer loop
      vertex 54 10.5 75.9
      vertex 54 10.5 85.15
      vertex 54.34305999115346 10.516853456647311 85.12921407013498
    endloop
  endfacet
  facet normal -0.14673047445536283 0.9891765099647808 0
    outer loop
      vertex 54.34305999115346 10.516853456647311 75.9
      vertex 54.34305999115346 10.516853456647311 85.12921407013498
      vertex 54.68281612705645 10.567251518588694 85.06705646040727
    endloop
  endfacet
  facet normal -0.2429801799032602 0.9700312531945449 0
    outer loop
      vertex 54.68281612705645 10.567251518588694 75.9
      vertex 54.68281612705645 10.567251518588694 85.06705646040727
      vertex 55.01599637039062 10.650708824937269 84.96412578257737
    endloop
  endfacet
  facet normal -0.42755509343027853 0.9039892931234449 0
    outer loop
      vertex 55.339392013277816 10.766421636210497 75.9
      vertex 55.339392013277816 10.766421636210497 84.8214133153404
      vertex 55.649888578890994 10.913275574780757 84.6402934577704
    endloop
  endfacet
  facet normal -0.5141027441932249 0.8577286100002703 0
    outer loop
      vertex 55.649888578890994 10.913275574780757 75.9
      vertex 55.649888578890994 10.913275574780757 84.6402934577704
      vertex 55.94449581556861 11.089856356941091 84.42251049310599
    endloop
  endfacet
  facet normal -0.5956993044924326 0.8032075314806456 0
    outer loop
      vertex 55.94449581556861 11.089856356941091 75.9
      vertex 55.94449581556861 11.089856356941091 84.42251049310599
      vertex 56.22037649457276 11.294463413230421 84.17016179034914
    endloop
  endfacet
  facet normal -0.3368898533922197 0.9415440651830209 0
    outer loop
      vertex 55.01599637039062 10.650708824937269 75.9
      vertex 55.01599637039062 10.650708824937269 84.96412578257737
      vertex 55.339392013277816 10.766421636210497 84.8214133153404
    endloop
  endfacet
  facet normal 0 0 1
    outer loop
      vertex 52.05550418443139 11.089856356941091 75.9
      vertex 52.350111421109006 17.08672442521924 75.9
      vertex 52.05550418443139 16.91014364305891 75.9
    endloop
  endfacet
  facet normal 0 0 1
    outer loop
      vertex 52.3 14 75.9
      vertex 52.30818596465726 14.166629138560253 75.9
      vertex 52.350111421109006 17.08672442521924 75.9
    endloop
  endfacet
  facet normal 0 0 1
    outer loop
      vertex 52.30818596465726 14.166629138560253 75.9
      vertex 52.33266502331451 14.331653547427418 75.9
      vertex 52.350111421109006 17.08672442521924 75.9
    endloop
  endfacet
  facet normal 0 0 1
    outer loop
      vertex 52.33266502331451 14.331653547427418 75.9
      vertex 52.373201429255246 14.493483951332585 75.9
      vertex 52.350111421109006 17.08672442521924 75.9
    endloop
  endfacet
  facet normal 0 0 1
    outer loop
      vertex 52.373201429255246 14.493483951332585 75.9
      vertex 52.429404794730814 14.650561835020653 75.9
      vertex 52.350111421109006 17.08672442521924 75.9
    endloop
  endfacet
  facet normal 0 0 1
    outer loop
      vertex 52.429404794730814 14.650561835020653 75.9
      vertex 52.500733850607794 14.801374452604197 75.9
      vertex 52.350111421109006 17.08672442521924 75.9
    endloop
  endfacet
  facet normal 0 0 1
    outer loop
      vertex 52.500733850607794 14.801374452604197 75.9
      vertex 52.58650165908567 14.944469396133323 75.9
      vertex 52.350111421109006 17.08672442521924 75.9
    endloop
  endfacet
  facet normal 0 0 1
    outer loop
      vertex 52.58650165908567 14.944469396133323 75.9
      vertex 52.685882229283344 15.078468583078198 75.9
      vertex 52.660607986722184 17.233578363789505 75.9
    endloop
  endfacet
  facet normal 0 0 1
    outer loop
      vertex 52.685882229283344 15.078468583078198 75.9
      vertex 52.79791847198287 15.20208152801713 75.9
      vertex 52.660607986722184 17.233578363789505 75.9
    endloop
  endfacet
  facet normal 0 0 1
    outer loop
      vertex 52.79791847198287 15.20208152801713 75.9
      vertex 52.9215314169218 15.314117770716653 75.9
      vertex 52.660607986722184 17.233578363789505 75.9
    endloop
  endfacet
  facet normal 0 0 1
    outer loop
      vertex 52.58650165908567 14.944469396133323 75.9
      vertex 52.660607986722184 17.233578363789505 75.9
      vertex 52.350111421109006 17.08672442521924 75.9
    endloop
  endfacet
  facet normal 0 0 1
    outer loop
      vertex 52.660607986722184 17.233578363789505 75.9
      vertex 52.9215314169218 15.314117770716653 75.9
      vertex 52.98400362960938 17.34929117506273 75.9
    endloop
  endfacet
  facet normal 0.5956993044924326 -0.8032075314806456 -6.956053395622874e-18
    outer loop
      vertex 51.77962350542724 16.70553658676958 75.9
      vertex 52.05550418443139 16.91014364305891 75.9
      vertex 52.05550418443139 16.91014364305891 77.24415617356068
    endloop
  endfacet
  facet normal 0.5956993044924325 -0.8032075314806456 0
    outer loop
      vertex 51.77962350542724 16.70553658676958 75.9
      vertex 52.05550418443139 16.91014364305891 77.24415617356068
      vertex 51.77962350542724 16.70553658676958 77.49650487631752
    endloop
  endfacet
  facet normal 0.514102744193221 -0.8577286100002726 -1.1380269455374257e-18
    outer loop
      vertex 52.05550418443139 16.91014364305891 75.9
      vertex 52.350111421109006 17.08672442521924 75.9
      vertex 52.350111421109006 17.08672442521924 77.02637320889627
    endloop
  endfacet
  facet normal 0.514102744193221 -0.8577286100002725 0
    outer loop
      vertex 52.05550418443139 16.91014364305891 75.9
      vertex 52.350111421109006 17.08672442521924 77.02637320889627
      vertex 52.05550418443139 16.91014364305891 77.24415617356068
    endloop
  endfacet
  facet normal 0.427555093430287 -0.903989293123441 -6.184425806714498e-18
    outer loop
      vertex 52.350111421109006 17.08672442521924 75.9
      vertex 52.660607986722184 17.233578363789505 75.9
      vertex 52.660607986722184 17.233578363789505 76.84525335132628
    endloop
  endfacet
  facet normal 0.4275550934302871 -0.9039892931234411 0
    outer loop
      vertex 52.350111421109006 17.08672442521924 75.9
      vertex 52.660607986722184 17.233578363789505 76.84525335132628
      vertex 52.350111421109006 17.08672442521924 77.02637320889627
    endloop
  endfacet
  facet normal 0.3368898533922151 -0.9415440651830225 8.719081858048586e-18
    outer loop
      vertex 52.660607986722184 17.233578363789505 75.9
      vertex 52.98400362960938 17.34929117506273 75.9
      vertex 52.98400362960938 17.34929117506273 76.7025408840893
    endloop
  endfacet
  facet normal 0.3368898533922152 -0.9415440651830226 0
    outer loop
      vertex 52.660607986722184 17.233578363789505 75.9
      vertex 52.98400362960938 17.34929117506273 76.7025408840893
      vertex 52.660607986722184 17.233578363789505 76.84525335132628
    endloop
  endfacet
  facet normal 0 0 1
    outer loop
      vertex 52.9215314169218 15.314117770716653 75.9
      vertex 53.05553060386668 15.413498340914327 75.9
      vertex 52.98400362960938 17.34929117506273 75.9
    endloop
  endfacet
  facet normal 0 0 1
    outer loop
      vertex 53.05553060386668 15.413498340914327 75.9
      vertex 53.19862554739581 15.499266149392204 75.9
      vertex 52.98400362960938 17.34929117506273 75.9
    endloop
  endfacet
  facet normal 0 0 1
    outer loop
      vertex 53.19862554739581 15.499266149392204 75.9
      vertex 53.34943816497935 15.570595205269187 75.9
      vertex 52.98400362960938 17.34929117506273 75.9
    endloop
  endfacet
  facet normal 0 0 1
    outer loop
      vertex 53.34943816497935 15.570595205269187 75.9
      vertex 53.506516048667415 15.626798570744755 75.9
      vertex 53.31718387294355 17.432748481411306 75.9
    endloop
  endfacet
  facet normal 0 0 1
    outer loop
      vertex 53.31718387294355 17.432748481411306 75.9
      vertex 53.506516048667415 15.626798570744755 75.9
      vertex 53.668346452572585 15.667334976685492 75.9
    endloop
  endfacet
  facet normal 0 0 1
    outer loop
      vertex 53.34943816497935 15.570595205269187 75.9
      vertex 53.31718387294355 17.432748481411306 75.9
      vertex 52.98400362960938 17.34929117506273 75.9
    endloop
  endfacet
  facet normal 0.2429801799032602 -0.970031253194545 -1.3894990856324167e-19
    outer loop
      vertex 52.98400362960938 17.34929117506273 75.9
      vertex 53.31718387294355 17.432748481411306 75.9
      vertex 53.31718387294355 17.432748481411306 76.5996102062594
    endloop
  endfacet
  facet normal 0 0 1
    outer loop
      vertex 53.31718387294355 17.432748481411306 75.9
      vertex 53.668346452572585 15.667334976685492 75.9
      vertex 53.65694000884654 17.48314654335269 75.9
    endloop
  endfacet
  facet normal 0 0 1
    outer loop
      vertex 53.668346452572585 15.667334976685492 75.9
      vertex 53.83337086143975 15.691814035342734 75.9
      vertex 53.65694000884654 17.48314654335269 75.9
    endloop
  endfacet
  facet normal 0 0 1
    outer loop
      vertex 53.83337086143975 15.691814035342734 75.9
      vertex 54 15.7 75.9
      vertex 53.65694000884654 17.48314654335269 75.9
    endloop
  endfacet
  facet normal 0.14673047445536283 -0.9891765099647808 6.363216102629379e-18
    outer loop
      vertex 53.31718387294355 17.432748481411306 75.9
      vertex 53.65694000884654 17.48314654335269 75.9
      vertex 53.65694000884654 17.48314654335269 76.5374525965317
    endloop
  endfacet
  facet normal 0 0 1
    outer loop
      vertex 54 15.7 75.9
      vertex 54 17.5 75.9
      vertex 53.65694000884654 17.48314654335269 75.9
    endloop
  endfacet
  facet normal 0.0490676743274195 -0.9987954562051723 -1.345414612013069e-18
    outer loop
      vertex 53.65694000884654 17.48314654335269 75.9
      vertex 54 17.5 75.9
      vertex 54 17.5 76.51666666666667
    endloop
  endfacet
  facet normal 0.24298017990326015 -0.970031253194545 0
    outer loop
      vertex 52.98400362960938 17.34929117506273 75.9
      vertex 53.31718387294355 17.432748481411306 76.5996102062594
      vertex 52.98400362960938 17.34929117506273 76.7025408840893
    endloop
  endfacet
  facet normal 0.14673047445536286 -0.9891765099647808 0
    outer loop
      vertex 53.31718387294355 17.432748481411306 75.9
      vertex 53.65694000884654 17.48314654335269 76.5374525965317
      vertex 53.31718387294355 17.432748481411306 76.5996102062594
    endloop
  endfacet
  facet normal 0.04906767432741949 -0.9987954562051723 0
    outer loop
      vertex 53.65694000884654 17.48314654335269 75.9
      vertex 54 17.5 76.51666666666667
      vertex 53.65694000884654 17.48314654335269 76.5374525965317
    endloop
  endfacet
  facet normal 0 0 1
    outer loop
      vertex 54.493483951332585 15.626798570744755 75.9
      vertex 54.65056183502065 15.570595205269187 75.9
      vertex 54.68281612705645 17.432748481411306 75.9
    endloop
  endfacet
  facet normal 0 0 1
    outer loop
      vertex 54.65056183502065 15.570595205269187 75.9
      vertex 54.80137445260419 15.499266149392204 75.9
      vertex 54.68281612705645 17.432748481411306 75.9
    endloop
  endfacet
  facet normal 0 0 1
    outer loop
      vertex 54.80137445260419 15.499266149392204 75.9
      vertex 54.94446939613332 15.413498340914327 75.9
      vertex 55.01599637039062 17.34929117506273 75.9
    endloop
  endfacet
  facet normal 0 0 1
    outer loop
      vertex 54.94446939613332 15.413498340914327 75.9
      vertex 55.0784685830782 15.314117770716653 75.9
      vertex 55.01599637039062 17.34929117506273 75.9
    endloop
  endfacet
  facet normal 0 0 1
    outer loop
      vertex 54 15.7 75.9
      vertex 54.16662913856025 15.691814035342734 75.9
      vertex 54 17.5 75.9
    endloop
  endfacet
  facet normal 0 0 1
    outer loop
      vertex 54.16662913856025 15.691814035342734 75.9
      vertex 54.331653547427415 15.667334976685492 75.9
      vertex 54.34305999115346 17.48314654335269 75.9
    endloop
  endfacet
  facet normal 0 0 1
    outer loop
      vertex 54.331653547427415 15.667334976685492 75.9
      vertex 54.493483951332585 15.626798570744755 75.9
      vertex 54.34305999115346 17.48314654335269 75.9
    endloop
  endfacet
  facet normal 0 0 1
    outer loop
      vertex 54.16662913856025 15.691814035342734 75.9
      vertex 54.34305999115346 17.48314654335269 75.9
      vertex 54 17.5 75.9
    endloop
  endfacet
  facet normal -0.0490676743274195 -0.9987954562051723 0
    outer loop
      vertex 54 17.5 75.9
      vertex 54.34305999115346 17.48314654335269 75.9
      vertex 54 17.5 76.51666666666667
    endloop
  endfacet
  facet normal -0.14673047445536283 -0.9891765099647808 0
    outer loop
      vertex 54.34305999115346 17.48314654335269 75.9
      vertex 54.68281612705645 17.432748481411306 75.9
      vertex 54.34305999115346 17.48314654335269 76.5374525965317
    endloop
  endfacet
  facet normal 0 0 1
    outer loop
      vertex 54.493483951332585 15.626798570744755 75.9
      vertex 54.68281612705645 17.432748481411306 75.9
      vertex 54.34305999115346 17.48314654335269 75.9
    endloop
  endfacet
  facet normal 0 0 1
    outer loop
      vertex 54.80137445260419 15.499266149392204 75.9
      vertex 55.01599637039062 17.34929117506273 75.9
      vertex 54.68281612705645 17.432748481411306 75.9
    endloop
  endfacet
  facet normal -0.2429801799032602 -0.970031253194545 0
    outer loop
      vertex 54.68281612705645 17.432748481411306 75.9
      vertex 55.01599637039062 17.34929117506273 75.9
      vertex 54.68281612705645 17.432748481411306 76.5996102062594
    endloop
  endfacet
  facet normal -0.04906767432741949 -0.9987954562051723 0
    outer loop
      vertex 54.34305999115346 17.48314654335269 75.9
      vertex 54.34305999115346 17.48314654335269 76.5374525965317
      vertex 54 17.5 76.51666666666667
    endloop
  endfacet
  facet normal -0.14673047445536286 -0.9891765099647808 0
    outer loop
      vertex 54.68281612705645 17.432748481411306 75.9
      vertex 54.68281612705645 17.432748481411306 76.5996102062594
      vertex 54.34305999115346 17.48314654335269 76.5374525965317
    endloop
  endfacet
  facet normal -0.24298017990326015 -0.970031253194545 0
    outer loop
      vertex 55.01599637039062 17.34929117506273 75.9
      vertex 55.01599637039062 17.34929117506273 76.7025408840893
      vertex 54.68281612705645 17.432748481411306 76.5996102062594
    endloop
  endfacet
  facet normal 0 0 1
    outer loop
      vertex 55.499266149392206 14.801374452604197 75.9
      vertex 55.570595205269186 14.650561835020653 75.9
      vertex 55.649888578890994 17.08672442521924 75.9
    endloop
  endfacet
  facet normal 0 0 1
    outer loop
      vertex 55.41349834091433 14.944469396133323 75.9
      vertex 55.499266149392206 14.801374452604197 75.9
      vertex 55.649888578890994 17.08672442521924 75.9
    endloop
  endfacet
  facet normal 0 0 1
    outer loop
      vertex 55.0784685830782 15.314117770716653 75.9
      vertex 55.20208152801713 15.20208152801713 75.9
      vertex 55.339392013277816 17.233578363789505 75.9
    endloop
  endfacet
  facet normal 0 0 1
    outer loop
      vertex 55.20208152801713 15.20208152801713 75.9
      vertex 55.314117770716656 15.078468583078198 75.9
      vertex 55.339392013277816 17.233578363789505 75.9
    endloop
  endfacet
  facet normal 0 0 1
    outer loop
      vertex 55.314117770716656 15.078468583078198 75.9
      vertex 55.41349834091433 14.944469396133323 75.9
      vertex 55.339392013277816 17.233578363789505 75.9
    endloop
  endfacet
  facet normal 0 0 1
    outer loop
      vertex 55.66733497668549 14.331653547427418 75.9
      vertex 55.649888578890994 17.08672442521924 75.9
      vertex 55.626798570744754 14.493483951332585 75.9
    endloop
  endfacet
  facet normal 0 0 1
    outer loop
      vertex 55.7 14 75.9
      vertex 55.94449581556861 16.91014364305891 75.9
      vertex 55.69181403534274 14.166629138560253 75.9
    endloop
  endfacet
  facet normal 0 0 1
    outer loop
      vertex 55.69181403534274 14.166629138560253 75.9
      vertex 55.94449581556861 16.91014364305891 75.9
      vertex 55.66733497668549 14.331653547427418 75.9
    endloop
  endfacet
  facet normal 0 0 1
    outer loop
      vertex 55.570595205269186 14.650561835020653 75.9
      vertex 55.626798570744754 14.493483951332585 75.9
      vertex 55.649888578890994 17.08672442521924 75.9
    endloop
  endfacet
  facet normal 0 0 1
    outer loop
      vertex 55.66733497668549 14.331653547427418 75.9
      vertex 55.94449581556861 16.91014364305891 75.9
      vertex 55.649888578890994 17.08672442521924 75.9
    endloop
  endfacet
  facet normal 0 0 1
    outer loop
      vertex 55.0784685830782 15.314117770716653 75.9
      vertex 55.339392013277816 17.233578363789505 75.9
      vertex 55.01599637039062 17.34929117506273 75.9
    endloop
  endfacet
  facet normal 0 0 1
    outer loop
      vertex 55.41349834091433 14.944469396133323 75.9
      vertex 55.649888578890994 17.08672442521924 75.9
      vertex 55.339392013277816 17.233578363789505 75.9
    endloop
  endfacet
  facet normal -0.3368898533922151 -0.9415440651830225 0
    outer loop
      vertex 55.01599637039062 17.34929117506273 75.9
      vertex 55.339392013277816 17.233578363789505 75.9
      vertex 55.01599637039062 17.34929117506273 76.7025408840893
    endloop
  endfacet
  facet normal -0.3368898533922152 -0.9415440651830226 0
    outer loop
      vertex 55.339392013277816 17.233578363789505 75.9
      vertex 55.339392013277816 17.233578363789505 76.84525335132628
      vertex 55.01599637039062 17.34929117506273 76.7025408840893
    endloop
  endfacet
  facet normal -0.427555093430287 -0.903989293123441 0
    outer loop
      vertex 55.339392013277816 17.233578363789505 75.9
      vertex 55.649888578890994 17.08672442521924 75.9
      vertex 55.339392013277816 17.233578363789505 76.84525335132628
    endloop
  endfacet
  facet normal -0.4275550934302871 -0.9039892931234411 0
    outer loop
      vertex 55.649888578890994 17.08672442521924 75.9
      vertex 55.649888578890994 17.08672442521924 77.02637320889627
      vertex 55.339392013277816 17.233578363789505 76.84525335132628
    endloop
  endfacet
  facet normal -0.5956993044924326 -0.8032075314806456 0
    outer loop
      vertex 55.94449581556861 16.91014364305891 75.9
      vertex 56.22037649457276 16.70553658676958 75.9
      vertex 55.94449581556861 16.91014364305891 77.24415617356068
    endloop
  endfacet
  facet normal -0.514102744193221 -0.8577286100002726 0
    outer loop
      vertex 55.649888578890994 17.08672442521924 75.9
      vertex 55.94449581556861 16.91014364305891 75.9
      vertex 55.649888578890994 17.08672442521924 77.02637320889627
    endloop
  endfacet
  facet normal -0.514102744193221 -0.8577286100002725 0
    outer loop
      vertex 55.94449581556861 16.91014364305891 75.9
      vertex 55.94449581556861 16.91014364305891 77.24415617356068
      vertex 55.649888578890994 17.08672442521924 77.02637320889627
    endloop
  endfacet
  facet normal 0 0 1
    outer loop
      vertex 56.474873734152915 11.525126265847083 75.9
      vertex 56.5 11.552848828134419 75.9
      vertex 56.525126265847085 12.548040047821383 75.9
    endloop
  endfacet
  facet normal 0 0 1
    outer loop
      vertex 56.5 11.552848828134419 75.9
      vertex 56.52800621225017 11.583748921616786 75.9
      vertex 56.525126265847085 12.548040047821383 75.9
    endloop
  endfacet
  facet normal 0 0 1
    outer loop
      vertex 56.77962350542724 11.879518151268279 75.9
      vertex 56.810404319343014 11.921021274363785 75.9
      vertex 56.77962350542724 13.287697379598237 75.9
    endloop
  endfacet
  facet normal 0 0 1
    outer loop
      vertex 55.94449581556861 11.089856356941091 75.9
      vertex 56.22037649457276 11.294463413230421 75.9
      vertex 56.22037649457276 16.70553658676958 75.9
    endloop
  endfacet
  facet normal 0 0 1
    outer loop
      vertex 56.22037649457276 11.294463413230421 75.9
      vertex 56.474873734152915 11.525126265847083 75.9
      vertex 56.474873734152915 16.474873734152915 75.9
    endloop
  endfacet
  facet normal 0 0 1
    outer loop
      vertex 56.52800621225017 11.583748921616786 75.9
      vertex 56.70553658676958 15.197462712598583 75.9
      vertex 56.525126265847085 12.548040047821383 75.9
    endloop
  endfacet
  facet normal 0 0 1
    outer loop
      vertex 56.474873734152915 11.525126265847083 75.9
      vertex 56.525126265847085 12.548040047821383 75.9
      vertex 56.474873734152915 16.474873734152915 75.9
    endloop
  endfacet
  facet normal 0 0 1
    outer loop
      vertex 56.810404319343014 11.921021274363785 75.9
      vertex 56.91014364305891 13.95126184920074 75.9
      vertex 56.77962350542724 13.287697379598237 75.9
    endloop
  endfacet
  facet normal 0 0 1
    outer loop
      vertex 57.12097405452743 12.422526178093051 75.9
      vertex 57.22162761112844 12.635340243181357 75.9
      vertex 57.24135170286158 12.81883793854185 75.9
    endloop
  endfacet
  facet normal 0 0 1
    outer loop
      vertex 56.22037649457276 11.294463413230421 75.9
      vertex 56.474873734152915 16.474873734152915 75.9
      vertex 56.22037649457276 16.70553658676958 75.9
    endloop
  endfacet
  facet normal 0 0 1
    outer loop
      vertex 56.91014364305891 13.95126184920074 75.9
      vertex 57.05550418443139 15.014385978289551 75.9
      vertex 57.0006470038766 15.793500080277738 75.9
    endloop
  endfacet
  facet normal 0 0 1
    outer loop
      vertex 57.12097405452743 12.422526178093051 75.9
      vertex 57.24135170286158 12.81883793854185 75.9
      vertex 57.30030676317769 14.018895760135495 75.9
    endloop
  endfacet
  facet normal 0 0 1
    outer loop
      vertex 57.24135170286158 12.81883793854185 75.9
      vertex 57.33721237362585 12.95024564107722 75.9
      vertex 57.34929117506273 13.601971134130766 75.9
    endloop
  endfacet
  facet normal 0 0 1
    outer loop
      vertex 57.24135170286158 12.81883793854185 75.9
      vertex 57.34929117506273 13.601971134130766 75.9
      vertex 57.33266502331451 13.668346452572582 75.9
    endloop
  endfacet
  facet normal 0 0 1
    outer loop
      vertex 57.369258797997105 13.063718848793338 75.9
      vertex 57.42769880823714 13.29702444759736 75.9
      vertex 57.429404794730814 13.349438164979347 75.9
    endloop
  endfacet
  facet normal 0 0 1
    outer loop
      vertex 57.369258797997105 13.063718848793338 75.9
      vertex 57.429404794730814 13.349438164979347 75.9
      vertex 57.37281201956511 13.46278141838994 75.9
    endloop
  endfacet
  facet normal 0 0 1
    outer loop
      vertex 57.42769880823714 13.29702444759736 75.9
      vertex 57.43274848141131 13.342368533474138 75.9
      vertex 57.429404794730814 13.349438164979347 75.9
    endloop
  endfacet
  facet normal 0 0 1
    outer loop
      vertex 57.24135170286158 12.81883793854185 75.9
      vertex 57.33266502331451 13.668346452572582 75.9
      vertex 57.30818596465726 13.833370861439747 75.9
    endloop
  endfacet
  facet normal 0 0 1
    outer loop
      vertex 57.24135170286158 12.81883793854185 75.9
      vertex 57.30818596465726 13.833370861439747 75.9
      vertex 57.3 14 75.9
    endloop
  endfacet
  facet normal 0 0 1
    outer loop
      vertex 57.24135170286158 12.81883793854185 75.9
      vertex 57.30818596465726 14.166629138560253 75.9
      vertex 57.30030676317769 14.018895760135495 75.9
    endloop
  endfacet
  facet normal 0 0 1
    outer loop
      vertex 57.24135170286158 12.81883793854185 75.9
      vertex 57.3 14 75.9
      vertex 57.30818596465726 14.166629138560253 75.9
    endloop
  endfacet
  facet normal 0 0 1
    outer loop
      vertex 57.429404794730814 13.349438164979347 75.9
      vertex 57.373201429255246 13.506516048667415 75.9
      vertex 57.37281201956511 13.46278141838994 75.9
    endloop
  endfacet
  facet normal 0 0 1
    outer loop
      vertex 57.37281201956511 13.46278141838994 75.9
      vertex 57.373201429255246 13.506516048667415 75.9
      vertex 57.34929117506273 13.601971134130766 75.9
    endloop
  endfacet
  facet normal 0 0 1
    outer loop
      vertex 57.12097405452743 12.422526178093051 75.9
      vertex 57.30030676317769 14.018895760135495 75.9
      vertex 57.26056518437395 15.263968902419482 75.9
    endloop
  endfacet
  facet normal 0 0 1
    outer loop
      vertex 57.30030676317769 14.018895760135495 75.9
      vertex 57.30818596465726 14.166629138560253 75.9
      vertex 57.33517961763317 14.72874901999512 75.9
    endloop
  endfacet
  facet normal 0 0 1
    outer loop
      vertex 57.30818596465726 14.166629138560253 75.9
      vertex 57.33266502331451 14.331653547427418 75.9
      vertex 57.33517961763317 14.72874901999512 75.9
    endloop
  endfacet
  facet normal 0 0 1
    outer loop
      vertex 57.33266502331451 14.331653547427418 75.9
      vertex 57.34929117506273 14.398028865869234 75.9
      vertex 57.33517961763317 14.72874901999512 75.9
    endloop
  endfacet
  facet normal 0 0 1
    outer loop
      vertex 57.34929117506273 14.398028865869234 75.9
      vertex 57.373201429255246 14.493483951332585 75.9
      vertex 57.369258797997105 14.936281151206662 75.9
    endloop
  endfacet
  facet normal 0 0 1
    outer loop
      vertex 57.373201429255246 14.493483951332585 75.9
      vertex 57.429404794730814 14.650561835020653 75.9
      vertex 57.42769880823714 14.70297555240264 75.9
    endloop
  endfacet
  facet normal 0 0 1
    outer loop
      vertex 57.429404794730814 14.650561835020653 75.9
      vertex 57.43136783013304 14.654712324660238 75.9
      vertex 57.42769880823714 14.70297555240264 75.9
    endloop
  endfacet
  facet normal 0 0 1
    outer loop
      vertex 57.373201429255246 14.493483951332585 75.9
      vertex 57.42769880823714 14.70297555240264 75.9
      vertex 57.369258797997105 14.936281151206662 75.9
    endloop
  endfacet
  facet normal -0.5956993044924326 0.8032075314806455 -1.1305730591939811e-18
    outer loop
      vertex 55.94449581556861 11.089856356941091 75.9
      vertex 56.22037649457276 11.294463413230421 84.17016179034914
      vertex 56.22037649457276 11.294463413230421 75.9
    endloop
  endfacet
  facet normal -0.6715589548470222 0.7409511253549557 1.4425282163520414e-19
    outer loop
      vertex 56.22037649457276 11.294463413230421 75.9
      vertex 56.474873734152915 11.525126265847083 83.88567760545527
      vertex 56.474873734152915 11.525126265847083 75.9
    endloop
  endfacet
  facet normal -0.7409511253549405 0.6715589548470389 0
    outer loop
      vertex 56.474873734152915 11.525126265847083 75.9
      vertex 56.474873734152915 11.525126265847083 83.88567760545527
      vertex 56.5 11.552848828134419 75.9
    endloop
  endfacet
  facet normal -0.6715589548470221 0.7409511253549556 0
    outer loop
      vertex 56.22037649457276 11.294463413230421 75.9
      vertex 56.22037649457276 11.294463413230421 84.17016179034914
      vertex 56.474873734152915 11.525126265847083 83.88567760545527
    endloop
  endfacet
  facet normal -0.7409511253549406 0.671558954847039 0
    outer loop
      vertex 56.5 11.552848828134419 75.9
      vertex 56.474873734152915 11.525126265847083 83.88567760545527
      vertex 56.5 11.552848828134419 83.85148644530088
    endloop
  endfacet
  facet normal 0 0 1
    outer loop
      vertex 56.525126265847085 12.548040047821383 75.9
      vertex 56.522542471283835 16.422279387571013 75.9
      vertex 56.5 16.447151171865578 75.9
    endloop
  endfacet
  facet normal 0 0 1
    outer loop
      vertex 56.525126265847085 12.548040047821383 75.9
      vertex 56.5 16.447151171865578 75.9
      vertex 56.474873734152915 16.474873734152915 75.9
    endloop
  endfacet
  facet normal -0.671558954847025 -0.740951125354953 0
    outer loop
      vertex 56.22037649457276 16.70553658676958 75.9
      vertex 56.474873734152915 16.474873734152915 75.9
      vertex 56.22037649457276 16.70553658676958 77.49650487631752
    endloop
  endfacet
  facet normal -0.7409511253549621 -0.6715589548470153 -4.517021947960495e-19
    outer loop
      vertex 56.474873734152915 16.474873734152915 75.9
      vertex 56.5 16.447151171865578 75.9
      vertex 56.5 16.447151171865578 77.8151802213658
    endloop
  endfacet
  facet normal -0.671558954847025 -0.740951125354953 0
    outer loop
      vertex 56.474873734152915 16.474873734152915 75.9
      vertex 56.474873734152915 16.474873734152915 77.78098906121141
      vertex 56.22037649457276 16.70553658676958 77.49650487631752
    endloop
  endfacet
  facet normal -0.5956993044924325 -0.8032075314806456 0
    outer loop
      vertex 56.22037649457276 16.70553658676958 75.9
      vertex 56.22037649457276 16.70553658676958 77.49650487631752
      vertex 55.94449581556861 16.91014364305891 77.24415617356068
    endloop
  endfacet
  facet normal -0.7409511253549621 -0.6715589548470153 0
    outer loop
      vertex 56.474873734152915 16.474873734152915 75.9
      vertex 56.5 16.447151171865578 77.8151802213658
      vertex 56.474873734152915 16.474873734152915 77.78098906121141
    endloop
  endfacet
  facet normal 0.7409511253549487 0.6715589548470299 0
    outer loop
      vertex 57.685882229283344 -15.078468583078198 75.9
      vertex 57.79791847198287 -15.20208152801713 71.9
      vertex 57.685882229283344 -15.078468583078198 71.9
    endloop
  endfacet
  facet normal 0.5956993044924241 0.8032075314806518 0
    outer loop
      vertex 57.9215314169218 -15.314117770716653 75.9
      vertex 58.05553060386668 -15.413498340914327 71.9
      vertex 57.9215314169218 -15.314117770716653 71.9
    endloop
  endfacet
  facet normal 0.6715589548470189 0.7409511253549588 0
    outer loop
      vertex 57.79791847198287 -15.20208152801713 75.9
      vertex 57.9215314169218 -15.314117770716653 71.9
      vertex 57.79791847198287 -15.20208152801713 71.9
    endloop
  endfacet
  facet normal 0.5141027441932232 0.8577286100002712 0
    outer loop
      vertex 58.05553060386668 -15.413498340914327 75.9
      vertex 58.19862554739581 -15.499266149392204 71.9
      vertex 58.05553060386668 -15.413498340914327 71.9
    endloop
  endfacet
  facet normal 0.4275550934302876 0.9039892931234408 0
    outer loop
      vertex 58.19862554739581 -15.499266149392204 75.9
      vertex 58.34943816497935 -15.570595205269187 71.9
      vertex 58.19862554739581 -15.499266149392204 71.9
    endloop
  endfacet
  facet normal 0.8032075314806479 0.5956993044924292 0
    outer loop
      vertex 57.685882229283344 -15.078468583078198 75.9
      vertex 57.685882229283344 -15.078468583078198 71.9
      vertex 57.58650165908567 -14.944469396133323 75.9
    endloop
  endfacet
  facet normal 0.5956993044924241 0.8032075314806518 4.0775414292824974e-19
    outer loop
      vertex 57.9215314169218 -15.314117770716653 75.9
      vertex 58.05553060386668 -15.413498340914327 75.9
      vertex 58.05553060386668 -15.413498340914327 71.9
    endloop
  endfacet
  facet normal 0.7409511253549487 0.6715589548470299 5.740265496105773e-19
    outer loop
      vertex 57.685882229283344 -15.078468583078198 75.9
      vertex 57.79791847198287 -15.20208152801713 75.9
      vertex 57.79791847198287 -15.20208152801713 71.9
    endloop
  endfacet
  facet normal 0.6715589548470189 0.7409511253549588 0
    outer loop
      vertex 57.9215314169218 -15.314117770716653 75.9
      vertex 57.9215314169218 -15.314117770716653 71.9
      vertex 57.79791847198287 -15.20208152801713 75.9
    endloop
  endfacet
  facet normal 0.5141027441932232 0.8577286100002712 -3.293355540867808e-19
    outer loop
      vertex 58.05553060386668 -15.413498340914327 75.9
      vertex 58.19862554739581 -15.499266149392204 75.9
      vertex 58.19862554739581 -15.499266149392204 71.9
    endloop
  endfacet
  facet normal 0.24298017990325874 0.9700312531945452 0
    outer loop
      vertex 58.506516048667415 -15.626798570744755 75.9
      vertex 58.668346452572585 -15.667334976685492 71.9
      vertex 58.506516048667415 -15.626798570744755 71.9
    endloop
  endfacet
  facet normal 0.14673047445536 0.9891765099647811 0
    outer loop
      vertex 58.668346452572585 -15.667334976685492 75.9
      vertex 58.83337086143975 -15.691814035342734 71.9
      vertex 58.668346452572585 -15.667334976685492 71.9
    endloop
  endfacet
  facet normal 0.3368898533922202 0.9415440651830207 0
    outer loop
      vertex 58.34943816497935 -15.570595205269187 75.9
      vertex 58.506516048667415 -15.626798570744755 71.9
      vertex 58.34943816497935 -15.570595205269187 71.9
    endloop
  endfacet
  facet normal 0.04906767432741787 0.9987954562051724 0
    outer loop
      vertex 58.83337086143975 -15.691814035342734 75.9
      vertex 59 -15.7 71.9
      vertex 58.83337086143975 -15.691814035342734 71.9
    endloop
  endfacet
  facet normal -0.04906767432741787 0.9987954562051724 0
    outer loop
      vertex 59 -15.7 75.9
      vertex 59.16662913856025 -15.691814035342734 71.9
      vertex 59 -15.7 71.9
    endloop
  endfacet
  facet normal -0.14673047445536 0.9891765099647811 0
    outer loop
      vertex 59.16662913856025 -15.691814035342734 75.9
      vertex 59.331653547427415 -15.667334976685492 71.9
      vertex 59.16662913856025 -15.691814035342734 71.9
    endloop
  endfacet
  facet normal 0.24298017990325874 0.9700312531945452 5.949421832063113e-19
    outer loop
      vertex 58.506516048667415 -15.626798570744755 75.9
      vertex 58.668346452572585 -15.667334976685492 75.9
      vertex 58.668346452572585 -15.667334976685492 71.9
    endloop
  endfacet
  facet normal 0.14673047445536 0.9891765099647811 -1.3790251413078666e-19
    outer loop
      vertex 58.668346452572585 -15.667334976685492 75.9
      vertex 58.83337086143975 -15.691814035342734 75.9
      vertex 58.83337086143975 -15.691814035342734 71.9
    endloop
  endfacet
  facet normal 0.4275550934302876 0.9039892931234408 9.500226024537387e-19
    outer loop
      vertex 58.19862554739581 -15.499266149392204 75.9
      vertex 58.34943816497935 -15.570595205269187 75.9
      vertex 58.34943816497935 -15.570595205269187 71.9
    endloop
  endfacet
  facet normal 0.3368898533922202 0.9415440651830207 -5.252490042289651e-19
    outer loop
      vertex 58.34943816497935 -15.570595205269187 75.9
      vertex 58.506516048667415 -15.626798570744755 75.9
      vertex 58.506516048667415 -15.626798570744755 71.9
    endloop
  endfacet
  facet normal 0.04906767432741787 0.9987954562051724 -5.0878015108726047e-20
    outer loop
      vertex 58.83337086143975 -15.691814035342734 75.9
      vertex 59 -15.7 75.9
      vertex 59 -15.7 71.9
    endloop
  endfacet
  facet normal -0.04906767432741787 0.9987954562051724 5.0878015108726047e-20
    outer loop
      vertex 59 -15.7 75.9
      vertex 59.16662913856025 -15.691814035342734 75.9
      vertex 59.16662913856025 -15.691814035342734 71.9
    endloop
  endfacet
  facet normal -0.14673047445536 0.9891765099647811 1.3790251413078666e-19
    outer loop
      vertex 59.16662913856025 -15.691814035342734 75.9
      vertex 59.331653547427415 -15.667334976685492 75.9
      vertex 59.331653547427415 -15.667334976685492 71.9
    endloop
  endfacet
  facet normal -0.24298017990325874 0.9700312531945452 0
    outer loop
      vertex 59.331653547427415 -15.667334976685492 75.9
      vertex 59.493483951332585 -15.626798570744755 71.9
      vertex 59.331653547427415 -15.667334976685492 71.9
    endloop
  endfacet
  facet normal -0.3368898533922202 0.9415440651830207 0
    outer loop
      vertex 59.493483951332585 -15.626798570744755 75.9
      vertex 59.65056183502065 -15.570595205269187 71.9
      vertex 59.493483951332585 -15.626798570744755 71.9
    endloop
  endfacet
  facet normal -0.4275550934302876 0.9039892931234408 0
    outer loop
      vertex 59.65056183502065 -15.570595205269187 75.9
      vertex 59.80137445260419 -15.499266149392204 71.9
      vertex 59.65056183502065 -15.570595205269187 71.9
    endloop
  endfacet
  facet normal -0.5141027441932232 0.8577286100002712 0
    outer loop
      vertex 59.80137445260419 -15.499266149392204 75.9
      vertex 59.94446939613332 -15.413498340914327 71.9
      vertex 59.80137445260419 -15.499266149392204 71.9
    endloop
  endfacet
  facet normal -0.5956993044924241 0.8032075314806518 0
    outer loop
      vertex 59.94446939613332 -15.413498340914327 75.9
      vertex 60.0784685830782 -15.314117770716653 71.9
      vertex 59.94446939613332 -15.413498340914327 71.9
    endloop
  endfacet
  facet normal -0.6715589548470189 0.7409511253549588 0
    outer loop
      vertex 60.0784685830782 -15.314117770716653 75.9
      vertex 60.20208152801713 -15.20208152801713 71.9
      vertex 60.0784685830782 -15.314117770716653 71.9
    endloop
  endfacet
  facet normal -0.7409511253549487 0.6715589548470299 0
    outer loop
      vertex 60.20208152801713 -15.20208152801713 75.9
      vertex 60.314117770716656 -15.078468583078198 71.9
      vertex 60.20208152801713 -15.20208152801713 71.9
    endloop
  endfacet
  facet normal -0.8032075314806479 0.5956993044924292 0
    outer loop
      vertex 60.314117770716656 -15.078468583078198 75.9
      vertex 60.41349834091433 -14.944469396133323 71.9
      vertex 60.314117770716656 -15.078468583078198 71.9
    endloop
  endfacet
  facet normal -0.24298017990325874 0.9700312531945452 -5.949421832063113e-19
    outer loop
      vertex 59.331653547427415 -15.667334976685492 75.9
      vertex 59.493483951332585 -15.626798570744755 75.9
      vertex 59.493483951332585 -15.626798570744755 71.9
    endloop
  endfacet
  facet normal -0.3368898533922202 0.9415440651830207 5.252490042289651e-19
    outer loop
      vertex 59.493483951332585 -15.626798570744755 75.9
      vertex 59.65056183502065 -15.570595205269187 75.9
      vertex 59.65056183502065 -15.570595205269187 71.9
    endloop
  endfacet
  facet normal -0.4275550934302876 0.9039892931234408 -9.500226024537387e-19
    outer loop
      vertex 59.65056183502065 -15.570595205269187 75.9
      vertex 59.80137445260419 -15.499266149392204 75.9
      vertex 59.80137445260419 -15.499266149392204 71.9
    endloop
  endfacet
  facet normal -0.5141027441932232 0.8577286100002712 3.293355540867808e-19
    outer loop
      vertex 59.80137445260419 -15.499266149392204 75.9
      vertex 59.94446939613332 -15.413498340914327 75.9
      vertex 59.94446939613332 -15.413498340914327 71.9
    endloop
  endfacet
  facet normal -0.5956993044924241 0.8032075314806518 -4.0775414292824974e-19
    outer loop
      vertex 59.94446939613332 -15.413498340914327 75.9
      vertex 60.0784685830782 -15.314117770716653 75.9
      vertex 60.0784685830782 -15.314117770716653 71.9
    endloop
  endfacet
  facet normal -0.6715589548470189 0.7409511253549588 -1.9590605146984848e-19
    outer loop
      vertex 60.0784685830782 -15.314117770716653 75.9
      vertex 60.20208152801713 -15.20208152801713 75.9
      vertex 60.20208152801713 -15.20208152801713 71.9
    endloop
  endfacet
  facet normal -0.7409511253549487 0.6715589548470299 -5.740265496105773e-19
    outer loop
      vertex 60.20208152801713 -15.20208152801713 75.9
      vertex 60.314117770716656 -15.078468583078198 75.9
      vertex 60.314117770716656 -15.078468583078198 71.9
    endloop
  endfacet
  facet normal 0.9039892931234528 0.4275550934302619 0
    outer loop
      vertex 57.429404794730814 -14.650561835020653 75.9
      vertex 57.500733850607794 -14.801374452604197 71.9
      vertex 57.429404794730814 -14.650561835020653 71.9
    endloop
  endfacet
  facet normal 0.9415440651830207 0.3368898533922202 0
    outer loop
      vertex 57.373201429255246 -14.493483951332585 75.9
      vertex 57.429404794730814 -14.650561835020653 71.9
      vertex 57.373201429255246 -14.493483951332585 71.9
    endloop
  endfacet
  facet normal 0.9700312531945465 0.24298017990325374 0
    outer loop
      vertex 57.33266502331451 -14.331653547427418 75.9
      vertex 57.373201429255246 -14.493483951332585 71.9
      vertex 57.33266502331451 -14.331653547427418 71.9
    endloop
  endfacet
  facet normal 0.857728610000273 0.51410274419322 0
    outer loop
      vertex 57.500733850607794 -14.801374452604197 75.9
      vertex 57.58650165908567 -14.944469396133323 71.9
      vertex 57.500733850607794 -14.801374452604197 71.9
    endloop
  endfacet
  facet normal 0.8032075314806479 0.5956993044924292 0
    outer loop
      vertex 57.58650165908567 -14.944469396133323 75.9
      vertex 57.685882229283344 -15.078468583078198 71.9
      vertex 57.58650165908567 -14.944469396133323 71.9
    endloop
  endfacet
  facet normal 0.9891765099647755 0.14673047445539858 0
    outer loop
      vertex 57.30818596465726 -14.166629138560253 75.9
      vertex 57.33266502331451 -14.331653547427418 71.9
      vertex 57.30818596465726 -14.166629138560253 71.9
    endloop
  endfacet
  facet normal 0.9987954562051724 0.04906767432741787 0
    outer loop
      vertex 57.3 -14 75.9
      vertex 57.30818596465726 -14.166629138560253 71.9
      vertex 57.3 -14 71.9
    endloop
  endfacet
  facet normal 0.9987954562051724 -0.04906767432741787 0
    outer loop
      vertex 57.30818596465726 -13.833370861439747 75.9
      vertex 57.3 -14 71.9
      vertex 57.30818596465726 -13.833370861439747 71.9
    endloop
  endfacet
  facet normal 0.9039892931234631 0.4275550934302405 9.910692103505326e-16
    outer loop
      vertex 57.429404794730814 -14.650561835020653 75.9
      vertex 57.43274848141131 -14.657631466525862 75.9
      vertex 57.500733850607794 -14.801374452604197 71.9
    endloop
  endfacet
  facet normal 0.9415440651830207 0.3368898533922202 0
    outer loop
      vertex 57.429404794730814 -14.650561835020653 75.9
      vertex 57.429404794730814 -14.650561835020653 71.9
      vertex 57.373201429255246 -14.493483951332585 75.9
    endloop
  endfacet
  facet normal 0.9700312531945469 0.24298017990325202 0
    outer loop
      vertex 57.373201429255246 -14.493483951332585 75.9
      vertex 57.373201429255246 -14.493483951332585 71.9
      vertex 57.34929117506273 -14.398028865869234 75.9
    endloop
  endfacet
  facet normal 0.9700312531945459 0.24298017990325618 -1.0455306144712921e-16
    outer loop
      vertex 57.33266502331451 -14.331653547427418 75.9
      vertex 57.34929117506273 -14.398028865869234 75.9
      vertex 57.373201429255246 -14.493483951332585 71.9
    endloop
  endfacet
  facet normal 0.857728610000273 0.51410274419322 5.946905358757322e-19
    outer loop
      vertex 57.500733850607794 -14.801374452604197 75.9
      vertex 57.58650165908567 -14.944469396133323 75.9
      vertex 57.58650165908567 -14.944469396133323 71.9
    endloop
  endfacet
  facet normal 0.9039892931234523 0.42755509343026293 0
    outer loop
      vertex 57.500733850607794 -14.801374452604197 75.9
      vertex 57.500733850607794 -14.801374452604197 71.9
      vertex 57.43274848141131 -14.657631466525862 75.9
    endloop
  endfacet
  facet normal 0.9891765099647755 0.14673047445539858 0
    outer loop
      vertex 57.33266502331451 -14.331653547427418 75.9
      vertex 57.33266502331451 -14.331653547427418 71.9
      vertex 57.30818596465726 -14.166629138560253 75.9
    endloop
  endfacet
  facet normal 0.9987954562051724 0.04906767432741787 0
    outer loop
      vertex 57.30818596465726 -14.166629138560253 75.9
      vertex 57.30818596465726 -14.166629138560253 71.9
      vertex 57.3 -14 75.9
    endloop
  endfacet
  facet normal 0.9987954562051724 -0.04906767432741787 0
    outer loop
      vertex 57.3 -14 75.9
      vertex 57.3 -14 71.9
      vertex 57.30818596465726 -13.833370861439747 75.9
    endloop
  endfacet
  facet normal 0.9891765099647755 -0.14673047445539858 0
    outer loop
      vertex 57.30818596465726 -13.833370861439747 75.9
      vertex 57.30818596465726 -13.833370861439747 71.9
      vertex 57.33266502331451 -13.668346452572582 75.9
    endloop
  endfacet
  facet normal 0.9891765099647755 -0.14673047445539858 0
    outer loop
      vertex 57.33266502331451 -13.668346452572582 75.9
      vertex 57.30818596465726 -13.833370861439747 71.9
      vertex 57.33266502331451 -13.668346452572582 71.9
    endloop
  endfacet
  facet normal 0.9700312531945465 -0.24298017990325374 0
    outer loop
      vertex 57.373201429255246 -13.506516048667415 75.9
      vertex 57.33266502331451 -13.668346452572582 71.9
      vertex 57.373201429255246 -13.506516048667415 71.9
    endloop
  endfacet
  facet normal 0.9415440651830207 -0.3368898533922202 0
    outer loop
      vertex 57.429404794730814 -13.349438164979347 75.9
      vertex 57.373201429255246 -13.506516048667415 71.9
      vertex 57.429404794730814 -13.349438164979347 71.9
    endloop
  endfacet
  facet normal 0.9039892931234528 -0.4275550934302619 0
    outer loop
      vertex 57.500733850607794 -13.198625547395803 75.9
      vertex 57.429404794730814 -13.349438164979347 71.9
      vertex 57.500733850607794 -13.198625547395803 71.9
    endloop
  endfacet
  facet normal 0.857728610000273 -0.51410274419322 0
    outer loop
      vertex 57.58650165908567 -13.055530603866677 75.9
      vertex 57.500733850607794 -13.198625547395803 71.9
      vertex 57.58650165908567 -13.055530603866677 71.9
    endloop
  endfacet
  facet normal 0.8032075314806479 -0.5956993044924292 0
    outer loop
      vertex 57.685882229283344 -12.921531416921802 75.9
      vertex 57.58650165908567 -13.055530603866677 71.9
      vertex 57.685882229283344 -12.921531416921802 71.9
    endloop
  endfacet
  facet normal 0.7409511253549487 -0.6715589548470299 0
    outer loop
      vertex 57.79791847198287 -12.79791847198287 75.9
      vertex 57.685882229283344 -12.921531416921802 71.9
      vertex 57.79791847198287 -12.79791847198287 71.9
    endloop
  endfacet
  facet normal 0.6715589548470189 -0.7409511253549588 0
    outer loop
      vertex 57.9215314169218 -12.685882229283347 75.9
      vertex 57.79791847198287 -12.79791847198287 71.9
      vertex 57.9215314169218 -12.685882229283347 71.9
    endloop
  endfacet
  facet normal 0.5956993044924241 -0.8032075314806518 0
    outer loop
      vertex 58.05553060386668 -12.586501659085673 75.9
      vertex 57.9215314169218 -12.685882229283347 71.9
      vertex 58.05553060386668 -12.586501659085673 71.9
    endloop
  endfacet
  facet normal 0.5141027441932232 -0.8577286100002712 0
    outer loop
      vertex 58.19862554739581 -12.500733850607796 75.9
      vertex 58.05553060386668 -12.586501659085673 71.9
      vertex 58.19862554739581 -12.500733850607796 71.9
    endloop
  endfacet
  facet normal 0.9700312531945459 -0.24298017990325618 0
    outer loop
      vertex 57.33266502331451 -13.668346452572582 75.9
      vertex 57.33266502331451 -13.668346452572582 71.9
      vertex 57.34929117506273 -13.601971134130766 75.9
    endloop
  endfacet
  facet normal 0.9700312531945469 -0.24298017990325202 -7.332144591295014e-17
    outer loop
      vertex 57.34929117506273 -13.601971134130766 75.9
      vertex 57.33266502331451 -13.668346452572582 71.9
      vertex 57.373201429255246 -13.506516048667415 75.9
    endloop
  endfacet
  facet normal 0.9415440651830207 -0.3368898533922202 0
    outer loop
      vertex 57.373201429255246 -13.506516048667415 75.9
      vertex 57.373201429255246 -13.506516048667415 71.9
      vertex 57.429404794730814 -13.349438164979347 75.9
    endloop
  endfacet
  facet normal 0.903989293123333 -0.42755509343051556 0
    outer loop
      vertex 57.429404794730814 -13.349438164979347 75.9
      vertex 57.429404794730814 -13.349438164979347 71.9
      vertex 57.43136783013304 -13.345287675339762 75.9
    endloop
  endfacet
  facet normal 0.9039892931234563 -0.4275550934302548 -3.311859076224763e-16
    outer loop
      vertex 57.43136783013304 -13.345287675339762 75.9
      vertex 57.429404794730814 -13.349438164979347 71.9
      vertex 57.500733850607794 -13.198625547395803 75.9
    endloop
  endfacet
  facet normal 0.857728610000273 -0.51410274419322 0
    outer loop
      vertex 57.500733850607794 -13.198625547395803 75.9
      vertex 57.500733850607794 -13.198625547395803 71.9
      vertex 57.58650165908567 -13.055530603866677 75.9
    endloop
  endfacet
  facet normal 0.8032075314806479 -0.5956993044924292 0
    outer loop
      vertex 57.58650165908567 -13.055530603866677 75.9
      vertex 57.58650165908567 -13.055530603866677 71.9
      vertex 57.685882229283344 -12.921531416921802 75.9
    endloop
  endfacet
  facet normal 0.7409511253549487 -0.6715589548470299 0
    outer loop
      vertex 57.685882229283344 -12.921531416921802 75.9
      vertex 57.685882229283344 -12.921531416921802 71.9
      vertex 57.79791847198287 -12.79791847198287 75.9
    endloop
  endfacet
  facet normal 0.6715589548470189 -0.7409511253549588 0
    outer loop
      vertex 57.79791847198287 -12.79791847198287 75.9
      vertex 57.79791847198287 -12.79791847198287 71.9
      vertex 57.9215314169218 -12.685882229283347 75.9
    endloop
  endfacet
  facet normal 0.5956993044924241 -0.8032075314806518 0
    outer loop
      vertex 57.9215314169218 -12.685882229283347 75.9
      vertex 57.9215314169218 -12.685882229283347 71.9
      vertex 58.05553060386668 -12.586501659085673 75.9
    endloop
  endfacet
  facet normal 0.5141027441932232 -0.8577286100002712 0
    outer loop
      vertex 58.05553060386668 -12.586501659085673 75.9
      vertex 58.05553060386668 -12.586501659085673 71.9
      vertex 58.19862554739581 -12.500733850607796 75.9
    endloop
  endfacet
  facet normal 0.4275550934302876 -0.9039892931234408 0
    outer loop
      vertex 58.19862554739581 -12.500733850607796 75.9
      vertex 58.19862554739581 -12.500733850607796 71.9
      vertex 58.34943816497935 -12.429404794730813 75.9
    endloop
  endfacet
  facet normal -0.857728610000273 0.51410274419322 0
    outer loop
      vertex 60.41349834091433 -14.944469396133323 75.9
      vertex 60.499266149392206 -14.801374452604197 71.9
      vertex 60.41349834091433 -14.944469396133323 71.9
    endloop
  endfacet
  facet normal -0.8032075314806479 0.5956993044924292 2.0130710149317673e-19
    outer loop
      vertex 60.314117770716656 -15.078468583078198 75.9
      vertex 60.41349834091433 -14.944469396133323 75.9
      vertex 60.41349834091433 -14.944469396133323 71.9
    endloop
  endfacet
  facet normal -0.5141027441932232 -0.8577286100002712 0
    outer loop
      vertex 59.94446939613332 -12.586501659085673 75.9
      vertex 59.80137445260419 -12.500733850607796 71.9
      vertex 59.94446939613332 -12.586501659085673 71.9
    endloop
  endfacet
  facet normal -0.5956993044924241 -0.8032075314806518 0
    outer loop
      vertex 60.0784685830782 -12.685882229283347 75.9
      vertex 59.94446939613332 -12.586501659085673 71.9
      vertex 60.0784685830782 -12.685882229283347 71.9
    endloop
  endfacet
  facet normal -0.6715589548470189 -0.7409511253549588 0
    outer loop
      vertex 60.20208152801713 -12.79791847198287 75.9
      vertex 60.0784685830782 -12.685882229283347 71.9
      vertex 60.20208152801713 -12.79791847198287 71.9
    endloop
  endfacet
  facet normal -0.7409511253549487 -0.6715589548470299 0
    outer loop
      vertex 60.314117770716656 -12.921531416921802 75.9
      vertex 60.20208152801713 -12.79791847198287 71.9
      vertex 60.314117770716656 -12.921531416921802 71.9
    endloop
  endfacet
  facet normal -0.8032075314806479 -0.5956993044924292 0
    outer loop
      vertex 60.41349834091433 -13.055530603866677 75.9
      vertex 60.314117770716656 -12.921531416921802 71.9
      vertex 60.41349834091433 -13.055530603866677 71.9
    endloop
  endfacet
  facet normal -0.5141027441932232 -0.8577286100002712 -3.293355540867808e-19
    outer loop
      vertex 59.94446939613332 -12.586501659085673 75.9
      vertex 59.80137445260419 -12.500733850607796 75.9
      vertex 59.80137445260419 -12.500733850607796 71.9
    endloop
  endfacet
  facet normal -0.5956993044924241 -0.8032075314806518 0
    outer loop
      vertex 59.94446939613332 -12.586501659085673 75.9
      vertex 59.94446939613332 -12.586501659085673 71.9
      vertex 60.0784685830782 -12.685882229283347 75.9
    endloop
  endfacet
  facet normal -0.6715589548470189 -0.7409511253549588 0
    outer loop
      vertex 60.0784685830782 -12.685882229283347 75.9
      vertex 60.0784685830782 -12.685882229283347 71.9
      vertex 60.20208152801713 -12.79791847198287 75.9
    endloop
  endfacet
  facet normal -0.7409511253549487 -0.6715589548470299 5.740265496105773e-19
    outer loop
      vertex 60.314117770716656 -12.921531416921802 75.9
      vertex 60.20208152801713 -12.79791847198287 75.9
      vertex 60.20208152801713 -12.79791847198287 71.9
    endloop
  endfacet
  facet normal -0.857728610000273 -0.51410274419322 5.946905358757322e-19
    outer loop
      vertex 60.499266149392206 -13.198625547395803 75.9
      vertex 60.41349834091433 -13.055530603866677 75.9
      vertex 60.41349834091433 -13.055530603866677 71.9
    endloop
  endfacet
  facet normal -0.8032075314806479 -0.5956993044924292 0
    outer loop
      vertex 60.314117770716656 -12.921531416921802 75.9
      vertex 60.314117770716656 -12.921531416921802 71.9
      vertex 60.41349834091433 -13.055530603866677 75.9
    endloop
  endfacet
  facet normal 0.4275550934302876 -0.9039892931234408 0
    outer loop
      vertex 58.34943816497935 -12.429404794730813 75.9
      vertex 58.19862554739581 -12.500733850607796 71.9
      vertex 58.34943816497935 -12.429404794730813 71.9
    endloop
  endfacet
  facet normal 0.3368898533922202 -0.9415440651830207 0
    outer loop
      vertex 58.506516048667415 -12.373201429255245 75.9
      vertex 58.34943816497935 -12.429404794730813 71.9
      vertex 58.506516048667415 -12.373201429255245 71.9
    endloop
  endfacet
  facet normal 0.24298017990325874 -0.9700312531945452 0
    outer loop
      vertex 58.668346452572585 -12.332665023314508 75.9
      vertex 58.506516048667415 -12.373201429255245 71.9
      vertex 58.668346452572585 -12.332665023314508 71.9
    endloop
  endfacet
  facet normal 0.14673047445536 -0.9891765099647811 0
    outer loop
      vertex 58.83337086143975 -12.308185964657266 75.9
      vertex 58.668346452572585 -12.332665023314508 71.9
      vertex 58.83337086143975 -12.308185964657266 71.9
    endloop
  endfacet
  facet normal 0.04906767432741787 -0.9987954562051724 0
    outer loop
      vertex 59 -12.3 75.9
      vertex 58.83337086143975 -12.308185964657266 71.9
      vertex 59 -12.3 71.9
    endloop
  endfacet
  facet normal -0.04906767432741787 -0.9987954562051724 0
    outer loop
      vertex 59.16662913856025 -12.308185964657266 75.9
      vertex 59 -12.3 71.9
      vertex 59.16662913856025 -12.308185964657266 71.9
    endloop
  endfacet
  facet normal -0.14673047445536 -0.9891765099647811 0
    outer loop
      vertex 59.331653547427415 -12.332665023314508 75.9
      vertex 59.16662913856025 -12.308185964657266 71.9
      vertex 59.331653547427415 -12.332665023314508 71.9
    endloop
  endfacet
  facet normal 0.3368898533922202 -0.9415440651830207 0
    outer loop
      vertex 58.34943816497935 -12.429404794730813 75.9
      vertex 58.34943816497935 -12.429404794730813 71.9
      vertex 58.506516048667415 -12.373201429255245 75.9
    endloop
  endfacet
  facet normal 0.24298017990325874 -0.9700312531945452 0
    outer loop
      vertex 58.506516048667415 -12.373201429255245 75.9
      vertex 58.506516048667415 -12.373201429255245 71.9
      vertex 58.668346452572585 -12.332665023314508 75.9
    endloop
  endfacet
  facet normal 0.14673047445536 -0.9891765099647811 0
    outer loop
      vertex 58.668346452572585 -12.332665023314508 75.9
      vertex 58.668346452572585 -12.332665023314508 71.9
      vertex 58.83337086143975 -12.308185964657266 75.9
    endloop
  endfacet
  facet normal 0.04906767432741787 -0.9987954562051724 0
    outer loop
      vertex 58.83337086143975 -12.308185964657266 75.9
      vertex 58.83337086143975 -12.308185964657266 71.9
      vertex 59 -12.3 75.9
    endloop
  endfacet
  facet normal -0.04906767432741787 -0.9987954562051724 0
    outer loop
      vertex 59 -12.3 75.9
      vertex 59 -12.3 71.9
      vertex 59.16662913856025 -12.308185964657266 75.9
    endloop
  endfacet
  facet normal -0.14673047445536 -0.9891765099647811 0
    outer loop
      vertex 59.16662913856025 -12.308185964657266 75.9
      vertex 59.16662913856025 -12.308185964657266 71.9
      vertex 59.331653547427415 -12.332665023314508 75.9
    endloop
  endfacet
  facet normal -0.24298017990325874 -0.9700312531945452 0
    outer loop
      vertex 59.493483951332585 -12.373201429255245 75.9
      vertex 59.331653547427415 -12.332665023314508 71.9
      vertex 59.493483951332585 -12.373201429255245 71.9
    endloop
  endfacet
  facet normal -0.3368898533922202 -0.9415440651830207 0
    outer loop
      vertex 59.65056183502065 -12.429404794730813 75.9
      vertex 59.493483951332585 -12.373201429255245 71.9
      vertex 59.65056183502065 -12.429404794730813 71.9
    endloop
  endfacet
  facet normal -0.4275550934302876 -0.9039892931234408 0
    outer loop
      vertex 59.80137445260419 -12.500733850607796 75.9
      vertex 59.65056183502065 -12.429404794730813 71.9
      vertex 59.80137445260419 -12.500733850607796 71.9
    endloop
  endfacet
  facet normal -0.24298017990325874 -0.9700312531945452 0
    outer loop
      vertex 59.331653547427415 -12.332665023314508 75.9
      vertex 59.331653547427415 -12.332665023314508 71.9
      vertex 59.493483951332585 -12.373201429255245 75.9
    endloop
  endfacet
  facet normal -0.3368898533922202 -0.9415440651830207 0
    outer loop
      vertex 59.493483951332585 -12.373201429255245 75.9
      vertex 59.493483951332585 -12.373201429255245 71.9
      vertex 59.65056183502065 -12.429404794730813 75.9
    endloop
  endfacet
  facet normal -0.4275550934302876 -0.9039892931234408 0
    outer loop
      vertex 59.65056183502065 -12.429404794730813 75.9
      vertex 59.65056183502065 -12.429404794730813 71.9
      vertex 59.80137445260419 -12.500733850607796 75.9
    endloop
  endfacet
  facet normal -0.9039892931234528 0.4275550934302619 0
    outer loop
      vertex 60.499266149392206 -14.801374452604197 75.9
      vertex 60.570595205269186 -14.650561835020653 71.9
      vertex 60.499266149392206 -14.801374452604197 71.9
    endloop
  endfacet
  facet normal -0.9415440651830207 0.3368898533922202 0
    outer loop
      vertex 60.570595205269186 -14.650561835020653 75.9
      vertex 60.626798570744754 -14.493483951332585 71.9
      vertex 60.570595205269186 -14.650561835020653 71.9
    endloop
  endfacet
  facet normal -0.9700312531945465 0.24298017990325374 0
    outer loop
      vertex 60.626798570744754 -14.493483951332585 75.9
      vertex 60.66733497668549 -14.331653547427418 71.9
      vertex 60.626798570744754 -14.493483951332585 71.9
    endloop
  endfacet
  facet normal -0.9891765099647755 0.14673047445539858 0
    outer loop
      vertex 60.66733497668549 -14.331653547427418 75.9
      vertex 60.69181403534274 -14.166629138560253 71.9
      vertex 60.66733497668549 -14.331653547427418 71.9
    endloop
  endfacet
  facet normal -0.9987954562051724 0.04906767432741787 0
    outer loop
      vertex 60.69181403534274 -14.166629138560253 75.9
      vertex 60.7 -14 71.9
      vertex 60.69181403534274 -14.166629138560253 71.9
    endloop
  endfacet
  facet normal -0.9987954562051724 -0.04906767432741787 0
    outer loop
      vertex 60.7 -14 75.9
      vertex 60.69181403534274 -13.833370861439747 71.9
      vertex 60.7 -14 71.9
    endloop
  endfacet
  facet normal -0.9891765099647755 -0.14673047445539858 0
    outer loop
      vertex 60.69181403534274 -13.833370861439747 75.9
      vertex 60.66733497668549 -13.668346452572582 71.9
      vertex 60.69181403534274 -13.833370861439747 71.9
    endloop
  endfacet
  facet normal -0.857728610000273 0.51410274419322 -5.946905358757322e-19
    outer loop
      vertex 60.41349834091433 -14.944469396133323 75.9
      vertex 60.499266149392206 -14.801374452604197 75.9
      vertex 60.499266149392206 -14.801374452604197 71.9
    endloop
  endfacet
  facet normal -0.9039892931234528 0.4275550934302619 -3.8419292598643933e-19
    outer loop
      vertex 60.499266149392206 -14.801374452604197 75.9
      vertex 60.570595205269186 -14.650561835020653 75.9
      vertex 60.570595205269186 -14.650561835020653 71.9
    endloop
  endfacet
  facet normal -0.9415440651830207 0.3368898533922202 5.252490042289651e-19
    outer loop
      vertex 60.570595205269186 -14.650561835020653 75.9
      vertex 60.626798570744754 -14.493483951332585 75.9
      vertex 60.626798570744754 -14.493483951332585 71.9
    endloop
  endfacet
  facet normal -0.9700312531945465 0.24298017990325374 9.941222818314107e-20
    outer loop
      vertex 60.626798570744754 -14.493483951332585 75.9
      vertex 60.66733497668549 -14.331653547427418 75.9
      vertex 60.66733497668549 -14.331653547427418 71.9
    endloop
  endfacet
  facet normal -0.9891765099647755 0.14673047445539858 3.2790482607323377e-19
    outer loop
      vertex 60.66733497668549 -14.331653547427418 75.9
      vertex 60.69181403534274 -14.166629138560253 75.9
      vertex 60.69181403534274 -14.166629138560253 71.9
    endloop
  endfacet
  facet normal -0.9987954562051724 0.04906767432741787 5.0878015108726047e-20
    outer loop
      vertex 60.69181403534274 -14.166629138560253 75.9
      vertex 60.7 -14 75.9
      vertex 60.7 -14 71.9
    endloop
  endfacet
  facet normal -0.9987954562051724 -0.04906767432741787 -5.0878015108726047e-20
    outer loop
      vertex 60.7 -14 75.9
      vertex 60.69181403534274 -13.833370861439747 75.9
      vertex 60.69181403534274 -13.833370861439747 71.9
    endloop
  endfacet
  facet normal -0.9700312531945465 -0.24298017990325374 0
    outer loop
      vertex 60.66733497668549 -13.668346452572582 75.9
      vertex 60.626798570744754 -13.506516048667415 71.9
      vertex 60.66733497668549 -13.668346452572582 71.9
    endloop
  endfacet
  facet normal -0.9415440651830207 -0.3368898533922202 0
    outer loop
      vertex 60.626798570744754 -13.506516048667415 75.9
      vertex 60.570595205269186 -13.349438164979347 71.9
      vertex 60.626798570744754 -13.506516048667415 71.9
    endloop
  endfacet
  facet normal -0.9039892931234528 -0.4275550934302619 0
    outer loop
      vertex 60.570595205269186 -13.349438164979347 75.9
      vertex 60.499266149392206 -13.198625547395803 71.9
      vertex 60.570595205269186 -13.349438164979347 71.9
    endloop
  endfacet
  facet normal -0.857728610000273 -0.51410274419322 0
    outer loop
      vertex 60.499266149392206 -13.198625547395803 75.9
      vertex 60.41349834091433 -13.055530603866677 71.9
      vertex 60.499266149392206 -13.198625547395803 71.9
    endloop
  endfacet
  facet normal -0.9891765099647755 -0.14673047445539858 -3.2790482607323377e-19
    outer loop
      vertex 60.69181403534274 -13.833370861439747 75.9
      vertex 60.66733497668549 -13.668346452572582 75.9
      vertex 60.66733497668549 -13.668346452572582 71.9
    endloop
  endfacet
  facet normal -0.9700312531945465 -0.24298017990325374 -9.941222818314107e-20
    outer loop
      vertex 60.66733497668549 -13.668346452572582 75.9
      vertex 60.626798570744754 -13.506516048667415 75.9
      vertex 60.626798570744754 -13.506516048667415 71.9
    endloop
  endfacet
  facet normal -0.9039892931234528 -0.4275550934302619 3.8419292598643933e-19
    outer loop
      vertex 60.570595205269186 -13.349438164979347 75.9
      vertex 60.499266149392206 -13.198625547395803 75.9
      vertex 60.499266149392206 -13.198625547395803 71.9
    endloop
  endfacet
  facet normal -0.9415440651830207 -0.3368898533922202 0
    outer loop
      vertex 60.570595205269186 -13.349438164979347 75.9
      vertex 60.570595205269186 -13.349438164979347 71.9
      vertex 60.626798570744754 -13.506516048667415 75.9
    endloop
  endfacet
  facet normal 0 0 1
    outer loop
      vertex 56.525126265847085 -16.474873734152915 75.9
      vertex 56.52800621225017 -16.416251078383212 75.9
      vertex 56.5 -16.447151171865578 75.9
    endloop
  endfacet
  facet normal 0 0 1
    outer loop
      vertex 56.525126265847085 -16.474873734152915 75.9
      vertex 56.77962350542724 -16.12048184873172 75.9
      vertex 56.52800621225017 -16.416251078383212 75.9
    endloop
  endfacet
  facet normal 0 0 1
    outer loop
      vertex 56.77962350542724 -16.70553658676958 75.9
      vertex 57.05550418443139 -16.91014364305891 75.9
      vertex 56.810404319343014 -16.078978725636215 75.9
    endloop
  endfacet
  facet normal 0 0 1
    outer loop
      vertex 56.525126265847085 -16.474873734152915 75.9
      vertex 56.77962350542724 -16.70553658676958 75.9
      vertex 56.77962350542724 -16.12048184873172 75.9
    endloop
  endfacet
  facet normal 0 0 1
    outer loop
      vertex 56.77962350542724 -16.70553658676958 75.9
      vertex 56.810404319343014 -16.078978725636215 75.9
      vertex 56.77962350542724 -16.12048184873172 75.9
    endloop
  endfacet
  facet normal 0.7409511253549621 0.6715589548470153 0
    outer loop
      vertex 56.525126265847085 -16.474873734152915 75.9
      vertex 56.5 -16.447151171865578 75.9
      vertex 56.525126265847085 -16.474873734152915 77.78098906121141
    endloop
  endfacet
  facet normal 0.7409511253549621 0.6715589548470153 0
    outer loop
      vertex 56.5 -16.447151171865578 75.9
      vertex 56.5 -16.447151171865578 77.8151802213658
      vertex 56.525126265847085 -16.474873734152915 77.78098906121141
    endloop
  endfacet
  facet normal 0.671558954847025 0.740951125354953 0
    outer loop
      vertex 56.525126265847085 -16.474873734152915 75.9
      vertex 56.525126265847085 -16.474873734152915 77.78098906121141
      vertex 56.77962350542724 -16.70553658676958 77.49650487631753
    endloop
  endfacet
  facet normal 0.514102744193221 0.8577286100002725 0
    outer loop
      vertex 57.05550418443139 -16.91014364305891 75.9
      vertex 57.05550418443139 -16.91014364305891 77.24415617356068
      vertex 57.350111421109006 -17.08672442521924 77.02637320889627
    endloop
  endfacet
  facet normal 0.671558954847025 0.740951125354953 -2.6360089131451763e-18
    outer loop
      vertex 56.525126265847085 -16.474873734152915 75.9
      vertex 56.77962350542724 -16.70553658676958 77.49650487631753
      vertex 56.77962350542724 -16.70553658676958 75.9
    endloop
  endfacet
  facet normal 0.5956993044924326 0.8032075314806456 6.956053395622874e-18
    outer loop
      vertex 56.77962350542724 -16.70553658676958 75.9
      vertex 57.05550418443139 -16.91014364305891 77.24415617356068
      vertex 57.05550418443139 -16.91014364305891 75.9
    endloop
  endfacet
  facet normal 0.5956993044924326 0.8032075314806455 0
    outer loop
      vertex 56.77962350542724 -16.70553658676958 75.9
      vertex 56.77962350542724 -16.70553658676958 77.49650487631753
      vertex 57.05550418443139 -16.91014364305891 77.24415617356068
    endloop
  endfacet
  facet normal 0 0 1
    outer loop
      vertex 56.52800621225017 -16.416251078383212 75.9
      vertex 56.77962350542724 -16.12048184873172 75.9
      vertex 56.77962350542724 -14.712302620401761 75.9
    endloop
  endfacet
  facet normal 0 0 1
    outer loop
      vertex 57.05550418443139 -16.91014364305891 75.9
      vertex 56.91014364305891 -14.04873815079926 75.9
      vertex 56.810404319343014 -16.078978725636215 75.9
    endloop
  endfacet
  facet normal 0 0 1
    outer loop
      vertex 57.05550418443139 -16.91014364305891 75.9
      vertex 57.22162761112844 -15.364659756818643 75.9
      vertex 57.12097405452743 -15.577473821906949 75.9
    endloop
  endfacet
  facet normal 0 0 1
    outer loop
      vertex 57.05550418443139 -16.91014364305891 75.9
      vertex 57.12097405452743 -15.577473821906949 75.9
      vertex 56.91014364305891 -14.04873815079926 75.9
    endloop
  endfacet
  facet normal 0 0 1
    outer loop
      vertex 57.05550418443139 -16.91014364305891 75.9
      vertex 57.350111421109006 -17.08672442521924 75.9
      vertex 57.22162761112844 -15.364659756818643 75.9
    endloop
  endfacet
  facet normal 0 0 1
    outer loop
      vertex 57.350111421109006 -17.08672442521924 75.9
      vertex 57.660607986722184 -17.233578363789505 75.9
      vertex 57.58650165908567 -14.944469396133323 75.9
    endloop
  endfacet
  facet normal 0.2429801799032602 0.970031253194545 1.3894990856324167e-19
    outer loop
      vertex 57.98400362960938 -17.34929117506273 75.9
      vertex 58.31718387294355 -17.432748481411306 76.5996102062594
      vertex 58.31718387294355 -17.432748481411306 75.9
    endloop
  endfacet
  facet normal 0 0 1
    outer loop
      vertex 57.660607986722184 -17.233578363789505 75.9
      vertex 57.98400362960938 -17.34929117506273 75.9
      vertex 57.9215314169218 -15.314117770716653 75.9
    endloop
  endfacet
  facet normal 0 0 1
    outer loop
      vertex 57.98400362960938 -17.34929117506273 75.9
      vertex 58.31718387294355 -17.432748481411306 75.9
      vertex 58.19862554739581 -15.499266149392204 75.9
    endloop
  endfacet
  facet normal 0.514102744193221 0.8577286100002726 1.1380269455374257e-18
    outer loop
      vertex 57.05550418443139 -16.91014364305891 75.9
      vertex 57.350111421109006 -17.08672442521924 77.02637320889627
      vertex 57.350111421109006 -17.08672442521924 75.9
    endloop
  endfacet
  facet normal 0.4275550934302871 0.9039892931234411 0
    outer loop
      vertex 57.350111421109006 -17.08672442521924 75.9
      vertex 57.350111421109006 -17.08672442521924 77.02637320889627
      vertex 57.660607986722184 -17.233578363789505 76.84525335132628
    endloop
  endfacet
  facet normal 0.427555093430287 0.903989293123441 6.184425806714498e-18
    outer loop
      vertex 57.350111421109006 -17.08672442521924 75.9
      vertex 57.660607986722184 -17.233578363789505 76.84525335132628
      vertex 57.660607986722184 -17.233578363789505 75.9
    endloop
  endfacet
  facet normal 0.3368898533922151 0.9415440651830225 -8.719081858048586e-18
    outer loop
      vertex 57.660607986722184 -17.233578363789505 75.9
      vertex 57.98400362960938 -17.34929117506273 76.7025408840893
      vertex 57.98400362960938 -17.34929117506273 75.9
    endloop
  endfacet
  facet normal 0.3368898533922152 0.9415440651830226 0
    outer loop
      vertex 57.660607986722184 -17.233578363789505 75.9
      vertex 57.660607986722184 -17.233578363789505 76.84525335132628
      vertex 57.98400362960938 -17.34929117506273 76.7025408840893
    endloop
  endfacet
  facet normal 0.24298017990326015 0.970031253194545 0
    outer loop
      vertex 57.98400362960938 -17.34929117506273 75.9
      vertex 57.98400362960938 -17.34929117506273 76.7025408840893
      vertex 58.31718387294355 -17.432748481411306 76.5996102062594
    endloop
  endfacet
  facet normal 0 0 1
    outer loop
      vertex 57.350111421109006 -17.08672442521924 75.9
      vertex 57.24135170286158 -15.18116206145815 75.9
      vertex 57.22162761112844 -15.364659756818643 75.9
    endloop
  endfacet
  facet normal 0 0 1
    outer loop
      vertex 57.350111421109006 -17.08672442521924 75.9
      vertex 57.33721237362585 -15.04975435892278 75.9
      vertex 57.24135170286158 -15.18116206145815 75.9
    endloop
  endfacet
  facet normal 0 0 1
    outer loop
      vertex 57.350111421109006 -17.08672442521924 75.9
      vertex 57.369258797997105 -14.936281151206662 75.9
      vertex 57.33721237362585 -15.04975435892278 75.9
    endloop
  endfacet
  facet normal 0 0 1
    outer loop
      vertex 57.660607986722184 -17.233578363789505 75.9
      vertex 57.79791847198287 -15.20208152801713 75.9
      vertex 57.685882229283344 -15.078468583078198 75.9
    endloop
  endfacet
  facet normal 0 0 1
    outer loop
      vertex 57.660607986722184 -17.233578363789505 75.9
      vertex 57.685882229283344 -15.078468583078198 75.9
      vertex 57.58650165908567 -14.944469396133323 75.9
    endloop
  endfacet
  facet normal 0 0 1
    outer loop
      vertex 57.350111421109006 -17.08672442521924 75.9
      vertex 57.42769880823714 -14.70297555240264 75.9
      vertex 57.369258797997105 -14.936281151206662 75.9
    endloop
  endfacet
  facet normal 0 0 1
    outer loop
      vertex 57.350111421109006 -17.08672442521924 75.9
      vertex 57.500733850607794 -14.801374452604197 75.9
      vertex 57.42769880823714 -14.70297555240264 75.9
    endloop
  endfacet
  facet normal 0 0 1
    outer loop
      vertex 57.350111421109006 -17.08672442521924 75.9
      vertex 57.58650165908567 -14.944469396133323 75.9
      vertex 57.500733850607794 -14.801374452604197 75.9
    endloop
  endfacet
  facet normal 0 0 1
    outer loop
      vertex 57.98400362960938 -17.34929117506273 75.9
      vertex 58.05553060386668 -15.413498340914327 75.9
      vertex 57.9215314169218 -15.314117770716653 75.9
    endloop
  endfacet
  facet normal 0 0 1
    outer loop
      vertex 57.660607986722184 -17.233578363789505 75.9
      vertex 57.9215314169218 -15.314117770716653 75.9
      vertex 57.79791847198287 -15.20208152801713 75.9
    endloop
  endfacet
  facet normal 0 0 1
    outer loop
      vertex 57.98400362960938 -17.34929117506273 75.9
      vertex 58.19862554739581 -15.499266149392204 75.9
      vertex 58.05553060386668 -15.413498340914327 75.9
    endloop
  endfacet
  facet normal 0.14673047445536283 0.9891765099647808 -6.363216102629379e-18
    outer loop
      vertex 58.31718387294355 -17.432748481411306 75.9
      vertex 58.65694000884654 -17.48314654335269 76.5374525965317
      vertex 58.65694000884654 -17.48314654335269 75.9
    endloop
  endfacet
  facet normal 0 0 1
    outer loop
      vertex 58.31718387294355 -17.432748481411306 75.9
      vertex 58.65694000884654 -17.48314654335269 75.9
      vertex 58.506516048667415 -15.626798570744755 75.9
    endloop
  endfacet
  facet normal 0 0 1
    outer loop
      vertex 58.65694000884654 -17.48314654335269 75.9
      vertex 58.668346452572585 -15.667334976685492 75.9
      vertex 58.506516048667415 -15.626798570744755 75.9
    endloop
  endfacet
  facet normal 0 0 1
    outer loop
      vertex 58.65694000884654 -17.48314654335269 75.9
      vertex 58.83337086143975 -15.691814035342734 75.9
      vertex 58.668346452572585 -15.667334976685492 75.9
    endloop
  endfacet
  facet normal 0.0490676743274195 0.9987954562051723 1.345414612013069e-18
    outer loop
      vertex 58.65694000884654 -17.48314654335269 75.9
      vertex 59 -17.5 76.51666666666667
      vertex 59 -17.5 75.9
    endloop
  endfacet
  facet normal 0 0 1
    outer loop
      vertex 58.65694000884654 -17.48314654335269 75.9
      vertex 59 -17.5 75.9
      vertex 58.83337086143975 -15.691814035342734 75.9
    endloop
  endfacet
  facet normal -0.0490676743274195 0.9987954562051723 0
    outer loop
      vertex 59 -17.5 75.9
      vertex 59 -17.5 76.51666666666667
      vertex 59.34305999115346 -17.48314654335269 75.9
    endloop
  endfacet
  facet normal 0 0 1
    outer loop
      vertex 59 -17.5 75.9
      vertex 59.34305999115346 -17.48314654335269 75.9
      vertex 59 -15.7 75.9
    endloop
  endfacet
  facet normal 0 0 1
    outer loop
      vertex 59 -17.5 75.9
      vertex 59 -15.7 75.9
      vertex 58.83337086143975 -15.691814035342734 75.9
    endloop
  endfacet
  facet normal 0 0 1
    outer loop
      vertex 59 -15.7 75.9
      vertex 59.34305999115346 -17.48314654335269 75.9
      vertex 59.16662913856025 -15.691814035342734 75.9
    endloop
  endfacet
  facet normal 0 0 1
    outer loop
      vertex 59.34305999115346 -17.48314654335269 75.9
      vertex 59.331653547427415 -15.667334976685492 75.9
      vertex 59.16662913856025 -15.691814035342734 75.9
    endloop
  endfacet
  facet normal 0.14673047445536286 0.9891765099647808 0
    outer loop
      vertex 58.31718387294355 -17.432748481411306 75.9
      vertex 58.31718387294355 -17.432748481411306 76.5996102062594
      vertex 58.65694000884654 -17.48314654335269 76.5374525965317
    endloop
  endfacet
  facet normal 0.04906767432741949 0.9987954562051723 0
    outer loop
      vertex 58.65694000884654 -17.48314654335269 75.9
      vertex 58.65694000884654 -17.48314654335269 76.5374525965317
      vertex 59 -17.5 76.51666666666667
    endloop
  endfacet
  facet normal -0.04906767432741949 0.9987954562051723 0
    outer loop
      vertex 59.34305999115346 -17.48314654335269 75.9
      vertex 59 -17.5 76.51666666666667
      vertex 59.34305999115346 -17.48314654335269 76.5374525965317
    endloop
  endfacet
  facet normal 0 0 1
    outer loop
      vertex 58.31718387294355 -17.432748481411306 75.9
      vertex 58.34943816497935 -15.570595205269187 75.9
      vertex 58.19862554739581 -15.499266149392204 75.9
    endloop
  endfacet
  facet normal 0 0 1
    outer loop
      vertex 58.31718387294355 -17.432748481411306 75.9
      vertex 58.506516048667415 -15.626798570744755 75.9
      vertex 58.34943816497935 -15.570595205269187 75.9
    endloop
  endfacet
  facet normal -0.14673047445536283 0.9891765099647808 0
    outer loop
      vertex 59.34305999115346 -17.48314654335269 75.9
      vertex 59.34305999115346 -17.48314654335269 76.5374525965317
      vertex 59.68281612705645 -17.432748481411306 75.9
    endloop
  endfacet
  facet normal -0.2429801799032602 0.970031253194545 0
    outer loop
      vertex 59.68281612705645 -17.432748481411306 75.9
      vertex 59.68281612705645 -17.432748481411306 76.5996102062594
      vertex 60.01599637039062 -17.34929117506273 75.9
    endloop
  endfacet
  facet normal 0 0 1
    outer loop
      vertex 59.34305999115346 -17.48314654335269 75.9
      vertex 59.68281612705645 -17.432748481411306 75.9
      vertex 59.331653547427415 -15.667334976685492 75.9
    endloop
  endfacet
  facet normal 0 0 1
    outer loop
      vertex 59.68281612705645 -17.432748481411306 75.9
      vertex 60.01599637039062 -17.34929117506273 75.9
      vertex 59.65056183502065 -15.570595205269187 75.9
    endloop
  endfacet
  facet normal 0 0 1
    outer loop
      vertex 60.01599637039062 -17.34929117506273 75.9
      vertex 60.339392013277816 -17.233578363789505 75.9
      vertex 60.0784685830782 -15.314117770716653 75.9
    endloop
  endfacet
  facet normal -0.14673047445536286 0.9891765099647808 0
    outer loop
      vertex 59.68281612705645 -17.432748481411306 75.9
      vertex 59.34305999115346 -17.48314654335269 76.5374525965317
      vertex 59.68281612705645 -17.432748481411306 76.5996102062594
    endloop
  endfacet
  facet normal -0.24298017990326015 0.970031253194545 0
    outer loop
      vertex 60.01599637039062 -17.34929117506273 75.9
      vertex 59.68281612705645 -17.432748481411306 76.5996102062594
      vertex 60.01599637039062 -17.34929117506273 76.7025408840893
    endloop
  endfacet
  facet normal -0.3368898533922151 0.9415440651830225 0
    outer loop
      vertex 60.01599637039062 -17.34929117506273 75.9
      vertex 60.01599637039062 -17.34929117506273 76.7025408840893
      vertex 60.339392013277816 -17.233578363789505 75.9
    endloop
  endfacet
  facet normal -0.3368898533922152 0.9415440651830226 0
    outer loop
      vertex 60.339392013277816 -17.233578363789505 75.9
      vertex 60.01599637039062 -17.34929117506273 76.7025408840893
      vertex 60.339392013277816 -17.233578363789505 76.84525335132628
    endloop
  endfacet
  facet normal -0.427555093430287 0.903989293123441 0
    outer loop
      vertex 60.339392013277816 -17.233578363789505 75.9
      vertex 60.339392013277816 -17.233578363789505 76.84525335132628
      vertex 60.649888578890994 -17.08672442521924 75.9
    endloop
  endfacet
  facet normal 0 0 1
    outer loop
      vertex 59.68281612705645 -17.432748481411306 75.9
      vertex 59.493483951332585 -15.626798570744755 75.9
      vertex 59.331653547427415 -15.667334976685492 75.9
    endloop
  endfacet
  facet normal 0 0 1
    outer loop
      vertex 59.68281612705645 -17.432748481411306 75.9
      vertex 59.65056183502065 -15.570595205269187 75.9
      vertex 59.493483951332585 -15.626798570744755 75.9
    endloop
  endfacet
  facet normal 0 0 1
    outer loop
      vertex 59.65056183502065 -15.570595205269187 75.9
      vertex 60.01599637039062 -17.34929117506273 75.9
      vertex 59.80137445260419 -15.499266149392204 75.9
    endloop
  endfacet
  facet normal 0 0 1
    outer loop
      vertex 59.80137445260419 -15.499266149392204 75.9
      vertex 60.01599637039062 -17.34929117506273 75.9
      vertex 59.94446939613332 -15.413498340914327 75.9
    endloop
  endfacet
  facet normal 0 0 1
    outer loop
      vertex 59.94446939613332 -15.413498340914327 75.9
      vertex 60.01599637039062 -17.34929117506273 75.9
      vertex 60.0784685830782 -15.314117770716653 75.9
    endloop
  endfacet
  facet normal 0 0 1
    outer loop
      vertex 60.339392013277816 -17.233578363789505 75.9
      vertex 60.20208152801713 -15.20208152801713 75.9
      vertex 60.0784685830782 -15.314117770716653 75.9
    endloop
  endfacet
  facet normal 0 0 1
    outer loop
      vertex 60.339392013277816 -17.233578363789505 75.9
      vertex 60.314117770716656 -15.078468583078198 75.9
      vertex 60.20208152801713 -15.20208152801713 75.9
    endloop
  endfacet
  facet normal 0 0 1
    outer loop
      vertex 60.339392013277816 -17.233578363789505 75.9
      vertex 60.41349834091433 -14.944469396133323 75.9
      vertex 60.314117770716656 -15.078468583078198 75.9
    endloop
  endfacet
  facet normal 0 0 1
    outer loop
      vertex 56.52800621225017 -16.416251078383212 75.9
      vertex 56.77962350542724 -14.712302620401761 75.9
      vertex 56.70553658676958 -12.802537287401417 75.9
    endloop
  endfacet
  facet normal 0 0 1
    outer loop
      vertex 57.12097405452743 -15.577473821906949 75.9
      vertex 57.05550418443139 -12.985614021710449 75.9
      vertex 56.91014364305891 -14.04873815079926 75.9
    endloop
  endfacet
  facet normal 0 0 1
    outer loop
      vertex 57.12097405452743 -15.577473821906949 75.9
      vertex 57.26056518437395 -12.736031097580518 75.9
      vertex 57.05550418443139 -12.985614021710449 75.9
    endloop
  endfacet
  facet normal 0 0 1
    outer loop
      vertex 56.525126265847085 -15.451959952178616 75.9
      vertex 56.70553658676958 -12.802537287401417 75.9
      vertex 56.525126265847085 -11.525126265847083 75.9
    endloop
  endfacet
  facet normal 0 0 1
    outer loop
      vertex 56.525126265847085 -15.451959952178616 75.9
      vertex 56.525126265847085 -11.525126265847083 75.9
      vertex 56.522542471283835 -11.577720612428983 75.9
    endloop
  endfacet
  facet normal 0 0 1
    outer loop
      vertex 56.77962350542724 -14.712302620401761 75.9
      vertex 56.91014364305891 -14.04873815079926 75.9
      vertex 57.0006470038766 -12.206499919722262 75.9
    endloop
  endfacet
  facet normal 0 0 1
    outer loop
      vertex 56.70553658676958 -12.802537287401417 75.9
      vertex 56.77962350542724 -14.712302620401761 75.9
      vertex 56.77962350542724 -11.294463413230421 75.9
    endloop
  endfacet
  facet normal 0 0 1
    outer loop
      vertex 56.77962350542724 -14.712302620401761 75.9
      vertex 57.0006470038766 -12.206499919722262 75.9
      vertex 56.77962350542724 -11.294463413230421 75.9
    endloop
  endfacet
  facet normal 0 0 1
    outer loop
      vertex 57.33721237362585 -15.04975435892278 75.9
      vertex 57.369258797997105 -14.936281151206662 75.9
      vertex 57.37281201956511 -14.53721858161006 75.9
    endloop
  endfacet
  facet normal 0 0 1
    outer loop
      vertex 57.500733850607794 -14.801374452604197 75.9
      vertex 57.43274848141131 -14.657631466525862 75.9
      vertex 57.42769880823714 -14.70297555240264 75.9
    endloop
  endfacet
  facet normal 0 0 1
    outer loop
      vertex 57.33721237362585 -15.04975435892278 75.9
      vertex 57.37281201956511 -14.53721858161006 75.9
      vertex 57.34929117506273 -14.398028865869234 75.9
    endloop
  endfacet
  facet normal 0 0 1
    outer loop
      vertex 57.33517961763317 -13.27125098000488 75.9
      vertex 57.34929117506273 -13.601971134130766 75.9
      vertex 57.369258797997105 -13.063718848793338 75.9
    endloop
  endfacet
  facet normal 0 0 1
    outer loop
      vertex 57.43136783013304 -13.345287675339762 75.9
      vertex 57.500733850607794 -13.198625547395803 75.9
      vertex 57.42769880823714 -13.29702444759736 75.9
    endloop
  endfacet
  facet normal 0 0 1
    outer loop
      vertex 57.30030676317769 -13.981104239864505 75.9
      vertex 57.33517961763317 -13.27125098000488 75.9
      vertex 57.350111421109006 -10.913275574780757 75.9
    endloop
  endfacet
  facet normal 0 0 1
    outer loop
      vertex 57.30030676317769 -13.981104239864505 75.9
      vertex 57.350111421109006 -10.913275574780757 75.9
      vertex 57.26056518437395 -12.736031097580518 75.9
    endloop
  endfacet
  facet normal 0 0 1
    outer loop
      vertex 56.5 -11.552848828134419 75.9
      vertex 56.522542471283835 -11.577720612428983 75.9
      vertex 56.525126265847085 -11.525126265847083 75.9
    endloop
  endfacet
  facet normal 0 0 1
    outer loop
      vertex 57.05550418443139 -12.985614021710449 75.9
      vertex 57.26056518437395 -12.736031097580518 75.9
      vertex 57.05550418443139 -11.089856356941091 75.9
    endloop
  endfacet
  facet normal 0 0 1
    outer loop
      vertex 57.05550418443139 -12.985614021710449 75.9
      vertex 57.05550418443139 -11.089856356941091 75.9
      vertex 57.0006470038766 -12.206499919722262 75.9
    endloop
  endfacet
  facet normal 0 0 1
    outer loop
      vertex 56.70553658676958 -12.802537287401417 75.9
      vertex 56.77962350542724 -11.294463413230421 75.9
      vertex 56.525126265847085 -11.525126265847083 75.9
    endloop
  endfacet
  facet normal 0 0 1
    outer loop
      vertex 57.0006470038766 -12.206499919722262 75.9
      vertex 57.05550418443139 -11.089856356941091 75.9
      vertex 56.77962350542724 -11.294463413230421 75.9
    endloop
  endfacet
  facet normal 0 0 1
    outer loop
      vertex 57.42769880823714 -13.29702444759736 75.9
      vertex 57.350111421109006 -10.913275574780757 75.9
      vertex 57.369258797997105 -13.063718848793338 75.9
    endloop
  endfacet
  facet normal 0 0 1
    outer loop
      vertex 57.33517961763317 -13.27125098000488 75.9
      vertex 57.369258797997105 -13.063718848793338 75.9
      vertex 57.350111421109006 -10.913275574780757 75.9
    endloop
  endfacet
  facet normal 0 0 1
    outer loop
      vertex 57.42769880823714 -13.29702444759736 75.9
      vertex 57.500733850607794 -13.198625547395803 75.9
      vertex 57.350111421109006 -10.913275574780757 75.9
    endloop
  endfacet
  facet normal 0 0 1
    outer loop
      vertex 57.500733850607794 -13.198625547395803 75.9
      vertex 57.58650165908567 -13.055530603866677 75.9
      vertex 57.350111421109006 -10.913275574780757 75.9
    endloop
  endfacet
  facet normal 0 0 1
    outer loop
      vertex 57.58650165908567 -13.055530603866677 75.9
      vertex 57.685882229283344 -12.921531416921802 75.9
      vertex 57.660607986722184 -10.766421636210497 75.9
    endloop
  endfacet
  facet normal 0 0 1
    outer loop
      vertex 57.685882229283344 -12.921531416921802 75.9
      vertex 57.79791847198287 -12.79791847198287 75.9
      vertex 57.660607986722184 -10.766421636210497 75.9
    endloop
  endfacet
  facet normal 0 0 1
    outer loop
      vertex 57.26056518437395 -12.736031097580518 75.9
      vertex 57.350111421109006 -10.913275574780757 75.9
      vertex 57.05550418443139 -11.089856356941091 75.9
    endloop
  endfacet
  facet normal 0 0 1
    outer loop
      vertex 57.58650165908567 -13.055530603866677 75.9
      vertex 57.660607986722184 -10.766421636210497 75.9
      vertex 57.350111421109006 -10.913275574780757 75.9
    endloop
  endfacet
  facet normal 0 0 1
    outer loop
      vertex 57.79791847198287 -12.79791847198287 75.9
      vertex 57.9215314169218 -12.685882229283347 75.9
      vertex 57.660607986722184 -10.766421636210497 75.9
    endloop
  endfacet
  facet normal 0 0 1
    outer loop
      vertex 57.9215314169218 -12.685882229283347 75.9
      vertex 58.05553060386668 -12.586501659085673 75.9
      vertex 57.98400362960938 -10.650708824937269 75.9
    endloop
  endfacet
  facet normal 0 0 1
    outer loop
      vertex 58.05553060386668 -12.586501659085673 75.9
      vertex 58.19862554739581 -12.500733850607796 75.9
      vertex 57.98400362960938 -10.650708824937269 75.9
    endloop
  endfacet
  facet normal 0 0 1
    outer loop
      vertex 57.9215314169218 -12.685882229283347 75.9
      vertex 57.98400362960938 -10.650708824937269 75.9
      vertex 57.660607986722184 -10.766421636210497 75.9
    endloop
  endfacet
  facet normal 0 0 1
    outer loop
      vertex 58.19862554739581 -12.500733850607796 75.9
      vertex 58.34943816497935 -12.429404794730813 75.9
      vertex 57.98400362960938 -10.650708824937269 75.9
    endloop
  endfacet
  facet normal 0 0 1
    outer loop
      vertex 58.34943816497935 -12.429404794730813 75.9
      vertex 58.31718387294355 -10.567251518588694 75.9
      vertex 57.98400362960938 -10.650708824937269 75.9
    endloop
  endfacet
  facet normal 0 0 1
    outer loop
      vertex 58.34943816497935 -12.429404794730813 75.9
      vertex 58.506516048667415 -12.373201429255245 75.9
      vertex 58.31718387294355 -10.567251518588694 75.9
    endloop
  endfacet
  facet normal 0 0 1
    outer loop
      vertex 58.31718387294355 -10.567251518588694 75.9
      vertex 58.506516048667415 -12.373201429255245 75.9
      vertex 58.668346452572585 -12.332665023314508 75.9
    endloop
  endfacet
  facet normal 0 0 1
    outer loop
      vertex 58.668346452572585 -12.332665023314508 75.9
      vertex 58.83337086143975 -12.308185964657266 75.9
      vertex 58.65694000884654 -10.516853456647311 75.9
    endloop
  endfacet
  facet normal 0 0 1
    outer loop
      vertex 58.83337086143975 -12.308185964657266 75.9
      vertex 59 -12.3 75.9
      vertex 58.65694000884654 -10.516853456647311 75.9
    endloop
  endfacet
  facet normal 0 0 1
    outer loop
      vertex 59 -12.3 75.9
      vertex 59.16662913856025 -12.308185964657266 75.9
      vertex 59 -10.5 75.9
    endloop
  endfacet
  facet normal 0 0 1
    outer loop
      vertex 59.16662913856025 -12.308185964657266 75.9
      vertex 59.331653547427415 -12.332665023314508 75.9
      vertex 59.34305999115346 -10.516853456647311 75.9
    endloop
  endfacet
  facet normal 0 0 1
    outer loop
      vertex 58.31718387294355 -10.567251518588694 75.9
      vertex 58.668346452572585 -12.332665023314508 75.9
      vertex 58.65694000884654 -10.516853456647311 75.9
    endloop
  endfacet
  facet normal 0 0 1
    outer loop
      vertex 59 -12.3 75.9
      vertex 59 -10.5 75.9
      vertex 58.65694000884654 -10.516853456647311 75.9
    endloop
  endfacet
  facet normal 0 0 1
    outer loop
      vertex 59.16662913856025 -12.308185964657266 75.9
      vertex 59.34305999115346 -10.516853456647311 75.9
      vertex 59 -10.5 75.9
    endloop
  endfacet
  facet normal 0 0 1
    outer loop
      vertex 59.331653547427415 -12.332665023314508 75.9
      vertex 59.493483951332585 -12.373201429255245 75.9
      vertex 59.34305999115346 -10.516853456647311 75.9
    endloop
  endfacet
  facet normal 0 0 1
    outer loop
      vertex 59.493483951332585 -12.373201429255245 75.9
      vertex 59.65056183502065 -12.429404794730813 75.9
      vertex 59.68281612705645 -10.567251518588694 75.9
    endloop
  endfacet
  facet normal 0 0 1
    outer loop
      vertex 59.65056183502065 -12.429404794730813 75.9
      vertex 59.80137445260419 -12.500733850607796 75.9
      vertex 59.68281612705645 -10.567251518588694 75.9
    endloop
  endfacet
  facet normal 0 0 1
    outer loop
      vertex 59.94446939613332 -12.586501659085673 75.9
      vertex 60.01599637039062 -10.650708824937269 75.9
      vertex 59.80137445260419 -12.500733850607796 75.9
    endloop
  endfacet
  facet normal 0 0 1
    outer loop
      vertex 59.94446939613332 -12.586501659085673 75.9
      vertex 60.0784685830782 -12.685882229283347 75.9
      vertex 60.01599637039062 -10.650708824937269 75.9
    endloop
  endfacet
  facet normal 0 0 1
    outer loop
      vertex 60.314117770716656 -12.921531416921802 75.9
      vertex 60.41349834091433 -13.055530603866677 75.9
      vertex 60.339392013277816 -10.766421636210497 75.9
    endloop
  endfacet
  facet normal 0 0 1
    outer loop
      vertex 60.0784685830782 -12.685882229283347 75.9
      vertex 60.20208152801713 -12.79791847198287 75.9
      vertex 60.339392013277816 -10.766421636210497 75.9
    endloop
  endfacet
  facet normal 0 0 1
    outer loop
      vertex 60.314117770716656 -12.921531416921802 75.9
      vertex 60.339392013277816 -10.766421636210497 75.9
      vertex 60.20208152801713 -12.79791847198287 75.9
    endloop
  endfacet
  facet normal 0 0 1
    outer loop
      vertex 60.0784685830782 -12.685882229283347 75.9
      vertex 60.339392013277816 -10.766421636210497 75.9
      vertex 60.01599637039062 -10.650708824937269 75.9
    endloop
  endfacet
  facet normal 0 0 1
    outer loop
      vertex 59.493483951332585 -12.373201429255245 75.9
      vertex 59.68281612705645 -10.567251518588694 75.9
      vertex 59.34305999115346 -10.516853456647311 75.9
    endloop
  endfacet
  facet normal 0 0 1
    outer loop
      vertex 59.80137445260419 -12.500733850607796 75.9
      vertex 60.01599637039062 -10.650708824937269 75.9
      vertex 59.68281612705645 -10.567251518588694 75.9
    endloop
  endfacet
  facet normal 0.7409511253549405 -0.6715589548470389 0
    outer loop
      vertex 56.5 -11.552848828134419 75.9
      vertex 56.525126265847085 -11.525126265847083 75.9
      vertex 56.5 -11.552848828134419 83.85148644530089
    endloop
  endfacet
  facet normal 0.6715589548470222 -0.7409511253549557 0
    outer loop
      vertex 56.525126265847085 -11.525126265847083 75.9
      vertex 56.77962350542724 -11.294463413230421 75.9
      vertex 56.525126265847085 -11.525126265847083 83.88567760545527
    endloop
  endfacet
  facet normal 0.5956993044924325 -0.8032075314806456 0
    outer loop
      vertex 56.77962350542724 -11.294463413230421 75.9
      vertex 57.05550418443139 -11.089856356941091 75.9
      vertex 56.77962350542724 -11.294463413230421 84.17016179034916
    endloop
  endfacet
  facet normal 0.5141027441932248 -0.8577286100002702 0
    outer loop
      vertex 57.05550418443139 -11.089856356941091 75.9
      vertex 57.350111421109006 -10.913275574780757 75.9
      vertex 57.05550418443139 -11.089856356941091 84.42251049310599
    endloop
  endfacet
  facet normal 0.4275550934302786 -0.903989293123445 0
    outer loop
      vertex 57.350111421109006 -10.913275574780757 75.9
      vertex 57.660607986722184 -10.766421636210497 75.9
      vertex 57.350111421109006 -10.913275574780757 84.6402934577704
    endloop
  endfacet
  facet normal 0.3368898533922198 -0.941544065183021 0
    outer loop
      vertex 57.660607986722184 -10.766421636210497 75.9
      vertex 57.98400362960938 -10.650708824937269 75.9
      vertex 57.660607986722184 -10.766421636210497 84.8214133153404
    endloop
  endfacet
  facet normal 0.2429801799032602 -0.970031253194545 0
    outer loop
      vertex 57.98400362960938 -10.650708824937269 75.9
      vertex 58.31718387294355 -10.567251518588694 75.9
      vertex 57.98400362960938 -10.650708824937269 84.96412578257737
    endloop
  endfacet
  facet normal 0.7409511253549405 -0.6715589548470389 0
    outer loop
      vertex 56.525126265847085 -11.525126265847083 75.9
      vertex 56.525126265847085 -11.525126265847083 83.88567760545527
      vertex 56.5 -11.552848828134419 83.85148644530089
    endloop
  endfacet
  facet normal 0.6715589548470222 -0.7409511253549556 0
    outer loop
      vertex 56.77962350542724 -11.294463413230421 75.9
      vertex 56.77962350542724 -11.294463413230421 84.17016179034916
      vertex 56.525126265847085 -11.525126265847083 83.88567760545527
    endloop
  endfacet
  facet normal 0.5956993044924326 -0.8032075314806456 0
    outer loop
      vertex 57.05550418443139 -11.089856356941091 75.9
      vertex 57.05550418443139 -11.089856356941091 84.42251049310599
      vertex 56.77962350542724 -11.294463413230421 84.17016179034916
    endloop
  endfacet
  facet normal 0.5141027441932249 -0.8577286100002703 0
    outer loop
      vertex 57.350111421109006 -10.913275574780757 75.9
      vertex 57.350111421109006 -10.913275574780757 84.6402934577704
      vertex 57.05550418443139 -11.089856356941091 84.42251049310599
    endloop
  endfacet
  facet normal 0.42755509343027853 -0.9039892931234449 0
    outer loop
      vertex 57.660607986722184 -10.766421636210497 75.9
      vertex 57.660607986722184 -10.766421636210497 84.8214133153404
      vertex 57.350111421109006 -10.913275574780757 84.6402934577704
    endloop
  endfacet
  facet normal 0.3368898533922197 -0.9415440651830209 0
    outer loop
      vertex 57.98400362960938 -10.650708824937269 75.9
      vertex 57.98400362960938 -10.650708824937269 84.96412578257737
      vertex 57.660607986722184 -10.766421636210497 84.8214133153404
    endloop
  endfacet
  facet normal 0.2429801799032602 -0.9700312531945449 0
    outer loop
      vertex 58.31718387294355 -10.567251518588694 75.9
      vertex 58.31718387294355 -10.567251518588694 85.06705646040727
      vertex 57.98400362960938 -10.650708824937269 84.96412578257737
    endloop
  endfacet
  facet normal 0.14673047445536286 -0.9891765099647808 0
    outer loop
      vertex 58.31718387294355 -10.567251518588694 75.9
      vertex 58.65694000884654 -10.516853456647311 75.9
      vertex 58.31718387294355 -10.567251518588694 85.06705646040727
    endloop
  endfacet
  facet normal 0.0490676743274195 -0.9987954562051724 0
    outer loop
      vertex 58.65694000884654 -10.516853456647311 75.9
      vertex 59 -10.5 75.9
      vertex 58.65694000884654 -10.516853456647311 85.12921407013498
    endloop
  endfacet
  facet normal -0.0490676743274195 -0.9987954562051724 8.98963159560328e-20
    outer loop
      vertex 59 -10.5 75.9
      vertex 59.34305999115346 -10.516853456647311 75.9
      vertex 59.34305999115346 -10.516853456647311 85.12921407013498
    endloop
  endfacet
  facet normal -0.14673047445536286 -0.9891765099647808 -4.424810346082602e-19
    outer loop
      vertex 59.34305999115346 -10.516853456647311 75.9
      vertex 59.68281612705645 -10.567251518588694 75.9
      vertex 59.68281612705645 -10.567251518588694 85.06705646040727
    endloop
  endfacet
  facet normal -0.2429801799032602 -0.970031253194545 1.0724782126976584e-20
    outer loop
      vertex 59.68281612705645 -10.567251518588694 75.9
      vertex 60.01599637039062 -10.650708824937269 75.9
      vertex 60.01599637039062 -10.650708824937269 84.96412578257737
    endloop
  endfacet
  facet normal -0.3368898533922198 -0.941544065183021 -3.071849089014779e-19
    outer loop
      vertex 60.01599637039062 -10.650708824937269 75.9
      vertex 60.339392013277816 -10.766421636210497 75.9
      vertex 60.339392013277816 -10.766421636210497 84.8214133153404
    endloop
  endfacet
  facet normal 0.14673047445536283 -0.9891765099647808 0
    outer loop
      vertex 58.65694000884654 -10.516853456647311 75.9
      vertex 58.65694000884654 -10.516853456647311 85.12921407013498
      vertex 58.31718387294355 -10.567251518588694 85.06705646040727
    endloop
  endfacet
  facet normal 0.0490676743274195 -0.9987954562051723 0
    outer loop
      vertex 59 -10.5 75.9
      vertex 59 -10.5 85.15
      vertex 58.65694000884654 -10.516853456647311 85.12921407013498
    endloop
  endfacet
  facet normal -0.0490676743274195 -0.9987954562051723 0
    outer loop
      vertex 59 -10.5 75.9
      vertex 59.34305999115346 -10.516853456647311 85.12921407013498
      vertex 59 -10.5 85.15
    endloop
  endfacet
  facet normal -0.42755509343027853 -0.9039892931234449 0
    outer loop
      vertex 60.339392013277816 -10.766421636210497 75.9
      vertex 60.649888578890994 -10.913275574780757 84.6402934577704
      vertex 60.339392013277816 -10.766421636210497 84.8214133153404
    endloop
  endfacet
  facet normal -0.14673047445536283 -0.9891765099647808 0
    outer loop
      vertex 59.34305999115346 -10.516853456647311 75.9
      vertex 59.68281612705645 -10.567251518588694 85.06705646040727
      vertex 59.34305999115346 -10.516853456647311 85.12921407013498
    endloop
  endfacet
  facet normal -0.2429801799032602 -0.9700312531945449 0
    outer loop
      vertex 59.68281612705645 -10.567251518588694 75.9
      vertex 60.01599637039062 -10.650708824937269 84.96412578257737
      vertex 59.68281612705645 -10.567251518588694 85.06705646040727
    endloop
  endfacet
  facet normal -0.3368898533922197 -0.9415440651830209 0
    outer loop
      vertex 60.01599637039062 -10.650708824937269 75.9
      vertex 60.339392013277816 -10.766421636210497 84.8214133153404
      vertex 60.01599637039062 -10.650708824937269 84.96412578257737
    endloop
  endfacet
  facet normal 0 0 1
    outer loop
      vertex 60.339392013277816 -17.233578363789505 75.9
      vertex 60.649888578890994 -17.08672442521924 75.9
      vertex 60.41349834091433 -14.944469396133323 75.9
    endloop
  endfacet
  facet normal -0.4275550934302871 0.9039892931234411 0
    outer loop
      vertex 60.649888578890994 -17.08672442521924 75.9
      vertex 60.339392013277816 -17.233578363789505 76.84525335132628
      vertex 60.649888578890994 -17.08672442521924 77.02637320889627
    endloop
  endfacet
  facet normal -0.514102744193221 0.8577286100002726 0
    outer loop
      vertex 60.649888578890994 -17.08672442521924 75.9
      vertex 60.649888578890994 -17.08672442521924 77.02637320889627
      vertex 60.94449581556861 -16.91014364305891 75.9
    endloop
  endfacet
  facet normal -0.514102744193221 0.8577286100002725 0
    outer loop
      vertex 60.94449581556861 -16.91014364305891 75.9
      vertex 60.649888578890994 -17.08672442521924 77.02637320889627
      vertex 60.94449581556861 -16.91014364305891 77.24415617356068
    endloop
  endfacet
  facet normal -0.5956993044924326 0.8032075314806456 0
    outer loop
      vertex 60.94449581556861 -16.91014364305891 75.9
      vertex 60.94449581556861 -16.91014364305891 77.24415617356068
      vertex 61.22037649457276 -16.70553658676958 75.9
    endloop
  endfacet
  facet normal -0.671558954847025 0.740951125354953 0
    outer loop
      vertex 61.22037649457276 -16.70553658676958 75.9
      vertex 61.22037649457276 -16.70553658676958 77.49650487631752
      vertex 61.474873734152915 -16.474873734152915 75.9
    endloop
  endfacet
  facet normal -0.5956993044924325 0.8032075314806456 0
    outer loop
      vertex 61.22037649457276 -16.70553658676958 75.9
      vertex 60.94449581556861 -16.91014364305891 77.24415617356068
      vertex 61.22037649457276 -16.70553658676958 77.49650487631752
    endloop
  endfacet
  facet normal -0.6715589548470251 0.7409511253549532 0
    outer loop
      vertex 61.474873734152915 -16.474873734152915 75.9
      vertex 61.22037649457276 -16.70553658676958 77.49650487631752
      vertex 61.474873734152915 -16.474873734152915 77.7809890612114
    endloop
  endfacet
  facet normal 0 0 1
    outer loop
      vertex 60.649888578890994 -17.08672442521924 75.9
      vertex 60.499266149392206 -14.801374452604197 75.9
      vertex 60.41349834091433 -14.944469396133323 75.9
    endloop
  endfacet
  facet normal 0 0 1
    outer loop
      vertex 60.649888578890994 -17.08672442521924 75.9
      vertex 60.570595205269186 -14.650561835020653 75.9
      vertex 60.499266149392206 -14.801374452604197 75.9
    endloop
  endfacet
  facet normal 0 0 1
    outer loop
      vertex 60.649888578890994 -17.08672442521924 75.9
      vertex 60.626798570744754 -14.493483951332585 75.9
      vertex 60.570595205269186 -14.650561835020653 75.9
    endloop
  endfacet
  facet normal 0 0 1
    outer loop
      vertex 60.649888578890994 -17.08672442521924 75.9
      vertex 60.66733497668549 -14.331653547427418 75.9
      vertex 60.626798570744754 -14.493483951332585 75.9
    endloop
  endfacet
  facet normal 0 0 1
    outer loop
      vertex 60.649888578890994 -17.08672442521924 75.9
      vertex 60.69181403534274 -14.166629138560253 75.9
      vertex 60.66733497668549 -14.331653547427418 75.9
    endloop
  endfacet
  facet normal 0 0 1
    outer loop
      vertex 60.649888578890994 -17.08672442521924 75.9
      vertex 60.7 -14 75.9
      vertex 60.69181403534274 -14.166629138560253 75.9
    endloop
  endfacet
  facet normal 0 0 1
    outer loop
      vertex 60.649888578890994 -17.08672442521924 75.9
      vertex 60.94449581556861 -16.91014364305891 75.9
      vertex 60.94449581556861 -11.089856356941091 75.9
    endloop
  endfacet
  facet normal -0.7409511253549527 0.6715589548470255 0
    outer loop
      vertex 61.474873734152915 -16.474873734152915 75.9
      vertex 61.474873734152915 -16.474873734152915 77.7809890612114
      vertex 61.70553658676958 -16.220376494572758 75.9
    endloop
  endfacet
  facet normal -0.7409511253549527 0.6715589548470255 0
    outer loop
      vertex 61.70553658676958 -16.220376494572758 75.9
      vertex 61.474873734152915 -16.474873734152915 77.7809890612114
      vertex 61.70553658676958 -16.220376494572758 78.09486899002694
    endloop
  endfacet
  facet normal -0.8032075314806468 0.5956993044924308 0
    outer loop
      vertex 61.70553658676958 -16.220376494572758 75.9
      vertex 61.70553658676958 -16.220376494572758 78.09486899002694
      vertex 61.91014364305891 -15.944495815568608 75.9
    endloop
  endfacet
  facet normal -0.8577286100002707 0.514102744193224 0
    outer loop
      vertex 61.91014364305891 -15.944495815568608 75.9
      vertex 61.91014364305891 -15.944495815568608 78.43512182746538
      vertex 62.086724425219245 -15.649888578890991 75.9
    endloop
  endfacet
  facet normal -0.8032075314806468 0.5956993044924308 0
    outer loop
      vertex 61.91014364305891 -15.944495815568608 75.9
      vertex 61.70553658676958 -16.220376494572758 78.09486899002694
      vertex 61.91014364305891 -15.944495815568608 78.43512182746538
    endloop
  endfacet
  facet normal -0.9039892931234441 0.4275550934302806 0
    outer loop
      vertex 62.086724425219245 -15.649888578890991 75.9
      vertex 62.086724425219245 -15.649888578890991 78.79847075270112
      vertex 62.233578363789505 -15.339392013277815 75.9
    endloop
  endfacet
  facet normal -0.941544065183022 0.3368898533922168 0
    outer loop
      vertex 62.233578363789505 -15.339392013277815 75.9
      vertex 62.233578363789505 -15.339392013277815 79.18141651695736
      vertex 62.34929117506273 -15.015996370390617 75.9
    endloop
  endfacet
  facet normal -0.8577286100002706 0.514102744193224 0
    outer loop
      vertex 62.086724425219245 -15.649888578890991 75.9
      vertex 61.91014364305891 -15.944495815568608 78.43512182746538
      vertex 62.086724425219245 -15.649888578890991 78.79847075270112
    endloop
  endfacet
  facet normal -0.9039892931234441 0.42755509343028053 0
    outer loop
      vertex 62.233578363789505 -15.339392013277815 75.9
      vertex 62.086724425219245 -15.649888578890991 78.79847075270112
      vertex 62.233578363789505 -15.339392013277815 79.18141651695736
    endloop
  endfacet
  facet normal -0.9415440651830219 0.3368898533922168 0
    outer loop
      vertex 62.34929117506273 -15.015996370390617 75.9
      vertex 62.233578363789505 -15.339392013277815 79.18141651695736
      vertex 62.34929117506273 -15.015996370390617 79.58027114318492
    endloop
  endfacet
  facet normal 0 0 1
    outer loop
      vertex 60.649888578890994 -17.08672442521924 75.9
      vertex 60.94449581556861 -11.089856356941091 75.9
      vertex 60.7 -14 75.9
    endloop
  endfacet
  facet normal 0 0 1
    outer loop
      vertex 60.94449581556861 -16.91014364305891 75.9
      vertex 61.22037649457276 -16.70553658676958 75.9
      vertex 61.22037649457276 -11.294463413230421 75.9
    endloop
  endfacet
  facet normal 0 0 1
    outer loop
      vertex 61.22037649457276 -16.70553658676958 75.9
      vertex 61.474873734152915 -16.474873734152915 75.9
      vertex 61.474873734152915 -11.525126265847083 75.9
    endloop
  endfacet
  facet normal 0 0 1
    outer loop
      vertex 60.66733497668549 -13.668346452572582 75.9
      vertex 60.649888578890994 -10.913275574780757 75.9
      vertex 60.626798570744754 -13.506516048667415 75.9
    endloop
  endfacet
  facet normal 0 0 1
    outer loop
      vertex 60.570595205269186 -13.349438164979347 75.9
      vertex 60.626798570744754 -13.506516048667415 75.9
      vertex 60.649888578890994 -10.913275574780757 75.9
    endloop
  endfacet
  facet normal 0 0 1
    outer loop
      vertex 60.7 -14 75.9
      vertex 60.94449581556861 -11.089856356941091 75.9
      vertex 60.69181403534274 -13.833370861439747 75.9
    endloop
  endfacet
  facet normal 0 0 1
    outer loop
      vertex 60.69181403534274 -13.833370861439747 75.9
      vertex 60.94449581556861 -11.089856356941091 75.9
      vertex 60.66733497668549 -13.668346452572582 75.9
    endloop
  endfacet
  facet normal 0 0 1
    outer loop
      vertex 61.22037649457276 -16.70553658676958 75.9
      vertex 61.474873734152915 -11.525126265847083 75.9
      vertex 61.22037649457276 -11.294463413230421 75.9
    endloop
  endfacet
  facet normal 0 0 1
    outer loop
      vertex 60.94449581556861 -16.91014364305891 75.9
      vertex 61.22037649457276 -11.294463413230421 75.9
      vertex 60.94449581556861 -11.089856356941091 75.9
    endloop
  endfacet
  facet normal 0 0 1
    outer loop
      vertex 61.474873734152915 -16.474873734152915 75.9
      vertex 61.70553658676958 -16.220376494572758 75.9
      vertex 61.70553658676958 -11.77962350542724 75.9
    endloop
  endfacet
  facet normal 0 0 1
    outer loop
      vertex 61.70553658676958 -16.220376494572758 75.9
      vertex 61.91014364305891 -15.944495815568608 75.9
      vertex 61.91014364305891 -12.055504184431392 75.9
    endloop
  endfacet
  facet normal 0 0 1
    outer loop
      vertex 61.91014364305891 -15.944495815568608 75.9
      vertex 62.086724425219245 -15.649888578890991 75.9
      vertex 62.086724425219245 -12.350111421109009 75.9
    endloop
  endfacet
  facet normal 0 0 1
    outer loop
      vertex 62.086724425219245 -15.649888578890991 75.9
      vertex 62.233578363789505 -15.339392013277815 75.9
      vertex 62.233578363789505 -12.660607986722185 75.9
    endloop
  endfacet
  facet normal 0 0 1
    outer loop
      vertex 62.233578363789505 -15.339392013277815 75.9
      vertex 62.34929117506273 -15.015996370390617 75.9
      vertex 62.34929117506273 -12.984003629609383 75.9
    endloop
  endfacet
  facet normal 0 0 1
    outer loop
      vertex 62.34929117506273 -15.015996370390617 75.9
      vertex 62.43274848141131 -14.68281612705645 75.9
      vertex 62.43274848141131 -13.31718387294355 75.9
    endloop
  endfacet
  facet normal 0 0 1
    outer loop
      vertex 62.43274848141131 -14.68281612705645 75.9
      vertex 62.48314654335269 -14.343059991153462 75.9
      vertex 62.48314654335269 -13.656940008846538 75.9
    endloop
  endfacet
  facet normal 0 0 1
    outer loop
      vertex 62.34929117506273 -15.015996370390617 75.9
      vertex 62.43274848141131 -13.31718387294355 75.9
      vertex 62.34929117506273 -12.984003629609383 75.9
    endloop
  endfacet
  facet normal 0 0 1
    outer loop
      vertex 62.43274848141131 -14.68281612705645 75.9
      vertex 62.48314654335269 -13.656940008846538 75.9
      vertex 62.43274848141131 -13.31718387294355 75.9
    endloop
  endfacet
  facet normal 0 0 1
    outer loop
      vertex 62.48314654335269 -14.343059991153462 75.9
      vertex 62.5 -14 75.9
      vertex 62.48314654335269 -13.656940008846538 75.9
    endloop
  endfacet
  facet normal -0.9700312531945421 0.24298017990327112 0
    outer loop
      vertex 62.34929117506273 -15.015996370390617 75.9
      vertex 62.34929117506273 -15.015996370390617 79.58027114318492
      vertex 62.43274848141131 -14.68281612705645 75.9
    endloop
  endfacet
  facet normal -0.9891765099647823 0.14673047445535276 0
    outer loop
      vertex 62.43274848141131 -14.68281612705645 75.9
      vertex 62.43274848141131 -14.68281612705645 79.99119344329705
      vertex 62.48314654335269 -14.343059991153462 75.9
    endloop
  endfacet
  facet normal -0.9987954562051723 0.04906767432741924 0
    outer loop
      vertex 62.48314654335269 -14.343059991153462 75.9
      vertex 62.48314654335269 -14.343059991153462 80.41022601091073
      vertex 62.5 -14 75.9
    endloop
  endfacet
  facet normal -0.9987954562051723 -0.04906767432741925 0
    outer loop
      vertex 62.5 -14 75.9
      vertex 62.5 -14 80.83333333333334
      vertex 62.48314654335269 -13.656940008846538 75.9
    endloop
  endfacet
  facet normal 0 0 1
    outer loop
      vertex 61.474873734152915 -16.474873734152915 75.9
      vertex 61.70553658676958 -11.77962350542724 75.9
      vertex 61.474873734152915 -11.525126265847083 75.9
    endloop
  endfacet
  facet normal 0 0 1
    outer loop
      vertex 61.70553658676958 -16.220376494572758 75.9
      vertex 61.91014364305891 -12.055504184431392 75.9
      vertex 61.70553658676958 -11.77962350542724 75.9
    endloop
  endfacet
  facet normal 0 0 1
    outer loop
      vertex 61.91014364305891 -15.944495815568608 75.9
      vertex 62.086724425219245 -12.350111421109009 75.9
      vertex 61.91014364305891 -12.055504184431392 75.9
    endloop
  endfacet
  facet normal 0 0 1
    outer loop
      vertex 62.086724425219245 -15.649888578890991 75.9
      vertex 62.233578363789505 -12.660607986722185 75.9
      vertex 62.086724425219245 -12.350111421109009 75.9
    endloop
  endfacet
  facet normal 0 0 1
    outer loop
      vertex 62.233578363789505 -15.339392013277815 75.9
      vertex 62.34929117506273 -12.984003629609383 75.9
      vertex 62.233578363789505 -12.660607986722185 75.9
    endloop
  endfacet
  facet normal 0 0 1
    outer loop
      vertex 60.570595205269186 -13.349438164979347 75.9
      vertex 60.649888578890994 -10.913275574780757 75.9
      vertex 60.499266149392206 -13.198625547395803 75.9
    endloop
  endfacet
  facet normal 0 0 1
    outer loop
      vertex 60.499266149392206 -13.198625547395803 75.9
      vertex 60.649888578890994 -10.913275574780757 75.9
      vertex 60.41349834091433 -13.055530603866677 75.9
    endloop
  endfacet
  facet normal 0 0 1
    outer loop
      vertex 60.66733497668549 -13.668346452572582 75.9
      vertex 60.94449581556861 -11.089856356941091 75.9
      vertex 60.649888578890994 -10.913275574780757 75.9
    endloop
  endfacet
  facet normal 0 0 1
    outer loop
      vertex 60.41349834091433 -13.055530603866677 75.9
      vertex 60.649888578890994 -10.913275574780757 75.9
      vertex 60.339392013277816 -10.766421636210497 75.9
    endloop
  endfacet
  facet normal -0.9700312531945421 0.24298017990327112 0
    outer loop
      vertex 62.43274848141131 -14.68281612705645 75.9
      vertex 62.34929117506273 -15.015996370390617 79.58027114318492
      vertex 62.43274848141131 -14.68281612705645 79.99119344329705
    endloop
  endfacet
  facet normal -0.9891765099647823 0.14673047445535273 0
    outer loop
      vertex 62.48314654335269 -14.343059991153462 75.9
      vertex 62.43274848141131 -14.68281612705645 79.99119344329705
      vertex 62.48314654335269 -14.343059991153462 80.41022601091073
    endloop
  endfacet
  facet normal -0.9987954562051723 0.04906767432741925 0
    outer loop
      vertex 62.5 -14 75.9
      vertex 62.48314654335269 -14.343059991153462 80.41022601091073
      vertex 62.5 -14 80.83333333333334
    endloop
  endfacet
  facet normal -0.9987954562051723 -0.04906767432741924 0
    outer loop
      vertex 62.48314654335269 -13.656940008846538 75.9
      vertex 62.5 -14 80.83333333333334
      vertex 62.48314654335269 -13.656940008846538 81.25644065575594
    endloop
  endfacet
  facet normal -0.9891765099647823 -0.14673047445535273 0
    outer loop
      vertex 62.48314654335269 -13.656940008846538 75.9
      vertex 62.48314654335269 -13.656940008846538 81.25644065575594
      vertex 62.43274848141131 -13.31718387294355 75.9
    endloop
  endfacet
  facet normal -0.9700312531945421 -0.24298017990327114 0
    outer loop
      vertex 62.43274848141131 -13.31718387294355 75.9
      vertex 62.43274848141131 -13.31718387294355 81.67547322336962
      vertex 62.34929117506273 -12.984003629609383 75.9
    endloop
  endfacet
  facet normal -0.941544065183022 -0.33688985339221683 0
    outer loop
      vertex 62.34929117506273 -12.984003629609383 75.9
      vertex 62.34929117506273 -12.984003629609383 82.08639552348177
      vertex 62.233578363789505 -12.660607986722185 75.9
    endloop
  endfacet
  facet normal -0.9039892931234439 -0.4275550934302806 0
    outer loop
      vertex 62.233578363789505 -12.660607986722185 75.9
      vertex 62.233578363789505 -12.660607986722185 82.4852501497093
      vertex 62.086724425219245 -12.350111421109009 75.9
    endloop
  endfacet
  facet normal -0.9891765099647823 -0.14673047445535273 0
    outer loop
      vertex 62.43274848141131 -13.31718387294355 75.9
      vertex 62.48314654335269 -13.656940008846538 81.25644065575594
      vertex 62.43274848141131 -13.31718387294355 81.67547322336962
    endloop
  endfacet
  facet normal -0.941544065183022 -0.33688985339221683 0
    outer loop
      vertex 62.233578363789505 -12.660607986722185 75.9
      vertex 62.34929117506273 -12.984003629609383 82.08639552348177
      vertex 62.233578363789505 -12.660607986722185 82.4852501497093
    endloop
  endfacet
  facet normal -0.9700312531945422 -0.24298017990327112 0
    outer loop
      vertex 62.34929117506273 -12.984003629609383 75.9
      vertex 62.43274848141131 -13.31718387294355 81.67547322336962
      vertex 62.34929117506273 -12.984003629609383 82.08639552348177
    endloop
  endfacet
  facet normal -0.6715589548470222 -0.7409511253549557 0
    outer loop
      vertex 61.474873734152915 -11.525126265847083 75.9
      vertex 61.474873734152915 -11.525126265847083 83.88567760545527
      vertex 61.22037649457276 -11.294463413230421 75.9
    endloop
  endfacet
  facet normal -0.4275550934302786 -0.903989293123445 6.09301631715111e-19
    outer loop
      vertex 60.339392013277816 -10.766421636210497 75.9
      vertex 60.649888578890994 -10.913275574780757 75.9
      vertex 60.649888578890994 -10.913275574780757 84.6402934577704
    endloop
  endfacet
  facet normal -0.5141027441932248 -0.8577286100002702 0
    outer loop
      vertex 60.94449581556861 -11.089856356941091 75.9
      vertex 60.94449581556861 -11.089856356941091 84.42251049310599
      vertex 60.649888578890994 -10.913275574780757 75.9
    endloop
  endfacet
  facet normal -0.5956993044924326 -0.8032075314806455 1.1305730591939811e-18
    outer loop
      vertex 60.94449581556861 -11.089856356941091 75.9
      vertex 61.22037649457276 -11.294463413230421 75.9
      vertex 61.22037649457276 -11.294463413230421 84.17016179034914
    endloop
  endfacet
  facet normal -0.8577286100002707 -0.514102744193224 -5.358125505430633e-19
    outer loop
      vertex 61.91014364305891 -12.055504184431392 75.9
      vertex 62.086724425219245 -12.350111421109009 75.9
      vertex 62.086724425219245 -12.350111421109009 82.86819591396556
    endloop
  endfacet
  facet normal -0.8032075314806486 -0.5956993044924281 0
    outer loop
      vertex 61.91014364305891 -12.055504184431392 75.9
      vertex 61.91014364305891 -12.055504184431392 83.23154483920128
      vertex 61.70553658676958 -11.77962350542724 75.9
    endloop
  endfacet
  facet normal -0.7409511253549527 -0.6715589548470257 1.026242297226181e-18
    outer loop
      vertex 61.474873734152915 -11.525126265847083 75.9
      vertex 61.70553658676958 -11.77962350542724 75.9
      vertex 61.70553658676958 -11.77962350542724 83.57179767663973
    endloop
  endfacet
  facet normal -0.9039892931234441 -0.4275550934302806 0
    outer loop
      vertex 62.086724425219245 -12.350111421109009 75.9
      vertex 62.233578363789505 -12.660607986722185 82.4852501497093
      vertex 62.086724425219245 -12.350111421109009 82.86819591396556
    endloop
  endfacet
  facet normal -0.6715589548470221 -0.7409511253549556 0
    outer loop
      vertex 61.22037649457276 -11.294463413230421 75.9
      vertex 61.474873734152915 -11.525126265847083 83.88567760545527
      vertex 61.22037649457276 -11.294463413230421 84.17016179034914
    endloop
  endfacet
  facet normal -0.5141027441932249 -0.8577286100002703 0
    outer loop
      vertex 60.649888578890994 -10.913275574780757 75.9
      vertex 60.94449581556861 -11.089856356941091 84.42251049310599
      vertex 60.649888578890994 -10.913275574780757 84.6402934577704
    endloop
  endfacet
  facet normal -0.5956993044924326 -0.8032075314806456 0
    outer loop
      vertex 60.94449581556861 -11.089856356941091 75.9
      vertex 61.22037649457276 -11.294463413230421 84.17016179034914
      vertex 60.94449581556861 -11.089856356941091 84.42251049310599
    endloop
  endfacet
  facet normal -0.8577286100002707 -0.514102744193224 0
    outer loop
      vertex 61.91014364305891 -12.055504184431392 75.9
      vertex 62.086724425219245 -12.350111421109009 82.86819591396556
      vertex 61.91014364305891 -12.055504184431392 83.23154483920128
    endloop
  endfacet
  facet normal -0.7409511253549527 -0.6715589548470255 0
    outer loop
      vertex 61.474873734152915 -11.525126265847083 75.9
      vertex 61.70553658676958 -11.77962350542724 83.57179767663973
      vertex 61.474873734152915 -11.525126265847083 83.88567760545527
    endloop
  endfacet
  facet normal -0.8032075314806487 -0.5956993044924284 0
    outer loop
      vertex 61.70553658676958 -11.77962350542724 75.9
      vertex 61.91014364305891 -12.055504184431392 83.23154483920128
      vertex 61.70553658676958 -11.77962350542724 83.57179767663973
    endloop
  endfacet
  facet normal 0.4275550934302876 0.9039892931234408 0
    outer loop
      vertex 58.19862554739581 12.500733850607796 75.9
      vertex 58.34943816497935 12.429404794730813 71.9
      vertex 58.19862554739581 12.500733850607796 71.9
    endloop
  endfacet
  facet normal 0.7409511253549487 0.6715589548470299 0
    outer loop
      vertex 57.685882229283344 12.921531416921802 75.9
      vertex 57.79791847198287 12.79791847198287 71.9
      vertex 57.685882229283344 12.921531416921802 71.9
    endloop
  endfacet
  facet normal 0.8032075314806479 0.5956993044924292 0
    outer loop
      vertex 57.58650165908567 13.055530603866677 75.9
      vertex 57.685882229283344 12.921531416921802 71.9
      vertex 57.58650165908567 13.055530603866677 71.9
    endloop
  endfacet
  facet normal 0.9039892931234528 0.4275550934302619 0
    outer loop
      vertex 57.429404794730814 13.349438164979347 75.9
      vertex 57.500733850607794 13.198625547395803 71.9
      vertex 57.429404794730814 13.349438164979347 71.9
    endloop
  endfacet
  facet normal 0.9415440651830207 0.3368898533922202 0
    outer loop
      vertex 57.373201429255246 13.506516048667415 75.9
      vertex 57.429404794730814 13.349438164979347 71.9
      vertex 57.373201429255246 13.506516048667415 71.9
    endloop
  endfacet
  facet normal 0.9700312531945465 0.24298017990325374 0
    outer loop
      vertex 57.33266502331451 13.668346452572582 75.9
      vertex 57.373201429255246 13.506516048667415 71.9
      vertex 57.33266502331451 13.668346452572582 71.9
    endloop
  endfacet
  facet normal 0.857728610000273 0.51410274419322 0
    outer loop
      vertex 57.500733850607794 13.198625547395803 75.9
      vertex 57.58650165908567 13.055530603866677 71.9
      vertex 57.500733850607794 13.198625547395803 71.9
    endloop
  endfacet
  facet normal 0.6715589548470189 0.7409511253549588 0
    outer loop
      vertex 57.79791847198287 12.79791847198287 75.9
      vertex 57.9215314169218 12.685882229283347 71.9
      vertex 57.79791847198287 12.79791847198287 71.9
    endloop
  endfacet
  facet normal 0.5956993044924241 0.8032075314806518 0
    outer loop
      vertex 57.9215314169218 12.685882229283347 75.9
      vertex 58.05553060386668 12.586501659085673 71.9
      vertex 57.9215314169218 12.685882229283347 71.9
    endloop
  endfacet
  facet normal 0.5141027441932232 0.8577286100002712 0
    outer loop
      vertex 58.05553060386668 12.586501659085673 75.9
      vertex 58.19862554739581 12.500733850607796 71.9
      vertex 58.05553060386668 12.586501659085673 71.9
    endloop
  endfacet
  facet normal 0.857728610000273 0.51410274419322 0
    outer loop
      vertex 57.58650165908567 13.055530603866677 75.9
      vertex 57.58650165908567 13.055530603866677 71.9
      vertex 57.500733850607794 13.198625547395803 75.9
    endloop
  endfacet
  facet normal 0.8032075314806479 0.5956993044924292 -2.0130710149317673e-19
    outer loop
      vertex 57.58650165908567 13.055530603866677 75.9
      vertex 57.685882229283344 12.921531416921802 75.9
      vertex 57.685882229283344 12.921531416921802 71.9
    endloop
  endfacet
  facet normal 0.9039892931234631 0.4275550934302405 9.910692103505326e-16
    outer loop
      vertex 57.429404794730814 13.349438164979347 75.9
      vertex 57.43274848141131 13.342368533474138 75.9
      vertex 57.500733850607794 13.198625547395803 71.9
    endloop
  endfacet
  facet normal 0.9415440651830207 0.3368898533922202 0
    outer loop
      vertex 57.429404794730814 13.349438164979347 75.9
      vertex 57.429404794730814 13.349438164979347 71.9
      vertex 57.373201429255246 13.506516048667415 75.9
    endloop
  endfacet
  facet normal 0.9891765099647755 0.14673047445539858 0
    outer loop
      vertex 57.33266502331451 13.668346452572582 75.9
      vertex 57.33266502331451 13.668346452572582 71.9
      vertex 57.30818596465726 13.833370861439747 75.9
    endloop
  endfacet
  facet normal 0.9700312531945469 0.24298017990325202 0
    outer loop
      vertex 57.373201429255246 13.506516048667415 75.9
      vertex 57.373201429255246 13.506516048667415 71.9
      vertex 57.34929117506273 13.601971134130766 75.9
    endloop
  endfacet
  facet normal 0.9700312531945459 0.24298017990325618 -1.0455306144712921e-16
    outer loop
      vertex 57.33266502331451 13.668346452572582 75.9
      vertex 57.34929117506273 13.601971134130766 75.9
      vertex 57.373201429255246 13.506516048667415 71.9
    endloop
  endfacet
  facet normal 0.9039892931234523 0.42755509343026293 6.775351392137952e-19
    outer loop
      vertex 57.43274848141131 13.342368533474138 75.9
      vertex 57.500733850607794 13.198625547395803 75.9
      vertex 57.500733850607794 13.198625547395803 71.9
    endloop
  endfacet
  facet normal 0.6715589548470189 0.7409511253549588 1.9590605146984848e-19
    outer loop
      vertex 57.79791847198287 12.79791847198287 75.9
      vertex 57.9215314169218 12.685882229283347 75.9
      vertex 57.9215314169218 12.685882229283347 71.9
    endloop
  endfacet
  facet normal 0.5956993044924241 0.8032075314806518 4.0775414292824974e-19
    outer loop
      vertex 57.9215314169218 12.685882229283347 75.9
      vertex 58.05553060386668 12.586501659085673 75.9
      vertex 58.05553060386668 12.586501659085673 71.9
    endloop
  endfacet
  facet normal 0.7409511253549487 0.6715589548470299 5.740265496105773e-19
    outer loop
      vertex 57.685882229283344 12.921531416921802 75.9
      vertex 57.79791847198287 12.79791847198287 75.9
      vertex 57.79791847198287 12.79791847198287 71.9
    endloop
  endfacet
  facet normal 0.5141027441932232 0.8577286100002712 0
    outer loop
      vertex 58.19862554739581 12.500733850607796 75.9
      vertex 58.19862554739581 12.500733850607796 71.9
      vertex 58.05553060386668 12.586501659085673 75.9
    endloop
  endfacet
  facet normal 0.9891765099647755 0.14673047445539858 0
    outer loop
      vertex 57.30818596465726 13.833370861439747 75.9
      vertex 57.33266502331451 13.668346452572582 71.9
      vertex 57.30818596465726 13.833370861439747 71.9
    endloop
  endfacet
  facet normal 0.9987954562051724 0.04906767432741787 0
    outer loop
      vertex 57.3 14 75.9
      vertex 57.30818596465726 13.833370861439747 71.9
      vertex 57.3 14 71.9
    endloop
  endfacet
  facet normal 0.9987954562051724 -0.04906767432741787 0
    outer loop
      vertex 57.30818596465726 14.166629138560253 75.9
      vertex 57.3 14 71.9
      vertex 57.30818596465726 14.166629138560253 71.9
    endloop
  endfacet
  facet normal 0.9891765099647755 -0.14673047445539858 0
    outer loop
      vertex 57.33266502331451 14.331653547427418 75.9
      vertex 57.30818596465726 14.166629138560253 71.9
      vertex 57.33266502331451 14.331653547427418 71.9
    endloop
  endfacet
  facet normal 0.9700312531945465 -0.24298017990325374 0
    outer loop
      vertex 57.373201429255246 14.493483951332585 75.9
      vertex 57.33266502331451 14.331653547427418 71.9
      vertex 57.373201429255246 14.493483951332585 71.9
    endloop
  endfacet
  facet normal 0.9415440651830207 -0.3368898533922202 0
    outer loop
      vertex 57.429404794730814 14.650561835020653 75.9
      vertex 57.373201429255246 14.493483951332585 71.9
      vertex 57.429404794730814 14.650561835020653 71.9
    endloop
  endfacet
  facet normal 0.9039892931234528 -0.4275550934302619 0
    outer loop
      vertex 57.500733850607794 14.801374452604197 75.9
      vertex 57.429404794730814 14.650561835020653 71.9
      vertex 57.500733850607794 14.801374452604197 71.9
    endloop
  endfacet
  facet normal 0.857728610000273 -0.51410274419322 0
    outer loop
      vertex 57.58650165908567 14.944469396133323 75.9
      vertex 57.500733850607794 14.801374452604197 71.9
      vertex 57.58650165908567 14.944469396133323 71.9
    endloop
  endfacet
  facet normal 0.9987954562051724 0.04906767432741787 0
    outer loop
      vertex 57.30818596465726 13.833370861439747 75.9
      vertex 57.30818596465726 13.833370861439747 71.9
      vertex 57.3 14 75.9
    endloop
  endfacet
  facet normal 0.9987954562051724 -0.04906767432741787 0
    outer loop
      vertex 57.3 14 75.9
      vertex 57.3 14 71.9
      vertex 57.30818596465726 14.166629138560253 75.9
    endloop
  endfacet
  facet normal 0.9891765099647755 -0.14673047445539858 0
    outer loop
      vertex 57.30818596465726 14.166629138560253 75.9
      vertex 57.30818596465726 14.166629138560253 71.9
      vertex 57.33266502331451 14.331653547427418 75.9
    endloop
  endfacet
  facet normal 0.9700312531945459 -0.24298017990325618 0
    outer loop
      vertex 57.33266502331451 14.331653547427418 75.9
      vertex 57.33266502331451 14.331653547427418 71.9
      vertex 57.34929117506273 14.398028865869234 75.9
    endloop
  endfacet
  facet normal 0.9700312531945469 -0.24298017990325202 -7.332144591295014e-17
    outer loop
      vertex 57.34929117506273 14.398028865869234 75.9
      vertex 57.33266502331451 14.331653547427418 71.9
      vertex 57.373201429255246 14.493483951332585 75.9
    endloop
  endfacet
  facet normal 0.9415440651830207 -0.3368898533922202 0
    outer loop
      vertex 57.373201429255246 14.493483951332585 75.9
      vertex 57.373201429255246 14.493483951332585 71.9
      vertex 57.429404794730814 14.650561835020653 75.9
    endloop
  endfacet
  facet normal 0.903989293123333 -0.42755509343051556 0
    outer loop
      vertex 57.429404794730814 14.650561835020653 75.9
      vertex 57.429404794730814 14.650561835020653 71.9
      vertex 57.43136783013304 14.654712324660238 75.9
    endloop
  endfacet
  facet normal 0.9039892931234563 -0.4275550934302548 -3.311859076224763e-16
    outer loop
      vertex 57.43136783013304 14.654712324660238 75.9
      vertex 57.429404794730814 14.650561835020653 71.9
      vertex 57.500733850607794 14.801374452604197 75.9
    endloop
  endfacet
  facet normal 0.857728610000273 -0.51410274419322 0
    outer loop
      vertex 57.500733850607794 14.801374452604197 75.9
      vertex 57.500733850607794 14.801374452604197 71.9
      vertex 57.58650165908567 14.944469396133323 75.9
    endloop
  endfacet
  facet normal 0.8032075314806479 -0.5956993044924292 0
    outer loop
      vertex 57.58650165908567 14.944469396133323 75.9
      vertex 57.58650165908567 14.944469396133323 71.9
      vertex 57.685882229283344 15.078468583078198 75.9
    endloop
  endfacet
  facet normal 0.3368898533922202 0.9415440651830207 0
    outer loop
      vertex 58.34943816497935 12.429404794730813 75.9
      vertex 58.506516048667415 12.373201429255245 71.9
      vertex 58.34943816497935 12.429404794730813 71.9
    endloop
  endfacet
  facet normal 0.24298017990325874 0.9700312531945452 0
    outer loop
      vertex 58.506516048667415 12.373201429255245 75.9
      vertex 58.668346452572585 12.332665023314508 71.9
      vertex 58.506516048667415 12.373201429255245 71.9
    endloop
  endfacet
  facet normal 0.14673047445536 0.9891765099647811 0
    outer loop
      vertex 58.668346452572585 12.332665023314508 75.9
      vertex 58.83337086143975 12.308185964657266 71.9
      vertex 58.668346452572585 12.332665023314508 71.9
    endloop
  endfacet
  facet normal 0.04906767432741787 0.9987954562051724 0
    outer loop
      vertex 58.83337086143975 12.308185964657266 75.9
      vertex 59 12.3 71.9
      vertex 58.83337086143975 12.308185964657266 71.9
    endloop
  endfacet
  facet normal -0.04906767432741787 0.9987954562051724 0
    outer loop
      vertex 59 12.3 75.9
      vertex 59.16662913856025 12.308185964657266 71.9
      vertex 59 12.3 71.9
    endloop
  endfacet
  facet normal -0.14673047445536 0.9891765099647811 0
    outer loop
      vertex 59.16662913856025 12.308185964657266 75.9
      vertex 59.331653547427415 12.332665023314508 71.9
      vertex 59.16662913856025 12.308185964657266 71.9
    endloop
  endfacet
  facet normal 0.4275550934302876 0.9039892931234408 9.500226024537387e-19
    outer loop
      vertex 58.19862554739581 12.500733850607796 75.9
      vertex 58.34943816497935 12.429404794730813 75.9
      vertex 58.34943816497935 12.429404794730813 71.9
    endloop
  endfacet
  facet normal 0.3368898533922202 0.9415440651830207 -5.252490042289651e-19
    outer loop
      vertex 58.34943816497935 12.429404794730813 75.9
      vertex 58.506516048667415 12.373201429255245 75.9
      vertex 58.506516048667415 12.373201429255245 71.9
    endloop
  endfacet
  facet normal 0.24298017990325874 0.9700312531945452 5.949421832063113e-19
    outer loop
      vertex 58.506516048667415 12.373201429255245 75.9
      vertex 58.668346452572585 12.332665023314508 75.9
      vertex 58.668346452572585 12.332665023314508 71.9
    endloop
  endfacet
  facet normal 0.14673047445536 0.9891765099647811 -1.3790251413078666e-19
    outer loop
      vertex 58.668346452572585 12.332665023314508 75.9
      vertex 58.83337086143975 12.308185964657266 75.9
      vertex 58.83337086143975 12.308185964657266 71.9
    endloop
  endfacet
  facet normal 0.04906767432741787 0.9987954562051724 -5.0878015108726047e-20
    outer loop
      vertex 58.83337086143975 12.308185964657266 75.9
      vertex 59 12.3 75.9
      vertex 59 12.3 71.9
    endloop
  endfacet
  facet normal -0.04906767432741787 0.9987954562051724 5.0878015108726047e-20
    outer loop
      vertex 59 12.3 75.9
      vertex 59.16662913856025 12.308185964657266 75.9
      vertex 59.16662913856025 12.308185964657266 71.9
    endloop
  endfacet
  facet normal -0.14673047445536 0.9891765099647811 1.3790251413078666e-19
    outer loop
      vertex 59.16662913856025 12.308185964657266 75.9
      vertex 59.331653547427415 12.332665023314508 75.9
      vertex 59.331653547427415 12.332665023314508 71.9
    endloop
  endfacet
  facet normal -0.24298017990325874 0.9700312531945452 0
    outer loop
      vertex 59.331653547427415 12.332665023314508 75.9
      vertex 59.493483951332585 12.373201429255245 71.9
      vertex 59.331653547427415 12.332665023314508 71.9
    endloop
  endfacet
  facet normal -0.3368898533922202 0.9415440651830207 0
    outer loop
      vertex 59.493483951332585 12.373201429255245 75.9
      vertex 59.65056183502065 12.429404794730813 71.9
      vertex 59.493483951332585 12.373201429255245 71.9
    endloop
  endfacet
  facet normal -0.4275550934302876 0.9039892931234408 0
    outer loop
      vertex 59.65056183502065 12.429404794730813 75.9
      vertex 59.80137445260419 12.500733850607796 71.9
      vertex 59.65056183502065 12.429404794730813 71.9
    endloop
  endfacet
  facet normal -0.24298017990325874 0.9700312531945452 -5.949421832063113e-19
    outer loop
      vertex 59.331653547427415 12.332665023314508 75.9
      vertex 59.493483951332585 12.373201429255245 75.9
      vertex 59.493483951332585 12.373201429255245 71.9
    endloop
  endfacet
  facet normal -0.3368898533922202 0.9415440651830207 5.252490042289651e-19
    outer loop
      vertex 59.493483951332585 12.373201429255245 75.9
      vertex 59.65056183502065 12.429404794730813 75.9
      vertex 59.65056183502065 12.429404794730813 71.9
    endloop
  endfacet
  facet normal -0.4275550934302876 0.9039892931234408 -9.500226024537387e-19
    outer loop
      vertex 59.65056183502065 12.429404794730813 75.9
      vertex 59.80137445260419 12.500733850607796 75.9
      vertex 59.80137445260419 12.500733850607796 71.9
    endloop
  endfacet
  facet normal -0.5141027441932232 0.8577286100002712 0
    outer loop
      vertex 59.80137445260419 12.500733850607796 75.9
      vertex 59.94446939613332 12.586501659085673 71.9
      vertex 59.80137445260419 12.500733850607796 71.9
    endloop
  endfacet
  facet normal -0.5956993044924241 0.8032075314806518 0
    outer loop
      vertex 59.94446939613332 12.586501659085673 75.9
      vertex 60.0784685830782 12.685882229283347 71.9
      vertex 59.94446939613332 12.586501659085673 71.9
    endloop
  endfacet
  facet normal -0.6715589548470189 0.7409511253549588 0
    outer loop
      vertex 60.0784685830782 12.685882229283347 75.9
      vertex 60.20208152801713 12.79791847198287 71.9
      vertex 60.0784685830782 12.685882229283347 71.9
    endloop
  endfacet
  facet normal -0.7409511253549487 0.6715589548470299 0
    outer loop
      vertex 60.20208152801713 12.79791847198287 75.9
      vertex 60.314117770716656 12.921531416921802 71.9
      vertex 60.20208152801713 12.79791847198287 71.9
    endloop
  endfacet
  facet normal -0.8032075314806479 0.5956993044924292 0
    outer loop
      vertex 60.314117770716656 12.921531416921802 75.9
      vertex 60.41349834091433 13.055530603866677 71.9
      vertex 60.314117770716656 12.921531416921802 71.9
    endloop
  endfacet
  facet normal -0.857728610000273 0.51410274419322 0
    outer loop
      vertex 60.41349834091433 13.055530603866677 75.9
      vertex 60.499266149392206 13.198625547395803 71.9
      vertex 60.41349834091433 13.055530603866677 71.9
    endloop
  endfacet
  facet normal -0.5141027441932232 0.8577286100002712 3.293355540867808e-19
    outer loop
      vertex 59.80137445260419 12.500733850607796 75.9
      vertex 59.94446939613332 12.586501659085673 75.9
      vertex 59.94446939613332 12.586501659085673 71.9
    endloop
  endfacet
  facet normal -0.5956993044924241 0.8032075314806518 -4.0775414292824974e-19
    outer loop
      vertex 59.94446939613332 12.586501659085673 75.9
      vertex 60.0784685830782 12.685882229283347 75.9
      vertex 60.0784685830782 12.685882229283347 71.9
    endloop
  endfacet
  facet normal -0.6715589548470189 0.7409511253549588 -1.9590605146984848e-19
    outer loop
      vertex 60.0784685830782 12.685882229283347 75.9
      vertex 60.20208152801713 12.79791847198287 75.9
      vertex 60.20208152801713 12.79791847198287 71.9
    endloop
  endfacet
  facet normal -0.7409511253549487 0.6715589548470299 -5.740265496105773e-19
    outer loop
      vertex 60.20208152801713 12.79791847198287 75.9
      vertex 60.314117770716656 12.921531416921802 75.9
      vertex 60.314117770716656 12.921531416921802 71.9
    endloop
  endfacet
  facet normal -0.8032075314806479 0.5956993044924292 2.0130710149317673e-19
    outer loop
      vertex 60.314117770716656 12.921531416921802 75.9
      vertex 60.41349834091433 13.055530603866677 75.9
      vertex 60.41349834091433 13.055530603866677 71.9
    endloop
  endfacet
  facet normal -0.8032075314806479 -0.5956993044924292 0
    outer loop
      vertex 60.41349834091433 14.944469396133323 75.9
      vertex 60.314117770716656 15.078468583078198 71.9
      vertex 60.41349834091433 14.944469396133323 71.9
    endloop
  endfacet
  facet normal -0.857728610000273 -0.51410274419322 0
    outer loop
      vertex 60.41349834091433 14.944469396133323 75.9
      vertex 60.41349834091433 14.944469396133323 71.9
      vertex 60.499266149392206 14.801374452604197 75.9
    endloop
  endfacet
  facet normal 0.8032075314806479 -0.5956993044924292 0
    outer loop
      vertex 57.685882229283344 15.078468583078198 75.9
      vertex 57.58650165908567 14.944469396133323 71.9
      vertex 57.685882229283344 15.078468583078198 71.9
    endloop
  endfacet
  facet normal 0.7409511253549487 -0.6715589548470299 0
    outer loop
      vertex 57.79791847198287 15.20208152801713 75.9
      vertex 57.685882229283344 15.078468583078198 71.9
      vertex 57.79791847198287 15.20208152801713 71.9
    endloop
  endfacet
  facet normal 0.6715589548470189 -0.7409511253549588 0
    outer loop
      vertex 57.9215314169218 15.314117770716653 75.9
      vertex 57.79791847198287 15.20208152801713 71.9
      vertex 57.9215314169218 15.314117770716653 71.9
    endloop
  endfacet
  facet normal 0.5956993044924241 -0.8032075314806518 0
    outer loop
      vertex 58.05553060386668 15.413498340914327 75.9
      vertex 57.9215314169218 15.314117770716653 71.9
      vertex 58.05553060386668 15.413498340914327 71.9
    endloop
  endfacet
  facet normal 0.5141027441932232 -0.8577286100002712 0
    outer loop
      vertex 58.19862554739581 15.499266149392204 75.9
      vertex 58.05553060386668 15.413498340914327 71.9
      vertex 58.19862554739581 15.499266149392204 71.9
    endloop
  endfacet
  facet normal 0.7409511253549487 -0.6715589548470299 0
    outer loop
      vertex 57.685882229283344 15.078468583078198 75.9
      vertex 57.685882229283344 15.078468583078198 71.9
      vertex 57.79791847198287 15.20208152801713 75.9
    endloop
  endfacet
  facet normal 0.6715589548470189 -0.7409511253549588 0
    outer loop
      vertex 57.79791847198287 15.20208152801713 75.9
      vertex 57.79791847198287 15.20208152801713 71.9
      vertex 57.9215314169218 15.314117770716653 75.9
    endloop
  endfacet
  facet normal 0.5956993044924241 -0.8032075314806518 0
    outer loop
      vertex 57.9215314169218 15.314117770716653 75.9
      vertex 57.9215314169218 15.314117770716653 71.9
      vertex 58.05553060386668 15.413498340914327 75.9
    endloop
  endfacet
  facet normal 0.5141027441932232 -0.8577286100002712 0
    outer loop
      vertex 58.05553060386668 15.413498340914327 75.9
      vertex 58.05553060386668 15.413498340914327 71.9
      vertex 58.19862554739581 15.499266149392204 75.9
    endloop
  endfacet
  facet normal 0.4275550934302876 -0.9039892931234408 0
    outer loop
      vertex 58.19862554739581 15.499266149392204 75.9
      vertex 58.19862554739581 15.499266149392204 71.9
      vertex 58.34943816497935 15.570595205269187 75.9
    endloop
  endfacet
  facet normal 0.4275550934302876 -0.9039892931234408 0
    outer loop
      vertex 58.34943816497935 15.570595205269187 75.9
      vertex 58.19862554739581 15.499266149392204 71.9
      vertex 58.34943816497935 15.570595205269187 71.9
    endloop
  endfacet
  facet normal 0.3368898533922202 -0.9415440651830207 0
    outer loop
      vertex 58.506516048667415 15.626798570744755 75.9
      vertex 58.34943816497935 15.570595205269187 71.9
      vertex 58.506516048667415 15.626798570744755 71.9
    endloop
  endfacet
  facet normal 0.24298017990325874 -0.9700312531945452 0
    outer loop
      vertex 58.668346452572585 15.667334976685492 75.9
      vertex 58.506516048667415 15.626798570744755 71.9
      vertex 58.668346452572585 15.667334976685492 71.9
    endloop
  endfacet
  facet normal 0.14673047445536 -0.9891765099647811 0
    outer loop
      vertex 58.83337086143975 15.691814035342734 75.9
      vertex 58.668346452572585 15.667334976685492 71.9
      vertex 58.83337086143975 15.691814035342734 71.9
    endloop
  endfacet
  facet normal 0.04906767432741787 -0.9987954562051724 0
    outer loop
      vertex 59 15.7 75.9
      vertex 58.83337086143975 15.691814035342734 71.9
      vertex 59 15.7 71.9
    endloop
  endfacet
  facet normal -0.04906767432741787 -0.9987954562051724 0
    outer loop
      vertex 59.16662913856025 15.691814035342734 75.9
      vertex 59 15.7 71.9
      vertex 59.16662913856025 15.691814035342734 71.9
    endloop
  endfacet
  facet normal -0.14673047445536 -0.9891765099647811 0
    outer loop
      vertex 59.331653547427415 15.667334976685492 75.9
      vertex 59.16662913856025 15.691814035342734 71.9
      vertex 59.331653547427415 15.667334976685492 71.9
    endloop
  endfacet
  facet normal 0.3368898533922202 -0.9415440651830207 0
    outer loop
      vertex 58.34943816497935 15.570595205269187 75.9
      vertex 58.34943816497935 15.570595205269187 71.9
      vertex 58.506516048667415 15.626798570744755 75.9
    endloop
  endfacet
  facet normal 0.24298017990325874 -0.9700312531945452 0
    outer loop
      vertex 58.506516048667415 15.626798570744755 75.9
      vertex 58.506516048667415 15.626798570744755 71.9
      vertex 58.668346452572585 15.667334976685492 75.9
    endloop
  endfacet
  facet normal 0.14673047445536 -0.9891765099647811 0
    outer loop
      vertex 58.668346452572585 15.667334976685492 75.9
      vertex 58.668346452572585 15.667334976685492 71.9
      vertex 58.83337086143975 15.691814035342734 75.9
    endloop
  endfacet
  facet normal 0.04906767432741787 -0.9987954562051724 0
    outer loop
      vertex 58.83337086143975 15.691814035342734 75.9
      vertex 58.83337086143975 15.691814035342734 71.9
      vertex 59 15.7 75.9
    endloop
  endfacet
  facet normal -0.04906767432741787 -0.9987954562051724 0
    outer loop
      vertex 59 15.7 75.9
      vertex 59 15.7 71.9
      vertex 59.16662913856025 15.691814035342734 75.9
    endloop
  endfacet
  facet normal -0.14673047445536 -0.9891765099647811 0
    outer loop
      vertex 59.16662913856025 15.691814035342734 75.9
      vertex 59.16662913856025 15.691814035342734 71.9
      vertex 59.331653547427415 15.667334976685492 75.9
    endloop
  endfacet
  facet normal -0.3368898533922202 -0.9415440651830207 0
    outer loop
      vertex 59.65056183502065 15.570595205269187 75.9
      vertex 59.493483951332585 15.626798570744755 71.9
      vertex 59.65056183502065 15.570595205269187 71.9
    endloop
  endfacet
  facet normal -0.4275550934302876 -0.9039892931234408 0
    outer loop
      vertex 59.80137445260419 15.499266149392204 75.9
      vertex 59.65056183502065 15.570595205269187 71.9
      vertex 59.80137445260419 15.499266149392204 71.9
    endloop
  endfacet
  facet normal -0.5141027441932232 -0.8577286100002712 0
    outer loop
      vertex 59.94446939613332 15.413498340914327 75.9
      vertex 59.80137445260419 15.499266149392204 71.9
      vertex 59.94446939613332 15.413498340914327 71.9
    endloop
  endfacet
  facet normal -0.24298017990325874 -0.9700312531945452 0
    outer loop
      vertex 59.493483951332585 15.626798570744755 75.9
      vertex 59.331653547427415 15.667334976685492 71.9
      vertex 59.493483951332585 15.626798570744755 71.9
    endloop
  endfacet
  facet normal -0.6715589548470189 -0.7409511253549588 0
    outer loop
      vertex 60.20208152801713 15.20208152801713 75.9
      vertex 60.0784685830782 15.314117770716653 71.9
      vertex 60.20208152801713 15.20208152801713 71.9
    endloop
  endfacet
  facet normal -0.5956993044924241 -0.8032075314806518 0
    outer loop
      vertex 60.0784685830782 15.314117770716653 75.9
      vertex 59.94446939613332 15.413498340914327 71.9
      vertex 60.0784685830782 15.314117770716653 71.9
    endloop
  endfacet
  facet normal -0.7409511253549487 -0.6715589548470299 0
    outer loop
      vertex 60.314117770716656 15.078468583078198 75.9
      vertex 60.20208152801713 15.20208152801713 71.9
      vertex 60.314117770716656 15.078468583078198 71.9
    endloop
  endfacet
  facet normal -0.3368898533922202 -0.9415440651830207 0
    outer loop
      vertex 59.493483951332585 15.626798570744755 75.9
      vertex 59.493483951332585 15.626798570744755 71.9
      vertex 59.65056183502065 15.570595205269187 75.9
    endloop
  endfacet
  facet normal -0.4275550934302876 -0.9039892931234408 0
    outer loop
      vertex 59.65056183502065 15.570595205269187 75.9
      vertex 59.65056183502065 15.570595205269187 71.9
      vertex 59.80137445260419 15.499266149392204 75.9
    endloop
  endfacet
  facet normal -0.5141027441932232 -0.8577286100002712 0
    outer loop
      vertex 59.80137445260419 15.499266149392204 75.9
      vertex 59.80137445260419 15.499266149392204 71.9
      vertex 59.94446939613332 15.413498340914327 75.9
    endloop
  endfacet
  facet normal -0.24298017990325874 -0.9700312531945452 0
    outer loop
      vertex 59.331653547427415 15.667334976685492 75.9
      vertex 59.331653547427415 15.667334976685492 71.9
      vertex 59.493483951332585 15.626798570744755 75.9
    endloop
  endfacet
  facet normal -0.6715589548470189 -0.7409511253549588 1.9590605146984848e-19
    outer loop
      vertex 60.20208152801713 15.20208152801713 75.9
      vertex 60.0784685830782 15.314117770716653 75.9
      vertex 60.0784685830782 15.314117770716653 71.9
    endloop
  endfacet
  facet normal -0.5956993044924241 -0.8032075314806518 0
    outer loop
      vertex 59.94446939613332 15.413498340914327 75.9
      vertex 59.94446939613332 15.413498340914327 71.9
      vertex 60.0784685830782 15.314117770716653 75.9
    endloop
  endfacet
  facet normal -0.7409511253549487 -0.6715589548470299 0
    outer loop
      vertex 60.20208152801713 15.20208152801713 75.9
      vertex 60.20208152801713 15.20208152801713 71.9
      vertex 60.314117770716656 15.078468583078198 75.9
    endloop
  endfacet
  facet normal -0.8032075314806479 -0.5956993044924292 0
    outer loop
      vertex 60.314117770716656 15.078468583078198 75.9
      vertex 60.314117770716656 15.078468583078198 71.9
      vertex 60.41349834091433 14.944469396133323 75.9
    endloop
  endfacet
  facet normal -0.9039892931234528 0.4275550934302619 0
    outer loop
      vertex 60.499266149392206 13.198625547395803 75.9
      vertex 60.570595205269186 13.349438164979347 71.9
      vertex 60.499266149392206 13.198625547395803 71.9
    endloop
  endfacet
  facet normal -0.9415440651830207 0.3368898533922202 0
    outer loop
      vertex 60.570595205269186 13.349438164979347 75.9
      vertex 60.626798570744754 13.506516048667415 71.9
      vertex 60.570595205269186 13.349438164979347 71.9
    endloop
  endfacet
  facet normal -0.9700312531945465 0.24298017990325374 0
    outer loop
      vertex 60.626798570744754 13.506516048667415 75.9
      vertex 60.66733497668549 13.668346452572582 71.9
      vertex 60.626798570744754 13.506516048667415 71.9
    endloop
  endfacet
  facet normal -0.9891765099647755 0.14673047445539858 0
    outer loop
      vertex 60.66733497668549 13.668346452572582 75.9
      vertex 60.69181403534274 13.833370861439747 71.9
      vertex 60.66733497668549 13.668346452572582 71.9
    endloop
  endfacet
  facet normal -0.857728610000273 0.51410274419322 -5.946905358757322e-19
    outer loop
      vertex 60.41349834091433 13.055530603866677 75.9
      vertex 60.499266149392206 13.198625547395803 75.9
      vertex 60.499266149392206 13.198625547395803 71.9
    endloop
  endfacet
  facet normal -0.9039892931234528 0.4275550934302619 -3.8419292598643933e-19
    outer loop
      vertex 60.499266149392206 13.198625547395803 75.9
      vertex 60.570595205269186 13.349438164979347 75.9
      vertex 60.570595205269186 13.349438164979347 71.9
    endloop
  endfacet
  facet normal -0.9415440651830207 0.3368898533922202 5.252490042289651e-19
    outer loop
      vertex 60.570595205269186 13.349438164979347 75.9
      vertex 60.626798570744754 13.506516048667415 75.9
      vertex 60.626798570744754 13.506516048667415 71.9
    endloop
  endfacet
  facet normal -0.9700312531945465 0.24298017990325374 9.941222818314107e-20
    outer loop
      vertex 60.626798570744754 13.506516048667415 75.9
      vertex 60.66733497668549 13.668346452572582 75.9
      vertex 60.66733497668549 13.668346452572582 71.9
    endloop
  endfacet
  facet normal -0.9987954562051724 0.04906767432741787 0
    outer loop
      vertex 60.69181403534274 13.833370861439747 75.9
      vertex 60.7 14 71.9
      vertex 60.69181403534274 13.833370861439747 71.9
    endloop
  endfacet
  facet normal -0.9987954562051724 -0.04906767432741787 0
    outer loop
      vertex 60.7 14 75.9
      vertex 60.69181403534274 14.166629138560253 71.9
      vertex 60.7 14 71.9
    endloop
  endfacet
  facet normal -0.9891765099647755 -0.14673047445539858 0
    outer loop
      vertex 60.69181403534274 14.166629138560253 75.9
      vertex 60.66733497668549 14.331653547427418 71.9
      vertex 60.69181403534274 14.166629138560253 71.9
    endloop
  endfacet
  facet normal -0.9700312531945465 -0.24298017990325374 0
    outer loop
      vertex 60.66733497668549 14.331653547427418 75.9
      vertex 60.626798570744754 14.493483951332585 71.9
      vertex 60.66733497668549 14.331653547427418 71.9
    endloop
  endfacet
  facet normal -0.9415440651830207 -0.3368898533922202 0
    outer loop
      vertex 60.626798570744754 14.493483951332585 75.9
      vertex 60.570595205269186 14.650561835020653 71.9
      vertex 60.626798570744754 14.493483951332585 71.9
    endloop
  endfacet
  facet normal -0.9039892931234528 -0.4275550934302619 0
    outer loop
      vertex 60.570595205269186 14.650561835020653 75.9
      vertex 60.499266149392206 14.801374452604197 71.9
      vertex 60.570595205269186 14.650561835020653 71.9
    endloop
  endfacet
  facet normal -0.857728610000273 -0.51410274419322 0
    outer loop
      vertex 60.499266149392206 14.801374452604197 75.9
      vertex 60.41349834091433 14.944469396133323 71.9
      vertex 60.499266149392206 14.801374452604197 71.9
    endloop
  endfacet
  facet normal -0.9891765099647755 0.14673047445539858 3.2790482607323377e-19
    outer loop
      vertex 60.66733497668549 13.668346452572582 75.9
      vertex 60.69181403534274 13.833370861439747 75.9
      vertex 60.69181403534274 13.833370861439747 71.9
    endloop
  endfacet
  facet normal -0.9987954562051724 0.04906767432741787 5.0878015108726047e-20
    outer loop
      vertex 60.69181403534274 13.833370861439747 75.9
      vertex 60.7 14 75.9
      vertex 60.7 14 71.9
    endloop
  endfacet
  facet normal -0.9987954562051724 -0.04906767432741787 -5.0878015108726047e-20
    outer loop
      vertex 60.7 14 75.9
      vertex 60.69181403534274 14.166629138560253 75.9
      vertex 60.69181403534274 14.166629138560253 71.9
    endloop
  endfacet
  facet normal -0.9891765099647755 -0.14673047445539858 -3.2790482607323377e-19
    outer loop
      vertex 60.69181403534274 14.166629138560253 75.9
      vertex 60.66733497668549 14.331653547427418 75.9
      vertex 60.66733497668549 14.331653547427418 71.9
    endloop
  endfacet
  facet normal -0.9700312531945465 -0.24298017990325374 -9.941222818314107e-20
    outer loop
      vertex 60.66733497668549 14.331653547427418 75.9
      vertex 60.626798570744754 14.493483951332585 75.9
      vertex 60.626798570744754 14.493483951332585 71.9
    endloop
  endfacet
  facet normal -0.9415440651830207 -0.3368898533922202 0
    outer loop
      vertex 60.570595205269186 14.650561835020653 75.9
      vertex 60.570595205269186 14.650561835020653 71.9
      vertex 60.626798570744754 14.493483951332585 75.9
    endloop
  endfacet
  facet normal -0.9039892931234528 -0.4275550934302619 3.8419292598643933e-19
    outer loop
      vertex 60.570595205269186 14.650561835020653 75.9
      vertex 60.499266149392206 14.801374452604197 75.9
      vertex 60.499266149392206 14.801374452604197 71.9
    endloop
  endfacet
  facet normal 0 0 1
    outer loop
      vertex 56.525126265847085 11.525126265847083 75.9
      vertex 56.52800621225017 11.583748921616786 75.9
      vertex 56.5 11.552848828134419 75.9
    endloop
  endfacet
  facet normal 0 0 1
    outer loop
      vertex 56.525126265847085 11.525126265847083 75.9
      vertex 56.77962350542724 11.879518151268279 75.9
      vertex 56.52800621225017 11.583748921616786 75.9
    endloop
  endfacet
  facet normal 0 0 1
    outer loop
      vertex 56.77962350542724 11.294463413230421 75.9
      vertex 57.05550418443139 11.089856356941091 75.9
      vertex 56.810404319343014 11.921021274363785 75.9
    endloop
  endfacet
  facet normal 0 0 1
    outer loop
      vertex 56.525126265847085 11.525126265847083 75.9
      vertex 56.77962350542724 11.294463413230421 75.9
      vertex 56.77962350542724 11.879518151268279 75.9
    endloop
  endfacet
  facet normal 0 0 1
    outer loop
      vertex 56.77962350542724 11.294463413230421 75.9
      vertex 56.810404319343014 11.921021274363785 75.9
      vertex 56.77962350542724 11.879518151268279 75.9
    endloop
  endfacet
  facet normal 0 0 1
    outer loop
      vertex 56.52800621225017 11.583748921616786 75.9
      vertex 56.77962350542724 11.879518151268279 75.9
      vertex 56.77962350542724 13.287697379598237 75.9
    endloop
  endfacet
  facet normal 0 0 1
    outer loop
      vertex 57.05550418443139 11.089856356941091 75.9
      vertex 56.91014364305891 13.95126184920074 75.9
      vertex 56.810404319343014 11.921021274363785 75.9
    endloop
  endfacet
  facet normal 0 0 1
    outer loop
      vertex 57.05550418443139 11.089856356941091 75.9
      vertex 57.22162761112844 12.635340243181357 75.9
      vertex 57.12097405452743 12.422526178093051 75.9
    endloop
  endfacet
  facet normal 0 0 1
    outer loop
      vertex 57.05550418443139 11.089856356941091 75.9
      vertex 57.12097405452743 12.422526178093051 75.9
      vertex 56.91014364305891 13.95126184920074 75.9
    endloop
  endfacet
  facet normal 0 0 1
    outer loop
      vertex 57.98400362960938 10.650708824937269 75.9
      vertex 58.31718387294355 10.567251518588694 75.9
      vertex 58.19862554739581 12.500733850607796 75.9
    endloop
  endfacet
  facet normal 0 0 1
    outer loop
      vertex 57.350111421109006 10.913275574780757 75.9
      vertex 57.22162761112844 12.635340243181357 75.9
      vertex 57.05550418443139 11.089856356941091 75.9
    endloop
  endfacet
  facet normal 0 0 1
    outer loop
      vertex 57.350111421109006 10.913275574780757 75.9
      vertex 57.660607986722184 10.766421636210497 75.9
      vertex 57.58650165908567 13.055530603866677 75.9
    endloop
  endfacet
  facet normal 0 0 1
    outer loop
      vertex 57.350111421109006 10.913275574780757 75.9
      vertex 57.24135170286158 12.81883793854185 75.9
      vertex 57.22162761112844 12.635340243181357 75.9
    endloop
  endfacet
  facet normal 0 0 1
    outer loop
      vertex 57.350111421109006 10.913275574780757 75.9
      vertex 57.33721237362585 12.95024564107722 75.9
      vertex 57.24135170286158 12.81883793854185 75.9
    endloop
  endfacet
  facet normal 0 0 1
    outer loop
      vertex 57.350111421109006 10.913275574780757 75.9
      vertex 57.369258797997105 13.063718848793338 75.9
      vertex 57.33721237362585 12.95024564107722 75.9
    endloop
  endfacet
  facet normal 0 0 1
    outer loop
      vertex 57.350111421109006 10.913275574780757 75.9
      vertex 57.42769880823714 13.29702444759736 75.9
      vertex 57.369258797997105 13.063718848793338 75.9
    endloop
  endfacet
  facet normal 0 0 1
    outer loop
      vertex 57.350111421109006 10.913275574780757 75.9
      vertex 57.500733850607794 13.198625547395803 75.9
      vertex 57.42769880823714 13.29702444759736 75.9
    endloop
  endfacet
  facet normal 0 0 1
    outer loop
      vertex 57.660607986722184 10.766421636210497 75.9
      vertex 57.79791847198287 12.79791847198287 75.9
      vertex 57.685882229283344 12.921531416921802 75.9
    endloop
  endfacet
  facet normal 0 0 1
    outer loop
      vertex 57.350111421109006 10.913275574780757 75.9
      vertex 57.58650165908567 13.055530603866677 75.9
      vertex 57.500733850607794 13.198625547395803 75.9
    endloop
  endfacet
  facet normal 0 0 1
    outer loop
      vertex 57.660607986722184 10.766421636210497 75.9
      vertex 57.685882229283344 12.921531416921802 75.9
      vertex 57.58650165908567 13.055530603866677 75.9
    endloop
  endfacet
  facet normal 0 0 1
    outer loop
      vertex 57.660607986722184 10.766421636210497 75.9
      vertex 57.98400362960938 10.650708824937269 75.9
      vertex 57.9215314169218 12.685882229283347 75.9
    endloop
  endfacet
  facet normal 0 0 1
    outer loop
      vertex 57.660607986722184 10.766421636210497 75.9
      vertex 57.9215314169218 12.685882229283347 75.9
      vertex 57.79791847198287 12.79791847198287 75.9
    endloop
  endfacet
  facet normal 0 0 1
    outer loop
      vertex 57.98400362960938 10.650708824937269 75.9
      vertex 58.05553060386668 12.586501659085673 75.9
      vertex 57.9215314169218 12.685882229283347 75.9
    endloop
  endfacet
  facet normal 0 0 1
    outer loop
      vertex 57.98400362960938 10.650708824937269 75.9
      vertex 58.19862554739581 12.500733850607796 75.9
      vertex 58.05553060386668 12.586501659085673 75.9
    endloop
  endfacet
  facet normal 0 0 1
    outer loop
      vertex 56.52800621225017 11.583748921616786 75.9
      vertex 56.77962350542724 13.287697379598237 75.9
      vertex 56.70553658676958 15.197462712598583 75.9
    endloop
  endfacet
  facet normal 0 0 1
    outer loop
      vertex 56.525126265847085 12.548040047821383 75.9
      vertex 56.70553658676958 15.197462712598583 75.9
      vertex 56.525126265847085 16.474873734152915 75.9
    endloop
  endfacet
  facet normal 0 0 1
    outer loop
      vertex 56.77962350542724 13.287697379598237 75.9
      vertex 56.91014364305891 13.95126184920074 75.9
      vertex 57.0006470038766 15.793500080277738 75.9
    endloop
  endfacet
  facet normal 0 0 1
    outer loop
      vertex 57.12097405452743 12.422526178093051 75.9
      vertex 57.05550418443139 15.014385978289551 75.9
      vertex 56.91014364305891 13.95126184920074 75.9
    endloop
  endfacet
  facet normal 0 0 1
    outer loop
      vertex 57.12097405452743 12.422526178093051 75.9
      vertex 57.26056518437395 15.263968902419482 75.9
      vertex 57.05550418443139 15.014385978289551 75.9
    endloop
  endfacet
  facet normal 0 0 1
    outer loop
      vertex 57.33721237362585 12.95024564107722 75.9
      vertex 57.369258797997105 13.063718848793338 75.9
      vertex 57.37281201956511 13.46278141838994 75.9
    endloop
  endfacet
  facet normal 0 0 1
    outer loop
      vertex 57.42769880823714 13.29702444759736 75.9
      vertex 57.500733850607794 13.198625547395803 75.9
      vertex 57.43274848141131 13.342368533474138 75.9
    endloop
  endfacet
  facet normal 0 0 1
    outer loop
      vertex 57.33721237362585 12.95024564107722 75.9
      vertex 57.37281201956511 13.46278141838994 75.9
      vertex 57.34929117506273 13.601971134130766 75.9
    endloop
  endfacet
  facet normal 0 0 1
    outer loop
      vertex 57.33517961763317 14.72874901999512 75.9
      vertex 57.34929117506273 14.398028865869234 75.9
      vertex 57.369258797997105 14.936281151206662 75.9
    endloop
  endfacet
  facet normal 0 0 1
    outer loop
      vertex 57.43136783013304 14.654712324660238 75.9
      vertex 57.500733850607794 14.801374452604197 75.9
      vertex 57.42769880823714 14.70297555240264 75.9
    endloop
  endfacet
  facet normal 0 0 1
    outer loop
      vertex 58.31718387294355 10.567251518588694 75.9
      vertex 58.65694000884654 10.516853456647311 75.9
      vertex 58.506516048667415 12.373201429255245 75.9
    endloop
  endfacet
  facet normal 0 0 1
    outer loop
      vertex 58.65694000884654 10.516853456647311 75.9
      vertex 59 10.5 75.9
      vertex 58.83337086143975 12.308185964657266 75.9
    endloop
  endfacet
  facet normal 0 0 1
    outer loop
      vertex 59 10.5 75.9
      vertex 59.34305999115346 10.516853456647311 75.9
      vertex 59 12.3 75.9
    endloop
  endfacet
  facet normal 0 0 1
    outer loop
      vertex 58.31718387294355 10.567251518588694 75.9
      vertex 58.34943816497935 12.429404794730813 75.9
      vertex 58.19862554739581 12.500733850607796 75.9
    endloop
  endfacet
  facet normal 0 0 1
    outer loop
      vertex 58.31718387294355 10.567251518588694 75.9
      vertex 58.506516048667415 12.373201429255245 75.9
      vertex 58.34943816497935 12.429404794730813 75.9
    endloop
  endfacet
  facet normal 0 0 1
    outer loop
      vertex 58.65694000884654 10.516853456647311 75.9
      vertex 58.668346452572585 12.332665023314508 75.9
      vertex 58.506516048667415 12.373201429255245 75.9
    endloop
  endfacet
  facet normal 0 0 1
    outer loop
      vertex 58.65694000884654 10.516853456647311 75.9
      vertex 58.83337086143975 12.308185964657266 75.9
      vertex 58.668346452572585 12.332665023314508 75.9
    endloop
  endfacet
  facet normal 0 0 1
    outer loop
      vertex 59 10.5 75.9
      vertex 59 12.3 75.9
      vertex 58.83337086143975 12.308185964657266 75.9
    endloop
  endfacet
  facet normal 0 0 1
    outer loop
      vertex 59.34305999115346 10.516853456647311 75.9
      vertex 59.16662913856025 12.308185964657266 75.9
      vertex 59 12.3 75.9
    endloop
  endfacet
  facet normal 0 0 1
    outer loop
      vertex 59.34305999115346 10.516853456647311 75.9
      vertex 59.331653547427415 12.332665023314508 75.9
      vertex 59.16662913856025 12.308185964657266 75.9
    endloop
  endfacet
  facet normal 0 0 1
    outer loop
      vertex 59.34305999115346 10.516853456647311 75.9
      vertex 59.68281612705645 10.567251518588694 75.9
      vertex 59.331653547427415 12.332665023314508 75.9
    endloop
  endfacet
  facet normal 0 0 1
    outer loop
      vertex 59.68281612705645 10.567251518588694 75.9
      vertex 60.01599637039062 10.650708824937269 75.9
      vertex 59.65056183502065 12.429404794730813 75.9
    endloop
  endfacet
  facet normal 0 0 1
    outer loop
      vertex 59.68281612705645 10.567251518588694 75.9
      vertex 59.493483951332585 12.373201429255245 75.9
      vertex 59.331653547427415 12.332665023314508 75.9
    endloop
  endfacet
  facet normal 0 0 1
    outer loop
      vertex 59.68281612705645 10.567251518588694 75.9
      vertex 59.65056183502065 12.429404794730813 75.9
      vertex 59.493483951332585 12.373201429255245 75.9
    endloop
  endfacet
  facet normal 0 0 1
    outer loop
      vertex 59.65056183502065 12.429404794730813 75.9
      vertex 60.01599637039062 10.650708824937269 75.9
      vertex 59.80137445260419 12.500733850607796 75.9
    endloop
  endfacet
  facet normal 0 0 1
    outer loop
      vertex 60.01599637039062 10.650708824937269 75.9
      vertex 60.339392013277816 10.766421636210497 75.9
      vertex 60.0784685830782 12.685882229283347 75.9
    endloop
  endfacet
  facet normal 0 0 1
    outer loop
      vertex 59.80137445260419 12.500733850607796 75.9
      vertex 60.01599637039062 10.650708824937269 75.9
      vertex 59.94446939613332 12.586501659085673 75.9
    endloop
  endfacet
  facet normal 0 0 1
    outer loop
      vertex 59.94446939613332 12.586501659085673 75.9
      vertex 60.01599637039062 10.650708824937269 75.9
      vertex 60.0784685830782 12.685882229283347 75.9
    endloop
  endfacet
  facet normal 0 0 1
    outer loop
      vertex 60.339392013277816 10.766421636210497 75.9
      vertex 60.20208152801713 12.79791847198287 75.9
      vertex 60.0784685830782 12.685882229283347 75.9
    endloop
  endfacet
  facet normal 0 0 1
    outer loop
      vertex 60.339392013277816 10.766421636210497 75.9
      vertex 60.314117770716656 12.921531416921802 75.9
      vertex 60.20208152801713 12.79791847198287 75.9
    endloop
  endfacet
  facet normal 0 0 1
    outer loop
      vertex 60.339392013277816 10.766421636210497 75.9
      vertex 60.41349834091433 13.055530603866677 75.9
      vertex 60.314117770716656 12.921531416921802 75.9
    endloop
  endfacet
  facet normal 0.5956993044924326 0.8032075314806455 0
    outer loop
      vertex 56.77962350542724 11.294463413230421 75.9
      vertex 56.77962350542724 11.294463413230421 84.17016179034914
      vertex 57.05550418443139 11.089856356941091 75.9
    endloop
  endfacet
  facet normal 0.5141027441932248 0.8577286100002702 -8.438809580196821e-19
    outer loop
      vertex 57.350111421109006 10.913275574780757 75.9
      vertex 57.05550418443139 11.089856356941091 75.9
      vertex 57.05550418443139 11.089856356941091 84.42251049310599
    endloop
  endfacet
  facet normal 0.7409511253549406 0.671558954847039 1.3491489452339045e-19
    outer loop
      vertex 56.525126265847085 11.525126265847083 75.9
      vertex 56.5 11.552848828134419 75.9
      vertex 56.5 11.552848828134419 83.85148644530088
    endloop
  endfacet
  facet normal 0.6715589548470222 0.7409511253549557 0
    outer loop
      vertex 56.525126265847085 11.525126265847083 75.9
      vertex 56.525126265847085 11.525126265847083 83.88567760545527
      vertex 56.77962350542724 11.294463413230421 75.9
    endloop
  endfacet
  facet normal 0.4275550934302787 0.903989293123445 0
    outer loop
      vertex 57.350111421109006 10.913275574780757 75.9
      vertex 57.350111421109006 10.913275574780757 84.64029345777041
      vertex 57.660607986722184 10.766421636210497 75.9
    endloop
  endfacet
  facet normal 0.2429801799032602 0.970031253194545 0
    outer loop
      vertex 57.98400362960938 10.650708824937269 75.9
      vertex 57.98400362960938 10.650708824937269 84.96412578257737
      vertex 58.31718387294355 10.567251518588694 75.9
    endloop
  endfacet
  facet normal 0.3368898533922198 0.9415440651830209 0
    outer loop
      vertex 57.660607986722184 10.766421636210497 75.9
      vertex 57.660607986722184 10.766421636210497 84.82141331534038
      vertex 57.98400362960938 10.650708824937269 75.9
    endloop
  endfacet
  facet normal 0.5956993044924326 0.8032075314806456 0
    outer loop
      vertex 57.05550418443139 11.089856356941091 75.9
      vertex 56.77962350542724 11.294463413230421 84.17016179034914
      vertex 57.05550418443139 11.089856356941091 84.42251049310599
    endloop
  endfacet
  facet normal 0.7409511253549405 0.6715589548470389 0
    outer loop
      vertex 56.525126265847085 11.525126265847083 75.9
      vertex 56.5 11.552848828134419 83.85148644530088
      vertex 56.525126265847085 11.525126265847083 83.88567760545527
    endloop
  endfacet
  facet normal 0.6715589548470221 0.7409511253549556 0
    outer loop
      vertex 56.77962350542724 11.294463413230421 75.9
      vertex 56.525126265847085 11.525126265847083 83.88567760545527
      vertex 56.77962350542724 11.294463413230421 84.17016179034914
    endloop
  endfacet
  facet normal 0.5141027441932248 0.8577286100002702 0
    outer loop
      vertex 57.350111421109006 10.913275574780757 75.9
      vertex 57.05550418443139 11.089856356941091 84.42251049310599
      vertex 57.350111421109006 10.913275574780757 84.64029345777041
    endloop
  endfacet
  facet normal 0.4275550934302786 0.903989293123445 0
    outer loop
      vertex 57.660607986722184 10.766421636210497 75.9
      vertex 57.350111421109006 10.913275574780757 84.64029345777041
      vertex 57.660607986722184 10.766421636210497 84.82141331534038
    endloop
  endfacet
  facet normal 0.2429801799032602 0.9700312531945449 0
    outer loop
      vertex 58.31718387294355 10.567251518588694 75.9
      vertex 57.98400362960938 10.650708824937269 84.96412578257737
      vertex 58.31718387294355 10.567251518588694 85.06705646040727
    endloop
  endfacet
  facet normal 0.3368898533922197 0.9415440651830209 0
    outer loop
      vertex 57.98400362960938 10.650708824937269 75.9
      vertex 57.660607986722184 10.766421636210497 84.82141331534038
      vertex 57.98400362960938 10.650708824937269 84.96412578257737
    endloop
  endfacet
  facet normal 0.14673047445536286 0.9891765099647808 0
    outer loop
      vertex 58.31718387294355 10.567251518588694 75.9
      vertex 58.31718387294355 10.567251518588694 85.06705646040727
      vertex 58.65694000884654 10.516853456647311 75.9
    endloop
  endfacet
  facet normal 0.0490676743274195 0.9987954562051724 0
    outer loop
      vertex 58.65694000884654 10.516853456647311 75.9
      vertex 58.65694000884654 10.516853456647311 85.12921407013498
      vertex 59 10.5 75.9
    endloop
  endfacet
  facet normal -0.04906767432741951 0.9987954562051724 -8.989631595603267e-20
    outer loop
      vertex 59 10.5 75.9
      vertex 59.34305999115346 10.516853456647311 85.12921407013499
      vertex 59.34305999115346 10.516853456647311 75.9
    endloop
  endfacet
  facet normal -0.14673047445536286 0.9891765099647808 4.424810346082602e-19
    outer loop
      vertex 59.34305999115346 10.516853456647311 75.9
      vertex 59.68281612705645 10.567251518588694 85.06705646040727
      vertex 59.68281612705645 10.567251518588694 75.9
    endloop
  endfacet
  facet normal -0.2429801799032602 0.970031253194545 -1.0724782126976584e-20
    outer loop
      vertex 59.68281612705645 10.567251518588694 75.9
      vertex 60.01599637039062 10.650708824937269 84.96412578257737
      vertex 60.01599637039062 10.650708824937269 75.9
    endloop
  endfacet
  facet normal -0.3368898533922198 0.9415440651830209 3.0718490890147835e-19
    outer loop
      vertex 60.01599637039062 10.650708824937269 75.9
      vertex 60.339392013277816 10.766421636210497 84.82141331534038
      vertex 60.339392013277816 10.766421636210497 75.9
    endloop
  endfacet
  facet normal 0.14673047445536283 0.9891765099647808 0
    outer loop
      vertex 58.65694000884654 10.516853456647311 75.9
      vertex 58.31718387294355 10.567251518588694 85.06705646040727
      vertex 58.65694000884654 10.516853456647311 85.12921407013498
    endloop
  endfacet
  facet normal 0.0490676743274195 0.9987954562051723 0
    outer loop
      vertex 59 10.5 75.9
      vertex 58.65694000884654 10.516853456647311 85.12921407013498
      vertex 59 10.5 85.15
    endloop
  endfacet
  facet normal -0.0490676743274195 0.9987954562051723 0
    outer loop
      vertex 59 10.5 75.9
      vertex 59 10.5 85.15
      vertex 59.34305999115346 10.516853456647311 85.12921407013499
    endloop
  endfacet
  facet normal -0.4275550934302786 0.903989293123445 0
    outer loop
      vertex 60.339392013277816 10.766421636210497 75.9
      vertex 60.339392013277816 10.766421636210497 84.82141331534038
      vertex 60.649888578890994 10.913275574780757 84.6402934577704
    endloop
  endfacet
  facet normal -0.14673047445536283 0.9891765099647808 0
    outer loop
      vertex 59.34305999115346 10.516853456647311 75.9
      vertex 59.34305999115346 10.516853456647311 85.12921407013499
      vertex 59.68281612705645 10.567251518588694 85.06705646040727
    endloop
  endfacet
  facet normal -0.2429801799032602 0.9700312531945449 0
    outer loop
      vertex 59.68281612705645 10.567251518588694 75.9
      vertex 59.68281612705645 10.567251518588694 85.06705646040727
      vertex 60.01599637039062 10.650708824937269 84.96412578257737
    endloop
  endfacet
  facet normal -0.3368898533922197 0.9415440651830209 0
    outer loop
      vertex 60.01599637039062 10.650708824937269 75.9
      vertex 60.01599637039062 10.650708824937269 84.96412578257737
      vertex 60.339392013277816 10.766421636210497 84.82141331534038
    endloop
  endfacet
  facet normal 0 0 1
    outer loop
      vertex 56.525126265847085 12.548040047821383 75.9
      vertex 56.525126265847085 16.474873734152915 75.9
      vertex 56.522542471283835 16.422279387571013 75.9
    endloop
  endfacet
  facet normal 0 0 1
    outer loop
      vertex 56.70553658676958 15.197462712598583 75.9
      vertex 56.77962350542724 13.287697379598237 75.9
      vertex 56.77962350542724 16.70553658676958 75.9
    endloop
  endfacet
  facet normal 0 0 1
    outer loop
      vertex 56.77962350542724 13.287697379598237 75.9
      vertex 57.0006470038766 15.793500080277738 75.9
      vertex 56.77962350542724 16.70553658676958 75.9
    endloop
  endfacet
  facet normal 0 0 1
    outer loop
      vertex 56.70553658676958 15.197462712598583 75.9
      vertex 56.77962350542724 16.70553658676958 75.9
      vertex 56.525126265847085 16.474873734152915 75.9
    endloop
  endfacet
  facet normal 0 0 1
    outer loop
      vertex 57.05550418443139 15.014385978289551 75.9
      vertex 57.05550418443139 16.91014364305891 75.9
      vertex 57.0006470038766 15.793500080277738 75.9
    endloop
  endfacet
  facet normal 0 0 1
    outer loop
      vertex 57.05550418443139 15.014385978289551 75.9
      vertex 57.26056518437395 15.263968902419482 75.9
      vertex 57.05550418443139 16.91014364305891 75.9
    endloop
  endfacet
  facet normal 0 0 1
    outer loop
      vertex 56.5 16.447151171865578 75.9
      vertex 56.522542471283835 16.422279387571013 75.9
      vertex 56.525126265847085 16.474873734152915 75.9
    endloop
  endfacet
  facet normal 0 0 1
    outer loop
      vertex 57.0006470038766 15.793500080277738 75.9
      vertex 57.05550418443139 16.91014364305891 75.9
      vertex 56.77962350542724 16.70553658676958 75.9
    endloop
  endfacet
  facet normal 0.7409511253549621 -0.6715589548470153 4.599128869275654e-19
    outer loop
      vertex 56.5 16.447151171865578 75.9
      vertex 56.525126265847085 16.474873734152915 75.9
      vertex 56.525126265847085 16.474873734152915 77.78098906121141
    endloop
  endfacet
  facet normal 0.7409511253549621 -0.6715589548470153 0
    outer loop
      vertex 56.5 16.447151171865578 75.9
      vertex 56.525126265847085 16.474873734152915 77.78098906121141
      vertex 56.5 16.447151171865578 77.8151802213658
    endloop
  endfacet
  facet normal 0.671558954847025 -0.740951125354953 0
    outer loop
      vertex 56.525126265847085 16.474873734152915 75.9
      vertex 56.77962350542724 16.70553658676958 77.49650487631752
      vertex 56.525126265847085 16.474873734152915 77.78098906121141
    endloop
  endfacet
  facet normal 0.671558954847025 -0.740951125354953 2.6360089131451998e-18
    outer loop
      vertex 56.525126265847085 16.474873734152915 75.9
      vertex 56.77962350542724 16.70553658676958 75.9
      vertex 56.77962350542724 16.70553658676958 77.49650487631752
    endloop
  endfacet
  facet normal 0.5956993044924326 -0.8032075314806456 -6.956053395622874e-18
    outer loop
      vertex 56.77962350542724 16.70553658676958 75.9
      vertex 57.05550418443139 16.91014364305891 75.9
      vertex 57.05550418443139 16.91014364305891 77.24415617356068
    endloop
  endfacet
  facet normal 0.5956993044924325 -0.8032075314806456 0
    outer loop
      vertex 56.77962350542724 16.70553658676958 75.9
      vertex 57.05550418443139 16.91014364305891 77.24415617356068
      vertex 56.77962350542724 16.70553658676958 77.49650487631752
    endloop
  endfacet
  facet normal 0.514102744193221 -0.8577286100002725 0
    outer loop
      vertex 57.05550418443139 16.91014364305891 75.9
      vertex 57.350111421109006 17.08672442521924 77.02637320889627
      vertex 57.05550418443139 16.91014364305891 77.24415617356068
    endloop
  endfacet
  facet normal 0 0 1
    outer loop
      vertex 57.30030676317769 14.018895760135495 75.9
      vertex 57.33517961763317 14.72874901999512 75.9
      vertex 57.350111421109006 17.08672442521924 75.9
    endloop
  endfacet
  facet normal 0 0 1
    outer loop
      vertex 57.30030676317769 14.018895760135495 75.9
      vertex 57.350111421109006 17.08672442521924 75.9
      vertex 57.26056518437395 15.263968902419482 75.9
    endloop
  endfacet
  facet normal 0 0 1
    outer loop
      vertex 57.33517961763317 14.72874901999512 75.9
      vertex 57.369258797997105 14.936281151206662 75.9
      vertex 57.350111421109006 17.08672442521924 75.9
    endloop
  endfacet
  facet normal 0 0 1
    outer loop
      vertex 57.42769880823714 14.70297555240264 75.9
      vertex 57.350111421109006 17.08672442521924 75.9
      vertex 57.369258797997105 14.936281151206662 75.9
    endloop
  endfacet
  facet normal 0 0 1
    outer loop
      vertex 57.42769880823714 14.70297555240264 75.9
      vertex 57.500733850607794 14.801374452604197 75.9
      vertex 57.350111421109006 17.08672442521924 75.9
    endloop
  endfacet
  facet normal 0 0 1
    outer loop
      vertex 57.500733850607794 14.801374452604197 75.9
      vertex 57.58650165908567 14.944469396133323 75.9
      vertex 57.350111421109006 17.08672442521924 75.9
    endloop
  endfacet
  facet normal 0 0 1
    outer loop
      vertex 57.58650165908567 14.944469396133323 75.9
      vertex 57.685882229283344 15.078468583078198 75.9
      vertex 57.660607986722184 17.233578363789505 75.9
    endloop
  endfacet
  facet normal 0 0 1
    outer loop
      vertex 57.685882229283344 15.078468583078198 75.9
      vertex 57.79791847198287 15.20208152801713 75.9
      vertex 57.660607986722184 17.233578363789505 75.9
    endloop
  endfacet
  facet normal 0 0 1
    outer loop
      vertex 57.79791847198287 15.20208152801713 75.9
      vertex 57.9215314169218 15.314117770716653 75.9
      vertex 57.660607986722184 17.233578363789505 75.9
    endloop
  endfacet
  facet normal 0 0 1
    outer loop
      vertex 57.9215314169218 15.314117770716653 75.9
      vertex 58.05553060386668 15.413498340914327 75.9
      vertex 57.98400362960938 17.34929117506273 75.9
    endloop
  endfacet
  facet normal 0 0 1
    outer loop
      vertex 58.05553060386668 15.413498340914327 75.9
      vertex 58.19862554739581 15.499266149392204 75.9
      vertex 57.98400362960938 17.34929117506273 75.9
    endloop
  endfacet
  facet normal 0 0 1
    outer loop
      vertex 58.19862554739581 15.499266149392204 75.9
      vertex 58.34943816497935 15.570595205269187 75.9
      vertex 57.98400362960938 17.34929117506273 75.9
    endloop
  endfacet
  facet normal 0 0 1
    outer loop
      vertex 57.26056518437395 15.263968902419482 75.9
      vertex 57.350111421109006 17.08672442521924 75.9
      vertex 57.05550418443139 16.91014364305891 75.9
    endloop
  endfacet
  facet normal 0 0 1
    outer loop
      vertex 57.58650165908567 14.944469396133323 75.9
      vertex 57.660607986722184 17.233578363789505 75.9
      vertex 57.350111421109006 17.08672442521924 75.9
    endloop
  endfacet
  facet normal 0 0 1
    outer loop
      vertex 57.9215314169218 15.314117770716653 75.9
      vertex 57.98400362960938 17.34929117506273 75.9
      vertex 57.660607986722184 17.233578363789505 75.9
    endloop
  endfacet
  facet normal 0 0 1
    outer loop
      vertex 58.34943816497935 15.570595205269187 75.9
      vertex 58.31718387294355 17.432748481411306 75.9
      vertex 57.98400362960938 17.34929117506273 75.9
    endloop
  endfacet
  facet normal 0.2429801799032602 -0.970031253194545 -1.3894990856324167e-19
    outer loop
      vertex 57.98400362960938 17.34929117506273 75.9
      vertex 58.31718387294355 17.432748481411306 75.9
      vertex 58.31718387294355 17.432748481411306 76.5996102062594
    endloop
  endfacet
  facet normal 0.514102744193221 -0.8577286100002726 -1.1380269455374257e-18
    outer loop
      vertex 57.05550418443139 16.91014364305891 75.9
      vertex 57.350111421109006 17.08672442521924 75.9
      vertex 57.350111421109006 17.08672442521924 77.02637320889627
    endloop
  endfacet
  facet normal 0.4275550934302871 -0.9039892931234411 0
    outer loop
      vertex 57.350111421109006 17.08672442521924 75.9
      vertex 57.660607986722184 17.233578363789505 76.84525335132628
      vertex 57.350111421109006 17.08672442521924 77.02637320889627
    endloop
  endfacet
  facet normal 0.427555093430287 -0.903989293123441 -6.184425806714498e-18
    outer loop
      vertex 57.350111421109006 17.08672442521924 75.9
      vertex 57.660607986722184 17.233578363789505 75.9
      vertex 57.660607986722184 17.233578363789505 76.84525335132628
    endloop
  endfacet
  facet normal 0.3368898533922151 -0.9415440651830225 8.719081858048586e-18
    outer loop
      vertex 57.660607986722184 17.233578363789505 75.9
      vertex 57.98400362960938 17.34929117506273 75.9
      vertex 57.98400362960938 17.34929117506273 76.7025408840893
    endloop
  endfacet
  facet normal 0.3368898533922152 -0.9415440651830226 0
    outer loop
      vertex 57.660607986722184 17.233578363789505 75.9
      vertex 57.98400362960938 17.34929117506273 76.7025408840893
      vertex 57.660607986722184 17.233578363789505 76.84525335132628
    endloop
  endfacet
  facet normal 0.24298017990326015 -0.970031253194545 0
    outer loop
      vertex 57.98400362960938 17.34929117506273 75.9
      vertex 58.31718387294355 17.432748481411306 76.5996102062594
      vertex 57.98400362960938 17.34929117506273 76.7025408840893
    endloop
  endfacet
  facet normal 0 0 1
    outer loop
      vertex 58.34943816497935 15.570595205269187 75.9
      vertex 58.506516048667415 15.626798570744755 75.9
      vertex 58.31718387294355 17.432748481411306 75.9
    endloop
  endfacet
  facet normal 0 0 1
    outer loop
      vertex 58.31718387294355 17.432748481411306 75.9
      vertex 58.506516048667415 15.626798570744755 75.9
      vertex 58.668346452572585 15.667334976685492 75.9
    endloop
  endfacet
  facet normal 0 0 1
    outer loop
      vertex 58.31718387294355 17.432748481411306 75.9
      vertex 58.668346452572585 15.667334976685492 75.9
      vertex 58.65694000884654 17.48314654335269 75.9
    endloop
  endfacet
  facet normal 0 0 1
    outer loop
      vertex 58.668346452572585 15.667334976685492 75.9
      vertex 58.83337086143975 15.691814035342734 75.9
      vertex 58.65694000884654 17.48314654335269 75.9
    endloop
  endfacet
  facet normal 0.14673047445536283 -0.9891765099647808 6.363216102629379e-18
    outer loop
      vertex 58.31718387294355 17.432748481411306 75.9
      vertex 58.65694000884654 17.48314654335269 75.9
      vertex 58.65694000884654 17.48314654335269 76.5374525965317
    endloop
  endfacet
  facet normal 0 0 1
    outer loop
      vertex 58.83337086143975 15.691814035342734 75.9
      vertex 59 15.7 75.9
      vertex 58.65694000884654 17.48314654335269 75.9
    endloop
  endfacet
  facet normal 0 0 1
    outer loop
      vertex 59 15.7 75.9
      vertex 59.16662913856025 15.691814035342734 75.9
      vertex 59 17.5 75.9
    endloop
  endfacet
  facet normal 0 0 1
    outer loop
      vertex 59.16662913856025 15.691814035342734 75.9
      vertex 59.331653547427415 15.667334976685492 75.9
      vertex 59.34305999115346 17.48314654335269 75.9
    endloop
  endfacet
  facet normal 0 0 1
    outer loop
      vertex 59 15.7 75.9
      vertex 59 17.5 75.9
      vertex 58.65694000884654 17.48314654335269 75.9
    endloop
  endfacet
  facet normal 0.0490676743274195 -0.9987954562051723 -1.345414612013069e-18
    outer loop
      vertex 58.65694000884654 17.48314654335269 75.9
      vertex 59 17.5 75.9
      vertex 59 17.5 76.51666666666667
    endloop
  endfacet
  facet normal 0 0 1
    outer loop
      vertex 59 17.5 75.9
      vertex 59.16662913856025 15.691814035342734 75.9
      vertex 59.34305999115346 17.48314654335269 75.9
    endloop
  endfacet
  facet normal -0.0490676743274195 -0.9987954562051723 0
    outer loop
      vertex 59 17.5 75.9
      vertex 59.34305999115346 17.48314654335269 75.9
      vertex 59 17.5 76.51666666666667
    endloop
  endfacet
  facet normal 0.14673047445536286 -0.9891765099647808 0
    outer loop
      vertex 58.31718387294355 17.432748481411306 75.9
      vertex 58.65694000884654 17.48314654335269 76.5374525965317
      vertex 58.31718387294355 17.432748481411306 76.5996102062594
    endloop
  endfacet
  facet normal 0.04906767432741949 -0.9987954562051723 0
    outer loop
      vertex 58.65694000884654 17.48314654335269 75.9
      vertex 59 17.5 76.51666666666667
      vertex 58.65694000884654 17.48314654335269 76.5374525965317
    endloop
  endfacet
  facet normal -0.04906767432741949 -0.9987954562051723 0
    outer loop
      vertex 59.34305999115346 17.48314654335269 75.9
      vertex 59.34305999115346 17.48314654335269 76.5374525965317
      vertex 59 17.5 76.51666666666667
    endloop
  endfacet
  facet normal 0 0 1
    outer loop
      vertex 59.493483951332585 15.626798570744755 75.9
      vertex 59.65056183502065 15.570595205269187 75.9
      vertex 59.68281612705645 17.432748481411306 75.9
    endloop
  endfacet
  facet normal 0 0 1
    outer loop
      vertex 59.65056183502065 15.570595205269187 75.9
      vertex 59.80137445260419 15.499266149392204 75.9
      vertex 59.68281612705645 17.432748481411306 75.9
    endloop
  endfacet
  facet normal 0 0 1
    outer loop
      vertex 59.80137445260419 15.499266149392204 75.9
      vertex 59.94446939613332 15.413498340914327 75.9
      vertex 60.01599637039062 17.34929117506273 75.9
    endloop
  endfacet
  facet normal 0 0 1
    outer loop
      vertex 59.94446939613332 15.413498340914327 75.9
      vertex 60.0784685830782 15.314117770716653 75.9
      vertex 60.01599637039062 17.34929117506273 75.9
    endloop
  endfacet
  facet normal 0 0 1
    outer loop
      vertex 60.20208152801713 15.20208152801713 75.9
      vertex 60.339392013277816 17.233578363789505 75.9
      vertex 60.0784685830782 15.314117770716653 75.9
    endloop
  endfacet
  facet normal 0 0 1
    outer loop
      vertex 60.20208152801713 15.20208152801713 75.9
      vertex 60.314117770716656 15.078468583078198 75.9
      vertex 60.339392013277816 17.233578363789505 75.9
    endloop
  endfacet
  facet normal 0 0 1
    outer loop
      vertex 60.314117770716656 15.078468583078198 75.9
      vertex 60.41349834091433 14.944469396133323 75.9
      vertex 60.339392013277816 17.233578363789505 75.9
    endloop
  endfacet
  facet normal 0 0 1
    outer loop
      vertex 59.331653547427415 15.667334976685492 75.9
      vertex 59.493483951332585 15.626798570744755 75.9
      vertex 59.34305999115346 17.48314654335269 75.9
    endloop
  endfacet
  facet normal 0 0 1
    outer loop
      vertex 59.493483951332585 15.626798570744755 75.9
      vertex 59.68281612705645 17.432748481411306 75.9
      vertex 59.34305999115346 17.48314654335269 75.9
    endloop
  endfacet
  facet normal 0 0 1
    outer loop
      vertex 59.80137445260419 15.499266149392204 75.9
      vertex 60.01599637039062 17.34929117506273 75.9
      vertex 59.68281612705645 17.432748481411306 75.9
    endloop
  endfacet
  facet normal -0.14673047445536283 -0.9891765099647808 0
    outer loop
      vertex 59.34305999115346 17.48314654335269 75.9
      vertex 59.68281612705645 17.432748481411306 75.9
      vertex 59.34305999115346 17.48314654335269 76.5374525965317
    endloop
  endfacet
  facet normal -0.2429801799032602 -0.970031253194545 0
    outer loop
      vertex 59.68281612705645 17.432748481411306 75.9
      vertex 60.01599637039062 17.34929117506273 75.9
      vertex 59.68281612705645 17.432748481411306 76.5996102062594
    endloop
  endfacet
  facet normal 0 0 1
    outer loop
      vertex 60.0784685830782 15.314117770716653 75.9
      vertex 60.339392013277816 17.233578363789505 75.9
      vertex 60.01599637039062 17.34929117506273 75.9
    endloop
  endfacet
  facet normal -0.14673047445536286 -0.9891765099647808 0
    outer loop
      vertex 59.68281612705645 17.432748481411306 75.9
      vertex 59.68281612705645 17.432748481411306 76.5996102062594
      vertex 59.34305999115346 17.48314654335269 76.5374525965317
    endloop
  endfacet
  facet normal -0.24298017990326015 -0.970031253194545 0
    outer loop
      vertex 60.01599637039062 17.34929117506273 75.9
      vertex 60.01599637039062 17.34929117506273 76.7025408840893
      vertex 59.68281612705645 17.432748481411306 76.5996102062594
    endloop
  endfacet
  facet normal -0.3368898533922151 -0.9415440651830225 0
    outer loop
      vertex 60.01599637039062 17.34929117506273 75.9
      vertex 60.339392013277816 17.233578363789505 75.9
      vertex 60.01599637039062 17.34929117506273 76.7025408840893
    endloop
  endfacet
  facet normal -0.427555093430287 -0.903989293123441 0
    outer loop
      vertex 60.339392013277816 17.233578363789505 75.9
      vertex 60.649888578890994 17.08672442521924 75.9
      vertex 60.339392013277816 17.233578363789505 76.84525335132628
    endloop
  endfacet
  facet normal -0.3368898533922152 -0.9415440651830226 0
    outer loop
      vertex 60.339392013277816 17.233578363789505 75.9
      vertex 60.339392013277816 17.233578363789505 76.84525335132628
      vertex 60.01599637039062 17.34929117506273 76.7025408840893
    endloop
  endfacet
  facet normal 0 0 1
    outer loop
      vertex 60.339392013277816 10.766421636210497 75.9
      vertex 60.649888578890994 10.913275574780757 75.9
      vertex 60.41349834091433 13.055530603866677 75.9
    endloop
  endfacet
  facet normal 0 0 1
    outer loop
      vertex 60.649888578890994 10.913275574780757 75.9
      vertex 60.499266149392206 13.198625547395803 75.9
      vertex 60.41349834091433 13.055530603866677 75.9
    endloop
  endfacet
  facet normal 0 0 1
    outer loop
      vertex 60.649888578890994 10.913275574780757 75.9
      vertex 60.570595205269186 13.349438164979347 75.9
      vertex 60.499266149392206 13.198625547395803 75.9
    endloop
  endfacet
  facet normal 0 0 1
    outer loop
      vertex 60.649888578890994 10.913275574780757 75.9
      vertex 60.626798570744754 13.506516048667415 75.9
      vertex 60.570595205269186 13.349438164979347 75.9
    endloop
  endfacet
  facet normal 0 0 1
    outer loop
      vertex 60.649888578890994 10.913275574780757 75.9
      vertex 60.66733497668549 13.668346452572582 75.9
      vertex 60.626798570744754 13.506516048667415 75.9
    endloop
  endfacet
  facet normal 0 0 1
    outer loop
      vertex 60.649888578890994 10.913275574780757 75.9
      vertex 60.69181403534274 13.833370861439747 75.9
      vertex 60.66733497668549 13.668346452572582 75.9
    endloop
  endfacet
  facet normal 0 0 1
    outer loop
      vertex 60.649888578890994 10.913275574780757 75.9
      vertex 60.7 14 75.9
      vertex 60.69181403534274 13.833370861439747 75.9
    endloop
  endfacet
  facet normal 0 0 1
    outer loop
      vertex 60.649888578890994 10.913275574780757 75.9
      vertex 60.94449581556861 11.089856356941091 75.9
      vertex 60.94449581556861 16.91014364305891 75.9
    endloop
  endfacet
  facet normal 0 0 1
    outer loop
      vertex 60.94449581556861 11.089856356941091 75.9
      vertex 61.22037649457276 11.294463413230421 75.9
      vertex 61.22037649457276 16.70553658676958 75.9
    endloop
  endfacet
  facet normal 0 0 1
    outer loop
      vertex 61.22037649457276 11.294463413230421 75.9
      vertex 61.474873734152915 11.525126265847083 75.9
      vertex 61.474873734152915 16.474873734152915 75.9
    endloop
  endfacet
  facet normal 0 0 1
    outer loop
      vertex 60.649888578890994 10.913275574780757 75.9
      vertex 60.94449581556861 16.91014364305891 75.9
      vertex 60.7 14 75.9
    endloop
  endfacet
  facet normal 0 0 1
    outer loop
      vertex 60.94449581556861 11.089856356941091 75.9
      vertex 61.22037649457276 16.70553658676958 75.9
      vertex 60.94449581556861 16.91014364305891 75.9
    endloop
  endfacet
  facet normal 0 0 1
    outer loop
      vertex 61.22037649457276 11.294463413230421 75.9
      vertex 61.474873734152915 16.474873734152915 75.9
      vertex 61.22037649457276 16.70553658676958 75.9
    endloop
  endfacet
  facet normal 0 0 1
    outer loop
      vertex 61.474873734152915 11.525126265847083 75.9
      vertex 61.70553658676958 11.77962350542724 75.9
      vertex 61.70553658676958 16.220376494572758 75.9
    endloop
  endfacet
  facet normal 0 0 1
    outer loop
      vertex 61.70553658676958 11.77962350542724 75.9
      vertex 61.91014364305891 12.055504184431392 75.9
      vertex 61.91014364305891 15.944495815568608 75.9
    endloop
  endfacet
  facet normal 0 0 1
    outer loop
      vertex 61.91014364305891 12.055504184431392 75.9
      vertex 62.086724425219245 12.350111421109009 75.9
      vertex 62.086724425219245 15.649888578890991 75.9
    endloop
  endfacet
  facet normal 0 0 1
    outer loop
      vertex 62.086724425219245 12.350111421109009 75.9
      vertex 62.233578363789505 12.660607986722185 75.9
      vertex 62.233578363789505 15.339392013277815 75.9
    endloop
  endfacet
  facet normal 0 0 1
    outer loop
      vertex 62.233578363789505 12.660607986722185 75.9
      vertex 62.34929117506273 12.984003629609383 75.9
      vertex 62.34929117506273 15.015996370390617 75.9
    endloop
  endfacet
  facet normal 0 0 1
    outer loop
      vertex 62.34929117506273 12.984003629609383 75.9
      vertex 62.43274848141131 13.31718387294355 75.9
      vertex 62.43274848141131 14.68281612705645 75.9
    endloop
  endfacet
  facet normal 0 0 1
    outer loop
      vertex 61.70553658676958 11.77962350542724 75.9
      vertex 61.91014364305891 15.944495815568608 75.9
      vertex 61.70553658676958 16.220376494572758 75.9
    endloop
  endfacet
  facet normal 0 0 1
    outer loop
      vertex 61.474873734152915 11.525126265847083 75.9
      vertex 61.70553658676958 16.220376494572758 75.9
      vertex 61.474873734152915 16.474873734152915 75.9
    endloop
  endfacet
  facet normal 0 0 1
    outer loop
      vertex 61.91014364305891 12.055504184431392 75.9
      vertex 62.086724425219245 15.649888578890991 75.9
      vertex 61.91014364305891 15.944495815568608 75.9
    endloop
  endfacet
  facet normal 0 0 1
    outer loop
      vertex 62.233578363789505 12.660607986722185 75.9
      vertex 62.34929117506273 15.015996370390617 75.9
      vertex 62.233578363789505 15.339392013277815 75.9
    endloop
  endfacet
  facet normal 0 0 1
    outer loop
      vertex 62.43274848141131 13.31718387294355 75.9
      vertex 62.48314654335269 13.656940008846538 75.9
      vertex 62.48314654335269 14.343059991153462 75.9
    endloop
  endfacet
  facet normal 0 0 1
    outer loop
      vertex 62.48314654335269 13.656940008846538 75.9
      vertex 62.5 14 75.9
      vertex 62.48314654335269 14.343059991153462 75.9
    endloop
  endfacet
  facet normal 0 0 1
    outer loop
      vertex 62.43274848141131 13.31718387294355 75.9
      vertex 62.48314654335269 14.343059991153462 75.9
      vertex 62.43274848141131 14.68281612705645 75.9
    endloop
  endfacet
  facet normal 0 0 1
    outer loop
      vertex 62.34929117506273 12.984003629609383 75.9
      vertex 62.43274848141131 14.68281612705645 75.9
      vertex 62.34929117506273 15.015996370390617 75.9
    endloop
  endfacet
  facet normal 0 0 1
    outer loop
      vertex 62.086724425219245 12.350111421109009 75.9
      vertex 62.233578363789505 15.339392013277815 75.9
      vertex 62.086724425219245 15.649888578890991 75.9
    endloop
  endfacet
  facet normal -0.9987954562051724 -0.04906767432741926 0
    outer loop
      vertex 62.5 14 75.9
      vertex 62.5 14 80.83333333333333
      vertex 62.48314654335269 14.343059991153462 75.9
    endloop
  endfacet
  facet normal -0.9891765099647823 -0.14673047445535273 0
    outer loop
      vertex 62.48314654335269 14.343059991153462 75.9
      vertex 62.48314654335269 14.343059991153462 80.41022601091073
      vertex 62.43274848141131 14.68281612705645 75.9
    endloop
  endfacet
  facet normal -0.9700312531945421 -0.24298017990327112 -1.078459465260502e-18
    outer loop
      vertex 62.34929117506273 15.015996370390617 75.9
      vertex 62.43274848141131 14.68281612705645 75.9
      vertex 62.43274848141131 14.68281612705645 79.99119344329705
    endloop
  endfacet
  facet normal -0.4275550934302786 0.903989293123445 -6.09301631715111e-19
    outer loop
      vertex 60.339392013277816 10.766421636210497 75.9
      vertex 60.649888578890994 10.913275574780757 84.6402934577704
      vertex 60.649888578890994 10.913275574780757 75.9
    endloop
  endfacet
  facet normal -0.5141027441932248 0.8577286100002702 8.438809580196821e-19
    outer loop
      vertex 60.649888578890994 10.913275574780757 75.9
      vertex 60.94449581556861 11.089856356941091 84.42251049310599
      vertex 60.94449581556861 11.089856356941091 75.9
    endloop
  endfacet
  facet normal -0.5956993044924325 0.8032075314806456 -1.1305730591939792e-18
    outer loop
      vertex 60.94449581556861 11.089856356941091 75.9
      vertex 61.22037649457276 11.294463413230421 84.17016179034916
      vertex 61.22037649457276 11.294463413230421 75.9
    endloop
  endfacet
  facet normal -0.6715589548470222 0.7409511253549557 1.4425282163520414e-19
    outer loop
      vertex 61.22037649457276 11.294463413230421 75.9
      vertex 61.474873734152915 11.525126265847083 83.88567760545527
      vertex 61.474873734152915 11.525126265847083 75.9
    endloop
  endfacet
  facet normal -0.7409511253549527 0.6715589548470255 0
    outer loop
      vertex 61.474873734152915 11.525126265847083 75.9
      vertex 61.474873734152915 11.525126265847083 83.88567760545527
      vertex 61.70553658676958 11.77962350542724 75.9
    endloop
  endfacet
  facet normal -0.8032075314806486 0.5956993044924282 0
    outer loop
      vertex 61.70553658676958 11.77962350542724 75.9
      vertex 61.70553658676958 11.77962350542724 83.57179767663975
      vertex 61.91014364305891 12.055504184431392 75.9
    endloop
  endfacet
  facet normal -0.8577286100002708 0.514102744193224 0
    outer loop
      vertex 61.91014364305891 12.055504184431392 75.9
      vertex 61.91014364305891 12.055504184431392 83.23154483920129
      vertex 62.086724425219245 12.350111421109009 75.9
    endloop
  endfacet
  facet normal -0.9039892931234441 0.42755509343028064 0
    outer loop
      vertex 62.086724425219245 12.350111421109009 75.9
      vertex 62.086724425219245 12.350111421109009 82.86819591396555
      vertex 62.233578363789505 12.660607986722185 75.9
    endloop
  endfacet
  facet normal -0.5141027441932249 0.8577286100002703 0
    outer loop
      vertex 60.649888578890994 10.913275574780757 75.9
      vertex 60.649888578890994 10.913275574780757 84.6402934577704
      vertex 60.94449581556861 11.089856356941091 84.42251049310599
    endloop
  endfacet
  facet normal -0.5956993044924326 0.8032075314806456 0
    outer loop
      vertex 60.94449581556861 11.089856356941091 75.9
      vertex 60.94449581556861 11.089856356941091 84.42251049310599
      vertex 61.22037649457276 11.294463413230421 84.17016179034916
    endloop
  endfacet
  facet normal -0.6715589548470222 0.7409511253549556 0
    outer loop
      vertex 61.22037649457276 11.294463413230421 75.9
      vertex 61.22037649457276 11.294463413230421 84.17016179034916
      vertex 61.474873734152915 11.525126265847083 83.88567760545527
    endloop
  endfacet
  facet normal -0.7409511253549526 0.6715589548470255 0
    outer loop
      vertex 61.70553658676958 11.77962350542724 75.9
      vertex 61.474873734152915 11.525126265847083 83.88567760545527
      vertex 61.70553658676958 11.77962350542724 83.57179767663975
    endloop
  endfacet
  facet normal -0.8032075314806486 0.5956993044924282 0
    outer loop
      vertex 61.91014364305891 12.055504184431392 75.9
      vertex 61.70553658676958 11.77962350542724 83.57179767663975
      vertex 61.91014364305891 12.055504184431392 83.23154483920129
    endloop
  endfacet
  facet normal -0.8577286100002708 0.514102744193224 0
    outer loop
      vertex 62.086724425219245 12.350111421109009 75.9
      vertex 61.91014364305891 12.055504184431392 83.23154483920129
      vertex 62.086724425219245 12.350111421109009 82.86819591396555
    endloop
  endfacet
  facet normal -0.9415440651830219 0.33688985339221683 0
    outer loop
      vertex 62.233578363789505 12.660607986722185 75.9
      vertex 62.233578363789505 12.660607986722185 82.48525014970932
      vertex 62.34929117506273 12.984003629609383 75.9
    endloop
  endfacet
  facet normal -0.9700312531945421 0.24298017990327114 0
    outer loop
      vertex 62.34929117506273 12.984003629609383 75.9
      vertex 62.34929117506273 12.984003629609383 82.08639552348176
      vertex 62.43274848141131 13.31718387294355 75.9
    endloop
  endfacet
  facet normal -0.9891765099647823 0.14673047445535273 0
    outer loop
      vertex 62.43274848141131 13.31718387294355 75.9
      vertex 62.43274848141131 13.31718387294355 81.67547322336962
      vertex 62.48314654335269 13.656940008846538 75.9
    endloop
  endfacet
  facet normal -0.903989293123444 0.4275550934302806 0
    outer loop
      vertex 62.233578363789505 12.660607986722185 75.9
      vertex 62.086724425219245 12.350111421109009 82.86819591396555
      vertex 62.233578363789505 12.660607986722185 82.48525014970932
    endloop
  endfacet
  facet normal -0.9415440651830219 0.3368898533922168 0
    outer loop
      vertex 62.34929117506273 12.984003629609383 75.9
      vertex 62.233578363789505 12.660607986722185 82.48525014970932
      vertex 62.34929117506273 12.984003629609383 82.08639552348176
    endloop
  endfacet
  facet normal -0.9891765099647823 0.14673047445535273 0
    outer loop
      vertex 62.48314654335269 13.656940008846538 75.9
      vertex 62.43274848141131 13.31718387294355 81.67547322336962
      vertex 62.48314654335269 13.656940008846538 81.25644065575594
    endloop
  endfacet
  facet normal -0.9700312531945421 0.24298017990327114 0
    outer loop
      vertex 62.43274848141131 13.31718387294355 75.9
      vertex 62.34929117506273 12.984003629609383 82.08639552348176
      vertex 62.43274848141131 13.31718387294355 81.67547322336962
    endloop
  endfacet
  facet normal -0.9987954562051723 0.04906767432741924 0
    outer loop
      vertex 62.48314654335269 13.656940008846538 75.9
      vertex 62.48314654335269 13.656940008846538 81.25644065575594
      vertex 62.5 14 75.9
    endloop
  endfacet
  facet normal -0.9891765099647823 -0.14673047445535276 0
    outer loop
      vertex 62.43274848141131 14.68281612705645 75.9
      vertex 62.48314654335269 14.343059991153462 80.41022601091073
      vertex 62.43274848141131 14.68281612705645 79.99119344329705
    endloop
  endfacet
  facet normal -0.9700312531945422 -0.24298017990327114 0
    outer loop
      vertex 62.34929117506273 15.015996370390617 75.9
      vertex 62.43274848141131 14.68281612705645 79.99119344329705
      vertex 62.34929117506273 15.015996370390617 79.5802711431849
    endloop
  endfacet
  facet normal -0.9987954562051724 0.04906767432741926 0
    outer loop
      vertex 62.5 14 75.9
      vertex 62.48314654335269 13.656940008846538 81.25644065575594
      vertex 62.5 14 80.83333333333333
    endloop
  endfacet
  facet normal -0.9987954562051723 -0.04906767432741924 0
    outer loop
      vertex 62.48314654335269 14.343059991153462 75.9
      vertex 62.5 14 80.83333333333333
      vertex 62.48314654335269 14.343059991153462 80.41022601091073
    endloop
  endfacet
  facet normal 0 0 1
    outer loop
      vertex 60.66733497668549 14.331653547427418 75.9
      vertex 60.649888578890994 17.08672442521924 75.9
      vertex 60.626798570744754 14.493483951332585 75.9
    endloop
  endfacet
  facet normal 0 0 1
    outer loop
      vertex 60.570595205269186 14.650561835020653 75.9
      vertex 60.649888578890994 17.08672442521924 75.9
      vertex 60.499266149392206 14.801374452604197 75.9
    endloop
  endfacet
  facet normal 0 0 1
    outer loop
      vertex 60.41349834091433 14.944469396133323 75.9
      vertex 60.499266149392206 14.801374452604197 75.9
      vertex 60.649888578890994 17.08672442521924 75.9
    endloop
  endfacet
  facet normal 0 0 1
    outer loop
      vertex 60.570595205269186 14.650561835020653 75.9
      vertex 60.626798570744754 14.493483951332585 75.9
      vertex 60.649888578890994 17.08672442521924 75.9
    endloop
  endfacet
  facet normal 0 0 1
    outer loop
      vertex 60.7 14 75.9
      vertex 60.94449581556861 16.91014364305891 75.9
      vertex 60.69181403534274 14.166629138560253 75.9
    endloop
  endfacet
  facet normal 0 0 1
    outer loop
      vertex 60.69181403534274 14.166629138560253 75.9
      vertex 60.94449581556861 16.91014364305891 75.9
      vertex 60.66733497668549 14.331653547427418 75.9
    endloop
  endfacet
  facet normal 0 0 1
    outer loop
      vertex 60.66733497668549 14.331653547427418 75.9
      vertex 60.94449581556861 16.91014364305891 75.9
      vertex 60.649888578890994 17.08672442521924 75.9
    endloop
  endfacet
  facet normal 0 0 1
    outer loop
      vertex 60.41349834091433 14.944469396133323 75.9
      vertex 60.649888578890994 17.08672442521924 75.9
      vertex 60.339392013277816 17.233578363789505 75.9
    endloop
  endfacet
  facet normal -0.4275550934302871 -0.9039892931234411 0
    outer loop
      vertex 60.649888578890994 17.08672442521924 75.9
      vertex 60.649888578890994 17.08672442521924 77.02637320889627
      vertex 60.339392013277816 17.233578363789505 76.84525335132628
    endloop
  endfacet
  facet normal -0.514102744193221 -0.8577286100002726 0
    outer loop
      vertex 60.649888578890994 17.08672442521924 75.9
      vertex 60.94449581556861 16.91014364305891 75.9
      vertex 60.649888578890994 17.08672442521924 77.02637320889627
    endloop
  endfacet
  facet normal -0.514102744193221 -0.8577286100002725 0
    outer loop
      vertex 60.94449581556861 16.91014364305891 75.9
      vertex 60.94449581556861 16.91014364305891 77.24415617356068
      vertex 60.649888578890994 17.08672442521924 77.02637320889627
    endloop
  endfacet
  facet normal -0.5956993044924326 -0.8032075314806456 0
    outer loop
      vertex 60.94449581556861 16.91014364305891 75.9
      vertex 61.22037649457276 16.70553658676958 75.9
      vertex 60.94449581556861 16.91014364305891 77.24415617356068
    endloop
  endfacet
  facet normal -0.671558954847025 -0.740951125354953 0
    outer loop
      vertex 61.22037649457276 16.70553658676958 75.9
      vertex 61.474873734152915 16.474873734152915 75.9
      vertex 61.22037649457276 16.70553658676958 77.49650487631753
    endloop
  endfacet
  facet normal -0.5956993044924326 -0.8032075314806455 0
    outer loop
      vertex 61.22037649457276 16.70553658676958 75.9
      vertex 61.22037649457276 16.70553658676958 77.49650487631753
      vertex 60.94449581556861 16.91014364305891 77.24415617356068
    endloop
  endfacet
  facet normal -0.671558954847025 -0.740951125354953 0
    outer loop
      vertex 61.474873734152915 16.474873734152915 75.9
      vertex 61.474873734152915 16.474873734152915 77.78098906121141
      vertex 61.22037649457276 16.70553658676958 77.49650487631753
    endloop
  endfacet
  facet normal -0.8577286100002706 -0.514102744193224 -1.2881436950385692e-18
    outer loop
      vertex 61.91014364305891 15.944495815568608 75.9
      vertex 62.086724425219245 15.649888578890991 75.9
      vertex 62.086724425219245 15.649888578890991 78.79847075270112
    endloop
  endfacet
  facet normal -0.8032075314806468 -0.5956993044924308 3.7656557653705144e-18
    outer loop
      vertex 61.70553658676958 16.220376494572758 75.9
      vertex 61.91014364305891 15.944495815568608 75.9
      vertex 61.91014364305891 15.944495815568608 78.4351218274654
    endloop
  endfacet
  facet normal -0.8032075314806468 -0.5956993044924308 0
    outer loop
      vertex 61.70553658676958 16.220376494572758 75.9
      vertex 61.91014364305891 15.944495815568608 78.4351218274654
      vertex 61.70553658676958 16.220376494572758 78.09486899002694
    endloop
  endfacet
  facet normal -0.9415440651830219 -0.33688985339221683 0
    outer loop
      vertex 62.34929117506273 15.015996370390617 75.9
      vertex 62.34929117506273 15.015996370390617 79.5802711431849
      vertex 62.233578363789505 15.339392013277815 75.9
    endloop
  endfacet
  facet normal -0.9039892931234441 -0.4275550934302806 -8.728831559766716e-19
    outer loop
      vertex 62.086724425219245 15.649888578890991 75.9
      vertex 62.233578363789505 15.339392013277815 75.9
      vertex 62.233578363789505 15.339392013277815 79.18141651695737
    endloop
  endfacet
  facet normal -0.7409511253549527 -0.6715589548470255 3.587058410913455e-18
    outer loop
      vertex 61.474873734152915 16.474873734152915 75.9
      vertex 61.70553658676958 16.220376494572758 75.9
      vertex 61.70553658676958 16.220376494572758 78.09486899002694
    endloop
  endfacet
  facet normal -0.7409511253549526 -0.6715589548470255 0
    outer loop
      vertex 61.474873734152915 16.474873734152915 75.9
      vertex 61.70553658676958 16.220376494572758 78.09486899002694
      vertex 61.474873734152915 16.474873734152915 77.78098906121141
    endloop
  endfacet
  facet normal -0.8577286100002707 -0.5141027441932241 0
    outer loop
      vertex 61.91014364305891 15.944495815568608 75.9
      vertex 62.086724425219245 15.649888578890991 78.79847075270112
      vertex 61.91014364305891 15.944495815568608 78.4351218274654
    endloop
  endfacet
  facet normal -0.9415440651830218 -0.3368898533922167 0
    outer loop
      vertex 62.233578363789505 15.339392013277815 75.9
      vertex 62.34929117506273 15.015996370390617 79.5802711431849
      vertex 62.233578363789505 15.339392013277815 79.18141651695737
    endloop
  endfacet
  facet normal -0.9039892931234441 -0.4275550934302806 0
    outer loop
      vertex 62.086724425219245 15.649888578890991 75.9
      vertex 62.233578363789505 15.339392013277815 79.18141651695737
      vertex 62.086724425219245 15.649888578890991 78.79847075270112
    endloop
  endfacet
  facet normal 0 0 1
    outer loop
      vertex 40.58266502331451 -11.581653547427418 113.35000000000001
      vertex 40.58266502331451 -10.918346452572582 113.35000000000001
      vertex 40.55818596465726 -11.416629138560253 113.35000000000001
    endloop
  endfacet
  facet normal 0 0 1
    outer loop
      vertex 40.679404794730814 -11.900561835020653 113.35000000000001
      vertex 40.679404794730814 -10.599438164979347 113.35000000000001
      vertex 40.623201429255246 -11.743483951332585 113.35000000000001
    endloop
  endfacet
  facet normal 0 0 1
    outer loop
      vertex 40.623201429255246 -11.743483951332585 113.35000000000001
      vertex 40.623201429255246 -10.756516048667415 113.35000000000001
      vertex 40.58266502331451 -11.581653547427418 113.35000000000001
    endloop
  endfacet
  facet normal 0 0 1
    outer loop
      vertex 40.935882229283344 -12.328468583078198 113.35000000000001
      vertex 40.935882229283344 -10.171531416921802 113.35000000000001
      vertex 40.83650165908567 -12.194469396133323 113.35000000000001
    endloop
  endfacet
  facet normal 0 0 1
    outer loop
      vertex 40.750733850607794 -12.051374452604197 113.35000000000001
      vertex 40.750733850607794 -10.448625547395803 113.35000000000001
      vertex 40.679404794730814 -11.900561835020653 113.35000000000001
    endloop
  endfacet
  facet normal 0 0 1
    outer loop
      vertex 40.750733850607794 -12.051374452604197 113.35000000000001
      vertex 40.83650165908567 -12.194469396133323 113.35000000000001
      vertex 40.83650165908567 -10.305530603866677 113.35000000000001
    endloop
  endfacet
  facet normal 0 0 1
    outer loop
      vertex 40.55818596465726 -11.416629138560253 113.35000000000001
      vertex 40.55818596465726 -11.083370861439747 113.35000000000001
      vertex 40.55 -11.25 113.35000000000001
    endloop
  endfacet
  facet normal 0 0 1
    outer loop
      vertex 40.55818596465726 -11.416629138560253 113.35000000000001
      vertex 40.58266502331451 -10.918346452572582 113.35000000000001
      vertex 40.55818596465726 -11.083370861439747 113.35000000000001
    endloop
  endfacet
  facet normal 0 0 1
    outer loop
      vertex 40.58266502331451 -11.581653547427418 113.35000000000001
      vertex 40.623201429255246 -10.756516048667415 113.35000000000001
      vertex 40.58266502331451 -10.918346452572582 113.35000000000001
    endloop
  endfacet
  facet normal 0 0 1
    outer loop
      vertex 40.623201429255246 -11.743483951332585 113.35000000000001
      vertex 40.679404794730814 -10.599438164979347 113.35000000000001
      vertex 40.623201429255246 -10.756516048667415 113.35000000000001
    endloop
  endfacet
  facet normal 0 0 1
    outer loop
      vertex 40.679404794730814 -11.900561835020653 113.35000000000001
      vertex 40.750733850607794 -10.448625547395803 113.35000000000001
      vertex 40.679404794730814 -10.599438164979347 113.35000000000001
    endloop
  endfacet
  facet normal 0 0 1
    outer loop
      vertex 40.750733850607794 -12.051374452604197 113.35000000000001
      vertex 40.83650165908567 -10.305530603866677 113.35000000000001
      vertex 40.750733850607794 -10.448625547395803 113.35000000000001
    endloop
  endfacet
  facet normal 0 0 1
    outer loop
      vertex 40.83650165908567 -12.194469396133323 113.35000000000001
      vertex 40.935882229283344 -10.171531416921802 113.35000000000001
      vertex 40.83650165908567 -10.305530603866677 113.35000000000001
    endloop
  endfacet
  facet normal 0 0 1
    outer loop
      vertex 40.935882229283344 -12.328468583078198 113.35000000000001
      vertex 41.04791847198287 -10.04791847198287 113.35000000000001
      vertex 40.935882229283344 -10.171531416921802 113.35000000000001
    endloop
  endfacet
  facet normal 0.9039892931234528 0.4275550934302619 3.7944980344339713e-19
    outer loop
      vertex 40.750733850607794 -12.051374452604197 113.35000000000001
      vertex 40.679404794730814 -11.900561835020653 113.35000000000001
      vertex 40.679404794730814 -11.900561835020653 117.4
    endloop
  endfacet
  facet normal 0.7409511253549486 0.6715589548470299 0
    outer loop
      vertex 40.935882229283344 -12.328468583078198 113.35000000000001
      vertex 40.935882229283344 -12.328468583078198 117.4
      vertex 41.04791847198287 -12.45208152801713 113.35000000000001
    endloop
  endfacet
  facet normal 0.803207531480648 0.5956993044924292 -1.9882182863523644e-19
    outer loop
      vertex 40.935882229283344 -12.328468583078198 113.35000000000001
      vertex 40.83650165908567 -12.194469396133323 113.35000000000001
      vertex 40.83650165908567 -12.194469396133323 117.4
    endloop
  endfacet
  facet normal 0.8577286100002731 0.5141027441932201 0
    outer loop
      vertex 40.750733850607794 -12.051374452604197 113.35000000000001
      vertex 40.750733850607794 -12.051374452604197 117.4
      vertex 40.83650165908567 -12.194469396133323 113.35000000000001
    endloop
  endfacet
  facet normal 0.9415440651830207 0.3368898533922203 -5.187644486212005e-19
    outer loop
      vertex 40.679404794730814 -11.900561835020653 113.35000000000001
      vertex 40.623201429255246 -11.743483951332585 113.35000000000001
      vertex 40.623201429255246 -11.743483951332585 117.4
    endloop
  endfacet
  facet normal 0.9700312531945466 0.24298017990325377 -9.818491672409002e-20
    outer loop
      vertex 40.623201429255246 -11.743483951332585 113.35000000000001
      vertex 40.58266502331451 -11.581653547427418 113.35000000000001
      vertex 40.58266502331451 -11.581653547427418 117.4
    endloop
  endfacet
  facet normal 0.9891765099647755 0.14673047445539858 -3.2385661834393484e-19
    outer loop
      vertex 40.58266502331451 -11.581653547427418 113.35000000000001
      vertex 40.55818596465726 -11.416629138560253 113.35000000000001
      vertex 40.55818596465726 -11.416629138560253 117.4
    endloop
  endfacet
  facet normal 0.9987954562051723 0.04906767432741786 -5.0249891465408475e-20
    outer loop
      vertex 40.55818596465726 -11.416629138560253 113.35000000000001
      vertex 40.55 -11.25 113.35000000000001
      vertex 40.55 -11.25 117.4
    endloop
  endfacet
  facet normal 0.803207531480648 0.5956993044924292 0
    outer loop
      vertex 40.935882229283344 -12.328468583078198 113.35000000000001
      vertex 40.83650165908567 -12.194469396133323 117.4
      vertex 40.935882229283344 -12.328468583078198 117.4
    endloop
  endfacet
  facet normal 0.8577286100002731 0.5141027441932201 0
    outer loop
      vertex 40.83650165908567 -12.194469396133323 113.35000000000001
      vertex 40.750733850607794 -12.051374452604197 117.4
      vertex 40.83650165908567 -12.194469396133323 117.4
    endloop
  endfacet
  facet normal 0.9039892931234528 0.4275550934302619 0
    outer loop
      vertex 40.750733850607794 -12.051374452604197 113.35000000000001
      vertex 40.679404794730814 -11.900561835020653 117.4
      vertex 40.750733850607794 -12.051374452604197 117.4
    endloop
  endfacet
  facet normal 0.9415440651830207 0.3368898533922203 0
    outer loop
      vertex 40.679404794730814 -11.900561835020653 113.35000000000001
      vertex 40.623201429255246 -11.743483951332585 117.4
      vertex 40.679404794730814 -11.900561835020653 117.4
    endloop
  endfacet
  facet normal 0.9700312531945466 0.24298017990325377 0
    outer loop
      vertex 40.623201429255246 -11.743483951332585 113.35000000000001
      vertex 40.58266502331451 -11.581653547427418 117.4
      vertex 40.623201429255246 -11.743483951332585 117.4
    endloop
  endfacet
  facet normal 0.9891765099647755 0.14673047445539858 0
    outer loop
      vertex 40.58266502331451 -11.581653547427418 113.35000000000001
      vertex 40.55818596465726 -11.416629138560253 117.4
      vertex 40.58266502331451 -11.581653547427418 117.4
    endloop
  endfacet
  facet normal 0.9987954562051723 0.04906767432741786 0
    outer loop
      vertex 40.55818596465726 -11.416629138560253 113.35000000000001
      vertex 40.55 -11.25 117.4
      vertex 40.55818596465726 -11.416629138560253 117.4
    endloop
  endfacet
  facet normal 0.9987954562051723 -0.04906767432741786 5.0249891465408475e-20
    outer loop
      vertex 40.55 -11.25 113.35000000000001
      vertex 40.55818596465726 -11.083370861439747 113.35000000000001
      vertex 40.55818596465726 -11.083370861439747 117.4
    endloop
  endfacet
  facet normal 0.9891765099647755 -0.14673047445539858 3.2385661834393484e-19
    outer loop
      vertex 40.55818596465726 -11.083370861439747 113.35000000000001
      vertex 40.58266502331451 -10.918346452572582 113.35000000000001
      vertex 40.58266502331451 -10.918346452572582 117.4
    endloop
  endfacet
  facet normal 0.9700312531945466 -0.24298017990325377 9.818491672409002e-20
    outer loop
      vertex 40.58266502331451 -10.918346452572582 113.35000000000001
      vertex 40.623201429255246 -10.756516048667415 113.35000000000001
      vertex 40.623201429255246 -10.756516048667415 117.4
    endloop
  endfacet
  facet normal 0.9415440651830207 -0.3368898533922203 5.187644486212005e-19
    outer loop
      vertex 40.623201429255246 -10.756516048667415 113.35000000000001
      vertex 40.679404794730814 -10.599438164979347 113.35000000000001
      vertex 40.679404794730814 -10.599438164979347 117.4
    endloop
  endfacet
  facet normal 0.9039892931234528 -0.4275550934302619 -3.7944980344339713e-19
    outer loop
      vertex 40.679404794730814 -10.599438164979347 113.35000000000001
      vertex 40.750733850607794 -10.448625547395803 113.35000000000001
      vertex 40.750733850607794 -10.448625547395803 117.4
    endloop
  endfacet
  facet normal 0.8577286100002731 -0.5141027441932201 -5.87348677408131e-19
    outer loop
      vertex 40.750733850607794 -10.448625547395803 113.35000000000001
      vertex 40.83650165908567 -10.305530603866677 113.35000000000001
      vertex 40.83650165908567 -10.305530603866677 117.4
    endloop
  endfacet
  facet normal 0.803207531480648 -0.5956993044924292 1.9882182863523644e-19
    outer loop
      vertex 40.83650165908567 -10.305530603866677 113.35000000000001
      vertex 40.935882229283344 -10.171531416921802 113.35000000000001
      vertex 40.935882229283344 -10.171531416921802 117.4
    endloop
  endfacet
  facet normal 0.9987954562051723 -0.04906767432741786 0
    outer loop
      vertex 40.55 -11.25 113.35000000000001
      vertex 40.55818596465726 -11.083370861439747 117.4
      vertex 40.55 -11.25 117.4
    endloop
  endfacet
  facet normal 0.9891765099647755 -0.14673047445539858 0
    outer loop
      vertex 40.55818596465726 -11.083370861439747 113.35000000000001
      vertex 40.58266502331451 -10.918346452572582 117.4
      vertex 40.55818596465726 -11.083370861439747 117.4
    endloop
  endfacet
  facet normal 0.9700312531945466 -0.24298017990325377 0
    outer loop
      vertex 40.58266502331451 -10.918346452572582 113.35000000000001
      vertex 40.623201429255246 -10.756516048667415 117.4
      vertex 40.58266502331451 -10.918346452572582 117.4
    endloop
  endfacet
  facet normal 0.9415440651830207 -0.3368898533922203 0
    outer loop
      vertex 40.623201429255246 -10.756516048667415 113.35000000000001
      vertex 40.679404794730814 -10.599438164979347 117.4
      vertex 40.623201429255246 -10.756516048667415 117.4
    endloop
  endfacet
  facet normal 0.9039892931234528 -0.4275550934302619 0
    outer loop
      vertex 40.679404794730814 -10.599438164979347 113.35000000000001
      vertex 40.750733850607794 -10.448625547395803 117.4
      vertex 40.679404794730814 -10.599438164979347 117.4
    endloop
  endfacet
  facet normal 0.8577286100002731 -0.5141027441932201 0
    outer loop
      vertex 40.750733850607794 -10.448625547395803 113.35000000000001
      vertex 40.83650165908567 -10.305530603866677 117.4
      vertex 40.750733850607794 -10.448625547395803 117.4
    endloop
  endfacet
  facet normal 0.803207531480648 -0.5956993044924292 0
    outer loop
      vertex 40.83650165908567 -10.305530603866677 113.35000000000001
      vertex 40.935882229283344 -10.171531416921802 117.4
      vertex 40.83650165908567 -10.305530603866677 117.4
    endloop
  endfacet
  facet normal 0.7409511253549486 -0.6715589548470299 0
    outer loop
      vertex 40.935882229283344 -10.171531416921802 113.35000000000001
      vertex 41.04791847198287 -10.04791847198287 117.4
      vertex 40.935882229283344 -10.171531416921802 117.4
    endloop
  endfacet
  facet normal 0.5956993044924241 0.8032075314806517 4.027201411637037e-19
    outer loop
      vertex 41.30553060386668 -12.663498340914327 113.35000000000001
      vertex 41.1715314169218 -12.564117770716653 113.35000000000001
      vertex 41.1715314169218 -12.564117770716653 117.4
    endloop
  endfacet
  facet normal 0.5141027441932231 0.8577286100002711 0
    outer loop
      vertex 41.30553060386668 -12.663498340914327 113.35000000000001
      vertex 41.30553060386668 -12.663498340914327 117.4
      vertex 41.44862554739581 -12.749266149392204 113.35000000000001
    endloop
  endfacet
  facet normal 0.42755509343028764 0.9039892931234408 0
    outer loop
      vertex 41.44862554739581 -12.749266149392204 113.35000000000001
      vertex 41.44862554739581 -12.749266149392204 117.4
      vertex 41.59943816497935 -12.820595205269187 113.35000000000001
    endloop
  endfacet
  facet normal 0.3368898533922203 0.9415440651830207 -5.187644486212005e-19
    outer loop
      vertex 41.756516048667415 -12.876798570744755 113.35000000000001
      vertex 41.59943816497935 -12.820595205269187 113.35000000000001
      vertex 41.59943816497935 -12.820595205269187 117.4
    endloop
  endfacet
  facet normal 0.24298017990325876 0.9700312531945453 0
    outer loop
      vertex 41.756516048667415 -12.876798570744755 113.35000000000001
      vertex 41.756516048667415 -12.876798570744755 117.4
      vertex 41.918346452572585 -12.917334976685492 113.35000000000001
    endloop
  endfacet
  facet normal 0.14673047445536003 0.9891765099647812 0
    outer loop
      vertex 41.918346452572585 -12.917334976685492 113.35000000000001
      vertex 41.918346452572585 -12.917334976685492 117.4
      vertex 42.08337086143975 -12.941814035342734 113.35000000000001
    endloop
  endfacet
  facet normal 0.6715589548470188 0.7409511253549588 0
    outer loop
      vertex 41.1715314169218 -12.564117770716653 113.35000000000001
      vertex 41.04791847198287 -12.45208152801713 117.4
      vertex 41.1715314169218 -12.564117770716653 117.4
    endloop
  endfacet
  facet normal 0.5956993044924241 0.8032075314806517 0
    outer loop
      vertex 41.30553060386668 -12.663498340914327 113.35000000000001
      vertex 41.1715314169218 -12.564117770716653 117.4
      vertex 41.30553060386668 -12.663498340914327 117.4
    endloop
  endfacet
  facet normal 0.5141027441932231 0.8577286100002711 0
    outer loop
      vertex 41.44862554739581 -12.749266149392204 113.35000000000001
      vertex 41.30553060386668 -12.663498340914327 117.4
      vertex 41.44862554739581 -12.749266149392204 117.4
    endloop
  endfacet
  facet normal 0.3368898533922203 0.9415440651830207 0
    outer loop
      vertex 41.756516048667415 -12.876798570744755 113.35000000000001
      vertex 41.59943816497935 -12.820595205269187 117.4
      vertex 41.756516048667415 -12.876798570744755 117.4
    endloop
  endfacet
  facet normal 0.42755509343028764 0.9039892931234408 0
    outer loop
      vertex 41.59943816497935 -12.820595205269187 113.35000000000001
      vertex 41.44862554739581 -12.749266149392204 117.4
      vertex 41.59943816497935 -12.820595205269187 117.4
    endloop
  endfacet
  facet normal 0.24298017990325876 0.9700312531945453 0
    outer loop
      vertex 41.918346452572585 -12.917334976685492 113.35000000000001
      vertex 41.756516048667415 -12.876798570744755 117.4
      vertex 41.918346452572585 -12.917334976685492 117.4
    endloop
  endfacet
  facet normal 0.14673047445536003 0.9891765099647812 0
    outer loop
      vertex 42.08337086143975 -12.941814035342734 113.35000000000001
      vertex 41.918346452572585 -12.917334976685492 117.4
      vertex 42.08337086143975 -12.941814035342734 117.4
    endloop
  endfacet
  facet normal 0.04906767432741786 0.9987954562051723 0
    outer loop
      vertex 42.08337086143975 -12.941814035342734 113.35000000000001
      vertex 42.08337086143975 -12.941814035342734 117.4
      vertex 42.25 -12.95 113.35000000000001
    endloop
  endfacet
  facet normal -0.04906767432741786 0.9987954562051723 0
    outer loop
      vertex 42.25 -12.95 113.35000000000001
      vertex 42.25 -12.95 117.4
      vertex 42.41662913856025 -12.941814035342734 113.35000000000001
    endloop
  endfacet
  facet normal -0.14673047445536003 0.9891765099647812 0
    outer loop
      vertex 42.41662913856025 -12.941814035342734 113.35000000000001
      vertex 42.41662913856025 -12.941814035342734 117.4
      vertex 42.581653547427415 -12.917334976685492 113.35000000000001
    endloop
  endfacet
  facet normal -0.24298017990325876 0.9700312531945453 0
    outer loop
      vertex 42.581653547427415 -12.917334976685492 113.35000000000001
      vertex 42.581653547427415 -12.917334976685492 117.4
      vertex 42.743483951332585 -12.876798570744755 113.35000000000001
    endloop
  endfacet
  facet normal -0.3368898533922203 0.9415440651830207 0
    outer loop
      vertex 42.743483951332585 -12.876798570744755 113.35000000000001
      vertex 42.743483951332585 -12.876798570744755 117.4
      vertex 42.90056183502065 -12.820595205269187 113.35000000000001
    endloop
  endfacet
  facet normal -0.42755509343028764 0.9039892931234408 0
    outer loop
      vertex 42.90056183502065 -12.820595205269187 113.35000000000001
      vertex 42.90056183502065 -12.820595205269187 117.4
      vertex 43.05137445260419 -12.749266149392204 113.35000000000001
    endloop
  endfacet
  facet normal -0.5141027441932231 0.8577286100002711 0
    outer loop
      vertex 43.05137445260419 -12.749266149392204 113.35000000000001
      vertex 43.05137445260419 -12.749266149392204 117.4
      vertex 43.19446939613332 -12.663498340914327 113.35000000000001
    endloop
  endfacet
  facet normal 0.04906767432741786 0.9987954562051723 0
    outer loop
      vertex 42.25 -12.95 113.35000000000001
      vertex 42.08337086143975 -12.941814035342734 117.4
      vertex 42.25 -12.95 117.4
    endloop
  endfacet
  facet normal -0.04906767432741786 0.9987954562051723 0
    outer loop
      vertex 42.41662913856025 -12.941814035342734 113.35000000000001
      vertex 42.25 -12.95 117.4
      vertex 42.41662913856025 -12.941814035342734 117.4
    endloop
  endfacet
  facet normal -0.14673047445536003 0.9891765099647812 0
    outer loop
      vertex 42.581653547427415 -12.917334976685492 113.35000000000001
      vertex 42.41662913856025 -12.941814035342734 117.4
      vertex 42.581653547427415 -12.917334976685492 117.4
    endloop
  endfacet
  facet normal -0.24298017990325876 0.9700312531945453 0
    outer loop
      vertex 42.743483951332585 -12.876798570744755 113.35000000000001
      vertex 42.581653547427415 -12.917334976685492 117.4
      vertex 42.743483951332585 -12.876798570744755 117.4
    endloop
  endfacet
  facet normal -0.3368898533922203 0.9415440651830207 0
    outer loop
      vertex 42.90056183502065 -12.820595205269187 113.35000000000001
      vertex 42.743483951332585 -12.876798570744755 117.4
      vertex 42.90056183502065 -12.820595205269187 117.4
    endloop
  endfacet
  facet normal -0.42755509343028764 0.9039892931234408 0
    outer loop
      vertex 43.05137445260419 -12.749266149392204 113.35000000000001
      vertex 42.90056183502065 -12.820595205269187 117.4
      vertex 43.05137445260419 -12.749266149392204 117.4
    endloop
  endfacet
  facet normal -0.5141027441932231 0.8577286100002711 0
    outer loop
      vertex 43.19446939613332 -12.663498340914327 113.35000000000001
      vertex 43.05137445260419 -12.749266149392204 117.4
      vertex 43.19446939613332 -12.663498340914327 117.4
    endloop
  endfacet
  facet normal 0 0 1
    outer loop
      vertex 40.935882229283344 -12.328468583078198 113.35000000000001
      vertex 41.04791847198287 -12.45208152801713 113.35000000000001
      vertex 41.04791847198287 -10.04791847198287 113.35000000000001
    endloop
  endfacet
  facet normal 0 0 1
    outer loop
      vertex 41.04791847198287 -12.45208152801713 113.35000000000001
      vertex 41.1715314169218 -12.564117770716653 113.35000000000001
      vertex 41.1715314169218 -9.935882229283347 113.35000000000001
    endloop
  endfacet
  facet normal 0 0 1
    outer loop
      vertex 41.30553060386668 -12.663498340914327 113.35000000000001
      vertex 41.30553060386668 -9.836501659085673 113.35000000000001
      vertex 41.1715314169218 -12.564117770716653 113.35000000000001
    endloop
  endfacet
  facet normal 0 0 1
    outer loop
      vertex 41.30553060386668 -12.663498340914327 113.35000000000001
      vertex 41.44862554739581 -12.749266149392204 113.35000000000001
      vertex 41.44862554739581 -9.750733850607796 113.35000000000001
    endloop
  endfacet
  facet normal 0 0 1
    outer loop
      vertex 41.44862554739581 -12.749266149392204 113.35000000000001
      vertex 41.59943816497935 -12.820595205269187 113.35000000000001
      vertex 41.59943816497935 -9.679404794730813 113.35000000000001
    endloop
  endfacet
  facet normal 0 0 1
    outer loop
      vertex 41.756516048667415 -12.876798570744755 113.35000000000001
      vertex 41.756516048667415 -9.623201429255245 113.35000000000001
      vertex 41.59943816497935 -12.820595205269187 113.35000000000001
    endloop
  endfacet
  facet normal 0 0 1
    outer loop
      vertex 41.756516048667415 -12.876798570744755 113.35000000000001
      vertex 41.918346452572585 -12.917334976685492 113.35000000000001
      vertex 41.918346452572585 -9.582665023314508 113.35000000000001
    endloop
  endfacet
  facet normal 0 0 1
    outer loop
      vertex 41.918346452572585 -12.917334976685492 113.35000000000001
      vertex 42.08337086143975 -12.941814035342734 113.35000000000001
      vertex 42.08337086143975 -9.558185964657266 113.35000000000001
    endloop
  endfacet
  facet normal 0 0 1
    outer loop
      vertex 41.04791847198287 -12.45208152801713 113.35000000000001
      vertex 41.1715314169218 -9.935882229283347 113.35000000000001
      vertex 41.04791847198287 -10.04791847198287 113.35000000000001
    endloop
  endfacet
  facet normal 0 0 1
    outer loop
      vertex 41.1715314169218 -12.564117770716653 113.35000000000001
      vertex 41.30553060386668 -9.836501659085673 113.35000000000001
      vertex 41.1715314169218 -9.935882229283347 113.35000000000001
    endloop
  endfacet
  facet normal 0 0 1
    outer loop
      vertex 41.30553060386668 -12.663498340914327 113.35000000000001
      vertex 41.44862554739581 -9.750733850607796 113.35000000000001
      vertex 41.30553060386668 -9.836501659085673 113.35000000000001
    endloop
  endfacet
  facet normal 0 0 1
    outer loop
      vertex 41.44862554739581 -12.749266149392204 113.35000000000001
      vertex 41.59943816497935 -9.679404794730813 113.35000000000001
      vertex 41.44862554739581 -9.750733850607796 113.35000000000001
    endloop
  endfacet
  facet normal 0 0 1
    outer loop
      vertex 41.59943816497935 -12.820595205269187 113.35000000000001
      vertex 41.756516048667415 -9.623201429255245 113.35000000000001
      vertex 41.59943816497935 -9.679404794730813 113.35000000000001
    endloop
  endfacet
  facet normal 0 0 1
    outer loop
      vertex 41.756516048667415 -12.876798570744755 113.35000000000001
      vertex 41.918346452572585 -9.582665023314508 113.35000000000001
      vertex 41.756516048667415 -9.623201429255245 113.35000000000001
    endloop
  endfacet
  facet normal 0 0 1
    outer loop
      vertex 41.918346452572585 -12.917334976685492 113.35000000000001
      vertex 42.08337086143975 -9.558185964657266 113.35000000000001
      vertex 41.918346452572585 -9.582665023314508 113.35000000000001
    endloop
  endfacet
  facet normal 0 0 1
    outer loop
      vertex 42.08337086143975 -12.941814035342734 113.35000000000001
      vertex 42.25 -12.95 113.35000000000001
      vertex 42.25 -9.55 113.35000000000001
    endloop
  endfacet
  facet normal 0 0 1
    outer loop
      vertex 42.25 -12.95 113.35000000000001
      vertex 42.41662913856025 -12.941814035342734 113.35000000000001
      vertex 42.41662913856025 -9.558185964657266 113.35000000000001
    endloop
  endfacet
  facet normal 0 0 1
    outer loop
      vertex 42.41662913856025 -12.941814035342734 113.35000000000001
      vertex 42.581653547427415 -12.917334976685492 113.35000000000001
      vertex 42.581653547427415 -9.582665023314508 113.35000000000001
    endloop
  endfacet
  facet normal 0 0 1
    outer loop
      vertex 42.581653547427415 -12.917334976685492 113.35000000000001
      vertex 42.743483951332585 -12.876798570744755 113.35000000000001
      vertex 42.743483951332585 -9.623201429255245 113.35000000000001
    endloop
  endfacet
  facet normal 0 0 1
    outer loop
      vertex 42.743483951332585 -12.876798570744755 113.35000000000001
      vertex 42.90056183502065 -12.820595205269187 113.35000000000001
      vertex 42.90056183502065 -9.679404794730813 113.35000000000001
    endloop
  endfacet
  facet normal 0 0 1
    outer loop
      vertex 42.90056183502065 -12.820595205269187 113.35000000000001
      vertex 43.05137445260419 -12.749266149392204 113.35000000000001
      vertex 43.05137445260419 -9.750733850607796 113.35000000000001
    endloop
  endfacet
  facet normal 0 0 1
    outer loop
      vertex 43.05137445260419 -12.749266149392204 113.35000000000001
      vertex 43.19446939613332 -12.663498340914327 113.35000000000001
      vertex 43.19446939613332 -9.836501659085673 113.35000000000001
    endloop
  endfacet
  facet normal 0 0 1
    outer loop
      vertex 42.08337086143975 -12.941814035342734 113.35000000000001
      vertex 42.25 -9.55 113.35000000000001
      vertex 42.08337086143975 -9.558185964657266 113.35000000000001
    endloop
  endfacet
  facet normal 0 0 1
    outer loop
      vertex 42.25 -12.95 113.35000000000001
      vertex 42.41662913856025 -9.558185964657266 113.35000000000001
      vertex 42.25 -9.55 113.35000000000001
    endloop
  endfacet
  facet normal 0 0 1
    outer loop
      vertex 42.41662913856025 -12.941814035342734 113.35000000000001
      vertex 42.581653547427415 -9.582665023314508 113.35000000000001
      vertex 42.41662913856025 -9.558185964657266 113.35000000000001
    endloop
  endfacet
  facet normal 0 0 1
    outer loop
      vertex 42.581653547427415 -12.917334976685492 113.35000000000001
      vertex 42.743483951332585 -9.623201429255245 113.35000000000001
      vertex 42.581653547427415 -9.582665023314508 113.35000000000001
    endloop
  endfacet
  facet normal 0 0 1
    outer loop
      vertex 42.743483951332585 -12.876798570744755 113.35000000000001
      vertex 42.90056183502065 -9.679404794730813 113.35000000000001
      vertex 42.743483951332585 -9.623201429255245 113.35000000000001
    endloop
  endfacet
  facet normal 0 0 1
    outer loop
      vertex 42.90056183502065 -12.820595205269187 113.35000000000001
      vertex 43.05137445260419 -9.750733850607796 113.35000000000001
      vertex 42.90056183502065 -9.679404794730813 113.35000000000001
    endloop
  endfacet
  facet normal 0 0 1
    outer loop
      vertex 43.05137445260419 -12.749266149392204 113.35000000000001
      vertex 43.19446939613332 -9.836501659085673 113.35000000000001
      vertex 43.05137445260419 -9.750733850607796 113.35000000000001
    endloop
  endfacet
  facet normal 0.6715589548470188 0.7409511253549588 0
    outer loop
      vertex 41.04791847198287 -12.45208152801713 113.35000000000001
      vertex 41.04791847198287 -12.45208152801713 117.4
      vertex 41.1715314169218 -12.564117770716653 113.35000000000001
    endloop
  endfacet
  facet normal 0.7409511253549486 0.6715589548470299 0
    outer loop
      vertex 41.04791847198287 -12.45208152801713 113.35000000000001
      vertex 40.935882229283344 -12.328468583078198 117.4
      vertex 41.04791847198287 -12.45208152801713 117.4
    endloop
  endfacet
  facet normal 0.7409511253549486 -0.6715589548470299 -5.669398020845211e-19
    outer loop
      vertex 40.935882229283344 -10.171531416921802 113.35000000000001
      vertex 41.04791847198287 -10.04791847198287 113.35000000000001
      vertex 41.04791847198287 -10.04791847198287 117.4
    endloop
  endfacet
  facet normal 0.6715589548470188 -0.7409511253549588 0
    outer loop
      vertex 41.04791847198287 -10.04791847198287 113.35000000000001
      vertex 41.1715314169218 -9.935882229283347 117.4
      vertex 41.04791847198287 -10.04791847198287 117.4
    endloop
  endfacet
  facet normal 0.6715589548470188 -0.7409511253549588 -1.9348745824182578e-19
    outer loop
      vertex 41.04791847198287 -10.04791847198287 113.35000000000001
      vertex 41.1715314169218 -9.935882229283347 113.35000000000001
      vertex 41.1715314169218 -9.935882229283347 117.4
    endloop
  endfacet
  facet normal 0.5956993044924241 -0.8032075314806517 -4.027201411637037e-19
    outer loop
      vertex 41.1715314169218 -9.935882229283347 113.35000000000001
      vertex 41.30553060386668 -9.836501659085673 113.35000000000001
      vertex 41.30553060386668 -9.836501659085673 117.4
    endloop
  endfacet
  facet normal 0.5141027441932231 -0.8577286100002711 3.2526968304867254e-19
    outer loop
      vertex 41.30553060386668 -9.836501659085673 113.35000000000001
      vertex 41.44862554739581 -9.750733850607796 113.35000000000001
      vertex 41.44862554739581 -9.750733850607796 117.4
    endloop
  endfacet
  facet normal 0.42755509343028764 -0.9039892931234408 -9.382939283493722e-19
    outer loop
      vertex 41.44862554739581 -9.750733850607796 113.35000000000001
      vertex 41.59943816497935 -9.679404794730813 113.35000000000001
      vertex 41.59943816497935 -9.679404794730813 117.4
    endloop
  endfacet
  facet normal 0.3368898533922203 -0.9415440651830207 5.187644486212005e-19
    outer loop
      vertex 41.59943816497935 -9.679404794730813 113.35000000000001
      vertex 41.756516048667415 -9.623201429255245 113.35000000000001
      vertex 41.756516048667415 -9.623201429255245 117.4
    endloop
  endfacet
  facet normal 0.24298017990325876 -0.9700312531945453 -5.875972179815425e-19
    outer loop
      vertex 41.756516048667415 -9.623201429255245 113.35000000000001
      vertex 41.918346452572585 -9.582665023314508 113.35000000000001
      vertex 41.918346452572585 -9.582665023314508 117.4
    endloop
  endfacet
  facet normal 0.14673047445536003 -0.9891765099647812 1.3620001395633264e-19
    outer loop
      vertex 41.918346452572585 -9.582665023314508 113.35000000000001
      vertex 42.08337086143975 -9.558185964657266 113.35000000000001
      vertex 42.08337086143975 -9.558185964657266 117.4
    endloop
  endfacet
  facet normal 0.5956993044924241 -0.8032075314806517 0
    outer loop
      vertex 41.1715314169218 -9.935882229283347 113.35000000000001
      vertex 41.30553060386668 -9.836501659085673 117.4
      vertex 41.1715314169218 -9.935882229283347 117.4
    endloop
  endfacet
  facet normal 0.5141027441932231 -0.8577286100002711 0
    outer loop
      vertex 41.30553060386668 -9.836501659085673 113.35000000000001
      vertex 41.44862554739581 -9.750733850607796 117.4
      vertex 41.30553060386668 -9.836501659085673 117.4
    endloop
  endfacet
  facet normal 0.42755509343028764 -0.9039892931234408 0
    outer loop
      vertex 41.44862554739581 -9.750733850607796 113.35000000000001
      vertex 41.59943816497935 -9.679404794730813 117.4
      vertex 41.44862554739581 -9.750733850607796 117.4
    endloop
  endfacet
  facet normal 0.3368898533922203 -0.9415440651830207 0
    outer loop
      vertex 41.59943816497935 -9.679404794730813 113.35000000000001
      vertex 41.756516048667415 -9.623201429255245 117.4
      vertex 41.59943816497935 -9.679404794730813 117.4
    endloop
  endfacet
  facet normal 0.24298017990325876 -0.9700312531945453 0
    outer loop
      vertex 41.756516048667415 -9.623201429255245 113.35000000000001
      vertex 41.918346452572585 -9.582665023314508 117.4
      vertex 41.756516048667415 -9.623201429255245 117.4
    endloop
  endfacet
  facet normal 0.14673047445536003 -0.9891765099647812 0
    outer loop
      vertex 41.918346452572585 -9.582665023314508 113.35000000000001
      vertex 42.08337086143975 -9.558185964657266 117.4
      vertex 41.918346452572585 -9.582665023314508 117.4
    endloop
  endfacet
  facet normal 0.04906767432741786 -0.9987954562051723 5.0249891465408475e-20
    outer loop
      vertex 42.08337086143975 -9.558185964657266 113.35000000000001
      vertex 42.25 -9.55 113.35000000000001
      vertex 42.25 -9.55 117.4
    endloop
  endfacet
  facet normal -0.04906767432741786 -0.9987954562051723 -5.0249891465408475e-20
    outer loop
      vertex 42.25 -9.55 113.35000000000001
      vertex 42.41662913856025 -9.558185964657266 113.35000000000001
      vertex 42.41662913856025 -9.558185964657266 117.4
    endloop
  endfacet
  facet normal -0.14673047445536003 -0.9891765099647812 -1.3620001395633264e-19
    outer loop
      vertex 42.41662913856025 -9.558185964657266 113.35000000000001
      vertex 42.581653547427415 -9.582665023314508 113.35000000000001
      vertex 42.581653547427415 -9.582665023314508 117.4
    endloop
  endfacet
  facet normal -0.24298017990325876 -0.9700312531945453 5.875972179815425e-19
    outer loop
      vertex 42.581653547427415 -9.582665023314508 113.35000000000001
      vertex 42.743483951332585 -9.623201429255245 113.35000000000001
      vertex 42.743483951332585 -9.623201429255245 117.4
    endloop
  endfacet
  facet normal -0.3368898533922203 -0.9415440651830207 -5.187644486212005e-19
    outer loop
      vertex 42.743483951332585 -9.623201429255245 113.35000000000001
      vertex 42.90056183502065 -9.679404794730813 113.35000000000001
      vertex 42.90056183502065 -9.679404794730813 117.4
    endloop
  endfacet
  facet normal -0.42755509343028764 -0.9039892931234408 9.382939283493722e-19
    outer loop
      vertex 42.90056183502065 -9.679404794730813 113.35000000000001
      vertex 43.05137445260419 -9.750733850607796 113.35000000000001
      vertex 43.05137445260419 -9.750733850607796 117.4
    endloop
  endfacet
  facet normal -0.5141027441932231 -0.8577286100002711 -3.2526968304867254e-19
    outer loop
      vertex 43.05137445260419 -9.750733850607796 113.35000000000001
      vertex 43.19446939613332 -9.836501659085673 113.35000000000001
      vertex 43.19446939613332 -9.836501659085673 117.4
    endloop
  endfacet
  facet normal 0.04906767432741786 -0.9987954562051723 0
    outer loop
      vertex 42.08337086143975 -9.558185964657266 113.35000000000001
      vertex 42.25 -9.55 117.4
      vertex 42.08337086143975 -9.558185964657266 117.4
    endloop
  endfacet
  facet normal -0.04906767432741786 -0.9987954562051723 0
    outer loop
      vertex 42.25 -9.55 113.35000000000001
      vertex 42.41662913856025 -9.558185964657266 117.4
      vertex 42.25 -9.55 117.4
    endloop
  endfacet
  facet normal -0.14673047445536003 -0.9891765099647812 0
    outer loop
      vertex 42.41662913856025 -9.558185964657266 113.35000000000001
      vertex 42.581653547427415 -9.582665023314508 117.4
      vertex 42.41662913856025 -9.558185964657266 117.4
    endloop
  endfacet
  facet normal -0.24298017990325876 -0.9700312531945453 0
    outer loop
      vertex 42.581653547427415 -9.582665023314508 113.35000000000001
      vertex 42.743483951332585 -9.623201429255245 117.4
      vertex 42.581653547427415 -9.582665023314508 117.4
    endloop
  endfacet
  facet normal -0.3368898533922203 -0.9415440651830207 0
    outer loop
      vertex 42.743483951332585 -9.623201429255245 113.35000000000001
      vertex 42.90056183502065 -9.679404794730813 117.4
      vertex 42.743483951332585 -9.623201429255245 117.4
    endloop
  endfacet
  facet normal -0.42755509343028764 -0.9039892931234408 0
    outer loop
      vertex 42.90056183502065 -9.679404794730813 113.35000000000001
      vertex 43.05137445260419 -9.750733850607796 117.4
      vertex 42.90056183502065 -9.679404794730813 117.4
    endloop
  endfacet
  facet normal -0.5141027441932231 -0.8577286100002711 0
    outer loop
      vertex 43.05137445260419 -9.750733850607796 113.35000000000001
      vertex 43.19446939613332 -9.836501659085673 117.4
      vertex 43.05137445260419 -9.750733850607796 117.4
    endloop
  endfacet
  facet normal -0.5956993044924241 0.8032075314806517 0
    outer loop
      vertex 43.19446939613332 -12.663498340914327 113.35000000000001
      vertex 43.19446939613332 -12.663498340914327 117.4
      vertex 43.3284685830782 -12.564117770716653 113.35000000000001
    endloop
  endfacet
  facet normal -0.6715589548470188 0.7409511253549588 0
    outer loop
      vertex 43.3284685830782 -12.564117770716653 113.35000000000001
      vertex 43.3284685830782 -12.564117770716653 117.4
      vertex 43.45208152801713 -12.45208152801713 113.35000000000001
    endloop
  endfacet
  facet normal -0.5956993044924241 0.8032075314806517 0
    outer loop
      vertex 43.3284685830782 -12.564117770716653 113.35000000000001
      vertex 43.19446939613332 -12.663498340914327 117.4
      vertex 43.3284685830782 -12.564117770716653 117.4
    endloop
  endfacet
  facet normal 0 0 1
    outer loop
      vertex 43.19446939613332 -12.663498340914327 113.35000000000001
      vertex 43.3284685830782 -12.564117770716653 113.35000000000001
      vertex 43.3284685830782 -9.935882229283347 113.35000000000001
    endloop
  endfacet
  facet normal 0 0 1
    outer loop
      vertex 43.3284685830782 -12.564117770716653 113.35000000000001
      vertex 43.45208152801713 -12.45208152801713 113.35000000000001
      vertex 43.45208152801713 -10.04791847198287 113.35000000000001
    endloop
  endfacet
  facet normal 0 0 1
    outer loop
      vertex 43.45208152801713 -12.45208152801713 113.35000000000001
      vertex 43.564117770716656 -12.328468583078198 113.35000000000001
      vertex 43.564117770716656 -10.171531416921802 113.35000000000001
    endloop
  endfacet
  facet normal 0 0 1
    outer loop
      vertex 43.564117770716656 -12.328468583078198 113.35000000000001
      vertex 43.66349834091433 -12.194469396133323 113.35000000000001
      vertex 43.66349834091433 -10.305530603866677 113.35000000000001
    endloop
  endfacet
  facet normal 0 0 1
    outer loop
      vertex 43.66349834091433 -12.194469396133323 113.35000000000001
      vertex 43.749266149392206 -12.051374452604197 113.35000000000001
      vertex 43.749266149392206 -10.448625547395803 113.35000000000001
    endloop
  endfacet
  facet normal 0 0 1
    outer loop
      vertex 43.749266149392206 -12.051374452604197 113.35000000000001
      vertex 43.820595205269186 -11.900561835020653 113.35000000000001
      vertex 43.820595205269186 -10.599438164979347 113.35000000000001
    endloop
  endfacet
  facet normal 0 0 1
    outer loop
      vertex 43.820595205269186 -11.900561835020653 113.35000000000001
      vertex 43.876798570744754 -11.743483951332585 113.35000000000001
      vertex 43.876798570744754 -10.756516048667415 113.35000000000001
    endloop
  endfacet
  facet normal 0 0 1
    outer loop
      vertex 43.876798570744754 -11.743483951332585 113.35000000000001
      vertex 43.91733497668549 -11.581653547427418 113.35000000000001
      vertex 43.91733497668549 -10.918346452572582 113.35000000000001
    endloop
  endfacet
  facet normal 0 0 1
    outer loop
      vertex 43.91733497668549 -11.581653547427418 113.35000000000001
      vertex 43.94181403534274 -11.416629138560253 113.35000000000001
      vertex 43.94181403534274 -11.083370861439747 113.35000000000001
    endloop
  endfacet
  facet normal 0 0 1
    outer loop
      vertex 43.19446939613332 -12.663498340914327 113.35000000000001
      vertex 43.3284685830782 -9.935882229283347 113.35000000000001
      vertex 43.19446939613332 -9.836501659085673 113.35000000000001
    endloop
  endfacet
  facet normal 0 0 1
    outer loop
      vertex 43.3284685830782 -12.564117770716653 113.35000000000001
      vertex 43.45208152801713 -10.04791847198287 113.35000000000001
      vertex 43.3284685830782 -9.935882229283347 113.35000000000001
    endloop
  endfacet
  facet normal 0 0 1
    outer loop
      vertex 43.45208152801713 -12.45208152801713 113.35000000000001
      vertex 43.564117770716656 -10.171531416921802 113.35000000000001
      vertex 43.45208152801713 -10.04791847198287 113.35000000000001
    endloop
  endfacet
  facet normal 0 0 1
    outer loop
      vertex 43.564117770716656 -12.328468583078198 113.35000000000001
      vertex 43.66349834091433 -10.305530603866677 113.35000000000001
      vertex 43.564117770716656 -10.171531416921802 113.35000000000001
    endloop
  endfacet
  facet normal 0 0 1
    outer loop
      vertex 43.66349834091433 -12.194469396133323 113.35000000000001
      vertex 43.749266149392206 -10.448625547395803 113.35000000000001
      vertex 43.66349834091433 -10.305530603866677 113.35000000000001
    endloop
  endfacet
  facet normal 0 0 1
    outer loop
      vertex 43.749266149392206 -12.051374452604197 113.35000000000001
      vertex 43.820595205269186 -10.599438164979347 113.35000000000001
      vertex 43.749266149392206 -10.448625547395803 113.35000000000001
    endloop
  endfacet
  facet normal 0 0 1
    outer loop
      vertex 43.876798570744754 -11.743483951332585 113.35000000000001
      vertex 43.91733497668549 -10.918346452572582 113.35000000000001
      vertex 43.876798570744754 -10.756516048667415 113.35000000000001
    endloop
  endfacet
  facet normal 0 0 1
    outer loop
      vertex 43.91733497668549 -11.581653547427418 113.35000000000001
      vertex 43.94181403534274 -11.083370861439747 113.35000000000001
      vertex 43.91733497668549 -10.918346452572582 113.35000000000001
    endloop
  endfacet
  facet normal 0 0 1
    outer loop
      vertex 43.94181403534274 -11.416629138560253 113.35000000000001
      vertex 43.95 -11.25 113.35000000000001
      vertex 43.94181403534274 -11.083370861439747 113.35000000000001
    endloop
  endfacet
  facet normal 0 0 1
    outer loop
      vertex 43.820595205269186 -11.900561835020653 113.35000000000001
      vertex 43.876798570744754 -10.756516048667415 113.35000000000001
      vertex 43.820595205269186 -10.599438164979347 113.35000000000001
    endloop
  endfacet
  facet normal -0.7409511253549486 0.6715589548470299 0
    outer loop
      vertex 43.45208152801713 -12.45208152801713 113.35000000000001
      vertex 43.45208152801713 -12.45208152801713 117.4
      vertex 43.564117770716656 -12.328468583078198 113.35000000000001
    endloop
  endfacet
  facet normal -0.803207531480648 0.5956993044924292 0
    outer loop
      vertex 43.564117770716656 -12.328468583078198 113.35000000000001
      vertex 43.564117770716656 -12.328468583078198 117.4
      vertex 43.66349834091433 -12.194469396133323 113.35000000000001
    endloop
  endfacet
  facet normal -0.8577286100002731 0.5141027441932201 0
    outer loop
      vertex 43.66349834091433 -12.194469396133323 113.35000000000001
      vertex 43.66349834091433 -12.194469396133323 117.4
      vertex 43.749266149392206 -12.051374452604197 113.35000000000001
    endloop
  endfacet
  facet normal -0.9039892931234528 0.4275550934302619 0
    outer loop
      vertex 43.749266149392206 -12.051374452604197 113.35000000000001
      vertex 43.749266149392206 -12.051374452604197 117.4
      vertex 43.820595205269186 -11.900561835020653 113.35000000000001
    endloop
  endfacet
  facet normal -0.9415440651830207 0.3368898533922203 0
    outer loop
      vertex 43.820595205269186 -11.900561835020653 113.35000000000001
      vertex 43.820595205269186 -11.900561835020653 117.4
      vertex 43.876798570744754 -11.743483951332585 113.35000000000001
    endloop
  endfacet
  facet normal -0.9700312531945466 0.24298017990325377 0
    outer loop
      vertex 43.876798570744754 -11.743483951332585 113.35000000000001
      vertex 43.876798570744754 -11.743483951332585 117.4
      vertex 43.91733497668549 -11.581653547427418 113.35000000000001
    endloop
  endfacet
  facet normal -0.9891765099647755 0.14673047445539858 0
    outer loop
      vertex 43.91733497668549 -11.581653547427418 113.35000000000001
      vertex 43.91733497668549 -11.581653547427418 117.4
      vertex 43.94181403534274 -11.416629138560253 113.35000000000001
    endloop
  endfacet
  facet normal -0.9987954562051723 0.04906767432741786 0
    outer loop
      vertex 43.94181403534274 -11.416629138560253 113.35000000000001
      vertex 43.94181403534274 -11.416629138560253 117.4
      vertex 43.95 -11.25 113.35000000000001
    endloop
  endfacet
  facet normal -0.6715589548470188 0.7409511253549588 0
    outer loop
      vertex 43.45208152801713 -12.45208152801713 113.35000000000001
      vertex 43.3284685830782 -12.564117770716653 117.4
      vertex 43.45208152801713 -12.45208152801713 117.4
    endloop
  endfacet
  facet normal -0.7409511253549486 0.6715589548470299 0
    outer loop
      vertex 43.564117770716656 -12.328468583078198 113.35000000000001
      vertex 43.45208152801713 -12.45208152801713 117.4
      vertex 43.564117770716656 -12.328468583078198 117.4
    endloop
  endfacet
  facet normal -0.803207531480648 0.5956993044924292 0
    outer loop
      vertex 43.66349834091433 -12.194469396133323 113.35000000000001
      vertex 43.564117770716656 -12.328468583078198 117.4
      vertex 43.66349834091433 -12.194469396133323 117.4
    endloop
  endfacet
  facet normal -0.8577286100002731 0.5141027441932201 0
    outer loop
      vertex 43.749266149392206 -12.051374452604197 113.35000000000001
      vertex 43.66349834091433 -12.194469396133323 117.4
      vertex 43.749266149392206 -12.051374452604197 117.4
    endloop
  endfacet
  facet normal -0.9039892931234528 0.4275550934302619 0
    outer loop
      vertex 43.820595205269186 -11.900561835020653 113.35000000000001
      vertex 43.749266149392206 -12.051374452604197 117.4
      vertex 43.820595205269186 -11.900561835020653 117.4
    endloop
  endfacet
  facet normal -0.9415440651830207 0.3368898533922203 0
    outer loop
      vertex 43.876798570744754 -11.743483951332585 113.35000000000001
      vertex 43.820595205269186 -11.900561835020653 117.4
      vertex 43.876798570744754 -11.743483951332585 117.4
    endloop
  endfacet
  facet normal -0.9700312531945466 0.24298017990325377 0
    outer loop
      vertex 43.91733497668549 -11.581653547427418 113.35000000000001
      vertex 43.876798570744754 -11.743483951332585 117.4
      vertex 43.91733497668549 -11.581653547427418 117.4
    endloop
  endfacet
  facet normal -0.9891765099647755 0.14673047445539858 0
    outer loop
      vertex 43.94181403534274 -11.416629138560253 113.35000000000001
      vertex 43.91733497668549 -11.581653547427418 117.4
      vertex 43.94181403534274 -11.416629138560253 117.4
    endloop
  endfacet
  facet normal -0.9987954562051723 0.04906767432741786 0
    outer loop
      vertex 43.95 -11.25 113.35000000000001
      vertex 43.94181403534274 -11.416629138560253 117.4
      vertex 43.95 -11.25 117.4
    endloop
  endfacet
  facet normal -0.6715589548470188 -0.7409511253549588 1.9348745824182578e-19
    outer loop
      vertex 43.3284685830782 -9.935882229283347 113.35000000000001
      vertex 43.45208152801713 -10.04791847198287 113.35000000000001
      vertex 43.45208152801713 -10.04791847198287 117.4
    endloop
  endfacet
  facet normal -0.7409511253549486 -0.6715589548470299 0
    outer loop
      vertex 43.564117770716656 -10.171531416921802 113.35000000000001
      vertex 43.564117770716656 -10.171531416921802 117.4
      vertex 43.45208152801713 -10.04791847198287 113.35000000000001
    endloop
  endfacet
  facet normal -0.803207531480648 -0.5956993044924292 -1.9882182863523644e-19
    outer loop
      vertex 43.564117770716656 -10.171531416921802 113.35000000000001
      vertex 43.66349834091433 -10.305530603866677 113.35000000000001
      vertex 43.66349834091433 -10.305530603866677 117.4
    endloop
  endfacet
  facet normal -0.9987954562051723 -0.04906767432741786 0
    outer loop
      vertex 43.95 -11.25 113.35000000000001
      vertex 43.95 -11.25 117.4
      vertex 43.94181403534274 -11.083370861439747 113.35000000000001
    endloop
  endfacet
  facet normal -0.9891765099647755 -0.14673047445539858 0
    outer loop
      vertex 43.94181403534274 -11.083370861439747 113.35000000000001
      vertex 43.94181403534274 -11.083370861439747 117.4
      vertex 43.91733497668549 -10.918346452572582 113.35000000000001
    endloop
  endfacet
  facet normal -0.9700312531945466 -0.24298017990325377 -9.818491672409002e-20
    outer loop
      vertex 43.876798570744754 -10.756516048667415 113.35000000000001
      vertex 43.91733497668549 -10.918346452572582 113.35000000000001
      vertex 43.91733497668549 -10.918346452572582 117.4
    endloop
  endfacet
  facet normal -0.9415440651830207 -0.3368898533922203 0
    outer loop
      vertex 43.876798570744754 -10.756516048667415 113.35000000000001
      vertex 43.876798570744754 -10.756516048667415 117.4
      vertex 43.820595205269186 -10.599438164979347 113.35000000000001
    endloop
  endfacet
  facet normal -0.9039892931234528 -0.4275550934302619 3.7944980344339713e-19
    outer loop
      vertex 43.749266149392206 -10.448625547395803 113.35000000000001
      vertex 43.820595205269186 -10.599438164979347 113.35000000000001
      vertex 43.820595205269186 -10.599438164979347 117.4
    endloop
  endfacet
  facet normal -0.8577286100002731 -0.5141027441932201 0
    outer loop
      vertex 43.749266149392206 -10.448625547395803 113.35000000000001
      vertex 43.749266149392206 -10.448625547395803 117.4
      vertex 43.66349834091433 -10.305530603866677 113.35000000000001
    endloop
  endfacet
  facet normal -0.7409511253549486 -0.6715589548470299 0
    outer loop
      vertex 43.45208152801713 -10.04791847198287 113.35000000000001
      vertex 43.564117770716656 -10.171531416921802 117.4
      vertex 43.45208152801713 -10.04791847198287 117.4
    endloop
  endfacet
  facet normal -0.803207531480648 -0.5956993044924292 0
    outer loop
      vertex 43.564117770716656 -10.171531416921802 113.35000000000001
      vertex 43.66349834091433 -10.305530603866677 117.4
      vertex 43.564117770716656 -10.171531416921802 117.4
    endloop
  endfacet
  facet normal -0.9987954562051723 -0.04906767432741786 0
    outer loop
      vertex 43.94181403534274 -11.083370861439747 113.35000000000001
      vertex 43.95 -11.25 117.4
      vertex 43.94181403534274 -11.083370861439747 117.4
    endloop
  endfacet
  facet normal -0.9891765099647755 -0.14673047445539858 0
    outer loop
      vertex 43.91733497668549 -10.918346452572582 113.35000000000001
      vertex 43.94181403534274 -11.083370861439747 117.4
      vertex 43.91733497668549 -10.918346452572582 117.4
    endloop
  endfacet
  facet normal -0.9700312531945466 -0.24298017990325377 0
    outer loop
      vertex 43.876798570744754 -10.756516048667415 113.35000000000001
      vertex 43.91733497668549 -10.918346452572582 117.4
      vertex 43.876798570744754 -10.756516048667415 117.4
    endloop
  endfacet
  facet normal -0.9415440651830207 -0.3368898533922203 0
    outer loop
      vertex 43.820595205269186 -10.599438164979347 113.35000000000001
      vertex 43.876798570744754 -10.756516048667415 117.4
      vertex 43.820595205269186 -10.599438164979347 117.4
    endloop
  endfacet
  facet normal -0.9039892931234528 -0.4275550934302619 0
    outer loop
      vertex 43.749266149392206 -10.448625547395803 113.35000000000001
      vertex 43.820595205269186 -10.599438164979347 117.4
      vertex 43.749266149392206 -10.448625547395803 117.4
    endloop
  endfacet
  facet normal -0.8577286100002731 -0.5141027441932201 0
    outer loop
      vertex 43.66349834091433 -10.305530603866677 113.35000000000001
      vertex 43.749266149392206 -10.448625547395803 117.4
      vertex 43.66349834091433 -10.305530603866677 117.4
    endloop
  endfacet
  facet normal -0.5956993044924241 -0.8032075314806517 0
    outer loop
      vertex 43.3284685830782 -9.935882229283347 113.35000000000001
      vertex 43.3284685830782 -9.935882229283347 117.4
      vertex 43.19446939613332 -9.836501659085673 113.35000000000001
    endloop
  endfacet
  facet normal -0.5956993044924241 -0.8032075314806517 0
    outer loop
      vertex 43.19446939613332 -9.836501659085673 113.35000000000001
      vertex 43.3284685830782 -9.935882229283347 117.4
      vertex 43.19446939613332 -9.836501659085673 117.4
    endloop
  endfacet
  facet normal -0.6715589548470188 -0.7409511253549588 0
    outer loop
      vertex 43.3284685830782 -9.935882229283347 113.35000000000001
      vertex 43.45208152801713 -10.04791847198287 117.4
      vertex 43.3284685830782 -9.935882229283347 117.4
    endloop
  endfacet
  facet normal 0.5956993044924241 0.8032075314806517 4.027201411637037e-19
    outer loop
      vertex 41.30553060386668 9.836501659085673 113.35000000000001
      vertex 41.1715314169218 9.935882229283347 113.35000000000001
      vertex 41.1715314169218 9.935882229283347 117.4
    endloop
  endfacet
  facet normal 0.5141027441932231 0.8577286100002711 0
    outer loop
      vertex 41.30553060386668 9.836501659085673 113.35000000000001
      vertex 41.30553060386668 9.836501659085673 117.4
      vertex 41.44862554739581 9.750733850607796 113.35000000000001
    endloop
  endfacet
  facet normal 0.42755509343028764 0.9039892931234408 0
    outer loop
      vertex 41.44862554739581 9.750733850607796 113.35000000000001
      vertex 41.44862554739581 9.750733850607796 117.4
      vertex 41.59943816497935 9.679404794730813 113.35000000000001
    endloop
  endfacet
  facet normal 0.3368898533922203 0.9415440651830207 0
    outer loop
      vertex 41.59943816497935 9.679404794730813 113.35000000000001
      vertex 41.59943816497935 9.679404794730813 117.4
      vertex 41.756516048667415 9.623201429255245 113.35000000000001
    endloop
  endfacet
  facet normal 0.24298017990325876 0.9700312531945453 0
    outer loop
      vertex 41.756516048667415 9.623201429255245 113.35000000000001
      vertex 41.756516048667415 9.623201429255245 117.4
      vertex 41.918346452572585 9.582665023314508 113.35000000000001
    endloop
  endfacet
  facet normal 0.14673047445536003 0.9891765099647812 0
    outer loop
      vertex 41.918346452572585 9.582665023314508 113.35000000000001
      vertex 41.918346452572585 9.582665023314508 117.4
      vertex 42.08337086143975 9.558185964657266 113.35000000000001
    endloop
  endfacet
  facet normal 0.6715589548470188 0.7409511253549588 0
    outer loop
      vertex 41.1715314169218 9.935882229283347 113.35000000000001
      vertex 41.04791847198287 10.04791847198287 117.4
      vertex 41.1715314169218 9.935882229283347 117.4
    endloop
  endfacet
  facet normal 0.5956993044924241 0.8032075314806517 0
    outer loop
      vertex 41.30553060386668 9.836501659085673 113.35000000000001
      vertex 41.1715314169218 9.935882229283347 117.4
      vertex 41.30553060386668 9.836501659085673 117.4
    endloop
  endfacet
  facet normal 0.5141027441932231 0.8577286100002711 0
    outer loop
      vertex 41.44862554739581 9.750733850607796 113.35000000000001
      vertex 41.30553060386668 9.836501659085673 117.4
      vertex 41.44862554739581 9.750733850607796 117.4
    endloop
  endfacet
  facet normal 0.3368898533922203 0.9415440651830207 0
    outer loop
      vertex 41.756516048667415 9.623201429255245 113.35000000000001
      vertex 41.59943816497935 9.679404794730813 117.4
      vertex 41.756516048667415 9.623201429255245 117.4
    endloop
  endfacet
  facet normal 0.42755509343028764 0.9039892931234408 0
    outer loop
      vertex 41.59943816497935 9.679404794730813 113.35000000000001
      vertex 41.44862554739581 9.750733850607796 117.4
      vertex 41.59943816497935 9.679404794730813 117.4
    endloop
  endfacet
  facet normal 0.24298017990325876 0.9700312531945453 0
    outer loop
      vertex 41.918346452572585 9.582665023314508 113.35000000000001
      vertex 41.756516048667415 9.623201429255245 117.4
      vertex 41.918346452572585 9.582665023314508 117.4
    endloop
  endfacet
  facet normal 0.14673047445536003 0.9891765099647812 0
    outer loop
      vertex 42.08337086143975 9.558185964657266 113.35000000000001
      vertex 41.918346452572585 9.582665023314508 117.4
      vertex 42.08337086143975 9.558185964657266 117.4
    endloop
  endfacet
  facet normal 0.04906767432741786 0.9987954562051723 0
    outer loop
      vertex 42.08337086143975 9.558185964657266 113.35000000000001
      vertex 42.08337086143975 9.558185964657266 117.4
      vertex 42.25 9.55 113.35000000000001
    endloop
  endfacet
  facet normal -0.04906767432741786 0.9987954562051723 0
    outer loop
      vertex 42.25 9.55 113.35000000000001
      vertex 42.25 9.55 117.4
      vertex 42.41662913856025 9.558185964657266 113.35000000000001
    endloop
  endfacet
  facet normal -0.14673047445536003 0.9891765099647812 0
    outer loop
      vertex 42.41662913856025 9.558185964657266 113.35000000000001
      vertex 42.41662913856025 9.558185964657266 117.4
      vertex 42.581653547427415 9.582665023314508 113.35000000000001
    endloop
  endfacet
  facet normal -0.24298017990325876 0.9700312531945453 0
    outer loop
      vertex 42.581653547427415 9.582665023314508 113.35000000000001
      vertex 42.581653547427415 9.582665023314508 117.4
      vertex 42.743483951332585 9.623201429255245 113.35000000000001
    endloop
  endfacet
  facet normal -0.3368898533922203 0.9415440651830207 0
    outer loop
      vertex 42.743483951332585 9.623201429255245 113.35000000000001
      vertex 42.743483951332585 9.623201429255245 117.4
      vertex 42.90056183502065 9.679404794730813 113.35000000000001
    endloop
  endfacet
  facet normal -0.42755509343028764 0.9039892931234408 0
    outer loop
      vertex 42.90056183502065 9.679404794730813 113.35000000000001
      vertex 42.90056183502065 9.679404794730813 117.4
      vertex 43.05137445260419 9.750733850607796 113.35000000000001
    endloop
  endfacet
  facet normal -0.5141027441932231 0.8577286100002711 0
    outer loop
      vertex 43.05137445260419 9.750733850607796 113.35000000000001
      vertex 43.05137445260419 9.750733850607796 117.4
      vertex 43.19446939613332 9.836501659085673 113.35000000000001
    endloop
  endfacet
  facet normal 0.04906767432741786 0.9987954562051723 0
    outer loop
      vertex 42.25 9.55 113.35000000000001
      vertex 42.08337086143975 9.558185964657266 117.4
      vertex 42.25 9.55 117.4
    endloop
  endfacet
  facet normal -0.04906767432741786 0.9987954562051723 0
    outer loop
      vertex 42.41662913856025 9.558185964657266 113.35000000000001
      vertex 42.25 9.55 117.4
      vertex 42.41662913856025 9.558185964657266 117.4
    endloop
  endfacet
  facet normal -0.14673047445536003 0.9891765099647812 0
    outer loop
      vertex 42.581653547427415 9.582665023314508 113.35000000000001
      vertex 42.41662913856025 9.558185964657266 117.4
      vertex 42.581653547427415 9.582665023314508 117.4
    endloop
  endfacet
  facet normal -0.24298017990325876 0.9700312531945453 0
    outer loop
      vertex 42.743483951332585 9.623201429255245 113.35000000000001
      vertex 42.581653547427415 9.582665023314508 117.4
      vertex 42.743483951332585 9.623201429255245 117.4
    endloop
  endfacet
  facet normal -0.3368898533922203 0.9415440651830207 0
    outer loop
      vertex 42.90056183502065 9.679404794730813 113.35000000000001
      vertex 42.743483951332585 9.623201429255245 117.4
      vertex 42.90056183502065 9.679404794730813 117.4
    endloop
  endfacet
  facet normal -0.42755509343028764 0.9039892931234408 0
    outer loop
      vertex 43.05137445260419 9.750733850607796 113.35000000000001
      vertex 42.90056183502065 9.679404794730813 117.4
      vertex 43.05137445260419 9.750733850607796 117.4
    endloop
  endfacet
  facet normal -0.5141027441932231 0.8577286100002711 0
    outer loop
      vertex 43.19446939613332 9.836501659085673 113.35000000000001
      vertex 43.05137445260419 9.750733850607796 117.4
      vertex 43.19446939613332 9.836501659085673 117.4
    endloop
  endfacet
  facet normal 0 0 1
    outer loop
      vertex 40.58266502331451 10.918346452572582 113.35000000000001
      vertex 40.58266502331451 11.581653547427418 113.35000000000001
      vertex 40.55818596465726 11.083370861439747 113.35000000000001
    endloop
  endfacet
  facet normal 0 0 1
    outer loop
      vertex 40.679404794730814 10.599438164979347 113.35000000000001
      vertex 40.679404794730814 11.900561835020653 113.35000000000001
      vertex 40.623201429255246 10.756516048667415 113.35000000000001
    endloop
  endfacet
  facet normal 0 0 1
    outer loop
      vertex 40.623201429255246 10.756516048667415 113.35000000000001
      vertex 40.623201429255246 11.743483951332585 113.35000000000001
      vertex 40.58266502331451 10.918346452572582 113.35000000000001
    endloop
  endfacet
  facet normal 0 0 1
    outer loop
      vertex 40.83650165908567 10.305530603866677 113.35000000000001
      vertex 40.935882229283344 10.171531416921802 113.35000000000001
      vertex 40.935882229283344 12.328468583078198 113.35000000000001
    endloop
  endfacet
  facet normal 0 0 1
    outer loop
      vertex 40.750733850607794 10.448625547395803 113.35000000000001
      vertex 40.750733850607794 12.051374452604197 113.35000000000001
      vertex 40.679404794730814 10.599438164979347 113.35000000000001
    endloop
  endfacet
  facet normal 0 0 1
    outer loop
      vertex 40.83650165908567 10.305530603866677 113.35000000000001
      vertex 40.83650165908567 12.194469396133323 113.35000000000001
      vertex 40.750733850607794 10.448625547395803 113.35000000000001
    endloop
  endfacet
  facet normal 0 0 1
    outer loop
      vertex 40.55818596465726 11.083370861439747 113.35000000000001
      vertex 40.55818596465726 11.416629138560253 113.35000000000001
      vertex 40.55 11.25 113.35000000000001
    endloop
  endfacet
  facet normal 0 0 1
    outer loop
      vertex 40.55818596465726 11.083370861439747 113.35000000000001
      vertex 40.58266502331451 11.581653547427418 113.35000000000001
      vertex 40.55818596465726 11.416629138560253 113.35000000000001
    endloop
  endfacet
  facet normal 0 0 1
    outer loop
      vertex 40.58266502331451 10.918346452572582 113.35000000000001
      vertex 40.623201429255246 11.743483951332585 113.35000000000001
      vertex 40.58266502331451 11.581653547427418 113.35000000000001
    endloop
  endfacet
  facet normal 0 0 1
    outer loop
      vertex 40.623201429255246 10.756516048667415 113.35000000000001
      vertex 40.679404794730814 11.900561835020653 113.35000000000001
      vertex 40.623201429255246 11.743483951332585 113.35000000000001
    endloop
  endfacet
  facet normal 0 0 1
    outer loop
      vertex 40.679404794730814 10.599438164979347 113.35000000000001
      vertex 40.750733850607794 12.051374452604197 113.35000000000001
      vertex 40.679404794730814 11.900561835020653 113.35000000000001
    endloop
  endfacet
  facet normal 0 0 1
    outer loop
      vertex 40.750733850607794 10.448625547395803 113.35000000000001
      vertex 40.83650165908567 12.194469396133323 113.35000000000001
      vertex 40.750733850607794 12.051374452604197 113.35000000000001
    endloop
  endfacet
  facet normal 0 0 1
    outer loop
      vertex 40.83650165908567 10.305530603866677 113.35000000000001
      vertex 40.935882229283344 12.328468583078198 113.35000000000001
      vertex 40.83650165908567 12.194469396133323 113.35000000000001
    endloop
  endfacet
  facet normal 0 0 1
    outer loop
      vertex 40.935882229283344 10.171531416921802 113.35000000000001
      vertex 41.04791847198287 12.45208152801713 113.35000000000001
      vertex 40.935882229283344 12.328468583078198 113.35000000000001
    endloop
  endfacet
  facet normal 0.9039892931234528 0.4275550934302619 3.7944980344339713e-19
    outer loop
      vertex 40.750733850607794 10.448625547395803 113.35000000000001
      vertex 40.679404794730814 10.599438164979347 113.35000000000001
      vertex 40.679404794730814 10.599438164979347 117.4
    endloop
  endfacet
  facet normal 0.7409511253549486 0.6715589548470299 0
    outer loop
      vertex 40.935882229283344 10.171531416921802 113.35000000000001
      vertex 40.935882229283344 10.171531416921802 117.4
      vertex 41.04791847198287 10.04791847198287 113.35000000000001
    endloop
  endfacet
  facet normal 0.803207531480648 0.5956993044924292 0
    outer loop
      vertex 40.83650165908567 10.305530603866677 113.35000000000001
      vertex 40.83650165908567 10.305530603866677 117.4
      vertex 40.935882229283344 10.171531416921802 113.35000000000001
    endloop
  endfacet
  facet normal 0.8577286100002731 0.5141027441932201 5.87348677408131e-19
    outer loop
      vertex 40.83650165908567 10.305530603866677 113.35000000000001
      vertex 40.750733850607794 10.448625547395803 113.35000000000001
      vertex 40.750733850607794 10.448625547395803 117.4
    endloop
  endfacet
  facet normal 0.9415440651830207 0.3368898533922203 -5.187644486212005e-19
    outer loop
      vertex 40.679404794730814 10.599438164979347 113.35000000000001
      vertex 40.623201429255246 10.756516048667415 113.35000000000001
      vertex 40.623201429255246 10.756516048667415 117.4
    endloop
  endfacet
  facet normal 0.9700312531945466 0.24298017990325377 -9.818491672409002e-20
    outer loop
      vertex 40.623201429255246 10.756516048667415 113.35000000000001
      vertex 40.58266502331451 10.918346452572582 113.35000000000001
      vertex 40.58266502331451 10.918346452572582 117.4
    endloop
  endfacet
  facet normal 0.9891765099647755 0.14673047445539858 -3.2385661834393484e-19
    outer loop
      vertex 40.58266502331451 10.918346452572582 113.35000000000001
      vertex 40.55818596465726 11.083370861439747 113.35000000000001
      vertex 40.55818596465726 11.083370861439747 117.4
    endloop
  endfacet
  facet normal 0.9987954562051723 0.04906767432741786 -5.0249891465408475e-20
    outer loop
      vertex 40.55818596465726 11.083370861439747 113.35000000000001
      vertex 40.55 11.25 113.35000000000001
      vertex 40.55 11.25 117.4
    endloop
  endfacet
  facet normal 0.803207531480648 0.5956993044924292 0
    outer loop
      vertex 40.935882229283344 10.171531416921802 113.35000000000001
      vertex 40.83650165908567 10.305530603866677 117.4
      vertex 40.935882229283344 10.171531416921802 117.4
    endloop
  endfacet
  facet normal 0.8577286100002731 0.5141027441932201 0
    outer loop
      vertex 40.83650165908567 10.305530603866677 113.35000000000001
      vertex 40.750733850607794 10.448625547395803 117.4
      vertex 40.83650165908567 10.305530603866677 117.4
    endloop
  endfacet
  facet normal 0.9039892931234528 0.4275550934302619 0
    outer loop
      vertex 40.750733850607794 10.448625547395803 113.35000000000001
      vertex 40.679404794730814 10.599438164979347 117.4
      vertex 40.750733850607794 10.448625547395803 117.4
    endloop
  endfacet
  facet normal 0.9415440651830207 0.3368898533922203 0
    outer loop
      vertex 40.679404794730814 10.599438164979347 113.35000000000001
      vertex 40.623201429255246 10.756516048667415 117.4
      vertex 40.679404794730814 10.599438164979347 117.4
    endloop
  endfacet
  facet normal 0.9700312531945466 0.24298017990325377 0
    outer loop
      vertex 40.623201429255246 10.756516048667415 113.35000000000001
      vertex 40.58266502331451 10.918346452572582 117.4
      vertex 40.623201429255246 10.756516048667415 117.4
    endloop
  endfacet
  facet normal 0.9891765099647755 0.14673047445539858 0
    outer loop
      vertex 40.58266502331451 10.918346452572582 113.35000000000001
      vertex 40.55818596465726 11.083370861439747 117.4
      vertex 40.58266502331451 10.918346452572582 117.4
    endloop
  endfacet
  facet normal 0.9987954562051723 0.04906767432741786 0
    outer loop
      vertex 40.55818596465726 11.083370861439747 113.35000000000001
      vertex 40.55 11.25 117.4
      vertex 40.55818596465726 11.083370861439747 117.4
    endloop
  endfacet
  facet normal 0.9987954562051723 -0.04906767432741786 5.0249891465408475e-20
    outer loop
      vertex 40.55 11.25 113.35000000000001
      vertex 40.55818596465726 11.416629138560253 113.35000000000001
      vertex 40.55818596465726 11.416629138560253 117.4
    endloop
  endfacet
  facet normal 0.9891765099647755 -0.14673047445539858 3.2385661834393484e-19
    outer loop
      vertex 40.55818596465726 11.416629138560253 113.35000000000001
      vertex 40.58266502331451 11.581653547427418 113.35000000000001
      vertex 40.58266502331451 11.581653547427418 117.4
    endloop
  endfacet
  facet normal 0.9700312531945466 -0.24298017990325377 9.818491672409002e-20
    outer loop
      vertex 40.58266502331451 11.581653547427418 113.35000000000001
      vertex 40.623201429255246 11.743483951332585 113.35000000000001
      vertex 40.623201429255246 11.743483951332585 117.4
    endloop
  endfacet
  facet normal 0.9415440651830207 -0.3368898533922203 5.187644486212005e-19
    outer loop
      vertex 40.623201429255246 11.743483951332585 113.35000000000001
      vertex 40.679404794730814 11.900561835020653 113.35000000000001
      vertex 40.679404794730814 11.900561835020653 117.4
    endloop
  endfacet
  facet normal 0.9039892931234528 -0.4275550934302619 -3.7944980344339713e-19
    outer loop
      vertex 40.679404794730814 11.900561835020653 113.35000000000001
      vertex 40.750733850607794 12.051374452604197 113.35000000000001
      vertex 40.750733850607794 12.051374452604197 117.4
    endloop
  endfacet
  facet normal 0.8577286100002731 -0.5141027441932201 -5.87348677408131e-19
    outer loop
      vertex 40.750733850607794 12.051374452604197 113.35000000000001
      vertex 40.83650165908567 12.194469396133323 113.35000000000001
      vertex 40.83650165908567 12.194469396133323 117.4
    endloop
  endfacet
  facet normal 0.803207531480648 -0.5956993044924292 1.9882182863523644e-19
    outer loop
      vertex 40.83650165908567 12.194469396133323 113.35000000000001
      vertex 40.935882229283344 12.328468583078198 113.35000000000001
      vertex 40.935882229283344 12.328468583078198 117.4
    endloop
  endfacet
  facet normal 0.9987954562051723 -0.04906767432741786 0
    outer loop
      vertex 40.55 11.25 113.35000000000001
      vertex 40.55818596465726 11.416629138560253 117.4
      vertex 40.55 11.25 117.4
    endloop
  endfacet
  facet normal 0.9891765099647755 -0.14673047445539858 0
    outer loop
      vertex 40.55818596465726 11.416629138560253 113.35000000000001
      vertex 40.58266502331451 11.581653547427418 117.4
      vertex 40.55818596465726 11.416629138560253 117.4
    endloop
  endfacet
  facet normal 0.9700312531945466 -0.24298017990325377 0
    outer loop
      vertex 40.58266502331451 11.581653547427418 113.35000000000001
      vertex 40.623201429255246 11.743483951332585 117.4
      vertex 40.58266502331451 11.581653547427418 117.4
    endloop
  endfacet
  facet normal 0.9415440651830207 -0.3368898533922203 0
    outer loop
      vertex 40.623201429255246 11.743483951332585 113.35000000000001
      vertex 40.679404794730814 11.900561835020653 117.4
      vertex 40.623201429255246 11.743483951332585 117.4
    endloop
  endfacet
  facet normal 0.9039892931234528 -0.4275550934302619 0
    outer loop
      vertex 40.679404794730814 11.900561835020653 113.35000000000001
      vertex 40.750733850607794 12.051374452604197 117.4
      vertex 40.679404794730814 11.900561835020653 117.4
    endloop
  endfacet
  facet normal 0.8577286100002731 -0.5141027441932201 0
    outer loop
      vertex 40.750733850607794 12.051374452604197 113.35000000000001
      vertex 40.83650165908567 12.194469396133323 117.4
      vertex 40.750733850607794 12.051374452604197 117.4
    endloop
  endfacet
  facet normal 0.803207531480648 -0.5956993044924292 0
    outer loop
      vertex 40.83650165908567 12.194469396133323 113.35000000000001
      vertex 40.935882229283344 12.328468583078198 117.4
      vertex 40.83650165908567 12.194469396133323 117.4
    endloop
  endfacet
  facet normal 0.7409511253549486 -0.6715589548470299 0
    outer loop
      vertex 40.935882229283344 12.328468583078198 113.35000000000001
      vertex 41.04791847198287 12.45208152801713 117.4
      vertex 40.935882229283344 12.328468583078198 117.4
    endloop
  endfacet
  facet normal 0 0 1
    outer loop
      vertex 40.935882229283344 10.171531416921802 113.35000000000001
      vertex 41.04791847198287 10.04791847198287 113.35000000000001
      vertex 41.04791847198287 12.45208152801713 113.35000000000001
    endloop
  endfacet
  facet normal 0 0 1
    outer loop
      vertex 41.04791847198287 10.04791847198287 113.35000000000001
      vertex 41.1715314169218 9.935882229283347 113.35000000000001
      vertex 41.1715314169218 12.564117770716653 113.35000000000001
    endloop
  endfacet
  facet normal 0 0 1
    outer loop
      vertex 41.30553060386668 9.836501659085673 113.35000000000001
      vertex 41.30553060386668 12.663498340914327 113.35000000000001
      vertex 41.1715314169218 9.935882229283347 113.35000000000001
    endloop
  endfacet
  facet normal 0 0 1
    outer loop
      vertex 41.30553060386668 9.836501659085673 113.35000000000001
      vertex 41.44862554739581 9.750733850607796 113.35000000000001
      vertex 41.44862554739581 12.749266149392204 113.35000000000001
    endloop
  endfacet
  facet normal 0 0 1
    outer loop
      vertex 41.44862554739581 9.750733850607796 113.35000000000001
      vertex 41.59943816497935 9.679404794730813 113.35000000000001
      vertex 41.59943816497935 12.820595205269187 113.35000000000001
    endloop
  endfacet
  facet normal 0 0 1
    outer loop
      vertex 41.59943816497935 9.679404794730813 113.35000000000001
      vertex 41.756516048667415 9.623201429255245 113.35000000000001
      vertex 41.756516048667415 12.876798570744755 113.35000000000001
    endloop
  endfacet
  facet normal 0 0 1
    outer loop
      vertex 41.756516048667415 9.623201429255245 113.35000000000001
      vertex 41.918346452572585 9.582665023314508 113.35000000000001
      vertex 41.918346452572585 12.917334976685492 113.35000000000001
    endloop
  endfacet
  facet normal 0 0 1
    outer loop
      vertex 41.918346452572585 9.582665023314508 113.35000000000001
      vertex 42.08337086143975 9.558185964657266 113.35000000000001
      vertex 42.08337086143975 12.941814035342734 113.35000000000001
    endloop
  endfacet
  facet normal 0 0 1
    outer loop
      vertex 41.04791847198287 10.04791847198287 113.35000000000001
      vertex 41.1715314169218 12.564117770716653 113.35000000000001
      vertex 41.04791847198287 12.45208152801713 113.35000000000001
    endloop
  endfacet
  facet normal 0 0 1
    outer loop
      vertex 41.1715314169218 9.935882229283347 113.35000000000001
      vertex 41.30553060386668 12.663498340914327 113.35000000000001
      vertex 41.1715314169218 12.564117770716653 113.35000000000001
    endloop
  endfacet
  facet normal 0 0 1
    outer loop
      vertex 41.30553060386668 9.836501659085673 113.35000000000001
      vertex 41.44862554739581 12.749266149392204 113.35000000000001
      vertex 41.30553060386668 12.663498340914327 113.35000000000001
    endloop
  endfacet
  facet normal 0 0 1
    outer loop
      vertex 41.44862554739581 9.750733850607796 113.35000000000001
      vertex 41.59943816497935 12.820595205269187 113.35000000000001
      vertex 41.44862554739581 12.749266149392204 113.35000000000001
    endloop
  endfacet
  facet normal 0 0 1
    outer loop
      vertex 41.59943816497935 9.679404794730813 113.35000000000001
      vertex 41.756516048667415 12.876798570744755 113.35000000000001
      vertex 41.59943816497935 12.820595205269187 113.35000000000001
    endloop
  endfacet
  facet normal 0 0 1
    outer loop
      vertex 41.756516048667415 9.623201429255245 113.35000000000001
      vertex 41.918346452572585 12.917334976685492 113.35000000000001
      vertex 41.756516048667415 12.876798570744755 113.35000000000001
    endloop
  endfacet
  facet normal 0 0 1
    outer loop
      vertex 41.918346452572585 9.582665023314508 113.35000000000001
      vertex 42.08337086143975 12.941814035342734 113.35000000000001
      vertex 41.918346452572585 12.917334976685492 113.35000000000001
    endloop
  endfacet
  facet normal 0 0 1
    outer loop
      vertex 42.08337086143975 9.558185964657266 113.35000000000001
      vertex 42.25 9.55 113.35000000000001
      vertex 42.25 12.95 113.35000000000001
    endloop
  endfacet
  facet normal 0 0 1
    outer loop
      vertex 42.25 9.55 113.35000000000001
      vertex 42.41662913856025 9.558185964657266 113.35000000000001
      vertex 42.41662913856025 12.941814035342734 113.35000000000001
    endloop
  endfacet
  facet normal 0 0 1
    outer loop
      vertex 42.41662913856025 9.558185964657266 113.35000000000001
      vertex 42.581653547427415 9.582665023314508 113.35000000000001
      vertex 42.581653547427415 12.917334976685492 113.35000000000001
    endloop
  endfacet
  facet normal 0 0 1
    outer loop
      vertex 42.581653547427415 9.582665023314508 113.35000000000001
      vertex 42.743483951332585 9.623201429255245 113.35000000000001
      vertex 42.743483951332585 12.876798570744755 113.35000000000001
    endloop
  endfacet
  facet normal 0 0 1
    outer loop
      vertex 42.743483951332585 9.623201429255245 113.35000000000001
      vertex 42.90056183502065 9.679404794730813 113.35000000000001
      vertex 42.90056183502065 12.820595205269187 113.35000000000001
    endloop
  endfacet
  facet normal 0 0 1
    outer loop
      vertex 42.90056183502065 9.679404794730813 113.35000000000001
      vertex 43.05137445260419 9.750733850607796 113.35000000000001
      vertex 43.05137445260419 12.749266149392204 113.35000000000001
    endloop
  endfacet
  facet normal 0 0 1
    outer loop
      vertex 43.05137445260419 9.750733850607796 113.35000000000001
      vertex 43.19446939613332 9.836501659085673 113.35000000000001
      vertex 43.19446939613332 12.663498340914327 113.35000000000001
    endloop
  endfacet
  facet normal 0 0 1
    outer loop
      vertex 42.08337086143975 9.558185964657266 113.35000000000001
      vertex 42.25 12.95 113.35000000000001
      vertex 42.08337086143975 12.941814035342734 113.35000000000001
    endloop
  endfacet
  facet normal 0 0 1
    outer loop
      vertex 42.25 9.55 113.35000000000001
      vertex 42.41662913856025 12.941814035342734 113.35000000000001
      vertex 42.25 12.95 113.35000000000001
    endloop
  endfacet
  facet normal 0 0 1
    outer loop
      vertex 42.41662913856025 9.558185964657266 113.35000000000001
      vertex 42.581653547427415 12.917334976685492 113.35000000000001
      vertex 42.41662913856025 12.941814035342734 113.35000000000001
    endloop
  endfacet
  facet normal 0 0 1
    outer loop
      vertex 42.581653547427415 9.582665023314508 113.35000000000001
      vertex 42.743483951332585 12.876798570744755 113.35000000000001
      vertex 42.581653547427415 12.917334976685492 113.35000000000001
    endloop
  endfacet
  facet normal 0 0 1
    outer loop
      vertex 42.743483951332585 9.623201429255245 113.35000000000001
      vertex 42.90056183502065 12.820595205269187 113.35000000000001
      vertex 42.743483951332585 12.876798570744755 113.35000000000001
    endloop
  endfacet
  facet normal 0 0 1
    outer loop
      vertex 42.90056183502065 9.679404794730813 113.35000000000001
      vertex 43.05137445260419 12.749266149392204 113.35000000000001
      vertex 42.90056183502065 12.820595205269187 113.35000000000001
    endloop
  endfacet
  facet normal 0 0 1
    outer loop
      vertex 43.05137445260419 9.750733850607796 113.35000000000001
      vertex 43.19446939613332 12.663498340914327 113.35000000000001
      vertex 43.05137445260419 12.749266149392204 113.35000000000001
    endloop
  endfacet
  facet normal 0.6715589548470188 0.7409511253549588 0
    outer loop
      vertex 41.04791847198287 10.04791847198287 113.35000000000001
      vertex 41.04791847198287 10.04791847198287 117.4
      vertex 41.1715314169218 9.935882229283347 113.35000000000001
    endloop
  endfacet
  facet normal 0.7409511253549486 0.6715589548470299 0
    outer loop
      vertex 41.04791847198287 10.04791847198287 113.35000000000001
      vertex 40.935882229283344 10.171531416921802 117.4
      vertex 41.04791847198287 10.04791847198287 117.4
    endloop
  endfacet
  facet normal 0.7409511253549486 -0.6715589548470299 -5.669398020845211e-19
    outer loop
      vertex 40.935882229283344 12.328468583078198 113.35000000000001
      vertex 41.04791847198287 12.45208152801713 113.35000000000001
      vertex 41.04791847198287 12.45208152801713 117.4
    endloop
  endfacet
  facet normal 0.6715589548470188 -0.7409511253549588 0
    outer loop
      vertex 41.04791847198287 12.45208152801713 113.35000000000001
      vertex 41.1715314169218 12.564117770716653 117.4
      vertex 41.04791847198287 12.45208152801713 117.4
    endloop
  endfacet
  facet normal 0.6715589548470188 -0.7409511253549588 -1.9348745824182578e-19
    outer loop
      vertex 41.04791847198287 12.45208152801713 113.35000000000001
      vertex 41.1715314169218 12.564117770716653 113.35000000000001
      vertex 41.1715314169218 12.564117770716653 117.4
    endloop
  endfacet
  facet normal 0.5956993044924241 -0.8032075314806517 -4.027201411637037e-19
    outer loop
      vertex 41.1715314169218 12.564117770716653 113.35000000000001
      vertex 41.30553060386668 12.663498340914327 113.35000000000001
      vertex 41.30553060386668 12.663498340914327 117.4
    endloop
  endfacet
  facet normal 0.5141027441932231 -0.8577286100002711 3.2526968304867254e-19
    outer loop
      vertex 41.30553060386668 12.663498340914327 113.35000000000001
      vertex 41.44862554739581 12.749266149392204 113.35000000000001
      vertex 41.44862554739581 12.749266149392204 117.4
    endloop
  endfacet
  facet normal 0.42755509343028764 -0.9039892931234408 -9.382939283493722e-19
    outer loop
      vertex 41.44862554739581 12.749266149392204 113.35000000000001
      vertex 41.59943816497935 12.820595205269187 113.35000000000001
      vertex 41.59943816497935 12.820595205269187 117.4
    endloop
  endfacet
  facet normal 0.3368898533922203 -0.9415440651830207 5.187644486212005e-19
    outer loop
      vertex 41.59943816497935 12.820595205269187 113.35000000000001
      vertex 41.756516048667415 12.876798570744755 113.35000000000001
      vertex 41.756516048667415 12.876798570744755 117.4
    endloop
  endfacet
  facet normal 0.24298017990325876 -0.9700312531945453 -5.875972179815425e-19
    outer loop
      vertex 41.756516048667415 12.876798570744755 113.35000000000001
      vertex 41.918346452572585 12.917334976685492 113.35000000000001
      vertex 41.918346452572585 12.917334976685492 117.4
    endloop
  endfacet
  facet normal 0.14673047445536003 -0.9891765099647812 1.3620001395633264e-19
    outer loop
      vertex 41.918346452572585 12.917334976685492 113.35000000000001
      vertex 42.08337086143975 12.941814035342734 113.35000000000001
      vertex 42.08337086143975 12.941814035342734 117.4
    endloop
  endfacet
  facet normal 0.5956993044924241 -0.8032075314806517 0
    outer loop
      vertex 41.1715314169218 12.564117770716653 113.35000000000001
      vertex 41.30553060386668 12.663498340914327 117.4
      vertex 41.1715314169218 12.564117770716653 117.4
    endloop
  endfacet
  facet normal 0.5141027441932231 -0.8577286100002711 0
    outer loop
      vertex 41.30553060386668 12.663498340914327 113.35000000000001
      vertex 41.44862554739581 12.749266149392204 117.4
      vertex 41.30553060386668 12.663498340914327 117.4
    endloop
  endfacet
  facet normal 0.42755509343028764 -0.9039892931234408 0
    outer loop
      vertex 41.44862554739581 12.749266149392204 113.35000000000001
      vertex 41.59943816497935 12.820595205269187 117.4
      vertex 41.44862554739581 12.749266149392204 117.4
    endloop
  endfacet
  facet normal 0.3368898533922203 -0.9415440651830207 0
    outer loop
      vertex 41.59943816497935 12.820595205269187 113.35000000000001
      vertex 41.756516048667415 12.876798570744755 117.4
      vertex 41.59943816497935 12.820595205269187 117.4
    endloop
  endfacet
  facet normal 0.24298017990325876 -0.9700312531945453 0
    outer loop
      vertex 41.756516048667415 12.876798570744755 113.35000000000001
      vertex 41.918346452572585 12.917334976685492 117.4
      vertex 41.756516048667415 12.876798570744755 117.4
    endloop
  endfacet
  facet normal 0.14673047445536003 -0.9891765099647812 0
    outer loop
      vertex 41.918346452572585 12.917334976685492 113.35000000000001
      vertex 42.08337086143975 12.941814035342734 117.4
      vertex 41.918346452572585 12.917334976685492 117.4
    endloop
  endfacet
  facet normal 0.04906767432741786 -0.9987954562051723 5.0249891465408475e-20
    outer loop
      vertex 42.08337086143975 12.941814035342734 113.35000000000001
      vertex 42.25 12.95 113.35000000000001
      vertex 42.25 12.95 117.4
    endloop
  endfacet
  facet normal -0.04906767432741786 -0.9987954562051723 -5.0249891465408475e-20
    outer loop
      vertex 42.25 12.95 113.35000000000001
      vertex 42.41662913856025 12.941814035342734 113.35000000000001
      vertex 42.41662913856025 12.941814035342734 117.4
    endloop
  endfacet
  facet normal -0.14673047445536003 -0.9891765099647812 -1.3620001395633264e-19
    outer loop
      vertex 42.41662913856025 12.941814035342734 113.35000000000001
      vertex 42.581653547427415 12.917334976685492 113.35000000000001
      vertex 42.581653547427415 12.917334976685492 117.4
    endloop
  endfacet
  facet normal -0.24298017990325876 -0.9700312531945453 5.875972179815425e-19
    outer loop
      vertex 42.581653547427415 12.917334976685492 113.35000000000001
      vertex 42.743483951332585 12.876798570744755 113.35000000000001
      vertex 42.743483951332585 12.876798570744755 117.4
    endloop
  endfacet
  facet normal -0.3368898533922203 -0.9415440651830207 -5.187644486212005e-19
    outer loop
      vertex 42.743483951332585 12.876798570744755 113.35000000000001
      vertex 42.90056183502065 12.820595205269187 113.35000000000001
      vertex 42.90056183502065 12.820595205269187 117.4
    endloop
  endfacet
  facet normal -0.42755509343028764 -0.9039892931234408 9.382939283493722e-19
    outer loop
      vertex 42.90056183502065 12.820595205269187 113.35000000000001
      vertex 43.05137445260419 12.749266149392204 113.35000000000001
      vertex 43.05137445260419 12.749266149392204 117.4
    endloop
  endfacet
  facet normal -0.5141027441932231 -0.8577286100002711 -3.2526968304867254e-19
    outer loop
      vertex 43.05137445260419 12.749266149392204 113.35000000000001
      vertex 43.19446939613332 12.663498340914327 113.35000000000001
      vertex 43.19446939613332 12.663498340914327 117.4
    endloop
  endfacet
  facet normal 0.04906767432741786 -0.9987954562051723 0
    outer loop
      vertex 42.08337086143975 12.941814035342734 113.35000000000001
      vertex 42.25 12.95 117.4
      vertex 42.08337086143975 12.941814035342734 117.4
    endloop
  endfacet
  facet normal -0.04906767432741786 -0.9987954562051723 0
    outer loop
      vertex 42.25 12.95 113.35000000000001
      vertex 42.41662913856025 12.941814035342734 117.4
      vertex 42.25 12.95 117.4
    endloop
  endfacet
  facet normal -0.14673047445536003 -0.9891765099647812 0
    outer loop
      vertex 42.41662913856025 12.941814035342734 113.35000000000001
      vertex 42.581653547427415 12.917334976685492 117.4
      vertex 42.41662913856025 12.941814035342734 117.4
    endloop
  endfacet
  facet normal -0.24298017990325876 -0.9700312531945453 0
    outer loop
      vertex 42.581653547427415 12.917334976685492 113.35000000000001
      vertex 42.743483951332585 12.876798570744755 117.4
      vertex 42.581653547427415 12.917334976685492 117.4
    endloop
  endfacet
  facet normal -0.3368898533922203 -0.9415440651830207 0
    outer loop
      vertex 42.743483951332585 12.876798570744755 113.35000000000001
      vertex 42.90056183502065 12.820595205269187 117.4
      vertex 42.743483951332585 12.876798570744755 117.4
    endloop
  endfacet
  facet normal -0.42755509343028764 -0.9039892931234408 0
    outer loop
      vertex 42.90056183502065 12.820595205269187 113.35000000000001
      vertex 43.05137445260419 12.749266149392204 117.4
      vertex 42.90056183502065 12.820595205269187 117.4
    endloop
  endfacet
  facet normal -0.5141027441932231 -0.8577286100002711 0
    outer loop
      vertex 43.05137445260419 12.749266149392204 113.35000000000001
      vertex 43.19446939613332 12.663498340914327 117.4
      vertex 43.05137445260419 12.749266149392204 117.4
    endloop
  endfacet
  facet normal -0.5956993044924241 0.8032075314806517 0
    outer loop
      vertex 43.19446939613332 9.836501659085673 113.35000000000001
      vertex 43.19446939613332 9.836501659085673 117.4
      vertex 43.3284685830782 9.935882229283347 113.35000000000001
    endloop
  endfacet
  facet normal -0.6715589548470188 0.7409511253549588 0
    outer loop
      vertex 43.3284685830782 9.935882229283347 113.35000000000001
      vertex 43.3284685830782 9.935882229283347 117.4
      vertex 43.45208152801713 10.04791847198287 113.35000000000001
    endloop
  endfacet
  facet normal -0.5956993044924241 0.8032075314806517 0
    outer loop
      vertex 43.3284685830782 9.935882229283347 113.35000000000001
      vertex 43.19446939613332 9.836501659085673 117.4
      vertex 43.3284685830782 9.935882229283347 117.4
    endloop
  endfacet
  facet normal 0 0 1
    outer loop
      vertex 43.19446939613332 9.836501659085673 113.35000000000001
      vertex 43.3284685830782 9.935882229283347 113.35000000000001
      vertex 43.3284685830782 12.564117770716653 113.35000000000001
    endloop
  endfacet
  facet normal 0 0 1
    outer loop
      vertex 43.3284685830782 9.935882229283347 113.35000000000001
      vertex 43.45208152801713 10.04791847198287 113.35000000000001
      vertex 43.45208152801713 12.45208152801713 113.35000000000001
    endloop
  endfacet
  facet normal 0 0 1
    outer loop
      vertex 43.45208152801713 10.04791847198287 113.35000000000001
      vertex 43.564117770716656 10.171531416921802 113.35000000000001
      vertex 43.564117770716656 12.328468583078198 113.35000000000001
    endloop
  endfacet
  facet normal 0 0 1
    outer loop
      vertex 43.564117770716656 10.171531416921802 113.35000000000001
      vertex 43.66349834091433 10.305530603866677 113.35000000000001
      vertex 43.66349834091433 12.194469396133323 113.35000000000001
    endloop
  endfacet
  facet normal 0 0 1
    outer loop
      vertex 43.66349834091433 10.305530603866677 113.35000000000001
      vertex 43.749266149392206 10.448625547395803 113.35000000000001
      vertex 43.749266149392206 12.051374452604197 113.35000000000001
    endloop
  endfacet
  facet normal 0 0 1
    outer loop
      vertex 43.749266149392206 10.448625547395803 113.35000000000001
      vertex 43.820595205269186 10.599438164979347 113.35000000000001
      vertex 43.820595205269186 11.900561835020653 113.35000000000001
    endloop
  endfacet
  facet normal 0 0 1
    outer loop
      vertex 43.820595205269186 10.599438164979347 113.35000000000001
      vertex 43.876798570744754 10.756516048667415 113.35000000000001
      vertex 43.876798570744754 11.743483951332585 113.35000000000001
    endloop
  endfacet
  facet normal 0 0 1
    outer loop
      vertex 43.876798570744754 10.756516048667415 113.35000000000001
      vertex 43.91733497668549 10.918346452572582 113.35000000000001
      vertex 43.91733497668549 11.581653547427418 113.35000000000001
    endloop
  endfacet
  facet normal 0 0 1
    outer loop
      vertex 43.91733497668549 10.918346452572582 113.35000000000001
      vertex 43.94181403534274 11.083370861439747 113.35000000000001
      vertex 43.94181403534274 11.416629138560253 113.35000000000001
    endloop
  endfacet
  facet normal 0 0 1
    outer loop
      vertex 43.19446939613332 9.836501659085673 113.35000000000001
      vertex 43.3284685830782 12.564117770716653 113.35000000000001
      vertex 43.19446939613332 12.663498340914327 113.35000000000001
    endloop
  endfacet
  facet normal 0 0 1
    outer loop
      vertex 43.3284685830782 9.935882229283347 113.35000000000001
      vertex 43.45208152801713 12.45208152801713 113.35000000000001
      vertex 43.3284685830782 12.564117770716653 113.35000000000001
    endloop
  endfacet
  facet normal 0 0 1
    outer loop
      vertex 43.45208152801713 10.04791847198287 113.35000000000001
      vertex 43.564117770716656 12.328468583078198 113.35000000000001
      vertex 43.45208152801713 12.45208152801713 113.35000000000001
    endloop
  endfacet
  facet normal 0 0 1
    outer loop
      vertex 43.564117770716656 10.171531416921802 113.35000000000001
      vertex 43.66349834091433 12.194469396133323 113.35000000000001
      vertex 43.564117770716656 12.328468583078198 113.35000000000001
    endloop
  endfacet
  facet normal 0 0 1
    outer loop
      vertex 43.66349834091433 10.305530603866677 113.35000000000001
      vertex 43.749266149392206 12.051374452604197 113.35000000000001
      vertex 43.66349834091433 12.194469396133323 113.35000000000001
    endloop
  endfacet
  facet normal 0 0 1
    outer loop
      vertex 43.749266149392206 10.448625547395803 113.35000000000001
      vertex 43.820595205269186 11.900561835020653 113.35000000000001
      vertex 43.749266149392206 12.051374452604197 113.35000000000001
    endloop
  endfacet
  facet normal 0 0 1
    outer loop
      vertex 43.876798570744754 10.756516048667415 113.35000000000001
      vertex 43.91733497668549 11.581653547427418 113.35000000000001
      vertex 43.876798570744754 11.743483951332585 113.35000000000001
    endloop
  endfacet
  facet normal 0 0 1
    outer loop
      vertex 43.91733497668549 10.918346452572582 113.35000000000001
      vertex 43.94181403534274 11.416629138560253 113.35000000000001
      vertex 43.91733497668549 11.581653547427418 113.35000000000001
    endloop
  endfacet
  facet normal 0 0 1
    outer loop
      vertex 43.94181403534274 11.083370861439747 113.35000000000001
      vertex 43.95 11.25 113.35000000000001
      vertex 43.94181403534274 11.416629138560253 113.35000000000001
    endloop
  endfacet
  facet normal 0 0 1
    outer loop
      vertex 43.820595205269186 10.599438164979347 113.35000000000001
      vertex 43.876798570744754 11.743483951332585 113.35000000000001
      vertex 43.820595205269186 11.900561835020653 113.35000000000001
    endloop
  endfacet
  facet normal -0.7409511253549486 0.6715589548470299 0
    outer loop
      vertex 43.45208152801713 10.04791847198287 113.35000000000001
      vertex 43.45208152801713 10.04791847198287 117.4
      vertex 43.564117770716656 10.171531416921802 113.35000000000001
    endloop
  endfacet
  facet normal -0.803207531480648 0.5956993044924292 0
    outer loop
      vertex 43.564117770716656 10.171531416921802 113.35000000000001
      vertex 43.564117770716656 10.171531416921802 117.4
      vertex 43.66349834091433 10.305530603866677 113.35000000000001
    endloop
  endfacet
  facet normal -0.8577286100002731 0.5141027441932201 0
    outer loop
      vertex 43.66349834091433 10.305530603866677 113.35000000000001
      vertex 43.66349834091433 10.305530603866677 117.4
      vertex 43.749266149392206 10.448625547395803 113.35000000000001
    endloop
  endfacet
  facet normal -0.9039892931234528 0.4275550934302619 0
    outer loop
      vertex 43.749266149392206 10.448625547395803 113.35000000000001
      vertex 43.749266149392206 10.448625547395803 117.4
      vertex 43.820595205269186 10.599438164979347 113.35000000000001
    endloop
  endfacet
  facet normal -0.9415440651830207 0.3368898533922203 0
    outer loop
      vertex 43.820595205269186 10.599438164979347 113.35000000000001
      vertex 43.820595205269186 10.599438164979347 117.4
      vertex 43.876798570744754 10.756516048667415 113.35000000000001
    endloop
  endfacet
  facet normal -0.9700312531945466 0.24298017990325377 0
    outer loop
      vertex 43.876798570744754 10.756516048667415 113.35000000000001
      vertex 43.876798570744754 10.756516048667415 117.4
      vertex 43.91733497668549 10.918346452572582 113.35000000000001
    endloop
  endfacet
  facet normal -0.9891765099647755 0.14673047445539858 0
    outer loop
      vertex 43.91733497668549 10.918346452572582 113.35000000000001
      vertex 43.91733497668549 10.918346452572582 117.4
      vertex 43.94181403534274 11.083370861439747 113.35000000000001
    endloop
  endfacet
  facet normal -0.9987954562051723 0.04906767432741786 0
    outer loop
      vertex 43.94181403534274 11.083370861439747 113.35000000000001
      vertex 43.94181403534274 11.083370861439747 117.4
      vertex 43.95 11.25 113.35000000000001
    endloop
  endfacet
  facet normal -0.6715589548470188 0.7409511253549588 0
    outer loop
      vertex 43.45208152801713 10.04791847198287 113.35000000000001
      vertex 43.3284685830782 9.935882229283347 117.4
      vertex 43.45208152801713 10.04791847198287 117.4
    endloop
  endfacet
  facet normal -0.7409511253549486 0.6715589548470299 0
    outer loop
      vertex 43.564117770716656 10.171531416921802 113.35000000000001
      vertex 43.45208152801713 10.04791847198287 117.4
      vertex 43.564117770716656 10.171531416921802 117.4
    endloop
  endfacet
  facet normal -0.803207531480648 0.5956993044924292 0
    outer loop
      vertex 43.66349834091433 10.305530603866677 113.35000000000001
      vertex 43.564117770716656 10.171531416921802 117.4
      vertex 43.66349834091433 10.305530603866677 117.4
    endloop
  endfacet
  facet normal -0.8577286100002731 0.5141027441932201 0
    outer loop
      vertex 43.749266149392206 10.448625547395803 113.35000000000001
      vertex 43.66349834091433 10.305530603866677 117.4
      vertex 43.749266149392206 10.448625547395803 117.4
    endloop
  endfacet
  facet normal -0.9039892931234528 0.4275550934302619 0
    outer loop
      vertex 43.820595205269186 10.599438164979347 113.35000000000001
      vertex 43.749266149392206 10.448625547395803 117.4
      vertex 43.820595205269186 10.599438164979347 117.4
    endloop
  endfacet
  facet normal -0.9415440651830207 0.3368898533922203 0
    outer loop
      vertex 43.876798570744754 10.756516048667415 113.35000000000001
      vertex 43.820595205269186 10.599438164979347 117.4
      vertex 43.876798570744754 10.756516048667415 117.4
    endloop
  endfacet
  facet normal -0.9700312531945466 0.24298017990325377 0
    outer loop
      vertex 43.91733497668549 10.918346452572582 113.35000000000001
      vertex 43.876798570744754 10.756516048667415 117.4
      vertex 43.91733497668549 10.918346452572582 117.4
    endloop
  endfacet
  facet normal -0.9891765099647755 0.14673047445539858 0
    outer loop
      vertex 43.94181403534274 11.083370861439747 113.35000000000001
      vertex 43.91733497668549 10.918346452572582 117.4
      vertex 43.94181403534274 11.083370861439747 117.4
    endloop
  endfacet
  facet normal -0.9987954562051723 0.04906767432741786 0
    outer loop
      vertex 43.95 11.25 113.35000000000001
      vertex 43.94181403534274 11.083370861439747 117.4
      vertex 43.95 11.25 117.4
    endloop
  endfacet
  facet normal -0.6715589548470188 -0.7409511253549588 1.9348745824182578e-19
    outer loop
      vertex 43.3284685830782 12.564117770716653 113.35000000000001
      vertex 43.45208152801713 12.45208152801713 113.35000000000001
      vertex 43.45208152801713 12.45208152801713 117.4
    endloop
  endfacet
  facet normal -0.7409511253549486 -0.6715589548470299 5.669398020845211e-19
    outer loop
      vertex 43.45208152801713 12.45208152801713 113.35000000000001
      vertex 43.564117770716656 12.328468583078198 113.35000000000001
      vertex 43.564117770716656 12.328468583078198 117.4
    endloop
  endfacet
  facet normal -0.803207531480648 -0.5956993044924292 -1.9882182863523644e-19
    outer loop
      vertex 43.564117770716656 12.328468583078198 113.35000000000001
      vertex 43.66349834091433 12.194469396133323 113.35000000000001
      vertex 43.66349834091433 12.194469396133323 117.4
    endloop
  endfacet
  facet normal -0.9987954562051723 -0.04906767432741786 0
    outer loop
      vertex 43.95 11.25 113.35000000000001
      vertex 43.95 11.25 117.4
      vertex 43.94181403534274 11.416629138560253 113.35000000000001
    endloop
  endfacet
  facet normal -0.9891765099647755 -0.14673047445539858 0
    outer loop
      vertex 43.94181403534274 11.416629138560253 113.35000000000001
      vertex 43.94181403534274 11.416629138560253 117.4
      vertex 43.91733497668549 11.581653547427418 113.35000000000001
    endloop
  endfacet
  facet normal -0.9700312531945466 -0.24298017990325377 -9.818491672409002e-20
    outer loop
      vertex 43.876798570744754 11.743483951332585 113.35000000000001
      vertex 43.91733497668549 11.581653547427418 113.35000000000001
      vertex 43.91733497668549 11.581653547427418 117.4
    endloop
  endfacet
  facet normal -0.9415440651830207 -0.3368898533922203 0
    outer loop
      vertex 43.876798570744754 11.743483951332585 113.35000000000001
      vertex 43.876798570744754 11.743483951332585 117.4
      vertex 43.820595205269186 11.900561835020653 113.35000000000001
    endloop
  endfacet
  facet normal -0.9039892931234528 -0.4275550934302619 3.7944980344339713e-19
    outer loop
      vertex 43.749266149392206 12.051374452604197 113.35000000000001
      vertex 43.820595205269186 11.900561835020653 113.35000000000001
      vertex 43.820595205269186 11.900561835020653 117.4
    endloop
  endfacet
  facet normal -0.8577286100002731 -0.5141027441932201 5.87348677408131e-19
    outer loop
      vertex 43.66349834091433 12.194469396133323 113.35000000000001
      vertex 43.749266149392206 12.051374452604197 113.35000000000001
      vertex 43.749266149392206 12.051374452604197 117.4
    endloop
  endfacet
  facet normal -0.7409511253549486 -0.6715589548470299 0
    outer loop
      vertex 43.45208152801713 12.45208152801713 113.35000000000001
      vertex 43.564117770716656 12.328468583078198 117.4
      vertex 43.45208152801713 12.45208152801713 117.4
    endloop
  endfacet
  facet normal -0.803207531480648 -0.5956993044924292 0
    outer loop
      vertex 43.564117770716656 12.328468583078198 113.35000000000001
      vertex 43.66349834091433 12.194469396133323 117.4
      vertex 43.564117770716656 12.328468583078198 117.4
    endloop
  endfacet
  facet normal -0.9987954562051723 -0.04906767432741786 0
    outer loop
      vertex 43.94181403534274 11.416629138560253 113.35000000000001
      vertex 43.95 11.25 117.4
      vertex 43.94181403534274 11.416629138560253 117.4
    endloop
  endfacet
  facet normal -0.9891765099647755 -0.14673047445539858 0
    outer loop
      vertex 43.91733497668549 11.581653547427418 113.35000000000001
      vertex 43.94181403534274 11.416629138560253 117.4
      vertex 43.91733497668549 11.581653547427418 117.4
    endloop
  endfacet
  facet normal -0.9700312531945466 -0.24298017990325377 0
    outer loop
      vertex 43.876798570744754 11.743483951332585 113.35000000000001
      vertex 43.91733497668549 11.581653547427418 117.4
      vertex 43.876798570744754 11.743483951332585 117.4
    endloop
  endfacet
  facet normal -0.9415440651830207 -0.3368898533922203 0
    outer loop
      vertex 43.820595205269186 11.900561835020653 113.35000000000001
      vertex 43.876798570744754 11.743483951332585 117.4
      vertex 43.820595205269186 11.900561835020653 117.4
    endloop
  endfacet
  facet normal -0.9039892931234528 -0.4275550934302619 0
    outer loop
      vertex 43.749266149392206 12.051374452604197 113.35000000000001
      vertex 43.820595205269186 11.900561835020653 117.4
      vertex 43.749266149392206 12.051374452604197 117.4
    endloop
  endfacet
  facet normal -0.8577286100002731 -0.5141027441932201 0
    outer loop
      vertex 43.66349834091433 12.194469396133323 113.35000000000001
      vertex 43.749266149392206 12.051374452604197 117.4
      vertex 43.66349834091433 12.194469396133323 117.4
    endloop
  endfacet
  facet normal -0.5956993044924241 -0.8032075314806517 0
    outer loop
      vertex 43.3284685830782 12.564117770716653 113.35000000000001
      vertex 43.3284685830782 12.564117770716653 117.4
      vertex 43.19446939613332 12.663498340914327 113.35000000000001
    endloop
  endfacet
  facet normal -0.5956993044924241 -0.8032075314806517 0
    outer loop
      vertex 43.19446939613332 12.663498340914327 113.35000000000001
      vertex 43.3284685830782 12.564117770716653 117.4
      vertex 43.19446939613332 12.663498340914327 117.4
    endloop
  endfacet
  facet normal -0.6715589548470188 -0.7409511253549588 0
    outer loop
      vertex 43.3284685830782 12.564117770716653 113.35000000000001
      vertex 43.45208152801713 12.45208152801713 117.4
      vertex 43.3284685830782 12.564117770716653 117.4
    endloop
  endfacet
  facet normal 0.6715589548470188 0.7409511253549588 0
    outer loop
      vertex 63.6715314169218 -12.564117770716653 113.35000000000001
      vertex 63.54791847198287 -12.45208152801713 117.4
      vertex 63.6715314169218 -12.564117770716653 117.4
    endloop
  endfacet
  facet normal 0.5956993044924241 0.8032075314806517 4.027201411637037e-19
    outer loop
      vertex 63.80553060386668 -12.663498340914327 113.35000000000001
      vertex 63.6715314169218 -12.564117770716653 113.35000000000001
      vertex 63.6715314169218 -12.564117770716653 117.4
    endloop
  endfacet
  facet normal 0.5141027441932231 0.8577286100002711 0
    outer loop
      vertex 63.80553060386668 -12.663498340914327 113.35000000000001
      vertex 63.80553060386668 -12.663498340914327 117.4
      vertex 63.94862554739581 -12.749266149392204 113.35000000000001
    endloop
  endfacet
  facet normal 0.3368898533922337 0.9415440651830158 0
    outer loop
      vertex 64.09943816497935 -12.820595205269187 113.35000000000001
      vertex 64.09943816497935 -12.820595205269187 117.4
      vertex 64.25651604866741 -12.876798570744755 113.35000000000001
    endloop
  endfacet
  facet normal 0.42755509343028764 0.9039892931234408 0
    outer loop
      vertex 63.94862554739581 -12.749266149392204 113.35000000000001
      vertex 63.94862554739581 -12.749266149392204 117.4
      vertex 64.09943816497935 -12.820595205269187 113.35000000000001
    endloop
  endfacet
  facet normal 0.24298017990325876 0.9700312531945453 0
    outer loop
      vertex 64.25651604866741 -12.876798570744755 113.35000000000001
      vertex 64.25651604866741 -12.876798570744755 117.4
      vertex 64.41834645257258 -12.917334976685492 113.35000000000001
    endloop
  endfacet
  facet normal 0.14673047445535384 0.989176509964782 0
    outer loop
      vertex 64.41834645257258 -12.917334976685492 113.35000000000001
      vertex 64.41834645257258 -12.917334976685492 117.4
      vertex 64.58337086143975 -12.941814035342734 113.35000000000001
    endloop
  endfacet
  facet normal 0.04906767432741786 0.9987954562051723 0
    outer loop
      vertex 64.58337086143975 -12.941814035342734 113.35000000000001
      vertex 64.58337086143975 -12.941814035342734 117.4
      vertex 64.75 -12.95 113.35000000000001
    endloop
  endfacet
  facet normal 0.5956993044924241 0.8032075314806517 0
    outer loop
      vertex 63.80553060386668 -12.663498340914327 113.35000000000001
      vertex 63.6715314169218 -12.564117770716653 117.4
      vertex 63.80553060386668 -12.663498340914327 117.4
    endloop
  endfacet
  facet normal 0.5141027441932231 0.8577286100002711 0
    outer loop
      vertex 63.94862554739581 -12.749266149392204 113.35000000000001
      vertex 63.80553060386668 -12.663498340914327 117.4
      vertex 63.94862554739581 -12.749266149392204 117.4
    endloop
  endfacet
  facet normal 0.3368898533922337 0.9415440651830158 0
    outer loop
      vertex 64.25651604866741 -12.876798570744755 113.35000000000001
      vertex 64.09943816497935 -12.820595205269187 117.4
      vertex 64.25651604866741 -12.876798570744755 117.4
    endloop
  endfacet
  facet normal 0.42755509343028764 0.9039892931234408 0
    outer loop
      vertex 64.09943816497935 -12.820595205269187 113.35000000000001
      vertex 63.94862554739581 -12.749266149392204 117.4
      vertex 64.09943816497935 -12.820595205269187 117.4
    endloop
  endfacet
  facet normal 0.24298017990325876 0.9700312531945453 0
    outer loop
      vertex 64.41834645257258 -12.917334976685492 113.35000000000001
      vertex 64.25651604866741 -12.876798570744755 117.4
      vertex 64.41834645257258 -12.917334976685492 117.4
    endloop
  endfacet
  facet normal 0.14673047445535384 0.989176509964782 0
    outer loop
      vertex 64.58337086143975 -12.941814035342734 113.35000000000001
      vertex 64.41834645257258 -12.917334976685492 117.4
      vertex 64.58337086143975 -12.941814035342734 117.4
    endloop
  endfacet
  facet normal 0.04906767432741786 0.9987954562051723 0
    outer loop
      vertex 64.75 -12.95 113.35000000000001
      vertex 64.58337086143975 -12.941814035342734 117.4
      vertex 64.75 -12.95 117.4
    endloop
  endfacet
  facet normal 0 0 1
    outer loop
      vertex 63.08266502331451 -11.581653547427418 113.35000000000001
      vertex 63.08266502331451 -10.918346452572582 113.35000000000001
      vertex 63.05818596465726 -11.416629138560253 113.35000000000001
    endloop
  endfacet
  facet normal 0 0 1
    outer loop
      vertex 63.08266502331451 -11.581653547427418 113.35000000000001
      vertex 63.123201429255246 -11.743483951332585 113.35000000000001
      vertex 63.123201429255246 -10.756516048667415 113.35000000000001
    endloop
  endfacet
  facet normal 0 0 1
    outer loop
      vertex 63.33650165908567 -12.194469396133323 113.35000000000001
      vertex 63.435882229283344 -12.328468583078198 113.35000000000001
      vertex 63.435882229283344 -10.171531416921802 113.35000000000001
    endloop
  endfacet
  facet normal 0 0 1
    outer loop
      vertex 63.179404794730814 -11.900561835020653 113.35000000000001
      vertex 63.179404794730814 -10.599438164979347 113.35000000000001
      vertex 63.123201429255246 -11.743483951332585 113.35000000000001
    endloop
  endfacet
  facet normal 0 0 1
    outer loop
      vertex 63.179404794730814 -11.900561835020653 113.35000000000001
      vertex 63.250733850607794 -12.051374452604197 113.35000000000001
      vertex 63.250733850607794 -10.448625547395803 113.35000000000001
    endloop
  endfacet
  facet normal 0 0 1
    outer loop
      vertex 63.250733850607794 -12.051374452604197 113.35000000000001
      vertex 63.33650165908567 -12.194469396133323 113.35000000000001
      vertex 63.33650165908567 -10.305530603866677 113.35000000000001
    endloop
  endfacet
  facet normal 0 0 1
    outer loop
      vertex 63.435882229283344 -12.328468583078198 113.35000000000001
      vertex 63.54791847198287 -12.45208152801713 113.35000000000001
      vertex 63.54791847198287 -10.04791847198287 113.35000000000001
    endloop
  endfacet
  facet normal 0 0 1
    outer loop
      vertex 63.54791847198287 -12.45208152801713 113.35000000000001
      vertex 63.6715314169218 -12.564117770716653 113.35000000000001
      vertex 63.6715314169218 -9.935882229283347 113.35000000000001
    endloop
  endfacet
  facet normal 0 0 1
    outer loop
      vertex 63.05818596465726 -11.416629138560253 113.35000000000001
      vertex 63.05818596465726 -11.083370861439747 113.35000000000001
      vertex 63.05 -11.25 113.35000000000001
    endloop
  endfacet
  facet normal 0 0 1
    outer loop
      vertex 63.05818596465726 -11.416629138560253 113.35000000000001
      vertex 63.08266502331451 -10.918346452572582 113.35000000000001
      vertex 63.05818596465726 -11.083370861439747 113.35000000000001
    endloop
  endfacet
  facet normal 0 0 1
    outer loop
      vertex 63.08266502331451 -11.581653547427418 113.35000000000001
      vertex 63.123201429255246 -10.756516048667415 113.35000000000001
      vertex 63.08266502331451 -10.918346452572582 113.35000000000001
    endloop
  endfacet
  facet normal 0 0 1
    outer loop
      vertex 63.123201429255246 -11.743483951332585 113.35000000000001
      vertex 63.179404794730814 -10.599438164979347 113.35000000000001
      vertex 63.123201429255246 -10.756516048667415 113.35000000000001
    endloop
  endfacet
  facet normal 0 0 1
    outer loop
      vertex 63.179404794730814 -11.900561835020653 113.35000000000001
      vertex 63.250733850607794 -10.448625547395803 113.35000000000001
      vertex 63.179404794730814 -10.599438164979347 113.35000000000001
    endloop
  endfacet
  facet normal 0 0 1
    outer loop
      vertex 63.250733850607794 -12.051374452604197 113.35000000000001
      vertex 63.33650165908567 -10.305530603866677 113.35000000000001
      vertex 63.250733850607794 -10.448625547395803 113.35000000000001
    endloop
  endfacet
  facet normal 0 0 1
    outer loop
      vertex 63.33650165908567 -12.194469396133323 113.35000000000001
      vertex 63.435882229283344 -10.171531416921802 113.35000000000001
      vertex 63.33650165908567 -10.305530603866677 113.35000000000001
    endloop
  endfacet
  facet normal 0 0 1
    outer loop
      vertex 63.435882229283344 -12.328468583078198 113.35000000000001
      vertex 63.54791847198287 -10.04791847198287 113.35000000000001
      vertex 63.435882229283344 -10.171531416921802 113.35000000000001
    endloop
  endfacet
  facet normal 0 0 1
    outer loop
      vertex 63.54791847198287 -12.45208152801713 113.35000000000001
      vertex 63.6715314169218 -9.935882229283347 113.35000000000001
      vertex 63.54791847198287 -10.04791847198287 113.35000000000001
    endloop
  endfacet
  facet normal 0 0 1
    outer loop
      vertex 63.80553060386668 -12.663498340914327 113.35000000000001
      vertex 63.80553060386668 -9.836501659085673 113.35000000000001
      vertex 63.6715314169218 -12.564117770716653 113.35000000000001
    endloop
  endfacet
  facet normal 0 0 1
    outer loop
      vertex 63.80553060386668 -12.663498340914327 113.35000000000001
      vertex 63.94862554739581 -12.749266149392204 113.35000000000001
      vertex 63.94862554739581 -9.750733850607796 113.35000000000001
    endloop
  endfacet
  facet normal 0 0 1
    outer loop
      vertex 63.94862554739581 -12.749266149392204 113.35000000000001
      vertex 64.09943816497935 -12.820595205269187 113.35000000000001
      vertex 64.09943816497935 -9.679404794730813 113.35000000000001
    endloop
  endfacet
  facet normal 0 0 1
    outer loop
      vertex 64.09943816497935 -12.820595205269187 113.35000000000001
      vertex 64.25651604866741 -12.876798570744755 113.35000000000001
      vertex 64.25651604866741 -9.623201429255245 113.35000000000001
    endloop
  endfacet
  facet normal 0 0 1
    outer loop
      vertex 64.25651604866741 -12.876798570744755 113.35000000000001
      vertex 64.41834645257258 -12.917334976685492 113.35000000000001
      vertex 64.41834645257258 -9.582665023314508 113.35000000000001
    endloop
  endfacet
  facet normal 0 0 1
    outer loop
      vertex 64.41834645257258 -12.917334976685492 113.35000000000001
      vertex 64.58337086143975 -12.941814035342734 113.35000000000001
      vertex 64.58337086143975 -9.558185964657266 113.35000000000001
    endloop
  endfacet
  facet normal 0 0 1
    outer loop
      vertex 64.58337086143975 -12.941814035342734 113.35000000000001
      vertex 64.75 -12.95 113.35000000000001
      vertex 64.75 -9.55 113.35000000000001
    endloop
  endfacet
  facet normal 0 0 1
    outer loop
      vertex 63.6715314169218 -12.564117770716653 113.35000000000001
      vertex 63.80553060386668 -9.836501659085673 113.35000000000001
      vertex 63.6715314169218 -9.935882229283347 113.35000000000001
    endloop
  endfacet
  facet normal 0 0 1
    outer loop
      vertex 63.80553060386668 -12.663498340914327 113.35000000000001
      vertex 63.94862554739581 -9.750733850607796 113.35000000000001
      vertex 63.80553060386668 -9.836501659085673 113.35000000000001
    endloop
  endfacet
  facet normal 0 0 1
    outer loop
      vertex 63.94862554739581 -12.749266149392204 113.35000000000001
      vertex 64.09943816497935 -9.679404794730813 113.35000000000001
      vertex 63.94862554739581 -9.750733850607796 113.35000000000001
    endloop
  endfacet
  facet normal 0 0 1
    outer loop
      vertex 64.09943816497935 -12.820595205269187 113.35000000000001
      vertex 64.25651604866741 -9.623201429255245 113.35000000000001
      vertex 64.09943816497935 -9.679404794730813 113.35000000000001
    endloop
  endfacet
  facet normal 0 0 1
    outer loop
      vertex 64.25651604866741 -12.876798570744755 113.35000000000001
      vertex 64.41834645257258 -9.582665023314508 113.35000000000001
      vertex 64.25651604866741 -9.623201429255245 113.35000000000001
    endloop
  endfacet
  facet normal 0 0 1
    outer loop
      vertex 64.41834645257258 -12.917334976685492 113.35000000000001
      vertex 64.58337086143975 -9.558185964657266 113.35000000000001
      vertex 64.41834645257258 -9.582665023314508 113.35000000000001
    endloop
  endfacet
  facet normal 0 0 1
    outer loop
      vertex 64.58337086143975 -12.941814035342734 113.35000000000001
      vertex 64.75 -9.55 113.35000000000001
      vertex 64.58337086143975 -9.558185964657266 113.35000000000001
    endloop
  endfacet
  facet normal 0.9415440651830207 0.3368898533922203 -5.187644486212005e-19
    outer loop
      vertex 63.179404794730814 -11.900561835020653 113.35000000000001
      vertex 63.123201429255246 -11.743483951332585 113.35000000000001
      vertex 63.123201429255246 -11.743483951332585 117.4
    endloop
  endfacet
  facet normal 0.9700312531945466 0.24298017990325377 0
    outer loop
      vertex 63.08266502331451 -11.581653547427418 113.35000000000001
      vertex 63.08266502331451 -11.581653547427418 117.4
      vertex 63.123201429255246 -11.743483951332585 113.35000000000001
    endloop
  endfacet
  facet normal 0.9891765099647755 0.14673047445539858 -3.2385661834393484e-19
    outer loop
      vertex 63.08266502331451 -11.581653547427418 113.35000000000001
      vertex 63.05818596465726 -11.416629138560253 113.35000000000001
      vertex 63.05818596465726 -11.416629138560253 117.4
    endloop
  endfacet
  facet normal 0.9987954562051723 0.04906767432741786 -5.0249891465408475e-20
    outer loop
      vertex 63.05818596465726 -11.416629138560253 113.35000000000001
      vertex 63.05 -11.25 113.35000000000001
      vertex 63.05 -11.25 117.4
    endloop
  endfacet
  facet normal 0.803207531480648 0.5956993044924292 0
    outer loop
      vertex 63.33650165908567 -12.194469396133323 113.35000000000001
      vertex 63.33650165908567 -12.194469396133323 117.4
      vertex 63.435882229283344 -12.328468583078198 113.35000000000001
    endloop
  endfacet
  facet normal 0.8577286100002731 0.5141027441932201 0
    outer loop
      vertex 63.250733850607794 -12.051374452604197 113.35000000000001
      vertex 63.250733850607794 -12.051374452604197 117.4
      vertex 63.33650165908567 -12.194469396133323 113.35000000000001
    endloop
  endfacet
  facet normal 0.9039892931234528 0.4275550934302619 0
    outer loop
      vertex 63.179404794730814 -11.900561835020653 113.35000000000001
      vertex 63.179404794730814 -11.900561835020653 117.4
      vertex 63.250733850607794 -12.051374452604197 113.35000000000001
    endloop
  endfacet
  facet normal 0.7409511253549486 0.6715589548470299 0
    outer loop
      vertex 63.435882229283344 -12.328468583078198 113.35000000000001
      vertex 63.435882229283344 -12.328468583078198 117.4
      vertex 63.54791847198287 -12.45208152801713 113.35000000000001
    endloop
  endfacet
  facet normal 0.6715589548470188 0.7409511253549588 0
    outer loop
      vertex 63.54791847198287 -12.45208152801713 113.35000000000001
      vertex 63.54791847198287 -12.45208152801713 117.4
      vertex 63.6715314169218 -12.564117770716653 113.35000000000001
    endloop
  endfacet
  facet normal 0.9700312531945466 0.24298017990325377 0
    outer loop
      vertex 63.123201429255246 -11.743483951332585 113.35000000000001
      vertex 63.08266502331451 -11.581653547427418 117.4
      vertex 63.123201429255246 -11.743483951332585 117.4
    endloop
  endfacet
  facet normal 0.9891765099647755 0.14673047445539858 0
    outer loop
      vertex 63.08266502331451 -11.581653547427418 113.35000000000001
      vertex 63.05818596465726 -11.416629138560253 117.4
      vertex 63.08266502331451 -11.581653547427418 117.4
    endloop
  endfacet
  facet normal 0.9987954562051723 0.04906767432741786 0
    outer loop
      vertex 63.05818596465726 -11.416629138560253 113.35000000000001
      vertex 63.05 -11.25 117.4
      vertex 63.05818596465726 -11.416629138560253 117.4
    endloop
  endfacet
  facet normal 0.803207531480648 0.5956993044924292 0
    outer loop
      vertex 63.435882229283344 -12.328468583078198 113.35000000000001
      vertex 63.33650165908567 -12.194469396133323 117.4
      vertex 63.435882229283344 -12.328468583078198 117.4
    endloop
  endfacet
  facet normal 0.9039892931234528 0.4275550934302619 0
    outer loop
      vertex 63.250733850607794 -12.051374452604197 113.35000000000001
      vertex 63.179404794730814 -11.900561835020653 117.4
      vertex 63.250733850607794 -12.051374452604197 117.4
    endloop
  endfacet
  facet normal 0.8577286100002731 0.5141027441932201 0
    outer loop
      vertex 63.33650165908567 -12.194469396133323 113.35000000000001
      vertex 63.250733850607794 -12.051374452604197 117.4
      vertex 63.33650165908567 -12.194469396133323 117.4
    endloop
  endfacet
  facet normal 0.7409511253549486 0.6715589548470299 0
    outer loop
      vertex 63.54791847198287 -12.45208152801713 113.35000000000001
      vertex 63.435882229283344 -12.328468583078198 117.4
      vertex 63.54791847198287 -12.45208152801713 117.4
    endloop
  endfacet
  facet normal 0.9415440651830207 0.3368898533922203 0
    outer loop
      vertex 63.179404794730814 -11.900561835020653 113.35000000000001
      vertex 63.123201429255246 -11.743483951332585 117.4
      vertex 63.179404794730814 -11.900561835020653 117.4
    endloop
  endfacet
  facet normal 0.9987954562051723 -0.04906767432741786 5.0249891465408475e-20
    outer loop
      vertex 63.05 -11.25 113.35000000000001
      vertex 63.05818596465726 -11.083370861439747 113.35000000000001
      vertex 63.05818596465726 -11.083370861439747 117.4
    endloop
  endfacet
  facet normal 0.9891765099647755 -0.14673047445539858 3.2385661834393484e-19
    outer loop
      vertex 63.05818596465726 -11.083370861439747 113.35000000000001
      vertex 63.08266502331451 -10.918346452572582 113.35000000000001
      vertex 63.08266502331451 -10.918346452572582 117.4
    endloop
  endfacet
  facet normal 0.9700312531945466 -0.24298017990325377 9.818491672409002e-20
    outer loop
      vertex 63.08266502331451 -10.918346452572582 113.35000000000001
      vertex 63.123201429255246 -10.756516048667415 113.35000000000001
      vertex 63.123201429255246 -10.756516048667415 117.4
    endloop
  endfacet
  facet normal 0.9415440651830207 -0.3368898533922203 5.187644486212005e-19
    outer loop
      vertex 63.123201429255246 -10.756516048667415 113.35000000000001
      vertex 63.179404794730814 -10.599438164979347 113.35000000000001
      vertex 63.179404794730814 -10.599438164979347 117.4
    endloop
  endfacet
  facet normal 0.9039892931234528 -0.4275550934302619 -3.7944980344339713e-19
    outer loop
      vertex 63.179404794730814 -10.599438164979347 113.35000000000001
      vertex 63.250733850607794 -10.448625547395803 113.35000000000001
      vertex 63.250733850607794 -10.448625547395803 117.4
    endloop
  endfacet
  facet normal 0.8577286100002731 -0.5141027441932201 -5.87348677408131e-19
    outer loop
      vertex 63.250733850607794 -10.448625547395803 113.35000000000001
      vertex 63.33650165908567 -10.305530603866677 113.35000000000001
      vertex 63.33650165908567 -10.305530603866677 117.4
    endloop
  endfacet
  facet normal 0.803207531480648 -0.5956993044924292 1.9882182863523644e-19
    outer loop
      vertex 63.33650165908567 -10.305530603866677 113.35000000000001
      vertex 63.435882229283344 -10.171531416921802 113.35000000000001
      vertex 63.435882229283344 -10.171531416921802 117.4
    endloop
  endfacet
  facet normal 0.7409511253549486 -0.6715589548470299 -5.669398020845211e-19
    outer loop
      vertex 63.435882229283344 -10.171531416921802 113.35000000000001
      vertex 63.54791847198287 -10.04791847198287 113.35000000000001
      vertex 63.54791847198287 -10.04791847198287 117.4
    endloop
  endfacet
  facet normal 0.9987954562051723 -0.04906767432741786 0
    outer loop
      vertex 63.05 -11.25 113.35000000000001
      vertex 63.05818596465726 -11.083370861439747 117.4
      vertex 63.05 -11.25 117.4
    endloop
  endfacet
  facet normal 0.9891765099647755 -0.14673047445539858 0
    outer loop
      vertex 63.05818596465726 -11.083370861439747 113.35000000000001
      vertex 63.08266502331451 -10.918346452572582 117.4
      vertex 63.05818596465726 -11.083370861439747 117.4
    endloop
  endfacet
  facet normal 0.9700312531945466 -0.24298017990325377 0
    outer loop
      vertex 63.08266502331451 -10.918346452572582 113.35000000000001
      vertex 63.123201429255246 -10.756516048667415 117.4
      vertex 63.08266502331451 -10.918346452572582 117.4
    endloop
  endfacet
  facet normal 0.9415440651830207 -0.3368898533922203 0
    outer loop
      vertex 63.123201429255246 -10.756516048667415 113.35000000000001
      vertex 63.179404794730814 -10.599438164979347 117.4
      vertex 63.123201429255246 -10.756516048667415 117.4
    endloop
  endfacet
  facet normal 0.9039892931234528 -0.4275550934302619 0
    outer loop
      vertex 63.179404794730814 -10.599438164979347 113.35000000000001
      vertex 63.250733850607794 -10.448625547395803 117.4
      vertex 63.179404794730814 -10.599438164979347 117.4
    endloop
  endfacet
  facet normal 0.8577286100002731 -0.5141027441932201 0
    outer loop
      vertex 63.250733850607794 -10.448625547395803 113.35000000000001
      vertex 63.33650165908567 -10.305530603866677 117.4
      vertex 63.250733850607794 -10.448625547395803 117.4
    endloop
  endfacet
  facet normal 0.803207531480648 -0.5956993044924292 0
    outer loop
      vertex 63.33650165908567 -10.305530603866677 113.35000000000001
      vertex 63.435882229283344 -10.171531416921802 117.4
      vertex 63.33650165908567 -10.305530603866677 117.4
    endloop
  endfacet
  facet normal 0.7409511253549486 -0.6715589548470299 0
    outer loop
      vertex 63.435882229283344 -10.171531416921802 113.35000000000001
      vertex 63.54791847198287 -10.04791847198287 117.4
      vertex 63.435882229283344 -10.171531416921802 117.4
    endloop
  endfacet
  facet normal 0.6715589548470188 -0.7409511253549588 0
    outer loop
      vertex 63.54791847198287 -10.04791847198287 113.35000000000001
      vertex 63.6715314169218 -9.935882229283347 117.4
      vertex 63.54791847198287 -10.04791847198287 117.4
    endloop
  endfacet
  facet normal -0.04906767432741786 0.9987954562051723 0
    outer loop
      vertex 64.75 -12.95 113.35000000000001
      vertex 64.75 -12.95 117.4
      vertex 64.91662913856025 -12.941814035342734 113.35000000000001
    endloop
  endfacet
  facet normal -0.14673047445535384 0.989176509964782 0
    outer loop
      vertex 64.91662913856025 -12.941814035342734 113.35000000000001
      vertex 64.91662913856025 -12.941814035342734 117.4
      vertex 65.08165354742742 -12.917334976685492 113.35000000000001
    endloop
  endfacet
  facet normal -0.24298017990325876 0.9700312531945453 0
    outer loop
      vertex 65.08165354742742 -12.917334976685492 113.35000000000001
      vertex 65.08165354742742 -12.917334976685492 117.4
      vertex 65.24348395133259 -12.876798570744755 113.35000000000001
    endloop
  endfacet
  facet normal -0.3368898533922337 0.9415440651830158 0
    outer loop
      vertex 65.24348395133259 -12.876798570744755 113.35000000000001
      vertex 65.24348395133259 -12.876798570744755 117.4
      vertex 65.40056183502065 -12.820595205269187 113.35000000000001
    endloop
  endfacet
  facet normal -0.42755509343028764 0.9039892931234408 0
    outer loop
      vertex 65.40056183502065 -12.820595205269187 113.35000000000001
      vertex 65.40056183502065 -12.820595205269187 117.4
      vertex 65.5513744526042 -12.749266149392204 113.35000000000001
    endloop
  endfacet
  facet normal -0.5141027441932043 0.8577286100002824 0
    outer loop
      vertex 65.5513744526042 -12.749266149392204 113.35000000000001
      vertex 65.5513744526042 -12.749266149392204 117.4
      vertex 65.69446939613333 -12.663498340914327 113.35000000000001
    endloop
  endfacet
  facet normal -0.5956993044924648 0.8032075314806215 0
    outer loop
      vertex 65.69446939613333 -12.663498340914327 113.35000000000001
      vertex 65.69446939613333 -12.663498340914327 117.4
      vertex 65.82846858307819 -12.564117770716653 113.35000000000001
    endloop
  endfacet
  facet normal -0.04906767432741786 0.9987954562051723 0
    outer loop
      vertex 64.91662913856025 -12.941814035342734 113.35000000000001
      vertex 64.75 -12.95 117.4
      vertex 64.91662913856025 -12.941814035342734 117.4
    endloop
  endfacet
  facet normal -0.14673047445535384 0.989176509964782 0
    outer loop
      vertex 65.08165354742742 -12.917334976685492 113.35000000000001
      vertex 64.91662913856025 -12.941814035342734 117.4
      vertex 65.08165354742742 -12.917334976685492 117.4
    endloop
  endfacet
  facet normal -0.24298017990325876 0.9700312531945453 0
    outer loop
      vertex 65.24348395133259 -12.876798570744755 113.35000000000001
      vertex 65.08165354742742 -12.917334976685492 117.4
      vertex 65.24348395133259 -12.876798570744755 117.4
    endloop
  endfacet
  facet normal -0.3368898533922337 0.9415440651830158 0
    outer loop
      vertex 65.40056183502065 -12.820595205269187 113.35000000000001
      vertex 65.24348395133259 -12.876798570744755 117.4
      vertex 65.40056183502065 -12.820595205269187 117.4
    endloop
  endfacet
  facet normal -0.42755509343028764 0.9039892931234408 0
    outer loop
      vertex 65.5513744526042 -12.749266149392204 113.35000000000001
      vertex 65.40056183502065 -12.820595205269187 117.4
      vertex 65.5513744526042 -12.749266149392204 117.4
    endloop
  endfacet
  facet normal -0.5141027441932043 0.8577286100002824 0
    outer loop
      vertex 65.69446939613333 -12.663498340914327 113.35000000000001
      vertex 65.5513744526042 -12.749266149392204 117.4
      vertex 65.69446939613333 -12.663498340914327 117.4
    endloop
  endfacet
  facet normal -0.5956993044924648 0.8032075314806215 0
    outer loop
      vertex 65.82846858307819 -12.564117770716653 113.35000000000001
      vertex 65.69446939613333 -12.663498340914327 117.4
      vertex 65.82846858307819 -12.564117770716653 117.4
    endloop
  endfacet
  facet normal -0.6715589548469976 0.740951125354978 0
    outer loop
      vertex 65.82846858307819 -12.564117770716653 113.35000000000001
      vertex 65.82846858307819 -12.564117770716653 117.4
      vertex 65.95208152801713 -12.45208152801713 113.35000000000001
    endloop
  endfacet
  facet normal 0 0 1
    outer loop
      vertex 64.75 -12.95 113.35000000000001
      vertex 64.91662913856025 -12.941814035342734 113.35000000000001
      vertex 64.91662913856025 -9.558185964657266 113.35000000000001
    endloop
  endfacet
  facet normal 0 0 1
    outer loop
      vertex 64.91662913856025 -12.941814035342734 113.35000000000001
      vertex 65.08165354742742 -12.917334976685492 113.35000000000001
      vertex 65.08165354742742 -9.582665023314508 113.35000000000001
    endloop
  endfacet
  facet normal 0 0 1
    outer loop
      vertex 65.08165354742742 -12.917334976685492 113.35000000000001
      vertex 65.24348395133259 -12.876798570744755 113.35000000000001
      vertex 65.24348395133259 -9.623201429255245 113.35000000000001
    endloop
  endfacet
  facet normal 0 0 1
    outer loop
      vertex 65.24348395133259 -12.876798570744755 113.35000000000001
      vertex 65.40056183502065 -12.820595205269187 113.35000000000001
      vertex 65.40056183502065 -9.679404794730813 113.35000000000001
    endloop
  endfacet
  facet normal 0 0 1
    outer loop
      vertex 65.40056183502065 -12.820595205269187 113.35000000000001
      vertex 65.5513744526042 -12.749266149392204 113.35000000000001
      vertex 65.5513744526042 -9.750733850607796 113.35000000000001
    endloop
  endfacet
  facet normal 0 0 1
    outer loop
      vertex 65.5513744526042 -12.749266149392204 113.35000000000001
      vertex 65.69446939613333 -12.663498340914327 113.35000000000001
      vertex 65.69446939613333 -9.836501659085673 113.35000000000001
    endloop
  endfacet
  facet normal 0 0 1
    outer loop
      vertex 65.69446939613333 -12.663498340914327 113.35000000000001
      vertex 65.82846858307819 -12.564117770716653 113.35000000000001
      vertex 65.82846858307819 -9.935882229283347 113.35000000000001
    endloop
  endfacet
  facet normal 0 0 1
    outer loop
      vertex 64.75 -12.95 113.35000000000001
      vertex 64.91662913856025 -9.558185964657266 113.35000000000001
      vertex 64.75 -9.55 113.35000000000001
    endloop
  endfacet
  facet normal 0 0 1
    outer loop
      vertex 64.91662913856025 -12.941814035342734 113.35000000000001
      vertex 65.08165354742742 -9.582665023314508 113.35000000000001
      vertex 64.91662913856025 -9.558185964657266 113.35000000000001
    endloop
  endfacet
  facet normal 0 0 1
    outer loop
      vertex 65.08165354742742 -12.917334976685492 113.35000000000001
      vertex 65.24348395133259 -9.623201429255245 113.35000000000001
      vertex 65.08165354742742 -9.582665023314508 113.35000000000001
    endloop
  endfacet
  facet normal 0 0 1
    outer loop
      vertex 65.24348395133259 -12.876798570744755 113.35000000000001
      vertex 65.40056183502065 -9.679404794730813 113.35000000000001
      vertex 65.24348395133259 -9.623201429255245 113.35000000000001
    endloop
  endfacet
  facet normal 0 0 1
    outer loop
      vertex 65.40056183502065 -12.820595205269187 113.35000000000001
      vertex 65.5513744526042 -9.750733850607796 113.35000000000001
      vertex 65.40056183502065 -9.679404794730813 113.35000000000001
    endloop
  endfacet
  facet normal 0 0 1
    outer loop
      vertex 65.5513744526042 -12.749266149392204 113.35000000000001
      vertex 65.69446939613333 -9.836501659085673 113.35000000000001
      vertex 65.5513744526042 -9.750733850607796 113.35000000000001
    endloop
  endfacet
  facet normal 0 0 1
    outer loop
      vertex 65.69446939613333 -12.663498340914327 113.35000000000001
      vertex 65.82846858307819 -9.935882229283347 113.35000000000001
      vertex 65.69446939613333 -9.836501659085673 113.35000000000001
    endloop
  endfacet
  facet normal 0 0 1
    outer loop
      vertex 65.82846858307819 -12.564117770716653 113.35000000000001
      vertex 65.95208152801713 -12.45208152801713 113.35000000000001
      vertex 65.95208152801713 -10.04791847198287 113.35000000000001
    endloop
  endfacet
  facet normal 0 0 1
    outer loop
      vertex 65.95208152801713 -12.45208152801713 113.35000000000001
      vertex 66.06411777071665 -12.328468583078198 113.35000000000001
      vertex 66.06411777071665 -10.171531416921802 113.35000000000001
    endloop
  endfacet
  facet normal 0 0 1
    outer loop
      vertex 66.06411777071665 -12.328468583078198 113.35000000000001
      vertex 66.16349834091433 -12.194469396133323 113.35000000000001
      vertex 66.16349834091433 -10.305530603866677 113.35000000000001
    endloop
  endfacet
  facet normal 0 0 1
    outer loop
      vertex 66.16349834091433 -12.194469396133323 113.35000000000001
      vertex 66.2492661493922 -12.051374452604197 113.35000000000001
      vertex 66.2492661493922 -10.448625547395803 113.35000000000001
    endloop
  endfacet
  facet normal 0 0 1
    outer loop
      vertex 66.2492661493922 -12.051374452604197 113.35000000000001
      vertex 66.32059520526919 -11.900561835020653 113.35000000000001
      vertex 66.32059520526919 -10.599438164979347 113.35000000000001
    endloop
  endfacet
  facet normal 0 0 1
    outer loop
      vertex 66.32059520526919 -11.900561835020653 113.35000000000001
      vertex 66.37679857074475 -11.743483951332585 113.35000000000001
      vertex 66.37679857074475 -10.756516048667415 113.35000000000001
    endloop
  endfacet
  facet normal 0 0 1
    outer loop
      vertex 66.37679857074475 -11.743483951332585 113.35000000000001
      vertex 66.4173349766855 -11.581653547427418 113.35000000000001
      vertex 66.4173349766855 -10.918346452572582 113.35000000000001
    endloop
  endfacet
  facet normal 0 0 1
    outer loop
      vertex 66.4173349766855 -11.581653547427418 113.35000000000001
      vertex 66.44181403534273 -11.416629138560253 113.35000000000001
      vertex 66.44181403534273 -11.083370861439747 113.35000000000001
    endloop
  endfacet
  facet normal 0 0 1
    outer loop
      vertex 65.82846858307819 -12.564117770716653 113.35000000000001
      vertex 65.95208152801713 -10.04791847198287 113.35000000000001
      vertex 65.82846858307819 -9.935882229283347 113.35000000000001
    endloop
  endfacet
  facet normal 0 0 1
    outer loop
      vertex 65.95208152801713 -12.45208152801713 113.35000000000001
      vertex 66.06411777071665 -10.171531416921802 113.35000000000001
      vertex 65.95208152801713 -10.04791847198287 113.35000000000001
    endloop
  endfacet
  facet normal 0 0 1
    outer loop
      vertex 66.06411777071665 -12.328468583078198 113.35000000000001
      vertex 66.16349834091433 -10.305530603866677 113.35000000000001
      vertex 66.06411777071665 -10.171531416921802 113.35000000000001
    endloop
  endfacet
  facet normal 0 0 1
    outer loop
      vertex 66.16349834091433 -12.194469396133323 113.35000000000001
      vertex 66.2492661493922 -10.448625547395803 113.35000000000001
      vertex 66.16349834091433 -10.305530603866677 113.35000000000001
    endloop
  endfacet
  facet normal 0 0 1
    outer loop
      vertex 66.37679857074475 -11.743483951332585 113.35000000000001
      vertex 66.4173349766855 -10.918346452572582 113.35000000000001
      vertex 66.37679857074475 -10.756516048667415 113.35000000000001
    endloop
  endfacet
  facet normal 0 0 1
    outer loop
      vertex 66.2492661493922 -12.051374452604197 113.35000000000001
      vertex 66.32059520526919 -10.599438164979347 113.35000000000001
      vertex 66.2492661493922 -10.448625547395803 113.35000000000001
    endloop
  endfacet
  facet normal 0 0 1
    outer loop
      vertex 66.32059520526919 -11.900561835020653 113.35000000000001
      vertex 66.37679857074475 -10.756516048667415 113.35000000000001
      vertex 66.32059520526919 -10.599438164979347 113.35000000000001
    endloop
  endfacet
  facet normal 0 0 1
    outer loop
      vertex 66.4173349766855 -11.581653547427418 113.35000000000001
      vertex 66.44181403534273 -11.083370861439747 113.35000000000001
      vertex 66.4173349766855 -10.918346452572582 113.35000000000001
    endloop
  endfacet
  facet normal 0 0 1
    outer loop
      vertex 66.44181403534273 -11.416629138560253 113.35000000000001
      vertex 66.45 -11.25 113.35000000000001
      vertex 66.44181403534273 -11.083370861439747 113.35000000000001
    endloop
  endfacet
  facet normal -0.7409511253549699 0.6715589548470066 0
    outer loop
      vertex 65.95208152801713 -12.45208152801713 113.35000000000001
      vertex 65.95208152801713 -12.45208152801713 117.4
      vertex 66.06411777071665 -12.328468583078198 113.35000000000001
    endloop
  endfacet
  facet normal -0.8032075314806275 0.5956993044924568 0
    outer loop
      vertex 66.06411777071665 -12.328468583078198 113.35000000000001
      vertex 66.06411777071665 -12.328468583078198 117.4
      vertex 66.16349834091433 -12.194469396133323 113.35000000000001
    endloop
  endfacet
  facet normal -0.8577286100002919 0.5141027441931887 0
    outer loop
      vertex 66.16349834091433 -12.194469396133323 113.35000000000001
      vertex 66.16349834091433 -12.194469396133323 117.4
      vertex 66.2492661493922 -12.051374452604197 113.35000000000001
    endloop
  endfacet
  facet normal -0.9039892931234365 0.42755509343029674 0
    outer loop
      vertex 66.2492661493922 -12.051374452604197 113.35000000000001
      vertex 66.2492661493922 -12.051374452604197 117.4
      vertex 66.32059520526919 -11.900561835020653 113.35000000000001
    endloop
  endfacet
  facet normal -0.9415440651830207 0.3368898533922203 0
    outer loop
      vertex 66.32059520526919 -11.900561835020653 113.35000000000001
      vertex 66.32059520526919 -11.900561835020653 117.4
      vertex 66.37679857074475 -11.743483951332585 113.35000000000001
    endloop
  endfacet
  facet normal -0.9700312531945365 0.2429801799032938 0
    outer loop
      vertex 66.37679857074475 -11.743483951332585 113.35000000000001
      vertex 66.37679857074475 -11.743483951332585 117.4
      vertex 66.4173349766855 -11.581653547427418 113.35000000000001
    endloop
  endfacet
  facet normal -0.9891765099647879 0.14673047445531523 0
    outer loop
      vertex 66.4173349766855 -11.581653547427418 113.35000000000001
      vertex 66.4173349766855 -11.581653547427418 117.4
      vertex 66.44181403534273 -11.416629138560253 113.35000000000001
    endloop
  endfacet
  facet normal -0.9987954562051704 0.04906767432746036 0
    outer loop
      vertex 66.44181403534273 -11.416629138560253 113.35000000000001
      vertex 66.44181403534273 -11.416629138560253 117.4
      vertex 66.45 -11.25 113.35000000000001
    endloop
  endfacet
  facet normal -0.6715589548469976 0.740951125354978 0
    outer loop
      vertex 65.95208152801713 -12.45208152801713 113.35000000000001
      vertex 65.82846858307819 -12.564117770716653 117.4
      vertex 65.95208152801713 -12.45208152801713 117.4
    endloop
  endfacet
  facet normal -0.7409511253549699 0.6715589548470066 0
    outer loop
      vertex 66.06411777071665 -12.328468583078198 113.35000000000001
      vertex 65.95208152801713 -12.45208152801713 117.4
      vertex 66.06411777071665 -12.328468583078198 117.4
    endloop
  endfacet
  facet normal -0.8032075314806275 0.5956993044924568 0
    outer loop
      vertex 66.16349834091433 -12.194469396133323 113.35000000000001
      vertex 66.06411777071665 -12.328468583078198 117.4
      vertex 66.16349834091433 -12.194469396133323 117.4
    endloop
  endfacet
  facet normal -0.8577286100002919 0.5141027441931887 0
    outer loop
      vertex 66.2492661493922 -12.051374452604197 113.35000000000001
      vertex 66.16349834091433 -12.194469396133323 117.4
      vertex 66.2492661493922 -12.051374452604197 117.4
    endloop
  endfacet
  facet normal -0.9039892931234365 0.42755509343029674 0
    outer loop
      vertex 66.32059520526919 -11.900561835020653 113.35000000000001
      vertex 66.2492661493922 -12.051374452604197 117.4
      vertex 66.32059520526919 -11.900561835020653 117.4
    endloop
  endfacet
  facet normal -0.9415440651830207 0.3368898533922203 0
    outer loop
      vertex 66.37679857074475 -11.743483951332585 113.35000000000001
      vertex 66.32059520526919 -11.900561835020653 117.4
      vertex 66.37679857074475 -11.743483951332585 117.4
    endloop
  endfacet
  facet normal -0.9700312531945365 0.2429801799032938 0
    outer loop
      vertex 66.4173349766855 -11.581653547427418 113.35000000000001
      vertex 66.37679857074475 -11.743483951332585 117.4
      vertex 66.4173349766855 -11.581653547427418 117.4
    endloop
  endfacet
  facet normal -0.9891765099647879 0.14673047445531523 0
    outer loop
      vertex 66.44181403534273 -11.416629138560253 113.35000000000001
      vertex 66.4173349766855 -11.581653547427418 117.4
      vertex 66.44181403534273 -11.416629138560253 117.4
    endloop
  endfacet
  facet normal -0.9987954562051704 0.04906767432746036 0
    outer loop
      vertex 66.45 -11.25 113.35000000000001
      vertex 66.44181403534273 -11.416629138560253 117.4
      vertex 66.45 -11.25 117.4
    endloop
  endfacet
  facet normal -0.9415440651830207 -0.3368898533922203 0
    outer loop
      vertex 66.37679857074475 -10.756516048667415 113.35000000000001
      vertex 66.37679857074475 -10.756516048667415 117.4
      vertex 66.32059520526919 -10.599438164979347 113.35000000000001
    endloop
  endfacet
  facet normal -0.6715589548469976 -0.740951125354978 4.490761774023697e-19
    outer loop
      vertex 65.82846858307819 -9.935882229283347 113.35000000000001
      vertex 65.95208152801713 -10.04791847198287 113.35000000000001
      vertex 65.95208152801713 -10.04791847198287 117.4
    endloop
  endfacet
  facet normal -0.7409511253549699 -0.6715589548470066 -1.1824582924468522e-18
    outer loop
      vertex 65.95208152801713 -10.04791847198287 113.35000000000001
      vertex 66.06411777071665 -10.171531416921802 113.35000000000001
      vertex 66.06411777071665 -10.171531416921802 117.4
    endloop
  endfacet
  facet normal -0.8577286100002919 -0.5141027441931887 0
    outer loop
      vertex 66.2492661493922 -10.448625547395803 113.35000000000001
      vertex 66.2492661493922 -10.448625547395803 117.4
      vertex 66.16349834091433 -10.305530603866677 113.35000000000001
    endloop
  endfacet
  facet normal -0.9039892931234365 -0.42755509343029674 0
    outer loop
      vertex 66.32059520526919 -10.599438164979347 113.35000000000001
      vertex 66.32059520526919 -10.599438164979347 117.4
      vertex 66.2492661493922 -10.448625547395803 113.35000000000001
    endloop
  endfacet
  facet normal -0.8032075314806275 -0.5956993044924568 1.5890073294521605e-19
    outer loop
      vertex 66.06411777071665 -10.171531416921802 113.35000000000001
      vertex 66.16349834091433 -10.305530603866677 113.35000000000001
      vertex 66.16349834091433 -10.305530603866677 117.4
    endloop
  endfacet
  facet normal -0.9987954562051704 -0.04906767432746036 0
    outer loop
      vertex 66.45 -11.25 113.35000000000001
      vertex 66.45 -11.25 117.4
      vertex 66.44181403534273 -11.083370861439747 113.35000000000001
    endloop
  endfacet
  facet normal -0.9891765099647879 -0.14673047445531523 0
    outer loop
      vertex 66.44181403534273 -11.083370861439747 113.35000000000001
      vertex 66.44181403534273 -11.083370861439747 117.4
      vertex 66.4173349766855 -10.918346452572582 113.35000000000001
    endloop
  endfacet
  facet normal -0.9700312531945365 -0.2429801799032938 0
    outer loop
      vertex 66.4173349766855 -10.918346452572582 113.35000000000001
      vertex 66.4173349766855 -10.918346452572582 117.4
      vertex 66.37679857074475 -10.756516048667415 113.35000000000001
    endloop
  endfacet
  facet normal -0.9700312531945365 -0.2429801799032938 0
    outer loop
      vertex 66.37679857074475 -10.756516048667415 113.35000000000001
      vertex 66.4173349766855 -10.918346452572582 117.4
      vertex 66.37679857074475 -10.756516048667415 117.4
    endloop
  endfacet
  facet normal -0.9415440651830207 -0.3368898533922203 0
    outer loop
      vertex 66.32059520526919 -10.599438164979347 113.35000000000001
      vertex 66.37679857074475 -10.756516048667415 117.4
      vertex 66.32059520526919 -10.599438164979347 117.4
    endloop
  endfacet
  facet normal -0.7409511253549699 -0.6715589548470066 0
    outer loop
      vertex 65.95208152801713 -10.04791847198287 113.35000000000001
      vertex 66.06411777071665 -10.171531416921802 117.4
      vertex 65.95208152801713 -10.04791847198287 117.4
    endloop
  endfacet
  facet normal -0.8032075314806275 -0.5956993044924568 0
    outer loop
      vertex 66.06411777071665 -10.171531416921802 113.35000000000001
      vertex 66.16349834091433 -10.305530603866677 117.4
      vertex 66.06411777071665 -10.171531416921802 117.4
    endloop
  endfacet
  facet normal -0.8577286100002919 -0.5141027441931887 0
    outer loop
      vertex 66.16349834091433 -10.305530603866677 113.35000000000001
      vertex 66.2492661493922 -10.448625547395803 117.4
      vertex 66.16349834091433 -10.305530603866677 117.4
    endloop
  endfacet
  facet normal -0.9039892931234365 -0.42755509343029674 0
    outer loop
      vertex 66.2492661493922 -10.448625547395803 113.35000000000001
      vertex 66.32059520526919 -10.599438164979347 117.4
      vertex 66.2492661493922 -10.448625547395803 117.4
    endloop
  endfacet
  facet normal -0.9987954562051704 -0.04906767432746036 0
    outer loop
      vertex 66.44181403534273 -11.083370861439747 113.35000000000001
      vertex 66.45 -11.25 117.4
      vertex 66.44181403534273 -11.083370861439747 117.4
    endloop
  endfacet
  facet normal -0.9891765099647879 -0.14673047445531523 0
    outer loop
      vertex 66.4173349766855 -10.918346452572582 113.35000000000001
      vertex 66.44181403534273 -11.083370861439747 117.4
      vertex 66.4173349766855 -10.918346452572582 117.4
    endloop
  endfacet
  facet normal 0.6715589548470188 -0.7409511253549588 -1.9348745824182578e-19
    outer loop
      vertex 63.54791847198287 -10.04791847198287 113.35000000000001
      vertex 63.6715314169218 -9.935882229283347 113.35000000000001
      vertex 63.6715314169218 -9.935882229283347 117.4
    endloop
  endfacet
  facet normal 0.5956993044924241 -0.8032075314806517 -4.027201411637037e-19
    outer loop
      vertex 63.6715314169218 -9.935882229283347 113.35000000000001
      vertex 63.80553060386668 -9.836501659085673 113.35000000000001
      vertex 63.80553060386668 -9.836501659085673 117.4
    endloop
  endfacet
  facet normal 0.5141027441932231 -0.8577286100002711 3.2526968304867254e-19
    outer loop
      vertex 63.80553060386668 -9.836501659085673 113.35000000000001
      vertex 63.94862554739581 -9.750733850607796 113.35000000000001
      vertex 63.94862554739581 -9.750733850607796 117.4
    endloop
  endfacet
  facet normal 0.42755509343028764 -0.9039892931234408 -9.382939283493722e-19
    outer loop
      vertex 63.94862554739581 -9.750733850607796 113.35000000000001
      vertex 64.09943816497935 -9.679404794730813 113.35000000000001
      vertex 64.09943816497935 -9.679404794730813 117.4
    endloop
  endfacet
  facet normal 0.3368898533922337 -0.9415440651830158 -1.7792633900272574e-20
    outer loop
      vertex 64.09943816497935 -9.679404794730813 113.35000000000001
      vertex 64.25651604866741 -9.623201429255245 113.35000000000001
      vertex 64.25651604866741 -9.623201429255245 117.4
    endloop
  endfacet
  facet normal 0.24298017990325876 -0.9700312531945453 -5.875972179815425e-19
    outer loop
      vertex 64.25651604866741 -9.623201429255245 113.35000000000001
      vertex 64.41834645257258 -9.582665023314508 113.35000000000001
      vertex 64.41834645257258 -9.582665023314508 117.4
    endloop
  endfacet
  facet normal 0.14673047445535384 -0.989176509964782 -4.640059158044285e-19
    outer loop
      vertex 64.41834645257258 -9.582665023314508 113.35000000000001
      vertex 64.58337086143975 -9.558185964657266 113.35000000000001
      vertex 64.58337086143975 -9.558185964657266 117.4
    endloop
  endfacet
  facet normal 0.04906767432741786 -0.9987954562051723 5.0249891465408475e-20
    outer loop
      vertex 64.58337086143975 -9.558185964657266 113.35000000000001
      vertex 64.75 -9.55 113.35000000000001
      vertex 64.75 -9.55 117.4
    endloop
  endfacet
  facet normal 0.5956993044924241 -0.8032075314806517 0
    outer loop
      vertex 63.6715314169218 -9.935882229283347 113.35000000000001
      vertex 63.80553060386668 -9.836501659085673 117.4
      vertex 63.6715314169218 -9.935882229283347 117.4
    endloop
  endfacet
  facet normal 0.5141027441932231 -0.8577286100002711 0
    outer loop
      vertex 63.80553060386668 -9.836501659085673 113.35000000000001
      vertex 63.94862554739581 -9.750733850607796 117.4
      vertex 63.80553060386668 -9.836501659085673 117.4
    endloop
  endfacet
  facet normal 0.42755509343028764 -0.9039892931234408 0
    outer loop
      vertex 63.94862554739581 -9.750733850607796 113.35000000000001
      vertex 64.09943816497935 -9.679404794730813 117.4
      vertex 63.94862554739581 -9.750733850607796 117.4
    endloop
  endfacet
  facet normal 0.3368898533922337 -0.9415440651830158 0
    outer loop
      vertex 64.09943816497935 -9.679404794730813 113.35000000000001
      vertex 64.25651604866741 -9.623201429255245 117.4
      vertex 64.09943816497935 -9.679404794730813 117.4
    endloop
  endfacet
  facet normal 0.24298017990325876 -0.9700312531945453 0
    outer loop
      vertex 64.25651604866741 -9.623201429255245 113.35000000000001
      vertex 64.41834645257258 -9.582665023314508 117.4
      vertex 64.25651604866741 -9.623201429255245 117.4
    endloop
  endfacet
  facet normal 0.14673047445535384 -0.989176509964782 0
    outer loop
      vertex 64.41834645257258 -9.582665023314508 113.35000000000001
      vertex 64.58337086143975 -9.558185964657266 117.4
      vertex 64.41834645257258 -9.582665023314508 117.4
    endloop
  endfacet
  facet normal 0.04906767432741786 -0.9987954562051723 0
    outer loop
      vertex 64.58337086143975 -9.558185964657266 113.35000000000001
      vertex 64.75 -9.55 117.4
      vertex 64.58337086143975 -9.558185964657266 117.4
    endloop
  endfacet
  facet normal -0.04906767432741786 -0.9987954562051723 -5.0249891465408475e-20
    outer loop
      vertex 64.75 -9.55 113.35000000000001
      vertex 64.91662913856025 -9.558185964657266 113.35000000000001
      vertex 64.91662913856025 -9.558185964657266 117.4
    endloop
  endfacet
  facet normal -0.14673047445535384 -0.989176509964782 4.640059158044285e-19
    outer loop
      vertex 64.91662913856025 -9.558185964657266 113.35000000000001
      vertex 65.08165354742742 -9.582665023314508 113.35000000000001
      vertex 65.08165354742742 -9.582665023314508 117.4
    endloop
  endfacet
  facet normal -0.24298017990325876 -0.9700312531945453 5.875972179815425e-19
    outer loop
      vertex 65.08165354742742 -9.582665023314508 113.35000000000001
      vertex 65.24348395133259 -9.623201429255245 113.35000000000001
      vertex 65.24348395133259 -9.623201429255245 117.4
    endloop
  endfacet
  facet normal -0.42755509343028764 -0.9039892931234408 9.382939283493722e-19
    outer loop
      vertex 65.40056183502065 -9.679404794730813 113.35000000000001
      vertex 65.5513744526042 -9.750733850607796 113.35000000000001
      vertex 65.5513744526042 -9.750733850607796 117.4
    endloop
  endfacet
  facet normal -0.3368898533922337 -0.9415440651830158 1.7792633900272574e-20
    outer loop
      vertex 65.24348395133259 -9.623201429255245 113.35000000000001
      vertex 65.40056183502065 -9.679404794730813 113.35000000000001
      vertex 65.40056183502065 -9.679404794730813 117.4
    endloop
  endfacet
  facet normal -0.5141027441932043 -0.8577286100002824 -1.1081948583817624e-18
    outer loop
      vertex 65.5513744526042 -9.750733850607796 113.35000000000001
      vertex 65.69446939613333 -9.836501659085673 113.35000000000001
      vertex 65.69446939613333 -9.836501659085673 117.4
    endloop
  endfacet
  facet normal -0.5956993044924648 -0.8032075314806215 0
    outer loop
      vertex 65.82846858307819 -9.935882229283347 113.35000000000001
      vertex 65.82846858307819 -9.935882229283347 117.4
      vertex 65.69446939613333 -9.836501659085673 113.35000000000001
    endloop
  endfacet
  facet normal -0.04906767432741786 -0.9987954562051723 0
    outer loop
      vertex 64.75 -9.55 113.35000000000001
      vertex 64.91662913856025 -9.558185964657266 117.4
      vertex 64.75 -9.55 117.4
    endloop
  endfacet
  facet normal -0.14673047445535384 -0.989176509964782 0
    outer loop
      vertex 64.91662913856025 -9.558185964657266 113.35000000000001
      vertex 65.08165354742742 -9.582665023314508 117.4
      vertex 64.91662913856025 -9.558185964657266 117.4
    endloop
  endfacet
  facet normal -0.24298017990325876 -0.9700312531945453 0
    outer loop
      vertex 65.08165354742742 -9.582665023314508 113.35000000000001
      vertex 65.24348395133259 -9.623201429255245 117.4
      vertex 65.08165354742742 -9.582665023314508 117.4
    endloop
  endfacet
  facet normal -0.3368898533922337 -0.9415440651830158 0
    outer loop
      vertex 65.24348395133259 -9.623201429255245 113.35000000000001
      vertex 65.40056183502065 -9.679404794730813 117.4
      vertex 65.24348395133259 -9.623201429255245 117.4
    endloop
  endfacet
  facet normal -0.42755509343028764 -0.9039892931234408 0
    outer loop
      vertex 65.40056183502065 -9.679404794730813 113.35000000000001
      vertex 65.5513744526042 -9.750733850607796 117.4
      vertex 65.40056183502065 -9.679404794730813 117.4
    endloop
  endfacet
  facet normal -0.5141027441932043 -0.8577286100002824 0
    outer loop
      vertex 65.5513744526042 -9.750733850607796 113.35000000000001
      vertex 65.69446939613333 -9.836501659085673 117.4
      vertex 65.5513744526042 -9.750733850607796 117.4
    endloop
  endfacet
  facet normal -0.5956993044924648 -0.8032075314806215 0
    outer loop
      vertex 65.69446939613333 -9.836501659085673 113.35000000000001
      vertex 65.82846858307819 -9.935882229283347 117.4
      vertex 65.69446939613333 -9.836501659085673 117.4
    endloop
  endfacet
  facet normal -0.6715589548469976 -0.740951125354978 0
    outer loop
      vertex 65.82846858307819 -9.935882229283347 113.35000000000001
      vertex 65.95208152801713 -10.04791847198287 117.4
      vertex 65.82846858307819 -9.935882229283347 117.4
    endloop
  endfacet
  facet normal 0.6715589548470188 0.7409511253549588 0
    outer loop
      vertex 63.6715314169218 9.935882229283347 113.35000000000001
      vertex 63.54791847198287 10.04791847198287 117.4
      vertex 63.6715314169218 9.935882229283347 117.4
    endloop
  endfacet
  facet normal 0.5956993044924241 0.8032075314806517 4.027201411637037e-19
    outer loop
      vertex 63.80553060386668 9.836501659085673 113.35000000000001
      vertex 63.6715314169218 9.935882229283347 113.35000000000001
      vertex 63.6715314169218 9.935882229283347 117.4
    endloop
  endfacet
  facet normal 0.5141027441932231 0.8577286100002711 0
    outer loop
      vertex 63.80553060386668 9.836501659085673 113.35000000000001
      vertex 63.80553060386668 9.836501659085673 117.4
      vertex 63.94862554739581 9.750733850607796 113.35000000000001
    endloop
  endfacet
  facet normal 0.3368898533922337 0.9415440651830158 0
    outer loop
      vertex 64.09943816497935 9.679404794730813 113.35000000000001
      vertex 64.09943816497935 9.679404794730813 117.4
      vertex 64.25651604866741 9.623201429255245 113.35000000000001
    endloop
  endfacet
  facet normal 0.42755509343028764 0.9039892931234408 0
    outer loop
      vertex 63.94862554739581 9.750733850607796 113.35000000000001
      vertex 63.94862554739581 9.750733850607796 117.4
      vertex 64.09943816497935 9.679404794730813 113.35000000000001
    endloop
  endfacet
  facet normal 0.24298017990325876 0.9700312531945453 0
    outer loop
      vertex 64.25651604866741 9.623201429255245 113.35000000000001
      vertex 64.25651604866741 9.623201429255245 117.4
      vertex 64.41834645257258 9.582665023314508 113.35000000000001
    endloop
  endfacet
  facet normal 0.14673047445535384 0.989176509964782 0
    outer loop
      vertex 64.41834645257258 9.582665023314508 113.35000000000001
      vertex 64.41834645257258 9.582665023314508 117.4
      vertex 64.58337086143975 9.558185964657266 113.35000000000001
    endloop
  endfacet
  facet normal 0.04906767432741786 0.9987954562051723 0
    outer loop
      vertex 64.58337086143975 9.558185964657266 113.35000000000001
      vertex 64.58337086143975 9.558185964657266 117.4
      vertex 64.75 9.55 113.35000000000001
    endloop
  endfacet
  facet normal 0.5956993044924241 0.8032075314806517 0
    outer loop
      vertex 63.80553060386668 9.836501659085673 113.35000000000001
      vertex 63.6715314169218 9.935882229283347 117.4
      vertex 63.80553060386668 9.836501659085673 117.4
    endloop
  endfacet
  facet normal 0.5141027441932231 0.8577286100002711 0
    outer loop
      vertex 63.94862554739581 9.750733850607796 113.35000000000001
      vertex 63.80553060386668 9.836501659085673 117.4
      vertex 63.94862554739581 9.750733850607796 117.4
    endloop
  endfacet
  facet normal 0.3368898533922337 0.9415440651830158 0
    outer loop
      vertex 64.25651604866741 9.623201429255245 113.35000000000001
      vertex 64.09943816497935 9.679404794730813 117.4
      vertex 64.25651604866741 9.623201429255245 117.4
    endloop
  endfacet
  facet normal 0.42755509343028764 0.9039892931234408 0
    outer loop
      vertex 64.09943816497935 9.679404794730813 113.35000000000001
      vertex 63.94862554739581 9.750733850607796 117.4
      vertex 64.09943816497935 9.679404794730813 117.4
    endloop
  endfacet
  facet normal 0.24298017990325876 0.9700312531945453 0
    outer loop
      vertex 64.41834645257258 9.582665023314508 113.35000000000001
      vertex 64.25651604866741 9.623201429255245 117.4
      vertex 64.41834645257258 9.582665023314508 117.4
    endloop
  endfacet
  facet normal 0.14673047445535384 0.989176509964782 0
    outer loop
      vertex 64.58337086143975 9.558185964657266 113.35000000000001
      vertex 64.41834645257258 9.582665023314508 117.4
      vertex 64.58337086143975 9.558185964657266 117.4
    endloop
  endfacet
  facet normal 0.04906767432741786 0.9987954562051723 0
    outer loop
      vertex 64.75 9.55 113.35000000000001
      vertex 64.58337086143975 9.558185964657266 117.4
      vertex 64.75 9.55 117.4
    endloop
  endfacet
  facet normal -0.04906767432741786 0.9987954562051723 0
    outer loop
      vertex 64.75 9.55 113.35000000000001
      vertex 64.75 9.55 117.4
      vertex 64.91662913856025 9.558185964657266 113.35000000000001
    endloop
  endfacet
  facet normal -0.14673047445535384 0.989176509964782 0
    outer loop
      vertex 64.91662913856025 9.558185964657266 113.35000000000001
      vertex 64.91662913856025 9.558185964657266 117.4
      vertex 65.08165354742742 9.582665023314508 113.35000000000001
    endloop
  endfacet
  facet normal -0.24298017990325876 0.9700312531945453 0
    outer loop
      vertex 65.08165354742742 9.582665023314508 113.35000000000001
      vertex 65.08165354742742 9.582665023314508 117.4
      vertex 65.24348395133259 9.623201429255245 113.35000000000001
    endloop
  endfacet
  facet normal -0.3368898533922337 0.9415440651830158 0
    outer loop
      vertex 65.24348395133259 9.623201429255245 113.35000000000001
      vertex 65.24348395133259 9.623201429255245 117.4
      vertex 65.40056183502065 9.679404794730813 113.35000000000001
    endloop
  endfacet
  facet normal -0.42755509343028764 0.9039892931234408 0
    outer loop
      vertex 65.40056183502065 9.679404794730813 113.35000000000001
      vertex 65.40056183502065 9.679404794730813 117.4
      vertex 65.5513744526042 9.750733850607796 113.35000000000001
    endloop
  endfacet
  facet normal -0.5141027441932043 0.8577286100002824 0
    outer loop
      vertex 65.5513744526042 9.750733850607796 113.35000000000001
      vertex 65.5513744526042 9.750733850607796 117.4
      vertex 65.69446939613333 9.836501659085673 113.35000000000001
    endloop
  endfacet
  facet normal -0.5956993044924648 0.8032075314806215 0
    outer loop
      vertex 65.69446939613333 9.836501659085673 113.35000000000001
      vertex 65.69446939613333 9.836501659085673 117.4
      vertex 65.82846858307819 9.935882229283347 113.35000000000001
    endloop
  endfacet
  facet normal -0.04906767432741786 0.9987954562051723 0
    outer loop
      vertex 64.91662913856025 9.558185964657266 113.35000000000001
      vertex 64.75 9.55 117.4
      vertex 64.91662913856025 9.558185964657266 117.4
    endloop
  endfacet
  facet normal -0.14673047445535384 0.989176509964782 0
    outer loop
      vertex 65.08165354742742 9.582665023314508 113.35000000000001
      vertex 64.91662913856025 9.558185964657266 117.4
      vertex 65.08165354742742 9.582665023314508 117.4
    endloop
  endfacet
  facet normal -0.24298017990325876 0.9700312531945453 0
    outer loop
      vertex 65.24348395133259 9.623201429255245 113.35000000000001
      vertex 65.08165354742742 9.582665023314508 117.4
      vertex 65.24348395133259 9.623201429255245 117.4
    endloop
  endfacet
  facet normal -0.3368898533922337 0.9415440651830158 0
    outer loop
      vertex 65.40056183502065 9.679404794730813 113.35000000000001
      vertex 65.24348395133259 9.623201429255245 117.4
      vertex 65.40056183502065 9.679404794730813 117.4
    endloop
  endfacet
  facet normal -0.42755509343028764 0.9039892931234408 0
    outer loop
      vertex 65.5513744526042 9.750733850607796 113.35000000000001
      vertex 65.40056183502065 9.679404794730813 117.4
      vertex 65.5513744526042 9.750733850607796 117.4
    endloop
  endfacet
  facet normal -0.5141027441932043 0.8577286100002824 0
    outer loop
      vertex 65.69446939613333 9.836501659085673 113.35000000000001
      vertex 65.5513744526042 9.750733850607796 117.4
      vertex 65.69446939613333 9.836501659085673 117.4
    endloop
  endfacet
  facet normal -0.5956993044924648 0.8032075314806215 0
    outer loop
      vertex 65.82846858307819 9.935882229283347 113.35000000000001
      vertex 65.69446939613333 9.836501659085673 117.4
      vertex 65.82846858307819 9.935882229283347 117.4
    endloop
  endfacet
  facet normal -0.6715589548469976 0.740951125354978 0
    outer loop
      vertex 65.82846858307819 9.935882229283347 113.35000000000001
      vertex 65.82846858307819 9.935882229283347 117.4
      vertex 65.95208152801713 10.04791847198287 113.35000000000001
    endloop
  endfacet
  facet normal 0 0 1
    outer loop
      vertex 63.08266502331451 10.918346452572582 113.35000000000001
      vertex 63.08266502331451 11.581653547427418 113.35000000000001
      vertex 63.05818596465726 11.083370861439747 113.35000000000001
    endloop
  endfacet
  facet normal 0 0 1
    outer loop
      vertex 63.08266502331451 10.918346452572582 113.35000000000001
      vertex 63.123201429255246 10.756516048667415 113.35000000000001
      vertex 63.123201429255246 11.743483951332585 113.35000000000001
    endloop
  endfacet
  facet normal 0 0 1
    outer loop
      vertex 63.33650165908567 10.305530603866677 113.35000000000001
      vertex 63.435882229283344 10.171531416921802 113.35000000000001
      vertex 63.435882229283344 12.328468583078198 113.35000000000001
    endloop
  endfacet
  facet normal 0 0 1
    outer loop
      vertex 63.179404794730814 10.599438164979347 113.35000000000001
      vertex 63.179404794730814 11.900561835020653 113.35000000000001
      vertex 63.123201429255246 10.756516048667415 113.35000000000001
    endloop
  endfacet
  facet normal 0 0 1
    outer loop
      vertex 63.179404794730814 10.599438164979347 113.35000000000001
      vertex 63.250733850607794 10.448625547395803 113.35000000000001
      vertex 63.250733850607794 12.051374452604197 113.35000000000001
    endloop
  endfacet
  facet normal 0 0 1
    outer loop
      vertex 63.33650165908567 10.305530603866677 113.35000000000001
      vertex 63.33650165908567 12.194469396133323 113.35000000000001
      vertex 63.250733850607794 10.448625547395803 113.35000000000001
    endloop
  endfacet
  facet normal 0 0 1
    outer loop
      vertex 63.54791847198287 10.04791847198287 113.35000000000001
      vertex 63.54791847198287 12.45208152801713 113.35000000000001
      vertex 63.435882229283344 10.171531416921802 113.35000000000001
    endloop
  endfacet
  facet normal 0 0 1
    outer loop
      vertex 63.54791847198287 10.04791847198287 113.35000000000001
      vertex 63.6715314169218 9.935882229283347 113.35000000000001
      vertex 63.6715314169218 12.564117770716653 113.35000000000001
    endloop
  endfacet
  facet normal 0 0 1
    outer loop
      vertex 63.05818596465726 11.083370861439747 113.35000000000001
      vertex 63.05818596465726 11.416629138560253 113.35000000000001
      vertex 63.05 11.25 113.35000000000001
    endloop
  endfacet
  facet normal 0 0 1
    outer loop
      vertex 63.05818596465726 11.083370861439747 113.35000000000001
      vertex 63.08266502331451 11.581653547427418 113.35000000000001
      vertex 63.05818596465726 11.416629138560253 113.35000000000001
    endloop
  endfacet
  facet normal 0 0 1
    outer loop
      vertex 63.08266502331451 10.918346452572582 113.35000000000001
      vertex 63.123201429255246 11.743483951332585 113.35000000000001
      vertex 63.08266502331451 11.581653547427418 113.35000000000001
    endloop
  endfacet
  facet normal 0 0 1
    outer loop
      vertex 63.123201429255246 10.756516048667415 113.35000000000001
      vertex 63.179404794730814 11.900561835020653 113.35000000000001
      vertex 63.123201429255246 11.743483951332585 113.35000000000001
    endloop
  endfacet
  facet normal 0 0 1
    outer loop
      vertex 63.179404794730814 10.599438164979347 113.35000000000001
      vertex 63.250733850607794 12.051374452604197 113.35000000000001
      vertex 63.179404794730814 11.900561835020653 113.35000000000001
    endloop
  endfacet
  facet normal 0 0 1
    outer loop
      vertex 63.250733850607794 10.448625547395803 113.35000000000001
      vertex 63.33650165908567 12.194469396133323 113.35000000000001
      vertex 63.250733850607794 12.051374452604197 113.35000000000001
    endloop
  endfacet
  facet normal 0 0 1
    outer loop
      vertex 63.33650165908567 10.305530603866677 113.35000000000001
      vertex 63.435882229283344 12.328468583078198 113.35000000000001
      vertex 63.33650165908567 12.194469396133323 113.35000000000001
    endloop
  endfacet
  facet normal 0 0 1
    outer loop
      vertex 63.435882229283344 10.171531416921802 113.35000000000001
      vertex 63.54791847198287 12.45208152801713 113.35000000000001
      vertex 63.435882229283344 12.328468583078198 113.35000000000001
    endloop
  endfacet
  facet normal 0 0 1
    outer loop
      vertex 63.54791847198287 10.04791847198287 113.35000000000001
      vertex 63.6715314169218 12.564117770716653 113.35000000000001
      vertex 63.54791847198287 12.45208152801713 113.35000000000001
    endloop
  endfacet
  facet normal 0 0 1
    outer loop
      vertex 63.80553060386668 9.836501659085673 113.35000000000001
      vertex 63.80553060386668 12.663498340914327 113.35000000000001
      vertex 63.6715314169218 9.935882229283347 113.35000000000001
    endloop
  endfacet
  facet normal 0 0 1
    outer loop
      vertex 63.80553060386668 9.836501659085673 113.35000000000001
      vertex 63.94862554739581 9.750733850607796 113.35000000000001
      vertex 63.94862554739581 12.749266149392204 113.35000000000001
    endloop
  endfacet
  facet normal 0 0 1
    outer loop
      vertex 63.94862554739581 9.750733850607796 113.35000000000001
      vertex 64.09943816497935 9.679404794730813 113.35000000000001
      vertex 64.09943816497935 12.820595205269187 113.35000000000001
    endloop
  endfacet
  facet normal 0 0 1
    outer loop
      vertex 64.09943816497935 9.679404794730813 113.35000000000001
      vertex 64.25651604866741 9.623201429255245 113.35000000000001
      vertex 64.25651604866741 12.876798570744755 113.35000000000001
    endloop
  endfacet
  facet normal 0 0 1
    outer loop
      vertex 64.25651604866741 9.623201429255245 113.35000000000001
      vertex 64.41834645257258 9.582665023314508 113.35000000000001
      vertex 64.41834645257258 12.917334976685492 113.35000000000001
    endloop
  endfacet
  facet normal 0 0 1
    outer loop
      vertex 64.41834645257258 9.582665023314508 113.35000000000001
      vertex 64.58337086143975 9.558185964657266 113.35000000000001
      vertex 64.58337086143975 12.941814035342734 113.35000000000001
    endloop
  endfacet
  facet normal 0 0 1
    outer loop
      vertex 64.58337086143975 9.558185964657266 113.35000000000001
      vertex 64.75 9.55 113.35000000000001
      vertex 64.75 12.95 113.35000000000001
    endloop
  endfacet
  facet normal 0 0 1
    outer loop
      vertex 63.6715314169218 9.935882229283347 113.35000000000001
      vertex 63.80553060386668 12.663498340914327 113.35000000000001
      vertex 63.6715314169218 12.564117770716653 113.35000000000001
    endloop
  endfacet
  facet normal 0 0 1
    outer loop
      vertex 63.80553060386668 9.836501659085673 113.35000000000001
      vertex 63.94862554739581 12.749266149392204 113.35000000000001
      vertex 63.80553060386668 12.663498340914327 113.35000000000001
    endloop
  endfacet
  facet normal 0 0 1
    outer loop
      vertex 63.94862554739581 9.750733850607796 113.35000000000001
      vertex 64.09943816497935 12.820595205269187 113.35000000000001
      vertex 63.94862554739581 12.749266149392204 113.35000000000001
    endloop
  endfacet
  facet normal 0 0 1
    outer loop
      vertex 64.09943816497935 9.679404794730813 113.35000000000001
      vertex 64.25651604866741 12.876798570744755 113.35000000000001
      vertex 64.09943816497935 12.820595205269187 113.35000000000001
    endloop
  endfacet
  facet normal 0 0 1
    outer loop
      vertex 64.25651604866741 9.623201429255245 113.35000000000001
      vertex 64.41834645257258 12.917334976685492 113.35000000000001
      vertex 64.25651604866741 12.876798570744755 113.35000000000001
    endloop
  endfacet
  facet normal 0 0 1
    outer loop
      vertex 64.41834645257258 9.582665023314508 113.35000000000001
      vertex 64.58337086143975 12.941814035342734 113.35000000000001
      vertex 64.41834645257258 12.917334976685492 113.35000000000001
    endloop
  endfacet
  facet normal 0 0 1
    outer loop
      vertex 64.58337086143975 9.558185964657266 113.35000000000001
      vertex 64.75 12.95 113.35000000000001
      vertex 64.58337086143975 12.941814035342734 113.35000000000001
    endloop
  endfacet
  facet normal 0.9415440651830207 0.3368898533922203 -5.187644486212005e-19
    outer loop
      vertex 63.179404794730814 10.599438164979347 113.35000000000001
      vertex 63.123201429255246 10.756516048667415 113.35000000000001
      vertex 63.123201429255246 10.756516048667415 117.4
    endloop
  endfacet
  facet normal 0.9700312531945466 0.24298017990325377 0
    outer loop
      vertex 63.08266502331451 10.918346452572582 113.35000000000001
      vertex 63.08266502331451 10.918346452572582 117.4
      vertex 63.123201429255246 10.756516048667415 113.35000000000001
    endloop
  endfacet
  facet normal 0.9891765099647755 0.14673047445539858 -3.2385661834393484e-19
    outer loop
      vertex 63.08266502331451 10.918346452572582 113.35000000000001
      vertex 63.05818596465726 11.083370861439747 113.35000000000001
      vertex 63.05818596465726 11.083370861439747 117.4
    endloop
  endfacet
  facet normal 0.9987954562051723 0.04906767432741786 -5.0249891465408475e-20
    outer loop
      vertex 63.05818596465726 11.083370861439747 113.35000000000001
      vertex 63.05 11.25 113.35000000000001
      vertex 63.05 11.25 117.4
    endloop
  endfacet
  facet normal 0.803207531480648 0.5956993044924292 0
    outer loop
      vertex 63.33650165908567 10.305530603866677 113.35000000000001
      vertex 63.33650165908567 10.305530603866677 117.4
      vertex 63.435882229283344 10.171531416921802 113.35000000000001
    endloop
  endfacet
  facet normal 0.8577286100002731 0.5141027441932201 5.87348677408131e-19
    outer loop
      vertex 63.33650165908567 10.305530603866677 113.35000000000001
      vertex 63.250733850607794 10.448625547395803 113.35000000000001
      vertex 63.250733850607794 10.448625547395803 117.4
    endloop
  endfacet
  facet normal 0.9039892931234528 0.4275550934302619 0
    outer loop
      vertex 63.179404794730814 10.599438164979347 113.35000000000001
      vertex 63.179404794730814 10.599438164979347 117.4
      vertex 63.250733850607794 10.448625547395803 113.35000000000001
    endloop
  endfacet
  facet normal 0.7409511253549486 0.6715589548470299 5.669398020845211e-19
    outer loop
      vertex 63.54791847198287 10.04791847198287 113.35000000000001
      vertex 63.435882229283344 10.171531416921802 113.35000000000001
      vertex 63.435882229283344 10.171531416921802 117.4
    endloop
  endfacet
  facet normal 0.6715589548470188 0.7409511253549588 0
    outer loop
      vertex 63.54791847198287 10.04791847198287 113.35000000000001
      vertex 63.54791847198287 10.04791847198287 117.4
      vertex 63.6715314169218 9.935882229283347 113.35000000000001
    endloop
  endfacet
  facet normal 0.9700312531945466 0.24298017990325377 0
    outer loop
      vertex 63.123201429255246 10.756516048667415 113.35000000000001
      vertex 63.08266502331451 10.918346452572582 117.4
      vertex 63.123201429255246 10.756516048667415 117.4
    endloop
  endfacet
  facet normal 0.9891765099647755 0.14673047445539858 0
    outer loop
      vertex 63.08266502331451 10.918346452572582 113.35000000000001
      vertex 63.05818596465726 11.083370861439747 117.4
      vertex 63.08266502331451 10.918346452572582 117.4
    endloop
  endfacet
  facet normal 0.9987954562051723 0.04906767432741786 0
    outer loop
      vertex 63.05818596465726 11.083370861439747 113.35000000000001
      vertex 63.05 11.25 117.4
      vertex 63.05818596465726 11.083370861439747 117.4
    endloop
  endfacet
  facet normal 0.803207531480648 0.5956993044924292 0
    outer loop
      vertex 63.435882229283344 10.171531416921802 113.35000000000001
      vertex 63.33650165908567 10.305530603866677 117.4
      vertex 63.435882229283344 10.171531416921802 117.4
    endloop
  endfacet
  facet normal 0.9039892931234528 0.4275550934302619 0
    outer loop
      vertex 63.250733850607794 10.448625547395803 113.35000000000001
      vertex 63.179404794730814 10.599438164979347 117.4
      vertex 63.250733850607794 10.448625547395803 117.4
    endloop
  endfacet
  facet normal 0.8577286100002731 0.5141027441932201 0
    outer loop
      vertex 63.33650165908567 10.305530603866677 113.35000000000001
      vertex 63.250733850607794 10.448625547395803 117.4
      vertex 63.33650165908567 10.305530603866677 117.4
    endloop
  endfacet
  facet normal 0.7409511253549486 0.6715589548470299 0
    outer loop
      vertex 63.54791847198287 10.04791847198287 113.35000000000001
      vertex 63.435882229283344 10.171531416921802 117.4
      vertex 63.54791847198287 10.04791847198287 117.4
    endloop
  endfacet
  facet normal 0.9415440651830207 0.3368898533922203 0
    outer loop
      vertex 63.179404794730814 10.599438164979347 113.35000000000001
      vertex 63.123201429255246 10.756516048667415 117.4
      vertex 63.179404794730814 10.599438164979347 117.4
    endloop
  endfacet
  facet normal 0.9987954562051723 -0.04906767432741786 5.0249891465408475e-20
    outer loop
      vertex 63.05 11.25 113.35000000000001
      vertex 63.05818596465726 11.416629138560253 113.35000000000001
      vertex 63.05818596465726 11.416629138560253 117.4
    endloop
  endfacet
  facet normal 0.9891765099647755 -0.14673047445539858 3.2385661834393484e-19
    outer loop
      vertex 63.05818596465726 11.416629138560253 113.35000000000001
      vertex 63.08266502331451 11.581653547427418 113.35000000000001
      vertex 63.08266502331451 11.581653547427418 117.4
    endloop
  endfacet
  facet normal 0.9700312531945466 -0.24298017990325377 9.818491672409002e-20
    outer loop
      vertex 63.08266502331451 11.581653547427418 113.35000000000001
      vertex 63.123201429255246 11.743483951332585 113.35000000000001
      vertex 63.123201429255246 11.743483951332585 117.4
    endloop
  endfacet
  facet normal 0.9415440651830207 -0.3368898533922203 5.187644486212005e-19
    outer loop
      vertex 63.123201429255246 11.743483951332585 113.35000000000001
      vertex 63.179404794730814 11.900561835020653 113.35000000000001
      vertex 63.179404794730814 11.900561835020653 117.4
    endloop
  endfacet
  facet normal 0.9039892931234528 -0.4275550934302619 -3.7944980344339713e-19
    outer loop
      vertex 63.179404794730814 11.900561835020653 113.35000000000001
      vertex 63.250733850607794 12.051374452604197 113.35000000000001
      vertex 63.250733850607794 12.051374452604197 117.4
    endloop
  endfacet
  facet normal 0.8577286100002731 -0.5141027441932201 -5.87348677408131e-19
    outer loop
      vertex 63.250733850607794 12.051374452604197 113.35000000000001
      vertex 63.33650165908567 12.194469396133323 113.35000000000001
      vertex 63.33650165908567 12.194469396133323 117.4
    endloop
  endfacet
  facet normal 0.803207531480648 -0.5956993044924292 1.9882182863523644e-19
    outer loop
      vertex 63.33650165908567 12.194469396133323 113.35000000000001
      vertex 63.435882229283344 12.328468583078198 113.35000000000001
      vertex 63.435882229283344 12.328468583078198 117.4
    endloop
  endfacet
  facet normal 0.7409511253549486 -0.6715589548470299 -5.669398020845211e-19
    outer loop
      vertex 63.435882229283344 12.328468583078198 113.35000000000001
      vertex 63.54791847198287 12.45208152801713 113.35000000000001
      vertex 63.54791847198287 12.45208152801713 117.4
    endloop
  endfacet
  facet normal 0.9987954562051723 -0.04906767432741786 0
    outer loop
      vertex 63.05 11.25 113.35000000000001
      vertex 63.05818596465726 11.416629138560253 117.4
      vertex 63.05 11.25 117.4
    endloop
  endfacet
  facet normal 0.9891765099647755 -0.14673047445539858 0
    outer loop
      vertex 63.05818596465726 11.416629138560253 113.35000000000001
      vertex 63.08266502331451 11.581653547427418 117.4
      vertex 63.05818596465726 11.416629138560253 117.4
    endloop
  endfacet
  facet normal 0.9700312531945466 -0.24298017990325377 0
    outer loop
      vertex 63.08266502331451 11.581653547427418 113.35000000000001
      vertex 63.123201429255246 11.743483951332585 117.4
      vertex 63.08266502331451 11.581653547427418 117.4
    endloop
  endfacet
  facet normal 0.9415440651830207 -0.3368898533922203 0
    outer loop
      vertex 63.123201429255246 11.743483951332585 113.35000000000001
      vertex 63.179404794730814 11.900561835020653 117.4
      vertex 63.123201429255246 11.743483951332585 117.4
    endloop
  endfacet
  facet normal 0.9039892931234528 -0.4275550934302619 0
    outer loop
      vertex 63.179404794730814 11.900561835020653 113.35000000000001
      vertex 63.250733850607794 12.051374452604197 117.4
      vertex 63.179404794730814 11.900561835020653 117.4
    endloop
  endfacet
  facet normal 0.8577286100002731 -0.5141027441932201 0
    outer loop
      vertex 63.250733850607794 12.051374452604197 113.35000000000001
      vertex 63.33650165908567 12.194469396133323 117.4
      vertex 63.250733850607794 12.051374452604197 117.4
    endloop
  endfacet
  facet normal 0.803207531480648 -0.5956993044924292 0
    outer loop
      vertex 63.33650165908567 12.194469396133323 113.35000000000001
      vertex 63.435882229283344 12.328468583078198 117.4
      vertex 63.33650165908567 12.194469396133323 117.4
    endloop
  endfacet
  facet normal 0.7409511253549486 -0.6715589548470299 0
    outer loop
      vertex 63.435882229283344 12.328468583078198 113.35000000000001
      vertex 63.54791847198287 12.45208152801713 117.4
      vertex 63.435882229283344 12.328468583078198 117.4
    endloop
  endfacet
  facet normal 0.6715589548470188 -0.7409511253549588 0
    outer loop
      vertex 63.54791847198287 12.45208152801713 113.35000000000001
      vertex 63.6715314169218 12.564117770716653 117.4
      vertex 63.54791847198287 12.45208152801713 117.4
    endloop
  endfacet
  facet normal 0.6715589548470188 -0.7409511253549588 -1.9348745824182578e-19
    outer loop
      vertex 63.54791847198287 12.45208152801713 113.35000000000001
      vertex 63.6715314169218 12.564117770716653 113.35000000000001
      vertex 63.6715314169218 12.564117770716653 117.4
    endloop
  endfacet
  facet normal 0.5956993044924241 -0.8032075314806517 -4.027201411637037e-19
    outer loop
      vertex 63.6715314169218 12.564117770716653 113.35000000000001
      vertex 63.80553060386668 12.663498340914327 113.35000000000001
      vertex 63.80553060386668 12.663498340914327 117.4
    endloop
  endfacet
  facet normal 0.5141027441932231 -0.8577286100002711 3.2526968304867254e-19
    outer loop
      vertex 63.80553060386668 12.663498340914327 113.35000000000001
      vertex 63.94862554739581 12.749266149392204 113.35000000000001
      vertex 63.94862554739581 12.749266149392204 117.4
    endloop
  endfacet
  facet normal 0.42755509343028764 -0.9039892931234408 -9.382939283493722e-19
    outer loop
      vertex 63.94862554739581 12.749266149392204 113.35000000000001
      vertex 64.09943816497935 12.820595205269187 113.35000000000001
      vertex 64.09943816497935 12.820595205269187 117.4
    endloop
  endfacet
  facet normal 0.3368898533922337 -0.9415440651830158 -1.7792633900272574e-20
    outer loop
      vertex 64.09943816497935 12.820595205269187 113.35000000000001
      vertex 64.25651604866741 12.876798570744755 113.35000000000001
      vertex 64.25651604866741 12.876798570744755 117.4
    endloop
  endfacet
  facet normal 0.24298017990325876 -0.9700312531945453 -5.875972179815425e-19
    outer loop
      vertex 64.25651604866741 12.876798570744755 113.35000000000001
      vertex 64.41834645257258 12.917334976685492 113.35000000000001
      vertex 64.41834645257258 12.917334976685492 117.4
    endloop
  endfacet
  facet normal 0.14673047445535384 -0.989176509964782 -4.640059158044285e-19
    outer loop
      vertex 64.41834645257258 12.917334976685492 113.35000000000001
      vertex 64.58337086143975 12.941814035342734 113.35000000000001
      vertex 64.58337086143975 12.941814035342734 117.4
    endloop
  endfacet
  facet normal 0.04906767432741786 -0.9987954562051723 5.0249891465408475e-20
    outer loop
      vertex 64.58337086143975 12.941814035342734 113.35000000000001
      vertex 64.75 12.95 113.35000000000001
      vertex 64.75 12.95 117.4
    endloop
  endfacet
  facet normal 0.5956993044924241 -0.8032075314806517 0
    outer loop
      vertex 63.6715314169218 12.564117770716653 113.35000000000001
      vertex 63.80553060386668 12.663498340914327 117.4
      vertex 63.6715314169218 12.564117770716653 117.4
    endloop
  endfacet
  facet normal 0.5141027441932231 -0.8577286100002711 0
    outer loop
      vertex 63.80553060386668 12.663498340914327 113.35000000000001
      vertex 63.94862554739581 12.749266149392204 117.4
      vertex 63.80553060386668 12.663498340914327 117.4
    endloop
  endfacet
  facet normal 0.42755509343028764 -0.9039892931234408 0
    outer loop
      vertex 63.94862554739581 12.749266149392204 113.35000000000001
      vertex 64.09943816497935 12.820595205269187 117.4
      vertex 63.94862554739581 12.749266149392204 117.4
    endloop
  endfacet
  facet normal 0.3368898533922337 -0.9415440651830158 0
    outer loop
      vertex 64.09943816497935 12.820595205269187 113.35000000000001
      vertex 64.25651604866741 12.876798570744755 117.4
      vertex 64.09943816497935 12.820595205269187 117.4
    endloop
  endfacet
  facet normal 0.24298017990325876 -0.9700312531945453 0
    outer loop
      vertex 64.25651604866741 12.876798570744755 113.35000000000001
      vertex 64.41834645257258 12.917334976685492 117.4
      vertex 64.25651604866741 12.876798570744755 117.4
    endloop
  endfacet
  facet normal 0.14673047445535384 -0.989176509964782 0
    outer loop
      vertex 64.41834645257258 12.917334976685492 113.35000000000001
      vertex 64.58337086143975 12.941814035342734 117.4
      vertex 64.41834645257258 12.917334976685492 117.4
    endloop
  endfacet
  facet normal 0.04906767432741786 -0.9987954562051723 0
    outer loop
      vertex 64.58337086143975 12.941814035342734 113.35000000000001
      vertex 64.75 12.95 117.4
      vertex 64.58337086143975 12.941814035342734 117.4
    endloop
  endfacet
  facet normal 0 0 1
    outer loop
      vertex 64.75 9.55 113.35000000000001
      vertex 64.91662913856025 9.558185964657266 113.35000000000001
      vertex 64.91662913856025 12.941814035342734 113.35000000000001
    endloop
  endfacet
  facet normal 0 0 1
    outer loop
      vertex 64.91662913856025 9.558185964657266 113.35000000000001
      vertex 65.08165354742742 9.582665023314508 113.35000000000001
      vertex 65.08165354742742 12.917334976685492 113.35000000000001
    endloop
  endfacet
  facet normal 0 0 1
    outer loop
      vertex 65.08165354742742 9.582665023314508 113.35000000000001
      vertex 65.24348395133259 9.623201429255245 113.35000000000001
      vertex 65.24348395133259 12.876798570744755 113.35000000000001
    endloop
  endfacet
  facet normal 0 0 1
    outer loop
      vertex 65.24348395133259 9.623201429255245 113.35000000000001
      vertex 65.40056183502065 9.679404794730813 113.35000000000001
      vertex 65.40056183502065 12.820595205269187 113.35000000000001
    endloop
  endfacet
  facet normal 0 0 1
    outer loop
      vertex 65.40056183502065 9.679404794730813 113.35000000000001
      vertex 65.5513744526042 9.750733850607796 113.35000000000001
      vertex 65.5513744526042 12.749266149392204 113.35000000000001
    endloop
  endfacet
  facet normal 0 0 1
    outer loop
      vertex 65.5513744526042 9.750733850607796 113.35000000000001
      vertex 65.69446939613333 9.836501659085673 113.35000000000001
      vertex 65.69446939613333 12.663498340914327 113.35000000000001
    endloop
  endfacet
  facet normal 0 0 1
    outer loop
      vertex 65.69446939613333 9.836501659085673 113.35000000000001
      vertex 65.82846858307819 9.935882229283347 113.35000000000001
      vertex 65.82846858307819 12.564117770716653 113.35000000000001
    endloop
  endfacet
  facet normal 0 0 1
    outer loop
      vertex 64.75 9.55 113.35000000000001
      vertex 64.91662913856025 12.941814035342734 113.35000000000001
      vertex 64.75 12.95 113.35000000000001
    endloop
  endfacet
  facet normal 0 0 1
    outer loop
      vertex 64.91662913856025 9.558185964657266 113.35000000000001
      vertex 65.08165354742742 12.917334976685492 113.35000000000001
      vertex 64.91662913856025 12.941814035342734 113.35000000000001
    endloop
  endfacet
  facet normal 0 0 1
    outer loop
      vertex 65.08165354742742 9.582665023314508 113.35000000000001
      vertex 65.24348395133259 12.876798570744755 113.35000000000001
      vertex 65.08165354742742 12.917334976685492 113.35000000000001
    endloop
  endfacet
  facet normal 0 0 1
    outer loop
      vertex 65.24348395133259 9.623201429255245 113.35000000000001
      vertex 65.40056183502065 12.820595205269187 113.35000000000001
      vertex 65.24348395133259 12.876798570744755 113.35000000000001
    endloop
  endfacet
  facet normal 0 0 1
    outer loop
      vertex 65.40056183502065 9.679404794730813 113.35000000000001
      vertex 65.5513744526042 12.749266149392204 113.35000000000001
      vertex 65.40056183502065 12.820595205269187 113.35000000000001
    endloop
  endfacet
  facet normal 0 0 1
    outer loop
      vertex 65.5513744526042 9.750733850607796 113.35000000000001
      vertex 65.69446939613333 12.663498340914327 113.35000000000001
      vertex 65.5513744526042 12.749266149392204 113.35000000000001
    endloop
  endfacet
  facet normal 0 0 1
    outer loop
      vertex 65.69446939613333 9.836501659085673 113.35000000000001
      vertex 65.82846858307819 12.564117770716653 113.35000000000001
      vertex 65.69446939613333 12.663498340914327 113.35000000000001
    endloop
  endfacet
  facet normal 0 0 1
    outer loop
      vertex 65.82846858307819 9.935882229283347 113.35000000000001
      vertex 65.95208152801713 10.04791847198287 113.35000000000001
      vertex 65.95208152801713 12.45208152801713 113.35000000000001
    endloop
  endfacet
  facet normal 0 0 1
    outer loop
      vertex 65.95208152801713 10.04791847198287 113.35000000000001
      vertex 66.06411777071665 10.171531416921802 113.35000000000001
      vertex 66.06411777071665 12.328468583078198 113.35000000000001
    endloop
  endfacet
  facet normal 0 0 1
    outer loop
      vertex 66.06411777071665 10.171531416921802 113.35000000000001
      vertex 66.16349834091433 10.305530603866677 113.35000000000001
      vertex 66.16349834091433 12.194469396133323 113.35000000000001
    endloop
  endfacet
  facet normal 0 0 1
    outer loop
      vertex 66.16349834091433 10.305530603866677 113.35000000000001
      vertex 66.2492661493922 10.448625547395803 113.35000000000001
      vertex 66.2492661493922 12.051374452604197 113.35000000000001
    endloop
  endfacet
  facet normal 0 0 1
    outer loop
      vertex 66.2492661493922 10.448625547395803 113.35000000000001
      vertex 66.32059520526919 10.599438164979347 113.35000000000001
      vertex 66.32059520526919 11.900561835020653 113.35000000000001
    endloop
  endfacet
  facet normal 0 0 1
    outer loop
      vertex 66.32059520526919 10.599438164979347 113.35000000000001
      vertex 66.37679857074475 10.756516048667415 113.35000000000001
      vertex 66.37679857074475 11.743483951332585 113.35000000000001
    endloop
  endfacet
  facet normal 0 0 1
    outer loop
      vertex 66.37679857074475 10.756516048667415 113.35000000000001
      vertex 66.4173349766855 10.918346452572582 113.35000000000001
      vertex 66.4173349766855 11.581653547427418 113.35000000000001
    endloop
  endfacet
  facet normal 0 0 1
    outer loop
      vertex 66.4173349766855 10.918346452572582 113.35000000000001
      vertex 66.44181403534273 11.083370861439747 113.35000000000001
      vertex 66.44181403534273 11.416629138560253 113.35000000000001
    endloop
  endfacet
  facet normal 0 0 1
    outer loop
      vertex 65.82846858307819 9.935882229283347 113.35000000000001
      vertex 65.95208152801713 12.45208152801713 113.35000000000001
      vertex 65.82846858307819 12.564117770716653 113.35000000000001
    endloop
  endfacet
  facet normal 0 0 1
    outer loop
      vertex 65.95208152801713 10.04791847198287 113.35000000000001
      vertex 66.06411777071665 12.328468583078198 113.35000000000001
      vertex 65.95208152801713 12.45208152801713 113.35000000000001
    endloop
  endfacet
  facet normal 0 0 1
    outer loop
      vertex 66.06411777071665 10.171531416921802 113.35000000000001
      vertex 66.16349834091433 12.194469396133323 113.35000000000001
      vertex 66.06411777071665 12.328468583078198 113.35000000000001
    endloop
  endfacet
  facet normal 0 0 1
    outer loop
      vertex 66.16349834091433 10.305530603866677 113.35000000000001
      vertex 66.2492661493922 12.051374452604197 113.35000000000001
      vertex 66.16349834091433 12.194469396133323 113.35000000000001
    endloop
  endfacet
  facet normal 0 0 1
    outer loop
      vertex 66.37679857074475 10.756516048667415 113.35000000000001
      vertex 66.4173349766855 11.581653547427418 113.35000000000001
      vertex 66.37679857074475 11.743483951332585 113.35000000000001
    endloop
  endfacet
  facet normal 0 0 1
    outer loop
      vertex 66.2492661493922 10.448625547395803 113.35000000000001
      vertex 66.32059520526919 11.900561835020653 113.35000000000001
      vertex 66.2492661493922 12.051374452604197 113.35000000000001
    endloop
  endfacet
  facet normal 0 0 1
    outer loop
      vertex 66.32059520526919 10.599438164979347 113.35000000000001
      vertex 66.37679857074475 11.743483951332585 113.35000000000001
      vertex 66.32059520526919 11.900561835020653 113.35000000000001
    endloop
  endfacet
  facet normal 0 0 1
    outer loop
      vertex 66.4173349766855 10.918346452572582 113.35000000000001
      vertex 66.44181403534273 11.416629138560253 113.35000000000001
      vertex 66.4173349766855 11.581653547427418 113.35000000000001
    endloop
  endfacet
  facet normal 0 0 1
    outer loop
      vertex 66.44181403534273 11.083370861439747 113.35000000000001
      vertex 66.45 11.25 113.35000000000001
      vertex 66.44181403534273 11.416629138560253 113.35000000000001
    endloop
  endfacet
  facet normal -0.7409511253549699 0.6715589548470066 0
    outer loop
      vertex 65.95208152801713 10.04791847198287 113.35000000000001
      vertex 65.95208152801713 10.04791847198287 117.4
      vertex 66.06411777071665 10.171531416921802 113.35000000000001
    endloop
  endfacet
  facet normal -0.8032075314806275 0.5956993044924568 0
    outer loop
      vertex 66.06411777071665 10.171531416921802 113.35000000000001
      vertex 66.06411777071665 10.171531416921802 117.4
      vertex 66.16349834091433 10.305530603866677 113.35000000000001
    endloop
  endfacet
  facet normal -0.8577286100002919 0.5141027441931887 0
    outer loop
      vertex 66.16349834091433 10.305530603866677 113.35000000000001
      vertex 66.16349834091433 10.305530603866677 117.4
      vertex 66.2492661493922 10.448625547395803 113.35000000000001
    endloop
  endfacet
  facet normal -0.9039892931234365 0.42755509343029674 0
    outer loop
      vertex 66.2492661493922 10.448625547395803 113.35000000000001
      vertex 66.2492661493922 10.448625547395803 117.4
      vertex 66.32059520526919 10.599438164979347 113.35000000000001
    endloop
  endfacet
  facet normal -0.9415440651830207 0.3368898533922203 0
    outer loop
      vertex 66.32059520526919 10.599438164979347 113.35000000000001
      vertex 66.32059520526919 10.599438164979347 117.4
      vertex 66.37679857074475 10.756516048667415 113.35000000000001
    endloop
  endfacet
  facet normal -0.9700312531945365 0.2429801799032938 0
    outer loop
      vertex 66.37679857074475 10.756516048667415 113.35000000000001
      vertex 66.37679857074475 10.756516048667415 117.4
      vertex 66.4173349766855 10.918346452572582 113.35000000000001
    endloop
  endfacet
  facet normal -0.9891765099647879 0.14673047445531523 0
    outer loop
      vertex 66.4173349766855 10.918346452572582 113.35000000000001
      vertex 66.4173349766855 10.918346452572582 117.4
      vertex 66.44181403534273 11.083370861439747 113.35000000000001
    endloop
  endfacet
  facet normal -0.9987954562051704 0.04906767432746036 0
    outer loop
      vertex 66.44181403534273 11.083370861439747 113.35000000000001
      vertex 66.44181403534273 11.083370861439747 117.4
      vertex 66.45 11.25 113.35000000000001
    endloop
  endfacet
  facet normal -0.6715589548469976 0.740951125354978 0
    outer loop
      vertex 65.95208152801713 10.04791847198287 113.35000000000001
      vertex 65.82846858307819 9.935882229283347 117.4
      vertex 65.95208152801713 10.04791847198287 117.4
    endloop
  endfacet
  facet normal -0.7409511253549699 0.6715589548470066 0
    outer loop
      vertex 66.06411777071665 10.171531416921802 113.35000000000001
      vertex 65.95208152801713 10.04791847198287 117.4
      vertex 66.06411777071665 10.171531416921802 117.4
    endloop
  endfacet
  facet normal -0.8032075314806275 0.5956993044924568 0
    outer loop
      vertex 66.16349834091433 10.305530603866677 113.35000000000001
      vertex 66.06411777071665 10.171531416921802 117.4
      vertex 66.16349834091433 10.305530603866677 117.4
    endloop
  endfacet
  facet normal -0.8577286100002919 0.5141027441931887 0
    outer loop
      vertex 66.2492661493922 10.448625547395803 113.35000000000001
      vertex 66.16349834091433 10.305530603866677 117.4
      vertex 66.2492661493922 10.448625547395803 117.4
    endloop
  endfacet
  facet normal -0.9039892931234365 0.42755509343029674 0
    outer loop
      vertex 66.32059520526919 10.599438164979347 113.35000000000001
      vertex 66.2492661493922 10.448625547395803 117.4
      vertex 66.32059520526919 10.599438164979347 117.4
    endloop
  endfacet
  facet normal -0.9415440651830207 0.3368898533922203 0
    outer loop
      vertex 66.37679857074475 10.756516048667415 113.35000000000001
      vertex 66.32059520526919 10.599438164979347 117.4
      vertex 66.37679857074475 10.756516048667415 117.4
    endloop
  endfacet
  facet normal -0.9700312531945365 0.2429801799032938 0
    outer loop
      vertex 66.4173349766855 10.918346452572582 113.35000000000001
      vertex 66.37679857074475 10.756516048667415 117.4
      vertex 66.4173349766855 10.918346452572582 117.4
    endloop
  endfacet
  facet normal -0.9891765099647879 0.14673047445531523 0
    outer loop
      vertex 66.44181403534273 11.083370861439747 113.35000000000001
      vertex 66.4173349766855 10.918346452572582 117.4
      vertex 66.44181403534273 11.083370861439747 117.4
    endloop
  endfacet
  facet normal -0.9987954562051704 0.04906767432746036 0
    outer loop
      vertex 66.45 11.25 113.35000000000001
      vertex 66.44181403534273 11.083370861439747 117.4
      vertex 66.45 11.25 117.4
    endloop
  endfacet
  facet normal -0.9415440651830207 -0.3368898533922203 0
    outer loop
      vertex 66.37679857074475 11.743483951332585 113.35000000000001
      vertex 66.37679857074475 11.743483951332585 117.4
      vertex 66.32059520526919 11.900561835020653 113.35000000000001
    endloop
  endfacet
  facet normal -0.6715589548469976 -0.740951125354978 4.490761774023697e-19
    outer loop
      vertex 65.82846858307819 12.564117770716653 113.35000000000001
      vertex 65.95208152801713 12.45208152801713 113.35000000000001
      vertex 65.95208152801713 12.45208152801713 117.4
    endloop
  endfacet
  facet normal -0.7409511253549699 -0.6715589548470066 -1.1824582924468522e-18
    outer loop
      vertex 65.95208152801713 12.45208152801713 113.35000000000001
      vertex 66.06411777071665 12.328468583078198 113.35000000000001
      vertex 66.06411777071665 12.328468583078198 117.4
    endloop
  endfacet
  facet normal -0.8577286100002919 -0.5141027441931887 8.874537612859186e-19
    outer loop
      vertex 66.16349834091433 12.194469396133323 113.35000000000001
      vertex 66.2492661493922 12.051374452604197 113.35000000000001
      vertex 66.2492661493922 12.051374452604197 117.4
    endloop
  endfacet
  facet normal -0.9039892931234365 -0.42755509343029674 0
    outer loop
      vertex 66.32059520526919 11.900561835020653 113.35000000000001
      vertex 66.32059520526919 11.900561835020653 117.4
      vertex 66.2492661493922 12.051374452604197 113.35000000000001
    endloop
  endfacet
  facet normal -0.8032075314806275 -0.5956993044924568 0
    outer loop
      vertex 66.16349834091433 12.194469396133323 113.35000000000001
      vertex 66.16349834091433 12.194469396133323 117.4
      vertex 66.06411777071665 12.328468583078198 113.35000000000001
    endloop
  endfacet
  facet normal -0.9987954562051704 -0.04906767432746036 0
    outer loop
      vertex 66.45 11.25 113.35000000000001
      vertex 66.45 11.25 117.4
      vertex 66.44181403534273 11.416629138560253 113.35000000000001
    endloop
  endfacet
  facet normal -0.9891765099647879 -0.14673047445531523 0
    outer loop
      vertex 66.44181403534273 11.416629138560253 113.35000000000001
      vertex 66.44181403534273 11.416629138560253 117.4
      vertex 66.4173349766855 11.581653547427418 113.35000000000001
    endloop
  endfacet
  facet normal -0.9700312531945365 -0.2429801799032938 0
    outer loop
      vertex 66.4173349766855 11.581653547427418 113.35000000000001
      vertex 66.4173349766855 11.581653547427418 117.4
      vertex 66.37679857074475 11.743483951332585 113.35000000000001
    endloop
  endfacet
  facet normal -0.9700312531945365 -0.2429801799032938 0
    outer loop
      vertex 66.37679857074475 11.743483951332585 113.35000000000001
      vertex 66.4173349766855 11.581653547427418 117.4
      vertex 66.37679857074475 11.743483951332585 117.4
    endloop
  endfacet
  facet normal -0.9415440651830207 -0.3368898533922203 0
    outer loop
      vertex 66.32059520526919 11.900561835020653 113.35000000000001
      vertex 66.37679857074475 11.743483951332585 117.4
      vertex 66.32059520526919 11.900561835020653 117.4
    endloop
  endfacet
  facet normal -0.7409511253549699 -0.6715589548470066 0
    outer loop
      vertex 65.95208152801713 12.45208152801713 113.35000000000001
      vertex 66.06411777071665 12.328468583078198 117.4
      vertex 65.95208152801713 12.45208152801713 117.4
    endloop
  endfacet
  facet normal -0.8032075314806275 -0.5956993044924568 0
    outer loop
      vertex 66.06411777071665 12.328468583078198 113.35000000000001
      vertex 66.16349834091433 12.194469396133323 117.4
      vertex 66.06411777071665 12.328468583078198 117.4
    endloop
  endfacet
  facet normal -0.8577286100002919 -0.5141027441931887 0
    outer loop
      vertex 66.16349834091433 12.194469396133323 113.35000000000001
      vertex 66.2492661493922 12.051374452604197 117.4
      vertex 66.16349834091433 12.194469396133323 117.4
    endloop
  endfacet
  facet normal -0.9039892931234365 -0.42755509343029674 0
    outer loop
      vertex 66.2492661493922 12.051374452604197 113.35000000000001
      vertex 66.32059520526919 11.900561835020653 117.4
      vertex 66.2492661493922 12.051374452604197 117.4
    endloop
  endfacet
  facet normal -0.9987954562051704 -0.04906767432746036 0
    outer loop
      vertex 66.44181403534273 11.416629138560253 113.35000000000001
      vertex 66.45 11.25 117.4
      vertex 66.44181403534273 11.416629138560253 117.4
    endloop
  endfacet
  facet normal -0.9891765099647879 -0.14673047445531523 0
    outer loop
      vertex 66.4173349766855 11.581653547427418 113.35000000000001
      vertex 66.44181403534273 11.416629138560253 117.4
      vertex 66.4173349766855 11.581653547427418 117.4
    endloop
  endfacet
  facet normal -0.04906767432741786 -0.9987954562051723 -5.0249891465408475e-20
    outer loop
      vertex 64.75 12.95 113.35000000000001
      vertex 64.91662913856025 12.941814035342734 113.35000000000001
      vertex 64.91662913856025 12.941814035342734 117.4
    endloop
  endfacet
  facet normal -0.14673047445535384 -0.989176509964782 4.640059158044285e-19
    outer loop
      vertex 64.91662913856025 12.941814035342734 113.35000000000001
      vertex 65.08165354742742 12.917334976685492 113.35000000000001
      vertex 65.08165354742742 12.917334976685492 117.4
    endloop
  endfacet
  facet normal -0.24298017990325876 -0.9700312531945453 5.875972179815425e-19
    outer loop
      vertex 65.08165354742742 12.917334976685492 113.35000000000001
      vertex 65.24348395133259 12.876798570744755 113.35000000000001
      vertex 65.24348395133259 12.876798570744755 117.4
    endloop
  endfacet
  facet normal -0.42755509343028764 -0.9039892931234408 9.382939283493722e-19
    outer loop
      vertex 65.40056183502065 12.820595205269187 113.35000000000001
      vertex 65.5513744526042 12.749266149392204 113.35000000000001
      vertex 65.5513744526042 12.749266149392204 117.4
    endloop
  endfacet
  facet normal -0.3368898533922337 -0.9415440651830158 0
    outer loop
      vertex 65.40056183502065 12.820595205269187 113.35000000000001
      vertex 65.40056183502065 12.820595205269187 117.4
      vertex 65.24348395133259 12.876798570744755 113.35000000000001
    endloop
  endfacet
  facet normal -0.5141027441932043 -0.8577286100002824 -1.1081948583817624e-18
    outer loop
      vertex 65.5513744526042 12.749266149392204 113.35000000000001
      vertex 65.69446939613333 12.663498340914327 113.35000000000001
      vertex 65.69446939613333 12.663498340914327 117.4
    endloop
  endfacet
  facet normal -0.5956993044924648 -0.8032075314806215 0
    outer loop
      vertex 65.82846858307819 12.564117770716653 113.35000000000001
      vertex 65.82846858307819 12.564117770716653 117.4
      vertex 65.69446939613333 12.663498340914327 113.35000000000001
    endloop
  endfacet
  facet normal -0.04906767432741786 -0.9987954562051723 0
    outer loop
      vertex 64.75 12.95 113.35000000000001
      vertex 64.91662913856025 12.941814035342734 117.4
      vertex 64.75 12.95 117.4
    endloop
  endfacet
  facet normal -0.14673047445535384 -0.989176509964782 0
    outer loop
      vertex 64.91662913856025 12.941814035342734 113.35000000000001
      vertex 65.08165354742742 12.917334976685492 117.4
      vertex 64.91662913856025 12.941814035342734 117.4
    endloop
  endfacet
  facet normal -0.24298017990325876 -0.9700312531945453 0
    outer loop
      vertex 65.08165354742742 12.917334976685492 113.35000000000001
      vertex 65.24348395133259 12.876798570744755 117.4
      vertex 65.08165354742742 12.917334976685492 117.4
    endloop
  endfacet
  facet normal -0.3368898533922337 -0.9415440651830158 0
    outer loop
      vertex 65.24348395133259 12.876798570744755 113.35000000000001
      vertex 65.40056183502065 12.820595205269187 117.4
      vertex 65.24348395133259 12.876798570744755 117.4
    endloop
  endfacet
  facet normal -0.42755509343028764 -0.9039892931234408 0
    outer loop
      vertex 65.40056183502065 12.820595205269187 113.35000000000001
      vertex 65.5513744526042 12.749266149392204 117.4
      vertex 65.40056183502065 12.820595205269187 117.4
    endloop
  endfacet
  facet normal -0.5141027441932043 -0.8577286100002824 0
    outer loop
      vertex 65.5513744526042 12.749266149392204 113.35000000000001
      vertex 65.69446939613333 12.663498340914327 117.4
      vertex 65.5513744526042 12.749266149392204 117.4
    endloop
  endfacet
  facet normal -0.5956993044924648 -0.8032075314806215 0
    outer loop
      vertex 65.69446939613333 12.663498340914327 113.35000000000001
      vertex 65.82846858307819 12.564117770716653 117.4
      vertex 65.69446939613333 12.663498340914327 117.4
    endloop
  endfacet
  facet normal -0.6715589548469976 -0.740951125354978 0
    outer loop
      vertex 65.82846858307819 12.564117770716653 113.35000000000001
      vertex 65.95208152801713 12.45208152801713 117.4
      vertex 65.82846858307819 12.564117770716653 117.4
    endloop
  endfacet
  facet normal 0 1 0
    outer loop
      vertex 51.6 -5.5 75.9
      vertex 51.3 -5.5 71.9
      vertex 51.3 -5.5 75.9
    endloop
  endfacet
  facet normal 0 1 0
    outer loop
      vertex 51.6 -5.5 75.9
      vertex 60 -5.5 71.9
      vertex 51.3 -5.5 71.9
    endloop
  endfacet
  facet normal 0 1 0
    outer loop
      vertex 51.6 -5.5 75.9
      vertex 51.6 -5.5 81.03888888888889
      vertex 60 -5.5 71.9
    endloop
  endfacet
  facet normal 0 1 0
    outer loop
      vertex 60 -5.5 107.4
      vertex 51.6 -5.5 81.03888888888889
      vertex 51.6 -5.5 87
    endloop
  endfacet
  facet normal 0 1 0
    outer loop
      vertex 60 -5.5 107.4
      vertex 60 -5.5 71.9
      vertex 51.6 -5.5 81.03888888888889
    endloop
  endfacet
  facet normal -1 0 0
    outer loop
      vertex 60 -5.5 107.4
      vertex 60 5.5 71.9
      vertex 60 -5.5 71.9
    endloop
  endfacet
  facet normal 0 1 0
    outer loop
      vertex 60 -5.5 107.4
      vertex 51.6 -5.5 87
      vertex 51.6 -5.5 107.4
    endloop
  endfacet
  facet normal 0 -1 0
    outer loop
      vertex 51.3 5.5 75.9
      vertex 51.3 5.5 71.9
      vertex 60 5.5 71.9
    endloop
  endfacet
  facet normal 0 -1 0
    outer loop
      vertex 51.6 5.5 75.9
      vertex 51.3 5.5 75.9
      vertex 60 5.5 71.9
    endloop
  endfacet
  facet normal 0 -1 0
    outer loop
      vertex 51.6 5.5 75.9
      vertex 60 5.5 71.9
      vertex 51.6 5.5 85.56111111111112
    endloop
  endfacet
  facet normal 0 -1 0
    outer loop
      vertex 51.6 5.5 87
      vertex 51.6 5.5 85.56111111111112
      vertex 60 5.5 71.9
    endloop
  endfacet
  facet normal 0 -1 0
    outer loop
      vertex 60 5.5 107.4
      vertex 51.6 5.5 87
      vertex 60 5.5 71.9
    endloop
  endfacet
  facet normal 0 -1 0
    outer loop
      vertex 60 5.5 107.4
      vertex 51.6 5.5 107.4
      vertex 51.6 5.5 87
    endloop
  endfacet
  facet normal -1 0 0
    outer loop
      vertex 60 -5.5 107.4
      vertex 60 5.5 107.4
      vertex 60 5.5 71.9
    endloop
  endfacet
  facet normal 1 0 0
    outer loop
      vertex 46 -6 117.4
      vertex 46 -6 111.51695906432748
      vertex 46 6 117.4
    endloop
  endfacet
  facet normal 0 1 0
    outer loop
      vertex 51.6 -6 110.6
      vertex 46 -6 111.51695906432748
      vertex 46 -6 117.4
    endloop
  endfacet
  facet normal 1 0 0
    outer loop
      vertex 46 -6 111.51695906432748
      vertex 46 6 111.51695906432748
      vertex 46 6 117.4
    endloop
  endfacet
  facet normal 0 -1 0
    outer loop
      vertex 46 6 117.4
      vertex 46 6 111.51695906432748
      vertex 61 6 117.4
    endloop
  endfacet
  facet normal 0 0 1
    outer loop
      vertex 60 -5.5 107.4
      vertex 51.6 -5.5 107.4
      vertex 51.6 -6 107.4
    endloop
  endfacet
  facet normal 0 1 0
    outer loop
      vertex 61 -6 107.4
      vertex 51.6 -6 107.4
      vertex 51.6 -6 110.6
    endloop
  endfacet
  facet normal 0 1 0
    outer loop
      vertex 61 -6 107.4
      vertex 51.6 -6 110.6
      vertex 46 -6 117.4
    endloop
  endfacet
  facet normal 0 1 0
    outer loop
      vertex 61 -6 107.4
      vertex 46 -6 117.4
      vertex 61 -6 117.4
    endloop
  endfacet
  facet normal 0 0 1
    outer loop
      vertex 60 -5.5 107.4
      vertex 51.6 -6 107.4
      vertex 61 -6 107.4
    endloop
  endfacet
  facet normal 0 0 1
    outer loop
      vertex 60 -5.5 107.4
      vertex 61 -6 107.4
      vertex 60 5.5 107.4
    endloop
  endfacet
  facet normal -1 0 0
    outer loop
      vertex 61 -6 107.4
      vertex 61 -6 117.4
      vertex 61 6 107.4
    endloop
  endfacet
  facet normal 0 0 1
    outer loop
      vertex 60 5.5 107.4
      vertex 51.6 6 107.4
      vertex 51.6 5.5 107.4
    endloop
  endfacet
  facet normal 0 -1 0
    outer loop
      vertex 61 6 107.4
      vertex 51.6 6 110.6
      vertex 51.6 6 107.4
    endloop
  endfacet
  facet normal 0 -1 0
    outer loop
      vertex 51.6 6 110.6
      vertex 61 6 117.4
      vertex 46 6 111.51695906432748
    endloop
  endfacet
  facet normal 0 0 1
    outer loop
      vertex 60 5.5 107.4
      vertex 61 6 107.4
      vertex 51.6 6 107.4
    endloop
  endfacet
  facet normal 0 -1 0
    outer loop
      vertex 61 6 107.4
      vertex 61 6 117.4
      vertex 51.6 6 110.6
    endloop
  endfacet
  facet normal 0 0 1
    outer loop
      vertex 61 -6 107.4
      vertex 61 6 107.4
      vertex 60 5.5 107.4
    endloop
  endfacet
  facet normal -1 0 0
    outer loop
      vertex 61 6 107.4
      vertex 61 -6 117.4
      vertex 61 6 117.4
    endloop
  endfacet
endsolid OpenSCAD_Model
