solid OpenSCAD_Model
  facet normal 0 -1 0
    outer loop
      vertex 108.16176470588235 -16 83.55
      vertex 113 -16 83.55
      vertex 113 -16 91.55
    endloop
  endfacet
  facet normal 0 -1 0
    outer loop
      vertex 108.16176470588235 -16 83.55
      vertex 113 -16 91.55
      vertex 113 -16 100
    endloop
  endfacet
  facet normal -1 0 0
    outer loop
      vertex 107 -16 79.55
      vertex 107 -16 79.6
      vertex 107 16 79.6
    endloop
  endfacet
  facet normal -0.9593655015712705 1.2111742345875392e-17 0.2821663239915504
    outer loop
      vertex 108.16176470588235 -16 83.55
      vertex 113 -16 100
      vertex 113 16 100
    endloop
  endfacet
  facet normal -1 0 0
    outer loop
      vertex 107 -16 79.55
      vertex 107 16 79.6
      vertex 107 16 79.55
    endloop
  endfacet
  facet normal -0.9593655015712705 0 0.2821663239915504
    outer loop
      vertex 108.16176470588235 -16 83.55
      vertex 113 16 100
      vertex 108.16176470588235 16 83.55
    endloop
  endfacet
  facet normal 0 1 0
    outer loop
      vertex 108.16176470588235 16 83.55
      vertex 113 16 91.55
      vertex 113 16 83.55
    endloop
  endfacet
  facet normal 0 1 0
    outer loop
      vertex 108.16176470588235 16 83.55
      vertex 113 16 100
      vertex 113 16 91.55
    endloop
  endfacet
  facet normal -1 0 0
    outer loop
      vertex 113 -20 83.55
      vertex 113 -20 91.55
      vertex 113 -16 91.55
    endloop
  endfacet
  facet normal -1 0 0
    outer loop
      vertex 113 -20 83.55
      vertex 113 -16 91.55
      vertex 113 -16 83.55
    endloop
  endfacet
  facet normal 0 -1 0
    outer loop
      vertex 113 -20 83.55
      vertex 131 -20 83.55
      vertex 113 -20 91.55
    endloop
  endfacet
  facet normal 0 0 1
    outer loop
      vertex 113 -20 91.55
      vertex 131 -20 91.55
      vertex 113 -16 91.55
    endloop
  endfacet
  facet normal 0 0 1
    outer loop
      vertex 113 -16 91.55
      vertex 131 -20 91.55
      vertex 121 -16 91.55
    endloop
  endfacet
  facet normal 0 -1 0
    outer loop
      vertex 113 -20 91.55
      vertex 131 -20 83.55
      vertex 131 -20 91.55
    endloop
  endfacet
  facet normal 0 1 0
    outer loop
      vertex 121 -16 83.55
      vertex 121 -16 91.55
      vertex 131 -16 91.55
    endloop
  endfacet
  facet normal 0 1 0
    outer loop
      vertex 121 -16 83.55
      vertex 131 -16 91.55
      vertex 131 -16 83.55
    endloop
  endfacet
  facet normal 0 0 1
    outer loop
      vertex 121 -16 91.55
      vertex 131 -20 91.55
      vertex 131 -16 91.55
    endloop
  endfacet
  facet normal 1 0 0
    outer loop
      vertex 131 -20 83.55
      vertex 131 -16 83.55
      vertex 131 -20 91.55
    endloop
  endfacet
  facet normal 1 0 0
    outer loop
      vertex 131 -16 83.55
      vertex 131 -16 91.55
      vertex 131 -20 91.55
    endloop
  endfacet
  facet normal -1 0 0
    outer loop
      vertex 113 16 83.55
      vertex 113 16 91.55
      vertex 113 20 91.55
    endloop
  endfacet
  facet normal -1 0 0
    outer loop
      vertex 113 16 83.55
      vertex 113 20 91.55
      vertex 113 20 83.55
    endloop
  endfacet
  facet normal 0 0 1
    outer loop
      vertex 113 16 91.55
      vertex 121 16 91.55
      vertex 113 20 91.55
    endloop
  endfacet
  facet normal 0 1 0
    outer loop
      vertex 113 20 83.55
      vertex 113 20 91.55
      vertex 131 20 91.55
    endloop
  endfacet
  facet normal 0 0 1
    outer loop
      vertex 113 20 91.55
      vertex 121 16 91.55
      vertex 131 16 91.55
    endloop
  endfacet
  facet normal 0 -1 0
    outer loop
      vertex 121 16 83.55
      vertex 131 16 91.55
      vertex 121 16 91.55
    endloop
  endfacet
  facet normal 0 1 0
    outer loop
      vertex 113 20 83.55
      vertex 131 20 91.55
      vertex 131 20 83.55
    endloop
  endfacet
  facet normal 0 -1 0
    outer loop
      vertex 121 16 83.55
      vertex 131 16 83.55
      vertex 131 16 91.55
    endloop
  endfacet
  facet normal 0 0 1
    outer loop
      vertex 113 20 91.55
      vertex 131 16 91.55
      vertex 131 20 91.55
    endloop
  endfacet
  facet normal 1 0 0
    outer loop
      vertex 131 16 83.55
      vertex 131 20 83.55
      vertex 131 16 91.55
    endloop
  endfacet
  facet normal 1 0 0
    outer loop
      vertex 131 20 83.55
      vertex 131 20 91.55
      vertex 131 16 91.55
    endloop
  endfacet
  facet normal 0 0 -1
    outer loop
      vertex 107 -21 79.55
      vertex 108.42940479473081 -20.650561835020653 79.55
      vertex 108.5007338506078 -20.801374452604197 79.55
    endloop
  endfacet
  facet normal 0 0 -1
    outer loop
      vertex 107 -21 79.55
      vertex 108.37320142925525 -20.493483951332585 79.55
      vertex 108.42940479473081 -20.650561835020653 79.55
    endloop
  endfacet
  facet normal 0 0 -1
    outer loop
      vertex 107 -21 79.55
      vertex 108.3326650233145 -20.33165354742742 79.55
      vertex 108.37320142925525 -20.493483951332585 79.55
    endloop
  endfacet
  facet normal 0 0 -1
    outer loop
      vertex 107 -21 79.55
      vertex 108.30818596465727 -20.166629138560253 79.55
      vertex 108.3326650233145 -20.33165354742742 79.55
    endloop
  endfacet
  facet normal 0 0 -1
    outer loop
      vertex 107 -21 79.55
      vertex 108.3 -20 79.55
      vertex 108.30818596465727 -20.166629138560253 79.55
    endloop
  endfacet
  facet normal 0 0 -1
    outer loop
      vertex 107 -21 79.55
      vertex 108.58650165908567 -20.944469396133325 79.55
      vertex 108.62768596177821 -21 79.55
    endloop
  endfacet
  facet normal 0 0 -1
    outer loop
      vertex 107 -21 79.55
      vertex 108.5007338506078 -20.801374452604197 79.55
      vertex 108.58650165908567 -20.944469396133325 79.55
    endloop
  endfacet
  facet normal 0 0 -1
    outer loop
      vertex 107 -21 79.55
      vertex 108.30818596465727 -19.833370861439747 79.55
      vertex 108.3 -20 79.55
    endloop
  endfacet
  facet normal 0 -1 0
    outer loop
      vertex 107 -21 79.55
      vertex 108.62768596177821 -21 79.55
      vertex 108.62768596177821 -21 83.55
    endloop
  endfacet
  facet normal 0 0 -1
    outer loop
      vertex 107 -21 79.55
      vertex 107 -16 79.55
      vertex 108.30818596465727 -19.833370861439747 79.55
    endloop
  endfacet
  facet normal 0 0 -1
    outer loop
      vertex 107 -16 79.55
      vertex 108.3326650233145 -19.66834645257258 79.55
      vertex 108.30818596465727 -19.833370861439747 79.55
    endloop
  endfacet
  facet normal 0 0 -1
    outer loop
      vertex 107 -16 79.55
      vertex 108.37320142925525 -19.506516048667415 79.55
      vertex 108.3326650233145 -19.66834645257258 79.55
    endloop
  endfacet
  facet normal 0 -1 0
    outer loop
      vertex 107 -21 79.55
      vertex 108.62768596177821 -21 83.55
      vertex 107 -21 83.55
    endloop
  endfacet
  facet normal -1 0 0
    outer loop
      vertex 107 -21 79.55
      vertex 107 -16 79.6
      vertex 107 -16 79.55
    endloop
  endfacet
  facet normal 0 0 -1
    outer loop
      vertex 107 -16 79.55
      vertex 108.42940479473081 -19.349438164979347 79.55
      vertex 108.37320142925525 -19.506516048667415 79.55
    endloop
  endfacet
  facet normal 0 0 -1
    outer loop
      vertex 107 -16 79.55
      vertex 108.5007338506078 -19.198625547395803 79.55
      vertex 108.42940479473081 -19.349438164979347 79.55
    endloop
  endfacet
  facet normal 0 0 -1
    outer loop
      vertex 107 -16 79.55
      vertex 108.58650165908567 -19.055530603866675 79.55
      vertex 108.5007338506078 -19.198625547395803 79.55
    endloop
  endfacet
  facet normal 0 0 -1
    outer loop
      vertex 107 -16 79.55
      vertex 108.68588222928335 -18.921531416921802 79.55
      vertex 108.58650165908567 -19.055530603866675 79.55
    endloop
  endfacet
  facet normal 0 0 -1
    outer loop
      vertex 107 -16 79.55
      vertex 108.79791847198287 -18.797918471982868 79.55
      vertex 108.68588222928335 -18.921531416921802 79.55
    endloop
  endfacet
  facet normal 0 0 -1
    outer loop
      vertex 107 -16 79.55
      vertex 108.92153141692181 -18.685882229283347 79.55
      vertex 108.79791847198287 -18.797918471982868 79.55
    endloop
  endfacet
  facet normal 0 0 -1
    outer loop
      vertex 107 -16 79.55
      vertex 109.05553060386667 -18.586501659085673 79.55
      vertex 108.92153141692181 -18.685882229283347 79.55
    endloop
  endfacet
  facet normal 0 0 -1
    outer loop
      vertex 107 -16 79.55
      vertex 109.1986255473958 -18.500733850607798 79.55
      vertex 109.05553060386667 -18.586501659085673 79.55
    endloop
  endfacet
  facet normal 0 0 -1
    outer loop
      vertex 107 -16 79.55
      vertex 109.34943816497935 -18.429404794730814 79.55
      vertex 109.1986255473958 -18.500733850607798 79.55
    endloop
  endfacet
  facet normal 0 0 -1
    outer loop
      vertex 107 -16 79.55
      vertex 109.50651604866741 -18.373201429255246 79.55
      vertex 109.34943816497935 -18.429404794730814 79.55
    endloop
  endfacet
  facet normal 0 0 -1
    outer loop
      vertex 107 -16 79.55
      vertex 109.66834645257258 -18.332665023314508 79.55
      vertex 109.50651604866741 -18.373201429255246 79.55
    endloop
  endfacet
  facet normal 0 0 1
    outer loop
      vertex 107 -21 83.55
      vertex 108.5007338506078 -20.801374452604197 83.55
      vertex 108.42940479473081 -20.650561835020653 83.55
    endloop
  endfacet
  facet normal 0 0 1
    outer loop
      vertex 107 -21 83.55
      vertex 108.42940479473081 -20.650561835020653 83.55
      vertex 108.37320142925525 -20.493483951332585 83.55
    endloop
  endfacet
  facet normal 0 0 1
    outer loop
      vertex 107 -21 83.55
      vertex 108.37320142925525 -20.493483951332585 83.55
      vertex 108.3326650233145 -20.33165354742742 83.55
    endloop
  endfacet
  facet normal 0 0 1
    outer loop
      vertex 107 -21 83.55
      vertex 108.3326650233145 -20.33165354742742 83.55
      vertex 108.30818596465727 -20.166629138560253 83.55
    endloop
  endfacet
  facet normal 0 0 1
    outer loop
      vertex 107 -21 83.55
      vertex 108.30818596465727 -20.166629138560253 83.55
      vertex 108.3 -20 83.55
    endloop
  endfacet
  facet normal 0 0 1
    outer loop
      vertex 107 -21 83.55
      vertex 108.62768596177821 -21 83.55
      vertex 108.58650165908567 -20.944469396133325 83.55
    endloop
  endfacet
  facet normal 0 0 1
    outer loop
      vertex 107 -21 83.55
      vertex 108.58650165908567 -20.944469396133325 83.55
      vertex 108.5007338506078 -20.801374452604197 83.55
    endloop
  endfacet
  facet normal 0 0 1
    outer loop
      vertex 107 -21 83.55
      vertex 108.3 -20 83.55
      vertex 108.30818596465727 -19.833370861439747 83.55
    endloop
  endfacet
  facet normal 0 0 1
    outer loop
      vertex 107 -21 83.55
      vertex 108.30818596465727 -19.833370861439747 83.55
      vertex 108.16176470588235 -16 83.55
    endloop
  endfacet
  facet normal 0 0 1
    outer loop
      vertex 108.16176470588235 -16 83.55
      vertex 108.30818596465727 -19.833370861439747 83.55
      vertex 108.3326650233145 -19.66834645257258 83.55
    endloop
  endfacet
  facet normal 0 0 1
    outer loop
      vertex 108.16176470588235 -16 83.55
      vertex 108.3326650233145 -19.66834645257258 83.55
      vertex 108.37320142925525 -19.506516048667415 83.55
    endloop
  endfacet
  facet normal 0 0 1
    outer loop
      vertex 108.16176470588235 -16 83.55
      vertex 108.37320142925525 -19.506516048667415 83.55
      vertex 108.42940479473081 -19.349438164979347 83.55
    endloop
  endfacet
  facet normal 0 0 1
    outer loop
      vertex 108.16176470588235 -16 83.55
      vertex 108.42940479473081 -19.349438164979347 83.55
      vertex 108.5007338506078 -19.198625547395803 83.55
    endloop
  endfacet
  facet normal 0 0 1
    outer loop
      vertex 108.16176470588235 -16 83.55
      vertex 108.5007338506078 -19.198625547395803 83.55
      vertex 108.58650165908567 -19.055530603866675 83.55
    endloop
  endfacet
  facet normal 0 0 1
    outer loop
      vertex 108.16176470588235 -16 83.55
      vertex 108.58650165908567 -19.055530603866675 83.55
      vertex 108.68588222928335 -18.921531416921802 83.55
    endloop
  endfacet
  facet normal 0 0 1
    outer loop
      vertex 108.16176470588235 -16 83.55
      vertex 108.68588222928335 -18.921531416921802 83.55
      vertex 108.79791847198287 -18.797918471982868 83.55
    endloop
  endfacet
  facet normal 0 0 1
    outer loop
      vertex 108.16176470588235 -16 83.55
      vertex 108.79791847198287 -18.797918471982868 83.55
      vertex 108.92153141692181 -18.685882229283347 83.55
    endloop
  endfacet
  facet normal 0 0 1
    outer loop
      vertex 108.16176470588235 -16 83.55
      vertex 108.92153141692181 -18.685882229283347 83.55
      vertex 109.05553060386667 -18.586501659085673 83.55
    endloop
  endfacet
  facet normal 0 0 1
    outer loop
      vertex 108.16176470588235 -16 83.55
      vertex 109.05553060386667 -18.586501659085673 83.55
      vertex 109.1986255473958 -18.500733850607798 83.55
    endloop
  endfacet
  facet normal 0 0 1
    outer loop
      vertex 108.16176470588235 -16 83.55
      vertex 109.1986255473958 -18.500733850607798 83.55
      vertex 109.34943816497935 -18.429404794730814 83.55
    endloop
  endfacet
  facet normal 0 0 1
    outer loop
      vertex 108.16176470588235 -16 83.55
      vertex 109.34943816497935 -18.429404794730814 83.55
      vertex 109.50651604866741 -18.373201429255246 83.55
    endloop
  endfacet
  facet normal 0 0 1
    outer loop
      vertex 108.16176470588235 -16 83.55
      vertex 109.50651604866741 -18.373201429255246 83.55
      vertex 109.66834645257258 -18.332665023314508 83.55
    endloop
  endfacet
  facet normal 0 0 1
    outer loop
      vertex 108.16176470588235 -16 83.55
      vertex 109.66834645257258 -18.332665023314508 83.55
      vertex 109.83337086143975 -18.308185964657266 83.55
    endloop
  endfacet
  facet normal 0 0 1
    outer loop
      vertex 108.16176470588235 -16 83.55
      vertex 109.83337086143975 -18.308185964657266 83.55
      vertex 110 -18.3 83.55
    endloop
  endfacet
  facet normal 0 0 1
    outer loop
      vertex 108.16176470588235 -16 83.55
      vertex 110 -18.3 83.55
      vertex 110.16662913856025 -18.308185964657266 83.55
    endloop
  endfacet
  facet normal 0 0 1
    outer loop
      vertex 108.16176470588235 -16 83.55
      vertex 110.16662913856025 -18.308185964657266 83.55
      vertex 110.33165354742742 -18.332665023314508 83.55
    endloop
  endfacet
  facet normal 0 0 1
    outer loop
      vertex 113 -20 83.55
      vertex 111.6673349766855 -20.33165354742742 83.55
      vertex 111.62679857074475 -20.493483951332585 83.55
    endloop
  endfacet
  facet normal 0 0 1
    outer loop
      vertex 113 -20 83.55
      vertex 111.69181403534273 -20.166629138560253 83.55
      vertex 111.6673349766855 -20.33165354742742 83.55
    endloop
  endfacet
  facet normal 0 0 1
    outer loop
      vertex 113 -20 83.55
      vertex 111.7 -20 83.55
      vertex 111.69181403534273 -20.166629138560253 83.55
    endloop
  endfacet
  facet normal 0 0 1
    outer loop
      vertex 113 -20 83.55
      vertex 111.69181403534273 -19.833370861439747 83.55
      vertex 111.7 -20 83.55
    endloop
  endfacet
  facet normal 0 0 1
    outer loop
      vertex 113 -20 83.55
      vertex 111.6673349766855 -19.66834645257258 83.55
      vertex 111.69181403534273 -19.833370861439747 83.55
    endloop
  endfacet
  facet normal 0 0 1
    outer loop
      vertex 113 -16 83.55
      vertex 111.62679857074475 -19.506516048667415 83.55
      vertex 111.6673349766855 -19.66834645257258 83.55
    endloop
  endfacet
  facet normal 0 0 1
    outer loop
      vertex 108.16176470588235 -16 83.55
      vertex 110.33165354742742 -18.332665023314508 83.55
      vertex 113 -16 83.55
    endloop
  endfacet
  facet normal 0 0 1
    outer loop
      vertex 113 -16 83.55
      vertex 110.94446939613333 -18.586501659085673 83.55
      vertex 111.07846858307819 -18.685882229283347 83.55
    endloop
  endfacet
  facet normal 0 0 1
    outer loop
      vertex 113 -16 83.55
      vertex 110.33165354742742 -18.332665023314508 83.55
      vertex 110.49348395133259 -18.373201429255246 83.55
    endloop
  endfacet
  facet normal 0 0 1
    outer loop
      vertex 113 -16 83.55
      vertex 110.49348395133259 -18.373201429255246 83.55
      vertex 110.65056183502065 -18.429404794730814 83.55
    endloop
  endfacet
  facet normal 0 0 1
    outer loop
      vertex 113 -16 83.55
      vertex 110.65056183502065 -18.429404794730814 83.55
      vertex 110.8013744526042 -18.500733850607798 83.55
    endloop
  endfacet
  facet normal 0 0 1
    outer loop
      vertex 113 -16 83.55
      vertex 110.8013744526042 -18.500733850607798 83.55
      vertex 110.94446939613333 -18.586501659085673 83.55
    endloop
  endfacet
  facet normal 0 0 1
    outer loop
      vertex 113 -16 83.55
      vertex 111.4992661493922 -19.198625547395803 83.55
      vertex 111.57059520526919 -19.349438164979347 83.55
    endloop
  endfacet
  facet normal 0 0 1
    outer loop
      vertex 113 -16 83.55
      vertex 111.41349834091433 -19.055530603866675 83.55
      vertex 111.4992661493922 -19.198625547395803 83.55
    endloop
  endfacet
  facet normal 0 0 1
    outer loop
      vertex 113 -16 83.55
      vertex 111.20208152801713 -18.797918471982868 83.55
      vertex 111.31411777071665 -18.921531416921802 83.55
    endloop
  endfacet
  facet normal 0 0 1
    outer loop
      vertex 113 -16 83.55
      vertex 111.07846858307819 -18.685882229283347 83.55
      vertex 111.20208152801713 -18.797918471982868 83.55
    endloop
  endfacet
  facet normal 0 0 1
    outer loop
      vertex 113 -16 83.55
      vertex 111.31411777071665 -18.921531416921802 83.55
      vertex 111.41349834091433 -19.055530603866675 83.55
    endloop
  endfacet
  facet normal 0 0 1
    outer loop
      vertex 113 -16 83.55
      vertex 111.57059520526919 -19.349438164979347 83.55
      vertex 111.62679857074475 -19.506516048667415 83.55
    endloop
  endfacet
  facet normal 0 0 1
    outer loop
      vertex 113 -20 83.55
      vertex 113 -16 83.55
      vertex 111.6673349766855 -19.66834645257258 83.55
    endloop
  endfacet
  facet normal 0 0 -1
    outer loop
      vertex 107 -16 79.55
      vertex 128 -7 79.55
      vertex 109.66834645257258 -18.332665023314508 79.55
    endloop
  endfacet
  facet normal 0 0 -1
    outer loop
      vertex 109.83337086143975 -18.308185964657266 79.55
      vertex 109.66834645257258 -18.332665023314508 79.55
      vertex 128 -7 79.55
    endloop
  endfacet
  facet normal 0 0 -1
    outer loop
      vertex 110 -18.3 79.55
      vertex 109.83337086143975 -18.308185964657266 79.55
      vertex 128 -7 79.55
    endloop
  endfacet
  facet normal 0 0 -1
    outer loop
      vertex 110.16662913856025 -18.308185964657266 79.55
      vertex 110 -18.3 79.55
      vertex 128 -7 79.55
    endloop
  endfacet
  facet normal 0 0 -1
    outer loop
      vertex 110.33165354742742 -18.332665023314508 79.55
      vertex 110.16662913856025 -18.308185964657266 79.55
      vertex 128 -7 79.55
    endloop
  endfacet
  facet normal 0 0 -1
    outer loop
      vertex 110.49348395133259 -18.373201429255246 79.55
      vertex 110.33165354742742 -18.332665023314508 79.55
      vertex 128 -7 79.55
    endloop
  endfacet
  facet normal 0 0 -1
    outer loop
      vertex 110.65056183502065 -18.429404794730814 79.55
      vertex 110.49348395133259 -18.373201429255246 79.55
      vertex 128 -7 79.55
    endloop
  endfacet
  facet normal 0 0 -1
    outer loop
      vertex 110.65056183502065 -18.429404794730814 79.55
      vertex 128 -7 79.55
      vertex 110.8013744526042 -18.500733850607798 79.55
    endloop
  endfacet
  facet normal 0 0 -1
    outer loop
      vertex 110.94446939613333 -18.586501659085673 79.55
      vertex 110.8013744526042 -18.500733850607798 79.55
      vertex 128 -7 79.55
    endloop
  endfacet
  facet normal 0 0 -1
    outer loop
      vertex 111.07846858307819 -18.685882229283347 79.55
      vertex 110.94446939613333 -18.586501659085673 79.55
      vertex 128 -7 79.55
    endloop
  endfacet
  facet normal 0 0 -1
    outer loop
      vertex 111.31411777071665 -18.921531416921802 79.55
      vertex 128 -7 79.55
      vertex 111.41349834091433 -19.055530603866675 79.55
    endloop
  endfacet
  facet normal 0 0 -1
    outer loop
      vertex 111.07846858307819 -18.685882229283347 79.55
      vertex 128 -7 79.55
      vertex 111.20208152801713 -18.797918471982868 79.55
    endloop
  endfacet
  facet normal 0 0 -1
    outer loop
      vertex 111.20208152801713 -18.797918471982868 79.55
      vertex 128 -7 79.55
      vertex 111.31411777071665 -18.921531416921802 79.55
    endloop
  endfacet
  facet normal -1 0 0
    outer loop
      vertex 107 -21 79.55
      vertex 107 21 83.55
      vertex 107 -16 79.6
    endloop
  endfacet
  facet normal -1 0 0
    outer loop
      vertex 107 -21 79.55
      vertex 107 -21 83.55
      vertex 107 21 83.55
    endloop
  endfacet
  facet normal 0 0 1
    outer loop
      vertex 107 -21 83.55
      vertex 108.16176470588235 -16 83.55
      vertex 107 21 83.55
    endloop
  endfacet
  facet normal 0 0 -1
    outer loop
      vertex 107 -16 79.55
      vertex 107 16 79.55
      vertex 128 -7 79.55
    endloop
  endfacet
  facet normal 0 0 -1
    outer loop
      vertex 111.57059520526919 -20.650561835020653 79.55
      vertex 144.5007338506078 -19.801374452604197 79.55
      vertex 111.4992661493922 -20.801374452604197 79.55
    endloop
  endfacet
  facet normal 0 0 -1
    outer loop
      vertex 111.62679857074475 -20.493483951332585 79.55
      vertex 144.4294047947308 -19.650561835020653 79.55
      vertex 111.57059520526919 -20.650561835020653 79.55
    endloop
  endfacet
  facet normal 0 0 -1
    outer loop
      vertex 111.6673349766855 -20.33165354742742 79.55
      vertex 144.37320142925523 -19.493483951332585 79.55
      vertex 111.62679857074475 -20.493483951332585 79.55
    endloop
  endfacet
  facet normal 0 0 -1
    outer loop
      vertex 111.69181403534273 -20.166629138560253 79.55
      vertex 144.33266502331452 -19.33165354742742 79.55
      vertex 111.6673349766855 -20.33165354742742 79.55
    endloop
  endfacet
  facet normal 0 0 -1
    outer loop
      vertex 111.7 -20 79.55
      vertex 144.30818596465727 -19.166629138560253 79.55
      vertex 111.69181403534273 -20.166629138560253 79.55
    endloop
  endfacet
  facet normal 0 0 -1
    outer loop
      vertex 111.41349834091433 -19.055530603866675 79.55
      vertex 144.30818596465727 -19.166629138560253 79.55
      vertex 111.4992661493922 -19.198625547395803 79.55
    endloop
  endfacet
  facet normal 0 0 -1
    outer loop
      vertex 111.69181403534273 -19.833370861439747 79.55
      vertex 144.30818596465727 -19.166629138560253 79.55
      vertex 111.7 -20 79.55
    endloop
  endfacet
  facet normal 0 0 -1
    outer loop
      vertex 111.6673349766855 -19.66834645257258 79.55
      vertex 144.30818596465727 -19.166629138560253 79.55
      vertex 111.69181403534273 -19.833370861439747 79.55
    endloop
  endfacet
  facet normal 0 0 -1
    outer loop
      vertex 111.62679857074475 -19.506516048667415 79.55
      vertex 144.30818596465727 -19.166629138560253 79.55
      vertex 111.6673349766855 -19.66834645257258 79.55
    endloop
  endfacet
  facet normal 0 0 -1
    outer loop
      vertex 111.57059520526919 -19.349438164979347 79.55
      vertex 144.30818596465727 -19.166629138560253 79.55
      vertex 111.62679857074475 -19.506516048667415 79.55
    endloop
  endfacet
  facet normal 0 0 -1
    outer loop
      vertex 111.4992661493922 -19.198625547395803 79.55
      vertex 144.30818596465727 -19.166629138560253 79.55
      vertex 111.57059520526919 -19.349438164979347 79.55
    endloop
  endfacet
  facet normal 0 0 1
    outer loop
      vertex 131 -20 83.55
      vertex 111.41349834091433 -20.944469396133325 83.55
      vertex 111.37231403822179 -21 83.55
    endloop
  endfacet
  facet normal 0 0 1
    outer loop
      vertex 131 -20 83.55
      vertex 111.4992661493922 -20.801374452604197 83.55
      vertex 111.41349834091433 -20.944469396133325 83.55
    endloop
  endfacet
  facet normal 0 0 1
    outer loop
      vertex 131 -20 83.55
      vertex 111.57059520526919 -20.650561835020653 83.55
      vertex 111.4992661493922 -20.801374452604197 83.55
    endloop
  endfacet
  facet normal 0 0 1
    outer loop
      vertex 131 -20 83.55
      vertex 111.62679857074475 -20.493483951332585 83.55
      vertex 111.57059520526919 -20.650561835020653 83.55
    endloop
  endfacet
  facet normal 0 0 1
    outer loop
      vertex 113 -20 83.55
      vertex 111.62679857074475 -20.493483951332585 83.55
      vertex 131 -20 83.55
    endloop
  endfacet
  facet normal 0 0 -1
    outer loop
      vertex 150 -21 79.55
      vertex 111.37231403822179 -21 79.55
      vertex 111.41349834091433 -20.944469396133325 79.55
    endloop
  endfacet
  facet normal 0 0 -1
    outer loop
      vertex 150 -21 79.55
      vertex 111.41349834091433 -20.944469396133325 79.55
      vertex 111.4992661493922 -20.801374452604197 79.55
    endloop
  endfacet
  facet normal 0 -1 0
    outer loop
      vertex 150 -21 83.55
      vertex 111.37231403822179 -21 83.55
      vertex 111.37231403822179 -21 79.55
    endloop
  endfacet
  facet normal 0 0 -1
    outer loop
      vertex 111.41349834091433 -19.055530603866675 79.55
      vertex 128 -7 79.55
      vertex 144.3 -19 79.55
    endloop
  endfacet
  facet normal 0 0 1
    outer loop
      vertex 121 -16 83.55
      vertex 131 -16 83.55
      vertex 128 -7 83.55
    endloop
  endfacet
  facet normal 0 0 1
    outer loop
      vertex 121 -16 83.55
      vertex 128 -7 83.55
      vertex 121 16 83.55
    endloop
  endfacet
  facet normal -1 0 0
    outer loop
      vertex 107 -16 79.6
      vertex 107 21 83.55
      vertex 107 16 79.6
    endloop
  endfacet
  facet normal 0 0 1
    outer loop
      vertex 108.16176470588235 -16 83.55
      vertex 108.16176470588235 16 83.55
      vertex 107 21 83.55
    endloop
  endfacet
  facet normal -1 0 0
    outer loop
      vertex 107 16 79.55
      vertex 107 16 79.6
      vertex 107 21 79.55
    endloop
  endfacet
  facet normal 0 0 -1
    outer loop
      vertex 107 16 79.55
      vertex 108.42940479473081 19.349438164979347 79.55
      vertex 108.5007338506078 19.198625547395803 79.55
    endloop
  endfacet
  facet normal 0 0 -1
    outer loop
      vertex 107 16 79.55
      vertex 108.37320142925525 19.506516048667415 79.55
      vertex 108.42940479473081 19.349438164979347 79.55
    endloop
  endfacet
  facet normal 0 0 -1
    outer loop
      vertex 107 16 79.55
      vertex 108.58650165908567 19.055530603866675 79.55
      vertex 108.68588222928335 18.921531416921802 79.55
    endloop
  endfacet
  facet normal 0 0 -1
    outer loop
      vertex 107 16 79.55
      vertex 108.68588222928335 18.921531416921802 79.55
      vertex 108.79791847198287 18.797918471982868 79.55
    endloop
  endfacet
  facet normal 0 0 -1
    outer loop
      vertex 107 16 79.55
      vertex 108.79791847198287 18.797918471982868 79.55
      vertex 108.92153141692181 18.685882229283347 79.55
    endloop
  endfacet
  facet normal 0 0 -1
    outer loop
      vertex 107 16 79.55
      vertex 108.92153141692181 18.685882229283347 79.55
      vertex 109.05553060386667 18.586501659085673 79.55
    endloop
  endfacet
  facet normal 0 0 -1
    outer loop
      vertex 107 16 79.55
      vertex 108.5007338506078 19.198625547395803 79.55
      vertex 108.58650165908567 19.055530603866675 79.55
    endloop
  endfacet
  facet normal 0 0 -1
    outer loop
      vertex 107 16 79.55
      vertex 109.05553060386667 18.586501659085673 79.55
      vertex 109.1986255473958 18.500733850607798 79.55
    endloop
  endfacet
  facet normal 0 0 -1
    outer loop
      vertex 107 16 79.55
      vertex 109.1986255473958 18.500733850607798 79.55
      vertex 109.34943816497935 18.429404794730814 79.55
    endloop
  endfacet
  facet normal 0 0 -1
    outer loop
      vertex 107 16 79.55
      vertex 109.34943816497935 18.429404794730814 79.55
      vertex 109.50651604866741 18.373201429255246 79.55
    endloop
  endfacet
  facet normal 0 0 -1
    outer loop
      vertex 107 16 79.55
      vertex 109.66834645257258 18.332665023314508 79.55
      vertex 109.83337086143975 18.308185964657266 79.55
    endloop
  endfacet
  facet normal 0 0 -1
    outer loop
      vertex 107 16 79.55
      vertex 109.50651604866741 18.373201429255246 79.55
      vertex 109.66834645257258 18.332665023314508 79.55
    endloop
  endfacet
  facet normal 0 0 -1
    outer loop
      vertex 107 16 79.55
      vertex 109.83337086143975 18.308185964657266 79.55
      vertex 110 18.3 79.55
    endloop
  endfacet
  facet normal 0 0 -1
    outer loop
      vertex 107 16 79.55
      vertex 110 18.3 79.55
      vertex 110.16662913856025 18.308185964657266 79.55
    endloop
  endfacet
  facet normal 0 0 -1
    outer loop
      vertex 107 16 79.55
      vertex 107 21 79.55
      vertex 108.3 20 79.55
    endloop
  endfacet
  facet normal 0 0 -1
    outer loop
      vertex 107 16 79.55
      vertex 108.3326650233145 19.66834645257258 79.55
      vertex 108.37320142925525 19.506516048667415 79.55
    endloop
  endfacet
  facet normal 0 0 -1
    outer loop
      vertex 107 16 79.55
      vertex 108.30818596465727 19.833370861439747 79.55
      vertex 108.3326650233145 19.66834645257258 79.55
    endloop
  endfacet
  facet normal 0 0 -1
    outer loop
      vertex 107 16 79.55
      vertex 108.3 20 79.55
      vertex 108.30818596465727 19.833370861439747 79.55
    endloop
  endfacet
  facet normal -1 0 0
    outer loop
      vertex 107 16 79.6
      vertex 107 21 83.55
      vertex 107 21 79.55
    endloop
  endfacet
  facet normal 0 0 -1
    outer loop
      vertex 107 21 79.55
      vertex 108.30818596465727 20.166629138560253 79.55
      vertex 108.3 20 79.55
    endloop
  endfacet
  facet normal 0 0 -1
    outer loop
      vertex 107 21 79.55
      vertex 108.3326650233145 20.33165354742742 79.55
      vertex 108.30818596465727 20.166629138560253 79.55
    endloop
  endfacet
  facet normal 0 0 -1
    outer loop
      vertex 107 21 79.55
      vertex 108.37320142925525 20.493483951332585 79.55
      vertex 108.3326650233145 20.33165354742742 79.55
    endloop
  endfacet
  facet normal 0 0 -1
    outer loop
      vertex 107 21 79.55
      vertex 108.42940479473081 20.650561835020653 79.55
      vertex 108.37320142925525 20.493483951332585 79.55
    endloop
  endfacet
  facet normal 0 0 -1
    outer loop
      vertex 107 21 79.55
      vertex 108.5007338506078 20.801374452604197 79.55
      vertex 108.42940479473081 20.650561835020653 79.55
    endloop
  endfacet
  facet normal 0 0 -1
    outer loop
      vertex 107 21 79.55
      vertex 108.58650165908567 20.944469396133325 79.55
      vertex 108.5007338506078 20.801374452604197 79.55
    endloop
  endfacet
  facet normal 0 0 -1
    outer loop
      vertex 107 21 79.55
      vertex 108.62768596177821 21 79.55
      vertex 108.58650165908567 20.944469396133325 79.55
    endloop
  endfacet
  facet normal 0 1 0
    outer loop
      vertex 107 21 79.55
      vertex 107 21 83.55
      vertex 108.62768596177821 21 79.55
    endloop
  endfacet
  facet normal 0 1 0
    outer loop
      vertex 107 21 83.55
      vertex 108.62768596177821 21 83.55
      vertex 108.62768596177821 21 79.55
    endloop
  endfacet
  facet normal 0 0 1
    outer loop
      vertex 108.16176470588235 16 83.55
      vertex 108.42940479473081 19.349438164979347 83.55
      vertex 108.37320142925525 19.506516048667415 83.55
    endloop
  endfacet
  facet normal 0 0 1
    outer loop
      vertex 108.16176470588235 16 83.55
      vertex 109.1986255473958 18.500733850607798 83.55
      vertex 109.05553060386667 18.586501659085673 83.55
    endloop
  endfacet
  facet normal 0 0 1
    outer loop
      vertex 108.16176470588235 16 83.55
      vertex 109.34943816497935 18.429404794730814 83.55
      vertex 109.1986255473958 18.500733850607798 83.55
    endloop
  endfacet
  facet normal 0 0 1
    outer loop
      vertex 108.16176470588235 16 83.55
      vertex 109.50651604866741 18.373201429255246 83.55
      vertex 109.34943816497935 18.429404794730814 83.55
    endloop
  endfacet
  facet normal 0 0 1
    outer loop
      vertex 108.16176470588235 16 83.55
      vertex 108.68588222928335 18.921531416921802 83.55
      vertex 108.58650165908567 19.055530603866675 83.55
    endloop
  endfacet
  facet normal 0 0 1
    outer loop
      vertex 108.16176470588235 16 83.55
      vertex 108.92153141692181 18.685882229283347 83.55
      vertex 108.79791847198287 18.797918471982868 83.55
    endloop
  endfacet
  facet normal 0 0 1
    outer loop
      vertex 108.16176470588235 16 83.55
      vertex 108.79791847198287 18.797918471982868 83.55
      vertex 108.68588222928335 18.921531416921802 83.55
    endloop
  endfacet
  facet normal 0 0 1
    outer loop
      vertex 108.16176470588235 16 83.55
      vertex 108.58650165908567 19.055530603866675 83.55
      vertex 108.5007338506078 19.198625547395803 83.55
    endloop
  endfacet
  facet normal 0 0 1
    outer loop
      vertex 108.16176470588235 16 83.55
      vertex 108.5007338506078 19.198625547395803 83.55
      vertex 108.42940479473081 19.349438164979347 83.55
    endloop
  endfacet
  facet normal 0 0 1
    outer loop
      vertex 108.16176470588235 16 83.55
      vertex 109.05553060386667 18.586501659085673 83.55
      vertex 108.92153141692181 18.685882229283347 83.55
    endloop
  endfacet
  facet normal 0 0 1
    outer loop
      vertex 108.16176470588235 16 83.55
      vertex 109.66834645257258 18.332665023314508 83.55
      vertex 109.50651604866741 18.373201429255246 83.55
    endloop
  endfacet
  facet normal 0 0 1
    outer loop
      vertex 108.16176470588235 16 83.55
      vertex 109.83337086143975 18.308185964657266 83.55
      vertex 109.66834645257258 18.332665023314508 83.55
    endloop
  endfacet
  facet normal 0 0 1
    outer loop
      vertex 108.16176470588235 16 83.55
      vertex 110 18.3 83.55
      vertex 109.83337086143975 18.308185964657266 83.55
    endloop
  endfacet
  facet normal 0 0 1
    outer loop
      vertex 108.16176470588235 16 83.55
      vertex 110.16662913856025 18.308185964657266 83.55
      vertex 110 18.3 83.55
    endloop
  endfacet
  facet normal 0 0 1
    outer loop
      vertex 108.16176470588235 16 83.55
      vertex 108.30818596465727 19.833370861439747 83.55
      vertex 107 21 83.55
    endloop
  endfacet
  facet normal 0 0 1
    outer loop
      vertex 108.16176470588235 16 83.55
      vertex 108.37320142925525 19.506516048667415 83.55
      vertex 108.3326650233145 19.66834645257258 83.55
    endloop
  endfacet
  facet normal 0 0 1
    outer loop
      vertex 108.16176470588235 16 83.55
      vertex 108.3326650233145 19.66834645257258 83.55
      vertex 108.30818596465727 19.833370861439747 83.55
    endloop
  endfacet
  facet normal 0 0 1
    outer loop
      vertex 107 21 83.55
      vertex 108.30818596465727 19.833370861439747 83.55
      vertex 108.3 20 83.55
    endloop
  endfacet
  facet normal 0 0 1
    outer loop
      vertex 107 21 83.55
      vertex 108.3 20 83.55
      vertex 108.30818596465727 20.166629138560253 83.55
    endloop
  endfacet
  facet normal 0 0 1
    outer loop
      vertex 107 21 83.55
      vertex 108.30818596465727 20.166629138560253 83.55
      vertex 108.3326650233145 20.33165354742742 83.55
    endloop
  endfacet
  facet normal 0 0 1
    outer loop
      vertex 107 21 83.55
      vertex 108.3326650233145 20.33165354742742 83.55
      vertex 108.37320142925525 20.493483951332585 83.55
    endloop
  endfacet
  facet normal 0 0 1
    outer loop
      vertex 107 21 83.55
      vertex 108.37320142925525 20.493483951332585 83.55
      vertex 108.42940479473081 20.650561835020653 83.55
    endloop
  endfacet
  facet normal 0 0 1
    outer loop
      vertex 107 21 83.55
      vertex 108.42940479473081 20.650561835020653 83.55
      vertex 108.5007338506078 20.801374452604197 83.55
    endloop
  endfacet
  facet normal 0 0 1
    outer loop
      vertex 107 21 83.55
      vertex 108.5007338506078 20.801374452604197 83.55
      vertex 108.58650165908567 20.944469396133325 83.55
    endloop
  endfacet
  facet normal 0 0 1
    outer loop
      vertex 107 21 83.55
      vertex 108.58650165908567 20.944469396133325 83.55
      vertex 108.62768596177821 21 83.55
    endloop
  endfacet
  facet normal 0 0 1
    outer loop
      vertex 108.16176470588235 16 83.55
      vertex 113 16 83.55
      vertex 110.16662913856025 18.308185964657266 83.55
    endloop
  endfacet
  facet normal 0 0 1
    outer loop
      vertex 113 16 83.55
      vertex 110.33165354742742 18.332665023314508 83.55
      vertex 110.16662913856025 18.308185964657266 83.55
    endloop
  endfacet
  facet normal 0 0 1
    outer loop
      vertex 113 16 83.55
      vertex 110.49348395133259 18.373201429255246 83.55
      vertex 110.33165354742742 18.332665023314508 83.55
    endloop
  endfacet
  facet normal 0 0 1
    outer loop
      vertex 113 16 83.55
      vertex 110.65056183502065 18.429404794730814 83.55
      vertex 110.49348395133259 18.373201429255246 83.55
    endloop
  endfacet
  facet normal 0 0 1
    outer loop
      vertex 113 16 83.55
      vertex 110.8013744526042 18.500733850607798 83.55
      vertex 110.65056183502065 18.429404794730814 83.55
    endloop
  endfacet
  facet normal 0 0 1
    outer loop
      vertex 113 16 83.55
      vertex 110.94446939613333 18.586501659085673 83.55
      vertex 110.8013744526042 18.500733850607798 83.55
    endloop
  endfacet
  facet normal 0 0 1
    outer loop
      vertex 113 16 83.55
      vertex 111.07846858307819 18.685882229283347 83.55
      vertex 110.94446939613333 18.586501659085673 83.55
    endloop
  endfacet
  facet normal 0 0 1
    outer loop
      vertex 113 16 83.55
      vertex 111.20208152801713 18.797918471982868 83.55
      vertex 111.07846858307819 18.685882229283347 83.55
    endloop
  endfacet
  facet normal 0 0 1
    outer loop
      vertex 113 16 83.55
      vertex 111.31411777071665 18.921531416921802 83.55
      vertex 111.20208152801713 18.797918471982868 83.55
    endloop
  endfacet
  facet normal 0 0 1
    outer loop
      vertex 113 16 83.55
      vertex 111.41349834091433 19.055530603866675 83.55
      vertex 111.31411777071665 18.921531416921802 83.55
    endloop
  endfacet
  facet normal 0 0 1
    outer loop
      vertex 113 16 83.55
      vertex 111.4992661493922 19.198625547395803 83.55
      vertex 111.41349834091433 19.055530603866675 83.55
    endloop
  endfacet
  facet normal 0 0 1
    outer loop
      vertex 113 16 83.55
      vertex 111.57059520526919 19.349438164979347 83.55
      vertex 111.4992661493922 19.198625547395803 83.55
    endloop
  endfacet
  facet normal 0 0 1
    outer loop
      vertex 113 16 83.55
      vertex 111.62679857074475 19.506516048667415 83.55
      vertex 111.57059520526919 19.349438164979347 83.55
    endloop
  endfacet
  facet normal 0 0 1
    outer loop
      vertex 113 16 83.55
      vertex 111.6673349766855 19.66834645257258 83.55
      vertex 111.62679857074475 19.506516048667415 83.55
    endloop
  endfacet
  facet normal 0 0 1
    outer loop
      vertex 113 20 83.55
      vertex 111.69181403534273 19.833370861439747 83.55
      vertex 111.6673349766855 19.66834645257258 83.55
    endloop
  endfacet
  facet normal 0 0 1
    outer loop
      vertex 113 20 83.55
      vertex 111.7 20 83.55
      vertex 111.69181403534273 19.833370861439747 83.55
    endloop
  endfacet
  facet normal 0 0 1
    outer loop
      vertex 113 20 83.55
      vertex 111.6673349766855 20.33165354742742 83.55
      vertex 111.69181403534273 20.166629138560253 83.55
    endloop
  endfacet
  facet normal 0 0 1
    outer loop
      vertex 113 20 83.55
      vertex 111.69181403534273 20.166629138560253 83.55
      vertex 111.7 20 83.55
    endloop
  endfacet
  facet normal 0 0 1
    outer loop
      vertex 113 20 83.55
      vertex 111.62679857074475 20.493483951332585 83.55
      vertex 111.6673349766855 20.33165354742742 83.55
    endloop
  endfacet
  facet normal 0 0 1
    outer loop
      vertex 113 16 83.55
      vertex 113 20 83.55
      vertex 111.6673349766855 19.66834645257258 83.55
    endloop
  endfacet
  facet normal 0 0 -1
    outer loop
      vertex 107 16 79.55
      vertex 128 7 79.55
      vertex 128 -7 79.55
    endloop
  endfacet
  facet normal 0 0 1
    outer loop
      vertex 121 16 83.55
      vertex 128 -7 83.55
      vertex 128 7 83.55
    endloop
  endfacet
  facet normal 0 0 -1
    outer loop
      vertex 107 16 79.55
      vertex 110.16662913856025 18.308185964657266 79.55
      vertex 145.05553060386669 20.413498340914327 79.55
    endloop
  endfacet
  facet normal 0 0 -1
    outer loop
      vertex 145.05553060386669 20.413498340914327 79.55
      vertex 110.16662913856025 18.308185964657266 79.55
      vertex 110.33165354742742 18.332665023314508 79.55
    endloop
  endfacet
  facet normal 0 0 -1
    outer loop
      vertex 145.05553060386669 20.413498340914327 79.55
      vertex 110.33165354742742 18.332665023314508 79.55
      vertex 110.49348395133259 18.373201429255246 79.55
    endloop
  endfacet
  facet normal 0 0 -1
    outer loop
      vertex 145.05553060386669 20.413498340914327 79.55
      vertex 110.49348395133259 18.373201429255246 79.55
      vertex 110.65056183502065 18.429404794730814 79.55
    endloop
  endfacet
  facet normal 0 0 -1
    outer loop
      vertex 145.05553060386669 20.413498340914327 79.55
      vertex 110.65056183502065 18.429404794730814 79.55
      vertex 110.8013744526042 18.500733850607798 79.55
    endloop
  endfacet
  facet normal 0 0 -1
    outer loop
      vertex 145.05553060386669 20.413498340914327 79.55
      vertex 110.8013744526042 18.500733850607798 79.55
      vertex 110.94446939613333 18.586501659085673 79.55
    endloop
  endfacet
  facet normal 0 0 -1
    outer loop
      vertex 145.05553060386669 20.413498340914327 79.55
      vertex 110.94446939613333 18.586501659085673 79.55
      vertex 111.07846858307819 18.685882229283347 79.55
    endloop
  endfacet
  facet normal 0 0 1
    outer loop
      vertex 131 20 83.55
      vertex 111.57059520526919 20.650561835020653 83.55
      vertex 111.62679857074475 20.493483951332585 83.55
    endloop
  endfacet
  facet normal 0 0 1
    outer loop
      vertex 131 20 83.55
      vertex 111.4992661493922 20.801374452604197 83.55
      vertex 111.57059520526919 20.650561835020653 83.55
    endloop
  endfacet
  facet normal 0 0 1
    outer loop
      vertex 131 20 83.55
      vertex 111.41349834091433 20.944469396133325 83.55
      vertex 111.4992661493922 20.801374452604197 83.55
    endloop
  endfacet
  facet normal 0 0 1
    outer loop
      vertex 131 20 83.55
      vertex 111.37231403822179 21 83.55
      vertex 111.41349834091433 20.944469396133325 83.55
    endloop
  endfacet
  facet normal 0 0 1
    outer loop
      vertex 113 20 83.55
      vertex 131 20 83.55
      vertex 111.62679857074475 20.493483951332585 83.55
    endloop
  endfacet
  facet normal 0 0 -1
    outer loop
      vertex 107 16 79.55
      vertex 144.9215314169218 20.314117770716653 79.55
      vertex 128 7 79.55
    endloop
  endfacet
  facet normal 0 0 -1
    outer loop
      vertex 150 21 79.55
      vertex 111.07846858307819 18.685882229283347 79.55
      vertex 111.20208152801713 18.797918471982868 79.55
    endloop
  endfacet
  facet normal 0 0 -1
    outer loop
      vertex 150 21 79.55
      vertex 111.20208152801713 18.797918471982868 79.55
      vertex 111.31411777071665 18.921531416921802 79.55
    endloop
  endfacet
  facet normal 0 0 -1
    outer loop
      vertex 150 21 79.55
      vertex 111.31411777071665 18.921531416921802 79.55
      vertex 111.41349834091433 19.055530603866675 79.55
    endloop
  endfacet
  facet normal 0 0 -1
    outer loop
      vertex 150 21 79.55
      vertex 111.41349834091433 19.055530603866675 79.55
      vertex 111.4992661493922 19.198625547395803 79.55
    endloop
  endfacet
  facet normal 0 0 -1
    outer loop
      vertex 150 21 79.55
      vertex 111.4992661493922 19.198625547395803 79.55
      vertex 111.57059520526919 19.349438164979347 79.55
    endloop
  endfacet
  facet normal 0 0 -1
    outer loop
      vertex 150 21 79.55
      vertex 111.57059520526919 19.349438164979347 79.55
      vertex 111.62679857074475 19.506516048667415 79.55
    endloop
  endfacet
  facet normal 0 0 -1
    outer loop
      vertex 150 21 79.55
      vertex 111.62679857074475 19.506516048667415 79.55
      vertex 111.6673349766855 19.66834645257258 79.55
    endloop
  endfacet
  facet normal 0 0 -1
    outer loop
      vertex 150 21 79.55
      vertex 111.6673349766855 19.66834645257258 79.55
      vertex 111.69181403534273 19.833370861439747 79.55
    endloop
  endfacet
  facet normal 0 0 -1
    outer loop
      vertex 150 21 79.55
      vertex 111.69181403534273 19.833370861439747 79.55
      vertex 111.7 20 79.55
    endloop
  endfacet
  facet normal 0 0 -1
    outer loop
      vertex 150 21 79.55
      vertex 111.7 20 79.55
      vertex 111.69181403534273 20.166629138560253 79.55
    endloop
  endfacet
  facet normal 0 0 -1
    outer loop
      vertex 150 21 79.55
      vertex 111.69181403534273 20.166629138560253 79.55
      vertex 111.6673349766855 20.33165354742742 79.55
    endloop
  endfacet
  facet normal 0 0 -1
    outer loop
      vertex 150 21 79.55
      vertex 111.6673349766855 20.33165354742742 79.55
      vertex 111.62679857074475 20.493483951332585 79.55
    endloop
  endfacet
  facet normal 0 0 -1
    outer loop
      vertex 150 21 79.55
      vertex 111.41349834091433 20.944469396133325 79.55
      vertex 111.37231403822179 21 79.55
    endloop
  endfacet
  facet normal 0 0 -1
    outer loop
      vertex 150 21 79.55
      vertex 111.57059520526919 20.650561835020653 79.55
      vertex 111.4992661493922 20.801374452604197 79.55
    endloop
  endfacet
  facet normal 0 0 -1
    outer loop
      vertex 150 21 79.55
      vertex 111.62679857074475 20.493483951332585 79.55
      vertex 111.57059520526919 20.650561835020653 79.55
    endloop
  endfacet
  facet normal 0 0 -1
    outer loop
      vertex 150 21 79.55
      vertex 111.4992661493922 20.801374452604197 79.55
      vertex 111.41349834091433 20.944469396133325 79.55
    endloop
  endfacet
  facet normal 0 1 0
    outer loop
      vertex 150 21 79.55
      vertex 111.37231403822179 21 79.55
      vertex 111.37231403822179 21 83.55
    endloop
  endfacet
  facet normal 0 0 -1
    outer loop
      vertex 111.4992661493922 -20.801374452604197 79.55
      vertex 144.68588222928335 -20.078468583078198 79.55
      vertex 144.79791847198288 -20.202081528017132 79.55
    endloop
  endfacet
  facet normal 0 0 -1
    outer loop
      vertex 111.4992661493922 -20.801374452604197 79.55
      vertex 144.9215314169218 -20.314117770716653 79.55
      vertex 145.05553060386669 -20.413498340914327 79.55
    endloop
  endfacet
  facet normal 0 0 -1
    outer loop
      vertex 111.4992661493922 -20.801374452604197 79.55
      vertex 144.79791847198288 -20.202081528017132 79.55
      vertex 144.9215314169218 -20.314117770716653 79.55
    endloop
  endfacet
  facet normal 0 0 -1
    outer loop
      vertex 111.4992661493922 -20.801374452604197 79.55
      vertex 144.5007338506078 -19.801374452604197 79.55
      vertex 144.58650165908568 -19.944469396133325 79.55
    endloop
  endfacet
  facet normal 0 0 -1
    outer loop
      vertex 111.57059520526919 -20.650561835020653 79.55
      vertex 144.4294047947308 -19.650561835020653 79.55
      vertex 144.5007338506078 -19.801374452604197 79.55
    endloop
  endfacet
  facet normal 0 0 -1
    outer loop
      vertex 111.62679857074475 -20.493483951332585 79.55
      vertex 144.37320142925523 -19.493483951332585 79.55
      vertex 144.4294047947308 -19.650561835020653 79.55
    endloop
  endfacet
  facet normal 0 0 -1
    outer loop
      vertex 111.6673349766855 -20.33165354742742 79.55
      vertex 144.33266502331452 -19.33165354742742 79.55
      vertex 144.37320142925523 -19.493483951332585 79.55
    endloop
  endfacet
  facet normal 0 0 -1
    outer loop
      vertex 111.4992661493922 -20.801374452604197 79.55
      vertex 144.58650165908568 -19.944469396133325 79.55
      vertex 144.68588222928335 -20.078468583078198 79.55
    endloop
  endfacet
  facet normal 0 0 -1
    outer loop
      vertex 111.69181403534273 -20.166629138560253 79.55
      vertex 144.30818596465727 -19.166629138560253 79.55
      vertex 144.33266502331452 -19.33165354742742 79.55
    endloop
  endfacet
  facet normal 0 0 -1
    outer loop
      vertex 111.41349834091433 -19.055530603866675 79.55
      vertex 144.3 -19 79.55
      vertex 144.30818596465727 -19.166629138560253 79.55
    endloop
  endfacet
  facet normal 0 0 1
    outer loop
      vertex 131 -20 83.55
      vertex 111.37231403822179 -21 83.55
      vertex 150 -21 83.55
    endloop
  endfacet
  facet normal 0 0 -1
    outer loop
      vertex 111.4992661493922 -20.801374452604197 79.55
      vertex 145.05553060386669 -20.413498340914327 79.55
      vertex 145.1986255473958 -20.499266149392202 79.55
    endloop
  endfacet
  facet normal 0 0 -1
    outer loop
      vertex 111.4992661493922 -20.801374452604197 79.55
      vertex 145.1986255473958 -20.499266149392202 79.55
      vertex 145.34943816497935 -20.570595205269186 79.55
    endloop
  endfacet
  facet normal 0 0 -1
    outer loop
      vertex 111.4992661493922 -20.801374452604197 79.55
      vertex 145.34943816497935 -20.570595205269186 79.55
      vertex 145.5065160486674 -20.626798570744754 79.55
    endloop
  endfacet
  facet normal 0 0 -1
    outer loop
      vertex 111.4992661493922 -20.801374452604197 79.55
      vertex 145.5065160486674 -20.626798570744754 79.55
      vertex 145.6683464525726 -20.667334976685492 79.55
    endloop
  endfacet
  facet normal 0 0 -1
    outer loop
      vertex 111.4992661493922 -20.801374452604197 79.55
      vertex 145.6683464525726 -20.667334976685492 79.55
      vertex 145.83337086143976 -20.691814035342734 79.55
    endloop
  endfacet
  facet normal 0 0 -1
    outer loop
      vertex 150 -21 79.55
      vertex 111.4992661493922 -20.801374452604197 79.55
      vertex 145.83337086143976 -20.691814035342734 79.55
    endloop
  endfacet
  facet normal 0 -1 0
    outer loop
      vertex 150 -21 79.55
      vertex 150 -21 83.55
      vertex 111.37231403822179 -21 79.55
    endloop
  endfacet
  facet normal 0 0 1
    outer loop
      vertex 131 -20 83.55
      vertex 144.37320142925523 -19.493483951332585 83.55
      vertex 131 -16 83.55
    endloop
  endfacet
  facet normal 0 0 -1
    outer loop
      vertex 128 -7 79.55
      vertex 144.30818596465727 -18.833370861439747 79.55
      vertex 144.3 -19 79.55
    endloop
  endfacet
  facet normal 0 0 -1
    outer loop
      vertex 128 -7 79.55
      vertex 144.33266502331452 -18.66834645257258 79.55
      vertex 144.30818596465727 -18.833370861439747 79.55
    endloop
  endfacet
  facet normal 0 0 1
    outer loop
      vertex 131 -16 83.55
      vertex 146 -7 83.55
      vertex 128 -7 83.55
    endloop
  endfacet
  facet normal 0 0 1
    outer loop
      vertex 131 -20 83.55
      vertex 145.34943816497935 -20.570595205269186 83.55
      vertex 145.1986255473958 -20.499266149392202 83.55
    endloop
  endfacet
  facet normal 0 0 1
    outer loop
      vertex 131 -20 83.55
      vertex 144.79791847198288 -20.202081528017132 83.55
      vertex 144.68588222928335 -20.078468583078198 83.55
    endloop
  endfacet
  facet normal 0 0 1
    outer loop
      vertex 131 -20 83.55
      vertex 144.9215314169218 -20.314117770716653 83.55
      vertex 144.79791847198288 -20.202081528017132 83.55
    endloop
  endfacet
  facet normal 0 0 1
    outer loop
      vertex 131 -20 83.55
      vertex 144.58650165908568 -19.944469396133325 83.55
      vertex 144.5007338506078 -19.801374452604197 83.55
    endloop
  endfacet
  facet normal 0 0 1
    outer loop
      vertex 131 -20 83.55
      vertex 144.5007338506078 -19.801374452604197 83.55
      vertex 144.4294047947308 -19.650561835020653 83.55
    endloop
  endfacet
  facet normal 0 0 1
    outer loop
      vertex 131 -20 83.55
      vertex 144.4294047947308 -19.650561835020653 83.55
      vertex 144.37320142925523 -19.493483951332585 83.55
    endloop
  endfacet
  facet normal 0 0 1
    outer loop
      vertex 131 -20 83.55
      vertex 144.68588222928335 -20.078468583078198 83.55
      vertex 144.58650165908568 -19.944469396133325 83.55
    endloop
  endfacet
  facet normal 0 0 1
    outer loop
      vertex 131 -20 83.55
      vertex 145.05553060386669 -20.413498340914327 83.55
      vertex 144.9215314169218 -20.314117770716653 83.55
    endloop
  endfacet
  facet normal 0 0 1
    outer loop
      vertex 131 -20 83.55
      vertex 145.1986255473958 -20.499266149392202 83.55
      vertex 145.05553060386669 -20.413498340914327 83.55
    endloop
  endfacet
  facet normal 0 0 1
    outer loop
      vertex 131 -20 83.55
      vertex 145.5065160486674 -20.626798570744754 83.55
      vertex 145.34943816497935 -20.570595205269186 83.55
    endloop
  endfacet
  facet normal 0 0 1
    outer loop
      vertex 131 -20 83.55
      vertex 145.6683464525726 -20.667334976685492 83.55
      vertex 145.5065160486674 -20.626798570744754 83.55
    endloop
  endfacet
  facet normal 0 0 1
    outer loop
      vertex 131 -20 83.55
      vertex 145.83337086143976 -20.691814035342734 83.55
      vertex 145.6683464525726 -20.667334976685492 83.55
    endloop
  endfacet
  facet normal 0 0 1
    outer loop
      vertex 131 -20 83.55
      vertex 146 -20.7 83.55
      vertex 145.83337086143976 -20.691814035342734 83.55
    endloop
  endfacet
  facet normal 0 0 1
    outer loop
      vertex 131 -16 83.55
      vertex 144.37320142925523 -19.493483951332585 83.55
      vertex 144.33266502331452 -19.33165354742742 83.55
    endloop
  endfacet
  facet normal 0 0 1
    outer loop
      vertex 131 -16 83.55
      vertex 144.33266502331452 -19.33165354742742 83.55
      vertex 144.30818596465727 -19.166629138560253 83.55
    endloop
  endfacet
  facet normal 0 0 1
    outer loop
      vertex 131 -16 83.55
      vertex 144.30818596465727 -19.166629138560253 83.55
      vertex 144.3 -19 83.55
    endloop
  endfacet
  facet normal 0 0 1
    outer loop
      vertex 131 -16 83.55
      vertex 144.3 -19 83.55
      vertex 144.30818596465727 -18.833370861439747 83.55
    endloop
  endfacet
  facet normal 0 0 1
    outer loop
      vertex 131 -16 83.55
      vertex 144.30818596465727 -18.833370861439747 83.55
      vertex 144.33266502331452 -18.66834645257258 83.55
    endloop
  endfacet
  facet normal 0 0 1
    outer loop
      vertex 131 -16 83.55
      vertex 144.33266502331452 -18.66834645257258 83.55
      vertex 144.37320142925523 -18.506516048667415 83.55
    endloop
  endfacet
  facet normal 0 0 1
    outer loop
      vertex 131 -20 83.55
      vertex 150 -21 83.55
      vertex 146 -20.7 83.55
    endloop
  endfacet
  facet normal 0 0 -1
    outer loop
      vertex 128 -7 79.55
      vertex 146 -7 79.55
      vertex 144.33266502331452 -18.66834645257258 79.55
    endloop
  endfacet
  facet normal 0 0 1
    outer loop
      vertex 131 -16 83.55
      vertex 144.37320142925523 -18.506516048667415 83.55
      vertex 146 -7 83.55
    endloop
  endfacet
  facet normal 0 0 -1
    outer loop
      vertex 150 -21 79.55
      vertex 145.83337086143976 -20.691814035342734 79.55
      vertex 146 -20.7 79.55
    endloop
  endfacet
  facet normal 0 0 -1
    outer loop
      vertex 150 -21 79.55
      vertex 146 -20.7 79.55
      vertex 146.16662913856024 -20.691814035342734 79.55
    endloop
  endfacet
  facet normal 0 0 -1
    outer loop
      vertex 150 -21 79.55
      vertex 146.16662913856024 -20.691814035342734 79.55
      vertex 146.3316535474274 -20.667334976685492 79.55
    endloop
  endfacet
  facet normal 0 0 -1
    outer loop
      vertex 150 -21 79.55
      vertex 146.3316535474274 -20.667334976685492 79.55
      vertex 146.4934839513326 -20.626798570744754 79.55
    endloop
  endfacet
  facet normal 0 0 -1
    outer loop
      vertex 150 -21 79.55
      vertex 146.4934839513326 -20.626798570744754 79.55
      vertex 146.65056183502065 -20.570595205269186 79.55
    endloop
  endfacet
  facet normal 0 0 -1
    outer loop
      vertex 150 -21 79.55
      vertex 146.65056183502065 -20.570595205269186 79.55
      vertex 146.8013744526042 -20.499266149392202 79.55
    endloop
  endfacet
  facet normal 0 0 -1
    outer loop
      vertex 150 -21 79.55
      vertex 146.8013744526042 -20.499266149392202 79.55
      vertex 146.94446939613331 -20.413498340914327 79.55
    endloop
  endfacet
  facet normal 0 0 -1
    outer loop
      vertex 150 -21 79.55
      vertex 146.94446939613331 -20.413498340914327 79.55
      vertex 147.0784685830782 -20.314117770716653 79.55
    endloop
  endfacet
  facet normal 0 0 -1
    outer loop
      vertex 150 -21 79.55
      vertex 147.0784685830782 -20.314117770716653 79.55
      vertex 147.20208152801712 -20.202081528017132 79.55
    endloop
  endfacet
  facet normal 0 0 -1
    outer loop
      vertex 150 -21 79.55
      vertex 147.20208152801712 -20.202081528017132 79.55
      vertex 147.31411777071665 -20.078468583078198 79.55
    endloop
  endfacet
  facet normal 0 0 -1
    outer loop
      vertex 150 -21 79.55
      vertex 147.31411777071665 -20.078468583078198 79.55
      vertex 147.41349834091432 -19.944469396133325 79.55
    endloop
  endfacet
  facet normal 0 0 -1
    outer loop
      vertex 150 -21 79.55
      vertex 147.41349834091432 -19.944469396133325 79.55
      vertex 147.4992661493922 -19.801374452604197 79.55
    endloop
  endfacet
  facet normal 0 0 -1
    outer loop
      vertex 150 -21 79.55
      vertex 147.4992661493922 -19.801374452604197 79.55
      vertex 147.5705952052692 -19.650561835020653 79.55
    endloop
  endfacet
  facet normal 0 0 -1
    outer loop
      vertex 150 -21 79.55
      vertex 147.5705952052692 -19.650561835020653 79.55
      vertex 147.62679857074477 -19.493483951332585 79.55
    endloop
  endfacet
  facet normal 0 0 -1
    outer loop
      vertex 150 -21 79.55
      vertex 147.62679857074477 -19.493483951332585 79.55
      vertex 147.66733497668548 -19.33165354742742 79.55
    endloop
  endfacet
  facet normal 0 0 -1
    outer loop
      vertex 150 -21 79.55
      vertex 147.66733497668548 -19.33165354742742 79.55
      vertex 147.69181403534273 -19.166629138560253 79.55
    endloop
  endfacet
  facet normal 0 0 -1
    outer loop
      vertex 150 -21 79.55
      vertex 147.69181403534273 -19.166629138560253 79.55
      vertex 147.7 -19 79.55
    endloop
  endfacet
  facet normal 0 0 -1
    outer loop
      vertex 150 -21 79.55
      vertex 147.7 -19 79.55
      vertex 147.69181403534273 -18.833370861439747 79.55
    endloop
  endfacet
  facet normal 0 0 -1
    outer loop
      vertex 150 -21 79.55
      vertex 147.69181403534273 -18.833370861439747 79.55
      vertex 147.66733497668548 -18.66834645257258 79.55
    endloop
  endfacet
  facet normal 0 0 -1
    outer loop
      vertex 150 -21 79.55
      vertex 147.66733497668548 -18.66834645257258 79.55
      vertex 147.62679857074477 -18.506516048667415 79.55
    endloop
  endfacet
  facet normal 0 0 1
    outer loop
      vertex 150 -21 83.55
      vertex 146.16662913856024 -20.691814035342734 83.55
      vertex 146 -20.7 83.55
    endloop
  endfacet
  facet normal 0 0 1
    outer loop
      vertex 150 -21 83.55
      vertex 146.3316535474274 -20.667334976685492 83.55
      vertex 146.16662913856024 -20.691814035342734 83.55
    endloop
  endfacet
  facet normal 0 0 1
    outer loop
      vertex 150 -21 83.55
      vertex 146.4934839513326 -20.626798570744754 83.55
      vertex 146.3316535474274 -20.667334976685492 83.55
    endloop
  endfacet
  facet normal 0 0 1
    outer loop
      vertex 150 -21 83.55
      vertex 146.65056183502065 -20.570595205269186 83.55
      vertex 146.4934839513326 -20.626798570744754 83.55
    endloop
  endfacet
  facet normal 0 0 1
    outer loop
      vertex 150 -21 83.55
      vertex 146.8013744526042 -20.499266149392202 83.55
      vertex 146.65056183502065 -20.570595205269186 83.55
    endloop
  endfacet
  facet normal 0 0 1
    outer loop
      vertex 150 -21 83.55
      vertex 146.94446939613331 -20.413498340914327 83.55
      vertex 146.8013744526042 -20.499266149392202 83.55
    endloop
  endfacet
  facet normal 0 0 1
    outer loop
      vertex 150 -21 83.55
      vertex 147.0784685830782 -20.314117770716653 83.55
      vertex 146.94446939613331 -20.413498340914327 83.55
    endloop
  endfacet
  facet normal 0 0 1
    outer loop
      vertex 150 -21 83.55
      vertex 147.20208152801712 -20.202081528017132 83.55
      vertex 147.0784685830782 -20.314117770716653 83.55
    endloop
  endfacet
  facet normal 0 0 1
    outer loop
      vertex 150 -21 83.55
      vertex 147.31411777071665 -20.078468583078198 83.55
      vertex 147.20208152801712 -20.202081528017132 83.55
    endloop
  endfacet
  facet normal 0 0 1
    outer loop
      vertex 150 -21 83.55
      vertex 147.41349834091432 -19.944469396133325 83.55
      vertex 147.31411777071665 -20.078468583078198 83.55
    endloop
  endfacet
  facet normal 0 0 1
    outer loop
      vertex 150 -21 83.55
      vertex 147.4992661493922 -19.801374452604197 83.55
      vertex 147.41349834091432 -19.944469396133325 83.55
    endloop
  endfacet
  facet normal 0 0 1
    outer loop
      vertex 150 -21 83.55
      vertex 147.5705952052692 -19.650561835020653 83.55
      vertex 147.4992661493922 -19.801374452604197 83.55
    endloop
  endfacet
  facet normal 0 0 1
    outer loop
      vertex 150 -21 83.55
      vertex 147.62679857074477 -19.493483951332585 83.55
      vertex 147.5705952052692 -19.650561835020653 83.55
    endloop
  endfacet
  facet normal 0 0 1
    outer loop
      vertex 150 -21 83.55
      vertex 147.66733497668548 -19.33165354742742 83.55
      vertex 147.62679857074477 -19.493483951332585 83.55
    endloop
  endfacet
  facet normal 0 0 1
    outer loop
      vertex 150 -21 83.55
      vertex 147.69181403534273 -19.166629138560253 83.55
      vertex 147.66733497668548 -19.33165354742742 83.55
    endloop
  endfacet
  facet normal 0 0 1
    outer loop
      vertex 150 -21 83.55
      vertex 147.7 -19 83.55
      vertex 147.69181403534273 -19.166629138560253 83.55
    endloop
  endfacet
  facet normal 0 0 1
    outer loop
      vertex 150 -21 83.55
      vertex 147.41349834091432 -18.055530603866675 83.55
      vertex 147.4992661493922 -18.198625547395803 83.55
    endloop
  endfacet
  facet normal 0 0 1
    outer loop
      vertex 150 -21 83.55
      vertex 147.69181403534273 -18.833370861439747 83.55
      vertex 147.7 -19 83.55
    endloop
  endfacet
  facet normal 0 0 1
    outer loop
      vertex 150 -21 83.55
      vertex 147.66733497668548 -18.66834645257258 83.55
      vertex 147.69181403534273 -18.833370861439747 83.55
    endloop
  endfacet
  facet normal 0 0 1
    outer loop
      vertex 150 -21 83.55
      vertex 147.62679857074477 -18.506516048667415 83.55
      vertex 147.66733497668548 -18.66834645257258 83.55
    endloop
  endfacet
  facet normal 0 0 1
    outer loop
      vertex 150 -21 83.55
      vertex 147.5705952052692 -18.349438164979347 83.55
      vertex 147.62679857074477 -18.506516048667415 83.55
    endloop
  endfacet
  facet normal 0 0 1
    outer loop
      vertex 150 -21 83.55
      vertex 147.4992661493922 -18.198625547395803 83.55
      vertex 147.5705952052692 -18.349438164979347 83.55
    endloop
  endfacet
  facet normal 0 0 1
    outer loop
      vertex 150 -21 83.55
      vertex 147.31411777071665 -17.921531416921802 83.55
      vertex 147.41349834091432 -18.055530603866675 83.55
    endloop
  endfacet
  facet normal 0 0 -1
    outer loop
      vertex 146 -7 79.55
      vertex 144.37320142925523 -18.506516048667415 79.55
      vertex 144.33266502331452 -18.66834645257258 79.55
    endloop
  endfacet
  facet normal 0 0 -1
    outer loop
      vertex 146 -7 79.55
      vertex 144.4294047947308 -18.349438164979347 79.55
      vertex 144.37320142925523 -18.506516048667415 79.55
    endloop
  endfacet
  facet normal 0 0 -1
    outer loop
      vertex 146 -7 79.55
      vertex 144.5007338506078 -18.198625547395803 79.55
      vertex 144.4294047947308 -18.349438164979347 79.55
    endloop
  endfacet
  facet normal 0 0 -1
    outer loop
      vertex 146 -7 79.55
      vertex 144.58650165908568 -18.055530603866675 79.55
      vertex 144.5007338506078 -18.198625547395803 79.55
    endloop
  endfacet
  facet normal 0 0 -1
    outer loop
      vertex 146 -7 79.55
      vertex 144.68588222928335 -17.921531416921802 79.55
      vertex 144.58650165908568 -18.055530603866675 79.55
    endloop
  endfacet
  facet normal 0 0 -1
    outer loop
      vertex 146 -7 79.55
      vertex 144.79791847198288 -17.797918471982868 79.55
      vertex 144.68588222928335 -17.921531416921802 79.55
    endloop
  endfacet
  facet normal 0 0 -1
    outer loop
      vertex 144.9215314169218 -17.685882229283347 79.55
      vertex 144.79791847198288 -17.797918471982868 79.55
      vertex 146 -7 79.55
    endloop
  endfacet
  facet normal 0 0 -1
    outer loop
      vertex 145.05553060386669 -17.586501659085673 79.55
      vertex 144.9215314169218 -17.685882229283347 79.55
      vertex 146 -7 79.55
    endloop
  endfacet
  facet normal 0 0 -1
    outer loop
      vertex 145.05553060386669 -17.586501659085673 79.55
      vertex 146 -7 79.55
      vertex 145.1986255473958 -17.500733850607798 79.55
    endloop
  endfacet
  facet normal 0 0 -1
    outer loop
      vertex 145.34943816497935 -17.429404794730814 79.55
      vertex 145.1986255473958 -17.500733850607798 79.55
      vertex 146 -7 79.55
    endloop
  endfacet
  facet normal 0 0 -1
    outer loop
      vertex 145.5065160486674 -17.373201429255246 79.55
      vertex 145.34943816497935 -17.429404794730814 79.55
      vertex 146 -7 79.55
    endloop
  endfacet
  facet normal 0 0 -1
    outer loop
      vertex 145.6683464525726 -17.332665023314508 79.55
      vertex 145.5065160486674 -17.373201429255246 79.55
      vertex 146 -7 79.55
    endloop
  endfacet
  facet normal 0 0 -1
    outer loop
      vertex 145.83337086143976 -17.308185964657266 79.55
      vertex 145.6683464525726 -17.332665023314508 79.55
      vertex 146 -7 79.55
    endloop
  endfacet
  facet normal 0 0 -1
    outer loop
      vertex 146 -17.3 79.55
      vertex 145.83337086143976 -17.308185964657266 79.55
      vertex 146 -7 79.55
    endloop
  endfacet
  facet normal 0 0 -1
    outer loop
      vertex 147.5705952052692 -18.349438164979347 79.55
      vertex 146 -7 79.55
      vertex 147.62679857074477 -18.506516048667415 79.55
    endloop
  endfacet
  facet normal 0 0 -1
    outer loop
      vertex 147.4992661493922 -18.198625547395803 79.55
      vertex 146 -7 79.55
      vertex 147.5705952052692 -18.349438164979347 79.55
    endloop
  endfacet
  facet normal 0 0 -1
    outer loop
      vertex 146.16662913856024 -17.308185964657266 79.55
      vertex 146 -17.3 79.55
      vertex 146 -7 79.55
    endloop
  endfacet
  facet normal 0 0 -1
    outer loop
      vertex 146.3316535474274 -17.332665023314508 79.55
      vertex 146.16662913856024 -17.308185964657266 79.55
      vertex 146 -7 79.55
    endloop
  endfacet
  facet normal 0 0 -1
    outer loop
      vertex 146.4934839513326 -17.373201429255246 79.55
      vertex 146.3316535474274 -17.332665023314508 79.55
      vertex 146 -7 79.55
    endloop
  endfacet
  facet normal 0 0 -1
    outer loop
      vertex 146.65056183502065 -17.429404794730814 79.55
      vertex 146.4934839513326 -17.373201429255246 79.55
      vertex 146 -7 79.55
    endloop
  endfacet
  facet normal 0 0 -1
    outer loop
      vertex 146.8013744526042 -17.500733850607798 79.55
      vertex 146.65056183502065 -17.429404794730814 79.55
      vertex 146 -7 79.55
    endloop
  endfacet
  facet normal 0 0 -1
    outer loop
      vertex 146.94446939613331 -17.586501659085673 79.55
      vertex 146.8013744526042 -17.500733850607798 79.55
      vertex 146 -7 79.55
    endloop
  endfacet
  facet normal 0 0 -1
    outer loop
      vertex 147.0784685830782 -17.685882229283347 79.55
      vertex 146 -7 79.55
      vertex 147.20208152801712 -17.797918471982868 79.55
    endloop
  endfacet
  facet normal 0 0 -1
    outer loop
      vertex 147.41349834091432 -18.055530603866675 79.55
      vertex 146 -7 79.55
      vertex 147.4992661493922 -18.198625547395803 79.55
    endloop
  endfacet
  facet normal 0 0 -1
    outer loop
      vertex 147.31411777071665 -17.921531416921802 79.55
      vertex 146 -7 79.55
      vertex 147.41349834091432 -18.055530603866675 79.55
    endloop
  endfacet
  facet normal 0 0 -1
    outer loop
      vertex 147.20208152801712 -17.797918471982868 79.55
      vertex 146 -7 79.55
      vertex 147.31411777071665 -17.921531416921802 79.55
    endloop
  endfacet
  facet normal 0 0 -1
    outer loop
      vertex 147.0784685830782 -17.685882229283347 79.55
      vertex 146.94446939613331 -17.586501659085673 79.55
      vertex 146 -7 79.55
    endloop
  endfacet
  facet normal 0 0 -1
    outer loop
      vertex 150 -21 79.55
      vertex 147.62679857074477 -18.506516048667415 79.55
      vertex 146 -7 79.55
    endloop
  endfacet
  facet normal 0 0 1
    outer loop
      vertex 146 -7 83.55
      vertex 144.37320142925523 -18.506516048667415 83.55
      vertex 144.4294047947308 -18.349438164979347 83.55
    endloop
  endfacet
  facet normal 0 0 1
    outer loop
      vertex 146 -7 83.55
      vertex 144.4294047947308 -18.349438164979347 83.55
      vertex 144.5007338506078 -18.198625547395803 83.55
    endloop
  endfacet
  facet normal 0 0 1
    outer loop
      vertex 146 -7 83.55
      vertex 144.5007338506078 -18.198625547395803 83.55
      vertex 144.58650165908568 -18.055530603866675 83.55
    endloop
  endfacet
  facet normal 0 0 1
    outer loop
      vertex 146 -7 83.55
      vertex 144.58650165908568 -18.055530603866675 83.55
      vertex 144.68588222928335 -17.921531416921802 83.55
    endloop
  endfacet
  facet normal 0 0 1
    outer loop
      vertex 146 -7 83.55
      vertex 144.68588222928335 -17.921531416921802 83.55
      vertex 144.79791847198288 -17.797918471982868 83.55
    endloop
  endfacet
  facet normal 0 0 1
    outer loop
      vertex 146 -7 83.55
      vertex 144.79791847198288 -17.797918471982868 83.55
      vertex 144.9215314169218 -17.685882229283347 83.55
    endloop
  endfacet
  facet normal 0 0 1
    outer loop
      vertex 146 -7 83.55
      vertex 144.9215314169218 -17.685882229283347 83.55
      vertex 145.05553060386669 -17.586501659085673 83.55
    endloop
  endfacet
  facet normal 0 0 1
    outer loop
      vertex 146 -7 83.55
      vertex 145.05553060386669 -17.586501659085673 83.55
      vertex 145.1986255473958 -17.500733850607798 83.55
    endloop
  endfacet
  facet normal 0 0 1
    outer loop
      vertex 146 -7 83.55
      vertex 145.1986255473958 -17.500733850607798 83.55
      vertex 145.34943816497935 -17.429404794730814 83.55
    endloop
  endfacet
  facet normal 0 0 1
    outer loop
      vertex 146 -7 83.55
      vertex 145.34943816497935 -17.429404794730814 83.55
      vertex 145.5065160486674 -17.373201429255246 83.55
    endloop
  endfacet
  facet normal 0 0 1
    outer loop
      vertex 146 -7 83.55
      vertex 145.5065160486674 -17.373201429255246 83.55
      vertex 145.6683464525726 -17.332665023314508 83.55
    endloop
  endfacet
  facet normal 0 0 1
    outer loop
      vertex 146 -7 83.55
      vertex 145.6683464525726 -17.332665023314508 83.55
      vertex 145.83337086143976 -17.308185964657266 83.55
    endloop
  endfacet
  facet normal 0 0 1
    outer loop
      vertex 146 -7 83.55
      vertex 145.83337086143976 -17.308185964657266 83.55
      vertex 146 -17.3 83.55
    endloop
  endfacet
  facet normal 0 0 1
    outer loop
      vertex 146 -7 83.55
      vertex 146 -17.3 83.55
      vertex 146.16662913856024 -17.308185964657266 83.55
    endloop
  endfacet
  facet normal 0 0 1
    outer loop
      vertex 146 -7 83.55
      vertex 146.16662913856024 -17.308185964657266 83.55
      vertex 146.3316535474274 -17.332665023314508 83.55
    endloop
  endfacet
  facet normal 0 0 1
    outer loop
      vertex 146 -7 83.55
      vertex 146.3316535474274 -17.332665023314508 83.55
      vertex 146.4934839513326 -17.373201429255246 83.55
    endloop
  endfacet
  facet normal 0 0 1
    outer loop
      vertex 146 -7 83.55
      vertex 146.4934839513326 -17.373201429255246 83.55
      vertex 146.65056183502065 -17.429404794730814 83.55
    endloop
  endfacet
  facet normal 0 0 1
    outer loop
      vertex 146 -7 83.55
      vertex 146.65056183502065 -17.429404794730814 83.55
      vertex 146.8013744526042 -17.500733850607798 83.55
    endloop
  endfacet
  facet normal 0 0 1
    outer loop
      vertex 146 -7 83.55
      vertex 146.8013744526042 -17.500733850607798 83.55
      vertex 146.94446939613331 -17.586501659085673 83.55
    endloop
  endfacet
  facet normal 0 0 1
    outer loop
      vertex 146 -7 83.55
      vertex 147.0784685830782 -17.685882229283347 83.55
      vertex 147.20208152801712 -17.797918471982868 83.55
    endloop
  endfacet
  facet normal 0 0 1
    outer loop
      vertex 146 -7 83.55
      vertex 147.20208152801712 -17.797918471982868 83.55
      vertex 147.31411777071665 -17.921531416921802 83.55
    endloop
  endfacet
  facet normal 0 0 1
    outer loop
      vertex 146 -7 83.55
      vertex 146.94446939613331 -17.586501659085673 83.55
      vertex 147.0784685830782 -17.685882229283347 83.55
    endloop
  endfacet
  facet normal 0 0 1
    outer loop
      vertex 150 -21 83.55
      vertex 146 -7 83.55
      vertex 147.31411777071665 -17.921531416921802 83.55
    endloop
  endfacet
  facet normal 0 0 -1
    outer loop
      vertex 150 -21 79.55
      vertex 146 -7 79.55
      vertex 146 7 79.55
    endloop
  endfacet
  facet normal 1 0 0
    outer loop
      vertex 150 -21 79.55
      vertex 150 21 79.55
      vertex 150 -21 83.55
    endloop
  endfacet
  facet normal 0 0 1
    outer loop
      vertex 150 -21 83.55
      vertex 146 7 83.55
      vertex 146 -7 83.55
    endloop
  endfacet
  facet normal 0 0 1
    outer loop
      vertex 121 16 83.55
      vertex 128 7 83.55
      vertex 146 7 83.55
    endloop
  endfacet
  facet normal 0 0 1
    outer loop
      vertex 121 16 83.55
      vertex 146 7 83.55
      vertex 131 16 83.55
    endloop
  endfacet
  facet normal 0 0 -1
    outer loop
      vertex 107 16 79.55
      vertex 145.05553060386669 20.413498340914327 79.55
      vertex 144.9215314169218 20.314117770716653 79.55
    endloop
  endfacet
  facet normal 0 0 -1
    outer loop
      vertex 111.07846858307819 18.685882229283347 79.55
      vertex 145.1986255473958 20.499266149392202 79.55
      vertex 145.05553060386669 20.413498340914327 79.55
    endloop
  endfacet
  facet normal 0 0 1
    outer loop
      vertex 131 20 83.55
      vertex 150 21 83.55
      vertex 111.37231403822179 21 83.55
    endloop
  endfacet
  facet normal 0 0 -1
    outer loop
      vertex 128 7 79.55
      vertex 144.5007338506078 18.198625547395803 79.55
      vertex 144.58650165908568 18.055530603866675 79.55
    endloop
  endfacet
  facet normal 0 0 -1
    outer loop
      vertex 128 7 79.55
      vertex 144.68588222928335 17.921531416921802 79.55
      vertex 144.79791847198288 17.797918471982868 79.55
    endloop
  endfacet
  facet normal 0 0 -1
    outer loop
      vertex 128 7 79.55
      vertex 144.79791847198288 17.797918471982868 79.55
      vertex 144.9215314169218 17.685882229283347 79.55
    endloop
  endfacet
  facet normal 0 0 -1
    outer loop
      vertex 128 7 79.55
      vertex 144.58650165908568 18.055530603866675 79.55
      vertex 144.68588222928335 17.921531416921802 79.55
    endloop
  endfacet
  facet normal 0 0 -1
    outer loop
      vertex 128 7 79.55
      vertex 144.33266502331452 18.66834645257258 79.55
      vertex 144.37320142925523 18.506516048667415 79.55
    endloop
  endfacet
  facet normal 0 0 -1
    outer loop
      vertex 128 7 79.55
      vertex 144.30818596465727 18.833370861439747 79.55
      vertex 144.33266502331452 18.66834645257258 79.55
    endloop
  endfacet
  facet normal 0 0 -1
    outer loop
      vertex 128 7 79.55
      vertex 144.3 19 79.55
      vertex 144.30818596465727 18.833370861439747 79.55
    endloop
  endfacet
  facet normal 0 0 -1
    outer loop
      vertex 128 7 79.55
      vertex 144.30818596465727 19.166629138560253 79.55
      vertex 144.3 19 79.55
    endloop
  endfacet
  facet normal 0 0 -1
    outer loop
      vertex 128 7 79.55
      vertex 144.4294047947308 18.349438164979347 79.55
      vertex 144.5007338506078 18.198625547395803 79.55
    endloop
  endfacet
  facet normal 0 0 -1
    outer loop
      vertex 128 7 79.55
      vertex 144.37320142925523 18.506516048667415 79.55
      vertex 144.4294047947308 18.349438164979347 79.55
    endloop
  endfacet
  facet normal 0 0 -1
    outer loop
      vertex 128 7 79.55
      vertex 144.33266502331452 19.33165354742742 79.55
      vertex 144.30818596465727 19.166629138560253 79.55
    endloop
  endfacet
  facet normal 0 0 -1
    outer loop
      vertex 128 7 79.55
      vertex 144.37320142925523 19.493483951332585 79.55
      vertex 144.33266502331452 19.33165354742742 79.55
    endloop
  endfacet
  facet normal 0 0 -1
    outer loop
      vertex 128 7 79.55
      vertex 144.4294047947308 19.650561835020653 79.55
      vertex 144.37320142925523 19.493483951332585 79.55
    endloop
  endfacet
  facet normal 0 0 -1
    outer loop
      vertex 128 7 79.55
      vertex 144.5007338506078 19.801374452604197 79.55
      vertex 144.4294047947308 19.650561835020653 79.55
    endloop
  endfacet
  facet normal 0 0 -1
    outer loop
      vertex 128 7 79.55
      vertex 144.58650165908568 19.944469396133325 79.55
      vertex 144.5007338506078 19.801374452604197 79.55
    endloop
  endfacet
  facet normal 0 0 -1
    outer loop
      vertex 128 7 79.55
      vertex 144.68588222928335 20.078468583078198 79.55
      vertex 144.58650165908568 19.944469396133325 79.55
    endloop
  endfacet
  facet normal 0 0 -1
    outer loop
      vertex 111.07846858307819 18.685882229283347 79.55
      vertex 145.34943816497935 20.570595205269186 79.55
      vertex 145.1986255473958 20.499266149392202 79.55
    endloop
  endfacet
  facet normal 0 0 -1
    outer loop
      vertex 111.07846858307819 18.685882229283347 79.55
      vertex 145.5065160486674 20.626798570744754 79.55
      vertex 145.34943816497935 20.570595205269186 79.55
    endloop
  endfacet
  facet normal 0 0 -1
    outer loop
      vertex 111.07846858307819 18.685882229283347 79.55
      vertex 145.6683464525726 20.667334976685492 79.55
      vertex 145.5065160486674 20.626798570744754 79.55
    endloop
  endfacet
  facet normal 0 0 -1
    outer loop
      vertex 111.07846858307819 18.685882229283347 79.55
      vertex 145.83337086143976 20.691814035342734 79.55
      vertex 145.6683464525726 20.667334976685492 79.55
    endloop
  endfacet
  facet normal 0 0 -1
    outer loop
      vertex 150 21 79.55
      vertex 145.83337086143976 20.691814035342734 79.55
      vertex 111.07846858307819 18.685882229283347 79.55
    endloop
  endfacet
  facet normal 0 0 -1
    outer loop
      vertex 128 7 79.55
      vertex 144.79791847198288 20.202081528017132 79.55
      vertex 144.68588222928335 20.078468583078198 79.55
    endloop
  endfacet
  facet normal 0 0 -1
    outer loop
      vertex 128 7 79.55
      vertex 144.9215314169218 20.314117770716653 79.55
      vertex 144.79791847198288 20.202081528017132 79.55
    endloop
  endfacet
  facet normal 0 1 0
    outer loop
      vertex 150 21 79.55
      vertex 111.37231403822179 21 83.55
      vertex 150 21 83.55
    endloop
  endfacet
  facet normal 0 0 1
    outer loop
      vertex 131 16 83.55
      vertex 144.4294047947308 19.650561835020653 83.55
      vertex 131 20 83.55
    endloop
  endfacet
  facet normal 0 0 -1
    outer loop
      vertex 146.3316535474274 17.332665023314508 79.55
      vertex 146 7 79.55
      vertex 128 7 79.55
    endloop
  endfacet
  facet normal 0 0 -1
    outer loop
      vertex 150 -21 79.55
      vertex 146 7 79.55
      vertex 147.41349834091432 18.055530603866675 79.55
    endloop
  endfacet
  facet normal 0 0 -1
    outer loop
      vertex 150 -21 79.55
      vertex 147.41349834091432 18.055530603866675 79.55
      vertex 147.4992661493922 18.198625547395803 79.55
    endloop
  endfacet
  facet normal 0 0 -1
    outer loop
      vertex 150 -21 79.55
      vertex 147.4992661493922 18.198625547395803 79.55
      vertex 147.5705952052692 18.349438164979347 79.55
    endloop
  endfacet
  facet normal 0 0 1
    outer loop
      vertex 150 -21 83.55
      vertex 147.41349834091432 18.055530603866675 83.55
      vertex 146 7 83.55
    endloop
  endfacet
  facet normal 0 0 1
    outer loop
      vertex 150 -21 83.55
      vertex 147.4992661493922 18.198625547395803 83.55
      vertex 147.41349834091432 18.055530603866675 83.55
    endloop
  endfacet
  facet normal 0 0 1
    outer loop
      vertex 150 -21 83.55
      vertex 147.5705952052692 18.349438164979347 83.55
      vertex 147.4992661493922 18.198625547395803 83.55
    endloop
  endfacet
  facet normal 0 0 -1
    outer loop
      vertex 150 -21 79.55
      vertex 147.5705952052692 18.349438164979347 79.55
      vertex 147.62679857074477 18.506516048667415 79.55
    endloop
  endfacet
  facet normal 0 0 -1
    outer loop
      vertex 150 -21 79.55
      vertex 147.62679857074477 18.506516048667415 79.55
      vertex 150 21 79.55
    endloop
  endfacet
  facet normal 1 0 0
    outer loop
      vertex 150 -21 83.55
      vertex 150 21 79.55
      vertex 150 21 83.55
    endloop
  endfacet
  facet normal 0 0 1
    outer loop
      vertex 150 -21 83.55
      vertex 147.62679857074477 18.506516048667415 83.55
      vertex 147.5705952052692 18.349438164979347 83.55
    endloop
  endfacet
  facet normal 0 0 1
    outer loop
      vertex 150 -21 83.55
      vertex 150 21 83.55
      vertex 147.62679857074477 18.506516048667415 83.55
    endloop
  endfacet
  facet normal 0 0 -1
    outer loop
      vertex 128 7 79.55
      vertex 144.9215314169218 17.685882229283347 79.55
      vertex 145.05553060386669 17.586501659085673 79.55
    endloop
  endfacet
  facet normal 0 0 -1
    outer loop
      vertex 128 7 79.55
      vertex 145.05553060386669 17.586501659085673 79.55
      vertex 145.1986255473958 17.500733850607798 79.55
    endloop
  endfacet
  facet normal 0 0 -1
    outer loop
      vertex 128 7 79.55
      vertex 145.1986255473958 17.500733850607798 79.55
      vertex 145.34943816497935 17.429404794730814 79.55
    endloop
  endfacet
  facet normal 0 0 -1
    outer loop
      vertex 128 7 79.55
      vertex 145.34943816497935 17.429404794730814 79.55
      vertex 145.5065160486674 17.373201429255246 79.55
    endloop
  endfacet
  facet normal 0 0 -1
    outer loop
      vertex 128 7 79.55
      vertex 145.5065160486674 17.373201429255246 79.55
      vertex 145.6683464525726 17.332665023314508 79.55
    endloop
  endfacet
  facet normal 0 0 -1
    outer loop
      vertex 128 7 79.55
      vertex 145.6683464525726 17.332665023314508 79.55
      vertex 145.83337086143976 17.308185964657266 79.55
    endloop
  endfacet
  facet normal 0 0 -1
    outer loop
      vertex 128 7 79.55
      vertex 145.83337086143976 17.308185964657266 79.55
      vertex 146 17.3 79.55
    endloop
  endfacet
  facet normal 0 0 -1
    outer loop
      vertex 128 7 79.55
      vertex 146 17.3 79.55
      vertex 146.16662913856024 17.308185964657266 79.55
    endloop
  endfacet
  facet normal 0 0 -1
    outer loop
      vertex 128 7 79.55
      vertex 146.16662913856024 17.308185964657266 79.55
      vertex 146.3316535474274 17.332665023314508 79.55
    endloop
  endfacet
  facet normal 0 0 1
    outer loop
      vertex 131 16 83.55
      vertex 146 7 83.55
      vertex 144.37320142925523 18.506516048667415 83.55
    endloop
  endfacet
  facet normal 0 0 1
    outer loop
      vertex 131 16 83.55
      vertex 144.37320142925523 18.506516048667415 83.55
      vertex 144.33266502331452 18.66834645257258 83.55
    endloop
  endfacet
  facet normal 0 0 1
    outer loop
      vertex 131 16 83.55
      vertex 144.33266502331452 18.66834645257258 83.55
      vertex 144.30818596465727 18.833370861439747 83.55
    endloop
  endfacet
  facet normal 0 0 1
    outer loop
      vertex 131 16 83.55
      vertex 144.30818596465727 18.833370861439747 83.55
      vertex 144.3 19 83.55
    endloop
  endfacet
  facet normal 0 0 1
    outer loop
      vertex 131 16 83.55
      vertex 144.3 19 83.55
      vertex 144.30818596465727 19.166629138560253 83.55
    endloop
  endfacet
  facet normal 0 0 1
    outer loop
      vertex 131 16 83.55
      vertex 144.30818596465727 19.166629138560253 83.55
      vertex 144.33266502331452 19.33165354742742 83.55
    endloop
  endfacet
  facet normal 0 0 1
    outer loop
      vertex 131 16 83.55
      vertex 144.33266502331452 19.33165354742742 83.55
      vertex 144.37320142925523 19.493483951332585 83.55
    endloop
  endfacet
  facet normal 0 0 1
    outer loop
      vertex 131 16 83.55
      vertex 144.37320142925523 19.493483951332585 83.55
      vertex 144.4294047947308 19.650561835020653 83.55
    endloop
  endfacet
  facet normal 0 0 1
    outer loop
      vertex 131 20 83.55
      vertex 144.4294047947308 19.650561835020653 83.55
      vertex 144.5007338506078 19.801374452604197 83.55
    endloop
  endfacet
  facet normal 0 0 1
    outer loop
      vertex 131 20 83.55
      vertex 144.5007338506078 19.801374452604197 83.55
      vertex 144.58650165908568 19.944469396133325 83.55
    endloop
  endfacet
  facet normal 0 0 1
    outer loop
      vertex 131 20 83.55
      vertex 144.58650165908568 19.944469396133325 83.55
      vertex 144.68588222928335 20.078468583078198 83.55
    endloop
  endfacet
  facet normal 0 0 1
    outer loop
      vertex 131 20 83.55
      vertex 144.68588222928335 20.078468583078198 83.55
      vertex 144.79791847198288 20.202081528017132 83.55
    endloop
  endfacet
  facet normal 0 0 1
    outer loop
      vertex 131 20 83.55
      vertex 144.79791847198288 20.202081528017132 83.55
      vertex 144.9215314169218 20.314117770716653 83.55
    endloop
  endfacet
  facet normal 0 0 1
    outer loop
      vertex 131 20 83.55
      vertex 144.9215314169218 20.314117770716653 83.55
      vertex 145.05553060386669 20.413498340914327 83.55
    endloop
  endfacet
  facet normal 0 0 1
    outer loop
      vertex 131 20 83.55
      vertex 145.05553060386669 20.413498340914327 83.55
      vertex 145.1986255473958 20.499266149392202 83.55
    endloop
  endfacet
  facet normal 0 0 1
    outer loop
      vertex 131 20 83.55
      vertex 145.1986255473958 20.499266149392202 83.55
      vertex 145.34943816497935 20.570595205269186 83.55
    endloop
  endfacet
  facet normal 0 0 1
    outer loop
      vertex 131 20 83.55
      vertex 145.34943816497935 20.570595205269186 83.55
      vertex 145.5065160486674 20.626798570744754 83.55
    endloop
  endfacet
  facet normal 0 0 1
    outer loop
      vertex 131 20 83.55
      vertex 145.5065160486674 20.626798570744754 83.55
      vertex 145.6683464525726 20.667334976685492 83.55
    endloop
  endfacet
  facet normal 0 0 1
    outer loop
      vertex 131 20 83.55
      vertex 145.6683464525726 20.667334976685492 83.55
      vertex 145.83337086143976 20.691814035342734 83.55
    endloop
  endfacet
  facet normal 0 0 1
    outer loop
      vertex 131 20 83.55
      vertex 145.83337086143976 20.691814035342734 83.55
      vertex 146 20.7 83.55
    endloop
  endfacet
  facet normal 0 0 1
    outer loop
      vertex 131 20 83.55
      vertex 146 20.7 83.55
      vertex 150 21 83.55
    endloop
  endfacet
  facet normal 0 0 -1
    outer loop
      vertex 146 7 79.55
      vertex 146.3316535474274 17.332665023314508 79.55
      vertex 146.4934839513326 17.373201429255246 79.55
    endloop
  endfacet
  facet normal 0 0 -1
    outer loop
      vertex 146 7 79.55
      vertex 146.4934839513326 17.373201429255246 79.55
      vertex 146.65056183502065 17.429404794730814 79.55
    endloop
  endfacet
  facet normal 0 0 -1
    outer loop
      vertex 146 7 79.55
      vertex 146.65056183502065 17.429404794730814 79.55
      vertex 146.8013744526042 17.500733850607798 79.55
    endloop
  endfacet
  facet normal 0 0 -1
    outer loop
      vertex 146 7 79.55
      vertex 146.8013744526042 17.500733850607798 79.55
      vertex 146.94446939613331 17.586501659085673 79.55
    endloop
  endfacet
  facet normal 0 0 -1
    outer loop
      vertex 146 7 79.55
      vertex 146.94446939613331 17.586501659085673 79.55
      vertex 147.0784685830782 17.685882229283347 79.55
    endloop
  endfacet
  facet normal 0 0 -1
    outer loop
      vertex 146 7 79.55
      vertex 147.0784685830782 17.685882229283347 79.55
      vertex 147.20208152801712 17.797918471982868 79.55
    endloop
  endfacet
  facet normal 0 0 -1
    outer loop
      vertex 146 7 79.55
      vertex 147.20208152801712 17.797918471982868 79.55
      vertex 147.31411777071665 17.921531416921802 79.55
    endloop
  endfacet
  facet normal 0 0 -1
    outer loop
      vertex 146 7 79.55
      vertex 147.31411777071665 17.921531416921802 79.55
      vertex 147.41349834091432 18.055530603866675 79.55
    endloop
  endfacet
  facet normal 0 0 1
    outer loop
      vertex 146 7 83.55
      vertex 144.58650165908568 18.055530603866675 83.55
      vertex 144.5007338506078 18.198625547395803 83.55
    endloop
  endfacet
  facet normal 0 0 1
    outer loop
      vertex 146 7 83.55
      vertex 144.68588222928335 17.921531416921802 83.55
      vertex 144.58650165908568 18.055530603866675 83.55
    endloop
  endfacet
  facet normal 0 0 1
    outer loop
      vertex 146 7 83.55
      vertex 144.79791847198288 17.797918471982868 83.55
      vertex 144.68588222928335 17.921531416921802 83.55
    endloop
  endfacet
  facet normal 0 0 1
    outer loop
      vertex 146 7 83.55
      vertex 144.9215314169218 17.685882229283347 83.55
      vertex 144.79791847198288 17.797918471982868 83.55
    endloop
  endfacet
  facet normal 0 0 1
    outer loop
      vertex 146 7 83.55
      vertex 145.05553060386669 17.586501659085673 83.55
      vertex 144.9215314169218 17.685882229283347 83.55
    endloop
  endfacet
  facet normal 0 0 1
    outer loop
      vertex 146 7 83.55
      vertex 145.1986255473958 17.500733850607798 83.55
      vertex 145.05553060386669 17.586501659085673 83.55
    endloop
  endfacet
  facet normal 0 0 1
    outer loop
      vertex 146 7 83.55
      vertex 145.5065160486674 17.373201429255246 83.55
      vertex 145.34943816497935 17.429404794730814 83.55
    endloop
  endfacet
  facet normal 0 0 1
    outer loop
      vertex 146 7 83.55
      vertex 145.34943816497935 17.429404794730814 83.55
      vertex 145.1986255473958 17.500733850607798 83.55
    endloop
  endfacet
  facet normal 0 0 1
    outer loop
      vertex 146 7 83.55
      vertex 145.6683464525726 17.332665023314508 83.55
      vertex 145.5065160486674 17.373201429255246 83.55
    endloop
  endfacet
  facet normal 0 0 1
    outer loop
      vertex 146 7 83.55
      vertex 145.83337086143976 17.308185964657266 83.55
      vertex 145.6683464525726 17.332665023314508 83.55
    endloop
  endfacet
  facet normal 0 0 1
    outer loop
      vertex 146 7 83.55
      vertex 146 17.3 83.55
      vertex 145.83337086143976 17.308185964657266 83.55
    endloop
  endfacet
  facet normal 0 0 1
    outer loop
      vertex 146 7 83.55
      vertex 144.4294047947308 18.349438164979347 83.55
      vertex 144.37320142925523 18.506516048667415 83.55
    endloop
  endfacet
  facet normal 0 0 1
    outer loop
      vertex 146 7 83.55
      vertex 144.5007338506078 18.198625547395803 83.55
      vertex 144.4294047947308 18.349438164979347 83.55
    endloop
  endfacet
  facet normal 0 0 1
    outer loop
      vertex 146 7 83.55
      vertex 146.16662913856024 17.308185964657266 83.55
      vertex 146 17.3 83.55
    endloop
  endfacet
  facet normal 0 0 1
    outer loop
      vertex 146 7 83.55
      vertex 146.3316535474274 17.332665023314508 83.55
      vertex 146.16662913856024 17.308185964657266 83.55
    endloop
  endfacet
  facet normal 0 0 1
    outer loop
      vertex 146 7 83.55
      vertex 146.4934839513326 17.373201429255246 83.55
      vertex 146.3316535474274 17.332665023314508 83.55
    endloop
  endfacet
  facet normal 0 0 1
    outer loop
      vertex 146 7 83.55
      vertex 146.65056183502065 17.429404794730814 83.55
      vertex 146.4934839513326 17.373201429255246 83.55
    endloop
  endfacet
  facet normal 0 0 1
    outer loop
      vertex 146 7 83.55
      vertex 146.8013744526042 17.500733850607798 83.55
      vertex 146.65056183502065 17.429404794730814 83.55
    endloop
  endfacet
  facet normal 0 0 1
    outer loop
      vertex 146 7 83.55
      vertex 146.94446939613331 17.586501659085673 83.55
      vertex 146.8013744526042 17.500733850607798 83.55
    endloop
  endfacet
  facet normal 0 0 1
    outer loop
      vertex 146 7 83.55
      vertex 147.0784685830782 17.685882229283347 83.55
      vertex 146.94446939613331 17.586501659085673 83.55
    endloop
  endfacet
  facet normal 0 0 1
    outer loop
      vertex 146 7 83.55
      vertex 147.20208152801712 17.797918471982868 83.55
      vertex 147.0784685830782 17.685882229283347 83.55
    endloop
  endfacet
  facet normal 0 0 1
    outer loop
      vertex 146 7 83.55
      vertex 147.31411777071665 17.921531416921802 83.55
      vertex 147.20208152801712 17.797918471982868 83.55
    endloop
  endfacet
  facet normal 0 0 1
    outer loop
      vertex 146 7 83.55
      vertex 147.41349834091432 18.055530603866675 83.55
      vertex 147.31411777071665 17.921531416921802 83.55
    endloop
  endfacet
  facet normal 0 0 -1
    outer loop
      vertex 150 21 79.55
      vertex 146 20.7 79.55
      vertex 145.83337086143976 20.691814035342734 79.55
    endloop
  endfacet
  facet normal 0 0 -1
    outer loop
      vertex 150 21 79.55
      vertex 147.62679857074477 18.506516048667415 79.55
      vertex 147.66733497668548 18.66834645257258 79.55
    endloop
  endfacet
  facet normal 0 0 -1
    outer loop
      vertex 150 21 79.55
      vertex 147.66733497668548 18.66834645257258 79.55
      vertex 147.69181403534273 18.833370861439747 79.55
    endloop
  endfacet
  facet normal 0 0 -1
    outer loop
      vertex 150 21 79.55
      vertex 147.69181403534273 18.833370861439747 79.55
      vertex 147.7 19 79.55
    endloop
  endfacet
  facet normal 0 0 -1
    outer loop
      vertex 150 21 79.55
      vertex 146.16662913856024 20.691814035342734 79.55
      vertex 146 20.7 79.55
    endloop
  endfacet
  facet normal 0 0 -1
    outer loop
      vertex 150 21 79.55
      vertex 146.3316535474274 20.667334976685492 79.55
      vertex 146.16662913856024 20.691814035342734 79.55
    endloop
  endfacet
  facet normal 0 0 -1
    outer loop
      vertex 150 21 79.55
      vertex 146.4934839513326 20.626798570744754 79.55
      vertex 146.3316535474274 20.667334976685492 79.55
    endloop
  endfacet
  facet normal 0 0 -1
    outer loop
      vertex 150 21 79.55
      vertex 146.94446939613331 20.413498340914327 79.55
      vertex 146.8013744526042 20.499266149392202 79.55
    endloop
  endfacet
  facet normal 0 0 -1
    outer loop
      vertex 150 21 79.55
      vertex 146.65056183502065 20.570595205269186 79.55
      vertex 146.4934839513326 20.626798570744754 79.55
    endloop
  endfacet
  facet normal 0 0 -1
    outer loop
      vertex 150 21 79.55
      vertex 146.8013744526042 20.499266149392202 79.55
      vertex 146.65056183502065 20.570595205269186 79.55
    endloop
  endfacet
  facet normal 0 0 -1
    outer loop
      vertex 150 21 79.55
      vertex 147.4992661493922 19.801374452604197 79.55
      vertex 147.41349834091432 19.944469396133325 79.55
    endloop
  endfacet
  facet normal 0 0 -1
    outer loop
      vertex 150 21 79.55
      vertex 147.41349834091432 19.944469396133325 79.55
      vertex 147.31411777071665 20.078468583078198 79.55
    endloop
  endfacet
  facet normal 0 0 -1
    outer loop
      vertex 150 21 79.55
      vertex 147.7 19 79.55
      vertex 147.69181403534273 19.166629138560253 79.55
    endloop
  endfacet
  facet normal 0 0 -1
    outer loop
      vertex 150 21 79.55
      vertex 147.69181403534273 19.166629138560253 79.55
      vertex 147.66733497668548 19.33165354742742 79.55
    endloop
  endfacet
  facet normal 0 0 -1
    outer loop
      vertex 150 21 79.55
      vertex 147.66733497668548 19.33165354742742 79.55
      vertex 147.62679857074477 19.493483951332585 79.55
    endloop
  endfacet
  facet normal 0 0 -1
    outer loop
      vertex 150 21 79.55
      vertex 147.62679857074477 19.493483951332585 79.55
      vertex 147.5705952052692 19.650561835020653 79.55
    endloop
  endfacet
  facet normal 0 0 -1
    outer loop
      vertex 150 21 79.55
      vertex 147.5705952052692 19.650561835020653 79.55
      vertex 147.4992661493922 19.801374452604197 79.55
    endloop
  endfacet
  facet normal 0 0 -1
    outer loop
      vertex 150 21 79.55
      vertex 147.20208152801712 20.202081528017132 79.55
      vertex 147.0784685830782 20.314117770716653 79.55
    endloop
  endfacet
  facet normal 0 0 -1
    outer loop
      vertex 150 21 79.55
      vertex 147.0784685830782 20.314117770716653 79.55
      vertex 146.94446939613331 20.413498340914327 79.55
    endloop
  endfacet
  facet normal 0 0 -1
    outer loop
      vertex 150 21 79.55
      vertex 147.31411777071665 20.078468583078198 79.55
      vertex 147.20208152801712 20.202081528017132 79.55
    endloop
  endfacet
  facet normal 0 0 1
    outer loop
      vertex 150 21 83.55
      vertex 147.66733497668548 18.66834645257258 83.55
      vertex 147.62679857074477 18.506516048667415 83.55
    endloop
  endfacet
  facet normal 0 0 1
    outer loop
      vertex 150 21 83.55
      vertex 147.69181403534273 18.833370861439747 83.55
      vertex 147.66733497668548 18.66834645257258 83.55
    endloop
  endfacet
  facet normal 0 0 1
    outer loop
      vertex 150 21 83.55
      vertex 147.7 19 83.55
      vertex 147.69181403534273 18.833370861439747 83.55
    endloop
  endfacet
  facet normal 0 0 1
    outer loop
      vertex 150 21 83.55
      vertex 146 20.7 83.55
      vertex 146.16662913856024 20.691814035342734 83.55
    endloop
  endfacet
  facet normal 0 0 1
    outer loop
      vertex 150 21 83.55
      vertex 146.16662913856024 20.691814035342734 83.55
      vertex 146.3316535474274 20.667334976685492 83.55
    endloop
  endfacet
  facet normal 0 0 1
    outer loop
      vertex 150 21 83.55
      vertex 146.3316535474274 20.667334976685492 83.55
      vertex 146.4934839513326 20.626798570744754 83.55
    endloop
  endfacet
  facet normal 0 0 1
    outer loop
      vertex 150 21 83.55
      vertex 146.8013744526042 20.499266149392202 83.55
      vertex 146.94446939613331 20.413498340914327 83.55
    endloop
  endfacet
  facet normal 0 0 1
    outer loop
      vertex 150 21 83.55
      vertex 146.4934839513326 20.626798570744754 83.55
      vertex 146.65056183502065 20.570595205269186 83.55
    endloop
  endfacet
  facet normal 0 0 1
    outer loop
      vertex 150 21 83.55
      vertex 146.65056183502065 20.570595205269186 83.55
      vertex 146.8013744526042 20.499266149392202 83.55
    endloop
  endfacet
  facet normal 0 0 1
    outer loop
      vertex 150 21 83.55
      vertex 147.41349834091432 19.944469396133325 83.55
      vertex 147.4992661493922 19.801374452604197 83.55
    endloop
  endfacet
  facet normal 0 0 1
    outer loop
      vertex 150 21 83.55
      vertex 147.31411777071665 20.078468583078198 83.55
      vertex 147.41349834091432 19.944469396133325 83.55
    endloop
  endfacet
  facet normal 0 0 1
    outer loop
      vertex 150 21 83.55
      vertex 147.69181403534273 19.166629138560253 83.55
      vertex 147.7 19 83.55
    endloop
  endfacet
  facet normal 0 0 1
    outer loop
      vertex 150 21 83.55
      vertex 147.66733497668548 19.33165354742742 83.55
      vertex 147.69181403534273 19.166629138560253 83.55
    endloop
  endfacet
  facet normal 0 0 1
    outer loop
      vertex 150 21 83.55
      vertex 147.62679857074477 19.493483951332585 83.55
      vertex 147.66733497668548 19.33165354742742 83.55
    endloop
  endfacet
  facet normal 0 0 1
    outer loop
      vertex 150 21 83.55
      vertex 147.5705952052692 19.650561835020653 83.55
      vertex 147.62679857074477 19.493483951332585 83.55
    endloop
  endfacet
  facet normal 0 0 1
    outer loop
      vertex 150 21 83.55
      vertex 147.4992661493922 19.801374452604197 83.55
      vertex 147.5705952052692 19.650561835020653 83.55
    endloop
  endfacet
  facet normal 0 0 1
    outer loop
      vertex 150 21 83.55
      vertex 147.0784685830782 20.314117770716653 83.55
      vertex 147.20208152801712 20.202081528017132 83.55
    endloop
  endfacet
  facet normal 0 0 1
    outer loop
      vertex 150 21 83.55
      vertex 146.94446939613331 20.413498340914327 83.55
      vertex 147.0784685830782 20.314117770716653 83.55
    endloop
  endfacet
  facet normal 0 0 1
    outer loop
      vertex 150 21 83.55
      vertex 147.20208152801712 20.202081528017132 83.55
      vertex 147.31411777071665 20.078468583078198 83.55
    endloop
  endfacet
  facet normal 1 0 0
    outer loop
      vertex 121 -16 83.55
      vertex 121 -12.111140466039204 87.3370607753949
      vertex 121 -12.268786568327291 87.45397909327453
    endloop
  endfacet
  facet normal 1 0 0
    outer loop
      vertex 121 -16 83.55
      vertex 121 -11.942793473651996 87.23615747130329
      vertex 121 -12.111140466039204 87.3370607753949
    endloop
  endfacet
  facet normal 1 0 0
    outer loop
      vertex 121 -16 83.55
      vertex 121 -11.76536686473018 87.15224093497743
      vertex 121 -11.942793473651996 87.23615747130329
    endloop
  endfacet
  facet normal 1 0 0
    outer loop
      vertex 121 -16 83.55
      vertex 121 -11.580569354508924 87.08611932853559
      vertex 121 -11.76536686473018 87.15224093497743
    endloop
  endfacet
  facet normal 1 0 0
    outer loop
      vertex 121 -16 83.55
      vertex 121 -11.390180644032256 87.03842943919354
      vertex 121 -11.580569354508924 87.08611932853559
    endloop
  endfacet
  facet normal 1 0 0
    outer loop
      vertex 121 -16 83.55
      vertex 121 -11.196034280659122 87.0096305466556
      vertex 121 -11.390180644032256 87.03842943919354
    endloop
  endfacet
  facet normal 1 0 0
    outer loop
      vertex 121 -16 83.55
      vertex 121 -11 87
      vertex 121 -11.196034280659122 87.0096305466556
    endloop
  endfacet
  facet normal 1 0 0
    outer loop
      vertex 121 -16 83.55
      vertex 121 -10.803965719340878 87.0096305466556
      vertex 121 -11 87
    endloop
  endfacet
  facet normal 1 0 0
    outer loop
      vertex 121 -16 83.55
      vertex 121 -10.609819355967744 87.03842943919354
      vertex 121 -10.803965719340878 87.0096305466556
    endloop
  endfacet
  facet normal 1 0 0
    outer loop
      vertex 121 -16 83.55
      vertex 121 -10.419430645491076 87.08611932853559
      vertex 121 -10.609819355967744 87.03842943919354
    endloop
  endfacet
  facet normal 1 0 0
    outer loop
      vertex 121 -16 83.55
      vertex 121 -10.23463313526982 87.15224093497743
      vertex 121 -10.419430645491076 87.08611932853559
    endloop
  endfacet
  facet normal 1 0 0
    outer loop
      vertex 121 -16 83.55
      vertex 121 -10.057206526348004 87.23615747130329
      vertex 121 -10.23463313526982 87.15224093497743
    endloop
  endfacet
  facet normal 1 0 0
    outer loop
      vertex 121 -16 83.55
      vertex 121 -9.888859533960796 87.3370607753949
      vertex 121 -10.057206526348004 87.23615747130329
    endloop
  endfacet
  facet normal 1 0 0
    outer loop
      vertex 121 -16 83.55
      vertex 121 -12.66293922460509 87.8888595339608
      vertex 121 -12.76384252869671 88.05720652634801
    endloop
  endfacet
  facet normal 1 0 0
    outer loop
      vertex 121 -16 83.55
      vertex 121 -12.76384252869671 88.05720652634801
      vertex 121 -12.847759065022574 88.23463313526982
    endloop
  endfacet
  facet normal 1 0 0
    outer loop
      vertex 121 -16 83.55
      vertex 121 -12.847759065022574 88.23463313526982
      vertex 121 -12.913880671464417 88.41943064549108
    endloop
  endfacet
  facet normal 1 0 0
    outer loop
      vertex 121 -16 83.55
      vertex 121 -12.913880671464417 88.41943064549108
      vertex 121 -12.96157056080646 88.60981935596774
    endloop
  endfacet
  facet normal 1 0 0
    outer loop
      vertex 121 -16 83.55
      vertex 121 -12.96157056080646 88.60981935596774
      vertex 121 -12.990369453344394 88.80396571934088
    endloop
  endfacet
  facet normal 1 0 0
    outer loop
      vertex 121 -16 83.55
      vertex 121 -12.414213562373096 87.58578643762691
      vertex 121 -12.546020906725474 87.73121343167271
    endloop
  endfacet
  facet normal 1 0 0
    outer loop
      vertex 121 -16 83.55
      vertex 121 -12.268786568327291 87.45397909327453
      vertex 121 -12.414213562373096 87.58578643762691
    endloop
  endfacet
  facet normal 1 0 0
    outer loop
      vertex 121 -16 83.55
      vertex 121 -12.546020906725474 87.73121343167271
      vertex 121 -12.66293922460509 87.8888595339608
    endloop
  endfacet
  facet normal 1 0 0
    outer loop
      vertex 121 -16 83.55
      vertex 121 -12.990369453344394 88.80396571934088
      vertex 121 -13 89
    endloop
  endfacet
  facet normal 1 0 0
    outer loop
      vertex 121 -16 83.55
      vertex 121 -13 89
      vertex 121 -12.990369453344394 89.19603428065912
    endloop
  endfacet
  facet normal 1 0 0
    outer loop
      vertex 121 -16 83.55
      vertex 121 -12.990369453344394 89.19603428065912
      vertex 121 -16 91.55
    endloop
  endfacet
  facet normal 1 0 0
    outer loop
      vertex 121 -16 91.55
      vertex 121 -12.990369453344394 89.19603428065912
      vertex 121 -12.96157056080646 89.39018064403226
    endloop
  endfacet
  facet normal 1 0 0
    outer loop
      vertex 121 -16 91.55
      vertex 121 -12.96157056080646 89.39018064403226
      vertex 121 -12.913880671464417 89.58056935450892
    endloop
  endfacet
  facet normal 1 0 0
    outer loop
      vertex 121 -16 91.55
      vertex 121 -12.913880671464417 89.58056935450892
      vertex 121 -12.847759065022574 89.76536686473018
    endloop
  endfacet
  facet normal 1 0 0
    outer loop
      vertex 121 -16 91.55
      vertex 121 -12.847759065022574 89.76536686473018
      vertex 121 -12.76384252869671 89.94279347365199
    endloop
  endfacet
  facet normal 1 0 0
    outer loop
      vertex 121 -16 91.55
      vertex 121 -12.76384252869671 89.94279347365199
      vertex 121 -12.66293922460509 90.1111404660392
    endloop
  endfacet
  facet normal 1 0 0
    outer loop
      vertex 121 -16 91.55
      vertex 121 -12.66293922460509 90.1111404660392
      vertex 121 -12.546020906725474 90.26878656832729
    endloop
  endfacet
  facet normal 1 0 0
    outer loop
      vertex 121 -16 91.55
      vertex 121 -12.546020906725474 90.26878656832729
      vertex 121 -12.414213562373096 90.41421356237309
    endloop
  endfacet
  facet normal 1 0 0
    outer loop
      vertex 121 -16 91.55
      vertex 121 -12.414213562373096 90.41421356237309
      vertex 121 -12.268786568327291 90.54602090672547
    endloop
  endfacet
  facet normal 1 0 0
    outer loop
      vertex 121 -16 91.55
      vertex 121 -12.268786568327291 90.54602090672547
      vertex 121 -12.111140466039204 90.6629392246051
    endloop
  endfacet
  facet normal 1 0 0
    outer loop
      vertex 121 -16 91.55
      vertex 121 -12.111140466039204 90.6629392246051
      vertex 121 -11.942793473651996 90.76384252869671
    endloop
  endfacet
  facet normal 1 0 0
    outer loop
      vertex 121 -16 91.55
      vertex 121 -11.942793473651996 90.76384252869671
      vertex 121 -11.76536686473018 90.84775906502257
    endloop
  endfacet
  facet normal 1 0 0
    outer loop
      vertex 121 -16 91.55
      vertex 121 -11.76536686473018 90.84775906502257
      vertex 121 -11.580569354508924 90.91388067146441
    endloop
  endfacet
  facet normal 1 0 0
    outer loop
      vertex 121 -16 83.55
      vertex 121 16 83.55
      vertex 121 -9.888859533960796 87.3370607753949
    endloop
  endfacet
  facet normal 1 0 0
    outer loop
      vertex 121 16 83.55
      vertex 121 -9.731213431672709 87.45397909327453
      vertex 121 -9.888859533960796 87.3370607753949
    endloop
  endfacet
  facet normal 1 0 0
    outer loop
      vertex 121 16 83.55
      vertex 121 -9.585786437626904 87.58578643762691
      vertex 121 -9.731213431672709 87.45397909327453
    endloop
  endfacet
  facet normal 1 0 0
    outer loop
      vertex 121 16 83.55
      vertex 121 -9.453979093274526 87.73121343167271
      vertex 121 -9.585786437626904 87.58578643762691
    endloop
  endfacet
  facet normal 1 0 0
    outer loop
      vertex 121 16 83.55
      vertex 121 -9.33706077539491 87.8888595339608
      vertex 121 -9.453979093274526 87.73121343167271
    endloop
  endfacet
  facet normal 1 0 0
    outer loop
      vertex 121 16 83.55
      vertex 121 -9.23615747130329 88.05720652634801
      vertex 121 -9.33706077539491 87.8888595339608
    endloop
  endfacet
  facet normal 1 0 0
    outer loop
      vertex 121 16 83.55
      vertex 121 -9.152240934977426 88.23463313526982
      vertex 121 -9.23615747130329 88.05720652634801
    endloop
  endfacet
  facet normal 1 0 0
    outer loop
      vertex 121 16 83.55
      vertex 121 -9.086119328535583 88.41943064549108
      vertex 121 -9.152240934977426 88.23463313526982
    endloop
  endfacet
  facet normal 1 0 0
    outer loop
      vertex 121 16 83.55
      vertex 121 -9.03842943919354 88.60981935596774
      vertex 121 -9.086119328535583 88.41943064549108
    endloop
  endfacet
  facet normal 1 0 0
    outer loop
      vertex 121 16 83.55
      vertex 121 -9.009630546655606 88.80396571934088
      vertex 121 -9.03842943919354 88.60981935596774
    endloop
  endfacet
  facet normal 1 0 0
    outer loop
      vertex 121 16 83.55
      vertex 121 -9 89
      vertex 121 -9.009630546655606 88.80396571934088
    endloop
  endfacet
  facet normal 1 0 0
    outer loop
      vertex 121 16 83.55
      vertex 121 -9.009630546655606 89.19603428065912
      vertex 121 -9 89
    endloop
  endfacet
  facet normal 1 0 0
    outer loop
      vertex 121 16 83.55
      vertex 121 -9.03842943919354 89.39018064403226
      vertex 121 -9.009630546655606 89.19603428065912
    endloop
  endfacet
  facet normal 1 0 0
    outer loop
      vertex 121 16 83.55
      vertex 121 -9.086119328535583 89.58056935450892
      vertex 121 -9.03842943919354 89.39018064403226
    endloop
  endfacet
  facet normal 1 0 0
    outer loop
      vertex 121 16 83.55
      vertex 121 -9.152240934977426 89.76536686473018
      vertex 121 -9.086119328535583 89.58056935450892
    endloop
  endfacet
  facet normal 1 0 0
    outer loop
      vertex 121 16 83.55
      vertex 121 -9.23615747130329 89.94279347365199
      vertex 121 -9.152240934977426 89.76536686473018
    endloop
  endfacet
  facet normal 1 0 0
    outer loop
      vertex 121 16 83.55
      vertex 121 -9.585786437626904 90.41421356237309
      vertex 121 -9.453979093274526 90.26878656832729
    endloop
  endfacet
  facet normal 1 0 0
    outer loop
      vertex 121 16 83.55
      vertex 121 -9.731213431672709 90.54602090672547
      vertex 121 -9.585786437626904 90.41421356237309
    endloop
  endfacet
  facet normal 1 0 0
    outer loop
      vertex 121 16 83.55
      vertex 121 -9.33706077539491 90.1111404660392
      vertex 121 -9.23615747130329 89.94279347365199
    endloop
  endfacet
  facet normal 1 0 0
    outer loop
      vertex 121 16 83.55
      vertex 121 -9.453979093274526 90.26878656832729
      vertex 121 -9.33706077539491 90.1111404660392
    endloop
  endfacet
  facet normal 1 0 0
    outer loop
      vertex 121 -9.731213431672709 90.54602090672547
      vertex 121 9.453979093274526 87.73121343167271
      vertex 121 -11 98
    endloop
  endfacet
  facet normal 0 -1 0
    outer loop
      vertex 113 -16 91.55
      vertex 121 -16 106
      vertex 113 -16 100
    endloop
  endfacet
  facet normal 0 -1 0
    outer loop
      vertex 113 -16 100
      vertex 121 -16 106
      vertex 113 -16 106
    endloop
  endfacet
  facet normal -1 0 0
    outer loop
      vertex 113 -16 100
      vertex 113 -16 106
      vertex 113 16 100
    endloop
  endfacet
  facet normal 0 0 1
    outer loop
      vertex 113 -16 106
      vertex 121 -16 106
      vertex 113 16 106
    endloop
  endfacet
  facet normal 0 -1 0
    outer loop
      vertex 113 -16 91.55
      vertex 121 -16 91.55
      vertex 121 -16 106
    endloop
  endfacet
  facet normal 1 0 0
    outer loop
      vertex 121 -16 91.55
      vertex 121 -11.942793473651996 98.23615747130329
      vertex 121 -12.111140466039204 98.3370607753949
    endloop
  endfacet
  facet normal 1 0 0
    outer loop
      vertex 121 -16 91.55
      vertex 121 -11.76536686473018 98.15224093497743
      vertex 121 -11.942793473651996 98.23615747130329
    endloop
  endfacet
  facet normal 1 0 0
    outer loop
      vertex 121 -16 91.55
      vertex 121 -11.580569354508924 90.91388067146441
      vertex 121 -11.580569354508924 98.08611932853559
    endloop
  endfacet
  facet normal 1 0 0
    outer loop
      vertex 121 -11.580569354508924 90.91388067146441
      vertex 121 -11.390180644032256 90.96157056080646
      vertex 121 -11.580569354508924 98.08611932853559
    endloop
  endfacet
  facet normal 1 0 0
    outer loop
      vertex 121 -11.390180644032256 90.96157056080646
      vertex 121 -11.196034280659122 90.9903694533444
      vertex 121 -11.390180644032256 98.03842943919354
    endloop
  endfacet
  facet normal 1 0 0
    outer loop
      vertex 121 -11.196034280659122 90.9903694533444
      vertex 121 -11 91
      vertex 121 -11.196034280659122 98.0096305466556
    endloop
  endfacet
  facet normal 1 0 0
    outer loop
      vertex 121 -11 91
      vertex 121 -10.803965719340878 90.9903694533444
      vertex 121 -11 98
    endloop
  endfacet
  facet normal 1 0 0
    outer loop
      vertex 121 -11 98
      vertex 121 -10.803965719340878 90.9903694533444
      vertex 121 -10.609819355967744 90.96157056080646
    endloop
  endfacet
  facet normal 1 0 0
    outer loop
      vertex 121 -11 98
      vertex 121 -10.609819355967744 90.96157056080646
      vertex 121 -10.419430645491076 90.91388067146441
    endloop
  endfacet
  facet normal 1 0 0
    outer loop
      vertex 121 -11 98
      vertex 121 -10.419430645491076 90.91388067146441
      vertex 121 -10.23463313526982 90.84775906502257
    endloop
  endfacet
  facet normal 1 0 0
    outer loop
      vertex 121 -16 91.55
      vertex 121 -11.580569354508924 98.08611932853559
      vertex 121 -11.76536686473018 98.15224093497743
    endloop
  endfacet
  facet normal 1 0 0
    outer loop
      vertex 121 -11.390180644032256 98.03842943919354
      vertex 121 -11.580569354508924 98.08611932853559
      vertex 121 -11.390180644032256 90.96157056080646
    endloop
  endfacet
  facet normal 1 0 0
    outer loop
      vertex 121 -11.196034280659122 98.0096305466556
      vertex 121 -11.390180644032256 98.03842943919354
      vertex 121 -11.196034280659122 90.9903694533444
    endloop
  endfacet
  facet normal 1 0 0
    outer loop
      vertex 121 -11 98
      vertex 121 -11.196034280659122 98.0096305466556
      vertex 121 -11 91
    endloop
  endfacet
  facet normal 1 0 0
    outer loop
      vertex 121 -16 91.55
      vertex 121 -12.66293922460509 98.8888595339608
      vertex 121 -12.76384252869671 99.05720652634801
    endloop
  endfacet
  facet normal 1 0 0
    outer loop
      vertex 121 -16 91.55
      vertex 121 -12.76384252869671 99.05720652634801
      vertex 121 -12.847759065022574 99.23463313526982
    endloop
  endfacet
  facet normal 1 0 0
    outer loop
      vertex 121 -16 91.55
      vertex 121 -12.111140466039204 98.3370607753949
      vertex 121 -12.268786568327291 98.45397909327453
    endloop
  endfacet
  facet normal 1 0 0
    outer loop
      vertex 121 -16 91.55
      vertex 121 -12.268786568327291 98.45397909327453
      vertex 121 -12.414213562373096 98.58578643762691
    endloop
  endfacet
  facet normal 1 0 0
    outer loop
      vertex 121 -16 91.55
      vertex 121 -12.546020906725474 98.73121343167271
      vertex 121 -12.66293922460509 98.8888595339608
    endloop
  endfacet
  facet normal 1 0 0
    outer loop
      vertex 121 -16 91.55
      vertex 121 -12.414213562373096 98.58578643762691
      vertex 121 -12.546020906725474 98.73121343167271
    endloop
  endfacet
  facet normal 1 0 0
    outer loop
      vertex 121 -16 91.55
      vertex 121 -12.847759065022574 99.23463313526982
      vertex 121 -16 106
    endloop
  endfacet
  facet normal 1 0 0
    outer loop
      vertex 121 -16 106
      vertex 121 -12.847759065022574 99.23463313526982
      vertex 121 -12.913880671464417 99.41943064549108
    endloop
  endfacet
  facet normal 1 0 0
    outer loop
      vertex 121 -16 106
      vertex 121 -12.913880671464417 99.41943064549108
      vertex 121 -12.96157056080646 99.60981935596774
    endloop
  endfacet
  facet normal 1 0 0
    outer loop
      vertex 121 -16 106
      vertex 121 -12.96157056080646 99.60981935596774
      vertex 121 -12.990369453344394 99.80396571934088
    endloop
  endfacet
  facet normal 1 0 0
    outer loop
      vertex 121 -16 106
      vertex 121 -12.990369453344394 99.80396571934088
      vertex 121 -13 100
    endloop
  endfacet
  facet normal 1 0 0
    outer loop
      vertex 121 -16 106
      vertex 121 -13 100
      vertex 121 -12.990369453344394 100.19603428065912
    endloop
  endfacet
  facet normal 1 0 0
    outer loop
      vertex 121 -16 106
      vertex 121 -12.990369453344394 100.19603428065912
      vertex 121 -12.96157056080646 100.39018064403226
    endloop
  endfacet
  facet normal 1 0 0
    outer loop
      vertex 121 -16 106
      vertex 121 -12.96157056080646 100.39018064403226
      vertex 121 -12.913880671464417 100.58056935450892
    endloop
  endfacet
  facet normal 1 0 0
    outer loop
      vertex 121 -16 106
      vertex 121 -12.913880671464417 100.58056935450892
      vertex 121 -12.847759065022574 100.76536686473018
    endloop
  endfacet
  facet normal 1 0 0
    outer loop
      vertex 121 -16 106
      vertex 121 -12.847759065022574 100.76536686473018
      vertex 121 -12.76384252869671 100.94279347365199
    endloop
  endfacet
  facet normal 1 0 0
    outer loop
      vertex 121 -16 106
      vertex 121 -12.76384252869671 100.94279347365199
      vertex 121 -12.66293922460509 101.1111404660392
    endloop
  endfacet
  facet normal 1 0 0
    outer loop
      vertex 121 -16 106
      vertex 121 -12.66293922460509 101.1111404660392
      vertex 121 -12.546020906725474 101.26878656832729
    endloop
  endfacet
  facet normal 1 0 0
    outer loop
      vertex 121 -16 106
      vertex 121 -12.546020906725474 101.26878656832729
      vertex 121 -12.414213562373096 101.41421356237309
    endloop
  endfacet
  facet normal 1 0 0
    outer loop
      vertex 121 -16 106
      vertex 121 -12.414213562373096 101.41421356237309
      vertex 121 -12.268786568327291 101.54602090672547
    endloop
  endfacet
  facet normal 1 0 0
    outer loop
      vertex 121 -16 106
      vertex 121 -12.268786568327291 101.54602090672547
      vertex 121 -12.111140466039204 101.6629392246051
    endloop
  endfacet
  facet normal 1 0 0
    outer loop
      vertex 121 -16 106
      vertex 121 -12.111140466039204 101.6629392246051
      vertex 121 -11.942793473651996 101.76384252869671
    endloop
  endfacet
  facet normal 1 0 0
    outer loop
      vertex 121 -16 106
      vertex 121 -11.942793473651996 101.76384252869671
      vertex 121 -11.76536686473018 101.84775906502257
    endloop
  endfacet
  facet normal 1 0 0
    outer loop
      vertex 121 -16 106
      vertex 121 -11.76536686473018 101.84775906502257
      vertex 121 -11.580569354508924 101.91388067146441
    endloop
  endfacet
  facet normal 1 0 0
    outer loop
      vertex 121 -16 106
      vertex 121 -11.580569354508924 101.91388067146441
      vertex 121 -11.390180644032256 101.96157056080646
    endloop
  endfacet
  facet normal 1 0 0
    outer loop
      vertex 121 -16 106
      vertex 121 -11.390180644032256 101.96157056080646
      vertex 121 -11.196034280659122 101.9903694533444
    endloop
  endfacet
  facet normal 1 0 0
    outer loop
      vertex 121 -16 106
      vertex 121 -11.196034280659122 101.9903694533444
      vertex 121 -11 102
    endloop
  endfacet
  facet normal 1 0 0
    outer loop
      vertex 121 -16 106
      vertex 121 -11 102
      vertex 121 -10.803965719340878 101.9903694533444
    endloop
  endfacet
  facet normal 1 0 0
    outer loop
      vertex 121 -16 106
      vertex 121 -10.803965719340878 101.9903694533444
      vertex 121 -10.609819355967744 101.96157056080646
    endloop
  endfacet
  facet normal 1 0 0
    outer loop
      vertex 121 -16 106
      vertex 121 -10.609819355967744 101.96157056080646
      vertex 121 -10.419430645491076 101.91388067146441
    endloop
  endfacet
  facet normal 1 0 0
    outer loop
      vertex 121 -16 106
      vertex 121 -10.419430645491076 101.91388067146441
      vertex 121 -10.23463313526982 101.84775906502257
    endloop
  endfacet
  facet normal 1 0 0
    outer loop
      vertex 121 -16 106
      vertex 121 -10.23463313526982 101.84775906502257
      vertex 121 -10.057206526348004 101.76384252869671
    endloop
  endfacet
  facet normal 1 0 0
    outer loop
      vertex 121 -16 106
      vertex 121 -10.057206526348004 101.76384252869671
      vertex 121 -9.888859533960796 101.6629392246051
    endloop
  endfacet
  facet normal 1 0 0
    outer loop
      vertex 121 -9.888859533960796 90.6629392246051
      vertex 121 -9.731213431672709 90.54602090672547
      vertex 121 -11 98
    endloop
  endfacet
  facet normal 1 0 0
    outer loop
      vertex 121 -10.057206526348004 90.76384252869671
      vertex 121 -9.888859533960796 90.6629392246051
      vertex 121 -11 98
    endloop
  endfacet
  facet normal 1 0 0
    outer loop
      vertex 121 -11 98
      vertex 121 -10.23463313526982 90.84775906502257
      vertex 121 -10.057206526348004 90.76384252869671
    endloop
  endfacet
  facet normal 1 0 0
    outer loop
      vertex 121 -16 106
      vertex 121 -9.888859533960796 101.6629392246051
      vertex 121 9.086119328535583 88.41943064549108
    endloop
  endfacet
  facet normal 1 0 0
    outer loop
      vertex 121 -10.803965719340878 98.0096305466556
      vertex 121 -11 98
      vertex 121 9.33706077539491 87.8888595339608
    endloop
  endfacet
  facet normal 1 0 0
    outer loop
      vertex 121 -10.609819355967744 98.03842943919354
      vertex 121 -10.803965719340878 98.0096305466556
      vertex 121 9.23615747130329 88.05720652634801
    endloop
  endfacet
  facet normal 1 0 0
    outer loop
      vertex 121 -10.419430645491076 98.08611932853559
      vertex 121 -10.609819355967744 98.03842943919354
      vertex 121 9.152240934977426 88.23463313526982
    endloop
  endfacet
  facet normal 1 0 0
    outer loop
      vertex 121 9.086119328535583 88.41943064549108
      vertex 121 -10.23463313526982 98.15224093497743
      vertex 121 -10.419430645491076 98.08611932853559
    endloop
  endfacet
  facet normal 1 0 0
    outer loop
      vertex 121 9.086119328535583 88.41943064549108
      vertex 121 -10.057206526348004 98.23615747130329
      vertex 121 -10.23463313526982 98.15224093497743
    endloop
  endfacet
  facet normal 1 0 0
    outer loop
      vertex 121 9.086119328535583 88.41943064549108
      vertex 121 -9.888859533960796 98.3370607753949
      vertex 121 -10.057206526348004 98.23615747130329
    endloop
  endfacet
  facet normal 1 0 0
    outer loop
      vertex 121 9.086119328535583 88.41943064549108
      vertex 121 -9.731213431672709 98.45397909327453
      vertex 121 -9.888859533960796 98.3370607753949
    endloop
  endfacet
  facet normal 1 0 0
    outer loop
      vertex 121 9.086119328535583 88.41943064549108
      vertex 121 -9.585786437626904 98.58578643762691
      vertex 121 -9.731213431672709 98.45397909327453
    endloop
  endfacet
  facet normal 1 0 0
    outer loop
      vertex 121 9.086119328535583 88.41943064549108
      vertex 121 -9.453979093274526 98.73121343167271
      vertex 121 -9.585786437626904 98.58578643762691
    endloop
  endfacet
  facet normal 1 0 0
    outer loop
      vertex 121 9.086119328535583 88.41943064549108
      vertex 121 -9.33706077539491 98.8888595339608
      vertex 121 -9.453979093274526 98.73121343167271
    endloop
  endfacet
  facet normal 1 0 0
    outer loop
      vertex 121 9.086119328535583 88.41943064549108
      vertex 121 -9.23615747130329 99.05720652634801
      vertex 121 -9.33706077539491 98.8888595339608
    endloop
  endfacet
  facet normal 1 0 0
    outer loop
      vertex 121 9.086119328535583 88.41943064549108
      vertex 121 -9.152240934977426 99.23463313526982
      vertex 121 -9.23615747130329 99.05720652634801
    endloop
  endfacet
  facet normal 1 0 0
    outer loop
      vertex 121 9.086119328535583 88.41943064549108
      vertex 121 -9.086119328535583 99.41943064549108
      vertex 121 -9.152240934977426 99.23463313526982
    endloop
  endfacet
  facet normal 1 0 0
    outer loop
      vertex 121 9.086119328535583 88.41943064549108
      vertex 121 -9.03842943919354 99.60981935596774
      vertex 121 -9.086119328535583 99.41943064549108
    endloop
  endfacet
  facet normal 1 0 0
    outer loop
      vertex 121 9.086119328535583 88.41943064549108
      vertex 121 -9.009630546655606 99.80396571934088
      vertex 121 -9.03842943919354 99.60981935596774
    endloop
  endfacet
  facet normal 1 0 0
    outer loop
      vertex 121 9.086119328535583 88.41943064549108
      vertex 121 -9 100
      vertex 121 -9.009630546655606 99.80396571934088
    endloop
  endfacet
  facet normal 1 0 0
    outer loop
      vertex 121 9.086119328535583 88.41943064549108
      vertex 121 -9.009630546655606 100.19603428065912
      vertex 121 -9 100
    endloop
  endfacet
  facet normal 1 0 0
    outer loop
      vertex 121 9.086119328535583 88.41943064549108
      vertex 121 -9.03842943919354 100.39018064403226
      vertex 121 -9.009630546655606 100.19603428065912
    endloop
  endfacet
  facet normal 1 0 0
    outer loop
      vertex 121 9.086119328535583 88.41943064549108
      vertex 121 -9.086119328535583 100.58056935450892
      vertex 121 -9.03842943919354 100.39018064403226
    endloop
  endfacet
  facet normal 1 0 0
    outer loop
      vertex 121 9.086119328535583 88.41943064549108
      vertex 121 -9.152240934977426 100.76536686473018
      vertex 121 -9.086119328535583 100.58056935450892
    endloop
  endfacet
  facet normal 1 0 0
    outer loop
      vertex 121 9.086119328535583 88.41943064549108
      vertex 121 -9.33706077539491 101.1111404660392
      vertex 121 -9.23615747130329 100.94279347365199
    endloop
  endfacet
  facet normal 1 0 0
    outer loop
      vertex 121 9.086119328535583 88.41943064549108
      vertex 121 -9.23615747130329 100.94279347365199
      vertex 121 -9.152240934977426 100.76536686473018
    endloop
  endfacet
  facet normal 1 0 0
    outer loop
      vertex 121 9.086119328535583 88.41943064549108
      vertex 121 -9.585786437626904 101.41421356237309
      vertex 121 -9.453979093274526 101.26878656832729
    endloop
  endfacet
  facet normal 1 0 0
    outer loop
      vertex 121 9.086119328535583 88.41943064549108
      vertex 121 -9.888859533960796 101.6629392246051
      vertex 121 -9.731213431672709 101.54602090672547
    endloop
  endfacet
  facet normal 1 0 0
    outer loop
      vertex 121 9.086119328535583 88.41943064549108
      vertex 121 -9.731213431672709 101.54602090672547
      vertex 121 -9.585786437626904 101.41421356237309
    endloop
  endfacet
  facet normal 1 0 0
    outer loop
      vertex 121 9.086119328535583 88.41943064549108
      vertex 121 -9.453979093274526 101.26878656832729
      vertex 121 -9.33706077539491 101.1111404660392
    endloop
  endfacet
  facet normal 1 0 0
    outer loop
      vertex 121 -9.731213431672709 90.54602090672547
      vertex 121 9.585786437626904 87.58578643762691
      vertex 121 9.453979093274526 87.73121343167271
    endloop
  endfacet
  facet normal 1 0 0
    outer loop
      vertex 121 -9.731213431672709 90.54602090672547
      vertex 121 9.731213431672709 87.45397909327453
      vertex 121 9.585786437626904 87.58578643762691
    endloop
  endfacet
  facet normal 1 0 0
    outer loop
      vertex 121 -9.731213431672709 90.54602090672547
      vertex 121 10.609819355967744 87.03842943919354
      vertex 121 10.419430645491076 87.08611932853559
    endloop
  endfacet
  facet normal 1 0 0
    outer loop
      vertex 121 -9.731213431672709 90.54602090672547
      vertex 121 10.057206526348004 87.23615747130329
      vertex 121 9.888859533960796 87.3370607753949
    endloop
  endfacet
  facet normal 1 0 0
    outer loop
      vertex 121 -9.731213431672709 90.54602090672547
      vertex 121 10.23463313526982 87.15224093497743
      vertex 121 10.057206526348004 87.23615747130329
    endloop
  endfacet
  facet normal 1 0 0
    outer loop
      vertex 121 -9.731213431672709 90.54602090672547
      vertex 121 9.888859533960796 87.3370607753949
      vertex 121 9.731213431672709 87.45397909327453
    endloop
  endfacet
  facet normal 1 0 0
    outer loop
      vertex 121 -9.731213431672709 90.54602090672547
      vertex 121 10.419430645491076 87.08611932853559
      vertex 121 10.23463313526982 87.15224093497743
    endloop
  endfacet
  facet normal 1 0 0
    outer loop
      vertex 121 -11 98
      vertex 121 9.453979093274526 87.73121343167271
      vertex 121 9.33706077539491 87.8888595339608
    endloop
  endfacet
  facet normal 1 0 0
    outer loop
      vertex 121 -10.803965719340878 98.0096305466556
      vertex 121 9.33706077539491 87.8888595339608
      vertex 121 9.23615747130329 88.05720652634801
    endloop
  endfacet
  facet normal 1 0 0
    outer loop
      vertex 121 -10.609819355967744 98.03842943919354
      vertex 121 9.23615747130329 88.05720652634801
      vertex 121 9.152240934977426 88.23463313526982
    endloop
  endfacet
  facet normal 1 0 0
    outer loop
      vertex 121 9.086119328535583 88.41943064549108
      vertex 121 -10.419430645491076 98.08611932853559
      vertex 121 9.152240934977426 88.23463313526982
    endloop
  endfacet
  facet normal 1 0 0
    outer loop
      vertex 121 16 83.55
      vertex 121 10.609819355967744 87.03842943919354
      vertex 121 -9.731213431672709 90.54602090672547
    endloop
  endfacet
  facet normal 1 0 0
    outer loop
      vertex 121 16 83.55
      vertex 121 10.803965719340878 87.0096305466556
      vertex 121 10.609819355967744 87.03842943919354
    endloop
  endfacet
  facet normal 1 0 0
    outer loop
      vertex 121 16 83.55
      vertex 121 11 87
      vertex 121 10.803965719340878 87.0096305466556
    endloop
  endfacet
  facet normal 1 0 0
    outer loop
      vertex 121 16 83.55
      vertex 121 11.196034280659122 87.0096305466556
      vertex 121 11 87
    endloop
  endfacet
  facet normal 1 0 0
    outer loop
      vertex 121 16 83.55
      vertex 121 11.390180644032256 87.03842943919354
      vertex 121 11.196034280659122 87.0096305466556
    endloop
  endfacet
  facet normal 1 0 0
    outer loop
      vertex 121 16 83.55
      vertex 121 11.580569354508924 87.08611932853559
      vertex 121 11.390180644032256 87.03842943919354
    endloop
  endfacet
  facet normal 1 0 0
    outer loop
      vertex 121 16 83.55
      vertex 121 11.76536686473018 87.15224093497743
      vertex 121 11.580569354508924 87.08611932853559
    endloop
  endfacet
  facet normal 1 0 0
    outer loop
      vertex 121 16 83.55
      vertex 121 11.942793473651996 87.23615747130329
      vertex 121 11.76536686473018 87.15224093497743
    endloop
  endfacet
  facet normal 1 0 0
    outer loop
      vertex 121 16 83.55
      vertex 121 12.111140466039204 87.3370607753949
      vertex 121 11.942793473651996 87.23615747130329
    endloop
  endfacet
  facet normal 1 0 0
    outer loop
      vertex 121 16 83.55
      vertex 121 12.268786568327291 87.45397909327453
      vertex 121 12.111140466039204 87.3370607753949
    endloop
  endfacet
  facet normal 1 0 0
    outer loop
      vertex 121 16 83.55
      vertex 121 12.414213562373096 87.58578643762691
      vertex 121 12.268786568327291 87.45397909327453
    endloop
  endfacet
  facet normal 1 0 0
    outer loop
      vertex 121 16 83.55
      vertex 121 12.546020906725474 87.73121343167271
      vertex 121 12.414213562373096 87.58578643762691
    endloop
  endfacet
  facet normal 1 0 0
    outer loop
      vertex 121 16 83.55
      vertex 121 12.66293922460509 87.8888595339608
      vertex 121 12.546020906725474 87.73121343167271
    endloop
  endfacet
  facet normal 1 0 0
    outer loop
      vertex 121 16 83.55
      vertex 121 12.76384252869671 88.05720652634801
      vertex 121 12.66293922460509 87.8888595339608
    endloop
  endfacet
  facet normal 1 0 0
    outer loop
      vertex 121 16 83.55
      vertex 121 12.847759065022574 88.23463313526982
      vertex 121 12.76384252869671 88.05720652634801
    endloop
  endfacet
  facet normal 1 0 0
    outer loop
      vertex 121 16 83.55
      vertex 121 16 91.55
      vertex 121 12.847759065022574 88.23463313526982
    endloop
  endfacet
  facet normal 1 0 0
    outer loop
      vertex 121 16 91.55
      vertex 121 12.913880671464417 88.41943064549108
      vertex 121 12.847759065022574 88.23463313526982
    endloop
  endfacet
  facet normal 1 0 0
    outer loop
      vertex 121 16 91.55
      vertex 121 12.96157056080646 88.60981935596774
      vertex 121 12.913880671464417 88.41943064549108
    endloop
  endfacet
  facet normal 1 0 0
    outer loop
      vertex 121 16 91.55
      vertex 121 12.990369453344394 88.80396571934088
      vertex 121 12.96157056080646 88.60981935596774
    endloop
  endfacet
  facet normal 1 0 0
    outer loop
      vertex 121 16 91.55
      vertex 121 13 89
      vertex 121 12.990369453344394 88.80396571934088
    endloop
  endfacet
  facet normal 1 0 0
    outer loop
      vertex 121 16 91.55
      vertex 121 12.990369453344394 89.19603428065912
      vertex 121 13 89
    endloop
  endfacet
  facet normal 1 0 0
    outer loop
      vertex 121 16 91.55
      vertex 121 12.96157056080646 89.39018064403226
      vertex 121 12.990369453344394 89.19603428065912
    endloop
  endfacet
  facet normal 1 0 0
    outer loop
      vertex 121 16 91.55
      vertex 121 12.913880671464417 89.58056935450892
      vertex 121 12.96157056080646 89.39018064403226
    endloop
  endfacet
  facet normal 1 0 0
    outer loop
      vertex 121 16 91.55
      vertex 121 12.546020906725474 90.26878656832729
      vertex 121 12.66293922460509 90.1111404660392
    endloop
  endfacet
  facet normal 1 0 0
    outer loop
      vertex 121 16 91.55
      vertex 121 11.942793473651996 90.76384252869671
      vertex 121 12.111140466039204 90.6629392246051
    endloop
  endfacet
  facet normal 1 0 0
    outer loop
      vertex 121 16 91.55
      vertex 121 12.268786568327291 90.54602090672547
      vertex 121 12.414213562373096 90.41421356237309
    endloop
  endfacet
  facet normal 1 0 0
    outer loop
      vertex 121 16 91.55
      vertex 121 12.414213562373096 90.41421356237309
      vertex 121 12.546020906725474 90.26878656832729
    endloop
  endfacet
  facet normal 1 0 0
    outer loop
      vertex 121 16 91.55
      vertex 121 12.111140466039204 90.6629392246051
      vertex 121 12.268786568327291 90.54602090672547
    endloop
  endfacet
  facet normal 1 0 0
    outer loop
      vertex 121 16 91.55
      vertex 121 12.847759065022574 89.76536686473018
      vertex 121 12.913880671464417 89.58056935450892
    endloop
  endfacet
  facet normal 1 0 0
    outer loop
      vertex 121 16 91.55
      vertex 121 12.76384252869671 89.94279347365199
      vertex 121 12.847759065022574 89.76536686473018
    endloop
  endfacet
  facet normal 1 0 0
    outer loop
      vertex 121 16 91.55
      vertex 121 12.66293922460509 90.1111404660392
      vertex 121 12.76384252869671 89.94279347365199
    endloop
  endfacet
  facet normal -1 0 0
    outer loop
      vertex 113 -16 106
      vertex 113 16 106
      vertex 113 16 100
    endloop
  endfacet
  facet normal 0 1 0
    outer loop
      vertex 113 16 91.55
      vertex 113 16 100
      vertex 121 16 106
    endloop
  endfacet
  facet normal 0 1 0
    outer loop
      vertex 113 16 100
      vertex 113 16 106
      vertex 121 16 106
    endloop
  endfacet
  facet normal 1 0 0
    outer loop
      vertex 121 -16 106
      vertex 121 9.086119328535583 88.41943064549108
      vertex 121 9.03842943919354 88.60981935596774
    endloop
  endfacet
  facet normal 1 0 0
    outer loop
      vertex 121 -16 106
      vertex 121 9.03842943919354 88.60981935596774
      vertex 121 9.009630546655606 88.80396571934088
    endloop
  endfacet
  facet normal 1 0 0
    outer loop
      vertex 121 -16 106
      vertex 121 9.009630546655606 88.80396571934088
      vertex 121 9 89
    endloop
  endfacet
  facet normal 1 0 0
    outer loop
      vertex 121 -16 106
      vertex 121 9 89
      vertex 121 9.009630546655606 89.19603428065912
    endloop
  endfacet
  facet normal 1 0 0
    outer loop
      vertex 121 -16 106
      vertex 121 9.009630546655606 89.19603428065912
      vertex 121 9.03842943919354 89.39018064403226
    endloop
  endfacet
  facet normal 1 0 0
    outer loop
      vertex 121 -16 106
      vertex 121 9.03842943919354 89.39018064403226
      vertex 121 9.086119328535583 89.58056935450892
    endloop
  endfacet
  facet normal 1 0 0
    outer loop
      vertex 121 -16 106
      vertex 121 9.086119328535583 89.58056935450892
      vertex 121 9.152240934977426 89.76536686473018
    endloop
  endfacet
  facet normal 1 0 0
    outer loop
      vertex 121 -16 106
      vertex 121 9.152240934977426 89.76536686473018
      vertex 121 9.23615747130329 89.94279347365199
    endloop
  endfacet
  facet normal 1 0 0
    outer loop
      vertex 121 -16 106
      vertex 121 9.23615747130329 89.94279347365199
      vertex 121 9.33706077539491 90.1111404660392
    endloop
  endfacet
  facet normal 1 0 0
    outer loop
      vertex 121 -16 106
      vertex 121 9.33706077539491 90.1111404660392
      vertex 121 9.453979093274526 90.26878656832729
    endloop
  endfacet
  facet normal 1 0 0
    outer loop
      vertex 121 -16 106
      vertex 121 9.453979093274526 90.26878656832729
      vertex 121 9.585786437626904 90.41421356237309
    endloop
  endfacet
  facet normal 1 0 0
    outer loop
      vertex 121 -16 106
      vertex 121 9.585786437626904 90.41421356237309
      vertex 121 9.731213431672709 90.54602090672547
    endloop
  endfacet
  facet normal 1 0 0
    outer loop
      vertex 121 -16 106
      vertex 121 9.731213431672709 90.54602090672547
      vertex 121 9.888859533960796 90.6629392246051
    endloop
  endfacet
  facet normal 1 0 0
    outer loop
      vertex 121 -16 106
      vertex 121 9.888859533960796 90.6629392246051
      vertex 121 10.057206526348004 90.76384252869671
    endloop
  endfacet
  facet normal 1 0 0
    outer loop
      vertex 121 -16 106
      vertex 121 10.057206526348004 90.76384252869671
      vertex 121 10.23463313526982 90.84775906502257
    endloop
  endfacet
  facet normal 1 0 0
    outer loop
      vertex 121 -16 106
      vertex 121 10.23463313526982 90.84775906502257
      vertex 121 10.419430645491076 90.91388067146441
    endloop
  endfacet
  facet normal 1 0 0
    outer loop
      vertex 121 -16 106
      vertex 121 10.419430645491076 90.91388067146441
      vertex 121 10.609819355967744 90.96157056080646
    endloop
  endfacet
  facet normal 1 0 0
    outer loop
      vertex 121 -16 106
      vertex 121 10.609819355967744 90.96157056080646
      vertex 121 10.803965719340878 90.9903694533444
    endloop
  endfacet
  facet normal 1 0 0
    outer loop
      vertex 121 -16 106
      vertex 121 10.803965719340878 90.9903694533444
      vertex 121 11 91
    endloop
  endfacet
  facet normal 1 0 0
    outer loop
      vertex 121 -16 106
      vertex 121 11 91
      vertex 121 11.196034280659122 90.9903694533444
    endloop
  endfacet
  facet normal 1 0 0
    outer loop
      vertex 121 -16 106
      vertex 121 11.196034280659122 90.9903694533444
      vertex 121 11.390180644032256 90.96157056080646
    endloop
  endfacet
  facet normal 1 0 0
    outer loop
      vertex 121 -16 106
      vertex 121 11.76536686473018 90.84775906502257
      vertex 121 11.942793473651996 90.76384252869671
    endloop
  endfacet
  facet normal 1 0 0
    outer loop
      vertex 121 -16 106
      vertex 121 11.390180644032256 90.96157056080646
      vertex 121 11.580569354508924 90.91388067146441
    endloop
  endfacet
  facet normal 1 0 0
    outer loop
      vertex 121 -16 106
      vertex 121 11.580569354508924 90.91388067146441
      vertex 121 11.76536686473018 90.84775906502257
    endloop
  endfacet
  facet normal 1 0 0
    outer loop
      vertex 121 -16 106
      vertex 121 11.942793473651996 90.76384252869671
      vertex 121 16 91.55
    endloop
  endfacet
  facet normal 1 0 0
    outer loop
      vertex 121 -16 106
      vertex 121 16 91.55
      vertex 121 10.419430645491076 98.08611932853559
    endloop
  endfacet
  facet normal 1 0 0
    outer loop
      vertex 121 -16 106
      vertex 121 9.731213431672709 98.45397909327453
      vertex 121 9.585786437626904 98.58578643762691
    endloop
  endfacet
  facet normal 1 0 0
    outer loop
      vertex 121 -16 106
      vertex 121 9.888859533960796 98.3370607753949
      vertex 121 9.731213431672709 98.45397909327453
    endloop
  endfacet
  facet normal 1 0 0
    outer loop
      vertex 121 -16 106
      vertex 121 10.23463313526982 98.15224093497743
      vertex 121 10.057206526348004 98.23615747130329
    endloop
  endfacet
  facet normal 1 0 0
    outer loop
      vertex 121 -16 106
      vertex 121 10.419430645491076 98.08611932853559
      vertex 121 10.23463313526982 98.15224093497743
    endloop
  endfacet
  facet normal 1 0 0
    outer loop
      vertex 121 -16 106
      vertex 121 10.057206526348004 98.23615747130329
      vertex 121 9.888859533960796 98.3370607753949
    endloop
  endfacet
  facet normal 1 0 0
    outer loop
      vertex 121 -16 106
      vertex 121 9.453979093274526 98.73121343167271
      vertex 121 9.33706077539491 98.8888595339608
    endloop
  endfacet
  facet normal 1 0 0
    outer loop
      vertex 121 -16 106
      vertex 121 9.23615747130329 99.05720652634801
      vertex 121 9.152240934977426 99.23463313526982
    endloop
  endfacet
  facet normal 1 0 0
    outer loop
      vertex 121 -16 106
      vertex 121 9.33706077539491 98.8888595339608
      vertex 121 9.23615747130329 99.05720652634801
    endloop
  endfacet
  facet normal 1 0 0
    outer loop
      vertex 121 -16 106
      vertex 121 9.585786437626904 98.58578643762691
      vertex 121 9.453979093274526 98.73121343167271
    endloop
  endfacet
  facet normal 1 0 0
    outer loop
      vertex 121 -16 106
      vertex 121 9.152240934977426 99.23463313526982
      vertex 121 9.086119328535583 99.41943064549108
    endloop
  endfacet
  facet normal 1 0 0
    outer loop
      vertex 121 -16 106
      vertex 121 9.086119328535583 99.41943064549108
      vertex 121 9.03842943919354 99.60981935596774
    endloop
  endfacet
  facet normal 1 0 0
    outer loop
      vertex 121 -16 106
      vertex 121 9.03842943919354 99.60981935596774
      vertex 121 9.009630546655606 99.80396571934088
    endloop
  endfacet
  facet normal 1 0 0
    outer loop
      vertex 121 -16 106
      vertex 121 9.009630546655606 99.80396571934088
      vertex 121 9 100
    endloop
  endfacet
  facet normal 1 0 0
    outer loop
      vertex 121 -16 106
      vertex 121 9 100
      vertex 121 9.009630546655606 100.19603428065912
    endloop
  endfacet
  facet normal 1 0 0
    outer loop
      vertex 121 -16 106
      vertex 121 9.009630546655606 100.19603428065912
      vertex 121 9.03842943919354 100.39018064403226
    endloop
  endfacet
  facet normal 1 0 0
    outer loop
      vertex 121 -16 106
      vertex 121 9.03842943919354 100.39018064403226
      vertex 121 9.086119328535583 100.58056935450892
    endloop
  endfacet
  facet normal 1 0 0
    outer loop
      vertex 121 -16 106
      vertex 121 9.086119328535583 100.58056935450892
      vertex 121 9.152240934977426 100.76536686473018
    endloop
  endfacet
  facet normal 1 0 0
    outer loop
      vertex 121 -16 106
      vertex 121 9.152240934977426 100.76536686473018
      vertex 121 9.23615747130329 100.94279347365199
    endloop
  endfacet
  facet normal 1 0 0
    outer loop
      vertex 121 -16 106
      vertex 121 9.23615747130329 100.94279347365199
      vertex 121 9.33706077539491 101.1111404660392
    endloop
  endfacet
  facet normal 1 0 0
    outer loop
      vertex 121 -16 106
      vertex 121 9.33706077539491 101.1111404660392
      vertex 121 9.453979093274526 101.26878656832729
    endloop
  endfacet
  facet normal 1 0 0
    outer loop
      vertex 121 -16 106
      vertex 121 9.453979093274526 101.26878656832729
      vertex 121 9.585786437626904 101.41421356237309
    endloop
  endfacet
  facet normal 1 0 0
    outer loop
      vertex 121 -16 106
      vertex 121 9.585786437626904 101.41421356237309
      vertex 121 9.731213431672709 101.54602090672547
    endloop
  endfacet
  facet normal 1 0 0
    outer loop
      vertex 121 -16 106
      vertex 121 9.731213431672709 101.54602090672547
      vertex 121 9.888859533960796 101.6629392246051
    endloop
  endfacet
  facet normal 1 0 0
    outer loop
      vertex 121 -16 106
      vertex 121 9.888859533960796 101.6629392246051
      vertex 121 10.057206526348004 101.76384252869671
    endloop
  endfacet
  facet normal 1 0 0
    outer loop
      vertex 121 -16 106
      vertex 121 10.057206526348004 101.76384252869671
      vertex 121 10.23463313526982 101.84775906502257
    endloop
  endfacet
  facet normal 1 0 0
    outer loop
      vertex 121 -16 106
      vertex 121 10.23463313526982 101.84775906502257
      vertex 121 10.419430645491076 101.91388067146441
    endloop
  endfacet
  facet normal 1 0 0
    outer loop
      vertex 121 -16 106
      vertex 121 10.419430645491076 101.91388067146441
      vertex 121 10.609819355967744 101.96157056080646
    endloop
  endfacet
  facet normal 1 0 0
    outer loop
      vertex 121 -16 106
      vertex 121 10.609819355967744 101.96157056080646
      vertex 121 10.803965719340878 101.9903694533444
    endloop
  endfacet
  facet normal 1 0 0
    outer loop
      vertex 121 -16 106
      vertex 121 10.803965719340878 101.9903694533444
      vertex 121 11 102
    endloop
  endfacet
  facet normal 1 0 0
    outer loop
      vertex 121 -16 106
      vertex 121 11 102
      vertex 121 11.196034280659122 101.9903694533444
    endloop
  endfacet
  facet normal 1 0 0
    outer loop
      vertex 121 -16 106
      vertex 121 11.196034280659122 101.9903694533444
      vertex 121 16 106
    endloop
  endfacet
  facet normal 0 0 1
    outer loop
      vertex 121 -16 106
      vertex 121 16 106
      vertex 113 16 106
    endloop
  endfacet
  facet normal 1 0 0
    outer loop
      vertex 121 16 91.55
      vertex 121 10.609819355967744 98.03842943919354
      vertex 121 10.419430645491076 98.08611932853559
    endloop
  endfacet
  facet normal 1 0 0
    outer loop
      vertex 121 16 91.55
      vertex 121 10.803965719340878 98.0096305466556
      vertex 121 10.609819355967744 98.03842943919354
    endloop
  endfacet
  facet normal 1 0 0
    outer loop
      vertex 121 16 91.55
      vertex 121 11 98
      vertex 121 10.803965719340878 98.0096305466556
    endloop
  endfacet
  facet normal 1 0 0
    outer loop
      vertex 121 16 91.55
      vertex 121 11.196034280659122 98.0096305466556
      vertex 121 11 98
    endloop
  endfacet
  facet normal 1 0 0
    outer loop
      vertex 121 16 91.55
      vertex 121 11.390180644032256 98.03842943919354
      vertex 121 11.196034280659122 98.0096305466556
    endloop
  endfacet
  facet normal 1 0 0
    outer loop
      vertex 121 16 91.55
      vertex 121 11.580569354508924 98.08611932853559
      vertex 121 11.390180644032256 98.03842943919354
    endloop
  endfacet
  facet normal 1 0 0
    outer loop
      vertex 121 16 91.55
      vertex 121 11.76536686473018 98.15224093497743
      vertex 121 11.580569354508924 98.08611932853559
    endloop
  endfacet
  facet normal 1 0 0
    outer loop
      vertex 121 16 91.55
      vertex 121 11.942793473651996 98.23615747130329
      vertex 121 11.76536686473018 98.15224093497743
    endloop
  endfacet
  facet normal 1 0 0
    outer loop
      vertex 121 16 91.55
      vertex 121 12.111140466039204 98.3370607753949
      vertex 121 11.942793473651996 98.23615747130329
    endloop
  endfacet
  facet normal 1 0 0
    outer loop
      vertex 121 16 91.55
      vertex 121 12.268786568327291 98.45397909327453
      vertex 121 12.111140466039204 98.3370607753949
    endloop
  endfacet
  facet normal 1 0 0
    outer loop
      vertex 121 16 91.55
      vertex 121 12.414213562373096 98.58578643762691
      vertex 121 12.268786568327291 98.45397909327453
    endloop
  endfacet
  facet normal 1 0 0
    outer loop
      vertex 121 16 91.55
      vertex 121 12.546020906725474 98.73121343167271
      vertex 121 12.414213562373096 98.58578643762691
    endloop
  endfacet
  facet normal 1 0 0
    outer loop
      vertex 121 16 91.55
      vertex 121 12.66293922460509 98.8888595339608
      vertex 121 12.546020906725474 98.73121343167271
    endloop
  endfacet
  facet normal 1 0 0
    outer loop
      vertex 121 16 91.55
      vertex 121 12.76384252869671 99.05720652634801
      vertex 121 12.66293922460509 98.8888595339608
    endloop
  endfacet
  facet normal 1 0 0
    outer loop
      vertex 121 16 91.55
      vertex 121 12.847759065022574 99.23463313526982
      vertex 121 12.76384252869671 99.05720652634801
    endloop
  endfacet
  facet normal 1 0 0
    outer loop
      vertex 121 16 91.55
      vertex 121 12.913880671464417 99.41943064549108
      vertex 121 12.847759065022574 99.23463313526982
    endloop
  endfacet
  facet normal 1 0 0
    outer loop
      vertex 121 16 91.55
      vertex 121 12.96157056080646 99.60981935596774
      vertex 121 12.913880671464417 99.41943064549108
    endloop
  endfacet
  facet normal 1 0 0
    outer loop
      vertex 121 16 91.55
      vertex 121 12.990369453344394 99.80396571934088
      vertex 121 12.96157056080646 99.60981935596774
    endloop
  endfacet
  facet normal 1 0 0
    outer loop
      vertex 121 16 91.55
      vertex 121 13 100
      vertex 121 12.990369453344394 99.80396571934088
    endloop
  endfacet
  facet normal 1 0 0
    outer loop
      vertex 121 16 91.55
      vertex 121 16 106
      vertex 121 13 100
    endloop
  endfacet
  facet normal 0 1 0
    outer loop
      vertex 113 16 91.55
      vertex 121 16 106
      vertex 121 16 91.55
    endloop
  endfacet
  facet normal 1 0 0
    outer loop
      vertex 121 16 106
      vertex 121 12.990369453344394 100.19603428065912
      vertex 121 13 100
    endloop
  endfacet
  facet normal 1 0 0
    outer loop
      vertex 121 16 106
      vertex 121 12.96157056080646 100.39018064403226
      vertex 121 12.990369453344394 100.19603428065912
    endloop
  endfacet
  facet normal 1 0 0
    outer loop
      vertex 121 16 106
      vertex 121 12.847759065022574 100.76536686473018
      vertex 121 12.913880671464417 100.58056935450892
    endloop
  endfacet
  facet normal 1 0 0
    outer loop
      vertex 121 16 106
      vertex 121 12.913880671464417 100.58056935450892
      vertex 121 12.96157056080646 100.39018064403226
    endloop
  endfacet
  facet normal 1 0 0
    outer loop
      vertex 121 16 106
      vertex 121 12.76384252869671 100.94279347365199
      vertex 121 12.847759065022574 100.76536686473018
    endloop
  endfacet
  facet normal 1 0 0
    outer loop
      vertex 121 16 106
      vertex 121 12.66293922460509 101.1111404660392
      vertex 121 12.76384252869671 100.94279347365199
    endloop
  endfacet
  facet normal 1 0 0
    outer loop
      vertex 121 16 106
      vertex 121 11.390180644032256 101.96157056080646
      vertex 121 11.580569354508924 101.91388067146441
    endloop
  endfacet
  facet normal 1 0 0
    outer loop
      vertex 121 16 106
      vertex 121 11.580569354508924 101.91388067146441
      vertex 121 11.76536686473018 101.84775906502257
    endloop
  endfacet
  facet normal 1 0 0
    outer loop
      vertex 121 16 106
      vertex 121 11.196034280659122 101.9903694533444
      vertex 121 11.390180644032256 101.96157056080646
    endloop
  endfacet
  facet normal 1 0 0
    outer loop
      vertex 121 16 106
      vertex 121 12.546020906725474 101.26878656832729
      vertex 121 12.66293922460509 101.1111404660392
    endloop
  endfacet
  facet normal 1 0 0
    outer loop
      vertex 121 16 106
      vertex 121 12.414213562373096 101.41421356237309
      vertex 121 12.546020906725474 101.26878656832729
    endloop
  endfacet
  facet normal 1 0 0
    outer loop
      vertex 121 16 106
      vertex 121 12.268786568327291 101.54602090672547
      vertex 121 12.414213562373096 101.41421356237309
    endloop
  endfacet
  facet normal 1 0 0
    outer loop
      vertex 121 16 106
      vertex 121 12.111140466039204 101.6629392246051
      vertex 121 12.268786568327291 101.54602090672547
    endloop
  endfacet
  facet normal 1 0 0
    outer loop
      vertex 121 16 106
      vertex 121 11.76536686473018 101.84775906502257
      vertex 121 11.942793473651996 101.76384252869671
    endloop
  endfacet
  facet normal 1 0 0
    outer loop
      vertex 121 16 106
      vertex 121 11.942793473651996 101.76384252869671
      vertex 121 12.111140466039204 101.6629392246051
    endloop
  endfacet
  facet normal 0.24298017990326878 0.9700312531945428 0
    outer loop
      vertex 109.50651604866741 18.373201429255246 83.55
      vertex 109.66834645257258 18.332665023314508 79.55
      vertex 109.50651604866741 18.373201429255246 79.55
    endloop
  endfacet
  facet normal 0.24298017990326878 0.9700312531945428 0
    outer loop
      vertex 109.66834645257258 18.332665023314508 83.55
      vertex 109.66834645257258 18.332665023314508 79.55
      vertex 109.50651604866741 18.373201429255246 83.55
    endloop
  endfacet
  facet normal 0.9891765099647878 0.14673047445531523 0
    outer loop
      vertex 108.30818596465727 19.833370861439747 83.55
      vertex 108.3326650233145 19.66834645257258 79.55
      vertex 108.30818596465727 19.833370861439747 79.55
    endloop
  endfacet
  facet normal 0.9987954562051702 0.04906767432746035 0
    outer loop
      vertex 108.3 20 83.55
      vertex 108.30818596465727 19.833370861439747 79.55
      vertex 108.3 20 79.55
    endloop
  endfacet
  facet normal 0.9987954562051702 -0.04906767432746035 0
    outer loop
      vertex 108.30818596465727 20.166629138560253 83.55
      vertex 108.3 20 79.55
      vertex 108.30818596465727 20.166629138560253 79.55
    endloop
  endfacet
  facet normal 0.9891765099647878 -0.14673047445531523 0
    outer loop
      vertex 108.3326650233145 20.33165354742742 83.55
      vertex 108.30818596465727 20.166629138560253 79.55
      vertex 108.3326650233145 20.33165354742742 79.55
    endloop
  endfacet
  facet normal 0.8032075314806238 0.5956993044924618 0
    outer loop
      vertex 108.58650165908567 19.055530603866675 83.55
      vertex 108.68588222928335 18.921531416921802 79.55
      vertex 108.58650165908567 19.055530603866675 79.55
    endloop
  endfacet
  facet normal 0.5956993044924649 0.8032075314806215 0
    outer loop
      vertex 108.92153141692181 18.685882229283347 83.55
      vertex 109.05553060386667 18.586501659085673 79.55
      vertex 108.92153141692181 18.685882229283347 79.55
    endloop
  endfacet
  facet normal 0.6715589548469918 0.7409511253549832 0
    outer loop
      vertex 108.79791847198287 18.797918471982868 83.55
      vertex 108.92153141692181 18.685882229283347 79.55
      vertex 108.79791847198287 18.797918471982868 79.55
    endloop
  endfacet
  facet normal 0.7409511253549746 0.6715589548470013 0
    outer loop
      vertex 108.68588222928335 18.921531416921802 83.55
      vertex 108.79791847198287 18.797918471982868 79.55
      vertex 108.68588222928335 18.921531416921802 79.55
    endloop
  endfacet
  facet normal 0.9039892931234363 0.42755509343029674 0
    outer loop
      vertex 108.42940479473081 19.349438164979347 83.55
      vertex 108.5007338506078 19.198625547395803 79.55
      vertex 108.42940479473081 19.349438164979347 79.55
    endloop
  endfacet
  facet normal 0.8577286100002947 0.514102744193184 0
    outer loop
      vertex 108.5007338506078 19.198625547395803 83.55
      vertex 108.58650165908567 19.055530603866675 79.55
      vertex 108.5007338506078 19.198625547395803 79.55
    endloop
  endfacet
  facet normal 0.9415440651830207 0.3368898533922202 0
    outer loop
      vertex 108.37320142925525 19.506516048667415 83.55
      vertex 108.42940479473081 19.349438164979347 79.55
      vertex 108.37320142925525 19.506516048667415 79.55
    endloop
  endfacet
  facet normal 0.9700312531945365 0.24298017990329382 0
    outer loop
      vertex 108.3326650233145 19.66834645257258 83.55
      vertex 108.37320142925525 19.506516048667415 79.55
      vertex 108.3326650233145 19.66834645257258 79.55
    endloop
  endfacet
  facet normal 0.5141027441931966 0.8577286100002872 0
    outer loop
      vertex 109.05553060386667 18.586501659085673 83.55
      vertex 109.1986255473958 18.500733850607798 79.55
      vertex 109.05553060386667 18.586501659085673 79.55
    endloop
  endfacet
  facet normal 0.4275550934302876 0.9039892931234408 0
    outer loop
      vertex 109.1986255473958 18.500733850607798 83.55
      vertex 109.34943816497935 18.429404794730814 79.55
      vertex 109.1986255473958 18.500733850607798 79.55
    endloop
  endfacet
  facet normal 0.33688985339223376 0.9415440651830158 0
    outer loop
      vertex 109.34943816497935 18.429404794730814 83.55
      vertex 109.50651604866741 18.373201429255246 79.55
      vertex 109.34943816497935 18.429404794730814 79.55
    endloop
  endfacet
  facet normal 0.9700312531945365 -0.24298017990329382 0
    outer loop
      vertex 108.37320142925525 20.493483951332585 83.55
      vertex 108.3326650233145 20.33165354742742 79.55
      vertex 108.37320142925525 20.493483951332585 79.55
    endloop
  endfacet
  facet normal 0.9415440651830207 -0.3368898533922202 0
    outer loop
      vertex 108.42940479473081 20.650561835020653 83.55
      vertex 108.37320142925525 20.493483951332585 79.55
      vertex 108.42940479473081 20.650561835020653 79.55
    endloop
  endfacet
  facet normal 0.9039892931234363 -0.42755509343029674 0
    outer loop
      vertex 108.5007338506078 20.801374452604197 83.55
      vertex 108.42940479473081 20.650561835020653 79.55
      vertex 108.5007338506078 20.801374452604197 79.55
    endloop
  endfacet
  facet normal 0.8577286100002947 -0.514102744193184 1.2492831684798714e-18
    outer loop
      vertex 108.5007338506078 20.801374452604197 79.55
      vertex 108.58650165908567 20.944469396133325 79.55
      vertex 108.58650165908567 20.944469396133325 83.55
    endloop
  endfacet
  facet normal 0.8032075314805965 -0.5956993044924985 4.074827474100786e-19
    outer loop
      vertex 108.62768596177821 21 79.55
      vertex 108.58650165908567 20.944469396133325 83.55
      vertex 108.58650165908567 20.944469396133325 79.55
    endloop
  endfacet
  facet normal 0.9891765099647878 0.14673047445531523 -6.399598095050598e-19
    outer loop
      vertex 108.30818596465727 19.833370861439747 83.55
      vertex 108.3326650233145 19.66834645257258 83.55
      vertex 108.3326650233145 19.66834645257258 79.55
    endloop
  endfacet
  facet normal 0.9987954562051702 0.04906767432746035 -8.454601974798425e-20
    outer loop
      vertex 108.3 20 83.55
      vertex 108.30818596465727 19.833370861439747 83.55
      vertex 108.30818596465727 19.833370861439747 79.55
    endloop
  endfacet
  facet normal 0.9987954562051702 -0.04906767432746035 8.454601974798425e-20
    outer loop
      vertex 108.30818596465727 20.166629138560253 83.55
      vertex 108.3 20 83.55
      vertex 108.3 20 79.55
    endloop
  endfacet
  facet normal 0.9891765099647878 -0.14673047445531523 6.399598095050598e-19
    outer loop
      vertex 108.3326650233145 20.33165354742742 83.55
      vertex 108.30818596465727 20.166629138560253 83.55
      vertex 108.30818596465727 20.166629138560253 79.55
    endloop
  endfacet
  facet normal 0.8032075314806238 0.5956993044924618 0
    outer loop
      vertex 108.68588222928335 18.921531416921802 83.55
      vertex 108.68588222928335 18.921531416921802 79.55
      vertex 108.58650165908567 19.055530603866675 83.55
    endloop
  endfacet
  facet normal 0.5956993044924649 0.8032075314806215 0
    outer loop
      vertex 109.05553060386667 18.586501659085673 83.55
      vertex 109.05553060386667 18.586501659085673 79.55
      vertex 108.92153141692181 18.685882229283347 83.55
    endloop
  endfacet
  facet normal 0.7409511253549746 0.6715589548470013 -4.826590709509631e-19
    outer loop
      vertex 108.68588222928335 18.921531416921802 83.55
      vertex 108.79791847198287 18.797918471982868 83.55
      vertex 108.79791847198287 18.797918471982868 79.55
    endloop
  endfacet
  facet normal 0.6715589548469918 0.7409511253549832 0
    outer loop
      vertex 108.92153141692181 18.685882229283347 83.55
      vertex 108.92153141692181 18.685882229283347 79.55
      vertex 108.79791847198287 18.797918471982868 83.55
    endloop
  endfacet
  facet normal 0.9039892931234363 0.42755509343029674 1.0900147841387822e-18
    outer loop
      vertex 108.42940479473081 19.349438164979347 83.55
      vertex 108.5007338506078 19.198625547395803 83.55
      vertex 108.5007338506078 19.198625547395803 79.55
    endloop
  endfacet
  facet normal 0.8577286100002947 0.514102744193184 -1.2492831684798714e-18
    outer loop
      vertex 108.5007338506078 19.198625547395803 83.55
      vertex 108.58650165908567 19.055530603866675 83.55
      vertex 108.58650165908567 19.055530603866675 79.55
    endloop
  endfacet
  facet normal 0.9415440651830207 0.3368898533922202 -5.252490042289651e-19
    outer loop
      vertex 108.37320142925525 19.506516048667415 83.55
      vertex 108.42940479473081 19.349438164979347 83.55
      vertex 108.42940479473081 19.349438164979347 79.55
    endloop
  endfacet
  facet normal 0.9700312531945365 0.24298017990329382 2.7145217823615043e-19
    outer loop
      vertex 108.3326650233145 19.66834645257258 83.55
      vertex 108.37320142925525 19.506516048667415 83.55
      vertex 108.37320142925525 19.506516048667415 79.55
    endloop
  endfacet
  facet normal 0.5141027441931966 0.8577286100002872 0
    outer loop
      vertex 109.1986255473958 18.500733850607798 83.55
      vertex 109.1986255473958 18.500733850607798 79.55
      vertex 109.05553060386667 18.586501659085673 83.55
    endloop
  endfacet
  facet normal 0.4275550934302876 0.9039892931234408 0
    outer loop
      vertex 109.34943816497935 18.429404794730814 83.55
      vertex 109.34943816497935 18.429404794730814 79.55
      vertex 109.1986255473958 18.500733850607798 83.55
    endloop
  endfacet
  facet normal 0.33688985339223376 0.9415440651830158 0
    outer loop
      vertex 109.50651604866741 18.373201429255246 83.55
      vertex 109.50651604866741 18.373201429255246 79.55
      vertex 109.34943816497935 18.429404794730814 83.55
    endloop
  endfacet
  facet normal 0.9700312531945365 -0.24298017990329382 -2.7145217823615043e-19
    outer loop
      vertex 108.37320142925525 20.493483951332585 83.55
      vertex 108.3326650233145 20.33165354742742 83.55
      vertex 108.3326650233145 20.33165354742742 79.55
    endloop
  endfacet
  facet normal 0.9415440651830207 -0.3368898533922202 5.252490042289651e-19
    outer loop
      vertex 108.42940479473081 20.650561835020653 83.55
      vertex 108.37320142925525 20.493483951332585 83.55
      vertex 108.37320142925525 20.493483951332585 79.55
    endloop
  endfacet
  facet normal 0.9039892931234363 -0.42755509343029674 -1.0900147841387822e-18
    outer loop
      vertex 108.5007338506078 20.801374452604197 83.55
      vertex 108.42940479473081 20.650561835020653 83.55
      vertex 108.42940479473081 20.650561835020653 79.55
    endloop
  endfacet
  facet normal 0.8577286100002947 -0.514102744193184 1.2492831684798714e-18
    outer loop
      vertex 108.58650165908567 20.944469396133325 83.55
      vertex 108.5007338506078 20.801374452604197 83.55
      vertex 108.5007338506078 20.801374452604197 79.55
    endloop
  endfacet
  facet normal 0.8032075314805965 -0.5956993044924985 0
    outer loop
      vertex 108.62768596177821 21 79.55
      vertex 108.62768596177821 21 83.55
      vertex 108.58650165908567 20.944469396133325 83.55
    endloop
  endfacet
  facet normal 0.1467304744553538 0.9891765099647821 0
    outer loop
      vertex 109.66834645257258 18.332665023314508 83.55
      vertex 109.83337086143975 18.308185964657266 79.55
      vertex 109.66834645257258 18.332665023314508 79.55
    endloop
  endfacet
  facet normal 0.04906767432741787 0.9987954562051724 0
    outer loop
      vertex 109.83337086143975 18.308185964657266 83.55
      vertex 110 18.3 79.55
      vertex 109.83337086143975 18.308185964657266 79.55
    endloop
  endfacet
  facet normal -0.04906767432741787 0.9987954562051724 0
    outer loop
      vertex 110 18.3 83.55
      vertex 110.16662913856025 18.308185964657266 79.55
      vertex 110 18.3 79.55
    endloop
  endfacet
  facet normal -0.1467304744553538 0.9891765099647821 0
    outer loop
      vertex 110.16662913856025 18.308185964657266 83.55
      vertex 110.33165354742742 18.332665023314508 79.55
      vertex 110.16662913856025 18.308185964657266 79.55
    endloop
  endfacet
  facet normal -0.24298017990326878 0.9700312531945428 0
    outer loop
      vertex 110.33165354742742 18.332665023314508 83.55
      vertex 110.49348395133259 18.373201429255246 79.55
      vertex 110.33165354742742 18.332665023314508 79.55
    endloop
  endfacet
  facet normal 0.1467304744553538 0.9891765099647821 0
    outer loop
      vertex 109.83337086143975 18.308185964657266 83.55
      vertex 109.83337086143975 18.308185964657266 79.55
      vertex 109.66834645257258 18.332665023314508 83.55
    endloop
  endfacet
  facet normal 0.04906767432741787 0.9987954562051724 0
    outer loop
      vertex 110 18.3 83.55
      vertex 110 18.3 79.55
      vertex 109.83337086143975 18.308185964657266 83.55
    endloop
  endfacet
  facet normal -0.04906767432741787 0.9987954562051724 0
    outer loop
      vertex 110.16662913856025 18.308185964657266 83.55
      vertex 110.16662913856025 18.308185964657266 79.55
      vertex 110 18.3 83.55
    endloop
  endfacet
  facet normal -0.1467304744553538 0.9891765099647821 0
    outer loop
      vertex 110.33165354742742 18.332665023314508 83.55
      vertex 110.33165354742742 18.332665023314508 79.55
      vertex 110.16662913856025 18.308185964657266 83.55
    endloop
  endfacet
  facet normal -0.24298017990326878 0.9700312531945428 0
    outer loop
      vertex 110.49348395133259 18.373201429255246 83.55
      vertex 110.49348395133259 18.373201429255246 79.55
      vertex 110.33165354742742 18.332665023314508 83.55
    endloop
  endfacet
  facet normal -0.33688985339223376 0.9415440651830158 0
    outer loop
      vertex 110.49348395133259 18.373201429255246 83.55
      vertex 110.65056183502065 18.429404794730814 79.55
      vertex 110.49348395133259 18.373201429255246 79.55
    endloop
  endfacet
  facet normal -0.4275550934302876 0.9039892931234408 0
    outer loop
      vertex 110.65056183502065 18.429404794730814 83.55
      vertex 110.8013744526042 18.500733850607798 79.55
      vertex 110.65056183502065 18.429404794730814 79.55
    endloop
  endfacet
  facet normal -0.5141027441931966 0.8577286100002872 0
    outer loop
      vertex 110.8013744526042 18.500733850607798 83.55
      vertex 110.94446939613333 18.586501659085673 79.55
      vertex 110.8013744526042 18.500733850607798 79.55
    endloop
  endfacet
  facet normal -0.5956993044924649 0.8032075314806215 0
    outer loop
      vertex 110.94446939613333 18.586501659085673 83.55
      vertex 111.07846858307819 18.685882229283347 79.55
      vertex 110.94446939613333 18.586501659085673 79.55
    endloop
  endfacet
  facet normal -0.6715589548469918 0.7409511253549832 0
    outer loop
      vertex 111.07846858307819 18.685882229283347 83.55
      vertex 111.20208152801713 18.797918471982868 79.55
      vertex 111.07846858307819 18.685882229283347 79.55
    endloop
  endfacet
  facet normal -0.7409511253549746 0.6715589548470013 0
    outer loop
      vertex 111.20208152801713 18.797918471982868 79.55
      vertex 111.20208152801713 18.797918471982868 83.55
      vertex 111.31411777071665 18.921531416921802 79.55
    endloop
  endfacet
  facet normal -0.8032075314806238 0.5956993044924618 0
    outer loop
      vertex 111.31411777071665 18.921531416921802 83.55
      vertex 111.41349834091433 19.055530603866675 79.55
      vertex 111.31411777071665 18.921531416921802 79.55
    endloop
  endfacet
  facet normal -0.8577286100002947 0.514102744193184 0
    outer loop
      vertex 111.41349834091433 19.055530603866675 83.55
      vertex 111.4992661493922 19.198625547395803 79.55
      vertex 111.41349834091433 19.055530603866675 79.55
    endloop
  endfacet
  facet normal -0.9039892931234363 0.42755509343029674 0
    outer loop
      vertex 111.4992661493922 19.198625547395803 83.55
      vertex 111.57059520526919 19.349438164979347 79.55
      vertex 111.4992661493922 19.198625547395803 79.55
    endloop
  endfacet
  facet normal -0.9415440651830207 0.3368898533922202 0
    outer loop
      vertex 111.57059520526919 19.349438164979347 83.55
      vertex 111.62679857074475 19.506516048667415 79.55
      vertex 111.57059520526919 19.349438164979347 79.55
    endloop
  endfacet
  facet normal -0.9700312531945365 0.24298017990329382 0
    outer loop
      vertex 111.62679857074475 19.506516048667415 83.55
      vertex 111.6673349766855 19.66834645257258 79.55
      vertex 111.62679857074475 19.506516048667415 79.55
    endloop
  endfacet
  facet normal -0.9891765099647878 0.14673047445531523 0
    outer loop
      vertex 111.6673349766855 19.66834645257258 83.55
      vertex 111.69181403534273 19.833370861439747 79.55
      vertex 111.6673349766855 19.66834645257258 79.55
    endloop
  endfacet
  facet normal -0.9987954562051702 0.04906767432746035 0
    outer loop
      vertex 111.69181403534273 19.833370861439747 83.55
      vertex 111.7 20 79.55
      vertex 111.69181403534273 19.833370861439747 79.55
    endloop
  endfacet
  facet normal -0.9987954562051702 -0.04906767432746035 0
    outer loop
      vertex 111.7 20 83.55
      vertex 111.69181403534273 20.166629138560253 79.55
      vertex 111.7 20 79.55
    endloop
  endfacet
  facet normal -0.9891765099647878 -0.14673047445531523 0
    outer loop
      vertex 111.69181403534273 20.166629138560253 83.55
      vertex 111.6673349766855 20.33165354742742 79.55
      vertex 111.69181403534273 20.166629138560253 79.55
    endloop
  endfacet
  facet normal -0.9700312531945365 -0.24298017990329382 0
    outer loop
      vertex 111.6673349766855 20.33165354742742 83.55
      vertex 111.62679857074475 20.493483951332585 79.55
      vertex 111.6673349766855 20.33165354742742 79.55
    endloop
  endfacet
  facet normal -0.9415440651830207 -0.3368898533922202 0
    outer loop
      vertex 111.62679857074475 20.493483951332585 83.55
      vertex 111.57059520526919 20.650561835020653 79.55
      vertex 111.62679857074475 20.493483951332585 79.55
    endloop
  endfacet
  facet normal -0.8032075314805965 -0.5956993044924985 0
    outer loop
      vertex 111.37231403822179 21 79.55
      vertex 111.41349834091433 20.944469396133325 79.55
      vertex 111.37231403822179 21 83.55
    endloop
  endfacet
  facet normal -0.8577286100002947 -0.514102744193184 0
    outer loop
      vertex 111.4992661493922 20.801374452604197 83.55
      vertex 111.41349834091433 20.944469396133325 79.55
      vertex 111.4992661493922 20.801374452604197 79.55
    endloop
  endfacet
  facet normal -0.9039892931234363 -0.42755509343029674 0
    outer loop
      vertex 111.57059520526919 20.650561835020653 83.55
      vertex 111.4992661493922 20.801374452604197 79.55
      vertex 111.57059520526919 20.650561835020653 79.55
    endloop
  endfacet
  facet normal -0.33688985339223376 0.9415440651830158 0
    outer loop
      vertex 110.65056183502065 18.429404794730814 83.55
      vertex 110.65056183502065 18.429404794730814 79.55
      vertex 110.49348395133259 18.373201429255246 83.55
    endloop
  endfacet
  facet normal -0.4275550934302876 0.9039892931234408 0
    outer loop
      vertex 110.8013744526042 18.500733850607798 83.55
      vertex 110.8013744526042 18.500733850607798 79.55
      vertex 110.65056183502065 18.429404794730814 83.55
    endloop
  endfacet
  facet normal -0.5141027441931966 0.8577286100002872 0
    outer loop
      vertex 110.94446939613333 18.586501659085673 83.55
      vertex 110.94446939613333 18.586501659085673 79.55
      vertex 110.8013744526042 18.500733850607798 83.55
    endloop
  endfacet
  facet normal -0.5956993044924649 0.8032075314806215 0
    outer loop
      vertex 111.07846858307819 18.685882229283347 83.55
      vertex 111.07846858307819 18.685882229283347 79.55
      vertex 110.94446939613333 18.586501659085673 83.55
    endloop
  endfacet
  facet normal -0.6715589548469918 0.7409511253549832 0
    outer loop
      vertex 111.20208152801713 18.797918471982868 83.55
      vertex 111.20208152801713 18.797918471982868 79.55
      vertex 111.07846858307819 18.685882229283347 83.55
    endloop
  endfacet
  facet normal -0.7409511253549746 0.6715589548470013 4.826590709509631e-19
    outer loop
      vertex 111.20208152801713 18.797918471982868 83.55
      vertex 111.31411777071665 18.921531416921802 83.55
      vertex 111.31411777071665 18.921531416921802 79.55
    endloop
  endfacet
  facet normal -0.8032075314806238 0.5956993044924618 4.481742522954731e-19
    outer loop
      vertex 111.31411777071665 18.921531416921802 83.55
      vertex 111.41349834091433 19.055530603866675 83.55
      vertex 111.41349834091433 19.055530603866675 79.55
    endloop
  endfacet
  facet normal -0.8577286100002947 0.514102744193184 1.2492831684798714e-18
    outer loop
      vertex 111.41349834091433 19.055530603866675 83.55
      vertex 111.4992661493922 19.198625547395803 83.55
      vertex 111.4992661493922 19.198625547395803 79.55
    endloop
  endfacet
  facet normal -0.9039892931234363 0.42755509343029674 -1.0900147841387822e-18
    outer loop
      vertex 111.4992661493922 19.198625547395803 83.55
      vertex 111.57059520526919 19.349438164979347 83.55
      vertex 111.57059520526919 19.349438164979347 79.55
    endloop
  endfacet
  facet normal -0.9415440651830207 0.3368898533922202 5.252490042289651e-19
    outer loop
      vertex 111.57059520526919 19.349438164979347 83.55
      vertex 111.62679857074475 19.506516048667415 83.55
      vertex 111.62679857074475 19.506516048667415 79.55
    endloop
  endfacet
  facet normal -0.9700312531945365 0.24298017990329382 -2.7145217823615043e-19
    outer loop
      vertex 111.62679857074475 19.506516048667415 83.55
      vertex 111.6673349766855 19.66834645257258 83.55
      vertex 111.6673349766855 19.66834645257258 79.55
    endloop
  endfacet
  facet normal -0.9891765099647878 0.14673047445531523 6.399598095050598e-19
    outer loop
      vertex 111.6673349766855 19.66834645257258 83.55
      vertex 111.69181403534273 19.833370861439747 83.55
      vertex 111.69181403534273 19.833370861439747 79.55
    endloop
  endfacet
  facet normal -0.9987954562051702 0.04906767432746035 8.454601974798425e-20
    outer loop
      vertex 111.69181403534273 19.833370861439747 83.55
      vertex 111.7 20 83.55
      vertex 111.7 20 79.55
    endloop
  endfacet
  facet normal -0.9987954562051702 -0.04906767432746035 -8.454601974798425e-20
    outer loop
      vertex 111.7 20 83.55
      vertex 111.69181403534273 20.166629138560253 83.55
      vertex 111.69181403534273 20.166629138560253 79.55
    endloop
  endfacet
  facet normal -0.9891765099647878 -0.14673047445531523 -6.399598095050598e-19
    outer loop
      vertex 111.69181403534273 20.166629138560253 83.55
      vertex 111.6673349766855 20.33165354742742 83.55
      vertex 111.6673349766855 20.33165354742742 79.55
    endloop
  endfacet
  facet normal -0.9700312531945365 -0.24298017990329382 2.7145217823615043e-19
    outer loop
      vertex 111.6673349766855 20.33165354742742 83.55
      vertex 111.62679857074475 20.493483951332585 83.55
      vertex 111.62679857074475 20.493483951332585 79.55
    endloop
  endfacet
  facet normal -0.9415440651830207 -0.3368898533922202 -5.252490042289651e-19
    outer loop
      vertex 111.62679857074475 20.493483951332585 83.55
      vertex 111.57059520526919 20.650561835020653 83.55
      vertex 111.57059520526919 20.650561835020653 79.55
    endloop
  endfacet
  facet normal -0.9039892931234363 -0.42755509343029674 1.0900147841387822e-18
    outer loop
      vertex 111.57059520526919 20.650561835020653 83.55
      vertex 111.4992661493922 20.801374452604197 83.55
      vertex 111.4992661493922 20.801374452604197 79.55
    endloop
  endfacet
  facet normal -0.8577286100002947 -0.514102744193184 -1.2492831684798714e-18
    outer loop
      vertex 111.4992661493922 20.801374452604197 83.55
      vertex 111.41349834091433 20.944469396133325 83.55
      vertex 111.41349834091433 20.944469396133325 79.55
    endloop
  endfacet
  facet normal -0.8032075314805965 -0.5956993044924985 -4.074827474100786e-19
    outer loop
      vertex 111.37231403822179 21 83.55
      vertex 111.41349834091433 20.944469396133325 79.55
      vertex 111.41349834091433 20.944469396133325 83.55
    endloop
  endfacet
  facet normal 0.9891765099647878 0.14673047445531523 0
    outer loop
      vertex 108.30818596465727 -20.166629138560253 83.55
      vertex 108.3326650233145 -20.33165354742742 79.55
      vertex 108.30818596465727 -20.166629138560253 79.55
    endloop
  endfacet
  facet normal 0.9987954562051702 0.04906767432746035 0
    outer loop
      vertex 108.3 -20 83.55
      vertex 108.30818596465727 -20.166629138560253 79.55
      vertex 108.3 -20 79.55
    endloop
  endfacet
  facet normal 0.9987954562051702 -0.04906767432746035 0
    outer loop
      vertex 108.30818596465727 -19.833370861439747 83.55
      vertex 108.3 -20 79.55
      vertex 108.30818596465727 -19.833370861439747 79.55
    endloop
  endfacet
  facet normal 0.9891765099647878 -0.14673047445531523 6.399598095050598e-19
    outer loop
      vertex 108.30818596465727 -19.833370861439747 79.55
      vertex 108.3326650233145 -19.66834645257258 79.55
      vertex 108.3326650233145 -19.66834645257258 83.55
    endloop
  endfacet
  facet normal 0.9039892931234363 0.42755509343029674 0
    outer loop
      vertex 108.42940479473081 -20.650561835020653 83.55
      vertex 108.5007338506078 -20.801374452604197 79.55
      vertex 108.42940479473081 -20.650561835020653 79.55
    endloop
  endfacet
  facet normal 0.8577286100002947 0.514102744193184 0
    outer loop
      vertex 108.5007338506078 -20.801374452604197 83.55
      vertex 108.58650165908567 -20.944469396133325 79.55
      vertex 108.5007338506078 -20.801374452604197 79.55
    endloop
  endfacet
  facet normal 0.8032075314805965 0.5956993044924985 0
    outer loop
      vertex 108.62768596177821 -21 83.55
      vertex 108.62768596177821 -21 79.55
      vertex 108.58650165908567 -20.944469396133325 79.55
    endloop
  endfacet
  facet normal 0.9415440651830207 0.3368898533922202 0
    outer loop
      vertex 108.37320142925525 -20.493483951332585 83.55
      vertex 108.42940479473081 -20.650561835020653 79.55
      vertex 108.37320142925525 -20.493483951332585 79.55
    endloop
  endfacet
  facet normal 0.9700312531945365 0.24298017990329382 0
    outer loop
      vertex 108.3326650233145 -20.33165354742742 83.55
      vertex 108.37320142925525 -20.493483951332585 79.55
      vertex 108.3326650233145 -20.33165354742742 79.55
    endloop
  endfacet
  facet normal 0.9700312531945365 -0.24298017990329382 0
    outer loop
      vertex 108.37320142925525 -19.506516048667415 83.55
      vertex 108.3326650233145 -19.66834645257258 79.55
      vertex 108.37320142925525 -19.506516048667415 79.55
    endloop
  endfacet
  facet normal 0.9415440651830207 -0.3368898533922202 0
    outer loop
      vertex 108.42940479473081 -19.349438164979347 83.55
      vertex 108.37320142925525 -19.506516048667415 79.55
      vertex 108.42940479473081 -19.349438164979347 79.55
    endloop
  endfacet
  facet normal 0.9039892931234363 -0.42755509343029674 0
    outer loop
      vertex 108.5007338506078 -19.198625547395803 83.55
      vertex 108.42940479473081 -19.349438164979347 79.55
      vertex 108.5007338506078 -19.198625547395803 79.55
    endloop
  endfacet
  facet normal 0.8577286100002947 -0.514102744193184 0
    outer loop
      vertex 108.58650165908567 -19.055530603866675 83.55
      vertex 108.5007338506078 -19.198625547395803 79.55
      vertex 108.58650165908567 -19.055530603866675 79.55
    endloop
  endfacet
  facet normal 0.8032075314806238 -0.5956993044924618 0
    outer loop
      vertex 108.68588222928335 -18.921531416921802 83.55
      vertex 108.58650165908567 -19.055530603866675 79.55
      vertex 108.68588222928335 -18.921531416921802 79.55
    endloop
  endfacet
  facet normal 0.7409511253549746 -0.6715589548470013 0
    outer loop
      vertex 108.79791847198287 -18.797918471982868 83.55
      vertex 108.68588222928335 -18.921531416921802 79.55
      vertex 108.79791847198287 -18.797918471982868 79.55
    endloop
  endfacet
  facet normal 0.6715589548469918 -0.7409511253549832 0
    outer loop
      vertex 108.92153141692181 -18.685882229283347 83.55
      vertex 108.79791847198287 -18.797918471982868 79.55
      vertex 108.92153141692181 -18.685882229283347 79.55
    endloop
  endfacet
  facet normal 0.5956993044924649 -0.8032075314806215 0
    outer loop
      vertex 109.05553060386667 -18.586501659085673 83.55
      vertex 108.92153141692181 -18.685882229283347 79.55
      vertex 109.05553060386667 -18.586501659085673 79.55
    endloop
  endfacet
  facet normal 0.5141027441931966 -0.8577286100002872 0
    outer loop
      vertex 109.1986255473958 -18.500733850607798 83.55
      vertex 109.05553060386667 -18.586501659085673 79.55
      vertex 109.1986255473958 -18.500733850607798 79.55
    endloop
  endfacet
  facet normal 0.4275550934302876 -0.9039892931234408 0
    outer loop
      vertex 109.34943816497935 -18.429404794730814 83.55
      vertex 109.1986255473958 -18.500733850607798 79.55
      vertex 109.34943816497935 -18.429404794730814 79.55
    endloop
  endfacet
  facet normal 0.33688985339223376 -0.9415440651830158 0
    outer loop
      vertex 109.50651604866741 -18.373201429255246 83.55
      vertex 109.34943816497935 -18.429404794730814 79.55
      vertex 109.50651604866741 -18.373201429255246 79.55
    endloop
  endfacet
  facet normal 0.9891765099647878 0.14673047445531523 -6.399598095050598e-19
    outer loop
      vertex 108.30818596465727 -20.166629138560253 83.55
      vertex 108.3326650233145 -20.33165354742742 83.55
      vertex 108.3326650233145 -20.33165354742742 79.55
    endloop
  endfacet
  facet normal 0.9987954562051702 0.04906767432746035 -8.454601974798425e-20
    outer loop
      vertex 108.3 -20 83.55
      vertex 108.30818596465727 -20.166629138560253 83.55
      vertex 108.30818596465727 -20.166629138560253 79.55
    endloop
  endfacet
  facet normal 0.9987954562051702 -0.04906767432746035 8.454601974798425e-20
    outer loop
      vertex 108.30818596465727 -19.833370861439747 83.55
      vertex 108.3 -20 83.55
      vertex 108.3 -20 79.55
    endloop
  endfacet
  facet normal 0.9891765099647878 -0.14673047445531523 6.399598095050598e-19
    outer loop
      vertex 108.3326650233145 -19.66834645257258 83.55
      vertex 108.30818596465727 -19.833370861439747 83.55
      vertex 108.30818596465727 -19.833370861439747 79.55
    endloop
  endfacet
  facet normal 0.9039892931234363 0.42755509343029674 1.0900147841387822e-18
    outer loop
      vertex 108.42940479473081 -20.650561835020653 83.55
      vertex 108.5007338506078 -20.801374452604197 83.55
      vertex 108.5007338506078 -20.801374452604197 79.55
    endloop
  endfacet
  facet normal 0.8577286100002947 0.514102744193184 -1.2492831684798714e-18
    outer loop
      vertex 108.5007338506078 -20.801374452604197 83.55
      vertex 108.58650165908567 -20.944469396133325 83.55
      vertex 108.58650165908567 -20.944469396133325 79.55
    endloop
  endfacet
  facet normal 0.8032075314805965 0.5956993044924985 -4.074827474100786e-19
    outer loop
      vertex 108.62768596177821 -21 83.55
      vertex 108.58650165908567 -20.944469396133325 79.55
      vertex 108.58650165908567 -20.944469396133325 83.55
    endloop
  endfacet
  facet normal 0.9415440651830207 0.3368898533922202 -5.252490042289651e-19
    outer loop
      vertex 108.37320142925525 -20.493483951332585 83.55
      vertex 108.42940479473081 -20.650561835020653 83.55
      vertex 108.42940479473081 -20.650561835020653 79.55
    endloop
  endfacet
  facet normal 0.9700312531945365 0.24298017990329382 2.7145217823615043e-19
    outer loop
      vertex 108.3326650233145 -20.33165354742742 83.55
      vertex 108.37320142925525 -20.493483951332585 83.55
      vertex 108.37320142925525 -20.493483951332585 79.55
    endloop
  endfacet
  facet normal 0.9700312531945365 -0.24298017990329382 -2.7145217823615043e-19
    outer loop
      vertex 108.37320142925525 -19.506516048667415 83.55
      vertex 108.3326650233145 -19.66834645257258 83.55
      vertex 108.3326650233145 -19.66834645257258 79.55
    endloop
  endfacet
  facet normal 0.9415440651830207 -0.3368898533922202 5.252490042289651e-19
    outer loop
      vertex 108.42940479473081 -19.349438164979347 83.55
      vertex 108.37320142925525 -19.506516048667415 83.55
      vertex 108.37320142925525 -19.506516048667415 79.55
    endloop
  endfacet
  facet normal 0.9039892931234363 -0.42755509343029674 -1.0900147841387822e-18
    outer loop
      vertex 108.5007338506078 -19.198625547395803 83.55
      vertex 108.42940479473081 -19.349438164979347 83.55
      vertex 108.42940479473081 -19.349438164979347 79.55
    endloop
  endfacet
  facet normal 0.8577286100002947 -0.514102744193184 1.2492831684798714e-18
    outer loop
      vertex 108.58650165908567 -19.055530603866675 83.55
      vertex 108.5007338506078 -19.198625547395803 83.55
      vertex 108.5007338506078 -19.198625547395803 79.55
    endloop
  endfacet
  facet normal 0.8032075314806238 -0.5956993044924618 0
    outer loop
      vertex 108.58650165908567 -19.055530603866675 83.55
      vertex 108.58650165908567 -19.055530603866675 79.55
      vertex 108.68588222928335 -18.921531416921802 83.55
    endloop
  endfacet
  facet normal 0.7409511253549746 -0.6715589548470013 4.826590709509631e-19
    outer loop
      vertex 108.79791847198287 -18.797918471982868 83.55
      vertex 108.68588222928335 -18.921531416921802 83.55
      vertex 108.68588222928335 -18.921531416921802 79.55
    endloop
  endfacet
  facet normal 0.6715589548469918 -0.7409511253549832 0
    outer loop
      vertex 108.79791847198287 -18.797918471982868 83.55
      vertex 108.79791847198287 -18.797918471982868 79.55
      vertex 108.92153141692181 -18.685882229283347 83.55
    endloop
  endfacet
  facet normal 0.5956993044924649 -0.8032075314806215 0
    outer loop
      vertex 108.92153141692181 -18.685882229283347 83.55
      vertex 108.92153141692181 -18.685882229283347 79.55
      vertex 109.05553060386667 -18.586501659085673 83.55
    endloop
  endfacet
  facet normal 0.5141027441931966 -0.8577286100002872 0
    outer loop
      vertex 109.05553060386667 -18.586501659085673 83.55
      vertex 109.05553060386667 -18.586501659085673 79.55
      vertex 109.1986255473958 -18.500733850607798 83.55
    endloop
  endfacet
  facet normal 0.4275550934302876 -0.9039892931234408 0
    outer loop
      vertex 109.1986255473958 -18.500733850607798 83.55
      vertex 109.1986255473958 -18.500733850607798 79.55
      vertex 109.34943816497935 -18.429404794730814 83.55
    endloop
  endfacet
  facet normal 0.33688985339223376 -0.9415440651830158 0
    outer loop
      vertex 109.34943816497935 -18.429404794730814 83.55
      vertex 109.34943816497935 -18.429404794730814 79.55
      vertex 109.50651604866741 -18.373201429255246 83.55
    endloop
  endfacet
  facet normal 0.24298017990326878 -0.9700312531945428 0
    outer loop
      vertex 109.66834645257258 -18.332665023314508 83.55
      vertex 109.50651604866741 -18.373201429255246 79.55
      vertex 109.66834645257258 -18.332665023314508 79.55
    endloop
  endfacet
  facet normal 0.24298017990326878 -0.9700312531945428 0
    outer loop
      vertex 109.50651604866741 -18.373201429255246 83.55
      vertex 109.50651604866741 -18.373201429255246 79.55
      vertex 109.66834645257258 -18.332665023314508 83.55
    endloop
  endfacet
  facet normal -0.33688985339223376 -0.9415440651830158 0
    outer loop
      vertex 110.65056183502065 -18.429404794730814 83.55
      vertex 110.49348395133259 -18.373201429255246 79.55
      vertex 110.65056183502065 -18.429404794730814 79.55
    endloop
  endfacet
  facet normal -0.4275550934302876 -0.9039892931234408 9.500226024537387e-19
    outer loop
      vertex 110.65056183502065 -18.429404794730814 79.55
      vertex 110.8013744526042 -18.500733850607798 79.55
      vertex 110.8013744526042 -18.500733850607798 83.55
    endloop
  endfacet
  facet normal -0.5141027441931966 -0.8577286100002872 0
    outer loop
      vertex 110.94446939613333 -18.586501659085673 83.55
      vertex 110.8013744526042 -18.500733850607798 79.55
      vertex 110.94446939613333 -18.586501659085673 79.55
    endloop
  endfacet
  facet normal -0.8032075314805965 0.5956993044924985 4.074827474100786e-19
    outer loop
      vertex 111.37231403822179 -21 79.55
      vertex 111.41349834091433 -20.944469396133325 83.55
      vertex 111.41349834091433 -20.944469396133325 79.55
    endloop
  endfacet
  facet normal -0.8577286100002947 0.514102744193184 0
    outer loop
      vertex 111.41349834091433 -20.944469396133325 83.55
      vertex 111.4992661493922 -20.801374452604197 79.55
      vertex 111.41349834091433 -20.944469396133325 79.55
    endloop
  endfacet
  facet normal -0.9039892931234363 0.42755509343029674 0
    outer loop
      vertex 111.4992661493922 -20.801374452604197 83.55
      vertex 111.57059520526919 -20.650561835020653 79.55
      vertex 111.4992661493922 -20.801374452604197 79.55
    endloop
  endfacet
  facet normal -0.9415440651830207 0.3368898533922202 0
    outer loop
      vertex 111.57059520526919 -20.650561835020653 83.55
      vertex 111.62679857074475 -20.493483951332585 79.55
      vertex 111.57059520526919 -20.650561835020653 79.55
    endloop
  endfacet
  facet normal -0.9700312531945365 0.24298017990329382 0
    outer loop
      vertex 111.62679857074475 -20.493483951332585 83.55
      vertex 111.6673349766855 -20.33165354742742 79.55
      vertex 111.62679857074475 -20.493483951332585 79.55
    endloop
  endfacet
  facet normal -0.9891765099647878 0.14673047445531523 0
    outer loop
      vertex 111.6673349766855 -20.33165354742742 83.55
      vertex 111.69181403534273 -20.166629138560253 79.55
      vertex 111.6673349766855 -20.33165354742742 79.55
    endloop
  endfacet
  facet normal -0.9987954562051702 0.04906767432746035 0
    outer loop
      vertex 111.69181403534273 -20.166629138560253 83.55
      vertex 111.7 -20 79.55
      vertex 111.69181403534273 -20.166629138560253 79.55
    endloop
  endfacet
  facet normal -0.9987954562051702 -0.04906767432746035 0
    outer loop
      vertex 111.7 -20 83.55
      vertex 111.69181403534273 -19.833370861439747 79.55
      vertex 111.7 -20 79.55
    endloop
  endfacet
  facet normal -0.9891765099647878 -0.14673047445531523 0
    outer loop
      vertex 111.69181403534273 -19.833370861439747 83.55
      vertex 111.6673349766855 -19.66834645257258 79.55
      vertex 111.69181403534273 -19.833370861439747 79.55
    endloop
  endfacet
  facet normal -0.9700312531945365 -0.24298017990329382 0
    outer loop
      vertex 111.6673349766855 -19.66834645257258 83.55
      vertex 111.62679857074475 -19.506516048667415 79.55
      vertex 111.6673349766855 -19.66834645257258 79.55
    endloop
  endfacet
  facet normal -0.9415440651830207 -0.3368898533922202 0
    outer loop
      vertex 111.62679857074475 -19.506516048667415 83.55
      vertex 111.57059520526919 -19.349438164979347 79.55
      vertex 111.62679857074475 -19.506516048667415 79.55
    endloop
  endfacet
  facet normal -0.8577286100002947 -0.514102744193184 0
    outer loop
      vertex 111.4992661493922 -19.198625547395803 83.55
      vertex 111.41349834091433 -19.055530603866675 79.55
      vertex 111.4992661493922 -19.198625547395803 79.55
    endloop
  endfacet
  facet normal -0.9039892931234363 -0.42755509343029674 0
    outer loop
      vertex 111.57059520526919 -19.349438164979347 83.55
      vertex 111.4992661493922 -19.198625547395803 79.55
      vertex 111.57059520526919 -19.349438164979347 79.55
    endloop
  endfacet
  facet normal -0.6715589548469918 -0.7409511253549832 -6.380108186344204e-19
    outer loop
      vertex 111.07846858307819 -18.685882229283347 79.55
      vertex 111.20208152801713 -18.797918471982868 79.55
      vertex 111.20208152801713 -18.797918471982868 83.55
    endloop
  endfacet
  facet normal -0.7409511253549746 -0.6715589548470013 0
    outer loop
      vertex 111.31411777071665 -18.921531416921802 83.55
      vertex 111.20208152801713 -18.797918471982868 79.55
      vertex 111.31411777071665 -18.921531416921802 79.55
    endloop
  endfacet
  facet normal -0.5956993044924649 -0.8032075314806215 0
    outer loop
      vertex 111.07846858307819 -18.685882229283347 83.55
      vertex 110.94446939613333 -18.586501659085673 79.55
      vertex 111.07846858307819 -18.685882229283347 79.55
    endloop
  endfacet
  facet normal -0.8032075314806238 -0.5956993044924618 0
    outer loop
      vertex 111.41349834091433 -19.055530603866675 83.55
      vertex 111.31411777071665 -18.921531416921802 79.55
      vertex 111.41349834091433 -19.055530603866675 79.55
    endloop
  endfacet
  facet normal -0.33688985339223376 -0.9415440651830158 0
    outer loop
      vertex 110.49348395133259 -18.373201429255246 83.55
      vertex 110.49348395133259 -18.373201429255246 79.55
      vertex 110.65056183502065 -18.429404794730814 83.55
    endloop
  endfacet
  facet normal -0.4275550934302876 -0.9039892931234408 0
    outer loop
      vertex 110.65056183502065 -18.429404794730814 83.55
      vertex 110.65056183502065 -18.429404794730814 79.55
      vertex 110.8013744526042 -18.500733850607798 83.55
    endloop
  endfacet
  facet normal -0.5141027441931966 -0.8577286100002872 0
    outer loop
      vertex 110.8013744526042 -18.500733850607798 83.55
      vertex 110.8013744526042 -18.500733850607798 79.55
      vertex 110.94446939613333 -18.586501659085673 83.55
    endloop
  endfacet
  facet normal -0.5956993044924649 -0.8032075314806215 0
    outer loop
      vertex 110.94446939613333 -18.586501659085673 83.55
      vertex 110.94446939613333 -18.586501659085673 79.55
      vertex 111.07846858307819 -18.685882229283347 83.55
    endloop
  endfacet
  facet normal -0.8032075314805965 0.5956993044924985 0
    outer loop
      vertex 111.37231403822179 -21 83.55
      vertex 111.41349834091433 -20.944469396133325 83.55
      vertex 111.37231403822179 -21 79.55
    endloop
  endfacet
  facet normal -0.8577286100002947 0.514102744193184 1.2492831684798714e-18
    outer loop
      vertex 111.41349834091433 -20.944469396133325 83.55
      vertex 111.4992661493922 -20.801374452604197 83.55
      vertex 111.4992661493922 -20.801374452604197 79.55
    endloop
  endfacet
  facet normal -0.9039892931234363 0.42755509343029674 -1.0900147841387822e-18
    outer loop
      vertex 111.4992661493922 -20.801374452604197 83.55
      vertex 111.57059520526919 -20.650561835020653 83.55
      vertex 111.57059520526919 -20.650561835020653 79.55
    endloop
  endfacet
  facet normal -0.9415440651830207 0.3368898533922202 5.252490042289651e-19
    outer loop
      vertex 111.57059520526919 -20.650561835020653 83.55
      vertex 111.62679857074475 -20.493483951332585 83.55
      vertex 111.62679857074475 -20.493483951332585 79.55
    endloop
  endfacet
  facet normal -0.9700312531945365 0.24298017990329382 -2.7145217823615043e-19
    outer loop
      vertex 111.62679857074475 -20.493483951332585 83.55
      vertex 111.6673349766855 -20.33165354742742 83.55
      vertex 111.6673349766855 -20.33165354742742 79.55
    endloop
  endfacet
  facet normal -0.9891765099647878 0.14673047445531523 6.399598095050598e-19
    outer loop
      vertex 111.6673349766855 -20.33165354742742 83.55
      vertex 111.69181403534273 -20.166629138560253 83.55
      vertex 111.69181403534273 -20.166629138560253 79.55
    endloop
  endfacet
  facet normal -0.9987954562051702 0.04906767432746035 8.454601974798425e-20
    outer loop
      vertex 111.69181403534273 -20.166629138560253 83.55
      vertex 111.7 -20 83.55
      vertex 111.7 -20 79.55
    endloop
  endfacet
  facet normal -0.9987954562051702 -0.04906767432746035 -8.454601974798425e-20
    outer loop
      vertex 111.7 -20 83.55
      vertex 111.69181403534273 -19.833370861439747 83.55
      vertex 111.69181403534273 -19.833370861439747 79.55
    endloop
  endfacet
  facet normal -0.9891765099647878 -0.14673047445531523 -6.399598095050598e-19
    outer loop
      vertex 111.69181403534273 -19.833370861439747 83.55
      vertex 111.6673349766855 -19.66834645257258 83.55
      vertex 111.6673349766855 -19.66834645257258 79.55
    endloop
  endfacet
  facet normal -0.9700312531945365 -0.24298017990329382 2.7145217823615043e-19
    outer loop
      vertex 111.6673349766855 -19.66834645257258 83.55
      vertex 111.62679857074475 -19.506516048667415 83.55
      vertex 111.62679857074475 -19.506516048667415 79.55
    endloop
  endfacet
  facet normal -0.9415440651830207 -0.3368898533922202 -5.252490042289651e-19
    outer loop
      vertex 111.62679857074475 -19.506516048667415 83.55
      vertex 111.57059520526919 -19.349438164979347 83.55
      vertex 111.57059520526919 -19.349438164979347 79.55
    endloop
  endfacet
  facet normal -0.9039892931234363 -0.42755509343029674 1.0900147841387822e-18
    outer loop
      vertex 111.57059520526919 -19.349438164979347 83.55
      vertex 111.4992661493922 -19.198625547395803 83.55
      vertex 111.4992661493922 -19.198625547395803 79.55
    endloop
  endfacet
  facet normal -0.8577286100002947 -0.514102744193184 -1.2492831684798714e-18
    outer loop
      vertex 111.4992661493922 -19.198625547395803 83.55
      vertex 111.41349834091433 -19.055530603866675 83.55
      vertex 111.41349834091433 -19.055530603866675 79.55
    endloop
  endfacet
  facet normal -0.6715589548469918 -0.7409511253549832 0
    outer loop
      vertex 111.07846858307819 -18.685882229283347 83.55
      vertex 111.07846858307819 -18.685882229283347 79.55
      vertex 111.20208152801713 -18.797918471982868 83.55
    endloop
  endfacet
  facet normal -0.8032075314806238 -0.5956993044924618 -4.481742522954731e-19
    outer loop
      vertex 111.41349834091433 -19.055530603866675 83.55
      vertex 111.31411777071665 -18.921531416921802 83.55
      vertex 111.31411777071665 -18.921531416921802 79.55
    endloop
  endfacet
  facet normal -0.7409511253549746 -0.6715589548470013 -4.826590709509631e-19
    outer loop
      vertex 111.31411777071665 -18.921531416921802 83.55
      vertex 111.20208152801713 -18.797918471982868 83.55
      vertex 111.20208152801713 -18.797918471982868 79.55
    endloop
  endfacet
  facet normal 0.1467304744553538 -0.9891765099647821 0
    outer loop
      vertex 109.83337086143975 -18.308185964657266 83.55
      vertex 109.66834645257258 -18.332665023314508 79.55
      vertex 109.83337086143975 -18.308185964657266 79.55
    endloop
  endfacet
  facet normal 0.04906767432741787 -0.9987954562051724 0
    outer loop
      vertex 110 -18.3 83.55
      vertex 109.83337086143975 -18.308185964657266 79.55
      vertex 110 -18.3 79.55
    endloop
  endfacet
  facet normal -0.04906767432741787 -0.9987954562051724 0
    outer loop
      vertex 110.16662913856025 -18.308185964657266 83.55
      vertex 110 -18.3 79.55
      vertex 110.16662913856025 -18.308185964657266 79.55
    endloop
  endfacet
  facet normal -0.1467304744553538 -0.9891765099647821 0
    outer loop
      vertex 110.33165354742742 -18.332665023314508 83.55
      vertex 110.16662913856025 -18.308185964657266 79.55
      vertex 110.33165354742742 -18.332665023314508 79.55
    endloop
  endfacet
  facet normal -0.24298017990326878 -0.9700312531945428 0
    outer loop
      vertex 110.49348395133259 -18.373201429255246 83.55
      vertex 110.33165354742742 -18.332665023314508 79.55
      vertex 110.49348395133259 -18.373201429255246 79.55
    endloop
  endfacet
  facet normal 0.1467304744553538 -0.9891765099647821 0
    outer loop
      vertex 109.66834645257258 -18.332665023314508 83.55
      vertex 109.66834645257258 -18.332665023314508 79.55
      vertex 109.83337086143975 -18.308185964657266 83.55
    endloop
  endfacet
  facet normal 0.04906767432741787 -0.9987954562051724 0
    outer loop
      vertex 109.83337086143975 -18.308185964657266 83.55
      vertex 109.83337086143975 -18.308185964657266 79.55
      vertex 110 -18.3 83.55
    endloop
  endfacet
  facet normal -0.04906767432741787 -0.9987954562051724 0
    outer loop
      vertex 110 -18.3 83.55
      vertex 110 -18.3 79.55
      vertex 110.16662913856025 -18.308185964657266 83.55
    endloop
  endfacet
  facet normal -0.1467304744553538 -0.9891765099647821 0
    outer loop
      vertex 110.16662913856025 -18.308185964657266 83.55
      vertex 110.16662913856025 -18.308185964657266 79.55
      vertex 110.33165354742742 -18.332665023314508 83.55
    endloop
  endfacet
  facet normal -0.24298017990326878 -0.9700312531945428 0
    outer loop
      vertex 110.33165354742742 -18.332665023314508 83.55
      vertex 110.33165354742742 -18.332665023314508 79.55
      vertex 110.49348395133259 -18.373201429255246 83.55
    endloop
  endfacet
  facet normal 0.8032075314806646 0.5956993044924068 -1.1725624395337726e-18
    outer loop
      vertex 144.68588222928335 17.921531416921802 79.55
      vertex 144.58650165908568 18.055530603866675 79.55
      vertex 144.58650165908568 18.055530603866675 83.55
    endloop
  endfacet
  facet normal 0.9039892931234363 0.42755509343029674 1.0900147841387822e-18
    outer loop
      vertex 144.5007338506078 18.198625547395803 79.55
      vertex 144.4294047947308 18.349438164979347 79.55
      vertex 144.4294047947308 18.349438164979347 83.55
    endloop
  endfacet
  facet normal 0.8577286100002196 0.5141027441933094 1.348274641385429e-19
    outer loop
      vertex 144.58650165908568 18.055530603866675 79.55
      vertex 144.5007338506078 18.198625547395803 79.55
      vertex 144.5007338506078 18.198625547395803 83.55
    endloop
  endfacet
  facet normal 0.8577286100002196 0.5141027441933094 0
    outer loop
      vertex 144.58650165908568 18.055530603866675 79.55
      vertex 144.5007338506078 18.198625547395803 83.55
      vertex 144.58650165908568 18.055530603866675 83.55
    endloop
  endfacet
  facet normal 0.9039892931234363 0.42755509343029674 0
    outer loop
      vertex 144.5007338506078 18.198625547395803 79.55
      vertex 144.4294047947308 18.349438164979347 83.55
      vertex 144.5007338506078 18.198625547395803 83.55
    endloop
  endfacet
  facet normal 0.9415440651830207 0.3368898533922202 -5.252490042289651e-19
    outer loop
      vertex 144.4294047947308 18.349438164979347 79.55
      vertex 144.37320142925523 18.506516048667415 79.55
      vertex 144.37320142925523 18.506516048667415 83.55
    endloop
  endfacet
  facet normal 0.9700312531945767 0.24298017990313353 8.776266375848709e-20
    outer loop
      vertex 144.37320142925523 18.506516048667415 79.55
      vertex 144.33266502331452 18.66834645257258 79.55
      vertex 144.33266502331452 18.66834645257258 83.55
    endloop
  endfacet
  facet normal 0.9891765099647755 0.14673047445539858 -3.2790482607323377e-19
    outer loop
      vertex 144.33266502331452 18.66834645257258 79.55
      vertex 144.30818596465727 18.833370861439747 79.55
      vertex 144.30818596465727 18.833370861439747 83.55
    endloop
  endfacet
  facet normal 0.9987954562051744 0.049067674327375375 -1.7210010469467705e-20
    outer loop
      vertex 144.30818596465727 18.833370861439747 79.55
      vertex 144.3 19 79.55
      vertex 144.3 19 83.55
    endloop
  endfacet
  facet normal 0.9987954562051744 -0.049067674327375375 1.7210010469467705e-20
    outer loop
      vertex 144.3 19 79.55
      vertex 144.30818596465727 19.166629138560253 79.55
      vertex 144.30818596465727 19.166629138560253 83.55
    endloop
  endfacet
  facet normal 0.9891765099647755 -0.14673047445539858 3.2790482607323377e-19
    outer loop
      vertex 144.30818596465727 19.166629138560253 79.55
      vertex 144.33266502331452 19.33165354742742 79.55
      vertex 144.33266502331452 19.33165354742742 83.55
    endloop
  endfacet
  facet normal 0.9700312531945767 -0.24298017990313353 -8.776266375848709e-20
    outer loop
      vertex 144.33266502331452 19.33165354742742 79.55
      vertex 144.37320142925523 19.493483951332585 79.55
      vertex 144.37320142925523 19.493483951332585 83.55
    endloop
  endfacet
  facet normal 0.9415440651830207 -0.3368898533922202 5.252490042289651e-19
    outer loop
      vertex 144.37320142925523 19.493483951332585 79.55
      vertex 144.4294047947308 19.650561835020653 79.55
      vertex 144.4294047947308 19.650561835020653 83.55
    endloop
  endfacet
  facet normal 0.9039892931234363 -0.42755509343029674 -1.0900147841387822e-18
    outer loop
      vertex 144.4294047947308 19.650561835020653 79.55
      vertex 144.5007338506078 19.801374452604197 79.55
      vertex 144.5007338506078 19.801374452604197 83.55
    endloop
  endfacet
  facet normal 0.8577286100002196 -0.5141027441933094 -1.348274641385429e-19
    outer loop
      vertex 144.5007338506078 19.801374452604197 79.55
      vertex 144.58650165908568 19.944469396133325 79.55
      vertex 144.58650165908568 19.944469396133325 83.55
    endloop
  endfacet
  facet normal 0.9415440651830207 0.3368898533922202 0
    outer loop
      vertex 144.4294047947308 18.349438164979347 79.55
      vertex 144.37320142925523 18.506516048667415 83.55
      vertex 144.4294047947308 18.349438164979347 83.55
    endloop
  endfacet
  facet normal 0.9700312531945767 0.24298017990313353 0
    outer loop
      vertex 144.37320142925523 18.506516048667415 79.55
      vertex 144.33266502331452 18.66834645257258 83.55
      vertex 144.37320142925523 18.506516048667415 83.55
    endloop
  endfacet
  facet normal 0.9891765099647755 0.14673047445539858 0
    outer loop
      vertex 144.33266502331452 18.66834645257258 79.55
      vertex 144.30818596465727 18.833370861439747 83.55
      vertex 144.33266502331452 18.66834645257258 83.55
    endloop
  endfacet
  facet normal 0.9987954562051744 0.049067674327375375 0
    outer loop
      vertex 144.30818596465727 18.833370861439747 79.55
      vertex 144.3 19 83.55
      vertex 144.30818596465727 18.833370861439747 83.55
    endloop
  endfacet
  facet normal 0.9987954562051744 -0.049067674327375375 0
    outer loop
      vertex 144.3 19 79.55
      vertex 144.30818596465727 19.166629138560253 83.55
      vertex 144.3 19 83.55
    endloop
  endfacet
  facet normal 0.9891765099647755 -0.14673047445539858 0
    outer loop
      vertex 144.30818596465727 19.166629138560253 79.55
      vertex 144.33266502331452 19.33165354742742 83.55
      vertex 144.30818596465727 19.166629138560253 83.55
    endloop
  endfacet
  facet normal 0.9700312531945767 -0.24298017990313353 0
    outer loop
      vertex 144.33266502331452 19.33165354742742 79.55
      vertex 144.37320142925523 19.493483951332585 83.55
      vertex 144.33266502331452 19.33165354742742 83.55
    endloop
  endfacet
  facet normal 0.9415440651830207 -0.3368898533922202 5.252490042289651e-19
    outer loop
      vertex 144.4294047947308 19.650561835020653 83.55
      vertex 144.37320142925523 19.493483951332585 83.55
      vertex 144.37320142925523 19.493483951332585 79.55
    endloop
  endfacet
  facet normal 0.9039892931234363 -0.42755509343029674 0
    outer loop
      vertex 144.4294047947308 19.650561835020653 79.55
      vertex 144.5007338506078 19.801374452604197 83.55
      vertex 144.4294047947308 19.650561835020653 83.55
    endloop
  endfacet
  facet normal 0.8577286100002196 -0.5141027441933094 0
    outer loop
      vertex 144.5007338506078 19.801374452604197 79.55
      vertex 144.58650165908568 19.944469396133325 83.55
      vertex 144.5007338506078 19.801374452604197 83.55
    endloop
  endfacet
  facet normal 0.8032075314806646 -0.5956993044924068 0
    outer loop
      vertex 144.58650165908568 19.944469396133325 79.55
      vertex 144.68588222928335 20.078468583078198 83.55
      vertex 144.58650165908568 19.944469396133325 83.55
    endloop
  endfacet
  facet normal 0.5956993044923834 0.803207531480682 0
    outer loop
      vertex 144.9215314169218 17.685882229283347 79.55
      vertex 144.9215314169218 17.685882229283347 83.55
      vertex 145.05553060386669 17.586501659085673 79.55
    endloop
  endfacet
  facet normal 0.5141027441932341 0.8577286100002647 0
    outer loop
      vertex 145.05553060386669 17.586501659085673 79.55
      vertex 145.05553060386669 17.586501659085673 83.55
      vertex 145.1986255473958 17.500733850607798 79.55
    endloop
  endfacet
  facet normal 0.4275550934302876 0.9039892931234408 0
    outer loop
      vertex 145.1986255473958 17.500733850607798 79.55
      vertex 145.1986255473958 17.500733850607798 83.55
      vertex 145.34943816497935 17.429404794730814 79.55
    endloop
  endfacet
  facet normal 0.7409511253549322 0.6715589548470481 4.603358480381709e-19
    outer loop
      vertex 144.79791847198288 17.797918471982868 79.55
      vertex 144.68588222928335 17.921531416921802 79.55
      vertex 144.68588222928335 17.921531416921802 83.55
    endloop
  endfacet
  facet normal 0.6715589548470765 0.7409511253549064 0
    outer loop
      vertex 144.79791847198288 17.797918471982868 79.55
      vertex 144.79791847198288 17.797918471982868 83.55
      vertex 144.9215314169218 17.685882229283347 79.55
    endloop
  endfacet
  facet normal 0.2429801799032487 0.9700312531945477 0
    outer loop
      vertex 145.5065160486674 17.373201429255246 79.55
      vertex 145.5065160486674 17.373201429255246 83.55
      vertex 145.6683464525726 17.332665023314508 79.55
    endloop
  endfacet
  facet normal 0.33688985339223376 0.9415440651830158 0
    outer loop
      vertex 145.34943816497935 17.429404794730814 79.55
      vertex 145.34943816497935 17.429404794730814 83.55
      vertex 145.5065160486674 17.373201429255246 79.55
    endloop
  endfacet
  facet normal 0.1467304744553538 0.9891765099647821 0
    outer loop
      vertex 145.6683464525726 17.332665023314508 79.55
      vertex 145.6683464525726 17.332665023314508 83.55
      vertex 145.83337086143976 17.308185964657266 79.55
    endloop
  endfacet
  facet normal 0.04906767432742204 0.9987954562051722 0
    outer loop
      vertex 145.83337086143976 17.308185964657266 79.55
      vertex 145.83337086143976 17.308185964657266 83.55
      vertex 146 17.3 79.55
    endloop
  endfacet
  facet normal -0.04906767432742204 0.9987954562051722 0
    outer loop
      vertex 146 17.3 79.55
      vertex 146 17.3 83.55
      vertex 146.16662913856024 17.308185964657266 79.55
    endloop
  endfacet
  facet normal -0.1467304744553538 0.9891765099647821 0
    outer loop
      vertex 146.16662913856024 17.308185964657266 79.55
      vertex 146.16662913856024 17.308185964657266 83.55
      vertex 146.3316535474274 17.332665023314508 79.55
    endloop
  endfacet
  facet normal -0.2429801799032487 0.9700312531945477 0
    outer loop
      vertex 146.3316535474274 17.332665023314508 79.55
      vertex 146.3316535474274 17.332665023314508 83.55
      vertex 146.4934839513326 17.373201429255246 79.55
    endloop
  endfacet
  facet normal -0.33688985339223376 0.9415440651830158 0
    outer loop
      vertex 146.4934839513326 17.373201429255246 79.55
      vertex 146.4934839513326 17.373201429255246 83.55
      vertex 146.65056183502065 17.429404794730814 79.55
    endloop
  endfacet
  facet normal -0.4275550934302876 0.9039892931234408 0
    outer loop
      vertex 146.65056183502065 17.429404794730814 79.55
      vertex 146.65056183502065 17.429404794730814 83.55
      vertex 146.8013744526042 17.500733850607798 79.55
    endloop
  endfacet
  facet normal -0.5141027441932341 0.8577286100002647 0
    outer loop
      vertex 146.8013744526042 17.500733850607798 79.55
      vertex 146.8013744526042 17.500733850607798 83.55
      vertex 146.94446939613331 17.586501659085673 79.55
    endloop
  endfacet
  facet normal -0.5956993044923834 0.803207531480682 0
    outer loop
      vertex 146.94446939613331 17.586501659085673 79.55
      vertex 146.94446939613331 17.586501659085673 83.55
      vertex 147.0784685830782 17.685882229283347 79.55
    endloop
  endfacet
  facet normal -0.6715589548470765 0.7409511253549064 0
    outer loop
      vertex 147.0784685830782 17.685882229283347 79.55
      vertex 147.0784685830782 17.685882229283347 83.55
      vertex 147.20208152801712 17.797918471982868 79.55
    endloop
  endfacet
  facet normal -0.7409511253549322 0.6715589548470481 0
    outer loop
      vertex 147.20208152801712 17.797918471982868 79.55
      vertex 147.20208152801712 17.797918471982868 83.55
      vertex 147.31411777071665 17.921531416921802 79.55
    endloop
  endfacet
  facet normal 0.5956993044923834 0.803207531480682 0
    outer loop
      vertex 145.05553060386669 17.586501659085673 79.55
      vertex 144.9215314169218 17.685882229283347 83.55
      vertex 145.05553060386669 17.586501659085673 83.55
    endloop
  endfacet
  facet normal 0.5141027441932341 0.8577286100002647 0
    outer loop
      vertex 145.1986255473958 17.500733850607798 79.55
      vertex 145.05553060386669 17.586501659085673 83.55
      vertex 145.1986255473958 17.500733850607798 83.55
    endloop
  endfacet
  facet normal 0.7409511253549322 0.6715589548470481 0
    outer loop
      vertex 144.79791847198288 17.797918471982868 79.55
      vertex 144.68588222928335 17.921531416921802 83.55
      vertex 144.79791847198288 17.797918471982868 83.55
    endloop
  endfacet
  facet normal 0.8032075314806646 0.5956993044924068 0
    outer loop
      vertex 144.68588222928335 17.921531416921802 79.55
      vertex 144.58650165908568 18.055530603866675 83.55
      vertex 144.68588222928335 17.921531416921802 83.55
    endloop
  endfacet
  facet normal 0.6715589548470765 0.7409511253549064 0
    outer loop
      vertex 144.9215314169218 17.685882229283347 79.55
      vertex 144.79791847198288 17.797918471982868 83.55
      vertex 144.9215314169218 17.685882229283347 83.55
    endloop
  endfacet
  facet normal 0.2429801799032487 0.9700312531945477 0
    outer loop
      vertex 145.6683464525726 17.332665023314508 79.55
      vertex 145.5065160486674 17.373201429255246 83.55
      vertex 145.6683464525726 17.332665023314508 83.55
    endloop
  endfacet
  facet normal 0.4275550934302876 0.9039892931234408 0
    outer loop
      vertex 145.34943816497935 17.429404794730814 79.55
      vertex 145.1986255473958 17.500733850607798 83.55
      vertex 145.34943816497935 17.429404794730814 83.55
    endloop
  endfacet
  facet normal 0.33688985339223376 0.9415440651830158 0
    outer loop
      vertex 145.5065160486674 17.373201429255246 79.55
      vertex 145.34943816497935 17.429404794730814 83.55
      vertex 145.5065160486674 17.373201429255246 83.55
    endloop
  endfacet
  facet normal 0.1467304744553538 0.9891765099647821 0
    outer loop
      vertex 145.83337086143976 17.308185964657266 79.55
      vertex 145.6683464525726 17.332665023314508 83.55
      vertex 145.83337086143976 17.308185964657266 83.55
    endloop
  endfacet
  facet normal 0.04906767432742204 0.9987954562051722 0
    outer loop
      vertex 146 17.3 79.55
      vertex 145.83337086143976 17.308185964657266 83.55
      vertex 146 17.3 83.55
    endloop
  endfacet
  facet normal -0.04906767432742204 0.9987954562051722 0
    outer loop
      vertex 146.16662913856024 17.308185964657266 79.55
      vertex 146 17.3 83.55
      vertex 146.16662913856024 17.308185964657266 83.55
    endloop
  endfacet
  facet normal -0.1467304744553538 0.9891765099647821 0
    outer loop
      vertex 146.3316535474274 17.332665023314508 79.55
      vertex 146.16662913856024 17.308185964657266 83.55
      vertex 146.3316535474274 17.332665023314508 83.55
    endloop
  endfacet
  facet normal -0.2429801799032487 0.9700312531945477 0
    outer loop
      vertex 146.4934839513326 17.373201429255246 79.55
      vertex 146.3316535474274 17.332665023314508 83.55
      vertex 146.4934839513326 17.373201429255246 83.55
    endloop
  endfacet
  facet normal -0.33688985339223376 0.9415440651830158 0
    outer loop
      vertex 146.65056183502065 17.429404794730814 79.55
      vertex 146.4934839513326 17.373201429255246 83.55
      vertex 146.65056183502065 17.429404794730814 83.55
    endloop
  endfacet
  facet normal -0.4275550934302876 0.9039892931234408 0
    outer loop
      vertex 146.8013744526042 17.500733850607798 79.55
      vertex 146.65056183502065 17.429404794730814 83.55
      vertex 146.8013744526042 17.500733850607798 83.55
    endloop
  endfacet
  facet normal -0.5141027441932341 0.8577286100002647 0
    outer loop
      vertex 146.94446939613331 17.586501659085673 79.55
      vertex 146.8013744526042 17.500733850607798 83.55
      vertex 146.94446939613331 17.586501659085673 83.55
    endloop
  endfacet
  facet normal -0.5956993044923834 0.803207531480682 0
    outer loop
      vertex 147.0784685830782 17.685882229283347 79.55
      vertex 146.94446939613331 17.586501659085673 83.55
      vertex 147.0784685830782 17.685882229283347 83.55
    endloop
  endfacet
  facet normal -0.6715589548470765 0.7409511253549064 0
    outer loop
      vertex 147.20208152801712 17.797918471982868 79.55
      vertex 147.0784685830782 17.685882229283347 83.55
      vertex 147.20208152801712 17.797918471982868 83.55
    endloop
  endfacet
  facet normal -0.7409511253549322 0.6715589548470481 0
    outer loop
      vertex 147.31411777071665 17.921531416921802 79.55
      vertex 147.20208152801712 17.797918471982868 83.55
      vertex 147.31411777071665 17.921531416921802 83.55
    endloop
  endfacet
  facet normal 0.8032075314806646 -0.5956993044924068 1.1725624395337726e-18
    outer loop
      vertex 144.58650165908568 19.944469396133325 79.55
      vertex 144.68588222928335 20.078468583078198 79.55
      vertex 144.68588222928335 20.078468583078198 83.55
    endloop
  endfacet
  facet normal 0.7409511253549322 -0.6715589548470481 -4.603358480381709e-19
    outer loop
      vertex 144.68588222928335 20.078468583078198 79.55
      vertex 144.79791847198288 20.202081528017132 79.55
      vertex 144.79791847198288 20.202081528017132 83.55
    endloop
  endfacet
  facet normal 0.6715589548470765 -0.7409511253549064 0
    outer loop
      vertex 144.9215314169218 20.314117770716653 79.55
      vertex 144.9215314169218 20.314117770716653 83.55
      vertex 144.79791847198288 20.202081528017132 79.55
    endloop
  endfacet
  facet normal 0.5956993044923834 -0.803207531480682 0
    outer loop
      vertex 145.05553060386669 20.413498340914327 79.55
      vertex 145.05553060386669 20.413498340914327 83.55
      vertex 144.9215314169218 20.314117770716653 79.55
    endloop
  endfacet
  facet normal 0.5141027441932341 -0.8577286100002647 7.604278259191392e-19
    outer loop
      vertex 145.05553060386669 20.413498340914327 79.55
      vertex 145.1986255473958 20.499266149392202 79.55
      vertex 145.1986255473958 20.499266149392202 83.55
    endloop
  endfacet
  facet normal 0.4275550934302876 -0.9039892931234408 0
    outer loop
      vertex 145.34943816497935 20.570595205269186 79.55
      vertex 145.34943816497935 20.570595205269186 83.55
      vertex 145.1986255473958 20.499266149392202 79.55
    endloop
  endfacet
  facet normal 0.33688985339223376 -0.9415440651830158 0
    outer loop
      vertex 145.5065160486674 20.626798570744754 79.55
      vertex 145.5065160486674 20.626798570744754 83.55
      vertex 145.34943816497935 20.570595205269186 79.55
    endloop
  endfacet
  facet normal 0.2429801799032487 -0.9700312531945477 0
    outer loop
      vertex 145.6683464525726 20.667334976685492 79.55
      vertex 145.6683464525726 20.667334976685492 83.55
      vertex 145.5065160486674 20.626798570744754 79.55
    endloop
  endfacet
  facet normal 0.1467304744553538 -0.9891765099647821 0
    outer loop
      vertex 145.83337086143976 20.691814035342734 79.55
      vertex 145.83337086143976 20.691814035342734 83.55
      vertex 145.6683464525726 20.667334976685492 79.55
    endloop
  endfacet
  facet normal 0.04906767432742204 -0.9987954562051722 0
    outer loop
      vertex 146 20.7 79.55
      vertex 146 20.7 83.55
      vertex 145.83337086143976 20.691814035342734 79.55
    endloop
  endfacet
  facet normal -0.04906767432742204 -0.9987954562051722 0
    outer loop
      vertex 146.16662913856024 20.691814035342734 79.55
      vertex 146.16662913856024 20.691814035342734 83.55
      vertex 146 20.7 79.55
    endloop
  endfacet
  facet normal -0.1467304744553538 -0.9891765099647821 0
    outer loop
      vertex 146.3316535474274 20.667334976685492 79.55
      vertex 146.3316535474274 20.667334976685492 83.55
      vertex 146.16662913856024 20.691814035342734 79.55
    endloop
  endfacet
  facet normal -0.2429801799032487 -0.9700312531945477 0
    outer loop
      vertex 146.4934839513326 20.626798570744754 79.55
      vertex 146.4934839513326 20.626798570744754 83.55
      vertex 146.3316535474274 20.667334976685492 79.55
    endloop
  endfacet
  facet normal -0.33688985339223376 -0.9415440651830158 0
    outer loop
      vertex 146.65056183502065 20.570595205269186 79.55
      vertex 146.65056183502065 20.570595205269186 83.55
      vertex 146.4934839513326 20.626798570744754 79.55
    endloop
  endfacet
  facet normal -0.7409511253549322 -0.6715589548470481 4.603358480381709e-19
    outer loop
      vertex 147.20208152801712 20.202081528017132 79.55
      vertex 147.31411777071665 20.078468583078198 79.55
      vertex 147.31411777071665 20.078468583078198 83.55
    endloop
  endfacet
  facet normal -0.6715589548470765 -0.7409511253549064 9.263910910887313e-19
    outer loop
      vertex 147.0784685830782 20.314117770716653 79.55
      vertex 147.20208152801712 20.202081528017132 79.55
      vertex 147.20208152801712 20.202081528017132 83.55
    endloop
  endfacet
  facet normal -0.4275550934302876 -0.9039892931234408 0
    outer loop
      vertex 146.8013744526042 20.499266149392202 79.55
      vertex 146.8013744526042 20.499266149392202 83.55
      vertex 146.65056183502065 20.570595205269186 79.55
    endloop
  endfacet
  facet normal -0.5141027441932341 -0.8577286100002647 0
    outer loop
      vertex 146.94446939613331 20.413498340914327 79.55
      vertex 146.94446939613331 20.413498340914327 83.55
      vertex 146.8013744526042 20.499266149392202 79.55
    endloop
  endfacet
  facet normal -0.5956993044923834 -0.803207531480682 0
    outer loop
      vertex 147.0784685830782 20.314117770716653 79.55
      vertex 147.0784685830782 20.314117770716653 83.55
      vertex 146.94446939613331 20.413498340914327 79.55
    endloop
  endfacet
  facet normal 0.7409511253549322 -0.6715589548470481 0
    outer loop
      vertex 144.68588222928335 20.078468583078198 79.55
      vertex 144.79791847198288 20.202081528017132 83.55
      vertex 144.68588222928335 20.078468583078198 83.55
    endloop
  endfacet
  facet normal 0.6715589548470765 -0.7409511253549064 0
    outer loop
      vertex 144.79791847198288 20.202081528017132 79.55
      vertex 144.9215314169218 20.314117770716653 83.55
      vertex 144.79791847198288 20.202081528017132 83.55
    endloop
  endfacet
  facet normal 0.5956993044923834 -0.803207531480682 0
    outer loop
      vertex 144.9215314169218 20.314117770716653 79.55
      vertex 145.05553060386669 20.413498340914327 83.55
      vertex 144.9215314169218 20.314117770716653 83.55
    endloop
  endfacet
  facet normal 0.5141027441932341 -0.8577286100002647 0
    outer loop
      vertex 145.05553060386669 20.413498340914327 79.55
      vertex 145.1986255473958 20.499266149392202 83.55
      vertex 145.05553060386669 20.413498340914327 83.55
    endloop
  endfacet
  facet normal 0.4275550934302876 -0.9039892931234408 0
    outer loop
      vertex 145.1986255473958 20.499266149392202 79.55
      vertex 145.34943816497935 20.570595205269186 83.55
      vertex 145.1986255473958 20.499266149392202 83.55
    endloop
  endfacet
  facet normal 0.33688985339223376 -0.9415440651830158 0
    outer loop
      vertex 145.34943816497935 20.570595205269186 79.55
      vertex 145.5065160486674 20.626798570744754 83.55
      vertex 145.34943816497935 20.570595205269186 83.55
    endloop
  endfacet
  facet normal 0.2429801799032487 -0.9700312531945477 0
    outer loop
      vertex 145.5065160486674 20.626798570744754 79.55
      vertex 145.6683464525726 20.667334976685492 83.55
      vertex 145.5065160486674 20.626798570744754 83.55
    endloop
  endfacet
  facet normal 0.1467304744553538 -0.9891765099647821 0
    outer loop
      vertex 145.6683464525726 20.667334976685492 79.55
      vertex 145.83337086143976 20.691814035342734 83.55
      vertex 145.6683464525726 20.667334976685492 83.55
    endloop
  endfacet
  facet normal 0.04906767432742204 -0.9987954562051722 0
    outer loop
      vertex 145.83337086143976 20.691814035342734 79.55
      vertex 146 20.7 83.55
      vertex 145.83337086143976 20.691814035342734 83.55
    endloop
  endfacet
  facet normal -0.04906767432742204 -0.9987954562051722 0
    outer loop
      vertex 146 20.7 79.55
      vertex 146.16662913856024 20.691814035342734 83.55
      vertex 146 20.7 83.55
    endloop
  endfacet
  facet normal -0.1467304744553538 -0.9891765099647821 0
    outer loop
      vertex 146.16662913856024 20.691814035342734 79.55
      vertex 146.3316535474274 20.667334976685492 83.55
      vertex 146.16662913856024 20.691814035342734 83.55
    endloop
  endfacet
  facet normal -0.2429801799032487 -0.9700312531945477 0
    outer loop
      vertex 146.3316535474274 20.667334976685492 79.55
      vertex 146.4934839513326 20.626798570744754 83.55
      vertex 146.3316535474274 20.667334976685492 83.55
    endloop
  endfacet
  facet normal -0.33688985339223376 -0.9415440651830158 0
    outer loop
      vertex 146.4934839513326 20.626798570744754 79.55
      vertex 146.65056183502065 20.570595205269186 83.55
      vertex 146.4934839513326 20.626798570744754 83.55
    endloop
  endfacet
  facet normal -0.6715589548470765 -0.7409511253549064 0
    outer loop
      vertex 147.0784685830782 20.314117770716653 79.55
      vertex 147.20208152801712 20.202081528017132 83.55
      vertex 147.0784685830782 20.314117770716653 83.55
    endloop
  endfacet
  facet normal -0.7409511253549322 -0.6715589548470481 0
    outer loop
      vertex 147.20208152801712 20.202081528017132 79.55
      vertex 147.31411777071665 20.078468583078198 83.55
      vertex 147.20208152801712 20.202081528017132 83.55
    endloop
  endfacet
  facet normal -0.4275550934302876 -0.9039892931234408 0
    outer loop
      vertex 146.65056183502065 20.570595205269186 79.55
      vertex 146.8013744526042 20.499266149392202 83.55
      vertex 146.65056183502065 20.570595205269186 83.55
    endloop
  endfacet
  facet normal -0.5141027441932341 -0.8577286100002647 0
    outer loop
      vertex 146.8013744526042 20.499266149392202 79.55
      vertex 146.94446939613331 20.413498340914327 83.55
      vertex 146.8013744526042 20.499266149392202 83.55
    endloop
  endfacet
  facet normal -0.5956993044923834 -0.803207531480682 0
    outer loop
      vertex 146.94446939613331 20.413498340914327 79.55
      vertex 147.0784685830782 20.314117770716653 83.55
      vertex 146.94446939613331 20.413498340914327 83.55
    endloop
  endfacet
  facet normal -0.8032075314806646 0.5956993044924068 1.1725624395337726e-18
    outer loop
      vertex 147.41349834091432 18.055530603866675 79.55
      vertex 147.31411777071665 17.921531416921802 79.55
      vertex 147.31411777071665 17.921531416921802 83.55
    endloop
  endfacet
  facet normal -0.8577286100002196 0.5141027441933094 -1.348274641385429e-19
    outer loop
      vertex 147.4992661493922 18.198625547395803 79.55
      vertex 147.41349834091432 18.055530603866675 79.55
      vertex 147.41349834091432 18.055530603866675 83.55
    endloop
  endfacet
  facet normal -0.9039892931234363 0.42755509343029674 -1.0900147841387822e-18
    outer loop
      vertex 147.5705952052692 18.349438164979347 79.55
      vertex 147.4992661493922 18.198625547395803 79.55
      vertex 147.4992661493922 18.198625547395803 83.55
    endloop
  endfacet
  facet normal -0.8032075314806646 0.5956993044924068 0
    outer loop
      vertex 147.41349834091432 18.055530603866675 79.55
      vertex 147.31411777071665 17.921531416921802 83.55
      vertex 147.41349834091432 18.055530603866675 83.55
    endloop
  endfacet
  facet normal -0.8577286100002196 0.5141027441933094 0
    outer loop
      vertex 147.4992661493922 18.198625547395803 79.55
      vertex 147.41349834091432 18.055530603866675 83.55
      vertex 147.4992661493922 18.198625547395803 83.55
    endloop
  endfacet
  facet normal -0.9039892931234363 0.42755509343029674 0
    outer loop
      vertex 147.5705952052692 18.349438164979347 79.55
      vertex 147.4992661493922 18.198625547395803 83.55
      vertex 147.5705952052692 18.349438164979347 83.55
    endloop
  endfacet
  facet normal -0.9415440651830207 0.3368898533922202 5.252490042289651e-19
    outer loop
      vertex 147.62679857074477 18.506516048667415 79.55
      vertex 147.5705952052692 18.349438164979347 79.55
      vertex 147.5705952052692 18.349438164979347 83.55
    endloop
  endfacet
  facet normal -0.9700312531945767 0.24298017990313353 -8.776266375848709e-20
    outer loop
      vertex 147.66733497668548 18.66834645257258 79.55
      vertex 147.62679857074477 18.506516048667415 79.55
      vertex 147.62679857074477 18.506516048667415 83.55
    endloop
  endfacet
  facet normal -0.9891765099647755 0.14673047445539858 3.2790482607323377e-19
    outer loop
      vertex 147.69181403534273 18.833370861439747 79.55
      vertex 147.66733497668548 18.66834645257258 79.55
      vertex 147.66733497668548 18.66834645257258 83.55
    endloop
  endfacet
  facet normal -0.9987954562051744 0.049067674327375375 1.7210010469467705e-20
    outer loop
      vertex 147.7 19 79.55
      vertex 147.69181403534273 18.833370861439747 79.55
      vertex 147.69181403534273 18.833370861439747 83.55
    endloop
  endfacet
  facet normal -0.9415440651830207 -0.3368898533922202 -5.252490042289651e-19
    outer loop
      vertex 147.5705952052692 19.650561835020653 79.55
      vertex 147.62679857074477 19.493483951332585 79.55
      vertex 147.62679857074477 19.493483951332585 83.55
    endloop
  endfacet
  facet normal -0.9987954562051744 -0.049067674327375375 -1.7210010469467705e-20
    outer loop
      vertex 147.69181403534273 19.166629138560253 79.55
      vertex 147.7 19 79.55
      vertex 147.7 19 83.55
    endloop
  endfacet
  facet normal -0.9891765099647755 -0.14673047445539858 -3.2790482607323377e-19
    outer loop
      vertex 147.66733497668548 19.33165354742742 79.55
      vertex 147.69181403534273 19.166629138560253 79.55
      vertex 147.69181403534273 19.166629138560253 83.55
    endloop
  endfacet
  facet normal -0.9700312531945767 -0.24298017990313353 8.776266375848709e-20
    outer loop
      vertex 147.62679857074477 19.493483951332585 79.55
      vertex 147.66733497668548 19.33165354742742 79.55
      vertex 147.66733497668548 19.33165354742742 83.55
    endloop
  endfacet
  facet normal -0.8577286100002196 -0.5141027441933094 1.348274641385429e-19
    outer loop
      vertex 147.41349834091432 19.944469396133325 79.55
      vertex 147.4992661493922 19.801374452604197 79.55
      vertex 147.4992661493922 19.801374452604197 83.55
    endloop
  endfacet
  facet normal -0.8032075314806646 -0.5956993044924068 -1.1725624395337726e-18
    outer loop
      vertex 147.31411777071665 20.078468583078198 79.55
      vertex 147.41349834091432 19.944469396133325 79.55
      vertex 147.41349834091432 19.944469396133325 83.55
    endloop
  endfacet
  facet normal -0.9039892931234363 -0.42755509343029674 1.0900147841387822e-18
    outer loop
      vertex 147.4992661493922 19.801374452604197 79.55
      vertex 147.5705952052692 19.650561835020653 79.55
      vertex 147.5705952052692 19.650561835020653 83.55
    endloop
  endfacet
  facet normal -0.9415440651830207 0.3368898533922202 0
    outer loop
      vertex 147.62679857074477 18.506516048667415 79.55
      vertex 147.5705952052692 18.349438164979347 83.55
      vertex 147.62679857074477 18.506516048667415 83.55
    endloop
  endfacet
  facet normal -0.9700312531945767 0.24298017990313353 0
    outer loop
      vertex 147.66733497668548 18.66834645257258 79.55
      vertex 147.62679857074477 18.506516048667415 83.55
      vertex 147.66733497668548 18.66834645257258 83.55
    endloop
  endfacet
  facet normal -0.9891765099647755 0.14673047445539858 0
    outer loop
      vertex 147.69181403534273 18.833370861439747 79.55
      vertex 147.66733497668548 18.66834645257258 83.55
      vertex 147.69181403534273 18.833370861439747 83.55
    endloop
  endfacet
  facet normal -0.9987954562051744 0.049067674327375375 0
    outer loop
      vertex 147.7 19 79.55
      vertex 147.69181403534273 18.833370861439747 83.55
      vertex 147.7 19 83.55
    endloop
  endfacet
  facet normal -0.9700312531945767 -0.24298017990313353 0
    outer loop
      vertex 147.62679857074477 19.493483951332585 79.55
      vertex 147.66733497668548 19.33165354742742 83.55
      vertex 147.62679857074477 19.493483951332585 83.55
    endloop
  endfacet
  facet normal -0.9415440651830207 -0.3368898533922202 0
    outer loop
      vertex 147.5705952052692 19.650561835020653 79.55
      vertex 147.62679857074477 19.493483951332585 83.55
      vertex 147.5705952052692 19.650561835020653 83.55
    endloop
  endfacet
  facet normal -0.9987954562051744 -0.049067674327375375 0
    outer loop
      vertex 147.69181403534273 19.166629138560253 79.55
      vertex 147.7 19 83.55
      vertex 147.69181403534273 19.166629138560253 83.55
    endloop
  endfacet
  facet normal -0.9891765099647755 -0.14673047445539858 0
    outer loop
      vertex 147.66733497668548 19.33165354742742 79.55
      vertex 147.69181403534273 19.166629138560253 83.55
      vertex 147.66733497668548 19.33165354742742 83.55
    endloop
  endfacet
  facet normal -0.8577286100002196 -0.5141027441933094 0
    outer loop
      vertex 147.41349834091432 19.944469396133325 79.55
      vertex 147.4992661493922 19.801374452604197 83.55
      vertex 147.41349834091432 19.944469396133325 83.55
    endloop
  endfacet
  facet normal -0.9039892931234363 -0.42755509343029674 0
    outer loop
      vertex 147.4992661493922 19.801374452604197 79.55
      vertex 147.5705952052692 19.650561835020653 83.55
      vertex 147.4992661493922 19.801374452604197 83.55
    endloop
  endfacet
  facet normal -0.8032075314806646 -0.5956993044924068 0
    outer loop
      vertex 147.31411777071665 20.078468583078198 79.55
      vertex 147.41349834091432 19.944469396133325 83.55
      vertex 147.31411777071665 20.078468583078198 83.55
    endloop
  endfacet
  facet normal 0.9039892931234363 0.42755509343029674 0
    outer loop
      vertex 144.4294047947308 -19.650561835020653 83.55
      vertex 144.5007338506078 -19.801374452604197 79.55
      vertex 144.4294047947308 -19.650561835020653 79.55
    endloop
  endfacet
  facet normal 0.8032075314806646 0.5956993044924068 0
    outer loop
      vertex 144.58650165908568 -19.944469396133325 83.55
      vertex 144.68588222928335 -20.078468583078198 79.55
      vertex 144.58650165908568 -19.944469396133325 79.55
    endloop
  endfacet
  facet normal 0.8577286100002196 0.5141027441933094 0
    outer loop
      vertex 144.5007338506078 -19.801374452604197 83.55
      vertex 144.58650165908568 -19.944469396133325 79.55
      vertex 144.5007338506078 -19.801374452604197 79.55
    endloop
  endfacet
  facet normal 0.9415440651830207 0.3368898533922202 -5.252490042289651e-19
    outer loop
      vertex 144.4294047947308 -19.650561835020653 79.55
      vertex 144.37320142925523 -19.493483951332585 79.55
      vertex 144.37320142925523 -19.493483951332585 83.55
    endloop
  endfacet
  facet normal 0.9700312531945767 0.24298017990313353 8.776266375848709e-20
    outer loop
      vertex 144.37320142925523 -19.493483951332585 79.55
      vertex 144.33266502331452 -19.33165354742742 79.55
      vertex 144.33266502331452 -19.33165354742742 83.55
    endloop
  endfacet
  facet normal 0.9891765099647755 0.14673047445539858 -3.2790482607323377e-19
    outer loop
      vertex 144.33266502331452 -19.33165354742742 79.55
      vertex 144.30818596465727 -19.166629138560253 79.55
      vertex 144.30818596465727 -19.166629138560253 83.55
    endloop
  endfacet
  facet normal 0.9987954562051744 0.049067674327375375 -1.7210010469467705e-20
    outer loop
      vertex 144.30818596465727 -19.166629138560253 79.55
      vertex 144.3 -19 79.55
      vertex 144.3 -19 83.55
    endloop
  endfacet
  facet normal 0.9987954562051744 -0.049067674327375375 1.7210010469467705e-20
    outer loop
      vertex 144.3 -19 79.55
      vertex 144.30818596465727 -18.833370861439747 79.55
      vertex 144.30818596465727 -18.833370861439747 83.55
    endloop
  endfacet
  facet normal 0.9891765099647755 -0.14673047445539858 3.2790482607323377e-19
    outer loop
      vertex 144.30818596465727 -18.833370861439747 79.55
      vertex 144.33266502331452 -18.66834645257258 79.55
      vertex 144.33266502331452 -18.66834645257258 83.55
    endloop
  endfacet
  facet normal 0.9700312531945767 -0.24298017990313353 -8.776266375848709e-20
    outer loop
      vertex 144.33266502331452 -18.66834645257258 79.55
      vertex 144.37320142925523 -18.506516048667415 79.55
      vertex 144.37320142925523 -18.506516048667415 83.55
    endloop
  endfacet
  facet normal 0.9415440651830207 -0.3368898533922202 5.252490042289651e-19
    outer loop
      vertex 144.37320142925523 -18.506516048667415 79.55
      vertex 144.4294047947308 -18.349438164979347 79.55
      vertex 144.4294047947308 -18.349438164979347 83.55
    endloop
  endfacet
  facet normal 0.8577286100002196 0.5141027441933094 1.348274641385429e-19
    outer loop
      vertex 144.5007338506078 -19.801374452604197 83.55
      vertex 144.58650165908568 -19.944469396133325 83.55
      vertex 144.58650165908568 -19.944469396133325 79.55
    endloop
  endfacet
  facet normal 0.9039892931234363 0.42755509343029674 1.0900147841387822e-18
    outer loop
      vertex 144.4294047947308 -19.650561835020653 83.55
      vertex 144.5007338506078 -19.801374452604197 83.55
      vertex 144.5007338506078 -19.801374452604197 79.55
    endloop
  endfacet
  facet normal 0.9415440651830207 0.3368898533922202 -5.252490042289651e-19
    outer loop
      vertex 144.37320142925523 -19.493483951332585 83.55
      vertex 144.4294047947308 -19.650561835020653 83.55
      vertex 144.4294047947308 -19.650561835020653 79.55
    endloop
  endfacet
  facet normal 0.9700312531945767 0.24298017990313353 0
    outer loop
      vertex 144.37320142925523 -19.493483951332585 79.55
      vertex 144.33266502331452 -19.33165354742742 83.55
      vertex 144.37320142925523 -19.493483951332585 83.55
    endloop
  endfacet
  facet normal 0.9891765099647755 0.14673047445539858 0
    outer loop
      vertex 144.33266502331452 -19.33165354742742 79.55
      vertex 144.30818596465727 -19.166629138560253 83.55
      vertex 144.33266502331452 -19.33165354742742 83.55
    endloop
  endfacet
  facet normal 0.9987954562051744 0.049067674327375375 0
    outer loop
      vertex 144.30818596465727 -19.166629138560253 79.55
      vertex 144.3 -19 83.55
      vertex 144.30818596465727 -19.166629138560253 83.55
    endloop
  endfacet
  facet normal 0.9987954562051744 -0.049067674327375375 0
    outer loop
      vertex 144.3 -19 79.55
      vertex 144.30818596465727 -18.833370861439747 83.55
      vertex 144.3 -19 83.55
    endloop
  endfacet
  facet normal 0.9891765099647755 -0.14673047445539858 0
    outer loop
      vertex 144.30818596465727 -18.833370861439747 79.55
      vertex 144.33266502331452 -18.66834645257258 83.55
      vertex 144.30818596465727 -18.833370861439747 83.55
    endloop
  endfacet
  facet normal 0.9700312531945767 -0.24298017990313353 0
    outer loop
      vertex 144.33266502331452 -18.66834645257258 79.55
      vertex 144.37320142925523 -18.506516048667415 83.55
      vertex 144.33266502331452 -18.66834645257258 83.55
    endloop
  endfacet
  facet normal 0.9415440651830207 -0.3368898533922202 0
    outer loop
      vertex 144.37320142925523 -18.506516048667415 79.55
      vertex 144.4294047947308 -18.349438164979347 83.55
      vertex 144.37320142925523 -18.506516048667415 83.55
    endloop
  endfacet
  facet normal 0.9039892931234363 -0.42755509343029674 -1.0900147841387822e-18
    outer loop
      vertex 144.4294047947308 -18.349438164979347 79.55
      vertex 144.5007338506078 -18.198625547395803 79.55
      vertex 144.5007338506078 -18.198625547395803 83.55
    endloop
  endfacet
  facet normal 0.8577286100002196 -0.5141027441933094 -1.348274641385429e-19
    outer loop
      vertex 144.5007338506078 -18.198625547395803 79.55
      vertex 144.58650165908568 -18.055530603866675 79.55
      vertex 144.58650165908568 -18.055530603866675 83.55
    endloop
  endfacet
  facet normal 0.9039892931234363 -0.42755509343029674 0
    outer loop
      vertex 144.4294047947308 -18.349438164979347 79.55
      vertex 144.5007338506078 -18.198625547395803 83.55
      vertex 144.4294047947308 -18.349438164979347 83.55
    endloop
  endfacet
  facet normal 0.8577286100002196 -0.5141027441933094 0
    outer loop
      vertex 144.5007338506078 -18.198625547395803 79.55
      vertex 144.58650165908568 -18.055530603866675 83.55
      vertex 144.5007338506078 -18.198625547395803 83.55
    endloop
  endfacet
  facet normal 0.8032075314806646 -0.5956993044924068 0
    outer loop
      vertex 144.58650165908568 -18.055530603866675 79.55
      vertex 144.68588222928335 -17.921531416921802 83.55
      vertex 144.58650165908568 -18.055530603866675 83.55
    endloop
  endfacet
  facet normal 0.5956993044923834 0.803207531480682 0
    outer loop
      vertex 144.9215314169218 -20.314117770716653 83.55
      vertex 145.05553060386669 -20.413498340914327 79.55
      vertex 144.9215314169218 -20.314117770716653 79.55
    endloop
  endfacet
  facet normal 0.5141027441932341 0.8577286100002647 0
    outer loop
      vertex 145.05553060386669 -20.413498340914327 83.55
      vertex 145.1986255473958 -20.499266149392202 79.55
      vertex 145.05553060386669 -20.413498340914327 79.55
    endloop
  endfacet
  facet normal 0.4275550934302876 0.9039892931234408 0
    outer loop
      vertex 145.1986255473958 -20.499266149392202 83.55
      vertex 145.34943816497935 -20.570595205269186 79.55
      vertex 145.1986255473958 -20.499266149392202 79.55
    endloop
  endfacet
  facet normal 0.7409511253549322 0.6715589548470481 0
    outer loop
      vertex 144.68588222928335 -20.078468583078198 83.55
      vertex 144.79791847198288 -20.202081528017132 79.55
      vertex 144.68588222928335 -20.078468583078198 79.55
    endloop
  endfacet
  facet normal 0.6715589548470765 0.7409511253549064 0
    outer loop
      vertex 144.79791847198288 -20.202081528017132 83.55
      vertex 144.9215314169218 -20.314117770716653 79.55
      vertex 144.79791847198288 -20.202081528017132 79.55
    endloop
  endfacet
  facet normal 0.33688985339223376 0.9415440651830158 0
    outer loop
      vertex 145.34943816497935 -20.570595205269186 83.55
      vertex 145.5065160486674 -20.626798570744754 79.55
      vertex 145.34943816497935 -20.570595205269186 79.55
    endloop
  endfacet
  facet normal 0.2429801799032487 0.9700312531945477 0
    outer loop
      vertex 145.5065160486674 -20.626798570744754 83.55
      vertex 145.6683464525726 -20.667334976685492 79.55
      vertex 145.5065160486674 -20.626798570744754 79.55
    endloop
  endfacet
  facet normal 0.1467304744553538 0.9891765099647821 0
    outer loop
      vertex 145.6683464525726 -20.667334976685492 83.55
      vertex 145.83337086143976 -20.691814035342734 79.55
      vertex 145.6683464525726 -20.667334976685492 79.55
    endloop
  endfacet
  facet normal 0.04906767432742204 0.9987954562051722 0
    outer loop
      vertex 145.83337086143976 -20.691814035342734 83.55
      vertex 146 -20.7 79.55
      vertex 145.83337086143976 -20.691814035342734 79.55
    endloop
  endfacet
  facet normal -0.04906767432742204 0.9987954562051722 0
    outer loop
      vertex 146 -20.7 83.55
      vertex 146.16662913856024 -20.691814035342734 79.55
      vertex 146 -20.7 79.55
    endloop
  endfacet
  facet normal -0.1467304744553538 0.9891765099647821 0
    outer loop
      vertex 146.16662913856024 -20.691814035342734 83.55
      vertex 146.3316535474274 -20.667334976685492 79.55
      vertex 146.16662913856024 -20.691814035342734 79.55
    endloop
  endfacet
  facet normal -0.2429801799032487 0.9700312531945477 0
    outer loop
      vertex 146.3316535474274 -20.667334976685492 83.55
      vertex 146.4934839513326 -20.626798570744754 79.55
      vertex 146.3316535474274 -20.667334976685492 79.55
    endloop
  endfacet
  facet normal -0.33688985339223376 0.9415440651830158 0
    outer loop
      vertex 146.4934839513326 -20.626798570744754 83.55
      vertex 146.65056183502065 -20.570595205269186 79.55
      vertex 146.4934839513326 -20.626798570744754 79.55
    endloop
  endfacet
  facet normal -0.4275550934302876 0.9039892931234408 0
    outer loop
      vertex 146.65056183502065 -20.570595205269186 83.55
      vertex 146.8013744526042 -20.499266149392202 79.55
      vertex 146.65056183502065 -20.570595205269186 79.55
    endloop
  endfacet
  facet normal -0.5141027441932341 0.8577286100002647 0
    outer loop
      vertex 146.8013744526042 -20.499266149392202 83.55
      vertex 146.94446939613331 -20.413498340914327 79.55
      vertex 146.8013744526042 -20.499266149392202 79.55
    endloop
  endfacet
  facet normal -0.5956993044923834 0.803207531480682 0
    outer loop
      vertex 146.94446939613331 -20.413498340914327 83.55
      vertex 147.0784685830782 -20.314117770716653 79.55
      vertex 146.94446939613331 -20.413498340914327 79.55
    endloop
  endfacet
  facet normal -0.6715589548470765 0.7409511253549064 0
    outer loop
      vertex 147.0784685830782 -20.314117770716653 83.55
      vertex 147.20208152801712 -20.202081528017132 79.55
      vertex 147.0784685830782 -20.314117770716653 79.55
    endloop
  endfacet
  facet normal -0.7409511253549322 0.6715589548470481 0
    outer loop
      vertex 147.20208152801712 -20.202081528017132 79.55
      vertex 147.20208152801712 -20.202081528017132 83.55
      vertex 147.31411777071665 -20.078468583078198 79.55
    endloop
  endfacet
  facet normal 0.5956993044923834 0.803207531480682 0
    outer loop
      vertex 145.05553060386669 -20.413498340914327 83.55
      vertex 145.05553060386669 -20.413498340914327 79.55
      vertex 144.9215314169218 -20.314117770716653 83.55
    endloop
  endfacet
  facet normal 0.5141027441932341 0.8577286100002647 0
    outer loop
      vertex 145.1986255473958 -20.499266149392202 83.55
      vertex 145.1986255473958 -20.499266149392202 79.55
      vertex 145.05553060386669 -20.413498340914327 83.55
    endloop
  endfacet
  facet normal 0.8032075314806646 0.5956993044924068 -1.1725624395337726e-18
    outer loop
      vertex 144.58650165908568 -19.944469396133325 83.55
      vertex 144.68588222928335 -20.078468583078198 83.55
      vertex 144.68588222928335 -20.078468583078198 79.55
    endloop
  endfacet
  facet normal 0.7409511253549322 0.6715589548470481 4.603358480381709e-19
    outer loop
      vertex 144.68588222928335 -20.078468583078198 83.55
      vertex 144.79791847198288 -20.202081528017132 83.55
      vertex 144.79791847198288 -20.202081528017132 79.55
    endloop
  endfacet
  facet normal 0.6715589548470765 0.7409511253549064 0
    outer loop
      vertex 144.9215314169218 -20.314117770716653 83.55
      vertex 144.9215314169218 -20.314117770716653 79.55
      vertex 144.79791847198288 -20.202081528017132 83.55
    endloop
  endfacet
  facet normal 0.4275550934302876 0.9039892931234408 0
    outer loop
      vertex 145.34943816497935 -20.570595205269186 83.55
      vertex 145.34943816497935 -20.570595205269186 79.55
      vertex 145.1986255473958 -20.499266149392202 83.55
    endloop
  endfacet
  facet normal 0.33688985339223376 0.9415440651830158 0
    outer loop
      vertex 145.5065160486674 -20.626798570744754 83.55
      vertex 145.5065160486674 -20.626798570744754 79.55
      vertex 145.34943816497935 -20.570595205269186 83.55
    endloop
  endfacet
  facet normal 0.2429801799032487 0.9700312531945477 0
    outer loop
      vertex 145.6683464525726 -20.667334976685492 83.55
      vertex 145.6683464525726 -20.667334976685492 79.55
      vertex 145.5065160486674 -20.626798570744754 83.55
    endloop
  endfacet
  facet normal 0.1467304744553538 0.9891765099647821 0
    outer loop
      vertex 145.83337086143976 -20.691814035342734 83.55
      vertex 145.83337086143976 -20.691814035342734 79.55
      vertex 145.6683464525726 -20.667334976685492 83.55
    endloop
  endfacet
  facet normal 0.04906767432742204 0.9987954562051722 0
    outer loop
      vertex 146 -20.7 83.55
      vertex 146 -20.7 79.55
      vertex 145.83337086143976 -20.691814035342734 83.55
    endloop
  endfacet
  facet normal -0.04906767432742204 0.9987954562051722 0
    outer loop
      vertex 146.16662913856024 -20.691814035342734 83.55
      vertex 146.16662913856024 -20.691814035342734 79.55
      vertex 146 -20.7 83.55
    endloop
  endfacet
  facet normal -0.1467304744553538 0.9891765099647821 0
    outer loop
      vertex 146.3316535474274 -20.667334976685492 83.55
      vertex 146.3316535474274 -20.667334976685492 79.55
      vertex 146.16662913856024 -20.691814035342734 83.55
    endloop
  endfacet
  facet normal -0.2429801799032487 0.9700312531945477 0
    outer loop
      vertex 146.4934839513326 -20.626798570744754 83.55
      vertex 146.4934839513326 -20.626798570744754 79.55
      vertex 146.3316535474274 -20.667334976685492 83.55
    endloop
  endfacet
  facet normal -0.33688985339223376 0.9415440651830158 0
    outer loop
      vertex 146.65056183502065 -20.570595205269186 83.55
      vertex 146.65056183502065 -20.570595205269186 79.55
      vertex 146.4934839513326 -20.626798570744754 83.55
    endloop
  endfacet
  facet normal -0.4275550934302876 0.9039892931234408 0
    outer loop
      vertex 146.8013744526042 -20.499266149392202 83.55
      vertex 146.8013744526042 -20.499266149392202 79.55
      vertex 146.65056183502065 -20.570595205269186 83.55
    endloop
  endfacet
  facet normal -0.5141027441932341 0.8577286100002647 0
    outer loop
      vertex 146.94446939613331 -20.413498340914327 83.55
      vertex 146.94446939613331 -20.413498340914327 79.55
      vertex 146.8013744526042 -20.499266149392202 83.55
    endloop
  endfacet
  facet normal -0.5956993044923834 0.803207531480682 0
    outer loop
      vertex 147.0784685830782 -20.314117770716653 83.55
      vertex 147.0784685830782 -20.314117770716653 79.55
      vertex 146.94446939613331 -20.413498340914327 83.55
    endloop
  endfacet
  facet normal -0.6715589548470765 0.7409511253549064 0
    outer loop
      vertex 147.20208152801712 -20.202081528017132 79.55
      vertex 147.0784685830782 -20.314117770716653 83.55
      vertex 147.20208152801712 -20.202081528017132 83.55
    endloop
  endfacet
  facet normal -0.7409511253549322 0.6715589548470481 0
    outer loop
      vertex 147.31411777071665 -20.078468583078198 79.55
      vertex 147.20208152801712 -20.202081528017132 83.55
      vertex 147.31411777071665 -20.078468583078198 83.55
    endloop
  endfacet
  facet normal 0.8032075314806646 -0.5956993044924068 1.1725624395337726e-18
    outer loop
      vertex 144.58650165908568 -18.055530603866675 79.55
      vertex 144.68588222928335 -17.921531416921802 79.55
      vertex 144.68588222928335 -17.921531416921802 83.55
    endloop
  endfacet
  facet normal 0.7409511253549322 -0.6715589548470481 -4.603358480381709e-19
    outer loop
      vertex 144.68588222928335 -17.921531416921802 79.55
      vertex 144.79791847198288 -17.797918471982868 79.55
      vertex 144.79791847198288 -17.797918471982868 83.55
    endloop
  endfacet
  facet normal 0.6715589548470765 -0.7409511253549064 0
    outer loop
      vertex 144.9215314169218 -17.685882229283347 79.55
      vertex 144.9215314169218 -17.685882229283347 83.55
      vertex 144.79791847198288 -17.797918471982868 79.55
    endloop
  endfacet
  facet normal 0.5956993044923834 -0.803207531480682 0
    outer loop
      vertex 145.05553060386669 -17.586501659085673 79.55
      vertex 145.05553060386669 -17.586501659085673 83.55
      vertex 144.9215314169218 -17.685882229283347 79.55
    endloop
  endfacet
  facet normal 0.5141027441932341 -0.8577286100002647 7.604278259191392e-19
    outer loop
      vertex 145.05553060386669 -17.586501659085673 79.55
      vertex 145.1986255473958 -17.500733850607798 79.55
      vertex 145.1986255473958 -17.500733850607798 83.55
    endloop
  endfacet
  facet normal 0.4275550934302876 -0.9039892931234408 0
    outer loop
      vertex 145.34943816497935 -17.429404794730814 79.55
      vertex 145.34943816497935 -17.429404794730814 83.55
      vertex 145.1986255473958 -17.500733850607798 79.55
    endloop
  endfacet
  facet normal 0.33688985339223376 -0.9415440651830158 0
    outer loop
      vertex 145.5065160486674 -17.373201429255246 79.55
      vertex 145.5065160486674 -17.373201429255246 83.55
      vertex 145.34943816497935 -17.429404794730814 79.55
    endloop
  endfacet
  facet normal 0.2429801799032487 -0.9700312531945477 0
    outer loop
      vertex 145.6683464525726 -17.332665023314508 79.55
      vertex 145.6683464525726 -17.332665023314508 83.55
      vertex 145.5065160486674 -17.373201429255246 79.55
    endloop
  endfacet
  facet normal 0.1467304744553538 -0.9891765099647821 0
    outer loop
      vertex 145.83337086143976 -17.308185964657266 79.55
      vertex 145.83337086143976 -17.308185964657266 83.55
      vertex 145.6683464525726 -17.332665023314508 79.55
    endloop
  endfacet
  facet normal 0.04906767432742204 -0.9987954562051722 0
    outer loop
      vertex 146 -17.3 79.55
      vertex 146 -17.3 83.55
      vertex 145.83337086143976 -17.308185964657266 79.55
    endloop
  endfacet
  facet normal -0.04906767432742204 -0.9987954562051722 0
    outer loop
      vertex 146.16662913856024 -17.308185964657266 79.55
      vertex 146.16662913856024 -17.308185964657266 83.55
      vertex 146 -17.3 79.55
    endloop
  endfacet
  facet normal -0.1467304744553538 -0.9891765099647821 0
    outer loop
      vertex 146.3316535474274 -17.332665023314508 79.55
      vertex 146.3316535474274 -17.332665023314508 83.55
      vertex 146.16662913856024 -17.308185964657266 79.55
    endloop
  endfacet
  facet normal -0.33688985339223376 -0.9415440651830158 0
    outer loop
      vertex 146.65056183502065 -17.429404794730814 79.55
      vertex 146.65056183502065 -17.429404794730814 83.55
      vertex 146.4934839513326 -17.373201429255246 79.55
    endloop
  endfacet
  facet normal -0.2429801799032487 -0.9700312531945477 0
    outer loop
      vertex 146.4934839513326 -17.373201429255246 79.55
      vertex 146.4934839513326 -17.373201429255246 83.55
      vertex 146.3316535474274 -17.332665023314508 79.55
    endloop
  endfacet
  facet normal -0.6715589548470765 -0.7409511253549064 9.263910910887313e-19
    outer loop
      vertex 147.0784685830782 -17.685882229283347 79.55
      vertex 147.20208152801712 -17.797918471982868 79.55
      vertex 147.20208152801712 -17.797918471982868 83.55
    endloop
  endfacet
  facet normal -0.7409511253549322 -0.6715589548470481 4.603358480381709e-19
    outer loop
      vertex 147.20208152801712 -17.797918471982868 79.55
      vertex 147.31411777071665 -17.921531416921802 79.55
      vertex 147.31411777071665 -17.921531416921802 83.55
    endloop
  endfacet
  facet normal -0.4275550934302876 -0.9039892931234408 0
    outer loop
      vertex 146.8013744526042 -17.500733850607798 79.55
      vertex 146.8013744526042 -17.500733850607798 83.55
      vertex 146.65056183502065 -17.429404794730814 79.55
    endloop
  endfacet
  facet normal -0.5141027441932341 -0.8577286100002647 0
    outer loop
      vertex 146.94446939613331 -17.586501659085673 79.55
      vertex 146.94446939613331 -17.586501659085673 83.55
      vertex 146.8013744526042 -17.500733850607798 79.55
    endloop
  endfacet
  facet normal -0.5956993044923834 -0.803207531480682 0
    outer loop
      vertex 147.0784685830782 -17.685882229283347 79.55
      vertex 147.0784685830782 -17.685882229283347 83.55
      vertex 146.94446939613331 -17.586501659085673 79.55
    endloop
  endfacet
  facet normal 0.7409511253549322 -0.6715589548470481 0
    outer loop
      vertex 144.68588222928335 -17.921531416921802 79.55
      vertex 144.79791847198288 -17.797918471982868 83.55
      vertex 144.68588222928335 -17.921531416921802 83.55
    endloop
  endfacet
  facet normal 0.6715589548470765 -0.7409511253549064 0
    outer loop
      vertex 144.79791847198288 -17.797918471982868 79.55
      vertex 144.9215314169218 -17.685882229283347 83.55
      vertex 144.79791847198288 -17.797918471982868 83.55
    endloop
  endfacet
  facet normal 0.5956993044923834 -0.803207531480682 0
    outer loop
      vertex 144.9215314169218 -17.685882229283347 79.55
      vertex 145.05553060386669 -17.586501659085673 83.55
      vertex 144.9215314169218 -17.685882229283347 83.55
    endloop
  endfacet
  facet normal 0.5141027441932341 -0.8577286100002647 0
    outer loop
      vertex 145.05553060386669 -17.586501659085673 79.55
      vertex 145.1986255473958 -17.500733850607798 83.55
      vertex 145.05553060386669 -17.586501659085673 83.55
    endloop
  endfacet
  facet normal 0.4275550934302876 -0.9039892931234408 0
    outer loop
      vertex 145.1986255473958 -17.500733850607798 79.55
      vertex 145.34943816497935 -17.429404794730814 83.55
      vertex 145.1986255473958 -17.500733850607798 83.55
    endloop
  endfacet
  facet normal 0.33688985339223376 -0.9415440651830158 0
    outer loop
      vertex 145.34943816497935 -17.429404794730814 79.55
      vertex 145.5065160486674 -17.373201429255246 83.55
      vertex 145.34943816497935 -17.429404794730814 83.55
    endloop
  endfacet
  facet normal 0.2429801799032487 -0.9700312531945477 0
    outer loop
      vertex 145.5065160486674 -17.373201429255246 79.55
      vertex 145.6683464525726 -17.332665023314508 83.55
      vertex 145.5065160486674 -17.373201429255246 83.55
    endloop
  endfacet
  facet normal 0.1467304744553538 -0.9891765099647821 0
    outer loop
      vertex 145.6683464525726 -17.332665023314508 79.55
      vertex 145.83337086143976 -17.308185964657266 83.55
      vertex 145.6683464525726 -17.332665023314508 83.55
    endloop
  endfacet
  facet normal 0.04906767432742204 -0.9987954562051722 0
    outer loop
      vertex 145.83337086143976 -17.308185964657266 79.55
      vertex 146 -17.3 83.55
      vertex 145.83337086143976 -17.308185964657266 83.55
    endloop
  endfacet
  facet normal -0.04906767432742204 -0.9987954562051722 0
    outer loop
      vertex 146 -17.3 79.55
      vertex 146.16662913856024 -17.308185964657266 83.55
      vertex 146 -17.3 83.55
    endloop
  endfacet
  facet normal -0.1467304744553538 -0.9891765099647821 0
    outer loop
      vertex 146.16662913856024 -17.308185964657266 79.55
      vertex 146.3316535474274 -17.332665023314508 83.55
      vertex 146.16662913856024 -17.308185964657266 83.55
    endloop
  endfacet
  facet normal -0.33688985339223376 -0.9415440651830158 0
    outer loop
      vertex 146.4934839513326 -17.373201429255246 79.55
      vertex 146.65056183502065 -17.429404794730814 83.55
      vertex 146.4934839513326 -17.373201429255246 83.55
    endloop
  endfacet
  facet normal -0.2429801799032487 -0.9700312531945477 0
    outer loop
      vertex 146.3316535474274 -17.332665023314508 79.55
      vertex 146.4934839513326 -17.373201429255246 83.55
      vertex 146.3316535474274 -17.332665023314508 83.55
    endloop
  endfacet
  facet normal -0.6715589548470765 -0.7409511253549064 0
    outer loop
      vertex 147.0784685830782 -17.685882229283347 79.55
      vertex 147.20208152801712 -17.797918471982868 83.55
      vertex 147.0784685830782 -17.685882229283347 83.55
    endloop
  endfacet
  facet normal -0.7409511253549322 -0.6715589548470481 0
    outer loop
      vertex 147.20208152801712 -17.797918471982868 79.55
      vertex 147.31411777071665 -17.921531416921802 83.55
      vertex 147.20208152801712 -17.797918471982868 83.55
    endloop
  endfacet
  facet normal -0.4275550934302876 -0.9039892931234408 0
    outer loop
      vertex 146.65056183502065 -17.429404794730814 79.55
      vertex 146.8013744526042 -17.500733850607798 83.55
      vertex 146.65056183502065 -17.429404794730814 83.55
    endloop
  endfacet
  facet normal -0.5141027441932341 -0.8577286100002647 0
    outer loop
      vertex 146.8013744526042 -17.500733850607798 79.55
      vertex 146.94446939613331 -17.586501659085673 83.55
      vertex 146.8013744526042 -17.500733850607798 83.55
    endloop
  endfacet
  facet normal -0.5956993044923834 -0.803207531480682 0
    outer loop
      vertex 146.94446939613331 -17.586501659085673 79.55
      vertex 147.0784685830782 -17.685882229283347 83.55
      vertex 146.94446939613331 -17.586501659085673 83.55
    endloop
  endfacet
  facet normal -0.8032075314806646 0.5956993044924068 1.1725624395337726e-18
    outer loop
      vertex 147.41349834091432 -19.944469396133325 79.55
      vertex 147.31411777071665 -20.078468583078198 79.55
      vertex 147.31411777071665 -20.078468583078198 83.55
    endloop
  endfacet
  facet normal -0.8577286100002196 0.5141027441933094 -1.348274641385429e-19
    outer loop
      vertex 147.4992661493922 -19.801374452604197 79.55
      vertex 147.41349834091432 -19.944469396133325 79.55
      vertex 147.41349834091432 -19.944469396133325 83.55
    endloop
  endfacet
  facet normal -0.9039892931234363 0.42755509343029674 -1.0900147841387822e-18
    outer loop
      vertex 147.5705952052692 -19.650561835020653 79.55
      vertex 147.4992661493922 -19.801374452604197 79.55
      vertex 147.4992661493922 -19.801374452604197 83.55
    endloop
  endfacet
  facet normal -0.9415440651830207 0.3368898533922202 5.252490042289651e-19
    outer loop
      vertex 147.62679857074477 -19.493483951332585 79.55
      vertex 147.5705952052692 -19.650561835020653 79.55
      vertex 147.5705952052692 -19.650561835020653 83.55
    endloop
  endfacet
  facet normal -0.9700312531945767 0.24298017990313353 -8.776266375848709e-20
    outer loop
      vertex 147.66733497668548 -19.33165354742742 79.55
      vertex 147.62679857074477 -19.493483951332585 79.55
      vertex 147.62679857074477 -19.493483951332585 83.55
    endloop
  endfacet
  facet normal -0.9891765099647755 0.14673047445539858 3.2790482607323377e-19
    outer loop
      vertex 147.69181403534273 -19.166629138560253 79.55
      vertex 147.66733497668548 -19.33165354742742 79.55
      vertex 147.66733497668548 -19.33165354742742 83.55
    endloop
  endfacet
  facet normal -0.9987954562051744 0.049067674327375375 1.7210010469467705e-20
    outer loop
      vertex 147.7 -19 79.55
      vertex 147.69181403534273 -19.166629138560253 79.55
      vertex 147.69181403534273 -19.166629138560253 83.55
    endloop
  endfacet
  facet normal -0.9415440651830207 -0.3368898533922202 -5.252490042289651e-19
    outer loop
      vertex 147.5705952052692 -18.349438164979347 79.55
      vertex 147.62679857074477 -18.506516048667415 79.55
      vertex 147.62679857074477 -18.506516048667415 83.55
    endloop
  endfacet
  facet normal -0.9987954562051744 -0.049067674327375375 0
    outer loop
      vertex 147.7 -19 79.55
      vertex 147.7 -19 83.55
      vertex 147.69181403534273 -18.833370861439747 79.55
    endloop
  endfacet
  facet normal -0.9891765099647755 -0.14673047445539858 -3.2790482607323377e-19
    outer loop
      vertex 147.66733497668548 -18.66834645257258 79.55
      vertex 147.69181403534273 -18.833370861439747 79.55
      vertex 147.69181403534273 -18.833370861439747 83.55
    endloop
  endfacet
  facet normal -0.9700312531945767 -0.24298017990313353 8.776266375848709e-20
    outer loop
      vertex 147.62679857074477 -18.506516048667415 79.55
      vertex 147.66733497668548 -18.66834645257258 79.55
      vertex 147.66733497668548 -18.66834645257258 83.55
    endloop
  endfacet
  facet normal -0.8032075314806646 0.5956993044924068 0
    outer loop
      vertex 147.41349834091432 -19.944469396133325 79.55
      vertex 147.31411777071665 -20.078468583078198 83.55
      vertex 147.41349834091432 -19.944469396133325 83.55
    endloop
  endfacet
  facet normal -0.8577286100002196 0.5141027441933094 0
    outer loop
      vertex 147.4992661493922 -19.801374452604197 79.55
      vertex 147.41349834091432 -19.944469396133325 83.55
      vertex 147.4992661493922 -19.801374452604197 83.55
    endloop
  endfacet
  facet normal -0.9039892931234363 0.42755509343029674 0
    outer loop
      vertex 147.5705952052692 -19.650561835020653 79.55
      vertex 147.4992661493922 -19.801374452604197 83.55
      vertex 147.5705952052692 -19.650561835020653 83.55
    endloop
  endfacet
  facet normal -0.9415440651830207 0.3368898533922202 0
    outer loop
      vertex 147.62679857074477 -19.493483951332585 79.55
      vertex 147.5705952052692 -19.650561835020653 83.55
      vertex 147.62679857074477 -19.493483951332585 83.55
    endloop
  endfacet
  facet normal -0.9700312531945767 0.24298017990313353 0
    outer loop
      vertex 147.66733497668548 -19.33165354742742 79.55
      vertex 147.62679857074477 -19.493483951332585 83.55
      vertex 147.66733497668548 -19.33165354742742 83.55
    endloop
  endfacet
  facet normal -0.9891765099647755 0.14673047445539858 0
    outer loop
      vertex 147.69181403534273 -19.166629138560253 79.55
      vertex 147.66733497668548 -19.33165354742742 83.55
      vertex 147.69181403534273 -19.166629138560253 83.55
    endloop
  endfacet
  facet normal -0.9987954562051744 0.049067674327375375 0
    outer loop
      vertex 147.7 -19 79.55
      vertex 147.69181403534273 -19.166629138560253 83.55
      vertex 147.7 -19 83.55
    endloop
  endfacet
  facet normal -0.9700312531945767 -0.24298017990313353 0
    outer loop
      vertex 147.62679857074477 -18.506516048667415 79.55
      vertex 147.66733497668548 -18.66834645257258 83.55
      vertex 147.62679857074477 -18.506516048667415 83.55
    endloop
  endfacet
  facet normal -0.9415440651830207 -0.3368898533922202 0
    outer loop
      vertex 147.5705952052692 -18.349438164979347 79.55
      vertex 147.62679857074477 -18.506516048667415 83.55
      vertex 147.5705952052692 -18.349438164979347 83.55
    endloop
  endfacet
  facet normal -0.9987954562051744 -0.049067674327375375 0
    outer loop
      vertex 147.69181403534273 -18.833370861439747 79.55
      vertex 147.7 -19 83.55
      vertex 147.69181403534273 -18.833370861439747 83.55
    endloop
  endfacet
  facet normal -0.9891765099647755 -0.14673047445539858 0
    outer loop
      vertex 147.66733497668548 -18.66834645257258 79.55
      vertex 147.69181403534273 -18.833370861439747 83.55
      vertex 147.66733497668548 -18.66834645257258 83.55
    endloop
  endfacet
  facet normal -0.8577286100002196 -0.5141027441933094 1.348274641385429e-19
    outer loop
      vertex 147.41349834091432 -18.055530603866675 79.55
      vertex 147.4992661493922 -18.198625547395803 79.55
      vertex 147.4992661493922 -18.198625547395803 83.55
    endloop
  endfacet
  facet normal -0.9039892931234363 -0.42755509343029674 1.0900147841387822e-18
    outer loop
      vertex 147.4992661493922 -18.198625547395803 79.55
      vertex 147.5705952052692 -18.349438164979347 79.55
      vertex 147.5705952052692 -18.349438164979347 83.55
    endloop
  endfacet
  facet normal -0.8032075314806646 -0.5956993044924068 -1.1725624395337726e-18
    outer loop
      vertex 147.31411777071665 -17.921531416921802 79.55
      vertex 147.41349834091432 -18.055530603866675 79.55
      vertex 147.41349834091432 -18.055530603866675 83.55
    endloop
  endfacet
  facet normal -0.8577286100002196 -0.5141027441933094 0
    outer loop
      vertex 147.41349834091432 -18.055530603866675 79.55
      vertex 147.4992661493922 -18.198625547395803 83.55
      vertex 147.41349834091432 -18.055530603866675 83.55
    endloop
  endfacet
  facet normal -0.9039892931234363 -0.42755509343029674 0
    outer loop
      vertex 147.4992661493922 -18.198625547395803 79.55
      vertex 147.5705952052692 -18.349438164979347 83.55
      vertex 147.4992661493922 -18.198625547395803 83.55
    endloop
  endfacet
  facet normal -0.8032075314806646 -0.5956993044924068 0
    outer loop
      vertex 147.31411777071665 -17.921531416921802 79.55
      vertex 147.41349834091432 -18.055530603866675 83.55
      vertex 147.31411777071665 -17.921531416921802 83.55
    endloop
  endfacet
  facet normal 1 0 0
    outer loop
      vertex 115 -12.546020906725474 87.73121343167271
      vertex 115 -12.546020906725474 90.26878656832729
      vertex 115 -12.66293922460509 87.8888595339608
    endloop
  endfacet
  facet normal 1 0 0
    outer loop
      vertex 115 -12.414213562373096 87.58578643762691
      vertex 115 -12.268786568327291 87.45397909327453
      vertex 115 -12.268786568327291 90.54602090672547
    endloop
  endfacet
  facet normal 1 0 0
    outer loop
      vertex 115 -12.414213562373096 87.58578643762691
      vertex 115 -12.414213562373096 90.41421356237309
      vertex 115 -12.546020906725474 87.73121343167271
    endloop
  endfacet
  facet normal 1 0 0
    outer loop
      vertex 115 -12.268786568327291 87.45397909327453
      vertex 115 -12.111140466039204 87.3370607753949
      vertex 115 -12.111140466039204 90.6629392246051
    endloop
  endfacet
  facet normal 1 0 0
    outer loop
      vertex 115 -11.76536686473018 87.15224093497743
      vertex 115 -11.76536686473018 90.84775906502257
      vertex 115 -11.942793473651996 87.23615747130329
    endloop
  endfacet
  facet normal 1 0 0
    outer loop
      vertex 115 -12.111140466039204 87.3370607753949
      vertex 115 -11.942793473651996 87.23615747130329
      vertex 115 -11.942793473651996 90.76384252869671
    endloop
  endfacet
  facet normal 1 0 0
    outer loop
      vertex 115 -12.913880671464417 88.41943064549108
      vertex 115 -12.847759065022574 88.23463313526982
      vertex 115 -12.847759065022574 89.76536686473018
    endloop
  endfacet
  facet normal 1 0 0
    outer loop
      vertex 115 -12.96157056080646 88.60981935596774
      vertex 115 -12.96157056080646 89.39018064403226
      vertex 115 -12.990369453344394 88.80396571934088
    endloop
  endfacet
  facet normal 1 0 0
    outer loop
      vertex 115 -12.990369453344394 88.80396571934088
      vertex 115 -12.990369453344394 89.19603428065912
      vertex 115 -13 89
    endloop
  endfacet
  facet normal 1 0 0
    outer loop
      vertex 115 -12.913880671464417 88.41943064549108
      vertex 115 -12.913880671464417 89.58056935450892
      vertex 115 -12.96157056080646 88.60981935596774
    endloop
  endfacet
  facet normal 1 0 0
    outer loop
      vertex 115 -12.76384252869671 88.05720652634801
      vertex 115 -12.76384252869671 89.94279347365199
      vertex 115 -12.847759065022574 88.23463313526982
    endloop
  endfacet
  facet normal 1 0 0
    outer loop
      vertex 115 -12.66293922460509 87.8888595339608
      vertex 115 -12.66293922460509 90.1111404660392
      vertex 115 -12.76384252869671 88.05720652634801
    endloop
  endfacet
  facet normal 1 0 0
    outer loop
      vertex 115 -12.990369453344394 88.80396571934088
      vertex 115 -12.96157056080646 89.39018064403226
      vertex 115 -12.990369453344394 89.19603428065912
    endloop
  endfacet
  facet normal 1 0 0
    outer loop
      vertex 115 -12.96157056080646 88.60981935596774
      vertex 115 -12.913880671464417 89.58056935450892
      vertex 115 -12.96157056080646 89.39018064403226
    endloop
  endfacet
  facet normal 1 0 0
    outer loop
      vertex 115 -12.913880671464417 88.41943064549108
      vertex 115 -12.847759065022574 89.76536686473018
      vertex 115 -12.913880671464417 89.58056935450892
    endloop
  endfacet
  facet normal 1 0 0
    outer loop
      vertex 115 -12.847759065022574 88.23463313526982
      vertex 115 -12.76384252869671 89.94279347365199
      vertex 115 -12.847759065022574 89.76536686473018
    endloop
  endfacet
  facet normal 1 0 0
    outer loop
      vertex 115 -12.76384252869671 88.05720652634801
      vertex 115 -12.66293922460509 90.1111404660392
      vertex 115 -12.76384252869671 89.94279347365199
    endloop
  endfacet
  facet normal 1 0 0
    outer loop
      vertex 115 -12.66293922460509 87.8888595339608
      vertex 115 -12.546020906725474 90.26878656832729
      vertex 115 -12.66293922460509 90.1111404660392
    endloop
  endfacet
  facet normal 1 0 0
    outer loop
      vertex 115 -11.76536686473018 87.15224093497743
      vertex 115 -11.580569354508924 87.08611932853559
      vertex 115 -11.580569354508924 90.91388067146441
    endloop
  endfacet
  facet normal 1 0 0
    outer loop
      vertex 115 -11.580569354508924 87.08611932853559
      vertex 115 -11.390180644032256 87.03842943919354
      vertex 115 -11.390180644032256 90.96157056080646
    endloop
  endfacet
  facet normal 1 0 0
    outer loop
      vertex 115 -11.390180644032256 87.03842943919354
      vertex 115 -11.196034280659122 87.0096305466556
      vertex 115 -11.196034280659122 90.9903694533444
    endloop
  endfacet
  facet normal 1 0 0
    outer loop
      vertex 115 -11.196034280659122 87.0096305466556
      vertex 115 -11 87
      vertex 115 -11 91
    endloop
  endfacet
  facet normal 1 0 0
    outer loop
      vertex 115 -11 87
      vertex 115 -10.803965719340878 87.0096305466556
      vertex 115 -10.803965719340878 90.9903694533444
    endloop
  endfacet
  facet normal 1 0 0
    outer loop
      vertex 115 -10.803965719340878 87.0096305466556
      vertex 115 -10.609819355967744 87.03842943919354
      vertex 115 -10.609819355967744 90.96157056080646
    endloop
  endfacet
  facet normal -4.668342222437206e-19 0.7409511253549662 0.6715589548470104
    outer loop
      vertex 115 -12.414213562373096 87.58578643762691
      vertex 115 -12.546020906725474 87.73121343167271
      vertex 121 -12.546020906725474 87.73121343167271
    endloop
  endfacet
  facet normal 0 0.5141027441932117 0.857728610000278
    outer loop
      vertex 115 -12.111140466039204 87.3370607753949
      vertex 121 -12.111140466039204 87.3370607753949
      vertex 115 -11.942793473651996 87.23615747130329
    endloop
  endfacet
  facet normal 3.1705555947340356e-19 0.4275550934302607 0.9039892931234534
    outer loop
      vertex 115 -11.76536686473018 87.15224093497743
      vertex 115 -11.942793473651996 87.23615747130329
      vertex 121 -11.942793473651996 87.23615747130329
    endloop
  endfacet
  facet normal 0 0.6715589548470249 0.7409511253549531
    outer loop
      vertex 115 -12.414213562373096 87.58578643762691
      vertex 121 -12.414213562373096 87.58578643762691
      vertex 115 -12.268786568327291 87.45397909327453
    endloop
  endfacet
  facet normal 0 0.5956993044924538 0.8032075314806298
    outer loop
      vertex 115 -12.268786568327291 87.45397909327453
      vertex 121 -12.268786568327291 87.45397909327453
      vertex 115 -12.111140466039204 87.3370607753949
    endloop
  endfacet
  facet normal 0 0.3368898533921993 0.9415440651830282
    outer loop
      vertex 115 -11.76536686473018 87.15224093497743
      vertex 121 -11.76536686473018 87.15224093497743
      vertex 115 -11.580569354508924 87.08611932853559
    endloop
  endfacet
  facet normal 0 0.24298017990330883 0.9700312531945326
    outer loop
      vertex 115 -11.580569354508924 87.08611932853559
      vertex 121 -11.580569354508924 87.08611932853559
      vertex 115 -11.390180644032256 87.03842943919354
    endloop
  endfacet
  facet normal 0 0.14673047445537427 0.989176509964779
    outer loop
      vertex 115 -11.390180644032256 87.03842943919354
      vertex 121 -11.390180644032256 87.03842943919354
      vertex 115 -11.196034280659122 87.0096305466556
    endloop
  endfacet
  facet normal 0 0.0490676743273881 0.998795456205174
    outer loop
      vertex 115 -11.196034280659122 87.0096305466556
      vertex 121 -11.196034280659122 87.0096305466556
      vertex 115 -11 87
    endloop
  endfacet
  facet normal 0 -0.0490676743273881 0.998795456205174
    outer loop
      vertex 115 -11 87
      vertex 121 -11 87
      vertex 115 -10.803965719340878 87.0096305466556
    endloop
  endfacet
  facet normal 0 -0.14673047445537427 0.989176509964779
    outer loop
      vertex 115 -10.803965719340878 87.0096305466556
      vertex 121 -10.803965719340878 87.0096305466556
      vertex 115 -10.609819355967744 87.03842943919354
    endloop
  endfacet
  facet normal 0 -0.24298017990330883 0.9700312531945326
    outer loop
      vertex 115 -10.609819355967744 87.03842943919354
      vertex 121 -10.609819355967744 87.03842943919354
      vertex 115 -10.419430645491076 87.08611932853559
    endloop
  endfacet
  facet normal -3.772665426867574e-19 0.9039892931234329 0.4275550934303038
    outer loop
      vertex 115 -12.76384252869671 88.05720652634801
      vertex 115 -12.847759065022574 88.23463313526982
      vertex 121 -12.847759065022574 88.23463313526982
    endloop
  endfacet
  facet normal -6.855428921615899e-19 0.8577286100002773 0.514102744193213
    outer loop
      vertex 115 -12.66293922460509 87.8888595339608
      vertex 115 -12.76384252869671 88.05720652634801
      vertex 121 -12.76384252869671 88.05720652634801
    endloop
  endfacet
  facet normal -9.98747105442001e-19 0.8032075314806406 0.595699304492439
    outer loop
      vertex 115 -12.546020906725474 87.73121343167271
      vertex 115 -12.66293922460509 87.8888595339608
      vertex 121 -12.66293922460509 87.8888595339608
    endloop
  endfacet
  facet normal 0 0.9415440651830247 0.3368898533922096
    outer loop
      vertex 115 -12.913880671464417 88.41943064549108
      vertex 121 -12.913880671464417 88.41943064549108
      vertex 115 -12.847759065022574 88.23463313526982
    endloop
  endfacet
  facet normal 5.3408693543267665e-20 0.9700312531945434 0.24298017990326629
    outer loop
      vertex 115 -12.913880671464417 88.41943064549108
      vertex 115 -12.96157056080646 88.60981935596774
      vertex 121 -12.96157056080646 88.60981935596774
    endloop
  endfacet
  facet normal 1.9566972732407708e-19 0.9891765099647806 0.1467304744553641
    outer loop
      vertex 115 -12.96157056080646 88.60981935596774
      vertex 115 -12.990369453344394 88.80396571934088
      vertex 121 -12.990369453344394 88.80396571934088
    endloop
  endfacet
  facet normal -2.932427705560852e-20 0.9987954562051726 0.049067674327415635
    outer loop
      vertex 115 -12.990369453344394 88.80396571934088
      vertex 115 -13 89
      vertex 121 -13 89
    endloop
  endfacet
  facet normal 2.932427705560852e-20 0.9987954562051726 -0.049067674327415635
    outer loop
      vertex 115 -13 89
      vertex 115 -12.990369453344394 89.19603428065912
      vertex 121 -12.990369453344394 89.19603428065912
    endloop
  endfacet
  facet normal -1.9566972732407708e-19 0.9891765099647806 -0.1467304744553641
    outer loop
      vertex 115 -12.990369453344394 89.19603428065912
      vertex 115 -12.96157056080646 89.39018064403226
      vertex 121 -12.96157056080646 89.39018064403226
    endloop
  endfacet
  facet normal 1 0 0
    outer loop
      vertex 115 -12.546020906725474 87.73121343167271
      vertex 115 -12.414213562373096 90.41421356237309
      vertex 115 -12.546020906725474 90.26878656832729
    endloop
  endfacet
  facet normal 1 0 0
    outer loop
      vertex 115 -12.414213562373096 87.58578643762691
      vertex 115 -12.268786568327291 90.54602090672547
      vertex 115 -12.414213562373096 90.41421356237309
    endloop
  endfacet
  facet normal 1 0 0
    outer loop
      vertex 115 -12.268786568327291 87.45397909327453
      vertex 115 -12.111140466039204 90.6629392246051
      vertex 115 -12.268786568327291 90.54602090672547
    endloop
  endfacet
  facet normal 1 0 0
    outer loop
      vertex 115 -12.111140466039204 87.3370607753949
      vertex 115 -11.942793473651996 90.76384252869671
      vertex 115 -12.111140466039204 90.6629392246051
    endloop
  endfacet
  facet normal 1 0 0
    outer loop
      vertex 115 -11.942793473651996 87.23615747130329
      vertex 115 -11.76536686473018 90.84775906502257
      vertex 115 -11.942793473651996 90.76384252869671
    endloop
  endfacet
  facet normal 1 0 0
    outer loop
      vertex 115 -11.76536686473018 87.15224093497743
      vertex 115 -11.580569354508924 90.91388067146441
      vertex 115 -11.76536686473018 90.84775906502257
    endloop
  endfacet
  facet normal 1 0 0
    outer loop
      vertex 115 -11.580569354508924 87.08611932853559
      vertex 115 -11.390180644032256 90.96157056080646
      vertex 115 -11.580569354508924 90.91388067146441
    endloop
  endfacet
  facet normal 1 0 0
    outer loop
      vertex 115 -11.390180644032256 87.03842943919354
      vertex 115 -11.196034280659122 90.9903694533444
      vertex 115 -11.390180644032256 90.96157056080646
    endloop
  endfacet
  facet normal 1 0 0
    outer loop
      vertex 115 -11.196034280659122 87.0096305466556
      vertex 115 -11 91
      vertex 115 -11.196034280659122 90.9903694533444
    endloop
  endfacet
  facet normal 1 0 0
    outer loop
      vertex 115 -11 87
      vertex 115 -10.803965719340878 90.9903694533444
      vertex 115 -11 91
    endloop
  endfacet
  facet normal 1 0 0
    outer loop
      vertex 115 -10.803965719340878 87.0096305466556
      vertex 115 -10.609819355967744 90.96157056080646
      vertex 115 -10.803965719340878 90.9903694533444
    endloop
  endfacet
  facet normal 1 0 0
    outer loop
      vertex 115 -10.609819355967744 87.03842943919354
      vertex 115 -10.419430645491076 90.91388067146441
      vertex 115 -10.609819355967744 90.96157056080646
    endloop
  endfacet
  facet normal -5.3408693543267665e-20 0.9700312531945434 -0.24298017990326629
    outer loop
      vertex 115 -12.96157056080646 89.39018064403226
      vertex 115 -12.913880671464417 89.58056935450892
      vertex 121 -12.913880671464417 89.58056935450892
    endloop
  endfacet
  facet normal 5.888680641234555e-19 0.9415440651830247 -0.3368898533922096
    outer loop
      vertex 115 -12.913880671464417 89.58056935450892
      vertex 115 -12.847759065022574 89.76536686473018
      vertex 121 -12.847759065022574 89.76536686473018
    endloop
  endfacet
  facet normal 3.772665426867574e-19 0.9039892931234329 -0.4275550934303038
    outer loop
      vertex 115 -12.847759065022574 89.76536686473018
      vertex 115 -12.76384252869671 89.94279347365199
      vertex 121 -12.76384252869671 89.94279347365199
    endloop
  endfacet
  facet normal 6.855428921615899e-19 0.8577286100002773 -0.514102744193213
    outer loop
      vertex 115 -12.76384252869671 89.94279347365199
      vertex 115 -12.66293922460509 90.1111404660392
      vertex 121 -12.66293922460509 90.1111404660392
    endloop
  endfacet
  facet normal 9.98747105442001e-19 0.8032075314806406 -0.595699304492439
    outer loop
      vertex 115 -12.66293922460509 90.1111404660392
      vertex 115 -12.546020906725474 90.26878656832729
      vertex 121 -12.546020906725474 90.26878656832729
    endloop
  endfacet
  facet normal 4.668342222437206e-19 0.7409511253549662 -0.6715589548470104
    outer loop
      vertex 115 -12.546020906725474 90.26878656832729
      vertex 115 -12.414213562373096 90.41421356237309
      vertex 121 -12.414213562373096 90.41421356237309
    endloop
  endfacet
  facet normal -1.2069227346669516e-18 0.6715589548470249 -0.7409511253549531
    outer loop
      vertex 115 -12.414213562373096 90.41421356237309
      vertex 115 -12.268786568327291 90.54602090672547
      vertex 121 -12.268786568327291 90.54602090672547
    endloop
  endfacet
  facet normal -2.2809969768756107e-19 0.5956993044924538 -0.8032075314806298
    outer loop
      vertex 115 -12.268786568327291 90.54602090672547
      vertex 115 -12.111140466039204 90.6629392246051
      vertex 121 -12.111140466039204 90.6629392246051
    endloop
  endfacet
  facet normal -4.186568955545349e-19 0.5141027441932117 -0.857728610000278
    outer loop
      vertex 115 -12.111140466039204 90.6629392246051
      vertex 115 -11.942793473651996 90.76384252869671
      vertex 121 -11.942793473651996 90.76384252869671
    endloop
  endfacet
  facet normal -3.1705555947340356e-19 0.4275550934302607 -0.9039892931234534
    outer loop
      vertex 115 -11.942793473651996 90.76384252869671
      vertex 115 -11.76536686473018 90.84775906502257
      vertex 121 -11.76536686473018 90.84775906502257
    endloop
  endfacet
  facet normal -7.108970786165933e-19 0.3368898533921993 -0.9415440651830282
    outer loop
      vertex 115 -11.76536686473018 90.84775906502257
      vertex 115 -11.580569354508924 90.91388067146441
      vertex 121 -11.580569354508924 90.91388067146441
    endloop
  endfacet
  facet normal -3.624623655530352e-19 0.24298017990330883 -0.9700312531945326
    outer loop
      vertex 115 -11.580569354508924 90.91388067146441
      vertex 115 -11.390180644032256 90.96157056080646
      vertex 121 -11.390180644032256 90.96157056080646
    endloop
  endfacet
  facet normal 2.695408747264679e-19 0.14673047445537427 -0.989176509964779
    outer loop
      vertex 115 -11.390180644032256 90.96157056080646
      vertex 115 -11.196034280659122 90.9903694533444
      vertex 121 -11.196034280659122 90.9903694533444
    endloop
  endfacet
  facet normal 5.785704994913559e-20 0.0490676743273881 -0.998795456205174
    outer loop
      vertex 115 -11.196034280659122 90.9903694533444
      vertex 115 -11 91
      vertex 121 -11 91
    endloop
  endfacet
  facet normal -5.785704994913559e-20 -0.0490676743273881 -0.998795456205174
    outer loop
      vertex 115 -11 91
      vertex 115 -10.803965719340878 90.9903694533444
      vertex 121 -10.803965719340878 90.9903694533444
    endloop
  endfacet
  facet normal -2.695408747264679e-19 -0.14673047445537427 -0.989176509964779
    outer loop
      vertex 115 -10.803965719340878 90.9903694533444
      vertex 115 -10.609819355967744 90.96157056080646
      vertex 121 -10.609819355967744 90.96157056080646
    endloop
  endfacet
  facet normal 1 0 0
    outer loop
      vertex 115 -10.609819355967744 87.03842943919354
      vertex 115 -10.419430645491076 87.08611932853559
      vertex 115 -10.419430645491076 90.91388067146441
    endloop
  endfacet
  facet normal 1 0 0
    outer loop
      vertex 115 -10.419430645491076 87.08611932853559
      vertex 115 -10.23463313526982 87.15224093497743
      vertex 115 -10.23463313526982 90.84775906502257
    endloop
  endfacet
  facet normal 1 0 0
    outer loop
      vertex 115 -10.23463313526982 87.15224093497743
      vertex 115 -10.057206526348004 87.23615747130329
      vertex 115 -10.057206526348004 90.76384252869671
    endloop
  endfacet
  facet normal 1 0 0
    outer loop
      vertex 115 -10.057206526348004 87.23615747130329
      vertex 115 -9.888859533960796 87.3370607753949
      vertex 115 -9.888859533960796 90.6629392246051
    endloop
  endfacet
  facet normal 1 0 0
    outer loop
      vertex 115 -9.888859533960796 87.3370607753949
      vertex 115 -9.731213431672709 87.45397909327453
      vertex 115 -9.731213431672709 90.54602090672547
    endloop
  endfacet
  facet normal 1 0 0
    outer loop
      vertex 115 -9.731213431672709 87.45397909327453
      vertex 115 -9.585786437626904 87.58578643762691
      vertex 115 -9.585786437626904 90.41421356237309
    endloop
  endfacet
  facet normal 1 0 0
    outer loop
      vertex 115 -9.585786437626904 87.58578643762691
      vertex 115 -9.453979093274526 87.73121343167271
      vertex 115 -9.453979093274526 90.26878656832729
    endloop
  endfacet
  facet normal 1 0 0
    outer loop
      vertex 115 -9.453979093274526 87.73121343167271
      vertex 115 -9.33706077539491 87.8888595339608
      vertex 115 -9.33706077539491 90.1111404660392
    endloop
  endfacet
  facet normal 1 0 0
    outer loop
      vertex 115 -9.33706077539491 87.8888595339608
      vertex 115 -9.23615747130329 88.05720652634801
      vertex 115 -9.23615747130329 89.94279347365199
    endloop
  endfacet
  facet normal 1 0 0
    outer loop
      vertex 115 -9.585786437626904 87.58578643762691
      vertex 115 -9.453979093274526 90.26878656832729
      vertex 115 -9.585786437626904 90.41421356237309
    endloop
  endfacet
  facet normal 1 0 0
    outer loop
      vertex 115 -9.23615747130329 88.05720652634801
      vertex 115 -9.152240934977426 89.76536686473018
      vertex 115 -9.23615747130329 89.94279347365199
    endloop
  endfacet
  facet normal 1 0 0
    outer loop
      vertex 115 -9.453979093274526 87.73121343167271
      vertex 115 -9.33706077539491 90.1111404660392
      vertex 115 -9.453979093274526 90.26878656832729
    endloop
  endfacet
  facet normal 1 0 0
    outer loop
      vertex 115 -9.33706077539491 87.8888595339608
      vertex 115 -9.23615747130329 89.94279347365199
      vertex 115 -9.33706077539491 90.1111404660392
    endloop
  endfacet
  facet normal 1 0 0
    outer loop
      vertex 115 -9.23615747130329 88.05720652634801
      vertex 115 -9.152240934977426 88.23463313526982
      vertex 115 -9.152240934977426 89.76536686473018
    endloop
  endfacet
  facet normal 1 0 0
    outer loop
      vertex 115 -9.152240934977426 88.23463313526982
      vertex 115 -9.086119328535583 88.41943064549108
      vertex 115 -9.086119328535583 89.58056935450892
    endloop
  endfacet
  facet normal 1 0 0
    outer loop
      vertex 115 -9.086119328535583 88.41943064549108
      vertex 115 -9.03842943919354 88.60981935596774
      vertex 115 -9.03842943919354 89.39018064403226
    endloop
  endfacet
  facet normal 1 0 0
    outer loop
      vertex 115 -9.03842943919354 88.60981935596774
      vertex 115 -9.009630546655606 88.80396571934088
      vertex 115 -9.009630546655606 89.19603428065912
    endloop
  endfacet
  facet normal 1 0 0
    outer loop
      vertex 115 -9.009630546655606 88.80396571934088
      vertex 115 -9 89
      vertex 115 -9.009630546655606 89.19603428065912
    endloop
  endfacet
  facet normal 1 0 0
    outer loop
      vertex 115 -9.03842943919354 88.60981935596774
      vertex 115 -9.009630546655606 89.19603428065912
      vertex 115 -9.03842943919354 89.39018064403226
    endloop
  endfacet
  facet normal 1 0 0
    outer loop
      vertex 115 -9.086119328535583 88.41943064549108
      vertex 115 -9.03842943919354 89.39018064403226
      vertex 115 -9.086119328535583 89.58056935450892
    endloop
  endfacet
  facet normal 1 0 0
    outer loop
      vertex 115 -9.152240934977426 88.23463313526982
      vertex 115 -9.086119328535583 89.58056935450892
      vertex 115 -9.152240934977426 89.76536686473018
    endloop
  endfacet
  facet normal 0 -0.3368898533921993 0.9415440651830282
    outer loop
      vertex 115 -10.419430645491076 87.08611932853559
      vertex 121 -10.419430645491076 87.08611932853559
      vertex 115 -10.23463313526982 87.15224093497743
    endloop
  endfacet
  facet normal 0 -0.4275550934302607 0.9039892931234534
    outer loop
      vertex 115 -10.23463313526982 87.15224093497743
      vertex 121 -10.23463313526982 87.15224093497743
      vertex 115 -10.057206526348004 87.23615747130329
    endloop
  endfacet
  facet normal 0 -0.5141027441932117 0.857728610000278
    outer loop
      vertex 115 -10.057206526348004 87.23615747130329
      vertex 121 -10.057206526348004 87.23615747130329
      vertex 115 -9.888859533960796 87.3370607753949
    endloop
  endfacet
  facet normal 0 -0.5956993044924538 0.8032075314806298
    outer loop
      vertex 115 -9.888859533960796 87.3370607753949
      vertex 121 -9.888859533960796 87.3370607753949
      vertex 115 -9.731213431672709 87.45397909327453
    endloop
  endfacet
  facet normal 0 -0.6715589548470249 0.7409511253549531
    outer loop
      vertex 115 -9.731213431672709 87.45397909327453
      vertex 121 -9.731213431672709 87.45397909327453
      vertex 115 -9.585786437626904 87.58578643762691
    endloop
  endfacet
  facet normal 0 -0.7409511253549662 0.6715589548470104
    outer loop
      vertex 115 -9.585786437626904 87.58578643762691
      vertex 121 -9.585786437626904 87.58578643762691
      vertex 115 -9.453979093274526 87.73121343167271
    endloop
  endfacet
  facet normal 0 -0.8032075314806406 0.595699304492439
    outer loop
      vertex 115 -9.453979093274526 87.73121343167271
      vertex 121 -9.453979093274526 87.73121343167271
      vertex 115 -9.33706077539491 87.8888595339608
    endloop
  endfacet
  facet normal 0 -0.8577286100002773 0.514102744193213
    outer loop
      vertex 115 -9.33706077539491 87.8888595339608
      vertex 121 -9.33706077539491 87.8888595339608
      vertex 115 -9.23615747130329 88.05720652634801
    endloop
  endfacet
  facet normal 0 -0.9039892931234329 0.4275550934303038
    outer loop
      vertex 115 -9.23615747130329 88.05720652634801
      vertex 121 -9.23615747130329 88.05720652634801
      vertex 115 -9.152240934977426 88.23463313526982
    endloop
  endfacet
  facet normal 0 -0.9415440651830247 0.3368898533922096
    outer loop
      vertex 115 -9.152240934977426 88.23463313526982
      vertex 121 -9.152240934977426 88.23463313526982
      vertex 115 -9.086119328535583 88.41943064549108
    endloop
  endfacet
  facet normal 0 -0.9700312531945434 0.24298017990326629
    outer loop
      vertex 115 -9.086119328535583 88.41943064549108
      vertex 121 -9.086119328535583 88.41943064549108
      vertex 115 -9.03842943919354 88.60981935596774
    endloop
  endfacet
  facet normal 0 -0.9891765099647806 0.1467304744553641
    outer loop
      vertex 115 -9.03842943919354 88.60981935596774
      vertex 121 -9.03842943919354 88.60981935596774
      vertex 115 -9.009630546655606 88.80396571934088
    endloop
  endfacet
  facet normal 0 -0.9987954562051726 0.049067674327415635
    outer loop
      vertex 115 -9.009630546655606 88.80396571934088
      vertex 121 -9.009630546655606 88.80396571934088
      vertex 115 -9 89
    endloop
  endfacet
  facet normal 0 -0.9987954562051726 -0.049067674327415635
    outer loop
      vertex 115 -9 89
      vertex 121 -9 89
      vertex 115 -9.009630546655606 89.19603428065912
    endloop
  endfacet
  facet normal 0 -0.9891765099647806 -0.1467304744553641
    outer loop
      vertex 115 -9.009630546655606 89.19603428065912
      vertex 121 -9.009630546655606 89.19603428065912
      vertex 115 -9.03842943919354 89.39018064403226
    endloop
  endfacet
  facet normal 0 -0.9700312531945434 -0.24298017990326629
    outer loop
      vertex 115 -9.03842943919354 89.39018064403226
      vertex 121 -9.03842943919354 89.39018064403226
      vertex 115 -9.086119328535583 89.58056935450892
    endloop
  endfacet
  facet normal 1 0 0
    outer loop
      vertex 115 -10.419430645491076 87.08611932853559
      vertex 115 -10.23463313526982 90.84775906502257
      vertex 115 -10.419430645491076 90.91388067146441
    endloop
  endfacet
  facet normal 1 0 0
    outer loop
      vertex 115 -10.23463313526982 87.15224093497743
      vertex 115 -10.057206526348004 90.76384252869671
      vertex 115 -10.23463313526982 90.84775906502257
    endloop
  endfacet
  facet normal 1 0 0
    outer loop
      vertex 115 -10.057206526348004 87.23615747130329
      vertex 115 -9.888859533960796 90.6629392246051
      vertex 115 -10.057206526348004 90.76384252869671
    endloop
  endfacet
  facet normal 1 0 0
    outer loop
      vertex 115 -9.888859533960796 87.3370607753949
      vertex 115 -9.731213431672709 90.54602090672547
      vertex 115 -9.888859533960796 90.6629392246051
    endloop
  endfacet
  facet normal 1 0 0
    outer loop
      vertex 115 -9.731213431672709 87.45397909327453
      vertex 115 -9.585786437626904 90.41421356237309
      vertex 115 -9.731213431672709 90.54602090672547
    endloop
  endfacet
  facet normal 0 -0.8577286100002773 -0.514102744193213
    outer loop
      vertex 115 -9.23615747130329 89.94279347365199
      vertex 121 -9.23615747130329 89.94279347365199
      vertex 115 -9.33706077539491 90.1111404660392
    endloop
  endfacet
  facet normal 0 -0.8032075314806406 -0.595699304492439
    outer loop
      vertex 115 -9.33706077539491 90.1111404660392
      vertex 121 -9.33706077539491 90.1111404660392
      vertex 115 -9.453979093274526 90.26878656832729
    endloop
  endfacet
  facet normal 0 -0.5141027441932117 -0.857728610000278
    outer loop
      vertex 115 -9.888859533960796 90.6629392246051
      vertex 121 -9.888859533960796 90.6629392246051
      vertex 115 -10.057206526348004 90.76384252869671
    endloop
  endfacet
  facet normal 7.108970786165933e-19 -0.3368898533921993 -0.9415440651830282
    outer loop
      vertex 115 -10.419430645491076 90.91388067146441
      vertex 115 -10.23463313526982 90.84775906502257
      vertex 121 -10.23463313526982 90.84775906502257
    endloop
  endfacet
  facet normal 3.624623655530352e-19 -0.24298017990330883 -0.9700312531945326
    outer loop
      vertex 115 -10.609819355967744 90.96157056080646
      vertex 115 -10.419430645491076 90.91388067146441
      vertex 121 -10.419430645491076 90.91388067146441
    endloop
  endfacet
  facet normal 3.1705555947340356e-19 -0.4275550934302607 -0.9039892931234534
    outer loop
      vertex 115 -10.23463313526982 90.84775906502257
      vertex 115 -10.057206526348004 90.76384252869671
      vertex 121 -10.057206526348004 90.76384252869671
    endloop
  endfacet
  facet normal 1.2069227346669516e-18 -0.6715589548470249 -0.7409511253549531
    outer loop
      vertex 115 -9.731213431672709 90.54602090672547
      vertex 115 -9.585786437626904 90.41421356237309
      vertex 121 -9.585786437626904 90.41421356237309
    endloop
  endfacet
  facet normal 2.2809969768756107e-19 -0.5956993044924538 -0.8032075314806298
    outer loop
      vertex 115 -9.888859533960796 90.6629392246051
      vertex 115 -9.731213431672709 90.54602090672547
      vertex 121 -9.731213431672709 90.54602090672547
    endloop
  endfacet
  facet normal -4.668342222437206e-19 -0.7409511253549662 -0.6715589548470104
    outer loop
      vertex 115 -9.585786437626904 90.41421356237309
      vertex 115 -9.453979093274526 90.26878656832729
      vertex 121 -9.453979093274526 90.26878656832729
    endloop
  endfacet
  facet normal 0 -0.9415440651830247 -0.3368898533922096
    outer loop
      vertex 115 -9.086119328535583 89.58056935450892
      vertex 121 -9.086119328535583 89.58056935450892
      vertex 115 -9.152240934977426 89.76536686473018
    endloop
  endfacet
  facet normal -3.772665426867574e-19 -0.9039892931234329 -0.4275550934303038
    outer loop
      vertex 115 -9.23615747130329 89.94279347365199
      vertex 115 -9.152240934977426 89.76536686473018
      vertex 121 -9.152240934977426 89.76536686473018
    endloop
  endfacet
  facet normal 0 0.8032075314806406 0.595699304492439
    outer loop
      vertex 115 -12.546020906725474 87.73121343167271
      vertex 121 -12.66293922460509 87.8888595339608
      vertex 121 -12.546020906725474 87.73121343167271
    endloop
  endfacet
  facet normal 0 0.5956993044924538 0.8032075314806298
    outer loop
      vertex 115 -12.111140466039204 87.3370607753949
      vertex 121 -12.268786568327291 87.45397909327453
      vertex 121 -12.111140466039204 87.3370607753949
    endloop
  endfacet
  facet normal 0 0.4275550934302607 0.9039892931234534
    outer loop
      vertex 115 -11.76536686473018 87.15224093497743
      vertex 121 -11.942793473651996 87.23615747130329
      vertex 121 -11.76536686473018 87.15224093497743
    endloop
  endfacet
  facet normal 0 0.5141027441932117 0.857728610000278
    outer loop
      vertex 115 -11.942793473651996 87.23615747130329
      vertex 121 -12.111140466039204 87.3370607753949
      vertex 121 -11.942793473651996 87.23615747130329
    endloop
  endfacet
  facet normal 0 0.6715589548470249 0.7409511253549531
    outer loop
      vertex 115 -12.268786568327291 87.45397909327453
      vertex 121 -12.414213562373096 87.58578643762691
      vertex 121 -12.268786568327291 87.45397909327453
    endloop
  endfacet
  facet normal 0 0.7409511253549662 0.6715589548470104
    outer loop
      vertex 115 -12.414213562373096 87.58578643762691
      vertex 121 -12.546020906725474 87.73121343167271
      vertex 121 -12.414213562373096 87.58578643762691
    endloop
  endfacet
  facet normal 0 0.3368898533921993 0.9415440651830282
    outer loop
      vertex 115 -11.580569354508924 87.08611932853559
      vertex 121 -11.76536686473018 87.15224093497743
      vertex 121 -11.580569354508924 87.08611932853559
    endloop
  endfacet
  facet normal 0 0.24298017990330883 0.9700312531945326
    outer loop
      vertex 115 -11.390180644032256 87.03842943919354
      vertex 121 -11.580569354508924 87.08611932853559
      vertex 121 -11.390180644032256 87.03842943919354
    endloop
  endfacet
  facet normal 0 0.14673047445537427 0.989176509964779
    outer loop
      vertex 115 -11.196034280659122 87.0096305466556
      vertex 121 -11.390180644032256 87.03842943919354
      vertex 121 -11.196034280659122 87.0096305466556
    endloop
  endfacet
  facet normal 0 0.0490676743273881 0.998795456205174
    outer loop
      vertex 115 -11 87
      vertex 121 -11.196034280659122 87.0096305466556
      vertex 121 -11 87
    endloop
  endfacet
  facet normal 0 -0.0490676743273881 0.998795456205174
    outer loop
      vertex 115 -10.803965719340878 87.0096305466556
      vertex 121 -11 87
      vertex 121 -10.803965719340878 87.0096305466556
    endloop
  endfacet
  facet normal 0 -0.14673047445537427 0.989176509964779
    outer loop
      vertex 115 -10.609819355967744 87.03842943919354
      vertex 121 -10.803965719340878 87.0096305466556
      vertex 121 -10.609819355967744 87.03842943919354
    endloop
  endfacet
  facet normal 0 0.8577286100002773 0.514102744193213
    outer loop
      vertex 115 -12.66293922460509 87.8888595339608
      vertex 121 -12.76384252869671 88.05720652634801
      vertex 121 -12.66293922460509 87.8888595339608
    endloop
  endfacet
  facet normal 0 0.9039892931234329 0.4275550934303038
    outer loop
      vertex 115 -12.76384252869671 88.05720652634801
      vertex 121 -12.847759065022574 88.23463313526982
      vertex 121 -12.76384252869671 88.05720652634801
    endloop
  endfacet
  facet normal 0 0.9415440651830247 0.3368898533922096
    outer loop
      vertex 115 -12.847759065022574 88.23463313526982
      vertex 121 -12.913880671464417 88.41943064549108
      vertex 121 -12.847759065022574 88.23463313526982
    endloop
  endfacet
  facet normal 0 0.9700312531945434 0.24298017990326629
    outer loop
      vertex 115 -12.913880671464417 88.41943064549108
      vertex 121 -12.96157056080646 88.60981935596774
      vertex 121 -12.913880671464417 88.41943064549108
    endloop
  endfacet
  facet normal 0 0.9891765099647806 0.1467304744553641
    outer loop
      vertex 115 -12.96157056080646 88.60981935596774
      vertex 121 -12.990369453344394 88.80396571934088
      vertex 121 -12.96157056080646 88.60981935596774
    endloop
  endfacet
  facet normal 0 0.9987954562051726 0.049067674327415635
    outer loop
      vertex 115 -12.990369453344394 88.80396571934088
      vertex 121 -13 89
      vertex 121 -12.990369453344394 88.80396571934088
    endloop
  endfacet
  facet normal 0 0.9987954562051726 -0.049067674327415635
    outer loop
      vertex 115 -13 89
      vertex 121 -12.990369453344394 89.19603428065912
      vertex 121 -13 89
    endloop
  endfacet
  facet normal 0 0.9891765099647806 -0.1467304744553641
    outer loop
      vertex 115 -12.990369453344394 89.19603428065912
      vertex 121 -12.96157056080646 89.39018064403226
      vertex 121 -12.990369453344394 89.19603428065912
    endloop
  endfacet
  facet normal 0 0.9700312531945434 -0.24298017990326629
    outer loop
      vertex 115 -12.96157056080646 89.39018064403226
      vertex 121 -12.913880671464417 89.58056935450892
      vertex 121 -12.96157056080646 89.39018064403226
    endloop
  endfacet
  facet normal 0 0.9415440651830247 -0.3368898533922096
    outer loop
      vertex 115 -12.913880671464417 89.58056935450892
      vertex 121 -12.847759065022574 89.76536686473018
      vertex 121 -12.913880671464417 89.58056935450892
    endloop
  endfacet
  facet normal 0 0.9039892931234329 -0.4275550934303038
    outer loop
      vertex 115 -12.847759065022574 89.76536686473018
      vertex 121 -12.76384252869671 89.94279347365199
      vertex 121 -12.847759065022574 89.76536686473018
    endloop
  endfacet
  facet normal 0 0.8577286100002773 -0.514102744193213
    outer loop
      vertex 115 -12.76384252869671 89.94279347365199
      vertex 121 -12.66293922460509 90.1111404660392
      vertex 121 -12.76384252869671 89.94279347365199
    endloop
  endfacet
  facet normal 0 0.8032075314806406 -0.595699304492439
    outer loop
      vertex 115 -12.66293922460509 90.1111404660392
      vertex 121 -12.546020906725474 90.26878656832729
      vertex 121 -12.66293922460509 90.1111404660392
    endloop
  endfacet
  facet normal 0 0.7409511253549662 -0.6715589548470104
    outer loop
      vertex 115 -12.546020906725474 90.26878656832729
      vertex 121 -12.414213562373096 90.41421356237309
      vertex 121 -12.546020906725474 90.26878656832729
    endloop
  endfacet
  facet normal 0 0.6715589548470249 -0.7409511253549531
    outer loop
      vertex 115 -12.414213562373096 90.41421356237309
      vertex 121 -12.268786568327291 90.54602090672547
      vertex 121 -12.414213562373096 90.41421356237309
    endloop
  endfacet
  facet normal 0 0.5956993044924538 -0.8032075314806298
    outer loop
      vertex 115 -12.268786568327291 90.54602090672547
      vertex 121 -12.111140466039204 90.6629392246051
      vertex 121 -12.268786568327291 90.54602090672547
    endloop
  endfacet
  facet normal 0 0.5141027441932117 -0.857728610000278
    outer loop
      vertex 115 -12.111140466039204 90.6629392246051
      vertex 121 -11.942793473651996 90.76384252869671
      vertex 121 -12.111140466039204 90.6629392246051
    endloop
  endfacet
  facet normal 0 0.4275550934302607 -0.9039892931234534
    outer loop
      vertex 115 -11.942793473651996 90.76384252869671
      vertex 121 -11.76536686473018 90.84775906502257
      vertex 121 -11.942793473651996 90.76384252869671
    endloop
  endfacet
  facet normal 0 0.3368898533921993 -0.9415440651830282
    outer loop
      vertex 115 -11.76536686473018 90.84775906502257
      vertex 121 -11.580569354508924 90.91388067146441
      vertex 121 -11.76536686473018 90.84775906502257
    endloop
  endfacet
  facet normal 0 0.24298017990330883 -0.9700312531945326
    outer loop
      vertex 115 -11.580569354508924 90.91388067146441
      vertex 121 -11.390180644032256 90.96157056080646
      vertex 121 -11.580569354508924 90.91388067146441
    endloop
  endfacet
  facet normal 0 0.14673047445537427 -0.989176509964779
    outer loop
      vertex 115 -11.390180644032256 90.96157056080646
      vertex 121 -11.196034280659122 90.9903694533444
      vertex 121 -11.390180644032256 90.96157056080646
    endloop
  endfacet
  facet normal 0 0.0490676743273881 -0.998795456205174
    outer loop
      vertex 115 -11.196034280659122 90.9903694533444
      vertex 121 -11 91
      vertex 121 -11.196034280659122 90.9903694533444
    endloop
  endfacet
  facet normal 0 -0.0490676743273881 -0.998795456205174
    outer loop
      vertex 115 -11 91
      vertex 121 -10.803965719340878 90.9903694533444
      vertex 121 -11 91
    endloop
  endfacet
  facet normal 0 -0.14673047445537427 -0.989176509964779
    outer loop
      vertex 115 -10.803965719340878 90.9903694533444
      vertex 121 -10.609819355967744 90.96157056080646
      vertex 121 -10.803965719340878 90.9903694533444
    endloop
  endfacet
  facet normal 0 -0.24298017990330883 -0.9700312531945326
    outer loop
      vertex 115 -10.609819355967744 90.96157056080646
      vertex 121 -10.419430645491076 90.91388067146441
      vertex 121 -10.609819355967744 90.96157056080646
    endloop
  endfacet
  facet normal 0 -0.24298017990330883 0.9700312531945326
    outer loop
      vertex 115 -10.419430645491076 87.08611932853559
      vertex 121 -10.609819355967744 87.03842943919354
      vertex 121 -10.419430645491076 87.08611932853559
    endloop
  endfacet
  facet normal 0 -0.3368898533921993 0.9415440651830282
    outer loop
      vertex 115 -10.23463313526982 87.15224093497743
      vertex 121 -10.419430645491076 87.08611932853559
      vertex 121 -10.23463313526982 87.15224093497743
    endloop
  endfacet
  facet normal 0 -0.4275550934302607 0.9039892931234534
    outer loop
      vertex 115 -10.057206526348004 87.23615747130329
      vertex 121 -10.23463313526982 87.15224093497743
      vertex 121 -10.057206526348004 87.23615747130329
    endloop
  endfacet
  facet normal 0 -0.5141027441932117 0.857728610000278
    outer loop
      vertex 115 -9.888859533960796 87.3370607753949
      vertex 121 -10.057206526348004 87.23615747130329
      vertex 121 -9.888859533960796 87.3370607753949
    endloop
  endfacet
  facet normal 0 -0.5956993044924538 0.8032075314806298
    outer loop
      vertex 115 -9.731213431672709 87.45397909327453
      vertex 121 -9.888859533960796 87.3370607753949
      vertex 121 -9.731213431672709 87.45397909327453
    endloop
  endfacet
  facet normal 0 -0.6715589548470249 0.7409511253549531
    outer loop
      vertex 115 -9.585786437626904 87.58578643762691
      vertex 121 -9.731213431672709 87.45397909327453
      vertex 121 -9.585786437626904 87.58578643762691
    endloop
  endfacet
  facet normal 0 -0.7409511253549662 0.6715589548470104
    outer loop
      vertex 115 -9.453979093274526 87.73121343167271
      vertex 121 -9.585786437626904 87.58578643762691
      vertex 121 -9.453979093274526 87.73121343167271
    endloop
  endfacet
  facet normal 0 -0.8032075314806406 0.595699304492439
    outer loop
      vertex 115 -9.33706077539491 87.8888595339608
      vertex 121 -9.453979093274526 87.73121343167271
      vertex 121 -9.33706077539491 87.8888595339608
    endloop
  endfacet
  facet normal 0 -0.8577286100002773 0.514102744193213
    outer loop
      vertex 115 -9.23615747130329 88.05720652634801
      vertex 121 -9.33706077539491 87.8888595339608
      vertex 121 -9.23615747130329 88.05720652634801
    endloop
  endfacet
  facet normal 0 -0.9039892931234329 0.4275550934303038
    outer loop
      vertex 115 -9.152240934977426 88.23463313526982
      vertex 121 -9.23615747130329 88.05720652634801
      vertex 121 -9.152240934977426 88.23463313526982
    endloop
  endfacet
  facet normal 0 -0.9415440651830247 0.3368898533922096
    outer loop
      vertex 115 -9.086119328535583 88.41943064549108
      vertex 121 -9.152240934977426 88.23463313526982
      vertex 121 -9.086119328535583 88.41943064549108
    endloop
  endfacet
  facet normal 0 -0.9700312531945434 0.24298017990326629
    outer loop
      vertex 115 -9.03842943919354 88.60981935596774
      vertex 121 -9.086119328535583 88.41943064549108
      vertex 121 -9.03842943919354 88.60981935596774
    endloop
  endfacet
  facet normal 0 -0.9891765099647806 0.1467304744553641
    outer loop
      vertex 115 -9.009630546655606 88.80396571934088
      vertex 121 -9.03842943919354 88.60981935596774
      vertex 121 -9.009630546655606 88.80396571934088
    endloop
  endfacet
  facet normal 0 -0.9987954562051726 0.049067674327415635
    outer loop
      vertex 115 -9 89
      vertex 121 -9.009630546655606 88.80396571934088
      vertex 121 -9 89
    endloop
  endfacet
  facet normal 0 -0.9987954562051726 -0.049067674327415635
    outer loop
      vertex 115 -9.009630546655606 89.19603428065912
      vertex 121 -9 89
      vertex 121 -9.009630546655606 89.19603428065912
    endloop
  endfacet
  facet normal 0 -0.9891765099647806 -0.1467304744553641
    outer loop
      vertex 115 -9.03842943919354 89.39018064403226
      vertex 121 -9.009630546655606 89.19603428065912
      vertex 121 -9.03842943919354 89.39018064403226
    endloop
  endfacet
  facet normal 0 -0.9039892931234329 -0.4275550934303038
    outer loop
      vertex 115 -9.23615747130329 89.94279347365199
      vertex 121 -9.152240934977426 89.76536686473018
      vertex 121 -9.23615747130329 89.94279347365199
    endloop
  endfacet
  facet normal 0 -0.8577286100002773 -0.514102744193213
    outer loop
      vertex 115 -9.33706077539491 90.1111404660392
      vertex 121 -9.23615747130329 89.94279347365199
      vertex 121 -9.33706077539491 90.1111404660392
    endloop
  endfacet
  facet normal 0 -0.8032075314806406 -0.595699304492439
    outer loop
      vertex 115 -9.453979093274526 90.26878656832729
      vertex 121 -9.33706077539491 90.1111404660392
      vertex 121 -9.453979093274526 90.26878656832729
    endloop
  endfacet
  facet normal 0 -0.3368898533921993 -0.9415440651830282
    outer loop
      vertex 115 -10.419430645491076 90.91388067146441
      vertex 121 -10.23463313526982 90.84775906502257
      vertex 121 -10.419430645491076 90.91388067146441
    endloop
  endfacet
  facet normal 0 -0.4275550934302607 -0.9039892931234534
    outer loop
      vertex 115 -10.23463313526982 90.84775906502257
      vertex 121 -10.057206526348004 90.76384252869671
      vertex 121 -10.23463313526982 90.84775906502257
    endloop
  endfacet
  facet normal 0 -0.5141027441932117 -0.857728610000278
    outer loop
      vertex 115 -10.057206526348004 90.76384252869671
      vertex 121 -9.888859533960796 90.6629392246051
      vertex 121 -10.057206526348004 90.76384252869671
    endloop
  endfacet
  facet normal 0 -0.7409511253549662 -0.6715589548470104
    outer loop
      vertex 115 -9.585786437626904 90.41421356237309
      vertex 121 -9.453979093274526 90.26878656832729
      vertex 121 -9.585786437626904 90.41421356237309
    endloop
  endfacet
  facet normal 0 -0.6715589548470249 -0.7409511253549531
    outer loop
      vertex 115 -9.731213431672709 90.54602090672547
      vertex 121 -9.585786437626904 90.41421356237309
      vertex 121 -9.731213431672709 90.54602090672547
    endloop
  endfacet
  facet normal 0 -0.5956993044924538 -0.8032075314806298
    outer loop
      vertex 115 -9.888859533960796 90.6629392246051
      vertex 121 -9.731213431672709 90.54602090672547
      vertex 121 -9.888859533960796 90.6629392246051
    endloop
  endfacet
  facet normal 0 -0.9700312531945434 -0.24298017990326629
    outer loop
      vertex 115 -9.086119328535583 89.58056935450892
      vertex 121 -9.03842943919354 89.39018064403226
      vertex 121 -9.086119328535583 89.58056935450892
    endloop
  endfacet
  facet normal 0 -0.9415440651830247 -0.3368898533922096
    outer loop
      vertex 115 -9.152240934977426 89.76536686473018
      vertex 121 -9.086119328535583 89.58056935450892
      vertex 121 -9.152240934977426 89.76536686473018
    endloop
  endfacet
  facet normal 1 0 0
    outer loop
      vertex 115 9.152240934977426 88.23463313526982
      vertex 115 9.152240934977426 89.76536686473018
      vertex 115 9.086119328535583 88.41943064549108
    endloop
  endfacet
  facet normal 1 0 0
    outer loop
      vertex 115 9.009630546655606 88.80396571934088
      vertex 115 9.009630546655606 89.19603428065912
      vertex 115 9 89
    endloop
  endfacet
  facet normal 1 0 0
    outer loop
      vertex 115 9.086119328535583 88.41943064549108
      vertex 115 9.086119328535583 89.58056935450892
      vertex 115 9.03842943919354 88.60981935596774
    endloop
  endfacet
  facet normal 1 0 0
    outer loop
      vertex 115 9.03842943919354 88.60981935596774
      vertex 115 9.03842943919354 89.39018064403226
      vertex 115 9.009630546655606 88.80396571934088
    endloop
  endfacet
  facet normal 1 0 0
    outer loop
      vertex 115 9.009630546655606 88.80396571934088
      vertex 115 9.03842943919354 89.39018064403226
      vertex 115 9.009630546655606 89.19603428065912
    endloop
  endfacet
  facet normal 1 0 0
    outer loop
      vertex 115 9.03842943919354 88.60981935596774
      vertex 115 9.086119328535583 89.58056935450892
      vertex 115 9.03842943919354 89.39018064403226
    endloop
  endfacet
  facet normal 1 0 0
    outer loop
      vertex 115 9.086119328535583 88.41943064549108
      vertex 115 9.152240934977426 89.76536686473018
      vertex 115 9.086119328535583 89.58056935450892
    endloop
  endfacet
  facet normal 1 0 0
    outer loop
      vertex 115 9.152240934977426 88.23463313526982
      vertex 115 9.23615747130329 89.94279347365199
      vertex 115 9.152240934977426 89.76536686473018
    endloop
  endfacet
  facet normal 1 0 0
    outer loop
      vertex 115 9.453979093274526 87.73121343167271
      vertex 115 9.453979093274526 90.26878656832729
      vertex 115 9.33706077539491 87.8888595339608
    endloop
  endfacet
  facet normal 1 0 0
    outer loop
      vertex 115 9.453979093274526 87.73121343167271
      vertex 115 9.585786437626904 87.58578643762691
      vertex 115 9.585786437626904 90.41421356237309
    endloop
  endfacet
  facet normal 1 0 0
    outer loop
      vertex 115 9.585786437626904 87.58578643762691
      vertex 115 9.731213431672709 87.45397909327453
      vertex 115 9.731213431672709 90.54602090672547
    endloop
  endfacet
  facet normal 1 0 0
    outer loop
      vertex 115 9.731213431672709 87.45397909327453
      vertex 115 9.888859533960796 87.3370607753949
      vertex 115 9.888859533960796 90.6629392246051
    endloop
  endfacet
  facet normal 1 0 0
    outer loop
      vertex 115 9.888859533960796 87.3370607753949
      vertex 115 10.057206526348004 87.23615747130329
      vertex 115 10.057206526348004 90.76384252869671
    endloop
  endfacet
  facet normal 1 0 0
    outer loop
      vertex 115 10.23463313526982 87.15224093497743
      vertex 115 10.23463313526982 90.84775906502257
      vertex 115 10.057206526348004 87.23615747130329
    endloop
  endfacet
  facet normal 1 0 0
    outer loop
      vertex 115 10.23463313526982 87.15224093497743
      vertex 115 10.419430645491076 87.08611932853559
      vertex 115 10.419430645491076 90.91388067146441
    endloop
  endfacet
  facet normal 1 0 0
    outer loop
      vertex 115 9.152240934977426 88.23463313526982
      vertex 115 9.23615747130329 88.05720652634801
      vertex 115 9.23615747130329 89.94279347365199
    endloop
  endfacet
  facet normal 1 0 0
    outer loop
      vertex 115 9.33706077539491 87.8888595339608
      vertex 115 9.33706077539491 90.1111404660392
      vertex 115 9.23615747130329 88.05720652634801
    endloop
  endfacet
  facet normal 1 0 0
    outer loop
      vertex 115 9.23615747130329 88.05720652634801
      vertex 115 9.33706077539491 90.1111404660392
      vertex 115 9.23615747130329 89.94279347365199
    endloop
  endfacet
  facet normal 1 0 0
    outer loop
      vertex 115 9.33706077539491 87.8888595339608
      vertex 115 9.453979093274526 90.26878656832729
      vertex 115 9.33706077539491 90.1111404660392
    endloop
  endfacet
  facet normal 0 0.7409511253549662 0.6715589548470104
    outer loop
      vertex 115 9.453979093274526 87.73121343167271
      vertex 121 9.453979093274526 87.73121343167271
      vertex 115 9.585786437626904 87.58578643762691
    endloop
  endfacet
  facet normal 0 0.6715589548470249 0.7409511253549531
    outer loop
      vertex 115 9.585786437626904 87.58578643762691
      vertex 121 9.585786437626904 87.58578643762691
      vertex 115 9.731213431672709 87.45397909327453
    endloop
  endfacet
  facet normal 0 0.5956993044924538 0.8032075314806298
    outer loop
      vertex 115 9.731213431672709 87.45397909327453
      vertex 121 9.731213431672709 87.45397909327453
      vertex 115 9.888859533960796 87.3370607753949
    endloop
  endfacet
  facet normal 0 0.5141027441932117 0.857728610000278
    outer loop
      vertex 115 9.888859533960796 87.3370607753949
      vertex 121 9.888859533960796 87.3370607753949
      vertex 115 10.057206526348004 87.23615747130329
    endloop
  endfacet
  facet normal 3.1705555947340356e-19 0.4275550934302607 0.9039892931234534
    outer loop
      vertex 115 10.23463313526982 87.15224093497743
      vertex 115 10.057206526348004 87.23615747130329
      vertex 121 10.057206526348004 87.23615747130329
    endloop
  endfacet
  facet normal 0 0.3368898533921993 0.9415440651830282
    outer loop
      vertex 115 10.23463313526982 87.15224093497743
      vertex 121 10.23463313526982 87.15224093497743
      vertex 115 10.419430645491076 87.08611932853559
    endloop
  endfacet
  facet normal 0 0.24298017990330883 0.9700312531945326
    outer loop
      vertex 115 10.419430645491076 87.08611932853559
      vertex 121 10.419430645491076 87.08611932853559
      vertex 115 10.609819355967744 87.03842943919354
    endloop
  endfacet
  facet normal 0 0.9039892931234329 0.4275550934303038
    outer loop
      vertex 115 9.152240934977426 88.23463313526982
      vertex 121 9.152240934977426 88.23463313526982
      vertex 115 9.23615747130329 88.05720652634801
    endloop
  endfacet
  facet normal -5.888680641234555e-19 0.9415440651830247 0.3368898533922096
    outer loop
      vertex 115 9.152240934977426 88.23463313526982
      vertex 115 9.086119328535583 88.41943064549108
      vertex 121 9.086119328535583 88.41943064549108
    endloop
  endfacet
  facet normal 5.3408693543267665e-20 0.9700312531945434 0.24298017990326629
    outer loop
      vertex 115 9.086119328535583 88.41943064549108
      vertex 115 9.03842943919354 88.60981935596774
      vertex 121 9.03842943919354 88.60981935596774
    endloop
  endfacet
  facet normal 1.9566972732407708e-19 0.9891765099647806 0.1467304744553641
    outer loop
      vertex 115 9.03842943919354 88.60981935596774
      vertex 115 9.009630546655606 88.80396571934088
      vertex 121 9.009630546655606 88.80396571934088
    endloop
  endfacet
  facet normal -2.932427705560852e-20 0.9987954562051726 0.049067674327415635
    outer loop
      vertex 115 9.009630546655606 88.80396571934088
      vertex 115 9 89
      vertex 121 9 89
    endloop
  endfacet
  facet normal 2.932427705560852e-20 0.9987954562051726 -0.049067674327415635
    outer loop
      vertex 115 9 89
      vertex 115 9.009630546655606 89.19603428065912
      vertex 121 9.009630546655606 89.19603428065912
    endloop
  endfacet
  facet normal -1.9566972732407708e-19 0.9891765099647806 -0.1467304744553641
    outer loop
      vertex 115 9.009630546655606 89.19603428065912
      vertex 115 9.03842943919354 89.39018064403226
      vertex 121 9.03842943919354 89.39018064403226
    endloop
  endfacet
  facet normal -6.855428921615899e-19 0.8577286100002773 0.514102744193213
    outer loop
      vertex 115 9.33706077539491 87.8888595339608
      vertex 115 9.23615747130329 88.05720652634801
      vertex 121 9.23615747130329 88.05720652634801
    endloop
  endfacet
  facet normal -9.98747105442001e-19 0.8032075314806406 0.595699304492439
    outer loop
      vertex 115 9.453979093274526 87.73121343167271
      vertex 115 9.33706077539491 87.8888595339608
      vertex 121 9.33706077539491 87.8888595339608
    endloop
  endfacet
  facet normal 1 0 0
    outer loop
      vertex 115 9.453979093274526 87.73121343167271
      vertex 115 9.585786437626904 90.41421356237309
      vertex 115 9.453979093274526 90.26878656832729
    endloop
  endfacet
  facet normal 1 0 0
    outer loop
      vertex 115 9.585786437626904 87.58578643762691
      vertex 115 9.731213431672709 90.54602090672547
      vertex 115 9.585786437626904 90.41421356237309
    endloop
  endfacet
  facet normal 1 0 0
    outer loop
      vertex 115 9.731213431672709 87.45397909327453
      vertex 115 9.888859533960796 90.6629392246051
      vertex 115 9.731213431672709 90.54602090672547
    endloop
  endfacet
  facet normal 1 0 0
    outer loop
      vertex 115 9.888859533960796 87.3370607753949
      vertex 115 10.057206526348004 90.76384252869671
      vertex 115 9.888859533960796 90.6629392246051
    endloop
  endfacet
  facet normal 1 0 0
    outer loop
      vertex 115 10.057206526348004 87.23615747130329
      vertex 115 10.23463313526982 90.84775906502257
      vertex 115 10.057206526348004 90.76384252869671
    endloop
  endfacet
  facet normal 1 0 0
    outer loop
      vertex 115 10.23463313526982 87.15224093497743
      vertex 115 10.419430645491076 90.91388067146441
      vertex 115 10.23463313526982 90.84775906502257
    endloop
  endfacet
  facet normal 1 0 0
    outer loop
      vertex 115 10.419430645491076 87.08611932853559
      vertex 115 10.609819355967744 90.96157056080646
      vertex 115 10.419430645491076 90.91388067146441
    endloop
  endfacet
  facet normal -5.3408693543267665e-20 0.9700312531945434 -0.24298017990326629
    outer loop
      vertex 115 9.03842943919354 89.39018064403226
      vertex 115 9.086119328535583 89.58056935450892
      vertex 121 9.086119328535583 89.58056935450892
    endloop
  endfacet
  facet normal 5.888680641234555e-19 0.9415440651830247 -0.3368898533922096
    outer loop
      vertex 115 9.086119328535583 89.58056935450892
      vertex 115 9.152240934977426 89.76536686473018
      vertex 121 9.152240934977426 89.76536686473018
    endloop
  endfacet
  facet normal 3.772665426867574e-19 0.9039892931234329 -0.4275550934303038
    outer loop
      vertex 115 9.152240934977426 89.76536686473018
      vertex 115 9.23615747130329 89.94279347365199
      vertex 121 9.23615747130329 89.94279347365199
    endloop
  endfacet
  facet normal 6.855428921615899e-19 0.8577286100002773 -0.514102744193213
    outer loop
      vertex 115 9.23615747130329 89.94279347365199
      vertex 115 9.33706077539491 90.1111404660392
      vertex 121 9.33706077539491 90.1111404660392
    endloop
  endfacet
  facet normal 9.98747105442001e-19 0.8032075314806406 -0.595699304492439
    outer loop
      vertex 115 9.33706077539491 90.1111404660392
      vertex 115 9.453979093274526 90.26878656832729
      vertex 121 9.453979093274526 90.26878656832729
    endloop
  endfacet
  facet normal 4.668342222437206e-19 0.7409511253549662 -0.6715589548470104
    outer loop
      vertex 115 9.453979093274526 90.26878656832729
      vertex 115 9.585786437626904 90.41421356237309
      vertex 121 9.585786437626904 90.41421356237309
    endloop
  endfacet
  facet normal -1.2069227346669516e-18 0.6715589548470249 -0.7409511253549531
    outer loop
      vertex 115 9.585786437626904 90.41421356237309
      vertex 115 9.731213431672709 90.54602090672547
      vertex 121 9.731213431672709 90.54602090672547
    endloop
  endfacet
  facet normal -2.2809969768756107e-19 0.5956993044924538 -0.8032075314806298
    outer loop
      vertex 115 9.731213431672709 90.54602090672547
      vertex 115 9.888859533960796 90.6629392246051
      vertex 121 9.888859533960796 90.6629392246051
    endloop
  endfacet
  facet normal -4.186568955545349e-19 0.5141027441932117 -0.857728610000278
    outer loop
      vertex 115 9.888859533960796 90.6629392246051
      vertex 115 10.057206526348004 90.76384252869671
      vertex 121 10.057206526348004 90.76384252869671
    endloop
  endfacet
  facet normal -3.1705555947340356e-19 0.4275550934302607 -0.9039892931234534
    outer loop
      vertex 115 10.057206526348004 90.76384252869671
      vertex 115 10.23463313526982 90.84775906502257
      vertex 121 10.23463313526982 90.84775906502257
    endloop
  endfacet
  facet normal -7.108970786165933e-19 0.3368898533921993 -0.9415440651830282
    outer loop
      vertex 115 10.23463313526982 90.84775906502257
      vertex 115 10.419430645491076 90.91388067146441
      vertex 121 10.419430645491076 90.91388067146441
    endloop
  endfacet
  facet normal 1 0 0
    outer loop
      vertex 115 10.419430645491076 87.08611932853559
      vertex 115 10.609819355967744 87.03842943919354
      vertex 115 10.609819355967744 90.96157056080646
    endloop
  endfacet
  facet normal 1 0 0
    outer loop
      vertex 115 10.609819355967744 87.03842943919354
      vertex 115 10.803965719340878 87.0096305466556
      vertex 115 10.803965719340878 90.9903694533444
    endloop
  endfacet
  facet normal 1 0 0
    outer loop
      vertex 115 10.803965719340878 87.0096305466556
      vertex 115 11 87
      vertex 115 11 91
    endloop
  endfacet
  facet normal 1 0 0
    outer loop
      vertex 115 11 87
      vertex 115 11.196034280659122 87.0096305466556
      vertex 115 11.196034280659122 90.9903694533444
    endloop
  endfacet
  facet normal 1 0 0
    outer loop
      vertex 115 11.196034280659122 87.0096305466556
      vertex 115 11.390180644032256 87.03842943919354
      vertex 115 11.390180644032256 90.96157056080646
    endloop
  endfacet
  facet normal 1 0 0
    outer loop
      vertex 115 11.390180644032256 87.03842943919354
      vertex 115 11.580569354508924 87.08611932853559
      vertex 115 11.580569354508924 90.91388067146441
    endloop
  endfacet
  facet normal 1 0 0
    outer loop
      vertex 115 11.580569354508924 87.08611932853559
      vertex 115 11.76536686473018 87.15224093497743
      vertex 115 11.76536686473018 90.84775906502257
    endloop
  endfacet
  facet normal 1 0 0
    outer loop
      vertex 115 11.76536686473018 87.15224093497743
      vertex 115 11.942793473651996 87.23615747130329
      vertex 115 11.942793473651996 90.76384252869671
    endloop
  endfacet
  facet normal 1 0 0
    outer loop
      vertex 115 11.942793473651996 87.23615747130329
      vertex 115 12.111140466039204 87.3370607753949
      vertex 115 12.111140466039204 90.6629392246051
    endloop
  endfacet
  facet normal 1 0 0
    outer loop
      vertex 115 12.111140466039204 87.3370607753949
      vertex 115 12.268786568327291 87.45397909327453
      vertex 115 12.268786568327291 90.54602090672547
    endloop
  endfacet
  facet normal 1 0 0
    outer loop
      vertex 115 12.268786568327291 87.45397909327453
      vertex 115 12.414213562373096 87.58578643762691
      vertex 115 12.414213562373096 90.41421356237309
    endloop
  endfacet
  facet normal 1 0 0
    outer loop
      vertex 115 12.414213562373096 87.58578643762691
      vertex 115 12.546020906725474 87.73121343167271
      vertex 115 12.546020906725474 90.26878656832729
    endloop
  endfacet
  facet normal 1 0 0
    outer loop
      vertex 115 12.546020906725474 87.73121343167271
      vertex 115 12.66293922460509 87.8888595339608
      vertex 115 12.66293922460509 90.1111404660392
    endloop
  endfacet
  facet normal 1 0 0
    outer loop
      vertex 115 12.66293922460509 87.8888595339608
      vertex 115 12.76384252869671 88.05720652634801
      vertex 115 12.76384252869671 89.94279347365199
    endloop
  endfacet
  facet normal 1 0 0
    outer loop
      vertex 115 12.414213562373096 87.58578643762691
      vertex 115 12.546020906725474 90.26878656832729
      vertex 115 12.414213562373096 90.41421356237309
    endloop
  endfacet
  facet normal 1 0 0
    outer loop
      vertex 115 12.76384252869671 88.05720652634801
      vertex 115 12.847759065022574 88.23463313526982
      vertex 115 12.847759065022574 89.76536686473018
    endloop
  endfacet
  facet normal 1 0 0
    outer loop
      vertex 115 12.847759065022574 88.23463313526982
      vertex 115 12.913880671464417 88.41943064549108
      vertex 115 12.913880671464417 89.58056935450892
    endloop
  endfacet
  facet normal 1 0 0
    outer loop
      vertex 115 12.913880671464417 88.41943064549108
      vertex 115 12.96157056080646 88.60981935596774
      vertex 115 12.96157056080646 89.39018064403226
    endloop
  endfacet
  facet normal 1 0 0
    outer loop
      vertex 115 12.96157056080646 88.60981935596774
      vertex 115 12.990369453344394 88.80396571934088
      vertex 115 12.990369453344394 89.19603428065912
    endloop
  endfacet
  facet normal 1 0 0
    outer loop
      vertex 115 12.990369453344394 88.80396571934088
      vertex 115 13 89
      vertex 115 12.990369453344394 89.19603428065912
    endloop
  endfacet
  facet normal 1 0 0
    outer loop
      vertex 115 12.76384252869671 88.05720652634801
      vertex 115 12.847759065022574 89.76536686473018
      vertex 115 12.76384252869671 89.94279347365199
    endloop
  endfacet
  facet normal 1 0 0
    outer loop
      vertex 115 12.546020906725474 87.73121343167271
      vertex 115 12.66293922460509 90.1111404660392
      vertex 115 12.546020906725474 90.26878656832729
    endloop
  endfacet
  facet normal 1 0 0
    outer loop
      vertex 115 12.66293922460509 87.8888595339608
      vertex 115 12.76384252869671 89.94279347365199
      vertex 115 12.66293922460509 90.1111404660392
    endloop
  endfacet
  facet normal 1 0 0
    outer loop
      vertex 115 12.913880671464417 88.41943064549108
      vertex 115 12.96157056080646 89.39018064403226
      vertex 115 12.913880671464417 89.58056935450892
    endloop
  endfacet
  facet normal 1 0 0
    outer loop
      vertex 115 12.847759065022574 88.23463313526982
      vertex 115 12.913880671464417 89.58056935450892
      vertex 115 12.847759065022574 89.76536686473018
    endloop
  endfacet
  facet normal 1 0 0
    outer loop
      vertex 115 12.96157056080646 88.60981935596774
      vertex 115 12.990369453344394 89.19603428065912
      vertex 115 12.96157056080646 89.39018064403226
    endloop
  endfacet
  facet normal 0 0.14673047445537427 0.989176509964779
    outer loop
      vertex 115 10.609819355967744 87.03842943919354
      vertex 121 10.609819355967744 87.03842943919354
      vertex 115 10.803965719340878 87.0096305466556
    endloop
  endfacet
  facet normal 0 0.0490676743273881 0.998795456205174
    outer loop
      vertex 115 10.803965719340878 87.0096305466556
      vertex 121 10.803965719340878 87.0096305466556
      vertex 115 11 87
    endloop
  endfacet
  facet normal 0 -0.0490676743273881 0.998795456205174
    outer loop
      vertex 115 11 87
      vertex 121 11 87
      vertex 115 11.196034280659122 87.0096305466556
    endloop
  endfacet
  facet normal 0 -0.14673047445537427 0.989176509964779
    outer loop
      vertex 115 11.196034280659122 87.0096305466556
      vertex 121 11.196034280659122 87.0096305466556
      vertex 115 11.390180644032256 87.03842943919354
    endloop
  endfacet
  facet normal 0 -0.24298017990330883 0.9700312531945326
    outer loop
      vertex 115 11.390180644032256 87.03842943919354
      vertex 121 11.390180644032256 87.03842943919354
      vertex 115 11.580569354508924 87.08611932853559
    endloop
  endfacet
  facet normal 0 -0.3368898533921993 0.9415440651830282
    outer loop
      vertex 115 11.580569354508924 87.08611932853559
      vertex 121 11.580569354508924 87.08611932853559
      vertex 115 11.76536686473018 87.15224093497743
    endloop
  endfacet
  facet normal 0 -0.4275550934302607 0.9039892931234534
    outer loop
      vertex 115 11.76536686473018 87.15224093497743
      vertex 121 11.76536686473018 87.15224093497743
      vertex 115 11.942793473651996 87.23615747130329
    endloop
  endfacet
  facet normal 0 -0.5141027441932117 0.857728610000278
    outer loop
      vertex 115 11.942793473651996 87.23615747130329
      vertex 121 11.942793473651996 87.23615747130329
      vertex 115 12.111140466039204 87.3370607753949
    endloop
  endfacet
  facet normal 0 -0.5956993044924538 0.8032075314806298
    outer loop
      vertex 115 12.111140466039204 87.3370607753949
      vertex 121 12.111140466039204 87.3370607753949
      vertex 115 12.268786568327291 87.45397909327453
    endloop
  endfacet
  facet normal 0 -0.6715589548470249 0.7409511253549531
    outer loop
      vertex 115 12.268786568327291 87.45397909327453
      vertex 121 12.268786568327291 87.45397909327453
      vertex 115 12.414213562373096 87.58578643762691
    endloop
  endfacet
  facet normal 0 -0.7409511253549662 0.6715589548470104
    outer loop
      vertex 115 12.414213562373096 87.58578643762691
      vertex 121 12.414213562373096 87.58578643762691
      vertex 115 12.546020906725474 87.73121343167271
    endloop
  endfacet
  facet normal 0 -0.8032075314806406 0.595699304492439
    outer loop
      vertex 115 12.546020906725474 87.73121343167271
      vertex 121 12.546020906725474 87.73121343167271
      vertex 115 12.66293922460509 87.8888595339608
    endloop
  endfacet
  facet normal 0 -0.8577286100002773 0.514102744193213
    outer loop
      vertex 115 12.66293922460509 87.8888595339608
      vertex 121 12.66293922460509 87.8888595339608
      vertex 115 12.76384252869671 88.05720652634801
    endloop
  endfacet
  facet normal 0 -0.9039892931234329 0.4275550934303038
    outer loop
      vertex 115 12.76384252869671 88.05720652634801
      vertex 121 12.76384252869671 88.05720652634801
      vertex 115 12.847759065022574 88.23463313526982
    endloop
  endfacet
  facet normal 0 -0.9415440651830247 0.3368898533922096
    outer loop
      vertex 115 12.847759065022574 88.23463313526982
      vertex 121 12.847759065022574 88.23463313526982
      vertex 115 12.913880671464417 88.41943064549108
    endloop
  endfacet
  facet normal 0 -0.9700312531945434 0.24298017990326629
    outer loop
      vertex 115 12.913880671464417 88.41943064549108
      vertex 121 12.913880671464417 88.41943064549108
      vertex 115 12.96157056080646 88.60981935596774
    endloop
  endfacet
  facet normal 0 -0.9891765099647806 0.1467304744553641
    outer loop
      vertex 115 12.96157056080646 88.60981935596774
      vertex 121 12.96157056080646 88.60981935596774
      vertex 115 12.990369453344394 88.80396571934088
    endloop
  endfacet
  facet normal 0 -0.9987954562051726 0.049067674327415635
    outer loop
      vertex 115 12.990369453344394 88.80396571934088
      vertex 121 12.990369453344394 88.80396571934088
      vertex 115 13 89
    endloop
  endfacet
  facet normal 0 -0.9987954562051726 -0.049067674327415635
    outer loop
      vertex 115 13 89
      vertex 121 13 89
      vertex 115 12.990369453344394 89.19603428065912
    endloop
  endfacet
  facet normal 0 -0.9891765099647806 -0.1467304744553641
    outer loop
      vertex 115 12.990369453344394 89.19603428065912
      vertex 121 12.990369453344394 89.19603428065912
      vertex 115 12.96157056080646 89.39018064403226
    endloop
  endfacet
  facet normal 0 -0.9700312531945434 -0.24298017990326629
    outer loop
      vertex 115 12.96157056080646 89.39018064403226
      vertex 121 12.96157056080646 89.39018064403226
      vertex 115 12.913880671464417 89.58056935450892
    endloop
  endfacet
  facet normal 1 0 0
    outer loop
      vertex 115 10.609819355967744 87.03842943919354
      vertex 115 10.803965719340878 90.9903694533444
      vertex 115 10.609819355967744 90.96157056080646
    endloop
  endfacet
  facet normal 1 0 0
    outer loop
      vertex 115 10.803965719340878 87.0096305466556
      vertex 115 11 91
      vertex 115 10.803965719340878 90.9903694533444
    endloop
  endfacet
  facet normal 1 0 0
    outer loop
      vertex 115 11 87
      vertex 115 11.196034280659122 90.9903694533444
      vertex 115 11 91
    endloop
  endfacet
  facet normal 1 0 0
    outer loop
      vertex 115 11.196034280659122 87.0096305466556
      vertex 115 11.390180644032256 90.96157056080646
      vertex 115 11.196034280659122 90.9903694533444
    endloop
  endfacet
  facet normal 1 0 0
    outer loop
      vertex 115 11.390180644032256 87.03842943919354
      vertex 115 11.580569354508924 90.91388067146441
      vertex 115 11.390180644032256 90.96157056080646
    endloop
  endfacet
  facet normal 1 0 0
    outer loop
      vertex 115 11.580569354508924 87.08611932853559
      vertex 115 11.76536686473018 90.84775906502257
      vertex 115 11.580569354508924 90.91388067146441
    endloop
  endfacet
  facet normal 1 0 0
    outer loop
      vertex 115 11.76536686473018 87.15224093497743
      vertex 115 11.942793473651996 90.76384252869671
      vertex 115 11.76536686473018 90.84775906502257
    endloop
  endfacet
  facet normal 1 0 0
    outer loop
      vertex 115 11.942793473651996 87.23615747130329
      vertex 115 12.111140466039204 90.6629392246051
      vertex 115 11.942793473651996 90.76384252869671
    endloop
  endfacet
  facet normal 1 0 0
    outer loop
      vertex 115 12.111140466039204 87.3370607753949
      vertex 115 12.268786568327291 90.54602090672547
      vertex 115 12.111140466039204 90.6629392246051
    endloop
  endfacet
  facet normal 1 0 0
    outer loop
      vertex 115 12.268786568327291 87.45397909327453
      vertex 115 12.414213562373096 90.41421356237309
      vertex 115 12.268786568327291 90.54602090672547
    endloop
  endfacet
  facet normal -3.624623655530352e-19 0.24298017990330883 -0.9700312531945326
    outer loop
      vertex 115 10.419430645491076 90.91388067146441
      vertex 115 10.609819355967744 90.96157056080646
      vertex 121 10.609819355967744 90.96157056080646
    endloop
  endfacet
  facet normal 2.695408747264679e-19 0.14673047445537427 -0.989176509964779
    outer loop
      vertex 115 10.609819355967744 90.96157056080646
      vertex 115 10.803965719340878 90.9903694533444
      vertex 121 10.803965719340878 90.9903694533444
    endloop
  endfacet
  facet normal 5.785704994913559e-20 0.0490676743273881 -0.998795456205174
    outer loop
      vertex 115 10.803965719340878 90.9903694533444
      vertex 115 11 91
      vertex 121 11 91
    endloop
  endfacet
  facet normal -5.785704994913559e-20 -0.0490676743273881 -0.998795456205174
    outer loop
      vertex 115 11 91
      vertex 115 11.196034280659122 90.9903694533444
      vertex 121 11.196034280659122 90.9903694533444
    endloop
  endfacet
  facet normal -2.695408747264679e-19 -0.14673047445537427 -0.989176509964779
    outer loop
      vertex 115 11.196034280659122 90.9903694533444
      vertex 115 11.390180644032256 90.96157056080646
      vertex 121 11.390180644032256 90.96157056080646
    endloop
  endfacet
  facet normal 7.108970786165933e-19 -0.3368898533921993 -0.9415440651830282
    outer loop
      vertex 115 11.580569354508924 90.91388067146441
      vertex 115 11.76536686473018 90.84775906502257
      vertex 121 11.76536686473018 90.84775906502257
    endloop
  endfacet
  facet normal 3.624623655530352e-19 -0.24298017990330883 -0.9700312531945326
    outer loop
      vertex 115 11.390180644032256 90.96157056080646
      vertex 115 11.580569354508924 90.91388067146441
      vertex 121 11.580569354508924 90.91388067146441
    endloop
  endfacet
  facet normal -5.888680641234555e-19 -0.9415440651830247 -0.3368898533922096
    outer loop
      vertex 115 12.847759065022574 89.76536686473018
      vertex 115 12.913880671464417 89.58056935450892
      vertex 121 12.913880671464417 89.58056935450892
    endloop
  endfacet
  facet normal 0 -0.9039892931234329 -0.4275550934303038
    outer loop
      vertex 115 12.847759065022574 89.76536686473018
      vertex 121 12.847759065022574 89.76536686473018
      vertex 115 12.76384252869671 89.94279347365199
    endloop
  endfacet
  facet normal 0 -0.8577286100002773 -0.514102744193213
    outer loop
      vertex 115 12.76384252869671 89.94279347365199
      vertex 121 12.76384252869671 89.94279347365199
      vertex 115 12.66293922460509 90.1111404660392
    endloop
  endfacet
  facet normal 0 -0.8032075314806406 -0.595699304492439
    outer loop
      vertex 115 12.66293922460509 90.1111404660392
      vertex 121 12.66293922460509 90.1111404660392
      vertex 115 12.546020906725474 90.26878656832729
    endloop
  endfacet
  facet normal 0 -0.5141027441932117 -0.857728610000278
    outer loop
      vertex 115 12.111140466039204 90.6629392246051
      vertex 121 12.111140466039204 90.6629392246051
      vertex 115 11.942793473651996 90.76384252869671
    endloop
  endfacet
  facet normal 1.2069227346669516e-18 -0.6715589548470249 -0.7409511253549531
    outer loop
      vertex 115 12.268786568327291 90.54602090672547
      vertex 115 12.414213562373096 90.41421356237309
      vertex 121 12.414213562373096 90.41421356237309
    endloop
  endfacet
  facet normal 2.2809969768756107e-19 -0.5956993044924538 -0.8032075314806298
    outer loop
      vertex 115 12.111140466039204 90.6629392246051
      vertex 115 12.268786568327291 90.54602090672547
      vertex 121 12.268786568327291 90.54602090672547
    endloop
  endfacet
  facet normal 3.1705555947340356e-19 -0.4275550934302607 -0.9039892931234534
    outer loop
      vertex 115 11.76536686473018 90.84775906502257
      vertex 115 11.942793473651996 90.76384252869671
      vertex 121 11.942793473651996 90.76384252869671
    endloop
  endfacet
  facet normal 0 -0.7409511253549662 -0.6715589548470104
    outer loop
      vertex 115 12.546020906725474 90.26878656832729
      vertex 121 12.546020906725474 90.26878656832729
      vertex 115 12.414213562373096 90.41421356237309
    endloop
  endfacet
  facet normal 0 0.5956993044924538 0.8032075314806298
    outer loop
      vertex 115 9.888859533960796 87.3370607753949
      vertex 121 9.731213431672709 87.45397909327453
      vertex 121 9.888859533960796 87.3370607753949
    endloop
  endfacet
  facet normal 0 0.8032075314806406 0.595699304492439
    outer loop
      vertex 115 9.453979093274526 87.73121343167271
      vertex 121 9.33706077539491 87.8888595339608
      vertex 121 9.453979093274526 87.73121343167271
    endloop
  endfacet
  facet normal 0 0.6715589548470249 0.7409511253549531
    outer loop
      vertex 115 9.731213431672709 87.45397909327453
      vertex 121 9.585786437626904 87.58578643762691
      vertex 121 9.731213431672709 87.45397909327453
    endloop
  endfacet
  facet normal 0 0.7409511253549662 0.6715589548470104
    outer loop
      vertex 115 9.585786437626904 87.58578643762691
      vertex 121 9.453979093274526 87.73121343167271
      vertex 121 9.585786437626904 87.58578643762691
    endloop
  endfacet
  facet normal 0 0.5141027441932117 0.857728610000278
    outer loop
      vertex 115 10.057206526348004 87.23615747130329
      vertex 121 9.888859533960796 87.3370607753949
      vertex 121 10.057206526348004 87.23615747130329
    endloop
  endfacet
  facet normal 0 0.4275550934302607 0.9039892931234534
    outer loop
      vertex 115 10.23463313526982 87.15224093497743
      vertex 121 10.057206526348004 87.23615747130329
      vertex 121 10.23463313526982 87.15224093497743
    endloop
  endfacet
  facet normal 0 0.3368898533921993 0.9415440651830282
    outer loop
      vertex 115 10.419430645491076 87.08611932853559
      vertex 121 10.23463313526982 87.15224093497743
      vertex 121 10.419430645491076 87.08611932853559
    endloop
  endfacet
  facet normal 0 0.9415440651830247 0.3368898533922096
    outer loop
      vertex 115 9.152240934977426 88.23463313526982
      vertex 121 9.086119328535583 88.41943064549108
      vertex 121 9.152240934977426 88.23463313526982
    endloop
  endfacet
  facet normal 0 0.9700312531945434 0.24298017990326629
    outer loop
      vertex 115 9.086119328535583 88.41943064549108
      vertex 121 9.03842943919354 88.60981935596774
      vertex 121 9.086119328535583 88.41943064549108
    endloop
  endfacet
  facet normal 0 0.9891765099647806 0.1467304744553641
    outer loop
      vertex 115 9.03842943919354 88.60981935596774
      vertex 121 9.009630546655606 88.80396571934088
      vertex 121 9.03842943919354 88.60981935596774
    endloop
  endfacet
  facet normal 0 0.9987954562051726 0.049067674327415635
    outer loop
      vertex 115 9.009630546655606 88.80396571934088
      vertex 121 9 89
      vertex 121 9.009630546655606 88.80396571934088
    endloop
  endfacet
  facet normal 0 0.9987954562051726 -0.049067674327415635
    outer loop
      vertex 115 9 89
      vertex 121 9.009630546655606 89.19603428065912
      vertex 121 9 89
    endloop
  endfacet
  facet normal 0 0.9891765099647806 -0.1467304744553641
    outer loop
      vertex 115 9.009630546655606 89.19603428065912
      vertex 121 9.03842943919354 89.39018064403226
      vertex 121 9.009630546655606 89.19603428065912
    endloop
  endfacet
  facet normal 0 0.9700312531945434 -0.24298017990326629
    outer loop
      vertex 115 9.03842943919354 89.39018064403226
      vertex 121 9.086119328535583 89.58056935450892
      vertex 121 9.03842943919354 89.39018064403226
    endloop
  endfacet
  facet normal 0 0.8577286100002773 0.514102744193213
    outer loop
      vertex 115 9.33706077539491 87.8888595339608
      vertex 121 9.23615747130329 88.05720652634801
      vertex 121 9.33706077539491 87.8888595339608
    endloop
  endfacet
  facet normal 0 0.9039892931234329 0.4275550934303038
    outer loop
      vertex 115 9.23615747130329 88.05720652634801
      vertex 121 9.152240934977426 88.23463313526982
      vertex 121 9.23615747130329 88.05720652634801
    endloop
  endfacet
  facet normal 0 0.9415440651830247 -0.3368898533922096
    outer loop
      vertex 115 9.086119328535583 89.58056935450892
      vertex 121 9.152240934977426 89.76536686473018
      vertex 121 9.086119328535583 89.58056935450892
    endloop
  endfacet
  facet normal 0 0.9039892931234329 -0.4275550934303038
    outer loop
      vertex 115 9.152240934977426 89.76536686473018
      vertex 121 9.23615747130329 89.94279347365199
      vertex 121 9.152240934977426 89.76536686473018
    endloop
  endfacet
  facet normal 0 0.8577286100002773 -0.514102744193213
    outer loop
      vertex 115 9.23615747130329 89.94279347365199
      vertex 121 9.33706077539491 90.1111404660392
      vertex 121 9.23615747130329 89.94279347365199
    endloop
  endfacet
  facet normal 0 0.8032075314806406 -0.595699304492439
    outer loop
      vertex 115 9.33706077539491 90.1111404660392
      vertex 121 9.453979093274526 90.26878656832729
      vertex 121 9.33706077539491 90.1111404660392
    endloop
  endfacet
  facet normal 0 0.7409511253549662 -0.6715589548470104
    outer loop
      vertex 115 9.453979093274526 90.26878656832729
      vertex 121 9.585786437626904 90.41421356237309
      vertex 121 9.453979093274526 90.26878656832729
    endloop
  endfacet
  facet normal 0 0.6715589548470249 -0.7409511253549531
    outer loop
      vertex 115 9.585786437626904 90.41421356237309
      vertex 121 9.731213431672709 90.54602090672547
      vertex 121 9.585786437626904 90.41421356237309
    endloop
  endfacet
  facet normal 0 0.5956993044924538 -0.8032075314806298
    outer loop
      vertex 115 9.731213431672709 90.54602090672547
      vertex 121 9.888859533960796 90.6629392246051
      vertex 121 9.731213431672709 90.54602090672547
    endloop
  endfacet
  facet normal 0 0.5141027441932117 -0.857728610000278
    outer loop
      vertex 115 9.888859533960796 90.6629392246051
      vertex 121 10.057206526348004 90.76384252869671
      vertex 121 9.888859533960796 90.6629392246051
    endloop
  endfacet
  facet normal 0 0.4275550934302607 -0.9039892931234534
    outer loop
      vertex 115 10.057206526348004 90.76384252869671
      vertex 121 10.23463313526982 90.84775906502257
      vertex 121 10.057206526348004 90.76384252869671
    endloop
  endfacet
  facet normal 0 0.3368898533921993 -0.9415440651830282
    outer loop
      vertex 115 10.23463313526982 90.84775906502257
      vertex 121 10.419430645491076 90.91388067146441
      vertex 121 10.23463313526982 90.84775906502257
    endloop
  endfacet
  facet normal 0 0.24298017990330883 -0.9700312531945326
    outer loop
      vertex 115 10.419430645491076 90.91388067146441
      vertex 121 10.609819355967744 90.96157056080646
      vertex 121 10.419430645491076 90.91388067146441
    endloop
  endfacet
  facet normal 0 0.24298017990330883 0.9700312531945326
    outer loop
      vertex 115 10.609819355967744 87.03842943919354
      vertex 121 10.419430645491076 87.08611932853559
      vertex 121 10.609819355967744 87.03842943919354
    endloop
  endfacet
  facet normal 0 0.14673047445537427 0.989176509964779
    outer loop
      vertex 115 10.803965719340878 87.0096305466556
      vertex 121 10.609819355967744 87.03842943919354
      vertex 121 10.803965719340878 87.0096305466556
    endloop
  endfacet
  facet normal 0 0.0490676743273881 0.998795456205174
    outer loop
      vertex 115 11 87
      vertex 121 10.803965719340878 87.0096305466556
      vertex 121 11 87
    endloop
  endfacet
  facet normal 0 -0.0490676743273881 0.998795456205174
    outer loop
      vertex 115 11.196034280659122 87.0096305466556
      vertex 121 11 87
      vertex 121 11.196034280659122 87.0096305466556
    endloop
  endfacet
  facet normal 0 -0.14673047445537427 0.989176509964779
    outer loop
      vertex 115 11.390180644032256 87.03842943919354
      vertex 121 11.196034280659122 87.0096305466556
      vertex 121 11.390180644032256 87.03842943919354
    endloop
  endfacet
  facet normal 0 -0.24298017990330883 0.9700312531945326
    outer loop
      vertex 115 11.580569354508924 87.08611932853559
      vertex 121 11.390180644032256 87.03842943919354
      vertex 121 11.580569354508924 87.08611932853559
    endloop
  endfacet
  facet normal 0 -0.3368898533921993 0.9415440651830282
    outer loop
      vertex 115 11.76536686473018 87.15224093497743
      vertex 121 11.580569354508924 87.08611932853559
      vertex 121 11.76536686473018 87.15224093497743
    endloop
  endfacet
  facet normal 0 -0.4275550934302607 0.9039892931234534
    outer loop
      vertex 115 11.942793473651996 87.23615747130329
      vertex 121 11.76536686473018 87.15224093497743
      vertex 121 11.942793473651996 87.23615747130329
    endloop
  endfacet
  facet normal 0 -0.5141027441932117 0.857728610000278
    outer loop
      vertex 115 12.111140466039204 87.3370607753949
      vertex 121 11.942793473651996 87.23615747130329
      vertex 121 12.111140466039204 87.3370607753949
    endloop
  endfacet
  facet normal 0 -0.5956993044924538 0.8032075314806298
    outer loop
      vertex 115 12.268786568327291 87.45397909327453
      vertex 121 12.111140466039204 87.3370607753949
      vertex 121 12.268786568327291 87.45397909327453
    endloop
  endfacet
  facet normal 0 -0.6715589548470249 0.7409511253549531
    outer loop
      vertex 115 12.414213562373096 87.58578643762691
      vertex 121 12.268786568327291 87.45397909327453
      vertex 121 12.414213562373096 87.58578643762691
    endloop
  endfacet
  facet normal 0 -0.7409511253549662 0.6715589548470104
    outer loop
      vertex 115 12.546020906725474 87.73121343167271
      vertex 121 12.414213562373096 87.58578643762691
      vertex 121 12.546020906725474 87.73121343167271
    endloop
  endfacet
  facet normal 0 -0.8032075314806406 0.595699304492439
    outer loop
      vertex 115 12.66293922460509 87.8888595339608
      vertex 121 12.546020906725474 87.73121343167271
      vertex 121 12.66293922460509 87.8888595339608
    endloop
  endfacet
  facet normal 0 -0.8577286100002773 0.514102744193213
    outer loop
      vertex 115 12.76384252869671 88.05720652634801
      vertex 121 12.66293922460509 87.8888595339608
      vertex 121 12.76384252869671 88.05720652634801
    endloop
  endfacet
  facet normal 0 -0.9039892931234329 0.4275550934303038
    outer loop
      vertex 115 12.847759065022574 88.23463313526982
      vertex 121 12.76384252869671 88.05720652634801
      vertex 121 12.847759065022574 88.23463313526982
    endloop
  endfacet
  facet normal 0 -0.9415440651830247 0.3368898533922096
    outer loop
      vertex 115 12.913880671464417 88.41943064549108
      vertex 121 12.847759065022574 88.23463313526982
      vertex 121 12.913880671464417 88.41943064549108
    endloop
  endfacet
  facet normal 0 -0.9700312531945434 0.24298017990326629
    outer loop
      vertex 115 12.96157056080646 88.60981935596774
      vertex 121 12.913880671464417 88.41943064549108
      vertex 121 12.96157056080646 88.60981935596774
    endloop
  endfacet
  facet normal 0 -0.9891765099647806 0.1467304744553641
    outer loop
      vertex 115 12.990369453344394 88.80396571934088
      vertex 121 12.96157056080646 88.60981935596774
      vertex 121 12.990369453344394 88.80396571934088
    endloop
  endfacet
  facet normal 0 -0.9987954562051726 0.049067674327415635
    outer loop
      vertex 115 13 89
      vertex 121 12.990369453344394 88.80396571934088
      vertex 121 13 89
    endloop
  endfacet
  facet normal 0 -0.9987954562051726 -0.049067674327415635
    outer loop
      vertex 115 12.990369453344394 89.19603428065912
      vertex 121 13 89
      vertex 121 12.990369453344394 89.19603428065912
    endloop
  endfacet
  facet normal 0 -0.9891765099647806 -0.1467304744553641
    outer loop
      vertex 115 12.96157056080646 89.39018064403226
      vertex 121 12.990369453344394 89.19603428065912
      vertex 121 12.96157056080646 89.39018064403226
    endloop
  endfacet
  facet normal 0 0.14673047445537427 -0.989176509964779
    outer loop
      vertex 115 10.609819355967744 90.96157056080646
      vertex 121 10.803965719340878 90.9903694533444
      vertex 121 10.609819355967744 90.96157056080646
    endloop
  endfacet
  facet normal 0 0.0490676743273881 -0.998795456205174
    outer loop
      vertex 115 10.803965719340878 90.9903694533444
      vertex 121 11 91
      vertex 121 10.803965719340878 90.9903694533444
    endloop
  endfacet
  facet normal 0 -0.0490676743273881 -0.998795456205174
    outer loop
      vertex 115 11 91
      vertex 121 11.196034280659122 90.9903694533444
      vertex 121 11 91
    endloop
  endfacet
  facet normal 0 -0.14673047445537427 -0.989176509964779
    outer loop
      vertex 115 11.196034280659122 90.9903694533444
      vertex 121 11.390180644032256 90.96157056080646
      vertex 121 11.196034280659122 90.9903694533444
    endloop
  endfacet
  facet normal 0 -0.24298017990330883 -0.9700312531945326
    outer loop
      vertex 115 11.390180644032256 90.96157056080646
      vertex 121 11.580569354508924 90.91388067146441
      vertex 121 11.390180644032256 90.96157056080646
    endloop
  endfacet
  facet normal 0 -0.3368898533921993 -0.9415440651830282
    outer loop
      vertex 115 11.580569354508924 90.91388067146441
      vertex 121 11.76536686473018 90.84775906502257
      vertex 121 11.580569354508924 90.91388067146441
    endloop
  endfacet
  facet normal 0 -0.9700312531945434 -0.24298017990326629
    outer loop
      vertex 115 12.913880671464417 89.58056935450892
      vertex 121 12.96157056080646 89.39018064403226
      vertex 121 12.913880671464417 89.58056935450892
    endloop
  endfacet
  facet normal 0 -0.9415440651830247 -0.3368898533922096
    outer loop
      vertex 115 12.847759065022574 89.76536686473018
      vertex 121 12.913880671464417 89.58056935450892
      vertex 121 12.847759065022574 89.76536686473018
    endloop
  endfacet
  facet normal 0 -0.9039892931234329 -0.4275550934303038
    outer loop
      vertex 115 12.76384252869671 89.94279347365199
      vertex 121 12.847759065022574 89.76536686473018
      vertex 121 12.76384252869671 89.94279347365199
    endloop
  endfacet
  facet normal 0 -0.8577286100002773 -0.514102744193213
    outer loop
      vertex 115 12.66293922460509 90.1111404660392
      vertex 121 12.76384252869671 89.94279347365199
      vertex 121 12.66293922460509 90.1111404660392
    endloop
  endfacet
  facet normal 0 -0.8032075314806406 -0.595699304492439
    outer loop
      vertex 115 12.546020906725474 90.26878656832729
      vertex 121 12.66293922460509 90.1111404660392
      vertex 121 12.546020906725474 90.26878656832729
    endloop
  endfacet
  facet normal 0 -0.7409511253549662 -0.6715589548470104
    outer loop
      vertex 115 12.414213562373096 90.41421356237309
      vertex 121 12.546020906725474 90.26878656832729
      vertex 121 12.414213562373096 90.41421356237309
    endloop
  endfacet
  facet normal 0 -0.5956993044924538 -0.8032075314806298
    outer loop
      vertex 115 12.111140466039204 90.6629392246051
      vertex 121 12.268786568327291 90.54602090672547
      vertex 121 12.111140466039204 90.6629392246051
    endloop
  endfacet
  facet normal 0 -0.6715589548470249 -0.7409511253549531
    outer loop
      vertex 115 12.268786568327291 90.54602090672547
      vertex 121 12.414213562373096 90.41421356237309
      vertex 121 12.268786568327291 90.54602090672547
    endloop
  endfacet
  facet normal 0 -0.4275550934302607 -0.9039892931234534
    outer loop
      vertex 115 11.76536686473018 90.84775906502257
      vertex 121 11.942793473651996 90.76384252869671
      vertex 121 11.76536686473018 90.84775906502257
    endloop
  endfacet
  facet normal 0 -0.5141027441932117 -0.857728610000278
    outer loop
      vertex 115 11.942793473651996 90.76384252869671
      vertex 121 12.111140466039204 90.6629392246051
      vertex 121 11.942793473651996 90.76384252869671
    endloop
  endfacet
  facet normal 1 0 0
    outer loop
      vertex 115 -11.580569354508924 98.08611932853559
      vertex 115 -11.580569354508924 101.91388067146441
      vertex 115 -11.76536686473018 98.15224093497743
    endloop
  endfacet
  facet normal 1 0 0
    outer loop
      vertex 115 -11.580569354508924 98.08611932853559
      vertex 115 -11.390180644032256 98.03842943919354
      vertex 115 -11.390180644032256 101.96157056080646
    endloop
  endfacet
  facet normal 1 0 0
    outer loop
      vertex 115 -11.390180644032256 98.03842943919354
      vertex 115 -11.196034280659122 98.0096305466556
      vertex 115 -11.196034280659122 101.9903694533444
    endloop
  endfacet
  facet normal 1 0 0
    outer loop
      vertex 115 -11.196034280659122 98.0096305466556
      vertex 115 -11 98
      vertex 115 -11 102
    endloop
  endfacet
  facet normal 1 0 0
    outer loop
      vertex 115 -11 98
      vertex 115 -10.803965719340878 98.0096305466556
      vertex 115 -10.803965719340878 101.9903694533444
    endloop
  endfacet
  facet normal 1 0 0
    outer loop
      vertex 115 -10.803965719340878 98.0096305466556
      vertex 115 -10.609819355967744 98.03842943919354
      vertex 115 -10.609819355967744 101.96157056080646
    endloop
  endfacet
  facet normal 1.2069227346669516e-18 0.6715589548470249 0.7409511253549531
    outer loop
      vertex 115 -12.268786568327291 98.45397909327453
      vertex 115 -12.414213562373096 98.58578643762691
      vertex 121 -12.414213562373096 98.58578643762691
    endloop
  endfacet
  facet normal 0 0.5956993044924538 0.8032075314806298
    outer loop
      vertex 115 -12.268786568327291 98.45397909327453
      vertex 121 -12.268786568327291 98.45397909327453
      vertex 115 -12.111140466039204 98.3370607753949
    endloop
  endfacet
  facet normal 4.186568955545349e-19 0.5141027441932117 0.857728610000278
    outer loop
      vertex 115 -11.942793473651996 98.23615747130329
      vertex 115 -12.111140466039204 98.3370607753949
      vertex 121 -12.111140466039204 98.3370607753949
    endloop
  endfacet
  facet normal 0 0.4275550934302607 0.9039892931234534
    outer loop
      vertex 115 -11.942793473651996 98.23615747130329
      vertex 121 -11.942793473651996 98.23615747130329
      vertex 115 -11.76536686473018 98.15224093497743
    endloop
  endfacet
  facet normal 0 0.7409511253549662 0.6715589548470104
    outer loop
      vertex 115 -12.546020906725474 98.73121343167271
      vertex 121 -12.546020906725474 98.73121343167271
      vertex 115 -12.414213562373096 98.58578643762691
    endloop
  endfacet
  facet normal -9.98747105442001e-19 0.8032075314806406 0.595699304492439
    outer loop
      vertex 115 -12.546020906725474 98.73121343167271
      vertex 115 -12.66293922460509 98.8888595339608
      vertex 121 -12.66293922460509 98.8888595339608
    endloop
  endfacet
  facet normal -3.772665426867574e-19 0.9039892931234329 0.4275550934303038
    outer loop
      vertex 115 -12.76384252869671 99.05720652634801
      vertex 115 -12.847759065022574 99.23463313526982
      vertex 121 -12.847759065022574 99.23463313526982
    endloop
  endfacet
  facet normal 0 0.9415440651830247 0.3368898533922096
    outer loop
      vertex 115 -12.913880671464417 99.41943064549108
      vertex 121 -12.913880671464417 99.41943064549108
      vertex 115 -12.847759065022574 99.23463313526982
    endloop
  endfacet
  facet normal -6.855428921615899e-19 0.8577286100002773 0.514102744193213
    outer loop
      vertex 115 -12.66293922460509 98.8888595339608
      vertex 115 -12.76384252869671 99.05720652634801
      vertex 121 -12.76384252869671 99.05720652634801
    endloop
  endfacet
  facet normal 7.108970786165933e-19 0.3368898533921993 0.9415440651830282
    outer loop
      vertex 115 -11.580569354508924 98.08611932853559
      vertex 115 -11.76536686473018 98.15224093497743
      vertex 121 -11.76536686473018 98.15224093497743
    endloop
  endfacet
  facet normal 0 0.24298017990330883 0.9700312531945326
    outer loop
      vertex 115 -11.580569354508924 98.08611932853559
      vertex 121 -11.580569354508924 98.08611932853559
      vertex 115 -11.390180644032256 98.03842943919354
    endloop
  endfacet
  facet normal 0 0.14673047445537427 0.989176509964779
    outer loop
      vertex 115 -11.390180644032256 98.03842943919354
      vertex 121 -11.390180644032256 98.03842943919354
      vertex 115 -11.196034280659122 98.0096305466556
    endloop
  endfacet
  facet normal 0 0.0490676743273881 0.998795456205174
    outer loop
      vertex 115 -11.196034280659122 98.0096305466556
      vertex 121 -11.196034280659122 98.0096305466556
      vertex 115 -11 98
    endloop
  endfacet
  facet normal 0 -0.0490676743273881 0.998795456205174
    outer loop
      vertex 115 -11 98
      vertex 121 -11 98
      vertex 115 -10.803965719340878 98.0096305466556
    endloop
  endfacet
  facet normal 0 -0.14673047445537427 0.989176509964779
    outer loop
      vertex 115 -10.803965719340878 98.0096305466556
      vertex 121 -10.803965719340878 98.0096305466556
      vertex 115 -10.609819355967744 98.03842943919354
    endloop
  endfacet
  facet normal 0 -0.24298017990330883 0.9700312531945326
    outer loop
      vertex 115 -10.609819355967744 98.03842943919354
      vertex 121 -10.609819355967744 98.03842943919354
      vertex 115 -10.419430645491076 98.08611932853559
    endloop
  endfacet
  facet normal 1 0 0
    outer loop
      vertex 115 -12.66293922460509 98.8888595339608
      vertex 115 -12.66293922460509 101.1111404660392
      vertex 115 -12.76384252869671 99.05720652634801
    endloop
  endfacet
  facet normal 1 0 0
    outer loop
      vertex 115 -12.76384252869671 99.05720652634801
      vertex 115 -12.76384252869671 100.94279347365199
      vertex 115 -12.847759065022574 99.23463313526982
    endloop
  endfacet
  facet normal 1 0 0
    outer loop
      vertex 115 -12.546020906725474 98.73121343167271
      vertex 115 -12.546020906725474 101.26878656832729
      vertex 115 -12.66293922460509 98.8888595339608
    endloop
  endfacet
  facet normal 1 0 0
    outer loop
      vertex 115 -12.96157056080646 99.60981935596774
      vertex 115 -12.96157056080646 100.39018064403226
      vertex 115 -12.990369453344394 99.80396571934088
    endloop
  endfacet
  facet normal 1 0 0
    outer loop
      vertex 115 -12.990369453344394 99.80396571934088
      vertex 115 -12.990369453344394 100.19603428065912
      vertex 115 -13 100
    endloop
  endfacet
  facet normal 1 0 0
    outer loop
      vertex 115 -12.913880671464417 99.41943064549108
      vertex 115 -12.913880671464417 100.58056935450892
      vertex 115 -12.96157056080646 99.60981935596774
    endloop
  endfacet
  facet normal 1 0 0
    outer loop
      vertex 115 -12.913880671464417 99.41943064549108
      vertex 115 -12.847759065022574 99.23463313526982
      vertex 115 -12.847759065022574 100.76536686473018
    endloop
  endfacet
  facet normal 1 0 0
    outer loop
      vertex 115 -12.990369453344394 99.80396571934088
      vertex 115 -12.96157056080646 100.39018064403226
      vertex 115 -12.990369453344394 100.19603428065912
    endloop
  endfacet
  facet normal 1 0 0
    outer loop
      vertex 115 -12.96157056080646 99.60981935596774
      vertex 115 -12.913880671464417 100.58056935450892
      vertex 115 -12.96157056080646 100.39018064403226
    endloop
  endfacet
  facet normal 1 0 0
    outer loop
      vertex 115 -12.546020906725474 98.73121343167271
      vertex 115 -12.414213562373096 98.58578643762691
      vertex 115 -12.414213562373096 101.41421356237309
    endloop
  endfacet
  facet normal 1 0 0
    outer loop
      vertex 115 -12.268786568327291 98.45397909327453
      vertex 115 -12.268786568327291 101.54602090672547
      vertex 115 -12.414213562373096 98.58578643762691
    endloop
  endfacet
  facet normal 1 0 0
    outer loop
      vertex 115 -12.268786568327291 98.45397909327453
      vertex 115 -12.111140466039204 98.3370607753949
      vertex 115 -12.111140466039204 101.6629392246051
    endloop
  endfacet
  facet normal 1 0 0
    outer loop
      vertex 115 -11.942793473651996 98.23615747130329
      vertex 115 -11.942793473651996 101.76384252869671
      vertex 115 -12.111140466039204 98.3370607753949
    endloop
  endfacet
  facet normal 1 0 0
    outer loop
      vertex 115 -11.942793473651996 98.23615747130329
      vertex 115 -11.76536686473018 98.15224093497743
      vertex 115 -11.76536686473018 101.84775906502257
    endloop
  endfacet
  facet normal 1 0 0
    outer loop
      vertex 115 -12.913880671464417 99.41943064549108
      vertex 115 -12.847759065022574 100.76536686473018
      vertex 115 -12.913880671464417 100.58056935450892
    endloop
  endfacet
  facet normal 1 0 0
    outer loop
      vertex 115 -12.847759065022574 99.23463313526982
      vertex 115 -12.76384252869671 100.94279347365199
      vertex 115 -12.847759065022574 100.76536686473018
    endloop
  endfacet
  facet normal 1 0 0
    outer loop
      vertex 115 -12.76384252869671 99.05720652634801
      vertex 115 -12.66293922460509 101.1111404660392
      vertex 115 -12.76384252869671 100.94279347365199
    endloop
  endfacet
  facet normal 1 0 0
    outer loop
      vertex 115 -12.66293922460509 98.8888595339608
      vertex 115 -12.546020906725474 101.26878656832729
      vertex 115 -12.66293922460509 101.1111404660392
    endloop
  endfacet
  facet normal 1 0 0
    outer loop
      vertex 115 -12.546020906725474 98.73121343167271
      vertex 115 -12.414213562373096 101.41421356237309
      vertex 115 -12.546020906725474 101.26878656832729
    endloop
  endfacet
  facet normal 1 0 0
    outer loop
      vertex 115 -12.414213562373096 98.58578643762691
      vertex 115 -12.268786568327291 101.54602090672547
      vertex 115 -12.414213562373096 101.41421356237309
    endloop
  endfacet
  facet normal 1 0 0
    outer loop
      vertex 115 -12.268786568327291 98.45397909327453
      vertex 115 -12.111140466039204 101.6629392246051
      vertex 115 -12.268786568327291 101.54602090672547
    endloop
  endfacet
  facet normal 1 0 0
    outer loop
      vertex 115 -12.111140466039204 98.3370607753949
      vertex 115 -11.942793473651996 101.76384252869671
      vertex 115 -12.111140466039204 101.6629392246051
    endloop
  endfacet
  facet normal 1 0 0
    outer loop
      vertex 115 -11.942793473651996 98.23615747130329
      vertex 115 -11.76536686473018 101.84775906502257
      vertex 115 -11.942793473651996 101.76384252869671
    endloop
  endfacet
  facet normal 1 0 0
    outer loop
      vertex 115 -11.76536686473018 98.15224093497743
      vertex 115 -11.580569354508924 101.91388067146441
      vertex 115 -11.76536686473018 101.84775906502257
    endloop
  endfacet
  facet normal 1 0 0
    outer loop
      vertex 115 -11.580569354508924 98.08611932853559
      vertex 115 -11.390180644032256 101.96157056080646
      vertex 115 -11.580569354508924 101.91388067146441
    endloop
  endfacet
  facet normal 1 0 0
    outer loop
      vertex 115 -11.390180644032256 98.03842943919354
      vertex 115 -11.196034280659122 101.9903694533444
      vertex 115 -11.390180644032256 101.96157056080646
    endloop
  endfacet
  facet normal 1 0 0
    outer loop
      vertex 115 -11.196034280659122 98.0096305466556
      vertex 115 -11 102
      vertex 115 -11.196034280659122 101.9903694533444
    endloop
  endfacet
  facet normal 1 0 0
    outer loop
      vertex 115 -11 98
      vertex 115 -10.803965719340878 101.9903694533444
      vertex 115 -11 102
    endloop
  endfacet
  facet normal 1 0 0
    outer loop
      vertex 115 -10.803965719340878 98.0096305466556
      vertex 115 -10.609819355967744 101.96157056080646
      vertex 115 -10.803965719340878 101.9903694533444
    endloop
  endfacet
  facet normal 1 0 0
    outer loop
      vertex 115 -10.609819355967744 98.03842943919354
      vertex 115 -10.419430645491076 101.91388067146441
      vertex 115 -10.609819355967744 101.96157056080646
    endloop
  endfacet
  facet normal 5.3408693543267665e-20 0.9700312531945434 0.24298017990326629
    outer loop
      vertex 115 -12.913880671464417 99.41943064549108
      vertex 115 -12.96157056080646 99.60981935596774
      vertex 121 -12.96157056080646 99.60981935596774
    endloop
  endfacet
  facet normal 1.9566972732407708e-19 0.9891765099647806 0.1467304744553641
    outer loop
      vertex 115 -12.96157056080646 99.60981935596774
      vertex 115 -12.990369453344394 99.80396571934088
      vertex 121 -12.990369453344394 99.80396571934088
    endloop
  endfacet
  facet normal -2.932427705560852e-20 0.9987954562051726 0.049067674327415635
    outer loop
      vertex 115 -12.990369453344394 99.80396571934088
      vertex 115 -13 100
      vertex 121 -13 100
    endloop
  endfacet
  facet normal 2.932427705560852e-20 0.9987954562051726 -0.049067674327415635
    outer loop
      vertex 115 -13 100
      vertex 115 -12.990369453344394 100.19603428065912
      vertex 121 -12.990369453344394 100.19603428065912
    endloop
  endfacet
  facet normal -1.9566972732407708e-19 0.9891765099647806 -0.1467304744553641
    outer loop
      vertex 115 -12.990369453344394 100.19603428065912
      vertex 115 -12.96157056080646 100.39018064403226
      vertex 121 -12.96157056080646 100.39018064403226
    endloop
  endfacet
  facet normal -5.3408693543267665e-20 0.9700312531945434 -0.24298017990326629
    outer loop
      vertex 115 -12.96157056080646 100.39018064403226
      vertex 115 -12.913880671464417 100.58056935450892
      vertex 121 -12.913880671464417 100.58056935450892
    endloop
  endfacet
  facet normal 5.888680641234555e-19 0.9415440651830247 -0.3368898533922096
    outer loop
      vertex 115 -12.913880671464417 100.58056935450892
      vertex 115 -12.847759065022574 100.76536686473018
      vertex 121 -12.847759065022574 100.76536686473018
    endloop
  endfacet
  facet normal 3.772665426867574e-19 0.9039892931234329 -0.4275550934303038
    outer loop
      vertex 115 -12.847759065022574 100.76536686473018
      vertex 115 -12.76384252869671 100.94279347365199
      vertex 121 -12.76384252869671 100.94279347365199
    endloop
  endfacet
  facet normal 6.855428921615899e-19 0.8577286100002773 -0.514102744193213
    outer loop
      vertex 115 -12.76384252869671 100.94279347365199
      vertex 115 -12.66293922460509 101.1111404660392
      vertex 121 -12.66293922460509 101.1111404660392
    endloop
  endfacet
  facet normal 9.98747105442001e-19 0.8032075314806406 -0.595699304492439
    outer loop
      vertex 115 -12.66293922460509 101.1111404660392
      vertex 115 -12.546020906725474 101.26878656832729
      vertex 121 -12.546020906725474 101.26878656832729
    endloop
  endfacet
  facet normal 4.668342222437206e-19 0.7409511253549662 -0.6715589548470104
    outer loop
      vertex 115 -12.546020906725474 101.26878656832729
      vertex 115 -12.414213562373096 101.41421356237309
      vertex 121 -12.414213562373096 101.41421356237309
    endloop
  endfacet
  facet normal -1.2069227346669516e-18 0.6715589548470249 -0.7409511253549531
    outer loop
      vertex 115 -12.414213562373096 101.41421356237309
      vertex 115 -12.268786568327291 101.54602090672547
      vertex 121 -12.268786568327291 101.54602090672547
    endloop
  endfacet
  facet normal -2.2809969768756107e-19 0.5956993044924538 -0.8032075314806298
    outer loop
      vertex 115 -12.268786568327291 101.54602090672547
      vertex 115 -12.111140466039204 101.6629392246051
      vertex 121 -12.111140466039204 101.6629392246051
    endloop
  endfacet
  facet normal -4.186568955545349e-19 0.5141027441932117 -0.857728610000278
    outer loop
      vertex 115 -12.111140466039204 101.6629392246051
      vertex 115 -11.942793473651996 101.76384252869671
      vertex 121 -11.942793473651996 101.76384252869671
    endloop
  endfacet
  facet normal -3.1705555947340356e-19 0.4275550934302607 -0.9039892931234534
    outer loop
      vertex 115 -11.942793473651996 101.76384252869671
      vertex 115 -11.76536686473018 101.84775906502257
      vertex 121 -11.76536686473018 101.84775906502257
    endloop
  endfacet
  facet normal -7.108970786165933e-19 0.3368898533921993 -0.9415440651830282
    outer loop
      vertex 115 -11.76536686473018 101.84775906502257
      vertex 115 -11.580569354508924 101.91388067146441
      vertex 121 -11.580569354508924 101.91388067146441
    endloop
  endfacet
  facet normal -3.624623655530352e-19 0.24298017990330883 -0.9700312531945326
    outer loop
      vertex 115 -11.580569354508924 101.91388067146441
      vertex 115 -11.390180644032256 101.96157056080646
      vertex 121 -11.390180644032256 101.96157056080646
    endloop
  endfacet
  facet normal 2.695408747264679e-19 0.14673047445537427 -0.989176509964779
    outer loop
      vertex 115 -11.390180644032256 101.96157056080646
      vertex 115 -11.196034280659122 101.9903694533444
      vertex 121 -11.196034280659122 101.9903694533444
    endloop
  endfacet
  facet normal 5.785704994913559e-20 0.0490676743273881 -0.998795456205174
    outer loop
      vertex 115 -11.196034280659122 101.9903694533444
      vertex 115 -11 102
      vertex 121 -11 102
    endloop
  endfacet
  facet normal -5.785704994913559e-20 -0.0490676743273881 -0.998795456205174
    outer loop
      vertex 115 -11 102
      vertex 115 -10.803965719340878 101.9903694533444
      vertex 121 -10.803965719340878 101.9903694533444
    endloop
  endfacet
  facet normal -2.695408747264679e-19 -0.14673047445537427 -0.989176509964779
    outer loop
      vertex 115 -10.803965719340878 101.9903694533444
      vertex 115 -10.609819355967744 101.96157056080646
      vertex 121 -10.609819355967744 101.96157056080646
    endloop
  endfacet
  facet normal 1 0 0
    outer loop
      vertex 115 -10.609819355967744 98.03842943919354
      vertex 115 -10.419430645491076 98.08611932853559
      vertex 115 -10.419430645491076 101.91388067146441
    endloop
  endfacet
  facet normal 1 0 0
    outer loop
      vertex 115 -10.419430645491076 98.08611932853559
      vertex 115 -10.23463313526982 98.15224093497743
      vertex 115 -10.23463313526982 101.84775906502257
    endloop
  endfacet
  facet normal 1 0 0
    outer loop
      vertex 115 -10.23463313526982 98.15224093497743
      vertex 115 -10.057206526348004 98.23615747130329
      vertex 115 -10.057206526348004 101.76384252869671
    endloop
  endfacet
  facet normal 0 -0.3368898533921993 0.9415440651830282
    outer loop
      vertex 115 -10.419430645491076 98.08611932853559
      vertex 121 -10.419430645491076 98.08611932853559
      vertex 115 -10.23463313526982 98.15224093497743
    endloop
  endfacet
  facet normal 0 -0.4275550934302607 0.9039892931234534
    outer loop
      vertex 115 -10.23463313526982 98.15224093497743
      vertex 121 -10.23463313526982 98.15224093497743
      vertex 115 -10.057206526348004 98.23615747130329
    endloop
  endfacet
  facet normal 0 -0.5141027441932117 0.857728610000278
    outer loop
      vertex 115 -10.057206526348004 98.23615747130329
      vertex 121 -10.057206526348004 98.23615747130329
      vertex 115 -9.888859533960796 98.3370607753949
    endloop
  endfacet
  facet normal 0 -0.5956993044924538 0.8032075314806298
    outer loop
      vertex 115 -9.888859533960796 98.3370607753949
      vertex 121 -9.888859533960796 98.3370607753949
      vertex 115 -9.731213431672709 98.45397909327453
    endloop
  endfacet
  facet normal 0 -0.6715589548470249 0.7409511253549531
    outer loop
      vertex 115 -9.731213431672709 98.45397909327453
      vertex 121 -9.731213431672709 98.45397909327453
      vertex 115 -9.585786437626904 98.58578643762691
    endloop
  endfacet
  facet normal 0 -0.7409511253549662 0.6715589548470104
    outer loop
      vertex 115 -9.585786437626904 98.58578643762691
      vertex 121 -9.585786437626904 98.58578643762691
      vertex 115 -9.453979093274526 98.73121343167271
    endloop
  endfacet
  facet normal 0 -0.8032075314806406 0.595699304492439
    outer loop
      vertex 115 -9.453979093274526 98.73121343167271
      vertex 121 -9.453979093274526 98.73121343167271
      vertex 115 -9.33706077539491 98.8888595339608
    endloop
  endfacet
  facet normal 0 -0.8577286100002773 0.514102744193213
    outer loop
      vertex 115 -9.33706077539491 98.8888595339608
      vertex 121 -9.33706077539491 98.8888595339608
      vertex 115 -9.23615747130329 99.05720652634801
    endloop
  endfacet
  facet normal 0 -0.9039892931234329 0.4275550934303038
    outer loop
      vertex 115 -9.23615747130329 99.05720652634801
      vertex 121 -9.23615747130329 99.05720652634801
      vertex 115 -9.152240934977426 99.23463313526982
    endloop
  endfacet
  facet normal 0 -0.9415440651830247 0.3368898533922096
    outer loop
      vertex 115 -9.152240934977426 99.23463313526982
      vertex 121 -9.152240934977426 99.23463313526982
      vertex 115 -9.086119328535583 99.41943064549108
    endloop
  endfacet
  facet normal 1 0 0
    outer loop
      vertex 115 -10.057206526348004 98.23615747130329
      vertex 115 -9.888859533960796 98.3370607753949
      vertex 115 -9.888859533960796 101.6629392246051
    endloop
  endfacet
  facet normal 1 0 0
    outer loop
      vertex 115 -9.888859533960796 98.3370607753949
      vertex 115 -9.731213431672709 98.45397909327453
      vertex 115 -9.731213431672709 101.54602090672547
    endloop
  endfacet
  facet normal 1 0 0
    outer loop
      vertex 115 -9.731213431672709 98.45397909327453
      vertex 115 -9.585786437626904 98.58578643762691
      vertex 115 -9.585786437626904 101.41421356237309
    endloop
  endfacet
  facet normal 1 0 0
    outer loop
      vertex 115 -9.585786437626904 98.58578643762691
      vertex 115 -9.453979093274526 98.73121343167271
      vertex 115 -9.453979093274526 101.26878656832729
    endloop
  endfacet
  facet normal 1 0 0
    outer loop
      vertex 115 -9.453979093274526 98.73121343167271
      vertex 115 -9.33706077539491 98.8888595339608
      vertex 115 -9.33706077539491 101.1111404660392
    endloop
  endfacet
  facet normal 1 0 0
    outer loop
      vertex 115 -9.33706077539491 98.8888595339608
      vertex 115 -9.23615747130329 99.05720652634801
      vertex 115 -9.23615747130329 100.94279347365199
    endloop
  endfacet
  facet normal 1 0 0
    outer loop
      vertex 115 -10.419430645491076 98.08611932853559
      vertex 115 -10.23463313526982 101.84775906502257
      vertex 115 -10.419430645491076 101.91388067146441
    endloop
  endfacet
  facet normal 1 0 0
    outer loop
      vertex 115 -10.23463313526982 98.15224093497743
      vertex 115 -10.057206526348004 101.76384252869671
      vertex 115 -10.23463313526982 101.84775906502257
    endloop
  endfacet
  facet normal 1 0 0
    outer loop
      vertex 115 -10.057206526348004 98.23615747130329
      vertex 115 -9.888859533960796 101.6629392246051
      vertex 115 -10.057206526348004 101.76384252869671
    endloop
  endfacet
  facet normal 1 0 0
    outer loop
      vertex 115 -9.888859533960796 98.3370607753949
      vertex 115 -9.731213431672709 101.54602090672547
      vertex 115 -9.888859533960796 101.6629392246051
    endloop
  endfacet
  facet normal 1 0 0
    outer loop
      vertex 115 -9.731213431672709 98.45397909327453
      vertex 115 -9.585786437626904 101.41421356237309
      vertex 115 -9.731213431672709 101.54602090672547
    endloop
  endfacet
  facet normal 1 0 0
    outer loop
      vertex 115 -9.585786437626904 98.58578643762691
      vertex 115 -9.453979093274526 101.26878656832729
      vertex 115 -9.585786437626904 101.41421356237309
    endloop
  endfacet
  facet normal 1 0 0
    outer loop
      vertex 115 -9.453979093274526 98.73121343167271
      vertex 115 -9.33706077539491 101.1111404660392
      vertex 115 -9.453979093274526 101.26878656832729
    endloop
  endfacet
  facet normal 1 0 0
    outer loop
      vertex 115 -9.33706077539491 98.8888595339608
      vertex 115 -9.23615747130329 100.94279347365199
      vertex 115 -9.33706077539491 101.1111404660392
    endloop
  endfacet
  facet normal 1 0 0
    outer loop
      vertex 115 -9.23615747130329 99.05720652634801
      vertex 115 -9.152240934977426 100.76536686473018
      vertex 115 -9.23615747130329 100.94279347365199
    endloop
  endfacet
  facet normal 1 0 0
    outer loop
      vertex 115 -9.23615747130329 99.05720652634801
      vertex 115 -9.152240934977426 99.23463313526982
      vertex 115 -9.152240934977426 100.76536686473018
    endloop
  endfacet
  facet normal 1 0 0
    outer loop
      vertex 115 -9.152240934977426 99.23463313526982
      vertex 115 -9.086119328535583 99.41943064549108
      vertex 115 -9.086119328535583 100.58056935450892
    endloop
  endfacet
  facet normal 1 0 0
    outer loop
      vertex 115 -9.086119328535583 99.41943064549108
      vertex 115 -9.03842943919354 99.60981935596774
      vertex 115 -9.03842943919354 100.39018064403226
    endloop
  endfacet
  facet normal 1 0 0
    outer loop
      vertex 115 -9.03842943919354 99.60981935596774
      vertex 115 -9.009630546655606 99.80396571934088
      vertex 115 -9.009630546655606 100.19603428065912
    endloop
  endfacet
  facet normal 1 0 0
    outer loop
      vertex 115 -9.009630546655606 99.80396571934088
      vertex 115 -9 100
      vertex 115 -9.009630546655606 100.19603428065912
    endloop
  endfacet
  facet normal 1 0 0
    outer loop
      vertex 115 -9.03842943919354 99.60981935596774
      vertex 115 -9.009630546655606 100.19603428065912
      vertex 115 -9.03842943919354 100.39018064403226
    endloop
  endfacet
  facet normal 1 0 0
    outer loop
      vertex 115 -9.152240934977426 99.23463313526982
      vertex 115 -9.086119328535583 100.58056935450892
      vertex 115 -9.152240934977426 100.76536686473018
    endloop
  endfacet
  facet normal 1 0 0
    outer loop
      vertex 115 -9.086119328535583 99.41943064549108
      vertex 115 -9.03842943919354 100.39018064403226
      vertex 115 -9.086119328535583 100.58056935450892
    endloop
  endfacet
  facet normal 0 -0.8577286100002773 -0.514102744193213
    outer loop
      vertex 115 -9.23615747130329 100.94279347365199
      vertex 121 -9.23615747130329 100.94279347365199
      vertex 115 -9.33706077539491 101.1111404660392
    endloop
  endfacet
  facet normal 0 -0.9700312531945434 0.24298017990326629
    outer loop
      vertex 115 -9.086119328535583 99.41943064549108
      vertex 121 -9.086119328535583 99.41943064549108
      vertex 115 -9.03842943919354 99.60981935596774
    endloop
  endfacet
  facet normal 0 -0.9891765099647806 0.1467304744553641
    outer loop
      vertex 115 -9.03842943919354 99.60981935596774
      vertex 121 -9.03842943919354 99.60981935596774
      vertex 115 -9.009630546655606 99.80396571934088
    endloop
  endfacet
  facet normal 0 -0.9987954562051726 0.049067674327415635
    outer loop
      vertex 115 -9.009630546655606 99.80396571934088
      vertex 121 -9.009630546655606 99.80396571934088
      vertex 115 -9 100
    endloop
  endfacet
  facet normal 0 -0.9987954562051726 -0.049067674327415635
    outer loop
      vertex 115 -9 100
      vertex 121 -9 100
      vertex 115 -9.009630546655606 100.19603428065912
    endloop
  endfacet
  facet normal 0 -0.9891765099647806 -0.1467304744553641
    outer loop
      vertex 115 -9.009630546655606 100.19603428065912
      vertex 121 -9.009630546655606 100.19603428065912
      vertex 115 -9.03842943919354 100.39018064403226
    endloop
  endfacet
  facet normal 0 -0.9700312531945434 -0.24298017990326629
    outer loop
      vertex 115 -9.03842943919354 100.39018064403226
      vertex 121 -9.03842943919354 100.39018064403226
      vertex 115 -9.086119328535583 100.58056935450892
    endloop
  endfacet
  facet normal 0 -0.9415440651830247 -0.3368898533922096
    outer loop
      vertex 115 -9.086119328535583 100.58056935450892
      vertex 121 -9.086119328535583 100.58056935450892
      vertex 115 -9.152240934977426 100.76536686473018
    endloop
  endfacet
  facet normal -3.772665426867574e-19 -0.9039892931234329 -0.4275550934303038
    outer loop
      vertex 115 -9.23615747130329 100.94279347365199
      vertex 115 -9.152240934977426 100.76536686473018
      vertex 121 -9.152240934977426 100.76536686473018
    endloop
  endfacet
  facet normal 3.1705555947340356e-19 -0.4275550934302607 -0.9039892931234534
    outer loop
      vertex 115 -10.23463313526982 101.84775906502257
      vertex 115 -10.057206526348004 101.76384252869671
      vertex 121 -10.057206526348004 101.76384252869671
    endloop
  endfacet
  facet normal 4.186568955545349e-19 -0.5141027441932117 -0.857728610000278
    outer loop
      vertex 115 -10.057206526348004 101.76384252869671
      vertex 115 -9.888859533960796 101.6629392246051
      vertex 121 -9.888859533960796 101.6629392246051
    endloop
  endfacet
  facet normal 0 -0.8032075314806406 -0.595699304492439
    outer loop
      vertex 115 -9.33706077539491 101.1111404660392
      vertex 121 -9.33706077539491 101.1111404660392
      vertex 115 -9.453979093274526 101.26878656832729
    endloop
  endfacet
  facet normal -4.668342222437206e-19 -0.7409511253549662 -0.6715589548470104
    outer loop
      vertex 115 -9.585786437626904 101.41421356237309
      vertex 115 -9.453979093274526 101.26878656832729
      vertex 121 -9.453979093274526 101.26878656832729
    endloop
  endfacet
  facet normal 0 -0.5956993044924538 -0.8032075314806298
    outer loop
      vertex 115 -9.731213431672709 101.54602090672547
      vertex 121 -9.731213431672709 101.54602090672547
      vertex 115 -9.888859533960796 101.6629392246051
    endloop
  endfacet
  facet normal 0 -0.6715589548470249 -0.7409511253549531
    outer loop
      vertex 115 -9.585786437626904 101.41421356237309
      vertex 121 -9.585786437626904 101.41421356237309
      vertex 115 -9.731213431672709 101.54602090672547
    endloop
  endfacet
  facet normal 3.624623655530352e-19 -0.24298017990330883 -0.9700312531945326
    outer loop
      vertex 115 -10.609819355967744 101.96157056080646
      vertex 115 -10.419430645491076 101.91388067146441
      vertex 121 -10.419430645491076 101.91388067146441
    endloop
  endfacet
  facet normal 7.108970786165933e-19 -0.3368898533921993 -0.9415440651830282
    outer loop
      vertex 115 -10.419430645491076 101.91388067146441
      vertex 115 -10.23463313526982 101.84775906502257
      vertex 121 -10.23463313526982 101.84775906502257
    endloop
  endfacet
  facet normal 0 0.6715589548470249 0.7409511253549531
    outer loop
      vertex 115 -12.268786568327291 98.45397909327453
      vertex 121 -12.414213562373096 98.58578643762691
      vertex 121 -12.268786568327291 98.45397909327453
    endloop
  endfacet
  facet normal 0 0.5956993044924538 0.8032075314806298
    outer loop
      vertex 115 -12.111140466039204 98.3370607753949
      vertex 121 -12.268786568327291 98.45397909327453
      vertex 121 -12.111140466039204 98.3370607753949
    endloop
  endfacet
  facet normal 0 0.5141027441932117 0.857728610000278
    outer loop
      vertex 115 -11.942793473651996 98.23615747130329
      vertex 121 -12.111140466039204 98.3370607753949
      vertex 121 -11.942793473651996 98.23615747130329
    endloop
  endfacet
  facet normal 0 0.4275550934302607 0.9039892931234534
    outer loop
      vertex 115 -11.76536686473018 98.15224093497743
      vertex 121 -11.942793473651996 98.23615747130329
      vertex 121 -11.76536686473018 98.15224093497743
    endloop
  endfacet
  facet normal 0 0.8577286100002773 0.514102744193213
    outer loop
      vertex 115 -12.66293922460509 98.8888595339608
      vertex 121 -12.76384252869671 99.05720652634801
      vertex 121 -12.66293922460509 98.8888595339608
    endloop
  endfacet
  facet normal 0 0.8032075314806406 0.595699304492439
    outer loop
      vertex 115 -12.546020906725474 98.73121343167271
      vertex 121 -12.66293922460509 98.8888595339608
      vertex 121 -12.546020906725474 98.73121343167271
    endloop
  endfacet
  facet normal 0 0.9415440651830247 0.3368898533922096
    outer loop
      vertex 115 -12.847759065022574 99.23463313526982
      vertex 121 -12.913880671464417 99.41943064549108
      vertex 121 -12.847759065022574 99.23463313526982
    endloop
  endfacet
  facet normal 0 0.9039892931234329 0.4275550934303038
    outer loop
      vertex 115 -12.76384252869671 99.05720652634801
      vertex 121 -12.847759065022574 99.23463313526982
      vertex 121 -12.76384252869671 99.05720652634801
    endloop
  endfacet
  facet normal 0 0.7409511253549662 0.6715589548470104
    outer loop
      vertex 115 -12.414213562373096 98.58578643762691
      vertex 121 -12.546020906725474 98.73121343167271
      vertex 121 -12.414213562373096 98.58578643762691
    endloop
  endfacet
  facet normal 0 0.3368898533921993 0.9415440651830282
    outer loop
      vertex 115 -11.580569354508924 98.08611932853559
      vertex 121 -11.76536686473018 98.15224093497743
      vertex 121 -11.580569354508924 98.08611932853559
    endloop
  endfacet
  facet normal 0 0.24298017990330883 0.9700312531945326
    outer loop
      vertex 115 -11.390180644032256 98.03842943919354
      vertex 121 -11.580569354508924 98.08611932853559
      vertex 121 -11.390180644032256 98.03842943919354
    endloop
  endfacet
  facet normal 0 0.14673047445537427 0.989176509964779
    outer loop
      vertex 115 -11.196034280659122 98.0096305466556
      vertex 121 -11.390180644032256 98.03842943919354
      vertex 121 -11.196034280659122 98.0096305466556
    endloop
  endfacet
  facet normal 0 0.0490676743273881 0.998795456205174
    outer loop
      vertex 115 -11 98
      vertex 121 -11.196034280659122 98.0096305466556
      vertex 121 -11 98
    endloop
  endfacet
  facet normal 0 -0.0490676743273881 0.998795456205174
    outer loop
      vertex 115 -10.803965719340878 98.0096305466556
      vertex 121 -11 98
      vertex 121 -10.803965719340878 98.0096305466556
    endloop
  endfacet
  facet normal 0 -0.14673047445537427 0.989176509964779
    outer loop
      vertex 115 -10.609819355967744 98.03842943919354
      vertex 121 -10.803965719340878 98.0096305466556
      vertex 121 -10.609819355967744 98.03842943919354
    endloop
  endfacet
  facet normal 0 0.9700312531945434 0.24298017990326629
    outer loop
      vertex 115 -12.913880671464417 99.41943064549108
      vertex 121 -12.96157056080646 99.60981935596774
      vertex 121 -12.913880671464417 99.41943064549108
    endloop
  endfacet
  facet normal 0 0.9891765099647806 0.1467304744553641
    outer loop
      vertex 115 -12.96157056080646 99.60981935596774
      vertex 121 -12.990369453344394 99.80396571934088
      vertex 121 -12.96157056080646 99.60981935596774
    endloop
  endfacet
  facet normal 0 0.9987954562051726 0.049067674327415635
    outer loop
      vertex 115 -12.990369453344394 99.80396571934088
      vertex 121 -13 100
      vertex 121 -12.990369453344394 99.80396571934088
    endloop
  endfacet
  facet normal 0 0.9987954562051726 -0.049067674327415635
    outer loop
      vertex 115 -13 100
      vertex 121 -12.990369453344394 100.19603428065912
      vertex 121 -13 100
    endloop
  endfacet
  facet normal 0 0.9891765099647806 -0.1467304744553641
    outer loop
      vertex 115 -12.990369453344394 100.19603428065912
      vertex 121 -12.96157056080646 100.39018064403226
      vertex 121 -12.990369453344394 100.19603428065912
    endloop
  endfacet
  facet normal 0 0.9700312531945434 -0.24298017990326629
    outer loop
      vertex 115 -12.96157056080646 100.39018064403226
      vertex 121 -12.913880671464417 100.58056935450892
      vertex 121 -12.96157056080646 100.39018064403226
    endloop
  endfacet
  facet normal 0 0.9415440651830247 -0.3368898533922096
    outer loop
      vertex 115 -12.913880671464417 100.58056935450892
      vertex 121 -12.847759065022574 100.76536686473018
      vertex 121 -12.913880671464417 100.58056935450892
    endloop
  endfacet
  facet normal 0 0.9039892931234329 -0.4275550934303038
    outer loop
      vertex 115 -12.847759065022574 100.76536686473018
      vertex 121 -12.76384252869671 100.94279347365199
      vertex 121 -12.847759065022574 100.76536686473018
    endloop
  endfacet
  facet normal 0 0.8577286100002773 -0.514102744193213
    outer loop
      vertex 115 -12.76384252869671 100.94279347365199
      vertex 121 -12.66293922460509 101.1111404660392
      vertex 121 -12.76384252869671 100.94279347365199
    endloop
  endfacet
  facet normal 0 0.8032075314806406 -0.595699304492439
    outer loop
      vertex 115 -12.66293922460509 101.1111404660392
      vertex 121 -12.546020906725474 101.26878656832729
      vertex 121 -12.66293922460509 101.1111404660392
    endloop
  endfacet
  facet normal 0 0.7409511253549662 -0.6715589548470104
    outer loop
      vertex 115 -12.546020906725474 101.26878656832729
      vertex 121 -12.414213562373096 101.41421356237309
      vertex 121 -12.546020906725474 101.26878656832729
    endloop
  endfacet
  facet normal 0 0.6715589548470249 -0.7409511253549531
    outer loop
      vertex 115 -12.414213562373096 101.41421356237309
      vertex 121 -12.268786568327291 101.54602090672547
      vertex 121 -12.414213562373096 101.41421356237309
    endloop
  endfacet
  facet normal 0 0.5956993044924538 -0.8032075314806298
    outer loop
      vertex 115 -12.268786568327291 101.54602090672547
      vertex 121 -12.111140466039204 101.6629392246051
      vertex 121 -12.268786568327291 101.54602090672547
    endloop
  endfacet
  facet normal 0 0.5141027441932117 -0.857728610000278
    outer loop
      vertex 115 -12.111140466039204 101.6629392246051
      vertex 121 -11.942793473651996 101.76384252869671
      vertex 121 -12.111140466039204 101.6629392246051
    endloop
  endfacet
  facet normal 0 0.4275550934302607 -0.9039892931234534
    outer loop
      vertex 115 -11.942793473651996 101.76384252869671
      vertex 121 -11.76536686473018 101.84775906502257
      vertex 121 -11.942793473651996 101.76384252869671
    endloop
  endfacet
  facet normal 0 0.3368898533921993 -0.9415440651830282
    outer loop
      vertex 115 -11.76536686473018 101.84775906502257
      vertex 121 -11.580569354508924 101.91388067146441
      vertex 121 -11.76536686473018 101.84775906502257
    endloop
  endfacet
  facet normal 0 0.24298017990330883 -0.9700312531945326
    outer loop
      vertex 115 -11.580569354508924 101.91388067146441
      vertex 121 -11.390180644032256 101.96157056080646
      vertex 121 -11.580569354508924 101.91388067146441
    endloop
  endfacet
  facet normal 0 0.14673047445537427 -0.989176509964779
    outer loop
      vertex 115 -11.390180644032256 101.96157056080646
      vertex 121 -11.196034280659122 101.9903694533444
      vertex 121 -11.390180644032256 101.96157056080646
    endloop
  endfacet
  facet normal 0 0.0490676743273881 -0.998795456205174
    outer loop
      vertex 115 -11.196034280659122 101.9903694533444
      vertex 121 -11 102
      vertex 121 -11.196034280659122 101.9903694533444
    endloop
  endfacet
  facet normal 0 -0.0490676743273881 -0.998795456205174
    outer loop
      vertex 115 -11 102
      vertex 121 -10.803965719340878 101.9903694533444
      vertex 121 -11 102
    endloop
  endfacet
  facet normal 0 -0.14673047445537427 -0.989176509964779
    outer loop
      vertex 115 -10.803965719340878 101.9903694533444
      vertex 121 -10.609819355967744 101.96157056080646
      vertex 121 -10.803965719340878 101.9903694533444
    endloop
  endfacet
  facet normal 0 -0.24298017990330883 -0.9700312531945326
    outer loop
      vertex 115 -10.609819355967744 101.96157056080646
      vertex 121 -10.419430645491076 101.91388067146441
      vertex 121 -10.609819355967744 101.96157056080646
    endloop
  endfacet
  facet normal 0 -0.24298017990330883 0.9700312531945326
    outer loop
      vertex 115 -10.419430645491076 98.08611932853559
      vertex 121 -10.609819355967744 98.03842943919354
      vertex 121 -10.419430645491076 98.08611932853559
    endloop
  endfacet
  facet normal 0 -0.3368898533921993 0.9415440651830282
    outer loop
      vertex 115 -10.23463313526982 98.15224093497743
      vertex 121 -10.419430645491076 98.08611932853559
      vertex 121 -10.23463313526982 98.15224093497743
    endloop
  endfacet
  facet normal 0 -0.4275550934302607 0.9039892931234534
    outer loop
      vertex 115 -10.057206526348004 98.23615747130329
      vertex 121 -10.23463313526982 98.15224093497743
      vertex 121 -10.057206526348004 98.23615747130329
    endloop
  endfacet
  facet normal 0 -0.5141027441932117 0.857728610000278
    outer loop
      vertex 115 -9.888859533960796 98.3370607753949
      vertex 121 -10.057206526348004 98.23615747130329
      vertex 121 -9.888859533960796 98.3370607753949
    endloop
  endfacet
  facet normal 0 -0.5956993044924538 0.8032075314806298
    outer loop
      vertex 115 -9.731213431672709 98.45397909327453
      vertex 121 -9.888859533960796 98.3370607753949
      vertex 121 -9.731213431672709 98.45397909327453
    endloop
  endfacet
  facet normal 0 -0.6715589548470249 0.7409511253549531
    outer loop
      vertex 115 -9.585786437626904 98.58578643762691
      vertex 121 -9.731213431672709 98.45397909327453
      vertex 121 -9.585786437626904 98.58578643762691
    endloop
  endfacet
  facet normal 0 -0.7409511253549662 0.6715589548470104
    outer loop
      vertex 115 -9.453979093274526 98.73121343167271
      vertex 121 -9.585786437626904 98.58578643762691
      vertex 121 -9.453979093274526 98.73121343167271
    endloop
  endfacet
  facet normal 0 -0.8032075314806406 0.595699304492439
    outer loop
      vertex 115 -9.33706077539491 98.8888595339608
      vertex 121 -9.453979093274526 98.73121343167271
      vertex 121 -9.33706077539491 98.8888595339608
    endloop
  endfacet
  facet normal 0 -0.8577286100002773 0.514102744193213
    outer loop
      vertex 115 -9.23615747130329 99.05720652634801
      vertex 121 -9.33706077539491 98.8888595339608
      vertex 121 -9.23615747130329 99.05720652634801
    endloop
  endfacet
  facet normal 0 -0.9039892931234329 0.4275550934303038
    outer loop
      vertex 115 -9.152240934977426 99.23463313526982
      vertex 121 -9.23615747130329 99.05720652634801
      vertex 121 -9.152240934977426 99.23463313526982
    endloop
  endfacet
  facet normal 0 -0.9415440651830247 0.3368898533922096
    outer loop
      vertex 115 -9.086119328535583 99.41943064549108
      vertex 121 -9.152240934977426 99.23463313526982
      vertex 121 -9.086119328535583 99.41943064549108
    endloop
  endfacet
  facet normal 0 -0.9039892931234329 -0.4275550934303038
    outer loop
      vertex 115 -9.23615747130329 100.94279347365199
      vertex 121 -9.152240934977426 100.76536686473018
      vertex 121 -9.23615747130329 100.94279347365199
    endloop
  endfacet
  facet normal 0 -0.9700312531945434 0.24298017990326629
    outer loop
      vertex 115 -9.03842943919354 99.60981935596774
      vertex 121 -9.086119328535583 99.41943064549108
      vertex 121 -9.03842943919354 99.60981935596774
    endloop
  endfacet
  facet normal 0 -0.9891765099647806 0.1467304744553641
    outer loop
      vertex 115 -9.009630546655606 99.80396571934088
      vertex 121 -9.03842943919354 99.60981935596774
      vertex 121 -9.009630546655606 99.80396571934088
    endloop
  endfacet
  facet normal 0 -0.9987954562051726 0.049067674327415635
    outer loop
      vertex 115 -9 100
      vertex 121 -9.009630546655606 99.80396571934088
      vertex 121 -9 100
    endloop
  endfacet
  facet normal 0 -0.9987954562051726 -0.049067674327415635
    outer loop
      vertex 115 -9.009630546655606 100.19603428065912
      vertex 121 -9 100
      vertex 121 -9.009630546655606 100.19603428065912
    endloop
  endfacet
  facet normal 0 -0.9891765099647806 -0.1467304744553641
    outer loop
      vertex 115 -9.03842943919354 100.39018064403226
      vertex 121 -9.009630546655606 100.19603428065912
      vertex 121 -9.03842943919354 100.39018064403226
    endloop
  endfacet
  facet normal 0 -0.9700312531945434 -0.24298017990326629
    outer loop
      vertex 115 -9.086119328535583 100.58056935450892
      vertex 121 -9.03842943919354 100.39018064403226
      vertex 121 -9.086119328535583 100.58056935450892
    endloop
  endfacet
  facet normal 0 -0.9415440651830247 -0.3368898533922096
    outer loop
      vertex 115 -9.152240934977426 100.76536686473018
      vertex 121 -9.086119328535583 100.58056935450892
      vertex 121 -9.152240934977426 100.76536686473018
    endloop
  endfacet
  facet normal 0 -0.4275550934302607 -0.9039892931234534
    outer loop
      vertex 115 -10.23463313526982 101.84775906502257
      vertex 121 -10.057206526348004 101.76384252869671
      vertex 121 -10.23463313526982 101.84775906502257
    endloop
  endfacet
  facet normal 0 -0.5141027441932117 -0.857728610000278
    outer loop
      vertex 115 -10.057206526348004 101.76384252869671
      vertex 121 -9.888859533960796 101.6629392246051
      vertex 121 -10.057206526348004 101.76384252869671
    endloop
  endfacet
  facet normal 0 -0.7409511253549662 -0.6715589548470104
    outer loop
      vertex 115 -9.585786437626904 101.41421356237309
      vertex 121 -9.453979093274526 101.26878656832729
      vertex 121 -9.585786437626904 101.41421356237309
    endloop
  endfacet
  facet normal 0 -0.8032075314806406 -0.595699304492439
    outer loop
      vertex 115 -9.453979093274526 101.26878656832729
      vertex 121 -9.33706077539491 101.1111404660392
      vertex 121 -9.453979093274526 101.26878656832729
    endloop
  endfacet
  facet normal 0 -0.8577286100002773 -0.514102744193213
    outer loop
      vertex 115 -9.33706077539491 101.1111404660392
      vertex 121 -9.23615747130329 100.94279347365199
      vertex 121 -9.33706077539491 101.1111404660392
    endloop
  endfacet
  facet normal 0 -0.6715589548470249 -0.7409511253549531
    outer loop
      vertex 115 -9.731213431672709 101.54602090672547
      vertex 121 -9.585786437626904 101.41421356237309
      vertex 121 -9.731213431672709 101.54602090672547
    endloop
  endfacet
  facet normal 0 -0.5956993044924538 -0.8032075314806298
    outer loop
      vertex 115 -9.888859533960796 101.6629392246051
      vertex 121 -9.731213431672709 101.54602090672547
      vertex 121 -9.888859533960796 101.6629392246051
    endloop
  endfacet
  facet normal 0 -0.3368898533921993 -0.9415440651830282
    outer loop
      vertex 115 -10.419430645491076 101.91388067146441
      vertex 121 -10.23463313526982 101.84775906502257
      vertex 121 -10.419430645491076 101.91388067146441
    endloop
  endfacet
  facet normal 1 0 0
    outer loop
      vertex 115 10.419430645491076 98.08611932853559
      vertex 115 10.419430645491076 101.91388067146441
      vertex 115 10.23463313526982 98.15224093497743
    endloop
  endfacet
  facet normal -3.772665426867574e-19 0.9039892931234329 0.4275550934303038
    outer loop
      vertex 115 9.23615747130329 99.05720652634801
      vertex 115 9.152240934977426 99.23463313526982
      vertex 121 9.152240934977426 99.23463313526982
    endloop
  endfacet
  facet normal -5.888680641234555e-19 0.9415440651830247 0.3368898533922096
    outer loop
      vertex 115 9.152240934977426 99.23463313526982
      vertex 115 9.086119328535583 99.41943064549108
      vertex 121 9.086119328535583 99.41943064549108
    endloop
  endfacet
  facet normal 1.2069227346669516e-18 0.6715589548470249 0.7409511253549531
    outer loop
      vertex 115 9.731213431672709 98.45397909327453
      vertex 115 9.585786437626904 98.58578643762691
      vertex 121 9.585786437626904 98.58578643762691
    endloop
  endfacet
  facet normal 0 0.5956993044924538 0.8032075314806298
    outer loop
      vertex 115 9.731213431672709 98.45397909327453
      vertex 121 9.731213431672709 98.45397909327453
      vertex 115 9.888859533960796 98.3370607753949
    endloop
  endfacet
  facet normal 7.108970786165933e-19 0.3368898533921993 0.9415440651830282
    outer loop
      vertex 115 10.419430645491076 98.08611932853559
      vertex 115 10.23463313526982 98.15224093497743
      vertex 121 10.23463313526982 98.15224093497743
    endloop
  endfacet
  facet normal 0 0.24298017990330883 0.9700312531945326
    outer loop
      vertex 115 10.419430645491076 98.08611932853559
      vertex 121 10.419430645491076 98.08611932853559
      vertex 115 10.609819355967744 98.03842943919354
    endloop
  endfacet
  facet normal 4.186568955545349e-19 0.5141027441932117 0.857728610000278
    outer loop
      vertex 115 10.057206526348004 98.23615747130329
      vertex 115 9.888859533960796 98.3370607753949
      vertex 121 9.888859533960796 98.3370607753949
    endloop
  endfacet
  facet normal 0 0.4275550934302607 0.9039892931234534
    outer loop
      vertex 115 10.057206526348004 98.23615747130329
      vertex 121 10.057206526348004 98.23615747130329
      vertex 115 10.23463313526982 98.15224093497743
    endloop
  endfacet
  facet normal 0 0.7409511253549662 0.6715589548470104
    outer loop
      vertex 115 9.453979093274526 98.73121343167271
      vertex 121 9.453979093274526 98.73121343167271
      vertex 115 9.585786437626904 98.58578643762691
    endloop
  endfacet
  facet normal -9.98747105442001e-19 0.8032075314806406 0.595699304492439
    outer loop
      vertex 115 9.453979093274526 98.73121343167271
      vertex 115 9.33706077539491 98.8888595339608
      vertex 121 9.33706077539491 98.8888595339608
    endloop
  endfacet
  facet normal -6.855428921615899e-19 0.8577286100002773 0.514102744193213
    outer loop
      vertex 115 9.33706077539491 98.8888595339608
      vertex 115 9.23615747130329 99.05720652634801
      vertex 121 9.23615747130329 99.05720652634801
    endloop
  endfacet
  facet normal 1 0 0
    outer loop
      vertex 115 9.009630546655606 99.80396571934088
      vertex 115 9.009630546655606 100.19603428065912
      vertex 115 9 100
    endloop
  endfacet
  facet normal 1 0 0
    outer loop
      vertex 115 9.086119328535583 99.41943064549108
      vertex 115 9.086119328535583 100.58056935450892
      vertex 115 9.03842943919354 99.60981935596774
    endloop
  endfacet
  facet normal 1 0 0
    outer loop
      vertex 115 9.152240934977426 99.23463313526982
      vertex 115 9.152240934977426 100.76536686473018
      vertex 115 9.086119328535583 99.41943064549108
    endloop
  endfacet
  facet normal 1 0 0
    outer loop
      vertex 115 9.03842943919354 99.60981935596774
      vertex 115 9.03842943919354 100.39018064403226
      vertex 115 9.009630546655606 99.80396571934088
    endloop
  endfacet
  facet normal 1 0 0
    outer loop
      vertex 115 9.009630546655606 99.80396571934088
      vertex 115 9.03842943919354 100.39018064403226
      vertex 115 9.009630546655606 100.19603428065912
    endloop
  endfacet
  facet normal 1 0 0
    outer loop
      vertex 115 9.03842943919354 99.60981935596774
      vertex 115 9.086119328535583 100.58056935450892
      vertex 115 9.03842943919354 100.39018064403226
    endloop
  endfacet
  facet normal 1 0 0
    outer loop
      vertex 115 9.086119328535583 99.41943064549108
      vertex 115 9.152240934977426 100.76536686473018
      vertex 115 9.086119328535583 100.58056935450892
    endloop
  endfacet
  facet normal 1 0 0
    outer loop
      vertex 115 9.152240934977426 99.23463313526982
      vertex 115 9.23615747130329 100.94279347365199
      vertex 115 9.152240934977426 100.76536686473018
    endloop
  endfacet
  facet normal 1 0 0
    outer loop
      vertex 115 9.33706077539491 98.8888595339608
      vertex 115 9.33706077539491 101.1111404660392
      vertex 115 9.23615747130329 99.05720652634801
    endloop
  endfacet
  facet normal 1 0 0
    outer loop
      vertex 115 9.23615747130329 99.05720652634801
      vertex 115 9.23615747130329 100.94279347365199
      vertex 115 9.152240934977426 99.23463313526982
    endloop
  endfacet
  facet normal 1 0 0
    outer loop
      vertex 115 9.453979093274526 98.73121343167271
      vertex 115 9.453979093274526 101.26878656832729
      vertex 115 9.33706077539491 98.8888595339608
    endloop
  endfacet
  facet normal 1 0 0
    outer loop
      vertex 115 9.453979093274526 98.73121343167271
      vertex 115 9.585786437626904 98.58578643762691
      vertex 115 9.585786437626904 101.41421356237309
    endloop
  endfacet
  facet normal 1 0 0
    outer loop
      vertex 115 9.731213431672709 98.45397909327453
      vertex 115 9.888859533960796 98.3370607753949
      vertex 115 9.888859533960796 101.6629392246051
    endloop
  endfacet
  facet normal 1 0 0
    outer loop
      vertex 115 9.731213431672709 98.45397909327453
      vertex 115 9.731213431672709 101.54602090672547
      vertex 115 9.585786437626904 98.58578643762691
    endloop
  endfacet
  facet normal 1 0 0
    outer loop
      vertex 115 10.057206526348004 98.23615747130329
      vertex 115 10.057206526348004 101.76384252869671
      vertex 115 9.888859533960796 98.3370607753949
    endloop
  endfacet
  facet normal 1 0 0
    outer loop
      vertex 115 10.057206526348004 98.23615747130329
      vertex 115 10.23463313526982 98.15224093497743
      vertex 115 10.23463313526982 101.84775906502257
    endloop
  endfacet
  facet normal 1 0 0
    outer loop
      vertex 115 9.23615747130329 99.05720652634801
      vertex 115 9.33706077539491 101.1111404660392
      vertex 115 9.23615747130329 100.94279347365199
    endloop
  endfacet
  facet normal 1 0 0
    outer loop
      vertex 115 9.33706077539491 98.8888595339608
      vertex 115 9.453979093274526 101.26878656832729
      vertex 115 9.33706077539491 101.1111404660392
    endloop
  endfacet
  facet normal 1 0 0
    outer loop
      vertex 115 9.453979093274526 98.73121343167271
      vertex 115 9.585786437626904 101.41421356237309
      vertex 115 9.453979093274526 101.26878656832729
    endloop
  endfacet
  facet normal 1 0 0
    outer loop
      vertex 115 9.585786437626904 98.58578643762691
      vertex 115 9.731213431672709 101.54602090672547
      vertex 115 9.585786437626904 101.41421356237309
    endloop
  endfacet
  facet normal 1 0 0
    outer loop
      vertex 115 9.731213431672709 98.45397909327453
      vertex 115 9.888859533960796 101.6629392246051
      vertex 115 9.731213431672709 101.54602090672547
    endloop
  endfacet
  facet normal 1 0 0
    outer loop
      vertex 115 9.888859533960796 98.3370607753949
      vertex 115 10.057206526348004 101.76384252869671
      vertex 115 9.888859533960796 101.6629392246051
    endloop
  endfacet
  facet normal 1 0 0
    outer loop
      vertex 115 10.057206526348004 98.23615747130329
      vertex 115 10.23463313526982 101.84775906502257
      vertex 115 10.057206526348004 101.76384252869671
    endloop
  endfacet
  facet normal 1 0 0
    outer loop
      vertex 115 10.23463313526982 98.15224093497743
      vertex 115 10.419430645491076 101.91388067146441
      vertex 115 10.23463313526982 101.84775906502257
    endloop
  endfacet
  facet normal 1 0 0
    outer loop
      vertex 115 10.419430645491076 98.08611932853559
      vertex 115 10.609819355967744 101.96157056080646
      vertex 115 10.419430645491076 101.91388067146441
    endloop
  endfacet
  facet normal 5.3408693543267665e-20 0.9700312531945434 0.24298017990326629
    outer loop
      vertex 115 9.086119328535583 99.41943064549108
      vertex 115 9.03842943919354 99.60981935596774
      vertex 121 9.03842943919354 99.60981935596774
    endloop
  endfacet
  facet normal 1.9566972732407708e-19 0.9891765099647806 0.1467304744553641
    outer loop
      vertex 115 9.03842943919354 99.60981935596774
      vertex 115 9.009630546655606 99.80396571934088
      vertex 121 9.009630546655606 99.80396571934088
    endloop
  endfacet
  facet normal -2.932427705560852e-20 0.9987954562051726 0.049067674327415635
    outer loop
      vertex 115 9.009630546655606 99.80396571934088
      vertex 115 9 100
      vertex 121 9 100
    endloop
  endfacet
  facet normal 2.932427705560852e-20 0.9987954562051726 -0.049067674327415635
    outer loop
      vertex 115 9 100
      vertex 115 9.009630546655606 100.19603428065912
      vertex 121 9.009630546655606 100.19603428065912
    endloop
  endfacet
  facet normal -1.9566972732407708e-19 0.9891765099647806 -0.1467304744553641
    outer loop
      vertex 115 9.009630546655606 100.19603428065912
      vertex 115 9.03842943919354 100.39018064403226
      vertex 121 9.03842943919354 100.39018064403226
    endloop
  endfacet
  facet normal -5.3408693543267665e-20 0.9700312531945434 -0.24298017990326629
    outer loop
      vertex 115 9.03842943919354 100.39018064403226
      vertex 115 9.086119328535583 100.58056935450892
      vertex 121 9.086119328535583 100.58056935450892
    endloop
  endfacet
  facet normal 5.888680641234555e-19 0.9415440651830247 -0.3368898533922096
    outer loop
      vertex 115 9.086119328535583 100.58056935450892
      vertex 115 9.152240934977426 100.76536686473018
      vertex 121 9.152240934977426 100.76536686473018
    endloop
  endfacet
  facet normal 3.772665426867574e-19 0.9039892931234329 -0.4275550934303038
    outer loop
      vertex 115 9.152240934977426 100.76536686473018
      vertex 115 9.23615747130329 100.94279347365199
      vertex 121 9.23615747130329 100.94279347365199
    endloop
  endfacet
  facet normal 6.855428921615899e-19 0.8577286100002773 -0.514102744193213
    outer loop
      vertex 115 9.23615747130329 100.94279347365199
      vertex 115 9.33706077539491 101.1111404660392
      vertex 121 9.33706077539491 101.1111404660392
    endloop
  endfacet
  facet normal 9.98747105442001e-19 0.8032075314806406 -0.595699304492439
    outer loop
      vertex 115 9.33706077539491 101.1111404660392
      vertex 115 9.453979093274526 101.26878656832729
      vertex 121 9.453979093274526 101.26878656832729
    endloop
  endfacet
  facet normal 4.668342222437206e-19 0.7409511253549662 -0.6715589548470104
    outer loop
      vertex 115 9.453979093274526 101.26878656832729
      vertex 115 9.585786437626904 101.41421356237309
      vertex 121 9.585786437626904 101.41421356237309
    endloop
  endfacet
  facet normal -1.2069227346669516e-18 0.6715589548470249 -0.7409511253549531
    outer loop
      vertex 115 9.585786437626904 101.41421356237309
      vertex 115 9.731213431672709 101.54602090672547
      vertex 121 9.731213431672709 101.54602090672547
    endloop
  endfacet
  facet normal -2.2809969768756107e-19 0.5956993044924538 -0.8032075314806298
    outer loop
      vertex 115 9.731213431672709 101.54602090672547
      vertex 115 9.888859533960796 101.6629392246051
      vertex 121 9.888859533960796 101.6629392246051
    endloop
  endfacet
  facet normal -4.186568955545349e-19 0.5141027441932117 -0.857728610000278
    outer loop
      vertex 115 9.888859533960796 101.6629392246051
      vertex 115 10.057206526348004 101.76384252869671
      vertex 121 10.057206526348004 101.76384252869671
    endloop
  endfacet
  facet normal -3.1705555947340356e-19 0.4275550934302607 -0.9039892931234534
    outer loop
      vertex 115 10.057206526348004 101.76384252869671
      vertex 115 10.23463313526982 101.84775906502257
      vertex 121 10.23463313526982 101.84775906502257
    endloop
  endfacet
  facet normal -7.108970786165933e-19 0.3368898533921993 -0.9415440651830282
    outer loop
      vertex 115 10.23463313526982 101.84775906502257
      vertex 115 10.419430645491076 101.91388067146441
      vertex 121 10.419430645491076 101.91388067146441
    endloop
  endfacet
  facet normal 1 0 0
    outer loop
      vertex 115 10.419430645491076 98.08611932853559
      vertex 115 10.609819355967744 98.03842943919354
      vertex 115 10.609819355967744 101.96157056080646
    endloop
  endfacet
  facet normal 1 0 0
    outer loop
      vertex 115 10.609819355967744 98.03842943919354
      vertex 115 10.803965719340878 98.0096305466556
      vertex 115 10.803965719340878 101.9903694533444
    endloop
  endfacet
  facet normal 1 0 0
    outer loop
      vertex 115 10.803965719340878 98.0096305466556
      vertex 115 11 98
      vertex 115 11 102
    endloop
  endfacet
  facet normal 1 0 0
    outer loop
      vertex 115 11 98
      vertex 115 11.196034280659122 98.0096305466556
      vertex 115 11.196034280659122 101.9903694533444
    endloop
  endfacet
  facet normal 1 0 0
    outer loop
      vertex 115 11.196034280659122 98.0096305466556
      vertex 115 11.390180644032256 98.03842943919354
      vertex 115 11.390180644032256 101.96157056080646
    endloop
  endfacet
  facet normal 1 0 0
    outer loop
      vertex 115 11.390180644032256 98.03842943919354
      vertex 115 11.580569354508924 98.08611932853559
      vertex 115 11.580569354508924 101.91388067146441
    endloop
  endfacet
  facet normal 1 0 0
    outer loop
      vertex 115 11.580569354508924 98.08611932853559
      vertex 115 11.76536686473018 98.15224093497743
      vertex 115 11.76536686473018 101.84775906502257
    endloop
  endfacet
  facet normal 1 0 0
    outer loop
      vertex 115 11.76536686473018 98.15224093497743
      vertex 115 11.942793473651996 98.23615747130329
      vertex 115 11.942793473651996 101.76384252869671
    endloop
  endfacet
  facet normal 0 0.14673047445537427 0.989176509964779
    outer loop
      vertex 115 10.609819355967744 98.03842943919354
      vertex 121 10.609819355967744 98.03842943919354
      vertex 115 10.803965719340878 98.0096305466556
    endloop
  endfacet
  facet normal 0 0.0490676743273881 0.998795456205174
    outer loop
      vertex 115 10.803965719340878 98.0096305466556
      vertex 121 10.803965719340878 98.0096305466556
      vertex 115 11 98
    endloop
  endfacet
  facet normal 0 -0.0490676743273881 0.998795456205174
    outer loop
      vertex 115 11 98
      vertex 121 11 98
      vertex 115 11.196034280659122 98.0096305466556
    endloop
  endfacet
  facet normal 0 -0.14673047445537427 0.989176509964779
    outer loop
      vertex 115 11.196034280659122 98.0096305466556
      vertex 121 11.196034280659122 98.0096305466556
      vertex 115 11.390180644032256 98.03842943919354
    endloop
  endfacet
  facet normal 0 -0.24298017990330883 0.9700312531945326
    outer loop
      vertex 115 11.390180644032256 98.03842943919354
      vertex 121 11.390180644032256 98.03842943919354
      vertex 115 11.580569354508924 98.08611932853559
    endloop
  endfacet
  facet normal 0 -0.3368898533921993 0.9415440651830282
    outer loop
      vertex 115 11.580569354508924 98.08611932853559
      vertex 121 11.580569354508924 98.08611932853559
      vertex 115 11.76536686473018 98.15224093497743
    endloop
  endfacet
  facet normal 0 -0.4275550934302607 0.9039892931234534
    outer loop
      vertex 115 11.76536686473018 98.15224093497743
      vertex 121 11.76536686473018 98.15224093497743
      vertex 115 11.942793473651996 98.23615747130329
    endloop
  endfacet
  facet normal 0 -0.5141027441932117 0.857728610000278
    outer loop
      vertex 115 11.942793473651996 98.23615747130329
      vertex 121 11.942793473651996 98.23615747130329
      vertex 115 12.111140466039204 98.3370607753949
    endloop
  endfacet
  facet normal 0 -0.5956993044924538 0.8032075314806298
    outer loop
      vertex 115 12.111140466039204 98.3370607753949
      vertex 121 12.111140466039204 98.3370607753949
      vertex 115 12.268786568327291 98.45397909327453
    endloop
  endfacet
  facet normal 0 -0.6715589548470249 0.7409511253549531
    outer loop
      vertex 115 12.268786568327291 98.45397909327453
      vertex 121 12.268786568327291 98.45397909327453
      vertex 115 12.414213562373096 98.58578643762691
    endloop
  endfacet
  facet normal 0 -0.7409511253549662 0.6715589548470104
    outer loop
      vertex 115 12.414213562373096 98.58578643762691
      vertex 121 12.414213562373096 98.58578643762691
      vertex 115 12.546020906725474 98.73121343167271
    endloop
  endfacet
  facet normal 0 -0.8032075314806406 0.595699304492439
    outer loop
      vertex 115 12.546020906725474 98.73121343167271
      vertex 121 12.546020906725474 98.73121343167271
      vertex 115 12.66293922460509 98.8888595339608
    endloop
  endfacet
  facet normal 0 -0.8577286100002773 0.514102744193213
    outer loop
      vertex 115 12.66293922460509 98.8888595339608
      vertex 121 12.66293922460509 98.8888595339608
      vertex 115 12.76384252869671 99.05720652634801
    endloop
  endfacet
  facet normal 0 -0.9039892931234329 0.4275550934303038
    outer loop
      vertex 115 12.76384252869671 99.05720652634801
      vertex 121 12.76384252869671 99.05720652634801
      vertex 115 12.847759065022574 99.23463313526982
    endloop
  endfacet
  facet normal 0 -0.9415440651830247 0.3368898533922096
    outer loop
      vertex 115 12.847759065022574 99.23463313526982
      vertex 121 12.847759065022574 99.23463313526982
      vertex 115 12.913880671464417 99.41943064549108
    endloop
  endfacet
  facet normal 1 0 0
    outer loop
      vertex 115 10.609819355967744 98.03842943919354
      vertex 115 10.803965719340878 101.9903694533444
      vertex 115 10.609819355967744 101.96157056080646
    endloop
  endfacet
  facet normal 1 0 0
    outer loop
      vertex 115 10.803965719340878 98.0096305466556
      vertex 115 11 102
      vertex 115 10.803965719340878 101.9903694533444
    endloop
  endfacet
  facet normal 1 0 0
    outer loop
      vertex 115 11 98
      vertex 115 11.196034280659122 101.9903694533444
      vertex 115 11 102
    endloop
  endfacet
  facet normal 1 0 0
    outer loop
      vertex 115 11.580569354508924 98.08611932853559
      vertex 115 11.76536686473018 101.84775906502257
      vertex 115 11.580569354508924 101.91388067146441
    endloop
  endfacet
  facet normal 1 0 0
    outer loop
      vertex 115 11.196034280659122 98.0096305466556
      vertex 115 11.390180644032256 101.96157056080646
      vertex 115 11.196034280659122 101.9903694533444
    endloop
  endfacet
  facet normal 1 0 0
    outer loop
      vertex 115 11.390180644032256 98.03842943919354
      vertex 115 11.580569354508924 101.91388067146441
      vertex 115 11.390180644032256 101.96157056080646
    endloop
  endfacet
  facet normal 1 0 0
    outer loop
      vertex 115 11.942793473651996 98.23615747130329
      vertex 115 12.111140466039204 98.3370607753949
      vertex 115 12.111140466039204 101.6629392246051
    endloop
  endfacet
  facet normal 1 0 0
    outer loop
      vertex 115 12.111140466039204 98.3370607753949
      vertex 115 12.268786568327291 98.45397909327453
      vertex 115 12.268786568327291 101.54602090672547
    endloop
  endfacet
  facet normal 1 0 0
    outer loop
      vertex 115 12.268786568327291 98.45397909327453
      vertex 115 12.414213562373096 98.58578643762691
      vertex 115 12.414213562373096 101.41421356237309
    endloop
  endfacet
  facet normal 1 0 0
    outer loop
      vertex 115 12.414213562373096 98.58578643762691
      vertex 115 12.546020906725474 98.73121343167271
      vertex 115 12.546020906725474 101.26878656832729
    endloop
  endfacet
  facet normal 1 0 0
    outer loop
      vertex 115 12.546020906725474 98.73121343167271
      vertex 115 12.66293922460509 98.8888595339608
      vertex 115 12.66293922460509 101.1111404660392
    endloop
  endfacet
  facet normal 1 0 0
    outer loop
      vertex 115 12.66293922460509 98.8888595339608
      vertex 115 12.76384252869671 99.05720652634801
      vertex 115 12.76384252869671 100.94279347365199
    endloop
  endfacet
  facet normal 1 0 0
    outer loop
      vertex 115 12.76384252869671 99.05720652634801
      vertex 115 12.847759065022574 99.23463313526982
      vertex 115 12.847759065022574 100.76536686473018
    endloop
  endfacet
  facet normal 1 0 0
    outer loop
      vertex 115 12.847759065022574 99.23463313526982
      vertex 115 12.913880671464417 99.41943064549108
      vertex 115 12.913880671464417 100.58056935450892
    endloop
  endfacet
  facet normal 1 0 0
    outer loop
      vertex 115 12.913880671464417 99.41943064549108
      vertex 115 12.96157056080646 99.60981935596774
      vertex 115 12.96157056080646 100.39018064403226
    endloop
  endfacet
  facet normal 1 0 0
    outer loop
      vertex 115 12.96157056080646 99.60981935596774
      vertex 115 12.990369453344394 99.80396571934088
      vertex 115 12.990369453344394 100.19603428065912
    endloop
  endfacet
  facet normal 1 0 0
    outer loop
      vertex 115 12.990369453344394 99.80396571934088
      vertex 115 13 100
      vertex 115 12.990369453344394 100.19603428065912
    endloop
  endfacet
  facet normal 1 0 0
    outer loop
      vertex 115 12.847759065022574 99.23463313526982
      vertex 115 12.913880671464417 100.58056935450892
      vertex 115 12.847759065022574 100.76536686473018
    endloop
  endfacet
  facet normal 1 0 0
    outer loop
      vertex 115 12.913880671464417 99.41943064549108
      vertex 115 12.96157056080646 100.39018064403226
      vertex 115 12.913880671464417 100.58056935450892
    endloop
  endfacet
  facet normal 1 0 0
    outer loop
      vertex 115 12.96157056080646 99.60981935596774
      vertex 115 12.990369453344394 100.19603428065912
      vertex 115 12.96157056080646 100.39018064403226
    endloop
  endfacet
  facet normal 1 0 0
    outer loop
      vertex 115 11.76536686473018 98.15224093497743
      vertex 115 11.942793473651996 101.76384252869671
      vertex 115 11.76536686473018 101.84775906502257
    endloop
  endfacet
  facet normal 1 0 0
    outer loop
      vertex 115 11.942793473651996 98.23615747130329
      vertex 115 12.111140466039204 101.6629392246051
      vertex 115 11.942793473651996 101.76384252869671
    endloop
  endfacet
  facet normal 1 0 0
    outer loop
      vertex 115 12.111140466039204 98.3370607753949
      vertex 115 12.268786568327291 101.54602090672547
      vertex 115 12.111140466039204 101.6629392246051
    endloop
  endfacet
  facet normal 1 0 0
    outer loop
      vertex 115 12.268786568327291 98.45397909327453
      vertex 115 12.414213562373096 101.41421356237309
      vertex 115 12.268786568327291 101.54602090672547
    endloop
  endfacet
  facet normal 1 0 0
    outer loop
      vertex 115 12.414213562373096 98.58578643762691
      vertex 115 12.546020906725474 101.26878656832729
      vertex 115 12.414213562373096 101.41421356237309
    endloop
  endfacet
  facet normal 1 0 0
    outer loop
      vertex 115 12.546020906725474 98.73121343167271
      vertex 115 12.66293922460509 101.1111404660392
      vertex 115 12.546020906725474 101.26878656832729
    endloop
  endfacet
  facet normal 1 0 0
    outer loop
      vertex 115 12.66293922460509 98.8888595339608
      vertex 115 12.76384252869671 100.94279347365199
      vertex 115 12.66293922460509 101.1111404660392
    endloop
  endfacet
  facet normal 1 0 0
    outer loop
      vertex 115 12.76384252869671 99.05720652634801
      vertex 115 12.847759065022574 100.76536686473018
      vertex 115 12.76384252869671 100.94279347365199
    endloop
  endfacet
  facet normal 0 -0.9700312531945434 0.24298017990326629
    outer loop
      vertex 115 12.913880671464417 99.41943064549108
      vertex 121 12.913880671464417 99.41943064549108
      vertex 115 12.96157056080646 99.60981935596774
    endloop
  endfacet
  facet normal 0 -0.9891765099647806 0.1467304744553641
    outer loop
      vertex 115 12.96157056080646 99.60981935596774
      vertex 121 12.96157056080646 99.60981935596774
      vertex 115 12.990369453344394 99.80396571934088
    endloop
  endfacet
  facet normal 0 -0.9987954562051726 0.049067674327415635
    outer loop
      vertex 115 12.990369453344394 99.80396571934088
      vertex 121 12.990369453344394 99.80396571934088
      vertex 115 13 100
    endloop
  endfacet
  facet normal 0 -0.9987954562051726 -0.049067674327415635
    outer loop
      vertex 115 13 100
      vertex 121 13 100
      vertex 115 12.990369453344394 100.19603428065912
    endloop
  endfacet
  facet normal 0 -0.9891765099647806 -0.1467304744553641
    outer loop
      vertex 115 12.990369453344394 100.19603428065912
      vertex 121 12.990369453344394 100.19603428065912
      vertex 115 12.96157056080646 100.39018064403226
    endloop
  endfacet
  facet normal 0 -0.9700312531945434 -0.24298017990326629
    outer loop
      vertex 115 12.96157056080646 100.39018064403226
      vertex 121 12.96157056080646 100.39018064403226
      vertex 115 12.913880671464417 100.58056935450892
    endloop
  endfacet
  facet normal 0 -0.8577286100002773 -0.514102744193213
    outer loop
      vertex 115 12.76384252869671 100.94279347365199
      vertex 121 12.76384252869671 100.94279347365199
      vertex 115 12.66293922460509 101.1111404660392
    endloop
  endfacet
  facet normal 0 -0.9415440651830247 -0.3368898533922096
    outer loop
      vertex 115 12.913880671464417 100.58056935450892
      vertex 121 12.913880671464417 100.58056935450892
      vertex 115 12.847759065022574 100.76536686473018
    endloop
  endfacet
  facet normal 0 -0.9039892931234329 -0.4275550934303038
    outer loop
      vertex 115 12.847759065022574 100.76536686473018
      vertex 121 12.847759065022574 100.76536686473018
      vertex 115 12.76384252869671 100.94279347365199
    endloop
  endfacet
  facet normal -3.624623655530352e-19 0.24298017990330883 -0.9700312531945326
    outer loop
      vertex 115 10.419430645491076 101.91388067146441
      vertex 115 10.609819355967744 101.96157056080646
      vertex 121 10.609819355967744 101.96157056080646
    endloop
  endfacet
  facet normal 2.695408747264679e-19 0.14673047445537427 -0.989176509964779
    outer loop
      vertex 115 10.609819355967744 101.96157056080646
      vertex 115 10.803965719340878 101.9903694533444
      vertex 121 10.803965719340878 101.9903694533444
    endloop
  endfacet
  facet normal 5.785704994913559e-20 0.0490676743273881 -0.998795456205174
    outer loop
      vertex 115 10.803965719340878 101.9903694533444
      vertex 115 11 102
      vertex 121 11 102
    endloop
  endfacet
  facet normal -5.785704994913559e-20 -0.0490676743273881 -0.998795456205174
    outer loop
      vertex 115 11 102
      vertex 115 11.196034280659122 101.9903694533444
      vertex 121 11.196034280659122 101.9903694533444
    endloop
  endfacet
  facet normal -2.695408747264679e-19 -0.14673047445537427 -0.989176509964779
    outer loop
      vertex 115 11.196034280659122 101.9903694533444
      vertex 115 11.390180644032256 101.96157056080646
      vertex 121 11.390180644032256 101.96157056080646
    endloop
  endfacet
  facet normal 3.624623655530352e-19 -0.24298017990330883 -0.9700312531945326
    outer loop
      vertex 115 11.390180644032256 101.96157056080646
      vertex 115 11.580569354508924 101.91388067146441
      vertex 121 11.580569354508924 101.91388067146441
    endloop
  endfacet
  facet normal 7.108970786165933e-19 -0.3368898533921993 -0.9415440651830282
    outer loop
      vertex 115 11.580569354508924 101.91388067146441
      vertex 115 11.76536686473018 101.84775906502257
      vertex 121 11.76536686473018 101.84775906502257
    endloop
  endfacet
  facet normal 3.1705555947340356e-19 -0.4275550934302607 -0.9039892931234534
    outer loop
      vertex 115 11.76536686473018 101.84775906502257
      vertex 115 11.942793473651996 101.76384252869671
      vertex 121 11.942793473651996 101.76384252869671
    endloop
  endfacet
  facet normal 4.186568955545349e-19 -0.5141027441932117 -0.857728610000278
    outer loop
      vertex 115 11.942793473651996 101.76384252869671
      vertex 115 12.111140466039204 101.6629392246051
      vertex 121 12.111140466039204 101.6629392246051
    endloop
  endfacet
  facet normal 2.2809969768756107e-19 -0.5956993044924538 -0.8032075314806298
    outer loop
      vertex 115 12.111140466039204 101.6629392246051
      vertex 115 12.268786568327291 101.54602090672547
      vertex 121 12.268786568327291 101.54602090672547
    endloop
  endfacet
  facet normal 0 -0.6715589548470249 -0.7409511253549531
    outer loop
      vertex 115 12.414213562373096 101.41421356237309
      vertex 121 12.414213562373096 101.41421356237309
      vertex 115 12.268786568327291 101.54602090672547
    endloop
  endfacet
  facet normal 0 -0.8032075314806406 -0.595699304492439
    outer loop
      vertex 115 12.66293922460509 101.1111404660392
      vertex 121 12.66293922460509 101.1111404660392
      vertex 115 12.546020906725474 101.26878656832729
    endloop
  endfacet
  facet normal 0 -0.7409511253549662 -0.6715589548470104
    outer loop
      vertex 115 12.546020906725474 101.26878656832729
      vertex 121 12.546020906725474 101.26878656832729
      vertex 115 12.414213562373096 101.41421356237309
    endloop
  endfacet
  facet normal 0 0.9415440651830247 0.3368898533922096
    outer loop
      vertex 115 9.152240934977426 99.23463313526982
      vertex 121 9.086119328535583 99.41943064549108
      vertex 121 9.152240934977426 99.23463313526982
    endloop
  endfacet
  facet normal 0 0.5956993044924538 0.8032075314806298
    outer loop
      vertex 115 9.888859533960796 98.3370607753949
      vertex 121 9.731213431672709 98.45397909327453
      vertex 121 9.888859533960796 98.3370607753949
    endloop
  endfacet
  facet normal 0 0.6715589548470249 0.7409511253549531
    outer loop
      vertex 115 9.731213431672709 98.45397909327453
      vertex 121 9.585786437626904 98.58578643762691
      vertex 121 9.731213431672709 98.45397909327453
    endloop
  endfacet
  facet normal 0 0.3368898533921993 0.9415440651830282
    outer loop
      vertex 115 10.419430645491076 98.08611932853559
      vertex 121 10.23463313526982 98.15224093497743
      vertex 121 10.419430645491076 98.08611932853559
    endloop
  endfacet
  facet normal 0 0.5141027441932117 0.857728610000278
    outer loop
      vertex 115 10.057206526348004 98.23615747130329
      vertex 121 9.888859533960796 98.3370607753949
      vertex 121 10.057206526348004 98.23615747130329
    endloop
  endfacet
  facet normal 0 0.4275550934302607 0.9039892931234534
    outer loop
      vertex 115 10.23463313526982 98.15224093497743
      vertex 121 10.057206526348004 98.23615747130329
      vertex 121 10.23463313526982 98.15224093497743
    endloop
  endfacet
  facet normal 0 0.8577286100002773 0.514102744193213
    outer loop
      vertex 115 9.33706077539491 98.8888595339608
      vertex 121 9.23615747130329 99.05720652634801
      vertex 121 9.33706077539491 98.8888595339608
    endloop
  endfacet
  facet normal 0 0.8032075314806406 0.595699304492439
    outer loop
      vertex 115 9.453979093274526 98.73121343167271
      vertex 121 9.33706077539491 98.8888595339608
      vertex 121 9.453979093274526 98.73121343167271
    endloop
  endfacet
  facet normal 0 0.7409511253549662 0.6715589548470104
    outer loop
      vertex 115 9.585786437626904 98.58578643762691
      vertex 121 9.453979093274526 98.73121343167271
      vertex 121 9.585786437626904 98.58578643762691
    endloop
  endfacet
  facet normal 0 0.9039892931234329 0.4275550934303038
    outer loop
      vertex 115 9.23615747130329 99.05720652634801
      vertex 121 9.152240934977426 99.23463313526982
      vertex 121 9.23615747130329 99.05720652634801
    endloop
  endfacet
  facet normal 0 0.9700312531945434 0.24298017990326629
    outer loop
      vertex 115 9.086119328535583 99.41943064549108
      vertex 121 9.03842943919354 99.60981935596774
      vertex 121 9.086119328535583 99.41943064549108
    endloop
  endfacet
  facet normal 0 0.9891765099647806 0.1467304744553641
    outer loop
      vertex 115 9.03842943919354 99.60981935596774
      vertex 121 9.009630546655606 99.80396571934088
      vertex 121 9.03842943919354 99.60981935596774
    endloop
  endfacet
  facet normal 0 0.9987954562051726 0.049067674327415635
    outer loop
      vertex 115 9.009630546655606 99.80396571934088
      vertex 121 9 100
      vertex 121 9.009630546655606 99.80396571934088
    endloop
  endfacet
  facet normal 0 0.9987954562051726 -0.049067674327415635
    outer loop
      vertex 115 9 100
      vertex 121 9.009630546655606 100.19603428065912
      vertex 121 9 100
    endloop
  endfacet
  facet normal 0 0.9891765099647806 -0.1467304744553641
    outer loop
      vertex 115 9.009630546655606 100.19603428065912
      vertex 121 9.03842943919354 100.39018064403226
      vertex 121 9.009630546655606 100.19603428065912
    endloop
  endfacet
  facet normal 0 0.9700312531945434 -0.24298017990326629
    outer loop
      vertex 115 9.03842943919354 100.39018064403226
      vertex 121 9.086119328535583 100.58056935450892
      vertex 121 9.03842943919354 100.39018064403226
    endloop
  endfacet
  facet normal 0 0.9415440651830247 -0.3368898533922096
    outer loop
      vertex 115 9.086119328535583 100.58056935450892
      vertex 121 9.152240934977426 100.76536686473018
      vertex 121 9.086119328535583 100.58056935450892
    endloop
  endfacet
  facet normal 0 0.9039892931234329 -0.4275550934303038
    outer loop
      vertex 115 9.152240934977426 100.76536686473018
      vertex 121 9.23615747130329 100.94279347365199
      vertex 121 9.152240934977426 100.76536686473018
    endloop
  endfacet
  facet normal 0 0.8577286100002773 -0.514102744193213
    outer loop
      vertex 115 9.23615747130329 100.94279347365199
      vertex 121 9.33706077539491 101.1111404660392
      vertex 121 9.23615747130329 100.94279347365199
    endloop
  endfacet
  facet normal 0 0.8032075314806406 -0.595699304492439
    outer loop
      vertex 115 9.33706077539491 101.1111404660392
      vertex 121 9.453979093274526 101.26878656832729
      vertex 121 9.33706077539491 101.1111404660392
    endloop
  endfacet
  facet normal 0 0.7409511253549662 -0.6715589548470104
    outer loop
      vertex 115 9.453979093274526 101.26878656832729
      vertex 121 9.585786437626904 101.41421356237309
      vertex 121 9.453979093274526 101.26878656832729
    endloop
  endfacet
  facet normal 0 0.6715589548470249 -0.7409511253549531
    outer loop
      vertex 115 9.585786437626904 101.41421356237309
      vertex 121 9.731213431672709 101.54602090672547
      vertex 121 9.585786437626904 101.41421356237309
    endloop
  endfacet
  facet normal 0 0.5956993044924538 -0.8032075314806298
    outer loop
      vertex 115 9.731213431672709 101.54602090672547
      vertex 121 9.888859533960796 101.6629392246051
      vertex 121 9.731213431672709 101.54602090672547
    endloop
  endfacet
  facet normal 0 0.5141027441932117 -0.857728610000278
    outer loop
      vertex 115 9.888859533960796 101.6629392246051
      vertex 121 10.057206526348004 101.76384252869671
      vertex 121 9.888859533960796 101.6629392246051
    endloop
  endfacet
  facet normal 0 0.4275550934302607 -0.9039892931234534
    outer loop
      vertex 115 10.057206526348004 101.76384252869671
      vertex 121 10.23463313526982 101.84775906502257
      vertex 121 10.057206526348004 101.76384252869671
    endloop
  endfacet
  facet normal 0 0.3368898533921993 -0.9415440651830282
    outer loop
      vertex 115 10.23463313526982 101.84775906502257
      vertex 121 10.419430645491076 101.91388067146441
      vertex 121 10.23463313526982 101.84775906502257
    endloop
  endfacet
  facet normal 0 0.24298017990330883 -0.9700312531945326
    outer loop
      vertex 115 10.419430645491076 101.91388067146441
      vertex 121 10.609819355967744 101.96157056080646
      vertex 121 10.419430645491076 101.91388067146441
    endloop
  endfacet
  facet normal 0 0.24298017990330883 0.9700312531945326
    outer loop
      vertex 115 10.609819355967744 98.03842943919354
      vertex 121 10.419430645491076 98.08611932853559
      vertex 121 10.609819355967744 98.03842943919354
    endloop
  endfacet
  facet normal 0 0.14673047445537427 0.989176509964779
    outer loop
      vertex 115 10.803965719340878 98.0096305466556
      vertex 121 10.609819355967744 98.03842943919354
      vertex 121 10.803965719340878 98.0096305466556
    endloop
  endfacet
  facet normal 0 0.0490676743273881 0.998795456205174
    outer loop
      vertex 115 11 98
      vertex 121 10.803965719340878 98.0096305466556
      vertex 121 11 98
    endloop
  endfacet
  facet normal 0 -0.0490676743273881 0.998795456205174
    outer loop
      vertex 115 11.196034280659122 98.0096305466556
      vertex 121 11 98
      vertex 121 11.196034280659122 98.0096305466556
    endloop
  endfacet
  facet normal 0 -0.14673047445537427 0.989176509964779
    outer loop
      vertex 115 11.390180644032256 98.03842943919354
      vertex 121 11.196034280659122 98.0096305466556
      vertex 121 11.390180644032256 98.03842943919354
    endloop
  endfacet
  facet normal 0 -0.24298017990330883 0.9700312531945326
    outer loop
      vertex 115 11.580569354508924 98.08611932853559
      vertex 121 11.390180644032256 98.03842943919354
      vertex 121 11.580569354508924 98.08611932853559
    endloop
  endfacet
  facet normal 0 -0.3368898533921993 0.9415440651830282
    outer loop
      vertex 115 11.76536686473018 98.15224093497743
      vertex 121 11.580569354508924 98.08611932853559
      vertex 121 11.76536686473018 98.15224093497743
    endloop
  endfacet
  facet normal 0 -0.4275550934302607 0.9039892931234534
    outer loop
      vertex 115 11.942793473651996 98.23615747130329
      vertex 121 11.76536686473018 98.15224093497743
      vertex 121 11.942793473651996 98.23615747130329
    endloop
  endfacet
  facet normal 0 -0.5141027441932117 0.857728610000278
    outer loop
      vertex 115 12.111140466039204 98.3370607753949
      vertex 121 11.942793473651996 98.23615747130329
      vertex 121 12.111140466039204 98.3370607753949
    endloop
  endfacet
  facet normal 0 -0.5956993044924538 0.8032075314806298
    outer loop
      vertex 115 12.268786568327291 98.45397909327453
      vertex 121 12.111140466039204 98.3370607753949
      vertex 121 12.268786568327291 98.45397909327453
    endloop
  endfacet
  facet normal 0 -0.6715589548470249 0.7409511253549531
    outer loop
      vertex 115 12.414213562373096 98.58578643762691
      vertex 121 12.268786568327291 98.45397909327453
      vertex 121 12.414213562373096 98.58578643762691
    endloop
  endfacet
  facet normal 0 -0.7409511253549662 0.6715589548470104
    outer loop
      vertex 115 12.546020906725474 98.73121343167271
      vertex 121 12.414213562373096 98.58578643762691
      vertex 121 12.546020906725474 98.73121343167271
    endloop
  endfacet
  facet normal 0 -0.8032075314806406 0.595699304492439
    outer loop
      vertex 115 12.66293922460509 98.8888595339608
      vertex 121 12.546020906725474 98.73121343167271
      vertex 121 12.66293922460509 98.8888595339608
    endloop
  endfacet
  facet normal 0 -0.8577286100002773 0.514102744193213
    outer loop
      vertex 115 12.76384252869671 99.05720652634801
      vertex 121 12.66293922460509 98.8888595339608
      vertex 121 12.76384252869671 99.05720652634801
    endloop
  endfacet
  facet normal 0 -0.9039892931234329 0.4275550934303038
    outer loop
      vertex 115 12.847759065022574 99.23463313526982
      vertex 121 12.76384252869671 99.05720652634801
      vertex 121 12.847759065022574 99.23463313526982
    endloop
  endfacet
  facet normal 0 -0.9415440651830247 0.3368898533922096
    outer loop
      vertex 115 12.913880671464417 99.41943064549108
      vertex 121 12.847759065022574 99.23463313526982
      vertex 121 12.913880671464417 99.41943064549108
    endloop
  endfacet
  facet normal 0 -0.9700312531945434 0.24298017990326629
    outer loop
      vertex 115 12.96157056080646 99.60981935596774
      vertex 121 12.913880671464417 99.41943064549108
      vertex 121 12.96157056080646 99.60981935596774
    endloop
  endfacet
  facet normal 0 -0.9891765099647806 0.1467304744553641
    outer loop
      vertex 115 12.990369453344394 99.80396571934088
      vertex 121 12.96157056080646 99.60981935596774
      vertex 121 12.990369453344394 99.80396571934088
    endloop
  endfacet
  facet normal 0 -0.9987954562051726 0.049067674327415635
    outer loop
      vertex 115 13 100
      vertex 121 12.990369453344394 99.80396571934088
      vertex 121 13 100
    endloop
  endfacet
  facet normal 0 -0.9987954562051726 -0.049067674327415635
    outer loop
      vertex 115 12.990369453344394 100.19603428065912
      vertex 121 13 100
      vertex 121 12.990369453344394 100.19603428065912
    endloop
  endfacet
  facet normal 0 -0.9891765099647806 -0.1467304744553641
    outer loop
      vertex 115 12.96157056080646 100.39018064403226
      vertex 121 12.990369453344394 100.19603428065912
      vertex 121 12.96157056080646 100.39018064403226
    endloop
  endfacet
  facet normal 0 -0.9700312531945434 -0.24298017990326629
    outer loop
      vertex 115 12.913880671464417 100.58056935450892
      vertex 121 12.96157056080646 100.39018064403226
      vertex 121 12.913880671464417 100.58056935450892
    endloop
  endfacet
  facet normal 0 -0.9039892931234329 -0.4275550934303038
    outer loop
      vertex 115 12.76384252869671 100.94279347365199
      vertex 121 12.847759065022574 100.76536686473018
      vertex 121 12.76384252869671 100.94279347365199
    endloop
  endfacet
  facet normal 0 -0.9415440651830247 -0.3368898533922096
    outer loop
      vertex 115 12.847759065022574 100.76536686473018
      vertex 121 12.913880671464417 100.58056935450892
      vertex 121 12.847759065022574 100.76536686473018
    endloop
  endfacet
  facet normal 0 0.14673047445537427 -0.989176509964779
    outer loop
      vertex 115 10.609819355967744 101.96157056080646
      vertex 121 10.803965719340878 101.9903694533444
      vertex 121 10.609819355967744 101.96157056080646
    endloop
  endfacet
  facet normal 0 0.0490676743273881 -0.998795456205174
    outer loop
      vertex 115 10.803965719340878 101.9903694533444
      vertex 121 11 102
      vertex 121 10.803965719340878 101.9903694533444
    endloop
  endfacet
  facet normal 0 -0.0490676743273881 -0.998795456205174
    outer loop
      vertex 115 11 102
      vertex 121 11.196034280659122 101.9903694533444
      vertex 121 11 102
    endloop
  endfacet
  facet normal 0 -0.14673047445537427 -0.989176509964779
    outer loop
      vertex 115 11.196034280659122 101.9903694533444
      vertex 121 11.390180644032256 101.96157056080646
      vertex 121 11.196034280659122 101.9903694533444
    endloop
  endfacet
  facet normal 0 -0.24298017990330883 -0.9700312531945326
    outer loop
      vertex 115 11.390180644032256 101.96157056080646
      vertex 121 11.580569354508924 101.91388067146441
      vertex 121 11.390180644032256 101.96157056080646
    endloop
  endfacet
  facet normal 0 -0.3368898533921993 -0.9415440651830282
    outer loop
      vertex 115 11.580569354508924 101.91388067146441
      vertex 121 11.76536686473018 101.84775906502257
      vertex 121 11.580569354508924 101.91388067146441
    endloop
  endfacet
  facet normal 0 -0.7409511253549662 -0.6715589548470104
    outer loop
      vertex 115 12.414213562373096 101.41421356237309
      vertex 121 12.546020906725474 101.26878656832729
      vertex 121 12.414213562373096 101.41421356237309
    endloop
  endfacet
  facet normal 0 -0.4275550934302607 -0.9039892931234534
    outer loop
      vertex 115 11.76536686473018 101.84775906502257
      vertex 121 11.942793473651996 101.76384252869671
      vertex 121 11.76536686473018 101.84775906502257
    endloop
  endfacet
  facet normal 0 -0.5141027441932117 -0.857728610000278
    outer loop
      vertex 115 11.942793473651996 101.76384252869671
      vertex 121 12.111140466039204 101.6629392246051
      vertex 121 11.942793473651996 101.76384252869671
    endloop
  endfacet
  facet normal 0 -0.5956993044924538 -0.8032075314806298
    outer loop
      vertex 115 12.111140466039204 101.6629392246051
      vertex 121 12.268786568327291 101.54602090672547
      vertex 121 12.111140466039204 101.6629392246051
    endloop
  endfacet
  facet normal 0 -0.6715589548470249 -0.7409511253549531
    outer loop
      vertex 115 12.268786568327291 101.54602090672547
      vertex 121 12.414213562373096 101.41421356237309
      vertex 121 12.268786568327291 101.54602090672547
    endloop
  endfacet
  facet normal 0 -0.8032075314806406 -0.595699304492439
    outer loop
      vertex 115 12.546020906725474 101.26878656832729
      vertex 121 12.66293922460509 101.1111404660392
      vertex 121 12.546020906725474 101.26878656832729
    endloop
  endfacet
  facet normal 0 -0.8577286100002773 -0.514102744193213
    outer loop
      vertex 115 12.66293922460509 101.1111404660392
      vertex 121 12.76384252869671 100.94279347365199
      vertex 121 12.66293922460509 101.1111404660392
    endloop
  endfacet
  facet normal 1 0 0
    outer loop
      vertex 128 7 83.55
      vertex 128 -7 83.55
      vertex 128 -7 79.55
    endloop
  endfacet
  facet normal 1 0 0
    outer loop
      vertex 128 -7 79.55
      vertex 128 7 79.55
      vertex 128 7 83.55
    endloop
  endfacet
  facet normal 0 1 0
    outer loop
      vertex 128 -7 83.55
      vertex 146 -7 79.55
      vertex 128 -7 79.55
    endloop
  endfacet
  facet normal 0 1 0
    outer loop
      vertex 128 -7 83.55
      vertex 146 -7 83.55
      vertex 146 -7 79.55
    endloop
  endfacet
  facet normal -1 0 0
    outer loop
      vertex 146 -7 79.55
      vertex 146 -7 83.55
      vertex 146 7 79.55
    endloop
  endfacet
  facet normal 0 -1 0
    outer loop
      vertex 146 7 83.55
      vertex 128 7 83.55
      vertex 128 7 79.55
    endloop
  endfacet
  facet normal 0 -1 0
    outer loop
      vertex 128 7 79.55
      vertex 146 7 79.55
      vertex 146 7 83.55
    endloop
  endfacet
  facet normal -1 0 0
    outer loop
      vertex 146 7 79.55
      vertex 146 -7 83.55
      vertex 146 7 83.55
    endloop
  endfacet
endsolid OpenSCAD_Model
